event_id,event_date,employee_id,cost_center_id,classification_group,classification_level,event_type,amount_local,local_currency,work_country_code,ingest_ts,source_system
EVT00063357,2023-08-17,EMP01243,CC0074,FI,4,Performance Pay,2993.36,GBP,GBR,2023-08-17 19:00:00,CORE_HR
EVT00063102,2023-08-13,EMP00146,CC0004,CR,5,Promotion,86401.45,CAD,CAN,2023-08-13 11:00:00,CORE_HR
EVT00062962,2023-08-14,EMP04921,CC0045,PA,3,Step Increment,85283.98,CAD,CA,2023-08-14 10:00:00,PAYROLL
EVT00062831,2023-08-04,EMP04182,CC0068,EN,5,Step Increment,176718.48,CAD,CAN,2023-08-04 18:00:00,CORE_HR
EVT00062010,2023-08-03,EMP04610,CC0108,IT,3,Leave Return,,AED,ARE,2023-08-04 13:00:00,CORE_HR
EVT00062240,2023-08-05,EMP04244,CC0062,IT,4,Lateral Deployment,,CAD,CAN,2023-08-06 03:00:00,CORE_HR
EVT00062761,2023-08-25,EMP00191,CC0095,AS,3,Lateral Deployment,,CAD,CA,2023-08-26 13:00:00,PAYROLL
EVT00063520,2023-08-25,EMP04626,CC0115,PA,1,Leave Return,,CAD,CA,2023-08-26 07:00:00,PAYROLL
EVT00063394,2023-08-18,EMP03996,CC0119,PA,2,Step Increment,78027.22,CAD,CAN,2023-08-19 08:00:00,CORE_HR
EVT00063274,2023-08-20,EMP00325,CC0043,IT,3,Performance Pay,9757.36,CAD,CA,2023-08-21 02:00:00,PAYROLL
EVT00062183,2023-08-26,EMP04547,CC0060,PA,1,Leave Return,,CAD,CA,2023-08-26 21:00:00,PAYROLL
EVT00062452,2023-08-08,EMP01490,CC0062,EN,2,Step Increment,106191.05,CAD,CAN,2023-08-09 10:00:00,CORE_HR
EVT00062803,2023-08-24,EMP01170,CC0088,PA,5,Leave Return,,GBP,GB,2023-08-24 15:00:00,PAYROLL
EVT00062795,2023-08-16,EMP03788,CC0105,PA,1,Hire,800678.01,MXN,MX,2023-08-16 14:00:00,PAYROLL
EVT00062723,2023-08-27,EMP01268,CC0065,EN,5,Hire,95775.28,SGD,SG,2023-08-27 20:00:00,PAYROLL
EVT00062772,2023-08-11,EMP00019,CC0058,IT,5,Departure,,CAD,CA,2023-08-11 21:00:00,PAYROLL
EVT00063440,2023-08-01,EMP01375,CC0109,CR,2,Leave Return,,CAD,CAN,2023-08-01 13:00:00,CORE_HR
EVT00062429,2023-08-22,EMP01641,CC0014,AS,1,Departure,,CAD,CA,2023-08-23 09:00:00,PAYROLL
EVT00063431,2023-08-20,EMP00650,CC0058,PA,5,Promotion,95284.35,CAD,CA,2023-08-21 11:00:00,PAYROLL
EVT00062456,2023-08-22,EMP03445,CC0046,PA,2,Step Increment,44270.68,EUR,FRA,2023-08-22 19:00:00,CORE_HR
EVT00063488,2023-08-08,EMP04410,CC0029,PA,1,Step Increment,51830.12,EUR,DE,2023-08-09 10:00:00,PAYROLL
EVT00062570,2023-08-08,EMP00655,CC0068,FI,1,Step Increment,74967.63,CAD,CA,2023-08-09 06:00:00,PAYROLL
EVT00062078,2023-08-03,EMP04375,CC0099,FI,1,Leave Return,,CAD,CAN,2023-08-04 05:00:00,CORE_HR
EVT00063069,2023-08-21,EMP02948,CC0018,AS,1,Hire,58495.63,CAD,CAN,2023-08-22 03:00:00,CORE_HR
EVT00061957,2023-08-14,EMP03070,CC0106,AS,2,Leave Start,,CAD,CAN,2023-08-14 23:00:00,CORE_HR
EVT00062084,2023-08-02,EMP05003,CC0076,FI,1,Performance Pay,5993.16,CAD,CA,2023-08-02 22:00:00,PAYROLL
EVT00062875,2023-08-26,EMP03423,CC0065,AS,3,Leave Return,,USD,USA,2023-08-26 09:00:00,CORE_HR
EVT00062219,2023-08-04,EMP00953,CC0068,PA,3,Lateral Deployment,,CAD,CA,2023-08-05 01:00:00,PAYROLL
EVT00063337,2023-08-07,EMP01484,CC0065,EX,1,Step Increment,259390.21,AUD,AU,2023-08-08 01:00:00,PAYROLL
EVT00062189,1900-01-01,EMP04889,CC0013,CR,1,Hire,52741.22,CAD,CAN,2023-08-23 11:00:00,CORE_HR
EVT00062649,2023-08-02,EMP00790,CC0027,IT,2,Leave Return,,CAD,CA,2023-08-02 17:00:00,PAYROLL
EVT00063549,2023-08-07,EMP02200,CC0029,EN,2,Departure,,EUR,FRA,2023-08-08 09:00:00,CORE_HR
EVT00062717,2023-08-05,EMP04494,CC0005,CR,4,Leave Return,,CAD,CAN,2023-08-05 10:00:00,CORE_HR
EVT00061916,2023-08-12,EMP05187,CC0026,EC,5,Leave Return,,CAD,CAN,2023-08-13 11:00:00,CORE_HR
EVT00063189,2023-08-14,EMP00526,CC0108,IT,1,Promotion,55718.69,GBP,GB,2023-08-15 08:00:00,PAYROLL
EVT00061979,2023-08-13,EMP00280,CC0043,IT,2,Performance Pay,8263.61,CAD,CAN,2023-08-14 03:00:00,CORE_HR
EVT00062664,2023-08-10,EMP00346,CC0046,FI,3,Leave Start,,USD,USA,2023-08-10 18:00:00,CORE_HR
EVT00062895,2023-08-01,EMP04991,CC0074,EC,5,Step Increment,509959.7,BRL,BR,2023-08-01 22:00:00,PAYROLL
EVT00063486,2023-08-07,EMP00532,CC0116,EC,3,Step Increment,79721.02,CAD,CAN,2023-08-08 02:00:00,CORE_HR
EVT00062184,2023-08-25,EMP00109,CC0065,EN,5,Performance Pay,6553.16,EUR,DEU,2023-08-25 08:00:00,CORE_HR
EVT00062188,2023-08-07,EMP03528,CC0103,FI,2,Step Increment,62677.89,CAD,CAN,2023-08-08 12:00:00,CORE_HR
EVT00063479,2023-08-27,EMP01187,CC0002,AS,3,Lateral Deployment,,CAD,CAN,2023-08-27 08:00:00,CORE_HR
EVT00063420,2023-08-08,EMP04394,CC0045,IT,1,Step Increment,90982.66,CAD,CAN,2023-08-09 02:00:00,CORE_HR
EVT00062983,2023-08-13,EMP04259,CC0020,PA,3,Step Increment,89618.01,CAD,CAN,2023-08-13 19:00:00,CORE_HR
EVT00062108,2023-08-16,EMP03550,CC0022,CR,2,Leave Start,,CAD,CAN,2023-08-16 12:00:00,CORE_HR
EVT00061962,2023-08-25,EMP00142,CC0078,FI,4,Step Increment,112957.37,CAD,CAN,2023-08-26 09:00:00,CORE_HR
EVT00062988,2023-08-24,EMP03767,CC0014,IT,3,Step Increment,114593.56,CAD,CA,2023-08-24 19:00:00,PAYROLL
EVT00063499,2023-08-14,EMP05020,CC0046,EN,2,Hire,384752.58,BRL,BR,2023-08-15 06:00:00,PAYROLL
EVT00063508,2023-08-03,EMP00501,CC0006,FI,1,Lateral Deployment,,CAD,CA,2023-08-03 15:00:00,PAYROLL
EVT00062410,2023-08-07,EMP03320,CC0048,EN,3,Hire,122760.64,CAD,CA,2023-08-07 07:00:00,PAYROLL
EVT00062033,2023-08-16,EMP03432,CC0039,AS,5,Step Increment,93827.94,CAD,CA,2023-08-17 05:00:00,PAYROLL
EVT00062906,2023-08-01,EMP01265,CC0005,AS,3,Performance Pay,5346.68,CAD,CAN,2023-08-01 22:00:00,CORE_HR
EVT00063197,2023-08-14,EMP01932,CC0116,IT,4,Lateral Deployment,,CAD,CAN,2023-08-18 07:00:00,CORE_HR
EVT00063262,2023-08-19,EMP03011,CC0081,FI,3,Hire,104184.5,CAD,CAN,2023-08-20 14:00:00,CORE_HR
EVT00063148,2023-08-01,EMP00395,CC0082,CR,1,Step Increment,58034.08,CAD,CAN,2023-08-01 14:00:00,CORE_HR
EVT00062517,2023-08-11,EMP00122,CC0113,CR,4,Lateral Deployment,,CAD,CAN,2023-08-12 01:00:00,CORE_HR
EVT00063466,2023-08-14,EMP01980,CC0003,EN,3,Step Increment,107771.55,CAD,CA,2023-08-15 11:00:00,PAYROLL
EVT00062171,2023-08-23,EMP04359,CC0086,EX,2,Hire,130642.05,EUR,FR,2023-08-23 12:00:00,PAYROLL
EVT00063568,2023-08-25,EMP03061,CC0031,EC,2,Leave Start,,JPY,JPN,2023-08-26 02:00:00,CORE_HR
EVT00061914,2023-08-07,EMP03034,CC0085,FI,1,Lateral Deployment,,CAD,CA,2023-08-07 07:00:00,PAYROLL
EVT00063014,2023-08-26,EMP02979,CC0007,FI,5,Performance Pay,6056.57,USD,USA,2023-08-27 03:00:00,CORE_HR
EVT00063489,2023-08-20,EMP01588,CC0041,EN,5,Step Increment,108644.11,CAD,CAN,2023-08-21 05:00:00,CORE_HR
EVT00063323,2023-08-27,EMP03235,CC0087,EC,3,Step Increment,93453.94,CAD,CA,2023-08-27 13:00:00,PAYROLL
EVT00062299,2023-08-16,EMP01313,CC0069,IT,1,Leave Return,,CAD,CA,2023-08-17 04:00:00,PAYROLL
EVT00062193,2023-08-12,EMP01406,CC0073,PA,3,Performance Pay,10284.5,CAD,CAN,2023-08-13 14:00:00,CORE_HR
EVT00063075,2023-08-23,EMP04998,CC0117,EN,3,Leave Start,,CAD,CAN,2023-08-23 16:00:00,CORE_HR
EVT00063331,2023-08-13,EMP01622,CC0107,AS,3,Leave Start,,CAD,CA,2023-08-13 19:00:00,PAYROLL
EVT00063514,2023-08-16,EMP04535,CC0017,PA,2,Leave Start,,CAD,CAN,2023-08-16 19:00:00,CORE_HR
EVT00062036,2023-08-23,EMP02606,CC0004,IT,3,Step Increment,109886.05,CAD,CAN,2023-08-24 06:00:00,CORE_HR
EVT00062104,2023-08-01,EMP04299,CC0046,EC,3,Promotion,63406.01,GBP,GB,2023-08-01 10:00:00,PAYROLL
EVT00063524,2023-08-01,EMP02175,CC0098,IT,2,Leave Return,,CAD,CAN,2023-08-01 16:00:00,CORE_HR
EVT00062020,2023-08-07,EMP02263,CC0023,CR,1,Hire,51515.37,CAD,CAN,2023-08-08 13:00:00,CORE_HR
EVT00063567,2023-08-27,EMP03185,CC0021,IT,4,Step Increment,115804.87,CAD,CAN,2023-08-27 11:00:00,CORE_HR
EVT00063020,2023-08-27,EMP00779,CC0104,EC,2,Performance Pay,8857.07,CAD,CA,2023-08-27 15:00:00,PAYROLL
EVT00062651,2023-08-01,EMP03976,CC0069,EX,1,Performance Pay,7781.11,CAD,CAN,2023-08-02 08:00:00,CORE_HR
EVT00062279,2023-08-08,EMP00558,CC0008,PA,1,Leave Start,,CAD,CAN,2023-08-09 02:00:00,CORE_HR
EVT00062447,2023-08-12,EMP00765,CC0113,AS,1,Performance Pay,2485.35,CAD,CA,2023-08-13 12:00:00,PAYROLL
EVT00062590,2023-08-16,EMP00071,CC0081,EX,2,Step Increment,173127.45,CAD,CA,2023-08-16 15:00:00,PAYROLL
EVT00062423,2023-08-18,EMP04628,CC0027,AS,2,Step Increment,71858.58,CAD,CAN,2023-08-18 11:00:00,CORE_HR
EVT00063467,2023-08-12,EMP01778,CC0042,CR,2,Step Increment,59903.15,CAD,CAN,2023-08-12 12:00:00,CORE_HR
EVT00063209,2023-08-13,EMP04542,CC0103,FI,2,Lateral Deployment,,CAD,CAN,2023-08-13 13:00:00,CORE_HR
EVT00063221,2023-08-16,EMP00158,CC0016,AS,5,Performance Pay,12199.36,CAD,CAN,2023-08-18 14:00:00,CORE_HR
EVT00063392,2023-08-20,EMP03651,CC0025,FI,4,Performance Pay,7133.9,CAD,CA,2023-08-22 08:00:00,PAYROLL
EVT00062721,2023-08-08,EMP02728,CC0079,PA,3,Performance Pay,10075.34,CAD,CAN,2023-08-09 12:00:00,CORE_HR
EVT00063090,2023-08-27,EMP04271,CC0032,IT,1,Promotion,82303.55,CAD,CAN,2023-08-27 14:00:00,CORE_HR
EVT00062785,2023-08-25,EMP05145,CC0108,FI,1,Leave Return,,KES,KE,2023-08-25 17:00:00,PAYROLL
EVT00061851,2023-08-07,EMP03282,CC0062,EX,3,Leave Return,,CAD,CAN,2023-08-08 08:00:00,CORE_HR
EVT00063158,2023-08-19,EMP04256,CC0074,EN,3,Leave Return,,GBP,GBR,2023-08-19 18:00:00,CORE_HR
EVT00061953,2023-08-02,EMP03325,CC0013,IT,4,Departure,,CAD,CAN,2023-08-03 01:00:00,CORE_HR
EVT00062684,2023-08-19,EMP00318,CC0037,AS,5,Step Increment,80677.97,CAD,CAN,2023-08-20 14:00:00,CORE_HR
EVT00063424,2023-08-08,EMP01104,CC0048,CR,3,Performance Pay,6762.06,CAD,CA,2023-08-08 16:00:00,PAYROLL
EVT00063281,2023-08-16,EMP03532,CC0031,IT,1,Lateral Deployment,,KES,KEN,2023-08-16 12:00:00,CORE_HR
EVT00062549,2023-08-06,EMP01922,CC0101,IT,2,Step Increment,91199.54,CAD,CAN,2023-08-07 05:00:00,CORE_HR
EVT00061989,2023-08-07,EMP02980,CC0093,CR,1,Leave Return,,CAD,CA,2023-08-07 14:00:00,PAYROLL
EVT00062620,2023-08-19,EMP00743,CC0026,FI,4,Departure,,CAD,CA,2023-08-20 01:00:00,PAYROLL
EVT00062792,2023-08-13,EMP03514,CC0092,AS,1,Departure,,CAD,CA,2023-08-14 06:00:00,PAYROLL
EVT00062008,2023-08-23,EMP05024,CC0070,PA,4,Leave Return,,CAD,CAN,2023-08-23 14:00:00,CORE_HR
EVT00062781,2023-08-07,EMP01550,CC0034,PA,1,Step Increment,63623.72,CAD,CAN,2023-08-07 13:00:00,CORE_HR
EVT00062777,2023-08-02,EMP02437,CC0024,EC,4,Step Increment,126041.33,CAD,CAN,2023-08-02 17:00:00,CORE_HR
EVT00061946,2023-08-05,EMP01883,CC0002,EC,2,Performance Pay,9104.75,CAD,CA,2023-08-06 04:00:00,PAYROLL
EVT00062243,2023-08-17,EMP03058,CC0098,AS,2,Lateral Deployment,,CAD,CAN,2023-08-18 10:00:00,CORE_HR
EVT00062624,2023-08-17,EMP01095,CC0017,PA,1,Leave Return,,CAD,CA,2023-08-17 12:00:00,PAYROLL
EVT00062391,2023-08-02,EMP03741,CC0083,PA,3,Step Increment,82462.27,CAD,CAN,2023-08-02 21:00:00,CORE_HR
EVT00062138,2023-08-23,EMP03113,CC0006,PA,2,Step Increment,73016.46,CAD,CAN,2023-08-24 14:00:00,CORE_HR
EVT00061981,2023-08-12,EMP03390,CC0063,EN,1,Promotion,84557.4,CAD,CAN,2023-08-13 15:00:00,CORE_HR
EVT00062474,2023-08-13,EMP00092,CC0070,EN,1,Lateral Deployment,,CAD,CAN,2023-08-13 08:00:00,CORE_HR
EVT00062950,2023-08-14,EMP00418,CC0045,AS,3,Hire,68648.04,CAD,CAN,2023-08-15 02:00:00,CORE_HR
EVT00063147,2023-08-18,EMP01561,CC0060,EC,5,Hire,132540.83,CAD,CA,2023-08-18 08:00:00,PAYROLL
EVT00062658,2023-08-03,EMP01986,CC0119,CR,1,Step Increment,58197.34,CAD,CA,2023-08-04 12:00:00,PAYROLL
EVT00063353,2023-08-09,EMP00591,CC0097,EC,5,Leave Return,,CAD,CA,2023-08-09 23:00:00,PAYROLL
EVT00063322,2023-08-22,EMP02253,CC0073,IT,4,Step Increment,129825.17,CAD,CAN,2023-08-22 06:00:00,CORE_HR
EVT00062239,2023-08-01,EMP04857,CC0001,AS,1,Leave Start,,CAD,CAN,2023-08-02 00:00:00,CORE_HR
EVT00062571,2023-08-05,EMP00012,CC0060,FI,3,Step Increment,103149.21,CAD,CAN,2023-08-05 13:00:00,CORE_HR
EVT00062584,2023-08-15,EMP03538,CC0099,PA,2,Step Increment,74534.93,CAD,CAN,2023-08-16 06:00:00,CORE_HR
EVT00061812,2023-08-20,EMP00319,CC0005,PA,2,Step Increment,67094.61,CAD,CAN,2023-08-20 10:00:00,CORE_HR
EVT00063366,2023-08-10,EMP00325,CC0043,IT,3,Leave Return,,CAD,CAN,2023-08-10 07:00:00,CORE_HR
EVT00063625,2023-08-02,EMP00645,CC0076,FI,2,Step Increment,86375.44,CAD,CAN,2023-08-03 08:00:00,CORE_HR
EVT00062791,2023-08-23,EMP02051,CC0083,FI,2,Performance Pay,11647.38,CAD,CAN,2023-08-23 21:00:00,CORE_HR
EVT00062619,2023-08-22,EMP00182,CC0066,EN,2,Performance Pay,4443.13,CAD,CAN,2023-08-22 10:00:00,CORE_HR
EVT00062211,2023-08-05,EMP00469,CC0036,PA,2,Departure,,CAD,CA,2023-08-05 12:00:00,PAYROLL
EVT00062984,2023-08-08,EMP02939,CC0094,CR,5,Step Increment,72316.51,CAD,CAN,2023-08-08 14:00:00,CORE_HR
EVT00063352,2023-08-24,EMP04959,CC0096,AS,4,Leave Start,,CAD,CA,2023-08-25 00:00:00,PAYROLL
EVT00062173,2023-08-26,EMP01687,CC0012,EX,1,Step Increment,158090.71,CAD,CA,2023-08-27 05:00:00,PAYROLL
EVT00062833,2023-08-11,EMP03373,CC0044,IT,2,Leave Start,,CAD,CA,2023-08-12 05:00:00,PAYROLL
EVT00063185,2023-08-27,EMP04392,CC0055,PA,5,Leave Start,,CAD,CA,2023-08-27 07:00:00,PAYROLL
EVT00062789,2023-08-09,EMP01591,CC0113,IT,1,Step Increment,97991.46,CAD,CAN,2023-08-09 08:00:00,CORE_HR
EVT00062642,2023-08-20,EMP01314,CC0061,PA,2,Leave Start,,CAD,CAN,2023-08-21 13:00:00,CORE_HR
EVT00062971,2023-08-20,EMP03524,CC0096,AS,1,Step Increment,53641.91,CAD,CA,2023-08-21 11:00:00,PAYROLL
EVT00062890,2023-08-12,EMP03091,CC0092,EN,1,Departure,,CAD,CAN,2023-08-13 01:00:00,CORE_HR
EVT00062521,2023-08-03,EMP03806,CC0016,IT,1,Promotion,86531.26,CAD,CA,2023-08-03 16:00:00,PAYROLL
EVT00061960,2023-08-06,EMP02449,CC0023,FI,2,Lateral Deployment,,CAD,CA,2023-08-07 05:00:00,PAYROLL
EVT00063598,2023-08-18,EMP03215,CC0069,AS,5,Lateral Deployment,,CAD,CAN,2023-08-18 20:00:00,CORE_HR
EVT00062275,2023-08-10,EMP04746,CC0070,EC,3,Performance Pay,12107.74,CAD,CA,2023-08-11 06:00:00,PAYROLL
EVT00062940,2023-08-13,EMP03200,CC0070,EN,1,Step Increment,78167.25,CAD,CA,2023-08-14 02:00:00,PAYROLL
EVT00061822,2023-08-10,EMP02304,CC0050,IT,1,Hire,91602.57,CAD,CAN,2023-08-11 01:00:00,CORE_HR
EVT00062539,2023-08-21,EMP03650,CC0052,PA,1,Leave Start,,CAD,CA,2023-08-22 14:00:00,PAYROLL
EVT00061928,2023-08-16,EMP04031,CC0018,AS,5,Leave Return,,CAD,CA,2023-08-17 22:00:00,PAYROLL
EVT00061939,2023-08-16,EMP03069,CC0018,IT,5,Promotion,147846.44,CAD,CAN,2023-08-16 16:00:00,CORE_HR
EVT00063047,2023-08-02,EMP03728,CC0014,CR,2,Promotion,63699.29,CAD,CA,2023-08-02 18:00:00,PAYROLL
EVT00062585,2023-08-21,EMP00303,CC0049,IT,5,Leave Start,,XXX,MX,2023-08-21 17:00:00,PAYROLL
EVT00062304,2023-08-14,EMP04856,CC0082,CR,1,Hire,48668.27,CAD,CAN,2023-08-14 20:00:00,CORE_HR
EVT00062799,2023-08-03,EMP03714,CC0020,IT,1,Step Increment,89499.76,CAD,CA,2023-08-03 07:00:00,PAYROLL
EVT00061829,2023-08-20,EMP00661,CC0012,PA,1,Step Increment,59273.84,CAD,CA,2023-08-22 10:00:00,PAYROLL
EVT00062861,2023-08-13,EMP03133,CC0024,FI,1,Step Increment,72771.75,CAD,CA,2023-08-13 15:00:00,PAYROLL
EVT00061954,2023-08-16,EMP01348,CC0054,AS,5,Hire,70131.27,EUR,FRA,2023-08-17 07:00:00,CORE_HR
EVT00063324,2023-08-25,EMP03085,CC0114,PA,1,Step Increment,61003.09,CAD,CA,2023-08-25 07:00:00,PAYROLL
EVT00062233,2023-08-23,EMP05053,CC0117,CR,1,Leave Return,,CAD,CAN,2023-08-24 04:00:00,CORE_HR
EVT00062769,2023-08-08,EMP00018,CC0073,PA,5,Performance Pay,6939.71,CAD,CA,2023-08-09 00:00:00,PAYROLL
EVT00062175,2023-08-07,EMP02728,CC0079,PA,3,Step Increment,87583.32,CAD,CAN,2023-08-07 08:00:00,CORE_HR
EVT00061920,2023-08-12,EMP01294,CC0086,CR,4,Leave Return,,USD,US,2023-08-12 07:00:00,PAYROLL
EVT00062488,2023-08-05,EMP01411,CC0026,FI,2,Performance Pay,3802.13,CAD,CA,2023-08-06 12:00:00,PAYROLL
EVT00062362,2023-08-07,EMP03466,CC0012,IT,5,Step Increment,130788.91,CAD,CA,2023-08-07 15:00:00,PAYROLL
EVT00063192,2023-08-02,EMP00616,CC0016,EC,5,Departure,,CAD,CAN,2023-08-03 07:00:00,CORE_HR
EVT00062598,2023-08-02,EMP01580,CC0041,EC,1,Hire,84309.64,CAD,CA,2023-08-02 17:00:00,PAYROLL
EVT00063278,2023-08-05,EMP01295,CC0082,AS,2,Step Increment,61113.88,CAD,CAN,2023-08-05 10:00:00,CORE_HR
EVT00062916,2023-08-08,EMP01626,CC0012,EC,2,Hire,88689.39,CAD,CA,2023-08-09 12:00:00,PAYROLL
EVT00062635,2023-08-19,EMP03051,CC0094,EN,2,Departure,,CAD,CAN,2023-08-20 11:00:00,CORE_HR
EVT00061919,2023-08-08,EMP03051,CC0094,EN,2,Lateral Deployment,,CAD,CA,2023-08-08 21:00:00,PAYROLL
EVT00062897,2023-08-15,EMP03575,CC0120,PA,2,Step Increment,68318.38,CAD,CAN,2023-08-16 14:00:00,CORE_HR
EVT00062041,2023-08-07,EMP03147,CC0074,EN,4,Step Increment,6195302.03,INR,IN,2023-08-09 16:00:00,PAYROLL
EVT00062463,2023-08-09,EMP03076,CC0015,FI,1,Leave Start,,CAD,CAN,2023-08-09 19:00:00,CORE_HR
EVT00062845,2023-08-22,EMP00298,CC0113,EX,1,Step Increment,126256.43,CAD,CAN,2023-08-22 17:00:00,CORE_HR
EVT00062572,2023-08-21,EMP03832,CC0045,PA,1,Step Increment,69591.87,CAD,CAN,2023-08-22 14:00:00,CORE_HR
EVT00063015,2023-08-16,EMP02901,CC0031,EN,1,Step Increment,1075825.56,MXN,MEX,2023-08-16 10:00:00,CORE_HR
EVT00063111,2023-08-27,EMP01894,CC0033,PA,5,Leave Return,,CAD,CAN,2023-08-27 12:00:00,CORE_HR
EVT00061806,2023-08-18,EMP03015,CC0110,EC,2,Performance Pay,5591.16,CAD,CAN,2023-08-19 07:00:00,CORE_HR
EVT00062972,2023-08-04,EMP04958,CC0094,IT,4,Lateral Deployment,,CAD,CAN,2023-08-04 16:00:00,CORE_HR
EVT00062586,2023-08-05,EMP03030,CC0069,FI,3,Leave Start,,CAD,CAN,2023-08-06 04:00:00,CORE_HR
EVT00063525,2023-08-18,EMP04731,CC0110,EX,1,Leave Return,,CAD,CAN,2023-08-19 12:00:00,CORE_HR
EVT00063295,2023-08-17,EMP02661,CC0062,AS,3,Step Increment,78375.01,CAD,CA,2023-08-17 12:00:00,PAYROLL
EVT00063562,2023-08-01,EMP02820,CC0018,AS,4,Step Increment,83606.41,CAD,CAN,2023-08-02 03:00:00,CORE_HR
EVT00061872,2023-08-04,EMP04064,CC0117,CR,1,Leave Start,,CAD,CA,2023-08-05 07:00:00,PAYROLL
EVT00063133,2023-08-06,EMP03398,CC0114,AS,4,Lateral Deployment,,CAD,CAN,2023-08-06 07:00:00,CORE_HR
EVT00061931,2023-08-07,EMP03540,CC0059,EC,1,Step Increment,75336.65,CAD,CA,2023-08-07 18:00:00,PAYROLL
EVT00062336,2023-08-23,EMP00657,CC0027,EC,5,Step Increment,125870.47,CAD,CAN,2023-08-24 15:00:00,CORE_HR
EVT00062519,2023-08-15,EMP03474,CC0048,AS,1,Step Increment,57811.5,CAD,CA,2023-08-16 12:00:00,PAYROLL
EVT00063553,2023-08-15,EMP03185,CC0021,IT,4,Leave Start,,CAD,CAN,2023-08-15 12:00:00,CORE_HR
EVT00063583,2023-08-24,EMP02768,CC0001,EN,3,Performance Pay,13351.49,CAD,CA,2023-08-25 04:00:00,PAYROLL
EVT00063492,2023-08-21,EMP01058,CC0035,IT,3,Departure,,CAD,CA,2023-08-21 07:00:00,PAYROLL
EVT00062481,2023-08-25,EMP01042,CC0015,EX,1,Step Increment,126999.79,CAD,CAN,2023-08-25 08:00:00,CORE_HR
EVT00062024,2023-08-07,EMP02798,CC0006,PA,2,Promotion,67796.75,XXX,CAN,2023-08-08 02:00:00,CORE_HR
EVT00061839,2023-08-25,EMP04617,CC0049,AS,3,Leave Start,,SGD,SG,2023-08-28 12:00:00,PAYROLL
EVT00062051,2023-08-06,EMP04650,CC0111,PA,4,Step Increment,89559.81,USD,US,2023-08-07 12:00:00,PAYROLL
EVT00062567,2023-08-26,EMP02017,CC0104,EC,1,Performance Pay,5748.63,CAD,CA,2023-08-26 17:00:00,PAYROLL
EVT00062396,2023-08-22,EMP01415,CC0035,EX,2,Step Increment,173213.42,CAD,CAN,2023-08-22 07:00:00,CORE_HR
EVT00063296,2023-08-22,EMP04862,CC0049,FI,1,Lateral Deployment,,JPY,JPN,2023-08-23 13:00:00,CORE_HR
EVT00063459,2023-08-26,EMP00973,CC0022,FI,1,Lateral Deployment,,CAD,CAN,2023-08-27 07:00:00,CORE_HR
EVT00063021,2023-08-17,EMP00541,CC0053,EX,2,Hire,158359.05,CAD,CAN,2023-08-17 19:00:00,CORE_HR
EVT00062383,2023-08-25,EMP02440,CC0118,CR,2,Performance Pay,2982.45,CAD,CA,2023-08-26 13:00:00,PAYROLL
EVT00063152,2023-08-08,EMP05131,CC0092,CR,2,Performance Pay,7547.25,CAD,CAN,2023-08-08 11:00:00,CORE_HR
EVT00062844,2023-08-13,EMP03088,CC0101,IT,2,Step Increment,97624.56,CAD,CAN,2023-08-13 11:00:00,CORE_HR
EVT00062501,2023-08-10,EMP03378,CC0019,AS,3,Lateral Deployment,,CAD,CA,2023-08-10 14:00:00,PAYROLL
EVT00062291,2023-08-26,EMP02486,CC0040,IT,1,Step Increment,88788.45,CAD,CAN,2023-08-27 15:00:00,CORE_HR
EVT00062002,2023-08-27,EMP02679,CC0063,EX,1,Step Increment,126705.05,CAD,CAN,2023-08-28 10:00:00,CORE_HR
EVT00063383,2023-08-19,EMP04030,CC0045,EN,4,Lateral Deployment,,CAD,CA,2023-08-19 11:00:00,PAYROLL
EVT00062071,1900-01-01,EMP03992,CC0011,CR,1,Step Increment,55598.8,CAD,CAN,2023-08-04 09:00:00,CORE_HR
EVT00062577,2023-08-16,EMP02664,CC0117,IT,1,Step Increment,90545.68,CAD,CAN,2023-08-16 06:00:00,CORE_HR
EVT00063282,2023-08-18,EMP00635,CC0079,EC,3,Leave Return,,CAD,CA,2023-08-19 04:00:00,PAYROLL
EVT00062217,2023-08-06,EMP00380,CC0058,CR,1,Step Increment,67352.48,CAD,CA,2023-08-06 18:00:00,PAYROLL
EVT00062547,2023-08-16,EMP04793,CC0001,AS,3,Step Increment,69720.71,CAD,CA,2023-08-17 11:00:00,PAYROLL
EVT00062156,2023-08-16,EMP03126,CC0074,EX,1,Step Increment,11107676.74,JPY,JP,2023-08-16 06:00:00,PAYROLL
EVT00063397,2023-08-19,EMP04616,CC0001,FI,4,Step Increment,114984.95,CAD,CA,2023-08-20 15:00:00,PAYROLL
EVT00063108,2023-08-22,EMP01788,CC0077,PA,2,Step Increment,72153.45,CAD,CAN,2023-08-23 09:00:00,CORE_HR
EVT00062015,2023-08-14,EMP03943,CC0110,PA,3,Performance Pay,11054.08,CAD,CAN,2023-08-14 11:00:00,CORE_HR
EVT00063471,2023-08-24,EMP03907,CC0011,EC,4,Promotion,110715.82,CAD,CA,2023-08-24 09:00:00,PAYROLL
EVT00063447,2023-08-08,EMP03893,CC0099,EX,2,Step Increment,155990.04,CAD,CAN,2023-08-09 04:00:00,CORE_HR
EVT00063283,2023-08-16,EMP02879,CC0083,AS,4,Step Increment,87447.8,CAD,CA,2023-08-17 09:00:00,PAYROLL
EVT00061821,2023-08-20,EMP00286,CC0007,EN,4,Promotion,13209069.36,JPY,JP,2023-08-20 19:00:00,PAYROLL
EVT00061958,2023-08-18,EMP00352,CC0048,FI,3,Leave Start,,CAD,CA,2023-08-18 13:00:00,PAYROLL
EVT00063031,2023-08-07,EMP02954,CC0094,AS,4,Leave Start,,CAD,CA,2023-08-07 10:00:00,PAYROLL
EVT00062160,2023-08-18,EMP01130,CC0108,EC,2,Step Increment,65043.88,USD,USA,2023-08-18 07:00:00,CORE_HR
EVT00062436,2023-08-10,EMP99999,CC0108,PA,1,Lateral Deployment,,KES,KEN,2023-08-11 02:00:00,CORE_HR
EVT00062754,2023-08-06,EMP01188,CC0075,AS,2,Performance Pay,2891.63,CAD,CAN,2023-08-06 08:00:00,CORE_HR
EVT00063380,2023-08-05,EMP01057,CC0013,IT,4,Hire,127880.85,CAD,CAN,2023-08-06 07:00:00,CORE_HR
EVT00063546,2023-08-24,EMP00551,CC0010,PA,2,Step Increment,88255.67,CAD,CA,2023-08-25 06:00:00,PAYROLL
EVT00062182,2023-08-07,EMP02825,CC0089,AS,1,Step Increment,60171.59,CAD,CAN,2023-08-07 17:00:00,CORE_HR
EVT00061927,2023-08-07,EMP01858,CC0116,EN,3,Step Increment,123357.16,CAD,CAN,2023-08-08 12:00:00,CORE_HR
EVT00063484,2023-08-15,EMP03502,CC0014,PA,2,Leave Return,,CAD,CAN,2023-08-15 16:00:00,CORE_HR
EVT00063377,2023-08-02,EMP04567,CC0006,EX,1,Leave Start,,CAD,CAN,2023-08-02 12:00:00,CORE_HR
EVT00062492,2023-08-22,EMP03431,CC0055,CR,2,Performance Pay,2596.2,CAD,CAN,2023-08-22 06:00:00,CORE_HR
EVT00061834,2023-08-22,EMP04257,CC0053,AS,2,Lateral Deployment,,CAD,CAN,2023-08-22 09:00:00,CORE_HR
EVT00063561,2023-08-21,EMP04458,CC0098,IT,1,Step Increment,86104.51,CAD,CAN,2023-08-22 11:00:00,CORE_HR
EVT00061940,2023-08-09,EMP03056,CC0041,EC,5,Step Increment,122687.2,CAD,CAN,2023-08-09 14:00:00,CORE_HR
EVT00063604,2023-08-09,EMP02746,CC0084,CR,4,Hire,71023.23,CAD,CAN,2023-08-09 12:00:00,CORE_HR
EVT00062525,2023-08-27,EMP01798,CC0002,EN,3,Lateral Deployment,,CAD,CA,2023-08-27 23:00:00,PAYROLL
EVT00063134,2023-08-12,EMP02114,CC0080,PA,4,Leave Return,,EUR,DEU,2023-08-12 09:00:00,CORE_HR
EVT00063449,2023-08-21,EMP01562,CC0046,CR,4,Lateral Deployment,,USD,US,2023-08-22 14:00:00,PAYROLL
EVT00062487,2023-08-14,EMP03593,CC0050,EX,1,Leave Return,,CAD,CAN,2023-08-15 10:00:00,CORE_HR
EVT00062225,2023-08-06,EMP02833,CC0105,IT,3,Step Increment,82548.36,EUR,DE,2023-08-06 09:00:00,PAYROLL
EVT00062884,2023-08-13,EMP00943,CC0101,EN,1,Leave Return,,CAD,CAN,2023-08-13 06:00:00,CORE_HR
EVT00063008,2023-08-17,EMP02924,CC0058,PA,2,Step Increment,68123.86,CAD,CAN,2023-08-17 20:00:00,CORE_HR
EVT00063267,2023-08-02,EMP04331,CC0089,AS,3,Step Increment,71996.74,CAD,CA,2023-08-03 05:00:00,PAYROLL
EVT00062675,2023-08-25,EMP02500,CC0007,FI,2,Performance Pay,222563.57,INR,IND,2023-08-25 17:00:00,CORE_HR
EVT00062718,2023-08-04,EMP00299,CC0090,PA,2,Step Increment,74135.91,CAD,CAN,2023-08-04 17:00:00,CORE_HR
EVT00061824,2023-08-07,EMP03795,CC0080,IT,2,Step Increment,71905.59,EUR,DEU,2023-08-07 14:00:00,CORE_HR
EVT00062732,2023-08-04,EMP01057,CC0013,IT,4,Step Increment,126969.81,CAD,CAN,2023-08-04 14:00:00,CORE_HR
EVT00062416,2023-08-26,EMP01559,CC0071,AS,3,Leave Start,,CAD,CAN,2023-08-26 16:00:00,CORE_HR
EVT00062213,2023-08-25,EMP05047,CC0045,CR,4,Lateral Deployment,,CAD,CAN,2023-08-26 11:00:00,CORE_HR
EVT00063232,2023-08-22,EMP03414,CC0093,IT,1,Step Increment,81195.14,CAD,CAN,2023-08-22 16:00:00,CORE_HR
EVT00062478,2023-08-23,EMP03806,CC0016,IT,1,Lateral Deployment,,CAD,CAN,2023-08-24 10:00:00,CORE_HR
EVT00063005,2023-08-08,EMP00822,CC0035,IT,3,Leave Start,,CAD,CAN,2023-08-08 20:00:00,CORE_HR
EVT00061869,2023-08-19,EMP00127,CC0047,PA,1,Promotion,59628.11,CAD,CAN,2023-08-20 00:00:00,CORE_HR
EVT00062098,2023-08-23,EMP03625,CC0062,IT,4,Lateral Deployment,,CAD,CAN,2023-08-23 14:00:00,CORE_HR
EVT00062681,2023-08-12,EMP03904,CC0039,IT,3,Step Increment,114948.92,CAD,CA,2023-08-13 10:00:00,PAYROLL
EVT00063390,2023-08-13,EMP03515,CC0071,PA,4,Step Increment,84948.35,CAD,CA,2023-08-14 01:00:00,PAYROLL
EVT00062448,2023-08-09,EMP04903,CC0117,PA,1,Promotion,68786.52,CAD,CA,2023-08-09 14:00:00,PAYROLL
EVT00062696,2023-08-26,EMP03016,CC0051,PA,2,Step Increment,67974.95,CAD,CAN,2023-08-26 22:00:00,CORE_HR
EVT00063271,2023-08-14,EMP00352,CC0048,FI,3,Leave Return,,CAD,CA,2023-08-14 16:00:00,PAYROLL
EVT00063137,2023-08-14,EMP02936,CC0030,FI,2,Leave Start,,EUR,DEU,2023-08-15 11:00:00,CORE_HR
EVT00062358,2023-08-11,EMP02752,CC0036,PA,3,Performance Pay,10308.44,CAD,CAN,2023-08-11 17:00:00,CORE_HR
EVT00061857,2023-08-04,EMP02483,CC0111,EX,2,Step Increment,457238.04,AED,AE,2023-08-05 05:00:00,PAYROLL
EVT00062532,2023-08-14,EMP01382,CC0054,EX,3,Performance Pay,215055.62,MXN,MEX,2023-08-15 10:00:00,CORE_HR
EVT00061827,2023-08-12,EMP01285,CC0083,EC,4,Step Increment,120476.12,CAD,CA,2023-08-12 07:00:00,PAYROLL
EVT00063519,2023-08-24,EMP01517,CC0052,FI,1,Leave Return,,CAD,CAN,2023-08-25 09:00:00,CORE_HR
EVT00062158,2023-08-16,EMP00627,CC0014,CR,3,Step Increment,60166.27,CAD,CAN,2023-08-16 07:00:00,CORE_HR
EVT00062037,2023-08-02,EMP03802,CC0119,AS,2,Leave Return,,CAD,CAN,2023-08-03 09:00:00,CORE_HR
EVT00062797,2023-08-26,EMP03449,CC0111,FI,2,Departure,,EUR,DE,2023-08-26 23:00:00,PAYROLL
EVT00062867,2023-08-03,EMP01085,CC0035,FI,4,Departure,,CAD,CA,2023-08-03 07:00:00,PAYROLL
EVT00062332,2023-08-27,EMP03211,CC0016,AS,1,Leave Return,,CAD,CAN,2023-08-27 09:00:00,CORE_HR
EVT00062246,2023-08-02,EMP01102,CC0036,CR,3,Lateral Deployment,,CAD,CAN,2023-08-03 03:00:00,CORE_HR
EVT00063346,2023-08-25,EMP02021,CC0043,AS,4,Step Increment,65490.89,CAD,CA,2023-08-25 08:00:00,PAYROLL
EVT00062413,2023-08-07,EMP03672,CC0052,AS,2,Leave Return,,CAD,CA,2023-08-08 06:00:00,PAYROLL
EVT00062979,2023-08-25,EMP01041,CC0079,CR,2,Step Increment,58558.26,CAD,CA,2023-08-26 01:00:00,PAYROLL
EVT00062203,2023-08-20,EMP03555,CC0038,PA,4,Departure,,CAD,CAN,2023-08-21 00:00:00,CORE_HR
EVT00063365,2023-08-06,EMP02889,CC0067,FI,4,Lateral Deployment,,CAD,CA,2023-08-06 11:00:00,PAYROLL
EVT00062462,2023-08-27,EMP04273,CC0099,EN,1,Leave Start,,CAD,CA,2023-08-27 12:00:00,PAYROLL
EVT00062886,2023-08-14,EMP01226,CC0047,EC,4,Departure,,CAD,CA,2023-08-15 06:00:00,PAYROLL
EVT00063407,2023-08-18,EMP00767,CC0089,CR,1,Lateral Deployment,,CAD,CA,2023-08-18 15:00:00,PAYROLL
EVT00062780,2023-08-23,EMP04110,CC0076,PA,4,Leave Return,,CAD,CA,2023-08-23 12:00:00,PAYROLL
EVT00062807,2023-08-08,EMP02103,CC0051,EX,2,Step Increment,147167.59,CAD,CA,2023-08-09 03:00:00,PAYROLL
EVT00061799,2023-08-03,EMP01938,CC0119,FI,3,Leave Return,,CAD,CA,2023-08-03 12:00:00,PAYROLL
EVT00062938,2023-08-13,EMP01059,CC0108,PA,1,Leave Return,,MXN,MEX,2023-08-14 14:00:00,CORE_HR
EVT00062851,2023-08-05,EMP04184,CC0005,FI,1,Step Increment,69778.01,CAD,CA,2023-08-06 11:00:00,PAYROLL
EVT00061968,2023-08-12,EMP03829,CC0084,EX,1,Performance Pay,16558.5,CAD,CAN,2023-08-12 23:00:00,CORE_HR
EVT00063402,2023-08-07,EMP00734,CC0069,EC,4,Leave Start,,CAD,CA,2023-08-07 17:00:00,PAYROLL
EVT00062202,2023-08-01,EMP01910,CC0102,EC,2,Leave Return,,CAD,CA,2023-08-01 11:00:00,PAYROLL
EVT00063287,2023-08-16,EMP04995,CC0017,CR,2,Step Increment,61875.25,CAD,CA,2023-08-17 11:00:00,PAYROLL
EVT00061995,2023-08-09,EMP00542,CC0117,EX,1,Departure,,CAD,CAN,2023-08-09 19:00:00,CORE_HR
EVT00062109,2023-08-12,EMP03214,CC0075,IT,2,Performance Pay,8514.71,CAD,CAN,2023-08-13 08:00:00,CORE_HR
EVT00063162,2023-08-20,EMP01413,CC0020,AS,2,Leave Start,,CAD,CAN,2023-08-20 13:00:00,CORE_HR
EVT00062968,2023-08-16,EMP03374,CC0047,CR,5,Performance Pay,3765.01,CAD,CAN,2023-08-17 08:00:00,CORE_HR
EVT00062670,2023-08-06,EMP00432,CC0027,EX,1,Lateral Deployment,,CAD,CA,2023-08-06 17:00:00,PAYROLL
EVT00063333,2023-08-20,EMP00254,CC0077,AS,5,Performance Pay,9471.08,CAD,CAN,2023-08-21 04:00:00,CORE_HR
EVT00061973,2023-08-15,EMP00169,CC0016,PA,1,Step Increment,64178.05,CAD,CA,2023-08-15 07:00:00,PAYROLL
EVT00063092,2023-08-04,EMP03869,CC0101,AS,1,Performance Pay,6055.38,CAD,CAN,2023-08-05 00:00:00,CORE_HR
EVT00063628,2023-08-16,EMP02772,CC0070,PA,2,Hire,69010.64,CAD,CAN,2023-08-17 07:00:00,CORE_HR
EVT00062017,2023-08-17,EMP03768,CC0049,FI,3,Hire,73525.82,EUR,DE,2023-08-17 09:00:00,PAYROLL
EVT00063002,2023-08-15,EMP01428,CC0111,EN,4,Step Increment,538283.37,BRL,BRA,2023-08-16 15:00:00,CORE_HR
EVT00061917,2023-08-03,EMP04975,CC0087,PA,1,Leave Return,,CAD,CAN,2023-08-03 08:00:00,CORE_HR
EVT00061898,2023-08-20,EMP03065,CC0111,IT,2,Performance Pay,2700.58,GBP,GB,2023-08-20 23:00:00,PAYROLL
EVT00063635,2023-08-17,EMP01253,CC0031,EC,1,Step Increment,7146879.03,JPY,JPN,2023-08-18 05:00:00,CORE_HR
EVT00062740,2023-08-20,EMP02006,CC0093,FI,4,Step Increment,99410.68,CAD,CA,2023-08-20 06:00:00,PAYROLL
EVT00062352,2023-08-12,EMP02381,CC0080,FI,2,Lateral Deployment,,BRL,BR,2023-08-12 18:00:00,PAYROLL
EVT00062759,2023-08-21,EMP00901,CC0021,FI,5,Leave Return,,CAD,CAN,2023-08-22 11:00:00,CORE_HR
EVT00062248,2023-08-19,EMP05185,CC0026,AS,2,Performance Pay,2868.44,CAD,CA,2023-08-20 05:00:00,PAYROLL
EVT00062900,2023-08-13,EMP02101,CC0008,EC,2,Leave Return,,CAD,CAN,2023-08-13 12:00:00,CORE_HR
EVT00062375,2023-08-07,EMP01534,CC0044,EN,4,Step Increment,139335.9,CAD,CA,2023-08-08 14:00:00,PAYROLL
EVT00063624,2023-08-06,EMP02396,CC0057,CR,2,Performance Pay,6482.37,CAD,CA,2023-08-06 07:00:00,PAYROLL
EVT00063018,2023-08-15,EMP02528,CC0007,AS,1,Step Increment,35560.39,EUR,FRA,2023-08-16 09:00:00,CORE_HR
EVT00063591,2023-08-22,EMP02865,CC0015,FI,2,Leave Return,,CAD,CA,2023-08-23 12:00:00,PAYROLL
EVT00062013,2023-08-13,EMP00878,CC0037,EX,1,Performance Pay,14049.57,CAD,CAN,2023-08-13 17:00:00,CORE_HR
EVT00063574,2023-08-15,EMP02221,CC0086,PA,3,Leave Start,,AED,AE,2023-08-16 00:00:00,PAYROLL
EVT00063411,2023-08-02,EMP00418,CC0045,AS,3,Lateral Deployment,,CAD,CA,2023-08-03 03:00:00,PAYROLL
EVT00063203,2023-08-21,EMP01761,CC0025,CR,3,Step Increment,50514.47,CAD,CAN,2023-08-21 20:00:00,CORE_HR
EVT00063647,2023-08-17,EMP00220,CC0085,PA,2,Lateral Deployment,,CAD,CA,2023-08-17 16:00:00,PAYROLL
EVT00063260,2023-08-21,EMP02199,CC0045,AS,2,Step Increment,66802.41,CAD,CAN,2023-08-22 03:00:00,CORE_HR
EVT00063469,2023-08-25,EMP01335,CC0080,FI,2,Lateral Deployment,,GBP,GBR,2023-08-25 06:00:00,CORE_HR
EVT00063225,2023-08-13,EMP04632,CC0011,EN,3,Leave Return,,CAD,CAN,2023-08-14 05:00:00,CORE_HR
EVT00063503,2023-08-18,EMP02325,CC0109,PA,3,Lateral Deployment,,CAD,CAN,2023-08-19 09:00:00,CORE_HR
EVT00062120,2023-08-23,EMP03319,CC0026,CR,3,Step Increment,65907.52,CAD,CAN,2023-08-23 18:00:00,CORE_HR
EVT00063270,2023-08-18,EMP01133,CC0049,AS,2,Step Increment,53884.87,EUR,FRA,2023-08-18 16:00:00,CORE_HR
EVT00062133,2023-08-19,EMP00687,CC0080,IT,4,Leave Return,,AED,ARE,2023-08-19 10:00:00,CORE_HR
EVT00062128,2023-08-17,EMP03112,CC0081,FI,1,Leave Start,,CAD,CAN,2023-08-17 22:00:00,CORE_HR
EVT00062192,2023-08-18,EMP02649,CC0028,EC,4,Departure,,CAD,CAN,2023-08-18 18:00:00,CORE_HR
EVT00062652,2023-08-08,EMP01766,CC0019,EN,3,Leave Start,,CAD,CAN,2023-08-08 17:00:00,CORE_HR
EVT00063210,2023-08-05,EMP02997,CC0085,FI,4,Step Increment,105156.74,CAD,CAN,2023-08-05 17:00:00,CORE_HR
EVT00063534,2023-08-10,EMP05163,CC0101,PA,1,Step Increment,62891.02,CAD,CAN,2023-08-11 06:00:00,CORE_HR
EVT00062925,2023-08-03,EMP01536,CC0082,EC,2,Step Increment,83619.3,CAD,CAN,2023-08-03 22:00:00,CORE_HR
EVT00063040,2023-08-09,EMP01231,CC0036,EX,1,Step Increment,150814.08,CAD,CA,2023-08-10 03:00:00,PAYROLL
EVT00062042,2023-08-24,EMP02178,CC0056,PA,1,Leave Return,,CAD,CAN,2023-08-24 22:00:00,CORE_HR
EVT00063421,2023-08-21,EMP00220,CC0085,PA,2,Step Increment,69471.47,CAD,CAN,2023-08-22 03:00:00,CORE_HR
EVT00061836,2023-08-26,EMP04109,CC0034,PA,1,Leave Return,,CAD,CA,2023-08-26 10:00:00,PAYROLL
EVT00062676,2023-08-12,EMP01152,CC0031,AS,4,Leave Start,,GBP,GB,2023-08-13 12:00:00,PAYROLL
EVT00063183,2023-08-13,EMP02191,CC0074,EX,2,Performance Pay,1512238.62,KES,KE,2023-08-13 08:00:00,PAYROLL
EVT00062123,2023-08-06,EMP03305,CC0111,PA,5,Step Increment,1375517.85,MXN,MEX,2023-08-07 13:00:00,CORE_HR
EVT00062458,2023-08-26,EMP03720,CC0032,EN,4,Hire,123927.08,CAD,CA,2023-08-26 09:00:00,PAYROLL
EVT00063279,2023-08-11,EMP03603,CC0050,EN,1,Performance Pay,8895.29,CAD,CAN,2023-08-12 08:00:00,CORE_HR
EVT00063097,2023-08-11,EMP04588,CC0072,EN,2,Step Increment,109274.08,CAD,CAN,2023-08-11 16:00:00,CORE_HR
EVT00063393,2023-08-23,EMP02634,CC0112,CR,2,Leave Return,,CAD,CAN,2023-08-23 16:00:00,CORE_HR
EVT00063612,2023-08-21,EMP03913,CC0120,IT,3,Performance Pay,11316.98,CAD,CAN,2023-08-21 19:00:00,CORE_HR
EVT00062733,2023-08-07,EMP02023,CC0018,CR,2,Leave Return,,CAD,CA,2023-08-07 09:00:00,PAYROLL
EVT00063125,2023-08-17,EMP03819,CC0036,EC,5,Step Increment,129855.19,CAD,CA,2023-08-18 08:00:00,PAYROLL
EVT00063618,2023-08-03,EMP02256,CC0036,PA,1,Lateral Deployment,,CAD,CAN,2023-08-03 15:00:00,CORE_HR
EVT00062622,2023-08-25,EMP02673,CC0039,EN,2,Performance Pay,9507.42,CAD,CAN,2023-08-25 14:00:00,CORE_HR
EVT00063064,2023-08-02,EMP00215,CC0061,IT,3,Leave Start,,CAD,CA,2023-08-03 03:00:00,PAYROLL
EVT00062808,2023-08-07,EMP02767,CC0102,IT,3,Step Increment,129952.96,CAD,CAN,2023-08-07 08:00:00,CORE_HR
EVT00062169,2023-08-23,EMP01935,CC0008,PA,2,Performance Pay,4616.83,CAD,CAN,2023-08-24 01:00:00,CORE_HR
EVT00062580,2023-08-05,EMP00995,CC0076,IT,2,Leave Start,,CAD,CA,2023-08-05 18:00:00,PAYROLL
EVT00063049,2023-08-20,EMP01373,CC0030,EC,1,Step Increment,221304.62,AED,AE,2023-08-22 11:00:00,PAYROLL
EVT00061961,2023-08-23,EMP01100,CC0090,PA,4,Lateral Deployment,,CAD,CAN,2023-08-24 10:00:00,CORE_HR
EVT00062538,2023-08-08,EMP04437,CC0071,EN,5,Step Increment,147956.73,CAD,CAN,2023-08-09 15:00:00,CORE_HR
EVT00062206,2023-08-10,EMP04056,CC0025,EC,3,Step Increment,85451.29,CAD,CAN,2023-08-11 14:00:00,CORE_HR
EVT00062272,2023-08-07,EMP03325,CC0013,IT,4,Leave Return,,CAD,CA,2023-08-07 17:00:00,PAYROLL
EVT00062214,2023-08-07,EMP00158,CC0016,AS,5,Hire,79941.22,CAD,CAN,2023-08-07 16:00:00,CORE_HR
EVT00063180,2023-08-27,EMP04668,CC0104,IT,5,Step Increment,103992.0,CAD,CAN,2023-08-28 06:00:00,CORE_HR
EVT00062644,2023-08-17,EMP03873,CC0015,EN,1,Hire,84137.64,CAD,CAN,2023-08-17 17:00:00,CORE_HR
EVT00062386,2023-08-04,EMP02326,CC0009,IT,1,Lateral Deployment,,INR,IND,2023-08-05 12:00:00,CORE_HR
EVT00063571,2023-08-18,EMP03027,CC0029,PA,1,Step Increment,5917697.11,JPY,JP,2023-08-19 04:00:00,PAYROLL
EVT00063301,2023-08-25,EMP01511,CC0079,PA,2,Departure,,CAD,CAN,2023-08-25 06:00:00,CORE_HR
EVT00062014,2023-08-21,EMP04092,CC0092,EN,3,Step Increment,102451.91,CAD,CA,2023-08-22 12:00:00,PAYROLL
EVT00061814,2023-08-07,EMP01411,CC0026,FI,2,Leave Return,,CAD,CA,2023-08-07 22:00:00,PAYROLL
EVT00062142,2023-08-12,EMP03782,CC0048,EX,1,Promotion,126934.72,CAD,CAN,2023-08-12 19:00:00,CORE_HR
EVT00062514,2023-08-18,EMP03014,CC0091,PA,3,Lateral Deployment,,CAD,CAN,2023-08-19 00:00:00,CORE_HR
EVT00063613,2023-08-03,EMP03051,CC0094,EN,2,Promotion,115320.15,CAD,CAN,2023-08-03 17:00:00,CORE_HR
EVT00061897,2023-08-04,EMP02724,CC0066,EN,1,Performance Pay,10990.99,CAD,CAN,2023-08-05 15:00:00,CORE_HR
EVT00063597,2023-08-11,EMP02113,CC0015,EN,2,Lateral Deployment,,CAD,CA,2023-08-11 23:00:00,PAYROLL
EVT00062029,2023-08-25,EMP02277,CC0098,FI,3,Departure,,CAD,CA,2023-08-26 11:00:00,PAYROLL
EVT00061879,2023-08-26,EMP03284,CC0092,EN,3,Lateral Deployment,,CAD,CAN,2023-08-27 06:00:00,CORE_HR
EVT00062529,2023-08-17,EMP01120,CC0026,EC,4,Performance Pay,13242.6,CAD,CA,2023-08-17 11:00:00,PAYROLL
EVT00062680,2023-08-07,EMP00348,CC0113,AS,2,Performance Pay,3187.21,CAD,CAN,2023-08-07 18:00:00,CORE_HR
EVT00062232,2023-08-24,EMP02440,CC0118,CR,2,Step Increment,57962.4,CAD,CA,2023-08-25 10:00:00,PAYROLL
EVT00062174,2023-08-01,EMP01118,CC0061,EC,1,Step Increment,76146.5,CAD,CA,2023-08-01 13:00:00,PAYROLL
EVT00061896,2023-08-12,EMP00837,CC0008,PA,4,Leave Return,,CAD,CAN,2023-08-12 08:00:00,CORE_HR
EVT00062379,2023-08-08,EMP00290,CC0021,EX,1,Departure,,CAD,CAN,2023-08-08 08:00:00,CORE_HR
EVT00063190,2023-08-27,EMP01699,CC0042,PA,4,Leave Return,,CAD,CAN,2023-08-27 18:00:00,CORE_HR
EVT00062351,2023-08-24,EMP05000,CC0031,IT,5,Leave Return,,BRL,BRA,2023-08-24 13:00:00,CORE_HR
EVT00062298,2023-08-17,EMP03178,CC0003,PA,1,Step Increment,66308.48,CAD,CA,2023-08-18 15:00:00,PAYROLL
EVT00062473,2023-08-05,EMP00683,CC0098,EN,2,Step Increment,82921.51,CAD,CA,2023-08-05 18:00:00,PAYROLL
EVT00062373,2023-08-08,EMP02150,CC0076,CR,2,Leave Return,,CAD,CAN,2023-08-09 13:00:00,CORE_HR
EVT00063605,2023-08-07,EMP03393,CC0081,EX,2,Step Increment,156602.97,CAD,CAN,2023-08-07 12:00:00,CORE_HR
EVT00062075,2023-08-14,EMP05020,CC0046,EN,2,Leave Start,,AUD,AU,2023-08-15 05:00:00,PAYROLL
EVT00063639,2023-08-17,EMP00248,CC0032,EN,4,Performance Pay,12314.15,CAD,CA,2023-08-18 09:00:00,PAYROLL
EVT00063610,2023-08-12,EMP01438,CC0111,CR,3,Leave Return,,SGD,SG,2023-08-13 04:00:00,PAYROLL
EVT00063387,2023-08-06,EMP00156,CC0011,IT,3,Step Increment,117109.69,CAD,CA,2023-08-07 09:00:00,PAYROLL
EVT00063379,2023-08-15,EMP00559,CC0034,FI,4,Leave Start,,CAD,CAN,2023-08-15 12:00:00,CORE_HR
EVT00061945,1900-01-01,EMP01332,CC0072,EC,1,Step Increment,63055.24,CAD,CA,2023-08-19 23:00:00,PAYROLL
EVT00061881,2023-08-06,EMP02117,CC0080,EX,1,Leave Return,,EUR,DE,2023-08-07 03:00:00,PAYROLL
EVT00062918,2023-08-04,EMP03749,CC0096,EN,1,Promotion,73291.69,CAD,CA,2023-08-04 09:00:00,PAYROLL
EVT00063290,2023-08-01,EMP01060,CC0042,CR,2,Step Increment,59056.98,CAD,CAN,2023-08-02 06:00:00,CORE_HR
EVT00061975,2023-08-22,EMP04779,CC0082,CR,3,Step Increment,67835.59,CAD,CA,2023-08-23 05:00:00,PAYROLL
EVT00062333,2023-08-24,EMP01158,CC0021,EX,1,Hire,137171.4,CAD,CA,2023-08-25 05:00:00,PAYROLL
EVT00063284,2023-08-15,EMP03607,CC0064,AS,5,Step Increment,81578.95,CAD,CA,2023-08-16 10:00:00,PAYROLL
EVT00063130,2023-08-20,EMP00300,CC0058,PA,3,Leave Return,,CAD,CA,2023-08-21 02:00:00,PAYROLL
EVT00063523,2023-08-25,EMP03432,CC0039,AS,5,Leave Return,,CAD,CAN,2023-08-25 10:00:00,CORE_HR
EVT00062434,2023-08-12,EMP01793,CC0114,EN,1,Step Increment,90631.37,CAD,CA,2023-08-13 13:00:00,PAYROLL
EVT00062763,2023-08-13,EMP04317,CC0081,EC,5,Departure,,CAD,CAN,2023-08-14 00:00:00,CORE_HR
EVT00062388,2023-08-27,EMP03595,CC0049,EN,1,Hire,261005.25,AED,ARE,2023-08-28 11:00:00,CORE_HR
EVT00062255,2023-08-26,EMP00294,CC0111,IT,2,Performance Pay,6568.58,EUR,DE,2023-08-27 11:00:00,PAYROLL
EVT00062392,2023-08-27,EMP04335,CC0109,PA,1,Performance Pay,2590.45,CAD,CA,2023-08-27 08:00:00,PAYROLL
EVT00063249,2023-08-24,EMP03008,CC0095,PA,4,Step Increment,89739.34,CAD,CA,2023-08-25 00:00:00,PAYROLL
EVT00063256,2023-08-16,EMP04655,CC0073,IT,1,Performance Pay,4707.22,CAD,CA,2023-08-17 08:00:00,PAYROLL
EVT00062132,2023-08-03,EMP02497,CC0106,EN,3,Step Increment,105984.45,CAD,CAN,2023-08-04 00:00:00,CORE_HR
EVT00062588,2023-08-07,EMP02340,CC0105,EX,3,Lateral Deployment,,AED,ARE,2023-08-08 07:00:00,CORE_HR
EVT00062740,2023-08-20,EMP02006,CC0093,FI,4,Step Increment,99410.68,CAD,CA,2023-08-21 18:00:00,PAYROLL
EVT00063268,2023-08-20,EMP03362,CC0005,AS,3,Step Increment,-60887.4,CAD,CA,2023-08-20 22:00:00,PAYROLL
EVT00061842,2023-08-19,EMP05153,CC0120,CR,2,Leave Start,,CAD,CA,2023-08-19 19:00:00,PAYROLL
EVT00061955,2023-08-25,EMP00817,CC0058,AS,5,Step Increment,93161.15,CAD,CA,2023-08-25 08:00:00,PAYROLL
EVT00062110,2023-08-16,EMP01726,CC0050,IT,2,Step Increment,100423.11,CAD,CAN,2023-08-16 18:00:00,CORE_HR
EVT00061837,2023-08-13,EMP00574,CC0072,EC,2,Step Increment,114243.86,CAD,CAN,2023-08-14 09:00:00,CORE_HR
EVT00062841,2023-08-14,EMP03102,CC0090,IT,5,Leave Return,,CAD,CA,2023-08-15 02:00:00,PAYROLL
EVT00063013,2023-08-10,EMP04224,CC0006,PA,2,Step Increment,74582.94,CAD,CA,2023-08-11 20:00:00,PAYROLL
EVT00063063,2023-08-23,EMP04777,CC0056,CR,3,Lateral Deployment,,CAD,CAN,2023-08-24 13:00:00,CORE_HR
EVT00062920,2023-08-22,EMP03252,CC0072,AS,3,Step Increment,68655.48,CAD,CAN,2023-08-23 07:00:00,CORE_HR
EVT00063080,2023-08-01,EMP01172,CC0083,EN,1,Departure,,CAD,CA,2023-08-01 20:00:00,PAYROLL
EVT00063363,2023-08-04,EMP01866,CC0092,IT,1,Departure,,CAD,CAN,2023-08-04 17:00:00,CORE_HR
EVT00062066,2023-08-18,EMP04118,CC0011,FI,1,Step Increment,74167.62,CAD,CA,2023-08-19 04:00:00,PAYROLL
EVT00061903,2023-08-07,EMP02943,CC0107,IT,2,Step Increment,99423.04,CAD,CA,2023-08-07 11:00:00,PAYROLL
EVT00062445,2023-08-27,EMP04773,CC0049,FI,4,Step Increment,92423.79,USD,US,2023-08-28 13:00:00,PAYROLL
EVT00063060,2023-08-04,EMP04625,CC0022,PA,3,Step Increment,80937.37,CAD,CAN,2023-08-05 12:00:00,CORE_HR
EVT00063229,2023-08-19,EMP04438,CC0001,EN,1,Step Increment,62666.71,CAD,CAN,2023-08-19 17:00:00,CORE_HR
EVT00063542,2023-08-23,EMP04800,CC0038,EC,1,Step Increment,81033.9,CAD,CAN,2023-08-24 04:00:00,CORE_HR
EVT00062256,2023-08-15,EMP02091,CC0069,PA,3,Leave Start,,CAD,CA,2023-08-15 09:00:00,PAYROLL
EVT00061956,2023-08-09,EMP03593,CC0050,EX,1,Step Increment,144467.07,CAD,CAN,2023-08-10 12:00:00,CORE_HR
EVT00063403,2023-08-21,EMP04432,CC0104,FI,2,Step Increment,82509.65,CAD,CA,2023-08-21 16:00:00,PAYROLL
EVT00061941,2023-08-01,EMP00055,CC0068,IT,1,Leave Return,,CAD,CAN,2023-08-02 04:00:00,CORE_HR
EVT00063545,2023-08-01,EMP04173,CC0072,PA,3,Step Increment,79617.35,CAD,CAN,2023-08-02 08:00:00,CORE_HR
EVT00063197,2023-08-14,EMP01932,CC0116,IT,4,Lateral Deployment,,CAD,CAN,2023-08-15 14:00:00,CORE_HR
EVT00062028,2023-08-26,EMP01646,CC0068,CR,1,Hire,48348.16,CAD,CAN,2023-08-27 10:00:00,CORE_HR
EVT00063472,2023-08-21,EMP01790,CC0037,IT,2,Lateral Deployment,,CAD,CA,2023-08-22 06:00:00,PAYROLL
EVT00062701,2023-08-10,EMP03440,CC0036,PA,2,Promotion,-68511.21,CAD,CAN,2023-08-11 07:00:00,CORE_HR
EVT00062364,2023-08-26,EMP00840,CC0099,CR,2,Hire,55798.28,CAD,CA,2023-08-26 13:00:00,PAYROLL
EVT00062059,2023-08-27,EMP04211,CC0113,AS,2,Leave Start,,CAD,CAN,2023-08-27 11:00:00,CORE_HR
EVT00062069,2023-08-09,EMP00019,CC0058,IT,5,Step Increment,145311.23,CAD,CAN,2023-08-10 01:00:00,CORE_HR
EVT00061895,2023-08-22,EMP02971,CC0017,IT,2,Performance Pay,10573.88,CAD,CAN,2023-08-23 01:00:00,CORE_HR
EVT00062380,2023-08-05,EMP01640,CC0082,PA,2,Leave Return,,CAD,CA,2023-08-06 02:00:00,PAYROLL
EVT00063010,2023-08-05,EMP03642,CC0037,EC,1,Leave Start,,CAD,CA,2023-08-06 06:00:00,PAYROLL
EVT00062508,2023-08-23,EMP04984,CC0017,AS,4,Step Increment,83034.7,CAD,CAN,2023-08-23 20:00:00,CORE_HR
EVT00062058,2023-08-25,EMP02136,CC0096,PA,1,Step Increment,62783.24,CAD,CA,2023-08-25 14:00:00,PAYROLL
EVT00062480,2023-08-22,EMP01333,CC0119,EC,4,Lateral Deployment,,CAD,CA,2023-08-22 09:00:00,PAYROLL
EVT00062023,2023-08-16,EMP03812,CC0113,EX,1,Hire,127336.52,CAD,CAN,2023-08-17 03:00:00,CORE_HR
EVT00061993,2023-08-17,EMP03777,CC0105,IT,1,Leave Start,,USD,USA,2023-08-17 07:00:00,CORE_HR
EVT00062140,2023-08-24,EMP02541,CC0114,EN,2,Step Increment,94164.64,CAD,CA,2023-08-25 06:00:00,PAYROLL
EVT00062537,2023-08-13,EMP02621,CC0118,AS,5,Step Increment,80938.09,CAD,CAN,2023-08-14 05:00:00,CORE_HR
EVT00062655,2023-08-20,EMP04376,CC0093,CR,2,Step Increment,62073.03,CAD,CA,2023-08-21 02:00:00,PAYROLL
EVT00062032,2023-08-08,EMP00438,CC0108,EX,1,Lateral Deployment,,GBP,GB,2023-08-08 20:00:00,PAYROLL
EVT00062144,2023-08-16,EMP02686,CC0117,CR,4,Step Increment,79788.19,CAD,CAN,2023-08-17 00:00:00,CORE_HR
EVT00062061,2023-08-19,EMP03332,CC0076,EX,3,Lateral Deployment,,CAD,CAN,2023-08-20 01:00:00,CORE_HR
EVT00062922,2023-08-27,EMP05145,CC0108,FI,1,Performance Pay,724079.36,JPY,JPN,2023-08-28 10:00:00,CORE_HR
EVT00062986,2023-08-07,EMP01033,CC0039,EN,4,Hire,146975.44,CAD,CA,2023-08-08 09:00:00,PAYROLL
EVT00062457,2023-08-03,EMP03312,CC0066,IT,1,Performance Pay,6045.5,CAD,CAN,2023-08-04 00:00:00,CORE_HR
EVT00062817,2023-08-13,EMP04620,CC0003,EN,2,Promotion,76311.51,CAD,CA,2023-08-13 22:00:00,PAYROLL
EVT00062464,2023-08-01,EMP03485,CC0011,IT,1,Leave Return,,CAD,CAN,2023-08-02 15:00:00,CORE_HR
EVT00062563,2023-08-21,EMP01410,CC0053,FI,4,Step Increment,119516.7,CAD,CAN,2023-08-21 08:00:00,CORE_HR
EVT00061810,2023-08-23,EMP03131,CC0102,CR,5,Performance Pay,4393.75,CAD,CA,2023-08-23 21:00:00,PAYROLL
EVT00061983,2023-08-01,EMP00503,CC0085,PA,4,Performance Pay,7022.91,CAD,CA,2023-08-02 07:00:00,PAYROLL
EVT00063266,2023-08-04,EMP02806,CC0080,EX,1,Step Increment,385423.81,AED,AE,2023-08-05 02:00:00,PAYROLL
EVT00062811,2023-08-01,EMP02693,CC0011,PA,3,Promotion,76322.13,CAD,CAN,2023-08-01 19:00:00,CORE_HR
EVT00063620,2023-08-22,EMP00784,CC0098,IT,4,Departure,,XXX,CAN,2023-08-23 14:00:00,CORE_HR
EVT00063526,2023-08-08,EMP02622,CC0019,PA,1,Departure,,CAD,CA,2023-08-08 16:00:00,PAYROLL
EVT00062991,2023-08-07,EMP03662,CC0058,CR,1,Leave Start,,CAD,CA,2023-08-08 03:00:00,PAYROLL
EVT00063062,2023-08-16,EMP00547,CC0118,EX,1,Performance Pay,17841.63,CAD,CA,2023-08-16 14:00:00,PAYROLL
EVT00063150,2023-08-27,EMP02432,CC0034,IT,3,Promotion,104553.85,CAD,CA,2023-08-28 15:00:00,PAYROLL
EVT00062124,2023-08-20,EMP00657,CC0027,EC,5,Leave Start,,CAD,CAN,2023-08-20 17:00:00,CORE_HR
EVT00061915,2023-08-21,EMP04677,CC0023,PA,2,Lateral Deployment,,CAD,CAN,2023-08-21 18:00:00,CORE_HR
EVT00063468,2023-08-18,EMP00977,CC0104,EN,2,Step Increment,94078.9,CAD,CAN,2023-08-18 06:00:00,CORE_HR
EVT00062161,2023-08-03,EMP04603,CC0070,IT,2,Leave Return,,CAD,CA,2023-08-03 18:00:00,PAYROLL
EVT00063376,2023-08-02,EMP04406,CC0009,IT,2,Step Increment,1026681.54,MXN,MEX,2023-08-02 15:00:00,CORE_HR
EVT00062341,2023-08-25,EMP01681,CC0051,PA,5,Leave Start,,CAD,CA,2023-08-26 15:00:00,PAYROLL
EVT00061833,2023-08-15,EMP00140,CC0083,CR,5,Leave Start,,CAD,CAN,2023-08-15 08:00:00,CORE_HR
EVT00062199,2023-08-06,EMP03224,CC0113,EX,3,Performance Pay,18761.22,CAD,CA,2023-08-06 06:00:00,PAYROLL
EVT00062645,2023-08-17,EMP03927,CC0053,AS,3,Departure,,CAD,CAN,2023-08-17 11:00:00,CORE_HR
EVT00062180,2023-08-02,EMP03105,CC0002,PA,1,Promotion,60246.87,CAD,CA,2023-08-02 19:00:00,PAYROLL
EVT00062695,2023-08-03,EMP01779,CC0020,EN,2,Step Increment,108355.4,CAD,CAN,2023-08-03 19:00:00,CORE_HR
EVT00063022,2023-08-26,EMP04289,CC0026,AS,1,Step Increment,58625.89,CAD,CAN,2023-08-26 19:00:00,CORE_HR
EVT00062625,2023-08-16,EMP04043,CC0039,PA,1,Hire,63084.83,CAD,CAN,2023-08-16 09:00:00,CORE_HR
EVT00063248,2023-08-04,EMP04863,CC0051,EN,1,Leave Start,,CAD,CAN,2023-08-04 09:00:00,CORE_HR
EVT00062370,2023-08-07,EMP03628,CC0027,EX,2,Step Increment,151746.33,CAD,CAN,2023-08-07 13:00:00,CORE_HR
EVT00061991,2023-08-09,EMP04472,CC0100,CR,3,Step Increment,61945.16,CAD,CAN,2023-08-10 14:00:00,CORE_HR
EVT00062003,2023-08-03,EMP02061,CC0001,FI,5,Leave Start,,CAD,CA,2023-08-07 01:00:00,PAYROLL
EVT00062690,2023-08-11,EMP01943,CC0058,EN,2,Hire,90999.38,CAD,CAN,2023-08-12 07:00:00,CORE_HR
EVT00061944,2023-08-27,EMP00146,CC0004,CR,5,Departure,,CAD,CAN,2023-08-27 20:00:00,CORE_HR
EVT00063217,2023-08-22,EMP04647,CC0045,EX,2,Leave Return,,CAD,CAN,2023-08-22 10:00:00,CORE_HR
EVT00063457,2023-08-05,EMP04986,CC0049,EN,1,Performance Pay,12762.5,AED,AE,2023-08-05 06:00:00,PAYROLL
EVT00063226,2023-08-11,EMP00527,CC0112,IT,3,Lateral Deployment,,CAD,CAN,2023-08-12 02:00:00,CORE_HR
EVT00062936,2023-08-05,EMP03621,CC0099,CR,3,Lateral Deployment,,CAD,CA,2023-08-08 19:00:00,PAYROLL
EVT00063579,2023-08-26,EMP01017,CC0104,PA,4,Leave Start,,CAD,CA,2023-08-26 22:00:00,PAYROLL
EVT00063143,2023-08-16,EMP00387,CC0052,PA,2,Leave Start,,CAD,CAN,2023-08-17 15:00:00,CORE_HR
EVT00062634,2023-08-16,EMP02989,CC0070,AS,5,Lateral Deployment,,CAD,CAN,2023-08-17 00:00:00,CORE_HR
EVT00062674,2023-08-01,EMP00754,CC0079,EX,1,Leave Start,,CAD,CAN,2023-08-01 19:00:00,CORE_HR
EVT00063373,2023-08-21,EMP05123,CC0069,IT,2,Step Increment,95131.07,CAD,CA,2023-08-22 06:00:00,PAYROLL
EVT00062524,2023-08-17,EMP01614,CC0107,EC,4,Hire,108410.48,CAD,CA,2023-08-18 04:00:00,PAYROLL
EVT00062394,2023-08-16,EMP01823,CC0075,FI,1,Step Increment,77298.08,CAD,CA,2023-08-16 14:00:00,PAYROLL
EVT00062618,2023-08-09,EMP00381,CC0048,EX,2,Leave Return,,CAD,CAN,2023-08-12 05:00:00,CORE_HR
EVT00063370,2023-08-17,EMP03562,CC0009,PA,5,Step Increment,409054.18,BRL,BRA,2023-08-18 02:00:00,CORE_HR
EVT00063163,2023-08-20,EMP00242,CC0048,IT,1,Performance Pay,5958.66,CAD,CAN,2023-08-20 14:00:00,CORE_HR
EVT00062007,2023-08-13,EMP03810,CC0038,FI,4,Step Increment,109204.89,CAD,CA,2023-08-13 07:00:00,PAYROLL
EVT00062816,2023-08-03,EMP00748,CC0101,PA,1,Step Increment,70521.51,CAD,CAN,2023-08-03 17:00:00,CORE_HR
EVT00062201,2023-08-14,EMP01820,CC0086,EC,3,Step Increment,10120198.49,JPY,JPN,2023-08-14 11:00:00,CORE_HR
EVT00063318,2023-08-08,EMP00531,CC0017,AS,2,Step Increment,69961.66,CAD,CAN,2023-08-09 03:00:00,CORE_HR
EVT00062614,2023-08-17,EMP00472,CC0031,FI,2,Departure,,GBP,GB,2023-08-18 05:00:00,PAYROLL
EVT00062741,2023-08-06,EMP04660,CC0011,CR,3,Step Increment,69336.09,CAD,CA,2023-08-06 16:00:00,PAYROLL
EVT00063541,2023-08-06,EMP04750,CC0066,EN,4,Step Increment,118180.56,CAD,CA,2023-08-06 23:00:00,PAYROLL
EVT00063188,2023-08-09,EMP00102,CC0049,EC,3,Promotion,379312.35,AED,ARE,2023-08-09 12:00:00,CORE_HR
EVT00062618,2023-08-09,EMP00381,CC0048,EX,2,Leave Return,,CAD,CAN,2023-08-10 10:00:00,CORE_HR
EVT00062860,2023-08-20,EMP05138,CC0013,IT,3,Leave Return,,CAD,CAN,2023-08-20 06:00:00,CORE_HR
EVT00062687,2023-08-16,EMP02682,CC0018,EN,1,Step Increment,92011.7,CAD,CA,2023-08-16 12:00:00,PAYROLL
EVT00063042,2023-08-17,EMP01353,CC0105,EX,2,Leave Start,,MXN,MX,2023-08-17 14:00:00,PAYROLL
EVT00062484,2023-08-19,EMP04292,CC0115,EX,1,Step Increment,135273.29,CAD,CA,2023-08-19 13:00:00,PAYROLL
EVT00062915,2023-08-13,EMP01755,CC0047,PA,4,Step Increment,101580.19,CAD,CAN,2023-08-14 02:00:00,CORE_HR
EVT00062542,2023-08-03,EMP01398,CC0019,FI,1,Performance Pay,5440.83,CAD,CAN,2023-08-04 05:00:00,CORE_HR
EVT00062399,2023-08-16,EMP01633,CC0115,EC,2,Leave Return,,CAD,CAN,2023-08-17 08:00:00,CORE_HR
EVT00062329,2023-08-25,EMP01705,CC0018,PA,3,Step Increment,83898.68,CAD,CA,2023-08-25 18:00:00,PAYROLL
EVT00063214,2023-08-02,EMP03505,CC0072,AS,2,Leave Return,,CAD,CA,2023-08-03 05:00:00,PAYROLL
EVT00062881,2023-08-23,EMP00882,CC0007,EX,2,Step Increment,350532.03,AED,AE,2023-08-24 00:00:00,PAYROLL
EVT00063053,2023-08-02,EMP05182,CC0049,AS,4,Step Increment,61055.77,USD,USA,2023-08-03 00:00:00,CORE_HR
EVT00062510,2023-08-14,EMP01778,CC0042,CR,2,Promotion,57408.94,CAD,CA,2023-08-14 19:00:00,PAYROLL
EVT00062716,2023-08-12,EMP00318,CC0037,AS,5,Step Increment,85634.77,CAD,CAN,2023-08-12 22:00:00,CORE_HR
EVT00062003,2023-08-03,EMP02061,CC0001,FI,5,Leave Start,,CAD,CA,2023-08-04 15:00:00,PAYROLL
EVT00062310,1900-01-01,EMP01705,CC0018,PA,3,Step Increment,89771.53,CAD,CAN,2023-08-24 11:00:00,CORE_HR
EVT00062959,2023-08-04,EMP02474,CC0110,IT,2,Departure,,CAD,CA,2023-08-04 23:00:00,PAYROLL
EVT00062826,2023-08-21,EMP03807,CC0031,AS,2,Hire,44935.24,SGD,SGP,2023-08-21 20:00:00,CORE_HR
EVT00063565,2023-08-12,EMP04385,CC0111,AS,1,Step Increment,4443031.74,JPY,JPN,2023-08-13 00:00:00,CORE_HR
EVT00061848,2023-08-02,EMP01561,CC0060,EC,5,Promotion,128398.31,CAD,CAN,2023-08-03 09:00:00,CORE_HR
EVT00062944,2023-08-01,EMP01798,CC0002,EN,3,Step Increment,117656.34,CAD,CAN,2023-08-02 05:00:00,CORE_HR
EVT00062101,2023-08-01,EMP02282,CC0035,EN,3,Promotion,110123.78,CAD,CA,2023-08-01 14:00:00,PAYROLL
EVT00062324,2023-08-03,EMP03361,CC0113,EC,4,Lateral Deployment,,CAD,CA,2023-08-03 21:00:00,PAYROLL
EVT00061974,2023-08-01,EMP03387,CC0117,EC,2,Leave Start,,CAD,CAN,2023-08-02 00:00:00,CORE_HR
EVT00062269,2023-08-17,EMP00691,CC0101,PA,2,Promotion,54281.55,CAD,CAN,2023-08-17 08:00:00,CORE_HR
EVT00063439,2023-08-11,EMP01834,CC0054,PA,4,Leave Start,,SGD,SGP,2023-08-11 12:00:00,CORE_HR
EVT00062315,2023-08-22,EMP03305,CC0111,PA,5,Performance Pay,24343.1,AED,AE,2023-08-23 13:00:00,PAYROLL
EVT00062974,2023-08-02,EMP00742,CC0014,AS,2,Performance Pay,6991.37,CAD,CA,2023-08-03 13:00:00,PAYROLL
EVT00062000,2023-08-09,EMP04185,CC0020,AS,3,Performance Pay,8363.19,CAD,CA,2023-08-10 06:00:00,PAYROLL
EVT00062889,2023-08-21,EMP01332,CC0072,EC,1,Step Increment,80578.71,CAD,CAN,2023-08-21 20:00:00,CORE_HR
EVT00062883,2023-08-06,EMP01826,CC0064,IT,1,Performance Pay,5171.71,CAD,CAN,2023-08-07 15:00:00,CORE_HR
EVT00063512,2023-08-26,EMP04374,CC0095,FI,2,Step Increment,80097.05,CAD,CA,2023-08-26 23:00:00,PAYROLL
EVT00063406,2023-08-11,EMP00836,CC0118,AS,1,Step Increment,60619.82,CAD,CAN,2023-08-11 13:00:00,CORE_HR
EVT00062359,2023-08-18,EMP03354,CC0013,FI,1,Hire,78554.3,CAD,CAN,2023-08-18 13:00:00,CORE_HR
EVT00062348,2023-08-15,EMP04599,CC0113,CR,4,Departure,,CAD,CAN,2023-08-16 08:00:00,CORE_HR
EVT00063426,2023-08-21,EMP02032,CC0089,EC,3,Performance Pay,12526.08,CAD,CAN,2023-08-21 17:00:00,CORE_HR
EVT00063649,2023-08-27,EMP00273,CC0003,PA,1,Promotion,61786.48,CAD,CA,2023-08-27 07:00:00,PAYROLL
EVT00063300,2023-08-16,EMP03002,CC0012,IT,2,Step Increment,80727.8,CAD,CAN,2023-08-16 09:00:00,CORE_HR
EVT00062560,2023-08-08,EMP01539,CC0006,CR,3,Step Increment,64189.85,CAD,CA,2023-08-08 10:00:00,PAYROLL
EVT00063586,2023-08-01,EMP00346,CC0046,FI,3,Leave Return,,MXN,MEX,2023-08-02 13:00:00,CORE_HR
EVT00063126,2023-08-24,EMP01180,CC0063,EX,1,Leave Return,,CAD,CAN,2023-08-25 01:00:00,CORE_HR
EVT00063644,2023-08-03,EMP00004,CC0101,EC,3,Lateral Deployment,,CAD,CA,2023-08-04 12:00:00,PAYROLL
EVT00063128,2023-08-16,EMP02315,CC0060,EN,1,Lateral Deployment,,CAD,CA,2023-08-16 15:00:00,PAYROLL
EVT00063461,2023-08-22,EMP04575,CC0050,IT,3,Leave Return,,CAD,CAN,2023-08-22 17:00:00,CORE_HR
EVT00063456,2023-08-27,EMP03557,CC0009,PA,2,Leave Start,,AUD,AUS,2023-08-27 07:00:00,CORE_HR
EVT00062244,2023-08-19,EMP00377,CC0039,PA,5,Leave Return,,CAD,CA,2023-08-19 19:00:00,PAYROLL
EVT00061876,2023-08-24,EMP01415,CC0035,EX,2,Promotion,148336.46,CAD,CAN,2023-08-24 19:00:00,CORE_HR
EVT00063034,2023-08-08,EMP00642,CC0081,EC,1,Performance Pay,6179.29,CAD,CAN,2023-08-09 12:00:00,CORE_HR
EVT00061994,2023-08-24,EMP01575,CC0054,CR,2,Departure,,SGD,SGP,2023-08-25 01:00:00,CORE_HR
EVT00062937,2023-08-23,EMP05178,CC0038,PA,2,Step Increment,74643.1,CAD,CAN,2023-08-24 04:00:00,CORE_HR
EVT00061965,2023-08-11,EMP04652,CC0044,PA,1,Promotion,58144.08,CAD,CAN,2023-08-12 08:00:00,CORE_HR
EVT00062969,2023-08-02,EMP02210,CC0043,EC,1,Step Increment,75631.97,CAD,CAN,2023-08-02 20:00:00,CORE_HR
EVT00062068,2023-08-07,EMP00926,CC0007,CR,1,Departure,,JPY,JP,2023-08-08 09:00:00,PAYROLL
EVT00062893,2023-08-06,EMP04764,CC0022,EC,1,Leave Start,,CAD,CAN,2023-08-07 08:00:00,CORE_HR
EVT00063160,2023-08-10,EMP01583,CC0070,IT,1,Performance Pay,4371.52,CAD,CAN,2023-08-11 03:00:00,CORE_HR
EVT00062612,2023-08-11,EMP04382,CC0119,IT,4,Step Increment,120663.31,CAD,CAN,2023-08-11 15:00:00,CORE_HR
EVT00062149,2023-08-22,EMP00045,CC0002,CR,2,Step Increment,48182.65,CAD,CAN,2023-08-23 11:00:00,CORE_HR
EVT00063037,2023-08-17,EMP03980,CC0012,EC,2,Performance Pay,5696.56,CAD,CAN,2023-08-18 04:00:00,CORE_HR
EVT00063572,2023-08-18,EMP01336,CC0002,AS,1,Step Increment,61461.58,CAD,CA,2023-08-18 14:00:00,PAYROLL
EVT00062360,2023-08-15,EMP04718,CC0115,CR,1,Leave Return,,CAD,CAN,2023-08-15 18:00:00,CORE_HR
EVT00062420,2023-08-24,EMP01200,CC0089,PA,1,Performance Pay,8413.93,CAD,CA,2023-08-24 07:00:00,PAYROLL
EVT00063386,2023-08-24,EMP00023,CC0075,FI,2,Leave Start,,CAD,CAN,2023-08-27 21:00:00,CORE_HR
EVT00063588,2023-08-21,EMP02279,CC0093,EX,1,Step Increment,138165.49,CAD,CAN,2023-08-21 07:00:00,CORE_HR
EVT00063096,2023-08-16,EMP03733,CC0003,CR,1,Step Increment,52266.15,CAD,CA,2023-08-16 13:00:00,PAYROLL
EVT00062230,2023-08-24,EMP00111,CC0089,AS,4,Step Increment,63904.41,CAD,CA,2023-08-25 06:00:00,PAYROLL
EVT00062209,2023-08-09,EMP02001,CC0006,CR,1,Leave Start,,CAD,CA,2023-08-09 10:00:00,PAYROLL
EVT00062966,2023-08-11,EMP01523,CC0066,IT,3,Departure,,CAD,CA,2023-08-12 04:00:00,PAYROLL
EVT00062931,2023-08-07,EMP00795,CC0054,CR,3,Leave Start,,SGD,SG,2023-08-08 01:00:00,PAYROLL
EVT00062438,2023-08-01,EMP03922,CC0071,EN,2,Leave Start,,CAD,CA,2023-08-02 14:00:00,PAYROLL
EVT00063272,2023-08-19,EMP05181,CC0102,EN,1,Leave Start,,CAD,CA,2023-08-19 16:00:00,PAYROLL
EVT00063101,2023-08-14,EMP04111,CC0064,CR,1,Leave Start,,CAD,CA,2023-08-14 16:00:00,PAYROLL
EVT00063485,2023-08-21,EMP00644,CC0019,CR,3,Lateral Deployment,,CAD,CA,2023-08-21 17:00:00,PAYROLL
EVT00063330,2023-08-13,EMP03248,CC0088,IT,3,Step Increment,6987976.75,INR,IND,2023-08-14 05:00:00,CORE_HR
EVT00063537,2023-08-07,EMP00185,CC0111,IT,2,Promotion,5827555.61,INR,IND,2023-08-07 16:00:00,CORE_HR
EVT00062784,2023-08-07,EMP03700,CC0057,PA,1,Leave Return,,CAD,CAN,2023-08-07 09:00:00,CORE_HR
EVT00063298,1900-01-01,EMP00001,CC0062,CR,1,Hire,57152.27,CAD,CAN,2023-08-06 14:00:00,CORE_HR
EVT00063156,2023-08-16,EMP04480,CC0092,PA,4,Leave Start,,CAD,CAN,2023-08-16 08:00:00,CORE_HR
EVT00063361,2023-08-24,EMP03586,CC0028,PA,2,Hire,71680.1,CAD,CA,2023-08-25 08:00:00,PAYROLL
EVT00062812,2023-08-26,EMP03968,CC0014,PA,3,Leave Return,,CAD,CAN,2023-08-26 06:00:00,CORE_HR
EVT00063236,2023-08-16,EMP03933,CC0029,AS,4,Step Increment,9357714.35,KES,KEN,2023-08-17 01:00:00,CORE_HR
EVT00063386,2023-08-24,EMP00023,CC0075,FI,2,Leave Start,,CAD,CAN,2023-08-25 08:00:00,CORE_HR
EVT00063341,2023-08-27,EMP03217,CC0076,FI,4,Step Increment,100455.76,CAD,CA,2023-08-28 12:00:00,PAYROLL
EVT00062776,2023-08-19,EMP00314,CC0083,PA,3,Step Increment,89928.22,CAD,CAN,2023-08-19 16:00:00,CORE_HR
EVT00062195,2023-08-05,EMP00631,CC0015,AS,1,Leave Return,,CAD,CA,2023-08-05 09:00:00,PAYROLL
EVT00062154,2023-08-01,EMP01445,CC0093,PA,4,Step Increment,91770.76,CAD,CA,2023-08-02 06:00:00,PAYROLL
EVT00062143,2023-08-16,EMP04731,CC0110,EX,1,Performance Pay,17511.32,CAD,CAN,2023-08-17 00:00:00,CORE_HR
EVT00062703,2023-08-11,EMP00164,CC0045,IT,4,Performance Pay,8167.91,CAD,CAN,2023-08-11 15:00:00,CORE_HR
EVT00062430,2023-08-27,EMP00215,CC0061,IT,3,Step Increment,117089.41,CAD,CA,2023-08-28 08:00:00,PAYROLL
EVT00061804,2023-08-07,EMP04970,CC0008,CR,2,Leave Start,,CAD,CAN,2023-08-08 08:00:00,CORE_HR
EVT00062909,2023-08-12,EMP03137,CC0051,EC,3,Step Increment,93709.54,CAD,CAN,2023-08-13 03:00:00,CORE_HR
EVT00061911,2023-08-02,EMP00266,CC0115,EN,1,Leave Start,,CAD,CAN,2023-08-03 08:00:00,CORE_HR
EVT00062467,2023-08-25,EMP04538,CC0038,PA,2,Leave Return,,CAD,CAN,2023-08-26 06:00:00,CORE_HR
EVT00063554,2023-08-22,EMP03461,CC0084,AS,1,Leave Start,,CAD,CA,2023-08-22 15:00:00,PAYROLL
EVT00062330,2023-08-17,EMP02909,CC0078,IT,2,Departure,,CAD,CAN,2023-08-17 18:00:00,CORE_HR
EVT00063419,2023-08-27,EMP03972,CC0076,EX,2,Hire,155146.5,CAD,CAN,2023-08-27 13:00:00,CORE_HR
EVT00062990,2023-08-20,EMP02539,CC0074,EC,1,Step Increment,51964.92,EUR,FRA,2023-08-21 07:00:00,CORE_HR
EVT00063091,2023-08-12,EMP01696,CC0054,PA,3,Lateral Deployment,,KES,KEN,2023-08-13 08:00:00,CORE_HR
EVT00062427,2023-08-04,EMP02960,CC0072,AS,1,Leave Start,,CAD,CA,2023-08-04 12:00:00,PAYROLL
EVT00062607,2023-08-12,EMP02558,CC0069,EC,4,Hire,114686.25,CAD,CAN,2023-08-13 10:00:00,CORE_HR
EVT00062295,2023-08-22,EMP01132,CC0001,PA,2,Step Increment,78206.75,CAD,CA,2023-08-22 12:00:00,PAYROLL
EVT00061862,2023-08-10,EMP04722,CC0005,IT,1,Step Increment,87279.11,CAD,CAN,2023-08-10 17:00:00,CORE_HR
EVT00062406,2023-08-07,EMP02444,CC0035,AS,1,Hire,68989.77,CAD,CAN,2023-08-07 20:00:00,CORE_HR
EVT00062928,2023-08-22,EMP02030,CC0104,PA,1,Performance Pay,5064.22,CAD,CAN,2023-08-23 02:00:00,CORE_HR
EVT00062518,2023-08-20,EMP02418,CC0037,CR,1,Step Increment,49968.22,CAD,CAN,2023-08-20 13:00:00,CORE_HR
EVT00063510,2023-08-24,EMP03751,CC0044,IT,1,Leave Return,,CAD,CAN,2023-08-25 03:00:00,CORE_HR
EVT00062343,2023-08-19,EMP01896,CC0119,IT,2,Performance Pay,12846.3,CAD,CA,2023-08-19 06:00:00,PAYROLL
EVT00061844,2023-08-11,EMP04629,CC0024,FI,2,Hire,79250.38,CAD,CAN,2023-08-11 06:00:00,CORE_HR
EVT00062556,2023-08-04,EMP01482,CC0029,CR,1,Step Increment,44920.47,USD,US,2023-08-04 07:00:00,PAYROLL
EVT00063219,2023-08-07,EMP00609,CC0056,FI,3,Performance Pay,4599.18,CAD,CA,2023-08-07 17:00:00,PAYROLL
EVT00061823,2023-08-03,EMP04583,CC0074,FI,1,Leave Return,,MXN,MX,2023-08-04 01:00:00,PAYROLL
EVT00062749,2023-08-05,EMP04232,CC0048,AS,1,Leave Start,,CAD,CA,2023-08-06 14:00:00,PAYROLL
EVT00063213,2023-08-06,EMP02980,CC0093,CR,1,Step Increment,48878.5,CAD,CAN,2023-08-07 10:00:00,CORE_HR
EVT00062917,2023-08-09,EMP04130,CC0058,EC,3,Step Increment,93247.6,CAD,CAN,2023-08-09 08:00:00,CORE_HR
EVT00063319,2023-08-13,EMP00345,CC0091,IT,2,Leave Return,,CAD,CAN,2023-08-14 09:00:00,CORE_HR
EVT00062450,2023-08-04,EMP01291,CC0063,IT,4,Lateral Deployment,,CAD,CA,2023-08-04 08:00:00,PAYROLL
EVT00063560,2023-08-17,EMP03483,CC0001,EX,3,Lateral Deployment,,CAD,CA,2023-08-17 23:00:00,PAYROLL
EVT00061868,2023-08-17,EMP01027,CC0044,AS,4,Hire,82052.53,CAD,CA,2023-08-17 20:00:00,PAYROLL
EVT00062809,2023-08-24,EMP01375,CC0109,CR,2,Leave Start,,CAD,CA,2023-08-25 06:00:00,PAYROLL
EVT00062832,2023-08-11,EMP00869,CC0031,IT,4,Lateral Deployment,,AED,ARE,2023-08-11 07:00:00,CORE_HR
EVT00062210,2023-08-11,EMP01107,CC0047,AS,5,Step Increment,88864.12,CAD,CAN,2023-08-11 17:00:00,CORE_HR
EVT00063399,2023-08-27,EMP00065,CC0092,EX,2,Hire,124603.12,CAD,CAN,2023-08-28 15:00:00,CORE_HR
EVT00062528,2023-08-05,EMP03277,CC0060,IT,1,Performance Pay,6606.96,CAD,CAN,2023-08-05 07:00:00,CORE_HR
EVT00063409,2023-08-20,EMP04347,CC0096,CR,4,Performance Pay,8826.75,CAD,CAN,2023-08-21 11:00:00,CORE_HR
EVT00062468,2023-08-20,EMP04754,CC0017,CR,3,Hire,67171.89,CAD,CAN,2023-08-21 07:00:00,CORE_HR
EVT00062739,2023-08-02,EMP00769,CC0118,EN,1,Promotion,78796.76,CAD,CAN,2023-08-03 09:00:00,CORE_HR
EVT00062322,2023-08-02,EMP00525,CC0098,AS,1,Leave Start,,CAD,CA,2023-08-02 22:00:00,PAYROLL
EVT00063211,2023-08-06,EMP00588,CC0024,CR,5,Step Increment,79205.19,CAD,CAN,2023-08-07 15:00:00,CORE_HR
EVT00063474,2023-08-17,EMP02544,CC0030,AS,4,Step Increment,6639678.38,JPY,JPN,2023-08-18 03:00:00,CORE_HR
EVT00063434,2023-08-04,EMP04076,CC0102,CR,2,Performance Pay,3459.72,CAD,CAN,2023-08-05 01:00:00,CORE_HR
EVT00063374,2023-08-18,EMP03243,CC0007,IT,3,Step Increment,68624.24,GBP,GBR,2023-08-18 14:00:00,CORE_HR
EVT00062371,2023-08-09,EMP00787,CC0029,CR,5,Lateral Deployment,,AED,ARE,2023-08-10 01:00:00,CORE_HR
EVT00062327,2023-08-12,EMP02697,CC0079,IT,1,Leave Return,,CAD,CA,2023-08-13 00:00:00,PAYROLL
EVT00063004,2023-08-22,EMP02190,CC0080,PA,4,Performance Pay,7687.96,USD,US,2023-08-22 08:00:00,PAYROLL
EVT00063000,2023-08-09,EMP04557,CC0102,PA,4,Step Increment,98250.71,CAD,CAN,2023-08-10 05:00:00,CORE_HR
EVT00063641,2023-08-13,EMP01005,CC0102,PA,1,Step Increment,68586.16,CAD,CAN,2023-08-13 20:00:00,CORE_HR
EVT00063024,2023-08-08,EMP02873,CC0003,PA,1,Step Increment,58424.02,CAD,CAN,2023-08-09 07:00:00,CORE_HR
EVT00063640,2023-08-03,EMP03228,CC0061,IT,1,Step Increment,79065.12,CAD,CA,2023-08-03 19:00:00,PAYROLL
EVT00062858,2023-08-13,EMP03819,CC0036,EC,5,Promotion,118927.27,CAD,CA,2023-08-13 10:00:00,PAYROLL
EVT00062911,2023-08-01,EMP03110,CC0112,FI,3,Leave Start,,CAD,CAN,2023-08-01 14:00:00,CORE_HR
EVT00061908,2023-08-03,EMP05083,CC0101,CR,3,Leave Start,,CAD,CAN,2023-08-03 13:00:00,CORE_HR
EVT00061909,2023-08-25,EMP02609,CC0005,PA,2,Step Increment,71110.44,CAD,CAN,2023-08-25 16:00:00,CORE_HR
EVT00061873,2023-08-22,EMP03042,CC0097,AS,4,Step Increment,82590.73,CAD,CAN,2023-08-23 01:00:00,CORE_HR
EVT00063563,2023-08-03,EMP03784,CC0031,EC,2,Step Increment,1005214.26,MXN,MEX,2023-08-04 14:00:00,CORE_HR
EVT00062948,2023-08-11,EMP02259,CC0033,PA,2,Step Increment,71381.14,CAD,CA,2023-08-11 20:00:00,PAYROLL
EVT00062794,2023-08-11,EMP00733,CC0091,PA,4,Leave Start,,CAD,CAN,2023-08-11 20:00:00,CORE_HR
EVT00062874,2023-08-11,EMP04844,CC0094,AS,1,Step Increment,53836.36,CAD,CAN,2023-08-11 17:00:00,CORE_HR
EVT00062490,2023-08-03,EMP05167,CC0001,IT,4,Leave Return,,XXX,CAN,2023-08-03 06:00:00,CORE_HR
EVT00063527,2023-08-12,EMP03294,CC0055,EN,4,Performance Pay,13258.8,CAD,CAN,2023-08-12 23:00:00,CORE_HR
EVT00062326,2023-08-01,EMP01239,CC0035,PA,4,Step Increment,88401.12,CAD,CA,2023-08-02 12:00:00,PAYROLL
EVT00062639,2023-08-21,EMP04244,CC0062,IT,4,Leave Start,,CAD,CAN,2023-08-21 09:00:00,CORE_HR
EVT00062516,2023-08-19,EMP02781,CC0053,PA,1,Leave Start,,CAD,CA,2023-08-19 13:00:00,PAYROLL
EVT00062081,2023-08-21,EMP03816,CC0086,PA,1,Promotion,7409813.28,KES,KE,2023-08-21 20:00:00,PAYROLL
EVT00063127,2023-08-07,EMP02099,CC0092,PA,2,Step Increment,79630.25,CAD,CAN,2023-08-10 13:00:00,CORE_HR
EVT00063071,2023-08-02,EMP00038,CC0101,PA,3,Performance Pay,7537.11,CAD,CA,2023-08-03 02:00:00,PAYROLL
EVT00063043,2023-08-11,EMP00507,CC0108,EC,1,Promotion,65100.69,USD,USA,2023-08-12 03:00:00,CORE_HR
EVT00063569,2023-08-02,EMP01474,CC0066,PA,3,Step Increment,87626.42,CAD,CAN,2023-08-03 12:00:00,CORE_HR
EVT00062419,2023-08-09,EMP00572,CC0089,CR,1,Step Increment,56030.88,CAD,CAN,2023-08-10 05:00:00,CORE_HR
EVT00062311,2023-08-16,EMP03985,CC0019,CR,2,Step Increment,65331.67,CAD,CA,2023-08-16 09:00:00,PAYROLL
EVT00062591,2023-08-24,EMP01285,CC0083,EC,4,Leave Start,,CAD,CAN,2023-08-25 01:00:00,CORE_HR
EVT00062608,2023-08-01,EMP03970,CC0098,PA,4,Hire,112795.91,CAD,CAN,2023-08-01 07:00:00,CORE_HR
EVT00063215,2023-08-19,EMP00445,CC0077,AS,1,Step Increment,72056.66,CAD,CA,2023-08-20 04:00:00,PAYROLL
EVT00063146,2023-08-22,EMP03718,CC0048,PA,3,Step Increment,96164.13,CAD,CAN,2023-08-22 13:00:00,CORE_HR
EVT00062952,2023-08-24,EMP04621,CC0075,PA,1,Performance Pay,2966.22,CAD,CAN,2023-08-25 04:00:00,CORE_HR
EVT00062176,2023-08-12,EMP99999,CC0083,PA,3,Lateral Deployment,,CAD,CA,2023-08-13 13:00:00,PAYROLL
EVT00061992,2023-08-01,EMP01617,CC0029,EX,1,Leave Start,,JPY,JP,2023-08-02 12:00:00,PAYROLL
EVT00062231,2023-08-17,EMP03651,CC0025,FI,4,Leave Return,,CAD,CAN,2023-08-17 18:00:00,CORE_HR
EVT00062830,2023-08-27,EMP00019,CC0058,IT,5,Performance Pay,18150.38,CAD,CAN,2023-08-28 01:00:00,CORE_HR
EVT00063119,2023-08-27,EMP03676,CC0081,IT,2,Performance Pay,8843.76,CAD,CAN,2023-08-27 09:00:00,CORE_HR
EVT00063356,2023-08-07,EMP02293,CC0109,PA,1,Promotion,69143.24,CAD,CAN,2023-08-07 22:00:00,CORE_HR
EVT00062221,2023-08-27,EMP05006,CC0016,PA,5,Promotion,88625.96,CAD,CAN,2023-08-28 08:00:00,CORE_HR
EVT00062746,2023-08-01,EMP04874,CC0003,EX,3,Performance Pay,15180.98,CAD,CA,2023-08-01 11:00:00,PAYROLL
EVT00062197,2023-08-05,EMP03971,CC0099,PA,2,Step Increment,78116.14,CAD,CAN,2023-08-06 11:00:00,CORE_HR
EVT00062976,2023-08-06,EMP02215,CC0032,FI,1,Performance Pay,7669.96,CAD,CAN,2023-08-07 14:00:00,CORE_HR
EVT00062813,2023-08-01,EMP04447,CC0081,EN,1,Step Increment,90875.22,CAD,CA,2023-08-01 06:00:00,PAYROLL
EVT00062294,2023-08-06,EMP04049,CC0074,FI,5,Promotion,99165.97,EUR,DEU,2023-08-06 10:00:00,CORE_HR
EVT00063578,2023-08-14,EMP02671,CC0036,FI,4,Leave Start,,CAD,CA,2023-08-15 03:00:00,PAYROLL
EVT00062981,2023-08-05,EMP05192,CC0032,PA,3,Leave Return,,CAD,CA,2023-08-05 09:00:00,PAYROLL
EVT00063309,2023-08-21,EMP03383,CC0034,AS,4,Hire,101756.64,CAD,CAN,2023-08-22 02:00:00,CORE_HR
EVT00063255,2023-08-02,EMP04939,CC0096,EX,1,Lateral Deployment,,CAD,CAN,2023-08-03 02:00:00,CORE_HR
EVT00062842,2023-08-20,EMP00132,CC0021,EN,4,Lateral Deployment,,CAD,CA,2023-08-21 09:00:00,PAYROLL
EVT00061918,2023-08-09,EMP03073,CC0006,AS,4,Leave Return,,CAD,CA,2023-08-10 07:00:00,PAYROLL
EVT00062700,2023-08-09,EMP03339,CC0007,AS,1,Leave Start,,USD,USA,2023-08-09 16:00:00,CORE_HR
EVT00062745,2023-08-21,EMP04871,CC0105,FI,1,Step Increment,61871.51,SGD,SG,2023-08-21 18:00:00,PAYROLL
EVT00063473,2023-08-04,EMP05170,CC0096,CR,1,Step Increment,58792.58,CAD,CAN,2023-08-05 11:00:00,CORE_HR
EVT00063159,2023-08-06,EMP02297,CC0016,EC,2,Leave Start,,CAD,CA,2023-08-07 09:00:00,PAYROLL
EVT00062328,2023-08-20,EMP03529,CC0080,EC,5,Step Increment,93450.42,USD,US,2023-08-21 14:00:00,PAYROLL
EVT00063446,2023-08-04,EMP02113,CC0015,EN,2,Leave Start,,CAD,CAN,2023-08-04 07:00:00,CORE_HR
EVT00063006,2023-08-02,EMP03092,CC0098,PA,1,Step Increment,68593.11,CAD,CAN,2023-08-03 13:00:00,CORE_HR
EVT00062220,2023-08-27,EMP00984,CC0072,EC,3,Departure,,CAD,CA,2023-08-27 07:00:00,PAYROLL
EVT00063127,2023-08-07,EMP02099,CC0092,PA,2,Step Increment,79630.25,CAD,CAN,2023-08-08 03:00:00,CORE_HR
EVT00062235,2023-08-21,EMP00225,CC0118,EN,2,Leave Start,,CAD,CA,2023-08-21 21:00:00,PAYROLL
EVT00063116,2023-08-03,EMP01492,CC0028,EC,2,Promotion,85618.0,CAD,CAN,2023-08-03 23:00:00,CORE_HR
EVT00062705,2023-08-25,EMP03664,CC0100,AS,3,Leave Start,,CAD,CA,2023-08-26 00:00:00,PAYROLL
EVT00061849,2023-08-23,EMP02511,CC0079,EN,2,Leave Return,,CAD,CA,2023-08-24 00:00:00,PAYROLL
EVT00063035,2023-08-19,EMP04358,CC0086,AS,4,Lateral Deployment,,MXN,MX,2023-08-20 12:00:00,PAYROLL
EVT00061933,2023-08-08,EMP03594,CC0012,IT,2,Step Increment,104423.86,CAD,CA,2023-08-09 01:00:00,PAYROLL
EVT00062824,2023-08-14,EMP04675,CC0077,IT,2,Hire,100997.0,CAD,CA,2023-08-15 00:00:00,PAYROLL
EVT00062595,2023-08-16,EMP04362,CC0116,IT,2,Lateral Deployment,,CAD,CAN,2023-08-17 06:00:00,CORE_HR
EVT00063596,2023-08-23,EMP01585,CC0045,EC,3,Step Increment,112457.23,CAD,CAN,2023-08-24 11:00:00,CORE_HR
EVT00063342,2023-08-10,EMP03288,CC0037,IT,2,Leave Start,,CAD,CA,2023-08-11 05:00:00,PAYROLL
EVT00062536,2023-08-06,EMP04060,CC0045,PA,2,Leave Start,,CAD,CA,2023-08-07 04:00:00,PAYROLL
EVT00063615,2023-08-22,EMP05161,CC0006,IT,5,Performance Pay,16655.26,CAD,CAN,2023-08-22 13:00:00,CORE_HR
EVT00062257,2023-08-09,EMP00888,CC0113,PA,2,Departure,,XXX,CA,2023-08-10 03:00:00,PAYROLL
EVT00062224,2023-08-23,EMP01866,CC0092,IT,1,Step Increment,89211.89,CAD,CAN,2023-08-24 00:00:00,CORE_HR
EVT00062465,2023-08-17,EMP03438,CC0071,IT,1,Departure,,CAD,CAN,2023-08-17 18:00:00,CORE_HR
EVT00063039,2023-08-25,EMP01983,CC0092,EX,2,Leave Start,,CAD,CAN,2023-08-26 11:00:00,CORE_HR
EVT00061926,2023-08-19,EMP00120,CC0117,EC,1,Performance Pay,9649.25,CAD,CAN,2023-08-19 17:00:00,CORE_HR
EVT00062273,2023-08-10,EMP00579,CC0039,EN,3,Step Increment,122416.97,CAD,CAN,2023-08-11 09:00:00,CORE_HR
EVT00063491,2023-08-17,EMP03102,CC0090,IT,5,Step Increment,148618.27,CAD,CA,2023-08-17 13:00:00,PAYROLL
EVT00061856,2023-08-09,EMP01484,CC0065,EX,1,Step Increment,92577.06,GBP,GBR,2023-08-10 12:00:00,CORE_HR
EVT00063506,2023-08-19,EMP02519,CC0025,PA,4,Leave Return,,CAD,CAN,2023-08-19 14:00:00,CORE_HR
EVT00063559,2023-08-25,EMP04615,CC0114,AS,3,Lateral Deployment,,CAD,CAN,2023-08-25 22:00:00,CORE_HR
EVT00062089,2023-08-23,EMP01508,CC0110,PA,3,Lateral Deployment,,CAD,CAN,2023-08-24 06:00:00,CORE_HR
EVT00062932,2023-08-18,EMP04042,CC0075,PA,4,Step Increment,87859.94,CAD,CAN,2023-08-18 11:00:00,CORE_HR
EVT00062461,2023-08-16,EMP03871,CC0014,PA,1,Step Increment,58319.99,CAD,CAN,2023-08-17 02:00:00,CORE_HR
EVT00062274,2023-08-10,EMP01307,CC0090,AS,3,Step Increment,78168.61,CAD,CA,2023-08-11 19:00:00,PAYROLL
EVT00063481,2023-08-10,EMP05198,CC0035,EX,2,Step Increment,151557.1,CAD,CAN,2023-08-10 08:00:00,CORE_HR
EVT00062097,2023-08-25,EMP00015,CC0068,IT,4,Leave Return,,CAD,CAN,2023-08-26 02:00:00,CORE_HR
EVT00063437,2023-08-07,EMP02039,CC0021,EC,1,Step Increment,75024.58,CAD,CAN,2023-08-07 09:00:00,CORE_HR
EVT00061999,2023-08-22,EMP01399,CC0027,EN,2,Step Increment,109041.14,CAD,CA,2023-08-23 12:00:00,PAYROLL
EVT00063347,2023-08-24,EMP05068,CC0065,IT,1,Step Increment,50360.93,GBP,GBR,2023-08-25 12:00:00,CORE_HR
EVT00062565,2023-08-17,EMP01675,CC0092,PA,2,Leave Start,,CAD,CA,2023-08-18 14:00:00,PAYROLL
EVT00062147,2023-08-02,EMP00947,CC0091,EN,2,Step Increment,104591.61,CAD,CAN,2023-08-02 13:00:00,CORE_HR
EVT00061998,2023-08-13,EMP01040,CC0013,IT,2,Hire,94191.96,CAD,CAN,2023-08-13 21:00:00,CORE_HR
EVT00062945,2023-08-27,EMP02998,CC0110,CR,4,Step Increment,66469.32,CAD,CAN,2023-08-27 06:00:00,CORE_HR
EVT00063140,2023-08-23,EMP01688,CC0080,CR,1,Departure,,AUD,AUS,2023-08-24 06:00:00,CORE_HR
EVT00063023,2023-08-18,EMP01394,CC0014,EN,1,Leave Start,,CAD,CAN,2023-08-18 12:00:00,CORE_HR
EVT00061966,2023-08-01,EMP03055,CC0060,FI,4,Performance Pay,6449.84,CAD,CA,2023-08-03 10:00:00,PAYROLL
EVT00062148,2023-08-01,EMP00734,CC0069,EC,4,Step Increment,112648.18,CAD,CAN,2023-08-02 03:00:00,CORE_HR
EVT00062802,2023-08-22,EMP02896,CC0070,EN,5,Step Increment,135785.85,CAD,CAN,2023-08-22 19:00:00,CORE_HR
EVT00062531,2023-08-14,EMP00120,CC0117,EC,1,Hire,81067.81,CAD,CA,2023-08-14 19:00:00,PAYROLL
EVT00061932,2023-08-24,EMP01434,CC0119,IT,3,Performance Pay,10286.96,CAD,CAN,2023-08-24 22:00:00,CORE_HR
EVT00061865,2023-08-02,EMP00136,CC0001,IT,1,Departure,,CAD,CA,2023-08-03 07:00:00,PAYROLL
EVT00062956,2023-08-17,EMP00835,CC0009,PA,2,Leave Return,,MXN,MX,2023-08-18 10:00:00,PAYROLL
EVT00063622,2023-08-18,EMP01932,CC0116,IT,4,Step Increment,118137.35,CAD,CAN,2023-08-18 20:00:00,CORE_HR
EVT00062926,2023-08-26,EMP01843,CC0087,EN,1,Step Increment,80045.21,CAD,CAN,2023-08-26 16:00:00,CORE_HR
EVT00063303,2023-08-17,EMP01875,CC0030,IT,3,Lateral Deployment,,MXN,MEX,2023-08-17 18:00:00,CORE_HR
EVT00062170,2023-08-23,EMP02767,CC0102,IT,3,Leave Return,,CAD,CA,2023-08-23 19:00:00,PAYROLL
EVT00062666,2023-08-18,EMP03775,CC0072,IT,2,Hire,103469.25,CAD,CAN,2023-08-18 20:00:00,CORE_HR
EVT00063575,2023-08-22,EMP00810,CC0074,CR,1,Promotion,71173.51,AUD,AUS,2023-08-22 07:00:00,CORE_HR
EVT00062347,2023-08-03,EMP00573,CC0070,PA,4,Departure,,CAD,CAN,2023-08-04 01:00:00,CORE_HR
EVT00062317,2023-08-22,EMP04956,CC0062,FI,5,Step Increment,119582.7,CAD,CAN,2023-08-23 11:00:00,CORE_HR
EVT00063385,2023-08-21,EMP04463,CC0016,IT,2,Lateral Deployment,,CAD,CAN,2023-08-22 02:00:00,CORE_HR
EVT00062011,2023-08-08,EMP03157,CC0007,PA,3,Step Increment,61116.68,SGD,SG,2023-08-08 22:00:00,PAYROLL
EVT00062815,2023-08-24,EMP00023,CC0075,FI,2,Performance Pay,7817.35,CAD,CAN,2023-08-24 23:00:00,CORE_HR
EVT00063169,2023-08-24,EMP00024,CC0024,PA,1,Lateral Deployment,,CAD,CAN,2023-08-25 00:00:00,CORE_HR
EVT00063110,2023-08-01,EMP02911,CC0027,PA,4,Step Increment,114817.7,CAD,CAN,2023-08-02 08:00:00,CORE_HR
EVT00061969,2023-08-09,EMP02009,CC0099,CR,3,Promotion,51322.94,CAD,CA,2023-08-09 08:00:00,PAYROLL
EVT00062151,2023-08-20,EMP04465,CC0082,PA,4,Performance Pay,9961.06,CAD,CAN,2023-08-20 06:00:00,CORE_HR
EVT00063528,2023-08-24,EMP05138,CC0013,IT,3,Lateral Deployment,,CAD,CA,2023-08-24 08:00:00,PAYROLL
EVT00062728,2023-08-24,EMP00705,CC0009,PA,2,Promotion,56595.51,USD,USA,2023-08-25 00:00:00,CORE_HR
EVT00062788,2023-08-15,EMP01886,CC0047,CR,1,Departure,,CAD,CA,2023-08-15 19:00:00,PAYROLL
EVT00061817,2023-08-16,EMP01064,CC0026,FI,1,Leave Return,,CAD,CAN,2023-08-16 14:00:00,CORE_HR
EVT00063438,2023-08-08,EMP02257,CC0120,EX,1,Departure,,CAD,CAN,2023-08-09 06:00:00,CORE_HR
EVT00063513,2023-08-24,EMP04405,CC0091,IT,4,Leave Return,,CAD,CA,2023-08-25 09:00:00,PAYROLL
EVT00063538,2023-08-24,EMP01832,CC0025,IT,3,Leave Return,,CAD,CA,2023-08-24 16:00:00,PAYROLL
EVT00063019,2023-08-05,EMP02074,CC0014,FI,1,Leave Start,,CAD,CA,2023-08-05 06:00:00,PAYROLL
EVT00062486,2023-08-10,EMP00953,CC0068,PA,3,Leave Return,,CAD,CAN,2023-08-10 13:00:00,CORE_HR
EVT00062982,2023-08-14,EMP03976,CC0069,EX,1,Performance Pay,14823.33,CAD,CA,2023-08-15 15:00:00,PAYROLL
EVT00063207,2023-08-11,EMP05018,CC0028,PA,1,Step Increment,67872.04,CAD,CA,2023-08-11 07:00:00,PAYROLL
EVT00062136,2023-08-08,EMP01373,CC0030,EC,1,Performance Pay,951017.64,KES,KEN,2023-08-08 19:00:00,CORE_HR
EVT00062118,2023-08-03,EMP01097,CC0068,EC,3,Step Increment,86058.1,CAD,CAN,2023-08-04 14:00:00,CORE_HR
EVT00062307,2023-08-12,EMP02070,CC0081,AS,3,Lateral Deployment,,CAD,CAN,2023-08-12 11:00:00,CORE_HR
EVT00062901,2023-08-02,EMP03134,CC0019,EC,3,Leave Start,,CAD,CA,2023-08-02 07:00:00,PAYROLL
EVT00063603,2023-08-14,EMP02627,CC0043,PA,1,Lateral Deployment,,CAD,CA,2023-08-14 06:00:00,PAYROLL
EVT00062660,2023-08-01,EMP01020,CC0042,PA,4,Step Increment,92299.32,CAD,CA,2023-08-02 14:00:00,PAYROLL
EVT00062212,2023-08-02,EMP02639,CC0096,PA,4,Leave Return,,CAD,CA,2023-08-02 18:00:00,PAYROLL
EVT00062929,2023-08-19,EMP04919,CC0064,FI,3,Performance Pay,6878.53,CAD,CAN,2023-08-19 20:00:00,CORE_HR
EVT00063389,2023-08-24,EMP02470,CC0066,PA,2,Step Increment,70599.82,CAD,CA,2023-08-25 13:00:00,PAYROLL
EVT00063149,2023-08-16,EMP00093,CC0040,PA,5,Step Increment,103905.16,CAD,CA,2023-08-16 15:00:00,PAYROLL
EVT00062709,2023-08-13,EMP01326,CC0018,AS,2,Performance Pay,8270.77,CAD,CA,2023-08-13 13:00:00,PAYROLL
EVT00062293,2023-08-11,EMP03775,CC0072,IT,2,Performance Pay,6265.59,CAD,CA,2023-08-11 17:00:00,PAYROLL
EVT00062452,2023-08-08,EMP01490,CC0062,EN,2,Step Increment,106191.05,CAD,CAN,2023-08-08 19:00:00,CORE_HR
EVT00063584,2023-08-25,EMP01665,CC0085,IT,4,Departure,,CAD,CA,2023-08-26 12:00:00,PAYROLL
EVT00062137,2023-08-03,EMP04526,CC0096,PA,2,Step Increment,75834.41,CAD,CA,2023-08-04 01:00:00,PAYROLL
EVT00062534,2023-08-01,EMP01391,CC0073,EC,2,Leave Start,,CAD,CAN,2023-08-02 14:00:00,CORE_HR
EVT00062056,2023-08-13,EMP01031,CC0108,EX,2,Step Increment,516538.12,AED,ARE,2023-08-14 10:00:00,CORE_HR
EVT00063451,2023-08-19,EMP01973,CC0026,CR,2,Lateral Deployment,,CAD,CA,2023-08-19 17:00:00,PAYROLL
EVT00063517,2023-08-10,EMP03866,CC0096,AS,2,Step Increment,69533.98,CAD,CAN,2023-08-11 04:00:00,CORE_HR
EVT00063643,2023-08-24,EMP03811,CC0043,AS,2,Step Increment,54453.67,CAD,CAN,2023-08-25 06:00:00,CORE_HR
EVT00063435,2023-08-05,EMP01253,CC0031,EC,1,Step Increment,47902.15,GBP,GBR,2023-08-06 07:00:00,CORE_HR
EVT00062596,2023-08-22,EMP03358,CC0120,EC,3,Step Increment,94977.73,CAD,CAN,2023-08-23 07:00:00,CORE_HR
EVT00063107,2023-08-12,EMP03656,CC0087,EX,1,Step Increment,129118.18,CAD,CA,2023-08-12 10:00:00,PAYROLL
EVT00062975,2023-08-02,EMP03417,CC0094,AS,4,Performance Pay,7198.67,CAD,CAN,2023-08-02 22:00:00,CORE_HR
EVT00061858,2023-08-06,EMP04552,CC0026,EN,2,Performance Pay,6517.52,CAD,CAN,2023-08-06 23:00:00,CORE_HR
EVT00062179,2023-08-26,EMP03920,CC0074,EC,4,Step Increment,478388.99,BRL,BRA,2023-08-27 09:00:00,CORE_HR
EVT00062441,2023-08-17,EMP01351,CC0117,CR,2,Performance Pay,2548.23,CAD,CAN,2023-08-17 18:00:00,CORE_HR
EVT00063490,2023-08-10,EMP02654,CC0068,IT,4,Leave Start,,CAD,CA,2023-08-10 13:00:00,PAYROLL
EVT00062113,2023-08-18,EMP04711,CC0118,FI,5,Leave Return,,CAD,CA,2023-08-19 04:00:00,PAYROLL
EVT00062725,2023-08-17,EMP02721,CC0085,FI,1,Step Increment,69466.83,CAD,CAN,2023-08-17 09:00:00,CORE_HR
EVT00063585,2023-08-09,EMP04657,CC0046,AS,2,Step Increment,4021908.04,INR,IN,2023-08-09 19:00:00,PAYROLL
EVT00061859,2023-08-04,EMP00656,CC0003,PA,3,Performance Pay,4351.37,CAD,CA,2023-08-04 22:00:00,PAYROLL
EVT00062073,2023-08-12,EMP02061,CC0001,FI,5,Step Increment,106071.68,CAD,CAN,2023-08-13 12:00:00,CORE_HR
EVT00062853,2023-08-12,EMP00764,CC0026,PA,1,Step Increment,64094.4,CAD,CAN,2023-08-13 04:00:00,CORE_HR
EVT00062960,2023-08-22,EMP04412,CC0085,FI,2,Performance Pay,5727.76,CAD,CAN,2023-08-22 13:00:00,CORE_HR
EVT00062668,2023-08-13,EMP03104,CC0045,IT,3,Leave Return,,CAD,CAN,2023-08-14 04:00:00,CORE_HR
EVT00062312,2023-08-25,EMP01407,CC0012,PA,4,Lateral Deployment,,CAD,CA,2023-08-26 04:00:00,PAYROLL
EVT00062292,2023-08-19,EMP00313,CC0058,FI,5,Leave Start,,CAD,CAN,2023-08-20 05:00:00,CORE_HR
EVT00063453,2023-08-12,EMP05001,CC0032,IT,5,Step Increment,149162.55,CAD,CAN,2023-08-13 15:00:00,CORE_HR
EVT00063614,2023-08-15,EMP03681,CC0089,AS,3,Step Increment,70599.01,CAD,CAN,2023-08-15 22:00:00,CORE_HR
EVT00062340,2023-08-21,EMP02170,CC0082,EX,2,Leave Start,,CAD,CAN,2023-08-21 20:00:00,CORE_HR
EVT00062114,2023-08-15,EMP01552,CC0059,CR,3,Leave Return,,CAD,CA,2023-08-16 03:00:00,PAYROLL
EVT00062297,2023-08-07,EMP01743,CC0032,IT,3,Performance Pay,13948.51,CAD,CA,2023-08-07 06:00:00,PAYROLL
EVT00061890,2023-08-12,EMP04266,CC0057,FI,4,Departure,,CAD,CAN,2023-08-12 18:00:00,CORE_HR
EVT00063564,2023-08-05,EMP01831,CC0084,PA,5,Step Increment,101064.4,CAD,CA,2023-08-06 06:00:00,PAYROLL
EVT00062863,2023-08-15,EMP05101,CC0079,IT,1,Lateral Deployment,,CAD,CA,2023-08-15 21:00:00,PAYROLL
EVT00063362,2023-08-23,EMP02274,CC0069,EN,5,Lateral Deployment,,CAD,CA,2023-08-24 10:00:00,PAYROLL
EVT00062167,2023-08-27,EMP05093,CC0098,IT,3,Step Increment,119304.04,CAD,CA,2023-08-27 14:00:00,PAYROLL
EVT00063161,2023-08-02,EMP00036,CC0111,PA,3,Promotion,117234.02,AUD,AUS,2023-08-03 03:00:00,CORE_HR
EVT00062426,2023-08-03,EMP03117,CC0110,FI,1,Leave Start,,CAD,CA,2023-08-03 19:00:00,PAYROLL
EVT00061850,2023-08-24,EMP01859,CC0054,IT,3,Step Increment,11696002.05,JPY,JP,2023-08-24 15:00:00,PAYROLL
EVT00062847,2023-08-18,EMP00993,CC0056,IT,4,Step Increment,135109.0,CAD,CAN,2023-08-18 18:00:00,CORE_HR
EVT00062472,2023-08-14,EMP05114,CC0107,PA,2,Performance Pay,8106.63,CAD,CA,2023-08-15 01:00:00,PAYROLL
EVT00062575,2023-08-18,EMP01142,CC0117,IT,3,Departure,,CAD,CAN,2023-08-19 09:00:00,CORE_HR
EVT00063129,2023-08-16,EMP01845,CC0019,PA,4,Leave Return,,CAD,CAN,2023-08-16 15:00:00,CORE_HR
EVT00061910,2023-08-11,EMP00262,CC0018,FI,5,Lateral Deployment,,CAD,CAN,2023-08-11 18:00:00,CORE_HR
EVT00062381,2023-08-07,EMP03044,CC0031,EC,5,Step Increment,204871.03,AUD,AU,2023-08-10 00:00:00,PAYROLL
EVT00062935,2023-08-27,EMP02442,CC0009,IT,3,Performance Pay,15786.47,AUD,AUS,2023-08-30 20:00:00,CORE_HR
EVT00061924,2023-08-26,EMP04415,CC0085,IT,5,Step Increment,149206.19,CAD,CAN,2023-08-27 08:00:00,CORE_HR
EVT00063311,2023-08-07,EMP02820,CC0018,AS,4,Step Increment,85515.25,CAD,CAN,2023-08-07 12:00:00,CORE_HR
EVT00063250,2023-08-02,EMP01981,CC0101,AS,3,Performance Pay,8796.08,CAD,CAN,2023-08-02 18:00:00,CORE_HR
EVT00062774,2023-08-07,EMP01334,CC0003,EX,2,Step Increment,148017.94,CAD,CAN,2023-08-08 04:00:00,CORE_HR
EVT00062459,2023-08-24,EMP04458,CC0098,IT,1,Leave Start,,CAD,CAN,2023-08-24 11:00:00,CORE_HR
EVT00063247,2023-08-08,EMP03860,CC0113,EC,1,Step Increment,73246.35,CAD,CAN,2023-08-09 00:00:00,CORE_HR
EVT00063220,2023-08-20,EMP03077,CC0076,PA,1,Step Increment,58621.81,CAD,CAN,2023-08-21 05:00:00,CORE_HR
EVT00063016,2023-08-27,EMP03759,CC0025,EC,2,Leave Start,,CAD,CAN,2023-08-27 17:00:00,CORE_HR
EVT00062540,2023-08-19,EMP01154,CC0023,EN,4,Departure,,CAD,CA,2023-08-20 07:00:00,PAYROLL
EVT00062309,2023-08-19,EMP02470,CC0066,PA,2,Step Increment,75093.86,CAD,CAN,2023-08-20 12:00:00,CORE_HR
EVT00062260,2023-08-15,EMP04505,CC0107,PA,1,Performance Pay,5322.65,CAD,CA,2023-08-16 01:00:00,PAYROLL
EVT00063345,2023-08-02,EMP02911,CC0027,PA,4,Hire,101514.94,CAD,CA,2023-08-02 08:00:00,PAYROLL
EVT00061852,2023-08-08,EMP03593,CC0050,EX,1,Step Increment,126021.58,CAD,CAN,2023-08-10 16:00:00,CORE_HR
EVT00063573,2023-08-21,EMP03848,CC0018,CR,5,Step Increment,80011.76,CAD,CAN,2023-08-21 15:00:00,CORE_HR
EVT00063264,2023-08-06,EMP02597,CC0058,FI,2,Step Increment,84755.6,CAD,CAN,2023-08-07 00:00:00,CORE_HR
EVT00063172,2023-08-13,EMP01726,CC0050,IT,2,Step Increment,73484.71,CAD,CAN,2023-08-13 23:00:00,CORE_HR
EVT00062266,2023-08-20,EMP02579,CC0029,EN,2,Leave Start,,INR,IND,2023-08-21 08:00:00,CORE_HR
EVT00063544,2023-08-07,EMP00312,CC0090,CR,3,Step Increment,60631.11,CAD,CAN,2023-08-08 05:00:00,CORE_HR
EVT00062372,2023-08-01,EMP01195,CC0108,PA,1,Hire,954026.03,MXN,MEX,2023-08-02 00:00:00,CORE_HR
EVT00062436,2023-08-10,EMP02025,CC0108,PA,1,Lateral Deployment,,KES,KEN,2023-08-11 01:00:00,CORE_HR
EVT00062720,2023-08-01,EMP00591,CC0097,EC,5,Lateral Deployment,,CAD,CA,2023-08-01 09:00:00,PAYROLL
EVT00062141,2023-08-17,EMP03174,CC0064,AS,4,Leave Start,,CAD,CAN,2023-08-17 23:00:00,CORE_HR
EVT00063257,2023-08-08,EMP05087,CC0082,FI,3,Step Increment,92933.34,CAD,CAN,2023-08-09 14:00:00,CORE_HR
EVT00062697,2023-08-20,EMP01244,CC0023,PA,3,Leave Start,,CAD,CAN,2023-08-20 13:00:00,CORE_HR
EVT00062569,2023-08-11,EMP04764,CC0022,EC,1,Performance Pay,9215.71,CAD,CAN,2023-08-12 14:00:00,CORE_HR
EVT00062022,2023-08-22,EMP01816,CC0035,EX,1,Step Increment,137248.1,CAD,CA,2023-08-22 09:00:00,PAYROLL
EVT00062882,2023-08-25,EMP03134,CC0019,EC,3,Lateral Deployment,,CAD,CAN,2023-08-25 23:00:00,CORE_HR
EVT00063329,2023-08-11,EMP00399,CC0008,PA,5,Leave Start,,CAD,CA,2023-08-12 15:00:00,PAYROLL
EVT00063115,2023-08-22,EMP04551,CC0108,PA,2,Step Increment,48798.37,GBP,GB,2023-08-22 09:00:00,PAYROLL
EVT00062804,2023-08-15,EMP03854,CC0043,FI,3,Lateral Deployment,,CAD,CAN,2023-08-16 15:00:00,CORE_HR
EVT00061880,2023-08-09,EMP04105,CC0056,PA,2,Lateral Deployment,,XXX,CAN,2023-08-09 13:00:00,CORE_HR
EVT00062594,2023-08-27,EMP04860,CC0116,FI,3,Performance Pay,6023.11,CAD,CAN,2023-08-27 11:00:00,CORE_HR
EVT00062887,2023-08-14,EMP03487,CC0053,PA,3,Promotion,77995.48,CAD,CAN,2023-08-15 08:00:00,CORE_HR
EVT00063550,2023-08-18,EMP00096,CC0004,EC,1,Leave Return,,CAD,CAN,2023-08-19 14:00:00,CORE_HR
EVT00062888,2023-08-19,EMP03393,CC0081,EX,2,Step Increment,163539.57,CAD,CAN,2023-08-19 18:00:00,CORE_HR
EVT00062767,2023-08-10,EMP04958,CC0094,IT,4,Hire,90687.08,CAD,CA,2023-08-10 15:00:00,PAYROLL
EVT00062783,2023-08-18,EMP01917,CC0042,PA,1,Departure,,CAD,CAN,2023-08-18 11:00:00,CORE_HR
EVT00063364,2023-08-13,EMP03108,CC0019,EN,1,Performance Pay,8380.55,CAD,CA,2023-08-13 14:00:00,PAYROLL
EVT00063120,2023-08-18,EMP05100,CC0043,AS,3,Step Increment,93504.43,CAD,CA,2023-08-18 14:00:00,PAYROLL
EVT00062483,2023-08-17,EMP03440,CC0036,PA,2,Promotion,75367.66,CAD,CAN,2023-08-17 20:00:00,CORE_HR
EVT00063238,2023-08-01,EMP03594,CC0012,IT,2,Leave Start,,CAD,CAN,2023-08-01 16:00:00,CORE_HR
EVT00062919,2023-08-19,EMP04823,CC0002,FI,2,Performance Pay,4163.42,CAD,CAN,2023-08-20 11:00:00,CORE_HR
EVT00063536,2023-08-09,EMP00546,CC0117,EC,3,Step Increment,86575.07,CAD,CA,2023-08-10 03:00:00,PAYROLL
EVT00062091,2023-08-26,EMP00722,CC0035,IT,1,Departure,,CAD,CA,2023-08-27 04:00:00,PAYROLL
EVT00063001,2023-08-07,EMP04363,CC0116,EN,2,Leave Return,,CAD,CA,2023-08-07 21:00:00,PAYROLL
EVT00062819,2023-08-19,EMP02714,CC0105,EX,2,Performance Pay,19828.3,AED,AE,2023-08-20 06:00:00,PAYROLL
EVT00062676,2023-08-12,EMP01152,CC0031,AS,4,Leave Start,,GBP,GB,2023-08-14 10:00:00,PAYROLL
EVT00063085,2023-08-07,EMP04053,CC0029,IT,3,Departure,,BRL,BR,2023-08-08 06:00:00,PAYROLL
EVT00062019,2023-08-05,EMP02275,CC0003,EC,1,Step Increment,79640.28,CAD,CAN,2023-08-05 13:00:00,CORE_HR
EVT00063198,2023-08-11,EMP04170,CC0053,PA,1,Leave Start,,CAD,CAN,2023-08-11 20:00:00,CORE_HR
EVT00063276,2023-08-05,EMP02741,CC0111,CR,3,Performance Pay,7146.43,SGD,SG,2023-08-06 05:00:00,PAYROLL
EVT00063551,2023-08-04,EMP00408,CC0025,PA,4,Step Increment,73257.67,CAD,CA,2023-08-04 08:00:00,PAYROLL
EVT00062402,2023-08-04,EMP01424,CC0022,AS,2,Leave Start,,CAD,CAN,2023-08-04 18:00:00,CORE_HR
EVT00062228,2023-08-14,EMP00290,CC0021,EX,1,Leave Return,,CAD,CA,2023-08-14 21:00:00,PAYROLL
EVT00062365,2023-08-19,EMP03802,CC0119,AS,2,Step Increment,60967.1,CAD,CA,2023-08-19 22:00:00,PAYROLL
EVT00063334,2023-08-09,EMP02525,CC0006,FI,5,Step Increment,121221.67,CAD,CAN,2023-08-09 11:00:00,CORE_HR
EVT00062323,2023-08-17,EMP04765,CC0043,PA,2,Hire,78840.27,CAD,CAN,2023-08-18 10:00:00,CORE_HR
EVT00063000,2023-08-09,EMP04557,CC0102,PA,4,Step Increment,98250.71,CAD,CAN,2023-08-11 06:00:00,CORE_HR
EVT00063332,2023-08-22,EMP03492,CC0088,EX,1,Performance Pay,131277.93,MXN,MEX,2023-08-23 03:00:00,CORE_HR
EVT00063003,2023-08-20,EMP02844,CC0004,EC,4,Leave Start,,CAD,CA,2023-08-21 03:00:00,PAYROLL
EVT00063088,2023-08-03,EMP05039,CC0041,PA,3,Departure,,CAD,CA,2023-08-03 09:00:00,PAYROLL
EVT00062683,2023-08-04,EMP04901,CC0062,PA,1,Step Increment,59908.32,CAD,CA,2023-08-04 21:00:00,PAYROLL
EVT00062704,2023-08-16,EMP01029,CC0089,CR,3,Performance Pay,5705.76,CAD,CA,2023-08-17 07:00:00,PAYROLL
EVT00062997,2023-08-10,EMP04481,CC0103,AS,1,Departure,,CAD,CA,2023-08-10 15:00:00,PAYROLL
EVT00061899,2023-08-02,EMP04621,CC0075,PA,1,Hire,68552.39,CAD,CA,2023-08-03 06:00:00,PAYROLL
EVT00063307,2023-08-02,EMP04156,CC0005,IT,2,Performance Pay,7302.27,CAD,CA,2023-08-03 00:00:00,PAYROLL
EVT00062825,2023-08-12,EMP02832,CC0106,EX,2,Leave Start,,CAD,CA,2023-08-12 13:00:00,PAYROLL
EVT00062072,2023-08-07,EMP04652,CC0044,PA,1,Step Increment,67694.85,CAD,CAN,2023-08-08 01:00:00,CORE_HR
EVT00062737,2023-08-16,EMP01044,CC0088,PA,1,Lateral Deployment,,EUR,DEU,2023-08-16 18:00:00,CORE_HR
EVT00062692,2023-08-27,EMP02051,CC0083,FI,2,Lateral Deployment,,CAD,CA,2023-08-28 07:00:00,PAYROLL
EVT00062353,2023-08-04,EMP03792,CC0037,EC,4,Step Increment,126692.94,CAD,CAN,2023-08-04 07:00:00,CORE_HR
EVT00063168,2023-08-25,EMP04722,CC0005,IT,1,Leave Start,,CAD,CA,2023-08-25 22:00:00,PAYROLL
EVT00063482,2023-08-19,EMP04767,CC0045,FI,2,Step Increment,74063.01,CAD,CA,2023-08-19 06:00:00,PAYROLL
EVT00063321,2023-08-25,EMP04724,CC0033,FI,2,Performance Pay,4644.01,CAD,CAN,2023-08-26 01:00:00,CORE_HR
EVT00062564,2023-08-24,EMP01942,CC0075,IT,3,Step Increment,101253.48,CAD,CA,2023-08-24 20:00:00,PAYROLL
EVT00062064,2023-08-01,EMP04180,CC0022,IT,5,Lateral Deployment,,CAD,CAN,2023-08-01 23:00:00,CORE_HR
EVT00062627,2023-08-11,EMP03386,CC0065,AS,1,Step Increment,5478168.66,JPY,JPN,2023-08-11 20:00:00,CORE_HR
EVT00062194,2023-08-22,EMP04956,CC0062,FI,5,Leave Start,,CAD,CAN,2023-08-22 13:00:00,CORE_HR
EVT00062546,2023-08-05,EMP03524,CC0096,AS,1,Performance Pay,3186.6,CAD,CAN,2023-08-06 01:00:00,CORE_HR
EVT00062421,2023-08-09,EMP00446,CC0004,PA,5,Step Increment,100954.36,CAD,CA,2023-08-10 03:00:00,PAYROLL
EVT00062849,2023-08-27,EMP02735,CC0097,PA,4,Departure,,CAD,CA,2023-08-28 11:00:00,PAYROLL
EVT00062349,2023-08-03,EMP02130,CC0019,FI,1,Performance Pay,5912.19,CAD,CA,2023-08-04 08:00:00,PAYROLL
EVT00063245,2023-08-21,EMP04939,CC0096,EX,1,Leave Start,,CAD,CAN,2023-08-21 17:00:00,CORE_HR
EVT00062691,2023-08-12,EMP03572,CC0081,FI,1,Step Increment,70138.43,CAD,CAN,2023-08-13 04:00:00,CORE_HR
EVT00063193,2023-08-13,EMP01308,CC0013,EC,1,Leave Return,,CAD,CAN,2023-08-15 22:00:00,CORE_HR
EVT00063089,2023-08-05,EMP03000,CC0062,EC,5,Leave Start,,CAD,CAN,2023-08-05 06:00:00,CORE_HR
EVT00062958,2023-08-20,EMP02624,CC0018,CR,2,Leave Start,,CAD,CAN,2023-08-20 11:00:00,CORE_HR
EVT00063176,2023-08-08,EMP03408,CC0016,EC,1,Leave Return,,CAD,CAN,2023-08-08 17:00:00,CORE_HR
EVT00063204,2023-08-16,EMP02864,CC0067,AS,3,Departure,,CAD,CA,2023-08-17 12:00:00,PAYROLL
EVT00062603,2023-08-22,EMP01813,CC0072,EC,3,Step Increment,99314.31,CAD,CA,2023-08-23 00:00:00,PAYROLL
EVT00063592,2023-08-06,EMP00656,CC0003,PA,3,Departure,,CAD,CAN,2023-08-07 08:00:00,CORE_HR
EVT00062669,2023-08-03,EMP02323,CC0120,EN,1,Step Increment,67351.24,CAD,CA,2023-08-03 23:00:00,PAYROLL
EVT00062041,2023-08-07,EMP03147,CC0074,EN,4,Step Increment,6195302.03,INR,IN,2023-08-07 07:00:00,PAYROLL
EVT00062166,2023-08-03,EMP04319,CC0110,AS,3,Step Increment,68110.38,CAD,CAN,2023-08-03 09:00:00,CORE_HR
EVT00062865,2023-08-21,EMP01491,CC0069,IT,2,Leave Return,,CAD,CAN,2023-08-21 07:00:00,CORE_HR
EVT00062548,2023-08-09,EMP03323,CC0092,PA,2,Hire,78823.73,CAD,CA,2023-08-09 15:00:00,PAYROLL
EVT00063506,2023-08-19,EMP02519,CC0025,PA,4,Leave Return,,CAD,CAN,2023-08-21 17:00:00,CORE_HR
EVT00062403,2023-08-01,EMP01564,CC0112,EX,2,Performance Pay,13541.49,CAD,CAN,2023-08-02 05:00:00,CORE_HR
EVT00062943,2023-08-05,EMP03469,CC0040,IT,1,Leave Return,,CAD,CAN,2023-08-06 09:00:00,CORE_HR
EVT00063306,2023-08-04,EMP04652,CC0044,PA,1,Lateral Deployment,,CAD,CA,2023-08-04 14:00:00,PAYROLL
EVT00061964,2023-08-05,EMP00918,CC0060,PA,3,Step Increment,80757.25,CAD,CA,2023-08-06 06:00:00,PAYROLL
EVT00062500,2023-08-08,EMP02124,CC0033,AS,4,Promotion,85836.93,CAD,CAN,2023-08-08 20:00:00,CORE_HR
EVT00063193,2023-08-13,EMP01308,CC0013,EC,1,Leave Return,,CAD,CAN,2023-08-13 17:00:00,CORE_HR
EVT00063606,2023-08-14,EMP00351,CC0076,AS,3,Step Increment,67545.7,CAD,CAN,2023-08-14 07:00:00,CORE_HR
EVT00063594,2023-08-09,EMP01713,CC0040,PA,2,Lateral Deployment,,CAD,CA,2023-08-10 14:00:00,PAYROLL
EVT00063642,2023-08-16,EMP02916,CC0023,CR,2,Leave Return,,XXX,CAN,2023-08-16 17:00:00,CORE_HR
EVT00063521,2023-08-01,EMP04647,CC0045,EX,2,Leave Start,,CAD,CA,2023-08-01 10:00:00,PAYROLL
EVT00062385,2023-08-19,EMP03389,CC0041,CR,3,Step Increment,63665.55,CAD,CAN,2023-08-20 11:00:00,CORE_HR
EVT00062271,2023-08-01,EMP03169,CC0006,IT,1,Hire,64581.16,CAD,CAN,2023-08-01 09:00:00,CORE_HR
EVT00061976,2023-08-03,EMP02640,CC0115,PA,1,Step Increment,67699.9,CAD,CAN,2023-08-03 09:00:00,CORE_HR
EVT00063234,2023-08-04,EMP01325,CC0092,IT,2,Step Increment,99938.95,CAD,CAN,2023-08-04 16:00:00,CORE_HR
EVT00061861,2023-08-05,EMP00525,CC0098,AS,1,Performance Pay,6052.21,CAD,CA,2023-08-05 16:00:00,PAYROLL
EVT00062460,2023-08-07,EMP01006,CC0036,EC,2,Step Increment,91536.22,CAD,CAN,2023-08-07 23:00:00,CORE_HR
EVT00062496,2023-08-26,EMP05032,CC0059,CR,2,Step Increment,56930.37,CAD,CAN,2023-08-26 14:00:00,CORE_HR
EVT00061855,2023-08-21,EMP01124,CC0072,EX,1,Step Increment,140391.8,CAD,CA,2023-08-22 04:00:00,PAYROLL
EVT00062713,2023-08-11,EMP03143,CC0092,PA,2,Step Increment,75761.35,CAD,CA,2023-08-11 21:00:00,PAYROLL
EVT00061904,2023-08-06,EMP00272,CC0071,PA,2,Lateral Deployment,,CAD,CA,2023-08-06 19:00:00,PAYROLL
EVT00062306,2023-08-19,EMP04146,CC0060,PA,3,Leave Start,,CAD,CAN,2023-08-19 23:00:00,CORE_HR
EVT00063122,2023-08-03,EMP05176,CC0053,AS,1,Performance Pay,7767.58,CAD,CAN,2023-08-04 14:00:00,CORE_HR
EVT00062102,2023-08-03,EMP05146,CC0015,CR,4,Leave Start,,CAD,CAN,2023-08-04 14:00:00,CORE_HR
EVT00063582,2023-08-18,EMP00779,CC0104,EC,2,Performance Pay,6380.01,CAD,CAN,2023-08-19 07:00:00,CORE_HR
EVT00063182,2023-08-27,EMP00780,CC0118,IT,1,Performance Pay,11030.05,CAD,CAN,2023-08-27 14:00:00,CORE_HR
EVT00062828,2023-08-14,EMP00374,CC0031,IT,1,Step Increment,9010454.32,KES,KE,2023-08-14 22:00:00,PAYROLL
EVT00063595,2023-08-15,EMP03085,CC0114,PA,1,Leave Start,,CAD,CAN,2023-08-16 12:00:00,CORE_HR
EVT00063350,2023-08-13,EMP03762,CC0063,CR,2,Step Increment,76963.05,CAD,CAN,2023-08-14 15:00:00,CORE_HR
EVT00062610,2023-08-18,EMP02960,CC0072,AS,1,Step Increment,55389.3,CAD,CAN,2023-08-20 18:00:00,CORE_HR
EVT00062112,2023-08-17,EMP02950,CC0007,FI,2,Leave Start,,SGD,SGP,2023-08-18 11:00:00,CORE_HR
EVT00062891,2023-08-22,EMP02887,CC0033,EC,2,Step Increment,88614.66,CAD,CA,2023-08-23 06:00:00,PAYROLL
EVT00062265,2023-08-26,EMP00462,CC0035,PA,3,Hire,96725.93,CAD,CAN,2023-08-27 00:00:00,CORE_HR
EVT00063470,2023-08-02,EMP04813,CC0032,IT,3,Promotion,118825.06,CAD,CAN,2023-08-03 14:00:00,CORE_HR
EVT00062503,2023-08-05,EMP01240,CC0039,PA,5,Departure,,CAD,CA,2023-08-06 05:00:00,PAYROLL
EVT00062545,2023-08-27,EMP02716,CC0026,PA,2,Step Increment,68150.57,CAD,CAN,2023-08-27 14:00:00,CORE_HR
EVT00062980,2023-08-18,EMP00668,CC0108,AS,1,Lateral Deployment,,AUD,AUS,2023-08-18 15:00:00,CORE_HR
EVT00063454,2023-08-12,EMP02444,CC0035,AS,1,Promotion,56477.28,CAD,CAN,2023-08-12 11:00:00,CORE_HR
EVT00062318,2023-08-02,EMP04996,CC0026,PA,3,Step Increment,79654.61,CAD,CAN,2023-08-03 10:00:00,CORE_HR
EVT00063533,2023-08-04,EMP04702,CC0067,PA,1,Leave Start,,CAD,CA,2023-08-04 08:00:00,PAYROLL
EVT00063046,2023-08-14,EMP03846,CC0031,AS,1,Step Increment,38260.96,GBP,GB,2023-08-15 09:00:00,PAYROLL
EVT00063320,2023-08-10,EMP04785,CC0118,AS,3,Lateral Deployment,,CAD,CA,2023-08-10 23:00:00,PAYROLL
EVT00063400,2023-08-20,EMP02855,CC0102,PA,3,Leave Start,,CAD,CA,2023-08-20 19:00:00,PAYROLL
EVT00063066,2023-08-08,EMP00865,CC0055,EN,2,Leave Start,,CAD,CAN,2023-08-09 02:00:00,CORE_HR
EVT00062432,2023-08-11,EMP05184,CC0068,PA,2,Leave Return,,CAD,CAN,2023-08-11 20:00:00,CORE_HR
EVT00062162,2023-08-06,EMP04081,CC0028,PA,2,Leave Start,,CAD,CAN,2023-08-07 03:00:00,CORE_HR
EVT00061934,2023-08-13,EMP03584,CC0088,AS,1,Lateral Deployment,,GBP,GBR,2023-08-14 11:00:00,CORE_HR
EVT00061938,2023-08-02,EMP02752,CC0036,PA,3,Leave Return,,CAD,CA,2023-08-02 23:00:00,PAYROLL
EVT00062407,2023-08-02,EMP02393,CC0009,AS,4,Step Increment,50294.73,USD,US,2023-08-02 14:00:00,PAYROLL
EVT00062016,2023-08-21,EMP03178,CC0003,PA,1,Lateral Deployment,,CAD,CAN,2023-08-21 21:00:00,CORE_HR
EVT00063344,2023-08-03,EMP04473,CC0107,EN,1,Leave Return,,CAD,CAN,2023-08-03 18:00:00,CORE_HR
EVT00061967,2023-08-13,EMP02953,CC0019,FI,2,Leave Start,,CAD,CAN,2023-08-13 16:00:00,CORE_HR
EVT00063056,2023-08-06,EMP01248,CC0053,EC,1,Performance Pay,4230.48,CAD,CA,2023-08-07 12:00:00,PAYROLL
EVT00061878,2023-08-21,EMP02922,CC0062,AS,3,Departure,,CAD,CA,2023-08-21 21:00:00,PAYROLL
EVT00063218,2023-08-06,EMP00309,CC0104,IT,5,Performance Pay,17978.76,CAD,CAN,2023-08-06 22:00:00,CORE_HR
EVT00063645,2023-08-03,EMP05097,CC0110,EN,4,Step Increment,124704.86,CAD,CA,2023-08-04 09:00:00,PAYROLL
EVT00063358,2023-08-05,EMP00582,CC0110,PA,1,Step Increment,65368.19,CAD,CAN,2023-08-05 19:00:00,CORE_HR
EVT00061985,2023-08-25,EMP04636,CC0046,CR,2,Hire,6167196.72,JPY,JP,2023-08-25 18:00:00,PAYROLL
EVT00062122,2023-08-23,EMP02011,CC0038,IT,3,Step Increment,136620.78,CAD,CAN,2023-08-24 02:00:00,CORE_HR
EVT00062264,2023-08-23,EMP02113,CC0015,EN,2,Hire,98810.25,CAD,CAN,2023-08-23 22:00:00,CORE_HR
EVT00062119,2023-08-23,EMP02440,CC0118,CR,2,Departure,,CAD,CA,2023-08-23 08:00:00,PAYROLL
EVT00061860,2023-08-05,EMP00869,CC0031,IT,4,Step Increment,1566987.31,MXN,MX,2023-08-06 11:00:00,PAYROLL
EVT00062245,2023-08-11,EMP04941,CC0051,IT,2,Leave Start,,CAD,CA,2023-08-12 13:00:00,PAYROLL
EVT00062157,2023-08-21,EMP03525,CC0116,CR,5,Hire,80419.05,CAD,CA,2023-08-21 06:00:00,PAYROLL
EVT00063142,2023-08-17,EMP00148,CC0005,EC,3,Leave Return,,CAD,CAN,2023-08-18 03:00:00,CORE_HR
EVT00063388,2023-08-24,EMP04396,CC0116,EC,4,Step Increment,121605.93,CAD,CA,2023-08-25 01:00:00,PAYROLL
EVT00063494,2023-08-13,EMP02458,CC0034,IT,3,Performance Pay,9365.73,CAD,CAN,2023-08-13 12:00:00,CORE_HR
EVT00063401,2023-08-18,EMP04368,CC0046,FI,1,Leave Return,,AUD,AUS,2023-08-19 12:00:00,CORE_HR
EVT00062489,2023-08-22,EMP03571,CC0038,EX,3,Step Increment,157565.17,CAD,CA,2023-08-22 08:00:00,PAYROLL
EVT00061854,2023-08-05,EMP04899,CC0086,PA,2,Departure,,EUR,DEU,2023-08-06 07:00:00,CORE_HR
EVT00062200,2023-08-25,EMP03535,CC0049,PA,3,Promotion,4679522.68,INR,IND,2023-08-25 09:00:00,CORE_HR
EVT00062384,2023-08-01,EMP03767,CC0014,IT,3,Step Increment,107641.71,CAD,CA,2023-08-02 10:00:00,PAYROLL
EVT00062050,2023-08-21,EMP04773,CC0049,FI,4,Step Increment,6526240.69,INR,IND,2023-08-22 04:00:00,CORE_HR
EVT00063293,2023-08-08,EMP01708,CC0100,PA,3,Performance Pay,4117.03,CAD,CAN,2023-08-08 06:00:00,CORE_HR
EVT00062178,2023-08-13,EMP02891,CC0007,PA,4,Leave Return,,EUR,FR,2023-08-13 20:00:00,PAYROLL
EVT00062999,2023-08-06,EMP04867,CC0076,CR,4,Leave Return,,CAD,CA,2023-08-07 10:00:00,PAYROLL
EVT00063539,2023-08-11,EMP02424,CC0059,EN,1,Leave Return,,CAD,CAN,2023-08-12 01:00:00,CORE_HR
EVT00063351,2023-08-07,EMP03037,CC0093,AS,1,Promotion,55010.74,CAD,CAN,2023-08-08 06:00:00,CORE_HR
EVT00061885,2023-08-22,EMP03112,CC0081,FI,1,Promotion,80377.66,CAD,CAN,2023-08-23 14:00:00,CORE_HR
EVT00062303,2023-08-20,EMP04851,CC0082,EX,2,Leave Return,,CAD,CAN,2023-08-21 08:00:00,CORE_HR
EVT00062095,2023-08-26,EMP02680,CC0036,CR,3,Leave Return,,CAD,CAN,2023-08-26 14:00:00,CORE_HR
EVT00062998,2023-08-14,EMP01923,CC0078,EN,2,Leave Return,,CAD,CAN,2023-08-14 06:00:00,CORE_HR
EVT00063493,2023-08-19,EMP00243,CC0069,FI,3,Leave Return,,CAD,CA,2023-08-19 23:00:00,PAYROLL
EVT00062611,2023-08-20,EMP02008,CC0089,PA,4,Leave Start,,CAD,CA,2023-08-21 05:00:00,PAYROLL
EVT00062277,2023-08-21,EMP00210,CC0078,IT,2,Lateral Deployment,,CAD,CA,2023-08-21 16:00:00,PAYROLL
EVT00062222,2023-08-04,EMP02736,CC0070,PA,2,Promotion,80947.69,CAD,CA,2023-08-04 09:00:00,PAYROLL
EVT00062080,2023-08-13,EMP03804,CC0097,EN,3,Performance Pay,15017.14,CAD,CA,2023-08-13 22:00:00,PAYROLL
EVT00062453,2023-08-14,EMP05108,CC0013,PA,2,Step Increment,75035.35,CAD,CAN,2023-08-15 15:00:00,CORE_HR
EVT00063294,2023-08-04,EMP02241,CC0104,AS,2,Hire,65209.31,CAD,CA,2023-08-05 10:00:00,PAYROLL
EVT00063208,2023-08-15,EMP01590,CC0011,FI,1,Step Increment,56281.11,CAD,CAN,2023-08-15 09:00:00,CORE_HR
EVT00062616,2023-08-09,EMP03770,CC0101,EN,3,Leave Start,,CAD,CAN,2023-08-10 13:00:00,CORE_HR
EVT00062967,2023-08-21,EMP03221,CC0073,EX,2,Step Increment,165968.92,CAD,CAN,2023-08-21 07:00:00,CORE_HR
EVT00062270,2023-08-03,EMP00722,CC0035,IT,1,Leave Return,,CAD,CAN,2023-08-04 03:00:00,CORE_HR
EVT00062708,2023-08-17,EMP01046,CC0035,FI,3,Performance Pay,11220.54,CAD,CAN,2023-08-17 11:00:00,CORE_HR
EVT00062505,2023-08-06,EMP03763,CC0053,EX,2,Step Increment,168070.15,CAD,CAN,2023-08-07 05:00:00,CORE_HR
EVT00062030,2023-08-04,EMP02221,CC0086,PA,3,Step Increment,9109331.03,KES,KEN,2023-08-04 09:00:00,CORE_HR
EVT00061888,2023-08-12,EMP03230,CC0105,EX,1,Step Increment,102473.99,SGD,SGP,2023-08-13 04:00:00,CORE_HR
EVT00061943,2023-08-03,EMP01696,CC0054,PA,3,Leave Start,,AED,ARE,2023-08-04 03:00:00,CORE_HR
EVT00063423,2023-08-04,EMP00268,CC0117,PA,2,Step Increment,80096.17,CAD,CAN,2023-08-04 14:00:00,CORE_HR
EVT00063132,2023-08-16,EMP01405,CC0066,PA,3,Leave Return,,CAD,CA,2023-08-17 11:00:00,PAYROLL
EVT00062314,2023-08-27,EMP03705,CC0080,EN,1,Lateral Deployment,,BRL,BRA,2023-08-28 00:00:00,CORE_HR
EVT00063621,2023-08-18,EMP00950,CC0074,AS,2,Leave Start,,GBP,GBR,2023-08-19 01:00:00,CORE_HR
EVT00063259,2023-08-16,EMP02939,CC0094,CR,5,Hire,72776.96,CAD,CA,2023-08-16 20:00:00,PAYROLL
EVT00063607,2023-08-01,EMP01152,CC0031,AS,4,Step Increment,59930.73,USD,USA,2023-08-02 06:00:00,CORE_HR
EVT00062433,2023-08-14,EMP99999,CC0110,FI,4,Hire,115390.3,CAD,CA,2023-08-15 13:00:00,PAYROLL
EVT00062439,2023-08-25,EMP00535,CC0010,EN,2,Leave Return,,CAD,CAN,2023-08-25 16:00:00,CORE_HR
EVT00063233,2023-08-26,EMP05101,CC0079,IT,1,Leave Return,,CAD,CAN,2023-08-27 03:00:00,CORE_HR
EVT00062870,2023-08-23,EMP01407,CC0012,PA,4,Departure,,CAD,CA,2023-08-24 08:00:00,PAYROLL
EVT00063074,2023-08-03,EMP00246,CC0114,FI,3,Hire,71898.72,CAD,CA,2023-08-03 21:00:00,PAYROLL
EVT00062001,2023-08-18,EMP04688,CC0044,PA,4,Lateral Deployment,,CAD,CA,2023-08-18 16:00:00,PAYROLL
EVT00062321,2023-08-01,EMP00251,CC0084,FI,4,Performance Pay,9044.47,CAD,CAN,2023-08-01 06:00:00,CORE_HR
EVT00062626,2023-08-23,EMP04854,CC0106,EC,5,Leave Start,,CAD,CAN,2023-08-23 07:00:00,CORE_HR
EVT00062395,2023-08-18,EMP03956,CC0042,CR,1,Performance Pay,7234.09,CAD,CAN,2023-08-19 13:00:00,CORE_HR
EVT00061949,2023-08-10,EMP02223,CC0021,EX,2,Step Increment,155900.53,CAD,CAN,2023-08-10 21:00:00,CORE_HR
EVT00062485,2023-08-24,EMP00315,CC0029,EX,1,Performance Pay,55308.5,AED,AE,2023-08-25 00:00:00,PAYROLL
EVT00062796,2023-08-22,EMP02265,CC0114,AS,2,Step Increment,62111.75,CAD,CA,2023-08-22 20:00:00,PAYROLL
EVT00062778,2023-08-26,EMP04988,CC0068,EC,4,Step Increment,91311.15,CAD,CAN,2023-08-27 00:00:00,CORE_HR
EVT00063450,2023-08-15,EMP02232,CC0047,AS,3,Leave Return,,CAD,CAN,2023-08-16 15:00:00,CORE_HR
EVT00062039,2023-08-22,EMP00639,CC0065,FI,1,Step Increment,56028.79,EUR,DE,2023-08-23 02:00:00,PAYROLL
EVT00061900,2023-08-18,EMP04632,CC0011,EN,3,Step Increment,98105.87,CAD,CAN,2023-08-19 02:00:00,CORE_HR
EVT00063228,2023-08-03,EMP04804,CC0013,EX,2,Departure,,CAD,CA,2023-08-04 10:00:00,PAYROLL
EVT00062087,2023-08-06,EMP00231,CC0103,FI,4,Performance Pay,4774.29,CAD,CAN,2023-08-06 21:00:00,CORE_HR
EVT00062204,2023-08-23,EMP04274,CC0109,EC,3,Hire,120875.8,CAD,CA,2023-08-24 13:00:00,PAYROLL
EVT00062985,2023-08-26,EMP01657,CC0116,IT,3,Step Increment,100188.99,CAD,CAN,2023-08-26 16:00:00,CORE_HR
EVT00062904,2023-08-05,EMP03993,CC0034,EN,2,Step Increment,94872.85,CAD,CAN,2023-08-05 10:00:00,CORE_HR
EVT00063139,2023-08-17,EMP03559,CC0100,CR,1,Hire,58182.72,CAD,CA,2023-08-17 19:00:00,PAYROLL
EVT00062412,2023-08-06,EMP03318,CC0084,PA,3,Step Increment,79926.11,CAD,CAN,2023-08-07 01:00:00,CORE_HR
EVT00062726,2023-08-03,EMP01576,CC0101,FI,2,Step Increment,67642.1,CAD,CA,2023-08-03 10:00:00,PAYROLL
EVT00061884,2023-08-25,EMP02806,CC0080,EX,1,Step Increment,97601.62,EUR,FRA,2023-08-25 09:00:00,CORE_HR
EVT00061923,2023-08-06,EMP00111,CC0089,AS,4,Departure,,CAD,CA,2023-08-07 01:00:00,PAYROLL
EVT00062905,2023-08-08,EMP04782,CC0088,EC,3,Promotion,93925.62,SGD,SG,2023-08-08 11:00:00,PAYROLL
EVT00062172,2023-08-15,EMP03781,CC0051,EN,2,Leave Return,,CAD,CA,2023-08-15 14:00:00,PAYROLL
EVT00061853,2023-08-08,EMP03393,CC0081,EX,2,Leave Start,,CAD,CAN,2023-08-08 11:00:00,CORE_HR
EVT00063265,2023-08-18,EMP02881,CC0058,PA,1,Step Increment,63259.61,CAD,CAN,2023-08-19 08:00:00,CORE_HR
EVT00062088,2023-08-04,EMP01879,CC0089,PA,3,Step Increment,75421.2,CAD,CA,2023-08-04 12:00:00,PAYROLL
EVT00061835,2023-08-14,EMP03368,CC0050,CR,4,Leave Return,,CAD,CAN,2023-08-15 10:00:00,CORE_HR
EVT00063269,2023-08-04,EMP00207,CC0065,IT,5,Step Increment,14808104.95,JPY,JPN,2023-08-04 11:00:00,CORE_HR
EVT00062827,2023-08-22,EMP02136,CC0096,PA,1,Leave Return,,CAD,CA,2023-08-22 11:00:00,PAYROLL
EVT00062076,2023-08-15,EMP02125,CC0110,EC,3,Departure,,CAD,CA,2023-08-16 09:00:00,PAYROLL
EVT00062656,2023-08-06,EMP02832,CC0106,EX,2,Step Increment,170347.27,CAD,CAN,2023-08-06 15:00:00,CORE_HR
EVT00063498,2023-08-09,EMP01075,CC0094,PA,2,Departure,,CAD,CA,2023-08-10 10:00:00,PAYROLL
EVT00062821,2023-08-18,EMP00199,CC0030,EN,2,Promotion,139551.17,AUD,AUS,2023-08-19 01:00:00,CORE_HR
EVT00062168,2023-08-24,EMP01066,CC0112,FI,2,Lateral Deployment,,CAD,CAN,2023-08-24 22:00:00,CORE_HR
EVT00062305,2023-08-09,EMP01538,CC0115,PA,2,Leave Return,,CAD,CAN,2023-08-10 14:00:00,CORE_HR
EVT00062053,2023-08-12,EMP01052,CC0072,EN,3,Promotion,102838.42,CAD,CAN,2023-08-13 08:00:00,CORE_HR
EVT00062154,2023-08-01,EMP01445,CC0093,PA,4,Step Increment,91770.76,CAD,CA,2023-08-01 15:00:00,PAYROLL
EVT00061893,2023-08-20,EMP04623,CC0066,PA,4,Departure,,CAD,CAN,2023-08-21 07:00:00,CORE_HR
EVT00063061,2023-08-20,EMP00151,CC0001,EX,1,Lateral Deployment,,CAD,CA,2023-08-20 18:00:00,PAYROLL
EVT00062398,2023-08-25,EMP00705,CC0009,PA,2,Step Increment,6548355.1,JPY,JPN,2023-08-25 19:00:00,CORE_HR
EVT00062415,2023-08-23,EMP03984,CC0042,CR,4,Performance Pay,9446.75,CAD,CAN,2023-08-24 13:00:00,CORE_HR
EVT00063516,2023-08-18,EMP02042,CC0015,EN,2,Step Increment,94765.88,CAD,CAN,2023-08-19 12:00:00,CORE_HR
EVT00062693,2023-08-25,EMP04489,CC0064,IT,2,Step Increment,105160.21,CAD,CA,2023-08-25 08:00:00,PAYROLL
EVT00063077,2023-08-08,EMP02867,CC0091,FI,2,Leave Return,,CAD,CAN,2023-08-09 05:00:00,CORE_HR
EVT00062414,2023-08-26,EMP00603,CC0068,PA,3,Performance Pay,7954.9,CAD,CAN,2023-08-27 05:00:00,CORE_HR
EVT00061882,2023-08-22,EMP01118,CC0061,EC,1,Leave Start,,CAD,CAN,2023-08-23 02:00:00,CORE_HR
EVT00062331,2023-08-24,EMP03566,CC0001,EN,2,Step Increment,100060.16,CAD,CAN,2023-08-25 08:00:00,CORE_HR
EVT00061935,2023-08-14,EMP00773,CC0092,EC,2,Promotion,87052.54,CAD,CAN,2023-08-15 09:00:00,CORE_HR
EVT00063593,2023-08-14,EMP01753,CC0100,PA,3,Promotion,76047.45,CAD,CAN,2023-08-15 05:00:00,CORE_HR
EVT00062609,2023-08-08,EMP00717,CC0115,CR,2,Performance Pay,7134.88,CAD,CAN,2023-08-09 13:00:00,CORE_HR
EVT00063065,2023-08-11,EMP01532,CC0053,CR,3,Leave Return,,CAD,CAN,2023-08-12 07:00:00,CORE_HR
EVT00062442,2023-08-22,EMP03027,CC0029,PA,1,Departure,,AED,ARE,2023-08-22 19:00:00,CORE_HR
EVT00061950,2023-08-09,EMP02084,CC0052,IT,3,Performance Pay,4787.75,CAD,CAN,2023-08-09 22:00:00,CORE_HR
EVT00063072,2023-08-24,EMP05090,CC0093,EC,2,Step Increment,81404.86,CAD,CAN,2023-08-25 09:00:00,CORE_HR
EVT00062939,2023-08-26,EMP02693,CC0011,PA,3,Lateral Deployment,,CAD,CAN,2023-08-26 06:00:00,CORE_HR
EVT00061813,2023-08-23,EMP02490,CC0019,IT,1,Performance Pay,3850.39,CAD,CA,2023-08-24 08:00:00,PAYROLL
EVT00061987,2023-08-06,EMP04252,CC0064,IT,4,Leave Return,,CAD,CAN,2023-08-06 11:00:00,CORE_HR
EVT00062814,2023-08-13,EMP00986,CC0090,EX,1,Departure,,CAD,CA,2023-08-14 04:00:00,PAYROLL
EVT00061846,2023-08-22,EMP03796,CC0060,PA,2,Step Increment,72251.55,CAD,CAN,2023-08-23 04:00:00,CORE_HR
EVT00063515,2023-08-08,EMP04921,CC0045,PA,3,Step Increment,91568.68,CAD,CA,2023-08-09 11:00:00,PAYROLL
EVT00063178,2023-08-24,EMP01060,CC0042,CR,2,Step Increment,54870.71,CAD,CAN,2023-08-25 10:00:00,CORE_HR
EVT00062665,2023-08-22,EMP04848,CC0045,PA,3,Step Increment,77648.7,CAD,CA,2023-08-22 15:00:00,PAYROLL
EVT00063187,2023-08-19,EMP00258,CC0034,IT,2,Step Increment,103391.31,CAD,CA,2023-08-19 13:00:00,PAYROLL
EVT00063343,2023-08-19,EMP01615,CC0056,FI,2,Leave Start,,CAD,CAN,2023-08-19 23:00:00,CORE_HR
EVT00063175,2023-08-06,EMP05020,CC0046,EN,2,Leave Start,,JPY,JPN,2023-08-06 13:00:00,CORE_HR
EVT00061866,2023-08-11,EMP01853,CC0009,EN,1,Promotion,64912.52,EUR,FRA,2023-08-11 19:00:00,CORE_HR
EVT00063415,2023-08-07,EMP04010,CC0004,EX,1,Step Increment,148873.68,CAD,CA,2023-08-07 14:00:00,PAYROLL
EVT00062550,2023-08-23,EMP04230,CC0050,PA,4,Leave Return,,CAD,CAN,2023-08-24 12:00:00,CORE_HR
EVT00063633,2023-08-15,EMP00959,CC0073,AS,2,Leave Start,,CAD,CAN,2023-08-16 02:00:00,CORE_HR
EVT00063312,2023-08-27,EMP02980,CC0093,CR,1,Leave Start,,CAD,CAN,2023-08-27 16:00:00,CORE_HR
EVT00063121,2023-08-14,EMP04997,CC0033,FI,3,Leave Return,,CAD,CA,2023-08-14 09:00:00,PAYROLL
EVT00062978,2023-08-04,EMP04305,CC0096,AS,1,Departure,,CAD,CA,2023-08-05 11:00:00,PAYROLL
EVT00062164,2023-08-22,EMP00238,CC0106,EC,2,Promotion,81235.55,CAD,CAN,2023-08-22 21:00:00,CORE_HR
EVT00063240,2023-08-05,EMP03942,CC0040,IT,4,Departure,,CAD,CA,2023-08-06 12:00:00,PAYROLL
EVT00062855,2023-08-19,EMP00506,CC0097,PA,1,Leave Start,,CAD,CA,2023-08-20 08:00:00,PAYROLL
EVT00063634,2023-08-11,EMP00313,CC0058,FI,5,Leave Start,,CAD,CAN,2023-08-12 03:00:00,CORE_HR
EVT00062898,2023-08-21,EMP00744,CC0109,AS,5,Leave Return,,CAD,CA,2023-08-21 07:00:00,PAYROLL
EVT00063522,2023-08-25,EMP05187,CC0026,EC,5,Step Increment,140691.37,CAD,CAN,2023-08-26 02:00:00,CORE_HR
EVT00062250,2023-08-21,EMP02891,CC0007,PA,4,Departure,,BRL,BRA,2023-08-21 17:00:00,CORE_HR
EVT00062357,2023-08-19,EMP02293,CC0109,PA,1,Leave Return,,CAD,CAN,2023-08-19 12:00:00,CORE_HR
EVT00062083,2023-08-03,EMP00051,CC0099,EN,4,Hire,133889.36,CAD,CA,2023-08-04 04:00:00,PAYROLL
EVT00062159,2023-08-19,EMP02619,CC0011,EN,1,Performance Pay,8115.82,CAD,CAN,2023-08-20 01:00:00,CORE_HR
EVT00062296,2023-08-23,EMP05016,CC0060,CR,2,Step Increment,54539.84,CAD,CA,2023-08-23 12:00:00,PAYROLL
EVT00063191,2023-08-20,EMP02849,CC0013,PA,2,Promotion,71665.96,CAD,CAN,2023-08-20 22:00:00,CORE_HR
EVT00062130,2023-08-12,EMP02767,CC0102,IT,3,Step Increment,113548.74,CAD,CA,2023-08-13 05:00:00,PAYROLL
EVT00063239,2023-08-04,EMP03277,CC0060,IT,1,Leave Return,,CAD,CAN,2023-08-05 07:00:00,CORE_HR
EVT00062093,2023-08-13,EMP01821,CC0108,IT,2,Hire,357901.43,BRL,BR,2023-08-13 15:00:00,PAYROLL
EVT00063179,2023-08-05,EMP02651,CC0020,PA,3,Step Increment,87676.35,CAD,CA,2023-08-06 07:00:00,PAYROLL
EVT00062479,2023-08-19,EMP04331,CC0089,AS,3,Step Increment,75739.58,CAD,CA,2023-08-20 00:00:00,PAYROLL
EVT00061803,2023-08-04,EMP00031,CC0023,PA,2,Step Increment,93220.09,CAD,CAN,2023-08-04 21:00:00,CORE_HR
EVT00062146,2023-08-25,EMP04251,CC0064,IT,4,Step Increment,112773.25,CAD,CAN,2023-08-25 16:00:00,CORE_HR
EVT00062992,2023-08-19,EMP01530,CC0052,PA,1,Step Increment,50323.82,CAD,CAN,2023-08-19 10:00:00,CORE_HR
EVT00061847,2023-08-16,EMP04994,CC0001,EN,2,Step Increment,94962.89,CAD,CA,2023-08-16 22:00:00,PAYROLL
EVT00062280,2023-08-20,EMP03422,CC0046,PA,1,Leave Start,,BRL,BR,2023-08-21 09:00:00,PAYROLL
EVT00062762,2023-08-24,EMP02880,CC0087,CR,1,Leave Start,,CAD,CA,2023-08-25 03:00:00,PAYROLL
EVT00062044,2023-08-07,EMP04850,CC0010,AS,2,Performance Pay,6521.82,CAD,CAN,2023-08-07 08:00:00,CORE_HR
EVT00062263,2023-08-22,EMP05089,CC0016,PA,1,Lateral Deployment,,CAD,CAN,2023-08-23 01:00:00,CORE_HR
EVT00063155,2023-08-21,EMP02393,CC0009,AS,4,Performance Pay,6695.88,USD,USA,2023-08-21 19:00:00,CORE_HR
EVT00062338,2023-08-23,EMP02170,CC0082,EX,2,Performance Pay,12500.42,CAD,CAN,2023-08-23 17:00:00,CORE_HR
EVT00062401,2023-08-09,EMP04614,CC0047,FI,3,Performance Pay,10034.18,CAD,CAN,2023-08-09 15:00:00,CORE_HR
EVT00063026,2023-08-02,EMP04619,CC0113,PA,1,Departure,,CAD,CA,2023-08-03 12:00:00,PAYROLL
EVT00062476,2023-08-02,EMP00088,CC0093,IT,1,Departure,,CAD,CA,2023-08-02 23:00:00,PAYROLL
EVT00062446,2023-08-22,EMP01873,CC0012,IT,3,Step Increment,121722.41,CAD,CA,2023-08-22 18:00:00,PAYROLL
EVT00062568,2023-08-01,EMP01825,CC0098,EN,1,Leave Return,,CAD,CAN,2023-08-01 11:00:00,CORE_HR
EVT00062657,2023-08-15,EMP04400,CC0096,IT,1,Leave Start,,CAD,CA,2023-08-16 06:00:00,PAYROLL
EVT00062715,2023-08-07,EMP01842,CC0054,PA,4,Performance Pay,139011.89,MXN,MX,2023-08-07 20:00:00,PAYROLL
EVT00062561,2023-08-06,EMP00273,CC0003,PA,1,Promotion,70084.16,CAD,CAN,2023-08-07 15:00:00,CORE_HR
EVT00062226,2023-08-06,EMP04548,CC0058,PA,1,Step Increment,68605.19,CAD,CAN,2023-08-06 15:00:00,CORE_HR
EVT00063608,2023-08-14,EMP02963,CC0015,FI,3,Leave Start,,CAD,CAN,2023-08-14 20:00:00,CORE_HR
EVT00061818,2023-08-09,EMP01304,CC0074,FI,2,Step Increment,426762.92,BRL,BRA,2023-08-10 03:00:00,CORE_HR
EVT00063616,2023-08-12,EMP00462,CC0035,PA,3,Promotion,86110.52,CAD,CA,2023-08-13 02:00:00,PAYROLL
EVT00063617,2023-08-06,EMP04524,CC0010,EX,1,Step Increment,145286.13,CAD,CA,2023-08-06 10:00:00,PAYROLL
EVT00063221,2023-08-16,EMP00158,CC0016,AS,5,Performance Pay,12199.36,CAD,CAN,2023-08-17 11:00:00,CORE_HR
EVT00062355,2023-08-15,EMP04840,CC0055,AS,1,Performance Pay,3901.92,CAD,CAN,2023-08-16 04:00:00,CORE_HR
EVT00063462,2023-08-25,EMP04181,CC0096,EN,1,Promotion,80092.26,CAD,CAN,2023-08-26 05:00:00,CORE_HR
EVT00062207,2023-08-11,EMP00118,CC0030,AS,2,Lateral Deployment,,KES,KE,2023-08-11 08:00:00,PAYROLL
EVT00063476,2023-08-01,EMP04883,CC0094,PA,1,Promotion,65240.83,CAD,CA,2023-08-01 18:00:00,PAYROLL
EVT00062267,2023-08-03,EMP03494,CC0051,PA,3,Step Increment,82569.6,CAD,CAN,2023-08-03 16:00:00,CORE_HR
EVT00062613,2023-08-16,EMP03403,CC0017,AS,4,Lateral Deployment,,CAD,CAN,2023-08-17 03:00:00,CORE_HR
EVT00062744,2023-08-10,EMP00085,CC0009,IT,2,Lateral Deployment,,INR,IND,2023-08-10 09:00:00,CORE_HR
EVT00062628,2023-08-13,EMP04458,CC0098,IT,1,Leave Start,,CAD,CAN,2023-08-14 02:00:00,CORE_HR
EVT00063401,2023-08-18,EMP04368,CC0046,FI,1,Leave Return,,AUD,AUS,2023-08-18 08:00:00,CORE_HR
EVT00062515,2023-08-26,EMP01982,CC0119,CR,1,Leave Start,,CAD,CAN,2023-08-27 11:00:00,CORE_HR
EVT00063555,2023-08-06,EMP04326,CC0079,PA,1,Step Increment,59176.61,CAD,CA,2023-08-06 15:00:00,PAYROLL
EVT00063036,2023-08-04,EMP99999,CC0109,PA,5,Lateral Deployment,,CAD,CA,2023-08-04 19:00:00,PAYROLL
EVT00062989,2023-08-22,EMP03670,CC0005,AS,2,Step Increment,63668.56,CAD,CA,2023-08-22 15:00:00,PAYROLL
EVT00063576,2023-08-09,EMP02051,CC0083,FI,2,Performance Pay,11710.81,CAD,CAN,2023-08-09 06:00:00,CORE_HR
EVT00063009,2023-08-08,EMP00935,CC0109,PA,1,Step Increment,70022.59,CAD,CAN,2023-08-08 08:00:00,CORE_HR
EVT00063310,2023-08-14,EMP04950,CC0056,PA,2,Leave Start,,CAD,CA,2023-08-15 01:00:00,PAYROLL
EVT00063013,2023-08-10,EMP04224,CC0006,PA,2,Step Increment,74582.94,CAD,CA,2023-08-10 23:00:00,PAYROLL
EVT00062276,2023-08-03,EMP01362,CC0025,FI,1,Leave Start,,CAD,CAN,2023-08-04 14:00:00,CORE_HR
EVT00062218,2023-08-02,EMP00916,CC0019,EX,1,Step Increment,120854.62,CAD,CA,2023-08-02 12:00:00,PAYROLL
EVT00063505,2023-08-18,EMP02679,CC0063,EX,1,Leave Start,,CAD,CAN,2023-08-19 06:00:00,CORE_HR
EVT00062185,2023-08-05,EMP00852,CC0001,IT,2,Lateral Deployment,,CAD,CA,2023-08-05 16:00:00,PAYROLL
EVT00062862,2023-08-14,EMP04619,CC0113,PA,1,Performance Pay,5129.12,CAD,CAN,2023-08-14 13:00:00,CORE_HR
EVT00062706,2023-08-25,EMP03967,CC0072,EN,4,Promotion,118082.74,CAD,CA,2023-08-26 08:00:00,PAYROLL
EVT00063497,2023-08-23,EMP00523,CC0098,FI,3,Promotion,94036.61,CAD,CA,2023-08-23 18:00:00,PAYROLL
EVT00062927,2023-08-06,EMP01706,CC0096,EX,2,Leave Start,,CAD,CAN,2023-08-06 09:00:00,CORE_HR
EVT00063443,2023-08-04,EMP02456,CC0028,PA,4,Step Increment,98562.86,CAD,CAN,2023-08-04 20:00:00,CORE_HR
EVT00062659,2023-08-24,EMP05057,CC0115,CR,1,Step Increment,48691.57,CAD,CA,2023-08-24 20:00:00,PAYROLL
EVT00062686,2023-08-18,EMP05046,CC0017,PA,1,Step Increment,50548.25,CAD,CAN,2023-08-18 15:00:00,CORE_HR
EVT00062382,2023-08-01,EMP00184,CC0039,PA,1,Leave Start,,CAD,CA,2023-08-01 14:00:00,PAYROLL
EVT00063599,2023-08-15,EMP04822,CC0007,PA,2,Leave Return,,EUR,DEU,2023-08-16 07:00:00,CORE_HR
EVT00062555,2023-08-05,EMP04627,CC0007,IT,3,Step Increment,72926.07,EUR,DEU,2023-08-05 17:00:00,CORE_HR
EVT00063336,2023-08-10,EMP02135,CC0063,PA,3,Hire,90612.1,CAD,CAN,2023-08-11 14:00:00,CORE_HR
EVT00061887,2023-08-03,EMP00067,CC0050,AS,5,Leave Start,,CAD,CAN,2023-08-04 03:00:00,CORE_HR
EVT00062106,2023-08-13,EMP04317,CC0081,EC,5,Step Increment,132311.36,CAD,CAN,2023-08-14 05:00:00,CORE_HR
EVT00062523,2023-08-14,EMP04677,CC0023,PA,2,Step Increment,78128.98,CAD,CAN,2023-08-14 20:00:00,CORE_HR
EVT00062493,2023-08-04,EMP01854,CC0072,IT,4,Leave Start,,CAD,CAN,2023-08-05 11:00:00,CORE_HR
EVT00062857,2023-08-14,EMP05077,CC0112,EC,2,Leave Start,,CAD,CAN,2023-08-15 14:00:00,CORE_HR
EVT00062004,2023-08-01,EMP01277,CC0017,PA,3,Leave Start,,CAD,CAN,2023-08-02 00:00:00,CORE_HR
EVT00062773,2023-08-22,EMP01909,CC0105,PA,4,Step Increment,125398.12,AUD,AUS,2023-08-22 06:00:00,CORE_HR
EVT00063181,2023-08-08,EMP04190,CC0009,CR,2,Performance Pay,11116.94,XXX,AE,2023-08-09 03:00:00,PAYROLL
EVT00062578,2023-08-18,EMP00912,CC0043,IT,2,Performance Pay,11086.98,CAD,CA,2023-08-18 14:00:00,PAYROLL
EVT00062738,2023-08-09,EMP04725,CC0065,EC,3,Step Increment,11633693.11,JPY,JP,2023-08-09 15:00:00,PAYROLL
EVT00061808,2023-08-14,EMP00913,CC0085,PA,3,Performance Pay,8796.04,CAD,CAN,2023-08-14 09:00:00,CORE_HR
EVT00062743,2023-08-16,EMP03140,CC0068,IT,2,Step Increment,97480.79,CAD,CA,2023-08-19 12:00:00,PAYROLL
EVT00063382,2023-08-15,EMP03209,CC0105,FI,2,Step Increment,8077139.51,JPY,JPN,2023-08-16 13:00:00,CORE_HR
EVT00063427,2023-08-07,EMP00729,CC0105,PA,3,Departure,,INR,IND,2023-08-07 17:00:00,CORE_HR
EVT00062846,2023-08-03,EMP00022,CC0064,EX,3,Hire,192591.28,CAD,CAN,2023-08-04 03:00:00,CORE_HR
EVT00062636,2023-08-02,EMP01249,CC0095,EX,1,Performance Pay,16265.76,CAD,CA,2023-08-02 20:00:00,PAYROLL
EVT00063012,2023-08-18,EMP02730,CC0073,IT,3,Step Increment,109573.33,CAD,CAN,2023-08-19 06:00:00,CORE_HR
EVT00062381,2023-08-07,EMP03044,CC0031,EC,5,Step Increment,204871.03,AUD,AU,2023-08-07 13:00:00,PAYROLL
EVT00062390,2023-08-17,EMP01400,CC0067,PA,2,Step Increment,72452.85,CAD,CAN,2023-08-18 05:00:00,CORE_HR
EVT00062369,2023-08-22,EMP02944,CC0078,PA,4,Promotion,74158.14,CAD,CAN,2023-08-22 12:00:00,CORE_HR
EVT00062854,2023-08-14,EMP01904,CC0016,EX,1,Leave Start,,CAD,CAN,2023-08-15 07:00:00,CORE_HR
EVT00062044,2023-08-07,EMP04850,CC0010,AS,2,Performance Pay,6521.82,CAD,CAN,2023-08-09 05:00:00,CORE_HR
EVT00063535,2023-08-22,EMP03863,CC0094,PA,2,Lateral Deployment,,CAD,CAN,2023-08-22 21:00:00,CORE_HR
EVT00062800,2023-08-27,EMP00095,CC0058,EX,1,Performance Pay,6731.83,CAD,CA,2023-08-28 10:00:00,PAYROLL
EVT00062750,2023-08-08,EMP00457,CC0065,FI,5,Step Increment,-80619.51,EUR,FRA,2023-08-09 10:00:00,CORE_HR
EVT00062440,2023-08-21,EMP00558,CC0008,PA,1,Step Increment,60814.01,CAD,CAN,2023-08-21 16:00:00,CORE_HR
EVT00062935,2023-08-27,EMP02442,CC0009,IT,3,Performance Pay,15786.47,AUD,AUS,2023-08-27 23:00:00,CORE_HR
EVT00063339,2023-08-18,EMP00226,CC0115,PA,5,Departure,,CAD,CAN,2023-08-18 21:00:00,CORE_HR
EVT00063073,2023-08-27,EMP04938,CC0046,EC,3,Step Increment,80963.57,GBP,GB,2023-08-27 08:00:00,PAYROLL
EVT00063079,2023-08-06,EMP04448,CC0035,FI,2,Leave Return,,CAD,CAN,2023-08-07 07:00:00,CORE_HR
EVT00062552,2023-08-22,EMP04753,CC0077,PA,4,Step Increment,100267.52,CAD,CAN,2023-08-23 03:00:00,CORE_HR
EVT00063114,2023-08-02,EMP05008,CC0065,PA,4,Performance Pay,693523.44,INR,IND,2023-08-02 20:00:00,CORE_HR
EVT00062258,2023-08-17,EMP04455,CC0001,IT,3,Promotion,111277.87,CAD,CAN,2023-08-18 12:00:00,CORE_HR
EVT00062566,2023-08-02,EMP01151,CC0107,EN,2,Step Increment,91683.65,CAD,CA,2023-08-02 11:00:00,PAYROLL
EVT00063317,2023-08-03,EMP02267,CC0021,PA,5,Hire,100030.91,CAD,CA,2023-08-03 10:00:00,PAYROLL
EVT00063338,2023-08-03,EMP00767,CC0089,CR,1,Step Increment,61177.75,CAD,CA,2023-08-04 05:00:00,PAYROLL
EVT00063629,2023-08-14,EMP03224,CC0113,EX,3,Promotion,168742.34,CAD,CAN,2023-08-15 13:00:00,CORE_HR
EVT00063462,2023-08-25,EMP04181,CC0096,EN,1,Promotion,80092.26,CAD,CAN,2023-08-27 04:00:00,CORE_HR
EVT00062497,2023-08-17,EMP04381,CC0044,AS,5,Lateral Deployment,,CAD,CAN,2023-08-18 12:00:00,CORE_HR
EVT00063027,2023-08-26,EMP00426,CC0033,AS,4,Departure,,CAD,CAN,2023-08-26 12:00:00,CORE_HR
EVT00061902,2023-08-18,EMP03108,CC0019,EN,1,Performance Pay,7522.97,CAD,CAN,2023-08-19 12:00:00,CORE_HR
EVT00063029,2023-08-12,EMP03901,CC0085,AS,4,Lateral Deployment,,CAD,CAN,2023-08-12 21:00:00,CORE_HR
EVT00062574,2023-08-04,EMP01291,CC0063,IT,4,Lateral Deployment,,CAD,CAN,2023-08-04 17:00:00,CORE_HR
EVT00063205,2023-08-09,EMP01935,CC0008,PA,2,Step Increment,54668.49,CAD,CAN,2023-08-09 22:00:00,CORE_HR
EVT00062864,2023-08-07,EMP04171,CC0120,IT,2,Lateral Deployment,,CAD,CAN,2023-08-08 03:00:00,CORE_HR
EVT00062731,2023-08-21,EMP02506,CC0108,EN,5,Step Increment,188891.2,AUD,AU,2023-08-21 11:00:00,PAYROLL
EVT00062025,2023-08-05,EMP03568,CC0077,PA,5,Step Increment,81778.55,CAD,CAN,2023-08-06 05:00:00,CORE_HR
EVT00062734,2023-08-14,EMP00182,CC0066,EN,2,Step Increment,103184.74,CAD,CA,2023-08-14 09:00:00,PAYROLL
EVT00062714,2023-08-13,EMP04705,CC0092,EN,3,Step Increment,118527.45,CAD,CA,2023-08-13 21:00:00,PAYROLL
EVT00062894,2023-08-21,EMP04306,CC0016,EC,3,Performance Pay,7644.83,CAD,CAN,2023-08-22 04:00:00,CORE_HR
EVT00062604,2023-08-07,EMP03399,CC0103,AS,1,Leave Return,,CAD,CAN,2023-08-07 21:00:00,CORE_HR
EVT00061978,2023-08-05,EMP00710,CC0071,AS,5,Leave Start,,CAD,CAN,2023-08-05 14:00:00,CORE_HR
EVT00063543,2023-08-07,EMP01285,CC0083,EC,4,Leave Start,,CAD,CA,2023-08-09 01:00:00,PAYROLL
EVT00061800,2023-08-24,EMP03766,CC0096,CR,4,Hire,72121.51,CAD,CAN,2023-08-25 08:00:00,CORE_HR
EVT00063199,2023-08-27,EMP05189,CC0018,EX,2,Step Increment,161387.4,CAD,CA,2023-08-28 10:00:00,PAYROLL
EVT00062995,2023-08-01,EMP03893,CC0099,EX,2,Step Increment,137457.28,CAD,CA,2023-08-02 07:00:00,PAYROLL
EVT00062698,2023-08-02,EMP04020,CC0120,AS,1,Promotion,53199.25,CAD,CAN,2023-08-02 10:00:00,CORE_HR
EVT00061826,2023-08-25,EMP04765,CC0043,PA,2,Departure,,CAD,CA,2023-08-26 11:00:00,PAYROLL
EVT00063577,2023-08-26,EMP00621,CC0048,IT,5,Step Increment,119834.59,CAD,CA,2023-08-27 02:00:00,PAYROLL
EVT00062947,2023-08-10,EMP02382,CC0102,IT,4,Promotion,124060.21,CAD,CAN,2023-08-10 08:00:00,CORE_HR
EVT00063082,2023-08-09,EMP00723,CC0031,AS,2,Lateral Deployment,,USD,US,2023-08-09 10:00:00,PAYROLL
EVT00063222,2023-08-17,EMP01356,CC0005,AS,3,Step Increment,66809.58,CAD,CA,2023-08-18 07:00:00,PAYROLL
EVT00062977,2023-08-09,EMP02081,CC0009,EC,3,Lateral Deployment,,GBP,GB,2023-08-09 12:00:00,PAYROLL
EVT00062215,2023-08-16,EMP02712,CC0066,FI,1,Leave Start,,CAD,CAN,2023-08-16 23:00:00,CORE_HR
EVT00062284,2023-08-06,EMP04862,CC0049,FI,1,Hire,46771.08,GBP,GBR,2023-08-06 12:00:00,CORE_HR
EVT00061931,2023-08-07,EMP03540,CC0059,EC,1,Step Increment,75336.65,CAD,CA,2023-08-07 19:00:00,PAYROLL
EVT00061925,2023-08-12,EMP02380,CC0089,PA,1,Hire,65242.87,CAD,CAN,2023-08-12 08:00:00,CORE_HR
EVT00062582,2023-08-04,EMP03986,CC0078,PA,3,Step Increment,90607.73,CAD,CAN,2023-08-05 03:00:00,CORE_HR
EVT00063359,2023-08-27,EMP03687,CC0017,CR,3,Leave Return,,CAD,CAN,2023-08-28 13:00:00,CORE_HR
EVT00063113,2023-08-14,EMP01509,CC0004,EX,3,Step Increment,148787.94,CAD,CAN,2023-08-14 20:00:00,CORE_HR
EVT00061820,2023-08-15,EMP03876,CC0086,EX,2,Step Increment,17948023.28,KES,KEN,2023-08-16 07:00:00,CORE_HR
EVT00063237,2023-08-27,EMP02774,CC0002,EN,1,Step Increment,78928.2,CAD,CA,2023-08-27 10:00:00,PAYROLL
EVT00062512,2023-08-17,EMP00911,CC0005,AS,3,Step Increment,72448.49,CAD,CA,2023-08-18 08:00:00,PAYROLL
EVT00062934,2023-08-24,EMP02684,CC0031,EC,5,Leave Start,,GBP,GB,2023-08-24 14:00:00,PAYROLL
EVT00062527,2023-08-07,EMP01926,CC0010,EC,2,Performance Pay,9345.65,CAD,CAN,2023-08-08 14:00:00,CORE_HR
EVT00062907,2023-08-17,EMP02058,CC0055,EX,1,Step Increment,120790.25,CAD,CA,2023-08-17 13:00:00,PAYROLL
EVT00062787,2023-08-23,EMP01981,CC0101,AS,3,Step Increment,68643.49,CAD,CAN,2023-08-24 01:00:00,CORE_HR
EVT00062878,2023-08-26,EMP00057,CC0022,EN,4,Step Increment,136505.08,CAD,CA,2023-08-26 08:00:00,PAYROLL
EVT00063165,2023-08-02,EMP01026,CC0072,FI,1,Step Increment,69211.02,CAD,CA,2023-08-02 22:00:00,PAYROLL
EVT00062145,2023-08-23,EMP05020,CC0046,EN,2,Lateral Deployment,,AED,ARE,2023-08-24 07:00:00,CORE_HR
EVT00062581,2023-08-17,EMP00478,CC0032,EC,3,Leave Return,,CAD,CAN,2023-08-17 16:00:00,CORE_HR
EVT00062125,2023-08-02,EMP04818,CC0052,PA,2,Lateral Deployment,,CAD,CAN,2023-08-02 13:00:00,CORE_HR
EVT00062973,2023-08-18,EMP00022,CC0064,EX,3,Performance Pay,18238.95,CAD,CA,2023-08-19 07:00:00,PAYROLL
EVT00062671,2023-08-06,EMP01514,CC0012,IT,5,Leave Start,,CAD,CA,2023-08-07 05:00:00,PAYROLL
EVT00063463,2023-08-17,EMP04344,CC0102,PA,3,Leave Return,,CAD,CAN,2023-08-18 09:00:00,CORE_HR
EVT00062389,2023-08-09,EMP03534,CC0078,IT,1,Leave Start,,CAD,CA,2023-08-10 15:00:00,PAYROLL
EVT00062290,2023-08-01,EMP04046,CC0046,PA,5,Leave Return,,KES,KEN,2023-08-01 15:00:00,CORE_HR
EVT00063174,2023-08-21,EMP02612,CC0114,EN,1,Step Increment,82963.81,CAD,CAN,2023-08-21 06:00:00,CORE_HR
EVT00062535,2023-08-26,EMP04929,CC0073,EN,2,Promotion,84335.01,CAD,CA,2023-08-26 16:00:00,PAYROLL
EVT00063500,2023-08-07,EMP01071,CC0005,IT,2,Step Increment,105674.08,XXX,CA,2023-08-07 15:00:00,PAYROLL
EVT00063212,2023-08-01,EMP01131,CC0120,EX,1,Step Increment,143266.01,CAD,CA,2023-08-01 08:00:00,PAYROLL
EVT00062443,2023-08-06,EMP01501,CC0001,IT,4,Performance Pay,9457.35,CAD,CA,2023-08-07 08:00:00,PAYROLL
EVT00063099,2023-08-02,EMP03167,CC0079,PA,1,Step Increment,67746.83,CAD,CA,2023-08-03 11:00:00,PAYROLL
EVT00063445,2023-08-09,EMP03642,CC0037,EC,1,Leave Return,,CAD,CAN,2023-08-09 21:00:00,CORE_HR
EVT00062190,2023-08-16,EMP03525,CC0116,CR,5,Leave Return,,CAD,CA,2023-08-17 04:00:00,PAYROLL
EVT00063106,2023-08-19,EMP04513,CC0053,PA,2,Leave Return,,CAD,CAN,2023-08-19 20:00:00,CORE_HR
EVT00061921,2023-08-02,EMP01198,CC0009,PA,2,Performance Pay,2442.47,SGD,SGP,2023-08-03 12:00:00,CORE_HR
EVT00063084,2023-08-04,EMP03810,CC0038,FI,4,Promotion,120811.29,CAD,CA,2023-08-04 20:00:00,PAYROLL
EVT00062048,2023-08-04,EMP04030,CC0045,EN,4,Leave Return,,CAD,CAN,2023-08-04 11:00:00,CORE_HR
EVT00062454,2023-08-23,EMP03421,CC0083,IT,1,Step Increment,79115.65,CAD,CA,2023-08-24 10:00:00,PAYROLL
EVT00062775,2023-08-14,EMP00125,CC0112,IT,1,Departure,,CAD,CA,2023-08-15 09:00:00,PAYROLL
EVT00063478,2023-08-15,EMP02264,CC0100,EN,4,Leave Start,,CAD,CA,2023-08-16 13:00:00,PAYROLL
EVT00063049,2023-08-20,EMP01373,CC0030,EC,1,Step Increment,221304.62,AED,AE,2023-08-20 20:00:00,PAYROLL
EVT00063548,2023-08-02,EMP04125,CC0052,EN,2,Leave Return,,CAD,CAN,2023-08-03 10:00:00,CORE_HR
EVT00063417,2023-08-07,EMP01148,CC0103,EX,2,Leave Return,,CAD,CA,2023-08-07 12:00:00,PAYROLL
EVT00062111,2023-08-08,EMP03642,CC0037,EC,1,Lateral Deployment,,CAD,CAN,2023-08-08 08:00:00,CORE_HR
EVT00062605,2023-08-16,EMP00403,CC0114,CR,3,Performance Pay,4326.62,CAD,CA,2023-08-16 21:00:00,PAYROLL
EVT00061805,2023-08-08,EMP01423,CC0053,AS,1,Promotion,64630.64,CAD,CAN,2023-08-09 04:00:00,CORE_HR
EVT00062437,2023-08-13,EMP03977,CC0103,FI,3,Performance Pay,11913.61,CAD,CA,2023-08-13 17:00:00,PAYROLL
EVT00062829,2023-08-25,EMP01648,CC0029,EC,1,Leave Return,,AED,ARE,2023-08-25 08:00:00,CORE_HR
EVT00063626,2023-08-05,EMP01857,CC0108,IT,2,Performance Pay,4456.37,SGD,SG,2023-08-05 16:00:00,PAYROLL
EVT00063050,2023-08-20,EMP03917,CC0072,IT,1,Step Increment,77060.8,CAD,CAN,2023-08-21 05:00:00,CORE_HR
EVT00062694,2023-08-27,EMP03119,CC0116,IT,3,Leave Start,,CAD,CA,2023-08-27 08:00:00,PAYROLL
EVT00062742,2023-08-05,EMP04636,CC0046,CR,2,Hire,186404.03,AED,ARE,2023-08-06 03:00:00,CORE_HR
EVT00063631,2023-08-01,EMP05069,CC0046,EN,3,Performance Pay,9400.21,EUR,DE,2023-08-02 03:00:00,PAYROLL
EVT00063316,2023-08-15,EMP00859,CC0080,PA,1,Performance Pay,3948.04,USD,US,2023-08-15 06:00:00,PAYROLL
EVT00062557,2023-08-23,EMP03236,CC0028,FI,2,Performance Pay,6232.88,CAD,CA,2023-08-23 06:00:00,PAYROLL
EVT00062667,2023-08-02,EMP02683,CC0053,PA,5,Leave Start,,CAD,CA,2023-08-03 11:00:00,PAYROLL
EVT00062860,2023-08-20,EMP05138,CC0013,IT,3,Leave Return,,CAD,CAN,2023-08-21 00:00:00,CORE_HR
EVT00062274,2023-08-10,EMP01307,CC0090,AS,3,Step Increment,78168.61,CAD,CA,2023-08-10 13:00:00,PAYROLL
EVT00062153,2023-08-24,EMP05132,CC0021,IT,3,Step Increment,102248.39,CAD,CA,2023-08-25 14:00:00,PAYROLL
EVT00062163,2023-08-17,EMP01899,CC0012,AS,4,Performance Pay,5297.56,CAD,CA,2023-08-18 01:00:00,PAYROLL
EVT00062062,2023-08-21,EMP03407,CC0023,AS,3,Performance Pay,3703.56,CAD,CAN,2023-08-21 07:00:00,CORE_HR
EVT00062337,2023-08-03,EMP01839,CC0116,EN,4,Step Increment,95983.87,CAD,CAN,2023-08-04 05:00:00,CORE_HR
EVT00063587,2023-08-21,EMP02076,CC0034,PA,1,Hire,62711.64,CAD,CAN,2023-08-22 00:00:00,CORE_HR
EVT00062871,2023-08-17,EMP03363,CC0005,IT,3,Lateral Deployment,,CAD,CA,2023-08-18 13:00:00,PAYROLL
EVT00063375,2023-08-24,EMP03750,CC0089,PA,4,Step Increment,84221.82,CAD,CAN,2023-08-25 08:00:00,CORE_HR
EVT00062107,2023-08-04,EMP00886,CC0055,PA,1,Performance Pay,7108.29,CAD,CAN,2023-08-04 21:00:00,CORE_HR
EVT00062378,2023-08-05,EMP03447,CC0026,EC,1,Step Increment,79186.49,CAD,CAN,2023-08-06 14:00:00,CORE_HR
EVT00063646,2023-08-10,EMP01983,CC0092,EX,2,Promotion,149544.48,CAD,CA,2023-08-11 07:00:00,PAYROLL
EVT00061971,2023-08-22,EMP02855,CC0102,PA,3,Leave Start,,CAD,CAN,2023-08-22 16:00:00,CORE_HR
EVT00063094,2023-08-06,EMP01688,CC0080,CR,1,Performance Pay,5576.01,USD,US,2023-08-07 11:00:00,PAYROLL
EVT00063277,2023-08-15,EMP03583,CC0011,FI,3,Lateral Deployment,,CAD,CA,2023-08-15 10:00:00,PAYROLL
EVT00062558,2023-08-15,EMP01773,CC0052,EX,2,Leave Start,,CAD,CA,2023-08-16 03:00:00,PAYROLL
EVT00062679,2023-08-25,EMP01704,CC0051,PA,2,Step Increment,76702.62,CAD,CA,2023-08-25 20:00:00,PAYROLL
EVT00061980,2023-08-27,EMP03231,CC0030,PA,3,Step Increment,129684.74,AUD,AUS,2023-08-27 09:00:00,CORE_HR
EVT00063273,2023-08-06,EMP04639,CC0030,EX,2,Step Increment,249925.55,AUD,AUS,2023-08-07 15:00:00,CORE_HR
EVT00063354,2023-08-26,EMP03988,CC0030,AS,2,Lateral Deployment,,EUR,DEU,2023-08-27 11:00:00,CORE_HR
EVT00062736,2023-08-09,EMP02356,CC0091,PA,2,Step Increment,74245.76,CAD,CAN,2023-08-10 10:00:00,CORE_HR
EVT00063465,2023-08-12,EMP01259,CC0112,IT,2,Step Increment,89127.6,CAD,CA,2023-08-12 11:00:00,PAYROLL
EVT00063369,2023-08-21,EMP04431,CC0066,EX,1,Performance Pay,13735.55,CAD,CAN,2023-08-22 15:00:00,CORE_HR
EVT00062065,2023-08-06,EMP00600,CC0072,CR,1,Leave Return,,CAD,CAN,2023-08-07 01:00:00,CORE_HR
EVT00062699,2023-08-12,EMP02017,CC0104,EC,1,Hire,80289.68,CAD,CA,2023-08-13 12:00:00,PAYROLL
EVT00063252,2023-08-09,EMP02280,CC0052,FI,2,Leave Start,,CAD,CAN,2023-08-10 03:00:00,CORE_HR
EVT00062559,2023-08-23,EMP02464,CC0116,PA,1,Leave Start,,CAD,CA,2023-08-23 10:00:00,PAYROLL
EVT00063291,2023-08-18,EMP04274,CC0109,EC,3,Step Increment,95021.98,CAD,CAN,2023-08-19 09:00:00,CORE_HR
EVT00063395,2023-08-24,EMP03318,CC0084,PA,3,Performance Pay,10691.54,CAD,CAN,2023-08-24 22:00:00,CORE_HR
EVT00062599,2023-08-08,EMP02339,CC0001,IT,1,Leave Return,,CAD,CAN,2023-08-08 15:00:00,CORE_HR
EVT00062526,2023-08-07,EMP00579,CC0039,EN,3,Step Increment,120087.99,CAD,CAN,2023-08-08 08:00:00,CORE_HR
EVT00062637,2023-08-21,EMP04460,CC0083,FI,4,Step Increment,100503.64,CAD,CAN,2023-08-21 11:00:00,CORE_HR
EVT00063093,2023-08-07,EMP04800,CC0038,EC,1,Step Increment,75714.87,CAD,CA,2023-08-07 18:00:00,PAYROLL
EVT00063144,2023-08-08,EMP02825,CC0089,AS,1,Leave Start,,CAD,CA,2023-08-09 08:00:00,PAYROLL
EVT00063302,2023-08-24,EMP01463,CC0071,EX,1,Leave Start,,CAD,CAN,2023-08-25 04:00:00,CORE_HR
EVT00063404,2023-08-08,EMP03261,CC0048,PA,3,Performance Pay,10396.64,CAD,CA,2023-08-09 10:00:00,PAYROLL
EVT00063104,2023-08-14,EMP01322,CC0100,EX,2,Performance Pay,10213.93,CAD,CAN,2023-08-15 00:00:00,CORE_HR
EVT00062953,2023-08-21,EMP03717,CC0005,PA,4,Performance Pay,5061.39,CAD,CA,2023-08-21 13:00:00,PAYROLL
EVT00062682,2023-08-23,EMP04008,CC0107,EX,2,Performance Pay,7937.19,CAD,CAN,2023-08-24 11:00:00,CORE_HR
EVT00062908,2023-08-23,EMP01264,CC0010,IT,2,Leave Start,,CAD,CAN,2023-08-23 17:00:00,CORE_HR
EVT00062254,2023-08-01,EMP00092,CC0070,EN,1,Performance Pay,6869.02,CAD,CAN,2023-08-01 06:00:00,CORE_HR
EVT00063261,2023-08-16,EMP03724,CC0082,EN,1,Lateral Deployment,,CAD,CAN,2023-08-17 11:00:00,CORE_HR
EVT00063392,2023-08-20,EMP03651,CC0025,FI,4,Performance Pay,7133.9,CAD,CA,2023-08-21 09:00:00,PAYROLL
EVT00062779,2023-08-04,EMP01424,CC0022,AS,2,Lateral Deployment,,CAD,CAN,2023-08-05 02:00:00,CORE_HR
EVT00063418,2023-08-26,EMP02296,CC0045,FI,3,Performance Pay,11105.13,CAD,CA,2023-08-27 06:00:00,PAYROLL
EVT00062852,2023-08-03,EMP03919,CC0083,PA,4,Leave Start,,CAD,CAN,2023-08-04 02:00:00,CORE_HR
EVT00062955,2023-08-16,EMP01195,CC0108,PA,1,Leave Return,,JPY,JP,2023-08-17 05:00:00,PAYROLL
EVT00062376,2023-08-03,EMP01363,CC0015,IT,1,Promotion,84318.07,CAD,CAN,2023-08-04 10:00:00,CORE_HR
EVT00062247,2023-08-20,EMP02679,CC0063,EX,1,Step Increment,140285.48,CAD,CA,2023-08-21 12:00:00,PAYROLL
EVT00062181,2023-08-15,EMP01055,CC0115,AS,3,Performance Pay,6615.95,CAD,CA,2023-08-15 14:00:00,PAYROLL
EVT00062964,2023-08-20,EMP03417,CC0094,AS,4,Leave Start,,CAD,CAN,2023-08-21 14:00:00,CORE_HR
EVT00062615,2023-08-04,EMP02280,CC0052,FI,2,Performance Pay,12044.49,CAD,CAN,2023-08-04 18:00:00,CORE_HR
EVT00063464,2023-08-21,EMP00333,CC0108,IT,3,Step Increment,89372.05,GBP,GBR,2023-08-21 06:00:00,CORE_HR
EVT00062760,2023-08-15,EMP03187,CC0080,AS,4,Leave Return,,USD,US,2023-08-16 06:00:00,PAYROLL
EVT00062281,2023-08-09,EMP03342,CC0027,PA,3,Departure,,CAD,CAN,2023-08-09 15:00:00,CORE_HR
EVT00062129,2023-08-09,EMP01092,CC0084,AS,4,Step Increment,86236.62,CAD,CAN,2023-08-10 04:00:00,CORE_HR
EVT00061841,2023-08-03,EMP00077,CC0043,AS,2,Lateral Deployment,,CAD,CAN,2023-08-03 20:00:00,CORE_HR
EVT00062520,2023-08-22,EMP01459,CC0051,PA,5,Leave Return,,CAD,CA,2023-08-23 09:00:00,PAYROLL
EVT00063068,2023-08-04,EMP05038,CC0030,CR,2,Performance Pay,19530.23,AED,AE,2023-08-04 14:00:00,PAYROLL
EVT00062735,2023-08-26,EMP03554,CC0048,CR,3,Performance Pay,6727.65,CAD,CAN,2023-08-26 20:00:00,CORE_HR
EVT00061801,2023-08-19,EMP01902,CC0031,IT,1,Performance Pay,44538.34,BRL,BR,2023-08-19 15:00:00,PAYROLL
EVT00061832,2023-08-20,EMP04484,CC0033,CR,3,Performance Pay,4314.32,CAD,CAN,2023-08-21 01:00:00,CORE_HR
EVT00062046,2023-08-22,EMP01334,CC0003,EX,2,Performance Pay,12884.33,CAD,CA,2023-08-22 16:00:00,PAYROLL
EVT00062054,2023-08-22,EMP02665,CC0120,CR,3,Performance Pay,8115.82,CAD,CA,2023-08-23 05:00:00,PAYROLL
EVT00062498,2023-08-06,EMP01327,CC0059,EC,5,Leave Return,,CAD,CA,2023-08-06 17:00:00,PAYROLL
EVT00062035,2023-08-21,EMP02100,CC0071,IT,3,Leave Start,,CAD,CA,2023-08-21 13:00:00,PAYROLL
EVT00062663,2023-08-27,EMP04558,CC0109,IT,2,Promotion,89540.16,CAD,CAN,2023-08-28 08:00:00,CORE_HR
EVT00062899,2023-08-06,EMP03563,CC0115,IT,4,Step Increment,134481.37,CAD,CAN,2023-08-06 16:00:00,CORE_HR
EVT00062241,2023-08-10,EMP02530,CC0030,PA,1,Leave Return,,AUD,AUS,2023-08-10 21:00:00,CORE_HR
EVT00062350,2023-08-25,EMP03243,CC0007,IT,3,Leave Start,,EUR,DEU,2023-08-25 18:00:00,CORE_HR
EVT00062238,2023-08-01,EMP00811,CC0058,EX,3,Leave Return,,CAD,CAN,2023-08-01 08:00:00,CORE_HR
EVT00063070,2023-08-02,EMP04228,CC0005,EN,4,Hire,117522.48,CAD,CA,2023-08-02 20:00:00,PAYROLL
EVT00062045,2023-08-24,EMP04042,CC0075,PA,4,Step Increment,93202.35,CAD,CAN,2023-08-25 08:00:00,CORE_HR
EVT00061809,2023-08-22,EMP04079,CC0064,EN,2,Lateral Deployment,,CAD,CAN,2023-08-23 05:00:00,CORE_HR
EVT00062431,2023-08-10,EMP00832,CC0055,AS,3,Step Increment,71988.36,CAD,CAN,2023-08-11 08:00:00,CORE_HR
EVT00062583,2023-08-07,EMP04099,CC0057,EN,1,Hire,69498.41,CAD,CA,2023-08-08 09:00:00,PAYROLL
EVT00063368,2023-08-08,EMP01594,CC0049,EN,2,Step Increment,152120.35,AUD,AU,2023-08-09 02:00:00,PAYROLL
EVT00062633,2023-08-05,EMP01377,CC0064,FI,2,Step Increment,78543.13,CAD,CAN,2023-08-06 06:00:00,CORE_HR
EVT00063314,2023-08-08,EMP00225,CC0118,EN,2,Lateral Deployment,,CAD,CAN,2023-08-08 21:00:00,CORE_HR
EVT00061988,2023-08-24,EMP04568,CC0052,FI,4,Step Increment,106442.64,CAD,CAN,2023-08-24 14:00:00,CORE_HR
EVT00063444,2023-08-12,EMP02490,CC0019,IT,1,Performance Pay,8037.62,CAD,CAN,2023-08-13 07:00:00,CORE_HR
EVT00063477,2023-08-25,EMP00803,CC0068,EX,1,Lateral Deployment,,CAD,CAN,2023-08-25 21:00:00,CORE_HR
EVT00062262,2023-08-12,EMP03630,CC0078,PA,2,Leave Return,,CAD,CAN,2023-08-13 12:00:00,CORE_HR
EVT00063086,2023-08-17,EMP02912,CC0036,CR,4,Departure,,CAD,CAN,2023-08-17 10:00:00,CORE_HR
EVT00063231,2023-08-23,EMP03928,CC0043,EC,3,Lateral Deployment,,CAD,CAN,2023-08-24 10:00:00,CORE_HR
EVT00063292,2023-08-19,EMP02039,CC0021,EC,1,Step Increment,-77207.53,CAD,CA,2023-08-20 15:00:00,PAYROLL
EVT00062127,2023-08-09,EMP05175,CC0016,FI,4,Departure,,CAD,CAN,2023-08-09 09:00:00,CORE_HR
EVT00062285,2023-08-08,EMP01481,CC0040,FI,2,Lateral Deployment,,CAD,CA,2023-08-08 10:00:00,PAYROLL
EVT00061966,2023-08-01,EMP03055,CC0060,FI,4,Performance Pay,6449.84,CAD,CA,2023-08-02 10:00:00,PAYROLL
EVT00062356,2023-08-24,EMP02197,CC0018,PA,2,Promotion,66602.68,CAD,CA,2023-08-24 14:00:00,PAYROLL
EVT00063289,2023-08-20,EMP01936,CC0100,EN,1,Hire,87147.9,CAD,CAN,2023-08-21 09:00:00,CORE_HR
EVT00063518,2023-08-03,EMP02809,CC0027,AS,2,Step Increment,68150.16,CAD,CA,2023-08-03 12:00:00,PAYROLL
EVT00061937,2023-08-07,EMP00169,CC0016,PA,1,Leave Start,,CAD,CA,2023-08-07 19:00:00,PAYROLL
EVT00062047,2023-08-11,EMP02329,CC0021,PA,1,Performance Pay,6437.61,CAD,CAN,2023-08-12 13:00:00,CORE_HR
EVT00062070,2023-08-02,EMP05050,CC0016,IT,2,Step Increment,79193.97,CAD,CAN,2023-08-02 23:00:00,CORE_HR
EVT00063326,2023-08-21,EMP03989,CC0041,FI,3,Departure,,CAD,CAN,2023-08-21 08:00:00,CORE_HR
EVT00063600,2023-08-05,EMP05063,CC0100,PA,2,Step Increment,67209.39,CAD,CA,2023-08-05 07:00:00,PAYROLL
EVT00062424,2023-08-13,EMP01477,CC0068,PA,1,Performance Pay,4508.02,CAD,CAN,2023-08-14 03:00:00,CORE_HR
EVT00062823,2023-08-02,EMP04110,CC0076,PA,4,Step Increment,93275.2,CAD,CA,2023-08-03 11:00:00,PAYROLL
EVT00062728,2023-08-24,EMP00705,CC0009,PA,2,Promotion,56595.51,USD,USA,2023-08-27 15:00:00,CORE_HR
EVT00063052,2023-08-21,EMP04985,CC0001,EN,3,Leave Start,,CAD,CA,2023-08-22 09:00:00,PAYROLL
EVT00063136,2023-08-01,EMP00295,CC0039,IT,2,Step Increment,87989.49,CAD,CAN,2023-08-01 08:00:00,CORE_HR
EVT00063558,2023-08-23,EMP02214,CC0020,EN,3,Lateral Deployment,,CAD,CA,2023-08-23 06:00:00,PAYROLL
EVT00061870,2023-08-01,EMP05108,CC0013,PA,2,Step Increment,71527.64,CAD,CA,2023-08-01 18:00:00,PAYROLL
EVT00062839,2023-08-12,EMP02887,CC0033,EC,2,Step Increment,82237.24,CAD,CA,2023-08-12 21:00:00,PAYROLL
EVT00062471,2023-08-11,EMP01943,CC0058,EN,2,Hire,104558.61,CAD,CAN,2023-08-12 02:00:00,CORE_HR
EVT00063244,2023-08-08,EMP01695,CC0093,PA,1,Hire,67746.31,CAD,CA,2023-08-08 22:00:00,PAYROLL
EVT00062573,2023-08-15,EMP02213,CC0017,EN,2,Step Increment,94280.85,CAD,CA,2023-08-16 15:00:00,PAYROLL
EVT00062643,2023-08-11,EMP01179,CC0096,EN,1,Promotion,89958.61,CAD,CAN,2023-08-11 23:00:00,CORE_HR
EVT00062135,2023-08-02,EMP02790,CC0118,PA,2,Promotion,74892.51,CAD,CA,2023-08-02 09:00:00,PAYROLL
EVT00062805,2023-08-23,EMP01187,CC0002,AS,3,Leave Start,,CAD,CAN,2023-08-24 07:00:00,CORE_HR
EVT00062963,2023-08-10,EMP03511,CC0005,CR,4,Step Increment,68237.93,CAD,CAN,2023-08-11 08:00:00,CORE_HR
EVT00063223,2023-08-26,EMP00479,CC0073,EN,3,Leave Return,,CAD,CAN,2023-08-26 14:00:00,CORE_HR
EVT00062876,2023-08-07,EMP03385,CC0018,FI,3,Performance Pay,4269.9,CAD,CA,2023-08-07 17:00:00,PAYROLL
EVT00063170,2023-08-21,EMP04837,CC0005,AS,5,Leave Return,,CAD,CAN,2023-08-21 22:00:00,CORE_HR
EVT00062085,2023-08-11,EMP99999,CC0083,PA,3,Performance Pay,11089.56,CAD,CAN,2023-08-12 13:00:00,CORE_HR
EVT00062840,2023-08-20,EMP02947,CC0010,IT,1,Lateral Deployment,,CAD,CAN,2023-08-20 21:00:00,CORE_HR
EVT00062838,2023-08-24,EMP02987,CC0109,AS,3,Step Increment,72002.7,CAD,CA,2023-08-25 11:00:00,PAYROLL
EVT00062903,2023-08-06,EMP02762,CC0032,EN,1,Lateral Deployment,,CAD,CAN,2023-08-07 08:00:00,CORE_HR
EVT00062866,2023-08-12,EMP03258,CC0068,IT,1,Performance Pay,9172.21,CAD,CA,2023-08-12 09:00:00,PAYROLL
EVT00062289,2023-08-25,EMP02790,CC0118,PA,2,Step Increment,71469.27,CAD,CAN,2023-08-25 15:00:00,CORE_HR
EVT00062629,2023-08-04,EMP02375,CC0030,EC,4,Step Increment,81152.43,EUR,DEU,2023-08-05 07:00:00,CORE_HR
EVT00063540,2023-08-19,EMP00398,CC0076,PA,5,Departure,,CAD,CAN,2023-08-19 08:00:00,CORE_HR
EVT00062276,2023-08-03,EMP01362,CC0025,FI,1,Leave Start,,CAD,CAN,2023-08-06 22:00:00,CORE_HR
EVT00062541,2023-08-03,EMP03631,CC0102,CR,2,Departure,,CAD,CAN,2023-08-03 23:00:00,CORE_HR
EVT00062105,2023-08-10,EMP01164,CC0119,AS,1,Leave Start,,CAD,CAN,2023-08-10 15:00:00,CORE_HR
EVT00062152,2023-08-19,EMP01224,CC0023,AS,3,Step Increment,87411.18,CAD,CA,2023-08-20 04:00:00,PAYROLL
EVT00062793,2023-08-27,EMP02610,CC0044,PA,2,Performance Pay,9099.98,CAD,CAN,2023-08-27 18:00:00,CORE_HR
EVT00062662,2023-08-21,EMP03563,CC0115,IT,4,Step Increment,133415.43,CAD,CAN,2023-08-22 21:00:00,CORE_HR
EVT00062345,2023-08-12,EMP04493,CC0089,FI,1,Leave Start,,CAD,CA,2023-08-13 05:00:00,PAYROLL
EVT00063033,2023-08-04,EMP00435,CC0001,EX,1,Lateral Deployment,,CAD,CAN,2023-08-05 06:00:00,CORE_HR
EVT00063241,2023-08-18,EMP04361,CC0027,PA,1,Step Increment,63963.15,CAD,CA,2023-08-18 20:00:00,PAYROLL
EVT00063396,2023-08-08,EMP00135,CC0117,PA,2,Leave Start,,CAD,CA,2023-08-09 11:00:00,PAYROLL
EVT00063475,2023-08-07,EMP02449,CC0023,FI,2,Step Increment,87117.11,CAD,CAN,2023-08-08 13:00:00,CORE_HR
EVT00062009,2023-08-05,EMP01615,CC0056,FI,2,Departure,,CAD,CAN,2023-08-05 16:00:00,CORE_HR
EVT00063414,2023-08-10,EMP01377,CC0064,FI,2,Promotion,86459.28,CAD,CAN,2023-08-10 11:00:00,CORE_HR
EVT00062923,2023-08-12,EMP04846,CC0033,PA,2,Leave Return,,CAD,CAN,2023-08-13 15:00:00,CORE_HR
EVT00063502,2023-08-09,EMP05190,CC0049,CR,1,Leave Return,,USD,USA,2023-08-10 10:00:00,CORE_HR
EVT00062223,2023-08-07,EMP01159,CC0114,FI,4,Step Increment,108749.25,CAD,CA,2023-08-07 18:00:00,PAYROLL
EVT00062924,2023-08-12,EMP04134,CC0008,EC,3,Leave Start,,CAD,CAN,2023-08-12 10:00:00,CORE_HR
EVT00062743,2023-08-16,EMP03140,CC0068,IT,2,Step Increment,97480.79,CAD,CA,2023-08-17 06:00:00,PAYROLL
EVT00062052,2023-08-22,EMP04484,CC0033,CR,3,Step Increment,56370.39,CAD,CAN,2023-08-23 08:00:00,CORE_HR
EVT00062005,2023-08-06,EMP03479,CC0054,CR,2,Step Increment,178891.85,BRL,BRA,2023-08-07 12:00:00,CORE_HR
EVT00062765,2023-08-11,EMP01589,CC0067,AS,1,Step Increment,54893.25,CAD,CAN,2023-08-11 14:00:00,CORE_HR
EVT00062951,2023-08-13,EMP01144,CC0107,IT,2,Step Increment,88671.88,CAD,CAN,2023-08-14 07:00:00,CORE_HR
EVT00063235,2023-08-22,EMP01007,CC0019,IT,1,Leave Return,,CAD,CAN,2023-08-23 11:00:00,CORE_HR
EVT00063602,2023-08-19,EMP01865,CC0061,EX,3,Promotion,164226.97,CAD,CA,2023-08-20 05:00:00,PAYROLL
EVT00061839,2023-08-25,EMP04617,CC0049,AS,3,Leave Start,,SGD,SG,2023-08-25 21:00:00,PAYROLL
EVT00062509,2023-08-17,EMP00622,CC0079,AS,3,Performance Pay,8234.26,CAD,CA,2023-08-18 02:00:00,PAYROLL
EVT00063412,2023-08-01,EMP03262,CC0104,IT,2,Step Increment,84379.84,CAD,CA,2023-08-02 03:00:00,PAYROLL
EVT00062589,2023-08-23,EMP02971,CC0017,IT,2,Step Increment,93360.55,CAD,CA,2023-08-23 09:00:00,PAYROLL
EVT00062342,2023-08-12,EMP00174,CC0115,IT,2,Step Increment,105928.31,CAD,CA,2023-08-12 17:00:00,PAYROLL
EVT00062610,2023-08-18,EMP02960,CC0072,AS,1,Step Increment,55389.3,CAD,CAN,2023-08-19 13:00:00,CORE_HR
EVT00063473,2023-08-04,EMP05170,CC0096,CR,1,Step Increment,58792.58,CAD,CAN,2023-08-07 22:00:00,CORE_HR
EVT00062942,2023-08-13,EMP04365,CC0032,CR,2,Leave Return,,CAD,CAN,2023-08-13 17:00:00,CORE_HR
EVT00063349,2023-08-02,EMP03954,CC0115,FI,3,Leave Start,,CAD,CAN,2023-08-03 10:00:00,CORE_HR
EVT00063530,2023-08-06,EMP01563,CC0035,EX,3,Step Increment,169559.82,CAD,CA,2023-08-07 07:00:00,PAYROLL
EVT00063429,2023-08-19,EMP04087,CC0061,CR,5,Step Increment,85939.19,CAD,CA,2023-08-20 01:00:00,PAYROLL
EVT00062786,2023-08-21,EMP01892,CC0076,PA,2,Step Increment,73811.07,CAD,CAN,2023-08-21 14:00:00,CORE_HR
EVT00063258,2023-08-03,EMP01849,CC0083,PA,5,Step Increment,107490.1,CAD,CAN,2023-08-03 09:00:00,CORE_HR
EVT00062751,2023-08-12,EMP02315,CC0060,EN,1,Leave Start,,XXX,CA,2023-08-13 15:00:00,PAYROLL
EVT00062798,2023-08-13,EMP00513,CC0088,IT,2,Step Increment,7165424.87,JPY,JPN,2023-08-13 16:00:00,CORE_HR
EVT00062363,2023-08-17,EMP03281,CC0118,PA,2,Step Increment,69905.49,CAD,CA,2023-08-18 07:00:00,PAYROLL
EVT00062196,2023-08-25,EMP03798,CC0077,CR,2,Leave Start,,CAD,CAN,2023-08-25 20:00:00,CORE_HR
EVT00062836,2023-08-21,EMP04383,CC0072,PA,3,Performance Pay,3814.85,CAD,CA,2023-08-21 18:00:00,PAYROLL
EVT00062031,2023-08-02,EMP04988,CC0068,EC,4,Lateral Deployment,,CAD,CA,2023-08-03 04:00:00,PAYROLL
EVT00062079,2023-08-20,EMP04443,CC0083,FI,3,Departure,,CAD,CAN,2023-08-20 20:00:00,CORE_HR
EVT00061905,2023-08-11,EMP03153,CC0106,EN,2,Step Increment,91109.91,CAD,CA,2023-08-12 06:00:00,PAYROLL
EVT00063275,2023-08-15,EMP04842,CC0055,PA,1,Hire,63773.8,CAD,CAN,2023-08-15 12:00:00,CORE_HR
EVT00062300,2023-08-20,EMP02313,CC0087,EC,3,Leave Return,,CAD,CA,2023-08-20 17:00:00,PAYROLL
EVT00063173,2023-08-24,EMP00767,CC0089,CR,1,Hire,39181.21,CAD,CAN,2023-08-24 17:00:00,CORE_HR
EVT00062408,2023-08-26,EMP00991,CC0017,EN,1,Leave Start,,CAD,CA,2023-08-27 09:00:00,PAYROLL
EVT00062722,2023-08-06,EMP04084,CC0003,EC,2,Departure,,CAD,CA,2023-08-06 23:00:00,PAYROLL
EVT00062043,2023-08-27,EMP00023,CC0075,FI,2,Leave Start,,CAD,CAN,2023-08-27 12:00:00,CORE_HR
EVT00063253,2023-08-12,EMP02430,CC0116,AS,1,Step Increment,62376.81,CAD,CA,2023-08-13 06:00:00,PAYROLL
EVT00063103,2023-08-10,EMP05187,CC0026,EC,5,Lateral Deployment,,CAD,CAN,2023-08-10 16:00:00,CORE_HR
EVT00062818,2023-08-27,EMP00218,CC0060,CR,1,Promotion,51026.12,CAD,CAN,2023-08-27 16:00:00,CORE_HR
EVT00062417,2023-08-14,EMP02716,CC0026,PA,2,Leave Return,,CAD,CAN,2023-08-14 21:00:00,CORE_HR
EVT00061831,2023-08-09,EMP02606,CC0004,IT,3,Performance Pay,14326.93,CAD,CAN,2023-08-09 12:00:00,CORE_HR
EVT00063157,2023-08-16,EMP02467,CC0017,IT,1,Leave Start,,CAD,CAN,2023-08-16 17:00:00,CORE_HR
EVT00063087,2023-08-05,EMP04878,CC0090,EN,3,Step Increment,106010.68,CAD,CAN,2023-08-05 20:00:00,CORE_HR
EVT00063552,2023-08-14,EMP00836,CC0118,AS,1,Leave Return,,CAD,CAN,2023-08-15 00:00:00,CORE_HR
EVT00063048,2023-08-16,EMP01340,CC0059,IT,2,Leave Start,,CAD,CAN,2023-08-16 16:00:00,CORE_HR
EVT00063286,2023-08-06,EMP00814,CC0023,PA,4,Performance Pay,6077.78,CAD,CAN,2023-08-06 17:00:00,CORE_HR
EVT00062757,2023-08-17,EMP02392,CC0021,PA,4,Performance Pay,7753.48,CAD,CA,2023-08-18 06:00:00,PAYROLL
EVT00062074,2023-08-04,EMP04362,CC0116,IT,2,Step Increment,97340.87,CAD,CAN,2023-08-04 19:00:00,CORE_HR
EVT00062834,2023-08-04,EMP01994,CC0099,EN,5,Step Increment,128112.66,CAD,CA,2023-08-04 19:00:00,PAYROLL
EVT00062227,2023-08-19,EMP00819,CC0002,PA,4,Lateral Deployment,,CAD,CAN,2023-08-20 14:00:00,CORE_HR
EVT00062896,2023-08-04,EMP03651,CC0025,FI,4,Hire,105814.57,CAD,CAN,2023-08-04 21:00:00,CORE_HR
EVT00061828,2023-08-24,EMP99999,CC0003,CR,4,Performance Pay,6699.5,CAD,CA,2023-08-24 10:00:00,PAYROLL
EVT00061886,2023-08-05,EMP02486,CC0040,IT,1,Leave Return,,CAD,CAN,2023-08-06 12:00:00,CORE_HR
EVT00062606,2023-08-16,EMP04735,CC0079,IT,2,Step Increment,124369.8,CAD,CA,2023-08-17 13:00:00,PAYROLL
EVT00062116,2023-08-10,EMP04652,CC0044,PA,1,Leave Start,,CAD,CAN,2023-08-10 09:00:00,CORE_HR
EVT00062502,2023-08-20,EMP00327,CC0027,EN,1,Step Increment,88135.67,CAD,CAN,2023-08-21 07:00:00,CORE_HR
EVT00062165,2023-08-16,EMP03067,CC0031,EX,1,Step Increment,412137.24,AED,AE,2023-08-17 11:00:00,PAYROLL
EVT00061871,2023-08-13,EMP04105,CC0056,PA,2,Performance Pay,3960.76,CAD,CAN,2023-08-14 04:00:00,CORE_HR
EVT00062173,2023-08-26,EMP01687,CC0012,EX,1,Step Increment,158090.71,CAD,CA,2023-08-28 00:00:00,PAYROLL
EVT00062640,2023-08-13,EMP01580,CC0041,EC,1,Hire,83982.04,CAD,CA,2023-08-13 12:00:00,PAYROLL
EVT00061807,2023-08-19,EMP01167,CC0078,AS,3,Step Increment,67070.09,CAD,CAN,2023-08-19 09:00:00,CORE_HR
EVT00062060,2023-08-21,EMP01246,CC0113,EC,2,Performance Pay,12544.62,CAD,CAN,2023-08-21 08:00:00,CORE_HR
EVT00063263,2023-08-04,EMP01001,CC0081,IT,2,Step Increment,104114.41,CAD,CAN,2023-08-04 13:00:00,CORE_HR
EVT00061867,2023-08-06,EMP00885,CC0040,EC,4,Departure,,CAD,CAN,2023-08-06 19:00:00,CORE_HR
EVT00063297,2023-08-10,EMP01034,CC0100,FI,4,Leave Start,,CAD,CAN,2023-08-12 22:00:00,CORE_HR
EVT00063167,2023-08-27,EMP04167,CC0026,FI,1,Leave Return,,CAD,CAN,2023-08-27 07:00:00,CORE_HR
EVT00062100,2023-08-27,EMP02472,CC0023,EC,5,Leave Return,,CAD,CAN,2023-08-28 13:00:00,CORE_HR
EVT00063288,2023-08-19,EMP04118,CC0011,FI,1,Performance Pay,4944.14,CAD,CA,2023-08-19 07:00:00,PAYROLL
EVT00062771,2023-08-14,EMP00745,CC0063,AS,5,Hire,88761.14,CAD,CA,2023-08-14 20:00:00,PAYROLL
EVT00063243,2023-08-17,EMP00239,CC0097,PA,2,Step Increment,88634.89,CAD,CAN,2023-08-18 01:00:00,CORE_HR
EVT00062747,2023-08-26,EMP03847,CC0034,FI,1,Performance Pay,4914.66,CAD,CAN,2023-08-27 06:00:00,CORE_HR
EVT00062397,2023-08-09,EMP03627,CC0093,EX,1,Performance Pay,15952.64,CAD,CA,2023-08-10 05:00:00,PAYROLL
EVT00062320,2023-08-17,EMP00403,CC0114,CR,3,Performance Pay,5028.36,CAD,CA,2023-08-18 12:00:00,PAYROLL
EVT00062308,2023-08-04,EMP01579,CC0075,AS,2,Leave Start,,CAD,CA,2023-08-04 14:00:00,PAYROLL
EVT00062702,2023-08-22,EMP02095,CC0032,EC,4,Performance Pay,13190.3,CAD,CAN,2023-08-23 03:00:00,CORE_HR
EVT00062038,2023-08-25,EMP02735,CC0097,PA,4,Step Increment,99591.27,CAD,CA,2023-08-25 08:00:00,PAYROLL
EVT00063422,2023-08-04,EMP02377,CC0056,FI,4,Performance Pay,8140.92,CAD,CAN,2023-08-04 16:00:00,CORE_HR
EVT00062259,2023-08-02,EMP00231,CC0103,FI,4,Leave Return,,CAD,CA,2023-08-02 09:00:00,PAYROLL
EVT00063109,2023-08-09,EMP04688,CC0044,PA,4,Step Increment,117659.7,CAD,CAN,2023-08-13 10:00:00,CORE_HR
EVT00062191,2023-08-25,EMP03199,CC0095,EC,4,Step Increment,108865.73,CAD,CAN,2023-08-26 01:00:00,CORE_HR
EVT00061959,1900-01-01,EMP04615,CC0114,AS,3,Hire,80755.79,CAD,CAN,2023-08-06 11:00:00,CORE_HR
EVT00061830,2023-08-03,EMP00678,CC0094,AS,2,Step Increment,63195.12,CAD,CA,2023-08-04 06:00:00,PAYROLL
EVT00062970,1900-01-01,EMP01624,CC0110,FI,2,Leave Start,,CAD,CA,2023-08-09 04:00:00,PAYROLL
EVT00062251,2023-08-18,EMP01572,CC0081,CR,1,Step Increment,65326.63,CAD,CA,2023-08-19 07:00:00,PAYROLL
EVT00062361,2023-08-10,EMP01515,CC0066,EX,2,Leave Start,,CAD,CAN,2023-08-11 08:00:00,CORE_HR
EVT00062511,2023-08-19,EMP01926,CC0010,EC,2,Step Increment,86399.44,CAD,CA,2023-08-20 02:00:00,PAYROLL
EVT00062921,2023-08-05,EMP04245,CC0120,EC,4,Step Increment,119126.54,CAD,CA,2023-08-05 23:00:00,PAYROLL
EVT00061986,2023-08-14,EMP01940,CC0018,IT,2,Performance Pay,4218.94,CAD,CAN,2023-08-14 11:00:00,CORE_HR
EVT00062965,2023-08-03,EMP00628,CC0069,EC,4,Leave Start,,CAD,CAN,2023-08-04 04:00:00,CORE_HR
EVT00062550,2023-08-23,EMP04230,CC0050,PA,4,Leave Return,,CAD,CAN,2023-08-26 16:00:00,CORE_HR
EVT00063496,2023-08-03,EMP03553,CC0004,EN,1,Step Increment,80484.45,CAD,CAN,2023-08-04 09:00:00,CORE_HR
EVT00063507,2023-08-03,EMP04865,CC0070,EC,2,Leave Start,,CAD,CAN,2023-08-03 14:00:00,CORE_HR
EVT00062234,2023-08-03,EMP03130,CC0012,EC,3,Departure,,CAD,CA,2023-08-03 18:00:00,PAYROLL
EVT00062689,2023-08-01,EMP04707,CC0112,CR,1,Performance Pay,4551.25,CAD,CA,2023-08-01 19:00:00,PAYROLL
EVT00062576,2023-08-20,EMP02174,CC0117,EN,2,Step Increment,96939.53,CAD,CA,2023-08-20 15:00:00,PAYROLL
EVT00062435,2023-08-05,EMP03819,CC0036,EC,5,Performance Pay,12444.84,CAD,CA,2023-08-05 13:00:00,PAYROLL
EVT00062562,2023-08-02,EMP02648,CC0070,CR,4,Step Increment,74855.73,CAD,CAN,2023-08-02 11:00:00,CORE_HR
EVT00063059,2023-08-07,EMP00565,CC0110,AS,5,Step Increment,94924.33,CAD,CAN,2023-08-08 14:00:00,CORE_HR
EVT00063166,2023-08-26,EMP03271,CC0011,PA,3,Lateral Deployment,,CAD,CAN,2023-08-27 01:00:00,CORE_HR
EVT00062602,2023-08-03,EMP02638,CC0092,EC,2,Leave Return,,CAD,CA,2023-08-04 08:00:00,PAYROLL
EVT00063371,2023-08-11,EMP00314,CC0083,PA,3,Leave Return,,CAD,CA,2023-08-12 00:00:00,PAYROLL
EVT00062319,2023-08-23,EMP00127,CC0047,PA,1,Step Increment,62031.62,CAD,CAN,2023-08-24 03:00:00,CORE_HR
EVT00063067,2023-08-11,EMP01838,CC0085,PA,1,Lateral Deployment,,CAD,CAN,2023-08-11 16:00:00,CORE_HR
EVT00062630,2023-08-23,EMP00821,CC0003,PA,1,Step Increment,58117.94,CAD,CAN,2023-08-23 22:00:00,CORE_HR
EVT00063103,2023-08-10,EMP05187,CC0026,EC,5,Lateral Deployment,,CAD,CAN,2023-08-12 17:00:00,CORE_HR
EVT00062469,2023-08-11,EMP03212,CC0031,PA,1,Step Increment,7709836.55,KES,KEN,2023-08-12 04:00:00,CORE_HR
EVT00062996,2023-08-16,EMP01327,CC0059,EC,5,Performance Pay,8159.16,CAD,CAN,2023-08-17 01:00:00,CORE_HR
EVT00063335,2023-08-06,EMP03968,CC0014,PA,3,Lateral Deployment,,CAD,CAN,2023-08-07 12:00:00,CORE_HR
EVT00063556,2023-08-27,EMP03010,CC0063,CR,1,Step Increment,58121.87,CAD,CA,2023-08-27 07:00:00,PAYROLL
EVT00063304,2023-08-14,EMP00273,CC0003,PA,1,Leave Start,,CAD,CAN,2023-08-14 13:00:00,CORE_HR
EVT00063322,2023-08-22,EMP02253,CC0073,IT,4,Step Increment,129825.17,CAD,CAN,2023-08-24 20:00:00,CORE_HR
EVT00062252,2023-08-19,EMP02884,CC0075,PA,2,Step Increment,75352.27,CAD,CA,2023-08-19 09:00:00,PAYROLL
EVT00062987,2023-08-04,EMP04772,CC0056,IT,3,Step Increment,89646.64,CAD,CAN,2023-08-05 15:00:00,CORE_HR
EVT00063340,2023-08-24,EMP02331,CC0028,IT,1,Hire,86400.41,CAD,CAN,2023-08-24 09:00:00,CORE_HR
EVT00061829,2023-08-20,EMP00661,CC0012,PA,1,Step Increment,59273.84,CAD,CA,2023-08-20 22:00:00,PAYROLL
EVT00062287,2023-08-03,EMP01017,CC0104,PA,4,Step Increment,90914.63,CAD,CA,2023-08-04 07:00:00,PAYROLL
EVT00063083,2023-08-17,EMP03738,CC0012,FI,5,Leave Start,,CAD,CAN,2023-08-18 00:00:00,CORE_HR
EVT00061922,2023-08-24,EMP02201,CC0080,EC,1,Step Increment,59325.88,EUR,DEU,2023-08-24 10:00:00,CORE_HR
EVT00062554,2023-08-20,EMP04176,CC0001,IT,2,Lateral Deployment,,CAD,CA,2023-08-20 10:00:00,PAYROLL
EVT00062335,2023-08-03,EMP04029,CC0019,FI,1,Step Increment,73672.67,CAD,CAN,2023-08-04 02:00:00,CORE_HR
EVT00062155,2023-08-24,EMP01177,CC0087,PA,4,Hire,73024.34,CAD,CAN,2023-08-24 23:00:00,CORE_HR
EVT00061952,2023-08-11,EMP05070,CC0055,CR,4,Step Increment,78744.07,CAD,CA,2023-08-12 09:00:00,PAYROLL
EVT00063118,2023-08-20,EMP00389,CC0113,EC,3,Hire,109624.83,CAD,CA,2023-08-20 15:00:00,PAYROLL
EVT00063590,2023-08-05,EMP04063,CC0076,CR,1,Lateral Deployment,,CAD,CAN,2023-08-06 08:00:00,CORE_HR
EVT00063315,1900-01-01,EMP04334,CC0117,PA,2,Departure,,CAD,CAN,2023-08-13 07:00:00,CORE_HR
EVT00063501,2023-08-09,EMP01532,CC0053,CR,3,Step Increment,72354.15,CAD,CA,2023-08-09 12:00:00,PAYROLL
EVT00062912,2023-08-12,EMP01762,CC0037,EN,2,Step Increment,97933.16,CAD,CA,2023-08-12 14:00:00,PAYROLL
EVT00062131,2023-08-12,EMP03148,CC0021,AS,1,Step Increment,55130.07,CAD,CA,2023-08-13 06:00:00,PAYROLL
EVT00063327,2023-08-27,EMP03496,CC0033,AS,3,Performance Pay,5093.75,CAD,CAN,2023-08-27 20:00:00,CORE_HR
EVT00062530,2023-08-15,EMP04119,CC0068,PA,4,Step Increment,88992.07,CAD,CAN,2023-08-15 14:00:00,CORE_HR
EVT00062551,2023-08-01,EMP04200,CC0049,AS,3,Promotion,924473.32,MXN,MEX,2023-08-02 14:00:00,CORE_HR
EVT00062688,2023-08-14,EMP02771,CC0031,CR,5,Step Increment,59835.1,USD,USA,2023-08-15 14:00:00,CORE_HR
EVT00063112,2023-08-15,EMP01185,CC0119,PA,1,Step Increment,70082.97,CAD,CAN,2023-08-16 02:00:00,CORE_HR
EVT00062801,2023-08-20,EMP02926,CC0048,IT,3,Hire,119772.66,CAD,CAN,2023-08-21 12:00:00,CORE_HR
EVT00063194,2023-08-25,EMP04485,CC0037,AS,3,Lateral Deployment,,CAD,CA,2023-08-26 05:00:00,PAYROLL
EVT00062879,2023-08-11,EMP00081,CC0094,AS,2,Performance Pay,5159.32,CAD,CAN,2023-08-12 05:00:00,CORE_HR
EVT00062766,2023-08-15,EMP00953,CC0068,PA,3,Lateral Deployment,,CAD,CAN,2023-08-15 19:00:00,CORE_HR
EVT00062873,2023-08-20,EMP03679,CC0103,FI,2,Leave Start,,XXX,CAN,2023-08-20 20:00:00,CORE_HR
EVT00062724,2023-08-13,EMP04200,CC0049,AS,3,Promotion,293326.34,BRL,BRA,2023-08-13 10:00:00,CORE_HR
EVT00063529,2023-08-18,EMP04297,CC0105,PA,2,Step Increment,-57905.52,SGD,SGP,2023-08-18 14:00:00,CORE_HR
EVT00061929,2023-08-02,EMP03364,CC0016,IT,5,Step Increment,104652.64,CAD,CAN,2023-08-02 17:00:00,CORE_HR
EVT00063224,2023-08-13,EMP03738,CC0012,FI,5,Departure,,CAD,CA,2023-08-14 02:00:00,PAYROLL
EVT00061852,2023-08-08,EMP03593,CC0050,EX,1,Step Increment,126021.58,CAD,CAN,2023-08-09 01:00:00,CORE_HR
EVT00063098,2023-08-17,EMP03052,CC0093,PA,4,Step Increment,89580.75,CAD,CA,2023-08-18 01:00:00,PAYROLL
EVT00062913,2023-08-02,EMP01271,CC0042,AS,5,Step Increment,83605.57,CAD,CA,2023-08-02 13:00:00,PAYROLL
EVT00063246,2023-08-24,EMP01919,CC0072,AS,5,Promotion,82866.73,CAD,CA,2023-08-25 04:00:00,PAYROLL
EVT00063171,2023-08-17,EMP00261,CC0004,FI,2,Step Increment,91921.08,CAD,CAN,2023-08-18 01:00:00,CORE_HR
EVT00063455,2023-08-21,EMP02727,CC0104,PA,2,Hire,67306.15,CAD,CAN,2023-08-21 09:00:00,CORE_HR
EVT00062344,2023-08-17,EMP04313,CC0081,AS,1,Lateral Deployment,,CAD,CAN,2023-08-17 20:00:00,CORE_HR
EVT00061892,2023-08-21,EMP00438,CC0108,EX,1,Step Increment,97920.33,GBP,GBR,2023-08-21 14:00:00,CORE_HR
EVT00062236,2023-08-05,EMP05062,CC0075,AS,2,Leave Return,,CAD,CAN,2023-08-05 17:00:00,CORE_HR
EVT00062770,2023-08-18,EMP03242,CC0072,EN,3,Step Increment,116558.17,CAD,CAN,2023-08-19 11:00:00,CORE_HR
EVT00063360,2023-08-18,EMP04385,CC0111,AS,1,Departure,,BRL,BRA,2023-08-18 14:00:00,CORE_HR
EVT00063030,2023-08-17,EMP04256,CC0074,EN,3,Performance Pay,182667.85,MXN,MX,2023-08-17 19:00:00,PAYROLL
EVT00062494,2023-08-04,EMP03655,CC0105,FI,1,Leave Start,,KES,KE,2023-08-05 13:00:00,PAYROLL
EVT00063581,2023-08-19,EMP04684,CC0109,IT,4,Performance Pay,14477.42,CAD,CA,2023-08-20 01:00:00,PAYROLL
EVT00063372,2023-08-19,EMP04469,CC0060,EN,3,Leave Return,,CAD,CAN,2023-08-19 21:00:00,CORE_HR
EVT00062077,2023-08-18,EMP02708,CC0119,FI,1,Promotion,79534.22,CAD,CAN,2023-08-19 11:00:00,CORE_HR
EVT00063570,2023-08-07,EMP00338,CC0040,CR,3,Step Increment,60776.25,CAD,CAN,2023-08-07 07:00:00,CORE_HR
EVT00063230,2023-08-02,EMP02952,CC0002,FI,3,Performance Pay,9597.09,CAD,CAN,2023-08-03 06:00:00,CORE_HR
EVT00062727,2023-08-06,EMP02727,CC0104,PA,2,Leave Return,,CAD,CAN,2023-08-06 19:00:00,CORE_HR
EVT00062278,2023-08-16,EMP04497,CC0112,PA,4,Leave Start,,CAD,CAN,2023-08-16 15:00:00,CORE_HR
EVT00061816,2023-08-10,EMP04524,CC0010,EX,1,Lateral Deployment,,CAD,CAN,2023-08-11 06:00:00,CORE_HR
EVT00063184,2023-08-27,EMP00128,CC0014,PA,2,Step Increment,93471.64,CAD,CAN,2023-08-27 13:00:00,CORE_HR
EVT00061990,2023-08-26,EMP03400,CC0022,PA,3,Step Increment,97967.3,CAD,CAN,2023-08-26 09:00:00,CORE_HR
EVT00062346,2023-08-27,EMP02693,CC0011,PA,3,Departure,,CAD,CAN,2023-08-28 07:00:00,CORE_HR
EVT00062507,2023-08-20,EMP04432,CC0104,FI,2,Hire,94638.22,CAD,CAN,2023-08-21 03:00:00,CORE_HR
EVT00061838,2023-08-10,EMP01879,CC0089,PA,3,Leave Return,,CAD,CA,2023-08-11 01:00:00,PAYROLL
EVT00063028,2023-08-21,EMP02673,CC0039,EN,2,Performance Pay,11412.82,CAD,CA,2023-08-22 15:00:00,PAYROLL
EVT00063566,2023-08-01,EMP02274,CC0069,EN,5,Lateral Deployment,,CAD,CAN,2023-08-01 20:00:00,CORE_HR
EVT00062936,2023-08-05,EMP03621,CC0099,CR,3,Lateral Deployment,,CAD,CA,2023-08-06 04:00:00,PAYROLL
EVT00061913,2023-08-20,EMP00096,CC0004,EC,1,Step Increment,72659.81,CAD,CAN,2023-08-20 11:00:00,CORE_HR
EVT00063109,2023-08-09,EMP04688,CC0044,PA,4,Step Increment,117659.7,CAD,CAN,2023-08-10 14:00:00,CORE_HR
EVT00063483,2023-08-10,EMP02976,CC0091,PA,1,Leave Start,,CAD,CAN,2023-08-10 13:00:00,CORE_HR
EVT00062134,2023-08-18,EMP00538,CC0060,CR,4,Step Increment,66554.64,CAD,CAN,2023-08-18 22:00:00,CORE_HR
EVT00061977,2023-08-24,EMP00955,CC0057,EC,1,Departure,,CAD,CAN,2023-08-24 17:00:00,CORE_HR
EVT00063151,2023-08-14,EMP01616,CC0005,PA,4,Step Increment,89954.66,CAD,CA,2023-08-14 21:00:00,PAYROLL
EVT00063299,2023-08-02,EMP04536,CC0060,PA,4,Lateral Deployment,,CAD,CAN,2023-08-02 23:00:00,CORE_HR
EVT00063131,2023-08-05,EMP00137,CC0002,EX,2,Step Increment,150029.42,CAD,CA,2023-08-05 13:00:00,PAYROLL
EVT00061930,2023-08-14,EMP01360,CC0049,AS,5,Step Increment,68647.58,SGD,SG,2023-08-14 12:00:00,PAYROLL
EVT00062543,2023-08-10,EMP04789,CC0023,EX,3,Step Increment,192596.22,CAD,CAN,2023-08-10 22:00:00,CORE_HR
EVT00062949,2023-08-02,EMP04707,CC0112,CR,1,Performance Pay,6280.68,CAD,CAN,2023-08-03 12:00:00,CORE_HR
EVT00063308,2023-08-16,EMP00349,CC0112,EC,3,Leave Start,,CAD,CAN,2023-08-17 02:00:00,CORE_HR
EVT00062150,2023-08-16,EMP02089,CC0105,EC,2,Step Increment,121914.43,AUD,AUS,2023-08-17 06:00:00,CORE_HR
EVT00062455,2023-08-06,EMP02293,CC0109,PA,1,Hire,59793.64,CAD,CAN,2023-08-06 09:00:00,CORE_HR
EVT00063153,2023-08-08,EMP04090,CC0011,PA,2,Step Increment,74290.71,CAD,CAN,2023-08-09 07:00:00,CORE_HR
EVT00062753,2023-08-09,EMP04788,CC0086,AS,4,Leave Start,,INR,IND,2023-08-10 09:00:00,CORE_HR
EVT00061951,2023-08-25,EMP01774,CC0110,EN,3,Step Increment,124397.61,CAD,CAN,2023-08-25 10:00:00,CORE_HR
EVT00062641,2023-08-15,EMP02430,CC0116,AS,1,Performance Pay,6139.39,CAD,CA,2023-08-15 20:00:00,PAYROLL
EVT00062661,2023-08-25,EMP04708,CC0058,PA,2,Step Increment,79066.0,CAD,CAN,2023-08-25 15:00:00,CORE_HR
EVT00062869,2023-08-24,EMP01413,CC0020,AS,2,Performance Pay,8822.39,CAD,CAN,2023-08-25 09:00:00,CORE_HR
EVT00062393,2023-08-22,EMP02402,CC0109,CR,5,Leave Start,,CAD,CAN,2023-08-23 02:00:00,CORE_HR
EVT00062477,2023-08-19,EMP05135,CC0082,EN,1,Step Increment,82892.68,CAD,CA,2023-08-21 20:00:00,PAYROLL
EVT00063251,2023-08-16,EMP03086,CC0058,AS,5,Lateral Deployment,,CAD,CA,2023-08-16 23:00:00,PAYROLL
EVT00062712,2023-08-24,EMP00086,CC0014,EX,1,Promotion,141781.02,CAD,CA,2023-08-25 00:00:00,PAYROLL
EVT00061970,2023-08-13,EMP01570,CC0070,EN,2,Departure,,CAD,CAN,2023-08-13 22:00:00,CORE_HR
EVT00062522,2023-08-10,EMP02686,CC0117,CR,4,Leave Return,,CAD,CAN,2023-08-10 17:00:00,CORE_HR
EVT00062418,2023-08-13,EMP02539,CC0074,EC,1,Lateral Deployment,,USD,US,2023-08-13 17:00:00,PAYROLL
EVT00062782,2023-08-24,EMP04486,CC0118,EN,4,Leave Return,,CAD,CAN,2023-08-24 12:00:00,CORE_HR
EVT00062425,2023-08-23,EMP01894,CC0033,PA,5,Leave Return,,CAD,CA,2023-08-24 12:00:00,PAYROLL
EVT00062730,2023-08-07,EMP02921,CC0044,CR,4,Step Increment,88850.9,CAD,CAN,2023-08-07 21:00:00,CORE_HR
EVT00061947,2023-08-13,EMP01786,CC0089,IT,1,Step Increment,76021.49,CAD,CAN,2023-08-13 19:00:00,CORE_HR
EVT00061901,2023-08-24,EMP00101,CC0055,CR,3,Step Increment,57169.57,CAD,CAN,2023-08-24 20:00:00,CORE_HR
EVT00063381,2023-08-17,EMP04159,CC0046,PA,1,Step Increment,6498740.74,JPY,JP,2023-08-17 22:00:00,PAYROLL
EVT00062470,2023-08-23,EMP01580,CC0041,EC,1,Performance Pay,5150.9,CAD,CA,2023-08-23 22:00:00,PAYROLL
EVT00061840,2023-08-15,EMP05098,CC0088,IT,1,Performance Pay,2975.24,SGD,SG,2023-08-15 08:00:00,PAYROLL
EVT00062653,2023-08-23,EMP03459,CC0079,FI,3,Step Increment,89293.33,CAD,CAN,2023-08-24 10:00:00,CORE_HR
EVT00062631,2023-08-15,EMP01262,CC0090,CR,2,Lateral Deployment,,CAD,CA,2023-08-16 07:00:00,PAYROLL
EVT00063095,2023-08-21,EMP01837,CC0108,PA,1,Leave Return,,USD,US,2023-08-22 06:00:00,PAYROLL
EVT00063580,2023-08-13,EMP04940,CC0080,PA,3,Step Increment,269723.37,AED,ARE,2023-08-14 03:00:00,CORE_HR
EVT00062117,2023-08-24,EMP04171,CC0120,IT,2,Lateral Deployment,,CAD,CAN,2023-08-25 07:00:00,CORE_HR
EVT00063416,2023-08-24,EMP04969,CC0041,FI,4,Departure,,CAD,CAN,2023-08-24 16:00:00,CORE_HR
EVT00063242,2023-08-22,EMP02246,CC0067,PA,2,Step Increment,71131.42,CAD,CAN,2023-08-23 10:00:00,CORE_HR
EVT00063627,2023-08-22,EMP00910,CC0098,FI,3,Leave Start,,CAD,CAN,2023-08-23 00:00:00,CORE_HR
EVT00062964,2023-08-20,EMP03417,CC0094,AS,4,Leave Start,,CAD,CAN,2023-08-22 02:00:00,CORE_HR
EVT00062601,2023-08-24,EMP03808,CC0087,AS,3,Leave Start,,CAD,CA,2023-08-25 09:00:00,PAYROLL
EVT00062885,2023-08-25,EMP02618,CC0037,EN,4,Performance Pay,7704.14,CAD,CA,2023-08-26 02:00:00,PAYROLL
EVT00062670,2023-08-06,EMP00432,CC0027,EX,1,Lateral Deployment,,CAD,CA,2023-08-09 05:00:00,PAYROLL
EVT00063348,2023-08-21,EMP01074,CC0049,CR,5,Departure,,MXN,MEX,2023-08-22 05:00:00,CORE_HR
EVT00062261,2023-08-09,EMP01155,CC0081,FI,3,Step Increment,104139.38,CAD,CAN,2023-08-09 18:00:00,CORE_HR
EVT00061877,2023-08-03,EMP01074,CC0049,CR,5,Lateral Deployment,,JPY,JP,2023-08-03 22:00:00,PAYROLL
EVT00061875,2023-08-17,EMP02869,CC0045,FI,5,Step Increment,124356.64,CAD,CA,2023-08-18 05:00:00,PAYROLL
EVT00063632,2023-08-13,EMP02436,CC0087,EN,3,Leave Return,,CAD,CAN,2023-08-14 00:00:00,CORE_HR
EVT00062758,2023-08-15,EMP03495,CC0082,EN,3,Step Increment,112612.3,CAD,CAN,2023-08-15 17:00:00,CORE_HR
EVT00062859,2023-08-27,EMP02355,CC0090,FI,3,Performance Pay,13385.44,CAD,CAN,2023-08-28 11:00:00,CORE_HR
EVT00062374,2023-08-04,EMP05049,CC0010,FI,2,Step Increment,78908.27,CAD,CA,2023-08-04 14:00:00,PAYROLL
EVT00062040,2023-08-05,EMP02381,CC0080,FI,2,Lateral Deployment,,BRL,BR,2023-08-06 05:00:00,PAYROLL
EVT00062139,2023-08-06,EMP03028,CC0005,PA,3,Step Increment,82240.6,CAD,CA,2023-08-06 09:00:00,PAYROLL
EVT00062444,2023-08-22,EMP00275,CC0090,EX,2,Departure,,CAD,CAN,2023-08-22 12:00:00,CORE_HR
EVT00063100,2023-08-10,EMP00847,CC0065,CR,1,Leave Return,,INR,IN,2023-08-10 21:00:00,PAYROLL
EVT00061825,2023-08-01,EMP02108,CC0002,FI,1,Performance Pay,9079.8,CAD,CAN,2023-08-01 17:00:00,CORE_HR
EVT00062593,2023-08-18,EMP00570,CC0104,FI,2,Lateral Deployment,,CAD,CA,2023-08-19 06:00:00,PAYROLL
EVT00062368,2023-08-22,EMP00583,CC0043,AS,2,Leave Return,,CAD,CA,2023-08-22 18:00:00,PAYROLL
EVT00062597,2023-08-02,EMP01376,CC0068,CR,5,Step Increment,76064.33,CAD,CA,2023-08-02 16:00:00,PAYROLL
EVT00062513,2023-08-21,EMP03808,CC0087,AS,3,Leave Return,,CAD,CAN,2023-08-21 16:00:00,CORE_HR
EVT00063367,2023-08-03,EMP02438,CC0056,PA,4,Lateral Deployment,,CAD,CAN,2023-08-04 14:00:00,CORE_HR
EVT00062316,2023-08-12,EMP05117,CC0050,PA,2,Performance Pay,4608.54,CAD,CAN,2023-08-13 07:00:00,CORE_HR
EVT00062946,2023-08-19,EMP00036,CC0111,PA,3,Step Increment,7893451.14,KES,KEN,2023-08-20 04:00:00,CORE_HR
EVT00063480,2023-08-11,EMP00776,CC0068,EN,1,Promotion,85123.46,CAD,CAN,2023-08-11 14:00:00,CORE_HR
EVT00062466,2023-08-01,EMP03442,CC0018,EN,1,Departure,,CAD,CA,2023-08-01 09:00:00,PAYROLL
EVT00062099,2023-08-07,EMP00573,CC0070,PA,4,Step Increment,84324.55,CAD,CAN,2023-08-07 21:00:00,CORE_HR
EVT00062764,2023-08-27,EMP03483,CC0001,EX,3,Leave Start,,CAD,CA,2023-08-28 02:00:00,PAYROLL
EVT00062027,2023-08-14,EMP04301,CC0045,AS,2,Leave Start,,CAD,CAN,2023-08-14 16:00:00,CORE_HR
EVT00061883,2023-08-08,EMP04366,CC0063,EC,1,Step Increment,73761.21,CAD,CAN,2023-08-09 11:00:00,CORE_HR
EVT00062126,2023-08-01,EMP00248,CC0032,EN,4,Performance Pay,14967.04,CAD,CAN,2023-08-01 07:00:00,CORE_HR
EVT00062880,2023-08-02,EMP04184,CC0005,FI,1,Step Increment,72570.41,CAD,CAN,2023-08-02 11:00:00,CORE_HR
EVT00062186,2023-08-06,EMP00618,CC0118,FI,4,Step Increment,115543.81,CAD,CAN,2023-08-07 09:00:00,CORE_HR
EVT00062268,2023-08-18,EMP03668,CC0010,EN,3,Performance Pay,10801.13,CAD,CAN,2023-08-19 09:00:00,CORE_HR
EVT00062094,2023-08-03,EMP00102,CC0049,EC,3,Step Increment,63448.97,GBP,GBR,2023-08-04 08:00:00,CORE_HR
EVT00061996,2023-08-26,EMP02668,CC0055,IT,1,Departure,,CAD,CA,2023-08-26 09:00:00,PAYROLL
EVT00063495,2023-08-15,EMP02984,CC0093,FI,3,Performance Pay,9176.13,CAD,CAN,2023-08-15 07:00:00,CORE_HR
EVT00062096,2023-08-13,EMP04759,CC0072,EC,2,Step Increment,90408.28,CAD,CAN,2023-08-13 17:00:00,CORE_HR
EVT00063601,2023-08-14,EMP03615,CC0078,CR,2,Lateral Deployment,,CAD,CAN,2023-08-14 07:00:00,CORE_HR
EVT00062057,2023-08-06,EMP04377,CC0119,EX,2,Performance Pay,7956.83,CAD,CAN,2023-08-06 23:00:00,CORE_HR
EVT00062632,2023-08-10,EMP03590,CC0087,PA,3,Step Increment,89903.34,CAD,CAN,2023-08-10 13:00:00,CORE_HR
EVT00063206,2023-08-16,EMP99999,CC0053,PA,5,Step Increment,109845.65,CAD,CAN,2023-08-17 00:00:00,CORE_HR
EVT00062092,2023-08-18,EMP01390,CC0046,AS,4,Step Increment,7860297.32,JPY,JP,2023-08-18 08:00:00,PAYROLL
EVT00062304,2023-08-14,EMP04856,CC0082,CR,1,Hire,48668.27,CAD,CAN,2023-08-14 14:00:00,CORE_HR
EVT00062026,2023-08-20,EMP03384,CC0040,AS,2,Leave Start,,CAD,CA,2023-08-20 20:00:00,PAYROLL
EVT00062229,2023-08-24,EMP04914,CC0037,PA,5,Hire,101249.97,CAD,CA,2023-08-24 14:00:00,PAYROLL
EVT00063410,2023-08-06,EMP04423,CC0081,PA,1,Lateral Deployment,,CAD,CA,2023-08-06 18:00:00,PAYROLL
EVT00062719,2023-08-24,EMP00898,CC0007,PA,2,Leave Start,,EUR,FR,2023-08-25 15:00:00,PAYROLL
EVT00063227,2023-08-09,EMP00821,CC0003,PA,1,Step Increment,69022.39,CAD,CAN,2023-08-09 14:00:00,CORE_HR
EVT00063328,2023-08-10,EMP02677,CC0058,IT,2,Leave Start,,CAD,CA,2023-08-10 11:00:00,PAYROLL
EVT00062067,2023-08-02,EMP01146,CC0076,FI,1,Step Increment,82156.54,XXX,CAN,2023-08-03 04:00:00,CORE_HR
EVT00062405,2023-08-15,EMP03046,CC0115,AS,3,Promotion,78603.7,CAD,CA,2023-08-15 06:00:00,PAYROLL
EVT00063428,2023-08-24,EMP01798,CC0002,EN,3,Hire,117334.77,CAD,CAN,2023-08-24 10:00:00,CORE_HR
EVT00062208,2023-08-10,EMP03240,CC0055,PA,5,Leave Start,,CAD,CA,2023-08-10 23:00:00,PAYROLL
EVT00062086,2023-08-02,EMP02802,CC0063,EN,4,Departure,,CAD,CAN,2023-08-02 07:00:00,CORE_HR
EVT00061984,2023-08-14,EMP02435,CC0038,IT,2,Performance Pay,10453.86,CAD,CAN,2023-08-14 18:00:00,CORE_HR
EVT00063432,2023-08-06,EMP02007,CC0060,IT,1,Leave Start,,CAD,CA,2023-08-07 04:00:00,PAYROLL
EVT00061936,2023-08-06,EMP02443,CC0105,PA,3,Leave Start,,USD,US,2023-08-07 07:00:00,PAYROLL
EVT00062994,2023-08-07,EMP00622,CC0079,AS,3,Hire,81057.9,CAD,CA,2023-08-07 09:00:00,PAYROLL
EVT00063589,2023-08-26,EMP02720,CC0049,PA,5,Performance Pay,51463.6,BRL,BRA,2023-08-27 20:00:00,CORE_HR
EVT00061912,2023-08-04,EMP02499,CC0039,AS,3,Departure,,CAD,CA,2023-08-04 10:00:00,PAYROLL
EVT00063448,2023-08-23,EMP00575,CC0025,AS,3,Leave Return,,CAD,CAN,2023-08-24 05:00:00,CORE_HR
EVT00063076,2023-08-11,EMP01595,CC0084,CR,3,Performance Pay,6799.41,CAD,CAN,2023-08-12 08:00:00,CORE_HR
EVT00063081,2023-08-10,EMP05156,CC0083,IT,4,Performance Pay,13105.55,CAD,CAN,2023-08-10 09:00:00,CORE_HR
EVT00063043,2023-08-11,EMP00507,CC0108,EC,1,Promotion,65100.69,USD,USA,2023-08-14 06:00:00,CORE_HR
EVT00063436,2023-08-03,EMP01695,CC0093,PA,1,Performance Pay,3857.53,CAD,CAN,2023-08-03 07:00:00,CORE_HR
EVT00062822,2023-08-26,EMP01329,CC0036,IT,2,Step Increment,103019.57,CAD,CAN,2023-08-27 14:00:00,CORE_HR
EVT00062843,2023-08-16,EMP01312,CC0028,EN,4,Performance Pay,15960.04,CAD,CA,2023-08-17 03:00:00,PAYROLL
EVT00062848,2023-08-21,EMP00837,CC0008,PA,4,Step Increment,94881.31,CAD,CAN,2023-08-21 20:00:00,CORE_HR
EVT00063589,2023-08-26,EMP02720,CC0049,PA,5,Performance Pay,51463.6,BRL,BRA,2023-08-27 08:00:00,CORE_HR
EVT00062837,2023-08-14,EMP01856,CC0029,IT,1,Leave Start,,KES,KEN,2023-08-14 09:00:00,CORE_HR
EVT00063442,2023-08-20,EMP02489,CC0049,CR,4,Step Increment,214368.29,BRL,BRA,2023-08-20 07:00:00,CORE_HR
EVT00063637,2023-08-18,EMP00582,CC0110,PA,1,Leave Return,,CAD,CA,2023-08-18 17:00:00,PAYROLL
EVT00063177,2023-08-24,EMP02296,CC0045,FI,3,Step Increment,105795.51,CAD,CAN,2023-08-24 22:00:00,CORE_HR
EVT00062930,2023-08-15,EMP01080,CC0120,EC,4,Departure,,CAD,CAN,2023-08-16 03:00:00,CORE_HR
EVT00063636,2023-08-22,EMP02680,CC0036,CR,3,Performance Pay,3466.56,CAD,CAN,2023-08-22 06:00:00,CORE_HR
EVT00062677,2023-08-20,EMP01807,CC0105,CR,3,Lateral Deployment,,SGD,SGP,2023-08-20 19:00:00,CORE_HR
EVT00062592,2023-08-17,EMP02434,CC0066,IT,4,Leave Return,,CAD,CAN,2023-08-18 02:00:00,CORE_HR
EVT00062121,2023-08-21,EMP02735,CC0097,PA,4,Lateral Deployment,,CAD,CA,2023-08-21 09:00:00,PAYROLL
EVT00061874,2023-08-18,EMP03841,CC0081,IT,2,Hire,75698.88,CAD,CA,2023-08-19 00:00:00,PAYROLL
EVT00062495,2023-08-14,EMP00155,CC0068,EC,1,Step Increment,78036.02,CAD,CA,2023-08-14 07:00:00,PAYROLL
EVT00063105,2023-08-27,EMP04171,CC0120,IT,2,Step Increment,106984.61,CAD,CA,2023-08-28 12:00:00,PAYROLL
EVT00062021,2023-08-27,EMP02856,CC0079,EN,4,Performance Pay,9631.69,CAD,CAN,2023-08-28 08:00:00,CORE_HR
EVT00063145,2023-08-24,EMP02922,CC0062,AS,3,Performance Pay,8482.59,CAD,CAN,2023-08-25 13:00:00,CORE_HR
EVT00062090,2023-08-26,EMP00249,CC0012,EX,2,Step Increment,157296.91,CAD,CAN,2023-08-27 04:00:00,CORE_HR
EVT00063044,2023-08-03,EMP01109,CC0116,PA,4,Promotion,74425.87,CAD,CAN,2023-08-03 22:00:00,CORE_HR
EVT00062850,2023-08-04,EMP01401,CC0102,EC,2,Step Increment,84239.36,CAD,CAN,2023-08-05 02:00:00,CORE_HR
EVT00062533,2023-08-19,EMP02521,CC0045,IT,1,Step Increment,83194.05,CAD,CA,2023-08-19 22:00:00,PAYROLL
EVT00062748,2023-08-19,EMP05028,CC0006,PA,1,Step Increment,66702.86,CAD,CAN,2023-08-19 20:00:00,CORE_HR
EVT00062638,2023-08-24,EMP01679,CC0111,PA,2,Step Increment,7057636.76,JPY,JPN,2023-08-25 11:00:00,CORE_HR
EVT00062856,2023-08-01,EMP04221,CC0034,PA,1,Performance Pay,6513.84,CAD,CAN,2023-08-01 06:00:00,CORE_HR
EVT00062892,2023-08-01,EMP00977,CC0104,EN,2,Leave Return,,CAD,CAN,2023-08-01 19:00:00,CORE_HR
EVT00062301,2023-08-27,EMP04206,CC0110,PA,3,Leave Return,,CAD,CAN,2023-08-28 11:00:00,CORE_HR
EVT00061907,2023-08-03,EMP04871,CC0105,FI,1,Performance Pay,3799.04,SGD,SGP,2023-08-04 00:00:00,CORE_HR
EVT00063078,2023-08-22,EMP04130,CC0058,EC,3,Performance Pay,7235.67,CAD,CAN,2023-08-23 11:00:00,CORE_HR
EVT00061894,2023-08-14,EMP02416,CC0059,FI,3,Step Increment,96866.6,CAD,CAN,2023-08-15 03:00:00,CORE_HR
EVT00063487,2023-08-27,EMP03136,CC0031,EN,1,Step Increment,365096.65,BRL,BRA,2023-08-28 01:00:00,CORE_HR
EVT00063504,2023-08-01,EMP01492,CC0028,EC,2,Step Increment,71342.16,CAD,CA,2023-08-01 08:00:00,PAYROLL
EVT00062404,2023-08-12,EMP04163,CC0009,EC,3,Performance Pay,8924.96,USD,USA,2023-08-12 13:00:00,CORE_HR
EVT00062409,2023-08-11,EMP02270,CC0067,CR,3,Promotion,69451.99,CAD,CAN,2023-08-12 05:00:00,CORE_HR
EVT00062249,2023-08-02,EMP01348,CC0054,AS,5,Leave Return,,EUR,DE,2023-08-03 13:00:00,PAYROLL
EVT00062711,2023-08-17,EMP03536,CC0051,EN,5,Step Increment,105361.81,CAD,CAN,2023-08-17 12:00:00,CORE_HR
EVT00062491,2023-08-04,EMP01652,CC0038,AS,2,Step Increment,84430.88,CAD,CA,2023-08-05 07:00:00,PAYROLL
EVT00061948,2023-08-10,EMP04960,CC0037,AS,1,Step Increment,55687.56,CAD,CA,2023-08-10 12:00:00,PAYROLL
EVT00062673,2023-08-23,EMP02381,CC0080,FI,2,Lateral Deployment,,USD,US,2023-08-23 21:00:00,PAYROLL
EVT00062752,2023-08-16,EMP04403,CC0053,EC,1,Performance Pay,5402.71,CAD,CAN,2023-08-17 01:00:00,CORE_HR
EVT00063517,2023-08-10,EMP03866,CC0096,AS,2,Step Increment,69533.98,CAD,CAN,2023-08-12 11:00:00,CORE_HR
EVT00062187,2023-08-08,EMP04872,CC0070,EC,3,Lateral Deployment,,CAD,CAN,2023-08-09 13:00:00,CORE_HR
EVT00063355,2023-08-20,EMP01122,CC0080,PA,4,Departure,,KES,KEN,2023-08-21 12:00:00,CORE_HR
EVT00062685,2023-08-06,EMP05085,CC0048,AS,2,Step Increment,49747.63,CAD,CA,2023-08-07 06:00:00,PAYROLL
EVT00062954,2023-08-18,EMP04730,CC0082,EN,4,Step Increment,116658.49,CAD,CAN,2023-08-19 15:00:00,CORE_HR
EVT00063547,2023-08-15,EMP04190,CC0009,CR,2,Leave Start,,KES,KEN,2023-08-15 12:00:00,CORE_HR
EVT00062662,2023-08-21,EMP03563,CC0115,IT,4,Step Increment,133415.43,CAD,CAN,2023-08-22 09:00:00,CORE_HR
EVT00062339,2023-08-25,EMP03951,CC0019,FI,4,Lateral Deployment,,CAD,CA,2023-08-26 01:00:00,PAYROLL
EVT00063117,2023-08-27,EMP02398,CC0027,AS,1,Step Increment,58201.66,CAD,CA,2023-08-27 15:00:00,PAYROLL
EVT00063313,2023-08-16,EMP02944,CC0078,PA,4,Step Increment,93059.75,CAD,CA,2023-08-16 17:00:00,PAYROLL
EVT00063413,2023-08-23,EMP02719,CC0114,EX,1,Performance Pay,16088.04,CAD,CA,2023-08-23 14:00:00,PAYROLL
EVT00062957,2023-08-01,EMP01444,CC0003,PA,4,Promotion,90110.81,CAD,CAN,2023-08-01 15:00:00,CORE_HR
EVT00063391,2023-08-14,EMP02602,CC0114,CR,2,Lateral Deployment,,CAD,CA,2023-08-15 09:00:00,PAYROLL
EVT00063154,2023-08-13,EMP04799,CC0039,EX,2,Leave Start,,CAD,CAN,2023-08-14 04:00:00,CORE_HR
EVT00063058,2023-08-04,EMP04110,CC0076,PA,4,Performance Pay,4772.27,CAD,CAN,2023-08-04 23:00:00,CORE_HR
EVT00063305,2023-08-03,EMP01238,CC0120,FI,1,Leave Start,,CAD,CA,2023-08-04 05:00:00,PAYROLL
EVT00062914,2023-08-22,EMP00531,CC0017,AS,2,Performance Pay,7693.38,CAD,CA,2023-08-22 17:00:00,PAYROLL
EVT00063254,2023-08-22,EMP04634,CC0001,IT,4,Leave Return,,CAD,CAN,2023-08-23 06:00:00,CORE_HR
EVT00062621,2023-08-11,EMP04297,CC0105,PA,2,Step Increment,7790922.87,KES,KE,2023-08-11 21:00:00,PAYROLL
EVT00062938,2023-08-13,EMP01059,CC0108,PA,1,Leave Return,,MXN,MEX,2023-08-14 08:00:00,CORE_HR
EVT00063408,2023-08-03,EMP04985,CC0001,EN,3,Leave Start,,CAD,CA,2023-08-03 17:00:00,PAYROLL
EVT00062237,2023-08-08,EMP02103,CC0051,EX,2,Leave Start,,CAD,CAN,2023-08-09 03:00:00,CORE_HR
EVT00061815,2023-08-23,EMP02704,CC0074,IT,3,Leave Start,,SGD,SGP,2023-08-23 12:00:00,CORE_HR
EVT00063638,2023-08-07,EMP00590,CC0112,EC,5,Performance Pay,10397.74,CAD,CA,2023-08-08 02:00:00,PAYROLL
EVT00062617,2023-08-06,EMP03382,CC0065,FI,3,Step Increment,269672.11,AED,AE,2023-08-06 07:00:00,PAYROLL
EVT00061997,2023-08-21,EMP03366,CC0036,PA,4,Leave Return,,CAD,CA,2023-08-21 21:00:00,PAYROLL
EVT00063458,2023-08-05,EMP03920,CC0074,EC,4,Step Increment,98418.06,EUR,FRA,2023-08-05 16:00:00,CORE_HR
EVT00062325,2023-08-23,EMP04194,CC0054,IT,5,Lateral Deployment,,MXN,MEX,2023-08-23 18:00:00,CORE_HR
EVT00061889,2023-08-13,EMP04865,CC0070,EC,2,Performance Pay,5842.51,CAD,CAN,2023-08-13 14:00:00,CORE_HR
EVT00062506,2023-08-02,EMP03219,CC0003,IT,2,Step Increment,91751.59,CAD,CA,2023-08-02 18:00:00,PAYROLL
EVT00062366,2023-08-03,EMP00438,CC0108,EX,1,Leave Return,,JPY,JPN,2023-08-04 07:00:00,CORE_HR
EVT00062367,2023-08-22,EMP03356,CC0076,EC,3,Leave Start,,CAD,CA,2023-08-22 16:00:00,PAYROLL
EVT00062941,2023-08-02,EMP02914,CC0052,PA,3,Departure,,CAD,CAN,2023-08-03 07:00:00,CORE_HR
EVT00063195,2023-08-07,EMP02702,CC0078,EX,2,Lateral Deployment,,CAD,CAN,2023-08-07 22:00:00,CORE_HR
EVT00062654,2023-08-26,EMP04826,CC0074,CR,3,Performance Pay,543280.2,INR,IN,2023-08-26 13:00:00,PAYROLL
EVT00062902,2023-08-03,EMP03137,CC0051,EC,3,Hire,93952.34,CAD,CAN,2023-08-03 19:00:00,CORE_HR
EVT00063285,2023-08-23,EMP04490,CC0057,IT,3,Lateral Deployment,,CAD,CAN,2023-08-24 00:00:00,CORE_HR
EVT00062313,2023-08-25,EMP04966,CC0116,IT,2,Leave Start,,CAD,CAN,2023-08-25 09:00:00,CORE_HR
EVT00062672,2023-08-12,EMP02702,CC0078,EX,2,Step Increment,198590.73,CAD,CA,2023-08-13 00:00:00,PAYROLL
EVT00062475,2023-08-19,EMP00366,CC0054,EN,1,Performance Pay,1154963.53,KES,KE,2023-08-19 11:00:00,PAYROLL
EVT00063057,2023-08-25,EMP00228,CC0053,PA,2,Hire,68578.22,CAD,CAN,2023-08-25 18:00:00,CORE_HR
EVT00063032,2023-08-27,EMP04208,CC0112,EX,1,Promotion,146250.67,CAD,CA,2023-08-27 12:00:00,PAYROLL
EVT00062449,2023-08-17,EMP02123,CC0057,IT,5,Performance Pay,11781.44,CAD,CA,2023-08-18 08:00:00,PAYROLL
EVT00063051,2023-08-26,EMP02891,CC0007,PA,4,Leave Return,,USD,USA,2023-08-27 11:00:00,CORE_HR
EVT00063398,2023-08-22,EMP04631,CC0083,AS,4,Performance Pay,6265.82,CAD,CAN,2023-08-22 22:00:00,CORE_HR
EVT00062006,2023-08-13,EMP02525,CC0006,FI,5,Step Increment,122238.86,CAD,CA,2023-08-14 06:00:00,PAYROLL
EVT00062477,2023-08-19,EMP05135,CC0082,EN,1,Step Increment,82892.68,CAD,CA,2023-08-20 14:00:00,PAYROLL
EVT00062283,2023-08-21,EMP01612,CC0107,PA,2,Step Increment,67852.46,CAD,CA,2023-08-21 13:00:00,PAYROLL
EVT00063186,2023-08-04,EMP00823,CC0073,EC,3,Promotion,75452.78,CAD,CAN,2023-08-04 18:00:00,CORE_HR
EVT00063045,2023-08-27,EMP00265,CC0085,EC,3,Leave Return,,CAD,CA,2023-08-27 16:00:00,PAYROLL
EVT00062387,2023-08-22,EMP04112,CC0048,EN,1,Leave Start,,CAD,CA,2023-08-23 02:00:00,PAYROLL
EVT00061891,2023-08-26,EMP04377,CC0119,EX,2,Hire,170601.93,CAD,CAN,2023-08-26 07:00:00,CORE_HR
EVT00061845,2023-08-13,EMP04004,CC0107,IT,1,Step Increment,85985.23,CAD,CA,2023-08-14 13:00:00,PAYROLL
EVT00062018,2023-08-03,EMP01148,CC0103,EX,2,Step Increment,169251.75,CAD,CAN,2023-08-03 08:00:00,CORE_HR
EVT00062205,2023-08-25,EMP01971,CC0060,IT,1,Step Increment,90694.45,CAD,CAN,2023-08-25 18:00:00,CORE_HR
EVT00062428,2023-08-21,EMP01181,CC0112,FI,4,Step Increment,101553.91,CAD,CAN,2023-08-22 05:00:00,CORE_HR
EVT00062411,2023-08-04,EMP01705,CC0018,PA,3,Performance Pay,9951.46,CAD,CA,2023-08-04 23:00:00,PAYROLL
EVT00063200,2023-08-01,EMP02769,CC0057,FI,2,Leave Start,,CAD,CAN,2023-08-02 05:00:00,CORE_HR
EVT00063630,2023-08-04,EMP04644,CC0027,CR,4,Departure,,CAD,CAN,2023-08-04 21:00:00,CORE_HR
EVT00063280,2023-08-21,EMP03638,CC0025,PA,1,Step Increment,58676.43,CAD,CA,2023-08-21 19:00:00,PAYROLL
EVT00063141,2023-08-14,EMP04390,CC0074,IT,1,Step Increment,62809.08,SGD,SGP,2023-08-14 14:00:00,CORE_HR
EVT00063430,2023-08-22,EMP04604,CC0009,PA,3,Leave Start,,USD,US,2023-08-23 08:00:00,PAYROLL
EVT00062177,2023-08-06,EMP05142,CC0057,AS,2,Step Increment,59807.63,CAD,CAN,2023-08-06 08:00:00,CORE_HR
EVT00061817,2023-08-16,EMP01064,CC0026,FI,1,Leave Return,,CAD,CAN,2023-08-17 16:00:00,CORE_HR
EVT00063135,2023-08-06,EMP01528,CC0094,EX,1,Step Increment,134546.59,CAD,CAN,2023-08-07 05:00:00,CORE_HR
EVT00062282,2023-08-20,EMP01684,CC0011,PA,2,Leave Start,,CAD,CA,2023-08-21 12:00:00,PAYROLL
EVT00062600,2023-08-01,EMP05076,CC0092,IT,2,Leave Start,,CAD,CAN,2023-08-01 09:00:00,CORE_HR
EVT00062678,2023-08-13,EMP00009,CC0118,IT,2,Leave Start,,CAD,CAN,2023-08-13 15:00:00,CORE_HR
EVT00061928,2023-08-16,EMP04031,CC0018,AS,5,Leave Return,,CAD,CA,2023-08-16 20:00:00,PAYROLL
EVT00062790,2023-08-02,EMP02850,CC0058,EX,3,Step Increment,180383.02,CAD,CAN,2023-08-02 17:00:00,CORE_HR
EVT00063623,2023-08-05,EMP04220,CC0090,FI,2,Leave Return,,CAD,CAN,2023-08-05 10:00:00,CORE_HR
EVT00062063,2023-08-03,EMP04634,CC0001,IT,4,Leave Start,,CAD,CAN,2023-08-04 10:00:00,CORE_HR
EVT00062103,2023-08-11,EMP00725,CC0089,EN,3,Leave Start,,CAD,CAN,2023-08-12 10:00:00,CORE_HR
EVT00063619,2023-08-17,EMP02009,CC0099,CR,3,Lateral Deployment,,CAD,CAN,2023-08-18 14:00:00,CORE_HR
EVT00061972,2023-08-02,EMP00851,CC0079,IT,2,Step Increment,97999.76,CAD,CAN,2023-08-03 14:00:00,CORE_HR
EVT00063164,2023-08-18,EMP05067,CC0074,IT,3,Performance Pay,555705.89,JPY,JP,2023-08-18 06:00:00,PAYROLL
EVT00063196,2023-08-27,EMP00797,CC0109,FI,4,Step Increment,87586.5,CAD,CAN,2023-08-28 08:00:00,CORE_HR
EVT00063007,2023-08-10,EMP02481,CC0008,AS,5,Leave Return,,CAD,CAN,2023-08-10 12:00:00,CORE_HR
EVT00062810,2023-08-02,EMP03341,CC0074,PA,2,Step Increment,939623.6,MXN,MEX,2023-08-02 11:00:00,CORE_HR
EVT00062647,2023-08-26,EMP03630,CC0078,PA,2,Leave Return,,CAD,CAN,2023-08-27 09:00:00,CORE_HR
EVT00061963,2023-08-17,EMP03576,CC0043,CR,4,Leave Return,,CAD,CAN,2023-08-18 08:00:00,CORE_HR
EVT00061802,2023-08-12,EMP04242,CC0049,FI,1,Performance Pay,16716.39,BRL,BR,2023-08-13 08:00:00,PAYROLL
EVT00063531,2023-08-09,EMP03192,CC0016,IT,1,Step Increment,78514.92,CAD,CAN,2023-08-09 13:00:00,CORE_HR
EVT00062288,2023-08-11,EMP04351,CC0056,AS,1,Lateral Deployment,,CAD,CA,2023-08-12 02:00:00,PAYROLL
EVT00062993,2023-08-02,EMP03661,CC0005,EX,2,Leave Start,,CAD,CAN,2023-08-02 19:00:00,CORE_HR
EVT00062579,2023-08-11,EMP02182,CC0005,CR,5,Step Increment,100193.49,CAD,CAN,2023-08-12 03:00:00,CORE_HR
EVT00062702,2023-08-22,EMP02095,CC0032,EC,4,Performance Pay,13190.3,CAD,CAN,2023-08-22 06:00:00,CORE_HR
EVT00062334,2023-08-03,EMP02345,CC0056,AS,2,Promotion,70246.58,CAD,CAN,2023-08-03 13:00:00,CORE_HR
EVT00062451,2023-08-22,EMP04476,CC0102,FI,1,Step Increment,93333.77,CAD,CA,2023-08-22 20:00:00,PAYROLL
EVT00063648,2023-08-02,EMP03117,CC0110,FI,1,Leave Return,,CAD,CA,2023-08-02 09:00:00,PAYROLL
EVT00063609,2023-08-16,EMP02898,CC0100,CR,2,Step Increment,57313.22,CAD,CAN,2023-08-16 16:00:00,CORE_HR
EVT00063452,2023-08-08,EMP03616,CC0004,EX,1,Hire,119267.19,CAD,CAN,2023-08-08 06:00:00,CORE_HR
EVT00063611,2023-08-19,EMP02984,CC0093,FI,3,Lateral Deployment,,CAD,CA,2023-08-19 12:00:00,PAYROLL
EVT00062012,2023-08-09,EMP03423,CC0065,AS,3,Leave Start,,KES,KEN,2023-08-10 05:00:00,CORE_HR
EVT00062422,2023-08-19,EMP03898,CC0064,IT,4,Promotion,115927.2,CAD,CAN,2023-08-20 04:00:00,CORE_HR
EVT00062553,2023-08-13,EMP03861,CC0001,AS,5,Hire,73031.45,CAD,CA,2023-08-13 08:00:00,PAYROLL
EVT00063123,2023-08-20,EMP01747,CC0090,PA,1,Leave Start,,CAD,CA,2023-08-20 19:00:00,PAYROLL
EVT00062302,2023-08-04,EMP01272,CC0077,FI,2,Leave Start,,CAD,CA,2023-08-04 09:00:00,PAYROLL
EVT00063543,2023-08-07,EMP01285,CC0083,EC,4,Leave Start,,CAD,CA,2023-08-07 17:00:00,PAYROLL
EVT00062623,2023-08-05,EMP02894,CC0038,FI,1,Step Increment,81526.79,CAD,CA,2023-08-05 11:00:00,PAYROLL
EVT00063297,2023-08-10,EMP01034,CC0100,FI,4,Leave Start,,CAD,CAN,2023-08-10 20:00:00,CORE_HR
EVT00062491,2023-08-04,EMP01652,CC0038,AS,2,Step Increment,84430.88,CAD,CA,2023-08-05 20:00:00,PAYROLL
EVT00062707,2023-08-05,EMP01216,CC0069,FI,3,Hire,107643.99,CAD,CAN,2023-08-05 13:00:00,CORE_HR
EVT00063038,2023-08-12,EMP03584,CC0088,AS,1,Step Increment,228302.37,BRL,BRA,2023-08-12 07:00:00,CORE_HR
EVT00063202,2023-08-25,EMP04207,CC0070,PA,2,Leave Start,,CAD,CAN,2023-08-25 21:00:00,CORE_HR
EVT00062034,2023-08-16,EMP01063,CC0092,EC,3,Step Increment,82406.43,CAD,CAN,2023-08-16 15:00:00,CORE_HR
EVT00062877,2023-08-17,EMP00918,CC0060,PA,3,Lateral Deployment,,CAD,CAN,2023-08-18 03:00:00,CORE_HR
EVT00061819,2023-08-05,EMP04477,CC0039,EN,2,Lateral Deployment,,CAD,CAN,2023-08-05 18:00:00,CORE_HR
EVT00063138,2023-08-08,EMP01511,CC0079,PA,2,Leave Return,,CAD,CAN,2023-08-08 20:00:00,CORE_HR
EVT00063025,2023-08-11,EMP01597,CC0026,IT,1,Step Increment,86583.15,CAD,CAN,2023-08-12 00:00:00,CORE_HR
EVT00063273,2023-08-06,EMP04639,CC0030,EX,2,Step Increment,249925.55,AUD,AUS,2023-08-08 14:00:00,CORE_HR
EVT00062820,2023-08-08,EMP04525,CC0016,EX,2,Lateral Deployment,,CAD,CAN,2023-08-08 13:00:00,CORE_HR
EVT00062198,2023-08-08,EMP02875,CC0111,FI,2,Leave Return,,USD,USA,2023-08-09 08:00:00,CORE_HR
EVT00062242,2023-08-20,EMP00955,CC0057,EC,1,Leave Start,,CAD,CA,2023-08-21 05:00:00,PAYROLL
EVT00063201,2023-08-14,EMP03197,CC0118,EN,3,Hire,110182.28,CAD,CAN,2023-08-15 13:00:00,CORE_HR
EVT00062648,2023-08-21,EMP02355,CC0090,FI,3,Lateral Deployment,,CAD,CAN,2023-08-21 07:00:00,CORE_HR
EVT00063509,2023-08-09,EMP02447,CC0015,FI,3,Performance Pay,12638.4,CAD,CA,2023-08-10 07:00:00,PAYROLL
EVT00063557,2023-08-22,EMP00494,CC0113,EN,4,Leave Start,,CAD,CAN,2023-08-23 07:00:00,CORE_HR
EVT00061942,2023-08-16,EMP01424,CC0022,AS,2,Performance Pay,3295.41,CAD,CAN,2023-08-16 23:00:00,CORE_HR
EVT00063041,2023-08-08,EMP00339,CC0059,PA,2,Step Increment,75927.49,CAD,CAN,2023-08-08 13:00:00,CORE_HR
EVT00062768,2023-08-24,EMP00366,CC0054,EN,1,Leave Return,,AUD,AUS,2023-08-25 08:00:00,CORE_HR
EVT00062755,2023-08-08,EMP00784,CC0098,IT,4,Step Increment,114627.92,CAD,CAN,2023-08-08 06:00:00,CORE_HR
EVT00062544,2023-08-25,EMP02817,CC0018,IT,1,Hire,78226.01,CAD,CAN,2023-08-25 10:00:00,CORE_HR
EVT00063054,2023-08-06,EMP02688,CC0046,PA,1,Step Increment,32878.46,GBP,GBR,2023-08-06 19:00:00,CORE_HR
EVT00063378,2023-08-20,EMP04731,CC0110,EX,1,Step Increment,140730.45,CAD,CAN,2023-08-20 14:00:00,CORE_HR
EVT00061906,2023-08-03,EMP02099,CC0092,PA,2,Leave Return,,CAD,CAN,2023-08-04 08:00:00,CORE_HR
EVT00062253,2023-08-03,EMP01104,CC0048,CR,3,Lateral Deployment,,CAD,CAN,2023-08-04 05:00:00,CORE_HR
EVT00061843,2023-08-13,EMP04456,CC0047,CR,4,Step Increment,78841.98,CAD,CAN,2023-08-14 15:00:00,CORE_HR
EVT00063425,2023-08-17,EMP04695,CC0064,EC,3,Performance Pay,9048.23,CAD,CAN,2023-08-17 17:00:00,CORE_HR
EVT00063532,2023-08-27,EMP00819,CC0002,PA,4,Lateral Deployment,,CAD,CAN,2023-08-28 04:00:00,CORE_HR
EVT00063017,2023-08-05,EMP02409,CC0029,EN,4,Performance Pay,602279.76,KES,KE,2023-08-05 20:00:00,PAYROLL
EVT00062049,2023-08-21,EMP04501,CC0118,AS,1,Performance Pay,3084.1,CAD,CAN,2023-08-21 16:00:00,CORE_HR
EVT00062377,2023-08-06,EMP01534,CC0044,EN,4,Leave Start,,CAD,CAN,2023-08-06 17:00:00,CORE_HR
EVT00062354,2023-08-12,EMP02588,CC0114,EN,3,Leave Start,,CAD,CAN,2023-08-12 13:00:00,CORE_HR
EVT00063460,2023-08-18,EMP04523,CC0108,IT,1,Step Increment,65274.33,USD,USA,2023-08-19 15:00:00,CORE_HR
EVT00063405,2023-08-22,EMP02203,CC0072,EX,1,Step Increment,145835.86,CAD,CAN,2023-08-23 05:00:00,CORE_HR
EVT00062868,2023-08-23,EMP03644,CC0026,EX,2,Performance Pay,15548.01,CAD,CAN,2023-08-23 15:00:00,CORE_HR
EVT00061811,2023-08-03,EMP00453,CC0063,EN,1,Step Increment,84879.14,CAD,CA,2023-08-04 09:00:00,PAYROLL
EVT00062216,2023-08-25,EMP02476,CC0064,AS,3,Step Increment,68935.65,CAD,CAN,2023-08-26 15:00:00,CORE_HR
EVT00062082,2023-08-04,EMP04948,CC0066,EN,3,Step Increment,105553.99,CAD,CAN,2023-08-04 17:00:00,CORE_HR
EVT00062482,2023-08-19,EMP01708,CC0100,PA,3,Step Increment,81907.81,CAD,CA,2023-08-19 17:00:00,PAYROLL
EVT00062646,2023-08-13,EMP00527,CC0112,IT,3,Step Increment,120077.44,CAD,CA,2023-08-13 15:00:00,PAYROLL
EVT00062933,2023-08-12,EMP04001,CC0048,PA,2,Leave Start,,CAD,CA,2023-08-13 13:00:00,PAYROLL
EVT00062867,2023-08-03,EMP01085,CC0035,FI,4,Departure,,CAD,CA,2023-08-03 15:00:00,PAYROLL
EVT00063011,2023-08-03,EMP02834,CC0080,CR,1,Leave Return,,MXN,MEX,2023-08-04 02:00:00,CORE_HR
EVT00062400,2023-08-25,EMP04519,CC0036,FI,2,Leave Start,,CAD,CA,2023-08-25 20:00:00,PAYROLL
EVT00063511,2023-08-02,EMP02573,CC0032,AS,3,Leave Return,,CAD,CAN,2023-08-03 03:00:00,CORE_HR
EVT00062504,2023-08-21,EMP04691,CC0016,EN,2,Leave Return,,CAD,CA,2023-08-22 02:00:00,PAYROLL
EVT00062806,2023-08-12,EMP05086,CC0119,EC,2,Leave Return,,CAD,CAN,2023-08-12 19:00:00,CORE_HR
EVT00062286,2023-08-16,EMP03737,CC0089,CR,1,Performance Pay,3757.84,CAD,CAN,2023-08-16 13:00:00,CORE_HR
EVT00063124,2023-08-26,EMP01575,CC0054,CR,2,Performance Pay,403509.0,KES,KE,2023-08-26 17:00:00,PAYROLL
EVT00062835,2023-08-12,EMP04937,CC0114,EC,2,Departure,,CAD,CAN,2023-08-12 16:00:00,CORE_HR
EVT00061864,2023-08-23,EMP01989,CC0021,IT,1,Step Increment,75870.75,CAD,CAN,2023-08-23 18:00:00,CORE_HR
EVT00061863,2023-08-27,EMP02680,CC0036,CR,3,Leave Start,,CAD,CAN,2023-08-27 19:00:00,CORE_HR
EVT00063325,2023-08-05,EMP00826,CC0071,EX,1,Performance Pay,6767.29,CAD,CA,2023-08-05 22:00:00,PAYROLL
EVT00062650,2023-08-14,EMP00320,CC0027,FI,3,Leave Start,,CAD,CA,2023-08-15 13:00:00,PAYROLL
EVT00062115,2023-08-02,EMP01502,CC0041,AS,3,Leave Start,,CAD,CA,2023-08-02 10:00:00,PAYROLL
EVT00062628,2023-08-13,EMP04458,CC0098,IT,1,Leave Start,,CAD,CAN,2023-08-14 20:00:00,CORE_HR
EVT00062055,2023-08-06,EMP04015,CC0057,EN,1,Step Increment,86237.63,CAD,CAN,2023-08-06 20:00:00,CORE_HR
EVT00063441,2023-08-14,EMP01806,CC0035,EX,1,Performance Pay,10121.87,CAD,CA,2023-08-14 09:00:00,PAYROLL
EVT00062499,2023-08-17,EMP00426,CC0033,AS,4,Leave Start,,CAD,CA,2023-08-17 11:00:00,PAYROLL
EVT00063384,2023-08-21,EMP00295,CC0039,IT,2,Step Increment,88492.33,CAD,CAN,2023-08-21 16:00:00,CORE_HR
EVT00063433,2023-08-21,EMP01879,CC0089,PA,3,Step Increment,77046.63,CAD,CAN,2023-08-21 18:00:00,CORE_HR
EVT00062872,2023-08-17,EMP04342,CC0040,PA,2,Hire,79050.9,CAD,CAN,2023-08-18 02:00:00,CORE_HR
EVT00062710,2023-08-19,EMP04986,CC0049,EN,1,Promotion,4611254.39,INR,IN,2023-08-19 15:00:00,PAYROLL
EVT00062486,2023-08-10,EMP00953,CC0068,PA,3,Leave Return,,CAD,CAN,2023-08-13 00:00:00,CORE_HR
EVT00061982,2023-08-07,EMP02591,CC0044,EC,3,Departure,,CAD,CAN,2023-08-08 00:00:00,CORE_HR
EVT00062729,2023-08-10,EMP04946,CC0102,PA,3,Leave Start,,CAD,CA,2023-08-10 20:00:00,PAYROLL
EVT00062587,2023-08-23,EMP01321,CC0056,AS,2,Step Increment,71652.72,CAD,CAN,2023-08-23 13:00:00,CORE_HR
EVT00063055,2023-08-14,EMP01743,CC0032,IT,3,Leave Return,,CAD,CA,2023-08-15 06:00:00,PAYROLL
EVT00062910,2023-08-01,EMP03297,CC0012,PA,2,Lateral Deployment,,CAD,CAN,2023-08-01 17:00:00,CORE_HR
EVT00062961,2023-08-19,EMP01303,CC0096,PA,2,Performance Pay,6217.2,CAD,CAN,2023-08-19 10:00:00,CORE_HR
EVT00062756,2023-08-25,EMP00426,CC0033,AS,4,Departure,,CAD,CAN,2023-08-25 08:00:00,CORE_HR
EVT00063519,2023-08-24,EMP01517,CC0052,FI,1,Leave Return,,CAD,CAN,2023-08-25 00:00:00,CORE_HR
EVT00063216,2023-08-01,EMP00491,CC0043,PA,3,Step Increment,88899.5,CAD,CA,2023-08-01 11:00:00,PAYROLL
