event_id,event_date,employee_id,cost_center_id,classification_group,classification_level,event_type,amount_local,local_currency,work_country_code,ingest_ts,source_system
EVT00033365,2022-05-08,EMP03422,CC0046,PA,1,Step Increment,50295.52,USD,USA,2022-05-09 11:00:00,CORE_HR
EVT00033082,2022-05-04,EMP03115,CC0064,CR,3,Step Increment,66159.04,CAD,CA,2022-05-05 01:00:00,PAYROLL
EVT00032375,2022-05-06,EMP02659,CC0033,IT,2,Lateral Deployment,,CAD,CAN,2022-05-06 12:00:00,CORE_HR
EVT00032674,2022-05-08,EMP00321,CC0087,CR,2,Promotion,54690.6,CAD,CAN,2022-05-08 15:00:00,CORE_HR
EVT00032594,2022-05-10,EMP04639,CC0030,EX,2,Leave Return,,AED,AE,2022-05-11 08:00:00,PAYROLL
EVT00031884,2022-05-05,EMP01956,CC0092,PA,4,Performance Pay,8819.39,CAD,CAN,2022-05-06 10:00:00,CORE_HR
EVT00033125,2022-05-02,EMP04319,CC0110,AS,3,Step Increment,71069.38,CAD,CAN,2022-05-02 11:00:00,CORE_HR
EVT00032403,2022-05-24,EMP00020,CC0067,FI,5,Leave Start,,CAD,CAN,2022-05-24 18:00:00,CORE_HR
EVT00033316,2022-05-22,EMP01208,CC0032,AS,3,Step Increment,72333.36,CAD,CAN,2022-05-22 17:00:00,CORE_HR
EVT00033016,2022-05-18,EMP00230,CC0016,IT,1,Hire,83630.77,CAD,CAN,2022-05-18 17:00:00,CORE_HR
EVT00032820,2022-05-04,EMP03415,CC0046,IT,1,Leave Return,,GBP,GB,2022-05-04 22:00:00,PAYROLL
EVT00032211,2022-05-10,EMP04126,CC0003,PA,4,Performance Pay,8090.2,CAD,CAN,2022-05-11 05:00:00,CORE_HR
EVT00033530,2022-05-26,EMP03108,CC0019,EN,1,Step Increment,86291.27,CAD,CAN,2022-05-26 08:00:00,CORE_HR
EVT00033402,2022-05-01,EMP00511,CC0036,EC,3,Hire,112635.01,CAD,CAN,2022-05-01 13:00:00,CORE_HR
EVT00033167,2022-05-12,EMP01955,CC0026,AS,1,Performance Pay,2385.71,CAD,CAN,2022-05-13 01:00:00,CORE_HR
EVT00033299,2022-05-24,EMP01881,CC0117,IT,1,Step Increment,75712.9,CAD,CAN,2022-05-24 18:00:00,CORE_HR
EVT00032687,2022-05-17,EMP02437,CC0024,EC,4,Leave Start,,CAD,CA,2022-05-17 18:00:00,PAYROLL
EVT00032871,2022-05-21,EMP02539,CC0074,EC,1,Step Increment,267028.55,BRL,BRA,2022-05-21 15:00:00,CORE_HR
EVT00033715,2022-05-24,EMP03742,CC0107,EN,2,Performance Pay,6870.61,CAD,CAN,2022-05-24 14:00:00,CORE_HR
EVT00032911,2022-05-17,EMP00236,CC0054,AS,2,Step Increment,50942.29,USD,US,2022-05-18 00:00:00,PAYROLL
EVT00033133,2022-05-21,EMP02314,CC0042,EN,1,Step Increment,78818.51,CAD,CAN,2022-05-21 06:00:00,CORE_HR
EVT00032287,2022-05-20,EMP03355,CC0087,FI,3,Lateral Deployment,,CAD,CA,2022-05-20 06:00:00,PAYROLL
EVT00033579,2022-05-26,EMP01885,CC0072,EC,1,Step Increment,90083.89,CAD,CAN,2022-05-26 22:00:00,CORE_HR
EVT00033626,2022-05-12,EMP01347,CC0071,EX,1,Step Increment,121216.81,CAD,CAN,2022-05-13 09:00:00,CORE_HR
EVT00032939,2022-05-24,EMP01774,CC0110,EN,3,Lateral Deployment,,CAD,CA,2022-05-24 12:00:00,PAYROLL
EVT00032145,2022-05-21,EMP03997,CC0050,IT,3,Step Increment,105806.08,CAD,CA,2022-05-21 07:00:00,PAYROLL
EVT00033686,2022-05-09,EMP00014,CC0012,PA,2,Leave Start,,CAD,CA,2022-05-09 06:00:00,PAYROLL
EVT00032223,2022-05-04,EMP01136,CC0106,IT,2,Leave Return,,CAD,CA,2022-05-04 08:00:00,PAYROLL
EVT00033675,2022-05-03,EMP02962,CC0017,EN,2,Departure,,CAD,CA,2022-05-03 06:00:00,PAYROLL
EVT00031922,2022-05-05,EMP01954,CC0061,PA,4,Leave Return,,CAD,CA,2022-05-06 07:00:00,PAYROLL
EVT00033022,2022-05-24,EMP01308,CC0013,EC,1,Performance Pay,3869.89,CAD,CAN,2022-05-24 14:00:00,CORE_HR
EVT00032416,2022-05-19,EMP00763,CC0081,IT,2,Leave Start,,CAD,CAN,2022-05-20 10:00:00,CORE_HR
EVT00032679,2022-05-08,EMP00674,CC0026,EC,5,Leave Return,,CAD,CAN,2022-05-08 10:00:00,CORE_HR
EVT00032177,2022-05-11,EMP04807,CC0005,EC,3,Leave Return,,CAD,CAN,2022-05-11 13:00:00,CORE_HR
EVT00032786,2022-05-23,EMP00812,CC0026,AS,3,Leave Return,,CAD,CA,2022-05-23 12:00:00,PAYROLL
EVT00032854,2022-05-12,EMP04509,CC0002,PA,3,Step Increment,75306.54,CAD,CA,2022-05-12 17:00:00,PAYROLL
EVT00032354,2022-05-21,EMP02218,CC0111,PA,1,Leave Return,,KES,KEN,2022-05-22 10:00:00,CORE_HR
EVT00033522,2022-05-11,EMP02001,CC0006,CR,1,Step Increment,53015.46,CAD,CA,2022-05-11 23:00:00,PAYROLL
EVT00032407,2022-05-21,EMP03359,CC0079,EN,3,Step Increment,109816.6,CAD,CAN,2022-05-22 07:00:00,CORE_HR
EVT00032275,2022-05-22,EMP04444,CC0071,FI,2,Step Increment,67606.26,CAD,CAN,2022-05-23 07:00:00,CORE_HR
EVT00032022,2022-05-13,EMP03550,CC0022,CR,2,Performance Pay,5079.55,CAD,CAN,2022-05-14 03:00:00,CORE_HR
EVT00032254,2022-05-12,EMP02891,CC0007,PA,4,Leave Return,,EUR,DEU,2022-05-12 15:00:00,CORE_HR
EVT00032141,2022-05-09,EMP04345,CC0101,AS,1,Step Increment,61362.33,CAD,CAN,2022-05-10 06:00:00,CORE_HR
EVT00033599,2022-05-22,EMP00302,CC0096,EN,3,Leave Return,,CAD,CAN,2022-05-22 16:00:00,CORE_HR
EVT00033290,2022-05-02,EMP00902,CC0020,CR,4,Performance Pay,9001.48,CAD,CA,2022-05-02 08:00:00,PAYROLL
EVT00032104,2022-05-27,EMP02431,CC0040,PA,1,Leave Start,,CAD,CA,2022-05-27 18:00:00,PAYROLL
EVT00033547,2022-05-17,EMP01252,CC0008,EC,1,Lateral Deployment,,CAD,CAN,2022-05-21 11:00:00,CORE_HR
EVT00032886,2022-05-22,EMP04589,CC0007,AS,2,Promotion,39130.47,GBP,GBR,2022-05-23 13:00:00,CORE_HR
EVT00033015,2022-05-02,EMP01150,CC0086,AS,3,Step Increment,177188.93,AED,ARE,2022-05-02 20:00:00,CORE_HR
EVT00032945,2022-05-25,EMP02875,CC0111,FI,2,Step Increment,959399.57,MXN,MEX,2022-05-25 12:00:00,CORE_HR
EVT00032686,2022-05-19,EMP01102,CC0036,CR,3,Performance Pay,3940.12,CAD,CAN,2022-05-19 13:00:00,CORE_HR
EVT00031980,2022-05-16,EMP04086,CC0063,EN,4,Hire,123942.38,CAD,CA,2022-05-17 09:00:00,PAYROLL
EVT00032322,2022-05-27,EMP04024,CC0115,PA,1,Step Increment,66879.86,CAD,CA,2022-05-27 10:00:00,PAYROLL
EVT00032148,2022-05-13,EMP01850,CC0034,EC,3,Step Increment,115062.96,CAD,CAN,2022-05-13 07:00:00,CORE_HR
EVT00032084,2022-05-24,EMP04997,CC0033,FI,3,Leave Start,,CAD,CA,2022-05-25 10:00:00,PAYROLL
EVT00032765,2022-05-08,EMP02765,CC0076,AS,4,Lateral Deployment,,CAD,CAN,2022-05-08 12:00:00,CORE_HR
EVT00033415,2022-05-21,EMP01217,CC0005,IT,2,Leave Return,,CAD,CA,2022-05-22 00:00:00,PAYROLL
EVT00032108,2022-05-16,EMP00053,CC0017,PA,1,Performance Pay,7461.04,CAD,CA,2022-05-17 00:00:00,PAYROLL
EVT00032347,2022-05-16,EMP01343,CC0041,EC,2,Performance Pay,10259.68,CAD,CAN,2022-05-17 05:00:00,CORE_HR
EVT00033377,2022-05-17,EMP03082,CC0038,CR,1,Lateral Deployment,,CAD,CAN,2022-05-17 21:00:00,CORE_HR
EVT00032262,2022-05-20,EMP04900,CC0051,PA,3,Step Increment,84644.55,CAD,CA,2022-05-21 05:00:00,PAYROLL
EVT00032489,2022-05-23,EMP04647,CC0045,EX,2,Hire,165923.08,CAD,CAN,2022-05-25 09:00:00,CORE_HR
EVT00032220,2022-05-08,EMP04231,CC0097,EN,2,Step Increment,95866.15,CAD,CAN,2022-05-09 10:00:00,CORE_HR
EVT00033080,2022-05-07,EMP03561,CC0116,PA,3,Leave Return,,CAD,CA,2022-05-07 23:00:00,PAYROLL
EVT00032172,2022-05-06,EMP04772,CC0056,IT,3,Step Increment,102334.25,CAD,CAN,2022-05-07 06:00:00,CORE_HR
EVT00033696,2022-05-16,EMP02742,CC0112,FI,2,Lateral Deployment,,CAD,CA,2022-05-17 10:00:00,PAYROLL
EVT00032813,2022-05-17,EMP00256,CC0088,IT,1,Hire,8542216.95,KES,KEN,2022-05-17 15:00:00,CORE_HR
EVT00033438,2022-05-18,EMP03485,CC0011,IT,1,Step Increment,79501.25,CAD,CAN,2022-05-18 15:00:00,CORE_HR
EVT00031729,2022-05-14,EMP03185,CC0021,IT,4,Promotion,127742.33,CAD,CA,2022-05-15 14:00:00,PAYROLL
EVT00032803,2022-05-15,EMP02680,CC0036,CR,3,Leave Return,,CAD,CAN,2022-05-16 10:00:00,CORE_HR
EVT00032308,2022-05-21,EMP04949,CC0074,EC,3,Leave Start,,USD,US,2022-05-21 20:00:00,PAYROLL
EVT00033224,2022-05-26,EMP00047,CC0052,AS,4,Leave Start,,CAD,CA,2022-05-26 20:00:00,PAYROLL
EVT00032451,2022-05-16,EMP00203,CC0044,AS,3,Leave Start,,CAD,CA,2022-05-16 19:00:00,PAYROLL
EVT00031716,2022-05-06,EMP01576,CC0101,FI,2,Leave Return,,CAD,CAN,2022-05-06 10:00:00,CORE_HR
EVT00032554,2022-05-23,EMP04455,CC0001,IT,3,Performance Pay,14171.41,CAD,CA,2022-05-23 14:00:00,PAYROLL
EVT00032155,2022-05-11,EMP04470,CC0017,FI,4,Lateral Deployment,,CAD,CAN,2022-05-12 04:00:00,CORE_HR
EVT00032420,2022-05-12,EMP03041,CC0109,PA,1,Leave Return,,CAD,CA,2022-05-12 18:00:00,PAYROLL
EVT00032250,2022-05-12,EMP03041,CC0109,PA,1,Hire,70287.19,CAD,CAN,2022-05-13 00:00:00,CORE_HR
EVT00031708,2022-05-01,EMP04663,CC0095,PA,1,Step Increment,73626.38,CAD,CA,2022-05-02 11:00:00,PAYROLL
EVT00032281,2022-05-06,EMP04955,CC0041,PA,3,Leave Start,,CAD,CAN,2022-05-06 19:00:00,CORE_HR
EVT00032157,2022-05-26,EMP04646,CC0004,EN,1,Step Increment,69191.52,CAD,CA,2022-05-27 14:00:00,PAYROLL
EVT00033444,2022-05-11,EMP01870,CC0017,FI,5,Step Increment,120986.56,XXX,CAN,2022-05-12 11:00:00,CORE_HR
EVT00032439,2022-05-25,EMP04814,CC0039,CR,2,Hire,61733.17,CAD,CAN,2022-05-25 23:00:00,CORE_HR
EVT00033193,2022-05-06,EMP04340,CC0096,PA,2,Departure,,CAD,CAN,2022-05-06 10:00:00,CORE_HR
EVT00033184,2022-05-02,EMP00536,CC0010,AS,2,Performance Pay,5358.87,CAD,CAN,2022-05-02 18:00:00,CORE_HR
EVT00031977,2022-05-22,EMP02617,CC0017,IT,2,Step Increment,79799.63,CAD,CA,2022-05-22 23:00:00,PAYROLL
EVT00033092,2022-05-17,EMP00811,CC0058,EX,3,Step Increment,156788.09,CAD,CAN,2022-05-18 07:00:00,CORE_HR
EVT00031910,2022-05-20,EMP02167,CC0007,PA,1,Leave Start,,USD,US,2022-05-20 06:00:00,PAYROLL
EVT00032115,2022-05-06,EMP01059,CC0108,PA,1,Lateral Deployment,,SGD,SGP,2022-05-07 04:00:00,CORE_HR
EVT00032885,2022-05-06,EMP03848,CC0018,CR,4,Step Increment,70360.43,CAD,CA,2022-05-06 12:00:00,PAYROLL
EVT00032605,2022-05-22,EMP03439,CC0039,IT,3,Performance Pay,10628.31,CAD,CAN,2022-05-22 09:00:00,CORE_HR
EVT00032062,2022-05-05,EMP01413,CC0020,AS,2,Performance Pay,6837.02,CAD,CA,2022-05-05 20:00:00,PAYROLL
EVT00032694,2022-05-02,EMP02439,CC0089,CR,4,Step Increment,67512.12,CAD,CAN,2022-05-03 13:00:00,CORE_HR
EVT00032121,2022-05-08,EMP02481,CC0008,AS,5,Step Increment,76829.33,CAD,CAN,2022-05-09 12:00:00,CORE_HR
EVT00033004,2022-05-14,EMP04909,CC0104,CR,3,Lateral Deployment,,CAD,CAN,2022-05-15 12:00:00,CORE_HR
EVT00033452,2022-05-01,EMP04219,CC0042,CR,1,Step Increment,54380.99,CAD,CAN,2022-05-01 06:00:00,CORE_HR
EVT00032063,2022-05-13,EMP00338,CC0040,CR,3,Leave Start,,CAD,CAN,2022-05-14 06:00:00,CORE_HR
EVT00033490,2022-05-03,EMP03639,CC0119,PA,2,Departure,,CAD,CAN,2022-05-03 20:00:00,CORE_HR
EVT00032181,2022-05-19,EMP00289,CC0015,FI,3,Leave Return,,CAD,CAN,2022-05-20 05:00:00,CORE_HR
EVT00031791,2022-05-18,EMP03237,CC0035,EX,2,Leave Return,,CAD,CA,2022-05-20 13:00:00,PAYROLL
EVT00032304,2022-05-15,EMP03437,CC0008,AS,3,Step Increment,70811.23,CAD,CA,2022-05-15 09:00:00,PAYROLL
EVT00033500,2022-05-04,EMP01283,CC0089,AS,3,Leave Return,,CAD,CAN,2022-05-04 17:00:00,CORE_HR
EVT00033378,2022-05-06,EMP04603,CC0070,IT,2,Lateral Deployment,,CAD,CA,2022-05-06 13:00:00,PAYROLL
EVT00032772,2022-05-07,EMP00506,CC0097,PA,1,Performance Pay,4974.06,CAD,CA,2022-05-07 20:00:00,PAYROLL
EVT00032433,2022-05-08,EMP02955,CC0028,PA,1,Step Increment,59543.43,CAD,CA,2022-05-08 23:00:00,PAYROLL
EVT00033280,2022-05-10,EMP02656,CC0079,EN,1,Step Increment,74274.69,CAD,CA,2022-05-11 06:00:00,PAYROLL
EVT00033471,2022-05-02,EMP02323,CC0120,EN,1,Hire,75296.7,CAD,CAN,2022-05-03 01:00:00,CORE_HR
EVT00033185,2022-05-06,EMP04379,CC0029,FI,4,Leave Start,,KES,KE,2022-05-07 00:00:00,PAYROLL
EVT00032226,2022-05-05,EMP00508,CC0014,PA,4,Hire,96421.14,CAD,CA,2022-05-06 12:00:00,PAYROLL
EVT00032075,2022-05-17,EMP00324,CC0094,PA,2,Promotion,72146.53,CAD,CA,2022-05-18 05:00:00,PAYROLL
EVT00033590,2022-05-18,EMP03924,CC0073,AS,2,Performance Pay,5560.93,CAD,CA,2022-05-18 10:00:00,PAYROLL
EVT00033638,2022-05-08,EMP02309,CC0094,PA,4,Step Increment,82312.0,CAD,CAN,2022-05-09 05:00:00,CORE_HR
EVT00031822,2022-05-20,EMP01881,CC0117,IT,1,Performance Pay,5412.04,CAD,CAN,2022-05-20 15:00:00,CORE_HR
EVT00031944,2022-05-19,EMP03863,CC0094,PA,2,Step Increment,54535.98,CAD,CAN,2022-05-20 13:00:00,CORE_HR
EVT00031904,2022-05-15,EMP03892,CC0116,PA,1,Leave Return,,CAD,CAN,2022-05-15 09:00:00,CORE_HR
EVT00031862,2022-05-08,EMP03982,CC0014,EC,1,Performance Pay,5289.48,CAD,CAN,2022-05-08 09:00:00,CORE_HR
EVT00031848,2022-05-06,EMP03103,CC0068,CR,5,Lateral Deployment,,CAD,CA,2022-05-07 10:00:00,PAYROLL
EVT00033106,2022-05-09,EMP00968,CC0072,EN,1,Step Increment,79041.14,CAD,CA,2022-05-09 21:00:00,PAYROLL
EVT00032448,2022-05-18,EMP00329,CC0086,IT,2,Step Increment,54605.47,EUR,DE,2022-05-19 04:00:00,PAYROLL
EVT00033357,2022-05-18,EMP02440,CC0118,CR,2,Step Increment,57732.94,CAD,CAN,2022-05-19 04:00:00,CORE_HR
EVT00032358,2022-05-15,EMP02624,CC0018,CR,2,Step Increment,55601.36,CAD,CAN,2022-05-15 09:00:00,CORE_HR
EVT00033376,2022-05-11,EMP04244,CC0062,IT,4,Step Increment,118371.59,CAD,CA,2022-05-11 22:00:00,PAYROLL
EVT00033684,2022-05-22,EMP02856,CC0079,EN,4,Promotion,124074.53,CAD,CA,2022-05-22 07:00:00,PAYROLL
EVT00032692,2022-05-02,EMP04075,CC0101,PA,3,Promotion,82126.41,CAD,CA,2022-05-02 11:00:00,PAYROLL
EVT00031856,2022-05-22,EMP02351,CC0109,EX,1,Leave Return,,CAD,CA,2022-05-23 08:00:00,PAYROLL
EVT00032760,2022-05-04,EMP01438,CC0111,CR,3,Leave Start,,AED,ARE,2022-05-04 21:00:00,CORE_HR
EVT00032212,2022-05-11,EMP01542,CC0034,IT,2,Step Increment,86429.5,CAD,CAN,2022-05-12 08:00:00,CORE_HR
EVT00032570,2022-05-21,EMP03318,CC0084,PA,3,Hire,69404.32,CAD,CA,2022-05-22 01:00:00,PAYROLL
EVT00031753,2022-05-14,EMP04013,CC0060,EX,2,Departure,,CAD,CA,2022-05-15 12:00:00,PAYROLL
EVT00032410,2022-05-21,EMP01129,CC0028,CR,2,Step Increment,53186.15,CAD,CAN,2022-05-21 06:00:00,CORE_HR
EVT00032987,2022-05-23,EMP03244,CC0053,EC,1,Step Increment,73744.48,CAD,CAN,2022-05-24 10:00:00,CORE_HR
EVT00031774,2022-05-27,EMP01784,CC0096,EN,1,Hire,88372.68,CAD,CA,2022-05-27 17:00:00,PAYROLL
EVT00032025,2022-05-16,EMP03621,CC0099,CR,3,Leave Start,,CAD,CAN,2022-05-16 22:00:00,CORE_HR
EVT00033747,2022-05-05,EMP00115,CC0073,CR,1,Step Increment,50773.86,CAD,CAN,2022-05-06 12:00:00,CORE_HR
EVT00032119,2022-05-15,EMP01172,CC0083,EN,1,Performance Pay,6633.54,CAD,CA,2022-05-16 05:00:00,PAYROLL
EVT00033443,2022-05-17,EMP03246,CC0037,IT,3,Step Increment,109984.28,CAD,CAN,2022-05-18 08:00:00,CORE_HR
EVT00033333,2022-05-22,EMP01068,CC0063,IT,2,Lateral Deployment,,CAD,CA,2022-05-22 13:00:00,PAYROLL
EVT00032216,2022-05-26,EMP02328,CC0005,EC,4,Leave Return,,CAD,CAN,2022-05-26 11:00:00,CORE_HR
EVT00033507,2022-05-25,EMP02339,CC0001,IT,1,Leave Start,,CAD,CAN,2022-05-25 13:00:00,CORE_HR
EVT00031968,2022-05-19,EMP04023,CC0043,PA,2,Step Increment,76824.17,CAD,CAN,2022-05-19 21:00:00,CORE_HR
EVT00032412,2022-05-19,EMP04407,CC0029,PA,2,Hire,-49211.62,EUR,FRA,2022-05-19 18:00:00,CORE_HR
EVT00033347,2022-05-13,EMP03698,CC0072,FI,4,Performance Pay,5157.81,CAD,CAN,2022-05-14 15:00:00,CORE_HR
EVT00033346,2022-05-20,EMP04054,CC0041,IT,1,Step Increment,85074.43,CAD,CAN,2022-05-20 15:00:00,CORE_HR
EVT00033425,2022-05-19,EMP00737,CC0048,IT,2,Step Increment,87384.74,CAD,CAN,2022-05-20 00:00:00,CORE_HR
EVT00032869,2022-05-01,EMP04239,CC0048,EC,2,Step Increment,91930.05,CAD,CA,2022-05-02 14:00:00,PAYROLL
EVT00033733,2022-05-12,EMP00117,CC0062,EN,1,Performance Pay,10799.85,CAD,CAN,2022-05-13 00:00:00,CORE_HR
EVT00032482,2022-05-08,EMP01079,CC0110,EX,1,Lateral Deployment,,CAD,CAN,2022-05-08 17:00:00,CORE_HR
EVT00032261,2022-05-02,EMP00267,CC0067,PA,1,Performance Pay,4016.86,CAD,CA,2022-05-03 02:00:00,PAYROLL
EVT00032937,2022-05-03,EMP02776,CC0005,IT,2,Leave Start,,CAD,CAN,2022-05-03 09:00:00,CORE_HR
EVT00033077,2022-05-24,EMP00115,CC0073,CR,1,Leave Return,,CAD,CA,2022-05-24 12:00:00,PAYROLL
EVT00033212,2022-05-09,EMP04894,CC0008,AS,4,Performance Pay,7279.95,CAD,CA,2022-05-10 04:00:00,PAYROLL
EVT00033010,2022-05-01,EMP01095,CC0017,PA,1,Leave Start,,CAD,CAN,2022-05-01 19:00:00,CORE_HR
EVT00032991,2022-05-19,EMP00572,CC0089,CR,1,Step Increment,55208.42,CAD,CA,2022-05-19 07:00:00,PAYROLL
EVT00032732,2022-05-10,EMP02129,CC0090,EC,3,Step Increment,93374.21,CAD,CAN,2022-05-10 11:00:00,CORE_HR
EVT00031726,2022-05-18,EMP01761,CC0025,CR,3,Leave Start,,CAD,CAN,2022-05-19 03:00:00,CORE_HR
EVT00032004,2022-05-14,EMP02322,CC0058,CR,2,Step Increment,59755.92,CAD,CA,2022-05-14 08:00:00,PAYROLL
EVT00033519,2022-05-16,EMP03389,CC0041,CR,3,Step Increment,69146.53,CAD,CA,2022-05-16 09:00:00,PAYROLL
EVT00033627,2022-05-17,EMP02877,CC0029,EN,4,Step Increment,6986793.26,INR,IN,2022-05-18 15:00:00,PAYROLL
EVT00033289,2022-05-21,EMP02485,CC0074,EC,2,Leave Start,,JPY,JPN,2022-05-21 21:00:00,CORE_HR
EVT00033580,2022-05-23,EMP02345,CC0056,AS,1,Lateral Deployment,,CAD,CA,2022-05-23 07:00:00,PAYROLL
EVT00032035,2022-05-17,EMP04425,CC0078,CR,1,Lateral Deployment,,CAD,CA,2022-05-18 12:00:00,PAYROLL
EVT00032366,2022-05-12,EMP99999,CC0098,PA,1,Step Increment,66211.35,CAD,CAN,2022-05-13 12:00:00,CORE_HR
EVT00033120,2022-05-23,EMP04362,CC0116,IT,2,Lateral Deployment,,CAD,CAN,2022-05-24 03:00:00,CORE_HR
EVT00033220,2022-05-13,EMP04285,CC0083,EN,5,Lateral Deployment,,CAD,CAN,2022-05-13 18:00:00,CORE_HR
EVT00033637,2022-05-12,EMP02399,CC0083,EN,1,Step Increment,86550.1,CAD,CAN,2022-05-13 11:00:00,CORE_HR
EVT00033270,2022-05-08,EMP02647,CC0086,EC,2,Leave Start,,SGD,SG,2022-05-08 17:00:00,PAYROLL
EVT00031973,2022-05-03,EMP00993,CC0056,IT,4,Step Increment,116124.91,CAD,CA,2022-05-03 15:00:00,PAYROLL
EVT00032705,2022-05-16,EMP02399,CC0083,EN,1,Step Increment,74645.3,CAD,CAN,2022-05-17 09:00:00,CORE_HR
EVT00031816,2022-05-08,EMP00260,CC0048,CR,5,Departure,,CAD,CAN,2022-05-08 08:00:00,CORE_HR
EVT00032044,2022-05-07,EMP01939,CC0071,IT,2,Lateral Deployment,,CAD,CA,2022-05-07 11:00:00,PAYROLL
EVT00032486,2022-05-04,EMP03870,CC0049,AS,3,Step Increment,258145.63,BRL,BRA,2022-05-05 09:00:00,CORE_HR
EVT00032000,2022-05-07,EMP01228,CC0074,IT,4,Hire,6744184.18,INR,IND,2022-05-08 06:00:00,CORE_HR
EVT00032147,2022-05-25,EMP03770,CC0101,EN,3,Leave Start,,CAD,CAN,2022-05-25 18:00:00,CORE_HR
EVT00032868,2022-05-12,EMP04959,CC0096,AS,4,Step Increment,76087.87,CAD,CAN,2022-05-12 14:00:00,CORE_HR
EVT00032296,2022-05-04,EMP03949,CC0022,PA,3,Leave Return,,CAD,CAN,2022-05-04 12:00:00,CORE_HR
EVT00031860,2022-05-21,EMP01445,CC0093,PA,4,Lateral Deployment,,CAD,CAN,2022-05-22 00:00:00,CORE_HR
EVT00032301,2022-05-11,EMP02876,CC0057,IT,2,Promotion,102182.98,CAD,CA,2022-05-12 03:00:00,PAYROLL
EVT00033412,2022-05-08,EMP02872,CC0061,PA,3,Lateral Deployment,,CAD,CAN,2022-05-09 01:00:00,CORE_HR
EVT00032955,2022-05-21,EMP02804,CC0098,CR,2,Step Increment,57600.76,CAD,CA,2022-05-22 12:00:00,PAYROLL
EVT00033031,2022-05-24,EMP04356,CC0039,IT,3,Lateral Deployment,,CAD,CAN,2022-05-25 11:00:00,CORE_HR
EVT00032665,2022-05-26,EMP01869,CC0107,AS,1,Lateral Deployment,,CAD,CAN,2022-05-27 01:00:00,CORE_HR
EVT00032874,2022-05-11,EMP01029,CC0089,CR,3,Hire,-65748.27,CAD,CA,2022-05-12 03:00:00,PAYROLL
EVT00032788,2022-05-22,EMP01808,CC0026,AS,2,Leave Return,,CAD,CA,2022-05-22 15:00:00,PAYROLL
EVT00032697,2022-05-27,EMP02581,CC0049,PA,1,Performance Pay,5677.78,EUR,DEU,2022-05-28 05:00:00,CORE_HR
EVT00032769,2022-05-20,EMP00523,CC0098,FI,3,Performance Pay,12177.42,CAD,CAN,2022-05-20 23:00:00,CORE_HR
EVT00032568,2022-05-17,EMP03903,CC0034,FI,4,Step Increment,97378.99,CAD,CA,2022-05-18 12:00:00,PAYROLL
EVT00032544,2022-05-21,EMP01043,CC0111,EX,3,Promotion,18315007.84,KES,KEN,2022-05-21 11:00:00,CORE_HR
EVT00033340,2022-05-03,EMP01733,CC0031,EX,1,Leave Start,,INR,IN,2022-05-04 04:00:00,PAYROLL
EVT00032576,2022-05-10,EMP01918,CC0108,PA,5,Leave Start,,BRL,BR,2022-05-10 14:00:00,PAYROLL
EVT00032174,2022-05-14,EMP02521,CC0045,IT,1,Step Increment,81285.24,CAD,CAN,2022-05-15 01:00:00,CORE_HR
EVT00032325,2022-05-11,EMP04202,CC0110,EC,2,Departure,,CAD,CAN,2022-05-12 01:00:00,CORE_HR
EVT00032520,2022-05-08,EMP01949,CC0050,PA,2,Departure,,CAD,CA,2022-05-08 13:00:00,PAYROLL
EVT00031798,2022-05-18,EMP02314,CC0042,EN,1,Performance Pay,9359.24,CAD,CAN,2022-05-18 09:00:00,CORE_HR
EVT00032873,2022-05-06,EMP01488,CC0026,PA,1,Step Increment,59208.43,CAD,CA,2022-05-07 12:00:00,PAYROLL
EVT00032904,2022-05-09,EMP03221,CC0073,EX,2,Step Increment,151541.19,CAD,CA,2022-05-09 19:00:00,PAYROLL
EVT00031917,2022-05-18,EMP03643,CC0079,EC,3,Leave Return,,CAD,CA,2022-05-18 14:00:00,PAYROLL
EVT00032105,2022-05-26,EMP00106,CC0018,PA,1,Departure,,CAD,CAN,2022-05-26 10:00:00,CORE_HR
EVT00032763,2022-05-12,EMP00067,CC0050,AS,5,Leave Return,,CAD,CA,2022-05-12 12:00:00,PAYROLL
EVT00032473,2022-05-19,EMP00927,CC0056,EN,1,Promotion,64212.89,CAD,CA,2022-05-19 20:00:00,PAYROLL
EVT00032926,2022-05-07,EMP02635,CC0025,EX,2,Leave Start,,CAD,CA,2022-05-07 23:00:00,PAYROLL
EVT00033478,2022-05-13,EMP03986,CC0078,PA,3,Step Increment,62624.16,CAD,CA,2022-05-14 03:00:00,PAYROLL
EVT00031960,2022-05-09,EMP04516,CC0023,AS,3,Step Increment,51526.22,CAD,CAN,2022-05-10 13:00:00,CORE_HR
EVT00031891,2022-05-14,EMP04214,CC0099,PA,1,Leave Return,,CAD,CA,2022-05-15 06:00:00,PAYROLL
EVT00032693,2022-05-25,EMP00219,CC0096,PA,4,Leave Return,,CAD,CA,2022-05-26 01:00:00,PAYROLL
EVT00032413,2022-05-19,EMP04093,CC0015,EN,3,Step Increment,128952.88,CAD,CAN,2022-05-21 11:00:00,CORE_HR
EVT00032077,2022-05-26,EMP04209,CC0078,EN,5,Performance Pay,14218.79,CAD,CAN,2022-05-26 11:00:00,CORE_HR
EVT00032079,2022-05-02,EMP04038,CC0119,EX,1,Lateral Deployment,,CAD,CAN,2022-05-02 06:00:00,CORE_HR
EVT00032290,2022-05-19,EMP03573,CC0029,IT,1,Step Increment,4257200.51,INR,IND,2022-05-20 12:00:00,CORE_HR
EVT00032522,2022-05-07,EMP02414,CC0009,CR,1,Leave Start,,AUD,AU,2022-05-07 17:00:00,PAYROLL
EVT00033188,2022-05-16,EMP02447,CC0015,FI,3,Performance Pay,6874.01,CAD,CA,2022-05-16 16:00:00,PAYROLL
EVT00033564,2022-05-07,EMP02423,CC0032,EX,1,Step Increment,139840.05,XXX,CAN,2022-05-07 07:00:00,CORE_HR
EVT00033242,2022-05-17,EMP00359,CC0079,AS,2,Lateral Deployment,,CAD,CA,2022-05-17 12:00:00,PAYROLL
EVT00033629,2022-05-01,EMP03967,CC0072,EN,4,Performance Pay,14977.99,CAD,CAN,2022-05-01 09:00:00,CORE_HR
EVT00033174,2022-05-05,EMP04093,CC0015,EN,3,Leave Start,,CAD,CAN,2022-05-05 06:00:00,CORE_HR
EVT00031817,2022-05-21,EMP03678,CC0014,EX,2,Performance Pay,13909.64,CAD,CAN,2022-05-22 08:00:00,CORE_HR
EVT00031818,2022-05-06,EMP01419,CC0061,PA,1,Leave Return,,CAD,CAN,2022-05-06 06:00:00,CORE_HR
EVT00032266,2022-05-17,EMP04476,CC0102,FI,1,Lateral Deployment,,CAD,CA,2022-05-18 15:00:00,PAYROLL
EVT00032094,2022-05-09,EMP02981,CC0023,FI,3,Lateral Deployment,,CAD,CA,2022-05-09 06:00:00,PAYROLL
EVT00032902,2022-05-20,EMP01617,CC0029,EX,1,Lateral Deployment,,EUR,DEU,2022-05-20 11:00:00,CORE_HR
EVT00032293,2022-05-17,EMP03978,CC0084,EX,1,Step Increment,120413.04,CAD,CA,2022-05-18 15:00:00,PAYROLL
EVT00032135,2022-05-06,EMP00853,CC0086,IT,2,Hire,65068.82,EUR,FRA,2022-05-06 20:00:00,CORE_HR
EVT00033601,2022-05-24,EMP00996,CC0074,EC,3,Hire,1125686.99,MXN,MEX,2022-05-26 14:00:00,CORE_HR
EVT00032011,2022-05-10,EMP02861,CC0070,EC,3,Step Increment,96169.26,CAD,CA,2022-05-10 19:00:00,PAYROLL
EVT00031883,2022-05-15,EMP03975,CC0070,PA,5,Performance Pay,10656.7,CAD,CAN,2022-05-16 07:00:00,CORE_HR
EVT00032957,2022-05-01,EMP00770,CC0055,IT,1,Performance Pay,8392.59,CAD,CA,2022-05-02 22:00:00,PAYROLL
EVT00033240,2022-05-13,EMP04701,CC0055,CR,2,Promotion,55942.72,CAD,CA,2022-05-13 17:00:00,PAYROLL
EVT00033179,2022-05-09,EMP00011,CC0085,IT,2,Lateral Deployment,,CAD,CAN,2022-05-10 07:00:00,CORE_HR
EVT00033083,2022-05-17,EMP02357,CC0028,AS,2,Step Increment,59414.76,CAD,CA,2022-05-21 10:00:00,PAYROLL
EVT00032058,2022-05-22,EMP03265,CC0073,IT,4,Performance Pay,10220.56,CAD,CAN,2022-05-22 19:00:00,CORE_HR
EVT00033287,2022-05-04,EMP00365,CC0063,EX,1,Hire,145683.41,CAD,CA,2022-05-05 03:00:00,PAYROLL
EVT00032903,2022-05-03,EMP02015,CC0002,IT,4,Lateral Deployment,,CAD,CA,2022-05-03 07:00:00,PAYROLL
EVT00033613,2022-05-16,EMP01128,CC0006,EC,3,Hire,113857.68,CAD,CA,2022-05-17 05:00:00,PAYROLL
EVT00032185,2022-05-21,EMP03566,CC0001,EN,2,Performance Pay,10772.24,CAD,CA,2022-05-21 14:00:00,PAYROLL
EVT00032201,2022-05-23,EMP03693,CC0048,FI,2,Lateral Deployment,,CAD,CA,2022-05-24 06:00:00,PAYROLL
EVT00032890,2022-05-11,EMP00338,CC0040,CR,3,Step Increment,60015.36,CAD,CAN,2022-05-11 19:00:00,CORE_HR
EVT00032685,2022-05-09,EMP00143,CC0065,EC,4,Departure,,JPY,JP,2022-05-10 02:00:00,PAYROLL
EVT00031841,2022-05-22,EMP02771,CC0031,CR,5,Promotion,212262.85,AED,AE,2022-05-22 12:00:00,PAYROLL
EVT00033750,2022-05-19,EMP02747,CC0035,AS,2,Leave Start,,CAD,CA,2022-05-20 04:00:00,PAYROLL
EVT00033375,2022-05-06,EMP01800,CC0006,PA,1,Performance Pay,4709.65,CAD,CA,2022-05-06 21:00:00,PAYROLL
EVT00031948,2022-05-17,EMP05000,CC0031,IT,5,Leave Start,,AUD,AUS,2022-05-17 19:00:00,CORE_HR
EVT00033159,2022-05-19,EMP00703,CC0078,CR,1,Step Increment,55463.04,CAD,CAN,2022-05-20 05:00:00,CORE_HR
EVT00033394,2022-05-13,EMP04361,CC0027,PA,1,Step Increment,56397.16,CAD,CA,2022-05-13 19:00:00,PAYROLL
EVT00033594,2022-05-18,EMP04803,CC0060,PA,1,Performance Pay,6484.55,CAD,CAN,2022-05-19 11:00:00,CORE_HR
EVT00033029,2022-05-11,EMP02779,CC0118,PA,4,Performance Pay,4866.11,CAD,CAN,2022-05-11 23:00:00,CORE_HR
EVT00033621,2022-05-13,EMP02054,CC0010,FI,3,Performance Pay,9355.55,CAD,CAN,2022-05-13 21:00:00,CORE_HR
EVT00032656,2022-05-12,EMP04186,CC0057,EC,5,Leave Return,,CAD,CA,2022-05-13 11:00:00,PAYROLL
EVT00031912,2022-05-03,EMP00458,CC0115,EN,1,Leave Return,,CAD,CAN,2022-05-04 07:00:00,CORE_HR
EVT00033122,2022-05-26,EMP01226,CC0047,EC,4,Leave Start,,CAD,CA,2022-05-26 11:00:00,PAYROLL
EVT00032721,2022-05-10,EMP01654,CC0112,FI,2,Leave Return,,CAD,CA,2022-05-11 03:00:00,PAYROLL
EVT00033727,2022-05-12,EMP03406,CC0045,EC,5,Leave Start,,CAD,CA,2022-05-13 01:00:00,PAYROLL
EVT00033160,2022-05-08,EMP03352,CC0069,EC,1,Step Increment,74061.65,CAD,CAN,2022-05-09 12:00:00,CORE_HR
EVT00033482,2022-05-19,EMP02185,CC0093,AS,4,Promotion,73833.02,CAD,CA,2022-05-19 17:00:00,PAYROLL
EVT00033291,2022-05-09,EMP00451,CC0047,FI,2,Lateral Deployment,,CAD,CA,2022-05-09 06:00:00,PAYROLL
EVT00033467,2022-05-23,EMP00984,CC0072,EC,3,Step Increment,91496.59,CAD,CA,2022-05-24 15:00:00,PAYROLL
EVT00031961,2022-05-27,EMP01900,CC0110,AS,1,Hire,53923.91,CAD,CAN,2022-05-27 08:00:00,CORE_HR
EVT00032236,2022-05-05,EMP02395,CC0070,AS,2,Leave Return,,CAD,CA,2022-05-06 15:00:00,PAYROLL
EVT00032622,2022-05-15,EMP01358,CC0110,IT,4,Step Increment,128591.34,CAD,CAN,2022-05-16 03:00:00,CORE_HR
EVT00032116,2022-05-08,EMP01538,CC0115,PA,2,Hire,74323.0,CAD,CAN,2022-05-08 06:00:00,CORE_HR
EVT00033370,2022-05-05,EMP04172,CC0018,EX,1,Departure,,CAD,CAN,2022-05-06 05:00:00,CORE_HR
EVT00033732,2022-05-26,EMP03041,CC0109,PA,1,Promotion,75161.31,CAD,CA,2022-05-27 08:00:00,PAYROLL
EVT00031736,2022-05-17,EMP01159,CC0114,FI,4,Step Increment,112310.78,CAD,CA,2022-05-17 14:00:00,PAYROLL
EVT00032056,2022-05-24,EMP04733,CC0098,PA,1,Step Increment,59038.62,CAD,CA,2022-05-28 05:00:00,PAYROLL
EVT00032383,2022-05-09,EMP02280,CC0052,FI,2,Performance Pay,9436.46,XXX,CAN,2022-05-10 08:00:00,CORE_HR
EVT00033142,2022-05-16,EMP03050,CC0017,IT,2,Hire,88378.65,CAD,CAN,2022-05-17 03:00:00,CORE_HR
EVT00032465,2022-05-03,EMP01145,CC0094,EC,1,Step Increment,59739.73,CAD,CA,2022-05-03 19:00:00,PAYROLL
EVT00032714,2022-05-10,EMP02924,CC0058,PA,2,Leave Start,,CAD,CA,2022-05-11 14:00:00,PAYROLL
EVT00031752,2022-05-12,EMP01510,CC0036,PA,4,Performance Pay,7941.51,CAD,CAN,2022-05-12 10:00:00,CORE_HR
EVT00033114,2022-05-08,EMP03798,CC0077,CR,2,Leave Start,,CAD,CA,2022-05-09 12:00:00,PAYROLL
EVT00032406,2022-05-17,EMP04737,CC0048,PA,2,Hire,61009.64,CAD,CAN,2022-05-18 05:00:00,CORE_HR
EVT00033741,2022-05-25,EMP03880,CC0058,CR,3,Departure,,CAD,CAN,2022-05-25 08:00:00,CORE_HR
EVT00033194,2022-05-11,EMP02427,CC0061,EX,1,Lateral Deployment,,CAD,CAN,2022-05-12 12:00:00,CORE_HR
EVT00031935,2022-05-05,EMP00194,CC0005,PA,2,Step Increment,67453.48,CAD,CAN,2022-05-06 14:00:00,CORE_HR
EVT00031855,2022-05-09,EMP03284,CC0092,EN,3,Step Increment,115331.08,CAD,CA,2022-05-10 02:00:00,PAYROLL
EVT00032376,2022-05-17,EMP01569,CC0019,FI,3,Leave Return,,CAD,CA,2022-05-17 19:00:00,PAYROLL
EVT00032493,2022-05-05,EMP02704,CC0074,IT,3,Leave Start,,AUD,AUS,2022-05-05 12:00:00,CORE_HR
EVT00032277,2022-05-12,EMP04782,CC0088,EC,3,Lateral Deployment,,USD,US,2022-05-13 11:00:00,PAYROLL
EVT00033304,2022-05-16,EMP02958,CC0070,PA,5,Step Increment,105286.9,CAD,CA,2022-05-17 12:00:00,PAYROLL
EVT00033526,2022-05-19,EMP00383,CC0110,EX,1,Step Increment,132488.62,CAD,CA,2022-05-19 22:00:00,PAYROLL
EVT00031757,2022-05-01,EMP04938,CC0046,EC,3,Step Increment,78172.87,EUR,FRA,2022-05-01 19:00:00,CORE_HR
EVT00031934,2022-05-10,EMP04334,CC0117,PA,2,Lateral Deployment,,CAD,CAN,2022-05-10 15:00:00,CORE_HR
EVT00032982,2022-05-02,EMP03996,CC0119,PA,2,Leave Start,,CAD,CAN,2022-05-03 12:00:00,CORE_HR
EVT00033720,2022-05-25,EMP00015,CC0068,IT,4,Performance Pay,14790.01,CAD,CA,2022-05-25 12:00:00,PAYROLL
EVT00032755,2022-05-12,EMP00931,CC0017,IT,1,Performance Pay,5573.64,CAD,CAN,2022-05-13 02:00:00,CORE_HR
EVT00031938,2022-05-09,EMP00592,CC0051,CR,3,Step Increment,60483.15,CAD,CAN,2022-05-10 03:00:00,CORE_HR
EVT00032474,2022-05-15,EMP01349,CC0021,PA,3,Departure,,CAD,CAN,2022-05-16 10:00:00,CORE_HR
EVT00032352,2022-05-25,EMP03553,CC0004,EN,1,Leave Return,,CAD,CAN,2022-05-26 14:00:00,CORE_HR
EVT00033035,2022-05-18,EMP01097,CC0068,EC,3,Lateral Deployment,,CAD,CAN,2022-05-18 11:00:00,CORE_HR
EVT00031924,2022-05-22,EMP01985,CC0032,PA,2,Lateral Deployment,,CAD,CAN,2022-05-23 04:00:00,CORE_HR
EVT00033559,2022-05-24,EMP03749,CC0096,EN,1,Step Increment,80977.17,CAD,CAN,2022-05-25 01:00:00,CORE_HR
EVT00032394,2022-05-09,EMP01001,CC0081,IT,2,Step Increment,101209.41,CAD,CA,2022-05-10 15:00:00,PAYROLL
EVT00032514,2022-05-24,EMP02310,CC0008,FI,2,Leave Return,,CAD,CAN,2022-05-24 18:00:00,CORE_HR
EVT00031939,2022-05-21,EMP00443,CC0094,EC,1,Performance Pay,8358.72,CAD,CA,2022-05-22 10:00:00,PAYROLL
EVT00033392,2022-05-08,EMP04647,CC0045,EX,2,Performance Pay,8549.36,CAD,CAN,2022-05-09 15:00:00,CORE_HR
EVT00032993,2022-05-19,EMP00122,CC0113,CR,4,Step Increment,75259.98,CAD,CA,2022-05-19 22:00:00,PAYROLL
EVT00033718,2022-05-15,EMP00711,CC0070,PA,4,Performance Pay,10110.04,CAD,CAN,2022-05-15 15:00:00,CORE_HR
EVT00032812,2022-05-09,EMP01892,CC0076,PA,2,Hire,69010.05,CAD,CAN,2022-05-09 19:00:00,CORE_HR
EVT00031763,2022-05-27,EMP04056,CC0025,EC,3,Step Increment,102170.54,CAD,CAN,2022-05-28 13:00:00,CORE_HR
EVT00032699,2022-05-07,EMP01944,CC0066,CR,5,Leave Start,,CAD,CAN,2022-05-08 06:00:00,CORE_HR
EVT00032369,2022-05-10,EMP04411,CC0112,EN,2,Step Increment,97877.38,CAD,CA,2022-05-11 13:00:00,PAYROLL
EVT00032040,2022-05-06,EMP00510,CC0053,PA,3,Step Increment,81753.93,CAD,CAN,2022-05-06 19:00:00,CORE_HR
EVT00033740,2022-05-26,EMP02084,CC0052,IT,3,Step Increment,105911.37,CAD,CA,2022-05-26 15:00:00,PAYROLL
EVT00032860,2022-05-21,EMP02260,CC0092,IT,1,Departure,,CAD,CA,2022-05-22 11:00:00,PAYROLL
EVT00032735,2022-05-10,EMP04884,CC0108,EN,3,Leave Start,,EUR,FR,2022-05-11 13:00:00,PAYROLL
EVT00032929,2022-05-03,EMP03255,CC0003,IT,2,Step Increment,85520.37,CAD,CAN,2022-05-03 21:00:00,CORE_HR
EVT00032912,2022-05-18,EMP03077,CC0076,PA,1,Leave Start,,CAD,CA,2022-05-18 13:00:00,PAYROLL
EVT00032607,2022-05-03,EMP02288,CC0035,IT,4,Step Increment,117716.32,CAD,CA,2022-05-04 14:00:00,PAYROLL
EVT00032101,2022-05-24,EMP01316,CC0030,PA,4,Leave Start,,GBP,GBR,2022-05-25 02:00:00,CORE_HR
EVT00033586,2022-05-08,EMP01889,CC0008,PA,5,Leave Start,,CAD,CAN,2022-05-09 01:00:00,CORE_HR
EVT00032238,2022-05-26,EMP02066,CC0048,PA,3,Performance Pay,11095.16,CAD,CAN,2022-05-27 11:00:00,CORE_HR
EVT00031756,2022-05-16,EMP04076,CC0102,CR,2,Step Increment,52538.07,CAD,CA,2022-05-16 17:00:00,PAYROLL
EVT00032603,2022-05-13,EMP02087,CC0053,PA,1,Step Increment,61427.62,CAD,CA,2022-05-13 17:00:00,PAYROLL
EVT00032521,2022-05-26,EMP03485,CC0011,IT,1,Step Increment,71828.87,CAD,CA,2022-05-27 15:00:00,PAYROLL
EVT00033601,2022-05-24,EMP00996,CC0074,EC,3,Hire,1125686.99,MXN,MEX,2022-05-25 13:00:00,CORE_HR
EVT00032134,2022-05-19,EMP03150,CC0110,IT,4,Lateral Deployment,,CAD,CAN,2022-05-20 11:00:00,CORE_HR
EVT00033582,2022-05-19,EMP00800,CC0093,PA,4,Step Increment,89108.76,CAD,CAN,2022-05-19 06:00:00,CORE_HR
EVT00033483,2022-05-04,EMP00275,CC0090,EX,2,Departure,,CAD,CA,2022-05-04 15:00:00,PAYROLL
EVT00031864,2022-05-22,EMP02807,CC0106,AS,2,Leave Start,,CAD,CAN,2022-05-23 00:00:00,CORE_HR
EVT00033668,2022-05-07,EMP00584,CC0078,AS,1,Performance Pay,5160.57,CAD,CA,2022-05-07 16:00:00,PAYROLL
EVT00033681,2022-05-01,EMP01616,CC0005,PA,4,Step Increment,76769.29,CAD,CAN,2022-05-01 08:00:00,CORE_HR
EVT00031748,2022-05-08,EMP02200,CC0029,EN,2,Step Increment,4932763.24,INR,IND,2022-05-11 11:00:00,CORE_HR
EVT00031714,2022-05-13,EMP03362,CC0005,AS,3,Performance Pay,7840.68,CAD,CAN,2022-05-13 15:00:00,CORE_HR
EVT00033435,2022-05-12,EMP01524,CC0018,FI,2,Performance Pay,5166.25,CAD,CAN,2022-05-12 19:00:00,CORE_HR
EVT00032208,2022-05-11,EMP01707,CC0014,PA,1,Leave Start,,CAD,CAN,2022-05-11 06:00:00,CORE_HR
EVT00033094,2022-05-02,EMP04895,CC0047,AS,4,Leave Start,,CAD,CAN,2022-05-03 10:00:00,CORE_HR
EVT00031797,2022-05-06,EMP03088,CC0101,IT,2,Departure,,CAD,CAN,2022-05-07 06:00:00,CORE_HR
EVT00032541,2022-05-01,EMP01293,CC0079,PA,1,Performance Pay,2577.1,CAD,CAN,2022-05-01 14:00:00,CORE_HR
EVT00033642,2022-05-22,EMP01704,CC0051,PA,2,Lateral Deployment,,CAD,CAN,2022-05-22 15:00:00,CORE_HR
EVT00031806,2022-05-10,EMP03025,CC0108,IT,5,Leave Start,,GBP,GBR,2022-05-11 10:00:00,CORE_HR
EVT00032472,2022-05-04,EMP02570,CC0101,PA,4,Leave Return,,CAD,CAN,2022-05-05 00:00:00,CORE_HR
EVT00032127,2022-05-20,EMP02637,CC0084,CR,2,Step Increment,52835.38,CAD,CA,2022-05-21 02:00:00,PAYROLL
EVT00032419,2022-05-01,EMP01338,CC0004,IT,1,Leave Return,,CAD,CA,2022-05-02 08:00:00,PAYROLL
EVT00032627,2022-05-26,EMP02765,CC0076,AS,4,Leave Start,,CAD,CAN,2022-05-27 13:00:00,CORE_HR
EVT00033602,2022-05-09,EMP04073,CC0071,AS,1,Step Increment,56634.55,CAD,CA,2022-05-09 07:00:00,PAYROLL
EVT00033039,2022-05-14,EMP03189,CC0021,PA,3,Lateral Deployment,,CAD,CAN,2022-05-15 02:00:00,CORE_HR
EVT00032906,2022-05-11,EMP01036,CC0042,AS,3,Leave Start,,CAD,CA,2022-05-12 00:00:00,PAYROLL
EVT00033695,2022-05-26,EMP00417,CC0078,EX,1,Step Increment,132003.15,CAD,CAN,2022-05-27 11:00:00,CORE_HR
EVT00031724,2022-05-20,EMP00111,CC0089,AS,4,Step Increment,77400.05,CAD,CAN,2022-05-20 10:00:00,CORE_HR
EVT00032360,2022-05-14,EMP04363,CC0116,EN,2,Step Increment,69346.54,CAD,CAN,2022-05-14 13:00:00,CORE_HR
EVT00032784,1900-01-01,EMP03432,CC0039,AS,5,Leave Start,,CAD,CA,2022-05-21 07:00:00,PAYROLL
EVT00031881,2022-05-06,EMP03517,CC0058,PA,1,Lateral Deployment,,CAD,CA,2022-05-06 07:00:00,PAYROLL
EVT00032762,2022-05-26,EMP03162,CC0100,PA,3,Leave Start,,CAD,CA,2022-05-26 12:00:00,PAYROLL
EVT00033115,2022-05-03,EMP03588,CC0085,IT,2,Departure,,CAD,CA,2022-05-03 08:00:00,PAYROLL
EVT00032488,2022-05-17,EMP01798,CC0002,EN,3,Performance Pay,9940.52,CAD,CA,2022-05-17 18:00:00,PAYROLL
EVT00032749,2022-05-25,EMP03903,CC0034,FI,4,Lateral Deployment,,CAD,CA,2022-05-25 19:00:00,PAYROLL
EVT00032888,2022-05-22,EMP04321,CC0120,EN,5,Step Increment,123229.55,CAD,CA,2022-05-23 06:00:00,PAYROLL
EVT00031859,2022-05-13,EMP01083,CC0106,EN,3,Step Increment,110520.62,CAD,CAN,2022-05-14 05:00:00,CORE_HR
EVT00031916,2022-05-27,EMP04072,CC0039,PA,1,Leave Return,,CAD,CAN,2022-05-28 07:00:00,CORE_HR
EVT00032717,2022-05-21,EMP02246,CC0067,PA,2,Promotion,73784.31,CAD,CA,2022-05-22 11:00:00,PAYROLL
EVT00032547,2022-05-24,EMP00346,CC0046,FI,3,Performance Pay,7175.54,EUR,FRA,2022-05-25 01:00:00,CORE_HR
EVT00032549,2022-05-21,EMP03182,CC0120,PA,2,Performance Pay,8052.66,CAD,CAN,2022-05-22 07:00:00,CORE_HR
EVT00032150,2022-05-03,EMP00847,CC0065,CR,1,Departure,,AUD,AU,2022-05-04 10:00:00,PAYROLL
EVT00031830,2022-05-01,EMP01323,CC0071,CR,5,Step Increment,72065.36,CAD,CAN,2022-05-01 10:00:00,CORE_HR
EVT00031821,2022-05-09,EMP02914,CC0052,PA,3,Performance Pay,8790.48,CAD,CA,2022-05-10 12:00:00,PAYROLL
EVT00033657,2022-05-12,EMP01180,CC0063,EX,1,Step Increment,152005.85,CAD,CAN,2022-05-12 19:00:00,CORE_HR
EVT00032715,2022-05-15,EMP02194,CC0019,CR,3,Step Increment,69064.25,CAD,CAN,2022-05-16 11:00:00,CORE_HR
EVT00031739,2022-05-10,EMP04327,CC0107,IT,1,Performance Pay,9771.75,CAD,CAN,2022-05-10 14:00:00,CORE_HR
EVT00032479,2022-05-21,EMP04783,CC0092,FI,1,Leave Return,,CAD,CAN,2022-05-21 18:00:00,CORE_HR
EVT00031953,2022-05-07,EMP02374,CC0043,IT,1,Leave Start,,CAD,CAN,2022-05-08 00:00:00,CORE_HR
EVT00032021,2022-05-24,EMP02933,CC0092,IT,2,Departure,,CAD,CA,2022-05-24 22:00:00,PAYROLL
EVT00032845,2022-05-01,EMP00335,CC0014,CR,2,Step Increment,53484.54,CAD,CA,2022-05-02 02:00:00,PAYROLL
EVT00033109,2022-05-02,EMP00605,CC0069,IT,1,Leave Return,,CAD,CA,2022-05-03 08:00:00,PAYROLL
EVT00033549,2022-05-04,EMP01324,CC0060,EC,4,Leave Start,,CAD,CA,2022-05-04 17:00:00,PAYROLL
EVT00032427,2022-05-23,EMP02396,CC0057,CR,2,Step Increment,56235.99,CAD,CAN,2022-05-23 20:00:00,CORE_HR
EVT00032744,2022-05-21,EMP02242,CC0042,IT,3,Hire,109101.76,CAD,CAN,2022-05-22 10:00:00,CORE_HR
EVT00033701,2022-05-08,EMP02419,CC0051,PA,1,Step Increment,55566.41,CAD,CA,2022-05-09 05:00:00,PAYROLL
EVT00031895,2022-05-14,EMP02569,CC0096,FI,2,Step Increment,77610.21,CAD,CAN,2022-05-15 01:00:00,CORE_HR
EVT00032730,2022-05-14,EMP00969,CC0029,EC,2,Leave Start,,EUR,DE,2022-05-15 08:00:00,PAYROLL
EVT00032364,2022-05-23,EMP00840,CC0099,CR,2,Leave Start,,CAD,CAN,2022-05-24 05:00:00,CORE_HR
EVT00033455,2022-05-12,EMP03792,CC0037,EC,4,Lateral Deployment,,CAD,CA,2022-05-13 00:00:00,PAYROLL
EVT00032030,2022-05-09,EMP01005,CC0102,PA,1,Lateral Deployment,,CAD,CAN,2022-05-09 22:00:00,CORE_HR
EVT00033323,2022-05-01,EMP02992,CC0116,IT,3,Performance Pay,4505.24,CAD,CA,2022-05-01 10:00:00,PAYROLL
EVT00032338,2022-05-11,EMP04046,CC0046,PA,5,Step Increment,69457.39,EUR,FRA,2022-05-11 13:00:00,CORE_HR
EVT00031833,2022-05-25,EMP00004,CC0101,EC,3,Performance Pay,8192.74,CAD,CAN,2022-05-25 07:00:00,CORE_HR
EVT00031926,2022-05-19,EMP03253,CC0069,CR,1,Leave Start,,CAD,CAN,2022-05-19 14:00:00,CORE_HR
EVT00033539,2022-05-10,EMP02204,CC0075,IT,1,Leave Start,,CAD,CAN,2022-05-10 06:00:00,CORE_HR
EVT00033560,2022-05-17,EMP00274,CC0062,PA,1,Departure,,CAD,CAN,2022-05-18 03:00:00,CORE_HR
EVT00032312,2022-05-08,EMP03495,CC0082,EN,3,Promotion,116767.3,CAD,CA,2022-05-09 06:00:00,PAYROLL
EVT00033497,2022-05-02,EMP01316,CC0030,PA,4,Leave Start,,EUR,FRA,2022-05-03 03:00:00,CORE_HR
EVT00033426,2022-05-25,EMP03453,CC0020,EC,5,Departure,,CAD,CA,2022-05-25 12:00:00,PAYROLL
EVT00031925,2022-05-19,EMP02924,CC0058,PA,2,Promotion,65593.18,CAD,CAN,2022-05-20 00:00:00,CORE_HR
EVT00032510,2022-05-21,EMP00878,CC0037,EX,1,Departure,,CAD,CAN,2022-05-22 13:00:00,CORE_HR
EVT00033401,2022-05-17,EMP01225,CC0048,FI,2,Step Increment,77844.58,CAD,CA,2022-05-17 19:00:00,PAYROLL
EVT00032625,2022-05-09,EMP01618,CC0101,IT,1,Step Increment,74570.79,CAD,CAN,2022-05-09 13:00:00,CORE_HR
EVT00032566,2022-05-27,EMP04480,CC0092,PA,3,Hire,71940.63,CAD,CA,2022-05-27 07:00:00,PAYROLL
EVT00033476,2022-05-13,EMP04199,CC0077,PA,3,Step Increment,74591.3,CAD,CAN,2022-05-14 03:00:00,CORE_HR
EVT00032449,2022-05-18,EMP02559,CC0104,EX,1,Step Increment,127111.74,CAD,CA,2022-05-19 13:00:00,PAYROLL
EVT00032076,2022-05-04,EMP01397,CC0044,FI,3,Leave Start,,CAD,CAN,2022-05-05 14:00:00,CORE_HR
EVT00033441,2022-05-22,EMP03041,CC0109,PA,1,Step Increment,61100.4,CAD,CAN,2022-05-23 11:00:00,CORE_HR
EVT00033628,2022-05-26,EMP00309,CC0104,IT,5,Performance Pay,10553.46,CAD,CAN,2022-05-26 17:00:00,CORE_HR
EVT00033453,2022-05-09,EMP02360,CC0025,EN,2,Step Increment,95632.42,CAD,CA,2022-05-10 02:00:00,PAYROLL
EVT00033571,2022-05-08,EMP04729,CC0086,EC,3,Leave Return,,JPY,JP,2022-05-09 14:00:00,PAYROLL
EVT00032792,2022-05-05,EMP03698,CC0072,FI,4,Step Increment,115704.86,CAD,CA,2022-05-05 10:00:00,PAYROLL
EVT00032006,2022-05-01,EMP03487,CC0053,PA,3,Lateral Deployment,,CAD,CAN,2022-05-01 08:00:00,CORE_HR
EVT00033170,2022-05-03,EMP00146,CC0004,CR,5,Step Increment,64686.3,CAD,CA,2022-05-03 23:00:00,PAYROLL
EVT00033058,2022-05-17,EMP02480,CC0038,FI,2,Leave Start,,CAD,CA,2022-05-18 13:00:00,PAYROLL
EVT00032893,2022-05-12,EMP00002,CC0068,EN,3,Hire,126573.35,CAD,CA,2022-05-12 07:00:00,PAYROLL
EVT00032010,2022-05-10,EMP01987,CC0081,IT,1,Departure,,CAD,CAN,2022-05-10 08:00:00,CORE_HR
EVT00032085,2022-05-05,EMP04302,CC0053,AS,3,Lateral Deployment,,CAD,CAN,2022-05-05 09:00:00,CORE_HR
EVT00032285,2022-05-21,EMP02639,CC0096,PA,4,Leave Start,,CAD,CAN,2022-05-21 20:00:00,CORE_HR
EVT00033623,2022-05-09,EMP00305,CC0056,EX,1,Step Increment,164250.41,CAD,CAN,2022-05-09 06:00:00,CORE_HR
EVT00033264,2022-05-17,EMP04647,CC0045,EX,2,Step Increment,148060.05,CAD,CAN,2022-05-17 15:00:00,CORE_HR
EVT00032834,2022-05-27,EMP04635,CC0099,CR,3,Promotion,66022.8,CAD,CA,2022-05-27 07:00:00,PAYROLL
EVT00033546,2022-05-08,EMP01054,CC0088,AS,2,Step Increment,237202.47,BRL,BR,2022-05-09 11:00:00,PAYROLL
EVT00032880,2022-05-20,EMP01661,CC0106,AS,2,Performance Pay,6307.21,CAD,CA,2022-05-20 15:00:00,PAYROLL
EVT00033749,2022-05-04,EMP04249,CC0049,IT,3,Step Increment,85098.15,EUR,FR,2022-05-04 10:00:00,PAYROLL
EVT00032776,2022-05-12,EMP01244,CC0023,PA,3,Performance Pay,5014.47,CAD,CA,2022-05-12 06:00:00,PAYROLL
EVT00032986,2022-05-24,EMP03752,CC0084,FI,2,Performance Pay,9071.78,CAD,CA,2022-05-24 20:00:00,PAYROLL
EVT00032790,2022-05-17,EMP02842,CC0039,CR,2,Leave Return,,CAD,CA,2022-05-17 16:00:00,PAYROLL
EVT00032917,2022-05-20,EMP01863,CC0021,EN,5,Performance Pay,6074.07,CAD,CAN,2022-05-21 12:00:00,CORE_HR
EVT00033183,2022-05-01,EMP04067,CC0097,PA,1,Hire,59010.64,CAD,CA,2022-05-01 08:00:00,PAYROLL
EVT00031723,2022-05-08,EMP00958,CC0036,AS,4,Performance Pay,10165.65,CAD,CA,2022-05-08 19:00:00,PAYROLL
EVT00033424,2022-05-04,EMP04887,CC0008,EX,1,Step Increment,141619.96,CAD,CAN,2022-05-04 23:00:00,CORE_HR
EVT00033190,2022-05-24,EMP02694,CC0018,EN,3,Step Increment,114544.38,CAD,CAN,2022-05-24 13:00:00,CORE_HR
EVT00033319,2022-05-14,EMP04113,CC0108,FI,1,Lateral Deployment,,EUR,FRA,2022-05-15 20:00:00,CORE_HR
EVT00032142,2022-05-11,EMP01040,CC0013,IT,2,Leave Return,,CAD,CAN,2022-05-12 23:00:00,CORE_HR
EVT00033536,2022-05-04,EMP01020,CC0042,PA,4,Hire,95603.68,CAD,CA,2022-05-05 07:00:00,PAYROLL
EVT00032864,2022-05-01,EMP02105,CC0019,IT,3,Step Increment,106255.73,CAD,CA,2022-05-02 11:00:00,PAYROLL
EVT00031829,2022-05-01,EMP02479,CC0096,IT,3,Promotion,90014.05,CAD,CA,2022-05-02 13:00:00,PAYROLL
EVT00033598,2022-05-25,EMP01567,CC0070,EX,2,Leave Start,,CAD,CA,2022-05-25 16:00:00,PAYROLL
EVT00033064,2022-05-23,EMP00281,CC0083,AS,3,Leave Return,,CAD,CA,2022-05-24 00:00:00,PAYROLL
EVT00031921,2022-05-12,EMP00082,CC0061,FI,3,Step Increment,96992.22,CAD,CAN,2022-05-13 12:00:00,CORE_HR
EVT00033404,2022-05-13,EMP04816,CC0056,IT,4,Leave Return,,CAD,CAN,2022-05-14 08:00:00,CORE_HR
EVT00033690,2022-05-20,EMP02952,CC0002,FI,2,Performance Pay,5037.95,CAD,CAN,2022-05-21 08:00:00,CORE_HR
EVT00033742,2022-05-25,EMP03510,CC0056,PA,1,Step Increment,55894.17,CAD,CAN,2022-05-26 04:00:00,CORE_HR
EVT00031842,2022-05-25,EMP01831,CC0084,PA,5,Hire,92224.9,CAD,CA,2022-05-25 22:00:00,PAYROLL
EVT00032086,2022-05-16,EMP00517,CC0064,IT,2,Step Increment,93849.72,CAD,CAN,2022-05-17 05:00:00,CORE_HR
EVT00033017,2022-05-09,EMP00155,CC0068,EC,1,Leave Return,,CAD,CA,2022-05-10 14:00:00,PAYROLL
EVT00033359,2022-05-11,EMP04928,CC0077,PA,1,Leave Start,,CAD,CAN,2022-05-12 00:00:00,CORE_HR
EVT00033043,2022-05-22,EMP00794,CC0031,IT,3,Leave Start,,GBP,GBR,2022-05-22 19:00:00,CORE_HR
EVT00032992,2022-05-03,EMP01483,CC0097,EX,1,Departure,,CAD,CAN,2022-05-04 07:00:00,CORE_HR
EVT00032091,2022-05-18,EMP02528,CC0007,AS,1,Step Increment,44359.25,EUR,FRA,2022-05-18 18:00:00,CORE_HR
EVT00032071,2022-05-15,EMP01279,CC0001,PA,2,Lateral Deployment,,CAD,CAN,2022-05-16 05:00:00,CORE_HR
EVT00033648,2022-05-04,EMP03362,CC0005,AS,3,Hire,69931.56,CAD,CA,2022-05-05 06:00:00,PAYROLL
EVT00032521,2022-05-26,EMP03485,CC0011,IT,1,Step Increment,71828.87,CAD,CA,2022-05-27 11:00:00,PAYROLL
EVT00033405,2022-05-21,EMP02189,CC0105,FI,1,Step Increment,58240.58,SGD,SG,2022-05-21 23:00:00,PAYROLL
EVT00033107,2022-05-17,EMP01256,CC0008,FI,3,Step Increment,95572.0,CAD,CA,2022-05-17 13:00:00,PAYROLL
EVT00032059,2022-05-11,EMP01105,CC0058,PA,1,Step Increment,58744.99,CAD,CAN,2022-05-12 00:00:00,CORE_HR
EVT00031982,2022-05-23,EMP04335,CC0109,PA,1,Hire,66020.75,CAD,CAN,2022-05-23 14:00:00,CORE_HR
EVT00033247,2022-05-11,EMP00804,CC0022,EX,2,Step Increment,196607.11,CAD,CAN,2022-05-11 19:00:00,CORE_HR
EVT00031843,2022-05-02,EMP00904,CC0014,EN,4,Step Increment,127236.52,CAD,CAN,2022-05-03 03:00:00,CORE_HR
EVT00032500,2022-05-12,EMP02679,CC0063,EX,1,Leave Start,,CAD,CAN,2022-05-12 07:00:00,CORE_HR
EVT00032598,2022-05-23,EMP02924,CC0058,PA,2,Departure,,CAD,CA,2022-05-23 08:00:00,PAYROLL
EVT00033505,2022-05-01,EMP00716,CC0054,IT,1,Lateral Deployment,,MXN,MEX,2022-05-01 09:00:00,CORE_HR
EVT00031771,2022-05-07,EMP01504,CC0090,IT,2,Lateral Deployment,,CAD,CAN,2022-05-07 14:00:00,CORE_HR
EVT00033679,2022-05-13,EMP04119,CC0068,PA,4,Step Increment,82005.95,CAD,CA,2022-05-13 16:00:00,PAYROLL
EVT00032630,2022-05-25,EMP04193,CC0093,PA,2,Leave Return,,CAD,CA,2022-05-25 22:00:00,PAYROLL
EVT00032253,2022-05-11,EMP00964,CC0120,EC,1,Lateral Deployment,,CAD,CAN,2022-05-12 15:00:00,CORE_HR
EVT00032288,2022-05-06,EMP02974,CC0075,EX,3,Step Increment,166579.22,CAD,CA,2022-05-07 13:00:00,PAYROLL
EVT00032298,2022-05-22,EMP00171,CC0070,PA,1,Departure,,CAD,CAN,2022-05-23 01:00:00,CORE_HR
EVT00032828,2022-05-21,EMP02979,CC0007,FI,5,Lateral Deployment,,INR,IND,2022-05-21 15:00:00,CORE_HR
EVT00033284,2022-05-03,EMP04252,CC0064,IT,3,Lateral Deployment,,CAD,CAN,2022-05-04 10:00:00,CORE_HR
EVT00031759,2022-05-10,EMP04984,CC0017,AS,4,Step Increment,81106.31,CAD,CA,2022-05-11 01:00:00,PAYROLL
EVT00032747,2022-05-26,EMP03691,CC0064,PA,2,Performance Pay,7417.15,CAD,CA,2022-05-26 22:00:00,PAYROLL
EVT00032963,2022-05-08,EMP03961,CC0055,EX,2,Leave Return,,CAD,CAN,2022-05-08 13:00:00,CORE_HR
EVT00032870,2022-05-13,EMP00777,CC0035,PA,4,Performance Pay,10707.63,CAD,CAN,2022-05-13 20:00:00,CORE_HR
EVT00033238,2022-05-12,EMP02674,CC0068,CR,2,Performance Pay,3394.54,CAD,CAN,2022-05-12 16:00:00,CORE_HR
EVT00033121,2022-05-20,EMP02616,CC0076,EC,1,Leave Return,,CAD,CAN,2022-05-21 15:00:00,CORE_HR
EVT00032359,2022-05-18,EMP04777,CC0056,CR,3,Performance Pay,7834.43,CAD,CAN,2022-05-19 01:00:00,CORE_HR
EVT00033660,2022-05-20,EMP02315,CC0060,EN,1,Performance Pay,8012.81,CAD,CAN,2022-05-21 11:00:00,CORE_HR
EVT00033726,2022-05-26,EMP03189,CC0021,PA,3,Lateral Deployment,,CAD,CAN,2022-05-27 02:00:00,CORE_HR
EVT00032751,2022-05-17,EMP02283,CC0080,AS,1,Step Increment,44267.51,EUR,DE,2022-05-17 07:00:00,PAYROLL
EVT00033667,2022-05-20,EMP02828,CC0017,EN,2,Step Increment,81568.76,CAD,CAN,2022-05-20 14:00:00,CORE_HR
EVT00033136,2022-05-22,EMP04264,CC0106,EC,1,Step Increment,79583.4,CAD,CAN,2022-05-22 10:00:00,CORE_HR
EVT00032340,2022-05-12,EMP02106,CC0111,EC,2,Promotion,210119.48,AED,ARE,2022-05-13 13:00:00,CORE_HR
EVT00032516,2022-05-23,EMP03169,CC0006,IT,1,Step Increment,75023.93,CAD,CA,2022-05-23 19:00:00,PAYROLL
EVT00032551,2022-05-16,EMP03767,CC0014,IT,3,Leave Return,,CAD,CAN,2022-05-16 17:00:00,CORE_HR
EVT00031986,2022-05-13,EMP02853,CC0005,PA,2,Step Increment,74091.34,CAD,CA,2022-05-14 07:00:00,PAYROLL
EVT00033440,2022-05-07,EMP03401,CC0108,AS,5,Leave Start,,AED,AE,2022-05-07 11:00:00,PAYROLL
EVT00032006,2022-05-01,EMP03487,CC0053,PA,3,Lateral Deployment,,CAD,CAN,2022-05-02 20:00:00,CORE_HR
EVT00032728,2022-05-04,EMP00913,CC0085,PA,3,Performance Pay,6554.41,CAD,CAN,2022-05-05 06:00:00,CORE_HR
EVT00032877,2022-05-21,EMP00813,CC0010,EC,4,Step Increment,102709.3,CAD,CA,2022-05-22 05:00:00,PAYROLL
EVT00033521,2022-05-19,EMP01233,CC0007,AS,1,Departure,,EUR,DEU,2022-05-20 13:00:00,CORE_HR
EVT00032537,2022-05-26,EMP02550,CC0088,EN,4,Hire,403706.23,BRL,BR,2022-05-26 11:00:00,PAYROLL
EVT00033708,2022-05-20,EMP04676,CC0098,IT,1,Step Increment,75919.2,CAD,CAN,2022-05-21 01:00:00,CORE_HR
EVT00033664,2022-05-22,EMP04572,CC0057,AS,1,Leave Return,,CAD,CA,2022-05-23 03:00:00,PAYROLL
EVT00032918,2022-05-02,EMP02128,CC0061,PA,1,Lateral Deployment,,CAD,CAN,2022-05-03 01:00:00,CORE_HR
EVT00033135,2022-05-16,EMP02005,CC0044,IT,3,Step Increment,111878.33,CAD,CAN,2022-05-16 22:00:00,CORE_HR
EVT00032487,2022-05-04,EMP04180,CC0022,IT,5,Performance Pay,17016.24,CAD,CAN,2022-05-04 22:00:00,CORE_HR
EVT00033111,2022-05-11,EMP01175,CC0010,IT,2,Step Increment,83896.59,CAD,CAN,2022-05-12 00:00:00,CORE_HR
EVT00032081,2022-05-15,EMP01126,CC0090,IT,1,Hire,74488.43,CAD,CA,2022-05-16 15:00:00,PAYROLL
EVT00032073,2022-05-09,EMP02310,CC0008,FI,2,Performance Pay,11259.45,CAD,CAN,2022-05-09 10:00:00,CORE_HR
EVT00031877,2022-05-23,EMP00157,CC0016,PA,3,Promotion,86711.49,CAD,CA,2022-05-24 06:00:00,PAYROLL
EVT00033027,2022-05-15,EMP03993,CC0034,EN,2,Performance Pay,10597.62,CAD,CAN,2022-05-16 15:00:00,CORE_HR
EVT00032060,2022-05-21,EMP04432,CC0104,FI,2,Leave Start,,CAD,CAN,2022-05-22 01:00:00,CORE_HR
EVT00032842,2022-05-19,EMP04972,CC0025,FI,1,Step Increment,70742.12,CAD,CA,2022-05-20 08:00:00,PAYROLL
EVT00033665,2022-05-03,EMP04793,CC0001,AS,3,Leave Return,,CAD,CAN,2022-05-03 13:00:00,CORE_HR
EVT00033409,2022-05-01,EMP04127,CC0048,EX,1,Promotion,133090.79,CAD,CAN,2022-05-02 04:00:00,CORE_HR
EVT00031701,2022-05-13,EMP01232,CC0068,PA,2,Performance Pay,4741.3,CAD,CAN,2022-05-14 11:00:00,CORE_HR
EVT00032090,2022-05-06,EMP00442,CC0083,IT,3,Step Increment,110608.51,CAD,CA,2022-05-06 11:00:00,PAYROLL
EVT00032611,2022-05-18,EMP04746,CC0070,EC,3,Hire,99841.32,CAD,CA,2022-05-18 13:00:00,PAYROLL
EVT00033177,2022-05-17,EMP03022,CC0120,IT,2,Lateral Deployment,,CAD,CAN,2022-05-18 10:00:00,CORE_HR
EVT00033592,2022-05-08,EMP01093,CC0086,IT,3,Leave Start,,JPY,JPN,2022-05-08 23:00:00,CORE_HR
EVT00033644,2022-05-22,EMP04510,CC0032,FI,1,Promotion,68879.98,CAD,CAN,2022-05-23 15:00:00,CORE_HR
EVT00032726,2022-05-15,EMP01575,CC0054,CR,2,Leave Start,,BRL,BRA,2022-05-15 11:00:00,CORE_HR
EVT00032905,2022-05-09,EMP00613,CC0029,AS,2,Leave Return,,JPY,JPN,2022-05-10 06:00:00,CORE_HR
EVT00031870,2022-05-09,EMP02620,CC0015,PA,2,Leave Return,,CAD,CA,2022-05-10 01:00:00,PAYROLL
EVT00032669,2022-05-15,EMP02804,CC0098,CR,2,Performance Pay,3432.05,CAD,CA,2022-05-15 12:00:00,PAYROLL
EVT00031840,2022-05-10,EMP02299,CC0049,PA,3,Hire,221107.26,AED,ARE,2022-05-10 20:00:00,CORE_HR
EVT00031799,2022-05-13,EMP01048,CC0106,AS,2,Step Increment,69011.08,CAD,CAN,2022-05-13 16:00:00,CORE_HR
EVT00032365,2022-05-23,EMP04286,CC0028,IT,1,Step Increment,78870.16,CAD,CAN,2022-05-24 02:00:00,CORE_HR
EVT00032350,2022-05-05,EMP04546,CC0001,CR,5,Step Increment,74826.28,CAD,CAN,2022-05-06 14:00:00,CORE_HR
EVT00031897,2022-05-10,EMP01345,CC0021,IT,2,Performance Pay,12382.21,CAD,CAN,2022-05-10 19:00:00,CORE_HR
EVT00032235,2022-05-04,EMP01912,CC0077,FI,3,Lateral Deployment,,CAD,CAN,2022-05-04 08:00:00,CORE_HR
EVT00033540,2022-05-27,EMP01913,CC0118,FI,3,Leave Start,,CAD,CAN,2022-05-28 11:00:00,CORE_HR
EVT00032698,2022-05-20,EMP02533,CC0051,EC,2,Lateral Deployment,,CAD,CA,2022-05-20 14:00:00,PAYROLL
EVT00032925,2022-05-21,EMP00477,CC0061,IT,2,Leave Start,,CAD,CAN,2022-05-21 17:00:00,CORE_HR
EVT00033146,2022-05-24,EMP00972,CC0044,EN,1,Leave Return,,CAD,CA,2022-05-24 12:00:00,PAYROLL
EVT00033485,2022-05-27,EMP02935,CC0051,EC,2,Hire,88509.99,CAD,CA,2022-05-27 17:00:00,PAYROLL
EVT00031875,2022-05-01,EMP02631,CC0102,PA,1,Step Increment,58564.84,CAD,CAN,2022-05-01 22:00:00,CORE_HR
EVT00033090,2022-05-23,EMP04757,CC0036,EX,2,Step Increment,123699.52,CAD,CAN,2022-05-23 11:00:00,CORE_HR
EVT00033195,2022-05-16,EMP00767,CC0089,CR,1,Performance Pay,6875.97,CAD,CAN,2022-05-17 06:00:00,CORE_HR
EVT00032572,2022-05-23,EMP03013,CC0095,AS,2,Hire,62589.78,CAD,CAN,2022-05-24 14:00:00,CORE_HR
EVT00031919,2022-05-16,EMP03839,CC0028,IT,1,Leave Start,,CAD,CAN,2022-05-17 01:00:00,CORE_HR
EVT00033587,2022-05-25,EMP01897,CC0064,IT,2,Lateral Deployment,,CAD,CAN,2022-05-25 15:00:00,CORE_HR
EVT00032560,2022-05-07,EMP01558,CC0013,PA,2,Step Increment,63667.89,CAD,CAN,2022-05-07 20:00:00,CORE_HR
EVT00032839,2022-05-12,EMP00670,CC0049,IT,4,Lateral Deployment,,AED,AE,2022-05-12 22:00:00,PAYROLL
EVT00032341,2022-05-15,EMP00255,CC0036,AS,5,Leave Start,,CAD,CAN,2022-05-15 16:00:00,CORE_HR
EVT00031819,2022-05-22,EMP00322,CC0053,FI,3,Step Increment,96985.73,CAD,CA,2022-05-23 01:00:00,PAYROLL
EVT00031800,2022-05-05,EMP02623,CC0047,IT,1,Step Increment,81280.7,CAD,CAN,2022-05-06 07:00:00,CORE_HR
EVT00032421,2022-05-15,EMP00817,CC0058,AS,5,Performance Pay,5105.36,CAD,CA,2022-05-15 17:00:00,PAYROLL
EVT00033205,2022-05-01,EMP02126,CC0054,IT,5,Step Increment,1604804.83,MXN,MEX,2022-05-02 02:00:00,CORE_HR
EVT00032619,2022-05-23,EMP00124,CC0003,CR,4,Leave Start,,CAD,CAN,2022-05-23 14:00:00,CORE_HR
EVT00031780,2022-05-25,EMP04511,CC0073,CR,3,Performance Pay,5167.92,CAD,CAN,2022-05-25 09:00:00,CORE_HR
EVT00031857,2022-05-27,EMP02596,CC0065,CR,1,Step Increment,170423.55,AED,ARE,2022-05-28 13:00:00,CORE_HR
EVT00033060,2022-05-20,EMP03092,CC0098,PA,1,Step Increment,71466.83,CAD,CAN,2022-05-21 07:00:00,CORE_HR
EVT00031915,2022-05-06,EMP04240,CC0003,IT,1,Leave Start,,CAD,CAN,2022-05-07 06:00:00,CORE_HR
EVT00033051,2022-05-20,EMP00893,CC0024,IT,2,Leave Start,,CAD,CAN,2022-05-20 20:00:00,CORE_HR
EVT00033751,2022-05-18,EMP03853,CC0048,PA,1,Lateral Deployment,,CAD,CAN,2022-05-19 07:00:00,CORE_HR
EVT00032509,2022-05-19,EMP03683,CC0083,FI,2,Step Increment,63143.62,CAD,CAN,2022-05-19 17:00:00,CORE_HR
EVT00033089,2022-05-04,EMP02965,CC0094,PA,4,Leave Return,,CAD,CA,2022-05-04 14:00:00,PAYROLL
EVT00032462,2022-05-09,EMP00653,CC0006,AS,3,Leave Start,,CAD,CAN,2022-05-09 12:00:00,CORE_HR
EVT00033639,2022-05-16,EMP02490,CC0019,IT,1,Step Increment,72177.9,CAD,CA,2022-05-16 23:00:00,PAYROLL
EVT00033356,2022-05-17,EMP01531,CC0112,FI,4,Performance Pay,4904.44,CAD,CA,2022-05-17 08:00:00,PAYROLL
EVT00032242,2022-05-23,EMP00622,CC0079,AS,3,Lateral Deployment,,CAD,CAN,2022-05-24 00:00:00,CORE_HR
EVT00033070,2022-05-17,EMP01448,CC0033,EX,1,Lateral Deployment,,CAD,CAN,2022-05-17 11:00:00,CORE_HR
EVT00033265,2022-05-02,EMP02052,CC0048,AS,2,Performance Pay,4069.76,CAD,CAN,2022-05-02 20:00:00,CORE_HR
EVT00033161,2022-05-02,EMP01404,CC0117,EN,3,Promotion,117083.4,CAD,CA,2022-05-02 14:00:00,PAYROLL
EVT00033100,2022-05-21,EMP03027,CC0029,PA,1,Performance Pay,404310.49,JPY,JPN,2022-05-22 10:00:00,CORE_HR
EVT00032272,2022-05-14,EMP00848,CC0097,AS,2,Step Increment,67683.76,CAD,CA,2022-05-14 20:00:00,PAYROLL
EVT00032714,2022-05-10,EMP02924,CC0058,PA,2,Leave Start,,CAD,CA,2022-05-10 18:00:00,PAYROLL
EVT00032999,2022-05-12,EMP04065,CC0102,PA,4,Step Increment,96126.45,CAD,CAN,2022-05-13 05:00:00,CORE_HR
EVT00031738,2022-05-07,EMP04437,CC0071,EN,5,Hire,123657.31,CAD,CAN,2022-05-07 19:00:00,CORE_HR
EVT00033324,2022-05-17,EMP01399,CC0027,EN,2,Step Increment,89788.52,CAD,CAN,2022-05-17 18:00:00,CORE_HR
EVT00032964,2022-05-26,EMP02576,CC0048,IT,2,Step Increment,88673.43,CAD,CAN,2022-05-27 12:00:00,CORE_HR
EVT00032142,2022-05-11,EMP01040,CC0013,IT,2,Leave Return,,CAD,CAN,2022-05-11 22:00:00,CORE_HR
EVT00032386,2022-05-02,EMP03842,CC0071,EX,1,Leave Start,,CAD,CA,2022-05-02 17:00:00,PAYROLL
EVT00033420,2022-05-18,EMP04493,CC0089,FI,1,Step Increment,74412.52,CAD,CAN,2022-05-18 20:00:00,CORE_HR
EVT00032026,2022-05-07,EMP02027,CC0036,IT,4,Step Increment,110153.45,CAD,CAN,2022-05-08 08:00:00,CORE_HR
EVT00032599,2022-05-05,EMP00711,CC0070,PA,4,Departure,,CAD,CA,2022-05-06 05:00:00,PAYROLL
EVT00032231,2022-05-17,EMP03296,CC0064,IT,3,Performance Pay,14014.83,CAD,CA,2022-05-17 06:00:00,PAYROLL
EVT00032553,2022-05-13,EMP01584,CC0085,PA,5,Step Increment,95505.15,CAD,CA,2022-05-14 11:00:00,PAYROLL
EVT00032597,2022-05-13,EMP00320,CC0027,FI,3,Hire,103372.44,CAD,CA,2022-05-14 02:00:00,PAYROLL
EVT00033622,2022-05-09,EMP02989,CC0070,AS,5,Promotion,80985.39,CAD,CAN,2022-05-09 10:00:00,CORE_HR
EVT00032737,2022-05-08,EMP03439,CC0039,IT,3,Step Increment,104256.2,CAD,CA,2022-05-08 15:00:00,PAYROLL
EVT00031863,2022-05-18,EMP04153,CC0007,EN,5,Step Increment,371741.42,AED,ARE,2022-05-19 09:00:00,CORE_HR
EVT00032318,2022-05-13,EMP02569,CC0096,FI,2,Performance Pay,10487.6,CAD,CAN,2022-05-14 15:00:00,CORE_HR
EVT00032557,2022-05-18,EMP00228,CC0053,PA,1,Step Increment,63396.67,CAD,CA,2022-05-18 18:00:00,PAYROLL
EVT00033430,2022-05-16,EMP00990,CC0068,IT,1,Step Increment,101105.12,CAD,CAN,2022-05-17 06:00:00,CORE_HR
EVT00032353,2022-05-23,EMP03096,CC0103,EN,1,Lateral Deployment,,CAD,CA,2022-05-23 08:00:00,PAYROLL
EVT00032876,2022-05-19,EMP01533,CC0017,PA,1,Performance Pay,8166.84,CAD,CAN,2022-05-19 21:00:00,CORE_HR
EVT00032546,2022-05-23,EMP01478,CC0001,PA,1,Performance Pay,8359.23,CAD,CAN,2022-05-24 06:00:00,CORE_HR
EVT00032891,2022-05-21,EMP00387,CC0052,PA,2,Performance Pay,5339.65,CAD,CAN,2022-05-22 14:00:00,CORE_HR
EVT00033653,2022-05-18,EMP01784,CC0096,EN,1,Performance Pay,6331.44,CAD,CAN,2022-05-19 03:00:00,CORE_HR
EVT00032727,2022-05-12,EMP00547,CC0118,EX,1,Step Increment,133923.33,CAD,CAN,2022-05-13 15:00:00,CORE_HR
EVT00032968,2022-05-21,EMP02177,CC0077,FI,3,Promotion,85263.44,CAD,CA,2022-05-21 09:00:00,PAYROLL
EVT00032901,2022-05-21,EMP04804,CC0013,EX,2,Leave Return,,CAD,CAN,2022-05-21 07:00:00,CORE_HR
EVT00033311,2022-05-01,EMP00005,CC0006,IT,4,Promotion,131501.08,CAD,CAN,2022-05-02 15:00:00,CORE_HR
EVT00031931,2022-05-27,EMP00189,CC0106,PA,2,Leave Return,,CAD,CAN,2022-05-28 08:00:00,CORE_HR
EVT00031781,2022-05-02,EMP01566,CC0083,PA,2,Step Increment,75402.63,CAD,CAN,2022-05-03 14:00:00,CORE_HR
EVT00032328,2022-05-06,EMP00420,CC0101,AS,5,Step Increment,82761.03,CAD,CAN,2022-05-07 12:00:00,CORE_HR
EVT00033506,2022-05-06,EMP03535,CC0049,PA,3,Performance Pay,12004.92,AUD,AUS,2022-05-06 11:00:00,CORE_HR
EVT00031846,2022-05-05,EMP00455,CC0117,IT,1,Departure,,CAD,CAN,2022-05-06 14:00:00,CORE_HR
EVT00033450,2022-05-08,EMP04972,CC0025,FI,1,Leave Start,,CAD,CAN,2022-05-08 18:00:00,CORE_HR
EVT00033260,2022-05-16,EMP00403,CC0114,CR,3,Lateral Deployment,,CAD,CAN,2022-05-17 03:00:00,CORE_HR
EVT00032458,2022-05-25,EMP00537,CC0028,FI,2,Lateral Deployment,,CAD,CAN,2022-05-26 12:00:00,CORE_HR
EVT00033554,2022-05-04,EMP04974,CC0073,EN,3,Leave Start,,CAD,CA,2022-05-04 14:00:00,PAYROLL
EVT00031874,2022-05-12,EMP04896,CC0113,AS,1,Step Increment,61288.53,CAD,CA,2022-05-13 10:00:00,PAYROLL
EVT00033736,2022-05-17,EMP04799,CC0039,EX,2,Lateral Deployment,,CAD,CAN,2022-05-18 07:00:00,CORE_HR
EVT00033309,2022-05-14,EMP02864,CC0067,AS,3,Lateral Deployment,,CAD,CAN,2022-05-14 09:00:00,CORE_HR
EVT00031847,2022-05-17,EMP00466,CC0114,IT,2,Step Increment,98884.56,CAD,CA,2022-05-17 14:00:00,PAYROLL
EVT00031783,2022-05-14,EMP03193,CC0108,FI,1,Hire,176657.34,AED,ARE,2022-05-14 11:00:00,CORE_HR
EVT00033433,2022-05-25,EMP03104,CC0045,IT,3,Lateral Deployment,,CAD,CAN,2022-05-26 15:00:00,CORE_HR
EVT00033410,2022-05-17,EMP00721,CC0049,AS,3,Step Increment,2889322.97,INR,IN,2022-05-18 09:00:00,PAYROLL
EVT00032264,2022-05-21,EMP04125,CC0052,EN,2,Step Increment,92558.66,CAD,CA,2022-05-21 15:00:00,PAYROLL
EVT00033244,2022-05-26,EMP01410,CC0053,FI,4,Leave Start,,CAD,CA,2022-05-27 13:00:00,PAYROLL
EVT00033699,2022-05-03,EMP00281,CC0083,AS,3,Promotion,64460.88,CAD,CAN,2022-05-03 18:00:00,CORE_HR
EVT00031887,2022-05-17,EMP01646,CC0068,CR,1,Hire,48294.96,CAD,CAN,2022-05-17 15:00:00,CORE_HR
EVT00032343,2022-05-17,EMP01746,CC0040,PA,4,Promotion,80739.78,CAD,CAN,2022-05-18 03:00:00,CORE_HR
EVT00032095,2022-05-10,EMP01572,CC0081,CR,1,Leave Start,,CAD,CAN,2022-05-10 11:00:00,CORE_HR
EVT00032606,2022-05-09,EMP04514,CC0051,IT,1,Lateral Deployment,,CAD,CAN,2022-05-09 09:00:00,CORE_HR
EVT00032282,2022-05-25,EMP04486,CC0118,EN,4,Step Increment,113897.3,CAD,CAN,2022-05-25 11:00:00,CORE_HR
EVT00032492,2022-05-04,EMP03219,CC0003,IT,2,Step Increment,98707.47,CAD,CAN,2022-05-04 17:00:00,CORE_HR
EVT00032034,2022-05-11,EMP00828,CC0039,EC,2,Step Increment,84372.11,CAD,CA,2022-05-12 10:00:00,PAYROLL
EVT00032214,2022-05-14,EMP02219,CC0063,EX,1,Step Increment,127141.12,CAD,CA,2022-05-14 07:00:00,PAYROLL
EVT00032193,2022-05-20,EMP04567,CC0006,EX,1,Step Increment,127669.35,CAD,CAN,2022-05-21 14:00:00,CORE_HR
EVT00033703,2022-05-14,EMP01183,CC0081,PA,2,Step Increment,69112.83,CAD,CA,2022-05-14 23:00:00,PAYROLL
EVT00031744,2022-05-11,EMP01976,CC0002,PA,2,Promotion,67235.23,CAD,CA,2022-05-12 01:00:00,PAYROLL
EVT00032671,2022-05-02,EMP01647,CC0077,PA,2,Performance Pay,4152.82,CAD,CAN,2022-05-03 05:00:00,CORE_HR
EVT00033533,2022-05-24,EMP01224,CC0023,AS,3,Hire,64817.21,CAD,CAN,2022-05-25 02:00:00,CORE_HR
EVT00032012,2022-05-06,EMP02531,CC0091,IT,2,Step Increment,101058.71,CAD,CA,2022-05-07 15:00:00,PAYROLL
EVT00032811,2022-05-27,EMP02249,CC0047,EX,2,Performance Pay,16809.54,CAD,CAN,2022-05-27 09:00:00,CORE_HR
EVT00032682,2022-05-02,EMP02323,CC0120,EN,1,Step Increment,79982.41,CAD,CA,2022-05-03 05:00:00,PAYROLL
EVT00032096,2022-05-05,EMP02992,CC0116,IT,3,Step Increment,112661.31,CAD,CAN,2022-05-06 02:00:00,CORE_HR
EVT00031805,2022-05-14,EMP00090,CC0069,AS,2,Promotion,68418.59,XXX,CA,2022-05-15 03:00:00,PAYROLL
EVT00032526,2022-05-01,EMP01243,CC0074,FI,3,Promotion,1291718.3,MXN,MEX,2022-05-01 20:00:00,CORE_HR
EVT00032113,2022-05-09,EMP03747,CC0118,CR,2,Departure,,CAD,CA,2022-05-10 04:00:00,PAYROLL
EVT00032418,2022-05-21,EMP00932,CC0075,EX,1,Step Increment,151310.98,CAD,CA,2022-05-21 19:00:00,PAYROLL
EVT00031858,2022-05-27,EMP00593,CC0075,FI,3,Departure,,CAD,CAN,2022-05-27 20:00:00,CORE_HR
EVT00033561,2022-05-07,EMP03538,CC0099,PA,2,Leave Return,,CAD,CAN,2022-05-08 06:00:00,CORE_HR
EVT00032976,2022-05-08,EMP03471,CC0067,EC,4,Leave Start,,CAD,CAN,2022-05-09 15:00:00,CORE_HR
EVT00032349,2022-05-10,EMP03331,CC0064,EN,4,Step Increment,91648.99,CAD,CA,2022-05-10 10:00:00,PAYROLL
EVT00033731,2022-05-22,EMP01310,CC0072,IT,3,Step Increment,97415.66,CAD,CAN,2022-05-23 12:00:00,CORE_HR
EVT00031930,2022-05-01,EMP01272,CC0077,FI,2,Step Increment,67277.46,CAD,CAN,2022-05-02 11:00:00,CORE_HR
EVT00033175,2022-05-27,EMP01674,CC0016,EN,1,Step Increment,89284.73,CAD,CA,2022-05-27 11:00:00,PAYROLL
EVT00032243,2022-05-05,EMP02116,CC0010,PA,3,Step Increment,84134.13,CAD,CA,2022-05-05 23:00:00,PAYROLL
EVT00031971,2022-05-16,EMP04986,CC0049,EN,1,Hire,9703947.42,KES,KEN,2022-05-17 15:00:00,CORE_HR
EVT00032398,2022-05-22,EMP01775,CC0015,EN,4,Step Increment,-122100.68,CAD,CAN,2022-05-22 08:00:00,CORE_HR
EVT00032847,2022-05-23,EMP04268,CC0005,PA,2,Lateral Deployment,,CAD,CAN,2022-05-24 05:00:00,CORE_HR
EVT00032200,2022-05-14,EMP04423,CC0081,PA,1,Step Increment,61953.98,CAD,CA,2022-05-15 03:00:00,PAYROLL
EVT00033589,2022-05-12,EMP02261,CC0036,FI,2,Step Increment,84266.64,CAD,CAN,2022-05-13 09:00:00,CORE_HR
EVT00032158,2022-05-18,EMP02949,CC0059,FI,1,Step Increment,76769.18,CAD,CAN,2022-05-18 15:00:00,CORE_HR
EVT00033551,2022-05-27,EMP04622,CC0005,EC,2,Step Increment,92391.91,CAD,CAN,2022-05-27 07:00:00,CORE_HR
EVT00033281,2022-05-16,EMP02582,CC0104,EC,1,Leave Start,,CAD,CAN,2022-05-16 08:00:00,CORE_HR
EVT00032635,2022-05-22,EMP02128,CC0061,PA,1,Step Increment,67499.21,CAD,CAN,2022-05-22 16:00:00,CORE_HR
EVT00033200,2022-05-22,EMP00915,CC0114,EC,1,Step Increment,77079.14,CAD,CAN,2022-05-22 13:00:00,CORE_HR
EVT00032042,2022-05-12,EMP03058,CC0098,AS,2,Performance Pay,6845.27,CAD,CA,2022-05-12 22:00:00,PAYROLL
EVT00032648,2022-05-09,EMP02149,CC0016,EC,1,Performance Pay,3058.91,CAD,CA,2022-05-10 01:00:00,PAYROLL
EVT00032793,2022-05-11,EMP00618,CC0118,FI,4,Performance Pay,9247.31,CAD,CA,2022-05-11 15:00:00,PAYROLL
EVT00033288,2022-05-03,EMP01823,CC0075,FI,1,Performance Pay,5067.6,CAD,CA,2022-05-04 03:00:00,PAYROLL
EVT00032046,2022-05-14,EMP01336,CC0002,AS,1,Leave Start,,CAD,CA,2022-05-14 17:00:00,PAYROLL
EVT00031963,2022-05-26,EMP02573,CC0032,AS,3,Promotion,73983.26,CAD,CAN,2022-05-26 20:00:00,CORE_HR
EVT00032996,2022-05-26,EMP03551,CC0089,AS,2,Step Increment,66130.65,CAD,CA,2022-05-27 08:00:00,PAYROLL
EVT00033542,2022-05-26,EMP01123,CC0085,IT,3,Leave Start,,CAD,CAN,2022-05-27 09:00:00,CORE_HR
EVT00032571,2022-05-14,EMP03035,CC0086,EN,1,Step Increment,10663843.37,JPY,JPN,2022-05-14 16:00:00,CORE_HR
EVT00032578,2022-05-19,EMP01476,CC0028,CR,2,Leave Return,,CAD,CA,2022-05-19 16:00:00,PAYROLL
EVT00032718,2022-05-04,EMP03342,CC0027,PA,3,Leave Start,,CAD,CAN,2022-05-05 04:00:00,CORE_HR
EVT00031712,2022-05-17,EMP02358,CC0118,PA,2,Step Increment,63675.11,CAD,CAN,2022-05-18 14:00:00,CORE_HR
EVT00031885,2022-05-04,EMP00427,CC0010,CR,1,Performance Pay,4983.06,CAD,CAN,2022-05-04 08:00:00,CORE_HR
EVT00033598,2022-05-25,EMP01567,CC0070,EX,2,Leave Start,,CAD,CA,2022-05-25 23:00:00,PAYROLL
EVT00033267,2022-05-11,EMP02642,CC0028,FI,1,Leave Start,,CAD,CAN,2022-05-12 07:00:00,CORE_HR
EVT00032329,2022-05-01,EMP02534,CC0011,EX,1,Step Increment,128119.51,CAD,CAN,2022-05-01 18:00:00,CORE_HR
EVT00032710,2022-05-10,EMP03218,CC0090,AS,1,Leave Return,,CAD,CAN,2022-05-11 00:00:00,CORE_HR
EVT00031905,2022-05-27,EMP02147,CC0016,PA,3,Leave Return,,CAD,CAN,2022-05-27 10:00:00,CORE_HR
EVT00031735,2022-05-02,EMP01743,CC0032,IT,3,Leave Return,,CAD,CAN,2022-05-02 11:00:00,CORE_HR
EVT00032438,2022-05-27,EMP04242,CC0049,FI,1,Hire,7609472.08,KES,KE,2022-05-28 07:00:00,PAYROLL
EVT00032082,2022-05-02,EMP03155,CC0025,IT,1,Step Increment,80874.2,CAD,CAN,2022-05-03 05:00:00,CORE_HR
EVT00033192,2022-05-27,EMP02975,CC0033,EX,3,Leave Start,,CAD,CAN,2022-05-27 17:00:00,CORE_HR
EVT00033066,2022-05-25,EMP03448,CC0120,IT,3,Leave Start,,CAD,CA,2022-05-26 13:00:00,PAYROLL
EVT00033296,2022-05-04,EMP03467,CC0025,EC,2,Leave Start,,CAD,CA,2022-05-04 18:00:00,PAYROLL
EVT00033518,2022-05-11,EMP02800,CC0083,PA,2,Step Increment,74485.56,CAD,CAN,2022-05-11 08:00:00,CORE_HR
EVT00031893,2022-05-19,EMP00703,CC0078,CR,1,Step Increment,46186.59,CAD,CA,2022-05-20 11:00:00,PAYROLL
EVT00032998,2022-05-16,EMP04469,CC0060,EN,3,Performance Pay,6978.73,CAD,CAN,2022-05-17 05:00:00,CORE_HR
EVT00033074,2022-05-13,EMP03394,CC0071,EN,1,Leave Start,,CAD,CAN,2022-05-13 18:00:00,CORE_HR
EVT00033512,2022-05-20,EMP01188,CC0075,AS,2,Step Increment,59710.09,CAD,CAN,2022-05-20 19:00:00,CORE_HR
EVT00033735,2022-05-08,EMP01210,CC0092,PA,2,Departure,,CAD,CAN,2022-05-08 13:00:00,CORE_HR
EVT00032623,2022-05-11,EMP03091,CC0092,EN,1,Hire,80839.81,CAD,CAN,2022-05-11 14:00:00,CORE_HR
EVT00032589,2022-05-20,EMP02570,CC0101,PA,4,Hire,88236.09,CAD,CA,2022-05-21 03:00:00,PAYROLL
EVT00033529,2022-05-03,EMP04489,CC0064,IT,2,Hire,92240.69,CAD,CAN,2022-05-03 17:00:00,CORE_HR
EVT00032279,2022-05-19,EMP00322,CC0053,FI,3,Step Increment,116101.24,CAD,CA,2022-05-20 00:00:00,PAYROLL
EVT00032928,2022-05-15,EMP04204,CC0006,IT,3,Leave Start,,CAD,CAN,2022-05-15 13:00:00,CORE_HR
EVT00032382,2022-05-07,EMP03702,CC0056,IT,2,Promotion,84149.51,CAD,CA,2022-05-07 07:00:00,PAYROLL
EVT00033503,2022-05-21,EMP00247,CC0087,FI,3,Performance Pay,11587.76,CAD,CA,2022-05-21 20:00:00,PAYROLL
EVT00032791,2022-05-19,EMP03654,CC0074,EN,2,Performance Pay,297280.7,INR,IN,2022-05-20 12:00:00,PAYROLL
EVT00031909,2022-05-19,EMP01805,CC0032,IT,2,Hire,95850.82,CAD,CA,2022-05-19 14:00:00,PAYROLL
EVT00032103,2022-05-09,EMP03780,CC0104,EC,2,Leave Return,,CAD,CAN,2022-05-10 13:00:00,CORE_HR
EVT00032683,2022-05-01,EMP01047,CC0016,EC,5,Step Increment,111986.37,CAD,CAN,2022-05-01 11:00:00,CORE_HR
EVT00033138,2022-05-20,EMP02987,CC0109,AS,3,Hire,56325.64,CAD,CAN,2022-05-20 23:00:00,CORE_HR
EVT00032639,2022-05-04,EMP02055,CC0060,EX,1,Leave Return,,CAD,CAN,2022-05-05 15:00:00,CORE_HR
EVT00033246,2022-05-26,EMP04934,CC0061,CR,5,Lateral Deployment,,CAD,CA,2022-05-26 08:00:00,PAYROLL
EVT00032923,2022-05-03,EMP02598,CC0068,EC,2,Step Increment,88642.54,CAD,CAN,2022-05-04 00:00:00,CORE_HR
EVT00033361,2022-05-26,EMP03549,CC0005,FI,4,Hire,110103.71,CAD,CAN,2022-05-27 05:00:00,CORE_HR
EVT00033597,2022-05-22,EMP04760,CC0053,EC,2,Leave Start,,CAD,CA,2022-05-22 16:00:00,PAYROLL
EVT00032734,2022-05-01,EMP02167,CC0007,PA,1,Step Increment,789108.86,MXN,MEX,2022-05-01 12:00:00,CORE_HR
EVT00033711,2022-05-15,EMP02136,CC0096,PA,1,Departure,,CAD,CAN,2022-05-16 12:00:00,CORE_HR
EVT00032922,2022-05-05,EMP04759,CC0072,EC,2,Lateral Deployment,,CAD,CA,2022-05-06 08:00:00,PAYROLL
EVT00032234,2022-05-22,EMP00774,CC0012,CR,5,Leave Return,,CAD,CAN,2022-05-23 01:00:00,CORE_HR
EVT00032643,2022-05-26,EMP02895,CC0086,CR,3,Step Increment,6762197.26,JPY,JP,2022-05-26 07:00:00,PAYROLL
EVT00031750,2022-05-02,EMP00842,CC0023,EN,3,Step Increment,100074.48,CAD,CAN,2022-05-02 06:00:00,CORE_HR
EVT00033196,2022-05-04,EMP02715,CC0015,IT,5,Leave Return,,CAD,CAN,2022-05-04 10:00:00,CORE_HR
EVT00032698,2022-05-20,EMP02533,CC0051,EC,2,Lateral Deployment,,CAD,CA,2022-05-21 21:00:00,PAYROLL
EVT00032003,2022-05-14,EMP04249,CC0049,IT,3,Step Increment,273461.59,AED,AE,2022-05-15 03:00:00,PAYROLL
EVT00032392,2022-05-15,EMP02205,CC0039,EC,1,Departure,,CAD,CA,2022-05-16 11:00:00,PAYROLL
EVT00031876,2022-05-24,EMP03494,CC0051,PA,3,Step Increment,79094.03,CAD,CA,2022-05-24 16:00:00,PAYROLL
EVT00032171,2022-05-27,EMP04252,CC0064,IT,3,Hire,100609.37,CAD,CAN,2022-05-28 14:00:00,CORE_HR
EVT00032850,2022-05-14,EMP02207,CC0090,IT,1,Step Increment,77981.13,CAD,CA,2022-05-15 05:00:00,PAYROLL
EVT00032217,2022-05-19,EMP04009,CC0035,EX,1,Step Increment,126430.25,CAD,CA,2022-05-20 13:00:00,PAYROLL
EVT00032907,2022-05-07,EMP00820,CC0069,PA,3,Leave Start,,CAD,CAN,2022-05-08 03:00:00,CORE_HR
EVT00031902,2022-05-01,EMP00804,CC0022,EX,2,Leave Return,,CAD,CAN,2022-05-02 09:00:00,CORE_HR
EVT00033197,2022-05-13,EMP04826,CC0074,CR,3,Step Increment,40965.27,EUR,DEU,2022-05-13 07:00:00,CORE_HR
EVT00032797,2022-05-15,EMP02046,CC0077,IT,5,Hire,124697.27,CAD,CAN,2022-05-17 18:00:00,CORE_HR
EVT00033688,2022-05-18,EMP03108,CC0019,EN,1,Lateral Deployment,,CAD,CA,2022-05-19 12:00:00,PAYROLL
EVT00033278,2022-05-11,EMP00392,CC0017,EC,5,Performance Pay,12924.81,CAD,CAN,2022-05-11 22:00:00,CORE_HR
EVT00032678,2022-05-17,EMP02233,CC0017,AS,4,Lateral Deployment,,CAD,CAN,2022-05-17 17:00:00,CORE_HR
EVT00032389,2022-05-05,EMP03244,CC0053,EC,1,Departure,,CAD,CAN,2022-05-05 07:00:00,CORE_HR
EVT00033235,2022-05-04,EMP00076,CC0042,EX,2,Leave Start,,CAD,CAN,2022-05-04 20:00:00,CORE_HR
EVT00033588,2022-05-09,EMP01534,CC0044,EN,4,Leave Start,,CAD,CAN,2022-05-09 08:00:00,CORE_HR
EVT00032260,2022-05-21,EMP03752,CC0084,FI,2,Hire,89006.8,CAD,CAN,2022-05-22 12:00:00,CORE_HR
EVT00032996,2022-05-26,EMP03551,CC0089,AS,2,Step Increment,66130.65,CAD,CA,2022-05-29 03:00:00,PAYROLL
EVT00032444,2022-05-19,EMP02764,CC0087,EX,1,Leave Return,,CAD,CA,2022-05-19 23:00:00,PAYROLL
EVT00032908,2022-05-15,EMP03698,CC0072,FI,4,Step Increment,131374.13,CAD,CAN,2022-05-15 08:00:00,CORE_HR
EVT00032586,2022-05-07,EMP02613,CC0103,PA,2,Leave Start,,CAD,CA,2022-05-08 06:00:00,PAYROLL
EVT00033048,2022-05-21,EMP03796,CC0060,PA,2,Step Increment,69228.09,CAD,CA,2022-05-22 03:00:00,PAYROLL
EVT00033239,2022-05-04,EMP00609,CC0056,FI,3,Step Increment,102536.99,CAD,CA,2022-05-05 02:00:00,PAYROLL
EVT00033388,2022-05-27,EMP01727,CC0072,EN,1,Step Increment,75968.06,CAD,CA,2022-05-28 01:00:00,PAYROLL
EVT00032426,2022-05-03,EMP03966,CC0050,EC,2,Step Increment,90473.27,CAD,CAN,2022-05-03 09:00:00,CORE_HR
EVT00032294,2022-05-26,EMP02803,CC0088,FI,1,Departure,,AED,ARE,2022-05-27 07:00:00,CORE_HR
EVT00032944,2022-05-05,EMP02813,CC0005,CR,3,Hire,64247.2,CAD,CA,2022-05-05 07:00:00,PAYROLL
EVT00033625,2022-05-14,EMP03431,CC0055,CR,2,Step Increment,57421.45,CAD,CAN,2022-05-15 09:00:00,CORE_HR
EVT00032146,2022-05-23,EMP00957,CC0042,CR,4,Step Increment,74312.93,CAD,CA,2022-05-24 02:00:00,PAYROLL
EVT00033368,2022-05-03,EMP00670,CC0049,IT,4,Leave Start,,KES,KEN,2022-05-03 17:00:00,CORE_HR
EVT00032267,2022-05-19,EMP01284,CC0021,IT,3,Step Increment,90592.3,CAD,CAN,2022-05-19 11:00:00,CORE_HR
EVT00031778,2022-05-10,EMP03360,CC0119,FI,1,Step Increment,69331.13,CAD,CAN,2022-05-10 06:00:00,CORE_HR
EVT00033337,2022-05-08,EMP04476,CC0102,FI,1,Performance Pay,9028.56,CAD,CAN,2022-05-08 09:00:00,CORE_HR
EVT00031896,2022-05-05,EMP04210,CC0049,EC,2,Leave Start,,USD,US,2022-05-06 01:00:00,PAYROLL
EVT00033237,2022-05-10,EMP00352,CC0048,FI,3,Step Increment,86335.94,CAD,CA,2022-05-10 11:00:00,PAYROLL
EVT00032255,2022-05-21,EMP01568,CC0022,EN,2,Lateral Deployment,,CAD,CAN,2022-05-21 19:00:00,CORE_HR
EVT00032651,2022-05-24,EMP01879,CC0089,PA,3,Leave Return,,CAD,CAN,2022-05-24 13:00:00,CORE_HR
EVT00031867,2022-05-10,EMP01245,CC0081,EX,1,Leave Return,,CAD,CAN,2022-05-10 10:00:00,CORE_HR
EVT00032841,2022-05-25,EMP04111,CC0064,CR,1,Performance Pay,3759.14,CAD,CAN,2022-05-25 08:00:00,CORE_HR
EVT00031970,2022-05-15,EMP00058,CC0061,PA,1,Step Increment,66503.44,CAD,CAN,2022-05-15 13:00:00,CORE_HR
EVT00032286,2022-05-03,EMP02785,CC0082,PA,5,Lateral Deployment,,CAD,CA,2022-05-05 09:00:00,PAYROLL
EVT00033728,2022-05-03,EMP04805,CC0098,EX,2,Hire,158852.56,CAD,CA,2022-05-04 06:00:00,PAYROLL
EVT00033279,2022-05-05,EMP00171,CC0070,PA,1,Step Increment,57167.53,CAD,CAN,2022-05-05 15:00:00,CORE_HR
EVT00032701,2022-05-04,EMP03946,CC0034,EC,2,Performance Pay,7591.15,CAD,CAN,2022-05-04 16:00:00,CORE_HR
EVT00032051,2022-05-01,EMP04932,CC0047,PA,4,Performance Pay,9161.37,CAD,CAN,2022-05-01 18:00:00,CORE_HR
EVT00032990,2022-05-13,EMP04458,CC0098,IT,1,Leave Start,,CAD,CA,2022-05-13 22:00:00,PAYROLL
EVT00033379,2022-05-10,EMP01993,CC0111,FI,2,Performance Pay,4168.19,AUD,AU,2022-05-10 09:00:00,PAYROLL
EVT00033603,2022-05-09,EMP04159,CC0046,PA,1,Leave Start,,BRL,BRA,2022-05-10 15:00:00,CORE_HR
EVT00033131,2022-05-16,EMP03565,CC0104,PA,2,Lateral Deployment,,CAD,CAN,2022-05-16 22:00:00,CORE_HR
EVT00032442,2022-05-11,EMP01067,CC0035,EN,3,Promotion,112350.86,CAD,CAN,2022-05-12 04:00:00,CORE_HR
EVT00032524,2022-05-16,EMP04493,CC0089,FI,1,Leave Start,,CAD,CA,2022-05-16 10:00:00,PAYROLL
EVT00032652,2022-05-09,EMP02141,CC0067,IT,4,Leave Return,,CAD,CAN,2022-05-12 02:00:00,CORE_HR
EVT00031747,2022-05-05,EMP02450,CC0072,EX,2,Leave Start,,CAD,CA,2022-05-05 08:00:00,PAYROLL
EVT00033550,2022-05-24,EMP03000,CC0062,EC,5,Performance Pay,8616.08,CAD,CAN,2022-05-24 08:00:00,CORE_HR
EVT00032132,2022-05-02,EMP04967,CC0066,EN,4,Leave Start,,CAD,CA,2022-05-02 11:00:00,PAYROLL
EVT00032111,2022-05-24,EMP03855,CC0008,EN,1,Performance Pay,11077.71,CAD,CA,2022-05-24 21:00:00,PAYROLL
EVT00033236,2022-05-18,EMP01149,CC0085,EN,2,Performance Pay,10273.28,CAD,CAN,2022-05-19 13:00:00,CORE_HR
EVT00032777,2022-05-13,EMP03569,CC0050,IT,2,Hire,86337.66,CAD,CAN,2022-05-14 03:00:00,CORE_HR
EVT00032332,2022-05-26,EMP01448,CC0033,EX,1,Leave Start,,CAD,CAN,2022-05-26 09:00:00,CORE_HR
EVT00033036,2022-05-21,EMP99999,CC0048,FI,3,Leave Start,,CAD,CA,2022-05-21 11:00:00,PAYROLL
EVT00033321,2022-05-23,EMP02741,CC0111,CR,3,Promotion,168132.06,AED,ARE,2022-05-23 08:00:00,CORE_HR
EVT00032548,2022-05-07,EMP01040,CC0013,IT,2,Step Increment,88214.3,CAD,CAN,2022-05-07 17:00:00,CORE_HR
EVT00032708,2022-05-09,EMP01925,CC0011,PA,1,Step Increment,58323.96,CAD,CAN,2022-05-10 10:00:00,CORE_HR
EVT00033421,2022-05-10,EMP02366,CC0038,EC,3,Step Increment,89758.55,CAD,CAN,2022-05-11 08:00:00,CORE_HR
EVT00033208,2022-05-07,EMP04840,CC0055,AS,1,Lateral Deployment,,CAD,CAN,2022-05-07 21:00:00,CORE_HR
EVT00033658,2022-05-15,EMP04886,CC0015,FI,2,Step Increment,101607.5,CAD,CAN,2022-05-15 17:00:00,CORE_HR
EVT00033479,2022-05-13,EMP04823,CC0002,FI,2,Performance Pay,5906.86,CAD,CAN,2022-05-14 08:00:00,CORE_HR
EVT00033714,2022-05-06,EMP02602,CC0114,CR,2,Step Increment,56627.54,CAD,CAN,2022-05-07 13:00:00,CORE_HR
EVT00033454,2022-05-11,EMP04431,CC0066,EX,1,Leave Return,,CAD,CA,2022-05-11 11:00:00,PAYROLL
EVT00033050,2022-05-01,EMP02729,CC0120,EN,3,Leave Start,,CAD,CAN,2022-05-01 13:00:00,CORE_HR
EVT00033275,2022-05-08,EMP00018,CC0073,PA,5,Step Increment,120468.08,CAD,CAN,2022-05-09 13:00:00,CORE_HR
EVT00032315,2022-05-01,EMP02551,CC0022,PA,1,Performance Pay,3577.06,CAD,CAN,2022-05-02 12:00:00,CORE_HR
EVT00033630,2022-05-26,EMP01133,CC0049,AS,2,Hire,689543.38,MXN,MEX,2022-05-26 19:00:00,CORE_HR
EVT00031932,2022-05-17,EMP04881,CC0018,CR,3,Hire,63019.16,CAD,CA,2022-05-18 09:00:00,PAYROLL
EVT00031997,2022-05-08,EMP00481,CC0083,EX,1,Step Increment,108126.44,CAD,CAN,2022-05-09 01:00:00,CORE_HR
EVT00032833,2022-05-11,EMP01810,CC0008,IT,1,Leave Start,,CAD,CAN,2022-05-11 06:00:00,CORE_HR
EVT00031761,2022-05-27,EMP00200,CC0105,AS,2,Performance Pay,32603.81,BRL,BRA,2022-05-27 19:00:00,CORE_HR
EVT00033494,2022-05-22,EMP01653,CC0009,AS,1,Lateral Deployment,,GBP,GBR,2022-05-22 10:00:00,CORE_HR
EVT00032336,2022-05-11,EMP01148,CC0103,EX,2,Leave Start,,CAD,CAN,2022-05-11 19:00:00,CORE_HR
EVT00032102,2022-05-17,EMP01073,CC0019,PA,2,Leave Start,,CAD,CAN,2022-05-17 22:00:00,CORE_HR
EVT00032097,2022-05-14,EMP01670,CC0095,PA,1,Leave Start,,CAD,CAN,2022-05-14 06:00:00,CORE_HR
EVT00033041,2022-05-07,EMP04009,CC0035,EX,1,Step Increment,140279.77,CAD,CAN,2022-05-08 02:00:00,CORE_HR
EVT00032045,2022-05-24,EMP02878,CC0018,AS,2,Performance Pay,6179.09,CAD,CA,2022-05-25 14:00:00,PAYROLL
EVT00032641,2022-05-10,EMP00459,CC0054,PA,3,Step Increment,342277.02,BRL,BRA,2022-05-11 10:00:00,CORE_HR
EVT00032818,2022-05-27,EMP01222,CC0071,IT,1,Performance Pay,6853.22,CAD,CA,2022-05-27 16:00:00,PAYROLL
EVT00032390,2022-05-19,EMP03419,CC0103,PA,3,Hire,81087.33,CAD,CA,2022-05-19 13:00:00,PAYROLL
EVT00032924,2022-05-14,EMP02355,CC0090,FI,2,Lateral Deployment,,CAD,CA,2022-05-14 15:00:00,PAYROLL
EVT00031706,2022-05-12,EMP03423,CC0065,AS,3,Promotion,44159.82,GBP,GBR,2022-05-12 14:00:00,CORE_HR
EVT00033173,2022-05-05,EMP03471,CC0067,EC,4,Leave Return,,CAD,CA,2022-05-05 07:00:00,PAYROLL
EVT00033514,2022-05-02,EMP03208,CC0023,PA,5,Hire,82957.89,CAD,CAN,2022-05-03 04:00:00,CORE_HR
EVT00031813,2022-05-10,EMP04493,CC0089,FI,1,Leave Return,,CAD,CAN,2022-05-10 11:00:00,CORE_HR
EVT00032927,2022-05-12,EMP04671,CC0050,IT,2,Performance Pay,6381.87,CAD,CAN,2022-05-13 12:00:00,CORE_HR
EVT00032334,2022-05-02,EMP02614,CC0065,IT,3,Performance Pay,1166577.08,JPY,JP,2022-05-02 22:00:00,PAYROLL
EVT00032331,2022-05-15,EMP04490,CC0057,IT,3,Leave Start,,CAD,CA,2022-05-16 08:00:00,PAYROLL
EVT00033046,2022-05-22,EMP00632,CC0097,CR,4,Leave Return,,CAD,CA,2022-05-23 11:00:00,PAYROLL
EVT00032232,2022-05-25,EMP03754,CC0080,FI,4,Leave Return,,BRL,BRA,2022-05-25 21:00:00,CORE_HR
EVT00033537,2022-05-04,EMP00563,CC0053,IT,1,Leave Return,,CAD,CAN,2022-05-04 19:00:00,CORE_HR
EVT00033385,2022-05-11,EMP04192,CC0080,PA,5,Performance Pay,45218.28,BRL,BRA,2022-05-11 17:00:00,CORE_HR
EVT00033277,2022-05-12,EMP03593,CC0050,EX,1,Step Increment,143225.46,CAD,CAN,2022-05-12 06:00:00,CORE_HR
EVT00032711,2022-05-18,EMP03806,CC0016,IT,1,Departure,,CAD,CA,2022-05-18 20:00:00,PAYROLL
EVT00032806,2022-05-19,EMP02912,CC0036,CR,4,Leave Return,,CAD,CA,2022-05-20 10:00:00,PAYROLL
EVT00032981,2022-05-10,EMP00368,CC0068,FI,3,Performance Pay,8317.92,CAD,CAN,2022-05-10 22:00:00,CORE_HR
EVT00031812,2022-05-14,EMP02520,CC0107,IT,2,Step Increment,93374.72,CAD,CAN,2022-05-15 12:00:00,CORE_HR
EVT00032370,2022-05-25,EMP02080,CC0113,EX,1,Leave Return,,XXX,CA,2022-05-25 11:00:00,PAYROLL
EVT00032197,2022-05-10,EMP02274,CC0069,EN,5,Step Increment,132307.9,CAD,CAN,2022-05-10 19:00:00,CORE_HR
EVT00031764,2022-05-14,EMP03906,CC0019,EN,2,Performance Pay,10233.49,CAD,CA,2022-05-14 13:00:00,PAYROLL
EVT00033335,2022-05-07,EMP02300,CC0115,AS,1,Step Increment,51315.24,CAD,CAN,2022-05-07 21:00:00,CORE_HR
EVT00033635,2022-05-16,EMP03982,CC0014,EC,1,Step Increment,59141.55,CAD,CAN,2022-05-16 21:00:00,CORE_HR
EVT00033063,2022-05-03,EMP04748,CC0023,AS,4,Departure,,CAD,CAN,2022-05-04 09:00:00,CORE_HR
EVT00032753,2022-05-12,EMP01371,CC0041,EN,3,Performance Pay,11659.55,CAD,CAN,2022-05-13 14:00:00,CORE_HR
EVT00032490,2022-05-15,EMP03351,CC0106,PA,4,Step Increment,84802.66,CAD,CA,2022-05-16 00:00:00,PAYROLL
EVT00032245,2022-05-19,EMP04237,CC0014,IT,2,Performance Pay,8045.5,CAD,CA,2022-05-19 14:00:00,PAYROLL
EVT00033052,2022-05-16,EMP03217,CC0076,FI,4,Leave Return,,CAD,CA,2022-05-17 04:00:00,PAYROLL
EVT00032431,2022-05-23,EMP02446,CC0062,AS,3,Step Increment,67775.76,CAD,CA,2022-05-23 19:00:00,PAYROLL
EVT00031746,2022-05-14,EMP03628,CC0027,EX,2,Departure,,CAD,CAN,2022-05-15 00:00:00,CORE_HR
EVT00032676,2022-05-10,EMP00422,CC0115,PA,5,Leave Start,,CAD,CAN,2022-05-11 14:00:00,CORE_HR
EVT00032713,2022-05-07,EMP02328,CC0005,EC,4,Step Increment,83939.8,CAD,CAN,2022-05-07 19:00:00,CORE_HR
EVT00033666,2022-05-17,EMP01114,CC0005,IT,3,Step Increment,114876.22,CAD,CA,2022-05-17 16:00:00,PAYROLL
EVT00031725,2022-05-17,EMP99999,CC0107,EN,2,Step Increment,72514.39,CAD,CA,2022-05-18 00:00:00,PAYROLL
EVT00033524,2022-05-06,EMP04918,CC0092,CR,1,Performance Pay,4662.34,CAD,CAN,2022-05-07 01:00:00,CORE_HR
EVT00032808,2022-05-25,EMP02128,CC0061,PA,1,Hire,61907.13,CAD,CAN,2022-05-25 23:00:00,CORE_HR
EVT00032620,2022-05-27,EMP01905,CC0118,AS,4,Leave Return,,CAD,CA,2022-05-28 09:00:00,PAYROLL
EVT00032525,2022-05-15,EMP01338,CC0004,IT,1,Departure,,CAD,CA,2022-05-16 10:00:00,PAYROLL
EVT00032585,2022-05-08,EMP00405,CC0033,PA,3,Lateral Deployment,,CAD,CA,2022-05-08 20:00:00,PAYROLL
EVT00033348,2022-05-09,EMP00552,CC0057,IT,4,Step Increment,112085.22,CAD,CA,2022-05-09 13:00:00,PAYROLL
EVT00033572,2022-05-07,EMP03256,CC0053,PA,1,Leave Return,,CAD,CA,2022-05-08 15:00:00,PAYROLL
EVT00032958,2022-05-25,EMP04704,CC0050,FI,5,Leave Return,,CAD,CAN,2022-05-25 21:00:00,CORE_HR
EVT00031770,2022-05-12,EMP04796,CC0006,IT,1,Performance Pay,10361.5,CAD,CAN,2022-05-13 03:00:00,CORE_HR
EVT00033674,2022-05-02,EMP04142,CC0049,EX,2,Leave Start,,KES,KE,2022-05-03 03:00:00,PAYROLL
EVT00031965,2022-05-10,EMP01861,CC0048,IT,1,Leave Start,,CAD,CAN,2022-05-10 20:00:00,CORE_HR
EVT00032434,2022-05-05,EMP01993,CC0111,FI,2,Performance Pay,4039.85,EUR,FRA,2022-05-05 14:00:00,CORE_HR
EVT00033012,2022-05-24,EMP00218,CC0060,CR,1,Step Increment,46287.86,CAD,CAN,2022-05-24 07:00:00,CORE_HR
EVT00033008,2022-05-27,EMP00288,CC0100,CR,4,Step Increment,69946.2,CAD,CA,2022-05-27 19:00:00,PAYROLL
EVT00032112,2022-05-01,EMP04650,CC0111,PA,4,Lateral Deployment,,USD,USA,2022-05-01 06:00:00,CORE_HR
EVT00033557,2022-05-01,EMP02358,CC0118,PA,2,Performance Pay,3333.52,CAD,CA,2022-05-02 01:00:00,PAYROLL
EVT00033523,2022-05-20,EMP02215,CC0032,FI,1,Step Increment,70479.66,CAD,CA,2022-05-21 08:00:00,PAYROLL
EVT00032409,2022-05-07,EMP01722,CC0069,PA,1,Step Increment,66905.36,CAD,CA,2022-05-09 23:00:00,PAYROLL
EVT00032582,2022-05-01,EMP03849,CC0080,EN,1,Step Increment,8309817.5,JPY,JP,2022-05-02 15:00:00,PAYROLL
EVT00033276,2022-05-04,EMP02689,CC0120,AS,1,Departure,,CAD,CAN,2022-05-04 20:00:00,CORE_HR
EVT00033018,2022-05-09,EMP01430,CC0093,AS,2,Step Increment,63756.38,CAD,CAN,2022-05-09 09:00:00,CORE_HR
EVT00032224,2022-05-06,EMP03737,CC0089,CR,1,Departure,,CAD,CAN,2022-05-06 17:00:00,CORE_HR
EVT00033342,2022-05-21,EMP01580,CC0041,EC,1,Step Increment,76644.5,CAD,CAN,2022-05-21 06:00:00,CORE_HR
EVT00033646,2022-05-13,EMP02719,CC0114,EX,1,Leave Start,,CAD,CAN,2022-05-14 08:00:00,CORE_HR
EVT00033451,2022-05-07,EMP03938,CC0080,PA,1,Step Increment,37603.23,GBP,GBR,2022-05-08 09:00:00,CORE_HR
EVT00032199,2022-05-27,EMP03899,CC0011,PA,5,Leave Start,,CAD,CA,2022-05-27 14:00:00,PAYROLL
EVT00032380,2022-05-09,EMP03233,CC0101,FI,3,Step Increment,86030.37,CAD,CA,2022-05-09 14:00:00,PAYROLL
EVT00032273,2022-05-17,EMP01267,CC0012,EC,4,Lateral Deployment,,CAD,CAN,2022-05-17 20:00:00,CORE_HR
EVT00032229,2022-05-15,EMP03733,CC0003,CR,1,Step Increment,51760.81,CAD,CA,2022-05-16 11:00:00,PAYROLL
EVT00033641,2022-05-07,EMP00592,CC0051,CR,3,Step Increment,60918.02,CAD,CAN,2022-05-07 10:00:00,CORE_HR
EVT00033549,2022-05-04,EMP01324,CC0060,EC,4,Leave Start,,CAD,CA,2022-05-05 08:00:00,PAYROLL
EVT00031861,2022-05-11,EMP04528,CC0012,EC,2,Performance Pay,5801.41,CAD,CA,2022-05-14 05:00:00,PAYROLL
EVT00031936,2022-05-07,EMP04899,CC0086,PA,2,Step Increment,7335402.54,JPY,JPN,2022-05-08 04:00:00,CORE_HR
EVT00032779,2022-05-14,EMP00777,CC0035,PA,4,Departure,,CAD,CAN,2022-05-14 06:00:00,CORE_HR
EVT00033746,2022-05-03,EMP04566,CC0045,FI,3,Hire,102480.61,CAD,CAN,2022-05-04 09:00:00,CORE_HR
EVT00033113,2022-05-25,EMP01800,CC0006,PA,1,Performance Pay,3323.74,CAD,CA,2022-05-26 15:00:00,PAYROLL
EVT00032696,2022-05-07,EMP00214,CC0057,EC,3,Step Increment,89351.38,CAD,CAN,2022-05-08 03:00:00,CORE_HR
EVT00032802,2022-05-03,EMP00625,CC0027,PA,1,Lateral Deployment,,CAD,CA,2022-05-04 04:00:00,PAYROLL
EVT00032914,2022-05-20,EMP01559,CC0071,AS,3,Performance Pay,2963.97,CAD,CA,2022-05-20 15:00:00,PAYROLL
EVT00032979,2022-05-20,EMP02128,CC0061,PA,1,Step Increment,65862.22,CAD,CA,2022-05-20 20:00:00,PAYROLL
EVT00031810,2022-05-20,EMP02367,CC0109,IT,2,Hire,89481.53,CAD,CAN,2022-05-20 11:00:00,CORE_HR
EVT00031811,2022-05-02,EMP00625,CC0027,PA,1,Departure,,CAD,CAN,2022-05-03 12:00:00,CORE_HR
EVT00031775,2022-05-03,EMP04546,CC0001,CR,5,Leave Start,,CAD,CA,2022-05-04 15:00:00,PAYROLL
EVT00033744,2022-05-12,EMP01943,CC0058,EN,2,Step Increment,94579.99,CAD,CAN,2022-05-13 04:00:00,CORE_HR
EVT00032593,2022-05-12,EMP02694,CC0018,EN,3,Promotion,104729.3,CAD,CAN,2022-05-12 14:00:00,CORE_HR
EVT00033024,2022-05-22,EMP02421,CC0089,CR,2,Leave Return,,CAD,CA,2022-05-23 07:00:00,PAYROLL
EVT00032618,2022-05-17,EMP03601,CC0026,CR,3,Performance Pay,6929.92,CAD,CAN,2022-05-18 15:00:00,CORE_HR
EVT00032938,2022-05-24,EMP00190,CC0103,EN,1,Step Increment,71254.94,CAD,CAN,2022-05-25 03:00:00,CORE_HR
EVT00033233,2022-05-15,EMP01526,CC0019,AS,2,Step Increment,64785.04,CAD,CA,2022-05-16 07:00:00,PAYROLL
EVT00033254,2022-05-01,EMP02340,CC0105,EX,3,Step Increment,117575.17,EUR,FR,2022-05-01 14:00:00,PAYROLL
EVT00032228,2022-05-24,EMP03644,CC0026,EX,2,Step Increment,157814.67,CAD,CA,2022-05-24 07:00:00,PAYROLL
EVT00033110,2022-05-07,EMP00888,CC0113,PA,2,Step Increment,77010.4,CAD,CAN,2022-05-07 22:00:00,CORE_HR
EVT00032498,2022-05-13,EMP01155,CC0081,FI,2,Lateral Deployment,,CAD,CA,2022-05-13 10:00:00,PAYROLL
EVT00033065,2022-05-14,EMP02065,CC0117,AS,1,Lateral Deployment,,CAD,CA,2022-05-15 05:00:00,PAYROLL
EVT00033355,2022-05-01,EMP00628,CC0069,EC,4,Leave Start,,CAD,CAN,2022-05-01 17:00:00,CORE_HR
EVT00031983,2022-05-07,EMP01219,CC0003,CR,2,Step Increment,55578.41,CAD,CAN,2022-05-08 00:00:00,CORE_HR
EVT00033608,2022-05-25,EMP04746,CC0070,EC,3,Lateral Deployment,,CAD,CA,2022-05-26 21:00:00,PAYROLL
EVT00033428,2022-05-02,EMP04070,CC0049,PA,1,Step Increment,34961.32,EUR,FRA,2022-05-02 18:00:00,CORE_HR
EVT00032583,2022-05-01,EMP04009,CC0035,EX,1,Leave Return,,CAD,CA,2022-05-02 04:00:00,PAYROLL
EVT00032899,2022-05-04,EMP02474,CC0110,IT,2,Performance Pay,6657.13,CAD,CAN,2022-05-05 11:00:00,CORE_HR
EVT00032321,2022-05-02,EMP03475,CC0047,EN,1,Departure,,CAD,CAN,2022-05-03 15:00:00,CORE_HR
EVT00032213,2022-05-04,EMP01780,CC0098,IT,4,Leave Return,,CAD,CAN,2022-05-05 06:00:00,CORE_HR
EVT00032746,2022-05-13,EMP03044,CC0031,EC,5,Step Increment,95427.33,EUR,FR,2022-05-14 00:00:00,PAYROLL
EVT00032827,2022-05-06,EMP00368,CC0068,FI,3,Step Increment,101046.78,CAD,CA,2022-05-06 12:00:00,PAYROLL
EVT00033045,2022-05-02,EMP01366,CC0026,PA,3,Step Increment,72132.84,CAD,CAN,2022-05-02 16:00:00,CORE_HR
EVT00033263,2022-05-08,EMP00124,CC0003,CR,4,Departure,,CAD,CA,2022-05-08 10:00:00,PAYROLL
EVT00032166,2022-05-04,EMP04577,CC0064,EC,2,Promotion,86481.53,CAD,CA,2022-05-04 17:00:00,PAYROLL
EVT00032078,2022-05-02,EMP04551,CC0108,PA,2,Step Increment,45503.21,GBP,GBR,2022-05-02 18:00:00,CORE_HR
EVT00032661,2022-05-09,EMP00429,CC0023,EC,1,Performance Pay,4183.01,CAD,CAN,2022-05-10 10:00:00,CORE_HR
EVT00033313,2022-05-06,EMP03855,CC0008,EN,1,Performance Pay,3787.46,CAD,CA,2022-05-06 07:00:00,PAYROLL
EVT00031894,2022-05-11,EMP00022,CC0064,EX,3,Leave Return,,CAD,CA,2022-05-12 04:00:00,PAYROLL
EVT00032133,2022-05-23,EMP01679,CC0111,PA,1,Leave Start,,EUR,FR,2022-05-23 14:00:00,PAYROLL
EVT00033477,2022-05-13,EMP00355,CC0096,IT,5,Departure,,CAD,CA,2022-05-14 00:00:00,PAYROLL
EVT00033151,2022-05-17,EMP03843,CC0049,EX,1,Lateral Deployment,,AUD,AUS,2022-05-18 15:00:00,CORE_HR
EVT00032927,2022-05-12,EMP04671,CC0050,IT,2,Performance Pay,6381.87,CAD,CAN,2022-05-16 10:00:00,CORE_HR
EVT00032123,2022-05-10,EMP02485,CC0074,EC,2,Promotion,46494.71,GBP,GB,2022-05-10 12:00:00,PAYROLL
EVT00033364,2022-05-10,EMP03927,CC0053,AS,3,Lateral Deployment,,CAD,CAN,2022-05-11 10:00:00,CORE_HR
EVT00032099,2022-05-06,EMP04901,CC0062,PA,1,Performance Pay,7564.46,CAD,CAN,2022-05-07 06:00:00,CORE_HR
EVT00033057,2022-05-06,EMP03230,CC0105,EX,1,Performance Pay,6454.38,GBP,GBR,2022-05-06 20:00:00,CORE_HR
EVT00033137,2022-05-05,EMP03964,CC0114,AS,2,Departure,,CAD,CAN,2022-05-06 00:00:00,CORE_HR
EVT00032196,2022-05-15,EMP00321,CC0087,CR,2,Leave Start,,CAD,CAN,2022-05-15 22:00:00,CORE_HR
EVT00032351,2022-05-10,EMP04900,CC0051,PA,3,Step Increment,81320.14,CAD,CA,2022-05-10 09:00:00,PAYROLL
EVT00033181,2022-05-26,EMP00196,CC0060,IT,5,Step Increment,124790.4,CAD,CAN,2022-05-26 12:00:00,CORE_HR
EVT00033226,2022-05-13,EMP04089,CC0062,CR,3,Step Increment,64424.91,CAD,CAN,2022-05-14 05:00:00,CORE_HR
EVT00032497,2022-05-19,EMP02856,CC0079,EN,4,Step Increment,116807.66,CAD,CA,2022-05-19 18:00:00,PAYROLL
EVT00033393,2022-05-06,EMP00632,CC0097,CR,4,Step Increment,69900.42,CAD,CA,2022-05-07 07:00:00,PAYROLL
EVT00032536,2022-05-08,EMP00803,CC0068,EX,1,Step Increment,120571.77,CAD,CAN,2022-05-08 10:00:00,CORE_HR
EVT00033044,2022-05-02,EMP00685,CC0046,IT,2,Step Increment,344377.44,BRL,BR,2022-05-02 09:00:00,PAYROLL
EVT00031820,2022-05-13,EMP04856,CC0082,CR,1,Performance Pay,4363.97,CAD,CA,2022-05-14 02:00:00,PAYROLL
EVT00032313,2022-05-11,EMP02322,CC0058,CR,2,Promotion,60839.21,CAD,CA,2022-05-11 21:00:00,PAYROLL
EVT00033710,2022-05-20,EMP01751,CC0066,AS,4,Performance Pay,4499.8,CAD,CAN,2022-05-20 07:00:00,CORE_HR
EVT00033273,2022-05-08,EMP01228,CC0074,IT,4,Step Increment,1525367.11,MXN,MX,2022-05-08 09:00:00,PAYROLL
EVT00033645,2022-05-20,EMP02501,CC0002,EN,2,Promotion,92484.77,CAD,CAN,2022-05-20 10:00:00,CORE_HR
EVT00033084,2022-05-26,EMP02872,CC0061,PA,3,Promotion,59918.89,CAD,CA,2022-05-27 05:00:00,PAYROLL
EVT00033423,2022-05-05,EMP03294,CC0055,EN,4,Leave Start,,CAD,CAN,2022-05-05 14:00:00,CORE_HR
EVT00032550,2022-05-22,EMP04590,CC0101,PA,2,Performance Pay,5363.45,CAD,CAN,2022-05-22 07:00:00,CORE_HR
EVT00032518,2022-05-07,EMP01450,CC0054,EC,1,Step Increment,51279.57,EUR,FR,2022-05-07 11:00:00,PAYROLL
EVT00032230,2022-05-08,EMP01758,CC0047,FI,1,Departure,,CAD,CAN,2022-05-08 15:00:00,CORE_HR
EVT00033612,2022-05-08,EMP03396,CC0030,FI,4,Departure,,INR,IND,2022-05-09 04:00:00,CORE_HR
EVT00033093,2022-05-23,EMP04198,CC0052,EN,1,Step Increment,89562.12,CAD,CA,2022-05-24 13:00:00,PAYROLL
EVT00032122,2022-05-03,EMP01905,CC0118,AS,4,Leave Start,,CAD,CAN,2022-05-03 12:00:00,CORE_HR
EVT00033241,2022-05-27,EMP04022,CC0014,PA,2,Step Increment,64072.52,CAD,CAN,2022-05-27 18:00:00,CORE_HR
EVT00032137,2022-05-19,EMP03244,CC0053,EC,1,Step Increment,74581.89,CAD,CA,2022-05-19 19:00:00,PAYROLL
EVT00033661,2022-05-12,EMP00333,CC0108,IT,3,Performance Pay,849599.08,JPY,JPN,2022-05-13 13:00:00,CORE_HR
EVT00032706,2022-05-21,EMP04990,CC0022,PA,3,Step Increment,84225.26,CAD,CA,2022-05-22 14:00:00,PAYROLL
EVT00031751,2022-05-14,EMP02111,CC0061,EC,1,Hire,79771.7,CAD,CAN,2022-05-14 06:00:00,CORE_HR
EVT00033317,2022-05-11,EMP04830,CC0093,IT,1,Step Increment,66046.3,CAD,CAN,2022-05-11 06:00:00,CORE_HR
EVT00033130,2022-05-05,EMP03840,CC0119,EN,1,Leave Start,,CAD,CAN,2022-05-05 22:00:00,CORE_HR
EVT00031835,2022-05-04,EMP01242,CC0114,EC,1,Leave Return,,CAD,CAN,2022-05-05 14:00:00,CORE_HR
EVT00033387,2022-05-06,EMP02422,CC0006,EX,1,Lateral Deployment,,CAD,CAN,2022-05-07 11:00:00,CORE_HR
EVT00032882,2022-05-03,EMP03987,CC0081,CR,1,Performance Pay,3560.54,CAD,CAN,2022-05-03 08:00:00,CORE_HR
EVT00031792,2022-05-20,EMP01093,CC0086,IT,3,Step Increment,150421.4,AUD,AU,2022-05-21 02:00:00,PAYROLL
EVT00033256,2022-05-06,EMP04801,CC0119,IT,1,Step Increment,75410.5,CAD,CA,2022-05-07 12:00:00,PAYROLL
EVT00032647,2022-05-10,EMP00196,CC0060,IT,5,Step Increment,119787.11,XXX,CA,2022-05-10 10:00:00,PAYROLL
EVT00032690,2022-05-23,EMP03233,CC0101,FI,3,Departure,,CAD,CA,2022-05-23 16:00:00,PAYROLL
EVT00033520,2022-05-19,EMP00161,CC0047,PA,1,Leave Start,,CAD,CA,2022-05-19 16:00:00,PAYROLL
EVT00032159,2022-05-16,EMP00476,CC0050,EC,2,Step Increment,70590.26,CAD,CA,2022-05-17 08:00:00,PAYROLL
EVT00032126,2022-05-03,EMP02653,CC0018,PA,5,Leave Return,,CAD,CAN,2022-05-03 09:00:00,CORE_HR
EVT00032602,2022-05-19,EMP00701,CC0068,CR,1,Leave Start,,CAD,CAN,2022-05-20 12:00:00,CORE_HR
EVT00032367,2022-05-06,EMP03671,CC0061,EN,1,Step Increment,86584.1,CAD,CAN,2022-05-07 02:00:00,CORE_HR
EVT00032807,2022-05-02,EMP04588,CC0072,EN,2,Lateral Deployment,,CAD,CA,2022-05-03 09:00:00,PAYROLL
EVT00033134,2022-05-11,EMP00185,CC0111,IT,2,Lateral Deployment,,USD,US,2022-05-12 06:00:00,PAYROLL
EVT00033563,2022-05-07,EMP02015,CC0002,IT,4,Hire,113851.37,CAD,CAN,2022-05-07 14:00:00,CORE_HR
EVT00031828,2022-05-21,EMP03919,CC0083,PA,4,Step Increment,81845.16,CAD,CAN,2022-05-22 01:00:00,CORE_HR
EVT00033225,2022-05-22,EMP04601,CC0030,CR,4,Leave Start,,EUR,FRA,2022-05-23 15:00:00,CORE_HR
EVT00032175,2022-05-01,EMP02418,CC0037,CR,1,Step Increment,51253.07,CAD,CAN,2022-05-01 09:00:00,CORE_HR
EVT00033614,2022-05-27,EMP01713,CC0040,PA,2,Leave Start,,CAD,CA,2022-05-28 15:00:00,PAYROLL
EVT00033446,2022-05-26,EMP04437,CC0071,EN,5,Leave Return,,CAD,CA,2022-05-26 10:00:00,PAYROLL
EVT00031758,2022-05-18,EMP03621,CC0099,CR,3,Departure,,CAD,CAN,2022-05-18 13:00:00,CORE_HR
EVT00031974,2022-05-13,EMP00349,CC0112,EC,3,Step Increment,107580.77,CAD,CA,2022-05-14 07:00:00,PAYROLL
EVT00032305,2022-05-17,EMP02809,CC0027,AS,2,Step Increment,61060.54,CAD,CAN,2022-05-17 06:00:00,CORE_HR
EVT00032527,2022-05-01,EMP03293,CC0048,FI,3,Step Increment,-115071.35,CAD,CA,2022-05-02 03:00:00,PAYROLL
EVT00033341,2022-05-09,EMP03054,CC0041,IT,5,Leave Start,,CAD,CAN,2022-05-10 04:00:00,CORE_HR
EVT00031991,2022-05-19,EMP01254,CC0051,IT,5,Lateral Deployment,,CAD,CAN,2022-05-19 07:00:00,CORE_HR
EVT00032430,2022-05-01,EMP03146,CC0008,IT,1,Step Increment,64625.28,CAD,CAN,2022-05-02 08:00:00,CORE_HR
EVT00033687,2022-05-11,EMP00650,CC0058,PA,5,Hire,99607.38,CAD,CA,2022-05-12 12:00:00,PAYROLL
EVT00032363,2022-05-23,EMP00268,CC0117,PA,2,Performance Pay,8660.04,CAD,CAN,2022-05-24 00:00:00,CORE_HR
EVT00032831,2022-05-23,EMP01545,CC0109,PA,4,Lateral Deployment,,CAD,CAN,2022-05-23 15:00:00,CORE_HR
EVT00032785,2022-05-17,EMP01655,CC0062,PA,1,Performance Pay,2682.95,CAD,CA,2022-05-18 15:00:00,PAYROLL
EVT00033654,2022-05-14,EMP01459,CC0051,PA,5,Leave Start,,CAD,CAN,2022-05-15 02:00:00,CORE_HR
EVT00031999,2022-05-21,EMP02666,CC0045,IT,3,Promotion,96809.39,CAD,CA,2022-05-22 00:00:00,PAYROLL
EVT00032423,2022-05-08,EMP03615,CC0078,CR,2,Departure,,CAD,CAN,2022-05-08 11:00:00,CORE_HR
EVT00032469,2022-05-14,EMP04668,CC0104,IT,4,Leave Return,,CAD,CAN,2022-05-15 02:00:00,CORE_HR
EVT00033604,2022-05-20,EMP02787,CC0055,PA,1,Lateral Deployment,,CAD,CA,2022-05-21 08:00:00,PAYROLL
EVT00032529,2022-05-10,EMP02859,CC0016,AS,1,Leave Start,,CAD,CA,2022-05-10 17:00:00,PAYROLL
EVT00031901,2022-05-09,EMP03779,CC0032,PA,3,Lateral Deployment,,CAD,CAN,2022-05-09 23:00:00,CORE_HR
EVT00033261,2022-05-27,EMP04734,CC0117,IT,1,Performance Pay,7636.21,CAD,CAN,2022-05-27 08:00:00,CORE_HR
EVT00032783,2022-05-24,EMP04849,CC0058,AS,3,Step Increment,58015.45,CAD,CA,2022-05-25 12:00:00,PAYROLL
EVT00032722,2022-05-13,EMP03439,CC0039,IT,3,Step Increment,102580.27,CAD,CAN,2022-05-13 19:00:00,CORE_HR
EVT00033473,2022-05-11,EMP03810,CC0038,FI,4,Leave Start,,CAD,CAN,2022-05-12 02:00:00,CORE_HR
EVT00032049,2022-05-15,EMP02557,CC0026,EX,2,Leave Return,,CAD,CA,2022-05-16 00:00:00,PAYROLL
EVT00031900,2022-05-05,EMP04314,CC0019,EN,1,Step Increment,85253.84,CAD,CAN,2022-05-06 06:00:00,CORE_HR
EVT00033723,2022-05-16,EMP03388,CC0083,EC,1,Leave Return,,CAD,CAN,2022-05-16 20:00:00,CORE_HR
EVT00033255,2022-05-13,EMP03371,CC0022,AS,2,Step Increment,62911.3,CAD,CAN,2022-05-14 10:00:00,CORE_HR
EVT00033112,2022-05-16,EMP03877,CC0036,PA,3,Step Increment,58695.12,CAD,CA,2022-05-17 11:00:00,PAYROLL
EVT00033746,2022-05-03,EMP04566,CC0045,FI,3,Hire,102480.61,CAD,CAN,2022-05-07 00:00:00,CORE_HR
EVT00032962,2022-05-16,EMP00749,CC0073,PA,3,Step Increment,72766.39,CAD,CAN,2022-05-17 04:00:00,CORE_HR
EVT00033499,2022-05-15,EMP04556,CC0099,PA,3,Performance Pay,9862.08,CAD,CAN,2022-05-15 11:00:00,CORE_HR
EVT00033427,2022-05-01,EMP04640,CC0110,PA,5,Performance Pay,7473.02,CAD,CAN,2022-05-02 14:00:00,CORE_HR
EVT00032050,2022-05-12,EMP04747,CC0018,PA,3,Hire,72668.35,CAD,CAN,2022-05-13 10:00:00,CORE_HR
EVT00031790,2022-05-13,EMP03883,CC0103,IT,2,Step Increment,96862.79,CAD,CAN,2022-05-14 02:00:00,CORE_HR
EVT00032496,2022-05-19,EMP04135,CC0029,EC,3,Performance Pay,7284.9,AUD,AU,2022-05-19 23:00:00,PAYROLL
EVT00032562,2022-05-27,EMP04792,CC0020,IT,2,Performance Pay,4071.4,CAD,CA,2022-05-28 10:00:00,PAYROLL
EVT00033157,2022-05-13,EMP02004,CC0062,EC,5,Performance Pay,13279.67,CAD,CA,2022-05-14 13:00:00,PAYROLL
EVT00031834,2022-05-12,EMP02955,CC0028,PA,1,Step Increment,59825.92,CAD,CAN,2022-05-13 06:00:00,CORE_HR
EVT00031767,2022-05-18,EMP99999,CC0065,EC,3,Leave Start,,SGD,SGP,2022-05-19 09:00:00,CORE_HR
EVT00033216,2022-05-12,EMP00634,CC0004,AS,2,Step Increment,48656.12,CAD,CA,2022-05-13 08:00:00,PAYROLL
EVT00033034,2022-05-25,EMP04886,CC0015,FI,2,Promotion,78528.14,CAD,CAN,2022-05-25 17:00:00,CORE_HR
EVT00032817,2022-05-18,EMP00233,CC0072,PA,2,Departure,,CAD,CAN,2022-05-19 00:00:00,CORE_HR
EVT00032505,2022-05-02,EMP01855,CC0092,PA,3,Promotion,82959.13,CAD,CA,2022-05-03 06:00:00,PAYROLL
EVT00033650,2022-05-20,EMP04351,CC0056,AS,1,Step Increment,55599.11,CAD,CA,2022-05-20 06:00:00,PAYROLL
EVT00032743,2022-05-03,EMP01875,CC0030,IT,3,Performance Pay,23442.6,BRL,BR,2022-05-03 23:00:00,PAYROLL
EVT00033448,2022-05-21,EMP02727,CC0104,PA,2,Step Increment,59678.79,CAD,CAN,2022-05-22 11:00:00,CORE_HR
EVT00033502,2022-05-27,EMP00970,CC0090,EN,1,Leave Start,,CAD,CA,2022-05-31 00:00:00,PAYROLL
EVT00032072,2022-05-06,EMP03585,CC0099,AS,2,Leave Start,,CAD,CA,2022-05-06 21:00:00,PAYROLL
EVT00032225,2022-05-02,EMP04515,CC0102,AS,2,Step Increment,61152.01,CAD,CA,2022-05-02 14:00:00,PAYROLL
EVT00032819,2022-05-27,EMP02486,CC0040,IT,1,Performance Pay,3425.59,CAD,CAN,2022-05-27 20:00:00,CORE_HR
EVT00032377,2022-05-22,EMP00761,CC0055,CR,2,Leave Return,,CAD,CAN,2022-05-23 15:00:00,CORE_HR
EVT00032441,2022-05-27,EMP01313,CC0069,IT,1,Lateral Deployment,,CAD,CA,2022-05-28 14:00:00,PAYROLL
EVT00032276,2022-05-25,EMP00394,CC0018,IT,3,Step Increment,77720.79,CAD,CAN,2022-05-28 16:00:00,CORE_HR
EVT00033400,2022-05-21,EMP04162,CC0062,IT,4,Departure,,CAD,CAN,2022-05-22 14:00:00,CORE_HR
EVT00032467,2022-05-09,EMP03502,CC0014,PA,2,Step Increment,67366.04,CAD,CA,2022-05-09 14:00:00,PAYROLL
EVT00032249,2022-05-02,EMP01350,CC0041,EN,4,Hire,120916.72,CAD,CAN,2022-05-02 10:00:00,CORE_HR
EVT00032219,2022-05-26,EMP02484,CC0089,EC,2,Step Increment,72499.46,CAD,CA,2022-05-26 14:00:00,PAYROLL
EVT00033541,2022-05-25,EMP01082,CC0005,FI,5,Leave Return,,CAD,CA,2022-05-26 06:00:00,PAYROLL
EVT00031913,2022-05-23,EMP04694,CC0064,CR,4,Leave Start,,CAD,CA,2022-05-23 17:00:00,PAYROLL
EVT00033331,2022-05-02,EMP01525,CC0050,FI,4,Step Increment,108336.99,CAD,CA,2022-05-03 02:00:00,PAYROLL
EVT00033071,2022-05-09,EMP01578,CC0078,IT,4,Step Increment,110478.97,CAD,CA,2022-05-09 10:00:00,PAYROLL
EVT00032440,2022-05-05,EMP04828,CC0097,IT,1,Departure,,CAD,CAN,2022-05-06 12:00:00,CORE_HR
EVT00032852,2022-05-13,EMP03347,CC0013,EN,4,Departure,,CAD,CAN,2022-05-13 10:00:00,CORE_HR
EVT00031903,2022-05-12,EMP04107,CC0095,IT,4,Hire,129446.77,CAD,CAN,2022-05-12 23:00:00,CORE_HR
EVT00032577,2022-05-05,EMP01464,CC0036,EX,1,Leave Return,,CAD,CAN,2022-05-05 17:00:00,CORE_HR
EVT00033558,2022-05-18,EMP00423,CC0077,EN,5,Step Increment,143328.42,CAD,CAN,2022-05-18 10:00:00,CORE_HR
EVT00032719,2022-05-16,EMP00182,CC0066,EN,2,Step Increment,103095.22,CAD,CA,2022-05-16 06:00:00,PAYROLL
EVT00031871,2022-05-07,EMP02565,CC0097,PA,5,Step Increment,94753.86,CAD,CAN,2022-05-07 12:00:00,CORE_HR
EVT00032053,2022-05-25,EMP00438,CC0108,EX,1,Leave Return,,JPY,JPN,2022-05-26 02:00:00,CORE_HR
EVT00033705,2022-05-18,EMP01976,CC0002,PA,2,Step Increment,67777.54,CAD,CA,2022-05-19 10:00:00,PAYROLL
EVT00033680,2022-05-02,EMP03779,CC0032,PA,3,Step Increment,63974.21,CAD,CAN,2022-05-02 10:00:00,CORE_HR
EVT00033180,2022-05-03,EMP00512,CC0026,PA,2,Leave Return,,CAD,CA,2022-05-03 15:00:00,PAYROLL
EVT00031719,2022-05-21,EMP00481,CC0083,EX,1,Hire,141498.71,CAD,CAN,2022-05-22 08:00:00,CORE_HR
EVT00032920,2022-05-02,EMP00985,CC0070,IT,1,Step Increment,80520.46,CAD,CAN,2022-05-02 06:00:00,CORE_HR
EVT00032574,2022-05-25,EMP04914,CC0037,PA,5,Step Increment,116561.73,CAD,CAN,2022-05-25 13:00:00,CORE_HR
EVT00033223,2022-05-01,EMP00822,CC0035,IT,3,Leave Start,,CAD,CAN,2022-05-02 08:00:00,CORE_HR
EVT00032915,2022-05-20,EMP00173,CC0084,PA,1,Promotion,61551.31,CAD,CA,2022-05-20 15:00:00,PAYROLL
EVT00033149,2022-05-22,EMP00962,CC0069,PA,3,Hire,76404.44,CAD,CAN,2022-05-23 09:00:00,CORE_HR
EVT00033510,2022-05-16,EMP04757,CC0036,EX,2,Leave Start,,CAD,CA,2022-05-16 18:00:00,PAYROLL
EVT00033023,2022-05-27,EMP00722,CC0035,IT,1,Step Increment,81027.04,CAD,CAN,2022-05-27 19:00:00,CORE_HR
EVT00032592,2022-05-04,EMP01553,CC0047,PA,3,Step Increment,83737.31,CAD,CA,2022-05-04 12:00:00,PAYROLL
EVT00032388,2022-05-11,EMP02920,CC0006,AS,3,Leave Return,,CAD,CAN,2022-05-11 23:00:00,CORE_HR
EVT00031836,2022-05-10,EMP01465,CC0044,EC,3,Step Increment,99651.61,CAD,CA,2022-05-11 14:00:00,PAYROLL
EVT00033636,2022-05-18,EMP00889,CC0005,EN,2,Step Increment,87636.86,CAD,CA,2022-05-19 08:00:00,PAYROLL
EVT00032038,2022-05-02,EMP00616,CC0016,EC,5,Step Increment,104111.16,CAD,CA,2022-05-03 02:00:00,PAYROLL
EVT00032020,2022-05-25,EMP00318,CC0037,AS,5,Leave Return,,CAD,CAN,2022-05-26 15:00:00,CORE_HR
EVT00032209,2022-05-11,EMP01786,CC0089,IT,1,Step Increment,73958.33,CAD,CA,2022-05-11 21:00:00,PAYROLL
EVT00033202,2022-05-05,EMP00788,CC0027,AS,5,Leave Start,,CAD,CAN,2022-05-06 02:00:00,CORE_HR
EVT00033095,2022-05-05,EMP02373,CC0078,AS,4,Performance Pay,7413.89,CAD,CA,2022-05-05 22:00:00,PAYROLL
EVT00032799,2022-05-09,EMP03447,CC0026,EC,1,Lateral Deployment,,CAD,CA,2022-05-10 03:00:00,PAYROLL
EVT00033417,2022-05-24,EMP02044,CC0014,EC,2,Performance Pay,5853.93,CAD,CA,2022-05-25 03:00:00,PAYROLL
EVT00032861,2022-05-02,EMP02926,CC0048,IT,3,Step Increment,97496.09,CAD,CAN,2022-05-02 13:00:00,CORE_HR
EVT00032114,2022-05-18,EMP02263,CC0023,CR,1,Promotion,53415.29,CAD,CAN,2022-05-19 03:00:00,CORE_HR
EVT00032642,2022-05-02,EMP02445,CC0111,EN,2,Leave Start,,EUR,FR,2022-05-02 15:00:00,PAYROLL
EVT00033003,2022-05-25,EMP02831,CC0090,AS,3,Promotion,67075.52,CAD,CAN,2022-05-25 13:00:00,CORE_HR
EVT00033013,2022-05-10,EMP03825,CC0120,CR,5,Leave Return,,CAD,CAN,2022-05-11 03:00:00,CORE_HR
EVT00033545,2022-05-09,EMP01228,CC0074,IT,4,Leave Start,,EUR,DE,2022-05-10 04:00:00,PAYROLL
EVT00033191,2022-05-07,EMP00985,CC0070,IT,1,Step Increment,58177.67,CAD,CAN,2022-05-07 10:00:00,CORE_HR
EVT00031952,2022-05-15,EMP02285,CC0109,CR,3,Performance Pay,5821.77,CAD,CA,2022-05-15 10:00:00,PAYROLL
EVT00032195,2022-05-16,EMP03542,CC0100,PA,3,Step Increment,82442.05,CAD,CAN,2022-05-16 17:00:00,CORE_HR
EVT00032933,2022-05-04,EMP03268,CC0096,CR,1,Lateral Deployment,,CAD,CAN,2022-05-04 08:00:00,CORE_HR
EVT00032039,2022-05-09,EMP02056,CC0071,EN,1,Leave Start,,CAD,CA,2022-05-09 21:00:00,PAYROLL
EVT00032436,2022-05-27,EMP04336,CC0050,AS,3,Departure,,CAD,CAN,2022-05-27 07:00:00,CORE_HR
EVT00031958,2022-05-22,EMP00490,CC0070,PA,2,Step Increment,70358.77,CAD,CA,2022-05-23 06:00:00,PAYROLL
EVT00033693,2022-05-03,EMP03115,CC0064,CR,3,Leave Start,,CAD,CAN,2022-05-03 11:00:00,CORE_HR
EVT00033673,2022-05-09,EMP00867,CC0016,IT,3,Step Increment,101932.65,CAD,CAN,2022-05-09 08:00:00,CORE_HR
EVT00031727,2022-05-10,EMP00909,CC0076,CR,2,Lateral Deployment,,CAD,CAN,2022-05-11 14:00:00,CORE_HR
EVT00033691,2022-05-10,EMP02450,CC0072,EX,2,Hire,161969.31,CAD,CA,2022-05-11 00:00:00,PAYROLL
EVT00031760,2022-05-16,EMP01472,CC0106,EN,1,Promotion,89193.22,CAD,CA,2022-05-17 11:00:00,PAYROLL
EVT00033544,2022-05-21,EMP00606,CC0027,PA,1,Hire,60165.57,CAD,CAN,2022-05-21 20:00:00,CORE_HR
EVT00032015,2022-05-02,EMP02733,CC0051,EX,1,Leave Return,,CAD,CAN,2022-05-02 22:00:00,CORE_HR
EVT00032691,2022-05-12,EMP04747,CC0018,PA,3,Hire,83068.71,CAD,CA,2022-05-12 20:00:00,PAYROLL
EVT00033605,2022-05-05,EMP04201,CC0050,CR,3,Leave Return,,CAD,CA,2022-05-06 08:00:00,PAYROLL
EVT00031975,2022-05-11,EMP02792,CC0032,AS,3,Step Increment,73731.77,CAD,CA,2022-05-12 12:00:00,PAYROLL
EVT00032916,2022-05-14,EMP01537,CC0100,EN,1,Leave Return,,CAD,CAN,2022-05-15 08:00:00,CORE_HR
EVT00033001,2022-05-17,EMP03233,CC0101,FI,3,Promotion,99808.0,CAD,CA,2022-05-17 18:00:00,PAYROLL
EVT00032580,2022-05-11,EMP03058,CC0098,AS,2,Hire,63959.49,CAD,CA,2022-05-12 04:00:00,PAYROLL
EVT00033232,2022-05-27,EMP03254,CC0046,EX,3,Step Increment,131089.24,USD,USA,2022-05-29 16:00:00,CORE_HR
EVT00032194,2022-05-08,EMP03240,CC0055,PA,5,Step Increment,104609.01,CAD,CA,2022-05-08 10:00:00,PAYROLL
EVT00032335,2022-05-05,EMP00777,CC0035,PA,4,Performance Pay,10570.07,CAD,CA,2022-05-05 15:00:00,PAYROLL
EVT00032921,2022-05-07,EMP01953,CC0056,AS,4,Performance Pay,5925.85,CAD,CA,2022-05-07 09:00:00,PAYROLL
EVT00032862,2022-05-15,EMP03028,CC0005,PA,3,Step Increment,79829.52,CAD,CAN,2022-05-15 10:00:00,CORE_HR
EVT00032016,2022-05-22,EMP01448,CC0033,EX,1,Lateral Deployment,,CAD,CA,2022-05-23 02:00:00,PAYROLL
EVT00033745,2022-05-21,EMP02530,CC0030,PA,1,Performance Pay,219251.89,INR,IN,2022-05-22 11:00:00,PAYROLL
EVT00032795,2022-05-09,EMP00252,CC0058,FI,4,Step Increment,113455.24,CAD,CA,2022-05-10 06:00:00,PAYROLL
EVT00032069,2022-05-26,EMP02140,CC0053,FI,4,Step Increment,98059.9,CAD,CAN,2022-05-27 02:00:00,CORE_HR
EVT00032994,2022-05-23,EMP02062,CC0037,PA,1,Hire,60445.78,CAD,CAN,2022-05-24 03:00:00,CORE_HR
EVT00032612,2022-05-27,EMP03737,CC0089,CR,1,Step Increment,51575.9,CAD,CA,2022-05-28 07:00:00,PAYROLL
EVT00033326,2022-05-08,EMP04618,CC0095,EC,1,Leave Start,,CAD,CAN,2022-05-08 20:00:00,CORE_HR
EVT00032374,2022-05-17,EMP02445,CC0111,EN,2,Leave Start,,MXN,MX,2022-05-17 19:00:00,PAYROLL
EVT00032477,2022-05-01,EMP02422,CC0006,EX,1,Step Increment,129825.62,CAD,CA,2022-05-01 20:00:00,PAYROLL
EVT00032984,2022-05-17,EMP01232,CC0068,PA,2,Step Increment,71741.28,CAD,CAN,2022-05-17 18:00:00,CORE_HR
EVT00032767,2022-05-20,EMP04230,CC0050,PA,4,Step Increment,88856.64,CAD,CA,2022-05-20 17:00:00,PAYROLL
EVT00033009,2022-05-07,EMP00991,CC0017,EN,1,Step Increment,83917.77,CAD,CAN,2022-05-07 08:00:00,CORE_HR
EVT00033245,2022-05-05,EMP01364,CC0080,CR,4,Lateral Deployment,,USD,USA,2022-05-06 04:00:00,CORE_HR
EVT00032663,2022-05-23,EMP00859,CC0080,PA,1,Leave Return,,EUR,FRA,2022-05-23 16:00:00,CORE_HR
EVT00031826,2022-05-22,EMP03529,CC0080,EC,4,Leave Start,,BRL,BRA,2022-05-23 13:00:00,CORE_HR
EVT00033457,2022-05-01,EMP01193,CC0054,CR,5,Departure,,EUR,FRA,2022-05-02 07:00:00,CORE_HR
EVT00032391,2022-05-13,EMP00914,CC0081,PA,3,Leave Return,,CAD,CA,2022-05-13 09:00:00,PAYROLL
EVT00032361,2022-05-05,EMP04404,CC0109,EC,4,Leave Start,,CAD,CAN,2022-05-06 10:00:00,CORE_HR
EVT00033383,2022-05-03,EMP03864,CC0041,IT,3,Lateral Deployment,,CAD,CA,2022-05-04 03:00:00,PAYROLL
EVT00033351,2022-05-24,EMP00653,CC0006,AS,3,Hire,69258.0,CAD,CA,2022-05-24 21:00:00,PAYROLL
EVT00032162,2022-05-17,EMP00314,CC0083,PA,3,Step Increment,76022.11,CAD,CAN,2022-05-18 03:00:00,CORE_HR
EVT00032634,2022-05-03,EMP00682,CC0081,IT,3,Departure,,CAD,CA,2022-05-03 20:00:00,PAYROLL
EVT00033498,2022-05-08,EMP02144,CC0104,EN,2,Leave Return,,CAD,CAN,2022-05-09 13:00:00,CORE_HR
EVT00032797,2022-05-15,EMP02046,CC0077,IT,5,Hire,124697.27,CAD,CAN,2022-05-15 11:00:00,CORE_HR
EVT00032215,2022-05-14,EMP02330,CC0044,EN,4,Step Increment,92075.11,CAD,CAN,2022-05-15 10:00:00,CORE_HR
EVT00032894,2022-05-12,EMP00283,CC0013,EC,3,Performance Pay,7991.86,CAD,CAN,2022-05-13 03:00:00,CORE_HR
EVT00033292,2022-05-25,EMP03184,CC0070,IT,2,Performance Pay,12196.31,CAD,CAN,2022-05-25 11:00:00,CORE_HR
EVT00032168,2022-05-13,EMP04596,CC0057,FI,3,Leave Start,,CAD,CA,2022-05-14 13:00:00,PAYROLL
EVT00032274,2022-05-10,EMP03790,CC0031,PA,4,Performance Pay,4555.73,EUR,FRA,2022-05-10 19:00:00,CORE_HR
EVT00032043,2022-05-02,EMP00247,CC0087,FI,3,Promotion,98295.45,CAD,CA,2022-05-03 08:00:00,PAYROLL
EVT00032471,2022-05-26,EMP01008,CC0061,FI,2,Step Increment,80249.86,CAD,CA,2022-05-26 17:00:00,PAYROLL
EVT00033463,2022-05-22,EMP04390,CC0074,IT,1,Leave Return,,USD,USA,2022-05-22 19:00:00,CORE_HR
EVT00033584,2022-05-26,EMP01054,CC0088,AS,2,Step Increment,6921144.86,JPY,JPN,2022-05-26 23:00:00,CORE_HR
EVT00031782,2022-05-05,EMP02217,CC0060,IT,3,Step Increment,113649.39,CAD,CAN,2022-05-05 20:00:00,CORE_HR
EVT00033155,2022-05-13,EMP01500,CC0044,IT,2,Step Increment,89977.66,CAD,CA,2022-05-13 12:00:00,PAYROLL
EVT00032105,2022-05-26,EMP00106,CC0018,PA,1,Departure,,CAD,CAN,2022-05-26 18:00:00,CORE_HR
EVT00033651,2022-05-11,EMP02640,CC0115,PA,1,Leave Start,,CAD,CA,2022-05-12 11:00:00,PAYROLL
EVT00032385,2022-05-11,EMP04598,CC0037,IT,2,Performance Pay,5849.08,CAD,CAN,2022-05-12 15:00:00,CORE_HR
EVT00032846,2022-05-02,EMP03802,CC0119,AS,2,Leave Start,,CAD,CAN,2022-05-03 02:00:00,CORE_HR
EVT00033682,2022-05-02,EMP03148,CC0021,AS,1,Departure,,CAD,CAN,2022-05-02 22:00:00,CORE_HR
EVT00033697,2022-05-10,EMP00507,CC0108,EC,1,Leave Return,,JPY,JPN,2022-05-11 02:00:00,CORE_HR
EVT00033713,2022-05-19,EMP00933,CC0053,PA,2,Step Increment,64608.98,CAD,CAN,2022-05-20 04:00:00,CORE_HR
EVT00031993,2022-05-21,EMP01244,CC0023,PA,3,Step Increment,86317.5,CAD,CA,2022-05-21 19:00:00,PAYROLL
EVT00033127,2022-05-12,EMP02005,CC0044,IT,3,Lateral Deployment,,CAD,CA,2022-05-12 13:00:00,PAYROLL
EVT00032878,2022-05-04,EMP03991,CC0035,PA,1,Step Increment,61995.99,CAD,CAN,2022-05-05 05:00:00,CORE_HR
EVT00033214,2022-05-24,EMP01235,CC0114,EX,2,Promotion,174218.1,CAD,CAN,2022-05-25 08:00:00,CORE_HR
EVT00033386,2022-05-08,EMP00764,CC0026,PA,1,Step Increment,52916.98,CAD,CAN,2022-05-08 08:00:00,CORE_HR
EVT00032733,2022-05-21,EMP01110,CC0091,AS,3,Hire,65693.34,CAD,CAN,2022-05-21 21:00:00,CORE_HR
EVT00033322,2022-05-24,EMP03850,CC0024,PA,3,Step Increment,71944.91,CAD,CA,2022-05-25 02:00:00,PAYROLL
EVT00032130,2022-05-25,EMP04979,CC0048,IT,2,Performance Pay,10801.59,CAD,CA,2022-05-25 17:00:00,PAYROLL
EVT00033486,2022-05-15,EMP01129,CC0028,CR,2,Leave Return,,CAD,CAN,2022-05-16 10:00:00,CORE_HR
EVT00033737,2022-05-23,EMP00765,CC0113,AS,1,Promotion,55352.71,CAD,CAN,2022-05-23 12:00:00,CORE_HR
EVT00032704,2022-05-13,EMP01905,CC0118,AS,4,Step Increment,84229.92,CAD,CA,2022-05-14 04:00:00,PAYROLL
EVT00033469,2022-05-04,EMP01732,CC0072,EC,3,Leave Return,,CAD,CA,2022-05-05 09:00:00,PAYROLL
EVT00033083,2022-05-17,EMP02357,CC0028,AS,2,Step Increment,59414.76,CAD,CA,2022-05-18 12:00:00,PAYROLL
EVT00031801,2022-05-16,EMP03353,CC0070,FI,3,Step Increment,85617.59,CAD,CAN,2022-05-16 17:00:00,CORE_HR
EVT00032883,2022-05-05,EMP03993,CC0034,EN,2,Leave Return,,CAD,CAN,2022-05-06 01:00:00,CORE_HR
EVT00033381,2022-05-09,EMP04872,CC0070,EC,3,Lateral Deployment,,CAD,CAN,2022-05-09 12:00:00,CORE_HR
EVT00032466,2022-05-09,EMP04170,CC0053,PA,1,Performance Pay,4324.82,CAD,CA,2022-05-09 17:00:00,PAYROLL
EVT00031966,2022-05-02,EMP04557,CC0102,PA,4,Leave Start,,CAD,CAN,2022-05-02 21:00:00,CORE_HR
EVT00032709,2022-05-13,EMP01791,CC0045,PA,2,Departure,,CAD,CA,2022-05-14 02:00:00,PAYROLL
EVT00032323,2022-05-09,EMP02234,CC0022,EN,5,Hire,142136.24,CAD,CAN,2022-05-10 04:00:00,CORE_HR
EVT00032251,2022-05-20,EMP01455,CC0116,AS,5,Leave Return,,CAD,CA,2022-05-20 14:00:00,PAYROLL
EVT00033534,2022-05-15,EMP04588,CC0072,EN,2,Leave Start,,CAD,CAN,2022-05-15 13:00:00,CORE_HR
EVT00032789,2022-05-22,EMP01587,CC0104,PA,3,Leave Return,,CAD,CAN,2022-05-23 00:00:00,CORE_HR
EVT00033297,2022-05-10,EMP04111,CC0064,CR,1,Step Increment,54141.3,CAD,CA,2022-05-11 14:00:00,PAYROLL
EVT00032881,2022-05-12,EMP01191,CC0031,EC,1,Step Increment,8589925.95,KES,KEN,2022-05-13 07:00:00,CORE_HR
EVT00033373,2022-05-15,EMP01006,CC0036,EC,2,Leave Return,,CAD,CAN,2022-05-15 15:00:00,CORE_HR
EVT00031943,2022-05-20,EMP02062,CC0037,PA,1,Lateral Deployment,,CAD,CAN,2022-05-21 04:00:00,CORE_HR
EVT00032068,2022-05-22,EMP01977,CC0023,IT,2,Leave Return,,CAD,CA,2022-05-22 18:00:00,PAYROLL
EVT00032450,2022-05-16,EMP03495,CC0082,EN,3,Departure,,CAD,CAN,2022-05-16 19:00:00,CORE_HR
EVT00032821,2022-05-16,EMP01538,CC0115,PA,2,Lateral Deployment,,CAD,CAN,2022-05-17 10:00:00,CORE_HR
EVT00031866,2022-05-25,EMP04970,CC0008,CR,1,Leave Return,,CAD,CA,2022-05-25 14:00:00,PAYROLL
EVT00032402,2022-05-01,EMP04586,CC0073,FI,4,Departure,,CAD,CAN,2022-05-01 10:00:00,CORE_HR
EVT00032941,2022-05-01,EMP99999,CC0118,IT,2,Step Increment,100535.13,CAD,CAN,2022-05-02 07:00:00,CORE_HR
EVT00032173,2022-05-27,EMP04084,CC0003,EC,2,Departure,,CAD,CAN,2022-05-27 11:00:00,CORE_HR
EVT00031878,2022-05-14,EMP02129,CC0090,EC,3,Performance Pay,9437.63,CAD,CAN,2022-05-15 06:00:00,CORE_HR
EVT00033366,2022-05-04,EMP03945,CC0116,PA,3,Departure,,CAD,CA,2022-05-05 00:00:00,PAYROLL
EVT00033719,2022-05-12,EMP00037,CC0038,PA,1,Step Increment,57582.99,CAD,CAN,2022-05-12 16:00:00,CORE_HR
EVT00032362,2022-05-23,EMP04920,CC0086,PA,2,Performance Pay,93267.63,MXN,MEX,2022-05-23 13:00:00,CORE_HR
EVT00033504,2022-05-25,EMP01776,CC0065,EC,2,Performance Pay,6707.01,EUR,FR,2022-05-26 09:00:00,PAYROLL
EVT00032615,2022-05-06,EMP02000,CC0112,PA,2,Lateral Deployment,,CAD,CAN,2022-05-06 15:00:00,CORE_HR
EVT00032830,2022-05-21,EMP01926,CC0010,EC,2,Hire,78155.69,CAD,CA,2022-05-22 11:00:00,PAYROLL
EVT00033232,2022-05-27,EMP03254,CC0046,EX,3,Step Increment,131089.24,USD,USA,2022-05-28 08:00:00,CORE_HR
EVT00033411,2022-05-04,EMP04329,CC0024,PA,1,Step Increment,48200.86,CAD,CAN,2022-05-07 21:00:00,CORE_HR
EVT00032900,2022-05-21,EMP03843,CC0049,EX,1,Step Increment,78621.66,GBP,GB,2022-05-21 14:00:00,PAYROLL
EVT00032887,2022-05-18,EMP01814,CC0119,EX,1,Hire,142878.77,CAD,CA,2022-05-18 22:00:00,PAYROLL
EVT00033643,2022-05-27,EMP03136,CC0031,EN,1,Step Increment,76768.96,SGD,SGP,2022-05-28 01:00:00,CORE_HR
EVT00033724,2022-05-01,EMP00824,CC0001,IT,4,Step Increment,124136.44,CAD,CA,2022-05-02 04:00:00,PAYROLL
EVT00032631,2022-05-24,EMP02737,CC0004,AS,2,Performance Pay,5812.02,CAD,CAN,2022-05-25 01:00:00,CORE_HR
EVT00032014,2022-05-22,EMP00493,CC0034,PA,5,Step Increment,100868.89,CAD,CAN,2022-05-22 19:00:00,CORE_HR
EVT00033081,2022-05-23,EMP04074,CC0054,PA,5,Step Increment,224224.98,AED,AE,2022-05-23 09:00:00,PAYROLL
EVT00032167,2022-05-02,EMP03328,CC0066,IT,1,Leave Start,,CAD,CAN,2022-05-02 14:00:00,CORE_HR
EVT00032405,2022-05-20,EMP03671,CC0061,EN,1,Step Increment,76142.29,CAD,CA,2022-05-21 13:00:00,PAYROLL
EVT00032447,2022-05-27,EMP01317,CC0079,PA,5,Promotion,98717.59,CAD,CA,2022-05-27 09:00:00,PAYROLL
EVT00033141,2022-05-03,EMP01649,CC0091,EN,3,Promotion,107575.85,CAD,CAN,2022-05-03 09:00:00,CORE_HR
EVT00033164,2022-05-01,EMP01203,CC0120,EC,1,Step Increment,74788.01,CAD,CA,2022-05-01 15:00:00,PAYROLL
EVT00032064,2022-05-26,EMP02958,CC0070,PA,5,Promotion,93355.65,CAD,CAN,2022-05-26 08:00:00,CORE_HR
EVT00032309,2022-05-21,EMP00523,CC0098,FI,3,Hire,88383.7,CAD,CAN,2022-05-22 07:00:00,CORE_HR
EVT00031918,2022-05-26,EMP04051,CC0024,CR,3,Step Increment,59878.43,CAD,CA,2022-05-27 04:00:00,PAYROLL
EVT00031869,2022-05-09,EMP03513,CC0084,EN,3,Lateral Deployment,,CAD,CAN,2022-05-09 09:00:00,CORE_HR
EVT00033294,2022-05-21,EMP04236,CC0080,IT,2,Step Increment,336988.92,BRL,BR,2022-05-21 21:00:00,PAYROLL
EVT00032495,2022-05-01,EMP04689,CC0044,FI,4,Step Increment,111892.06,CAD,CAN,2022-05-03 07:00:00,CORE_HR
EVT00033349,2022-05-16,EMP02611,CC0026,FI,2,Performance Pay,5096.53,CAD,CAN,2022-05-17 12:00:00,CORE_HR
EVT00032884,2022-05-27,EMP03465,CC0052,FI,3,Promotion,86538.44,CAD,CAN,2022-05-28 03:00:00,CORE_HR
EVT00032024,2022-05-22,EMP03972,CC0076,EX,2,Step Increment,138661.86,CAD,CAN,2022-05-22 20:00:00,CORE_HR
EVT00031762,2022-05-09,EMP04729,CC0086,EC,3,Step Increment,10842164.55,JPY,JPN,2022-05-09 21:00:00,CORE_HR
EVT00033218,2022-05-08,EMP00435,CC0001,EX,1,Step Increment,132089.26,CAD,CA,2022-05-09 12:00:00,PAYROLL
EVT00031844,2022-05-11,EMP99999,CC0049,AS,5,Performance Pay,43007.65,MXN,MEX,2022-05-11 08:00:00,CORE_HR
EVT00033531,2022-05-22,EMP00296,CC0081,CR,3,Performance Pay,5194.49,CAD,CA,2022-05-23 01:00:00,PAYROLL
EVT00032286,2022-05-03,EMP02785,CC0082,PA,5,Lateral Deployment,,CAD,CA,2022-05-04 03:00:00,PAYROLL
EVT00032080,2022-05-09,EMP04853,CC0117,PA,1,Step Increment,55503.88,CAD,CA,2022-05-10 15:00:00,PAYROLL
EVT00033085,2022-05-14,EMP00124,CC0003,CR,4,Departure,,CAD,CAN,2022-05-14 16:00:00,CORE_HR
EVT00033716,2022-05-21,EMP00997,CC0061,EX,1,Performance Pay,15455.36,CAD,CA,2022-05-21 22:00:00,PAYROLL
EVT00031787,2022-05-09,EMP01853,CC0009,EN,1,Step Increment,235963.99,AED,AE,2022-05-09 09:00:00,PAYROLL
EVT00032205,2022-05-18,EMP04674,CC0071,PA,4,Leave Start,,CAD,CA,2022-05-18 21:00:00,PAYROLL
EVT00032513,2022-05-06,EMP02770,CC0013,IT,1,Performance Pay,11156.07,CAD,CAN,2022-05-07 11:00:00,CORE_HR
EVT00032179,2022-05-14,EMP03270,CC0113,PA,1,Leave Start,,CAD,CA,2022-05-15 06:00:00,PAYROLL
EVT00032124,2022-05-22,EMP04042,CC0075,PA,4,Step Increment,80931.71,CAD,CA,2022-05-22 16:00:00,PAYROLL
EVT00032355,2022-05-25,EMP04378,CC0103,EX,1,Hire,121434.49,CAD,CAN,2022-05-26 00:00:00,CORE_HR
EVT00033439,2022-05-22,EMP00799,CC0090,PA,4,Performance Pay,7041.43,CAD,CA,2022-05-23 13:00:00,PAYROLL
EVT00033689,2022-05-26,EMP03389,CC0041,CR,3,Step Increment,67380.71,CAD,CAN,2022-05-27 07:00:00,CORE_HR
EVT00032610,2022-05-25,EMP01209,CC0050,FI,3,Step Increment,91975.39,CAD,CA,2022-05-25 20:00:00,PAYROLL
EVT00033495,2022-05-08,EMP01234,CC0077,CR,5,Step Increment,71897.46,CAD,CAN,2022-05-08 18:00:00,CORE_HR
EVT00031845,2022-05-01,EMP01884,CC0117,FI,3,Step Increment,72190.5,CAD,CA,2022-05-02 06:00:00,PAYROLL
EVT00033339,2022-05-10,EMP03727,CC0084,CR,2,Hire,61716.5,CAD,CAN,2022-05-14 00:00:00,CORE_HR
EVT00033030,2022-05-18,EMP04576,CC0051,PA,5,Departure,,CAD,CAN,2022-05-18 22:00:00,CORE_HR
EVT00032528,2022-05-08,EMP03005,CC0028,IT,1,Step Increment,85051.45,CAD,CAN,2022-05-09 03:00:00,CORE_HR
EVT00032297,2022-05-14,EMP02940,CC0051,PA,3,Promotion,87184.03,CAD,CA,2022-05-14 19:00:00,PAYROLL
EVT00031851,2022-05-06,EMP00127,CC0047,PA,1,Step Increment,57559.48,CAD,CAN,2022-05-07 05:00:00,CORE_HR
EVT00032387,2022-05-09,EMP00646,CC0065,EN,2,Performance Pay,95299.19,MXN,MX,2022-05-10 01:00:00,PAYROLL
EVT00032680,2022-05-03,EMP02723,CC0022,AS,4,Promotion,59822.65,CAD,CA,2022-05-04 01:00:00,PAYROLL
EVT00033053,2022-05-13,EMP03600,CC0049,AS,2,Performance Pay,250222.48,INR,IND,2022-05-13 21:00:00,CORE_HR
EVT00031941,2022-05-15,EMP02701,CC0020,IT,3,Step Increment,109956.15,CAD,CAN,2022-05-15 23:00:00,CORE_HR
EVT00031802,2022-05-27,EMP00302,CC0096,EN,3,Lateral Deployment,,CAD,CA,2022-05-27 16:00:00,PAYROLL
EVT00033573,2022-05-15,EMP01723,CC0018,EN,1,Promotion,81689.77,CAD,CA,2022-05-15 12:00:00,PAYROLL
EVT00033743,2022-05-23,EMP01129,CC0028,CR,2,Leave Return,,CAD,CAN,2022-05-24 04:00:00,CORE_HR
EVT00031989,2022-05-14,EMP03297,CC0012,PA,2,Departure,,CAD,CA,2022-05-15 05:00:00,PAYROLL
EVT00032106,2022-05-15,EMP03736,CC0081,PA,4,Step Increment,65094.21,CAD,CAN,2022-05-16 13:00:00,CORE_HR
EVT00033067,2022-05-01,EMP03793,CC0049,IT,5,Step Increment,332219.07,AED,ARE,2022-05-02 06:00:00,CORE_HR
EVT00033266,2022-05-01,EMP03475,CC0047,EN,1,Leave Start,,CAD,CAN,2022-05-01 20:00:00,CORE_HR
EVT00033253,2022-05-03,EMP03646,CC0109,CR,3,Departure,,CAD,CA,2022-05-04 00:00:00,PAYROLL
EVT00033061,2022-05-04,EMP03728,CC0014,CR,2,Promotion,60397.38,CAD,CA,2022-05-05 02:00:00,PAYROLL
EVT00032314,2022-05-03,EMP03237,CC0035,EX,2,Leave Start,,CAD,CAN,2022-05-04 05:00:00,CORE_HR
EVT00032628,2022-05-22,EMP02175,CC0098,IT,2,Step Increment,96784.03,CAD,CA,2022-05-22 08:00:00,PAYROLL
EVT00031786,2022-05-18,EMP00112,CC0036,PA,3,Step Increment,74484.15,CAD,CAN,2022-05-19 13:00:00,CORE_HR
EVT00031825,2022-05-10,EMP02870,CC0015,CR,3,Leave Start,,CAD,CAN,2022-05-11 15:00:00,CORE_HR
EVT00032973,2022-05-15,EMP02295,CC0046,IT,1,Step Increment,198551.09,AED,ARE,2022-05-16 00:00:00,CORE_HR
EVT00032074,2022-05-12,EMP04837,CC0005,AS,5,Step Increment,72111.31,CAD,CA,2022-05-13 02:00:00,PAYROLL
EVT00032822,2022-05-14,EMP00181,CC0021,CR,3,Lateral Deployment,,CAD,CA,2022-05-14 11:00:00,PAYROLL
EVT00031755,2022-05-14,EMP02536,CC0039,IT,1,Lateral Deployment,,CAD,CA,2022-05-14 06:00:00,PAYROLL
EVT00033403,2022-05-08,EMP03420,CC0107,EC,1,Step Increment,70327.55,CAD,CAN,2022-05-08 10:00:00,CORE_HR
EVT00031990,2022-05-06,EMP02848,CC0016,PA,1,Step Increment,64105.08,CAD,CAN,2022-05-07 12:00:00,CORE_HR
EVT00031737,2022-05-20,EMP01382,CC0054,EX,3,Step Increment,134711.41,EUR,FRA,2022-05-21 08:00:00,CORE_HR
EVT00033408,2022-05-06,EMP02779,CC0118,PA,4,Performance Pay,7182.86,CAD,CAN,2022-05-06 19:00:00,CORE_HR
EVT00032729,2022-05-02,EMP01454,CC0041,AS,2,Leave Return,,CAD,CAN,2022-05-03 11:00:00,CORE_HR
EVT00031978,2022-05-14,EMP01333,CC0119,EC,3,Leave Return,,CAD,CAN,2022-05-14 14:00:00,CORE_HR
EVT00032558,2022-05-11,EMP04506,CC0021,IT,4,Promotion,114414.72,CAD,CAN,2022-05-12 06:00:00,CORE_HR
EVT00032910,2022-05-12,EMP04006,CC0069,CR,4,Step Increment,67695.39,CAD,CA,2022-05-12 15:00:00,PAYROLL
EVT00032723,2022-05-27,EMP03014,CC0091,PA,3,Step Increment,86517.7,CAD,CAN,2022-05-27 20:00:00,CORE_HR
EVT00033509,2022-05-26,EMP04313,CC0081,AS,1,Leave Return,,CAD,CAN,2022-05-27 08:00:00,CORE_HR
EVT00032070,2022-05-05,EMP04092,CC0092,EN,3,Lateral Deployment,,CAD,CAN,2022-05-05 14:00:00,CORE_HR
EVT00032207,2022-05-19,EMP01106,CC0003,IT,1,Promotion,79914.57,CAD,CAN,2022-05-19 11:00:00,CORE_HR
EVT00031955,2022-05-03,EMP02889,CC0067,FI,4,Leave Return,,CAD,CAN,2022-05-03 22:00:00,CORE_HR
EVT00032056,2022-05-24,EMP04733,CC0098,PA,1,Step Increment,59038.62,CAD,CA,2022-05-25 08:00:00,PAYROLL
EVT00032800,2022-05-23,EMP03795,CC0080,IT,2,Lateral Deployment,,SGD,SGP,2022-05-23 20:00:00,CORE_HR
EVT00031795,2022-05-06,EMP03306,CC0053,FI,1,Step Increment,68360.06,CAD,CAN,2022-05-06 19:00:00,CORE_HR
EVT00033301,2022-05-14,EMP04723,CC0013,IT,3,Step Increment,80055.46,CAD,CAN,2022-05-14 18:00:00,CORE_HR
EVT00032300,2022-05-10,EMP03526,CC0097,CR,1,Hire,50200.59,CAD,CAN,2022-05-11 14:00:00,CORE_HR
EVT00032317,2022-05-12,EMP03560,CC0112,IT,4,Hire,117565.01,CAD,CA,2022-05-12 21:00:00,PAYROLL
EVT00033692,2022-05-08,EMP03056,CC0041,EC,5,Leave Start,,CAD,CAN,2022-05-09 14:00:00,CORE_HR
EVT00032595,2022-05-22,EMP02575,CC0104,PA,3,Lateral Deployment,,CAD,CAN,2022-05-23 14:00:00,CORE_HR
EVT00033176,2022-05-04,EMP00978,CC0117,FI,3,Hire,86112.23,CAD,CAN,2022-05-04 17:00:00,CORE_HR
EVT00032316,2022-05-08,EMP00782,CC0019,EC,1,Departure,,CAD,CA,2022-05-08 06:00:00,PAYROLL
EVT00031784,2022-05-23,EMP03233,CC0101,FI,3,Hire,96696.76,CAD,CAN,2022-05-23 07:00:00,CORE_HR
EVT00032909,2022-05-25,EMP01226,CC0047,EC,4,Lateral Deployment,,CAD,CAN,2022-05-25 17:00:00,CORE_HR
EVT00032233,2022-05-22,EMP00959,CC0073,AS,2,Lateral Deployment,,CAD,CAN,2022-05-22 18:00:00,CORE_HR
EVT00031837,2022-05-17,EMP03808,CC0087,AS,3,Lateral Deployment,,CAD,CA,2022-05-17 15:00:00,PAYROLL
EVT00033032,2022-05-07,EMP00976,CC0010,FI,3,Step Increment,93174.58,CAD,CA,2022-05-07 07:00:00,PAYROLL
EVT00032511,2022-05-05,EMP03349,CC0096,FI,2,Hire,79678.22,CAD,CA,2022-05-06 00:00:00,PAYROLL
EVT00033162,2022-05-21,EMP01165,CC0074,IT,5,Leave Start,,GBP,GBR,2022-05-21 11:00:00,CORE_HR
EVT00032344,2022-05-20,EMP00285,CC0046,EN,3,Leave Return,,AUD,AUS,2022-05-20 16:00:00,CORE_HR
EVT00031852,2022-05-04,EMP02707,CC0053,EC,2,Departure,,CAD,CA,2022-05-04 23:00:00,PAYROLL
EVT00033171,2022-05-17,EMP03459,CC0079,FI,3,Step Increment,98031.48,CAD,CAN,2022-05-17 15:00:00,CORE_HR
EVT00033501,2022-05-18,EMP01989,CC0021,IT,1,Leave Return,,CAD,CA,2022-05-18 14:00:00,PAYROLL
EVT00031715,2022-05-06,EMP00038,CC0101,PA,3,Leave Start,,CAD,CAN,2022-05-07 11:00:00,CORE_HR
EVT00031889,2022-05-23,EMP02264,CC0100,EN,4,Leave Return,,CAD,CA,2022-05-23 21:00:00,PAYROLL
EVT00032716,2022-05-17,EMP00619,CC0113,IT,1,Step Increment,84691.28,CAD,CAN,2022-05-17 11:00:00,CORE_HR
EVT00031748,2022-05-08,EMP02200,CC0029,EN,2,Step Increment,4932763.24,INR,IND,2022-05-09 03:00:00,CORE_HR
EVT00033139,2022-05-21,EMP03409,CC0086,CR,3,Lateral Deployment,,BRL,BR,2022-05-22 15:00:00,PAYROLL
EVT00033163,2022-05-07,EMP01024,CC0076,EN,1,Step Increment,82704.35,CAD,CA,2022-05-07 23:00:00,PAYROLL
EVT00032567,2022-05-26,EMP03021,CC0016,FI,1,Leave Start,,CAD,CA,2022-05-27 14:00:00,PAYROLL
EVT00033314,2022-05-18,EMP00707,CC0020,EN,2,Performance Pay,12025.1,CAD,CAN,2022-05-19 02:00:00,CORE_HR
EVT00033496,2022-05-25,EMP03803,CC0119,IT,3,Leave Start,,CAD,CAN,2022-05-26 13:00:00,CORE_HR
EVT00033298,2022-05-22,EMP04563,CC0014,EC,3,Performance Pay,11337.19,CAD,CAN,2022-05-22 18:00:00,CORE_HR
EVT00031768,2022-05-27,EMP03419,CC0103,PA,3,Step Increment,86560.58,CAD,CA,2022-05-27 06:00:00,PAYROLL
EVT00033575,2022-05-13,EMP00003,CC0008,EC,1,Leave Return,,CAD,CA,2022-05-13 15:00:00,PAYROLL
EVT00032452,2022-05-20,EMP04997,CC0033,FI,3,Hire,97317.44,CAD,CA,2022-05-20 18:00:00,PAYROLL
EVT00032204,2022-05-13,EMP03692,CC0081,EX,1,Performance Pay,9785.71,CAD,CAN,2022-05-14 11:00:00,CORE_HR
EVT00033459,2022-05-24,EMP04405,CC0091,IT,4,Leave Start,,CAD,CAN,2022-05-25 02:00:00,CORE_HR
EVT00033231,2022-05-05,EMP03910,CC0071,EN,1,Lateral Deployment,,CAD,CAN,2022-05-06 12:00:00,CORE_HR
EVT00032863,2022-05-13,EMP01287,CC0109,EC,2,Leave Start,,CAD,CAN,2022-05-14 15:00:00,CORE_HR
EVT00033395,2022-05-13,EMP01921,CC0009,IT,2,Departure,,BRL,BRA,2022-05-13 22:00:00,CORE_HR
EVT00032066,2022-05-06,EMP03988,CC0030,AS,2,Step Increment,78895.34,AUD,AUS,2022-05-06 14:00:00,CORE_HR
EVT00033372,2022-05-27,EMP02462,CC0063,AS,2,Step Increment,68871.32,CAD,CA,2022-05-27 09:00:00,PAYROLL
EVT00032949,2022-05-20,EMP01865,CC0061,EX,3,Hire,165478.48,CAD,CA,2022-05-20 11:00:00,PAYROLL
EVT00032757,2022-05-06,EMP01957,CC0096,AS,2,Departure,,CAD,CAN,2022-05-06 19:00:00,CORE_HR
EVT00033721,2022-05-15,EMP00488,CC0023,FI,1,Lateral Deployment,,CAD,CAN,2022-05-16 09:00:00,CORE_HR
EVT00032966,1900-01-01,EMP00159,CC0076,PA,1,Step Increment,56142.22,CAD,CA,2022-05-21 08:00:00,PAYROLL
EVT00033700,2022-05-01,EMP02776,CC0005,IT,2,Promotion,88976.14,CAD,CA,2022-05-01 14:00:00,PAYROLL
EVT00033698,2022-05-15,EMP01273,CC0113,AS,4,Leave Return,,CAD,CA,2022-05-16 10:00:00,PAYROLL
EVT00032152,2022-05-11,EMP00735,CC0045,IT,2,Lateral Deployment,,CAD,CA,2022-05-11 17:00:00,PAYROLL
EVT00032259,2022-05-02,EMP01447,CC0092,EC,5,Step Increment,123248.81,CAD,CAN,2022-05-03 04:00:00,CORE_HR
EVT00032858,2022-05-16,EMP04591,CC0099,EX,1,Lateral Deployment,,CAD,CA,2022-05-17 03:00:00,PAYROLL
EVT00031985,2022-05-04,EMP02577,CC0014,PA,3,Step Increment,75916.96,CAD,CAN,2022-05-05 00:00:00,CORE_HR
EVT00032061,2022-05-03,EMP03384,CC0040,AS,2,Step Increment,60487.59,CAD,CAN,2022-05-03 15:00:00,CORE_HR
EVT00032198,2022-05-05,EMP00804,CC0022,EX,2,Lateral Deployment,,CAD,CA,2022-05-05 09:00:00,PAYROLL
EVT00033319,2022-05-14,EMP04113,CC0108,FI,1,Lateral Deployment,,EUR,FRA,2022-05-15 05:00:00,CORE_HR
EVT00032032,2022-05-14,EMP02735,CC0097,PA,4,Leave Start,,CAD,CAN,2022-05-15 12:00:00,CORE_HR
EVT00033618,2022-05-12,EMP00959,CC0073,AS,2,Leave Return,,CAD,CAN,2022-05-12 14:00:00,CORE_HR
EVT00031995,2022-05-02,EMP04521,CC0086,EX,2,Hire,119580.07,EUR,DEU,2022-05-03 09:00:00,CORE_HR
EVT00033166,2022-05-12,EMP00379,CC0020,AS,3,Leave Start,,CAD,CAN,2022-05-12 08:00:00,CORE_HR
EVT00032381,2022-05-19,EMP01580,CC0041,EC,1,Lateral Deployment,,CAD,CAN,2022-05-20 11:00:00,CORE_HR
EVT00031705,2022-05-11,EMP03142,CC0056,EX,1,Departure,,CAD,CAN,2022-05-11 12:00:00,CORE_HR
EVT00032048,2022-05-16,EMP03167,CC0079,PA,1,Departure,,CAD,CA,2022-05-17 08:00:00,PAYROLL
EVT00033076,2022-05-06,EMP03808,CC0087,AS,3,Leave Return,,CAD,CA,2022-05-07 06:00:00,PAYROLL
EVT00031749,2022-05-12,EMP02271,CC0030,PA,2,Leave Start,,KES,KEN,2022-05-12 21:00:00,CORE_HR
EVT00032182,2022-05-23,EMP02005,CC0044,IT,3,Departure,,CAD,CA,2022-05-24 03:00:00,PAYROLL
EVT00032664,2022-05-14,EMP01786,CC0089,IT,1,Performance Pay,7779.15,CAD,CAN,2022-05-14 13:00:00,CORE_HR
EVT00031946,2022-05-08,EMP00597,CC0031,IT,1,Promotion,8163412.64,JPY,JPN,2022-05-08 09:00:00,CORE_HR
EVT00032165,2022-05-24,EMP02324,CC0084,CR,4,Step Increment,62964.37,CAD,CA,2022-05-25 04:00:00,PAYROLL
EVT00033397,2022-05-18,EMP01467,CC0116,EN,4,Lateral Deployment,,CAD,CAN,2022-05-18 22:00:00,CORE_HR
EVT00033528,2022-05-11,EMP01086,CC0043,EC,2,Departure,,CAD,CA,2022-05-11 07:00:00,PAYROLL
EVT00032240,2022-05-17,EMP01161,CC0090,IT,4,Step Increment,113748.72,CAD,CA,2022-05-17 16:00:00,PAYROLL
EVT00032303,2022-05-03,EMP02061,CC0001,FI,5,Hire,115478.09,CAD,CAN,2022-05-03 09:00:00,CORE_HR
EVT00033028,2022-05-14,EMP01637,CC0081,PA,4,Step Increment,92095.44,CAD,CAN,2022-05-15 15:00:00,CORE_HR
EVT00032824,2022-05-22,EMP00827,CC0115,EC,5,Performance Pay,16417.08,CAD,CA,2022-05-23 10:00:00,PAYROLL
EVT00033116,2022-05-26,EMP01095,CC0017,PA,1,Leave Start,,CAD,CA,2022-05-27 07:00:00,PAYROLL
EVT00032378,2022-05-03,EMP04376,CC0093,CR,2,Step Increment,51698.53,CAD,CAN,2022-05-04 13:00:00,CORE_HR
EVT00032348,2022-05-21,EMP04509,CC0002,PA,3,Leave Start,,CAD,CA,2022-05-21 12:00:00,PAYROLL
EVT00032470,2022-05-19,EMP01772,CC0074,FI,1,Performance Pay,7584.01,AUD,AUS,2022-05-19 21:00:00,CORE_HR
EVT00032942,2022-05-03,EMP03360,CC0119,FI,1,Promotion,65757.59,CAD,CA,2022-05-03 21:00:00,PAYROLL
EVT00032559,2022-05-13,EMP04227,CC0101,EX,2,Leave Start,,CAD,CAN,2022-05-14 01:00:00,CORE_HR
EVT00032948,2022-05-05,EMP04344,CC0102,PA,3,Departure,,CAD,CA,2022-05-05 12:00:00,PAYROLL
EVT00032977,2022-05-13,EMP00542,CC0117,EX,1,Hire,143022.57,CAD,CAN,2022-05-13 22:00:00,CORE_HR
EVT00032617,2022-05-05,EMP00053,CC0017,PA,1,Step Increment,59543.93,CAD,CA,2022-05-05 06:00:00,PAYROLL
EVT00032463,2022-05-19,EMP01214,CC0014,AS,1,Leave Start,,CAD,CAN,2022-05-19 15:00:00,CORE_HR
EVT00032128,2022-05-15,EMP00139,CC0056,CR,3,Step Increment,59325.3,CAD,CAN,2022-05-15 14:00:00,CORE_HR
EVT00031773,2022-05-26,EMP03378,CC0019,AS,3,Step Increment,64309.54,CAD,CA,2022-05-28 01:00:00,PAYROLL
EVT00031720,2022-05-11,EMP03850,CC0024,PA,3,Lateral Deployment,,CAD,CA,2022-05-12 10:00:00,PAYROLL
EVT00033539,2022-05-10,EMP02204,CC0075,IT,1,Leave Start,,CAD,CAN,2022-05-10 07:00:00,CORE_HR
EVT00031704,2022-05-26,EMP03946,CC0034,EC,2,Leave Start,,CAD,CA,2022-05-26 16:00:00,PAYROLL
EVT00033352,2022-05-07,EMP00621,CC0048,IT,5,Step Increment,112999.21,CAD,CAN,2022-05-07 06:00:00,CORE_HR
EVT00032257,2022-05-18,EMP02162,CC0101,EC,5,Leave Start,,XXX,CAN,2022-05-18 07:00:00,CORE_HR
EVT00033631,2022-05-18,EMP01662,CC0019,PA,2,Step Increment,51391.41,CAD,CAN,2022-05-18 14:00:00,CORE_HR
EVT00032892,2022-05-04,EMP02746,CC0084,CR,4,Step Increment,76193.54,CAD,CAN,2022-05-04 11:00:00,CORE_HR
EVT00032109,2022-05-17,EMP00299,CC0090,PA,2,Step Increment,71528.78,CAD,CAN,2022-05-17 08:00:00,CORE_HR
EVT00033568,2022-05-16,EMP01698,CC0098,PA,4,Departure,,CAD,CAN,2022-05-17 00:00:00,CORE_HR
EVT00032169,2022-05-22,EMP04156,CC0005,IT,2,Performance Pay,6540.78,CAD,CAN,2022-05-22 12:00:00,CORE_HR
EVT00032515,2022-05-14,EMP00808,CC0016,AS,2,Performance Pay,4955.06,CAD,CAN,2022-05-14 09:00:00,CORE_HR
EVT00032646,2022-05-25,EMP02481,CC0008,AS,5,Leave Return,,CAD,CAN,2022-05-26 15:00:00,CORE_HR
EVT00032530,2022-05-08,EMP02787,CC0055,PA,1,Leave Return,,CAD,CAN,2022-05-08 07:00:00,CORE_HR
EVT00033272,2022-05-14,EMP02472,CC0023,EC,4,Step Increment,120633.33,CAD,CAN,2022-05-14 18:00:00,CORE_HR
EVT00032417,2022-05-09,EMP01392,CC0029,PA,2,Lateral Deployment,,BRL,BRA,2022-05-10 14:00:00,CORE_HR
EVT00033734,2022-05-25,EMP00670,CC0049,IT,4,Lateral Deployment,,INR,IN,2022-05-26 08:00:00,PAYROLL
EVT00033128,2022-05-16,EMP03629,CC0039,PA,4,Step Increment,81920.85,CAD,CAN,2022-05-16 19:00:00,CORE_HR
EVT00033320,2022-05-25,EMP03396,CC0030,FI,4,Leave Return,,EUR,DE,2022-05-25 18:00:00,PAYROLL
EVT00033154,2022-05-17,EMP00609,CC0056,FI,3,Step Increment,93009.94,CAD,CA,2022-05-18 11:00:00,PAYROLL
EVT00033098,2022-05-27,EMP04963,CC0089,IT,2,Leave Start,,CAD,CAN,2022-05-28 04:00:00,CORE_HR
EVT00033619,2022-05-27,EMP01885,CC0072,EC,1,Leave Return,,CAD,CAN,2022-05-27 11:00:00,CORE_HR
EVT00032564,2022-05-17,EMP02595,CC0099,PA,3,Leave Start,,CAD,CAN,2022-05-18 19:00:00,CORE_HR
EVT00032178,2022-05-19,EMP02115,CC0080,EC,4,Lateral Deployment,,AUD,AU,2022-05-19 12:00:00,PAYROLL
EVT00033097,2022-05-01,EMP01390,CC0046,AS,4,Step Increment,55003.66,EUR,DEU,2022-05-01 14:00:00,CORE_HR
EVT00032120,2022-05-27,EMP04785,CC0118,AS,3,Step Increment,70574.04,CAD,CAN,2022-05-28 02:00:00,CORE_HR
EVT00033442,2022-05-03,EMP04375,CC0099,FI,1,Step Increment,72645.82,CAD,CA,2022-05-03 19:00:00,PAYROLL
EVT00032087,2022-05-10,EMP01009,CC0010,IT,2,Leave Return,,CAD,CAN,2022-05-11 11:00:00,CORE_HR
EVT00032764,2022-05-17,EMP01824,CC0001,PA,1,Lateral Deployment,,CAD,CAN,2022-05-18 13:00:00,CORE_HR
EVT00032608,2022-05-03,EMP03773,CC0005,FI,4,Leave Start,,CAD,CAN,2022-05-04 15:00:00,CORE_HR
EVT00033672,2022-05-02,EMP02510,CC0013,CR,2,Step Increment,56699.55,CAD,CA,2022-05-02 14:00:00,PAYROLL
EVT00032829,2022-05-04,EMP00716,CC0054,IT,1,Departure,,JPY,JPN,2022-05-04 19:00:00,CORE_HR
EVT00032593,2022-05-12,EMP02694,CC0018,EN,3,Promotion,104729.3,CAD,CAN,2022-05-12 22:00:00,CORE_HR
EVT00032463,2022-05-19,EMP01214,CC0014,AS,1,Leave Start,,CAD,CAN,2022-05-20 00:00:00,CORE_HR
EVT00033488,2022-05-26,EMP02716,CC0026,PA,2,Step Increment,67563.66,CAD,CA,2022-05-26 15:00:00,PAYROLL
EVT00032561,2022-05-06,EMP03241,CC0007,IT,1,Lateral Deployment,,EUR,FRA,2022-05-06 09:00:00,CORE_HR
EVT00032588,2022-05-08,EMP04351,CC0056,AS,1,Leave Start,,CAD,CA,2022-05-09 14:00:00,PAYROLL
EVT00032284,2022-05-27,EMP02961,CC0039,CR,3,Leave Start,,CAD,CA,2022-05-27 17:00:00,PAYROLL
EVT00033308,2022-05-04,EMP04271,CC0032,IT,1,Step Increment,81529.64,CAD,CA,2022-05-05 09:00:00,PAYROLL
EVT00033709,2022-05-02,EMP02650,CC0017,PA,4,Leave Return,,CAD,CA,2022-05-02 17:00:00,PAYROLL
EVT00032457,2022-05-14,EMP00183,CC0043,EN,3,Leave Return,,CAD,CAN,2022-05-14 08:00:00,CORE_HR
EVT00033339,2022-05-10,EMP03727,CC0084,CR,2,Hire,61716.5,CAD,CAN,2022-05-11 02:00:00,CORE_HR
EVT00033489,2022-05-11,EMP00066,CC0089,CR,2,Lateral Deployment,,CAD,CAN,2022-05-11 13:00:00,CORE_HR
EVT00031789,2022-05-11,EMP00420,CC0101,AS,5,Step Increment,83742.15,CAD,CAN,2022-05-11 11:00:00,CORE_HR
EVT00032008,2022-05-06,EMP03597,CC0029,CR,2,Step Increment,39745.54,USD,USA,2022-05-06 23:00:00,CORE_HR
EVT00032425,2022-05-17,EMP01238,CC0120,FI,1,Performance Pay,5044.82,CAD,CAN,2022-05-17 16:00:00,CORE_HR
EVT00032395,2022-05-04,EMP03258,CC0068,IT,1,Leave Return,,CAD,CA,2022-05-05 00:00:00,PAYROLL
EVT00032759,2022-05-16,EMP00975,CC0069,IT,1,Performance Pay,6528.12,CAD,CA,2022-05-17 10:00:00,PAYROLL
EVT00031906,2022-05-18,EMP04458,CC0098,IT,1,Step Increment,79716.0,CAD,CA,2022-05-18 10:00:00,PAYROLL
EVT00032675,2022-05-18,EMP00145,CC0072,AS,2,Step Increment,67274.48,CAD,CA,2022-05-19 12:00:00,PAYROLL
EVT00033305,2022-05-04,EMP04283,CC0118,EC,2,Step Increment,85816.42,CAD,CAN,2022-05-05 05:00:00,CORE_HR
EVT00032480,2022-05-11,EMP00376,CC0001,EX,1,Lateral Deployment,,CAD,CAN,2022-05-11 09:00:00,CORE_HR
EVT00032640,2022-05-13,EMP00629,CC0054,PA,5,Lateral Deployment,,JPY,JPN,2022-05-14 01:00:00,CORE_HR
EVT00031710,2022-05-19,EMP00002,CC0068,EN,3,Lateral Deployment,,CAD,CAN,2022-05-20 15:00:00,CORE_HR
EVT00032302,2022-05-11,EMP04512,CC0032,EC,5,Hire,147108.89,CAD,CA,2022-05-12 10:00:00,PAYROLL
EVT00033538,2022-05-27,EMP03498,CC0052,AS,1,Step Increment,53739.04,CAD,CA,2022-05-28 13:00:00,PAYROLL
EVT00033576,2022-05-11,EMP00244,CC0031,PA,3,Step Increment,779246.84,MXN,MEX,2022-05-12 06:00:00,CORE_HR
EVT00032748,2022-05-19,EMP01395,CC0028,PA,2,Leave Return,,CAD,CA,2022-05-20 03:00:00,PAYROLL
EVT00032965,2022-05-13,EMP00672,CC0038,EN,2,Lateral Deployment,,CAD,CAN,2022-05-14 04:00:00,CORE_HR
EVT00032538,2022-05-21,EMP00359,CC0079,AS,2,Step Increment,58088.91,CAD,CA,2022-05-22 11:00:00,PAYROLL
EVT00033101,2022-05-01,EMP04026,CC0116,CR,1,Promotion,53774.27,CAD,CAN,2022-05-02 14:00:00,CORE_HR
EVT00032283,2022-05-07,EMP03235,CC0087,EC,2,Departure,,CAD,CA,2022-05-07 08:00:00,PAYROLL
EVT00032292,2022-05-19,EMP02143,CC0114,PA,5,Step Increment,111252.04,CAD,CAN,2022-05-20 10:00:00,CORE_HR
EVT00032271,2022-05-23,EMP00190,CC0103,EN,1,Leave Start,,CAD,CA,2022-05-24 13:00:00,PAYROLL
EVT00032756,2022-05-25,EMP01280,CC0072,EX,1,Step Increment,123435.22,CAD,CA,2022-05-25 13:00:00,PAYROLL
EVT00033606,2022-05-26,EMP03348,CC0041,AS,2,Leave Start,,CAD,CAN,2022-05-26 12:00:00,CORE_HR
EVT00033712,2022-05-15,EMP01552,CC0059,CR,3,Leave Return,,CAD,CA,2022-05-16 14:00:00,PAYROLL
EVT00032702,2022-05-23,EMP01558,CC0013,PA,2,Lateral Deployment,,CAD,CAN,2022-05-23 14:00:00,CORE_HR
EVT00032652,2022-05-09,EMP02141,CC0067,IT,4,Leave Return,,CAD,CAN,2022-05-09 15:00:00,CORE_HR
EVT00033369,2022-05-14,EMP04751,CC0117,FI,3,Performance Pay,11069.71,CAD,CA,2022-05-14 08:00:00,PAYROLL
EVT00032342,2022-05-01,EMP00938,CC0113,IT,4,Performance Pay,4890.77,CAD,CA,2022-05-01 17:00:00,PAYROLL
EVT00032837,2022-05-23,EMP01114,CC0005,IT,3,Leave Start,,CAD,CAN,2022-05-24 06:00:00,CORE_HR
EVT00033492,2022-05-03,EMP02510,CC0013,CR,2,Step Increment,58417.5,CAD,CAN,2022-05-03 10:00:00,CORE_HR
EVT00032260,2022-05-21,EMP03752,CC0084,FI,2,Hire,89006.8,CAD,CAN,2022-05-25 06:00:00,CORE_HR
EVT00033172,2022-05-01,EMP00855,CC0019,PA,1,Lateral Deployment,,CAD,CA,2022-05-02 08:00:00,PAYROLL
EVT00033178,2022-05-05,EMP04709,CC0072,EX,2,Hire,159583.05,CAD,CA,2022-05-06 11:00:00,PAYROLL
EVT00032454,2022-05-21,EMP00099,CC0014,AS,2,Lateral Deployment,,CAD,CAN,2022-05-21 10:00:00,CORE_HR
EVT00033049,2022-05-11,EMP03519,CC0118,IT,3,Lateral Deployment,,CAD,CAN,2022-05-11 22:00:00,CORE_HR
EVT00033211,2022-05-26,EMP03156,CC0025,EC,4,Leave Start,,CAD,CAN,2022-05-26 21:00:00,CORE_HR
EVT00032160,2022-05-16,EMP00296,CC0081,CR,3,Leave Return,,CAD,CA,2022-05-16 19:00:00,PAYROLL
EVT00032468,2022-05-19,EMP02430,CC0116,AS,1,Leave Start,,CAD,CAN,2022-05-20 00:00:00,CORE_HR
EVT00033465,2022-05-27,EMP00194,CC0005,PA,2,Step Increment,87134.74,CAD,CA,2022-05-28 03:00:00,PAYROLL
EVT00033228,2022-05-08,EMP02316,CC0114,IT,2,Performance Pay,4952.51,CAD,CAN,2022-05-09 11:00:00,CORE_HR
EVT00032184,2022-05-02,EMP04584,CC0064,FI,2,Lateral Deployment,,CAD,CA,2022-05-03 18:00:00,PAYROLL
EVT00032940,2022-05-14,EMP04376,CC0093,CR,2,Leave Start,,CAD,CAN,2022-05-15 02:00:00,CORE_HR
EVT00033078,2022-05-22,EMP01497,CC0011,AS,4,Performance Pay,8724.5,CAD,CAN,2022-05-23 06:00:00,CORE_HR
EVT00032489,2022-05-23,EMP04647,CC0045,EX,2,Hire,165923.08,CAD,CAN,2022-05-24 11:00:00,CORE_HR
EVT00032399,2022-05-18,EMP03289,CC0069,FI,5,Leave Start,,CAD,CA,2022-05-19 10:00:00,PAYROLL
EVT00033117,2022-05-12,EMP04156,CC0005,IT,2,Leave Start,,CAD,CA,2022-05-13 01:00:00,PAYROLL
EVT00031804,2022-05-27,EMP04435,CC0118,AS,5,Promotion,93041.34,CAD,CA,2022-05-28 11:00:00,PAYROLL
EVT00033119,2022-05-14,EMP03176,CC0086,FI,1,Hire,53551.63,EUR,DEU,2022-05-14 07:00:00,CORE_HR
EVT00033042,2022-05-15,EMP04659,CC0039,AS,2,Leave Start,,CAD,CA,2022-05-16 04:00:00,PAYROLL
EVT00032476,2022-05-22,EMP03384,CC0040,AS,2,Performance Pay,7840.05,CAD,CAN,2022-05-23 07:00:00,CORE_HR
EVT00033336,2022-05-17,EMP00275,CC0090,EX,2,Step Increment,161676.65,CAD,CA,2022-05-17 06:00:00,PAYROLL
EVT00032766,2022-05-09,EMP02059,CC0031,IT,3,Performance Pay,11041.83,USD,USA,2022-05-09 10:00:00,CORE_HR
EVT00032633,2022-05-23,EMP00294,CC0111,IT,2,Step Increment,67580.18,EUR,DE,2022-05-24 03:00:00,PAYROLL
EVT00031927,2022-05-18,EMP00380,CC0058,CR,1,Performance Pay,3350.32,CAD,CAN,2022-05-18 13:00:00,CORE_HR
EVT00032636,2022-05-10,EMP03594,CC0012,IT,2,Step Increment,95900.87,CAD,CA,2022-05-10 23:00:00,PAYROLL
EVT00033466,2022-05-19,EMP03786,CC0006,FI,5,Lateral Deployment,,CAD,CA,2022-05-19 16:00:00,PAYROLL
EVT00032616,2022-05-08,EMP01128,CC0006,EC,3,Performance Pay,12726.73,CAD,CAN,2022-05-09 05:00:00,CORE_HR
EVT00032931,2022-05-18,EMP01856,CC0029,IT,1,Promotion,57562.87,EUR,DEU,2022-05-18 10:00:00,CORE_HR
EVT00032796,2022-05-16,EMP00671,CC0062,CR,2,Performance Pay,2332.09,CAD,CAN,2022-05-16 12:00:00,CORE_HR
EVT00032506,2022-05-24,EMP02532,CC0084,CR,1,Step Increment,54721.51,CAD,CA,2022-05-24 15:00:00,PAYROLL
EVT00031880,2022-05-07,EMP00069,CC0099,AS,1,Step Increment,60108.28,CAD,CAN,2022-05-07 19:00:00,CORE_HR
EVT00033685,2022-05-17,EMP04765,CC0043,PA,2,Lateral Deployment,,XXX,CA,2022-05-18 03:00:00,PAYROLL
EVT00031702,2022-05-12,EMP03879,CC0069,PA,2,Step Increment,70041.72,CAD,CAN,2022-05-13 00:00:00,CORE_HR
EVT00033328,2022-05-22,EMP02186,CC0044,EC,2,Performance Pay,10297.24,CAD,CAN,2022-05-22 15:00:00,CORE_HR
EVT00032897,2022-05-09,EMP03675,CC0096,FI,2,Leave Start,,CAD,CAN,2022-05-09 16:00:00,CORE_HR
EVT00032600,2022-05-22,EMP03558,CC0109,AS,2,Step Increment,65185.65,CAD,CAN,2022-05-23 10:00:00,CORE_HR
EVT00031728,2022-05-26,EMP03589,CC0108,IT,3,Leave Return,,MXN,MEX,2022-05-26 23:00:00,CORE_HR
EVT00033123,2022-05-11,EMP03069,CC0018,IT,5,Leave Return,,CAD,CA,2022-05-12 15:00:00,PAYROLL
EVT00032849,2022-05-20,EMP02459,CC0017,FI,2,Hire,87638.9,CAD,CAN,2022-05-20 08:00:00,CORE_HR
EVT00032919,2022-05-17,EMP04461,CC0003,FI,2,Leave Return,,CAD,CAN,2022-05-18 19:00:00,CORE_HR
EVT00033353,2022-05-09,EMP00139,CC0056,CR,3,Performance Pay,8685.22,CAD,CAN,2022-05-09 22:00:00,CORE_HR
EVT00032879,2022-05-04,EMP04659,CC0039,AS,2,Hire,68962.78,CAD,CAN,2022-05-05 12:00:00,CORE_HR
EVT00032117,2022-05-01,EMP04657,CC0046,AS,2,Step Increment,40610.48,GBP,GBR,2022-05-01 08:00:00,CORE_HR
EVT00032186,2022-05-24,EMP00902,CC0020,CR,4,Step Increment,66799.95,CAD,CA,2022-05-24 07:00:00,PAYROLL
EVT00032936,2022-05-08,EMP04331,CC0089,AS,3,Lateral Deployment,,CAD,CAN,2022-05-09 04:00:00,CORE_HR
EVT00033604,2022-05-20,EMP02787,CC0055,PA,1,Lateral Deployment,,CAD,CA,2022-05-22 16:00:00,PAYROLL
EVT00031827,2022-05-19,EMP02718,CC0073,EN,5,Performance Pay,16814.79,CAD,CA,2022-05-20 13:00:00,PAYROLL
EVT00032484,2022-05-08,EMP02333,CC0109,PA,5,Departure,,CAD,CA,2022-05-08 09:00:00,PAYROLL
EVT00033411,2022-05-04,EMP04329,CC0024,PA,1,Step Increment,48200.86,CAD,CAN,2022-05-05 12:00:00,CORE_HR
EVT00033640,2022-05-11,EMP00661,CC0012,PA,1,Step Increment,60256.11,CAD,CA,2022-05-11 23:00:00,PAYROLL
EVT00031722,2022-05-15,EMP04842,CC0055,PA,1,Promotion,60742.71,CAD,CAN,2022-05-16 08:00:00,CORE_HR
EVT00033021,2022-05-02,EMP02160,CC0089,PA,1,Promotion,49565.32,CAD,CAN,2022-05-03 02:00:00,CORE_HR
EVT00033189,2022-05-17,EMP01723,CC0018,EN,1,Step Increment,86792.57,CAD,CAN,2022-05-17 18:00:00,CORE_HR
EVT00032414,2022-05-14,EMP02122,CC0013,AS,4,Leave Start,,CAD,CA,2022-05-14 11:00:00,PAYROLL
EVT00032836,2022-05-07,EMP00663,CC0007,AS,3,Performance Pay,795095.1,JPY,JPN,2022-05-07 07:00:00,CORE_HR
EVT00032429,2022-05-25,EMP03339,CC0007,AS,1,Leave Return,,SGD,SGP,2022-05-25 16:00:00,CORE_HR
EVT00032809,1900-01-01,EMP03805,CC0024,PA,1,Performance Pay,2986.06,CAD,CAN,2022-05-19 11:00:00,CORE_HR
EVT00033678,2022-05-08,EMP00842,CC0023,EN,3,Step Increment,85001.22,CAD,CA,2022-05-09 12:00:00,PAYROLL
EVT00032689,2022-05-09,EMP03275,CC0057,CR,1,Performance Pay,3289.59,CAD,CAN,2022-05-09 12:00:00,CORE_HR
EVT00033515,2022-05-01,EMP04042,CC0075,PA,4,Lateral Deployment,,CAD,CA,2022-05-01 08:00:00,PAYROLL
EVT00032975,2022-05-03,EMP01975,CC0050,AS,4,Performance Pay,7030.55,CAD,CAN,2022-05-04 00:00:00,CORE_HR
EVT00032971,2022-05-07,EMP02493,CC0116,EN,2,Step Increment,86361.28,CAD,CAN,2022-05-08 01:00:00,CORE_HR
EVT00032780,2022-05-06,EMP00533,CC0037,FI,1,Hire,75358.83,CAD,CAN,2022-05-06 14:00:00,CORE_HR
EVT00033285,2022-05-04,EMP03522,CC0044,CR,2,Leave Return,,CAD,CA,2022-05-04 20:00:00,PAYROLL
EVT00032047,2022-05-12,EMP03554,CC0048,CR,3,Leave Start,,CAD,CAN,2022-05-13 11:00:00,CORE_HR
EVT00032483,2022-05-13,EMP02105,CC0019,IT,3,Leave Return,,CAD,CAN,2022-05-14 04:00:00,CORE_HR
EVT00032027,2022-05-16,EMP04264,CC0106,EC,1,Step Increment,74819.18,CAD,CAN,2022-05-17 13:00:00,CORE_HR
EVT00032875,2022-05-18,EMP02819,CC0112,EC,2,Performance Pay,6529.13,CAD,CAN,2022-05-18 12:00:00,CORE_HR
EVT00032573,2022-05-15,EMP01123,CC0085,IT,3,Performance Pay,10995.02,CAD,CAN,2022-05-15 14:00:00,CORE_HR
EVT00033632,2022-05-17,EMP03238,CC0117,FI,1,Leave Start,,CAD,CAN,2022-05-17 20:00:00,CORE_HR
EVT00032291,2022-05-02,EMP04514,CC0051,IT,1,Step Increment,83273.64,CAD,CAN,2022-05-02 07:00:00,CORE_HR
EVT00032192,2022-05-05,EMP02392,CC0021,PA,4,Hire,85862.31,CAD,CAN,2022-05-05 09:00:00,CORE_HR
EVT00033249,2022-05-27,EMP04911,CC0097,IT,1,Step Increment,75823.05,CAD,CAN,2022-05-27 19:00:00,CORE_HR
EVT00032437,2022-05-26,EMP04133,CC0003,PA,1,Leave Start,,CAD,CA,2022-05-27 03:00:00,PAYROLL
EVT00033676,2022-05-10,EMP00876,CC0102,CR,3,Leave Start,,CAD,CAN,2022-05-10 12:00:00,CORE_HR
EVT00033481,2022-05-10,EMP04512,CC0032,EC,5,Performance Pay,9122.08,CAD,CA,2022-05-10 23:00:00,PAYROLL
EVT00032345,2022-05-05,EMP00114,CC0037,IT,5,Performance Pay,11293.99,CAD,CAN,2022-05-05 13:00:00,CORE_HR
EVT00033204,2022-05-02,EMP01219,CC0003,CR,2,Step Increment,52086.82,CAD,CA,2022-05-02 18:00:00,PAYROLL
EVT00033474,2022-05-22,EMP02101,CC0008,EC,2,Leave Start,,CAD,CAN,2022-05-22 15:00:00,CORE_HR
EVT00032967,2022-05-04,EMP00280,CC0043,IT,2,Leave Return,,CAD,CAN,2022-05-05 01:00:00,CORE_HR
EVT00032092,2022-05-22,EMP03211,CC0016,AS,1,Step Increment,51117.92,CAD,CA,2022-05-22 19:00:00,PAYROLL
EVT00033213,2022-05-11,EMP00678,CC0094,AS,2,Lateral Deployment,,CAD,CA,2022-05-11 13:00:00,PAYROLL
EVT00031823,2022-05-06,EMP00954,CC0115,EN,2,Leave Return,,CAD,CAN,2022-05-07 07:00:00,CORE_HR
EVT00033103,2022-05-17,EMP01429,CC0080,EC,3,Performance Pay,7833.81,AUD,AUS,2022-05-18 04:00:00,CORE_HR
EVT00033184,2022-05-02,EMP00536,CC0010,AS,2,Performance Pay,5358.87,CAD,CAN,2022-05-02 17:00:00,CORE_HR
EVT00031950,2022-05-14,EMP02646,CC0055,CR,1,Performance Pay,4822.14,CAD,CAN,2022-05-14 09:00:00,CORE_HR
EVT00032356,2022-05-18,EMP02895,CC0086,CR,3,Leave Return,,USD,US,2022-05-19 09:00:00,PAYROLL
EVT00032677,2022-05-15,EMP01585,CC0045,EC,3,Leave Start,,CAD,CA,2022-05-16 14:00:00,PAYROLL
EVT00033480,2022-05-14,EMP02075,CC0113,EN,5,Leave Return,,CAD,CAN,2022-05-15 03:00:00,CORE_HR
EVT00032951,2022-05-11,EMP03022,CC0120,IT,2,Leave Return,,CAD,CA,2022-05-11 19:00:00,PAYROLL
EVT00033547,2022-05-17,EMP01252,CC0008,EC,1,Lateral Deployment,,CAD,CAN,2022-05-18 15:00:00,CORE_HR
EVT00031878,2022-05-14,EMP02129,CC0090,EC,3,Performance Pay,9437.63,CAD,CAN,2022-05-18 05:00:00,CORE_HR
EVT00032013,2022-05-19,EMP00379,CC0020,AS,3,Lateral Deployment,,CAD,CAN,2022-05-20 02:00:00,CORE_HR
EVT00033147,2022-05-25,EMP03109,CC0093,EX,2,Leave Start,,CAD,CAN,2022-05-26 13:00:00,CORE_HR
EVT00032507,2022-05-03,EMP01460,CC0080,FI,2,Step Increment,3576198.3,INR,IN,2022-05-04 12:00:00,PAYROLL
EVT00031707,2022-05-12,EMP03811,CC0043,AS,2,Lateral Deployment,,CAD,CA,2022-05-13 13:00:00,PAYROLL
EVT00032339,2022-05-11,EMP01053,CC0095,PA,2,Hire,65074.96,CAD,CA,2022-05-12 07:00:00,PAYROLL
EVT00032974,2022-05-26,EMP00581,CC0105,EC,1,Leave Start,,KES,KEN,2022-05-26 09:00:00,CORE_HR
EVT00032731,2022-05-01,EMP03860,CC0113,EC,1,Leave Return,,CAD,CA,2022-05-02 00:00:00,PAYROLL
EVT00032900,2022-05-21,EMP03843,CC0049,EX,1,Step Increment,78621.66,GBP,GB,2022-05-21 19:00:00,PAYROLL
EVT00032952,2022-05-08,EMP03012,CC0014,AS,3,Leave Start,,CAD,CAN,2022-05-09 04:00:00,CORE_HR
EVT00032596,2022-05-06,EMP02995,CC0016,FI,3,Hire,90335.3,CAD,CAN,2022-05-07 12:00:00,CORE_HR
EVT00032644,2022-05-01,EMP00581,CC0105,EC,1,Promotion,81637.69,AUD,AU,2022-05-01 09:00:00,PAYROLL
EVT00033551,2022-05-27,EMP04622,CC0005,EC,2,Step Increment,92391.91,CAD,CAN,2022-05-29 03:00:00,CORE_HR
EVT00033464,2022-05-16,EMP04065,CC0102,PA,4,Lateral Deployment,,CAD,CAN,2022-05-16 06:00:00,CORE_HR
EVT00032459,2022-05-07,EMP04643,CC0003,AS,5,Leave Return,,CAD,CAN,2022-05-07 14:00:00,CORE_HR
EVT00032569,2022-05-06,EMP03885,CC0072,AS,2,Step Increment,47552.17,CAD,CA,2022-05-06 18:00:00,PAYROLL
EVT00032323,2022-05-09,EMP02234,CC0022,EN,5,Hire,142136.24,CAD,CAN,2022-05-10 16:00:00,CORE_HR
EVT00032176,2022-05-21,EMP02730,CC0073,IT,3,Hire,106229.91,CAD,CA,2022-05-21 19:00:00,PAYROLL
EVT00032055,2022-05-04,EMP04570,CC0006,EC,3,Hire,89327.54,CAD,CAN,2022-05-04 22:00:00,CORE_HR
EVT00032065,2022-05-06,EMP03050,CC0017,IT,2,Lateral Deployment,,CAD,CAN,2022-05-07 12:00:00,CORE_HR
EVT00033062,2022-05-21,EMP01885,CC0072,EC,1,Step Increment,71814.16,CAD,CA,2022-05-21 08:00:00,PAYROLL
EVT00031964,2022-05-23,EMP01633,CC0115,EC,2,Leave Return,,CAD,CAN,2022-05-23 09:00:00,CORE_HR
EVT00032239,2022-05-25,EMP00419,CC0057,FI,1,Step Increment,67321.53,CAD,CAN,2022-05-26 09:00:00,CORE_HR
EVT00031793,2022-05-10,EMP02817,CC0018,IT,1,Step Increment,62506.37,CAD,CAN,2022-05-11 08:00:00,CORE_HR
EVT00032773,2022-05-02,EMP03671,CC0061,EN,1,Leave Start,,CAD,CA,2022-05-02 19:00:00,PAYROLL
EVT00033663,2022-05-17,EMP02200,CC0029,EN,2,Step Increment,269221.66,AED,AE,2022-05-17 23:00:00,PAYROLL
EVT00033535,2022-05-13,EMP01456,CC0044,CR,1,Step Increment,51284.26,CAD,CAN,2022-05-14 08:00:00,CORE_HR
EVT00033124,2022-05-19,EMP03649,CC0044,IT,2,Step Increment,90797.25,CAD,CA,2022-05-20 09:00:00,PAYROLL
EVT00032009,2022-05-06,EMP00844,CC0073,EN,3,Step Increment,105364.28,CAD,CAN,2022-05-06 08:00:00,CORE_HR
EVT00032280,2022-05-06,EMP03558,CC0109,AS,2,Step Increment,68171.18,CAD,CA,2022-05-07 02:00:00,PAYROLL
EVT00033169,2022-05-07,EMP02924,CC0058,PA,2,Performance Pay,4635.04,CAD,CA,2022-05-08 11:00:00,PAYROLL
EVT00031261,2022-04-27,EMP00180,CC0047,PA,2,Step Increment,73696.14,CAD,CAN,2022-05-01 04:00:00,CORE_HR
EVT00031873,2022-05-26,EMP03114,CC0056,PA,3,Leave Return,,CAD,CAN,2022-05-26 09:00:00,CORE_HR
EVT00033198,2022-05-10,EMP02971,CC0017,IT,2,Step Increment,85882.12,CAD,CA,2022-05-10 18:00:00,PAYROLL
EVT00033418,2022-05-08,EMP01811,CC0089,IT,2,Departure,,CAD,CA,2022-05-09 15:00:00,PAYROLL
EVT00033722,2022-05-12,EMP03252,CC0072,AS,3,Lateral Deployment,,CAD,CAN,2022-05-12 15:00:00,CORE_HR
EVT00032460,2022-05-18,EMP04998,CC0117,EN,3,Leave Start,,CAD,CA,2022-05-19 15:00:00,PAYROLL
EVT00032581,2022-05-27,EMP04668,CC0104,IT,4,Performance Pay,6466.48,CAD,CAN,2022-05-28 01:00:00,CORE_HR
EVT00031882,2022-05-18,EMP02801,CC0053,FI,3,Performance Pay,12774.52,CAD,CAN,2022-05-19 15:00:00,CORE_HR
EVT00033105,2022-05-01,EMP01165,CC0074,IT,5,Lateral Deployment,,JPY,JPN,2022-05-02 02:00:00,CORE_HR
EVT00033414,2022-05-08,EMP04574,CC0073,PA,1,Step Increment,48560.42,CAD,CAN,2022-05-09 00:00:00,CORE_HR
EVT00033508,2022-05-23,EMP02571,CC0070,PA,4,Step Increment,83112.06,CAD,CA,2022-05-23 17:00:00,PAYROLL
EVT00032638,2022-05-23,EMP02025,CC0108,PA,1,Performance Pay,4066.18,EUR,DEU,2022-05-23 10:00:00,CORE_HR
EVT00033634,2022-05-19,EMP00382,CC0067,FI,2,Step Increment,69278.41,CAD,CAN,2022-05-20 04:00:00,CORE_HR
EVT00033150,2022-05-24,EMP01416,CC0101,CR,2,Leave Return,,CAD,CAN,2022-05-25 03:00:00,CORE_HR
EVT00033525,2022-05-26,EMP03810,CC0038,FI,4,Step Increment,112978.02,CAD,CAN,2022-05-26 19:00:00,CORE_HR
EVT00033419,2022-05-12,EMP04541,CC0113,FI,2,Leave Start,,CAD,CA,2022-05-12 12:00:00,PAYROLL
EVT00031967,2022-05-13,EMP00240,CC0115,EN,4,Hire,121347.91,CAD,CA,2022-05-13 14:00:00,PAYROLL
EVT00032601,2022-05-01,EMP00006,CC0037,CR,2,Step Increment,52059.0,CAD,CA,2022-05-02 13:00:00,PAYROLL
EVT00033390,2022-05-26,EMP04828,CC0097,IT,1,Lateral Deployment,,CAD,CA,2022-05-26 22:00:00,PAYROLL
EVT00032461,2022-05-27,EMP04702,CC0067,PA,1,Promotion,63774.46,CAD,CAN,2022-05-27 23:00:00,CORE_HR
EVT00033436,2022-05-09,EMP04030,CC0045,EN,4,Step Increment,125978.49,CAD,CAN,2022-05-10 01:00:00,CORE_HR
EVT00033581,2022-05-13,EMP01943,CC0058,EN,2,Step Increment,104590.23,CAD,CA,2022-05-14 00:00:00,PAYROLL
EVT00033303,2022-05-20,EMP03570,CC0079,FI,1,Departure,,CAD,CAN,2022-05-20 07:00:00,CORE_HR
EVT00033491,2022-05-19,EMP03894,CC0007,PA,2,Step Increment,57098.07,EUR,DEU,2022-05-19 08:00:00,CORE_HR
EVT00032501,2022-05-13,EMP02712,CC0066,FI,1,Leave Return,,CAD,CAN,2022-05-13 15:00:00,CORE_HR
EVT00032428,2022-05-08,EMP03788,CC0105,PA,1,Leave Return,,EUR,DEU,2022-05-09 04:00:00,CORE_HR
EVT00032539,2022-05-07,EMP01638,CC0091,EX,1,Lateral Deployment,,CAD,CA,2022-05-08 06:00:00,PAYROLL
EVT00032995,2022-05-24,EMP01492,CC0028,EC,2,Leave Return,,CAD,CAN,2022-05-24 10:00:00,CORE_HR
EVT00033259,2022-05-22,EMP04034,CC0014,PA,2,Leave Return,,CAD,CAN,2022-05-23 12:00:00,CORE_HR
EVT00033447,2022-05-06,EMP04372,CC0086,FI,4,Lateral Deployment,,BRL,BRA,2022-05-07 15:00:00,CORE_HR
EVT00033562,2022-05-09,EMP02550,CC0088,EN,4,Hire,438453.57,BRL,BRA,2022-05-10 10:00:00,CORE_HR
EVT00033006,2022-05-25,EMP04199,CC0077,PA,3,Lateral Deployment,,CAD,CAN,2022-05-25 19:00:00,CORE_HR
EVT00032855,2022-05-22,EMP03231,CC0030,PA,3,Step Increment,62251.24,EUR,FR,2022-05-22 12:00:00,PAYROLL
EVT00032584,2022-05-17,EMP02065,CC0117,AS,1,Performance Pay,6817.12,CAD,CAN,2022-05-17 15:00:00,CORE_HR
EVT00032810,2022-05-21,EMP03227,CC0049,EN,2,Leave Start,,JPY,JPN,2022-05-22 15:00:00,CORE_HR
EVT00033295,2022-05-14,EMP01209,CC0050,FI,3,Leave Return,,CAD,CA,2022-05-14 19:00:00,PAYROLL
EVT00032156,2022-05-02,EMP03466,CC0012,IT,5,Leave Start,,CAD,CAN,2022-05-03 09:00:00,CORE_HR
EVT00033399,2022-05-19,EMP00902,CC0020,CR,4,Performance Pay,3321.95,CAD,CA,2022-05-19 06:00:00,PAYROLL
EVT00033617,2022-05-05,EMP03486,CC0058,PA,3,Step Increment,77236.17,CAD,CAN,2022-05-06 12:00:00,CORE_HR
EVT00032681,2022-05-23,EMP03535,CC0049,PA,3,Leave Return,,EUR,DEU,2022-05-24 06:00:00,CORE_HR
EVT00033578,2022-05-26,EMP01544,CC0052,FI,1,Hire,72910.62,CAD,CA,2022-05-26 13:00:00,PAYROLL
EVT00032754,2022-05-16,EMP00495,CC0085,FI,3,Leave Start,,CAD,CA,2022-05-16 11:00:00,PAYROLL
EVT00033140,2022-05-11,EMP01194,CC0084,IT,3,Hire,99466.15,CAD,CA,2022-05-12 05:00:00,PAYROLL
EVT00032846,2022-05-02,EMP03802,CC0119,AS,2,Leave Start,,CAD,CAN,2022-05-05 11:00:00,CORE_HR
EVT00032857,2022-05-07,EMP03371,CC0022,AS,2,Performance Pay,3931.23,CAD,CAN,2022-05-08 04:00:00,CORE_HR
EVT00032278,2022-05-13,EMP04289,CC0026,AS,1,Leave Return,,CAD,CAN,2022-05-14 07:00:00,CORE_HR
EVT00033209,2022-05-09,EMP00464,CC0033,PA,2,Step Increment,72070.18,CAD,CAN,2022-05-10 10:00:00,CORE_HR
EVT00032149,2022-05-16,EMP01861,CC0048,IT,1,Lateral Deployment,,CAD,CAN,2022-05-16 07:00:00,CORE_HR
EVT00033054,2022-05-06,EMP00041,CC0016,EX,2,Performance Pay,12278.14,CAD,CA,2022-05-06 21:00:00,PAYROLL
EVT00032083,2022-05-10,EMP00763,CC0081,IT,2,Leave Start,,CAD,CAN,2022-05-11 07:00:00,CORE_HR
EVT00032866,2022-05-01,EMP01428,CC0111,EN,4,Departure,,AED,ARE,2022-05-02 13:00:00,CORE_HR
EVT00032517,2022-05-07,EMP02817,CC0018,IT,1,Step Increment,57605.19,CAD,CAN,2022-05-07 23:00:00,CORE_HR
EVT00033633,2022-05-26,EMP04984,CC0017,AS,4,Lateral Deployment,,CAD,CAN,2022-05-26 13:00:00,CORE_HR
EVT00032662,2022-05-21,EMP02837,CC0109,EN,5,Hire,144897.74,CAD,CAN,2022-05-22 08:00:00,CORE_HR
EVT00032183,2022-05-24,EMP03473,CC0037,CR,3,Step Increment,62719.35,CAD,CA,2022-05-24 13:00:00,PAYROLL
EVT00032031,2022-05-09,EMP02876,CC0057,IT,2,Step Increment,88129.49,CAD,CAN,2022-05-09 17:00:00,CORE_HR
EVT00031743,2022-05-02,EMP00171,CC0070,PA,1,Step Increment,74641.96,CAD,CAN,2022-05-02 07:00:00,CORE_HR
EVT00032422,2022-05-09,EMP00753,CC0024,AS,1,Promotion,52881.29,CAD,CAN,2022-05-10 11:00:00,CORE_HR
EVT00032970,2022-05-25,EMP02391,CC0098,AS,4,Step Increment,84776.55,CAD,CAN,2022-05-25 11:00:00,CORE_HR
EVT00032637,2022-05-14,EMP04248,CC0098,PA,4,Leave Start,,CAD,CA,2022-05-15 04:00:00,PAYROLL
EVT00031703,2022-05-07,EMP00104,CC0087,FI,3,Leave Start,,CAD,CAN,2022-05-08 12:00:00,CORE_HR
EVT00031734,2022-05-19,EMP03111,CC0103,EN,4,Step Increment,133757.58,CAD,CA,2022-05-20 05:00:00,PAYROLL
EVT00033555,2022-05-11,EMP01456,CC0044,CR,1,Step Increment,54727.02,CAD,CAN,2022-05-11 06:00:00,CORE_HR
EVT00031948,2022-05-17,EMP05000,CC0031,IT,5,Leave Start,,AUD,AUS,2022-05-17 12:00:00,CORE_HR
EVT00031956,2022-05-22,EMP03256,CC0053,PA,1,Hire,62713.09,CAD,CAN,2022-05-22 22:00:00,CORE_HR
EVT00032400,2022-05-24,EMP04775,CC0079,PA,2,Performance Pay,9586.92,CAD,CAN,2022-05-24 13:00:00,CORE_HR
EVT00031937,2022-05-18,EMP03254,CC0046,EX,3,Performance Pay,275966.25,MXN,MEX,2022-05-18 11:00:00,CORE_HR
EVT00032565,2022-05-13,EMP04074,CC0054,PA,5,Promotion,57471.14,GBP,GB,2022-05-14 02:00:00,PAYROLL
EVT00033186,2022-05-04,EMP02374,CC0043,IT,1,Leave Start,,CAD,CA,2022-05-04 21:00:00,PAYROLL
EVT00032801,2022-05-26,EMP03418,CC0083,PA,2,Step Increment,54438.86,CAD,CAN,2022-05-27 07:00:00,CORE_HR
EVT00032469,2022-05-14,EMP04668,CC0104,IT,4,Leave Return,,CAD,CAN,2022-05-17 19:00:00,CORE_HR
EVT00032143,2022-05-04,EMP00515,CC0098,PA,5,Leave Return,,CAD,CA,2022-05-04 07:00:00,PAYROLL
EVT00032252,2022-05-16,EMP02467,CC0017,IT,1,Step Increment,82820.02,CAD,CAN,2022-05-16 19:00:00,CORE_HR
EVT00032140,2022-05-03,EMP03853,CC0048,PA,1,Leave Return,,CAD,CAN,2022-05-03 23:00:00,CORE_HR
EVT00032972,2022-05-03,EMP01279,CC0001,PA,2,Leave Return,,CAD,CAN,2022-05-03 10:00:00,CORE_HR
EVT00031947,2022-05-26,EMP02305,CC0068,EC,1,Departure,,CAD,CAN,2022-05-26 21:00:00,CORE_HR
EVT00033268,2022-05-01,EMP02992,CC0116,IT,3,Step Increment,102733.69,CAD,CA,2022-05-02 08:00:00,PAYROLL
EVT00031711,2022-05-21,EMP02509,CC0093,PA,1,Leave Return,,CAD,CA,2022-05-21 15:00:00,PAYROLL
EVT00032333,2022-05-21,EMP04693,CC0007,FI,2,Lateral Deployment,,KES,KE,2022-05-21 06:00:00,PAYROLL
EVT00033099,2022-05-22,EMP00428,CC0009,AS,2,Step Increment,640596.77,MXN,MEX,2022-05-23 04:00:00,CORE_HR
EVT00032485,2022-05-02,EMP00392,CC0017,EC,5,Step Increment,128908.22,CAD,CAN,2022-05-02 17:00:00,CORE_HR
EVT00033516,2022-05-16,EMP04192,CC0080,PA,5,Hire,6103199.47,INR,IND,2022-05-16 13:00:00,CORE_HR
EVT00032535,2022-05-15,EMP01470,CC0105,IT,1,Performance Pay,8225.73,AUD,AUS,2022-05-16 11:00:00,CORE_HR
EVT00033286,2022-05-08,EMP00802,CC0036,EX,1,Leave Start,,CAD,CAN,2022-05-09 15:00:00,CORE_HR
EVT00031890,2022-05-17,EMP02927,CC0100,FI,2,Leave Start,,CAD,CA,2022-05-17 19:00:00,PAYROLL
EVT00033610,2022-05-12,EMP00997,CC0061,EX,1,Leave Return,,CAD,CAN,2022-05-13 04:00:00,CORE_HR
EVT00033649,2022-05-04,EMP01149,CC0085,EN,2,Lateral Deployment,,CAD,CAN,2022-05-04 13:00:00,CORE_HR
EVT00032164,2022-05-20,EMP01540,CC0105,PA,3,Leave Start,,AED,AE,2022-05-20 16:00:00,PAYROLL
EVT00032988,2022-05-22,EMP00002,CC0068,EN,3,Performance Pay,14875.65,CAD,CA,2022-05-22 14:00:00,PAYROLL
EVT00033363,2022-05-16,EMP03954,CC0115,FI,3,Departure,,CAD,CAN,2022-05-17 14:00:00,CORE_HR
EVT00033437,2022-05-18,EMP01861,CC0048,IT,1,Leave Return,,CAD,CAN,2022-05-18 20:00:00,CORE_HR
EVT00032029,2022-05-13,EMP04920,CC0086,PA,2,Leave Return,,USD,US,2022-05-14 15:00:00,PAYROLL
EVT00033143,2022-05-08,EMP01913,CC0118,FI,3,Step Increment,93564.77,CAD,CAN,2022-05-08 06:00:00,CORE_HR
EVT00032187,2022-05-07,EMP02927,CC0100,FI,2,Step Increment,78970.14,CAD,CAN,2022-05-07 06:00:00,CORE_HR
EVT00031868,2022-05-05,EMP01479,CC0114,IT,1,Step Increment,63239.31,CAD,CAN,2022-05-06 09:00:00,CORE_HR
EVT00032258,2022-05-26,EMP04622,CC0005,EC,2,Leave Start,,CAD,CAN,2022-05-26 12:00:00,CORE_HR
EVT00033472,2022-05-01,EMP00864,CC0068,IT,2,Step Increment,87437.83,CAD,CA,2022-05-01 14:00:00,PAYROLL
EVT00033694,2022-05-09,EMP02190,CC0080,PA,4,Lateral Deployment,,AED,ARE,2022-05-09 11:00:00,CORE_HR
EVT00031839,2022-05-18,EMP00889,CC0005,EN,2,Step Increment,93621.1,CAD,CAN,2022-05-18 11:00:00,CORE_HR
EVT00031949,2022-05-01,EMP02149,CC0016,EC,1,Step Increment,78530.29,CAD,CAN,2022-05-01 23:00:00,CORE_HR
EVT00031972,2022-05-01,EMP02578,CC0004,PA,5,Step Increment,94336.66,CAD,CAN,2022-05-02 00:00:00,CORE_HR
EVT00033091,2022-05-24,EMP02758,CC0029,AS,4,Step Increment,7394128.72,KES,KEN,2022-05-25 10:00:00,CORE_HR
EVT00033325,2022-05-19,EMP03322,CC0120,EN,4,Leave Return,,CAD,CA,2022-05-20 15:00:00,PAYROLL
EVT00033087,2022-05-20,EMP04815,CC0050,IT,1,Lateral Deployment,,CAD,CA,2022-05-20 11:00:00,PAYROLL
EVT00033475,2022-05-21,EMP01810,CC0008,IT,1,Promotion,80188.06,CAD,CA,2022-05-21 23:00:00,PAYROLL
EVT00033037,2022-05-09,EMP02591,CC0044,EC,3,Departure,,CAD,CA,2022-05-09 07:00:00,PAYROLL
EVT00032326,2022-05-26,EMP04586,CC0073,FI,4,Performance Pay,14658.7,CAD,CA,2022-05-27 07:00:00,PAYROLL
EVT00032725,2022-05-14,EMP99999,CC0099,EN,4,Step Increment,128135.9,CAD,CA,2022-05-14 16:00:00,PAYROLL
EVT00031968,2022-05-19,EMP04023,CC0043,PA,2,Step Increment,76824.17,XXX,CAN,2022-05-20 21:00:00,CORE_HR
EVT00033158,2022-05-14,EMP02874,CC0080,IT,1,Leave Start,,MXN,MEX,2022-05-14 23:00:00,CORE_HR
EVT00032954,2022-05-24,EMP03433,CC0061,FI,5,Lateral Deployment,,CAD,CA,2022-05-25 13:00:00,PAYROLL
EVT00033038,2022-05-16,EMP01400,CC0067,PA,2,Step Increment,74763.21,CAD,CA,2022-05-17 03:00:00,PAYROLL
EVT00033739,2022-05-21,EMP04045,CC0014,AS,2,Performance Pay,3069.33,CAD,CAN,2022-05-21 08:00:00,CORE_HR
EVT00031772,2022-05-03,EMP00974,CC0066,IT,2,Leave Return,,CAD,CAN,2022-05-03 06:00:00,CORE_HR
EVT00032741,2022-05-13,EMP02658,CC0107,PA,1,Departure,,CAD,CAN,2022-05-13 07:00:00,CORE_HR
EVT00032373,2022-05-07,EMP04113,CC0108,FI,1,Leave Return,,USD,US,2022-05-07 17:00:00,PAYROLL
EVT00033219,2022-05-22,EMP00550,CC0025,EC,1,Step Increment,80768.0,CAD,CA,2022-05-22 21:00:00,PAYROLL
EVT00033380,2022-05-13,EMP03899,CC0011,PA,5,Performance Pay,9791.45,CAD,CAN,2022-05-13 22:00:00,CORE_HR
EVT00033258,2022-05-10,EMP04516,CC0023,AS,3,Performance Pay,7263.24,CAD,CAN,2022-05-10 22:00:00,CORE_HR
EVT00032475,2022-05-20,EMP01279,CC0001,PA,2,Leave Start,,CAD,CAN,2022-05-20 16:00:00,CORE_HR
EVT00032545,2022-05-02,EMP02570,CC0101,PA,4,Leave Start,,CAD,CAN,2022-05-03 01:00:00,CORE_HR
EVT00033306,2022-05-21,EMP04214,CC0099,PA,1,Step Increment,61205.24,CAD,CAN,2022-05-22 07:00:00,CORE_HR
EVT00032037,2022-05-05,EMP00687,CC0080,IT,4,Lateral Deployment,,INR,IN,2022-05-05 09:00:00,PAYROLL
EVT00032707,2022-05-09,EMP03653,CC0035,PA,1,Departure,,CAD,CAN,2022-05-10 07:00:00,CORE_HR
EVT00032865,2022-05-13,EMP00453,CC0063,EN,1,Step Increment,65125.91,CAD,CAN,2022-05-13 23:00:00,CORE_HR
EVT00033517,2022-05-17,EMP02480,CC0038,FI,2,Leave Return,,CAD,CAN,2022-05-17 22:00:00,CORE_HR
EVT00033692,2022-05-08,EMP03056,CC0041,EC,5,Leave Start,,CAD,CAN,2022-05-10 16:00:00,CORE_HR
EVT00032778,2022-05-10,EMP00122,CC0113,CR,4,Step Increment,66524.64,CAD,CA,2022-05-11 08:00:00,PAYROLL
EVT00033072,2022-05-19,EMP00910,CC0098,FI,3,Step Increment,90193.05,CAD,CAN,2022-05-19 21:00:00,CORE_HR
EVT00031987,2022-05-03,EMP02232,CC0047,AS,3,Step Increment,71178.81,CAD,CAN,2022-05-03 23:00:00,CORE_HR
EVT00032742,2022-05-16,EMP04027,CC0072,AS,2,Step Increment,66068.04,CAD,CA,2022-05-16 10:00:00,PAYROLL
EVT00032740,2022-05-06,EMP00709,CC0029,AS,5,Step Increment,62713.54,EUR,FRA,2022-05-07 08:00:00,CORE_HR
EVT00032805,2022-05-13,EMP04622,CC0005,EC,2,Step Increment,94052.02,CAD,CA,2022-05-14 09:00:00,PAYROLL
EVT00033152,2022-05-23,EMP03517,CC0058,PA,1,Step Increment,73643.26,CAD,CAN,2022-05-23 16:00:00,CORE_HR
EVT00032768,2022-05-01,EMP00113,CC0084,IT,2,Lateral Deployment,,CAD,CA,2022-05-02 07:00:00,PAYROLL
EVT00032191,2022-05-12,EMP04692,CC0019,EN,5,Lateral Deployment,,CAD,CAN,2022-05-13 14:00:00,CORE_HR
EVT00032531,2022-05-10,EMP02254,CC0031,AS,3,Step Increment,3689375.39,INR,IND,2022-05-11 04:00:00,CORE_HR
EVT00033717,2022-05-20,EMP00464,CC0033,PA,2,Step Increment,72154.75,CAD,CAN,2022-05-20 06:00:00,CORE_HR
EVT00032657,2022-05-03,EMP04319,CC0110,AS,3,Step Increment,74526.62,CAD,CAN,2022-05-04 08:00:00,CORE_HR
EVT00032443,2022-05-11,EMP00374,CC0031,IT,1,Hire,861215.39,MXN,MEX,2022-05-12 05:00:00,CORE_HR
EVT00033168,2022-05-05,EMP02064,CC0049,PA,3,Promotion,4658849.13,INR,IN,2022-05-05 20:00:00,PAYROLL
EVT00032007,2022-05-24,EMP02431,CC0040,PA,1,Lateral Deployment,,CAD,CA,2022-05-24 20:00:00,PAYROLL
EVT00032054,2022-05-26,EMP02488,CC0009,PA,2,Performance Pay,3447.19,AUD,AU,2022-05-26 23:00:00,PAYROLL
EVT00033271,2022-05-11,EMP00923,CC0118,EX,1,Step Increment,103188.61,CAD,CA,2022-05-11 22:00:00,PAYROLL
EVT00032695,2022-05-07,EMP03152,CC0117,FI,2,Performance Pay,7812.59,CAD,CAN,2022-05-08 09:00:00,CORE_HR
EVT00032670,2022-05-05,EMP01748,CC0095,IT,3,Lateral Deployment,,CAD,CAN,2022-05-06 15:00:00,CORE_HR
EVT00032247,2022-05-13,EMP02927,CC0100,FI,2,Leave Start,,CAD,CAN,2022-05-14 01:00:00,CORE_HR
EVT00032935,2022-05-02,EMP03456,CC0031,IT,1,Step Increment,330156.84,BRL,BRA,2022-05-03 03:00:00,CORE_HR
EVT00033374,2022-05-06,EMP04379,CC0029,FI,4,Promotion,452417.17,BRL,BRA,2022-05-06 14:00:00,CORE_HR
EVT00033553,2022-05-05,EMP00770,CC0055,IT,1,Lateral Deployment,,CAD,CA,2022-05-06 08:00:00,PAYROLL
EVT00033647,2022-05-24,EMP00441,CC0020,EX,3,Leave Start,,CAD,CAN,2022-05-24 22:00:00,CORE_HR
EVT00031911,2022-05-04,EMP04050,CC0041,EN,1,Step Increment,82550.78,CAD,CAN,2022-05-04 06:00:00,CORE_HR
EVT00031915,2022-05-06,EMP04240,CC0003,IT,1,Leave Start,,CAD,CAN,2022-05-10 00:00:00,CORE_HR
EVT00032825,2022-05-05,EMP01844,CC0057,AS,2,Performance Pay,7456.93,CAD,CA,2022-05-05 11:00:00,PAYROLL
EVT00033449,2022-05-10,EMP01482,CC0029,CR,1,Departure,,MXN,MX,2022-05-11 09:00:00,PAYROLL
EVT00032125,2022-05-12,EMP04009,CC0035,EX,1,Lateral Deployment,,CAD,CAN,2022-05-13 10:00:00,CORE_HR
EVT00032826,2022-05-17,EMP04326,CC0079,PA,1,Step Increment,65053.18,CAD,CA,2022-05-17 15:00:00,PAYROLL
EVT00032645,2022-05-18,EMP01432,CC0011,EN,2,Departure,,CAD,CA,2022-05-19 05:00:00,PAYROLL
EVT00031954,2022-05-20,EMP03614,CC0104,EX,1,Step Increment,133141.65,CAD,CA,2022-05-20 12:00:00,PAYROLL
EVT00031907,2022-05-12,EMP00357,CC0008,EC,3,Lateral Deployment,,CAD,CA,2022-05-12 19:00:00,PAYROLL
EVT00032667,2022-05-02,EMP03818,CC0076,IT,1,Departure,,CAD,CA,2022-05-03 01:00:00,PAYROLL
EVT00032853,2022-05-23,EMP01089,CC0061,FI,3,Step Increment,87737.68,CAD,CA,2022-05-24 10:00:00,PAYROLL
EVT00033367,2022-05-27,EMP04447,CC0081,EN,1,Departure,,CAD,CAN,2022-05-28 07:00:00,CORE_HR
EVT00032810,2022-05-21,EMP03227,CC0049,EN,2,Leave Start,,JPY,JPN,2022-05-25 08:00:00,CORE_HR
EVT00031741,2022-05-17,EMP00030,CC0114,EX,1,Step Increment,135241.5,CAD,CAN,2022-05-18 08:00:00,CORE_HR
EVT00032411,2022-05-08,EMP04442,CC0094,IT,5,Step Increment,126477.98,CAD,CAN,2022-05-08 11:00:00,CORE_HR
EVT00033570,2022-05-05,EMP01638,CC0091,EX,1,Leave Return,,CAD,CA,2022-05-06 08:00:00,PAYROLL
EVT00033248,2022-05-12,EMP04723,CC0013,IT,3,Departure,,CAD,CAN,2022-05-12 10:00:00,CORE_HR
EVT00032491,2022-05-20,EMP00688,CC0109,IT,2,Performance Pay,5616.56,CAD,CAN,2022-05-20 14:00:00,CORE_HR
EVT00032244,2022-05-10,EMP03722,CC0028,AS,1,Step Increment,52094.79,CAD,CA,2022-05-10 10:00:00,PAYROLL
EVT00032512,2022-05-10,EMP01689,CC0062,PA,3,Step Increment,83655.32,CAD,CAN,2022-05-11 01:00:00,CORE_HR
EVT00032155,2022-05-11,EMP04470,CC0017,FI,4,Lateral Deployment,,CAD,CAN,2022-05-11 21:00:00,CORE_HR
EVT00032844,2022-05-12,EMP01235,CC0114,EX,2,Leave Start,,CAD,CAN,2022-05-13 01:00:00,CORE_HR
EVT00033502,2022-05-27,EMP00970,CC0090,EN,1,Leave Start,,CAD,CA,2022-05-28 15:00:00,PAYROLL
EVT00033707,2022-05-26,EMP04237,CC0014,IT,2,Step Increment,99899.9,CAD,CAN,2022-05-27 10:00:00,CORE_HR
EVT00033591,2022-05-07,EMP03139,CC0111,AS,1,Departure,,MXN,MX,2022-05-08 02:00:00,PAYROLL
EVT00032688,2022-05-19,EMP01657,CC0116,IT,2,Leave Return,,CAD,CAN,2022-05-20 11:00:00,CORE_HR
EVT00033396,2022-05-19,EMP03246,CC0037,IT,3,Step Increment,102626.15,CAD,CA,2022-05-20 05:00:00,PAYROLL
EVT00032653,2022-05-24,EMP04316,CC0049,PA,2,Leave Start,,EUR,DE,2022-05-24 11:00:00,PAYROLL
EVT00032700,2022-05-10,EMP04173,CC0072,PA,3,Hire,77609.03,CAD,CAN,2022-05-11 06:00:00,CORE_HR
EVT00032265,2022-05-24,EMP00431,CC0072,IT,1,Departure,,CAD,CAN,2022-05-24 21:00:00,CORE_HR
EVT00033659,2022-05-18,EMP02092,CC0087,IT,5,Hire,140266.54,CAD,CA,2022-05-19 12:00:00,PAYROLL
EVT00032098,2022-05-23,EMP00707,CC0020,EN,2,Promotion,100329.69,CAD,CA,2022-05-23 18:00:00,PAYROLL
EVT00033302,2022-05-18,EMP04855,CC0039,AS,4,Leave Start,,CAD,CAN,2022-05-18 20:00:00,CORE_HR
EVT00032738,2022-05-20,EMP02225,CC0096,PA,2,Promotion,51131.64,CAD,CAN,2022-05-20 08:00:00,CORE_HR
EVT00033307,2022-05-03,EMP04340,CC0096,PA,2,Promotion,66565.11,CAD,CA,2022-05-04 02:00:00,PAYROLL
EVT00033251,2022-05-05,EMP02167,CC0007,PA,1,Leave Return,,BRL,BRA,2022-05-06 08:00:00,CORE_HR
EVT00031933,2022-05-13,EMP04794,CC0032,FI,2,Leave Return,,CAD,CAN,2022-05-14 10:00:00,CORE_HR
EVT00031981,2022-05-06,EMP00849,CC0051,CR,1,Step Increment,37901.37,CAD,CA,2022-05-06 18:00:00,PAYROLL
EVT00031807,2022-05-03,EMP04846,CC0033,PA,2,Step Increment,67071.52,CAD,CAN,2022-05-03 11:00:00,CORE_HR
EVT00033416,2022-05-23,EMP00566,CC0032,IT,3,Performance Pay,13149.7,CAD,CAN,2022-05-23 23:00:00,CORE_HR
EVT00032202,2022-05-26,EMP04778,CC0055,FI,1,Hire,65934.17,CAD,CAN,2022-05-27 09:00:00,CORE_HR
EVT00033075,2022-05-25,EMP03661,CC0005,EX,2,Promotion,148794.99,CAD,CAN,2022-05-25 11:00:00,CORE_HR
EVT00032310,2022-05-05,EMP01243,CC0074,FI,3,Lateral Deployment,,USD,US,2022-05-05 09:00:00,PAYROLL
EVT00032491,2022-05-20,EMP00688,CC0109,IT,2,Performance Pay,5616.56,CAD,CAN,2022-05-21 17:00:00,CORE_HR
EVT00032624,2022-05-21,EMP01186,CC0073,PA,3,Leave Start,,CAD,CAN,2022-05-22 04:00:00,CORE_HR
EVT00033407,2022-05-18,EMP01128,CC0006,EC,3,Hire,92128.27,CAD,CAN,2022-05-19 14:00:00,CORE_HR
EVT00031945,2022-05-14,EMP02084,CC0052,IT,3,Step Increment,99927.2,CAD,CAN,2022-05-14 23:00:00,CORE_HR
EVT00033662,2022-05-26,EMP00074,CC0030,IT,2,Step Increment,70294.57,USD,US,2022-05-26 07:00:00,PAYROLL
EVT00033005,2022-05-03,EMP01783,CC0083,PA,2,Departure,,CAD,CAN,2022-05-04 05:00:00,CORE_HR
EVT00032720,2022-05-25,EMP02181,CC0052,PA,3,Leave Start,,CAD,CA,2022-05-25 13:00:00,PAYROLL
EVT00032319,2022-05-09,EMP03237,CC0035,EX,2,Lateral Deployment,,CAD,CAN,2022-05-09 14:00:00,CORE_HR
EVT00031733,2022-05-12,EMP03281,CC0118,PA,2,Leave Start,,CAD,CAN,2022-05-13 14:00:00,CORE_HR
EVT00033059,2022-05-07,EMP02745,CC0079,AS,2,Performance Pay,3967.57,CAD,CAN,2022-05-07 07:00:00,CORE_HR
EVT00032989,2022-05-26,EMP00584,CC0078,AS,1,Step Increment,56667.73,CAD,CA,2022-05-27 05:00:00,PAYROLL
EVT00033730,2022-05-15,EMP01472,CC0106,EN,1,Step Increment,80066.27,CAD,CAN,2022-05-16 10:00:00,CORE_HR
EVT00032950,2022-05-06,EMP02922,CC0062,AS,3,Leave Return,,CAD,CA,2022-05-06 20:00:00,PAYROLL
EVT00033429,2022-05-07,EMP04155,CC0022,IT,5,Leave Return,,CAD,CA,2022-05-08 14:00:00,PAYROLL
EVT00032659,2022-05-19,EMP00586,CC0037,CR,1,Performance Pay,4944.65,CAD,CAN,2022-05-19 22:00:00,CORE_HR
EVT00031976,2022-05-06,EMP04405,CC0091,IT,4,Step Increment,116145.69,CAD,CAN,2022-05-06 22:00:00,CORE_HR
EVT00032736,2022-05-02,EMP00862,CC0048,AS,1,Hire,40949.96,CAD,CA,2022-05-03 08:00:00,PAYROLL
EVT00032129,2022-05-21,EMP04140,CC0079,PA,3,Step Increment,69107.24,CAD,CAN,2022-05-22 12:00:00,CORE_HR
EVT00032798,2022-05-24,EMP02844,CC0004,EC,4,Departure,,CAD,CAN,2022-05-24 15:00:00,CORE_HR
EVT00031730,2022-05-01,EMP02700,CC0085,EC,1,Lateral Deployment,,CAD,CAN,2022-05-01 09:00:00,CORE_HR
EVT00031788,2022-05-03,EMP00390,CC0066,EN,2,Step Increment,102708.45,CAD,CAN,2022-05-03 16:00:00,CORE_HR
EVT00033252,2022-05-08,EMP04698,CC0005,PA,1,Performance Pay,5207.02,CAD,CAN,2022-05-09 03:00:00,CORE_HR
EVT00032508,2022-05-02,EMP01615,CC0056,FI,2,Leave Return,,CAD,CAN,2022-05-02 19:00:00,CORE_HR
EVT00032018,2022-05-23,EMP04575,CC0050,IT,3,Performance Pay,11840.76,CAD,CA,2022-05-24 08:00:00,PAYROLL
EVT00032404,2022-05-05,EMP03541,CC0046,PA,4,Departure,,MXN,MEX,2022-05-05 21:00:00,CORE_HR
EVT00033203,2022-05-20,EMP00053,CC0017,PA,1,Performance Pay,3284.55,CAD,CAN,2022-05-20 22:00:00,CORE_HR
EVT00033243,2022-05-17,EMP01064,CC0026,FI,1,Performance Pay,8387.63,CAD,CA,2022-05-18 08:00:00,PAYROLL
EVT00032067,2022-05-09,EMP04519,CC0036,FI,2,Departure,,CAD,CA,2022-05-10 08:00:00,PAYROLL
EVT00031773,2022-05-26,EMP03378,CC0019,AS,3,Step Increment,64309.54,CAD,CA,2022-05-26 14:00:00,PAYROLL
EVT00031766,2022-05-15,EMP02939,CC0094,CR,5,Step Increment,78557.26,CAD,CAN,2022-05-15 06:00:00,CORE_HR
EVT00032542,2022-05-01,EMP03397,CC0089,IT,1,Leave Return,,CAD,CAN,2022-05-02 03:00:00,CORE_HR
EVT00031709,2022-05-24,EMP03077,CC0076,PA,1,Leave Return,,CAD,CAN,2022-05-25 13:00:00,CORE_HR
EVT00031962,2022-05-13,EMP01767,CC0024,AS,4,Lateral Deployment,,CAD,CA,2022-05-13 22:00:00,PAYROLL
EVT00033165,2022-05-21,EMP04205,CC0085,EC,1,Step Increment,88796.4,CAD,CA,2022-05-21 15:00:00,PAYROLL
EVT00031769,2022-05-27,EMP03635,CC0055,IT,2,Step Increment,86784.01,CAD,CAN,2022-05-27 13:00:00,CORE_HR
EVT00033569,2022-05-16,EMP04000,CC0091,IT,3,Leave Return,,CAD,CAN,2022-05-18 22:00:00,CORE_HR
EVT00032446,2022-05-19,EMP04565,CC0086,CR,1,Leave Return,,AUD,AU,2022-05-19 20:00:00,PAYROLL
EVT00033345,2022-05-13,EMP00518,CC0089,CR,1,Leave Return,,CAD,CA,2022-05-13 21:00:00,PAYROLL
EVT00033069,2022-05-13,EMP00451,CC0047,FI,2,Hire,105910.75,CAD,CA,2022-05-14 05:00:00,PAYROLL
EVT00032002,2022-05-27,EMP00708,CC0010,AS,4,Performance Pay,10320.41,CAD,CAN,2022-05-28 13:00:00,CORE_HR
EVT00033431,2022-05-23,EMP00396,CC0071,PA,4,Step Increment,90583.08,CAD,CAN,2022-05-24 08:00:00,CORE_HR
EVT00032673,2022-05-16,EMP01360,CC0049,AS,5,Leave Start,,SGD,SGP,2022-05-17 14:00:00,CORE_HR
EVT00033145,2022-05-24,EMP04036,CC0038,EC,3,Leave Return,,CAD,CA,2022-05-25 14:00:00,PAYROLL
EVT00032649,2022-05-25,EMP02842,CC0039,CR,2,Leave Start,,CAD,CAN,2022-05-25 08:00:00,CORE_HR
EVT00032299,2022-05-08,EMP00776,CC0068,EN,1,Leave Return,,CAD,CAN,2022-05-08 09:00:00,CORE_HR
EVT00032222,2022-05-17,EMP01853,CC0009,EN,1,Hire,9787284.82,KES,KEN,2022-05-17 06:00:00,CORE_HR
EVT00032210,2022-05-16,EMP03853,CC0048,PA,1,Performance Pay,5714.9,CAD,CAN,2022-05-16 20:00:00,CORE_HR
EVT00033596,2022-05-03,EMP01101,CC0020,PA,1,Hire,65239.95,CAD,CAN,2022-05-03 14:00:00,CORE_HR
EVT00033222,2022-05-01,EMP04392,CC0055,PA,5,Lateral Deployment,,CAD,CAN,2022-05-02 13:00:00,CORE_HR
EVT00033221,2022-05-26,EMP04064,CC0117,CR,1,Step Increment,52680.69,CAD,CAN,2022-05-26 08:00:00,CORE_HR
EVT00031940,2022-05-21,EMP03466,CC0012,IT,5,Lateral Deployment,,CAD,CAN,2022-05-21 06:00:00,CORE_HR
EVT00033583,2022-05-17,EMP02184,CC0028,FI,4,Performance Pay,9775.95,CAD,CA,2022-05-17 23:00:00,PAYROLL
EVT00032161,2022-05-24,EMP04721,CC0025,FI,5,Leave Return,,CAD,CA,2022-05-24 13:00:00,PAYROLL
EVT00033058,2022-05-17,EMP02480,CC0038,FI,2,Leave Start,,CAD,CA,2022-05-19 18:00:00,PAYROLL
EVT00032093,2022-05-06,EMP03436,CC0062,PA,3,Leave Start,,CAD,CAN,2022-05-06 08:00:00,CORE_HR
EVT00031861,2022-05-11,EMP04528,CC0012,EC,2,Performance Pay,5801.41,CAD,CA,2022-05-11 16:00:00,PAYROLL
EVT00031732,2022-05-16,EMP00478,CC0032,EC,3,Departure,,CAD,CAN,2022-05-16 19:00:00,CORE_HR
EVT00032872,2022-05-09,EMP04069,CC0057,EC,1,Lateral Deployment,,CAD,CA,2022-05-10 02:00:00,PAYROLL
EVT00032153,2022-05-20,EMP04392,CC0055,PA,5,Leave Return,,CAD,CA,2022-05-21 05:00:00,PAYROLL
EVT00032263,2022-05-15,EMP01017,CC0104,PA,4,Lateral Deployment,,CAD,CA,2022-05-15 21:00:00,PAYROLL
EVT00032413,2022-05-19,EMP04093,CC0015,EN,3,Step Increment,128952.88,CAD,CAN,2022-05-19 11:00:00,CORE_HR
EVT00032823,2022-05-22,EMP01652,CC0038,AS,2,Lateral Deployment,,CAD,CA,2022-05-23 11:00:00,PAYROLL
EVT00031888,2022-05-09,EMP00136,CC0001,IT,1,Step Increment,73341.37,CAD,CAN,2022-05-09 10:00:00,CORE_HR
EVT00032867,2022-05-09,EMP04450,CC0016,EC,4,Lateral Deployment,,CAD,CAN,2022-05-09 23:00:00,CORE_HR
EVT00032770,2022-05-14,EMP03257,CC0109,EC,1,Leave Return,,CAD,CAN,2022-05-15 04:00:00,CORE_HR
EVT00033671,2022-05-12,EMP01784,CC0096,EN,1,Leave Return,,CAD,CA,2022-05-12 20:00:00,PAYROLL
EVT00033683,2022-05-17,EMP03630,CC0078,PA,2,Leave Start,,CAD,CAN,2022-05-18 06:00:00,CORE_HR
EVT00032136,2022-05-24,EMP03600,CC0049,AS,2,Leave Start,,MXN,MEX,2022-05-24 20:00:00,CORE_HR
EVT00033398,2022-05-03,EMP02663,CC0109,PA,2,Step Increment,70329.49,CAD,CAN,2022-05-04 09:00:00,CORE_HR
EVT00032591,2022-05-14,EMP00702,CC0017,FI,1,Leave Return,,CAD,CAN,2022-05-14 15:00:00,CORE_HR
EVT00032478,2022-05-18,EMP04177,CC0004,PA,2,Hire,72374.86,CAD,CA,2022-05-18 23:00:00,PAYROLL
EVT00032337,2022-05-05,EMP02091,CC0069,PA,3,Hire,80254.49,CAD,CAN,2022-05-06 07:00:00,CORE_HR
EVT00032415,2022-05-15,EMP02642,CC0028,FI,1,Lateral Deployment,,CAD,CAN,2022-05-18 20:00:00,CORE_HR
EVT00032464,2022-05-25,EMP00308,CC0119,AS,2,Leave Start,,CAD,CAN,2022-05-25 16:00:00,CORE_HR
EVT00032961,2022-05-27,EMP03462,CC0097,PA,4,Leave Return,,CAD,CAN,2022-05-28 15:00:00,CORE_HR
EVT00033234,2022-05-04,EMP01077,CC0014,IT,1,Step Increment,73690.27,CAD,CA,2022-05-04 12:00:00,PAYROLL
EVT00033068,2022-05-03,EMP04303,CC0019,AS,5,Leave Return,,CAD,CA,2022-05-03 22:00:00,PAYROLL
EVT00032504,2022-05-08,EMP02198,CC0077,PA,1,Performance Pay,5155.87,CAD,CAN,2022-05-08 16:00:00,CORE_HR
EVT00033527,2022-05-13,EMP01682,CC0032,PA,2,Lateral Deployment,,CAD,CAN,2022-05-13 22:00:00,CORE_HR
EVT00032221,2022-05-06,EMP04964,CC0065,PA,3,Performance Pay,22458.76,AED,ARE,2022-05-06 22:00:00,CORE_HR
EVT00032969,2022-05-26,EMP02532,CC0084,CR,1,Leave Start,,CAD,CA,2022-05-26 19:00:00,PAYROLL
EVT00032532,2022-05-07,EMP02245,CC0049,PA,5,Hire,4207825.55,INR,IND,2022-05-07 21:00:00,CORE_HR
EVT00033027,2022-05-15,EMP03993,CC0034,EN,2,Performance Pay,10597.62,CAD,CAN,2022-05-16 16:00:00,CORE_HR
EVT00032371,2022-05-23,EMP03139,CC0111,AS,1,Performance Pay,481289.39,KES,KEN,2022-05-24 04:00:00,CORE_HR
EVT00032898,2022-05-02,EMP00848,CC0097,AS,2,Step Increment,66945.25,CAD,CA,2022-05-02 14:00:00,PAYROLL
EVT00033487,2022-05-11,EMP00711,CC0070,PA,4,Hire,80686.55,CAD,CA,2022-05-11 06:00:00,PAYROLL
EVT00033432,2022-05-23,EMP00244,CC0031,PA,3,Step Increment,45509.93,USD,US,2022-05-23 17:00:00,PAYROLL
EVT00033566,2022-05-05,EMP03007,CC0076,EC,3,Step Increment,100028.94,CAD,CAN,2022-05-06 09:00:00,CORE_HR
EVT00033206,2022-05-11,EMP00754,CC0079,EX,1,Performance Pay,6155.95,CAD,CA,2022-05-12 12:00:00,PAYROLL
EVT00031917,2022-05-18,EMP03643,CC0079,EC,3,Leave Return,,CAD,CA,2022-05-20 12:00:00,PAYROLL
EVT00032154,2022-05-19,EMP00666,CC0118,PA,3,Step Increment,82327.73,CAD,CAN,2022-05-20 10:00:00,CORE_HR
EVT00032889,2022-05-27,EMP01173,CC0061,FI,3,Performance Pay,8274.59,CAD,CAN,2022-05-28 11:00:00,CORE_HR
EVT00033493,2022-05-11,EMP04280,CC0040,EX,2,Lateral Deployment,,CAD,CAN,2022-05-12 14:00:00,CORE_HR
EVT00031731,2022-05-04,EMP01313,CC0069,IT,1,Step Increment,63826.65,CAD,CAN,2022-05-04 15:00:00,CORE_HR
EVT00033358,2022-05-07,EMP01756,CC0041,EC,3,Step Increment,77236.57,CAD,CAN,2022-05-08 09:00:00,CORE_HR
EVT00033458,2022-05-15,EMP03595,CC0049,EN,1,Step Increment,198505.54,AED,AE,2022-05-15 07:00:00,PAYROLL
EVT00032189,2022-05-15,EMP04192,CC0080,PA,5,Performance Pay,764966.19,JPY,JPN,2022-05-15 14:00:00,CORE_HR
EVT00032985,2022-05-12,EMP00469,CC0036,PA,2,Step Increment,66697.16,CAD,CA,2022-05-12 08:00:00,PAYROLL
EVT00033470,2022-05-03,EMP00390,CC0066,EN,2,Step Increment,102593.95,CAD,CA,2022-05-04 01:00:00,PAYROLL
EVT00031824,2022-05-26,EMP00773,CC0092,EC,2,Lateral Deployment,,CAD,CA,2022-05-27 14:00:00,PAYROLL
EVT00032456,2022-05-13,EMP04098,CC0111,PA,1,Departure,,USD,US,2022-05-14 01:00:00,PAYROLL
EVT00032237,2022-05-12,EMP01266,CC0091,PA,4,Performance Pay,10011.77,CAD,CAN,2022-05-13 13:00:00,CORE_HR
EVT00033484,2022-05-06,EMP00042,CC0100,IT,1,Lateral Deployment,,CAD,CA,2022-05-07 00:00:00,PAYROLL
EVT00032057,2022-05-20,EMP04664,CC0093,AS,4,Step Increment,85392.8,CAD,CA,2022-05-20 14:00:00,PAYROLL
EVT00031854,2022-05-05,EMP02175,CC0098,IT,2,Performance Pay,5485.93,CAD,CAN,2022-05-06 02:00:00,CORE_HR
EVT00033020,2022-05-13,EMP00802,CC0036,EX,1,Leave Return,,CAD,CAN,2022-05-13 11:00:00,CORE_HR
EVT00032107,2022-05-14,EMP01354,CC0017,EN,1,Lateral Deployment,,CAD,CAN,2022-05-15 10:00:00,CORE_HR
EVT00033217,2022-05-02,EMP02751,CC0068,FI,3,Promotion,95437.14,CAD,CAN,2022-05-02 11:00:00,CORE_HR
EVT00033607,2022-05-15,EMP00116,CC0015,IT,4,Lateral Deployment,,CAD,CA,2022-05-16 05:00:00,PAYROLL
EVT00032814,2022-05-13,EMP00724,CC0114,PA,1,Lateral Deployment,,CAD,CAN,2022-05-13 20:00:00,CORE_HR
EVT00032033,2022-05-08,EMP01476,CC0028,CR,2,Hire,49577.43,CAD,CA,2022-05-09 10:00:00,PAYROLL
EVT00033229,2022-05-19,EMP03462,CC0097,PA,4,Step Increment,91363.07,CAD,CAN,2022-05-19 14:00:00,CORE_HR
EVT00032432,2022-05-14,EMP03109,CC0093,EX,2,Performance Pay,11780.49,CAD,CA,2022-05-15 07:00:00,PAYROLL
EVT00032453,2022-05-14,EMP04923,CC0020,PA,2,Leave Start,,CAD,CAN,2022-05-14 09:00:00,CORE_HR
EVT00032590,2022-05-22,EMP00408,CC0025,PA,4,Hire,97166.98,CAD,CA,2022-05-22 22:00:00,PAYROLL
EVT00033014,2022-05-23,EMP00959,CC0073,AS,2,Performance Pay,8831.24,CAD,CAN,2022-05-23 08:00:00,CORE_HR
EVT00032703,2022-05-27,EMP00289,CC0015,FI,3,Step Increment,93887.0,CAD,CA,2022-05-27 11:00:00,PAYROLL
EVT00033096,2022-05-14,EMP03251,CC0076,EC,3,Step Increment,91139.64,CAD,CA,2022-05-15 07:00:00,PAYROLL
EVT00032781,2022-05-03,EMP00379,CC0020,AS,3,Departure,,CAD,CA,2022-05-04 09:00:00,PAYROLL
EVT00032668,2022-05-23,EMP00545,CC0114,EN,1,Step Increment,100405.27,CAD,CA,2022-05-24 04:00:00,PAYROLL
EVT00032775,2022-05-11,EMP00864,CC0068,IT,2,Leave Return,,CAD,CA,2022-05-11 08:00:00,PAYROLL
EVT00033462,2022-05-14,EMP01920,CC0071,EN,3,Leave Return,,CAD,CAN,2022-05-14 10:00:00,CORE_HR
EVT00032626,2022-05-20,EMP00378,CC0012,AS,3,Leave Return,,CAD,CAN,2022-05-20 17:00:00,CORE_HR
EVT00033548,2022-05-04,EMP03945,CC0116,PA,3,Promotion,87136.26,CAD,CA,2022-05-05 03:00:00,PAYROLL
EVT00033706,2022-05-10,EMP04723,CC0013,IT,3,Step Increment,116162.22,CAD,CA,2022-05-10 20:00:00,PAYROLL
EVT00031831,2022-05-22,EMP02672,CC0051,PA,2,Performance Pay,6059.46,CAD,CAN,2022-05-23 08:00:00,CORE_HR
EVT00033282,2022-05-06,EMP01093,CC0086,IT,3,Step Increment,9034446.99,JPY,JPN,2022-05-06 12:00:00,CORE_HR
EVT00033126,2022-05-17,EMP00022,CC0064,EX,3,Step Increment,176785.6,CAD,CA,2022-05-17 06:00:00,PAYROLL
EVT00031754,2022-05-01,EMP00694,CC0008,EC,3,Leave Return,,CAD,CAN,2022-05-01 10:00:00,CORE_HR
EVT00033000,2022-05-27,EMP03678,CC0014,EX,2,Performance Pay,17327.63,CAD,CA,2022-05-28 13:00:00,PAYROLL
EVT00032815,2022-05-21,EMP02993,CC0099,PA,3,Promotion,73785.91,CAD,CA,2022-05-22 10:00:00,PAYROLL
EVT00033148,2022-05-19,EMP03584,CC0088,AS,1,Departure,,AED,ARE,2022-05-19 10:00:00,CORE_HR
EVT00033073,2022-05-06,EMP04488,CC0031,CR,3,Step Increment,3157520.66,INR,IN,2022-05-07 00:00:00,PAYROLL
EVT00033624,2022-05-02,EMP00446,CC0004,PA,5,Step Increment,88826.82,CAD,CAN,2022-05-02 13:00:00,CORE_HR
EVT00032246,2022-05-19,EMP03774,CC0068,CR,2,Performance Pay,2324.34,CAD,CA,2022-05-20 00:00:00,PAYROLL
EVT00031794,2022-05-18,EMP03464,CC0030,EN,4,Performance Pay,17503.2,AED,AE,2022-05-19 08:00:00,PAYROLL
EVT00032138,2022-05-11,EMP01395,CC0028,PA,2,Performance Pay,8013.99,CAD,CAN,2022-05-11 14:00:00,CORE_HR
EVT00032672,2022-05-26,EMP03224,CC0113,EX,3,Step Increment,163970.22,CAD,CA,2022-05-26 12:00:00,PAYROLL
EVT00033262,2022-05-12,EMP04061,CC0074,EC,1,Step Increment,876710.04,MXN,MX,2022-05-13 04:00:00,PAYROLL
EVT00032932,2022-05-01,EMP03031,CC0107,IT,3,Hire,116815.82,CAD,CAN,2022-05-01 23:00:00,CORE_HR
EVT00032396,2022-05-16,EMP01924,CC0057,EN,2,Step Increment,104547.31,CAD,CAN,2022-05-17 04:00:00,CORE_HR
EVT00032273,2022-05-17,EMP01267,CC0012,EC,4,Lateral Deployment,,CAD,CAN,2022-05-20 07:00:00,CORE_HR
EVT00033274,2022-05-17,EMP00371,CC0093,AS,5,Hire,65712.93,CAD,CAN,2022-05-18 12:00:00,CORE_HR
EVT00031979,2022-05-05,EMP01982,CC0119,CR,1,Lateral Deployment,,CAD,CAN,2022-05-06 07:00:00,CORE_HR
EVT00031897,2022-05-10,EMP01345,CC0021,IT,2,Performance Pay,12382.21,CAD,CAN,2022-05-13 13:00:00,CORE_HR
EVT00033132,2022-05-26,EMP03199,CC0095,EC,4,Promotion,114626.19,CAD,CAN,2022-05-26 10:00:00,CORE_HR
EVT00032629,2022-05-14,EMP04341,CC0078,EC,1,Step Increment,69600.98,CAD,CAN,2022-05-14 06:00:00,CORE_HR
EVT00032180,2022-05-27,EMP02058,CC0055,EX,1,Lateral Deployment,,CAD,CAN,2022-05-27 15:00:00,CORE_HR
EVT00031718,2022-05-26,EMP03747,CC0118,CR,2,Step Increment,59717.93,CAD,CAN,2022-05-26 23:00:00,CORE_HR
EVT00033086,2022-05-05,EMP02531,CC0091,IT,2,Lateral Deployment,,CAD,CA,2022-05-06 03:00:00,PAYROLL
EVT00031892,2022-05-19,EMP00063,CC0075,EN,1,Departure,,CAD,CAN,2022-05-19 14:00:00,CORE_HR
EVT00032248,2022-05-16,EMP02044,CC0014,EC,2,Step Increment,87605.29,CAD,CAN,2022-05-17 06:00:00,CORE_HR
EVT00032409,2022-05-07,EMP01722,CC0069,PA,1,Step Increment,66905.36,CAD,CA,2022-05-08 12:00:00,PAYROLL
EVT00031740,2022-05-09,EMP04913,CC0101,PA,3,Leave Start,,CAD,CA,2022-05-09 06:00:00,PAYROLL
EVT00032930,2022-05-02,EMP00617,CC0022,EN,3,Step Increment,100267.64,CAD,CAN,2022-05-02 21:00:00,CORE_HR
EVT00033748,2022-05-01,EMP03169,CC0006,IT,1,Promotion,72651.53,CAD,CAN,2022-05-01 19:00:00,CORE_HR
EVT00032838,2022-05-21,EMP03794,CC0085,EX,1,Lateral Deployment,,CAD,CA,2022-05-22 08:00:00,PAYROLL
EVT00031815,2022-05-27,EMP01643,CC0117,CR,4,Hire,71462.25,CAD,CA,2022-05-27 19:00:00,PAYROLL
EVT00033011,2022-05-11,EMP01084,CC0066,IT,3,Departure,,CAD,CA,2022-05-11 17:00:00,PAYROLL
EVT00033656,2022-05-12,EMP04131,CC0035,PA,2,Hire,51322.87,CAD,CA,2022-05-12 22:00:00,PAYROLL
EVT00032036,2022-05-05,EMP01838,CC0085,PA,1,Performance Pay,3987.1,CAD,CAN,2022-05-05 20:00:00,CORE_HR
EVT00031879,2022-05-04,EMP01021,CC0053,EX,2,Performance Pay,18920.93,CAD,CAN,2022-05-04 23:00:00,CORE_HR
EVT00033329,2022-05-08,EMP01320,CC0052,EN,3,Step Increment,115732.65,CAD,CA,2022-05-08 16:00:00,PAYROLL
EVT00033053,2022-05-13,EMP03600,CC0049,AS,2,Performance Pay,250222.48,INR,IND,2022-05-13 19:00:00,CORE_HR
EVT00033201,2022-05-14,EMP03599,CC0096,IT,2,Step Increment,101498.56,CAD,CA,2022-05-14 19:00:00,PAYROLL
EVT00033033,2022-05-13,EMP04459,CC0108,EX,1,Promotion,7518650.55,INR,IND,2022-05-14 14:00:00,CORE_HR
EVT00031832,2022-05-04,EMP03415,CC0046,IT,1,Step Increment,47464.32,GBP,GB,2022-05-04 17:00:00,PAYROLL
EVT00032445,2022-05-09,EMP00817,CC0058,AS,5,Step Increment,83603.47,CAD,CAN,2022-05-10 07:00:00,CORE_HR
EVT00032851,2022-05-03,EMP03952,CC0073,EX,1,Leave Start,,CAD,CAN,2022-05-04 13:00:00,CORE_HR
EVT00033210,2022-05-04,EMP03425,CC0090,IT,4,Performance Pay,16452.21,CAD,CA,2022-05-05 13:00:00,PAYROLL
EVT00033468,2022-05-07,EMP01708,CC0100,PA,3,Leave Start,,CAD,CAN,2022-05-07 17:00:00,CORE_HR
EVT00032052,2022-05-09,EMP03509,CC0055,IT,3,Performance Pay,8215.57,CAD,CA,2022-05-10 06:00:00,PAYROLL
EVT00032357,2022-05-10,EMP04676,CC0098,IT,1,Leave Start,,CAD,CAN,2022-05-10 07:00:00,CORE_HR
EVT00033055,2022-05-15,EMP02367,CC0109,IT,2,Step Increment,93886.86,CAD,CA,2022-05-15 09:00:00,PAYROLL
EVT00032655,2022-05-19,EMP04553,CC0006,AS,2,Lateral Deployment,,CAD,CA,2022-05-20 04:00:00,PAYROLL
EVT00031853,2022-05-27,EMP03432,CC0039,AS,5,Lateral Deployment,,CAD,CAN,2022-05-27 13:00:00,CORE_HR
EVT00032543,2022-05-15,EMP00521,CC0116,EC,4,Step Increment,121117.03,CAD,CAN,2022-05-16 03:00:00,CORE_HR
EVT00032563,2022-05-19,EMP03977,CC0103,FI,3,Hire,86039.92,CAD,CAN,2022-05-20 09:00:00,CORE_HR
EVT00032771,2022-05-23,EMP01325,CC0092,IT,2,Step Increment,89536.86,CAD,CAN,2022-05-23 11:00:00,CORE_HR
EVT00032295,2022-05-09,EMP04534,CC0087,PA,2,Step Increment,53764.72,CAD,CA,2022-05-09 08:00:00,PAYROLL
EVT00033057,2022-05-06,EMP03230,CC0105,EX,1,Performance Pay,6454.38,GBP,GBR,2022-05-08 19:00:00,CORE_HR
EVT00033153,2022-05-06,EMP04795,CC0057,EN,1,Leave Return,,CAD,CAN,2022-05-07 08:00:00,CORE_HR
EVT00032614,2022-05-26,EMP03942,CC0040,IT,4,Performance Pay,13753.21,CAD,CAN,2022-05-26 15:00:00,CORE_HR
EVT00031872,2022-05-18,EMP03534,CC0078,IT,1,Step Increment,93732.1,CAD,CAN,2022-05-18 22:00:00,CORE_HR
EVT00032424,2022-05-12,EMP04810,CC0099,AS,2,Leave Start,,CAD,CAN,2022-05-12 19:00:00,CORE_HR
EVT00032320,2022-05-26,EMP03372,CC0087,EN,1,Promotion,63530.33,CAD,CAN,2022-05-26 06:00:00,CORE_HR
EVT00033382,2022-05-08,EMP00904,CC0014,EN,4,Leave Start,,CAD,CAN,2022-05-08 10:00:00,CORE_HR
EVT00033556,2022-05-01,EMP00444,CC0018,PA,2,Lateral Deployment,,CAD,CAN,2022-05-01 10:00:00,CORE_HR
EVT00032684,2022-05-23,EMP04421,CC0114,CR,3,Step Increment,57464.42,CAD,CA,2022-05-23 10:00:00,PAYROLL
EVT00032327,2022-05-15,EMP02073,CC0077,FI,2,Step Increment,79000.37,CAD,CA,2022-05-16 13:00:00,PAYROLL
EVT00032632,2022-05-06,EMP04116,CC0103,CR,4,Departure,,CAD,CA,2022-05-07 14:00:00,PAYROLL
EVT00031849,2022-05-01,EMP04671,CC0050,IT,2,Leave Start,,CAD,CA,2022-05-01 20:00:00,PAYROLL
EVT00031803,2022-05-21,EMP01715,CC0033,FI,3,Leave Start,,CAD,CAN,2022-05-22 12:00:00,CORE_HR
EVT00033283,2022-05-06,EMP00511,CC0036,EC,3,Lateral Deployment,,CAD,CAN,2022-05-07 08:00:00,CORE_HR
EVT00032372,2022-05-20,EMP00442,CC0083,IT,3,Step Increment,86925.88,CAD,CAN,2022-05-20 06:00:00,CORE_HR
EVT00033552,2022-05-27,EMP00276,CC0011,FI,3,Performance Pay,8861.92,CAD,CAN,2022-05-28 03:00:00,CORE_HR
EVT00031742,2022-05-07,EMP00253,CC0013,PA,4,Leave Return,,CAD,CA,2022-05-08 13:00:00,PAYROLL
EVT00032555,2022-05-16,EMP02595,CC0099,PA,3,Promotion,77517.36,CAD,CAN,2022-05-16 22:00:00,CORE_HR
EVT00032533,2022-05-01,EMP04486,CC0118,EN,4,Promotion,147983.97,CAD,CAN,2022-05-01 09:00:00,CORE_HR
EVT00032997,2022-05-23,EMP04011,CC0119,CR,4,Step Increment,64556.49,CAD,CAN,2022-05-23 08:00:00,CORE_HR
EVT00033567,2022-05-25,EMP01248,CC0053,EC,1,Step Increment,69265.63,CAD,CAN,2022-05-25 21:00:00,CORE_HR
EVT00031892,2022-05-19,EMP00063,CC0075,EN,1,Departure,,CAD,CAN,2022-05-21 04:00:00,CORE_HR
EVT00032019,2022-05-23,EMP04312,CC0092,EN,2,Departure,,CAD,CA,2022-05-23 21:00:00,PAYROLL
EVT00033318,2022-05-16,EMP03902,CC0030,EC,2,Lateral Deployment,,BRL,BR,2022-05-16 17:00:00,PAYROLL
EVT00033144,2022-05-26,EMP04548,CC0058,PA,1,Hire,64035.37,CAD,CAN,2022-05-27 10:00:00,CORE_HR
EVT00033620,2022-05-15,EMP02625,CC0031,EC,5,Performance Pay,10176.87,EUR,FR,2022-05-16 03:00:00,PAYROLL
EVT00031713,2022-05-20,EMP01077,CC0014,IT,1,Step Increment,84677.09,CAD,CA,2022-05-21 13:00:00,PAYROLL
EVT00033422,2022-05-11,EMP02093,CC0066,EX,3,Step Increment,171832.39,CAD,CAN,2022-05-12 05:00:00,CORE_HR
EVT00032503,2022-05-25,EMP02274,CC0069,EN,5,Step Increment,134958.72,CAD,CAN,2022-05-25 10:00:00,CORE_HR
EVT00032787,2022-05-21,EMP04215,CC0024,EX,1,Leave Return,,CAD,CAN,2022-05-21 10:00:00,CORE_HR
EVT00033018,2022-05-09,EMP01430,CC0093,AS,2,Step Increment,63756.38,CAD,CAN,2022-05-09 14:00:00,CORE_HR
EVT00033250,2022-05-21,EMP03343,CC0075,CR,1,Step Increment,52407.51,CAD,CA,2022-05-21 16:00:00,PAYROLL
EVT00032163,2022-05-06,EMP04588,CC0072,EN,2,Departure,,CAD,CAN,2022-05-06 08:00:00,CORE_HR
EVT00031779,2022-05-14,EMP00693,CC0056,IT,2,Leave Start,,CAD,CA,2022-05-14 19:00:00,PAYROLL
EVT00031777,2022-05-22,EMP02279,CC0093,EX,1,Leave Start,,CAD,CAN,2022-05-23 00:00:00,CORE_HR
EVT00033041,2022-05-07,EMP04009,CC0035,EX,1,Step Increment,140279.77,CAD,CAN,2022-05-10 11:00:00,CORE_HR
EVT00032660,2022-05-09,EMP02196,CC0101,EC,1,Step Increment,71394.33,CAD,CAN,2022-05-10 03:00:00,CORE_HR
EVT00032761,2022-05-01,EMP02689,CC0120,AS,1,Leave Start,,CAD,CAN,2022-05-02 02:00:00,CORE_HR
EVT00033600,2022-05-05,EMP04476,CC0102,FI,1,Step Increment,77484.66,CAD,CAN,2022-05-05 11:00:00,CORE_HR
EVT00033461,2022-05-04,EMP02941,CC0088,IT,3,Hire,85162.1,SGD,SGP,2022-05-04 08:00:00,CORE_HR
EVT00032276,2022-05-25,EMP00394,CC0018,IT,3,Step Increment,77720.79,CAD,CAN,2022-05-26 02:00:00,CORE_HR
EVT00031942,2022-05-25,EMP04985,CC0001,EN,3,Leave Start,,CAD,CAN,2022-05-26 03:00:00,CORE_HR
EVT00033384,2022-05-01,EMP00714,CC0021,EC,3,Step Increment,100098.42,CAD,CAN,2022-05-02 01:00:00,CORE_HR
EVT00032041,2022-05-14,EMP04716,CC0109,EN,1,Step Increment,77522.8,CAD,CAN,2022-05-14 18:00:00,CORE_HR
EVT00032346,2022-05-06,EMP02550,CC0088,EN,4,Leave Start,,BRL,BRA,2022-05-07 07:00:00,CORE_HR
EVT00033002,2022-05-11,EMP04637,CC0080,PA,1,Step Increment,43769.37,USD,USA,2022-05-12 13:00:00,CORE_HR
EVT00031727,2022-05-10,EMP00909,CC0076,CR,2,Lateral Deployment,,CAD,CAN,2022-05-10 15:00:00,CORE_HR
EVT00032495,2022-05-01,EMP04689,CC0044,FI,4,Step Increment,111892.06,CAD,CAN,2022-05-01 07:00:00,CORE_HR
EVT00032270,2022-05-04,EMP00016,CC0032,EX,1,Performance Pay,14311.5,CAD,CA,2022-05-05 12:00:00,PAYROLL
EVT00032499,2022-05-06,EMP01558,CC0013,PA,2,Performance Pay,5633.18,CAD,CAN,2022-05-06 19:00:00,CORE_HR
EVT00032415,2022-05-15,EMP02642,CC0028,FI,1,Lateral Deployment,,CAD,CAN,2022-05-16 08:00:00,CORE_HR
EVT00033269,2022-05-27,EMP03229,CC0035,PA,1,Departure,,CAD,CAN,2022-05-27 07:00:00,CORE_HR
EVT00033371,2022-05-10,EMP02364,CC0005,EX,1,Performance Pay,16384.8,CAD,CA,2022-05-11 03:00:00,PAYROLL
EVT00033456,2022-05-02,EMP03630,CC0078,PA,2,Promotion,65438.86,CAD,CA,2022-05-02 08:00:00,PAYROLL
EVT00032218,2022-05-20,EMP01918,CC0108,PA,5,Performance Pay,2707.89,GBP,GB,2022-05-20 09:00:00,PAYROLL
EVT00032848,2022-05-18,EMP01114,CC0005,IT,3,Performance Pay,5594.37,CAD,CAN,2022-05-18 09:00:00,CORE_HR
EVT00033738,2022-05-25,EMP01648,CC0029,EC,1,Leave Start,,SGD,SGP,2022-05-26 11:00:00,CORE_HR
EVT00032126,2022-05-03,EMP02653,CC0018,PA,5,Leave Return,,CAD,CAN,2022-05-03 11:00:00,CORE_HR
EVT00032368,2022-05-14,EMP00483,CC0091,EC,3,Step Increment,100643.84,CAD,CAN,2022-05-14 13:00:00,CORE_HR
EVT00032001,2022-05-26,EMP03902,CC0030,EC,2,Leave Start,,MXN,MEX,2022-05-26 09:00:00,CORE_HR
EVT00032666,2022-05-15,EMP01932,CC0116,IT,4,Leave Return,,CAD,CAN,2022-05-15 18:00:00,CORE_HR
EVT00031929,2022-05-10,EMP00855,CC0019,PA,1,Step Increment,56714.75,CAD,CAN,2022-05-10 13:00:00,CORE_HR
EVT00031785,2022-05-13,EMP01502,CC0041,AS,3,Lateral Deployment,,CAD,CAN,2022-05-13 09:00:00,CORE_HR
EVT00032028,2022-05-03,EMP01125,CC0030,IT,3,Lateral Deployment,,INR,IN,2022-05-04 12:00:00,PAYROLL
EVT00032782,2022-05-20,EMP00554,CC0021,CR,5,Step Increment,71226.95,CAD,CAN,2022-05-21 03:00:00,CORE_HR
EVT00032088,2022-05-07,EMP00251,CC0084,FI,4,Leave Start,,CAD,CA,2022-05-07 10:00:00,PAYROLL
EVT00032170,2022-05-16,EMP03247,CC0088,IT,2,Promotion,1169850.94,MXN,MEX,2022-05-16 20:00:00,CORE_HR
EVT00031996,2022-05-24,EMP03036,CC0114,PA,1,Lateral Deployment,,CAD,CAN,2022-05-24 09:00:00,CORE_HR
EVT00031898,2022-05-06,EMP00495,CC0085,FI,3,Departure,,CAD,CAN,2022-05-06 06:00:00,CORE_HR
EVT00033611,2022-05-15,EMP04966,CC0116,IT,2,Step Increment,96724.88,CAD,CA,2022-05-15 21:00:00,PAYROLL
EVT00033670,2022-05-20,EMP01388,CC0053,PA,3,Step Increment,65238.74,CAD,CA,2022-05-20 20:00:00,PAYROLL
EVT00031998,2022-05-24,EMP00750,CC0022,AS,1,Lateral Deployment,,CAD,CAN,2022-05-24 09:00:00,CORE_HR
EVT00031726,2022-05-18,EMP01761,CC0025,CR,3,Leave Start,,CAD,CAN,2022-05-20 15:00:00,CORE_HR
EVT00031959,2022-05-15,EMP02342,CC0059,IT,4,Leave Return,,CAD,CAN,2022-05-16 02:00:00,CORE_HR
EVT00033542,2022-05-26,EMP01123,CC0085,IT,3,Leave Start,,CAD,CAN,2022-05-28 06:00:00,CORE_HR
EVT00032534,2022-05-14,EMP00670,CC0049,IT,4,Leave Return,,USD,US,2022-05-14 13:00:00,PAYROLL
EVT00033108,2022-05-13,EMP00892,CC0093,EN,1,Performance Pay,9879.1,CAD,CA,2022-05-14 12:00:00,PAYROLL
EVT00033593,2022-05-16,EMP03949,CC0022,PA,3,Step Increment,77182.14,CAD,CAN,2022-05-17 06:00:00,CORE_HR
EVT00031994,2022-05-21,EMP00964,CC0120,EC,1,Lateral Deployment,,CAD,CA,2022-05-22 02:00:00,PAYROLL
EVT00032206,2022-05-06,EMP04291,CC0034,FI,1,Departure,,CAD,CAN,2022-05-07 02:00:00,CORE_HR
EVT00031928,2022-05-07,EMP00302,CC0096,EN,3,Hire,104938.93,CAD,CAN,2022-05-08 12:00:00,CORE_HR
EVT00032131,2022-05-17,EMP03641,CC0064,EC,4,Leave Start,,CAD,CA,2022-05-17 20:00:00,PAYROLL
EVT00033312,2022-05-22,EMP01801,CC0010,PA,3,Step Increment,102211.02,CAD,CA,2022-05-23 07:00:00,PAYROLL
EVT00032621,2022-05-04,EMP04510,CC0032,FI,1,Leave Return,,CAD,CAN,2022-05-04 13:00:00,CORE_HR
EVT00033129,2022-05-16,EMP04032,CC0011,FI,1,Step Increment,91770.17,CAD,CAN,2022-05-17 13:00:00,CORE_HR
EVT00033230,2022-05-11,EMP99999,CC0012,CR,1,Step Increment,52754.62,CAD,CA,2022-05-12 13:00:00,PAYROLL
EVT00031969,2022-05-16,EMP01241,CC0049,PA,4,Step Increment,4382381.92,INR,IND,2022-05-16 08:00:00,CORE_HR
EVT00033585,2022-05-09,EMP02504,CC0117,AS,4,Leave Return,,CAD,CA,2022-05-09 07:00:00,PAYROLL
EVT00032307,2022-05-12,EMP03880,CC0058,CR,3,Promotion,47839.76,CAD,CA,2022-05-12 17:00:00,PAYROLL
EVT00033330,2022-05-27,EMP00635,CC0079,EC,3,Performance Pay,10686.98,CAD,CAN,2022-05-27 20:00:00,CORE_HR
EVT00032110,2022-05-20,EMP04067,CC0097,PA,1,Leave Return,,CAD,CAN,2022-05-21 02:00:00,CORE_HR
EVT00031988,2022-05-02,EMP00510,CC0053,PA,3,Performance Pay,5146.43,CAD,CAN,2022-05-03 10:00:00,CORE_HR
EVT00031886,2022-05-27,EMP02239,CC0076,IT,2,Leave Start,,CAD,CAN,2022-05-28 08:00:00,CORE_HR
EVT00033334,2022-05-19,EMP02661,CC0062,AS,3,Leave Start,,CAD,CA,2022-05-20 00:00:00,PAYROLL
EVT00031838,2022-05-24,EMP03148,CC0021,AS,1,Leave Return,,CAD,CA,2022-05-24 16:00:00,PAYROLL
EVT00032896,2022-05-19,EMP00124,CC0003,CR,4,Leave Return,,CAD,CAN,2022-05-20 05:00:00,CORE_HR
EVT00033391,2022-05-10,EMP03329,CC0026,AS,2,Step Increment,49545.41,CAD,CAN,2022-05-11 02:00:00,CORE_HR
EVT00033362,2022-05-18,EMP04883,CC0094,PA,1,Performance Pay,6643.59,CAD,CAN,2022-05-18 20:00:00,CORE_HR
EVT00033460,2022-05-07,EMP01306,CC0036,PA,5,Leave Return,,CAD,CAN,2022-05-08 05:00:00,CORE_HR
EVT00031814,2022-05-11,EMP03123,CC0048,AS,5,Performance Pay,10846.41,CAD,CAN,2022-05-12 06:00:00,CORE_HR
EVT00033350,2022-05-16,EMP01661,CC0106,AS,2,Leave Start,,CAD,CA,2022-05-17 03:00:00,PAYROLL
EVT00032978,2022-05-26,EMP02169,CC0027,EN,4,Step Increment,130282.67,CAD,CA,2022-05-26 11:00:00,PAYROLL
EVT00032983,2022-05-22,EMP00144,CC0106,FI,3,Departure,,CAD,CA,2022-05-23 07:00:00,PAYROLL
EVT00032110,2022-05-20,EMP99999,CC0097,PA,1,Leave Return,,CAD,CAN,2022-05-22 17:00:00,CORE_HR
EVT00033338,2022-05-21,EMP04303,CC0019,AS,5,Departure,,CAD,CAN,2022-05-21 18:00:00,CORE_HR
EVT00032724,2022-05-05,EMP02539,CC0074,EC,1,Step Increment,285514.52,BRL,BR,2022-05-05 14:00:00,PAYROLL
EVT00032745,2022-05-22,EMP04680,CC0078,CR,3,Leave Start,,CAD,CAN,2022-05-23 15:00:00,CORE_HR
EVT00032750,2022-05-22,EMP04938,CC0046,EC,3,Step Increment,55215.87,GBP,GB,2022-05-22 22:00:00,PAYROLL
EVT00033608,2022-05-25,EMP04746,CC0070,EC,3,Lateral Deployment,,CAD,CA,2022-05-26 15:00:00,PAYROLL
EVT00031838,2022-05-24,EMP03148,CC0021,AS,1,Leave Return,,CAD,CA,2022-05-26 13:00:00,PAYROLL
EVT00032739,2022-05-27,EMP01225,CC0048,FI,2,Departure,,CAD,CA,2022-05-28 12:00:00,PAYROLL
EVT00033344,2022-05-19,EMP04856,CC0082,CR,1,Step Increment,49132.64,CAD,CA,2022-05-19 23:00:00,PAYROLL
EVT00032931,2022-05-18,EMP01856,CC0029,IT,1,Promotion,57562.87,EUR,DEU,2022-05-19 16:00:00,CORE_HR
EVT00033079,2022-05-02,EMP01029,CC0089,CR,3,Performance Pay,6394.07,CAD,CA,2022-05-02 08:00:00,PAYROLL
EVT00032832,2022-05-06,EMP00254,CC0077,AS,5,Lateral Deployment,,CAD,CA,2022-05-06 08:00:00,PAYROLL
EVT00033431,2022-05-23,EMP00396,CC0071,PA,4,Step Increment,90583.08,CAD,CAN,2022-05-25 17:00:00,CORE_HR
EVT00032579,2022-05-13,EMP00422,CC0115,PA,5,Leave Return,,CAD,CAN,2022-05-13 17:00:00,CORE_HR
EVT00032494,2022-05-01,EMP01389,CC0022,EX,1,Step Increment,121755.61,CAD,CAN,2022-05-02 08:00:00,CORE_HR
EVT00032023,2022-05-16,EMP00349,CC0112,EC,3,Lateral Deployment,,CAD,CAN,2022-05-16 09:00:00,CORE_HR
EVT00031776,2022-05-16,EMP01758,CC0047,FI,1,Leave Return,,CAD,CA,2022-05-16 14:00:00,PAYROLL
EVT00032397,2022-05-13,EMP00836,CC0118,AS,1,Promotion,59660.26,CAD,CAN,2022-05-14 12:00:00,CORE_HR
EVT00033007,2022-05-25,EMP00418,CC0045,AS,3,Step Increment,74976.25,CAD,CAN,2022-05-25 22:00:00,CORE_HR
EVT00031923,2022-05-01,EMP01944,CC0066,CR,5,Performance Pay,3758.32,CAD,CAN,2022-05-01 12:00:00,CORE_HR
EVT00033047,2022-05-22,EMP01024,CC0076,EN,1,Leave Start,,CAD,CAN,2022-05-22 13:00:00,CORE_HR
EVT00031992,2022-05-16,EMP04143,CC0012,AS,2,Step Increment,68316.14,CAD,CA,2022-05-17 03:00:00,PAYROLL
EVT00032946,2022-05-07,EMP00210,CC0078,IT,2,Step Increment,93978.32,CAD,CA,2022-05-07 18:00:00,PAYROLL
EVT00032752,2022-05-26,EMP00624,CC0030,IT,2,Performance Pay,6632.18,GBP,GB,2022-05-26 08:00:00,PAYROLL
EVT00032435,2022-05-07,EMP04447,CC0081,EN,1,Leave Return,,CAD,CAN,2022-05-08 09:00:00,CORE_HR
EVT00032650,2022-05-02,EMP00262,CC0018,FI,5,Leave Return,,CAD,CAN,2022-05-03 04:00:00,CORE_HR
EVT00032540,2022-05-09,EMP02726,CC0041,PA,2,Promotion,72024.57,CAD,CAN,2022-05-10 00:00:00,CORE_HR
EVT00032758,2022-05-25,EMP03686,CC0098,IT,3,Leave Return,,CAD,CA,2022-05-25 07:00:00,PAYROLL
EVT00032794,2022-05-24,EMP01425,CC0100,CR,4,Step Increment,70598.18,CAD,CAN,2022-05-25 13:00:00,CORE_HR
EVT00032203,2022-05-10,EMP01654,CC0112,FI,2,Lateral Deployment,,CAD,CAN,2022-05-11 08:00:00,CORE_HR
EVT00031809,2022-05-04,EMP01421,CC0058,AS,3,Performance Pay,7514.54,CAD,CAN,2022-05-05 08:00:00,CORE_HR
EVT00032980,2022-05-06,EMP02543,CC0001,IT,4,Step Increment,88526.16,CAD,CA,2022-05-06 13:00:00,PAYROLL
EVT00031796,2022-05-18,EMP01650,CC0104,IT,1,Leave Return,,CAD,CA,2022-05-18 21:00:00,PAYROLL
EVT00033389,2022-05-27,EMP04512,CC0032,EC,5,Leave Start,,CAD,CA,2022-05-27 18:00:00,PAYROLL
EVT00033406,2022-05-22,EMP03166,CC0040,EN,2,Lateral Deployment,,CAD,CAN,2022-05-22 14:00:00,CORE_HR
EVT00033616,2022-05-07,EMP01955,CC0026,AS,1,Promotion,61496.64,CAD,CA,2022-05-07 12:00:00,PAYROLL
EVT00032306,2022-05-18,EMP04792,CC0020,IT,2,Step Increment,88569.74,CAD,CAN,2022-05-18 20:00:00,CORE_HR
EVT00032311,2022-05-04,EMP02521,CC0045,IT,1,Leave Return,,CAD,CAN,2022-05-04 08:00:00,CORE_HR
EVT00032151,2022-05-10,EMP02231,CC0098,CR,2,Leave Return,,CAD,CAN,2022-05-11 08:00:00,CORE_HR
EVT00032613,2022-05-15,EMP00475,CC0081,EN,1,Performance Pay,7687.76,CAD,CA,2022-05-15 21:00:00,PAYROLL
EVT00032393,2022-05-18,EMP01855,CC0092,PA,3,Performance Pay,9421.0,CAD,CA,2022-05-19 03:00:00,PAYROLL
EVT00031850,2022-05-24,EMP03751,CC0044,IT,1,Step Increment,76060.1,CAD,CAN,2022-05-24 22:00:00,CORE_HR
EVT00032575,2022-05-13,EMP03586,CC0028,PA,2,Leave Return,,CAD,CAN,2022-05-14 09:00:00,CORE_HR
EVT00032654,2022-05-10,EMP02031,CC0081,CR,1,Step Increment,55319.46,CAD,CA,2022-05-11 04:00:00,PAYROLL
EVT00032851,2022-05-03,EMP03952,CC0073,EX,1,Leave Start,,CAD,CAN,2022-05-07 12:00:00,CORE_HR
EVT00032089,2022-05-26,EMP02719,CC0114,EX,1,Performance Pay,13044.52,CAD,CAN,2022-05-26 18:00:00,CORE_HR
EVT00033257,2022-05-12,EMP00713,CC0004,AS,5,Step Increment,89403.27,CAD,CA,2022-05-13 08:00:00,PAYROLL
EVT00032587,2022-05-10,EMP03229,CC0035,PA,1,Leave Start,,CAD,CAN,2022-05-11 03:00:00,CORE_HR
EVT00032856,2022-05-10,EMP02899,CC0018,AS,3,Step Increment,74692.86,CAD,CAN,2022-05-10 09:00:00,CORE_HR
EVT00033725,2022-05-17,EMP00827,CC0115,EC,5,Step Increment,150385.79,CAD,CAN,2022-05-17 20:00:00,CORE_HR
EVT00033595,2022-05-18,EMP02898,CC0100,CR,2,Leave Return,,CAD,CAN,2022-05-19 14:00:00,CORE_HR
EVT00032564,2022-05-17,EMP02595,CC0099,PA,3,Leave Start,,CAD,CAN,2022-05-18 14:00:00,CORE_HR
EVT00032241,2022-05-22,EMP01256,CC0008,FI,3,Leave Return,,CAD,CAN,2022-05-22 12:00:00,CORE_HR
EVT00033019,2022-05-08,EMP03722,CC0028,AS,1,Step Increment,45344.25,CAD,CAN,2022-05-08 15:00:00,CORE_HR
EVT00033215,2022-05-09,EMP03748,CC0107,PA,5,Step Increment,107531.17,CAD,CA,2022-05-09 18:00:00,PAYROLL
EVT00033315,2022-05-23,EMP00797,CC0109,FI,4,Performance Pay,9532.53,CAD,CAN,2022-05-23 14:00:00,CORE_HR
EVT00032859,2022-05-22,EMP04245,CC0120,EC,4,Step Increment,109155.92,CAD,CAN,2022-05-22 18:00:00,CORE_HR
EVT00033293,2022-05-25,EMP00197,CC0100,PA,1,Leave Start,,CAD,CAN,2022-05-25 19:00:00,CORE_HR
EVT00033056,2022-05-20,EMP00586,CC0037,CR,1,Lateral Deployment,,CAD,CA,2022-05-21 02:00:00,PAYROLL
EVT00032960,2022-05-13,EMP04639,CC0030,EX,2,Leave Start,,MXN,MX,2022-05-14 04:00:00,PAYROLL
EVT00033207,2022-05-03,EMP00804,CC0022,EX,2,Leave Return,,CAD,CAN,2022-05-03 22:00:00,CORE_HR
EVT00032816,2022-05-12,EMP01029,CC0089,CR,3,Step Increment,62237.22,CAD,CA,2022-05-13 12:00:00,PAYROLL
EVT00033156,2022-05-06,EMP03427,CC0107,CR,2,Departure,,CAD,CAN,2022-05-07 13:00:00,CORE_HR
EVT00033532,2022-05-20,EMP03423,CC0065,AS,3,Step Increment,7942724.61,KES,KEN,2022-05-21 09:00:00,CORE_HR
EVT00032523,2022-05-06,EMP04634,CC0001,IT,4,Departure,,CAD,CAN,2022-05-06 23:00:00,CORE_HR
EVT00032840,2022-05-19,EMP04611,CC0119,PA,2,Step Increment,73356.34,CAD,CAN,2022-05-20 09:00:00,CORE_HR
EVT00033310,2022-05-11,EMP00233,CC0072,PA,2,Step Increment,66721.29,CAD,CA,2022-05-11 06:00:00,PAYROLL
EVT00033543,2022-05-12,EMP04027,CC0072,AS,2,Performance Pay,4119.49,CAD,CA,2022-05-13 02:00:00,PAYROLL
EVT00032139,2022-05-24,EMP00104,CC0087,FI,3,Step Increment,89751.28,CAD,CA,2022-05-24 12:00:00,PAYROLL
EVT00033615,2022-05-03,EMP03704,CC0006,FI,3,Step Increment,87627.1,CAD,CAN,2022-05-04 09:00:00,CORE_HR
EVT00031717,2022-05-09,EMP04864,CC0102,AS,3,Lateral Deployment,,CAD,CA,2022-05-09 11:00:00,PAYROLL
EVT00033735,2022-05-08,EMP01210,CC0092,PA,2,Departure,,CAD,CAN,2022-05-09 08:00:00,CORE_HR
EVT00032519,2022-05-17,EMP04786,CC0090,IT,1,Lateral Deployment,,CAD,CA,2022-05-18 00:00:00,PAYROLL
EVT00031899,2022-05-06,EMP01184,CC0041,EX,1,Leave Start,,CAD,CAN,2022-05-07 00:00:00,CORE_HR
EVT00033360,2022-05-26,EMP01882,CC0024,IT,3,Step Increment,105874.44,CAD,CA,2022-05-26 19:00:00,PAYROLL
EVT00032227,2022-05-25,EMP00834,CC0061,PA,1,Step Increment,62263.2,CAD,CAN,2022-05-25 07:00:00,CORE_HR
EVT00031791,2022-05-18,EMP03237,CC0035,EX,2,Leave Return,,CAD,CA,2022-05-18 06:00:00,PAYROLL
EVT00032408,2022-05-15,EMP02247,CC0056,EN,3,Lateral Deployment,,CAD,CAN,2022-05-15 12:00:00,CORE_HR
EVT00033669,2022-05-13,EMP02854,CC0081,EN,3,Leave Return,,CAD,CA,2022-05-13 16:00:00,PAYROLL
EVT00032268,2022-05-08,EMP00343,CC0104,PA,3,Step Increment,90680.48,CAD,CA,2022-05-08 06:00:00,PAYROLL
EVT00032269,2022-05-17,EMP01647,CC0077,PA,2,Step Increment,63715.51,CAD,CAN,2022-05-18 15:00:00,CORE_HR
EVT00032843,2022-05-22,EMP00311,CC0012,EX,2,Departure,,CAD,CAN,2022-05-22 10:00:00,CORE_HR
EVT00032649,2022-05-25,EMP02842,CC0039,CR,2,Leave Start,,CAD,CAN,2022-05-26 01:00:00,CORE_HR
EVT00033513,2022-05-20,EMP02519,CC0025,PA,4,Step Increment,88994.13,CAD,CAN,2022-05-20 17:00:00,CORE_HR
EVT00032556,2022-05-06,EMP00211,CC0054,PA,3,Leave Return,,MXN,MX,2022-05-06 20:00:00,PAYROLL
EVT00032804,2022-05-08,EMP04757,CC0036,EX,2,Leave Return,,CAD,CA,2022-05-08 17:00:00,PAYROLL
EVT00033187,2022-05-15,EMP01755,CC0047,PA,4,Departure,,CAD,CAN,2022-05-16 02:00:00,CORE_HR
EVT00032959,2022-05-13,EMP99999,CC0017,FI,3,Leave Return,,CAD,CAN,2022-05-13 11:00:00,CORE_HR
EVT00032934,2022-05-12,EMP04852,CC0077,EN,3,Step Increment,106676.9,CAD,CAN,2022-05-12 09:00:00,CORE_HR
EVT00032953,2022-05-16,EMP00956,CC0050,IT,1,Promotion,78754.14,CAD,CAN,2022-05-17 13:00:00,CORE_HR
EVT00033300,2022-05-18,EMP03623,CC0094,PA,3,Promotion,87051.13,CAD,CAN,2022-05-18 11:00:00,CORE_HR
EVT00031908,2022-05-03,EMP03941,CC0055,IT,3,Leave Return,,CAD,CAN,2022-05-03 20:00:00,CORE_HR
EVT00032379,2022-05-21,EMP04334,CC0117,PA,2,Promotion,87111.48,CAD,CAN,2022-05-21 14:00:00,CORE_HR
EVT00033702,2022-05-22,EMP03777,CC0105,IT,1,Hire,60874.02,EUR,FRA,2022-05-22 13:00:00,CORE_HR
EVT00033088,2022-05-15,EMP03967,CC0072,EN,4,Step Increment,116845.87,CAD,CAN,2022-05-16 11:00:00,CORE_HR
EVT00032947,2022-05-18,EMP04131,CC0035,PA,2,Step Increment,65716.89,CAD,CAN,2022-05-19 14:00:00,CORE_HR
EVT00032289,2022-05-05,EMP02526,CC0014,EC,1,Step Increment,73795.52,CAD,CAN,2022-05-05 12:00:00,CORE_HR
EVT00031920,2022-05-10,EMP01084,CC0066,IT,3,Leave Return,,CAD,CAN,2022-05-10 10:00:00,CORE_HR
EVT00032330,2022-05-21,EMP01711,CC0023,PA,3,Leave Start,,CAD,CAN,2022-05-21 18:00:00,CORE_HR
EVT00033102,2022-05-25,EMP03755,CC0012,CR,1,Performance Pay,6840.89,CAD,CAN,2022-05-26 00:00:00,CORE_HR
EVT00032324,2022-05-22,EMP01183,CC0081,PA,2,Leave Start,,CAD,CAN,2022-05-22 11:00:00,CORE_HR
EVT00033182,2022-05-04,EMP01761,CC0025,CR,3,Leave Return,,CAD,CA,2022-05-04 18:00:00,PAYROLL
EVT00033332,2022-05-25,EMP02169,CC0027,EN,4,Promotion,120795.43,CAD,CAN,2022-05-25 13:00:00,CORE_HR
EVT00033652,2022-05-22,EMP00999,CC0086,EC,3,Leave Start,,KES,KEN,2022-05-23 05:00:00,CORE_HR
EVT00032184,2022-05-02,EMP04584,CC0064,FI,2,Lateral Deployment,,CAD,CA,2022-05-03 05:00:00,PAYROLL
EVT00033574,2022-05-03,EMP04512,CC0032,EC,5,Hire,125856.74,CAD,CAN,2022-05-03 18:00:00,CORE_HR
EVT00032502,2022-05-18,EMP02261,CC0036,FI,2,Step Increment,75452.89,CAD,CA,2022-05-18 13:00:00,PAYROLL
EVT00032005,2022-05-21,EMP01874,CC0079,PA,4,Step Increment,86423.44,CAD,CA,2022-05-22 14:00:00,PAYROLL
EVT00032190,2022-05-09,EMP02697,CC0079,IT,1,Hire,83827.85,CAD,CA,2022-05-10 01:00:00,PAYROLL
EVT00032712,2022-05-26,EMP03940,CC0081,CR,2,Step Increment,47276.21,CAD,CA,2022-05-26 17:00:00,PAYROLL
EVT00031865,2022-05-03,EMP01074,CC0049,CR,5,Step Increment,61012.78,SGD,SG,2022-05-04 09:00:00,PAYROLL
EVT00033752,2022-05-22,EMP00123,CC0117,AS,2,Leave Return,,CAD,CAN,2022-05-23 03:00:00,CORE_HR
EVT00032895,2022-05-11,EMP04986,CC0049,EN,1,Step Increment,6412014.82,JPY,JP,2022-05-11 10:00:00,PAYROLL
EVT00032481,2022-05-26,EMP04610,CC0108,IT,3,Promotion,158984.37,AUD,AUS,2022-05-26 06:00:00,CORE_HR
EVT00032604,2022-05-04,EMP01713,CC0040,PA,2,Step Increment,77005.26,CAD,CA,2022-05-04 14:00:00,PAYROLL
EVT00033511,2022-05-22,EMP03968,CC0014,PA,3,Departure,,CAD,CAN,2022-05-22 07:00:00,CORE_HR
EVT00033354,2022-05-26,EMP01550,CC0034,PA,1,Leave Start,,CAD,CA,2022-05-27 15:00:00,PAYROLL
EVT00033677,2022-05-25,EMP03784,CC0031,EC,2,Leave Start,,SGD,SGP,2022-05-26 15:00:00,CORE_HR
EVT00031914,2022-05-07,EMP03510,CC0056,PA,1,Step Increment,66865.05,CAD,CA,2022-05-07 21:00:00,PAYROLL
EVT00032455,2022-05-04,EMP00292,CC0009,EX,1,Step Increment,106309.46,USD,US,2022-05-04 11:00:00,PAYROLL
EVT00033565,2022-05-11,EMP00335,CC0014,CR,2,Step Increment,54591.0,CAD,CA,2022-05-11 15:00:00,PAYROLL
EVT00033025,2022-05-03,EMP01977,CC0023,IT,2,Leave Return,,CAD,CA,2022-05-03 12:00:00,PAYROLL
EVT00033445,2022-05-09,EMP01960,CC0094,EN,1,Leave Start,,CAD,CAN,2022-05-10 11:00:00,CORE_HR
EVT00033199,2022-05-07,EMP04324,CC0083,PA,4,Performance Pay,8558.14,CAD,CAN,2022-05-08 01:00:00,CORE_HR
EVT00032609,2022-05-10,EMP01872,CC0088,FI,3,Step Increment,61452.38,GBP,GB,2022-05-10 16:00:00,PAYROLL
EVT00033104,2022-05-01,EMP01145,CC0094,EC,1,Lateral Deployment,,CAD,CA,2022-05-02 10:00:00,PAYROLL
EVT00031721,2022-05-16,EMP00371,CC0093,AS,5,Performance Pay,7879.52,CAD,CAN,2022-05-17 10:00:00,CORE_HR
EVT00033040,2022-05-14,EMP03536,CC0051,EN,5,Step Increment,141636.02,CAD,CA,2022-05-15 15:00:00,PAYROLL
EVT00031765,2022-05-19,EMP02760,CC0052,AS,4,Step Increment,74002.16,CAD,CA,2022-05-19 06:00:00,PAYROLL
EVT00033569,2022-05-16,EMP04000,CC0091,IT,3,Leave Return,,CAD,CAN,2022-05-17 06:00:00,CORE_HR
EVT00032100,2022-05-16,EMP02229,CC0013,CR,1,Step Increment,53840.02,CAD,CA,2022-05-16 21:00:00,PAYROLL
EVT00032144,2022-05-08,EMP03596,CC0073,EC,1,Leave Return,,CAD,CA,2022-05-08 12:00:00,PAYROLL
EVT00033729,2022-05-14,EMP02071,CC0008,FI,1,Step Increment,67569.3,CAD,CA,2022-05-14 10:00:00,PAYROLL
EVT00032943,2022-05-06,EMP02938,CC0116,AS,1,Hire,55548.32,CAD,CA,2022-05-06 23:00:00,PAYROLL
EVT00032956,2022-05-18,EMP01124,CC0072,EX,1,Lateral Deployment,,CAD,CAN,2022-05-18 19:00:00,CORE_HR
EVT00033704,2022-05-12,EMP00038,CC0101,PA,3,Lateral Deployment,,XXX,CA,2022-05-13 05:00:00,PAYROLL
EVT00031808,2022-05-24,EMP00616,CC0016,EC,5,Departure,,CAD,CA,2022-05-24 06:00:00,PAYROLL
EVT00031745,2022-05-27,EMP02888,CC0052,CR,2,Step Increment,55997.96,CAD,CA,2022-05-28 11:00:00,PAYROLL
EVT00033327,2022-05-19,EMP00164,CC0045,IT,3,Departure,,CAD,CAN,2022-05-19 08:00:00,CORE_HR
EVT00033434,2022-05-25,EMP04051,CC0024,CR,3,Step Increment,59677.65,CAD,CAN,2022-05-26 10:00:00,CORE_HR
EVT00032919,2022-05-17,EMP04461,CC0003,FI,2,Leave Return,,CAD,CAN,2022-05-17 19:00:00,CORE_HR
EVT00031951,2022-05-19,EMP01508,CC0110,PA,3,Leave Return,,CAD,CA,2022-05-19 11:00:00,PAYROLL
EVT00032256,2022-05-09,EMP02151,CC0070,AS,2,Performance Pay,6600.3,CAD,CAN,2022-05-09 20:00:00,CORE_HR
EVT00033609,2022-05-06,EMP00381,CC0048,EX,2,Performance Pay,19282.27,CAD,CAN,2022-05-07 00:00:00,CORE_HR
EVT00033183,2022-05-01,EMP04067,CC0097,PA,1,Hire,59010.64,CAD,CA,2022-05-02 00:00:00,PAYROLL
EVT00032118,2022-05-03,EMP00814,CC0023,PA,3,Step Increment,87329.24,CAD,CAN,2022-05-04 14:00:00,CORE_HR
EVT00031984,2022-05-01,EMP02655,CC0107,CR,3,Step Increment,64292.23,CAD,CA,2022-05-02 00:00:00,PAYROLL
EVT00032384,2022-05-08,EMP00541,CC0053,EX,2,Performance Pay,7942.63,CAD,CA,2022-05-08 07:00:00,PAYROLL
EVT00032835,2022-05-09,EMP00450,CC0103,IT,5,Departure,,CAD,CA,2022-05-10 05:00:00,PAYROLL
EVT00032913,2022-05-27,EMP00210,CC0078,IT,2,Departure,,CAD,CA,2022-05-28 01:00:00,PAYROLL
EVT00033413,2022-05-13,EMP03560,CC0112,IT,4,Performance Pay,7059.56,CAD,CA,2022-05-13 06:00:00,PAYROLL
EVT00032188,2022-05-13,EMP02203,CC0072,EX,1,Step Increment,105182.99,CAD,CAN,2022-05-13 18:00:00,CORE_HR
EVT00033026,2022-05-19,EMP02200,CC0029,EN,2,Leave Return,,USD,USA,2022-05-20 06:00:00,CORE_HR
EVT00032504,2022-05-08,EMP02198,CC0077,PA,1,Performance Pay,5155.87,CAD,CAN,2022-05-10 15:00:00,CORE_HR
EVT00032663,2022-05-23,EMP00859,CC0080,PA,1,Leave Return,,EUR,FRA,2022-05-26 02:00:00,CORE_HR
EVT00033227,2022-05-10,EMP01762,CC0037,EN,2,Lateral Deployment,,CAD,CAN,2022-05-10 21:00:00,CORE_HR
EVT00032552,2022-05-05,EMP00482,CC0111,PA,1,Performance Pay,4626.62,EUR,FR,2022-05-05 10:00:00,PAYROLL
EVT00032017,2022-05-27,EMP02911,CC0027,PA,4,Leave Start,,CAD,CAN,2022-05-28 05:00:00,CORE_HR
EVT00033577,2022-05-11,EMP01620,CC0079,EX,1,Lateral Deployment,,CAD,CAN,2022-05-12 08:00:00,CORE_HR
EVT00031957,2022-05-09,EMP04369,CC0020,IT,1,Step Increment,61427.31,CAD,CAN,2022-05-09 17:00:00,CORE_HR
EVT00033343,2022-05-11,EMP03743,CC0078,EC,1,Step Increment,71802.01,CAD,CA,2022-05-12 10:00:00,PAYROLL
EVT00032401,2022-05-23,EMP04853,CC0117,PA,1,Leave Return,,XXX,CA,2022-05-23 12:00:00,PAYROLL
EVT00032774,2022-05-12,EMP04757,CC0036,EX,2,Leave Start,,CAD,CAN,2022-05-13 12:00:00,CORE_HR
EVT00033655,2022-05-05,EMP03460,CC0064,PA,3,Performance Pay,9376.81,CAD,CA,2022-05-06 13:00:00,PAYROLL
EVT00032957,2022-05-01,EMP00770,CC0055,IT,1,Performance Pay,8392.59,CAD,CA,2022-05-02 07:00:00,PAYROLL
EVT00032658,2022-05-19,EMP03367,CC0085,CR,2,Performance Pay,6722.3,CAD,CAN,2022-05-19 23:00:00,CORE_HR
EVT00033118,2022-05-26,EMP01560,CC0004,EN,5,Step Increment,137022.74,CAD,CAN,2022-05-26 22:00:00,CORE_HR
