event_id,event_date,employee_id,cost_center_id,classification_group,classification_level,event_type,amount_local,local_currency,work_country_code,ingest_ts,source_system
EVT00016297,2021-09-18,EMP02405,CC0065,AS,2,Step Increment,45089.66,EUR,DEU,2021-09-18 09:00:00,CORE_HR
EVT00015695,2021-09-24,EMP02573,CC0032,AS,3,Step Increment,66059.21,CAD,CA,2021-09-24 06:00:00,PAYROLL
EVT00017569,2021-09-14,EMP03010,CC0063,CR,1,Leave Return,,CAD,CA,2021-09-14 21:00:00,PAYROLL
EVT00017415,2021-09-09,EMP02873,CC0003,PA,1,Departure,,CAD,CA,2021-09-09 10:00:00,PAYROLL
EVT00016684,2021-09-14,EMP02597,CC0058,FI,2,Leave Return,,CAD,CAN,2021-09-15 02:00:00,CORE_HR
EVT00015923,2021-09-24,EMP02427,CC0061,EX,1,Hire,136044.52,CAD,CAN,2021-09-24 17:00:00,CORE_HR
EVT00016734,2021-09-11,EMP03193,CC0108,FI,1,Performance Pay,5160.02,EUR,DEU,2021-09-11 07:00:00,CORE_HR
EVT00016970,2021-09-15,EMP04963,CC0089,IT,2,Lateral Deployment,,CAD,CA,2021-09-16 01:00:00,PAYROLL
EVT00015708,2021-09-12,EMP01075,CC0094,PA,2,Performance Pay,8883.63,CAD,CA,2021-09-12 20:00:00,PAYROLL
EVT00016824,2021-09-08,EMP00894,CC0058,EN,1,Step Increment,83225.26,CAD,CAN,2021-09-08 17:00:00,CORE_HR
EVT00017128,2021-09-02,EMP03308,CC0081,PA,5,Leave Start,,CAD,CAN,2021-09-02 20:00:00,CORE_HR
EVT00016532,2021-09-07,EMP01226,CC0047,EC,4,Performance Pay,11429.51,CAD,CA,2021-09-08 06:00:00,PAYROLL
EVT00016240,2021-09-11,EMP01755,CC0047,PA,4,Promotion,93436.21,CAD,CAN,2021-09-11 22:00:00,CORE_HR
EVT00016001,2021-09-12,EMP01437,CC0047,AS,3,Step Increment,62471.41,CAD,CAN,2021-09-12 19:00:00,CORE_HR
EVT00016778,2021-09-16,EMP02995,CC0016,FI,3,Hire,99819.53,CAD,CAN,2021-09-16 10:00:00,CORE_HR
EVT00015889,2021-09-01,EMP00797,CC0109,FI,4,Leave Start,,CAD,CA,2021-09-02 09:00:00,PAYROLL
EVT00016782,2021-09-22,EMP03114,CC0056,PA,3,Promotion,83701.72,CAD,CAN,2021-09-22 14:00:00,CORE_HR
EVT00016004,2021-09-23,EMP04001,CC0048,PA,1,Step Increment,57167.23,CAD,CA,2021-09-24 03:00:00,PAYROLL
EVT00017618,2021-09-20,EMP03296,CC0064,IT,3,Step Increment,94335.42,CAD,CAN,2021-09-20 09:00:00,CORE_HR
EVT00016398,2021-09-21,EMP03285,CC0046,EN,2,Step Increment,62775.51,EUR,FRA,2021-09-21 18:00:00,CORE_HR
EVT00016087,2021-09-05,EMP00317,CC0012,EX,2,Hire,153808.84,CAD,CAN,2021-09-05 15:00:00,CORE_HR
EVT00015863,2021-09-12,EMP02267,CC0021,PA,5,Hire,99677.94,CAD,CA,2021-09-13 06:00:00,PAYROLL
EVT00015827,2021-09-23,EMP00999,CC0086,EC,3,Performance Pay,2742.74,EUR,DE,2021-09-23 22:00:00,PAYROLL
EVT00017702,2021-09-25,EMP01457,CC0096,EC,1,Departure,,CAD,CA,2021-09-25 06:00:00,PAYROLL
EVT00017239,2021-09-07,EMP04057,CC0074,FI,1,Step Increment,238442.3,BRL,BR,2021-09-07 08:00:00,PAYROLL
EVT00017219,2021-09-15,EMP00398,CC0076,PA,5,Leave Return,,CAD,CA,2021-09-15 06:00:00,PAYROLL
EVT00017220,2021-09-01,EMP03040,CC0063,PA,2,Lateral Deployment,,CAD,CA,2021-09-02 12:00:00,PAYROLL
EVT00016153,2021-09-24,EMP03292,CC0047,FI,4,Performance Pay,6656.76,CAD,CA,2021-09-25 06:00:00,PAYROLL
EVT00017615,2021-09-16,EMP04961,CC0119,AS,3,Step Increment,70259.04,CAD,CAN,2021-09-16 21:00:00,CORE_HR
EVT00015883,2021-09-22,EMP01677,CC0010,PA,2,Step Increment,63142.21,CAD,CA,2021-09-22 21:00:00,PAYROLL
EVT00017090,2021-09-10,EMP04121,CC0106,EC,4,Hire,100518.95,CAD,CAN,2021-09-10 15:00:00,CORE_HR
EVT00017689,2021-09-17,EMP02293,CC0109,PA,1,Lateral Deployment,,CAD,CAN,2021-09-18 05:00:00,CORE_HR
EVT00015870,2021-09-25,EMP01833,CC0001,EC,1,Leave Start,,CAD,CAN,2021-09-25 08:00:00,CORE_HR
EVT00016084,2021-09-24,EMP02658,CC0107,PA,1,Leave Return,,CAD,CAN,2021-09-24 13:00:00,CORE_HR
EVT00015801,2021-09-25,EMP01492,CC0028,EC,2,Lateral Deployment,,CAD,CA,2021-09-26 07:00:00,PAYROLL
EVT00016173,2021-09-04,EMP00310,CC0088,EN,1,Performance Pay,8073.41,USD,US,2021-09-07 22:00:00,PAYROLL
EVT00016100,2021-09-12,EMP01524,CC0018,FI,2,Lateral Deployment,,CAD,CAN,2021-09-13 02:00:00,CORE_HR
EVT00015841,2021-09-26,EMP04641,CC0051,EN,3,Lateral Deployment,,CAD,CA,2021-09-27 08:00:00,PAYROLL
EVT00017346,2021-09-24,EMP02736,CC0070,PA,2,Leave Return,,CAD,CAN,2021-09-25 10:00:00,CORE_HR
EVT00016597,2021-09-07,EMP04275,CC0093,CR,4,Leave Start,,CAD,CAN,2021-09-07 08:00:00,CORE_HR
EVT00015753,2021-09-21,EMP04588,CC0072,EN,2,Leave Start,,CAD,CA,2021-09-22 01:00:00,PAYROLL
EVT00016210,2021-09-02,EMP00374,CC0031,IT,1,Performance Pay,307836.83,INR,IN,2021-09-02 22:00:00,PAYROLL
EVT00016264,2021-09-19,EMP03682,CC0022,EX,1,Step Increment,123381.06,CAD,CAN,2021-09-19 22:00:00,CORE_HR
EVT00016348,2021-09-24,EMP03112,CC0081,FI,1,Performance Pay,9149.76,CAD,CAN,2021-09-24 23:00:00,CORE_HR
EVT00016467,2021-09-06,EMP00401,CC0037,PA,2,Performance Pay,6726.06,CAD,CAN,2021-09-07 11:00:00,CORE_HR
EVT00017599,2021-09-26,EMP01963,CC0063,PA,2,Lateral Deployment,,CAD,CAN,2021-09-26 10:00:00,CORE_HR
EVT00017008,2021-09-19,EMP03229,CC0035,PA,1,Hire,59158.34,CAD,CAN,2021-09-19 12:00:00,CORE_HR
EVT00016307,2021-09-03,EMP00027,CC0089,AS,1,Promotion,57561.12,CAD,CAN,2021-09-04 11:00:00,CORE_HR
EVT00016019,2021-09-20,EMP00793,CC0026,CR,2,Hire,60136.61,CAD,CAN,2021-09-21 00:00:00,CORE_HR
EVT00017540,2021-09-23,EMP02326,CC0009,IT,1,Step Increment,69813.96,SGD,SGP,2021-09-24 10:00:00,CORE_HR
EVT00016304,2021-09-02,EMP02818,CC0052,AS,2,Performance Pay,3015.39,CAD,CAN,2021-09-03 11:00:00,CORE_HR
EVT00016812,2021-09-21,EMP02069,CC0104,FI,2,Step Increment,77699.35,CAD,CAN,2021-09-21 23:00:00,CORE_HR
EVT00016083,2021-09-14,EMP00976,CC0010,FI,3,Promotion,85322.43,CAD,CA,2021-09-14 16:00:00,PAYROLL
EVT00016245,2021-09-03,EMP03573,CC0029,IT,1,Leave Start,,BRL,BR,2021-09-03 23:00:00,PAYROLL
EVT00016781,2021-09-07,EMP02694,CC0018,EN,3,Leave Start,,CAD,CA,2021-09-07 19:00:00,PAYROLL
EVT00015896,2021-09-01,EMP03079,CC0099,FI,4,Leave Start,,CAD,CAN,2021-09-02 02:00:00,CORE_HR
EVT00017240,2021-09-03,EMP03395,CC0105,EX,1,Hire,14998206.16,KES,KE,2021-09-03 18:00:00,PAYROLL
EVT00016337,2021-09-02,EMP00623,CC0045,IT,2,Step Increment,93342.08,CAD,CAN,2021-09-02 08:00:00,CORE_HR
EVT00016980,2021-09-22,EMP04256,CC0074,EN,3,Step Increment,10622902.55,JPY,JPN,2021-09-22 20:00:00,CORE_HR
EVT00015956,2021-09-03,EMP04309,CC0030,EN,2,Step Increment,351758.1,BRL,BRA,2021-09-04 08:00:00,CORE_HR
EVT00017271,2021-09-04,EMP01408,CC0108,FI,1,Leave Start,,EUR,DEU,2021-09-04 18:00:00,CORE_HR
EVT00016568,2021-09-18,EMP00503,CC0085,PA,4,Leave Return,,CAD,CAN,2021-09-18 11:00:00,CORE_HR
EVT00017434,2021-09-09,EMP04741,CC0075,IT,4,Leave Return,,CAD,CA,2021-09-10 03:00:00,PAYROLL
EVT00016014,2021-09-05,EMP02427,CC0061,EX,1,Performance Pay,15568.88,CAD,CAN,2021-09-06 03:00:00,CORE_HR
EVT00017061,2021-09-23,EMP04324,CC0083,PA,4,Step Increment,82825.83,CAD,CA,2021-09-24 14:00:00,PAYROLL
EVT00015979,2021-09-13,EMP03581,CC0017,EX,2,Hire,152078.32,CAD,CAN,2021-09-13 16:00:00,CORE_HR
EVT00017688,2021-09-18,EMP02301,CC0117,AS,1,Performance Pay,4339.29,CAD,CA,2021-09-19 10:00:00,PAYROLL
EVT00017498,2021-09-23,EMP01277,CC0017,PA,3,Step Increment,91057.48,CAD,CAN,2021-09-23 13:00:00,CORE_HR
EVT00015732,2021-09-22,EMP04538,CC0038,PA,2,Leave Start,,CAD,CAN,2021-09-23 11:00:00,CORE_HR
EVT00016355,2021-09-23,EMP00334,CC0112,EN,3,Leave Return,,CAD,CAN,2021-09-23 20:00:00,CORE_HR
EVT00017375,2021-09-06,EMP00162,CC0110,IT,5,Leave Start,,CAD,CA,2021-09-07 15:00:00,PAYROLL
EVT00017551,2021-09-12,EMP04495,CC0014,FI,4,Lateral Deployment,,CAD,CAN,2021-09-13 01:00:00,CORE_HR
EVT00015687,2021-09-01,EMP03895,CC0120,IT,4,Step Increment,112027.77,CAD,CAN,2021-09-02 11:00:00,CORE_HR
EVT00016272,2021-09-14,EMP00286,CC0007,EN,3,Performance Pay,44224.97,BRL,BR,2021-09-15 02:00:00,PAYROLL
EVT00016943,2021-09-05,EMP02802,CC0063,EN,4,Performance Pay,6186.25,CAD,CAN,2021-09-05 22:00:00,CORE_HR
EVT00016996,2021-09-23,EMP00088,CC0093,IT,1,Lateral Deployment,,CAD,CA,2021-09-24 05:00:00,PAYROLL
EVT00015914,2021-09-12,EMP01508,CC0110,PA,3,Step Increment,77228.45,CAD,CAN,2021-09-12 08:00:00,CORE_HR
EVT00017372,2021-09-24,EMP03233,CC0101,FI,3,Hire,98411.23,CAD,CAN,2021-09-24 21:00:00,CORE_HR
EVT00016825,2021-09-08,EMP04449,CC0026,PA,2,Step Increment,71354.18,CAD,CA,2021-09-09 02:00:00,PAYROLL
EVT00016723,2021-09-24,EMP02236,CC0048,EX,2,Leave Return,,CAD,CA,2021-09-25 10:00:00,PAYROLL
EVT00017125,2021-09-14,EMP00059,CC0084,CR,3,Leave Return,,CAD,CA,2021-09-15 07:00:00,PAYROLL
EVT00016054,2021-09-27,EMP01058,CC0035,IT,3,Step Increment,93755.69,CAD,CA,2021-09-27 15:00:00,PAYROLL
EVT00016700,2021-09-12,EMP04748,CC0023,AS,4,Promotion,90660.95,CAD,CAN,2021-09-12 07:00:00,CORE_HR
EVT00016064,2021-09-22,EMP01016,CC0083,AS,1,Step Increment,59140.18,CAD,CAN,2021-09-23 07:00:00,CORE_HR
EVT00016344,2021-09-23,EMP04688,CC0044,PA,4,Leave Start,,CAD,CAN,2021-09-24 11:00:00,CORE_HR
EVT00016590,2021-09-03,EMP00886,CC0055,PA,1,Performance Pay,7192.98,CAD,CAN,2021-09-03 18:00:00,CORE_HR
EVT00016338,2021-09-07,EMP02401,CC0059,IT,3,Performance Pay,5616.56,CAD,CAN,2021-09-07 10:00:00,CORE_HR
EVT00016756,2021-09-14,EMP02455,CC0119,CR,1,Step Increment,45121.23,CAD,CAN,2021-09-14 07:00:00,CORE_HR
EVT00017504,2021-09-22,EMP00051,CC0099,EN,4,Step Increment,115512.59,CAD,CAN,2021-09-23 11:00:00,CORE_HR
EVT00016308,2021-09-04,EMP01018,CC0031,PA,3,Performance Pay,9000.38,SGD,SGP,2021-09-05 12:00:00,CORE_HR
EVT00016578,2021-09-27,EMP04514,CC0051,IT,1,Leave Return,,CAD,CA,2021-09-27 14:00:00,PAYROLL
EVT00017190,2021-09-22,EMP02912,CC0036,CR,4,Step Increment,64182.47,CAD,CA,2021-09-23 09:00:00,PAYROLL
EVT00017141,2021-09-14,EMP02772,CC0070,PA,2,Step Increment,68701.61,CAD,CAN,2021-09-14 09:00:00,CORE_HR
EVT00016689,2021-09-13,EMP01494,CC0025,IT,3,Hire,94893.43,CAD,CA,2021-09-13 11:00:00,PAYROLL
EVT00016942,2021-09-26,EMP04786,CC0090,IT,1,Step Increment,71248.56,CAD,CAN,2021-09-26 11:00:00,CORE_HR
EVT00016504,2021-09-17,EMP03992,CC0011,CR,1,Leave Start,,CAD,CA,2021-09-17 20:00:00,PAYROLL
EVT00016678,2021-09-04,EMP01498,CC0066,CR,2,Lateral Deployment,,CAD,CAN,2021-09-04 10:00:00,CORE_HR
EVT00015705,2021-09-11,EMP04141,CC0006,PA,2,Promotion,75788.51,CAD,CA,2021-09-11 11:00:00,PAYROLL
EVT00017055,2021-09-03,EMP01400,CC0067,PA,2,Lateral Deployment,,CAD,CA,2021-09-04 11:00:00,PAYROLL
EVT00015952,2021-09-27,EMP01267,CC0012,EC,4,Leave Start,,CAD,CAN,2021-09-27 16:00:00,CORE_HR
EVT00016417,2021-09-24,EMP01816,CC0035,EX,1,Step Increment,136454.06,CAD,CA,2021-09-25 13:00:00,PAYROLL
EVT00016095,2021-09-21,EMP03473,CC0037,CR,3,Step Increment,57333.6,CAD,CAN,2021-09-21 21:00:00,CORE_HR
EVT00016665,2021-09-16,EMP01771,CC0026,CR,2,Performance Pay,4129.39,CAD,CAN,2021-09-17 09:00:00,CORE_HR
EVT00016160,2021-09-26,EMP03340,CC0118,PA,4,Step Increment,83000.99,CAD,CAN,2021-09-26 07:00:00,CORE_HR
EVT00017566,2021-09-24,EMP01662,CC0019,PA,2,Leave Start,,CAD,CAN,2021-09-25 15:00:00,CORE_HR
EVT00017085,2021-09-03,EMP01463,CC0071,EX,1,Leave Start,,CAD,CAN,2021-09-03 14:00:00,CORE_HR
EVT00016526,2021-09-22,EMP04323,CC0091,EN,5,Step Increment,131093.01,CAD,CA,2021-09-23 12:00:00,PAYROLL
EVT00016881,2021-09-23,EMP04808,CC0036,EC,1,Step Increment,65719.52,CAD,CAN,2021-09-24 07:00:00,CORE_HR
EVT00017072,2021-09-04,EMP03855,CC0008,EN,1,Lateral Deployment,,CAD,CAN,2021-09-05 11:00:00,CORE_HR
EVT00016539,2021-09-01,EMP01558,CC0013,PA,2,Leave Start,,CAD,CAN,2021-09-02 15:00:00,CORE_HR
EVT00015947,2021-09-22,EMP03697,CC0006,PA,2,Hire,73416.01,CAD,CA,2021-09-23 05:00:00,PAYROLL
EVT00017535,2021-09-25,EMP03953,CC0063,EN,2,Promotion,73346.79,CAD,CA,2021-09-26 12:00:00,PAYROLL
EVT00016452,2021-09-16,EMP00920,CC0048,AS,5,Lateral Deployment,,CAD,CAN,2021-09-17 06:00:00,CORE_HR
EVT00016386,2021-09-23,EMP01717,CC0096,EX,2,Hire,140531.58,CAD,CA,2021-09-23 12:00:00,PAYROLL
EVT00016564,2021-09-06,EMP01316,CC0030,PA,4,Step Increment,10168803.11,JPY,JPN,2021-09-07 02:00:00,CORE_HR
EVT00016893,2021-09-08,EMP01915,CC0025,IT,3,Leave Start,,CAD,CA,2021-09-09 07:00:00,PAYROLL
EVT00015795,2021-09-06,EMP01867,CC0115,CR,2,Performance Pay,6806.22,CAD,CAN,2021-09-06 18:00:00,CORE_HR
EVT00016063,2021-09-27,EMP01005,CC0102,PA,1,Leave Start,,CAD,CAN,2021-09-28 04:00:00,CORE_HR
EVT00016598,2021-09-20,EMP02650,CC0017,PA,4,Hire,94817.96,CAD,CAN,2021-09-21 06:00:00,CORE_HR
EVT00017474,2021-09-09,EMP00497,CC0071,AS,1,Performance Pay,4833.37,CAD,CA,2021-09-10 14:00:00,PAYROLL
EVT00016908,2021-09-10,EMP01089,CC0061,FI,3,Step Increment,95949.6,CAD,CAN,2021-09-11 03:00:00,CORE_HR
EVT00017002,2021-09-14,EMP02410,CC0048,IT,1,Step Increment,58599.27,CAD,CA,2021-09-14 11:00:00,PAYROLL
EVT00016792,2021-09-22,EMP01725,CC0007,CR,5,Step Increment,940507.29,MXN,MEX,2021-09-23 05:00:00,CORE_HR
EVT00016070,2021-09-12,EMP01851,CC0120,EX,2,Leave Return,,CAD,CAN,2021-09-12 22:00:00,CORE_HR
EVT00016339,2021-09-05,EMP00254,CC0077,AS,5,Step Increment,83167.67,CAD,CA,2021-09-05 23:00:00,PAYROLL
EVT00016549,2021-09-17,EMP02666,CC0045,IT,3,Leave Start,,CAD,CA,2021-09-17 11:00:00,PAYROLL
EVT00017400,2021-09-12,EMP00480,CC0099,EC,1,Leave Start,,CAD,CA,2021-09-13 09:00:00,PAYROLL
EVT00017143,2021-09-05,EMP02030,CC0104,PA,1,Lateral Deployment,,CAD,CA,2021-09-06 01:00:00,PAYROLL
EVT00016354,2021-09-07,EMP02712,CC0066,FI,1,Departure,,CAD,CAN,2021-09-07 21:00:00,CORE_HR
EVT00017445,2021-09-06,EMP00859,CC0080,PA,1,Leave Start,,SGD,SG,2021-09-06 11:00:00,PAYROLL
EVT00017568,2021-09-24,EMP04941,CC0051,IT,2,Departure,,CAD,CAN,2021-09-24 14:00:00,CORE_HR
EVT00016821,2021-09-11,EMP04716,CC0109,EN,1,Step Increment,77001.22,CAD,CAN,2021-09-12 10:00:00,CORE_HR
EVT00017456,2021-09-05,EMP04837,CC0005,AS,5,Step Increment,82741.05,CAD,CAN,2021-09-06 01:00:00,CORE_HR
EVT00017420,2021-09-11,EMP03833,CC0119,FI,4,Step Increment,112072.29,CAD,CAN,2021-09-12 00:00:00,CORE_HR
EVT00016041,2021-09-26,EMP02300,CC0115,AS,1,Leave Start,,CAD,CAN,2021-09-27 03:00:00,CORE_HR
EVT00016397,2021-09-25,EMP04960,CC0037,AS,1,Promotion,53861.96,CAD,CAN,2021-09-26 12:00:00,CORE_HR
EVT00016129,2021-09-15,EMP01748,CC0095,IT,3,Step Increment,100253.82,CAD,CA,2021-09-15 19:00:00,PAYROLL
EVT00015862,2021-09-04,EMP04425,CC0078,CR,1,Step Increment,50509.75,CAD,CAN,2021-09-05 00:00:00,CORE_HR
EVT00015835,2021-09-10,EMP02172,CC0102,IT,1,Leave Return,,CAD,CA,2021-09-10 22:00:00,PAYROLL
EVT00017449,2021-09-10,EMP00720,CC0060,EC,2,Hire,87927.96,CAD,CA,2021-09-10 09:00:00,PAYROLL
EVT00017046,2021-09-15,EMP01328,CC0092,IT,4,Leave Start,,CAD,CA,2021-09-16 06:00:00,PAYROLL
EVT00016620,2021-09-06,EMP04866,CC0071,EX,2,Leave Start,,CAD,CAN,2021-09-06 15:00:00,CORE_HR
EVT00016423,2021-09-08,EMP04619,CC0113,PA,1,Performance Pay,4600.99,CAD,CAN,2021-09-08 09:00:00,CORE_HR
EVT00016730,2021-09-11,EMP03889,CC0066,PA,1,Step Increment,55522.55,CAD,CAN,2021-09-12 09:00:00,CORE_HR
EVT00016983,2021-09-01,EMP02038,CC0001,FI,1,Leave Start,,CAD,CAN,2021-09-01 16:00:00,CORE_HR
EVT00017466,2021-09-19,EMP01677,CC0010,PA,2,Step Increment,71630.32,CAD,CAN,2021-09-19 16:00:00,CORE_HR
EVT00016430,2021-09-17,EMP03095,CC0046,IT,2,Leave Start,,MXN,MX,2021-09-18 11:00:00,PAYROLL
EVT00017274,2021-09-22,EMP02778,CC0020,AS,3,Step Increment,75811.36,CAD,CAN,2021-09-23 15:00:00,CORE_HR
EVT00016640,2021-09-15,EMP03363,CC0005,IT,3,Lateral Deployment,,CAD,CA,2021-09-15 09:00:00,PAYROLL
EVT00017699,2021-09-21,EMP00846,CC0112,IT,3,Step Increment,109008.16,CAD,CAN,2021-09-22 07:00:00,CORE_HR
EVT00017174,2021-09-08,EMP00002,CC0068,EN,3,Leave Return,,CAD,CA,2021-09-08 12:00:00,PAYROLL
EVT00016023,2021-09-07,EMP04989,CC0006,AS,3,Step Increment,67076.48,CAD,CA,2021-09-08 14:00:00,PAYROLL
EVT00016895,2021-09-17,EMP01112,CC0005,AS,2,Step Increment,56663.05,CAD,CAN,2021-09-17 19:00:00,CORE_HR
EVT00017130,2021-09-13,EMP00641,CC0103,FI,2,Leave Return,,CAD,CA,2021-09-13 09:00:00,PAYROLL
EVT00016843,2021-09-09,EMP01639,CC0079,FI,2,Lateral Deployment,,CAD,CAN,2021-09-10 01:00:00,CORE_HR
EVT00017575,2021-09-17,EMP02779,CC0118,PA,4,Departure,,CAD,CAN,2021-09-18 00:00:00,CORE_HR
EVT00016382,2021-09-06,EMP03438,CC0071,IT,1,Leave Start,,CAD,CA,2021-09-07 05:00:00,PAYROLL
EVT00015796,2021-09-15,EMP00554,CC0021,CR,5,Performance Pay,7327.88,CAD,CA,2021-09-15 22:00:00,PAYROLL
EVT00015797,2021-09-17,EMP02574,CC0008,IT,1,Performance Pay,7806.03,CAD,CAN,2021-09-18 04:00:00,CORE_HR
EVT00015939,2021-09-12,EMP04930,CC0037,FI,5,Performance Pay,5543.4,CAD,CAN,2021-09-13 04:00:00,CORE_HR
EVT00016859,2021-09-21,EMP00948,CC0005,FI,5,Lateral Deployment,,CAD,CAN,2021-09-21 19:00:00,CORE_HR
EVT00016073,2021-09-13,EMP04049,CC0074,FI,5,Step Increment,1249938.77,MXN,MEX,2021-09-14 09:00:00,CORE_HR
EVT00016885,2021-09-07,EMP01430,CC0093,AS,2,Leave Return,,CAD,CA,2021-09-07 11:00:00,PAYROLL
EVT00015959,2021-09-10,EMP99999,CC0070,PA,5,Hire,94477.33,CAD,CAN,2021-09-10 10:00:00,CORE_HR
EVT00016969,2021-09-03,EMP04912,CC0054,PA,1,Leave Start,,AED,ARE,2021-09-04 09:00:00,CORE_HR
EVT00017613,2021-09-27,EMP04172,CC0018,EX,1,Hire,153517.26,CAD,CAN,2021-09-28 12:00:00,CORE_HR
EVT00017607,2021-09-05,EMP04865,CC0070,EC,2,Departure,,CAD,CA,2021-09-05 18:00:00,PAYROLL
EVT00017580,2021-09-07,EMP01523,CC0066,IT,3,Leave Start,,CAD,CA,2021-09-07 14:00:00,PAYROLL
EVT00017162,2021-09-24,EMP04462,CC0069,IT,1,Leave Start,,CAD,CAN,2021-09-24 16:00:00,CORE_HR
EVT00017260,2021-09-06,EMP03662,CC0058,CR,1,Leave Return,,CAD,CAN,2021-09-07 10:00:00,CORE_HR
EVT00016604,2021-09-17,EMP03715,CC0023,PA,1,Leave Return,,CAD,CAN,2021-09-18 01:00:00,CORE_HR
EVT00016847,2021-09-09,EMP00175,CC0056,IT,1,Promotion,73832.4,CAD,CAN,2021-09-10 13:00:00,CORE_HR
EVT00015891,2021-09-18,EMP04923,CC0020,PA,2,Step Increment,68666.68,CAD,CAN,2021-09-18 10:00:00,CORE_HR
EVT00016536,2021-09-12,EMP04590,CC0101,PA,2,Leave Start,,CAD,CAN,2021-09-13 08:00:00,CORE_HR
EVT00015990,2021-09-13,EMP04631,CC0083,AS,4,Leave Return,,CAD,CAN,2021-09-13 11:00:00,CORE_HR
EVT00016080,2021-09-17,EMP02545,CC0007,EN,4,Leave Start,,SGD,SG,2021-09-17 10:00:00,PAYROLL
EVT00017342,2021-09-24,EMP03135,CC0112,CR,1,Lateral Deployment,,CAD,CAN,2021-09-24 20:00:00,CORE_HR
EVT00016136,2021-09-14,EMP04565,CC0086,CR,1,Step Increment,38439.85,USD,US,2021-09-15 08:00:00,PAYROLL
EVT00015966,2021-09-25,EMP02803,CC0088,FI,1,Leave Start,,INR,IN,2021-09-28 17:00:00,PAYROLL
EVT00015983,2021-09-03,EMP02367,CC0109,IT,2,Performance Pay,5573.9,CAD,CA,2021-09-03 12:00:00,PAYROLL
EVT00017611,2021-09-20,EMP02916,CC0023,CR,2,Lateral Deployment,,CAD,CAN,2021-09-20 09:00:00,CORE_HR
EVT00016458,2021-09-15,EMP01863,CC0021,EN,5,Leave Return,,CAD,CA,2021-09-16 05:00:00,PAYROLL
EVT00017450,2021-09-09,EMP02545,CC0007,EN,4,Performance Pay,10308.86,USD,US,2021-09-10 11:00:00,PAYROLL
EVT00017112,2021-09-01,EMP02849,CC0013,PA,2,Step Increment,62601.47,CAD,CAN,2021-09-01 20:00:00,CORE_HR
EVT00016055,2021-09-07,EMP04750,CC0066,EN,4,Step Increment,127516.04,CAD,CAN,2021-09-08 03:00:00,CORE_HR
EVT00017508,2021-09-08,EMP03133,CC0024,FI,1,Performance Pay,3736.5,CAD,CAN,2021-09-09 07:00:00,CORE_HR
EVT00016488,2021-09-16,EMP00920,CC0048,AS,5,Step Increment,84289.84,CAD,CAN,2021-09-17 15:00:00,CORE_HR
EVT00016585,2021-09-10,EMP03264,CC0089,FI,1,Step Increment,82761.94,CAD,CAN,2021-09-10 15:00:00,CORE_HR
EVT00016267,2021-09-16,EMP03104,CC0045,IT,3,Step Increment,111393.1,CAD,CAN,2021-09-16 11:00:00,CORE_HR
EVT00015820,2021-09-21,EMP04600,CC0023,PA,5,Performance Pay,8177.17,CAD,CAN,2021-09-21 19:00:00,CORE_HR
EVT00015901,2021-09-23,EMP00604,CC0018,EX,3,Leave Start,,CAD,CA,2021-09-24 02:00:00,PAYROLL
EVT00015715,2021-09-21,EMP04685,CC0110,FI,4,Leave Return,,CAD,CAN,2021-09-22 01:00:00,CORE_HR
EVT00017100,2021-09-02,EMP03981,CC0036,IT,1,Performance Pay,10722.55,CAD,CA,2021-09-03 13:00:00,PAYROLL
EVT00016658,2021-09-18,EMP01860,CC0059,EX,1,Leave Return,,CAD,CA,2021-09-19 06:00:00,PAYROLL
EVT00016037,2021-09-26,EMP00278,CC0061,AS,5,Lateral Deployment,,CAD,CAN,2021-09-26 16:00:00,CORE_HR
EVT00016332,2021-09-15,EMP02223,CC0021,EX,2,Step Increment,162225.17,CAD,CAN,2021-09-15 21:00:00,CORE_HR
EVT00016156,2021-09-17,EMP01018,CC0031,PA,3,Leave Return,,JPY,JPN,2021-09-18 06:00:00,CORE_HR
EVT00016283,2021-09-17,EMP01330,CC0108,EC,1,Step Increment,46455.56,EUR,FRA,2021-09-17 17:00:00,CORE_HR
EVT00017358,2021-09-04,EMP01993,CC0111,FI,2,Step Increment,4554115.22,INR,IN,2021-09-04 22:00:00,PAYROLL
EVT00015839,2021-09-24,EMP00840,CC0099,CR,2,Leave Return,,CAD,CAN,2021-09-25 07:00:00,CORE_HR
EVT00016127,2021-09-18,EMP00487,CC0081,EN,3,Leave Start,,CAD,CAN,2021-09-18 10:00:00,CORE_HR
EVT00016217,2021-09-21,EMP01644,CC0086,EC,1,Leave Start,,KES,KEN,2021-09-24 12:00:00,CORE_HR
EVT00017617,2021-09-04,EMP02753,CC0117,FI,3,Leave Start,,CAD,CAN,2021-09-04 15:00:00,CORE_HR
EVT00017057,2021-09-02,EMP00726,CC0016,EN,1,Step Increment,82507.81,CAD,CAN,2021-09-03 12:00:00,CORE_HR
EVT00017059,2021-09-10,EMP01518,CC0001,AS,2,Performance Pay,4949.95,CAD,CAN,2021-09-10 22:00:00,CORE_HR
EVT00015731,2021-09-15,EMP02810,CC0062,CR,3,Leave Start,,CAD,CAN,2021-09-15 22:00:00,CORE_HR
EVT00017486,2021-09-06,EMP02050,CC0025,FI,3,Lateral Deployment,,CAD,CAN,2021-09-07 10:00:00,CORE_HR
EVT00016328,2021-09-13,EMP00975,CC0069,IT,1,Performance Pay,7626.43,CAD,CA,2021-09-14 10:00:00,PAYROLL
EVT00016199,2021-09-08,EMP01319,CC0109,EX,1,Departure,,CAD,CAN,2021-09-08 10:00:00,CORE_HR
EVT00017288,2021-09-09,EMP01765,CC0048,CR,2,Lateral Deployment,,CAD,CAN,2021-09-10 04:00:00,CORE_HR
EVT00016705,2021-09-22,EMP04986,CC0049,EN,1,Step Increment,57876.57,EUR,FRA,2021-09-22 13:00:00,CORE_HR
EVT00016687,2021-09-06,EMP03191,CC0044,PA,2,Performance Pay,6019.0,CAD,CA,2021-09-06 09:00:00,PAYROLL
EVT00016572,2021-09-06,EMP01220,CC0070,AS,4,Performance Pay,7032.53,CAD,CAN,2021-09-06 18:00:00,CORE_HR
EVT00016505,2021-09-20,EMP02015,CC0002,IT,4,Step Increment,107265.68,CAD,CA,2021-09-20 08:00:00,PAYROLL
EVT00017192,2021-09-21,EMP00880,CC0019,EX,2,Step Increment,160119.27,CAD,CAN,2021-09-22 00:00:00,CORE_HR
EVT00017335,2021-09-20,EMP04732,CC0019,CR,3,Lateral Deployment,,CAD,CAN,2021-09-21 12:00:00,CORE_HR
EVT00016501,2021-09-20,EMP04742,CC0020,IT,2,Leave Start,,CAD,CAN,2021-09-21 02:00:00,CORE_HR
EVT00016418,2021-09-01,EMP02984,CC0093,FI,3,Step Increment,92249.61,CAD,CA,2021-09-01 10:00:00,PAYROLL
EVT00016120,2021-09-23,EMP03900,CC0016,CR,1,Leave Start,,CAD,CA,2021-09-23 16:00:00,PAYROLL
EVT00016280,2021-09-14,EMP03492,CC0088,EX,1,Leave Return,,EUR,FR,2021-09-15 02:00:00,PAYROLL
EVT00016882,2021-09-13,EMP02154,CC0016,IT,1,Step Increment,78755.97,CAD,CA,2021-09-13 21:00:00,PAYROLL
EVT00016548,2021-09-08,EMP00798,CC0033,EN,2,Performance Pay,10162.4,CAD,CA,2021-09-09 18:00:00,PAYROLL
EVT00015940,2021-09-13,EMP02161,CC0080,PA,5,Step Increment,10811017.79,KES,KEN,2021-09-13 17:00:00,CORE_HR
EVT00015834,2021-09-08,EMP03699,CC0017,AS,1,Lateral Deployment,,CAD,CA,2021-09-08 21:00:00,PAYROLL
EVT00016025,2021-09-01,EMP00865,CC0055,EN,2,Departure,,CAD,CAN,2021-09-04 03:00:00,CORE_HR
EVT00017214,2021-09-25,EMP01084,CC0066,IT,3,Hire,111570.38,CAD,CA,2021-09-26 12:00:00,PAYROLL
EVT00016471,2021-09-04,EMP01935,CC0008,PA,2,Departure,,CAD,CAN,2021-09-05 13:00:00,CORE_HR
EVT00017109,2021-09-03,EMP01199,CC0053,PA,2,Lateral Deployment,,CAD,CAN,2021-09-03 08:00:00,CORE_HR
EVT00017023,2021-09-19,EMP04680,CC0078,CR,3,Step Increment,60011.11,CAD,CAN,2021-09-19 09:00:00,CORE_HR
EVT00017296,2021-09-15,EMP04374,CC0095,FI,2,Promotion,74936.12,CAD,CA,2021-09-16 03:00:00,PAYROLL
EVT00017472,2021-09-13,EMP04518,CC0108,PA,3,Departure,,EUR,FRA,2021-09-13 12:00:00,CORE_HR
EVT00017495,2021-09-24,EMP04483,CC0119,PA,3,Step Increment,72942.45,CAD,CAN,2021-09-25 04:00:00,CORE_HR
EVT00016606,2021-09-08,EMP02885,CC0091,PA,2,Performance Pay,5371.59,CAD,CAN,2021-09-08 22:00:00,CORE_HR
EVT00016673,2021-09-11,EMP01517,CC0052,FI,1,Leave Return,,CAD,CAN,2021-09-11 06:00:00,CORE_HR
EVT00016124,2021-09-14,EMP01398,CC0019,FI,1,Step Increment,73083.74,CAD,CAN,2021-09-14 18:00:00,CORE_HR
EVT00017691,2021-09-20,EMP00202,CC0029,EN,3,Step Increment,383146.85,BRL,BR,2021-09-21 09:00:00,PAYROLL
EVT00016114,2021-09-03,EMP04194,CC0054,IT,5,Performance Pay,23918.68,BRL,BR,2021-09-03 18:00:00,PAYROLL
EVT00016056,2021-09-15,EMP04757,CC0036,EX,2,Step Increment,149936.92,CAD,CA,2021-09-15 06:00:00,PAYROLL
EVT00016888,2021-09-09,EMP03675,CC0096,FI,2,Lateral Deployment,,CAD,CAN,2021-09-09 13:00:00,CORE_HR
EVT00016453,2021-09-25,EMP04962,CC0010,EX,1,Hire,130041.39,CAD,CAN,2021-09-26 05:00:00,CORE_HR
EVT00015736,2021-09-07,EMP01056,CC0064,CR,3,Hire,76326.11,CAD,CA,2021-09-08 03:00:00,PAYROLL
EVT00016307,2021-09-03,EMP00027,CC0089,AS,1,Promotion,57561.12,CAD,CAN,2021-09-05 06:00:00,CORE_HR
EVT00016261,2021-09-13,EMP01453,CC0055,EN,3,Departure,,CAD,CAN,2021-09-14 07:00:00,CORE_HR
EVT00017305,2021-09-04,EMP00090,CC0069,AS,2,Lateral Deployment,,CAD,CAN,2021-09-04 10:00:00,CORE_HR
EVT00015913,2021-09-06,EMP00454,CC0037,EN,2,Departure,,CAD,CA,2021-09-07 07:00:00,PAYROLL
EVT00017382,2021-09-24,EMP03191,CC0044,PA,2,Leave Start,,CAD,CAN,2021-09-25 04:00:00,CORE_HR
EVT00016427,2021-09-17,EMP04427,CC0120,IT,4,Leave Start,,CAD,CAN,2021-09-18 08:00:00,CORE_HR
EVT00017429,2021-09-16,EMP01918,CC0108,PA,5,Step Increment,64931.53,EUR,DEU,2021-09-17 12:00:00,CORE_HR
EVT00016713,2021-09-16,EMP00488,CC0023,FI,1,Leave Return,,CAD,CA,2021-09-16 22:00:00,PAYROLL
EVT00016256,2021-09-15,EMP02393,CC0009,AS,4,Performance Pay,4495.05,GBP,GB,2021-09-15 08:00:00,PAYROLL
EVT00015917,2021-09-15,EMP03700,CC0057,PA,1,Leave Return,,CAD,CAN,2021-09-15 11:00:00,CORE_HR
EVT00016791,2021-09-14,EMP00649,CC0075,PA,1,Step Increment,64434.01,CAD,CA,2021-09-14 18:00:00,PAYROLL
EVT00017116,2021-09-27,EMP03386,CC0065,AS,1,Leave Return,,AUD,AUS,2021-09-27 15:00:00,CORE_HR
EVT00017428,2021-09-14,EMP04699,CC0069,IT,3,Leave Return,,CAD,CA,2021-09-14 14:00:00,PAYROLL
EVT00015777,2021-09-19,EMP01233,CC0007,AS,1,Leave Return,,BRL,BR,2021-09-19 06:00:00,PAYROLL
EVT00017463,2021-09-16,EMP03652,CC0085,EN,2,Leave Start,,CAD,CAN,2021-09-17 07:00:00,CORE_HR
EVT00016707,2021-09-26,EMP00919,CC0042,CR,3,Hire,57166.43,CAD,CAN,2021-09-27 03:00:00,CORE_HR
EVT00015903,2021-09-06,EMP02357,CC0028,AS,2,Step Increment,61301.84,CAD,CA,2021-09-06 09:00:00,PAYROLL
EVT00017493,2021-09-08,EMP03949,CC0022,PA,3,Leave Start,,CAD,CA,2021-09-09 02:00:00,PAYROLL
EVT00016151,2021-09-22,EMP01905,CC0118,AS,4,Step Increment,72506.34,CAD,CAN,2021-09-23 09:00:00,CORE_HR
EVT00016412,2021-09-24,EMP02330,CC0044,EN,4,Lateral Deployment,,CAD,CAN,2021-09-24 08:00:00,CORE_HR
EVT00015918,2021-09-15,EMP03202,CC0100,IT,1,Step Increment,63905.75,CAD,CA,2021-09-16 03:00:00,PAYROLL
EVT00016202,2021-09-16,EMP00014,CC0012,PA,2,Step Increment,57547.25,CAD,CAN,2021-09-19 22:00:00,CORE_HR
EVT00017073,2021-09-18,EMP03375,CC0078,EC,4,Performance Pay,11531.51,CAD,CAN,2021-09-18 09:00:00,CORE_HR
EVT00016345,2021-09-11,EMP04429,CC0092,FI,2,Leave Start,,CAD,CAN,2021-09-12 11:00:00,CORE_HR
EVT00016770,2021-09-05,EMP03950,CC0031,FI,2,Leave Return,,KES,KE,2021-09-06 14:00:00,PAYROLL
EVT00015742,2021-09-12,EMP01958,CC0076,EN,2,Lateral Deployment,,CAD,CA,2021-09-13 11:00:00,PAYROLL
EVT00017543,2021-09-26,EMP00395,CC0082,CR,1,Performance Pay,6331.29,CAD,CA,2021-09-27 13:00:00,PAYROLL
EVT00016863,2021-09-25,EMP02202,CC0034,AS,4,Leave Return,,CAD,CA,2021-09-26 11:00:00,PAYROLL
EVT00017667,2021-09-09,EMP01066,CC0112,FI,2,Step Increment,68722.64,CAD,CA,2021-09-10 00:00:00,PAYROLL
EVT00017280,2021-09-10,EMP02916,CC0023,CR,2,Leave Start,,CAD,CAN,2021-09-10 14:00:00,CORE_HR
EVT00017321,2021-09-06,EMP01947,CC0036,EX,1,Step Increment,134055.98,CAD,CAN,2021-09-07 05:00:00,CORE_HR
EVT00016269,2021-09-27,EMP03510,CC0056,PA,1,Step Increment,62800.7,CAD,CA,2021-09-27 14:00:00,PAYROLL
EVT00016869,2021-09-11,EMP02783,CC0022,CR,2,Performance Pay,7681.66,CAD,CAN,2021-09-12 09:00:00,CORE_HR
EVT00016551,2021-09-13,EMP02688,CC0046,PA,1,Departure,,EUR,DEU,2021-09-14 11:00:00,CORE_HR
EVT00016042,2021-09-20,EMP02834,CC0080,CR,1,Leave Start,,USD,USA,2021-09-20 15:00:00,CORE_HR
EVT00016883,2021-09-05,EMP04038,CC0119,EX,1,Step Increment,135318.68,CAD,CAN,2021-09-05 16:00:00,CORE_HR
EVT00017056,2021-09-07,EMP02806,CC0080,EX,1,Step Increment,14389317.41,JPY,JP,2021-09-07 20:00:00,PAYROLL
EVT00015735,2021-09-04,EMP03267,CC0019,EN,1,Step Increment,85946.18,CAD,CAN,2021-09-04 06:00:00,CORE_HR
EVT00017576,2021-09-08,EMP03772,CC0031,IT,1,Step Increment,54859.44,EUR,DE,2021-09-08 12:00:00,PAYROLL
EVT00016732,2021-09-15,EMP04678,CC0020,EC,2,Hire,81438.38,CAD,CAN,2021-09-16 04:00:00,CORE_HR
EVT00016287,2021-09-26,EMP03672,CC0052,AS,2,Leave Return,,CAD,CAN,2021-09-26 12:00:00,CORE_HR
EVT00016106,2021-09-07,EMP00081,CC0094,AS,2,Leave Start,,CAD,CAN,2021-09-08 12:00:00,CORE_HR
EVT00017524,2021-09-05,EMP01273,CC0113,AS,4,Performance Pay,8861.67,CAD,CAN,2021-09-05 22:00:00,CORE_HR
EVT00016221,2021-09-20,EMP00061,CC0068,PA,4,Promotion,90516.67,CAD,CAN,2021-09-21 14:00:00,CORE_HR
EVT00015843,2021-09-19,EMP02147,CC0016,PA,3,Leave Return,,CAD,CA,2021-09-19 23:00:00,PAYROLL
EVT00016254,2021-09-21,EMP02690,CC0027,AS,5,Leave Return,,CAD,CA,2021-09-22 05:00:00,PAYROLL
EVT00017149,2021-09-21,EMP02829,CC0028,PA,5,Lateral Deployment,,CAD,CAN,2021-09-22 08:00:00,CORE_HR
EVT00016675,2021-09-16,EMP01552,CC0059,CR,3,Leave Start,,CAD,CAN,2021-09-16 06:00:00,CORE_HR
EVT00015693,2021-09-27,EMP00350,CC0067,PA,4,Lateral Deployment,,CAD,CA,2021-09-27 19:00:00,PAYROLL
EVT00016217,2021-09-21,EMP01644,CC0086,EC,1,Leave Start,,KES,KEN,2021-09-21 19:00:00,CORE_HR
EVT00017414,2021-09-07,EMP01191,CC0031,EC,1,Step Increment,48325.29,EUR,FRA,2021-09-07 16:00:00,CORE_HR
EVT00015776,2021-09-08,EMP04452,CC0035,CR,2,Step Increment,58672.9,CAD,CAN,2021-09-09 14:00:00,CORE_HR
EVT00017171,2021-09-07,EMP00376,CC0001,EX,1,Step Increment,122116.06,CAD,CAN,2021-09-07 23:00:00,CORE_HR
EVT00016806,2021-09-04,EMP00603,CC0068,PA,2,Promotion,57007.0,CAD,CAN,2021-09-04 07:00:00,CORE_HR
EVT00015785,2021-09-09,EMP00980,CC0035,EX,1,Step Increment,119857.34,CAD,CA,2021-09-09 12:00:00,PAYROLL
EVT00017316,2021-09-11,EMP03249,CC0043,PA,1,Performance Pay,6430.16,CAD,CAN,2021-09-11 20:00:00,CORE_HR
EVT00016368,2021-09-02,EMP01775,CC0015,EN,4,Promotion,119032.35,CAD,CAN,2021-09-02 13:00:00,CORE_HR
EVT00016772,2021-09-26,EMP00267,CC0067,PA,1,Step Increment,54546.96,CAD,CAN,2021-09-27 15:00:00,CORE_HR
EVT00017624,2021-09-10,EMP03201,CC0113,CR,3,Step Increment,61807.75,CAD,CA,2021-09-10 17:00:00,PAYROLL
EVT00016601,2021-09-19,EMP04274,CC0109,EC,3,Step Increment,120001.37,CAD,CAN,2021-09-20 09:00:00,CORE_HR
EVT00017622,2021-09-04,EMP00681,CC0044,EX,2,Departure,,CAD,CAN,2021-09-04 12:00:00,CORE_HR
EVT00017164,2021-09-06,EMP03857,CC0095,EC,2,Step Increment,80761.55,CAD,CAN,2021-09-06 15:00:00,CORE_HR
EVT00017268,2021-09-15,EMP01751,CC0066,AS,4,Performance Pay,8531.04,CAD,CAN,2021-09-15 06:00:00,CORE_HR
EVT00015703,2021-09-06,EMP04228,CC0005,EN,4,Step Increment,112967.11,CAD,CAN,2021-09-06 07:00:00,CORE_HR
EVT00016753,2021-09-22,EMP03923,CC0118,PA,4,Leave Return,,CAD,CAN,2021-09-24 09:00:00,CORE_HR
EVT00017373,2021-09-13,EMP02863,CC0071,PA,3,Leave Start,,CAD,CAN,2021-09-13 18:00:00,CORE_HR
EVT00015860,2021-09-15,EMP01924,CC0057,EN,2,Lateral Deployment,,CAD,CAN,2021-09-15 20:00:00,CORE_HR
EVT00016326,2021-09-18,EMP01038,CC0035,EX,1,Lateral Deployment,,CAD,CA,2021-09-18 16:00:00,PAYROLL
EVT00017421,2021-09-05,EMP00928,CC0092,PA,5,Step Increment,94274.43,CAD,CAN,2021-09-06 02:00:00,CORE_HR
EVT00016626,2021-09-12,EMP01822,CC0060,FI,1,Step Increment,64488.98,CAD,CAN,2021-09-12 22:00:00,CORE_HR
EVT00016466,2021-09-11,EMP04702,CC0067,PA,1,Hire,46059.08,CAD,CA,2021-09-12 13:00:00,PAYROLL
EVT00015838,2021-09-23,EMP02873,CC0003,PA,1,Leave Return,,CAD,CAN,2021-09-23 14:00:00,CORE_HR
EVT00015895,2021-09-10,EMP02117,CC0080,EX,1,Lateral Deployment,,AUD,AUS,2021-09-10 08:00:00,CORE_HR
EVT00016657,2021-09-26,EMP01406,CC0073,PA,3,Leave Return,,CAD,CAN,2021-09-26 12:00:00,CORE_HR
EVT00016690,2021-09-20,EMP01162,CC0031,AS,2,Step Increment,49421.08,USD,USA,2021-09-21 14:00:00,CORE_HR
EVT00017606,2021-09-12,EMP04240,CC0003,IT,1,Departure,,CAD,CAN,2021-09-12 18:00:00,CORE_HR
EVT00015809,2021-09-21,EMP00636,CC0100,EC,1,Performance Pay,8139.21,CAD,CAN,2021-09-21 10:00:00,CORE_HR
EVT00015800,2021-09-14,EMP00708,CC0010,AS,4,Leave Start,,CAD,CAN,2021-09-14 17:00:00,CORE_HR
EVT00017642,2021-09-08,EMP03334,CC0087,AS,2,Lateral Deployment,,CAD,CAN,2021-09-09 10:00:00,CORE_HR
EVT00016655,2021-09-23,EMP01750,CC0115,EX,1,Lateral Deployment,,CAD,CA,2021-09-23 14:00:00,PAYROLL
EVT00015718,2021-09-26,EMP01149,CC0085,EN,2,Leave Start,,CAD,CA,2021-09-27 02:00:00,PAYROLL
EVT00016098,2021-09-07,EMP01396,CC0045,AS,2,Step Increment,51296.31,CAD,CAN,2021-09-08 01:00:00,CORE_HR
EVT00015932,2021-09-20,EMP04754,CC0017,CR,3,Step Increment,67743.45,CAD,CAN,2021-09-20 08:00:00,CORE_HR
EVT00016000,2021-09-09,EMP01553,CC0047,PA,3,Performance Pay,5748.74,CAD,CAN,2021-09-09 13:00:00,CORE_HR
EVT00017061,2021-09-23,EMP04324,CC0083,PA,4,Step Increment,82825.83,CAD,CA,2021-09-24 00:00:00,PAYROLL
EVT00017444,2021-09-09,EMP04724,CC0033,FI,2,Step Increment,82500.57,CAD,CAN,2021-09-10 00:00:00,CORE_HR
EVT00016997,2021-09-06,EMP01283,CC0089,AS,3,Hire,68426.86,CAD,CA,2021-09-07 13:00:00,PAYROLL
EVT00017340,2021-09-24,EMP00717,CC0115,CR,2,Step Increment,60423.69,CAD,CA,2021-09-24 16:00:00,PAYROLL
EVT00017639,2021-09-23,EMP00437,CC0013,EN,3,Lateral Deployment,,CAD,CAN,2021-09-23 20:00:00,CORE_HR
EVT00015874,2021-09-01,EMP02747,CC0035,AS,2,Step Increment,66654.67,CAD,CAN,2021-09-02 13:00:00,CORE_HR
EVT00016672,2021-09-01,EMP04239,CC0048,EC,2,Step Increment,87816.78,CAD,CAN,2021-09-02 13:00:00,CORE_HR
EVT00017179,2021-09-01,EMP02815,CC0067,FI,2,Step Increment,67361.98,CAD,CAN,2021-09-02 14:00:00,CORE_HR
EVT00016232,2021-09-21,EMP04949,CC0074,EC,3,Leave Start,,MXN,MEX,2021-09-22 04:00:00,CORE_HR
EVT00016009,2021-09-03,EMP01242,CC0114,EC,1,Leave Start,,CAD,CAN,2021-09-04 01:00:00,CORE_HR
EVT00016693,2021-09-21,EMP04137,CC0085,CR,4,Leave Return,,CAD,CAN,2021-09-21 08:00:00,CORE_HR
EVT00017293,2021-09-22,EMP03802,CC0119,AS,2,Step Increment,55930.17,CAD,CA,2021-09-22 17:00:00,PAYROLL
EVT00015812,2021-09-09,EMP03221,CC0073,EX,2,Step Increment,142908.7,CAD,CAN,2021-09-10 00:00:00,CORE_HR
EVT00015905,2021-09-22,EMP01967,CC0089,EX,2,Step Increment,157783.99,CAD,CAN,2021-09-23 03:00:00,CORE_HR
EVT00017483,2021-09-13,EMP04631,CC0083,AS,4,Step Increment,74812.75,CAD,CAN,2021-09-13 12:00:00,CORE_HR
EVT00016711,2021-09-05,EMP00121,CC0113,FI,2,Step Increment,73334.41,CAD,CAN,2021-09-05 23:00:00,CORE_HR
EVT00017476,2021-09-20,EMP04187,CC0030,PA,2,Leave Return,,SGD,SG,2021-09-21 07:00:00,PAYROLL
EVT00016904,2021-09-07,EMP04850,CC0010,AS,2,Lateral Deployment,,CAD,CA,2021-09-07 18:00:00,PAYROLL
EVT00016089,2021-09-18,EMP02555,CC0037,FI,1,Performance Pay,3073.73,CAD,CAN,2021-09-22 03:00:00,CORE_HR
EVT00015904,2021-09-24,EMP02809,CC0027,AS,2,Performance Pay,5499.74,CAD,CAN,2021-09-25 06:00:00,CORE_HR
EVT00017670,2021-09-04,EMP02011,CC0038,IT,3,Leave Start,,CAD,CAN,2021-09-05 06:00:00,CORE_HR
EVT00017349,2021-09-15,EMP03791,CC0100,AS,5,Step Increment,68084.87,CAD,CAN,2021-09-16 04:00:00,CORE_HR
EVT00016113,2021-09-24,EMP04781,CC0074,EN,2,Hire,80648.79,SGD,SG,2021-09-24 15:00:00,PAYROLL
EVT00017295,2021-09-09,EMP00209,CC0026,FI,2,Performance Pay,6502.87,CAD,CAN,2021-09-09 12:00:00,CORE_HR
EVT00017398,2021-09-11,EMP02923,CC0098,CR,2,Step Increment,52369.04,CAD,CAN,2021-09-11 16:00:00,CORE_HR
EVT00016465,2021-09-06,EMP04249,CC0049,IT,3,Leave Start,,SGD,SG,2021-09-06 11:00:00,PAYROLL
EVT00017388,2021-09-26,EMP04928,CC0077,PA,1,Departure,,CAD,CA,2021-09-27 10:00:00,PAYROLL
EVT00017567,2021-09-25,EMP00271,CC0032,CR,3,Promotion,62681.09,CAD,CAN,2021-09-26 11:00:00,CORE_HR
EVT00016489,2021-09-15,EMP03548,CC0047,EC,2,Lateral Deployment,,CAD,CA,2021-09-15 06:00:00,PAYROLL
EVT00017312,2021-09-24,EMP02905,CC0042,IT,2,Departure,,CAD,CA,2021-09-25 12:00:00,PAYROLL
EVT00016992,2021-09-04,EMP03589,CC0108,IT,3,Promotion,6847031.1,INR,IND,2021-09-05 03:00:00,CORE_HR
EVT00015985,2021-09-15,EMP01481,CC0040,FI,2,Leave Return,,CAD,CAN,2021-09-15 21:00:00,CORE_HR
EVT00017653,2021-09-26,EMP02775,CC0105,PA,4,Performance Pay,3038.29,EUR,FR,2021-09-27 04:00:00,PAYROLL
EVT00017402,2021-09-02,EMP00699,CC0021,AS,1,Performance Pay,7685.61,CAD,CAN,2021-09-03 15:00:00,CORE_HR
EVT00015989,2021-09-14,EMP03838,CC0096,CR,3,Lateral Deployment,,CAD,CAN,2021-09-15 08:00:00,CORE_HR
EVT00016916,2021-09-05,EMP03568,CC0077,PA,5,Leave Start,,CAD,CAN,2021-09-05 15:00:00,CORE_HR
EVT00017562,2021-09-07,EMP01458,CC0078,EX,1,Step Increment,117727.47,CAD,CAN,2021-09-07 15:00:00,CORE_HR
EVT00016180,2021-09-22,EMP01488,CC0026,PA,1,Step Increment,61872.95,CAD,CAN,2021-09-23 12:00:00,CORE_HR
EVT00016395,2021-09-11,EMP04076,CC0102,CR,2,Step Increment,53878.12,CAD,CAN,2021-09-12 05:00:00,CORE_HR
EVT00016428,2021-09-12,EMP02584,CC0037,EX,2,Step Increment,183432.14,CAD,CA,2021-09-13 04:00:00,PAYROLL
EVT00017307,2021-09-12,EMP02216,CC0083,EX,1,Leave Start,,CAD,CAN,2021-09-12 13:00:00,CORE_HR
EVT00016320,2021-09-10,EMP04399,CC0102,EN,4,Step Increment,116858.14,CAD,CA,2021-09-11 15:00:00,PAYROLL
EVT00016666,2021-09-08,EMP02920,CC0006,AS,3,Step Increment,67925.45,CAD,CA,2021-09-08 06:00:00,PAYROLL
EVT00016709,2021-09-12,EMP02898,CC0100,CR,2,Step Increment,56657.35,CAD,CAN,2021-09-12 09:00:00,CORE_HR
EVT00016251,2021-09-22,EMP04437,CC0071,EN,5,Performance Pay,7283.33,CAD,CAN,2021-09-23 14:00:00,CORE_HR
EVT00016195,2021-09-16,EMP04313,CC0081,AS,1,Step Increment,59928.89,CAD,CAN,2021-09-16 13:00:00,CORE_HR
EVT00015702,2021-09-17,EMP04001,CC0048,PA,1,Step Increment,61553.04,CAD,CAN,2021-09-17 21:00:00,CORE_HR
EVT00016826,2021-09-14,EMP02443,CC0105,PA,3,Leave Return,,AED,AE,2021-09-14 14:00:00,PAYROLL
EVT00016407,2021-09-05,EMP00910,CC0098,FI,3,Step Increment,98128.28,CAD,CAN,2021-09-05 18:00:00,CORE_HR
EVT00016870,2021-09-02,EMP03040,CC0063,PA,2,Step Increment,64418.86,CAD,CAN,2021-09-03 06:00:00,CORE_HR
EVT00017480,2021-09-11,EMP04211,CC0113,AS,2,Step Increment,66225.62,CAD,CA,2021-09-12 06:00:00,PAYROLL
EVT00016676,2021-09-08,EMP02949,CC0059,FI,1,Step Increment,64771.65,CAD,CA,2021-09-08 14:00:00,PAYROLL
EVT00015808,2021-09-09,EMP00621,CC0048,IT,5,Hire,134894.38,CAD,CAN,2021-09-10 04:00:00,CORE_HR
EVT00016275,2021-09-09,EMP03588,CC0085,IT,2,Performance Pay,4859.68,CAD,CAN,2021-09-10 05:00:00,CORE_HR
EVT00016557,2021-09-09,EMP03161,CC0116,CR,2,Performance Pay,5861.74,CAD,CAN,2021-09-09 23:00:00,CORE_HR
EVT00015900,2021-09-20,EMP03559,CC0100,CR,1,Step Increment,42337.54,CAD,CAN,2021-09-20 20:00:00,CORE_HR
EVT00016126,2021-09-23,EMP02049,CC0107,AS,1,Performance Pay,-3303.5,CAD,CAN,2021-09-24 06:00:00,CORE_HR
EVT00017628,2021-09-21,EMP02050,CC0025,FI,3,Leave Start,,CAD,CAN,2021-09-21 08:00:00,CORE_HR
EVT00017680,2021-09-17,EMP02320,CC0010,PA,1,Step Increment,65384.25,CAD,CAN,2021-09-17 16:00:00,CORE_HR
EVT00015821,2021-09-08,EMP04862,CC0049,FI,1,Step Increment,80371.65,AUD,AU,2021-09-08 18:00:00,PAYROLL
EVT00016065,2021-09-25,EMP02414,CC0009,CR,1,Performance Pay,265424.9,KES,KE,2021-09-25 07:00:00,PAYROLL
EVT00016923,2021-09-11,EMP04119,CC0068,PA,4,Hire,80816.93,CAD,CA,2021-09-11 16:00:00,PAYROLL
EVT00017257,2021-09-13,EMP02590,CC0021,AS,1,Step Increment,45748.8,CAD,CA,2021-09-13 20:00:00,PAYROLL
EVT00016343,2021-09-11,EMP02181,CC0052,PA,3,Performance Pay,10485.55,CAD,CAN,2021-09-12 06:00:00,CORE_HR
EVT00017418,2021-09-11,EMP04233,CC0032,FI,2,Leave Start,,CAD,CAN,2021-09-11 20:00:00,CORE_HR
EVT00016050,2021-09-12,EMP01259,CC0112,IT,2,Performance Pay,7424.18,CAD,CAN,2021-09-13 04:00:00,CORE_HR
EVT00016884,2021-09-01,EMP04556,CC0099,PA,3,Departure,,CAD,CA,2021-09-01 07:00:00,PAYROLL
EVT00017330,2021-09-06,EMP04731,CC0110,EX,1,Lateral Deployment,,CAD,CA,2021-09-07 12:00:00,PAYROLL
EVT00017353,2021-09-20,EMP04199,CC0077,PA,3,Leave Start,,CAD,CAN,2021-09-20 16:00:00,CORE_HR
EVT00016361,2021-09-21,EMP99999,CC0023,AS,4,Leave Start,,CAD,CAN,2021-09-21 14:00:00,CORE_HR
EVT00016038,2021-09-06,EMP01361,CC0061,IT,2,Leave Return,,CAD,CA,2021-09-07 05:00:00,PAYROLL
EVT00015961,2021-09-26,EMP02209,CC0022,EX,1,Leave Start,,CAD,CAN,2021-09-27 02:00:00,CORE_HR
EVT00017197,2021-09-21,EMP00899,CC0029,PA,3,Leave Start,,GBP,GB,2021-09-21 17:00:00,PAYROLL
EVT00015822,2021-09-15,EMP00804,CC0022,EX,2,Promotion,148286.38,CAD,CA,2021-09-15 09:00:00,PAYROLL
EVT00017030,2021-09-16,EMP02565,CC0097,PA,5,Leave Start,,CAD,CAN,2021-09-17 08:00:00,CORE_HR
EVT00017658,2021-09-14,EMP02708,CC0119,FI,1,Step Increment,72239.8,CAD,CA,2021-09-15 08:00:00,PAYROLL
EVT00016609,2021-09-10,EMP02466,CC0051,CR,3,Performance Pay,4412.92,CAD,CAN,2021-09-10 21:00:00,CORE_HR
EVT00015750,2021-09-25,EMP04653,CC0103,PA,4,Performance Pay,11285.77,CAD,CAN,2021-09-25 20:00:00,CORE_HR
EVT00016094,2021-09-18,EMP01594,CC0049,EN,2,Step Increment,104044.68,AUD,AUS,2021-09-18 19:00:00,CORE_HR
EVT00016266,2021-09-03,EMP01158,CC0021,EX,1,Performance Pay,5588.35,CAD,CAN,2021-09-04 09:00:00,CORE_HR
EVT00016937,2021-09-05,EMP00750,CC0022,AS,1,Step Increment,60043.25,CAD,CAN,2021-09-06 07:00:00,CORE_HR
EVT00017579,2021-09-18,EMP01077,CC0014,IT,1,Lateral Deployment,,CAD,CAN,2021-09-19 10:00:00,CORE_HR
EVT00017423,2021-09-18,EMP01530,CC0052,PA,1,Step Increment,60186.32,CAD,CA,2021-09-19 09:00:00,PAYROLL
EVT00016748,2021-09-27,EMP04266,CC0057,FI,4,Step Increment,100542.9,CAD,CAN,2021-09-28 05:00:00,CORE_HR
EVT00016799,2021-09-09,EMP03841,CC0081,IT,2,Lateral Deployment,,CAD,CAN,2021-09-09 23:00:00,CORE_HR
EVT00015738,2021-09-17,EMP01151,CC0107,EN,2,Step Increment,105806.05,CAD,CA,2021-09-17 20:00:00,PAYROLL
EVT00016371,2021-09-01,EMP04281,CC0067,EC,2,Performance Pay,9346.9,CAD,CA,2021-09-01 20:00:00,PAYROLL
EVT00016918,2021-09-22,EMP01552,CC0059,CR,3,Step Increment,67847.54,CAD,CAN,2021-09-23 07:00:00,CORE_HR
EVT00017561,2021-09-10,EMP00447,CC0047,PA,3,Departure,,CAD,CA,2021-09-10 16:00:00,PAYROLL
EVT00017060,2021-09-09,EMP04955,CC0041,PA,3,Step Increment,81559.63,CAD,CA,2021-09-09 14:00:00,PAYROLL
EVT00016887,2021-09-27,EMP00320,CC0027,FI,3,Lateral Deployment,,CAD,CAN,2021-09-28 13:00:00,CORE_HR
EVT00016233,2021-09-05,EMP00367,CC0097,FI,4,Performance Pay,11848.91,CAD,CAN,2021-09-05 09:00:00,CORE_HR
EVT00017598,2021-09-26,EMP04011,CC0119,CR,4,Departure,,CAD,CAN,2021-09-26 14:00:00,CORE_HR
EVT00017003,2021-09-05,EMP04551,CC0108,PA,2,Step Increment,3834021.99,INR,IN,2021-09-05 19:00:00,PAYROLL
EVT00017523,2021-09-14,EMP03684,CC0078,PA,2,Performance Pay,7685.51,CAD,CA,2021-09-14 13:00:00,PAYROLL
EVT00017251,2021-09-27,EMP00581,CC0105,EC,1,Departure,,KES,KE,2021-09-28 15:00:00,PAYROLL
EVT00017088,2021-09-23,EMP01040,CC0013,IT,2,Leave Start,,CAD,CA,2021-09-23 13:00:00,PAYROLL
EVT00017565,2021-09-15,EMP01066,CC0112,FI,2,Promotion,62742.95,CAD,CAN,2021-09-15 21:00:00,CORE_HR
EVT00016461,2021-09-17,EMP00463,CC0054,EC,2,Lateral Deployment,,GBP,GB,2021-09-18 01:00:00,PAYROLL
EVT00017193,2021-09-13,EMP02026,CC0094,EC,3,Step Increment,96367.88,CAD,CAN,2021-09-14 00:00:00,CORE_HR
EVT00015965,2021-09-25,EMP02522,CC0013,CR,3,Lateral Deployment,,CAD,CAN,2021-09-26 12:00:00,CORE_HR
EVT00017387,2021-09-22,EMP04916,CC0025,EX,1,Departure,,CAD,CA,2021-09-23 03:00:00,PAYROLL
EVT00016400,2021-09-02,EMP03511,CC0005,CR,4,Step Increment,62468.63,CAD,CA,2021-09-02 12:00:00,PAYROLL
EVT00016669,2021-09-07,EMP02738,CC0033,PA,4,Step Increment,81805.91,CAD,CA,2021-09-07 21:00:00,PAYROLL
EVT00017687,2021-09-17,EMP02442,CC0009,IT,3,Step Increment,8204227.85,JPY,JP,2021-09-17 12:00:00,PAYROLL
EVT00017465,2021-09-10,EMP04315,CC0016,EC,4,Departure,,CAD,CA,2021-09-10 11:00:00,PAYROLL
EVT00017031,2021-09-21,EMP02647,CC0086,EC,2,Step Increment,62071.0,EUR,DEU,2021-09-22 12:00:00,CORE_HR
EVT00015693,2021-09-27,EMP00350,CC0067,PA,4,Lateral Deployment,,CAD,CA,2021-09-29 21:00:00,PAYROLL
EVT00016829,2021-09-21,EMP04530,CC0079,IT,4,Performance Pay,15057.13,CAD,CAN,2021-09-22 09:00:00,CORE_HR
EVT00016441,2021-09-18,EMP00217,CC0087,IT,2,Lateral Deployment,,CAD,CAN,2021-09-19 12:00:00,CORE_HR
EVT00017027,2021-09-17,EMP03356,CC0076,EC,3,Performance Pay,5862.58,CAD,CAN,2021-09-18 10:00:00,CORE_HR
EVT00017318,2021-09-27,EMP04959,CC0096,AS,4,Performance Pay,3714.5,CAD,CAN,2021-09-28 08:00:00,CORE_HR
EVT00017692,2021-09-05,EMP00912,CC0043,IT,2,Step Increment,90954.88,CAD,CA,2021-09-06 10:00:00,PAYROLL
EVT00016052,2021-09-17,EMP03527,CC0012,IT,3,Leave Return,,CAD,CAN,2021-09-18 00:00:00,CORE_HR
EVT00015856,2021-09-01,EMP01920,CC0071,EN,3,Leave Return,,CAD,CAN,2021-09-01 19:00:00,CORE_HR
EVT00017558,2021-09-08,EMP03896,CC0012,PA,5,Lateral Deployment,,CAD,CAN,2021-09-08 13:00:00,CORE_HR
EVT00016039,2021-09-17,EMP00544,CC0049,CR,3,Performance Pay,3261.92,AUD,AU,2021-09-17 15:00:00,PAYROLL
EVT00016714,2021-09-16,EMP00460,CC0078,PA,3,Promotion,70453.42,CAD,CAN,2021-09-16 22:00:00,CORE_HR
EVT00017360,2021-09-03,EMP02152,CC0117,PA,2,Departure,,CAD,CAN,2021-09-04 04:00:00,CORE_HR
EVT00017357,2021-09-22,EMP01731,CC0099,EN,2,Leave Return,,CAD,CAN,2021-09-23 01:00:00,CORE_HR
EVT00015680,2021-09-06,EMP00312,CC0090,CR,3,Step Increment,64856.34,CAD,CAN,2021-09-07 14:00:00,CORE_HR
EVT00016069,2021-09-13,EMP03421,CC0083,IT,1,Performance Pay,9880.2,CAD,CAN,2021-09-14 12:00:00,CORE_HR
EVT00017649,2021-09-12,EMP02661,CC0062,AS,3,Hire,62232.24,CAD,CA,2021-09-12 06:00:00,PAYROLL
EVT00016362,2021-09-01,EMP04838,CC0031,EC,3,Leave Start,,GBP,GB,2021-09-02 13:00:00,PAYROLL
EVT00017533,2021-09-12,EMP03679,CC0103,FI,2,Step Increment,77097.47,CAD,CA,2021-09-12 09:00:00,PAYROLL
EVT00017582,2021-09-10,EMP02590,CC0021,AS,1,Leave Return,,CAD,CA,2021-09-11 04:00:00,PAYROLL
EVT00017391,2021-09-01,EMP01631,CC0014,EN,2,Performance Pay,6200.44,CAD,CAN,2021-09-01 06:00:00,CORE_HR
EVT00016862,2021-09-12,EMP01222,CC0071,IT,1,Leave Return,,CAD,CA,2021-09-13 08:00:00,PAYROLL
EVT00015849,2021-09-19,EMP00802,CC0036,EX,1,Leave Start,,CAD,CA,2021-09-19 23:00:00,PAYROLL
EVT00017555,2021-09-25,EMP03236,CC0028,FI,2,Step Increment,81307.08,CAD,CAN,2021-09-25 13:00:00,CORE_HR
EVT00015819,2021-09-19,EMP00888,CC0113,PA,2,Performance Pay,8088.3,CAD,CAN,2021-09-20 08:00:00,CORE_HR
EVT00015778,2021-09-26,EMP03706,CC0050,EX,1,Step Increment,124698.04,CAD,CAN,2021-09-26 06:00:00,CORE_HR
EVT00017470,2021-09-16,EMP00348,CC0113,AS,2,Hire,63698.59,CAD,CA,2021-09-16 13:00:00,PAYROLL
EVT00017515,2021-09-11,EMP03638,CC0025,PA,1,Departure,,CAD,CA,2021-09-12 06:00:00,PAYROLL
EVT00015876,2021-09-11,EMP00155,CC0068,EC,1,Departure,,CAD,CAN,2021-09-11 10:00:00,CORE_HR
EVT00016191,2021-09-21,EMP04115,CC0099,IT,5,Step Increment,138498.95,CAD,CAN,2021-09-21 07:00:00,CORE_HR
EVT00016849,2021-09-26,EMP03285,CC0046,EN,2,Hire,5677475.89,INR,IN,2021-09-27 03:00:00,PAYROLL
EVT00016680,2021-09-01,EMP01717,CC0096,EX,2,Lateral Deployment,,CAD,CAN,2021-09-01 21:00:00,CORE_HR
EVT00016190,2021-09-07,EMP03811,CC0043,AS,2,Step Increment,66946.01,CAD,CAN,2021-09-08 04:00:00,CORE_HR
EVT00016685,2021-09-26,EMP02839,CC0071,EX,2,Lateral Deployment,,CAD,CAN,2021-09-27 02:00:00,CORE_HR
EVT00017430,2021-09-14,EMP00593,CC0075,FI,3,Step Increment,86928.35,CAD,CAN,2021-09-14 21:00:00,CORE_HR
EVT00015854,2021-09-02,EMP01368,CC0112,EX,1,Step Increment,121809.23,CAD,CAN,2021-09-03 04:00:00,CORE_HR
EVT00016635,2021-09-17,EMP04705,CC0092,EN,3,Step Increment,111923.38,CAD,CA,2021-09-17 21:00:00,PAYROLL
EVT00017145,2021-09-24,EMP01829,CC0117,PA,5,Leave Return,,CAD,CA,2021-09-24 11:00:00,PAYROLL
EVT00017010,2021-09-16,EMP00453,CC0063,EN,1,Performance Pay,3395.69,CAD,CA,2021-09-17 05:00:00,PAYROLL
EVT00015898,2021-09-07,EMP01160,CC0072,CR,4,Leave Return,,CAD,CAN,2021-09-07 22:00:00,CORE_HR
EVT00017249,2021-09-12,EMP02460,CC0068,PA,2,Leave Start,,CAD,CAN,2021-09-12 23:00:00,CORE_HR
EVT00016907,2021-09-25,EMP01160,CC0072,CR,4,Leave Return,,CAD,CA,2021-09-25 17:00:00,PAYROLL
EVT00016796,2021-09-23,EMP00847,CC0065,CR,1,Hire,723178.96,MXN,MEX,2021-09-24 11:00:00,CORE_HR
EVT00017074,2021-09-20,EMP00822,CC0035,IT,3,Performance Pay,5408.36,CAD,CAN,2021-09-21 06:00:00,CORE_HR
EVT00017641,2021-09-07,EMP03291,CC0004,CR,3,Leave Return,,CAD,CAN,2021-09-07 15:00:00,CORE_HR
EVT00016229,2021-09-09,EMP01420,CC0012,EN,2,Step Increment,91280.35,CAD,CAN,2021-09-10 09:00:00,CORE_HR
EVT00017232,2021-09-10,EMP00656,CC0003,PA,3,Leave Start,,CAD,CA,2021-09-11 04:00:00,PAYROLL
EVT00015798,2021-09-16,EMP03901,CC0085,AS,3,Hire,69503.63,CAD,CA,2021-09-17 01:00:00,PAYROLL
EVT00015779,2021-09-27,EMP04357,CC0021,AS,3,Leave Start,,CAD,CAN,2021-09-28 02:00:00,CORE_HR
EVT00016920,2021-09-11,EMP01755,CC0047,PA,4,Leave Return,,CAD,CAN,2021-09-11 20:00:00,CORE_HR
EVT00017102,2021-09-08,EMP03864,CC0041,IT,3,Leave Return,,CAD,CA,2021-09-09 00:00:00,PAYROLL
EVT00016905,2021-09-08,EMP02656,CC0079,EN,1,Performance Pay,8738.6,CAD,CA,2021-09-09 14:00:00,PAYROLL
EVT00016214,2021-09-22,EMP00414,CC0015,EC,3,Leave Return,,CAD,CA,2021-09-23 02:00:00,PAYROLL
EVT00016722,2021-09-22,EMP00296,CC0081,CR,3,Lateral Deployment,,CAD,CA,2021-09-22 12:00:00,PAYROLL
EVT00016810,2021-09-25,EMP01382,CC0054,EX,3,Departure,,EUR,FRA,2021-09-29 03:00:00,CORE_HR
EVT00015759,2021-09-18,EMP03731,CC0119,EX,2,Performance Pay,13552.09,CAD,CA,2021-09-18 09:00:00,PAYROLL
EVT00016241,2021-09-24,EMP02510,CC0013,CR,2,Leave Return,,CAD,CA,2021-09-24 14:00:00,PAYROLL
EVT00016301,2021-09-09,EMP03747,CC0118,CR,2,Hire,54255.55,CAD,CAN,2021-09-09 13:00:00,CORE_HR
EVT00016710,2021-09-07,EMP01948,CC0006,CR,4,Step Increment,69115.44,CAD,CAN,2021-09-10 20:00:00,CORE_HR
EVT00016277,2021-09-25,EMP04071,CC0041,CR,1,Step Increment,46316.66,CAD,CAN,2021-09-25 19:00:00,CORE_HR
EVT00015836,2021-09-16,EMP03182,CC0120,PA,2,Lateral Deployment,,CAD,CAN,2021-09-16 21:00:00,CORE_HR
EVT00016746,2021-09-01,EMP04876,CC0051,FI,3,Leave Start,,CAD,CAN,2021-09-02 00:00:00,CORE_HR
EVT00016187,2021-09-06,EMP04993,CC0082,PA,2,Lateral Deployment,,CAD,CAN,2021-09-07 14:00:00,CORE_HR
EVT00016941,2021-09-07,EMP04214,CC0099,PA,1,Hire,55983.8,CAD,CA,2021-09-08 03:00:00,PAYROLL
EVT00015894,2021-09-27,EMP03841,CC0081,IT,2,Lateral Deployment,,CAD,CAN,2021-09-27 12:00:00,CORE_HR
EVT00016205,2021-09-20,EMP01268,CC0065,EN,5,Step Increment,98501.86,USD,USA,2021-09-20 14:00:00,CORE_HR
EVT00017513,2021-09-05,EMP00302,CC0096,EN,3,Promotion,105202.52,CAD,CA,2021-09-06 15:00:00,PAYROLL
EVT00016987,2021-09-05,EMP02300,CC0115,AS,1,Hire,57059.2,CAD,CA,2021-09-06 11:00:00,PAYROLL
EVT00017077,2021-09-21,EMP02459,CC0017,FI,2,Performance Pay,4443.11,CAD,CAN,2021-09-22 11:00:00,CORE_HR
EVT00016983,2021-09-01,EMP02038,CC0001,FI,1,Leave Start,,CAD,CAN,2021-09-03 21:00:00,CORE_HR
EVT00016550,2021-09-01,EMP02734,CC0102,FI,2,Step Increment,83549.5,CAD,CAN,2021-09-02 04:00:00,CORE_HR
EVT00017018,2021-09-27,EMP01388,CC0053,PA,3,Lateral Deployment,,CAD,CAN,2021-09-27 14:00:00,CORE_HR
EVT00017289,2021-09-23,EMP01951,CC0082,EN,2,Lateral Deployment,,CAD,CAN,2021-09-26 16:00:00,CORE_HR
EVT00017098,2021-09-24,EMP02997,CC0085,FI,4,Step Increment,125132.28,CAD,CAN,2021-09-24 11:00:00,CORE_HR
EVT00016576,2021-09-03,EMP00652,CC0073,IT,4,Step Increment,117230.84,CAD,CA,2021-09-04 07:00:00,PAYROLL
EVT00017577,2021-09-22,EMP04664,CC0093,AS,4,Step Increment,80156.84,CAD,CA,2021-09-23 05:00:00,PAYROLL
EVT00017304,2021-09-21,EMP02448,CC0042,PA,1,Leave Return,,CAD,CAN,2021-09-21 07:00:00,CORE_HR
EVT00016202,2021-09-16,EMP00014,CC0012,PA,2,Step Increment,57547.25,CAD,CAN,2021-09-17 02:00:00,CORE_HR
EVT00016406,2021-09-03,EMP00181,CC0021,CR,3,Step Increment,47548.46,CAD,CAN,2021-09-03 18:00:00,CORE_HR
EVT00016865,2021-09-13,EMP02063,CC0003,EX,1,Step Increment,105101.47,CAD,CA,2021-09-14 07:00:00,PAYROLL
EVT00016387,2021-09-21,EMP03640,CC0092,FI,3,Performance Pay,10812.31,CAD,CAN,2021-09-22 22:00:00,CORE_HR
EVT00017215,2021-09-13,EMP01554,CC0047,CR,5,Promotion,79101.51,CAD,CA,2021-09-14 14:00:00,PAYROLL
EVT00017113,2021-09-08,EMP00091,CC0115,IT,3,Step Increment,111518.43,CAD,CAN,2021-09-08 11:00:00,CORE_HR
EVT00017462,2021-09-01,EMP01161,CC0090,IT,4,Leave Return,,CAD,CAN,2021-09-01 12:00:00,CORE_HR
EVT00016291,2021-09-23,EMP01931,CC0069,EC,2,Promotion,80513.34,CAD,CAN,2021-09-23 10:00:00,CORE_HR
EVT00016243,2021-09-20,EMP03140,CC0068,IT,2,Leave Return,,CAD,CAN,2021-09-20 10:00:00,CORE_HR
EVT00017118,2021-09-09,EMP04553,CC0006,AS,2,Leave Return,,CAD,CAN,2021-09-09 16:00:00,CORE_HR
EVT00015717,2021-09-05,EMP04163,CC0009,EC,2,Leave Return,,BRL,BR,2021-09-06 12:00:00,PAYROLL
EVT00016763,2021-09-25,EMP03554,CC0048,CR,3,Step Increment,45011.39,CAD,CAN,2021-09-25 16:00:00,CORE_HR
EVT00017503,2021-09-04,EMP00031,CC0023,PA,2,Lateral Deployment,,CAD,CAN,2021-09-04 20:00:00,CORE_HR
EVT00016121,2021-09-07,EMP03525,CC0116,CR,5,Leave Start,,CAD,CAN,2021-09-07 21:00:00,CORE_HR
EVT00016953,2021-09-12,EMP04604,CC0009,PA,3,Step Increment,226490.18,BRL,BRA,2021-09-15 17:00:00,CORE_HR
EVT00017640,2021-09-08,EMP01335,CC0080,FI,2,Departure,,EUR,FR,2021-09-09 06:00:00,PAYROLL
EVT00016005,2021-09-07,EMP01109,CC0116,PA,4,Leave Return,,CAD,CAN,2021-09-08 12:00:00,CORE_HR
EVT00017170,2021-09-26,EMP00471,CC0011,IT,1,Leave Return,,CAD,CA,2021-09-26 21:00:00,PAYROLL
EVT00016694,2021-09-20,EMP03768,CC0049,FI,3,Performance Pay,967707.61,KES,KE,2021-09-21 06:00:00,PAYROLL
EVT00016444,2021-09-07,EMP00916,CC0019,EX,1,Step Increment,139733.29,CAD,CAN,2021-09-07 09:00:00,CORE_HR
EVT00016767,2021-09-14,EMP04325,CC0022,PA,4,Departure,,CAD,CAN,2021-09-15 01:00:00,CORE_HR
EVT00015842,2021-09-17,EMP01478,CC0001,PA,1,Lateral Deployment,,CAD,CA,2021-09-17 15:00:00,PAYROLL
EVT00016260,2021-09-11,EMP01590,CC0011,FI,1,Lateral Deployment,,CAD,CAN,2021-09-11 19:00:00,CORE_HR
EVT00017671,2021-09-03,EMP04671,CC0050,IT,2,Step Increment,83625.1,CAD,CA,2021-09-03 14:00:00,PAYROLL
EVT00017014,2021-09-12,EMP01921,CC0009,IT,2,Leave Return,,INR,IN,2021-09-13 14:00:00,PAYROLL
EVT00016503,2021-09-24,EMP00825,CC0045,EN,2,Leave Start,,CAD,CA,2021-09-24 14:00:00,PAYROLL
EVT00017399,2021-09-05,EMP04398,CC0089,FI,2,Step Increment,86764.76,CAD,CAN,2021-09-05 11:00:00,CORE_HR
EVT00017283,2021-09-02,EMP04915,CC0100,EN,2,Step Increment,101870.41,CAD,CA,2021-09-02 13:00:00,PAYROLL
EVT00016886,2021-09-16,EMP04633,CC0046,FI,1,Leave Return,,AED,AE,2021-09-16 06:00:00,PAYROLL
EVT00017216,2021-09-14,EMP04755,CC0117,EC,2,Performance Pay,6821.32,CAD,CA,2021-09-14 21:00:00,PAYROLL
EVT00016586,2021-09-01,EMP03461,CC0084,AS,1,Performance Pay,3123.08,CAD,CAN,2021-09-01 22:00:00,CORE_HR
EVT00016495,2021-09-13,EMP00909,CC0076,CR,2,Leave Return,,CAD,CA,2021-09-14 04:00:00,PAYROLL
EVT00017063,2021-09-18,EMP00780,CC0118,IT,1,Leave Start,,CAD,CAN,2021-09-18 07:00:00,CORE_HR
EVT00016421,2021-09-11,EMP00295,CC0039,IT,2,Step Increment,95425.57,CAD,CA,2021-09-12 11:00:00,PAYROLL
EVT00015910,2021-09-01,EMP02570,CC0101,PA,4,Leave Return,,CAD,CAN,2021-09-01 15:00:00,CORE_HR
EVT00015760,2021-09-15,EMP01904,CC0016,EX,1,Departure,,CAD,CA,2021-09-15 06:00:00,PAYROLL
EVT00017534,2021-09-06,EMP03063,CC0065,PA,2,Step Increment,640739.64,MXN,MEX,2021-09-07 15:00:00,CORE_HR
EVT00017183,2021-09-14,EMP00960,CC0096,CR,4,Hire,67607.33,CAD,CAN,2021-09-14 20:00:00,CORE_HR
EVT00015825,2021-09-21,EMP03792,CC0037,EC,4,Leave Return,,CAD,CA,2021-09-21 13:00:00,PAYROLL
EVT00016377,2021-09-17,EMP03150,CC0110,IT,4,Performance Pay,5943.23,CAD,CAN,2021-09-17 14:00:00,CORE_HR
EVT00016744,2021-09-27,EMP02981,CC0023,FI,3,Lateral Deployment,,CAD,CA,2021-09-28 00:00:00,PAYROLL
EVT00016405,2021-09-01,EMP04527,CC0107,PA,4,Promotion,93572.61,CAD,CA,2021-09-02 08:00:00,PAYROLL
EVT00016762,2021-09-11,EMP04199,CC0077,PA,3,Hire,70819.73,CAD,CA,2021-09-12 07:00:00,PAYROLL
EVT00015853,2021-09-17,EMP00587,CC0092,IT,1,Performance Pay,4626.18,CAD,CA,2021-09-17 11:00:00,PAYROLL
EVT00017487,2021-09-18,EMP01004,CC0016,CR,2,Step Increment,70354.4,CAD,CAN,2021-09-18 21:00:00,CORE_HR
EVT00017258,2021-09-20,EMP02027,CC0036,IT,4,Leave Start,,CAD,CAN,2021-09-21 04:00:00,CORE_HR
EVT00015826,2021-09-15,EMP03613,CC0090,AS,2,Leave Start,,CAD,CA,2021-09-16 14:00:00,PAYROLL
EVT00015762,2021-09-18,EMP01772,CC0074,FI,1,Leave Return,,AUD,AUS,2021-09-18 18:00:00,CORE_HR
EVT00017380,2021-09-07,EMP01134,CC0080,EC,2,Promotion,8773033.99,JPY,JP,2021-09-07 22:00:00,PAYROLL
EVT00017256,2021-09-04,EMP02449,CC0023,FI,2,Leave Start,,CAD,CA,2021-09-05 06:00:00,PAYROLL
EVT00017661,2021-09-25,EMP04802,CC0076,IT,4,Step Increment,121622.68,CAD,CA,2021-09-25 15:00:00,PAYROLL
EVT00017637,2021-09-03,EMP04655,CC0073,IT,1,Step Increment,77878.69,CAD,CA,2021-09-03 12:00:00,PAYROLL
EVT00015866,2021-09-26,EMP00406,CC0065,AS,5,Step Increment,11127354.18,KES,KEN,2021-09-27 10:00:00,CORE_HR
EVT00016901,2021-09-17,EMP00678,CC0094,AS,2,Step Increment,65320.5,CAD,CAN,2021-09-18 09:00:00,CORE_HR
EVT00016074,2021-09-17,EMP02130,CC0019,FI,1,Leave Start,,CAD,CA,2021-09-18 02:00:00,PAYROLL
EVT00016437,2021-09-21,EMP03012,CC0014,AS,3,Promotion,70648.64,CAD,CA,2021-09-22 07:00:00,PAYROLL
EVT00016013,2021-09-11,EMP00859,CC0080,PA,1,Step Increment,278499.61,BRL,BRA,2021-09-11 19:00:00,CORE_HR
EVT00016701,2021-09-21,EMP01060,CC0042,CR,2,Step Increment,55402.4,CAD,CAN,2021-09-22 09:00:00,CORE_HR
EVT00016172,2021-09-03,EMP04066,CC0054,AS,2,Lateral Deployment,,USD,USA,2021-09-04 13:00:00,CORE_HR
EVT00017354,2021-09-01,EMP03897,CC0116,IT,3,Step Increment,97609.99,CAD,CAN,2021-09-02 07:00:00,CORE_HR
EVT00015723,2021-09-19,EMP01313,CC0069,IT,1,Step Increment,83311.06,CAD,CAN,2021-09-19 23:00:00,CORE_HR
EVT00016525,2021-09-25,EMP01733,CC0031,EX,1,Hire,494448.16,BRL,BR,2021-09-25 18:00:00,PAYROLL
EVT00017477,2021-09-25,EMP04435,CC0118,AS,5,Step Increment,90712.38,CAD,CA,2021-09-26 02:00:00,PAYROLL
EVT00015991,2021-09-21,EMP03380,CC0036,EN,2,Leave Start,,CAD,CAN,2021-09-22 15:00:00,CORE_HR
EVT00016769,2021-09-08,EMP03803,CC0119,IT,3,Step Increment,99778.39,CAD,CA,2021-09-08 12:00:00,PAYROLL
EVT00016622,2021-09-20,EMP01124,CC0072,EX,1,Lateral Deployment,,CAD,CAN,2021-09-21 08:00:00,CORE_HR
EVT00016075,2021-09-13,EMP01598,CC0104,EX,1,Performance Pay,13194.31,CAD,CA,2021-09-13 20:00:00,PAYROLL
EVT00015784,2021-09-25,EMP01506,CC0074,PA,1,Step Increment,219907.86,BRL,BR,2021-09-25 17:00:00,PAYROLL
EVT00016329,2021-09-23,EMP04609,CC0097,EC,3,Hire,99026.52,CAD,CA,2021-09-23 10:00:00,PAYROLL
EVT00016092,2021-09-01,EMP04091,CC0090,EN,1,Step Increment,85294.69,CAD,CAN,2021-09-01 06:00:00,CORE_HR
EVT00016365,2021-09-07,EMP01326,CC0018,AS,2,Step Increment,64529.4,CAD,CAN,2021-09-07 21:00:00,CORE_HR
EVT00015837,2021-09-09,EMP00401,CC0037,PA,2,Step Increment,71323.25,CAD,CAN,2021-09-10 08:00:00,CORE_HR
EVT00017505,2021-09-23,EMP01818,CC0041,IT,5,Step Increment,117852.6,CAD,CAN,2021-09-23 08:00:00,CORE_HR
EVT00017121,2021-09-21,EMP02546,CC0061,CR,5,Performance Pay,9388.72,CAD,CA,2021-09-22 03:00:00,PAYROLL
EVT00017009,2021-09-17,EMP02562,CC0097,IT,3,Departure,,CAD,CAN,2021-09-17 07:00:00,CORE_HR
EVT00016742,2021-09-14,EMP04768,CC0063,FI,1,Leave Start,,CAD,CA,2021-09-15 07:00:00,PAYROLL
EVT00015909,2021-09-16,EMP04831,CC0101,PA,2,Leave Return,,CAD,CA,2021-09-17 14:00:00,PAYROLL
EVT00016317,2021-09-26,EMP01411,CC0026,FI,2,Performance Pay,4968.68,CAD,CAN,2021-09-27 05:00:00,CORE_HR
EVT00016222,2021-09-17,EMP02159,CC0079,EX,1,Performance Pay,14808.55,CAD,CA,2021-09-18 07:00:00,PAYROLL
EVT00015950,2021-09-26,EMP00043,CC0092,EC,3,Performance Pay,12937.51,XXX,CA,2021-09-26 11:00:00,PAYROLL
EVT00016561,2021-09-01,EMP01530,CC0052,PA,1,Step Increment,58845.64,CAD,CA,2021-09-01 09:00:00,PAYROLL
EVT00016179,2021-09-04,EMP00986,CC0090,EX,1,Leave Return,,CAD,CAN,2021-09-04 18:00:00,CORE_HR
EVT00017266,2021-09-02,EMP01879,CC0089,PA,3,Step Increment,75584.88,CAD,CA,2021-09-03 06:00:00,PAYROLL
EVT00016137,2021-09-10,EMP01391,CC0073,EC,2,Lateral Deployment,,CAD,CAN,2021-09-11 09:00:00,CORE_HR
EVT00016533,2021-09-11,EMP02935,CC0051,EC,2,Departure,,CAD,CAN,2021-09-12 00:00:00,CORE_HR
EVT00017326,2021-09-14,EMP04069,CC0057,EC,1,Step Increment,70163.5,CAD,CAN,2021-09-14 22:00:00,CORE_HR
EVT00016577,2021-09-08,EMP04691,CC0016,EN,2,Hire,87262.35,CAD,CA,2021-09-09 10:00:00,PAYROLL
EVT00016545,2021-09-25,EMP02694,CC0018,EN,3,Step Increment,109962.62,CAD,CAN,2021-09-26 13:00:00,CORE_HR
EVT00016021,2021-09-08,EMP00711,CC0070,PA,4,Leave Start,,CAD,CA,2021-09-09 05:00:00,PAYROLL
EVT00016716,2021-09-08,EMP01075,CC0094,PA,2,Hire,64159.63,CAD,CAN,2021-09-09 00:00:00,CORE_HR
EVT00016751,2021-09-20,EMP00836,CC0118,AS,1,Step Increment,49859.1,CAD,CA,2021-09-20 12:00:00,PAYROLL
EVT00017259,2021-09-21,EMP04643,CC0003,AS,5,Leave Start,,CAD,CAN,2021-09-22 05:00:00,CORE_HR
EVT00016025,2021-09-01,EMP00865,CC0055,EN,2,Departure,,CAD,CAN,2021-09-01 20:00:00,CORE_HR
EVT00015942,2021-09-10,EMP01952,CC0118,IT,2,Leave Return,,CAD,CAN,2021-09-11 15:00:00,CORE_HR
EVT00015972,2021-09-27,EMP02903,CC0023,PA,3,Lateral Deployment,,CAD,CAN,2021-09-27 17:00:00,CORE_HR
EVT00016472,2021-09-03,EMP04441,CC0101,EC,2,Departure,,CAD,CA,2021-09-03 18:00:00,PAYROLL
EVT00016516,2021-09-01,EMP00805,CC0116,EN,1,Step Increment,80251.83,CAD,CA,2021-09-02 05:00:00,PAYROLL
EVT00016523,2021-09-07,EMP03660,CC0035,CR,1,Leave Start,,CAD,CAN,2021-09-08 00:00:00,CORE_HR
EVT00016319,2021-09-01,EMP01348,CC0054,AS,5,Lateral Deployment,,AUD,AU,2021-09-01 08:00:00,PAYROLL
EVT00015691,2021-09-03,EMP02977,CC0034,AS,2,Step Increment,62110.89,CAD,CAN,2021-09-04 07:00:00,CORE_HR
EVT00015864,2021-09-06,EMP02837,CC0109,EN,5,Performance Pay,11274.76,CAD,CAN,2021-09-06 11:00:00,CORE_HR
EVT00017089,2021-09-14,EMP02856,CC0079,EN,4,Step Increment,126346.15,CAD,CAN,2021-09-15 02:00:00,CORE_HR
EVT00017217,2021-09-27,EMP02713,CC0054,PA,1,Step Increment,6418422.71,KES,KEN,2021-09-28 13:00:00,CORE_HR
EVT00016650,2021-09-04,EMP04492,CC0085,IT,2,Performance Pay,10947.73,CAD,CAN,2021-09-04 10:00:00,CORE_HR
EVT00015884,2021-09-12,EMP02096,CC0040,EC,2,Hire,88331.59,CAD,CAN,2021-09-12 09:00:00,CORE_HR
EVT00015714,2021-09-26,EMP01966,CC0068,EC,1,Leave Start,,CAD,CAN,2021-09-26 09:00:00,CORE_HR
EVT00016385,2021-09-26,EMP02969,CC0022,CR,1,Step Increment,39599.25,CAD,CA,2021-09-26 10:00:00,PAYROLL
EVT00016061,2021-09-16,EMP03256,CC0053,PA,1,Step Increment,61378.34,CAD,CA,2021-09-17 04:00:00,PAYROLL
EVT00017142,2021-09-12,EMP00309,CC0104,IT,5,Step Increment,137670.32,CAD,CAN,2021-09-12 07:00:00,CORE_HR
EVT00017095,2021-09-14,EMP03320,CC0048,EN,3,Step Increment,100338.85,CAD,CA,2021-09-15 11:00:00,PAYROLL
EVT00017245,2021-09-16,EMP00705,CC0009,PA,2,Performance Pay,581650.49,KES,KEN,2021-09-16 09:00:00,CORE_HR
EVT00017094,2021-09-17,EMP03171,CC0022,EC,1,Performance Pay,8804.42,CAD,CAN,2021-09-17 06:00:00,CORE_HR
EVT00015872,2021-09-14,EMP01849,CC0083,PA,5,Leave Start,,CAD,CAN,2021-09-14 23:00:00,CORE_HR
EVT00016952,2021-09-08,EMP00007,CC0077,EX,1,Step Increment,111321.68,CAD,CAN,2021-09-08 11:00:00,CORE_HR
EVT00016581,2021-09-02,EMP02812,CC0094,PA,2,Step Increment,70397.24,CAD,CA,2021-09-03 04:00:00,PAYROLL
EVT00016500,2021-09-06,EMP01978,CC0042,PA,2,Performance Pay,9210.56,CAD,CAN,2021-09-06 21:00:00,CORE_HR
EVT00017451,2021-09-19,EMP03156,CC0025,EC,4,Leave Return,,CAD,CAN,2021-09-19 20:00:00,CORE_HR
EVT00016565,2021-09-27,EMP02661,CC0062,AS,3,Lateral Deployment,,CAD,CA,2021-09-27 15:00:00,PAYROLL
EVT00017336,2021-09-25,EMP04971,CC0091,IT,3,Step Increment,103741.3,CAD,CAN,2021-09-26 09:00:00,CORE_HR
EVT00017473,2021-09-06,EMP03006,CC0099,IT,2,Promotion,91305.7,CAD,CAN,2021-09-06 10:00:00,CORE_HR
EVT00016258,2021-09-27,EMP02066,CC0048,PA,3,Hire,72087.18,CAD,CA,2021-09-27 20:00:00,PAYROLL
EVT00017211,2021-09-22,EMP04767,CC0045,FI,2,Step Increment,85271.26,CAD,CA,2021-09-22 14:00:00,PAYROLL
EVT00016331,2021-09-25,EMP02919,CC0007,PA,2,Performance Pay,35972.68,BRL,BRA,2021-09-26 00:00:00,CORE_HR
EVT00017044,2021-09-07,EMP03840,CC0119,EN,1,Step Increment,83438.25,CAD,CAN,2021-09-07 06:00:00,CORE_HR
EVT00017397,2021-09-14,EMP01591,CC0113,IT,1,Hire,85394.71,CAD,CA,2021-09-14 10:00:00,PAYROLL
EVT00015888,2021-09-19,EMP00983,CC0045,EX,1,Promotion,139122.53,CAD,CAN,2021-09-20 11:00:00,CORE_HR
EVT00016082,2021-09-06,EMP02436,CC0087,EN,3,Performance Pay,10462.87,CAD,CA,2021-09-07 04:00:00,PAYROLL
EVT00016627,2021-09-26,EMP04482,CC0096,FI,2,Leave Start,,CAD,CA,2021-09-26 18:00:00,PAYROLL
EVT00016813,2021-09-23,EMP00324,CC0094,PA,2,Leave Start,,CAD,CA,2021-09-23 23:00:00,PAYROLL
EVT00017159,2021-09-02,EMP04316,CC0049,PA,2,Step Increment,245696.03,BRL,BR,2021-09-03 07:00:00,PAYROLL
EVT00017425,2021-09-23,EMP00906,CC0024,FI,3,Step Increment,94389.32,CAD,CAN,2021-09-23 11:00:00,CORE_HR
EVT00016880,2021-09-12,EMP00753,CC0024,AS,1,Leave Start,,CAD,CAN,2021-09-12 16:00:00,CORE_HR
EVT00017593,2021-09-10,EMP02865,CC0015,FI,2,Departure,,CAD,CA,2021-09-10 11:00:00,PAYROLL
EVT00017629,2021-09-18,EMP02763,CC0102,PA,4,Leave Return,,CAD,CA,2021-09-19 01:00:00,PAYROLL
EVT00016399,2021-09-23,EMP00209,CC0026,FI,2,Step Increment,74990.53,CAD,CAN,2021-09-23 09:00:00,CORE_HR
EVT00016520,2021-09-02,EMP01003,CC0013,CR,2,Step Increment,48544.18,CAD,CAN,2021-09-03 01:00:00,CORE_HR
EVT00016879,2021-09-10,EMP02503,CC0007,EN,2,Performance Pay,645442.32,KES,KEN,2021-09-11 08:00:00,CORE_HR
EVT00016213,2021-09-25,EMP04835,CC0047,PA,1,Performance Pay,7403.24,CAD,CA,2021-09-25 22:00:00,PAYROLL
EVT00016584,2021-09-15,EMP00136,CC0001,IT,1,Performance Pay,3715.89,CAD,CAN,2021-09-15 22:00:00,CORE_HR
EVT00015729,2021-09-08,EMP03289,CC0069,FI,5,Promotion,108773.63,CAD,CAN,2021-09-08 18:00:00,CORE_HR
EVT00016973,2021-09-10,EMP04794,CC0032,FI,2,Step Increment,76006.49,XXX,CAN,2021-09-10 12:00:00,CORE_HR
EVT00017238,2021-09-02,EMP01967,CC0089,EX,2,Departure,,CAD,CAN,2021-09-03 08:00:00,CORE_HR
EVT00015982,2021-09-21,EMP03138,CC0006,FI,2,Leave Return,,CAD,CA,2021-09-21 18:00:00,PAYROLL
EVT00016786,2021-09-07,EMP01592,CC0051,PA,5,Leave Start,,CAD,CAN,2021-09-08 08:00:00,CORE_HR
EVT00015855,2021-09-14,EMP00742,CC0014,AS,2,Step Increment,66673.34,CAD,CAN,2021-09-14 10:00:00,CORE_HR
EVT00016150,2021-09-21,EMP02333,CC0109,PA,5,Departure,,CAD,CAN,2021-09-22 12:00:00,CORE_HR
EVT00016807,2021-09-09,EMP00941,CC0089,FI,3,Step Increment,99044.3,CAD,CA,2021-09-09 22:00:00,PAYROLL
EVT00016196,2021-09-07,EMP03245,CC0025,EX,1,Step Increment,121884.7,CAD,CAN,2021-09-07 19:00:00,CORE_HR
EVT00016864,2021-09-02,EMP00555,CC0084,PA,4,Step Increment,83337.2,CAD,CAN,2021-09-02 17:00:00,CORE_HR
EVT00015881,2021-09-15,EMP01756,CC0041,EC,3,Performance Pay,12834.2,CAD,CA,2021-09-16 11:00:00,PAYROLL
EVT00017167,2021-09-26,EMP01234,CC0077,CR,5,Leave Start,,CAD,CAN,2021-09-26 16:00:00,CORE_HR
EVT00016903,2021-09-26,EMP02385,CC0056,EN,1,Step Increment,73669.43,CAD,CAN,2021-09-27 03:00:00,CORE_HR
EVT00017626,2021-09-01,EMP03559,CC0100,CR,1,Hire,39916.98,CAD,CA,2021-09-01 10:00:00,PAYROLL
EVT00016706,2021-09-10,EMP01221,CC0105,IT,2,Departure,,USD,USA,2021-09-11 02:00:00,CORE_HR
EVT00017126,2021-09-17,EMP03539,CC0046,PA,2,Step Increment,53652.21,SGD,SGP,2021-09-17 18:00:00,CORE_HR
EVT00015873,2021-09-11,EMP04631,CC0083,AS,4,Step Increment,75868.54,CAD,CAN,2021-09-14 04:00:00,CORE_HR
EVT00017529,2021-09-24,EMP04420,CC0083,IT,4,Performance Pay,8334.2,CAD,CA,2021-09-25 05:00:00,PAYROLL
EVT00016239,2021-09-22,EMP03974,CC0003,EN,2,Step Increment,91217.23,CAD,CAN,2021-09-22 19:00:00,CORE_HR
EVT00017264,2021-09-10,EMP01552,CC0059,CR,3,Leave Start,,CAD,CAN,2021-09-13 21:00:00,CORE_HR
EVT00016391,2021-09-18,EMP02530,CC0030,PA,1,Hire,6726853.96,KES,KEN,2021-09-19 10:00:00,CORE_HR
EVT00016677,2021-09-13,EMP04374,CC0095,FI,2,Departure,,CAD,CA,2021-09-13 19:00:00,PAYROLL
EVT00016499,2021-09-04,EMP04843,CC0008,CR,1,Performance Pay,4984.9,CAD,CA,2021-09-05 13:00:00,PAYROLL
EVT00016800,2021-09-05,EMP00371,CC0093,AS,5,Departure,,CAD,CA,2021-09-06 03:00:00,PAYROLL
EVT00017204,2021-09-05,EMP03066,CC0048,AS,3,Performance Pay,5438.42,CAD,CA,2021-09-06 09:00:00,PAYROLL
EVT00017202,2021-09-15,EMP01217,CC0005,IT,2,Performance Pay,5272.22,CAD,CAN,2021-09-16 05:00:00,CORE_HR
EVT00016373,2021-09-23,EMP02439,CC0089,CR,4,Step Increment,71207.16,CAD,CAN,2021-09-24 06:00:00,CORE_HR
EVT00016273,2021-09-02,EMP02540,CC0064,PA,3,Leave Start,,CAD,CAN,2021-09-02 20:00:00,CORE_HR
EVT00016900,2021-09-19,EMP01701,CC0004,AS,1,Step Increment,58454.0,CAD,CA,2021-09-19 21:00:00,PAYROLL
EVT00017591,2021-09-17,EMP01925,CC0011,PA,1,Lateral Deployment,,CAD,CAN,2021-09-17 12:00:00,CORE_HR
EVT00016125,2021-09-13,EMP04598,CC0037,IT,2,Promotion,97793.12,CAD,CAN,2021-09-14 00:00:00,CORE_HR
EVT00016246,2021-09-16,EMP00523,CC0098,FI,3,Hire,84042.91,CAD,CA,2021-09-17 08:00:00,PAYROLL
EVT00015757,2021-09-24,EMP00055,CC0068,IT,1,Leave Start,,CAD,CAN,2021-09-24 10:00:00,CORE_HR
EVT00017007,2021-09-03,EMP01936,CC0100,EN,1,Leave Start,,CAD,CAN,2021-09-03 06:00:00,CORE_HR
EVT00015875,2021-09-26,EMP01210,CC0092,PA,2,Step Increment,62330.29,CAD,CA,2021-09-26 07:00:00,PAYROLL
EVT00017187,2021-09-11,EMP03136,CC0031,EN,1,Step Increment,247052.59,BRL,BR,2021-09-12 10:00:00,PAYROLL
EVT00016234,2021-09-19,EMP04259,CC0020,PA,3,Promotion,88746.14,CAD,CAN,2021-09-19 08:00:00,CORE_HR
EVT00017646,2021-09-19,EMP01721,CC0070,PA,1,Step Increment,61182.35,CAD,CA,2021-09-19 11:00:00,PAYROLL
EVT00015846,2021-09-04,EMP01411,CC0026,FI,2,Leave Start,,CAD,CA,2021-09-04 15:00:00,PAYROLL
EVT00016798,2021-09-05,EMP00692,CC0024,EN,1,Step Increment,78234.4,CAD,CA,2021-09-06 09:00:00,PAYROLL
EVT00015949,2021-09-16,EMP02628,CC0091,EC,1,Leave Return,,CAD,CAN,2021-09-16 14:00:00,CORE_HR
EVT00017484,2021-09-03,EMP01237,CC0103,EX,1,Step Increment,98007.37,XXX,CAN,2021-09-03 18:00:00,CORE_HR
EVT00017079,2021-09-09,EMP02156,CC0043,AS,2,Promotion,46962.4,CAD,CA,2021-09-10 04:00:00,PAYROLL
EVT00017228,2021-09-11,EMP01109,CC0116,PA,4,Step Increment,95579.06,CAD,CA,2021-09-11 07:00:00,PAYROLL
EVT00017633,2021-09-08,EMP04365,CC0032,CR,2,Leave Return,,CAD,CA,2021-09-09 07:00:00,PAYROLL
EVT00016030,2021-09-21,EMP04091,CC0090,EN,1,Step Increment,73369.08,CAD,CA,2021-09-22 11:00:00,PAYROLL
EVT00015998,2021-09-06,EMP01920,CC0071,EN,3,Step Increment,105257.52,CAD,CA,2021-09-07 18:00:00,PAYROLL
EVT00017327,2021-09-18,EMP00805,CC0116,EN,1,Hire,75344.11,CAD,CA,2021-09-18 12:00:00,PAYROLL
EVT00016833,2021-09-04,EMP03034,CC0085,FI,1,Lateral Deployment,,CAD,CAN,2021-09-04 09:00:00,CORE_HR
EVT00017512,2021-09-22,EMP00904,CC0014,EN,4,Performance Pay,12088.78,CAD,CA,2021-09-25 07:00:00,PAYROLL
EVT00016389,2021-09-27,EMP03310,CC0060,EX,2,Hire,152918.8,CAD,CAN,2021-09-28 09:00:00,CORE_HR
EVT00016469,2021-09-06,EMP03206,CC0090,PA,1,Lateral Deployment,,CAD,CAN,2021-09-06 19:00:00,CORE_HR
EVT00017374,2021-09-14,EMP04948,CC0066,EN,3,Step Increment,103866.49,XXX,CA,2021-09-15 02:00:00,PAYROLL
EVT00017053,2021-09-11,EMP02025,CC0108,PA,1,Step Increment,34912.72,GBP,GBR,2021-09-13 06:00:00,CORE_HR
EVT00017151,2021-09-01,EMP04480,CC0092,PA,3,Performance Pay,3670.22,CAD,CA,2021-09-01 23:00:00,PAYROLL
EVT00016111,2021-09-16,EMP00489,CC0066,PA,1,Leave Return,,CAD,CAN,2021-09-17 11:00:00,CORE_HR
EVT00016090,2021-09-26,EMP04456,CC0047,CR,4,Lateral Deployment,,CAD,CAN,2021-09-26 06:00:00,CORE_HR
EVT00015828,2021-09-18,EMP02788,CC0118,PA,1,Leave Start,,CAD,CAN,2021-09-20 23:00:00,CORE_HR
EVT00016848,2021-09-05,EMP02579,CC0029,EN,2,Leave Return,,XXX,AU,2021-09-05 10:00:00,PAYROLL
EVT00016311,2021-09-23,EMP03059,CC0039,CR,2,Hire,50437.35,CAD,CA,2021-09-23 22:00:00,PAYROLL
EVT00017488,2021-09-18,EMP03312,CC0066,IT,1,Step Increment,79437.02,XXX,CAN,2021-09-18 19:00:00,CORE_HR
EVT00017269,2021-09-04,EMP01588,CC0041,EN,5,Leave Return,,CAD,CAN,2021-09-05 13:00:00,CORE_HR
EVT00016493,2021-09-19,EMP02845,CC0008,PA,1,Step Increment,-61163.88,CAD,CA,2021-09-20 05:00:00,PAYROLL
EVT00016648,2021-09-08,EMP02264,CC0100,EN,4,Lateral Deployment,,CAD,CAN,2021-09-09 12:00:00,CORE_HR
EVT00017516,2021-09-19,EMP00644,CC0019,CR,3,Leave Start,,CAD,CAN,2021-09-19 19:00:00,CORE_HR
EVT00017158,2021-09-07,EMP01934,CC0027,FI,5,Performance Pay,7982.99,CAD,CAN,2021-09-07 10:00:00,CORE_HR
EVT00017596,2021-09-07,EMP02467,CC0017,IT,1,Step Increment,66557.89,CAD,CAN,2021-09-08 10:00:00,CORE_HR
EVT00017426,2021-09-27,EMP04048,CC0009,EX,2,Step Increment,147494.64,AUD,AUS,2021-09-27 14:00:00,CORE_HR
EVT00017652,2021-09-02,EMP01201,CC0053,PA,2,Departure,,CAD,CAN,2021-09-02 08:00:00,CORE_HR
EVT00016820,2021-09-08,EMP00415,CC0120,FI,2,Promotion,86715.82,CAD,CA,2021-09-08 23:00:00,PAYROLL
EVT00017542,2021-09-22,EMP03851,CC0045,IT,2,Step Increment,95125.53,CAD,CA,2021-09-23 10:00:00,PAYROLL
EVT00017224,2021-09-25,EMP01272,CC0077,FI,2,Hire,75514.59,CAD,CAN,2021-09-25 17:00:00,CORE_HR
EVT00016294,2021-09-13,EMP04163,CC0009,EC,2,Leave Return,,INR,IND,2021-09-14 00:00:00,CORE_HR
EVT00015810,2021-09-11,EMP01807,CC0105,CR,3,Lateral Deployment,,EUR,FRA,2021-09-11 21:00:00,CORE_HR
EVT00015911,2021-09-04,EMP04780,CC0047,PA,1,Step Increment,59730.08,CAD,CAN,2021-09-04 16:00:00,CORE_HR
EVT00015976,2021-09-13,EMP00896,CC0033,CR,4,Leave Return,,CAD,CAN,2021-09-14 13:00:00,CORE_HR
EVT00016790,2021-09-27,EMP01797,CC0116,FI,3,Leave Start,,CAD,CAN,2021-09-27 18:00:00,CORE_HR
EVT00016692,2021-09-02,EMP01955,CC0026,AS,1,Leave Start,,CAD,CA,2021-09-02 20:00:00,PAYROLL
EVT00017438,2021-09-20,EMP00447,CC0047,PA,3,Step Increment,81880.81,CAD,CA,2021-09-21 15:00:00,PAYROLL
EVT00016315,2021-09-17,EMP00485,CC0101,PA,3,Leave Start,,CAD,CA,2021-09-18 09:00:00,PAYROLL
EVT00016081,2021-09-25,EMP04808,CC0036,EC,1,Leave Start,,CAD,CA,2021-09-26 03:00:00,PAYROLL
EVT00016076,2021-09-02,EMP02802,CC0063,EN,4,Leave Return,,CAD,CAN,2021-09-03 00:00:00,CORE_HR
EVT00016995,2021-09-21,EMP03633,CC0083,EC,1,Leave Return,,CAD,CAN,2021-09-21 09:00:00,CORE_HR
EVT00016024,2021-09-14,EMP00619,CC0113,IT,1,Leave Start,,CAD,CA,2021-09-14 21:00:00,PAYROLL
EVT00016582,2021-09-26,EMP03325,CC0013,IT,4,Promotion,114339.57,CAD,CA,2021-09-26 11:00:00,PAYROLL
EVT00016776,2021-09-14,EMP03254,CC0046,EX,3,Leave Start,,GBP,GB,2021-09-14 16:00:00,PAYROLL
EVT00016369,2021-09-13,EMP03723,CC0054,PA,4,Leave Start,,BRL,BR,2021-09-13 22:00:00,PAYROLL
EVT00017160,2021-09-22,EMP00786,CC0073,FI,3,Step Increment,92736.2,CAD,CAN,2021-09-23 14:00:00,CORE_HR
EVT00015685,2021-09-16,EMP03034,CC0085,FI,1,Leave Return,,CAD,CAN,2021-09-17 05:00:00,CORE_HR
EVT00017458,2021-09-22,EMP02237,CC0074,PA,3,Performance Pay,109658.58,MXN,MEX,2021-09-22 12:00:00,CORE_HR
EVT00015792,2021-09-26,EMP00335,CC0014,CR,2,Hire,61208.32,CAD,CAN,2021-09-26 15:00:00,CORE_HR
EVT00016573,2021-09-08,EMP01603,CC0018,PA,3,Leave Start,,CAD,CAN,2021-09-09 01:00:00,CORE_HR
EVT00016313,2021-09-06,EMP02233,CC0017,AS,4,Promotion,63227.46,CAD,CA,2021-09-07 06:00:00,PAYROLL
EVT00016310,2021-09-10,EMP04217,CC0103,CR,5,Step Increment,94267.81,CAD,CAN,2021-09-10 21:00:00,CORE_HR
EVT00017381,2021-09-02,EMP04731,CC0110,EX,1,Departure,,CAD,CA,2021-09-02 08:00:00,PAYROLL
EVT00016211,2021-09-13,EMP02027,CC0036,IT,4,Step Increment,88231.48,CAD,CAN,2021-09-14 03:00:00,CORE_HR
EVT00017481,2021-09-10,EMP02953,CC0019,FI,2,Lateral Deployment,,CAD,CAN,2021-09-10 20:00:00,CORE_HR
EVT00016176,2021-09-09,EMP03093,CC0079,EN,1,Step Increment,79210.17,CAD,CAN,2021-09-12 13:00:00,CORE_HR
EVT00017226,2021-09-05,EMP03759,CC0025,EC,2,Performance Pay,5592.19,CAD,CA,2021-09-05 07:00:00,PAYROLL
EVT00017706,2021-09-16,EMP01521,CC0007,IT,1,Performance Pay,9824.32,SGD,SGP,2021-09-16 06:00:00,CORE_HR
EVT00016764,2021-09-26,EMP03982,CC0014,EC,1,Leave Start,,CAD,CAN,2021-09-26 20:00:00,CORE_HR
EVT00016850,2021-09-03,EMP04405,CC0091,IT,4,Leave Return,,CAD,CAN,2021-09-04 10:00:00,CORE_HR
EVT00015791,2021-09-09,EMP00223,CC0068,IT,2,Step Increment,95482.96,CAD,CAN,2021-09-10 09:00:00,CORE_HR
EVT00016349,2021-09-02,EMP01370,CC0095,PA,4,Lateral Deployment,,CAD,CAN,2021-09-02 23:00:00,CORE_HR
EVT00016176,2021-09-09,EMP03093,CC0079,EN,1,Step Increment,79210.17,CAD,CAN,2021-09-10 05:00:00,CORE_HR
EVT00015743,2021-09-08,EMP02736,CC0070,PA,2,Step Increment,67999.96,CAD,CAN,2021-09-09 02:00:00,CORE_HR
EVT00016451,2021-09-22,EMP00472,CC0031,FI,2,Leave Start,,AED,ARE,2021-09-22 11:00:00,CORE_HR
EVT00016956,2021-09-26,EMP02271,CC0030,PA,2,Performance Pay,4531.34,EUR,DEU,2021-09-27 14:00:00,CORE_HR
EVT00017371,2021-09-22,EMP02565,CC0097,PA,5,Step Increment,101021.58,CAD,CAN,2021-09-23 10:00:00,CORE_HR
EVT00017157,2021-09-24,EMP03883,CC0103,IT,2,Departure,,CAD,CAN,2021-09-24 14:00:00,CORE_HR
EVT00016224,2021-09-08,EMP03551,CC0089,AS,2,Step Increment,59637.45,CAD,CA,2021-09-09 11:00:00,PAYROLL
EVT00017006,2021-09-07,EMP00037,CC0038,PA,1,Step Increment,58437.84,CAD,CA,2021-09-07 11:00:00,PAYROLL
EVT00016410,2021-09-06,EMP04063,CC0076,CR,1,Performance Pay,4151.15,CAD,CA,2021-09-06 12:00:00,PAYROLL
EVT00015725,2021-09-10,EMP04480,CC0092,PA,3,Departure,,CAD,CAN,2021-09-11 00:00:00,CORE_HR
EVT00017242,2021-09-07,EMP04353,CC0112,PA,1,Hire,47454.29,CAD,CA,2021-09-08 00:00:00,PAYROLL
EVT00016653,2021-09-23,EMP00332,CC0045,PA,2,Leave Start,,CAD,CAN,2021-09-23 18:00:00,CORE_HR
EVT00017298,2021-09-20,EMP04125,CC0052,EN,2,Lateral Deployment,,CAD,CA,2021-09-20 16:00:00,PAYROLL
EVT00015704,2021-09-12,EMP04604,CC0009,PA,3,Lateral Deployment,,GBP,GB,2021-09-12 19:00:00,PAYROLL
EVT00017285,2021-09-07,EMP04609,CC0097,EC,3,Leave Return,,CAD,CAN,2021-09-07 19:00:00,CORE_HR
EVT00016785,2021-09-17,EMP02203,CC0072,EX,1,Leave Start,,CAD,CA,2021-09-18 09:00:00,PAYROLL
EVT00016562,2021-09-23,EMP04822,CC0007,PA,2,Performance Pay,24688.33,AED,ARE,2021-09-24 15:00:00,CORE_HR
EVT00016906,2021-09-20,EMP01449,CC0112,IT,1,Step Increment,83658.99,CAD,CA,2021-09-21 12:00:00,PAYROLL
EVT00016530,2021-09-17,EMP01322,CC0100,EX,2,Promotion,192753.32,CAD,CA,2021-09-18 01:00:00,PAYROLL
EVT00017664,2021-09-27,EMP03522,CC0044,CR,2,Lateral Deployment,,CAD,CAN,2021-09-28 00:00:00,CORE_HR
EVT00016860,2021-09-07,EMP03107,CC0116,PA,1,Lateral Deployment,,CAD,CA,2021-09-08 01:00:00,PAYROLL
EVT00016774,2021-09-23,EMP00397,CC0114,CR,1,Promotion,45920.67,CAD,CAN,2021-09-23 08:00:00,CORE_HR
EVT00015749,2021-09-19,EMP01094,CC0038,FI,4,Performance Pay,14060.0,CAD,CA,2021-09-20 01:00:00,PAYROLL
EVT00017028,2021-09-16,EMP03332,CC0076,EX,3,Hire,154618.6,CAD,CA,2021-09-16 13:00:00,PAYROLL
EVT00015944,2021-09-01,EMP00369,CC0117,EX,1,Leave Return,,CAD,CA,2021-09-01 15:00:00,PAYROLL
EVT00016413,2021-09-02,EMP00678,CC0094,AS,2,Performance Pay,6028.3,CAD,CAN,2021-09-03 15:00:00,CORE_HR
EVT00016966,2021-09-13,EMP00962,CC0069,PA,3,Lateral Deployment,,CAD,CAN,2021-09-13 23:00:00,CORE_HR
EVT00016831,2021-09-03,EMP03307,CC0037,IT,1,Lateral Deployment,,CAD,CA,2021-09-03 13:00:00,PAYROLL
EVT00016091,2021-09-25,EMP02665,CC0120,CR,3,Step Increment,55800.28,CAD,CAN,2021-09-26 09:00:00,CORE_HR
EVT00017501,2021-09-03,EMP00663,CC0007,AS,3,Performance Pay,987459.97,JPY,JPN,2021-09-04 13:00:00,CORE_HR
EVT00016728,2021-09-25,EMP04880,CC0109,EC,1,Performance Pay,4627.22,CAD,CA,2021-09-25 08:00:00,PAYROLL
EVT00017427,2021-09-24,EMP02604,CC0014,FI,3,Leave Start,,CAD,CAN,2021-09-24 06:00:00,CORE_HR
EVT00016527,2021-09-20,EMP01682,CC0032,PA,2,Step Increment,65394.02,CAD,CAN,2021-09-20 17:00:00,CORE_HR
EVT00017225,2021-09-06,EMP04031,CC0018,AS,5,Leave Return,,CAD,CA,2021-09-07 05:00:00,PAYROLL
EVT00016972,2021-09-15,EMP00040,CC0053,IT,5,Step Increment,105734.44,CAD,CAN,2021-09-16 12:00:00,CORE_HR
EVT00016203,2021-09-26,EMP02920,CC0006,AS,3,Leave Start,,CAD,CA,2021-09-27 12:00:00,PAYROLL
EVT00017290,2021-09-17,EMP00727,CC0068,IT,3,Step Increment,98879.9,CAD,CAN,2021-09-17 09:00:00,CORE_HR
EVT00017584,2021-09-03,EMP01815,CC0093,EX,1,Step Increment,136831.78,CAD,CAN,2021-09-03 09:00:00,CORE_HR
EVT00016664,2021-09-12,EMP00256,CC0088,IT,1,Leave Return,,EUR,FRA,2021-09-13 03:00:00,CORE_HR
EVT00016178,2021-09-06,EMP04173,CC0072,PA,3,Hire,74150.63,CAD,CA,2021-09-07 10:00:00,PAYROLL
EVT00016359,2021-09-22,EMP04331,CC0089,AS,3,Step Increment,63723.91,CAD,CAN,2021-09-22 13:00:00,CORE_HR
EVT00016252,2021-09-20,EMP02114,CC0080,PA,4,Step Increment,68849.29,USD,US,2021-09-21 13:00:00,PAYROLL
EVT00016208,2021-09-02,EMP00058,CC0061,PA,1,Lateral Deployment,,CAD,CA,2021-09-02 18:00:00,PAYROLL
EVT00016479,2021-09-11,EMP03956,CC0042,CR,1,Leave Return,,CAD,CA,2021-09-11 18:00:00,PAYROLL
EVT00017513,2021-09-05,EMP00302,CC0096,EN,3,Promotion,105202.52,CAD,CA,2021-09-07 07:00:00,PAYROLL
EVT00017343,2021-09-27,EMP01829,CC0117,PA,5,Hire,90267.99,CAD,CA,2021-09-27 20:00:00,PAYROLL
EVT00015915,2021-09-27,EMP03095,CC0046,IT,2,Leave Start,,USD,US,2021-09-28 13:00:00,PAYROLL
EVT00016801,2021-09-02,EMP01324,CC0060,EC,4,Performance Pay,7020.18,CAD,CAN,2021-09-02 09:00:00,CORE_HR
EVT00017684,2021-09-26,EMP01954,CC0061,PA,4,Step Increment,86062.81,CAD,CAN,2021-09-27 10:00:00,CORE_HR
EVT00017138,2021-09-05,EMP03918,CC0094,EX,2,Departure,,CAD,CAN,2021-09-05 17:00:00,CORE_HR
EVT00017278,2021-09-24,EMP01320,CC0052,EN,3,Performance Pay,9878.63,CAD,CAN,2021-09-25 08:00:00,CORE_HR
EVT00016787,2021-09-23,EMP00412,CC0003,PA,2,Step Increment,63617.21,CAD,CAN,2021-09-24 12:00:00,CORE_HR
EVT00016758,2021-09-11,EMP01060,CC0042,CR,2,Performance Pay,3943.08,CAD,CAN,2021-09-12 09:00:00,CORE_HR
EVT00016934,2021-09-13,EMP01597,CC0026,IT,1,Step Increment,76187.56,CAD,CA,2021-09-14 01:00:00,PAYROLL
EVT00015789,2021-09-18,EMP01592,CC0051,PA,5,Lateral Deployment,,CAD,CAN,2021-09-19 14:00:00,CORE_HR
EVT00015790,2021-09-14,EMP04396,CC0116,EC,4,Hire,102961.05,CAD,CAN,2021-09-15 11:00:00,CORE_HR
EVT00015754,2021-09-23,EMP00872,CC0004,IT,4,Performance Pay,9561.16,CAD,CA,2021-09-23 10:00:00,PAYROLL
EVT00017682,2021-09-21,EMP03666,CC0059,IT,1,Step Increment,82892.43,CAD,CA,2021-09-21 07:00:00,PAYROLL
EVT00017101,2021-09-16,EMP02832,CC0106,EX,2,Departure,,CAD,CA,2021-09-17 11:00:00,PAYROLL
EVT00016978,2021-09-14,EMP01058,CC0035,IT,3,Performance Pay,6177.82,CAD,CA,2021-09-15 00:00:00,PAYROLL
EVT00016547,2021-09-16,EMP04506,CC0021,IT,4,Step Increment,150179.03,CAD,CA,2021-09-16 15:00:00,PAYROLL
EVT00016894,2021-09-16,EMP01397,CC0044,FI,3,Hire,97985.57,CAD,CA,2021-09-17 06:00:00,PAYROLL
EVT00016555,1900-01-01,EMP01413,CC0020,AS,2,Lateral Deployment,,CAD,CA,2021-09-25 20:00:00,PAYROLL
EVT00017638,2021-09-03,EMP02949,CC0059,FI,1,Lateral Deployment,,CAD,CA,2021-09-04 07:00:00,PAYROLL
EVT00016207,2021-09-13,EMP00228,CC0053,PA,1,Leave Return,,CAD,CAN,2021-09-13 22:00:00,CORE_HR
EVT00016975,2021-09-18,EMP01469,CC0059,PA,4,Step Increment,82990.89,CAD,CA,2021-09-19 13:00:00,PAYROLL
EVT00016477,2021-09-15,EMP04673,CC0105,AS,4,Performance Pay,52713.13,MXN,MEX,2021-09-15 15:00:00,CORE_HR
EVT00017255,2021-09-04,EMP00642,CC0081,EC,1,Step Increment,73070.22,CAD,CA,2021-09-05 08:00:00,PAYROLL
EVT00017303,2021-09-25,EMP01712,CC0013,FI,3,Step Increment,110502.13,CAD,CA,2021-09-26 00:00:00,PAYROLL
EVT00015962,2021-09-16,EMP02928,CC0056,AS,4,Performance Pay,9659.19,CAD,CAN,2021-09-16 10:00:00,CORE_HR
EVT00017394,2021-09-13,EMP02821,CC0083,EX,1,Step Increment,126278.9,CAD,CA,2021-09-13 23:00:00,PAYROLL
EVT00017577,2021-09-22,EMP04664,CC0093,AS,4,Step Increment,80156.84,CAD,CA,2021-09-26 00:00:00,PAYROLL
EVT00016528,2021-09-20,EMP03840,CC0119,EN,1,Lateral Deployment,,CAD,CAN,2021-09-20 08:00:00,CORE_HR
EVT00016856,2021-09-19,EMP04070,CC0049,PA,1,Leave Start,,GBP,GB,2021-09-20 00:00:00,PAYROLL
EVT00016300,2021-09-01,EMP03664,CC0100,AS,3,Leave Start,,CAD,CAN,2021-09-02 14:00:00,CORE_HR
EVT00016192,2021-09-11,EMP02828,CC0017,EN,2,Departure,,CAD,CA,2021-09-11 23:00:00,PAYROLL
EVT00017557,2021-09-07,EMP02765,CC0076,AS,4,Lateral Deployment,,CAD,CA,2021-09-07 15:00:00,PAYROLL
EVT00017043,2021-09-02,EMP01511,CC0079,PA,2,Leave Return,,CAD,CAN,2021-09-02 08:00:00,CORE_HR
EVT00017210,2021-09-07,EMP02749,CC0053,PA,2,Leave Start,,CAD,CAN,2021-09-07 19:00:00,CORE_HR
EVT00017408,2021-09-18,EMP00764,CC0026,PA,1,Step Increment,56509.46,CAD,CAN,2021-09-18 15:00:00,CORE_HR
EVT00016145,2021-09-07,EMP00607,CC0094,EN,2,Lateral Deployment,,CAD,CAN,2021-09-07 22:00:00,CORE_HR
EVT00016057,2021-09-04,EMP03889,CC0066,PA,1,Step Increment,56232.18,CAD,CA,2021-09-05 12:00:00,PAYROLL
EVT00016602,2021-09-04,EMP99999,CC0008,EC,3,Leave Return,,CAD,CAN,2021-09-05 12:00:00,CORE_HR
EVT00016696,2021-09-23,EMP00394,CC0018,IT,3,Leave Return,,CAD,CAN,2021-09-24 14:00:00,CORE_HR
EVT00015873,2021-09-11,EMP04631,CC0083,AS,4,Step Increment,75868.54,CAD,CAN,2021-09-11 12:00:00,CORE_HR
EVT00016112,2021-09-02,EMP02023,CC0018,CR,2,Lateral Deployment,,CAD,CAN,2021-09-02 22:00:00,CORE_HR
EVT00017662,2021-09-23,EMP01303,CC0096,PA,2,Lateral Deployment,,CAD,CA,2021-09-24 07:00:00,PAYROLL
EVT00017139,2021-09-07,EMP02518,CC0086,PA,1,Step Increment,29879.93,GBP,GB,2021-09-07 20:00:00,PAYROLL
EVT00017455,2021-09-08,EMP01578,CC0078,IT,4,Lateral Deployment,,CAD,CAN,2021-09-08 16:00:00,CORE_HR
EVT00016102,2021-09-03,EMP02056,CC0071,EN,1,Leave Start,,CAD,CAN,2021-09-03 19:00:00,CORE_HR
EVT00016855,2021-09-27,EMP02395,CC0070,AS,2,Step Increment,57841.53,CAD,CA,2021-09-27 09:00:00,PAYROLL
EVT00016078,2021-09-15,EMP04858,CC0093,EN,2,Step Increment,101192.18,CAD,CA,2021-09-15 07:00:00,PAYROLL
EVT00017011,2021-09-12,EMP03850,CC0024,PA,3,Leave Start,,CAD,CAN,2021-09-13 10:00:00,CORE_HR
EVT00017062,2021-09-24,EMP04013,CC0060,EX,2,Step Increment,109716.59,CAD,CAN,2021-09-25 06:00:00,CORE_HR
EVT00016175,2021-09-26,EMP02167,CC0007,PA,1,Leave Start,,MXN,MEX,2021-09-27 14:00:00,CORE_HR
EVT00017701,2021-09-18,EMP04859,CC0077,PA,3,Performance Pay,3259.76,CAD,CA,2021-09-18 18:00:00,PAYROLL
EVT00017246,2021-09-19,EMP04156,CC0005,IT,2,Step Increment,116402.88,CAD,CA,2021-09-20 06:00:00,PAYROLL
EVT00016771,2021-09-04,EMP03817,CC0097,IT,4,Hire,118725.0,CAD,CA,2021-09-05 10:00:00,PAYROLL
EVT00016476,2021-09-14,EMP02986,CC0085,EX,2,Leave Return,,CAD,CAN,2021-09-15 06:00:00,CORE_HR
EVT00017601,2021-09-10,EMP02678,CC0025,CR,1,Step Increment,54879.25,CAD,CAN,2021-09-10 06:00:00,CORE_HR
EVT00016515,2021-09-14,EMP02142,CC0040,CR,1,Step Increment,62565.88,CAD,CAN,2021-09-15 10:00:00,CORE_HR
EVT00017600,2021-09-06,EMP04371,CC0001,PA,3,Leave Start,,CAD,CAN,2021-09-07 07:00:00,CORE_HR
EVT00015799,2021-09-27,EMP01992,CC0067,FI,2,Leave Return,,CAD,CAN,2021-09-27 15:00:00,CORE_HR
EVT00016254,2021-09-21,EMP02690,CC0027,AS,5,Leave Return,,CAD,CA,2021-09-23 00:00:00,PAYROLL
EVT00017685,2021-09-19,EMP04466,CC0109,PA,3,Leave Start,,CAD,CA,2021-09-20 09:00:00,PAYROLL
EVT00017635,2021-09-27,EMP01299,CC0045,PA,2,Step Increment,66973.66,CAD,CA,2021-09-28 03:00:00,PAYROLL
EVT00017583,2021-09-05,EMP02946,CC0029,FI,3,Leave Return,,EUR,DEU,2021-09-06 14:00:00,CORE_HR
EVT00017036,2021-09-18,EMP04729,CC0086,EC,3,Promotion,1166615.04,MXN,MEX,2021-09-18 22:00:00,CORE_HR
EVT00017666,2021-09-20,EMP00112,CC0036,PA,3,Leave Start,,CAD,CAN,2021-09-21 13:00:00,CORE_HR
EVT00016529,2021-09-21,EMP02325,CC0109,PA,3,Performance Pay,6630.53,CAD,CAN,2021-09-21 19:00:00,CORE_HR
EVT00016497,2021-09-06,EMP04121,CC0106,EC,4,Step Increment,106462.86,CAD,CA,2021-09-06 22:00:00,PAYROLL
EVT00016209,2021-09-08,EMP01422,CC0099,IT,2,Departure,,CAD,CAN,2021-09-09 02:00:00,CORE_HR
EVT00017552,2021-09-27,EMP00943,CC0101,EN,1,Performance Pay,4997.07,CAD,CAN,2021-09-28 10:00:00,CORE_HR
EVT00017045,2021-09-23,EMP01987,CC0081,IT,1,Performance Pay,8457.35,CAD,CAN,2021-09-23 15:00:00,CORE_HR
EVT00016101,2021-09-18,EMP02236,CC0048,EX,2,Leave Return,,CAD,CAN,2021-09-18 09:00:00,CORE_HR
EVT00017191,2021-09-20,EMP01433,CC0037,FI,3,Leave Return,,CAD,CAN,2021-09-20 07:00:00,CORE_HR
EVT00016116,2021-09-23,EMP03650,CC0052,PA,1,Step Increment,60669.38,CAD,CAN,2021-09-23 11:00:00,CORE_HR
EVT00016853,2021-09-05,EMP01332,CC0072,EC,1,Hire,83285.56,CAD,CAN,2021-09-06 12:00:00,CORE_HR
EVT00016697,2021-09-22,EMP01817,CC0064,AS,3,Performance Pay,8506.65,CAD,CA,2021-09-22 21:00:00,PAYROLL
EVT00015730,2021-09-22,EMP01549,CC0020,AS,5,Hire,79149.7,CAD,CAN,2021-09-22 06:00:00,CORE_HR
EVT00017475,2021-09-01,EMP00730,CC0043,IT,3,Leave Return,,CAD,CAN,2021-09-01 19:00:00,CORE_HR
EVT00015814,2021-09-24,EMP03311,CC0118,EX,1,Step Increment,123939.7,CAD,CAN,2021-09-25 09:00:00,CORE_HR
EVT00016839,2021-09-24,EMP01024,CC0076,EN,1,Step Increment,81067.95,CAD,CA,2021-09-25 15:00:00,PAYROLL
EVT00015771,2021-09-16,EMP01629,CC0108,CR,2,Step Increment,229841.03,BRL,BRA,2021-09-17 08:00:00,CORE_HR
EVT00017616,2021-09-05,EMP00779,CC0104,EC,2,Performance Pay,6595.99,CAD,CA,2021-09-05 19:00:00,PAYROLL
EVT00017678,2021-09-02,EMP00416,CC0010,AS,3,Hire,63869.79,CAD,CAN,2021-09-02 20:00:00,CORE_HR
EVT00016630,2021-09-15,EMP01234,CC0077,CR,5,Step Increment,69055.27,CAD,CAN,2021-09-16 04:00:00,CORE_HR
EVT00017464,2021-09-02,EMP04340,CC0096,PA,2,Performance Pay,6364.12,CAD,CA,2021-09-02 09:00:00,PAYROLL
EVT00016138,2021-09-14,EMP00819,CC0002,PA,4,Step Increment,74631.84,CAD,CA,2021-09-15 00:00:00,PAYROLL
EVT00016105,2021-09-04,EMP01251,CC0070,EN,2,Step Increment,93086.07,CAD,CA,2021-09-04 11:00:00,PAYROLL
EVT00016346,2021-09-05,EMP04364,CC0016,FI,2,Hire,84200.14,CAD,CA,2021-09-05 14:00:00,PAYROLL
EVT00016765,2021-09-25,EMP04053,CC0029,IT,3,Departure,,AUD,AUS,2021-09-26 07:00:00,CORE_HR
EVT00017086,2021-09-15,EMP03707,CC0015,CR,3,Step Increment,61248.3,CAD,CAN,2021-09-15 17:00:00,CORE_HR
EVT00017507,2021-09-06,EMP04419,CC0067,PA,2,Lateral Deployment,,CAD,CAN,2021-09-07 01:00:00,CORE_HR
EVT00015807,2021-09-05,EMP00125,CC0112,IT,1,Lateral Deployment,,CAD,CAN,2021-09-05 06:00:00,CORE_HR
EVT00017175,2021-09-18,EMP00696,CC0087,PA,1,Performance Pay,3678.43,CAD,CA,2021-09-19 06:00:00,PAYROLL
EVT00016154,2021-09-27,EMP04507,CC0051,EN,1,Step Increment,74848.78,CAD,CAN,2021-09-27 21:00:00,CORE_HR
EVT00017554,2021-09-13,EMP04828,CC0097,IT,1,Step Increment,77571.78,CAD,CA,2021-09-14 11:00:00,PAYROLL
EVT00017393,2021-09-08,EMP02639,CC0096,PA,4,Leave Return,,CAD,CA,2021-09-08 17:00:00,PAYROLL
EVT00015737,2021-09-02,EMP04138,CC0008,EN,1,Step Increment,86995.23,CAD,CAN,2021-09-03 06:00:00,CORE_HR
EVT00015953,2021-09-23,EMP03482,CC0046,EN,2,Leave Return,,KES,KEN,2021-09-23 11:00:00,CORE_HR
EVT00016284,2021-09-11,EMP02741,CC0111,CR,3,Departure,,BRL,BR,2021-09-11 12:00:00,PAYROLL
EVT00016506,2021-09-03,EMP00184,CC0039,PA,1,Leave Return,,CAD,CA,2021-09-03 13:00:00,PAYROLL
EVT00017673,2021-09-09,EMP02289,CC0043,AS,5,Step Increment,84877.89,CAD,CA,2021-09-09 19:00:00,PAYROLL
EVT00015970,2021-09-22,EMP03151,CC0076,EC,2,Promotion,79776.14,CAD,CA,2021-09-22 19:00:00,PAYROLL
EVT00016409,2021-09-06,EMP03739,CC0032,EN,3,Lateral Deployment,,CAD,CA,2021-09-06 15:00:00,PAYROLL
EVT00016961,2021-09-25,EMP00514,CC0031,IT,1,Departure,,KES,KEN,2021-09-25 12:00:00,CORE_HR
EVT00016342,2021-09-04,EMP04066,CC0054,AS,2,Promotion,3829579.68,INR,IND,2021-09-04 07:00:00,CORE_HR
EVT00015840,2021-09-23,EMP02807,CC0106,AS,2,Departure,,CAD,CAN,2021-09-25 13:00:00,CORE_HR
EVT00017592,2021-09-23,EMP01160,CC0072,CR,4,Leave Return,,CAD,CAN,2021-09-23 20:00:00,CORE_HR
EVT00015978,2021-09-04,EMP00016,CC0032,EX,1,Leave Start,,CAD,CAN,2021-09-04 20:00:00,CORE_HR
EVT00016402,2021-09-16,EMP03032,CC0007,EX,2,Leave Start,,GBP,GB,2021-09-16 10:00:00,PAYROLL
EVT00016448,2021-09-21,EMP04852,CC0077,EN,3,Hire,84730.88,CAD,CAN,2021-09-22 08:00:00,CORE_HR
EVT00017541,2021-09-17,EMP04695,CC0064,EC,3,Lateral Deployment,,CAD,CAN,2021-09-17 20:00:00,CORE_HR
EVT00016671,2021-09-02,EMP02205,CC0039,EC,1,Performance Pay,9642.07,CAD,CAN,2021-09-02 15:00:00,CORE_HR
EVT00015880,2021-09-09,EMP02444,CC0035,AS,1,Step Increment,54232.77,CAD,CAN,2021-09-10 15:00:00,CORE_HR
EVT00016644,2021-09-17,EMP00831,CC0078,PA,1,Performance Pay,2742.52,CAD,CA,2021-09-18 11:00:00,PAYROLL
EVT00016889,2021-09-15,EMP01456,CC0044,CR,1,Step Increment,48856.37,CAD,CAN,2021-09-15 13:00:00,CORE_HR
EVT00016662,2021-09-10,EMP01594,CC0049,EN,2,Lateral Deployment,,MXN,MEX,2021-09-10 09:00:00,CORE_HR
EVT00016599,2021-09-19,EMP02830,CC0109,PA,1,Promotion,60236.62,CAD,CAN,2021-09-19 18:00:00,CORE_HR
EVT00016028,2021-09-12,EMP01743,CC0032,IT,3,Step Increment,127604.37,CAD,CA,2021-09-12 13:00:00,PAYROLL
EVT00015879,2021-09-04,EMP04158,CC0038,EN,4,Leave Start,,CAD,CA,2021-09-04 12:00:00,PAYROLL
EVT00016989,2021-09-09,EMP00886,CC0055,PA,1,Performance Pay,3576.19,CAD,CA,2021-09-09 19:00:00,PAYROLL
EVT00017205,2021-09-22,EMP03888,CC0047,EX,1,Leave Return,,CAD,CAN,2021-09-23 14:00:00,CORE_HR
EVT00017064,2021-09-08,EMP03635,CC0055,IT,2,Step Increment,105366.36,CAD,CAN,2021-09-08 20:00:00,CORE_HR
EVT00016852,2021-09-08,EMP01471,CC0079,AS,1,Leave Start,,CAD,CA,2021-09-09 10:00:00,PAYROLL
EVT00017146,2021-09-16,EMP03838,CC0096,CR,3,Hire,55836.33,CAD,CA,2021-09-16 14:00:00,PAYROLL
EVT00017443,2021-09-18,EMP03438,CC0071,IT,1,Step Increment,73119.52,CAD,CAN,2021-09-18 15:00:00,CORE_HR
EVT00016614,2021-09-24,EMP02308,CC0071,EC,4,Leave Return,,CAD,CAN,2021-09-24 16:00:00,CORE_HR
EVT00016029,2021-09-16,EMP00272,CC0071,PA,2,Performance Pay,3033.47,CAD,CAN,2021-09-16 21:00:00,CORE_HR
EVT00015769,2021-09-08,EMP02557,CC0026,EX,2,Hire,189300.5,CAD,CAN,2021-09-09 06:00:00,CORE_HR
EVT00016475,2021-09-21,EMP03183,CC0055,CR,4,Departure,,CAD,CAN,2021-09-21 06:00:00,CORE_HR
EVT00016541,2021-09-06,EMP00920,CC0048,AS,5,Hire,88536.99,CAD,CAN,2021-09-06 19:00:00,CORE_HR
EVT00016618,2021-09-15,EMP04252,CC0064,IT,3,Leave Return,,CAD,CAN,2021-09-15 20:00:00,CORE_HR
EVT00015813,2021-09-17,EMP04938,CC0046,EC,3,Step Increment,67043.91,EUR,DE,2021-09-17 18:00:00,PAYROLL
EVT00015746,2021-09-04,EMP03004,CC0057,AS,4,Performance Pay,6644.54,CAD,CAN,2021-09-05 13:00:00,CORE_HR
EVT00017695,2021-09-19,EMP01769,CC0053,AS,2,Step Increment,63577.94,CAD,CAN,2021-09-20 03:00:00,CORE_HR
EVT00016988,2021-09-08,EMP04874,CC0003,EX,3,Promotion,142698.27,CAD,CA,2021-09-08 22:00:00,PAYROLL
EVT00016971,2021-09-22,EMP04259,CC0020,PA,3,Step Increment,77911.15,CAD,CAN,2021-09-23 12:00:00,CORE_HR
EVT00016484,2021-09-17,EMP03675,CC0096,FI,2,Performance Pay,9360.73,CAD,CAN,2021-09-17 11:00:00,CORE_HR
EVT00017212,2021-09-21,EMP00920,CC0048,AS,5,Lateral Deployment,,CAD,CAN,2021-09-22 03:00:00,CORE_HR
EVT00016698,2021-09-10,EMP02079,CC0021,IT,2,Step Increment,86063.96,CAD,CA,2021-09-10 10:00:00,PAYROLL
EVT00017395,2021-09-24,EMP04213,CC0033,IT,5,Leave Start,,CAD,CAN,2021-09-25 00:00:00,CORE_HR
EVT00017112,2021-09-01,EMP02849,CC0013,PA,2,Step Increment,62601.47,CAD,CAN,2021-09-03 23:00:00,CORE_HR
EVT00016051,2021-09-19,EMP01206,CC0109,EN,3,Step Increment,105521.91,CAD,CAN,2021-09-19 19:00:00,CORE_HR
EVT00016204,2021-09-04,EMP02464,CC0116,PA,1,Step Increment,60075.06,CAD,CAN,2021-09-05 02:00:00,CORE_HR
EVT00017352,2021-09-18,EMP00782,CC0019,EC,1,Step Increment,68544.45,CAD,CAN,2021-09-18 20:00:00,CORE_HR
EVT00017698,2021-09-23,EMP02720,CC0049,PA,5,Step Increment,13057724.91,JPY,JP,2021-09-23 23:00:00,PAYROLL
EVT00016420,2021-09-19,EMP01647,CC0077,PA,2,Hire,63423.53,CAD,CAN,2021-09-20 07:00:00,CORE_HR
EVT00017042,2021-09-15,EMP04634,CC0001,IT,4,Performance Pay,11954.51,CAD,CA,2021-09-15 07:00:00,PAYROLL
EVT00016446,2021-09-02,EMP04426,CC0072,FI,3,Step Increment,93809.09,CAD,CA,2021-09-03 01:00:00,PAYROLL
EVT00016228,2021-09-02,EMP04991,CC0074,EC,5,Step Increment,14097132.22,JPY,JPN,2021-09-02 07:00:00,CORE_HR
EVT00016198,2021-09-03,EMP02200,CC0029,EN,2,Leave Start,,EUR,DE,2021-09-04 00:00:00,PAYROLL
EVT00017485,2021-09-23,EMP01866,CC0092,IT,1,Step Increment,83047.85,CAD,CA,2021-09-24 12:00:00,PAYROLL
EVT00015892,2021-09-12,EMP04262,CC0068,AS,2,Departure,,CAD,CAN,2021-09-13 01:00:00,CORE_HR
EVT00017528,2021-09-18,EMP03968,CC0014,PA,3,Lateral Deployment,,CAD,CA,2021-09-19 13:00:00,PAYROLL
EVT00017025,2021-09-16,EMP03894,CC0007,PA,2,Step Increment,3944477.21,INR,IN,2021-09-16 14:00:00,PAYROLL
EVT00016419,2021-09-14,EMP01336,CC0002,AS,1,Performance Pay,3968.26,CAD,CAN,2021-09-15 04:00:00,CORE_HR
EVT00016809,2021-09-21,EMP02417,CC0008,EN,2,Lateral Deployment,,CAD,CA,2021-09-22 14:00:00,PAYROLL
EVT00015882,2021-09-19,EMP03116,CC0065,PA,1,Promotion,7026912.7,JPY,JPN,2021-09-19 23:00:00,CORE_HR
EVT00016556,2021-09-22,EMP01650,CC0104,IT,1,Performance Pay,10141.52,CAD,CAN,2021-09-23 15:00:00,CORE_HR
EVT00017502,2021-09-03,EMP02591,CC0044,EC,3,Leave Return,,CAD,CA,2021-09-03 21:00:00,PAYROLL
EVT00016917,2021-09-27,EMP01296,CC0001,EN,3,Leave Start,,CAD,CA,2021-09-27 07:00:00,PAYROLL
EVT00015850,2021-09-05,EMP04363,CC0116,EN,2,Leave Return,,CAD,CA,2021-09-05 23:00:00,PAYROLL
EVT00016032,2021-09-16,EMP01979,CC0019,FI,1,Step Increment,73753.16,CAD,CAN,2021-09-17 08:00:00,CORE_HR
EVT00017643,2021-09-08,EMP02694,CC0018,EN,3,Leave Start,,CAD,CA,2021-09-08 13:00:00,PAYROLL
EVT00017176,2021-09-10,EMP01793,CC0114,EN,1,Leave Start,,CAD,CAN,2021-09-10 23:00:00,CORE_HR
EVT00017243,2021-09-03,EMP02699,CC0026,EN,1,Performance Pay,4341.79,CAD,CA,2021-09-03 23:00:00,PAYROLL
EVT00015698,2021-09-13,EMP03514,CC0092,AS,1,Step Increment,51915.5,CAD,CAN,2021-09-13 12:00:00,CORE_HR
EVT00017173,2021-09-25,EMP04322,CC0026,EC,3,Performance Pay,8210.94,CAD,CA,2021-09-25 17:00:00,PAYROLL
EVT00017697,2021-09-07,EMP02796,CC0071,IT,4,Promotion,106967.91,CAD,CA,2021-09-08 08:00:00,PAYROLL
EVT00016960,2021-09-08,EMP01487,CC0075,CR,5,Step Increment,77941.46,CAD,CA,2021-09-08 11:00:00,PAYROLL
EVT00016872,2021-09-06,EMP02146,CC0063,CR,2,Departure,,CAD,CA,2021-09-06 17:00:00,PAYROLL
EVT00017633,2021-09-08,EMP04365,CC0032,CR,2,Leave Return,,CAD,CA,2021-09-09 12:00:00,PAYROLL
EVT00017454,2021-09-08,EMP01094,CC0038,FI,4,Hire,104261.96,CAD,CAN,2021-09-08 09:00:00,CORE_HR
EVT00016977,2021-09-14,EMP04861,CC0014,PA,4,Performance Pay,3486.45,CAD,CAN,2021-09-15 00:00:00,CORE_HR
EVT00016571,2021-09-25,EMP03530,CC0086,IT,4,Step Increment,81962.27,GBP,GB,2021-09-26 14:00:00,PAYROLL
EVT00016367,2021-09-25,EMP02329,CC0021,PA,1,Step Increment,59184.94,CAD,CAN,2021-09-26 12:00:00,CORE_HR
EVT00015815,2021-09-17,EMP00742,CC0014,AS,2,Leave Return,,CAD,CAN,2021-09-18 14:00:00,CORE_HR
EVT00017325,2021-09-01,EMP04665,CC0023,PA,2,Performance Pay,9478.13,CAD,CAN,2021-09-02 14:00:00,CORE_HR
EVT00016017,2021-09-09,EMP00470,CC0116,CR,1,Step Increment,51301.2,CAD,CAN,2021-09-09 12:00:00,CORE_HR
EVT00015999,2021-09-24,EMP00286,CC0007,EN,3,Step Increment,104161.0,SGD,SGP,2021-09-25 08:00:00,CORE_HR
EVT00016188,2021-09-06,EMP02773,CC0088,PA,1,Performance Pay,3470.73,SGD,SG,2021-09-06 13:00:00,PAYROLL
EVT00017152,2021-09-26,EMP03994,CC0082,CR,3,Departure,,CAD,CAN,2021-09-26 06:00:00,CORE_HR
EVT00016924,2021-09-18,EMP00543,CC0037,IT,2,Promotion,117039.0,CAD,CA,2021-09-18 17:00:00,PAYROLL
EVT00016810,2021-09-25,EMP01382,CC0054,EX,3,Departure,,EUR,FRA,2021-09-26 11:00:00,CORE_HR
EVT00017365,2021-09-25,EMP04210,CC0049,EC,2,Step Increment,66240.76,USD,USA,2021-09-26 11:00:00,CORE_HR
EVT00016818,2021-09-15,EMP03691,CC0064,PA,2,Step Increment,83664.36,CAD,CA,2021-09-16 00:00:00,PAYROLL
EVT00016093,2021-09-14,EMP01801,CC0010,PA,3,Departure,,CAD,CAN,2021-09-14 20:00:00,CORE_HR
EVT00016621,2021-09-23,EMP01554,CC0047,CR,5,Step Increment,78190.4,CAD,CAN,2021-09-23 21:00:00,CORE_HR
EVT00017605,2021-09-18,EMP03410,CC0056,EN,2,Leave Return,,CAD,CAN,2021-09-19 09:00:00,CORE_HR
EVT00016797,2021-09-15,EMP01188,CC0075,AS,2,Leave Start,,CAD,CA,2021-09-15 10:00:00,PAYROLL
EVT00017489,2021-09-01,EMP04179,CC0108,IT,3,Step Increment,9371792.65,KES,KE,2021-09-02 07:00:00,PAYROLL
EVT00017120,2021-09-10,EMP01759,CC0028,PA,4,Step Increment,86803.66,CAD,CAN,2021-09-10 14:00:00,CORE_HR
EVT00015931,2021-09-08,EMP02967,CC0099,CR,5,Leave Start,,CAD,CAN,2021-09-09 06:00:00,CORE_HR
EVT00016174,2021-09-25,EMP04074,CC0054,PA,5,Step Increment,75241.77,SGD,SGP,2021-09-25 08:00:00,CORE_HR
EVT00016333,2021-09-20,EMP02997,CC0085,FI,4,Performance Pay,7999.23,CAD,CAN,2021-09-21 03:00:00,CORE_HR
EVT00016741,2021-09-17,EMP00376,CC0001,EX,1,Performance Pay,14098.94,CAD,CAN,2021-09-17 20:00:00,CORE_HR
EVT00016018,2021-09-10,EMP04006,CC0069,CR,4,Leave Return,,CAD,CAN,2021-09-10 20:00:00,CORE_HR
EVT00016415,2021-09-16,EMP02003,CC0114,EX,1,Leave Start,,CAD,CA,2021-09-16 23:00:00,PAYROLL
EVT00016508,2021-09-21,EMP03709,CC0025,IT,1,Step Increment,82563.36,CAD,CA,2021-09-22 10:00:00,PAYROLL
EVT00015937,2021-09-12,EMP04062,CC0066,EN,3,Performance Pay,13268.41,CAD,CA,2021-09-12 15:00:00,PAYROLL
EVT00017207,2021-09-01,EMP03049,CC0034,CR,3,Step Increment,64485.51,CAD,CAN,2021-09-01 23:00:00,CORE_HR
EVT00016232,2021-09-21,EMP04949,CC0074,EC,3,Leave Start,,MXN,MEX,2021-09-23 11:00:00,CORE_HR
EVT00016010,2021-09-02,EMP01208,CC0032,AS,3,Step Increment,62251.8,CAD,CA,2021-09-06 02:00:00,PAYROLL
EVT00017539,2021-09-15,EMP02706,CC0105,EC,2,Performance Pay,7302.95,EUR,FRA,2021-09-16 07:00:00,CORE_HR
EVT00017292,2021-09-27,EMP00755,CC0039,IT,2,Step Increment,82766.69,CAD,CAN,2021-09-27 12:00:00,CORE_HR
EVT00016861,2021-09-24,EMP00929,CC0065,AS,3,Promotion,51151.53,EUR,DEU,2021-09-25 13:00:00,CORE_HR
EVT00017184,2021-09-07,EMP03112,CC0081,FI,1,Step Increment,68222.5,CAD,CAN,2021-09-08 07:00:00,CORE_HR
EVT00017348,2021-09-14,EMP02393,CC0009,AS,4,Step Increment,45443.96,GBP,GB,2021-09-14 12:00:00,PAYROLL
EVT00016902,2021-09-21,EMP99999,CC0093,IT,3,Leave Start,,CAD,CA,2021-09-21 17:00:00,PAYROLL
EVT00015739,2021-09-11,EMP02839,CC0071,EX,2,Performance Pay,7861.5,CAD,CAN,2021-09-11 15:00:00,CORE_HR
EVT00016060,2021-09-20,EMP04664,CC0093,AS,4,Lateral Deployment,,CAD,CA,2021-09-20 11:00:00,PAYROLL
EVT00016661,2021-09-14,EMP03751,CC0044,IT,1,Leave Start,,CAD,CAN,2021-09-14 12:00:00,CORE_HR
EVT00016322,2021-09-04,EMP01187,CC0002,AS,3,Departure,,CAD,CA,2021-09-05 01:00:00,PAYROLL
EVT00017603,2021-09-26,EMP03053,CC0009,AS,2,Promotion,38435.14,GBP,GB,2021-09-26 21:00:00,PAYROLL
EVT00016965,2021-09-23,EMP02487,CC0024,EX,3,Step Increment,169539.44,CAD,CA,2021-09-24 07:00:00,PAYROLL
EVT00015994,2021-09-12,EMP01890,CC0019,AS,2,Leave Start,,CAD,CA,2021-09-12 06:00:00,PAYROLL
EVT00016670,2021-09-10,EMP00121,CC0113,FI,2,Leave Start,,CAD,CA,2021-09-11 14:00:00,PAYROLL
EVT00016215,2021-09-04,EMP02151,CC0070,AS,2,Lateral Deployment,,CAD,CAN,2021-09-04 10:00:00,CORE_HR
EVT00017092,2021-09-23,EMP02591,CC0044,EC,3,Leave Start,,CAD,CAN,2021-09-24 09:00:00,CORE_HR
EVT00015740,2021-09-13,EMP04175,CC0050,PA,3,Leave Return,,CAD,CAN,2021-09-13 06:00:00,CORE_HR
EVT00015954,2021-09-25,EMP00139,CC0056,CR,3,Leave Start,,CAD,CAN,2021-09-25 12:00:00,CORE_HR
EVT00017679,2021-09-06,EMP03423,CC0065,AS,3,Lateral Deployment,,JPY,JP,2021-09-07 07:00:00,PAYROLL
EVT00017096,2021-09-11,EMP03810,CC0038,FI,4,Promotion,112483.36,CAD,CAN,2021-09-11 14:00:00,CORE_HR
EVT00016873,2021-09-17,EMP01233,CC0007,AS,1,Promotion,35227.63,GBP,GB,2021-09-17 17:00:00,PAYROLL
EVT00016955,2021-09-14,EMP01479,CC0114,IT,1,Step Increment,73863.34,CAD,CAN,2021-09-15 09:00:00,CORE_HR
EVT00016559,2021-09-15,EMP02299,CC0049,PA,3,Step Increment,334324.03,BRL,BR,2021-09-16 09:00:00,PAYROLL
EVT00016994,2021-09-11,EMP00489,CC0066,PA,1,Step Increment,58086.25,CAD,CAN,2021-09-12 01:00:00,CORE_HR
EVT00017134,2021-09-06,EMP00691,CC0101,PA,2,Leave Start,,CAD,CAN,2021-09-06 07:00:00,CORE_HR
EVT00016193,2021-09-10,EMP04670,CC0059,CR,1,Leave Return,,CAD,CAN,2021-09-11 08:00:00,CORE_HR
EVT00016173,1900-01-01,EMP00310,CC0088,EN,1,Performance Pay,8073.41,USD,US,2021-09-05 09:00:00,PAYROLL
EVT00017527,2021-09-25,EMP04915,CC0100,EN,2,Step Increment,88023.17,CAD,CAN,2021-09-25 15:00:00,CORE_HR
EVT00016314,2021-09-23,EMP03409,CC0086,CR,3,Departure,,GBP,GB,2021-09-23 20:00:00,PAYROLL
EVT00016878,2021-09-16,EMP04794,CC0032,FI,2,Step Increment,94498.32,CAD,CAN,2021-09-16 14:00:00,CORE_HR
EVT00017538,2021-09-08,EMP04427,CC0120,IT,4,Performance Pay,13087.64,CAD,CA,2021-09-09 04:00:00,PAYROLL
EVT00015995,2021-09-20,EMP03278,CC0059,IT,3,Lateral Deployment,,CAD,CA,2021-09-20 19:00:00,PAYROLL
EVT00015865,2021-09-11,EMP00319,CC0005,PA,2,Leave Return,,CAD,CAN,2021-09-13 13:00:00,CORE_HR
EVT00017592,2021-09-23,EMP01160,CC0072,CR,4,Leave Return,,CAD,CAN,2021-09-26 03:00:00,CORE_HR
EVT00016048,2021-09-11,EMP01873,CC0012,IT,3,Leave Start,,CAD,CA,2021-09-12 14:00:00,PAYROLL
EVT00017409,2021-09-18,EMP04681,CC0050,FI,1,Performance Pay,2836.79,CAD,CAN,2021-09-18 08:00:00,CORE_HR
EVT00016591,2021-09-10,EMP04879,CC0009,EN,3,Departure,,JPY,JP,2021-09-10 23:00:00,PAYROLL
EVT00016726,2021-09-08,EMP04907,CC0023,EX,1,Leave Start,,CAD,CA,2021-09-08 11:00:00,PAYROLL
EVT00016353,2021-09-02,EMP00772,CC0035,FI,3,Hire,98030.5,CAD,CA,2021-09-02 08:00:00,PAYROLL
EVT00016456,2021-09-07,EMP01884,CC0117,FI,3,Step Increment,75369.5,CAD,CAN,2021-09-08 07:00:00,CORE_HR
EVT00016739,2021-09-07,EMP03828,CC0024,PA,5,Departure,,CAD,CAN,2021-09-08 10:00:00,CORE_HR
EVT00016725,2021-09-14,EMP01824,CC0001,PA,1,Lateral Deployment,,CAD,CA,2021-09-15 09:00:00,PAYROLL
EVT00016963,2021-09-12,EMP00688,CC0109,IT,2,Step Increment,95030.82,CAD,CAN,2021-09-13 11:00:00,CORE_HR
EVT00017195,2021-09-07,EMP00201,CC0110,EC,1,Performance Pay,3859.19,CAD,CA,2021-09-07 16:00:00,PAYROLL
EVT00016642,2021-09-06,EMP04947,CC0011,IT,3,Lateral Deployment,,CAD,CAN,2021-09-06 08:00:00,CORE_HR
EVT00015805,2021-09-18,EMP01384,CC0098,PA,3,Step Increment,84213.85,CAD,CA,2021-09-19 14:00:00,PAYROLL
EVT00017404,2021-09-01,EMP04880,CC0109,EC,1,Performance Pay,4231.05,CAD,CA,2021-09-01 15:00:00,PAYROLL
EVT00016370,2021-09-21,EMP01454,CC0041,AS,2,Performance Pay,3711.35,CAD,CA,2021-09-21 20:00:00,PAYROLL
EVT00016340,2021-09-24,EMP04137,CC0085,CR,4,Step Increment,69670.19,CAD,CAN,2021-09-25 02:00:00,CORE_HR
EVT00017331,2021-09-10,EMP03581,CC0017,EX,2,Lateral Deployment,,CAD,CAN,2021-09-11 07:00:00,CORE_HR
EVT00017299,2021-09-22,EMP00857,CC0111,IT,1,Departure,,AED,AE,2021-09-23 01:00:00,PAYROLL
EVT00016141,2021-09-16,EMP02893,CC0109,CR,4,Step Increment,72377.43,CAD,CA,2021-09-17 10:00:00,PAYROLL
EVT00016613,2021-09-03,EMP00470,CC0116,CR,1,Step Increment,51120.21,CAD,CA,2021-09-03 08:00:00,PAYROLL
EVT00017442,2021-09-08,EMP02560,CC0046,PA,2,Leave Return,,AED,AE,2021-09-09 09:00:00,PAYROLL
EVT00016755,2021-09-21,EMP03748,CC0107,PA,5,Leave Start,,CAD,CA,2021-09-22 02:00:00,PAYROLL
EVT00017696,2021-09-18,EMP03540,CC0059,EC,1,Departure,,CAD,CAN,2021-09-19 03:00:00,CORE_HR
EVT00017390,2021-09-14,EMP00725,CC0089,EN,3,Leave Return,,CAD,CA,2021-09-15 01:00:00,PAYROLL
EVT00017468,2021-09-22,EMP01369,CC0015,PA,5,Hire,83634.16,CAD,CAN,2021-09-22 08:00:00,CORE_HR
EVT00016147,2021-09-09,EMP00943,CC0101,EN,1,Step Increment,76473.93,CAD,CA,2021-09-09 08:00:00,PAYROLL
EVT00016253,2021-09-08,EMP02598,CC0068,EC,2,Lateral Deployment,,CAD,CAN,2021-09-09 08:00:00,CORE_HR
EVT00016022,2021-09-17,EMP03221,CC0073,EX,2,Leave Return,,CAD,CAN,2021-09-18 13:00:00,CORE_HR
EVT00016450,2021-09-07,EMP03982,CC0014,EC,1,Step Increment,65569.87,CAD,CAN,2021-09-07 15:00:00,CORE_HR
EVT00017410,2021-09-17,EMP00454,CC0037,EN,2,Step Increment,84089.48,CAD,CAN,2021-09-18 12:00:00,CORE_HR
EVT00017526,2021-09-04,EMP04085,CC0095,IT,3,Departure,,CAD,CAN,2021-09-04 17:00:00,CORE_HR
EVT00015761,2021-09-07,EMP03373,CC0044,IT,2,Lateral Deployment,,CAD,CAN,2021-09-08 15:00:00,CORE_HR
EVT00017107,2021-09-21,EMP04687,CC0059,CR,3,Leave Return,,CAD,CAN,2021-09-21 17:00:00,CORE_HR
EVT00016899,2021-09-18,EMP02905,CC0042,IT,2,Leave Start,,CAD,CA,2021-09-19 07:00:00,PAYROLL
EVT00017494,2021-09-21,EMP00376,CC0001,EX,1,Step Increment,137970.46,CAD,CA,2021-09-21 11:00:00,PAYROLL
EVT00016364,2021-09-19,EMP03844,CC0058,IT,4,Step Increment,120610.63,CAD,CAN,2021-09-20 14:00:00,CORE_HR
EVT00017407,2021-09-01,EMP00925,CC0100,EN,1,Leave Start,,CAD,CAN,2021-09-01 21:00:00,CORE_HR
EVT00017620,2021-09-11,EMP04329,CC0024,PA,1,Promotion,62692.36,CAD,CA,2021-09-12 14:00:00,PAYROLL
EVT00017136,2021-09-03,EMP03312,CC0066,IT,1,Step Increment,74376.24,CAD,CA,2021-09-03 20:00:00,PAYROLL
EVT00017651,2021-09-18,EMP03103,CC0068,CR,5,Lateral Deployment,,CAD,CAN,2021-09-18 06:00:00,CORE_HR
EVT00015972,2021-09-27,EMP02903,CC0023,PA,3,Lateral Deployment,,CAD,CAN,2021-09-27 12:00:00,CORE_HR
EVT00017039,2021-09-15,EMP00113,CC0084,IT,2,Lateral Deployment,,CAD,CAN,2021-09-16 04:00:00,CORE_HR
EVT00016866,2021-09-14,EMP03511,CC0005,CR,4,Performance Pay,6744.32,CAD,CA,2021-09-15 12:00:00,PAYROLL
EVT00016891,2021-09-20,EMP01237,CC0103,EX,1,Leave Start,,CAD,CAN,2021-09-20 13:00:00,CORE_HR
EVT00017275,2021-09-09,EMP04930,CC0037,FI,5,Performance Pay,9598.1,CAD,CAN,2021-09-09 18:00:00,CORE_HR
EVT00016712,2021-09-08,EMP01454,CC0041,AS,2,Hire,67512.22,CAD,CAN,2021-09-08 09:00:00,CORE_HR
EVT00017270,2021-09-25,EMP01840,CC0054,EC,1,Performance Pay,335261.77,KES,KEN,2021-09-26 06:00:00,CORE_HR
EVT00016109,2021-09-04,EMP04024,CC0115,PA,1,Step Increment,61918.24,CAD,CA,2021-09-04 14:00:00,PAYROLL
EVT00017431,2021-09-27,EMP04008,CC0107,EX,2,Leave Start,,CAD,CA,2021-09-28 13:00:00,PAYROLL
EVT00017675,2021-09-27,EMP01192,CC0034,PA,2,Step Increment,69409.84,CAD,CAN,2021-09-27 12:00:00,CORE_HR
EVT00016683,2021-09-26,EMP02040,CC0068,IT,1,Leave Start,,CAD,CAN,2021-09-27 15:00:00,CORE_HR
EVT00017416,2021-09-12,EMP04833,CC0023,IT,3,Leave Start,,CAD,CA,2021-09-12 13:00:00,PAYROLL
EVT00017665,2021-09-10,EMP03856,CC0056,AS,5,Step Increment,75737.64,CAD,CA,2021-09-11 10:00:00,PAYROLL
EVT00015780,2021-09-16,EMP04369,CC0020,IT,1,Step Increment,85429.46,CAD,CA,2021-09-16 09:00:00,PAYROLL
EVT00016840,2021-09-18,EMP01651,CC0027,IT,1,Performance Pay,4859.04,CAD,CA,2021-09-18 11:00:00,PAYROLL
EVT00017604,2021-09-16,EMP01173,CC0061,FI,3,Performance Pay,10181.44,CAD,CAN,2021-09-16 07:00:00,CORE_HR
EVT00016445,2021-09-21,EMP03441,CC0016,AS,3,Lateral Deployment,,CAD,CA,2021-09-21 11:00:00,PAYROLL
EVT00015945,2021-09-10,EMP00866,CC0044,EC,4,Leave Start,,CAD,CA,2021-09-11 01:00:00,PAYROLL
EVT00016688,2021-09-16,EMP03449,CC0111,FI,2,Leave Return,,KES,KEN,2021-09-16 15:00:00,CORE_HR
EVT00016302,2021-09-13,EMP03469,CC0040,IT,1,Leave Return,,CAD,CAN,2021-09-13 07:00:00,CORE_HR
EVT00016230,2021-09-21,EMP02126,CC0054,IT,5,Leave Return,,USD,US,2021-09-21 18:00:00,PAYROLL
EVT00017478,2021-09-26,EMP03846,CC0031,AS,1,Leave Return,,JPY,JPN,2021-09-26 20:00:00,CORE_HR
EVT00016768,2021-09-26,EMP04057,CC0074,FI,1,Promotion,45184.29,EUR,DEU,2021-09-27 01:00:00,CORE_HR
EVT00016991,2021-09-01,EMP02066,CC0048,PA,3,Step Increment,77016.78,CAD,CAN,2021-09-01 10:00:00,CORE_HR
EVT00017034,2021-09-04,EMP04583,CC0074,FI,1,Departure,,EUR,DE,2021-09-05 18:00:00,PAYROLL
EVT00017282,2021-09-19,EMP02740,CC0106,CR,3,Step Increment,61938.47,CAD,CA,2021-09-19 18:00:00,PAYROLL
EVT00015922,2021-09-03,EMP00120,CC0117,EC,1,Lateral Deployment,,CAD,CAN,2021-09-03 08:00:00,CORE_HR
EVT00016047,2021-09-08,EMP02116,CC0010,PA,3,Step Increment,90271.4,CAD,CAN,2021-09-08 19:00:00,CORE_HR
EVT00016429,2021-09-09,EMP01884,CC0117,FI,3,Step Increment,67965.53,CAD,CAN,2021-09-09 20:00:00,CORE_HR
EVT00016958,2021-09-20,EMP04394,CC0045,IT,1,Step Increment,74769.94,CAD,CAN,2021-09-20 15:00:00,CORE_HR
EVT00015845,2021-09-04,EMP00529,CC0087,FI,4,Hire,97844.09,CAD,CAN,2021-09-05 08:00:00,CORE_HR
EVT00016381,2021-09-09,EMP00979,CC0027,FI,2,Promotion,100458.46,CAD,CAN,2021-09-10 01:00:00,CORE_HR
EVT00016897,2021-09-15,EMP04516,CC0023,AS,3,Promotion,86300.78,CAD,CA,2021-09-16 02:00:00,PAYROLL
EVT00016152,2021-09-19,EMP03893,CC0099,EX,2,Leave Return,,CAD,CA,2021-09-19 10:00:00,PAYROLL
EVT00015857,2021-09-24,EMP03176,CC0086,FI,1,Lateral Deployment,,AED,ARE,2021-09-24 18:00:00,CORE_HR
EVT00017314,2021-09-06,EMP02627,CC0043,PA,1,Step Increment,62181.81,CAD,CAN,2021-09-07 02:00:00,CORE_HR
EVT00017536,2021-09-27,EMP99999,CC0086,EX,2,Lateral Deployment,,SGD,SG,2021-09-27 21:00:00,PAYROLL
EVT00016341,2021-09-03,EMP01530,CC0052,PA,1,Step Increment,61717.18,CAD,CAN,2021-09-03 09:00:00,CORE_HR
EVT00017448,2021-09-10,EMP01290,CC0080,AS,2,Promotion,177022.94,AED,AE,2021-09-11 08:00:00,PAYROLL
EVT00016594,2021-09-17,EMP02525,CC0006,FI,5,Departure,,CAD,CA,2021-09-17 19:00:00,PAYROLL
EVT00017359,2021-09-22,EMP03076,CC0015,FI,1,Leave Start,,CAD,CAN,2021-09-23 12:00:00,CORE_HR
EVT00017705,2021-09-21,EMP00428,CC0009,AS,2,Promotion,72975.33,AUD,AU,2021-09-22 10:00:00,PAYROLL
EVT00016857,2021-09-09,EMP03947,CC0019,AS,5,Leave Return,,CAD,CAN,2021-09-09 11:00:00,CORE_HR
EVT00017264,2021-09-10,EMP01552,CC0059,CR,3,Leave Start,,CAD,CAN,2021-09-11 14:00:00,CORE_HR
EVT00017369,2021-09-19,EMP02338,CC0011,PA,1,Step Increment,63260.0,CAD,CAN,2021-09-20 13:00:00,CORE_HR
EVT00017263,2021-09-16,EMP01080,CC0120,EC,4,Hire,97948.57,CAD,CA,2021-09-16 07:00:00,PAYROLL
EVT00016610,2021-09-10,EMP01576,CC0101,FI,2,Leave Start,,CAD,CAN,2021-09-11 12:00:00,CORE_HR
EVT00015993,2021-09-15,EMP02439,CC0089,CR,4,Step Increment,66744.55,CAD,CAN,2021-09-15 15:00:00,CORE_HR
EVT00016896,2021-09-09,EMP00555,CC0084,PA,4,Leave Return,,CAD,CA,2021-09-10 10:00:00,PAYROLL
EVT00016146,2021-09-16,EMP00003,CC0008,EC,1,Step Increment,74435.22,CAD,CAN,2021-09-17 12:00:00,CORE_HR
EVT00016384,2021-09-22,EMP04953,CC0070,PA,1,Leave Return,,CAD,CA,2021-09-22 23:00:00,PAYROLL
EVT00016426,2021-09-27,EMP00254,CC0077,AS,5,Step Increment,103662.87,CAD,CA,2021-09-28 14:00:00,PAYROLL
EVT00017093,2021-09-12,EMP01374,CC0053,FI,5,Hire,123605.37,CAD,CA,2021-09-12 19:00:00,PAYROLL
EVT00017115,2021-09-13,EMP03513,CC0084,EN,3,Step Increment,105472.19,CAD,CA,2021-09-13 09:00:00,PAYROLL
EVT00016043,2021-09-21,EMP03036,CC0114,PA,1,Leave Start,,CAD,CAN,2021-09-22 13:00:00,CORE_HR
EVT00016288,2021-09-11,EMP02244,CC0115,AS,2,Performance Pay,3316.46,CAD,CAN,2021-09-12 00:00:00,CORE_HR
EVT00015897,2021-09-10,EMP04726,CC0020,AS,3,Leave Return,,CAD,CAN,2021-09-11 01:00:00,CORE_HR
EVT00015848,2021-09-18,EMP04672,CC0008,AS,4,Promotion,70480.19,CAD,CA,2021-09-18 22:00:00,PAYROLL
EVT00017104,2021-09-02,EMP01350,CC0041,EN,4,Departure,,CAD,CA,2021-09-02 12:00:00,PAYROLL
EVT00017694,2021-09-06,EMP04391,CC0118,PA,5,Performance Pay,10288.25,CAD,CA,2021-09-07 14:00:00,PAYROLL
EVT00017530,2021-09-22,EMP00688,CC0109,IT,2,Step Increment,99014.37,CAD,CAN,2021-09-23 13:00:00,CORE_HR
EVT00016841,2021-09-08,EMP00244,CC0031,PA,3,Departure,,BRL,BR,2021-09-08 11:00:00,PAYROLL
EVT00016003,2021-09-09,EMP02309,CC0094,PA,4,Step Increment,87569.9,CAD,CA,2021-09-09 07:00:00,PAYROLL
EVT00015741,2021-09-22,EMP04758,CC0006,EN,2,Lateral Deployment,,CAD,CAN,2021-09-23 10:00:00,CORE_HR
EVT00017168,2021-09-10,EMP01057,CC0013,IT,4,Departure,,CAD,CAN,2021-09-10 11:00:00,CORE_HR
EVT00015823,2021-09-24,EMP04307,CC0089,EC,4,Step Increment,100260.09,CAD,CAN,2021-09-25 15:00:00,CORE_HR
EVT00017150,2021-09-10,EMP01944,CC0066,CR,5,Step Increment,74707.35,CAD,CAN,2021-09-10 21:00:00,CORE_HR
EVT00016265,2021-09-11,EMP01313,CC0069,IT,1,Hire,77947.76,CAD,CA,2021-09-12 00:00:00,PAYROLL
EVT00016059,2021-09-21,EMP01323,CC0071,CR,5,Lateral Deployment,,CAD,CA,2021-09-21 23:00:00,PAYROLL
EVT00017037,2021-09-09,EMP00908,CC0041,EN,4,Step Increment,126432.76,CAD,CA,2021-09-09 13:00:00,PAYROLL
EVT00017654,2021-09-22,EMP00866,CC0044,EC,4,Promotion,112614.7,CAD,CAN,2021-09-23 07:00:00,CORE_HR
EVT00015766,2021-09-19,EMP03164,CC0081,PA,2,Step Increment,63983.88,CAD,CAN,2021-09-19 08:00:00,CORE_HR
EVT00016184,2021-09-26,EMP00772,CC0035,FI,3,Promotion,91282.91,CAD,CAN,2021-09-26 18:00:00,CORE_HR
EVT00016492,2021-09-14,EMP01995,CC0117,FI,1,Performance Pay,4474.13,CAD,CAN,2021-09-14 16:00:00,CORE_HR
EVT00016158,2021-09-14,EMP03670,CC0005,AS,2,Step Increment,62514.29,CAD,CA,2021-09-15 09:00:00,PAYROLL
EVT00016103,2021-09-27,EMP00668,CC0108,AS,1,Step Increment,39742.15,SGD,SG,2021-09-27 14:00:00,PAYROLL
EVT00016334,2021-09-26,EMP00465,CC0093,CR,5,Departure,,CAD,CAN,2021-09-26 23:00:00,CORE_HR
EVT00017386,2021-09-16,EMP03769,CC0022,IT,1,Departure,,CAD,CA,2021-09-16 16:00:00,PAYROLL
EVT00017001,2021-09-13,EMP04327,CC0107,IT,1,Performance Pay,10496.95,CAD,CAN,2021-09-13 15:00:00,CORE_HR
EVT00016589,2021-09-15,EMP01982,CC0119,CR,1,Step Increment,46525.63,CAD,CAN,2021-09-16 05:00:00,CORE_HR
EVT00017602,2021-09-07,EMP00497,CC0071,AS,1,Performance Pay,4556.08,CAD,CAN,2021-09-08 11:00:00,CORE_HR
EVT00015824,2021-09-05,EMP00709,CC0029,AS,5,Leave Start,,GBP,GB,2021-09-06 12:00:00,PAYROLL
EVT00017691,2021-09-20,EMP00202,CC0029,EN,3,Step Increment,383146.85,BRL,BR,2021-09-21 21:00:00,PAYROLL
EVT00016890,2021-09-14,EMP02479,CC0096,IT,3,Performance Pay,14028.64,CAD,CA,2021-09-15 02:00:00,PAYROLL
EVT00016507,2021-09-03,EMP04150,CC0032,IT,1,Leave Start,,CAD,CAN,2021-09-03 07:00:00,CORE_HR
EVT00016276,2021-09-08,EMP00751,CC0117,IT,5,Step Increment,133532.39,CAD,CA,2021-09-09 06:00:00,PAYROLL
EVT00015830,2021-09-17,EMP00479,CC0073,EN,3,Performance Pay,10724.29,CAD,CA,2021-09-18 09:00:00,PAYROLL
EVT00016366,2021-09-17,EMP04421,CC0114,CR,3,Promotion,67151.25,CAD,CAN,2021-09-17 09:00:00,CORE_HR
EVT00016659,2021-09-05,EMP02369,CC0098,EN,5,Step Increment,121838.35,CAD,CA,2021-09-05 06:00:00,PAYROLL
EVT00016904,2021-09-07,EMP04850,CC0010,AS,2,Lateral Deployment,,CAD,CA,2021-09-09 06:00:00,PAYROLL
EVT00015920,2021-09-20,EMP00141,CC0086,IT,1,Leave Return,,JPY,JPN,2021-09-20 09:00:00,CORE_HR
EVT00015781,2021-09-24,EMP04145,CC0107,EN,1,Leave Start,,CAD,CAN,2021-09-24 21:00:00,CORE_HR
EVT00016912,2021-09-22,EMP01080,CC0120,EC,4,Leave Start,,CAD,CAN,2021-09-22 06:00:00,CORE_HR
EVT00017453,2021-09-27,EMP02669,CC0047,EX,3,Lateral Deployment,,CAD,CAN,2021-09-27 18:00:00,CORE_HR
EVT00015968,2021-09-16,EMP01003,CC0013,CR,2,Promotion,55361.88,CAD,CA,2021-09-17 09:00:00,PAYROLL
EVT00016085,2021-09-16,EMP01763,CC0004,FI,4,Departure,,CAD,CAN,2021-09-17 00:00:00,CORE_HR
EVT00017040,2021-09-14,EMP04033,CC0098,EN,2,Step Increment,89112.73,CAD,CAN,2021-09-15 01:00:00,CORE_HR
EVT00016947,2021-09-10,EMP00839,CC0031,CR,3,Step Increment,41728.54,EUR,FRA,2021-09-11 09:00:00,CORE_HR
EVT00017203,2021-09-11,EMP00898,CC0007,PA,2,Performance Pay,3511.91,GBP,GB,2021-09-11 08:00:00,PAYROLL
EVT00017015,2021-09-07,EMP01553,CC0047,PA,3,Lateral Deployment,,CAD,CA,2021-09-07 22:00:00,PAYROLL
EVT00016293,2021-09-27,EMP02324,CC0084,CR,4,Performance Pay,2816.58,CAD,CAN,2021-09-28 00:00:00,CORE_HR
EVT00016607,2021-09-21,EMP02763,CC0102,PA,4,Departure,,CAD,CAN,2021-09-22 00:00:00,CORE_HR
EVT00015765,2021-09-08,EMP04281,CC0067,EC,2,Step Increment,60620.98,CAD,CAN,2021-09-08 09:00:00,CORE_HR
EVT00015804,2021-09-11,EMP01455,CC0116,AS,5,Hire,85246.32,CAD,CAN,2021-09-12 04:00:00,CORE_HR
EVT00016928,2021-09-12,EMP00064,CC0047,EN,2,Lateral Deployment,,CAD,CAN,2021-09-12 09:00:00,CORE_HR
EVT00016053,2021-09-24,EMP04462,CC0069,IT,1,Step Increment,76681.05,CAD,CA,2021-09-25 12:00:00,PAYROLL
EVT00016801,2021-09-02,EMP01324,CC0060,EC,4,Performance Pay,7020.18,CAD,CAN,2021-09-02 06:00:00,CORE_HR
EVT00015734,2021-09-01,EMP99999,CC0051,EN,2,Step Increment,95121.17,CAD,CA,2021-09-01 17:00:00,PAYROLL
EVT00017351,2021-09-20,EMP04644,CC0027,CR,4,Performance Pay,8770.61,CAD,CA,2021-09-21 13:00:00,PAYROLL
EVT00015969,2021-09-01,EMP00325,CC0043,IT,3,Lateral Deployment,,CAD,CAN,2021-09-02 14:00:00,CORE_HR
EVT00015716,2021-09-22,EMP04232,CC0048,AS,1,Lateral Deployment,,CAD,CAN,2021-09-23 05:00:00,CORE_HR
EVT00017356,2021-09-17,EMP02331,CC0028,IT,1,Departure,,CAD,CAN,2021-09-17 11:00:00,CORE_HR
EVT00016708,2021-09-17,EMP00277,CC0089,PA,3,Leave Start,,CAD,CAN,2021-09-17 12:00:00,CORE_HR
EVT00015957,2021-09-10,EMP00429,CC0023,EC,1,Step Increment,75615.9,CAD,CA,2021-09-11 08:00:00,PAYROLL
EVT00016537,2021-09-15,EMP04095,CC0018,FI,5,Promotion,125243.21,CAD,CAN,2021-09-15 18:00:00,CORE_HR
EVT00016867,2021-09-22,EMP04033,CC0098,EN,2,Lateral Deployment,,CAD,CA,2021-09-22 06:00:00,PAYROLL
EVT00016702,2021-09-26,EMP03541,CC0046,PA,4,Departure,,MXN,MX,2021-09-27 13:00:00,PAYROLL
EVT00017277,2021-09-17,EMP00065,CC0092,EX,2,Step Increment,150738.87,CAD,CA,2021-09-18 02:00:00,PAYROLL
EVT00016049,2021-09-25,EMP02045,CC0095,EN,1,Performance Pay,6271.44,CAD,CA,2021-09-26 15:00:00,PAYROLL
EVT00016186,2021-09-25,EMP00403,CC0114,CR,3,Step Increment,60911.66,CAD,CA,2021-09-26 03:00:00,PAYROLL
EVT00015934,2021-09-26,EMP02033,CC0033,IT,1,Step Increment,78479.97,CAD,CA,2021-09-27 05:00:00,PAYROLL
EVT00016035,2021-09-20,EMP04847,CC0114,AS,3,Lateral Deployment,,CAD,CAN,2021-09-21 10:00:00,CORE_HR
EVT00016779,2021-09-15,EMP01482,CC0029,CR,1,Hire,36407.01,USD,USA,2021-09-16 01:00:00,CORE_HR
EVT00015774,2021-09-12,EMP00668,CC0108,AS,1,Departure,,GBP,GB,2021-09-12 19:00:00,PAYROLL
EVT00017110,2021-09-05,EMP04811,CC0071,PA,3,Leave Start,,CAD,CA,2021-09-06 00:00:00,PAYROLL
EVT00016279,2021-09-17,EMP04027,CC0072,AS,2,Lateral Deployment,,CAD,CA,2021-09-18 05:00:00,PAYROLL
EVT00016296,2021-09-03,EMP01570,CC0070,EN,2,Step Increment,96119.14,CAD,CAN,2021-09-03 23:00:00,CORE_HR
EVT00017630,2021-09-25,EMP03544,CC0092,PA,2,Leave Start,,CAD,CA,2021-09-26 11:00:00,PAYROLL
EVT00016574,2021-09-09,EMP04059,CC0118,FI,1,Step Increment,66126.51,CAD,CAN,2021-09-09 12:00:00,CORE_HR
EVT00017265,2021-09-18,EMP01132,CC0001,PA,2,Step Increment,68370.5,CAD,CAN,2021-09-19 15:00:00,CORE_HR
EVT00016295,2021-09-23,EMP04994,CC0001,EN,2,Step Increment,88464.95,CAD,CA,2021-09-23 16:00:00,PAYROLL
EVT00015763,2021-09-03,EMP04444,CC0071,FI,2,Hire,73115.09,CAD,CA,2021-09-03 21:00:00,PAYROLL
EVT00016212,2021-09-27,EMP00879,CC0118,PA,3,Step Increment,79647.23,CAD,CA,2021-09-28 15:00:00,PAYROLL
EVT00015816,2021-09-01,EMP02860,CC0051,AS,2,Performance Pay,6483.26,CAD,CA,2021-09-01 06:00:00,PAYROLL
EVT00017625,2021-09-16,EMP01598,CC0104,EX,1,Step Increment,100098.3,CAD,CA,2021-09-16 10:00:00,PAYROLL
EVT00016490,2021-09-09,EMP00487,CC0081,EN,3,Step Increment,111289.14,CAD,CA,2021-09-10 12:00:00,PAYROLL
EVT00017114,2021-09-05,EMP03274,CC0098,AS,1,Step Increment,54948.43,CAD,CAN,2021-09-06 05:00:00,CORE_HR
EVT00016323,2021-09-09,EMP04392,CC0055,PA,5,Step Increment,103832.45,CAD,CA,2021-09-10 09:00:00,PAYROLL
EVT00015831,2021-09-20,EMP01616,CC0005,PA,4,Step Increment,85459.69,CAD,CAN,2021-09-21 07:00:00,CORE_HR
EVT00017233,2021-09-02,EMP03680,CC0025,PA,1,Performance Pay,5028.41,CAD,CAN,2021-09-03 04:00:00,CORE_HR
EVT00017020,2021-09-26,EMP04670,CC0059,CR,1,Step Increment,54025.63,CAD,CAN,2021-09-26 17:00:00,CORE_HR
EVT00015694,2021-09-02,EMP03175,CC0043,EX,2,Step Increment,126949.86,CAD,CA,2021-09-02 17:00:00,PAYROLL
EVT00015868,2021-09-06,EMP02618,CC0037,EN,4,Step Increment,113720.05,CAD,CAN,2021-09-07 12:00:00,CORE_HR
EVT00016695,2021-09-04,EMP02392,CC0021,PA,4,Performance Pay,3606.77,CAD,CAN,2021-09-04 08:00:00,CORE_HR
EVT00015727,2021-09-06,EMP00156,CC0011,IT,3,Leave Start,,CAD,CAN,2021-09-07 10:00:00,CORE_HR
EVT00017091,2021-09-19,EMP00039,CC0067,IT,1,Step Increment,75697.33,CAD,CA,2021-09-20 15:00:00,PAYROLL
EVT00017099,2021-09-27,EMP02394,CC0021,PA,3,Performance Pay,6260.01,CAD,CAN,2021-09-27 19:00:00,CORE_HR
EVT00016546,2021-09-04,EMP03609,CC0096,AS,2,Lateral Deployment,,CAD,CAN,2021-09-05 14:00:00,CORE_HR
EVT00017674,2021-09-16,EMP03204,CC0078,PA,5,Performance Pay,6185.87,CAD,CAN,2021-09-17 13:00:00,CORE_HR
EVT00017545,2021-09-21,EMP03645,CC0054,FI,3,Departure,,AUD,AU,2021-09-22 10:00:00,PAYROLL
EVT00017247,2021-09-23,EMP00294,CC0111,IT,2,Lateral Deployment,,KES,KEN,2021-09-23 18:00:00,CORE_HR
EVT00015747,2021-09-06,EMP02919,CC0007,PA,2,Step Increment,66038.77,SGD,SG,2021-09-06 13:00:00,PAYROLL
EVT00017518,2021-09-24,EMP03276,CC0101,CR,5,Performance Pay,3051.21,CAD,CA,2021-09-24 09:00:00,PAYROLL
EVT00016431,2021-09-15,EMP02603,CC0056,PA,1,Leave Return,,CAD,CAN,2021-09-16 02:00:00,CORE_HR
EVT00016183,2021-09-25,EMP04971,CC0091,IT,3,Leave Return,,CAD,CAN,2021-09-26 00:00:00,CORE_HR
EVT00017406,2021-09-13,EMP01923,CC0078,EN,2,Step Increment,89001.9,CAD,CAN,2021-09-13 18:00:00,CORE_HR
EVT00017181,2021-09-23,EMP04333,CC0019,EC,2,Lateral Deployment,,CAD,CA,2021-09-24 00:00:00,PAYROLL
EVT00016842,2021-09-07,EMP02395,CC0070,AS,2,Step Increment,67796.39,CAD,CA,2021-09-07 16:00:00,PAYROLL
EVT00017013,2021-09-23,EMP00108,CC0119,PA,2,Step Increment,66479.24,CAD,CAN,2021-09-24 03:00:00,CORE_HR
EVT00016045,2021-09-04,EMP03661,CC0005,EX,2,Leave Start,,CAD,CAN,2021-09-04 16:00:00,CORE_HR
EVT00017320,2021-09-26,EMP02173,CC0042,EC,2,Leave Return,,CAD,CAN,2021-09-27 11:00:00,CORE_HR
EVT00016736,2021-09-20,EMP02236,CC0048,EX,2,Leave Start,,CAD,CAN,2021-09-21 04:00:00,CORE_HR
EVT00017659,2021-09-23,EMP04286,CC0028,IT,1,Hire,79405.51,CAD,CAN,2021-09-24 10:00:00,CORE_HR
EVT00016945,2021-09-14,EMP01527,CC0066,PA,1,Lateral Deployment,,CAD,CA,2021-09-15 14:00:00,PAYROLL
EVT00017024,2021-09-09,EMP04520,CC0057,PA,3,Step Increment,83787.76,CAD,CA,2021-09-09 06:00:00,PAYROLL
EVT00017636,2021-09-24,EMP00488,CC0023,FI,1,Performance Pay,6203.18,CAD,CA,2021-09-25 08:00:00,PAYROLL
EVT00016131,2021-09-19,EMP03462,CC0097,PA,4,Hire,71417.06,CAD,CAN,2021-09-19 10:00:00,CORE_HR
EVT00016238,2021-09-27,EMP03487,CC0053,PA,3,Performance Pay,10226.5,CAD,CAN,2021-09-28 04:00:00,CORE_HR
EVT00016837,2021-09-24,EMP03830,CC0009,PA,3,Lateral Deployment,,USD,US,2021-09-24 15:00:00,PAYROLL
EVT00015964,2021-09-07,EMP03036,CC0114,PA,1,Step Increment,49849.47,CAD,CA,2021-09-07 06:00:00,PAYROLL
EVT00016040,2021-09-04,EMP02242,CC0042,IT,3,Performance Pay,5033.33,CAD,CA,2021-09-05 13:00:00,PAYROLL
EVT00016177,2021-09-13,EMP04301,CC0045,AS,2,Leave Return,,CAD,CAN,2021-09-14 03:00:00,CORE_HR
EVT00017267,2021-09-22,EMP03900,CC0016,CR,1,Performance Pay,2378.0,CAD,CA,2021-09-22 20:00:00,PAYROLL
EVT00016011,2021-09-09,EMP02786,CC0030,FI,2,Performance Pay,6833.21,USD,US,2021-09-10 09:00:00,PAYROLL
EVT00017319,2021-09-06,EMP04571,CC0063,PA,1,Step Increment,62134.89,CAD,CA,2021-09-06 07:00:00,PAYROLL
EVT00015974,2021-09-15,EMP03695,CC0099,FI,3,Leave Start,,CAD,CAN,2021-09-16 10:00:00,CORE_HR
EVT00017117,2021-09-16,EMP04676,CC0098,IT,1,Step Increment,70309.98,CAD,CA,2021-09-17 12:00:00,PAYROLL
EVT00016360,2021-09-07,EMP00361,CC0083,PA,1,Lateral Deployment,,CAD,CA,2021-09-07 14:00:00,PAYROLL
EVT00015684,2021-09-10,EMP00865,CC0055,EN,2,Leave Start,,CAD,CA,2021-09-11 06:00:00,PAYROLL
EVT00016027,2021-09-15,EMP02995,CC0016,FI,3,Departure,,CAD,CAN,2021-09-16 05:00:00,CORE_HR
EVT00017029,2021-09-10,EMP03849,CC0080,EN,1,Performance Pay,6496.73,SGD,SGP,2021-09-10 15:00:00,CORE_HR
EVT00015728,2021-09-01,EMP04693,CC0007,FI,2,Performance Pay,681809.23,KES,KE,2021-09-01 19:00:00,PAYROLL
EVT00016161,2021-09-12,EMP03448,CC0120,IT,3,Performance Pay,10860.1,CAD,CA,2021-09-12 09:00:00,PAYROLL
EVT00016643,2021-09-03,EMP01317,CC0079,PA,5,Step Increment,105104.84,CAD,CA,2021-09-03 11:00:00,PAYROLL
EVT00015925,2021-09-19,EMP03934,CC0096,PA,1,Step Increment,64468.94,CAD,CAN,2021-09-19 14:00:00,CORE_HR
EVT00016144,2021-09-20,EMP03080,CC0034,IT,1,Leave Return,,CAD,CAN,2021-09-21 01:00:00,CORE_HR
EVT00017345,2021-09-15,EMP02689,CC0120,AS,1,Step Increment,45659.28,CAD,CA,2021-09-15 17:00:00,PAYROLL
EVT00017223,2021-09-07,EMP02011,CC0038,IT,3,Lateral Deployment,,CAD,CAN,2021-09-08 09:00:00,CORE_HR
EVT00016219,2021-09-27,EMP00733,CC0091,PA,4,Lateral Deployment,,CAD,CA,2021-09-28 01:00:00,PAYROLL
EVT00016282,2021-09-04,EMP02732,CC0089,CR,4,Leave Start,,CAD,CAN,2021-09-04 12:00:00,CORE_HR
EVT00016982,2021-09-18,EMP02200,CC0029,EN,2,Leave Start,,USD,USA,2021-09-18 16:00:00,CORE_HR
EVT00016803,2021-09-03,EMP04887,CC0008,EX,1,Step Increment,122336.71,CAD,CAN,2021-09-04 10:00:00,CORE_HR
EVT00017068,2021-09-25,EMP04758,CC0006,EN,2,Promotion,97408.04,CAD,CAN,2021-09-26 09:00:00,CORE_HR
EVT00016357,2021-09-20,EMP03231,CC0030,PA,3,Leave Start,,GBP,GBR,2021-09-21 15:00:00,CORE_HR
EVT00016327,2021-09-12,EMP03378,CC0019,AS,3,Leave Start,,CAD,CA,2021-09-12 20:00:00,PAYROLL
EVT00016449,2021-09-12,EMP03552,CC0119,AS,2,Leave Start,,CAD,CAN,2021-09-13 04:00:00,CORE_HR
EVT00016921,2021-09-20,EMP01193,CC0054,CR,5,Performance Pay,117482.25,MXN,MEX,2021-09-20 19:00:00,CORE_HR
EVT00016538,2021-09-09,EMP02529,CC0036,EN,3,Hire,76609.45,CAD,CA,2021-09-10 02:00:00,PAYROLL
EVT00016927,2021-09-22,EMP03227,CC0049,EN,2,Leave Start,,EUR,FRA,2021-09-22 23:00:00,CORE_HR
EVT00016596,2021-09-02,EMP03960,CC0057,PA,5,Step Increment,99258.58,CAD,CAN,2021-09-03 07:00:00,CORE_HR
EVT00016442,2021-09-09,EMP02759,CC0049,CR,4,Leave Return,,EUR,FRA,2021-09-10 13:00:00,CORE_HR
EVT00016107,2021-09-22,EMP03585,CC0099,AS,2,Departure,,CAD,CAN,2021-09-23 07:00:00,CORE_HR
EVT00016342,2021-09-04,EMP04066,CC0054,AS,2,Promotion,3829579.68,INR,IND,2021-09-06 00:00:00,CORE_HR
EVT00015699,2021-09-07,EMP00497,CC0071,AS,1,Leave Start,,CAD,CAN,2021-09-08 01:00:00,CORE_HR
EVT00015780,2021-09-16,EMP04369,CC0020,IT,1,Step Increment,85429.46,CAD,CA,2021-09-16 15:00:00,PAYROLL
EVT00015683,2021-09-17,EMP00752,CC0119,PA,5,Leave Start,,CAD,CAN,2021-09-17 13:00:00,CORE_HR
EVT00017300,2021-09-10,EMP00741,CC0035,PA,4,Hire,89268.35,CAD,CAN,2021-09-10 06:00:00,CORE_HR
EVT00016236,2021-09-05,EMP02620,CC0015,PA,2,Leave Start,,CAD,CAN,2021-09-06 04:00:00,CORE_HR
EVT00017570,2021-09-27,EMP02441,CC0056,AS,5,Step Increment,75425.59,CAD,CAN,2021-09-28 11:00:00,CORE_HR
EVT00016871,2021-09-13,EMP00438,CC0108,EX,1,Step Increment,13129453.5,KES,KE,2021-09-13 13:00:00,PAYROLL
EVT00016088,2021-09-26,EMP02478,CC0119,PA,3,Step Increment,81458.63,CAD,CA,2021-09-27 12:00:00,PAYROLL
EVT00017512,2021-09-22,EMP00904,CC0014,EN,4,Performance Pay,12088.78,CAD,CA,2021-09-22 23:00:00,PAYROLL
EVT00016148,2021-09-07,EMP02366,CC0038,EC,3,Leave Return,,CAD,CAN,2021-09-07 17:00:00,CORE_HR
EVT00016494,2021-09-13,EMP00540,CC0003,EN,1,Leave Start,,CAD,CA,2021-09-13 11:00:00,PAYROLL
EVT00016625,2021-09-14,EMP04405,CC0091,IT,4,Performance Pay,11173.66,CAD,CAN,2021-09-15 04:00:00,CORE_HR
EVT00016509,2021-09-23,EMP03485,CC0011,IT,1,Leave Return,,CAD,CA,2021-09-23 16:00:00,PAYROLL
EVT00017221,2021-09-09,EMP01631,CC0014,EN,2,Lateral Deployment,,CAD,CAN,2021-09-10 03:00:00,CORE_HR
EVT00016396,2021-09-20,EMP04917,CC0091,IT,3,Leave Start,,CAD,CA,2021-09-20 09:00:00,PAYROLL
EVT00017672,2021-09-15,EMP01894,CC0033,PA,5,Leave Return,,CAD,CA,2021-09-16 11:00:00,PAYROLL
EVT00017080,2021-09-17,EMP00582,CC0110,PA,1,Performance Pay,5548.76,CAD,CAN,2021-09-18 05:00:00,CORE_HR
EVT00017627,2021-09-21,EMP02755,CC0024,EN,5,Hire,130147.74,CAD,CA,2021-09-22 10:00:00,PAYROLL
EVT00017106,2021-09-07,EMP00569,CC0050,IT,2,Leave Start,,CAD,CA,2021-09-08 06:00:00,PAYROLL
EVT00017050,2021-09-04,EMP04555,CC0025,FI,4,Lateral Deployment,,CAD,CAN,2021-09-04 06:00:00,CORE_HR
EVT00017403,2021-09-05,EMP02653,CC0018,PA,5,Lateral Deployment,,CAD,CA,2021-09-05 10:00:00,PAYROLL
EVT00017332,2021-09-20,EMP01667,CC0025,IT,3,Departure,,CAD,CA,2021-09-21 10:00:00,PAYROLL
EVT00016157,2021-09-03,EMP00689,CC0023,PA,2,Lateral Deployment,,CAD,CAN,2021-09-03 08:00:00,CORE_HR
EVT00017049,2021-09-13,EMP03628,CC0027,EX,2,Step Increment,110649.27,CAD,CA,2021-09-13 12:00:00,PAYROLL
EVT00016099,2021-09-10,EMP02312,CC0063,IT,3,Leave Return,,CAD,CA,2021-09-11 14:00:00,PAYROLL
EVT00017389,2021-09-25,EMP04055,CC0007,AS,1,Step Increment,671913.17,MXN,MEX,2021-09-26 14:00:00,CORE_HR
EVT00016066,2021-09-12,EMP04041,CC0106,FI,3,Step Increment,85386.02,CAD,CAN,2021-09-13 01:00:00,CORE_HR
EVT00016743,2021-09-10,EMP02916,CC0023,CR,2,Hire,59018.05,CAD,CA,2021-09-11 06:00:00,PAYROLL
EVT00016587,2021-09-17,EMP01306,CC0036,PA,5,Leave Start,,CAD,CAN,2021-09-18 09:00:00,CORE_HR
EVT00017610,2021-09-18,EMP04743,CC0117,EC,3,Hire,102062.28,CAD,CA,2021-09-18 11:00:00,PAYROLL
EVT00016808,2021-09-15,EMP00088,CC0093,IT,1,Lateral Deployment,,CAD,CA,2021-09-16 06:00:00,PAYROLL
EVT00017549,2021-09-27,EMP01926,CC0010,EC,2,Performance Pay,3728.05,CAD,CAN,2021-09-28 11:00:00,CORE_HR
EVT00017700,2021-09-06,EMP01607,CC0063,IT,5,Leave Return,,CAD,CA,2021-09-06 15:00:00,PAYROLL
EVT00017417,2021-09-04,EMP01360,CC0049,AS,5,Step Increment,318914.9,BRL,BR,2021-09-04 08:00:00,PAYROLL
EVT00016540,2021-09-15,EMP02249,CC0047,EX,2,Step Increment,158125.17,CAD,CA,2021-09-15 14:00:00,PAYROLL
EVT00016567,2021-09-06,EMP00390,CC0066,EN,2,Lateral Deployment,,CAD,CA,2021-09-06 17:00:00,PAYROLL
EVT00016263,2021-09-19,EMP03858,CC0088,CR,1,Performance Pay,594843.69,JPY,JPN,2021-09-20 02:00:00,CORE_HR
EVT00017169,2021-09-14,EMP00142,CC0078,FI,4,Step Increment,-96596.96,CAD,CA,2021-09-14 17:00:00,PAYROLL
EVT00017647,2021-09-20,EMP02125,CC0110,EC,3,Performance Pay,11494.44,CAD,CAN,2021-09-21 00:00:00,CORE_HR
EVT00016436,2021-09-09,EMP04976,CC0053,CR,4,Leave Start,,CAD,CA,2021-09-09 21:00:00,PAYROLL
EVT00017287,2021-09-13,EMP02141,CC0067,IT,4,Leave Return,,CAD,CAN,2021-09-14 14:00:00,CORE_HR
EVT00017433,2021-09-07,EMP02669,CC0047,EX,3,Step Increment,160171.29,CAD,CA,2021-09-08 11:00:00,PAYROLL
EVT00015768,2021-09-11,EMP01073,CC0019,PA,2,Performance Pay,3811.8,CAD,CAN,2021-09-11 11:00:00,CORE_HR
EVT00015987,2021-09-08,EMP03532,CC0031,IT,1,Promotion,290771.69,BRL,BRA,2021-09-08 13:00:00,CORE_HR
EVT00016404,2021-09-24,EMP02694,CC0018,EN,3,Leave Return,,CAD,CAN,2021-09-25 00:00:00,CORE_HR
EVT00016374,2021-09-09,EMP02327,CC0008,FI,5,Step Increment,143869.67,CAD,CAN,2021-09-10 00:00:00,CORE_HR
EVT00016738,2021-09-12,EMP03106,CC0111,FI,2,Promotion,57592.21,EUR,DEU,2021-09-13 12:00:00,CORE_HR
EVT00015885,2021-09-21,EMP03311,CC0118,EX,1,Step Increment,142594.45,CAD,CAN,2021-09-22 08:00:00,CORE_HR
EVT00016654,2021-09-11,EMP00733,CC0091,PA,4,Step Increment,89494.14,CAD,CAN,2021-09-11 15:00:00,CORE_HR
EVT00017254,2021-09-22,EMP00205,CC0115,IT,2,Performance Pay,8322.18,CAD,CAN,2021-09-23 08:00:00,CORE_HR
EVT00016459,2021-09-03,EMP01995,CC0117,FI,1,Leave Return,,CAD,CAN,2021-09-03 22:00:00,CORE_HR
EVT00016619,2021-09-01,EMP00490,CC0070,PA,2,Leave Start,,CAD,CAN,2021-09-01 12:00:00,CORE_HR
EVT00015689,2021-09-05,EMP02862,CC0030,PA,3,Leave Return,,USD,USA,2021-09-06 09:00:00,CORE_HR
EVT00016281,2021-09-21,EMP04023,CC0043,PA,2,Step Increment,66654.88,CAD,CAN,2021-09-22 04:00:00,CORE_HR
EVT00017482,2021-09-11,EMP03698,CC0072,FI,4,Step Increment,95894.18,CAD,CAN,2021-09-12 11:00:00,CORE_HR
EVT00017519,2021-09-22,EMP01642,CC0011,PA,2,Step Increment,70542.99,CAD,CAN,2021-09-22 06:00:00,CORE_HR
EVT00016727,2021-09-22,EMP01778,CC0042,CR,2,Leave Return,,CAD,CAN,2021-09-23 08:00:00,CORE_HR
EVT00016944,2021-09-17,EMP04057,CC0074,FI,1,Leave Start,,INR,IN,2021-09-17 18:00:00,PAYROLL
EVT00016517,2021-09-21,EMP03134,CC0019,EC,3,Step Increment,102911.95,CAD,CAN,2021-09-22 11:00:00,CORE_HR
EVT00017053,2021-09-11,EMP02025,CC0108,PA,1,Step Increment,34912.72,GBP,GBR,2021-09-11 16:00:00,CORE_HR
EVT00016262,2021-09-25,EMP03802,CC0119,AS,2,Hire,78338.06,CAD,CA,2021-09-26 12:00:00,PAYROLL
EVT00016271,2021-09-04,EMP04630,CC0119,AS,3,Lateral Deployment,,CAD,CA,2021-09-05 14:00:00,PAYROLL
EVT00016250,2021-09-18,EMP01288,CC0019,EN,2,Performance Pay,7907.97,CAD,CAN,2021-09-19 04:00:00,CORE_HR
EVT00016735,2021-09-14,EMP02464,CC0116,PA,1,Performance Pay,7744.11,CAD,CA,2021-09-14 15:00:00,PAYROLL
EVT00017546,2021-09-19,EMP00568,CC0066,AS,3,Promotion,69490.75,CAD,CAN,2021-09-19 15:00:00,CORE_HR
EVT00017650,2021-09-08,EMP01432,CC0011,EN,2,Leave Return,,CAD,CA,2021-09-09 11:00:00,PAYROLL
EVT00016681,2021-09-01,EMP01322,CC0100,EX,2,Promotion,148669.49,CAD,CAN,2021-09-01 08:00:00,CORE_HR
EVT00016631,2021-09-03,EMP00404,CC0101,CR,2,Step Increment,43801.51,CAD,CA,2021-09-03 10:00:00,PAYROLL
EVT00017657,2021-09-20,EMP04725,CC0065,EC,3,Step Increment,9401096.74,JPY,JPN,2021-09-20 07:00:00,CORE_HR
EVT00016321,2021-09-26,EMP00956,CC0050,IT,1,Performance Pay,10911.01,CAD,CA,2021-09-27 14:00:00,PAYROLL
EVT00016816,2021-09-17,EMP03227,CC0049,EN,2,Step Increment,400564.91,BRL,BRA,2021-09-18 01:00:00,CORE_HR
EVT00017436,2021-09-11,EMP04117,CC0050,PA,4,Promotion,94913.63,CAD,CAN,2021-09-11 14:00:00,CORE_HR
EVT00017480,2021-09-11,EMP04211,CC0113,AS,2,Step Increment,66225.62,CAD,CA,2021-09-13 07:00:00,PAYROLL
EVT00017531,2021-09-05,EMP00595,CC0113,EX,1,Step Increment,129446.03,CAD,CAN,2021-09-05 10:00:00,CORE_HR
EVT00017155,2021-09-23,EMP02863,CC0071,PA,3,Step Increment,70672.88,CAD,CA,2021-09-24 14:00:00,PAYROLL
EVT00016433,2021-09-26,EMP03697,CC0006,PA,2,Step Increment,66085.11,CAD,CA,2021-09-27 00:00:00,PAYROLL
EVT00017447,2021-09-24,EMP00918,CC0060,PA,3,Step Increment,70770.13,CAD,CA,2021-09-26 05:00:00,PAYROLL
EVT00016139,2021-09-11,EMP01070,CC0023,CR,1,Performance Pay,5368.28,CAD,CAN,2021-09-11 12:00:00,CORE_HR
EVT00016447,2021-09-27,EMP00950,CC0074,AS,2,Leave Start,,GBP,GB,2021-09-27 11:00:00,PAYROLL
EVT00017412,2021-09-21,EMP03960,CC0057,PA,5,Leave Start,,CAD,CA,2021-09-22 14:00:00,PAYROLL
EVT00017619,2021-09-13,EMP03127,CC0001,AS,3,Departure,,CAD,CAN,2021-09-13 07:00:00,CORE_HR
EVT00017503,1900-01-01,EMP00031,CC0023,PA,2,Lateral Deployment,,CAD,CAN,2021-09-04 21:00:00,CORE_HR
EVT00016919,2021-09-19,EMP00495,CC0085,FI,3,Performance Pay,12832.81,CAD,CAN,2021-09-19 18:00:00,CORE_HR
EVT00016468,2021-09-23,EMP04619,CC0113,PA,1,Performance Pay,5227.47,CAD,CAN,2021-09-24 11:00:00,CORE_HR
EVT00016378,2021-09-20,EMP02157,CC0036,EC,2,Step Increment,81243.81,CAD,CA,2021-09-20 13:00:00,PAYROLL
EVT00017069,2021-09-14,EMP02814,CC0017,CR,1,Departure,,CAD,CA,2021-09-14 11:00:00,PAYROLL
EVT00015783,2021-09-02,EMP03584,CC0088,AS,1,Leave Start,,USD,USA,2021-09-03 05:00:00,CORE_HR
EVT00017071,2021-09-22,EMP00904,CC0014,EN,4,Departure,,CAD,CAN,2021-09-23 12:00:00,CORE_HR
EVT00017021,2021-09-01,EMP02516,CC0016,EX,1,Promotion,117183.3,CAD,CAN,2021-09-01 16:00:00,CORE_HR
EVT00016455,2021-09-10,EMP03974,CC0003,EN,2,Performance Pay,6262.74,CAD,CAN,2021-09-11 01:00:00,CORE_HR
EVT00017284,2021-09-02,EMP02100,CC0071,IT,3,Promotion,102282.37,CAD,CAN,2021-09-02 15:00:00,CORE_HR
EVT00016745,2021-09-19,EMP00722,CC0035,IT,1,Leave Start,,CAD,CA,2021-09-20 07:00:00,PAYROLL
EVT00016612,2021-09-17,EMP04645,CC0085,FI,1,Step Increment,72213.73,CAD,CAN,2021-09-18 01:00:00,CORE_HR
EVT00015906,2021-09-23,EMP04922,CC0055,PA,1,Hire,62670.68,CAD,CAN,2021-09-23 18:00:00,CORE_HR
EVT00016615,2021-09-06,EMP03053,CC0009,AS,2,Promotion,6102755.42,KES,KE,2021-09-06 23:00:00,PAYROLL
EVT00017578,2021-09-26,EMP02106,CC0111,EC,2,Step Increment,4657213.13,INR,IND,2021-09-26 08:00:00,CORE_HR
EVT00016595,2021-09-04,EMP00088,CC0093,IT,1,Promotion,57048.28,CAD,CAN,2021-09-05 13:00:00,CORE_HR
EVT00016910,2021-09-23,EMP03938,CC0080,PA,1,Step Increment,52804.51,SGD,SG,2021-09-23 21:00:00,PAYROLL
EVT00016775,2021-09-20,EMP04971,CC0091,IT,3,Step Increment,94755.24,CAD,CA,2021-09-21 02:00:00,PAYROLL
EVT00016485,2021-09-22,EMP04867,CC0076,CR,4,Step Increment,68017.74,CAD,CAN,2021-09-23 03:00:00,CORE_HR
EVT00015859,2021-09-06,EMP00902,CC0020,CR,4,Lateral Deployment,,CAD,CAN,2021-09-06 08:00:00,CORE_HR
EVT00017623,2021-09-02,EMP01897,CC0064,IT,2,Leave Start,,CAD,CAN,2021-09-03 12:00:00,CORE_HR
EVT00015681,2021-09-18,EMP02762,CC0032,EN,1,Leave Start,,CAD,CA,2021-09-18 23:00:00,PAYROLL
EVT00017276,2021-09-08,EMP02914,CC0052,PA,3,Step Increment,57635.43,CAD,CAN,2021-09-08 21:00:00,CORE_HR
EVT00016876,2021-09-11,EMP02646,CC0055,CR,1,Departure,,CAD,CA,2021-09-11 23:00:00,PAYROLL
EVT00016579,2021-09-04,EMP02526,CC0014,EC,1,Step Increment,78525.37,CAD,CA,2021-09-04 14:00:00,PAYROLL
EVT00015707,2021-09-04,EMP04392,CC0055,PA,5,Performance Pay,9436.04,CAD,CA,2021-09-05 02:00:00,PAYROLL
EVT00017500,2021-09-19,EMP02724,CC0066,EN,1,Hire,75033.29,CAD,CAN,2021-09-20 07:00:00,CORE_HR
EVT00016828,2021-09-01,EMP04305,CC0096,AS,1,Step Increment,50409.6,CAD,CA,2021-09-01 09:00:00,PAYROLL
EVT00017133,2021-09-09,EMP04373,CC0032,PA,1,Performance Pay,6795.68,CAD,CAN,2021-09-10 06:00:00,CORE_HR
EVT00017301,2021-09-15,EMP01070,CC0023,CR,1,Departure,,CAD,CAN,2021-09-15 07:00:00,CORE_HR
EVT00016858,2021-09-25,EMP02155,CC0114,EX,1,Lateral Deployment,,CAD,CAN,2021-09-26 13:00:00,CORE_HR
EVT00016096,2021-09-25,EMP02810,CC0062,CR,3,Performance Pay,5710.06,CAD,CAN,2021-09-26 12:00:00,CORE_HR
EVT00016165,2021-09-16,EMP00156,CC0011,IT,3,Performance Pay,6989.44,CAD,CAN,2021-09-16 12:00:00,CORE_HR
EVT00016915,2021-09-20,EMP02714,CC0105,EX,2,Lateral Deployment,,GBP,GB,2021-09-21 03:00:00,PAYROLL
EVT00015823,2021-09-24,EMP04307,CC0089,EC,4,Step Increment,100260.09,CAD,CAN,2021-09-28 12:00:00,CORE_HR
EVT00015806,2021-09-21,EMP01003,CC0013,CR,2,Leave Return,,CAD,CAN,2021-09-22 13:00:00,CORE_HR
EVT00016463,2021-09-26,EMP04986,CC0049,EN,1,Performance Pay,5944.5,GBP,GBR,2021-09-26 13:00:00,CORE_HR
EVT00017153,2021-09-07,EMP00932,CC0075,EX,1,Leave Return,,CAD,CAN,2021-09-07 12:00:00,CORE_HR
EVT00017172,2021-09-23,EMP03793,CC0049,IT,5,Hire,128801.52,AUD,AUS,2021-09-24 05:00:00,CORE_HR
EVT00015701,2021-09-18,EMP00247,CC0087,FI,3,Step Increment,96722.25,CAD,CAN,2021-09-18 08:00:00,CORE_HR
EVT00017000,2021-09-24,EMP02842,CC0039,CR,2,Leave Return,,CAD,CAN,2021-09-25 06:00:00,CORE_HR
EVT00017140,2021-09-19,EMP00726,CC0016,EN,1,Step Increment,58944.3,CAD,CA,2021-09-20 14:00:00,PAYROLL
EVT00016393,2021-09-15,EMP01932,CC0116,IT,4,Departure,,CAD,CAN,2021-09-16 01:00:00,CORE_HR
EVT00016815,2021-09-19,EMP04387,CC0033,PA,5,Step Increment,100021.66,CAD,CAN,2021-09-20 02:00:00,CORE_HR
EVT00016408,2021-09-17,EMP00903,CC0093,IT,4,Step Increment,90982.36,CAD,CAN,2021-09-17 08:00:00,CORE_HR
EVT00016788,2021-09-04,EMP03167,CC0079,PA,1,Leave Start,,CAD,CAN,2021-09-04 12:00:00,CORE_HR
EVT00017177,2021-09-18,EMP00795,CC0054,CR,3,Leave Start,,GBP,GB,2021-09-18 12:00:00,PAYROLL
EVT00016668,2021-09-05,EMP03113,CC0006,PA,2,Hire,67606.02,CAD,CAN,2021-09-05 10:00:00,CORE_HR
EVT00017459,2021-09-15,EMP01356,CC0005,AS,3,Performance Pay,5504.5,CAD,CA,2021-09-16 11:00:00,PAYROLL
EVT00016954,2021-09-22,EMP01908,CC0118,PA,1,Leave Start,,CAD,CAN,2021-09-23 03:00:00,CORE_HR
EVT00016950,2021-09-13,EMP00973,CC0022,FI,1,Performance Pay,3216.08,CAD,CAN,2021-09-13 08:00:00,CORE_HR
EVT00016759,2021-09-11,EMP01287,CC0109,EC,2,Performance Pay,11047.5,CAD,CAN,2021-09-11 16:00:00,CORE_HR
EVT00017234,2021-09-15,EMP00824,CC0001,IT,4,Performance Pay,7856.46,CAD,CAN,2021-09-16 03:00:00,CORE_HR
EVT00016026,2021-09-01,EMP02660,CC0055,FI,1,Step Increment,65636.05,CAD,CAN,2021-09-01 23:00:00,CORE_HR
EVT00016462,2021-09-17,EMP02280,CC0052,FI,2,Step Increment,84309.14,CAD,CA,2021-09-18 06:00:00,PAYROLL
EVT00016006,2021-09-06,EMP04295,CC0070,EX,2,Departure,,CAD,CAN,2021-09-07 02:00:00,CORE_HR
EVT00016854,2021-09-19,EMP01601,CC0015,PA,2,Performance Pay,2815.35,CAD,CA,2021-09-19 06:00:00,PAYROLL
EVT00016552,2021-09-25,EMP04961,CC0119,AS,3,Leave Start,,CAD,CAN,2021-09-26 08:00:00,CORE_HR
EVT00017571,2021-09-27,EMP00903,CC0093,IT,4,Lateral Deployment,,CAD,CAN,2021-09-27 18:00:00,CORE_HR
EVT00016270,2021-09-05,EMP04240,CC0003,IT,1,Performance Pay,6308.41,CAD,CAN,2021-09-05 12:00:00,CORE_HR
EVT00016171,2021-09-21,EMP00203,CC0044,AS,3,Lateral Deployment,,CAD,CA,2021-09-22 02:00:00,PAYROLL
EVT00017199,2021-09-10,EMP00860,CC0015,AS,2,Departure,,CAD,CAN,2021-09-11 14:00:00,CORE_HR
EVT00016416,2021-09-11,EMP01985,CC0032,PA,2,Performance Pay,9102.5,CAD,CAN,2021-09-12 10:00:00,CORE_HR
EVT00017614,2021-09-09,EMP00452,CC0060,PA,2,Leave Start,,CAD,CAN,2021-09-09 23:00:00,CORE_HR
EVT00017586,2021-09-26,EMP03736,CC0081,PA,4,Departure,,CAD,CA,2021-09-26 08:00:00,PAYROLL
EVT00016324,2021-09-21,EMP00238,CC0106,EC,2,Step Increment,88703.28,CAD,CAN,2021-09-21 10:00:00,CORE_HR
EVT00017154,2021-09-15,EMP01536,CC0082,EC,2,Leave Return,,CAD,CAN,2021-09-16 12:00:00,CORE_HR
EVT00017156,2021-09-14,EMP02939,CC0094,CR,5,Hire,78622.96,CAD,CAN,2021-09-14 15:00:00,CORE_HR
EVT00016946,2021-09-02,EMP01913,CC0118,FI,3,Step Increment,72153.6,CAD,CA,2021-09-02 06:00:00,PAYROLL
EVT00016071,2021-09-06,EMP00680,CC0085,FI,5,Leave Return,,CAD,CAN,2021-09-06 23:00:00,CORE_HR
EVT00017163,1900-01-01,EMP01608,CC0094,PA,5,Departure,,CAD,CAN,2021-09-06 05:00:00,CORE_HR
EVT00015802,2021-09-14,EMP00090,CC0069,AS,2,Performance Pay,3569.01,CAD,CAN,2021-09-15 08:00:00,CORE_HR
EVT00017082,2021-09-10,EMP04286,CC0028,IT,1,Leave Start,,CAD,CA,2021-09-10 17:00:00,PAYROLL
EVT00017669,2021-09-23,EMP00455,CC0117,IT,1,Step Increment,84889.53,CAD,CA,2021-09-24 12:00:00,PAYROLL
EVT00015929,2021-09-17,EMP01061,CC0033,EX,1,Lateral Deployment,,CAD,CAN,2021-09-18 15:00:00,CORE_HR
EVT00016335,2021-09-02,EMP00785,CC0111,EC,2,Step Increment,50461.97,GBP,GBR,2021-09-02 13:00:00,CORE_HR
EVT00016656,2021-09-18,EMP03116,CC0065,PA,1,Leave Return,,AED,AE,2021-09-18 18:00:00,PAYROLL
EVT00017334,2021-09-25,EMP02196,CC0101,EC,1,Step Increment,75966.44,CAD,CAN,2021-09-25 18:00:00,CORE_HR
EVT00016930,2021-09-20,EMP01138,CC0104,EC,2,Step Increment,-80460.14,CAD,CAN,2021-09-20 18:00:00,CORE_HR
EVT00017491,2021-09-02,EMP01667,CC0025,IT,3,Step Increment,109435.78,CAD,CA,2021-09-02 09:00:00,PAYROLL
EVT00017520,2021-09-19,EMP02327,CC0008,FI,5,Departure,,CAD,CA,2021-09-19 07:00:00,PAYROLL
EVT00015992,2021-09-17,EMP04303,CC0019,AS,5,Step Increment,80365.87,CAD,CAN,2021-09-17 11:00:00,CORE_HR
EVT00016486,2021-09-08,EMP02285,CC0109,CR,3,Hire,60693.56,CAD,CA,2021-09-08 12:00:00,PAYROLL
EVT00015686,2021-09-10,EMP02813,CC0005,CR,3,Step Increment,61970.37,CAD,CA,2021-09-10 08:00:00,PAYROLL
EVT00016318,2021-09-09,EMP02716,CC0026,PA,2,Leave Return,,CAD,CAN,2021-09-10 09:00:00,CORE_HR
EVT00016953,2021-09-12,EMP04604,CC0009,PA,3,Step Increment,226490.18,BRL,BRA,2021-09-12 18:00:00,CORE_HR
EVT00016710,2021-09-07,EMP01948,CC0006,CR,4,Step Increment,69115.44,CAD,CAN,2021-09-07 21:00:00,CORE_HR
EVT00016636,2021-09-09,EMP00522,CC0037,IT,4,Lateral Deployment,,CAD,CA,2021-09-10 20:00:00,PAYROLL
EVT00016931,2021-09-12,EMP04312,CC0092,EN,2,Performance Pay,6655.66,CAD,CA,2021-09-13 01:00:00,PAYROLL
EVT00016575,2021-09-11,EMP01701,CC0004,AS,1,Performance Pay,4579.83,CAD,CAN,2021-09-11 22:00:00,CORE_HR
EVT00016623,2021-09-18,EMP00085,CC0009,IT,2,Performance Pay,9570.21,SGD,SGP,2021-09-19 05:00:00,CORE_HR
EVT00016745,2021-09-19,EMP00722,CC0035,IT,1,Leave Start,,CAD,CA,2021-09-22 03:00:00,PAYROLL
EVT00017419,2021-09-03,EMP00119,CC0082,CR,2,Step Increment,59648.21,CAD,CAN,2021-09-03 17:00:00,CORE_HR
EVT00016438,2021-09-23,EMP03732,CC0108,PA,2,Hire,55619.61,USD,USA,2021-09-23 20:00:00,CORE_HR
EVT00016548,2021-09-08,EMP00798,CC0033,EN,2,Performance Pay,10162.4,CAD,CA,2021-09-09 06:00:00,PAYROLL
EVT00016380,2021-09-01,EMP04549,CC0050,IT,1,Performance Pay,4802.2,CAD,CA,2021-09-02 13:00:00,PAYROLL
EVT00016155,2021-09-04,EMP02127,CC0014,FI,3,Leave Start,,CAD,CA,2021-09-05 08:00:00,PAYROLL
EVT00016034,2021-09-26,EMP01437,CC0047,AS,3,Leave Start,,CAD,CA,2021-09-26 10:00:00,PAYROLL
EVT00016044,2021-09-13,EMP03518,CC0035,EX,1,Leave Return,,CAD,CAN,2021-09-13 11:00:00,CORE_HR
EVT00017041,2021-09-09,EMP00511,CC0036,EC,3,Step Increment,99201.63,CAD,CA,2021-09-10 14:00:00,PAYROLL
EVT00015943,2021-09-06,EMP03158,CC0019,PA,2,Step Increment,69665.23,CAD,CA,2021-09-06 14:00:00,PAYROLL
EVT00016218,2021-09-03,EMP01663,CC0018,EX,2,Departure,,CAD,CAN,2021-09-04 12:00:00,CORE_HR
EVT00015937,2021-09-12,EMP04062,CC0066,EN,3,Performance Pay,13268.41,CAD,CA,2021-09-14 03:00:00,PAYROLL
EVT00016752,2021-09-11,EMP04834,CC0093,FI,4,Lateral Deployment,,CAD,CAN,2021-09-11 23:00:00,CORE_HR
EVT00017310,2021-09-02,EMP00030,CC0114,EX,1,Performance Pay,15699.66,CAD,CAN,2021-09-02 07:00:00,CORE_HR
EVT00017479,2021-09-14,EMP01168,CC0043,FI,2,Performance Pay,11199.31,CAD,CA,2021-09-14 11:00:00,PAYROLL
EVT00017103,2021-09-21,EMP02176,CC0065,IT,1,Step Increment,42875.47,EUR,FRA,2021-09-22 10:00:00,CORE_HR
EVT00015988,2021-09-20,EMP00307,CC0080,FI,1,Lateral Deployment,,JPY,JP,2021-09-21 00:00:00,PAYROLL
EVT00016259,2021-09-24,EMP01537,CC0100,EN,1,Step Increment,82096.9,CAD,CAN,2021-09-24 10:00:00,CORE_HR
EVT00017187,2021-09-11,EMP03136,CC0031,EN,1,Step Increment,247052.59,BRL,BR,2021-09-14 07:00:00,PAYROLL
EVT00015852,2021-09-25,EMP00387,CC0052,PA,2,Departure,,CAD,CAN,2021-09-26 14:00:00,CORE_HR
EVT00017148,2021-09-02,EMP04152,CC0004,FI,4,Performance Pay,11696.13,CAD,CA,2021-09-02 18:00:00,PAYROLL
EVT00017366,2021-09-20,EMP02308,CC0071,EC,4,Promotion,82398.86,CAD,CA,2021-09-20 18:00:00,PAYROLL
EVT00017660,2021-09-02,EMP04123,CC0017,PA,5,Lateral Deployment,,CAD,CA,2021-09-02 16:00:00,PAYROLL
EVT00016439,2021-09-24,EMP03023,CC0052,IT,2,Hire,85284.22,CAD,CAN,2021-09-25 13:00:00,CORE_HR
EVT00016560,2021-09-07,EMP01293,CC0079,PA,1,Promotion,55876.88,CAD,CAN,2021-09-08 08:00:00,CORE_HR
EVT00015861,2021-09-26,EMP04518,CC0108,PA,3,Performance Pay,7383.62,EUR,FRA,2021-09-27 05:00:00,CORE_HR
EVT00017084,2021-09-09,EMP02355,CC0090,FI,2,Hire,87028.2,CAD,CAN,2021-09-10 13:00:00,CORE_HR
EVT00017362,2021-09-27,EMP04135,CC0029,EC,3,Step Increment,364646.66,BRL,BRA,2021-09-27 06:00:00,CORE_HR
EVT00017452,2021-09-12,EMP03904,CC0039,IT,3,Step Increment,98657.47,CAD,CAN,2021-09-12 11:00:00,CORE_HR
EVT00016617,2021-09-15,EMP04803,CC0060,PA,1,Step Increment,64290.61,CAD,CAN,2021-09-15 12:00:00,CORE_HR
EVT00017573,2021-09-02,EMP04820,CC0068,IT,2,Step Increment,95236.44,CAD,CA,2021-09-03 12:00:00,PAYROLL
EVT00017129,2021-09-04,EMP00068,CC0012,IT,4,Step Increment,111452.99,CAD,CAN,2021-09-05 15:00:00,CORE_HR
EVT00017469,2021-09-21,EMP04941,CC0051,IT,2,Lateral Deployment,,CAD,CAN,2021-09-21 14:00:00,CORE_HR
EVT00017367,2021-09-06,EMP02670,CC0091,EN,4,Step Increment,123886.66,CAD,CA,2021-09-06 06:00:00,PAYROLL
EVT00015946,2021-09-16,EMP01586,CC0111,EN,1,Leave Return,,INR,IN,2021-09-17 09:00:00,PAYROLL
EVT00016580,2021-09-11,EMP01173,CC0061,FI,3,Leave Start,,CAD,CAN,2021-09-11 14:00:00,CORE_HR
EVT00017338,2021-09-16,EMP02584,CC0037,EX,2,Performance Pay,9958.23,CAD,CA,2021-09-17 13:00:00,PAYROLL
EVT00016440,2021-09-09,EMP04069,CC0057,EC,1,Step Increment,52805.04,CAD,CA,2021-09-10 13:00:00,PAYROLL
EVT00017383,2021-09-17,EMP01438,CC0111,CR,3,Step Increment,766979.43,MXN,MEX,2021-09-17 21:00:00,CORE_HR
EVT00017496,2021-09-13,EMP03153,CC0106,EN,2,Step Increment,101289.61,CAD,CAN,2021-09-13 12:00:00,CORE_HR
EVT00017252,2021-09-23,EMP04715,CC0115,AS,4,Step Increment,72610.17,CAD,CA,2021-09-24 00:00:00,PAYROLL
EVT00017559,2021-09-10,EMP04059,CC0118,FI,1,Lateral Deployment,,CAD,CAN,2021-09-11 10:00:00,CORE_HR
EVT00016480,2021-09-02,EMP02340,CC0105,EX,3,Leave Start,,AUD,AUS,2021-09-03 14:00:00,CORE_HR
EVT00016407,2021-09-05,EMP00910,CC0098,FI,3,Step Increment,98128.28,CAD,CAN,2021-09-05 10:00:00,CORE_HR
EVT00016518,2021-09-19,EMP00447,CC0047,PA,3,Performance Pay,8446.24,CAD,CA,2021-09-20 11:00:00,PAYROLL
EVT00016974,2021-09-24,EMP00820,CC0069,PA,3,Step Increment,83756.48,CAD,CA,2021-09-24 07:00:00,PAYROLL
EVT00017589,2021-09-04,EMP00648,CC0115,EN,1,Leave Return,,CAD,CAN,2021-09-05 06:00:00,CORE_HR
EVT00017394,2021-09-13,EMP02821,CC0083,EX,1,Step Increment,126278.9,CAD,CA,2021-09-13 11:00:00,PAYROLL
EVT00017506,2021-09-17,EMP02209,CC0022,EX,1,Promotion,152897.39,CAD,CA,2021-09-18 14:00:00,PAYROLL
EVT00016985,2021-09-20,EMP03355,CC0087,FI,3,Step Increment,94922.59,CAD,CAN,2021-09-21 08:00:00,CORE_HR
EVT00016834,2021-09-21,EMP03568,CC0077,PA,5,Performance Pay,5940.73,CAD,CAN,2021-09-21 16:00:00,CORE_HR
EVT00016563,2021-09-14,EMP04480,CC0092,PA,3,Departure,,CAD,CAN,2021-09-15 00:00:00,CORE_HR
EVT00016789,2021-09-23,EMP04289,CC0026,AS,1,Step Increment,59163.59,CAD,CAN,2021-09-23 14:00:00,CORE_HR
EVT00017244,2021-09-17,EMP00963,CC0101,EC,2,Step Increment,61843.8,CAD,CAN,2021-09-18 07:00:00,CORE_HR
EVT00016135,2021-09-01,EMP02928,CC0056,AS,4,Departure,,CAD,CAN,2021-09-01 13:00:00,CORE_HR
EVT00017347,2021-09-04,EMP01346,CC0093,IT,5,Promotion,141228.3,CAD,CA,2021-09-04 23:00:00,PAYROLL
EVT00017218,2021-09-05,EMP03290,CC0035,FI,3,Hire,84524.74,CAD,CAN,2021-09-05 07:00:00,CORE_HR
EVT00016660,2021-09-26,EMP03293,CC0048,FI,3,Leave Return,,CAD,CA,2021-09-26 14:00:00,PAYROLL
EVT00017521,2021-09-06,EMP02108,CC0002,FI,1,Leave Start,,CAD,CAN,2021-09-06 08:00:00,CORE_HR
EVT00016733,2021-09-11,EMP04464,CC0015,PA,4,Step Increment,79775.49,CAD,CAN,2021-09-11 13:00:00,CORE_HR
EVT00017119,2021-09-11,EMP00338,CC0040,CR,3,Performance Pay,4618.24,CAD,CAN,2021-09-12 01:00:00,CORE_HR
EVT00017233,2021-09-02,EMP03680,CC0025,PA,1,Performance Pay,5028.41,CAD,CAN,2021-09-04 16:00:00,CORE_HR
EVT00016836,2021-09-26,EMP03956,CC0042,CR,1,Leave Return,,CAD,CAN,2021-09-27 09:00:00,CORE_HR
EVT00016257,2021-09-03,EMP03583,CC0011,FI,3,Leave Return,,CAD,CAN,2021-09-03 22:00:00,CORE_HR
EVT00017188,2021-09-18,EMP03695,CC0099,FI,3,Step Increment,95752.09,CAD,CA,2021-09-19 10:00:00,PAYROLL
EVT00016128,2021-09-25,EMP02998,CC0110,CR,4,Hire,62361.37,CAD,CA,2021-09-26 04:00:00,PAYROLL
EVT00017033,2021-09-18,EMP01527,CC0066,PA,1,Step Increment,56177.98,CAD,CAN,2021-09-19 12:00:00,CORE_HR
EVT00016062,2021-09-17,EMP01486,CC0076,IT,1,Leave Start,,CAD,CAN,2021-09-18 10:00:00,CORE_HR
EVT00016845,2021-09-03,EMP01873,CC0012,IT,3,Performance Pay,10535.83,CAD,CA,2021-09-03 08:00:00,PAYROLL
EVT00016496,2021-09-18,EMP00922,CC0067,PA,1,Performance Pay,4695.78,CAD,CAN,2021-09-19 09:00:00,CORE_HR
EVT00017581,2021-09-04,EMP02072,CC0090,PA,2,Leave Start,,CAD,CAN,2021-09-04 17:00:00,CORE_HR
EVT00016641,2021-09-16,EMP02075,CC0113,EN,5,Lateral Deployment,,CAD,CAN,2021-09-16 15:00:00,CORE_HR
EVT00016162,2021-09-08,EMP03239,CC0033,EN,1,Leave Return,,CAD,CA,2021-09-09 09:00:00,PAYROLL
EVT00016010,2021-09-02,EMP01208,CC0032,AS,3,Step Increment,62251.8,CAD,CA,2021-09-03 06:00:00,PAYROLL
EVT00015722,2021-09-06,EMP02443,CC0105,PA,3,Leave Return,,EUR,FRA,2021-09-06 08:00:00,CORE_HR
EVT00016401,2021-09-06,EMP00781,CC0036,EN,4,Hire,128797.43,CAD,CA,2021-09-07 09:00:00,PAYROLL
EVT00016949,2021-09-17,EMP01791,CC0045,PA,2,Step Increment,52933.93,CAD,CAN,2021-09-18 08:00:00,CORE_HR
EVT00016616,2021-09-07,EMP02076,CC0034,PA,1,Leave Start,,CAD,CA,2021-09-07 21:00:00,PAYROLL
EVT00015682,2021-09-11,EMP03626,CC0055,IT,2,Leave Return,,CAD,CA,2021-09-12 14:00:00,PAYROLL
EVT00015713,2021-09-09,EMP04920,CC0086,PA,2,Step Increment,4031117.32,INR,IN,2021-09-10 11:00:00,PAYROLL
EVT00017499,2021-09-14,EMP02332,CC0117,IT,2,Leave Start,,CAD,CAN,2021-09-14 17:00:00,CORE_HR
EVT00015927,2021-09-15,EMP00328,CC0022,IT,2,Step Increment,115579.55,CAD,CAN,2021-09-16 12:00:00,CORE_HR
EVT00015935,2021-09-11,EMP02285,CC0109,CR,3,Departure,,CAD,CAN,2021-09-12 13:00:00,CORE_HR
EVT00016379,2021-09-20,EMP01589,CC0067,AS,1,Departure,,CAD,CA,2021-09-20 08:00:00,PAYROLL
EVT00015916,2021-09-17,EMP00639,CC0065,FI,1,Performance Pay,47705.05,MXN,MX,2021-09-17 14:00:00,PAYROLL
EVT00016544,2021-09-04,EMP01855,CC0092,PA,3,Lateral Deployment,,CAD,CAN,2021-09-05 00:00:00,CORE_HR
EVT00017165,2021-09-02,EMP01076,CC0102,IT,1,Step Increment,78842.48,CAD,CA,2021-09-02 06:00:00,PAYROLL
EVT00016780,2021-09-23,EMP01829,CC0117,PA,5,Leave Return,,CAD,CAN,2021-09-24 15:00:00,CORE_HR
EVT00017457,2021-09-18,EMP04316,CC0049,PA,2,Step Increment,9610812.59,JPY,JPN,2021-09-18 12:00:00,CORE_HR
EVT00016122,2021-09-09,EMP02682,CC0018,EN,1,Leave Start,,CAD,CA,2021-09-09 08:00:00,PAYROLL
EVT00016231,2021-09-19,EMP01816,CC0035,EX,1,Step Increment,131517.21,CAD,CA,2021-09-19 10:00:00,PAYROLL
EVT00016119,2021-09-23,EMP02190,CC0080,PA,4,Performance Pay,6941.83,GBP,GBR,2021-09-24 15:00:00,CORE_HR
EVT00016951,2021-09-11,EMP00312,CC0090,CR,3,Promotion,59054.65,CAD,CA,2021-09-12 05:00:00,PAYROLL
EVT00015926,2021-09-14,EMP01701,CC0004,AS,1,Leave Start,,CAD,CAN,2021-09-14 21:00:00,CORE_HR
EVT00015690,2021-09-27,EMP02858,CC0011,FI,3,Lateral Deployment,,CAD,CAN,2021-09-28 05:00:00,CORE_HR
EVT00016312,2021-09-15,EMP03274,CC0098,AS,1,Leave Start,,CAD,CAN,2021-09-16 04:00:00,CORE_HR
EVT00017078,2021-09-05,EMP03216,CC0110,AS,3,Step Increment,70007.91,CAD,CA,2021-09-05 14:00:00,PAYROLL
EVT00016464,2021-09-06,EMP02935,CC0051,EC,2,Hire,81725.36,CAD,CA,2021-09-07 09:00:00,PAYROLL
EVT00017460,2021-09-01,EMP02149,CC0016,EC,1,Lateral Deployment,,CAD,CAN,2021-09-02 14:00:00,CORE_HR
EVT00016514,2021-09-07,EMP02726,CC0041,PA,2,Step Increment,65261.71,CAD,CAN,2021-09-08 05:00:00,CORE_HR
EVT00017235,2021-09-10,EMP02437,CC0024,EC,4,Step Increment,86131.63,CAD,CAN,2021-09-11 02:00:00,CORE_HR
EVT00015869,2021-09-21,EMP03717,CC0005,PA,4,Step Increment,93959.71,CAD,CA,2021-09-21 12:00:00,PAYROLL
EVT00017550,2021-09-11,EMP04477,CC0039,EN,2,Step Increment,102075.82,CAD,CAN,2021-09-12 14:00:00,CORE_HR
EVT00017612,2021-09-07,EMP01571,CC0113,EX,1,Hire,126787.78,CAD,CAN,2021-09-07 14:00:00,CORE_HR
EVT00016143,2021-09-24,EMP04002,CC0028,FI,1,Lateral Deployment,,CAD,CAN,2021-09-24 06:00:00,CORE_HR
EVT00016967,2021-09-24,EMP04014,CC0104,IT,4,Performance Pay,8018.8,CAD,CAN,2021-09-25 06:00:00,CORE_HR
EVT00015816,2021-09-01,EMP02860,CC0051,AS,2,Performance Pay,6483.26,CAD,CA,2021-09-02 06:00:00,PAYROLL
EVT00017384,2021-09-20,EMP03257,CC0109,EC,1,Leave Return,,CAD,CA,2021-09-21 09:00:00,PAYROLL
EVT00016008,2021-09-07,EMP01107,CC0047,AS,5,Step Increment,87828.34,CAD,CA,2021-09-08 11:00:00,PAYROLL
EVT00017122,2021-09-25,EMP02352,CC0053,AS,3,Leave Start,,CAD,CAN,2021-09-26 12:00:00,CORE_HR
EVT00016166,2021-09-24,EMP03813,CC0107,FI,3,Leave Return,,CAD,CAN,2021-09-24 09:00:00,CORE_HR
EVT00015847,2021-09-01,EMP00357,CC0008,EC,3,Promotion,88360.98,CAD,CAN,2021-09-02 02:00:00,CORE_HR
EVT00016237,2021-09-13,EMP02148,CC0066,EX,2,Leave Start,,XXX,CA,2021-09-13 14:00:00,PAYROLL
EVT00017379,2021-09-15,EMP04063,CC0076,CR,1,Step Increment,54981.32,CAD,CAN,2021-09-15 21:00:00,CORE_HR
EVT00017632,2021-09-25,EMP03583,CC0011,FI,3,Performance Pay,8829.31,CAD,CAN,2021-09-26 12:00:00,CORE_HR
EVT00015818,2021-09-05,EMP04725,CC0065,EC,3,Lateral Deployment,,EUR,FR,2021-09-06 13:00:00,PAYROLL
EVT00015928,2021-09-02,EMP01051,CC0005,EX,1,Lateral Deployment,,CAD,CAN,2021-09-02 12:00:00,CORE_HR
EVT00015951,2021-09-16,EMP01383,CC0114,CR,2,Departure,,CAD,CA,2021-09-16 15:00:00,PAYROLL
EVT00017070,2021-09-26,EMP02763,CC0102,PA,4,Leave Return,,CAD,CAN,2021-09-26 16:00:00,CORE_HR
EVT00017273,2021-09-23,EMP04266,CC0057,FI,4,Step Increment,104581.16,CAD,CAN,2021-09-23 08:00:00,CORE_HR
EVT00017066,2021-09-01,EMP01825,CC0098,EN,1,Leave Return,,CAD,CAN,2021-09-02 09:00:00,CORE_HR
EVT00017422,2021-09-24,EMP00571,CC0042,CR,1,Leave Start,,CAD,CAN,2021-09-24 07:00:00,CORE_HR
EVT00016150,2021-09-21,EMP02333,CC0109,PA,5,Departure,,CAD,CAN,2021-09-22 14:00:00,CORE_HR
EVT00016305,2021-09-04,EMP03552,CC0119,AS,2,Leave Return,,CAD,CA,2021-09-04 07:00:00,PAYROLL
EVT00016704,2021-09-23,EMP01843,CC0087,EN,1,Leave Start,,CAD,CA,2021-09-23 14:00:00,PAYROLL
EVT00016266,2021-09-03,EMP01158,CC0021,EX,1,Performance Pay,5588.35,CAD,CAN,2021-09-06 02:00:00,CORE_HR
EVT00017137,2021-09-12,EMP02199,CC0045,AS,2,Step Increment,60956.62,CAD,CAN,2021-09-13 07:00:00,CORE_HR
EVT00016933,2021-09-26,EMP02516,CC0016,EX,1,Step Increment,132680.23,CAD,CA,2021-09-26 08:00:00,PAYROLL
EVT00017017,2021-09-19,EMP03597,CC0029,CR,2,Performance Pay,33769.34,MXN,MX,2021-09-19 18:00:00,PAYROLL
EVT00017677,2021-09-06,EMP04189,CC0004,PA,1,Performance Pay,7815.2,CAD,CA,2021-09-06 20:00:00,PAYROLL
EVT00015751,2021-09-20,EMP00257,CC0065,IT,3,Step Increment,75443.53,EUR,FR,2021-09-21 01:00:00,PAYROLL
EVT00016720,2021-09-01,EMP01388,CC0053,PA,3,Promotion,75014.47,CAD,CAN,2021-09-02 08:00:00,CORE_HR
EVT00016352,2021-09-01,EMP02214,CC0020,EN,3,Leave Start,,CAD,CAN,2021-09-02 03:00:00,CORE_HR
EVT00017198,2021-09-14,EMP04339,CC0114,PA,4,Leave Return,,CAD,CAN,2021-09-15 00:00:00,CORE_HR
EVT00017328,2021-09-08,EMP03373,CC0044,IT,2,Departure,,CAD,CA,2021-09-08 12:00:00,PAYROLL
EVT00017237,2021-09-06,EMP03231,CC0030,PA,3,Performance Pay,639622.56,INR,IND,2021-09-06 19:00:00,CORE_HR
EVT00016454,2021-09-23,EMP01064,CC0026,FI,1,Lateral Deployment,,CAD,CAN,2021-09-24 11:00:00,CORE_HR
EVT00016524,2021-09-09,EMP02335,CC0004,CR,3,Promotion,64065.47,CAD,CAN,2021-09-10 05:00:00,CORE_HR
EVT00016016,2021-09-22,EMP01479,CC0114,IT,1,Performance Pay,6652.52,CAD,CAN,2021-09-22 20:00:00,CORE_HR
EVT00016686,2021-09-10,EMP01441,CC0071,IT,3,Leave Return,,CAD,CA,2021-09-11 02:00:00,PAYROLL
EVT00016844,2021-09-03,EMP02339,CC0001,IT,1,Performance Pay,9517.67,CAD,CAN,2021-09-03 09:00:00,CORE_HR
EVT00017461,2021-09-23,EMP04439,CC0091,PA,2,Step Increment,50988.1,CAD,CA,2021-09-23 18:00:00,PAYROLL
EVT00017302,2021-09-01,EMP00786,CC0073,FI,3,Lateral Deployment,,CAD,CA,2021-09-02 11:00:00,PAYROLL
EVT00016757,2021-09-08,EMP04039,CC0003,PA,4,Step Increment,110552.89,CAD,CA,2021-09-09 03:00:00,PAYROLL
EVT00017051,2021-09-24,EMP01026,CC0072,FI,1,Leave Start,,CAD,CAN,2021-09-24 08:00:00,CORE_HR
EVT00015966,2021-09-25,EMP02803,CC0088,FI,1,Leave Start,,INR,IN,2021-09-26 07:00:00,PAYROLL
EVT00016721,2021-09-09,EMP04708,CC0058,PA,2,Promotion,70546.54,CAD,CAN,2021-09-09 21:00:00,CORE_HR
EVT00016719,2021-09-23,EMP01096,CC0085,PA,5,Leave Start,,CAD,CA,2021-09-24 06:00:00,PAYROLL
EVT00016784,2021-09-20,EMP04094,CC0062,FI,1,Leave Return,,CAD,CAN,2021-09-20 14:00:00,CORE_HR
EVT00017131,2021-09-25,EMP00676,CC0116,CR,2,Leave Start,,CAD,CA,2021-09-25 20:00:00,PAYROLL
EVT00016747,2021-09-06,EMP02085,CC0081,AS,3,Performance Pay,7432.29,CAD,CA,2021-09-06 23:00:00,PAYROLL
EVT00016170,2021-09-17,EMP04059,CC0118,FI,1,Step Increment,63397.18,CAD,CAN,2021-09-17 16:00:00,CORE_HR
EVT00016510,2021-09-13,EMP02927,CC0100,FI,2,Leave Start,,CAD,CA,2021-09-14 01:00:00,PAYROLL
EVT00017655,2021-09-20,EMP04936,CC0041,PA,2,Step Increment,53373.52,CAD,CAN,2021-09-21 05:00:00,CORE_HR
EVT00016636,2021-09-09,EMP00522,CC0037,IT,4,Lateral Deployment,,CAD,CA,2021-09-09 20:00:00,PAYROLL
EVT00016422,2021-09-09,EMP02587,CC0092,FI,1,Step Increment,72727.89,CAD,CAN,2021-09-10 04:00:00,CORE_HR
EVT00017147,2021-09-09,EMP04885,CC0027,IT,1,Leave Start,,CAD,CAN,2021-09-10 08:00:00,CORE_HR
EVT00015986,2021-09-06,EMP03145,CC0028,EC,1,Step Increment,77003.14,CAD,CAN,2021-09-06 20:00:00,CORE_HR
EVT00016033,2021-09-08,EMP00061,CC0068,PA,4,Step Increment,81992.66,CAD,CAN,2021-09-08 15:00:00,CORE_HR
EVT00017250,2021-09-14,EMP04055,CC0007,AS,1,Leave Start,,AUD,AUS,2021-09-15 14:00:00,CORE_HR
EVT00016674,2021-09-07,EMP01992,CC0067,FI,2,Leave Start,,CAD,CAN,2021-09-07 15:00:00,CORE_HR
EVT00016649,2021-09-09,EMP00651,CC0117,EX,2,Leave Return,,CAD,CAN,2021-09-10 00:00:00,CORE_HR
EVT00016226,2021-09-16,EMP03086,CC0058,AS,5,Promotion,81356.28,CAD,CA,2021-09-16 12:00:00,PAYROLL
EVT00016914,2021-09-02,EMP04197,CC0118,FI,2,Step Increment,60346.5,CAD,CAN,2021-09-03 07:00:00,CORE_HR
EVT00017405,2021-09-12,EMP00424,CC0120,EX,1,Performance Pay,6890.63,CAD,CAN,2021-09-13 10:00:00,CORE_HR
EVT00017497,2021-09-19,EMP00213,CC0087,PA,2,Promotion,67069.32,CAD,CA,2021-09-19 16:00:00,PAYROLL
EVT00017585,2021-09-21,EMP01978,CC0042,PA,2,Performance Pay,3524.3,CAD,CAN,2021-09-21 14:00:00,CORE_HR
EVT00015890,2021-09-12,EMP04471,CC0079,PA,3,Step Increment,91269.85,CAD,CA,2021-09-13 11:00:00,PAYROLL
EVT00017517,2021-09-20,EMP01642,CC0011,PA,2,Hire,62848.73,CAD,CA,2021-09-20 18:00:00,PAYROLL
EVT00016804,2021-09-12,EMP00972,CC0044,EN,1,Lateral Deployment,,CAD,CAN,2021-09-13 01:00:00,CORE_HR
EVT00017396,2021-09-25,EMP01436,CC0019,EX,1,Leave Start,,CAD,CAN,2021-09-26 10:00:00,CORE_HR
EVT00016104,2021-09-07,EMP02844,CC0004,EC,4,Lateral Deployment,,CAD,CA,2021-09-08 06:00:00,PAYROLL
EVT00016805,2021-09-19,EMP04375,CC0099,FI,1,Performance Pay,9342.02,CAD,CAN,2021-09-20 02:00:00,CORE_HR
EVT00016624,2021-09-05,EMP02426,CC0059,IT,1,Step Increment,84399.05,CAD,CA,2021-09-06 11:00:00,PAYROLL
EVT00015933,2021-09-20,EMP01571,CC0113,EX,1,Leave Return,,CAD,CA,2021-09-21 01:00:00,PAYROLL
EVT00015886,2021-09-10,EMP02356,CC0091,PA,2,Step Increment,78635.79,CAD,CAN,2021-09-11 15:00:00,CORE_HR
EVT00016646,2021-09-10,EMP00190,CC0103,EN,1,Step Increment,74793.47,CAD,CAN,2021-09-10 08:00:00,CORE_HR
EVT00016832,2021-09-13,EMP04631,CC0083,AS,4,Lateral Deployment,,CAD,CA,2021-09-14 04:00:00,PAYROLL
EVT00017315,2021-09-24,EMP03443,CC0068,IT,1,Step Increment,73363.62,CAD,CA,2021-09-24 20:00:00,PAYROLL
EVT00017329,2021-09-27,EMP04941,CC0051,IT,2,Step Increment,95057.74,CAD,CA,2021-09-29 19:00:00,PAYROLL
EVT00015720,2021-09-02,EMP00014,CC0012,PA,2,Step Increment,74527.38,CAD,CA,2021-09-03 14:00:00,PAYROLL
EVT00016390,2021-09-21,EMP04010,CC0004,EX,1,Step Increment,120431.74,CAD,CA,2021-09-21 08:00:00,PAYROLL
EVT00017514,2021-09-14,EMP01397,CC0044,FI,3,Step Increment,96662.54,CAD,CA,2021-09-15 08:00:00,PAYROLL
EVT00017227,2021-09-01,EMP04269,CC0020,CR,2,Step Increment,53731.73,CAD,CAN,2021-09-02 15:00:00,CORE_HR
EVT00016470,2021-09-20,EMP02548,CC0117,AS,4,Step Increment,80719.64,CAD,CAN,2021-09-20 09:00:00,CORE_HR
EVT00016223,2021-09-24,EMP00049,CC0055,FI,2,Step Increment,64413.25,CAD,CAN,2021-09-25 15:00:00,CORE_HR
EVT00016491,2021-09-18,EMP02405,CC0065,AS,2,Step Increment,166619.16,AED,AE,2021-09-18 12:00:00,PAYROLL
EVT00016134,2021-09-09,EMP02421,CC0089,CR,2,Step Increment,50807.53,CAD,CAN,2021-09-10 12:00:00,CORE_HR
EVT00016823,2021-09-20,EMP01495,CC0055,IT,1,Lateral Deployment,,CAD,CAN,2021-09-20 08:00:00,CORE_HR
EVT00017446,2021-09-06,EMP00828,CC0039,EC,2,Step Increment,83863.64,CAD,CAN,2021-09-06 20:00:00,CORE_HR
EVT00017645,2021-09-23,EMP00754,CC0079,EX,1,Lateral Deployment,,CAD,CAN,2021-09-24 05:00:00,CORE_HR
EVT00017532,2021-09-06,EMP03130,CC0012,EC,3,Leave Return,,CAD,CAN,2021-09-06 12:00:00,CORE_HR
EVT00016667,2021-09-21,EMP02252,CC0077,EN,4,Step Increment,114471.2,CAD,CA,2021-09-21 16:00:00,PAYROLL
EVT00017344,2021-09-26,EMP00283,CC0013,EC,3,Performance Pay,4178.09,CAD,CA,2021-09-26 21:00:00,PAYROLL
EVT00016632,2021-09-06,EMP02029,CC0103,IT,1,Step Increment,70350.99,CAD,CAN,2021-09-06 11:00:00,CORE_HR
EVT00016679,2021-09-14,EMP00870,CC0020,IT,4,Leave Start,,CAD,CAN,2021-09-15 07:00:00,CORE_HR
EVT00016244,2021-09-03,EMP01003,CC0013,CR,2,Leave Start,,CAD,CA,2021-09-03 12:00:00,PAYROLL
EVT00017597,2021-09-09,EMP04245,CC0120,EC,4,Leave Return,,CAD,CAN,2021-09-10 00:00:00,CORE_HR
EVT00016077,2021-09-08,EMP02229,CC0013,CR,1,Departure,,CAD,CAN,2021-09-08 17:00:00,CORE_HR
EVT00017281,2021-09-24,EMP00395,CC0082,CR,1,Leave Start,,CAD,CAN,2021-09-24 08:00:00,CORE_HR
EVT00016717,2021-09-05,EMP03651,CC0025,FI,4,Lateral Deployment,,CAD,CAN,2021-09-06 08:00:00,CORE_HR
EVT00017286,2021-09-02,EMP02127,CC0014,FI,3,Leave Return,,CAD,CA,2021-09-03 00:00:00,PAYROLL
EVT00017230,2021-09-26,EMP03304,CC0085,IT,2,Leave Return,,CAD,CAN,2021-09-27 13:00:00,CORE_HR
EVT00015912,2021-09-17,EMP02560,CC0046,PA,2,Leave Start,,GBP,GB,2021-09-18 01:00:00,PAYROLL
EVT00015960,2021-09-05,EMP04803,CC0060,PA,1,Promotion,72488.61,CAD,CAN,2021-09-06 12:00:00,CORE_HR
EVT00015786,2021-09-14,EMP01202,CC0061,CR,2,Leave Return,,XXX,CA,2021-09-15 10:00:00,PAYROLL
EVT00017364,2021-09-02,EMP01164,CC0119,AS,1,Lateral Deployment,,CAD,CAN,2021-09-02 20:00:00,CORE_HR
EVT00016181,2021-09-20,EMP04364,CC0016,FI,2,Step Increment,82290.48,CAD,CAN,2021-09-20 15:00:00,CORE_HR
EVT00017054,2021-09-23,EMP00655,CC0068,FI,1,Step Increment,67154.66,CAD,CA,2021-09-24 01:00:00,PAYROLL
EVT00016289,2021-09-08,EMP01464,CC0036,EX,1,Hire,122559.22,CAD,CAN,2021-09-08 06:00:00,CORE_HR
EVT00017052,2021-09-10,EMP01048,CC0106,AS,2,Lateral Deployment,,CAD,CA,2021-09-11 11:00:00,PAYROLL
EVT00016603,2021-09-12,EMP03812,CC0113,EX,1,Step Increment,120814.65,CAD,CAN,2021-09-12 18:00:00,CORE_HR
EVT00017355,2021-09-11,EMP03606,CC0001,EN,1,Step Increment,76585.3,CAD,CA,2021-09-11 09:00:00,PAYROLL
EVT00015924,2021-09-18,EMP02883,CC0082,EX,1,Leave Return,,CAD,CAN,2021-09-19 09:00:00,CORE_HR
EVT00017707,2021-09-04,EMP03368,CC0050,CR,3,Hire,52003.37,CAD,CAN,2021-09-05 05:00:00,CORE_HR
EVT00016984,2021-09-05,EMP04997,CC0033,FI,3,Performance Pay,7050.46,CAD,CAN,2021-09-06 11:00:00,CORE_HR
EVT00016699,2021-09-05,EMP01807,CC0105,CR,3,Hire,6966618.18,KES,KEN,2021-09-06 07:00:00,CORE_HR
EVT00016298,2021-09-10,EMP04709,CC0072,EX,2,Leave Start,,CAD,CAN,2021-09-10 08:00:00,CORE_HR
EVT00015712,2021-09-11,EMP00904,CC0014,EN,4,Step Increment,94220.85,CAD,CA,2021-09-12 06:00:00,PAYROLL
EVT00017038,2021-09-14,EMP00474,CC0081,PA,2,Leave Return,,CAD,CAN,2021-09-15 03:00:00,CORE_HR
EVT00016968,2021-09-09,EMP02681,CC0079,FI,2,Leave Start,,CAD,CAN,2021-09-09 16:00:00,CORE_HR
EVT00017668,2021-09-08,EMP01688,CC0080,CR,1,Leave Start,,EUR,DEU,2021-09-09 06:00:00,CORE_HR
EVT00016929,2021-09-25,EMP00185,CC0111,IT,2,Performance Pay,81548.46,MXN,MEX,2021-09-26 14:00:00,CORE_HR
EVT00017376,2021-09-22,EMP03989,CC0041,FI,3,Performance Pay,8397.7,CAD,CA,2021-09-23 02:00:00,PAYROLL
EVT00016638,2021-09-11,EMP02098,CC0114,EC,3,Promotion,97079.76,CAD,CAN,2021-09-12 13:00:00,CORE_HR
EVT00015955,2021-09-19,EMP03125,CC0083,IT,2,Step Increment,86855.65,CAD,CAN,2021-09-20 01:00:00,CORE_HR
EVT00016715,2021-09-01,EMP04235,CC0006,IT,1,Step Increment,78855.44,CAD,CA,2021-09-01 12:00:00,PAYROLL
EVT00016108,2021-09-16,EMP01587,CC0104,PA,3,Performance Pay,10525.05,CAD,CA,2021-09-17 08:00:00,PAYROLL
EVT00016777,2021-09-14,EMP00942,CC0062,PA,2,Leave Return,,CAD,CAN,2021-09-14 22:00:00,CORE_HR
EVT00015709,2021-09-22,EMP02469,CC0096,CR,5,Step Increment,76520.37,CAD,CAN,2021-09-23 15:00:00,CORE_HR
EVT00015767,2021-09-10,EMP00868,CC0067,CR,3,Step Increment,50618.07,CAD,CA,2021-09-10 14:00:00,PAYROLL
EVT00017231,2021-09-16,EMP00676,CC0116,CR,2,Step Increment,61442.29,CAD,CAN,2021-09-17 12:00:00,CORE_HR
EVT00016487,2021-09-11,EMP00536,CC0010,AS,2,Step Increment,62104.51,CAD,CAN,2021-09-11 20:00:00,CORE_HR
EVT00015997,2021-09-08,EMP02022,CC0071,PA,1,Leave Return,,CAD,CA,2021-09-09 15:00:00,PAYROLL
EVT00016383,2021-09-21,EMP03160,CC0048,IT,1,Step Increment,74816.86,CAD,CAN,2021-09-21 10:00:00,CORE_HR
EVT00017182,2021-09-07,EMP00529,CC0087,FI,4,Promotion,112320.5,CAD,CAN,2021-09-08 07:00:00,CORE_HR
EVT00017222,2021-09-27,EMP03737,CC0089,CR,1,Leave Return,,CAD,CA,2021-09-27 08:00:00,PAYROLL
EVT00016046,2021-09-26,EMP04323,CC0091,EN,5,Performance Pay,14439.35,CAD,CAN,2021-09-26 14:00:00,CORE_HR
EVT00015752,2021-09-20,EMP02869,CC0045,FI,5,Hire,111395.43,CAD,CAN,2021-09-20 13:00:00,CORE_HR
EVT00015745,2021-09-22,EMP00662,CC0063,EN,2,Lateral Deployment,,CAD,CA,2021-09-23 06:00:00,PAYROLL
EVT00016521,2021-09-26,EMP03980,CC0012,EC,2,Step Increment,86899.98,CAD,CAN,2021-09-26 16:00:00,CORE_HR
EVT00015688,2021-09-12,EMP00511,CC0036,EC,3,Step Increment,86874.66,CAD,CA,2021-09-13 13:00:00,PAYROLL
EVT00015941,2021-09-20,EMP00044,CC0011,CR,3,Lateral Deployment,,CAD,CA,2021-09-21 03:00:00,PAYROLL
EVT00017144,2021-09-02,EMP04717,CC0101,EN,1,Departure,,CAD,CAN,2021-09-02 23:00:00,CORE_HR
EVT00015748,2021-09-20,EMP01312,CC0028,EN,4,Leave Start,,CAD,CAN,2021-09-20 14:00:00,CORE_HR
EVT00016425,2021-09-19,EMP00682,CC0081,IT,3,Departure,,CAD,CAN,2021-09-19 06:00:00,CORE_HR
EVT00017324,2021-09-18,EMP02655,CC0107,CR,3,Promotion,53482.95,CAD,CA,2021-09-18 12:00:00,PAYROLL
EVT00017048,2021-09-25,EMP03981,CC0036,IT,1,Hire,71619.7,CAD,CA,2021-09-26 00:00:00,PAYROLL
EVT00015981,2021-09-18,EMP02596,CC0065,CR,1,Leave Return,,EUR,FR,2021-09-19 07:00:00,PAYROLL
EVT00017378,2021-09-17,EMP00685,CC0046,IT,2,Step Increment,68268.77,EUR,DE,2021-09-17 11:00:00,PAYROLL
EVT00016652,2021-09-06,EMP01381,CC0095,EC,1,Step Increment,86863.22,CAD,CAN,2021-09-06 20:00:00,CORE_HR
EVT00017124,2021-09-22,EMP03338,CC0098,AS,4,Leave Start,,CAD,CA,2021-09-23 07:00:00,PAYROLL
EVT00016628,2021-09-13,EMP02092,CC0087,IT,5,Step Increment,129590.84,CAD,CA,2021-09-13 14:00:00,PAYROLL
EVT00016278,2021-09-25,EMP01847,CC0070,EX,1,Step Increment,127853.41,CAD,CAN,2021-09-25 07:00:00,CORE_HR
EVT00016201,2021-09-25,EMP00211,CC0054,PA,3,Performance Pay,71852.82,MXN,MX,2021-09-25 11:00:00,PAYROLL
EVT00016189,2021-09-11,EMP03266,CC0069,EN,1,Promotion,76132.68,CAD,CAN,2021-09-12 11:00:00,CORE_HR
EVT00017537,2021-09-14,EMP00811,CC0058,EX,3,Performance Pay,19952.71,CAD,CA,2021-09-14 15:00:00,PAYROLL
EVT00017201,2021-09-07,EMP04554,CC0002,CR,4,Performance Pay,4680.88,CAD,CAN,2021-09-07 09:00:00,CORE_HR
EVT00017200,2021-09-17,EMP00229,CC0034,PA,3,Promotion,75362.26,CAD,CA,2021-09-18 01:00:00,PAYROLL
EVT00015919,2021-09-19,EMP02136,CC0096,PA,1,Leave Start,,CAD,CA,2021-09-19 12:00:00,PAYROLL
EVT00017525,2021-09-21,EMP02794,CC0035,EC,2,Departure,,CAD,CAN,2021-09-21 20:00:00,CORE_HR
EVT00016140,2021-09-04,EMP03717,CC0005,PA,4,Leave Return,,CAD,CAN,2021-09-04 20:00:00,CORE_HR
EVT00015990,2021-09-13,EMP04631,CC0083,AS,4,Leave Return,,CAD,CAN,2021-09-14 16:00:00,CORE_HR
EVT00016072,2021-09-12,EMP03984,CC0042,CR,4,Step Increment,67938.2,CAD,CAN,2021-09-13 00:00:00,CORE_HR
EVT00015840,2021-09-23,EMP02807,CC0106,AS,2,Departure,,CAD,CAN,2021-09-23 16:00:00,CORE_HR
EVT00015711,2021-09-16,EMP02548,CC0117,AS,4,Performance Pay,10534.65,CAD,CAN,2021-09-16 20:00:00,CORE_HR
EVT00016851,2021-09-13,EMP01024,CC0076,EN,1,Leave Start,,CAD,CAN,2021-09-13 09:00:00,CORE_HR
EVT00016132,2021-09-03,EMP01690,CC0048,EX,2,Performance Pay,13966.04,CAD,CAN,2021-09-03 22:00:00,CORE_HR
EVT00016242,2021-09-04,EMP00573,CC0070,PA,4,Promotion,69820.42,CAD,CAN,2021-09-04 22:00:00,CORE_HR
EVT00016392,2021-09-25,EMP00412,CC0003,PA,2,Hire,69280.08,CAD,CAN,2021-09-26 13:00:00,CORE_HR
EVT00016802,2021-09-16,EMP03170,CC0112,EX,1,Lateral Deployment,,CAD,CA,2021-09-17 02:00:00,PAYROLL
EVT00015867,2021-09-20,EMP02568,CC0003,EX,2,Lateral Deployment,,CAD,CA,2021-09-20 15:00:00,PAYROLL
EVT00016846,2021-09-07,EMP04960,CC0037,AS,1,Step Increment,60171.07,CAD,CAN,2021-09-08 04:00:00,CORE_HR
EVT00016749,2021-09-22,EMP04174,CC0067,AS,2,Step Increment,60788.15,CAD,CA,2021-09-23 00:00:00,PAYROLL
EVT00017609,2021-09-05,EMP01753,CC0100,PA,3,Leave Return,,CAD,CAN,2021-09-05 10:00:00,CORE_HR
EVT00017621,2021-09-27,EMP02077,CC0068,PA,2,Lateral Deployment,,CAD,CAN,2021-09-28 09:00:00,CORE_HR
EVT00016115,2021-09-25,EMP01280,CC0072,EX,1,Performance Pay,6366.67,CAD,CAN,2021-09-25 15:00:00,CORE_HR
EVT00017377,1900-01-01,EMP04441,CC0101,EC,2,Step Increment,72023.62,CAD,CAN,2021-09-06 21:00:00,CORE_HR
EVT00016570,2021-09-18,EMP01633,CC0115,EC,2,Leave Return,,CAD,CAN,2021-09-18 22:00:00,CORE_HR
EVT00016457,2021-09-07,EMP02270,CC0067,CR,3,Step Increment,67706.51,CAD,CA,2021-09-08 01:00:00,PAYROLL
EVT00016316,2021-09-18,EMP03411,CC0099,EC,5,Performance Pay,14036.32,CAD,CAN,2021-09-18 06:00:00,CORE_HR
EVT00016613,2021-09-03,EMP00470,CC0116,CR,1,Step Increment,51120.21,CAD,CA,2021-09-05 23:00:00,PAYROLL
EVT00016443,2021-09-06,EMP01192,CC0034,PA,2,Performance Pay,3427.93,CAD,CAN,2021-09-06 13:00:00,CORE_HR
EVT00016940,2021-09-27,EMP01967,CC0089,EX,2,Step Increment,137915.79,CAD,CAN,2021-09-27 20:00:00,CORE_HR
EVT00017213,2021-09-20,EMP02408,CC0012,IT,2,Step Increment,88442.18,CAD,CAN,2021-09-21 04:00:00,CORE_HR
EVT00017047,2021-09-24,EMP03706,CC0050,EX,1,Departure,,CAD,CA,2021-09-24 17:00:00,PAYROLL
EVT00016483,2021-09-16,EMP03619,CC0073,EX,1,Leave Start,,CAD,CA,2021-09-17 06:00:00,PAYROLL
EVT00017471,2021-09-19,EMP03595,CC0049,EN,1,Leave Return,,GBP,GB,2021-09-20 03:00:00,PAYROLL
EVT00016200,2021-09-27,EMP04126,CC0003,PA,4,Performance Pay,5302.65,CAD,CA,2021-09-27 20:00:00,PAYROLL
EVT00016948,2021-09-15,EMP02982,CC0034,FI,3,Step Increment,94605.35,CAD,CAN,2021-09-16 07:00:00,CORE_HR
EVT00016511,2021-09-19,EMP02702,CC0078,EX,2,Leave Return,,CAD,CAN,2021-09-19 17:00:00,CORE_HR
EVT00015751,2021-09-20,EMP00257,CC0065,IT,3,Step Increment,75443.53,EUR,FR,2021-09-22 11:00:00,PAYROLL
EVT00016350,2021-09-21,EMP00301,CC0013,PA,2,Performance Pay,2980.76,CAD,CA,2021-09-22 09:00:00,PAYROLL
EVT00016877,2021-09-05,EMP03218,CC0090,AS,1,Leave Start,,CAD,CAN,2021-09-05 12:00:00,CORE_HR
EVT00017432,2021-09-14,EMP04105,CC0056,PA,2,Step Increment,50784.53,CAD,CA,2021-09-14 18:00:00,PAYROLL
EVT00017411,2021-09-07,EMP04435,CC0118,AS,5,Step Increment,83385.02,CAD,CA,2021-09-08 10:00:00,PAYROLL
EVT00017510,2021-09-03,EMP01301,CC0105,AS,3,Hire,47848.89,GBP,GBR,2021-09-03 12:00:00,CORE_HR
EVT00017185,2021-09-10,EMP00518,CC0089,CR,1,Step Increment,49595.25,CAD,CA,2021-09-10 14:00:00,PAYROLL
EVT00016299,2021-09-23,EMP04982,CC0106,IT,3,Hire,110600.26,CAD,CAN,2021-09-24 21:00:00,CORE_HR
EVT00016133,2021-09-07,EMP02492,CC0089,PA,2,Step Increment,71743.99,CAD,CAN,2021-09-07 18:00:00,CORE_HR
EVT00016868,2021-09-03,EMP99999,CC0040,EN,2,Step Increment,96639.12,CAD,CAN,2021-09-03 08:00:00,CORE_HR
EVT00017437,2021-09-17,EMP00080,CC0099,CR,3,Leave Return,,CAD,CA,2021-09-17 10:00:00,PAYROLL
EVT00015710,2021-09-18,EMP00620,CC0025,IT,2,Step Increment,83139.75,CAD,CAN,2021-09-18 18:00:00,CORE_HR
EVT00017337,2021-09-27,EMP02677,CC0058,IT,2,Leave Start,,CAD,CAN,2021-09-27 16:00:00,CORE_HR
EVT00016168,2021-09-22,EMP02535,CC0027,PA,2,Leave Start,,CAD,CAN,2021-09-22 07:00:00,CORE_HR
EVT00016964,2021-09-22,EMP02005,CC0044,IT,3,Step Increment,110508.19,CAD,CAN,2021-09-22 17:00:00,CORE_HR
EVT00015803,2021-09-14,EMP03125,CC0083,IT,2,Step Increment,97285.14,CAD,CA,2021-09-15 03:00:00,PAYROLL
EVT00016435,2021-09-08,EMP00325,CC0043,IT,3,Step Increment,81642.04,CAD,CA,2021-09-08 22:00:00,PAYROLL
EVT00016216,2021-09-21,EMP02470,CC0066,PA,1,Leave Return,,CAD,CA,2021-09-22 12:00:00,PAYROLL
EVT00016036,2021-09-01,EMP01286,CC0115,PA,3,Leave Return,,CAD,CA,2021-09-01 09:00:00,PAYROLL
EVT00015833,2021-09-03,EMP00691,CC0101,PA,2,Hire,65623.74,CAD,CA,2021-09-04 00:00:00,PAYROLL
EVT00016999,2021-09-14,EMP02066,CC0048,PA,3,Step Increment,71888.72,CAD,CA,2021-09-15 01:00:00,PAYROLL
EVT00016082,2021-09-06,EMP02436,CC0087,EN,3,Performance Pay,10462.87,CAD,CA,2021-09-09 00:00:00,PAYROLL
EVT00017196,2021-09-11,EMP02734,CC0102,FI,2,Step Increment,79119.95,CAD,CAN,2021-09-11 16:00:00,CORE_HR
EVT00017547,2021-09-13,EMP03675,CC0096,FI,2,Step Increment,85407.86,CAD,CAN,2021-09-14 07:00:00,CORE_HR
EVT00016793,2021-09-18,EMP01796,CC0038,EC,2,Leave Return,,CAD,CA,2021-09-19 08:00:00,PAYROLL
EVT00016012,2021-09-08,EMP04069,CC0057,EC,1,Departure,,CAD,CA,2021-09-08 18:00:00,PAYROLL
EVT00017208,2021-09-18,EMP02196,CC0101,EC,1,Step Increment,56575.17,CAD,CAN,2021-09-19 14:00:00,CORE_HR
EVT00016411,2021-09-06,EMP02913,CC0056,FI,1,Leave Start,,CAD,CA,2021-09-06 20:00:00,PAYROLL
EVT00016432,2021-09-02,EMP01196,CC0075,IT,3,Leave Return,,CAD,CA,2021-09-02 19:00:00,PAYROLL
EVT00016569,2021-09-04,EMP04019,CC0116,EC,4,Step Increment,117449.82,CAD,CA,2021-09-04 15:00:00,PAYROLL
EVT00016993,2021-09-02,EMP04696,CC0106,FI,3,Lateral Deployment,,CAD,CA,2021-09-03 00:00:00,PAYROLL
EVT00016682,2021-09-22,EMP04421,CC0114,CR,3,Step Increment,59685.87,CAD,CAN,2021-09-22 10:00:00,CORE_HR
EVT00017075,2021-09-21,EMP00363,CC0069,AS,3,Performance Pay,4439.17,CAD,CAN,2021-09-21 09:00:00,CORE_HR
EVT00016760,2021-09-27,EMP00242,CC0048,IT,1,Promotion,77411.13,CAD,CAN,2021-09-28 00:00:00,CORE_HR
EVT00016647,2021-09-02,EMP03854,CC0043,FI,3,Departure,,CAD,CA,2021-09-02 12:00:00,PAYROLL
EVT00016754,2021-09-16,EMP03963,CC0024,PA,1,Step Increment,54184.02,CAD,CAN,2021-09-16 18:00:00,CORE_HR
EVT00017441,2021-09-17,EMP00938,CC0113,IT,4,Step Increment,109346.64,CAD,CAN,2021-09-18 02:00:00,CORE_HR
EVT00016605,2021-09-27,EMP04772,CC0056,IT,3,Promotion,108297.56,CAD,CAN,2021-09-27 23:00:00,CORE_HR
EVT00017690,2021-09-11,EMP01670,CC0095,PA,1,Departure,,CAD,CA,2021-09-12 02:00:00,PAYROLL
EVT00017644,2021-09-23,EMP02478,CC0119,PA,3,Leave Return,,CAD,CA,2021-09-24 04:00:00,PAYROLL
EVT00015810,2021-09-11,EMP01807,CC0105,CR,3,Lateral Deployment,,EUR,FRA,2021-09-11 09:00:00,CORE_HR
EVT00017261,2021-09-04,EMP04923,CC0020,PA,2,Departure,,CAD,CAN,2021-09-04 08:00:00,CORE_HR
EVT00017105,2021-09-25,EMP00629,CC0054,PA,5,Step Increment,9484859.77,KES,KE,2021-09-25 23:00:00,PAYROLL
EVT00015733,2021-09-27,EMP04221,CC0034,PA,1,Leave Start,,CAD,CA,2021-09-27 18:00:00,PAYROLL
EVT00016979,2021-09-19,EMP04395,CC0074,EC,1,Lateral Deployment,,MXN,MEX,2021-09-20 13:00:00,CORE_HR
EVT00016794,2021-09-24,EMP00523,CC0098,FI,3,Hire,93346.23,CAD,CAN,2021-09-24 16:00:00,CORE_HR
EVT00017127,2021-09-22,EMP04934,CC0061,CR,5,Leave Start,,CAD,CA,2021-09-22 06:00:00,PAYROLL
EVT00017052,2021-09-10,EMP01048,CC0106,AS,2,Lateral Deployment,,CAD,CA,2021-09-11 01:00:00,PAYROLL
EVT00017563,2021-09-21,EMP03088,CC0101,IT,2,Promotion,96865.81,CAD,CA,2021-09-21 13:00:00,PAYROLL
EVT00016225,2021-09-07,EMP01626,CC0012,EC,2,Leave Start,,CAD,CA,2021-09-07 14:00:00,PAYROLL
EVT00015773,2021-09-11,EMP02608,CC0057,PA,1,Leave Start,,CAD,CA,2021-09-12 14:00:00,PAYROLL
EVT00016117,2021-09-11,EMP04342,CC0040,PA,2,Lateral Deployment,,CAD,CAN,2021-09-12 03:00:00,CORE_HR
EVT00016651,2021-09-26,EMP00584,CC0078,AS,1,Hire,59762.46,CAD,CAN,2021-09-27 14:00:00,CORE_HR
EVT00017241,2021-09-11,EMP02207,CC0090,IT,1,Lateral Deployment,,CAD,CA,2021-09-11 13:00:00,PAYROLL
EVT00016911,2021-09-25,EMP00227,CC0007,FI,1,Promotion,72464.9,AUD,AUS,2021-09-25 08:00:00,CORE_HR
EVT00016375,2021-09-08,EMP02816,CC0081,FI,3,Promotion,87873.13,CAD,CAN,2021-09-08 08:00:00,CORE_HR
EVT00017704,2021-09-16,EMP04114,CC0079,EX,2,Step Increment,144337.21,CAD,CA,2021-09-17 07:00:00,PAYROLL
EVT00017253,2021-09-24,EMP00053,CC0017,PA,1,Promotion,58779.97,CAD,CA,2021-09-25 01:00:00,PAYROLL
EVT00015958,2021-09-12,EMP00014,CC0012,PA,2,Lateral Deployment,,CAD,CAN,2021-09-12 14:00:00,CORE_HR
EVT00017693,2021-09-16,EMP00340,CC0103,PA,3,Promotion,84862.7,CAD,CAN,2021-09-17 10:00:00,CORE_HR
EVT00017111,2021-09-06,EMP04752,CC0004,IT,2,Hire,70643.49,CAD,CAN,2021-09-06 14:00:00,CORE_HR
EVT00016608,2021-09-17,EMP01433,CC0037,FI,3,Hire,85484.39,CAD,CA,2021-09-17 12:00:00,PAYROLL
EVT00016159,2021-09-19,EMP02307,CC0011,AS,3,Departure,,CAD,CAN,2021-09-20 13:00:00,CORE_HR
EVT00015697,2021-09-26,EMP02899,CC0018,AS,3,Promotion,67071.61,CAD,CAN,2021-09-26 23:00:00,CORE_HR
EVT00017065,2021-09-13,EMP01684,CC0011,PA,2,Leave Start,,CAD,CA,2021-09-14 15:00:00,PAYROLL
EVT00015871,2021-09-18,EMP00929,CC0065,AS,3,Step Increment,6622668.41,KES,KEN,2021-09-18 16:00:00,CORE_HR
EVT00016227,2021-09-02,EMP04668,CC0104,IT,4,Promotion,117278.71,CAD,CAN,2021-09-02 17:00:00,CORE_HR
EVT00016388,2021-09-02,EMP01467,CC0116,EN,4,Lateral Deployment,,CAD,CAN,2021-09-03 13:00:00,CORE_HR
EVT00015719,2021-09-11,EMP04603,CC0070,IT,2,Step Increment,95926.36,CAD,CAN,2021-09-12 02:00:00,CORE_HR
EVT00016909,2021-09-02,EMP00560,CC0001,EN,2,Step Increment,96424.18,CAD,CAN,2021-09-02 20:00:00,CORE_HR
EVT00017686,2021-09-09,EMP03255,CC0003,IT,2,Leave Start,,CAD,CA,2021-09-09 08:00:00,PAYROLL
EVT00016817,2021-09-24,EMP02331,CC0028,IT,1,Leave Start,,CAD,CAN,2021-09-24 13:00:00,CORE_HR
EVT00015794,2021-09-02,EMP01225,CC0048,FI,2,Lateral Deployment,,CAD,CA,2021-09-02 13:00:00,PAYROLL
EVT00016990,2021-09-15,EMP02972,CC0002,EC,5,Promotion,129074.86,CAD,CAN,2021-09-15 16:00:00,CORE_HR
EVT00017676,2021-09-07,EMP01574,CC0020,PA,3,Hire,73335.16,CAD,CAN,2021-09-07 23:00:00,CORE_HR
EVT00016015,2021-09-19,EMP01132,CC0001,PA,2,Performance Pay,4277.77,CAD,CA,2021-09-19 19:00:00,PAYROLL
EVT00015858,2021-09-04,EMP01903,CC0003,FI,2,Lateral Deployment,,CAD,CAN,2021-09-04 18:00:00,CORE_HR
EVT00017308,2021-09-17,EMP02692,CC0033,PA,4,Departure,,CAD,CAN,2021-09-17 10:00:00,CORE_HR
EVT00017032,2021-09-23,EMP00729,CC0105,PA,3,Step Increment,91681.98,AUD,AU,2021-09-23 11:00:00,PAYROLL
EVT00017180,2021-09-26,EMP01670,CC0095,PA,1,Leave Start,,CAD,CAN,2021-09-27 05:00:00,CORE_HR
EVT00017012,2021-09-06,EMP03624,CC0078,EC,1,Step Increment,78626.25,CAD,CA,2021-09-06 10:00:00,PAYROLL
EVT00015811,2021-09-08,EMP00524,CC0057,PA,4,Leave Return,,CAD,CAN,2021-09-08 07:00:00,CORE_HR
EVT00016424,2021-09-17,EMP04081,CC0028,PA,2,Step Increment,70223.91,CAD,CAN,2021-09-18 13:00:00,CORE_HR
EVT00016830,2021-09-25,EMP02174,CC0117,EN,2,Performance Pay,12886.54,CAD,CA,2021-09-25 22:00:00,PAYROLL
EVT00017189,2021-09-20,EMP04010,CC0004,EX,1,Step Increment,121738.5,CAD,CA,2021-09-20 08:00:00,PAYROLL
EVT00017447,2021-09-24,EMP00918,CC0060,PA,3,Step Increment,70770.13,CAD,CA,2021-09-24 13:00:00,PAYROLL
EVT00016031,2021-09-21,EMP04227,CC0101,EX,2,Leave Start,,CAD,CAN,2021-09-21 14:00:00,CORE_HR
EVT00016336,2021-09-07,EMP00111,CC0089,AS,4,Leave Return,,CAD,CA,2021-09-08 02:00:00,PAYROLL
EVT00017034,2021-09-04,EMP04583,CC0074,FI,1,Departure,,EUR,DE,2021-09-04 07:00:00,PAYROLL
EVT00016634,2021-09-16,EMP02089,CC0105,EC,2,Hire,1098143.11,MXN,MEX,2021-09-16 14:00:00,CORE_HR
EVT00015832,2021-09-04,EMP00459,CC0054,PA,3,Leave Return,,INR,IND,2021-09-04 07:00:00,CORE_HR
EVT00016522,2021-09-09,EMP01182,CC0025,EC,3,Leave Start,,CAD,CAN,2021-09-09 10:00:00,CORE_HR
EVT00016542,2021-09-24,EMP01991,CC0102,PA,2,Leave Return,,CAD,CA,2021-09-24 10:00:00,PAYROLL
EVT00016750,2021-09-05,EMP04943,CC0018,EN,4,Leave Start,,CAD,CAN,2021-09-05 18:00:00,CORE_HR
EVT00016274,2021-09-13,EMP02244,CC0115,AS,2,Leave Start,,CAD,CAN,2021-09-14 02:00:00,CORE_HR
EVT00016351,2021-09-06,EMP00164,CC0045,IT,3,Step Increment,100803.98,CAD,CAN,2021-09-08 00:00:00,CORE_HR
EVT00017132,2021-09-23,EMP04182,CC0068,EN,5,Step Increment,157345.4,CAD,CAN,2021-09-23 23:00:00,CORE_HR
EVT00016593,2021-09-25,EMP01962,CC0025,PA,2,Hire,70617.56,CAD,CAN,2021-09-26 08:00:00,CORE_HR
EVT00015851,2021-09-25,EMP04350,CC0019,EX,2,Leave Return,,CAD,CA,2021-09-26 00:00:00,PAYROLL
EVT00016403,2021-09-09,EMP04142,CC0049,EX,2,Promotion,87060.94,GBP,GB,2021-09-09 17:00:00,PAYROLL
EVT00016299,2021-09-23,EMP04982,CC0106,IT,3,Hire,110600.26,CAD,CAN,2021-09-23 14:00:00,CORE_HR
EVT00017361,2021-09-24,EMP03312,CC0066,IT,1,Leave Return,,CAD,CA,2021-09-25 13:00:00,PAYROLL
EVT00016663,2021-09-17,EMP04001,CC0048,PA,1,Lateral Deployment,,CAD,CAN,2021-09-17 12:00:00,CORE_HR
EVT00016306,2021-09-17,EMP00378,CC0012,AS,3,Step Increment,62717.8,CAD,CAN,2021-09-17 22:00:00,CORE_HR
EVT00016611,2021-09-05,EMP03852,CC0101,CR,2,Leave Start,,CAD,CAN,2021-09-06 09:00:00,CORE_HR
EVT00015828,2021-09-18,EMP02788,CC0118,PA,1,Leave Start,,CAD,CAN,2021-09-18 18:00:00,CORE_HR
EVT00015782,2021-09-11,EMP01413,CC0020,AS,2,Lateral Deployment,,CAD,CAN,2021-09-12 09:00:00,CORE_HR
EVT00017262,2021-09-21,EMP00027,CC0089,AS,1,Performance Pay,2299.86,CAD,CAN,2021-09-21 15:00:00,CORE_HR
EVT00016351,2021-09-06,EMP00164,CC0045,IT,3,Step Increment,100803.98,CAD,CAN,2021-09-06 08:00:00,CORE_HR
EVT00015721,2021-09-11,EMP03760,CC0058,AS,1,Step Increment,59816.76,CAD,CAN,2021-09-11 17:00:00,CORE_HR
EVT00016534,2021-09-07,EMP00572,CC0089,CR,1,Step Increment,37160.86,CAD,CA,2021-09-07 18:00:00,PAYROLL
EVT00016512,2021-09-02,EMP04938,CC0046,EC,3,Lateral Deployment,,GBP,GB,2021-09-03 03:00:00,PAYROLL
EVT00016976,2021-09-22,EMP00095,CC0058,EX,1,Step Increment,132519.88,CAD,CA,2021-09-22 08:00:00,PAYROLL
EVT00017703,2021-09-04,EMP04259,CC0020,PA,3,Lateral Deployment,,CAD,CAN,2021-09-04 06:00:00,CORE_HR
EVT00015998,2021-09-06,EMP01920,CC0071,EN,3,Step Increment,105257.52,CAD,CA,2021-09-06 08:00:00,PAYROLL
EVT00017297,2021-09-13,EMP01529,CC0087,CR,1,Leave Start,,CAD,CAN,2021-09-13 06:00:00,CORE_HR
EVT00017123,2021-09-16,EMP04447,CC0081,EN,1,Leave Start,,CAD,CA,2021-09-16 15:00:00,PAYROLL
EVT00017560,2021-09-10,EMP01275,CC0075,EN,4,Lateral Deployment,,CAD,CA,2021-09-10 18:00:00,PAYROLL
EVT00015692,2021-09-04,EMP02593,CC0067,PA,2,Departure,,CAD,CA,2021-09-05 10:00:00,PAYROLL
EVT00017401,2021-09-12,EMP04922,CC0055,PA,1,Performance Pay,8124.31,CAD,CA,2021-09-12 21:00:00,PAYROLL
EVT00016482,2021-09-07,EMP02485,CC0074,EC,2,Leave Return,,SGD,SG,2021-09-07 23:00:00,PAYROLL
EVT00016766,2021-09-12,EMP04700,CC0075,EN,4,Lateral Deployment,,CAD,CAN,2021-09-12 18:00:00,CORE_HR
EVT00016648,2021-09-08,EMP02264,CC0100,EN,4,Lateral Deployment,,CAD,CAN,2021-09-10 03:00:00,CORE_HR
EVT00017229,2021-09-26,EMP01946,CC0080,PA,2,Performance Pay,5274.33,SGD,SGP,2021-09-27 05:00:00,CORE_HR
EVT00016142,2021-09-24,EMP00773,CC0092,EC,2,Leave Return,,CAD,CA,2021-09-24 18:00:00,PAYROLL
EVT00015758,2021-09-21,EMP02765,CC0076,AS,4,Step Increment,69105.83,CAD,CAN,2021-09-21 12:00:00,CORE_HR
EVT00015756,2021-09-06,EMP01924,CC0057,EN,2,Step Increment,94252.21,CAD,CA,2021-09-06 17:00:00,PAYROLL
EVT00016697,2021-09-22,EMP01817,CC0064,AS,3,Performance Pay,8506.65,CAD,CA,2021-09-25 14:00:00,PAYROLL
EVT00016639,2021-09-13,EMP01318,CC0101,PA,2,Lateral Deployment,,CAD,CAN,2021-09-14 10:00:00,CORE_HR
EVT00016740,2021-09-02,EMP02570,CC0101,PA,4,Leave Start,,CAD,CAN,2021-09-03 15:00:00,CORE_HR
EVT00017440,2021-09-14,EMP02073,CC0077,FI,2,Hire,84969.64,CAD,CAN,2021-09-14 22:00:00,CORE_HR
EVT00016255,2021-09-19,EMP01012,CC0016,IT,3,Step Increment,107356.66,CAD,CA,2021-09-19 17:00:00,PAYROLL
EVT00015921,2021-09-22,EMP03422,CC0046,PA,1,Step Increment,43518.81,EUR,FRA,2021-09-23 01:00:00,CORE_HR
EVT00017363,2021-09-21,EMP04218,CC0072,IT,2,Performance Pay,4731.83,CAD,CA,2021-09-22 09:00:00,PAYROLL
EVT00016020,2021-09-03,EMP01604,CC0001,EX,1,Lateral Deployment,,CAD,CAN,2021-09-03 21:00:00,CORE_HR
EVT00016325,2021-09-20,EMP02877,CC0029,EN,4,Step Increment,106977.17,SGD,SGP,2021-09-20 10:00:00,CORE_HR
EVT00016981,2021-09-11,EMP03619,CC0073,EX,1,Hire,133740.25,CAD,CAN,2021-09-12 04:00:00,CORE_HR
EVT00015706,2021-09-11,EMP02279,CC0093,EX,1,Leave Start,,CAD,CAN,2021-09-11 16:00:00,CORE_HR
EVT00016474,2021-09-22,EMP01416,CC0101,CR,2,Step Increment,44184.41,CAD,CA,2021-09-22 22:00:00,PAYROLL
EVT00016249,2021-09-01,EMP01768,CC0006,EX,1,Performance Pay,12763.44,CAD,CAN,2021-09-01 10:00:00,CORE_HR
EVT00016478,2021-09-21,EMP03364,CC0016,IT,5,Performance Pay,13313.73,CAD,CAN,2021-09-21 13:00:00,CORE_HR
EVT00016394,2021-09-16,EMP00714,CC0021,EC,3,Departure,,CAD,CAN,2021-09-16 17:00:00,CORE_HR
EVT00017248,2021-09-26,EMP01309,CC0029,AS,2,Step Increment,38589.95,EUR,FR,2021-09-26 19:00:00,PAYROLL
EVT00017350,2021-09-15,EMP00001,CC0062,CR,1,Leave Return,,CAD,CA,2021-09-15 17:00:00,PAYROLL
EVT00017435,2021-09-21,EMP04873,CC0075,PA,2,Step Increment,70768.24,CAD,CAN,2021-09-22 06:00:00,CORE_HR
EVT00016197,2021-09-02,EMP03885,CC0072,AS,2,Performance Pay,5896.72,CAD,CAN,2021-09-02 16:00:00,CORE_HR
EVT00016827,2021-09-10,EMP03874,CC0093,PA,1,Promotion,55435.91,CAD,CA,2021-09-10 08:00:00,PAYROLL
EVT00017590,2021-09-06,EMP03571,CC0038,EX,3,Hire,193903.12,CAD,CA,2021-09-06 09:00:00,PAYROLL
EVT00016347,2021-09-26,EMP02956,CC0009,PA,4,Performance Pay,8251.73,EUR,FR,2021-09-27 11:00:00,PAYROLL
EVT00015980,2021-09-24,EMP01778,CC0042,CR,2,Leave Return,,CAD,CA,2021-09-25 09:00:00,PAYROLL
EVT00016645,2021-09-06,EMP00674,CC0026,EC,5,Lateral Deployment,,CAD,CAN,2021-09-07 04:00:00,CORE_HR
EVT00015908,2021-09-04,EMP02313,CC0087,EC,3,Lateral Deployment,,CAD,CAN,2021-09-04 07:00:00,CORE_HR
EVT00015764,2021-09-10,EMP01692,CC0018,FI,2,Performance Pay,8579.05,CAD,CAN,2021-09-11 02:00:00,CORE_HR
EVT00016007,2021-09-27,EMP02154,CC0016,IT,1,Departure,,CAD,CA,2021-09-27 13:00:00,PAYROLL
EVT00016761,2021-09-19,EMP04730,CC0082,EN,4,Leave Return,,CAD,CAN,2021-09-20 11:00:00,CORE_HR
EVT00016067,2021-09-03,EMP00112,CC0036,PA,3,Step Increment,72921.42,CAD,CAN,2021-09-04 14:00:00,CORE_HR
EVT00016149,2021-09-16,EMP01426,CC0068,PA,4,Leave Start,,CAD,CA,2021-09-17 05:00:00,PAYROLL
EVT00015975,2021-09-21,EMP03616,CC0004,EX,1,Performance Pay,5443.73,CAD,CAN,2021-09-22 14:00:00,CORE_HR
EVT00015877,2021-09-08,EMP02479,CC0096,IT,3,Lateral Deployment,,CAD,CA,2021-09-08 12:00:00,PAYROLL
EVT00017608,2021-09-12,EMP01905,CC0118,AS,4,Lateral Deployment,,CAD,CAN,2021-09-12 20:00:00,CORE_HR
EVT00015977,2021-09-03,EMP04682,CC0040,EN,3,Performance Pay,10050.46,CAD,CAN,2021-09-04 08:00:00,CORE_HR
EVT00016604,2021-09-17,EMP03715,CC0023,PA,1,Leave Return,,CAD,CAN,2021-09-19 19:00:00,CORE_HR
EVT00015938,2021-09-21,EMP02471,CC0060,AS,2,Lateral Deployment,,CAD,CA,2021-09-21 13:00:00,PAYROLL
EVT00016050,2021-09-12,EMP01259,CC0112,IT,2,Performance Pay,7424.18,CAD,CAN,2021-09-13 15:00:00,CORE_HR
EVT00016513,2021-09-23,EMP04106,CC0120,PA,3,Promotion,82281.48,CAD,CA,2021-09-23 20:00:00,PAYROLL
EVT00017087,2021-09-20,EMP04251,CC0064,IT,4,Lateral Deployment,,CAD,CAN,2021-09-21 12:00:00,CORE_HR
EVT00017572,2021-09-02,EMP02745,CC0079,AS,2,Step Increment,62647.95,CAD,CA,2021-09-03 11:00:00,PAYROLL
EVT00015973,2021-09-20,EMP02673,CC0039,EN,2,Hire,75057.44,CAD,CA,2021-09-21 06:00:00,PAYROLL
EVT00016185,2021-09-18,EMP03969,CC0033,AS,1,Step Increment,57444.46,CAD,CAN,2021-09-19 02:00:00,CORE_HR
EVT00015907,2021-09-23,EMP00773,CC0092,EC,2,Leave Start,,CAD,CA,2021-09-23 16:00:00,PAYROLL
EVT00016110,2021-09-16,EMP02524,CC0023,IT,1,Step Increment,85087.06,CAD,CA,2021-09-16 11:00:00,PAYROLL
EVT00017291,2021-09-13,EMP01710,CC0010,EN,3,Step Increment,113611.2,CAD,CAN,2021-09-14 04:00:00,CORE_HR
EVT00016600,2021-09-01,EMP01360,CC0049,AS,5,Step Increment,58995.53,EUR,DEU,2021-09-02 03:00:00,CORE_HR
EVT00017108,2021-09-17,EMP00985,CC0070,IT,1,Step Increment,75043.31,CAD,CAN,2021-09-18 10:00:00,CORE_HR
EVT00017209,2021-09-01,EMP03898,CC0064,IT,4,Lateral Deployment,,CAD,CA,2021-09-01 16:00:00,PAYROLL
EVT00015948,2021-09-17,EMP01725,CC0007,CR,5,Leave Return,,MXN,MEX,2021-09-18 14:00:00,CORE_HR
EVT00017564,2021-09-13,EMP04843,CC0008,CR,1,Departure,,CAD,CAN,2021-09-13 10:00:00,CORE_HR
EVT00016286,2021-09-13,EMP04741,CC0075,IT,4,Leave Return,,CAD,CAN,2021-09-14 03:00:00,CORE_HR
EVT00017309,2021-09-17,EMP00251,CC0084,FI,4,Hire,109735.64,CAD,CA,2021-09-17 13:00:00,PAYROLL
EVT00016089,2021-09-18,EMP02555,CC0037,FI,1,Performance Pay,3073.73,CAD,CAN,2021-09-19 08:00:00,CORE_HR
EVT00015967,2021-09-21,EMP03781,CC0051,EN,2,Leave Return,,CAD,CAN,2021-09-22 02:00:00,CORE_HR
EVT00015865,2021-09-11,EMP00319,CC0005,PA,2,Leave Return,,CAD,CAN,2021-09-12 12:00:00,CORE_HR
EVT00017313,2021-09-05,EMP00498,CC0117,IT,1,Leave Return,,CAD,CA,2021-09-05 13:00:00,PAYROLL
EVT00015817,2021-09-26,EMP01683,CC0030,IT,4,Promotion,477325.78,BRL,BR,2021-09-27 03:00:00,PAYROLL
EVT00016875,2021-09-03,EMP03870,CC0049,AS,3,Departure,,EUR,FRA,2021-09-03 15:00:00,CORE_HR
EVT00017370,2021-09-10,EMP04918,CC0092,CR,1,Step Increment,47282.75,CAD,CA,2021-09-10 09:00:00,PAYROLL
EVT00017341,2021-09-23,EMP01132,CC0001,PA,2,Leave Start,,CAD,CAN,2021-09-23 20:00:00,CORE_HR
EVT00017439,2021-09-19,EMP01653,CC0009,AS,1,Leave Return,,AED,AE,2021-09-20 15:00:00,PAYROLL
EVT00015793,2021-09-01,EMP03644,CC0026,EX,2,Step Increment,136924.9,CAD,CAN,2021-09-01 17:00:00,CORE_HR
EVT00017329,2021-09-27,EMP04941,CC0051,IT,2,Step Increment,95057.74,CAD,CA,2021-09-28 05:00:00,PAYROLL
EVT00016957,2021-09-19,EMP00980,CC0035,EX,1,Leave Start,,CAD,CAN,2021-09-20 13:00:00,CORE_HR
EVT00016962,2021-09-09,EMP02153,CC0112,PA,4,Leave Start,,CAD,CAN,2021-09-09 11:00:00,CORE_HR
EVT00015720,2021-09-02,EMP00014,CC0012,PA,2,Step Increment,74527.38,CAD,CA,2021-09-05 19:00:00,PAYROLL
EVT00017317,2021-09-24,EMP00512,CC0026,PA,2,Lateral Deployment,,CAD,CAN,2021-09-24 12:00:00,CORE_HR
EVT00016703,2021-09-27,EMP01133,CC0049,AS,2,Step Increment,205522.68,AED,AE,2021-09-28 11:00:00,PAYROLL
EVT00016724,2021-09-16,EMP03558,CC0109,AS,2,Step Increment,50092.41,CAD,CA,2021-09-16 22:00:00,PAYROLL
EVT00016729,2021-09-22,EMP03932,CC0105,CR,1,Leave Start,,EUR,FR,2021-09-22 18:00:00,PAYROLL
EVT00017587,2021-09-18,EMP02398,CC0027,AS,1,Step Increment,46810.52,CAD,CA,2021-09-19 09:00:00,PAYROLL
EVT00016840,2021-09-18,EMP01651,CC0027,IT,1,Performance Pay,4859.04,CAD,CA,2021-09-20 13:00:00,PAYROLL
EVT00016718,2021-09-01,EMP00960,CC0096,CR,4,Lateral Deployment,,CAD,CAN,2021-09-02 10:00:00,CORE_HR
EVT00017323,2021-09-06,EMP04168,CC0056,FI,3,Promotion,95985.86,CAD,CA,2021-09-07 11:00:00,PAYROLL
EVT00017465,2021-09-10,EMP04315,CC0016,EC,4,Departure,,CAD,CA,2021-09-11 02:00:00,PAYROLL
EVT00017058,2021-09-10,EMP02463,CC0021,EN,1,Step Increment,79133.1,CAD,CAN,2021-09-10 18:00:00,CORE_HR
EVT00016811,2021-09-27,EMP00074,CC0030,IT,2,Step Increment,266177.62,AED,ARE,2021-09-27 10:00:00,CORE_HR
EVT00017449,2021-09-10,EMP00720,CC0060,EC,2,Hire,87927.96,CAD,CA,2021-09-11 07:00:00,PAYROLL
EVT00016558,2021-09-23,EMP02339,CC0001,IT,1,Leave Return,,CAD,CAN,2021-09-23 21:00:00,CORE_HR
EVT00016473,2021-09-26,EMP01673,CC0094,AS,2,Leave Return,,CAD,CAN,2021-09-26 10:00:00,CORE_HR
EVT00016002,2021-09-24,EMP02169,CC0027,EN,4,Step Increment,107386.69,CAD,CAN,2021-09-24 07:00:00,CORE_HR
EVT00015755,2021-09-22,EMP01223,CC0050,AS,1,Leave Return,,CAD,CA,2021-09-23 07:00:00,PAYROLL
EVT00016376,2021-09-21,EMP01904,CC0016,EX,1,Step Increment,149238.25,CAD,CAN,2021-09-21 07:00:00,CORE_HR
EVT00016986,2021-09-17,EMP03179,CC0049,AS,5,Leave Start,,EUR,DE,2021-09-18 06:00:00,PAYROLL
EVT00015902,2021-09-20,EMP00922,CC0067,PA,1,Step Increment,54937.2,CAD,CAN,2021-09-20 14:00:00,CORE_HR
EVT00017026,2021-09-27,EMP03632,CC0104,EC,3,Performance Pay,13306.03,CAD,CAN,2021-09-28 14:00:00,CORE_HR
EVT00015971,2021-09-08,EMP01537,CC0100,EN,1,Performance Pay,4989.51,CAD,CAN,2021-09-08 14:00:00,CORE_HR
EVT00016925,2021-09-01,EMP02206,CC0023,AS,3,Step Increment,65033.95,CAD,CAN,2021-09-01 21:00:00,CORE_HR
EVT00016731,2021-09-25,EMP04216,CC0007,PA,5,Hire,67425.91,USD,USA,2021-09-26 04:00:00,CORE_HR
EVT00016414,2021-09-05,EMP00942,CC0062,PA,2,Step Increment,68274.93,CAD,CAN,2021-09-05 06:00:00,CORE_HR
EVT00016629,2021-09-06,EMP00551,CC0010,PA,2,Departure,,CAD,CA,2021-09-06 14:00:00,PAYROLL
EVT00016519,2021-09-13,EMP03441,CC0016,AS,3,Leave Start,,CAD,CAN,2021-09-13 19:00:00,CORE_HR
EVT00016737,2021-09-27,EMP01966,CC0068,EC,1,Step Increment,76410.97,CAD,CA,2021-09-27 07:00:00,PAYROLL
EVT00016773,2021-09-06,EMP02111,CC0061,EC,1,Leave Start,,CAD,CAN,2021-09-07 13:00:00,CORE_HR
EVT00016182,2021-09-15,EMP04835,CC0047,PA,1,Step Increment,64707.2,CAD,CA,2021-09-15 21:00:00,PAYROLL
EVT00015788,2021-09-14,EMP00900,CC0105,EX,2,Step Increment,1914019.93,MXN,MEX,2021-09-14 18:00:00,CORE_HR
EVT00016959,2021-09-24,EMP01934,CC0027,FI,5,Step Increment,122810.81,CAD,CAN,2021-09-24 10:00:00,CORE_HR
EVT00015775,2021-09-01,EMP02055,CC0060,EX,1,Hire,141315.97,CAD,CAN,2021-09-01 09:00:00,CORE_HR
EVT00017368,2021-09-20,EMP02479,CC0096,IT,3,Step Increment,98879.52,CAD,CA,2021-09-21 05:00:00,PAYROLL
EVT00017385,2021-09-12,EMP03902,CC0030,EC,2,Performance Pay,791985.91,JPY,JP,2021-09-13 01:00:00,PAYROLL
EVT00017595,2021-09-07,EMP02368,CC0084,EN,3,Departure,,CAD,CA,2021-09-07 21:00:00,PAYROLL
EVT00016285,2021-09-01,EMP02916,CC0023,CR,2,Hire,59188.52,CAD,CAN,2021-09-01 16:00:00,CORE_HR
EVT00016290,2021-09-05,EMP01972,CC0084,PA,2,Departure,,CAD,CAN,2021-09-05 14:00:00,CORE_HR
EVT00016130,2021-09-10,EMP02981,CC0023,FI,3,Performance Pay,6956.85,CAD,CAN,2021-09-10 15:00:00,CORE_HR
EVT00016592,2021-09-05,EMP04178,CC0032,PA,5,Performance Pay,4848.68,CAD,CAN,2021-09-06 01:00:00,CORE_HR
EVT00016372,2021-09-17,EMP02482,CC0021,EC,3,Leave Return,,CAD,CAN,2021-09-18 13:00:00,CORE_HR
EVT00015829,2021-09-24,EMP01572,CC0081,CR,1,Leave Return,,CAD,CAN,2021-09-24 14:00:00,CORE_HR
EVT00016554,2021-09-12,EMP04463,CC0016,IT,2,Step Increment,86909.49,CAD,CAN,2021-09-13 05:00:00,CORE_HR
EVT00016633,2021-09-17,EMP04459,CC0108,EX,1,Leave Return,,BRL,BRA,2021-09-18 12:00:00,CORE_HR
EVT00015892,2021-09-12,EMP04262,CC0068,AS,2,Departure,,CAD,CAN,2021-09-14 15:00:00,CORE_HR
EVT00016068,2021-09-14,EMP02395,CC0070,AS,2,Performance Pay,8492.77,CAD,CA,2021-09-14 16:00:00,PAYROLL
EVT00017236,2021-09-21,EMP02502,CC0038,AS,1,Leave Return,,CAD,CA,2021-09-21 08:00:00,PAYROLL
EVT00016566,2021-09-24,EMP03117,CC0110,FI,1,Performance Pay,8535.47,CAD,CAN,2021-09-25 07:00:00,CORE_HR
EVT00016835,2021-09-07,EMP02301,CC0117,AS,1,Leave Return,,CAD,CA,2021-09-07 22:00:00,PAYROLL
EVT00017663,2021-09-24,EMP04790,CC0060,IT,1,Performance Pay,3189.77,CAD,CA,2021-09-25 06:00:00,PAYROLL
EVT00017574,2021-09-06,EMP01212,CC0022,AS,4,Leave Return,,CAD,CAN,2021-09-06 17:00:00,CORE_HR
EVT00016543,2021-09-21,EMP00808,CC0016,AS,2,Promotion,57070.68,CAD,CA,2021-09-22 11:00:00,PAYROLL
EVT00016220,2021-09-27,EMP01550,CC0034,PA,1,Departure,,CAD,CA,2021-09-28 03:00:00,PAYROLL
EVT00016998,2021-09-01,EMP01309,CC0029,AS,2,Performance Pay,2631.86,EUR,DEU,2021-09-01 13:00:00,CORE_HR
EVT00017194,2021-09-12,EMP00655,CC0068,FI,1,Performance Pay,9030.25,CAD,CAN,2021-09-12 06:00:00,CORE_HR
EVT00017294,2021-09-24,EMP01848,CC0099,EN,1,Performance Pay,9303.02,CAD,CA,2021-09-25 12:00:00,PAYROLL
EVT00016838,2021-09-22,EMP02318,CC0043,AS,4,Hire,73527.53,CAD,CAN,2021-09-22 17:00:00,CORE_HR
EVT00017272,2021-09-20,EMP03218,CC0090,AS,1,Lateral Deployment,,CAD,CAN,2021-09-21 13:00:00,CORE_HR
EVT00017035,2021-09-23,EMP01229,CC0118,FI,2,Performance Pay,8107.28,CAD,CAN,2021-09-23 23:00:00,CORE_HR
EVT00016939,2021-09-13,EMP01470,CC0105,IT,1,Performance Pay,7451.54,USD,USA,2021-09-13 20:00:00,CORE_HR
EVT00017186,2021-09-01,EMP04425,CC0078,CR,1,Leave Start,,CAD,CAN,2021-09-01 18:00:00,CORE_HR
EVT00016795,2021-09-16,EMP00487,CC0081,EN,3,Step Increment,115668.1,CAD,CA,2021-09-16 15:00:00,PAYROLL
EVT00017135,2021-09-12,EMP01089,CC0061,FI,3,Lateral Deployment,,CAD,CAN,2021-09-12 09:00:00,CORE_HR
EVT00017511,2021-09-08,EMP02974,CC0075,EX,3,Step Increment,176981.58,CAD,CA,2021-09-08 22:00:00,PAYROLL
EVT00016502,2021-09-09,EMP02402,CC0109,CR,5,Leave Start,,CAD,CAN,2021-09-10 03:00:00,CORE_HR
EVT00016819,2021-09-22,EMP00606,CC0027,PA,1,Performance Pay,3518.45,CAD,CAN,2021-09-23 07:00:00,CORE_HR
EVT00017289,2021-09-23,EMP01951,CC0082,EN,2,Lateral Deployment,,CAD,CAN,2021-09-24 13:00:00,CORE_HR
EVT00017522,2021-09-23,EMP02989,CC0070,AS,5,Step Increment,87226.11,CAD,CAN,2021-09-23 06:00:00,CORE_HR
EVT00016118,2021-09-24,EMP00922,CC0067,PA,1,Lateral Deployment,,CAD,CA,2021-09-24 18:00:00,PAYROLL
EVT00017594,2021-09-27,EMP04858,CC0093,EN,2,Leave Return,,CAD,CA,2021-09-27 16:00:00,PAYROLL
EVT00015696,2021-09-18,EMP01894,CC0033,PA,5,Step Increment,95275.88,CAD,CA,2021-09-18 13:00:00,PAYROLL
EVT00017321,2021-09-06,EMP01947,CC0036,EX,1,Step Increment,134055.98,CAD,CAN,2021-09-08 18:00:00,CORE_HR
EVT00016498,2021-09-03,EMP01345,CC0021,IT,2,Performance Pay,6440.6,CAD,CAN,2021-09-03 06:00:00,CORE_HR
EVT00015878,2021-09-08,EMP03728,CC0014,CR,2,Leave Return,,CAD,CAN,2021-09-09 03:00:00,CORE_HR
EVT00017339,2021-09-21,EMP01361,CC0061,IT,2,Lateral Deployment,,CAD,CAN,2021-09-22 01:00:00,CORE_HR
EVT00016206,2021-09-22,EMP00454,CC0037,EN,2,Lateral Deployment,,CAD,CAN,2021-09-23 14:00:00,CORE_HR
EVT00015770,2021-09-10,EMP01557,CC0107,IT,2,Promotion,87710.24,CAD,CAN,2021-09-10 10:00:00,CORE_HR
EVT00016387,2021-09-21,EMP03640,CC0092,FI,3,Performance Pay,10812.31,CAD,CAN,2021-09-21 12:00:00,CORE_HR
EVT00017648,2021-09-14,EMP02232,CC0047,AS,3,Lateral Deployment,,CAD,CAN,2021-09-15 02:00:00,CORE_HR
EVT00016247,2021-09-12,EMP01005,CC0102,PA,1,Step Increment,58779.3,CAD,CAN,2021-09-13 01:00:00,CORE_HR
EVT00016248,2021-09-04,EMP02872,CC0061,PA,3,Hire,85461.57,CAD,CAN,2021-09-05 08:00:00,CORE_HR
EVT00016822,2021-09-13,EMP03517,CC0058,PA,1,Step Increment,54018.77,CAD,CAN,2021-09-14 15:00:00,CORE_HR
EVT00017575,2021-09-17,EMP02779,CC0118,PA,4,Departure,,CAD,CAN,2021-09-19 20:00:00,CORE_HR
EVT00017492,2021-09-06,EMP01699,CC0042,PA,4,Leave Return,,CAD,CA,2021-09-06 16:00:00,PAYROLL
EVT00017509,2021-09-04,EMP04347,CC0096,CR,4,Step Increment,84370.45,CAD,CAN,2021-09-04 18:00:00,CORE_HR
EVT00017076,2021-09-25,EMP00698,CC0109,PA,3,Step Increment,82189.0,CAD,CA,2021-09-25 20:00:00,PAYROLL
EVT00016535,2021-09-08,EMP02500,CC0007,FI,2,Leave Start,,INR,IN,2021-09-08 10:00:00,PAYROLL
EVT00016783,2021-09-08,EMP02457,CC0078,CR,2,Leave Return,,CAD,CAN,2021-09-08 20:00:00,CORE_HR
EVT00017166,2021-09-27,EMP03853,CC0048,PA,1,Step Increment,48660.86,CAD,CAN,2021-09-28 00:00:00,CORE_HR
EVT00016194,2021-09-21,EMP03686,CC0098,IT,3,Step Increment,77978.03,CAD,CA,2021-09-22 04:00:00,PAYROLL
EVT00016553,2021-09-13,EMP00027,CC0089,AS,1,Step Increment,58602.83,CAD,CAN,2021-09-13 10:00:00,CORE_HR
EVT00016356,2021-09-20,EMP03945,CC0116,PA,3,Lateral Deployment,,CAD,CA,2021-09-20 20:00:00,PAYROLL
EVT00016938,2021-09-11,EMP01761,CC0025,CR,3,Step Increment,65603.33,CAD,CA,2021-09-12 12:00:00,PAYROLL
EVT00016913,2021-09-19,EMP03050,CC0017,IT,2,Step Increment,73779.72,CAD,CAN,2021-09-20 15:00:00,CORE_HR
EVT00016330,2021-09-25,EMP04196,CC0065,EC,2,Departure,,AUD,AU,2021-09-26 09:00:00,PAYROLL
EVT00016932,2021-09-21,EMP02826,CC0091,PA,4,Step Increment,78497.52,CAD,CAN,2021-09-21 12:00:00,CORE_HR
EVT00017279,2021-09-04,EMP02016,CC0068,EX,1,Step Increment,139973.02,CAD,CAN,2021-09-05 09:00:00,CORE_HR
EVT00015887,2021-09-27,EMP01077,CC0014,IT,1,Step Increment,74830.46,CAD,CA,2021-09-28 08:00:00,PAYROLL
EVT00016358,2021-09-13,EMP02371,CC0066,FI,3,Step Increment,100562.0,CAD,CAN,2021-09-14 10:00:00,CORE_HR
EVT00017467,2021-09-16,EMP02345,CC0056,AS,1,Leave Return,,CAD,CAN,2021-09-16 20:00:00,CORE_HR
EVT00017681,2021-09-08,EMP02159,CC0079,EX,1,Leave Start,,CAD,CAN,2021-09-08 17:00:00,CORE_HR
EVT00016164,2021-09-23,EMP00194,CC0005,PA,2,Step Increment,66912.45,CAD,CA,2021-09-23 14:00:00,PAYROLL
EVT00017067,2021-09-19,EMP03635,CC0055,IT,2,Leave Return,,CAD,CAN,2021-09-20 04:00:00,CORE_HR
EVT00016926,2021-09-01,EMP00626,CC0050,AS,2,Leave Start,,CAD,CA,2021-09-02 07:00:00,PAYROLL
EVT00016268,2021-09-09,EMP00476,CC0050,EC,2,Lateral Deployment,,CAD,CA,2021-09-09 20:00:00,PAYROLL
EVT00015772,2021-09-02,EMP02916,CC0023,CR,2,Step Increment,58334.33,CAD,CAN,2021-09-02 23:00:00,CORE_HR
EVT00015726,2021-09-16,EMP02168,CC0001,AS,1,Step Increment,64663.99,CAD,CA,2021-09-17 10:00:00,PAYROLL
EVT00015899,2021-09-07,EMP02950,CC0007,FI,2,Leave Start,,AUD,AU,2021-09-08 15:00:00,PAYROLL
EVT00016086,2021-09-16,EMP03861,CC0001,AS,5,Step Increment,81196.36,CAD,CAN,2021-09-16 09:00:00,CORE_HR
EVT00016309,2021-09-27,EMP04603,CC0070,IT,2,Step Increment,93911.77,CAD,CAN,2021-09-28 03:00:00,CORE_HR
EVT00016292,2021-09-02,EMP02695,CC0055,EX,1,Step Increment,134914.05,CAD,CA,2021-09-03 12:00:00,PAYROLL
EVT00017081,2021-09-24,EMP04570,CC0006,EC,3,Lateral Deployment,,CAD,CA,2021-09-25 06:00:00,PAYROLL
EVT00016303,2021-09-26,EMP00889,CC0005,EN,2,Step Increment,99270.39,CAD,CAN,2021-09-26 14:00:00,CORE_HR
EVT00017161,2021-09-01,EMP01541,CC0098,IT,1,Step Increment,85056.07,CAD,CA,2021-09-01 16:00:00,PAYROLL
EVT00017022,2021-09-01,EMP02420,CC0081,PA,3,Hire,65777.64,CAD,CA,2021-09-01 20:00:00,PAYROLL
EVT00017311,2021-09-03,EMP03911,CC0067,PA,2,Step Increment,74734.88,CAD,CAN,2021-09-04 09:00:00,CORE_HR
EVT00016058,2021-09-26,EMP03587,CC0069,FI,1,Hire,73831.23,CAD,CAN,2021-09-26 06:00:00,CORE_HR
EVT00017528,2021-09-18,EMP03968,CC0014,PA,3,Lateral Deployment,,CAD,CA,2021-09-21 19:00:00,PAYROLL
EVT00017016,2021-09-17,EMP03800,CC0015,EX,1,Leave Return,,CAD,CA,2021-09-17 22:00:00,PAYROLL
EVT00017631,2021-09-05,EMP02609,CC0005,PA,2,Leave Return,,CAD,CA,2021-09-05 13:00:00,PAYROLL
EVT00016163,2021-09-04,EMP00759,CC0047,FI,2,Leave Start,,CAD,CAN,2021-09-04 22:00:00,CORE_HR
EVT00017553,2021-09-23,EMP03070,CC0106,AS,2,Performance Pay,4681.46,CAD,CA,2021-09-23 17:00:00,PAYROLL
EVT00016481,2021-09-19,EMP02560,CC0046,PA,2,Departure,,MXN,MX,2021-09-19 20:00:00,PAYROLL
EVT00015984,2021-09-27,EMP04382,CC0119,IT,4,Step Increment,126315.0,CAD,CA,2021-09-28 07:00:00,PAYROLL
EVT00016169,2021-09-09,EMP03532,CC0031,IT,1,Performance Pay,936731.61,JPY,JP,2021-09-09 14:00:00,PAYROLL
EVT00016691,2021-09-22,EMP00274,CC0062,PA,1,Performance Pay,4224.47,CAD,CA,2021-09-22 20:00:00,PAYROLL
EVT00015844,2021-09-17,EMP01064,CC0026,FI,1,Lateral Deployment,,CAD,CA,2021-09-18 11:00:00,PAYROLL
EVT00017019,2021-09-24,EMP00098,CC0073,EC,2,Lateral Deployment,,CAD,CA,2021-09-26 16:00:00,PAYROLL
EVT00016874,2021-09-02,EMP01520,CC0010,PA,2,Step Increment,69691.35,CAD,CAN,2021-09-02 15:00:00,CORE_HR
EVT00016460,2021-09-23,EMP02203,CC0072,EX,1,Leave Return,,CAD,CAN,2021-09-24 00:00:00,CORE_HR
EVT00016583,2021-09-16,EMP03035,CC0086,EN,1,Step Increment,4538159.36,INR,IND,2021-09-16 09:00:00,CORE_HR
EVT00017490,2021-09-06,EMP04652,CC0044,PA,1,Departure,,CAD,CAN,2021-09-07 10:00:00,CORE_HR
EVT00017333,2021-09-24,EMP04281,CC0067,EC,2,Promotion,77751.79,CAD,CA,2021-09-24 17:00:00,PAYROLL
EVT00017656,2021-09-16,EMP02651,CC0020,PA,3,Step Increment,83825.27,CAD,CAN,2021-09-17 10:00:00,CORE_HR
EVT00015893,2021-09-17,EMP01982,CC0119,CR,1,Performance Pay,4147.99,CAD,CA,2021-09-17 19:00:00,PAYROLL
EVT00016434,2021-09-03,EMP03276,CC0101,CR,5,Performance Pay,9674.64,CAD,CAN,2021-09-04 07:00:00,CORE_HR
EVT00017544,2021-09-27,EMP03046,CC0115,AS,3,Performance Pay,4528.1,CAD,CA,2021-09-28 03:00:00,PAYROLL
EVT00017004,1900-01-01,EMP01061,CC0033,EX,1,Lateral Deployment,,CAD,CA,2021-09-27 17:00:00,PAYROLL
EVT00017424,2021-09-04,EMP01025,CC0011,IT,3,Step Increment,97429.92,CAD,CAN,2021-09-04 21:00:00,CORE_HR
EVT00017178,2021-09-11,EMP00250,CC0019,CR,1,Step Increment,39665.83,CAD,CA,2021-09-11 20:00:00,PAYROLL
EVT00016588,2021-09-09,EMP01857,CC0108,IT,1,Performance Pay,37740.04,BRL,BRA,2021-09-10 04:00:00,CORE_HR
EVT00017083,2021-09-15,EMP03019,CC0080,PA,2,Step Increment,829854.82,MXN,MEX,2021-09-15 21:00:00,CORE_HR
EVT00015700,2021-09-23,EMP03807,CC0031,AS,2,Departure,,JPY,JP,2021-09-23 21:00:00,PAYROLL
EVT00017019,2021-09-24,EMP00098,CC0073,EC,2,Lateral Deployment,,CAD,CA,2021-09-24 23:00:00,PAYROLL
EVT00015744,2021-09-24,EMP02442,CC0009,IT,3,Hire,69108.45,GBP,GBR,2021-09-25 08:00:00,CORE_HR
EVT00017548,2021-09-18,EMP04679,CC0067,EX,1,Leave Return,,CAD,CAN,2021-09-19 14:00:00,CORE_HR
EVT00016079,2021-09-12,EMP02453,CC0073,IT,1,Performance Pay,7845.82,CAD,CAN,2021-09-12 16:00:00,CORE_HR
EVT00016123,2021-09-26,EMP04325,CC0022,PA,4,Lateral Deployment,,CAD,CAN,2021-09-27 03:00:00,CORE_HR
EVT00017621,2021-09-27,EMP02077,CC0068,PA,2,Lateral Deployment,,CAD,CAN,2021-09-30 01:00:00,CORE_HR
EVT00016922,2021-09-05,EMP04083,CC0111,PA,2,Step Increment,40678.44,GBP,GBR,2021-09-06 05:00:00,CORE_HR
EVT00016935,2021-09-10,EMP01602,CC0057,IT,4,Step Increment,109612.1,CAD,CA,2021-09-11 12:00:00,PAYROLL
EVT00017683,2021-09-19,EMP00698,CC0109,PA,3,Performance Pay,5044.73,CAD,CAN,2021-09-20 01:00:00,CORE_HR
EVT00015787,2021-09-01,EMP03069,CC0018,IT,5,Leave Start,,CAD,CAN,2021-09-02 07:00:00,CORE_HR
EVT00015724,2021-09-01,EMP04103,CC0030,EX,3,Departure,,AUD,AUS,2021-09-01 07:00:00,CORE_HR
EVT00017306,2021-09-10,EMP04054,CC0041,IT,1,Step Increment,73146.81,CAD,CA,2021-09-11 10:00:00,PAYROLL
EVT00017413,2021-09-27,EMP03535,CC0049,PA,3,Performance Pay,283335.46,INR,IN,2021-09-28 11:00:00,PAYROLL
EVT00016898,2021-09-17,EMP02585,CC0103,PA,4,Departure,,CAD,CAN,2021-09-17 18:00:00,CORE_HR
EVT00015930,2021-09-06,EMP00984,CC0072,EC,3,Leave Start,,CAD,CAN,2021-09-07 13:00:00,CORE_HR
EVT00016235,2021-09-08,EMP02395,CC0070,AS,2,Step Increment,61120.19,CAD,CA,2021-09-08 12:00:00,PAYROLL
EVT00017588,2021-09-08,EMP00118,CC0030,AS,2,Leave Return,,USD,USA,2021-09-09 00:00:00,CORE_HR
EVT00016661,2021-09-14,EMP03751,CC0044,IT,1,Leave Start,,CAD,CAN,2021-09-14 20:00:00,CORE_HR
EVT00016097,2021-09-16,EMP04626,CC0115,PA,1,Performance Pay,5109.02,CAD,CA,2021-09-17 00:00:00,PAYROLL
EVT00015963,2021-09-10,EMP04408,CC0048,PA,2,Lateral Deployment,,CAD,CAN,2021-09-10 16:00:00,CORE_HR
EVT00016363,2021-09-22,EMP02728,CC0079,PA,3,Departure,,CAD,CAN,2021-09-23 04:00:00,CORE_HR
EVT00016814,2021-09-19,EMP00302,CC0096,EN,3,Leave Start,,CAD,CA,2021-09-19 09:00:00,PAYROLL
EVT00016892,2021-09-01,EMP00073,CC0041,IT,3,Step Increment,106435.8,CAD,CAN,2021-09-02 01:00:00,CORE_HR
EVT00017392,2021-09-22,EMP01931,CC0069,EC,2,Lateral Deployment,,CAD,CAN,2021-09-23 00:00:00,CORE_HR
EVT00016167,2021-09-15,EMP02888,CC0052,CR,2,Step Increment,60586.45,CAD,CA,2021-09-16 14:00:00,PAYROLL
EVT00017005,2021-09-17,EMP00752,CC0119,PA,5,Performance Pay,11336.47,CAD,CAN,2021-09-17 16:00:00,CORE_HR
EVT00017206,2021-09-18,EMP00710,CC0071,AS,5,Leave Start,,CAD,CA,2021-09-19 01:00:00,PAYROLL
EVT00016531,2021-09-25,EMP04050,CC0041,EN,1,Performance Pay,10102.31,CAD,CAN,2021-09-26 15:00:00,CORE_HR
EVT00015996,2021-09-10,EMP01934,CC0027,FI,5,Leave Return,,CAD,CA,2021-09-10 10:00:00,PAYROLL
EVT00017556,2021-09-03,EMP04062,CC0066,EN,3,Performance Pay,6849.88,CAD,CA,2021-09-04 11:00:00,PAYROLL
EVT00015936,2021-09-09,EMP03440,CC0036,PA,2,Hire,67066.09,CAD,CAN,2021-09-09 16:00:00,CORE_HR
EVT00017322,2021-09-02,EMP01582,CC0103,IT,2,Step Increment,97499.6,CAD,CA,2021-09-02 21:00:00,PAYROLL
EVT00016380,2021-09-01,EMP04549,CC0050,IT,1,Performance Pay,4802.2,CAD,CA,2021-09-02 01:00:00,PAYROLL
EVT00016753,2021-09-22,EMP03923,CC0118,PA,4,Leave Return,,CAD,CAN,2021-09-23 14:00:00,CORE_HR
EVT00017634,2021-09-03,EMP04958,CC0094,IT,4,Step Increment,99106.96,CAD,CAN,2021-09-03 18:00:00,CORE_HR
EVT00016936,2021-09-22,EMP02301,CC0117,AS,1,Leave Return,,CAD,CA,2021-09-22 06:00:00,PAYROLL
EVT00016637,2021-09-03,EMP01835,CC0082,CR,1,Step Increment,50392.68,CAD,CAN,2021-09-04 00:00:00,CORE_HR
EVT00017097,2021-09-14,EMP00122,CC0113,CR,4,Hire,69507.05,CAD,CAN,2021-09-14 19:00:00,CORE_HR
