event_id,event_date,employee_id,cost_center_id,classification_group,classification_level,event_type,amount_local,local_currency,work_country_code,ingest_ts,source_system
EVT00084452,2024-07-22,EMP04285,CC0083,EN,5,Lateral Deployment,,CAD,CA,2024-07-22 12:00:00,PAYROLL
EVT00084302,2024-07-04,EMP04150,CC0032,IT,1,Promotion,88377.61,CAD,CAN,2024-07-05 04:00:00,CORE_HR
EVT00084388,2024-07-25,EMP02207,CC0090,IT,1,Leave Start,,CAD,CAN,2024-07-25 14:00:00,CORE_HR
EVT00084623,2024-07-11,EMP01617,CC0029,EX,1,Leave Return,,AED,ARE,2024-07-12 12:00:00,CORE_HR
EVT00084014,2024-07-24,EMP02573,CC0032,AS,3,Leave Return,,CAD,CAN,2024-07-24 10:00:00,CORE_HR
EVT00084569,2024-07-03,EMP01829,CC0117,PA,5,Step Increment,88914.59,CAD,CA,2024-07-03 14:00:00,PAYROLL
EVT00084826,2024-07-17,EMP02802,CC0063,EN,4,Promotion,138852.86,CAD,CAN,2024-07-17 06:00:00,CORE_HR
EVT00084331,2024-07-02,EMP04814,CC0039,CR,2,Leave Start,,CAD,CA,2024-07-02 09:00:00,PAYROLL
EVT00085123,2024-07-16,EMP01171,CC0068,CR,1,Step Increment,59662.04,CAD,CA,2024-07-16 08:00:00,PAYROLL
EVT00083969,2024-07-04,EMP01279,CC0001,PA,2,Leave Return,,CAD,CAN,2024-07-05 12:00:00,CORE_HR
EVT00085016,2024-07-18,EMP00414,CC0015,EC,3,Lateral Deployment,,CAD,CAN,2024-07-18 19:00:00,CORE_HR
EVT00084705,2024-07-03,EMP02215,CC0032,FI,1,Departure,,CAD,CAN,2024-07-03 07:00:00,CORE_HR
EVT00085806,2024-07-19,EMP04231,CC0097,EN,2,Leave Start,,CAD,CAN,2024-07-20 03:00:00,CORE_HR
EVT00084714,2024-07-20,EMP04641,CC0051,EN,3,Leave Return,,CAD,CAN,2024-07-20 12:00:00,CORE_HR
EVT00084541,2024-07-16,EMP03464,CC0030,EN,4,Promotion,393191.01,BRL,BR,2024-07-17 14:00:00,PAYROLL
EVT00083993,2024-07-24,EMP03427,CC0107,CR,2,Performance Pay,4084.94,CAD,CAN,2024-07-24 11:00:00,CORE_HR
EVT00084722,2024-07-17,EMP02294,CC0003,CR,2,Departure,,CAD,CAN,2024-07-17 23:00:00,CORE_HR
EVT00085376,2024-07-03,EMP03856,CC0056,AS,5,Step Increment,87700.9,XXX,CA,2024-07-04 01:00:00,PAYROLL
EVT00085028,2024-07-12,EMP01336,CC0002,AS,1,Lateral Deployment,,CAD,CAN,2024-07-12 14:00:00,CORE_HR
EVT00084152,2024-07-27,EMP03204,CC0078,PA,5,Step Increment,99001.38,CAD,CAN,2024-07-28 05:00:00,CORE_HR
EVT00085314,2024-07-05,EMP04608,CC0052,PA,1,Lateral Deployment,,CAD,CA,2024-07-05 09:00:00,PAYROLL
EVT00085114,2024-07-02,EMP00601,CC0082,FI,4,Departure,,CAD,CAN,2024-07-03 13:00:00,CORE_HR
EVT00085053,2024-07-08,EMP01191,CC0031,EC,1,Promotion,48901.21,GBP,GB,2024-07-08 18:00:00,PAYROLL
EVT00085017,2024-07-04,EMP00474,CC0081,PA,2,Step Increment,58882.5,CAD,CAN,2024-07-05 06:00:00,CORE_HR
EVT00085575,2024-07-15,EMP04474,CC0039,EN,2,Leave Start,,CAD,CAN,2024-07-15 07:00:00,CORE_HR
EVT00085227,2024-07-20,EMP01464,CC0036,EX,1,Step Increment,175654.3,CAD,CAN,2024-07-20 20:00:00,CORE_HR
EVT00084102,2024-07-06,EMP00795,CC0054,CR,3,Performance Pay,3103.59,USD,USA,2024-07-07 00:00:00,CORE_HR
EVT00084756,2024-07-09,EMP99999,CC0051,AS,1,Step Increment,48678.56,CAD,CAN,2024-07-09 08:00:00,CORE_HR
EVT00085007,2024-07-26,EMP00164,CC0045,IT,4,Leave Start,,CAD,CAN,2024-07-26 09:00:00,CORE_HR
EVT00085589,2024-07-23,EMP03172,CC0057,IT,1,Step Increment,79389.42,CAD,CAN,2024-07-24 13:00:00,CORE_HR
EVT00084600,2024-07-17,EMP02503,CC0007,EN,2,Step Increment,76497.69,EUR,FRA,2024-07-17 14:00:00,CORE_HR
EVT00084552,2024-07-25,EMP01980,CC0003,EN,3,Leave Start,,CAD,CA,2024-07-25 15:00:00,PAYROLL
EVT00084448,2024-07-12,EMP04266,CC0057,FI,4,Leave Return,,CAD,CAN,2024-07-13 06:00:00,CORE_HR
EVT00084957,2024-07-12,EMP00058,CC0061,PA,1,Departure,,CAD,CAN,2024-07-13 15:00:00,CORE_HR
EVT00084208,2024-07-27,EMP02573,CC0032,AS,3,Performance Pay,10355.73,CAD,CA,2024-07-27 08:00:00,PAYROLL
EVT00084381,2024-07-23,EMP00733,CC0091,PA,4,Step Increment,95700.18,XXX,CAN,2024-07-23 19:00:00,CORE_HR
EVT00085711,2024-07-25,EMP03049,CC0034,CR,3,Departure,,CAD,CAN,2024-07-25 13:00:00,CORE_HR
EVT00085059,2024-07-01,EMP01224,CC0023,AS,3,Leave Return,,CAD,CA,2024-07-02 12:00:00,PAYROLL
EVT00085750,2024-07-26,EMP03040,CC0063,PA,2,Step Increment,78005.37,CAD,CAN,2024-07-27 03:00:00,CORE_HR
EVT00085759,2024-07-25,EMP02516,CC0016,EX,1,Leave Return,,CAD,CA,2024-07-25 22:00:00,PAYROLL
EVT00084629,2024-07-25,EMP00257,CC0065,IT,3,Performance Pay,8006.17,GBP,GBR,2024-07-26 03:00:00,CORE_HR
EVT00084251,2024-07-15,EMP02865,CC0015,FI,2,Leave Return,,CAD,CAN,2024-07-16 15:00:00,CORE_HR
EVT00085347,2024-07-05,EMP01757,CC0023,IT,5,Leave Return,,CAD,CAN,2024-07-06 05:00:00,CORE_HR
EVT00084918,2024-07-25,EMP00413,CC0041,FI,2,Leave Start,,CAD,CAN,2024-07-26 07:00:00,CORE_HR
EVT00084124,2024-07-01,EMP02230,CC0046,EX,2,Hire,126436.76,EUR,FR,2024-07-02 08:00:00,PAYROLL
EVT00084475,2024-07-05,EMP00778,CC0057,PA,1,Step Increment,65106.79,CAD,CAN,2024-07-05 19:00:00,CORE_HR
EVT00084925,2024-07-24,EMP03543,CC0010,FI,2,Leave Start,,CAD,CAN,2024-07-24 11:00:00,CORE_HR
EVT00083948,2024-07-13,EMP03497,CC0043,PA,3,Performance Pay,5084.95,CAD,CA,2024-07-13 11:00:00,PAYROLL
EVT00085134,2024-07-03,EMP04955,CC0041,PA,3,Performance Pay,7840.67,CAD,CAN,2024-07-03 06:00:00,CORE_HR
EVT00084911,2024-07-19,EMP04323,CC0091,EN,5,Promotion,159137.7,CAD,CAN,2024-07-20 11:00:00,CORE_HR
EVT00084299,2024-07-17,EMP01715,CC0033,FI,3,Promotion,114555.32,CAD,CAN,2024-07-18 03:00:00,CORE_HR
EVT00085620,2024-07-05,EMP01922,CC0101,IT,2,Leave Start,,CAD,CAN,2024-07-06 11:00:00,CORE_HR
EVT00084604,2024-07-05,EMP00424,CC0120,EX,1,Performance Pay,12171.84,CAD,CAN,2024-07-05 14:00:00,CORE_HR
EVT00084589,2024-07-22,EMP01484,CC0065,EX,1,Step Increment,406319.29,AED,AE,2024-07-22 13:00:00,PAYROLL
EVT00085290,2024-07-13,EMP00931,CC0017,IT,1,Lateral Deployment,,CAD,CA,2024-07-14 13:00:00,PAYROLL
EVT00084933,2024-07-03,EMP04748,CC0023,AS,4,Performance Pay,8324.92,CAD,CAN,2024-07-04 01:00:00,CORE_HR
EVT00085769,2024-07-24,EMP01288,CC0019,EN,2,Step Increment,97026.51,CAD,CAN,2024-07-24 13:00:00,CORE_HR
EVT00084361,2024-07-07,EMP03876,CC0086,EX,2,Step Increment,716531.01,BRL,BR,2024-07-07 10:00:00,PAYROLL
EVT00084056,2024-07-10,EMP01345,CC0021,IT,2,Leave Start,,CAD,CA,2024-07-11 03:00:00,PAYROLL
EVT00085252,2024-07-17,EMP04760,CC0053,EC,2,Step Increment,94492.57,CAD,CAN,2024-07-17 17:00:00,CORE_HR
EVT00085906,2024-07-16,EMP03553,CC0004,EN,1,Step Increment,89165.03,CAD,CA,2024-07-16 12:00:00,PAYROLL
EVT00085238,2024-07-08,EMP04919,CC0064,FI,3,Step Increment,97708.07,CAD,CAN,2024-07-09 00:00:00,CORE_HR
EVT00085586,2024-07-17,EMP01174,CC0036,FI,3,Performance Pay,10486.5,CAD,CAN,2024-07-17 10:00:00,CORE_HR
EVT00084589,2024-07-22,EMP01484,CC0065,EX,1,Step Increment,406319.29,AED,AE,2024-07-25 03:00:00,PAYROLL
EVT00084777,2024-07-22,EMP04769,CC0060,AS,1,Step Increment,59274.21,CAD,CA,2024-07-23 03:00:00,PAYROLL
EVT00085085,2024-07-10,EMP00554,CC0021,CR,5,Leave Start,,CAD,CAN,2024-07-10 14:00:00,CORE_HR
EVT00085110,2024-07-20,EMP05176,CC0053,AS,1,Step Increment,64049.35,CAD,CAN,2024-07-21 10:00:00,CORE_HR
EVT00085510,2024-07-06,EMP01020,CC0042,PA,4,Leave Start,,CAD,CAN,2024-07-07 08:00:00,CORE_HR
EVT00084375,2024-07-19,EMP00059,CC0084,CR,3,Step Increment,63688.73,XXX,CA,2024-07-20 03:00:00,PAYROLL
EVT00084713,2024-07-13,EMP02095,CC0032,EC,4,Leave Start,,CAD,CAN,2024-07-13 14:00:00,CORE_HR
EVT00083966,2024-07-26,EMP00881,CC0002,PA,2,Leave Return,,CAD,CAN,2024-07-26 07:00:00,CORE_HR
EVT00085177,2024-07-23,EMP01346,CC0093,IT,5,Step Increment,135711.5,CAD,CAN,2024-07-24 13:00:00,CORE_HR
EVT00085332,2024-07-18,EMP00075,CC0012,FI,5,Step Increment,130306.33,CAD,CAN,2024-07-19 08:00:00,CORE_HR
EVT00084839,2024-07-26,EMP01956,CC0092,PA,4,Leave Return,,CAD,CAN,2024-07-26 15:00:00,CORE_HR
EVT00085524,2024-07-09,EMP04317,CC0081,EC,5,Step Increment,140073.47,CAD,CAN,2024-07-09 11:00:00,CORE_HR
EVT00085647,2024-07-25,EMP00026,CC0065,FI,3,Step Increment,363810.59,BRL,BR,2024-07-26 10:00:00,PAYROLL
EVT00085434,2024-07-21,EMP05042,CC0111,PA,5,Performance Pay,12637.93,AUD,AU,2024-07-22 05:00:00,PAYROLL
EVT00084414,2024-07-21,EMP02203,CC0072,EX,1,Step Increment,151645.84,CAD,CAN,2024-07-22 07:00:00,CORE_HR
EVT00084175,2024-07-10,EMP03043,CC0084,PA,2,Performance Pay,4631.83,CAD,CAN,2024-07-11 05:00:00,CORE_HR
EVT00084174,2024-07-18,EMP02731,CC0016,PA,2,Departure,,CAD,CA,2024-07-18 18:00:00,PAYROLL
EVT00084088,2024-07-27,EMP04950,CC0056,PA,2,Leave Return,,CAD,CAN,2024-07-28 04:00:00,CORE_HR
EVT00084244,2024-07-11,EMP03615,CC0078,CR,2,Leave Start,,CAD,CA,2024-07-12 09:00:00,PAYROLL
EVT00084359,2024-07-05,EMP02471,CC0060,AS,2,Step Increment,67981.25,CAD,CA,2024-07-05 22:00:00,PAYROLL
EVT00085878,2024-07-27,EMP00301,CC0013,PA,2,Step Increment,92321.71,CAD,CAN,2024-07-28 00:00:00,CORE_HR
EVT00085391,2024-07-27,EMP00913,CC0085,PA,3,Step Increment,77165.7,CAD,CAN,2024-07-27 11:00:00,CORE_HR
EVT00084896,2024-07-23,EMP02620,CC0015,PA,2,Hire,73165.84,CAD,CA,2024-07-23 07:00:00,PAYROLL
EVT00085745,2024-07-21,EMP00608,CC0052,PA,1,Lateral Deployment,,CAD,CA,2024-07-22 15:00:00,PAYROLL
EVT00084530,2024-07-13,EMP00491,CC0043,PA,3,Step Increment,84570.75,CAD,CA,2024-07-13 18:00:00,PAYROLL
EVT00084298,2024-07-12,EMP02882,CC0098,AS,4,Performance Pay,3388.53,CAD,CAN,2024-07-13 11:00:00,CORE_HR
EVT00085141,2024-07-02,EMP04183,CC0017,EN,3,Lateral Deployment,,CAD,CAN,2024-07-02 19:00:00,CORE_HR
EVT00084261,2024-07-11,EMP01322,CC0100,EX,2,Leave Return,,CAD,CAN,2024-07-12 10:00:00,CORE_HR
EVT00085033,2024-07-20,EMP01773,CC0052,EX,2,Leave Start,,CAD,CA,2024-07-21 04:00:00,PAYROLL
EVT00084325,2024-07-07,EMP00399,CC0008,PA,5,Step Increment,90040.33,CAD,CAN,2024-07-08 00:00:00,CORE_HR
EVT00084538,2024-07-16,EMP03689,CC0019,EC,4,Step Increment,115175.87,CAD,CAN,2024-07-17 02:00:00,CORE_HR
EVT00085560,2024-07-14,EMP03383,CC0034,AS,4,Step Increment,85246.37,CAD,CAN,2024-07-15 06:00:00,CORE_HR
EVT00085652,2024-07-22,EMP01532,CC0053,CR,3,Step Increment,70831.83,CAD,CAN,2024-07-23 03:00:00,CORE_HR
EVT00084599,2024-07-23,EMP01932,CC0116,IT,4,Step Increment,105277.95,CAD,CAN,2024-07-23 21:00:00,CORE_HR
EVT00084679,2024-07-18,EMP01293,CC0079,PA,1,Performance Pay,9024.84,CAD,CA,2024-07-19 10:00:00,PAYROLL
EVT00084732,2024-07-15,EMP04877,CC0102,PA,2,Step Increment,81936.53,CAD,CAN,2024-07-16 07:00:00,CORE_HR
EVT00084334,2024-07-14,EMP05185,CC0026,AS,2,Lateral Deployment,,CAD,CA,2024-07-14 06:00:00,PAYROLL
EVT00085897,2024-07-05,EMP01765,CC0048,CR,2,Leave Start,,CAD,CA,2024-07-05 15:00:00,PAYROLL
EVT00084131,2024-07-11,EMP04309,CC0030,EN,2,Hire,76561.78,USD,USA,2024-07-11 08:00:00,CORE_HR
EVT00085102,2024-07-17,EMP02496,CC0088,AS,5,Leave Return,,KES,KE,2024-07-18 00:00:00,PAYROLL
EVT00085481,2024-07-15,EMP04617,CC0049,AS,3,Step Increment,220322.46,BRL,BR,2024-07-16 07:00:00,PAYROLL
EVT00084650,2024-07-18,EMP02050,CC0025,FI,3,Hire,96490.2,CAD,CAN,2024-07-19 14:00:00,CORE_HR
EVT00084144,2024-07-15,EMP03042,CC0097,AS,4,Leave Start,,CAD,CA,2024-07-16 10:00:00,PAYROLL
EVT00085079,2024-07-27,EMP00933,CC0053,PA,2,Step Increment,70094.7,CAD,CA,2024-07-27 10:00:00,PAYROLL
EVT00085435,2024-07-07,EMP04055,CC0007,AS,1,Hire,256315.9,BRL,BR,2024-07-08 14:00:00,PAYROLL
EVT00084150,2024-07-12,EMP00771,CC0115,EX,2,Leave Return,,CAD,CAN,2024-07-13 10:00:00,CORE_HR
EVT00085298,2024-07-12,EMP04735,CC0079,IT,2,Performance Pay,7092.59,CAD,CA,2024-07-12 15:00:00,PAYROLL
EVT00084367,2024-07-10,EMP02865,CC0015,FI,2,Leave Start,,CAD,CA,2024-07-11 05:00:00,PAYROLL
EVT00084616,2024-07-18,EMP00209,CC0026,FI,2,Step Increment,94656.53,CAD,CAN,2024-07-19 10:00:00,CORE_HR
EVT00084220,2024-07-08,EMP03130,CC0012,EC,3,Step Increment,103079.48,CAD,CAN,2024-07-09 10:00:00,CORE_HR
EVT00085724,2024-07-02,EMP01216,CC0069,FI,3,Step Increment,110247.88,CAD,CAN,2024-07-03 00:00:00,CORE_HR
EVT00084527,2024-07-15,EMP00384,CC0023,CR,2,Leave Return,,CAD,CAN,2024-07-16 06:00:00,CORE_HR
EVT00084512,2024-07-03,EMP01450,CC0054,EC,2,Departure,,AED,ARE,2024-07-03 20:00:00,CORE_HR
EVT00084096,2024-07-02,EMP01746,CC0040,PA,4,Step Increment,104403.28,CAD,CAN,2024-07-03 11:00:00,CORE_HR
EVT00084870,2024-07-21,EMP04136,CC0034,AS,5,Hire,82405.38,CAD,CAN,2024-07-21 19:00:00,CORE_HR
EVT00084275,2024-07-18,EMP01380,CC0019,PA,2,Step Increment,77298.12,CAD,CAN,2024-07-18 08:00:00,CORE_HR
EVT00085605,2024-07-27,EMP00318,CC0037,AS,5,Leave Start,,CAD,CA,2024-07-28 10:00:00,PAYROLL
EVT00085500,2024-07-11,EMP00197,CC0100,PA,1,Leave Start,,CAD,CAN,2024-07-11 11:00:00,CORE_HR
EVT00085182,2024-07-05,EMP00922,CC0067,PA,1,Step Increment,62701.57,CAD,CAN,2024-07-06 10:00:00,CORE_HR
EVT00084317,2024-07-01,EMP00667,CC0039,EX,2,Step Increment,151210.31,CAD,CAN,2024-07-02 09:00:00,CORE_HR
EVT00085362,2024-07-19,EMP04274,CC0109,EC,3,Leave Return,,CAD,CA,2024-07-21 05:00:00,PAYROLL
EVT00085475,2024-07-26,EMP04537,CC0054,EX,1,Leave Start,,EUR,FRA,2024-07-26 12:00:00,CORE_HR
EVT00084311,2024-07-12,EMP04067,CC0097,PA,1,Promotion,64360.81,CAD,CAN,2024-07-13 06:00:00,CORE_HR
EVT00084867,2024-07-25,EMP01587,CC0104,PA,3,Hire,68951.44,CAD,CAN,2024-07-26 05:00:00,CORE_HR
EVT00085588,2024-07-27,EMP04520,CC0057,PA,3,Step Increment,84249.47,CAD,CAN,2024-07-27 06:00:00,CORE_HR
EVT00084958,2024-07-10,EMP01167,CC0078,AS,3,Step Increment,73495.43,CAD,CAN,2024-07-10 15:00:00,CORE_HR
EVT00084356,2024-07-13,EMP02780,CC0034,PA,2,Lateral Deployment,,CAD,CA,2024-07-14 02:00:00,PAYROLL
EVT00085301,2024-07-09,EMP03710,CC0078,FI,3,Hire,93336.61,CAD,CA,2024-07-09 10:00:00,PAYROLL
EVT00085351,2024-07-19,EMP05086,CC0119,EC,2,Leave Start,,CAD,CAN,2024-07-20 10:00:00,CORE_HR
EVT00084057,2024-07-15,EMP00505,CC0055,EN,2,Departure,,CAD,CA,2024-07-16 12:00:00,PAYROLL
EVT00084058,2024-07-03,EMP04386,CC0054,EC,1,Performance Pay,529018.69,JPY,JPN,2024-07-03 07:00:00,CORE_HR
EVT00085148,2024-07-26,EMP00678,CC0094,AS,2,Step Increment,62346.42,CAD,CA,2024-07-27 01:00:00,PAYROLL
EVT00085416,2024-07-09,EMP04652,CC0044,PA,1,Lateral Deployment,,CAD,CA,2024-07-10 08:00:00,PAYROLL
EVT00084859,2024-07-03,EMP03948,CC0063,CR,1,Step Increment,50129.93,CAD,CA,2024-07-04 02:00:00,PAYROLL
EVT00084689,2024-07-17,EMP03043,CC0084,PA,2,Leave Start,,CAD,CAN,2024-07-17 21:00:00,CORE_HR
EVT00085425,2024-07-05,EMP04632,CC0011,EN,3,Leave Start,,CAD,CA,2024-07-05 20:00:00,PAYROLL
EVT00085288,2024-07-15,EMP02495,CC0049,FI,3,Performance Pay,7281.39,EUR,DEU,2024-07-15 19:00:00,CORE_HR
EVT00085216,2024-07-17,EMP02762,CC0032,EN,1,Performance Pay,10722.73,CAD,CAN,2024-07-17 11:00:00,CORE_HR
EVT00084213,2024-07-04,EMP03870,CC0049,AS,3,Lateral Deployment,,INR,IND,2024-07-05 12:00:00,CORE_HR
EVT00085057,2024-07-22,EMP04603,CC0070,IT,2,Step Increment,107079.06,CAD,CA,2024-07-23 15:00:00,PAYROLL
EVT00085373,2024-07-04,EMP00798,CC0033,EN,2,Performance Pay,11407.05,CAD,CA,2024-07-05 07:00:00,PAYROLL
EVT00085452,2024-07-20,EMP03091,CC0092,EN,1,Step Increment,89396.84,CAD,CAN,2024-07-20 13:00:00,CORE_HR
EVT00084667,2024-07-22,EMP05077,CC0112,EC,2,Hire,-85866.16,CAD,CA,2024-07-22 09:00:00,PAYROLL
EVT00085531,2024-07-27,EMP03732,CC0108,PA,2,Performance Pay,4632.97,GBP,GB,2024-07-27 06:00:00,PAYROLL
EVT00084344,2024-07-22,EMP03955,CC0091,EC,2,Leave Return,,CAD,CA,2024-07-23 04:00:00,PAYROLL
EVT00084533,2024-07-03,EMP02065,CC0117,AS,1,Performance Pay,4067.51,CAD,CAN,2024-07-04 06:00:00,CORE_HR
EVT00084941,2024-07-04,EMP00699,CC0021,AS,1,Leave Start,,CAD,CAN,2024-07-05 09:00:00,CORE_HR
EVT00085094,2024-07-12,EMP03428,CC0039,PA,2,Step Increment,81897.82,CAD,CAN,2024-07-12 17:00:00,CORE_HR
EVT00085058,2024-07-05,EMP00707,CC0020,EN,2,Step Increment,109067.22,CAD,CAN,2024-07-05 23:00:00,CORE_HR
EVT00084671,2024-07-15,EMP02150,CC0076,CR,2,Leave Start,,CAD,CAN,2024-07-15 22:00:00,CORE_HR
EVT00085039,2024-07-04,EMP02945,CC0027,IT,1,Departure,,CAD,CAN,2024-07-05 02:00:00,CORE_HR
EVT00085580,2024-07-02,EMP00820,CC0069,PA,3,Step Increment,82923.13,CAD,CAN,2024-07-02 08:00:00,CORE_HR
EVT00084441,2024-07-21,EMP04570,CC0006,EC,3,Leave Return,,CAD,CA,2024-07-22 10:00:00,PAYROLL
EVT00084081,2024-07-23,EMP01488,CC0026,PA,1,Promotion,69305.11,CAD,CA,2024-07-23 11:00:00,PAYROLL
EVT00084794,2024-07-17,EMP03705,CC0080,EN,1,Leave Return,,BRL,BRA,2024-07-17 09:00:00,CORE_HR
EVT00083976,2024-07-05,EMP02995,CC0016,FI,3,Step Increment,109239.78,CAD,CAN,2024-07-06 01:00:00,CORE_HR
EVT00085866,2024-07-03,EMP02215,CC0032,FI,1,Leave Start,,CAD,CA,2024-07-03 10:00:00,PAYROLL
EVT00085361,2024-07-23,EMP04991,CC0074,EC,5,Leave Start,,KES,KEN,2024-07-23 17:00:00,CORE_HR
EVT00084472,2024-07-19,EMP01522,CC0069,IT,3,Step Increment,95629.45,CAD,CAN,2024-07-21 20:00:00,CORE_HR
EVT00085032,2024-07-21,EMP02612,CC0114,EN,1,Step Increment,95660.48,CAD,CA,2024-07-22 06:00:00,PAYROLL
EVT00085561,2024-07-16,EMP00004,CC0101,EC,3,Step Increment,105873.14,CAD,CA,2024-07-16 23:00:00,PAYROLL
EVT00084303,2024-07-15,EMP01930,CC0041,IT,1,Step Increment,89338.23,CAD,CA,2024-07-15 06:00:00,PAYROLL
EVT00084100,2024-07-09,EMP03679,CC0103,FI,2,Step Increment,81885.89,CAD,CAN,2024-07-10 07:00:00,CORE_HR
EVT00085784,2024-07-02,EMP02450,CC0072,EX,2,Step Increment,173403.95,CAD,CA,2024-07-04 06:00:00,PAYROLL
EVT00084562,2024-07-09,EMP03306,CC0053,FI,1,Departure,,CAD,CAN,2024-07-09 21:00:00,CORE_HR
EVT00085262,2024-07-21,EMP04918,CC0092,CR,1,Leave Start,,CAD,CAN,2024-07-21 17:00:00,CORE_HR
EVT00084781,2024-07-01,EMP03077,CC0076,PA,1,Lateral Deployment,,CAD,CA,2024-07-02 12:00:00,PAYROLL
EVT00085749,2024-07-13,EMP01826,CC0064,IT,1,Step Increment,91130.19,CAD,CAN,2024-07-14 02:00:00,CORE_HR
EVT00085382,2024-07-10,EMP02388,CC0052,PA,1,Performance Pay,4934.8,CAD,CAN,2024-07-10 20:00:00,CORE_HR
EVT00084938,2024-07-27,EMP02936,CC0030,FI,2,Performance Pay,3737.48,SGD,SGP,2024-07-27 12:00:00,CORE_HR
EVT00085171,2024-07-07,EMP04903,CC0117,PA,1,Leave Start,,CAD,CAN,2024-07-09 20:00:00,CORE_HR
EVT00084909,2024-07-02,EMP01459,CC0051,PA,5,Departure,,CAD,CAN,2024-07-03 12:00:00,CORE_HR
EVT00084930,2024-07-15,EMP02087,CC0053,PA,1,Leave Return,,CAD,CA,2024-07-15 12:00:00,PAYROLL
EVT00085302,2024-07-24,EMP03064,CC0055,CR,2,Step Increment,63406.89,CAD,CA,2024-07-27 00:00:00,PAYROLL
EVT00085715,2024-07-04,EMP04934,CC0061,CR,5,Hire,84179.44,CAD,CAN,2024-07-05 07:00:00,CORE_HR
EVT00085478,2024-07-11,EMP03387,CC0117,EC,2,Performance Pay,5669.59,CAD,CAN,2024-07-11 14:00:00,CORE_HR
EVT00084950,2024-07-01,EMP04892,CC0018,EC,4,Step Increment,119268.54,CAD,CAN,2024-07-01 23:00:00,CORE_HR
EVT00085873,2024-07-21,EMP04271,CC0032,IT,1,Leave Return,,CAD,CAN,2024-07-21 16:00:00,CORE_HR
EVT00084387,2024-07-14,EMP00848,CC0097,AS,2,Performance Pay,5253.02,CAD,CA,2024-07-14 15:00:00,PAYROLL
EVT00085485,2024-07-25,EMP02008,CC0089,PA,4,Lateral Deployment,,CAD,CAN,2024-07-25 13:00:00,CORE_HR
EVT00085794,2024-07-06,EMP03014,CC0091,PA,3,Departure,,CAD,CAN,2024-07-06 09:00:00,CORE_HR
EVT00084095,2024-07-09,EMP02516,CC0016,EX,1,Step Increment,174376.09,CAD,CA,2024-07-10 04:00:00,PAYROLL
EVT00085579,2024-07-10,EMP03960,CC0057,PA,5,Step Increment,115415.66,CAD,CAN,2024-07-10 11:00:00,CORE_HR
EVT00084463,2024-07-07,EMP02742,CC0112,FI,2,Leave Start,,CAD,CA,2024-07-08 10:00:00,PAYROLL
EVT00084581,2024-07-04,EMP03846,CC0031,AS,1,Performance Pay,3315.69,USD,USA,2024-07-04 20:00:00,CORE_HR
EVT00085415,2024-07-25,EMP04648,CC0084,FI,4,Promotion,110531.15,CAD,CA,2024-07-26 07:00:00,PAYROLL
EVT00084784,2024-07-25,EMP04958,CC0094,IT,4,Hire,125160.57,CAD,CA,2024-07-25 14:00:00,PAYROLL
EVT00085610,2024-07-06,EMP00632,CC0097,CR,4,Step Increment,69735.16,CAD,CA,2024-07-07 10:00:00,PAYROLL
EVT00084280,2024-07-02,EMP03829,CC0084,EX,1,Performance Pay,8511.49,CAD,CAN,2024-07-02 21:00:00,CORE_HR
EVT00084201,2024-07-08,EMP02551,CC0022,PA,1,Leave Return,,CAD,CAN,2024-07-08 21:00:00,CORE_HR
EVT00084316,2024-07-16,EMP02895,CC0086,CR,3,Performance Pay,2835.36,GBP,GBR,2024-07-16 21:00:00,CORE_HR
EVT00085104,2024-07-13,EMP03017,CC0110,EC,2,Performance Pay,12230.54,CAD,CAN,2024-07-13 18:00:00,CORE_HR
EVT00084324,2024-07-18,EMP02156,CC0043,AS,2,Step Increment,63240.09,CAD,CAN,2024-07-18 20:00:00,CORE_HR
EVT00084632,2024-07-09,EMP03893,CC0099,EX,2,Step Increment,178548.1,CAD,CAN,2024-07-09 13:00:00,CORE_HR
EVT00084504,2024-07-05,EMP00844,CC0073,EN,3,Step Increment,122554.5,CAD,CAN,2024-07-06 06:00:00,CORE_HR
EVT00085595,2024-07-24,EMP00066,CC0089,CR,2,Leave Return,,CAD,CAN,2024-07-25 12:00:00,CORE_HR
EVT00084417,2024-07-18,EMP02735,CC0097,PA,4,Leave Return,,CAD,CA,2024-07-19 05:00:00,PAYROLL
EVT00084493,2024-07-22,EMP00129,CC0023,IT,2,Step Increment,103138.33,CAD,CAN,2024-07-22 06:00:00,CORE_HR
EVT00084270,2024-07-13,EMP02832,CC0106,EX,2,Step Increment,179479.63,CAD,CAN,2024-07-13 17:00:00,CORE_HR
EVT00084881,2024-07-25,EMP02231,CC0098,CR,2,Hire,56967.71,CAD,CA,2024-07-25 18:00:00,PAYROLL
EVT00085587,2024-07-22,EMP01942,CC0075,IT,3,Departure,,CAD,CA,2024-07-23 07:00:00,PAYROLL
EVT00085692,2024-07-05,EMP04699,CC0069,IT,3,Leave Start,,CAD,CA,2024-07-05 06:00:00,PAYROLL
EVT00085179,2024-07-01,EMP03557,CC0009,PA,2,Leave Return,,AED,AE,2024-07-01 08:00:00,PAYROLL
EVT00084478,2024-07-03,EMP03370,CC0015,PA,1,Leave Start,,CAD,CA,2024-07-03 10:00:00,PAYROLL
EVT00085318,2024-07-15,EMP01722,CC0069,PA,1,Step Increment,71094.94,CAD,CAN,2024-07-16 09:00:00,CORE_HR
EVT00084374,2024-07-01,EMP05049,CC0010,FI,2,Step Increment,85738.9,CAD,CAN,2024-07-02 15:00:00,CORE_HR
EVT00084038,2024-07-06,EMP00896,CC0033,CR,4,Promotion,81102.16,CAD,CAN,2024-07-07 08:00:00,CORE_HR
EVT00085752,2024-07-05,EMP03853,CC0048,PA,1,Step Increment,51309.64,CAD,CA,2024-07-05 21:00:00,PAYROLL
EVT00084923,2024-07-04,EMP02956,CC0009,PA,4,Leave Return,,KES,KEN,2024-07-04 18:00:00,CORE_HR
EVT00085683,2024-07-11,EMP01861,CC0048,IT,1,Hire,78167.12,CAD,CA,2024-07-11 17:00:00,PAYROLL
EVT00085901,2024-07-19,EMP00024,CC0024,PA,1,Leave Start,,CAD,CAN,2024-07-19 21:00:00,CORE_HR
EVT00084178,2024-07-22,EMP01765,CC0048,CR,2,Departure,,CAD,CA,2024-07-23 05:00:00,PAYROLL
EVT00084891,2024-07-01,EMP03959,CC0048,AS,2,Step Increment,70931.73,CAD,CAN,2024-07-02 12:00:00,CORE_HR
EVT00085263,2024-07-14,EMP01034,CC0100,FI,4,Step Increment,103569.95,CAD,CA,2024-07-15 05:00:00,PAYROLL
EVT00084810,2024-07-02,EMP04207,CC0070,PA,2,Leave Start,,CAD,CAN,2024-07-03 13:00:00,CORE_HR
EVT00084157,2024-07-11,EMP00345,CC0091,IT,2,Promotion,91264.12,CAD,CAN,2024-07-12 01:00:00,CORE_HR
EVT00084738,2024-07-15,EMP03988,CC0030,AS,2,Step Increment,53608.49,EUR,DEU,2024-07-16 05:00:00,CORE_HR
EVT00084806,2024-07-26,EMP02363,CC0020,FI,1,Step Increment,64356.82,CAD,CAN,2024-07-26 23:00:00,CORE_HR
EVT00084123,2024-07-01,EMP02412,CC0033,EN,4,Leave Return,,CAD,CAN,2024-07-02 12:00:00,CORE_HR
EVT00084730,2024-07-15,EMP03776,CC0033,EC,2,Step Increment,99894.29,CAD,CAN,2024-07-16 15:00:00,CORE_HR
EVT00084179,2024-07-16,EMP03501,CC0070,EC,4,Step Increment,99236.83,CAD,CAN,2024-07-16 09:00:00,CORE_HR
EVT00084345,2024-07-11,EMP04331,CC0089,AS,3,Step Increment,73828.73,CAD,CAN,2024-07-11 07:00:00,CORE_HR
EVT00085921,2024-07-04,EMP04848,CC0045,PA,3,Step Increment,88895.83,CAD,CAN,2024-07-05 04:00:00,CORE_HR
EVT00085203,2024-07-13,EMP00349,CC0112,EC,3,Departure,,CAD,CA,2024-07-14 10:00:00,PAYROLL
EVT00085771,2024-07-23,EMP02013,CC0116,AS,4,Leave Return,,CAD,CAN,2024-07-23 21:00:00,CORE_HR
EVT00084062,2024-07-05,EMP03996,CC0119,PA,2,Leave Return,,CAD,CAN,2024-07-05 21:00:00,CORE_HR
EVT00084471,2024-07-16,EMP01003,CC0013,CR,2,Performance Pay,5785.59,CAD,CA,2024-07-16 16:00:00,PAYROLL
EVT00085156,2024-07-19,EMP00430,CC0048,AS,2,Leave Start,,CAD,CAN,2024-07-19 10:00:00,CORE_HR
EVT00085760,2024-07-24,EMP00356,CC0045,EX,1,Leave Start,,CAD,CAN,2024-07-24 10:00:00,CORE_HR
EVT00084003,2024-07-07,EMP05104,CC0046,IT,1,Performance Pay,8712.96,EUR,FRA,2024-07-07 10:00:00,CORE_HR
EVT00085146,2024-07-18,EMP03927,CC0053,AS,3,Promotion,79039.17,CAD,CAN,2024-07-18 11:00:00,CORE_HR
EVT00085276,2024-07-15,EMP04929,CC0073,EN,2,Lateral Deployment,,CAD,CA,2024-07-15 09:00:00,PAYROLL
EVT00084494,2024-07-24,EMP04993,CC0082,PA,2,Performance Pay,8141.73,CAD,CAN,2024-07-24 16:00:00,CORE_HR
EVT00085630,2024-07-11,EMP02065,CC0117,AS,1,Step Increment,57139.83,CAD,CAN,2024-07-12 04:00:00,CORE_HR
EVT00085869,2024-07-11,EMP04972,CC0025,FI,1,Step Increment,71176.83,CAD,CAN,2024-07-11 15:00:00,CORE_HR
EVT00085789,2024-07-03,EMP03689,CC0019,EC,4,Step Increment,123915.61,CAD,CAN,2024-07-04 04:00:00,CORE_HR
EVT00085763,2024-07-21,EMP00244,CC0031,PA,3,Hire,118345.45,AUD,AUS,2024-07-22 15:00:00,CORE_HR
EVT00084348,2024-07-10,EMP02391,CC0098,AS,4,Leave Start,,CAD,CAN,2024-07-11 00:00:00,CORE_HR
EVT00085003,2024-07-18,EMP04579,CC0052,PA,3,Step Increment,81527.83,CAD,CAN,2024-07-19 03:00:00,CORE_HR
EVT00085671,2024-07-08,EMP00503,CC0085,PA,4,Step Increment,100353.3,CAD,CA,2024-07-09 15:00:00,PAYROLL
EVT00085169,2024-07-04,EMP00727,CC0068,IT,3,Performance Pay,11239.51,CAD,CAN,2024-07-05 05:00:00,CORE_HR
EVT00084262,2024-07-03,EMP03134,CC0019,EC,3,Hire,104691.21,CAD,CAN,2024-07-03 08:00:00,CORE_HR
EVT00084688,2024-07-27,EMP02871,CC0116,IT,1,Departure,,CAD,CA,2024-07-27 14:00:00,PAYROLL
EVT00085125,2024-07-13,EMP03225,CC0093,IT,1,Lateral Deployment,,CAD,CAN,2024-07-14 12:00:00,CORE_HR
EVT00084162,2024-07-13,EMP02504,CC0117,AS,4,Step Increment,86064.93,CAD,CA,2024-07-14 14:00:00,PAYROLL
EVT00083996,2024-07-22,EMP04299,CC0046,EC,3,Step Increment,59474.86,GBP,GB,2024-07-22 20:00:00,PAYROLL
EVT00084762,2024-07-02,EMP02400,CC0069,EX,1,Step Increment,140552.19,CAD,CA,2024-07-02 15:00:00,PAYROLL
EVT00085911,2024-07-24,EMP02767,CC0102,IT,3,Leave Return,,CAD,CAN,2024-07-25 10:00:00,CORE_HR
EVT00085271,2024-07-23,EMP01881,CC0117,IT,1,Lateral Deployment,,CAD,CAN,2024-07-23 14:00:00,CORE_HR
EVT00084200,2024-07-14,EMP03211,CC0016,AS,1,Performance Pay,6866.79,CAD,CA,2024-07-15 14:00:00,PAYROLL
EVT00084936,2024-07-12,EMP00317,CC0012,EX,2,Leave Return,,CAD,CA,2024-07-12 19:00:00,PAYROLL
EVT00084521,2024-07-09,EMP03841,CC0081,IT,2,Leave Start,,CAD,CAN,2024-07-09 06:00:00,CORE_HR
EVT00085787,2024-07-13,EMP04405,CC0091,IT,4,Performance Pay,16312.95,CAD,CA,2024-07-13 11:00:00,PAYROLL
EVT00084326,2024-07-27,EMP05175,CC0016,FI,4,Lateral Deployment,,CAD,CAN,2024-07-28 14:00:00,CORE_HR
EVT00085208,2024-07-26,EMP03652,CC0085,EN,2,Leave Start,,CAD,CAN,2024-07-27 07:00:00,CORE_HR
EVT00084104,2024-07-11,EMP01856,CC0029,IT,1,Performance Pay,31007.72,AED,AE,2024-07-12 09:00:00,PAYROLL
EVT00085803,2024-07-01,EMP02695,CC0055,EX,1,Lateral Deployment,,CAD,CA,2024-07-01 15:00:00,PAYROLL
EVT00085350,2024-07-21,EMP00535,CC0010,EN,2,Performance Pay,11151.14,CAD,CAN,2024-07-22 06:00:00,CORE_HR
EVT00085661,2024-07-24,EMP00648,CC0115,EN,1,Performance Pay,5103.51,CAD,CAN,2024-07-24 17:00:00,CORE_HR
EVT00083954,2024-07-07,EMP03643,CC0079,EC,3,Performance Pay,9744.1,CAD,CAN,2024-07-08 04:00:00,CORE_HR
EVT00085655,2024-07-11,EMP00029,CC0079,AS,2,Leave Start,,CAD,CAN,2024-07-12 05:00:00,CORE_HR
EVT00085496,2024-07-06,EMP02302,CC0066,PA,2,Leave Start,,CAD,CA,2024-07-06 11:00:00,PAYROLL
EVT00084037,2024-07-11,EMP01619,CC0062,PA,1,Step Increment,70497.76,CAD,CA,2024-07-12 10:00:00,PAYROLL
EVT00084986,2024-07-08,EMP01123,CC0085,IT,3,Step Increment,105239.12,CAD,CAN,2024-07-08 14:00:00,CORE_HR
EVT00085634,2024-07-04,EMP00415,CC0120,FI,2,Leave Return,,CAD,CAN,2024-07-04 19:00:00,CORE_HR
EVT00084046,2024-07-15,EMP04963,CC0089,IT,2,Leave Return,,CAD,CA,2024-07-16 07:00:00,PAYROLL
EVT00084592,2024-07-05,EMP04727,CC0059,IT,4,Step Increment,154203.13,CAD,CA,2024-07-06 08:00:00,PAYROLL
EVT00084240,2024-07-11,EMP04125,CC0052,EN,2,Step Increment,109271.2,CAD,CAN,2024-07-11 11:00:00,CORE_HR
EVT00085418,2024-07-09,EMP02917,CC0013,FI,2,Step Increment,84260.3,CAD,CA,2024-07-09 13:00:00,PAYROLL
EVT00085092,2024-07-11,EMP04448,CC0035,FI,2,Step Increment,90103.33,CAD,CAN,2024-07-11 08:00:00,CORE_HR
EVT00085886,2024-07-15,EMP02861,CC0070,EC,3,Performance Pay,6362.31,CAD,CA,2024-07-16 00:00:00,PAYROLL
EVT00084851,2024-07-01,EMP04374,CC0095,FI,2,Performance Pay,11394.57,CAD,CA,2024-07-01 06:00:00,PAYROLL
EVT00083964,2024-07-22,EMP02041,CC0035,EC,4,Hire,116737.34,CAD,CAN,2024-07-23 00:00:00,CORE_HR
EVT00085693,2024-07-11,EMP00880,CC0019,EX,2,Leave Start,,CAD,CAN,2024-07-12 11:00:00,CORE_HR
EVT00084121,2024-07-07,EMP02962,CC0017,EN,2,Performance Pay,4449.16,CAD,CA,2024-07-08 14:00:00,PAYROLL
EVT00084548,2024-07-26,EMP01712,CC0013,FI,3,Departure,,CAD,CAN,2024-07-26 19:00:00,CORE_HR
EVT00084860,2024-07-01,EMP03483,CC0001,EX,3,Lateral Deployment,,CAD,CA,2024-07-01 08:00:00,PAYROLL
EVT00085270,2024-07-24,EMP01583,CC0070,IT,1,Hire,97605.0,CAD,CAN,2024-07-25 00:00:00,CORE_HR
EVT00084099,2024-07-05,EMP04499,CC0103,AS,1,Departure,,CAD,CAN,2024-07-06 07:00:00,CORE_HR
EVT00085719,2024-07-08,EMP01195,CC0108,PA,1,Step Increment,42369.85,GBP,GBR,2024-07-08 08:00:00,CORE_HR
EVT00085635,2024-07-19,EMP04134,CC0008,EC,3,Lateral Deployment,,CAD,CA,2024-07-20 06:00:00,PAYROLL
EVT00085233,2024-07-13,EMP03301,CC0096,FI,1,Promotion,61051.85,CAD,CAN,2024-07-13 18:00:00,CORE_HR
EVT00085910,2024-07-19,EMP00871,CC0037,EC,5,Leave Return,,CAD,CAN,2024-07-19 16:00:00,CORE_HR
EVT00084061,2024-07-13,EMP04213,CC0033,IT,5,Leave Return,,CAD,CA,2024-07-14 13:00:00,PAYROLL
EVT00085777,2024-07-12,EMP01152,CC0031,AS,4,Step Increment,61661.31,SGD,SG,2024-07-12 23:00:00,PAYROLL
EVT00083979,2024-07-23,EMP04444,CC0071,FI,2,Lateral Deployment,,CAD,CAN,2024-07-23 23:00:00,CORE_HR
EVT00084565,2024-07-26,EMP03679,CC0103,FI,2,Hire,86486.3,CAD,CA,2024-07-26 11:00:00,PAYROLL
EVT00084193,2024-07-27,EMP00072,CC0048,PA,1,Leave Return,,CAD,CAN,2024-07-28 01:00:00,CORE_HR
EVT00085726,2024-07-27,EMP01899,CC0012,AS,4,Leave Return,,CAD,CA,2024-07-28 04:00:00,PAYROLL
EVT00085073,2024-07-01,EMP00799,CC0090,PA,4,Promotion,101955.09,CAD,CAN,2024-07-01 07:00:00,CORE_HR
EVT00085310,2024-07-20,EMP01862,CC0068,AS,5,Leave Return,,CAD,CAN,2024-07-21 08:00:00,CORE_HR
EVT00084887,2024-07-13,EMP04299,CC0046,EC,3,Step Increment,74927.35,SGD,SGP,2024-07-14 01:00:00,CORE_HR
EVT00085820,2024-07-13,EMP04995,CC0017,CR,2,Performance Pay,7401.67,CAD,CA,2024-07-14 04:00:00,PAYROLL
EVT00084135,2024-07-26,EMP02737,CC0004,AS,2,Step Increment,64889.97,CAD,CAN,2024-07-27 10:00:00,CORE_HR
EVT00085353,2024-07-22,EMP00936,CC0014,FI,4,Step Increment,109349.62,CAD,CAN,2024-07-23 09:00:00,CORE_HR
EVT00085565,2024-07-06,EMP04967,CC0066,EN,4,Departure,,CAD,CAN,2024-07-06 22:00:00,CORE_HR
EVT00084678,2024-07-12,EMP01304,CC0074,FI,2,Step Increment,343493.94,BRL,BRA,2024-07-12 06:00:00,CORE_HR
EVT00084883,2024-07-04,EMP05051,CC0037,EC,1,Leave Start,,CAD,CAN,2024-07-05 15:00:00,CORE_HR
EVT00084515,2024-07-20,EMP00813,CC0010,EC,4,Performance Pay,15099.22,CAD,CAN,2024-07-21 13:00:00,CORE_HR
EVT00084073,2024-07-02,EMP01581,CC0051,EC,4,Step Increment,96000.09,CAD,CAN,2024-07-02 13:00:00,CORE_HR
EVT00084166,2024-07-15,EMP03799,CC0120,PA,1,Step Increment,67414.71,CAD,CA,2024-07-16 07:00:00,PAYROLL
EVT00085668,2024-07-08,EMP02222,CC0020,EN,2,Hire,93925.39,CAD,CAN,2024-07-08 15:00:00,CORE_HR
EVT00085659,2024-07-12,EMP03657,CC0115,EC,2,Step Increment,95586.59,CAD,CAN,2024-07-12 23:00:00,CORE_HR
EVT00084984,2024-07-15,EMP01096,CC0085,PA,5,Leave Return,,CAD,CAN,2024-07-15 06:00:00,CORE_HR
EVT00084659,2024-07-23,EMP02041,CC0035,EC,4,Lateral Deployment,,CAD,CAN,2024-07-23 14:00:00,CORE_HR
EVT00085321,2024-07-04,EMP02496,CC0088,AS,5,Leave Start,,MXN,MEX,2024-07-04 13:00:00,CORE_HR
EVT00084165,1900-01-01,EMP02586,CC0009,EN,2,Leave Return,,JPY,JP,2024-07-27 21:00:00,PAYROLL
EVT00085281,2024-07-24,EMP03209,CC0105,FI,2,Leave Start,,AUD,AUS,2024-07-24 19:00:00,CORE_HR
EVT00085538,2024-07-18,EMP02625,CC0031,EC,5,Promotion,80391.31,SGD,SGP,2024-07-18 22:00:00,CORE_HR
EVT00084750,2024-07-01,EMP02277,CC0098,FI,3,Step Increment,84237.37,CAD,CA,2024-07-01 21:00:00,PAYROLL
EVT00085894,2024-07-16,EMP03402,CC0113,EN,1,Leave Start,,CAD,CA,2024-07-17 09:00:00,PAYROLL
EVT00084615,2024-07-06,EMP02970,CC0047,AS,2,Leave Start,,CAD,CA,2024-07-06 07:00:00,PAYROLL
EVT00085576,2024-07-13,EMP00841,CC0055,EN,5,Leave Return,,CAD,CAN,2024-07-13 09:00:00,CORE_HR
EVT00085361,2024-07-23,EMP04991,CC0074,EC,5,Leave Start,,KES,KEN,2024-07-25 03:00:00,CORE_HR
EVT00084658,2024-07-26,EMP02541,CC0114,EN,2,Performance Pay,8898.04,CAD,CAN,2024-07-26 08:00:00,CORE_HR
EVT00085035,2024-07-22,EMP00572,CC0089,CR,1,Performance Pay,6053.32,CAD,CA,2024-07-22 16:00:00,PAYROLL
EVT00084580,2024-07-25,EMP03272,CC0074,EC,1,Step Increment,57980.14,EUR,FR,2024-07-25 16:00:00,PAYROLL
EVT00084246,2024-07-08,EMP01688,CC0080,CR,1,Performance Pay,16242.22,BRL,BRA,2024-07-09 13:00:00,CORE_HR
EVT00084776,2024-07-15,EMP03822,CC0088,CR,5,Leave Return,,MXN,MEX,2024-07-15 10:00:00,CORE_HR
EVT00085601,2024-07-02,EMP00769,CC0118,EN,1,Performance Pay,7119.2,CAD,CAN,2024-07-03 09:00:00,CORE_HR
EVT00084250,2024-07-10,EMP00870,CC0020,IT,4,Leave Return,,CAD,CAN,2024-07-11 14:00:00,CORE_HR
EVT00085255,2024-07-25,EMP02621,CC0118,AS,5,Departure,,CAD,CAN,2024-07-26 08:00:00,CORE_HR
EVT00085746,2024-07-15,EMP04369,CC0020,IT,1,Performance Pay,8443.96,CAD,CAN,2024-07-16 00:00:00,CORE_HR
EVT00084385,2024-07-23,EMP00736,CC0074,PA,2,Step Increment,7254227.56,JPY,JPN,2024-07-23 23:00:00,CORE_HR
EVT00085660,2024-07-20,EMP02911,CC0027,PA,4,Step Increment,90699.62,CAD,CAN,2024-07-21 15:00:00,CORE_HR
EVT00084501,2024-07-17,EMP00845,CC0052,PA,2,Leave Return,,CAD,CAN,2024-07-18 03:00:00,CORE_HR
EVT00084995,2024-07-23,EMP03089,CC0031,EN,4,Step Increment,15352954.46,KES,KEN,2024-07-23 14:00:00,CORE_HR
EVT00085788,2024-07-13,EMP01383,CC0114,CR,2,Hire,63268.62,CAD,CAN,2024-07-13 16:00:00,CORE_HR
EVT00084646,2024-07-05,EMP03177,CC0036,AS,3,Leave Start,,CAD,CAN,2024-07-05 10:00:00,CORE_HR
EVT00083963,2024-07-26,EMP04808,CC0036,EC,1,Step Increment,86039.78,CAD,CAN,2024-07-26 21:00:00,CORE_HR
EVT00084466,2024-07-09,EMP02198,CC0077,PA,1,Promotion,72483.93,CAD,CA,2024-07-09 12:00:00,PAYROLL
EVT00085431,2024-07-26,EMP03937,CC0048,PA,3,Step Increment,90617.71,CAD,CAN,2024-07-26 15:00:00,CORE_HR
EVT00085665,2024-07-04,EMP04387,CC0033,PA,5,Promotion,97124.61,CAD,CAN,2024-07-05 01:00:00,CORE_HR
EVT00084069,2024-07-27,EMP00286,CC0007,EN,4,Performance Pay,1499438.5,JPY,JPN,2024-07-27 09:00:00,CORE_HR
EVT00084412,2024-07-20,EMP00482,CC0111,PA,1,Step Increment,226497.49,BRL,BRA,2024-07-21 00:00:00,CORE_HR
EVT00084761,2024-07-17,EMP02466,CC0051,CR,3,Step Increment,65689.68,CAD,CAN,2024-07-18 09:00:00,CORE_HR
EVT00084161,2024-07-07,EMP00484,CC0027,IT,2,Step Increment,96317.88,CAD,CA,2024-07-07 07:00:00,PAYROLL
EVT00083963,2024-07-26,EMP04808,CC0036,EC,1,Step Increment,86039.78,CAD,CAN,2024-07-28 20:00:00,CORE_HR
EVT00085868,2024-07-15,EMP01999,CC0120,EN,3,Step Increment,117361.78,CAD,CAN,2024-07-15 16:00:00,CORE_HR
EVT00085860,2024-07-02,EMP00694,CC0008,EC,3,Hire,114409.18,CAD,CA,2024-07-03 01:00:00,PAYROLL
EVT00084082,2024-07-11,EMP00559,CC0034,FI,4,Step Increment,102484.0,CAD,CAN,2024-07-11 09:00:00,CORE_HR
EVT00085798,2024-07-26,EMP00114,CC0037,IT,5,Hire,139465.12,CAD,CA,2024-07-28 10:00:00,PAYROLL
EVT00085000,2024-07-16,EMP02025,CC0108,PA,1,Step Increment,39116.22,GBP,GB,2024-07-16 14:00:00,PAYROLL
EVT00084652,2024-07-15,EMP04649,CC0006,FI,3,Step Increment,84659.66,CAD,CA,2024-07-15 20:00:00,PAYROLL
EVT00085542,2024-07-07,EMP04332,CC0027,PA,5,Performance Pay,7879.97,CAD,CA,2024-07-08 02:00:00,PAYROLL
EVT00085250,2024-07-13,EMP02002,CC0016,AS,1,Leave Start,,CAD,CA,2024-07-13 07:00:00,PAYROLL
EVT00084222,2024-07-05,EMP04850,CC0010,AS,2,Leave Start,,CAD,CAN,2024-07-05 11:00:00,CORE_HR
EVT00085395,2024-07-23,EMP04515,CC0102,AS,2,Step Increment,63494.51,CAD,CA,2024-07-23 19:00:00,PAYROLL
EVT00084083,2024-07-09,EMP04208,CC0112,EX,1,Leave Start,,CAD,CA,2024-07-09 12:00:00,PAYROLL
EVT00084661,2024-07-04,EMP01108,CC0091,PA,3,Hire,87550.75,CAD,CA,2024-07-05 13:00:00,PAYROLL
EVT00084134,2024-07-05,EMP02442,CC0009,IT,3,Leave Return,,BRL,BRA,2024-07-07 08:00:00,CORE_HR
EVT00085511,2024-07-16,EMP00358,CC0086,AS,2,Step Increment,51633.21,EUR,DE,2024-07-16 20:00:00,PAYROLL
EVT00084011,2024-07-07,EMP03173,CC0041,EC,1,Hire,74443.28,CAD,CAN,2024-07-07 20:00:00,CORE_HR
EVT00085429,2024-07-13,EMP03731,CC0119,EX,2,Step Increment,137265.64,CAD,CAN,2024-07-14 19:00:00,CORE_HR
EVT00085614,2024-07-08,EMP05029,CC0106,PA,1,Step Increment,70611.63,CAD,CAN,2024-07-09 01:00:00,CORE_HR
EVT00085819,2024-07-15,EMP04551,CC0108,PA,2,Performance Pay,4122.32,EUR,FRA,2024-07-16 11:00:00,CORE_HR
EVT00085128,2024-07-04,EMP02436,CC0087,EN,3,Leave Start,,CAD,CAN,2024-07-07 09:00:00,CORE_HR
EVT00085213,2024-07-16,EMP01079,CC0110,EX,1,Step Increment,142701.64,CAD,CAN,2024-07-16 21:00:00,CORE_HR
EVT00084605,2024-07-27,EMP00437,CC0013,EN,3,Lateral Deployment,,CAD,CA,2024-07-28 13:00:00,PAYROLL
EVT00083999,2024-07-27,EMP04780,CC0047,PA,1,Performance Pay,9218.55,CAD,CAN,2024-07-27 08:00:00,CORE_HR
EVT00085714,2024-07-12,EMP04875,CC0101,PA,1,Lateral Deployment,,CAD,CAN,2024-07-14 11:00:00,CORE_HR
EVT00085127,2024-07-16,EMP03336,CC0027,AS,1,Step Increment,61743.56,CAD,CA,2024-07-16 23:00:00,PAYROLL
EVT00085541,2024-07-02,EMP04473,CC0107,EN,1,Step Increment,81278.61,CAD,CA,2024-07-02 08:00:00,PAYROLL
EVT00085471,2024-07-26,EMP00711,CC0070,PA,4,Step Increment,102834.11,CAD,CA,2024-07-27 04:00:00,PAYROLL
EVT00085764,2024-07-22,EMP03801,CC0115,AS,3,Performance Pay,8507.37,CAD,CAN,2024-07-23 02:00:00,CORE_HR
EVT00085780,2024-07-21,EMP03110,CC0112,FI,3,Performance Pay,4845.42,CAD,CAN,2024-07-21 23:00:00,CORE_HR
EVT00084536,2024-07-17,EMP00559,CC0034,FI,4,Step Increment,85894.06,CAD,CA,2024-07-17 17:00:00,PAYROLL
EVT00085539,2024-07-23,EMP00948,CC0005,FI,5,Performance Pay,13668.13,CAD,CAN,2024-07-23 17:00:00,CORE_HR
EVT00085291,2024-07-23,EMP00050,CC0117,IT,1,Step Increment,79458.31,CAD,CAN,2024-07-23 11:00:00,CORE_HR
EVT00084517,2024-07-06,EMP01908,CC0118,PA,1,Step Increment,71233.56,CAD,CA,2024-07-07 08:00:00,PAYROLL
EVT00084674,2024-07-20,EMP00189,CC0106,PA,2,Leave Start,,CAD,CA,2024-07-21 12:00:00,PAYROLL
EVT00084916,2024-07-13,EMP02426,CC0059,IT,1,Step Increment,92073.44,CAD,CAN,2024-07-13 10:00:00,CORE_HR
EVT00084226,2024-07-10,EMP04902,CC0057,CR,5,Leave Start,,CAD,CAN,2024-07-10 15:00:00,CORE_HR
EVT00084622,2024-07-17,EMP01206,CC0109,EN,3,Leave Start,,CAD,CAN,2024-07-18 02:00:00,CORE_HR
EVT00084863,2024-07-21,EMP04311,CC0056,IT,4,Step Increment,139402.7,CAD,CA,2024-07-21 16:00:00,PAYROLL
EVT00084888,2024-07-07,EMP01641,CC0014,AS,1,Step Increment,54767.34,CAD,CAN,2024-07-07 12:00:00,CORE_HR
EVT00085650,2024-07-19,EMP00935,CC0109,PA,1,Leave Start,,CAD,CA,2024-07-20 15:00:00,PAYROLL
EVT00084502,2024-07-06,EMP02528,CC0007,AS,1,Leave Start,,EUR,FRA,2024-07-06 11:00:00,CORE_HR
EVT00084760,2024-07-09,EMP00858,CC0021,IT,2,Step Increment,100778.99,CAD,CA,2024-07-09 15:00:00,PAYROLL
EVT00084656,2024-07-18,EMP00156,CC0011,IT,3,Lateral Deployment,,CAD,CA,2024-07-19 11:00:00,PAYROLL
EVT00084647,2024-07-14,EMP01511,CC0079,PA,2,Lateral Deployment,,CAD,CA,2024-07-15 13:00:00,PAYROLL
EVT00085498,2024-07-10,EMP01174,CC0036,FI,3,Performance Pay,5575.72,CAD,CAN,2024-07-11 04:00:00,CORE_HR
EVT00084558,2024-07-01,EMP03342,CC0027,PA,3,Performance Pay,5118.96,CAD,CAN,2024-07-02 03:00:00,CORE_HR
EVT00084875,2024-07-03,EMP02919,CC0007,PA,2,Leave Return,,USD,USA,2024-07-04 14:00:00,CORE_HR
EVT00084313,2024-07-25,EMP04915,CC0100,EN,2,Performance Pay,7762.02,CAD,CAN,2024-07-25 19:00:00,CORE_HR
EVT00084117,2024-07-15,EMP02357,CC0028,AS,2,Step Increment,66035.05,CAD,CA,2024-07-16 10:00:00,PAYROLL
EVT00085104,2024-07-13,EMP03017,CC0110,EC,2,Performance Pay,12230.54,CAD,CAN,2024-07-14 19:00:00,CORE_HR
EVT00084300,2024-07-10,EMP03924,CC0073,AS,2,Leave Return,,CAD,CA,2024-07-11 12:00:00,PAYROLL
EVT00084829,2024-07-02,EMP04710,CC0044,EX,1,Step Increment,129616.79,CAD,CAN,2024-07-02 21:00:00,CORE_HR
EVT00085399,2024-07-27,EMP02167,CC0007,PA,1,Lateral Deployment,,GBP,GBR,2024-07-27 20:00:00,CORE_HR
EVT00085546,2024-07-09,EMP03664,CC0100,AS,3,Hire,92098.88,CAD,CAN,2024-07-09 10:00:00,CORE_HR
EVT00083941,2024-07-25,EMP01711,CC0023,PA,3,Departure,,CAD,CAN,2024-07-25 21:00:00,CORE_HR
EVT00084330,2024-07-20,EMP03820,CC0115,PA,4,Leave Start,,CAD,CAN,2024-07-21 01:00:00,CORE_HR
EVT00084758,2024-07-13,EMP01665,CC0085,IT,4,Promotion,120564.14,CAD,CA,2024-07-13 09:00:00,PAYROLL
EVT00085717,2024-07-18,EMP03480,CC0065,FI,3,Step Increment,71928.48,USD,USA,2024-07-19 15:00:00,CORE_HR
EVT00085765,2024-07-26,EMP02601,CC0021,EC,4,Step Increment,120636.26,CAD,CAN,2024-07-26 13:00:00,CORE_HR
EVT00084341,2024-07-10,EMP00217,CC0087,IT,2,Step Increment,100039.94,CAD,CAN,2024-07-10 14:00:00,CORE_HR
EVT00085909,2024-07-10,EMP03963,CC0024,PA,1,Hire,67224.26,CAD,CAN,2024-07-10 17:00:00,CORE_HR
EVT00084110,2024-07-27,EMP03317,CC0017,AS,4,Step Increment,80338.96,CAD,CA,2024-07-28 08:00:00,PAYROLL
EVT00084080,2024-07-21,EMP00954,CC0115,EN,2,Lateral Deployment,,CAD,CAN,2024-07-22 15:00:00,CORE_HR
EVT00084039,2024-07-17,EMP03519,CC0118,IT,3,Step Increment,113980.94,CAD,CAN,2024-07-17 13:00:00,CORE_HR
EVT00085867,2024-07-23,EMP02868,CC0001,EX,1,Promotion,145341.29,CAD,CAN,2024-07-23 06:00:00,CORE_HR
EVT00085720,2024-07-14,EMP02229,CC0013,CR,1,Lateral Deployment,,CAD,CA,2024-07-15 01:00:00,PAYROLL
EVT00084137,2024-07-20,EMP01009,CC0010,IT,2,Performance Pay,9024.87,CAD,CAN,2024-07-20 11:00:00,CORE_HR
EVT00085609,2024-07-04,EMP01495,CC0055,IT,1,Leave Start,,CAD,CAN,2024-07-04 12:00:00,CORE_HR
EVT00085896,2024-07-08,EMP04659,CC0039,AS,2,Leave Return,,CAD,CA,2024-07-08 07:00:00,PAYROLL
EVT00084837,2024-07-16,EMP01303,CC0096,PA,2,Hire,71210.63,CAD,CA,2024-07-16 09:00:00,PAYROLL
EVT00085232,2024-07-02,EMP00772,CC0035,FI,3,Step Increment,97542.25,CAD,CA,2024-07-03 09:00:00,PAYROLL
EVT00084460,2024-07-20,EMP00327,CC0027,EN,1,Lateral Deployment,,CAD,CA,2024-07-20 12:00:00,PAYROLL
EVT00085616,2024-07-25,EMP00989,CC0056,EN,4,Step Increment,134223.92,CAD,CA,2024-07-26 00:00:00,PAYROLL
EVT00084115,2024-07-01,EMP02338,CC0011,PA,1,Leave Start,,CAD,CAN,2024-07-01 17:00:00,CORE_HR
EVT00084843,2024-07-07,EMP02061,CC0001,FI,5,Performance Pay,5022.4,CAD,CAN,2024-07-07 12:00:00,CORE_HR
EVT00085346,2024-07-18,EMP05193,CC0015,PA,2,Departure,,CAD,CAN,2024-07-19 12:00:00,CORE_HR
EVT00084787,2024-07-01,EMP04695,CC0064,EC,3,Lateral Deployment,,CAD,CAN,2024-07-01 12:00:00,CORE_HR
EVT00084159,2024-07-24,EMP03952,CC0073,EX,1,Lateral Deployment,,CAD,CAN,2024-07-24 13:00:00,CORE_HR
EVT00085445,2024-07-24,EMP03799,CC0120,PA,1,Departure,,CAD,CAN,2024-07-25 04:00:00,CORE_HR
EVT00085468,2024-07-22,EMP03694,CC0016,AS,2,Hire,69882.94,CAD,CAN,2024-07-23 04:00:00,CORE_HR
EVT00085363,2024-07-26,EMP00183,CC0043,EN,3,Step Increment,122867.63,CAD,CA,2024-07-26 10:00:00,PAYROLL
EVT00085236,2024-07-03,EMP03166,CC0040,EN,2,Step Increment,111673.54,CAD,CA,2024-07-03 11:00:00,PAYROLL
EVT00085428,2024-07-08,EMP00976,CC0010,FI,3,Leave Return,,CAD,CAN,2024-07-09 03:00:00,CORE_HR
EVT00084059,2024-07-19,EMP01919,CC0072,AS,5,Leave Start,,CAD,CAN,2024-07-20 03:00:00,CORE_HR
EVT00084040,2024-07-26,EMP02803,CC0088,FI,1,Leave Start,,SGD,SG,2024-07-27 15:00:00,PAYROLL
EVT00084719,2024-07-04,EMP04187,CC0030,PA,2,Step Increment,40269.14,GBP,GB,2024-07-05 04:00:00,PAYROLL
EVT00085305,2024-07-25,EMP03541,CC0046,PA,4,Promotion,5584562.59,INR,IN,2024-07-25 09:00:00,PAYROLL
EVT00085297,2024-07-25,EMP05180,CC0026,PA,1,Leave Start,,CAD,CAN,2024-07-25 06:00:00,CORE_HR
EVT00085727,2024-07-12,EMP00720,CC0060,EC,2,Leave Return,,CAD,CAN,2024-07-12 23:00:00,CORE_HR
EVT00085286,2024-07-13,EMP04601,CC0030,CR,4,Promotion,47414.41,GBP,GBR,2024-07-13 20:00:00,CORE_HR
EVT00085675,2024-07-15,EMP00120,CC0117,EC,1,Lateral Deployment,,CAD,CAN,2024-07-15 19:00:00,CORE_HR
EVT00084020,2024-07-05,EMP02771,CC0031,CR,5,Leave Return,,JPY,JP,2024-07-05 18:00:00,PAYROLL
EVT00085090,2024-07-10,EMP04004,CC0107,IT,1,Performance Pay,8858.46,CAD,CA,2024-07-11 05:00:00,PAYROLL
EVT00084528,2024-07-09,EMP01973,CC0026,CR,2,Leave Start,,CAD,CAN,2024-07-09 15:00:00,CORE_HR
EVT00085004,2024-07-18,EMP05107,CC0110,PA,3,Lateral Deployment,,CAD,CAN,2024-07-21 08:00:00,CORE_HR
EVT00084590,2024-07-13,EMP03124,CC0055,EN,3,Performance Pay,15131.47,CAD,CAN,2024-07-14 10:00:00,CORE_HR
EVT00084097,2024-07-13,EMP01106,CC0003,IT,1,Leave Start,,CAD,CAN,2024-07-14 12:00:00,CORE_HR
EVT00085505,2024-07-08,EMP02989,CC0070,AS,5,Step Increment,84569.08,CAD,CA,2024-07-09 07:00:00,PAYROLL
EVT00085202,2024-07-12,EMP00648,CC0115,EN,1,Lateral Deployment,,CAD,CAN,2024-07-12 07:00:00,CORE_HR
EVT00085150,2024-07-16,EMP01068,CC0063,IT,2,Step Increment,97066.8,CAD,CAN,2024-07-17 13:00:00,CORE_HR
EVT00084155,2024-07-16,EMP00578,CC0025,CR,3,Step Increment,67365.84,CAD,CAN,2024-07-17 01:00:00,CORE_HR
EVT00084397,2024-07-18,EMP04923,CC0020,PA,2,Performance Pay,6352.65,CAD,CAN,2024-07-19 09:00:00,CORE_HR
EVT00085697,2024-07-27,EMP02270,CC0067,CR,3,Performance Pay,5675.86,CAD,CAN,2024-07-28 02:00:00,CORE_HR
EVT00085046,2024-07-07,EMP03629,CC0039,PA,4,Leave Start,,CAD,CA,2024-07-08 00:00:00,PAYROLL
EVT00084390,2024-07-10,EMP02034,CC0031,PA,1,Hire,3615547.67,INR,IN,2024-07-10 15:00:00,PAYROLL
EVT00084754,2024-07-19,EMP02231,CC0098,CR,2,Leave Return,,CAD,CAN,2024-07-20 11:00:00,CORE_HR
EVT00085374,2024-07-21,EMP01035,CC0084,EC,3,Leave Return,,CAD,CA,2024-07-22 09:00:00,PAYROLL
EVT00084522,2024-07-27,EMP02873,CC0003,PA,1,Step Increment,71710.07,CAD,CA,2024-07-28 01:00:00,PAYROLL
EVT00084421,2024-07-18,EMP05105,CC0080,PA,4,Leave Return,,AED,AE,2024-07-18 18:00:00,PAYROLL
EVT00085761,2024-07-05,EMP04055,CC0007,AS,1,Leave Return,,SGD,SGP,2024-07-05 22:00:00,CORE_HR
EVT00084734,2024-07-14,EMP01471,CC0079,AS,1,Step Increment,64699.63,CAD,CA,2024-07-15 10:00:00,PAYROLL
EVT00085573,2024-07-07,EMP04157,CC0010,EX,2,Leave Start,,CAD,CAN,2024-07-07 08:00:00,CORE_HR
EVT00085152,2024-07-09,EMP02814,CC0017,CR,1,Step Increment,42801.53,CAD,CA,2024-07-10 14:00:00,PAYROLL
EVT00084931,2024-07-19,EMP01145,CC0094,EC,1,Step Increment,81999.94,CAD,CA,2024-07-20 02:00:00,PAYROLL
EVT00085411,2024-07-20,EMP00814,CC0023,PA,4,Step Increment,88007.01,CAD,CAN,2024-07-20 14:00:00,CORE_HR
EVT00085012,2024-07-27,EMP01220,CC0070,AS,4,Performance Pay,11123.99,CAD,CA,2024-07-28 05:00:00,PAYROLL
EVT00085816,2024-07-26,EMP04905,CC0044,FI,1,Step Increment,75677.83,CAD,CA,2024-07-26 08:00:00,PAYROLL
EVT00085256,2024-07-16,EMP02004,CC0062,EC,5,Leave Start,,CAD,CAN,2024-07-17 07:00:00,CORE_HR
EVT00085410,2024-07-02,EMP00112,CC0036,PA,3,Promotion,77232.68,CAD,CA,2024-07-02 17:00:00,PAYROLL
EVT00085432,2024-07-07,EMP01216,CC0069,FI,3,Performance Pay,6338.09,CAD,CAN,2024-07-08 11:00:00,CORE_HR
EVT00084456,2024-07-12,EMP03771,CC0003,IT,4,Step Increment,118039.62,CAD,CA,2024-07-12 12:00:00,PAYROLL
EVT00085160,2024-07-25,EMP01202,CC0061,CR,2,Step Increment,62042.29,CAD,CA,2024-07-25 20:00:00,PAYROLL
EVT00085147,2024-07-18,EMP04456,CC0047,CR,4,Performance Pay,6400.73,CAD,CAN,2024-07-19 02:00:00,CORE_HR
EVT00085444,2024-07-14,EMP03078,CC0010,EC,1,Lateral Deployment,,CAD,CAN,2024-07-15 12:00:00,CORE_HR
EVT00084184,2024-07-07,EMP00308,CC0119,AS,2,Step Increment,72431.92,CAD,CAN,2024-07-07 08:00:00,CORE_HR
EVT00085708,2024-07-16,EMP04754,CC0017,CR,3,Step Increment,65604.94,CAD,CAN,2024-07-16 09:00:00,CORE_HR
EVT00083978,2024-07-05,EMP00640,CC0024,AS,2,Hire,70204.03,CAD,CAN,2024-07-05 14:00:00,CORE_HR
EVT00085515,2024-07-20,EMP01958,CC0076,EN,2,Step Increment,111236.65,CAD,CA,2024-07-20 06:00:00,PAYROLL
EVT00085128,2024-07-04,EMP02436,CC0087,EN,3,Leave Start,,CAD,CAN,2024-07-05 15:00:00,CORE_HR
EVT00084834,2024-07-21,EMP01565,CC0090,CR,3,Hire,55826.21,CAD,CAN,2024-07-22 01:00:00,CORE_HR
EVT00084382,2024-07-03,EMP04038,CC0119,EX,1,Step Increment,145906.74,CAD,CA,2024-07-04 00:00:00,PAYROLL
EVT00084838,2024-07-08,EMP01525,CC0050,FI,4,Performance Pay,14628.0,CAD,CAN,2024-07-09 04:00:00,CORE_HR
EVT00084800,1900-01-01,EMP05146,CC0015,CR,4,Leave Start,,CAD,CAN,2024-07-05 03:00:00,CORE_HR
EVT00084265,2024-07-13,EMP99999,CC0085,EC,3,Lateral Deployment,,CAD,CAN,2024-07-14 00:00:00,CORE_HR
EVT00085274,2024-07-11,EMP01798,CC0002,EN,3,Performance Pay,13307.66,CAD,CAN,2024-07-11 11:00:00,CORE_HR
EVT00085557,2024-07-19,EMP03884,CC0109,EX,2,Step Increment,120642.34,CAD,CAN,2024-07-19 06:00:00,CORE_HR
EVT00083997,2024-07-22,EMP01886,CC0047,CR,1,Step Increment,55825.46,CAD,CAN,2024-07-22 18:00:00,CORE_HR
EVT00084266,2024-07-13,EMP05019,CC0065,PA,2,Performance Pay,707044.66,KES,KE,2024-07-14 00:00:00,PAYROLL
EVT00085070,2024-07-05,EMP00894,CC0058,EN,1,Promotion,84935.47,CAD,CA,2024-07-05 21:00:00,PAYROLL
EVT00085563,2024-07-26,EMP01007,CC0019,IT,1,Step Increment,91396.71,CAD,CAN,2024-07-27 10:00:00,CORE_HR
EVT00084155,2024-07-16,EMP00578,CC0025,CR,3,Step Increment,67365.84,CAD,CAN,2024-07-19 03:00:00,CORE_HR
EVT00085368,2024-07-15,EMP02353,CC0050,CR,3,Step Increment,63737.56,CAD,CAN,2024-07-16 08:00:00,CORE_HR
EVT00085838,2024-07-13,EMP01758,CC0047,FI,1,Hire,82139.06,CAD,CAN,2024-07-14 06:00:00,CORE_HR
EVT00084934,2024-07-16,EMP02118,CC0039,CR,5,Departure,,CAD,CAN,2024-07-17 06:00:00,CORE_HR
EVT00084954,2024-07-19,EMP02272,CC0005,CR,5,Leave Return,,CAD,CAN,2024-07-19 17:00:00,CORE_HR
EVT00085323,2024-07-24,EMP00604,CC0018,EX,3,Leave Start,,CAD,CAN,2024-07-25 14:00:00,CORE_HR
EVT00084315,2024-07-11,EMP04159,CC0046,PA,1,Performance Pay,772460.41,KES,KEN,2024-07-11 23:00:00,CORE_HR
EVT00085641,2024-07-09,EMP02692,CC0033,PA,4,Lateral Deployment,,CAD,CAN,2024-07-09 19:00:00,CORE_HR
EVT00084660,2024-07-10,EMP03977,CC0103,FI,3,Lateral Deployment,,CAD,CA,2024-07-10 08:00:00,PAYROLL
EVT00084217,2024-07-07,EMP02763,CC0102,PA,4,Leave Return,,CAD,CAN,2024-07-08 06:00:00,CORE_HR
EVT00084879,2024-07-09,EMP04655,CC0073,IT,1,Hire,84803.39,CAD,CAN,2024-07-10 07:00:00,CORE_HR
EVT00085142,2024-07-08,EMP04531,CC0052,EN,4,Step Increment,127424.25,CAD,CAN,2024-07-08 06:00:00,CORE_HR
EVT00084103,2024-07-18,EMP01106,CC0003,IT,1,Step Increment,92327.35,CAD,CAN,2024-07-18 11:00:00,CORE_HR
EVT00085330,2024-07-16,EMP03753,CC0106,FI,4,Lateral Deployment,,CAD,CA,2024-07-16 18:00:00,PAYROLL
EVT00084946,2024-07-17,EMP00698,CC0109,PA,3,Step Increment,80268.41,CAD,CAN,2024-07-18 10:00:00,CORE_HR
EVT00085120,2024-07-22,EMP01248,CC0053,EC,1,Step Increment,85511.31,CAD,CA,2024-07-23 03:00:00,PAYROLL
EVT00085889,2024-07-02,EMP01536,CC0082,EC,2,Lateral Deployment,,CAD,CA,2024-07-03 06:00:00,PAYROLL
EVT00084490,2024-07-27,EMP01473,CC0020,IT,1,Performance Pay,4445.64,CAD,CAN,2024-07-28 02:00:00,CORE_HR
EVT00085449,2024-07-04,EMP02197,CC0018,PA,2,Step Increment,73891.45,CAD,CAN,2024-07-05 14:00:00,CORE_HR
EVT00084702,2024-07-27,EMP03846,CC0031,AS,1,Leave Start,,EUR,DE,2024-07-27 20:00:00,PAYROLL
EVT00085707,2024-07-02,EMP03305,CC0111,PA,5,Performance Pay,8996.63,EUR,DE,2024-07-03 00:00:00,PAYROLL
EVT00084638,2024-07-02,EMP03013,CC0095,AS,2,Step Increment,64204.12,CAD,CAN,2024-07-03 05:00:00,CORE_HR
EVT00084808,2024-07-25,EMP02610,CC0044,PA,2,Step Increment,74926.18,CAD,CA,2024-07-26 08:00:00,PAYROLL
EVT00085158,2024-07-02,EMP00464,CC0033,PA,2,Performance Pay,8007.0,CAD,CAN,2024-07-03 12:00:00,CORE_HR
EVT00084788,2024-07-18,EMP04757,CC0036,EX,2,Leave Start,,CAD,CA,2024-07-18 19:00:00,PAYROLL
EVT00084156,2024-07-04,EMP03128,CC0045,EX,1,Leave Start,,CAD,CA,2024-07-04 16:00:00,PAYROLL
EVT00083956,2024-07-26,EMP04243,CC0063,IT,1,Departure,,CAD,CA,2024-07-26 20:00:00,PAYROLL
EVT00084284,2024-07-23,EMP04399,CC0102,EN,4,Departure,,CAD,CAN,2024-07-24 11:00:00,CORE_HR
EVT00084791,2024-07-07,EMP00122,CC0113,CR,4,Lateral Deployment,,CAD,CA,2024-07-08 10:00:00,PAYROLL
EVT00085151,2024-07-11,EMP04540,CC0044,EC,2,Step Increment,96972.64,CAD,CAN,2024-07-12 13:00:00,CORE_HR
EVT00085810,2024-07-01,EMP03499,CC0044,CR,2,Departure,,CAD,CA,2024-07-02 00:00:00,PAYROLL
EVT00084355,2024-07-14,EMP00268,CC0117,PA,2,Lateral Deployment,,CAD,CA,2024-07-14 12:00:00,PAYROLL
EVT00085068,2024-07-01,EMP99999,CC0101,EC,2,Leave Start,,CAD,CA,2024-07-02 10:00:00,PAYROLL
EVT00084171,2024-07-12,EMP03359,CC0079,EN,3,Departure,,CAD,CAN,2024-07-12 09:00:00,CORE_HR
EVT00084021,2024-07-17,EMP01977,CC0023,IT,2,Step Increment,117199.41,CAD,CAN,2024-07-18 07:00:00,CORE_HR
EVT00084506,2024-07-08,EMP00061,CC0068,PA,4,Leave Return,,CAD,CAN,2024-07-08 18:00:00,CORE_HR
EVT00084937,2024-07-18,EMP04551,CC0108,PA,2,Departure,,AUD,AUS,2024-07-19 03:00:00,CORE_HR
EVT00084086,2024-07-18,EMP02306,CC0114,CR,3,Performance Pay,7225.22,CAD,CA,2024-07-19 13:00:00,PAYROLL
EVT00084598,2024-07-24,EMP01750,CC0115,EX,1,Promotion,133375.89,CAD,CAN,2024-07-25 08:00:00,CORE_HR
EVT00084643,2024-07-21,EMP04477,CC0039,EN,2,Performance Pay,11938.24,CAD,CA,2024-07-21 07:00:00,PAYROLL
EVT00085037,2024-07-05,EMP03587,CC0069,FI,1,Lateral Deployment,,CAD,CAN,2024-07-05 15:00:00,CORE_HR
EVT00084977,2024-07-20,EMP00912,CC0043,IT,2,Step Increment,95669.0,CAD,CAN,2024-07-20 18:00:00,CORE_HR
EVT00085916,2024-07-15,EMP00175,CC0056,IT,1,Leave Start,,CAD,CAN,2024-07-16 03:00:00,CORE_HR
EVT00085672,2024-07-16,EMP01071,CC0005,IT,2,Step Increment,92721.9,CAD,CAN,2024-07-17 05:00:00,CORE_HR
EVT00085453,2024-07-15,EMP03925,CC0074,CR,3,Leave Start,,EUR,FRA,2024-07-16 02:00:00,CORE_HR
EVT00084087,2024-07-10,EMP02354,CC0018,AS,3,Lateral Deployment,,CAD,CA,2024-07-10 08:00:00,PAYROLL
EVT00084023,2024-07-23,EMP00810,CC0074,CR,1,Promotion,166831.58,AED,AE,2024-07-23 21:00:00,PAYROLL
EVT00085568,1900-01-01,EMP04788,CC0086,AS,4,Step Increment,94333.53,AUD,AU,2024-07-04 03:00:00,PAYROLL
EVT00084276,2024-07-16,EMP02340,CC0105,EX,3,Step Increment,22930031.86,KES,KEN,2024-07-19 10:00:00,CORE_HR
EVT00085800,2024-07-12,EMP01416,CC0101,CR,2,Leave Start,,CAD,CAN,2024-07-12 17:00:00,CORE_HR
EVT00085818,2024-07-03,EMP01280,CC0072,EX,1,Departure,,CAD,CA,2024-07-03 21:00:00,PAYROLL
EVT00084127,2024-07-08,EMP02062,CC0037,PA,1,Step Increment,62336.1,CAD,CA,2024-07-08 21:00:00,PAYROLL
EVT00084961,2024-07-18,EMP00862,CC0048,AS,2,Departure,,CAD,CA,2024-07-18 11:00:00,PAYROLL
EVT00084335,2024-07-03,EMP04977,CC0006,CR,4,Step Increment,80272.99,CAD,CA,2024-07-03 22:00:00,PAYROLL
EVT00084274,2024-07-19,EMP04371,CC0001,PA,3,Performance Pay,10468.63,CAD,CA,2024-07-19 23:00:00,PAYROLL
EVT00085378,2024-07-26,EMP02584,CC0037,EX,2,Step Increment,168361.64,CAD,CAN,2024-07-26 14:00:00,CORE_HR
EVT00084433,2024-07-10,EMP01474,CC0066,PA,3,Leave Start,,CAD,CAN,2024-07-10 20:00:00,CORE_HR
EVT00085543,2024-07-12,EMP02039,CC0021,EC,1,Step Increment,83961.07,CAD,CA,2024-07-13 10:00:00,PAYROLL
EVT00083984,2024-07-12,EMP03771,CC0003,IT,4,Leave Return,,CAD,CA,2024-07-13 03:00:00,PAYROLL
EVT00084733,2024-07-25,EMP02870,CC0015,CR,3,Leave Start,,CAD,CA,2024-07-26 09:00:00,PAYROLL
EVT00085718,2024-07-23,EMP04474,CC0039,EN,2,Leave Return,,CAD,CAN,2024-07-24 12:00:00,CORE_HR
EVT00084252,2024-07-21,EMP01022,CC0111,CR,1,Leave Return,,EUR,FRA,2024-07-22 05:00:00,CORE_HR
EVT00084336,2024-07-12,EMP01617,CC0029,EX,1,Leave Return,,MXN,MEX,2024-07-12 18:00:00,CORE_HR
EVT00084045,2024-07-12,EMP04804,CC0013,EX,2,Step Increment,165703.25,CAD,CAN,2024-07-13 15:00:00,CORE_HR
EVT00084353,2024-07-26,EMP04302,CC0053,AS,3,Leave Start,,CAD,CAN,2024-07-27 15:00:00,CORE_HR
EVT00084587,2024-07-23,EMP02846,CC0065,IT,1,Leave Start,,JPY,JPN,2024-07-23 21:00:00,CORE_HR
EVT00084098,2024-07-03,EMP02504,CC0117,AS,4,Lateral Deployment,,CAD,CA,2024-07-03 15:00:00,PAYROLL
EVT00085689,2024-07-16,EMP02292,CC0104,AS,2,Step Increment,70754.64,CAD,CAN,2024-07-17 02:00:00,CORE_HR
EVT00084939,2024-07-15,EMP02453,CC0073,IT,1,Performance Pay,5310.36,CAD,CA,2024-07-16 06:00:00,PAYROLL
EVT00084525,2024-07-17,EMP02380,CC0089,PA,1,Leave Start,,CAD,CAN,2024-07-17 16:00:00,CORE_HR
EVT00085116,2024-07-20,EMP03434,CC0082,EC,4,Step Increment,110834.23,CAD,CA,2024-07-21 04:00:00,PAYROLL
EVT00084170,2024-07-23,EMP02425,CC0113,EX,2,Step Increment,131287.04,CAD,CAN,2024-07-24 10:00:00,CORE_HR
EVT00084684,2024-07-24,EMP03317,CC0017,AS,4,Performance Pay,7047.27,CAD,CAN,2024-07-24 09:00:00,CORE_HR
EVT00084483,2024-07-24,EMP01178,CC0060,AS,3,Performance Pay,8040.67,CAD,CAN,2024-07-24 11:00:00,CORE_HR
EVT00084211,2024-07-26,EMP01524,CC0018,FI,2,Leave Start,,CAD,CA,2024-07-27 14:00:00,PAYROLL
EVT00084905,2024-07-07,EMP00681,CC0044,EX,2,Step Increment,120016.44,CAD,CAN,2024-07-07 06:00:00,CORE_HR
EVT00084440,2024-07-16,EMP01959,CC0065,AS,2,Step Increment,3869994.83,INR,IND,2024-07-16 23:00:00,CORE_HR
EVT00085460,2024-07-07,EMP00482,CC0111,PA,1,Step Increment,6602231.42,JPY,JPN,2024-07-07 20:00:00,CORE_HR
EVT00084398,2024-07-13,EMP01078,CC0022,FI,4,Leave Return,,CAD,CAN,2024-07-14 13:00:00,CORE_HR
EVT00085739,2024-07-21,EMP01346,CC0093,IT,5,Step Increment,138711.93,CAD,CA,2024-07-21 13:00:00,PAYROLL
EVT00085426,2024-07-04,EMP00930,CC0081,PA,2,Step Increment,82632.18,CAD,CA,2024-07-05 06:00:00,PAYROLL
EVT00085024,2024-07-16,EMP03139,CC0111,AS,1,Performance Pay,575581.22,JPY,JPN,2024-07-17 12:00:00,CORE_HR
EVT00084749,2024-07-17,EMP04693,CC0007,FI,2,Leave Return,,JPY,JPN,2024-07-17 17:00:00,CORE_HR
EVT00084282,2024-07-02,EMP02138,CC0016,PA,3,Leave Return,,CAD,CAN,2024-07-02 16:00:00,CORE_HR
EVT00085407,2024-07-09,EMP01749,CC0076,CR,5,Leave Return,,CAD,CAN,2024-07-10 14:00:00,CORE_HR
EVT00084968,2024-07-13,EMP01442,CC0066,PA,3,Leave Return,,CAD,CAN,2024-07-13 16:00:00,CORE_HR
EVT00085433,2024-07-01,EMP03869,CC0101,AS,1,Step Increment,63168.64,CAD,CAN,2024-07-01 07:00:00,CORE_HR
EVT00084286,2024-07-15,EMP01565,CC0090,CR,3,Step Increment,66833.51,CAD,CAN,2024-07-15 13:00:00,CORE_HR
EVT00084203,2024-07-09,EMP03528,CC0103,FI,2,Leave Return,,CAD,CAN,2024-07-10 01:00:00,CORE_HR
EVT00085157,2024-07-07,EMP03375,CC0078,EC,4,Performance Pay,9766.94,CAD,CAN,2024-07-07 23:00:00,CORE_HR
EVT00085826,2024-07-06,EMP00340,CC0103,PA,3,Step Increment,82339.93,CAD,CAN,2024-07-07 14:00:00,CORE_HR
EVT00085052,2024-07-11,EMP02422,CC0006,EX,1,Performance Pay,15714.07,CAD,CAN,2024-07-11 13:00:00,CORE_HR
EVT00084544,2024-07-02,EMP04854,CC0106,EC,5,Leave Start,,CAD,CA,2024-07-02 07:00:00,PAYROLL
EVT00083952,2024-07-13,EMP03866,CC0096,AS,2,Step Increment,66224.03,CAD,CA,2024-07-13 18:00:00,PAYROLL
EVT00084125,2024-07-24,EMP00451,CC0047,FI,2,Leave Start,,CAD,CAN,2024-07-25 06:00:00,CORE_HR
EVT00085919,2024-07-02,EMP02313,CC0087,EC,3,Leave Start,,CAD,CA,2024-07-02 23:00:00,PAYROLL
EVT00085413,2024-07-20,EMP04687,CC0059,CR,3,Leave Return,,CAD,CA,2024-07-20 14:00:00,PAYROLL
EVT00084846,2024-07-08,EMP05196,CC0004,EX,1,Step Increment,131792.28,CAD,CAN,2024-07-08 20:00:00,CORE_HR
EVT00084145,2024-07-21,EMP04673,CC0105,AS,4,Departure,,SGD,SGP,2024-07-21 14:00:00,CORE_HR
EVT00083975,2024-07-08,EMP04286,CC0028,IT,1,Performance Pay,9882.04,CAD,CAN,2024-07-08 18:00:00,CORE_HR
EVT00084606,2024-07-12,EMP03827,CC0019,AS,2,Step Increment,74453.03,CAD,CA,2024-07-12 18:00:00,PAYROLL
EVT00084322,2024-07-17,EMP04695,CC0064,EC,3,Leave Start,,CAD,CAN,2024-07-18 11:00:00,CORE_HR
EVT00085866,2024-07-03,EMP02215,CC0032,FI,1,Leave Start,,CAD,CA,2024-07-06 00:00:00,PAYROLL
EVT00084634,2024-07-22,EMP04817,CC0049,AS,1,Step Increment,45626.04,SGD,SGP,2024-07-23 04:00:00,CORE_HR
EVT00085679,2024-07-26,EMP04620,CC0003,EN,2,Leave Return,,CAD,CA,2024-07-26 11:00:00,PAYROLL
EVT00084825,2024-07-10,EMP05046,CC0017,PA,1,Leave Return,,CAD,CA,2024-07-10 15:00:00,PAYROLL
EVT00084133,2024-07-13,EMP02336,CC0005,AS,1,Step Increment,52400.51,CAD,CA,2024-07-13 09:00:00,PAYROLL
EVT00084258,2024-07-08,EMP01113,CC0082,AS,1,Performance Pay,7107.08,CAD,CAN,2024-07-11 01:00:00,CORE_HR
EVT00084967,2024-07-15,EMP04344,CC0102,PA,3,Leave Return,,CAD,CAN,2024-07-16 14:00:00,CORE_HR
EVT00085841,2024-07-14,EMP01491,CC0069,IT,2,Leave Start,,CAD,CA,2024-07-14 20:00:00,PAYROLL
EVT00085556,2024-07-05,EMP05052,CC0034,EC,1,Departure,,CAD,CA,2024-07-06 02:00:00,PAYROLL
EVT00085043,2024-07-08,EMP00924,CC0031,EN,2,Step Increment,80751.52,EUR,FRA,2024-07-08 15:00:00,CORE_HR
EVT00085658,2024-07-04,EMP02545,CC0007,EN,4,Leave Start,,EUR,DEU,2024-07-04 07:00:00,CORE_HR
EVT00085146,2024-07-18,EMP03927,CC0053,AS,3,Promotion,79039.17,CAD,CAN,2024-07-19 16:00:00,CORE_HR
EVT00084922,2024-07-21,EMP00434,CC0081,AS,5,Step Increment,91729.12,CAD,CAN,2024-07-22 03:00:00,CORE_HR
EVT00084740,2024-07-12,EMP00457,CC0065,FI,5,Performance Pay,4641.14,SGD,SG,2024-07-13 04:00:00,PAYROLL
EVT00085851,2024-07-18,EMP04546,CC0001,CR,5,Hire,74093.54,CAD,CAN,2024-07-18 06:00:00,CORE_HR
EVT00084966,2024-07-02,EMP02504,CC0117,AS,4,Departure,,CAD,CA,2024-07-03 03:00:00,PAYROLL
EVT00084149,2024-07-15,EMP01280,CC0072,EX,1,Leave Return,,CAD,CAN,2024-07-15 20:00:00,CORE_HR
EVT00084343,2024-07-17,EMP02526,CC0014,EC,1,Leave Start,,CAD,CAN,2024-07-17 18:00:00,CORE_HR
EVT00084822,2024-07-22,EMP04373,CC0032,PA,1,Step Increment,63238.73,CAD,CAN,2024-07-22 10:00:00,CORE_HR
EVT00084726,2024-07-10,EMP01266,CC0091,PA,4,Performance Pay,8951.13,CAD,CA,2024-07-11 00:00:00,PAYROLL
EVT00085394,2024-07-25,EMP00338,CC0040,CR,3,Leave Return,,CAD,CAN,2024-07-25 16:00:00,CORE_HR
EVT00085264,2024-07-11,EMP04417,CC0077,AS,3,Lateral Deployment,,CAD,CAN,2024-07-11 19:00:00,CORE_HR
EVT00084439,2024-07-20,EMP01002,CC0048,CR,4,Leave Return,,CAD,CAN,2024-07-22 16:00:00,CORE_HR
EVT00084728,2024-07-03,EMP04106,CC0120,PA,3,Lateral Deployment,,CAD,CAN,2024-07-03 21:00:00,CORE_HR
EVT00084474,2024-07-09,EMP05090,CC0093,EC,2,Lateral Deployment,,CAD,CA,2024-07-09 09:00:00,PAYROLL
EVT00084786,2024-07-25,EMP01858,CC0116,EN,3,Step Increment,106223.99,CAD,CAN,2024-07-26 03:00:00,CORE_HR
EVT00083990,2024-07-03,EMP02531,CC0091,IT,2,Step Increment,98162.69,CAD,CAN,2024-07-03 21:00:00,CORE_HR
EVT00085239,2024-07-01,EMP02849,CC0013,PA,2,Step Increment,82329.93,CAD,CAN,2024-07-02 14:00:00,CORE_HR
EVT00084823,2024-07-14,EMP04241,CC0012,FI,2,Step Increment,91339.4,CAD,CAN,2024-07-15 03:00:00,CORE_HR
EVT00084243,2024-07-10,EMP03541,CC0046,PA,4,Leave Return,,USD,USA,2024-07-10 23:00:00,CORE_HR
EVT00084712,2024-07-03,EMP00089,CC0014,EX,1,Step Increment,146186.04,CAD,CA,2024-07-03 14:00:00,PAYROLL
EVT00084116,2024-07-17,EMP03632,CC0104,EC,3,Departure,,CAD,CA,2024-07-18 07:00:00,PAYROLL
EVT00084411,2024-07-18,EMP01171,CC0068,CR,1,Leave Start,,CAD,CA,2024-07-18 22:00:00,PAYROLL
EVT00085201,2024-07-08,EMP03079,CC0099,FI,4,Step Increment,117251.84,CAD,CAN,2024-07-09 02:00:00,CORE_HR
EVT00084457,2024-07-23,EMP00944,CC0028,EN,1,Leave Return,,CAD,CAN,2024-07-23 06:00:00,CORE_HR
EVT00085074,2024-07-19,EMP00984,CC0072,EC,3,Departure,,CAD,CAN,2024-07-19 16:00:00,CORE_HR
EVT00084142,2024-07-03,EMP04557,CC0102,PA,4,Departure,,CAD,CAN,2024-07-04 15:00:00,CORE_HR
EVT00084626,2024-07-16,EMP00580,CC0112,PA,5,Leave Start,,CAD,CAN,2024-07-16 19:00:00,CORE_HR
EVT00085758,2024-07-11,EMP04138,CC0008,EN,1,Leave Start,,CAD,CAN,2024-07-12 12:00:00,CORE_HR
EVT00085807,2024-07-17,EMP01149,CC0085,EN,2,Leave Start,,CAD,CAN,2024-07-17 22:00:00,CORE_HR
EVT00085145,2024-07-22,EMP00512,CC0026,PA,2,Leave Return,,CAD,CA,2024-07-23 09:00:00,PAYROLL
EVT00085648,2024-07-14,EMP01445,CC0093,PA,4,Leave Start,,CAD,CA,2024-07-14 22:00:00,PAYROLL
EVT00085423,2024-07-16,EMP04707,CC0112,CR,1,Step Increment,55604.2,CAD,CA,2024-07-16 23:00:00,PAYROLL
EVT00085713,2024-07-27,EMP01034,CC0100,FI,4,Step Increment,118341.57,CAD,CAN,2024-07-28 15:00:00,CORE_HR
EVT00084500,2024-07-16,EMP05196,CC0004,EX,1,Step Increment,177146.17,CAD,CA,2024-07-17 00:00:00,PAYROLL
EVT00084831,2024-07-03,EMP02271,CC0030,PA,2,Step Increment,114614.04,AUD,AUS,2024-07-05 11:00:00,CORE_HR
EVT00085005,2024-07-27,EMP00511,CC0036,EC,3,Performance Pay,8847.62,CAD,CAN,2024-07-28 00:00:00,CORE_HR
EVT00085162,2024-07-06,EMP03239,CC0033,EN,1,Leave Start,,CAD,CA,2024-07-07 11:00:00,PAYROLL
EVT00085248,2024-07-19,EMP03227,CC0049,EN,3,Step Increment,1609994.28,MXN,MEX,2024-07-19 10:00:00,CORE_HR
EVT00085562,2024-07-03,EMP04215,CC0024,EX,1,Step Increment,149881.22,CAD,CAN,2024-07-05 23:00:00,CORE_HR
EVT00085387,2024-07-05,EMP04194,CC0054,IT,5,Step Increment,109715.73,EUR,DEU,2024-07-06 10:00:00,CORE_HR
EVT00085400,2024-07-07,EMP05177,CC0087,CR,4,Step Increment,68478.54,CAD,CAN,2024-07-08 01:00:00,CORE_HR
EVT00085178,2024-07-09,EMP00655,CC0068,FI,1,Leave Start,,CAD,CAN,2024-07-09 11:00:00,CORE_HR
EVT00084534,2024-07-03,EMP04349,CC0102,FI,1,Performance Pay,9872.36,CAD,CAN,2024-07-03 19:00:00,CORE_HR
EVT00085109,2024-07-10,EMP01561,CC0060,EC,5,Hire,136458.1,CAD,CAN,2024-07-10 13:00:00,CORE_HR
EVT00085748,2024-07-21,EMP03010,CC0063,CR,1,Lateral Deployment,,XXX,CA,2024-07-21 18:00:00,PAYROLL
EVT00084386,2024-07-13,EMP01530,CC0052,PA,1,Departure,,CAD,CAN,2024-07-13 11:00:00,CORE_HR
EVT00084507,2024-07-20,EMP01565,CC0090,CR,3,Step Increment,56106.4,CAD,CAN,2024-07-20 10:00:00,CORE_HR
EVT00084018,2024-07-03,EMP04851,CC0082,EX,2,Leave Return,,CAD,CAN,2024-07-04 06:00:00,CORE_HR
EVT00084811,2024-07-02,EMP03437,CC0008,AS,3,Step Increment,73325.46,CAD,CA,2024-07-02 12:00:00,PAYROLL
EVT00084136,2024-07-02,EMP00608,CC0052,PA,1,Leave Return,,CAD,CA,2024-07-03 03:00:00,PAYROLL
EVT00085386,2024-07-12,EMP03895,CC0120,IT,4,Step Increment,148966.82,CAD,CA,2024-07-12 11:00:00,PAYROLL
EVT00084495,2024-07-15,EMP04463,CC0016,IT,2,Leave Start,,CAD,CA,2024-07-16 09:00:00,PAYROLL
EVT00085154,2024-07-23,EMP00078,CC0025,EC,3,Promotion,100469.99,CAD,CA,2024-07-24 09:00:00,PAYROLL
EVT00084107,2024-07-23,EMP00314,CC0083,PA,3,Leave Return,,CAD,CA,2024-07-24 12:00:00,PAYROLL
EVT00085585,2024-07-03,EMP00311,CC0012,EX,2,Step Increment,154554.85,CAD,CAN,2024-07-03 15:00:00,CORE_HR
EVT00084210,2024-07-05,EMP00920,CC0048,AS,5,Hire,84358.48,CAD,CAN,2024-07-05 08:00:00,CORE_HR
EVT00085101,2024-07-02,EMP00811,CC0058,EX,3,Step Increment,173723.08,CAD,CAN,2024-07-03 09:00:00,CORE_HR
EVT00085124,2024-07-24,EMP02495,CC0049,FI,3,Leave Start,,SGD,SG,2024-07-24 10:00:00,PAYROLL
EVT00085424,2024-07-14,EMP01272,CC0077,FI,2,Leave Start,,CAD,CA,2024-07-14 21:00:00,PAYROLL
EVT00084727,2024-07-14,EMP00403,CC0114,CR,3,Promotion,72235.57,CAD,CAN,2024-07-14 20:00:00,CORE_HR
EVT00084291,2024-07-13,EMP01682,CC0032,PA,2,Lateral Deployment,,CAD,CAN,2024-07-13 17:00:00,CORE_HR
EVT00085487,2024-07-19,EMP05013,CC0105,FI,3,Hire,11577069.22,KES,KEN,2024-07-19 17:00:00,CORE_HR
EVT00085517,2024-07-03,EMP05179,CC0023,IT,4,Lateral Deployment,,CAD,CA,2024-07-03 23:00:00,PAYROLL
EVT00085359,2024-07-18,EMP04049,CC0074,FI,5,Performance Pay,8867.7,GBP,GB,2024-07-18 22:00:00,PAYROLL
EVT00084609,2024-07-13,EMP03338,CC0098,AS,4,Departure,,CAD,CAN,2024-07-13 08:00:00,CORE_HR
EVT00084818,2024-07-24,EMP03044,CC0031,EC,5,Leave Return,,JPY,JPN,2024-07-25 08:00:00,CORE_HR
EVT00085888,2024-07-22,EMP01193,CC0054,CR,5,Step Increment,9063198.27,KES,KEN,2024-07-23 13:00:00,CORE_HR
EVT00085891,2024-07-05,EMP05095,CC0077,EX,1,Hire,124143.66,CAD,CA,2024-07-05 08:00:00,PAYROLL
EVT00085352,2024-07-09,EMP04428,CC0009,FI,1,Leave Return,,JPY,JP,2024-07-09 10:00:00,PAYROLL
EVT00084372,2024-07-20,EMP03868,CC0079,IT,2,Departure,,CAD,CA,2024-07-21 08:00:00,PAYROLL
EVT00084351,2024-07-13,EMP02347,CC0020,AS,2,Step Increment,71436.45,CAD,CA,2024-07-13 11:00:00,PAYROLL
EVT00085025,2024-07-18,EMP04850,CC0010,AS,2,Departure,,CAD,CAN,2024-07-19 10:00:00,CORE_HR
EVT00085165,2024-07-20,EMP04913,CC0101,PA,3,Performance Pay,5028.36,CAD,CAN,2024-07-21 05:00:00,CORE_HR
EVT00084572,2024-07-24,EMP02553,CC0038,PA,1,Leave Return,,CAD,CAN,2024-07-24 15:00:00,CORE_HR
EVT00085463,2024-07-15,EMP02734,CC0102,FI,2,Promotion,82266.01,CAD,CA,2024-07-15 17:00:00,PAYROLL
EVT00085113,2024-07-25,EMP05046,CC0017,PA,1,Performance Pay,6254.75,CAD,CAN,2024-07-25 12:00:00,CORE_HR
EVT00085853,2024-07-15,EMP03895,CC0120,IT,4,Performance Pay,13973.48,CAD,CAN,2024-07-15 19:00:00,CORE_HR
EVT00085357,2024-07-23,EMP02669,CC0047,EX,3,Step Increment,180880.69,CAD,CAN,2024-07-24 11:00:00,CORE_HR
EVT00085778,2024-07-14,EMP01537,CC0100,EN,2,Hire,95250.01,CAD,CAN,2024-07-15 01:00:00,CORE_HR
EVT00085612,2024-07-06,EMP02440,CC0118,CR,2,Step Increment,67569.04,CAD,CAN,2024-07-06 13:00:00,CORE_HR
EVT00085832,2024-07-13,EMP01045,CC0078,PA,4,Departure,,CAD,CA,2024-07-14 07:00:00,PAYROLL
EVT00085031,2024-07-25,EMP02548,CC0117,AS,4,Leave Start,,CAD,CA,2024-07-25 21:00:00,PAYROLL
EVT00085607,2024-07-26,EMP03306,CC0053,FI,1,Step Increment,75784.02,CAD,CAN,2024-07-27 03:00:00,CORE_HR
EVT00085420,2024-07-09,EMP00664,CC0058,PA,1,Step Increment,63067.75,CAD,CA,2024-07-09 14:00:00,PAYROLL
EVT00084555,2024-07-04,EMP02376,CC0095,IT,2,Step Increment,105648.68,CAD,CA,2024-07-05 12:00:00,PAYROLL
EVT00085920,2024-07-02,EMP00028,CC0067,EC,1,Leave Return,,CAD,CA,2024-07-03 10:00:00,PAYROLL
EVT00084172,2024-07-22,EMP00035,CC0068,PA,4,Performance Pay,6753.49,CAD,CA,2024-07-23 10:00:00,PAYROLL
EVT00084237,2024-07-10,EMP02301,CC0117,AS,1,Leave Return,,CAD,CAN,2024-07-10 06:00:00,CORE_HR
EVT00085002,2024-07-02,EMP02990,CC0022,PA,3,Step Increment,93217.38,CAD,CAN,2024-07-03 11:00:00,CORE_HR
EVT00084882,2024-07-01,EMP01550,CC0034,PA,1,Lateral Deployment,,CAD,CAN,2024-07-01 14:00:00,CORE_HR
EVT00085732,2024-07-18,EMP03629,CC0039,PA,4,Hire,105159.82,CAD,CA,2024-07-19 00:00:00,PAYROLL
EVT00084576,2024-07-09,EMP04115,CC0099,IT,5,Performance Pay,10015.59,CAD,CAN,2024-07-10 04:00:00,CORE_HR
EVT00084342,2024-07-08,EMP02562,CC0097,IT,3,Step Increment,111521.17,CAD,CAN,2024-07-08 17:00:00,CORE_HR
EVT00084337,2024-07-24,EMP01074,CC0049,CR,5,Leave Start,,INR,IN,2024-07-24 06:00:00,PAYROLL
EVT00085058,2024-07-05,EMP00707,CC0020,EN,2,Step Increment,109067.22,CAD,CAN,2024-07-06 09:00:00,CORE_HR
EVT00084285,2024-07-05,EMP03771,CC0003,IT,4,Hire,128640.32,CAD,CA,2024-07-06 01:00:00,PAYROLL
EVT00085793,2024-07-08,EMP03087,CC0114,FI,2,Performance Pay,4728.27,CAD,CA,2024-07-09 10:00:00,PAYROLL
EVT00084630,2024-07-26,EMP04717,CC0101,EN,1,Step Increment,83997.3,CAD,CAN,2024-07-27 12:00:00,CORE_HR
EVT00085340,2024-07-02,EMP04488,CC0031,CR,3,Step Increment,3982270.98,INR,IND,2024-07-02 18:00:00,CORE_HR
EVT00083946,2024-07-21,EMP03345,CC0119,EX,1,Lateral Deployment,,CAD,CA,2024-07-22 02:00:00,PAYROLL
EVT00085643,2024-07-13,EMP02727,CC0104,PA,2,Step Increment,82565.17,CAD,CA,2024-07-14 07:00:00,PAYROLL
EVT00084053,2024-07-27,EMP04686,CC0089,EC,5,Promotion,134851.74,CAD,CAN,2024-07-28 03:00:00,CORE_HR
EVT00085454,2024-07-25,EMP04421,CC0114,CR,3,Departure,,CAD,CAN,2024-07-26 15:00:00,CORE_HR
EVT00084574,2024-07-10,EMP00745,CC0063,AS,5,Leave Return,,CAD,CAN,2024-07-10 15:00:00,CORE_HR
EVT00084571,2024-07-03,EMP00802,CC0036,EX,1,Leave Start,,CAD,CAN,2024-07-03 11:00:00,CORE_HR
EVT00085829,2024-07-25,EMP04658,CC0074,IT,1,Step Increment,12859263.69,KES,KE,2024-07-25 18:00:00,PAYROLL
EVT00084472,2024-07-19,EMP01522,CC0069,IT,3,Step Increment,95629.45,CAD,CAN,2024-07-19 16:00:00,CORE_HR
EVT00085666,2024-07-06,EMP05024,CC0070,PA,4,Step Increment,90291.99,CAD,CA,2024-07-06 22:00:00,PAYROLL
EVT00085706,2024-07-10,EMP04905,CC0044,FI,1,Lateral Deployment,,CAD,CAN,2024-07-11 02:00:00,CORE_HR
EVT00085898,2024-07-24,EMP05085,CC0048,AS,2,Performance Pay,8423.5,CAD,CAN,2024-07-24 11:00:00,CORE_HR
EVT00084847,2024-07-20,EMP03295,CC0073,PA,2,Promotion,77398.68,CAD,CA,2024-07-20 12:00:00,PAYROLL
EVT00085532,2024-07-16,EMP01386,CC0104,CR,1,Step Increment,46141.96,CAD,CAN,2024-07-17 12:00:00,CORE_HR
EVT00084691,2024-07-08,EMP02480,CC0038,FI,2,Hire,95721.49,CAD,CAN,2024-07-09 08:00:00,CORE_HR
EVT00084914,2024-07-10,EMP01073,CC0019,PA,2,Performance Pay,5351.48,CAD,CA,2024-07-10 23:00:00,PAYROLL
EVT00084610,2024-07-27,EMP01024,CC0076,EN,2,Step Increment,104505.0,CAD,CA,2024-07-27 17:00:00,PAYROLL
EVT00084437,2024-07-21,EMP00427,CC0010,CR,1,Lateral Deployment,,CAD,CAN,2024-07-21 14:00:00,CORE_HR
EVT00084004,2024-07-25,EMP05181,CC0102,EN,1,Performance Pay,7571.96,CAD,CAN,2024-07-25 13:00:00,CORE_HR
EVT00084666,2024-07-04,EMP04631,CC0083,AS,4,Lateral Deployment,,CAD,CAN,2024-07-05 02:00:00,CORE_HR
EVT00085163,2024-07-08,EMP03722,CC0028,AS,1,Performance Pay,7214.53,CAD,CAN,2024-07-09 03:00:00,CORE_HR
EVT00085874,2024-07-11,EMP00610,CC0030,AS,1,Leave Return,,AED,ARE,2024-07-11 09:00:00,CORE_HR
EVT00084764,2024-07-06,EMP00132,CC0021,EN,4,Hire,126850.75,CAD,CAN,2024-07-07 07:00:00,CORE_HR
EVT00084485,2024-07-13,EMP02870,CC0015,CR,3,Step Increment,85929.3,CAD,CAN,2024-07-14 10:00:00,CORE_HR
EVT00085412,2024-07-23,EMP03315,CC0073,EC,3,Step Increment,105446.24,CAD,CA,2024-07-24 00:00:00,PAYROLL
EVT00083986,2024-07-08,EMP02082,CC0010,IT,4,Hire,121988.58,CAD,CAN,2024-07-08 12:00:00,CORE_HR
EVT00085858,2024-07-09,EMP03376,CC0074,IT,1,Hire,1209624.83,MXN,MEX,2024-07-10 14:00:00,CORE_HR
EVT00085516,2024-07-19,EMP03828,CC0024,PA,5,Step Increment,114783.02,CAD,CAN,2024-07-20 00:00:00,CORE_HR
EVT00083965,2024-07-20,EMP01658,CC0095,EC,1,Promotion,77860.94,CAD,CAN,2024-07-21 08:00:00,CORE_HR
EVT00084845,2024-07-04,EMP00208,CC0099,PA,5,Performance Pay,12251.99,CAD,CA,2024-07-05 13:00:00,PAYROLL
EVT00085451,1900-01-01,EMP03929,CC0081,CR,3,Leave Return,,CAD,CAN,2024-07-28 13:00:00,CORE_HR
EVT00085126,2024-07-16,EMP04291,CC0034,FI,1,Leave Return,,CAD,CA,2024-07-17 11:00:00,PAYROLL
EVT00084737,2024-07-13,EMP04867,CC0076,CR,4,Lateral Deployment,,CAD,CAN,2024-07-13 23:00:00,CORE_HR
EVT00085224,2024-07-26,EMP00861,CC0091,CR,1,Lateral Deployment,,CAD,CA,2024-07-26 07:00:00,PAYROLL
EVT00084698,2024-07-01,EMP01151,CC0107,EN,2,Step Increment,100016.37,CAD,CAN,2024-07-02 00:00:00,CORE_HR
EVT00085741,2024-07-11,EMP02412,CC0033,EN,4,Lateral Deployment,,CAD,CA,2024-07-11 14:00:00,PAYROLL
EVT00084010,2024-07-25,EMP04202,CC0110,EC,2,Step Increment,90378.94,CAD,CAN,2024-07-26 01:00:00,CORE_HR
EVT00085913,2024-07-10,EMP02236,CC0048,EX,2,Step Increment,168857.5,CAD,CAN,2024-07-10 09:00:00,CORE_HR
EVT00085173,2024-07-01,EMP01539,CC0006,CR,3,Lateral Deployment,,CAD,CA,2024-07-02 04:00:00,PAYROLL
EVT00084673,2024-07-15,EMP01642,CC0011,PA,2,Step Increment,69236.84,CAD,CAN,2024-07-16 14:00:00,CORE_HR
EVT00084352,2024-07-03,EMP00446,CC0004,PA,5,Step Increment,124008.18,CAD,CA,2024-07-03 20:00:00,PAYROLL
EVT00085404,2024-07-14,EMP02183,CC0040,IT,3,Lateral Deployment,,CAD,CA,2024-07-14 15:00:00,PAYROLL
EVT00084812,2024-07-09,EMP01791,CC0045,PA,2,Lateral Deployment,,CAD,CA,2024-07-09 10:00:00,PAYROLL
EVT00085526,2024-07-25,EMP00434,CC0081,AS,5,Step Increment,84106.64,CAD,CA,2024-07-25 20:00:00,PAYROLL
EVT00085737,2024-07-08,EMP03644,CC0026,EX,2,Lateral Deployment,,CAD,CAN,2024-07-08 16:00:00,CORE_HR
EVT00084974,2024-07-10,EMP05060,CC0090,PA,3,Lateral Deployment,,CAD,CAN,2024-07-10 14:00:00,CORE_HR
EVT00084464,2024-07-02,EMP00150,CC0025,IT,1,Departure,,CAD,CA,2024-07-03 06:00:00,PAYROLL
EVT00085549,2024-07-02,EMP01843,CC0087,EN,1,Lateral Deployment,,CAD,CA,2024-07-03 03:00:00,PAYROLL
EVT00085767,2024-07-23,EMP03652,CC0085,EN,2,Departure,,CAD,CAN,2024-07-24 15:00:00,CORE_HR
EVT00084858,2024-07-10,EMP00517,CC0064,IT,2,Step Increment,96410.67,CAD,CA,2024-07-10 10:00:00,PAYROLL
EVT00085472,2024-07-27,EMP03845,CC0057,IT,1,Step Increment,92746.43,CAD,CAN,2024-07-27 18:00:00,CORE_HR
EVT00084620,2024-07-26,EMP03075,CC0086,PA,2,Leave Start,,BRL,BR,2024-07-26 10:00:00,PAYROLL
EVT00084513,2024-07-10,EMP04543,CC0118,CR,1,Lateral Deployment,,CAD,CAN,2024-07-11 08:00:00,CORE_HR
EVT00084469,2024-07-04,EMP04655,CC0073,IT,1,Hire,69226.85,CAD,CA,2024-07-04 17:00:00,PAYROLL
EVT00084816,2024-07-19,EMP02591,CC0044,EC,3,Leave Return,,CAD,CA,2024-07-20 14:00:00,PAYROLL
EVT00084919,2024-07-13,EMP04843,CC0008,CR,1,Leave Start,,CAD,CA,2024-07-13 13:00:00,PAYROLL
EVT00085243,2024-07-07,EMP05000,CC0031,IT,5,Leave Start,,AED,ARE,2024-07-07 17:00:00,CORE_HR
EVT00085818,2024-07-03,EMP01280,CC0072,EX,1,Departure,,CAD,CA,2024-07-05 05:00:00,PAYROLL
EVT00085864,2024-07-16,EMP00200,CC0105,AS,2,Performance Pay,901695.89,JPY,JPN,2024-07-16 06:00:00,CORE_HR
EVT00085269,2024-07-04,EMP03438,CC0071,IT,1,Leave Start,,CAD,CA,2024-07-05 10:00:00,PAYROLL
EVT00084833,2024-07-19,EMP03108,CC0019,EN,1,Step Increment,85032.82,CAD,CA,2024-07-19 18:00:00,PAYROLL
EVT00084975,2024-07-03,EMP03006,CC0099,IT,2,Departure,,CAD,CAN,2024-07-04 00:00:00,CORE_HR
EVT00084973,2024-07-17,EMP00136,CC0001,IT,1,Step Increment,84033.86,CAD,CAN,2024-07-17 21:00:00,CORE_HR
EVT00085143,2024-07-21,EMP02766,CC0037,AS,4,Performance Pay,6650.87,CAD,CAN,2024-07-21 19:00:00,CORE_HR
EVT00084050,2024-07-10,EMP03947,CC0019,AS,5,Leave Start,,CAD,CA,2024-07-10 16:00:00,PAYROLL
EVT00084051,2024-07-19,EMP03053,CC0009,AS,2,Promotion,45857.41,GBP,GB,2024-07-19 08:00:00,PAYROLL
EVT00084015,2024-07-14,EMP00931,CC0017,IT,1,Leave Start,,CAD,CA,2024-07-15 02:00:00,PAYROLL
EVT00085862,2024-07-04,EMP00501,CC0006,FI,1,Promotion,78688.48,CAD,CAN,2024-07-05 13:00:00,CORE_HR
EVT00084797,2024-07-22,EMP00145,CC0072,AS,2,Leave Return,,CAD,CAN,2024-07-23 05:00:00,CORE_HR
EVT00085185,2024-07-02,EMP01431,CC0103,AS,2,Step Increment,54536.39,CAD,CAN,2024-07-02 11:00:00,CORE_HR
EVT00085176,2024-07-23,EMP03216,CC0110,AS,3,Performance Pay,9349.18,CAD,CAN,2024-07-25 09:00:00,CORE_HR
EVT00085292,2024-07-14,EMP02562,CC0097,IT,3,Departure,,CAD,CAN,2024-07-14 06:00:00,CORE_HR
EVT00085230,2024-07-17,EMP02957,CC0032,EX,2,Leave Start,,CAD,CAN,2024-07-18 06:00:00,CORE_HR
EVT00085166,2024-07-13,EMP02112,CC0014,EX,1,Promotion,137930.26,CAD,CA,2024-07-14 03:00:00,PAYROLL
EVT00084468,2024-07-23,EMP01817,CC0064,AS,3,Step Increment,73439.99,CAD,CAN,2024-07-24 01:00:00,CORE_HR
EVT00085506,2024-07-26,EMP03762,CC0063,CR,2,Step Increment,62324.07,CAD,CA,2024-07-26 22:00:00,PAYROLL
EVT00084793,2024-07-23,EMP02201,CC0080,EC,1,Performance Pay,924803.78,KES,KEN,2024-07-24 09:00:00,CORE_HR
EVT00084223,2024-07-26,EMP03406,CC0045,EC,5,Leave Return,,CAD,CAN,2024-07-26 15:00:00,CORE_HR
EVT00084619,2024-07-21,EMP04531,CC0052,EN,4,Step Increment,127136.88,CAD,CA,2024-07-23 05:00:00,PAYROLL
EVT00085300,2024-07-01,EMP00130,CC0026,FI,2,Performance Pay,9498.45,CAD,CA,2024-07-01 20:00:00,PAYROLL
EVT00085691,2024-07-05,EMP00972,CC0044,EN,1,Leave Start,,CAD,CAN,2024-07-05 09:00:00,CORE_HR
EVT00085489,2024-07-26,EMP00325,CC0043,IT,3,Hire,112440.57,CAD,CAN,2024-07-27 02:00:00,CORE_HR
EVT00084561,2024-07-25,EMP02705,CC0094,EN,5,Step Increment,131292.44,CAD,CA,2024-07-25 20:00:00,PAYROLL
EVT00084453,2024-07-22,EMP01282,CC0018,AS,2,Step Increment,74245.98,CAD,CA,2024-07-22 15:00:00,PAYROLL
EVT00085615,2024-07-02,EMP01226,CC0047,EC,4,Hire,116417.59,CAD,CAN,2024-07-03 07:00:00,CORE_HR
EVT00085206,2024-07-11,EMP04802,CC0076,IT,4,Step Increment,141116.82,CAD,CA,2024-07-12 15:00:00,PAYROLL
EVT00085285,2024-07-20,EMP01669,CC0108,EX,2,Leave Start,,EUR,DEU,2024-07-20 18:00:00,CORE_HR
EVT00085409,2024-07-20,EMP01208,CC0032,AS,3,Lateral Deployment,,CAD,CA,2024-07-21 01:00:00,PAYROLL
EVT00084406,2024-07-12,EMP01759,CC0028,PA,4,Step Increment,96967.69,CAD,CA,2024-07-12 14:00:00,PAYROLL
EVT00084318,2024-07-16,EMP04856,CC0082,CR,1,Promotion,43780.75,CAD,CAN,2024-07-16 17:00:00,CORE_HR
EVT00085026,2024-07-11,EMP03228,CC0061,IT,1,Promotion,94127.46,CAD,CAN,2024-07-11 12:00:00,CORE_HR
EVT00084134,2024-07-05,EMP02442,CC0009,IT,3,Leave Return,,BRL,BRA,2024-07-05 22:00:00,CORE_HR
EVT00084373,2024-07-04,EMP01097,CC0068,EC,3,Performance Pay,8814.42,CAD,CAN,2024-07-04 13:00:00,CORE_HR
EVT00085122,2024-07-17,EMP00827,CC0115,EC,5,Lateral Deployment,,CAD,CAN,2024-07-18 15:00:00,CORE_HR
EVT00085745,2024-07-21,EMP00608,CC0052,PA,1,Lateral Deployment,,CAD,CA,2024-07-25 02:00:00,PAYROLL
EVT00085640,2024-07-05,EMP02826,CC0091,PA,4,Leave Start,,CAD,CAN,2024-07-06 03:00:00,CORE_HR
EVT00084363,2024-07-26,EMP04002,CC0028,FI,1,Performance Pay,4243.23,CAD,CAN,2024-07-26 13:00:00,CORE_HR
EVT00085918,2024-07-06,EMP04927,CC0058,AS,4,Departure,,CAD,CA,2024-07-06 06:00:00,PAYROLL
EVT00084339,2024-07-07,EMP05022,CC0090,IT,3,Leave Start,,CAD,CA,2024-07-07 18:00:00,PAYROLL
EVT00085217,2024-07-20,EMP00510,CC0053,PA,3,Step Increment,98973.57,CAD,CA,2024-07-21 00:00:00,PAYROLL
EVT00085042,2024-07-14,EMP04270,CC0001,PA,3,Leave Return,,CAD,CA,2024-07-15 09:00:00,PAYROLL
EVT00084436,2024-07-01,EMP02421,CC0089,CR,2,Step Increment,67267.47,CAD,CA,2024-07-01 07:00:00,PAYROLL
EVT00085880,2024-07-15,EMP04077,CC0103,IT,3,Performance Pay,6700.79,CAD,CAN,2024-07-15 23:00:00,CORE_HR
EVT00085222,2024-07-11,EMP02039,CC0021,EC,1,Leave Return,,CAD,CAN,2024-07-12 09:00:00,CORE_HR
EVT00084983,2024-07-14,EMP00739,CC0099,PA,3,Step Increment,62251.61,CAD,CA,2024-07-15 09:00:00,PAYROLL
EVT00085530,2024-07-16,EMP00427,CC0010,CR,1,Hire,60268.96,CAD,CAN,2024-07-17 07:00:00,CORE_HR
EVT00085562,2024-07-03,EMP04215,CC0024,EX,1,Step Increment,149881.22,CAD,CAN,2024-07-04 02:00:00,CORE_HR
EVT00084060,2024-07-25,EMP04727,CC0059,IT,4,Step Increment,130231.42,CAD,CAN,2024-07-26 13:00:00,CORE_HR
EVT00084319,2024-07-03,EMP04009,CC0035,EX,1,Step Increment,130305.23,CAD,CAN,2024-07-05 07:00:00,CORE_HR
EVT00085828,2024-07-20,EMP01922,CC0101,IT,2,Step Increment,104761.31,CAD,CAN,2024-07-20 21:00:00,CORE_HR
EVT00084945,2024-07-22,EMP02347,CC0020,AS,2,Step Increment,67674.77,CAD,CAN,2024-07-23 03:00:00,CORE_HR
EVT00085766,2024-07-10,EMP02923,CC0098,CR,2,Leave Return,,CAD,CAN,2024-07-11 04:00:00,CORE_HR
EVT00085241,2024-07-19,EMP03100,CC0087,EC,2,Departure,,CAD,CA,2024-07-20 13:00:00,PAYROLL
EVT00085267,2024-07-19,EMP00824,CC0001,IT,4,Performance Pay,12797.71,CAD,CAN,2024-07-20 03:00:00,CORE_HR
EVT00084470,2024-07-27,EMP00646,CC0065,EN,2,Performance Pay,1405795.52,JPY,JP,2024-07-28 15:00:00,PAYROLL
EVT00085736,2024-07-23,EMP01503,CC0032,IT,1,Step Increment,80841.01,CAD,CAN,2024-07-24 11:00:00,CORE_HR
EVT00085249,2024-07-25,EMP01014,CC0076,CR,4,Lateral Deployment,,CAD,CAN,2024-07-25 10:00:00,CORE_HR
EVT00084362,2024-07-19,EMP03198,CC0096,EX,2,Leave Return,,CAD,CA,2024-07-19 07:00:00,PAYROLL
EVT00085389,2024-07-25,EMP03550,CC0022,CR,2,Leave Return,,CAD,CAN,2024-07-26 06:00:00,CORE_HR
EVT00084377,2024-07-03,EMP03301,CC0096,FI,1,Leave Return,,CAD,CA,2024-07-04 02:00:00,PAYROLL
EVT00085370,2024-07-05,EMP03245,CC0025,EX,1,Departure,,CAD,CAN,2024-07-05 06:00:00,CORE_HR
EVT00084842,2024-07-22,EMP04158,CC0038,EN,4,Step Increment,128647.39,CAD,CA,2024-07-22 09:00:00,PAYROLL
EVT00083991,2024-07-25,EMP01213,CC0081,CR,4,Promotion,71201.36,CAD,CAN,2024-07-26 09:00:00,CORE_HR
EVT00085139,2024-07-03,EMP02465,CC0094,EN,4,Step Increment,133022.16,CAD,CA,2024-07-04 14:00:00,PAYROLL
EVT00084075,2024-07-04,EMP01866,CC0092,IT,1,Promotion,77779.04,CAD,CA,2024-07-05 11:00:00,PAYROLL
EVT00085282,2024-07-24,EMP01772,CC0074,FI,1,Leave Start,,SGD,SGP,2024-07-24 15:00:00,CORE_HR
EVT00085606,2024-07-15,EMP05118,CC0018,PA,3,Step Increment,70857.46,CAD,CA,2024-07-16 12:00:00,PAYROLL
EVT00085403,2024-07-05,EMP03152,CC0117,FI,2,Hire,89555.05,CAD,CAN,2024-07-06 13:00:00,CORE_HR
EVT00084913,2024-07-22,EMP00115,CC0073,CR,1,Promotion,58125.06,CAD,CA,2024-07-24 03:00:00,PAYROLL
EVT00085688,2024-07-15,EMP03528,CC0103,FI,2,Step Increment,66190.84,CAD,CA,2024-07-15 12:00:00,PAYROLL
EVT00084959,2024-07-14,EMP00595,CC0113,EX,1,Step Increment,120045.5,CAD,CAN,2024-07-14 08:00:00,CORE_HR
EVT00084399,2024-07-08,EMP02028,CC0076,AS,1,Leave Return,,CAD,CAN,2024-07-09 00:00:00,CORE_HR
EVT00084366,2024-07-05,EMP03208,CC0023,PA,5,Step Increment,112511.35,CAD,CA,2024-07-05 19:00:00,PAYROLL
EVT00084607,2024-07-10,EMP05167,CC0001,IT,4,Step Increment,131428.94,CAD,CAN,2024-07-11 03:00:00,CORE_HR
EVT00085465,2024-07-05,EMP05151,CC0080,CR,2,Leave Return,,SGD,SG,2024-07-05 13:00:00,PAYROLL
EVT00085289,2024-07-16,EMP01422,CC0099,IT,2,Leave Start,,CAD,CAN,2024-07-17 10:00:00,CORE_HR
EVT00084068,2024-07-16,EMP03394,CC0071,EN,1,Leave Start,,CAD,CAN,2024-07-16 20:00:00,CORE_HR
EVT00084415,1900-01-01,EMP03400,CC0022,PA,3,Step Increment,86785.29,CAD,CAN,2024-07-23 06:00:00,CORE_HR
EVT00085738,2024-07-22,EMP03574,CC0081,PA,2,Step Increment,75835.75,CAD,CAN,2024-07-23 06:00:00,CORE_HR
EVT00085581,2024-07-18,EMP03819,CC0036,EC,5,Leave Return,,CAD,CA,2024-07-18 20:00:00,PAYROLL
EVT00083998,2024-07-19,EMP04931,CC0039,PA,4,Performance Pay,4935.51,CAD,CAN,2024-07-19 10:00:00,CORE_HR
EVT00084214,2024-07-23,EMP02741,CC0111,CR,3,Leave Start,,KES,KE,2024-07-24 10:00:00,PAYROLL
EVT00084545,2024-07-24,EMP02348,CC0100,IT,4,Leave Start,,CAD,CAN,2024-07-24 07:00:00,CORE_HR
EVT00084767,2024-07-17,EMP05147,CC0030,IT,1,Lateral Deployment,,EUR,FR,2024-07-17 21:00:00,PAYROLL
EVT00085482,2024-07-24,EMP04101,CC0061,IT,4,Step Increment,139670.91,CAD,CAN,2024-07-24 09:00:00,CORE_HR
EVT00084231,2024-07-18,EMP02928,CC0056,AS,4,Step Increment,88292.61,CAD,CAN,2024-07-18 21:00:00,CORE_HR
EVT00084670,2024-07-23,EMP01301,CC0105,AS,3,Step Increment,1072418.1,MXN,MX,2024-07-24 10:00:00,PAYROLL
EVT00085168,2024-07-14,EMP04514,CC0051,IT,1,Lateral Deployment,,CAD,CAN,2024-07-14 17:00:00,CORE_HR
EVT00084603,2024-07-14,EMP03123,CC0048,AS,5,Hire,93393.7,CAD,CAN,2024-07-14 14:00:00,CORE_HR
EVT00085529,2024-07-25,EMP01146,CC0076,FI,1,Step Increment,73785.81,CAD,CA,2024-07-25 13:00:00,PAYROLL
EVT00085774,2024-07-06,EMP03747,CC0118,CR,2,Promotion,57167.48,CAD,CA,2024-07-06 21:00:00,PAYROLL
EVT00084239,2024-07-19,EMP04103,CC0030,EX,3,Step Increment,11373417.49,INR,IND,2024-07-19 18:00:00,CORE_HR
EVT00084663,2024-07-02,EMP02468,CC0035,IT,1,Step Increment,93461.55,CAD,CA,2024-07-02 07:00:00,PAYROLL
EVT00084709,2024-07-22,EMP03763,CC0053,EX,2,Step Increment,150579.09,CAD,CAN,2024-07-23 00:00:00,CORE_HR
EVT00085725,2024-07-09,EMP02188,CC0022,FI,3,Step Increment,98854.94,CAD,CA,2024-07-10 12:00:00,PAYROLL
EVT00084865,2024-07-20,EMP00737,CC0048,IT,2,Leave Start,,CAD,CAN,2024-07-21 11:00:00,CORE_HR
EVT00084141,2024-07-05,EMP04289,CC0026,AS,1,Leave Start,,CAD,CAN,2024-07-06 10:00:00,CORE_HR
EVT00085442,2024-07-17,EMP03098,CC0015,IT,2,Step Increment,92854.43,CAD,CAN,2024-07-17 09:00:00,CORE_HR
EVT00084862,2024-07-18,EMP05000,CC0031,IT,5,Performance Pay,132437.89,MXN,MEX,2024-07-19 08:00:00,CORE_HR
EVT00084289,2024-07-08,EMP05062,CC0075,AS,2,Performance Pay,9279.77,CAD,CAN,2024-07-09 02:00:00,CORE_HR
EVT00084140,2024-07-26,EMP00246,CC0114,FI,3,Leave Start,,CAD,CA,2024-07-26 20:00:00,PAYROLL
EVT00085181,2024-07-07,EMP02660,CC0055,FI,1,Step Increment,93970.9,CAD,CAN,2024-07-07 21:00:00,CORE_HR
EVT00085402,2024-07-23,EMP00849,CC0051,CR,1,Departure,,CAD,CAN,2024-07-24 10:00:00,CORE_HR
EVT00085268,2024-07-17,EMP03661,CC0005,EX,2,Step Increment,177277.36,CAD,CAN,2024-07-18 12:00:00,CORE_HR
EVT00085486,2024-07-18,EMP01883,CC0002,EC,2,Step Increment,98939.34,CAD,CAN,2024-07-19 12:00:00,CORE_HR
EVT00085464,2024-07-22,EMP04187,CC0030,PA,2,Step Increment,60512.33,EUR,FRA,2024-07-22 11:00:00,CORE_HR
EVT00085821,2024-07-18,EMP01174,CC0036,FI,3,Step Increment,98733.94,CAD,CA,2024-07-18 09:00:00,PAYROLL
EVT00085678,2024-07-22,EMP00992,CC0004,FI,1,Performance Pay,5801.66,CAD,CAN,2024-07-22 19:00:00,CORE_HR
EVT00084290,2024-07-09,EMP00005,CC0006,IT,4,Departure,,CAD,CA,2024-07-10 14:00:00,PAYROLL
EVT00084030,2024-07-15,EMP03235,CC0087,EC,3,Step Increment,97437.45,CAD,CAN,2024-07-15 13:00:00,CORE_HR
EVT00084953,2024-07-12,EMP02573,CC0032,AS,3,Step Increment,70101.75,CAD,CAN,2024-07-12 23:00:00,CORE_HR
EVT00084802,2024-07-14,EMP04744,CC0068,CR,3,Step Increment,66511.97,CAD,CAN,2024-07-14 23:00:00,CORE_HR
EVT00085847,2024-07-09,EMP04739,CC0051,IT,5,Step Increment,145656.55,CAD,CA,2024-07-09 07:00:00,PAYROLL
EVT00084074,2024-07-11,EMP00814,CC0023,PA,4,Departure,,CAD,CA,2024-07-12 12:00:00,PAYROLL
EVT00084007,2024-07-25,EMP00543,CC0037,IT,2,Leave Start,,CAD,CA,2024-07-25 08:00:00,PAYROLL
EVT00085365,2024-07-10,EMP04311,CC0056,IT,4,Leave Return,,CAD,CAN,2024-07-10 18:00:00,CORE_HR
EVT00085195,2024-07-23,EMP01015,CC0027,CR,2,Performance Pay,6280.94,CAD,CA,2024-07-24 05:00:00,PAYROLL
EVT00084989,2024-07-15,EMP00797,CC0109,FI,4,Leave Start,,CAD,CAN,2024-07-15 15:00:00,CORE_HR
EVT00084745,2024-07-01,EMP03233,CC0101,FI,3,Step Increment,115627.49,CAD,CAN,2024-07-01 19:00:00,CORE_HR
EVT00085161,2024-07-01,EMP02473,CC0060,PA,4,Leave Return,,CAD,CA,2024-07-02 08:00:00,PAYROLL
EVT00085592,2024-07-26,EMP04642,CC0044,PA,1,Leave Return,,CAD,CAN,2024-07-26 11:00:00,CORE_HR
EVT00084590,2024-07-13,EMP03124,CC0055,EN,3,Performance Pay,15131.47,CAD,CAN,2024-07-15 09:00:00,CORE_HR
EVT00084312,2024-07-04,EMP03090,CC0107,CR,2,Performance Pay,8610.16,CAD,CAN,2024-07-05 05:00:00,CORE_HR
EVT00084465,2024-07-10,EMP05048,CC0119,IT,1,Performance Pay,8835.19,CAD,CAN,2024-07-11 07:00:00,CORE_HR
EVT00084991,2024-07-08,EMP01796,CC0038,EC,2,Leave Return,,CAD,CAN,2024-07-09 15:00:00,CORE_HR
EVT00085877,2024-07-06,EMP02389,CC0061,PA,2,Leave Return,,CAD,CAN,2024-07-06 17:00:00,CORE_HR
EVT00084681,2024-07-02,EMP00810,CC0074,CR,1,Hire,41340.45,SGD,SGP,2024-07-02 19:00:00,CORE_HR
EVT00085060,2024-07-25,EMP01749,CC0076,CR,5,Leave Start,,CAD,CAN,2024-07-25 06:00:00,CORE_HR
EVT00084707,2024-07-23,EMP02313,CC0087,EC,3,Step Increment,107140.94,CAD,CA,2024-07-24 11:00:00,PAYROLL
EVT00084489,2024-07-18,EMP02936,CC0030,FI,2,Step Increment,59756.91,GBP,GB,2024-07-18 15:00:00,PAYROLL
EVT00084459,2024-07-10,EMP00379,CC0020,AS,3,Leave Return,,CAD,CA,2024-07-11 06:00:00,PAYROLL
EVT00085670,2024-07-17,EMP01437,CC0047,AS,3,Step Increment,73693.32,CAD,CAN,2024-07-18 03:00:00,CORE_HR
EVT00084153,2024-07-11,EMP04589,CC0007,AS,2,Performance Pay,11191.13,AUD,AUS,2024-07-12 02:00:00,CORE_HR
EVT00085473,2024-07-10,EMP01709,CC0118,EN,3,Lateral Deployment,,CAD,CA,2024-07-10 16:00:00,PAYROLL
EVT00084680,2024-07-04,EMP00964,CC0120,EC,1,Performance Pay,8097.12,CAD,CA,2024-07-04 11:00:00,PAYROLL
EVT00084143,2024-07-25,EMP01846,CC0119,PA,3,Step Increment,78935.42,CAD,CAN,2024-07-25 22:00:00,CORE_HR
EVT00084817,2024-07-11,EMP03125,CC0083,IT,2,Promotion,99188.04,CAD,CAN,2024-07-11 09:00:00,CORE_HR
EVT00085686,2024-07-24,EMP01369,CC0015,PA,5,Leave Return,,CAD,CA,2024-07-24 12:00:00,PAYROLL
EVT00085611,2024-07-22,EMP05082,CC0005,IT,3,Step Increment,108916.87,CAD,CA,2024-07-23 11:00:00,PAYROLL
EVT00084111,2024-07-20,EMP00047,CC0052,AS,4,Step Increment,75414.76,CAD,CA,2024-07-21 11:00:00,PAYROLL
EVT00084293,2024-07-05,EMP02289,CC0043,AS,5,Promotion,89793.0,CAD,CAN,2024-07-05 20:00:00,CORE_HR
EVT00085823,2024-07-08,EMP03563,CC0115,IT,4,Leave Return,,CAD,CAN,2024-07-09 00:00:00,CORE_HR
EVT00085885,2024-07-09,EMP04616,CC0001,FI,4,Step Increment,115098.39,CAD,CA,2024-07-09 16:00:00,PAYROLL
EVT00085333,2024-07-04,EMP01186,CC0073,PA,3,Promotion,66832.39,CAD,CAN,2024-07-05 06:00:00,CORE_HR
EVT00083959,2024-07-25,EMP01507,CC0049,IT,4,Step Increment,443582.68,BRL,BR,2024-07-25 18:00:00,PAYROLL
EVT00085086,2024-07-06,EMP04484,CC0033,CR,3,Step Increment,55850.57,CAD,CAN,2024-07-06 11:00:00,CORE_HR
EVT00085876,2024-07-04,EMP03619,CC0073,EX,1,Leave Start,,CAD,CAN,2024-07-04 14:00:00,CORE_HR
EVT00085081,2024-07-07,EMP01808,CC0026,AS,2,Step Increment,71167.53,CAD,CAN,2024-07-07 16:00:00,CORE_HR
EVT00085131,2024-07-23,EMP02082,CC0010,IT,4,Promotion,130549.9,CAD,CAN,2024-07-24 05:00:00,CORE_HR
EVT00085639,2024-07-19,EMP03244,CC0053,EC,1,Departure,,CAD,CA,2024-07-19 22:00:00,PAYROLL
EVT00085184,2024-07-05,EMP05064,CC0043,AS,5,Leave Start,,CAD,CA,2024-07-05 13:00:00,PAYROLL
EVT00084832,2024-07-19,EMP04638,CC0020,EN,1,Lateral Deployment,,CAD,CAN,2024-07-20 11:00:00,CORE_HR
EVT00084628,2024-07-10,EMP00913,CC0085,PA,3,Performance Pay,7102.42,CAD,CAN,2024-07-10 08:00:00,CORE_HR
EVT00084076,2024-07-13,EMP01426,CC0068,PA,4,Departure,,CAD,CA,2024-07-14 02:00:00,PAYROLL
EVT00085479,2024-07-07,EMP02325,CC0109,PA,3,Step Increment,91977.46,CAD,CAN,2024-07-08 08:00:00,CORE_HR
EVT00084278,2024-07-13,EMP00211,CC0054,PA,3,Step Increment,60590.72,EUR,DEU,2024-07-13 13:00:00,CORE_HR
EVT00084260,2024-07-20,EMP02434,CC0066,IT,4,Step Increment,108731.41,CAD,CA,2024-07-21 06:00:00,PAYROLL
EVT00084449,2024-07-12,EMP00445,CC0077,AS,1,Step Increment,46130.75,CAD,CA,2024-07-13 00:00:00,PAYROLL
EVT00085133,2024-07-18,EMP03372,CC0087,EN,1,Performance Pay,12097.71,CAD,CA,2024-07-18 20:00:00,PAYROLL
EVT00084972,2024-07-12,EMP00638,CC0092,CR,3,Hire,61519.14,CAD,CA,2024-07-12 16:00:00,PAYROLL
EVT00085554,2024-07-09,EMP00937,CC0049,FI,3,Step Increment,412340.37,BRL,BRA,2024-07-10 10:00:00,CORE_HR
EVT00085029,2024-07-22,EMP04249,CC0049,IT,3,Performance Pay,22757.52,AED,AE,2024-07-23 04:00:00,PAYROLL
EVT00084354,2024-07-14,EMP00502,CC0076,AS,3,Departure,,CAD,CA,2024-07-14 10:00:00,PAYROLL
EVT00085164,2024-07-02,EMP03061,CC0031,EC,2,Leave Return,,JPY,JP,2024-07-03 13:00:00,PAYROLL
EVT00085009,2024-07-21,EMP05198,CC0035,EX,2,Leave Start,,CAD,CAN,2024-07-22 15:00:00,CORE_HR
EVT00085762,2024-07-25,EMP03650,CC0052,PA,1,Leave Return,,CAD,CAN,2024-07-25 22:00:00,CORE_HR
EVT00085322,2024-07-10,EMP00297,CC0006,FI,4,Leave Return,,CAD,CA,2024-07-11 11:00:00,PAYROLL
EVT00084192,2024-07-05,EMP03909,CC0057,EN,5,Performance Pay,18191.27,CAD,CAN,2024-07-05 20:00:00,CORE_HR
EVT00084435,2024-07-24,EMP02621,CC0118,AS,5,Performance Pay,5477.34,CAD,CAN,2024-07-24 13:00:00,CORE_HR
EVT00084594,2024-07-12,EMP02475,CC0050,AS,4,Promotion,84614.76,CAD,CAN,2024-07-13 11:00:00,CORE_HR
EVT00084955,2024-07-07,EMP01927,CC0115,PA,3,Leave Return,,CAD,CAN,2024-07-08 04:00:00,CORE_HR
EVT00084279,2024-07-19,EMP01430,CC0093,AS,2,Step Increment,62865.69,CAD,CA,2024-07-19 12:00:00,PAYROLL
EVT00084676,2024-07-03,EMP01816,CC0035,EX,1,Leave Start,,CAD,CAN,2024-07-03 22:00:00,CORE_HR
EVT00084769,2024-07-16,EMP01045,CC0078,PA,4,Performance Pay,10229.48,CAD,CAN,2024-07-16 14:00:00,CORE_HR
EVT00084198,2024-07-05,EMP02483,CC0111,EX,2,Hire,1796638.98,MXN,MX,2024-07-05 22:00:00,PAYROLL
EVT00085404,2024-07-14,EMP02183,CC0040,IT,3,Lateral Deployment,,CAD,CA,2024-07-14 12:00:00,PAYROLL
EVT00085812,2024-07-12,EMP03122,CC0058,EN,2,Promotion,96137.21,CAD,CAN,2024-07-12 13:00:00,CORE_HR
EVT00085525,2024-07-11,EMP01937,CC0044,PA,1,Step Increment,60100.3,CAD,CA,2024-07-12 09:00:00,PAYROLL
EVT00085723,2024-07-07,EMP01996,CC0027,PA,1,Performance Pay,5084.81,CAD,CAN,2024-07-08 06:00:00,CORE_HR
EVT00085537,2024-07-11,EMP02005,CC0044,IT,3,Step Increment,118938.32,CAD,CA,2024-07-12 13:00:00,PAYROLL
EVT00085311,2024-07-01,EMP02471,CC0060,AS,2,Step Increment,64623.04,CAD,CA,2024-07-02 04:00:00,PAYROLL
EVT00084948,2024-07-21,EMP03932,CC0105,CR,1,Step Increment,34467.31,GBP,GBR,2024-07-21 21:00:00,CORE_HR
EVT00084000,2024-07-19,EMP03406,CC0045,EC,5,Leave Return,,CAD,CA,2024-07-19 22:00:00,PAYROLL
EVT00084321,2024-07-02,EMP03135,CC0112,CR,1,Performance Pay,7000.14,CAD,CA,2024-07-03 00:00:00,PAYROLL
EVT00084583,2024-07-08,EMP00046,CC0027,PA,2,Leave Return,,CAD,CA,2024-07-08 06:00:00,PAYROLL
EVT00085785,2024-07-06,EMP04997,CC0033,FI,3,Leave Return,,CAD,CAN,2024-07-06 10:00:00,CORE_HR
EVT00085303,2024-07-22,EMP03763,CC0053,EX,2,Performance Pay,18828.42,CAD,CA,2024-07-22 20:00:00,PAYROLL
EVT00084255,2024-07-20,EMP04471,CC0079,PA,3,Performance Pay,6967.66,CAD,CA,2024-07-20 14:00:00,PAYROLL
EVT00085912,2024-07-01,EMP01698,CC0098,PA,4,Lateral Deployment,,CAD,CA,2024-07-02 04:00:00,PAYROLL
EVT00085687,2024-07-16,EMP00496,CC0028,PA,2,Step Increment,76535.38,CAD,CAN,2024-07-16 22:00:00,CORE_HR
EVT00084001,2024-07-18,EMP04750,CC0066,EN,4,Leave Return,,CAD,CA,2024-07-19 11:00:00,PAYROLL
EVT00084215,2024-07-04,EMP00189,CC0106,PA,2,Step Increment,79861.53,CAD,CA,2024-07-05 12:00:00,PAYROLL
EVT00085859,2024-07-17,EMP04950,CC0056,PA,2,Lateral Deployment,,CAD,CAN,2024-07-17 11:00:00,CORE_HR
EVT00085082,2024-07-23,EMP01284,CC0021,IT,3,Step Increment,123650.47,CAD,CA,2024-07-24 01:00:00,PAYROLL
EVT00085908,2024-07-02,EMP01970,CC0003,AS,4,Leave Start,,CAD,CA,2024-07-03 04:00:00,PAYROLL
EVT00085846,2024-07-10,EMP01165,CC0074,IT,5,Performance Pay,179868.52,MXN,MEX,2024-07-10 18:00:00,CORE_HR
EVT00085633,2024-07-23,EMP02299,CC0049,PA,3,Leave Return,,BRL,BRA,2024-07-23 15:00:00,CORE_HR
EVT00084454,2024-07-13,EMP00036,CC0111,PA,3,Step Increment,72298.44,USD,USA,2024-07-14 11:00:00,CORE_HR
EVT00084434,2024-07-02,EMP03429,CC0058,AS,5,Promotion,94578.17,CAD,CA,2024-07-03 11:00:00,PAYROLL
EVT00084601,2024-07-11,EMP04245,CC0120,EC,4,Departure,,CAD,CA,2024-07-11 18:00:00,PAYROLL
EVT00084575,2024-07-13,EMP04386,CC0054,EC,1,Step Increment,124739.8,AUD,AUS,2024-07-13 21:00:00,CORE_HR
EVT00085087,2024-07-21,EMP02955,CC0028,PA,1,Departure,,CAD,CAN,2024-07-22 00:00:00,CORE_HR
EVT00084482,2024-07-15,EMP00358,CC0086,AS,2,Departure,,GBP,GB,2024-07-15 12:00:00,PAYROLL
EVT00085030,2024-07-05,EMP04752,CC0004,IT,2,Step Increment,91125.92,CAD,CAN,2024-07-06 05:00:00,CORE_HR
EVT00084256,2024-07-24,EMP01460,CC0080,FI,2,Leave Start,,KES,KEN,2024-07-25 01:00:00,CORE_HR
EVT00084439,2024-07-20,EMP01002,CC0048,CR,4,Leave Return,,CAD,CAN,2024-07-20 15:00:00,CORE_HR
EVT00084032,2024-07-26,EMP00448,CC0004,CR,3,Leave Return,,CAD,CAN,2024-07-27 06:00:00,CORE_HR
EVT00085863,2024-07-23,EMP00728,CC0101,EX,2,Hire,167639.06,CAD,CA,2024-07-24 04:00:00,PAYROLL
EVT00084970,2024-07-24,EMP01143,CC0079,IT,3,Performance Pay,7257.02,CAD,CAN,2024-07-24 12:00:00,CORE_HR
EVT00085436,2024-07-09,EMP02497,CC0106,EN,3,Performance Pay,5468.59,CAD,CAN,2024-07-09 21:00:00,CORE_HR
EVT00084309,2024-07-15,EMP01863,CC0021,EN,5,Promotion,155474.67,CAD,CAN,2024-07-16 00:00:00,CORE_HR
EVT00084901,2024-07-07,EMP01515,CC0066,EX,2,Lateral Deployment,,CAD,CAN,2024-07-07 14:00:00,CORE_HR
EVT00085047,2024-07-26,EMP00634,CC0004,AS,2,Leave Start,,CAD,CAN,2024-07-26 16:00:00,CORE_HR
EVT00084568,2024-07-18,EMP04987,CC0102,EN,3,Hire,118938.31,CAD,CAN,2024-07-19 13:00:00,CORE_HR
EVT00083992,2024-07-20,EMP03557,CC0009,PA,2,Leave Start,,INR,IN,2024-07-21 12:00:00,PAYROLL
EVT00085155,2024-07-12,EMP02334,CC0104,EC,1,Step Increment,81703.04,CAD,CA,2024-07-12 23:00:00,PAYROLL
EVT00084852,2024-07-18,EMP00150,CC0025,IT,1,Leave Start,,CAD,CAN,2024-07-18 16:00:00,CORE_HR
EVT00084927,2024-07-24,EMP00427,CC0010,CR,1,Promotion,57446.01,CAD,CAN,2024-07-24 16:00:00,CORE_HR
EVT00084614,2024-07-27,EMP05138,CC0013,IT,3,Promotion,118390.38,CAD,CA,2024-07-28 14:00:00,PAYROLL
EVT00084717,2024-07-12,EMP01987,CC0081,IT,1,Leave Return,,CAD,CA,2024-07-12 18:00:00,PAYROLL
EVT00084951,2024-07-03,EMP04346,CC0029,FI,3,Step Increment,1168356.25,MXN,MEX,2024-07-03 19:00:00,CORE_HR
EVT00084926,2024-07-19,EMP02094,CC0013,AS,2,Step Increment,73822.55,CAD,CA,2024-07-20 02:00:00,PAYROLL
EVT00084052,2024-07-18,EMP04249,CC0049,IT,3,Hire,62522.03,EUR,FR,2024-07-18 20:00:00,PAYROLL
EVT00085670,2024-07-17,EMP01437,CC0047,AS,3,Step Increment,73693.32,CAD,CAN,2024-07-19 17:00:00,CORE_HR
EVT00085669,2024-07-12,EMP03093,CC0079,EN,1,Step Increment,91853.69,CAD,CAN,2024-07-12 19:00:00,CORE_HR
EVT00085695,2024-07-19,EMP00211,CC0054,PA,3,Step Increment,118673.16,AUD,AUS,2024-07-19 13:00:00,CORE_HR
EVT00084903,2024-07-11,EMP02558,CC0069,EC,4,Departure,,CAD,CAN,2024-07-12 08:00:00,CORE_HR
EVT00084067,2024-07-04,EMP01564,CC0112,EX,2,Performance Pay,18689.35,CAD,CAN,2024-07-04 22:00:00,CORE_HR
EVT00084066,2024-07-08,EMP02974,CC0075,EX,3,Step Increment,136420.82,CAD,CAN,2024-07-09 12:00:00,CORE_HR
EVT00085591,2024-07-11,EMP04251,CC0064,IT,4,Leave Return,,CAD,CA,2024-07-11 06:00:00,PAYROLL
EVT00085204,2024-07-12,EMP03303,CC0096,EX,1,Hire,150167.44,CAD,CA,2024-07-13 10:00:00,PAYROLL
EVT00084631,2024-07-17,EMP01010,CC0048,CR,2,Leave Return,,CAD,CAN,2024-07-17 11:00:00,CORE_HR
EVT00084766,2024-07-15,EMP00139,CC0056,CR,3,Leave Return,,CAD,CAN,2024-07-15 16:00:00,CORE_HR
EVT00084601,2024-07-11,EMP04245,CC0120,EC,4,Departure,,CAD,CA,2024-07-11 12:00:00,PAYROLL
EVT00085521,2024-07-09,EMP00319,CC0005,PA,2,Promotion,83336.7,CAD,CAN,2024-07-10 03:00:00,CORE_HR
EVT00085525,2024-07-11,EMP01937,CC0044,PA,1,Step Increment,60100.3,CAD,CA,2024-07-11 09:00:00,PAYROLL
EVT00085320,2024-07-20,EMP02324,CC0084,CR,4,Step Increment,63788.91,CAD,CAN,2024-07-21 15:00:00,CORE_HR
EVT00084682,2024-07-19,EMP04192,CC0080,PA,5,Leave Start,,INR,IND,2024-07-19 09:00:00,CORE_HR
EVT00084451,2024-07-03,EMP03759,CC0025,EC,2,Hire,85551.73,CAD,CAN,2024-07-04 09:00:00,CORE_HR
EVT00084402,2024-07-04,EMP02935,CC0051,EC,2,Promotion,88882.0,CAD,CAN,2024-07-04 14:00:00,CORE_HR
EVT00084874,2024-07-03,EMP00593,CC0075,FI,3,Leave Return,,CAD,CA,2024-07-03 10:00:00,PAYROLL
EVT00085628,2024-07-23,EMP02576,CC0048,IT,2,Performance Pay,11505.72,CAD,CA,2024-07-24 11:00:00,PAYROLL
EVT00085188,2024-07-08,EMP00082,CC0061,FI,3,Promotion,94163.72,CAD,CAN,2024-07-08 08:00:00,CORE_HR
EVT00085875,2024-07-05,EMP01028,CC0005,FI,2,Leave Return,,CAD,CAN,2024-07-06 02:00:00,CORE_HR
EVT00085061,2024-07-09,EMP03320,CC0048,EN,3,Step Increment,122872.19,CAD,CAN,2024-07-09 10:00:00,CORE_HR
EVT00085437,2024-07-12,EMP02502,CC0038,AS,1,Performance Pay,3232.33,CAD,CA,2024-07-13 03:00:00,PAYROLL
EVT00084408,2024-07-27,EMP03967,CC0072,EN,4,Hire,130899.56,CAD,CA,2024-07-27 19:00:00,PAYROLL
EVT00085140,2024-07-07,EMP00293,CC0037,IT,2,Leave Start,,CAD,CAN,2024-07-08 09:00:00,CORE_HR
EVT00084514,2024-07-24,EMP02737,CC0004,AS,2,Step Increment,68360.61,CAD,CA,2024-07-25 12:00:00,PAYROLL
EVT00084578,2024-07-07,EMP03931,CC0118,PA,1,Performance Pay,8698.47,CAD,CAN,2024-07-07 17:00:00,CORE_HR
EVT00085815,2024-07-13,EMP04538,CC0038,PA,2,Step Increment,81942.17,CAD,CA,2024-07-13 14:00:00,PAYROLL
EVT00084283,2024-07-07,EMP05163,CC0101,PA,1,Hire,60910.77,CAD,CA,2024-07-07 18:00:00,PAYROLL
EVT00085421,2024-07-12,EMP02046,CC0077,IT,5,Lateral Deployment,,CAD,CA,2024-07-12 09:00:00,PAYROLL
EVT00084987,2024-07-16,EMP04765,CC0043,PA,2,Leave Start,,CAD,CA,2024-07-17 05:00:00,PAYROLL
EVT00084711,2024-07-07,EMP00305,CC0056,EX,1,Leave Start,,CAD,CAN,2024-07-08 11:00:00,CORE_HR
EVT00084164,2024-07-02,EMP05067,CC0074,IT,3,Hire,159089.33,AUD,AU,2024-07-03 14:00:00,PAYROLL
EVT00085111,2024-07-07,EMP02762,CC0032,EN,1,Performance Pay,6566.47,CAD,CAN,2024-07-08 02:00:00,CORE_HR
EVT00085597,2024-07-13,EMP00705,CC0009,PA,2,Promotion,265769.71,BRL,BRA,2024-07-14 15:00:00,CORE_HR
EVT00085535,2024-07-26,EMP04578,CC0103,AS,3,Step Increment,70182.84,CAD,CAN,2024-07-27 12:00:00,CORE_HR
EVT00085710,2024-07-26,EMP04814,CC0039,CR,2,Step Increment,44905.95,CAD,CA,2024-07-26 22:00:00,PAYROLL
EVT00084022,2024-07-09,EMP03278,CC0059,IT,3,Leave Return,,CAD,CA,2024-07-09 15:00:00,PAYROLL
EVT00084736,2024-07-26,EMP01010,CC0048,CR,2,Step Increment,63036.97,CAD,CA,2024-07-26 17:00:00,PAYROLL
EVT00085117,2024-07-02,EMP02029,CC0103,IT,1,Leave Start,,CAD,CA,2024-07-02 19:00:00,PAYROLL
EVT00085559,2024-07-22,EMP02524,CC0023,IT,1,Lateral Deployment,,CAD,CAN,2024-07-23 10:00:00,CORE_HR
EVT00085118,2024-07-20,EMP00725,CC0089,EN,3,Leave Start,,CAD,CAN,2024-07-21 04:00:00,CORE_HR
EVT00085023,2024-07-03,EMP00787,CC0029,CR,5,Leave Start,,INR,IN,2024-07-03 11:00:00,PAYROLL
EVT00085108,2024-07-27,EMP02164,CC0080,PA,2,Leave Return,,MXN,MEX,2024-07-28 15:00:00,CORE_HR
EVT00085649,2024-07-02,EMP02963,CC0015,FI,3,Hire,101053.16,CAD,CAN,2024-07-03 04:00:00,CORE_HR
EVT00085379,2024-07-07,EMP01110,CC0091,AS,3,Step Increment,73952.04,CAD,CAN,2024-07-07 11:00:00,CORE_HR
EVT00084625,2024-07-05,EMP04411,CC0112,EN,2,Departure,,CAD,CAN,2024-07-05 10:00:00,CORE_HR
EVT00085636,2024-07-14,EMP05095,CC0077,EX,1,Lateral Deployment,,CAD,CAN,2024-07-15 01:00:00,CORE_HR
EVT00085801,2024-07-18,EMP01712,CC0013,FI,3,Step Increment,99491.73,CAD,CAN,2024-07-19 00:00:00,CORE_HR
EVT00085071,2024-07-01,EMP02666,CC0045,IT,3,Leave Start,,CAD,CAN,2024-07-01 23:00:00,CORE_HR
EVT00085831,2024-07-23,EMP05139,CC0055,EN,2,Leave Start,,CAD,CAN,2024-07-24 05:00:00,CORE_HR
EVT00084233,2024-07-24,EMP03829,CC0084,EX,1,Step Increment,141681.81,CAD,CAN,2024-07-24 16:00:00,CORE_HR
EVT00085244,2024-07-23,EMP00224,CC0015,IT,3,Lateral Deployment,,CAD,CAN,2024-07-23 14:00:00,CORE_HR
EVT00085466,2024-07-09,EMP05119,CC0009,EN,3,Lateral Deployment,,JPY,JPN,2024-07-09 14:00:00,CORE_HR
EVT00085100,2024-07-04,EMP04420,CC0083,IT,4,Hire,132137.88,CAD,CA,2024-07-04 18:00:00,PAYROLL
EVT00085627,2024-07-07,EMP00843,CC0090,AS,3,Performance Pay,5985.63,CAD,CA,2024-07-08 12:00:00,PAYROLL
EVT00084370,2024-07-03,EMP03666,CC0059,IT,1,Promotion,108617.73,CAD,CAN,2024-07-03 17:00:00,CORE_HR
EVT00085617,2024-07-09,EMP03302,CC0044,EN,2,Leave Start,,CAD,CAN,2024-07-09 22:00:00,CORE_HR
EVT00085856,2024-07-11,EMP04844,CC0094,AS,1,Leave Return,,CAD,CA,2024-07-12 13:00:00,PAYROLL
EVT00084944,2024-07-15,EMP02240,CC0057,AS,3,Leave Return,,CAD,CAN,2024-07-16 14:00:00,CORE_HR
EVT00085603,2024-07-27,EMP00888,CC0113,PA,2,Leave Start,,CAD,CA,2024-07-27 09:00:00,PAYROLL
EVT00085284,2024-07-22,EMP00367,CC0097,FI,4,Performance Pay,6875.55,CAD,CAN,2024-07-23 02:00:00,CORE_HR
EVT00084041,2024-07-17,EMP01805,CC0032,IT,2,Step Increment,100771.69,CAD,CAN,2024-07-18 05:00:00,CORE_HR
EVT00085375,2024-07-25,EMP01065,CC0103,PA,2,Lateral Deployment,,CAD,CA,2024-07-26 01:00:00,PAYROLL
EVT00085519,2024-07-25,EMP00163,CC0091,EN,2,Lateral Deployment,,CAD,CAN,2024-07-25 14:00:00,CORE_HR
EVT00084706,2024-07-17,EMP03051,CC0094,EN,2,Promotion,100551.98,CAD,CAN,2024-07-18 06:00:00,CORE_HR
EVT00084206,2024-07-21,EMP00802,CC0036,EX,1,Step Increment,134442.13,CAD,CAN,2024-07-21 11:00:00,CORE_HR
EVT00084949,2024-07-27,EMP00729,CC0105,PA,3,Leave Start,,AED,ARE,2024-07-28 06:00:00,CORE_HR
EVT00084563,2024-07-03,EMP04010,CC0004,EX,1,Leave Start,,CAD,CAN,2024-07-03 09:00:00,CORE_HR
EVT00084491,2024-07-05,EMP02494,CC0059,PA,2,Promotion,69940.76,CAD,CAN,2024-07-05 07:00:00,CORE_HR
EVT00085663,2024-07-27,EMP03718,CC0048,PA,3,Leave Start,,CAD,CA,2024-07-27 18:00:00,PAYROLL
EVT00085854,2024-07-23,EMP04712,CC0086,CR,4,Leave Return,,GBP,GBR,2024-07-24 07:00:00,CORE_HR
EVT00085048,2024-07-05,EMP00188,CC0009,AS,3,Performance Pay,346405.25,JPY,JP,2024-07-05 18:00:00,PAYROLL
EVT00085476,2024-07-02,EMP00080,CC0099,CR,3,Promotion,70644.26,CAD,CAN,2024-07-02 08:00:00,CORE_HR
EVT00084183,2024-07-02,EMP04466,CC0109,PA,3,Hire,83881.47,CAD,CAN,2024-07-03 14:00:00,CORE_HR
EVT00084308,2024-07-15,EMP03064,CC0055,CR,2,Step Increment,60203.05,CAD,CA,2024-07-15 13:00:00,PAYROLL
EVT00084690,2024-07-19,EMP00235,CC0016,EC,3,Departure,,CAD,CA,2024-07-19 19:00:00,PAYROLL
EVT00084993,2024-07-10,EMP00625,CC0027,PA,1,Leave Start,,CAD,CAN,2024-07-10 13:00:00,CORE_HR
EVT00084106,2024-07-01,EMP01195,CC0108,PA,1,Step Increment,46920.96,EUR,DE,2024-07-01 13:00:00,PAYROLL
EVT00084642,2024-07-23,EMP04967,CC0066,EN,4,Step Increment,136521.04,CAD,CAN,2024-07-23 18:00:00,CORE_HR
EVT00085390,2024-07-11,EMP01086,CC0043,EC,2,Step Increment,100292.21,CAD,CAN,2024-07-12 01:00:00,CORE_HR
EVT00084413,2024-07-20,EMP05024,CC0070,PA,4,Step Increment,82389.2,CAD,CAN,2024-07-21 03:00:00,CORE_HR
EVT00084118,2024-07-11,EMP00244,CC0031,PA,3,Step Increment,249729.74,AED,ARE,2024-07-11 23:00:00,CORE_HR
EVT00085507,2024-07-04,EMP00433,CC0007,FI,1,Lateral Deployment,,JPY,JPN,2024-07-05 04:00:00,CORE_HR
EVT00084602,2024-07-20,EMP00124,CC0003,CR,4,Leave Return,,CAD,CA,2024-07-21 04:00:00,PAYROLL
EVT00084855,2024-07-20,EMP00396,CC0071,PA,4,Step Increment,101589.15,CAD,CA,2024-07-20 15:00:00,PAYROLL
EVT00085381,2024-07-04,EMP04699,CC0069,IT,3,Hire,116483.06,CAD,CAN,2024-07-05 02:00:00,CORE_HR
EVT00085884,2024-07-20,EMP04767,CC0045,FI,2,Step Increment,97037.11,CAD,CAN,2024-07-20 21:00:00,CORE_HR
EVT00085067,2024-07-07,EMP03330,CC0067,CR,1,Leave Return,,CAD,CA,2024-07-07 12:00:00,PAYROLL
EVT00085625,2024-07-09,EMP00712,CC0102,IT,1,Step Increment,93080.41,CAD,CAN,2024-07-10 04:00:00,CORE_HR
EVT00085714,2024-07-12,EMP04875,CC0101,PA,1,Lateral Deployment,,CAD,CAN,2024-07-12 14:00:00,CORE_HR
EVT00085742,2024-07-15,EMP01776,CC0065,EC,2,Leave Return,,SGD,SGP,2024-07-16 08:00:00,CORE_HR
EVT00084871,2024-07-15,EMP02342,CC0059,IT,5,Step Increment,115023.59,CAD,CA,2024-07-16 06:00:00,PAYROLL
EVT00084254,2024-07-15,EMP03093,CC0079,EN,1,Promotion,89002.43,CAD,CAN,2024-07-16 07:00:00,CORE_HR
EVT00085458,2024-07-23,EMP00331,CC0066,PA,3,Step Increment,79332.98,CAD,CAN,2024-07-24 15:00:00,CORE_HR
EVT00084407,2024-07-04,EMP04178,CC0032,PA,5,Step Increment,108523.88,CAD,CAN,2024-07-04 08:00:00,CORE_HR
EVT00084645,2024-07-26,EMP03786,CC0006,FI,5,Leave Start,,CAD,CA,2024-07-27 12:00:00,PAYROLL
EVT00084687,2024-07-05,EMP01104,CC0048,CR,3,Leave Start,,CAD,CAN,2024-07-06 07:00:00,CORE_HR
EVT00085845,2024-07-16,EMP04267,CC0062,EN,1,Leave Start,,CAD,CAN,2024-07-17 10:00:00,CORE_HR
EVT00085317,2024-07-10,EMP02019,CC0078,CR,1,Promotion,51958.86,CAD,CA,2024-07-10 11:00:00,PAYROLL
EVT00084304,2024-07-13,EMP01743,CC0032,IT,3,Step Increment,118442.6,CAD,CAN,2024-07-14 00:00:00,CORE_HR
EVT00084549,2024-07-23,EMP03941,CC0055,IT,3,Leave Return,,CAD,CA,2024-07-24 05:00:00,PAYROLL
EVT00084158,2024-07-09,EMP03983,CC0116,FI,1,Leave Return,,CAD,CAN,2024-07-09 15:00:00,CORE_HR
EVT00084109,2024-07-11,EMP00397,CC0114,CR,1,Step Increment,59069.15,CAD,CAN,2024-07-12 06:00:00,CORE_HR
EVT00085307,2024-07-03,EMP04850,CC0010,AS,2,Step Increment,68200.62,CAD,CA,2024-07-04 03:00:00,PAYROLL
EVT00085722,2024-07-11,EMP04839,CC0031,EX,1,Promotion,579915.54,BRL,BRA,2024-07-12 01:00:00,CORE_HR
EVT00085051,2024-07-13,EMP01205,CC0115,AS,2,Step Increment,61585.22,CAD,CAN,2024-07-13 23:00:00,CORE_HR
EVT00084264,2024-07-07,EMP04353,CC0112,PA,1,Leave Return,,CAD,CAN,2024-07-07 09:00:00,CORE_HR
EVT00084002,2024-07-26,EMP02583,CC0066,IT,1,Leave Start,,CAD,CA,2024-07-26 12:00:00,PAYROLL
EVT00085367,2024-07-11,EMP02807,CC0106,AS,2,Step Increment,53383.63,CAD,CAN,2024-07-12 09:00:00,CORE_HR
EVT00085271,2024-07-23,EMP01881,CC0117,IT,1,Lateral Deployment,,CAD,CAN,2024-07-25 22:00:00,CORE_HR
EVT00085808,2024-07-14,EMP04871,CC0105,FI,1,Leave Return,,GBP,GB,2024-07-14 14:00:00,PAYROLL
EVT00084526,2024-07-01,EMP01938,CC0119,FI,3,Departure,,CAD,CAN,2024-07-02 14:00:00,CORE_HR
EVT00084320,2024-07-22,EMP02865,CC0015,FI,2,Step Increment,67312.89,CAD,CAN,2024-07-22 13:00:00,CORE_HR
EVT00085735,2024-07-13,EMP01585,CC0045,EC,3,Leave Return,,CAD,CAN,2024-07-13 11:00:00,CORE_HR
EVT00085834,2024-07-24,EMP02168,CC0001,AS,1,Performance Pay,5061.45,CAD,CAN,2024-07-24 22:00:00,CORE_HR
EVT00084027,2024-07-26,EMP00414,CC0015,EC,3,Leave Return,,CAD,CA,2024-07-26 12:00:00,PAYROLL
EVT00084445,2024-07-19,EMP04815,CC0050,IT,1,Leave Return,,CAD,CAN,2024-07-20 02:00:00,CORE_HR
EVT00084753,2024-07-12,EMP02048,CC0035,PA,3,Leave Return,,CAD,CAN,2024-07-12 06:00:00,CORE_HR
EVT00084419,2024-07-17,EMP02486,CC0040,IT,1,Step Increment,93983.41,CAD,CAN,2024-07-17 13:00:00,CORE_HR
EVT00084364,2024-07-05,EMP03328,CC0066,IT,1,Step Increment,71808.99,CAD,CAN,2024-07-05 07:00:00,CORE_HR
EVT00084595,2024-07-07,EMP03265,CC0073,IT,4,Performance Pay,9571.63,CAD,CA,2024-07-08 07:00:00,PAYROLL
EVT00085779,2024-07-21,EMP02190,CC0080,PA,4,Leave Start,,GBP,GBR,2024-07-21 22:00:00,CORE_HR
EVT00085304,2024-07-26,EMP01277,CC0017,PA,3,Promotion,83312.94,CAD,CAN,2024-07-27 07:00:00,CORE_HR
EVT00084850,2024-07-22,EMP02804,CC0098,CR,2,Step Increment,61833.79,CAD,CA,2024-07-22 06:00:00,PAYROLL
EVT00084085,2024-07-10,EMP01911,CC0117,CR,5,Leave Return,,CAD,CAN,2024-07-11 15:00:00,CORE_HR
EVT00084668,2024-07-26,EMP05009,CC0038,CR,1,Lateral Deployment,,CAD,CAN,2024-07-27 10:00:00,CORE_HR
EVT00085836,2024-07-03,EMP01077,CC0014,IT,1,Departure,,CAD,CAN,2024-07-03 09:00:00,CORE_HR
EVT00084768,2024-07-22,EMP01420,CC0012,EN,2,Leave Start,,CAD,CA,2024-07-23 08:00:00,PAYROLL
EVT00084537,2024-07-25,EMP03839,CC0028,IT,1,Lateral Deployment,,CAD,CA,2024-07-25 09:00:00,PAYROLL
EVT00084091,2024-07-14,EMP00324,CC0094,PA,2,Step Increment,69754.13,CAD,CAN,2024-07-14 19:00:00,CORE_HR
EVT00084627,2024-07-02,EMP01818,CC0041,IT,5,Lateral Deployment,,CAD,CAN,2024-07-02 06:00:00,CORE_HR
EVT00084920,2024-07-02,EMP01612,CC0107,PA,2,Step Increment,69663.0,CAD,CA,2024-07-02 07:00:00,PAYROLL
EVT00085740,2024-07-06,EMP02550,CC0088,EN,4,Leave Start,,AED,AE,2024-07-07 00:00:00,PAYROLL
EVT00084181,2024-07-06,EMP01390,CC0046,AS,4,Leave Start,,KES,KEN,2024-07-07 14:00:00,CORE_HR
EVT00084042,2024-07-03,EMP02015,CC0002,IT,4,Performance Pay,10291.4,CAD,CAN,2024-07-03 17:00:00,CORE_HR
EVT00085121,2024-07-06,EMP01582,CC0103,IT,2,Leave Start,,CAD,CAN,2024-07-07 00:00:00,CORE_HR
EVT00085501,2024-07-20,EMP01265,CC0005,AS,3,Promotion,79032.33,CAD,CAN,2024-07-21 00:00:00,CORE_HR
EVT00084229,2024-07-14,EMP03231,CC0030,PA,3,Step Increment,224304.08,AED,AE,2024-07-14 16:00:00,PAYROLL
EVT00084346,2024-07-14,EMP00626,CC0050,AS,2,Lateral Deployment,,CAD,CAN,2024-07-15 02:00:00,CORE_HR
EVT00085226,2024-07-05,EMP04478,CC0095,IT,2,Step Increment,97112.78,CAD,CAN,2024-07-06 04:00:00,CORE_HR
EVT00085781,2024-07-26,EMP04984,CC0017,AS,4,Leave Start,,CAD,CAN,2024-07-26 20:00:00,CORE_HR
EVT00085401,2024-07-03,EMP02188,CC0022,FI,3,Promotion,96976.7,CAD,CAN,2024-07-03 18:00:00,CORE_HR
EVT00085221,2024-07-04,EMP04352,CC0004,EC,2,Performance Pay,12237.9,CAD,CA,2024-07-04 07:00:00,PAYROLL
EVT00084554,2024-07-07,EMP03340,CC0118,PA,4,Step Increment,86323.58,CAD,CAN,2024-07-08 14:00:00,CORE_HR
EVT00084868,2024-07-06,EMP02798,CC0006,PA,2,Performance Pay,3146.31,CAD,CAN,2024-07-06 14:00:00,CORE_HR
EVT00084026,2024-07-19,EMP00268,CC0117,PA,2,Leave Start,,CAD,CAN,2024-07-20 14:00:00,CORE_HR
EVT00084065,2024-07-18,EMP02681,CC0079,FI,2,Departure,,CAD,CAN,2024-07-19 00:00:00,CORE_HR
EVT00085364,2024-07-22,EMP05176,CC0053,AS,1,Leave Start,,CAD,CAN,2024-07-23 00:00:00,CORE_HR
EVT00084314,2024-07-16,EMP01993,CC0111,FI,2,Leave Start,,SGD,SG,2024-07-17 02:00:00,PAYROLL
EVT00085062,2024-07-27,EMP01581,CC0051,EC,4,Promotion,120115.18,CAD,CAN,2024-07-28 08:00:00,CORE_HR
EVT00083995,2024-07-03,EMP02944,CC0078,PA,4,Leave Return,,CAD,CA,2024-07-04 05:00:00,PAYROLL
EVT00085712,2024-07-23,EMP04579,CC0052,PA,3,Departure,,CAD,CAN,2024-07-24 14:00:00,CORE_HR
EVT00084230,2024-07-15,EMP02291,CC0033,AS,2,Leave Start,,CAD,CAN,2024-07-16 13:00:00,CORE_HR
EVT00083977,2024-07-07,EMP02737,CC0004,AS,2,Step Increment,68001.14,CAD,CAN,2024-07-08 15:00:00,CORE_HR
EVT00085545,2024-07-26,EMP04583,CC0074,FI,1,Leave Return,,BRL,BRA,2024-07-26 08:00:00,CORE_HR
EVT00084969,2024-07-01,EMP05116,CC0074,FI,1,Leave Start,,EUR,FR,2024-07-01 11:00:00,PAYROLL
EVT00084218,2024-07-11,EMP02649,CC0028,EC,4,Step Increment,123927.53,CAD,CAN,2024-07-12 07:00:00,CORE_HR
EVT00084798,2024-07-10,EMP01886,CC0047,CR,1,Lateral Deployment,,CAD,CA,2024-07-11 08:00:00,PAYROLL
EVT00083986,2024-07-08,EMP02082,CC0010,IT,4,Hire,121988.58,CAD,CAN,2024-07-09 16:00:00,CORE_HR
EVT00084963,2024-07-23,EMP02308,CC0071,EC,4,Hire,125891.83,CAD,CAN,2024-07-23 10:00:00,CORE_HR
EVT00084310,2024-07-04,EMP01522,CC0069,IT,3,Promotion,106638.76,CAD,CAN,2024-07-05 06:00:00,CORE_HR
EVT00084447,2024-07-12,EMP00558,CC0008,PA,1,Step Increment,59398.55,CAD,CAN,2024-07-13 13:00:00,CORE_HR
EVT00084195,2024-07-01,EMP01044,CC0088,PA,1,Leave Return,,MXN,MEX,2024-07-01 20:00:00,CORE_HR
EVT00084296,2024-07-04,EMP04923,CC0020,PA,2,Step Increment,80482.73,CAD,CAN,2024-07-04 08:00:00,CORE_HR
EVT00085040,2024-07-02,EMP02634,CC0112,CR,2,Step Increment,63062.4,CAD,CA,2024-07-02 21:00:00,PAYROLL
EVT00084035,2024-07-24,EMP01718,CC0056,PA,3,Leave Start,,CAD,CAN,2024-07-25 12:00:00,CORE_HR
EVT00085638,2024-07-04,EMP02437,CC0024,EC,4,Hire,128667.65,CAD,CAN,2024-07-05 11:00:00,CORE_HR
EVT00084540,2024-07-23,EMP02610,CC0044,PA,2,Leave Return,,CAD,CAN,2024-07-24 02:00:00,CORE_HR
EVT00084557,2024-07-23,EMP01934,CC0027,FI,5,Leave Start,,CAD,CA,2024-07-24 12:00:00,PAYROLL
EVT00085811,2024-07-01,EMP01985,CC0032,PA,2,Lateral Deployment,,CAD,CAN,2024-07-01 23:00:00,CORE_HR
EVT00084835,2024-07-08,EMP00184,CC0039,PA,1,Performance Pay,7710.09,CAD,CAN,2024-07-08 11:00:00,CORE_HR
EVT00085329,2024-07-11,EMP01147,CC0051,EX,1,Performance Pay,10852.05,CAD,CA,2024-07-11 23:00:00,PAYROLL
EVT00084556,2024-07-18,EMP04930,CC0037,FI,5,Leave Return,,CAD,CAN,2024-07-18 22:00:00,CORE_HR
EVT00084024,2024-07-22,EMP03986,CC0078,PA,3,Leave Return,,CAD,CAN,2024-07-23 02:00:00,CORE_HR
EVT00084473,2024-07-02,EMP03495,CC0082,EN,3,Leave Return,,CAD,CAN,2024-07-02 09:00:00,CORE_HR
EVT00084077,2024-07-03,EMP04282,CC0057,PA,2,Step Increment,68915.64,CAD,CAN,2024-07-04 06:00:00,CORE_HR
EVT00085881,2024-07-10,EMP02594,CC0050,FI,1,Leave Return,,CAD,CAN,2024-07-11 03:00:00,CORE_HR
EVT00084751,2024-07-17,EMP00467,CC0050,EX,3,Step Increment,193596.5,CAD,CA,2024-07-18 01:00:00,PAYROLL
EVT00085316,2024-07-07,EMP03302,CC0044,EN,2,Step Increment,104069.0,CAD,CAN,2024-07-08 14:00:00,CORE_HR
EVT00084584,2024-07-06,EMP04874,CC0003,EX,3,Step Increment,196924.54,CAD,CAN,2024-07-06 16:00:00,CORE_HR
EVT00084092,2024-07-11,EMP03803,CC0119,IT,3,Lateral Deployment,,CAD,CA,2024-07-12 11:00:00,PAYROLL
EVT00085324,2024-07-21,EMP00598,CC0120,EC,1,Performance Pay,10335.83,CAD,CA,2024-07-21 19:00:00,PAYROLL
EVT00085198,2024-07-09,EMP01997,CC0007,IT,5,Leave Return,,MXN,MEX,2024-07-10 10:00:00,CORE_HR
EVT00083955,2024-07-04,EMP03300,CC0015,PA,4,Leave Return,,CAD,CA,2024-07-04 16:00:00,PAYROLL
EVT00084129,2024-07-17,EMP04963,CC0089,IT,2,Performance Pay,10631.72,CAD,CAN,2024-07-18 08:00:00,CORE_HR
EVT00084956,2024-07-09,EMP01340,CC0059,IT,2,Step Increment,85293.24,CAD,CA,2024-07-10 10:00:00,PAYROLL
EVT00083988,2024-07-20,EMP03095,CC0046,IT,2,Step Increment,74110.64,EUR,DEU,2024-07-20 16:00:00,CORE_HR
EVT00085459,2024-07-16,EMP05029,CC0106,PA,1,Departure,,CAD,CAN,2024-07-16 10:00:00,CORE_HR
EVT00085334,2024-07-27,EMP00236,CC0054,AS,2,Leave Return,,GBP,GBR,2024-07-28 08:00:00,CORE_HR
EVT00084807,2024-07-06,EMP02318,CC0043,AS,4,Departure,,CAD,CAN,2024-07-06 19:00:00,CORE_HR
EVT00085456,2024-07-13,EMP02559,CC0104,EX,1,Performance Pay,19796.33,CAD,CAN,2024-07-14 03:00:00,CORE_HR
EVT00085626,2024-07-03,EMP01849,CC0083,PA,5,Lateral Deployment,,CAD,CAN,2024-07-04 01:00:00,CORE_HR
EVT00085548,2024-07-04,EMP00182,CC0066,EN,2,Leave Return,,CAD,CAN,2024-07-04 08:00:00,CORE_HR
EVT00084008,2024-07-09,EMP00685,CC0046,IT,2,Leave Start,,SGD,SG,2024-07-09 07:00:00,PAYROLL
EVT00085702,2024-07-20,EMP01475,CC0105,CR,3,Lateral Deployment,,AED,ARE,2024-07-20 19:00:00,CORE_HR
EVT00084692,2024-07-03,EMP02543,CC0001,IT,4,Leave Return,,CAD,CAN,2024-07-04 12:00:00,CORE_HR
EVT00084873,2024-07-06,EMP02125,CC0110,EC,3,Leave Return,,CAD,CA,2024-07-08 14:00:00,PAYROLL
EVT00085593,2024-07-20,EMP04001,CC0048,PA,2,Step Increment,70659.26,CAD,CAN,2024-07-21 07:00:00,CORE_HR
EVT00085429,2024-07-13,EMP03731,CC0119,EX,2,Step Increment,137265.64,CAD,CAN,2024-07-14 10:00:00,CORE_HR
EVT00085103,2024-07-01,EMP01921,CC0009,IT,2,Performance Pay,621353.91,INR,IND,2024-07-02 00:00:00,CORE_HR
EVT00085219,2024-07-25,EMP01572,CC0081,CR,1,Step Increment,57958.3,CAD,CAN,2024-07-26 13:00:00,CORE_HR
EVT00084306,2024-07-19,EMP02597,CC0058,FI,2,Departure,,CAD,CAN,2024-07-20 10:00:00,CORE_HR
EVT00085513,2024-07-04,EMP04779,CC0082,CR,3,Lateral Deployment,,CAD,CAN,2024-07-05 14:00:00,CORE_HR
EVT00084997,2024-07-09,EMP00041,CC0016,EX,2,Leave Return,,CAD,CAN,2024-07-09 17:00:00,CORE_HR
EVT00085839,2024-07-16,EMP00183,CC0043,EN,3,Step Increment,115997.69,CAD,CAN,2024-07-17 06:00:00,CORE_HR
EVT00085130,2024-07-24,EMP00226,CC0115,PA,5,Hire,100604.1,CAD,CAN,2024-07-24 11:00:00,CORE_HR
EVT00085144,2024-07-10,EMP02058,CC0055,EX,1,Performance Pay,6143.94,CAD,CA,2024-07-10 11:00:00,PAYROLL
EVT00084754,2024-07-19,EMP02231,CC0098,CR,2,Leave Return,,CAD,CAN,2024-07-21 19:00:00,CORE_HR
EVT00084392,2024-07-23,EMP03148,CC0021,AS,1,Step Increment,62135.22,CAD,CA,2024-07-23 23:00:00,PAYROLL
EVT00084499,2024-07-11,EMP00329,CC0086,IT,2,Hire,5854294.25,INR,IN,2024-07-12 06:00:00,PAYROLL
EVT00085098,2024-07-14,EMP02078,CC0048,IT,3,Leave Start,,CAD,CAN,2024-07-14 20:00:00,CORE_HR
EVT00084225,2024-07-13,EMP02553,CC0038,PA,1,Step Increment,66938.83,CAD,CAN,2024-07-13 20:00:00,CORE_HR
EVT00084301,2024-07-26,EMP04010,CC0004,EX,1,Performance Pay,6806.77,CAD,CA,2024-07-26 23:00:00,PAYROLL
EVT00084438,2024-07-22,EMP04406,CC0009,IT,2,Leave Start,,USD,USA,2024-07-23 00:00:00,CORE_HR
EVT00085775,2024-07-10,EMP02989,CC0070,AS,5,Leave Return,,CAD,CA,2024-07-10 12:00:00,PAYROLL
EVT00084272,2024-07-02,EMP05064,CC0043,AS,5,Step Increment,98391.54,CAD,CA,2024-07-02 15:00:00,PAYROLL
EVT00085512,2024-07-22,EMP03053,CC0009,AS,2,Step Increment,3791164.59,INR,IN,2024-07-23 15:00:00,PAYROLL
EVT00084235,2024-07-07,EMP00800,CC0093,PA,4,Performance Pay,5822.6,CAD,CAN,2024-07-08 04:00:00,CORE_HR
EVT00085798,2024-07-26,EMP00114,CC0037,IT,5,Hire,139465.12,CAD,CA,2024-07-26 12:00:00,PAYROLL
EVT00084621,2024-07-23,EMP03073,CC0006,AS,4,Step Increment,65834.73,CAD,CAN,2024-07-23 10:00:00,CORE_HR
EVT00083945,2024-07-18,EMP00728,CC0101,EX,2,Step Increment,204715.36,CAD,CA,2024-07-19 05:00:00,PAYROLL
EVT00084288,2024-07-01,EMP01448,CC0033,EX,1,Leave Start,,CAD,CAN,2024-07-01 18:00:00,CORE_HR
EVT00085234,2024-07-09,EMP05089,CC0016,PA,1,Departure,,CAD,CA,2024-07-09 19:00:00,PAYROLL
EVT00083989,2024-07-25,EMP05139,CC0055,EN,2,Lateral Deployment,,CAD,CAN,2024-07-26 07:00:00,CORE_HR
EVT00084422,2024-07-07,EMP02775,CC0105,PA,4,Performance Pay,12644.88,AUD,AU,2024-07-07 11:00:00,PAYROLL
EVT00084904,2024-07-14,EMP04452,CC0035,CR,2,Step Increment,61638.81,CAD,CA,2024-07-14 08:00:00,PAYROLL
EVT00084186,2024-07-23,EMP01519,CC0047,CR,2,Performance Pay,3469.67,CAD,CA,2024-07-24 13:00:00,PAYROLL
EVT00084405,2024-07-08,EMP02254,CC0031,AS,4,Hire,68569.22,USD,USA,2024-07-08 23:00:00,CORE_HR
EVT00085534,2024-07-17,EMP05145,CC0108,FI,1,Performance Pay,5123.7,XXX,GBR,2024-07-17 19:00:00,CORE_HR
EVT00085419,2024-07-16,EMP03654,CC0074,EN,2,Lateral Deployment,,KES,KEN,2024-07-17 14:00:00,CORE_HR
EVT00084480,2024-07-06,EMP03739,CC0032,EN,3,Lateral Deployment,,CAD,CA,2024-07-06 12:00:00,PAYROLL
EVT00084543,2024-07-05,EMP01909,CC0105,PA,4,Performance Pay,7249.17,EUR,DEU,2024-07-06 11:00:00,CORE_HR
EVT00085189,2024-07-11,EMP00746,CC0049,EC,1,Step Increment,4948393.57,INR,IND,2024-07-11 09:00:00,CORE_HR
EVT00085064,2024-07-01,EMP04180,CC0022,IT,5,Step Increment,151365.44,CAD,CA,2024-07-01 11:00:00,PAYROLL
EVT00085272,2024-07-01,EMP01774,CC0110,EN,3,Hire,110096.87,CAD,CAN,2024-07-01 20:00:00,CORE_HR
EVT00084618,2024-07-27,EMP04406,CC0009,IT,2,Leave Start,,AUD,AU,2024-07-27 12:00:00,PAYROLL
EVT00084588,2024-07-02,EMP02694,CC0018,EN,3,Lateral Deployment,,CAD,CA,2024-07-02 14:00:00,PAYROLL
EVT00084710,2024-07-01,EMP04433,CC0063,FI,1,Performance Pay,7013.96,CAD,CAN,2024-07-01 21:00:00,CORE_HR
EVT00084799,2024-07-03,EMP00059,CC0084,CR,3,Performance Pay,7926.59,CAD,CAN,2024-07-03 10:00:00,CORE_HR
EVT00084857,2024-07-03,EMP01359,CC0043,PA,1,Step Increment,59810.84,CAD,CA,2024-07-03 19:00:00,PAYROLL
EVT00084703,2024-07-16,EMP03840,CC0119,EN,1,Hire,94904.81,CAD,CA,2024-07-17 14:00:00,PAYROLL
EVT00084368,2024-07-16,EMP01191,CC0031,EC,1,Leave Start,,MXN,MEX,2024-07-17 11:00:00,CORE_HR
EVT00085914,2024-07-10,EMP01828,CC0026,PA,4,Performance Pay,6646.46,CAD,CA,2024-07-11 07:00:00,PAYROLL
EVT00083960,2024-07-20,EMP01957,CC0096,AS,2,Step Increment,64828.79,CAD,CA,2024-07-21 05:00:00,PAYROLL
EVT00085922,2024-07-19,EMP01863,CC0021,EN,5,Performance Pay,6455.71,CAD,CAN,2024-07-20 04:00:00,CORE_HR
EVT00084551,2024-07-08,EMP00550,CC0025,EC,1,Leave Start,,CAD,CAN,2024-07-08 22:00:00,CORE_HR
EVT00085493,2024-07-14,EMP02602,CC0114,CR,2,Departure,,CAD,CAN,2024-07-15 08:00:00,CORE_HR
EVT00084497,2024-07-21,EMP03130,CC0012,EC,3,Step Increment,104824.35,CAD,CAN,2024-07-22 04:00:00,CORE_HR
EVT00085754,2024-07-17,EMP02670,CC0091,EN,4,Leave Return,,CAD,CAN,2024-07-17 09:00:00,CORE_HR
EVT00085132,2024-07-06,EMP04435,CC0118,AS,5,Hire,88340.66,CAD,CAN,2024-07-06 15:00:00,CORE_HR
EVT00084349,2024-07-11,EMP03328,CC0066,IT,1,Leave Return,,CAD,CAN,2024-07-12 06:00:00,CORE_HR
EVT00085743,2024-07-21,EMP00149,CC0020,FI,1,Leave Return,,CAD,CA,2024-07-22 10:00:00,PAYROLL
EVT00084409,2024-07-17,EMP03714,CC0020,IT,1,Lateral Deployment,,CAD,CAN,2024-07-18 03:00:00,CORE_HR
EVT00084755,2024-07-20,EMP00109,CC0065,EN,5,Departure,,JPY,JPN,2024-07-20 19:00:00,CORE_HR
EVT00084886,2024-07-05,EMP02963,CC0015,FI,3,Step Increment,91644.88,CAD,CAN,2024-07-06 08:00:00,CORE_HR
EVT00084770,2024-07-11,EMP03776,CC0033,EC,2,Lateral Deployment,,CAD,CA,2024-07-11 17:00:00,PAYROLL
EVT00085417,2024-07-16,EMP02934,CC0006,IT,3,Leave Return,,CAD,CA,2024-07-16 22:00:00,PAYROLL
EVT00084657,2024-07-15,EMP00263,CC0014,EX,1,Lateral Deployment,,CAD,CAN,2024-07-15 10:00:00,CORE_HR
EVT00085852,2024-07-24,EMP03087,CC0114,FI,2,Leave Return,,CAD,CAN,2024-07-25 09:00:00,CORE_HR
EVT00085899,2024-07-08,EMP01961,CC0013,PA,1,Step Increment,63489.24,CAD,CAN,2024-07-08 07:00:00,CORE_HR
EVT00085231,2024-07-08,EMP00465,CC0093,CR,5,Step Increment,79983.31,CAD,CA,2024-07-08 09:00:00,PAYROLL
EVT00085596,2024-07-02,EMP01112,CC0005,AS,2,Leave Return,,CAD,CA,2024-07-02 17:00:00,PAYROLL
EVT00085782,2024-07-08,EMP03940,CC0081,CR,2,Lateral Deployment,,CAD,CAN,2024-07-08 21:00:00,CORE_HR
EVT00085786,2024-07-14,EMP00212,CC0043,FI,1,Step Increment,76468.21,CAD,CAN,2024-07-14 14:00:00,CORE_HR
EVT00085258,2024-07-08,EMP00703,CC0078,CR,1,Leave Return,,CAD,CAN,2024-07-09 06:00:00,CORE_HR
EVT00084418,2024-07-20,EMP02299,CC0049,PA,3,Performance Pay,3183.42,SGD,SGP,2024-07-20 20:00:00,CORE_HR
EVT00085253,2024-07-23,EMP03734,CC0005,PA,1,Departure,,CAD,CAN,2024-07-23 22:00:00,CORE_HR
EVT00084360,2024-07-12,EMP03474,CC0048,AS,1,Step Increment,57769.24,CAD,CA,2024-07-13 14:00:00,PAYROLL
EVT00085577,2024-07-15,EMP02969,CC0022,CR,1,Step Increment,51969.42,CAD,CAN,2024-07-15 08:00:00,CORE_HR
EVT00084327,2024-07-16,EMP04809,CC0107,PA,3,Lateral Deployment,,CAD,CA,2024-07-16 07:00:00,PAYROLL
EVT00085004,2024-07-18,EMP05107,CC0110,PA,3,Lateral Deployment,,CAD,CAN,2024-07-19 02:00:00,CORE_HR
EVT00084848,2024-07-07,EMP05084,CC0016,EX,2,Performance Pay,7749.19,CAD,CAN,2024-07-07 09:00:00,CORE_HR
EVT00085792,2024-07-14,EMP03519,CC0118,IT,3,Leave Start,,CAD,CA,2024-07-14 08:00:00,PAYROLL
EVT00085069,2024-07-13,EMP04135,CC0029,EC,3,Leave Return,,SGD,SGP,2024-07-14 06:00:00,CORE_HR
EVT00085733,2024-07-16,EMP01447,CC0092,EC,5,Step Increment,140125.56,CAD,CAN,2024-07-16 08:00:00,CORE_HR
EVT00085879,2024-07-06,EMP01702,CC0112,IT,1,Leave Start,,CAD,CA,2024-07-06 15:00:00,PAYROLL
EVT00085604,2024-07-15,EMP03367,CC0085,CR,2,Step Increment,64296.42,CAD,CAN,2024-07-16 02:00:00,CORE_HR
EVT00084801,2024-07-23,EMP02846,CC0065,IT,1,Step Increment,8471661.2,JPY,JPN,2024-07-23 17:00:00,CORE_HR
EVT00084828,2024-07-19,EMP01939,CC0071,IT,2,Hire,104926.22,CAD,CAN,2024-07-19 13:00:00,CORE_HR
EVT00084524,2024-07-01,EMP04796,CC0006,IT,1,Step Increment,87869.42,CAD,CAN,2024-07-02 04:00:00,CORE_HR
EVT00085827,2024-07-16,EMP04840,CC0055,AS,1,Hire,52402.17,CAD,CAN,2024-07-17 09:00:00,CORE_HR
EVT00084697,2024-07-04,EMP03181,CC0055,PA,2,Leave Return,,CAD,CAN,2024-07-05 15:00:00,CORE_HR
EVT00085480,2024-07-12,EMP00893,CC0024,IT,2,Leave Return,,CAD,CA,2024-07-13 14:00:00,PAYROLL
EVT00085619,2024-07-10,EMP02313,CC0087,EC,3,Step Increment,105521.21,CAD,CAN,2024-07-11 06:00:00,CORE_HR
EVT00084029,2024-07-06,EMP04942,CC0033,FI,4,Step Increment,94385.93,CAD,CA,2024-07-06 22:00:00,PAYROLL
EVT00084248,2024-07-06,EMP04012,CC0069,PA,5,Promotion,125588.47,CAD,CAN,2024-07-07 12:00:00,CORE_HR
EVT00084665,2024-07-04,EMP01513,CC0111,AS,1,Leave Start,,GBP,GBR,2024-07-04 15:00:00,CORE_HR
EVT00084635,2024-07-06,EMP03474,CC0048,AS,1,Lateral Deployment,,CAD,CA,2024-07-07 01:00:00,PAYROLL
EVT00084999,2024-07-20,EMP03384,CC0040,AS,2,Step Increment,68905.6,CAD,CAN,2024-07-20 13:00:00,CORE_HR
EVT00084146,2024-07-17,EMP02494,CC0059,PA,2,Departure,,CAD,CAN,2024-07-17 11:00:00,CORE_HR
EVT00084915,2024-07-06,EMP02145,CC0040,PA,2,Step Increment,77465.82,CAD,CA,2024-07-07 04:00:00,PAYROLL
EVT00085684,2024-07-27,EMP01860,CC0059,EX,1,Step Increment,141697.57,CAD,CAN,2024-07-27 19:00:00,CORE_HR
EVT00084720,2024-07-20,EMP04308,CC0099,CR,5,Hire,88806.9,CAD,CA,2024-07-20 20:00:00,PAYROLL
EVT00084880,2024-07-17,EMP04267,CC0062,EN,1,Lateral Deployment,,CAD,CA,2024-07-18 02:00:00,PAYROLL
EVT00083950,2024-07-19,EMP02019,CC0078,CR,1,Step Increment,54864.53,CAD,CA,2024-07-20 02:00:00,PAYROLL
EVT00084542,2024-07-16,EMP03326,CC0002,PA,2,Hire,72285.97,CAD,CAN,2024-07-17 10:00:00,CORE_HR
EVT00085667,2024-07-04,EMP01911,CC0117,CR,5,Leave Return,,CAD,CAN,2024-07-05 08:00:00,CORE_HR
EVT00085703,2024-07-24,EMP00212,CC0043,FI,1,Step Increment,80008.9,CAD,CA,2024-07-25 00:00:00,PAYROLL
EVT00084988,2024-07-25,EMP04722,CC0005,IT,1,Step Increment,79487.69,CAD,CA,2024-07-26 11:00:00,PAYROLL
EVT00085205,2024-07-27,EMP05169,CC0066,EX,3,Leave Return,,CAD,CAN,2024-07-27 09:00:00,CORE_HR
EVT00084778,2024-07-09,EMP04874,CC0003,EX,3,Step Increment,182275.54,CAD,CA,2024-07-10 09:00:00,PAYROLL
EVT00085257,1900-01-01,EMP01838,CC0085,PA,1,Leave Return,,CAD,CA,2024-07-23 08:00:00,PAYROLL
EVT00084523,2024-07-26,EMP02609,CC0005,PA,2,Leave Return,,CAD,CAN,2024-07-26 11:00:00,CORE_HR
EVT00084532,2024-07-01,EMP04752,CC0004,IT,2,Performance Pay,9036.58,CAD,CAN,2024-07-02 00:00:00,CORE_HR
EVT00084511,2024-07-18,EMP02118,CC0039,CR,5,Step Increment,79851.22,CAD,CAN,2024-07-18 11:00:00,CORE_HR
EVT00084996,2024-07-21,EMP00863,CC0097,CR,1,Performance Pay,3314.27,CAD,CAN,2024-07-21 08:00:00,CORE_HR
EVT00085730,2024-07-01,EMP00115,CC0073,CR,1,Step Increment,69328.29,CAD,CAN,2024-07-01 23:00:00,CORE_HR
EVT00085830,2024-07-12,EMP00856,CC0115,PA,1,Lateral Deployment,,CAD,CA,2024-07-13 00:00:00,PAYROLL
EVT00084942,2024-07-02,EMP02143,CC0114,PA,5,Step Increment,103350.85,CAD,CA,2024-07-03 03:00:00,PAYROLL
EVT00084892,2024-07-13,EMP00102,CC0049,EC,3,Step Increment,6683710.54,INR,IND,2024-07-14 15:00:00,CORE_HR
EVT00084582,2024-07-20,EMP02679,CC0063,EX,1,Step Increment,140535.55,CAD,CA,2024-07-20 07:00:00,PAYROLL
EVT00085077,2024-07-19,EMP01234,CC0077,CR,5,Lateral Deployment,,CAD,CA,2024-07-20 00:00:00,PAYROLL
EVT00085784,2024-07-02,EMP02450,CC0072,EX,2,Step Increment,173403.95,CAD,CA,2024-07-03 05:00:00,PAYROLL
EVT00085639,2024-07-19,EMP03244,CC0053,EC,1,Departure,,CAD,CA,2024-07-21 00:00:00,PAYROLL
EVT00085325,2024-07-17,EMP01561,CC0060,EC,5,Departure,,CAD,CAN,2024-07-18 01:00:00,CORE_HR
EVT00085438,2024-07-16,EMP01344,CC0040,AS,3,Performance Pay,3148.52,CAD,CAN,2024-07-17 12:00:00,CORE_HR
EVT00084694,2024-07-21,EMP05149,CC0048,EN,3,Performance Pay,16180.54,CAD,CAN,2024-07-21 13:00:00,CORE_HR
EVT00085360,2024-07-04,EMP03489,CC0032,FI,2,Performance Pay,8651.13,CAD,CAN,2024-07-05 05:00:00,CORE_HR
EVT00084400,2024-07-10,EMP01946,CC0080,PA,2,Leave Start,,KES,KEN,2024-07-10 09:00:00,CORE_HR
EVT00084708,2024-07-11,EMP01544,CC0052,FI,1,Performance Pay,7704.44,CAD,CA,2024-07-11 20:00:00,PAYROLL
EVT00085599,2024-07-16,EMP02248,CC0036,PA,2,Promotion,82575.01,CAD,CAN,2024-07-16 18:00:00,CORE_HR
EVT00085377,2024-07-21,EMP04985,CC0001,EN,3,Performance Pay,7945.52,CAD,CA,2024-07-22 14:00:00,PAYROLL
EVT00085828,2024-07-20,EMP01922,CC0101,IT,2,Step Increment,104761.31,CAD,CAN,2024-07-21 02:00:00,CORE_HR
EVT00085499,2024-07-14,EMP01928,CC0102,PA,3,Step Increment,88503.26,CAD,CAN,2024-07-17 03:00:00,CORE_HR
EVT00084729,2024-07-23,EMP00354,CC0041,IT,2,Leave Start,,CAD,CA,2024-07-23 17:00:00,PAYROLL
EVT00084639,2024-07-21,EMP05108,CC0013,PA,2,Leave Return,,CAD,CAN,2024-07-22 12:00:00,CORE_HR
EVT00085680,2024-07-16,EMP00563,CC0053,IT,1,Leave Start,,CAD,CAN,2024-07-16 12:00:00,CORE_HR
EVT00084044,2024-07-10,EMP02080,CC0113,EX,1,Leave Start,,CAD,CA,2024-07-10 09:00:00,PAYROLL
EVT00085275,2024-07-14,EMP00775,CC0088,PA,3,Performance Pay,8041.49,EUR,DEU,2024-07-15 04:00:00,CORE_HR
EVT00084716,2024-07-01,EMP03078,CC0010,EC,1,Leave Return,,CAD,CA,2024-07-01 11:00:00,PAYROLL
EVT00085477,2024-07-27,EMP02142,CC0040,CR,1,Leave Return,,CAD,CA,2024-07-28 10:00:00,PAYROLL
EVT00085006,2024-07-15,EMP04204,CC0006,IT,3,Step Increment,118499.22,CAD,CAN,2024-07-15 11:00:00,CORE_HR
EVT00084873,2024-07-06,EMP02125,CC0110,EC,3,Leave Return,,CAD,CA,2024-07-07 00:00:00,PAYROLL
EVT00084167,2024-07-18,EMP03889,CC0066,PA,1,Leave Return,,CAD,CA,2024-07-18 11:00:00,PAYROLL
EVT00084876,2024-07-04,EMP03842,CC0071,EX,1,Performance Pay,8255.16,CAD,CAN,2024-07-05 05:00:00,CORE_HR
EVT00085861,2024-07-12,EMP03481,CC0067,CR,1,Promotion,53439.09,CAD,CAN,2024-07-13 13:00:00,CORE_HR
EVT00084856,2024-07-26,EMP05079,CC0115,EN,1,Step Increment,73593.67,CAD,CA,2024-07-27 06:00:00,PAYROLL
EVT00085171,2024-07-07,EMP04903,CC0117,PA,1,Leave Start,,CAD,CAN,2024-07-08 11:00:00,CORE_HR
EVT00085036,2024-07-11,EMP04208,CC0112,EX,1,Step Increment,156163.07,CAD,CA,2024-07-11 17:00:00,PAYROLL
EVT00084746,2024-07-13,EMP03228,CC0061,IT,1,Performance Pay,3587.41,CAD,CA,2024-07-13 08:00:00,PAYROLL
EVT00084120,2024-07-21,EMP00679,CC0029,FI,1,Leave Start,,EUR,FRA,2024-07-22 12:00:00,CORE_HR
EVT00085804,2024-07-01,EMP00265,CC0085,EC,3,Performance Pay,13468.39,CAD,CAN,2024-07-01 23:00:00,CORE_HR
EVT00083942,2024-07-17,EMP01706,CC0096,EX,2,Departure,,CAD,CA,2024-07-18 12:00:00,PAYROLL
EVT00085850,2024-07-10,EMP02908,CC0118,IT,2,Promotion,93939.55,CAD,CA,2024-07-11 12:00:00,PAYROLL
EVT00085137,2024-07-19,EMP04931,CC0039,PA,4,Step Increment,86736.39,CAD,CAN,2024-07-19 22:00:00,CORE_HR
EVT00084840,2024-07-06,EMP01979,CC0019,FI,2,Step Increment,95518.18,CAD,CAN,2024-07-06 14:00:00,CORE_HR
EVT00083968,2024-07-01,EMP02514,CC0015,PA,2,Performance Pay,7773.26,CAD,CA,2024-07-01 22:00:00,PAYROLL
EVT00085279,2024-07-27,EMP03759,CC0025,EC,2,Performance Pay,5444.65,CAD,CAN,2024-07-28 15:00:00,CORE_HR
EVT00085089,2024-07-13,EMP01838,CC0085,PA,1,Step Increment,61041.83,CAD,CAN,2024-07-13 06:00:00,CORE_HR
EVT00085335,2024-07-15,EMP00512,CC0026,PA,2,Performance Pay,9515.44,CAD,CA,2024-07-16 11:00:00,PAYROLL
EVT00085494,2024-07-23,EMP02649,CC0028,EC,4,Leave Start,,CAD,CAN,2024-07-23 23:00:00,CORE_HR
EVT00085119,2024-07-21,EMP04274,CC0109,EC,3,Step Increment,99313.93,CAD,CAN,2024-07-21 06:00:00,CORE_HR
EVT00084357,2024-07-26,EMP02433,CC0090,AS,1,Hire,64035.03,CAD,CA,2024-07-27 13:00:00,PAYROLL
EVT00084426,2024-07-06,EMP02904,CC0115,EX,1,Leave Start,,CAD,CAN,2024-07-06 15:00:00,CORE_HR
EVT00085176,2024-07-23,EMP03216,CC0110,AS,3,Performance Pay,9349.18,CAD,CAN,2024-07-24 00:00:00,CORE_HR
EVT00084552,2024-07-25,EMP01980,CC0003,EN,3,Leave Start,,CAD,CA,2024-07-27 20:00:00,PAYROLL
EVT00084067,2024-07-04,EMP01564,CC0112,EX,2,Performance Pay,18689.35,CAD,CAN,2024-07-04 15:00:00,CORE_HR
EVT00084724,2024-07-03,EMP03428,CC0039,PA,2,Step Increment,73247.62,CAD,CA,2024-07-03 20:00:00,PAYROLL
EVT00085354,2024-07-24,EMP03685,CC0017,IT,2,Step Increment,98800.98,CAD,CA,2024-07-25 09:00:00,PAYROLL
EVT00085371,2024-07-04,EMP04574,CC0073,PA,1,Leave Start,,CAD,CAN,2024-07-04 22:00:00,CORE_HR
EVT00083962,2024-07-16,EMP01370,CC0095,PA,5,Performance Pay,7963.84,CAD,CA,2024-07-16 16:00:00,PAYROLL
EVT00085261,2024-07-09,EMP04393,CC0050,FI,3,Step Increment,99607.32,CAD,CAN,2024-07-09 12:00:00,CORE_HR
EVT00085341,2024-07-18,EMP00301,CC0013,PA,2,Performance Pay,5302.46,CAD,CAN,2024-07-18 12:00:00,CORE_HR
EVT00084654,2024-07-21,EMP02873,CC0003,PA,1,Leave Return,,CAD,CA,2024-07-22 06:00:00,PAYROLL
EVT00085076,2024-07-01,EMP00471,CC0011,IT,1,Step Increment,90520.68,CAD,CAN,2024-07-01 06:00:00,CORE_HR
EVT00084669,2024-07-20,EMP05138,CC0013,IT,3,Performance Pay,8506.93,CAD,CAN,2024-07-20 22:00:00,CORE_HR
EVT00085049,2024-07-08,EMP03842,CC0071,EX,1,Departure,,CAD,CAN,2024-07-08 15:00:00,CORE_HR
EVT00084929,2024-07-12,EMP03498,CC0052,AS,1,Step Increment,65232.24,CAD,CAN,2024-07-13 04:00:00,CORE_HR
EVT00085644,2024-07-11,EMP00244,CC0031,PA,3,Step Increment,10245899.07,KES,KEN,2024-07-12 14:00:00,CORE_HR
EVT00085215,2024-07-19,EMP00068,CC0012,IT,4,Step Increment,123744.07,CAD,CAN,2024-07-19 21:00:00,CORE_HR
EVT00085211,2024-07-08,EMP04523,CC0108,IT,1,Step Increment,41579.24,GBP,GB,2024-07-09 01:00:00,PAYROLL
EVT00085020,2024-07-08,EMP03699,CC0017,AS,1,Lateral Deployment,,CAD,CA,2024-07-08 09:00:00,PAYROLL
EVT00085430,2024-07-22,EMP04424,CC0017,FI,2,Step Increment,85748.59,CAD,CAN,2024-07-22 11:00:00,CORE_HR
EVT00084287,2024-07-15,EMP04975,CC0087,PA,1,Promotion,66629.32,CAD,CAN,2024-07-15 23:00:00,CORE_HR
EVT00084723,2024-07-20,EMP02192,CC0044,EX,1,Lateral Deployment,,CAD,CAN,2024-07-21 06:00:00,CORE_HR
EVT00084267,2024-07-06,EMP01619,CC0062,PA,1,Leave Start,,CAD,CAN,2024-07-07 14:00:00,CORE_HR
EVT00085115,2024-07-01,EMP04600,CC0023,PA,5,Lateral Deployment,,CAD,CAN,2024-07-01 18:00:00,CORE_HR
EVT00084813,2024-07-01,EMP04856,CC0082,CR,1,Step Increment,52267.9,CAD,CA,2024-07-01 21:00:00,PAYROLL
EVT00085755,2024-07-12,EMP00319,CC0005,PA,2,Step Increment,74231.44,CAD,CA,2024-07-13 03:00:00,PAYROLL
EVT00084531,2024-07-09,EMP04085,CC0095,IT,3,Step Increment,110823.58,CAD,CAN,2024-07-10 02:00:00,CORE_HR
EVT00084432,2024-07-16,EMP03327,CC0038,PA,2,Lateral Deployment,,CAD,CAN,2024-07-16 14:00:00,CORE_HR
EVT00085397,2024-07-16,EMP01681,CC0051,PA,5,Lateral Deployment,,CAD,CAN,2024-07-17 08:00:00,CORE_HR
EVT00084677,2024-07-18,EMP01193,CC0054,CR,5,Leave Start,,BRL,BRA,2024-07-19 13:00:00,CORE_HR
EVT00085795,2024-07-05,EMP00190,CC0103,EN,1,Step Increment,81006.67,CAD,CAN,2024-07-05 19:00:00,CORE_HR
EVT00085484,2024-07-24,EMP05044,CC0044,IT,2,Leave Return,,CAD,CA,2024-07-25 06:00:00,PAYROLL
EVT00084585,2024-07-06,EMP01121,CC0070,CR,1,Leave Return,,CAD,CAN,2024-07-06 18:00:00,CORE_HR
EVT00085355,2024-07-04,EMP03098,CC0015,IT,2,Lateral Deployment,,CAD,CA,2024-07-04 19:00:00,PAYROLL
EVT00085356,2024-07-12,EMP04690,CC0086,EN,3,Step Increment,11522285.01,JPY,JPN,2024-07-12 17:00:00,CORE_HR
EVT00085207,2024-07-17,EMP02706,CC0105,EC,2,Step Increment,64021.21,EUR,DEU,2024-07-17 08:00:00,CORE_HR
EVT00084332,2024-07-27,EMP00224,CC0015,IT,3,Leave Start,,CAD,CAN,2024-07-28 05:00:00,CORE_HR
EVT00085362,2024-07-19,EMP04274,CC0109,EC,3,Leave Return,,CAD,CA,2024-07-19 08:00:00,PAYROLL
EVT00084063,2024-07-06,EMP01738,CC0082,PA,2,Step Increment,74149.93,CAD,CA,2024-07-06 18:00:00,PAYROLL
EVT00085871,2024-07-02,EMP03301,CC0096,FI,1,Step Increment,83487.9,CAD,CA,2024-07-03 15:00:00,PAYROLL
EVT00084190,2024-07-26,EMP02627,CC0043,PA,1,Departure,,CAD,CA,2024-07-26 13:00:00,PAYROLL
EVT00084596,2024-07-10,EMP02665,CC0120,CR,3,Step Increment,71248.15,CAD,CAN,2024-07-11 14:00:00,CORE_HR
EVT00084917,2024-07-01,EMP02524,CC0023,IT,1,Leave Start,,CAD,CA,2024-07-02 05:00:00,PAYROLL
EVT00085499,2024-07-14,EMP01928,CC0102,PA,3,Step Increment,88503.26,CAD,CAN,2024-07-15 05:00:00,CORE_HR
EVT00085191,2024-07-06,EMP00311,CC0012,EX,2,Step Increment,166027.93,CAD,CA,2024-07-06 20:00:00,PAYROLL
EVT00085676,2024-07-23,EMP02971,CC0017,IT,2,Step Increment,100864.68,CAD,CAN,2024-07-23 06:00:00,CORE_HR
EVT00085704,2024-07-12,EMP01360,CC0049,AS,5,Promotion,354965.11,BRL,BRA,2024-07-12 19:00:00,CORE_HR
EVT00084253,2024-07-17,EMP03059,CC0039,CR,2,Step Increment,50406.19,CAD,CA,2024-07-17 22:00:00,PAYROLL
EVT00084747,2024-07-18,EMP00692,CC0024,EN,1,Step Increment,73224.24,CAD,CA,2024-07-18 09:00:00,PAYROLL
EVT00083947,2024-07-25,EMP04132,CC0015,PA,2,Step Increment,74459.77,CAD,CAN,2024-07-25 22:00:00,CORE_HR
EVT00084579,2024-07-10,EMP04506,CC0021,IT,4,Step Increment,139999.62,CAD,CA,2024-07-10 08:00:00,PAYROLL
EVT00085214,2024-07-09,EMP00852,CC0001,IT,2,Lateral Deployment,,CAD,CAN,2024-07-10 02:00:00,CORE_HR
EVT00084971,2024-07-14,EMP00244,CC0031,PA,3,Performance Pay,6024.12,SGD,SGP,2024-07-15 13:00:00,CORE_HR
EVT00085915,2024-07-23,EMP03827,CC0019,AS,2,Step Increment,69683.93,CAD,CAN,2024-07-23 15:00:00,CORE_HR
EVT00085192,2024-07-04,EMP03403,CC0017,AS,4,Leave Return,,CAD,CA,2024-07-05 10:00:00,PAYROLL
EVT00084836,2024-07-08,EMP05007,CC0069,FI,2,Step Increment,82505.87,CAD,CAN,2024-07-08 06:00:00,CORE_HR
EVT00084884,2024-07-23,EMP03767,CC0014,IT,3,Lateral Deployment,,CAD,CAN,2024-07-23 18:00:00,CORE_HR
EVT00083958,2024-07-08,EMP00794,CC0031,IT,3,Step Increment,76727.31,SGD,SG,2024-07-09 19:00:00,PAYROLL
EVT00085613,2024-07-25,EMP02445,CC0111,EN,2,Leave Return,,EUR,FR,2024-07-26 11:00:00,PAYROLL
EVT00084699,2024-07-16,EMP03194,CC0091,CR,1,Promotion,60138.77,CAD,CA,2024-07-17 00:00:00,PAYROLL
EVT00084809,2024-07-21,EMP03057,CC0117,IT,1,Step Increment,83897.46,CAD,CAN,2024-07-21 15:00:00,CORE_HR
EVT00085579,2024-07-10,EMP03960,CC0057,PA,5,Step Increment,115415.66,CAD,CAN,2024-07-11 15:00:00,CORE_HR
EVT00084416,2024-07-09,EMP03092,CC0098,PA,1,Performance Pay,8090.45,CAD,CAN,2024-07-10 01:00:00,CORE_HR
EVT00084295,2024-07-26,EMP02662,CC0022,EC,1,Performance Pay,4022.76,CAD,CAN,2024-07-27 11:00:00,CORE_HR
EVT00084305,2024-07-13,EMP02458,CC0034,IT,3,Step Increment,118656.55,CAD,CAN,2024-07-14 12:00:00,CORE_HR
EVT00085302,2024-07-24,EMP03064,CC0055,CR,2,Step Increment,63406.89,CAD,CA,2024-07-25 12:00:00,PAYROLL
EVT00084204,2024-07-14,EMP01677,CC0010,PA,2,Departure,,CAD,CAN,2024-07-14 10:00:00,CORE_HR
EVT00084479,2024-07-09,EMP00902,CC0020,CR,5,Leave Return,,CAD,CA,2024-07-10 09:00:00,PAYROLL
EVT00085890,2024-07-22,EMP02457,CC0078,CR,2,Performance Pay,6551.11,CAD,CAN,2024-07-22 19:00:00,CORE_HR
EVT00085013,2024-07-27,EMP04993,CC0082,PA,2,Leave Return,,CAD,CAN,2024-07-27 13:00:00,CORE_HR
EVT00085503,2024-07-18,EMP03519,CC0118,IT,3,Leave Start,,CAD,CA,2024-07-19 12:00:00,PAYROLL
EVT00085664,2024-07-23,EMP02549,CC0093,IT,1,Step Increment,73210.42,CAD,CAN,2024-07-24 15:00:00,CORE_HR
EVT00084249,2024-07-19,EMP02910,CC0089,EN,3,Step Increment,106963.14,CAD,CA,2024-07-19 08:00:00,PAYROLL
EVT00084520,2024-07-21,EMP02453,CC0073,IT,1,Performance Pay,10103.33,CAD,CAN,2024-07-21 19:00:00,CORE_HR
EVT00085001,2024-07-24,EMP03580,CC0066,CR,1,Leave Start,,CAD,CAN,2024-07-28 00:00:00,CORE_HR
EVT00084113,2024-07-14,EMP01865,CC0061,EX,3,Promotion,180548.3,CAD,CAN,2024-07-15 14:00:00,CORE_HR
EVT00085349,2024-07-19,EMP04938,CC0046,EC,3,Step Increment,67674.38,SGD,SG,2024-07-19 22:00:00,PAYROLL
EVT00085842,2024-07-07,EMP04339,CC0114,PA,4,Promotion,92875.52,CAD,CA,2024-07-08 02:00:00,PAYROLL
EVT00085840,2024-07-08,EMP00246,CC0114,FI,3,Step Increment,108710.26,CAD,CAN,2024-07-08 17:00:00,CORE_HR
EVT00084700,2024-07-20,EMP01763,CC0004,FI,4,Step Increment,110724.51,CAD,CAN,2024-07-20 08:00:00,CORE_HR
EVT00084821,2024-07-15,EMP01554,CC0047,CR,5,Promotion,75384.93,CAD,CAN,2024-07-16 05:00:00,CORE_HR
EVT00084122,2024-07-14,EMP04665,CC0023,PA,2,Step Increment,86492.12,CAD,CA,2024-07-15 01:00:00,PAYROLL
EVT00085345,2024-07-12,EMP01371,CC0041,EN,3,Leave Start,,CAD,CAN,2024-07-12 10:00:00,CORE_HR
EVT00085551,2024-07-05,EMP00091,CC0115,IT,3,Performance Pay,10177.45,CAD,CAN,2024-07-06 07:00:00,CORE_HR
EVT00085637,2024-07-16,EMP00254,CC0077,AS,5,Performance Pay,12400.67,CAD,CA,2024-07-16 18:00:00,PAYROLL
EVT00084878,2024-07-15,EMP00152,CC0057,FI,4,Leave Start,,CAD,CAN,2024-07-15 08:00:00,CORE_HR
EVT00085757,2024-07-22,EMP00062,CC0011,IT,1,Leave Return,,CAD,CAN,2024-07-23 15:00:00,CORE_HR
EVT00085654,2024-07-03,EMP00967,CC0040,EX,1,Lateral Deployment,,CAD,CA,2024-07-04 06:00:00,PAYROLL
EVT00084207,2024-07-19,EMP03190,CC0016,EN,2,Lateral Deployment,,CAD,CA,2024-07-19 17:00:00,PAYROLL
EVT00084841,2024-07-19,EMP03699,CC0017,AS,1,Leave Return,,CAD,CAN,2024-07-20 14:00:00,CORE_HR
EVT00085527,2024-07-25,EMP04032,CC0011,FI,1,Hire,58398.96,CAD,CAN,2024-07-26 02:00:00,CORE_HR
EVT00084701,2024-07-11,EMP01013,CC0076,AS,1,Step Increment,60896.53,CAD,CAN,2024-07-12 02:00:00,CORE_HR
EVT00085571,2024-07-16,EMP00486,CC0042,CR,5,Step Increment,85574.15,CAD,CAN,2024-07-16 20:00:00,CORE_HR
EVT00085681,2024-07-08,EMP00259,CC0094,EC,2,Leave Start,,CAD,CAN,2024-07-09 08:00:00,CORE_HR
EVT00085448,2024-07-13,EMP03569,CC0050,IT,2,Leave Return,,CAD,CAN,2024-07-13 18:00:00,CORE_HR
EVT00085621,2024-07-18,EMP01546,CC0048,EC,1,Departure,,CAD,CA,2024-07-18 12:00:00,PAYROLL
EVT00084741,2024-07-01,EMP05092,CC0099,IT,1,Departure,,CAD,CA,2024-07-02 06:00:00,PAYROLL
EVT00084668,2024-07-26,EMP05009,CC0038,CR,1,Lateral Deployment,,CAD,CAN,2024-07-27 05:00:00,CORE_HR
EVT00084779,2024-07-03,EMP02414,CC0009,CR,1,Step Increment,6052179.65,KES,KEN,2024-07-03 08:00:00,CORE_HR
EVT00085235,2024-07-20,EMP03856,CC0056,AS,5,Step Increment,67755.96,CAD,CAN,2024-07-20 12:00:00,CORE_HR
EVT00085406,2024-07-08,EMP04021,CC0096,FI,3,Promotion,111042.45,CAD,CAN,2024-07-09 15:00:00,CORE_HR
EVT00085582,2024-07-03,EMP00743,CC0026,FI,4,Step Increment,120419.17,CAD,CAN,2024-07-03 22:00:00,CORE_HR
EVT00085690,2024-07-17,EMP03553,CC0004,EN,1,Step Increment,82071.13,CAD,CAN,2024-07-17 15:00:00,CORE_HR
EVT00085246,2024-07-27,EMP01963,CC0063,PA,2,Step Increment,68480.71,CAD,CA,2024-07-28 15:00:00,PAYROLL
EVT00085095,2024-07-20,EMP04127,CC0048,EX,1,Step Increment,136555.55,CAD,CA,2024-07-20 08:00:00,PAYROLL
EVT00084824,2024-07-03,EMP04585,CC0061,PA,1,Leave Start,,CAD,CAN,2024-07-03 21:00:00,CORE_HR
EVT00085050,2024-07-26,EMP03784,CC0031,EC,2,Hire,325767.44,BRL,BR,2024-07-26 21:00:00,PAYROLL
EVT00085440,2024-07-01,EMP02388,CC0052,PA,1,Lateral Deployment,,CAD,CAN,2024-07-02 05:00:00,CORE_HR
EVT00084396,2024-07-02,EMP04424,CC0017,FI,2,Leave Return,,CAD,CA,2024-07-02 16:00:00,PAYROLL
EVT00085536,2024-07-07,EMP01465,CC0044,EC,3,Step Increment,76805.7,CAD,CAN,2024-07-08 15:00:00,CORE_HR
EVT00085414,2024-07-22,EMP02368,CC0084,EN,3,Performance Pay,14489.23,CAD,CAN,2024-07-23 09:00:00,CORE_HR
EVT00084921,2024-07-11,EMP03086,CC0058,AS,5,Step Increment,88618.55,CAD,CAN,2024-07-12 11:00:00,CORE_HR
EVT00085705,2024-07-10,EMP02381,CC0080,FI,2,Hire,61230.04,SGD,SG,2024-07-11 10:00:00,PAYROLL
EVT00084994,2024-07-26,EMP04679,CC0067,EX,1,Step Increment,142753.55,CAD,CAN,2024-07-27 12:00:00,CORE_HR
EVT00085380,2024-07-09,EMP01318,CC0101,PA,2,Leave Return,,CAD,CA,2024-07-10 07:00:00,PAYROLL
EVT00085887,2024-07-07,EMP00631,CC0015,AS,1,Hire,59112.83,CAD,CAN,2024-07-08 09:00:00,CORE_HR
EVT00085097,2024-07-13,EMP00572,CC0089,CR,1,Promotion,55965.18,CAD,CAN,2024-07-14 03:00:00,CORE_HR
EVT00084518,2024-07-22,EMP03645,CC0054,FI,3,Lateral Deployment,,AED,ARE,2024-07-23 07:00:00,CORE_HR
EVT00084389,2024-07-07,EMP01646,CC0068,CR,1,Lateral Deployment,,CAD,CAN,2024-07-07 15:00:00,CORE_HR
EVT00085294,2024-07-23,EMP00237,CC0055,EN,2,Performance Pay,8775.24,CAD,CAN,2024-07-24 15:00:00,CORE_HR
EVT00084323,2024-07-10,EMP03840,CC0119,EN,1,Lateral Deployment,,CAD,CAN,2024-07-10 09:00:00,CORE_HR
EVT00085106,2024-07-04,EMP01937,CC0044,PA,1,Lateral Deployment,,CAD,CAN,2024-07-04 14:00:00,CORE_HR
EVT00084757,2024-07-10,EMP04396,CC0116,EC,4,Leave Start,,CAD,CAN,2024-07-10 18:00:00,CORE_HR
EVT00085756,2024-07-12,EMP02970,CC0047,AS,2,Performance Pay,4172.36,CAD,CAN,2024-07-13 05:00:00,CORE_HR
EVT00084902,2024-07-03,EMP04543,CC0118,CR,1,Departure,,CAD,CAN,2024-07-03 11:00:00,CORE_HR
EVT00084423,2024-07-20,EMP01781,CC0108,EX,2,Step Increment,107769.73,GBP,GBR,2024-07-20 19:00:00,CORE_HR
EVT00084271,2024-07-23,EMP00400,CC0115,PA,2,Lateral Deployment,,CAD,CAN,2024-07-23 13:00:00,CORE_HR
EVT00083983,2024-07-24,EMP00529,CC0087,FI,4,Lateral Deployment,,CAD,CAN,2024-07-25 06:00:00,CORE_HR
EVT00084662,2024-07-03,EMP04775,CC0079,PA,2,Lateral Deployment,,CAD,CAN,2024-07-03 13:00:00,CORE_HR
EVT00085210,2024-07-02,EMP02909,CC0078,IT,2,Lateral Deployment,,CAD,CA,2024-07-03 09:00:00,PAYROLL
EVT00084877,2024-07-08,EMP02674,CC0068,CR,3,Leave Start,,CAD,CAN,2024-07-09 15:00:00,CORE_HR
EVT00083943,2024-07-05,EMP01250,CC0029,PA,2,Step Increment,105098.21,AUD,AU,2024-07-06 03:00:00,PAYROLL
EVT00083974,2024-07-22,EMP03827,CC0019,AS,2,Leave Return,,CAD,CAN,2024-07-23 11:00:00,CORE_HR
EVT00084188,2024-07-17,EMP02873,CC0003,PA,1,Leave Start,,CAD,CAN,2024-07-17 10:00:00,CORE_HR
EVT00084196,2024-07-08,EMP01506,CC0074,PA,1,Performance Pay,1070298.82,KES,KEN,2024-07-08 15:00:00,CORE_HR
EVT00084640,2024-07-16,EMP00079,CC0043,EC,1,Step Increment,76372.38,CAD,CAN,2024-07-16 19:00:00,CORE_HR
EVT00084177,2024-07-03,EMP02401,CC0059,IT,3,Step Increment,119937.99,CAD,CA,2024-07-04 02:00:00,PAYROLL
EVT00084805,2024-07-09,EMP04406,CC0009,IT,2,Step Increment,69758.54,USD,US,2024-07-09 12:00:00,PAYROLL
EVT00085041,2024-07-10,EMP01879,CC0089,PA,3,Leave Start,,CAD,CA,2024-07-10 06:00:00,PAYROLL
EVT00085642,2024-07-09,EMP01617,CC0029,EX,1,Leave Start,,AED,AE,2024-07-10 09:00:00,PAYROLL
EVT00084383,2024-07-03,EMP01022,CC0111,CR,1,Departure,,BRL,BR,2024-07-03 08:00:00,PAYROLL
EVT00084492,2024-07-14,EMP04959,CC0096,AS,4,Performance Pay,6847.04,CAD,CA,2024-07-15 00:00:00,PAYROLL
EVT00084380,2024-07-27,EMP03893,CC0099,EX,2,Leave Return,,CAD,CAN,2024-07-27 13:00:00,CORE_HR
EVT00085212,2024-07-21,EMP00629,CC0054,PA,5,Step Increment,137441.27,AUD,AUS,2024-07-22 03:00:00,CORE_HR
EVT00084187,2024-07-23,EMP04626,CC0115,PA,1,Leave Start,,CAD,CAN,2024-07-24 14:00:00,CORE_HR
EVT00083951,2024-07-26,EMP02228,CC0075,IT,2,Step Increment,94474.75,CAD,CAN,2024-07-27 10:00:00,CORE_HR
EVT00084573,2024-07-13,EMP01712,CC0013,FI,3,Departure,,CAD,CA,2024-07-13 19:00:00,PAYROLL
EVT00085339,2024-07-22,EMP02528,CC0007,AS,1,Performance Pay,3107.55,EUR,DEU,2024-07-23 15:00:00,CORE_HR
EVT00084725,2024-07-25,EMP02560,CC0046,PA,2,Hire,5398491.21,INR,IND,2024-07-25 21:00:00,CORE_HR
EVT00085645,2024-07-06,EMP05037,CC0025,PA,2,Performance Pay,10473.51,CAD,CAN,2024-07-06 22:00:00,CORE_HR
EVT00084775,2024-07-13,EMP03917,CC0072,IT,1,Performance Pay,6356.65,CAD,CAN,2024-07-13 06:00:00,CORE_HR
EVT00085431,2024-07-26,EMP03937,CC0048,PA,3,Step Increment,90617.71,CAD,CAN,2024-07-26 11:00:00,CORE_HR
EVT00084130,2024-07-05,EMP00935,CC0109,PA,1,Leave Start,,CAD,CA,2024-07-06 08:00:00,PAYROLL
EVT00085734,2024-07-17,EMP00903,CC0093,IT,4,Performance Pay,7903.92,CAD,CA,2024-07-17 13:00:00,PAYROLL
EVT00085870,2024-07-03,EMP04651,CC0103,CR,3,Lateral Deployment,,CAD,CAN,2024-07-03 19:00:00,CORE_HR
EVT00084404,2024-07-13,EMP04138,CC0008,EN,1,Hire,91907.58,CAD,CAN,2024-07-14 14:00:00,CORE_HR
EVT00085228,2024-07-08,EMP01437,CC0047,AS,3,Leave Return,,CAD,CAN,2024-07-08 20:00:00,CORE_HR
EVT00085504,2024-07-20,EMP01272,CC0077,FI,2,Leave Return,,CAD,CA,2024-07-20 19:00:00,PAYROLL
EVT00085900,2024-07-04,EMP01286,CC0115,PA,3,Leave Return,,CAD,CAN,2024-07-05 09:00:00,CORE_HR
EVT00084269,2024-07-05,EMP03646,CC0109,CR,3,Promotion,69777.83,CAD,CA,2024-07-05 12:00:00,PAYROLL
EVT00085383,2024-07-09,EMP99999,CC0009,EC,3,Step Increment,79312.19,SGD,SG,2024-07-09 12:00:00,PAYROLL
EVT00084427,2024-07-09,EMP01527,CC0066,PA,1,Step Increment,64126.07,CAD,CAN,2024-07-09 07:00:00,CORE_HR
EVT00084108,2024-07-11,EMP00138,CC0006,CR,1,Leave Return,,CAD,CA,2024-07-11 07:00:00,PAYROLL
EVT00084498,2024-07-12,EMP05140,CC0070,EC,1,Performance Pay,3511.25,CAD,CA,2024-07-13 04:00:00,PAYROLL
EVT00085666,2024-07-06,EMP05024,CC0070,PA,4,Step Increment,90291.99,CAD,CA,2024-07-09 08:00:00,PAYROLL
EVT00085813,2024-07-12,EMP02050,CC0025,FI,3,Performance Pay,4343.2,CAD,CAN,2024-07-12 12:00:00,CORE_HR
EVT00084079,2024-07-21,EMP04110,CC0076,PA,4,Performance Pay,13244.13,CAD,CAN,2024-07-21 06:00:00,CORE_HR
EVT00084189,2024-07-11,EMP02321,CC0097,PA,3,Leave Return,,CAD,CAN,2024-07-11 15:00:00,CORE_HR
EVT00084212,2024-07-16,EMP00482,CC0111,PA,1,Leave Start,,AED,AE,2024-07-17 09:00:00,PAYROLL
EVT00085331,2024-07-06,EMP01821,CC0108,IT,2,Hire,79720.09,EUR,FR,2024-07-07 06:00:00,PAYROLL
EVT00085797,2024-07-06,EMP03791,CC0100,AS,5,Lateral Deployment,,CAD,CA,2024-07-06 11:00:00,PAYROLL
EVT00085327,2024-07-14,EMP02458,CC0034,IT,3,Leave Start,,CAD,CAN,2024-07-14 14:00:00,CORE_HR
EVT00085608,2024-07-13,EMP00127,CC0047,PA,1,Promotion,63314.71,CAD,CAN,2024-07-14 05:00:00,CORE_HR
EVT00085903,2024-07-10,EMP04790,CC0060,IT,1,Hire,85000.44,CAD,CA,2024-07-10 15:00:00,PAYROLL
EVT00084566,2024-07-13,EMP02084,CC0052,IT,3,Leave Return,,CAD,CA,2024-07-13 07:00:00,PAYROLL
EVT00084965,2024-07-21,EMP01873,CC0012,IT,3,Leave Return,,CAD,CAN,2024-07-21 08:00:00,CORE_HR
EVT00084137,2024-07-20,EMP01009,CC0010,IT,2,Performance Pay,9024.87,CAD,CAN,2024-07-23 10:00:00,CORE_HR
EVT00085398,2024-07-02,EMP00020,CC0067,FI,5,Lateral Deployment,,CAD,CAN,2024-07-03 13:00:00,CORE_HR
EVT00085194,2024-07-25,EMP02046,CC0077,IT,5,Performance Pay,8865.05,CAD,CA,2024-07-26 04:00:00,PAYROLL
EVT00085278,2024-07-10,EMP00774,CC0012,CR,5,Performance Pay,6279.84,CAD,CAN,2024-07-10 17:00:00,CORE_HR
EVT00085857,2024-07-15,EMP05156,CC0083,IT,4,Performance Pay,9828.66,CAD,CAN,2024-07-15 17:00:00,CORE_HR
EVT00084012,2024-07-08,EMP00911,CC0005,AS,3,Step Increment,78030.18,CAD,CAN,2024-07-08 21:00:00,CORE_HR
EVT00084981,2024-07-05,EMP04945,CC0102,IT,1,Leave Start,,CAD,CA,2024-07-06 14:00:00,PAYROLL
EVT00084613,2024-07-18,EMP02274,CC0069,EN,5,Leave Return,,CAD,CAN,2024-07-19 12:00:00,CORE_HR
EVT00085518,2024-07-14,EMP02884,CC0075,PA,2,Departure,,CAD,CAN,2024-07-14 22:00:00,CORE_HR
EVT00084715,2024-07-09,EMP02764,CC0087,EX,1,Step Increment,152472.76,CAD,CAN,2024-07-10 09:00:00,CORE_HR
EVT00084785,2024-07-12,EMP00297,CC0006,FI,4,Step Increment,104414.91,CAD,CAN,2024-07-13 01:00:00,CORE_HR
EVT00084277,2024-07-12,EMP02896,CC0070,EN,5,Performance Pay,13936.51,CAD,CA,2024-07-12 11:00:00,PAYROLL
EVT00084947,2024-07-25,EMP00489,CC0066,PA,1,Leave Start,,CAD,CA,2024-07-26 09:00:00,PAYROLL
EVT00085105,2024-07-12,EMP01061,CC0033,EX,1,Step Increment,140823.89,CAD,CA,2024-07-12 10:00:00,PAYROLL
EVT00085822,2024-07-20,EMP05187,CC0026,EC,5,Leave Start,,CAD,CA,2024-07-20 19:00:00,PAYROLL
EVT00085495,2024-07-13,EMP01620,CC0079,EX,1,Step Increment,148362.09,CAD,CAN,2024-07-14 11:00:00,CORE_HR
EVT00085018,2024-07-13,EMP03061,CC0031,EC,2,Leave Return,,KES,KEN,2024-07-13 21:00:00,CORE_HR
EVT00085312,2024-07-23,EMP02638,CC0092,EC,2,Performance Pay,11090.65,CAD,CA,2024-07-24 13:00:00,PAYROLL
EVT00084227,2024-07-17,EMP00900,CC0105,EX,2,Step Increment,665268.54,BRL,BR,2024-07-17 22:00:00,PAYROLL
EVT00084982,2024-07-26,EMP01328,CC0092,IT,5,Lateral Deployment,,CAD,CAN,2024-07-27 06:00:00,CORE_HR
EVT00084980,2024-07-10,EMP02670,CC0091,EN,4,Step Increment,124968.04,CAD,CAN,2024-07-10 06:00:00,CORE_HR
EVT00085045,2024-07-24,EMP00087,CC0119,FI,4,Leave Start,,CAD,CAN,2024-07-25 08:00:00,CORE_HR
EVT00085392,2024-07-03,EMP03848,CC0018,CR,5,Step Increment,79789.71,CAD,CAN,2024-07-04 03:00:00,CORE_HR
EVT00085008,2024-07-10,EMP04719,CC0035,IT,5,Step Increment,152702.53,CAD,CA,2024-07-10 16:00:00,PAYROLL
EVT00084431,2024-07-07,EMP02529,CC0036,EN,3,Hire,115919.12,CAD,CAN,2024-07-07 17:00:00,CORE_HR
EVT00084771,2024-07-25,EMP04428,CC0009,FI,1,Promotion,7693996.8,JPY,JP,2024-07-26 07:00:00,PAYROLL
EVT00084613,2024-07-18,EMP02274,CC0069,EN,5,Leave Return,,CAD,CAN,2024-07-21 11:00:00,CORE_HR
EVT00085593,2024-07-20,EMP04001,CC0048,PA,2,Step Increment,70659.26,CAD,CAN,2024-07-22 11:00:00,CORE_HR
EVT00084683,2024-07-17,EMP00371,CC0093,AS,5,Performance Pay,4188.89,CAD,CA,2024-07-18 12:00:00,PAYROLL
EVT00085408,2024-07-07,EMP03643,CC0079,EC,3,Step Increment,96379.37,CAD,CAN,2024-07-08 12:00:00,CORE_HR
EVT00084247,2024-07-17,EMP01295,CC0082,AS,2,Departure,,CAD,CA,2024-07-17 18:00:00,PAYROLL
EVT00084294,2024-07-16,EMP05012,CC0080,PA,1,Leave Start,,SGD,SGP,2024-07-16 20:00:00,CORE_HR
EVT00084935,2024-07-12,EMP04953,CC0070,PA,1,Step Increment,52857.36,CAD,CA,2024-07-12 19:00:00,PAYROLL
EVT00085080,2024-07-27,EMP00372,CC0029,EN,1,Step Increment,51915.7,GBP,GB,2024-07-28 13:00:00,PAYROLL
EVT00084487,2024-07-14,EMP00811,CC0058,EX,3,Step Increment,174089.16,CAD,CA,2024-07-14 16:00:00,PAYROLL
EVT00085175,2024-07-26,EMP02441,CC0056,AS,5,Performance Pay,6104.14,CAD,CA,2024-07-26 17:00:00,PAYROLL
EVT00085657,2024-07-25,EMP01450,CC0054,EC,2,Hire,5444945.97,INR,IND,2024-07-25 09:00:00,CORE_HR
EVT00085682,2024-07-18,EMP03149,CC0113,PA,1,Hire,68177.35,CAD,CA,2024-07-18 20:00:00,PAYROLL
EVT00085768,2024-07-11,EMP02163,CC0030,PA,1,Performance Pay,3356.66,SGD,SGP,2024-07-11 07:00:00,CORE_HR
EVT00084151,2024-07-11,EMP01938,CC0119,FI,3,Step Increment,105994.46,CAD,CAN,2024-07-12 12:00:00,CORE_HR
EVT00085729,2024-07-07,EMP01573,CC0002,EN,2,Hire,94361.99,CAD,CA,2024-07-07 22:00:00,PAYROLL
EVT00085065,2024-07-26,EMP03675,CC0096,FI,2,Step Increment,97752.08,CAD,CAN,2024-07-26 09:00:00,CORE_HR
EVT00085796,2024-07-01,EMP01932,CC0116,IT,4,Step Increment,94073.75,CAD,CAN,2024-07-02 15:00:00,CORE_HR
EVT00084365,2024-07-21,EMP00997,CC0061,EX,1,Leave Return,,CAD,CAN,2024-07-22 11:00:00,CORE_HR
EVT00085066,2024-07-07,EMP04065,CC0102,PA,4,Performance Pay,4091.89,CAD,CA,2024-07-07 18:00:00,PAYROLL
EVT00084885,2024-07-05,EMP01871,CC0019,CR,1,Step Increment,59121.27,CAD,CA,2024-07-06 05:00:00,PAYROLL
EVT00084194,2024-07-18,EMP03685,CC0017,IT,2,Step Increment,100498.27,CAD,CAN,2024-07-18 14:00:00,CORE_HR
EVT00084147,2024-07-24,EMP00066,CC0089,CR,2,Departure,,CAD,CA,2024-07-25 13:00:00,PAYROLL
EVT00084907,2024-07-13,EMP01972,CC0084,PA,2,Promotion,76844.6,CAD,CAN,2024-07-13 18:00:00,CORE_HR
EVT00085093,2024-07-15,EMP01963,CC0063,PA,2,Leave Start,,CAD,CA,2024-07-15 09:00:00,PAYROLL
EVT00085508,2024-07-02,EMP05038,CC0030,CR,2,Step Increment,46880.76,USD,USA,2024-07-03 09:00:00,CORE_HR
EVT00085907,2024-07-22,EMP05138,CC0013,IT,3,Leave Return,,CAD,CA,2024-07-23 10:00:00,PAYROLL
EVT00083981,2024-07-24,EMP02831,CC0090,AS,3,Performance Pay,6390.02,CAD,CAN,2024-07-24 13:00:00,CORE_HR
EVT00084651,2024-07-01,EMP02958,CC0070,PA,5,Step Increment,101017.29,CAD,CAN,2024-07-01 18:00:00,CORE_HR
EVT00085698,2024-07-26,EMP01085,CC0035,FI,4,Lateral Deployment,,CAD,CA,2024-07-27 09:00:00,PAYROLL
EVT00085488,2024-07-17,EMP01358,CC0110,IT,4,Step Increment,98281.21,CAD,CAN,2024-07-17 19:00:00,CORE_HR
EVT00084731,2024-07-12,EMP00972,CC0044,EN,1,Leave Start,,CAD,CAN,2024-07-12 21:00:00,CORE_HR
EVT00084484,2024-07-20,EMP02270,CC0067,CR,3,Step Increment,66277.25,CAD,CAN,2024-07-20 07:00:00,CORE_HR
EVT00084752,2024-07-20,EMP04265,CC0062,AS,4,Performance Pay,5230.04,CAD,CAN,2024-07-21 10:00:00,CORE_HR
EVT00085023,2024-07-03,EMP00787,CC0029,CR,5,Leave Start,,INR,IN,2024-07-05 05:00:00,PAYROLL
EVT00085084,2024-07-14,EMP04493,CC0089,FI,1,Performance Pay,7334.88,CAD,CAN,2024-07-15 08:00:00,CORE_HR
EVT00085632,2024-07-09,EMP04317,CC0081,EC,5,Step Increment,120053.97,CAD,CAN,2024-07-09 09:00:00,CORE_HR
EVT00085825,2024-07-16,EMP03101,CC0014,PA,1,Step Increment,66939.18,CAD,CAN,2024-07-16 16:00:00,CORE_HR
EVT00085716,2024-07-09,EMP04530,CC0079,IT,4,Performance Pay,7561.07,CAD,CAN,2024-07-10 06:00:00,CORE_HR
EVT00084928,2024-07-03,EMP00895,CC0056,EC,1,Step Increment,93356.33,CAD,CA,2024-07-04 11:00:00,PAYROLL
EVT00085844,2024-07-27,EMP04953,CC0070,PA,1,Promotion,63041.6,CAD,CAN,2024-07-27 18:00:00,CORE_HR
EVT00084893,2024-07-18,EMP04166,CC0042,FI,2,Step Increment,96974.29,CAD,CAN,2024-07-19 03:00:00,CORE_HR
EVT00084940,2024-07-03,EMP01753,CC0100,PA,3,Step Increment,105011.19,CAD,CA,2024-07-03 16:00:00,PAYROLL
EVT00084505,2024-07-14,EMP01969,CC0110,PA,3,Hire,77866.01,CAD,CAN,2024-07-15 15:00:00,CORE_HR
EVT00084338,2024-07-22,EMP03536,CC0051,EN,5,Leave Start,,CAD,CAN,2024-07-23 12:00:00,CORE_HR
EVT00084978,2024-07-14,EMP03068,CC0117,FI,3,Performance Pay,8526.34,CAD,CAN,2024-07-15 08:00:00,CORE_HR
EVT00085491,2024-07-14,EMP04354,CC0097,EN,1,Performance Pay,4126.86,CAD,CAN,2024-07-14 19:00:00,CORE_HR
EVT00084173,2024-07-16,EMP02061,CC0001,FI,5,Lateral Deployment,,CAD,CA,2024-07-16 12:00:00,PAYROLL
EVT00084221,2024-07-21,EMP05061,CC0112,PA,4,Departure,,CAD,CA,2024-07-22 08:00:00,PAYROLL
EVT00084047,2024-07-06,EMP04799,CC0039,EX,2,Step Increment,180514.2,CAD,CAN,2024-07-07 09:00:00,CORE_HR
EVT00085553,2024-07-07,EMP02774,CC0002,EN,1,Promotion,90616.02,CAD,CAN,2024-07-07 22:00:00,CORE_HR
EVT00084442,2024-07-08,EMP04403,CC0053,EC,1,Leave Return,,CAD,CA,2024-07-08 07:00:00,PAYROLL
EVT00085315,2024-07-13,EMP03184,CC0070,IT,2,Lateral Deployment,,CAD,CAN,2024-07-13 06:00:00,CORE_HR
EVT00084550,2024-07-27,EMP01287,CC0109,EC,2,Step Increment,88293.95,CAD,CA,2024-07-28 08:00:00,PAYROLL
EVT00084864,2024-07-03,EMP04556,CC0099,PA,3,Step Increment,91144.08,CAD,CAN,2024-07-03 22:00:00,CORE_HR
EVT00085544,2024-07-10,EMP02123,CC0057,IT,5,Step Increment,140373.53,CAD,CAN,2024-07-11 11:00:00,CORE_HR
EVT00084185,2024-07-18,EMP02971,CC0017,IT,2,Step Increment,104101.1,CAD,CA,2024-07-18 18:00:00,PAYROLL
EVT00085528,2024-07-10,EMP02427,CC0061,EX,1,Leave Start,,CAD,CA,2024-07-11 01:00:00,PAYROLL
EVT00085245,2024-07-26,EMP03382,CC0065,FI,3,Promotion,9807967.89,KES,KEN,2024-07-26 21:00:00,CORE_HR
EVT00084960,2024-07-13,EMP01506,CC0074,PA,1,Step Increment,965312.12,MXN,MEX,2024-07-14 01:00:00,CORE_HR
EVT00084559,2024-07-01,EMP00283,CC0013,EC,3,Leave Return,,CAD,CAN,2024-07-01 18:00:00,CORE_HR
EVT00083973,2024-07-23,EMP03887,CC0062,AS,3,Step Increment,62745.87,CAD,CA,2024-07-23 08:00:00,PAYROLL
EVT00085299,2024-07-08,EMP03911,CC0067,PA,2,Performance Pay,7885.16,CAD,CA,2024-07-08 08:00:00,PAYROLL
EVT00085229,2024-07-21,EMP00910,CC0098,FI,3,Step Increment,102998.99,CAD,CAN,2024-07-21 20:00:00,CORE_HR
EVT00085848,2024-07-08,EMP05015,CC0082,IT,4,Leave Start,,CAD,CAN,2024-07-09 12:00:00,CORE_HR
EVT00085190,2024-07-27,EMP00753,CC0024,AS,1,Leave Return,,CAD,CAN,2024-07-27 18:00:00,CORE_HR
EVT00085564,2024-07-22,EMP04042,CC0075,PA,4,Performance Pay,8005.43,CAD,CA,2024-07-22 18:00:00,PAYROLL
EVT00084899,2024-07-09,EMP05197,CC0101,FI,2,Hire,80449.37,CAD,CA,2024-07-10 07:00:00,PAYROLL
EVT00084216,2024-07-11,EMP04414,CC0012,CR,1,Leave Start,,CAD,CA,2024-07-12 12:00:00,PAYROLL
EVT00084976,2024-07-04,EMP04472,CC0100,CR,3,Leave Start,,CAD,CAN,2024-07-05 05:00:00,CORE_HR
EVT00084369,2024-07-14,EMP04138,CC0008,EN,1,Leave Return,,CAD,CAN,2024-07-14 17:00:00,CORE_HR
EVT00085038,2024-07-02,EMP00873,CC0058,FI,2,Leave Return,,CAD,CA,2024-07-02 14:00:00,PAYROLL
EVT00083970,2024-07-01,EMP04956,CC0062,FI,5,Leave Start,,CAD,CAN,2024-07-01 15:00:00,CORE_HR
EVT00084028,2024-07-09,EMP03896,CC0012,PA,5,Performance Pay,12937.06,CAD,CAN,2024-07-09 08:00:00,CORE_HR
EVT00085492,2024-07-14,EMP02569,CC0096,FI,2,Step Increment,89484.1,CAD,CAN,2024-07-15 12:00:00,CORE_HR
EVT00084748,2024-07-17,EMP04697,CC0029,PA,3,Departure,,BRL,BR,2024-07-17 20:00:00,PAYROLL
EVT00084258,2024-07-08,EMP01113,CC0082,AS,1,Performance Pay,7107.08,CAD,CAN,2024-07-09 00:00:00,CORE_HR
EVT00084644,2024-07-25,EMP01826,CC0064,IT,1,Lateral Deployment,,CAD,CAN,2024-07-26 13:00:00,CORE_HR
EVT00085443,2024-07-01,EMP02564,CC0094,IT,1,Step Increment,88459.57,CAD,CAN,2024-07-01 09:00:00,CORE_HR
EVT00085483,2024-07-15,EMP01068,CC0063,IT,2,Performance Pay,12936.38,CAD,CAN,2024-07-16 12:00:00,CORE_HR
EVT00084307,2024-07-11,EMP03840,CC0119,EN,1,Performance Pay,7887.46,CAD,CAN,2024-07-11 17:00:00,CORE_HR
EVT00084013,2024-07-13,EMP02805,CC0011,EN,1,Step Increment,93309.14,CAD,CAN,2024-07-13 20:00:00,CORE_HR
EVT00084006,2024-07-20,EMP04887,CC0008,EX,1,Leave Start,,CAD,CA,2024-07-20 23:00:00,PAYROLL
EVT00084782,2024-07-11,EMP00599,CC0039,PA,4,Step Increment,93445.93,CAD,CA,2024-07-11 14:00:00,PAYROLL
EVT00083949,2024-07-18,EMP04356,CC0039,IT,3,Step Increment,123335.89,CAD,CA,2024-07-19 12:00:00,PAYROLL
EVT00084202,2024-07-05,EMP04731,CC0110,EX,1,Hire,152442.58,CAD,CAN,2024-07-05 08:00:00,CORE_HR
EVT00085405,2024-07-23,EMP01266,CC0091,PA,4,Step Increment,94166.17,CAD,CAN,2024-07-23 20:00:00,CORE_HR
EVT00084009,2024-07-19,EMP03058,CC0098,AS,2,Leave Start,,CAD,CA,2024-07-19 06:00:00,PAYROLL
EVT00083966,2024-07-26,EMP00881,CC0002,PA,2,Leave Return,,CAD,CAN,2024-07-26 11:00:00,CORE_HR
EVT00085309,2024-07-02,EMP03449,CC0111,FI,2,Leave Return,,EUR,DE,2024-07-03 13:00:00,PAYROLL
EVT00084242,2024-07-01,EMP01398,CC0019,FI,1,Step Increment,80231.79,CAD,CA,2024-07-01 14:00:00,PAYROLL
EVT00085566,2024-07-03,EMP00208,CC0099,PA,5,Step Increment,113858.08,CAD,CAN,2024-07-04 14:00:00,CORE_HR
EVT00084913,2024-07-22,EMP00115,CC0073,CR,1,Promotion,58125.06,CAD,CA,2024-07-22 20:00:00,PAYROLL
EVT00085385,2024-07-24,EMP04690,CC0086,EN,3,Step Increment,281268.43,AED,ARE,2024-07-25 13:00:00,CORE_HR
EVT00084889,2024-07-17,EMP04696,CC0106,FI,3,Step Increment,93131.33,CAD,CAN,2024-07-18 09:00:00,CORE_HR
EVT00084539,2024-07-16,EMP02417,CC0008,EN,2,Leave Return,,CAD,CA,2024-07-16 19:00:00,PAYROLL
EVT00084462,2024-07-25,EMP03169,CC0006,IT,1,Performance Pay,4626.83,CAD,CAN,2024-07-26 10:00:00,CORE_HR
EVT00084450,2024-07-05,EMP01416,CC0101,CR,2,Performance Pay,2767.06,CAD,CAN,2024-07-06 12:00:00,CORE_HR
EVT00085721,2024-07-08,EMP01018,CC0031,PA,3,Step Increment,10329171.79,KES,KEN,2024-07-09 14:00:00,CORE_HR
EVT00085462,2024-07-25,EMP01596,CC0026,PA,1,Step Increment,70721.05,CAD,CA,2024-07-25 22:00:00,PAYROLL
EVT00085461,2024-07-13,EMP04074,CC0054,PA,5,Step Increment,73872.33,EUR,DEU,2024-07-13 23:00:00,CORE_HR
EVT00084180,2024-07-19,EMP00500,CC0042,PA,1,Step Increment,69502.46,CAD,CA,2024-07-19 14:00:00,PAYROLL
EVT00085709,2024-07-27,EMP04781,CC0074,EN,2,Step Increment,12350173.27,KES,KEN,2024-07-28 01:00:00,CORE_HR
EVT00084401,2024-07-22,EMP01847,CC0070,EX,1,Step Increment,152624.15,CAD,CAN,2024-07-23 06:00:00,CORE_HR
EVT00085014,2024-07-25,EMP05029,CC0106,PA,1,Step Increment,61315.08,CAD,CA,2024-07-26 18:00:00,PAYROLL
EVT00084333,2024-07-19,EMP01802,CC0004,CR,4,Step Increment,67885.65,CAD,CA,2024-07-20 13:00:00,PAYROLL
EVT00084101,2024-07-22,EMP01880,CC0118,EX,1,Leave Start,,CAD,CA,2024-07-23 05:00:00,PAYROLL
EVT00083972,2024-07-05,EMP01380,CC0019,PA,2,Step Increment,70010.16,CAD,CAN,2024-07-05 19:00:00,CORE_HR
EVT00085112,2024-07-19,EMP00948,CC0005,FI,5,Hire,124215.7,CAD,CAN,2024-07-19 15:00:00,CORE_HR
EVT00084393,2024-07-04,EMP05149,CC0048,EN,3,Promotion,114838.73,CAD,CAN,2024-07-05 02:00:00,CORE_HR
EVT00084503,2024-07-12,EMP02952,CC0002,FI,3,Step Increment,96561.64,CAD,CA,2024-07-13 13:00:00,PAYROLL
EVT00084653,2024-07-02,EMP01483,CC0097,EX,1,Leave Start,,CAD,CA,2024-07-03 00:00:00,PAYROLL
EVT00085063,2024-07-04,EMP04424,CC0017,FI,2,Step Increment,85613.05,CAD,CAN,2024-07-05 01:00:00,CORE_HR
EVT00084128,2024-07-01,EMP04220,CC0090,FI,2,Step Increment,83763.37,CAD,CAN,2024-07-01 20:00:00,CORE_HR
EVT00085107,2024-07-03,EMP04865,CC0070,EC,2,Leave Start,,CAD,CA,2024-07-03 14:00:00,PAYROLL
EVT00084770,2024-07-11,EMP03776,CC0033,EC,2,Lateral Deployment,,CAD,CA,2024-07-12 21:00:00,PAYROLL
EVT00085791,2024-07-03,EMP02722,CC0066,PA,3,Lateral Deployment,,CAD,CAN,2024-07-04 11:00:00,CORE_HR
EVT00085802,2024-07-01,EMP00699,CC0021,AS,1,Hire,55845.28,CAD,CAN,2024-07-01 19:00:00,CORE_HR
EVT00084376,2024-07-06,EMP03948,CC0063,CR,1,Step Increment,54879.39,CAD,CAN,2024-07-07 07:00:00,CORE_HR
EVT00084831,2024-07-03,EMP02271,CC0030,PA,2,Step Increment,114614.04,AUD,AUS,2024-07-03 06:00:00,CORE_HR
EVT00084718,2024-07-14,EMP00665,CC0011,AS,1,Leave Start,,CAD,CAN,2024-07-14 09:00:00,CORE_HR
EVT00084577,2024-07-12,EMP05084,CC0016,EX,2,Step Increment,177771.19,CAD,CAN,2024-07-13 05:00:00,CORE_HR
EVT00084103,2024-07-18,EMP01106,CC0003,IT,1,Step Increment,92327.35,CAD,CAN,2024-07-18 22:00:00,CORE_HR
EVT00084704,2024-07-22,EMP03437,CC0008,AS,3,Hire,69438.61,CAD,CAN,2024-07-23 04:00:00,CORE_HR
EVT00085201,2024-07-08,EMP03079,CC0099,FI,4,Step Increment,117251.84,CAD,CAN,2024-07-08 20:00:00,CORE_HR
EVT00085474,2024-07-12,EMP00668,CC0108,AS,1,Promotion,907703.81,MXN,MEX,2024-07-13 13:00:00,CORE_HR
EVT00085308,2024-07-05,EMP03605,CC0001,AS,2,Promotion,71078.37,CAD,CA,2024-07-05 19:00:00,PAYROLL
EVT00084744,2024-07-10,EMP03181,CC0055,PA,2,Step Increment,81014.03,CAD,CAN,2024-07-11 09:00:00,CORE_HR
EVT00085656,2024-07-12,EMP01145,CC0094,EC,1,Step Increment,75532.17,CAD,CA,2024-07-13 03:00:00,PAYROLL
EVT00084461,2024-07-15,EMP00463,CC0054,EC,2,Step Increment,275777.69,AED,AE,2024-07-15 21:00:00,PAYROLL
EVT00085209,2024-07-21,EMP04791,CC0053,IT,3,Promotion,122516.23,CAD,CAN,2024-07-21 17:00:00,CORE_HR
EVT00084772,2024-07-15,EMP04577,CC0064,EC,2,Lateral Deployment,,CAD,CAN,2024-07-16 01:00:00,CORE_HR
EVT00084782,2024-07-11,EMP00599,CC0039,PA,4,Step Increment,93445.93,CAD,CA,2024-07-12 05:00:00,PAYROLL
EVT00084611,2024-07-17,EMP02894,CC0038,FI,1,Step Increment,75505.09,CAD,CAN,2024-07-17 10:00:00,CORE_HR
EVT00085138,2024-07-13,EMP03180,CC0062,AS,2,Promotion,65236.24,CAD,CA,2024-07-14 01:00:00,PAYROLL
EVT00085618,2024-07-04,EMP00485,CC0101,PA,3,Hire,88528.58,CAD,CAN,2024-07-04 13:00:00,CORE_HR
EVT00085694,2024-07-01,EMP00933,CC0053,PA,2,Promotion,77196.11,CAD,CA,2024-07-02 14:00:00,PAYROLL
EVT00085446,2024-07-07,EMP00360,CC0003,AS,3,Step Increment,78460.78,CAD,CAN,2024-07-07 10:00:00,CORE_HR
EVT00085852,2024-07-24,EMP03087,CC0114,FI,2,Leave Return,,CAD,CAN,2024-07-27 21:00:00,CORE_HR
EVT00084394,2024-07-04,EMP02313,CC0087,EC,3,Lateral Deployment,,CAD,CAN,2024-07-04 06:00:00,CORE_HR
EVT00085129,2024-07-12,EMP01255,CC0056,EX,1,Lateral Deployment,,CAD,CAN,2024-07-13 06:00:00,CORE_HR
EVT00085623,2024-07-06,EMP01207,CC0016,AS,3,Step Increment,76756.87,CAD,CA,2024-07-07 02:00:00,PAYROLL
EVT00083971,2024-07-22,EMP04379,CC0029,FI,4,Promotion,65067.08,SGD,SGP,2024-07-23 14:00:00,CORE_HR
EVT00085598,2024-07-27,EMP00146,CC0004,CR,5,Lateral Deployment,,CAD,CAN,2024-07-27 15:00:00,CORE_HR
EVT00084429,2024-07-06,EMP05098,CC0088,IT,1,Leave Start,,EUR,DEU,2024-07-07 07:00:00,CORE_HR
EVT00085225,2024-07-10,EMP03228,CC0061,IT,1,Step Increment,101051.41,CAD,CA,2024-07-10 06:00:00,PAYROLL
EVT00084064,2024-07-21,EMP01946,CC0080,PA,2,Hire,51027.49,SGD,SGP,2024-07-22 06:00:00,CORE_HR
EVT00084696,2024-07-22,EMP03393,CC0081,EX,2,Leave Start,,CAD,CAN,2024-07-22 15:00:00,CORE_HR
EVT00084477,2024-07-02,EMP02176,CC0065,IT,1,Step Increment,5190519.41,INR,IN,2024-07-02 23:00:00,PAYROLL
EVT00084297,2024-07-05,EMP00302,CC0096,EN,3,Leave Return,,CAD,CAN,2024-07-05 23:00:00,CORE_HR
EVT00084094,2024-07-25,EMP02966,CC0053,AS,1,Performance Pay,3263.88,CAD,CA,2024-07-26 07:00:00,PAYROLL
EVT00085260,2024-07-01,EMP04712,CC0086,CR,4,Step Increment,6969532.87,JPY,JP,2024-07-01 06:00:00,PAYROLL
EVT00085893,2024-07-09,EMP04600,CC0023,PA,5,Lateral Deployment,,CAD,CA,2024-07-10 05:00:00,PAYROLL
EVT00085457,2024-07-21,EMP03818,CC0076,IT,1,Departure,,CAD,CA,2024-07-22 12:00:00,PAYROLL
EVT00085731,2024-07-20,EMP02620,CC0015,PA,2,Leave Start,,CAD,CAN,2024-07-21 08:00:00,CORE_HR
EVT00085054,1900-01-01,EMP03734,CC0005,PA,1,Step Increment,65294.14,CAD,CAN,2024-07-20 13:00:00,CORE_HR
EVT00084273,2024-07-01,EMP01524,CC0018,FI,2,Lateral Deployment,,CAD,CAN,2024-07-02 03:00:00,CORE_HR
EVT00085469,2024-07-04,EMP04582,CC0075,IT,3,Step Increment,107949.17,CAD,CA,2024-07-04 19:00:00,PAYROLL
EVT00084672,2024-07-08,EMP01493,CC0044,IT,4,Lateral Deployment,,CAD,CAN,2024-07-09 12:00:00,CORE_HR
EVT00084693,2024-07-19,EMP00106,CC0018,PA,1,Step Increment,48402.9,CAD,CA,2024-07-20 06:00:00,PAYROLL
EVT00084830,2024-07-13,EMP01285,CC0083,EC,4,Leave Return,,CAD,CA,2024-07-14 08:00:00,PAYROLL
EVT00085254,2024-07-02,EMP00011,CC0085,IT,3,Step Increment,111824.16,CAD,CAN,2024-07-03 15:00:00,CORE_HR
EVT00084943,2024-07-04,EMP00203,CC0044,AS,3,Step Increment,80454.22,CAD,CAN,2024-07-05 13:00:00,CORE_HR
EVT00085336,2024-07-14,EMP05163,CC0101,PA,1,Leave Start,,CAD,CAN,2024-07-14 12:00:00,CORE_HR
EVT00085021,2024-07-11,EMP02816,CC0081,FI,3,Hire,103399.71,CAD,CA,2024-07-12 15:00:00,PAYROLL
EVT00084908,2024-07-12,EMP01404,CC0117,EN,3,Hire,109837.37,CAD,CA,2024-07-13 13:00:00,PAYROLL
EVT00085015,2024-07-12,EMP03435,CC0021,IT,3,Departure,,CAD,CA,2024-07-12 21:00:00,PAYROLL
EVT00084866,2024-07-27,EMP03123,CC0048,AS,5,Step Increment,96370.74,CAD,CAN,2024-07-28 13:00:00,CORE_HR
EVT00085677,2024-07-08,EMP03133,CC0024,FI,1,Step Increment,72783.37,CAD,CA,2024-07-09 15:00:00,PAYROLL
EVT00085824,2024-07-13,EMP03299,CC0112,EX,2,Step Increment,150163.86,CAD,CA,2024-07-13 12:00:00,PAYROLL
EVT00084071,2024-07-26,EMP01715,CC0033,FI,3,Lateral Deployment,,CAD,CA,2024-07-26 14:00:00,PAYROLL
EVT00085522,2024-07-13,EMP03038,CC0030,EX,2,Lateral Deployment,,INR,IND,2024-07-14 12:00:00,CORE_HR
EVT00085366,2024-07-12,EMP01002,CC0048,CR,4,Leave Start,,CAD,CAN,2024-07-13 14:00:00,CORE_HR
EVT00083994,2024-07-19,EMP00893,CC0024,IT,2,Hire,103597.4,CAD,CAN,2024-07-20 15:00:00,CORE_HR
EVT00085240,2024-07-17,EMP00892,CC0093,EN,1,Step Increment,93047.9,CAD,CAN,2024-07-18 11:00:00,CORE_HR
EVT00085055,2024-07-07,EMP02285,CC0109,CR,3,Hire,69455.96,CAD,CA,2024-07-07 14:00:00,PAYROLL
EVT00085388,2024-07-21,EMP03325,CC0013,IT,4,Departure,,CAD,CA,2024-07-21 16:00:00,PAYROLL
EVT00085313,2024-07-03,EMP05067,CC0074,IT,3,Step Increment,55201.89,GBP,GBR,2024-07-03 19:00:00,CORE_HR
EVT00085747,2024-07-24,EMP02175,CC0098,IT,2,Leave Start,,CAD,CAN,2024-07-25 11:00:00,CORE_HR
EVT00084486,2024-07-27,EMP00832,CC0055,AS,3,Step Increment,77298.63,CAD,CAN,2024-07-28 14:00:00,CORE_HR
EVT00084034,2024-07-13,EMP00712,CC0102,IT,1,Step Increment,81874.62,CAD,CA,2024-07-14 09:00:00,PAYROLL
EVT00084378,2024-07-20,EMP04070,CC0049,PA,1,Performance Pay,1804.01,GBP,GB,2024-07-21 04:00:00,PAYROLL
EVT00084912,2024-07-17,EMP04276,CC0018,AS,2,Step Increment,65404.09,CAD,CA,2024-07-18 14:00:00,PAYROLL
EVT00085502,2024-07-10,EMP01045,CC0078,PA,4,Leave Start,,CAD,CAN,2024-07-10 06:00:00,CORE_HR
EVT00085172,2024-07-18,EMP02975,CC0033,EX,3,Step Increment,195496.29,CAD,CAN,2024-07-18 08:00:00,CORE_HR
EVT00084636,2024-07-13,EMP04232,CC0048,AS,1,Performance Pay,5252.16,CAD,CAN,2024-07-14 03:00:00,CORE_HR
EVT00085883,2024-07-06,EMP00503,CC0085,PA,4,Leave Start,,CAD,CA,2024-07-07 03:00:00,PAYROLL
EVT00085514,2024-07-15,EMP04003,CC0042,PA,4,Promotion,94316.57,CAD,CA,2024-07-15 19:00:00,PAYROLL
EVT00084219,2024-07-08,EMP04027,CC0072,AS,2,Step Increment,68617.02,CAD,CA,2024-07-08 22:00:00,PAYROLL
EVT00085872,2024-07-17,EMP00478,CC0032,EC,3,Performance Pay,8028.46,CAD,CAN,2024-07-17 16:00:00,CORE_HR
EVT00085372,2024-07-24,EMP04126,CC0003,PA,4,Leave Return,,CAD,CA,2024-07-24 10:00:00,PAYROLL
EVT00084869,2024-07-25,EMP03136,CC0031,EN,1,Hire,9927672.21,KES,KEN,2024-07-25 14:00:00,CORE_HR
EVT00084420,2024-07-05,EMP01213,CC0081,CR,4,Performance Pay,6753.45,CAD,CAN,2024-07-05 17:00:00,CORE_HR
EVT00083958,2024-07-08,EMP00794,CC0031,IT,3,Step Increment,76727.31,SGD,SG,2024-07-08 17:00:00,PAYROLL
EVT00085326,2024-07-25,EMP99999,CC0077,PA,3,Leave Start,,CAD,CAN,2024-07-26 09:00:00,CORE_HR
EVT00084132,2024-07-02,EMP00343,CC0104,PA,3,Step Increment,81063.88,CAD,CA,2024-07-02 15:00:00,PAYROLL
EVT00084488,2024-07-20,EMP02836,CC0047,EX,1,Step Increment,142288.05,CAD,CAN,2024-07-21 07:00:00,CORE_HR
EVT00084649,2024-07-27,EMP04621,CC0075,PA,1,Lateral Deployment,,CAD,CA,2024-07-27 07:00:00,PAYROLL
EVT00083980,2024-07-06,EMP00175,CC0056,IT,1,Step Increment,84714.48,CAD,CA,2024-07-07 10:00:00,PAYROLL
EVT00085170,2024-07-16,EMP02432,CC0034,IT,3,Lateral Deployment,,CAD,CAN,2024-07-16 15:00:00,CORE_HR
EVT00085865,2024-07-25,EMP00492,CC0069,AS,5,Leave Start,,CAD,CA,2024-07-25 14:00:00,PAYROLL
EVT00085078,2024-07-25,EMP03659,CC0046,EN,1,Step Increment,9673909.19,KES,KEN,2024-07-26 11:00:00,CORE_HR
EVT00084055,2024-07-09,EMP00450,CC0103,IT,5,Departure,,CAD,CAN,2024-07-09 12:00:00,CORE_HR
EVT00085251,2024-07-25,EMP01518,CC0001,AS,2,Lateral Deployment,,CAD,CAN,2024-07-25 10:00:00,CORE_HR
EVT00085776,2024-07-18,EMP03978,CC0084,EX,1,Step Increment,133301.55,CAD,CA,2024-07-19 05:00:00,PAYROLL
EVT00084276,2024-07-16,EMP02340,CC0105,EX,3,Step Increment,22930031.86,KES,KEN,2024-07-16 12:00:00,CORE_HR
EVT00084119,2024-07-20,EMP00501,CC0006,FI,1,Promotion,64235.49,CAD,CA,2024-07-21 02:00:00,PAYROLL
EVT00085569,2024-07-06,EMP04917,CC0091,IT,4,Step Increment,136244.35,CAD,CAN,2024-07-06 06:00:00,CORE_HR
EVT00085293,2024-07-11,EMP00648,CC0115,EN,1,Lateral Deployment,,CAD,CA,2024-07-12 10:00:00,PAYROLL
EVT00085441,2024-07-12,EMP04661,CC0032,PA,1,Step Increment,66305.41,CAD,CAN,2024-07-13 04:00:00,CORE_HR
EVT00085273,2024-07-14,EMP01198,CC0009,PA,2,Step Increment,42137.42,SGD,SG,2024-07-15 08:00:00,PAYROLL
EVT00084072,2024-07-17,EMP00806,CC0014,PA,4,Step Increment,72824.22,CAD,CAN,2024-07-17 18:00:00,CORE_HR
EVT00084685,2024-07-20,EMP03216,CC0110,AS,3,Performance Pay,8203.04,CAD,CAN,2024-07-20 19:00:00,CORE_HR
EVT00085091,2024-07-14,EMP03326,CC0002,PA,2,Step Increment,65500.11,CAD,CA,2024-07-15 00:00:00,PAYROLL
EVT00085450,2024-07-16,EMP01422,CC0099,IT,2,Departure,,CAD,CAN,2024-07-16 23:00:00,CORE_HR
EVT00084292,2024-07-08,EMP00802,CC0036,EX,1,Leave Start,,CAD,CA,2024-07-08 21:00:00,PAYROLL
EVT00084597,2024-07-03,EMP01722,CC0069,PA,1,Lateral Deployment,,CAD,CA,2024-07-04 05:00:00,PAYROLL
EVT00085295,2024-07-25,EMP05127,CC0023,FI,4,Performance Pay,15403.81,CAD,CAN,2024-07-25 08:00:00,CORE_HR
EVT00084895,2024-07-23,EMP03985,CC0019,CR,2,Leave Return,,CAD,CAN,2024-07-23 13:00:00,CORE_HR
EVT00084093,2024-07-15,EMP05039,CC0041,PA,3,Step Increment,87119.78,CAD,CA,2024-07-16 05:00:00,PAYROLL
EVT00084783,2024-07-08,EMP00016,CC0032,EX,1,Leave Start,,CAD,CA,2024-07-08 17:00:00,PAYROLL
EVT00084803,2024-07-08,EMP00781,CC0036,EN,4,Step Increment,140318.06,CAD,CA,2024-07-09 08:00:00,PAYROLL
EVT00085011,2024-07-05,EMP04192,CC0080,PA,5,Leave Return,,EUR,DEU,2024-07-06 09:00:00,CORE_HR
EVT00084535,2024-07-24,EMP04602,CC0051,AS,1,Step Increment,55020.64,CAD,CA,2024-07-25 06:00:00,PAYROLL
EVT00084580,2024-07-25,EMP03272,CC0074,EC,1,Step Increment,57980.14,EUR,FR,2024-07-27 18:00:00,PAYROLL
EVT00085393,2024-07-16,EMP04466,CC0109,PA,3,Leave Start,,CAD,CAN,2024-07-17 11:00:00,CORE_HR
EVT00084854,2024-07-06,EMP04603,CC0070,IT,2,Step Increment,90387.02,CAD,CA,2024-07-07 12:00:00,PAYROLL
EVT00084112,2024-07-02,EMP03378,CC0019,AS,3,Performance Pay,7415.82,CAD,CA,2024-07-02 17:00:00,PAYROLL
EVT00084664,2024-07-07,EMP03225,CC0093,IT,1,Step Increment,86973.31,CAD,CAN,2024-07-07 15:00:00,CORE_HR
EVT00084560,2024-07-01,EMP00986,CC0090,EX,1,Hire,130407.76,CAD,CAN,2024-07-02 07:00:00,CORE_HR
EVT00085622,2024-07-20,EMP00166,CC0028,PA,1,Step Increment,67192.28,CAD,CA,2024-07-20 08:00:00,PAYROLL
EVT00084924,2024-07-06,EMP01636,CC0071,EX,3,Step Increment,175715.23,CAD,CAN,2024-07-07 12:00:00,CORE_HR
EVT00084567,2024-07-10,EMP02204,CC0075,IT,1,Departure,,CAD,CA,2024-07-10 10:00:00,PAYROLL
EVT00084872,2024-07-24,EMP99999,CC0024,AS,1,Step Increment,55061.33,CAD,CAN,2024-07-25 10:00:00,CORE_HR
EVT00084089,2024-07-11,EMP02664,CC0117,IT,1,Leave Return,,CAD,CA,2024-07-12 01:00:00,PAYROLL
EVT00084043,2024-07-07,EMP01357,CC0119,EC,2,Departure,,CAD,CAN,2024-07-08 15:00:00,CORE_HR
EVT00085523,2024-07-14,EMP04060,CC0045,PA,2,Performance Pay,5627.4,CAD,CA,2024-07-14 13:00:00,PAYROLL
EVT00084612,2024-07-06,EMP03625,CC0062,IT,4,Step Increment,106331.92,CAD,CAN,2024-07-07 13:00:00,CORE_HR
EVT00083982,2024-07-26,EMP01039,CC0052,EN,1,Leave Start,,CAD,CAN,2024-07-26 19:00:00,CORE_HR
EVT00084795,2024-07-18,EMP03697,CC0006,PA,2,Departure,,CAD,CAN,2024-07-19 05:00:00,CORE_HR
EVT00084773,2024-07-20,EMP03092,CC0098,PA,1,Departure,,CAD,CA,2024-07-21 07:00:00,PAYROLL
EVT00085237,2024-07-13,EMP04936,CC0041,PA,2,Leave Start,,CAD,CAN,2024-07-13 19:00:00,CORE_HR
EVT00085882,2024-07-11,EMP03121,CC0105,EC,1,Hire,58375.38,EUR,FR,2024-07-12 13:00:00,PAYROLL
EVT00084259,2024-07-03,EMP01912,CC0077,FI,3,Step Increment,106426.21,CAD,CAN,2024-07-04 14:00:00,CORE_HR
EVT00085558,2024-07-12,EMP03237,CC0035,EX,2,Performance Pay,22636.46,CAD,CAN,2024-07-13 08:00:00,CORE_HR
EVT00085384,1900-01-01,EMP03914,CC0087,CR,1,Performance Pay,3604.02,CAD,CAN,2024-07-11 11:00:00,CORE_HR
EVT00085744,2024-07-22,EMP00464,CC0033,PA,2,Promotion,73789.61,CAD,CAN,2024-07-23 00:00:00,CORE_HR
EVT00085096,2024-07-13,EMP03456,CC0031,IT,1,Step Increment,62075.07,EUR,DEU,2024-07-14 14:00:00,CORE_HR
EVT00085662,2024-07-22,EMP04613,CC0046,IT,3,Step Increment,65953.2,GBP,GBR,2024-07-23 10:00:00,CORE_HR
EVT00084743,2024-07-24,EMP00888,CC0113,PA,2,Leave Start,,CAD,CAN,2024-07-25 15:00:00,CORE_HR
EVT00085027,2024-07-09,EMP01548,CC0058,EX,1,Lateral Deployment,,CAD,CAN,2024-07-10 03:00:00,CORE_HR
EVT00085295,2024-07-25,EMP05127,CC0023,FI,4,Performance Pay,15403.81,CAD,CAN,2024-07-28 03:00:00,CORE_HR
EVT00085490,2024-07-14,EMP02466,CC0051,CR,3,Step Increment,53889.92,CAD,CAN,2024-07-15 09:00:00,CORE_HR
EVT00084403,2024-07-21,EMP01111,CC0006,CR,2,Leave Return,,CAD,CAN,2024-07-22 01:00:00,CORE_HR
EVT00084019,2024-07-07,EMP04175,CC0050,PA,3,Lateral Deployment,,CAD,CAN,2024-07-08 08:00:00,CORE_HR
EVT00084017,2024-07-11,EMP05096,CC0044,AS,3,Step Increment,73670.99,CAD,CA,2024-07-11 21:00:00,PAYROLL
EVT00083951,2024-07-26,EMP02228,CC0075,IT,2,Step Increment,94474.75,CAD,CAN,2024-07-27 18:00:00,CORE_HR
EVT00084900,2024-07-10,EMP04707,CC0112,CR,1,Leave Return,,CAD,CAN,2024-07-10 16:00:00,CORE_HR
EVT00085001,2024-07-24,EMP03580,CC0066,CR,1,Leave Start,,CAD,CAN,2024-07-25 04:00:00,CORE_HR
EVT00085701,2024-07-13,EMP04582,CC0075,IT,3,Promotion,113154.14,CAD,CA,2024-07-14 11:00:00,PAYROLL
EVT00084516,2024-07-25,EMP00997,CC0061,EX,1,Promotion,134776.25,CAD,CAN,2024-07-26 10:00:00,CORE_HR
EVT00084182,2024-07-05,EMP01601,CC0015,PA,2,Step Increment,71432.73,CAD,CAN,2024-07-05 12:00:00,CORE_HR
EVT00085624,2024-07-10,EMP03199,CC0095,EC,4,Lateral Deployment,,CAD,CA,2024-07-11 06:00:00,PAYROLL
EVT00084281,2024-07-03,EMP01835,CC0082,CR,1,Lateral Deployment,,CAD,CAN,2024-07-03 13:00:00,CORE_HR
EVT00084586,2024-07-03,EMP01253,CC0031,EC,1,Leave Start,,GBP,GBR,2024-07-04 01:00:00,CORE_HR
EVT00085242,2024-07-11,EMP02672,CC0051,PA,2,Lateral Deployment,,CAD,CA,2024-07-11 19:00:00,PAYROLL
EVT00083967,2024-07-08,EMP05161,CC0006,IT,5,Promotion,154716.28,CAD,CA,2024-07-08 10:00:00,PAYROLL
EVT00084735,2024-07-08,EMP05187,CC0026,EC,5,Step Increment,138927.04,CAD,CA,2024-07-09 03:00:00,PAYROLL
EVT00084510,2024-07-18,EMP02451,CC0118,FI,2,Performance Pay,6134.15,CAD,CAN,2024-07-19 12:00:00,CORE_HR
EVT00084739,2024-07-02,EMP03193,CC0108,FI,2,Leave Return,,XXX,BRA,2024-07-02 20:00:00,CORE_HR
EVT00084655,2024-07-16,EMP02996,CC0114,PA,5,Leave Start,,CAD,CA,2024-07-16 23:00:00,PAYROLL
EVT00085509,2024-07-01,EMP04059,CC0118,FI,1,Leave Start,,CAD,CA,2024-07-01 12:00:00,PAYROLL
EVT00085611,2024-07-22,EMP05082,CC0005,IT,3,Step Increment,108916.87,CAD,CA,2024-07-23 04:00:00,PAYROLL
EVT00085696,2024-07-27,EMP03941,CC0055,IT,3,Step Increment,144165.0,CAD,CA,2024-07-27 18:00:00,PAYROLL
EVT00084458,2024-07-14,EMP00482,CC0111,PA,1,Leave Start,,EUR,DE,2024-07-15 15:00:00,PAYROLL
EVT00085088,2024-07-02,EMP00278,CC0061,AS,5,Performance Pay,3735.36,CAD,CAN,2024-07-03 07:00:00,CORE_HR
EVT00085773,2024-07-18,EMP00643,CC0120,EN,3,Step Increment,112611.51,CAD,CAN,2024-07-18 07:00:00,CORE_HR
EVT00084608,2024-07-03,EMP02647,CC0086,EC,2,Step Increment,130305.7,AUD,AU,2024-07-03 14:00:00,PAYROLL
EVT00084241,2024-07-22,EMP01206,CC0109,EN,3,Leave Start,,CAD,CA,2024-07-22 11:00:00,PAYROLL
EVT00084906,2024-07-19,EMP01706,CC0096,EX,2,Step Increment,148418.26,CAD,CAN,2024-07-20 10:00:00,CORE_HR
EVT00084169,2024-07-22,EMP04988,CC0068,EC,4,Leave Start,,CAD,CAN,2024-07-23 13:00:00,CORE_HR
EVT00084025,2024-07-26,EMP02504,CC0117,AS,4,Departure,,CAD,CA,2024-07-27 06:00:00,PAYROLL
EVT00084268,2024-07-26,EMP00929,CC0065,AS,3,Hire,56583.49,EUR,DEU,2024-07-26 17:00:00,CORE_HR
EVT00085022,2024-07-22,EMP01055,CC0115,AS,3,Step Increment,78073.69,CAD,CA,2024-07-22 11:00:00,PAYROLL
EVT00084328,2024-07-08,EMP02746,CC0084,CR,4,Promotion,76347.76,CAD,CAN,2024-07-09 05:00:00,CORE_HR
EVT00084410,2024-07-24,EMP00275,CC0090,EX,2,Step Increment,157699.68,CAD,CA,2024-07-25 03:00:00,PAYROLL
EVT00084236,2024-07-24,EMP00642,CC0081,EC,1,Step Increment,74514.98,CAD,CA,2024-07-25 13:00:00,PAYROLL
EVT00084138,2024-07-13,EMP00629,CC0054,PA,5,Performance Pay,201066.42,MXN,MEX,2024-07-13 17:00:00,CORE_HR
EVT00085790,2024-07-26,EMP03684,CC0078,PA,2,Step Increment,72920.62,CAD,CAN,2024-07-27 14:00:00,CORE_HR
EVT00084238,2024-07-10,EMP01997,CC0007,IT,5,Leave Start,,SGD,SGP,2024-07-10 23:00:00,CORE_HR
EVT00085905,2024-07-11,EMP99999,CC0036,PA,4,Step Increment,92833.77,CAD,CAN,2024-07-12 03:00:00,CORE_HR
EVT00084199,2024-07-15,EMP01702,CC0112,IT,1,Hire,78321.39,CAD,CAN,2024-07-15 15:00:00,CORE_HR
EVT00085902,2024-07-12,EMP03930,CC0087,EN,1,Step Increment,86562.79,CAD,CA,2024-07-12 17:00:00,PAYROLL
EVT00084774,2024-07-10,EMP00821,CC0003,PA,1,Promotion,59932.61,CAD,CA,2024-07-10 06:00:00,PAYROLL
EVT00085348,2024-07-25,EMP02364,CC0005,EX,1,Lateral Deployment,,CAD,CAN,2024-07-25 14:00:00,CORE_HR
EVT00084234,2024-07-05,EMP04100,CC0007,IT,3,Step Increment,80161.78,USD,USA,2024-07-06 06:00:00,CORE_HR
EVT00084446,2024-07-13,EMP03926,CC0007,PA,3,Leave Return,,EUR,DEU,2024-07-14 03:00:00,CORE_HR
EVT00084168,2024-07-21,EMP05059,CC0066,FI,1,Step Increment,70786.29,CAD,CAN,2024-07-21 21:00:00,CORE_HR
EVT00084371,2024-07-14,EMP01866,CC0092,IT,1,Departure,,CAD,CA,2024-07-15 14:00:00,PAYROLL
EVT00085552,2024-07-16,EMP02142,CC0040,CR,1,Step Increment,55445.91,CAD,CA,2024-07-17 02:00:00,PAYROLL
EVT00084861,2024-07-19,EMP03078,CC0010,EC,1,Performance Pay,3172.38,CAD,CAN,2024-07-20 05:00:00,CORE_HR
EVT00085369,2024-07-24,EMP04634,CC0001,IT,4,Lateral Deployment,,CAD,CAN,2024-07-25 08:00:00,CORE_HR
EVT00085470,2024-07-18,EMP03958,CC0082,AS,1,Step Increment,64608.53,CAD,CA,2024-07-18 09:00:00,PAYROLL
EVT00084209,2024-07-19,EMP03299,CC0112,EX,2,Step Increment,162365.78,CAD,CAN,2024-07-19 18:00:00,CORE_HR
EVT00084547,2024-07-14,EMP01272,CC0077,FI,2,Step Increment,84841.89,CAD,CA,2024-07-14 17:00:00,PAYROLL
EVT00085570,2024-07-16,EMP00458,CC0115,EN,1,Hire,69980.69,CAD,CAN,2024-07-17 11:00:00,CORE_HR
EVT00084350,2024-07-15,EMP04952,CC0051,IT,1,Performance Pay,10171.04,CAD,CA,2024-07-16 13:00:00,PAYROLL
EVT00084228,2024-07-27,EMP01787,CC0060,IT,4,Leave Return,,CAD,CA,2024-07-28 08:00:00,PAYROLL
EVT00084126,2024-07-26,EMP04306,CC0016,EC,3,Leave Start,,CAD,CAN,2024-07-27 04:00:00,CORE_HR
EVT00085574,2024-07-05,EMP04462,CC0069,IT,1,Step Increment,81585.34,CAD,CA,2024-07-05 17:00:00,PAYROLL
EVT00084078,2024-07-26,EMP00568,CC0066,AS,3,Leave Start,,CAD,CAN,2024-07-27 13:00:00,CORE_HR
EVT00085136,2024-07-22,EMP03874,CC0093,PA,1,Lateral Deployment,,CAD,CA,2024-07-23 02:00:00,PAYROLL
EVT00085631,2024-07-05,EMP02786,CC0030,FI,2,Leave Return,,USD,USA,2024-07-06 01:00:00,CORE_HR
EVT00085317,2024-07-10,EMP02019,CC0078,CR,1,Promotion,51958.86,CAD,CA,2024-07-10 13:00:00,PAYROLL
EVT00085700,2024-07-20,EMP01047,CC0016,EC,5,Performance Pay,7241.23,CAD,CAN,2024-07-20 07:00:00,CORE_HR
EVT00084054,2024-07-14,EMP02707,CC0053,EC,2,Promotion,91700.05,CAD,CAN,2024-07-14 14:00:00,CORE_HR
EVT00085590,2024-07-25,EMP04038,CC0119,EX,1,Step Increment,138114.95,CAD,CAN,2024-07-26 00:00:00,CORE_HR
EVT00085218,2024-07-10,EMP00815,CC0070,PA,4,Step Increment,87150.65,CAD,CA,2024-07-10 12:00:00,PAYROLL
EVT00085223,2024-07-05,EMP00050,CC0117,IT,1,Lateral Deployment,,CAD,CAN,2024-07-06 01:00:00,CORE_HR
EVT00085451,2024-07-27,EMP03929,CC0081,CR,3,Leave Return,,CAD,CAN,2024-07-29 16:00:00,CORE_HR
EVT00085578,2024-07-26,EMP01005,CC0102,PA,1,Leave Start,,CAD,CA,2024-07-26 23:00:00,PAYROLL
EVT00084964,2024-07-05,EMP00901,CC0021,FI,5,Step Increment,118275.96,CAD,CAN,2024-07-06 12:00:00,CORE_HR
EVT00084985,2024-07-14,EMP03691,CC0064,PA,2,Lateral Deployment,,CAD,CAN,2024-07-15 04:00:00,CORE_HR
EVT00084990,2024-07-13,EMP03177,CC0036,AS,3,Step Increment,69217.78,CAD,CAN,2024-07-14 01:00:00,CORE_HR
EVT00085904,2024-07-12,EMP03169,CC0006,IT,1,Leave Start,,CAD,CAN,2024-07-13 13:00:00,CORE_HR
EVT00084979,2024-07-13,EMP00886,CC0055,PA,1,Lateral Deployment,,CAD,CAN,2024-07-13 16:00:00,CORE_HR
EVT00085584,2024-07-13,EMP01281,CC0086,EC,4,Leave Return,,SGD,SG,2024-07-13 18:00:00,PAYROLL
EVT00085373,2024-07-04,EMP00798,CC0033,EN,2,Performance Pay,11407.05,CAD,CA,2024-07-05 14:00:00,PAYROLL
EVT00085319,2024-07-21,EMP05180,CC0026,PA,1,Leave Return,,CAD,CAN,2024-07-22 15:00:00,CORE_HR
EVT00085072,2024-07-02,EMP01149,CC0085,EN,2,Leave Start,,CAD,CA,2024-07-02 14:00:00,PAYROLL
EVT00084054,2024-07-14,EMP02707,CC0053,EC,2,Promotion,91700.05,CAD,CAN,2024-07-16 11:00:00,CORE_HR
EVT00084819,2024-07-06,EMP01702,CC0112,IT,1,Leave Return,,CAD,CA,2024-07-06 08:00:00,PAYROLL
EVT00084734,2024-07-14,EMP01471,CC0079,AS,1,Step Increment,64699.63,CAD,CA,2024-07-14 19:00:00,PAYROLL
EVT00084263,2024-07-18,EMP02835,CC0087,EC,2,Leave Return,,CAD,CAN,2024-07-19 09:00:00,CORE_HR
EVT00084016,2024-07-21,EMP05079,CC0115,EN,1,Performance Pay,6619.18,CAD,CA,2024-07-21 06:00:00,PAYROLL
EVT00084637,2024-07-22,EMP04967,CC0066,EN,4,Hire,119771.73,CAD,CAN,2024-07-22 06:00:00,CORE_HR
EVT00085247,2024-07-27,EMP05092,CC0099,IT,1,Lateral Deployment,,CAD,CA,2024-07-28 00:00:00,PAYROLL
EVT00084163,2024-07-06,EMP05151,CC0080,CR,2,Step Increment,-3635485.18,INR,IND,2024-07-07 13:00:00,CORE_HR
EVT00085287,2024-07-12,EMP02482,CC0021,EC,3,Departure,,CAD,CA,2024-07-13 01:00:00,PAYROLL
EVT00084232,2024-07-12,EMP00173,CC0084,PA,1,Step Increment,72379.9,CAD,CA,2024-07-13 04:00:00,PAYROLL
EVT00085186,2024-07-12,EMP00883,CC0103,PA,2,Lateral Deployment,,CAD,CAN,2024-07-12 23:00:00,CORE_HR
EVT00084992,2024-07-27,EMP03266,CC0069,EN,1,Promotion,96304.3,CAD,CAN,2024-07-27 11:00:00,CORE_HR
EVT00084675,2024-07-24,EMP04762,CC0090,EN,1,Step Increment,81203.05,CAD,CAN,2024-07-24 23:00:00,CORE_HR
EVT00084890,2024-07-16,EMP02742,CC0112,FI,2,Step Increment,94073.68,CAD,CA,2024-07-17 06:00:00,PAYROLL
EVT00084780,2024-07-10,EMP00899,CC0029,PA,3,Performance Pay,23495.55,AED,AE,2024-07-11 15:00:00,PAYROLL
EVT00084998,2024-07-09,EMP00291,CC0071,PA,3,Step Increment,88179.17,CAD,CA,2024-07-10 14:00:00,PAYROLL
EVT00085034,2024-07-19,EMP04003,CC0042,PA,4,Lateral Deployment,,CAD,CAN,2024-07-19 23:00:00,CORE_HR
EVT00084443,2024-07-04,EMP03098,CC0015,IT,2,Departure,,CAD,CA,2024-07-04 13:00:00,PAYROLL
EVT00084049,2024-07-04,EMP02866,CC0032,PA,2,Performance Pay,3100.63,CAD,CA,2024-07-05 14:00:00,PAYROLL
EVT00085220,2024-07-17,EMP00807,CC0027,AS,1,Step Increment,44401.87,CAD,CAN,2024-07-18 03:00:00,CORE_HR
EVT00084036,2024-07-17,EMP03577,CC0083,EN,1,Step Increment,88535.76,CAD,CAN,2024-07-17 19:00:00,CORE_HR
EVT00085629,2024-07-22,EMP04287,CC0043,EN,5,Lateral Deployment,,CAD,CAN,2024-07-23 14:00:00,CORE_HR
EVT00085646,2024-07-12,EMP00514,CC0031,IT,1,Leave Return,,JPY,JPN,2024-07-13 08:00:00,CORE_HR
EVT00084546,2024-07-17,EMP04641,CC0051,EN,3,Leave Start,,CAD,CAN,2024-07-18 11:00:00,CORE_HR
EVT00084551,2024-07-08,EMP00550,CC0025,EC,1,Leave Start,,CAD,CAN,2024-07-08 21:00:00,CORE_HR
EVT00084391,2024-07-11,EMP03283,CC0025,AS,4,Step Increment,81202.58,CAD,CA,2024-07-11 07:00:00,PAYROLL
EVT00084853,2024-07-24,EMP02107,CC0002,EN,3,Step Increment,116285.18,CAD,CA,2024-07-25 13:00:00,PAYROLL
EVT00084633,2024-07-17,EMP04483,CC0119,PA,3,Step Increment,89378.82,CAD,CAN,2024-07-17 12:00:00,CORE_HR
EVT00084090,2024-07-23,EMP00894,CC0058,EN,1,Step Increment,96462.44,CAD,CA,2024-07-24 15:00:00,PAYROLL
EVT00084815,2024-07-24,EMP03281,CC0118,PA,2,Step Increment,79564.52,CAD,CA,2024-07-24 19:00:00,PAYROLL
EVT00084894,2024-07-15,EMP00831,CC0078,PA,1,Step Increment,63539.29,CAD,CA,2024-07-16 09:00:00,PAYROLL
EVT00084263,2024-07-18,EMP02835,CC0087,EC,2,Leave Return,,CAD,CAN,2024-07-20 11:00:00,CORE_HR
EVT00084329,2024-07-18,EMP04836,CC0099,EC,3,Step Increment,108199.13,CAD,CAN,2024-07-18 07:00:00,CORE_HR
EVT00085497,2024-07-18,EMP05170,CC0096,CR,1,Hire,52030.59,CAD,CA,2024-07-18 07:00:00,PAYROLL
EVT00084827,2024-07-20,EMP05022,CC0090,IT,3,Hire,86415.19,CAD,CA,2024-07-20 17:00:00,PAYROLL
EVT00085096,2024-07-13,EMP03456,CC0031,IT,1,Step Increment,62075.07,EUR,DEU,2024-07-14 05:00:00,CORE_HR
EVT00085843,2024-07-06,EMP01508,CC0110,PA,3,Performance Pay,7556.45,CAD,CAN,2024-07-06 06:00:00,CORE_HR
EVT00085835,2024-07-18,EMP00656,CC0003,PA,3,Step Increment,73663.97,CAD,CAN,2024-07-19 11:00:00,CORE_HR
EVT00084804,2024-07-14,EMP00980,CC0035,EX,1,Leave Start,,CAD,CAN,2024-07-14 13:00:00,CORE_HR
EVT00084481,2024-07-02,EMP02554,CC0028,PA,4,Leave Return,,CAD,CAN,2024-07-02 08:00:00,CORE_HR
EVT00085259,2024-07-09,EMP04343,CC0023,EN,1,Step Increment,89725.51,CAD,CAN,2024-07-09 06:00:00,CORE_HR
EVT00085455,2024-07-07,EMP99999,CC0103,CR,3,Step Increment,67324.76,CAD,CAN,2024-07-07 17:00:00,CORE_HR
EVT00085555,2024-07-27,EMP01846,CC0119,PA,3,Leave Return,,CAD,CA,2024-07-27 23:00:00,PAYROLL
EVT00085099,2024-07-09,EMP05015,CC0082,IT,4,Lateral Deployment,,CAD,CAN,2024-07-09 17:00:00,CORE_HR
EVT00085533,2024-07-13,EMP01926,CC0010,EC,2,Step Increment,85943.85,CAD,CA,2024-07-14 13:00:00,PAYROLL
EVT00085296,2024-07-24,EMP00266,CC0115,EN,1,Step Increment,92118.56,CAD,CAN,2024-07-24 09:00:00,CORE_HR
EVT00085200,2024-07-12,EMP05182,CC0049,AS,4,Departure,,AUD,AUS,2024-07-13 09:00:00,CORE_HR
EVT00085447,2024-07-09,EMP01496,CC0034,AS,1,Leave Start,,CAD,CA,2024-07-10 14:00:00,PAYROLL
EVT00085056,2024-07-01,EMP04778,CC0055,FI,1,Hire,57050.44,CAD,CAN,2024-07-01 20:00:00,CORE_HR
EVT00085396,2024-07-15,EMP02373,CC0078,AS,4,Performance Pay,3555.26,CAD,CA,2024-07-15 18:00:00,PAYROLL
EVT00085772,2024-07-23,EMP00989,CC0056,EN,4,Leave Start,,CAD,CA,2024-07-24 02:00:00,PAYROLL
EVT00084763,2024-07-22,EMP03448,CC0120,IT,3,Lateral Deployment,,CAD,CAN,2024-07-22 12:00:00,CORE_HR
EVT00085080,2024-07-27,EMP00372,CC0029,EN,1,Step Increment,51915.7,GBP,GB,2024-07-27 09:00:00,PAYROLL
EVT00085550,2024-07-19,EMP04197,CC0118,FI,2,Leave Start,,CAD,CAN,2024-07-20 14:00:00,CORE_HR
EVT00085783,2024-07-08,EMP02553,CC0038,PA,1,Lateral Deployment,,CAD,CA,2024-07-09 06:00:00,PAYROLL
EVT00084379,2024-07-19,EMP04898,CC0120,EX,1,Leave Start,,CAD,CAN,2024-07-19 22:00:00,CORE_HR
EVT00085855,2024-07-08,EMP00866,CC0044,EC,4,Leave Return,,CAD,CAN,2024-07-09 08:00:00,CORE_HR
EVT00083957,2024-07-12,EMP03547,CC0116,EC,2,Leave Start,,CAD,CAN,2024-07-13 10:00:00,CORE_HR
EVT00085679,2024-07-26,EMP04620,CC0003,EN,2,Leave Return,,CAD,CA,2024-07-28 16:00:00,PAYROLL
EVT00084759,2024-07-26,EMP01821,CC0108,IT,2,Lateral Deployment,,AUD,AU,2024-07-27 14:00:00,PAYROLL
EVT00084139,2024-07-02,EMP04676,CC0098,IT,1,Leave Start,,CAD,CA,2024-07-03 07:00:00,PAYROLL
EVT00085600,2024-07-13,EMP03761,CC0041,AS,5,Promotion,74220.85,CAD,CAN,2024-07-13 12:00:00,CORE_HR
EVT00084467,2024-07-14,EMP04376,CC0093,CR,2,Step Increment,65039.22,CAD,CA,2024-07-14 11:00:00,PAYROLL
EVT00084031,2024-07-17,EMP00602,CC0057,EN,3,Leave Start,,CAD,CA,2024-07-17 19:00:00,PAYROLL
EVT00084648,2024-07-01,EMP02960,CC0072,AS,1,Lateral Deployment,,CAD,CAN,2024-07-01 16:00:00,CORE_HR
EVT00084508,2024-07-07,EMP00885,CC0040,EC,4,Step Increment,113851.21,CAD,CAN,2024-07-08 12:00:00,CORE_HR
EVT00084509,2024-07-20,EMP03713,CC0120,PA,5,Performance Pay,4649.2,CAD,CA,2024-07-20 21:00:00,PAYROLL
EVT00085083,2024-07-14,EMP02347,CC0020,AS,2,Departure,,CAD,CAN,2024-07-15 11:00:00,CORE_HR
EVT00085174,2024-07-01,EMP00504,CC0021,CR,2,Step Increment,56687.59,CAD,CAN,2024-07-01 22:00:00,CORE_HR
EVT00085690,2024-07-17,EMP03553,CC0004,EN,1,Step Increment,82071.13,CAD,CAN,2024-07-20 13:00:00,CORE_HR
EVT00085770,2024-07-03,EMP03379,CC0055,PA,1,Leave Return,,CAD,CAN,2024-07-03 20:00:00,CORE_HR
EVT00085337,2024-07-25,EMP00736,CC0074,PA,2,Leave Start,,AUD,AU,2024-07-25 21:00:00,PAYROLL
EVT00084796,2024-07-22,EMP03049,CC0034,CR,3,Leave Start,,CAD,CA,2024-07-23 09:00:00,PAYROLL
EVT00085044,2024-07-23,EMP04502,CC0110,PA,2,Leave Start,,CAD,CA,2024-07-24 06:00:00,PAYROLL
EVT00085427,2024-07-21,EMP02895,CC0086,CR,3,Lateral Deployment,,JPY,JPN,2024-07-21 19:00:00,CORE_HR
EVT00084455,2024-07-15,EMP03012,CC0014,AS,3,Step Increment,76629.83,CAD,CAN,2024-07-16 06:00:00,CORE_HR
EVT00084814,2024-07-04,EMP00075,CC0012,FI,5,Leave Start,,CAD,CAN,2024-07-04 06:00:00,CORE_HR
EVT00084617,2024-07-17,EMP04115,CC0099,IT,5,Step Increment,140877.04,CAD,CA,2024-07-17 09:00:00,PAYROLL
EVT00085199,2024-07-24,EMP04756,CC0076,AS,5,Departure,,CAD,CAN,2024-07-25 14:00:00,CORE_HR
EVT00085174,2024-07-01,EMP00504,CC0021,CR,2,Step Increment,56687.59,CAD,CAN,2024-07-01 15:00:00,CORE_HR
EVT00084591,2024-07-20,EMP02711,CC0116,IT,1,Performance Pay,4122.46,CAD,CAN,2024-07-20 07:00:00,CORE_HR
EVT00085193,2024-07-07,EMP03730,CC0115,EN,2,Lateral Deployment,,CAD,CA,2024-07-07 08:00:00,PAYROLL
EVT00085540,2024-07-11,EMP05036,CC0082,IT,3,Step Increment,107094.53,CAD,CAN,2024-07-11 21:00:00,CORE_HR
EVT00084148,2024-07-20,EMP03581,CC0017,EX,2,Leave Start,,CAD,CAN,2024-07-20 16:00:00,CORE_HR
EVT00084619,2024-07-21,EMP04531,CC0052,EN,4,Step Increment,127136.88,CAD,CA,2024-07-21 08:00:00,PAYROLL
EVT00085728,2024-07-27,EMP03446,CC0052,AS,4,Step Increment,80423.56,CAD,CA,2024-07-27 06:00:00,PAYROLL
EVT00084425,2024-07-17,EMP04998,CC0117,EN,3,Step Increment,111312.75,CAD,CAN,2024-07-17 10:00:00,CORE_HR
EVT00085328,2024-07-18,EMP04335,CC0109,PA,1,Lateral Deployment,,CAD,CAN,2024-07-19 10:00:00,CORE_HR
EVT00085187,2024-07-27,EMP04304,CC0082,EC,3,Step Increment,101749.93,CAD,CA,2024-07-27 11:00:00,PAYROLL
EVT00084529,2024-07-24,EMP04051,CC0024,CR,3,Performance Pay,2903.31,CAD,CA,2024-07-25 03:00:00,PAYROLL
EVT00084033,2024-07-13,EMP03927,CC0053,AS,3,Leave Start,,CAD,CAN,2024-07-13 14:00:00,CORE_HR
EVT00083987,2024-07-03,EMP02468,CC0035,IT,1,Hire,90595.88,CAD,CAN,2024-07-04 01:00:00,CORE_HR
EVT00084160,2024-07-14,EMP00596,CC0097,EN,2,Performance Pay,5345.34,CAD,CA,2024-07-15 11:00:00,PAYROLL
EVT00084347,2024-07-18,EMP01680,CC0007,PA,3,Step Increment,61330.73,EUR,FR,2024-07-18 22:00:00,PAYROLL
EVT00084570,2024-07-24,EMP03689,CC0019,EC,4,Lateral Deployment,,CAD,CA,2024-07-25 13:00:00,PAYROLL
EVT00084553,2024-07-18,EMP01842,CC0054,PA,4,Lateral Deployment,,AED,ARE,2024-07-19 00:00:00,CORE_HR
EVT00085342,2024-07-20,EMP03272,CC0074,EC,1,Performance Pay,4292.39,EUR,DEU,2024-07-21 06:00:00,CORE_HR
EVT00084742,2024-07-01,EMP05011,CC0029,CR,1,Hire,729734.07,MXN,MEX,2024-07-03 01:00:00,CORE_HR
EVT00085422,2024-07-07,EMP05142,CC0057,AS,2,Step Increment,70475.22,CAD,CA,2024-07-08 07:00:00,PAYROLL
EVT00085283,2024-07-18,EMP03875,CC0105,IT,4,Step Increment,91864.44,SGD,SGP,2024-07-18 19:00:00,CORE_HR
EVT00085572,2024-07-19,EMP03934,CC0096,PA,1,Step Increment,61607.6,CAD,CAN,2024-07-19 23:00:00,CORE_HR
EVT00084319,2024-07-03,EMP04009,CC0035,EX,1,Step Increment,130305.23,CAD,CAN,2024-07-04 06:00:00,CORE_HR
EVT00084318,2024-07-16,EMP04856,CC0082,CR,1,Promotion,43780.75,CAD,CAN,2024-07-17 01:00:00,CORE_HR
EVT00085277,2024-07-04,EMP01081,CC0024,AS,2,Step Increment,63858.65,CAD,CA,2024-07-05 09:00:00,PAYROLL
EVT00085892,2024-07-12,EMP03792,CC0037,EC,4,Lateral Deployment,,CAD,CAN,2024-07-12 08:00:00,CORE_HR
EVT00084424,2024-07-05,EMP01713,CC0040,PA,2,Leave Start,,CAD,CAN,2024-07-05 12:00:00,CORE_HR
EVT00085814,2024-07-09,EMP03591,CC0073,PA,3,Performance Pay,8789.64,CAD,CAN,2024-07-09 23:00:00,CORE_HR
EVT00084742,2024-07-01,EMP05011,CC0029,CR,1,Hire,729734.07,MXN,MEX,2024-07-02 00:00:00,CORE_HR
EVT00084820,2024-07-15,EMP03745,CC0103,PA,2,Hire,79760.14,CAD,CA,2024-07-15 12:00:00,PAYROLL
EVT00085799,2024-07-11,EMP03696,CC0065,PA,5,Leave Return,,JPY,JPN,2024-07-12 03:00:00,CORE_HR
EVT00084070,2024-07-08,EMP02716,CC0026,PA,2,Step Increment,83207.59,CAD,CAN,2024-07-09 04:00:00,CORE_HR
EVT00084932,2024-07-26,EMP01368,CC0112,EX,1,Lateral Deployment,,CAD,CA,2024-07-26 19:00:00,PAYROLL
EVT00084204,2024-07-14,EMP01677,CC0010,PA,2,Departure,,CAD,CAN,2024-07-17 06:00:00,CORE_HR
EVT00084205,2024-07-13,EMP01398,CC0019,FI,1,Step Increment,82263.75,CAD,CA,2024-07-14 10:00:00,PAYROLL
EVT00084245,2024-07-07,EMP00743,CC0026,FI,4,Step Increment,124343.8,CAD,CAN,2024-07-08 02:00:00,CORE_HR
EVT00085407,2024-07-09,EMP01749,CC0076,CR,5,Leave Return,,CAD,CAN,2024-07-12 23:00:00,CORE_HR
EVT00084114,2024-07-22,EMP01977,CC0023,IT,2,Step Increment,90446.16,CAD,CAN,2024-07-22 21:00:00,CORE_HR
EVT00085306,2024-07-01,EMP04488,CC0031,CR,3,Step Increment,7442277.88,KES,KEN,2024-07-01 21:00:00,CORE_HR
EVT00085338,2024-07-14,EMP04566,CC0045,FI,3,Performance Pay,9949.09,CAD,CAN,2024-07-14 10:00:00,CORE_HR
EVT00085149,2024-07-26,EMP04640,CC0110,PA,5,Step Increment,107416.21,CAD,CA,2024-07-27 05:00:00,PAYROLL
EVT00084952,2024-07-06,EMP02063,CC0003,EX,1,Performance Pay,12830.45,CAD,CAN,2024-07-06 21:00:00,CORE_HR
EVT00084789,2024-07-27,EMP05040,CC0025,EN,1,Step Increment,76172.18,CAD,CA,2024-07-27 08:00:00,PAYROLL
EVT00084105,2024-07-08,EMP01316,CC0030,PA,4,Step Increment,7745410.74,JPY,JPN,2024-07-09 06:00:00,CORE_HR
EVT00083944,2024-07-05,EMP04556,CC0099,PA,3,Departure,,CAD,CAN,2024-07-05 17:00:00,CORE_HR
EVT00085673,2024-07-22,EMP04374,CC0095,FI,2,Performance Pay,12247.83,CAD,CAN,2024-07-22 19:00:00,CORE_HR
EVT00084430,2024-07-13,EMP02495,CC0049,FI,3,Performance Pay,8469.7,SGD,SG,2024-07-13 08:00:00,PAYROLL
EVT00085135,2024-07-03,EMP02641,CC0089,AS,1,Step Increment,66347.34,CAD,CA,2024-07-03 10:00:00,PAYROLL
EVT00084721,2024-07-21,EMP03949,CC0022,PA,3,Step Increment,64690.09,CAD,CAN,2024-07-21 20:00:00,CORE_HR
EVT00084844,2024-07-20,EMP04589,CC0007,AS,2,Leave Start,,USD,US,2024-07-21 06:00:00,PAYROLL
EVT00084476,2024-07-26,EMP00104,CC0087,FI,3,Step Increment,108031.87,CAD,CAN,2024-07-27 14:00:00,CORE_HR
EVT00084593,2024-07-17,EMP04416,CC0051,EC,2,Step Increment,99825.9,CAD,CA,2024-07-17 09:00:00,PAYROLL
EVT00084554,2024-07-07,EMP03340,CC0118,PA,4,Step Increment,86323.58,CAD,CAN,2024-07-09 00:00:00,CORE_HR
EVT00085751,2024-07-24,EMP03465,CC0052,FI,3,Promotion,111110.13,CAD,CA,2024-07-25 04:00:00,PAYROLL
EVT00085594,2024-07-04,EMP00950,CC0074,AS,2,Leave Return,,EUR,FRA,2024-07-05 04:00:00,CORE_HR
EVT00085753,2024-07-05,EMP02001,CC0006,CR,1,Lateral Deployment,,CAD,CA,2024-07-06 09:00:00,PAYROLL
EVT00085917,2024-07-13,EMP03071,CC0119,PA,5,Leave Return,,CAD,CA,2024-07-14 14:00:00,PAYROLL
EVT00084154,2024-07-11,EMP01947,CC0036,EX,1,Departure,,CAD,CAN,2024-07-11 11:00:00,CORE_HR
EVT00084564,2024-07-19,EMP00403,CC0114,CR,3,Promotion,74341.26,CAD,CA,2024-07-20 12:00:00,PAYROLL
EVT00084695,2024-07-26,EMP00848,CC0097,AS,2,Step Increment,73279.14,CAD,CAN,2024-07-27 01:00:00,CORE_HR
EVT00085805,2024-07-16,EMP00023,CC0075,FI,2,Leave Start,,CAD,CAN,2024-07-17 15:00:00,CORE_HR
EVT00085265,2024-07-24,EMP01204,CC0007,IT,3,Hire,7237552.01,INR,IND,2024-07-24 07:00:00,CORE_HR
EVT00084444,2024-07-03,EMP03523,CC0014,AS,1,Step Increment,62204.8,CAD,CA,2024-07-03 17:00:00,PAYROLL
EVT00085685,2024-07-27,EMP01135,CC0042,PA,4,Performance Pay,3852.22,CAD,CA,2024-07-27 13:00:00,PAYROLL
EVT00084765,2024-07-23,EMP01369,CC0015,PA,5,Step Increment,89641.73,CAD,CAN,2024-07-24 13:00:00,CORE_HR
EVT00085439,2024-07-16,EMP00251,CC0084,FI,4,Leave Start,,CAD,CA,2024-07-17 09:00:00,PAYROLL
EVT00085833,2024-07-22,EMP00216,CC0041,CR,1,Promotion,50737.54,CAD,CAN,2024-07-22 06:00:00,CORE_HR
EVT00085237,2024-07-13,EMP04936,CC0041,PA,2,Leave Start,,CAD,CAN,2024-07-14 09:00:00,CORE_HR
EVT00084849,2024-07-16,EMP03377,CC0049,PA,4,Performance Pay,4297.87,SGD,SGP,2024-07-16 08:00:00,CORE_HR
EVT00085180,2024-07-17,EMP00411,CC0100,EC,3,Performance Pay,5486.66,CAD,CAN,2024-07-17 23:00:00,CORE_HR
EVT00085344,2024-07-14,EMP01280,CC0072,EX,1,Hire,152124.18,CAD,CAN,2024-07-15 04:00:00,CORE_HR
EVT00084176,2024-07-02,EMP02071,CC0008,FI,1,Lateral Deployment,,CAD,CA,2024-07-03 09:00:00,PAYROLL
EVT00085019,2024-07-22,EMP02480,CC0038,FI,2,Lateral Deployment,,CAD,CAN,2024-07-22 15:00:00,CORE_HR
EVT00083961,2024-07-20,EMP03988,CC0030,AS,2,Step Increment,49285.04,EUR,DEU,2024-07-20 06:00:00,CORE_HR
EVT00085280,2024-07-25,EMP00041,CC0016,EX,2,Performance Pay,13936.11,CAD,CA,2024-07-25 08:00:00,PAYROLL
EVT00085167,2024-07-26,EMP00511,CC0036,EC,3,Performance Pay,7007.95,CAD,CA,2024-07-26 23:00:00,PAYROLL
EVT00084005,2024-07-05,EMP04330,CC0110,FI,2,Step Increment,85951.39,CAD,CAN,2024-07-06 04:00:00,CORE_HR
EVT00084962,2024-07-22,EMP03703,CC0117,FI,1,Leave Return,,CAD,CA,2024-07-23 11:00:00,PAYROLL
EVT00085809,2024-07-05,EMP00104,CC0087,FI,3,Hire,103302.42,CAD,CAN,2024-07-06 09:00:00,CORE_HR
EVT00084340,2024-07-14,EMP02617,CC0017,IT,2,Leave Start,,CAD,CA,2024-07-15 08:00:00,PAYROLL
EVT00084384,2024-07-20,EMP04509,CC0002,PA,3,Leave Start,,CAD,CAN,2024-07-20 09:00:00,CORE_HR
EVT00085343,2024-07-09,EMP00363,CC0069,AS,4,Step Increment,75495.41,CAD,CAN,2024-07-10 05:00:00,CORE_HR
EVT00084790,2024-07-04,EMP00125,CC0112,IT,1,Step Increment,78587.99,CAD,CAN,2024-07-05 04:00:00,CORE_HR
EVT00085651,2024-07-11,EMP04491,CC0116,CR,2,Performance Pay,6040.12,CAD,CA,2024-07-11 06:00:00,PAYROLL
EVT00085699,2024-07-10,EMP00273,CC0003,PA,1,Step Increment,60769.78,CAD,CA,2024-07-10 21:00:00,PAYROLL
EVT00084084,2024-07-03,EMP04075,CC0101,PA,3,Leave Return,,CAD,CAN,2024-07-03 10:00:00,CORE_HR
EVT00085183,2024-07-12,EMP00019,CC0058,IT,5,Lateral Deployment,,CAD,CAN,2024-07-12 14:00:00,CORE_HR
EVT00084910,2024-07-18,EMP00427,CC0010,CR,1,Step Increment,53075.73,CAD,CA,2024-07-19 03:00:00,PAYROLL
EVT00084897,2024-07-26,EMP02285,CC0109,CR,3,Step Increment,67251.64,CAD,CA,2024-07-26 16:00:00,PAYROLL
EVT00084686,2024-07-04,EMP03983,CC0116,FI,1,Promotion,61783.9,CAD,CA,2024-07-04 11:00:00,PAYROLL
EVT00085196,2024-07-26,EMP00684,CC0089,PA,3,Step Increment,88222.68,CAD,CAN,2024-07-27 12:00:00,CORE_HR
EVT00084375,2024-07-19,EMP00059,CC0084,CR,3,Step Increment,63688.73,CAD,CA,2024-07-20 14:00:00,PAYROLL
EVT00085520,2024-07-23,EMP04708,CC0058,PA,2,Performance Pay,5183.07,CAD,CAN,2024-07-23 11:00:00,CORE_HR
EVT00085837,2024-07-25,EMP04073,CC0071,AS,1,Step Increment,59837.95,CAD,CAN,2024-07-25 17:00:00,CORE_HR
EVT00084048,2024-07-15,EMP04891,CC0046,IT,2,Leave Return,,SGD,SG,2024-07-16 00:00:00,PAYROLL
EVT00084395,2024-07-09,EMP03049,CC0034,CR,3,Lateral Deployment,,CAD,CA,2024-07-09 23:00:00,PAYROLL
EVT00083985,2024-07-27,EMP02522,CC0013,CR,3,Promotion,70540.92,CAD,CAN,2024-07-27 11:00:00,CORE_HR
EVT00085567,2024-07-18,EMP00515,CC0098,PA,5,Leave Start,,CAD,CAN,2024-07-19 07:00:00,CORE_HR
EVT00085674,2024-07-15,EMP00416,CC0010,AS,3,Performance Pay,3401.36,CAD,CAN,2024-07-16 06:00:00,CORE_HR
EVT00085159,2024-07-23,EMP02273,CC0059,FI,5,Leave Start,,CAD,CA,2024-07-24 05:00:00,PAYROLL
EVT00084191,2024-07-21,EMP02407,CC0065,EC,4,Leave Return,,EUR,DEU,2024-07-21 14:00:00,CORE_HR
EVT00084519,2024-07-12,EMP04019,CC0116,EC,4,Leave Return,,CAD,CAN,2024-07-13 08:00:00,CORE_HR
EVT00084496,2024-07-10,EMP04191,CC0005,EN,4,Promotion,133131.44,CAD,CAN,2024-07-10 16:00:00,CORE_HR
EVT00085602,2024-07-05,EMP03541,CC0046,PA,4,Step Increment,8834400.08,JPY,JPN,2024-07-06 03:00:00,CORE_HR
EVT00085547,2024-07-22,EMP01750,CC0115,EX,1,Step Increment,116157.59,CAD,CAN,2024-07-22 23:00:00,CORE_HR
EVT00085849,2024-07-25,EMP02197,CC0018,PA,2,Lateral Deployment,,CAD,CAN,2024-07-25 09:00:00,CORE_HR
EVT00085010,2024-07-08,EMP00881,CC0002,PA,2,Departure,,CAD,CAN,2024-07-08 14:00:00,CORE_HR
EVT00083953,2024-07-19,EMP02390,CC0108,CR,2,Step Increment,40359.75,SGD,SG,2024-07-20 13:00:00,PAYROLL
EVT00084358,2024-07-21,EMP00871,CC0037,EC,5,Performance Pay,5596.08,CAD,CAN,2024-07-21 20:00:00,CORE_HR
EVT00084224,2024-07-09,EMP00113,CC0084,IT,2,Step Increment,98886.59,CAD,CA,2024-07-09 18:00:00,PAYROLL
EVT00084624,2024-07-23,EMP00728,CC0101,EX,2,Leave Start,,CAD,CAN,2024-07-24 09:00:00,CORE_HR
EVT00085075,2024-07-03,EMP03244,CC0053,EC,1,Performance Pay,10899.87,CAD,CAN,2024-07-04 01:00:00,CORE_HR
EVT00085153,2024-07-20,EMP02417,CC0008,EN,2,Leave Return,,CAD,CA,2024-07-20 10:00:00,PAYROLL
EVT00085653,2024-07-18,EMP04228,CC0005,EN,4,Step Increment,120149.52,CAD,CAN,2024-07-19 07:00:00,CORE_HR
EVT00084428,2024-07-19,EMP03942,CC0040,IT,4,Lateral Deployment,,CAD,CA,2024-07-19 18:00:00,PAYROLL
EVT00085266,2024-07-18,EMP01593,CC0089,IT,4,Step Increment,96734.38,CAD,CA,2024-07-18 23:00:00,PAYROLL
EVT00085467,2024-07-18,EMP02416,CC0059,FI,3,Step Increment,92184.3,CAD,CA,2024-07-19 01:00:00,PAYROLL
EVT00084792,2024-07-26,EMP00648,CC0115,EN,1,Step Increment,93810.02,CAD,CA,2024-07-26 17:00:00,PAYROLL
EVT00084257,2024-07-05,EMP04531,CC0052,EN,4,Lateral Deployment,,CAD,CA,2024-07-06 13:00:00,PAYROLL
EVT00085817,2024-07-09,EMP01377,CC0064,FI,2,Performance Pay,6754.66,CAD,CAN,2024-07-10 14:00:00,CORE_HR
EVT00084197,2024-07-04,EMP04502,CC0110,PA,2,Leave Return,,CAD,CAN,2024-07-05 13:00:00,CORE_HR
EVT00085583,2024-07-22,EMP02877,CC0029,EN,4,Step Increment,16544767.91,KES,KE,2024-07-23 00:00:00,PAYROLL
EVT00084641,2024-07-21,EMP02599,CC0087,PA,1,Step Increment,65842.28,CAD,CAN,2024-07-22 00:00:00,CORE_HR
EVT00085014,2024-07-25,EMP05029,CC0106,PA,1,Step Increment,61315.08,CAD,CA,2024-07-26 14:00:00,PAYROLL
EVT00085895,2024-07-05,EMP01471,CC0079,AS,1,Step Increment,63582.27,CAD,CAN,2024-07-06 07:00:00,CORE_HR
EVT00085197,2024-07-25,EMP01743,CC0032,IT,3,Performance Pay,10583.43,CAD,CAN,2024-07-25 20:00:00,CORE_HR
EVT00084898,2024-07-26,EMP03983,CC0116,FI,1,Step Increment,82107.67,CAD,CAN,2024-07-26 18:00:00,CORE_HR
EVT00085358,2024-07-16,EMP03305,CC0111,PA,5,Hire,10869336.79,JPY,JP,2024-07-16 08:00:00,PAYROLL
