event_id,event_date,employee_id,cost_center_id,classification_group,classification_level,event_type,amount_local,local_currency,work_country_code,ingest_ts,source_system
EVT00115992,2025-11-13,EMP01789,CC0107,EN,2,Step Increment,77496.86,CAD,CA,2025-11-14 04:00:00,PAYROLL
EVT00115761,2025-11-21,EMP03782,CC0048,EX,1,Step Increment,106257.08,CAD,CAN,2025-11-22 09:00:00,CORE_HR
EVT00117205,2025-11-06,EMP00343,CC0104,PA,3,Hire,92214.73,CAD,CAN,2025-11-06 18:00:00,CORE_HR
EVT00115751,2025-11-23,EMP01494,CC0025,IT,3,Leave Return,,CAD,CA,2025-11-25 06:00:00,PAYROLL
EVT00117114,2025-11-11,EMP02474,CC0110,IT,2,Leave Return,,CAD,CA,2025-11-11 06:00:00,PAYROLL
EVT00115785,2025-11-05,EMP04916,CC0025,EX,1,Departure,,CAD,CA,2025-11-05 17:00:00,PAYROLL
EVT00116330,2025-11-23,EMP01392,CC0029,PA,2,Step Increment,56736.13,EUR,DEU,2025-11-23 08:00:00,CORE_HR
EVT00116116,2025-11-23,EMP03159,CC0042,FI,2,Leave Start,,CAD,CA,2025-11-24 02:00:00,PAYROLL
EVT00116151,2025-11-14,EMP04966,CC0116,IT,2,Step Increment,118286.76,CAD,CAN,2025-11-14 08:00:00,CORE_HR
EVT00116674,2025-11-23,EMP00707,CC0020,EN,2,Departure,,CAD,CAN,2025-11-24 02:00:00,CORE_HR
EVT00115894,2025-11-09,EMP03029,CC0021,PA,1,Step Increment,70617.56,CAD,CAN,2025-11-09 11:00:00,CORE_HR
EVT00117331,2025-11-24,EMP01102,CC0036,CR,3,Leave Start,,CAD,CA,2025-11-25 00:00:00,PAYROLL
EVT00117637,2025-11-08,EMP00240,CC0115,EN,4,Lateral Deployment,,CAD,CAN,2025-11-08 15:00:00,CORE_HR
EVT00117358,2025-11-08,EMP02648,CC0070,CR,4,Step Increment,82084.15,CAD,CA,2025-11-08 20:00:00,PAYROLL
EVT00116834,2025-11-22,EMP02117,CC0080,EX,1,Leave Start,,EUR,DEU,2025-11-23 05:00:00,CORE_HR
EVT00117067,2025-11-21,EMP02838,CC0047,FI,4,Leave Start,,CAD,CAN,2025-11-21 10:00:00,CORE_HR
EVT00115806,2025-11-22,EMP02834,CC0080,CR,1,Step Increment,809495.38,MXN,MEX,2025-11-22 20:00:00,CORE_HR
EVT00117066,2025-11-07,EMP00880,CC0019,EX,2,Leave Start,,CAD,CAN,2025-11-07 06:00:00,CORE_HR
EVT00116314,2025-11-06,EMP04447,CC0081,EN,1,Lateral Deployment,,CAD,CAN,2025-11-07 09:00:00,CORE_HR
EVT00116852,2025-11-18,EMP00613,CC0029,AS,2,Promotion,52887.33,EUR,DEU,2025-11-19 01:00:00,CORE_HR
EVT00116094,2025-11-27,EMP02056,CC0071,EN,1,Departure,,CAD,CAN,2025-11-27 11:00:00,CORE_HR
EVT00117139,2025-11-03,EMP04208,CC0112,EX,1,Step Increment,159877.79,CAD,CAN,2025-11-04 09:00:00,CORE_HR
EVT00117092,2025-11-07,EMP01701,CC0004,AS,1,Leave Start,,CAD,CAN,2025-11-07 20:00:00,CORE_HR
EVT00116859,2025-11-10,EMP00099,CC0014,AS,2,Performance Pay,8499.46,CAD,CA,2025-11-10 12:00:00,PAYROLL
EVT00117144,2025-11-19,EMP00325,CC0043,IT,3,Leave Start,,CAD,CAN,2025-11-20 10:00:00,CORE_HR
EVT00116390,2025-11-06,EMP05102,CC0066,CR,4,Hire,74810.17,CAD,CA,2025-11-07 12:00:00,PAYROLL
EVT00116012,2025-11-09,EMP00468,CC0028,PA,2,Step Increment,65916.87,CAD,CA,2025-11-09 07:00:00,PAYROLL
EVT00117255,2025-11-07,EMP02515,CC0103,EN,1,Leave Start,,CAD,CA,2025-11-08 14:00:00,PAYROLL
EVT00116391,2025-11-24,EMP01705,CC0018,PA,3,Performance Pay,3809.34,CAD,CA,2025-11-24 07:00:00,PAYROLL
EVT00117063,2025-11-21,EMP03333,CC0097,EX,1,Step Increment,175834.22,CAD,CA,2025-11-21 10:00:00,PAYROLL
EVT00117159,2025-11-06,EMP00475,CC0081,EN,1,Lateral Deployment,,CAD,CAN,2025-11-06 21:00:00,CORE_HR
EVT00116638,2025-11-11,EMP01762,CC0037,EN,2,Performance Pay,11256.48,CAD,CA,2025-11-11 20:00:00,PAYROLL
EVT00117515,2025-11-06,EMP02735,CC0097,PA,4,Promotion,89403.05,CAD,CAN,2025-11-07 03:00:00,CORE_HR
EVT00116824,2025-11-23,EMP03405,CC0049,AS,4,Step Increment,183870.19,AED,ARE,2025-11-23 17:00:00,CORE_HR
EVT00115916,2025-11-18,EMP03125,CC0083,IT,2,Step Increment,126124.92,CAD,CAN,2025-11-18 13:00:00,CORE_HR
EVT00117471,2025-11-04,EMP02498,CC0108,CR,4,Lateral Deployment,,KES,KEN,2025-11-05 13:00:00,CORE_HR
EVT00117537,2025-11-20,EMP01388,CC0053,PA,3,Leave Start,,CAD,CA,2025-11-21 13:00:00,PAYROLL
EVT00116137,2025-11-02,EMP02739,CC0061,EX,1,Step Increment,145261.63,CAD,CAN,2025-11-03 04:00:00,CORE_HR
EVT00115944,2025-11-24,EMP02305,CC0068,EC,1,Step Increment,87345.33,CAD,CA,2025-11-25 09:00:00,PAYROLL
EVT00116103,2025-11-19,EMP03992,CC0011,CR,1,Step Increment,54691.88,CAD,CAN,2025-11-20 11:00:00,CORE_HR
EVT00116585,2025-11-16,EMP03781,CC0051,EN,2,Promotion,106731.41,CAD,CAN,2025-11-16 19:00:00,CORE_HR
EVT00117592,2025-11-19,EMP02586,CC0009,EN,2,Performance Pay,10114.02,USD,USA,2025-11-19 14:00:00,CORE_HR
EVT00116471,2025-11-25,EMP01261,CC0040,CR,4,Departure,,CAD,CA,2025-11-25 07:00:00,PAYROLL
EVT00117686,2025-11-10,EMP03529,CC0080,EC,5,Leave Start,,SGD,SGP,2025-11-11 02:00:00,CORE_HR
EVT00116944,2025-11-26,EMP00077,CC0043,AS,2,Departure,,CAD,CA,2025-11-27 03:00:00,PAYROLL
EVT00117064,2025-11-08,EMP04295,CC0070,EX,2,Departure,,CAD,CAN,2025-11-09 03:00:00,CORE_HR
EVT00116514,2025-11-24,EMP02391,CC0098,AS,4,Leave Start,,CAD,CAN,2025-11-25 04:00:00,CORE_HR
EVT00116970,2025-11-01,EMP04110,CC0076,PA,4,Step Increment,93110.31,CAD,CAN,2025-11-02 08:00:00,CORE_HR
EVT00116255,2025-11-22,EMP02431,CC0040,PA,1,Departure,,CAD,CAN,2025-11-23 10:00:00,CORE_HR
EVT00116166,2025-11-06,EMP04694,CC0064,CR,4,Performance Pay,4769.47,CAD,CA,2025-11-06 22:00:00,PAYROLL
EVT00117102,2025-11-14,EMP02567,CC0043,EX,2,Step Increment,122474.71,CAD,CAN,2025-11-15 06:00:00,CORE_HR
EVT00116067,2025-11-07,EMP01618,CC0101,IT,1,Leave Start,,CAD,CA,2025-11-08 15:00:00,PAYROLL
EVT00117276,2025-11-09,EMP04380,CC0048,EN,2,Step Increment,109004.3,CAD,CAN,2025-11-10 15:00:00,CORE_HR
EVT00116136,2025-11-05,EMP02656,CC0079,EN,1,Departure,,CAD,CAN,2025-11-05 07:00:00,CORE_HR
EVT00115880,2025-11-18,EMP03961,CC0055,EX,2,Performance Pay,10306.39,CAD,CAN,2025-11-19 06:00:00,CORE_HR
EVT00116062,2025-11-20,EMP02343,CC0069,IT,3,Leave Start,,CAD,CA,2025-11-20 17:00:00,PAYROLL
EVT00117005,2025-11-16,EMP03228,CC0061,IT,1,Leave Return,,CAD,CAN,2025-11-16 10:00:00,CORE_HR
EVT00116618,2025-11-15,EMP03162,CC0100,PA,3,Step Increment,91554.04,CAD,CA,2025-11-16 07:00:00,PAYROLL
EVT00116976,2025-11-15,EMP03516,CC0101,EC,2,Step Increment,94612.82,CAD,CA,2025-11-15 10:00:00,PAYROLL
EVT00117312,2025-11-08,EMP00323,CC0025,PA,5,Step Increment,111760.97,CAD,CA,2025-11-11 21:00:00,PAYROLL
EVT00117234,2025-11-15,EMP01488,CC0026,PA,1,Step Increment,56350.87,CAD,CAN,2025-11-16 01:00:00,CORE_HR
EVT00116213,2025-11-23,EMP04855,CC0039,AS,4,Leave Start,,CAD,CAN,2025-11-24 05:00:00,CORE_HR
EVT00116639,2025-11-18,EMP00154,CC0058,PA,4,Step Increment,88113.91,CAD,CAN,2025-11-19 10:00:00,CORE_HR
EVT00117555,2025-11-19,EMP03221,CC0073,EX,2,Performance Pay,23250.65,CAD,CAN,2025-11-19 09:00:00,CORE_HR
EVT00116418,2025-11-20,EMP01625,CC0040,PA,3,Step Increment,94929.74,CAD,CAN,2025-11-20 17:00:00,CORE_HR
EVT00116117,2025-11-24,EMP03843,CC0049,EX,1,Leave Start,,AUD,AUS,2025-11-24 16:00:00,CORE_HR
EVT00116497,2025-11-05,EMP00430,CC0048,AS,2,Step Increment,71539.69,CAD,CAN,2025-11-06 13:00:00,CORE_HR
EVT00115758,2025-11-15,EMP03949,CC0022,PA,3,Lateral Deployment,,CAD,CAN,2025-11-16 10:00:00,CORE_HR
EVT00116737,2025-11-03,EMP03389,CC0041,CR,3,Step Increment,66023.62,CAD,CA,2025-11-03 18:00:00,PAYROLL
EVT00116708,2025-11-16,EMP03418,CC0083,PA,2,Step Increment,75163.29,CAD,CA,2025-11-17 07:00:00,PAYROLL
EVT00117215,2025-11-03,EMP03159,CC0042,FI,2,Leave Return,,CAD,CAN,2025-11-04 04:00:00,CORE_HR
EVT00117352,2025-11-01,EMP01064,CC0026,FI,1,Lateral Deployment,,CAD,CAN,2025-11-02 15:00:00,CORE_HR
EVT00116935,1900-01-01,EMP01004,CC0016,CR,2,Performance Pay,3682.96,CAD,CA,2025-11-12 12:00:00,PAYROLL
EVT00116866,2025-11-13,EMP02721,CC0085,FI,1,Promotion,84008.74,CAD,CAN,2025-11-13 19:00:00,CORE_HR
EVT00116634,2025-11-16,EMP03026,CC0059,PA,4,Lateral Deployment,,CAD,CA,2025-11-17 05:00:00,PAYROLL
EVT00117555,2025-11-19,EMP03221,CC0073,EX,2,Performance Pay,23250.65,CAD,CAN,2025-11-20 05:00:00,CORE_HR
EVT00115936,2025-11-26,EMP01180,CC0063,EX,1,Promotion,157623.76,CAD,CAN,2025-11-26 12:00:00,CORE_HR
EVT00117677,2025-11-15,EMP01878,CC0074,CR,2,Step Increment,38723.55,SGD,SG,2025-11-15 06:00:00,PAYROLL
EVT00116448,2025-11-26,EMP03710,CC0078,FI,3,Performance Pay,8863.92,CAD,CAN,2025-11-27 00:00:00,CORE_HR
EVT00117654,2025-11-17,EMP02527,CC0107,IT,4,Performance Pay,8203.87,CAD,CAN,2025-11-18 05:00:00,CORE_HR
EVT00117528,2025-11-22,EMP01318,CC0101,PA,2,Promotion,72435.69,CAD,CAN,2025-11-23 11:00:00,CORE_HR
EVT00115848,2025-11-01,EMP05068,CC0065,IT,1,Lateral Deployment,,EUR,FRA,2025-11-01 14:00:00,CORE_HR
EVT00117027,2025-11-22,EMP05086,CC0119,EC,2,Performance Pay,8342.54,CAD,CAN,2025-11-24 23:00:00,CORE_HR
EVT00116267,2025-11-04,EMP05173,CC0101,EC,1,Lateral Deployment,,CAD,CA,2025-11-05 13:00:00,PAYROLL
EVT00116408,2025-11-20,EMP01590,CC0011,FI,1,Step Increment,58005.69,CAD,CA,2025-11-21 13:00:00,PAYROLL
EVT00116936,2025-11-16,EMP02455,CC0119,CR,1,Performance Pay,2893.54,CAD,CAN,2025-11-17 04:00:00,CORE_HR
EVT00116108,2025-11-06,EMP02765,CC0076,AS,4,Lateral Deployment,,CAD,CAN,2025-11-07 10:00:00,CORE_HR
EVT00115949,2025-11-18,EMP03709,CC0025,IT,1,Performance Pay,6679.72,CAD,CA,2025-11-19 05:00:00,PAYROLL
EVT00116971,2025-11-22,EMP03600,CC0049,AS,2,Step Increment,1007235.67,MXN,MEX,2025-11-24 09:00:00,CORE_HR
EVT00116148,2025-11-21,EMP03242,CC0072,EN,3,Step Increment,120720.54,CAD,CAN,2025-11-22 03:00:00,CORE_HR
EVT00116905,2025-11-16,EMP01495,CC0055,IT,1,Lateral Deployment,,CAD,CAN,2025-11-17 03:00:00,CORE_HR
EVT00115942,2025-11-11,EMP01095,CC0017,PA,1,Leave Start,,CAD,CAN,2025-11-11 23:00:00,CORE_HR
EVT00116631,2025-11-22,EMP00244,CC0031,PA,3,Performance Pay,22767.54,AED,ARE,2025-11-23 11:00:00,CORE_HR
EVT00117398,2025-11-15,EMP01615,CC0056,FI,2,Step Increment,91286.41,CAD,CAN,2025-11-15 22:00:00,CORE_HR
EVT00116372,2025-11-21,EMP01721,CC0070,PA,1,Lateral Deployment,,CAD,CA,2025-11-21 23:00:00,PAYROLL
EVT00116884,2025-11-23,EMP00674,CC0026,EC,5,Performance Pay,9528.07,CAD,CAN,2025-11-24 00:00:00,CORE_HR
EVT00117696,2025-11-12,EMP04276,CC0018,AS,2,Lateral Deployment,,CAD,CAN,2025-11-12 16:00:00,CORE_HR
EVT00116435,2025-11-19,EMP02170,CC0082,EX,2,Hire,137558.24,CAD,CAN,2025-11-19 14:00:00,CORE_HR
EVT00116823,2025-11-08,EMP01217,CC0005,IT,2,Performance Pay,13445.22,CAD,CA,2025-11-09 12:00:00,PAYROLL
EVT00116781,2025-11-10,EMP03230,CC0105,EX,1,Performance Pay,17220.39,USD,USA,2025-11-11 12:00:00,CORE_HR
EVT00117367,2025-11-20,EMP01141,CC0055,EN,4,Step Increment,138544.93,CAD,CA,2025-11-21 14:00:00,PAYROLL
EVT00116530,2025-11-07,EMP03662,CC0058,CR,1,Step Increment,54137.34,CAD,CAN,2025-11-08 10:00:00,CORE_HR
EVT00115967,2025-11-05,EMP03997,CC0050,IT,3,Promotion,123694.06,CAD,CAN,2025-11-06 12:00:00,CORE_HR
EVT00117230,2025-11-24,EMP00700,CC0111,EN,3,Departure,,JPY,JPN,2025-11-26 04:00:00,CORE_HR
EVT00116559,2025-11-16,EMP02388,CC0052,PA,1,Leave Start,,CAD,CA,2025-11-17 08:00:00,PAYROLL
EVT00115839,2025-11-16,EMP03430,CC0114,FI,2,Leave Start,,CAD,CAN,2025-11-17 11:00:00,CORE_HR
EVT00117502,2025-11-24,EMP03558,CC0109,AS,3,Step Increment,84569.52,CAD,CAN,2025-11-25 10:00:00,CORE_HR
EVT00116032,2025-11-16,EMP02709,CC0068,CR,3,Step Increment,65202.13,CAD,CAN,2025-11-16 14:00:00,CORE_HR
EVT00116384,2025-11-08,EMP03350,CC0053,PA,5,Step Increment,107489.96,CAD,CA,2025-11-09 14:00:00,PAYROLL
EVT00116525,2025-11-08,EMP01624,CC0110,FI,2,Step Increment,91676.81,CAD,CAN,2025-11-09 14:00:00,CORE_HR
EVT00115892,2025-11-12,EMP04162,CC0062,IT,4,Hire,124781.04,CAD,CA,2025-11-13 15:00:00,PAYROLL
EVT00116504,2025-11-07,EMP03020,CC0110,EN,1,Step Increment,90712.49,CAD,CAN,2025-11-07 23:00:00,CORE_HR
EVT00115888,2025-11-13,EMP03977,CC0103,FI,3,Step Increment,100762.72,CAD,CAN,2025-11-13 08:00:00,CORE_HR
EVT00117559,2025-11-21,EMP01242,CC0114,EC,1,Promotion,88014.89,CAD,CAN,2025-11-21 17:00:00,CORE_HR
EVT00117649,2025-11-21,EMP03308,CC0081,PA,5,Lateral Deployment,,CAD,CAN,2025-11-21 08:00:00,CORE_HR
EVT00116820,2025-11-13,EMP04973,CC0085,AS,4,Departure,,CAD,CAN,2025-11-14 10:00:00,CORE_HR
EVT00116317,2025-11-21,EMP00689,CC0023,PA,2,Step Increment,71071.56,CAD,CA,2025-11-21 15:00:00,PAYROLL
EVT00116320,2025-11-13,EMP03334,CC0087,AS,2,Departure,,CAD,CAN,2025-11-13 21:00:00,CORE_HR
EVT00115966,2025-11-05,EMP01187,CC0002,AS,3,Promotion,62232.22,CAD,CA,2025-11-06 05:00:00,PAYROLL
EVT00117126,2025-11-19,EMP04491,CC0116,CR,2,Performance Pay,3863.96,CAD,CAN,2025-11-20 04:00:00,CORE_HR
EVT00115970,2025-11-07,EMP02001,CC0006,CR,1,Leave Start,,CAD,CA,2025-11-07 23:00:00,PAYROLL
EVT00117390,2025-11-12,EMP03490,CC0026,FI,1,Lateral Deployment,,CAD,CAN,2025-11-15 09:00:00,CORE_HR
EVT00116541,2025-11-27,EMP00955,CC0057,EC,1,Step Increment,84550.43,CAD,CA,2025-11-27 16:00:00,PAYROLL
EVT00117028,2025-11-18,EMP04735,CC0079,IT,2,Leave Start,,CAD,CAN,2025-11-19 09:00:00,CORE_HR
EVT00116296,2025-11-27,EMP02391,CC0098,AS,4,Leave Start,,CAD,CAN,2025-11-28 03:00:00,CORE_HR
EVT00115993,2025-11-23,EMP01707,CC0014,PA,1,Leave Return,,CAD,CA,2025-11-24 03:00:00,PAYROLL
EVT00117179,2025-11-10,EMP01093,CC0086,IT,3,Departure,,MXN,MX,2025-11-11 14:00:00,PAYROLL
EVT00115849,2025-11-21,EMP03832,CC0045,PA,1,Performance Pay,3717.95,CAD,CAN,2025-11-21 06:00:00,CORE_HR
EVT00115850,2025-11-08,EMP03449,CC0111,FI,2,Hire,8470166.48,JPY,JPN,2025-11-08 15:00:00,CORE_HR
EVT00116851,2025-11-01,EMP00332,CC0045,PA,2,Step Increment,82793.93,CAD,CAN,2025-11-01 14:00:00,CORE_HR
EVT00116650,2025-11-09,EMP03480,CC0065,FI,3,Performance Pay,5383.33,USD,USA,2025-11-09 09:00:00,CORE_HR
EVT00117142,2025-11-22,EMP00262,CC0018,FI,5,Step Increment,118235.61,CAD,CAN,2025-11-22 15:00:00,CORE_HR
EVT00116187,2025-11-03,EMP04026,CC0116,CR,1,Step Increment,55688.25,CAD,CA,2025-11-03 19:00:00,PAYROLL
EVT00116483,2025-11-08,EMP00287,CC0120,PA,3,Step Increment,107684.84,CAD,CAN,2025-11-09 02:00:00,CORE_HR
EVT00116767,2025-11-14,EMP05182,CC0049,AS,4,Step Increment,8348743.67,JPY,JPN,2025-11-15 04:00:00,CORE_HR
EVT00116994,2025-11-24,EMP00073,CC0041,IT,3,Lateral Deployment,,CAD,CAN,2025-11-24 12:00:00,CORE_HR
EVT00116571,2025-11-07,EMP04499,CC0103,AS,1,Hire,51423.09,CAD,CAN,2025-11-10 02:00:00,CORE_HR
EVT00116840,2025-11-15,EMP00063,CC0075,EN,1,Departure,,CAD,CAN,2025-11-16 01:00:00,CORE_HR
EVT00117426,2025-11-12,EMP04296,CC0076,IT,1,Lateral Deployment,,CAD,CAN,2025-11-13 07:00:00,CORE_HR
EVT00116415,2025-11-08,EMP05077,CC0112,EC,2,Leave Return,,CAD,CA,2025-11-09 09:00:00,PAYROLL
EVT00117310,2025-11-11,EMP03105,CC0002,PA,1,Step Increment,66032.68,CAD,CA,2025-11-11 14:00:00,PAYROLL
EVT00117354,2025-11-15,EMP02241,CC0104,AS,2,Performance Pay,7186.53,CAD,CAN,2025-11-16 04:00:00,CORE_HR
EVT00116036,2025-11-16,EMP01055,CC0115,AS,3,Hire,70059.65,CAD,CA,2025-11-16 18:00:00,PAYROLL
EVT00117059,2025-11-07,EMP00788,CC0027,AS,5,Hire,119423.41,CAD,CA,2025-11-08 13:00:00,PAYROLL
EVT00116886,2025-11-07,EMP04314,CC0019,EN,1,Leave Return,,CAD,CA,2025-11-08 09:00:00,PAYROLL
EVT00116090,2025-11-22,EMP02856,CC0079,EN,4,Step Increment,129448.02,CAD,CAN,2025-11-22 16:00:00,CORE_HR
EVT00116204,2025-11-18,EMP00689,CC0023,PA,2,Step Increment,73584.17,CAD,CAN,2025-11-19 13:00:00,CORE_HR
EVT00117673,2025-11-04,EMP02923,CC0098,CR,2,Departure,,CAD,CAN,2025-11-04 19:00:00,CORE_HR
EVT00116179,2025-11-04,EMP04749,CC0025,FI,2,Step Increment,87696.57,CAD,CA,2025-11-04 22:00:00,PAYROLL
EVT00116818,2025-11-23,EMP03182,CC0120,PA,2,Step Increment,84755.44,CAD,CAN,2025-11-24 04:00:00,CORE_HR
EVT00117327,2025-11-22,EMP00484,CC0027,IT,2,Lateral Deployment,,CAD,CA,2025-11-23 04:00:00,PAYROLL
EVT00115768,2025-11-26,EMP00077,CC0043,AS,2,Departure,,CAD,CA,2025-11-26 07:00:00,PAYROLL
EVT00116860,2025-11-23,EMP05177,CC0087,CR,4,Step Increment,78703.61,CAD,CAN,2025-11-23 06:00:00,CORE_HR
EVT00116710,2025-11-25,EMP01311,CC0024,AS,2,Leave Return,,CAD,CAN,2025-11-26 12:00:00,CORE_HR
EVT00116693,2025-11-22,EMP01319,CC0109,EX,1,Leave Return,,CAD,CA,2025-11-23 12:00:00,PAYROLL
EVT00115923,2025-11-02,EMP01801,CC0010,PA,3,Step Increment,85713.53,CAD,CA,2025-11-03 04:00:00,PAYROLL
EVT00116344,2025-11-27,EMP04077,CC0103,IT,3,Lateral Deployment,,CAD,CA,2025-11-27 13:00:00,PAYROLL
EVT00116451,2025-11-24,EMP02315,CC0060,EN,1,Promotion,88790.45,CAD,CA,2025-11-25 06:00:00,PAYROLL
EVT00116118,2025-11-27,EMP01081,CC0024,AS,2,Step Increment,67765.87,CAD,CAN,2025-11-28 11:00:00,CORE_HR
EVT00116439,2025-11-02,EMP02817,CC0018,IT,1,Promotion,83223.84,CAD,CA,2025-11-02 15:00:00,PAYROLL
EVT00117044,2025-11-11,EMP04174,CC0067,AS,2,Departure,,CAD,CAN,2025-11-11 08:00:00,CORE_HR
EVT00117379,2025-11-09,EMP02516,CC0016,EX,1,Lateral Deployment,,CAD,CAN,2025-11-10 04:00:00,CORE_HR
EVT00116683,2025-11-14,EMP04402,CC0025,EX,1,Performance Pay,10484.22,CAD,CAN,2025-11-14 13:00:00,CORE_HR
EVT00116701,2025-11-17,EMP00508,CC0014,PA,4,Promotion,90678.19,CAD,CA,2025-11-17 06:00:00,PAYROLL
EVT00117019,2025-11-06,EMP04669,CC0047,AS,1,Step Increment,62357.22,CAD,CA,2025-11-07 06:00:00,PAYROLL
EVT00116679,2025-11-26,EMP99999,CC0050,CR,3,Step Increment,70994.4,CAD,CA,2025-11-26 22:00:00,PAYROLL
EVT00117081,2025-11-24,EMP02582,CC0104,EC,1,Leave Start,,CAD,CAN,2025-11-24 11:00:00,CORE_HR
EVT00117572,2025-11-22,EMP02723,CC0022,AS,4,Step Increment,89078.63,CAD,CA,2025-11-22 12:00:00,PAYROLL
EVT00116325,2025-11-18,EMP00608,CC0052,PA,1,Leave Return,,CAD,CAN,2025-11-18 08:00:00,CORE_HR
EVT00117340,2025-11-10,EMP04040,CC0045,EX,2,Lateral Deployment,,CAD,CAN,2025-11-11 13:00:00,CORE_HR
EVT00117676,2025-11-27,EMP01778,CC0042,CR,2,Leave Start,,CAD,CA,2025-11-27 17:00:00,PAYROLL
EVT00117156,2025-11-04,EMP01390,CC0046,AS,4,Leave Start,,KES,KEN,2025-11-05 07:00:00,CORE_HR
EVT00116459,2025-11-02,EMP00045,CC0002,CR,2,Promotion,65647.88,CAD,CAN,2025-11-02 20:00:00,CORE_HR
EVT00117109,2025-11-01,EMP04406,CC0009,IT,2,Leave Return,,INR,IN,2025-11-01 21:00:00,PAYROLL
EVT00115887,2025-11-26,EMP01514,CC0012,IT,5,Step Increment,131582.76,CAD,CAN,2025-11-26 11:00:00,CORE_HR
EVT00116173,2025-11-11,EMP04756,CC0076,AS,5,Leave Start,,CAD,CA,2025-11-11 10:00:00,PAYROLL
EVT00116285,2025-11-23,EMP04995,CC0017,CR,2,Hire,64972.41,CAD,CAN,2025-11-24 04:00:00,CORE_HR
EVT00116787,2025-11-17,EMP01363,CC0015,IT,1,Step Increment,86302.25,CAD,CAN,2025-11-17 10:00:00,CORE_HR
EVT00116357,2025-11-22,EMP04579,CC0052,PA,3,Lateral Deployment,,CAD,CAN,2025-11-23 06:00:00,CORE_HR
EVT00116651,2025-11-24,EMP02276,CC0099,IT,2,Lateral Deployment,,CAD,CA,2025-11-24 12:00:00,PAYROLL
EVT00117662,2025-11-14,EMP04286,CC0028,IT,1,Performance Pay,5499.55,CAD,CAN,2025-11-14 14:00:00,CORE_HR
EVT00117226,2025-11-24,EMP01224,CC0023,AS,3,Lateral Deployment,,CAD,CA,2025-11-24 20:00:00,PAYROLL
EVT00116637,2025-11-04,EMP00404,CC0101,CR,2,Leave Start,,CAD,CA,2025-11-05 02:00:00,PAYROLL
EVT00116374,2025-11-17,EMP03138,CC0006,FI,2,Performance Pay,12474.42,CAD,CA,2025-11-19 05:00:00,PAYROLL
EVT00117405,2025-11-16,EMP01648,CC0029,EC,1,Performance Pay,18502.66,BRL,BRA,2025-11-17 08:00:00,CORE_HR
EVT00116206,2025-11-09,EMP04090,CC0011,PA,2,Step Increment,56673.66,CAD,CA,2025-11-10 03:00:00,PAYROLL
EVT00116126,2025-11-15,EMP05018,CC0028,PA,1,Leave Start,,CAD,CAN,2025-11-16 13:00:00,CORE_HR
EVT00116263,2025-11-24,EMP01226,CC0047,EC,4,Leave Start,,CAD,CA,2025-11-25 08:00:00,PAYROLL
EVT00116452,2025-11-16,EMP01078,CC0022,FI,4,Step Increment,104338.48,CAD,CA,2025-11-17 01:00:00,PAYROLL
EVT00116738,2025-11-23,EMP02371,CC0066,FI,3,Promotion,101653.63,CAD,CA,2025-11-24 08:00:00,PAYROLL
EVT00116426,2025-11-18,EMP04166,CC0042,FI,2,Leave Start,,CAD,CA,2025-11-19 10:00:00,PAYROLL
EVT00116053,2025-11-25,EMP03970,CC0098,PA,4,Departure,,CAD,CA,2025-11-26 03:00:00,PAYROLL
EVT00116879,2025-11-24,EMP04499,CC0103,AS,1,Hire,66146.88,CAD,CA,2025-11-24 22:00:00,PAYROLL
EVT00116723,2025-11-19,EMP01372,CC0052,IT,2,Leave Start,,CAD,CA,2025-11-20 05:00:00,PAYROLL
EVT00116430,2025-11-11,EMP02387,CC0022,AS,2,Promotion,75114.99,CAD,CAN,2025-11-11 11:00:00,CORE_HR
EVT00116956,2025-11-27,EMP04174,CC0067,AS,2,Lateral Deployment,,CAD,CAN,2025-11-27 10:00:00,CORE_HR
EVT00117374,2025-11-15,EMP04107,CC0095,IT,4,Step Increment,128766.4,CAD,CAN,2025-11-16 09:00:00,CORE_HR
EVT00117212,2025-11-27,EMP01105,CC0058,PA,1,Performance Pay,7374.14,CAD,CAN,2025-11-27 23:00:00,CORE_HR
EVT00117011,2025-11-03,EMP03743,CC0078,EC,1,Lateral Deployment,,CAD,CAN,2025-11-04 11:00:00,CORE_HR
EVT00116550,2025-11-14,EMP00148,CC0005,EC,3,Step Increment,79088.08,CAD,CAN,2025-11-15 05:00:00,CORE_HR
EVT00116005,2025-11-19,EMP00853,CC0086,IT,2,Lateral Deployment,,BRL,BR,2025-11-19 12:00:00,PAYROLL
EVT00116873,2025-11-20,EMP02057,CC0109,IT,3,Leave Start,,CAD,CA,2025-11-21 08:00:00,PAYROLL
EVT00116109,2025-11-16,EMP05119,CC0009,EN,3,Step Increment,12961091.83,KES,KEN,2025-11-17 06:00:00,CORE_HR
EVT00116167,2025-11-10,EMP01753,CC0100,PA,3,Step Increment,109221.77,CAD,CA,2025-11-10 06:00:00,PAYROLL
EVT00116209,2025-11-18,EMP03222,CC0058,PA,2,Step Increment,78978.68,CAD,CA,2025-11-18 07:00:00,PAYROLL
EVT00116610,2025-11-04,EMP01857,CC0108,IT,2,Lateral Deployment,,USD,US,2025-11-04 18:00:00,PAYROLL
EVT00116529,2025-11-20,EMP03430,CC0114,FI,2,Hire,97715.08,CAD,CAN,2025-11-21 12:00:00,CORE_HR
EVT00116240,2025-11-06,EMP03721,CC0110,AS,5,Lateral Deployment,,CAD,CAN,2025-11-06 13:00:00,CORE_HR
EVT00117207,2025-11-27,EMP01755,CC0047,PA,4,Hire,99077.65,CAD,CAN,2025-11-27 08:00:00,CORE_HR
EVT00115915,2025-11-16,EMP01085,CC0035,FI,4,Performance Pay,10210.73,CAD,CA,2025-11-17 13:00:00,PAYROLL
EVT00117074,2025-11-10,EMP02301,CC0117,AS,1,Step Increment,49209.67,CAD,CA,2025-11-10 07:00:00,PAYROLL
EVT00116043,2025-11-27,EMP04218,CC0072,IT,2,Lateral Deployment,,CAD,CAN,2025-11-27 09:00:00,CORE_HR
EVT00117557,2025-11-22,EMP02952,CC0002,FI,3,Departure,,CAD,CA,2025-11-23 10:00:00,PAYROLL
EVT00117581,2025-11-03,EMP01521,CC0007,IT,1,Leave Return,,USD,USA,2025-11-04 00:00:00,CORE_HR
EVT00117408,2025-11-04,EMP01223,CC0050,AS,1,Leave Return,,CAD,CAN,2025-11-05 05:00:00,CORE_HR
EVT00116586,2025-11-23,EMP00267,CC0067,PA,1,Leave Start,,CAD,CA,2025-11-24 08:00:00,PAYROLL
EVT00115854,2025-11-20,EMP03909,CC0057,EN,5,Step Increment,152820.84,CAD,CA,2025-11-20 20:00:00,PAYROLL
EVT00116258,2025-11-13,EMP04087,CC0061,CR,5,Lateral Deployment,,CAD,CAN,2025-11-14 15:00:00,CORE_HR
EVT00116286,2025-11-20,EMP02972,CC0002,EC,5,Step Increment,138340.05,CAD,CA,2025-11-20 08:00:00,PAYROLL
EVT00116779,2025-11-17,EMP04114,CC0079,EX,2,Lateral Deployment,,CAD,CAN,2025-11-18 10:00:00,CORE_HR
EVT00115795,2025-11-11,EMP04141,CC0006,PA,3,Lateral Deployment,,CAD,CA,2025-11-11 22:00:00,PAYROLL
EVT00116715,2025-11-09,EMP00106,CC0018,PA,1,Hire,63294.19,CAD,CAN,2025-11-10 06:00:00,CORE_HR
EVT00116583,2025-11-14,EMP02653,CC0018,PA,5,Hire,99108.03,CAD,CA,2025-11-17 23:00:00,PAYROLL
EVT00116877,2025-11-25,EMP05016,CC0060,CR,2,Leave Start,,CAD,CAN,2025-11-26 05:00:00,CORE_HR
EVT00117232,2025-11-15,EMP01727,CC0072,EN,1,Leave Return,,CAD,CA,2025-11-16 09:00:00,PAYROLL
EVT00117195,2025-11-16,EMP02276,CC0099,IT,2,Step Increment,106017.79,CAD,CAN,2025-11-16 12:00:00,CORE_HR
EVT00115971,2025-11-23,EMP01406,CC0073,PA,3,Leave Start,,CAD,CA,2025-11-24 15:00:00,PAYROLL
EVT00117093,2025-11-22,EMP01078,CC0022,FI,4,Promotion,107877.69,CAD,CAN,2025-11-23 00:00:00,CORE_HR
EVT00116270,2025-11-24,EMP02749,CC0053,PA,2,Step Increment,79775.18,CAD,CAN,2025-11-25 10:00:00,CORE_HR
EVT00116054,2025-11-05,EMP00266,CC0115,EN,1,Performance Pay,4313.87,CAD,CAN,2025-11-06 15:00:00,CORE_HR
EVT00117200,2025-11-27,EMP02797,CC0014,AS,1,Leave Start,,CAD,CA,2025-11-30 21:00:00,PAYROLL
EVT00116799,2025-11-26,EMP03488,CC0022,IT,5,Departure,,CAD,CAN,2025-11-26 19:00:00,CORE_HR
EVT00117304,2025-11-19,EMP02621,CC0118,AS,5,Step Increment,84637.68,CAD,CAN,2025-11-19 18:00:00,CORE_HR
EVT00117607,2025-11-18,EMP02700,CC0085,EC,1,Step Increment,81407.3,CAD,CAN,2025-11-18 14:00:00,CORE_HR
EVT00116422,2025-11-24,EMP02922,CC0062,AS,3,Lateral Deployment,,CAD,CA,2025-11-24 16:00:00,PAYROLL
EVT00115954,2025-11-24,EMP04686,CC0089,EC,5,Step Increment,140465.26,CAD,CAN,2025-11-25 15:00:00,CORE_HR
EVT00115788,2025-11-05,EMP02840,CC0092,FI,1,Lateral Deployment,,CAD,CAN,2025-11-06 11:00:00,CORE_HR
EVT00116902,2025-11-14,EMP04849,CC0058,AS,3,Step Increment,79505.09,CAD,CAN,2025-11-15 13:00:00,CORE_HR
EVT00116652,2025-11-13,EMP05160,CC0072,PA,2,Leave Start,,CAD,CAN,2025-11-14 01:00:00,CORE_HR
EVT00116091,2025-11-22,EMP01446,CC0115,PA,5,Step Increment,102675.78,XXX,CAN,2025-11-22 15:00:00,CORE_HR
EVT00117567,2025-11-01,EMP02058,CC0055,EX,1,Step Increment,146510.97,CAD,CA,2025-11-02 14:00:00,PAYROLL
EVT00116896,2025-11-27,EMP04598,CC0037,IT,2,Performance Pay,6029.46,CAD,CAN,2025-11-28 06:00:00,CORE_HR
EVT00117642,2025-11-27,EMP02310,CC0008,FI,2,Step Increment,92207.86,CAD,CA,2025-11-27 10:00:00,PAYROLL
EVT00116916,2025-11-19,EMP02188,CC0022,FI,3,Step Increment,103241.74,CAD,CA,2025-11-20 02:00:00,PAYROLL
EVT00116892,2025-11-04,EMP00807,CC0027,AS,1,Leave Start,,CAD,CAN,2025-11-04 06:00:00,CORE_HR
EVT00117387,2025-11-06,EMP01441,CC0071,IT,3,Performance Pay,8205.15,CAD,CAN,2025-11-07 09:00:00,CORE_HR
EVT00115740,2025-11-07,EMP04853,CC0117,PA,1,Step Increment,67019.57,CAD,CA,2025-11-07 14:00:00,PAYROLL
EVT00115873,2025-11-04,EMP03074,CC0075,PA,2,Performance Pay,5402.56,CAD,CAN,2025-11-05 02:00:00,CORE_HR
EVT00115896,2025-11-19,EMP03718,CC0048,PA,3,Step Increment,96287.69,CAD,CA,2025-11-19 07:00:00,PAYROLL
EVT00116801,2025-11-10,EMP01671,CC0064,PA,5,Lateral Deployment,,CAD,CA,2025-11-11 05:00:00,PAYROLL
EVT00116140,2025-11-21,EMP01454,CC0041,AS,2,Leave Start,,CAD,CA,2025-11-22 02:00:00,PAYROLL
EVT00117132,2025-11-27,EMP01897,CC0064,IT,2,Leave Return,,CAD,CAN,2025-11-27 14:00:00,CORE_HR
EVT00116785,2025-11-20,EMP02752,CC0036,PA,3,Step Increment,81252.12,CAD,CA,2025-11-21 11:00:00,PAYROLL
EVT00116282,2025-11-08,EMP01439,CC0063,PA,2,Leave Return,,CAD,CAN,2025-11-09 08:00:00,CORE_HR
EVT00115746,2025-11-25,EMP03790,CC0031,PA,4,Step Increment,81696.65,EUR,FRA,2025-11-25 09:00:00,CORE_HR
EVT00116000,2025-11-02,EMP03033,CC0057,IT,5,Step Increment,183270.08,CAD,CA,2025-11-03 09:00:00,PAYROLL
EVT00116133,2025-11-17,EMP01300,CC0091,EX,1,Leave Return,,CAD,CAN,2025-11-18 00:00:00,CORE_HR
EVT00115829,2025-11-18,EMP00999,CC0086,EC,3,Leave Return,,KES,KEN,2025-11-18 22:00:00,CORE_HR
EVT00116481,2025-11-07,EMP02294,CC0003,CR,2,Performance Pay,5249.38,CAD,CA,2025-11-08 06:00:00,PAYROLL
EVT00117470,2025-11-07,EMP02520,CC0107,IT,2,Step Increment,101423.93,CAD,CAN,2025-11-07 14:00:00,CORE_HR
EVT00115838,2025-11-02,EMP00184,CC0039,PA,1,Promotion,68260.51,CAD,CAN,2025-11-02 16:00:00,CORE_HR
EVT00117049,2025-11-16,EMP04132,CC0015,PA,2,Step Increment,78791.7,CAD,CA,2025-11-16 12:00:00,PAYROLL
EVT00117594,2025-11-10,EMP02335,CC0004,CR,3,Lateral Deployment,,CAD,CA,2025-11-10 10:00:00,PAYROLL
EVT00116743,2025-11-03,EMP04269,CC0020,CR,2,Step Increment,60174.8,CAD,CA,2025-11-04 08:00:00,PAYROLL
EVT00116583,2025-11-14,EMP02653,CC0018,PA,5,Hire,99108.03,CAD,CA,2025-11-15 00:00:00,PAYROLL
EVT00116981,2025-11-18,EMP03412,CC0052,IT,2,Step Increment,104721.11,CAD,CAN,2025-11-18 13:00:00,CORE_HR
EVT00116480,2025-11-19,EMP01729,CC0095,EN,4,Leave Start,,CAD,CAN,2025-11-20 07:00:00,CORE_HR
EVT00115756,2025-11-12,EMP03920,CC0074,EC,4,Leave Return,,INR,IND,2025-11-13 03:00:00,CORE_HR
EVT00116322,2025-11-03,EMP03263,CC0015,IT,1,Leave Start,,CAD,CAN,2025-11-03 19:00:00,CORE_HR
EVT00115913,2025-11-25,EMP04264,CC0106,EC,1,Promotion,77563.59,CAD,CA,2025-11-26 02:00:00,PAYROLL
EVT00117042,2025-11-16,EMP04112,CC0048,EN,1,Step Increment,87264.12,CAD,CAN,2025-11-16 23:00:00,CORE_HR
EVT00116865,2025-11-04,EMP00404,CC0101,CR,2,Step Increment,57058.29,CAD,CAN,2025-11-05 00:00:00,CORE_HR
EVT00116379,2025-11-16,EMP04553,CC0006,AS,2,Departure,,CAD,CAN,2025-11-16 10:00:00,CORE_HR
EVT00115891,2025-11-05,EMP03870,CC0049,AS,3,Leave Return,,USD,USA,2025-11-06 00:00:00,CORE_HR
EVT00117588,2025-11-25,EMP05081,CC0092,IT,2,Performance Pay,6867.05,CAD,CAN,2025-11-26 00:00:00,CORE_HR
EVT00116630,2025-11-06,EMP03837,CC0103,IT,5,Lateral Deployment,,CAD,CAN,2025-11-07 08:00:00,CORE_HR
EVT00117535,2025-11-08,EMP01138,CC0104,EC,2,Step Increment,87175.7,CAD,CAN,2025-11-09 05:00:00,CORE_HR
EVT00117685,2025-11-05,EMP05049,CC0010,FI,2,Leave Return,,CAD,CA,2025-11-05 17:00:00,PAYROLL
EVT00115853,2025-11-04,EMP04820,CC0068,IT,2,Leave Start,,CAD,CAN,2025-11-05 05:00:00,CORE_HR
EVT00115771,2025-11-12,EMP00425,CC0069,PA,1,Promotion,70696.66,CAD,CAN,2025-11-12 06:00:00,CORE_HR
EVT00117252,2025-11-01,EMP02732,CC0089,CR,4,Performance Pay,9733.93,CAD,CA,2025-11-02 06:00:00,PAYROLL
EVT00115985,2025-11-01,EMP02337,CC0115,AS,5,Hire,92382.79,CAD,CAN,2025-11-01 16:00:00,CORE_HR
EVT00117047,2025-11-10,EMP02176,CC0065,IT,1,Promotion,-332671.17,BRL,BRA,2025-11-11 13:00:00,CORE_HR
EVT00116398,2025-11-27,EMP01980,CC0003,EN,3,Leave Start,,CAD,CA,2025-11-27 10:00:00,PAYROLL
EVT00116518,2025-11-14,EMP02186,CC0044,EC,2,Leave Return,,CAD,CA,2025-11-15 04:00:00,PAYROLL
EVT00117030,2025-11-07,EMP03022,CC0120,IT,2,Step Increment,124912.47,CAD,CAN,2025-11-08 03:00:00,CORE_HR
EVT00117598,2025-11-09,EMP01116,CC0065,FI,3,Step Increment,48895.01,GBP,GBR,2025-11-10 15:00:00,CORE_HR
EVT00115927,2025-11-02,EMP03844,CC0058,IT,4,Step Increment,132186.55,CAD,CA,2025-11-03 14:00:00,PAYROLL
EVT00117290,2025-11-27,EMP00248,CC0032,EN,4,Step Increment,146446.1,CAD,CAN,2025-11-27 19:00:00,CORE_HR
EVT00117413,2025-11-27,EMP04333,CC0019,EC,2,Lateral Deployment,,CAD,CA,2025-11-27 07:00:00,PAYROLL
EVT00116328,2025-11-12,EMP01396,CC0045,AS,2,Performance Pay,5778.78,CAD,CA,2025-11-12 11:00:00,PAYROLL
EVT00117439,2025-11-08,EMP02942,CC0047,PA,3,Step Increment,96215.4,CAD,CAN,2025-11-09 01:00:00,CORE_HR
EVT00116554,2025-11-07,EMP00877,CC0058,EX,2,Departure,,CAD,CA,2025-11-07 06:00:00,PAYROLL
EVT00115865,2025-11-13,EMP00580,CC0112,PA,5,Leave Return,,CAD,CAN,2025-11-13 09:00:00,CORE_HR
EVT00115958,2025-11-21,EMP02629,CC0058,PA,4,Step Increment,93301.98,CAD,CA,2025-11-22 05:00:00,PAYROLL
EVT00117446,2025-11-15,EMP00193,CC0110,EN,2,Lateral Deployment,,CAD,CAN,2025-11-16 12:00:00,CORE_HR
EVT00116579,2025-11-04,EMP02897,CC0114,AS,1,Step Increment,49156.9,CAD,CAN,2025-11-05 04:00:00,CORE_HR
EVT00116546,2025-11-21,EMP03201,CC0113,CR,3,Performance Pay,8446.06,CAD,CAN,2025-11-22 14:00:00,CORE_HR
EVT00117278,2025-11-11,EMP04374,CC0095,FI,2,Step Increment,88403.42,CAD,CA,2025-11-11 08:00:00,PAYROLL
EVT00117433,2025-11-05,EMP04447,CC0081,EN,1,Step Increment,91695.01,CAD,CAN,2025-11-06 11:00:00,CORE_HR
EVT00115957,2025-11-06,EMP02018,CC0077,EC,2,Lateral Deployment,,CAD,CA,2025-11-07 06:00:00,PAYROLL
EVT00116453,2025-11-24,EMP03757,CC0070,FI,3,Step Increment,111519.94,CAD,CAN,2025-11-24 09:00:00,CORE_HR
EVT00117317,2025-11-22,EMP04877,CC0102,PA,2,Lateral Deployment,,CAD,CAN,2025-11-23 09:00:00,CORE_HR
EVT00117178,2025-11-02,EMP03283,CC0025,AS,4,Leave Start,,CAD,CAN,2025-11-03 02:00:00,CORE_HR
EVT00116974,2025-11-20,EMP04648,CC0084,FI,4,Performance Pay,13433.73,CAD,CA,2025-11-20 19:00:00,PAYROLL
EVT00117112,2025-11-15,EMP03771,CC0003,IT,4,Hire,132446.55,CAD,CAN,2025-11-15 10:00:00,CORE_HR
EVT00117355,2025-11-05,EMP00864,CC0068,IT,2,Leave Start,,CAD,CAN,2025-11-06 12:00:00,CORE_HR
EVT00117529,2025-11-11,EMP04035,CC0107,EC,2,Leave Return,,CAD,CA,2025-11-12 09:00:00,PAYROLL
EVT00116072,2025-11-27,EMP03818,CC0076,IT,1,Departure,,CAD,CA,2025-11-28 15:00:00,PAYROLL
EVT00116506,2025-11-21,EMP01253,CC0031,EC,1,Performance Pay,5339.34,USD,USA,2025-11-22 06:00:00,CORE_HR
EVT00117373,2025-11-05,EMP00138,CC0006,CR,1,Step Increment,53741.67,CAD,CA,2025-11-06 05:00:00,PAYROLL
EVT00116038,2025-11-25,EMP05160,CC0072,PA,2,Performance Pay,7823.1,CAD,CAN,2025-11-25 07:00:00,CORE_HR
EVT00116998,2025-11-12,EMP03302,CC0044,EN,2,Leave Start,,CAD,CAN,2025-11-13 09:00:00,CORE_HR
EVT00116556,2025-11-11,EMP00779,CC0104,EC,2,Promotion,81520.72,CAD,CAN,2025-11-12 13:00:00,CORE_HR
EVT00116042,2025-11-06,EMP05060,CC0090,PA,3,Step Increment,84667.54,CAD,CAN,2025-11-07 03:00:00,CORE_HR
EVT00116424,2025-11-23,EMP04395,CC0074,EC,1,Departure,,INR,IN,2025-11-23 06:00:00,PAYROLL
EVT00117524,2025-11-05,EMP04666,CC0107,PA,2,Step Increment,70702.98,CAD,CA,2025-11-06 04:00:00,PAYROLL
EVT00116298,2025-11-04,EMP02077,CC0068,PA,2,Step Increment,70367.79,CAD,CA,2025-11-04 15:00:00,PAYROLL
EVT00116815,2025-11-20,EMP00301,CC0013,PA,2,Performance Pay,5998.65,CAD,CAN,2025-11-21 06:00:00,CORE_HR
EVT00117083,2025-11-14,EMP04214,CC0099,PA,1,Lateral Deployment,,CAD,CAN,2025-11-15 01:00:00,CORE_HR
EVT00117530,2025-11-26,EMP01300,CC0091,EX,1,Departure,,CAD,CA,2025-11-27 12:00:00,PAYROLL
EVT00117383,2025-11-12,EMP01851,CC0120,EX,2,Step Increment,138352.86,CAD,CA,2025-11-12 08:00:00,PAYROLL
EVT00116180,2025-11-11,EMP03183,CC0055,CR,4,Step Increment,70412.86,CAD,CA,2025-11-11 21:00:00,PAYROLL
EVT00115755,2025-11-10,EMP04590,CC0101,PA,2,Step Increment,84499.92,CAD,CA,2025-11-11 15:00:00,PAYROLL
EVT00116294,2025-11-11,EMP05189,CC0018,EX,2,Leave Return,,CAD,CA,2025-11-11 20:00:00,PAYROLL
EVT00116595,2025-11-08,EMP02488,CC0009,PA,2,Promotion,62105.29,EUR,DEU,2025-11-10 11:00:00,CORE_HR
EVT00117690,2025-11-25,EMP05146,CC0015,CR,4,Leave Start,,CAD,CA,2025-11-28 13:00:00,PAYROLL
EVT00115861,2025-11-26,EMP03149,CC0113,PA,1,Promotion,70398.37,CAD,CA,2025-11-26 15:00:00,PAYROLL
EVT00116095,2025-11-21,EMP03172,CC0057,IT,1,Leave Return,,CAD,CA,2025-11-22 15:00:00,PAYROLL
EVT00116816,2025-11-22,EMP00326,CC0017,IT,3,Leave Return,,CAD,CAN,2025-11-22 22:00:00,CORE_HR
EVT00116749,2025-11-04,EMP03523,CC0014,AS,1,Step Increment,64261.36,CAD,CA,2025-11-05 06:00:00,PAYROLL
EVT00116996,2025-11-26,EMP02072,CC0090,PA,2,Lateral Deployment,,CAD,CAN,2025-11-27 01:00:00,CORE_HR
EVT00117587,2025-11-10,EMP01798,CC0002,EN,3,Step Increment,123311.4,CAD,CAN,2025-11-11 10:00:00,CORE_HR
EVT00117636,2025-11-12,EMP03126,CC0074,EX,1,Step Increment,1998155.44,MXN,MX,2025-11-12 11:00:00,PAYROLL
EVT00115874,2025-11-02,EMP00608,CC0052,PA,1,Leave Return,,CAD,CAN,2025-11-02 16:00:00,CORE_HR
EVT00117507,2025-11-21,EMP03379,CC0055,PA,1,Departure,,CAD,CA,2025-11-21 08:00:00,PAYROLL
EVT00116568,2025-11-04,EMP03653,CC0035,PA,1,Step Increment,60936.82,CAD,CAN,2025-11-05 02:00:00,CORE_HR
EVT00117268,2025-11-24,EMP02931,CC0003,EC,1,Step Increment,80495.87,CAD,CAN,2025-11-25 04:00:00,CORE_HR
EVT00117321,2025-11-25,EMP03765,CC0033,EX,2,Promotion,177035.97,CAD,CA,2025-11-25 15:00:00,PAYROLL
EVT00116718,2025-11-20,EMP01937,CC0044,PA,1,Lateral Deployment,,CAD,CAN,2025-11-20 16:00:00,CORE_HR
EVT00116014,2025-11-20,EMP05159,CC0115,IT,3,Lateral Deployment,,CAD,CAN,2025-11-21 09:00:00,CORE_HR
EVT00117209,2025-11-07,EMP00450,CC0103,IT,5,Step Increment,139113.24,CAD,CA,2025-11-07 11:00:00,PAYROLL
EVT00115875,2025-11-22,EMP03172,CC0057,IT,1,Step Increment,81564.44,CAD,CA,2025-11-22 18:00:00,PAYROLL
EVT00117628,2025-11-10,EMP01126,CC0090,IT,1,Step Increment,63892.34,CAD,CA,2025-11-10 21:00:00,PAYROLL
EVT00117517,2025-11-15,EMP01614,CC0107,EC,4,Performance Pay,12726.01,CAD,CAN,2025-11-15 17:00:00,CORE_HR
EVT00117151,2025-11-02,EMP04253,CC0016,PA,2,Leave Return,,CAD,CAN,2025-11-03 09:00:00,CORE_HR
EVT00115803,2025-11-04,EMP00774,CC0012,CR,5,Hire,89293.3,CAD,CAN,2025-11-05 06:00:00,CORE_HR
EVT00117449,2025-11-12,EMP02191,CC0074,EX,2,Step Increment,206018.4,AUD,AU,2025-11-13 00:00:00,PAYROLL
EVT00116958,2025-11-03,EMP04275,CC0093,CR,4,Leave Return,,CAD,CAN,2025-11-03 13:00:00,CORE_HR
EVT00116153,2025-11-14,EMP02596,CC0065,CR,1,Performance Pay,731180.77,KES,KE,2025-11-14 23:00:00,PAYROLL
EVT00116123,2025-11-01,EMP01187,CC0002,AS,3,Step Increment,84793.37,CAD,CAN,2025-11-01 13:00:00,CORE_HR
EVT00117203,2025-11-19,EMP00827,CC0115,EC,5,Step Increment,124621.46,CAD,CA,2025-11-19 08:00:00,PAYROLL
EVT00116392,2025-11-06,EMP05010,CC0098,AS,1,Departure,,CAD,CA,2025-11-06 13:00:00,PAYROLL
EVT00115791,2025-11-19,EMP03910,CC0071,EN,1,Leave Return,,CAD,CAN,2025-11-20 13:00:00,CORE_HR
EVT00116934,2025-11-03,EMP00318,CC0037,AS,5,Step Increment,98558.84,CAD,CA,2025-11-04 15:00:00,PAYROLL
EVT00116909,2025-11-19,EMP01672,CC0077,EN,1,Leave Return,,CAD,CAN,2025-11-19 23:00:00,CORE_HR
EVT00116821,2025-11-25,EMP04188,CC0026,IT,5,Leave Start,,CAD,CAN,2025-11-25 21:00:00,CORE_HR
EVT00116878,2025-11-22,EMP00565,CC0110,AS,5,Departure,,CAD,CAN,2025-11-23 03:00:00,CORE_HR
EVT00116252,2025-11-26,EMP02966,CC0053,AS,1,Step Increment,66504.81,CAD,CAN,2025-11-27 15:00:00,CORE_HR
EVT00117558,2025-11-10,EMP01889,CC0008,PA,5,Leave Start,,CAD,CAN,2025-11-11 04:00:00,CORE_HR
EVT00116659,2025-11-19,EMP02756,CC0057,EC,1,Step Increment,59278.34,CAD,CAN,2025-11-19 18:00:00,CORE_HR
EVT00116817,2025-11-05,EMP02706,CC0105,EC,2,Hire,342544.2,BRL,BRA,2025-11-05 10:00:00,CORE_HR
EVT00117073,2025-11-27,EMP03051,CC0094,EN,2,Leave Start,,CAD,CAN,2025-11-28 09:00:00,CORE_HR
EVT00116304,2025-11-26,EMP04991,CC0074,EC,5,Step Increment,15097841.56,KES,KEN,2025-11-27 08:00:00,CORE_HR
EVT00116458,2025-11-18,EMP03655,CC0105,FI,1,Departure,,MXN,MEX,2025-11-19 13:00:00,CORE_HR
EVT00117110,2025-11-16,EMP02629,CC0058,PA,4,Leave Return,,CAD,CAN,2025-11-16 22:00:00,CORE_HR
EVT00116018,2025-11-06,EMP03716,CC0024,EC,1,Promotion,84925.17,CAD,CA,2025-11-07 15:00:00,PAYROLL
EVT00117540,2025-11-18,EMP00295,CC0039,IT,2,Step Increment,96011.22,CAD,CA,2025-11-18 17:00:00,PAYROLL
EVT00117634,2025-11-08,EMP04909,CC0104,CR,3,Performance Pay,8229.4,CAD,CAN,2025-11-08 11:00:00,CORE_HR
EVT00117372,2025-11-19,EMP01056,CC0064,CR,3,Step Increment,86083.69,CAD,CA,2025-11-20 09:00:00,PAYROLL
EVT00117428,2025-11-07,EMP05137,CC0053,AS,1,Step Increment,63444.46,CAD,CAN,2025-11-08 13:00:00,CORE_HR
EVT00116189,2025-11-09,EMP02854,CC0081,EN,3,Performance Pay,13472.78,CAD,CAN,2025-11-10 13:00:00,CORE_HR
EVT00117121,2025-11-14,EMP03445,CC0046,PA,2,Step Increment,55031.53,SGD,SGP,2025-11-15 02:00:00,CORE_HR
EVT00117538,2025-11-05,EMP03128,CC0045,EX,1,Step Increment,180697.42,CAD,CAN,2025-11-05 07:00:00,CORE_HR
EVT00117604,2025-11-24,EMP02767,CC0102,IT,3,Leave Return,,CAD,CA,2025-11-24 22:00:00,PAYROLL
EVT00117326,2025-11-15,EMP01694,CC0081,EX,2,Leave Return,,CAD,CAN,2025-11-15 17:00:00,CORE_HR
EVT00116524,2025-11-16,EMP04745,CC0007,PA,2,Departure,,EUR,FRA,2025-11-17 03:00:00,CORE_HR
EVT00116105,2025-11-01,EMP04032,CC0011,FI,1,Step Increment,85387.11,CAD,CA,2025-11-02 15:00:00,PAYROLL
EVT00115909,2025-11-22,EMP01617,CC0029,EX,1,Performance Pay,13561.58,EUR,DE,2025-11-22 23:00:00,PAYROLL
EVT00116401,2025-11-27,EMP00019,CC0058,IT,5,Performance Pay,9493.38,CAD,CA,2025-11-28 11:00:00,PAYROLL
EVT00116092,2025-11-01,EMP01835,CC0082,CR,1,Performance Pay,3252.04,CAD,CAN,2025-11-02 05:00:00,CORE_HR
EVT00117670,2025-11-12,EMP00653,CC0006,AS,3,Promotion,64873.93,CAD,CA,2025-11-13 11:00:00,PAYROLL
EVT00116655,2025-11-09,EMP04137,CC0085,CR,4,Step Increment,73775.92,CAD,CAN,2025-11-10 13:00:00,CORE_HR
EVT00117621,2025-11-07,EMP01898,CC0028,CR,2,Leave Start,,XXX,CAN,2025-11-07 09:00:00,CORE_HR
EVT00115733,2025-11-16,EMP00177,CC0054,EX,1,Leave Return,,EUR,DE,2025-11-16 12:00:00,PAYROLL
EVT00116542,2025-11-10,EMP02826,CC0091,PA,4,Hire,104158.43,CAD,CAN,2025-11-11 15:00:00,CORE_HR
EVT00116522,2025-11-18,EMP03735,CC0060,PA,1,Step Increment,73011.16,CAD,CA,2025-11-19 03:00:00,PAYROLL
EVT00117675,2025-11-08,EMP00725,CC0089,EN,3,Step Increment,109029.86,CAD,CAN,2025-11-11 07:00:00,CORE_HR
EVT00116122,2025-11-15,EMP00047,CC0052,AS,4,Hire,88295.58,CAD,CA,2025-11-16 08:00:00,PAYROLL
EVT00116854,2025-11-27,EMP00610,CC0030,AS,1,Hire,225296.88,BRL,BR,2025-11-28 01:00:00,PAYROLL
EVT00115902,2025-11-15,EMP01287,CC0109,EC,2,Step Increment,81374.32,CAD,CAN,2025-11-16 15:00:00,CORE_HR
EVT00115872,2025-11-08,EMP03650,CC0052,PA,1,Leave Return,,CAD,CAN,2025-11-09 12:00:00,CORE_HR
EVT00116233,2025-11-10,EMP03258,CC0068,IT,1,Step Increment,91793.85,CAD,CAN,2025-11-10 08:00:00,CORE_HR
EVT00116313,2025-11-01,EMP01837,CC0108,PA,1,Step Increment,52638.02,EUR,FR,2025-11-02 08:00:00,PAYROLL
EVT00115929,2025-11-22,EMP00184,CC0039,PA,1,Lateral Deployment,,CAD,CAN,2025-11-23 11:00:00,CORE_HR
EVT00117170,2025-11-01,EMP01444,CC0003,PA,4,Leave Return,,CAD,CAN,2025-11-02 06:00:00,CORE_HR
EVT00116307,2025-11-24,EMP00777,CC0035,PA,4,Performance Pay,10935.82,CAD,CAN,2025-11-25 05:00:00,CORE_HR
EVT00116615,2025-11-22,EMP01832,CC0025,IT,3,Leave Return,,CAD,CAN,2025-11-22 08:00:00,CORE_HR
EVT00116159,2025-11-06,EMP03659,CC0046,EN,1,Step Increment,76119.24,USD,USA,2025-11-07 02:00:00,CORE_HR
EVT00117320,2025-11-02,EMP02946,CC0029,FI,3,Step Increment,85871.84,EUR,DEU,2025-11-02 18:00:00,CORE_HR
EVT00117561,2025-11-22,EMP02204,CC0075,IT,1,Promotion,75382.63,CAD,CAN,2025-11-23 04:00:00,CORE_HR
EVT00115907,2025-11-03,EMP04524,CC0010,EX,1,Performance Pay,20434.45,CAD,CAN,2025-11-03 16:00:00,CORE_HR
EVT00116995,2025-11-17,EMP03417,CC0094,AS,4,Leave Return,,CAD,CA,2025-11-18 06:00:00,PAYROLL
EVT00117411,2025-11-13,EMP00691,CC0101,PA,2,Step Increment,97955.63,CAD,CAN,2025-11-14 15:00:00,CORE_HR
EVT00117513,2025-11-23,EMP01060,CC0042,CR,2,Leave Return,,CAD,CAN,2025-11-24 13:00:00,CORE_HR
EVT00115951,2025-11-18,EMP00171,CC0070,PA,1,Departure,,CAD,CAN,2025-11-18 14:00:00,CORE_HR
EVT00117225,2025-11-13,EMP03080,CC0034,IT,1,Step Increment,93935.54,CAD,CA,2025-11-13 19:00:00,PAYROLL
EVT00116747,2025-11-09,EMP03037,CC0093,AS,1,Leave Start,,CAD,CA,2025-11-09 09:00:00,PAYROLL
EVT00117060,2025-11-27,EMP01490,CC0062,EN,2,Performance Pay,7515.52,CAD,CAN,2025-11-27 12:00:00,CORE_HR
EVT00116248,2025-11-15,EMP04410,CC0029,PA,1,Leave Start,,SGD,SG,2025-11-15 14:00:00,PAYROLL
EVT00117208,2025-11-01,EMP01130,CC0108,EC,2,Step Increment,1036769.84,MXN,MEX,2025-11-02 05:00:00,CORE_HR
EVT00115851,2025-11-09,EMP03531,CC0041,IT,3,Performance Pay,6000.44,CAD,CA,2025-11-09 06:00:00,PAYROLL
EVT00115832,2025-11-24,EMP03343,CC0075,CR,1,Performance Pay,6668.63,CAD,CA,2025-11-24 16:00:00,PAYROLL
EVT00116463,2025-11-13,EMP05160,CC0072,PA,2,Leave Return,,CAD,CAN,2025-11-14 15:00:00,CORE_HR
EVT00116301,2025-11-18,EMP02736,CC0070,PA,2,Lateral Deployment,,CAD,CA,2025-11-19 12:00:00,PAYROLL
EVT00117045,2025-11-02,EMP01095,CC0017,PA,1,Performance Pay,8273.37,CAD,CAN,2025-11-03 13:00:00,CORE_HR
EVT00117693,2025-11-17,EMP00015,CC0068,IT,4,Step Increment,144432.04,CAD,CAN,2025-11-17 20:00:00,CORE_HR
EVT00116827,2025-11-24,EMP04958,CC0094,IT,4,Leave Start,,CAD,CAN,2025-11-25 01:00:00,CORE_HR
EVT00117453,2025-11-09,EMP00650,CC0058,PA,5,Leave Start,,CAD,CAN,2025-11-09 09:00:00,CORE_HR
EVT00115812,2025-11-11,EMP00738,CC0061,EX,1,Performance Pay,10956.48,CAD,CAN,2025-11-12 02:00:00,CORE_HR
EVT00116490,2025-11-15,EMP04633,CC0046,FI,1,Leave Return,,INR,IN,2025-11-16 08:00:00,PAYROLL
EVT00117000,2025-11-10,EMP00556,CC0063,AS,1,Step Increment,67726.78,CAD,CAN,2025-11-10 17:00:00,CORE_HR
EVT00117080,2025-11-02,EMP00645,CC0076,FI,2,Step Increment,98312.35,CAD,CAN,2025-11-02 15:00:00,CORE_HR
EVT00116354,2025-11-09,EMP04252,CC0064,IT,4,Step Increment,139931.99,CAD,CAN,2025-11-10 15:00:00,CORE_HR
EVT00115889,2025-11-27,EMP03444,CC0072,EX,1,Step Increment,147102.39,CAD,CAN,2025-11-27 15:00:00,CORE_HR
EVT00116244,2025-11-20,EMP01659,CC0043,IT,2,Performance Pay,6373.71,CAD,CA,2025-11-20 11:00:00,PAYROLL
EVT00117593,2025-11-16,EMP02661,CC0062,AS,3,Leave Start,,CAD,CA,2025-11-17 09:00:00,PAYROLL
EVT00116932,2025-11-23,EMP02390,CC0108,CR,2,Leave Start,,GBP,GB,2025-11-24 04:00:00,PAYROLL
EVT00115947,2025-11-02,EMP00554,CC0021,CR,5,Lateral Deployment,,CAD,CAN,2025-11-03 03:00:00,CORE_HR
EVT00116177,2025-11-01,EMP02642,CC0028,FI,1,Leave Return,,CAD,CAN,2025-11-02 05:00:00,CORE_HR
EVT00117475,2025-11-08,EMP04010,CC0004,EX,1,Performance Pay,5914.91,CAD,CA,2025-11-09 08:00:00,PAYROLL
EVT00116917,2025-11-24,EMP03186,CC0106,CR,4,Lateral Deployment,,CAD,CA,2025-11-25 00:00:00,PAYROLL
EVT00117429,2025-11-18,EMP04405,CC0091,IT,4,Leave Return,,CAD,CAN,2025-11-18 10:00:00,CORE_HR
EVT00117542,2025-11-23,EMP04129,CC0055,PA,5,Leave Start,,CAD,CAN,2025-11-23 22:00:00,CORE_HR
EVT00117675,2025-11-08,EMP00725,CC0089,EN,3,Step Increment,109029.86,CAD,CAN,2025-11-09 10:00:00,CORE_HR
EVT00116309,2025-11-21,EMP02069,CC0104,FI,2,Leave Return,,CAD,CAN,2025-11-22 04:00:00,CORE_HR
EVT00117145,2025-11-05,EMP01073,CC0019,PA,2,Leave Return,,CAD,CAN,2025-11-05 20:00:00,CORE_HR
EVT00117539,2025-11-01,EMP04204,CC0006,IT,3,Step Increment,107529.45,CAD,CAN,2025-11-02 00:00:00,CORE_HR
EVT00117277,2025-11-21,EMP03146,CC0008,IT,1,Departure,,CAD,CA,2025-11-21 06:00:00,PAYROLL
EVT00117674,2025-11-18,EMP04473,CC0107,EN,1,Leave Return,,CAD,CAN,2025-11-18 15:00:00,CORE_HR
EVT00116494,2025-11-15,EMP02742,CC0112,FI,2,Performance Pay,9371.04,CAD,CA,2025-11-15 23:00:00,PAYROLL
EVT00116182,2025-11-25,EMP04140,CC0079,PA,3,Step Increment,81035.62,CAD,CA,2025-11-26 03:00:00,PAYROLL
EVT00117191,2025-11-19,EMP00287,CC0120,PA,3,Step Increment,96046.52,CAD,CAN,2025-11-20 03:00:00,CORE_HR
EVT00116553,2025-11-14,EMP00362,CC0093,AS,1,Lateral Deployment,,CAD,CA,2025-11-14 18:00:00,PAYROLL
EVT00116654,2025-11-12,EMP03030,CC0069,FI,3,Lateral Deployment,,CAD,CA,2025-11-13 10:00:00,PAYROLL
EVT00117153,2025-11-23,EMP01421,CC0058,AS,3,Step Increment,74230.73,CAD,CAN,2025-11-24 07:00:00,CORE_HR
EVT00116822,2025-11-03,EMP00752,CC0119,PA,5,Performance Pay,7236.52,CAD,CA,2025-11-04 06:00:00,PAYROLL
EVT00116421,2025-11-21,EMP00906,CC0024,FI,3,Performance Pay,11146.09,CAD,CAN,2025-11-21 13:00:00,CORE_HR
EVT00116442,2025-11-25,EMP02557,CC0026,EX,2,Step Increment,165649.97,CAD,CA,2025-11-26 03:00:00,PAYROLL
EVT00116942,2025-11-15,EMP03041,CC0109,PA,1,Step Increment,62439.36,CAD,CAN,2025-11-16 15:00:00,CORE_HR
EVT00117108,2025-11-05,EMP01179,CC0096,EN,1,Step Increment,88527.13,CAD,CA,2025-11-05 21:00:00,PAYROLL
EVT00116742,2025-11-04,EMP03797,CC0006,FI,2,Leave Return,,CAD,CAN,2025-11-04 16:00:00,CORE_HR
EVT00115976,2025-11-16,EMP01574,CC0020,PA,3,Performance Pay,6194.59,CAD,CAN,2025-11-17 06:00:00,CORE_HR
EVT00117486,2025-11-20,EMP02140,CC0053,FI,4,Leave Return,,CAD,CA,2025-11-21 01:00:00,PAYROLL
EVT00115770,2025-11-10,EMP00517,CC0064,IT,2,Performance Pay,11689.13,CAD,CA,2025-11-11 02:00:00,PAYROLL
EVT00117103,2025-11-04,EMP00383,CC0110,EX,1,Promotion,152760.45,CAD,CAN,2025-11-05 07:00:00,CORE_HR
EVT00116910,2025-11-15,EMP00826,CC0071,EX,1,Step Increment,109238.3,CAD,CA,2025-11-15 10:00:00,PAYROLL
EVT00116614,2025-11-20,EMP03898,CC0064,IT,4,Departure,,CAD,CAN,2025-11-21 05:00:00,CORE_HR
EVT00116174,2025-11-11,EMP00201,CC0110,EC,2,Leave Start,,CAD,CAN,2025-11-11 22:00:00,CORE_HR
EVT00117469,2025-11-09,EMP05045,CC0010,IT,1,Step Increment,82796.76,CAD,CAN,2025-11-09 22:00:00,CORE_HR
EVT00116710,2025-11-25,EMP01311,CC0024,AS,2,Leave Return,,CAD,CAN,2025-11-28 21:00:00,CORE_HR
EVT00116057,2025-11-08,EMP00103,CC0041,FI,5,Step Increment,116199.46,CAD,CAN,2025-11-08 08:00:00,CORE_HR
EVT00116688,2025-11-02,EMP04445,CC0098,AS,2,Step Increment,71288.79,CAD,CAN,2025-11-02 20:00:00,CORE_HR
EVT00117336,2025-11-19,EMP04971,CC0091,IT,3,Step Increment,106461.99,CAD,CAN,2025-11-19 14:00:00,CORE_HR
EVT00115789,2025-11-03,EMP04910,CC0105,IT,1,Performance Pay,10273.64,USD,US,2025-11-04 03:00:00,PAYROLL
EVT00116058,2025-11-01,EMP04493,CC0089,FI,1,Hire,75988.99,CAD,CA,2025-11-01 13:00:00,PAYROLL
EVT00116532,2025-11-08,EMP00207,CC0065,IT,5,Performance Pay,13696.79,EUR,DE,2025-11-08 15:00:00,PAYROLL
EVT00117155,2025-11-17,EMP03668,CC0010,EN,3,Performance Pay,9880.5,CAD,CAN,2025-11-17 21:00:00,CORE_HR
EVT00116414,2025-11-22,EMP04575,CC0050,IT,3,Hire,106737.34,CAD,CAN,2025-11-23 12:00:00,CORE_HR
EVT00117485,2025-11-12,EMP04179,CC0108,IT,3,Lateral Deployment,,INR,IND,2025-11-12 06:00:00,CORE_HR
EVT00116711,2025-11-15,EMP01917,CC0042,PA,1,Leave Start,,CAD,CA,2025-11-16 12:00:00,PAYROLL
EVT00116731,2025-11-16,EMP02140,CC0053,FI,4,Leave Start,,CAD,CAN,2025-11-16 22:00:00,CORE_HR
EVT00116920,2025-11-22,EMP04588,CC0072,EN,2,Step Increment,111451.03,CAD,CAN,2025-11-22 12:00:00,CORE_HR
EVT00116107,2025-11-18,EMP02431,CC0040,PA,1,Performance Pay,3780.83,CAD,CAN,2025-11-18 13:00:00,CORE_HR
EVT00117097,2025-11-11,EMP00907,CC0077,EN,2,Lateral Deployment,,CAD,CAN,2025-11-12 08:00:00,CORE_HR
EVT00116444,2025-11-20,EMP03497,CC0043,PA,3,Step Increment,82096.74,CAD,CA,2025-11-21 11:00:00,PAYROLL
EVT00116009,2025-11-16,EMP00458,CC0115,EN,1,Step Increment,84829.06,CAD,CAN,2025-11-17 08:00:00,CORE_HR
EVT00116657,2025-11-16,EMP03940,CC0081,CR,2,Leave Start,,CAD,CA,2025-11-16 23:00:00,PAYROLL
EVT00116947,2025-11-23,EMP03613,CC0090,AS,2,Departure,,CAD,CA,2025-11-24 12:00:00,PAYROLL
EVT00115895,2025-11-24,EMP04665,CC0023,PA,2,Leave Start,,CAD,CA,2025-11-25 02:00:00,PAYROLL
EVT00116602,2025-11-12,EMP00522,CC0037,IT,4,Step Increment,121656.01,CAD,CAN,2025-11-12 11:00:00,CORE_HR
EVT00116938,2025-11-19,EMP03960,CC0057,PA,5,Step Increment,83448.85,CAD,CAN,2025-11-20 04:00:00,CORE_HR
EVT00117672,2025-11-14,EMP03531,CC0041,IT,3,Departure,,CAD,CA,2025-11-15 11:00:00,PAYROLL
EVT00116589,2025-11-12,EMP01759,CC0028,PA,4,Performance Pay,8340.37,CAD,CAN,2025-11-13 12:00:00,CORE_HR
EVT00116470,2025-11-22,EMP00084,CC0070,EX,1,Leave Return,,CAD,CAN,2025-11-22 11:00:00,CORE_HR
EVT00117229,2025-11-26,EMP00373,CC0090,PA,4,Leave Start,,CAD,CAN,2025-11-26 12:00:00,CORE_HR
EVT00117014,2025-11-25,EMP04880,CC0109,EC,1,Hire,85479.78,CAD,CA,2025-11-25 09:00:00,PAYROLL
EVT00117171,2025-11-14,EMP04007,CC0027,IT,3,Leave Start,,CAD,CA,2025-11-15 04:00:00,PAYROLL
EVT00116333,2025-11-20,EMP04640,CC0110,PA,5,Performance Pay,4420.74,CAD,CAN,2025-11-20 16:00:00,CORE_HR
EVT00117665,2025-11-22,EMP02063,CC0003,EX,1,Promotion,138673.58,CAD,CAN,2025-11-23 14:00:00,CORE_HR
EVT00116940,2025-11-19,EMP04322,CC0026,EC,3,Step Increment,103627.03,CAD,CAN,2025-11-19 23:00:00,CORE_HR
EVT00116808,2025-11-02,EMP00895,CC0056,EC,1,Leave Return,,CAD,CAN,2025-11-02 22:00:00,CORE_HR
EVT00115948,2025-11-07,EMP02272,CC0005,CR,5,Step Increment,79014.69,CAD,CAN,2025-11-08 07:00:00,CORE_HR
EVT00115748,2025-11-27,EMP01411,CC0026,FI,2,Leave Return,,CAD,CAN,2025-11-27 17:00:00,CORE_HR
EVT00116076,2025-11-02,EMP01045,CC0078,PA,4,Performance Pay,11955.01,CAD,CA,2025-11-03 08:00:00,PAYROLL
EVT00117299,2025-11-12,EMP01631,CC0014,EN,2,Leave Return,,CAD,CAN,2025-11-12 21:00:00,CORE_HR
EVT00117657,2025-11-23,EMP04382,CC0119,IT,4,Leave Return,,CAD,CAN,2025-11-24 10:00:00,CORE_HR
EVT00116901,2025-11-19,EMP04935,CC0054,AS,1,Step Increment,47230.16,EUR,FRA,2025-11-20 04:00:00,CORE_HR
EVT00116147,2025-11-03,EMP04126,CC0003,PA,4,Lateral Deployment,,CAD,CAN,2025-11-04 06:00:00,CORE_HR
EVT00116850,2025-11-13,EMP03541,CC0046,PA,4,Step Increment,242643.19,AED,ARE,2025-11-14 15:00:00,CORE_HR
EVT00115831,2025-11-10,EMP04924,CC0105,EN,1,Lateral Deployment,,BRL,BR,2025-11-11 01:00:00,PAYROLL
EVT00117495,2025-11-01,EMP03577,CC0083,EN,1,Leave Return,,CAD,CAN,2025-11-02 13:00:00,CORE_HR
EVT00117565,2025-11-05,EMP00249,CC0012,EX,2,Leave Return,,CAD,CAN,2025-11-06 12:00:00,CORE_HR
EVT00115963,2025-11-08,EMP04275,CC0093,CR,4,Leave Return,,CAD,CAN,2025-11-09 04:00:00,CORE_HR
EVT00115813,2025-11-21,EMP01991,CC0102,PA,2,Performance Pay,4017.38,CAD,CAN,2025-11-21 10:00:00,CORE_HR
EVT00117586,2025-11-24,EMP04333,CC0019,EC,2,Lateral Deployment,,CAD,CAN,2025-11-25 10:00:00,CORE_HR
EVT00117096,2025-11-02,EMP00239,CC0097,PA,2,Lateral Deployment,,CAD,CAN,2025-11-02 20:00:00,CORE_HR
EVT00117498,2025-11-13,EMP03373,CC0044,IT,2,Leave Return,,CAD,CAN,2025-11-14 07:00:00,CORE_HR
EVT00116293,1900-01-01,EMP03764,CC0104,EN,1,Step Increment,94282.52,CAD,CA,2025-11-21 11:00:00,PAYROLL
EVT00117018,2025-11-12,EMP00590,CC0112,EC,5,Hire,127051.08,CAD,CAN,2025-11-12 22:00:00,CORE_HR
EVT00115830,2025-11-02,EMP00142,CC0078,FI,4,Performance Pay,6787.3,CAD,CA,2025-11-02 12:00:00,PAYROLL
EVT00116714,2025-11-14,EMP04334,CC0117,PA,2,Leave Start,,CAD,CA,2025-11-15 08:00:00,PAYROLL
EVT00115878,2025-11-26,EMP01292,CC0113,AS,3,Lateral Deployment,,CAD,CA,2025-11-27 05:00:00,PAYROLL
EVT00115958,2025-11-21,EMP02629,CC0058,PA,4,Step Increment,93301.98,CAD,CA,2025-11-24 00:00:00,PAYROLL
EVT00116373,2025-11-26,EMP01106,CC0003,IT,1,Step Increment,94908.28,CAD,CA,2025-11-27 04:00:00,PAYROLL
EVT00116933,2025-11-17,EMP02920,CC0006,AS,3,Step Increment,74841.84,CAD,CA,2025-11-18 10:00:00,PAYROLL
EVT00116762,2025-11-09,EMP02026,CC0094,EC,3,Step Increment,113273.72,CAD,CA,2025-11-09 09:00:00,PAYROLL
EVT00117691,2025-11-17,EMP04701,CC0055,CR,2,Step Increment,57584.01,CAD,CA,2025-11-18 14:00:00,PAYROLL
EVT00117450,2025-11-07,EMP00263,CC0014,EX,1,Lateral Deployment,,CAD,CAN,2025-11-07 20:00:00,CORE_HR
EVT00117457,2025-11-05,EMP03623,CC0094,PA,3,Leave Return,,CAD,CA,2025-11-06 10:00:00,PAYROLL
EVT00115879,2025-11-25,EMP04293,CC0014,CR,1,Step Increment,53633.95,CAD,CAN,2025-11-25 16:00:00,CORE_HR
EVT00115815,2025-11-27,EMP04361,CC0027,PA,1,Lateral Deployment,,CAD,CA,2025-11-28 09:00:00,PAYROLL
EVT00117619,2025-11-14,EMP03806,CC0016,IT,1,Performance Pay,9130.12,CAD,CA,2025-11-14 20:00:00,PAYROLL
EVT00116361,2025-11-04,EMP04413,CC0105,EX,3,Promotion,9702096.71,INR,IND,2025-11-04 13:00:00,CORE_HR
EVT00117172,2025-11-19,EMP02704,CC0074,IT,3,Lateral Deployment,,USD,USA,2025-11-19 07:00:00,CORE_HR
EVT00117596,2025-11-16,EMP02653,CC0018,PA,5,Step Increment,99539.68,CAD,CA,2025-11-17 08:00:00,PAYROLL
EVT00115919,2025-11-19,EMP01466,CC0105,IT,1,Step Increment,89243.31,EUR,DEU,2025-11-19 17:00:00,CORE_HR
EVT00117147,2025-11-27,EMP04861,CC0014,PA,4,Step Increment,103421.76,CAD,CA,2025-11-28 00:00:00,PAYROLL
EVT00116127,2025-11-22,EMP02132,CC0051,IT,3,Step Increment,115931.97,CAD,CA,2025-11-22 12:00:00,PAYROLL
EVT00116066,2025-11-27,EMP00679,CC0029,FI,1,Lateral Deployment,,KES,KEN,2025-11-27 07:00:00,CORE_HR
EVT00116667,2025-11-22,EMP03225,CC0093,IT,1,Step Increment,94107.62,CAD,CAN,2025-11-23 10:00:00,CORE_HR
EVT00116225,2025-11-27,EMP00070,CC0038,CR,2,Step Increment,64625.88,CAD,CAN,2025-11-28 08:00:00,CORE_HR
EVT00117322,2025-11-04,EMP00749,CC0073,PA,3,Performance Pay,6409.2,CAD,CAN,2025-11-04 22:00:00,CORE_HR
EVT00115776,2025-11-01,EMP03625,CC0062,IT,4,Step Increment,141942.5,CAD,CAN,2025-11-01 11:00:00,CORE_HR
EVT00117303,2025-11-21,EMP04324,CC0083,PA,4,Performance Pay,6349.86,CAD,CA,2025-11-21 12:00:00,PAYROLL
EVT00117440,2025-11-13,EMP05040,CC0025,EN,1,Hire,105782.75,CAD,CA,2025-11-14 05:00:00,PAYROLL
EVT00116044,2025-11-05,EMP02301,CC0117,AS,1,Promotion,56040.67,CAD,CAN,2025-11-06 00:00:00,CORE_HR
EVT00116128,2025-11-05,EMP03583,CC0011,FI,3,Step Increment,105405.66,CAD,CAN,2025-11-06 02:00:00,CORE_HR
EVT00115837,2025-11-03,EMP02941,CC0088,IT,3,Step Increment,87484.16,EUR,DE,2025-11-04 06:00:00,PAYROLL
EVT00116145,2025-11-19,EMP04231,CC0097,EN,2,Leave Return,,CAD,CA,2025-11-20 13:00:00,PAYROLL
EVT00116838,2025-11-22,EMP02403,CC0062,EC,1,Performance Pay,9685.85,CAD,CA,2025-11-23 05:00:00,PAYROLL
EVT00115890,2025-11-14,EMP03084,CC0072,AS,3,Performance Pay,5545.11,CAD,CA,2025-11-15 02:00:00,PAYROLL
EVT00117467,2025-11-21,EMP02270,CC0067,CR,3,Leave Start,,CAD,CA,2025-11-21 10:00:00,PAYROLL
EVT00117265,2025-11-13,EMP02286,CC0120,IT,4,Step Increment,132950.51,CAD,CAN,2025-11-14 02:00:00,CORE_HR
EVT00117124,2025-11-03,EMP05061,CC0112,PA,4,Leave Start,,CAD,CAN,2025-11-03 15:00:00,CORE_HR
EVT00116319,2025-11-16,EMP03400,CC0022,PA,3,Leave Start,,CAD,CAN,2025-11-17 15:00:00,CORE_HR
EVT00115962,2025-11-12,EMP02359,CC0038,EN,3,Departure,,CAD,CAN,2025-11-13 08:00:00,CORE_HR
EVT00117285,2025-11-01,EMP02731,CC0016,PA,2,Step Increment,73301.91,CAD,CA,2025-11-02 03:00:00,PAYROLL
EVT00116275,2025-11-21,EMP04180,CC0022,IT,5,Hire,153753.08,CAD,CAN,2025-11-21 20:00:00,CORE_HR
EVT00116003,2025-11-27,EMP02589,CC0093,AS,3,Performance Pay,7968.31,CAD,CAN,2025-11-28 05:00:00,CORE_HR
EVT00117385,2025-11-06,EMP00484,CC0027,IT,2,Hire,98380.04,CAD,CA,2025-11-07 08:00:00,PAYROLL
EVT00116232,2025-11-12,EMP01392,CC0029,PA,2,Lateral Deployment,,EUR,DEU,2025-11-12 21:00:00,CORE_HR
EVT00117240,2025-11-22,EMP01620,CC0079,EX,1,Departure,,CAD,CA,2025-11-23 15:00:00,PAYROLL
EVT00116190,2025-11-09,EMP03811,CC0043,AS,2,Step Increment,64770.66,CAD,CAN,2025-11-10 13:00:00,CORE_HR
EVT00116835,2025-11-21,EMP00497,CC0071,AS,1,Lateral Deployment,,CAD,CA,2025-11-22 10:00:00,PAYROLL
EVT00117206,2025-11-08,EMP01554,CC0047,CR,5,Leave Return,,CAD,CAN,2025-11-09 10:00:00,CORE_HR
EVT00116953,2025-11-18,EMP00626,CC0050,AS,2,Leave Return,,CAD,CAN,2025-11-19 05:00:00,CORE_HR
EVT00117437,2025-11-21,EMP04861,CC0014,PA,4,Step Increment,105913.48,CAD,CAN,2025-11-21 15:00:00,CORE_HR
EVT00116074,2025-11-18,EMP03737,CC0089,CR,1,Performance Pay,4242.75,CAD,CA,2025-11-19 04:00:00,PAYROLL
EVT00116505,2025-11-25,EMP02685,CC0022,PA,5,Step Increment,113728.23,CAD,CAN,2025-11-26 12:00:00,CORE_HR
EVT00116746,2025-11-17,EMP01436,CC0019,EX,1,Leave Return,,CAD,CAN,2025-11-17 19:00:00,CORE_HR
EVT00117213,2025-11-07,EMP02742,CC0112,FI,2,Promotion,84751.91,CAD,CAN,2025-11-07 15:00:00,CORE_HR
EVT00116078,2025-11-02,EMP03426,CC0020,EX,1,Departure,,CAD,CAN,2025-11-02 09:00:00,CORE_HR
EVT00115995,2025-11-05,EMP00129,CC0023,IT,2,Leave Start,,CAD,CAN,2025-11-06 07:00:00,CORE_HR
EVT00116939,2025-11-01,EMP03436,CC0062,PA,3,Performance Pay,10686.22,CAD,CAN,2025-11-01 06:00:00,CORE_HR
EVT00117149,2025-11-11,EMP02168,CC0001,AS,1,Step Increment,71812.03,CAD,CA,2025-11-12 09:00:00,PAYROLL
EVT00116045,2025-11-27,EMP04513,CC0053,PA,2,Promotion,65083.22,CAD,CAN,2025-11-29 14:00:00,CORE_HR
EVT00117547,2025-11-23,EMP02187,CC0038,IT,4,Performance Pay,9184.93,CAD,CAN,2025-11-23 19:00:00,CORE_HR
EVT00115744,2025-11-19,EMP04596,CC0057,FI,3,Lateral Deployment,,CAD,CAN,2025-11-20 05:00:00,CORE_HR
EVT00115917,2025-11-27,EMP02903,CC0023,PA,3,Leave Return,,CAD,CAN,2025-11-27 12:00:00,CORE_HR
EVT00117198,2025-11-04,EMP00996,CC0074,EC,3,Hire,84474.3,EUR,FR,2025-11-04 19:00:00,PAYROLL
EVT00117193,2025-11-27,EMP03360,CC0119,FI,1,Step Increment,71999.58,CAD,CAN,2025-11-27 17:00:00,CORE_HR
EVT00116624,2025-11-16,EMP00957,CC0042,CR,4,Step Increment,68756.43,CAD,CAN,2025-11-17 03:00:00,CORE_HR
EVT00115937,2025-11-26,EMP03684,CC0078,PA,2,Step Increment,76915.57,CAD,CA,2025-11-26 20:00:00,PAYROLL
EVT00115767,2025-11-26,EMP04705,CC0092,EN,3,Lateral Deployment,,CAD,CA,2025-11-27 01:00:00,PAYROLL
EVT00117258,2025-11-26,EMP04774,CC0097,IT,4,Leave Return,,CAD,CAN,2025-11-26 23:00:00,CORE_HR
EVT00116114,2025-11-27,EMP04541,CC0113,FI,2,Step Increment,89335.97,CAD,CA,2025-11-27 08:00:00,PAYROLL
EVT00117125,2025-11-07,EMP00714,CC0021,EC,3,Lateral Deployment,,CAD,CA,2025-11-08 09:00:00,PAYROLL
EVT00116829,2025-11-01,EMP01656,CC0011,IT,1,Step Increment,80862.49,CAD,CAN,2025-11-01 23:00:00,CORE_HR
EVT00117221,2025-11-07,EMP02995,CC0016,FI,3,Performance Pay,8775.02,CAD,CA,2025-11-07 13:00:00,PAYROLL
EVT00116407,2025-11-04,EMP05036,CC0082,IT,3,Leave Start,,CAD,CAN,2025-11-05 06:00:00,CORE_HR
EVT00115925,2025-11-07,EMP03739,CC0032,EN,3,Step Increment,115422.85,CAD,CAN,2025-11-07 19:00:00,CORE_HR
EVT00117694,2025-11-22,EMP01281,CC0086,EC,4,Leave Start,,BRL,BRA,2025-11-23 15:00:00,CORE_HR
EVT00117541,2025-11-26,EMP01491,CC0069,IT,2,Step Increment,96455.64,CAD,CAN,2025-11-26 17:00:00,CORE_HR
EVT00117566,2025-11-20,EMP02726,CC0041,PA,2,Leave Start,,CAD,CAN,2025-11-20 19:00:00,CORE_HR
EVT00117473,2025-11-20,EMP01544,CC0052,FI,1,Departure,,CAD,CAN,2025-11-21 14:00:00,CORE_HR
EVT00116552,2025-11-10,EMP00448,CC0004,CR,3,Leave Start,,CAD,CAN,2025-11-10 07:00:00,CORE_HR
EVT00117436,2025-11-07,EMP01140,CC0049,IT,1,Step Increment,77103.12,USD,USA,2025-11-08 12:00:00,CORE_HR
EVT00116027,2025-11-27,EMP00747,CC0105,PA,1,Leave Return,,INR,IND,2025-11-30 17:00:00,CORE_HR
EVT00116609,2025-11-27,EMP03965,CC0009,PA,1,Step Increment,36267.3,GBP,GB,2025-11-28 13:00:00,PAYROLL
EVT00116340,2025-11-12,EMP00341,CC0008,AS,5,Step Increment,85375.29,CAD,CA,2025-11-12 12:00:00,PAYROLL
EVT00116011,1900-01-01,EMP01948,CC0006,CR,4,Leave Return,,CAD,CAN,2025-11-12 20:00:00,CORE_HR
EVT00117695,2025-11-03,EMP00811,CC0058,EX,3,Leave Start,,CAD,CAN,2025-11-04 13:00:00,CORE_HR
EVT00115941,2025-11-12,EMP02386,CC0109,PA,5,Promotion,117654.84,CAD,CAN,2025-11-13 13:00:00,CORE_HR
EVT00116135,2025-11-18,EMP01183,CC0081,PA,2,Leave Return,,CAD,CAN,2025-11-18 09:00:00,CORE_HR
EVT00116603,2025-11-17,EMP04301,CC0045,AS,2,Lateral Deployment,,CAD,CAN,2025-11-18 00:00:00,CORE_HR
EVT00116961,2025-11-20,EMP03028,CC0005,PA,3,Step Increment,95443.16,CAD,CA,2025-11-20 19:00:00,PAYROLL
EVT00117174,2025-11-23,EMP05070,CC0055,CR,4,Lateral Deployment,,CAD,CAN,2025-11-24 13:00:00,CORE_HR
EVT00116871,2025-11-08,EMP01345,CC0021,IT,2,Leave Return,,CAD,CA,2025-11-09 04:00:00,PAYROLL
EVT00117281,2025-11-15,EMP02086,CC0058,PA,1,Leave Return,,CAD,CA,2025-11-15 15:00:00,PAYROLL
EVT00116990,2025-11-17,EMP03250,CC0059,EC,4,Step Increment,116173.68,CAD,CAN,2025-11-18 04:00:00,CORE_HR
EVT00116266,2025-11-01,EMP03672,CC0052,AS,2,Performance Pay,8567.74,CAD,CA,2025-11-01 10:00:00,PAYROLL
EVT00116569,2025-11-04,EMP02299,CC0049,PA,3,Departure,,USD,US,2025-11-04 06:00:00,PAYROLL
EVT00115782,2025-11-06,EMP03726,CC0026,CR,3,Departure,,CAD,CAN,2025-11-06 12:00:00,CORE_HR
EVT00117447,2025-11-23,EMP00365,CC0063,EX,1,Hire,149748.01,CAD,CAN,2025-11-23 11:00:00,CORE_HR
EVT00116604,2025-11-16,EMP01820,CC0086,EC,3,Promotion,83411.91,EUR,FRA,2025-11-17 04:00:00,CORE_HR
EVT00116035,2025-11-24,EMP03613,CC0090,AS,2,Leave Return,,CAD,CAN,2025-11-24 06:00:00,CORE_HR
EVT00116350,2025-11-16,EMP03646,CC0109,CR,3,Step Increment,72347.76,CAD,CA,2025-11-17 02:00:00,PAYROLL
EVT00115908,2025-11-18,EMP04987,CC0102,EN,3,Leave Start,,CAD,CAN,2025-11-18 13:00:00,CORE_HR
EVT00116203,2025-11-06,EMP04652,CC0044,PA,1,Leave Start,,CAD,CAN,2025-11-07 01:00:00,CORE_HR
EVT00116804,2025-11-25,EMP00005,CC0006,IT,4,Step Increment,167033.21,CAD,CAN,2025-11-25 15:00:00,CORE_HR
EVT00116249,2025-11-26,EMP00265,CC0085,EC,3,Step Increment,112940.92,CAD,CAN,2025-11-26 17:00:00,CORE_HR
EVT00116931,2025-11-17,EMP01650,CC0104,IT,1,Step Increment,65700.66,CAD,CA,2025-11-18 15:00:00,PAYROLL
EVT00115934,2025-11-23,EMP02777,CC0006,FI,4,Lateral Deployment,,CAD,CA,2025-11-24 07:00:00,PAYROLL
EVT00116600,2025-11-24,EMP01471,CC0079,AS,1,Leave Start,,CAD,CA,2025-11-24 09:00:00,PAYROLL
EVT00116894,2025-11-13,EMP00549,CC0093,IT,3,Performance Pay,5988.81,CAD,CA,2025-11-14 01:00:00,PAYROLL
EVT00117585,2025-11-14,EMP02273,CC0059,FI,5,Hire,151724.09,CAD,CAN,2025-11-14 16:00:00,CORE_HR
EVT00116662,2025-11-26,EMP02290,CC0099,AS,2,Leave Return,,CAD,CA,2025-11-27 07:00:00,PAYROLL
EVT00117041,2025-11-12,EMP00357,CC0008,EC,3,Hire,108994.12,CAD,CA,2025-11-12 11:00:00,PAYROLL
EVT00116381,2025-11-03,EMP01800,CC0006,PA,1,Step Increment,68818.67,CAD,CA,2025-11-03 10:00:00,PAYROLL
EVT00117522,2025-11-11,EMP03447,CC0026,EC,1,Performance Pay,5244.53,CAD,CAN,2025-11-14 07:00:00,CORE_HR
EVT00116292,2025-11-27,EMP01576,CC0101,FI,2,Leave Return,,CAD,CAN,2025-11-28 13:00:00,CORE_HR
EVT00116495,2025-11-06,EMP00715,CC0064,FI,1,Leave Start,,CAD,CAN,2025-11-10 00:00:00,CORE_HR
EVT00116397,2025-11-18,EMP01584,CC0085,PA,5,Hire,126966.89,CAD,CA,2025-11-19 13:00:00,PAYROLL
EVT00116635,2025-11-15,EMP02097,CC0063,IT,3,Lateral Deployment,,CAD,CA,2025-11-15 23:00:00,PAYROLL
EVT00116476,2025-11-22,EMP03270,CC0113,PA,1,Step Increment,72548.72,CAD,CA,2025-11-22 17:00:00,PAYROLL
EVT00117583,2025-11-23,EMP03707,CC0015,CR,3,Leave Start,,CAD,CA,2025-11-24 07:00:00,PAYROLL
EVT00117167,2025-11-20,EMP00489,CC0066,PA,1,Step Increment,64037.74,CAD,CA,2025-11-21 13:00:00,PAYROLL
EVT00117624,2025-11-18,EMP01378,CC0002,EN,3,Leave Start,,CAD,CA,2025-11-18 15:00:00,PAYROLL
EVT00116382,2025-11-13,EMP01112,CC0005,AS,2,Performance Pay,6405.57,CAD,CAN,2025-11-13 13:00:00,CORE_HR
EVT00116326,2025-11-07,EMP01572,CC0081,CR,1,Performance Pay,7725.43,CAD,CA,2025-11-08 10:00:00,PAYROLL
EVT00117614,2025-11-20,EMP04324,CC0083,PA,4,Step Increment,107095.07,CAD,CAN,2025-11-20 19:00:00,CORE_HR
EVT00117526,2025-11-27,EMP01625,CC0040,PA,3,Step Increment,68894.99,CAD,CA,2025-11-28 00:00:00,PAYROLL
EVT00116178,2025-11-20,EMP00596,CC0097,EN,2,Step Increment,99742.6,CAD,CAN,2025-11-20 07:00:00,CORE_HR
EVT00117365,2025-11-02,EMP01075,CC0094,PA,2,Step Increment,85169.08,CAD,CA,2025-11-02 20:00:00,PAYROLL
EVT00115810,2025-11-10,EMP00945,CC0030,EN,3,Departure,,SGD,SG,2025-11-10 21:00:00,PAYROLL
EVT00116592,2025-11-04,EMP03985,CC0019,CR,2,Lateral Deployment,,CAD,CAN,2025-11-04 16:00:00,CORE_HR
EVT00115928,2025-11-21,EMP04970,CC0008,CR,2,Leave Return,,CAD,CA,2025-11-21 07:00:00,PAYROLL
EVT00117166,2025-11-08,EMP03259,CC0004,CR,1,Leave Start,,CAD,CAN,2025-11-09 08:00:00,CORE_HR
EVT00116287,2025-11-04,EMP04967,CC0066,EN,4,Performance Pay,5824.01,CAD,CAN,2025-11-05 08:00:00,CORE_HR
EVT00116745,2025-11-16,EMP01833,CC0001,EC,2,Step Increment,96278.73,CAD,CA,2025-11-17 04:00:00,PAYROLL
EVT00115899,2025-11-27,EMP02466,CC0051,CR,3,Leave Start,,CAD,CAN,2025-11-28 09:00:00,CORE_HR
EVT00116795,2025-11-24,EMP04130,CC0058,EC,3,Performance Pay,8527.58,CAD,CA,2025-11-24 22:00:00,PAYROLL
EVT00116002,2025-11-10,EMP04007,CC0027,IT,3,Lateral Deployment,,CAD,CAN,2025-11-10 21:00:00,CORE_HR
EVT00116733,2025-11-18,EMP01056,CC0064,CR,3,Leave Return,,CAD,CA,2025-11-19 11:00:00,PAYROLL
EVT00116906,2025-11-12,EMP03578,CC0048,EC,3,Departure,,CAD,CAN,2025-11-12 15:00:00,CORE_HR
EVT00117204,2025-11-20,EMP03033,CC0057,IT,5,Step Increment,157877.26,CAD,CAN,2025-11-21 06:00:00,CORE_HR
EVT00116511,2025-11-14,EMP00836,CC0118,AS,1,Step Increment,65609.56,CAD,CAN,2025-11-15 01:00:00,CORE_HR
EVT00116083,2025-11-12,EMP04135,CC0029,EC,3,Lateral Deployment,,INR,IN,2025-11-12 09:00:00,PAYROLL
EVT00117165,2025-11-08,EMP02498,CC0108,CR,4,Performance Pay,6998.83,EUR,DEU,2025-11-09 05:00:00,CORE_HR
EVT00117296,2025-11-27,EMP01612,CC0107,PA,2,Leave Return,,CAD,CAN,2025-11-28 03:00:00,CORE_HR
EVT00117393,2025-11-13,EMP00084,CC0070,EX,1,Lateral Deployment,,CAD,CA,2025-11-14 15:00:00,PAYROLL
EVT00116396,2025-11-07,EMP02222,CC0020,EN,2,Lateral Deployment,,CAD,CAN,2025-11-08 13:00:00,CORE_HR
EVT00116465,2025-11-06,EMP04215,CC0024,EX,1,Step Increment,132988.75,CAD,CAN,2025-11-07 00:00:00,CORE_HR
EVT00116626,2025-11-14,EMP00810,CC0074,CR,1,Leave Start,,GBP,GBR,2025-11-14 13:00:00,CORE_HR
EVT00117667,2025-11-03,EMP05055,CC0086,CR,5,Step Increment,69534.97,EUR,FRA,2025-11-04 10:00:00,CORE_HR
EVT00117133,2025-11-10,EMP03683,CC0083,FI,2,Performance Pay,8504.77,CAD,CAN,2025-11-10 09:00:00,CORE_HR
EVT00116164,2025-11-14,EMP01227,CC0095,EX,1,Step Increment,157145.07,CAD,CA,2025-11-14 23:00:00,PAYROLL
EVT00116143,2025-11-12,EMP03126,CC0074,EX,1,Step Increment,14033291.34,JPY,JPN,2025-11-13 05:00:00,CORE_HR
EVT00116809,2025-11-20,EMP01465,CC0044,EC,3,Hire,103027.65,CAD,CAN,2025-11-20 08:00:00,CORE_HR
EVT00116717,2025-11-04,EMP01256,CC0008,FI,3,Leave Start,,CAD,CAN,2025-11-04 08:00:00,CORE_HR
EVT00116364,2025-11-22,EMP00424,CC0120,EX,1,Leave Return,,CAD,CA,2025-11-23 03:00:00,PAYROLL
EVT00117243,2025-11-22,EMP04569,CC0006,CR,3,Performance Pay,5631.32,CAD,CAN,2025-11-22 16:00:00,CORE_HR
EVT00116629,2025-11-06,EMP01865,CC0061,EX,3,Step Increment,206588.77,CAD,CAN,2025-11-06 20:00:00,CORE_HR
EVT00117329,2025-11-25,EMP04416,CC0051,EC,2,Hire,112377.84,CAD,CAN,2025-11-25 18:00:00,CORE_HR
EVT00117138,2025-11-19,EMP01694,CC0081,EX,2,Step Increment,215851.54,CAD,CA,2025-11-19 22:00:00,PAYROLL
EVT00117556,2025-11-03,EMP01481,CC0040,FI,2,Performance Pay,10747.81,CAD,CAN,2025-11-03 09:00:00,CORE_HR
EVT00117391,2025-11-02,EMP03494,CC0051,PA,3,Step Increment,96010.91,CAD,CA,2025-11-02 09:00:00,PAYROLL
EVT00117610,2025-11-24,EMP04835,CC0047,PA,1,Leave Return,,CAD,CA,2025-11-24 12:00:00,PAYROLL
EVT00117531,2025-11-01,EMP04419,CC0067,PA,2,Leave Return,,CAD,CAN,2025-11-01 07:00:00,CORE_HR
EVT00117623,2025-11-04,EMP01139,CC0069,PA,1,Step Increment,68835.14,CAD,CAN,2025-11-04 17:00:00,CORE_HR
EVT00117348,2025-11-21,EMP02371,CC0066,FI,3,Step Increment,94569.65,CAD,CAN,2025-11-21 09:00:00,CORE_HR
EVT00116347,2025-11-01,EMP04621,CC0075,PA,1,Step Increment,74049.49,CAD,CAN,2025-11-02 06:00:00,CORE_HR
EVT00116729,2025-11-27,EMP01587,CC0104,PA,3,Step Increment,95005.09,CAD,CAN,2025-11-28 04:00:00,CORE_HR
EVT00115964,2025-11-25,EMP00395,CC0082,CR,1,Leave Return,,CAD,CAN,2025-11-26 11:00:00,CORE_HR
EVT00116029,2025-11-23,EMP05103,CC0063,CR,3,Step Increment,52803.2,CAD,CAN,2025-11-23 06:00:00,CORE_HR
EVT00116843,2025-11-26,EMP00586,CC0037,CR,1,Lateral Deployment,,CAD,CAN,2025-11-27 06:00:00,CORE_HR
EVT00117402,2025-11-09,EMP00506,CC0097,PA,1,Step Increment,57041.4,CAD,CAN,2025-11-09 23:00:00,CORE_HR
EVT00116368,2025-11-24,EMP01601,CC0015,PA,2,Performance Pay,3965.42,CAD,CA,2025-11-25 06:00:00,PAYROLL
EVT00116134,2025-11-14,EMP00488,CC0023,FI,1,Step Increment,82887.89,CAD,CA,2025-11-15 09:00:00,PAYROLL
EVT00116129,2025-11-13,EMP01763,CC0004,FI,4,Leave Return,,CAD,CA,2025-11-13 09:00:00,PAYROLL
EVT00117095,2025-11-03,EMP01257,CC0041,AS,2,Step Increment,67293.59,CAD,CA,2025-11-04 07:00:00,PAYROLL
EVT00116077,2025-11-12,EMP02335,CC0004,CR,3,Hire,75442.09,CAD,CAN,2025-11-12 12:00:00,CORE_HR
EVT00116775,2025-11-20,EMP01839,CC0116,EN,4,Step Increment,140228.75,CAD,CAN,2025-11-21 12:00:00,CORE_HR
EVT00116797,2025-11-22,EMP02851,CC0098,AS,2,Step Increment,74780.44,CAD,CAN,2025-11-23 00:00:00,CORE_HR
EVT00115738,2025-11-04,EMP03509,CC0055,IT,3,Step Increment,117746.94,CAD,CAN,2025-11-04 08:00:00,CORE_HR
EVT00117599,2025-11-12,EMP02587,CC0092,FI,1,Step Increment,79492.47,CAD,CAN,2025-11-13 04:00:00,CORE_HR
EVT00115845,2025-11-27,EMP05146,CC0015,CR,4,Leave Return,,CAD,CAN,2025-11-28 01:00:00,CORE_HR
EVT00116671,1900-01-01,EMP01291,CC0063,IT,4,Lateral Deployment,,CAD,CA,2025-11-20 15:00:00,PAYROLL
EVT00116366,2025-11-19,EMP02019,CC0078,CR,1,Step Increment,51536.13,CAD,CAN,2025-11-20 08:00:00,CORE_HR
EVT00116363,2025-11-03,EMP01501,CC0001,IT,4,Hire,127533.18,CAD,CA,2025-11-04 14:00:00,PAYROLL
EVT00117615,2025-11-24,EMP03263,CC0015,IT,1,Promotion,87027.36,CAD,CAN,2025-11-25 08:00:00,CORE_HR
EVT00116264,2025-11-03,EMP00023,CC0075,FI,2,Step Increment,99655.58,CAD,CAN,2025-11-03 22:00:00,CORE_HR
EVT00117444,2025-11-15,EMP04743,CC0117,EC,3,Step Increment,90332.0,CAD,CAN,2025-11-15 21:00:00,CORE_HR
EVT00117302,2025-11-02,EMP02211,CC0004,PA,4,Step Increment,106678.26,CAD,CA,2025-11-02 18:00:00,PAYROLL
EVT00117202,2025-11-16,EMP00725,CC0089,EN,3,Hire,119436.06,CAD,CAN,2025-11-16 09:00:00,CORE_HR
EVT00116625,2025-11-23,EMP04375,CC0099,FI,1,Promotion,83041.23,CAD,CAN,2025-11-24 05:00:00,CORE_HR
EVT00116764,2025-11-16,EMP04890,CC0003,PA,1,Step Increment,73713.68,CAD,CAN,2025-11-17 04:00:00,CORE_HR
EVT00116617,2025-11-23,EMP00404,CC0101,CR,2,Leave Return,,CAD,CAN,2025-11-23 08:00:00,CORE_HR
EVT00117316,2025-11-17,EMP03699,CC0017,AS,1,Leave Start,,CAD,CAN,2025-11-17 22:00:00,CORE_HR
EVT00116402,2025-11-10,EMP05153,CC0120,CR,2,Step Increment,60747.38,CAD,CAN,2025-11-10 12:00:00,CORE_HR
EVT00116229,2025-11-21,EMP01873,CC0012,IT,3,Lateral Deployment,,CAD,CA,2025-11-22 01:00:00,PAYROLL
EVT00115796,2025-11-10,EMP01015,CC0027,CR,2,Lateral Deployment,,CAD,CAN,2025-11-11 06:00:00,CORE_HR
EVT00116450,2025-11-17,EMP03211,CC0016,AS,1,Step Increment,64863.89,CAD,CAN,2025-11-17 12:00:00,CORE_HR
EVT00116955,2025-11-04,EMP04086,CC0063,EN,4,Leave Return,,CAD,CAN,2025-11-05 11:00:00,CORE_HR
EVT00116578,2025-11-26,EMP02307,CC0011,AS,3,Step Increment,72207.88,CAD,CAN,2025-11-26 15:00:00,CORE_HR
EVT00116548,2025-11-11,EMP02496,CC0088,AS,5,Step Increment,1309907.01,MXN,MEX,2025-11-11 06:00:00,CORE_HR
EVT00116277,2025-11-27,EMP00512,CC0026,PA,2,Step Increment,75694.34,CAD,CA,2025-11-27 15:00:00,PAYROLL
EVT00115778,2025-11-09,EMP01615,CC0056,FI,2,Promotion,74102.93,CAD,CA,2025-11-10 14:00:00,PAYROLL
EVT00117062,2025-11-12,EMP02782,CC0071,PA,5,Step Increment,110391.63,CAD,CAN,2025-11-13 12:00:00,CORE_HR
EVT00117271,2025-11-10,EMP00873,CC0058,FI,2,Performance Pay,10149.75,CAD,CA,2025-11-10 19:00:00,PAYROLL
EVT00115757,2025-11-12,EMP01918,CC0108,PA,5,Leave Return,,USD,USA,2025-11-12 11:00:00,CORE_HR
EVT00117368,2025-11-10,EMP02810,CC0062,CR,3,Hire,53745.45,CAD,CAN,2025-11-11 11:00:00,CORE_HR
EVT00116766,2025-11-26,EMP04919,CC0064,FI,3,Performance Pay,6220.58,CAD,CA,2025-11-26 13:00:00,PAYROLL
EVT00116466,2025-11-11,EMP04038,CC0119,EX,1,Leave Return,,CAD,CA,2025-11-11 15:00:00,PAYROLL
EVT00116853,2025-11-21,EMP03596,CC0073,EC,2,Leave Start,,CAD,CA,2025-11-21 21:00:00,PAYROLL
EVT00116719,2025-11-18,EMP00668,CC0108,AS,1,Step Increment,50050.67,EUR,DE,2025-11-19 11:00:00,PAYROLL
EVT00116499,2025-11-15,EMP02122,CC0013,AS,4,Promotion,86021.21,CAD,CAN,2025-11-17 16:00:00,CORE_HR
EVT00117341,2025-11-20,EMP02335,CC0004,CR,3,Lateral Deployment,,CAD,CA,2025-11-20 22:00:00,PAYROLL
EVT00115802,2025-11-14,EMP01990,CC0096,CR,2,Lateral Deployment,,CAD,CA,2025-11-15 10:00:00,PAYROLL
EVT00117688,2025-11-20,EMP02118,CC0039,CR,5,Promotion,77588.9,CAD,CA,2025-11-20 21:00:00,PAYROLL
EVT00116955,2025-11-04,EMP04086,CC0063,EN,4,Leave Return,,CAD,CAN,2025-11-04 20:00:00,CORE_HR
EVT00117425,2025-11-06,EMP03729,CC0042,EN,1,Performance Pay,11806.74,CAD,CAN,2025-11-06 12:00:00,CORE_HR
EVT00116144,2025-11-05,EMP03306,CC0053,FI,1,Hire,83170.63,CAD,CAN,2025-11-05 21:00:00,CORE_HR
EVT00117463,2025-11-16,EMP00465,CC0093,CR,5,Performance Pay,9971.68,CAD,CAN,2025-11-16 08:00:00,CORE_HR
EVT00116874,2025-11-22,EMP01532,CC0053,CR,3,Leave Start,,CAD,CA,2025-11-23 12:00:00,PAYROLL
EVT00117305,2025-11-15,EMP03410,CC0056,EN,2,Performance Pay,13100.89,CAD,CA,2025-11-16 03:00:00,PAYROLL
EVT00116519,2025-11-24,EMP04535,CC0017,PA,2,Step Increment,85111.33,CAD,CA,2025-11-25 02:00:00,PAYROLL
EVT00116753,2025-11-06,EMP03010,CC0063,CR,1,Step Increment,55805.45,CAD,CAN,2025-11-07 15:00:00,CORE_HR
EVT00116256,2025-11-22,EMP03749,CC0096,EN,1,Step Increment,76393.74,CAD,CA,2025-11-22 13:00:00,PAYROLL
EVT00117263,2025-11-07,EMP00433,CC0007,FI,1,Promotion,59450.29,SGD,SG,2025-11-07 12:00:00,PAYROLL
EVT00117645,2025-11-01,EMP00903,CC0093,IT,4,Lateral Deployment,,CAD,CAN,2025-11-01 10:00:00,CORE_HR
EVT00116028,2025-11-26,EMP03085,CC0114,PA,1,Hire,69020.46,CAD,CAN,2025-11-28 11:00:00,CORE_HR
EVT00116675,2025-11-23,EMP01354,CC0017,EN,1,Performance Pay,3850.74,CAD,CAN,2025-11-23 09:00:00,CORE_HR
EVT00116412,2025-11-25,EMP01191,CC0031,EC,1,Hire,1189500.06,MXN,MEX,2025-11-26 10:00:00,CORE_HR
EVT00116305,2025-11-12,EMP03325,CC0013,IT,4,Step Increment,121902.47,CAD,CAN,2025-11-13 14:00:00,CORE_HR
EVT00116261,2025-11-23,EMP03412,CC0052,IT,2,Step Increment,106572.87,CAD,CA,2025-11-23 06:00:00,PAYROLL
EVT00116706,2025-11-09,EMP00007,CC0077,EX,1,Step Increment,144094.34,CAD,CA,2025-11-09 16:00:00,PAYROLL
EVT00116923,2025-11-02,EMP05086,CC0119,EC,2,Hire,90332.03,CAD,CAN,2025-11-02 07:00:00,CORE_HR
EVT00117025,2025-11-12,EMP04448,CC0035,FI,2,Step Increment,95914.09,CAD,CAN,2025-11-12 13:00:00,CORE_HR
EVT00116940,2025-11-19,EMP04322,CC0026,EC,3,Step Increment,103627.03,CAD,CAN,2025-11-21 02:00:00,CORE_HR
EVT00117640,2025-11-25,EMP00672,CC0038,EN,2,Leave Start,,CAD,CAN,2025-11-25 19:00:00,CORE_HR
EVT00117647,2025-11-16,EMP02745,CC0079,AS,2,Step Increment,75621.13,CAD,CAN,2025-11-17 15:00:00,CORE_HR
EVT00117127,2025-11-18,EMP04230,CC0050,PA,4,Step Increment,94705.15,CAD,CA,2025-11-19 12:00:00,PAYROLL
EVT00116760,2025-11-11,EMP00806,CC0014,PA,4,Leave Return,,CAD,CAN,2025-11-12 10:00:00,CORE_HR
EVT00116758,2025-11-07,EMP03251,CC0076,EC,3,Step Increment,117141.46,CAD,CAN,2025-11-08 13:00:00,CORE_HR
EVT00116925,2025-11-10,EMP00495,CC0085,FI,3,Leave Return,,CAD,CAN,2025-11-11 13:00:00,CORE_HR
EVT00115842,2025-11-14,EMP02140,CC0053,FI,4,Step Increment,125395.65,CAD,CA,2025-11-14 21:00:00,PAYROLL
EVT00115843,2025-11-11,EMP03546,CC0074,EN,2,Leave Start,,INR,IN,2025-11-11 15:00:00,PAYROLL
EVT00115807,2025-11-05,EMP02898,CC0100,CR,2,Step Increment,62557.57,CAD,CA,2025-11-06 00:00:00,PAYROLL
EVT00117638,2025-11-23,EMP04306,CC0016,EC,3,Step Increment,133318.84,CAD,CA,2025-11-23 21:00:00,PAYROLL
EVT00116594,2025-11-25,EMP01072,CC0066,EX,1,Step Increment,149994.05,CAD,CA,2025-11-26 00:00:00,PAYROLL
EVT00116980,2025-11-22,EMP03594,CC0012,IT,2,Leave Return,,CAD,CAN,2025-11-23 00:00:00,CORE_HR
EVT00117497,2025-11-27,EMP04806,CC0068,CR,5,Step Increment,98878.97,CAD,CA,2025-11-28 01:00:00,PAYROLL
EVT00117048,2025-11-13,EMP01100,CC0090,PA,4,Departure,,CAD,CA,2025-11-14 11:00:00,PAYROLL
EVT00117643,2025-11-07,EMP03361,CC0113,EC,4,Step Increment,109513.08,CAD,CA,2025-11-07 13:00:00,PAYROLL
EVT00116948,2025-11-14,EMP01044,CC0088,PA,1,Step Increment,60079.2,USD,USA,2025-11-14 06:00:00,CORE_HR
EVT00116260,2025-11-23,EMP05029,CC0106,PA,1,Step Increment,69486.31,CAD,CA,2025-11-23 14:00:00,PAYROLL
EVT00117288,2025-11-23,EMP04879,CC0009,EN,3,Departure,,MXN,MX,2025-11-23 16:00:00,PAYROLL
EVT00116576,2025-11-26,EMP04115,CC0099,IT,5,Step Increment,131597.87,CAD,CA,2025-11-27 00:00:00,PAYROLL
EVT00116015,2025-11-16,EMP02432,CC0034,IT,3,Step Increment,111558.98,CAD,CAN,2025-11-16 13:00:00,CORE_HR
EVT00115825,2025-11-18,EMP02581,CC0049,PA,1,Performance Pay,12488.67,AUD,AUS,2025-11-18 16:00:00,CORE_HR
EVT00117082,2025-11-17,EMP01241,CC0049,PA,4,Lateral Deployment,,JPY,JPN,2025-11-18 11:00:00,CORE_HR
EVT00116520,2025-11-15,EMP01951,CC0082,EN,2,Leave Start,,CAD,CA,2025-11-15 09:00:00,PAYROLL
EVT00117357,2025-11-05,EMP01655,CC0062,PA,1,Leave Start,,CAD,CAN,2025-11-05 10:00:00,CORE_HR
EVT00116353,2025-11-16,EMP00137,CC0002,EX,2,Step Increment,173468.6,CAD,CAN,2025-11-16 22:00:00,CORE_HR
EVT00116245,2025-11-26,EMP00771,CC0115,EX,2,Leave Start,,CAD,CA,2025-11-27 13:00:00,PAYROLL
EVT00117056,2025-11-07,EMP03952,CC0073,EX,1,Departure,,CAD,CAN,2025-11-08 08:00:00,CORE_HR
EVT00117505,2025-11-02,EMP00285,CC0046,EN,3,Step Increment,12346054.65,KES,KEN,2025-11-03 03:00:00,CORE_HR
EVT00116987,2025-11-07,EMP01672,CC0077,EN,1,Step Increment,97708.9,CAD,CAN,2025-11-07 21:00:00,CORE_HR
EVT00117189,2025-11-23,EMP03241,CC0007,IT,1,Leave Start,,EUR,DE,2025-11-24 06:00:00,PAYROLL
EVT00116198,2025-11-13,EMP01871,CC0019,CR,1,Step Increment,42428.77,CAD,CA,2025-11-14 04:00:00,PAYROLL
EVT00116110,2025-11-09,EMP00064,CC0047,EN,2,Leave Return,,CAD,CA,2025-11-09 13:00:00,PAYROLL
EVT00116792,2025-11-16,EMP03348,CC0041,AS,2,Departure,,CAD,CAN,2025-11-16 17:00:00,CORE_HR
EVT00115926,2025-11-22,EMP04245,CC0120,EC,4,Leave Start,,CAD,CAN,2025-11-23 15:00:00,CORE_HR
EVT00116165,2025-11-18,EMP02078,CC0048,IT,3,Step Increment,105750.45,CAD,CAN,2025-11-18 12:00:00,CORE_HR
EVT00116839,2025-11-16,EMP04782,CC0088,EC,3,Promotion,4950710.5,INR,IND,2025-11-17 15:00:00,CORE_HR
EVT00117622,2025-11-17,EMP00778,CC0057,PA,1,Lateral Deployment,,CAD,CAN,2025-11-17 11:00:00,CORE_HR
EVT00117418,2025-11-10,EMP01009,CC0010,IT,2,Performance Pay,12958.48,CAD,CA,2025-11-10 21:00:00,PAYROLL
EVT00116155,2025-11-21,EMP02302,CC0066,PA,2,Leave Start,,CAD,CAN,2025-11-21 23:00:00,CORE_HR
EVT00117489,2025-11-12,EMP01769,CC0053,AS,2,Leave Return,,CAD,CA,2025-11-13 07:00:00,PAYROLL
EVT00116131,2025-11-03,EMP01597,CC0026,IT,1,Performance Pay,10783.75,CAD,CA,2025-11-04 03:00:00,PAYROLL
EVT00117168,2025-11-24,EMP03636,CC0076,IT,4,Leave Start,,CAD,CAN,2025-11-25 12:00:00,CORE_HR
EVT00116825,2025-11-21,EMP03552,CC0119,AS,2,Leave Start,,CAD,CAN,2025-11-21 18:00:00,CORE_HR
EVT00116228,2025-11-14,EMP02367,CC0109,IT,2,Hire,102496.68,CAD,CA,2025-11-15 02:00:00,PAYROLL
EVT00117656,2025-11-13,EMP01052,CC0072,EN,3,Promotion,129543.49,CAD,CAN,2025-11-14 06:00:00,CORE_HR
EVT00117192,2025-11-05,EMP01551,CC0025,CR,1,Step Increment,54189.49,CAD,CAN,2025-11-05 06:00:00,CORE_HR
EVT00117318,2025-11-19,EMP02132,CC0051,IT,3,Lateral Deployment,,CAD,CAN,2025-11-19 07:00:00,CORE_HR
EVT00117309,2025-11-03,EMP01847,CC0070,EX,1,Hire,113821.6,CAD,CAN,2025-11-03 06:00:00,CORE_HR
EVT00117384,2025-11-06,EMP02839,CC0071,EX,2,Lateral Deployment,,CAD,CA,2025-11-07 04:00:00,PAYROLL
EVT00115852,2025-11-01,EMP02413,CC0093,EX,1,Performance Pay,19557.34,CAD,CAN,2025-11-02 03:00:00,CORE_HR
EVT00117671,2025-11-17,EMP00084,CC0070,EX,1,Performance Pay,16356.5,CAD,CA,2025-11-18 03:00:00,PAYROLL
EVT00117681,2025-11-07,EMP02818,CC0052,AS,2,Lateral Deployment,,CAD,CA,2025-11-07 10:00:00,PAYROLL
EVT00116722,2025-11-26,EMP04757,CC0036,EX,2,Step Increment,183121.41,CAD,CAN,2025-11-26 19:00:00,CORE_HR
EVT00117544,2025-11-17,EMP04563,CC0014,EC,3,Leave Start,,CAD,CAN,2025-11-17 08:00:00,CORE_HR
EVT00117023,2025-11-06,EMP03242,CC0072,EN,3,Performance Pay,8102.4,CAD,CAN,2025-11-06 22:00:00,CORE_HR
EVT00117571,2025-11-10,EMP04657,CC0046,AS,2,Hire,62310.13,USD,US,2025-11-11 06:00:00,PAYROLL
EVT00116262,2025-11-18,EMP00522,CC0037,IT,4,Step Increment,120829.11,CAD,CAN,2025-11-18 09:00:00,CORE_HR
EVT00117514,2025-11-24,EMP04369,CC0020,IT,1,Performance Pay,6685.71,CAD,CAN,2025-11-25 15:00:00,CORE_HR
EVT00117031,2025-11-09,EMP03238,CC0117,FI,1,Step Increment,65547.23,CAD,CA,2025-11-10 10:00:00,PAYROLL
EVT00116154,2025-11-23,EMP04069,CC0057,EC,1,Departure,,CAD,CAN,2025-11-23 19:00:00,CORE_HR
EVT00117169,2025-11-20,EMP01996,CC0027,PA,1,Step Increment,61771.85,CAD,CA,2025-11-20 23:00:00,PAYROLL
EVT00116169,2025-11-26,EMP02148,CC0066,EX,2,Lateral Deployment,,CAD,CA,2025-11-27 13:00:00,PAYROLL
EVT00117661,2025-11-12,EMP00550,CC0025,EC,1,Leave Start,,CAD,CA,2025-11-13 10:00:00,PAYROLL
EVT00116621,2025-11-26,EMP03885,CC0072,AS,2,Step Increment,81557.45,CAD,CAN,2025-11-26 13:00:00,CORE_HR
EVT00115783,2025-11-06,EMP00926,CC0007,CR,1,Performance Pay,13972.61,AED,AE,2025-11-07 04:00:00,PAYROLL
EVT00117388,1900-01-01,EMP03649,CC0044,IT,2,Step Increment,106216.38,CAD,CA,2025-11-03 14:00:00,PAYROLL
EVT00115867,2025-11-11,EMP04072,CC0039,PA,1,Step Increment,60801.41,CAD,CA,2025-11-11 22:00:00,PAYROLL
EVT00116862,2025-11-15,EMP02331,CC0028,IT,1,Step Increment,93893.74,CAD,CA,2025-11-15 21:00:00,PAYROLL
EVT00116338,2025-11-02,EMP03784,CC0031,EC,2,Departure,,USD,USA,2025-11-03 04:00:00,CORE_HR
EVT00117183,2025-11-14,EMP00314,CC0083,PA,3,Leave Return,,CAD,CAN,2025-11-15 09:00:00,CORE_HR
EVT00116573,2025-11-15,EMP03674,CC0035,IT,2,Step Increment,106836.76,CAD,CAN,2025-11-15 20:00:00,CORE_HR
EVT00116608,2025-11-27,EMP01141,CC0055,EN,4,Leave Start,,XXX,CAN,2025-11-28 05:00:00,CORE_HR
EVT00116759,2025-11-10,EMP01245,CC0081,EX,1,Leave Start,,CAD,CAN,2025-11-10 23:00:00,CORE_HR
EVT00116191,2025-11-18,EMP02087,CC0053,PA,1,Promotion,61199.77,CAD,CA,2025-11-19 09:00:00,PAYROLL
EVT00116158,2025-11-21,EMP02129,CC0090,EC,3,Departure,,CAD,CAN,2025-11-22 02:00:00,CORE_HR
EVT00116399,2025-11-20,EMP03916,CC0025,FI,1,Lateral Deployment,,CAD,CAN,2025-11-21 06:00:00,CORE_HR
EVT00116765,2025-11-22,EMP05019,CC0065,PA,2,Step Increment,4711829.4,INR,IN,2025-11-22 23:00:00,PAYROLL
EVT00117071,2025-11-11,EMP00410,CC0118,PA,3,Performance Pay,9216.45,CAD,CA,2025-11-11 20:00:00,PAYROLL
EVT00115860,2025-11-01,EMP02251,CC0101,EC,3,Leave Start,,CAD,CA,2025-11-01 22:00:00,PAYROLL
EVT00116207,2025-11-01,EMP03271,CC0011,PA,3,Leave Return,,CAD,CAN,2025-11-01 13:00:00,CORE_HR
EVT00117516,2025-11-20,EMP04290,CC0008,CR,3,Lateral Deployment,,CAD,CAN,2025-11-20 18:00:00,CORE_HR
EVT00117360,2025-11-15,EMP00822,CC0035,IT,3,Performance Pay,10439.68,CAD,CA,2025-11-15 16:00:00,PAYROLL
EVT00115790,2025-11-03,EMP04556,CC0099,PA,3,Performance Pay,8297.86,CAD,CAN,2025-11-04 00:00:00,CORE_HR
EVT00116006,2025-11-11,EMP05083,CC0101,CR,3,Lateral Deployment,,CAD,CAN,2025-11-11 06:00:00,CORE_HR
EVT00116337,2025-11-24,EMP02295,CC0046,IT,1,Leave Start,,EUR,DE,2025-11-24 10:00:00,PAYROLL
EVT00117550,2025-11-12,EMP02236,CC0048,EX,2,Promotion,130815.81,CAD,CAN,2025-11-12 13:00:00,CORE_HR
EVT00116023,2025-11-07,EMP01676,CC0116,EX,1,Leave Start,,CAD,CA,2025-11-08 07:00:00,PAYROLL
EVT00116462,2025-11-10,EMP03299,CC0112,EX,2,Lateral Deployment,,CAD,CA,2025-11-10 18:00:00,PAYROLL
EVT00116950,2025-11-01,EMP03469,CC0040,IT,1,Step Increment,81510.17,CAD,CAN,2025-11-01 20:00:00,CORE_HR
EVT00116395,2025-11-20,EMP03603,CC0050,EN,1,Step Increment,89440.85,CAD,CAN,2025-11-20 06:00:00,CORE_HR
EVT00116737,2025-11-03,EMP03389,CC0041,CR,3,Step Increment,66023.62,CAD,CA,2025-11-03 07:00:00,PAYROLL
EVT00117552,2025-11-19,EMP02598,CC0068,EC,2,Performance Pay,13070.83,CAD,CAN,2025-11-19 13:00:00,CORE_HR
EVT00116031,2025-11-16,EMP00839,CC0031,CR,3,Step Increment,58567.95,USD,US,2025-11-17 10:00:00,PAYROLL
EVT00116455,2025-11-02,EMP05038,CC0030,CR,2,Step Increment,4555803.5,JPY,JPN,2025-11-03 06:00:00,CORE_HR
EVT00116501,2025-11-07,EMP03346,CC0033,EC,2,Step Increment,92038.63,CAD,CA,2025-11-08 02:00:00,PAYROLL
EVT00117503,2025-11-09,EMP00906,CC0024,FI,3,Departure,,CAD,CA,2025-11-10 04:00:00,PAYROLL
EVT00116643,2025-11-15,EMP01043,CC0111,EX,3,Performance Pay,46035.55,AED,ARE,2025-11-15 18:00:00,CORE_HR
EVT00115933,2025-11-17,EMP04777,CC0056,CR,3,Leave Start,,CAD,CAN,2025-11-18 14:00:00,CORE_HR
EVT00116673,2025-11-24,EMP03030,CC0069,FI,3,Leave Start,,CAD,CA,2025-11-24 23:00:00,PAYROLL
EVT00116969,2025-11-16,EMP03804,CC0097,EN,3,Lateral Deployment,,CAD,CA,2025-11-17 04:00:00,PAYROLL
EVT00116081,2025-11-12,EMP03029,CC0021,PA,1,Leave Return,,CAD,CAN,2025-11-13 06:00:00,CORE_HR
EVT00115932,2025-11-24,EMP03585,CC0099,AS,2,Lateral Deployment,,CAD,CAN,2025-11-25 06:00:00,CORE_HR
EVT00117456,2025-11-01,EMP04769,CC0060,AS,1,Leave Return,,CAD,CAN,2025-11-01 13:00:00,CORE_HR
EVT00117182,2025-11-17,EMP02576,CC0048,IT,2,Hire,108270.81,CAD,CAN,2025-11-17 15:00:00,CORE_HR
EVT00117050,2025-11-01,EMP01630,CC0022,IT,5,Leave Return,,CAD,CAN,2025-11-01 10:00:00,CORE_HR
EVT00116845,2025-11-06,EMP00423,CC0077,EN,5,Leave Return,,CAD,CA,2025-11-06 16:00:00,PAYROLL
EVT00116726,2025-11-06,EMP04951,CC0093,PA,3,Leave Start,,CAD,CAN,2025-11-06 18:00:00,CORE_HR
EVT00117407,2025-11-07,EMP01154,CC0023,EN,4,Departure,,CAD,CAN,2025-11-08 09:00:00,CORE_HR
EVT00116082,2025-11-25,EMP03420,CC0107,EC,1,Performance Pay,8889.01,CAD,CAN,2025-11-26 01:00:00,CORE_HR
EVT00115822,2025-11-24,EMP02968,CC0075,PA,4,Step Increment,96314.77,CAD,CAN,2025-11-24 20:00:00,CORE_HR
EVT00116730,2025-11-13,EMP05063,CC0100,PA,2,Step Increment,71728.85,CAD,CAN,2025-11-13 10:00:00,CORE_HR
EVT00116598,2025-11-26,EMP03217,CC0076,FI,4,Leave Return,,CAD,CAN,2025-11-27 07:00:00,CORE_HR
EVT00115866,2025-11-09,EMP05090,CC0093,EC,2,Performance Pay,7177.09,CAD,CA,2025-11-10 00:00:00,PAYROLL
EVT00115799,2025-11-16,EMP02464,CC0116,PA,1,Departure,,CAD,CAN,2025-11-16 15:00:00,CORE_HR
EVT00117146,2025-11-22,EMP00423,CC0077,EN,5,Step Increment,111926.43,CAD,CAN,2025-11-23 02:00:00,CORE_HR
EVT00116977,2025-11-16,EMP02830,CC0109,PA,1,Step Increment,64779.81,CAD,CAN,2025-11-16 07:00:00,CORE_HR
EVT00117244,2025-11-14,EMP03667,CC0095,EN,1,Step Increment,81829.61,CAD,CAN,2025-11-14 14:00:00,CORE_HR
EVT00116537,2025-11-14,EMP00721,CC0049,AS,3,Leave Return,,EUR,DEU,2025-11-14 11:00:00,CORE_HR
EVT00116943,2025-11-13,EMP03747,CC0118,CR,2,Leave Return,,CAD,CAN,2025-11-13 06:00:00,CORE_HR
EVT00117553,2025-11-04,EMP02186,CC0044,EC,2,Leave Return,,CAD,CAN,2025-11-05 06:00:00,CORE_HR
EVT00116681,2025-11-21,EMP05199,CC0061,EN,2,Performance Pay,8822.15,CAD,CAN,2025-11-22 19:00:00,CORE_HR
EVT00116104,2025-11-16,EMP03562,CC0009,PA,5,Performance Pay,12738.4,AUD,AU,2025-11-16 17:00:00,PAYROLL
EVT00116257,1900-01-01,EMP04808,CC0036,EC,1,Leave Return,,CAD,CA,2025-11-06 09:00:00,PAYROLL
EVT00116776,2025-11-06,EMP04322,CC0026,EC,3,Leave Return,,CAD,CAN,2025-11-06 20:00:00,CORE_HR
EVT00117653,2025-11-15,EMP01199,CC0053,PA,2,Leave Start,,CAD,CAN,2025-11-16 09:00:00,CORE_HR
EVT00116473,2025-11-22,EMP00610,CC0030,AS,1,Lateral Deployment,,GBP,GBR,2025-11-22 17:00:00,CORE_HR
EVT00116949,2025-11-06,EMP02924,CC0058,PA,2,Step Increment,78764.26,CAD,CA,2025-11-07 06:00:00,PAYROLL
EVT00116499,2025-11-15,EMP02122,CC0013,AS,4,Promotion,86021.21,CAD,CAN,2025-11-16 03:00:00,CORE_HR
EVT00116281,2025-11-20,EMP02456,CC0028,PA,4,Step Increment,103724.2,CAD,CAN,2025-11-20 21:00:00,CORE_HR
EVT00116251,2025-11-13,EMP02784,CC0100,CR,5,Leave Return,,CAD,CAN,2025-11-13 23:00:00,CORE_HR
EVT00117448,2025-11-07,EMP00392,CC0017,EC,5,Performance Pay,16354.66,CAD,CAN,2025-11-07 20:00:00,CORE_HR
EVT00115945,2025-11-04,EMP01696,CC0054,PA,3,Step Increment,318863.9,BRL,BR,2025-11-04 07:00:00,PAYROLL
EVT00117349,2025-11-12,EMP00022,CC0064,EX,3,Performance Pay,20655.47,CAD,CAN,2025-11-13 01:00:00,CORE_HR
EVT00116472,2025-11-09,EMP03087,CC0114,FI,2,Hire,75391.35,CAD,CAN,2025-11-09 16:00:00,CORE_HR
EVT00115935,2025-11-15,EMP03731,CC0119,EX,2,Step Increment,164088.63,CAD,CAN,2025-11-16 10:00:00,CORE_HR
EVT00117464,2025-11-08,EMP04336,CC0050,AS,3,Leave Return,,CAD,CA,2025-11-09 08:00:00,PAYROLL
EVT00117451,2025-11-05,EMP02835,CC0087,EC,2,Step Increment,89175.49,CAD,CAN,2025-11-06 12:00:00,CORE_HR
EVT00115903,2025-11-26,EMP00789,CC0038,AS,1,Leave Return,,CAD,CAN,2025-11-26 23:00:00,CORE_HR
EVT00116085,2025-11-08,EMP02422,CC0006,EX,1,Leave Start,,CAD,CAN,2025-11-08 14:00:00,CORE_HR
EVT00117644,2025-11-25,EMP02166,CC0014,PA,5,Hire,114804.24,CAD,CAN,2025-11-26 11:00:00,CORE_HR
EVT00117163,2025-11-05,EMP02862,CC0030,PA,3,Step Increment,53782.77,GBP,GBR,2025-11-06 09:00:00,CORE_HR
EVT00117115,2025-11-05,EMP00168,CC0068,EN,2,Hire,101946.96,CAD,CAN,2025-11-05 08:00:00,CORE_HR
EVT00115751,2025-11-23,EMP01494,CC0025,IT,3,Leave Return,,CAD,CA,2025-11-24 02:00:00,PAYROLL
EVT00117652,2025-11-09,EMP04037,CC0060,EN,2,Hire,110924.24,CAD,CA,2025-11-09 15:00:00,PAYROLL
EVT00116863,2025-11-03,EMP01712,CC0013,FI,3,Leave Start,,CAD,CA,2025-11-04 14:00:00,PAYROLL
EVT00116913,2025-11-25,EMP01770,CC0045,EN,3,Performance Pay,9936.81,CAD,CAN,2025-11-26 08:00:00,CORE_HR
EVT00117417,2025-11-17,EMP00383,CC0110,EX,1,Leave Return,,CAD,CAN,2025-11-17 07:00:00,CORE_HR
EVT00116973,2025-11-08,EMP03271,CC0011,PA,3,Lateral Deployment,,CAD,CA,2025-11-08 22:00:00,PAYROLL
EVT00116420,2025-11-14,EMP03205,CC0115,IT,2,Lateral Deployment,,CAD,CA,2025-11-15 01:00:00,PAYROLL
EVT00115868,2025-11-22,EMP00833,CC0112,EN,1,Step Increment,97758.27,CAD,CAN,2025-11-22 17:00:00,CORE_HR
EVT00117631,2025-11-05,EMP04299,CC0046,EC,3,Step Increment,12764999.61,KES,KE,2025-11-05 11:00:00,PAYROLL
EVT00116070,2025-11-10,EMP04734,CC0117,IT,1,Step Increment,91456.56,CAD,CA,2025-11-10 09:00:00,PAYROLL
EVT00116052,2025-11-26,EMP03295,CC0073,PA,2,Step Increment,66723.69,CAD,CA,2025-11-27 11:00:00,PAYROLL
EVT00116241,2025-11-14,EMP03244,CC0053,EC,1,Performance Pay,7839.29,CAD,CA,2025-11-14 15:00:00,PAYROLL
EVT00116915,2025-11-21,EMP01896,CC0119,IT,2,Leave Return,,CAD,CAN,2025-11-21 13:00:00,CORE_HR
EVT00117224,2025-11-09,EMP04429,CC0092,FI,2,Step Increment,93035.95,CAD,CAN,2025-11-09 22:00:00,CORE_HR
EVT00116751,2025-11-23,EMP04921,CC0045,PA,3,Performance Pay,9391.68,CAD,CAN,2025-11-24 00:00:00,CORE_HR
EVT00117222,2025-11-04,EMP03791,CC0100,AS,5,Step Increment,98346.95,CAD,CA,2025-11-04 07:00:00,PAYROLL
EVT00116146,2025-11-17,EMP00321,CC0087,CR,2,Leave Start,,CAD,CAN,2025-11-17 10:00:00,CORE_HR
EVT00116946,2025-11-19,EMP04559,CC0079,CR,1,Step Increment,58213.13,CAD,CAN,2025-11-20 11:00:00,CORE_HR
EVT00116794,2025-11-17,EMP04857,CC0001,AS,1,Leave Return,,CAD,CAN,2025-11-18 15:00:00,CORE_HR
EVT00117452,2025-11-25,EMP00804,CC0022,EX,2,Promotion,172716.04,CAD,CAN,2025-11-25 06:00:00,CORE_HR
EVT00117462,2025-11-18,EMP02258,CC0009,CR,2,Promotion,3828251.66,INR,IND,2025-11-19 10:00:00,CORE_HR
EVT00115984,2025-11-10,EMP02640,CC0115,PA,1,Promotion,62973.58,CAD,CAN,2025-11-11 04:00:00,CORE_HR
EVT00116227,2025-11-06,EMP02052,CC0048,AS,2,Leave Return,,CAD,CAN,2025-11-07 00:00:00,CORE_HR
EVT00116386,2025-11-22,EMP02539,CC0074,EC,1,Leave Return,,INR,IN,2025-11-22 18:00:00,PAYROLL
EVT00116914,2025-11-26,EMP04567,CC0006,EX,1,Step Increment,156087.1,CAD,CAN,2025-11-27 14:00:00,CORE_HR
EVT00116071,2025-11-01,EMP00384,CC0023,CR,2,Lateral Deployment,,CAD,CA,2025-11-01 13:00:00,PAYROLL
EVT00116468,2025-11-08,EMP00505,CC0055,EN,2,Hire,102548.3,CAD,CAN,2025-11-08 10:00:00,CORE_HR
EVT00116561,2025-11-17,EMP05057,CC0115,CR,1,Leave Start,,CAD,CA,2025-11-18 10:00:00,PAYROLL
EVT00115990,1900-01-01,EMP01314,CC0061,PA,2,Step Increment,73523.59,CAD,CAN,2025-11-15 01:00:00,CORE_HR
EVT00117650,2025-11-19,EMP02141,CC0067,IT,4,Step Increment,133651.92,CAD,CAN,2025-11-20 15:00:00,CORE_HR
EVT00117590,2025-11-18,EMP00078,CC0025,EC,3,Departure,,CAD,CAN,2025-11-19 05:00:00,CORE_HR
EVT00116307,2025-11-24,EMP00777,CC0035,PA,4,Performance Pay,10935.82,CAD,CAN,2025-11-27 22:00:00,CORE_HR
EVT00117501,2025-11-13,EMP01808,CC0026,AS,2,Step Increment,65007.95,CAD,CA,2025-11-13 11:00:00,PAYROLL
EVT00117600,2025-11-05,EMP00164,CC0045,IT,4,Departure,,CAD,CAN,2025-11-06 11:00:00,CORE_HR
EVT00116680,2025-11-09,EMP01332,CC0072,EC,1,Hire,85703.87,CAD,CA,2025-11-09 14:00:00,PAYROLL
EVT00116725,2025-11-23,EMP03602,CC0085,EN,4,Step Increment,137457.7,CAD,CAN,2025-11-24 02:00:00,CORE_HR
EVT00115792,2025-11-18,EMP02177,CC0077,FI,3,Step Increment,109194.42,CAD,CA,2025-11-19 03:00:00,PAYROLL
EVT00116113,2025-11-11,EMP02500,CC0007,FI,2,Leave Return,,EUR,DE,2025-11-11 20:00:00,PAYROLL
EVT00116375,2025-11-15,EMP02180,CC0073,PA,3,Departure,,CAD,CA,2025-11-16 14:00:00,PAYROLL
EVT00117563,2025-11-27,EMP03291,CC0004,CR,3,Step Increment,72957.31,CAD,CAN,2025-11-28 00:00:00,CORE_HR
EVT00116954,2025-11-19,EMP01651,CC0027,IT,1,Leave Return,,CAD,CAN,2025-11-19 17:00:00,CORE_HR
EVT00116047,2025-11-23,EMP03776,CC0033,EC,2,Step Increment,95005.94,CAD,CA,2025-11-23 08:00:00,PAYROLL
EVT00116450,2025-11-17,EMP03211,CC0016,AS,1,Step Increment,64863.89,CAD,CAN,2025-11-19 12:00:00,CORE_HR
EVT00117077,2025-11-25,EMP01048,CC0106,AS,2,Step Increment,66849.03,CAD,CA,2025-11-25 19:00:00,PAYROLL
EVT00115793,2025-11-27,EMP03081,CC0042,FI,2,Step Increment,88158.57,XXX,CAN,2025-11-27 12:00:00,CORE_HR
EVT00116007,2025-11-27,EMP00527,CC0112,IT,3,Hire,116678.47,CAD,CAN,2025-11-28 04:00:00,CORE_HR
EVT00117635,2025-11-05,EMP00401,CC0037,PA,2,Performance Pay,10303.51,CAD,CA,2025-11-06 14:00:00,PAYROLL
EVT00117577,2025-11-18,EMP01648,CC0029,EC,1,Step Increment,63182.2,EUR,FRA,2025-11-19 11:00:00,CORE_HR
EVT00117683,2025-11-12,EMP01493,CC0044,IT,4,Performance Pay,10976.65,CAD,CAN,2025-11-13 14:00:00,CORE_HR
EVT00117419,2025-11-07,EMP03969,CC0033,AS,1,Leave Start,,CAD,CA,2025-11-08 00:00:00,PAYROLL
EVT00117122,2025-11-12,EMP03893,CC0099,EX,2,Leave Start,,CAD,CA,2025-11-13 04:00:00,PAYROLL
EVT00116246,2025-11-27,EMP01366,CC0026,PA,3,Departure,,CAD,CA,2025-11-27 13:00:00,PAYROLL
EVT00116226,2025-11-17,EMP04870,CC0044,PA,4,Leave Start,,CAD,CAN,2025-11-18 09:00:00,CORE_HR
EVT00116965,2025-11-20,EMP01970,CC0003,AS,4,Step Increment,84752.63,CAD,CA,2025-11-21 09:00:00,PAYROLL
EVT00116367,2025-11-11,EMP00372,CC0029,EN,1,Step Increment,8944199.45,JPY,JP,2025-11-11 17:00:00,PAYROLL
EVT00117009,2025-11-10,EMP04441,CC0101,EC,2,Leave Start,,CAD,CA,2025-11-11 01:00:00,PAYROLL
EVT00116274,2025-11-23,EMP00109,CC0065,EN,5,Leave Return,,MXN,MEX,2025-11-23 23:00:00,CORE_HR
EVT00117412,2025-11-14,EMP01516,CC0024,EN,4,Leave Start,,CAD,CAN,2025-11-15 06:00:00,CORE_HR
EVT00116048,2025-11-27,EMP00662,CC0063,EN,2,Leave Start,,CAD,CA,2025-11-27 14:00:00,PAYROLL
EVT00116231,2025-11-10,EMP03569,CC0050,IT,2,Lateral Deployment,,CAD,CAN,2025-11-11 15:00:00,CORE_HR
EVT00115824,2025-11-11,EMP01575,CC0054,CR,2,Hire,52520.03,EUR,DEU,2025-11-12 03:00:00,CORE_HR
EVT00117639,2025-11-14,EMP02197,CC0018,PA,2,Leave Return,,CAD,CA,2025-11-15 02:00:00,PAYROLL
EVT00116750,2025-11-06,EMP01210,CC0092,PA,2,Leave Return,,CAD,CA,2025-11-06 09:00:00,PAYROLL
EVT00117216,2025-11-05,EMP02675,CC0102,CR,3,Step Increment,76178.15,CAD,CAN,2025-11-05 09:00:00,CORE_HR
EVT00116101,2025-11-19,EMP01112,CC0005,AS,2,Step Increment,57645.59,CAD,CA,2025-11-20 11:00:00,PAYROLL
EVT00116697,2025-11-09,EMP04657,CC0046,AS,2,Performance Pay,3188.97,EUR,DE,2025-11-09 13:00:00,PAYROLL
EVT00116360,2025-11-17,EMP00763,CC0081,IT,2,Leave Return,,CAD,CAN,2025-11-18 00:00:00,CORE_HR
EVT00115784,2025-11-25,EMP03538,CC0099,PA,2,Leave Return,,CAD,CAN,2025-11-26 09:00:00,CORE_HR
EVT00116937,2025-11-25,EMP00770,CC0055,IT,1,Step Increment,78904.18,CAD,CAN,2025-11-25 09:00:00,CORE_HR
EVT00116644,2025-11-24,EMP01618,CC0101,IT,1,Step Increment,88645.66,CAD,CAN,2025-11-24 06:00:00,CORE_HR
EVT00117430,2025-11-20,EMP04487,CC0020,EN,2,Leave Start,,CAD,CAN,2025-11-21 15:00:00,CORE_HR
EVT00116406,2025-11-11,EMP00062,CC0011,IT,1,Leave Start,,CAD,CA,2025-11-11 17:00:00,PAYROLL
EVT00116509,2025-11-04,EMP03825,CC0120,CR,5,Leave Return,,CAD,CAN,2025-11-04 22:00:00,CORE_HR
EVT00116728,2025-11-17,EMP01447,CC0092,EC,5,Step Increment,142140.12,CAD,CAN,2025-11-17 23:00:00,CORE_HR
EVT00116703,2025-11-22,EMP04259,CC0020,PA,3,Hire,81573.56,CAD,CAN,2025-11-23 10:00:00,CORE_HR
EVT00115844,2025-11-25,EMP00144,CC0106,FI,4,Step Increment,116425.73,CAD,CAN,2025-11-26 15:00:00,CORE_HR
EVT00117227,2025-11-09,EMP00963,CC0101,EC,2,Promotion,100771.81,CAD,CAN,2025-11-09 21:00:00,CORE_HR
EVT00116952,2025-11-27,EMP03353,CC0070,FI,3,Performance Pay,6541.04,CAD,CA,2025-11-27 21:00:00,PAYROLL
EVT00117173,2025-11-15,EMP03002,CC0012,IT,2,Step Increment,111467.93,CAD,CA,2025-11-16 06:00:00,PAYROLL
EVT00116695,2025-11-25,EMP03948,CC0063,CR,1,Step Increment,61260.88,CAD,CAN,2025-11-26 02:00:00,CORE_HR
EVT00116348,2025-11-11,EMP01564,CC0112,EX,2,Performance Pay,16089.65,CAD,CAN,2025-11-15 02:00:00,CORE_HR
EVT00115858,2025-11-11,EMP02039,CC0021,EC,1,Leave Return,,CAD,CAN,2025-11-12 07:00:00,CORE_HR
EVT00117536,2025-11-10,EMP04275,CC0093,CR,4,Leave Start,,CAD,CA,2025-11-10 18:00:00,PAYROLL
EVT00115813,2025-11-21,EMP01991,CC0102,PA,2,Performance Pay,4017.38,CAD,CAN,2025-11-21 23:00:00,CORE_HR
EVT00116423,2025-11-10,EMP00275,CC0090,EX,2,Step Increment,155008.66,CAD,CA,2025-11-10 13:00:00,PAYROLL
EVT00116558,2025-11-23,EMP01775,CC0015,EN,4,Leave Start,,CAD,CAN,2025-11-23 16:00:00,CORE_HR
EVT00116393,1900-01-01,EMP00551,CC0010,PA,2,Step Increment,82042.66,CAD,CAN,2025-11-04 14:00:00,CORE_HR
EVT00117300,2025-11-25,EMP03883,CC0103,IT,2,Departure,,CAD,CAN,2025-11-25 13:00:00,CORE_HR
EVT00117272,2025-11-01,EMP00204,CC0030,CR,2,Hire,3609396.49,INR,IN,2025-11-01 12:00:00,PAYROLL
EVT00117578,2025-11-18,EMP01251,CC0070,EN,3,Performance Pay,5419.85,CAD,CAN,2025-11-18 07:00:00,CORE_HR
EVT00116474,2025-11-11,EMP04351,CC0056,AS,1,Leave Start,,CAD,CAN,2025-11-11 13:00:00,CORE_HR
EVT00116243,2025-11-05,EMP02322,CC0058,CR,2,Performance Pay,8059.3,CAD,CAN,2025-11-06 11:00:00,CORE_HR
EVT00116194,2025-11-11,EMP04471,CC0079,PA,3,Performance Pay,5396.62,CAD,CA,2025-11-12 06:00:00,PAYROLL
EVT00116666,2025-11-20,EMP02372,CC0033,IT,5,Departure,,CAD,CAN,2025-11-21 10:00:00,CORE_HR
EVT00117406,2025-11-14,EMP02795,CC0031,PA,2,Leave Start,,EUR,DEU,2025-11-14 16:00:00,CORE_HR
EVT00117308,2025-11-11,EMP00394,CC0018,IT,3,Promotion,105377.4,CAD,CAN,2025-11-11 07:00:00,CORE_HR
EVT00117651,1900-01-01,EMP01863,CC0021,EN,5,Performance Pay,14270.52,CAD,CA,2025-11-11 11:00:00,PAYROLL
EVT00116844,2025-11-12,EMP00906,CC0024,FI,3,Step Increment,96290.73,CAD,CA,2025-11-13 13:00:00,PAYROLL
EVT00117217,2025-11-23,EMP03366,CC0036,PA,4,Step Increment,98482.62,CAD,CAN,2025-11-24 12:00:00,CORE_HR
EVT00116200,2025-11-21,EMP02935,CC0051,EC,2,Step Increment,87171.25,CAD,CAN,2025-11-21 11:00:00,CORE_HR
EVT00116922,2025-11-09,EMP03799,CC0120,PA,1,Step Increment,73629.05,CAD,CAN,2025-11-10 11:00:00,CORE_HR
EVT00116306,2025-11-17,EMP04804,CC0013,EX,2,Step Increment,166882.99,CAD,CAN,2025-11-18 04:00:00,CORE_HR
EVT00116370,2025-11-08,EMP02876,CC0057,IT,2,Leave Return,,CAD,CAN,2025-11-09 14:00:00,CORE_HR
EVT00116783,2025-11-24,EMP02635,CC0025,EX,2,Lateral Deployment,,CAD,CAN,2025-11-24 09:00:00,CORE_HR
EVT00116075,2025-11-11,EMP01737,CC0051,EN,3,Promotion,109098.2,CAD,CAN,2025-11-12 01:00:00,CORE_HR
EVT00117201,2025-11-25,EMP03323,CC0092,PA,2,Hire,77438.5,CAD,CAN,2025-11-25 09:00:00,CORE_HR
EVT00117245,2025-11-01,EMP02039,CC0021,EC,1,Performance Pay,7949.52,CAD,CA,2025-11-02 07:00:00,PAYROLL
EVT00116503,2025-11-02,EMP03834,CC0068,PA,5,Leave Start,,CAD,CA,2025-11-02 09:00:00,PAYROLL
EVT00115956,2025-11-22,EMP03275,CC0057,CR,1,Leave Return,,CAD,CA,2025-11-22 09:00:00,PAYROLL
EVT00116893,2025-11-21,EMP01548,CC0058,EX,1,Step Increment,149028.49,CAD,CA,2025-11-22 04:00:00,PAYROLL
EVT00115817,2025-11-20,EMP01869,CC0107,AS,1,Step Increment,66696.38,CAD,CA,2025-11-21 21:00:00,PAYROLL
EVT00117611,2025-11-20,EMP00362,CC0093,AS,1,Leave Start,,CAD,CA,2025-11-20 20:00:00,PAYROLL
EVT00117521,2025-11-12,EMP03847,CC0034,FI,1,Departure,,CAD,CA,2025-11-13 10:00:00,PAYROLL
EVT00115814,2025-11-17,EMP00049,CC0055,FI,2,Departure,,CAD,CAN,2025-11-17 06:00:00,CORE_HR
EVT00116528,2025-11-15,EMP02832,CC0106,EX,2,Step Increment,155828.38,CAD,CAN,2025-11-16 03:00:00,CORE_HR
EVT00117267,2025-11-20,EMP04693,CC0007,FI,2,Hire,71016.07,USD,USA,2025-11-21 06:00:00,CORE_HR
EVT00117311,2025-11-14,EMP01900,CC0110,AS,1,Hire,59043.23,CAD,CA,2025-11-14 18:00:00,PAYROLL
EVT00116900,2025-11-04,EMP00426,CC0033,AS,4,Hire,71366.92,CAD,CAN,2025-11-04 18:00:00,CORE_HR
EVT00117478,2025-11-10,EMP00335,CC0014,CR,2,Step Increment,58933.55,CAD,CAN,2025-11-10 15:00:00,CORE_HR
EVT00116908,2025-11-04,EMP03162,CC0100,PA,3,Leave Start,,CAD,CAN,2025-11-04 07:00:00,CORE_HR
EVT00117427,2025-11-06,EMP02529,CC0036,EN,3,Step Increment,108427.16,CAD,CAN,2025-11-07 08:00:00,CORE_HR
EVT00117160,2025-11-26,EMP00506,CC0097,PA,1,Promotion,66426.77,CAD,CA,2025-11-26 16:00:00,PAYROLL
EVT00116417,2025-11-26,EMP03970,CC0098,PA,4,Leave Return,,CAD,CA,2025-11-26 19:00:00,PAYROLL
EVT00117248,2025-11-13,EMP05034,CC0078,AS,2,Step Increment,70990.69,CAD,CA,2025-11-13 18:00:00,PAYROLL
EVT00117579,2025-11-24,EMP01346,CC0093,IT,5,Performance Pay,15561.72,CAD,CAN,2025-11-25 06:00:00,CORE_HR
EVT00117461,2025-11-19,EMP02453,CC0073,IT,1,Step Increment,81474.18,CAD,CAN,2025-11-20 01:00:00,CORE_HR
EVT00116934,2025-11-03,EMP00318,CC0037,AS,5,Step Increment,98558.84,CAD,CA,2025-11-06 15:00:00,PAYROLL
EVT00117527,2025-11-16,EMP04427,CC0120,IT,4,Step Increment,140779.72,CAD,CAN,2025-11-17 07:00:00,CORE_HR
EVT00116025,2025-11-26,EMP00278,CC0061,AS,5,Leave Start,,CAD,CA,2025-11-26 15:00:00,PAYROLL
EVT00117026,2025-11-03,EMP04978,CC0062,IT,3,Lateral Deployment,,CAD,CA,2025-11-04 03:00:00,PAYROLL
EVT00116960,2025-11-24,EMP02693,CC0011,PA,3,Step Increment,92580.37,CAD,CAN,2025-11-24 22:00:00,CORE_HR
EVT00117506,2025-11-14,EMP04009,CC0035,EX,1,Leave Return,,CAD,CAN,2025-11-14 08:00:00,CORE_HR
EVT00116882,2025-11-25,EMP02886,CC0072,AS,2,Step Increment,74095.46,CAD,CA,2025-11-26 01:00:00,PAYROLL
EVT00115953,2025-11-05,EMP03286,CC0025,IT,5,Performance Pay,6752.51,CAD,CAN,2025-11-06 13:00:00,CORE_HR
EVT00117389,2025-11-23,EMP03315,CC0073,EC,3,Step Increment,110140.94,CAD,CAN,2025-11-24 00:00:00,CORE_HR
EVT00117333,2025-11-12,EMP02463,CC0021,EN,1,Step Increment,83764.79,CAD,CAN,2025-11-12 11:00:00,CORE_HR
EVT00117431,2025-11-10,EMP01520,CC0010,PA,2,Performance Pay,8824.14,CAD,CAN,2025-11-11 12:00:00,CORE_HR
EVT00117523,2025-11-18,EMP03454,CC0054,CR,4,Leave Return,,INR,IND,2025-11-18 23:00:00,CORE_HR
EVT00116336,2025-11-17,EMP03594,CC0012,IT,2,Step Increment,73798.09,CAD,CAN,2025-11-17 11:00:00,CORE_HR
EVT00116162,2025-11-23,EMP03041,CC0109,PA,1,Hire,62225.84,CAD,CA,2025-11-23 08:00:00,PAYROLL
EVT00116299,2025-11-13,EMP04602,CC0051,AS,1,Leave Return,,CAD,CA,2025-11-14 06:00:00,PAYROLL
EVT00117395,2025-11-25,EMP03124,CC0055,EN,3,Lateral Deployment,,CAD,CA,2025-11-25 14:00:00,PAYROLL
EVT00117632,2025-11-09,EMP03979,CC0037,IT,3,Lateral Deployment,,CAD,CAN,2025-11-09 11:00:00,CORE_HR
EVT00116736,2025-11-20,EMP00314,CC0083,PA,3,Performance Pay,4224.78,CAD,CAN,2025-11-20 23:00:00,CORE_HR
EVT00117381,2025-11-02,EMP04785,CC0118,AS,3,Step Increment,70943.01,CAD,CAN,2025-11-03 07:00:00,CORE_HR
EVT00117022,2025-11-06,EMP00709,CC0029,AS,5,Leave Return,,MXN,MX,2025-11-07 09:00:00,PAYROLL
EVT00115833,2025-11-25,EMP02548,CC0117,AS,4,Step Increment,93316.29,CAD,CAN,2025-11-26 03:00:00,CORE_HR
EVT00117187,2025-11-05,EMP03909,CC0057,EN,5,Leave Start,,CAD,CA,2025-11-06 09:00:00,PAYROLL
EVT00117298,2025-11-10,EMP02170,CC0082,EX,2,Departure,,CAD,CA,2025-11-10 14:00:00,PAYROLL
EVT00116498,2025-11-21,EMP02352,CC0053,AS,3,Performance Pay,9383.88,CAD,CA,2025-11-22 03:00:00,PAYROLL
EVT00115998,2025-11-25,EMP02359,CC0038,EN,3,Leave Start,,CAD,CAN,2025-11-25 19:00:00,CORE_HR
EVT00116741,2025-11-17,EMP04470,CC0017,FI,4,Step Increment,125820.56,CAD,CAN,2025-11-17 15:00:00,CORE_HR
EVT00116355,2025-11-20,EMP03119,CC0116,IT,3,Leave Return,,CAD,CAN,2025-11-21 14:00:00,CORE_HR
EVT00116283,2025-11-22,EMP02692,CC0033,PA,4,Step Increment,92828.06,CAD,CA,2025-11-23 04:00:00,PAYROLL
EVT00117441,2025-11-24,EMP02423,CC0032,EX,1,Leave Start,,CAD,CAN,2025-11-24 15:00:00,CORE_HR
EVT00117664,2025-11-04,EMP03324,CC0016,FI,2,Leave Return,,CAD,CAN,2025-11-05 14:00:00,CORE_HR
EVT00116831,2025-11-18,EMP01156,CC0036,CR,2,Hire,66398.71,CAD,CAN,2025-11-19 12:00:00,CORE_HR
EVT00117256,2025-11-05,EMP01243,CC0074,FI,4,Step Increment,6866003.74,INR,IND,2025-11-05 21:00:00,CORE_HR
EVT00115975,2025-11-12,EMP04372,CC0086,FI,4,Departure,,MXN,MX,2025-11-13 04:00:00,PAYROLL
EVT00116100,2025-11-03,EMP00348,CC0113,AS,2,Leave Return,,CAD,CAN,2025-11-03 14:00:00,CORE_HR
EVT00116482,2025-11-22,EMP00644,CC0019,CR,3,Leave Return,,CAD,CAN,2025-11-22 08:00:00,CORE_HR
EVT00116778,2025-11-11,EMP03716,CC0024,EC,1,Leave Start,,CAD,CA,2025-11-12 11:00:00,PAYROLL
EVT00115898,2025-11-19,EMP04624,CC0037,AS,3,Step Increment,64928.08,CAD,CA,2025-11-20 03:00:00,PAYROLL
EVT00116434,2025-11-23,EMP05081,CC0092,IT,2,Step Increment,106940.89,CAD,CAN,2025-11-23 13:00:00,CORE_HR
EVT00117251,2025-11-23,EMP04837,CC0005,AS,5,Step Increment,86848.57,CAD,CA,2025-11-23 19:00:00,PAYROLL
EVT00116205,2025-11-11,EMP02022,CC0071,PA,1,Step Increment,64450.99,CAD,CAN,2025-11-12 12:00:00,CORE_HR
EVT00115910,2025-11-15,EMP02428,CC0078,AS,4,Lateral Deployment,,CAD,CAN,2025-11-16 14:00:00,CORE_HR
EVT00117286,2025-11-07,EMP04282,CC0057,PA,2,Leave Return,,CAD,CAN,2025-11-08 01:00:00,CORE_HR
EVT00116394,2025-11-13,EMP00072,CC0048,PA,1,Lateral Deployment,,CAD,CAN,2025-11-14 09:00:00,CORE_HR
EVT00116647,2025-11-13,EMP05197,CC0101,FI,2,Step Increment,89460.93,CAD,CAN,2025-11-13 12:00:00,CORE_HR
EVT00117162,2025-11-21,EMP03330,CC0067,CR,1,Step Increment,61371.65,CAD,CA,2025-11-21 07:00:00,PAYROLL
EVT00117660,2025-11-10,EMP00008,CC0072,EC,1,Step Increment,76858.07,CAD,CAN,2025-11-10 19:00:00,CORE_HR
EVT00116849,2025-11-04,EMP01249,CC0095,EX,1,Performance Pay,18067.56,CAD,CA,2025-11-04 21:00:00,PAYROLL
EVT00117246,2025-11-11,EMP01693,CC0015,EX,1,Lateral Deployment,,CAD,CAN,2025-11-11 19:00:00,CORE_HR
EVT00117337,2025-11-19,EMP00198,CC0092,IT,4,Step Increment,132918.37,CAD,CA,2025-11-19 13:00:00,PAYROLL
EVT00117237,2025-11-14,EMP00166,CC0028,PA,1,Step Increment,56556.25,CAD,CA,2025-11-15 03:00:00,PAYROLL
EVT00116663,2025-11-25,EMP00338,CC0040,CR,3,Hire,72916.59,CAD,CAN,2025-11-25 06:00:00,CORE_HR
EVT00116046,2025-11-26,EMP04830,CC0093,IT,1,Leave Return,,CAD,CA,2025-11-26 22:00:00,PAYROLL
EVT00117154,2025-11-23,EMP00839,CC0031,CR,3,Hire,6284334.64,JPY,JP,2025-11-23 12:00:00,PAYROLL
EVT00116199,2025-11-02,EMP01227,CC0095,EX,1,Step Increment,145139.27,CAD,CAN,2025-11-02 07:00:00,CORE_HR
EVT00116437,2025-11-19,EMP00749,CC0073,PA,3,Step Increment,81364.2,CAD,CA,2025-11-20 11:00:00,PAYROLL
EVT00116479,2025-11-12,EMP05089,CC0016,PA,1,Step Increment,65724.71,CAD,CA,2025-11-13 13:00:00,PAYROLL
EVT00117078,2025-11-09,EMP01720,CC0073,EN,2,Promotion,103979.7,CAD,CAN,2025-11-10 12:00:00,CORE_HR
EVT00117099,2025-11-10,EMP00100,CC0086,EX,2,Performance Pay,74951.75,BRL,BRA,2025-11-10 20:00:00,CORE_HR
EVT00116096,2025-11-10,EMP03989,CC0041,FI,3,Step Increment,119357.12,CAD,CAN,2025-11-10 11:00:00,CORE_HR
EVT00116341,2025-11-12,EMP04063,CC0076,CR,1,Promotion,59362.09,CAD,CAN,2025-11-13 02:00:00,CORE_HR
EVT00115950,2025-11-15,EMP02891,CC0007,PA,4,Step Increment,83178.69,EUR,FRA,2025-11-15 18:00:00,CORE_HR
EVT00115901,2025-11-23,EMP03615,CC0078,CR,2,Step Increment,59915.11,CAD,CA,2025-11-24 01:00:00,PAYROLL
EVT00117089,2025-11-08,EMP03408,CC0016,EC,1,Step Increment,73207.61,CAD,CAN,2025-11-08 10:00:00,CORE_HR
EVT00117270,2025-11-10,EMP02244,CC0115,AS,2,Step Increment,65005.41,CAD,CAN,2025-11-10 15:00:00,CORE_HR
EVT00116056,2025-11-10,EMP04257,CC0053,AS,2,Leave Start,,CAD,CAN,2025-11-11 07:00:00,CORE_HR
EVT00115794,2025-11-16,EMP01644,CC0086,EC,1,Leave Return,,SGD,SG,2025-11-16 17:00:00,PAYROLL
EVT00117148,2025-11-25,EMP02504,CC0117,AS,4,Step Increment,88427.67,CAD,CAN,2025-11-26 13:00:00,CORE_HR
EVT00116786,2025-11-24,EMP03519,CC0118,IT,3,Leave Return,,CAD,CA,2025-11-27 17:00:00,PAYROLL
EVT00116318,2025-11-05,EMP04207,CC0070,PA,2,Step Increment,83068.53,CAD,CA,2025-11-05 07:00:00,PAYROLL
EVT00116112,2025-11-16,EMP01752,CC0063,EN,2,Lateral Deployment,,CAD,CAN,2025-11-17 08:00:00,CORE_HR
EVT00117024,2025-11-02,EMP01925,CC0011,PA,1,Step Increment,72297.92,CAD,CA,2025-11-02 21:00:00,PAYROLL
EVT00117612,2025-11-20,EMP01318,CC0101,PA,2,Step Increment,60659.94,CAD,CA,2025-11-20 12:00:00,PAYROLL
EVT00115819,2025-11-20,EMP01946,CC0080,PA,2,Hire,7082965.34,JPY,JPN,2025-11-20 12:00:00,CORE_HR
EVT00116237,2025-11-13,EMP00951,CC0108,PA,3,Promotion,70160.86,EUR,DEU,2025-11-14 05:00:00,CORE_HR
EVT00116545,2025-11-09,EMP00033,CC0037,EC,2,Performance Pay,10160.87,CAD,CAN,2025-11-09 07:00:00,CORE_HR
EVT00116211,2025-11-01,EMP00443,CC0094,EC,1,Step Increment,81379.43,CAD,CAN,2025-11-02 00:00:00,CORE_HR
EVT00116156,2025-11-02,EMP02974,CC0075,EX,3,Lateral Deployment,,CAD,CA,2025-11-02 22:00:00,PAYROLL
EVT00116387,2025-11-14,EMP03055,CC0060,FI,4,Leave Start,,CAD,CAN,2025-11-15 03:00:00,CORE_HR
EVT00117353,2025-11-18,EMP02460,CC0068,PA,3,Lateral Deployment,,CAD,CAN,2025-11-18 14:00:00,CORE_HR
EVT00117380,2025-11-04,EMP03166,CC0040,EN,2,Step Increment,106695.36,CAD,CA,2025-11-04 17:00:00,PAYROLL
EVT00116642,2025-11-02,EMP04405,CC0091,IT,4,Leave Start,,CAD,CAN,2025-11-03 05:00:00,CORE_HR
EVT00115877,2025-11-22,EMP02693,CC0011,PA,3,Departure,,CAD,CAN,2025-11-22 21:00:00,CORE_HR
EVT00116665,2025-11-21,EMP04578,CC0103,AS,3,Lateral Deployment,,CAD,CAN,2025-11-23 08:00:00,CORE_HR
EVT00117409,2025-11-27,EMP03036,CC0114,PA,1,Leave Return,,CAD,CAN,2025-11-28 06:00:00,CORE_HR
EVT00116560,2025-11-20,EMP03152,CC0117,FI,2,Performance Pay,9495.61,CAD,CA,2025-11-20 17:00:00,PAYROLL
EVT00116329,2025-11-04,EMP02721,CC0085,FI,1,Promotion,64051.83,CAD,CAN,2025-11-05 13:00:00,CORE_HR
EVT00115883,2025-11-16,EMP00696,CC0087,PA,1,Departure,,CAD,CA,2025-11-16 22:00:00,PAYROLL
EVT00116419,2025-11-08,EMP01044,CC0088,PA,1,Step Increment,56826.31,EUR,DEU,2025-11-08 17:00:00,CORE_HR
EVT00116712,2025-11-19,EMP02041,CC0035,EC,4,Leave Return,,CAD,CA,2025-11-20 05:00:00,PAYROLL
EVT00117518,2025-11-12,EMP04591,CC0099,EX,1,Departure,,CAD,CA,2025-11-13 13:00:00,PAYROLL
EVT00115973,1900-01-01,EMP02565,CC0097,PA,5,Step Increment,97171.74,CAD,CA,2025-11-19 01:00:00,PAYROLL
EVT00115834,2025-11-01,EMP04239,CC0048,EC,2,Leave Start,,CAD,CA,2025-11-01 17:00:00,PAYROLL
EVT00116903,2025-11-27,EMP04166,CC0042,FI,2,Step Increment,89331.41,CAD,CA,2025-11-27 06:00:00,PAYROLL
EVT00117280,2025-11-27,EMP03362,CC0005,AS,3,Step Increment,74546.52,CAD,CA,2025-11-27 09:00:00,PAYROLL
EVT00116021,2025-11-23,EMP02388,CC0052,PA,1,Lateral Deployment,,CAD,CA,2025-11-24 01:00:00,PAYROLL
EVT00116138,2025-11-25,EMP04240,CC0003,IT,1,Step Increment,86310.2,CAD,CAN,2025-11-26 09:00:00,CORE_HR
EVT00117008,2025-11-06,EMP01713,CC0040,PA,2,Leave Start,,CAD,CAN,2025-11-07 10:00:00,CORE_HR
EVT00116918,2025-11-01,EMP05101,CC0079,IT,1,Lateral Deployment,,CAD,CAN,2025-11-02 05:00:00,CORE_HR
EVT00117181,2025-11-15,EMP03889,CC0066,PA,1,Step Increment,63566.21,CAD,CAN,2025-11-15 08:00:00,CORE_HR
EVT00117068,2025-11-20,EMP03658,CC0059,AS,3,Hire,74857.14,CAD,CA,2025-11-20 08:00:00,PAYROLL
EVT00116346,2025-11-21,EMP02766,CC0037,AS,4,Departure,,CAD,CAN,2025-11-21 19:00:00,CORE_HR
EVT00116660,2025-11-20,EMP02387,CC0022,AS,2,Promotion,75235.24,CAD,CAN,2025-11-20 07:00:00,CORE_HR
EVT00115818,2025-11-17,EMP03585,CC0099,AS,2,Leave Return,,CAD,CAN,2025-11-18 01:00:00,CORE_HR
EVT00115857,2025-11-26,EMP03512,CC0068,CR,4,Hire,81203.4,CAD,CAN,2025-11-26 09:00:00,CORE_HR
EVT00116919,2025-11-21,EMP01331,CC0010,AS,4,Step Increment,88765.21,CAD,CAN,2025-11-21 08:00:00,CORE_HR
EVT00116106,2025-11-23,EMP02860,CC0051,AS,2,Performance Pay,8402.93,CAD,CA,2025-11-23 19:00:00,PAYROLL
EVT00115787,2025-11-10,EMP02801,CC0053,FI,3,Leave Start,,CAD,CAN,2025-11-10 18:00:00,CORE_HR
EVT00117319,2025-11-19,EMP01584,CC0085,PA,5,Step Increment,99240.82,CAD,CAN,2025-11-19 14:00:00,CORE_HR
EVT00116022,2025-11-24,EMP01104,CC0048,CR,3,Lateral Deployment,,CAD,CAN,2025-11-24 16:00:00,CORE_HR
EVT00115769,2025-11-06,EMP02169,CC0027,EN,4,Leave Start,,CAD,CAN,2025-11-06 09:00:00,CORE_HR
EVT00117324,2025-11-10,EMP01422,CC0099,IT,2,Step Increment,97617.66,CAD,CAN,2025-11-11 06:00:00,CORE_HR
EVT00116761,2025-11-23,EMP03936,CC0033,FI,4,Leave Return,,CAD,CA,2025-11-23 16:00:00,PAYROLL
EVT00116010,2025-11-11,EMP03556,CC0110,FI,4,Lateral Deployment,,CAD,CAN,2025-11-11 08:00:00,CORE_HR
EVT00116590,2025-11-05,EMP04765,CC0043,PA,2,Lateral Deployment,,CAD,CA,2025-11-06 10:00:00,PAYROLL
EVT00117269,2025-11-03,EMP00003,CC0008,EC,1,Leave Return,,CAD,CAN,2025-11-03 10:00:00,CORE_HR
EVT00116755,2025-11-12,EMP04045,CC0014,AS,2,Step Increment,71198.51,CAD,CA,2025-11-13 08:00:00,PAYROLL
EVT00116102,2025-11-19,EMP00165,CC0101,EN,3,Leave Start,,CAD,CA,2025-11-19 23:00:00,PAYROLL
EVT00116239,2025-11-18,EMP03024,CC0035,IT,2,Hire,96940.82,CAD,CAN,2025-11-19 08:00:00,CORE_HR
EVT00115987,2025-11-11,EMP00601,CC0082,FI,4,Promotion,115084.65,CAD,CAN,2025-11-11 23:00:00,CORE_HR
EVT00116088,2025-11-03,EMP00931,CC0017,IT,1,Performance Pay,5419.95,CAD,CA,2025-11-04 11:00:00,PAYROLL
EVT00116832,2025-11-21,EMP04046,CC0046,PA,5,Step Increment,1653989.64,MXN,MEX,2025-11-21 15:00:00,CORE_HR
EVT00115827,2025-11-09,EMP03475,CC0047,EN,1,Leave Return,,CAD,CA,2025-11-09 08:00:00,PAYROLL
EVT00117116,2025-11-01,EMP05118,CC0018,PA,3,Leave Start,,CAD,CAN,2025-11-02 03:00:00,CORE_HR
EVT00116332,2025-11-23,EMP01319,CC0109,EX,1,Leave Return,,CAD,CAN,2025-11-23 06:00:00,CORE_HR
EVT00116349,2025-11-12,EMP00282,CC0057,EX,2,Lateral Deployment,,CAD,CA,2025-11-12 09:00:00,PAYROLL
EVT00117589,2025-11-27,EMP02618,CC0037,EN,4,Leave Return,,CAD,CAN,2025-11-27 12:00:00,CORE_HR
EVT00116627,2025-11-03,EMP00235,CC0016,EC,3,Step Increment,132773.38,CAD,CA,2025-11-04 01:00:00,PAYROLL
EVT00117576,2025-11-03,EMP04587,CC0086,FI,2,Leave Start,,GBP,GB,2025-11-04 12:00:00,PAYROLL
EVT00116348,2025-11-11,EMP01564,CC0112,EX,2,Performance Pay,16089.65,CAD,CAN,2025-11-12 11:00:00,CORE_HR
EVT00115816,2025-11-11,EMP02870,CC0015,CR,3,Performance Pay,9528.16,CAD,CA,2025-11-11 19:00:00,PAYROLL
EVT00116265,2025-11-26,EMP02332,CC0117,IT,2,Step Increment,83664.95,CAD,CA,2025-11-27 07:00:00,PAYROLL
EVT00115869,2025-11-16,EMP04516,CC0023,AS,3,Leave Return,,CAD,CAN,2025-11-16 21:00:00,CORE_HR
EVT00117626,2025-11-16,EMP00160,CC0075,PA,1,Step Increment,62538.71,CAD,CAN,2025-11-17 09:00:00,CORE_HR
EVT00116543,2025-11-26,EMP04769,CC0060,AS,1,Leave Return,,CAD,CAN,2025-11-26 12:00:00,CORE_HR
EVT00117692,2025-11-14,EMP01527,CC0066,PA,1,Lateral Deployment,,CAD,CAN,2025-11-15 03:00:00,CORE_HR
EVT00116376,2025-11-02,EMP03186,CC0106,CR,4,Step Increment,79266.52,CAD,CAN,2025-11-02 16:00:00,CORE_HR
EVT00115884,2025-11-11,EMP03345,CC0119,EX,1,Step Increment,148050.34,CAD,CA,2025-11-12 05:00:00,PAYROLL
EVT00117106,2025-11-18,EMP04182,CC0068,EN,5,Step Increment,150523.72,CAD,CAN,2025-11-19 14:00:00,CORE_HR
EVT00116957,2025-11-02,EMP00247,CC0087,FI,3,Lateral Deployment,,CAD,CA,2025-11-02 06:00:00,PAYROLL
EVT00115747,2025-11-10,EMP02552,CC0109,EC,4,Departure,,CAD,CAN,2025-11-11 08:00:00,CORE_HR
EVT00115921,2025-11-10,EMP03601,CC0026,CR,3,Leave Return,,CAD,CA,2025-11-11 00:00:00,PAYROLL
EVT00116748,2025-11-26,EMP02020,CC0001,FI,1,Leave Start,,CAD,CAN,2025-11-27 14:00:00,CORE_HR
EVT00115780,2025-11-08,EMP04269,CC0020,CR,2,Step Increment,78612.9,CAD,CAN,2025-11-08 17:00:00,CORE_HR
EVT00117076,2025-11-14,EMP04302,CC0053,AS,3,Step Increment,74063.76,CAD,CAN,2025-11-14 12:00:00,CORE_HR
EVT00117084,2025-11-10,EMP04589,CC0007,AS,2,Leave Start,,SGD,SG,2025-11-11 09:00:00,PAYROLL
EVT00116599,2025-11-12,EMP01401,CC0102,EC,2,Leave Return,,CAD,CAN,2025-11-12 22:00:00,CORE_HR
EVT00117236,2025-11-27,EMP03366,CC0036,PA,4,Leave Return,,CAD,CAN,2025-11-28 00:00:00,CORE_HR
EVT00117404,2025-11-13,EMP04907,CC0023,EX,1,Departure,,CAD,CA,2025-11-14 11:00:00,PAYROLL
EVT00117223,2025-11-27,EMP03170,CC0112,EX,1,Departure,,CAD,CA,2025-11-28 12:00:00,PAYROLL
EVT00115800,2025-11-14,EMP03341,CC0074,PA,2,Leave Return,,JPY,JPN,2025-11-15 11:00:00,CORE_HR
EVT00117480,2025-11-12,EMP00713,CC0004,AS,5,Step Increment,94578.31,CAD,CA,2025-11-12 21:00:00,PAYROLL
EVT00116484,2025-11-14,EMP04246,CC0109,EC,3,Lateral Deployment,,CAD,CA,2025-11-14 09:00:00,PAYROLL
EVT00117222,2025-11-04,EMP03791,CC0100,AS,5,Step Increment,98346.95,CAD,CA,2025-11-04 11:00:00,PAYROLL
EVT00117371,2025-11-11,EMP01624,CC0110,FI,2,Step Increment,94993.56,CAD,CAN,2025-11-11 20:00:00,CORE_HR
EVT00117549,2025-11-16,EMP05041,CC0010,FI,5,Hire,129823.46,CAD,CAN,2025-11-16 20:00:00,CORE_HR
EVT00116895,2025-11-05,EMP03923,CC0118,PA,4,Promotion,97670.03,CAD,CAN,2025-11-05 09:00:00,CORE_HR
EVT00117033,2025-11-12,EMP03375,CC0078,EC,4,Lateral Deployment,,CAD,CA,2025-11-12 21:00:00,PAYROLL
EVT00116098,2025-11-04,EMP01348,CC0054,AS,5,Step Increment,79806.48,EUR,FRA,2025-11-04 15:00:00,CORE_HR
EVT00117292,2025-11-02,EMP00127,CC0047,PA,1,Leave Return,,CAD,CA,2025-11-03 15:00:00,PAYROLL
EVT00116789,2025-11-17,EMP00478,CC0032,EC,3,Performance Pay,10675.1,CAD,CAN,2025-11-18 15:00:00,CORE_HR
EVT00117616,2025-11-10,EMP03649,CC0044,IT,2,Step Increment,99434.33,CAD,CA,2025-11-10 10:00:00,PAYROLL
EVT00116912,2025-11-07,EMP00697,CC0041,FI,4,Step Increment,100607.01,CAD,CAN,2025-11-07 17:00:00,CORE_HR
EVT00116926,2025-11-07,EMP04106,CC0120,PA,3,Leave Start,,CAD,CA,2025-11-07 11:00:00,PAYROLL
EVT00117595,2025-11-06,EMP04260,CC0114,IT,4,Hire,135426.1,CAD,CA,2025-11-06 23:00:00,PAYROLL
EVT00116184,2025-11-01,EMP02137,CC0049,PA,3,Lateral Deployment,,EUR,DE,2025-11-02 04:00:00,PAYROLL
EVT00116291,2025-11-20,EMP04314,CC0019,EN,1,Performance Pay,4488.13,CAD,CA,2025-11-20 16:00:00,PAYROLL
EVT00116890,2025-11-25,EMP04367,CC0049,PA,1,Performance Pay,373714.67,INR,IND,2025-11-26 09:00:00,CORE_HR
EVT00116017,2025-11-24,EMP01966,CC0068,EC,1,Step Increment,84622.47,CAD,CAN,2025-11-25 07:00:00,CORE_HR
EVT00116093,2025-11-22,EMP01176,CC0083,AS,1,Lateral Deployment,,CAD,CA,2025-11-22 19:00:00,PAYROLL
EVT00116230,2025-11-26,EMP05097,CC0110,EN,4,Leave Return,,CAD,CAN,2025-11-27 07:00:00,CORE_HR
EVT00117241,2025-11-24,EMP04645,CC0085,FI,1,Step Increment,77937.07,CAD,CAN,2025-11-25 08:00:00,CORE_HR
EVT00116064,2025-11-19,EMP04431,CC0066,EX,1,Step Increment,151871.62,CAD,CAN,2025-11-19 08:00:00,CORE_HR
EVT00117291,2025-11-21,EMP04103,CC0030,EX,3,Performance Pay,11674.76,EUR,FRA,2025-11-22 13:00:00,CORE_HR
EVT00116027,2025-11-27,EMP00747,CC0105,PA,1,Leave Return,,INR,IND,2025-11-27 18:00:00,CORE_HR
EVT00117338,2025-11-08,EMP04170,CC0053,PA,1,Step Increment,63492.55,CAD,CAN,2025-11-08 23:00:00,CORE_HR
EVT00116413,2025-11-26,EMP01222,CC0071,IT,1,Hire,91996.81,CAD,CA,2025-11-27 12:00:00,PAYROLL
EVT00115737,2025-11-11,EMP04269,CC0020,CR,2,Step Increment,63850.71,CAD,CA,2025-11-12 13:00:00,PAYROLL
EVT00116080,2025-11-06,EMP03183,CC0055,CR,4,Performance Pay,5252.65,CAD,CA,2025-11-07 10:00:00,PAYROLL
EVT00117016,2025-11-01,EMP03205,CC0115,IT,2,Lateral Deployment,,CAD,CAN,2025-11-02 07:00:00,CORE_HR
EVT00115781,2025-11-15,EMP03933,CC0029,AS,4,Leave Start,,GBP,GBR,2025-11-16 11:00:00,CORE_HR
EVT00116214,2025-11-15,EMP04566,CC0045,FI,3,Step Increment,101114.98,CAD,CAN,2025-11-15 06:00:00,CORE_HR
EVT00116696,2025-11-16,EMP04356,CC0039,IT,3,Promotion,116780.71,CAD,CA,2025-11-17 09:00:00,PAYROLL
EVT00115978,2025-11-01,EMP02567,CC0043,EX,2,Step Increment,154218.21,CAD,CAN,2025-11-02 06:00:00,CORE_HR
EVT00116197,2025-11-10,EMP00063,CC0075,EN,1,Step Increment,86117.38,CAD,CAN,2025-11-11 08:00:00,CORE_HR
EVT00117313,2025-11-20,EMP04485,CC0037,AS,3,Hire,73304.21,CAD,CA,2025-11-20 11:00:00,PAYROLL
EVT00117199,2025-11-26,EMP03807,CC0031,AS,2,Leave Return,,GBP,GB,2025-11-27 14:00:00,PAYROLL
EVT00116272,2025-11-24,EMP02262,CC0100,FI,2,Lateral Deployment,,CAD,CAN,2025-11-24 19:00:00,CORE_HR
EVT00116335,2025-11-13,EMP00711,CC0070,PA,4,Lateral Deployment,,CAD,CAN,2025-11-14 03:00:00,CORE_HR
EVT00116971,2025-11-22,EMP03600,CC0049,AS,2,Step Increment,1007235.67,MXN,MEX,2025-11-22 06:00:00,CORE_HR
EVT00116856,2025-11-12,EMP01014,CC0076,CR,4,Performance Pay,8085.91,CAD,CAN,2025-11-13 12:00:00,CORE_HR
EVT00117054,2025-11-10,EMP04553,CC0006,AS,2,Departure,,CAD,CAN,2025-11-11 11:00:00,CORE_HR
EVT00116410,2025-11-13,EMP03790,CC0031,PA,4,Departure,,GBP,GBR,2025-11-14 04:00:00,CORE_HR
EVT00116380,2025-11-07,EMP00500,CC0042,PA,1,Step Increment,67557.14,CAD,CAN,2025-11-07 08:00:00,CORE_HR
EVT00116502,2025-11-04,EMP03257,CC0109,EC,1,Lateral Deployment,,CAD,CAN,2025-11-04 20:00:00,CORE_HR
EVT00116591,2025-11-12,EMP02164,CC0080,PA,2,Leave Start,,AUD,AUS,2025-11-13 12:00:00,CORE_HR
EVT00116649,2025-11-21,EMP01534,CC0044,EN,4,Step Increment,138575.23,CAD,CAN,2025-11-21 22:00:00,CORE_HR
EVT00116495,2025-11-06,EMP00715,CC0064,FI,1,Leave Start,,CAD,CAN,2025-11-07 05:00:00,CORE_HR
EVT00116160,2025-11-21,EMP02212,CC0069,FI,2,Leave Return,,CAD,CA,2025-11-22 01:00:00,PAYROLL
EVT00117689,2025-11-26,EMP04386,CC0054,EC,1,Step Increment,54607.5,EUR,DE,2025-11-27 12:00:00,PAYROLL
EVT00115752,2025-11-08,EMP03486,CC0058,PA,3,Step Increment,65193.19,CAD,CAN,2025-11-09 08:00:00,CORE_HR
EVT00117697,2025-11-12,EMP00167,CC0022,FI,1,Step Increment,79334.87,CAD,CA,2025-11-13 11:00:00,PAYROLL
EVT00116116,2025-11-23,EMP03159,CC0042,FI,2,Leave Start,,CAD,CA,2025-11-25 13:00:00,PAYROLL
EVT00117273,2025-11-17,EMP04783,CC0092,FI,1,Lateral Deployment,,CAD,CAN,2025-11-18 05:00:00,CORE_HR
EVT00116289,2025-11-11,EMP02621,CC0118,AS,5,Lateral Deployment,,CAD,CA,2025-11-12 11:00:00,PAYROLL
EVT00117532,2025-11-23,EMP03052,CC0093,PA,4,Step Increment,82157.92,CAD,CA,2025-11-23 23:00:00,PAYROLL
EVT00116924,2025-11-12,EMP03122,CC0058,EN,2,Performance Pay,6937.88,CAD,CAN,2025-11-12 20:00:00,CORE_HR
EVT00116141,2025-11-13,EMP02878,CC0018,AS,2,Leave Start,,CAD,CAN,2025-11-14 10:00:00,CORE_HR
EVT00117474,2025-11-16,EMP03263,CC0015,IT,1,Step Increment,82466.84,CAD,CAN,2025-11-16 12:00:00,CORE_HR
EVT00116201,2025-11-18,EMP03499,CC0044,CR,2,Leave Start,,CAD,CA,2025-11-18 09:00:00,PAYROLL
EVT00116547,2025-11-16,EMP03119,CC0116,IT,3,Step Increment,110687.53,CAD,CAN,2025-11-17 01:00:00,CORE_HR
EVT00116678,2025-11-17,EMP02225,CC0096,PA,2,Departure,,CAD,CAN,2025-11-17 11:00:00,CORE_HR
EVT00116562,2025-11-22,EMP03515,CC0071,PA,4,Leave Return,,CAD,CAN,2025-11-22 07:00:00,CORE_HR
EVT00117335,2025-11-11,EMP00911,CC0005,AS,3,Leave Return,,CAD,CAN,2025-11-11 09:00:00,CORE_HR
EVT00116449,2025-11-18,EMP01547,CC0093,PA,3,Performance Pay,9207.16,CAD,CAN,2025-11-18 21:00:00,CORE_HR
EVT00116973,2025-11-08,EMP03271,CC0011,PA,3,Lateral Deployment,,CAD,CA,2025-11-09 19:00:00,PAYROLL
EVT00117458,2025-11-23,EMP03693,CC0048,FI,2,Lateral Deployment,,CAD,CAN,2025-11-23 09:00:00,CORE_HR
EVT00117013,2025-11-04,EMP04588,CC0072,EN,2,Step Increment,103679.83,CAD,CA,2025-11-05 12:00:00,PAYROLL
EVT00117090,2025-11-18,EMP00908,CC0041,EN,4,Departure,,CAD,CA,2025-11-18 07:00:00,PAYROLL
EVT00117036,2025-11-16,EMP03362,CC0005,AS,3,Performance Pay,3516.85,CAD,CA,2025-11-16 15:00:00,PAYROLL
EVT00117369,2025-11-14,EMP02262,CC0100,FI,2,Step Increment,90772.89,CAD,CAN,2025-11-14 14:00:00,CORE_HR
EVT00117040,2025-11-18,EMP00726,CC0016,EN,1,Leave Start,,CAD,CA,2025-11-19 04:00:00,PAYROLL
EVT00116210,2025-11-20,EMP04933,CC0025,EX,2,Departure,,CAD,CAN,2025-11-20 08:00:00,CORE_HR
EVT00117035,2025-11-10,EMP01007,CC0019,IT,1,Step Increment,92425.23,CAD,CA,2025-11-10 15:00:00,PAYROLL
EVT00116152,2025-11-21,EMP02112,CC0014,EX,1,Promotion,139198.58,CAD,CAN,2025-11-22 11:00:00,CORE_HR
EVT00117356,2025-11-16,EMP05147,CC0030,IT,1,Leave Start,,EUR,FRA,2025-11-16 16:00:00,CORE_HR
EVT00116119,2025-11-13,EMP04480,CC0092,PA,4,Departure,,CAD,CA,2025-11-13 06:00:00,PAYROLL
EVT00116796,2025-11-02,EMP01919,CC0072,AS,5,Performance Pay,4400.9,CAD,CAN,2025-11-03 08:00:00,CORE_HR
EVT00116640,2025-11-27,EMP00605,CC0069,IT,1,Lateral Deployment,,CAD,CA,2025-11-27 10:00:00,PAYROLL
EVT00117570,2025-11-27,EMP02473,CC0060,PA,4,Leave Start,,CAD,CAN,2025-11-28 09:00:00,CORE_HR
EVT00116861,2025-11-05,EMP03667,CC0095,EN,1,Leave Start,,CAD,CA,2025-11-05 15:00:00,PAYROLL
EVT00117511,2025-11-03,EMP04955,CC0041,PA,3,Step Increment,85616.77,CAD,CAN,2025-11-03 21:00:00,CORE_HR
EVT00117655,2025-11-02,EMP00485,CC0101,PA,3,Step Increment,95238.11,CAD,CA,2025-11-03 15:00:00,PAYROLL
EVT00117627,2025-11-21,EMP04098,CC0111,PA,1,Performance Pay,24641.13,AED,ARE,2025-11-22 15:00:00,CORE_HR
EVT00116593,2025-11-18,EMP02548,CC0117,AS,4,Step Increment,77678.83,CAD,CA,2025-11-19 03:00:00,PAYROLL
EVT00116620,2025-11-19,EMP02704,CC0074,IT,3,Leave Start,,GBP,GB,2025-11-20 02:00:00,PAYROLL
EVT00116316,2025-11-12,EMP05022,CC0090,IT,3,Step Increment,117917.17,CAD,CA,2025-11-12 22:00:00,PAYROLL
EVT00117605,2025-11-18,EMP03334,CC0087,AS,2,Step Increment,64050.99,CAD,CA,2025-11-18 10:00:00,PAYROLL
EVT00116489,2025-11-17,EMP00130,CC0026,FI,2,Hire,82133.63,CAD,CAN,2025-11-18 04:00:00,CORE_HR
EVT00117260,2025-11-26,EMP04724,CC0033,FI,2,Step Increment,94372.63,CAD,CA,2025-11-27 02:00:00,PAYROLL
EVT00117397,2025-11-14,EMP00923,CC0118,EX,1,Step Increment,140191.34,CAD,CA,2025-11-15 03:00:00,PAYROLL
EVT00115821,2025-11-27,EMP01225,CC0048,FI,2,Performance Pay,12691.54,CAD,CA,2025-11-28 13:00:00,PAYROLL
EVT00116040,2025-11-25,EMP00184,CC0039,PA,1,Lateral Deployment,,CAD,CA,2025-11-25 14:00:00,PAYROLL
EVT00116457,2025-11-25,EMP00389,CC0113,EC,3,Step Increment,125949.7,CAD,CAN,2025-11-26 05:00:00,CORE_HR
EVT00116427,2025-11-23,EMP04197,CC0118,FI,2,Step Increment,83155.45,CAD,CA,2025-11-23 11:00:00,PAYROLL
EVT00116791,2025-11-19,EMP05159,CC0115,IT,3,Performance Pay,14437.65,CAD,CAN,2025-11-20 05:00:00,CORE_HR
EVT00115938,2025-11-05,EMP04913,CC0101,PA,3,Step Increment,85291.81,CAD,CAN,2025-11-06 09:00:00,CORE_HR
EVT00116707,2025-11-07,EMP04771,CC0026,EN,3,Lateral Deployment,,CAD,CAN,2025-11-08 12:00:00,CORE_HR
EVT00117230,2025-11-24,EMP00700,CC0111,EN,3,Departure,,JPY,JPN,2025-11-24 19:00:00,CORE_HR
EVT00116512,2025-11-01,EMP03976,CC0069,EX,1,Promotion,155254.65,CAD,CA,2025-11-01 22:00:00,PAYROLL
EVT00116672,2025-11-03,EMP03982,CC0014,EC,1,Leave Return,,CAD,CA,2025-11-04 03:00:00,PAYROLL
EVT00115742,2025-11-04,EMP00071,CC0081,EX,2,Step Increment,177744.07,CAD,CAN,2025-11-04 16:00:00,CORE_HR
EVT00117267,2025-11-20,EMP04693,CC0007,FI,2,Hire,71016.07,USD,USA,2025-11-23 06:00:00,CORE_HR
EVT00116989,2025-11-11,EMP04450,CC0016,EC,4,Step Increment,112350.62,CAD,CAN,2025-11-14 18:00:00,CORE_HR
EVT00117481,2025-11-10,EMP03291,CC0004,CR,3,Step Increment,63379.19,CAD,CAN,2025-11-11 03:00:00,CORE_HR
EVT00116780,2025-11-01,EMP02027,CC0036,IT,4,Departure,,CAD,CAN,2025-11-01 22:00:00,CORE_HR
EVT00116997,2025-11-16,EMP02654,CC0068,IT,4,Leave Start,,CAD,CA,2025-11-16 20:00:00,PAYROLL
EVT00116570,2025-11-04,EMP03890,CC0096,EC,1,Step Increment,83342.08,CAD,CAN,2025-11-04 13:00:00,CORE_HR
EVT00117584,2025-11-18,EMP02099,CC0092,PA,2,Performance Pay,4248.99,CAD,CAN,2025-11-18 10:00:00,CORE_HR
EVT00116315,2025-11-06,EMP03061,CC0031,EC,2,Leave Return,,SGD,SGP,2025-11-06 07:00:00,CORE_HR
EVT00116324,2025-11-22,EMP01090,CC0067,AS,1,Leave Return,,CAD,CA,2025-11-22 11:00:00,PAYROLL
EVT00116303,2025-11-14,EMP03137,CC0051,EC,3,Leave Start,,CAD,CAN,2025-11-15 04:00:00,CORE_HR
EVT00116788,2025-11-02,EMP05186,CC0069,CR,2,Promotion,71587.63,CAD,CAN,2025-11-03 11:00:00,CORE_HR
EVT00117508,2025-11-08,EMP05170,CC0096,CR,1,Step Increment,52032.06,CAD,CA,2025-11-08 20:00:00,PAYROLL
EVT00117608,2025-11-23,EMP05146,CC0015,CR,4,Hire,77518.36,CAD,CAN,2025-11-24 11:00:00,CORE_HR
EVT00116734,2025-11-16,EMP01455,CC0116,AS,5,Step Increment,86493.78,CAD,CA,2025-11-16 20:00:00,PAYROLL
EVT00116684,2025-11-18,EMP02876,CC0057,IT,2,Leave Return,,CAD,CAN,2025-11-18 12:00:00,CORE_HR
EVT00116374,2025-11-17,EMP03138,CC0006,FI,2,Performance Pay,12474.42,CAD,CA,2025-11-18 04:00:00,PAYROLL
EVT00116869,2025-11-22,EMP01456,CC0044,CR,1,Lateral Deployment,,CAD,CA,2025-11-22 15:00:00,PAYROLL
EVT00117400,2025-11-09,EMP02746,CC0084,CR,4,Step Increment,79202.26,CAD,CAN,2025-11-09 21:00:00,CORE_HR
EVT00116020,2025-11-03,EMP05142,CC0057,AS,2,Lateral Deployment,,CAD,CA,2025-11-05 08:00:00,PAYROLL
EVT00117519,2025-11-03,EMP03137,CC0051,EC,3,Step Increment,113784.49,CAD,CAN,2025-11-04 13:00:00,CORE_HR
EVT00117113,2025-11-26,EMP03672,CC0052,AS,2,Hire,75449.55,CAD,CAN,2025-11-27 09:00:00,CORE_HR
EVT00116486,2025-11-05,EMP03870,CC0049,AS,3,Hire,67350.79,USD,US,2025-11-06 03:00:00,PAYROLL
EVT00117141,2025-11-03,EMP00501,CC0006,FI,1,Lateral Deployment,,CAD,CA,2025-11-03 12:00:00,PAYROLL
EVT00116192,2025-11-09,EMP02322,CC0058,CR,2,Step Increment,64869.15,CAD,CAN,2025-11-09 22:00:00,CORE_HR
EVT00116500,2025-11-23,EMP02621,CC0118,AS,5,Departure,,CAD,CA,2025-11-23 14:00:00,PAYROLL
EVT00117377,2025-11-26,EMP01248,CC0053,EC,1,Leave Start,,CAD,CA,2025-11-27 12:00:00,PAYROLL
EVT00117626,2025-11-16,EMP00160,CC0075,PA,1,Step Increment,62538.71,CAD,CAN,2025-11-17 07:00:00,CORE_HR
EVT00116039,2025-11-21,EMP04519,CC0036,FI,2,Lateral Deployment,,CAD,CA,2025-11-24 01:00:00,PAYROLL
EVT00117322,2025-11-04,EMP00749,CC0073,PA,3,Performance Pay,6409.2,CAD,CAN,2025-11-06 12:00:00,CORE_HR
EVT00116521,2025-11-24,EMP02104,CC0084,EX,1,Departure,,CAD,CAN,2025-11-24 10:00:00,CORE_HR
EVT00116431,2025-11-21,EMP00148,CC0005,EC,3,Step Increment,112104.64,CAD,CAN,2025-11-21 09:00:00,CORE_HR
EVT00117055,2025-11-13,EMP00570,CC0104,FI,2,Performance Pay,12433.98,CAD,CA,2025-11-13 15:00:00,PAYROLL
EVT00115836,2025-11-06,EMP04298,CC0083,IT,1,Step Increment,99535.77,CAD,CA,2025-11-07 00:00:00,PAYROLL
EVT00117504,2025-11-09,EMP01749,CC0076,CR,5,Step Increment,76381.8,CAD,CAN,2025-11-09 12:00:00,CORE_HR
EVT00116508,2025-11-23,EMP02992,CC0116,IT,3,Step Increment,93056.59,CAD,CAN,2025-11-24 00:00:00,CORE_HR
EVT00117257,2025-11-14,EMP01208,CC0032,AS,3,Leave Start,,CAD,CA,2025-11-14 17:00:00,PAYROLL
EVT00116798,2025-11-25,EMP02474,CC0110,IT,2,Leave Start,,CAD,CA,2025-11-25 06:00:00,PAYROLL
EVT00116665,2025-11-21,EMP04578,CC0103,AS,3,Lateral Deployment,,CAD,CAN,2025-11-21 17:00:00,CORE_HR
EVT00115959,2025-11-22,EMP03139,CC0111,AS,1,Departure,,BRL,BRA,2025-11-23 03:00:00,CORE_HR
EVT00116668,2025-11-09,EMP04506,CC0021,IT,4,Leave Start,,CAD,CAN,2025-11-10 07:00:00,CORE_HR
EVT00117378,2025-11-10,EMP04190,CC0009,CR,2,Step Increment,180795.81,AED,ARE,2025-11-10 16:00:00,CORE_HR
EVT00116648,2025-11-07,EMP01536,CC0082,EC,2,Performance Pay,5704.64,CAD,CAN,2025-11-07 23:00:00,CORE_HR
EVT00116963,2025-11-05,EMP02220,CC0061,PA,1,Leave Start,,CAD,CAN,2025-11-05 18:00:00,CORE_HR
EVT00116828,2025-11-13,EMP02045,CC0095,EN,1,Departure,,CAD,CAN,2025-11-13 17:00:00,CORE_HR
EVT00116538,2025-11-12,EMP02829,CC0028,PA,5,Leave Return,,CAD,CA,2025-11-12 12:00:00,PAYROLL
EVT00115912,2025-11-25,EMP03624,CC0078,EC,1,Step Increment,84922.41,CAD,CAN,2025-11-26 08:00:00,CORE_HR
EVT00117582,2025-11-08,EMP00865,CC0055,EN,2,Performance Pay,7754.05,CAD,CA,2025-11-09 02:00:00,PAYROLL
EVT00115734,2025-11-02,EMP05092,CC0099,IT,1,Hire,88079.6,CAD,CAN,2025-11-02 14:00:00,CORE_HR
EVT00117250,2025-11-20,EMP01366,CC0026,PA,3,Hire,112384.58,CAD,CA,2025-11-21 08:00:00,PAYROLL
EVT00116929,2025-11-05,EMP04226,CC0115,PA,1,Step Increment,69758.53,CAD,CAN,2025-11-06 15:00:00,CORE_HR
EVT00116632,2025-11-11,EMP03565,CC0104,PA,2,Leave Return,,CAD,CA,2025-11-12 04:00:00,PAYROLL
EVT00115760,2025-11-16,EMP04667,CC0063,IT,2,Step Increment,98931.53,CAD,CAN,2025-11-17 11:00:00,CORE_HR
EVT00117061,2025-11-10,EMP02437,CC0024,EC,4,Performance Pay,9313.61,CAD,CA,2025-11-10 12:00:00,PAYROLL
EVT00116881,2025-11-19,EMP04324,CC0083,PA,4,Performance Pay,9417.13,CAD,CA,2025-11-20 07:00:00,PAYROLL
EVT00117117,2025-11-16,EMP02579,CC0029,EN,2,Performance Pay,675877.63,INR,IN,2025-11-16 14:00:00,PAYROLL
EVT00117274,2025-11-07,EMP02216,CC0083,EX,1,Step Increment,132974.74,CAD,CA,2025-11-08 08:00:00,PAYROLL
EVT00116911,2025-11-01,EMP00820,CC0069,PA,3,Promotion,86981.9,CAD,CAN,2025-11-02 13:00:00,CORE_HR
EVT00116149,2025-11-02,EMP02673,CC0039,EN,2,Leave Start,,CAD,CA,2025-11-02 13:00:00,PAYROLL
EVT00116218,2025-11-08,EMP00522,CC0037,IT,4,Promotion,119356.43,CAD,CA,2025-11-08 09:00:00,PAYROLL
EVT00116968,2025-11-02,EMP04120,CC0040,AS,3,Step Increment,71042.69,CAD,CA,2025-11-02 08:00:00,PAYROLL
EVT00115756,2025-11-12,EMP03920,CC0074,EC,4,Leave Return,,INR,IND,2025-11-14 15:00:00,CORE_HR
EVT00115859,2025-11-16,EMP04147,CC0064,EN,3,Step Increment,108289.79,CAD,CAN,2025-11-16 14:00:00,CORE_HR
EVT00116516,2025-11-26,EMP04230,CC0050,PA,4,Step Increment,94324.96,CAD,CA,2025-11-26 08:00:00,PAYROLL
EVT00115903,2025-11-26,EMP00789,CC0038,AS,1,Leave Return,,CAD,CAN,2025-11-27 02:00:00,CORE_HR
EVT00117152,2025-11-18,EMP00623,CC0045,IT,2,Lateral Deployment,,CAD,CA,2025-11-18 07:00:00,PAYROLL
EVT00115754,2025-11-03,EMP03996,CC0119,PA,2,Step Increment,63292.13,CAD,CA,2025-11-03 16:00:00,PAYROLL
EVT00117053,2025-11-19,EMP04500,CC0003,EN,5,Leave Return,,CAD,CA,2025-11-19 14:00:00,PAYROLL
EVT00117218,2025-11-09,EMP00682,CC0081,IT,3,Leave Return,,CAD,CAN,2025-11-09 13:00:00,CORE_HR
EVT00116446,2025-11-10,EMP03458,CC0002,EX,1,Step Increment,144682.47,CAD,CA,2025-11-10 15:00:00,PAYROLL
EVT00116868,2025-11-13,EMP03837,CC0103,IT,5,Leave Return,,CAD,CAN,2025-11-14 07:00:00,CORE_HR
EVT00116461,2025-11-02,EMP03685,CC0017,IT,2,Departure,,CAD,CAN,2025-11-03 04:00:00,CORE_HR
EVT00116841,2025-11-08,EMP04796,CC0006,IT,1,Step Increment,94084.75,CAD,CAN,2025-11-09 07:00:00,CORE_HR
EVT00116721,2025-11-25,EMP01514,CC0012,IT,5,Departure,,CAD,CAN,2025-11-25 08:00:00,CORE_HR
EVT00117422,2025-11-18,EMP02612,CC0114,EN,1,Step Increment,65662.5,CAD,CA,2025-11-18 11:00:00,PAYROLL
EVT00117007,2025-11-13,EMP00481,CC0083,EX,1,Performance Pay,18676.94,CAD,CAN,2025-11-13 07:00:00,CORE_HR
EVT00117003,2025-11-03,EMP01206,CC0109,EN,3,Performance Pay,5580.53,CAD,CAN,2025-11-04 03:00:00,CORE_HR
EVT00116812,2025-11-20,EMP01991,CC0102,PA,2,Leave Return,,CAD,CAN,2025-11-20 14:00:00,CORE_HR
EVT00117210,2025-11-08,EMP00375,CC0083,PA,1,Performance Pay,8826.28,CAD,CA,2025-11-09 14:00:00,PAYROLL
EVT00116079,2025-11-15,EMP04470,CC0017,FI,4,Departure,,CAD,CAN,2025-11-15 08:00:00,CORE_HR
EVT00116515,2025-11-06,EMP00738,CC0061,EX,1,Step Increment,153021.71,CAD,CA,2025-11-07 06:00:00,PAYROLL
EVT00116059,2025-11-16,EMP04842,CC0055,PA,1,Step Increment,67280.84,CAD,CAN,2025-11-16 20:00:00,CORE_HR
EVT00116907,2025-11-11,EMP04625,CC0022,PA,3,Step Increment,89995.26,CAD,CAN,2025-11-11 18:00:00,CORE_HR
EVT00116605,2025-11-24,EMP03903,CC0034,FI,4,Departure,,CAD,CA,2025-11-25 03:00:00,PAYROLL
EVT00117533,2025-11-02,EMP04137,CC0085,CR,4,Step Increment,70168.72,CAD,CA,2025-11-02 10:00:00,PAYROLL
EVT00116323,2025-11-19,EMP02609,CC0005,PA,2,Performance Pay,9792.25,CAD,CA,2025-11-19 23:00:00,PAYROLL
EVT00116224,2025-11-22,EMP00121,CC0113,FI,2,Lateral Deployment,,CAD,CA,2025-11-22 12:00:00,PAYROLL
EVT00117630,2025-11-27,EMP02433,CC0090,AS,1,Performance Pay,3723.81,CAD,CAN,2025-11-28 03:00:00,CORE_HR
EVT00116469,2025-11-05,EMP00747,CC0105,PA,1,Leave Start,,KES,KEN,2025-11-05 21:00:00,CORE_HR
EVT00117573,2025-11-04,EMP03316,CC0009,EX,1,Step Increment,8151710.11,INR,IND,2025-11-05 05:00:00,CORE_HR
EVT00117264,2025-11-02,EMP01095,CC0017,PA,1,Lateral Deployment,,CAD,CAN,2025-11-03 07:00:00,CORE_HR
EVT00116377,2025-11-27,EMP05120,CC0060,EX,1,Step Increment,125367.53,CAD,CAN,2025-11-27 12:00:00,CORE_HR
EVT00117366,2025-11-12,EMP00556,CC0063,AS,1,Leave Start,,CAD,CAN,2025-11-14 06:00:00,CORE_HR
EVT00117137,2025-11-14,EMP05041,CC0010,FI,5,Step Increment,119428.02,CAD,CAN,2025-11-15 13:00:00,CORE_HR
EVT00116999,2025-11-19,EMP03768,CC0049,FI,3,Hire,349537.8,BRL,BRA,2025-11-20 14:00:00,CORE_HR
EVT00116124,2025-11-03,EMP03420,CC0107,EC,1,Performance Pay,10836.7,CAD,CAN,2025-11-03 23:00:00,CORE_HR
EVT00117143,2025-11-07,EMP03929,CC0081,CR,3,Hire,71305.24,CAD,CAN,2025-11-08 04:00:00,CORE_HR
EVT00115855,2025-11-02,EMP00251,CC0084,FI,4,Step Increment,117327.5,CAD,CA,2025-11-03 00:00:00,PAYROLL
EVT00117157,2025-11-10,EMP03565,CC0104,PA,2,Lateral Deployment,,CAD,CA,2025-11-11 14:00:00,PAYROLL
EVT00115982,2025-11-02,EMP00524,CC0057,PA,4,Hire,106281.64,CAD,CAN,2025-11-03 08:00:00,CORE_HR
EVT00116388,2025-11-01,EMP02333,CC0109,PA,5,Step Increment,103404.24,CAD,CAN,2025-11-01 12:00:00,CORE_HR
EVT00116709,2025-11-02,EMP04841,CC0061,AS,3,Lateral Deployment,,CAD,CAN,2025-11-03 10:00:00,CORE_HR
EVT00117279,2025-11-13,EMP01883,CC0002,EC,2,Step Increment,97934.03,CAD,CA,2025-11-14 08:00:00,PAYROLL
EVT00116983,2025-11-01,EMP04661,CC0032,PA,1,Leave Return,,CAD,CAN,2025-11-01 18:00:00,CORE_HR
EVT00117496,2025-11-14,EMP03041,CC0109,PA,1,Lateral Deployment,,CAD,CAN,2025-11-15 07:00:00,CORE_HR
EVT00117482,2025-11-14,EMP05047,CC0045,CR,4,Leave Start,,CAD,CAN,2025-11-15 14:00:00,CORE_HR
EVT00116045,2025-11-27,EMP04513,CC0053,PA,2,Promotion,65083.22,CAD,CAN,2025-11-28 08:00:00,CORE_HR
EVT00116539,2025-11-06,EMP02570,CC0101,PA,4,Step Increment,104367.59,CAD,CA,2025-11-07 10:00:00,PAYROLL
EVT00115739,2025-11-22,EMP04770,CC0038,EC,3,Leave Return,,CAD,CA,2025-11-23 15:00:00,PAYROLL
EVT00116371,2025-11-17,EMP01562,CC0046,CR,4,Step Increment,104124.21,AUD,AU,2025-11-18 15:00:00,PAYROLL
EVT00117006,2025-11-21,EMP00996,CC0074,EC,3,Step Increment,359489.7,BRL,BRA,2025-11-21 17:00:00,CORE_HR
EVT00116763,2025-11-10,EMP02981,CC0023,FI,3,Hire,102963.53,CAD,CAN,2025-11-10 08:00:00,CORE_HR
EVT00117690,2025-11-25,EMP05146,CC0015,CR,4,Leave Start,,CAD,CA,2025-11-26 07:00:00,PAYROLL
EVT00116984,2025-11-15,EMP04162,CC0062,IT,4,Lateral Deployment,,CAD,CAN,2025-11-15 21:00:00,CORE_HR
EVT00116628,2025-11-18,EMP03596,CC0073,EC,2,Performance Pay,8219.5,CAD,CAN,2025-11-19 14:00:00,CORE_HR
EVT00116676,2025-11-09,EMP01125,CC0030,IT,3,Leave Return,,USD,USA,2025-11-09 21:00:00,CORE_HR
EVT00117582,2025-11-08,EMP00865,CC0055,EN,2,Performance Pay,7754.05,CAD,CA,2025-11-09 08:00:00,PAYROLL
EVT00117574,2025-11-03,EMP03459,CC0079,FI,3,Performance Pay,8846.76,CAD,CAN,2025-11-03 15:00:00,CORE_HR
EVT00116491,2025-11-02,EMP01703,CC0082,FI,5,Step Increment,132080.57,CAD,CA,2025-11-02 15:00:00,PAYROLL
EVT00116601,2025-11-17,EMP01803,CC0100,PA,3,Performance Pay,8770.46,CAD,CAN,2025-11-18 15:00:00,CORE_HR
EVT00116629,2025-11-06,EMP01865,CC0061,EX,3,Step Increment,206588.77,CAD,CAN,2025-11-07 15:00:00,CORE_HR
EVT00116208,2025-11-05,EMP03170,CC0112,EX,1,Step Increment,181833.5,CAD,CAN,2025-11-05 14:00:00,CORE_HR
EVT00116087,2025-11-25,EMP02247,CC0056,EN,3,Hire,110956.4,CAD,CA,2025-11-25 18:00:00,PAYROLL
EVT00116097,2025-11-10,EMP05023,CC0084,PA,3,Step Increment,92693.55,CAD,CA,2025-11-10 16:00:00,PAYROLL
EVT00117094,2025-11-06,EMP03630,CC0078,PA,2,Leave Start,,CAD,CAN,2025-11-07 10:00:00,CORE_HR
EVT00115996,2025-11-16,EMP02204,CC0075,IT,1,Step Increment,92116.88,CAD,CAN,2025-11-17 05:00:00,CORE_HR
EVT00116271,2025-11-09,EMP04992,CC0089,EC,1,Leave Start,,CAD,CAN,2025-11-09 12:00:00,CORE_HR
EVT00117666,2025-11-12,EMP04095,CC0018,FI,5,Hire,123147.91,CAD,CAN,2025-11-13 05:00:00,CORE_HR
EVT00116805,2025-11-12,EMP02085,CC0081,AS,3,Step Increment,94007.42,CAD,CA,2025-11-13 06:00:00,PAYROLL
EVT00117500,2025-11-11,EMP99999,CC0028,EN,4,Hire,142473.9,CAD,CA,2025-11-11 22:00:00,PAYROLL
EVT00117442,2025-11-15,EMP01533,CC0017,PA,1,Promotion,71667.9,CAD,CA,2025-11-15 15:00:00,PAYROLL
EVT00116041,2025-11-13,EMP02553,CC0038,PA,1,Step Increment,61606.77,CAD,CAN,2025-11-14 03:00:00,CORE_HR
EVT00116312,2025-11-05,EMP00541,CC0053,EX,2,Promotion,183811.55,CAD,CA,2025-11-05 19:00:00,PAYROLL
EVT00117130,2025-11-15,EMP01831,CC0084,PA,5,Departure,,CAD,CA,2025-11-19 00:00:00,PAYROLL
EVT00115905,2025-11-17,EMP04231,CC0097,EN,2,Promotion,132440.96,CAD,CAN,2025-11-17 15:00:00,CORE_HR
EVT00117196,2025-11-19,EMP04405,CC0091,IT,4,Hire,127646.24,CAD,CAN,2025-11-20 12:00:00,CORE_HR
EVT00117334,2025-11-03,EMP03542,CC0100,PA,3,Step Increment,92387.26,CAD,CA,2025-11-04 15:00:00,PAYROLL
EVT00117617,2025-11-24,EMP03522,CC0044,CR,2,Leave Return,,CAD,CA,2025-11-24 07:00:00,PAYROLL
EVT00116492,2025-11-07,EMP03204,CC0078,PA,5,Departure,,CAD,CA,2025-11-08 11:00:00,PAYROLL
EVT00116613,2025-11-26,EMP00847,CC0065,CR,1,Leave Start,,GBP,GB,2025-11-27 12:00:00,PAYROLL
EVT00115914,2025-11-19,EMP01771,CC0026,CR,2,Step Increment,65180.19,CAD,CA,2025-11-20 13:00:00,PAYROLL
EVT00117330,2025-11-22,EMP02850,CC0058,EX,3,Lateral Deployment,,CAD,CAN,2025-11-23 15:00:00,CORE_HR
EVT00117415,2025-11-21,EMP04363,CC0116,EN,2,Lateral Deployment,,CAD,CA,2025-11-21 14:00:00,PAYROLL
EVT00116670,2025-11-06,EMP02586,CC0009,EN,2,Step Increment,1857252.16,MXN,MEX,2025-11-06 16:00:00,CORE_HR
EVT00117535,2025-11-08,EMP01138,CC0104,EC,2,Step Increment,87175.7,CAD,CAN,2025-11-09 04:00:00,CORE_HR
EVT00117432,2025-11-13,EMP04558,CC0109,IT,2,Performance Pay,9395.01,CAD,CAN,2025-11-14 10:00:00,CORE_HR
EVT00115999,2025-11-14,EMP02628,CC0091,EC,1,Step Increment,78217.65,CAD,CAN,2025-11-14 15:00:00,CORE_HR
EVT00116633,2025-11-10,EMP01264,CC0010,IT,2,Performance Pay,4691.8,CAD,CAN,2025-11-10 10:00:00,CORE_HR
EVT00117435,2025-11-27,EMP02558,CC0069,EC,4,Leave Start,,CAD,CAN,2025-11-28 08:00:00,CORE_HR
EVT00116493,2025-11-19,EMP02119,CC0062,IT,5,Step Increment,133544.49,CAD,CA,2025-11-20 15:00:00,PAYROLL
EVT00117646,2025-11-15,EMP04455,CC0001,IT,3,Step Increment,110698.99,CAD,CA,2025-11-15 06:00:00,PAYROLL
EVT00117459,2025-11-08,EMP00949,CC0016,EC,2,Hire,97855.66,CAD,CA,2025-11-08 20:00:00,PAYROLL
EVT00117228,2025-11-24,EMP03770,CC0101,EN,3,Step Increment,110934.21,CAD,CA,2025-11-25 05:00:00,PAYROLL
EVT00117399,2025-11-05,EMP02264,CC0100,EN,4,Leave Start,,CAD,CAN,2025-11-06 10:00:00,CORE_HR
EVT00116533,2025-11-21,EMP01535,CC0061,PA,2,Step Increment,71134.1,CAD,CAN,2025-11-22 08:00:00,CORE_HR
EVT00116460,2025-11-19,EMP04720,CC0086,PA,1,Lateral Deployment,,EUR,DE,2025-11-19 19:00:00,PAYROLL
EVT00116571,2025-11-07,EMP04499,CC0103,AS,1,Hire,51423.09,CAD,CAN,2025-11-07 20:00:00,CORE_HR
EVT00117027,2025-11-22,EMP05086,CC0119,EC,2,Performance Pay,8342.54,CAD,CAN,2025-11-22 10:00:00,CORE_HR
EVT00117186,2025-11-09,EMP04381,CC0044,AS,5,Departure,,CAD,CAN,2025-11-10 00:00:00,CORE_HR
EVT00117510,2025-11-26,EMP00547,CC0118,EX,1,Hire,136934.39,CAD,CAN,2025-11-26 13:00:00,CORE_HR
EVT00117468,2025-11-04,EMP00855,CC0019,PA,1,Leave Start,,CAD,CA,2025-11-05 06:00:00,PAYROLL
EVT00117038,2025-11-02,EMP04817,CC0049,AS,1,Step Increment,51761.06,EUR,FRA,2025-11-02 16:00:00,CORE_HR
EVT00116887,2025-11-06,EMP04248,CC0098,PA,4,Performance Pay,11893.07,CAD,CAN,2025-11-06 22:00:00,CORE_HR
EVT00116616,2025-11-04,EMP01147,CC0051,EX,1,Leave Start,,CAD,CA,2025-11-04 20:00:00,PAYROLL
EVT00116842,2025-11-20,EMP00216,CC0041,CR,1,Promotion,48534.09,CAD,CA,2025-11-20 10:00:00,PAYROLL
EVT00117220,1900-01-01,EMP02605,CC0070,IT,2,Lateral Deployment,,CAD,CA,2025-11-22 07:00:00,PAYROLL
EVT00116188,2025-11-18,EMP05187,CC0026,EC,5,Performance Pay,5566.09,CAD,CA,2025-11-18 20:00:00,PAYROLL
EVT00117484,2025-11-13,EMP04917,CC0091,IT,4,Step Increment,136536.87,CAD,CA,2025-11-14 08:00:00,PAYROLL
EVT00117194,2025-11-16,EMP03366,CC0036,PA,4,Leave Start,,CAD,CAN,2025-11-17 11:00:00,CORE_HR
EVT00116713,2025-11-02,EMP02647,CC0086,EC,2,Step Increment,249553.27,AED,AE,2025-11-03 00:00:00,PAYROLL
EVT00117483,2025-11-17,EMP01765,CC0048,CR,2,Leave Start,,CAD,CAN,2025-11-18 07:00:00,CORE_HR
EVT00116786,2025-11-24,EMP03519,CC0118,IT,3,Leave Return,,CAD,CA,2025-11-25 02:00:00,PAYROLL
EVT00117663,2025-11-22,EMP02022,CC0071,PA,1,Leave Start,,CAD,CAN,2025-11-23 05:00:00,CORE_HR
EVT00116889,2025-11-02,EMP00312,CC0090,CR,3,Leave Start,,CAD,CA,2025-11-02 09:00:00,PAYROLL
EVT00116310,2025-11-11,EMP02461,CC0087,CR,2,Step Increment,65638.83,CAD,CAN,2025-11-12 07:00:00,CORE_HR
EVT00116181,2025-11-09,EMP04537,CC0054,EX,1,Performance Pay,384323.55,INR,IN,2025-11-09 22:00:00,PAYROLL
EVT00117086,2025-11-05,EMP03864,CC0041,IT,3,Leave Start,,CAD,CAN,2025-11-06 02:00:00,CORE_HR
EVT00116115,2025-11-07,EMP02624,CC0018,CR,2,Step Increment,58034.14,CAD,CAN,2025-11-07 16:00:00,CORE_HR
EVT00116898,2025-11-10,EMP00551,CC0010,PA,2,Step Increment,65639.9,CAD,CA,2025-11-10 20:00:00,PAYROLL
EVT00116549,2025-11-11,EMP00966,CC0104,IT,5,Leave Start,,CAD,CA,2025-11-11 15:00:00,PAYROLL
EVT00117534,2025-11-13,EMP01698,CC0098,PA,4,Performance Pay,9134.5,CAD,CA,2025-11-13 15:00:00,PAYROLL
EVT00116694,2025-11-03,EMP03155,CC0025,IT,1,Departure,,CAD,CA,2025-11-04 10:00:00,PAYROLL
EVT00116215,2025-11-08,EMP05184,CC0068,PA,2,Step Increment,78804.09,CAD,CAN,2025-11-08 20:00:00,CORE_HR
EVT00116063,2025-11-14,EMP04716,CC0109,EN,1,Step Increment,94649.67,CAD,CAN,2025-11-14 23:00:00,CORE_HR
EVT00115775,2025-11-09,EMP04294,CC0078,IT,3,Leave Start,,CAD,CAN,2025-11-09 10:00:00,CORE_HR
EVT00116454,2025-11-25,EMP04756,CC0076,AS,5,Leave Start,,CAD,CA,2025-11-25 23:00:00,PAYROLL
EVT00117002,2025-11-25,EMP05186,CC0069,CR,2,Lateral Deployment,,CAD,CAN,2025-11-25 21:00:00,CORE_HR
EVT00116669,2025-11-08,EMP02831,CC0090,AS,3,Step Increment,84861.58,CAD,CAN,2025-11-08 16:00:00,CORE_HR
EVT00115735,2025-11-02,EMP02194,CC0019,CR,3,Performance Pay,5739.39,CAD,CA,2025-11-02 15:00:00,PAYROLL
EVT00115766,2025-11-10,EMP03739,CC0032,EN,3,Lateral Deployment,,CAD,CAN,2025-11-10 21:00:00,CORE_HR
EVT00115980,2025-11-16,EMP05117,CC0050,PA,2,Step Increment,73514.05,CAD,CAN,2025-11-16 09:00:00,CORE_HR
EVT00115988,2025-11-01,EMP02809,CC0027,AS,2,Performance Pay,7049.01,CAD,CA,2025-11-02 06:00:00,PAYROLL
EVT00116432,2025-11-10,EMP00736,CC0074,PA,2,Leave Start,,GBP,GBR,2025-11-11 01:00:00,CORE_HR
EVT00115969,2025-11-24,EMP02381,CC0080,FI,2,Departure,,AUD,AUS,2025-11-25 15:00:00,CORE_HR
EVT00116597,2025-11-18,EMP01839,CC0116,EN,4,Performance Pay,8496.23,CAD,CA,2025-11-19 00:00:00,PAYROLL
EVT00116833,2025-11-11,EMP05174,CC0092,PA,3,Leave Return,,CAD,CAN,2025-11-11 16:00:00,CORE_HR
EVT00117420,2025-11-12,EMP03268,CC0096,CR,1,Step Increment,61769.07,CAD,CAN,2025-11-13 09:00:00,CORE_HR
EVT00116175,2025-11-02,EMP00016,CC0032,EX,1,Performance Pay,19974.2,CAD,CAN,2025-11-02 18:00:00,CORE_HR
EVT00116284,2025-11-03,EMP00778,CC0057,PA,1,Lateral Deployment,,CAD,CA,2025-11-03 18:00:00,PAYROLL
EVT00116172,2025-11-20,EMP04218,CC0072,IT,2,Leave Start,,CAD,CA,2025-11-21 06:00:00,PAYROLL
EVT00117004,2025-11-03,EMP00607,CC0094,EN,2,Step Increment,83389.38,CAD,CAN,2025-11-04 12:00:00,CORE_HR
EVT00115979,2025-11-24,EMP01016,CC0083,AS,1,Leave Return,,CAD,CA,2025-11-25 04:00:00,PAYROLL
EVT00115743,2025-11-20,EMP00495,CC0085,FI,3,Step Increment,102372.21,CAD,CAN,2025-11-20 14:00:00,CORE_HR
EVT00116365,2025-11-24,EMP03782,CC0048,EX,1,Lateral Deployment,,CAD,CAN,2025-11-24 08:00:00,CORE_HR
EVT00117131,2025-11-11,EMP05160,CC0072,PA,2,Step Increment,70988.35,CAD,CAN,2025-11-12 04:00:00,CORE_HR
EVT00116517,2025-11-12,EMP00011,CC0085,IT,3,Step Increment,121593.37,CAD,CA,2025-11-13 14:00:00,PAYROLL
EVT00117560,2025-11-06,EMP03121,CC0105,EC,1,Performance Pay,4366.25,GBP,GB,2025-11-06 21:00:00,PAYROLL
EVT00116567,2025-11-03,EMP01755,CC0047,PA,4,Departure,,CAD,CAN,2025-11-04 00:00:00,CORE_HR
EVT00117211,2025-11-25,EMP01861,CC0048,IT,1,Step Increment,83848.78,CAD,CA,2025-11-25 21:00:00,PAYROLL
EVT00115922,2025-11-03,EMP00936,CC0014,FI,4,Lateral Deployment,,CAD,CAN,2025-11-03 08:00:00,CORE_HR
EVT00117512,2025-11-07,EMP04293,CC0014,CR,1,Promotion,56974.59,CAD,CA,2025-11-08 13:00:00,PAYROLL
EVT00117548,2025-11-26,EMP00627,CC0014,CR,3,Leave Start,,CAD,CAN,2025-11-27 01:00:00,CORE_HR
EVT00116196,2025-11-01,EMP03937,CC0048,PA,3,Leave Start,,CAD,CAN,2025-11-02 06:00:00,CORE_HR
EVT00117020,2025-11-06,EMP01665,CC0085,IT,4,Step Increment,127887.77,CAD,CA,2025-11-07 09:00:00,PAYROLL
EVT00117295,2025-11-12,EMP03059,CC0039,CR,2,Lateral Deployment,,CAD,CA,2025-11-12 22:00:00,PAYROLL
EVT00117351,2025-11-12,EMP04632,CC0011,EN,3,Leave Start,,CAD,CAN,2025-11-13 15:00:00,CORE_HR
EVT00116061,2025-11-20,EMP02734,CC0102,FI,2,Lateral Deployment,,CAD,CAN,2025-11-21 08:00:00,CORE_HR
EVT00117175,2025-11-14,EMP03796,CC0060,PA,2,Step Increment,59399.34,CAD,CAN,2025-11-14 17:00:00,CORE_HR
EVT00116219,2025-11-18,EMP00291,CC0071,PA,3,Leave Start,,CAD,CAN,2025-11-19 15:00:00,CORE_HR
EVT00115900,2025-11-04,EMP03897,CC0116,IT,3,Departure,,CAD,CA,2025-11-04 17:00:00,PAYROLL
EVT00116290,2025-11-17,EMP05002,CC0115,PA,3,Promotion,91808.48,CAD,CA,2025-11-17 07:00:00,PAYROLL
EVT00117346,2025-11-20,EMP03529,CC0080,EC,5,Step Increment,514255.55,BRL,BRA,2025-11-20 19:00:00,CORE_HR
EVT00117684,2025-11-10,EMP02961,CC0039,CR,3,Leave Start,,CAD,CAN,2025-11-10 23:00:00,CORE_HR
EVT00115871,2025-11-03,EMP00113,CC0084,IT,2,Leave Return,,CAD,CA,2025-11-04 08:00:00,PAYROLL
EVT00115981,2025-11-16,EMP02438,CC0056,PA,4,Step Increment,96907.24,CAD,CA,2025-11-16 09:00:00,PAYROLL
EVT00116004,2025-11-18,EMP00561,CC0011,IT,1,Performance Pay,6484.3,CAD,CAN,2025-11-19 05:00:00,CORE_HR
EVT00117123,2025-11-13,EMP02893,CC0109,CR,4,Promotion,73349.07,CAD,CAN,2025-11-13 11:00:00,CORE_HR
EVT00117618,2025-11-08,EMP02540,CC0064,PA,4,Step Increment,101584.63,CAD,CA,2025-11-08 19:00:00,PAYROLL
EVT00117119,2025-11-24,EMP03910,CC0071,EN,1,Promotion,89879.9,CAD,CAN,2025-11-24 21:00:00,CORE_HR
EVT00117214,2025-11-24,EMP05091,CC0063,AS,4,Step Increment,79693.3,CAD,CAN,2025-11-27 05:00:00,CORE_HR
EVT00117679,2025-11-25,EMP02439,CC0089,CR,4,Leave Start,,CAD,CAN,2025-11-25 14:00:00,CORE_HR
EVT00116358,1900-01-01,EMP02515,CC0103,EN,1,Leave Start,,CAD,CAN,2025-11-25 19:00:00,CORE_HR
EVT00116757,2025-11-20,EMP03742,CC0107,EN,2,Step Increment,111770.73,CAD,CAN,2025-11-20 23:00:00,CORE_HR
EVT00117385,2025-11-06,EMP00484,CC0027,IT,2,Hire,98380.04,CAD,CA,2025-11-08 13:00:00,PAYROLL
EVT00117190,2025-11-19,EMP02314,CC0042,EN,1,Leave Start,,CAD,CAN,2025-11-19 13:00:00,CORE_HR
EVT00116986,2025-11-04,EMP03998,CC0049,EN,4,Leave Start,,MXN,MEX,2025-11-05 04:00:00,CORE_HR
EVT00117070,2025-11-07,EMP00054,CC0022,PA,3,Leave Start,,CAD,CA,2025-11-07 15:00:00,PAYROLL
EVT00117633,2025-11-24,EMP02581,CC0049,PA,1,Departure,,EUR,DEU,2025-11-24 11:00:00,CORE_HR
EVT00115804,2025-11-14,EMP03514,CC0092,AS,1,Step Increment,61223.66,CAD,CAN,2025-11-14 22:00:00,CORE_HR
EVT00116773,2025-11-27,EMP00995,CC0076,IT,2,Lateral Deployment,,CAD,CA,2025-11-28 05:00:00,PAYROLL
EVT00116405,2025-11-13,EMP01305,CC0025,IT,4,Step Increment,111654.71,CAD,CA,2025-11-13 06:00:00,PAYROLL
EVT00117297,2025-11-08,EMP05124,CC0101,PA,1,Step Increment,72743.81,CAD,CA,2025-11-09 15:00:00,PAYROLL
EVT00116507,2025-11-22,EMP02849,CC0013,PA,2,Leave Start,,CAD,CA,2025-11-22 13:00:00,PAYROLL
EVT00116577,2025-11-08,EMP00427,CC0010,CR,1,Performance Pay,6702.98,CAD,CAN,2025-11-08 07:00:00,CORE_HR
EVT00116069,2025-11-04,EMP00765,CC0113,AS,1,Step Increment,67642.33,CAD,CAN,2025-11-04 14:00:00,CORE_HR
EVT00116739,2025-11-23,EMP00877,CC0058,EX,2,Leave Return,,CAD,CAN,2025-11-23 20:00:00,CORE_HR
EVT00116897,2025-11-23,EMP01591,CC0113,IT,1,Step Increment,85050.36,CAD,CA,2025-11-23 18:00:00,PAYROLL
EVT00117424,2025-11-07,EMP04320,CC0110,EN,3,Step Increment,101182.54,CAD,CA,2025-11-08 12:00:00,PAYROLL
EVT00117328,2025-11-15,EMP01276,CC0077,IT,3,Leave Return,,CAD,CA,2025-11-15 18:00:00,PAYROLL
EVT00116810,2025-11-10,EMP04213,CC0033,IT,5,Step Increment,152427.63,CAD,CA,2025-11-11 07:00:00,PAYROLL
EVT00117104,2025-11-23,EMP00889,CC0005,EN,3,Step Increment,123282.07,CAD,CAN,2025-11-23 21:00:00,CORE_HR
EVT00116019,2025-11-18,EMP00346,CC0046,FI,3,Performance Pay,649081.59,JPY,JPN,2025-11-18 12:00:00,CORE_HR
EVT00116774,2025-11-04,EMP03847,CC0034,FI,1,Departure,,CAD,CAN,2025-11-04 23:00:00,CORE_HR
EVT00116772,2025-11-21,EMP04385,CC0111,AS,1,Leave Start,,AED,ARE,2025-11-22 01:00:00,CORE_HR
EVT00116837,2025-11-24,EMP04087,CC0061,CR,5,Performance Pay,5155.16,CAD,CA,2025-11-25 13:00:00,PAYROLL
EVT00117184,2025-11-25,EMP04516,CC0023,AS,3,Step Increment,73862.58,CAD,CAN,2025-11-26 03:00:00,CORE_HR
EVT00116800,2025-11-11,EMP01492,CC0028,EC,2,Performance Pay,12086.86,CAD,CA,2025-11-11 17:00:00,PAYROLL
EVT00116223,2025-11-07,EMP05105,CC0080,PA,4,Departure,,AUD,AUS,2025-11-08 01:00:00,CORE_HR
EVT00116563,2025-11-23,EMP03575,CC0120,PA,2,Performance Pay,6747.63,CAD,CA,2025-11-23 10:00:00,PAYROLL
EVT00117613,2025-11-24,EMP00860,CC0015,AS,2,Performance Pay,8970.85,CAD,CA,2025-11-25 06:00:00,PAYROLL
EVT00116269,2025-11-12,EMP03176,CC0086,FI,1,Lateral Deployment,,EUR,DE,2025-11-14 14:00:00,PAYROLL
EVT00116475,2025-11-20,EMP02420,CC0081,PA,3,Step Increment,64026.84,CAD,CAN,2025-11-20 18:00:00,CORE_HR
EVT00117200,2025-11-27,EMP02797,CC0014,AS,1,Leave Start,,CAD,CA,2025-11-28 11:00:00,PAYROLL
EVT00116039,2025-11-21,EMP04519,CC0036,FI,2,Lateral Deployment,,CAD,CA,2025-11-21 07:00:00,PAYROLL
EVT00116086,2025-11-10,EMP02704,CC0074,IT,3,Departure,,JPY,JPN,2025-11-10 10:00:00,CORE_HR
EVT00116727,2025-11-14,EMP05180,CC0026,PA,1,Step Increment,66548.99,CAD,CA,2025-11-14 23:00:00,PAYROLL
EVT00116066,2025-11-27,EMP00679,CC0029,FI,1,Lateral Deployment,,KES,KEN,2025-11-28 16:00:00,CORE_HR
EVT00116279,2025-11-22,EMP04853,CC0117,PA,1,Lateral Deployment,,CAD,CAN,2025-11-22 16:00:00,CORE_HR
EVT00116967,2025-11-01,EMP04613,CC0046,IT,3,Lateral Deployment,,KES,KEN,2025-11-02 00:00:00,CORE_HR
EVT00117293,2025-11-09,EMP00156,CC0011,IT,3,Leave Start,,CAD,CA,2025-11-09 06:00:00,PAYROLL
EVT00117460,2025-11-03,EMP01558,CC0013,PA,2,Step Increment,83132.23,CAD,CAN,2025-11-04 13:00:00,CORE_HR
EVT00117546,2025-11-14,EMP04941,CC0051,IT,2,Performance Pay,7068.24,CAD,CAN,2025-11-14 17:00:00,CORE_HR
EVT00115943,2025-11-07,EMP00319,CC0005,PA,2,Step Increment,79642.39,CAD,CAN,2025-11-08 09:00:00,CORE_HR
EVT00117479,2025-11-17,EMP04266,CC0057,FI,4,Step Increment,108419.5,CAD,CAN,2025-11-18 05:00:00,CORE_HR
EVT00116857,2025-11-22,EMP03304,CC0085,IT,2,Performance Pay,9146.97,CAD,CAN,2025-11-23 11:00:00,CORE_HR
EVT00117363,2025-11-22,EMP04579,CC0052,PA,3,Step Increment,103257.67,CAD,CA,2025-11-22 18:00:00,PAYROLL
EVT00116157,2025-11-16,EMP05049,CC0010,FI,2,Step Increment,85622.74,CAD,CAN,2025-11-17 05:00:00,CORE_HR
EVT00116858,2025-11-02,EMP04782,CC0088,EC,3,Leave Start,,AED,ARE,2025-11-03 04:00:00,CORE_HR
EVT00116677,2025-11-23,EMP02127,CC0014,FI,3,Step Increment,102062.27,CAD,CAN,2025-11-23 12:00:00,CORE_HR
EVT00115986,2025-11-26,EMP02399,CC0083,EN,1,Departure,,CAD,CA,2025-11-26 16:00:00,PAYROLL
EVT00115939,2025-11-22,EMP01042,CC0015,EX,1,Step Increment,158302.86,CAD,CAN,2025-11-22 16:00:00,CORE_HR
EVT00116699,2025-11-19,EMP01420,CC0012,EN,2,Step Increment,96646.1,CAD,CA,2025-11-19 23:00:00,PAYROLL
EVT00116885,2025-11-02,EMP01069,CC0116,EC,3,Leave Start,,CAD,CA,2025-11-02 20:00:00,PAYROLL
EVT00117287,2025-11-04,EMP03535,CC0049,PA,3,Lateral Deployment,,EUR,FRA,2025-11-05 11:00:00,CORE_HR
EVT00117682,2025-11-24,EMP02096,CC0040,EC,2,Promotion,85073.34,CAD,CAN,2025-11-24 21:00:00,CORE_HR
EVT00115773,2025-11-17,EMP02124,CC0033,AS,4,Lateral Deployment,,CAD,CAN,2025-11-17 18:00:00,CORE_HR
EVT00116443,2025-11-17,EMP03945,CC0116,PA,3,Step Increment,81354.19,CAD,CAN,2025-11-17 10:00:00,CORE_HR
EVT00117476,2025-11-14,EMP03824,CC0084,EC,3,Lateral Deployment,,CAD,CAN,2025-11-15 11:00:00,CORE_HR
EVT00116523,2025-11-23,EMP00761,CC0055,CR,2,Leave Return,,CAD,CAN,2025-11-23 09:00:00,CORE_HR
EVT00116276,2025-11-17,EMP05188,CC0043,PA,5,Step Increment,131464.09,CAD,CAN,2025-11-18 03:00:00,CORE_HR
EVT00116544,2025-11-03,EMP01977,CC0023,IT,2,Promotion,97977.8,CAD,CAN,2025-11-04 06:00:00,CORE_HR
EVT00116211,2025-11-01,EMP00443,CC0094,EC,1,Step Increment,81379.43,CAD,CAN,2025-11-02 16:00:00,CORE_HR
EVT00116876,2025-11-15,EMP02961,CC0039,CR,3,Promotion,72950.33,CAD,CA,2025-11-15 10:00:00,PAYROLL
EVT00117410,2025-11-07,EMP02666,CC0045,IT,3,Step Increment,122252.23,CAD,CAN,2025-11-08 00:00:00,CORE_HR
EVT00117603,2025-11-22,EMP01191,CC0031,EC,1,Step Increment,61807.03,EUR,DE,2025-11-22 14:00:00,PAYROLL
EVT00117494,2025-11-15,EMP03045,CC0065,FI,1,Step Increment,42365.15,GBP,GBR,2025-11-15 18:00:00,CORE_HR
EVT00116720,2025-11-22,EMP03407,CC0023,AS,3,Performance Pay,8439.35,CAD,CAN,2025-11-23 11:00:00,CORE_HR
EVT00116062,2025-11-20,EMP02343,CC0069,IT,3,Leave Start,,CAD,CA,2025-11-21 16:00:00,PAYROLL
EVT00116685,2025-11-11,EMP02779,CC0118,PA,4,Leave Start,,CAD,CA,2025-11-11 23:00:00,PAYROLL
EVT00116732,2025-11-26,EMP04281,CC0067,EC,2,Leave Start,,CAD,CA,2025-11-27 12:00:00,PAYROLL
EVT00116297,2025-11-03,EMP04112,CC0048,EN,1,Leave Start,,CAD,CAN,2025-11-04 03:00:00,CORE_HR
EVT00116130,2025-11-11,EMP03564,CC0035,PA,1,Performance Pay,4049.01,CAD,CA,2025-11-12 09:00:00,PAYROLL
EVT00116770,2025-11-11,EMP04929,CC0073,EN,2,Step Increment,80853.28,CAD,CAN,2025-11-12 04:00:00,CORE_HR
EVT00117283,2025-11-10,EMP01323,CC0071,CR,5,Promotion,86221.73,CAD,CAN,2025-11-10 06:00:00,CORE_HR
EVT00115965,2025-11-19,EMP02541,CC0114,EN,2,Leave Return,,CAD,CA,2025-11-19 10:00:00,PAYROLL
EVT00116013,2025-11-22,EMP02683,CC0053,PA,5,Promotion,93094.83,CAD,CA,2025-11-22 08:00:00,PAYROLL
EVT00115839,2025-11-16,EMP03430,CC0114,FI,2,Leave Start,,CAD,CAN,2025-11-16 22:00:00,CORE_HR
EVT00117490,2025-11-02,EMP03353,CC0070,FI,3,Step Increment,100006.0,CAD,CAN,2025-11-03 06:00:00,CORE_HR
EVT00116234,2025-11-07,EMP03029,CC0021,PA,1,Step Increment,60693.53,CAD,CAN,2025-11-08 09:00:00,CORE_HR
EVT00117107,2025-11-20,EMP02240,CC0057,AS,3,Lateral Deployment,,CAD,CAN,2025-11-20 15:00:00,CORE_HR
EVT00116342,2025-11-22,EMP04173,CC0072,PA,3,Departure,,CAD,CA,2025-11-23 10:00:00,PAYROLL
EVT00116656,2025-11-11,EMP02061,CC0001,FI,5,Step Increment,118627.32,CAD,CA,2025-11-11 06:00:00,PAYROLL
EVT00117323,2025-11-08,EMP03259,CC0004,CR,1,Departure,,CAD,CA,2025-11-08 22:00:00,PAYROLL
EVT00115977,2025-11-06,EMP01125,CC0030,IT,3,Performance Pay,3818.52,GBP,GB,2025-11-07 07:00:00,PAYROLL
EVT00117307,2025-11-23,EMP01987,CC0081,IT,1,Step Increment,82808.47,CAD,CA,2025-11-23 17:00:00,PAYROLL
EVT00117037,2025-11-14,EMP00815,CC0070,PA,4,Step Increment,106770.75,CAD,CAN,2025-11-14 22:00:00,CORE_HR
EVT00116752,2025-11-27,EMP04924,CC0105,EN,1,Leave Return,,JPY,JP,2025-11-28 04:00:00,PAYROLL
EVT00116351,2025-11-16,EMP03280,CC0071,FI,4,Performance Pay,7433.55,CAD,CA,2025-11-16 09:00:00,PAYROLL
EVT00115765,2025-11-01,EMP00966,CC0104,IT,5,Lateral Deployment,,CAD,CAN,2025-11-01 14:00:00,CORE_HR
EVT00117091,2025-11-19,EMP01566,CC0083,PA,2,Step Increment,83525.4,CAD,CAN,2025-11-20 12:00:00,CORE_HR
EVT00117021,2025-11-14,EMP03816,CC0086,PA,1,Promotion,47753.19,GBP,GB,2025-11-14 21:00:00,PAYROLL
EVT00117420,2025-11-12,EMP03268,CC0096,CR,1,Step Increment,61769.07,CAD,CAN,2025-11-13 22:00:00,CORE_HR
EVT00116982,2025-11-10,EMP00925,CC0100,EN,1,Promotion,65988.65,CAD,CA,2025-11-10 13:00:00,PAYROLL
EVT00117343,2025-11-15,EMP02712,CC0066,FI,1,Hire,86419.78,CAD,CAN,2025-11-15 09:00:00,CORE_HR
EVT00116691,2025-11-04,EMP02615,CC0024,AS,1,Hire,69906.53,CAD,CA,2025-11-04 16:00:00,PAYROLL
EVT00116008,2025-11-13,EMP03211,CC0016,AS,1,Leave Return,,CAD,CAN,2025-11-14 10:00:00,CORE_HR
EVT00116768,2025-11-13,EMP00706,CC0037,AS,1,Leave Return,,CAD,CAN,2025-11-13 18:00:00,CORE_HR
EVT00116161,2025-11-18,EMP05170,CC0096,CR,1,Step Increment,58303.26,CAD,CA,2025-11-19 07:00:00,PAYROLL
EVT00116830,2025-11-18,EMP04911,CC0097,IT,1,Step Increment,93444.7,CAD,CA,2025-11-19 07:00:00,PAYROLL
EVT00115762,2025-11-13,EMP00725,CC0089,EN,3,Leave Start,,CAD,CAN,2025-11-14 06:00:00,CORE_HR
EVT00115820,2025-11-03,EMP02085,CC0081,AS,3,Departure,,CAD,CAN,2025-11-03 15:00:00,CORE_HR
EVT00117284,2025-11-08,EMP00300,CC0058,PA,3,Step Increment,85132.44,CAD,CAN,2025-11-08 21:00:00,CORE_HR
EVT00116540,2025-11-17,EMP02691,CC0051,AS,2,Performance Pay,6714.96,CAD,CAN,2025-11-17 19:00:00,CORE_HR
EVT00116050,2025-11-06,EMP03043,CC0084,PA,2,Step Increment,83888.71,CAD,CAN,2025-11-06 08:00:00,CORE_HR
EVT00116436,2025-11-01,EMP00337,CC0008,PA,5,Leave Start,,CAD,CA,2025-11-02 02:00:00,PAYROLL
EVT00117235,2025-11-22,EMP02454,CC0062,EN,1,Step Increment,97052.33,CAD,CAN,2025-11-22 21:00:00,CORE_HR
EVT00117275,2025-11-19,EMP01563,CC0035,EX,3,Performance Pay,26446.26,CAD,CA,2025-11-20 13:00:00,PAYROLL
EVT00116099,2025-11-15,EMP04987,CC0102,EN,3,Performance Pay,5593.92,CAD,CAN,2025-11-16 06:00:00,CORE_HR
EVT00115805,2025-11-05,EMP04737,CC0048,PA,2,Leave Return,,CAD,CAN,2025-11-06 08:00:00,CORE_HR
EVT00116775,2025-11-20,EMP01839,CC0116,EN,4,Step Increment,140228.75,CAD,CAN,2025-11-23 18:00:00,CORE_HR
EVT00116574,2025-11-02,EMP04966,CC0116,IT,2,Lateral Deployment,,CAD,CA,2025-11-02 17:00:00,PAYROLL
EVT00115741,2025-11-22,EMP04508,CC0054,FI,1,Performance Pay,745871.99,JPY,JPN,2025-11-22 20:00:00,CORE_HR
EVT00115994,2025-11-11,EMP03122,CC0058,EN,2,Leave Start,,CAD,CAN,2025-11-11 23:00:00,CORE_HR
EVT00117197,2025-11-10,EMP04769,CC0060,AS,1,Step Increment,72807.94,CAD,CAN,2025-11-10 07:00:00,CORE_HR
EVT00115801,2025-11-04,EMP02328,CC0005,EC,4,Lateral Deployment,,CAD,CAN,2025-11-05 11:00:00,CORE_HR
EVT00117456,2025-11-01,EMP04769,CC0060,AS,1,Leave Return,,CAD,CAN,2025-11-03 03:00:00,CORE_HR
EVT00117101,2025-11-02,EMP00388,CC0070,EN,1,Step Increment,89425.29,CAD,CA,2025-11-02 20:00:00,PAYROLL
EVT00116034,2025-11-23,EMP02627,CC0043,PA,1,Lateral Deployment,,CAD,CA,2025-11-24 14:00:00,PAYROLL
EVT00117345,2025-11-11,EMP04050,CC0041,EN,1,Lateral Deployment,,CAD,CAN,2025-11-11 23:00:00,CORE_HR
EVT00116705,2025-11-03,EMP01559,CC0071,AS,3,Leave Start,,CAD,CA,2025-11-04 08:00:00,PAYROLL
EVT00117177,2025-11-04,EMP00966,CC0104,IT,5,Performance Pay,19013.62,CAD,CAN,2025-11-05 11:00:00,CORE_HR
EVT00116681,2025-11-21,EMP05199,CC0061,EN,2,Performance Pay,8822.15,CAD,CAN,2025-11-22 02:00:00,CORE_HR
EVT00116331,2025-11-11,EMP04080,CC0061,PA,1,Performance Pay,6514.0,CAD,CA,2025-11-12 14:00:00,PAYROLL
EVT00116254,2025-11-03,EMP00478,CC0032,EC,3,Step Increment,113317.6,CAD,CAN,2025-11-03 18:00:00,CORE_HR
EVT00116242,2025-11-20,EMP02947,CC0010,IT,1,Performance Pay,8218.25,CAD,CAN,2025-11-20 15:00:00,CORE_HR
EVT00117499,2025-11-13,EMP03093,CC0079,EN,1,Hire,91482.73,CAD,CA,2025-11-14 09:00:00,PAYROLL
EVT00117254,2025-11-26,EMP01516,CC0024,EN,4,Performance Pay,7401.85,CAD,CAN,2025-11-26 17:00:00,CORE_HR
EVT00117253,2025-11-11,EMP04626,CC0115,PA,1,Lateral Deployment,,CAD,CAN,2025-11-12 00:00:00,CORE_HR
EVT00115972,2025-11-02,EMP00681,CC0044,EX,2,Step Increment,153838.95,CAD,CA,2025-11-02 14:00:00,PAYROLL
EVT00117487,2025-11-08,EMP01461,CC0092,FI,3,Leave Return,,CAD,CAN,2025-11-09 05:00:00,CORE_HR
EVT00116193,2025-11-14,EMP02353,CC0050,CR,3,Performance Pay,4661.23,CAD,CA,2025-11-15 06:00:00,PAYROLL
EVT00117336,2025-11-19,EMP04971,CC0091,IT,3,Step Increment,106461.99,CAD,CAN,2025-11-20 12:00:00,CORE_HR
EVT00116125,2025-11-15,EMP01609,CC0017,FI,3,Step Increment,108658.4,CAD,CAN,2025-11-16 14:00:00,CORE_HR
EVT00115893,2025-11-22,EMP01243,CC0074,FI,4,Leave Start,,INR,IND,2025-11-23 00:00:00,CORE_HR
EVT00115764,2025-11-16,EMP00179,CC0024,AS,1,Step Increment,60856.77,CAD,CAN,2025-11-17 08:00:00,CORE_HR
EVT00116904,2025-11-17,EMP01304,CC0074,FI,2,Step Increment,7801486.23,JPY,JPN,2025-11-17 22:00:00,CORE_HR
EVT00116185,2025-11-17,EMP03865,CC0067,EC,2,Step Increment,97120.55,CAD,CAN,2025-11-18 03:00:00,CORE_HR
EVT00116295,2025-11-06,EMP03186,CC0106,CR,4,Performance Pay,3848.7,CAD,CA,2025-11-06 09:00:00,PAYROLL
EVT00116445,2025-11-11,EMP02274,CC0069,EN,5,Leave Return,,CAD,CAN,2025-11-11 12:00:00,CORE_HR
EVT00116855,2025-11-08,EMP04894,CC0008,AS,4,Hire,78041.29,CAD,CAN,2025-11-08 10:00:00,CORE_HR
EVT00115920,2025-11-13,EMP00096,CC0004,EC,1,Departure,,CAD,CA,2025-11-13 17:00:00,PAYROLL
EVT00116899,2025-11-15,EMP02914,CC0052,PA,3,Leave Return,,CAD,CA,2025-11-15 11:00:00,PAYROLL
EVT00115769,2025-11-06,EMP02169,CC0027,EN,4,Leave Start,,CAD,CAN,2025-11-06 19:00:00,CORE_HR
EVT00117569,2025-11-26,EMP04406,CC0009,IT,2,Hire,80223.98,EUR,DEU,2025-11-26 15:00:00,CORE_HR
EVT00117580,2025-11-09,EMP00319,CC0005,PA,2,Promotion,78876.0,CAD,CAN,2025-11-10 11:00:00,CORE_HR
EVT00116168,2025-11-15,EMP01944,CC0066,CR,5,Performance Pay,9076.97,CAD,CA,2025-11-15 10:00:00,PAYROLL
EVT00116623,2025-11-19,EMP00960,CC0096,CR,4,Performance Pay,8157.66,CAD,CAN,2025-11-19 17:00:00,CORE_HR
EVT00116510,2025-11-10,EMP02341,CC0117,FI,3,Step Increment,95561.29,CAD,CAN,2025-11-11 12:00:00,CORE_HR
EVT00116369,2025-11-27,EMP00160,CC0075,PA,1,Leave Return,,CAD,CAN,2025-11-28 13:00:00,CORE_HR
EVT00116496,2025-11-03,EMP01492,CC0028,EC,2,Performance Pay,8729.07,CAD,CAN,2025-11-03 11:00:00,CORE_HR
EVT00116993,2025-11-08,EMP01248,CC0053,EC,1,Performance Pay,6733.0,CAD,CAN,2025-11-08 21:00:00,CORE_HR
EVT00117266,2025-11-26,EMP00230,CC0016,IT,1,Leave Return,,CAD,CAN,2025-11-26 17:00:00,CORE_HR
EVT00117100,2025-11-23,EMP02740,CC0106,CR,3,Leave Start,,CAD,CAN,2025-11-23 16:00:00,CORE_HR
EVT00116536,2025-11-18,EMP02438,CC0056,PA,4,Step Increment,73479.92,CAD,CAN,2025-11-18 12:00:00,CORE_HR
EVT00117434,2025-11-27,EMP00130,CC0026,FI,2,Performance Pay,4707.4,CAD,CA,2025-11-28 14:00:00,PAYROLL
EVT00116253,2025-11-16,EMP04904,CC0107,EC,2,Performance Pay,7661.01,CAD,CA,2025-11-17 07:00:00,PAYROLL
EVT00117001,2025-11-14,EMP04716,CC0109,EN,1,Step Increment,95987.05,CAD,CAN,2025-11-15 09:00:00,CORE_HR
EVT00116564,2025-11-06,EMP00229,CC0034,PA,3,Step Increment,73208.71,CAD,CAN,2025-11-06 18:00:00,CORE_HR
EVT00117181,2025-11-15,EMP03889,CC0066,PA,1,Step Increment,63566.21,CAD,CAN,2025-11-16 10:00:00,CORE_HR
EVT00116403,2025-11-06,EMP01289,CC0090,CR,3,Performance Pay,8018.63,CAD,CAN,2025-11-06 18:00:00,CORE_HR
EVT00116930,2025-11-18,EMP03737,CC0089,CR,1,Hire,54734.43,CAD,CAN,2025-11-19 13:00:00,CORE_HR
EVT00117396,2025-11-03,EMP01145,CC0094,EC,1,Step Increment,75739.2,CAD,CA,2025-11-04 04:00:00,PAYROLL
EVT00117472,2025-11-10,EMP04335,CC0109,PA,1,Leave Return,,CAD,CAN,2025-11-10 08:00:00,CORE_HR
EVT00117238,2025-11-26,EMP01135,CC0042,PA,4,Performance Pay,12601.34,CAD,CAN,2025-11-26 15:00:00,CORE_HR
EVT00116588,2025-11-08,EMP00644,CC0019,CR,3,Leave Start,,CAD,CAN,2025-11-09 20:00:00,CORE_HR
EVT00116186,2025-11-19,EMP04789,CC0023,EX,3,Step Increment,185588.09,CAD,CA,2025-11-19 16:00:00,PAYROLL
EVT00116921,2025-11-24,EMP04984,CC0017,AS,4,Lateral Deployment,,CAD,CAN,2025-11-25 02:00:00,CORE_HR
EVT00117401,2025-11-24,EMP03407,CC0023,AS,3,Performance Pay,9037.24,CAD,CAN,2025-11-24 10:00:00,CORE_HR
EVT00115763,2025-11-01,EMP01801,CC0010,PA,3,Step Increment,95913.64,CAD,CAN,2025-11-02 13:00:00,CORE_HR
EVT00117390,2025-11-12,EMP03490,CC0026,FI,1,Lateral Deployment,,CAD,CAN,2025-11-12 14:00:00,CORE_HR
EVT00116221,2025-11-09,EMP02263,CC0023,CR,1,Lateral Deployment,,CAD,CA,2025-11-09 18:00:00,PAYROLL
EVT00117017,2025-11-03,EMP01603,CC0018,PA,3,Promotion,95774.27,CAD,CAN,2025-11-03 09:00:00,CORE_HR
EVT00115856,2025-11-24,EMP01603,CC0018,PA,3,Departure,,CAD,CAN,2025-11-24 18:00:00,CORE_HR
EVT00116488,2025-11-03,EMP04921,CC0045,PA,3,Leave Start,,CAD,CAN,2025-11-04 09:00:00,CORE_HR
EVT00116269,2025-11-12,EMP03176,CC0086,FI,1,Lateral Deployment,,EUR,DE,2025-11-12 13:00:00,PAYROLL
EVT00116089,2025-11-07,EMP05007,CC0069,FI,2,Promotion,84732.79,CAD,CAN,2025-11-08 13:00:00,CORE_HR
EVT00115886,2025-11-13,EMP02341,CC0117,FI,3,Step Increment,95641.05,CAD,CA,2025-11-13 08:00:00,PAYROLL
EVT00117052,2025-11-07,EMP05019,CC0065,PA,2,Step Increment,-78852.79,AUD,AUS,2025-11-08 11:00:00,CORE_HR
EVT00117669,2025-11-11,EMP02265,CC0114,AS,2,Lateral Deployment,,CAD,CAN,2025-11-12 03:00:00,CORE_HR
EVT00117249,2025-11-25,EMP02833,CC0105,IT,3,Step Increment,143560.59,AUD,AUS,2025-11-25 11:00:00,CORE_HR
EVT00117509,2025-11-01,EMP00786,CC0073,FI,3,Leave Return,,CAD,CA,2025-11-01 22:00:00,PAYROLL
EVT00116846,2025-11-05,EMP04717,CC0101,EN,1,Departure,,CAD,CA,2025-11-06 11:00:00,PAYROLL
EVT00116065,2025-11-07,EMP03963,CC0024,PA,1,Promotion,58118.8,CAD,CAN,2025-11-07 19:00:00,CORE_HR
EVT00117261,2025-11-16,EMP04341,CC0078,EC,1,Lateral Deployment,,CAD,CA,2025-11-17 00:00:00,PAYROLL
EVT00116464,2025-11-05,EMP03418,CC0083,PA,2,Leave Return,,CAD,CA,2025-11-06 11:00:00,PAYROLL
EVT00116485,2025-11-16,EMP03139,CC0111,AS,1,Performance Pay,240337.78,INR,IN,2025-11-16 18:00:00,PAYROLL
EVT00116622,2025-11-04,EMP01003,CC0013,CR,2,Step Increment,51356.06,CAD,CAN,2025-11-04 23:00:00,CORE_HR
EVT00117046,2025-11-03,EMP04749,CC0025,FI,2,Step Increment,97033.44,CAD,CA,2025-11-03 07:00:00,PAYROLL
EVT00116735,2025-11-27,EMP00595,CC0113,EX,1,Leave Return,,CAD,CA,2025-11-28 05:00:00,PAYROLL
EVT00117128,2025-11-03,EMP02999,CC0039,FI,5,Hire,126502.12,CAD,CAN,2025-11-03 10:00:00,CORE_HR
EVT00116813,2025-11-27,EMP00757,CC0035,EC,3,Lateral Deployment,,CAD,CA,2025-11-28 13:00:00,PAYROLL
EVT00116700,2025-11-08,EMP04127,CC0048,EX,1,Hire,141401.49,CAD,CAN,2025-11-09 15:00:00,CORE_HR
EVT00116807,2025-11-27,EMP01081,CC0024,AS,2,Leave Start,,CAD,CAN,2025-11-27 15:00:00,CORE_HR
EVT00116658,1900-01-01,EMP04466,CC0109,PA,3,Step Increment,95452.78,CAD,CA,2025-11-12 10:00:00,PAYROLL
EVT00117455,2025-11-01,EMP02189,CC0105,FI,1,Departure,,AED,AE,2025-11-02 15:00:00,PAYROLL
EVT00117602,2025-11-02,EMP00048,CC0019,EX,1,Lateral Deployment,,CAD,CAN,2025-11-02 06:00:00,CORE_HR
EVT00115863,2025-11-12,EMP01911,CC0117,CR,5,Step Increment,87942.24,CAD,CA,2025-11-13 15:00:00,PAYROLL
EVT00117314,2025-11-01,EMP02616,CC0076,EC,1,Promotion,81831.03,CAD,CAN,2025-11-02 14:00:00,CORE_HR
EVT00117158,2025-11-16,EMP00180,CC0047,PA,2,Lateral Deployment,,CAD,CA,2025-11-16 06:00:00,PAYROLL
EVT00115786,2025-11-18,EMP03735,CC0060,PA,1,Lateral Deployment,,CAD,CA,2025-11-19 14:00:00,PAYROLL
EVT00117032,2025-11-15,EMP03372,CC0087,EN,1,Leave Start,,CAD,CA,2025-11-15 08:00:00,PAYROLL
EVT00116847,2025-11-20,EMP05038,CC0030,CR,2,Step Increment,48074.04,SGD,SGP,2025-11-20 15:00:00,CORE_HR
EVT00117180,2025-11-19,EMP03971,CC0099,PA,2,Hire,91846.18,CAD,CAN,2025-11-19 16:00:00,CORE_HR
EVT00117105,2025-11-11,EMP01139,CC0069,PA,1,Step Increment,62007.01,CAD,CAN,2025-11-12 04:00:00,CORE_HR
EVT00117525,2025-11-11,EMP02999,CC0039,FI,5,Step Increment,115511.77,CAD,CA,2025-11-11 06:00:00,PAYROLL
EVT00116278,2025-11-11,EMP00442,CC0083,IT,3,Leave Return,,CAD,CA,2025-11-11 07:00:00,PAYROLL
EVT00115826,2025-11-06,EMP03755,CC0012,CR,1,Hire,53826.64,CAD,CAN,2025-11-06 22:00:00,CORE_HR
EVT00116170,2025-11-18,EMP00589,CC0033,PA,1,Performance Pay,4541.35,CAD,CAN,2025-11-19 12:00:00,CORE_HR
EVT00116704,2025-11-25,EMP02057,CC0109,IT,3,Step Increment,114578.48,CAD,CAN,2025-11-26 08:00:00,CORE_HR
EVT00117294,2025-11-20,EMP03063,CC0065,PA,2,Step Increment,63056.53,EUR,DE,2025-11-20 19:00:00,PAYROLL
EVT00116964,2025-11-05,EMP01481,CC0040,FI,2,Step Increment,68162.01,CAD,CAN,2025-11-06 12:00:00,CORE_HR
EVT00116428,2025-11-03,EMP03732,CC0108,PA,2,Hire,44673.34,GBP,GB,2025-11-03 06:00:00,PAYROLL
EVT00117659,2025-11-25,EMP02966,CC0053,AS,1,Performance Pay,5616.6,CAD,CAN,2025-11-25 18:00:00,CORE_HR
EVT00117306,2025-11-18,EMP04990,CC0022,PA,3,Promotion,92700.41,CAD,CA,2025-11-19 02:00:00,PAYROLL
EVT00116011,2025-11-11,EMP01948,CC0006,CR,4,Leave Return,,CAD,CAN,2025-11-12 11:00:00,CORE_HR
EVT00117648,2025-11-01,EMP04055,CC0007,AS,1,Step Increment,168455.94,AED,ARE,2025-11-02 12:00:00,CORE_HR
EVT00117164,2025-11-06,EMP02373,CC0078,AS,4,Departure,,CAD,CAN,2025-11-07 09:00:00,CORE_HR
EVT00116661,2025-11-09,EMP03238,CC0117,FI,1,Promotion,72227.54,CAD,CAN,2025-11-10 12:00:00,CORE_HR
EVT00116212,2025-11-25,EMP03806,CC0016,IT,1,Step Increment,70836.16,CAD,CA,2025-11-25 17:00:00,PAYROLL
EVT00115750,2025-11-20,EMP01421,CC0058,AS,3,Step Increment,73381.28,CAD,CAN,2025-11-20 14:00:00,CORE_HR
EVT00117118,2025-11-17,EMP02637,CC0084,CR,2,Step Increment,68284.24,CAD,CAN,2025-11-17 13:00:00,CORE_HR
EVT00115924,2025-11-18,EMP03525,CC0116,CR,5,Lateral Deployment,,CAD,CA,2025-11-18 13:00:00,PAYROLL
EVT00116280,2025-11-24,EMP00574,CC0072,EC,2,Step Increment,92382.96,CAD,CAN,2025-11-24 07:00:00,CORE_HR
EVT00116441,2025-11-18,EMP02213,CC0017,EN,2,Step Increment,98766.11,CAD,CAN,2025-11-18 23:00:00,CORE_HR
EVT00115772,2025-11-08,EMP02888,CC0052,CR,2,Performance Pay,7407.42,XXX,CAN,2025-11-08 10:00:00,CORE_HR
EVT00116962,2025-11-11,EMP00982,CC0026,AS,3,Lateral Deployment,,CAD,CAN,2025-11-12 14:00:00,CORE_HR
EVT00116558,2025-11-23,EMP01775,CC0015,EN,4,Leave Start,,CAD,CAN,2025-11-24 16:00:00,CORE_HR
EVT00116870,2025-11-23,EMP03100,CC0087,EC,2,Step Increment,100565.27,CAD,CAN,2025-11-23 13:00:00,CORE_HR
EVT00115847,2025-11-19,EMP02338,CC0011,PA,1,Performance Pay,5072.21,CAD,CAN,2025-11-20 06:00:00,CORE_HR
EVT00117043,2025-11-15,EMP00651,CC0117,EX,2,Step Increment,185131.13,CAD,CA,2025-11-16 01:00:00,PAYROLL
EVT00117554,2025-11-27,EMP01731,CC0099,EN,2,Leave Start,,CAD,CA,2025-11-27 15:00:00,PAYROLL
EVT00116068,2025-11-10,EMP00068,CC0012,IT,4,Step Increment,140733.67,CAD,CAN,2025-11-11 00:00:00,CORE_HR
EVT00115911,2025-11-02,EMP02699,CC0026,EN,1,Leave Return,,CAD,CAN,2025-11-02 18:00:00,CORE_HR
EVT00117361,2025-11-23,EMP04780,CC0047,PA,1,Lateral Deployment,,CAD,CAN,2025-11-23 13:00:00,CORE_HR
EVT00117085,2025-11-10,EMP04373,CC0032,PA,1,Hire,53750.95,CAD,CAN,2025-11-10 11:00:00,CORE_HR
EVT00117233,2025-11-04,EMP00998,CC0039,IT,4,Leave Start,,CAD,CAN,2025-11-05 12:00:00,CORE_HR
EVT00117065,2025-11-22,EMP00839,CC0031,CR,3,Step Increment,186844.94,AED,ARE,2025-11-22 16:00:00,CORE_HR
EVT00115864,2025-11-22,EMP03915,CC0081,PA,1,Leave Return,,CAD,CA,2025-11-22 21:00:00,PAYROLL
EVT00116477,2025-11-15,EMP00932,CC0075,EX,1,Promotion,150567.68,CAD,CAN,2025-11-15 18:00:00,CORE_HR
EVT00116883,2025-11-19,EMP04815,CC0050,IT,1,Leave Start,,CAD,CA,2025-11-19 19:00:00,PAYROLL
EVT00117242,2025-11-19,EMP04082,CC0103,IT,2,Leave Return,,CAD,CAN,2025-11-20 10:00:00,CORE_HR
EVT00116084,2025-11-14,EMP01437,CC0047,AS,3,Lateral Deployment,,CAD,CAN,2025-11-14 17:00:00,CORE_HR
EVT00116389,2025-11-16,EMP03552,CC0119,AS,2,Promotion,74266.3,CAD,CAN,2025-11-16 17:00:00,CORE_HR
EVT00117087,2025-11-08,EMP00660,CC0094,IT,1,Departure,,CAD,CA,2025-11-08 20:00:00,PAYROLL
EVT00116687,2025-11-15,EMP04491,CC0116,CR,2,Step Increment,61195.82,CAD,CA,2025-11-15 07:00:00,PAYROLL
EVT00115885,2025-11-09,EMP02507,CC0074,EX,1,Performance Pay,18903.32,AUD,AU,2025-11-09 17:00:00,PAYROLL
EVT00116575,2025-11-11,EMP01636,CC0071,EX,3,Lateral Deployment,,CAD,CA,2025-11-11 10:00:00,PAYROLL
EVT00116595,2025-11-08,EMP02488,CC0009,PA,2,Promotion,62105.29,EUR,DEU,2025-11-08 17:00:00,CORE_HR
EVT00116803,2025-11-18,EMP02869,CC0045,FI,5,Leave Start,,CAD,CA,2025-11-19 08:00:00,PAYROLL
EVT00116327,2025-11-13,EMP04441,CC0101,EC,2,Leave Start,,CAD,CAN,2025-11-13 20:00:00,CORE_HR
EVT00116554,2025-11-07,EMP00877,CC0058,EX,2,Departure,,CAD,CA,2025-11-09 20:00:00,PAYROLL
EVT00117185,2025-11-20,EMP03786,CC0006,FI,5,Step Increment,119763.83,CAD,CA,2025-11-20 22:00:00,PAYROLL
EVT00116646,2025-11-16,EMP02504,CC0117,AS,4,Leave Start,,CAD,CAN,2025-11-17 12:00:00,CORE_HR
EVT00115904,2025-11-18,EMP04709,CC0072,EX,2,Lateral Deployment,,CAD,CAN,2025-11-18 08:00:00,CORE_HR
EVT00116456,2025-11-04,EMP04953,CC0070,PA,1,Step Increment,72117.3,CAD,CAN,2025-11-05 09:00:00,CORE_HR
EVT00116352,2025-11-09,EMP02001,CC0006,CR,1,Step Increment,43016.61,CAD,CAN,2025-11-09 23:00:00,CORE_HR
EVT00117414,2025-11-26,EMP04457,CC0099,IT,2,Leave Start,,CAD,CAN,2025-11-26 10:00:00,CORE_HR
EVT00116716,2025-11-26,EMP02063,CC0003,EX,1,Performance Pay,12872.79,CAD,CAN,2025-11-26 18:00:00,CORE_HR
EVT00116359,2025-11-06,EMP01998,CC0081,EX,1,Performance Pay,13122.03,CAD,CAN,2025-11-06 14:00:00,CORE_HR
EVT00116664,2025-11-06,EMP01626,CC0012,EC,2,Performance Pay,8144.35,CAD,CAN,2025-11-06 13:00:00,CORE_HR
EVT00115881,2025-11-09,EMP01676,CC0116,EX,1,Step Increment,152540.47,CAD,CA,2025-11-10 08:00:00,PAYROLL
EVT00115835,2025-11-06,EMP01007,CC0019,IT,1,Performance Pay,11085.7,CAD,CAN,2025-11-06 10:00:00,CORE_HR
EVT00117315,2025-11-05,EMP04098,CC0111,PA,1,Performance Pay,10676.49,AUD,AUS,2025-11-06 15:00:00,CORE_HR
EVT00116404,2025-11-10,EMP03771,CC0003,IT,4,Leave Return,,CAD,CAN,2025-11-10 20:00:00,CORE_HR
EVT00115774,2025-11-02,EMP04771,CC0026,EN,3,Leave Return,,CAD,CA,2025-11-02 21:00:00,PAYROLL
EVT00116587,2025-11-15,EMP03989,CC0041,FI,3,Lateral Deployment,,CAD,CAN,2025-11-16 01:00:00,CORE_HR
EVT00116565,2025-11-09,EMP02340,CC0105,EX,3,Step Increment,425184.11,AED,ARE,2025-11-09 17:00:00,CORE_HR
EVT00117029,2025-11-24,EMP03967,CC0072,EN,4,Promotion,144319.0,CAD,CAN,2025-11-24 07:00:00,CORE_HR
EVT00117658,2025-11-12,EMP01668,CC0005,IT,2,Promotion,106676.01,CAD,CAN,2025-11-13 06:00:00,CORE_HR
EVT00116051,2025-11-10,EMP01419,CC0061,PA,1,Step Increment,70329.9,CAD,CAN,2025-11-11 05:00:00,CORE_HR
EVT00117350,2025-11-02,EMP03099,CC0034,EN,2,Promotion,106512.2,CAD,CAN,2025-11-02 10:00:00,CORE_HR
EVT00117176,2025-11-12,EMP01800,CC0006,PA,1,Hire,68854.2,CAD,CA,2025-11-12 10:00:00,PAYROLL
EVT00117522,2025-11-11,EMP03447,CC0026,EC,1,Performance Pay,5244.53,CAD,CAN,2025-11-12 02:00:00,CORE_HR
EVT00117414,2025-11-26,EMP04457,CC0099,IT,2,Leave Start,,CAD,CAN,2025-11-28 11:00:00,CORE_HR
EVT00117454,2025-11-17,EMP05170,CC0096,CR,1,Leave Start,,CAD,CAN,2025-11-17 23:00:00,CORE_HR
EVT00116535,2025-11-08,EMP01152,CC0031,AS,4,Step Increment,56246.42,GBP,GBR,2025-11-08 18:00:00,CORE_HR
EVT00116819,2025-11-13,EMP02883,CC0082,EX,1,Leave Return,,CAD,CAN,2025-11-14 04:00:00,CORE_HR
EVT00115931,2025-11-07,EMP01445,CC0093,PA,4,Leave Start,,CAD,CAN,2025-11-10 00:00:00,CORE_HR
EVT00117282,2025-11-02,EMP03432,CC0039,AS,5,Leave Return,,CAD,CAN,2025-11-03 15:00:00,CORE_HR
EVT00116195,2025-11-10,EMP04126,CC0003,PA,4,Lateral Deployment,,CAD,CA,2025-11-11 13:00:00,PAYROLL
EVT00115811,2025-11-19,EMP04575,CC0050,IT,3,Departure,,CAD,CAN,2025-11-19 21:00:00,CORE_HR
EVT00115809,2025-11-07,EMP01333,CC0119,EC,4,Step Increment,128268.51,CAD,CA,2025-11-07 09:00:00,PAYROLL
EVT00116832,2025-11-21,EMP04046,CC0046,PA,5,Step Increment,1653989.64,MXN,MEX,2025-11-24 12:00:00,CORE_HR
EVT00116692,2025-11-04,EMP01729,CC0095,EN,4,Step Increment,137853.73,CAD,CAN,2025-11-04 22:00:00,CORE_HR
EVT00116793,2025-11-23,EMP02512,CC0049,EN,3,Promotion,370640.95,BRL,BR,2025-11-23 21:00:00,PAYROLL
EVT00117493,2025-11-13,EMP01296,CC0001,EN,3,Leave Start,,CAD,CAN,2025-11-13 12:00:00,CORE_HR
EVT00116308,2025-11-18,EMP01766,CC0019,EN,3,Leave Return,,CAD,CA,2025-11-19 08:00:00,PAYROLL
EVT00115974,2025-11-16,EMP02526,CC0014,EC,1,Step Increment,82926.14,CAD,CA,2025-11-17 03:00:00,PAYROLL
EVT00117416,2025-11-10,EMP05077,CC0112,EC,2,Departure,,CAD,CAN,2025-11-11 00:00:00,CORE_HR
EVT00116073,2025-11-14,EMP04589,CC0007,AS,2,Leave Return,,SGD,SGP,2025-11-15 05:00:00,CORE_HR
EVT00116378,2025-11-03,EMP01046,CC0035,FI,3,Step Increment,110929.12,CAD,CAN,2025-11-04 01:00:00,CORE_HR
EVT00117034,2025-11-16,EMP01155,CC0081,FI,3,Leave Return,,CAD,CAN,2025-11-17 12:00:00,CORE_HR
EVT00115759,2025-11-05,EMP03384,CC0040,AS,2,Step Increment,75972.85,CAD,CAN,2025-11-06 10:00:00,CORE_HR
EVT00116527,2025-11-01,EMP03355,CC0087,FI,3,Step Increment,102449.81,CAD,CAN,2025-11-01 09:00:00,CORE_HR
EVT00116302,2025-11-16,EMP01744,CC0038,PA,2,Performance Pay,4649.15,CAD,CA,2025-11-17 14:00:00,PAYROLL
EVT00116531,2025-11-26,EMP02429,CC0097,AS,1,Performance Pay,6377.08,CAD,CAN,2025-11-26 07:00:00,CORE_HR
EVT00116447,2025-11-06,EMP04004,CC0107,IT,1,Leave Start,,CAD,CAN,2025-11-06 07:00:00,CORE_HR
EVT00117301,2025-11-16,EMP03543,CC0010,FI,2,Step Increment,91200.79,CAD,CAN,2025-11-16 11:00:00,CORE_HR
EVT00117403,2025-11-27,EMP04251,CC0064,IT,4,Step Increment,120012.61,CAD,CAN,2025-11-28 14:00:00,CORE_HR
EVT00117488,2025-11-02,EMP04118,CC0011,FI,1,Performance Pay,4794.91,CAD,CAN,2025-11-02 13:00:00,CORE_HR
EVT00116250,2025-11-23,EMP00796,CC0034,EC,3,Leave Return,,CAD,CAN,2025-11-24 13:00:00,CORE_HR
EVT00116880,2025-11-26,EMP04680,CC0078,CR,3,Lateral Deployment,,CAD,CAN,2025-11-26 19:00:00,CORE_HR
EVT00117551,2025-11-25,EMP00163,CC0091,EN,2,Hire,109516.77,CAD,CA,2025-11-25 16:00:00,PAYROLL
EVT00116400,2025-11-19,EMP04301,CC0045,AS,2,Leave Return,,CAD,CA,2025-11-20 14:00:00,PAYROLL
EVT00116033,2025-11-10,EMP00518,CC0089,CR,1,Departure,,CAD,CAN,2025-11-10 11:00:00,CORE_HR
EVT00116698,2025-11-12,EMP00675,CC0046,AS,1,Leave Start,,KES,KEN,2025-11-13 14:00:00,CORE_HR
EVT00115961,2025-11-07,EMP03505,CC0072,AS,2,Performance Pay,5396.91,CAD,CAN,2025-11-07 14:00:00,CORE_HR
EVT00115817,2025-11-20,EMP01869,CC0107,AS,1,Step Increment,66696.38,CAD,CA,2025-11-21 12:00:00,PAYROLL
EVT00116060,2025-11-09,EMP01400,CC0067,PA,2,Hire,80169.42,CAD,CA,2025-11-09 22:00:00,PAYROLL
EVT00116814,2025-11-27,EMP02325,CC0109,PA,3,Step Increment,68129.37,CAD,CAN,2025-11-27 15:00:00,CORE_HR
EVT00116120,2025-11-20,EMP01860,CC0059,EX,1,Lateral Deployment,,CAD,CA,2025-11-21 07:00:00,PAYROLL
EVT00116202,2025-11-17,EMP04625,CC0022,PA,3,Leave Start,,CAD,CAN,2025-11-17 16:00:00,CORE_HR
EVT00116028,2025-11-26,EMP03085,CC0114,PA,1,Hire,69020.46,CAD,CAN,2025-11-26 14:00:00,CORE_HR
EVT00115930,2025-11-25,EMP02323,CC0120,EN,1,Performance Pay,8645.42,CAD,CAN,2025-11-25 15:00:00,CORE_HR
EVT00117568,2025-11-24,EMP00333,CC0108,IT,3,Step Increment,100631.91,EUR,FR,2025-11-24 09:00:00,PAYROLL
EVT00116030,2025-11-21,EMP01674,CC0016,EN,1,Hire,93449.49,CAD,CAN,2025-11-21 08:00:00,CORE_HR
EVT00117680,2025-11-11,EMP00532,CC0116,EC,3,Leave Start,,CAD,CAN,2025-11-12 10:00:00,CORE_HR
EVT00115991,2025-11-08,EMP01417,CC0051,CR,2,Lateral Deployment,,CAD,CA,2025-11-08 23:00:00,PAYROLL
EVT00117678,2025-11-23,EMP03332,CC0076,EX,3,Performance Pay,23450.45,CAD,CAN,2025-11-24 06:00:00,CORE_HR
EVT00116566,2025-11-09,EMP02479,CC0096,IT,3,Performance Pay,7789.82,CAD,CAN,2025-11-09 18:00:00,CORE_HR
EVT00117140,2025-11-04,EMP04120,CC0040,AS,3,Promotion,73327.97,CAD,CAN,2025-11-04 08:00:00,CORE_HR
EVT00116026,2025-11-19,EMP00650,CC0058,PA,5,Step Increment,100663.18,CAD,CA,2025-11-20 09:00:00,PAYROLL
EVT00116238,2025-11-09,EMP03708,CC0110,PA,5,Departure,,CAD,CA,2025-11-09 17:00:00,PAYROLL
EVT00115960,2025-11-04,EMP01022,CC0111,CR,1,Departure,,AED,ARE,2025-11-04 07:00:00,CORE_HR
EVT00116163,2025-11-04,EMP02595,CC0099,PA,3,Step Increment,92461.34,CAD,CAN,2025-11-04 12:00:00,CORE_HR
EVT00117344,2025-11-21,EMP03792,CC0037,EC,4,Lateral Deployment,,CAD,CAN,2025-11-22 02:00:00,CORE_HR
EVT00116653,2025-11-15,EMP02241,CC0104,AS,2,Step Increment,69745.22,CAD,CAN,2025-11-15 18:00:00,CORE_HR
EVT00117161,2025-11-03,EMP99999,CC0061,FI,5,Promotion,126643.64,CAD,CA,2025-11-04 15:00:00,PAYROLL
EVT00117262,2025-11-23,EMP00091,CC0115,IT,3,Leave Return,,CAD,CA,2025-11-24 14:00:00,PAYROLL
EVT00116001,2025-11-27,EMP03362,CC0005,AS,3,Lateral Deployment,,CAD,CAN,2025-11-28 07:00:00,CORE_HR
EVT00116339,2025-11-12,EMP99999,CC0062,IT,5,Performance Pay,18907.57,CAD,CA,2025-11-12 23:00:00,PAYROLL
EVT00117362,2025-11-15,EMP04180,CC0022,IT,5,Performance Pay,6728.98,CAD,CA,2025-11-16 11:00:00,PAYROLL
EVT00116142,2025-11-05,EMP02438,CC0056,PA,4,Step Increment,98156.33,CAD,CAN,2025-11-05 06:00:00,CORE_HR
EVT00116020,2025-11-03,EMP05142,CC0057,AS,2,Lateral Deployment,,CAD,CA,2025-11-04 10:00:00,PAYROLL
EVT00115918,2025-11-01,EMP03656,CC0087,EX,1,Performance Pay,7875.93,CAD,CA,2025-11-02 14:00:00,PAYROLL
EVT00117366,2025-11-12,EMP00556,CC0063,AS,1,Leave Start,,CAD,CAN,2025-11-12 08:00:00,CORE_HR
EVT00115870,2025-11-11,EMP00171,CC0070,PA,1,Leave Start,,CAD,CAN,2025-11-11 10:00:00,CORE_HR
EVT00116928,2025-11-01,EMP03846,CC0031,AS,1,Departure,,EUR,DE,2025-11-01 13:00:00,PAYROLL
EVT00117423,2025-11-02,EMP02377,CC0056,FI,4,Promotion,99718.05,CAD,CA,2025-11-02 08:00:00,PAYROLL
EVT00117284,2025-11-08,EMP00300,CC0058,PA,3,Step Increment,85132.44,CAD,CAN,2025-11-10 17:00:00,CORE_HR
EVT00117492,2025-11-13,EMP99999,CC0097,IT,1,Lateral Deployment,,CAD,CA,2025-11-14 09:00:00,PAYROLL
EVT00115846,2025-11-16,EMP04789,CC0023,EX,3,Hire,198035.67,CAD,CAN,2025-11-17 14:00:00,CORE_HR
EVT00117382,2025-11-10,EMP04678,CC0020,EC,2,Performance Pay,4052.14,CAD,CAN,2025-11-11 14:00:00,CORE_HR
EVT00117010,2025-11-27,EMP02281,CC0065,PA,3,Leave Start,,BRL,BRA,2025-11-27 06:00:00,CORE_HR
EVT00117015,2025-11-11,EMP00727,CC0068,IT,3,Performance Pay,13844.66,CAD,CAN,2025-11-11 17:00:00,CORE_HR
EVT00117060,2025-11-27,EMP01490,CC0062,EN,2,Performance Pay,7515.52,CAD,CAN,2025-11-29 19:00:00,CORE_HR
EVT00117370,2025-11-12,EMP00868,CC0067,CR,3,Performance Pay,9434.8,CAD,CA,2025-11-12 21:00:00,PAYROLL
EVT00116756,2025-11-09,EMP04699,CC0069,IT,3,Hire,116828.65,CAD,CA,2025-11-09 19:00:00,PAYROLL
EVT00116777,1900-01-01,EMP03821,CC0057,IT,2,Leave Return,,CAD,CA,2025-11-21 09:00:00,PAYROLL
EVT00116782,2025-11-10,EMP02117,CC0080,EX,1,Performance Pay,11831.89,EUR,DE,2025-11-11 05:00:00,PAYROLL
EVT00117668,2025-11-13,EMP02892,CC0095,PA,5,Leave Return,,CAD,CA,2025-11-14 06:00:00,PAYROLL
EVT00116771,2025-11-21,EMP02232,CC0047,AS,3,Leave Start,,CAD,CA,2025-11-21 22:00:00,PAYROLL
EVT00117376,2025-11-14,EMP04638,CC0020,EN,1,Step Increment,81984.13,CAD,CAN,2025-11-14 21:00:00,CORE_HR
EVT00116181,2025-11-09,EMP04537,CC0054,EX,1,Performance Pay,384323.55,INR,IN,2025-11-10 19:00:00,PAYROLL
EVT00117111,2025-11-20,EMP03472,CC0032,EN,2,Departure,,CAD,CA,2025-11-21 07:00:00,PAYROLL
EVT00116864,2025-11-08,EMP03337,CC0097,PA,3,Leave Start,,CAD,CAN,2025-11-09 02:00:00,CORE_HR
EVT00117282,2025-11-02,EMP03432,CC0039,AS,5,Leave Return,,CAD,CAN,2025-11-04 06:00:00,CORE_HR
EVT00116611,2025-11-09,EMP00702,CC0017,FI,1,Step Increment,85209.47,CAD,CA,2025-11-10 03:00:00,PAYROLL
EVT00116526,2025-11-21,EMP00840,CC0099,CR,2,Departure,,CAD,CA,2025-11-21 07:00:00,PAYROLL
EVT00116055,2025-11-13,EMP01627,CC0064,EC,2,Lateral Deployment,,CAD,CA,2025-11-13 20:00:00,PAYROLL
EVT00115808,2025-11-06,EMP03224,CC0113,EX,3,Performance Pay,24558.83,CAD,CA,2025-11-06 08:00:00,PAYROLL
EVT00116429,2025-11-07,EMP03233,CC0101,FI,3,Promotion,93586.79,CAD,CA,2025-11-08 15:00:00,PAYROLL
EVT00117039,2025-11-26,EMP02608,CC0057,PA,1,Lateral Deployment,,CAD,CAN,2025-11-27 02:00:00,CORE_HR
EVT00115955,2025-11-01,EMP04803,CC0060,PA,1,Step Increment,62261.28,CAD,CAN,2025-11-01 11:00:00,CORE_HR
EVT00117079,2025-11-06,EMP01756,CC0041,EC,3,Performance Pay,13503.19,CAD,CAN,2025-11-06 12:00:00,CORE_HR
EVT00116024,2025-11-26,EMP04104,CC0029,PA,2,Step Increment,98983.74,AUD,AUS,2025-11-27 05:00:00,CORE_HR
EVT00116978,2025-11-26,EMP04471,CC0079,PA,3,Hire,81869.76,CAD,CAN,2025-11-26 19:00:00,CORE_HR
EVT00116784,2025-11-13,EMP02589,CC0093,AS,3,Step Increment,77756.84,CAD,CAN,2025-11-14 02:00:00,CORE_HR
EVT00116467,2025-11-24,EMP03337,CC0097,PA,3,Leave Return,,CAD,CAN,2025-11-25 15:00:00,CORE_HR
EVT00116682,2025-11-14,EMP00954,CC0115,EN,2,Performance Pay,14071.77,CAD,CAN,2025-11-15 00:00:00,CORE_HR
EVT00116572,2025-11-14,EMP03902,CC0030,EC,2,Step Increment,129606.79,AUD,AU,2025-11-14 17:00:00,PAYROLL
EVT00116790,2025-11-09,EMP04207,CC0070,PA,2,Step Increment,74706.71,CAD,CAN,2025-11-09 23:00:00,CORE_HR
EVT00116826,2025-11-21,EMP00307,CC0080,FI,1,Step Increment,208251.64,AED,ARE,2025-11-22 08:00:00,CORE_HR
EVT00116235,2025-11-10,EMP02890,CC0095,PA,1,Departure,,CAD,CA,2025-11-11 03:00:00,PAYROLL
EVT00115841,2025-11-11,EMP01685,CC0025,IT,1,Step Increment,87918.63,CAD,CA,2025-11-12 11:00:00,PAYROLL
EVT00117012,2025-11-26,EMP04144,CC0058,PA,3,Departure,,CAD,CAN,2025-11-26 14:00:00,CORE_HR
EVT00115828,2025-11-05,EMP00127,CC0047,PA,1,Lateral Deployment,,CAD,CA,2025-11-05 17:00:00,PAYROLL
EVT00117421,2025-11-02,EMP03527,CC0012,IT,3,Leave Start,,CAD,CA,2025-11-02 14:00:00,PAYROLL
EVT00117438,2025-11-04,EMP01096,CC0085,PA,5,Step Increment,112345.2,CAD,CAN,2025-11-04 13:00:00,CORE_HR
EVT00116338,2025-11-02,EMP99999,CC0031,EC,2,Departure,,USD,USA,2025-11-02 21:00:00,CORE_HR
EVT00116343,2025-11-08,EMP00426,CC0033,AS,4,Leave Return,,CAD,CAN,2025-11-09 13:00:00,CORE_HR
EVT00116183,2025-11-21,EMP01310,CC0072,IT,3,Leave Return,,CAD,CA,2025-11-21 12:00:00,PAYROLL
EVT00116645,2025-11-12,EMP04611,CC0119,PA,2,Lateral Deployment,,CAD,CA,2025-11-12 08:00:00,PAYROLL
EVT00116425,2025-11-09,EMP02573,CC0032,AS,3,Leave Start,,CAD,CAN,2025-11-09 23:00:00,CORE_HR
EVT00115882,2025-11-23,EMP05131,CC0092,CR,2,Leave Return,,CAD,CAN,2025-11-23 11:00:00,CORE_HR
EVT00116607,2025-11-24,EMP03224,CC0113,EX,3,Performance Pay,13043.12,CAD,CAN,2025-11-24 21:00:00,CORE_HR
EVT00116686,2025-11-26,EMP04430,CC0087,EN,4,Leave Start,,CAD,CAN,2025-11-26 17:00:00,CORE_HR
EVT00115810,2025-11-10,EMP00945,CC0030,EN,3,Departure,,SGD,SG,2025-11-12 23:00:00,PAYROLL
EVT00116121,2025-11-05,EMP02602,CC0114,CR,2,Step Increment,67282.05,CAD,CAN,2025-11-05 11:00:00,CORE_HR
EVT00117289,2025-11-08,EMP03060,CC0014,PA,1,Step Increment,49123.53,CAD,CAN,2025-11-08 16:00:00,CORE_HR
EVT00116619,2025-11-15,EMP04388,CC0095,IT,2,Leave Start,,CAD,CAN,2025-11-15 22:00:00,CORE_HR
EVT00116888,2025-11-09,EMP02173,CC0042,EC,2,Leave Return,,CAD,CA,2025-11-10 11:00:00,PAYROLL
EVT00117620,2025-11-21,EMP02642,CC0028,FI,1,Promotion,84958.9,CAD,CA,2025-11-22 03:00:00,PAYROLL
EVT00116596,2025-11-05,EMP00136,CC0001,IT,1,Promotion,87411.35,CAD,CAN,2025-11-05 22:00:00,CORE_HR
EVT00116273,2025-11-17,EMP00268,CC0117,PA,2,Step Increment,62490.14,CAD,CAN,2025-11-18 10:00:00,CORE_HR
EVT00117051,2025-11-22,EMP03144,CC0043,IT,1,Step Increment,79607.82,CAD,CAN,2025-11-22 11:00:00,CORE_HR
EVT00117247,2025-11-04,EMP02295,CC0046,IT,1,Step Increment,1392984.75,MXN,MEX,2025-11-04 10:00:00,CORE_HR
EVT00117347,2025-11-13,EMP01911,CC0117,CR,5,Step Increment,77167.32,CAD,CAN,2025-11-13 15:00:00,CORE_HR
EVT00116891,2025-11-14,EMP00902,CC0020,CR,5,Step Increment,83132.85,CAD,CAN,2025-11-15 03:00:00,CORE_HR
EVT00117325,2025-11-05,EMP00660,CC0094,IT,1,Lateral Deployment,,CAD,CA,2025-11-05 16:00:00,PAYROLL
EVT00117088,2025-11-04,EMP01703,CC0082,FI,5,Performance Pay,5882.36,CAD,CA,2025-11-05 01:00:00,PAYROLL
EVT00116992,2025-11-15,EMP03777,CC0105,IT,1,Lateral Deployment,,GBP,GB,2025-11-16 10:00:00,PAYROLL
EVT00117239,2025-11-20,EMP03150,CC0110,IT,4,Leave Return,,CAD,CAN,2025-11-21 01:00:00,CORE_HR
EVT00116848,2025-11-01,EMP03293,CC0048,FI,3,Step Increment,96706.16,CAD,CAN,2025-11-02 12:00:00,CORE_HR
EVT00117188,2025-11-02,EMP01799,CC0067,AS,3,Leave Return,,CAD,CA,2025-11-02 08:00:00,PAYROLL
EVT00117564,2025-11-07,EMP01189,CC0058,EC,3,Step Increment,116133.07,CAD,CAN,2025-11-08 06:00:00,CORE_HR
EVT00116555,2025-11-03,EMP01509,CC0004,EX,3,Step Increment,189515.12,CAD,CA,2025-11-03 10:00:00,PAYROLL
EVT00116872,2025-11-01,EMP04818,CC0052,PA,2,Step Increment,62369.93,CAD,CAN,2025-11-01 07:00:00,CORE_HR
EVT00117342,2025-11-16,EMP00385,CC0095,PA,2,Departure,,CAD,CAN,2025-11-17 07:00:00,CORE_HR
EVT00117575,2025-11-15,EMP01037,CC0032,PA,4,Departure,,CAD,CA,2025-11-15 22:00:00,PAYROLL
EVT00116171,2025-11-02,EMP03750,CC0089,PA,4,Step Increment,122130.37,CAD,CAN,2025-11-02 12:00:00,CORE_HR
EVT00115749,2025-11-11,EMP03124,CC0055,EN,3,Step Increment,102191.93,CAD,CA,2025-11-11 19:00:00,PAYROLL
EVT00116704,2025-11-25,EMP02057,CC0109,IT,3,Step Increment,114578.48,CAD,CAN,2025-11-27 10:00:00,CORE_HR
EVT00116551,2025-11-12,EMP03350,CC0053,PA,5,Promotion,98654.14,CAD,CAN,2025-11-12 22:00:00,CORE_HR
EVT00115931,2025-11-07,EMP01445,CC0093,PA,4,Leave Start,,CAD,CAN,2025-11-07 17:00:00,CORE_HR
EVT00117392,2025-11-06,EMP03769,CC0022,IT,1,Lateral Deployment,,CAD,CAN,2025-11-07 05:00:00,CORE_HR
EVT00116259,2025-11-07,EMP03135,CC0112,CR,1,Step Increment,65963.31,CAD,CA,2025-11-08 01:00:00,PAYROLL
EVT00115823,2025-11-17,EMP04815,CC0050,IT,1,Leave Start,,CAD,CA,2025-11-17 06:00:00,PAYROLL
EVT00116440,2025-11-07,EMP02641,CC0089,AS,1,Leave Return,,CAD,CAN,2025-11-07 22:00:00,CORE_HR
EVT00116300,2025-11-16,EMP00483,CC0091,EC,3,Step Increment,111027.59,CAD,CA,2025-11-17 10:00:00,PAYROLL
EVT00116301,2025-11-18,EMP02736,CC0070,PA,2,Lateral Deployment,,CAD,CA,2025-11-18 08:00:00,PAYROLL
EVT00116875,2025-11-03,EMP03381,CC0085,EX,2,Performance Pay,20260.33,CAD,CAN,2025-11-04 06:00:00,CORE_HR
EVT00115955,2025-11-01,EMP04803,CC0060,PA,1,Step Increment,62261.28,CAD,CAN,2025-11-01 16:00:00,CORE_HR
EVT00116083,2025-11-12,EMP04135,CC0029,EC,3,Lateral Deployment,,INR,IN,2025-11-14 09:00:00,PAYROLL
EVT00117562,2025-11-26,EMP03752,CC0084,FI,2,Lateral Deployment,,CAD,CA,2025-11-26 16:00:00,PAYROLL
EVT00117129,2025-11-19,EMP02200,CC0029,EN,2,Step Increment,52862.91,GBP,GB,2025-11-19 09:00:00,PAYROLL
EVT00116588,2025-11-08,EMP00644,CC0019,CR,3,Leave Start,,CAD,CAN,2025-11-08 20:00:00,CORE_HR
EVT00116836,2025-11-03,EMP01381,CC0095,EC,1,Step Increment,83574.41,CAD,CAN,2025-11-03 15:00:00,CORE_HR
EVT00117219,2025-11-17,EMP02242,CC0042,IT,3,Step Increment,135571.5,CAD,CA,2025-11-18 00:00:00,PAYROLL
EVT00116247,2025-11-09,EMP01243,CC0074,FI,4,Leave Return,,SGD,SGP,2025-11-10 14:00:00,CORE_HR
EVT00116606,2025-11-17,EMP00742,CC0014,AS,2,Leave Start,,CAD,CAN,2025-11-17 20:00:00,CORE_HR
EVT00116409,2025-11-08,EMP00892,CC0093,EN,1,Leave Start,,CAD,CAN,2025-11-09 02:00:00,CORE_HR
EVT00116991,2025-11-08,EMP03744,CC0034,PA,1,Leave Start,,CAD,CA,2025-11-08 18:00:00,PAYROLL
EVT00116966,2025-11-11,EMP03973,CC0025,EX,3,Departure,,CAD,CAN,2025-11-12 11:00:00,CORE_HR
EVT00116383,2025-11-20,EMP00763,CC0081,IT,2,Performance Pay,7558.22,CAD,CA,2025-11-20 15:00:00,PAYROLL
EVT00116985,2025-11-17,EMP04122,CC0039,FI,1,Leave Start,,CAD,CAN,2025-11-17 17:00:00,CORE_HR
EVT00117332,2025-11-20,EMP00479,CC0073,EN,3,Leave Return,,CAD,CAN,2025-11-21 09:00:00,CORE_HR
EVT00115940,2025-11-19,EMP04819,CC0074,IT,2,Step Increment,8390121.64,JPY,JP,2025-11-20 14:00:00,PAYROLL
EVT00116411,2025-11-24,EMP03126,CC0074,EX,1,Step Increment,89823.19,SGD,SG,2025-11-24 20:00:00,PAYROLL
EVT00117520,2025-11-08,EMP03399,CC0103,AS,1,Step Increment,46090.84,CAD,CA,2025-11-09 02:00:00,PAYROLL
EVT00116217,2025-11-25,EMP01982,CC0119,CR,1,Lateral Deployment,,CAD,CA,2025-11-26 11:00:00,PAYROLL
EVT00117120,2025-11-22,EMP02338,CC0011,PA,1,Step Increment,81007.24,CAD,CA,2025-11-23 05:00:00,PAYROLL
EVT00116979,2025-11-04,EMP02923,CC0098,CR,2,Leave Start,,CAD,CA,2025-11-05 15:00:00,PAYROLL
EVT00116321,2025-11-17,EMP02650,CC0017,PA,4,Step Increment,99983.21,CAD,CA,2025-11-17 17:00:00,PAYROLL
EVT00115825,2025-11-18,EMP02581,CC0049,PA,1,Performance Pay,12488.67,AUD,AUS,2025-11-18 08:00:00,CORE_HR
EVT00115779,2025-11-06,EMP00826,CC0071,EX,1,Step Increment,157984.66,CAD,CA,2025-11-06 17:00:00,PAYROLL
EVT00115952,2025-11-03,EMP01465,CC0044,EC,3,Leave Start,,CAD,CAN,2025-11-04 11:00:00,CORE_HR
EVT00116139,2025-11-10,EMP01029,CC0089,CR,3,Lateral Deployment,,CAD,CAN,2025-11-11 13:00:00,CORE_HR
EVT00116362,2025-11-09,EMP03244,CC0053,EC,1,Departure,,CAD,CA,2025-11-10 07:00:00,PAYROLL
EVT00116345,2025-11-19,EMP02063,CC0003,EX,1,Leave Return,,CAD,CAN,2025-11-19 13:00:00,CORE_HR
EVT00117134,2025-11-11,EMP04864,CC0102,AS,3,Lateral Deployment,,CAD,CAN,2025-11-11 17:00:00,CORE_HR
EVT00117066,2025-11-07,EMP00880,CC0019,EX,2,Leave Start,,CAD,CAN,2025-11-09 18:00:00,CORE_HR
EVT00117214,2025-11-24,EMP05091,CC0063,AS,4,Step Increment,79693.3,CAD,CAN,2025-11-25 15:00:00,CORE_HR
EVT00117075,2025-11-16,EMP04287,CC0043,EN,5,Leave Start,,CAD,CA,2025-11-16 14:00:00,PAYROLL
EVT00117364,2025-11-19,EMP03303,CC0096,EX,1,Step Increment,167005.51,CAD,CA,2025-11-20 08:00:00,PAYROLL
EVT00116111,2025-11-24,EMP05096,CC0044,AS,3,Promotion,83777.97,CAD,CA,2025-11-25 02:00:00,PAYROLL
EVT00116584,2025-11-08,EMP02715,CC0015,IT,5,Departure,,CAD,CAN,2025-11-09 08:00:00,CORE_HR
EVT00117069,2025-11-11,EMP01205,CC0115,AS,2,Step Increment,68189.33,CAD,CA,2025-11-12 13:00:00,PAYROLL
EVT00116216,2025-11-27,EMP00181,CC0021,CR,3,Performance Pay,5126.95,CAD,CA,2025-11-28 09:00:00,PAYROLL
EVT00117606,2025-11-11,EMP03521,CC0024,EN,1,Performance Pay,8179.32,CAD,CA,2025-11-12 01:00:00,PAYROLL
EVT00116534,2025-11-10,EMP03438,CC0071,IT,1,Leave Start,,CAD,CA,2025-11-10 22:00:00,PAYROLL
EVT00116612,2025-11-24,EMP04673,CC0105,AS,4,Performance Pay,7389.23,AUD,AU,2025-11-25 14:00:00,PAYROLL
EVT00117591,2025-11-09,EMP01408,CC0108,FI,1,Leave Start,,KES,KEN,2025-11-09 16:00:00,CORE_HR
EVT00115862,2025-11-20,EMP00372,CC0029,EN,1,Step Increment,9685929.31,KES,KE,2025-11-20 07:00:00,PAYROLL
EVT00116724,2025-11-19,EMP03538,CC0099,PA,2,Lateral Deployment,,CAD,CAN,2025-11-19 09:00:00,CORE_HR
EVT00117543,2025-11-03,EMP01677,CC0010,PA,2,Leave Return,,CAD,CAN,2025-11-04 00:00:00,CORE_HR
EVT00115997,2025-11-25,EMP04788,CC0086,AS,4,Leave Start,,USD,USA,2025-11-26 05:00:00,CORE_HR
EVT00116037,2025-11-18,EMP02125,CC0110,EC,3,Leave Return,,CAD,CA,2025-11-18 15:00:00,PAYROLL
EVT00117156,2025-11-04,EMP01390,CC0046,AS,4,Leave Start,,XXX,KEN,2025-11-07 10:00:00,CORE_HR
EVT00115906,2025-11-17,EMP03006,CC0099,IT,2,Departure,,CAD,CAN,2025-11-18 15:00:00,CORE_HR
EVT00117098,2025-11-12,EMP04548,CC0058,PA,1,Departure,,CAD,CAN,2025-11-13 04:00:00,CORE_HR
EVT00117130,2025-11-15,EMP01831,CC0084,PA,5,Departure,,CAD,CA,2025-11-16 14:00:00,PAYROLL
EVT00116941,2025-11-24,EMP02184,CC0028,FI,4,Lateral Deployment,,CAD,CAN,2025-11-24 14:00:00,CORE_HR
EVT00116744,2025-11-05,EMP00080,CC0099,CR,3,Lateral Deployment,,CAD,CA,2025-11-06 15:00:00,PAYROLL
EVT00116581,2025-11-05,EMP01000,CC0112,IT,4,Step Increment,125652.37,CAD,CAN,2025-11-05 14:00:00,CORE_HR
EVT00115897,2025-11-19,EMP05064,CC0043,AS,5,Leave Start,,CAD,CAN,2025-11-19 16:00:00,CORE_HR
EVT00115736,2025-11-20,EMP01781,CC0108,EX,2,Hire,15244453.95,JPY,JPN,2025-11-21 15:00:00,CORE_HR
EVT00117465,2025-11-26,EMP02065,CC0117,AS,1,Leave Start,,CAD,CA,2025-11-27 03:00:00,PAYROLL
EVT00116222,2025-11-04,EMP00096,CC0004,EC,1,Lateral Deployment,,CAD,CAN,2025-11-05 01:00:00,CORE_HR
EVT00116927,2025-11-21,EMP01107,CC0047,AS,5,Leave Start,,CAD,CAN,2025-11-22 09:00:00,CORE_HR
EVT00116513,2025-11-24,EMP04916,CC0025,EX,1,Departure,,CAD,CA,2025-11-24 13:00:00,PAYROLL
EVT00116636,2025-11-02,EMP01542,CC0034,IT,2,Lateral Deployment,,CAD,CAN,2025-11-02 13:00:00,CORE_HR
EVT00116268,2025-11-17,EMP04350,CC0019,EX,2,Leave Start,,CAD,CAN,2025-11-18 13:00:00,CORE_HR
EVT00116385,2025-11-16,EMP04318,CC0072,EC,4,Lateral Deployment,,CAD,CAN,2025-11-16 23:00:00,CORE_HR
EVT00116008,2025-11-13,EMP03211,CC0016,AS,1,Leave Return,,CAD,CAN,2025-11-16 13:00:00,CORE_HR
EVT00117543,2025-11-03,EMP01677,CC0010,PA,2,Leave Return,,CAD,CAN,2025-11-03 14:00:00,CORE_HR
EVT00117386,2025-11-04,EMP04355,CC0084,CR,2,Step Increment,68874.96,CAD,CAN,2025-11-04 19:00:00,CORE_HR
EVT00117545,2025-11-02,EMP04287,CC0043,EN,5,Step Increment,157087.27,CAD,CAN,2025-11-02 08:00:00,CORE_HR
EVT00117292,2025-11-02,EMP00127,CC0047,PA,1,Leave Return,,CAD,CA,2025-11-04 06:00:00,PAYROLL
EVT00115946,2025-11-21,EMP04139,CC0101,EX,2,Step Increment,154876.44,CAD,CA,2025-11-21 17:00:00,PAYROLL
EVT00116356,2025-11-12,EMP01302,CC0004,EN,1,Step Increment,91004.31,CAD,CA,2025-11-13 00:00:00,PAYROLL
EVT00116487,2025-11-14,EMP03294,CC0055,EN,4,Step Increment,114567.34,CAD,CA,2025-11-14 21:00:00,PAYROLL
EVT00117597,2025-11-13,EMP01441,CC0071,IT,3,Leave Start,,CAD,CA,2025-11-13 17:00:00,PAYROLL
EVT00117057,2025-11-14,EMP01145,CC0094,EC,1,Step Increment,87202.31,CAD,CAN,2025-11-15 04:00:00,CORE_HR
EVT00116236,2025-11-11,EMP01671,CC0064,PA,5,Leave Return,,CAD,CA,2025-11-11 22:00:00,PAYROLL
EVT00117477,2025-11-03,EMP03884,CC0109,EX,2,Leave Start,,CAD,CAN,2025-11-04 04:00:00,CORE_HR
EVT00116557,2025-11-20,EMP03609,CC0096,AS,2,Step Increment,73960.83,CAD,CAN,2025-11-20 16:00:00,CORE_HR
EVT00117231,2025-11-21,EMP04856,CC0082,CR,1,Performance Pay,4292.72,CAD,CA,2025-11-21 13:00:00,PAYROLL
EVT00117625,2025-11-09,EMP02724,CC0066,EN,1,Promotion,89727.22,CAD,CA,2025-11-10 04:00:00,PAYROLL
EVT00115917,2025-11-27,EMP02903,CC0023,PA,3,Leave Return,,CAD,CAN,2025-11-29 03:00:00,CORE_HR
EVT00116641,2025-11-16,EMP00185,CC0111,IT,2,Step Increment,312695.13,BRL,BR,2025-11-16 15:00:00,PAYROLL
EVT00116972,2025-11-16,EMP00069,CC0099,AS,1,Step Increment,63804.46,CAD,CA,2025-11-17 14:00:00,PAYROLL
EVT00117136,2025-11-14,EMP02325,CC0109,PA,3,Step Increment,70185.13,CAD,CA,2025-11-15 09:00:00,PAYROLL
EVT00115968,2025-11-04,EMP04141,CC0006,PA,3,Step Increment,93798.34,CAD,CA,2025-11-05 09:00:00,PAYROLL
EVT00116811,2025-11-14,EMP01733,CC0031,EX,1,Performance Pay,20810.67,AED,ARE,2025-11-15 08:00:00,CORE_HR
EVT00115753,2025-11-17,EMP05193,CC0015,PA,2,Lateral Deployment,,CAD,CA,2025-11-17 15:00:00,PAYROLL
EVT00117072,2025-11-01,EMP02050,CC0025,FI,3,Leave Start,,CAD,CAN,2025-11-02 09:00:00,CORE_HR
EVT00116959,2025-11-19,EMP01703,CC0082,FI,5,Lateral Deployment,,CAD,CAN,2025-11-19 21:00:00,CORE_HR
EVT00115949,2025-11-18,EMP03709,CC0025,IT,1,Performance Pay,6679.72,CAD,CA,2025-11-22 02:00:00,PAYROLL
EVT00116754,2025-11-03,EMP00308,CC0119,AS,2,Departure,,CAD,CAN,2025-11-03 21:00:00,CORE_HR
EVT00117601,2025-11-25,EMP00078,CC0025,EC,3,Step Increment,105435.75,CAD,CA,2025-11-25 22:00:00,PAYROLL
EVT00116132,2025-11-03,EMP00101,CC0055,CR,3,Hire,74743.33,CAD,CAN,2025-11-04 04:00:00,CORE_HR
EVT00116176,2025-11-19,EMP01461,CC0092,FI,3,Leave Return,,CAD,CA,2025-11-19 06:00:00,PAYROLL
EVT00117135,2025-11-26,EMP02401,CC0059,IT,3,Leave Return,,CAD,CAN,2025-11-26 18:00:00,CORE_HR
EVT00116582,2025-11-03,EMP04982,CC0106,IT,3,Hire,116733.65,CAD,CA,2025-11-04 13:00:00,PAYROLL
EVT00117443,2025-11-04,EMP04263,CC0062,PA,3,Step Increment,82943.06,CAD,CAN,2025-11-04 16:00:00,CORE_HR
EVT00117491,2025-11-21,EMP04735,CC0079,IT,2,Performance Pay,10461.94,CAD,CAN,2025-11-21 06:00:00,CORE_HR
EVT00115876,2025-11-27,EMP00237,CC0055,EN,2,Leave Start,,CAD,CAN,2025-11-27 14:00:00,CORE_HR
EVT00116975,2025-11-01,EMP03224,CC0113,EX,3,Performance Pay,20557.31,CAD,CAN,2025-11-01 11:00:00,CORE_HR
EVT00116702,2025-11-19,EMP00767,CC0089,CR,1,Step Increment,61655.8,CAD,CAN,2025-11-19 13:00:00,CORE_HR
EVT00116689,2025-11-09,EMP00396,CC0071,PA,4,Hire,106732.91,CAD,CA,2025-11-09 06:00:00,PAYROLL
EVT00116478,2025-11-11,EMP01699,CC0042,PA,4,Step Increment,103680.68,CAD,CAN,2025-11-11 10:00:00,CORE_HR
EVT00116988,2025-11-18,EMP02598,CC0068,EC,2,Leave Start,,CAD,CA,2025-11-19 12:00:00,PAYROLL
EVT00116951,2025-11-22,EMP00026,CC0065,FI,3,Step Increment,1425877.63,MXN,MX,2025-11-24 01:00:00,PAYROLL
EVT00117312,2025-11-08,EMP00323,CC0025,PA,5,Step Increment,111760.97,CAD,CA,2025-11-09 00:00:00,PAYROLL
EVT00117629,2025-11-26,EMP02785,CC0082,PA,5,Leave Return,,CAD,CAN,2025-11-27 02:00:00,CORE_HR
EVT00115840,2025-11-23,EMP03013,CC0095,AS,2,Performance Pay,5611.84,CAD,CA,2025-11-23 18:00:00,PAYROLL
EVT00116187,2025-11-03,EMP04026,CC0116,CR,1,Step Increment,55688.25,CAD,CA,2025-11-03 07:00:00,PAYROLL
EVT00115777,2025-11-17,EMP02042,CC0015,EN,2,Hire,110794.52,CAD,CA,2025-11-17 09:00:00,PAYROLL
EVT00117359,2025-11-20,EMP03743,CC0078,EC,1,Lateral Deployment,,CAD,CAN,2025-11-21 01:00:00,CORE_HR
EVT00117466,2025-11-18,EMP02241,CC0104,AS,2,Step Increment,57321.27,CAD,CA,2025-11-18 08:00:00,PAYROLL
EVT00116951,2025-11-22,EMP00026,CC0065,FI,3,Step Increment,1425877.63,MXN,MX,2025-11-22 16:00:00,PAYROLL
EVT00115983,2025-11-11,EMP04500,CC0003,EN,5,Step Increment,111788.23,CAD,CAN,2025-11-12 12:00:00,CORE_HR
EVT00116311,2025-11-11,EMP00869,CC0031,IT,4,Departure,,EUR,FRA,2025-11-12 11:00:00,CORE_HR
EVT00116288,2025-11-20,EMP02107,CC0002,EN,3,Performance Pay,6113.35,CAD,CA,2025-11-20 08:00:00,PAYROLL
EVT00117394,2025-11-06,EMP02040,CC0068,IT,1,Leave Start,,CAD,CAN,2025-11-07 08:00:00,CORE_HR
EVT00117339,2025-11-16,EMP04142,CC0049,EX,2,Step Increment,147368.32,EUR,FR,2025-11-16 11:00:00,PAYROLL
EVT00117641,2025-11-01,EMP04309,CC0030,EN,2,Step Increment,9052346.45,KES,KEN,2025-11-01 09:00:00,CORE_HR
EVT00116802,2025-11-22,EMP02536,CC0039,IT,1,Step Increment,83731.96,CAD,CA,2025-11-23 08:00:00,PAYROLL
EVT00115745,2025-11-04,EMP04689,CC0044,FI,4,Step Increment,122589.67,CAD,CA,2025-11-05 03:00:00,PAYROLL
EVT00116150,2025-11-18,EMP04782,CC0088,EC,3,Step Increment,96174.9,EUR,DEU,2025-11-18 06:00:00,CORE_HR
EVT00116016,2025-11-14,EMP04023,CC0043,PA,2,Departure,,CAD,CAN,2025-11-15 04:00:00,CORE_HR
EVT00116416,2025-11-23,EMP05087,CC0082,FI,3,Step Increment,93289.36,CAD,CAN,2025-11-23 08:00:00,CORE_HR
EVT00116580,2025-11-02,EMP02800,CC0083,PA,2,Step Increment,83427.34,CAD,CA,2025-11-03 02:00:00,PAYROLL
EVT00116867,2025-11-24,EMP03334,CC0087,AS,2,Performance Pay,9719.19,CAD,CAN,2025-11-25 01:00:00,CORE_HR
EVT00115760,2025-11-16,EMP04667,CC0063,IT,2,Step Increment,98931.53,CAD,CAN,2025-11-18 03:00:00,CORE_HR
EVT00116945,2025-11-06,EMP04741,CC0075,IT,4,Step Increment,136038.57,CAD,CAN,2025-11-07 14:00:00,CORE_HR
EVT00116334,2025-11-19,EMP01526,CC0019,AS,2,Leave Return,,CAD,CA,2025-11-19 21:00:00,PAYROLL
EVT00117445,2025-11-14,EMP01341,CC0086,EN,1,Leave Return,,EUR,FRA,2025-11-15 10:00:00,CORE_HR
EVT00116438,2025-11-02,EMP02110,CC0095,AS,5,Leave Start,,CAD,CA,2025-11-02 16:00:00,PAYROLL
EVT00116740,2025-11-01,EMP04067,CC0097,PA,1,Leave Return,,CAD,CAN,2025-11-01 23:00:00,CORE_HR
EVT00116220,2025-11-27,EMP03210,CC0017,EC,4,Leave Start,,CAD,CAN,2025-11-27 09:00:00,CORE_HR
EVT00117058,2025-11-20,EMP01299,CC0045,PA,2,Leave Return,,CAD,CA,2025-11-20 15:00:00,PAYROLL
EVT00116769,2025-11-20,EMP04504,CC0060,CR,1,Leave Return,,CAD,CA,2025-11-20 22:00:00,PAYROLL
EVT00115798,2025-11-10,EMP02569,CC0096,FI,2,Performance Pay,8001.59,CAD,CAN,2025-11-10 10:00:00,CORE_HR
EVT00115797,2025-11-25,EMP05014,CC0023,EX,2,Leave Start,,CAD,CA,2025-11-25 19:00:00,PAYROLL
EVT00117259,2025-11-14,EMP00978,CC0117,FI,3,Departure,,CAD,CA,2025-11-14 13:00:00,PAYROLL
EVT00116584,2025-11-08,EMP02715,CC0015,IT,5,Departure,,CAD,CAN,2025-11-08 16:00:00,CORE_HR
EVT00116049,2025-11-23,EMP02554,CC0028,PA,4,Performance Pay,13177.8,CAD,CA,2025-11-23 15:00:00,PAYROLL
EVT00117609,2025-11-11,EMP05118,CC0018,PA,3,Leave Return,,CAD,CAN,2025-11-11 06:00:00,CORE_HR
EVT00115989,2025-11-22,EMP00487,CC0081,EN,3,Performance Pay,16087.74,CAD,CAN,2025-11-23 13:00:00,CORE_HR
EVT00117375,2025-11-19,EMP00450,CC0103,IT,5,Step Increment,154738.63,CAD,CAN,2025-11-20 05:00:00,CORE_HR
EVT00116433,2025-11-08,EMP01497,CC0011,AS,4,Departure,,CAD,CA,2025-11-08 07:00:00,PAYROLL
EVT00116806,2025-11-09,EMP01524,CC0018,FI,2,Lateral Deployment,,CAD,CAN,2025-11-10 01:00:00,CORE_HR
EVT00117687,2025-11-21,EMP01965,CC0047,IT,4,Leave Start,,CAD,CA,2025-11-21 20:00:00,PAYROLL
EVT00116989,2025-11-11,EMP04450,CC0016,EC,4,Step Increment,112350.62,CAD,CAN,2025-11-12 02:00:00,CORE_HR
EVT00116690,2025-11-16,EMP01459,CC0051,PA,5,Departure,,CAD,CAN,2025-11-16 08:00:00,CORE_HR
EVT00117150,2025-11-14,EMP04650,CC0111,PA,4,Leave Return,,MXN,MEX,2025-11-15 09:00:00,CORE_HR
