event_id,event_date,employee_id,cost_center_id,classification_group,classification_level,event_type,amount_local,local_currency,work_country_code,ingest_ts,source_system
EVT00112548,2025-09-14,EMP00460,CC0078,PA,3,Step Increment,87547.49,CAD,CAN,2025-09-15 14:00:00,CORE_HR
EVT00112368,2025-09-22,EMP01288,CC0019,EN,2,Leave Start,,CAD,CA,2025-09-25 03:00:00,PAYROLL
EVT00112512,2025-09-05,EMP00801,CC0023,FI,1,Step Increment,73950.61,CAD,CAN,2025-09-05 18:00:00,CORE_HR
EVT00112124,2025-09-22,EMP00954,CC0115,EN,2,Step Increment,111856.64,CAD,CAN,2025-09-23 15:00:00,CORE_HR
EVT00112563,2025-09-12,EMP01728,CC0099,CR,3,Leave Start,,CAD,CAN,2025-09-12 07:00:00,CORE_HR
EVT00112487,2025-09-15,EMP02021,CC0043,AS,4,Step Increment,89812.74,CAD,CAN,2025-09-16 00:00:00,CORE_HR
EVT00112977,2025-09-09,EMP00283,CC0013,EC,3,Performance Pay,9900.99,CAD,CAN,2025-09-10 00:00:00,CORE_HR
EVT00112534,2025-09-16,EMP00796,CC0034,EC,3,Departure,,CAD,CA,2025-09-16 22:00:00,PAYROLL
EVT00113330,2025-09-23,EMP01102,CC0036,CR,3,Hire,53569.05,CAD,CAN,2025-09-24 09:00:00,CORE_HR
EVT00112862,2025-09-15,EMP02317,CC0108,FI,4,Step Increment,329246.39,AED,ARE,2025-09-15 10:00:00,CORE_HR
EVT00112101,2025-09-23,EMP00735,CC0045,IT,2,Leave Return,,CAD,CA,2025-09-23 23:00:00,PAYROLL
EVT00113543,2025-09-18,EMP00859,CC0080,PA,1,Step Increment,41088.89,SGD,SGP,2025-09-18 12:00:00,CORE_HR
EVT00113183,2025-09-21,EMP03699,CC0017,AS,1,Step Increment,64678.99,CAD,CAN,2025-09-22 06:00:00,CORE_HR
EVT00111945,2025-09-16,EMP04091,CC0090,EN,1,Step Increment,86275.28,CAD,CAN,2025-09-17 09:00:00,CORE_HR
EVT00113162,2025-09-09,EMP04613,CC0046,IT,3,Departure,,GBP,GB,2025-09-09 07:00:00,PAYROLL
EVT00112957,2025-09-01,EMP03094,CC0094,AS,4,Leave Return,,CAD,CAN,2025-09-01 19:00:00,CORE_HR
EVT00112628,2025-09-03,EMP00443,CC0094,EC,1,Leave Start,,CAD,CA,2025-09-03 18:00:00,PAYROLL
EVT00111770,2025-09-24,EMP01932,CC0116,IT,4,Performance Pay,8126.43,CAD,CAN,2025-09-24 19:00:00,CORE_HR
EVT00111674,2025-09-06,EMP02134,CC0116,EN,2,Leave Return,,CAD,CAN,2025-09-06 08:00:00,CORE_HR
EVT00113139,2025-09-20,EMP02568,CC0003,EX,2,Performance Pay,16728.75,CAD,CA,2025-09-20 22:00:00,PAYROLL
EVT00111851,2025-09-14,EMP00266,CC0115,EN,1,Leave Return,,CAD,CA,2025-09-15 01:00:00,PAYROLL
EVT00113244,2025-09-14,EMP01720,CC0073,EN,2,Promotion,100683.63,CAD,CA,2025-09-16 01:00:00,PAYROLL
EVT00111748,2025-09-06,EMP03822,CC0088,CR,5,Step Increment,7949983.38,KES,KE,2025-09-07 10:00:00,PAYROLL
EVT00111794,2025-09-06,EMP04724,CC0033,FI,2,Lateral Deployment,,CAD,CAN,2025-09-07 02:00:00,CORE_HR
EVT00111934,2025-09-11,EMP00155,CC0068,EC,1,Performance Pay,5191.61,CAD,CAN,2025-09-11 14:00:00,CORE_HR
EVT00111710,2025-09-14,EMP04887,CC0008,EX,1,Step Increment,148597.13,CAD,CA,2025-09-15 04:00:00,PAYROLL
EVT00113421,2025-09-03,EMP01319,CC0109,EX,1,Step Increment,136217.22,CAD,CAN,2025-09-04 12:00:00,CORE_HR
EVT00112770,2025-09-04,EMP04650,CC0111,PA,4,Leave Return,,AUD,AUS,2025-09-05 01:00:00,CORE_HR
EVT00112291,2025-09-25,EMP02921,CC0044,CR,4,Step Increment,76242.74,CAD,CA,2025-09-26 06:00:00,PAYROLL
EVT00113375,2025-09-22,EMP04410,CC0029,PA,1,Leave Return,,USD,US,2025-09-23 03:00:00,PAYROLL
EVT00112415,2025-09-15,EMP04780,CC0047,PA,1,Leave Return,,CAD,CAN,2025-09-16 05:00:00,CORE_HR
EVT00112697,2025-09-05,EMP01292,CC0113,AS,3,Lateral Deployment,,CAD,CA,2025-09-06 09:00:00,PAYROLL
EVT00111920,2025-09-06,EMP03727,CC0084,CR,2,Leave Start,,CAD,CA,2025-09-07 12:00:00,PAYROLL
EVT00113336,2025-09-08,EMP02775,CC0105,PA,4,Leave Start,,EUR,FR,2025-09-08 20:00:00,PAYROLL
EVT00113580,2025-09-12,EMP02954,CC0094,AS,4,Step Increment,92730.61,CAD,CA,2025-09-13 15:00:00,PAYROLL
EVT00113495,2025-09-10,EMP01216,CC0069,FI,3,Leave Return,,CAD,CAN,2025-09-10 13:00:00,CORE_HR
EVT00112190,2025-09-12,EMP03769,CC0022,IT,1,Step Increment,84417.23,CAD,CAN,2025-09-12 12:00:00,CORE_HR
EVT00112706,1900-01-01,EMP01779,CC0020,EN,2,Departure,,CAD,CAN,2025-09-26 09:00:00,CORE_HR
EVT00112246,2025-09-16,EMP01356,CC0005,AS,3,Step Increment,84465.55,CAD,CA,2025-09-16 18:00:00,PAYROLL
EVT00113303,2025-09-25,EMP03338,CC0098,AS,4,Step Increment,70983.47,CAD,CAN,2025-09-26 02:00:00,CORE_HR
EVT00113163,2025-09-11,EMP03391,CC0029,PA,3,Leave Start,,JPY,JPN,2025-09-12 07:00:00,CORE_HR
EVT00111848,2025-09-08,EMP00264,CC0093,EX,1,Departure,,CAD,CAN,2025-09-09 06:00:00,CORE_HR
EVT00111961,2025-09-12,EMP03187,CC0080,AS,4,Lateral Deployment,,INR,IND,2025-09-13 05:00:00,CORE_HR
EVT00113455,2025-09-26,EMP00592,CC0051,CR,3,Departure,,CAD,CA,2025-09-26 20:00:00,PAYROLL
EVT00112061,2025-09-22,EMP02956,CC0009,PA,4,Lateral Deployment,,BRL,BR,2025-09-22 07:00:00,PAYROLL
EVT00113579,2025-09-11,EMP00530,CC0037,IT,2,Performance Pay,6890.2,CAD,CAN,2025-09-12 14:00:00,CORE_HR
EVT00112453,2025-09-15,EMP00152,CC0057,FI,4,Step Increment,139553.33,CAD,CA,2025-09-16 12:00:00,PAYROLL
EVT00113454,2025-09-18,EMP01281,CC0086,EC,4,Lateral Deployment,,AED,ARE,2025-09-19 11:00:00,CORE_HR
EVT00113120,2025-09-14,EMP00674,CC0026,EC,5,Performance Pay,11491.4,CAD,CA,2025-09-15 08:00:00,PAYROLL
EVT00112305,2025-09-27,EMP01502,CC0041,AS,3,Departure,,CAD,CAN,2025-09-28 05:00:00,CORE_HR
EVT00112820,2025-09-24,EMP05017,CC0022,EC,1,Leave Start,,CAD,CAN,2025-09-24 18:00:00,CORE_HR
EVT00113151,2025-09-19,EMP04028,CC0049,PA,1,Leave Start,,AUD,AU,2025-09-19 09:00:00,PAYROLL
EVT00112011,2025-09-02,EMP00278,CC0061,AS,5,Lateral Deployment,,CAD,CAN,2025-09-02 09:00:00,CORE_HR
EVT00111743,2025-09-25,EMP04519,CC0036,FI,2,Step Increment,89515.71,CAD,CAN,2025-09-26 15:00:00,CORE_HR
EVT00112926,2025-09-10,EMP03742,CC0107,EN,2,Step Increment,112560.57,CAD,CA,2025-09-11 09:00:00,PAYROLL
EVT00111983,2025-09-24,EMP04498,CC0048,PA,5,Step Increment,107980.15,CAD,CAN,2025-09-24 10:00:00,CORE_HR
EVT00113268,2025-09-20,EMP00342,CC0020,CR,4,Leave Start,,CAD,CA,2025-09-21 11:00:00,PAYROLL
EVT00112179,2025-09-17,EMP01894,CC0033,PA,5,Step Increment,130921.9,CAD,CA,2025-09-17 21:00:00,PAYROLL
EVT00112185,2025-09-16,EMP04795,CC0057,EN,1,Step Increment,95571.03,CAD,CA,2025-09-16 19:00:00,PAYROLL
EVT00112079,2025-09-01,EMP03175,CC0043,EX,2,Step Increment,153359.42,CAD,CAN,2025-09-01 21:00:00,CORE_HR
EVT00111688,2025-09-24,EMP00294,CC0111,IT,2,Step Increment,342393.93,BRL,BRA,2025-09-25 13:00:00,CORE_HR
EVT00112902,2025-09-24,EMP03763,CC0053,EX,2,Step Increment,160914.07,CAD,CAN,2025-09-25 06:00:00,CORE_HR
EVT00113263,2025-09-01,EMP04251,CC0064,IT,4,Step Increment,127943.36,CAD,CA,2025-09-01 17:00:00,PAYROLL
EVT00113575,2025-09-23,EMP02664,CC0117,IT,1,Leave Return,,CAD,CAN,2025-09-24 09:00:00,CORE_HR
EVT00113496,2025-09-10,EMP04279,CC0115,PA,5,Leave Start,,CAD,CAN,2025-09-11 01:00:00,CORE_HR
EVT00112900,2025-09-02,EMP01864,CC0116,IT,4,Step Increment,135914.82,CAD,CA,2025-09-03 12:00:00,PAYROLL
EVT00112232,2025-09-24,EMP03665,CC0114,PA,2,Step Increment,74316.41,CAD,CAN,2025-09-24 22:00:00,CORE_HR
EVT00112180,2025-09-03,EMP01695,CC0093,PA,1,Performance Pay,5643.51,CAD,CAN,2025-09-04 03:00:00,CORE_HR
EVT00111555,2025-09-22,EMP00639,CC0065,FI,1,Performance Pay,335606.99,JPY,JP,2025-09-23 00:00:00,PAYROLL
EVT00112951,2025-09-01,EMP99999,CC0023,EN,3,Leave Return,,CAD,CAN,2025-09-01 14:00:00,CORE_HR
EVT00113568,2025-09-18,EMP01995,CC0117,FI,1,Leave Start,,CAD,CAN,2025-09-19 01:00:00,CORE_HR
EVT00112696,2025-09-27,EMP02491,CC0088,IT,2,Leave Return,,AUD,AUS,2025-09-27 08:00:00,CORE_HR
EVT00113291,2025-09-25,EMP00345,CC0091,IT,2,Step Increment,110966.08,CAD,CA,2025-09-25 21:00:00,PAYROLL
EVT00111542,2025-09-15,EMP03376,CC0074,IT,1,Step Increment,9907552.76,KES,KEN,2025-09-15 15:00:00,CORE_HR
EVT00112611,2025-09-06,EMP03168,CC0059,FI,5,Step Increment,138829.56,CAD,CA,2025-09-07 10:00:00,PAYROLL
EVT00113596,2025-09-05,EMP05053,CC0117,CR,1,Leave Start,,CAD,CAN,2025-09-05 21:00:00,CORE_HR
EVT00111799,2025-09-13,EMP03381,CC0085,EX,2,Promotion,180765.41,CAD,CAN,2025-09-13 23:00:00,CORE_HR
EVT00112838,2025-09-23,EMP01799,CC0067,AS,3,Step Increment,71893.44,CAD,CAN,2025-09-23 09:00:00,CORE_HR
EVT00111534,2025-09-17,EMP04939,CC0096,EX,1,Leave Start,,CAD,CAN,2025-09-17 06:00:00,CORE_HR
EVT00113099,2025-09-15,EMP04089,CC0062,CR,3,Departure,,CAD,CAN,2025-09-16 10:00:00,CORE_HR
EVT00113344,2025-09-14,EMP02073,CC0077,FI,2,Departure,,CAD,CAN,2025-09-15 14:00:00,CORE_HR
EVT00111736,2025-09-18,EMP04586,CC0073,FI,4,Performance Pay,15692.33,CAD,CAN,2025-09-19 08:00:00,CORE_HR
EVT00113131,2025-09-07,EMP04529,CC0005,EN,3,Step Increment,125158.89,CAD,CAN,2025-09-07 11:00:00,CORE_HR
EVT00113475,2025-09-13,EMP03062,CC0070,CR,1,Departure,,CAD,CA,2025-09-14 13:00:00,PAYROLL
EVT00112734,2025-09-20,EMP04902,CC0057,CR,5,Step Increment,90595.69,CAD,CAN,2025-09-20 06:00:00,CORE_HR
EVT00112242,2025-09-25,EMP01150,CC0086,AS,3,Performance Pay,5661.19,EUR,DEU,2025-09-25 06:00:00,CORE_HR
EVT00112519,2025-09-04,EMP01836,CC0011,EC,2,Hire,89585.41,CAD,CA,2025-09-04 14:00:00,PAYROLL
EVT00112700,2025-09-04,EMP02781,CC0053,PA,1,Step Increment,81534.74,CAD,CAN,2025-09-04 11:00:00,CORE_HR
EVT00112408,2025-09-25,EMP02100,CC0071,IT,3,Lateral Deployment,,CAD,CA,2025-09-25 23:00:00,PAYROLL
EVT00112960,2025-09-15,EMP04373,CC0032,PA,1,Lateral Deployment,,CAD,CAN,2025-09-15 09:00:00,CORE_HR
EVT00113240,2025-09-17,EMP01266,CC0091,PA,4,Step Increment,91262.86,CAD,CAN,2025-09-17 06:00:00,CORE_HR
EVT00113081,2025-09-24,EMP04935,CC0054,AS,1,Lateral Deployment,,AED,AE,2025-09-24 22:00:00,PAYROLL
EVT00112589,2025-09-07,EMP02451,CC0118,FI,2,Leave Return,,CAD,CAN,2025-09-08 16:00:00,CORE_HR
EVT00111976,2025-09-12,EMP01469,CC0059,PA,4,Departure,,CAD,CA,2025-09-12 11:00:00,PAYROLL
EVT00112151,2025-09-10,EMP04507,CC0051,EN,1,Step Increment,96307.12,CAD,CA,2025-09-10 11:00:00,PAYROLL
EVT00112432,2025-09-19,EMP00268,CC0117,PA,2,Step Increment,66863.29,CAD,CAN,2025-09-20 10:00:00,CORE_HR
EVT00112375,2025-09-24,EMP00952,CC0118,FI,2,Performance Pay,6849.71,CAD,CA,2025-09-24 20:00:00,PAYROLL
EVT00111682,2025-09-16,EMP03302,CC0044,EN,2,Step Increment,111353.85,CAD,CAN,2025-09-16 20:00:00,CORE_HR
EVT00112088,2025-09-01,EMP01173,CC0061,FI,3,Hire,106229.12,CAD,CA,2025-09-02 12:00:00,PAYROLL
EVT00112449,2025-09-12,EMP04658,CC0074,IT,1,Lateral Deployment,,JPY,JP,2025-09-12 09:00:00,PAYROLL
EVT00112212,2025-09-18,EMP02871,CC0116,IT,1,Performance Pay,5754.95,CAD,CAN,2025-09-19 02:00:00,CORE_HR
EVT00112268,2025-09-04,EMP01337,CC0025,IT,2,Leave Return,,CAD,CA,2025-09-04 09:00:00,PAYROLL
EVT00111648,2025-09-02,EMP04778,CC0055,FI,1,Leave Start,,CAD,CAN,2025-09-03 00:00:00,CORE_HR
EVT00111730,2025-09-15,EMP01393,CC0051,AS,5,Step Increment,98700.09,CAD,CAN,2025-09-16 06:00:00,CORE_HR
EVT00112807,2025-09-01,EMP03818,CC0076,IT,1,Departure,,CAD,CA,2025-09-01 18:00:00,PAYROLL
EVT00112186,2025-09-25,EMP00945,CC0030,EN,3,Step Increment,151412.03,AUD,AUS,2025-09-25 19:00:00,CORE_HR
EVT00112712,2025-09-05,EMP02537,CC0088,PA,5,Performance Pay,20846.02,BRL,BRA,2025-09-06 01:00:00,CORE_HR
EVT00112799,2025-09-26,EMP04221,CC0034,PA,1,Step Increment,52177.37,CAD,CA,2025-09-27 03:00:00,PAYROLL
EVT00112119,2025-09-21,EMP02988,CC0038,AS,5,Leave Return,,CAD,CAN,2025-09-21 17:00:00,CORE_HR
EVT00111910,2025-09-24,EMP04247,CC0063,IT,3,Leave Start,,CAD,CA,2025-09-25 07:00:00,PAYROLL
EVT00113449,2025-09-26,EMP01122,CC0080,PA,4,Step Increment,8245722.02,JPY,JPN,2025-09-27 03:00:00,CORE_HR
EVT00112545,2025-09-19,EMP00110,CC0043,EC,4,Lateral Deployment,,CAD,CA,2025-09-19 12:00:00,PAYROLL
EVT00112224,2025-09-14,EMP00407,CC0118,AS,1,Performance Pay,6958.63,CAD,CAN,2025-09-14 07:00:00,CORE_HR
EVT00113182,2025-09-03,EMP03322,CC0120,EN,4,Leave Start,,CAD,CA,2025-09-03 08:00:00,PAYROLL
EVT00111888,2025-09-18,EMP03719,CC0028,EX,1,Leave Start,,CAD,CA,2025-09-19 04:00:00,PAYROLL
EVT00112313,2025-09-20,EMP04886,CC0015,FI,2,Performance Pay,4764.7,CAD,CA,2025-09-21 13:00:00,PAYROLL
EVT00113584,2025-09-11,EMP01638,CC0091,EX,1,Performance Pay,12335.21,CAD,CA,2025-09-12 01:00:00,PAYROLL
EVT00113111,2025-09-27,EMP00019,CC0058,IT,5,Step Increment,143097.55,CAD,CAN,2025-09-28 06:00:00,CORE_HR
EVT00111905,2025-09-08,EMP04259,CC0020,PA,3,Performance Pay,7904.11,CAD,CA,2025-09-08 06:00:00,PAYROLL
EVT00113190,2025-09-18,EMP02804,CC0098,CR,2,Leave Start,,CAD,CA,2025-09-19 01:00:00,PAYROLL
EVT00112727,2025-09-15,EMP01684,CC0011,PA,2,Performance Pay,8804.36,CAD,CAN,2025-09-16 01:00:00,CORE_HR
EVT00112167,2025-09-04,EMP04917,CC0091,IT,4,Performance Pay,6406.2,CAD,CAN,2025-09-04 11:00:00,CORE_HR
EVT00112247,2025-09-09,EMP01658,CC0095,EC,1,Step Increment,80056.8,CAD,CA,2025-09-10 01:00:00,PAYROLL
EVT00113484,2025-09-25,EMP03844,CC0058,IT,4,Step Increment,139550.05,CAD,CA,2025-09-25 17:00:00,PAYROLL
EVT00113323,2025-09-13,EMP02415,CC0120,IT,2,Step Increment,96222.12,CAD,CA,2025-09-14 22:00:00,PAYROLL
EVT00112346,2025-09-23,EMP00183,CC0043,EN,3,Lateral Deployment,,CAD,CAN,2025-09-24 05:00:00,CORE_HR
EVT00113198,2025-09-20,EMP01232,CC0068,PA,2,Step Increment,79878.93,CAD,CAN,2025-09-21 00:00:00,CORE_HR
EVT00112924,2025-09-25,EMP03463,CC0035,IT,1,Step Increment,84464.93,CAD,CAN,2025-09-26 08:00:00,CORE_HR
EVT00112098,2025-09-11,EMP02737,CC0004,AS,2,Step Increment,74915.86,CAD,CAN,2025-09-12 03:00:00,CORE_HR
EVT00111579,2025-09-22,EMP01493,CC0044,IT,4,Leave Start,,CAD,CAN,2025-09-23 04:00:00,CORE_HR
EVT00111960,2025-09-11,EMP02017,CC0104,EC,1,Performance Pay,3515.65,CAD,CA,2025-09-11 13:00:00,PAYROLL
EVT00112603,2025-09-05,EMP03163,CC0039,PA,4,Performance Pay,10162.77,CAD,CA,2025-09-06 10:00:00,PAYROLL
EVT00111600,2025-09-03,EMP04475,CC0117,PA,4,Performance Pay,4833.84,CAD,CAN,2025-09-04 08:00:00,CORE_HR
EVT00112491,2025-09-05,EMP01083,CC0106,EN,3,Performance Pay,7943.95,CAD,CA,2025-09-05 23:00:00,PAYROLL
EVT00112537,2025-09-19,EMP00183,CC0043,EN,3,Performance Pay,11519.94,CAD,CA,2025-09-19 17:00:00,PAYROLL
EVT00113297,2025-09-02,EMP02671,CC0036,FI,4,Step Increment,106672.57,CAD,CA,2025-09-02 21:00:00,PAYROLL
EVT00112539,2025-09-18,EMP03455,CC0081,EN,3,Leave Start,,CAD,CA,2025-09-18 06:00:00,PAYROLL
EVT00112547,2025-09-21,EMP04730,CC0082,EN,4,Performance Pay,6912.74,CAD,CA,2025-09-21 11:00:00,PAYROLL
EVT00113085,2025-09-05,EMP02621,CC0118,AS,5,Hire,84466.36,CAD,CAN,2025-09-06 13:00:00,CORE_HR
EVT00112238,2025-09-16,EMP03875,CC0105,IT,4,Step Increment,2067697.56,MXN,MEX,2025-09-17 14:00:00,CORE_HR
EVT00112042,2025-09-09,EMP02806,CC0080,EX,1,Leave Return,,AUD,AUS,2025-09-09 16:00:00,CORE_HR
EVT00113507,2025-09-08,EMP02984,CC0093,FI,3,Departure,,CAD,CAN,2025-09-08 23:00:00,CORE_HR
EVT00113264,2025-09-23,EMP01828,CC0026,PA,4,Leave Start,,CAD,CA,2025-09-24 02:00:00,PAYROLL
EVT00113306,2025-09-21,EMP00118,CC0030,AS,2,Step Increment,51172.46,EUR,DE,2025-09-21 16:00:00,PAYROLL
EVT00113540,2025-09-16,EMP00952,CC0118,FI,2,Step Increment,84149.13,CAD,CA,2025-09-16 17:00:00,PAYROLL
EVT00112144,2025-09-06,EMP01853,CC0009,EN,1,Leave Return,,AED,AE,2025-09-07 04:00:00,PAYROLL
EVT00112208,2025-09-02,EMP03793,CC0049,IT,5,Step Increment,82491.53,GBP,GBR,2025-09-03 07:00:00,CORE_HR
EVT00111830,2025-09-11,EMP03719,CC0028,EX,1,Departure,,CAD,CA,2025-09-11 18:00:00,PAYROLL
EVT00112810,2025-09-24,EMP00777,CC0035,PA,4,Leave Start,,CAD,CAN,2025-09-24 08:00:00,CORE_HR
EVT00113486,2025-09-26,EMP00678,CC0094,AS,2,Departure,,CAD,CAN,2025-09-27 06:00:00,CORE_HR
EVT00112916,2025-09-14,EMP03434,CC0082,EC,4,Leave Return,,CAD,CAN,2025-09-14 15:00:00,CORE_HR
EVT00112308,2025-09-03,EMP04848,CC0045,PA,3,Leave Return,,CAD,CA,2025-09-03 08:00:00,PAYROLL
EVT00112659,2025-09-01,EMP04120,CC0040,AS,3,Performance Pay,6136.36,CAD,CA,2025-09-02 15:00:00,PAYROLL
EVT00113189,2025-09-08,EMP04828,CC0097,IT,1,Lateral Deployment,,CAD,CA,2025-09-12 05:00:00,PAYROLL
EVT00112404,2025-09-23,EMP00285,CC0046,EN,3,Lateral Deployment,,AUD,AUS,2025-09-24 01:00:00,CORE_HR
EVT00112570,2025-09-25,EMP01977,CC0023,IT,2,Step Increment,76434.96,CAD,CAN,2025-09-25 14:00:00,CORE_HR
EVT00111552,2025-09-03,EMP03287,CC0060,EX,3,Leave Return,,CAD,CAN,2025-09-03 12:00:00,CORE_HR
EVT00113230,2025-09-14,EMP01894,CC0033,PA,5,Step Increment,102782.93,CAD,CAN,2025-09-14 09:00:00,CORE_HR
EVT00112130,2025-09-01,EMP04968,CC0026,EN,1,Leave Return,,CAD,CA,2025-09-01 09:00:00,PAYROLL
EVT00112524,2025-09-17,EMP00603,CC0068,PA,3,Lateral Deployment,,CAD,CA,2025-09-17 12:00:00,PAYROLL
EVT00113388,2025-09-13,EMP01703,CC0082,FI,5,Leave Start,,CAD,CAN,2025-09-14 12:00:00,CORE_HR
EVT00113571,2025-09-17,EMP03056,CC0041,EC,5,Leave Start,,CAD,CAN,2025-09-18 03:00:00,CORE_HR
EVT00112602,2025-09-08,EMP01840,CC0054,EC,1,Step Increment,115292.38,AUD,AU,2025-09-09 00:00:00,PAYROLL
EVT00112127,2025-09-12,EMP02952,CC0002,FI,3,Leave Return,,CAD,CA,2025-09-12 20:00:00,PAYROLL
EVT00112967,2025-09-07,EMP02290,CC0099,AS,2,Lateral Deployment,,CAD,CAN,2025-09-08 10:00:00,CORE_HR
EVT00112000,2025-09-09,EMP03787,CC0010,AS,1,Leave Start,,XXX,CAN,2025-09-09 09:00:00,CORE_HR
EVT00112220,2025-09-25,EMP05071,CC0076,PA,1,Step Increment,63587.37,CAD,CAN,2025-09-25 18:00:00,CORE_HR
EVT00113514,2025-09-14,EMP04853,CC0117,PA,1,Leave Return,,CAD,CAN,2025-09-15 15:00:00,CORE_HR
EVT00112920,2025-09-24,EMP02122,CC0013,AS,4,Leave Return,,CAD,CA,2025-09-24 06:00:00,PAYROLL
EVT00112148,2025-09-17,EMP03392,CC0108,IT,1,Leave Start,,USD,US,2025-09-18 02:00:00,PAYROLL
EVT00111642,2025-09-02,EMP00608,CC0052,PA,1,Promotion,65063.46,CAD,CA,2025-09-02 11:00:00,PAYROLL
EVT00113092,2025-09-22,EMP03491,CC0111,PA,1,Leave Return,,AUD,AU,2025-09-22 23:00:00,PAYROLL
EVT00112326,2025-09-26,EMP00589,CC0033,PA,1,Step Increment,66130.46,CAD,CA,2025-09-26 18:00:00,PAYROLL
EVT00111927,2025-09-18,EMP04553,CC0006,AS,2,Step Increment,75574.79,CAD,CAN,2025-09-19 04:00:00,CORE_HR
EVT00112201,2025-09-13,EMP01198,CC0009,PA,2,Step Increment,1397521.36,MXN,MEX,2025-09-13 07:00:00,CORE_HR
EVT00113314,2025-09-11,EMP00929,CC0065,AS,3,Leave Start,,SGD,SGP,2025-09-12 08:00:00,CORE_HR
EVT00112531,2025-09-16,EMP03752,CC0084,FI,2,Leave Start,,CAD,CAN,2025-09-17 00:00:00,CORE_HR
EVT00111686,2025-09-15,EMP04579,CC0052,PA,3,Performance Pay,11953.29,CAD,CAN,2025-09-15 06:00:00,CORE_HR
EVT00112477,2025-09-27,EMP03373,CC0044,IT,2,Departure,,CAD,CA,2025-09-27 12:00:00,PAYROLL
EVT00112784,2025-09-10,EMP00604,CC0018,EX,3,Departure,,CAD,CA,2025-09-11 14:00:00,PAYROLL
EVT00113472,2025-09-06,EMP01485,CC0088,EN,4,Step Increment,12067187.99,JPY,JPN,2025-09-06 15:00:00,CORE_HR
EVT00112595,2025-09-27,EMP00683,CC0098,EN,2,Performance Pay,13836.84,CAD,CAN,2025-09-27 14:00:00,CORE_HR
EVT00113194,2025-09-12,EMP05114,CC0107,PA,2,Step Increment,77148.03,CAD,CA,2025-09-12 17:00:00,PAYROLL
EVT00113469,2025-09-26,EMP04030,CC0045,EN,4,Step Increment,124638.47,CAD,CA,2025-09-27 09:00:00,PAYROLL
EVT00112424,2025-09-21,EMP02901,CC0031,EN,1,Hire,5988946.13,INR,IN,2025-09-21 07:00:00,PAYROLL
EVT00112781,2025-09-01,EMP02411,CC0003,PA,2,Step Increment,73211.17,CAD,CAN,2025-09-01 07:00:00,CORE_HR
EVT00112586,2025-09-11,EMP00076,CC0042,EX,2,Leave Return,,CAD,CA,2025-09-11 16:00:00,PAYROLL
EVT00112997,2025-09-12,EMP02236,CC0048,EX,2,Leave Start,,CAD,CAN,2025-09-12 14:00:00,CORE_HR
EVT00112275,2025-09-27,EMP00328,CC0022,IT,2,Leave Return,,CAD,CAN,2025-09-28 01:00:00,CORE_HR
EVT00112027,2025-09-13,EMP00367,CC0097,FI,4,Performance Pay,10728.97,CAD,CA,2025-09-14 01:00:00,PAYROLL
EVT00112229,2025-09-08,EMP05076,CC0092,IT,2,Performance Pay,5840.55,CAD,CA,2025-09-08 18:00:00,PAYROLL
EVT00111786,2025-09-18,EMP02448,CC0042,PA,1,Performance Pay,6190.96,CAD,CAN,2025-09-18 23:00:00,CORE_HR
EVT00112373,2025-09-27,EMP04881,CC0018,CR,3,Step Increment,66702.13,CAD,CAN,2025-09-27 11:00:00,CORE_HR
EVT00112062,2025-09-24,EMP04111,CC0064,CR,1,Leave Start,,CAD,CAN,2025-09-25 08:00:00,CORE_HR
EVT00113015,2025-09-17,EMP04931,CC0039,PA,4,Performance Pay,8457.67,CAD,CAN,2025-09-17 08:00:00,CORE_HR
EVT00111624,2025-09-26,EMP04852,CC0077,EN,3,Lateral Deployment,,CAD,CAN,2025-09-27 08:00:00,CORE_HR
EVT00112714,2025-09-19,EMP03746,CC0085,IT,1,Step Increment,82390.94,CAD,CA,2025-09-19 17:00:00,PAYROLL
EVT00113501,2025-09-13,EMP00216,CC0041,CR,1,Step Increment,60949.87,CAD,CAN,2025-09-14 02:00:00,CORE_HR
EVT00113534,2025-09-11,EMP01838,CC0085,PA,1,Step Increment,72330.91,CAD,CAN,2025-09-12 04:00:00,CORE_HR
EVT00112623,2025-09-02,EMP00890,CC0032,PA,1,Lateral Deployment,,CAD,CAN,2025-09-06 00:00:00,CORE_HR
EVT00113362,2025-09-23,EMP05155,CC0081,FI,4,Hire,108848.39,CAD,CAN,2025-09-23 13:00:00,CORE_HR
EVT00112299,2025-09-08,EMP01612,CC0107,PA,2,Step Increment,75313.18,CAD,CAN,2025-09-08 20:00:00,CORE_HR
EVT00112771,2025-09-15,EMP02357,CC0028,AS,2,Hire,66248.91,CAD,CAN,2025-09-16 08:00:00,CORE_HR
EVT00112319,2025-09-10,EMP00170,CC0050,IT,4,Hire,131156.18,CAD,CA,2025-09-11 09:00:00,PAYROLL
EVT00112046,2025-09-18,EMP02926,CC0048,IT,3,Leave Return,,CAD,CAN,2025-09-19 06:00:00,CORE_HR
EVT00111717,2025-09-03,EMP02946,CC0029,FI,3,Leave Start,,AED,ARE,2025-09-03 06:00:00,CORE_HR
EVT00112708,2025-09-12,EMP02712,CC0066,FI,1,Performance Pay,4975.96,CAD,CA,2025-09-12 22:00:00,PAYROLL
EVT00112007,2025-09-25,EMP01973,CC0026,CR,2,Hire,66391.75,CAD,CAN,2025-09-25 16:00:00,CORE_HR
EVT00112906,2025-09-08,EMP04805,CC0098,EX,2,Leave Return,,CAD,CAN,2025-09-09 13:00:00,CORE_HR
EVT00112849,2025-09-12,EMP00246,CC0114,FI,3,Performance Pay,11963.23,CAD,CAN,2025-09-12 12:00:00,CORE_HR
EVT00112113,2025-09-09,EMP02468,CC0035,IT,1,Leave Return,,CAD,CAN,2025-09-09 20:00:00,CORE_HR
EVT00112063,2025-09-10,EMP01814,CC0119,EX,1,Performance Pay,17889.54,CAD,CA,2025-09-13 19:00:00,PAYROLL
EVT00113450,2025-09-19,EMP01421,CC0058,AS,3,Step Increment,80445.51,CAD,CA,2025-09-21 23:00:00,PAYROLL
EVT00112673,2025-09-14,EMP01229,CC0118,FI,2,Step Increment,95624.05,CAD,CAN,2025-09-15 13:00:00,CORE_HR
EVT00113281,2025-09-19,EMP03890,CC0096,EC,1,Promotion,80012.73,CAD,CAN,2025-09-19 14:00:00,CORE_HR
EVT00111861,2025-09-16,EMP01407,CC0012,PA,4,Performance Pay,10414.3,CAD,CAN,2025-09-16 21:00:00,CORE_HR
EVT00113022,2025-09-21,EMP03211,CC0016,AS,1,Departure,,CAD,CA,2025-09-21 06:00:00,PAYROLL
EVT00111643,2025-09-06,EMP04939,CC0096,EX,1,Step Increment,134512.25,CAD,CAN,2025-09-07 08:00:00,CORE_HR
EVT00111644,2025-09-02,EMP03369,CC0043,PA,2,Lateral Deployment,,CAD,CAN,2025-09-02 06:00:00,CORE_HR
EVT00111889,2025-09-18,EMP01130,CC0108,EC,2,Performance Pay,7363.47,GBP,GB,2025-09-19 09:00:00,PAYROLL
EVT00111901,2025-09-25,EMP04310,CC0026,EX,1,Lateral Deployment,,CAD,CA,2025-09-25 12:00:00,PAYROLL
EVT00112744,2025-09-02,EMP03075,CC0086,PA,2,Step Increment,228145.26,AED,AE,2025-09-02 07:00:00,PAYROLL
EVT00112380,2025-09-07,EMP01286,CC0115,PA,3,Hire,63723.29,CAD,CA,2025-09-07 14:00:00,PAYROLL
EVT00113034,2025-09-18,EMP03867,CC0078,PA,2,Step Increment,84412.11,CAD,CAN,2025-09-18 11:00:00,CORE_HR
EVT00112540,2025-09-20,EMP00386,CC0014,EX,2,Leave Start,,CAD,CAN,2025-09-20 23:00:00,CORE_HR
EVT00112049,2025-09-27,EMP00302,CC0096,EN,3,Step Increment,116938.25,CAD,CAN,2025-09-27 08:00:00,CORE_HR
EVT00111709,2025-09-25,EMP04836,CC0099,EC,3,Step Increment,103746.73,CAD,CA,2025-09-26 04:00:00,PAYROLL
EVT00112829,2025-09-03,EMP03084,CC0072,AS,3,Departure,,CAD,CAN,2025-09-03 11:00:00,CORE_HR
EVT00113231,2025-09-19,EMP00542,CC0117,EX,1,Performance Pay,14727.25,CAD,CAN,2025-09-19 07:00:00,CORE_HR
EVT00111826,2025-09-08,EMP04839,CC0031,EX,1,Hire,14120868.52,JPY,JP,2025-09-09 12:00:00,PAYROLL
EVT00111837,2025-09-14,EMP01660,CC0093,EC,3,Leave Return,,CAD,CAN,2025-09-14 23:00:00,CORE_HR
EVT00112038,2025-09-23,EMP00699,CC0021,AS,1,Performance Pay,7939.62,CAD,CAN,2025-09-23 11:00:00,CORE_HR
EVT00112346,2025-09-23,EMP00183,CC0043,EN,3,Lateral Deployment,,CAD,CAN,2025-09-26 07:00:00,CORE_HR
EVT00112350,2025-09-02,EMP00713,CC0004,AS,5,Performance Pay,5602.2,CAD,CA,2025-09-03 11:00:00,PAYROLL
EVT00112335,2025-09-11,EMP03661,CC0005,EX,2,Departure,,CAD,CAN,2025-09-11 11:00:00,CORE_HR
EVT00111866,2025-09-26,EMP04419,CC0067,PA,2,Performance Pay,4990.7,CAD,CA,2025-09-27 12:00:00,PAYROLL
EVT00112312,2025-09-18,EMP04503,CC0081,FI,1,Performance Pay,8461.01,CAD,CAN,2025-09-19 02:00:00,CORE_HR
EVT00112732,2025-09-06,EMP00640,CC0024,AS,2,Leave Start,,CAD,CA,2025-09-06 09:00:00,PAYROLL
EVT00112713,2025-09-23,EMP99999,CC0091,IT,3,Departure,,CAD,CAN,2025-09-23 17:00:00,CORE_HR
EVT00111667,2025-09-21,EMP04782,CC0088,EC,3,Step Increment,80732.07,EUR,FR,2025-09-22 09:00:00,PAYROLL
EVT00112351,2025-09-05,EMP01632,CC0005,EX,1,Lateral Deployment,,CAD,CA,2025-09-05 20:00:00,PAYROLL
EVT00112003,2025-09-14,EMP04010,CC0004,EX,1,Leave Return,,XXX,CA,2025-09-15 09:00:00,PAYROLL
EVT00112790,2025-09-11,EMP02946,CC0029,FI,3,Step Increment,1608864.84,MXN,MX,2025-09-12 05:00:00,PAYROLL
EVT00113329,2025-09-24,EMP00854,CC0061,CR,4,Step Increment,73407.1,CAD,CAN,2025-09-25 00:00:00,CORE_HR
EVT00113247,2025-09-19,EMP02066,CC0048,PA,3,Leave Start,,CAD,CAN,2025-09-19 23:00:00,CORE_HR
EVT00112037,2025-09-01,EMP02684,CC0031,EC,5,Lateral Deployment,,BRL,BR,2025-09-02 05:00:00,PAYROLL
EVT00112448,2025-09-15,EMP01122,CC0080,PA,4,Leave Return,,AUD,AUS,2025-09-16 10:00:00,CORE_HR
EVT00111787,2025-09-09,EMP04489,CC0064,IT,2,Step Increment,100172.75,CAD,CA,2025-09-09 14:00:00,PAYROLL
EVT00112941,2025-09-19,EMP03630,CC0078,PA,2,Performance Pay,7191.87,CAD,CAN,2025-09-19 10:00:00,CORE_HR
EVT00111941,2025-09-26,EMP04655,CC0073,IT,1,Step Increment,73892.68,CAD,CAN,2025-09-27 07:00:00,CORE_HR
EVT00111738,2025-09-24,EMP03642,CC0037,EC,1,Lateral Deployment,,CAD,CAN,2025-09-24 23:00:00,CORE_HR
EVT00113585,2025-09-24,EMP04655,CC0073,IT,1,Step Increment,93446.42,CAD,CA,2025-09-24 22:00:00,PAYROLL
EVT00113031,2025-09-19,EMP01200,CC0089,PA,1,Step Increment,64469.53,CAD,CAN,2025-09-19 11:00:00,CORE_HR
EVT00112911,2025-09-11,EMP03475,CC0047,EN,1,Hire,90956.72,CAD,CAN,2025-09-11 21:00:00,CORE_HR
EVT00113317,2025-09-18,EMP01441,CC0071,IT,3,Leave Return,,CAD,CAN,2025-09-19 23:00:00,CORE_HR
EVT00112451,2025-09-17,EMP02036,CC0029,IT,5,Step Increment,501206.39,BRL,BRA,2025-09-17 21:00:00,CORE_HR
EVT00113140,2025-09-14,EMP05045,CC0010,IT,1,Lateral Deployment,,CAD,CAN,2025-09-14 13:00:00,CORE_HR
EVT00112103,2025-09-16,EMP04102,CC0094,PA,3,Step Increment,80476.79,CAD,CA,2025-09-17 14:00:00,PAYROLL
EVT00112953,2025-09-06,EMP02184,CC0028,FI,4,Promotion,104217.86,CAD,CAN,2025-09-07 09:00:00,CORE_HR
EVT00112892,2025-09-14,EMP03081,CC0042,FI,2,Leave Start,,CAD,CAN,2025-09-15 14:00:00,CORE_HR
EVT00113379,2025-09-10,EMP03523,CC0014,AS,1,Leave Return,,CAD,CAN,2025-09-10 17:00:00,CORE_HR
EVT00111803,2025-09-26,EMP02207,CC0090,IT,1,Step Increment,92907.78,CAD,CAN,2025-09-27 02:00:00,CORE_HR
EVT00111562,2025-09-17,EMP02505,CC0028,EX,1,Leave Start,,CAD,CA,2025-09-18 13:00:00,PAYROLL
EVT00111930,2025-09-16,EMP01894,CC0033,PA,5,Step Increment,114156.1,CAD,CAN,2025-09-16 12:00:00,CORE_HR
EVT00113429,2025-09-21,EMP02978,CC0025,FI,4,Step Increment,96779.54,CAD,CAN,2025-09-21 21:00:00,CORE_HR
EVT00113353,2025-09-11,EMP04897,CC0068,PA,2,Leave Return,,CAD,CA,2025-09-11 12:00:00,PAYROLL
EVT00111903,2025-09-24,EMP03789,CC0116,AS,2,Step Increment,74407.72,CAD,CA,2025-09-24 22:00:00,PAYROLL
EVT00112640,2025-09-10,EMP04536,CC0060,PA,4,Leave Start,,CAD,CAN,2025-09-12 06:00:00,CORE_HR
EVT00111578,2025-09-15,EMP01694,CC0081,EX,2,Leave Start,,CAD,CAN,2025-09-15 07:00:00,CORE_HR
EVT00112218,2025-09-16,EMP00739,CC0099,PA,3,Leave Return,,CAD,CA,2025-09-17 02:00:00,PAYROLL
EVT00112695,2025-09-09,EMP01855,CC0092,PA,3,Lateral Deployment,,CAD,CAN,2025-09-10 04:00:00,CORE_HR
EVT00112827,2025-09-12,EMP04720,CC0086,PA,1,Step Increment,38105.61,GBP,GB,2025-09-12 16:00:00,PAYROLL
EVT00113416,2025-09-12,EMP01697,CC0083,AS,2,Leave Start,,CAD,CA,2025-09-12 14:00:00,PAYROLL
EVT00112474,2025-09-22,EMP04548,CC0058,PA,1,Step Increment,68255.07,CAD,CA,2025-09-23 10:00:00,PAYROLL
EVT00111761,2025-09-12,EMP00452,CC0060,PA,2,Leave Return,,CAD,CAN,2025-09-13 09:00:00,CORE_HR
EVT00111681,2025-09-24,EMP00955,CC0057,EC,1,Step Increment,80276.92,CAD,CAN,2025-09-25 13:00:00,CORE_HR
EVT00112710,2025-09-18,EMP04537,CC0054,EX,1,Step Increment,71841.66,GBP,GBR,2025-09-18 11:00:00,CORE_HR
EVT00112363,2025-09-09,EMP00168,CC0068,EN,2,Leave Start,,CAD,CAN,2025-09-10 01:00:00,CORE_HR
EVT00112114,2025-09-23,EMP04708,CC0058,PA,2,Performance Pay,6785.88,CAD,CA,2025-09-24 01:00:00,PAYROLL
EVT00113154,2025-09-14,EMP02464,CC0116,PA,1,Leave Start,,CAD,CA,2025-09-15 07:00:00,PAYROLL
EVT00113583,2025-09-24,EMP01141,CC0055,EN,4,Promotion,136448.14,CAD,CA,2025-09-25 01:00:00,PAYROLL
EVT00112964,2025-09-17,EMP03854,CC0043,FI,3,Leave Start,,CAD,CAN,2025-09-17 07:00:00,CORE_HR
EVT00111806,2025-09-05,EMP01203,CC0120,EC,1,Step Increment,73434.74,CAD,CAN,2025-09-06 03:00:00,CORE_HR
EVT00111583,2025-09-08,EMP00274,CC0062,PA,1,Leave Start,,CAD,CAN,2025-09-08 12:00:00,CORE_HR
EVT00111760,2025-09-05,EMP00605,CC0069,IT,1,Lateral Deployment,,CAD,CAN,2025-09-05 17:00:00,CORE_HR
EVT00112076,2025-09-13,EMP02014,CC0107,EC,3,Departure,,CAD,CA,2025-09-13 10:00:00,PAYROLL
EVT00112409,2025-09-06,EMP02866,CC0032,PA,2,Step Increment,82717.27,CAD,CAN,2025-09-06 17:00:00,CORE_HR
EVT00112593,2025-09-10,EMP01503,CC0032,IT,1,Departure,,CAD,CA,2025-09-11 09:00:00,PAYROLL
EVT00111764,2025-09-25,EMP03214,CC0075,IT,2,Lateral Deployment,,CAD,CA,2025-09-26 08:00:00,PAYROLL
EVT00112730,2025-09-20,EMP05128,CC0086,AS,1,Lateral Deployment,,MXN,MX,2025-09-20 13:00:00,PAYROLL
EVT00112191,2025-09-25,EMP02028,CC0076,AS,1,Step Increment,57727.48,CAD,CAN,2025-09-26 09:00:00,CORE_HR
EVT00112627,2025-09-18,EMP02829,CC0028,PA,5,Leave Start,,CAD,CA,2025-09-19 21:00:00,PAYROLL
EVT00111750,2025-09-03,EMP04192,CC0080,PA,5,Leave Return,,AED,ARE,2025-09-04 04:00:00,CORE_HR
EVT00112052,2025-09-12,EMP05144,CC0105,IT,5,Step Increment,13799067.97,JPY,JPN,2025-09-12 11:00:00,CORE_HR
EVT00111884,2025-09-24,EMP03026,CC0059,PA,4,Hire,93277.75,CAD,CA,2025-09-24 07:00:00,PAYROLL
EVT00112637,2025-09-15,EMP04232,CC0048,AS,1,Step Increment,57187.97,CAD,CAN,2025-09-16 06:00:00,CORE_HR
EVT00111765,2025-09-17,EMP04945,CC0102,IT,1,Hire,94654.08,CAD,CA,2025-09-18 14:00:00,PAYROLL
EVT00113278,2025-09-07,EMP02202,CC0034,AS,4,Hire,101029.43,CAD,CAN,2025-09-08 11:00:00,CORE_HR
EVT00112509,2025-09-02,EMP02571,CC0070,PA,4,Leave Start,,CAD,CA,2025-09-03 13:00:00,PAYROLL
EVT00112850,2025-09-24,EMP02926,CC0048,IT,3,Leave Start,,CAD,CA,2025-09-24 20:00:00,PAYROLL
EVT00113195,2025-09-22,EMP04484,CC0033,CR,3,Lateral Deployment,,CAD,CAN,2025-09-23 06:00:00,CORE_HR
EVT00111589,2025-09-12,EMP04612,CC0008,IT,1,Step Increment,90135.06,CAD,CA,2025-09-12 19:00:00,PAYROLL
EVT00112544,2025-09-22,EMP00856,CC0115,PA,1,Performance Pay,7504.71,CAD,CAN,2025-09-23 03:00:00,CORE_HR
EVT00113229,2025-09-27,EMP04708,CC0058,PA,2,Step Increment,84628.95,CAD,CAN,2025-09-28 15:00:00,CORE_HR
EVT00111998,2025-09-27,EMP03186,CC0106,CR,4,Step Increment,78359.2,CAD,CA,2025-09-27 12:00:00,PAYROLL
EVT00112835,2025-09-20,EMP02181,CC0052,PA,3,Promotion,79460.66,CAD,CAN,2025-09-21 03:00:00,CORE_HR
EVT00112288,2025-09-25,EMP00839,CC0031,CR,3,Promotion,49576.42,SGD,SGP,2025-09-26 09:00:00,CORE_HR
EVT00112573,2025-09-05,EMP01620,CC0079,EX,1,Performance Pay,18527.77,CAD,CAN,2025-09-06 04:00:00,CORE_HR
EVT00112954,2025-09-24,EMP03451,CC0076,CR,3,Lateral Deployment,,CAD,CA,2025-09-24 18:00:00,PAYROLL
EVT00112867,2025-09-10,EMP01091,CC0045,PA,4,Performance Pay,8038.05,CAD,CAN,2025-09-10 22:00:00,CORE_HR
EVT00112746,2025-09-24,EMP00548,CC0115,EC,2,Lateral Deployment,,CAD,CA,2025-09-24 06:00:00,PAYROLL
EVT00112598,2025-09-17,EMP01226,CC0047,EC,4,Leave Start,,CAD,CA,2025-09-17 11:00:00,PAYROLL
EVT00112374,2025-09-07,EMP01078,CC0022,FI,4,Step Increment,93719.24,CAD,CA,2025-09-07 06:00:00,PAYROLL
EVT00112726,2025-09-27,EMP99999,CC0085,FI,1,Departure,,CAD,CAN,2025-09-28 01:00:00,CORE_HR
EVT00111582,2025-09-25,EMP03354,CC0013,FI,1,Performance Pay,4480.03,CAD,CAN,2025-09-25 16:00:00,CORE_HR
EVT00113071,2025-09-16,EMP02672,CC0051,PA,2,Lateral Deployment,,CAD,CA,2025-09-19 11:00:00,PAYROLL
EVT00111974,2025-09-25,EMP02214,CC0020,EN,3,Hire,111407.94,CAD,CAN,2025-09-25 10:00:00,CORE_HR
EVT00112972,2025-09-22,EMP02882,CC0098,AS,4,Promotion,91112.65,CAD,CAN,2025-09-23 05:00:00,CORE_HR
EVT00113146,2025-09-14,EMP03731,CC0119,EX,2,Performance Pay,19287.29,CAD,CAN,2025-09-15 09:00:00,CORE_HR
EVT00112834,2025-09-24,EMP02030,CC0104,PA,1,Promotion,65619.65,CAD,CAN,2025-09-25 11:00:00,CORE_HR
EVT00111971,2025-09-23,EMP01647,CC0077,PA,2,Step Increment,71492.37,CAD,CA,2025-09-24 01:00:00,PAYROLL
EVT00113438,2025-09-10,EMP01758,CC0047,FI,1,Lateral Deployment,,CAD,CA,2025-09-11 05:00:00,PAYROLL
EVT00112589,2025-09-07,EMP02451,CC0118,FI,2,Leave Return,,CAD,CAN,2025-09-08 10:00:00,CORE_HR
EVT00111690,2025-09-02,EMP03600,CC0049,AS,2,Hire,61460.82,EUR,FRA,2025-09-03 01:00:00,CORE_HR
EVT00111931,2025-09-23,EMP02087,CC0053,PA,1,Step Increment,82149.56,CAD,CA,2025-09-23 11:00:00,PAYROLL
EVT00113363,2025-09-07,EMP02678,CC0025,CR,1,Leave Return,,CAD,CA,2025-09-08 13:00:00,PAYROLL
EVT00112279,2025-09-16,EMP00195,CC0055,IT,2,Performance Pay,11095.47,CAD,CA,2025-09-18 16:00:00,PAYROLL
EVT00111540,2025-09-10,EMP00716,CC0054,IT,1,Leave Start,,JPY,JPN,2025-09-11 00:00:00,CORE_HR
EVT00111870,2025-09-23,EMP02254,CC0031,AS,4,Step Increment,64914.51,SGD,SGP,2025-09-23 19:00:00,CORE_HR
EVT00112314,2025-09-11,EMP00843,CC0090,AS,3,Step Increment,72813.99,CAD,CA,2025-09-11 17:00:00,PAYROLL
EVT00112202,2025-09-07,EMP03811,CC0043,AS,2,Leave Return,,CAD,CAN,2025-09-08 08:00:00,CORE_HR
EVT00111623,2025-09-23,EMP01635,CC0113,IT,2,Step Increment,103273.67,CAD,CA,2025-09-24 14:00:00,PAYROLL
EVT00112752,2025-09-23,EMP02847,CC0054,IT,2,Step Increment,68701.17,EUR,DE,2025-09-23 11:00:00,PAYROLL
EVT00112690,2025-09-21,EMP03446,CC0052,AS,4,Performance Pay,3582.04,CAD,CA,2025-09-22 12:00:00,PAYROLL
EVT00111632,2025-09-18,EMP01788,CC0077,PA,2,Performance Pay,9436.34,CAD,CAN,2025-09-18 08:00:00,CORE_HR
EVT00113279,2025-09-18,EMP00516,CC0102,PA,2,Hire,77728.09,CAD,CA,2025-09-18 17:00:00,PAYROLL
EVT00112164,2025-09-06,EMP04667,CC0063,IT,2,Promotion,104925.89,CAD,CAN,2025-09-06 21:00:00,CORE_HR
EVT00112707,2025-09-08,EMP04915,CC0100,EN,2,Departure,,CAD,CA,2025-09-08 22:00:00,PAYROLL
EVT00112253,2025-09-05,EMP02646,CC0055,CR,1,Departure,,CAD,CAN,2025-09-05 21:00:00,CORE_HR
EVT00112505,2025-09-01,EMP01090,CC0067,AS,1,Step Increment,60528.74,CAD,CA,2025-09-01 21:00:00,PAYROLL
EVT00111953,2025-09-22,EMP02177,CC0077,FI,3,Lateral Deployment,,CAD,CAN,2025-09-23 10:00:00,CORE_HR
EVT00112259,2025-09-01,EMP03781,CC0051,EN,2,Step Increment,107451.11,CAD,CA,2025-09-02 15:00:00,PAYROLL
EVT00112383,2025-09-04,EMP04561,CC0056,PA,4,Performance Pay,8941.28,CAD,CA,2025-09-04 10:00:00,PAYROLL
EVT00111550,2025-09-13,EMP00862,CC0048,AS,2,Step Increment,68723.63,CAD,CA,2025-09-14 11:00:00,PAYROLL
EVT00113157,2025-09-24,EMP00578,CC0025,CR,3,Step Increment,75120.46,CAD,CA,2025-09-25 01:00:00,PAYROLL
EVT00112495,2025-09-26,EMP04430,CC0087,EN,4,Step Increment,145041.85,CAD,CAN,2025-09-27 02:00:00,CORE_HR
EVT00111707,2025-09-04,EMP04030,CC0045,EN,4,Step Increment,126786.16,CAD,CAN,2025-09-05 11:00:00,CORE_HR
EVT00113315,2025-09-09,EMP04204,CC0006,IT,3,Departure,,CAD,CA,2025-09-10 07:00:00,PAYROLL
EVT00113082,2025-09-24,EMP02717,CC0056,EN,4,Departure,,CAD,CAN,2025-09-25 03:00:00,CORE_HR
EVT00113405,2025-09-22,EMP04808,CC0036,EC,1,Promotion,80527.5,CAD,CAN,2025-09-22 11:00:00,CORE_HR
EVT00113459,2025-09-16,EMP04903,CC0117,PA,1,Leave Return,,CAD,CAN,2025-09-17 08:00:00,CORE_HR
EVT00112398,2025-09-04,EMP01437,CC0047,AS,3,Leave Start,,CAD,CAN,2025-09-04 23:00:00,CORE_HR
EVT00111685,2025-09-25,EMP04635,CC0099,CR,3,Step Increment,63571.54,CAD,CA,2025-09-26 07:00:00,PAYROLL
EVT00111742,2025-09-27,EMP02251,CC0101,EC,3,Step Increment,114577.7,CAD,CA,2025-09-28 07:00:00,PAYROLL
EVT00113270,2025-09-22,EMP04216,CC0007,PA,5,Promotion,81558.12,EUR,DE,2025-09-23 01:00:00,PAYROLL
EVT00113110,2025-09-02,EMP01688,CC0080,CR,1,Step Increment,237314.02,BRL,BRA,2025-09-03 06:00:00,CORE_HR
EVT00112629,2025-09-15,EMP01731,CC0099,EN,2,Step Increment,96570.53,CAD,CA,2025-09-16 04:00:00,PAYROLL
EVT00112668,2025-09-23,EMP01811,CC0089,IT,2,Leave Return,,CAD,CA,2025-09-24 05:00:00,PAYROLL
EVT00113406,2025-09-18,EMP04536,CC0060,PA,4,Promotion,93212.58,CAD,CAN,2025-09-18 15:00:00,CORE_HR
EVT00111656,2025-09-10,EMP02930,CC0050,PA,4,Step Increment,96104.51,CAD,CA,2025-09-10 07:00:00,PAYROLL
EVT00111647,2025-09-08,EMP00538,CC0060,CR,4,Leave Return,,CAD,CA,2025-09-08 10:00:00,PAYROLL
EVT00113516,2025-09-16,EMP05176,CC0053,AS,1,Step Increment,50766.38,CAD,CAN,2025-09-17 09:00:00,CORE_HR
EVT00112556,2025-09-12,EMP02654,CC0068,IT,4,Performance Pay,15462.81,CAD,CA,2025-09-12 09:00:00,PAYROLL
EVT00111565,2025-09-15,EMP00022,CC0064,EX,3,Leave Start,,CAD,CA,2025-09-15 15:00:00,PAYROLL
EVT00113223,2025-09-18,EMP01094,CC0038,FI,4,Leave Return,,CAD,CAN,2025-09-18 21:00:00,CORE_HR
EVT00111779,2025-09-27,EMP00430,CC0048,AS,2,Step Increment,71116.8,CAD,CAN,2025-09-27 21:00:00,CORE_HR
EVT00111847,2025-09-05,EMP04210,CC0049,EC,2,Performance Pay,41711.59,BRL,BRA,2025-09-05 09:00:00,CORE_HR
EVT00112349,2025-09-03,EMP04777,CC0056,CR,3,Leave Start,,CAD,CA,2025-09-03 20:00:00,PAYROLL
EVT00113492,2025-09-15,EMP02216,CC0083,EX,1,Lateral Deployment,,CAD,CAN,2025-09-16 00:00:00,CORE_HR
EVT00113509,2025-09-26,EMP05146,CC0015,CR,4,Lateral Deployment,,CAD,CAN,2025-09-26 13:00:00,CORE_HR
EVT00113023,2025-09-24,EMP01034,CC0100,FI,4,Step Increment,120459.98,CAD,CA,2025-09-25 00:00:00,PAYROLL
EVT00112523,2025-09-22,EMP03122,CC0058,EN,2,Hire,97862.11,CAD,CAN,2025-09-23 06:00:00,CORE_HR
EVT00112733,2025-09-21,EMP04354,CC0097,EN,1,Step Increment,86300.99,CAD,CAN,2025-09-21 13:00:00,CORE_HR
EVT00113561,2025-09-11,EMP00527,CC0112,IT,3,Lateral Deployment,,CAD,CAN,2025-09-11 06:00:00,CORE_HR
EVT00111721,2025-09-01,EMP00113,CC0084,IT,2,Hire,93754.89,CAD,CAN,2025-09-01 15:00:00,CORE_HR
EVT00112610,2025-09-24,EMP00554,CC0021,CR,5,Leave Start,,CAD,CAN,2025-09-25 09:00:00,CORE_HR
EVT00112508,2025-09-12,EMP03021,CC0016,FI,1,Step Increment,80392.62,CAD,CAN,2025-09-12 12:00:00,CORE_HR
EVT00113511,2025-09-12,EMP03424,CC0052,EN,4,Lateral Deployment,,CAD,CAN,2025-09-13 03:00:00,CORE_HR
EVT00111856,2025-09-22,EMP03382,CC0065,FI,3,Step Increment,86324.52,EUR,FR,2025-09-22 11:00:00,PAYROLL
EVT00112764,2025-09-15,EMP00191,CC0095,AS,3,Leave Start,,CAD,CAN,2025-09-16 11:00:00,CORE_HR
EVT00112175,2025-09-06,EMP00554,CC0021,CR,5,Lateral Deployment,,CAD,CA,2025-09-07 00:00:00,PAYROLL
EVT00111659,2025-09-06,EMP04851,CC0082,EX,2,Promotion,181316.43,CAD,CA,2025-09-07 01:00:00,PAYROLL
EVT00111752,2025-09-14,EMP05157,CC0012,PA,2,Lateral Deployment,,CAD,CAN,2025-09-15 07:00:00,CORE_HR
EVT00113592,2025-09-12,EMP04623,CC0066,PA,4,Lateral Deployment,,CAD,CA,2025-09-12 16:00:00,PAYROLL
EVT00112500,2025-09-14,EMP01111,CC0006,CR,2,Lateral Deployment,,CAD,CA,2025-09-15 09:00:00,PAYROLL
EVT00112536,2025-09-21,EMP04488,CC0031,CR,3,Promotion,259757.68,BRL,BR,2025-09-21 08:00:00,PAYROLL
EVT00112340,2025-09-21,EMP03310,CC0060,EX,2,Step Increment,159121.11,CAD,CAN,2025-09-22 12:00:00,CORE_HR
EVT00112236,2025-09-18,EMP01178,CC0060,AS,3,Step Increment,72278.73,CAD,CAN,2025-09-18 14:00:00,CORE_HR
EVT00111751,2025-09-27,EMP00514,CC0031,IT,1,Performance Pay,6616.19,GBP,GB,2025-09-28 02:00:00,PAYROLL
EVT00112352,2025-09-16,EMP03446,CC0052,AS,4,Step Increment,84107.84,CAD,CAN,2025-09-16 10:00:00,CORE_HR
EVT00113254,2025-09-06,EMP01397,CC0044,FI,3,Hire,110081.09,CAD,CAN,2025-09-07 01:00:00,CORE_HR
EVT00112980,2025-09-19,EMP00966,CC0104,IT,5,Leave Return,,CAD,CAN,2025-09-19 21:00:00,CORE_HR
EVT00112087,2025-09-09,EMP01584,CC0085,PA,5,Step Increment,106756.86,CAD,CAN,2025-09-09 11:00:00,CORE_HR
EVT00112411,2025-09-03,EMP02948,CC0018,AS,1,Step Increment,60119.57,CAD,CAN,2025-09-04 01:00:00,CORE_HR
EVT00112841,2025-09-04,EMP01198,CC0009,PA,2,Leave Return,,GBP,GBR,2025-09-05 03:00:00,CORE_HR
EVT00111902,2025-09-15,EMP02186,CC0044,EC,2,Leave Return,,CAD,CAN,2025-09-16 12:00:00,CORE_HR
EVT00113412,2025-09-16,EMP02476,CC0064,AS,3,Performance Pay,7049.77,CAD,CA,2025-09-17 06:00:00,PAYROLL
EVT00113485,2025-09-08,EMP00305,CC0056,EX,1,Leave Start,,CAD,CAN,2025-09-08 07:00:00,CORE_HR
EVT00111973,2025-09-15,EMP01610,CC0085,EN,3,Step Increment,116456.09,CAD,CA,2025-09-16 12:00:00,PAYROLL
EVT00112386,2025-09-07,EMP00997,CC0061,EX,1,Step Increment,126568.56,CAD,CAN,2025-09-07 12:00:00,CORE_HR
EVT00113346,2025-09-10,EMP04680,CC0078,CR,3,Promotion,74554.77,CAD,CAN,2025-09-11 00:00:00,CORE_HR
EVT00111832,2025-09-14,EMP05102,CC0066,CR,4,Step Increment,71458.49,CAD,CAN,2025-09-15 06:00:00,CORE_HR
EVT00113143,2025-09-07,EMP00636,CC0100,EC,1,Step Increment,98288.21,CAD,CA,2025-09-07 12:00:00,PAYROLL
EVT00112245,2025-09-09,EMP00174,CC0115,IT,2,Step Increment,109852.09,CAD,CA,2025-09-09 19:00:00,PAYROLL
EVT00112473,2025-09-26,EMP01180,CC0063,EX,1,Step Increment,160588.84,CAD,CAN,2025-09-27 06:00:00,CORE_HR
EVT00111836,2025-09-04,EMP01659,CC0043,IT,2,Leave Return,,CAD,CAN,2025-09-05 04:00:00,CORE_HR
EVT00111911,2025-09-14,EMP03889,CC0066,PA,1,Leave Start,,CAD,CA,2025-09-15 10:00:00,PAYROLL
EVT00112122,2025-09-16,EMP00192,CC0010,EN,1,Performance Pay,3637.2,CAD,CA,2025-09-16 18:00:00,PAYROLL
EVT00113480,2025-09-19,EMP02780,CC0034,PA,2,Promotion,82604.41,CAD,CAN,2025-09-19 14:00:00,CORE_HR
EVT00113467,2025-09-10,EMP03090,CC0107,CR,2,Performance Pay,3912.03,CAD,CAN,2025-09-11 11:00:00,CORE_HR
EVT00113487,2025-09-04,EMP04822,CC0007,PA,2,Leave Start,,BRL,BRA,2025-09-04 23:00:00,CORE_HR
EVT00113402,2025-09-22,EMP03162,CC0100,PA,3,Hire,65495.9,CAD,CAN,2025-09-23 13:00:00,CORE_HR
EVT00112504,2025-09-17,EMP03271,CC0011,PA,3,Step Increment,102061.64,CAD,CAN,2025-09-17 22:00:00,CORE_HR
EVT00113038,2025-09-18,EMP01284,CC0021,IT,3,Step Increment,108998.53,CAD,CAN,2025-09-18 07:00:00,CORE_HR
EVT00112653,2025-09-15,EMP04104,CC0029,PA,2,Step Increment,40695.77,GBP,GB,2025-09-16 03:00:00,PAYROLL
EVT00113071,2025-09-16,EMP02672,CC0051,PA,2,Lateral Deployment,,CAD,CA,2025-09-17 09:00:00,PAYROLL
EVT00112169,2025-09-23,EMP03398,CC0114,AS,4,Step Increment,77173.35,CAD,CAN,2025-09-23 18:00:00,CORE_HR
EVT00113304,2025-09-24,EMP05128,CC0086,AS,1,Step Increment,186373.86,AED,AE,2025-09-25 05:00:00,PAYROLL
EVT00112396,2025-09-20,EMP01048,CC0106,AS,2,Departure,,CAD,CA,2025-09-20 11:00:00,PAYROLL
EVT00111549,2025-09-10,EMP04964,CC0065,PA,3,Leave Return,,SGD,SGP,2025-09-10 11:00:00,CORE_HR
EVT00111942,2025-09-15,EMP03563,CC0115,IT,4,Performance Pay,9561.33,CAD,CAN,2025-09-16 05:00:00,CORE_HR
EVT00112915,2025-09-05,EMP01426,CC0068,PA,4,Step Increment,89782.86,CAD,CAN,2025-09-05 16:00:00,CORE_HR
EVT00112577,2025-09-25,EMP01340,CC0059,IT,2,Leave Return,,CAD,CA,2025-09-26 05:00:00,PAYROLL
EVT00112966,2025-09-01,EMP00979,CC0027,FI,2,Promotion,68259.51,CAD,CAN,2025-09-04 21:00:00,CORE_HR
EVT00112996,2025-09-22,EMP04429,CC0092,FI,2,Performance Pay,-12062.51,CAD,CA,2025-09-22 09:00:00,PAYROLL
EVT00113392,2025-09-10,EMP02067,CC0013,EX,1,Step Increment,157216.43,CAD,CA,2025-09-10 13:00:00,PAYROLL
EVT00112543,1900-01-01,EMP04634,CC0001,IT,4,Leave Return,,CAD,CA,2025-09-27 11:00:00,PAYROLL
EVT00111655,2025-09-16,EMP03509,CC0055,IT,3,Leave Start,,CAD,CA,2025-09-16 18:00:00,PAYROLL
EVT00112532,2025-09-01,EMP01194,CC0084,IT,3,Performance Pay,8067.86,CAD,CA,2025-09-01 18:00:00,PAYROLL
EVT00111947,2025-09-05,EMP03936,CC0033,FI,4,Leave Start,,CAD,CA,2025-09-05 12:00:00,PAYROLL
EVT00112938,2025-09-09,EMP03619,CC0073,EX,1,Leave Start,,CAD,CAN,2025-09-10 01:00:00,CORE_HR
EVT00111747,2025-09-05,EMP02879,CC0083,AS,4,Performance Pay,10820.94,CAD,CAN,2025-09-05 19:00:00,CORE_HR
EVT00111967,2025-09-02,EMP03039,CC0075,CR,3,Step Increment,74290.59,CAD,CA,2025-09-02 06:00:00,PAYROLL
EVT00113550,2025-09-01,EMP02307,CC0011,AS,3,Performance Pay,4441.48,CAD,CA,2025-09-01 07:00:00,PAYROLL
EVT00113586,2025-09-18,EMP04333,CC0019,EC,2,Step Increment,99096.96,CAD,CAN,2025-09-19 01:00:00,CORE_HR
EVT00111668,2025-09-19,EMP01569,CC0019,FI,3,Performance Pay,7753.98,CAD,CAN,2025-09-20 04:00:00,CORE_HR
EVT00111912,2025-09-10,EMP03177,CC0036,AS,3,Step Increment,76335.18,CAD,CA,2025-09-11 11:00:00,PAYROLL
EVT00113549,2025-09-08,EMP02838,CC0047,FI,4,Step Increment,114711.16,CAD,CAN,2025-09-09 02:00:00,CORE_HR
EVT00113185,2025-09-09,EMP03632,CC0104,EC,3,Leave Return,,CAD,CAN,2025-09-09 15:00:00,CORE_HR
EVT00112372,2025-09-06,EMP04796,CC0006,IT,1,Leave Return,,CAD,CA,2025-09-06 16:00:00,PAYROLL
EVT00112861,2025-09-19,EMP04409,CC0102,CR,4,Step Increment,78738.62,CAD,CA,2025-09-19 11:00:00,PAYROLL
EVT00111917,2025-09-02,EMP02273,CC0059,FI,5,Step Increment,108457.95,CAD,CA,2025-09-03 05:00:00,PAYROLL
EVT00111897,2025-09-12,EMP01891,CC0081,EX,2,Step Increment,182144.57,CAD,CA,2025-09-12 06:00:00,PAYROLL
EVT00112794,2025-09-12,EMP00830,CC0057,PA,1,Leave Return,,CAD,CA,2025-09-12 23:00:00,PAYROLL
EVT00112233,2025-09-16,EMP03616,CC0004,EX,1,Step Increment,137634.25,CAD,CA,2025-09-17 05:00:00,PAYROLL
EVT00113325,2025-09-13,EMP02792,CC0032,AS,3,Leave Start,,CAD,CAN,2025-09-14 14:00:00,CORE_HR
EVT00113065,2025-09-02,EMP03767,CC0014,IT,3,Leave Start,,CAD,CA,2025-09-02 17:00:00,PAYROLL
EVT00111885,2025-09-14,EMP00911,CC0005,AS,3,Step Increment,73902.57,CAD,CAN,2025-09-14 12:00:00,CORE_HR
EVT00111808,2025-09-15,EMP04431,CC0066,EX,1,Leave Return,,CAD,CA,2025-09-16 03:00:00,PAYROLL
EVT00113096,2025-09-15,EMP03269,CC0101,IT,2,Performance Pay,10875.13,CAD,CAN,2025-09-15 14:00:00,CORE_HR
EVT00112990,2025-09-19,EMP03201,CC0113,CR,3,Step Increment,85851.11,CAD,CAN,2025-09-20 15:00:00,CORE_HR
EVT00111669,2025-09-01,EMP01451,CC0012,PA,1,Leave Start,,CAD,CA,2025-09-02 13:00:00,PAYROLL
EVT00112342,2025-09-27,EMP04383,CC0072,PA,3,Leave Start,,CAD,CAN,2025-09-28 13:00:00,CORE_HR
EVT00112591,2025-09-24,EMP04796,CC0006,IT,1,Leave Return,,CAD,CA,2025-09-24 19:00:00,PAYROLL
EVT00112513,2025-09-25,EMP04400,CC0096,IT,1,Lateral Deployment,,CAD,CAN,2025-09-26 03:00:00,CORE_HR
EVT00111597,2025-09-18,EMP03390,CC0063,EN,1,Step Increment,87608.08,CAD,CA,2025-09-19 02:00:00,PAYROLL
EVT00112614,2025-09-25,EMP02043,CC0019,EX,1,Step Increment,160110.7,CAD,CA,2025-09-26 01:00:00,PAYROLL
EVT00113436,2025-09-18,EMP01339,CC0087,EC,4,Leave Return,,CAD,CAN,2025-09-18 18:00:00,CORE_HR
EVT00113298,2025-09-20,EMP00736,CC0074,PA,2,Hire,46029.75,SGD,SGP,2025-09-21 07:00:00,CORE_HR
EVT00113283,2025-09-18,EMP00475,CC0081,EN,1,Step Increment,97660.4,CAD,CA,2025-09-19 12:00:00,PAYROLL
EVT00112034,2025-09-22,EMP00481,CC0083,EX,1,Leave Return,,CAD,CAN,2025-09-23 15:00:00,CORE_HR
EVT00113546,2025-09-13,EMP00994,CC0083,IT,4,Step Increment,134397.52,CAD,CA,2025-09-13 18:00:00,PAYROLL
EVT00112277,2025-09-23,EMP04093,CC0015,EN,4,Step Increment,128392.14,CAD,CAN,2025-09-24 07:00:00,CORE_HR
EVT00111585,2025-09-20,EMP01343,CC0041,EC,2,Lateral Deployment,,CAD,CA,2025-09-20 18:00:00,PAYROLL
EVT00112264,2025-09-20,EMP03265,CC0073,IT,4,Hire,130095.12,CAD,CA,2025-09-20 15:00:00,PAYROLL
EVT00112808,2025-09-09,EMP00252,CC0058,FI,4,Performance Pay,14401.49,CAD,CAN,2025-09-10 05:00:00,CORE_HR
EVT00112711,2025-09-27,EMP00503,CC0085,PA,4,Step Increment,99723.91,CAD,CA,2025-09-27 13:00:00,PAYROLL
EVT00112446,2025-09-12,EMP00800,CC0093,PA,4,Leave Start,,CAD,CAN,2025-09-12 10:00:00,CORE_HR
EVT00113251,2025-09-24,EMP02449,CC0023,FI,2,Step Increment,89068.27,CAD,CAN,2025-09-25 03:00:00,CORE_HR
EVT00112116,2025-09-27,EMP04710,CC0044,EX,1,Departure,,CAD,CAN,2025-09-27 13:00:00,CORE_HR
EVT00113519,2025-09-01,EMP04662,CC0059,PA,1,Lateral Deployment,,CAD,CAN,2025-09-02 02:00:00,CORE_HR
EVT00113525,2025-09-23,EMP00093,CC0040,PA,5,Step Increment,104850.89,CAD,CAN,2025-09-24 00:00:00,CORE_HR
EVT00113526,2025-09-07,EMP01519,CC0047,CR,2,Step Increment,60536.59,CAD,CAN,2025-09-07 07:00:00,CORE_HR
EVT00112824,2025-09-11,EMP05078,CC0072,EX,1,Departure,,CAD,CAN,2025-09-12 10:00:00,CORE_HR
EVT00112983,2025-09-08,EMP04004,CC0107,IT,1,Performance Pay,5280.68,CAD,CAN,2025-09-08 06:00:00,CORE_HR
EVT00112178,2025-09-27,EMP04417,CC0077,AS,3,Lateral Deployment,,CAD,CAN,2025-09-27 10:00:00,CORE_HR
EVT00113320,2025-09-26,EMP03769,CC0022,IT,1,Leave Return,,CAD,CA,2025-09-26 08:00:00,PAYROLL
EVT00112890,2025-09-22,EMP01988,CC0081,EX,3,Step Increment,174071.94,CAD,CA,2025-09-23 12:00:00,PAYROLL
EVT00111812,2025-09-03,EMP04661,CC0032,PA,1,Departure,,CAD,CAN,2025-09-04 09:00:00,CORE_HR
EVT00113293,2025-09-13,EMP04057,CC0074,FI,1,Leave Start,,GBP,GBR,2025-09-14 10:00:00,CORE_HR
EVT00112813,2025-09-07,EMP00865,CC0055,EN,2,Step Increment,98492.02,CAD,CAN,2025-09-08 15:00:00,CORE_HR
EVT00113173,2025-09-18,EMP04693,CC0007,FI,2,Step Increment,333491.72,BRL,BRA,2025-09-18 23:00:00,CORE_HR
EVT00112134,2025-09-08,EMP01567,CC0070,EX,2,Step Increment,167694.84,CAD,CA,2025-09-09 05:00:00,PAYROLL
EVT00113377,2025-09-08,EMP03116,CC0065,PA,1,Departure,,INR,IN,2025-09-09 10:00:00,PAYROLL
EVT00112080,2025-09-24,EMP02558,CC0069,EC,4,Step Increment,92701.89,CAD,CA,2025-09-25 06:00:00,PAYROLL
EVT00113374,2025-09-17,EMP00053,CC0017,PA,1,Leave Start,,CAD,CA,2025-09-17 18:00:00,PAYROLL
EVT00113590,2025-09-21,EMP03742,CC0107,EN,2,Step Increment,99917.93,CAD,CA,2025-09-22 00:00:00,PAYROLL
EVT00112154,2025-09-07,EMP00240,CC0115,EN,4,Performance Pay,5543.43,CAD,CAN,2025-09-07 06:00:00,CORE_HR
EVT00112429,2025-09-25,EMP00811,CC0058,EX,3,Step Increment,201929.5,CAD,CAN,2025-09-25 17:00:00,CORE_HR
EVT00112511,2025-09-19,EMP01369,CC0015,PA,5,Lateral Deployment,,CAD,CA,2025-09-19 09:00:00,PAYROLL
EVT00113106,2025-09-20,EMP02586,CC0009,EN,2,Leave Start,,EUR,DEU,2025-09-21 13:00:00,CORE_HR
EVT00111907,2025-09-05,EMP02312,CC0063,IT,3,Step Increment,118803.47,CAD,CA,2025-09-05 17:00:00,PAYROLL
EVT00111899,2025-09-06,EMP03270,CC0113,PA,1,Leave Return,,CAD,CA,2025-09-07 03:00:00,PAYROLL
EVT00111703,2025-09-26,EMP03775,CC0072,IT,2,Hire,97202.15,CAD,CA,2025-09-26 20:00:00,PAYROLL
EVT00112437,2025-09-09,EMP02576,CC0048,IT,2,Promotion,101092.32,CAD,CA,2025-09-10 10:00:00,PAYROLL
EVT00111886,2025-09-18,EMP01713,CC0040,PA,2,Step Increment,98255.12,CAD,CA,2025-09-18 20:00:00,PAYROLL
EVT00112252,2025-09-02,EMP04363,CC0116,EN,2,Leave Return,,CAD,CA,2025-09-02 17:00:00,PAYROLL
EVT00113524,2025-09-18,EMP00689,CC0023,PA,2,Step Increment,73396.36,CAD,CAN,2025-09-19 03:00:00,CORE_HR
EVT00113262,2025-09-26,EMP02288,CC0035,IT,4,Step Increment,101346.51,CAD,CA,2025-09-26 06:00:00,PAYROLL
EVT00111527,2025-09-18,EMP02633,CC0045,CR,5,Performance Pay,7875.6,CAD,CAN,2025-09-19 15:00:00,CORE_HR
EVT00111916,2025-09-15,EMP02231,CC0098,CR,2,Leave Return,,CAD,CA,2025-09-16 10:00:00,PAYROLL
EVT00112456,2025-09-02,EMP02052,CC0048,AS,2,Performance Pay,5569.2,CAD,CAN,2025-09-03 07:00:00,CORE_HR
EVT00112763,2025-09-07,EMP03669,CC0014,EN,2,Promotion,84574.5,CAD,CA,2025-09-07 19:00:00,PAYROLL
EVT00113448,2025-09-06,EMP00967,CC0040,EX,1,Leave Start,,CAD,CAN,2025-09-06 23:00:00,CORE_HR
EVT00112219,2025-09-16,EMP02851,CC0098,AS,2,Step Increment,75858.24,CAD,CAN,2025-09-18 03:00:00,CORE_HR
EVT00113396,2025-09-27,EMP02687,CC0101,EN,3,Step Increment,114417.59,CAD,CAN,2025-09-28 03:00:00,CORE_HR
EVT00112747,2025-09-27,EMP04949,CC0074,EC,3,Performance Pay,4828.05,SGD,SGP,2025-09-28 06:00:00,CORE_HR
EVT00111696,2025-09-02,EMP00602,CC0057,EN,3,Performance Pay,9732.58,CAD,CAN,2025-09-02 16:00:00,CORE_HR
EVT00112347,2025-09-05,EMP03881,CC0100,IT,2,Step Increment,105278.67,CAD,CAN,2025-09-06 02:00:00,CORE_HR
EVT00111666,2025-09-17,EMP00200,CC0105,AS,2,Hire,57397.42,EUR,DEU,2025-09-17 06:00:00,CORE_HR
EVT00111625,2025-09-24,EMP00401,CC0037,PA,2,Step Increment,76586.2,CAD,CAN,2025-09-25 10:00:00,CORE_HR
EVT00113547,2025-09-20,EMP04583,CC0074,FI,1,Step Increment,63658.42,EUR,FR,2025-09-21 08:00:00,PAYROLL
EVT00112667,2025-09-13,EMP04185,CC0020,AS,3,Performance Pay,4014.05,CAD,CAN,2025-09-14 10:00:00,CORE_HR
EVT00111723,2025-09-25,EMP01991,CC0102,PA,2,Leave Start,,CAD,CA,2025-09-26 13:00:00,PAYROLL
EVT00113004,2025-09-26,EMP02891,CC0007,PA,4,Step Increment,1274960.53,MXN,MEX,2025-09-26 23:00:00,CORE_HR
EVT00112623,2025-09-02,EMP00890,CC0032,PA,1,Lateral Deployment,,CAD,CAN,2025-09-03 06:00:00,CORE_HR
EVT00112111,2025-09-01,EMP01475,CC0105,CR,3,Leave Return,,MXN,MEX,2025-09-02 09:00:00,CORE_HR
EVT00113593,2025-09-02,EMP01520,CC0010,PA,2,Leave Start,,CAD,CAN,2025-09-02 09:00:00,CORE_HR
EVT00111701,2025-09-07,EMP01799,CC0067,AS,3,Performance Pay,8994.21,CAD,CA,2025-09-07 09:00:00,PAYROLL
EVT00113331,2025-09-17,EMP00093,CC0040,PA,5,Step Increment,101175.64,CAD,CA,2025-09-17 21:00:00,PAYROLL
EVT00113308,2025-09-10,EMP02094,CC0013,AS,2,Step Increment,62918.45,CAD,CAN,2025-09-11 08:00:00,CORE_HR
EVT00111745,2025-09-21,EMP01678,CC0065,EC,3,Departure,,GBP,GB,2025-09-21 21:00:00,PAYROLL
EVT00113150,2025-09-01,EMP01726,CC0050,IT,2,Step Increment,78318.99,CAD,CAN,2025-09-01 07:00:00,CORE_HR
EVT00112502,2025-09-27,EMP02206,CC0023,AS,3,Leave Start,,CAD,CAN,2025-09-27 14:00:00,CORE_HR
EVT00112678,2025-09-05,EMP01045,CC0078,PA,4,Step Increment,98407.72,CAD,CA,2025-09-05 17:00:00,PAYROLL
EVT00112166,2025-09-14,EMP01539,CC0006,CR,3,Hire,65883.7,CAD,CAN,2025-09-14 08:00:00,CORE_HR
EVT00111645,2025-09-01,EMP00916,CC0019,EX,1,Step Increment,146846.41,CAD,CAN,2025-09-01 08:00:00,CORE_HR
EVT00111626,2025-09-17,EMP02029,CC0103,IT,1,Promotion,67531.22,CAD,CA,2025-09-18 11:00:00,PAYROLL
EVT00112064,2025-09-23,EMP04459,CC0108,EX,1,Leave Start,,KES,KEN,2025-09-23 18:00:00,CORE_HR
EVT00112998,2025-09-09,EMP00512,CC0026,PA,2,Leave Return,,CAD,CAN,2025-09-10 07:00:00,CORE_HR
EVT00113235,2025-09-13,EMP02397,CC0040,PA,1,Leave Start,,CAD,CA,2025-09-13 12:00:00,PAYROLL
EVT00111606,2025-09-09,EMP03405,CC0049,AS,4,Hire,74645.49,EUR,FRA,2025-09-10 15:00:00,CORE_HR
EVT00113221,2025-09-19,EMP04492,CC0085,IT,2,Leave Return,,CAD,CA,2025-09-20 11:00:00,PAYROLL
EVT00111683,2025-09-11,EMP05148,CC0049,IT,1,Promotion,123355.52,AUD,AUS,2025-09-11 07:00:00,CORE_HR
EVT00112897,2025-09-27,EMP03151,CC0076,EC,2,Step Increment,117545.45,CAD,CA,2025-09-27 23:00:00,PAYROLL
EVT00111741,2025-09-17,EMP03447,CC0026,EC,1,Leave Return,,CAD,CAN,2025-09-18 09:00:00,CORE_HR
EVT00113560,2025-09-02,EMP01016,CC0083,AS,1,Step Increment,78762.97,CAD,CA,2025-09-02 21:00:00,PAYROLL
EVT00113425,2025-09-06,EMP04681,CC0050,FI,1,Lateral Deployment,,CAD,CA,2025-09-07 07:00:00,PAYROLL
EVT00113161,2025-09-14,EMP02587,CC0092,FI,1,Step Increment,60422.35,CAD,CA,2025-09-14 08:00:00,PAYROLL
EVT00112068,2025-09-07,EMP99999,CC0080,FI,2,Departure,,KES,KEN,2025-09-08 06:00:00,CORE_HR
EVT00112935,2025-09-23,EMP02697,CC0079,IT,1,Step Increment,83883.94,CAD,CA,2025-09-24 04:00:00,PAYROLL
EVT00113497,2025-09-07,EMP00932,CC0075,EX,1,Leave Start,,CAD,CA,2025-09-07 10:00:00,PAYROLL
EVT00113207,2025-09-09,EMP04061,CC0074,EC,1,Performance Pay,4048.09,SGD,SGP,2025-09-09 19:00:00,CORE_HR
EVT00113113,2025-09-01,EMP01120,CC0026,EC,4,Step Increment,130726.24,CAD,CAN,2025-09-01 22:00:00,CORE_HR
EVT00112138,2025-09-10,EMP03772,CC0031,IT,1,Step Increment,5897934.89,INR,IN,2025-09-11 05:00:00,PAYROLL
EVT00113114,2025-09-24,EMP04755,CC0117,EC,2,Leave Return,,CAD,CAN,2025-09-24 13:00:00,CORE_HR
EVT00113009,2025-09-19,EMP01325,CC0092,IT,2,Hire,101249.22,CAD,CA,2025-09-19 08:00:00,PAYROLL
EVT00112946,2025-09-22,EMP03455,CC0081,EN,3,Leave Return,,CAD,CAN,2025-09-23 06:00:00,CORE_HR
EVT00112436,2025-09-06,EMP01179,CC0096,EN,1,Leave Return,,CAD,CA,2025-09-07 18:00:00,PAYROLL
EVT00112107,2025-09-17,EMP02769,CC0057,FI,2,Leave Start,,CAD,CA,2025-09-17 17:00:00,PAYROLL
EVT00113044,2025-09-03,EMP04576,CC0051,PA,5,Leave Return,,CAD,CAN,2025-09-04 01:00:00,CORE_HR
EVT00111564,2025-09-20,EMP02814,CC0017,CR,1,Step Increment,57315.39,CAD,CAN,2025-09-20 18:00:00,CORE_HR
EVT00112644,2025-09-24,EMP03873,CC0015,EN,1,Step Increment,80944.64,CAD,CA,2025-09-24 13:00:00,PAYROLL
EVT00113527,2025-09-15,EMP03961,CC0055,EX,2,Performance Pay,13348.73,CAD,CA,2025-09-15 13:00:00,PAYROLL
EVT00111968,2025-09-21,EMP01601,CC0015,PA,2,Step Increment,62844.03,CAD,CA,2025-09-21 08:00:00,PAYROLL
EVT00113551,2025-09-15,EMP02363,CC0020,FI,1,Leave Return,,CAD,CAN,2025-09-16 15:00:00,CORE_HR
EVT00113273,2025-09-21,EMP00779,CC0104,EC,2,Performance Pay,11742.52,CAD,CAN,2025-09-22 00:00:00,CORE_HR
EVT00111852,2025-09-13,EMP04250,CC0104,AS,2,Leave Start,,CAD,CA,2025-09-13 12:00:00,PAYROLL
EVT00112444,2025-09-13,EMP04166,CC0042,FI,2,Departure,,CAD,CA,2025-09-13 08:00:00,PAYROLL
EVT00112057,2025-09-01,EMP01420,CC0012,EN,2,Step Increment,95051.35,CAD,CAN,2025-09-01 14:00:00,CORE_HR
EVT00112397,2025-09-22,EMP01420,CC0012,EN,2,Leave Return,,CAD,CAN,2025-09-22 11:00:00,CORE_HR
EVT00112942,2025-09-10,EMP01546,CC0048,EC,1,Promotion,85563.48,CAD,CA,2025-09-10 20:00:00,PAYROLL
EVT00112854,2025-09-26,EMP00132,CC0021,EN,4,Step Increment,109392.54,CAD,CA,2025-09-27 07:00:00,PAYROLL
EVT00112575,2025-09-08,EMP00017,CC0120,PA,3,Step Increment,80190.13,CAD,CAN,2025-09-08 13:00:00,CORE_HR
EVT00111689,2025-09-07,EMP00552,CC0057,IT,4,Leave Start,,CAD,CAN,2025-09-08 04:00:00,CORE_HR
EVT00113427,2025-09-13,EMP00804,CC0022,EX,2,Leave Start,,CAD,CAN,2025-09-13 09:00:00,CORE_HR
EVT00112402,2025-09-01,EMP01901,CC0099,AS,2,Promotion,67986.6,CAD,CAN,2025-09-02 01:00:00,CORE_HR
EVT00112318,2025-09-21,EMP00498,CC0117,IT,1,Performance Pay,6672.36,CAD,CA,2025-09-22 04:00:00,PAYROLL
EVT00112192,2025-09-15,EMP00057,CC0022,EN,4,Performance Pay,8186.2,CAD,CAN,2025-09-15 08:00:00,CORE_HR
EVT00112370,2025-09-24,EMP05068,CC0065,IT,1,Lateral Deployment,,AUD,AU,2025-09-24 23:00:00,PAYROLL
EVT00112390,2025-09-24,EMP01181,CC0112,FI,4,Leave Return,,CAD,CAN,2025-09-24 11:00:00,CORE_HR
EVT00112728,2025-09-21,EMP00575,CC0025,AS,3,Performance Pay,3134.9,CAD,CAN,2025-09-21 10:00:00,CORE_HR
EVT00112092,2025-09-18,EMP04371,CC0001,PA,3,Step Increment,75186.38,CAD,CAN,2025-09-19 09:00:00,CORE_HR
EVT00112843,2025-09-15,EMP04898,CC0120,EX,1,Hire,158598.2,CAD,CA,2025-09-16 04:00:00,PAYROLL
EVT00113479,2025-09-25,EMP02571,CC0070,PA,4,Leave Return,,CAD,CA,2025-09-26 00:00:00,PAYROLL
EVT00112394,2025-09-06,EMP00378,CC0012,AS,3,Step Increment,71661.87,CAD,CA,2025-09-06 13:00:00,PAYROLL
EVT00112748,2025-09-23,EMP99999,CC0011,IT,3,Performance Pay,6793.0,CAD,CA,2025-09-24 05:00:00,PAYROLL
EVT00112839,2025-09-15,EMP04377,CC0119,EX,2,Step Increment,177793.19,CAD,CAN,2025-09-16 03:00:00,CORE_HR
EVT00111757,2025-09-06,EMP03324,CC0016,FI,2,Step Increment,114478.31,CAD,CAN,2025-09-06 14:00:00,CORE_HR
EVT00111607,2025-09-11,EMP03116,CC0065,PA,1,Step Increment,82806.72,AUD,AU,2025-09-11 09:00:00,PAYROLL
EVT00112625,2025-09-14,EMP04136,CC0034,AS,5,Step Increment,85339.33,CAD,CA,2025-09-15 13:00:00,PAYROLL
EVT00113407,2025-09-09,EMP04517,CC0080,PA,1,Departure,,KES,KE,2025-09-09 22:00:00,PAYROLL
EVT00111672,2025-09-13,EMP04652,CC0044,PA,1,Lateral Deployment,,CAD,CA,2025-09-14 15:00:00,PAYROLL
EVT00112270,2025-09-17,EMP03101,CC0014,PA,1,Step Increment,67126.92,CAD,CAN,2025-09-17 06:00:00,CORE_HR
EVT00113237,2025-09-03,EMP01029,CC0089,CR,3,Step Increment,72224.57,CAD,CA,2025-09-03 19:00:00,PAYROLL
EVT00112298,2025-09-21,EMP00504,CC0021,CR,2,Lateral Deployment,,CAD,CAN,2025-09-22 13:00:00,CORE_HR
EVT00112643,2025-09-17,EMP03018,CC0043,IT,1,Leave Return,,CAD,CAN,2025-09-17 13:00:00,CORE_HR
EVT00111700,2025-09-24,EMP04234,CC0029,FI,3,Step Increment,74775.57,SGD,SGP,2025-09-24 11:00:00,CORE_HR
EVT00113399,2025-09-07,EMP00902,CC0020,CR,5,Promotion,77813.39,CAD,CA,2025-09-07 09:00:00,PAYROLL
EVT00113159,2025-09-08,EMP02108,CC0002,FI,1,Step Increment,73063.39,CAD,CAN,2025-09-09 00:00:00,CORE_HR
EVT00111673,2025-09-17,EMP05063,CC0100,PA,2,Lateral Deployment,,CAD,CAN,2025-09-18 13:00:00,CORE_HR
EVT00111609,2025-09-23,EMP02211,CC0004,PA,4,Step Increment,105715.22,CAD,CA,2025-09-23 18:00:00,PAYROLL
EVT00113523,2025-09-14,EMP04345,CC0101,AS,1,Performance Pay,4214.59,CAD,CA,2025-09-14 18:00:00,PAYROLL
EVT00112717,2025-09-04,EMP01475,CC0105,CR,3,Step Increment,63026.3,USD,US,2025-09-05 07:00:00,PAYROLL
EVT00112090,2025-09-23,EMP01660,CC0093,EC,3,Leave Return,,CAD,CA,2025-09-23 15:00:00,PAYROLL
EVT00113093,2025-09-15,EMP05152,CC0028,PA,2,Departure,,CAD,CAN,2025-09-16 01:00:00,CORE_HR
EVT00113559,2025-09-08,EMP01069,CC0116,EC,3,Step Increment,127695.08,CAD,CA,2025-09-08 11:00:00,PAYROLL
EVT00111713,2025-09-26,EMP02447,CC0015,FI,3,Step Increment,82015.45,CAD,CA,2025-09-26 19:00:00,PAYROLL
EVT00112709,2025-09-10,EMP01789,CC0107,EN,2,Lateral Deployment,,CAD,CA,2025-09-11 05:00:00,PAYROLL
EVT00111921,2025-09-22,EMP02894,CC0038,FI,1,Lateral Deployment,,CAD,CAN,2025-09-23 06:00:00,CORE_HR
EVT00113500,2025-09-05,EMP01337,CC0025,IT,2,Promotion,105186.42,CAD,CAN,2025-09-06 08:00:00,CORE_HR
EVT00112108,2025-09-08,EMP03931,CC0118,PA,1,Performance Pay,4377.05,CAD,CAN,2025-09-09 07:00:00,CORE_HR
EVT00112945,2025-09-14,EMP03726,CC0026,CR,3,Step Increment,74813.45,CAD,CA,2025-09-14 18:00:00,PAYROLL
EVT00111860,2025-09-26,EMP00979,CC0027,FI,2,Leave Start,,CAD,CAN,2025-09-26 06:00:00,CORE_HR
EVT00112040,2025-09-13,EMP02557,CC0026,EX,2,Performance Pay,9388.72,CAD,CAN,2025-09-14 07:00:00,CORE_HR
EVT00112019,2025-09-16,EMP04719,CC0035,IT,5,Leave Start,,CAD,CAN,2025-09-16 09:00:00,CORE_HR
EVT00113259,2025-09-01,EMP02559,CC0104,EX,1,Leave Return,,CAD,CA,2025-09-01 09:00:00,PAYROLL
EVT00111570,2025-09-05,EMP01933,CC0100,CR,2,Step Increment,66713.85,CAD,CAN,2025-09-05 14:00:00,CORE_HR
EVT00112425,2025-09-04,EMP03816,CC0086,PA,1,Leave Return,,AED,AE,2025-09-05 08:00:00,PAYROLL
EVT00113389,2025-09-19,EMP04079,CC0064,EN,2,Leave Start,,CAD,CAN,2025-09-19 15:00:00,CORE_HR
EVT00111838,2025-09-21,EMP04654,CC0034,AS,1,Step Increment,59217.02,CAD,CAN,2025-09-22 04:00:00,CORE_HR
EVT00113058,2025-09-10,EMP02792,CC0032,AS,3,Step Increment,79971.47,CAD,CA,2025-09-10 18:00:00,PAYROLL
EVT00112527,2025-09-01,EMP04329,CC0024,PA,1,Step Increment,64589.93,CAD,CAN,2025-09-02 02:00:00,CORE_HR
EVT00111922,2025-09-06,EMP01585,CC0045,EC,3,Step Increment,116862.56,CAD,CAN,2025-09-06 07:00:00,CORE_HR
EVT00111631,2025-09-23,EMP03822,CC0088,CR,5,Step Increment,64012.29,USD,USA,2025-09-24 09:00:00,CORE_HR
EVT00112431,2025-09-06,EMP00183,CC0043,EN,3,Leave Return,,CAD,CAN,2025-09-07 07:00:00,CORE_HR
EVT00111939,2025-09-18,EMP04311,CC0056,IT,4,Step Increment,161817.52,CAD,CAN,2025-09-19 01:00:00,CORE_HR
EVT00112609,2025-09-13,EMP00989,CC0056,EN,4,Step Increment,100833.78,CAD,CA,2025-09-13 06:00:00,PAYROLL
EVT00111684,2025-09-25,EMP03135,CC0112,CR,1,Performance Pay,7825.06,CAD,CAN,2025-09-25 22:00:00,CORE_HR
EVT00113417,2025-09-21,EMP01364,CC0080,CR,4,Performance Pay,2947.54,SGD,SGP,2025-09-21 07:00:00,CORE_HR
EVT00112822,2025-09-10,EMP05185,CC0026,AS,2,Performance Pay,3802.0,CAD,CAN,2025-09-10 22:00:00,CORE_HR
EVT00112694,2025-09-27,EMP01036,CC0042,AS,3,Step Increment,79594.14,CAD,CA,2025-09-27 06:00:00,PAYROLL
EVT00112195,2025-09-12,EMP04880,CC0109,EC,1,Hire,69913.12,CAD,CA,2025-09-12 18:00:00,PAYROLL
EVT00111756,2025-09-09,EMP00965,CC0025,EN,4,Lateral Deployment,,CAD,CA,2025-09-10 11:00:00,PAYROLL
EVT00112173,2025-09-22,EMP01051,CC0005,EX,1,Leave Start,,CAD,CA,2025-09-23 05:00:00,PAYROLL
EVT00112069,2025-09-14,EMP04001,CC0048,PA,2,Performance Pay,9042.08,CAD,CAN,2025-09-15 12:00:00,CORE_HR
EVT00111797,2025-09-25,EMP03265,CC0073,IT,4,Step Increment,141301.35,CAD,CAN,2025-09-26 10:00:00,CORE_HR
EVT00113220,2025-09-12,EMP03219,CC0003,IT,2,Leave Return,,CAD,CAN,2025-09-13 00:00:00,CORE_HR
EVT00112688,2025-09-18,EMP01446,CC0115,PA,5,Step Increment,100386.4,CAD,CAN,2025-09-19 12:00:00,CORE_HR
EVT00112026,2025-09-17,EMP04482,CC0096,FI,2,Promotion,90865.94,CAD,CA,2025-09-17 18:00:00,PAYROLL
EVT00113168,2025-09-07,EMP00713,CC0004,AS,5,Step Increment,92089.33,CAD,CAN,2025-09-07 23:00:00,CORE_HR
EVT00111984,2025-09-08,EMP00187,CC0053,EN,2,Promotion,94375.46,CAD,CAN,2025-09-09 09:00:00,CORE_HR
EVT00112433,2025-09-15,EMP03223,CC0061,CR,1,Lateral Deployment,,CAD,CA,2025-09-15 07:00:00,PAYROLL
EVT00113130,2025-09-13,EMP00326,CC0017,IT,3,Hire,116040.02,CAD,CA,2025-09-13 16:00:00,PAYROLL
EVT00112909,2025-09-21,EMP03072,CC0055,EN,3,Hire,130609.46,CAD,CA,2025-09-22 12:00:00,PAYROLL
EVT00112445,2025-09-18,EMP03448,CC0120,IT,3,Departure,,CAD,CA,2025-09-18 09:00:00,PAYROLL
EVT00111868,2025-09-04,EMP01801,CC0010,PA,3,Performance Pay,5306.19,CAD,CAN,2025-09-05 06:00:00,CORE_HR
EVT00112412,2025-09-02,EMP01644,CC0086,EC,1,Step Increment,10202232.91,KES,KEN,2025-09-02 18:00:00,CORE_HR
EVT00112632,2025-09-23,EMP04702,CC0067,PA,1,Step Increment,69027.76,CAD,CA,2025-09-24 07:00:00,PAYROLL
EVT00113137,2025-09-19,EMP04459,CC0108,EX,1,Step Increment,111343.6,SGD,SG,2025-09-20 10:00:00,PAYROLL
EVT00111872,2025-09-03,EMP00703,CC0078,CR,1,Leave Return,,CAD,CA,2025-09-03 12:00:00,PAYROLL
EVT00111789,2025-09-27,EMP00945,CC0030,EN,3,Leave Return,,USD,USA,2025-09-27 11:00:00,CORE_HR
EVT00112842,2025-09-14,EMP03434,CC0082,EC,4,Departure,,CAD,CAN,2025-09-15 05:00:00,CORE_HR
EVT00113174,2025-09-19,EMP03124,CC0055,EN,3,Departure,,CAD,CA,2025-09-20 07:00:00,PAYROLL
EVT00113356,2025-09-12,EMP05151,CC0080,CR,2,Performance Pay,5450.24,SGD,SG,2025-09-12 12:00:00,PAYROLL
EVT00112423,2025-09-14,EMP02244,CC0115,AS,2,Lateral Deployment,,CAD,CAN,2025-09-14 10:00:00,CORE_HR
EVT00112209,2025-09-21,EMP00700,CC0111,EN,3,Lateral Deployment,,MXN,MEX,2025-09-22 04:00:00,CORE_HR
EVT00111538,2025-09-05,EMP04105,CC0056,PA,2,Hire,59102.68,CAD,CA,2025-09-06 02:00:00,PAYROLL
EVT00111711,2025-09-23,EMP02899,CC0018,AS,3,Lateral Deployment,,CAD,CAN,2025-09-23 16:00:00,CORE_HR
EVT00112176,2025-09-17,EMP03740,CC0048,FI,5,Step Increment,108424.4,CAD,CA,2025-09-18 10:00:00,PAYROLL
EVT00112046,2025-09-18,EMP02926,CC0048,IT,3,Leave Return,,CAD,CAN,2025-09-19 07:00:00,CORE_HR
EVT00113116,2025-09-27,EMP04103,CC0030,EX,3,Step Increment,120490.41,EUR,FR,2025-09-27 07:00:00,PAYROLL
EVT00112155,2025-09-05,EMP02403,CC0062,EC,1,Performance Pay,4758.66,CAD,CA,2025-09-05 10:00:00,PAYROLL
EVT00113522,2025-09-02,EMP02441,CC0056,AS,5,Leave Start,,CAD,CA,2025-09-02 13:00:00,PAYROLL
EVT00111731,2025-09-07,EMP03696,CC0065,PA,5,Step Increment,80997.76,EUR,FRA,2025-09-08 14:00:00,CORE_HR
EVT00111561,2025-09-09,EMP03568,CC0077,PA,5,Departure,,CAD,CAN,2025-09-09 12:00:00,CORE_HR
EVT00112572,2025-09-17,EMP03243,CC0007,IT,3,Step Increment,88156.33,SGD,SG,2025-09-17 06:00:00,PAYROLL
EVT00111908,2025-09-21,EMP02360,CC0025,EN,2,Step Increment,99198.53,CAD,CAN,2025-09-21 06:00:00,CORE_HR
EVT00113040,2025-09-25,EMP02552,CC0109,EC,4,Hire,95494.54,CAD,CAN,2025-09-26 14:00:00,CORE_HR
EVT00112558,2025-09-12,EMP04263,CC0062,PA,3,Hire,85564.29,CAD,CAN,2025-09-13 01:00:00,CORE_HR
EVT00113145,2025-09-15,EMP00952,CC0118,FI,2,Performance Pay,11409.52,CAD,CA,2025-09-16 12:00:00,PAYROLL
EVT00112923,2025-09-19,EMP02437,CC0024,EC,4,Step Increment,128517.63,CAD,CA,2025-09-19 07:00:00,PAYROLL
EVT00111719,2025-09-17,EMP01091,CC0045,PA,4,Step Increment,106594.17,CAD,CAN,2025-09-18 10:00:00,CORE_HR
EVT00112184,2025-09-24,EMP01709,CC0118,EN,3,Lateral Deployment,,CAD,CA,2025-09-24 12:00:00,PAYROLL
EVT00112844,2025-09-13,EMP03844,CC0058,IT,4,Performance Pay,14132.45,CAD,CA,2025-09-13 19:00:00,PAYROLL
EVT00112525,2025-09-02,EMP05080,CC0074,FI,1,Step Increment,9114214.43,JPY,JPN,2025-09-03 04:00:00,CORE_HR
EVT00112985,2025-09-25,EMP01047,CC0016,EC,5,Hire,126514.07,CAD,CAN,2025-09-26 10:00:00,CORE_HR
EVT00113107,2025-09-25,EMP02749,CC0053,PA,2,Performance Pay,8182.04,CAD,CAN,2025-09-25 20:00:00,CORE_HR
EVT00112468,2025-09-05,EMP00943,CC0101,EN,1,Leave Return,,CAD,CAN,2025-09-06 00:00:00,CORE_HR
EVT00112872,2025-09-11,EMP02346,CC0006,AS,3,Performance Pay,9676.41,CAD,CAN,2025-09-12 13:00:00,CORE_HR
EVT00113385,2025-09-14,EMP00328,CC0022,IT,2,Lateral Deployment,,CAD,CAN,2025-09-14 12:00:00,CORE_HR
EVT00112105,2025-09-15,EMP01837,CC0108,PA,1,Step Increment,181248.73,AED,AE,2025-09-15 09:00:00,PAYROLL
EVT00112274,2025-09-14,EMP02601,CC0021,EC,4,Step Increment,120373.6,CAD,CAN,2025-09-15 13:00:00,CORE_HR
EVT00112889,2025-09-08,EMP00504,CC0021,CR,2,Step Increment,68947.18,CAD,CA,2025-09-09 13:00:00,PAYROLL
EVT00112461,2025-09-10,EMP01877,CC0013,PA,5,Leave Start,,CAD,CAN,2025-09-11 06:00:00,CORE_HR
EVT00113091,2025-09-14,EMP01595,CC0084,CR,3,Lateral Deployment,,CAD,CAN,2025-09-14 17:00:00,CORE_HR
EVT00111735,2025-09-24,EMP00237,CC0055,EN,2,Lateral Deployment,,CAD,CAN,2025-09-25 03:00:00,CORE_HR
EVT00111929,2025-09-21,EMP03147,CC0074,EN,4,Performance Pay,42301.89,AED,ARE,2025-09-22 10:00:00,CORE_HR
EVT00112910,2025-09-21,EMP00795,CC0054,CR,3,Step Increment,43476.14,GBP,GBR,2025-09-21 08:00:00,CORE_HR
EVT00112418,2025-09-22,EMP03982,CC0014,EC,1,Hire,82395.95,CAD,CAN,2025-09-22 22:00:00,CORE_HR
EVT00113349,2025-09-15,EMP04279,CC0115,PA,5,Lateral Deployment,,CAD,CA,2025-09-15 14:00:00,PAYROLL
EVT00113474,2025-09-24,EMP03760,CC0058,AS,1,Departure,,CAD,CAN,2025-09-25 03:00:00,CORE_HR
EVT00112836,2025-09-09,EMP02371,CC0066,FI,3,Step Increment,113343.83,CAD,CAN,2025-09-09 07:00:00,CORE_HR
EVT00113212,2025-09-07,EMP01158,CC0021,EX,1,Step Increment,145214.16,CAD,CA,2025-09-08 03:00:00,PAYROLL
EVT00113087,2025-09-15,EMP00080,CC0099,CR,3,Promotion,68120.14,CAD,CA,2025-09-16 12:00:00,PAYROLL
EVT00112482,2025-09-01,EMP01330,CC0108,EC,1,Step Increment,68721.85,EUR,DEU,2025-09-01 20:00:00,CORE_HR
EVT00112420,2025-09-17,EMP05058,CC0044,PA,2,Leave Return,,CAD,CAN,2025-09-18 01:00:00,CORE_HR
EVT00112767,2025-09-06,EMP03709,CC0025,IT,1,Step Increment,90852.51,CAD,CAN,2025-09-07 07:00:00,CORE_HR
EVT00112060,2025-09-09,EMP04828,CC0097,IT,1,Promotion,74422.76,CAD,CAN,2025-09-10 03:00:00,CORE_HR
EVT00113033,2025-09-18,EMP00458,CC0115,EN,1,Leave Start,,CAD,CA,2025-09-18 07:00:00,PAYROLL
EVT00111576,2025-09-05,EMP00649,CC0075,PA,1,Leave Start,,CAD,CAN,2025-09-05 10:00:00,CORE_HR
EVT00112865,2025-09-23,EMP03259,CC0004,CR,1,Step Increment,-55212.95,CAD,CA,2025-09-23 07:00:00,PAYROLL
EVT00113521,2025-09-14,EMP00277,CC0089,PA,3,Step Increment,76163.14,CAD,CA,2025-09-14 06:00:00,PAYROLL
EVT00111829,2025-09-18,EMP04712,CC0086,CR,4,Performance Pay,5594.57,GBP,GB,2025-09-18 15:00:00,PAYROLL
EVT00113072,2025-09-19,EMP02348,CC0100,IT,4,Promotion,101990.41,CAD,CA,2025-09-19 11:00:00,PAYROLL
EVT00111702,2025-09-25,EMP04409,CC0102,CR,4,Leave Start,,CAD,CAN,2025-09-26 11:00:00,CORE_HR
EVT00111997,2025-09-02,EMP04239,CC0048,EC,2,Lateral Deployment,,CAD,CA,2025-09-02 12:00:00,PAYROLL
EVT00113166,2025-09-14,EMP05103,CC0063,CR,3,Step Increment,74619.97,CAD,CAN,2025-09-15 03:00:00,CORE_HR
EVT00112043,2025-09-24,EMP00179,CC0024,AS,1,Step Increment,64014.26,CAD,CA,2025-09-24 14:00:00,PAYROLL
EVT00112750,2025-09-13,EMP00663,CC0007,AS,3,Leave Return,,AUD,AUS,2025-09-13 08:00:00,CORE_HR
EVT00111728,2025-09-02,EMP05098,CC0088,IT,1,Step Increment,5703763.34,INR,IND,2025-09-03 13:00:00,CORE_HR
EVT00112300,2025-09-07,EMP05114,CC0107,PA,2,Lateral Deployment,,CAD,CA,2025-09-08 00:00:00,PAYROLL
EVT00112792,2025-09-02,EMP01152,CC0031,AS,4,Step Increment,119571.52,AUD,AUS,2025-09-02 07:00:00,CORE_HR
EVT00113548,2025-09-22,EMP03388,CC0083,EC,1,Leave Return,,CAD,CAN,2025-09-23 14:00:00,CORE_HR
EVT00113277,2025-09-02,EMP03000,CC0062,EC,5,Step Increment,143287.74,CAD,CA,2025-09-02 13:00:00,PAYROLL
EVT00112982,2025-09-04,EMP02518,CC0086,PA,1,Performance Pay,445733.31,INR,IN,2025-09-05 08:00:00,PAYROLL
EVT00112215,2025-09-07,EMP02362,CC0116,PA,2,Lateral Deployment,,CAD,CAN,2025-09-07 21:00:00,CORE_HR
EVT00112265,2025-09-05,EMP03582,CC0110,AS,3,Performance Pay,5988.62,CAD,CAN,2025-09-06 00:00:00,CORE_HR
EVT00113444,2025-09-04,EMP01966,CC0068,EC,1,Leave Start,,CAD,CAN,2025-09-04 12:00:00,CORE_HR
EVT00112086,2025-09-11,EMP00592,CC0051,CR,3,Step Increment,73831.83,CAD,CAN,2025-09-11 17:00:00,CORE_HR
EVT00111853,2025-09-05,EMP00313,CC0058,FI,5,Step Increment,125563.12,CAD,CAN,2025-09-07 04:00:00,CORE_HR
EVT00112284,2025-09-12,EMP00133,CC0028,FI,1,Performance Pay,4709.09,CAD,CAN,2025-09-13 05:00:00,CORE_HR
EVT00112561,2025-09-04,EMP04965,CC0064,IT,3,Step Increment,119370.18,CAD,CAN,2025-09-04 06:00:00,CORE_HR
EVT00112379,2025-09-19,EMP01104,CC0048,CR,3,Leave Start,,CAD,CA,2025-09-20 06:00:00,PAYROLL
EVT00113305,2025-09-26,EMP01610,CC0085,EN,3,Step Increment,123325.51,CAD,CAN,2025-09-27 05:00:00,CORE_HR
EVT00113380,2025-09-24,EMP01104,CC0048,CR,3,Performance Pay,9565.28,CAD,CA,2025-09-24 22:00:00,PAYROLL
EVT00113101,2025-09-08,EMP00080,CC0099,CR,3,Hire,66475.4,CAD,CA,2025-09-09 02:00:00,PAYROLL
EVT00112676,2025-09-12,EMP04465,CC0082,PA,4,Leave Start,,CAD,CA,2025-09-13 09:00:00,PAYROLL
EVT00112120,2025-09-02,EMP04571,CC0063,PA,1,Step Increment,51646.55,CAD,CAN,2025-09-02 06:00:00,CORE_HR
EVT00112789,2025-09-22,EMP01760,CC0028,PA,4,Step Increment,94556.82,CAD,CAN,2025-09-22 21:00:00,CORE_HR
EVT00113482,2025-09-23,EMP01411,CC0026,FI,2,Departure,,CAD,CA,2025-09-24 10:00:00,PAYROLL
EVT00111972,2025-09-25,EMP00618,CC0118,FI,4,Step Increment,120255.53,CAD,CAN,2025-09-26 01:00:00,CORE_HR
EVT00112919,2025-09-01,EMP02290,CC0099,AS,2,Step Increment,62747.87,CAD,CAN,2025-09-01 14:00:00,CORE_HR
EVT00112093,2025-09-25,EMP02241,CC0104,AS,2,Leave Return,,CAD,CA,2025-09-25 20:00:00,PAYROLL
EVT00111604,2025-09-17,EMP03965,CC0009,PA,1,Step Increment,51269.38,USD,USA,2025-09-17 13:00:00,CORE_HR
EVT00112244,2025-09-01,EMP00134,CC0041,PA,3,Step Increment,94203.49,CAD,CAN,2025-09-01 09:00:00,CORE_HR
EVT00112992,2025-09-16,EMP02915,CC0032,IT,2,Lateral Deployment,,CAD,CAN,2025-09-16 20:00:00,CORE_HR
EVT00111722,2025-09-17,EMP01663,CC0018,EX,2,Performance Pay,22421.69,CAD,CAN,2025-09-18 06:00:00,CORE_HR
EVT00113086,2025-09-04,EMP02341,CC0117,FI,3,Step Increment,106261.34,CAD,CA,2025-09-04 11:00:00,PAYROLL
EVT00112081,2025-09-24,EMP02481,CC0008,AS,5,Promotion,98681.48,CAD,CAN,2025-09-24 13:00:00,CORE_HR
EVT00113187,2025-09-24,EMP01272,CC0077,FI,2,Step Increment,92918.37,CAD,CAN,2025-09-25 13:00:00,CORE_HR
EVT00111693,2025-09-04,EMP03052,CC0093,PA,4,Step Increment,101101.86,CAD,CAN,2025-09-05 09:00:00,CORE_HR
EVT00112680,2025-09-25,EMP00184,CC0039,PA,1,Leave Return,,CAD,CA,2025-09-26 10:00:00,PAYROLL
EVT00111796,2025-09-26,EMP04969,CC0041,FI,4,Leave Start,,CAD,CA,2025-09-27 04:00:00,PAYROLL
EVT00113115,2025-09-15,EMP03483,CC0001,EX,3,Departure,,CAD,CA,2025-09-15 21:00:00,PAYROLL
EVT00112805,2025-09-24,EMP03661,CC0005,EX,2,Leave Return,,CAD,CA,2025-09-24 06:00:00,PAYROLL
EVT00113147,2025-09-14,EMP00439,CC0037,IT,5,Step Increment,140188.07,CAD,CAN,2025-09-14 13:00:00,CORE_HR
EVT00112419,2025-09-21,EMP00120,CC0117,EC,1,Leave Return,,CAD,CA,2025-09-22 06:00:00,PAYROLL
EVT00111877,2025-09-12,EMP04415,CC0085,IT,5,Promotion,144467.63,CAD,CAN,2025-09-12 23:00:00,CORE_HR
EVT00113313,2025-09-12,EMP00620,CC0025,IT,2,Departure,,CAD,CA,2025-09-13 05:00:00,PAYROLL
EVT00113563,2025-09-10,EMP01523,CC0066,IT,3,Step Increment,109697.35,CAD,CA,2025-09-10 11:00:00,PAYROLL
EVT00113042,2025-09-10,EMP01524,CC0018,FI,2,Step Increment,100020.77,CAD,CAN,2025-09-10 08:00:00,CORE_HR
EVT00112817,2025-09-04,EMP02180,CC0073,PA,3,Leave Return,,CAD,CAN,2025-09-05 11:00:00,CORE_HR
EVT00113016,2025-09-09,EMP04619,CC0113,PA,1,Leave Return,,CAD,CA,2025-09-10 02:00:00,PAYROLL
EVT00112285,2025-09-12,EMP01824,CC0001,PA,1,Departure,,CAD,CA,2025-09-14 04:00:00,PAYROLL
EVT00112553,2025-09-04,EMP03241,CC0007,IT,1,Leave Start,,BRL,BR,2025-09-05 07:00:00,PAYROLL
EVT00111573,2025-09-21,EMP02157,CC0036,EC,2,Performance Pay,12162.91,CAD,CA,2025-09-22 00:00:00,PAYROLL
EVT00113049,2025-09-16,EMP02643,CC0013,PA,1,Step Increment,69704.66,CAD,CAN,2025-09-16 08:00:00,CORE_HR
EVT00111958,2025-09-16,EMP02090,CC0025,FI,1,Lateral Deployment,,CAD,CAN,2025-09-17 07:00:00,CORE_HR
EVT00111937,2025-09-19,EMP03749,CC0096,EN,1,Performance Pay,10365.87,CAD,CA,2025-09-19 06:00:00,PAYROLL
EVT00113338,2025-09-07,EMP00205,CC0115,IT,2,Lateral Deployment,,CAD,CAN,2025-09-07 06:00:00,CORE_HR
EVT00113199,2025-09-07,EMP00563,CC0053,IT,1,Performance Pay,9302.44,CAD,CAN,2025-09-07 18:00:00,CORE_HR
EVT00112158,2025-09-06,EMP03256,CC0053,PA,1,Departure,,CAD,CAN,2025-09-07 01:00:00,CORE_HR
EVT00112882,2025-09-09,EMP02291,CC0033,AS,2,Step Increment,74501.92,CAD,CA,2025-09-10 14:00:00,PAYROLL
EVT00113276,2025-09-14,EMP01806,CC0035,EX,1,Performance Pay,10278.31,CAD,CA,2025-09-15 10:00:00,PAYROLL
EVT00112392,2025-09-03,EMP04367,CC0049,PA,1,Step Increment,77217.81,AUD,AU,2025-09-04 06:00:00,PAYROLL
EVT00112552,2025-09-15,EMP03420,CC0107,EC,1,Step Increment,75085.46,CAD,CAN,2025-09-15 10:00:00,CORE_HR
EVT00113266,2025-09-06,EMP01256,CC0008,FI,3,Promotion,93793.48,CAD,CA,2025-09-06 07:00:00,PAYROLL
EVT00113510,2025-09-17,EMP03079,CC0099,FI,4,Departure,,CAD,CA,2025-09-17 18:00:00,PAYROLL
EVT00113544,2025-09-11,EMP03618,CC0084,EX,1,Leave Return,,CAD,CAN,2025-09-11 10:00:00,CORE_HR
EVT00113332,2025-09-24,EMP04698,CC0005,PA,1,Performance Pay,6102.1,CAD,CA,2025-09-25 07:00:00,PAYROLL
EVT00113574,2025-09-26,EMP04235,CC0006,IT,1,Step Increment,105038.62,CAD,CAN,2025-09-27 07:00:00,CORE_HR
EVT00112704,2025-09-02,EMP04685,CC0110,FI,4,Lateral Deployment,,CAD,CAN,2025-09-03 07:00:00,CORE_HR
EVT00112896,2025-09-17,EMP04531,CC0052,EN,4,Leave Return,,CAD,CA,2025-09-18 06:00:00,PAYROLL
EVT00113124,2025-09-16,EMP04235,CC0006,IT,1,Departure,,CAD,CAN,2025-09-16 11:00:00,CORE_HR
EVT00112141,2025-09-07,EMP00783,CC0078,EN,2,Leave Start,,CAD,CAN,2025-09-08 01:00:00,CORE_HR
EVT00113557,2025-09-02,EMP04378,CC0103,EX,1,Step Increment,138641.47,CAD,CAN,2025-09-03 10:00:00,CORE_HR
EVT00111758,2025-09-07,EMP01572,CC0081,CR,1,Leave Start,,CAD,CAN,2025-09-07 21:00:00,CORE_HR
EVT00111823,2025-09-24,EMP03041,CC0109,PA,1,Leave Return,,CAD,CA,2025-09-24 09:00:00,PAYROLL
EVT00112672,2025-09-21,EMP03147,CC0074,EN,4,Performance Pay,10185.28,EUR,DEU,2025-09-21 10:00:00,CORE_HR
EVT00111587,2025-09-09,EMP02902,CC0023,EN,4,Departure,,CAD,CAN,2025-09-10 04:00:00,CORE_HR
EVT00113350,2025-09-01,EMP02914,CC0052,PA,3,Step Increment,89552.7,CAD,CA,2025-09-01 11:00:00,PAYROLL
EVT00112162,2025-09-18,EMP02271,CC0030,PA,2,Departure,,USD,USA,2025-09-19 02:00:00,CORE_HR
EVT00111928,2025-09-26,EMP01610,CC0085,EN,3,Step Increment,92457.11,CAD,CAN,2025-09-26 22:00:00,CORE_HR
EVT00111923,2025-09-25,EMP00657,CC0027,EC,5,Leave Return,,CAD,CA,2025-09-25 18:00:00,PAYROLL
EVT00112887,2025-09-03,EMP02636,CC0113,FI,3,Lateral Deployment,,CAD,CAN,2025-09-04 15:00:00,CORE_HR
EVT00111871,2025-09-26,EMP01083,CC0106,EN,3,Step Increment,126952.08,CAD,CA,2025-09-27 10:00:00,PAYROLL
EVT00113458,2025-09-21,EMP02470,CC0066,PA,2,Departure,,CAD,CAN,2025-09-22 13:00:00,CORE_HR
EVT00112657,2025-09-13,EMP02289,CC0043,AS,5,Hire,89563.62,CAD,CAN,2025-09-14 14:00:00,CORE_HR
EVT00112216,2025-09-18,EMP01015,CC0027,CR,2,Lateral Deployment,,CAD,CAN,2025-09-19 10:00:00,CORE_HR
EVT00112467,2025-09-08,EMP01512,CC0104,PA,5,Hire,106770.69,CAD,CAN,2025-09-09 05:00:00,CORE_HR
EVT00111532,2025-09-15,EMP00833,CC0112,EN,1,Step Increment,92592.77,CAD,CA,2025-09-15 08:00:00,PAYROLL
EVT00113021,2025-09-08,EMP02500,CC0007,FI,2,Performance Pay,4483.9,EUR,FR,2025-09-08 17:00:00,PAYROLL
EVT00113370,2025-09-09,EMP04483,CC0119,PA,3,Leave Start,,CAD,CA,2025-09-10 07:00:00,PAYROLL
EVT00111639,2025-09-22,EMP02741,CC0111,CR,3,Lateral Deployment,,SGD,SG,2025-09-23 08:00:00,PAYROLL
EVT00112516,2025-09-12,EMP04958,CC0094,IT,4,Hire,122783.58,CAD,CA,2025-09-12 08:00:00,PAYROLL
EVT00112160,2025-09-06,EMP02460,CC0068,PA,3,Step Increment,83986.55,CAD,CAN,2025-09-07 06:00:00,CORE_HR
EVT00112157,2025-09-02,EMP01463,CC0071,EX,1,Lateral Deployment,,CAD,CA,2025-09-02 06:00:00,PAYROLL
EVT00112520,2025-09-12,EMP01871,CC0019,CR,1,Step Increment,60919.43,CAD,CAN,2025-09-12 16:00:00,CORE_HR
EVT00112058,2025-09-05,EMP05023,CC0084,PA,3,Performance Pay,4244.89,CAD,CA,2025-09-06 05:00:00,PAYROLL
EVT00113564,2025-09-05,EMP03521,CC0024,EN,1,Step Increment,88752.18,CAD,CAN,2025-09-06 04:00:00,CORE_HR
EVT00113238,2025-09-25,EMP01769,CC0053,AS,2,Step Increment,68606.86,CAD,CA,2025-09-25 09:00:00,PAYROLL
EVT00113443,2025-09-24,EMP02360,CC0025,EN,2,Lateral Deployment,,CAD,CAN,2025-09-25 09:00:00,CORE_HR
EVT00111864,2025-09-24,EMP01005,CC0102,PA,1,Step Increment,66659.36,CAD,CAN,2025-09-25 15:00:00,CORE_HR
EVT00112645,2025-09-25,EMP02741,CC0111,CR,3,Leave Start,,EUR,FRA,2025-09-25 13:00:00,CORE_HR
EVT00113361,2025-09-16,EMP01610,CC0085,EN,3,Step Increment,122606.53,CAD,CAN,2025-09-17 09:00:00,CORE_HR
EVT00111638,2025-09-17,EMP02318,CC0043,AS,4,Leave Return,,CAD,CA,2025-09-17 22:00:00,PAYROLL
EVT00112196,2025-09-24,EMP02379,CC0001,EX,2,Leave Return,,CAD,CAN,2025-09-24 20:00:00,CORE_HR
EVT00112023,2025-09-24,EMP04655,CC0073,IT,1,Step Increment,74046.59,CAD,CA,2025-09-24 13:00:00,PAYROLL
EVT00111590,2025-09-04,EMP02814,CC0017,CR,1,Performance Pay,2906.34,CAD,CAN,2025-09-04 14:00:00,CORE_HR
EVT00112348,2025-09-09,EMP02524,CC0023,IT,1,Performance Pay,6061.26,CAD,CAN,2025-09-10 05:00:00,CORE_HR
EVT00112848,2025-09-16,EMP05022,CC0090,IT,3,Step Increment,120714.72,CAD,CAN,2025-09-16 17:00:00,CORE_HR
EVT00113280,2025-09-17,EMP02476,CC0064,AS,3,Step Increment,78728.45,CAD,CA,2025-09-18 02:00:00,PAYROLL
EVT00112940,2025-09-14,EMP03424,CC0052,EN,4,Performance Pay,18040.7,CAD,CA,2025-09-15 04:00:00,PAYROLL
EVT00112316,2025-09-08,EMP02094,CC0013,AS,2,Step Increment,69966.13,CAD,CA,2025-09-08 10:00:00,PAYROLL
EVT00112071,2025-09-01,EMP04883,CC0094,PA,1,Performance Pay,4904.45,CAD,CAN,2025-09-01 16:00:00,CORE_HR
EVT00113536,2025-09-23,EMP01996,CC0027,PA,1,Hire,54437.29,CAD,CAN,2025-09-24 01:00:00,CORE_HR
EVT00112257,2025-09-26,EMP05070,CC0055,CR,4,Performance Pay,10129.4,CAD,CAN,2025-09-26 19:00:00,CORE_HR
EVT00111572,2025-09-10,EMP01587,CC0104,PA,3,Promotion,87929.34,CAD,CA,2025-09-11 08:00:00,PAYROLL
EVT00112336,2025-09-25,EMP02514,CC0015,PA,2,Step Increment,76868.37,CAD,CAN,2025-09-26 00:00:00,CORE_HR
EVT00112936,2025-09-15,EMP01841,CC0037,FI,1,Departure,,CAD,CAN,2025-09-15 12:00:00,CORE_HR
EVT00112554,2025-09-21,EMP02490,CC0019,IT,1,Leave Return,,CAD,CAN,2025-09-21 14:00:00,CORE_HR
EVT00113450,2025-09-19,EMP01421,CC0058,AS,3,Step Increment,80445.51,CAD,CA,2025-09-20 08:00:00,PAYROLL
EVT00113201,2025-09-15,EMP04432,CC0104,FI,2,Step Increment,115129.59,CAD,CAN,2025-09-16 13:00:00,CORE_HR
EVT00111551,2025-09-08,EMP01928,CC0102,PA,3,Step Increment,81451.14,CAD,CAN,2025-09-08 09:00:00,CORE_HR
EVT00111662,2025-09-16,EMP01944,CC0066,CR,5,Step Increment,82624.13,CAD,CA,2025-09-17 09:00:00,PAYROLL
EVT00112647,2025-09-02,EMP04385,CC0111,AS,1,Promotion,3970737.55,INR,IN,2025-09-02 14:00:00,PAYROLL
EVT00112465,2025-09-16,EMP00302,CC0096,EN,3,Leave Return,,CAD,CA,2025-09-17 11:00:00,PAYROLL
EVT00112367,2025-09-18,EMP02884,CC0075,PA,2,Lateral Deployment,,CAD,CAN,2025-09-19 04:00:00,CORE_HR
EVT00111577,2025-09-27,EMP01864,CC0116,IT,4,Step Increment,135592.6,CAD,CAN,2025-09-27 15:00:00,CORE_HR
EVT00112665,2025-09-17,EMP01576,CC0101,FI,2,Lateral Deployment,,CAD,CAN,2025-09-18 08:00:00,CORE_HR
EVT00113559,2025-09-08,EMP01069,CC0116,EC,3,Step Increment,127695.08,CAD,CA,2025-09-10 01:00:00,PAYROLL
EVT00112830,2025-09-23,EMP02095,CC0032,EC,4,Leave Return,,CAD,CA,2025-09-23 06:00:00,PAYROLL
EVT00111596,2025-09-14,EMP02555,CC0037,FI,1,Lateral Deployment,,CAD,CAN,2025-09-14 07:00:00,CORE_HR
EVT00112921,2025-09-03,EMP01410,CC0053,FI,4,Leave Start,,CAD,CA,2025-09-04 08:00:00,PAYROLL
EVT00111791,2025-09-07,EMP01990,CC0096,CR,2,Performance Pay,3934.73,CAD,CAN,2025-09-07 23:00:00,CORE_HR
EVT00112260,2025-09-16,EMP03905,CC0034,PA,2,Leave Start,,CAD,CAN,2025-09-17 00:00:00,CORE_HR
EVT00112858,2025-09-26,EMP00139,CC0056,CR,3,Hire,67890.45,CAD,CA,2025-09-27 13:00:00,PAYROLL
EVT00112949,2025-09-27,EMP02944,CC0078,PA,4,Performance Pay,10490.43,CAD,CAN,2025-09-27 06:00:00,CORE_HR
EVT00111938,2025-09-14,EMP04454,CC0096,PA,2,Step Increment,58217.31,CAD,CAN,2025-09-14 17:00:00,CORE_HR
EVT00113413,2025-09-24,EMP01061,CC0033,EX,1,Promotion,141928.19,CAD,CAN,2025-09-24 08:00:00,CORE_HR
EVT00113532,2025-09-09,EMP02708,CC0119,FI,1,Leave Start,,CAD,CA,2025-09-09 20:00:00,PAYROLL
EVT00113242,2025-09-10,EMP01377,CC0064,FI,2,Leave Return,,CAD,CA,2025-09-11 11:00:00,PAYROLL
EVT00113057,2025-09-14,EMP01546,CC0048,EC,1,Step Increment,85989.53,CAD,CAN,2025-09-14 18:00:00,CORE_HR
EVT00113125,2025-09-10,EMP02618,CC0037,EN,4,Performance Pay,15983.12,CAD,CAN,2025-09-10 08:00:00,CORE_HR
EVT00113062,2025-09-03,EMP01861,CC0048,IT,1,Leave Start,,CAD,CA,2025-09-03 19:00:00,PAYROLL
EVT00112050,2025-09-03,EMP03692,CC0081,EX,1,Step Increment,138015.65,CAD,CAN,2025-09-04 05:00:00,CORE_HR
EVT00113192,2025-09-03,EMP01740,CC0052,FI,2,Performance Pay,6244.71,CAD,CAN,2025-09-03 16:00:00,CORE_HR
EVT00113505,2025-09-25,EMP04729,CC0086,EC,3,Departure,,EUR,DE,2025-09-25 19:00:00,PAYROLL
EVT00113255,2025-09-08,EMP04895,CC0047,AS,4,Step Increment,86460.22,CAD,CAN,2025-09-08 07:00:00,CORE_HR
EVT00112025,2025-09-08,EMP04396,CC0116,EC,4,Step Increment,129196.21,CAD,CAN,2025-09-09 07:00:00,CORE_HR
EVT00112206,2025-09-19,EMP03591,CC0073,PA,3,Step Increment,87187.02,CAD,CA,2025-09-20 00:00:00,PAYROLL
EVT00112099,2025-09-04,EMP02328,CC0005,EC,4,Leave Return,,CAD,CA,2025-09-05 02:00:00,PAYROLL
EVT00112055,2025-09-18,EMP04583,CC0074,FI,1,Leave Start,,AUD,AUS,2025-09-18 20:00:00,CORE_HR
EVT00112856,2025-09-02,EMP03213,CC0029,EC,5,Promotion,80668.21,GBP,GB,2025-09-02 16:00:00,PAYROLL
EVT00112377,2025-09-11,EMP01864,CC0116,IT,4,Step Increment,124618.74,CAD,CAN,2025-09-12 11:00:00,CORE_HR
EVT00112846,2025-09-03,EMP01802,CC0004,CR,4,Step Increment,72942.1,CAD,CAN,2025-09-04 03:00:00,CORE_HR
EVT00112932,2025-09-17,EMP01048,CC0106,AS,2,Step Increment,67954.07,CAD,CA,2025-09-18 09:00:00,PAYROLL
EVT00111762,2025-09-25,EMP01827,CC0085,EN,1,Leave Return,,CAD,CA,2025-09-26 01:00:00,PAYROLL
EVT00112617,2025-09-18,EMP00801,CC0023,FI,1,Step Increment,74668.53,CAD,CA,2025-09-19 07:00:00,PAYROLL
EVT00112234,2025-09-07,EMP01244,CC0023,PA,3,Lateral Deployment,,CAD,CAN,2025-09-08 15:00:00,CORE_HR
EVT00112959,2025-09-18,EMP00857,CC0111,IT,1,Leave Return,,USD,US,2025-09-19 04:00:00,PAYROLL
EVT00112541,2025-09-23,EMP02395,CC0070,AS,2,Leave Return,,CAD,CAN,2025-09-24 12:00:00,CORE_HR
EVT00113122,2025-09-03,EMP04227,CC0101,EX,2,Step Increment,213228.16,CAD,CAN,2025-09-04 15:00:00,CORE_HR
EVT00112639,2025-09-10,EMP02280,CC0052,FI,2,Hire,82903.78,CAD,CA,2025-09-10 06:00:00,PAYROLL
EVT00112825,2025-09-15,EMP03513,CC0084,EN,3,Hire,120980.2,CAD,CAN,2025-09-16 10:00:00,CORE_HR
EVT00111636,2025-09-17,EMP00083,CC0096,PA,1,Step Increment,67828.8,CAD,CAN,2025-09-17 14:00:00,CORE_HR
EVT00111637,2025-09-09,EMP03454,CC0054,CR,4,Performance Pay,3360.16,USD,USA,2025-09-10 13:00:00,CORE_HR
EVT00111601,2025-09-22,EMP01687,CC0012,EX,1,Leave Start,,CAD,CAN,2025-09-23 07:00:00,CORE_HR
EVT00112053,2025-09-08,EMP02624,CC0018,CR,2,Lateral Deployment,,CAD,CA,2025-09-08 21:00:00,PAYROLL
EVT00112937,2025-09-08,EMP03391,CC0029,PA,3,Leave Return,,AUD,AUS,2025-09-08 17:00:00,CORE_HR
EVT00112870,2025-09-20,EMP04873,CC0075,PA,2,Leave Return,,CAD,CAN,2025-09-20 08:00:00,CORE_HR
EVT00113245,2025-09-18,EMP00135,CC0117,PA,2,Leave Start,,CAD,CAN,2025-09-18 14:00:00,CORE_HR
EVT00113127,2025-09-20,EMP01210,CC0092,PA,2,Step Increment,78363.15,CAD,CA,2025-09-20 18:00:00,PAYROLL
EVT00113321,2025-09-03,EMP02869,CC0045,FI,5,Step Increment,101696.25,CAD,CAN,2025-09-03 14:00:00,CORE_HR
EVT00113410,2025-09-13,EMP00571,CC0042,CR,1,Performance Pay,4788.39,CAD,CAN,2025-09-13 23:00:00,CORE_HR
EVT00113457,2025-09-11,EMP01038,CC0035,EX,1,Leave Start,,CAD,CAN,2025-09-12 12:00:00,CORE_HR
EVT00112054,2025-09-24,EMP05199,CC0061,EN,2,Leave Return,,CAD,CAN,2025-09-24 16:00:00,CORE_HR
EVT00112616,2025-09-23,EMP05009,CC0038,CR,1,Promotion,52455.52,CAD,CA,2025-09-23 16:00:00,PAYROLL
EVT00112324,2025-09-18,EMP04004,CC0107,IT,1,Step Increment,82261.12,CAD,CA,2025-09-18 12:00:00,PAYROLL
EVT00112497,2025-09-14,EMP04012,CC0069,PA,5,Promotion,98793.16,CAD,CAN,2025-09-15 13:00:00,CORE_HR
EVT00113206,2025-09-11,EMP03012,CC0014,AS,3,Leave Start,,CAD,CAN,2025-09-11 10:00:00,CORE_HR
EVT00111809,2025-09-24,EMP03613,CC0090,AS,2,Departure,,CAD,CAN,2025-09-25 09:00:00,CORE_HR
EVT00113386,2025-09-07,EMP00052,CC0068,EN,3,Performance Pay,14328.55,CAD,CAN,2025-09-07 15:00:00,CORE_HR
EVT00111742,2025-09-27,EMP02251,CC0101,EC,3,Step Increment,114577.7,CAD,CA,2025-09-30 03:00:00,PAYROLL
EVT00112993,2025-09-23,EMP01075,CC0094,PA,2,Lateral Deployment,,CAD,CAN,2025-09-23 08:00:00,CORE_HR
EVT00113384,2025-09-13,EMP05086,CC0119,EC,2,Hire,97366.09,CAD,CA,2025-09-13 06:00:00,PAYROLL
EVT00112741,2025-09-18,EMP00963,CC0101,EC,2,Departure,,CAD,CAN,2025-09-18 19:00:00,CORE_HR
EVT00112147,2025-09-14,EMP00036,CC0111,PA,3,Leave Start,,EUR,FR,2025-09-15 10:00:00,PAYROLL
EVT00112039,2025-09-20,EMP00272,CC0071,PA,2,Leave Return,,CAD,CAN,2025-09-21 05:00:00,CORE_HR
EVT00113556,2025-09-22,EMP00581,CC0105,EC,1,Step Increment,42797.75,GBP,GBR,2025-09-22 13:00:00,CORE_HR
EVT00112759,2025-09-16,EMP04826,CC0074,CR,3,Leave Return,,SGD,SG,2025-09-16 08:00:00,PAYROLL
EVT00112891,2025-09-14,EMP02809,CC0027,AS,2,Hire,66083.86,CAD,CA,2025-09-14 13:00:00,PAYROLL
EVT00113112,2025-09-26,EMP01822,CC0060,FI,1,Leave Return,,CAD,CA,2025-09-26 11:00:00,PAYROLL
EVT00111992,2025-09-03,EMP00700,CC0111,EN,3,Leave Return,,EUR,FRA,2025-09-04 04:00:00,CORE_HR
EVT00111904,2025-09-13,EMP03062,CC0070,CR,1,Step Increment,44079.9,CAD,CAN,2025-09-13 21:00:00,CORE_HR
EVT00111792,2025-09-21,EMP03923,CC0118,PA,4,Performance Pay,10870.88,CAD,CA,2025-09-23 23:00:00,PAYROLL
EVT00112579,2025-09-02,EMP04416,CC0051,EC,2,Performance Pay,6009.7,CAD,CAN,2025-09-03 10:00:00,CORE_HR
EVT00111720,2025-09-21,EMP00894,CC0058,EN,1,Performance Pay,8190.32,CAD,CA,2025-09-21 21:00:00,PAYROLL
EVT00111959,2025-09-08,EMP04929,CC0073,EN,2,Hire,124244.68,CAD,CAN,2025-09-08 23:00:00,CORE_HR
EVT00112731,2025-09-23,EMP01750,CC0115,EX,1,Step Increment,160201.5,CAD,CAN,2025-09-24 06:00:00,CORE_HR
EVT00112999,2025-09-06,EMP00127,CC0047,PA,1,Performance Pay,7782.31,CAD,CAN,2025-09-06 10:00:00,CORE_HR
EVT00113367,2025-09-11,EMP00554,CC0021,CR,5,Hire,80658.85,CAD,CAN,2025-09-12 07:00:00,CORE_HR
EVT00111949,2025-09-03,EMP01052,CC0072,EN,3,Leave Start,,CAD,CAN,2025-09-03 15:00:00,CORE_HR
EVT00113226,2025-09-10,EMP01190,CC0109,EC,4,Lateral Deployment,,CAD,CA,2025-09-11 11:00:00,PAYROLL
EVT00111925,2025-09-01,EMP00525,CC0098,AS,1,Lateral Deployment,,CAD,CA,2025-09-01 23:00:00,PAYROLL
EVT00112903,2025-09-01,EMP01826,CC0064,IT,1,Step Increment,79968.07,CAD,CAN,2025-09-02 09:00:00,CORE_HR
EVT00112716,2025-09-15,EMP04049,CC0074,FI,5,Performance Pay,802992.48,INR,IN,2025-09-15 07:00:00,PAYROLL
EVT00112022,2025-09-25,EMP02099,CC0092,PA,2,Hire,72950.35,CAD,CAN,2025-09-26 04:00:00,CORE_HR
EVT00112177,2025-09-20,EMP04074,CC0054,PA,5,Hire,10649816.25,JPY,JP,2025-09-21 09:00:00,PAYROLL
EVT00112908,2025-09-01,EMP01055,CC0115,AS,3,Leave Start,,CAD,CAN,2025-09-02 05:00:00,CORE_HR
EVT00113265,2025-09-25,EMP05060,CC0090,PA,3,Step Increment,87609.8,CAD,CA,2025-09-26 00:00:00,PAYROLL
EVT00112323,2025-09-11,EMP02613,CC0103,PA,2,Performance Pay,9401.62,CAD,CA,2025-09-11 21:00:00,PAYROLL
EVT00113246,2025-09-24,EMP02747,CC0035,AS,2,Step Increment,69217.3,CAD,CA,2025-09-24 08:00:00,PAYROLL
EVT00112362,2025-09-24,EMP03305,CC0111,PA,5,Performance Pay,1136617.02,KES,KEN,2025-09-24 13:00:00,CORE_HR
EVT00113420,2025-09-03,EMP02803,CC0088,FI,1,Leave Return,,JPY,JP,2025-09-04 15:00:00,PAYROLL
EVT00111646,2025-09-21,EMP05068,CC0065,IT,1,Step Increment,5814044.76,INR,IN,2025-09-21 08:00:00,PAYROLL
EVT00112139,2025-09-08,EMP02248,CC0036,PA,2,Step Increment,75287.55,CAD,CAN,2025-09-09 06:00:00,CORE_HR
EVT00113570,2025-09-17,EMP01511,CC0079,PA,2,Hire,62080.89,CAD,CA,2025-09-17 18:00:00,PAYROLL
EVT00112654,2025-09-06,EMP03155,CC0025,IT,1,Leave Return,,CAD,CAN,2025-09-06 15:00:00,CORE_HR
EVT00113504,2025-09-23,EMP00077,CC0043,AS,2,Leave Start,,CAD,CA,2025-09-24 05:00:00,PAYROLL
EVT00112361,2025-09-14,EMP01848,CC0099,EN,1,Leave Return,,CAD,CA,2025-09-14 21:00:00,PAYROLL
EVT00113398,2025-09-03,EMP01815,CC0093,EX,1,Step Increment,132469.48,CAD,CA,2025-09-04 01:00:00,PAYROLL
EVT00112376,2025-09-22,EMP01636,CC0071,EX,3,Performance Pay,20898.94,CAD,CAN,2025-09-23 15:00:00,CORE_HR
EVT00112344,2025-09-13,EMP04418,CC0073,AS,4,Leave Return,,CAD,CAN,2025-09-14 06:00:00,CORE_HR
EVT00112056,2025-09-18,EMP03720,CC0032,EN,4,Performance Pay,11711.28,CAD,CA,2025-09-19 06:00:00,PAYROLL
EVT00113499,2025-09-22,EMP00251,CC0084,FI,4,Leave Start,,CAD,CA,2025-09-23 02:00:00,PAYROLL
EVT00112939,2025-09-09,EMP01360,CC0049,AS,5,Leave Return,,AUD,AU,2025-09-10 13:00:00,PAYROLL
EVT00111948,2025-09-16,EMP03632,CC0104,EC,3,Step Increment,110936.69,CAD,CA,2025-09-16 12:00:00,PAYROLL
EVT00113090,2025-09-24,EMP03787,CC0010,AS,1,Leave Start,,CAD,CA,2025-09-25 12:00:00,PAYROLL
EVT00111963,2025-09-11,EMP03906,CC0019,EN,2,Step Increment,96089.97,CAD,CAN,2025-09-11 10:00:00,CORE_HR
EVT00112738,2025-09-06,EMP03759,CC0025,EC,2,Step Increment,96547.35,CAD,CAN,2025-09-06 14:00:00,CORE_HR
EVT00113149,2025-09-19,EMP01147,CC0051,EX,1,Step Increment,149308.87,CAD,CA,2025-09-20 14:00:00,PAYROLL
EVT00111577,2025-09-27,EMP01864,CC0116,IT,4,Step Increment,135592.6,CAD,CAN,2025-09-27 13:00:00,CORE_HR
EVT00113007,2025-09-14,EMP02728,CC0079,PA,3,Hire,111733.36,CAD,CAN,2025-09-14 19:00:00,CORE_HR
EVT00113415,2025-09-06,EMP03761,CC0041,AS,5,Promotion,102386.74,CAD,CAN,2025-09-07 05:00:00,CORE_HR
EVT00111661,2025-09-24,EMP00237,CC0055,EN,2,Lateral Deployment,,CAD,CA,2025-09-24 11:00:00,PAYROLL
EVT00112469,2025-09-16,EMP04562,CC0069,EN,1,Leave Start,,CAD,CA,2025-09-17 05:00:00,PAYROLL
EVT00113103,2025-09-05,EMP05120,CC0060,EX,1,Departure,,CAD,CAN,2025-09-05 09:00:00,CORE_HR
EVT00111618,2025-09-12,EMP02587,CC0092,FI,1,Hire,85003.6,CAD,CAN,2025-09-13 03:00:00,CORE_HR
EVT00113105,2025-09-09,EMP01886,CC0047,CR,1,Step Increment,57453.95,CAD,CAN,2025-09-09 07:00:00,CORE_HR
EVT00113483,2025-09-16,EMP02298,CC0003,PA,3,Performance Pay,10479.63,CAD,CA,2025-09-16 09:00:00,PAYROLL
EVT00112740,2025-09-16,EMP03415,CC0046,IT,1,Leave Start,,JPY,JP,2025-09-16 22:00:00,PAYROLL
EVT00113376,2025-09-14,EMP00660,CC0094,IT,1,Step Increment,94032.94,CAD,CAN,2025-09-14 14:00:00,CORE_HR
EVT00111985,2025-09-21,EMP04612,CC0008,IT,1,Departure,,CAD,CAN,2025-09-22 06:00:00,CORE_HR
EVT00111952,2025-09-07,EMP04499,CC0103,AS,1,Leave Start,,CAD,CAN,2025-09-07 10:00:00,CORE_HR
EVT00112428,2025-09-21,EMP04676,CC0098,IT,1,Step Increment,88211.03,CAD,CA,2025-09-22 10:00:00,PAYROLL
EVT00112193,2025-09-03,EMP00025,CC0084,IT,4,Lateral Deployment,,CAD,CA,2025-09-04 05:00:00,PAYROLL
EVT00112646,2025-09-01,EMP03072,CC0055,EN,3,Leave Return,,CAD,CA,2025-09-02 05:00:00,PAYROLL
EVT00112981,2025-09-17,EMP00332,CC0045,PA,2,Step Increment,57475.98,CAD,CAN,2025-09-18 07:00:00,CORE_HR
EVT00113502,2025-09-14,EMP04387,CC0033,PA,5,Leave Return,,CAD,CAN,2025-09-14 12:00:00,CORE_HR
EVT00111654,2025-09-12,EMP01186,CC0073,PA,3,Step Increment,81634.84,CAD,CA,2025-09-13 04:00:00,PAYROLL
EVT00113073,2025-09-23,EMP04748,CC0023,AS,4,Performance Pay,8231.69,CAD,CAN,2025-09-23 13:00:00,CORE_HR
EVT00112001,2025-09-26,EMP03453,CC0020,EC,5,Step Increment,136057.82,CAD,CA,2025-09-26 23:00:00,PAYROLL
EVT00113470,2025-09-07,EMP05149,CC0048,EN,3,Lateral Deployment,,CAD,CA,2025-09-08 02:00:00,PAYROLL
EVT00113299,2025-09-08,EMP03266,CC0069,EN,1,Lateral Deployment,,CAD,CAN,2025-09-08 11:00:00,CORE_HR
EVT00111584,2025-09-03,EMP02986,CC0085,EX,2,Lateral Deployment,,CAD,CAN,2025-09-03 09:00:00,CORE_HR
EVT00111800,2025-09-23,EMP01069,CC0116,EC,3,Leave Return,,CAD,CAN,2025-09-23 16:00:00,CORE_HR
EVT00112131,2025-09-07,EMP01096,CC0085,PA,5,Lateral Deployment,,CAD,CA,2025-09-07 20:00:00,PAYROLL
EVT00112353,2025-09-25,EMP01740,CC0052,FI,2,Leave Return,,CAD,CAN,2025-09-26 05:00:00,CORE_HR
EVT00113191,2025-09-19,EMP02235,CC0017,AS,5,Promotion,86129.18,CAD,CAN,2025-09-20 02:00:00,CORE_HR
EVT00111817,2025-09-11,EMP01171,CC0068,CR,1,Lateral Deployment,,CAD,CAN,2025-09-12 02:00:00,CORE_HR
EVT00112256,2025-09-21,EMP04872,CC0070,EC,3,Hire,117882.47,CAD,CAN,2025-09-22 08:00:00,CORE_HR
EVT00112853,2025-09-01,EMP03823,CC0088,CR,1,Performance Pay,21304.82,AED,ARE,2025-09-02 04:00:00,CORE_HR
EVT00112189,2025-09-10,EMP04711,CC0118,FI,5,Leave Start,,CAD,CAN,2025-09-10 11:00:00,CORE_HR
EVT00113591,2025-09-11,EMP00842,CC0023,EN,3,Performance Pay,10735.36,CAD,CAN,2025-09-12 12:00:00,CORE_HR
EVT00113257,2025-09-25,EMP01653,CC0009,AS,1,Lateral Deployment,,AUD,AU,2025-09-25 19:00:00,PAYROLL
EVT00113513,2025-09-27,EMP03854,CC0043,FI,3,Performance Pay,13886.96,CAD,CAN,2025-09-27 14:00:00,CORE_HR
EVT00111825,2025-09-05,EMP03357,CC0013,IT,3,Leave Return,,CAD,CAN,2025-09-06 06:00:00,CORE_HR
EVT00112249,2025-09-14,EMP04209,CC0078,EN,5,Leave Return,,CAD,CA,2025-09-15 09:00:00,PAYROLL
EVT00112295,2025-09-16,EMP03064,CC0055,CR,2,Hire,63097.92,CAD,CA,2025-09-16 16:00:00,PAYROLL
EVT00113456,2025-09-15,EMP01966,CC0068,EC,1,Step Increment,82252.33,CAD,CA,2025-09-16 08:00:00,PAYROLL
EVT00112355,2025-09-25,EMP00012,CC0060,FI,3,Departure,,CAD,CAN,2025-09-26 01:00:00,CORE_HR
EVT00111727,2025-09-07,EMP00702,CC0017,FI,1,Lateral Deployment,,CAD,CA,2025-09-08 11:00:00,PAYROLL
EVT00112755,2025-09-06,EMP04659,CC0039,AS,2,Lateral Deployment,,CAD,CAN,2025-09-06 19:00:00,CORE_HR
EVT00112621,2025-09-09,EMP01839,CC0116,EN,4,Hire,145646.48,CAD,CA,2025-09-10 04:00:00,PAYROLL
EVT00112560,2025-09-07,EMP02243,CC0017,EX,1,Step Increment,150442.62,CAD,CA,2025-09-07 19:00:00,PAYROLL
EVT00113005,2025-09-11,EMP04310,CC0026,EX,1,Performance Pay,11282.78,CAD,CAN,2025-09-11 09:00:00,CORE_HR
EVT00111875,2025-09-14,EMP04909,CC0104,CR,3,Performance Pay,4204.86,CAD,CAN,2025-09-15 00:00:00,CORE_HR
EVT00111726,2025-09-20,EMP04843,CC0008,CR,1,Leave Return,,CAD,CAN,2025-09-21 07:00:00,CORE_HR
EVT00112107,2025-09-17,EMP02769,CC0057,FI,2,Leave Start,,CAD,CA,2025-09-19 04:00:00,PAYROLL
EVT00113104,2025-09-12,EMP01982,CC0119,CR,1,Step Increment,52702.47,CAD,CA,2025-09-13 07:00:00,PAYROLL
EVT00113387,2025-09-03,EMP01274,CC0092,PA,4,Departure,,CAD,CA,2025-09-04 09:00:00,PAYROLL
EVT00112737,2025-09-19,EMP00048,CC0019,EX,1,Step Increment,159864.54,CAD,CA,2025-09-20 14:00:00,PAYROLL
EVT00112618,2025-09-11,EMP02928,CC0056,AS,4,Step Increment,82294.8,CAD,CA,2025-09-11 21:00:00,PAYROLL
EVT00113355,2025-09-21,EMP00408,CC0025,PA,4,Step Increment,103599.21,CAD,CAN,2025-09-22 00:00:00,CORE_HR
EVT00112518,2025-09-16,EMP04543,CC0118,CR,1,Step Increment,60012.45,CAD,CAN,2025-09-16 23:00:00,CORE_HR
EVT00111876,2025-09-01,EMP03535,CC0049,PA,3,Lateral Deployment,,EUR,FRA,2025-09-01 14:00:00,CORE_HR
EVT00111616,2025-09-22,EMP04950,CC0056,PA,2,Step Increment,71539.65,CAD,CAN,2025-09-22 14:00:00,CORE_HR
EVT00112322,2025-09-07,EMP04292,CC0115,EX,1,Lateral Deployment,,CAD,CAN,2025-09-08 00:00:00,CORE_HR
EVT00112388,2025-09-07,EMP03506,CC0050,CR,3,Step Increment,69649.54,CAD,CA,2025-09-08 15:00:00,PAYROLL
EVT00112522,2025-09-18,EMP02721,CC0085,FI,1,Step Increment,57347.2,CAD,CAN,2025-09-18 18:00:00,CORE_HR
EVT00111660,2025-09-03,EMP01741,CC0034,PA,1,Lateral Deployment,,CAD,CAN,2025-09-04 12:00:00,CORE_HR
EVT00111593,2025-09-06,EMP03499,CC0044,CR,2,Leave Start,,CAD,CA,2025-09-07 13:00:00,PAYROLL
EVT00113064,2025-09-26,EMP02174,CC0117,EN,2,Departure,,CAD,CA,2025-09-26 08:00:00,PAYROLL
EVT00113089,2025-09-27,EMP01710,CC0010,EN,3,Departure,,CAD,CAN,2025-09-27 12:00:00,CORE_HR
EVT00113216,2025-09-08,EMP04765,CC0043,PA,2,Leave Start,,CAD,CAN,2025-09-09 10:00:00,CORE_HR
EVT00112331,2025-09-23,EMP00511,CC0036,EC,3,Step Increment,99250.87,CAD,CAN,2025-09-23 17:00:00,CORE_HR
EVT00113063,2025-09-09,EMP00674,CC0026,EC,5,Step Increment,129054.05,CAD,CAN,2025-09-09 15:00:00,CORE_HR
EVT00112581,2025-09-11,EMP00196,CC0060,IT,5,Hire,133411.73,CAD,CA,2025-09-11 11:00:00,PAYROLL
EVT00113301,2025-09-24,EMP02156,CC0043,AS,2,Leave Return,,CAD,CA,2025-09-24 17:00:00,PAYROLL
EVT00113358,2025-09-22,EMP03331,CC0064,EN,4,Lateral Deployment,,CAD,CA,2025-09-25 18:00:00,PAYROLL
EVT00111898,2025-09-17,EMP02229,CC0013,CR,1,Leave Start,,CAD,CAN,2025-09-18 07:00:00,CORE_HR
EVT00112051,2025-09-06,EMP05070,CC0055,CR,4,Performance Pay,6696.68,CAD,CA,2025-09-07 03:00:00,PAYROLL
EVT00113539,2025-09-11,EMP01241,CC0049,PA,4,Leave Return,,MXN,MEX,2025-09-11 19:00:00,CORE_HR
EVT00112203,2025-09-02,EMP02202,CC0034,AS,4,Hire,86498.03,CAD,CAN,2025-09-03 14:00:00,CORE_HR
EVT00112267,2025-09-24,EMP00596,CC0097,EN,2,Leave Return,,CAD,CAN,2025-09-24 20:00:00,CORE_HR
EVT00112569,2025-09-02,EMP05152,CC0028,PA,2,Hire,80434.88,CAD,CAN,2025-09-02 17:00:00,CORE_HR
EVT00113253,2025-09-22,EMP05081,CC0092,IT,2,Step Increment,96191.66,CAD,CA,2025-09-22 12:00:00,PAYROLL
EVT00112293,2025-09-13,EMP04229,CC0113,IT,5,Performance Pay,13150.23,CAD,CA,2025-09-14 15:00:00,PAYROLL
EVT00112075,2025-09-23,EMP03263,CC0015,IT,1,Step Increment,84599.29,CAD,CAN,2025-09-24 11:00:00,CORE_HR
EVT00112045,2025-09-07,EMP03089,CC0031,EN,4,Step Increment,336211.55,AED,AE,2025-09-07 21:00:00,PAYROLL
EVT00113397,2025-09-26,EMP02549,CC0093,IT,1,Promotion,89504.64,CAD,CA,2025-09-27 09:00:00,PAYROLL
EVT00111739,2025-09-23,EMP01027,CC0044,AS,4,Departure,,CAD,CAN,2025-09-23 22:00:00,CORE_HR
EVT00113475,2025-09-13,EMP03062,CC0070,CR,1,Departure,,CAD,CA,2025-09-13 10:00:00,PAYROLL
EVT00113142,2025-09-04,EMP02519,CC0025,PA,4,Performance Pay,11643.22,CAD,CAN,2025-09-05 13:00:00,CORE_HR
EVT00112266,2025-09-17,EMP00275,CC0090,EX,2,Performance Pay,6848.8,CAD,CAN,2025-09-18 00:00:00,CORE_HR
EVT00113196,2025-09-01,EMP02928,CC0056,AS,4,Step Increment,91178.22,CAD,CAN,2025-09-02 13:00:00,CORE_HR
EVT00111729,2025-09-03,EMP03699,CC0017,AS,1,Performance Pay,2699.52,CAD,CAN,2025-09-03 10:00:00,CORE_HR
EVT00112403,2025-09-27,EMP01595,CC0084,CR,3,Hire,76107.89,CAD,CA,2025-09-27 14:00:00,PAYROLL
EVT00113414,2025-09-12,EMP01633,CC0115,EC,2,Leave Start,,CAD,CAN,2025-09-12 09:00:00,CORE_HR
EVT00113011,2025-09-03,EMP01380,CC0019,PA,2,Leave Start,,CAD,CAN,2025-09-04 02:00:00,CORE_HR
EVT00111697,2025-09-21,EMP04566,CC0045,FI,3,Lateral Deployment,,CAD,CA,2025-09-21 22:00:00,PAYROLL
EVT00111879,2025-09-13,EMP00640,CC0024,AS,2,Departure,,CAD,CAN,2025-09-14 09:00:00,CORE_HR
EVT00113565,2025-09-16,EMP02630,CC0010,AS,2,Promotion,63942.0,CAD,CAN,2025-09-16 18:00:00,CORE_HR
EVT00112671,2025-09-15,EMP04584,CC0064,FI,2,Step Increment,91593.56,CAD,CAN,2025-09-15 19:00:00,CORE_HR
EVT00113028,2025-09-15,EMP04553,CC0006,AS,2,Step Increment,73691.01,CAD,CA,2025-09-15 06:00:00,PAYROLL
EVT00111545,2025-09-17,EMP02054,CC0010,FI,3,Lateral Deployment,,CAD,CA,2025-09-18 13:00:00,PAYROLL
EVT00112765,2025-09-27,EMP02245,CC0049,PA,5,Step Increment,399141.34,BRL,BR,2025-09-28 03:00:00,PAYROLL
EVT00112400,2025-09-15,EMP02460,CC0068,PA,3,Step Increment,82745.93,CAD,CAN,2025-09-15 17:00:00,CORE_HR
EVT00112473,2025-09-26,EMP01180,CC0063,EX,1,Step Increment,160588.84,CAD,CAN,2025-09-28 05:00:00,CORE_HR
EVT00112876,2025-09-04,EMP00511,CC0036,EC,3,Step Increment,112712.29,CAD,CAN,2025-09-05 09:00:00,CORE_HR
EVT00112812,2025-09-17,EMP00408,CC0025,PA,4,Step Increment,90398.58,CAD,CAN,2025-09-17 08:00:00,CORE_HR
EVT00113366,2025-09-24,EMP03388,CC0083,EC,1,Leave Start,,CAD,CAN,2025-09-24 21:00:00,CORE_HR
EVT00112869,2025-09-23,EMP05055,CC0086,CR,5,Promotion,5075128.38,INR,IN,2025-09-23 14:00:00,PAYROLL
EVT00112214,2025-09-20,EMP04661,CC0032,PA,1,Performance Pay,7662.02,CAD,CAN,2025-09-21 11:00:00,CORE_HR
EVT00111846,2025-09-09,EMP04317,CC0081,EC,5,Leave Return,,CAD,CAN,2025-09-10 06:00:00,CORE_HR
EVT00112035,2025-09-26,EMP01288,CC0019,EN,2,Lateral Deployment,,CAD,CA,2025-09-26 15:00:00,PAYROLL
EVT00113050,2025-09-20,EMP04083,CC0111,PA,2,Performance Pay,3086.41,EUR,FRA,2025-09-20 21:00:00,CORE_HR
EVT00113129,2025-09-24,EMP04464,CC0015,PA,4,Step Increment,97710.53,CAD,CAN,2025-09-24 16:00:00,CORE_HR
EVT00112638,2025-09-14,EMP00188,CC0009,AS,3,Step Increment,59545.9,SGD,SG,2025-09-15 11:00:00,PAYROLL
EVT00112702,2025-09-08,EMP03330,CC0067,CR,1,Step Increment,55165.45,CAD,CA,2025-09-09 05:00:00,PAYROLL
EVT00111940,2025-09-02,EMP02918,CC0069,PA,3,Step Increment,93266.13,CAD,CAN,2025-09-03 00:00:00,CORE_HR
EVT00112956,2025-09-22,EMP05127,CC0023,FI,4,Step Increment,131444.57,CAD,CA,2025-09-23 06:00:00,PAYROLL
EVT00113401,2025-09-26,EMP04630,CC0119,AS,3,Hire,65049.78,CAD,CA,2025-09-27 10:00:00,PAYROLL
EVT00113017,2025-09-14,EMP00048,CC0019,EX,1,Step Increment,105998.39,CAD,CA,2025-09-14 23:00:00,PAYROLL
EVT00111778,2025-09-20,EMP04089,CC0062,CR,3,Step Increment,69240.33,CAD,CA,2025-09-21 12:00:00,PAYROLL
EVT00112021,2025-09-14,EMP00928,CC0092,PA,5,Step Increment,97392.01,CAD,CA,2025-09-14 12:00:00,PAYROLL
EVT00113018,2025-09-14,EMP01530,CC0052,PA,1,Step Increment,68041.4,CAD,CAN,2025-09-15 05:00:00,CORE_HR
EVT00111865,2025-09-11,EMP00413,CC0041,FI,2,Leave Return,,CAD,CA,2025-09-11 13:00:00,PAYROLL
EVT00112262,2025-09-27,EMP04241,CC0012,FI,2,Lateral Deployment,,CAD,CAN,2025-09-28 09:00:00,CORE_HR
EVT00111784,2025-09-14,EMP01286,CC0115,PA,3,Performance Pay,6724.41,CAD,CA,2025-09-15 12:00:00,PAYROLL
EVT00113553,2025-09-16,EMP03390,CC0063,EN,1,Step Increment,87048.22,CAD,CA,2025-09-17 06:00:00,PAYROLL
EVT00112588,2025-09-25,EMP00808,CC0016,AS,2,Hire,67244.21,CAD,CA,2025-09-25 21:00:00,PAYROLL
EVT00112871,2025-09-04,EMP01953,CC0056,AS,4,Performance Pay,5384.08,CAD,CAN,2025-09-04 20:00:00,CORE_HR
EVT00113237,2025-09-03,EMP01029,CC0089,CR,3,Step Increment,72224.57,CAD,CA,2025-09-03 11:00:00,PAYROLL
EVT00111586,2025-09-16,EMP00082,CC0061,FI,3,Step Increment,97693.67,CAD,CAN,2025-09-17 04:00:00,CORE_HR
EVT00112857,2025-09-05,EMP03540,CC0059,EC,1,Step Increment,86943.77,CAD,CAN,2025-09-05 22:00:00,CORE_HR
EVT00111841,2025-09-19,EMP05138,CC0013,IT,3,Step Increment,109258.15,CAD,CAN,2025-09-20 11:00:00,CORE_HR
EVT00112517,2025-09-23,EMP04648,CC0084,FI,4,Step Increment,114614.94,CAD,CAN,2025-09-23 13:00:00,CORE_HR
EVT00112987,2025-09-16,EMP01455,CC0116,AS,5,Performance Pay,9127.43,CAD,CA,2025-09-17 13:00:00,PAYROLL
EVT00111801,2025-09-15,EMP02828,CC0017,EN,2,Step Increment,108179.35,CAD,CA,2025-09-16 08:00:00,PAYROLL
EVT00112884,2025-09-14,EMP01234,CC0077,CR,5,Leave Return,,CAD,CA,2025-09-14 16:00:00,PAYROLL
EVT00112988,2025-09-16,EMP02280,CC0052,FI,2,Step Increment,92079.66,CAD,CAN,2025-09-16 20:00:00,CORE_HR
EVT00112406,2025-09-06,EMP02981,CC0023,FI,3,Step Increment,126443.34,CAD,CA,2025-09-06 15:00:00,PAYROLL
EVT00112886,2025-09-14,EMP04238,CC0081,CR,1,Leave Return,,CAD,CAN,2025-09-15 08:00:00,CORE_HR
EVT00112020,2025-09-24,EMP03719,CC0028,EX,1,Leave Start,,CAD,CAN,2025-09-25 11:00:00,CORE_HR
EVT00112161,2025-09-08,EMP02970,CC0047,AS,2,Step Increment,79037.85,CAD,CA,2025-09-09 01:00:00,PAYROLL
EVT00112927,2025-09-23,EMP02559,CC0104,EX,1,Step Increment,146664.72,CAD,CA,2025-09-23 18:00:00,PAYROLL
EVT00112703,2025-09-19,EMP04873,CC0075,PA,2,Step Increment,62179.5,CAD,CAN,2025-09-19 16:00:00,CORE_HR
EVT00111842,2025-09-02,EMP00301,CC0013,PA,2,Performance Pay,6073.8,CAD,CAN,2025-09-03 06:00:00,CORE_HR
EVT00113588,2025-09-07,EMP00494,CC0113,EN,4,Lateral Deployment,,CAD,CA,2025-09-08 04:00:00,PAYROLL
EVT00112634,2025-09-17,EMP03535,CC0049,PA,3,Leave Start,,USD,US,2025-09-18 06:00:00,PAYROLL
EVT00111895,2025-09-12,EMP02620,CC0015,PA,2,Step Increment,72762.03,CAD,CAN,2025-09-13 07:00:00,CORE_HR
EVT00113357,2025-09-27,EMP03021,CC0016,FI,1,Step Increment,100561.53,CAD,CAN,2025-09-27 11:00:00,CORE_HR
EVT00112438,2025-09-16,EMP01308,CC0013,EC,1,Performance Pay,10552.26,CAD,CA,2025-09-16 20:00:00,PAYROLL
EVT00112699,2025-09-26,EMP04197,CC0118,FI,2,Step Increment,87628.58,CAD,CAN,2025-09-26 08:00:00,CORE_HR
EVT00112200,2025-09-14,EMP04366,CC0063,EC,1,Step Increment,76785.18,CAD,CA,2025-09-14 23:00:00,PAYROLL
EVT00112303,2025-09-25,EMP02789,CC0006,PA,4,Lateral Deployment,,CAD,CAN,2025-09-26 15:00:00,CORE_HR
EVT00112619,2025-09-19,EMP03501,CC0070,EC,4,Lateral Deployment,,CAD,CA,2025-09-20 08:00:00,PAYROLL
EVT00112605,2025-09-09,EMP00606,CC0027,PA,1,Step Increment,50029.0,CAD,CA,2025-09-10 12:00:00,PAYROLL
EVT00112855,2025-09-14,EMP04417,CC0077,AS,3,Departure,,CAD,CA,2025-09-14 16:00:00,PAYROLL
EVT00113117,2025-09-04,EMP04637,CC0080,PA,1,Leave Start,,AUD,AU,2025-09-05 00:00:00,PAYROLL
EVT00112489,2025-09-21,EMP05170,CC0096,CR,1,Step Increment,52309.25,CAD,CAN,2025-09-21 20:00:00,CORE_HR
EVT00111652,2025-09-05,EMP00439,CC0037,IT,5,Step Increment,153952.55,CAD,CAN,2025-09-05 11:00:00,CORE_HR
EVT00113342,2025-09-01,EMP03179,CC0049,AS,5,Step Increment,5464088.69,INR,IN,2025-09-02 13:00:00,PAYROLL
EVT00112217,2025-09-14,EMP01502,CC0041,AS,3,Departure,,CAD,CAN,2025-09-14 20:00:00,CORE_HR
EVT00112187,2025-09-26,EMP04148,CC0098,FI,5,Leave Return,,CAD,CAN,2025-09-26 14:00:00,CORE_HR
EVT00113236,2025-09-25,EMP05039,CC0041,PA,3,Performance Pay,6930.33,CAD,CA,2025-09-25 18:00:00,PAYROLL
EVT00113202,2025-09-15,EMP01874,CC0079,PA,4,Lateral Deployment,,CAD,CAN,2025-09-16 00:00:00,CORE_HR
EVT00111988,2025-09-18,EMP02296,CC0045,FI,3,Leave Return,,CAD,CA,2025-09-18 15:00:00,PAYROLL
EVT00112460,2025-09-18,EMP02530,CC0030,PA,1,Leave Return,,BRL,BR,2025-09-18 20:00:00,PAYROLL
EVT00113354,2025-09-08,EMP03297,CC0012,PA,2,Leave Start,,CAD,CA,2025-09-08 12:00:00,PAYROLL
EVT00113464,2025-09-09,EMP04158,CC0038,EN,4,Step Increment,132225.49,CAD,CA,2025-09-09 14:00:00,PAYROLL
EVT00112041,2025-09-07,EMP00341,CC0008,AS,5,Departure,,CAD,CA,2025-09-08 03:00:00,PAYROLL
EVT00112736,2025-09-07,EMP01249,CC0095,EX,1,Performance Pay,9147.5,CAD,CA,2025-09-07 17:00:00,PAYROLL
EVT00113141,2025-09-13,EMP02866,CC0032,PA,2,Leave Return,,CAD,CA,2025-09-13 13:00:00,PAYROLL
EVT00111994,2025-09-17,EMP04660,CC0011,CR,3,Promotion,76088.53,CAD,CAN,2025-09-18 11:00:00,CORE_HR
EVT00112100,2025-09-23,EMP00193,CC0110,EN,2,Performance Pay,9296.69,CAD,CA,2025-09-23 18:00:00,PAYROLL
EVT00111869,2025-09-12,EMP03084,CC0072,AS,3,Step Increment,83759.44,CAD,CA,2025-09-13 05:00:00,PAYROLL
EVT00112297,2025-09-01,EMP01813,CC0072,EC,3,Lateral Deployment,,CAD,CA,2025-09-02 13:00:00,PAYROLL
EVT00113333,2025-09-14,EMP01451,CC0012,PA,1,Step Increment,68567.81,CAD,CA,2025-09-14 20:00:00,PAYROLL
EVT00113440,2025-09-08,EMP01456,CC0044,CR,1,Step Increment,53156.97,CAD,CA,2025-09-08 18:00:00,PAYROLL
EVT00111608,2025-09-15,EMP03079,CC0099,FI,4,Hire,113888.4,CAD,CA,2025-09-16 15:00:00,PAYROLL
EVT00113003,2025-09-25,EMP01998,CC0081,EX,1,Promotion,143347.72,CAD,CA,2025-09-26 12:00:00,PAYROLL
EVT00112612,2025-09-13,EMP04065,CC0102,PA,4,Leave Return,,CAD,CAN,2025-09-14 01:00:00,CORE_HR
EVT00112788,2025-09-08,EMP00223,CC0068,IT,2,Performance Pay,7820.74,CAD,CAN,2025-09-09 12:00:00,CORE_HR
EVT00113241,2025-09-17,EMP04907,CC0023,EX,1,Leave Start,,CAD,CA,2025-09-18 06:00:00,PAYROLL
EVT00112211,2025-09-09,EMP02042,CC0015,EN,2,Step Increment,100148.39,CAD,CAN,2025-09-09 22:00:00,CORE_HR
EVT00112687,2025-09-05,EMP03628,CC0027,EX,2,Performance Pay,15405.02,CAD,CA,2025-09-06 05:00:00,PAYROLL
EVT00113541,2025-09-21,EMP03228,CC0061,IT,1,Leave Return,,CAD,CAN,2025-09-21 12:00:00,CORE_HR
EVT00112633,2025-09-24,EMP05043,CC0050,PA,1,Step Increment,62041.0,CAD,CAN,2025-09-24 17:00:00,CORE_HR
EVT00113573,2025-09-09,EMP03956,CC0042,CR,1,Promotion,52125.68,CAD,CA,2025-09-09 20:00:00,PAYROLL
EVT00111819,2025-09-14,EMP04607,CC0003,EN,4,Step Increment,134029.18,CAD,CAN,2025-09-14 07:00:00,CORE_HR
EVT00112933,2025-09-02,EMP04364,CC0016,FI,2,Step Increment,92351.59,CAD,CA,2025-09-02 17:00:00,PAYROLL
EVT00112719,2025-09-05,EMP01824,CC0001,PA,1,Performance Pay,9325.85,CAD,CA,2025-09-05 07:00:00,PAYROLL
EVT00113152,2025-09-24,EMP01738,CC0082,PA,2,Hire,75952.49,CAD,CA,2025-09-24 07:00:00,PAYROLL
EVT00113177,2025-09-21,EMP03115,CC0064,CR,3,Lateral Deployment,,CAD,CA,2025-09-22 14:00:00,PAYROLL
EVT00112559,2025-09-26,EMP04557,CC0102,PA,4,Step Increment,97295.64,CAD,CAN,2025-09-26 15:00:00,CORE_HR
EVT00113172,2025-09-25,EMP00009,CC0118,IT,2,Leave Start,,CAD,CAN,2025-09-25 20:00:00,CORE_HR
EVT00111956,2025-09-04,EMP04467,CC0093,IT,1,Leave Start,,CAD,CAN,2025-09-05 00:00:00,CORE_HR
EVT00113340,2025-09-07,EMP02160,CC0089,PA,1,Lateral Deployment,,CAD,CAN,2025-09-07 17:00:00,CORE_HR
EVT00111965,2025-09-04,EMP03778,CC0060,AS,1,Leave Start,,CAD,CA,2025-09-05 08:00:00,PAYROLL
EVT00112530,2025-09-04,EMP03988,CC0030,AS,2,Step Increment,207088.69,AED,ARE,2025-09-05 14:00:00,CORE_HR
EVT00113322,2025-09-16,EMP03033,CC0057,IT,5,Leave Start,,CAD,CAN,2025-09-17 04:00:00,CORE_HR
EVT00113001,2025-09-21,EMP05037,CC0025,PA,2,Lateral Deployment,,CAD,CA,2025-09-21 18:00:00,PAYROLL
EVT00111627,2025-09-12,EMP03561,CC0116,PA,3,Leave Start,,CAD,CAN,2025-09-12 19:00:00,CORE_HR
EVT00112877,2025-09-20,EMP01696,CC0054,PA,3,Step Increment,50936.29,GBP,GB,2025-09-20 10:00:00,PAYROLL
EVT00113234,2025-09-14,EMP00127,CC0047,PA,1,Departure,,CAD,CAN,2025-09-14 12:00:00,CORE_HR
EVT00112292,2025-09-20,EMP01385,CC0011,FI,2,Leave Return,,CAD,CA,2025-09-20 16:00:00,PAYROLL
EVT00111792,2025-09-21,EMP03923,CC0118,PA,4,Performance Pay,10870.88,CAD,CA,2025-09-22 11:00:00,PAYROLL
EVT00112535,2025-09-22,EMP04115,CC0099,IT,5,Leave Return,,CAD,CA,2025-09-23 12:00:00,PAYROLL
EVT00112149,2025-09-01,EMP05037,CC0025,PA,2,Leave Return,,CAD,CA,2025-09-02 08:00:00,PAYROLL
EVT00112077,2025-09-02,EMP03805,CC0024,PA,1,Lateral Deployment,,CAD,CAN,2025-09-02 21:00:00,CORE_HR
EVT00113390,2025-09-04,EMP04626,CC0115,PA,1,Performance Pay,7863.32,CAD,CA,2025-09-04 07:00:00,PAYROLL
EVT00112615,2025-09-12,EMP04238,CC0081,CR,1,Step Increment,58722.01,CAD,CA,2025-09-12 23:00:00,PAYROLL
EVT00112883,2025-09-05,EMP00863,CC0097,CR,1,Step Increment,61117.31,CAD,CAN,2025-09-06 08:00:00,CORE_HR
EVT00113520,2025-09-06,EMP01635,CC0113,IT,2,Lateral Deployment,,CAD,CAN,2025-09-07 14:00:00,CORE_HR
EVT00113334,2025-09-23,EMP03792,CC0037,EC,4,Promotion,112938.27,CAD,CAN,2025-09-24 02:00:00,CORE_HR
EVT00111769,2025-09-17,EMP01385,CC0011,FI,2,Step Increment,84442.03,CAD,CAN,2025-09-17 08:00:00,CORE_HR
EVT00111894,2025-09-11,EMP03437,CC0008,AS,3,Step Increment,82878.66,CAD,CA,2025-09-12 05:00:00,PAYROLL
EVT00112276,2025-09-17,EMP03662,CC0058,CR,1,Leave Start,,CAD,CAN,2025-09-18 11:00:00,CORE_HR
EVT00112660,2025-09-19,EMP02518,CC0086,PA,1,Leave Start,,GBP,GB,2025-09-20 08:00:00,PAYROLL
EVT00111692,2025-09-18,EMP01502,CC0041,AS,3,Lateral Deployment,,CAD,CA,2025-09-19 13:00:00,PAYROLL
EVT00112228,2025-09-02,EMP03490,CC0026,FI,1,Leave Return,,CAD,CAN,2025-09-02 12:00:00,CORE_HR
EVT00112786,2025-09-05,EMP00490,CC0070,PA,2,Leave Start,,CAD,CA,2025-09-06 14:00:00,PAYROLL
EVT00111999,2025-09-13,EMP03850,CC0024,PA,3,Leave Start,,CAD,CAN,2025-09-13 19:00:00,CORE_HR
EVT00111704,2025-09-08,EMP01231,CC0036,EX,1,Promotion,145064.95,CAD,CAN,2025-09-08 06:00:00,CORE_HR
EVT00113218,2025-09-16,EMP04735,CC0079,IT,2,Step Increment,93934.88,CAD,CAN,2025-09-16 07:00:00,CORE_HR
EVT00113451,2025-09-04,EMP02214,CC0020,EN,3,Step Increment,121582.27,CAD,CA,2025-09-05 11:00:00,PAYROLL
EVT00112188,2025-09-26,EMP03344,CC0036,IT,3,Departure,,CAD,CA,2025-09-27 13:00:00,PAYROLL
EVT00113360,2025-09-08,EMP00532,CC0116,EC,3,Leave Start,,CAD,CAN,2025-09-08 18:00:00,CORE_HR
EVT00112441,2025-09-27,EMP01354,CC0017,EN,1,Performance Pay,8257.01,CAD,CAN,2025-09-27 14:00:00,CORE_HR
EVT00112656,2025-09-09,EMP01754,CC0007,EX,2,Hire,466501.54,AED,ARE,2025-09-09 17:00:00,CORE_HR
EVT00113080,2025-09-24,EMP01517,CC0052,FI,1,Performance Pay,3369.17,CAD,CAN,2025-09-24 23:00:00,CORE_HR
EVT00113312,2025-09-03,EMP03145,CC0028,EC,1,Step Increment,88265.41,CAD,CA,2025-09-04 04:00:00,PAYROLL
EVT00112742,2025-09-03,EMP02988,CC0038,AS,5,Performance Pay,6791.78,CAD,CA,2025-09-04 06:00:00,PAYROLL
EVT00112729,2025-09-10,EMP04721,CC0025,FI,5,Leave Return,,CAD,CAN,2025-09-11 08:00:00,CORE_HR
EVT00113275,2025-09-21,EMP05085,CC0048,AS,2,Step Increment,67144.53,CAD,CAN,2025-09-21 13:00:00,CORE_HR
EVT00113165,2025-09-25,EMP01313,CC0069,IT,1,Leave Return,,CAD,CAN,2025-09-26 09:00:00,CORE_HR
EVT00112457,2025-09-19,EMP00390,CC0066,EN,2,Step Increment,105187.71,CAD,CAN,2025-09-20 01:00:00,CORE_HR
EVT00111840,2025-09-03,EMP03448,CC0120,IT,3,Performance Pay,11607.46,CAD,CAN,2025-09-03 18:00:00,CORE_HR
EVT00113597,2025-09-09,EMP03649,CC0044,IT,2,Step Increment,105506.36,CAD,CAN,2025-09-10 14:00:00,CORE_HR
EVT00111993,2025-09-04,EMP02758,CC0029,AS,4,Step Increment,9302795.01,JPY,JPN,2025-09-05 10:00:00,CORE_HR
EVT00112231,2025-09-10,EMP04263,CC0062,PA,3,Leave Start,,CAD,CAN,2025-09-10 20:00:00,CORE_HR
EVT00112273,2025-09-09,EMP02617,CC0017,IT,2,Leave Return,,CAD,CA,2025-09-09 19:00:00,PAYROLL
EVT00112989,2025-09-22,EMP04979,CC0048,IT,2,Lateral Deployment,,CAD,CAN,2025-09-23 12:00:00,CORE_HR
EVT00112753,2025-09-25,EMP00903,CC0093,IT,4,Promotion,139579.63,CAD,CA,2025-09-26 09:00:00,PAYROLL
EVT00111586,2025-09-16,EMP00082,CC0061,FI,3,Step Increment,97693.67,CAD,CAN,2025-09-18 01:00:00,CORE_HR
EVT00111890,2025-09-24,EMP04623,CC0066,PA,4,Lateral Deployment,,CAD,CA,2025-09-24 16:00:00,PAYROLL
EVT00112686,2025-09-21,EMP02285,CC0109,CR,3,Step Increment,68123.75,CAD,CAN,2025-09-22 01:00:00,CORE_HR
EVT00112135,2025-09-09,EMP02821,CC0083,EX,1,Leave Start,,CAD,CA,2025-09-09 17:00:00,PAYROLL
EVT00111744,2025-09-10,EMP04007,CC0027,IT,3,Step Increment,106729.8,CAD,CAN,2025-09-10 20:00:00,CORE_HR
EVT00111695,2025-09-05,EMP04470,CC0017,FI,4,Step Increment,119874.11,CAD,CAN,2025-09-06 11:00:00,CORE_HR
EVT00113000,2025-09-16,EMP04258,CC0054,EC,1,Leave Return,,GBP,GBR,2025-09-16 20:00:00,CORE_HR
EVT00113595,2025-09-04,EMP03122,CC0058,EN,2,Performance Pay,14377.31,CAD,CA,2025-09-04 18:00:00,PAYROLL
EVT00113200,2025-09-25,EMP03273,CC0120,EN,3,Step Increment,116457.16,CAD,CAN,2025-09-25 21:00:00,CORE_HR
EVT00112725,2025-09-23,EMP03583,CC0011,FI,3,Step Increment,85955.7,CAD,CAN,2025-09-24 09:00:00,CORE_HR
EVT00111850,2025-09-01,EMP02679,CC0063,EX,1,Step Increment,146932.37,CAD,CA,2025-09-01 15:00:00,PAYROLL
EVT00111588,2025-09-09,EMP02916,CC0023,CR,2,Hire,80296.43,CAD,CAN,2025-09-10 10:00:00,CORE_HR
EVT00113066,2025-09-19,EMP04653,CC0103,PA,4,Step Increment,81340.57,CAD,CAN,2025-09-19 20:00:00,CORE_HR
EVT00111670,2025-09-12,EMP03903,CC0034,FI,4,Leave Start,,CAD,CAN,2025-09-12 20:00:00,CORE_HR
EVT00113423,2025-09-06,EMP01406,CC0073,PA,3,Performance Pay,9794.43,CAD,CAN,2025-09-07 01:00:00,CORE_HR
EVT00112112,2025-09-20,EMP02815,CC0067,FI,2,Step Increment,87471.15,CAD,CA,2025-09-20 22:00:00,PAYROLL
EVT00111906,2025-09-15,EMP05148,CC0049,IT,1,Step Increment,298962.4,BRL,BRA,2025-09-16 14:00:00,CORE_HR
EVT00113461,2025-09-01,EMP00487,CC0081,EN,3,Departure,,CAD,CAN,2025-09-01 21:00:00,CORE_HR
EVT00113576,2025-09-23,EMP03866,CC0096,AS,2,Leave Return,,CAD,CA,2025-09-23 19:00:00,PAYROLL
EVT00111613,2025-09-11,EMP02239,CC0076,IT,2,Lateral Deployment,,CAD,CAN,2025-09-12 09:00:00,CORE_HR
EVT00112031,2025-09-11,EMP02338,CC0011,PA,1,Step Increment,65842.05,CAD,CAN,2025-09-11 19:00:00,CORE_HR
EVT00112339,2025-09-26,EMP02161,CC0080,PA,5,Step Increment,1790482.44,MXN,MEX,2025-09-27 00:00:00,CORE_HR
EVT00112005,2025-09-04,EMP00564,CC0078,EX,1,Performance Pay,10589.17,CAD,CAN,2025-09-04 08:00:00,CORE_HR
EVT00111950,2025-09-03,EMP02516,CC0016,EX,1,Promotion,131549.06,CAD,CAN,2025-09-03 16:00:00,CORE_HR
EVT00112181,2025-09-22,EMP03533,CC0062,IT,4,Step Increment,122996.01,CAD,CAN,2025-09-22 22:00:00,CORE_HR
EVT00113292,2025-09-16,EMP03229,CC0035,PA,1,Step Increment,57304.98,CAD,CAN,2025-09-17 04:00:00,CORE_HR
EVT00112893,2025-09-05,EMP01418,CC0061,PA,1,Leave Return,,CAD,CAN,2025-09-06 07:00:00,CORE_HR
EVT00112436,2025-09-06,EMP01179,CC0096,EN,1,Leave Return,,CAD,CA,2025-09-06 19:00:00,PAYROLL
EVT00113351,2025-09-12,EMP00210,CC0078,IT,2,Leave Return,,CAD,CAN,2025-09-12 11:00:00,CORE_HR
EVT00111671,2025-09-24,EMP03519,CC0118,IT,3,Step Increment,106703.78,CAD,CAN,2025-09-24 08:00:00,CORE_HR
EVT00113064,2025-09-26,EMP02174,CC0117,EN,2,Departure,,CAD,CA,2025-09-29 06:00:00,PAYROLL
EVT00113565,2025-09-16,EMP02630,CC0010,AS,2,Promotion,63942.0,CAD,CAN,2025-09-18 16:00:00,CORE_HR
EVT00112354,2025-09-06,EMP00327,CC0027,EN,1,Leave Start,,CAD,CAN,2025-09-07 00:00:00,CORE_HR
EVT00112123,2025-09-07,EMP03348,CC0041,AS,2,Performance Pay,5088.92,CAD,CA,2025-09-08 05:00:00,PAYROLL
EVT00111677,2025-09-12,EMP02402,CC0109,CR,5,Hire,86880.63,CAD,CAN,2025-09-13 10:00:00,CORE_HR
EVT00112213,2025-09-25,EMP01186,CC0073,PA,3,Step Increment,88745.1,CAD,CAN,2025-09-26 00:00:00,CORE_HR
EVT00112506,2025-09-24,EMP00949,CC0016,EC,2,Promotion,99203.78,CAD,CA,2025-09-25 12:00:00,PAYROLL
EVT00113473,2025-09-06,EMP04286,CC0028,IT,1,Lateral Deployment,,CAD,CAN,2025-09-07 03:00:00,CORE_HR
EVT00111767,2025-09-15,EMP03161,CC0116,CR,2,Step Increment,45671.32,CAD,CAN,2025-09-15 23:00:00,CORE_HR
EVT00111628,2025-09-20,EMP03350,CC0053,PA,5,Promotion,112842.71,CAD,CAN,2025-09-20 18:00:00,CORE_HR
EVT00112802,2025-09-05,EMP04430,CC0087,EN,4,Step Increment,145276.05,CAD,CA,2025-09-05 21:00:00,PAYROLL
EVT00113211,2025-09-08,EMP00302,CC0096,EN,3,Promotion,116525.91,CAD,CAN,2025-09-08 16:00:00,CORE_HR
EVT00111815,2025-09-24,EMP02778,CC0020,AS,3,Step Increment,81086.61,CAD,CAN,2025-09-24 06:00:00,CORE_HR
EVT00112720,2025-09-21,EMP01930,CC0041,IT,1,Hire,68567.79,CAD,CA,2025-09-22 01:00:00,PAYROLL
EVT00111932,2025-09-15,EMP02279,CC0093,EX,1,Departure,,CAD,CAN,2025-09-15 23:00:00,CORE_HR
EVT00113167,2025-09-01,EMP04651,CC0103,CR,3,Performance Pay,3519.26,CAD,CAN,2025-09-02 09:00:00,CORE_HR
EVT00112818,2025-09-24,EMP01269,CC0035,IT,3,Leave Start,,CAD,CAN,2025-09-24 10:00:00,CORE_HR
EVT00113102,2025-09-17,EMP01855,CC0092,PA,3,Leave Return,,CAD,CA,2025-09-17 13:00:00,PAYROLL
EVT00112907,2025-09-11,EMP03802,CC0119,AS,2,Promotion,-72829.85,CAD,CA,2025-09-12 14:00:00,PAYROLL
EVT00112140,2025-09-04,EMP01289,CC0090,CR,3,Departure,,CAD,CAN,2025-09-04 12:00:00,CORE_HR
EVT00112454,2025-09-01,EMP01969,CC0110,PA,3,Step Increment,89130.83,CAD,CAN,2025-09-01 23:00:00,CORE_HR
EVT00111612,2025-09-20,EMP00952,CC0118,FI,2,Step Increment,97386.44,CAD,CA,2025-09-20 08:00:00,PAYROLL
EVT00111651,2025-09-13,EMP01823,CC0075,FI,1,Step Increment,76220.61,CAD,CA,2025-09-14 09:00:00,PAYROLL
EVT00112819,2025-09-14,EMP04840,CC0055,AS,1,Leave Return,,CAD,CAN,2025-09-14 06:00:00,CORE_HR
EVT00111900,2025-09-09,EMP02180,CC0073,PA,3,Step Increment,93791.03,CAD,CAN,2025-09-09 16:00:00,CORE_HR
EVT00112648,2025-09-22,EMP02407,CC0065,EC,4,Performance Pay,6445.85,USD,US,2025-09-22 17:00:00,PAYROLL
EVT00111581,2025-09-14,EMP04932,CC0047,PA,4,Leave Start,,CAD,CAN,2025-09-15 03:00:00,CORE_HR
EVT00113256,2025-09-25,EMP03720,CC0032,EN,4,Departure,,CAD,CA,2025-09-26 09:00:00,PAYROLL
EVT00111816,2025-09-03,EMP04961,CC0119,AS,3,Leave Return,,CAD,CA,2025-09-04 13:00:00,PAYROLL
EVT00111563,2025-09-20,EMP02070,CC0081,AS,3,Departure,,CAD,CAN,2025-09-20 12:00:00,CORE_HR
EVT00113261,2025-09-05,EMP02821,CC0083,EX,1,Promotion,155968.53,CAD,CAN,2025-09-05 16:00:00,CORE_HR
EVT00112555,2025-09-05,EMP04130,CC0058,EC,3,Step Increment,112990.11,CAD,CAN,2025-09-05 16:00:00,CORE_HR
EVT00111804,2025-09-14,EMP03650,CC0052,PA,1,Departure,,CAD,CAN,2025-09-15 00:00:00,CORE_HR
EVT00112743,2025-09-16,EMP01615,CC0056,FI,2,Leave Return,,CAD,CAN,2025-09-17 04:00:00,CORE_HR
EVT00112384,2025-09-26,EMP04441,CC0101,EC,2,Hire,91027.38,CAD,CAN,2025-09-26 11:00:00,CORE_HR
EVT00112754,2025-09-21,EMP03005,CC0028,IT,1,Performance Pay,11307.14,CAD,CAN,2025-09-21 08:00:00,CORE_HR
EVT00112549,2025-09-05,EMP03697,CC0006,PA,2,Step Increment,73175.58,CAD,CAN,2025-09-06 02:00:00,CORE_HR
EVT00112749,2025-09-23,EMP02874,CC0080,IT,1,Performance Pay,9699.04,EUR,DE,2025-09-23 08:00:00,PAYROLL
EVT00113179,2025-09-03,EMP00910,CC0098,FI,3,Step Increment,105149.12,CAD,CAN,2025-09-04 00:00:00,CORE_HR
EVT00111896,2025-09-02,EMP04449,CC0026,PA,2,Leave Start,,CAD,CAN,2025-09-02 10:00:00,CORE_HR
EVT00112751,2025-09-16,EMP03411,CC0099,EC,5,Step Increment,97644.38,CAD,CA,2025-09-17 11:00:00,PAYROLL
EVT00112033,2025-09-06,EMP05150,CC0020,IT,1,Step Increment,91286.21,CAD,CAN,2025-09-06 16:00:00,CORE_HR
EVT00111781,2025-09-12,EMP03784,CC0031,EC,2,Hire,275696.48,XXX,AE,2025-09-12 09:00:00,PAYROLL
EVT00111882,2025-09-14,EMP02894,CC0038,FI,1,Step Increment,98608.11,CAD,CAN,2025-09-15 13:00:00,CORE_HR
EVT00112626,2025-09-13,EMP03838,CC0096,CR,3,Step Increment,71380.9,CAD,CAN,2025-09-13 07:00:00,CORE_HR
EVT00111621,2025-09-21,EMP03911,CC0067,PA,2,Step Increment,78117.17,CAD,CAN,2025-09-22 08:00:00,CORE_HR
EVT00113006,2025-09-19,EMP00160,CC0075,PA,1,Lateral Deployment,,CAD,CAN,2025-09-19 15:00:00,CORE_HR
EVT00112126,2025-09-12,EMP01852,CC0093,CR,1,Leave Return,,CAD,CAN,2025-09-13 12:00:00,CORE_HR
EVT00112143,2025-09-05,EMP03305,CC0111,PA,5,Departure,,EUR,FR,2025-09-05 08:00:00,PAYROLL
EVT00113552,2025-09-05,EMP01984,CC0093,CR,3,Step Increment,67092.63,CAD,CAN,2025-09-05 23:00:00,CORE_HR
EVT00112421,2025-09-13,EMP02465,CC0094,EN,4,Leave Start,,CAD,CAN,2025-09-13 11:00:00,CORE_HR
EVT00113024,2025-09-06,EMP04006,CC0069,CR,4,Departure,,CAD,CA,2025-09-06 19:00:00,PAYROLL
EVT00112142,2025-09-04,EMP02554,CC0028,PA,4,Lateral Deployment,,CAD,CAN,2025-09-04 09:00:00,CORE_HR
EVT00111610,2025-09-04,EMP04402,CC0025,EX,1,Step Increment,142320.37,CAD,CAN,2025-09-04 20:00:00,CORE_HR
EVT00112735,2025-09-22,EMP02559,CC0104,EX,1,Performance Pay,7252.78,CAD,CA,2025-09-22 14:00:00,PAYROLL
EVT00112059,2025-09-20,EMP00023,CC0075,FI,2,Leave Start,,CAD,CA,2025-09-20 19:00:00,PAYROLL
EVT00111663,2025-09-06,EMP04019,CC0116,EC,4,Step Increment,131148.22,CAD,CAN,2025-09-06 12:00:00,CORE_HR
EVT00112878,2025-09-24,EMP05139,CC0055,EN,2,Performance Pay,7036.33,CAD,CAN,2025-09-25 05:00:00,CORE_HR
EVT00112337,2025-09-07,EMP00508,CC0014,PA,4,Hire,96897.6,CAD,CAN,2025-09-07 17:00:00,CORE_HR
EVT00113010,2025-09-14,EMP03187,CC0080,AS,4,Leave Return,,AED,ARE,2025-09-14 22:00:00,CORE_HR
EVT00112170,2025-09-07,EMP03635,CC0055,IT,2,Step Increment,75896.29,CAD,CAN,2025-09-07 15:00:00,CORE_HR
EVT00111678,2025-09-06,EMP01132,CC0001,PA,2,Leave Start,,CAD,CAN,2025-09-06 23:00:00,CORE_HR
EVT00113019,2025-09-20,EMP02315,CC0060,EN,1,Promotion,89302.17,CAD,CAN,2025-09-21 05:00:00,CORE_HR
EVT00112860,2025-09-18,EMP03625,CC0062,IT,4,Leave Start,,CAD,CAN,2025-09-19 04:00:00,CORE_HR
EVT00111541,2025-09-18,EMP02242,CC0042,IT,3,Leave Return,,CAD,CAN,2025-09-18 11:00:00,CORE_HR
EVT00111715,2025-09-02,EMP04750,CC0066,EN,4,Lateral Deployment,,CAD,CA,2025-09-02 15:00:00,PAYROLL
EVT00112542,2025-09-23,EMP04985,CC0001,EN,3,Departure,,CAD,CA,2025-09-23 17:00:00,PAYROLL
EVT00111574,2025-09-24,EMP04780,CC0047,PA,1,Hire,67725.73,CAD,CA,2025-09-24 20:00:00,PAYROLL
EVT00112986,2025-09-25,EMP04030,CC0045,EN,4,Hire,140695.48,CAD,CAN,2025-09-25 11:00:00,CORE_HR
EVT00113039,2025-09-24,EMP02186,CC0044,EC,2,Leave Return,,CAD,CAN,2025-09-24 07:00:00,CORE_HR
EVT00112393,2025-09-26,EMP04997,CC0033,FI,3,Performance Pay,8442.47,CAD,CA,2025-09-26 08:00:00,PAYROLL
EVT00113493,2025-09-25,EMP01720,CC0073,EN,2,Leave Start,,CAD,CAN,2025-09-25 15:00:00,CORE_HR
EVT00113352,2025-09-18,EMP03253,CC0069,CR,1,Step Increment,56055.14,CAD,CAN,2025-09-19 11:00:00,CORE_HR
EVT00113148,2025-09-02,EMP02316,CC0114,IT,2,Step Increment,119617.37,CAD,CAN,2025-09-02 12:00:00,CORE_HR
EVT00111594,2025-09-24,EMP04217,CC0103,CR,5,Leave Return,,CAD,CAN,2025-09-24 18:00:00,CORE_HR
EVT00113431,2025-09-17,EMP02495,CC0049,FI,3,Promotion,77062.27,EUR,FRA,2025-09-17 16:00:00,CORE_HR
EVT00112278,2025-09-08,EMP03648,CC0074,CR,2,Departure,,JPY,JPN,2025-09-09 01:00:00,CORE_HR
EVT00112030,2025-09-16,EMP05169,CC0066,EX,3,Step Increment,146106.52,CAD,CA,2025-09-16 07:00:00,PAYROLL
EVT00113312,2025-09-03,EMP03145,CC0028,EC,1,Step Increment,88265.41,CAD,CA,2025-09-03 15:00:00,PAYROLL
EVT00113079,2025-09-23,EMP01869,CC0107,AS,1,Hire,58919.04,CAD,CAN,2025-09-23 09:00:00,CORE_HR
EVT00112689,2025-09-11,EMP01522,CC0069,IT,3,Performance Pay,15952.03,CAD,CAN,2025-09-12 08:00:00,CORE_HR
EVT00113538,2025-09-26,EMP04232,CC0048,AS,1,Step Increment,63981.2,CAD,CA,2025-09-26 20:00:00,PAYROLL
EVT00111892,2025-09-21,EMP03338,CC0098,AS,4,Performance Pay,11654.34,CAD,CAN,2025-09-22 00:00:00,CORE_HR
EVT00113225,2025-09-06,EMP02674,CC0068,CR,3,Departure,,CAD,CAN,2025-09-07 15:00:00,CORE_HR
EVT00112775,2025-09-03,EMP01686,CC0103,IT,3,Hire,105302.75,CAD,CA,2025-09-03 18:00:00,PAYROLL
EVT00112583,2025-09-05,EMP05133,CC0109,EN,1,Performance Pay,9783.76,CAD,CAN,2025-09-05 20:00:00,CORE_HR
EVT00113577,2025-09-09,EMP02246,CC0067,PA,2,Departure,,CAD,CAN,2025-09-10 00:00:00,CORE_HR
EVT00112706,2025-09-25,EMP01779,CC0020,EN,2,Departure,,CAD,CAN,2025-09-28 05:00:00,CORE_HR
EVT00113537,2025-09-01,EMP03183,CC0055,CR,4,Performance Pay,8731.22,CAD,CAN,2025-09-01 15:00:00,CORE_HR
EVT00113558,2025-09-18,EMP03861,CC0001,AS,5,Leave Return,,CAD,CAN,2025-09-19 02:00:00,CORE_HR
EVT00111978,2025-09-18,EMP04689,CC0044,FI,4,Promotion,115070.61,CAD,CAN,2025-09-18 15:00:00,CORE_HR
EVT00112085,2025-09-09,EMP01400,CC0067,PA,2,Promotion,75017.29,CAD,CAN,2025-09-09 10:00:00,CORE_HR
EVT00112684,2025-09-16,EMP04358,CC0086,AS,4,Leave Start,,MXN,MEX,2025-09-16 08:00:00,CORE_HR
EVT00111811,2025-09-26,EMP02047,CC0053,PA,1,Performance Pay,3290.09,CAD,CAN,2025-09-26 17:00:00,CORE_HR
EVT00111887,2025-09-03,EMP01699,CC0042,PA,4,Departure,,CAD,CAN,2025-09-04 00:00:00,CORE_HR
EVT00112024,2025-09-16,EMP00133,CC0028,FI,1,Leave Start,,CAD,CAN,2025-09-16 23:00:00,CORE_HR
EVT00113311,2025-09-22,EMP04052,CC0025,IT,2,Departure,,CAD,CAN,2025-09-22 14:00:00,CORE_HR
EVT00111858,2025-09-04,EMP01529,CC0087,CR,1,Step Increment,60589.67,CAD,CA,2025-09-05 00:00:00,PAYROLL
EVT00113307,2025-09-12,EMP04827,CC0092,EC,1,Step Increment,82031.37,CAD,CA,2025-09-12 23:00:00,PAYROLL
EVT00111821,2025-09-20,EMP02027,CC0036,IT,4,Performance Pay,17413.75,CAD,CAN,2025-09-20 07:00:00,CORE_HR
EVT00113014,2025-09-12,EMP01517,CC0052,FI,1,Lateral Deployment,,CAD,CA,2025-09-12 13:00:00,PAYROLL
EVT00112816,2025-09-16,EMP00365,CC0063,EX,1,Performance Pay,9285.58,CAD,CA,2025-09-16 12:00:00,PAYROLL
EVT00112207,2025-09-05,EMP01486,CC0076,IT,1,Leave Start,,CAD,CA,2025-09-05 10:00:00,PAYROLL
EVT00111531,2025-09-26,EMP00404,CC0101,CR,2,Leave Start,,CAD,CAN,2025-09-26 11:00:00,CORE_HR
EVT00111874,2025-09-06,EMP02960,CC0072,AS,1,Leave Start,,CAD,CA,2025-09-07 04:00:00,PAYROLL
EVT00113359,2025-09-02,EMP00193,CC0110,EN,2,Promotion,94196.42,CAD,CA,2025-09-03 15:00:00,PAYROLL
EVT00111575,2025-09-01,EMP03196,CC0080,PA,1,Step Increment,6642960.89,JPY,JPN,2025-09-01 11:00:00,CORE_HR
EVT00112008,2025-09-05,EMP00194,CC0005,PA,2,Step Increment,73582.2,CAD,CA,2025-09-06 10:00:00,PAYROLL
EVT00112490,2025-09-17,EMP02302,CC0066,PA,2,Step Increment,72921.14,CAD,CAN,2025-09-17 20:00:00,CORE_HR
EVT00111772,2025-09-03,EMP05023,CC0084,PA,3,Performance Pay,6442.59,CAD,CAN,2025-09-04 01:00:00,CORE_HR
EVT00111991,2025-09-15,EMP04785,CC0118,AS,3,Leave Start,,CAD,CAN,2025-09-15 10:00:00,CORE_HR
EVT00113250,2025-09-25,EMP02124,CC0033,AS,4,Leave Return,,CAD,CA,2025-09-26 12:00:00,PAYROLL
EVT00113123,2025-09-04,EMP04226,CC0115,PA,1,Hire,64887.43,CAD,CAN,2025-09-04 14:00:00,CORE_HR
EVT00112066,2025-09-20,EMP03816,CC0086,PA,1,Step Increment,87695.43,AUD,AUS,2025-09-20 23:00:00,CORE_HR
EVT00112129,2025-09-17,EMP04733,CC0098,PA,1,Step Increment,62695.9,CAD,CAN,2025-09-17 08:00:00,CORE_HR
EVT00112874,2025-09-10,EMP03186,CC0106,CR,4,Leave Return,,CAD,CA,2025-09-11 03:00:00,PAYROLL
EVT00112650,2025-09-19,EMP03356,CC0076,EC,3,Lateral Deployment,,CAD,CAN,2025-09-19 14:00:00,CORE_HR
EVT00112962,2025-09-18,EMP01847,CC0070,EX,1,Hire,155569.86,CAD,CA,2025-09-18 20:00:00,PAYROLL
EVT00112204,2025-09-05,EMP03541,CC0046,PA,4,Step Increment,11908671.86,KES,KE,2025-09-06 05:00:00,PAYROLL
EVT00112174,2025-09-13,EMP01862,CC0068,AS,5,Leave Return,,CAD,CA,2025-09-14 00:00:00,PAYROLL
EVT00112296,2025-09-09,EMP04588,CC0072,EN,2,Step Increment,99878.08,CAD,CAN,2025-09-10 12:00:00,CORE_HR
EVT00112768,2025-09-04,EMP03969,CC0033,AS,1,Step Increment,67151.74,CAD,CAN,2025-09-05 03:00:00,CORE_HR
EVT00112385,2025-09-14,EMP00272,CC0071,PA,2,Step Increment,69793.65,CAD,CAN,2025-09-14 22:00:00,CORE_HR
EVT00112774,2025-09-09,EMP01319,CC0109,EX,1,Leave Start,,CAD,CAN,2025-09-09 22:00:00,CORE_HR
EVT00112803,2025-09-03,EMP02165,CC0039,FI,2,Step Increment,87872.08,CAD,CAN,2025-09-04 04:00:00,CORE_HR
EVT00112443,2025-09-01,EMP04219,CC0042,CR,1,Performance Pay,6855.87,CAD,CAN,2025-09-01 12:00:00,CORE_HR
EVT00112289,2025-09-14,EMP03283,CC0025,AS,4,Performance Pay,6092.12,CAD,CAN,2025-09-14 16:00:00,CORE_HR
EVT00111954,2025-09-27,EMP05005,CC0004,IT,5,Performance Pay,13759.59,CAD,CA,2025-09-28 06:00:00,PAYROLL
EVT00111574,2025-09-24,EMP04780,CC0047,PA,1,Hire,67725.73,CAD,CA,2025-09-26 03:00:00,PAYROLL
EVT00111546,2025-09-05,EMP03233,CC0101,FI,3,Step Increment,99297.13,CAD,CA,2025-09-05 17:00:00,PAYROLL
EVT00111542,2025-09-15,EMP03376,CC0074,IT,1,Step Increment,9907552.76,KES,KEN,2025-09-16 23:00:00,CORE_HR
EVT00111530,2025-09-05,EMP03767,CC0014,IT,3,Step Increment,115165.68,CAD,CAN,2025-09-06 13:00:00,CORE_HR
EVT00113203,2025-09-05,EMP03138,CC0006,FI,2,Lateral Deployment,,CAD,CA,2025-09-05 11:00:00,PAYROLL
EVT00112083,2025-09-07,EMP04758,CC0006,EN,2,Step Increment,82856.32,CAD,CAN,2025-09-08 15:00:00,CORE_HR
EVT00113488,2025-09-03,EMP01791,CC0045,PA,2,Promotion,76549.22,CAD,CAN,2025-09-04 04:00:00,CORE_HR
EVT00112718,2025-09-13,EMP04982,CC0106,IT,3,Leave Return,,CAD,CAN,2025-09-13 21:00:00,CORE_HR
EVT00111935,2025-09-17,EMP04220,CC0090,FI,2,Lateral Deployment,,CAD,CAN,2025-09-18 14:00:00,CORE_HR
EVT00113424,2025-09-20,EMP03184,CC0070,IT,2,Performance Pay,7496.13,CAD,CAN,2025-09-21 02:00:00,CORE_HR
EVT00111995,2025-09-08,EMP00987,CC0085,EC,1,Step Increment,80891.94,CAD,CAN,2025-09-08 07:00:00,CORE_HR
EVT00112341,2025-09-25,EMP04136,CC0034,AS,5,Step Increment,95719.35,CAD,CAN,2025-09-25 07:00:00,CORE_HR
EVT00112472,2025-09-10,EMP02165,CC0039,FI,2,Leave Start,,CAD,CAN,2025-09-11 01:00:00,CORE_HR
EVT00112356,2025-09-03,EMP03259,CC0004,CR,1,Step Increment,41819.33,CAD,CAN,2025-09-03 22:00:00,CORE_HR
EVT00113121,2025-09-12,EMP01217,CC0005,IT,2,Lateral Deployment,,CAD,CAN,2025-09-12 21:00:00,CORE_HR
EVT00112243,2025-09-12,EMP01898,CC0028,CR,2,Hire,66492.64,CAD,CAN,2025-09-13 14:00:00,CORE_HR
EVT00112666,2025-09-03,EMP02488,CC0009,PA,2,Performance Pay,6498.53,USD,USA,2025-09-04 06:00:00,CORE_HR
EVT00112975,2025-09-22,EMP01087,CC0114,EC,2,Leave Return,,CAD,CAN,2025-09-22 07:00:00,CORE_HR
EVT00112918,2025-09-26,EMP04244,CC0062,IT,4,Departure,,CAD,CAN,2025-09-26 23:00:00,CORE_HR
EVT00113002,2025-09-08,EMP03501,CC0070,EC,4,Promotion,149139.75,XXX,CAN,2025-09-09 15:00:00,CORE_HR
EVT00113454,2025-09-18,EMP01281,CC0086,EC,4,Lateral Deployment,,AED,ARE,2025-09-20 04:00:00,CORE_HR
EVT00113309,2025-09-01,EMP03784,CC0031,EC,2,Hire,119328.6,AUD,AUS,2025-09-01 23:00:00,CORE_HR
EVT00112948,2025-09-06,EMP04861,CC0014,PA,4,Step Increment,91848.84,CAD,CA,2025-09-06 23:00:00,PAYROLL
EVT00112004,2025-09-12,EMP01385,CC0011,FI,2,Step Increment,92265.92,CAD,CAN,2025-09-12 14:00:00,CORE_HR
EVT00112943,2025-09-17,EMP01427,CC0074,EX,2,Step Increment,554035.87,BRL,BRA,2025-09-17 21:00:00,CORE_HR
EVT00111946,2025-09-24,EMP04177,CC0004,PA,2,Step Increment,64562.47,CAD,CAN,2025-09-24 12:00:00,CORE_HR
EVT00113295,2025-09-14,EMP03728,CC0014,CR,2,Step Increment,46690.82,CAD,CAN,2025-09-15 11:00:00,CORE_HR
EVT00111913,2025-09-20,EMP04293,CC0014,CR,1,Step Increment,54031.78,CAD,CA,2025-09-20 13:00:00,PAYROLL
EVT00112590,2025-09-14,EMP02461,CC0087,CR,2,Promotion,66839.38,CAD,CA,2025-09-14 20:00:00,PAYROLL
EVT00112434,2025-09-01,EMP01147,CC0051,EX,1,Performance Pay,14447.87,CAD,CA,2025-09-01 09:00:00,PAYROLL
EVT00113531,2025-09-10,EMP00965,CC0025,EN,4,Performance Pay,15885.45,CAD,CAN,2025-09-10 15:00:00,CORE_HR
EVT00112655,2025-09-20,EMP01475,CC0105,CR,3,Lateral Deployment,,XXX,MEX,2025-09-21 15:00:00,CORE_HR
EVT00113465,2025-09-25,EMP01680,CC0007,PA,3,Leave Start,,MXN,MEX,2025-09-25 17:00:00,CORE_HR
EVT00111780,2025-09-13,EMP03872,CC0051,CR,3,Step Increment,72646.49,CAD,CAN,2025-09-15 15:00:00,CORE_HR
EVT00113323,2025-09-13,EMP02415,CC0120,IT,2,Step Increment,96222.12,CAD,CA,2025-09-14 06:00:00,PAYROLL
EVT00112387,2025-09-17,EMP02048,CC0035,PA,3,Leave Start,,CAD,CAN,2025-09-17 19:00:00,CORE_HR
EVT00112414,2025-09-22,EMP04660,CC0011,CR,3,Performance Pay,9335.27,CAD,CA,2025-09-22 08:00:00,PAYROLL
EVT00112110,2025-09-09,EMP03855,CC0008,EN,1,Step Increment,88523.1,CAD,CAN,2025-09-09 12:00:00,CORE_HR
EVT00113067,2025-09-14,EMP04088,CC0053,PA,2,Hire,69900.88,CAD,CAN,2025-09-15 07:00:00,CORE_HR
EVT00113569,2025-09-26,EMP00339,CC0059,PA,2,Performance Pay,9903.95,CAD,CA,2025-09-27 04:00:00,PAYROLL
EVT00112283,2025-09-09,EMP04027,CC0072,AS,2,Performance Pay,8686.0,CAD,CA,2025-09-10 08:00:00,PAYROLL
EVT00113189,2025-09-08,EMP04828,CC0097,IT,1,Lateral Deployment,,CAD,CA,2025-09-09 14:00:00,PAYROLL
EVT00113343,2025-09-26,EMP03812,CC0113,EX,1,Step Increment,144718.82,CAD,CAN,2025-09-27 01:00:00,CORE_HR
EVT00111615,2025-09-03,EMP00501,CC0006,FI,1,Performance Pay,3393.8,CAD,CAN,2025-09-04 01:00:00,CORE_HR
EVT00111834,2025-09-12,EMP04352,CC0004,EC,2,Departure,,CAD,CA,2025-09-12 19:00:00,PAYROLL
EVT00112251,2025-09-27,EMP04344,CC0102,PA,3,Performance Pay,7993.2,CAD,CAN,2025-09-27 23:00:00,CORE_HR
EVT00112221,2025-09-10,EMP04942,CC0033,FI,4,Performance Pay,8228.74,CAD,CAN,2025-09-10 12:00:00,CORE_HR
EVT00112585,2025-09-21,EMP03357,CC0013,IT,3,Performance Pay,8865.92,CAD,CAN,2025-09-22 00:00:00,CORE_HR
EVT00111732,2025-09-27,EMP03949,CC0022,PA,3,Departure,,CAD,CAN,2025-09-27 19:00:00,CORE_HR
EVT00112501,2025-09-22,EMP01704,CC0051,PA,2,Hire,71792.08,CAD,CAN,2025-09-22 23:00:00,CORE_HR
EVT00113365,2025-09-21,EMP03545,CC0003,PA,3,Leave Return,,CAD,CA,2025-09-22 03:00:00,PAYROLL
EVT00112306,2025-09-06,EMP00934,CC0025,CR,2,Lateral Deployment,,CAD,CAN,2025-09-06 08:00:00,CORE_HR
EVT00112466,2025-09-26,EMP03455,CC0081,EN,3,Departure,,CAD,CAN,2025-09-27 02:00:00,CORE_HR
EVT00111536,2025-09-16,EMP04790,CC0060,IT,1,Step Increment,84364.48,CAD,CAN,2025-09-16 07:00:00,CORE_HR
EVT00112128,2025-09-17,EMP01010,CC0048,CR,2,Leave Start,,CAD,CAN,2025-09-18 08:00:00,CORE_HR
EVT00113394,2025-09-20,EMP03015,CC0110,EC,2,Step Increment,101739.91,CAD,CAN,2025-09-20 17:00:00,CORE_HR
EVT00113432,2025-09-01,EMP03600,CC0049,AS,2,Lateral Deployment,,INR,IN,2025-09-02 01:00:00,PAYROLL
EVT00112574,2025-09-10,EMP02559,CC0104,EX,1,Step Increment,138418.42,CAD,CAN,2025-09-10 23:00:00,CORE_HR
EVT00112791,2025-09-13,EMP02658,CC0107,PA,1,Step Increment,73813.3,CAD,CAN,2025-09-14 14:00:00,CORE_HR
EVT00112364,2025-09-15,EMP00916,CC0019,EX,1,Leave Start,,CAD,CAN,2025-09-16 07:00:00,CORE_HR
EVT00112947,2025-09-22,EMP03053,CC0009,AS,2,Hire,59832.73,USD,USA,2025-09-23 08:00:00,CORE_HR
EVT00112109,2025-09-15,EMP04238,CC0081,CR,1,Step Increment,61304.83,CAD,CA,2025-09-15 13:00:00,PAYROLL
EVT00112118,2025-09-16,EMP00727,CC0068,IT,3,Lateral Deployment,,CAD,CAN,2025-09-17 12:00:00,CORE_HR
EVT00112097,2025-09-18,EMP02700,CC0085,EC,1,Hire,86679.91,CAD,CAN,2025-09-18 22:00:00,CORE_HR
EVT00112582,2025-09-17,EMP03033,CC0057,IT,5,Step Increment,153030.69,CAD,CAN,2025-09-17 20:00:00,CORE_HR
EVT00113462,2025-09-03,EMP01878,CC0074,CR,2,Lateral Deployment,,EUR,DEU,2025-09-04 04:00:00,CORE_HR
EVT00113572,2025-09-02,EMP01533,CC0017,PA,1,Lateral Deployment,,CAD,CA,2025-09-02 11:00:00,PAYROLL
EVT00112528,2025-09-27,EMP05146,CC0015,CR,4,Leave Return,,CAD,CAN,2025-09-28 07:00:00,CORE_HR
EVT00112478,2025-09-19,EMP01995,CC0117,FI,1,Leave Return,,CAD,CA,2025-09-19 11:00:00,PAYROLL
EVT00113222,2025-09-16,EMP02997,CC0085,FI,4,Performance Pay,6698.66,CAD,CAN,2025-09-17 00:00:00,CORE_HR
EVT00112168,2025-09-26,EMP04807,CC0005,EC,3,Lateral Deployment,,CAD,CAN,2025-09-26 13:00:00,CORE_HR
EVT00112663,2025-09-13,EMP02174,CC0117,EN,2,Step Increment,121507.46,CAD,CAN,2025-09-14 09:00:00,CORE_HR
EVT00113347,2025-09-13,EMP00991,CC0017,EN,1,Departure,,CAD,CAN,2025-09-14 07:00:00,CORE_HR
EVT00113311,2025-09-22,EMP04052,CC0025,IT,2,Departure,,CAD,CAN,2025-09-24 20:00:00,CORE_HR
EVT00113020,2025-09-02,EMP00159,CC0076,PA,1,Performance Pay,4235.53,CAD,CA,2025-09-03 14:00:00,PAYROLL
EVT00113026,2025-09-14,EMP03079,CC0099,FI,4,Hire,122497.43,CAD,CA,2025-09-15 15:00:00,PAYROLL
EVT00112280,2025-09-16,EMP04107,CC0095,IT,4,Promotion,106301.71,CAD,CAN,2025-09-16 14:00:00,CORE_HR
EVT00112875,2025-09-14,EMP04381,CC0044,AS,5,Step Increment,91995.5,CAD,CAN,2025-09-15 08:00:00,CORE_HR
EVT00113059,2025-09-25,EMP03091,CC0092,EN,1,Step Increment,89257.06,CAD,CAN,2025-09-25 07:00:00,CORE_HR
EVT00111986,2025-09-02,EMP00630,CC0070,AS,3,Leave Start,,CAD,CAN,2025-09-02 21:00:00,CORE_HR
EVT00112294,2025-09-17,EMP01575,CC0054,CR,2,Hire,174228.73,AED,AE,2025-09-17 09:00:00,PAYROLL
EVT00113318,2025-09-04,EMP01356,CC0005,AS,3,Lateral Deployment,,CAD,CA,2025-09-04 16:00:00,PAYROLL
EVT00113453,2025-09-14,EMP02379,CC0001,EX,2,Step Increment,154963.48,CAD,CAN,2025-09-15 08:00:00,CORE_HR
EVT00112823,2025-09-17,EMP00969,CC0029,EC,2,Step Increment,66868.81,SGD,SGP,2025-09-18 02:00:00,CORE_HR
EVT00112766,2025-09-21,EMP04976,CC0053,CR,4,Step Increment,79801.01,CAD,CA,2025-09-22 03:00:00,PAYROLL
EVT00112904,2025-09-27,EMP04760,CC0053,EC,2,Performance Pay,9578.43,CAD,CAN,2025-09-27 15:00:00,CORE_HR
EVT00112315,2025-09-21,EMP03862,CC0088,EC,3,Step Increment,79107.59,EUR,DE,2025-09-21 07:00:00,PAYROLL
EVT00112225,2025-09-02,EMP03194,CC0091,CR,1,Lateral Deployment,,CAD,CA,2025-09-03 07:00:00,PAYROLL
EVT00112963,2025-09-06,EMP00862,CC0048,AS,2,Lateral Deployment,,CAD,CA,2025-09-06 21:00:00,PAYROLL
EVT00111630,2025-09-09,EMP01220,CC0070,AS,4,Hire,89035.93,CAD,CA,2025-09-10 11:00:00,PAYROLL
EVT00112965,2025-09-24,EMP03612,CC0097,EC,2,Step Increment,97551.01,CAD,CA,2025-09-24 17:00:00,PAYROLL
EVT00112868,2025-09-14,EMP03036,CC0114,PA,1,Leave Start,,CAD,CAN,2025-09-14 18:00:00,CORE_HR
EVT00112302,2025-09-14,EMP00962,CC0069,PA,3,Leave Return,,CAD,CAN,2025-09-14 16:00:00,CORE_HR
EVT00112191,2025-09-25,EMP02028,CC0076,AS,1,Step Increment,57727.48,CAD,CAN,2025-09-29 02:00:00,CORE_HR
EVT00112592,2025-09-19,EMP03518,CC0035,EX,1,Performance Pay,17326.38,CAD,CA,2025-09-19 19:00:00,PAYROLL
EVT00112459,2025-09-09,EMP04596,CC0057,FI,3,Leave Start,,CAD,CAN,2025-09-09 14:00:00,CORE_HR
EVT00111753,2025-09-03,EMP02514,CC0015,PA,2,Promotion,81790.1,CAD,CA,2025-09-03 18:00:00,PAYROLL
EVT00112462,2025-09-07,EMP04697,CC0029,PA,3,Step Increment,307318.59,BRL,BRA,2025-09-07 17:00:00,CORE_HR
EVT00113319,2025-09-13,EMP03428,CC0039,PA,2,Leave Start,,CAD,CA,2025-09-14 13:00:00,PAYROLL
EVT00112442,2025-09-25,EMP04262,CC0068,AS,3,Step Increment,75436.89,CAD,CAN,2025-09-25 07:00:00,CORE_HR
EVT00112757,2025-09-17,EMP02914,CC0052,PA,3,Lateral Deployment,,CAD,CAN,2025-09-17 08:00:00,CORE_HR
EVT00112622,2025-09-03,EMP02420,CC0081,PA,3,Step Increment,99690.78,CAD,CA,2025-09-03 19:00:00,PAYROLL
EVT00112332,2025-09-06,EMP04542,CC0103,FI,2,Leave Return,,CAD,CAN,2025-09-07 13:00:00,CORE_HR
EVT00111706,2025-09-05,EMP02166,CC0014,PA,5,Promotion,131998.53,CAD,CA,2025-09-06 15:00:00,PAYROLL
EVT00113545,2025-09-08,EMP04772,CC0056,IT,3,Step Increment,122304.0,CAD,CAN,2025-09-09 08:00:00,CORE_HR
EVT00111528,2025-09-12,EMP02028,CC0076,AS,1,Promotion,58207.11,CAD,CAN,2025-09-12 11:00:00,CORE_HR
EVT00113178,2025-09-06,EMP04887,CC0008,EX,1,Step Increment,145591.94,CAD,CAN,2025-09-07 11:00:00,CORE_HR
EVT00112723,2025-09-23,EMP04613,CC0046,IT,3,Performance Pay,1375717.24,JPY,JPN,2025-09-24 14:00:00,CORE_HR
EVT00112426,2025-09-04,EMP01058,CC0035,IT,3,Hire,112889.0,CAD,CAN,2025-09-05 14:00:00,CORE_HR
EVT00111554,2025-09-02,EMP01599,CC0086,EX,1,Lateral Deployment,,BRL,BR,2025-09-02 19:00:00,PAYROLL
EVT00113446,2025-09-18,EMP04460,CC0083,FI,4,Leave Return,,CAD,CAN,2025-09-19 07:00:00,CORE_HR
EVT00112675,2025-09-08,EMP02652,CC0031,IT,3,Leave Return,,GBP,GBR,2025-09-09 15:00:00,CORE_HR
EVT00113030,2025-09-09,EMP02897,CC0114,AS,1,Step Increment,62730.94,CAD,CAN,2025-09-10 05:00:00,CORE_HR
EVT00113204,2025-09-26,EMP03565,CC0104,PA,2,Step Increment,71454.81,CAD,CAN,2025-09-26 21:00:00,CORE_HR
EVT00112705,2025-09-14,EMP04512,CC0032,EC,5,Step Increment,127088.47,CAD,CAN,2025-09-14 21:00:00,CORE_HR
EVT00111943,2025-09-27,EMP01492,CC0028,EC,2,Leave Start,,CAD,CAN,2025-09-27 08:00:00,CORE_HR
EVT00112012,2025-09-24,EMP02278,CC0072,AS,4,Hire,87570.97,CAD,CA,2025-09-24 08:00:00,PAYROLL
EVT00112762,2025-09-12,EMP00972,CC0044,EN,1,Performance Pay,11298.44,CAD,CAN,2025-09-13 05:00:00,CORE_HR
EVT00112397,2025-09-22,EMP01420,CC0012,EN,2,Leave Return,,CAD,CAN,2025-09-24 22:00:00,CORE_HR
EVT00111653,2025-09-05,EMP04788,CC0086,AS,4,Step Increment,5523220.23,INR,IND,2025-09-06 14:00:00,CORE_HR
EVT00112310,2025-09-25,EMP03167,CC0079,PA,1,Promotion,67833.74,CAD,CAN,2025-09-26 10:00:00,CORE_HR
EVT00113051,2025-09-25,EMP01315,CC0107,IT,3,Leave Return,,CAD,CAN,2025-09-26 01:00:00,CORE_HR
EVT00113070,2025-09-23,EMP02367,CC0109,IT,2,Step Increment,100428.17,CAD,CA,2025-09-24 03:00:00,PAYROLL
EVT00112961,2025-09-26,EMP02180,CC0073,PA,3,Leave Start,,CAD,CAN,2025-09-27 00:00:00,CORE_HR
EVT00111548,2025-09-08,EMP02392,CC0021,PA,4,Promotion,113440.24,CAD,CAN,2025-09-08 08:00:00,CORE_HR
EVT00112847,2025-09-26,EMP00437,CC0013,EN,3,Leave Return,,CAD,CAN,2025-09-27 11:00:00,CORE_HR
EVT00113037,2025-09-07,EMP02555,CC0037,FI,1,Leave Return,,CAD,CAN,2025-09-08 00:00:00,CORE_HR
EVT00112240,2025-09-26,EMP01072,CC0066,EX,1,Leave Return,,CAD,CAN,2025-09-26 14:00:00,CORE_HR
EVT00112662,2025-09-13,EMP02973,CC0050,CR,4,Step Increment,78536.61,CAD,CAN,2025-09-14 01:00:00,CORE_HR
EVT00112255,2025-09-02,EMP02662,CC0022,EC,1,Lateral Deployment,,CAD,CAN,2025-09-02 17:00:00,CORE_HR
EVT00112635,2025-09-27,EMP01335,CC0080,FI,2,Leave Start,,USD,US,2025-09-27 16:00:00,PAYROLL
EVT00113075,2025-09-14,EMP01816,CC0035,EX,1,Step Increment,145608.42,CAD,CAN,2025-09-15 02:00:00,CORE_HR
EVT00112515,2025-09-11,EMP03480,CC0065,FI,3,Leave Start,,USD,US,2025-09-11 17:00:00,PAYROLL
EVT00113371,2025-09-02,EMP00474,CC0081,PA,2,Step Increment,73898.77,CAD,CAN,2025-09-02 09:00:00,CORE_HR
EVT00112801,2025-09-21,EMP01197,CC0067,IT,4,Performance Pay,18159.18,CAD,CAN,2025-09-22 08:00:00,CORE_HR
EVT00112797,2025-09-23,EMP04987,CC0102,EN,3,Leave Return,,CAD,CAN,2025-09-24 05:00:00,CORE_HR
EVT00112606,2025-09-11,EMP04950,CC0056,PA,2,Lateral Deployment,,CAD,CAN,2025-09-11 16:00:00,CORE_HR
EVT00113134,2025-09-09,EMP00687,CC0080,IT,4,Performance Pay,240493.0,MXN,MEX,2025-09-10 03:00:00,CORE_HR
EVT00111873,2025-09-10,EMP01948,CC0006,CR,4,Performance Pay,7219.74,CAD,CA,2025-09-10 11:00:00,PAYROLL
EVT00112309,2025-09-01,EMP04751,CC0117,FI,3,Hire,93828.44,CAD,CA,2025-09-02 03:00:00,PAYROLL
EVT00111853,2025-09-05,EMP00313,CC0058,FI,5,Step Increment,125563.12,CAD,CAN,2025-09-06 05:00:00,CORE_HR
EVT00112701,2025-09-12,EMP00133,CC0028,FI,1,Leave Start,,CAD,CA,2025-09-12 17:00:00,PAYROLL
EVT00112399,2025-09-12,EMP00862,CC0048,AS,2,Leave Return,,CAD,CAN,2025-09-13 03:00:00,CORE_HR
EVT00113494,2025-09-21,EMP03922,CC0071,EN,2,Performance Pay,6431.54,CAD,CAN,2025-09-21 12:00:00,CORE_HR
EVT00112117,2025-09-01,EMP00966,CC0104,IT,5,Hire,139381.09,CAD,CAN,2025-09-02 12:00:00,CORE_HR
EVT00112968,2025-09-19,EMP01224,CC0023,AS,3,Performance Pay,7907.57,CAD,CAN,2025-09-19 12:00:00,CORE_HR
EVT00112018,2025-09-24,EMP02663,CC0109,PA,2,Departure,,CAD,CAN,2025-09-25 05:00:00,CORE_HR
EVT00113098,2025-09-21,EMP04288,CC0001,PA,1,Leave Start,,CAD,CAN,2025-09-22 10:00:00,CORE_HR
EVT00112263,2025-09-07,EMP04141,CC0006,PA,3,Leave Return,,CAD,CAN,2025-09-07 20:00:00,CORE_HR
EVT00113535,2025-09-03,EMP04803,CC0060,PA,1,Lateral Deployment,,CAD,CAN,2025-09-04 10:00:00,CORE_HR
EVT00113193,2025-09-17,EMP00480,CC0099,EC,1,Performance Pay,8541.09,CAD,CA,2025-09-17 09:00:00,PAYROLL
EVT00112171,2025-09-14,EMP02831,CC0090,AS,3,Leave Start,,CAD,CA,2025-09-14 16:00:00,PAYROLL
EVT00113052,2025-09-24,EMP01334,CC0003,EX,2,Leave Return,,CAD,CAN,2025-09-24 17:00:00,CORE_HR
EVT00113054,2025-09-25,EMP00875,CC0008,CR,1,Step Increment,59171.29,CAD,CA,2025-09-26 03:00:00,PAYROLL
EVT00112793,2025-09-14,EMP04440,CC0028,IT,2,Leave Start,,CAD,CA,2025-09-15 05:00:00,PAYROLL
EVT00111918,2025-09-24,EMP00826,CC0071,EX,1,Step Increment,154072.03,CAD,CA,2025-09-25 13:00:00,PAYROLL
EVT00113061,2025-09-12,EMP04197,CC0118,FI,2,Hire,70551.06,CAD,CA,2025-09-12 13:00:00,PAYROLL
EVT00111649,2025-09-14,EMP03712,CC0071,CR,1,Step Increment,42304.78,CAD,CA,2025-09-15 02:00:00,PAYROLL
EVT00112929,2025-09-18,EMP01778,CC0042,CR,2,Performance Pay,3655.72,CAD,CA,2025-09-19 07:00:00,PAYROLL
EVT00113327,2025-09-09,EMP00294,CC0111,IT,2,Leave Start,,KES,KEN,2025-09-10 14:00:00,CORE_HR
EVT00111776,2025-09-06,EMP05087,CC0082,FI,3,Performance Pay,12115.41,CAD,CA,2025-09-06 23:00:00,PAYROLL
EVT00112182,2025-09-18,EMP03184,CC0070,IT,2,Promotion,101786.05,CAD,CAN,2025-09-18 12:00:00,CORE_HR
EVT00112503,2025-09-23,EMP04201,CC0050,CR,3,Step Increment,75819.17,CAD,CAN,2025-09-23 23:00:00,CORE_HR
EVT00113209,2025-09-13,EMP01247,CC0047,EN,1,Hire,88458.2,CAD,CA,2025-09-14 09:00:00,PAYROLL
EVT00112777,2025-09-05,EMP01368,CC0112,EX,1,Step Increment,152396.35,CAD,CA,2025-09-05 21:00:00,PAYROLL
EVT00112440,2025-09-19,EMP00960,CC0096,CR,4,Leave Start,,CAD,CAN,2025-09-21 11:00:00,CORE_HR
EVT00113433,2025-09-02,EMP04089,CC0062,CR,3,Leave Start,,CAD,CA,2025-09-02 09:00:00,PAYROLL
EVT00111839,2025-09-17,EMP00448,CC0004,CR,3,Step Increment,63094.41,CAD,CAN,2025-09-18 09:00:00,CORE_HR
EVT00112973,2025-09-20,EMP01429,CC0080,EC,4,Lateral Deployment,,SGD,SG,2025-09-20 07:00:00,PAYROLL
EVT00112333,2025-09-13,EMP02766,CC0037,AS,4,Step Increment,91151.24,CAD,CA,2025-09-14 07:00:00,PAYROLL
EVT00111533,2025-09-13,EMP02901,CC0031,EN,1,Step Increment,77409.9,USD,USA,2025-09-14 01:00:00,CORE_HR
EVT00112165,2025-09-05,EMP04854,CC0106,EC,5,Performance Pay,6464.11,CAD,CA,2025-09-06 00:00:00,PAYROLL
EVT00112800,2025-09-09,EMP00816,CC0066,CR,1,Hire,61609.63,CAD,CA,2025-09-10 12:00:00,PAYROLL
EVT00112557,2025-09-05,EMP02410,CC0048,IT,1,Hire,85552.77,CAD,CAN,2025-09-05 06:00:00,CORE_HR
EVT00113481,2025-09-11,EMP05044,CC0044,IT,2,Lateral Deployment,,CAD,CA,2025-09-13 03:00:00,PAYROLL
EVT00112778,2025-09-23,EMP03400,CC0022,PA,3,Promotion,81983.61,CAD,CAN,2025-09-23 13:00:00,CORE_HR
EVT00112422,2025-09-04,EMP01536,CC0082,EC,2,Step Increment,91479.59,CAD,CAN,2025-09-04 23:00:00,CORE_HR
EVT00112470,2025-09-11,EMP02706,CC0105,EC,2,Step Increment,83614.85,USD,USA,2025-09-12 01:00:00,CORE_HR
EVT00111864,2025-09-24,EMP01005,CC0102,PA,1,Step Increment,66659.36,CAD,CAN,2025-09-26 15:00:00,CORE_HR
EVT00113317,2025-09-18,EMP01441,CC0071,IT,3,Leave Return,,CAD,CAN,2025-09-19 15:00:00,CORE_HR
EVT00112285,2025-09-12,EMP01824,CC0001,PA,1,Departure,,CAD,CA,2025-09-12 18:00:00,PAYROLL
EVT00112395,2025-09-27,EMP03254,CC0046,EX,3,Performance Pay,1906827.52,JPY,JP,2025-09-27 07:00:00,PAYROLL
EVT00112526,2025-09-10,EMP02075,CC0113,EN,5,Departure,,CAD,CAN,2025-09-13 01:00:00,CORE_HR
EVT00112002,2025-09-07,EMP00946,CC0073,IT,3,Leave Return,,CAD,CAN,2025-09-07 07:00:00,CORE_HR
EVT00111881,2025-09-25,EMP02545,CC0007,EN,4,Step Increment,16729818.1,KES,KEN,2025-09-25 22:00:00,CORE_HR
EVT00111891,2025-09-16,EMP04261,CC0005,IT,2,Step Increment,93540.31,CAD,CAN,2025-09-16 11:00:00,CORE_HR
EVT00112888,2025-09-15,EMP01637,CC0081,PA,4,Step Increment,90278.49,CAD,CAN,2025-09-16 03:00:00,CORE_HR
EVT00111790,2025-09-26,EMP04112,CC0048,EN,1,Lateral Deployment,,CAD,CA,2025-09-27 11:00:00,PAYROLL
EVT00112065,2025-09-01,EMP00583,CC0043,AS,2,Departure,,CAD,CA,2025-09-01 06:00:00,PAYROLL
EVT00111619,2025-09-12,EMP00704,CC0058,EN,2,Performance Pay,8952.52,CAD,CAN,2025-09-12 11:00:00,CORE_HR
EVT00112599,2025-09-25,EMP04326,CC0079,PA,1,Promotion,73373.81,CAD,CAN,2025-09-26 10:00:00,CORE_HR
EVT00113213,2025-09-09,EMP02023,CC0018,CR,2,Departure,,XXX,CAN,2025-09-09 14:00:00,CORE_HR
EVT00112316,2025-09-08,EMP02094,CC0013,AS,2,Step Increment,69966.13,CAD,CA,2025-09-11 01:00:00,PAYROLL
EVT00112950,2025-09-27,EMP05005,CC0004,IT,5,Lateral Deployment,,CAD,CAN,2025-09-27 08:00:00,CORE_HR
EVT00111835,2025-09-05,EMP02243,CC0017,EX,1,Leave Return,,CAD,CAN,2025-09-06 06:00:00,CORE_HR
EVT00112106,2025-09-17,EMP00175,CC0056,IT,1,Leave Start,,CAD,CA,2025-09-18 00:00:00,PAYROLL
EVT00112995,2025-09-20,EMP00713,CC0004,AS,5,Performance Pay,10478.39,CAD,CAN,2025-09-21 13:00:00,CORE_HR
EVT00113281,2025-09-19,EMP03890,CC0096,EC,1,Promotion,80012.73,CAD,CAN,2025-09-20 02:00:00,CORE_HR
EVT00111699,2025-09-19,EMP01129,CC0028,CR,2,Step Increment,64269.27,CAD,CA,2025-09-19 16:00:00,PAYROLL
EVT00113046,2025-09-27,EMP03742,CC0107,EN,2,Performance Pay,12086.35,CAD,CAN,2025-09-27 23:00:00,CORE_HR
EVT00112675,2025-09-08,EMP02652,CC0031,IT,3,Leave Return,,GBP,GBR,2025-09-10 21:00:00,CORE_HR
EVT00112845,2025-09-06,EMP02138,CC0016,PA,3,Step Increment,92427.45,CAD,CA,2025-09-07 02:00:00,PAYROLL
EVT00112286,2025-09-22,EMP03034,CC0085,FI,1,Step Increment,78750.09,CAD,CAN,2025-09-23 10:00:00,CORE_HR
EVT00112407,2025-09-27,EMP01329,CC0036,IT,2,Lateral Deployment,,CAD,CA,2025-09-28 07:00:00,PAYROLL
EVT00111708,2025-09-21,EMP03240,CC0055,PA,5,Lateral Deployment,,CAD,CA,2025-09-21 13:00:00,PAYROLL
EVT00112931,2025-09-24,EMP00430,CC0048,AS,2,Step Increment,67484.14,CAD,CAN,2025-09-24 14:00:00,CORE_HR
EVT00113267,2025-09-14,EMP01449,CC0112,IT,1,Promotion,82500.48,CAD,CAN,2025-09-15 00:00:00,CORE_HR
EVT00113364,2025-09-07,EMP03483,CC0001,EX,3,Leave Return,,CAD,CA,2025-09-08 06:00:00,PAYROLL
EVT00112464,2025-09-04,EMP04634,CC0001,IT,4,Step Increment,140283.99,CAD,CAN,2025-09-05 07:00:00,CORE_HR
EVT00113491,2025-09-18,EMP05196,CC0004,EX,1,Leave Return,,CAD,CAN,2025-09-18 12:00:00,CORE_HR
EVT00112976,2025-09-10,EMP00116,CC0015,IT,5,Performance Pay,9950.16,CAD,CAN,2025-09-10 22:00:00,CORE_HR
EVT00113381,2025-09-19,EMP04760,CC0053,EC,2,Step Increment,85019.08,CAD,CAN,2025-09-19 14:00:00,CORE_HR
EVT00113272,2025-09-11,EMP01283,CC0089,AS,3,Step Increment,83935.13,CAD,CAN,2025-09-12 10:00:00,CORE_HR
EVT00111793,2025-09-15,EMP03027,CC0029,PA,1,Step Increment,3754787.58,INR,IND,2025-09-16 10:00:00,CORE_HR
EVT00112427,2025-09-13,EMP01244,CC0023,PA,3,Step Increment,69643.44,CAD,CAN,2025-09-14 02:00:00,CORE_HR
EVT00113243,2025-09-23,EMP05063,CC0100,PA,2,Performance Pay,3479.72,CAD,CAN,2025-09-23 12:00:00,CORE_HR
EVT00112287,2025-09-08,EMP01718,CC0056,PA,3,Leave Start,,CAD,CAN,2025-09-08 08:00:00,CORE_HR
EVT00113289,2025-09-27,EMP03889,CC0066,PA,1,Leave Return,,CAD,CAN,2025-09-27 22:00:00,CORE_HR
EVT00113408,2025-09-12,EMP01678,CC0065,EC,3,Performance Pay,3519.53,EUR,DE,2025-09-12 07:00:00,PAYROLL
EVT00113274,2025-09-08,EMP03226,CC0080,PA,2,Performance Pay,137833.34,MXN,MX,2025-09-09 11:00:00,PAYROLL
EVT00113345,2025-09-20,EMP01448,CC0033,EX,1,Lateral Deployment,,CAD,CA,2025-09-21 02:00:00,PAYROLL
EVT00112327,2025-09-22,EMP04806,CC0068,CR,5,Hire,89960.15,CAD,CAN,2025-09-22 21:00:00,CORE_HR
EVT00112254,2025-09-10,EMP03592,CC0101,AS,3,Leave Start,,CAD,CAN,2025-09-10 10:00:00,CORE_HR
EVT00112365,2025-09-19,EMP02234,CC0022,EN,5,Step Increment,183370.33,CAD,CAN,2025-09-19 15:00:00,CORE_HR
EVT00112821,2025-09-12,EMP01101,CC0020,PA,1,Leave Start,,CAD,CA,2025-09-12 08:00:00,PAYROLL
EVT00113368,2025-09-02,EMP03012,CC0014,AS,3,Hire,70353.67,CAD,CAN,2025-09-03 04:00:00,CORE_HR
EVT00113300,2025-09-10,EMP02743,CC0097,EX,2,Leave Start,,CAD,CAN,2025-09-10 23:00:00,CORE_HR
EVT00113418,2025-09-05,EMP00265,CC0085,EC,3,Step Increment,116950.18,CAD,CAN,2025-09-05 10:00:00,CORE_HR
EVT00112832,2025-09-26,EMP03130,CC0012,EC,3,Leave Start,,CAD,CAN,2025-09-27 05:00:00,CORE_HR
EVT00112681,2025-09-19,EMP02277,CC0098,FI,3,Lateral Deployment,,CAD,CAN,2025-09-20 07:00:00,CORE_HR
EVT00112410,2025-09-06,EMP02246,CC0067,PA,2,Leave Return,,CAD,CA,2025-09-07 04:00:00,PAYROLL
EVT00112636,2025-09-09,EMP03641,CC0064,EC,4,Leave Start,,CAD,CAN,2025-09-10 09:00:00,CORE_HR
EVT00113445,2025-09-15,EMP04913,CC0101,PA,3,Performance Pay,11083.85,CAD,CAN,2025-09-16 04:00:00,CORE_HR
EVT00111982,2025-09-25,EMP01927,CC0115,PA,3,Step Increment,79154.93,CAD,CAN,2025-09-26 05:00:00,CORE_HR
EVT00113252,2025-09-24,EMP02437,CC0024,EC,4,Step Increment,117278.43,CAD,CAN,2025-09-25 04:00:00,CORE_HR
EVT00113118,2025-09-07,EMP04192,CC0080,PA,5,Departure,,USD,USA,2025-09-08 05:00:00,CORE_HR
EVT00112507,2025-09-24,EMP03501,CC0070,EC,4,Step Increment,126683.59,CAD,CAN,2025-09-25 07:00:00,CORE_HR
EVT00113533,2025-09-18,EMP05061,CC0112,PA,4,Step Increment,89451.04,CAD,CAN,2025-09-18 21:00:00,CORE_HR
EVT00112580,2025-09-04,EMP03897,CC0116,IT,3,Lateral Deployment,,CAD,CAN,2025-09-04 09:00:00,CORE_HR
EVT00112966,2025-09-01,EMP00979,CC0027,FI,2,Promotion,68259.51,CAD,CAN,2025-09-02 03:00:00,CORE_HR
EVT00112290,2025-09-12,EMP00103,CC0041,FI,5,Leave Start,,CAD,CAN,2025-09-13 00:00:00,CORE_HR
EVT00112683,2025-09-18,EMP01168,CC0043,FI,2,Leave Return,,CAD,CAN,2025-09-19 09:00:00,CORE_HR
EVT00113068,2025-09-22,EMP02544,CC0030,AS,4,Leave Start,,INR,IND,2025-09-22 20:00:00,CORE_HR
EVT00112104,2025-09-09,EMP00950,CC0074,AS,2,Leave Start,,EUR,FR,2025-09-09 09:00:00,PAYROLL
EVT00113035,2025-09-06,EMP02652,CC0031,IT,3,Lateral Deployment,,AED,AE,2025-09-07 08:00:00,PAYROLL
EVT00111975,2025-09-23,EMP05012,CC0080,PA,1,Step Increment,4430686.94,INR,IN,2025-09-23 16:00:00,PAYROLL
EVT00112880,2025-09-21,EMP99999,CC0085,CR,2,Step Increment,57431.12,CAD,CAN,2025-09-21 11:00:00,CORE_HR
EVT00111909,2025-09-27,EMP02469,CC0096,CR,5,Leave Start,,CAD,CAN,2025-09-28 15:00:00,CORE_HR
EVT00112692,2025-09-19,EMP00841,CC0055,EN,5,Promotion,146849.82,CAD,CA,2025-09-19 11:00:00,PAYROLL
EVT00112343,2025-09-09,EMP03811,CC0043,AS,2,Leave Start,,CAD,CA,2025-09-10 05:00:00,PAYROLL
EVT00113490,2025-09-20,EMP04910,CC0105,IT,1,Promotion,65753.49,EUR,FR,2025-09-20 15:00:00,PAYROLL
EVT00112488,2025-09-11,EMP03731,CC0119,EX,2,Step Increment,171459.91,CAD,CA,2025-09-11 19:00:00,PAYROLL
EVT00112009,2025-09-06,EMP02455,CC0119,CR,1,Step Increment,56947.39,CAD,CA,2025-09-07 10:00:00,PAYROLL
EVT00111857,2025-09-14,EMP04343,CC0023,EN,1,Lateral Deployment,,CAD,CAN,2025-09-14 22:00:00,CORE_HR
EVT00111569,2025-09-09,EMP03773,CC0005,FI,4,Leave Start,,CAD,CAN,2025-09-10 07:00:00,CORE_HR
EVT00112248,2025-09-07,EMP01752,CC0063,EN,2,Hire,112850.15,CAD,CAN,2025-09-08 11:00:00,CORE_HR
EVT00112796,2025-09-14,EMP04917,CC0091,IT,4,Leave Start,,CAD,CAN,2025-09-15 10:00:00,CORE_HR
EVT00112463,2025-09-22,EMP03442,CC0018,EN,1,Leave Start,,CAD,CAN,2025-09-23 11:00:00,CORE_HR
EVT00111529,2025-09-18,EMP01489,CC0035,PA,2,Step Increment,84682.34,CAD,CAN,2025-09-19 02:00:00,CORE_HR
EVT00111560,2025-09-01,EMP02223,CC0021,EX,2,Promotion,162332.77,CAD,CAN,2025-09-02 10:00:00,CORE_HR
EVT00113512,2025-09-27,EMP02894,CC0038,FI,1,Promotion,65486.33,CAD,CA,2025-09-27 19:00:00,PAYROLL
EVT00111774,2025-09-27,EMP01374,CC0053,FI,5,Leave Start,,CAD,CA,2025-09-27 13:00:00,PAYROLL
EVT00111782,2025-09-23,EMP00301,CC0013,PA,2,Leave Start,,CAD,CAN,2025-09-23 16:00:00,CORE_HR
EVT00112226,2025-09-23,EMP03669,CC0014,EN,2,Leave Return,,CAD,CAN,2025-09-24 03:00:00,CORE_HR
EVT00111763,2025-09-22,EMP03696,CC0065,PA,5,Performance Pay,677233.32,JPY,JP,2025-09-22 07:00:00,PAYROLL
EVT00112391,2025-09-06,EMP04765,CC0043,PA,2,Performance Pay,7021.46,CAD,CAN,2025-09-07 11:00:00,CORE_HR
EVT00113012,2025-09-15,EMP02408,CC0012,IT,2,Leave Start,,CAD,CAN,2025-09-15 20:00:00,CORE_HR
EVT00112627,2025-09-18,EMP02829,CC0028,PA,5,Leave Start,,CAD,CA,2025-09-18 08:00:00,PAYROLL
EVT00113369,2025-09-14,EMP01464,CC0036,EX,1,Step Increment,154393.14,CAD,CAN,2025-09-14 23:00:00,CORE_HR
EVT00111969,2025-09-12,EMP03459,CC0079,FI,3,Performance Pay,7658.45,CAD,CA,2025-09-12 20:00:00,PAYROLL
EVT00112078,2025-09-16,EMP04555,CC0025,FI,4,Step Increment,88430.58,CAD,CA,2025-09-16 17:00:00,PAYROLL
EVT00111966,2025-09-19,EMP00331,CC0066,PA,3,Leave Start,,CAD,CAN,2025-09-20 02:00:00,CORE_HR
EVT00112798,2025-09-26,EMP00038,CC0101,PA,3,Hire,89372.74,CAD,CAN,2025-09-26 06:00:00,CORE_HR
EVT00111773,2025-09-26,EMP04103,CC0030,EX,3,Departure,,KES,KE,2025-09-27 08:00:00,PAYROLL
EVT00113094,2025-09-23,EMP00494,CC0113,EN,4,Performance Pay,15471.08,CAD,CAN,2025-09-24 09:00:00,CORE_HR
EVT00111537,2025-09-05,EMP02202,CC0034,AS,4,Leave Start,,CAD,CAN,2025-09-06 09:00:00,CORE_HR
EVT00112159,2025-09-21,EMP04705,CC0092,EN,3,Lateral Deployment,,CAD,CA,2025-09-22 10:00:00,PAYROLL
EVT00112925,2025-09-05,EMP04146,CC0060,PA,3,Hire,92726.09,CAD,CAN,2025-09-06 12:00:00,CORE_HR
EVT00112311,2025-09-14,EMP01967,CC0089,EX,2,Leave Start,,CAD,CAN,2025-09-15 15:00:00,CORE_HR
EVT00113372,2025-09-24,EMP02516,CC0016,EX,1,Hire,131709.36,CAD,CAN,2025-09-24 15:00:00,CORE_HR
EVT00112361,2025-09-14,EMP01848,CC0099,EN,1,Leave Return,,CAD,CA,2025-09-14 16:00:00,PAYROLL
EVT00113135,2025-09-12,EMP01055,CC0115,AS,3,Step Increment,83940.94,CAD,CA,2025-09-12 22:00:00,PAYROLL
EVT00111716,2025-09-16,EMP00620,CC0025,IT,2,Leave Return,,CAD,CAN,2025-09-17 08:00:00,CORE_HR
EVT00113466,2025-09-14,EMP03270,CC0113,PA,1,Departure,,CAD,CAN,2025-09-14 23:00:00,CORE_HR
EVT00113508,2025-09-09,EMP02888,CC0052,CR,2,Step Increment,66570.71,CAD,CAN,2025-09-10 15:00:00,CORE_HR
EVT00111990,2025-09-09,EMP04996,CC0026,PA,3,Hire,94746.74,CAD,CAN,2025-09-10 02:00:00,CORE_HR
EVT00112814,2025-09-22,EMP03149,CC0113,PA,1,Promotion,65624.81,CAD,CAN,2025-09-23 07:00:00,CORE_HR
EVT00113214,2025-09-13,EMP04156,CC0005,IT,2,Leave Start,,CAD,CAN,2025-09-14 10:00:00,CORE_HR
EVT00113290,2025-09-07,EMP00510,CC0053,PA,3,Promotion,86471.38,CAD,CA,2025-09-07 18:00:00,PAYROLL
EVT00111855,2025-09-02,EMP02627,CC0043,PA,1,Performance Pay,9126.18,CAD,CA,2025-09-02 12:00:00,PAYROLL
EVT00112969,2025-09-05,EMP00684,CC0089,PA,3,Leave Return,,CAD,CAN,2025-09-05 18:00:00,CORE_HR
EVT00112013,2025-09-05,EMP05067,CC0074,IT,3,Promotion,334479.55,AED,ARE,2025-09-06 05:00:00,CORE_HR
EVT00111694,2025-09-18,EMP03940,CC0081,CR,2,Leave Start,,CAD,CA,2025-09-18 11:00:00,PAYROLL
EVT00112084,2025-09-03,EMP03712,CC0071,CR,1,Step Increment,42034.83,CAD,CAN,2025-09-03 08:00:00,CORE_HR
EVT00113285,2025-09-19,EMP04291,CC0034,FI,1,Lateral Deployment,,CAD,CAN,2025-09-19 10:00:00,CORE_HR
EVT00113554,2025-09-22,EMP04973,CC0085,AS,4,Step Increment,83068.62,CAD,CA,2025-09-22 22:00:00,PAYROLL
EVT00111665,2025-09-11,EMP03639,CC0119,PA,2,Lateral Deployment,,CAD,CAN,2025-09-12 12:00:00,CORE_HR
EVT00111775,2025-09-16,EMP01703,CC0082,FI,5,Performance Pay,6591.5,CAD,CA,2025-09-16 06:00:00,PAYROLL
EVT00111798,2025-09-09,EMP04414,CC0012,CR,1,Departure,,CAD,CAN,2025-09-09 16:00:00,CORE_HR
EVT00112917,2025-09-03,EMP02325,CC0109,PA,3,Leave Return,,CAD,CAN,2025-09-03 07:00:00,CORE_HR
EVT00113175,2025-09-26,EMP03749,CC0096,EN,1,Step Increment,91453.08,CAD,CAN,2025-09-27 12:00:00,CORE_HR
EVT00112913,2025-09-13,EMP05052,CC0034,EC,1,Step Increment,73356.38,CAD,CA,2025-09-14 08:00:00,PAYROLL
EVT00113328,2025-09-26,EMP01672,CC0077,EN,1,Step Increment,66716.19,CAD,CAN,2025-09-27 12:00:00,CORE_HR
EVT00112863,2025-09-08,EMP00094,CC0033,CR,5,Promotion,86806.36,CAD,CAN,2025-09-09 01:00:00,CORE_HR
EVT00113228,2025-09-26,EMP04302,CC0053,AS,3,Leave Start,,CAD,CAN,2025-09-27 01:00:00,CORE_HR
EVT00112152,2025-09-17,EMP00599,CC0039,PA,4,Lateral Deployment,,CAD,CA,2025-09-18 05:00:00,PAYROLL
EVT00112551,2025-09-20,EMP02877,CC0029,EN,4,Step Increment,181078.54,AUD,AU,2025-09-21 10:00:00,PAYROLL
EVT00113113,2025-09-01,EMP01120,CC0026,EC,4,Step Increment,130726.24,CAD,CAN,2025-09-02 11:00:00,CORE_HR
EVT00112984,2025-09-01,EMP01987,CC0081,IT,1,Leave Start,,CAD,CA,2025-09-02 02:00:00,PAYROLL
EVT00112780,2025-09-19,EMP04065,CC0102,PA,4,Leave Start,,CAD,CAN,2025-09-19 20:00:00,CORE_HR
EVT00112864,2025-09-07,EMP02938,CC0116,AS,1,Performance Pay,6371.13,CAD,CA,2025-09-08 03:00:00,PAYROLL
EVT00111543,2025-09-06,EMP00428,CC0009,AS,2,Lateral Deployment,,AED,ARE,2025-09-06 08:00:00,CORE_HR
EVT00111598,2025-09-24,EMP00481,CC0083,EX,1,Step Increment,139211.32,CAD,CA,2025-09-25 06:00:00,PAYROLL
EVT00112567,2025-09-23,EMP05068,CC0065,IT,1,Performance Pay,591130.41,INR,IN,2025-09-23 16:00:00,PAYROLL
EVT00112199,2025-09-01,EMP01685,CC0025,IT,1,Performance Pay,10968.4,CAD,CA,2025-09-02 03:00:00,PAYROLL
EVT00113045,2025-09-19,EMP00050,CC0117,IT,1,Step Increment,87821.33,CAD,CAN,2025-09-20 06:00:00,CORE_HR
EVT00113233,2025-09-22,EMP05003,CC0076,FI,1,Leave Return,,CAD,CAN,2025-09-23 10:00:00,CORE_HR
EVT00113084,2025-09-19,EMP01564,CC0112,EX,2,Promotion,156184.03,CAD,CAN,2025-09-20 11:00:00,CORE_HR
EVT00112301,2025-09-20,EMP00684,CC0089,PA,3,Departure,,CAD,CAN,2025-09-21 07:00:00,CORE_HR
EVT00112371,2025-09-25,EMP00431,CC0072,IT,1,Step Increment,74485.89,CAD,CAN,2025-09-25 09:00:00,CORE_HR
EVT00113132,2025-09-23,EMP04175,CC0050,PA,3,Step Increment,100835.77,CAD,CA,2025-09-23 23:00:00,PAYROLL
EVT00111863,2025-09-16,EMP02689,CC0120,AS,1,Leave Start,,CAD,CA,2025-09-17 00:00:00,PAYROLL
EVT00112533,2025-09-06,EMP04336,CC0050,AS,3,Step Increment,70163.69,CAD,CAN,2025-09-06 11:00:00,CORE_HR
EVT00112691,2025-09-17,EMP02421,CC0089,CR,2,Leave Start,,CAD,CAN,2025-09-18 03:00:00,CORE_HR
EVT00113373,2025-09-20,EMP02814,CC0017,CR,1,Lateral Deployment,,CAD,CA,2025-09-20 09:00:00,PAYROLL
EVT00113205,2025-09-22,EMP02904,CC0115,EX,1,Step Increment,150673.92,CAD,CAN,2025-09-23 14:00:00,CORE_HR
EVT00112604,2025-09-20,EMP04611,CC0119,PA,2,Step Increment,80065.3,CAD,CAN,2025-09-21 08:00:00,CORE_HR
EVT00112898,2025-09-21,EMP03183,CC0055,CR,4,Leave Start,,CAD,CA,2025-09-22 10:00:00,PAYROLL
EVT00111813,2025-09-07,EMP02014,CC0107,EC,3,Leave Return,,CAD,CAN,2025-09-07 22:00:00,CORE_HR
EVT00112568,2025-09-11,EMP05087,CC0082,FI,3,Leave Return,,CAD,CA,2025-09-11 10:00:00,PAYROLL
EVT00112566,2025-09-20,EMP00716,CC0054,IT,1,Performance Pay,1151571.16,KES,KE,2025-09-21 07:00:00,PAYROLL
EVT00112631,2025-09-11,EMP00239,CC0097,PA,2,Step Increment,56535.13,CAD,CA,2025-09-12 03:00:00,PAYROLL
EVT00112978,2025-09-07,EMP03843,CC0049,EX,1,Hire,129774.99,USD,US,2025-09-07 06:00:00,PAYROLL
EVT00112594,2025-09-03,EMP04149,CC0102,PA,2,Leave Return,,CAD,CA,2025-09-03 07:00:00,PAYROLL
EVT00112017,2025-09-09,EMP00016,CC0032,EX,1,Step Increment,138004.95,CAD,CAN,2025-09-09 17:00:00,CORE_HR
EVT00112357,2025-09-26,EMP04162,CC0062,IT,4,Step Increment,121949.98,CAD,CAN,2025-09-27 01:00:00,CORE_HR
EVT00112682,2025-09-20,EMP00872,CC0004,IT,4,Leave Return,,CAD,CAN,2025-09-21 11:00:00,CORE_HR
EVT00112483,2025-09-09,EMP01806,CC0035,EX,1,Lateral Deployment,,CAD,CA,2025-09-09 17:00:00,PAYROLL
EVT00112269,2025-09-17,EMP01232,CC0068,PA,2,Lateral Deployment,,CAD,CAN,2025-09-18 15:00:00,CORE_HR
EVT00112994,2025-09-18,EMP00171,CC0070,PA,1,Leave Start,,CAD,CAN,2025-09-18 22:00:00,CORE_HR
EVT00111833,2025-09-07,EMP00111,CC0089,AS,4,Leave Return,,CAD,CA,2025-09-08 01:00:00,PAYROLL
EVT00111880,2025-09-11,EMP00325,CC0043,IT,3,Performance Pay,7534.21,CAD,CAN,2025-09-12 04:00:00,CORE_HR
EVT00113097,2025-09-07,EMP04465,CC0082,PA,4,Hire,99616.88,CAD,CAN,2025-09-07 18:00:00,CORE_HR
EVT00112521,2025-09-02,EMP00757,CC0035,EC,3,Step Increment,113209.7,CAD,CA,2025-09-03 15:00:00,PAYROLL
EVT00112496,2025-09-20,EMP00498,CC0117,IT,1,Performance Pay,4645.96,CAD,CAN,2025-09-20 09:00:00,CORE_HR
EVT00112073,2025-09-16,EMP03902,CC0030,EC,2,Step Increment,75575.74,USD,US,2025-09-17 08:00:00,PAYROLL
EVT00112761,2025-09-12,EMP04826,CC0074,CR,3,Performance Pay,2458.49,GBP,GB,2025-09-13 08:00:00,PAYROLL
EVT00113227,2025-09-10,EMP05035,CC0090,PA,2,Leave Start,,CAD,CAN,2025-09-11 00:00:00,CORE_HR
EVT00113409,2025-09-05,EMP00524,CC0057,PA,4,Departure,,CAD,CA,2025-09-05 22:00:00,PAYROLL
EVT00113506,2025-09-23,EMP04437,CC0071,EN,5,Step Increment,160082.44,CAD,CA,2025-09-24 08:00:00,PAYROLL
EVT00111737,2025-09-11,EMP00308,CC0119,AS,2,Performance Pay,4049.07,CAD,CAN,2025-09-12 03:00:00,CORE_HR
EVT00113430,2025-09-12,EMP04024,CC0115,PA,1,Leave Start,,CAD,CAN,2025-09-12 18:00:00,CORE_HR
EVT00112651,2025-09-23,EMP00959,CC0073,AS,2,Hire,65893.65,CAD,CA,2025-09-24 15:00:00,PAYROLL
EVT00113302,2025-09-15,EMP01159,CC0114,FI,4,Step Increment,100437.56,CAD,CA,2025-09-16 11:00:00,PAYROLL
EVT00113181,2025-09-09,EMP00694,CC0008,EC,3,Performance Pay,6832.93,CAD,CAN,2025-09-09 19:00:00,CORE_HR
EVT00111951,2025-09-09,EMP02494,CC0059,PA,2,Step Increment,78124.23,CAD,CA,2025-09-09 18:00:00,PAYROLL
EVT00112652,2025-09-06,EMP02971,CC0017,IT,2,Departure,,CAD,CAN,2025-09-06 17:00:00,CORE_HR
EVT00112471,2025-09-12,EMP03842,CC0071,EX,1,Hire,146467.95,CAD,CAN,2025-09-12 18:00:00,CORE_HR
EVT00111780,2025-09-13,EMP03872,CC0051,CR,3,Step Increment,72646.49,CAD,CAN,2025-09-14 15:00:00,CORE_HR
EVT00111733,2025-09-27,EMP04674,CC0071,PA,4,Step Increment,96357.42,CAD,CA,2025-09-27 14:00:00,PAYROLL
EVT00112493,2025-09-15,EMP03736,CC0081,PA,4,Step Increment,83179.07,CAD,CA,2025-09-15 21:00:00,PAYROLL
EVT00112679,2025-09-16,EMP02533,CC0051,EC,2,Departure,,CAD,CAN,2025-09-17 07:00:00,CORE_HR
EVT00113219,2025-09-22,EMP03264,CC0089,FI,1,Leave Start,,CAD,CAN,2025-09-23 00:00:00,CORE_HR
EVT00112969,2025-09-05,EMP00684,CC0089,PA,3,Leave Return,,CAD,CAN,2025-09-06 00:00:00,CORE_HR
EVT00111567,2025-09-25,EMP00522,CC0037,IT,4,Lateral Deployment,,CAD,CAN,2025-09-26 12:00:00,CORE_HR
EVT00112237,2025-09-18,EMP00193,CC0110,EN,2,Leave Return,,CAD,CA,2025-09-19 10:00:00,PAYROLL
EVT00113460,2025-09-16,EMP02343,CC0069,IT,3,Departure,,CAD,CAN,2025-09-16 16:00:00,CORE_HR
EVT00113074,2025-09-16,EMP04307,CC0089,EC,4,Leave Start,,CAD,CA,2025-09-17 12:00:00,PAYROLL
EVT00112317,2025-09-07,EMP02556,CC0104,AS,3,Step Increment,78399.56,CAD,CAN,2025-09-08 02:00:00,CORE_HR
EVT00112070,2025-09-20,EMP00118,CC0030,AS,2,Performance Pay,3065.57,EUR,FRA,2025-09-21 06:00:00,CORE_HR
EVT00112338,2025-09-18,EMP03976,CC0069,EX,1,Lateral Deployment,,CAD,CAN,2025-09-18 16:00:00,CORE_HR
EVT00111981,2025-09-05,EMP00581,CC0105,EC,1,Departure,,EUR,DE,2025-09-06 04:00:00,PAYROLL
EVT00113428,2025-09-18,EMP03793,CC0049,IT,5,Step Increment,18462769.84,KES,KEN,2025-09-18 20:00:00,CORE_HR
EVT00112670,2025-09-02,EMP99999,CC0044,FI,1,Leave Return,,CAD,CAN,2025-09-02 21:00:00,CORE_HR
EVT00113582,2025-09-27,EMP00929,CC0065,AS,3,Leave Return,,USD,US,2025-09-27 23:00:00,PAYROLL
EVT00113567,2025-09-14,EMP01840,CC0054,EC,1,Leave Start,,GBP,GBR,2025-09-14 18:00:00,CORE_HR
EVT00113447,2025-09-03,EMP02962,CC0017,EN,2,Departure,,CAD,CA,2025-09-04 02:00:00,PAYROLL
EVT00113562,2025-09-11,EMP02957,CC0032,EX,2,Step Increment,180500.67,CAD,CAN,2025-09-12 11:00:00,CORE_HR
EVT00112514,2025-09-01,EMP04590,CC0101,PA,2,Step Increment,71312.98,CAD,CAN,2025-09-01 06:00:00,CORE_HR
EVT00113249,2025-09-11,EMP00332,CC0045,PA,2,Leave Start,,CAD,CAN,2025-09-11 22:00:00,CORE_HR
EVT00112479,2025-09-19,EMP01905,CC0118,AS,4,Lateral Deployment,,CAD,CA,2025-09-19 23:00:00,PAYROLL
EVT00112526,2025-09-10,EMP02075,CC0113,EN,5,Departure,,CAD,CAN,2025-09-11 15:00:00,CORE_HR
EVT00112091,2025-09-23,EMP01109,CC0116,PA,4,Step Increment,105222.97,CAD,CAN,2025-09-23 20:00:00,CORE_HR
EVT00113518,2025-09-16,EMP01935,CC0008,PA,2,Step Increment,77026.22,CAD,CAN,2025-09-17 02:00:00,CORE_HR
EVT00111924,2025-09-02,EMP04849,CC0058,AS,3,Step Increment,63207.09,CAD,CAN,2025-09-02 20:00:00,CORE_HR
EVT00113128,2025-09-16,EMP01209,CC0050,FI,3,Step Increment,74934.5,CAD,CAN,2025-09-16 20:00:00,CORE_HR
EVT00112564,2025-09-01,EMP01506,CC0074,PA,1,Promotion,1012219.79,MXN,MX,2025-09-01 23:00:00,PAYROLL
EVT00113133,2025-09-01,EMP00792,CC0063,CR,5,Lateral Deployment,,CAD,CAN,2025-09-02 05:00:00,CORE_HR
EVT00113077,2025-09-09,EMP03360,CC0119,FI,1,Step Increment,81268.71,CAD,CA,2025-09-09 10:00:00,PAYROLL
EVT00111759,2025-09-09,EMP04727,CC0059,IT,4,Lateral Deployment,,CAD,CA,2025-09-10 12:00:00,PAYROLL
EVT00111807,2025-09-11,EMP02765,CC0076,AS,4,Lateral Deployment,,CAD,CA,2025-09-12 15:00:00,PAYROLL
EVT00111633,2025-09-19,EMP05136,CC0109,EC,5,Performance Pay,11873.53,CAD,CAN,2025-09-20 06:00:00,CORE_HR
EVT00113269,2025-09-11,EMP03161,CC0116,CR,2,Step Increment,65165.8,CAD,CA,2025-09-12 13:00:00,PAYROLL
EVT00112028,2025-09-06,EMP05135,CC0082,EN,1,Step Increment,84829.24,CAD,CAN,2025-09-06 20:00:00,CORE_HR
EVT00112901,2025-09-19,EMP05098,CC0088,IT,1,Performance Pay,607643.62,INR,IN,2025-09-19 07:00:00,PAYROLL
EVT00112136,2025-09-20,EMP04377,CC0119,EX,2,Leave Start,,CAD,CA,2025-09-20 10:00:00,PAYROLL
EVT00112851,2025-09-23,EMP02576,CC0048,IT,2,Step Increment,95291.14,CAD,CA,2025-09-25 14:00:00,PAYROLL
EVT00112450,2025-09-17,EMP00576,CC0047,IT,3,Lateral Deployment,,CAD,CA,2025-09-17 16:00:00,PAYROLL
EVT00113498,2025-09-26,EMP05196,CC0004,EX,1,Leave Start,,CAD,CAN,2025-09-26 12:00:00,CORE_HR
EVT00111771,2025-09-08,EMP00350,CC0067,PA,4,Step Increment,99886.83,CAD,CA,2025-09-09 07:00:00,PAYROLL
EVT00113244,2025-09-14,EMP01720,CC0073,EN,2,Promotion,100683.63,CAD,CA,2025-09-14 22:00:00,PAYROLL
EVT00112831,2025-09-19,EMP01949,CC0050,PA,2,Departure,,CAD,CAN,2025-09-20 14:00:00,CORE_HR
EVT00112546,2025-09-18,EMP00650,CC0058,PA,5,Step Increment,114078.15,CAD,CA,2025-09-18 13:00:00,PAYROLL
EVT00112145,2025-09-20,EMP04743,CC0117,EC,3,Leave Start,,CAD,CA,2025-09-20 09:00:00,PAYROLL
EVT00111559,2025-09-21,EMP01200,CC0089,PA,1,Step Increment,62557.98,CAD,CAN,2025-09-21 06:00:00,CORE_HR
EVT00112885,2025-09-04,EMP02897,CC0114,AS,1,Departure,,CAD,CAN,2025-09-04 18:00:00,CORE_HR
EVT00112815,2025-09-23,EMP02944,CC0078,PA,4,Leave Start,,CAD,CAN,2025-09-24 13:00:00,CORE_HR
EVT00113581,2025-09-11,EMP01056,CC0064,CR,3,Step Increment,64833.82,CAD,CAN,2025-09-12 01:00:00,CORE_HR
EVT00112776,2025-09-22,EMP02723,CC0022,AS,4,Promotion,93400.17,CAD,CAN,2025-09-22 20:00:00,CORE_HR
EVT00113476,2025-09-18,EMP02851,CC0098,AS,2,Lateral Deployment,,CAD,CA,2025-09-18 14:00:00,PAYROLL
EVT00112485,2025-09-26,EMP03314,CC0020,PA,3,Leave Start,,CAD,CAN,2025-09-26 23:00:00,CORE_HR
EVT00111802,2025-09-06,EMP05184,CC0068,PA,2,Step Increment,83866.15,CAD,CA,2025-09-07 11:00:00,PAYROLL
EVT00112562,2025-09-12,EMP02129,CC0090,EC,3,Step Increment,101504.54,CAD,CA,2025-09-12 10:00:00,PAYROLL
EVT00111955,2025-09-13,EMP05124,CC0101,PA,1,Step Increment,67275.96,CAD,CA,2025-09-13 22:00:00,PAYROLL
EVT00112624,2025-09-15,EMP03389,CC0041,CR,3,Departure,,CAD,CA,2025-09-16 06:00:00,PAYROLL
EVT00111556,2025-09-26,EMP04234,CC0029,FI,3,Leave Return,,INR,IND,2025-09-27 09:00:00,CORE_HR
EVT00111614,2025-09-03,EMP02904,CC0115,EX,1,Leave Return,,CAD,CAN,2025-09-03 21:00:00,CORE_HR
EVT00113078,2025-09-16,EMP00137,CC0002,EX,2,Performance Pay,22368.44,CAD,CA,2025-09-17 14:00:00,PAYROLL
EVT00112334,2025-09-15,EMP02849,CC0013,PA,2,Leave Return,,CAD,CAN,2025-09-16 06:00:00,CORE_HR
EVT00111844,2025-09-26,EMP03376,CC0074,IT,1,Leave Start,,GBP,GBR,2025-09-27 11:00:00,CORE_HR
EVT00112230,2025-09-18,EMP05125,CC0013,EN,2,Leave Start,,CAD,CAN,2025-09-18 22:00:00,CORE_HR
EVT00113029,2025-09-13,EMP04496,CC0045,PA,4,Leave Start,,CAD,CAN,2025-09-14 04:00:00,CORE_HR
EVT00113069,2025-09-04,EMP03665,CC0114,PA,2,Step Increment,78645.61,CAD,CA,2025-09-04 15:00:00,PAYROLL
EVT00111893,2025-09-08,EMP03949,CC0022,PA,3,Step Increment,92924.92,CAD,CAN,2025-09-08 07:00:00,CORE_HR
EVT00111599,2025-09-12,EMP02767,CC0102,IT,3,Step Increment,109027.69,CAD,CAN,2025-09-13 07:00:00,CORE_HR
EVT00111592,2025-09-16,EMP00222,CC0119,PA,4,Promotion,95296.69,CAD,CAN,2025-09-16 11:00:00,CORE_HR
EVT00112368,2025-09-22,EMP01288,CC0019,EN,2,Leave Start,,CAD,CA,2025-09-22 19:00:00,PAYROLL
EVT00111535,2025-09-15,EMP05194,CC0098,PA,1,Lateral Deployment,,CAD,CAN,2025-09-16 09:00:00,CORE_HR
EVT00111788,2025-09-21,EMP01946,CC0080,PA,2,Leave Start,,INR,IND,2025-09-22 09:00:00,CORE_HR
EVT00112991,2025-09-07,EMP01729,CC0095,EN,4,Step Increment,131945.68,CAD,CA,2025-09-08 11:00:00,PAYROLL
EVT00111595,2025-09-27,EMP02513,CC0041,AS,4,Leave Return,,CAD,CAN,2025-09-27 06:00:00,CORE_HR
EVT00113489,2025-09-02,EMP02017,CC0104,EC,1,Leave Start,,CAD,CAN,2025-09-05 02:00:00,CORE_HR
EVT00112272,2025-09-03,EMP03832,CC0045,PA,1,Leave Start,,CAD,CA,2025-09-03 19:00:00,PAYROLL
EVT00113171,2025-09-25,EMP00240,CC0115,EN,4,Leave Start,,CAD,CA,2025-09-25 20:00:00,PAYROLL
EVT00112895,2025-09-25,EMP00833,CC0112,EN,1,Leave Return,,CAD,CA,2025-09-26 00:00:00,PAYROLL
EVT00111828,2025-09-08,EMP04198,CC0052,EN,1,Lateral Deployment,,CAD,CAN,2025-09-08 20:00:00,CORE_HR
EVT00113335,2025-09-13,EMP00081,CC0094,AS,2,Leave Start,,CAD,CA,2025-09-14 03:00:00,PAYROLL
EVT00112499,2025-09-15,EMP02567,CC0043,EX,2,Lateral Deployment,,CAD,CA,2025-09-16 00:00:00,PAYROLL
EVT00112971,2025-09-24,EMP02035,CC0062,PA,4,Hire,111750.79,CAD,CA,2025-09-25 01:00:00,PAYROLL
EVT00112475,2025-09-21,EMP05100,CC0043,AS,3,Promotion,81768.87,CAD,CA,2025-09-22 15:00:00,PAYROLL
EVT00112125,2025-09-14,EMP02697,CC0079,IT,1,Leave Start,,CAD,CAN,2025-09-14 23:00:00,CORE_HR
EVT00112048,2025-09-18,EMP02176,CC0065,IT,1,Performance Pay,21538.0,AED,AE,2025-09-19 14:00:00,PAYROLL
EVT00112036,2025-09-20,EMP03689,CC0019,EC,4,Step Increment,116223.44,CAD,CAN,2025-09-21 15:00:00,CORE_HR
EVT00113452,2025-09-25,EMP01978,CC0042,PA,2,Step Increment,70410.35,CAD,CAN,2025-09-25 13:00:00,CORE_HR
EVT00113048,2025-09-09,EMP00985,CC0070,IT,1,Hire,67377.63,CAD,CA,2025-09-09 20:00:00,PAYROLL
EVT00113047,2025-09-25,EMP04962,CC0010,EX,1,Leave Return,,CAD,CAN,2025-09-25 15:00:00,CORE_HR
EVT00111766,2025-09-22,EMP99999,CC0087,EN,3,Step Increment,124994.7,CAD,CA,2025-09-23 11:00:00,PAYROLL
EVT00113439,2025-09-15,EMP01099,CC0104,EC,3,Leave Start,,CAD,CAN,2025-09-15 07:00:00,CORE_HR
EVT00111987,2025-09-20,EMP04328,CC0062,IT,3,Leave Start,,CAD,CAN,2025-09-20 11:00:00,CORE_HR
EVT00113127,2025-09-20,EMP01210,CC0092,PA,2,Step Increment,78363.15,CAD,CA,2025-09-21 21:00:00,PAYROLL
EVT00111919,2025-09-25,EMP02111,CC0061,EC,1,Step Increment,73477.69,CAD,CA,2025-09-26 03:00:00,PAYROLL
EVT00111687,2025-09-05,EMP00113,CC0084,IT,2,Leave Return,,CAD,CA,2025-09-05 07:00:00,PAYROLL
EVT00111558,2025-09-21,EMP01835,CC0082,CR,1,Step Increment,61645.17,CAD,CAN,2025-09-21 18:00:00,CORE_HR
EVT00112698,2025-09-19,EMP01199,CC0053,PA,2,Leave Start,,CAD,CA,2025-09-20 00:00:00,PAYROLL
EVT00111979,2025-09-05,EMP02440,CC0118,CR,2,Step Increment,59297.24,CAD,CAN,2025-09-06 05:00:00,CORE_HR
EVT00112089,2025-09-21,EMP03058,CC0098,AS,2,Step Increment,79832.52,CAD,CA,2025-09-22 10:00:00,PAYROLL
EVT00112239,2025-09-19,EMP00573,CC0070,PA,4,Performance Pay,7043.21,CAD,CAN,2025-09-20 05:00:00,CORE_HR
EVT00112649,2025-09-17,EMP03484,CC0094,AS,4,Lateral Deployment,,CAD,CAN,2025-09-17 13:00:00,CORE_HR
EVT00111714,2025-09-12,EMP03060,CC0014,PA,1,Step Increment,60779.6,CAD,CAN,2025-09-12 19:00:00,CORE_HR
EVT00112693,2025-09-23,EMP04778,CC0055,FI,1,Leave Start,,CAD,CAN,2025-09-23 08:00:00,CORE_HR
EVT00112596,2025-09-17,EMP99999,CC0092,FI,1,Performance Pay,3179.75,CAD,CAN,2025-09-17 08:00:00,CORE_HR
EVT00112800,2025-09-09,EMP00816,CC0066,CR,1,Hire,61609.63,CAD,CA,2025-09-13 01:00:00,PAYROLL
EVT00113542,2025-09-22,EMP01284,CC0021,IT,3,Leave Start,,CAD,CAN,2025-09-22 09:00:00,CORE_HR
EVT00111962,2025-09-09,EMP03706,CC0050,EX,1,Lateral Deployment,,CAD,CA,2025-09-10 02:00:00,PAYROLL
EVT00113224,2025-09-06,EMP01520,CC0010,PA,2,Leave Start,,CAD,CAN,2025-09-06 21:00:00,CORE_HR
EVT00112417,2025-09-05,EMP00768,CC0100,EX,2,Step Increment,165299.43,CAD,CAN,2025-09-06 09:00:00,CORE_HR
EVT00112304,2025-09-11,EMP02712,CC0066,FI,1,Leave Start,,CAD,CAN,2025-09-12 00:00:00,CORE_HR
EVT00112163,2025-09-14,EMP04783,CC0092,FI,1,Leave Return,,CAD,CAN,2025-09-14 23:00:00,CORE_HR
EVT00112681,2025-09-19,EMP02277,CC0098,FI,3,Lateral Deployment,,CAD,CAN,2025-09-21 07:00:00,CORE_HR
EVT00112290,2025-09-12,EMP00103,CC0041,FI,5,Leave Start,,CAD,CAN,2025-09-12 14:00:00,CORE_HR
EVT00112787,2025-09-24,EMP04430,CC0087,EN,4,Leave Start,,CAD,CAN,2025-09-24 23:00:00,CORE_HR
EVT00113060,2025-09-15,EMP00934,CC0025,CR,2,Leave Return,,CAD,CAN,2025-09-16 13:00:00,CORE_HR
EVT00112894,2025-09-03,EMP00255,CC0036,AS,5,Promotion,84087.53,CAD,CA,2025-09-04 05:00:00,PAYROLL
EVT00112330,2025-09-24,EMP00026,CC0065,FI,3,Performance Pay,165435.59,MXN,MX,2025-09-25 15:00:00,PAYROLL
EVT00113383,2025-09-10,EMP00514,CC0031,IT,1,Hire,47225.88,GBP,GB,2025-09-11 03:00:00,PAYROLL
EVT00112047,2025-09-12,EMP03077,CC0076,PA,1,Step Increment,66222.9,CAD,CA,2025-09-13 01:00:00,PAYROLL
EVT00112795,2025-09-17,EMP01211,CC0106,PA,3,Departure,,CAD,CA,2025-09-18 15:00:00,PAYROLL
EVT00112358,2025-09-23,EMP03389,CC0041,CR,3,Promotion,53154.24,CAD,CA,2025-09-23 21:00:00,PAYROLL
EVT00111565,2025-09-15,EMP00022,CC0064,EX,3,Leave Start,,CAD,CA,2025-09-16 15:00:00,PAYROLL
EVT00112197,2025-09-05,EMP00566,CC0032,IT,3,Hire,114342.48,CAD,CA,2025-09-06 04:00:00,PAYROLL
EVT00112724,2025-09-18,EMP03569,CC0050,IT,2,Step Increment,93955.02,CAD,CAN,2025-09-18 06:00:00,CORE_HR
EVT00113341,2025-09-25,EMP00286,CC0007,EN,4,Step Increment,2002442.64,MXN,MX,2025-09-25 19:00:00,PAYROLL
EVT00113258,2025-09-21,EMP02579,CC0029,EN,2,Lateral Deployment,,KES,KEN,2025-09-22 06:00:00,CORE_HR
EVT00113422,2025-09-01,EMP04911,CC0097,IT,1,Leave Start,,CAD,CA,2025-09-01 20:00:00,PAYROLL
EVT00113032,2025-09-06,EMP01543,CC0042,PA,1,Step Increment,72854.95,CAD,CAN,2025-09-06 13:00:00,CORE_HR
EVT00112592,2025-09-19,EMP03518,CC0035,EX,1,Performance Pay,17326.38,CAD,CA,2025-09-21 19:00:00,PAYROLL
EVT00111980,2025-09-13,EMP01099,CC0104,EC,3,Leave Return,,CAD,CAN,2025-09-14 12:00:00,CORE_HR
EVT00112715,2025-09-25,EMP03860,CC0113,EC,1,Step Increment,81249.5,CAD,CAN,2025-09-25 20:00:00,CORE_HR
EVT00113348,2025-09-14,EMP03762,CC0063,CR,2,Step Increment,50048.71,CAD,CA,2025-09-15 14:00:00,PAYROLL
EVT00111557,2025-09-16,EMP00535,CC0010,EN,2,Lateral Deployment,,CAD,CA,2025-09-17 13:00:00,PAYROLL
EVT00113316,2025-09-22,EMP03860,CC0113,EC,1,Performance Pay,10415.37,CAD,CAN,2025-09-23 09:00:00,CORE_HR
EVT00113184,2025-09-19,EMP01230,CC0009,PA,1,Step Increment,49014.88,USD,US,2025-09-19 14:00:00,PAYROLL
EVT00113284,2025-09-16,EMP01627,CC0064,EC,2,Leave Return,,CAD,CAN,2025-09-16 15:00:00,CORE_HR
EVT00112015,2025-09-05,EMP01851,CC0120,EX,2,Step Increment,198217.42,CAD,CAN,2025-09-06 13:00:00,CORE_HR
EVT00112811,2025-09-06,EMP03843,CC0049,EX,1,Lateral Deployment,,KES,KE,2025-09-07 15:00:00,PAYROLL
EVT00113296,2025-09-08,EMP03673,CC0020,PA,5,Hire,115386.07,CAD,CAN,2025-09-09 11:00:00,CORE_HR
EVT00111650,2025-09-19,EMP04072,CC0039,PA,1,Leave Return,,CAD,CA,2025-09-19 13:00:00,PAYROLL
EVT00112282,2025-09-15,EMP03066,CC0048,AS,3,Step Increment,78843.77,CAD,CAN,2025-09-16 06:00:00,CORE_HR
EVT00112063,2025-09-10,EMP01814,CC0119,EX,1,Performance Pay,17889.54,CAD,CA,2025-09-10 22:00:00,PAYROLL
EVT00113310,2025-09-12,EMP03255,CC0003,IT,2,Step Increment,75578.82,CAD,CAN,2025-09-12 11:00:00,CORE_HR
EVT00111883,2025-09-02,EMP05081,CC0092,IT,2,Lateral Deployment,,CAD,CAN,2025-09-02 06:00:00,CORE_HR
EVT00111680,2025-09-13,EMP01288,CC0019,EN,2,Lateral Deployment,,CAD,CA,2025-09-13 09:00:00,PAYROLL
EVT00112846,2025-09-03,EMP01802,CC0004,CR,4,Step Increment,72942.1,CAD,CAN,2025-09-04 01:00:00,CORE_HR
EVT00113324,2025-09-25,EMP00973,CC0022,FI,1,Leave Start,,CAD,CAN,2025-09-26 09:00:00,CORE_HR
EVT00111933,2025-09-25,EMP01134,CC0080,EC,3,Departure,,AUD,AU,2025-09-25 06:00:00,PAYROLL
EVT00113043,2025-09-21,EMP02640,CC0115,PA,1,Step Increment,64495.09,CAD,CA,2025-09-21 13:00:00,PAYROLL
EVT00113326,2025-09-14,EMP03189,CC0021,PA,3,Step Increment,109315.74,CAD,CAN,2025-09-15 08:00:00,CORE_HR
EVT00113463,2025-09-21,EMP04068,CC0011,PA,1,Step Increment,64239.01,CAD,CA,2025-09-22 04:00:00,PAYROLL
EVT00112640,2025-09-10,EMP04536,CC0060,PA,4,Leave Start,,CAD,CAN,2025-09-11 11:00:00,CORE_HR
EVT00111859,2025-09-06,EMP05058,CC0044,PA,2,Step Increment,75809.25,CAD,CA,2025-09-06 07:00:00,PAYROLL
EVT00113055,2025-09-27,EMP04477,CC0039,EN,2,Leave Start,,CAD,CA,2025-09-27 08:00:00,PAYROLL
EVT00112258,2025-09-25,EMP01670,CC0095,PA,1,Lateral Deployment,,CAD,CAN,2025-09-26 12:00:00,CORE_HR
EVT00112279,2025-09-16,EMP00195,CC0055,IT,2,Performance Pay,11095.47,CAD,CA,2025-09-16 14:00:00,PAYROLL
EVT00112416,2025-09-03,EMP04603,CC0070,IT,2,Leave Return,,CAD,CAN,2025-09-04 04:00:00,CORE_HR
EVT00112840,2025-09-17,EMP01840,CC0054,EC,1,Step Increment,243494.12,AED,ARE,2025-09-17 15:00:00,CORE_HR
EVT00112529,2025-09-19,EMP03570,CC0079,FI,1,Performance Pay,4642.42,CAD,CA,2025-09-19 13:00:00,PAYROLL
EVT00112922,2025-09-12,EMP00831,CC0078,PA,1,Hire,63961.17,CAD,CAN,2025-09-12 15:00:00,CORE_HR
EVT00112607,2025-09-02,EMP02546,CC0061,CR,5,Step Increment,86410.56,CAD,CAN,2025-09-03 15:00:00,CORE_HR
EVT00112494,2025-09-03,EMP01233,CC0007,AS,1,Leave Start,,AED,ARE,2025-09-04 12:00:00,CORE_HR
EVT00112601,2025-09-06,EMP05101,CC0079,IT,1,Performance Pay,10809.38,CAD,CA,2025-09-06 21:00:00,PAYROLL
EVT00113288,2025-09-12,EMP03663,CC0074,FI,1,Step Increment,57828.19,SGD,SGP,2025-09-13 05:00:00,CORE_HR
EVT00112452,2025-09-08,EMP04874,CC0003,EX,3,Step Increment,194370.8,CAD,CA,2025-09-08 15:00:00,PAYROLL
EVT00113404,2025-09-14,EMP04575,CC0050,IT,3,Lateral Deployment,,CAD,CAN,2025-09-14 15:00:00,CORE_HR
EVT00113566,2025-09-09,EMP01583,CC0070,IT,1,Leave Return,,CAD,CAN,2025-09-10 04:00:00,CORE_HR
EVT00111657,2025-09-24,EMP04418,CC0073,AS,4,Leave Start,,CAD,CAN,2025-09-24 21:00:00,CORE_HR
EVT00113108,2025-09-10,EMP03459,CC0079,FI,3,Lateral Deployment,,CAD,CA,2025-09-11 03:00:00,PAYROLL
EVT00112952,2025-09-01,EMP03172,CC0057,IT,1,Leave Start,,CAD,CAN,2025-09-02 08:00:00,CORE_HR
EVT00111580,2025-09-01,EMP04782,CC0088,EC,3,Leave Start,,EUR,FRA,2025-09-01 21:00:00,CORE_HR
EVT00112826,2025-09-21,EMP02757,CC0068,AS,3,Step Increment,77073.05,CAD,CAN,2025-09-21 15:00:00,CORE_HR
EVT00112641,2025-09-01,EMP00335,CC0014,CR,2,Performance Pay,3563.47,CAD,CAN,2025-09-01 06:00:00,CORE_HR
EVT00112974,2025-09-15,EMP02323,CC0120,EN,1,Step Increment,85215.77,CAD,CAN,2025-09-15 10:00:00,CORE_HR
EVT00112899,2025-09-04,EMP03189,CC0021,PA,3,Promotion,90594.09,CAD,CA,2025-09-04 09:00:00,PAYROLL
EVT00112645,2025-09-25,EMP02741,CC0111,CR,3,Leave Start,,EUR,FRA,2025-09-27 19:00:00,CORE_HR
EVT00112072,2025-09-26,EMP00155,CC0068,EC,1,Step Increment,88708.77,CAD,CAN,2025-09-26 09:00:00,CORE_HR
EVT00111620,2025-09-26,EMP02954,CC0094,AS,4,Leave Start,,CAD,CA,2025-09-26 16:00:00,PAYROLL
EVT00111964,2025-09-16,EMP00281,CC0083,AS,3,Step Increment,75839.99,CAD,CA,2025-09-16 08:00:00,PAYROLL
EVT00112498,2025-09-07,EMP00552,CC0057,IT,4,Lateral Deployment,,CAD,CAN,2025-09-08 02:00:00,CORE_HR
EVT00113088,2025-09-06,EMP03532,CC0031,IT,1,Leave Start,,SGD,SGP,2025-09-06 21:00:00,CORE_HR
EVT00112758,2025-09-06,EMP03408,CC0016,EC,1,Leave Return,,CAD,CAN,2025-09-06 10:00:00,CORE_HR
EVT00112222,2025-09-27,EMP01881,CC0117,IT,1,Leave Start,,CAD,CAN,2025-09-28 15:00:00,CORE_HR
EVT00111760,2025-09-05,EMP00605,CC0069,IT,1,Lateral Deployment,,CAD,CAN,2025-09-08 14:00:00,CORE_HR
EVT00113100,2025-09-13,EMP04762,CC0090,EN,1,Promotion,83105.43,CAD,CAN,2025-09-14 00:00:00,CORE_HR
EVT00111805,2025-09-24,EMP99999,CC0102,IT,1,Departure,,CAD,CAN,2025-09-24 12:00:00,CORE_HR
EVT00113594,2025-09-11,EMP01705,CC0018,PA,3,Hire,70127.41,CAD,CAN,2025-09-12 04:00:00,CORE_HR
EVT00112958,2025-09-01,EMP04150,CC0032,IT,1,Leave Start,,CAD,CA,2025-09-02 10:00:00,PAYROLL
EVT00112455,2025-09-11,EMP02326,CC0009,IT,1,Lateral Deployment,,GBP,GBR,2025-09-11 10:00:00,CORE_HR
EVT00112006,2025-09-21,EMP04540,CC0044,EC,2,Step Increment,100837.99,CAD,CAN,2025-09-22 07:00:00,CORE_HR
EVT00111544,2025-09-08,EMP03204,CC0078,PA,5,Departure,,CAD,CAN,2025-09-08 22:00:00,CORE_HR
EVT00112912,2025-09-21,EMP03734,CC0005,PA,1,Step Increment,64546.62,CAD,CA,2025-09-21 13:00:00,PAYROLL
EVT00111718,2025-09-27,EMP01204,CC0007,IT,3,Leave Return,,MXN,MEX,2025-09-28 14:00:00,CORE_HR
EVT00112074,2025-09-02,EMP01912,CC0077,FI,3,Leave Start,,CAD,CAN,2025-09-02 12:00:00,CORE_HR
EVT00112235,2025-09-02,EMP04600,CC0023,PA,5,Step Increment,117828.74,CAD,CAN,2025-09-03 04:00:00,CORE_HR
EVT00111566,2025-09-12,EMP02116,CC0010,PA,3,Step Increment,81389.11,CAD,CA,2025-09-12 15:00:00,PAYROLL
EVT00112756,2025-09-25,EMP03334,CC0087,AS,2,Lateral Deployment,,CAD,CAN,2025-09-26 15:00:00,CORE_HR
EVT00113589,2025-09-03,EMP03987,CC0081,CR,1,Performance Pay,7571.85,CAD,CA,2025-09-03 13:00:00,PAYROLL
EVT00112664,2025-09-08,EMP01906,CC0060,CR,5,Performance Pay,5125.97,CAD,CAN,2025-09-08 18:00:00,CORE_HR
EVT00111641,2025-09-01,EMP03439,CC0039,IT,3,Leave Start,,CAD,CAN,2025-09-01 10:00:00,CORE_HR
EVT00112837,2025-09-13,EMP02966,CC0053,AS,1,Leave Return,,CAD,CAN,2025-09-13 12:00:00,CORE_HR
EVT00113515,2025-09-19,EMP05169,CC0066,EX,3,Step Increment,191884.48,CAD,CA,2025-09-19 08:00:00,PAYROLL
EVT00111862,2025-09-03,EMP01252,CC0008,EC,1,Performance Pay,7491.81,CAD,CAN,2025-09-04 09:00:00,CORE_HR
EVT00111705,2025-09-02,EMP01429,CC0080,EC,4,Step Increment,6949859.92,INR,IND,2025-09-02 20:00:00,CORE_HR
EVT00113155,2025-09-22,EMP01247,CC0047,EN,1,Step Increment,70400.3,CAD,CAN,2025-09-23 01:00:00,CORE_HR
EVT00112879,2025-09-22,EMP04610,CC0108,IT,3,Leave Return,,BRL,BRA,2025-09-22 15:00:00,CORE_HR
EVT00113027,2025-09-06,EMP03019,CC0080,PA,2,Step Increment,6708210.57,JPY,JP,2025-09-07 11:00:00,PAYROLL
EVT00112859,2025-09-14,EMP02016,CC0068,EX,1,Step Increment,146555.57,CAD,CA,2025-09-15 09:00:00,PAYROLL
EVT00111658,2025-09-15,EMP02051,CC0083,FI,2,Lateral Deployment,,CAD,CA,2025-09-16 05:00:00,PAYROLL
EVT00112271,2025-09-02,EMP00262,CC0018,FI,5,Step Increment,120910.57,CAD,CAN,2025-09-02 12:00:00,CORE_HR
EVT00112677,2025-09-15,EMP02991,CC0083,PA,3,Step Increment,95686.19,CAD,CAN,2025-09-16 15:00:00,CORE_HR
EVT00113036,2025-09-22,EMP03643,CC0079,EC,3,Leave Start,,CAD,CAN,2025-09-23 10:00:00,CORE_HR
EVT00113294,2025-09-21,EMP00437,CC0013,EN,3,Leave Return,,CAD,CAN,2025-09-21 12:00:00,CORE_HR
EVT00111878,2025-09-20,EMP00289,CC0015,FI,3,Step Increment,97636.13,CAD,CA,2025-09-21 13:00:00,PAYROLL
EVT00112183,2025-09-04,EMP00332,CC0045,PA,2,Performance Pay,3733.39,CAD,CAN,2025-09-05 02:00:00,CORE_HR
EVT00112881,2025-09-08,EMP00595,CC0113,EX,1,Step Increment,147332.98,CAD,CAN,2025-09-08 18:00:00,CORE_HR
EVT00112481,2025-09-05,EMP03226,CC0080,PA,2,Promotion,4507998.92,INR,IND,2025-09-05 18:00:00,CORE_HR
EVT00111679,2025-09-06,EMP02876,CC0057,IT,2,Promotion,96753.08,CAD,CA,2025-09-06 10:00:00,PAYROLL
EVT00112369,2025-09-26,EMP00990,CC0068,IT,1,Step Increment,80262.68,CAD,CAN,2025-09-27 15:00:00,CORE_HR
EVT00112389,2025-09-05,EMP01997,CC0007,IT,5,Performance Pay,11762.11,USD,USA,2025-09-05 09:00:00,CORE_HR
EVT00112597,2025-09-12,EMP01102,CC0036,CR,3,Hire,67016.85,CAD,CAN,2025-09-13 00:00:00,CORE_HR
EVT00112121,2025-09-11,EMP01017,CC0104,PA,4,Promotion,104794.26,CAD,CAN,2025-09-11 07:00:00,CORE_HR
EVT00113298,2025-09-20,EMP00736,CC0074,PA,2,Hire,46029.75,SGD,SGP,2025-09-22 12:00:00,CORE_HR
EVT00112979,2025-09-15,EMP04761,CC0086,PA,4,Performance Pay,65590.73,MXN,MEX,2025-09-15 15:00:00,CORE_HR
EVT00112440,2025-09-19,EMP00960,CC0096,CR,4,Leave Start,,CAD,CAN,2025-09-20 06:00:00,CORE_HR
EVT00111698,2025-09-10,EMP05112,CC0076,IT,1,Step Increment,86581.11,CAD,CAN,2025-09-10 08:00:00,CORE_HR
EVT00112250,2025-09-15,EMP02378,CC0044,FI,1,Step Increment,82073.49,CAD,CA,2025-09-15 23:00:00,PAYROLL
EVT00112146,2025-09-01,EMP00383,CC0110,EX,1,Performance Pay,15534.58,CAD,CA,2025-09-01 21:00:00,PAYROLL
EVT00113208,2025-09-16,EMP03782,CC0048,EX,1,Step Increment,140804.72,CAD,CAN,2025-09-17 07:00:00,CORE_HR
EVT00113382,2025-09-25,EMP02578,CC0004,PA,5,Leave Return,,CAD,CAN,2025-09-26 10:00:00,CORE_HR
EVT00112510,2025-09-27,EMP00325,CC0043,IT,3,Leave Return,,CAD,CA,2025-09-27 17:00:00,PAYROLL
EVT00112153,2025-09-13,EMP00319,CC0005,PA,2,Departure,,CAD,CA,2025-09-14 13:00:00,PAYROLL
EVT00112458,2025-09-26,EMP00485,CC0101,PA,3,Performance Pay,5930.26,CAD,CAN,2025-09-26 20:00:00,CORE_HR
EVT00111675,2025-09-10,EMP02827,CC0059,CR,4,Promotion,59444.15,CAD,CA,2025-09-10 11:00:00,PAYROLL
EVT00111629,2025-09-24,EMP01367,CC0079,EN,1,Step Increment,110876.08,CAD,CA,2025-09-25 10:00:00,PAYROLL
EVT00113109,2025-09-15,EMP04155,CC0022,IT,5,Step Increment,141693.96,CAD,CAN,2025-09-16 00:00:00,CORE_HR
EVT00112198,2025-09-19,EMP05175,CC0016,FI,4,Step Increment,110862.53,CAD,CAN,2025-09-19 19:00:00,CORE_HR
EVT00113378,2025-09-15,EMP03931,CC0118,PA,1,Step Increment,63553.76,CAD,CAN,2025-09-16 01:00:00,CORE_HR
EVT00111568,2025-09-23,EMP00123,CC0117,AS,2,Lateral Deployment,,CAD,CAN,2025-09-23 21:00:00,CORE_HR
EVT00112381,2025-09-10,EMP01403,CC0107,PA,2,Departure,,CAD,CAN,2025-09-10 13:00:00,CORE_HR
EVT00112359,2025-09-10,EMP02155,CC0114,EX,1,Hire,136078.23,CAD,CAN,2025-09-10 09:00:00,CORE_HR
EVT00112823,2025-09-17,EMP00969,CC0029,EC,2,Step Increment,66868.81,SGD,SGP,2025-09-18 00:00:00,CORE_HR
EVT00113393,2025-09-03,EMP04598,CC0037,IT,2,Step Increment,104161.78,CAD,CAN,2025-09-03 20:00:00,CORE_HR
EVT00113136,2025-09-12,EMP00858,CC0021,IT,2,Performance Pay,10472.84,CAD,CA,2025-09-12 18:00:00,PAYROLL
EVT00111845,2025-09-15,EMP00796,CC0034,EC,3,Hire,107824.99,CAD,CAN,2025-09-15 21:00:00,CORE_HR
EVT00113144,2025-09-03,EMP04252,CC0064,IT,4,Lateral Deployment,,CAD,CA,2025-09-03 13:00:00,PAYROLL
EVT00112970,2025-09-11,EMP01298,CC0079,FI,3,Step Increment,109512.48,CAD,CAN,2025-09-12 12:00:00,CORE_HR
EVT00113477,2025-09-05,EMP04564,CC0016,IT,2,Lateral Deployment,,CAD,CAN,2025-09-06 15:00:00,CORE_HR
EVT00111539,2025-09-05,EMP01286,CC0115,PA,3,Leave Start,,CAD,CAN,2025-09-05 10:00:00,CORE_HR
EVT00113248,2025-09-26,EMP00978,CC0117,FI,3,Step Increment,103349.55,CAD,CA,2025-09-27 14:00:00,PAYROLL
EVT00112329,2025-09-13,EMP00838,CC0004,IT,3,Leave Start,,CAD,CAN,2025-09-14 04:00:00,CORE_HR
EVT00112613,2025-09-23,EMP03012,CC0014,AS,3,Leave Return,,CAD,CA,2025-09-23 18:00:00,PAYROLL
EVT00112168,2025-09-26,EMP04807,CC0005,EC,3,Lateral Deployment,,CAD,CAN,2025-09-29 11:00:00,CORE_HR
EVT00113076,2025-09-01,EMP04483,CC0119,PA,3,Leave Return,,CAD,CAN,2025-09-01 23:00:00,CORE_HR
EVT00111989,2025-09-21,EMP00314,CC0083,PA,3,Lateral Deployment,,CAD,CAN,2025-09-21 09:00:00,CORE_HR
EVT00111605,2025-09-21,EMP02582,CC0104,EC,1,Step Increment,73200.81,CAD,CA,2025-09-21 08:00:00,PAYROLL
EVT00111603,2025-09-12,EMP00323,CC0025,PA,5,Performance Pay,12891.74,CAD,CA,2025-09-12 22:00:00,PAYROLL
EVT00112007,2025-09-25,EMP01973,CC0026,CR,2,Hire,66391.75,CAD,CAN,2025-09-26 14:00:00,CORE_HR
EVT00112486,2025-09-11,EMP04702,CC0067,PA,1,Step Increment,67902.53,CAD,CA,2025-09-12 13:00:00,PAYROLL
EVT00112587,2025-09-27,EMP05060,CC0090,PA,3,Step Increment,75489.41,CAD,CAN,2025-09-27 08:00:00,CORE_HR
EVT00113426,2025-09-27,EMP04759,CC0072,EC,2,Step Increment,94271.36,CAD,CAN,2025-09-28 03:00:00,CORE_HR
EVT00113287,2025-09-13,EMP01068,CC0063,IT,2,Promotion,96373.66,CAD,CAN,2025-09-14 15:00:00,CORE_HR
EVT00112102,2025-09-18,EMP03721,CC0110,AS,5,Step Increment,93866.2,CAD,CA,2025-09-19 13:00:00,PAYROLL
EVT00111768,2025-09-09,EMP03217,CC0076,FI,4,Leave Return,,CAD,CAN,2025-09-10 10:00:00,CORE_HR
EVT00113210,2025-09-09,EMP00431,CC0072,IT,1,Performance Pay,4995.29,CAD,CAN,2025-09-09 14:00:00,CORE_HR
EVT00111867,2025-09-08,EMP04259,CC0020,PA,3,Leave Return,,CAD,CA,2025-09-09 00:00:00,PAYROLL
EVT00112172,2025-09-02,EMP00755,CC0039,IT,2,Hire,85221.94,CAD,CA,2025-09-03 08:00:00,PAYROLL
EVT00112828,2025-09-23,EMP00334,CC0112,EN,3,Leave Return,,CAD,CA,2025-09-23 07:00:00,PAYROLL
EVT00111553,2025-09-26,EMP03941,CC0055,IT,3,Step Increment,109919.0,CAD,CAN,2025-09-26 18:00:00,CORE_HR
EVT00112321,2025-09-01,EMP02016,CC0068,EX,1,Lateral Deployment,,CAD,CA,2025-09-02 05:00:00,PAYROLL
EVT00112096,2025-09-18,EMP02562,CC0097,IT,3,Leave Return,,CAD,CAN,2025-09-19 07:00:00,CORE_HR
EVT00113468,2025-09-18,EMP03251,CC0076,EC,3,Step Increment,93109.72,CAD,CAN,2025-09-19 08:00:00,CORE_HR
EVT00112325,2025-09-25,EMP00342,CC0020,CR,4,Leave Start,,CAD,CAN,2025-09-25 17:00:00,CORE_HR
EVT00112241,2025-09-19,EMP04586,CC0073,FI,4,Performance Pay,7429.13,CAD,CAN,2025-09-19 19:00:00,CORE_HR
EVT00113095,2025-09-20,EMP02592,CC0059,CR,2,Performance Pay,2637.21,CAD,CA,2025-09-21 06:00:00,PAYROLL
EVT00113197,2025-09-04,EMP04925,CC0067,EX,2,Promotion,175541.31,CAD,CA,2025-09-04 21:00:00,PAYROLL
EVT00113282,2025-09-01,EMP00653,CC0006,AS,3,Departure,,CAD,CAN,2025-09-01 17:00:00,CORE_HR
EVT00112044,2025-09-16,EMP01913,CC0118,FI,3,Performance Pay,11191.14,CAD,CA,2025-09-16 18:00:00,PAYROLL
EVT00112674,2025-09-23,EMP01704,CC0051,PA,2,Step Increment,69885.42,CAD,CAN,2025-09-23 13:00:00,CORE_HR
EVT00113441,2025-09-05,EMP05192,CC0032,PA,3,Promotion,69934.63,CAD,CA,2025-09-06 00:00:00,PAYROLL
EVT00113511,2025-09-12,EMP03424,CC0052,EN,4,Lateral Deployment,,CAD,CAN,2025-09-12 12:00:00,CORE_HR
EVT00112194,2025-09-25,EMP02255,CC0049,EC,5,Leave Return,,KES,KE,2025-09-25 14:00:00,PAYROLL
EVT00111827,2025-09-08,EMP02192,CC0044,EX,1,Step Increment,150367.7,CAD,CAN,2025-09-09 00:00:00,CORE_HR
EVT00112492,2025-09-03,EMP01084,CC0066,IT,3,Performance Pay,15817.61,CAD,CA,2025-09-03 07:00:00,PAYROLL
EVT00111755,2025-09-14,EMP01629,CC0108,CR,2,Leave Start,,INR,IN,2025-09-15 08:00:00,PAYROLL
EVT00111611,2025-09-19,EMP01170,CC0088,PA,5,Leave Start,,USD,USA,2025-09-20 04:00:00,CORE_HR
EVT00111854,2025-09-08,EMP01811,CC0089,IT,2,Performance Pay,12084.76,CAD,CA,2025-09-08 14:00:00,PAYROLL
EVT00112608,2025-09-17,EMP00755,CC0039,IT,2,Lateral Deployment,,CAD,CAN,2025-09-18 11:00:00,CORE_HR
EVT00111914,2025-09-14,EMP05121,CC0032,IT,4,Step Increment,126811.66,CAD,CA,2025-09-15 03:00:00,PAYROLL
EVT00111996,2025-09-19,EMP02006,CC0093,FI,4,Step Increment,125987.31,CAD,CAN,2025-09-19 09:00:00,CORE_HR
EVT00111822,2025-09-22,EMP04668,CC0104,IT,5,Hire,154138.81,CAD,CA,2025-09-22 21:00:00,PAYROLL
EVT00111724,2025-09-20,EMP03062,CC0070,CR,1,Leave Start,,CAD,CA,2025-09-21 13:00:00,PAYROLL
EVT00113437,2025-09-25,EMP03639,CC0119,PA,2,Leave Return,,CAD,CAN,2025-09-26 13:00:00,CORE_HR
EVT00113529,2025-09-14,EMP00316,CC0007,EX,1,Hire,128804.05,USD,US,2025-09-14 21:00:00,PAYROLL
EVT00113489,2025-09-02,EMP02017,CC0104,EC,1,Leave Start,,CAD,CAN,2025-09-02 14:00:00,CORE_HR
EVT00111824,2025-09-11,EMP04592,CC0066,PA,2,Leave Return,,CAD,CAN,2025-09-11 11:00:00,CORE_HR
EVT00113121,2025-09-12,EMP01217,CC0005,IT,2,Lateral Deployment,,CAD,CAN,2025-09-13 20:00:00,CORE_HR
EVT00111785,2025-09-21,EMP03387,CC0117,EC,2,Performance Pay,10613.0,CAD,CA,2025-09-21 23:00:00,PAYROLL
EVT00112622,2025-09-03,EMP02420,CC0081,PA,3,Step Increment,99690.78,CAD,CA,2025-09-06 05:00:00,PAYROLL
EVT00113471,2025-09-19,EMP01272,CC0077,FI,2,Performance Pay,8461.82,CAD,CAN,2025-09-19 12:00:00,CORE_HR
EVT00112360,2025-09-23,EMP04259,CC0020,PA,3,Leave Start,,CAD,CA,2025-09-24 12:00:00,PAYROLL
EVT00112934,2025-09-11,EMP01454,CC0041,AS,2,Step Increment,73659.67,CAD,CAN,2025-09-11 22:00:00,CORE_HR
EVT00113419,2025-09-02,EMP00900,CC0105,EX,2,Step Increment,15822850.28,JPY,JPN,2025-09-03 08:00:00,CORE_HR
EVT00111820,2025-09-02,EMP02193,CC0108,FI,3,Step Increment,1476780.83,MXN,MX,2025-09-02 06:00:00,PAYROLL
EVT00112032,2025-09-12,EMP01666,CC0018,AS,2,Performance Pay,3713.16,CAD,CAN,2025-09-12 07:00:00,CORE_HR
EVT00111754,2025-09-22,EMP03658,CC0059,AS,3,Performance Pay,3234.75,CAD,CAN,2025-09-22 22:00:00,CORE_HR
EVT00111957,2025-09-05,EMP03201,CC0113,CR,3,Step Increment,62949.9,CAD,CAN,2025-09-05 23:00:00,CORE_HR
EVT00113138,2025-09-04,EMP02678,CC0025,CR,1,Leave Start,,CAD,CA,2025-09-05 09:00:00,PAYROLL
EVT00112447,2025-09-27,EMP00852,CC0001,IT,2,Performance Pay,5611.65,CAD,CAN,2025-09-27 14:00:00,CORE_HR
EVT00112955,2025-09-15,EMP04007,CC0027,IT,3,Leave Return,,CAD,CAN,2025-09-16 07:00:00,CORE_HR
EVT00113056,2025-09-04,EMP02567,CC0043,EX,2,Step Increment,165532.28,CAD,CAN,2025-09-04 22:00:00,CORE_HR
EVT00111795,2025-09-19,EMP00003,CC0008,EC,1,Step Increment,84401.17,CAD,CAN,2025-09-20 10:00:00,CORE_HR
EVT00113411,2025-09-01,EMP02725,CC0116,PA,2,Leave Return,,CAD,CAN,2025-09-02 07:00:00,CORE_HR
EVT00112133,2025-09-17,EMP05024,CC0070,PA,4,Step Increment,102577.37,CAD,CAN,2025-09-18 04:00:00,CORE_HR
EVT00113156,2025-09-22,EMP04290,CC0008,CR,3,Step Increment,68247.24,CAD,CA,2025-09-23 08:00:00,PAYROLL
EVT00111936,2025-09-18,EMP02772,CC0070,PA,2,Performance Pay,9822.68,CAD,CAN,2025-09-18 07:00:00,CORE_HR
EVT00111814,2025-09-03,EMP04649,CC0006,FI,3,Step Increment,112952.58,CAD,CAN,2025-09-03 19:00:00,CORE_HR
EVT00111712,2025-09-15,EMP04670,CC0059,CR,1,Performance Pay,4406.3,CAD,CAN,2025-09-16 04:00:00,CORE_HR
EVT00113160,2025-09-20,EMP03844,CC0058,IT,4,Performance Pay,5414.81,CAD,CA,2025-09-21 05:00:00,PAYROLL
EVT00111664,2025-09-21,EMP04834,CC0093,FI,4,Departure,,CAD,CAN,2025-09-21 20:00:00,CORE_HR
EVT00112722,2025-09-22,EMP04591,CC0099,EX,1,Leave Start,,CAD,CA,2025-09-23 10:00:00,PAYROLL
EVT00113217,2025-09-22,EMP02570,CC0101,PA,4,Hire,93330.73,CAD,CAN,2025-09-23 11:00:00,CORE_HR
EVT00113188,2025-09-12,EMP03654,CC0074,EN,2,Performance Pay,3409.99,SGD,SG,2025-09-12 23:00:00,PAYROLL
EVT00113286,2025-09-21,EMP03908,CC0026,EN,2,Performance Pay,13612.93,CAD,CAN,2025-09-21 17:00:00,CORE_HR
EVT00111640,2025-09-09,EMP00434,CC0081,AS,5,Leave Return,,CAD,CAN,2025-09-09 17:00:00,CORE_HR
EVT00113176,2025-09-13,EMP02140,CC0053,FI,4,Step Increment,115923.45,CAD,CAN,2025-09-13 11:00:00,CORE_HR
EVT00112804,2025-09-01,EMP04212,CC0001,IT,1,Step Increment,101892.8,CAD,CA,2025-09-02 01:00:00,PAYROLL
EVT00112809,2025-09-24,EMP04008,CC0107,EX,2,Step Increment,184548.11,CAD,CA,2025-09-24 08:00:00,PAYROLL
EVT00112151,2025-09-10,EMP04507,CC0051,EN,1,Step Increment,96307.12,CAD,CA,2025-09-11 12:00:00,PAYROLL
EVT00113164,2025-09-17,EMP03542,CC0100,PA,3,Step Increment,87443.19,CAD,CAN,2025-09-18 00:00:00,CORE_HR
EVT00112550,2025-09-23,EMP00090,CC0069,AS,2,Step Increment,79256.49,CAD,CAN,2025-09-24 02:00:00,CORE_HR
EVT00112571,2025-09-22,EMP01169,CC0117,CR,4,Step Increment,77813.01,CAD,CA,2025-09-23 07:00:00,PAYROLL
EVT00112576,2025-09-23,EMP00375,CC0083,PA,1,Departure,,CAD,CA,2025-09-23 13:00:00,PAYROLL
EVT00113434,2025-09-20,EMP03520,CC0104,CR,3,Step Increment,63817.58,CAD,CAN,2025-09-21 02:00:00,CORE_HR
EVT00112975,2025-09-22,EMP01087,CC0114,EC,2,Leave Return,,CAD,CAN,2025-09-24 04:00:00,CORE_HR
EVT00112565,2025-09-04,EMP03874,CC0093,PA,1,Step Increment,62225.54,CAD,CA,2025-09-05 09:00:00,PAYROLL
EVT00113170,2025-09-18,EMP01762,CC0037,EN,2,Step Increment,101192.39,CAD,CAN,2025-09-19 00:00:00,CORE_HR
EVT00112982,2025-09-04,EMP02518,CC0086,PA,1,Performance Pay,445733.31,INR,IN,2025-09-06 11:00:00,PAYROLL
EVT00112905,2025-09-05,EMP05058,CC0044,PA,2,Step Increment,75812.63,CAD,CA,2025-09-05 23:00:00,PAYROLL
EVT00112658,2025-09-12,EMP02488,CC0009,PA,2,Leave Start,,EUR,DEU,2025-09-13 13:00:00,CORE_HR
EVT00112776,2025-09-22,EMP02723,CC0022,AS,4,Promotion,93400.17,CAD,CAN,2025-09-25 10:00:00,CORE_HR
EVT00112405,2025-09-27,EMP02043,CC0019,EX,1,Leave Start,,CAD,CA,2025-09-27 16:00:00,PAYROLL
EVT00112320,2025-09-24,EMP04040,CC0045,EX,2,Leave Return,,CAD,CA,2025-09-24 08:00:00,PAYROLL
EVT00111849,2025-09-16,EMP04603,CC0070,IT,2,Step Increment,99423.21,CAD,CAN,2025-09-16 19:00:00,CORE_HR
EVT00113517,2025-09-25,EMP00269,CC0081,PA,1,Lateral Deployment,,CAD,CA,2025-09-26 11:00:00,PAYROLL
EVT00111602,2025-09-21,EMP02931,CC0003,EC,1,Leave Start,,CAD,CA,2025-09-22 14:00:00,PAYROLL
EVT00112223,2025-09-15,EMP03372,CC0087,EN,1,Leave Return,,CAD,CA,2025-09-16 01:00:00,PAYROLL
EVT00112833,2025-09-02,EMP02674,CC0068,CR,3,Step Increment,68117.38,CAD,CA,2025-09-02 17:00:00,PAYROLL
EVT00111749,2025-09-02,EMP04728,CC0083,PA,3,Promotion,96261.7,CAD,CA,2025-09-03 12:00:00,PAYROLL
EVT00112873,2025-09-04,EMP00845,CC0052,PA,2,Step Increment,79044.42,CAD,CAN,2025-09-05 09:00:00,CORE_HR
EVT00111818,2025-09-09,EMP05098,CC0088,IT,1,Step Increment,68184.56,USD,USA,2025-09-09 16:00:00,CORE_HR
EVT00112772,2025-09-14,EMP02072,CC0090,PA,2,Leave Return,,CAD,CA,2025-09-14 08:00:00,PAYROLL
EVT00112578,2025-09-09,EMP00542,CC0117,EX,1,Leave Start,,CAD,CAN,2025-09-10 00:00:00,CORE_HR
EVT00112261,2025-09-05,EMP00385,CC0095,PA,2,Lateral Deployment,,CAD,CAN,2025-09-06 06:00:00,CORE_HR
EVT00112476,2025-09-11,EMP01614,CC0107,EC,4,Performance Pay,14307.79,CAD,CAN,2025-09-11 23:00:00,CORE_HR
EVT00112366,2025-09-25,EMP02543,CC0001,IT,4,Departure,,CAD,CA,2025-09-26 15:00:00,PAYROLL
EVT00112584,2025-09-11,EMP03492,CC0088,EX,1,Step Increment,85801.57,GBP,GB,2025-09-12 08:00:00,PAYROLL
EVT00112620,2025-09-25,EMP02077,CC0068,PA,2,Step Increment,75820.33,CAD,CAN,2025-09-25 10:00:00,CORE_HR
EVT00112029,2025-09-03,EMP03495,CC0082,EN,3,Leave Start,,CAD,CA,2025-09-04 08:00:00,PAYROLL
EVT00111635,2025-09-24,EMP02522,CC0013,CR,3,Step Increment,54686.94,CAD,CAN,2025-09-24 17:00:00,CORE_HR
EVT00112806,2025-09-22,EMP00907,CC0077,EN,2,Departure,,CAD,CAN,2025-09-22 23:00:00,CORE_HR
EVT00111622,2025-09-23,EMP02684,CC0031,EC,5,Performance Pay,41829.16,AED,AE,2025-09-23 09:00:00,PAYROLL
EVT00113215,2025-09-01,EMP03078,CC0010,EC,1,Performance Pay,8956.54,CAD,CAN,2025-09-02 07:00:00,CORE_HR
EVT00113232,2025-09-17,EMP03609,CC0096,AS,2,Leave Start,,CAD,CAN,2025-09-18 09:00:00,CORE_HR
EVT00113442,2025-09-23,EMP01346,CC0093,IT,5,Step Increment,150088.36,CAD,CA,2025-09-23 08:00:00,PAYROLL
EVT00112132,2025-09-08,EMP04538,CC0038,PA,2,Leave Start,,CAD,CA,2025-09-08 07:00:00,PAYROLL
EVT00112137,2025-09-03,EMP01663,CC0018,EX,2,Step Increment,155282.55,CAD,CA,2025-09-04 06:00:00,PAYROLL
EVT00111977,2025-09-10,EMP02286,CC0120,IT,4,Departure,,CAD,CAN,2025-09-11 04:00:00,CORE_HR
EVT00112439,2025-09-26,EMP01954,CC0061,PA,4,Leave Return,,CAD,CAN,2025-09-26 10:00:00,CORE_HR
EVT00112219,2025-09-16,EMP02851,CC0098,AS,2,Step Increment,75858.24,CAD,CAN,2025-09-17 13:00:00,CORE_HR
EVT00111676,2025-09-05,EMP02821,CC0083,EX,1,Promotion,134820.15,CAD,CAN,2025-09-06 06:00:00,CORE_HR
EVT00112401,2025-09-23,EMP04999,CC0019,IT,3,Leave Start,,CAD,CAN,2025-09-24 12:00:00,CORE_HR
EVT00112480,2025-09-07,EMP02944,CC0078,PA,4,Promotion,124245.52,CAD,CA,2025-09-08 02:00:00,PAYROLL
EVT00112375,2025-09-24,EMP00952,CC0118,FI,2,Performance Pay,6849.71,CAD,CA,2025-09-27 07:00:00,PAYROLL
EVT00111915,2025-09-25,EMP04691,CC0016,EN,2,Leave Return,,CAD,CAN,2025-09-25 12:00:00,CORE_HR
EVT00113083,2025-09-11,EMP01666,CC0018,AS,2,Lateral Deployment,,CAD,CA,2025-09-12 11:00:00,PAYROLL
EVT00112413,2025-09-27,EMP01108,CC0091,PA,3,Leave Start,,CAD,CAN,2025-09-27 22:00:00,CORE_HR
EVT00112067,2025-09-11,EMP03816,CC0086,PA,1,Leave Start,,JPY,JPN,2025-09-12 14:00:00,CORE_HR
EVT00113041,2025-09-13,EMP03545,CC0003,PA,3,Lateral Deployment,,CAD,CAN,2025-09-14 02:00:00,CORE_HR
EVT00112685,2025-09-04,EMP03695,CC0099,FI,3,Lateral Deployment,,CAD,CA,2025-09-05 02:00:00,PAYROLL
EVT00113119,1900-01-01,EMP02361,CC0066,FI,3,Step Increment,96868.61,CAD,CAN,2025-09-13 12:00:00,CORE_HR
EVT00112642,2025-09-16,EMP04182,CC0068,EN,5,Leave Return,,CAD,CAN,2025-09-16 23:00:00,CORE_HR
EVT00113358,2025-09-22,EMP03331,CC0064,EN,4,Lateral Deployment,,CAD,CA,2025-09-22 21:00:00,PAYROLL
EVT00113136,2025-09-12,EMP00858,CC0021,IT,2,Performance Pay,10472.84,CAD,CA,2025-09-12 13:00:00,PAYROLL
EVT00112494,2025-09-03,EMP01233,CC0007,AS,1,Leave Start,,AED,ARE,2025-09-06 21:00:00,CORE_HR
EVT00112345,2025-09-17,EMP02532,CC0084,CR,1,Step Increment,51997.22,CAD,CAN,2025-09-18 05:00:00,CORE_HR
EVT00111725,2025-09-01,EMP04320,CC0110,EN,3,Step Increment,107167.35,CAD,CAN,2025-09-02 01:00:00,CORE_HR
EVT00113186,2025-09-27,EMP04076,CC0102,CR,2,Departure,,CAD,CAN,2025-09-27 09:00:00,CORE_HR
EVT00111617,2025-09-09,EMP00152,CC0057,FI,4,Leave Start,,CAD,CA,2025-09-10 04:00:00,PAYROLL
EVT00112094,2025-09-01,EMP02721,CC0085,FI,1,Promotion,84955.88,CAD,CAN,2025-09-01 17:00:00,CORE_HR
EVT00112095,2025-09-04,EMP00722,CC0035,IT,1,Lateral Deployment,,CAD,CA,2025-09-04 10:00:00,PAYROLL
EVT00112669,2025-09-08,EMP00994,CC0083,IT,4,Step Increment,121051.07,CAD,CAN,2025-09-09 15:00:00,CORE_HR
EVT00111959,2025-09-08,EMP04929,CC0073,EN,2,Hire,124244.68,CAD,CAN,2025-09-09 06:00:00,CORE_HR
EVT00113339,2025-09-12,EMP01904,CC0016,EX,1,Step Increment,154143.62,CAD,CAN,2025-09-13 09:00:00,CORE_HR
EVT00112382,2025-09-21,EMP00144,CC0106,FI,4,Step Increment,112834.07,CAD,CA,2025-09-21 12:00:00,PAYROLL
EVT00112630,2025-09-18,EMP01629,CC0108,CR,2,Lateral Deployment,,USD,US,2025-09-18 09:00:00,PAYROLL
EVT00113013,2025-09-12,EMP02728,CC0079,PA,3,Leave Start,,CAD,CAN,2025-09-13 06:00:00,CORE_HR
EVT00112785,2025-09-27,EMP04692,CC0019,EN,5,Step Increment,152158.03,CAD,CA,2025-09-27 21:00:00,PAYROLL
EVT00112760,2025-09-18,EMP02651,CC0020,PA,3,Step Increment,68848.0,CAD,CAN,2025-09-18 08:00:00,CORE_HR
EVT00112779,2025-09-17,EMP04477,CC0039,EN,2,Hire,106489.43,CAD,CAN,2025-09-18 09:00:00,CORE_HR
EVT00113126,2025-09-03,EMP01407,CC0012,PA,4,Leave Start,,CAD,CA,2025-09-03 10:00:00,PAYROLL
EVT00111734,2025-09-27,EMP04699,CC0069,IT,3,Lateral Deployment,,CAD,CAN,2025-09-28 11:00:00,CORE_HR
EVT00112205,2025-09-24,EMP04815,CC0050,IT,1,Departure,,CAD,CAN,2025-09-25 01:00:00,CORE_HR
EVT00113528,2025-09-13,EMP04511,CC0073,CR,3,Step Increment,62778.34,CAD,CA,2025-09-14 12:00:00,PAYROLL
EVT00112914,2025-09-12,EMP03845,CC0057,IT,1,Promotion,86743.19,CAD,CAN,2025-09-13 01:00:00,CORE_HR
EVT00112773,2025-09-25,EMP03792,CC0037,EC,4,Step Increment,112674.98,CAD,CA,2025-09-26 05:00:00,PAYROLL
EVT00112115,2025-09-03,EMP03957,CC0074,IT,1,Step Increment,58161.65,USD,US,2025-09-04 05:00:00,PAYROLL
EVT00111746,2025-09-17,EMP02947,CC0010,IT,1,Lateral Deployment,,CAD,CAN,2025-09-17 21:00:00,CORE_HR
EVT00112156,2025-09-14,EMP04790,CC0060,IT,1,Step Increment,87428.58,CAD,CA,2025-09-14 16:00:00,PAYROLL
EVT00112928,2025-09-26,EMP02563,CC0020,EN,2,Step Increment,98320.12,CAD,CAN,2025-09-26 12:00:00,CORE_HR
EVT00112150,2025-09-25,EMP02060,CC0026,EN,5,Step Increment,158869.13,CAD,CAN,2025-09-26 02:00:00,CORE_HR
EVT00113008,2025-09-11,EMP04690,CC0086,EN,3,Step Increment,445005.42,BRL,BRA,2025-09-12 05:00:00,CORE_HR
EVT00113158,2025-09-10,EMP02893,CC0109,CR,4,Step Increment,73057.18,CAD,CA,2025-09-10 12:00:00,PAYROLL
EVT00113478,2025-09-10,EMP01591,CC0113,IT,1,Step Increment,95303.3,CAD,CAN,2025-09-10 17:00:00,CORE_HR
EVT00112010,2025-09-15,EMP01337,CC0025,IT,2,Performance Pay,9074.74,CAD,CA,2025-09-15 14:00:00,PAYROLL
EVT00113400,2025-09-23,EMP99999,CC0101,EN,3,Step Increment,88905.67,CAD,CAN,2025-09-23 08:00:00,CORE_HR
EVT00112328,2025-09-06,EMP01868,CC0093,CR,1,Step Increment,42412.61,CAD,CAN,2025-09-07 11:00:00,CORE_HR
EVT00111831,2025-09-04,EMP02392,CC0021,PA,4,Promotion,103030.42,CAD,CA,2025-09-04 10:00:00,PAYROLL
EVT00112016,2025-09-17,EMP03017,CC0110,EC,2,Leave Start,,CAD,CA,2025-09-17 13:00:00,PAYROLL
EVT00112538,2025-09-17,EMP00126,CC0058,IT,3,Promotion,109693.19,CAD,CAN,2025-09-17 07:00:00,CORE_HR
EVT00111691,2025-09-08,EMP00095,CC0058,EX,1,Step Increment,123097.84,CAD,CA,2025-09-09 01:00:00,PAYROLL
EVT00113578,2025-09-24,EMP03086,CC0058,AS,5,Step Increment,72160.03,CAD,CA,2025-09-24 17:00:00,PAYROLL
EVT00112721,2025-09-14,EMP00269,CC0081,PA,1,Departure,,CAD,CAN,2025-09-14 15:00:00,CORE_HR
EVT00112307,2025-09-11,EMP04397,CC0002,IT,1,Performance Pay,12261.06,CAD,CA,2025-09-12 01:00:00,PAYROLL
EVT00112430,2025-09-25,EMP03284,CC0092,EN,3,Leave Start,,CAD,CAN,2025-09-25 14:00:00,CORE_HR
EVT00113337,2025-09-23,EMP01332,CC0072,EC,1,Performance Pay,7626.35,CAD,CAN,2025-09-24 00:00:00,CORE_HR
EVT00113180,2025-09-19,EMP03313,CC0057,FI,2,Lateral Deployment,,CAD,CA,2025-09-20 06:00:00,PAYROLL
EVT00113503,2025-09-01,EMP04292,CC0115,EX,1,Hire,138770.09,CAD,CAN,2025-09-02 08:00:00,CORE_HR
EVT00111740,2025-09-12,EMP03825,CC0120,CR,5,Step Increment,67030.54,CAD,CA,2025-09-12 18:00:00,PAYROLL
EVT00112281,2025-09-23,EMP03684,CC0078,PA,2,Performance Pay,3375.41,CAD,CAN,2025-09-23 06:00:00,CORE_HR
EVT00113391,2025-09-26,EMP02653,CC0018,PA,5,Step Increment,81896.21,CAD,CA,2025-09-27 15:00:00,PAYROLL
EVT00112851,2025-09-23,EMP02576,CC0048,IT,2,Step Increment,95291.14,CAD,CA,2025-09-23 15:00:00,PAYROLL
EVT00113271,2025-09-22,EMP03218,CC0090,AS,1,Step Increment,62867.77,CAD,CA,2025-09-22 23:00:00,PAYROLL
EVT00113025,2025-09-02,EMP04241,CC0012,FI,2,Step Increment,91608.57,CAD,CAN,2025-09-02 10:00:00,CORE_HR
EVT00112435,2025-09-19,EMP04740,CC0028,AS,2,Step Increment,69115.86,CAD,CAN,2025-09-19 19:00:00,CORE_HR
EVT00112930,2025-09-23,EMP00605,CC0069,IT,1,Leave Start,,CAD,CAN,2025-09-23 22:00:00,CORE_HR
EVT00111547,2025-09-13,EMP05102,CC0066,CR,4,Performance Pay,8067.53,CAD,CAN,2025-09-14 04:00:00,CORE_HR
EVT00112866,2025-09-21,EMP02761,CC0117,PA,1,Performance Pay,7483.89,CAD,CAN,2025-09-21 10:00:00,CORE_HR
EVT00111591,2025-09-15,EMP04651,CC0103,CR,3,Performance Pay,9576.25,CAD,CAN,2025-09-15 14:00:00,CORE_HR
EVT00113395,2025-09-04,EMP00637,CC0113,PA,2,Promotion,77708.93,CAD,CAN,2025-09-05 14:00:00,CORE_HR
EVT00111926,2025-09-13,EMP03423,CC0065,AS,3,Performance Pay,111556.83,MXN,MEX,2025-09-14 11:00:00,CORE_HR
EVT00111970,2025-09-02,EMP02052,CC0048,AS,2,Hire,66460.63,CAD,CA,2025-09-02 20:00:00,PAYROLL
EVT00113555,2025-09-03,EMP02392,CC0021,PA,4,Departure,,CAD,CA,2025-09-03 11:00:00,PAYROLL
EVT00112769,2025-09-06,EMP04402,CC0025,EX,1,Performance Pay,14513.85,CAD,CAN,2025-09-06 18:00:00,CORE_HR
EVT00112782,2025-09-07,EMP03601,CC0026,CR,3,Promotion,53693.65,CAD,CAN,2025-09-07 22:00:00,CORE_HR
EVT00113530,2025-09-09,EMP04701,CC0055,CR,2,Performance Pay,7219.02,CAD,CAN,2025-09-10 15:00:00,CORE_HR
EVT00111634,2025-09-19,EMP00870,CC0020,IT,4,Leave Return,,CAD,CAN,2025-09-20 10:00:00,CORE_HR
EVT00111571,2025-09-01,EMP04333,CC0019,EC,2,Step Increment,94176.19,CAD,CAN,2025-09-02 12:00:00,CORE_HR
EVT00113153,2025-09-02,EMP01823,CC0075,FI,1,Leave Start,,CAD,CAN,2025-09-02 12:00:00,CORE_HR
EVT00113260,2025-09-03,EMP00644,CC0019,CR,3,Leave Start,,CAD,CAN,2025-09-04 13:00:00,CORE_HR
EVT00112745,2025-09-12,EMP00406,CC0065,AS,5,Lateral Deployment,,INR,IND,2025-09-12 06:00:00,CORE_HR
EVT00111777,2025-09-02,EMP01170,CC0088,PA,5,Step Increment,79110.51,EUR,FR,2025-09-03 13:00:00,PAYROLL
EVT00112082,2025-09-05,EMP03763,CC0053,EX,2,Step Increment,130155.35,CAD,CA,2025-09-05 10:00:00,PAYROLL
EVT00113435,2025-09-26,EMP01104,CC0048,CR,3,Step Increment,74505.45,CAD,CAN,2025-09-27 02:00:00,CORE_HR
EVT00113587,2025-09-24,EMP03145,CC0028,EC,1,Leave Start,,CAD,CAN,2025-09-25 12:00:00,CORE_HR
EVT00111944,2025-09-18,EMP01749,CC0076,CR,5,Promotion,69920.86,CAD,CAN,2025-09-19 02:00:00,CORE_HR
EVT00111810,2025-09-06,EMP04533,CC0087,PA,4,Departure,,CAD,CAN,2025-09-06 08:00:00,CORE_HR
EVT00112210,2025-09-11,EMP03499,CC0044,CR,2,Hire,57309.37,CAD,CAN,2025-09-12 07:00:00,CORE_HR
EVT00112661,2025-09-07,EMP04432,CC0104,FI,2,Leave Return,,CAD,CAN,2025-09-07 10:00:00,CORE_HR
EVT00112739,2025-09-15,EMP03052,CC0093,PA,4,Step Increment,97860.66,CAD,CA,2025-09-16 03:00:00,PAYROLL
EVT00113239,2025-09-21,EMP02262,CC0100,FI,2,Performance Pay,8704.61,CAD,CA,2025-09-21 19:00:00,PAYROLL
EVT00112014,2025-09-23,EMP00217,CC0087,IT,2,Step Increment,105444.53,CAD,CA,2025-09-23 17:00:00,PAYROLL
EVT00112852,2025-09-22,EMP00394,CC0018,IT,3,Step Increment,107280.95,CAD,CAN,2025-09-23 12:00:00,CORE_HR
EVT00113256,2025-09-25,EMP03720,CC0032,EN,4,Departure,,CAD,CA,2025-09-27 23:00:00,PAYROLL
EVT00112039,2025-09-20,EMP00272,CC0071,PA,2,Leave Return,,CAD,CAN,2025-09-23 06:00:00,CORE_HR
EVT00113053,2025-09-10,EMP04069,CC0057,EC,1,Step Increment,98112.17,CAD,CA,2025-09-11 03:00:00,PAYROLL
EVT00112378,2025-09-26,EMP01183,CC0081,PA,2,Lateral Deployment,,CAD,CA,2025-09-27 05:00:00,PAYROLL
EVT00111843,2025-09-07,EMP03796,CC0060,PA,2,Promotion,71139.08,CAD,CA,2025-09-07 20:00:00,PAYROLL
EVT00113403,2025-09-03,EMP04147,CC0064,EN,3,Step Increment,145459.68,CAD,CA,2025-09-03 23:00:00,PAYROLL
EVT00111783,2025-09-22,EMP04898,CC0120,EX,1,Performance Pay,18604.09,CAD,CAN,2025-09-22 13:00:00,CORE_HR
EVT00113169,2025-09-07,EMP02649,CC0028,EC,4,Departure,,CAD,CA,2025-09-07 10:00:00,PAYROLL
EVT00112227,2025-09-27,EMP04105,CC0056,PA,2,Hire,67442.43,CAD,CAN,2025-09-27 23:00:00,CORE_HR
EVT00112600,2025-09-27,EMP05142,CC0057,AS,2,Leave Start,,CAD,CAN,2025-09-28 11:00:00,CORE_HR
EVT00113481,2025-09-11,EMP05044,CC0044,IT,2,Lateral Deployment,,CAD,CA,2025-09-11 18:00:00,PAYROLL
EVT00112783,2025-09-17,EMP01908,CC0118,PA,1,Step Increment,73018.9,CAD,CA,2025-09-18 11:00:00,PAYROLL
EVT00112484,2025-09-02,EMP03824,CC0084,EC,3,Step Increment,111842.33,CAD,CAN,2025-09-03 04:00:00,CORE_HR
EVT00112944,2025-09-14,EMP02832,CC0106,EX,2,Performance Pay,10475.28,CAD,CAN,2025-09-14 16:00:00,CORE_HR
