event_id,event_date,employee_id,cost_center_id,classification_group,classification_level,event_type,amount_local,local_currency,work_country_code,ingest_ts,source_system
EVT00012094,2021-07-20,EMP01374,CC0053,FI,5,Departure,,CAD,CA,2021-07-20 23:00:00,PAYROLL
EVT00012425,2021-07-08,EMP02865,CC0015,FI,2,Departure,,CAD,CAN,2021-07-08 18:00:00,CORE_HR
EVT00013196,2021-07-19,EMP00461,CC0115,CR,3,Departure,,CAD,CAN,2021-07-20 00:00:00,CORE_HR
EVT00013641,2021-07-21,EMP02990,CC0022,PA,3,Leave Start,,CAD,CAN,2021-07-22 01:00:00,CORE_HR
EVT00012334,2021-07-10,EMP00544,CC0049,CR,3,Promotion,242231.6,BRL,BRA,2021-07-11 02:00:00,CORE_HR
EVT00013030,2021-07-12,EMP01440,CC0062,EC,2,Step Increment,77507.01,CAD,CAN,2021-07-13 12:00:00,CORE_HR
EVT00012120,2021-07-23,EMP04129,CC0055,PA,5,Promotion,102434.33,CAD,CA,2021-07-23 23:00:00,PAYROLL
EVT00013673,2021-07-20,EMP00004,CC0101,EC,3,Step Increment,81958.23,CAD,CAN,2021-07-21 05:00:00,CORE_HR
EVT00012107,2021-07-27,EMP01475,CC0105,CR,3,Promotion,74983.03,AUD,AUS,2021-07-27 12:00:00,CORE_HR
EVT00013544,2021-07-26,EMP01817,CC0064,AS,3,Lateral Deployment,,CAD,CA,2021-07-27 15:00:00,PAYROLL
EVT00012910,2021-07-03,EMP01371,CC0041,EN,3,Departure,,CAD,CAN,2021-07-03 15:00:00,CORE_HR
EVT00011927,2021-07-19,EMP00340,CC0103,PA,3,Step Increment,75708.92,CAD,CA,2021-07-20 04:00:00,PAYROLL
EVT00011762,2021-07-09,EMP03653,CC0035,PA,1,Step Increment,64343.1,CAD,CAN,2021-07-10 04:00:00,CORE_HR
EVT00013094,2021-07-27,EMP03568,CC0077,PA,5,Performance Pay,6615.88,CAD,CAN,2021-07-27 08:00:00,CORE_HR
EVT00012183,2021-07-05,EMP02074,CC0014,FI,1,Lateral Deployment,,CAD,CAN,2021-07-05 10:00:00,CORE_HR
EVT00012178,2021-07-19,EMP04715,CC0115,AS,4,Lateral Deployment,,CAD,CA,2021-07-19 15:00:00,PAYROLL
EVT00012936,2021-07-14,EMP03614,CC0104,EX,1,Performance Pay,6365.42,CAD,CAN,2021-07-14 14:00:00,CORE_HR
EVT00013125,2021-07-22,EMP04063,CC0076,CR,1,Performance Pay,6678.23,CAD,CAN,2021-07-22 18:00:00,CORE_HR
EVT00012112,2021-07-24,EMP03416,CC0087,EX,1,Lateral Deployment,,CAD,CA,2021-07-25 01:00:00,PAYROLL
EVT00012095,2021-07-06,EMP00826,CC0071,EX,1,Lateral Deployment,,CAD,CA,2021-07-06 23:00:00,PAYROLL
EVT00013362,2021-07-20,EMP00378,CC0012,AS,3,Step Increment,74436.37,CAD,CAN,2021-07-20 21:00:00,CORE_HR
EVT00011810,2021-07-02,EMP03183,CC0055,CR,4,Leave Start,,CAD,CAN,2021-07-02 07:00:00,CORE_HR
EVT00011789,2021-07-23,EMP04325,CC0022,PA,4,Departure,,CAD,CA,2021-07-24 14:00:00,PAYROLL
EVT00013172,2021-07-26,EMP04204,CC0006,IT,3,Performance Pay,5968.1,CAD,CA,2021-07-26 15:00:00,PAYROLL
EVT00013250,2021-07-05,EMP99999,CC0004,CR,5,Step Increment,76133.5,CAD,CA,2021-07-05 10:00:00,PAYROLL
EVT00013392,2021-07-07,EMP00463,CC0054,EC,2,Performance Pay,478608.63,KES,KEN,2021-07-08 00:00:00,CORE_HR
EVT00011940,2021-07-02,EMP03823,CC0088,CR,1,Leave Return,,BRL,BRA,2021-07-03 09:00:00,CORE_HR
EVT00013219,2021-07-27,EMP04508,CC0054,FI,1,Performance Pay,2698.86,EUR,FR,2021-07-27 08:00:00,PAYROLL
EVT00013120,2021-07-21,EMP03922,CC0071,EN,2,Leave Start,,CAD,CA,2021-07-22 00:00:00,PAYROLL
EVT00012798,2021-07-02,EMP00140,CC0083,CR,5,Leave Return,,CAD,CA,2021-07-02 07:00:00,PAYROLL
EVT00012434,2021-07-23,EMP00040,CC0053,IT,5,Leave Start,,CAD,CA,2021-07-24 08:00:00,PAYROLL
EVT00012076,2021-07-17,EMP01300,CC0091,EX,1,Performance Pay,15158.63,CAD,CAN,2021-07-17 07:00:00,CORE_HR
EVT00012262,2021-07-04,EMP01162,CC0031,AS,2,Hire,260298.42,BRL,BRA,2021-07-04 12:00:00,CORE_HR
EVT00013654,2021-07-19,EMP04554,CC0002,CR,4,Performance Pay,6587.09,CAD,CA,2021-07-20 14:00:00,PAYROLL
EVT00013333,2021-07-14,EMP04346,CC0029,FI,3,Performance Pay,703285.93,INR,IND,2021-07-14 20:00:00,CORE_HR
EVT00012642,2021-07-05,EMP02797,CC0014,AS,1,Performance Pay,4993.29,CAD,CA,2021-07-06 08:00:00,PAYROLL
EVT00012701,2021-07-09,EMP00615,CC0051,EX,1,Performance Pay,16370.58,CAD,CAN,2021-07-09 22:00:00,CORE_HR
EVT00012332,2021-07-18,EMP03755,CC0012,CR,1,Leave Start,,CAD,CA,2021-07-18 21:00:00,PAYROLL
EVT00013376,2021-07-09,EMP04435,CC0118,AS,5,Hire,72161.73,CAD,CAN,2021-07-10 07:00:00,CORE_HR
EVT00013107,2021-07-03,EMP02468,CC0035,IT,1,Step Increment,80013.9,CAD,CAN,2021-07-04 08:00:00,CORE_HR
EVT00012401,2021-07-22,EMP04892,CC0018,EC,4,Step Increment,109502.86,CAD,CAN,2021-07-22 13:00:00,CORE_HR
EVT00012592,2021-07-22,EMP01818,CC0041,IT,5,Lateral Deployment,,CAD,CA,2021-07-25 19:00:00,PAYROLL
EVT00013032,2021-07-19,EMP04934,CC0061,CR,5,Performance Pay,5368.55,CAD,CAN,2021-07-19 18:00:00,CORE_HR
EVT00012324,2021-07-26,EMP01756,CC0041,EC,3,Leave Return,,CAD,CA,2021-07-27 15:00:00,PAYROLL
EVT00013417,2021-07-08,EMP00926,CC0007,CR,1,Lateral Deployment,,AUD,AU,2021-07-09 01:00:00,PAYROLL
EVT00013413,2021-07-03,EMP03159,CC0042,FI,2,Lateral Deployment,,CAD,CA,2021-07-03 08:00:00,PAYROLL
EVT00011852,2021-07-04,EMP02065,CC0117,AS,1,Leave Return,,CAD,CA,2021-07-05 04:00:00,PAYROLL
EVT00012475,2021-07-14,EMP01176,CC0083,AS,1,Leave Return,,CAD,CAN,2021-07-15 02:00:00,CORE_HR
EVT00012036,2021-07-22,EMP04079,CC0064,EN,2,Step Increment,102053.03,CAD,CA,2021-07-23 05:00:00,PAYROLL
EVT00013560,2021-07-14,EMP00590,CC0112,EC,5,Promotion,110125.65,CAD,CAN,2021-07-15 10:00:00,CORE_HR
EVT00011996,2021-07-24,EMP02235,CC0017,AS,5,Promotion,78892.02,CAD,CAN,2021-07-24 22:00:00,CORE_HR
EVT00013130,2021-07-04,EMP00575,CC0025,AS,3,Leave Start,,CAD,CAN,2021-07-04 19:00:00,CORE_HR
EVT00013537,2021-07-10,EMP02188,CC0022,FI,3,Performance Pay,9877.02,CAD,CAN,2021-07-11 15:00:00,CORE_HR
EVT00012946,2021-07-13,EMP01953,CC0056,AS,4,Step Increment,64303.5,CAD,CAN,2021-07-14 00:00:00,CORE_HR
EVT00012383,2021-07-14,EMP03965,CC0009,PA,1,Promotion,45829.84,EUR,DEU,2021-07-15 01:00:00,CORE_HR
EVT00012144,2021-07-12,EMP00917,CC0010,IT,2,Step Increment,91727.02,CAD,CA,2021-07-12 06:00:00,PAYROLL
EVT00013436,2021-07-20,EMP02585,CC0103,PA,4,Performance Pay,8188.01,CAD,CA,2021-07-20 20:00:00,PAYROLL
EVT00013048,2021-07-21,EMP00097,CC0005,PA,2,Step Increment,62567.43,CAD,CA,2021-07-21 16:00:00,PAYROLL
EVT00012095,2021-07-06,EMP00826,CC0071,EX,1,Lateral Deployment,,CAD,CA,2021-07-07 19:00:00,PAYROLL
EVT00012321,2021-07-25,EMP03835,CC0063,CR,5,Lateral Deployment,,CAD,CA,2021-07-25 07:00:00,PAYROLL
EVT00013084,2021-07-25,EMP04166,CC0042,FI,2,Lateral Deployment,,CAD,CAN,2021-07-26 11:00:00,CORE_HR
EVT00012608,2021-07-07,EMP02894,CC0038,FI,1,Departure,,CAD,CA,2021-07-07 09:00:00,PAYROLL
EVT00012040,2021-07-14,EMP03052,CC0093,PA,4,Leave Start,,CAD,CA,2021-07-14 21:00:00,PAYROLL
EVT00012184,2021-07-27,EMP03263,CC0015,IT,1,Performance Pay,10094.3,CAD,CA,2021-07-28 02:00:00,PAYROLL
EVT00013181,2021-07-12,EMP04717,CC0101,EN,1,Step Increment,77156.36,CAD,CAN,2021-07-15 06:00:00,CORE_HR
EVT00013480,2021-07-25,EMP01637,CC0081,PA,4,Step Increment,83808.84,CAD,CA,2021-07-26 06:00:00,PAYROLL
EVT00013505,2021-07-10,EMP00033,CC0037,EC,1,Leave Start,,CAD,CA,2021-07-11 00:00:00,PAYROLL
EVT00012009,2021-07-18,EMP02617,CC0017,IT,2,Lateral Deployment,,CAD,CA,2021-07-19 08:00:00,PAYROLL
EVT00012526,2021-07-26,EMP03355,CC0087,FI,3,Step Increment,110335.34,CAD,CAN,2021-07-27 13:00:00,CORE_HR
EVT00013642,2021-07-21,EMP01432,CC0011,EN,2,Leave Return,,CAD,CAN,2021-07-21 07:00:00,CORE_HR
EVT00012529,2021-07-16,EMP00032,CC0119,EN,5,Leave Return,,CAD,CA,2021-07-17 06:00:00,PAYROLL
EVT00012655,2021-07-18,EMP01250,CC0029,PA,2,Step Increment,203102.41,AED,ARE,2021-07-18 23:00:00,CORE_HR
EVT00012377,2021-07-21,EMP01201,CC0053,PA,2,Lateral Deployment,,CAD,CA,2021-07-21 11:00:00,PAYROLL
EVT00012057,2021-07-16,EMP00013,CC0028,IT,2,Step Increment,88013.53,CAD,CA,2021-07-17 05:00:00,PAYROLL
EVT00013519,2021-07-05,EMP04359,CC0086,EX,2,Step Increment,16349656.01,KES,KE,2021-07-05 20:00:00,PAYROLL
EVT00012047,2021-07-06,EMP00716,CC0054,IT,1,Leave Return,,EUR,DEU,2021-07-06 20:00:00,CORE_HR
EVT00011958,2021-07-08,EMP01229,CC0118,FI,2,Promotion,66666.52,CAD,CAN,2021-07-09 01:00:00,CORE_HR
EVT00012618,2021-07-07,EMP04287,CC0043,EN,5,Step Increment,126543.49,CAD,CAN,2021-07-07 09:00:00,CORE_HR
EVT00013569,2021-07-08,EMP02920,CC0006,AS,3,Performance Pay,4286.72,CAD,CA,2021-07-08 18:00:00,PAYROLL
EVT00012469,2021-07-24,EMP04449,CC0026,PA,2,Step Increment,70726.58,CAD,CAN,2021-07-24 13:00:00,CORE_HR
EVT00011948,2021-07-03,EMP01791,CC0045,PA,2,Lateral Deployment,,CAD,CAN,2021-07-03 08:00:00,CORE_HR
EVT00012066,2021-07-24,EMP01854,CC0072,IT,4,Step Increment,87659.69,CAD,CAN,2021-07-25 08:00:00,CORE_HR
EVT00011884,2021-07-24,EMP03010,CC0063,CR,1,Step Increment,46442.37,CAD,CA,2021-07-24 12:00:00,PAYROLL
EVT00012587,2021-07-04,EMP00001,CC0062,CR,1,Departure,,CAD,CAN,2021-07-04 22:00:00,CORE_HR
EVT00012824,2021-07-03,EMP00988,CC0116,EX,1,Leave Return,,CAD,CA,2021-07-04 03:00:00,PAYROLL
EVT00012998,2021-07-23,EMP00396,CC0071,PA,4,Step Increment,63218.83,CAD,CA,2021-07-24 00:00:00,PAYROLL
EVT00013063,2021-07-04,EMP04810,CC0099,AS,2,Step Increment,50424.52,CAD,CA,2021-07-05 03:00:00,PAYROLL
EVT00012828,2021-07-12,EMP03706,CC0050,EX,1,Leave Return,,CAD,CAN,2021-07-13 01:00:00,CORE_HR
EVT00012046,2021-07-11,EMP01434,CC0119,IT,3,Leave Start,,CAD,CA,2021-07-12 08:00:00,PAYROLL
EVT00012606,2021-07-22,EMP01673,CC0094,AS,2,Leave Return,,CAD,CAN,2021-07-22 17:00:00,CORE_HR
EVT00013663,2021-07-08,EMP03569,CC0050,IT,2,Lateral Deployment,,CAD,CA,2021-07-09 06:00:00,PAYROLL
EVT00011953,2021-07-06,EMP02644,CC0100,EC,2,Step Increment,67854.54,CAD,CA,2021-07-07 14:00:00,PAYROLL
EVT00012707,1900-01-01,EMP02461,CC0087,CR,2,Performance Pay,6990.26,CAD,CAN,2021-07-24 11:00:00,CORE_HR
EVT00012749,2021-07-27,EMP04085,CC0095,IT,3,Hire,89067.52,CAD,CAN,2021-07-28 08:00:00,CORE_HR
EVT00011891,2021-07-18,EMP03321,CC0023,PA,2,Hire,63600.68,CAD,CAN,2021-07-19 05:00:00,CORE_HR
EVT00013443,2021-07-27,EMP04716,CC0109,EN,1,Step Increment,83021.1,CAD,CAN,2021-07-28 10:00:00,CORE_HR
EVT00011975,2021-07-24,EMP03099,CC0034,EN,2,Departure,,CAD,CA,2021-07-24 17:00:00,PAYROLL
EVT00011854,2021-07-22,EMP03562,CC0009,PA,5,Step Increment,10241595.83,KES,KEN,2021-07-23 09:00:00,CORE_HR
EVT00012170,2021-07-04,EMP03105,CC0002,PA,1,Departure,,CAD,CA,2021-07-05 12:00:00,PAYROLL
EVT00012485,2021-07-19,EMP04485,CC0037,AS,3,Step Increment,71184.33,CAD,CAN,2021-07-20 00:00:00,CORE_HR
EVT00012560,2021-07-27,EMP00575,CC0025,AS,3,Lateral Deployment,,CAD,CAN,2021-07-27 15:00:00,CORE_HR
EVT00012127,2021-07-19,EMP01027,CC0044,AS,4,Performance Pay,5291.14,CAD,CAN,2021-07-19 10:00:00,CORE_HR
EVT00012916,2021-07-10,EMP99999,CC0094,AS,4,Leave Return,,CAD,CAN,2021-07-10 21:00:00,CORE_HR
EVT00012920,2021-07-26,EMP04742,CC0020,IT,2,Step Increment,85554.69,CAD,CAN,2021-07-27 09:00:00,CORE_HR
EVT00013136,2021-07-01,EMP02948,CC0018,AS,1,Step Increment,59446.11,CAD,CA,2021-07-01 20:00:00,PAYROLL
EVT00012274,2021-07-10,EMP02765,CC0076,AS,4,Step Increment,82870.51,CAD,CA,2021-07-10 14:00:00,PAYROLL
EVT00012109,2021-07-18,EMP03379,CC0055,PA,1,Leave Return,,CAD,CAN,2021-07-19 11:00:00,CORE_HR
EVT00013532,2021-07-23,EMP03240,CC0055,PA,5,Lateral Deployment,,CAD,CAN,2021-07-23 09:00:00,CORE_HR
EVT00013650,2021-07-03,EMP01667,CC0025,IT,3,Leave Start,,CAD,CA,2021-07-03 06:00:00,PAYROLL
EVT00012726,2021-07-16,EMP00469,CC0036,PA,2,Leave Start,,CAD,CA,2021-07-16 14:00:00,PAYROLL
EVT00012508,2021-07-03,EMP01731,CC0099,EN,2,Performance Pay,8118.24,CAD,CAN,2021-07-04 03:00:00,CORE_HR
EVT00011765,2021-07-19,EMP01342,CC0083,IT,1,Step Increment,74485.55,CAD,CAN,2021-07-20 06:00:00,CORE_HR
EVT00011772,2021-07-07,EMP01887,CC0038,PA,3,Lateral Deployment,,CAD,CAN,2021-07-08 04:00:00,CORE_HR
EVT00012385,2021-07-24,EMP03859,CC0032,FI,3,Performance Pay,9248.39,CAD,CAN,2021-07-24 13:00:00,CORE_HR
EVT00011919,2021-07-01,EMP03056,CC0041,EC,5,Step Increment,108272.29,CAD,CA,2021-07-02 05:00:00,PAYROLL
EVT00013440,2021-07-12,EMP04719,CC0035,IT,5,Performance Pay,15926.03,CAD,CAN,2021-07-12 12:00:00,CORE_HR
EVT00013044,2021-07-09,EMP01799,CC0067,AS,3,Leave Start,,CAD,CA,2021-07-10 07:00:00,PAYROLL
EVT00012638,2021-07-10,EMP01797,CC0116,FI,3,Hire,71302.57,CAD,CAN,2021-07-10 19:00:00,CORE_HR
EVT00012267,2021-07-12,EMP04102,CC0094,PA,3,Promotion,80702.74,CAD,CA,2021-07-12 21:00:00,PAYROLL
EVT00012058,2021-07-18,EMP01804,CC0093,PA,1,Leave Start,,CAD,CAN,2021-07-18 18:00:00,CORE_HR
EVT00013411,2021-07-03,EMP00838,CC0004,IT,3,Leave Return,,CAD,CAN,2021-07-03 06:00:00,CORE_HR
EVT00012509,2021-07-27,EMP03388,CC0083,EC,1,Leave Start,,CAD,CAN,2021-07-28 15:00:00,CORE_HR
EVT00013338,2021-07-05,EMP01160,CC0072,CR,4,Leave Return,,CAD,CA,2021-07-06 11:00:00,PAYROLL
EVT00013087,2021-07-23,EMP00145,CC0072,AS,2,Step Increment,59562.55,CAD,CAN,2021-07-23 22:00:00,CORE_HR
EVT00013530,2021-07-03,EMP01229,CC0118,FI,2,Step Increment,85390.13,CAD,CAN,2021-07-04 13:00:00,CORE_HR
EVT00011970,2021-07-04,EMP00121,CC0113,FI,2,Leave Start,,CAD,CA,2021-07-05 07:00:00,PAYROLL
EVT00012536,2021-07-13,EMP03783,CC0057,PA,2,Performance Pay,5860.66,CAD,CAN,2021-07-14 08:00:00,CORE_HR
EVT00012918,2021-07-11,EMP01304,CC0074,FI,2,Hire,225196.16,AED,ARE,2021-07-12 08:00:00,CORE_HR
EVT00012217,2021-07-25,EMP00517,CC0064,IT,2,Leave Start,,CAD,CA,2021-07-26 13:00:00,PAYROLL
EVT00012607,2021-07-08,EMP04183,CC0017,EN,3,Performance Pay,5880.84,CAD,CAN,2021-07-09 03:00:00,CORE_HR
EVT00012365,2021-07-14,EMP03062,CC0070,CR,1,Step Increment,40744.22,CAD,CA,2021-07-14 09:00:00,PAYROLL
EVT00011892,2021-07-24,EMP03245,CC0025,EX,1,Leave Start,,CAD,CA,2021-07-24 08:00:00,PAYROLL
EVT00013233,2021-07-06,EMP01404,CC0117,EN,3,Performance Pay,10524.16,CAD,CAN,2021-07-06 15:00:00,CORE_HR
EVT00013216,2021-07-26,EMP00482,CC0111,PA,1,Step Increment,153722.17,AED,AE,2021-07-26 18:00:00,PAYROLL
EVT00013160,2021-07-09,EMP02361,CC0066,FI,3,Leave Start,,CAD,CA,2021-07-09 08:00:00,PAYROLL
EVT00011971,2021-07-16,EMP04437,CC0071,EN,5,Step Increment,133460.1,CAD,CAN,2021-07-16 15:00:00,CORE_HR
EVT00011898,2021-07-11,EMP04811,CC0071,PA,3,Step Increment,78996.69,CAD,CAN,2021-07-11 19:00:00,CORE_HR
EVT00013227,2021-07-03,EMP03538,CC0099,PA,2,Performance Pay,3334.58,CAD,CA,2021-07-04 07:00:00,PAYROLL
EVT00013364,2021-07-09,EMP03758,CC0007,AS,3,Step Increment,7866535.88,KES,KE,2021-07-09 13:00:00,PAYROLL
EVT00013621,2021-07-13,EMP01153,CC0031,AS,3,Step Increment,183625.09,AED,AE,2021-07-14 00:00:00,PAYROLL
EVT00013193,2021-07-04,EMP00559,CC0034,FI,4,Performance Pay,11745.3,CAD,CAN,2021-07-04 07:00:00,CORE_HR
EVT00013497,2021-07-09,EMP03069,CC0018,IT,5,Step Increment,153089.27,CAD,CAN,2021-07-09 09:00:00,CORE_HR
EVT00013028,2021-07-22,EMP01912,CC0077,FI,3,Leave Return,,CAD,CA,2021-07-23 07:00:00,PAYROLL
EVT00012402,2021-07-06,EMP03439,CC0039,IT,3,Hire,108215.74,CAD,CA,2021-07-07 09:00:00,PAYROLL
EVT00012163,2021-07-26,EMP03092,CC0098,PA,1,Leave Return,,CAD,CAN,2021-07-27 01:00:00,CORE_HR
EVT00013683,2021-07-18,EMP01374,CC0053,FI,5,Step Increment,111480.97,CAD,CA,2021-07-19 15:00:00,PAYROLL
EVT00012784,2021-07-19,EMP00272,CC0071,PA,2,Step Increment,88073.87,CAD,CA,2021-07-20 13:00:00,PAYROLL
EVT00012405,2021-07-18,EMP03089,CC0031,EN,4,Leave Start,,AED,AE,2021-07-19 03:00:00,PAYROLL
EVT00011946,2021-07-07,EMP03855,CC0008,EN,1,Step Increment,64644.71,CAD,CA,2021-07-08 14:00:00,PAYROLL
EVT00012647,2021-07-23,EMP02080,CC0113,EX,1,Performance Pay,6645.48,CAD,CAN,2021-07-23 06:00:00,CORE_HR
EVT00012155,2021-07-11,EMP04268,CC0005,PA,2,Lateral Deployment,,CAD,CAN,2021-07-12 07:00:00,CORE_HR
EVT00012259,2021-07-22,EMP04862,CC0049,FI,1,Step Increment,79275.67,AUD,AU,2021-07-22 18:00:00,PAYROLL
EVT00013397,2021-07-16,EMP03530,CC0086,IT,4,Leave Start,,KES,KEN,2021-07-17 08:00:00,CORE_HR
EVT00013596,2021-07-14,EMP03762,CC0063,CR,2,Leave Return,,CAD,CA,2021-07-15 13:00:00,PAYROLL
EVT00013622,2021-07-25,EMP04631,CC0083,AS,4,Leave Start,,CAD,CA,2021-07-25 23:00:00,PAYROLL
EVT00012898,2021-07-27,EMP04432,CC0104,FI,2,Lateral Deployment,,CAD,CAN,2021-07-28 02:00:00,CORE_HR
EVT00013082,2021-07-17,EMP04930,CC0037,FI,5,Step Increment,116211.89,CAD,CAN,2021-07-18 06:00:00,CORE_HR
EVT00012456,2021-07-06,EMP01649,CC0091,EN,3,Leave Start,,CAD,CAN,2021-07-06 21:00:00,CORE_HR
EVT00013039,2021-07-20,EMP01220,CC0070,AS,4,Performance Pay,10466.08,CAD,CAN,2021-07-20 23:00:00,CORE_HR
EVT00013068,2021-07-08,EMP02356,CC0091,PA,2,Performance Pay,7562.39,CAD,CA,2021-07-09 15:00:00,PAYROLL
EVT00013220,2021-07-21,EMP03515,CC0071,PA,4,Leave Return,,CAD,CAN,2021-07-21 14:00:00,CORE_HR
EVT00013247,2021-07-16,EMP04869,CC0059,EN,1,Hire,74191.94,CAD,CAN,2021-07-16 10:00:00,CORE_HR
EVT00012071,2021-07-27,EMP03207,CC0116,CR,2,Leave Return,,CAD,CAN,2021-07-27 13:00:00,CORE_HR
EVT00012719,2021-07-25,EMP00272,CC0071,PA,2,Step Increment,79338.01,CAD,CAN,2021-07-25 21:00:00,CORE_HR
EVT00013128,2021-07-04,EMP01292,CC0113,AS,3,Step Increment,66636.87,CAD,CAN,2021-07-05 11:00:00,CORE_HR
EVT00012856,2021-07-21,EMP02027,CC0036,IT,4,Leave Start,,CAD,CAN,2021-07-21 22:00:00,CORE_HR
EVT00012558,2021-07-21,EMP00645,CC0076,FI,2,Performance Pay,9884.11,CAD,CAN,2021-07-22 09:00:00,CORE_HR
EVT00013570,2021-07-05,EMP03737,CC0089,CR,1,Departure,,CAD,CAN,2021-07-06 14:00:00,CORE_HR
EVT00012474,2021-07-01,EMP03562,CC0009,PA,5,Step Increment,111328.64,AUD,AUS,2021-07-01 15:00:00,CORE_HR
EVT00012099,2021-07-24,EMP02064,CC0049,PA,3,Departure,,GBP,GBR,2021-07-24 23:00:00,CORE_HR
EVT00012858,2021-07-08,EMP03145,CC0028,EC,1,Leave Start,,CAD,CAN,2021-07-08 21:00:00,CORE_HR
EVT00012394,2021-07-15,EMP03578,CC0048,EC,3,Leave Return,,CAD,CA,2021-07-16 08:00:00,PAYROLL
EVT00012557,2021-07-05,EMP03892,CC0116,PA,1,Step Increment,55596.7,CAD,CAN,2021-07-05 22:00:00,CORE_HR
EVT00011997,2021-07-11,EMP00721,CC0049,AS,3,Performance Pay,5503.38,USD,US,2021-07-12 04:00:00,PAYROLL
EVT00012978,2021-07-23,EMP03501,CC0070,EC,4,Step Increment,137748.65,CAD,CA,2021-07-24 10:00:00,PAYROLL
EVT00013103,2021-07-16,EMP04914,CC0037,PA,5,Step Increment,94325.98,CAD,CAN,2021-07-17 07:00:00,CORE_HR
EVT00013249,2021-07-17,EMP04036,CC0038,EC,3,Promotion,92824.19,CAD,CAN,2021-07-17 16:00:00,CORE_HR
EVT00011799,2021-07-13,EMP00393,CC0011,FI,4,Step Increment,82177.1,CAD,CAN,2021-07-14 00:00:00,CORE_HR
EVT00013494,2021-07-09,EMP01057,CC0013,IT,4,Step Increment,119276.36,CAD,CAN,2021-07-10 11:00:00,CORE_HR
EVT00013121,2021-07-17,EMP03387,CC0117,EC,2,Step Increment,88775.36,CAD,CA,2021-07-17 08:00:00,PAYROLL
EVT00012098,2021-07-26,EMP01143,CC0079,IT,3,Step Increment,104908.39,CAD,CAN,2021-07-27 03:00:00,CORE_HR
EVT00012589,2021-07-12,EMP01539,CC0006,CR,3,Performance Pay,6624.91,CAD,CAN,2021-07-13 14:00:00,CORE_HR
EVT00013026,2021-07-16,EMP03846,CC0031,AS,1,Departure,,SGD,SG,2021-07-17 10:00:00,PAYROLL
EVT00012965,2021-07-05,EMP00376,CC0001,EX,1,Step Increment,133040.49,CAD,CAN,2021-07-05 09:00:00,CORE_HR
EVT00012016,2021-07-02,EMP02661,CC0062,AS,3,Leave Return,,CAD,CA,2021-07-03 11:00:00,PAYROLL
EVT00012849,2021-07-18,EMP01272,CC0077,FI,2,Promotion,70507.61,CAD,CAN,2021-07-18 13:00:00,CORE_HR
EVT00013215,2021-07-07,EMP02289,CC0043,AS,5,Performance Pay,6782.43,CAD,CA,2021-07-07 08:00:00,PAYROLL
EVT00012463,2021-07-12,EMP04976,CC0053,CR,4,Leave Start,,CAD,CA,2021-07-13 06:00:00,PAYROLL
EVT00012446,2021-07-12,EMP04196,CC0065,EC,2,Hire,942806.46,MXN,MX,2021-07-13 07:00:00,PAYROLL
EVT00012323,2021-07-19,EMP04686,CC0089,EC,5,Lateral Deployment,,CAD,CAN,2021-07-19 17:00:00,CORE_HR
EVT00012630,2021-07-06,EMP02674,CC0068,CR,2,Leave Start,,CAD,CA,2021-07-06 20:00:00,PAYROLL
EVT00012252,2021-07-25,EMP01574,CC0020,PA,3,Leave Return,,CAD,CAN,2021-07-25 08:00:00,CORE_HR
EVT00013649,2021-07-15,EMP03303,CC0096,EX,1,Step Increment,128382.37,CAD,CAN,2021-07-16 15:00:00,CORE_HR
EVT00012654,2021-07-04,EMP03960,CC0057,PA,5,Departure,,CAD,CAN,2021-07-05 06:00:00,CORE_HR
EVT00012244,2021-07-08,EMP01005,CC0102,PA,1,Performance Pay,8237.33,CAD,CAN,2021-07-09 02:00:00,CORE_HR
EVT00012735,2021-07-19,EMP03206,CC0090,PA,1,Hire,64411.21,CAD,CAN,2021-07-19 22:00:00,CORE_HR
EVT00012279,2021-07-19,EMP01380,CC0019,PA,2,Lateral Deployment,,CAD,CAN,2021-07-19 23:00:00,CORE_HR
EVT00012754,2021-07-21,EMP03423,CC0065,AS,3,Step Increment,48242.46,EUR,FR,2021-07-21 08:00:00,PAYROLL
EVT00013236,2021-07-02,EMP03531,CC0041,IT,3,Leave Start,,CAD,CA,2021-07-03 00:00:00,PAYROLL
EVT00013067,2021-07-10,EMP04726,CC0020,AS,3,Leave Return,,CAD,CAN,2021-07-10 22:00:00,CORE_HR
EVT00011744,2021-07-05,EMP00962,CC0069,PA,3,Promotion,79247.61,CAD,CAN,2021-07-05 10:00:00,CORE_HR
EVT00011877,2021-07-16,EMP00179,CC0024,AS,1,Performance Pay,6731.51,CAD,CAN,2021-07-16 07:00:00,CORE_HR
EVT00011900,2021-07-17,EMP04924,CC0105,EN,1,Promotion,8608760.72,KES,KE,2021-07-17 21:00:00,PAYROLL
EVT00012317,2021-07-19,EMP00729,CC0105,PA,3,Step Increment,66789.97,USD,USA,2021-07-19 06:00:00,CORE_HR
EVT00013639,2021-07-21,EMP04549,CC0050,IT,1,Departure,,CAD,CA,2021-07-22 05:00:00,PAYROLL
EVT00013113,2021-07-19,EMP02097,CC0063,IT,3,Departure,,CAD,CA,2021-07-20 07:00:00,PAYROLL
EVT00012633,2021-07-13,EMP01356,CC0005,AS,3,Step Increment,62323.67,CAD,CAN,2021-07-14 11:00:00,CORE_HR
EVT00013591,2021-07-07,EMP01433,CC0037,FI,3,Performance Pay,4609.13,CAD,CAN,2021-07-08 12:00:00,CORE_HR
EVT00011750,2021-07-01,EMP03048,CC0053,CR,3,Step Increment,59918.25,CAD,CA,2021-07-01 14:00:00,PAYROLL
EVT00012643,2021-07-03,EMP01193,CC0054,CR,5,Performance Pay,183257.91,INR,IN,2021-07-03 10:00:00,PAYROLL
EVT00012448,2021-07-03,EMP02120,CC0008,IT,4,Leave Start,,CAD,CAN,2021-07-03 17:00:00,CORE_HR
EVT00012753,2021-07-11,EMP00889,CC0005,EN,2,Leave Return,,CAD,CA,2021-07-11 17:00:00,PAYROLL
EVT00011833,2021-07-11,EMP01346,CC0093,IT,5,Step Increment,132752.05,CAD,CAN,2021-07-12 02:00:00,CORE_HR
EVT00012193,2021-07-22,EMP03594,CC0012,IT,2,Promotion,95908.45,CAD,CAN,2021-07-22 08:00:00,CORE_HR
EVT00012942,2021-07-16,EMP01415,CC0035,EX,2,Promotion,135764.03,CAD,CAN,2021-07-16 17:00:00,CORE_HR
EVT00012329,2021-07-22,EMP02111,CC0061,EC,1,Step Increment,86313.22,CAD,CA,2021-07-22 09:00:00,PAYROLL
EVT00012791,2021-07-26,EMP00454,CC0037,EN,2,Leave Start,,CAD,CAN,2021-07-26 20:00:00,CORE_HR
EVT00011842,2021-07-04,EMP02227,CC0027,PA,1,Step Increment,56522.33,CAD,CAN,2021-07-05 01:00:00,CORE_HR
EVT00012556,2021-07-12,EMP01715,CC0033,FI,3,Step Increment,85135.54,CAD,CAN,2021-07-12 15:00:00,CORE_HR
EVT00013052,2021-07-17,EMP02871,CC0116,IT,1,Hire,84152.61,CAD,CAN,2021-07-18 08:00:00,CORE_HR
EVT00012248,2021-07-24,EMP01077,CC0014,IT,1,Performance Pay,8786.55,CAD,CA,2021-07-25 10:00:00,PAYROLL
EVT00012130,2021-07-27,EMP02165,CC0039,FI,2,Step Increment,85952.5,CAD,CAN,2021-07-27 23:00:00,CORE_HR
EVT00012344,2021-07-06,EMP01749,CC0076,CR,5,Step Increment,81375.63,CAD,CAN,2021-07-06 09:00:00,CORE_HR
EVT00012554,2021-07-26,EMP00078,CC0025,EC,3,Lateral Deployment,,CAD,CAN,2021-07-27 10:00:00,CORE_HR
EVT00012787,2021-07-14,EMP02679,CC0063,EX,1,Leave Return,,CAD,CAN,2021-07-14 09:00:00,CORE_HR
EVT00012622,2021-07-25,EMP02890,CC0095,PA,1,Step Increment,61650.36,CAD,CAN,2021-07-26 03:00:00,CORE_HR
EVT00012501,2021-07-16,EMP02604,CC0014,FI,3,Performance Pay,5300.25,CAD,CAN,2021-07-16 15:00:00,CORE_HR
EVT00013347,2021-07-03,EMP03499,CC0044,CR,2,Step Increment,52630.12,CAD,CAN,2021-07-03 19:00:00,CORE_HR
EVT00012452,2021-07-19,EMP03112,CC0081,FI,1,Leave Start,,CAD,CAN,2021-07-20 09:00:00,CORE_HR
EVT00013705,2021-07-14,EMP01934,CC0027,FI,5,Hire,116813.42,CAD,CA,2021-07-14 07:00:00,PAYROLL
EVT00011760,2021-07-09,EMP04384,CC0120,PA,1,Step Increment,63304.51,CAD,CAN,2021-07-09 09:00:00,CORE_HR
EVT00012004,2021-07-25,EMP03623,CC0094,PA,3,Step Increment,83553.26,CAD,CAN,2021-07-25 16:00:00,CORE_HR
EVT00012298,2021-07-04,EMP00946,CC0073,IT,3,Performance Pay,8398.06,CAD,CAN,2021-07-05 03:00:00,CORE_HR
EVT00011974,2021-07-07,EMP00120,CC0117,EC,1,Step Increment,71249.29,CAD,CA,2021-07-08 00:00:00,PAYROLL
EVT00011917,2021-07-02,EMP02750,CC0053,CR,3,Performance Pay,3042.59,CAD,CA,2021-07-02 21:00:00,PAYROLL
EVT00013515,2021-07-15,EMP03570,CC0079,FI,1,Departure,,CAD,CA,2021-07-16 04:00:00,PAYROLL
EVT00012311,2021-07-08,EMP02363,CC0020,FI,1,Leave Return,,CAD,CA,2021-07-09 01:00:00,PAYROLL
EVT00013027,2021-07-09,EMP02216,CC0083,EX,1,Performance Pay,9523.35,CAD,CAN,2021-07-10 15:00:00,CORE_HR
EVT00012171,2021-07-02,EMP03687,CC0017,CR,3,Performance Pay,2797.15,CAD,CA,2021-07-03 13:00:00,PAYROLL
EVT00012621,2021-07-23,EMP03110,CC0112,FI,3,Lateral Deployment,,CAD,CA,2021-07-23 20:00:00,PAYROLL
EVT00013408,2021-07-20,EMP01459,CC0051,PA,5,Step Increment,97319.88,CAD,CA,2021-07-20 19:00:00,PAYROLL
EVT00013558,2021-07-21,EMP03317,CC0017,AS,4,Step Increment,69120.34,CAD,CA,2021-07-21 09:00:00,PAYROLL
EVT00012297,2021-07-26,EMP00200,CC0105,AS,2,Step Increment,38453.98,GBP,GB,2021-07-26 16:00:00,PAYROLL
EVT00011853,2021-07-12,EMP04846,CC0033,PA,2,Leave Return,,CAD,CA,2021-07-13 15:00:00,PAYROLL
EVT00011896,2021-07-13,EMP01133,CC0049,AS,2,Step Increment,156418.04,AED,AE,2021-07-13 17:00:00,PAYROLL
EVT00011895,2021-07-04,EMP02397,CC0040,PA,1,Performance Pay,8387.04,CAD,CA,2021-07-05 06:00:00,PAYROLL
EVT00012237,2021-07-11,EMP04046,CC0046,PA,5,Lateral Deployment,,EUR,DE,2021-07-12 14:00:00,PAYROLL
EVT00012678,2021-07-14,EMP03039,CC0075,CR,3,Leave Return,,CAD,CAN,2021-07-15 11:00:00,CORE_HR
EVT00013257,2021-07-17,EMP03090,CC0107,CR,2,Lateral Deployment,,CAD,CA,2021-07-20 02:00:00,PAYROLL
EVT00013671,2021-07-11,EMP01169,CC0117,CR,4,Promotion,68165.47,CAD,CAN,2021-07-11 23:00:00,CORE_HR
EVT00012096,2021-07-06,EMP01626,CC0012,EC,2,Leave Start,,CAD,CAN,2021-07-06 19:00:00,CORE_HR
EVT00012457,2021-07-02,EMP01830,CC0010,IT,1,Leave Return,,CAD,CAN,2021-07-02 23:00:00,CORE_HR
EVT00011858,2021-07-21,EMP04442,CC0094,IT,5,Step Increment,142105.5,CAD,CAN,2021-07-22 09:00:00,CORE_HR
EVT00011792,2021-07-18,EMP03752,CC0084,FI,2,Performance Pay,3786.66,CAD,CAN,2021-07-19 00:00:00,CORE_HR
EVT00013696,2021-07-16,EMP00531,CC0017,AS,2,Step Increment,66114.73,CAD,CAN,2021-07-17 06:00:00,CORE_HR
EVT00013196,1900-01-01,EMP00461,CC0115,CR,3,Departure,,CAD,CAN,2021-07-19 07:00:00,CORE_HR
EVT00012300,2021-07-02,EMP04373,CC0032,PA,1,Step Increment,50288.24,CAD,CA,2021-07-03 00:00:00,PAYROLL
EVT00013662,2021-07-07,EMP02107,CC0002,EN,3,Performance Pay,6171.77,CAD,CA,2021-07-07 21:00:00,PAYROLL
EVT00011857,2021-07-06,EMP00653,CC0006,AS,3,Lateral Deployment,,CAD,CAN,2021-07-07 12:00:00,CORE_HR
EVT00012803,2021-07-25,EMP00608,CC0052,PA,1,Step Increment,63267.81,CAD,CAN,2021-07-25 20:00:00,CORE_HR
EVT00011989,2021-07-20,EMP00018,CC0073,PA,5,Performance Pay,7410.87,CAD,CAN,2021-07-20 18:00:00,CORE_HR
EVT00012358,2021-07-27,EMP03783,CC0057,PA,2,Leave Return,,CAD,CAN,2021-07-27 08:00:00,CORE_HR
EVT00012634,2021-07-03,EMP02165,CC0039,FI,2,Step Increment,88837.57,CAD,CAN,2021-07-03 23:00:00,CORE_HR
EVT00013575,2021-07-26,EMP02015,CC0002,IT,4,Departure,,CAD,CAN,2021-07-26 14:00:00,CORE_HR
EVT00011931,2021-07-14,EMP00229,CC0034,PA,3,Step Increment,90339.0,CAD,CA,2021-07-14 08:00:00,PAYROLL
EVT00012213,2021-07-22,EMP00769,CC0118,EN,1,Performance Pay,10722.69,CAD,CAN,2021-07-23 03:00:00,CORE_HR
EVT00012302,2021-07-18,EMP03856,CC0056,AS,5,Hire,95308.03,CAD,CAN,2021-07-18 17:00:00,CORE_HR
EVT00012769,2021-07-18,EMP04526,CC0096,PA,2,Departure,,CAD,CA,2021-07-19 08:00:00,PAYROLL
EVT00012308,2021-07-19,EMP03283,CC0025,AS,4,Performance Pay,5093.41,CAD,CA,2021-07-19 22:00:00,PAYROLL
EVT00011869,2021-07-18,EMP02113,CC0015,EN,2,Departure,,CAD,CA,2021-07-18 14:00:00,PAYROLL
EVT00011962,2021-07-09,EMP04418,CC0073,AS,4,Step Increment,72977.24,CAD,CAN,2021-07-09 15:00:00,CORE_HR
EVT00013424,2021-07-24,EMP03610,CC0051,EC,1,Leave Return,,CAD,CAN,2021-07-24 13:00:00,CORE_HR
EVT00012550,2021-07-08,EMP04201,CC0050,CR,3,Departure,,CAD,CAN,2021-07-09 01:00:00,CORE_HR
EVT00013001,2021-07-20,EMP01895,CC0082,FI,2,Leave Start,,CAD,CAN,2021-07-21 06:00:00,CORE_HR
EVT00012904,2021-07-25,EMP03899,CC0011,PA,5,Departure,,CAD,CA,2021-07-25 16:00:00,PAYROLL
EVT00012113,2021-07-18,EMP02714,CC0105,EX,2,Performance Pay,5874.91,EUR,DEU,2021-07-18 09:00:00,CORE_HR
EVT00011961,2021-07-17,EMP02533,CC0051,EC,2,Performance Pay,3499.21,CAD,CA,2021-07-17 18:00:00,PAYROLL
EVT00012666,2021-07-12,EMP03756,CC0110,EC,5,Performance Pay,8061.08,CAD,CAN,2021-07-12 07:00:00,CORE_HR
EVT00013296,2021-07-22,EMP03795,CC0080,IT,2,Performance Pay,8033.37,EUR,DEU,2021-07-22 08:00:00,CORE_HR
EVT00012376,2021-07-23,EMP02764,CC0087,EX,1,Leave Return,,CAD,CAN,2021-07-24 09:00:00,CORE_HR
EVT00013334,2021-07-20,EMP03602,CC0085,EN,4,Step Increment,144930.65,CAD,CA,2021-07-21 03:00:00,PAYROLL
EVT00013506,2021-07-20,EMP03190,CC0016,EN,2,Departure,,CAD,CA,2021-07-21 08:00:00,PAYROLL
EVT00012619,2021-07-12,EMP01485,CC0088,EN,4,Performance Pay,9291.44,USD,USA,2021-07-12 22:00:00,CORE_HR
EVT00012580,2021-07-13,EMP02370,CC0059,IT,3,Departure,,CAD,CA,2021-07-13 07:00:00,PAYROLL
EVT00012602,2021-07-12,EMP02689,CC0120,AS,1,Leave Start,,CAD,CAN,2021-07-13 09:00:00,CORE_HR
EVT00013232,2021-07-25,EMP03360,CC0119,FI,1,Step Increment,67777.07,CAD,CAN,2021-07-26 07:00:00,CORE_HR
EVT00012528,2021-07-04,EMP02999,CC0039,FI,5,Step Increment,103964.3,CAD,CAN,2021-07-05 10:00:00,CORE_HR
EVT00013501,2021-07-03,EMP00143,CC0065,EC,4,Performance Pay,4989.92,EUR,FRA,2021-07-04 12:00:00,CORE_HR
EVT00012126,2021-07-01,EMP04154,CC0029,EX,2,Leave Return,,BRL,BR,2021-07-02 03:00:00,PAYROLL
EVT00013002,2021-07-03,EMP02821,CC0083,EX,1,Performance Pay,11364.06,CAD,CAN,2021-07-04 01:00:00,CORE_HR
EVT00012122,2021-07-26,EMP04606,CC0107,EX,1,Departure,,CAD,CAN,2021-07-26 09:00:00,CORE_HR
EVT00013514,2021-07-11,EMP01810,CC0008,IT,1,Step Increment,56950.68,CAD,CAN,2021-07-11 19:00:00,CORE_HR
EVT00012140,2021-07-15,EMP03936,CC0033,FI,4,Step Increment,129480.9,CAD,CAN,2021-07-15 23:00:00,CORE_HR
EVT00011759,2021-07-09,EMP03098,CC0015,IT,2,Step Increment,100000.71,CAD,CAN,2021-07-09 14:00:00,CORE_HR
EVT00013331,2021-07-24,EMP04830,CC0093,IT,1,Performance Pay,5657.78,CAD,CA,2021-07-24 12:00:00,PAYROLL
EVT00012425,2021-07-08,EMP02865,CC0015,FI,2,Departure,,CAD,CAN,2021-07-11 17:00:00,CORE_HR
EVT00013421,2021-07-20,EMP02146,CC0063,CR,2,Leave Return,,CAD,CAN,2021-07-21 12:00:00,CORE_HR
EVT00011865,2021-07-20,EMP03368,CC0050,CR,3,Step Increment,62035.8,CAD,CAN,2021-07-21 08:00:00,CORE_HR
EVT00012812,2021-07-27,EMP02987,CC0109,AS,3,Leave Return,,CAD,CAN,2021-07-27 07:00:00,CORE_HR
EVT00012715,1900-01-01,EMP03299,CC0112,EX,2,Performance Pay,10446.95,CAD,CA,2021-07-19 13:00:00,PAYROLL
EVT00012042,2021-07-12,EMP04596,CC0057,FI,3,Step Increment,92757.48,CAD,CAN,2021-07-13 00:00:00,CORE_HR
EVT00013564,2021-07-15,EMP03510,CC0056,PA,1,Performance Pay,7653.74,CAD,CA,2021-07-15 11:00:00,PAYROLL
EVT00013631,2021-07-07,EMP02310,CC0008,FI,2,Departure,,CAD,CAN,2021-07-07 18:00:00,CORE_HR
EVT00011878,2021-07-15,EMP02140,CC0053,FI,4,Performance Pay,10929.05,CAD,CAN,2021-07-16 03:00:00,CORE_HR
EVT00013157,2021-07-03,EMP04748,CC0023,AS,4,Performance Pay,4500.18,CAD,CAN,2021-07-04 07:00:00,CORE_HR
EVT00013156,2021-07-10,EMP04195,CC0077,PA,5,Leave Start,,CAD,CAN,2021-07-10 11:00:00,CORE_HR
EVT00012922,2021-07-02,EMP01587,CC0104,PA,3,Leave Start,,CAD,CAN,2021-07-02 12:00:00,CORE_HR
EVT00013300,2021-07-18,EMP03139,CC0111,AS,1,Departure,,EUR,DEU,2021-07-18 19:00:00,CORE_HR
EVT00012789,2021-07-13,EMP01267,CC0012,EC,4,Step Increment,114838.63,CAD,CAN,2021-07-13 23:00:00,CORE_HR
EVT00012018,2021-07-15,EMP02238,CC0067,IT,2,Performance Pay,4131.82,CAD,CAN,2021-07-15 11:00:00,CORE_HR
EVT00011879,2021-07-02,EMP03432,CC0039,AS,5,Leave Start,,CAD,CAN,2021-07-02 19:00:00,CORE_HR
EVT00012419,2021-07-26,EMP03068,CC0117,FI,2,Step Increment,84800.56,CAD,CAN,2021-07-27 12:00:00,CORE_HR
EVT00012914,2021-07-10,EMP03166,CC0040,EN,2,Step Increment,107275.33,CAD,CAN,2021-07-11 09:00:00,CORE_HR
EVT00013694,2021-07-20,EMP01641,CC0014,AS,1,Step Increment,57954.48,CAD,CA,2021-07-20 12:00:00,PAYROLL
EVT00011807,2021-07-25,EMP02436,CC0087,EN,3,Step Increment,111485.31,CAD,CAN,2021-07-26 03:00:00,CORE_HR
EVT00012522,2021-07-07,EMP01794,CC0015,IT,1,Leave Return,,CAD,CAN,2021-07-08 08:00:00,CORE_HR
EVT00013226,2021-07-01,EMP04755,CC0117,EC,2,Step Increment,87839.68,CAD,CAN,2021-07-02 14:00:00,CORE_HR
EVT00012799,2021-07-11,EMP01719,CC0017,PA,5,Step Increment,95036.1,CAD,CAN,2021-07-11 21:00:00,CORE_HR
EVT00012428,2021-07-23,EMP01757,CC0023,IT,5,Performance Pay,12576.67,CAD,CA,2021-07-24 07:00:00,PAYROLL
EVT00013507,2021-07-03,EMP02773,CC0088,PA,1,Promotion,6929915.8,KES,KEN,2021-07-04 07:00:00,CORE_HR
EVT00013647,2021-07-19,EMP01063,CC0092,EC,3,Lateral Deployment,,CAD,CA,2021-07-20 02:00:00,PAYROLL
EVT00011795,2021-07-17,EMP02358,CC0118,PA,2,Performance Pay,8954.29,CAD,CA,2021-07-17 23:00:00,PAYROLL
EVT00012422,2021-07-06,EMP04615,CC0114,AS,3,Leave Return,,CAD,CA,2021-07-06 14:00:00,PAYROLL
EVT00012896,2021-07-01,EMP00201,CC0110,EC,1,Lateral Deployment,,CAD,CA,2021-07-02 09:00:00,PAYROLL
EVT00013669,2021-07-14,EMP03584,CC0088,AS,1,Leave Return,,BRL,BRA,2021-07-15 04:00:00,CORE_HR
EVT00012866,2021-07-11,EMP04126,CC0003,PA,4,Step Increment,90839.04,CAD,CAN,2021-07-11 15:00:00,CORE_HR
EVT00012210,2021-07-23,EMP00326,CC0017,IT,3,Step Increment,97929.4,CAD,CAN,2021-07-24 14:00:00,CORE_HR
EVT00013535,2021-07-05,EMP01607,CC0063,IT,5,Performance Pay,17331.38,CAD,CAN,2021-07-06 12:00:00,CORE_HR
EVT00011895,2021-07-04,EMP02397,CC0040,PA,1,Performance Pay,8387.04,CAD,CA,2021-07-07 15:00:00,PAYROLL
EVT00013110,2021-07-10,EMP03026,CC0059,PA,3,Step Increment,75947.08,CAD,CAN,2021-07-11 15:00:00,CORE_HR
EVT00012518,2021-07-05,EMP04930,CC0037,FI,5,Lateral Deployment,,CAD,CAN,2021-07-05 07:00:00,CORE_HR
EVT00012969,2021-07-22,EMP04105,CC0056,PA,2,Step Increment,64065.4,CAD,CAN,2021-07-22 10:00:00,CORE_HR
EVT00012022,2021-07-08,EMP04444,CC0071,FI,2,Step Increment,70392.89,CAD,CAN,2021-07-08 06:00:00,CORE_HR
EVT00012917,2021-07-23,EMP01639,CC0079,FI,2,Step Increment,87789.21,CAD,CA,2021-07-24 15:00:00,PAYROLL
EVT00013391,2021-07-24,EMP01755,CC0047,PA,4,Departure,,CAD,CAN,2021-07-24 18:00:00,CORE_HR
EVT00013406,2021-07-13,EMP03806,CC0016,IT,1,Step Increment,79700.37,CAD,CAN,2021-07-13 06:00:00,CORE_HR
EVT00012974,2021-07-23,EMP03323,CC0092,PA,2,Hire,63181.16,CAD,CAN,2021-07-24 05:00:00,CORE_HR
EVT00013607,2021-07-03,EMP01500,CC0044,IT,2,Leave Start,,CAD,CAN,2021-07-03 16:00:00,CORE_HR
EVT00013476,2021-07-11,EMP01861,CC0048,IT,1,Step Increment,83751.11,CAD,CA,2021-07-11 20:00:00,PAYROLL
EVT00012656,2021-07-06,EMP04529,CC0005,EN,3,Step Increment,109911.28,CAD,CA,2021-07-07 03:00:00,PAYROLL
EVT00012805,2021-07-17,EMP00536,CC0010,AS,2,Step Increment,56644.59,CAD,CA,2021-07-18 05:00:00,PAYROLL
EVT00012186,2021-07-23,EMP02779,CC0118,PA,4,Promotion,79049.21,CAD,CAN,2021-07-23 17:00:00,CORE_HR
EVT00012337,2021-07-18,EMP01313,CC0069,IT,1,Step Increment,66378.66,CAD,CAN,2021-07-18 22:00:00,CORE_HR
EVT00012733,2021-07-27,EMP04645,CC0085,FI,1,Leave Start,,CAD,CA,2021-07-27 06:00:00,PAYROLL
EVT00013304,2021-07-22,EMP03908,CC0026,EN,2,Leave Start,,CAD,CA,2021-07-22 22:00:00,PAYROLL
EVT00011737,2021-07-13,EMP00382,CC0067,FI,2,Leave Start,,CAD,CA,2021-07-13 12:00:00,PAYROLL
EVT00012948,2021-07-15,EMP03173,CC0041,EC,1,Hire,74380.34,CAD,CAN,2021-07-16 11:00:00,CORE_HR
EVT00013337,2021-07-21,EMP02539,CC0074,EC,1,Performance Pay,5795.89,AUD,AU,2021-07-22 07:00:00,PAYROLL
EVT00013520,2021-07-01,EMP01333,CC0119,EC,3,Step Increment,101689.25,CAD,CA,2021-07-01 12:00:00,PAYROLL
EVT00013029,2021-07-07,EMP03384,CC0040,AS,2,Step Increment,59990.09,CAD,CA,2021-07-08 07:00:00,PAYROLL
EVT00012842,2021-07-15,EMP04242,CC0049,FI,1,Step Increment,52068.05,EUR,FRA,2021-07-16 07:00:00,CORE_HR
EVT00011906,2021-07-19,EMP03595,CC0049,EN,1,Performance Pay,3518.23,EUR,DEU,2021-07-20 00:00:00,CORE_HR
EVT00011876,2021-07-17,EMP01270,CC0025,IT,1,Lateral Deployment,,CAD,CA,2021-07-17 12:00:00,PAYROLL
EVT00012854,2021-07-25,EMP00316,CC0007,EX,1,Leave Return,,BRL,BRA,2021-07-25 19:00:00,CORE_HR
EVT00012290,2021-07-04,EMP03625,CC0062,IT,4,Step Increment,123022.98,CAD,CA,2021-07-05 07:00:00,PAYROLL
EVT00011933,2021-07-17,EMP00319,CC0005,PA,2,Leave Return,,CAD,CAN,2021-07-18 02:00:00,CORE_HR
EVT00013186,2021-07-24,EMP04604,CC0009,PA,3,Step Increment,54588.08,USD,USA,2021-07-25 07:00:00,CORE_HR
EVT00012572,2021-07-08,EMP04486,CC0118,EN,4,Step Increment,122216.78,CAD,CAN,2021-07-08 12:00:00,CORE_HR
EVT00012121,2021-07-27,EMP02315,CC0060,EN,1,Leave Return,,CAD,CAN,2021-07-27 22:00:00,CORE_HR
EVT00013571,2021-07-08,EMP03140,CC0068,IT,2,Step Increment,85514.09,CAD,CAN,2021-07-08 20:00:00,CORE_HR
EVT00013372,2021-07-27,EMP03571,CC0038,EX,3,Step Increment,175722.49,CAD,CAN,2021-07-27 20:00:00,CORE_HR
EVT00011911,2021-07-10,EMP00342,CC0020,CR,4,Lateral Deployment,,CAD,CAN,2021-07-10 13:00:00,CORE_HR
EVT00012582,2021-07-03,EMP00953,CC0068,PA,3,Hire,78928.96,CAD,CA,2021-07-03 09:00:00,PAYROLL
EVT00013403,2021-07-19,EMP03673,CC0020,PA,5,Leave Start,,CAD,CAN,2021-07-19 16:00:00,CORE_HR
EVT00012412,2021-07-05,EMP01890,CC0019,AS,2,Leave Start,,CAD,CAN,2021-07-06 15:00:00,CORE_HR
EVT00011955,2021-07-05,EMP02748,CC0034,EC,2,Performance Pay,7820.37,CAD,CA,2021-07-06 06:00:00,PAYROLL
EVT00013206,2021-07-25,EMP00411,CC0100,EC,3,Step Increment,104107.0,CAD,CAN,2021-07-26 10:00:00,CORE_HR
EVT00013075,2021-07-10,EMP02378,CC0044,FI,1,Step Increment,74799.2,CAD,CAN,2021-07-10 06:00:00,CORE_HR
EVT00013670,2021-07-16,EMP00010,CC0027,EC,2,Step Increment,69345.6,CAD,CAN,2021-07-17 09:00:00,CORE_HR
EVT00012888,2021-07-27,EMP04272,CC0053,CR,4,Performance Pay,4757.32,CAD,CAN,2021-07-27 16:00:00,CORE_HR
EVT00013451,2021-07-03,EMP01953,CC0056,AS,4,Performance Pay,6886.39,CAD,CAN,2021-07-03 06:00:00,CORE_HR
EVT00011855,2021-07-26,EMP04137,CC0085,CR,4,Hire,66654.13,CAD,CA,2021-07-27 04:00:00,PAYROLL
EVT00011836,2021-07-18,EMP04044,CC0022,FI,3,Lateral Deployment,,CAD,CAN,2021-07-18 17:00:00,CORE_HR
EVT00013248,2021-07-21,EMP01966,CC0068,EC,1,Step Increment,72768.03,CAD,CAN,2021-07-21 06:00:00,CORE_HR
EVT00012808,2021-07-15,EMP02116,CC0010,PA,3,Performance Pay,7853.09,CAD,CA,2021-07-15 06:00:00,PAYROLL
EVT00012614,2021-07-24,EMP00637,CC0113,PA,2,Hire,86423.04,CAD,CA,2021-07-24 12:00:00,PAYROLL
EVT00013619,2021-07-24,EMP03458,CC0002,EX,1,Lateral Deployment,,CAD,CAN,2021-07-25 14:00:00,CORE_HR
EVT00013431,2021-07-07,EMP02751,CC0068,FI,3,Leave Start,,CAD,CAN,2021-07-08 01:00:00,CORE_HR
EVT00011816,2021-07-22,EMP04909,CC0104,CR,3,Step Increment,60045.1,CAD,CA,2021-07-23 00:00:00,PAYROLL
EVT00012443,2021-07-19,EMP02860,CC0051,AS,2,Step Increment,62034.57,CAD,CA,2021-07-19 22:00:00,PAYROLL
EVT00012533,2021-07-01,EMP04373,CC0032,PA,1,Promotion,61319.23,CAD,CAN,2021-07-01 15:00:00,CORE_HR
EVT00011994,2021-07-05,EMP04240,CC0003,IT,1,Performance Pay,9192.28,CAD,CAN,2021-07-09 06:00:00,CORE_HR
EVT00012494,2021-07-20,EMP04039,CC0003,PA,4,Step Increment,79658.75,CAD,CAN,2021-07-21 13:00:00,CORE_HR
EVT00013627,2021-07-19,EMP04933,CC0025,EX,2,Performance Pay,18312.08,CAD,CAN,2021-07-19 16:00:00,CORE_HR
EVT00012395,2021-07-26,EMP03273,CC0120,EN,3,Step Increment,82856.21,CAD,CA,2021-07-27 04:00:00,PAYROLL
EVT00012919,2021-07-14,EMP00177,CC0054,EX,1,Promotion,89664.25,EUR,DEU,2021-07-15 15:00:00,CORE_HR
EVT00011951,2021-07-16,EMP03014,CC0091,PA,3,Step Increment,78691.21,CAD,CA,2021-07-16 15:00:00,PAYROLL
EVT00012137,2021-07-25,EMP00082,CC0061,FI,3,Leave Start,,CAD,CAN,2021-07-25 18:00:00,CORE_HR
EVT00013453,2021-07-03,EMP00723,CC0031,AS,2,Hire,68825.22,AUD,AU,2021-07-03 14:00:00,PAYROLL
EVT00013534,2021-07-15,EMP01319,CC0109,EX,1,Leave Return,,CAD,CAN,2021-07-16 10:00:00,CORE_HR
EVT00012510,2021-07-13,EMP01904,CC0016,EX,1,Departure,,CAD,CA,2021-07-13 18:00:00,PAYROLL
EVT00012796,2021-07-12,EMP03602,CC0085,EN,4,Step Increment,124885.73,CAD,CAN,2021-07-13 11:00:00,CORE_HR
EVT00012286,2021-07-20,EMP04098,CC0111,PA,1,Step Increment,273384.18,BRL,BR,2021-07-21 00:00:00,PAYROLL
EVT00013367,2021-07-26,EMP04842,CC0055,PA,1,Step Increment,61963.53,CAD,CAN,2021-07-26 08:00:00,CORE_HR
EVT00013516,2021-07-06,EMP00818,CC0062,IT,4,Lateral Deployment,,CAD,CA,2021-07-06 21:00:00,PAYROLL
EVT00013327,2021-07-26,EMP01404,CC0117,EN,3,Departure,,CAD,CA,2021-07-27 14:00:00,PAYROLL
EVT00012141,2021-07-20,EMP04081,CC0028,PA,2,Step Increment,64793.83,CAD,CAN,2021-07-20 14:00:00,CORE_HR
EVT00013702,2021-07-22,EMP01623,CC0033,EN,4,Promotion,114510.71,CAD,CAN,2021-07-23 08:00:00,CORE_HR
EVT00013323,2021-07-14,EMP03048,CC0053,CR,3,Performance Pay,6053.14,CAD,CAN,2021-07-15 14:00:00,CORE_HR
EVT00012635,2021-07-21,EMP04684,CC0109,IT,4,Lateral Deployment,,CAD,CAN,2021-07-21 13:00:00,CORE_HR
EVT00012157,2021-07-06,EMP03709,CC0025,IT,1,Lateral Deployment,,CAD,CAN,2021-07-07 06:00:00,CORE_HR
EVT00013463,2021-07-11,EMP02056,CC0071,EN,1,Performance Pay,8634.95,CAD,CAN,2021-07-12 01:00:00,CORE_HR
EVT00013462,2021-07-01,EMP02342,CC0059,IT,4,Leave Start,,CAD,CAN,2021-07-01 15:00:00,CORE_HR
EVT00012354,2021-07-08,EMP04740,CC0028,AS,2,Performance Pay,6441.14,CAD,CA,2021-07-09 15:00:00,PAYROLL
EVT00012907,2021-07-20,EMP02823,CC0050,PA,2,Performance Pay,6439.17,CAD,CAN,2021-07-21 06:00:00,CORE_HR
EVT00012929,2021-07-26,EMP02033,CC0033,IT,1,Lateral Deployment,,CAD,CA,2021-07-27 05:00:00,PAYROLL
EVT00013120,2021-07-21,EMP03922,CC0071,EN,2,Leave Start,,CAD,CA,2021-07-24 10:00:00,PAYROLL
EVT00011980,2021-07-13,EMP00306,CC0061,EX,1,Step Increment,142920.57,CAD,CA,2021-07-14 14:00:00,PAYROLL
EVT00013464,2021-07-13,EMP03257,CC0109,EC,1,Hire,67206.37,CAD,CAN,2021-07-14 00:00:00,CORE_HR
EVT00011774,2021-07-14,EMP01896,CC0119,IT,2,Leave Return,,CAD,CAN,2021-07-14 16:00:00,CORE_HR
EVT00012737,2021-07-03,EMP03161,CC0116,CR,2,Step Increment,57664.73,CAD,CAN,2021-07-04 08:00:00,CORE_HR
EVT00012897,2021-07-14,EMP01900,CC0110,AS,1,Performance Pay,7642.37,CAD,CAN,2021-07-15 15:00:00,CORE_HR
EVT00012577,2021-07-17,EMP03352,CC0069,EC,1,Leave Start,,CAD,CA,2021-07-18 00:00:00,PAYROLL
EVT00012612,2021-07-19,EMP04361,CC0027,PA,1,Step Increment,54981.81,CAD,CAN,2021-07-20 10:00:00,CORE_HR
EVT00013152,2021-07-19,EMP04165,CC0055,EC,1,Leave Return,,CAD,CAN,2021-07-20 04:00:00,CORE_HR
EVT00012061,2021-07-16,EMP01570,CC0070,EN,2,Performance Pay,6571.75,CAD,CAN,2021-07-16 09:00:00,CORE_HR
EVT00013498,2021-07-09,EMP02202,CC0034,AS,4,Leave Return,,CAD,CA,2021-07-10 05:00:00,PAYROLL
EVT00013315,2021-07-03,EMP01089,CC0061,FI,3,Lateral Deployment,,CAD,CAN,2021-07-04 13:00:00,CORE_HR
EVT00011793,2021-07-16,EMP01198,CC0009,PA,2,Lateral Deployment,,AED,AE,2021-07-17 02:00:00,PAYROLL
EVT00012062,2021-07-14,EMP04660,CC0011,CR,3,Step Increment,56001.82,CAD,CA,2021-07-15 10:00:00,PAYROLL
EVT00013000,2021-07-15,EMP04588,CC0072,EN,2,Performance Pay,8227.13,CAD,CAN,2021-07-15 16:00:00,CORE_HR
EVT00013554,2021-07-05,EMP03995,CC0070,PA,3,Performance Pay,3557.75,CAD,CA,2021-07-06 22:00:00,PAYROLL
EVT00012388,2021-07-07,EMP00025,CC0084,IT,4,Departure,,CAD,CAN,2021-07-08 11:00:00,CORE_HR
EVT00012826,2021-07-04,EMP03288,CC0037,IT,1,Step Increment,64617.28,CAD,CAN,2021-07-04 11:00:00,CORE_HR
EVT00012727,2021-07-13,EMP01169,CC0117,CR,4,Departure,,CAD,CAN,2021-07-13 15:00:00,CORE_HR
EVT00012697,2021-07-15,EMP01873,CC0012,IT,3,Step Increment,112715.87,CAD,CAN,2021-07-16 03:00:00,CORE_HR
EVT00012111,2021-07-08,EMP02929,CC0031,IT,1,Leave Start,,MXN,MEX,2021-07-09 03:00:00,CORE_HR
EVT00013652,2021-07-08,EMP02206,CC0023,AS,3,Lateral Deployment,,CAD,CAN,2021-07-08 11:00:00,CORE_HR
EVT00012418,2021-07-02,EMP03492,CC0088,EX,1,Lateral Deployment,,KES,KE,2021-07-03 11:00:00,PAYROLL
EVT00013475,2021-07-19,EMP02098,CC0114,EC,3,Promotion,97462.04,CAD,CA,2021-07-20 04:00:00,PAYROLL
EVT00013541,2021-07-24,EMP01166,CC0115,IT,3,Leave Return,,CAD,CAN,2021-07-25 09:00:00,CORE_HR
EVT00013126,2021-07-17,EMP01340,CC0059,IT,2,Step Increment,94771.07,CAD,CAN,2021-07-18 12:00:00,CORE_HR
EVT00011899,2021-07-17,EMP04310,CC0026,EX,1,Lateral Deployment,,CAD,CA,2021-07-17 17:00:00,PAYROLL
EVT00012455,2021-07-08,EMP01812,CC0015,PA,1,Step Increment,50744.64,CAD,CA,2021-07-08 18:00:00,PAYROLL
EVT00012467,2021-07-26,EMP01783,CC0083,PA,2,Leave Start,,CAD,CAN,2021-07-26 08:00:00,CORE_HR
EVT00012411,2021-07-22,EMP00620,CC0025,IT,2,Lateral Deployment,,CAD,CAN,2021-07-22 12:00:00,CORE_HR
EVT00012256,2021-07-21,EMP00144,CC0106,FI,3,Leave Start,,CAD,CA,2021-07-21 18:00:00,PAYROLL
EVT00013210,2021-07-10,EMP02793,CC0099,AS,5,Lateral Deployment,,CAD,CA,2021-07-10 10:00:00,PAYROLL
EVT00013482,2021-07-17,EMP01746,CC0040,PA,4,Hire,78813.77,CAD,CAN,2021-07-18 04:00:00,CORE_HR
EVT00012831,2021-07-16,EMP04691,CC0016,EN,2,Promotion,112722.75,CAD,CAN,2021-07-16 12:00:00,CORE_HR
EVT00012980,2021-07-26,EMP00032,CC0119,EN,5,Leave Start,,CAD,CAN,2021-07-27 11:00:00,CORE_HR
EVT00013171,2021-07-26,EMP01827,CC0085,EN,1,Step Increment,76988.22,CAD,CAN,2021-07-27 13:00:00,CORE_HR
EVT00012927,2021-07-11,EMP04755,CC0117,EC,2,Performance Pay,10182.56,CAD,CAN,2021-07-11 23:00:00,CORE_HR
EVT00013020,2021-07-27,EMP03030,CC0069,FI,3,Lateral Deployment,,CAD,CA,2021-07-27 13:00:00,PAYROLL
EVT00011952,2021-07-27,EMP03545,CC0003,PA,3,Step Increment,85320.88,CAD,CA,2021-07-27 23:00:00,PAYROLL
EVT00011752,2021-07-14,EMP00972,CC0044,EN,1,Departure,,CAD,CA,2021-07-14 08:00:00,PAYROLL
EVT00012080,2021-07-13,EMP00906,CC0024,FI,3,Lateral Deployment,,CAD,CAN,2021-07-14 10:00:00,CORE_HR
EVT00012545,2021-07-14,EMP00234,CC0032,EC,3,Leave Return,,CAD,CA,2021-07-14 06:00:00,PAYROLL
EVT00013212,2021-07-19,EMP01549,CC0020,AS,5,Lateral Deployment,,CAD,CA,2021-07-20 06:00:00,PAYROLL
EVT00012151,2021-07-17,EMP00741,CC0035,PA,4,Step Increment,109687.96,CAD,CA,2021-07-17 10:00:00,PAYROLL
EVT00012838,2021-07-03,EMP01687,CC0012,EX,1,Leave Start,,CAD,CAN,2021-07-03 11:00:00,CORE_HR
EVT00011835,2021-07-06,EMP04703,CC0016,EX,1,Leave Start,,CAD,CAN,2021-07-06 10:00:00,CORE_HR
EVT00013473,2021-07-08,EMP00476,CC0050,EC,2,Leave Return,,CAD,CA,2021-07-09 11:00:00,PAYROLL
EVT00013359,2021-07-19,EMP00665,CC0011,AS,1,Step Increment,69884.73,CAD,CAN,2021-07-19 14:00:00,CORE_HR
EVT00011967,2021-07-22,EMP02414,CC0009,CR,1,Step Increment,671211.66,MXN,MEX,2021-07-23 03:00:00,CORE_HR
EVT00011817,2021-07-27,EMP04191,CC0005,EN,3,Leave Return,,CAD,CA,2021-07-28 09:00:00,PAYROLL
EVT00013685,2021-07-09,EMP01646,CC0068,CR,1,Step Increment,49037.94,CAD,CA,2021-07-09 23:00:00,PAYROLL
EVT00012318,2021-07-09,EMP01690,CC0048,EX,2,Performance Pay,6334.34,CAD,CAN,2021-07-09 07:00:00,CORE_HR
EVT00012361,2021-07-14,EMP03324,CC0016,FI,2,Leave Return,,CAD,CA,2021-07-14 09:00:00,PAYROLL
EVT00012271,2021-07-18,EMP02541,CC0114,EN,2,Step Increment,88909.48,CAD,CA,2021-07-19 06:00:00,PAYROLL
EVT00012732,2021-07-22,EMP04259,CC0020,PA,3,Leave Return,,CAD,CAN,2021-07-23 13:00:00,CORE_HR
EVT00011834,2021-07-13,EMP01056,CC0064,CR,3,Step Increment,45435.23,CAD,CA,2021-07-14 03:00:00,PAYROLL
EVT00013631,2021-07-07,EMP02310,CC0008,FI,2,Departure,,CAD,CAN,2021-07-07 13:00:00,CORE_HR
EVT00011882,2021-07-21,EMP00684,CC0089,PA,3,Promotion,64951.17,CAD,CA,2021-07-22 15:00:00,PAYROLL
EVT00012975,2021-07-20,EMP04879,CC0009,EN,3,Hire,11554888.77,KES,KEN,2021-07-21 11:00:00,CORE_HR
EVT00012495,2021-07-07,EMP00319,CC0005,PA,2,Hire,50048.31,CAD,CA,2021-07-10 06:00:00,PAYROLL
EVT00012348,2021-07-23,EMP01940,CC0018,IT,2,Step Increment,92174.54,CAD,CA,2021-07-24 02:00:00,PAYROLL
EVT00012921,2021-07-04,EMP03889,CC0066,PA,1,Leave Start,,CAD,CAN,2021-07-05 11:00:00,CORE_HR
EVT00012734,2021-07-11,EMP01920,CC0071,EN,3,Promotion,99374.06,CAD,CAN,2021-07-11 09:00:00,CORE_HR
EVT00012013,2021-07-23,EMP03397,CC0089,IT,1,Performance Pay,4584.33,CAD,CAN,2021-07-23 13:00:00,CORE_HR
EVT00013539,2021-07-12,EMP03928,CC0043,EC,3,Performance Pay,5429.83,CAD,CA,2021-07-13 02:00:00,PAYROLL
EVT00013668,2021-07-05,EMP00704,CC0058,EN,2,Leave Return,,CAD,CA,2021-07-05 17:00:00,PAYROLL
EVT00013428,2021-07-11,EMP01237,CC0103,EX,1,Step Increment,107632.94,CAD,CA,2021-07-12 12:00:00,PAYROLL
EVT00013214,2021-07-17,EMP00495,CC0085,FI,3,Lateral Deployment,,CAD,CA,2021-07-17 20:00:00,PAYROLL
EVT00011883,2021-07-06,EMP02404,CC0069,EX,3,Step Increment,159091.41,CAD,CA,2021-07-06 09:00:00,PAYROLL
EVT00011819,2021-07-12,EMP01823,CC0075,FI,1,Leave Return,,CAD,CAN,2021-07-12 22:00:00,CORE_HR
EVT00012613,2021-07-04,EMP00638,CC0092,CR,3,Step Increment,62740.23,CAD,CA,2021-07-04 11:00:00,PAYROLL
EVT00013326,2021-07-09,EMP03258,CC0068,IT,1,Step Increment,72194.5,CAD,CA,2021-07-09 15:00:00,PAYROLL
EVT00011913,2021-07-17,EMP00081,CC0094,AS,2,Leave Start,,CAD,CAN,2021-07-17 11:00:00,CORE_HR
EVT00012853,2021-07-04,EMP99999,CC0105,PA,4,Promotion,5218482.09,INR,IND,2021-07-04 19:00:00,CORE_HR
EVT00013017,2021-07-07,EMP03912,CC0092,EN,3,Departure,,CAD,CAN,2021-07-07 15:00:00,CORE_HR
EVT00012208,2021-07-05,EMP00756,CC0109,PA,1,Leave Start,,CAD,CAN,2021-07-06 13:00:00,CORE_HR
EVT00013153,2021-07-10,EMP03773,CC0005,FI,4,Step Increment,96502.59,CAD,CA,2021-07-10 16:00:00,PAYROLL
EVT00013573,2021-07-04,EMP00991,CC0017,EN,1,Leave Start,,CAD,CA,2021-07-04 23:00:00,PAYROLL
EVT00012628,2021-07-14,EMP03113,CC0006,PA,2,Promotion,69605.42,CAD,CAN,2021-07-14 17:00:00,CORE_HR
EVT00011923,2021-07-17,EMP03162,CC0100,PA,3,Departure,,CAD,CA,2021-07-17 20:00:00,PAYROLL
EVT00013404,2021-07-17,EMP02034,CC0031,PA,1,Leave Start,,AUD,AUS,2021-07-17 23:00:00,CORE_HR
EVT00012400,2021-07-04,EMP04062,CC0066,EN,3,Leave Start,,CAD,CA,2021-07-05 11:00:00,PAYROLL
EVT00012131,2021-07-12,EMP01537,CC0100,EN,1,Departure,,CAD,CA,2021-07-12 20:00:00,PAYROLL
EVT00013213,2021-07-11,EMP04082,CC0103,IT,2,Leave Start,,CAD,CAN,2021-07-11 11:00:00,CORE_HR
EVT00012426,2021-07-25,EMP02264,CC0100,EN,4,Leave Return,,CAD,CAN,2021-07-25 21:00:00,CORE_HR
EVT00013289,2021-07-14,EMP04750,CC0066,EN,4,Performance Pay,7195.11,CAD,CA,2021-07-15 01:00:00,PAYROLL
EVT00012181,2021-07-06,EMP02495,CC0049,FI,2,Leave Return,,EUR,FRA,2021-07-07 01:00:00,CORE_HR
EVT00012070,2021-07-20,EMP00180,CC0047,PA,2,Leave Start,,CAD,CA,2021-07-20 13:00:00,PAYROLL
EVT00012313,2021-07-15,EMP00367,CC0097,FI,4,Hire,99547.99,CAD,CAN,2021-07-15 14:00:00,CORE_HR
EVT00012229,2021-07-03,EMP01098,CC0111,PA,3,Lateral Deployment,,AED,ARE,2021-07-03 15:00:00,CORE_HR
EVT00012741,2021-07-13,EMP02088,CC0023,IT,2,Performance Pay,12016.03,CAD,CA,2021-07-15 21:00:00,PAYROLL
EVT00013301,2021-07-10,EMP04777,CC0056,CR,3,Departure,,CAD,CAN,2021-07-10 06:00:00,CORE_HR
EVT00011780,2021-07-10,EMP02331,CC0028,IT,1,Leave Return,,CAD,CAN,2021-07-11 09:00:00,CORE_HR
EVT00012462,2021-07-15,EMP03257,CC0109,EC,1,Step Increment,67681.31,CAD,CA,2021-07-15 22:00:00,PAYROLL
EVT00012552,2021-07-23,EMP04136,CC0034,AS,5,Departure,,CAD,CAN,2021-07-24 00:00:00,CORE_HR
EVT00011893,2021-07-06,EMP02169,CC0027,EN,4,Step Increment,122628.8,CAD,CA,2021-07-06 13:00:00,PAYROLL
EVT00013456,2021-07-23,EMP02773,CC0088,PA,1,Leave Start,,INR,IN,2021-07-23 13:00:00,PAYROLL
EVT00012048,2021-07-08,EMP00953,CC0068,PA,3,Promotion,76808.46,CAD,CA,2021-07-08 14:00:00,PAYROLL
EVT00011775,2021-07-20,EMP01598,CC0104,EX,1,Performance Pay,17425.33,CAD,CA,2021-07-21 10:00:00,PAYROLL
EVT00012177,2021-07-23,EMP03671,CC0061,EN,1,Step Increment,74910.3,CAD,CA,2021-07-23 16:00:00,PAYROLL
EVT00012839,2021-07-08,EMP02750,CC0053,CR,3,Step Increment,56960.79,CAD,CA,2021-07-08 22:00:00,PAYROLL
EVT00013682,2021-07-03,EMP03496,CC0033,AS,3,Lateral Deployment,,CAD,CAN,2021-07-03 11:00:00,CORE_HR
EVT00013078,2021-07-16,EMP01781,CC0108,EX,2,Step Increment,370188.37,AED,ARE,2021-07-16 22:00:00,CORE_HR
EVT00012152,2021-07-11,EMP02703,CC0051,PA,1,Hire,64055.64,CAD,CAN,2021-07-12 10:00:00,CORE_HR
EVT00012768,2021-07-06,EMP02217,CC0060,IT,3,Step Increment,95900.5,CAD,CAN,2021-07-06 22:00:00,CORE_HR
EVT00013096,2021-07-04,EMP01355,CC0054,AS,3,Performance Pay,2730.73,GBP,GBR,2021-07-05 12:00:00,CORE_HR
EVT00012750,2021-07-13,EMP00494,CC0113,EN,4,Departure,,CAD,CA,2021-07-13 10:00:00,PAYROLL
EVT00011841,2021-07-04,EMP02689,CC0120,AS,1,Leave Return,,CAD,CAN,2021-07-05 14:00:00,CORE_HR
EVT00012149,2021-07-08,EMP02583,CC0066,IT,1,Departure,,CAD,CAN,2021-07-08 14:00:00,CORE_HR
EVT00013281,2021-07-16,EMP02642,CC0028,FI,1,Leave Return,,CAD,CA,2021-07-17 08:00:00,PAYROLL
EVT00011894,2021-07-02,EMP02892,CC0095,PA,5,Step Increment,93614.78,CAD,CAN,2021-07-03 08:00:00,CORE_HR
EVT00013445,2021-07-06,EMP02899,CC0018,AS,3,Lateral Deployment,,CAD,CAN,2021-07-06 17:00:00,CORE_HR
EVT00012939,2021-07-17,EMP04855,CC0039,AS,4,Lateral Deployment,,CAD,CAN,2021-07-17 17:00:00,CORE_HR
EVT00012289,2021-07-18,EMP02733,CC0051,EX,1,Step Increment,136362.17,CAD,CA,2021-07-18 17:00:00,PAYROLL
EVT00012977,2021-07-08,EMP04258,CC0054,EC,1,Promotion,253187.8,BRL,BRA,2021-07-08 15:00:00,CORE_HR
EVT00011966,2021-07-27,EMP00091,CC0115,IT,3,Leave Start,,CAD,CAN,2021-07-27 13:00:00,CORE_HR
EVT00012641,2021-07-11,EMP00259,CC0094,EC,2,Step Increment,86598.96,CAD,CAN,2021-07-11 12:00:00,CORE_HR
EVT00012007,2021-07-01,EMP04143,CC0012,AS,2,Leave Return,,CAD,CAN,2021-07-02 10:00:00,CORE_HR
EVT00011856,2021-07-22,EMP01062,CC0077,IT,2,Step Increment,84933.62,CAD,CA,2021-07-23 23:00:00,PAYROLL
EVT00012236,2021-07-06,EMP04277,CC0099,AS,1,Step Increment,57928.11,CAD,CA,2021-07-06 08:00:00,PAYROLL
EVT00013221,2021-07-05,EMP03831,CC0111,FI,2,Step Increment,9188028.8,KES,KE,2021-07-05 07:00:00,PAYROLL
EVT00012194,2021-07-03,EMP04295,CC0070,EX,2,Step Increment,162381.18,CAD,CA,2021-07-04 12:00:00,PAYROLL
EVT00013599,2021-07-11,EMP02941,CC0088,IT,3,Step Increment,71398.86,USD,USA,2021-07-12 00:00:00,CORE_HR
EVT00013187,2021-07-10,EMP02529,CC0036,EN,3,Step Increment,112124.87,CAD,CA,2021-07-10 20:00:00,PAYROLL
EVT00012534,2021-07-02,EMP00242,CC0048,IT,1,Step Increment,79508.0,CAD,CA,2021-07-03 10:00:00,PAYROLL
EVT00012938,2021-07-07,EMP03128,CC0045,EX,1,Leave Start,,CAD,CA,2021-07-07 07:00:00,PAYROLL
EVT00012078,2021-07-18,EMP01614,CC0107,EC,4,Performance Pay,9602.5,CAD,CA,2021-07-18 14:00:00,PAYROLL
EVT00012658,2021-07-04,EMP04744,CC0068,CR,3,Lateral Deployment,,CAD,CAN,2021-07-05 08:00:00,CORE_HR
EVT00012712,2021-07-20,EMP00559,CC0034,FI,4,Departure,,CAD,CA,2021-07-21 01:00:00,PAYROLL
EVT00012742,2021-07-04,EMP02583,CC0066,IT,1,Step Increment,76265.28,CAD,CAN,2021-07-04 11:00:00,CORE_HR
EVT00012082,2021-07-06,EMP04022,CC0014,PA,2,Performance Pay,4219.35,CAD,CA,2021-07-07 15:00:00,PAYROLL
EVT00011999,2021-07-11,EMP01783,CC0083,PA,2,Step Increment,62553.14,CAD,CAN,2021-07-11 13:00:00,CORE_HR
EVT00012926,2021-07-27,EMP02848,CC0016,PA,1,Hire,63122.55,CAD,CA,2021-07-27 20:00:00,PAYROLL
EVT00012480,2021-07-06,EMP03858,CC0088,CR,1,Step Increment,49270.22,SGD,SGP,2021-07-07 13:00:00,CORE_HR
EVT00012487,2021-07-24,EMP00797,CC0109,FI,4,Performance Pay,13976.9,CAD,CAN,2021-07-24 08:00:00,CORE_HR
EVT00012985,2021-07-27,EMP04518,CC0108,PA,3,Leave Return,,AED,AE,2021-07-27 10:00:00,PAYROLL
EVT00011748,2021-07-19,EMP00805,CC0116,EN,1,Step Increment,82018.01,CAD,CA,2021-07-20 13:00:00,PAYROLL
EVT00011921,2021-07-18,EMP00116,CC0015,IT,4,Leave Return,,CAD,CA,2021-07-18 07:00:00,PAYROLL
EVT00012835,2021-07-26,EMP01187,CC0002,AS,3,Step Increment,69883.23,CAD,CAN,2021-07-27 15:00:00,CORE_HR
EVT00013174,2021-07-02,EMP04662,CC0059,PA,1,Step Increment,57750.88,CAD,CAN,2021-07-03 14:00:00,CORE_HR
EVT00012593,2021-07-15,EMP02807,CC0106,AS,2,Step Increment,65487.53,CAD,CAN,2021-07-15 06:00:00,CORE_HR
EVT00011941,2021-07-05,EMP03448,CC0120,IT,3,Performance Pay,11189.26,CAD,CA,2021-07-06 06:00:00,PAYROLL
EVT00011771,2021-07-14,EMP00114,CC0037,IT,5,Leave Return,,CAD,CAN,2021-07-15 02:00:00,CORE_HR
EVT00012118,2021-07-16,EMP01943,CC0058,EN,2,Step Increment,84529.15,CAD,CAN,2021-07-16 20:00:00,CORE_HR
EVT00012616,2021-07-20,EMP03761,CC0041,AS,5,Step Increment,76645.74,CAD,CAN,2021-07-20 15:00:00,CORE_HR
EVT00013035,2021-07-06,EMP03136,CC0031,EN,1,Promotion,9010531.59,KES,KEN,2021-07-06 17:00:00,CORE_HR
EVT00013202,2021-07-26,EMP03619,CC0073,EX,1,Lateral Deployment,,CAD,CA,2021-07-27 10:00:00,PAYROLL
EVT00013065,2021-07-09,EMP04548,CC0058,PA,1,Step Increment,54089.0,CAD,CAN,2021-07-09 21:00:00,CORE_HR
EVT00011929,2021-07-01,EMP01259,CC0112,IT,2,Step Increment,91105.56,CAD,CAN,2021-07-01 11:00:00,CORE_HR
EVT00012959,2021-07-25,EMP03575,CC0120,PA,2,Step Increment,67037.26,CAD,CA,2021-07-25 12:00:00,PAYROLL
EVT00013328,2021-07-01,EMP00240,CC0115,EN,4,Step Increment,112704.45,CAD,CA,2021-07-02 10:00:00,PAYROLL
EVT00013045,2021-07-06,EMP01852,CC0093,CR,1,Performance Pay,3734.17,CAD,CA,2021-07-06 08:00:00,PAYROLL
EVT00013166,2021-07-09,EMP03600,CC0049,AS,2,Step Increment,6952997.89,KES,KE,2021-07-09 15:00:00,PAYROLL
EVT00012524,2021-07-25,EMP03836,CC0052,CR,2,Lateral Deployment,,CAD,CA,2021-07-26 02:00:00,PAYROLL
EVT00013414,2021-07-10,EMP01567,CC0070,EX,2,Leave Return,,CAD,CAN,2021-07-11 06:00:00,CORE_HR
EVT00013383,2021-07-12,EMP03775,CC0072,IT,2,Performance Pay,4437.98,CAD,CAN,2021-07-13 01:00:00,CORE_HR
EVT00012729,2021-07-19,EMP03576,CC0043,CR,4,Performance Pay,7419.09,CAD,CAN,2021-07-19 23:00:00,CORE_HR
EVT00013054,2021-07-16,EMP04130,CC0058,EC,3,Step Increment,108837.84,CAD,CAN,2021-07-16 14:00:00,CORE_HR
EVT00012710,2021-07-04,EMP00846,CC0112,IT,3,Step Increment,97448.85,XXX,CA,2021-07-05 06:00:00,PAYROLL
EVT00011945,2021-07-08,EMP03927,CC0053,AS,3,Leave Start,,CAD,CAN,2021-07-08 22:00:00,CORE_HR
EVT00012139,2021-07-18,EMP03119,CC0116,IT,3,Promotion,96146.57,CAD,CAN,2021-07-18 06:00:00,CORE_HR
EVT00012573,2021-07-04,EMP02768,CC0001,EN,3,Step Increment,107791.86,CAD,CAN,2021-07-05 10:00:00,CORE_HR
EVT00013225,2021-07-26,EMP01884,CC0117,FI,3,Hire,86912.99,CAD,CA,2021-07-26 07:00:00,PAYROLL
EVT00013155,2021-07-11,EMP04378,CC0103,EX,1,Leave Return,,CAD,CAN,2021-07-12 01:00:00,CORE_HR
EVT00013389,2021-07-11,EMP00985,CC0070,IT,1,Step Increment,80703.66,CAD,CA,2021-07-11 23:00:00,PAYROLL
EVT00013262,2021-07-17,EMP03273,CC0120,EN,3,Departure,,CAD,CAN,2021-07-17 16:00:00,CORE_HR
EVT00012751,2021-07-11,EMP00108,CC0119,PA,2,Lateral Deployment,,CAD,CA,2021-07-12 04:00:00,PAYROLL
EVT00012270,2021-07-07,EMP01268,CC0065,EN,5,Performance Pay,35607.32,AED,ARE,2021-07-08 14:00:00,CORE_HR
EVT00012780,2021-07-25,EMP02081,CC0009,EC,3,Lateral Deployment,,AUD,AU,2021-07-25 12:00:00,PAYROLL
EVT00011786,2021-07-01,EMP03162,CC0100,PA,3,Leave Return,,CAD,CA,2021-07-02 15:00:00,PAYROLL
EVT00012369,2021-07-12,EMP01107,CC0047,AS,5,Leave Return,,CAD,CAN,2021-07-14 05:00:00,CORE_HR
EVT00012981,2021-07-14,EMP03346,CC0033,EC,2,Step Increment,82064.44,CAD,CAN,2021-07-14 15:00:00,CORE_HR
EVT00012039,2021-07-23,EMP02873,CC0003,PA,1,Step Increment,61839.04,CAD,CAN,2021-07-24 04:00:00,CORE_HR
EVT00012326,2021-07-16,EMP01204,CC0007,IT,3,Performance Pay,1329297.97,JPY,JPN,2021-07-17 03:00:00,CORE_HR
EVT00011912,2021-07-17,EMP02709,CC0068,CR,3,Step Increment,49475.48,CAD,CAN,2021-07-18 00:00:00,CORE_HR
EVT00012207,1900-01-01,EMP01827,CC0085,EN,1,Departure,,CAD,CA,2021-07-16 03:00:00,PAYROLL
EVT00012829,2021-07-26,EMP01092,CC0084,AS,4,Lateral Deployment,,CAD,CAN,2021-07-26 14:00:00,CORE_HR
EVT00012253,2021-07-20,EMP03568,CC0077,PA,5,Step Increment,113098.65,CAD,CA,2021-07-20 15:00:00,PAYROLL
EVT00012844,2021-07-27,EMP03476,CC0029,EC,1,Hire,51243.45,USD,US,2021-07-28 07:00:00,PAYROLL
EVT00011938,2021-07-05,EMP04390,CC0074,IT,1,Step Increment,9097584.4,KES,KEN,2021-07-06 08:00:00,CORE_HR
EVT00012386,2021-07-09,EMP03497,CC0043,PA,3,Leave Start,,CAD,CAN,2021-07-09 06:00:00,CORE_HR
EVT00012882,2021-07-16,EMP02458,CC0034,IT,2,Departure,,CAD,CAN,2021-07-16 18:00:00,CORE_HR
EVT00013562,2021-07-12,EMP02091,CC0069,PA,3,Hire,81898.83,CAD,CAN,2021-07-12 22:00:00,CORE_HR
EVT00012523,2021-07-27,EMP01134,CC0080,EC,2,Promotion,7823863.35,KES,KEN,2021-07-28 04:00:00,CORE_HR
EVT00013176,2021-07-24,EMP01731,CC0099,EN,2,Leave Start,,XXX,CAN,2021-07-25 10:00:00,CORE_HR
EVT00013455,2021-07-26,EMP01209,CC0050,FI,3,Leave Return,,CAD,CAN,2021-07-27 06:00:00,CORE_HR
EVT00013676,2021-07-04,EMP03321,CC0023,PA,2,Lateral Deployment,,CAD,CAN,2021-07-05 11:00:00,CORE_HR
EVT00012296,2021-07-14,EMP02878,CC0018,AS,2,Step Increment,56509.04,CAD,CAN,2021-07-14 20:00:00,CORE_HR
EVT00013198,2021-07-07,EMP03351,CC0106,PA,4,Leave Start,,CAD,CAN,2021-07-08 06:00:00,CORE_HR
EVT00013584,2021-07-24,EMP03316,CC0009,EX,1,Step Increment,339115.25,AED,ARE,2021-07-24 23:00:00,CORE_HR
EVT00012604,2021-07-12,EMP04874,CC0003,EX,3,Leave Return,,CAD,CA,2021-07-12 21:00:00,PAYROLL
EVT00012625,2021-07-10,EMP01187,CC0002,AS,3,Hire,63118.86,CAD,CAN,2021-07-10 21:00:00,CORE_HR
EVT00013148,2021-07-13,EMP03630,CC0078,PA,2,Performance Pay,6664.54,CAD,CA,2021-07-13 13:00:00,PAYROLL
EVT00013161,2021-07-26,EMP01534,CC0044,EN,4,Step Increment,113145.96,CAD,CAN,2021-07-26 18:00:00,CORE_HR
EVT00012470,2021-07-15,EMP01598,CC0104,EX,1,Step Increment,133007.85,CAD,CAN,2021-07-16 06:00:00,CORE_HR
EVT00012330,2021-07-24,EMP04639,CC0030,EX,2,Step Increment,384531.07,AED,AE,2021-07-24 09:00:00,PAYROLL
EVT00013620,2021-07-07,EMP02646,CC0055,CR,1,Step Increment,47355.9,CAD,CA,2021-07-07 10:00:00,PAYROLL
EVT00013503,2021-07-20,EMP02897,CC0114,AS,1,Step Increment,55296.75,CAD,CA,2021-07-20 15:00:00,PAYROLL
EVT00012182,2021-07-27,EMP01707,CC0014,PA,1,Promotion,61312.26,CAD,CAN,2021-07-28 13:00:00,CORE_HR
EVT00012721,2021-07-20,EMP03882,CC0005,AS,3,Step Increment,67085.77,CAD,CAN,2021-07-21 12:00:00,CORE_HR
EVT00011814,2021-07-13,EMP01529,CC0087,CR,1,Step Increment,61209.25,CAD,CAN,2021-07-13 11:00:00,CORE_HR
EVT00012563,2021-07-27,EMP03411,CC0099,EC,5,Leave Start,,CAD,CAN,2021-07-27 22:00:00,CORE_HR
EVT00011932,2021-07-03,EMP04683,CC0077,PA,1,Step Increment,61476.28,CAD,CAN,2021-07-04 09:00:00,CORE_HR
EVT00013147,2021-07-24,EMP02700,CC0085,EC,1,Departure,,CAD,CAN,2021-07-24 16:00:00,CORE_HR
EVT00012741,2021-07-13,EMP02088,CC0023,IT,2,Performance Pay,12016.03,CAD,CA,2021-07-13 18:00:00,PAYROLL
EVT00012546,2021-07-19,EMP01652,CC0038,AS,2,Performance Pay,6408.98,CAD,CA,2021-07-19 12:00:00,PAYROLL
EVT00011903,2021-07-10,EMP02054,CC0010,FI,3,Leave Start,,CAD,CAN,2021-07-10 17:00:00,CORE_HR
EVT00012783,2021-07-06,EMP00025,CC0084,IT,4,Leave Return,,CAD,CAN,2021-07-06 16:00:00,CORE_HR
EVT00012006,2021-07-11,EMP03188,CC0039,PA,1,Leave Start,,CAD,CA,2021-07-12 06:00:00,PAYROLL
EVT00012699,2021-07-10,EMP00749,CC0073,PA,3,Lateral Deployment,,CAD,CA,2021-07-11 05:00:00,PAYROLL
EVT00013146,2021-07-05,EMP03091,CC0092,EN,1,Step Increment,76703.62,CAD,CAN,2021-07-05 15:00:00,CORE_HR
EVT00013185,2021-07-05,EMP00621,CC0048,IT,5,Performance Pay,11146.9,CAD,CAN,2021-07-05 08:00:00,CORE_HR
EVT00012785,2021-07-04,EMP01032,CC0079,IT,2,Performance Pay,6088.28,CAD,CAN,2021-07-04 11:00:00,CORE_HR
EVT00012087,2021-07-19,EMP02626,CC0033,CR,2,Step Increment,47860.24,CAD,CA,2021-07-20 08:00:00,PAYROLL
EVT00012877,2021-07-01,EMP02106,CC0111,EC,2,Step Increment,9106380.39,JPY,JP,2021-07-01 15:00:00,PAYROLL
EVT00013276,2021-07-15,EMP02935,CC0051,EC,2,Step Increment,86409.65,CAD,CA,2021-07-16 04:00:00,PAYROLL
EVT00012396,2021-07-14,EMP01062,CC0077,IT,2,Step Increment,95719.92,CAD,CA,2021-07-14 11:00:00,PAYROLL
EVT00013085,2021-07-02,EMP04382,CC0119,IT,4,Performance Pay,14874.14,XXX,CA,2021-07-02 21:00:00,PAYROLL
EVT00012923,2021-07-09,EMP02156,CC0043,AS,2,Step Increment,58196.38,CAD,CAN,2021-07-10 15:00:00,CORE_HR
EVT00013644,2021-07-02,EMP04523,CC0108,IT,1,Leave Start,,JPY,JPN,2021-07-03 01:00:00,CORE_HR
EVT00013114,2021-07-16,EMP00567,CC0082,PA,3,Performance Pay,10565.79,CAD,CA,2021-07-16 06:00:00,PAYROLL
EVT00012168,2021-07-03,EMP00507,CC0108,EC,1,Departure,,SGD,SGP,2021-07-04 08:00:00,CORE_HR
EVT00012147,2021-07-07,EMP01044,CC0088,PA,1,Lateral Deployment,,AED,AE,2021-07-08 12:00:00,PAYROLL
EVT00013484,2021-07-08,EMP02457,CC0078,CR,2,Leave Start,,CAD,CA,2021-07-09 02:00:00,PAYROLL
EVT00012683,2021-07-01,EMP04617,CC0049,AS,3,Leave Start,,SGD,SGP,2021-07-02 14:00:00,CORE_HR
EVT00012368,2021-07-19,EMP00136,CC0001,IT,1,Lateral Deployment,,CAD,CA,2021-07-19 09:00:00,PAYROLL
EVT00013224,2021-07-11,EMP03054,CC0041,IT,5,Leave Start,,CAD,CAN,2021-07-11 08:00:00,CORE_HR
EVT00013015,2021-07-16,EMP04712,CC0086,CR,4,Leave Start,,EUR,FR,2021-07-17 04:00:00,PAYROLL
EVT00013308,2021-07-19,EMP00011,CC0085,IT,2,Performance Pay,8162.74,CAD,CAN,2021-07-20 01:00:00,CORE_HR
EVT00013119,2021-07-26,EMP02022,CC0071,PA,1,Performance Pay,5122.75,CAD,CAN,2021-07-26 17:00:00,CORE_HR
EVT00013533,2021-07-20,EMP02360,CC0025,EN,2,Step Increment,87681.12,CAD,CA,2021-07-21 12:00:00,PAYROLL
EVT00013369,2021-07-15,EMP04886,CC0015,FI,2,Performance Pay,3651.91,CAD,CAN,2021-07-15 07:00:00,CORE_HR
EVT00013587,2021-07-20,EMP01353,CC0105,EX,2,Leave Start,,MXN,MEX,2021-07-20 18:00:00,CORE_HR
EVT00013012,2021-07-10,EMP01712,CC0013,FI,3,Performance Pay,7067.38,CAD,CAN,2021-07-11 00:00:00,CORE_HR
EVT00013004,2021-07-12,EMP04194,CC0054,IT,5,Step Increment,524087.01,BRL,BRA,2021-07-12 14:00:00,CORE_HR
EVT00013321,2021-07-11,EMP04198,CC0052,EN,1,Promotion,84836.38,CAD,CAN,2021-07-12 14:00:00,CORE_HR
EVT00012351,2021-07-22,EMP01776,CC0065,EC,2,Hire,73623.86,SGD,SGP,2021-07-23 02:00:00,CORE_HR
EVT00013295,2021-07-10,EMP01853,CC0009,EN,1,Leave Return,,KES,KE,2021-07-10 15:00:00,PAYROLL
EVT00011968,2021-07-15,EMP00595,CC0113,EX,1,Step Increment,140707.11,CAD,CA,2021-07-16 14:00:00,PAYROLL
EVT00012033,2021-07-08,EMP01615,CC0056,FI,2,Performance Pay,9963.2,CAD,CAN,2021-07-08 07:00:00,CORE_HR
EVT00013287,2021-07-01,EMP03307,CC0037,IT,1,Hire,81804.69,CAD,CAN,2021-07-02 15:00:00,CORE_HR
EVT00013551,2021-07-24,EMP01232,CC0068,PA,2,Departure,,CAD,CAN,2021-07-24 12:00:00,CORE_HR
EVT00012372,2021-07-19,EMP04035,CC0107,EC,2,Lateral Deployment,,CAD,CA,2021-07-20 11:00:00,PAYROLL
EVT00012138,2021-07-03,EMP00412,CC0003,PA,2,Step Increment,67404.57,CAD,CA,2021-07-04 03:00:00,PAYROLL
EVT00012133,2021-07-24,EMP03512,CC0068,CR,4,Lateral Deployment,,CAD,CAN,2021-07-25 06:00:00,CORE_HR
EVT00013018,2021-07-06,EMP03391,CC0029,PA,3,Performance Pay,3879.06,USD,USA,2021-07-06 17:00:00,CORE_HR
EVT00012081,2021-07-14,EMP02870,CC0015,CR,3,Performance Pay,2827.73,CAD,CA,2021-07-14 18:00:00,PAYROLL
EVT00012763,2021-07-10,EMP00042,CC0100,IT,1,Lateral Deployment,,CAD,CA,2021-07-11 03:00:00,PAYROLL
EVT00012498,2021-07-13,EMP01748,CC0095,IT,3,Leave Start,,CAD,CAN,2021-07-13 15:00:00,CORE_HR
EVT00011742,2021-07-07,EMP04148,CC0098,FI,5,Lateral Deployment,,CAD,CA,2021-07-07 08:00:00,PAYROLL
EVT00013399,2021-07-05,EMP02940,CC0051,PA,3,Departure,,CAD,CA,2021-07-06 04:00:00,PAYROLL
EVT00011849,2021-07-01,EMP03617,CC0036,IT,3,Step Increment,111511.4,CAD,CA,2021-07-02 04:00:00,PAYROLL
EVT00013518,2021-07-27,EMP04249,CC0049,IT,3,Leave Start,,USD,US,2021-07-28 14:00:00,PAYROLL
EVT00012370,2021-07-25,EMP04214,CC0099,PA,1,Leave Return,,CAD,CAN,2021-07-26 00:00:00,CORE_HR
EVT00012367,2021-07-01,EMP02786,CC0030,FI,2,Leave Start,,SGD,SG,2021-07-02 03:00:00,PAYROLL
EVT00012940,2021-07-22,EMP03129,CC0071,AS,4,Step Increment,83386.88,CAD,CA,2021-07-23 10:00:00,PAYROLL
EVT00012268,2021-07-09,EMP00300,CC0058,PA,3,Performance Pay,4273.77,CAD,CA,2021-07-09 19:00:00,PAYROLL
EVT00013422,2021-07-19,EMP04110,CC0076,PA,4,Leave Start,,CAD,CAN,2021-07-19 06:00:00,CORE_HR
EVT00013282,2021-07-11,EMP04616,CC0001,FI,4,Leave Return,,CAD,CA,2021-07-12 07:00:00,PAYROLL
EVT00013183,2021-07-24,EMP04956,CC0062,FI,5,Step Increment,120494.32,CAD,CAN,2021-07-25 14:00:00,CORE_HR
EVT00012843,2021-07-02,EMP03248,CC0088,IT,3,Step Increment,412751.82,BRL,BR,2021-07-03 04:00:00,PAYROLL
EVT00012740,2021-07-13,EMP00918,CC0060,PA,3,Leave Return,,CAD,CAN,2021-07-14 09:00:00,CORE_HR
EVT00013259,2021-07-11,EMP01084,CC0066,IT,3,Step Increment,100851.76,CAD,CA,2021-07-11 17:00:00,PAYROLL
EVT00013283,2021-07-08,EMP03795,CC0080,IT,2,Step Increment,1140335.98,MXN,MEX,2021-07-08 13:00:00,CORE_HR
EVT00012406,2021-07-12,EMP01307,CC0090,AS,3,Performance Pay,3447.57,CAD,CAN,2021-07-12 20:00:00,CORE_HR
EVT00012233,2021-07-24,EMP02840,CC0092,FI,1,Performance Pay,3413.89,CAD,CAN,2021-07-24 22:00:00,CORE_HR
EVT00011800,2021-07-27,EMP00827,CC0115,EC,5,Leave Start,,CAD,CA,2021-07-27 16:00:00,PAYROLL
EVT00013200,2021-07-13,EMP01786,CC0089,IT,1,Step Increment,79310.42,CAD,CAN,2021-07-13 09:00:00,CORE_HR
EVT00013536,2021-07-11,EMP02905,CC0042,IT,2,Leave Start,,CAD,CAN,2021-07-12 14:00:00,CORE_HR
EVT00013229,2021-07-27,EMP04947,CC0011,IT,3,Leave Return,,CAD,CA,2021-07-28 03:00:00,PAYROLL
EVT00013592,2021-07-04,EMP03798,CC0077,CR,2,Leave Start,,CAD,CA,2021-07-04 09:00:00,PAYROLL
EVT00012281,2021-07-15,EMP03094,CC0094,AS,4,Lateral Deployment,,CAD,CAN,2021-07-15 16:00:00,CORE_HR
EVT00011782,2021-07-12,EMP00727,CC0068,IT,3,Leave Start,,CAD,CAN,2021-07-12 12:00:00,CORE_HR
EVT00012596,2021-07-04,EMP01920,CC0071,EN,3,Performance Pay,12532.13,CAD,CAN,2021-07-05 05:00:00,CORE_HR
EVT00013252,2021-07-24,EMP02781,CC0053,PA,1,Performance Pay,8089.68,CAD,CAN,2021-07-24 06:00:00,CORE_HR
EVT00011761,2021-07-23,EMP00893,CC0024,IT,2,Performance Pay,11746.5,CAD,CA,2021-07-23 19:00:00,PAYROLL
EVT00013415,2021-07-10,EMP01492,CC0028,EC,2,Step Increment,89034.19,CAD,CA,2021-07-11 08:00:00,PAYROLL
EVT00012746,2021-07-16,EMP03326,CC0002,PA,2,Hire,81229.72,CAD,CAN,2021-07-16 14:00:00,CORE_HR
EVT00012439,2021-07-15,EMP03323,CC0092,PA,2,Leave Start,,CAD,CAN,2021-07-16 01:00:00,CORE_HR
EVT00013046,2021-07-14,EMP03387,CC0117,EC,2,Step Increment,69672.65,CAD,CAN,2021-07-14 15:00:00,CORE_HR
EVT00013700,2021-07-25,EMP02651,CC0020,PA,3,Step Increment,77226.91,CAD,CAN,2021-07-25 15:00:00,CORE_HR
EVT00012454,2021-07-22,EMP03018,CC0043,IT,1,Performance Pay,10295.28,CAD,CAN,2021-07-23 12:00:00,CORE_HR
EVT00012671,2021-07-24,EMP02680,CC0036,CR,3,Step Increment,63892.85,CAD,CAN,2021-07-25 03:00:00,CORE_HR
EVT00011806,2021-07-25,EMP02611,CC0026,FI,2,Step Increment,86177.57,CAD,CA,2021-07-26 08:00:00,PAYROLL
EVT00013665,2021-07-13,EMP02427,CC0061,EX,1,Hire,138938.1,CAD,CAN,2021-07-13 09:00:00,CORE_HR
EVT00012430,2021-07-01,EMP04618,CC0095,EC,1,Lateral Deployment,,CAD,CA,2021-07-02 09:00:00,PAYROLL
EVT00012148,2021-07-05,EMP02827,CC0059,CR,3,Step Increment,66084.5,CAD,CAN,2021-07-05 22:00:00,CORE_HR
EVT00013441,2021-07-13,EMP03253,CC0069,CR,1,Step Increment,36657.81,CAD,CAN,2021-07-14 15:00:00,CORE_HR
EVT00012822,2021-07-08,EMP04665,CC0023,PA,2,Performance Pay,3653.54,CAD,CA,2021-07-08 17:00:00,PAYROLL
EVT00013284,2021-07-21,EMP01375,CC0109,CR,2,Lateral Deployment,,CAD,CA,2021-07-22 08:00:00,PAYROLL
EVT00013149,2021-07-20,EMP00398,CC0076,PA,5,Promotion,93518.48,CAD,CAN,2021-07-20 15:00:00,CORE_HR
EVT00012687,2021-07-14,EMP02799,CC0035,EC,1,Step Increment,75698.86,CAD,CA,2021-07-15 07:00:00,PAYROLL
EVT00012260,2021-07-22,EMP04102,CC0094,PA,3,Leave Start,,CAD,CAN,2021-07-23 12:00:00,CORE_HR
EVT00013244,2021-07-07,EMP01021,CC0053,EX,2,Step Increment,139522.71,CAD,CAN,2021-07-07 18:00:00,CORE_HR
EVT00013522,2021-07-13,EMP04477,CC0039,EN,2,Leave Return,,CAD,CAN,2021-07-13 11:00:00,CORE_HR
EVT00013680,2021-07-17,EMP00101,CC0055,CR,3,Step Increment,63671.96,CAD,CA,2021-07-18 11:00:00,PAYROLL
EVT00013248,2021-07-21,EMP01966,CC0068,EC,1,Step Increment,72768.03,CAD,CAN,2021-07-21 14:00:00,CORE_HR
EVT00012416,2021-07-09,EMP01506,CC0074,PA,1,Step Increment,162540.3,AED,ARE,2021-07-10 04:00:00,CORE_HR
EVT00012309,2021-07-05,EMP00724,CC0114,PA,1,Hire,61733.78,CAD,CAN,2021-07-06 04:00:00,CORE_HR
EVT00012265,2021-07-18,EMP00274,CC0062,PA,1,Step Increment,63569.58,CAD,CAN,2021-07-18 22:00:00,CORE_HR
EVT00013553,2021-07-21,EMP01634,CC0005,FI,2,Leave Start,,CAD,CA,2021-07-21 22:00:00,PAYROLL
EVT00013173,2021-07-16,EMP03193,CC0108,FI,1,Lateral Deployment,,AED,AE,2021-07-16 06:00:00,PAYROLL
EVT00013701,2021-07-23,EMP00626,CC0050,AS,2,Step Increment,61926.99,CAD,CAN,2021-07-24 15:00:00,CORE_HR
EVT00013617,2021-07-09,EMP02631,CC0102,PA,1,Promotion,61724.07,CAD,CA,2021-07-10 04:00:00,PAYROLL
EVT00013034,2021-07-12,EMP01563,CC0035,EX,3,Performance Pay,11524.08,CAD,CA,2021-07-13 07:00:00,PAYROLL
EVT00012583,2021-07-18,EMP02705,CC0094,EN,5,Step Increment,133416.27,CAD,CA,2021-07-18 22:00:00,PAYROLL
EVT00012730,2021-07-01,EMP02664,CC0117,IT,1,Hire,83946.18,CAD,CAN,2021-07-01 16:00:00,CORE_HR
EVT00013269,2021-07-21,EMP02963,CC0015,FI,3,Departure,,CAD,CAN,2021-07-22 14:00:00,CORE_HR
EVT00012912,2021-07-24,EMP02866,CC0032,PA,2,Step Increment,67155.99,CAD,CAN,2021-07-25 07:00:00,CORE_HR
EVT00011846,2021-07-18,EMP04732,CC0019,CR,3,Leave Return,,CAD,CAN,2021-07-18 08:00:00,CORE_HR
EVT00011847,2021-07-03,EMP04674,CC0071,PA,4,Leave Return,,CAD,CAN,2021-07-03 13:00:00,CORE_HR
EVT00011811,2021-07-12,EMP03102,CC0090,IT,5,Lateral Deployment,,CAD,CAN,2021-07-12 14:00:00,CORE_HR
EVT00013615,2021-07-05,EMP00504,CC0021,CR,2,Departure,,CAD,CAN,2021-07-05 08:00:00,CORE_HR
EVT00012883,2021-07-05,EMP00377,CC0039,PA,5,Lateral Deployment,,CAD,CAN,2021-07-05 07:00:00,CORE_HR
EVT00012953,2021-07-14,EMP02944,CC0078,PA,4,Promotion,82213.1,CAD,CAN,2021-07-15 02:00:00,CORE_HR
EVT00013271,2021-07-12,EMP00034,CC0044,CR,1,Step Increment,50767.08,CAD,CA,2021-07-13 07:00:00,PAYROLL
EVT00012994,2021-07-20,EMP04057,CC0074,FI,1,Leave Return,,EUR,DEU,2021-07-20 14:00:00,CORE_HR
EVT00012515,2021-07-20,EMP01382,CC0054,EX,3,Step Increment,2253326.39,MXN,MEX,2021-07-21 01:00:00,CORE_HR
EVT00012935,2021-07-16,EMP01838,CC0085,PA,1,Hire,57459.35,CAD,CAN,2021-07-17 04:00:00,CORE_HR
EVT00012264,2021-07-09,EMP00184,CC0039,PA,1,Performance Pay,4251.4,CAD,CAN,2021-07-09 11:00:00,CORE_HR
EVT00013195,2021-07-25,EMP04022,CC0014,PA,2,Performance Pay,6867.12,CAD,CAN,2021-07-25 09:00:00,CORE_HR
EVT00012863,2021-07-20,EMP99999,CC0120,IT,3,Hire,112708.93,CAD,CAN,2021-07-20 22:00:00,CORE_HR
EVT00012019,2021-07-08,EMP03780,CC0104,EC,2,Performance Pay,7860.25,CAD,CA,2021-07-08 17:00:00,PAYROLL
EVT00012316,2021-07-06,EMP04066,CC0054,AS,2,Leave Start,,KES,KEN,2021-07-07 22:00:00,CORE_HR
EVT00013064,2021-07-10,EMP04709,CC0072,EX,2,Leave Start,,CAD,CA,2021-07-10 06:00:00,PAYROLL
EVT00012598,2021-07-16,EMP04391,CC0118,PA,5,Departure,,CAD,CA,2021-07-16 07:00:00,PAYROLL
EVT00013381,2021-07-08,EMP02851,CC0098,AS,2,Step Increment,65506.54,CAD,CA,2021-07-09 13:00:00,PAYROLL
EVT00012357,2021-07-17,EMP04178,CC0032,PA,5,Performance Pay,7701.12,CAD,CAN,2021-07-18 11:00:00,CORE_HR
EVT00012249,2021-07-02,EMP01880,CC0118,EX,1,Departure,,CAD,CAN,2021-07-02 20:00:00,CORE_HR
EVT00012639,2021-07-20,EMP02697,CC0079,IT,1,Lateral Deployment,,CAD,CAN,2021-07-20 22:00:00,CORE_HR
EVT00012661,2021-07-03,EMP04719,CC0035,IT,5,Step Increment,138266.86,CAD,CAN,2021-07-03 15:00:00,CORE_HR
EVT00013241,2021-07-25,EMP02212,CC0069,FI,2,Step Increment,79077.3,CAD,CAN,2021-07-26 15:00:00,CORE_HR
EVT00013170,2021-07-01,EMP01281,CC0086,EC,4,Step Increment,66095.89,GBP,GBR,2021-07-01 18:00:00,CORE_HR
EVT00012202,2021-07-03,EMP04889,CC0013,CR,1,Step Increment,46425.65,CAD,CAN,2021-07-03 18:00:00,CORE_HR
EVT00012114,2021-07-25,EMP01420,CC0012,EN,2,Promotion,116845.31,CAD,CA,2021-07-26 03:00:00,PAYROLL
EVT00012867,2021-07-11,EMP00251,CC0084,FI,4,Leave Return,,CAD,CAN,2021-07-11 07:00:00,CORE_HR
EVT00011930,2021-07-06,EMP04087,CC0061,CR,5,Hire,84922.07,CAD,CA,2021-07-06 21:00:00,PAYROLL
EVT00012169,2021-07-10,EMP00142,CC0078,FI,4,Step Increment,113247.35,CAD,CAN,2021-07-10 21:00:00,CORE_HR
EVT00012827,2021-07-03,EMP02613,CC0103,PA,2,Step Increment,88324.27,CAD,CAN,2021-07-03 10:00:00,CORE_HR
EVT00013070,2021-07-26,EMP00368,CC0068,FI,3,Step Increment,91096.09,CAD,CAN,2021-07-27 00:00:00,CORE_HR
EVT00013614,2021-07-02,EMP01087,CC0114,EC,2,Hire,88880.46,CAD,CAN,2021-07-02 13:00:00,CORE_HR
EVT00012159,2021-07-19,EMP04782,CC0088,EC,3,Leave Start,,BRL,BR,2021-07-20 03:00:00,PAYROLL
EVT00013548,2021-07-15,EMP01093,CC0086,IT,3,Step Increment,112978.62,AUD,AUS,2021-07-15 17:00:00,CORE_HR
EVT00012135,2021-07-13,EMP00677,CC0083,EC,2,Departure,,CAD,CAN,2021-07-14 10:00:00,CORE_HR
EVT00013565,2021-07-23,EMP03377,CC0049,PA,4,Step Increment,3727375.08,INR,IND,2021-07-23 08:00:00,CORE_HR
EVT00012813,2021-07-06,EMP03280,CC0071,FI,4,Step Increment,104578.85,CAD,CAN,2021-07-07 04:00:00,CORE_HR
EVT00012232,2021-07-22,EMP04832,CC0065,CR,1,Lateral Deployment,,GBP,GB,2021-07-22 16:00:00,PAYROLL
EVT00012003,2021-07-19,EMP02280,CC0052,FI,2,Departure,,CAD,CAN,2021-07-21 15:00:00,CORE_HR
EVT00013077,2021-07-07,EMP03237,CC0035,EX,2,Leave Return,,CAD,CAN,2021-07-08 08:00:00,CORE_HR
EVT00012466,2021-07-19,EMP01220,CC0070,AS,4,Performance Pay,7081.69,CAD,CAN,2021-07-22 09:00:00,CORE_HR
EVT00013302,2021-07-25,EMP00409,CC0081,IT,5,Leave Start,,CAD,CAN,2021-07-26 09:00:00,CORE_HR
EVT00012659,2021-07-01,EMP01401,CC0102,EC,2,Performance Pay,7251.92,CAD,CA,2021-07-01 09:00:00,PAYROLL
EVT00011856,2021-07-22,EMP99999,CC0077,IT,2,Step Increment,84933.62,CAD,CA,2021-07-23 00:00:00,PAYROLL
EVT00013648,2021-07-09,EMP03805,CC0024,PA,1,Leave Return,,CAD,CA,2021-07-10 07:00:00,PAYROLL
EVT00013583,2021-07-21,EMP02954,CC0094,AS,4,Step Increment,89696.76,CAD,CA,2021-07-21 11:00:00,PAYROLL
EVT00013208,2021-07-12,EMP01184,CC0041,EX,1,Leave Return,,CAD,CA,2021-07-13 06:00:00,PAYROLL
EVT00013521,2021-07-23,EMP01457,CC0096,EC,1,Leave Start,,CAD,CA,2021-07-23 15:00:00,PAYROLL
EVT00013159,2021-07-02,EMP00335,CC0014,CR,2,Step Increment,59448.83,CAD,CAN,2021-07-02 18:00:00,CORE_HR
EVT00012770,2021-07-27,EMP03034,CC0085,FI,1,Step Increment,76767.65,CAD,CAN,2021-07-27 11:00:00,CORE_HR
EVT00012266,2021-07-18,EMP04152,CC0004,FI,4,Step Increment,89028.32,CAD,CA,2021-07-19 01:00:00,PAYROLL
EVT00013491,2021-07-24,EMP03626,CC0055,IT,2,Leave Return,,CAD,CAN,2021-07-25 12:00:00,CORE_HR
EVT00013542,2021-07-08,EMP00754,CC0079,EX,1,Leave Start,,CAD,CAN,2021-07-08 17:00:00,CORE_HR
EVT00012158,2021-07-05,EMP02797,CC0014,AS,1,Step Increment,58165.61,CAD,CAN,2021-07-05 06:00:00,CORE_HR
EVT00013150,2021-07-24,EMP02463,CC0021,EN,1,Promotion,82302.67,CAD,CA,2021-07-25 10:00:00,PAYROLL
EVT00012173,2021-07-05,EMP01282,CC0018,AS,2,Performance Pay,8279.9,CAD,CAN,2021-07-06 15:00:00,CORE_HR
EVT00012779,2021-07-27,EMP02542,CC0089,AS,3,Performance Pay,6026.62,CAD,CAN,2021-07-28 01:00:00,CORE_HR
EVT00012590,2021-07-02,EMP03331,CC0064,EN,4,Step Increment,149768.89,CAD,CAN,2021-07-02 08:00:00,CORE_HR
EVT00011787,2021-07-16,EMP00150,CC0025,IT,1,Step Increment,77559.06,CAD,CAN,2021-07-17 12:00:00,CORE_HR
EVT00013468,2021-07-06,EMP03368,CC0050,CR,3,Step Increment,64886.06,CAD,CAN,2021-07-06 20:00:00,CORE_HR
EVT00011871,2021-07-15,EMP00694,CC0008,EC,3,Lateral Deployment,,CAD,CAN,2021-07-16 13:00:00,CORE_HR
EVT00012820,2021-07-01,EMP00789,CC0038,AS,1,Departure,,CAD,CAN,2021-07-02 06:00:00,CORE_HR
EVT00013611,2021-07-11,EMP02165,CC0039,FI,2,Step Increment,74199.61,CAD,CA,2021-07-11 18:00:00,PAYROLL
EVT00013164,2021-07-22,EMP00590,CC0112,EC,5,Lateral Deployment,,CAD,CA,2021-07-23 14:00:00,PAYROLL
EVT00013626,2021-07-20,EMP02453,CC0073,IT,1,Step Increment,84446.3,CAD,CAN,2021-07-20 19:00:00,CORE_HR
EVT00013307,2021-07-11,EMP00298,CC0113,EX,1,Lateral Deployment,,CAD,CA,2021-07-12 10:00:00,PAYROLL
EVT00013320,2021-07-25,EMP00725,CC0089,EN,3,Step Increment,101529.52,CAD,CAN,2021-07-26 04:00:00,CORE_HR
EVT00012195,2021-07-01,EMP00072,CC0048,PA,1,Leave Return,,CAD,CAN,2021-07-01 21:00:00,CORE_HR
EVT00012162,2021-07-14,EMP03086,CC0058,AS,5,Leave Return,,CAD,CAN,2021-07-15 13:00:00,CORE_HR
EVT00012403,2021-07-14,EMP00396,CC0071,PA,4,Lateral Deployment,,CAD,CA,2021-07-15 01:00:00,PAYROLL
EVT00012747,2021-07-05,EMP00621,CC0048,IT,5,Performance Pay,5390.5,CAD,CAN,2021-07-05 20:00:00,CORE_HR
EVT00013053,2021-07-27,EMP00507,CC0108,EC,1,Lateral Deployment,,GBP,GB,2021-07-27 23:00:00,PAYROLL
EVT00011864,2021-07-11,EMP01017,CC0104,PA,4,Departure,,CAD,CA,2021-07-11 23:00:00,PAYROLL
EVT00012211,2021-07-04,EMP00238,CC0106,EC,2,Performance Pay,6795.55,CAD,CA,2021-07-05 04:00:00,PAYROLL
EVT00013493,2021-07-10,EMP02983,CC0113,EX,2,Performance Pay,8565.93,CAD,CA,2021-07-10 09:00:00,PAYROLL
EVT00013339,2021-07-06,EMP04392,CC0055,PA,5,Leave Return,,CAD,CA,2021-07-07 04:00:00,PAYROLL
EVT00011794,2021-07-27,EMP03622,CC0014,IT,3,Lateral Deployment,,CAD,CAN,2021-07-27 13:00:00,CORE_HR
EVT00013634,2021-07-24,EMP03288,CC0037,IT,1,Step Increment,76488.78,CAD,CAN,2021-07-24 10:00:00,CORE_HR
EVT00012341,2021-07-24,EMP01391,CC0073,EC,2,Step Increment,86129.47,CAD,CAN,2021-07-25 01:00:00,CORE_HR
EVT00013690,2021-07-03,EMP00318,CC0037,AS,5,Step Increment,64980.73,CAD,CA,2021-07-03 19:00:00,PAYROLL
EVT00012027,2021-07-19,EMP03772,CC0031,IT,1,Leave Start,,AUD,AUS,2021-07-19 23:00:00,CORE_HR
EVT00012466,2021-07-19,EMP01220,CC0070,AS,4,Performance Pay,7081.69,CAD,CAN,2021-07-19 11:00:00,CORE_HR
EVT00012937,2021-07-15,EMP03329,CC0026,AS,2,Step Increment,57639.31,CAD,CA,2021-07-16 00:00:00,PAYROLL
EVT00012399,2021-07-14,EMP02350,CC0023,EX,3,Step Increment,157307.33,CAD,CAN,2021-07-14 15:00:00,CORE_HR
EVT00013678,2021-07-08,EMP04714,CC0096,EC,4,Leave Return,,CAD,CAN,2021-07-09 10:00:00,CORE_HR
EVT00013529,2021-07-25,EMP03827,CC0019,AS,2,Step Increment,56962.74,CAD,CAN,2021-07-25 07:00:00,CORE_HR
EVT00012035,2021-07-11,EMP00580,CC0112,PA,5,Step Increment,71375.55,CAD,CAN,2021-07-12 07:00:00,CORE_HR
EVT00012459,2021-07-11,EMP04814,CC0039,CR,2,Leave Start,,CAD,CAN,2021-07-11 23:00:00,CORE_HR
EVT00012505,2021-07-23,EMP03973,CC0025,EX,3,Leave Start,,CAD,CAN,2021-07-23 14:00:00,CORE_HR
EVT00013693,2021-07-27,EMP04012,CC0069,PA,5,Leave Start,,CAD,CAN,2021-07-27 16:00:00,CORE_HR
EVT00011937,2021-07-11,EMP03405,CC0049,AS,4,Performance Pay,490904.94,JPY,JP,2021-07-11 19:00:00,PAYROLL
EVT00012097,2021-07-11,EMP04290,CC0008,CR,2,Step Increment,61364.23,CAD,CAN,2021-07-11 23:00:00,CORE_HR
EVT00013057,2021-07-06,EMP02533,CC0051,EC,2,Step Increment,80533.07,CAD,CAN,2021-07-07 08:00:00,CORE_HR
EVT00012085,2021-07-24,EMP04928,CC0077,PA,1,Leave Start,,XXX,CA,2021-07-25 04:00:00,PAYROLL
EVT00011936,2021-07-18,EMP00311,CC0012,EX,2,Step Increment,147554.05,CAD,CA,2021-07-19 03:00:00,PAYROLL
EVT00012950,2021-07-07,EMP04778,CC0055,FI,1,Leave Start,,CAD,CAN,2021-07-08 02:00:00,CORE_HR
EVT00013163,2021-07-06,EMP02533,CC0051,EC,2,Step Increment,77956.14,CAD,CAN,2021-07-07 04:00:00,CORE_HR
EVT00013467,2021-07-02,EMP02773,CC0088,PA,1,Step Increment,191819.45,BRL,BRA,2021-07-02 18:00:00,CORE_HR
EVT00012833,2021-07-27,EMP00904,CC0014,EN,4,Leave Start,,CAD,CA,2021-07-27 12:00:00,PAYROLL
EVT00012692,2021-07-02,EMP04950,CC0056,PA,2,Performance Pay,3375.16,CAD,CAN,2021-07-03 02:00:00,CORE_HR
EVT00013385,2021-07-06,EMP02273,CC0059,FI,5,Lateral Deployment,,CAD,CAN,2021-07-06 21:00:00,CORE_HR
EVT00012086,2021-07-09,EMP01547,CC0093,PA,3,Departure,,CAD,CAN,2021-07-10 12:00:00,CORE_HR
EVT00011826,2021-07-23,EMP01328,CC0092,IT,4,Lateral Deployment,,CAD,CAN,2021-07-23 09:00:00,CORE_HR
EVT00013483,2021-07-06,EMP03116,CC0065,PA,1,Performance Pay,2997.75,SGD,SGP,2021-07-07 11:00:00,CORE_HR
EVT00013358,2021-07-22,EMP01309,CC0029,AS,2,Performance Pay,38603.36,MXN,MX,2021-07-23 13:00:00,PAYROLL
EVT00011870,2021-07-12,EMP00817,CC0058,AS,5,Performance Pay,6982.08,CAD,CAN,2021-07-13 08:00:00,CORE_HR
EVT00011803,2021-07-11,EMP02977,CC0034,AS,2,Step Increment,59368.41,CAD,CA,2021-07-11 12:00:00,PAYROLL
EVT00013199,2021-07-16,EMP01838,CC0085,PA,1,Step Increment,50708.39,CAD,CA,2021-07-16 20:00:00,PAYROLL
EVT00012962,2021-07-15,EMP00341,CC0008,AS,5,Step Increment,78373.21,CAD,CA,2021-07-15 10:00:00,PAYROLL
EVT00012762,2021-07-02,EMP00020,CC0067,FI,5,Performance Pay,8130.75,CAD,CAN,2021-07-03 08:00:00,CORE_HR
EVT00012541,2021-07-26,EMP00362,CC0093,AS,1,Departure,,CAD,CA,2021-07-27 10:00:00,PAYROLL
EVT00012930,2021-07-14,EMP04651,CC0103,CR,3,Leave Start,,CAD,CAN,2021-07-14 19:00:00,CORE_HR
EVT00013341,2021-07-23,EMP04795,CC0057,EN,1,Step Increment,85908.58,CAD,CA,2021-07-24 02:00:00,PAYROLL
EVT00012108,2021-07-14,EMP00939,CC0063,IT,3,Leave Return,,CAD,CA,2021-07-14 06:00:00,PAYROLL
EVT00012723,2021-07-26,EMP01720,CC0073,EN,2,Leave Return,,CAD,CAN,2021-07-26 17:00:00,CORE_HR
EVT00012764,2021-07-16,EMP03571,CC0038,EX,3,Step Increment,162977.0,CAD,CAN,2021-07-17 11:00:00,CORE_HR
EVT00013630,2021-07-04,EMP03425,CC0090,IT,4,Step Increment,110595.33,CAD,CA,2021-07-05 15:00:00,PAYROLL
EVT00012477,2021-07-08,EMP01202,CC0061,CR,2,Step Increment,60555.4,CAD,CA,2021-07-09 02:00:00,PAYROLL
EVT00013306,2021-07-20,EMP03445,CC0046,PA,2,Step Increment,48452.22,GBP,GB,2021-07-20 12:00:00,PAYROLL
EVT00012503,2021-07-14,EMP04579,CC0052,PA,3,Step Increment,75179.95,CAD,CA,2021-07-15 07:00:00,PAYROLL
EVT00012285,2021-07-18,EMP00728,CC0101,EX,2,Departure,,CAD,CA,2021-07-18 16:00:00,PAYROLL
EVT00012255,2021-07-17,EMP01716,CC0116,EN,3,Leave Start,,CAD,CAN,2021-07-17 16:00:00,CORE_HR
EVT00013426,2021-07-16,EMP03705,CC0080,EN,1,Step Increment,8793790.99,KES,KEN,2021-07-16 06:00:00,CORE_HR
EVT00011949,2021-07-11,EMP00302,CC0096,EN,3,Performance Pay,8515.14,CAD,CA,2021-07-11 13:00:00,PAYROLL
EVT00013234,2021-07-19,EMP02686,CC0117,CR,4,Step Increment,73962.62,CAD,CAN,2021-07-19 22:00:00,CORE_HR
EVT00012476,2021-07-03,EMP01294,CC0086,CR,4,Leave Return,,BRL,BRA,2021-07-04 14:00:00,CORE_HR
EVT00011939,2021-07-10,EMP04935,CC0054,AS,1,Performance Pay,506828.85,KES,KE,2021-07-11 05:00:00,PAYROLL
EVT00013577,2021-07-11,EMP03163,CC0039,PA,3,Step Increment,78818.69,CAD,CAN,2021-07-11 20:00:00,CORE_HR
EVT00013131,2021-07-27,EMP01104,CC0048,CR,3,Leave Return,,CAD,CAN,2021-07-28 02:00:00,CORE_HR
EVT00011907,2021-07-03,EMP02758,CC0029,AS,4,Leave Start,,SGD,SGP,2021-07-04 10:00:00,CORE_HR
EVT00012089,2021-07-17,EMP03843,CC0049,EX,1,Departure,,EUR,DE,2021-07-17 07:00:00,PAYROLL
EVT00013578,2021-07-20,EMP04523,CC0108,IT,1,Step Increment,306968.97,BRL,BRA,2021-07-20 18:00:00,CORE_HR
EVT00013275,2021-07-25,EMP03487,CC0053,PA,3,Step Increment,74175.98,CAD,CA,2021-07-26 15:00:00,PAYROLL
EVT00013097,2021-07-05,EMP03861,CC0001,AS,5,Step Increment,80456.5,CAD,CA,2021-07-05 06:00:00,PAYROLL
EVT00011755,2021-07-17,EMP04154,CC0029,EX,2,Step Increment,175976.15,AUD,AUS,2021-07-18 12:00:00,CORE_HR
EVT00013190,2021-07-19,EMP02696,CC0076,IT,1,Performance Pay,5131.52,CAD,CA,2021-07-20 11:00:00,PAYROLL
EVT00012900,2021-07-08,EMP04580,CC0110,CR,4,Hire,69615.08,CAD,CAN,2021-07-09 12:00:00,CORE_HR
EVT00013395,2021-07-24,EMP03740,CC0048,FI,5,Leave Return,,CAD,CAN,2021-07-24 17:00:00,CORE_HR
EVT00012952,2021-07-04,EMP01614,CC0107,EC,4,Lateral Deployment,,CAD,CA,2021-07-05 11:00:00,PAYROLL
EVT00012424,2021-07-12,EMP03474,CC0048,AS,1,Lateral Deployment,,CAD,CA,2021-07-12 11:00:00,PAYROLL
EVT00011872,2021-07-25,EMP01143,CC0079,IT,3,Leave Start,,CAD,CA,2021-07-26 04:00:00,PAYROLL
EVT00013240,2021-07-05,EMP02340,CC0105,EX,3,Leave Return,,KES,KEN,2021-07-06 02:00:00,CORE_HR
EVT00012074,2021-07-10,EMP02582,CC0104,EC,1,Performance Pay,8051.17,CAD,CA,2021-07-11 09:00:00,PAYROLL
EVT00012056,2021-07-07,EMP04186,CC0057,EC,5,Performance Pay,10989.54,CAD,CA,2021-07-08 05:00:00,PAYROLL
EVT00012245,2021-07-16,EMP03899,CC0011,PA,5,Step Increment,123212.51,CAD,CAN,2021-07-17 15:00:00,CORE_HR
EVT00013151,2021-07-06,EMP02607,CC0119,EX,2,Leave Return,,CAD,CAN,2021-07-07 04:00:00,CORE_HR
EVT00012722,2021-07-24,EMP02757,CC0068,AS,3,Departure,,CAD,CAN,2021-07-25 14:00:00,CORE_HR
EVT00013500,2021-07-19,EMP04832,CC0065,CR,1,Step Increment,41533.56,AUD,AUS,2021-07-20 08:00:00,CORE_HR
EVT00012954,2021-07-09,EMP04875,CC0101,PA,1,Leave Start,,CAD,CA,2021-07-09 11:00:00,PAYROLL
EVT00012150,2021-07-13,EMP03286,CC0025,IT,5,Step Increment,131708.99,CAD,CA,2021-07-13 20:00:00,PAYROLL
EVT00013352,2021-07-07,EMP00470,CC0116,CR,1,Departure,,CAD,CA,2021-07-08 05:00:00,PAYROLL
EVT00013527,2021-07-22,EMP01047,CC0016,EC,5,Step Increment,108571.58,CAD,CAN,2021-07-23 01:00:00,CORE_HR
EVT00013430,2021-07-19,EMP00700,CC0111,EN,3,Step Increment,64874.48,GBP,GB,2021-07-19 18:00:00,PAYROLL
EVT00013086,2021-07-25,EMP02161,CC0080,PA,5,Step Increment,5964689.39,INR,IND,2021-07-26 13:00:00,CORE_HR
EVT00011988,2021-07-19,EMP00469,CC0036,PA,2,Step Increment,70719.57,CAD,CAN,2021-07-20 12:00:00,CORE_HR
EVT00012231,2021-07-01,EMP03395,CC0105,EX,1,Performance Pay,71953.61,MXN,MEX,2021-07-02 00:00:00,CORE_HR
EVT00012390,2021-07-25,EMP04326,CC0079,PA,1,Leave Return,,CAD,CA,2021-07-26 04:00:00,PAYROLL
EVT00011782,2021-07-12,EMP00727,CC0068,IT,3,Leave Start,,CAD,CAN,2021-07-14 01:00:00,CORE_HR
EVT00012075,2021-07-13,EMP03718,CC0048,PA,3,Promotion,73752.02,CAD,CAN,2021-07-13 14:00:00,CORE_HR
EVT00012472,2021-07-01,EMP01895,CC0082,FI,2,Hire,79238.42,CAD,CA,2021-07-01 20:00:00,PAYROLL
EVT00013672,2021-07-02,EMP99999,CC0016,AS,2,Performance Pay,3339.95,CAD,CAN,2021-07-02 12:00:00,CORE_HR
EVT00011994,2021-07-05,EMP04240,CC0003,IT,1,Performance Pay,9192.28,CAD,CAN,2021-07-06 13:00:00,CORE_HR
EVT00013526,2021-07-17,EMP02399,CC0083,EN,1,Step Increment,64890.9,CAD,CAN,2021-07-17 20:00:00,CORE_HR
EVT00013567,2021-07-11,EMP01754,CC0007,EX,2,Step Increment,8057324.23,INR,IN,2021-07-11 23:00:00,PAYROLL
EVT00013703,2021-07-19,EMP02723,CC0022,AS,4,Leave Start,,CAD,CA,2021-07-20 07:00:00,PAYROLL
EVT00013479,2021-07-09,EMP04736,CC0021,IT,1,Step Increment,82205.88,CAD,CA,2021-07-10 06:00:00,PAYROLL
EVT00013311,2021-07-15,EMP03568,CC0077,PA,5,Step Increment,98231.74,CAD,CA,2021-07-17 21:00:00,PAYROLL
EVT00013581,2021-07-19,EMP01544,CC0052,FI,1,Lateral Deployment,,CAD,CAN,2021-07-20 03:00:00,CORE_HR
EVT00013444,2021-07-25,EMP04115,CC0099,IT,5,Lateral Deployment,,CAD,CA,2021-07-26 01:00:00,PAYROLL
EVT00011796,2021-07-24,EMP02397,CC0040,PA,1,Departure,,CAD,CAN,2021-07-25 05:00:00,CORE_HR
EVT00012117,2021-07-23,EMP03105,CC0002,PA,1,Leave Return,,CAD,CAN,2021-07-23 07:00:00,CORE_HR
EVT00012379,2021-07-22,EMP04214,CC0099,PA,1,Performance Pay,7965.88,CAD,CA,2021-07-22 18:00:00,PAYROLL
EVT00013540,2021-07-16,EMP04262,CC0068,AS,2,Leave Start,,CAD,CAN,2021-07-16 19:00:00,CORE_HR
EVT00012941,2021-07-17,EMP04768,CC0063,FI,1,Departure,,CAD,CAN,2021-07-18 15:00:00,CORE_HR
EVT00012051,2021-07-16,EMP02957,CC0032,EX,2,Lateral Deployment,,CAD,CAN,2021-07-16 07:00:00,CORE_HR
EVT00013664,2021-07-04,EMP01381,CC0095,EC,1,Promotion,78618.5,CAD,CAN,2021-07-05 15:00:00,CORE_HR
EVT00013059,2021-07-21,EMP02152,CC0117,PA,2,Leave Return,,CAD,CA,2021-07-22 15:00:00,PAYROLL
EVT00011797,2021-07-11,EMP04722,CC0005,IT,1,Step Increment,76375.89,CAD,CA,2021-07-12 13:00:00,PAYROLL
EVT00012011,2021-07-09,EMP01817,CC0064,AS,3,Lateral Deployment,,CAD,CA,2021-07-10 05:00:00,PAYROLL
EVT00013612,2021-07-12,EMP00968,CC0072,EN,1,Step Increment,80417.78,CAD,CAN,2021-07-13 07:00:00,CORE_HR
EVT00013177,2021-07-01,EMP00017,CC0120,PA,3,Performance Pay,10490.9,CAD,CA,2021-07-02 10:00:00,PAYROLL
EVT00013660,2021-07-22,EMP04922,CC0055,PA,1,Step Increment,71121.63,CAD,CAN,2021-07-23 11:00:00,CORE_HR
EVT00013576,2021-07-21,EMP00201,CC0110,EC,1,Step Increment,67432.3,CAD,CAN,2021-07-22 13:00:00,CORE_HR
EVT00013554,2021-07-05,EMP03995,CC0070,PA,3,Performance Pay,3557.75,CAD,CA,2021-07-06 09:00:00,PAYROLL
EVT00012250,2021-07-02,EMP03534,CC0078,IT,1,Lateral Deployment,,CAD,CAN,2021-07-02 21:00:00,CORE_HR
EVT00012230,2021-07-15,EMP01728,CC0099,CR,3,Hire,66318.23,CAD,CAN,2021-07-16 15:00:00,CORE_HR
EVT00012951,2021-07-16,EMP02213,CC0017,EN,2,Promotion,86159.5,CAD,CA,2021-07-16 17:00:00,PAYROLL
EVT00012371,2021-07-18,EMP02359,CC0038,EN,3,Step Increment,77584.47,CAD,CAN,2021-07-19 10:00:00,CORE_HR
EVT00012857,2021-07-06,EMP04316,CC0049,PA,2,Lateral Deployment,,SGD,SG,2021-07-06 17:00:00,PAYROLL
EVT00012278,2021-07-07,EMP02259,CC0033,PA,2,Performance Pay,4664.81,CAD,CA,2021-07-08 00:00:00,PAYROLL
EVT00012801,2021-07-16,EMP01023,CC0029,EN,1,Step Increment,58564.66,EUR,DEU,2021-07-16 11:00:00,CORE_HR
EVT00012052,2021-07-07,EMP00871,CC0037,EC,5,Lateral Deployment,,CAD,CA,2021-07-07 20:00:00,PAYROLL
EVT00012235,2021-07-03,EMP01481,CC0040,FI,2,Step Increment,84161.06,CAD,CAN,2021-07-04 07:00:00,CORE_HR
EVT00011828,2021-07-06,EMP01087,CC0114,EC,2,Step Increment,77481.19,CAD,CAN,2021-07-06 07:00:00,CORE_HR
EVT00013616,2021-07-16,EMP02692,CC0033,PA,4,Leave Return,,CAD,CAN,2021-07-16 07:00:00,CORE_HR
EVT00013508,2021-07-24,EMP04168,CC0056,FI,3,Promotion,88599.4,CAD,CAN,2021-07-25 11:00:00,CORE_HR
EVT00013197,2021-07-14,EMP04791,CC0053,IT,3,Step Increment,103849.38,CAD,CAN,2021-07-15 02:00:00,CORE_HR
EVT00012105,2021-07-24,EMP01318,CC0101,PA,2,Step Increment,80712.99,CAD,CA,2021-07-24 08:00:00,PAYROLL
EVT00012663,2021-07-08,EMP03598,CC0077,EX,2,Step Increment,126316.42,CAD,CA,2021-07-09 05:00:00,PAYROLL
EVT00012364,2021-07-24,EMP03540,CC0059,EC,1,Promotion,76010.07,CAD,CAN,2021-07-25 06:00:00,CORE_HR
EVT00011788,2021-07-09,EMP03197,CC0118,EN,3,Lateral Deployment,,CAD,CA,2021-07-09 16:00:00,PAYROLL
EVT00012924,2021-07-06,EMP00475,CC0081,EN,1,Performance Pay,3680.47,CAD,CAN,2021-07-06 15:00:00,CORE_HR
EVT00012968,2021-07-12,EMP02180,CC0073,PA,3,Step Increment,84195.68,CAD,CAN,2021-07-13 11:00:00,CORE_HR
EVT00012675,2021-07-23,EMP03181,CC0055,PA,2,Leave Start,,CAD,CAN,2021-07-24 14:00:00,CORE_HR
EVT00012410,2021-07-26,EMP01469,CC0059,PA,4,Lateral Deployment,,CAD,CA,2021-07-27 01:00:00,PAYROLL
EVT00012513,2021-07-15,EMP01962,CC0025,PA,2,Step Increment,51897.43,CAD,CAN,2021-07-16 04:00:00,CORE_HR
EVT00012062,1900-01-01,EMP04660,CC0011,CR,3,Step Increment,56001.82,CAD,CA,2021-07-17 17:00:00,PAYROLL
EVT00013013,2021-07-19,EMP00548,CC0115,EC,1,Leave Return,,CAD,CAN,2021-07-20 15:00:00,CORE_HR
EVT00011848,2021-07-18,EMP00259,CC0094,EC,2,Performance Pay,8476.25,CAD,CAN,2021-07-18 21:00:00,CORE_HR
EVT00012705,2021-07-05,EMP04437,CC0071,EN,5,Step Increment,133845.17,CAD,CAN,2021-07-06 00:00:00,CORE_HR
EVT00012445,2021-07-09,EMP01176,CC0083,AS,1,Lateral Deployment,,CAD,CAN,2021-07-10 20:00:00,CORE_HR
EVT00011862,2021-07-14,EMP00108,CC0119,PA,2,Leave Start,,CAD,CAN,2021-07-14 12:00:00,CORE_HR
EVT00013349,2021-07-07,EMP00230,CC0016,IT,1,Performance Pay,8665.05,CAD,CAN,2021-07-08 09:00:00,CORE_HR
EVT00013297,2021-07-16,EMP02691,CC0051,AS,2,Promotion,57316.62,CAD,CA,2021-07-17 11:00:00,PAYROLL
EVT00012427,2021-07-25,EMP02151,CC0070,AS,2,Step Increment,61197.04,CAD,CAN,2021-07-25 09:00:00,CORE_HR
EVT00012562,2021-07-21,EMP01566,CC0083,PA,2,Step Increment,66102.04,CAD,CA,2021-07-22 14:00:00,PAYROLL
EVT00012397,2021-07-06,EMP03232,CC0120,IT,2,Leave Start,,CAD,CA,2021-07-07 01:00:00,PAYROLL
EVT00013280,2021-07-14,EMP01370,CC0095,PA,4,Leave Start,,CAD,CAN,2021-07-15 01:00:00,CORE_HR
EVT00013653,2021-07-24,EMP02132,CC0051,IT,3,Performance Pay,5120.77,CAD,CAN,2021-07-25 14:00:00,CORE_HR
EVT00013205,2021-07-18,EMP00320,CC0027,FI,3,Step Increment,95428.38,CAD,CA,2021-07-19 00:00:00,PAYROLL
EVT00012478,2021-07-21,EMP04391,CC0118,PA,5,Step Increment,89381.25,CAD,CAN,2021-07-21 23:00:00,CORE_HR
EVT00012247,2021-07-09,EMP99999,CC0003,EX,1,Step Increment,161226.52,CAD,CAN,2021-07-10 14:00:00,CORE_HR
EVT00012198,2021-07-12,EMP03195,CC0105,IT,1,Leave Start,,AED,ARE,2021-07-13 02:00:00,CORE_HR
EVT00012670,2021-07-07,EMP01487,CC0075,CR,5,Hire,70062.42,CAD,CA,2021-07-08 10:00:00,PAYROLL
EVT00013384,2021-07-06,EMP03726,CC0026,CR,3,Performance Pay,4032.65,CAD,CAN,2021-07-07 15:00:00,CORE_HR
EVT00012718,2021-07-14,EMP04162,CC0062,IT,4,Performance Pay,11400.83,CAD,CAN,2021-07-15 08:00:00,CORE_HR
EVT00013628,2021-07-17,EMP03393,CC0081,EX,2,Step Increment,142472.04,CAD,CAN,2021-07-18 10:00:00,CORE_HR
EVT00012947,2021-07-03,EMP01168,CC0043,FI,2,Promotion,78023.19,CAD,CA,2021-07-04 01:00:00,PAYROLL
EVT00013198,2021-07-07,EMP03351,CC0106,PA,4,Leave Start,,CAD,CAN,2021-07-07 08:00:00,CORE_HR
EVT00012204,2021-07-07,EMP00454,CC0037,EN,2,Performance Pay,3768.29,CAD,CAN,2021-07-07 16:00:00,CORE_HR
EVT00012909,2021-07-01,EMP00958,CC0036,AS,4,Leave Return,,CAD,CAN,2021-07-01 22:00:00,CORE_HR
EVT00012310,2021-07-26,EMP02486,CC0040,IT,1,Step Increment,78402.57,CAD,CAN,2021-07-26 09:00:00,CORE_HR
EVT00012374,2021-07-07,EMP01361,CC0061,IT,2,Step Increment,92083.3,CAD,CA,2021-07-08 15:00:00,PAYROLL
EVT00012771,2021-07-14,EMP00229,CC0034,PA,3,Lateral Deployment,,CAD,CAN,2021-07-15 01:00:00,CORE_HR
EVT00012079,2021-07-03,EMP03234,CC0111,PA,3,Step Increment,8317411.6,KES,KE,2021-07-04 12:00:00,PAYROLL
EVT00013182,2021-07-11,EMP03618,CC0084,EX,1,Promotion,142943.89,CAD,CA,2021-07-11 07:00:00,PAYROLL
EVT00013344,2021-07-14,EMP00622,CC0079,AS,3,Leave Return,,CAD,CA,2021-07-14 23:00:00,PAYROLL
EVT00012507,2021-07-21,EMP02186,CC0044,EC,2,Step Increment,79677.69,CAD,CAN,2021-07-22 04:00:00,CORE_HR
EVT00011960,2021-07-03,EMP02777,CC0006,FI,4,Step Increment,101942.35,CAD,CAN,2021-07-03 16:00:00,CORE_HR
EVT00012881,2021-07-18,EMP02074,CC0014,FI,1,Performance Pay,6711.81,CAD,CA,2021-07-18 22:00:00,PAYROLL
EVT00013517,2021-07-16,EMP02684,CC0031,EC,5,Performance Pay,171781.3,MXN,MEX,2021-07-17 10:00:00,CORE_HR
EVT00012958,2021-07-19,EMP03276,CC0101,CR,5,Leave Return,,CAD,CAN,2021-07-20 04:00:00,CORE_HR
EVT00013466,2021-07-14,EMP03837,CC0103,IT,5,Performance Pay,8389.74,CAD,CA,2021-07-14 07:00:00,PAYROLL
EVT00011818,2021-07-25,EMP04950,CC0056,PA,2,Performance Pay,8818.28,CAD,CAN,2021-07-25 23:00:00,CORE_HR
EVT00012532,2021-07-20,EMP02663,CC0109,PA,2,Step Increment,85682.54,CAD,CA,2021-07-20 23:00:00,PAYROLL
EVT00012886,2021-07-05,EMP03193,CC0108,FI,1,Lateral Deployment,,AED,ARE,2021-07-06 14:00:00,CORE_HR
EVT00013203,2021-07-12,EMP02305,CC0068,EC,1,Lateral Deployment,,CAD,CA,2021-07-13 10:00:00,PAYROLL
EVT00013439,2021-07-25,EMP03466,CC0012,IT,5,Hire,131188.76,CAD,CA,2021-07-26 09:00:00,PAYROLL
EVT00013632,2021-07-08,EMP02399,CC0083,EN,1,Lateral Deployment,,CAD,CAN,2021-07-08 20:00:00,CORE_HR
EVT00012878,2021-07-17,EMP03280,CC0071,FI,4,Performance Pay,9550.62,CAD,CAN,2021-07-18 14:00:00,CORE_HR
EVT00013405,2021-07-10,EMP01260,CC0030,IT,5,Leave Return,,EUR,FRA,2021-07-10 21:00:00,CORE_HR
EVT00013141,2021-07-26,EMP02703,CC0051,PA,1,Step Increment,56043.19,CAD,CAN,2021-07-26 09:00:00,CORE_HR
EVT00012421,2021-07-08,EMP01637,CC0081,PA,4,Leave Start,,CAD,CAN,2021-07-09 14:00:00,CORE_HR
EVT00012855,2021-07-03,EMP01917,CC0042,PA,1,Step Increment,57655.42,CAD,CAN,2021-07-04 04:00:00,CORE_HR
EVT00013556,2021-07-27,EMP03726,CC0026,CR,3,Departure,,CAD,CA,2021-07-27 11:00:00,PAYROLL
EVT00012714,2021-07-18,EMP03928,CC0043,EC,3,Hire,94648.59,CAD,CAN,2021-07-19 05:00:00,CORE_HR
EVT00013586,2021-07-03,EMP04692,CC0019,EN,5,Departure,,CAD,CAN,2021-07-03 11:00:00,CORE_HR
EVT00013504,2021-07-01,EMP02806,CC0080,EX,1,Step Increment,91101.77,EUR,DEU,2021-07-02 06:00:00,CORE_HR
EVT00012029,2021-07-19,EMP03612,CC0097,EC,2,Performance Pay,7189.24,CAD,CAN,2021-07-19 06:00:00,CORE_HR
EVT00013009,2021-07-20,EMP01918,CC0108,PA,5,Performance Pay,22242.37,AED,ARE,2021-07-21 04:00:00,CORE_HR
EVT00013051,2021-07-13,EMP02826,CC0091,PA,4,Leave Return,,CAD,CAN,2021-07-14 11:00:00,CORE_HR
EVT00012956,2021-07-12,EMP01632,CC0005,EX,1,Step Increment,134654.0,CAD,CAN,2021-07-12 13:00:00,CORE_HR
EVT00012870,2021-07-02,EMP03631,CC0102,CR,2,Lateral Deployment,,CAD,CAN,2021-07-03 04:00:00,CORE_HR
EVT00011957,2021-07-02,EMP04305,CC0096,AS,1,Performance Pay,7306.98,CAD,CA,2021-07-03 02:00:00,PAYROLL
EVT00013230,2021-07-25,EMP01977,CC0023,IT,2,Step Increment,88139.31,CAD,CAN,2021-07-26 08:00:00,CORE_HR
EVT00013312,2021-07-10,EMP00195,CC0055,IT,2,Hire,96675.2,CAD,CAN,2021-07-10 22:00:00,CORE_HR
EVT00012757,2021-07-22,EMP04761,CC0086,PA,4,Step Increment,57921.99,EUR,FRA,2021-07-22 17:00:00,CORE_HR
EVT00012340,2021-07-16,EMP00863,CC0097,CR,1,Step Increment,49795.95,CAD,CAN,2021-07-16 14:00:00,CORE_HR
EVT00012166,2021-07-21,EMP00954,CC0115,EN,2,Step Increment,96722.81,CAD,CAN,2021-07-21 19:00:00,CORE_HR
EVT00012303,2021-07-09,EMP01241,CC0049,PA,4,Performance Pay,2770.67,EUR,FRA,2021-07-09 06:00:00,CORE_HR
EVT00013373,2021-07-27,EMP04681,CC0050,FI,1,Promotion,75431.37,CAD,CA,2021-07-27 15:00:00,PAYROLL
EVT00012261,2021-07-24,EMP03573,CC0029,IT,1,Leave Start,,AUD,AUS,2021-07-25 03:00:00,CORE_HR
EVT00013609,2021-07-03,EMP00241,CC0032,CR,1,Performance Pay,2286.71,CAD,CAN,2021-07-03 11:00:00,CORE_HR
EVT00013100,2021-07-22,EMP03062,CC0070,CR,1,Step Increment,50050.04,CAD,CA,2021-07-23 15:00:00,PAYROLL
EVT00013448,2021-07-17,EMP00298,CC0113,EX,1,Leave Start,,CAD,CAN,2021-07-18 08:00:00,CORE_HR
EVT00012677,2021-07-10,EMP02282,CC0035,EN,3,Leave Return,,CAD,CAN,2021-07-10 07:00:00,CORE_HR
EVT00012684,2021-07-24,EMP03055,CC0060,FI,4,Performance Pay,6007.53,CAD,CAN,2021-07-25 14:00:00,CORE_HR
EVT00013317,2021-07-21,EMP04283,CC0118,EC,2,Lateral Deployment,,CAD,CAN,2021-07-21 09:00:00,CORE_HR
EVT00012423,2021-07-06,EMP02332,CC0117,IT,2,Performance Pay,5759.08,CAD,CAN,2021-07-07 00:00:00,CORE_HR
EVT00012864,2021-07-14,EMP03643,CC0079,EC,3,Departure,,CAD,CA,2021-07-15 14:00:00,PAYROLL
EVT00013574,2021-07-19,EMP03327,CC0038,PA,2,Leave Return,,CAD,CA,2021-07-20 04:00:00,PAYROLL
EVT00012961,2021-07-07,EMP04743,CC0117,EC,3,Leave Return,,CAD,CAN,2021-07-08 12:00:00,CORE_HR
EVT00011837,2021-07-22,EMP02341,CC0117,FI,3,Promotion,95419.12,CAD,CAN,2021-07-23 10:00:00,CORE_HR
EVT00012679,2021-07-08,EMP02074,CC0014,FI,1,Lateral Deployment,,CAD,CAN,2021-07-09 02:00:00,CORE_HR
EVT00013345,2021-07-15,EMP02443,CC0105,PA,3,Lateral Deployment,,USD,US,2021-07-15 07:00:00,PAYROLL
EVT00012821,2021-07-27,EMP02028,CC0076,AS,1,Performance Pay,6062.9,CAD,CA,2021-07-27 20:00:00,PAYROLL
EVT00012010,2021-07-15,EMP04869,CC0059,EN,1,Departure,,CAD,CA,2021-07-16 15:00:00,PAYROLL
EVT00012782,2021-07-12,EMP02948,CC0018,AS,1,Leave Start,,CAD,CAN,2021-07-12 13:00:00,CORE_HR
EVT00012755,2021-07-22,EMP03935,CC0075,FI,1,Performance Pay,3955.65,CAD,CAN,2021-07-22 23:00:00,CORE_HR
EVT00012291,2021-07-16,EMP03446,CC0052,AS,4,Promotion,79259.17,CAD,CAN,2021-07-16 09:00:00,CORE_HR
EVT00013207,2021-07-25,EMP03836,CC0052,CR,2,Performance Pay,3219.72,CAD,CA,2021-07-26 05:00:00,PAYROLL
EVT00013299,2021-07-24,EMP01128,CC0006,EC,3,Performance Pay,5023.65,CAD,CA,2021-07-25 03:00:00,PAYROLL
EVT00013360,2021-07-19,EMP04873,CC0075,PA,2,Leave Return,,CAD,CAN,2021-07-20 00:00:00,CORE_HR
EVT00012502,2021-07-09,EMP04322,CC0026,EC,3,Leave Return,,CAD,CAN,2021-07-09 20:00:00,CORE_HR
EVT00012002,2021-07-25,EMP03988,CC0030,AS,2,Performance Pay,4526.09,SGD,SG,2021-07-25 10:00:00,PAYROLL
EVT00012745,2021-07-24,EMP02043,CC0019,EX,1,Step Increment,129993.34,CAD,CA,2021-07-25 03:00:00,PAYROLL
EVT00012565,2021-07-02,EMP04237,CC0014,IT,2,Step Increment,91264.69,CAD,CA,2021-07-03 10:00:00,PAYROLL
EVT00013049,2021-07-10,EMP02628,CC0091,EC,1,Step Increment,79029.69,CAD,CAN,2021-07-10 21:00:00,CORE_HR
EVT00012132,2021-07-09,EMP00151,CC0001,EX,1,Step Increment,120993.45,CAD,CAN,2021-07-10 11:00:00,CORE_HR
EVT00012484,2021-07-04,EMP03114,CC0056,PA,3,Step Increment,58241.99,CAD,CAN,2021-07-04 22:00:00,CORE_HR
EVT00012359,2021-07-21,EMP04342,CC0040,PA,2,Leave Start,,CAD,CAN,2021-07-22 06:00:00,CORE_HR
EVT00012847,2021-07-21,EMP01908,CC0118,PA,1,Performance Pay,2554.33,CAD,CA,2021-07-21 13:00:00,PAYROLL
EVT00012287,2021-07-23,EMP04220,CC0090,FI,2,Step Increment,79025.23,CAD,CAN,2021-07-24 01:00:00,CORE_HR
EVT00013278,2021-07-07,EMP02947,CC0010,IT,1,Performance Pay,4241.06,CAD,CA,2021-07-07 16:00:00,PAYROLL
EVT00012629,2021-07-10,EMP04210,CC0049,EC,2,Step Increment,57226.17,USD,USA,2021-07-10 13:00:00,CORE_HR
EVT00013419,2021-07-11,EMP02376,CC0095,IT,2,Step Increment,84566.73,CAD,CAN,2021-07-11 11:00:00,CORE_HR
EVT00013106,2021-07-12,EMP00707,CC0020,EN,2,Step Increment,97828.33,CAD,CAN,2021-07-12 11:00:00,CORE_HR
EVT00012964,2021-07-23,EMP02966,CC0053,AS,1,Hire,50219.17,CAD,CAN,2021-07-23 11:00:00,CORE_HR
EVT00012819,2021-07-22,EMP04043,CC0039,PA,1,Performance Pay,4444.82,CAD,CAN,2021-07-22 19:00:00,CORE_HR
EVT00013435,2021-07-05,EMP00850,CC0051,CR,3,Performance Pay,5159.72,CAD,CA,2021-07-05 22:00:00,PAYROLL
EVT00011979,2021-07-21,EMP02115,CC0080,EC,4,Step Increment,418440.72,BRL,BRA,2021-07-21 13:00:00,CORE_HR
EVT00012104,2021-07-09,EMP01817,CC0064,AS,3,Performance Pay,7890.38,CAD,CAN,2021-07-10 12:00:00,CORE_HR
EVT00012486,2021-07-13,EMP04340,CC0096,PA,2,Hire,66072.98,CAD,CAN,2021-07-13 23:00:00,CORE_HR
EVT00012766,2021-07-15,EMP00228,CC0053,PA,1,Performance Pay,7863.5,CAD,CA,2021-07-15 13:00:00,PAYROLL
EVT00011902,2021-07-14,EMP00189,CC0106,PA,2,Leave Start,,CAD,CA,2021-07-14 20:00:00,PAYROLL
EVT00012438,2021-07-12,EMP00322,CC0053,FI,3,Step Increment,89447.16,CAD,CA,2021-07-13 06:00:00,PAYROLL
EVT00012943,2021-07-14,EMP00701,CC0068,CR,1,Step Increment,50681.33,CAD,CA,2021-07-14 19:00:00,PAYROLL
EVT00012209,2021-07-14,EMP02281,CC0065,PA,3,Performance Pay,486112.46,JPY,JPN,2021-07-14 10:00:00,CORE_HR
EVT00011914,2021-07-09,EMP04583,CC0074,FI,1,Step Increment,231118.91,BRL,BR,2021-07-10 05:00:00,PAYROLL
EVT00013267,2021-07-16,EMP03265,CC0073,IT,4,Performance Pay,14215.13,CAD,CAN,2021-07-17 02:00:00,CORE_HR
EVT00012398,2021-07-11,EMP00432,CC0027,EX,1,Leave Return,,CAD,CA,2021-07-11 18:00:00,PAYROLL
EVT00012651,2021-07-14,EMP01588,CC0041,EN,5,Promotion,121770.92,CAD,CAN,2021-07-14 07:00:00,CORE_HR
EVT00013143,2021-07-18,EMP03468,CC0054,IT,2,Step Increment,250944.8,AED,ARE,2021-07-18 18:00:00,CORE_HR
EVT00013637,2021-07-23,EMP03102,CC0090,IT,5,Step Increment,142903.5,CAD,CAN,2021-07-23 12:00:00,CORE_HR
EVT00013416,2021-07-07,EMP99999,CC0012,IT,3,Step Increment,106151.74,CAD,CA,2021-07-07 19:00:00,PAYROLL
EVT00012825,2021-07-04,EMP04718,CC0115,CR,1,Lateral Deployment,,CAD,CA,2021-07-04 23:00:00,PAYROLL
EVT00011811,2021-07-12,EMP03102,CC0090,IT,5,Lateral Deployment,,CAD,CAN,2021-07-13 08:00:00,CORE_HR
EVT00013651,2021-07-11,EMP01860,CC0059,EX,1,Departure,,CAD,CAN,2021-07-12 02:00:00,CORE_HR
EVT00012337,2021-07-18,EMP01313,CC0069,IT,1,Step Increment,66378.66,CAD,CAN,2021-07-20 15:00:00,CORE_HR
EVT00012050,2021-07-22,EMP01483,CC0097,EX,1,Step Increment,140397.28,CAD,CA,2021-07-22 16:00:00,PAYROLL
EVT00012875,2021-07-02,EMP02910,CC0089,EN,3,Step Increment,84047.46,CAD,CA,2021-07-02 17:00:00,PAYROLL
EVT00012203,2021-07-27,EMP04859,CC0077,PA,3,Promotion,83986.67,CAD,CAN,2021-07-28 10:00:00,CORE_HR
EVT00012441,2021-07-27,EMP03259,CC0004,CR,1,Leave Start,,CAD,CAN,2021-07-27 09:00:00,CORE_HR
EVT00012483,2021-07-09,EMP00078,CC0025,EC,3,Leave Return,,CAD,CA,2021-07-10 02:00:00,PAYROLL
EVT00013060,2021-07-10,EMP00160,CC0075,PA,1,Leave Return,,CAD,CAN,2021-07-10 06:00:00,CORE_HR
EVT00013081,2021-07-09,EMP00013,CC0028,IT,2,Performance Pay,7568.89,CAD,CAN,2021-07-09 20:00:00,CORE_HR
EVT00012100,2021-07-24,EMP04998,CC0117,EN,3,Promotion,111274.44,CAD,CAN,2021-07-25 04:00:00,CORE_HR
EVT00012345,2021-07-05,EMP00302,CC0096,EN,3,Performance Pay,8020.62,CAD,CA,2021-07-05 14:00:00,PAYROLL
EVT00011954,2021-07-20,EMP03297,CC0012,PA,2,Step Increment,73578.2,CAD,CA,2021-07-21 09:00:00,PAYROLL
EVT00011905,2021-07-08,EMP00054,CC0022,PA,3,Leave Return,,CAD,CAN,2021-07-08 18:00:00,CORE_HR
EVT00013071,2021-07-09,EMP01932,CC0116,IT,4,Step Increment,119695.72,CAD,CA,2021-07-10 09:00:00,PAYROLL
EVT00013661,2021-07-18,EMP02387,CC0022,AS,2,Step Increment,60681.41,CAD,CA,2021-07-18 12:00:00,PAYROLL
EVT00012060,2021-07-19,EMP03070,CC0106,AS,2,Step Increment,61893.45,CAD,CAN,2021-07-20 14:00:00,CORE_HR
EVT00011798,2021-07-05,EMP04192,CC0080,PA,5,Step Increment,67662.26,USD,USA,2021-07-06 05:00:00,CORE_HR
EVT00013129,2021-07-18,EMP01347,CC0071,EX,1,Step Increment,130482.53,CAD,CAN,2021-07-18 19:00:00,CORE_HR
EVT00012158,2021-07-05,EMP02797,CC0014,AS,1,Step Increment,58165.61,CAD,CAN,2021-07-07 19:00:00,CORE_HR
EVT00012322,2021-07-27,EMP03861,CC0001,AS,5,Step Increment,87004.63,CAD,CAN,2021-07-28 11:00:00,CORE_HR
EVT00012116,2021-07-08,EMP00458,CC0115,EN,1,Step Increment,74345.47,CAD,CA,2021-07-09 13:00:00,PAYROLL
EVT00013387,2021-07-05,EMP03997,CC0050,IT,3,Hire,105629.21,CAD,CA,2021-07-06 10:00:00,PAYROLL
EVT00013589,2021-07-18,EMP04003,CC0042,PA,4,Step Increment,69567.65,CAD,CA,2021-07-19 10:00:00,PAYROLL
EVT00011823,2021-07-16,EMP01623,CC0033,EN,4,Step Increment,129317.9,CAD,CA,2021-07-16 12:00:00,PAYROLL
EVT00012241,2021-07-12,EMP04958,CC0094,IT,4,Leave Return,,CAD,CAN,2021-07-13 15:00:00,CORE_HR
EVT00012549,2021-07-18,EMP04568,CC0052,FI,4,Step Increment,79514.68,CAD,CA,2021-07-19 06:00:00,PAYROLL
EVT00012215,2021-07-16,EMP03285,CC0046,EN,2,Step Increment,60849.34,GBP,GB,2021-07-16 10:00:00,PAYROLL
EVT00012160,2021-07-15,EMP04448,CC0035,FI,2,Lateral Deployment,,CAD,CA,2021-07-16 04:00:00,PAYROLL
EVT00012391,2021-07-15,EMP02239,CC0076,IT,2,Step Increment,85561.22,CAD,CAN,2021-07-15 19:00:00,CORE_HR
EVT00013332,2021-07-05,EMP02347,CC0020,AS,2,Leave Return,,CAD,CA,2021-07-06 15:00:00,PAYROLL
EVT00012973,2021-07-20,EMP01012,CC0016,IT,3,Leave Return,,CAD,CAN,2021-07-20 08:00:00,CORE_HR
EVT00012646,2021-07-01,EMP03922,CC0071,EN,2,Lateral Deployment,,CAD,CA,2021-07-02 01:00:00,PAYROLL
EVT00011881,2021-07-12,EMP01223,CC0050,AS,1,Step Increment,56465.92,CAD,CAN,2021-07-12 23:00:00,CORE_HR
EVT00013679,2021-07-13,EMP01785,CC0046,IT,1,Leave Start,,GBP,GBR,2021-07-14 09:00:00,CORE_HR
EVT00012869,2021-07-22,EMP00689,CC0023,PA,2,Step Increment,66722.76,CAD,CAN,2021-07-22 11:00:00,CORE_HR
EVT00012564,2021-07-08,EMP00996,CC0074,EC,3,Step Increment,6084831.95,INR,IN,2021-07-08 18:00:00,PAYROLL
EVT00012333,2021-07-05,EMP04693,CC0007,FI,2,Lateral Deployment,,GBP,GBR,2021-07-05 09:00:00,CORE_HR
EVT00011887,2021-07-27,EMP04302,CC0053,AS,3,Leave Start,,CAD,CAN,2021-07-27 23:00:00,CORE_HR
EVT00012423,2021-07-06,EMP02332,CC0117,IT,2,Performance Pay,5759.08,CAD,CAN,2021-07-06 16:00:00,CORE_HR
EVT00012716,2021-07-24,EMP03595,CC0049,EN,1,Leave Return,,INR,IN,2021-07-25 13:00:00,PAYROLL
EVT00012022,2021-07-08,EMP04444,CC0071,FI,2,Step Increment,70392.89,CAD,CAN,2021-07-10 18:00:00,CORE_HR
EVT00011977,2021-07-25,EMP04972,CC0025,FI,1,Performance Pay,6220.98,CAD,CAN,2021-07-26 02:00:00,CORE_HR
EVT00011838,2021-07-23,EMP00370,CC0115,IT,2,Step Increment,89426.6,CAD,CA,2021-07-24 10:00:00,PAYROLL
EVT00012890,2021-07-12,EMP03722,CC0028,AS,1,Step Increment,60030.51,CAD,CAN,2021-07-12 10:00:00,CORE_HR
EVT00013261,2021-07-11,EMP04580,CC0110,CR,4,Leave Start,,CAD,CA,2021-07-12 15:00:00,PAYROLL
EVT00012025,2021-07-25,EMP04022,CC0014,PA,2,Step Increment,70179.45,CAD,CAN,2021-07-26 08:00:00,CORE_HR
EVT00012142,2021-07-01,EMP01538,CC0115,PA,2,Step Increment,69049.14,CAD,CAN,2021-07-02 03:00:00,CORE_HR
EVT00012991,2021-07-13,EMP00390,CC0066,EN,2,Leave Return,,CAD,CAN,2021-07-13 11:00:00,CORE_HR
EVT00012905,2021-07-19,EMP00217,CC0087,IT,2,Performance Pay,12635.83,CAD,CA,2021-07-20 07:00:00,PAYROLL
EVT00013169,2021-07-26,EMP01806,CC0035,EX,1,Leave Start,,CAD,CAN,2021-07-26 15:00:00,CORE_HR
EVT00013588,2021-07-11,EMP04725,CC0065,EC,3,Performance Pay,2732.26,EUR,FR,2021-07-12 03:00:00,PAYROLL
EVT00012350,2021-07-23,EMP00973,CC0022,FI,1,Lateral Deployment,,CAD,CA,2021-07-24 08:00:00,PAYROLL
EVT00012664,2021-07-17,EMP02312,CC0063,IT,3,Departure,,CAD,CA,2021-07-17 09:00:00,PAYROLL
EVT00011822,2021-07-15,EMP01815,CC0093,EX,1,Hire,124070.01,CAD,CA,2021-07-15 14:00:00,PAYROLL
EVT00011861,2021-07-07,EMP02784,CC0100,CR,5,Step Increment,67787.99,CAD,CAN,2021-07-08 08:00:00,CORE_HR
EVT00012906,2021-07-27,EMP03932,CC0105,CR,1,Performance Pay,142450.18,INR,IND,2021-07-28 11:00:00,CORE_HR
EVT00012110,2021-07-23,EMP03146,CC0008,IT,1,Leave Return,,CAD,CAN,2021-07-24 14:00:00,CORE_HR
EVT00011791,2021-07-25,EMP00821,CC0003,PA,1,Leave Return,,CAD,CAN,2021-07-26 05:00:00,CORE_HR
EVT00013409,2021-07-15,EMP04473,CC0107,EN,1,Step Increment,79805.97,CAD,CA,2021-07-16 01:00:00,PAYROLL
EVT00012026,2021-07-20,EMP00139,CC0056,CR,3,Lateral Deployment,,CAD,CAN,2021-07-21 05:00:00,CORE_HR
EVT00011773,2021-07-24,EMP01115,CC0011,AS,1,Leave Start,,CAD,CA,2021-07-24 18:00:00,PAYROLL
EVT00013303,2021-07-23,EMP02469,CC0096,CR,5,Lateral Deployment,,CAD,CA,2021-07-23 08:00:00,PAYROLL
EVT00012765,2021-07-14,EMP03224,CC0113,EX,3,Step Increment,179516.08,CAD,CA,2021-07-14 13:00:00,PAYROLL
EVT00012014,2021-07-22,EMP00373,CC0090,PA,4,Leave Return,,CAD,CAN,2021-07-22 21:00:00,CORE_HR
EVT00012594,2021-07-15,EMP01039,CC0052,EN,1,Performance Pay,5438.79,CAD,CAN,2021-07-16 06:00:00,CORE_HR
EVT00013137,2021-07-19,EMP00638,CC0092,CR,3,Hire,56208.36,CAD,CAN,2021-07-20 14:00:00,CORE_HR
EVT00012759,2021-07-07,EMP03994,CC0082,CR,3,Leave Start,,CAD,CA,2021-07-07 23:00:00,PAYROLL
EVT00012106,2021-07-04,EMP04565,CC0086,CR,1,Lateral Deployment,,EUR,DEU,2021-07-04 12:00:00,CORE_HR
EVT00012243,2021-07-02,EMP02908,CC0118,IT,2,Performance Pay,9509.1,CAD,CA,2021-07-02 14:00:00,PAYROLL
EVT00011991,2021-07-25,EMP02141,CC0067,IT,4,Step Increment,119082.71,CAD,CAN,2021-07-26 05:00:00,CORE_HR
EVT00012092,2021-07-23,EMP04526,CC0096,PA,2,Step Increment,74478.85,CAD,CAN,2021-07-24 05:00:00,CORE_HR
EVT00012836,2021-07-23,EMP01769,CC0053,AS,2,Leave Return,,CAD,CA,2021-07-23 17:00:00,PAYROLL
EVT00011831,2021-07-25,EMP01539,CC0006,CR,3,Performance Pay,4329.9,CAD,CAN,2021-07-25 07:00:00,CORE_HR
EVT00013704,2021-07-18,EMP04173,CC0072,PA,3,Step Increment,72050.95,CAD,CAN,2021-07-18 14:00:00,CORE_HR
EVT00012336,2021-07-13,EMP00143,CC0065,EC,4,Step Increment,62155.48,EUR,FR,2021-07-14 11:00:00,PAYROLL
EVT00012353,2021-07-06,EMP03297,CC0012,PA,2,Performance Pay,4614.26,CAD,CA,2021-07-06 18:00:00,PAYROLL
EVT00013623,2021-07-22,EMP02454,CC0062,EN,1,Leave Start,,CAD,CA,2021-07-23 04:00:00,PAYROLL
EVT00012631,2021-07-27,EMP02746,CC0084,CR,4,Hire,73415.27,CAD,CA,2021-07-27 12:00:00,PAYROLL
EVT00013093,2021-07-18,EMP00080,CC0099,CR,3,Leave Return,,CAD,CAN,2021-07-18 14:00:00,CORE_HR
EVT00012352,2021-07-06,EMP03699,CC0017,AS,1,Leave Start,,CAD,CA,2021-07-07 13:00:00,PAYROLL
EVT00011820,2021-07-05,EMP01263,CC0067,AS,2,Step Increment,67144.83,CAD,CAN,2021-07-05 10:00:00,CORE_HR
EVT00012269,2021-07-08,EMP04350,CC0019,EX,2,Promotion,152147.6,CAD,CA,2021-07-08 19:00:00,PAYROLL
EVT00011873,2021-07-08,EMP01159,CC0114,FI,4,Step Increment,103157.45,CAD,CAN,2021-07-09 07:00:00,CORE_HR
EVT00012960,2021-07-09,EMP00755,CC0039,IT,2,Step Increment,91073.04,CAD,CAN,2021-07-09 15:00:00,CORE_HR
EVT00012547,2021-07-03,EMP03491,CC0111,PA,1,Lateral Deployment,,MXN,MX,2021-07-04 03:00:00,PAYROLL
EVT00013080,2021-07-16,EMP02492,CC0089,PA,2,Promotion,64982.09,CAD,CAN,2021-07-16 23:00:00,CORE_HR
EVT00012380,2021-07-12,EMP04737,CC0048,PA,2,Promotion,70455.15,CAD,CA,2021-07-12 20:00:00,PAYROLL
EVT00011888,2021-07-26,EMP00864,CC0068,IT,2,Step Increment,89590.66,CAD,CAN,2021-07-27 06:00:00,CORE_HR
EVT00013088,2021-07-22,EMP04564,CC0016,IT,2,Lateral Deployment,,CAD,CA,2021-07-22 21:00:00,PAYROLL
EVT00012944,2021-07-04,EMP00237,CC0055,EN,2,Lateral Deployment,,CAD,CA,2021-07-04 18:00:00,PAYROLL
EVT00011751,2021-07-20,EMP04822,CC0007,PA,2,Performance Pay,22059.79,AED,AE,2021-07-20 19:00:00,PAYROLL
EVT00011925,2021-07-01,EMP04958,CC0094,IT,4,Step Increment,84821.11,CAD,CAN,2021-07-01 13:00:00,CORE_HR
EVT00012752,2021-07-10,EMP04633,CC0046,FI,1,Performance Pay,36974.99,BRL,BRA,2021-07-11 14:00:00,CORE_HR
EVT00011784,2021-07-04,EMP03244,CC0053,EC,1,Lateral Deployment,,CAD,CAN,2021-07-04 09:00:00,CORE_HR
EVT00013058,2021-07-11,EMP00879,CC0118,PA,3,Step Increment,73962.27,CAD,CAN,2021-07-11 09:00:00,CORE_HR
EVT00013066,2021-07-21,EMP01039,CC0052,EN,1,Step Increment,65562.53,CAD,CA,2021-07-22 05:00:00,PAYROLL
EVT00012603,2021-07-27,EMP02169,CC0027,EN,4,Leave Return,,CAD,CA,2021-07-28 11:00:00,PAYROLL
EVT00013217,2021-07-22,EMP04937,CC0114,EC,2,Leave Return,,CAD,CAN,2021-07-23 15:00:00,CORE_HR
EVT00013382,2021-07-12,EMP04005,CC0119,FI,3,Leave Start,,CAD,CA,2021-07-12 22:00:00,PAYROLL
EVT00013555,2021-07-04,EMP02503,CC0007,EN,2,Step Increment,357219.48,BRL,BRA,2021-07-05 01:00:00,CORE_HR
EVT00011804,2021-07-09,EMP03545,CC0003,PA,3,Leave Return,,CAD,CA,2021-07-09 17:00:00,PAYROLL
EVT00013474,2021-07-17,EMP03792,CC0037,EC,4,Performance Pay,12512.45,CAD,CAN,2021-07-17 10:00:00,CORE_HR
EVT00012488,2021-07-08,EMP00012,CC0060,FI,3,Leave Start,,CAD,CA,2021-07-09 05:00:00,PAYROLL
EVT00013692,2021-07-05,EMP03394,CC0071,EN,1,Performance Pay,6644.92,CAD,CA,2021-07-06 08:00:00,PAYROLL
EVT00013350,2021-07-15,EMP00772,CC0035,FI,3,Hire,83443.39,CAD,CA,2021-07-16 10:00:00,PAYROLL
EVT00013142,2021-07-09,EMP03592,CC0101,AS,3,Step Increment,66265.85,CAD,CAN,2021-07-09 07:00:00,CORE_HR
EVT00012984,2021-07-06,EMP01658,CC0095,EC,1,Performance Pay,5949.88,CAD,CA,2021-07-06 14:00:00,PAYROLL
EVT00012102,2021-07-27,EMP01030,CC0035,IT,4,Step Increment,116806.83,CAD,CAN,2021-07-27 22:00:00,CORE_HR
EVT00013273,2021-07-09,EMP00804,CC0022,EX,2,Step Increment,161114.74,CAD,CA,2021-07-09 16:00:00,PAYROLL
EVT00012793,2021-07-26,EMP04390,CC0074,IT,1,Lateral Deployment,,INR,IN,2021-07-27 14:00:00,PAYROLL
EVT00013593,2021-07-11,EMP00218,CC0060,CR,1,Step Increment,51918.42,CAD,CAN,2021-07-12 08:00:00,CORE_HR
EVT00013165,2021-07-14,EMP00329,CC0086,IT,2,Step Increment,65046.04,USD,US,2021-07-15 07:00:00,PAYROLL
EVT00012913,2021-07-09,EMP00229,CC0034,PA,3,Hire,83526.33,CAD,CA,2021-07-09 14:00:00,PAYROLL
EVT00013572,2021-07-09,EMP00146,CC0004,CR,5,Step Increment,73497.69,CAD,CAN,2021-07-09 17:00:00,CORE_HR
EVT00012188,2021-07-10,EMP03380,CC0036,EN,2,Step Increment,84541.69,CAD,CAN,2021-07-10 18:00:00,CORE_HR
EVT00012295,2021-07-09,EMP01272,CC0077,FI,2,Performance Pay,7148.13,CAD,CAN,2021-07-09 20:00:00,CORE_HR
EVT00012894,2021-07-13,EMP03530,CC0086,IT,4,Lateral Deployment,,EUR,FR,2021-07-14 13:00:00,PAYROLL
EVT00012021,2021-07-27,EMP03340,CC0118,PA,4,Performance Pay,10670.43,CAD,CAN,2021-07-27 21:00:00,CORE_HR
EVT00012097,2021-07-11,EMP04290,CC0008,CR,2,Step Increment,61364.23,CAD,CAN,2021-07-11 22:00:00,CORE_HR
EVT00012234,2021-07-26,EMP03488,CC0022,IT,5,Leave Start,,CAD,CAN,2021-07-27 13:00:00,CORE_HR
EVT00013222,2021-07-26,EMP00164,CC0045,IT,3,Leave Start,,CAD,CAN,2021-07-26 09:00:00,CORE_HR
EVT00012068,1900-01-01,EMP01566,CC0083,PA,2,Performance Pay,7591.02,CAD,CA,2021-07-19 08:00:00,PAYROLL
EVT00013272,2021-07-09,EMP04947,CC0011,IT,3,Step Increment,97818.18,CAD,CAN,2021-07-10 02:00:00,CORE_HR
EVT00012031,2021-07-15,EMP01689,CC0062,PA,3,Step Increment,80764.9,CAD,CAN,2021-07-16 10:00:00,CORE_HR
EVT00013563,2021-07-23,EMP03452,CC0089,CR,4,Performance Pay,4349.38,CAD,CAN,2021-07-24 04:00:00,CORE_HR
EVT00012417,2021-07-23,EMP01868,CC0093,CR,1,Step Increment,45931.89,CAD,CAN,2021-07-24 14:00:00,CORE_HR
EVT00011741,2021-07-06,EMP02813,CC0005,CR,3,Leave Start,,CAD,CAN,2021-07-06 22:00:00,CORE_HR
EVT00012084,2021-07-07,EMP02139,CC0055,EN,4,Lateral Deployment,,CAD,CA,2021-07-08 12:00:00,PAYROLL
EVT00012999,2021-07-13,EMP04382,CC0119,IT,4,Step Increment,118495.08,CAD,CAN,2021-07-14 07:00:00,CORE_HR
EVT00011785,2021-07-25,EMP02810,CC0062,CR,3,Promotion,44853.96,CAD,CAN,2021-07-25 10:00:00,CORE_HR
EVT00012218,2021-07-11,EMP02178,CC0056,PA,1,Lateral Deployment,,CAD,CAN,2021-07-12 03:00:00,CORE_HR
EVT00012700,2021-07-16,EMP00982,CC0026,AS,3,Performance Pay,7106.01,CAD,CAN,2021-07-16 22:00:00,CORE_HR
EVT00011982,2021-07-16,EMP01982,CC0119,CR,1,Step Increment,49712.77,CAD,CA,2021-07-16 09:00:00,PAYROLL
EVT00012201,2021-07-03,EMP04872,CC0070,EC,3,Lateral Deployment,,CAD,CAN,2021-07-03 22:00:00,CORE_HR
EVT00013292,2021-07-25,EMP04545,CC0016,EN,1,Step Increment,59286.7,CAD,CAN,2021-07-26 09:00:00,CORE_HR
EVT00013471,2021-07-24,EMP03738,CC0012,FI,5,Performance Pay,9605.93,CAD,CAN,2021-07-25 04:00:00,CORE_HR
EVT00012276,2021-07-25,EMP00940,CC0113,IT,1,Lateral Deployment,,CAD,CA,2021-07-25 10:00:00,PAYROLL
EVT00012339,2021-07-08,EMP00645,CC0076,FI,2,Performance Pay,3612.68,CAD,CAN,2021-07-09 14:00:00,CORE_HR
EVT00012957,2021-07-13,EMP01211,CC0106,PA,3,Performance Pay,3598.37,CAD,CA,2021-07-14 15:00:00,PAYROLL
EVT00012860,2021-07-12,EMP04436,CC0080,EX,1,Leave Start,,KES,KEN,2021-07-13 12:00:00,CORE_HR
EVT00013037,2021-07-20,EMP02252,CC0077,EN,4,Step Increment,125144.99,CAD,CAN,2021-07-20 23:00:00,CORE_HR
EVT00012414,2021-07-26,EMP03733,CC0003,CR,1,Leave Start,,CAD,CAN,2021-07-26 22:00:00,CORE_HR
EVT00012384,2021-07-09,EMP04810,CC0099,AS,2,Leave Start,,CAD,CA,2021-07-10 05:00:00,PAYROLL
EVT00012506,2021-07-21,EMP00462,CC0035,PA,3,Performance Pay,4596.46,CAD,CAN,2021-07-22 11:00:00,CORE_HR
EVT00012595,2021-07-21,EMP00672,CC0038,EN,2,Lateral Deployment,,CAD,CAN,2021-07-22 11:00:00,CORE_HR
EVT00012653,2021-07-14,EMP02141,CC0067,IT,4,Leave Start,,CAD,CAN,2021-07-14 21:00:00,CORE_HR
EVT00012499,2021-07-04,EMP02907,CC0045,EN,2,Leave Return,,CAD,CAN,2021-07-04 06:00:00,CORE_HR
EVT00012164,2021-07-11,EMP04347,CC0096,CR,4,Performance Pay,5821.17,CAD,CAN,2021-07-12 09:00:00,CORE_HR
EVT00013666,2021-07-15,EMP01512,CC0104,PA,5,Leave Return,,CAD,CA,2021-07-15 13:00:00,PAYROLL
EVT00011756,2021-07-17,EMP03733,CC0003,CR,1,Lateral Deployment,,CAD,CAN,2021-07-17 23:00:00,CORE_HR
EVT00013674,2021-07-06,EMP04803,CC0060,PA,1,Step Increment,56354.98,CAD,CAN,2021-07-06 12:00:00,CORE_HR
EVT00013675,2021-07-10,EMP04418,CC0073,AS,4,Lateral Deployment,,CAD,CA,2021-07-11 08:00:00,PAYROLL
EVT00013254,2021-07-20,EMP03369,CC0043,PA,2,Leave Start,,CAD,CA,2021-07-21 02:00:00,PAYROLL
EVT00012293,2021-07-09,EMP02658,CC0107,PA,1,Step Increment,57292.45,CAD,CAN,2021-07-10 11:00:00,CORE_HR
EVT00013509,2021-07-07,EMP04658,CC0074,IT,1,Hire,8813865.71,KES,KE,2021-07-07 10:00:00,PAYROLL
EVT00012928,2021-07-23,EMP00995,CC0076,IT,2,Leave Return,,CAD,CAN,2021-07-23 20:00:00,CORE_HR
EVT00012145,2021-07-20,EMP02814,CC0017,CR,1,Step Increment,50184.94,CAD,CA,2021-07-20 19:00:00,PAYROLL
EVT00013452,2021-07-21,EMP03457,CC0090,IT,2,Performance Pay,12555.1,CAD,CAN,2021-07-22 06:00:00,CORE_HR
EVT00012205,2021-07-23,EMP01439,CC0063,PA,2,Leave Start,,CAD,CAN,2021-07-24 14:00:00,CORE_HR
EVT00012551,2021-07-18,EMP02902,CC0023,EN,4,Promotion,128545.84,CAD,CA,2021-07-19 10:00:00,PAYROLL
EVT00012682,2021-07-07,EMP03645,CC0054,FI,3,Leave Return,,KES,KEN,2021-07-07 22:00:00,CORE_HR
EVT00012566,2021-07-03,EMP01943,CC0058,EN,2,Step Increment,69333.25,CAD,CAN,2021-07-04 08:00:00,CORE_HR
EVT00013178,2021-07-24,EMP00025,CC0084,IT,4,Step Increment,128304.17,CAD,CA,2021-07-25 03:00:00,PAYROLL
EVT00012453,2021-07-02,EMP02589,CC0093,AS,3,Leave Start,,CAD,CAN,2021-07-02 23:00:00,CORE_HR
EVT00013606,2021-07-06,EMP02701,CC0020,IT,3,Performance Pay,4970.44,CAD,CA,2021-07-06 19:00:00,PAYROLL
EVT00013429,2021-07-01,EMP04673,CC0105,AS,4,Promotion,50400.13,EUR,DEU,2021-07-02 07:00:00,CORE_HR
EVT00013600,2021-07-04,EMP02930,CC0050,PA,4,Lateral Deployment,,CAD,CAN,2021-07-04 17:00:00,CORE_HR
EVT00013072,2021-07-17,EMP00313,CC0058,FI,5,Leave Start,,CAD,CAN,2021-07-18 06:00:00,CORE_HR
EVT00013543,2021-07-21,EMP01982,CC0119,CR,1,Step Increment,48706.97,CAD,CA,2021-07-22 14:00:00,PAYROLL
EVT00013638,2021-07-16,EMP03124,CC0055,EN,3,Departure,,CAD,CA,2021-07-16 23:00:00,PAYROLL
EVT00013023,2021-07-16,EMP00450,CC0103,IT,5,Lateral Deployment,,CAD,CAN,2021-07-16 20:00:00,CORE_HR
EVT00012214,2021-07-14,EMP03254,CC0046,EX,3,Performance Pay,13198.52,AUD,AUS,2021-07-15 14:00:00,CORE_HR
EVT00012156,2021-07-19,EMP03728,CC0014,CR,2,Performance Pay,7060.29,CAD,CA,2021-07-19 17:00:00,PAYROLL
EVT00013335,2021-07-17,EMP02242,CC0042,IT,3,Step Increment,122325.17,CAD,CA,2021-07-17 18:00:00,PAYROLL
EVT00012123,2021-07-26,EMP02843,CC0034,PA,3,Performance Pay,8157.29,CAD,CA,2021-07-27 11:00:00,PAYROLL
EVT00012800,2021-07-27,EMP00981,CC0075,EC,1,Promotion,77766.67,CAD,CAN,2021-07-28 13:00:00,CORE_HR
EVT00012644,2021-07-22,EMP04795,CC0057,EN,1,Step Increment,81425.26,CAD,CAN,2021-07-22 12:00:00,CORE_HR
EVT00013684,2021-07-22,EMP02668,CC0055,IT,1,Leave Start,,CAD,CA,2021-07-22 09:00:00,PAYROLL
EVT00012865,2021-07-05,EMP03403,CC0017,AS,4,Hire,78661.47,CAD,CA,2021-07-05 09:00:00,PAYROLL
EVT00013488,2021-07-06,EMP04244,CC0062,IT,4,Lateral Deployment,,CAD,CA,2021-07-06 16:00:00,PAYROLL
EVT00013361,2021-07-22,EMP01210,CC0092,PA,2,Step Increment,72665.38,CAD,CAN,2021-07-23 04:00:00,CORE_HR
EVT00012597,2021-07-13,EMP00892,CC0093,EN,1,Leave Start,,CAD,CA,2021-07-14 08:00:00,PAYROLL
EVT00012624,2021-07-25,EMP01189,CC0058,EC,3,Leave Return,,CAD,CA,2021-07-26 01:00:00,PAYROLL
EVT00012320,2021-07-01,EMP02461,CC0087,CR,2,Step Increment,53666.94,CAD,CAN,2021-07-02 01:00:00,CORE_HR
EVT00013582,2021-07-12,EMP01098,CC0111,PA,3,Performance Pay,9710.45,AED,AE,2021-07-13 05:00:00,PAYROLL
EVT00012493,2021-07-12,EMP01524,CC0018,FI,2,Lateral Deployment,,CAD,CA,2021-07-12 08:00:00,PAYROLL
EVT00013375,2021-07-14,EMP01603,CC0018,PA,3,Performance Pay,8277.31,CAD,CA,2021-07-15 13:00:00,PAYROLL
EVT00011825,2021-07-11,EMP00643,CC0120,EN,3,Step Increment,112877.47,CAD,CAN,2021-07-11 16:00:00,CORE_HR
EVT00012044,2021-07-14,EMP00662,CC0063,EN,2,Step Increment,84321.91,CAD,CA,2021-07-15 14:00:00,PAYROLL
EVT00012461,2021-07-08,EMP03944,CC0088,EN,1,Step Increment,998881.82,MXN,MEX,2021-07-08 14:00:00,CORE_HR
EVT00012431,2021-07-25,EMP04550,CC0019,IT,5,Leave Start,,CAD,CAN,2021-07-26 02:00:00,CORE_HR
EVT00012795,2021-07-16,EMP00663,CC0007,AS,3,Leave Return,,MXN,MX,2021-07-16 12:00:00,PAYROLL
EVT00011942,2021-07-19,EMP00197,CC0100,PA,1,Performance Pay,4517.04,CAD,CAN,2021-07-19 07:00:00,CORE_HR
EVT00012711,2021-07-08,EMP01885,CC0072,EC,1,Step Increment,71311.12,CAD,CA,2021-07-08 14:00:00,PAYROLL
EVT00013211,2021-07-27,EMP03637,CC0065,EN,5,Leave Return,,MXN,MEX,2021-07-28 03:00:00,CORE_HR
EVT00012516,2021-07-25,EMP04150,CC0032,IT,1,Step Increment,72717.05,CAD,CA,2021-07-25 06:00:00,PAYROLL
EVT00012676,2021-07-18,EMP04429,CC0092,FI,2,Performance Pay,3725.43,CAD,CAN,2021-07-19 07:00:00,CORE_HR
EVT00011746,2021-07-03,EMP03942,CC0040,IT,4,Lateral Deployment,,CAD,CAN,2021-07-04 05:00:00,CORE_HR
EVT00013420,2021-07-18,EMP01076,CC0102,IT,1,Step Increment,82414.12,CAD,CAN,2021-07-19 18:00:00,CORE_HR
EVT00013423,2021-07-24,EMP01685,CC0025,IT,1,Lateral Deployment,,CAD,CA,2021-07-25 09:00:00,PAYROLL
EVT00013459,2021-07-20,EMP01400,CC0067,PA,2,Step Increment,66004.0,CAD,CA,2021-07-21 15:00:00,PAYROLL
EVT00012784,2021-07-19,EMP00272,CC0071,PA,2,Step Increment,88073.87,CAD,CA,2021-07-20 00:00:00,PAYROLL
EVT00012574,2021-07-18,EMP00474,CC0081,PA,2,Lateral Deployment,,CAD,CAN,2021-07-18 19:00:00,CORE_HR
EVT00013022,2021-07-05,EMP02719,CC0114,EX,1,Lateral Deployment,,CAD,CAN,2021-07-05 08:00:00,CORE_HR
EVT00012319,2021-07-13,EMP00959,CC0073,AS,2,Leave Start,,CAD,CAN,2021-07-13 09:00:00,CORE_HR
EVT00012328,2021-07-07,EMP00485,CC0101,PA,3,Performance Pay,10872.58,CAD,CAN,2021-07-08 10:00:00,CORE_HR
EVT00012307,2021-07-22,EMP04135,CC0029,EC,3,Hire,1107205.31,MXN,MX,2021-07-22 18:00:00,PAYROLL
EVT00012792,2021-07-06,EMP04715,CC0115,AS,4,Leave Return,,CAD,CA,2021-07-06 21:00:00,PAYROLL
EVT00013485,2021-07-02,EMP01267,CC0012,EC,4,Step Increment,114256.97,CAD,CA,2021-07-03 08:00:00,PAYROLL
EVT00013585,2021-07-15,EMP04122,CC0039,FI,1,Leave Return,,CAD,CA,2021-07-15 14:00:00,PAYROLL
EVT00012738,2021-07-27,EMP02478,CC0119,PA,3,Leave Start,,CAD,CAN,2021-07-28 13:00:00,CORE_HR
EVT00012688,2021-07-27,EMP03250,CC0059,EC,4,Promotion,100494.4,CAD,CA,2021-07-28 13:00:00,PAYROLL
EVT00012378,2021-07-22,EMP04137,CC0085,CR,4,Leave Return,,CAD,CA,2021-07-22 07:00:00,PAYROLL
EVT00012873,2021-07-04,EMP04081,CC0028,PA,2,Step Increment,72979.4,CAD,CA,2021-07-05 15:00:00,PAYROLL
EVT00013378,2021-07-01,EMP03880,CC0058,CR,3,Leave Return,,CAD,CAN,2021-07-02 01:00:00,CORE_HR
EVT00012183,2021-07-05,EMP02074,CC0014,FI,1,Lateral Deployment,,CAD,CAN,2021-07-05 18:00:00,CORE_HR
EVT00013434,2021-07-05,EMP03232,CC0120,IT,2,Departure,,CAD,CA,2021-07-06 15:00:00,PAYROLL
EVT00013290,2021-07-16,EMP02538,CC0012,IT,2,Leave Start,,CAD,CA,2021-07-17 00:00:00,PAYROLL
EVT00012490,2021-07-16,EMP03589,CC0108,IT,3,Step Increment,72697.47,USD,USA,2021-07-16 11:00:00,CORE_HR
EVT00013487,2021-07-23,EMP03836,CC0052,CR,2,Departure,,CAD,CAN,2021-07-24 14:00:00,CORE_HR
EVT00012196,2021-07-23,EMP02060,CC0026,EN,5,Lateral Deployment,,CAD,CAN,2021-07-23 22:00:00,CORE_HR
EVT00012504,2021-07-21,EMP03085,CC0114,PA,1,Lateral Deployment,,CAD,CAN,2021-07-22 08:00:00,CORE_HR
EVT00013356,2021-07-26,EMP00808,CC0016,AS,2,Lateral Deployment,,CAD,CAN,2021-07-27 02:00:00,CORE_HR
EVT00012589,2021-07-12,EMP01539,CC0006,CR,3,Performance Pay,6624.91,CAD,CAN,2021-07-15 04:00:00,CORE_HR
EVT00013687,2021-07-02,EMP03821,CC0057,IT,2,Leave Start,,CAD,CA,2021-07-02 18:00:00,PAYROLL
EVT00013699,2021-07-14,EMP02863,CC0071,PA,3,Leave Start,,CAD,CAN,2021-07-14 19:00:00,CORE_HR
EVT00012789,2021-07-13,EMP01267,CC0012,EC,4,Step Increment,114838.63,CAD,CAN,2021-07-14 08:00:00,CORE_HR
EVT00012435,2021-07-12,EMP03811,CC0043,AS,2,Leave Return,,CAD,CAN,2021-07-12 14:00:00,CORE_HR
EVT00013490,2021-07-14,EMP04656,CC0042,FI,2,Departure,,CAD,CA,2021-07-15 08:00:00,PAYROLL
EVT00011840,2021-07-15,EMP02220,CC0061,PA,1,Leave Return,,CAD,CA,2021-07-16 08:00:00,PAYROLL
EVT00013040,2021-07-04,EMP00497,CC0071,AS,1,Lateral Deployment,,CAD,CAN,2021-07-04 07:00:00,CORE_HR
EVT00012512,2021-07-26,EMP04364,CC0016,FI,2,Step Increment,79820.33,CAD,CA,2021-07-26 09:00:00,PAYROLL
EVT00013238,2021-07-22,EMP03306,CC0053,FI,1,Leave Return,,CAD,CAN,2021-07-23 09:00:00,CORE_HR
EVT00012802,2021-07-07,EMP01861,CC0048,IT,1,Leave Start,,CAD,CAN,2021-07-08 08:00:00,CORE_HR
EVT00012669,2021-07-03,EMP02800,CC0083,PA,2,Hire,66854.22,CAD,CA,2021-07-03 18:00:00,PAYROLL
EVT00011963,2021-07-07,EMP01288,CC0019,EN,2,Step Increment,86351.82,CAD,CAN,2021-07-07 17:00:00,CORE_HR
EVT00012672,2021-07-10,EMP03603,CC0050,EN,1,Promotion,82898.84,CAD,CA,2021-07-10 08:00:00,PAYROLL
EVT00013357,2021-07-09,EMP02312,CC0063,IT,3,Leave Return,,CAD,CAN,2021-07-09 19:00:00,CORE_HR
EVT00012652,2021-07-24,EMP04618,CC0095,EC,1,Step Increment,69111.17,CAD,CA,2021-07-24 08:00:00,PAYROLL
EVT00012967,2021-07-19,EMP01940,CC0018,IT,2,Performance Pay,9516.29,CAD,CA,2021-07-20 03:00:00,PAYROLL
EVT00012832,2021-07-09,EMP03393,CC0081,EX,2,Step Increment,148529.52,CAD,CAN,2021-07-10 15:00:00,CORE_HR
EVT00012542,2021-07-17,EMP03872,CC0051,CR,3,Leave Start,,CAD,CAN,2021-07-17 09:00:00,CORE_HR
EVT00011916,2021-07-04,EMP04337,CC0004,EC,3,Step Increment,89667.55,CAD,CAN,2021-07-04 08:00:00,CORE_HR
EVT00013559,2021-07-20,EMP00526,CC0108,IT,1,Lateral Deployment,,MXN,MEX,2021-07-20 13:00:00,CORE_HR
EVT00011738,2021-07-26,EMP00473,CC0028,EN,5,Step Increment,100417.46,CAD,CA,2021-07-26 20:00:00,PAYROLL
EVT00013231,2021-07-23,EMP00156,CC0011,IT,3,Performance Pay,9201.74,XXX,CAN,2021-07-23 23:00:00,CORE_HR
EVT00012933,2021-07-27,EMP03509,CC0055,IT,3,Leave Return,,CAD,CAN,2021-07-28 14:00:00,CORE_HR
EVT00012636,2021-07-27,EMP00189,CC0106,PA,2,Leave Start,,CAD,CA,2021-07-28 08:00:00,PAYROLL
EVT00011764,2021-07-05,EMP03558,CC0109,AS,2,Step Increment,48778.03,CAD,CA,2021-07-05 19:00:00,PAYROLL
EVT00013561,2021-07-09,EMP00009,CC0118,IT,1,Lateral Deployment,,CAD,CAN,2021-07-10 00:00:00,CORE_HR
EVT00012885,2021-07-02,EMP02265,CC0114,AS,2,Performance Pay,6377.94,CAD,CA,2021-07-03 10:00:00,PAYROLL
EVT00013099,2021-07-18,EMP03046,CC0115,AS,3,Step Increment,73919.06,CAD,CAN,2021-07-19 00:00:00,CORE_HR
EVT00013255,2021-07-27,EMP02394,CC0021,PA,3,Step Increment,75308.46,CAD,CAN,2021-07-27 09:00:00,CORE_HR
EVT00012915,2021-07-10,EMP04044,CC0022,FI,3,Performance Pay,7121.45,CAD,CA,2021-07-11 12:00:00,PAYROLL
EVT00012153,2021-07-13,EMP01443,CC0039,EN,2,Step Increment,98900.92,CAD,CA,2021-07-14 04:00:00,PAYROLL
EVT00012222,2021-07-11,EMP02121,CC0055,FI,1,Promotion,63197.96,CAD,CAN,2021-07-11 20:00:00,CORE_HR
EVT00012972,2021-07-11,EMP03278,CC0059,IT,3,Leave Start,,CAD,CAN,2021-07-11 23:00:00,CORE_HR
EVT00012056,2021-07-07,EMP04186,CC0057,EC,5,Performance Pay,10989.54,CAD,CA,2021-07-09 16:00:00,PAYROLL
EVT00011863,2021-07-22,EMP04065,CC0102,PA,4,Hire,71752.0,CAD,CAN,2021-07-23 07:00:00,CORE_HR
EVT00012520,2021-07-22,EMP02504,CC0117,AS,4,Performance Pay,5057.42,CAD,CAN,2021-07-23 12:00:00,CORE_HR
EVT00013116,2021-07-09,EMP00087,CC0119,FI,4,Step Increment,113233.17,CAD,CAN,2021-07-09 09:00:00,CORE_HR
EVT00013624,2021-07-13,EMP03809,CC0023,CR,4,Leave Return,,CAD,CAN,2021-07-13 21:00:00,CORE_HR
EVT00011758,2021-07-24,EMP02236,CC0048,EX,2,Performance Pay,8263.16,CAD,CA,2021-07-25 00:00:00,PAYROLL
EVT00013353,2021-07-05,EMP03701,CC0069,AS,3,Performance Pay,5370.33,CAD,CA,2021-07-06 11:00:00,PAYROLL
EVT00012450,2021-07-05,EMP03850,CC0024,PA,3,Leave Start,,CAD,CAN,2021-07-05 09:00:00,CORE_HR
EVT00012872,2021-07-04,EMP01472,CC0106,EN,1,Leave Return,,CAD,CAN,2021-07-05 14:00:00,CORE_HR
EVT00012465,2021-07-27,EMP04023,CC0043,PA,2,Step Increment,70800.14,CAD,CAN,2021-07-27 12:00:00,CORE_HR
EVT00012845,2021-07-04,EMP00084,CC0070,EX,1,Lateral Deployment,,CAD,CA,2021-07-05 13:00:00,PAYROLL
EVT00012725,2021-07-25,EMP00087,CC0119,FI,4,Step Increment,74681.93,CAD,CA,2021-07-26 12:00:00,PAYROLL
EVT00013400,2021-07-27,EMP00183,CC0043,EN,3,Lateral Deployment,,CAD,CAN,2021-07-27 20:00:00,CORE_HR
EVT00013011,2021-07-21,EMP00998,CC0039,IT,4,Step Increment,108337.87,CAD,CA,2021-07-21 23:00:00,PAYROLL
EVT00013007,2021-07-01,EMP01997,CC0007,IT,5,Step Increment,84862.0,EUR,DEU,2021-07-01 12:00:00,CORE_HR
EVT00012816,2021-07-10,EMP03791,CC0100,AS,5,Leave Start,,CAD,CA,2021-07-11 06:00:00,PAYROLL
EVT00013191,2021-07-10,EMP04907,CC0023,EX,1,Lateral Deployment,,CAD,CA,2021-07-10 12:00:00,PAYROLL
EVT00012083,2021-07-12,EMP03024,CC0035,IT,2,Departure,,CAD,CAN,2021-07-13 10:00:00,CORE_HR
EVT00012519,2021-07-09,EMP00918,CC0060,PA,3,Leave Start,,CAD,CA,2021-07-09 11:00:00,PAYROLL
EVT00012063,2021-07-14,EMP01111,CC0006,CR,2,Step Increment,58619.78,CAD,CAN,2021-07-14 11:00:00,CORE_HR
EVT00012911,2021-07-27,EMP02411,CC0003,PA,2,Step Increment,79448.94,CAD,CA,2021-07-28 08:00:00,PAYROLL
EVT00012609,2021-07-17,EMP02594,CC0050,FI,1,Lateral Deployment,,CAD,CA,2021-07-17 20:00:00,PAYROLL
EVT00013510,2021-07-15,EMP02407,CC0065,EC,4,Leave Start,,BRL,BRA,2021-07-16 12:00:00,CORE_HR
EVT00012327,2021-07-02,EMP00505,CC0055,EN,2,Lateral Deployment,,CAD,CA,2021-07-02 18:00:00,PAYROLL
EVT00012228,2021-07-21,EMP02133,CC0058,PA,2,Step Increment,68923.33,CAD,CAN,2021-07-21 16:00:00,CORE_HR
EVT00013158,2021-07-18,EMP00723,CC0031,AS,2,Hire,40110.05,GBP,GBR,2021-07-19 13:00:00,CORE_HR
EVT00012473,2021-07-25,EMP02932,CC0004,AS,2,Leave Return,,CAD,CAN,2021-07-26 08:00:00,CORE_HR
EVT00013550,2021-07-24,EMP00926,CC0007,CR,1,Leave Return,,SGD,SGP,2021-07-25 09:00:00,CORE_HR
EVT00013245,2021-07-27,EMP02832,CC0106,EX,2,Leave Start,,CAD,CAN,2021-07-27 06:00:00,CORE_HR
EVT00012381,2021-07-09,EMP00011,CC0085,IT,2,Leave Start,,CAD,CA,2021-07-10 05:00:00,PAYROLL
EVT00013117,2021-07-24,EMP00256,CC0088,IT,1,Step Increment,54699.04,SGD,SG,2021-07-24 13:00:00,PAYROLL
EVT00013118,2021-07-21,EMP02055,CC0060,EX,1,Leave Start,,CAD,CAN,2021-07-21 17:00:00,CORE_HR
EVT00013003,2021-07-24,EMP02022,CC0071,PA,1,Step Increment,57809.93,CAD,CA,2021-07-24 16:00:00,PAYROLL
EVT00012128,2021-07-27,EMP03055,CC0060,FI,4,Step Increment,94995.27,CAD,CAN,2021-07-28 13:00:00,CORE_HR
EVT00013145,2021-07-13,EMP03011,CC0081,FI,3,Departure,,CAD,CAN,2021-07-13 09:00:00,CORE_HR
EVT00011859,2021-07-25,EMP03185,CC0021,IT,4,Step Increment,96288.57,CAD,CA,2021-07-25 11:00:00,PAYROLL
EVT00013101,2021-07-16,EMP01083,CC0106,EN,3,Performance Pay,9759.38,CAD,CAN,2021-07-17 14:00:00,CORE_HR
EVT00011986,2021-07-01,EMP02662,CC0022,EC,1,Step Increment,72549.46,CAD,CA,2021-07-01 07:00:00,PAYROLL
EVT00012392,2021-07-14,EMP04730,CC0082,EN,4,Step Increment,123345.91,CAD,CAN,2021-07-15 05:00:00,CORE_HR
EVT00012713,2021-07-16,EMP02179,CC0103,AS,4,Hire,82188.68,CAD,CAN,2021-07-16 21:00:00,CORE_HR
EVT00013260,2021-07-06,EMP00958,CC0036,AS,4,Performance Pay,7221.85,CAD,CA,2021-07-07 03:00:00,PAYROLL
EVT00012987,2021-07-08,EMP00176,CC0031,FI,3,Step Increment,1157289.69,MXN,MX,2021-07-08 16:00:00,PAYROLL
EVT00013432,2021-07-11,EMP03018,CC0043,IT,1,Step Increment,76498.54,CAD,CA,2021-07-12 11:00:00,PAYROLL
EVT00013460,2021-07-19,EMP00754,CC0079,EX,1,Step Increment,121284.17,CAD,CAN,2021-07-20 08:00:00,CORE_HR
EVT00012049,2021-07-23,EMP03249,CC0043,PA,1,Step Increment,61956.97,CAD,CA,2021-07-23 21:00:00,PAYROLL
EVT00012543,2021-07-23,EMP01697,CC0083,AS,2,Leave Start,,CAD,CA,2021-07-24 00:00:00,PAYROLL
EVT00011743,2021-07-23,EMP03426,CC0020,EX,1,Step Increment,141750.61,CAD,CA,2021-07-24 03:00:00,PAYROLL
EVT00012375,2021-07-15,EMP02890,CC0095,PA,1,Performance Pay,8153.86,CAD,CAN,2021-07-16 12:00:00,CORE_HR
EVT00013010,2021-07-18,EMP04990,CC0022,PA,3,Performance Pay,3828.45,CAD,CAN,2021-07-18 14:00:00,CORE_HR
EVT00012767,2021-07-07,EMP02492,CC0089,PA,2,Leave Start,,CAD,CAN,2021-07-07 09:00:00,CORE_HR
EVT00013667,2021-07-16,EMP02127,CC0014,FI,3,Performance Pay,10696.96,CAD,CAN,2021-07-16 10:00:00,CORE_HR
EVT00012988,2021-07-09,EMP03339,CC0007,AS,1,Lateral Deployment,,AUD,AU,2021-07-10 09:00:00,PAYROLL
EVT00012632,2021-07-20,EMP04132,CC0015,PA,2,Leave Start,,CAD,CAN,2021-07-21 14:00:00,CORE_HR
EVT00012680,2021-07-20,EMP01315,CC0107,IT,3,Performance Pay,10243.31,CAD,CAN,2021-07-20 21:00:00,CORE_HR
EVT00013689,2021-07-07,EMP00582,CC0110,PA,1,Step Increment,64624.31,CAD,CAN,2021-07-08 12:00:00,CORE_HR
EVT00013355,2021-07-24,EMP03668,CC0010,EN,3,Performance Pay,5616.12,CAD,CAN,2021-07-24 19:00:00,CORE_HR
EVT00012495,2021-07-07,EMP00319,CC0005,PA,2,Hire,50048.31,CAD,CA,2021-07-08 14:00:00,PAYROLL
EVT00012605,2021-07-25,EMP02730,CC0073,IT,3,Lateral Deployment,,CAD,CA,2021-07-25 20:00:00,PAYROLL
EVT00013570,2021-07-05,EMP03737,CC0089,CR,1,Departure,,CAD,CAN,2021-07-07 10:00:00,CORE_HR
EVT00012212,2021-07-14,EMP01746,CC0040,PA,4,Promotion,90814.01,CAD,CAN,2021-07-14 09:00:00,CORE_HR
EVT00012091,2021-07-23,EMP01360,CC0049,AS,5,Step Increment,9394638.82,KES,KEN,2021-07-23 13:00:00,CORE_HR
EVT00012101,2021-07-12,EMP04684,CC0109,IT,4,Step Increment,116290.86,CAD,CAN,2021-07-12 20:00:00,CORE_HR
EVT00013098,2021-07-08,EMP03048,CC0053,CR,3,Performance Pay,6476.69,CAD,CA,2021-07-09 08:00:00,PAYROLL
EVT00012000,2021-07-09,EMP04471,CC0079,PA,3,Step Increment,58735.99,CAD,CA,2021-07-09 17:00:00,PAYROLL
EVT00012275,1900-01-01,EMP00306,CC0061,EX,1,Leave Start,,CAD,CA,2021-07-28 01:00:00,PAYROLL
EVT00013643,2021-07-05,EMP04023,CC0043,PA,2,Step Increment,66526.19,CAD,CAN,2021-07-06 07:00:00,CORE_HR
EVT00012809,2021-07-14,EMP02102,CC0096,AS,5,Performance Pay,4003.93,CAD,CAN,2021-07-14 11:00:00,CORE_HR
EVT00013552,2021-07-15,EMP01086,CC0043,EC,2,Hire,81106.84,CAD,CA,2021-07-15 16:00:00,PAYROLL
EVT00012045,2021-07-20,EMP00390,CC0066,EN,2,Leave Start,,CAD,CAN,2021-07-21 03:00:00,CORE_HR
EVT00012316,2021-07-06,EMP04066,CC0054,AS,2,Leave Start,,KES,KEN,2021-07-07 05:00:00,CORE_HR
EVT00013706,2021-07-01,EMP00593,CC0075,FI,3,Promotion,84661.84,CAD,CA,2021-07-02 15:00:00,PAYROLL
EVT00011909,2021-07-14,EMP00301,CC0013,PA,2,Performance Pay,7607.83,CAD,CAN,2021-07-14 17:00:00,CORE_HR
EVT00013112,2021-07-16,EMP03922,CC0071,EN,2,Performance Pay,10181.5,CAD,CAN,2021-07-16 08:00:00,CORE_HR
EVT00013313,2021-07-07,EMP00294,CC0111,IT,2,Leave Return,,EUR,FR,2021-07-08 12:00:00,PAYROLL
EVT00013594,2021-07-08,EMP04145,CC0107,EN,1,Step Increment,78140.37,CAD,CAN,2021-07-09 02:00:00,CORE_HR
EVT00012496,2021-07-24,EMP03739,CC0032,EN,3,Leave Return,,CAD,CAN,2021-07-25 05:00:00,CORE_HR
EVT00012617,2021-07-15,EMP03297,CC0012,PA,2,Step Increment,64883.82,CAD,CA,2021-07-15 23:00:00,PAYROLL
EVT00011918,2021-07-12,EMP00544,CC0049,CR,3,Step Increment,40264.94,EUR,DEU,2021-07-12 12:00:00,CORE_HR
EVT00013309,2021-07-01,EMP04426,CC0072,FI,3,Leave Start,,CAD,CAN,2021-07-02 01:00:00,CORE_HR
EVT00013393,2021-07-10,EMP01042,CC0015,EX,1,Hire,125814.76,CAD,CAN,2021-07-10 16:00:00,CORE_HR
EVT00012674,2021-07-16,EMP04637,CC0080,PA,1,Step Increment,164723.8,AED,ARE,2021-07-16 11:00:00,CORE_HR
EVT00013512,2021-07-23,EMP00637,CC0113,PA,2,Leave Start,,CAD,CA,2021-07-23 06:00:00,PAYROLL
EVT00013410,2021-07-13,EMP03808,CC0087,AS,3,Performance Pay,8184.17,CAD,CAN,2021-07-14 03:00:00,CORE_HR
EVT00012003,2021-07-19,EMP02280,CC0052,FI,2,Departure,,CAD,CAN,2021-07-20 05:00:00,CORE_HR
EVT00012637,2021-07-13,EMP00840,CC0099,CR,2,Lateral Deployment,,CAD,CAN,2021-07-14 03:00:00,CORE_HR
EVT00013285,2021-07-25,EMP02800,CC0083,PA,2,Leave Return,,CAD,CAN,2021-07-25 08:00:00,CORE_HR
EVT00012497,2021-07-22,EMP04481,CC0103,AS,1,Performance Pay,5338.81,CAD,CAN,2021-07-22 08:00:00,CORE_HR
EVT00013598,2021-07-10,EMP01762,CC0037,EN,2,Lateral Deployment,,CAD,CAN,2021-07-10 07:00:00,CORE_HR
EVT00013437,2021-07-11,EMP02330,CC0044,EN,4,Leave Return,,CAD,CA,2021-07-12 14:00:00,PAYROLL
EVT00013209,2021-07-09,EMP00584,CC0078,AS,1,Step Increment,54911.09,CAD,CAN,2021-07-10 12:00:00,CORE_HR
EVT00013377,2021-07-03,EMP04172,CC0018,EX,1,Step Increment,119060.84,CAD,CAN,2021-07-04 09:00:00,CORE_HR
EVT00012537,2021-07-18,EMP04591,CC0099,EX,1,Leave Start,,CAD,CA,2021-07-18 15:00:00,PAYROLL
EVT00012464,2021-07-24,EMP01206,CC0109,EN,3,Step Increment,132155.4,CAD,CAN,2021-07-25 12:00:00,CORE_HR
EVT00012575,2021-07-06,EMP04613,CC0046,IT,3,Departure,,EUR,DEU,2021-07-06 07:00:00,CORE_HR
EVT00013031,2021-07-14,EMP03247,CC0088,IT,2,Step Increment,9994148.33,KES,KEN,2021-07-15 02:00:00,CORE_HR
EVT00013167,2021-07-08,EMP02016,CC0068,EX,1,Leave Return,,CAD,CAN,2021-07-09 09:00:00,CORE_HR
EVT00013340,2021-07-12,EMP02926,CC0048,IT,3,Step Increment,94668.9,CAD,CAN,2021-07-12 09:00:00,CORE_HR
EVT00013446,2021-07-08,EMP02682,CC0018,EN,1,Step Increment,73612.8,CAD,CAN,2021-07-08 23:00:00,CORE_HR
EVT00013042,2021-07-19,EMP02238,CC0067,IT,2,Step Increment,87934.22,CAD,CAN,2021-07-19 15:00:00,CORE_HR
EVT00012891,2021-07-05,EMP03721,CC0110,AS,5,Step Increment,86666.86,CAD,CA,2021-07-06 00:00:00,PAYROLL
EVT00012620,2021-07-08,EMP00523,CC0098,FI,3,Leave Return,,CAD,CAN,2021-07-08 11:00:00,CORE_HR
EVT00012846,2021-07-01,EMP03451,CC0076,CR,3,Leave Start,,CAD,CAN,2021-07-01 16:00:00,CORE_HR
EVT00013314,2021-07-18,EMP02595,CC0099,PA,3,Step Increment,77992.76,CAD,CAN,2021-07-18 09:00:00,CORE_HR
EVT00012192,2021-07-04,EMP00614,CC0041,PA,4,Performance Pay,11159.53,CAD,CA,2021-07-05 15:00:00,PAYROLL
EVT00013294,2021-07-26,EMP03903,CC0034,FI,4,Lateral Deployment,,CAD,CA,2021-07-26 13:00:00,PAYROLL
EVT00013175,2021-07-14,EMP01332,CC0072,EC,1,Step Increment,65777.34,CAD,CA,2021-07-14 21:00:00,PAYROLL
EVT00012717,2021-07-14,EMP00892,CC0093,EN,1,Leave Return,,CAD,CA,2021-07-14 06:00:00,PAYROLL
EVT00013461,2021-07-11,EMP04281,CC0067,EC,2,Departure,,CAD,CAN,2021-07-11 09:00:00,CORE_HR
EVT00012790,2021-07-06,EMP01791,CC0045,PA,2,Promotion,73863.76,CAD,CAN,2021-07-07 00:00:00,CORE_HR
EVT00013640,2021-07-18,EMP02161,CC0080,PA,5,Step Increment,280190.01,BRL,BRA,2021-07-18 07:00:00,CORE_HR
EVT00012893,2021-07-18,EMP01607,CC0063,IT,5,Promotion,121836.38,CAD,CA,2021-07-18 22:00:00,PAYROLL
EVT00012314,2021-07-11,EMP04747,CC0018,PA,3,Lateral Deployment,,CAD,CAN,2021-07-12 14:00:00,CORE_HR
EVT00012185,2021-07-15,EMP01276,CC0077,IT,3,Hire,79957.41,CAD,CAN,2021-07-15 11:00:00,CORE_HR
EVT00013090,2021-07-14,EMP01133,CC0049,AS,2,Step Increment,835792.85,MXN,MEX,2021-07-14 11:00:00,CORE_HR
EVT00012119,2021-07-25,EMP03886,CC0114,PA,1,Performance Pay,7379.07,CAD,CAN,2021-07-25 13:00:00,CORE_HR
EVT00012902,2021-07-08,EMP00847,CC0065,CR,1,Lateral Deployment,,INR,IND,2021-07-09 05:00:00,CORE_HR
EVT00012553,2021-07-10,EMP04874,CC0003,EX,3,Hire,160355.57,CAD,CA,2021-07-10 22:00:00,PAYROLL
EVT00013511,2021-07-10,EMP04132,CC0015,PA,2,Leave Return,,CAD,CAN,2021-07-10 16:00:00,CORE_HR
EVT00012698,2021-07-12,EMP01082,CC0005,FI,5,Performance Pay,5210.41,CAD,CAN,2021-07-12 17:00:00,CORE_HR
EVT00012219,2021-07-10,EMP04991,CC0074,EC,5,Performance Pay,6127.45,USD,USA,2021-07-11 12:00:00,CORE_HR
EVT00012067,2021-07-04,EMP02989,CC0070,AS,5,Performance Pay,8377.22,CAD,CAN,2021-07-05 04:00:00,CORE_HR
EVT00011779,2021-07-24,EMP04058,CC0076,IT,4,Lateral Deployment,,CAD,CAN,2021-07-25 10:00:00,CORE_HR
EVT00012458,2021-07-23,EMP04234,CC0029,FI,3,Leave Return,,AED,AE,2021-07-23 11:00:00,PAYROLL
EVT00013006,2021-07-24,EMP04694,CC0064,CR,4,Step Increment,61592.1,CAD,CAN,2021-07-25 03:00:00,CORE_HR
EVT00012673,2021-07-02,EMP02119,CC0062,IT,5,Leave Start,,CAD,CAN,2021-07-02 16:00:00,CORE_HR
EVT00011739,2021-07-20,EMP04874,CC0003,EX,3,Hire,158700.76,CAD,CA,2021-07-21 13:00:00,PAYROLL
EVT00011770,2021-07-19,EMP03422,CC0046,PA,1,Performance Pay,3391.19,GBP,GBR,2021-07-19 14:00:00,CORE_HR
EVT00011984,2021-07-01,EMP00865,CC0055,EN,2,Step Increment,96838.03,CAD,CA,2021-07-02 04:00:00,PAYROLL
EVT00011992,2021-07-15,EMP00117,CC0062,EN,1,Departure,,CAD,CAN,2021-07-15 20:00:00,CORE_HR
EVT00012436,2021-07-07,EMP00770,CC0055,IT,1,Leave Start,,CAD,CAN,2021-07-08 11:00:00,CORE_HR
EVT00011973,2021-07-24,EMP02851,CC0098,AS,2,Leave Start,,CAD,CAN,2021-07-25 11:00:00,CORE_HR
EVT00012601,2021-07-02,EMP01449,CC0112,IT,1,Leave Start,,CAD,CAN,2021-07-03 05:00:00,CORE_HR
EVT00012837,2021-07-21,EMP04880,CC0109,EC,1,Step Increment,66693.52,CAD,CAN,2021-07-21 22:00:00,CORE_HR
EVT00013538,2021-07-02,EMP01896,CC0119,IT,2,Departure,,CAD,CAN,2021-07-02 15:00:00,CORE_HR
EVT00012179,2021-07-19,EMP02241,CC0104,AS,2,Performance Pay,5383.72,CAD,CA,2021-07-19 14:00:00,PAYROLL
EVT00012288,2021-07-10,EMP03694,CC0016,AS,2,Step Increment,65895.23,CAD,CAN,2021-07-10 20:00:00,CORE_HR
EVT00012176,2021-07-02,EMP01723,CC0018,EN,1,Hire,84661.4,CAD,CAN,2021-07-03 10:00:00,CORE_HR
EVT00013008,2021-07-13,EMP04297,CC0105,PA,2,Promotion,275620.24,BRL,BRA,2021-07-14 09:00:00,CORE_HR
EVT00011983,2021-07-10,EMP02045,CC0095,EN,1,Departure,,CAD,CAN,2021-07-10 22:00:00,CORE_HR
EVT00011747,2021-07-10,EMP04461,CC0003,FI,2,Step Increment,84005.9,CAD,CAN,2021-07-11 00:00:00,CORE_HR
EVT00012369,2021-07-12,EMP01107,CC0047,AS,5,Leave Return,,CAD,CAN,2021-07-12 13:00:00,CORE_HR
EVT00013135,2021-07-12,EMP03494,CC0051,PA,3,Promotion,71861.4,CAD,CAN,2021-07-13 00:00:00,CORE_HR
EVT00012521,2021-07-09,EMP02037,CC0021,PA,1,Leave Return,,CAD,CAN,2021-07-09 12:00:00,CORE_HR
EVT00013401,2021-07-17,EMP01194,CC0084,IT,3,Leave Return,,CAD,CA,2021-07-17 10:00:00,PAYROLL
EVT00012571,2021-07-16,EMP03666,CC0059,IT,1,Step Increment,73085.14,CAD,CA,2021-07-17 15:00:00,PAYROLL
EVT00013603,2021-07-14,EMP00941,CC0089,FI,3,Step Increment,88823.59,CAD,CAN,2021-07-14 10:00:00,CORE_HR
EVT00011926,2021-07-06,EMP03091,CC0092,EN,1,Performance Pay,9022.01,CAD,CAN,2021-07-07 14:00:00,CORE_HR
EVT00013489,2021-07-14,EMP04851,CC0082,EX,2,Lateral Deployment,,CAD,CA,2021-07-15 10:00:00,PAYROLL
EVT00013525,2021-07-26,EMP04080,CC0061,PA,1,Step Increment,57520.57,CAD,CAN,2021-07-27 02:00:00,CORE_HR
EVT00012200,2021-07-20,EMP03458,CC0002,EX,1,Lateral Deployment,,CAD,CA,2021-07-21 00:00:00,PAYROLL
EVT00013024,2021-07-01,EMP00018,CC0073,PA,5,Lateral Deployment,,CAD,CA,2021-07-01 11:00:00,PAYROLL
EVT00013264,2021-07-14,EMP03483,CC0001,EX,3,Leave Return,,CAD,CAN,2021-07-15 04:00:00,CORE_HR
EVT00013330,2021-07-22,EMP01348,CC0054,AS,5,Step Increment,83292.65,AUD,AU,2021-07-22 14:00:00,PAYROLL
EVT00012065,2021-07-13,EMP03140,CC0068,IT,2,Hire,84952.08,CAD,CA,2021-07-13 18:00:00,PAYROLL
EVT00013179,2021-07-26,EMP01882,CC0024,IT,3,Step Increment,101276.67,CAD,CAN,2021-07-26 06:00:00,CORE_HR
EVT00012223,2021-07-22,EMP03033,CC0057,IT,5,Step Increment,159407.54,CAD,CAN,2021-07-23 05:00:00,CORE_HR
EVT00011904,2021-07-26,EMP01022,CC0111,CR,1,Performance Pay,4277.69,GBP,GB,2021-07-26 23:00:00,PAYROLL
EVT00012294,2021-07-20,EMP00697,CC0041,FI,4,Step Increment,106780.06,CAD,CA,2021-07-20 16:00:00,PAYROLL
EVT00013325,2021-07-04,EMP01577,CC0037,CR,5,Leave Return,,CAD,CA,2021-07-04 10:00:00,PAYROLL
EVT00013604,2021-07-16,EMP01965,CC0047,IT,4,Departure,,CAD,CAN,2021-07-17 06:00:00,CORE_HR
EVT00011875,2021-07-11,EMP01241,CC0049,PA,4,Step Increment,9768180.23,KES,KEN,2021-07-11 11:00:00,CORE_HR
EVT00011985,2021-07-14,EMP00468,CC0028,PA,2,Leave Start,,CAD,CAN,2021-07-15 02:00:00,CORE_HR
EVT00012008,2021-07-12,EMP03256,CC0053,PA,1,Step Increment,65897.74,CAD,CA,2021-07-13 00:00:00,PAYROLL
EVT00013127,2021-07-01,EMP03498,CC0052,AS,1,Leave Return,,CAD,CAN,2021-07-02 11:00:00,CORE_HR
EVT00013228,2021-07-17,EMP03460,CC0064,PA,3,Promotion,79230.89,CAD,CAN,2021-07-17 17:00:00,CORE_HR
EVT00013123,2021-07-21,EMP04140,CC0079,PA,3,Departure,,CAD,CAN,2021-07-21 11:00:00,CORE_HR
EVT00013394,2021-07-11,EMP03649,CC0044,IT,2,Step Increment,95091.76,CAD,CA,2021-07-12 14:00:00,PAYROLL
EVT00013656,2021-07-20,EMP02584,CC0037,EX,2,Hire,162570.11,CAD,CAN,2021-07-21 03:00:00,CORE_HR
EVT00012362,2021-07-21,EMP01068,CC0063,IT,2,Step Increment,88959.62,CAD,CA,2021-07-22 01:00:00,PAYROLL
EVT00012761,2021-07-07,EMP01827,CC0085,EN,1,Step Increment,82012.45,CAD,CA,2021-07-07 11:00:00,PAYROLL
EVT00012980,2021-07-26,EMP00032,CC0119,EN,5,Leave Start,,CAD,CAN,2021-07-28 00:00:00,CORE_HR
EVT00013194,2021-07-02,EMP04876,CC0051,FI,3,Performance Pay,7871.96,CAD,CAN,2021-07-02 15:00:00,CORE_HR
EVT00012990,2021-07-05,EMP00476,CC0050,EC,2,Lateral Deployment,,CAD,CAN,2021-07-05 14:00:00,CORE_HR
EVT00013074,2021-07-16,EMP01683,CC0030,IT,4,Step Increment,6571594.73,INR,IND,2021-07-16 07:00:00,CORE_HR
EVT00013658,2021-07-14,EMP03290,CC0035,FI,3,Step Increment,109986.66,CAD,CAN,2021-07-15 11:00:00,CORE_HR
EVT00011808,2021-07-11,EMP04757,CC0036,EX,2,Step Increment,143376.77,CAD,CA,2021-07-11 11:00:00,PAYROLL
EVT00012777,2021-07-06,EMP00190,CC0103,EN,1,Step Increment,66014.69,CAD,CA,2021-07-07 09:00:00,PAYROLL
EVT00012409,2021-07-04,EMP04931,CC0039,PA,4,Step Increment,83845.91,CAD,CA,2021-07-04 07:00:00,PAYROLL
EVT00013277,2021-07-24,EMP03410,CC0056,EN,2,Step Increment,100053.36,CAD,CA,2021-07-24 08:00:00,PAYROLL
EVT00012511,2021-07-18,EMP02657,CC0003,FI,3,Step Increment,88269.72,CAD,CA,2021-07-18 10:00:00,PAYROLL
EVT00012581,2021-07-05,EMP04217,CC0103,CR,5,Leave Return,,CAD,CA,2021-07-05 07:00:00,PAYROLL
EVT00012073,2021-07-12,EMP00386,CC0014,EX,2,Departure,,CAD,CA,2021-07-12 13:00:00,PAYROLL
EVT00012743,2021-07-15,EMP01745,CC0099,AS,2,Departure,,CAD,CA,2021-07-16 09:00:00,PAYROLL
EVT00012901,2021-07-09,EMP04428,CC0009,FI,1,Hire,174678.03,AED,ARE,2021-07-10 11:00:00,CORE_HR
EVT00013402,2021-07-06,EMP00675,CC0046,AS,1,Leave Return,,EUR,FR,2021-07-07 01:00:00,PAYROLL
EVT00013256,2021-07-26,EMP04605,CC0028,IT,4,Step Increment,126215.1,CAD,CA,2021-07-27 00:00:00,PAYROLL
EVT00012814,2021-07-14,EMP03396,CC0030,FI,4,Lateral Deployment,,AUD,AUS,2021-07-14 17:00:00,CORE_HR
EVT00013108,2021-07-06,EMP04611,CC0119,PA,2,Performance Pay,7317.35,CAD,CAN,2021-07-06 14:00:00,CORE_HR
EVT00012023,2021-07-19,EMP02808,CC0009,AS,2,Leave Return,,SGD,SGP,2021-07-19 12:00:00,CORE_HR
EVT00012778,2021-07-09,EMP01951,CC0082,EN,2,Step Increment,85807.44,CAD,CA,2021-07-09 23:00:00,PAYROLL
EVT00012776,2021-07-24,EMP03422,CC0046,PA,1,Leave Return,,EUR,FR,2021-07-24 13:00:00,PAYROLL
EVT00012841,2021-07-21,EMP03927,CC0053,AS,3,Hire,74749.13,CAD,CAN,2021-07-21 14:00:00,CORE_HR
EVT00013188,2021-07-19,EMP03278,CC0059,IT,3,Step Increment,105033.84,CAD,CA,2021-07-19 15:00:00,PAYROLL
EVT00012804,2021-07-10,EMP03911,CC0067,PA,2,Step Increment,71691.33,CAD,CA,2021-07-11 02:00:00,PAYROLL
EVT00012227,2021-07-19,EMP02590,CC0021,AS,1,Leave Return,,CAD,CA,2021-07-19 07:00:00,PAYROLL
EVT00012567,2021-07-23,EMP01860,CC0059,EX,1,Step Increment,137648.88,CAD,CAN,2021-07-23 08:00:00,CORE_HR
EVT00013590,2021-07-08,EMP01352,CC0083,AS,4,Step Increment,80885.55,CAD,CAN,2021-07-08 12:00:00,CORE_HR
EVT00013490,2021-07-14,EMP04656,CC0042,FI,2,Departure,,CAD,CA,2021-07-16 14:00:00,PAYROLL
EVT00012479,2021-07-12,EMP02189,CC0105,FI,1,Leave Return,,JPY,JP,2021-07-13 05:00:00,PAYROLL
EVT00013204,2021-07-17,EMP02551,CC0022,PA,1,Step Increment,55282.7,CAD,CAN,2021-07-18 14:00:00,CORE_HR
EVT00012043,2021-07-25,EMP04126,CC0003,PA,4,Lateral Deployment,,CAD,CA,2021-07-26 12:00:00,PAYROLL
EVT00012090,2021-07-19,EMP04587,CC0086,FI,2,Step Increment,7984771.14,JPY,JPN,2021-07-19 16:00:00,CORE_HR
EVT00012731,2021-07-17,EMP03867,CC0078,PA,2,Performance Pay,8445.84,CAD,CA,2021-07-17 08:00:00,PAYROLL
EVT00012545,2021-07-14,EMP00234,CC0032,EC,3,Leave Return,,CAD,CA,2021-07-14 23:00:00,PAYROLL
EVT00012283,2021-07-22,EMP03868,CC0079,IT,2,Departure,,CAD,CAN,2021-07-22 17:00:00,CORE_HR
EVT00012971,2021-07-02,EMP01879,CC0089,PA,3,Leave Return,,CAD,CAN,2021-07-03 00:00:00,CORE_HR
EVT00013274,2021-07-07,EMP01601,CC0015,PA,2,Lateral Deployment,,CAD,CAN,2021-07-08 06:00:00,CORE_HR
EVT00013438,2021-07-06,EMP04478,CC0095,IT,2,Performance Pay,11377.05,CAD,CAN,2021-07-06 20:00:00,CORE_HR
EVT00013523,2021-07-18,EMP02449,CC0023,FI,2,Leave Return,,CAD,CA,2021-07-18 06:00:00,PAYROLL
EVT00011947,2021-07-04,EMP03586,CC0028,PA,2,Departure,,CAD,CAN,2021-07-05 02:00:00,CORE_HR
EVT00013545,2021-07-25,EMP00681,CC0044,EX,2,Hire,164571.12,CAD,CA,2021-07-26 12:00:00,PAYROLL
EVT00012861,2021-07-26,EMP04267,CC0062,EN,1,Leave Return,,CAD,CAN,2021-07-27 05:00:00,CORE_HR
EVT00013342,2021-07-14,EMP01896,CC0119,IT,2,Promotion,77858.09,CAD,CAN,2021-07-14 06:00:00,CORE_HR
EVT00012161,2021-07-20,EMP00996,CC0074,EC,3,Step Increment,362385.29,BRL,BRA,2021-07-21 05:00:00,CORE_HR
EVT00012862,2021-07-11,EMP03374,CC0047,CR,5,Leave Start,,CAD,CAN,2021-07-12 11:00:00,CORE_HR
EVT00012681,2021-07-11,EMP00133,CC0028,FI,1,Step Increment,68526.44,CAD,CAN,2021-07-11 08:00:00,CORE_HR
EVT00011990,2021-07-13,EMP02972,CC0002,EC,5,Lateral Deployment,,CAD,CA,2021-07-14 00:00:00,PAYROLL
EVT00011943,2021-07-11,EMP01679,CC0111,PA,1,Step Increment,6955953.84,JPY,JP,2021-07-11 19:00:00,PAYROLL
EVT00012703,2021-07-18,EMP03719,CC0028,EX,1,Step Increment,120177.44,CAD,CAN,2021-07-19 15:00:00,CORE_HR
EVT00012889,2021-07-27,EMP00425,CC0069,PA,1,Step Increment,59799.07,CAD,CA,2021-07-28 04:00:00,PAYROLL
EVT00013268,2021-07-12,EMP04945,CC0102,IT,1,Step Increment,74636.36,CAD,CAN,2021-07-13 11:00:00,CORE_HR
EVT00013659,2021-07-11,EMP01959,CC0065,AS,2,Step Increment,71238.86,AUD,AU,2021-07-12 05:00:00,PAYROLL
EVT00011777,2021-07-14,EMP04005,CC0119,FI,3,Hire,88794.92,CAD,CA,2021-07-14 23:00:00,PAYROLL
EVT00012447,2021-07-24,EMP03378,CC0019,AS,3,Performance Pay,7141.79,CAD,CAN,2021-07-24 13:00:00,CORE_HR
EVT00013454,2021-07-25,EMP03359,CC0079,EN,3,Promotion,107320.66,CAD,CA,2021-07-25 10:00:00,PAYROLL
EVT00012527,2021-07-18,EMP04924,CC0105,EN,1,Leave Start,,MXN,MX,2021-07-19 08:00:00,PAYROLL
EVT00012280,2021-07-08,EMP01886,CC0047,CR,1,Step Increment,45956.53,CAD,CA,2021-07-08 11:00:00,PAYROLL
EVT00012548,2021-07-04,EMP00025,CC0084,IT,4,Performance Pay,12622.86,CAD,CAN,2021-07-04 09:00:00,CORE_HR
EVT00013053,2021-07-27,EMP00507,CC0108,EC,1,Lateral Deployment,,GBP,GB,2021-07-30 01:00:00,PAYROLL
EVT00012880,2021-07-14,EMP01970,CC0003,AS,4,Step Increment,59508.5,CAD,CAN,2021-07-14 07:00:00,CORE_HR
EVT00013388,2021-07-09,EMP00463,CC0054,EC,2,Departure,,KES,KE,2021-07-10 11:00:00,PAYROLL
EVT00013580,2021-07-01,EMP03469,CC0040,IT,1,Leave Return,,CAD,CA,2021-07-02 15:00:00,PAYROLL
EVT00013472,2021-07-19,EMP00970,CC0090,EN,1,Hire,86498.4,CAD,CAN,2021-07-20 07:00:00,CORE_HR
EVT00012724,2021-07-19,EMP00764,CC0026,PA,1,Step Increment,60991.78,CAD,CA,2021-07-20 11:00:00,PAYROLL
EVT00013291,2021-07-16,EMP00274,CC0062,PA,1,Step Increment,61827.75,CAD,CAN,2021-07-17 04:00:00,CORE_HR
EVT00012689,2021-07-16,EMP03709,CC0025,IT,1,Promotion,79375.01,CAD,CAN,2021-07-17 04:00:00,CORE_HR
EVT00012736,2021-07-20,EMP00249,CC0012,EX,2,Leave Return,,CAD,CA,2021-07-21 15:00:00,PAYROLL
EVT00012301,2021-07-18,EMP03317,CC0017,AS,4,Lateral Deployment,,CAD,CAN,2021-07-18 10:00:00,CORE_HR
EVT00012134,2021-07-14,EMP03218,CC0090,AS,1,Lateral Deployment,,CAD,CA,2021-07-14 17:00:00,PAYROLL
EVT00012774,2021-07-11,EMP01227,CC0095,EX,1,Step Increment,131315.92,CAD,CAN,2021-07-12 01:00:00,CORE_HR
EVT00011969,2021-07-01,EMP04196,CC0065,EC,2,Hire,55685.81,GBP,GBR,2021-07-01 06:00:00,CORE_HR
EVT00012017,2021-07-10,EMP03439,CC0039,IT,3,Lateral Deployment,,CAD,CAN,2021-07-10 10:00:00,CORE_HR
EVT00011843,2021-07-20,EMP01271,CC0042,AS,5,Hire,61790.9,CAD,CAN,2021-07-21 06:00:00,CORE_HR
EVT00013311,2021-07-15,EMP03568,CC0077,PA,5,Step Increment,98231.74,CAD,CA,2021-07-16 07:00:00,PAYROLL
EVT00012238,2021-07-07,EMP00468,CC0028,PA,2,Hire,70034.66,CAD,CAN,2021-07-08 13:00:00,CORE_HR
EVT00013111,2021-07-05,EMP02633,CC0045,CR,5,Step Increment,86481.67,CAD,CA,2021-07-06 09:00:00,PAYROLL
EVT00012346,2021-07-05,EMP01184,CC0041,EX,1,Performance Pay,16205.86,CAD,CA,2021-07-05 21:00:00,PAYROLL
EVT00012660,2021-07-11,EMP00134,CC0041,PA,3,Step Increment,85613.55,CAD,CAN,2021-07-11 09:00:00,CORE_HR
EVT00011981,2021-07-12,EMP04079,CC0064,EN,2,Lateral Deployment,,CAD,CA,2021-07-12 09:00:00,PAYROLL
EVT00013478,2021-07-05,EMP02763,CC0102,PA,4,Step Increment,94816.78,CAD,CAN,2021-07-05 19:00:00,CORE_HR
EVT00013041,2021-07-01,EMP01007,CC0019,IT,1,Leave Return,,CAD,CA,2021-07-02 13:00:00,PAYROLL
EVT00012756,2021-07-20,EMP04955,CC0041,PA,3,Leave Start,,CAD,CAN,2021-07-21 09:00:00,CORE_HR
EVT00012355,2021-07-12,EMP04260,CC0114,IT,4,Lateral Deployment,,CAD,CAN,2021-07-13 13:00:00,CORE_HR
EVT00011769,2021-07-21,EMP02114,CC0080,PA,4,Promotion,51380.33,GBP,GBR,2021-07-21 21:00:00,CORE_HR
EVT00013095,2021-07-22,EMP00761,CC0055,CR,2,Leave Return,,CAD,CA,2021-07-23 00:00:00,PAYROLL
EVT00013025,2021-07-14,EMP02372,CC0033,IT,5,Leave Start,,CAD,CA,2021-07-15 13:00:00,PAYROLL
EVT00013602,2021-07-01,EMP03103,CC0068,CR,5,Performance Pay,4211.3,CAD,CAN,2021-07-01 10:00:00,CORE_HR
EVT00012986,2021-07-19,EMP01051,CC0005,EX,1,Hire,117969.12,CAD,CAN,2021-07-19 10:00:00,CORE_HR
EVT00012309,2021-07-05,EMP00724,CC0114,PA,1,Hire,61733.78,CAD,CAN,2021-07-06 06:00:00,CORE_HR
EVT00012695,2021-07-22,EMP03058,CC0098,AS,2,Promotion,49671.44,CAD,CAN,2021-07-22 20:00:00,CORE_HR
EVT00012012,2021-07-21,EMP01344,CC0040,AS,3,Step Increment,66924.3,CAD,CAN,2021-07-22 13:00:00,CORE_HR
EVT00012772,2021-07-16,EMP00790,CC0027,IT,2,Promotion,87441.89,CAD,CA,2021-07-17 06:00:00,PAYROLL
EVT00012165,2021-07-20,EMP04458,CC0098,IT,1,Step Increment,67196.06,CAD,CA,2021-07-20 21:00:00,PAYROLL
EVT00012834,2021-07-05,EMP00339,CC0059,PA,2,Departure,,CAD,CAN,2021-07-06 00:00:00,CORE_HR
EVT00011766,2021-07-18,EMP01288,CC0019,EN,2,Performance Pay,10686.06,CAD,CA,2021-07-19 00:00:00,PAYROLL
EVT00011824,2021-07-20,EMP04485,CC0037,AS,3,Departure,,CAD,CAN,2021-07-20 11:00:00,CORE_HR
EVT00013288,2021-07-23,EMP04455,CC0001,IT,3,Departure,,CAD,CAN,2021-07-24 14:00:00,CORE_HR
EVT00012544,2021-07-22,EMP01800,CC0006,PA,1,Lateral Deployment,,CAD,CAN,2021-07-22 18:00:00,CORE_HR
EVT00012054,2021-07-25,EMP01024,CC0076,EN,1,Step Increment,79152.04,CAD,CAN,2021-07-25 20:00:00,CORE_HR
EVT00012440,2021-07-26,EMP04792,CC0020,IT,2,Step Increment,89188.57,CAD,CAN,2021-07-26 15:00:00,CORE_HR
EVT00013239,2021-07-02,EMP03808,CC0087,AS,3,Performance Pay,2865.97,CAD,CA,2021-07-02 22:00:00,PAYROLL
EVT00013279,2021-07-09,EMP00883,CC0103,PA,2,Leave Return,,CAD,CA,2021-07-09 15:00:00,PAYROLL
EVT00012103,2021-07-10,EMP00070,CC0038,CR,2,Leave Start,,CAD,CAN,2021-07-11 08:00:00,CORE_HR
EVT00011809,2021-07-25,EMP04259,CC0020,PA,3,Leave Return,,CAD,CAN,2021-07-25 08:00:00,CORE_HR
EVT00012111,2021-07-08,EMP02929,CC0031,IT,1,Leave Start,,MXN,MEX,2021-07-10 02:00:00,CORE_HR
EVT00012578,2021-07-02,EMP04892,CC0018,EC,4,Leave Start,,CAD,CA,2021-07-03 04:00:00,PAYROLL
EVT00011745,2021-07-10,EMP03791,CC0100,AS,5,Hire,77928.41,CAD,CA,2021-07-11 09:00:00,PAYROLL
EVT00011998,2021-07-08,EMP02061,CC0001,FI,5,Step Increment,114497.49,CAD,CAN,2021-07-08 06:00:00,CORE_HR
EVT00013201,2021-07-21,EMP01976,CC0002,PA,2,Leave Return,,CAD,CAN,2021-07-22 01:00:00,CORE_HR
EVT00011805,2021-07-18,EMP03005,CC0028,IT,1,Lateral Deployment,,CAD,CA,2021-07-18 07:00:00,PAYROLL
EVT00012406,2021-07-12,EMP01307,CC0090,AS,3,Performance Pay,3447.57,CAD,CAN,2021-07-13 09:00:00,CORE_HR
EVT00013105,2021-07-05,EMP04255,CC0100,EX,1,Step Increment,134667.14,CAD,CAN,2021-07-05 19:00:00,CORE_HR
EVT00012038,2021-07-10,EMP02182,CC0005,CR,5,Step Increment,80212.16,CAD,CA,2021-07-10 11:00:00,PAYROLL
EVT00013324,2021-07-03,EMP00309,CC0104,IT,5,Step Increment,136699.47,CAD,CAN,2021-07-03 22:00:00,CORE_HR
EVT00012709,2021-07-23,EMP03163,CC0039,PA,3,Promotion,80710.94,CAD,CA,2021-07-23 16:00:00,PAYROLL
EVT00013181,2021-07-12,EMP04717,CC0101,EN,1,Step Increment,77156.36,CAD,CAN,2021-07-12 09:00:00,CORE_HR
EVT00012685,2021-07-08,EMP02845,CC0008,PA,1,Step Increment,63072.28,CAD,CAN,2021-07-09 10:00:00,CORE_HR
EVT00012335,2021-07-22,EMP03140,CC0068,IT,2,Leave Start,,CAD,CA,2021-07-22 13:00:00,PAYROLL
EVT00012258,2021-07-20,EMP00764,CC0026,PA,1,Leave Start,,CAD,CA,2021-07-20 10:00:00,PAYROLL
EVT00012246,2021-07-13,EMP03452,CC0089,CR,4,Leave Start,,CAD,CAN,2021-07-14 01:00:00,CORE_HR
EVT00013477,2021-07-26,EMP01300,CC0091,EX,1,Step Increment,139298.08,CAD,CAN,2021-07-26 20:00:00,CORE_HR
EVT00013258,2021-07-10,EMP03874,CC0093,PA,1,Performance Pay,2860.92,CAD,CA,2021-07-11 02:00:00,PAYROLL
EVT00013257,2021-07-17,EMP03090,CC0107,CR,2,Lateral Deployment,,CAD,CA,2021-07-18 12:00:00,PAYROLL
EVT00011976,2021-07-10,EMP03671,CC0061,EN,1,Leave Return,,CAD,CA,2021-07-10 21:00:00,PAYROLL
EVT00013465,2021-07-19,EMP04102,CC0094,PA,3,Performance Pay,7413.26,CAD,CA,2021-07-19 22:00:00,PAYROLL
EVT00012197,2021-07-17,EMP03905,CC0034,PA,2,Step Increment,68615.74,CAD,CA,2021-07-18 15:00:00,PAYROLL
EVT00013685,2021-07-09,EMP99999,CC0068,CR,1,Step Increment,49037.94,CAD,CA,2021-07-12 05:00:00,PAYROLL
EVT00012129,2021-07-26,EMP00733,CC0091,PA,4,Promotion,82705.33,CAD,CA,2021-07-26 22:00:00,PAYROLL
EVT00011897,2021-07-11,EMP00477,CC0061,IT,2,Leave Start,,CAD,CAN,2021-07-11 20:00:00,CORE_HR
EVT00011768,2021-07-19,EMP00005,CC0006,IT,4,Leave Return,,CAD,CA,2021-07-19 13:00:00,PAYROLL
EVT00012908,2021-07-15,EMP04736,CC0021,IT,1,Performance Pay,9114.54,CAD,CA,2021-07-15 20:00:00,PAYROLL
EVT00012189,2021-07-19,EMP03879,CC0069,PA,2,Step Increment,66792.72,CAD,CAN,2021-07-20 15:00:00,CORE_HR
EVT00012299,2021-07-07,EMP00783,CC0078,EN,2,Leave Return,,CAD,CA,2021-07-08 00:00:00,PAYROLL
EVT00012449,2021-07-03,EMP04942,CC0033,FI,4,Performance Pay,11750.0,CAD,CA,2021-07-04 07:00:00,PAYROLL
EVT00012859,2021-07-20,EMP01408,CC0108,FI,1,Leave Start,,BRL,BRA,2021-07-21 10:00:00,CORE_HR
EVT00011924,2021-07-27,EMP02976,CC0091,PA,1,Step Increment,60931.9,CAD,CA,2021-07-27 16:00:00,PAYROLL
EVT00012903,2021-07-14,EMP04172,CC0018,EX,1,Step Increment,121914.26,CAD,CAN,2021-07-15 13:00:00,CORE_HR
EVT00013687,2021-07-02,EMP03821,CC0057,IT,2,Leave Start,,CAD,CA,2021-07-03 11:00:00,PAYROLL
EVT00013546,2021-07-09,EMP02861,CC0070,EC,3,Step Increment,104681.3,CAD,CA,2021-07-10 12:00:00,PAYROLL
EVT00013557,2021-07-05,EMP00737,CC0048,IT,2,Leave Start,,CAD,CA,2021-07-06 05:00:00,PAYROLL
EVT00012172,2021-07-21,EMP04738,CC0069,FI,1,Leave Return,,CAD,CA,2021-07-21 20:00:00,PAYROLL
EVT00012627,2021-07-17,EMP04157,CC0010,EX,2,Performance Pay,17607.83,CAD,CAN,2021-07-17 10:00:00,CORE_HR
EVT00012514,2021-07-10,EMP04267,CC0062,EN,1,Lateral Deployment,,CAD,CAN,2021-07-11 15:00:00,CORE_HR
EVT00012373,2021-07-10,EMP02451,CC0118,FI,2,Lateral Deployment,,CAD,CAN,2021-07-11 06:00:00,CORE_HR
EVT00012500,2021-07-12,EMP00524,CC0057,PA,4,Leave Start,,CAD,CA,2021-07-13 11:00:00,PAYROLL
EVT00012997,2021-07-07,EMP04306,CC0016,EC,3,Step Increment,92517.77,CAD,CAN,2021-07-07 17:00:00,CORE_HR
EVT00013270,2021-07-05,EMP00985,CC0070,IT,1,Leave Start,,CAD,CAN,2021-07-06 14:00:00,CORE_HR
EVT00013104,2021-07-13,EMP02387,CC0022,AS,2,Performance Pay,2614.65,CAD,CAN,2021-07-14 14:00:00,CORE_HR
EVT00012540,2021-07-17,EMP02190,CC0080,PA,4,Leave Start,,BRL,BRA,2021-07-18 00:00:00,CORE_HR
EVT00013412,2021-07-21,EMP04661,CC0032,PA,1,Leave Return,,CAD,CAN,2021-07-22 00:00:00,CORE_HR
EVT00012257,2021-07-16,EMP03420,CC0107,EC,1,Performance Pay,8848.82,CAD,CA,2021-07-16 23:00:00,PAYROLL
EVT00013005,2021-07-12,EMP03787,CC0010,AS,1,Performance Pay,2673.19,CAD,CA,2021-07-13 09:00:00,PAYROLL
EVT00012568,2021-07-07,EMP01511,CC0079,PA,2,Leave Return,,CAD,CAN,2021-07-08 01:00:00,CORE_HR
EVT00011985,2021-07-14,EMP00468,CC0028,PA,2,Leave Start,,CAD,CAN,2021-07-15 14:00:00,CORE_HR
EVT00012407,2021-07-08,EMP01244,CC0023,PA,3,Performance Pay,5349.22,CAD,CA,2021-07-08 22:00:00,PAYROLL
EVT00012934,2021-07-26,EMP01685,CC0025,IT,1,Performance Pay,7653.22,CAD,CA,2021-07-27 04:00:00,PAYROLL
EVT00013513,2021-07-12,EMP02875,CC0111,FI,2,Step Increment,339511.0,BRL,BRA,2021-07-12 19:00:00,CORE_HR
EVT00013450,2021-07-10,EMP00712,CC0102,IT,1,Step Increment,73887.41,CAD,CAN,2021-07-11 12:00:00,CORE_HR
EVT00013242,2021-07-07,EMP04312,CC0092,EN,2,Lateral Deployment,,CAD,CA,2021-07-07 12:00:00,PAYROLL
EVT00012431,2021-07-25,EMP04550,CC0019,IT,5,Leave Start,,CAD,CAN,2021-07-26 22:00:00,CORE_HR
EVT00012190,2021-07-26,EMP01432,CC0011,EN,2,Hire,87562.07,CAD,CA,2021-07-27 09:00:00,PAYROLL
EVT00012925,2021-07-17,EMP00169,CC0016,PA,1,Step Increment,55346.56,CAD,CAN,2021-07-17 12:00:00,CORE_HR
EVT00012540,2021-07-17,EMP02190,CC0080,PA,4,Leave Start,,BRL,BRA,2021-07-20 23:00:00,CORE_HR
EVT00011767,2021-07-12,EMP02459,CC0017,FI,2,Performance Pay,5523.48,CAD,CA,2021-07-13 14:00:00,PAYROLL
EVT00012225,2021-07-07,EMP02335,CC0004,CR,3,Step Increment,68174.16,CAD,CAN,2021-07-07 17:00:00,CORE_HR
EVT00013021,2021-07-02,EMP04902,CC0057,CR,5,Step Increment,71518.03,CAD,CAN,2021-07-02 20:00:00,CORE_HR
EVT00011860,2021-07-14,EMP03081,CC0042,FI,2,Leave Start,,CAD,CAN,2021-07-14 22:00:00,CORE_HR
EVT00012492,2021-07-10,EMP01187,CC0002,AS,3,Step Increment,50499.99,CAD,CAN,2021-07-10 14:00:00,CORE_HR
EVT00012273,2021-07-03,EMP04717,CC0101,EN,1,Performance Pay,9254.06,CAD,CAN,2021-07-04 14:00:00,CORE_HR
EVT00012093,2021-07-17,EMP00590,CC0112,EC,5,Step Increment,127291.57,CAD,CAN,2021-07-17 08:00:00,CORE_HR
EVT00011890,2021-07-04,EMP03578,CC0048,EC,3,Step Increment,90004.44,CAD,CAN,2021-07-04 13:00:00,CORE_HR
EVT00013056,2021-07-09,EMP00812,CC0026,AS,3,Step Increment,52137.31,CAD,CAN,2021-07-09 06:00:00,CORE_HR
EVT00013646,2021-07-23,EMP00123,CC0117,AS,2,Step Increment,65892.67,CAD,CA,2021-07-23 12:00:00,PAYROLL
EVT00013253,2021-07-07,EMP02111,CC0061,EC,1,Step Increment,52875.93,CAD,CA,2021-07-07 15:00:00,PAYROLL
EVT00013486,1900-01-01,EMP04634,CC0001,IT,4,Promotion,121771.18,CAD,CAN,2021-07-14 06:00:00,CORE_HR
EVT00012850,2021-07-08,EMP02309,CC0094,PA,4,Performance Pay,10077.1,CAD,CA,2021-07-08 16:00:00,PAYROLL
EVT00012069,2021-07-08,EMP00582,CC0110,PA,1,Step Increment,46620.58,CAD,CAN,2021-07-09 12:00:00,CORE_HR
EVT00013265,2021-07-27,EMP03698,CC0072,FI,4,Performance Pay,5002.03,CAD,CA,2021-07-27 10:00:00,PAYROLL
EVT00012468,2021-07-11,EMP00426,CC0033,AS,4,Promotion,65547.69,CAD,CAN,2021-07-11 12:00:00,CORE_HR
EVT00012489,2021-07-05,EMP01842,CC0054,PA,4,Leave Start,,MXN,MEX,2021-07-06 00:00:00,CORE_HR
EVT00012626,2021-07-23,EMP00670,CC0049,IT,4,Step Increment,15272248.2,KES,KE,2021-07-23 09:00:00,PAYROLL
EVT00013050,2021-07-13,EMP02596,CC0065,CR,1,Leave Start,,AED,AE,2021-07-13 23:00:00,PAYROLL
EVT00012739,2021-07-14,EMP04390,CC0074,IT,1,Leave Start,,AUD,AUS,2021-07-15 13:00:00,CORE_HR
EVT00013132,2021-07-12,EMP04632,CC0011,EN,3,Hire,103037.23,CAD,CAN,2021-07-13 00:00:00,CORE_HR
EVT00012817,2021-07-08,EMP00471,CC0011,IT,1,Leave Return,,CAD,CAN,2021-07-08 08:00:00,CORE_HR
EVT00012704,2021-07-27,EMP04164,CC0038,EC,4,Step Increment,110090.38,CAD,CA,2021-07-28 08:00:00,PAYROLL
EVT00012811,2021-07-06,EMP02107,CC0002,EN,3,Leave Start,,CAD,CAN,2021-07-06 21:00:00,CORE_HR
EVT00012662,2021-07-17,EMP04971,CC0091,IT,3,Leave Return,,CAD,CAN,2021-07-17 19:00:00,CORE_HR
EVT00013433,2021-07-10,EMP03387,CC0117,EC,2,Performance Pay,8719.26,CAD,CAN,2021-07-11 08:00:00,CORE_HR
EVT00013608,2021-07-04,EMP00553,CC0024,FI,1,Step Increment,71999.12,CAD,CAN,2021-07-05 06:00:00,CORE_HR
EVT00011867,2021-07-25,EMP04163,CC0009,EC,2,Leave Return,,USD,USA,2021-07-25 13:00:00,CORE_HR
EVT00013318,2021-07-15,EMP02406,CC0072,PA,1,Leave Start,,CAD,CAN,2021-07-15 11:00:00,CORE_HR
EVT00013162,2021-07-26,EMP04630,CC0119,AS,3,Leave Start,,CAD,CAN,2021-07-26 18:00:00,CORE_HR
EVT00011790,2021-07-16,EMP01469,CC0059,PA,4,Lateral Deployment,,CAD,CAN,2021-07-17 02:00:00,CORE_HR
EVT00013036,2021-07-06,EMP04474,CC0039,EN,2,Leave Return,,CAD,CAN,2021-07-07 15:00:00,CORE_HR
EVT00012851,2021-07-26,EMP01386,CC0104,CR,1,Leave Start,,CAD,CA,2021-07-26 23:00:00,PAYROLL
EVT00013184,2021-07-17,EMP04591,CC0099,EX,1,Leave Start,,CAD,CA,2021-07-17 19:00:00,PAYROLL
EVT00013109,2021-07-06,EMP04789,CC0023,EX,3,Leave Start,,CAD,CA,2021-07-07 05:00:00,PAYROLL
EVT00013502,2021-07-12,EMP03583,CC0011,FI,3,Step Increment,-95502.08,CAD,CA,2021-07-13 10:00:00,PAYROLL
EVT00012282,2021-07-16,EMP02078,CC0048,IT,3,Lateral Deployment,,CAD,CA,2021-07-16 10:00:00,PAYROLL
EVT00011830,2021-07-04,EMP01653,CC0009,AS,1,Lateral Deployment,,EUR,FRA,2021-07-05 14:00:00,CORE_HR
EVT00012174,2021-07-07,EMP01575,CC0054,CR,2,Leave Start,,USD,USA,2021-07-07 11:00:00,CORE_HR
EVT00012708,2021-07-27,EMP00570,CC0104,FI,2,Performance Pay,6629.38,CAD,CA,2021-07-28 08:00:00,PAYROLL
EVT00013298,2021-07-18,EMP00278,CC0061,AS,5,Performance Pay,7415.42,CAD,CA,2021-07-18 22:00:00,PAYROLL
EVT00012968,2021-07-12,EMP02180,CC0073,PA,3,Step Increment,84195.68,CAD,CAN,2021-07-12 19:00:00,CORE_HR
EVT00012432,1900-01-01,EMP01027,CC0044,AS,4,Performance Pay,6992.37,CAD,CA,2021-07-16 19:00:00,PAYROLL
EVT00013636,2021-07-25,EMP01394,CC0014,EN,1,Performance Pay,9975.98,CAD,CA,2021-07-26 00:00:00,PAYROLL
EVT00013310,2021-07-14,EMP04328,CC0062,IT,3,Lateral Deployment,,CAD,CAN,2021-07-15 07:00:00,CORE_HR
EVT00012015,2021-07-25,EMP03653,CC0035,PA,1,Leave Return,,CAD,CAN,2021-07-25 08:00:00,CORE_HR
EVT00013625,2021-07-02,EMP04653,CC0103,PA,4,Step Increment,79914.69,CAD,CAN,2021-07-02 18:00:00,CORE_HR
EVT00013168,2021-07-07,EMP01322,CC0100,EX,2,Departure,,CAD,CA,2021-07-07 09:00:00,PAYROLL
EVT00012665,2021-07-18,EMP02970,CC0047,AS,2,Performance Pay,7227.67,CAD,CAN,2021-07-19 07:00:00,CORE_HR
EVT00012216,2021-07-01,EMP04047,CC0117,EC,3,Promotion,94507.64,CAD,CAN,2021-07-02 13:00:00,CORE_HR
EVT00011754,2021-07-14,EMP04244,CC0062,IT,4,Step Increment,110540.44,CAD,CA,2021-07-14 09:00:00,PAYROLL
EVT00013122,2021-07-26,EMP01913,CC0118,FI,3,Departure,,CAD,CA,2021-07-26 16:00:00,PAYROLL
EVT00011928,2021-07-15,EMP01983,CC0092,EX,2,Step Increment,149350.4,CAD,CAN,2021-07-15 19:00:00,CORE_HR
EVT00012284,2021-07-13,EMP04410,CC0029,PA,1,Step Increment,3767879.96,INR,IN,2021-07-14 10:00:00,PAYROLL
EVT00012445,1900-01-01,EMP01176,CC0083,AS,1,Lateral Deployment,,CAD,CAN,2021-07-10 04:00:00,CORE_HR
EVT00011776,2021-07-04,EMP04369,CC0020,IT,1,Hire,73301.51,CAD,CA,2021-07-05 05:00:00,PAYROLL
EVT00012966,2021-07-15,EMP04977,CC0006,CR,4,Promotion,70674.92,CAD,CA,2021-07-15 18:00:00,PAYROLL
EVT00013618,2021-07-22,EMP03456,CC0031,IT,1,Step Increment,4790248.43,INR,IN,2021-07-22 19:00:00,PAYROLL
EVT00012874,2021-07-14,EMP99999,CC0086,PA,1,Leave Return,,SGD,SG,2021-07-14 16:00:00,PAYROLL
EVT00011851,2021-07-14,EMP04153,CC0007,EN,5,Performance Pay,5194.92,EUR,DE,2021-07-14 14:00:00,PAYROLL
EVT00013047,2021-07-17,EMP02889,CC0067,FI,4,Performance Pay,8157.53,CAD,CAN,2021-07-17 20:00:00,CORE_HR
EVT00013531,2021-07-03,EMP02659,CC0033,IT,2,Departure,,CAD,CAN,2021-07-03 14:00:00,CORE_HR
EVT00012072,2021-07-17,EMP03314,CC0020,PA,3,Leave Start,,CAD,CAN,2021-07-18 08:00:00,CORE_HR
EVT00011915,2021-07-21,EMP01508,CC0110,PA,3,Performance Pay,4290.15,CAD,CA,2021-07-22 05:00:00,PAYROLL
EVT00013365,2021-07-18,EMP02284,CC0110,PA,3,Performance Pay,5491.06,CAD,CAN,2021-07-18 09:00:00,CORE_HR
EVT00013089,2021-07-17,EMP00043,CC0092,EC,3,Performance Pay,6958.74,CAD,CAN,2021-07-17 13:00:00,CORE_HR
EVT00013237,2021-07-12,EMP01449,CC0112,IT,1,Step Increment,79963.65,CAD,CA,2021-07-12 19:00:00,PAYROLL
EVT00013069,2021-07-26,EMP04136,CC0034,AS,5,Departure,,CAD,CAN,2021-07-27 03:00:00,CORE_HR
EVT00011868,2021-07-01,EMP02684,CC0031,EC,5,Departure,,EUR,DEU,2021-07-01 19:00:00,CORE_HR
EVT00012481,2021-07-24,EMP03296,CC0064,IT,3,Leave Return,,CAD,CA,2021-07-25 10:00:00,PAYROLL
EVT00012887,2021-07-21,EMP00980,CC0035,EX,1,Leave Start,,CAD,CA,2021-07-22 00:00:00,PAYROLL
EVT00013246,2021-07-10,EMP02425,CC0113,EX,2,Step Increment,148058.96,CAD,CA,2021-07-10 12:00:00,PAYROLL
EVT00012088,2021-07-05,EMP02157,CC0036,EC,2,Promotion,77092.54,CAD,CA,2021-07-05 21:00:00,PAYROLL
EVT00012393,2021-07-26,EMP03847,CC0034,FI,1,Step Increment,66199.57,CAD,CAN,2021-07-27 03:00:00,CORE_HR
EVT00013091,2021-07-25,EMP00813,CC0010,EC,4,Step Increment,102570.61,CAD,CAN,2021-07-25 14:00:00,CORE_HR
EVT00012691,2021-07-20,EMP03922,CC0071,EN,2,Promotion,92967.28,CAD,CAN,2021-07-20 22:00:00,CORE_HR
EVT00011889,2021-07-04,EMP00807,CC0027,AS,1,Step Increment,50621.71,CAD,CAN,2021-07-05 14:00:00,CORE_HR
EVT00012579,2021-07-27,EMP01038,CC0035,EX,1,Step Increment,137472.45,CAD,CAN,2021-07-27 08:00:00,CORE_HR
EVT00012599,2021-07-05,EMP00250,CC0019,CR,1,Step Increment,53278.35,CAD,CA,2021-07-05 06:00:00,PAYROLL
EVT00012807,2021-07-20,EMP03659,CC0046,EN,1,Performance Pay,6883.55,AUD,AU,2021-07-21 04:00:00,PAYROLL
EVT00012331,2021-07-10,EMP03741,CC0083,PA,3,Step Increment,79188.79,CAD,CA,2021-07-10 16:00:00,PAYROLL
EVT00012401,2021-07-22,EMP04892,CC0018,EC,4,Step Increment,109502.86,CAD,CAN,2021-07-23 10:00:00,CORE_HR
EVT00013189,2021-07-14,EMP00372,CC0029,EN,1,Hire,46370.17,USD,US,2021-07-15 00:00:00,PAYROLL
EVT00012650,2021-07-11,EMP03264,CC0089,FI,1,Step Increment,69328.48,CAD,CA,2021-07-11 19:00:00,PAYROLL
EVT00011908,2021-07-19,EMP01392,CC0029,PA,2,Step Increment,6055341.62,JPY,JP,2021-07-19 20:00:00,PAYROLL
EVT00012460,2021-07-13,EMP01569,CC0019,FI,3,Step Increment,100141.85,CAD,CA,2021-07-14 12:00:00,PAYROLL
EVT00012356,2021-07-08,EMP03541,CC0046,PA,4,Performance Pay,725756.0,JPY,JPN,2021-07-08 23:00:00,CORE_HR
EVT00013418,2021-07-12,EMP02116,CC0010,PA,3,Step Increment,73352.24,CAD,CAN,2021-07-13 03:00:00,CORE_HR
EVT00012720,2021-07-12,EMP01867,CC0115,CR,2,Leave Start,,CAD,CAN,2021-07-12 06:00:00,CORE_HR
EVT00012363,2021-07-25,EMP01223,CC0050,AS,1,Step Increment,53564.03,CAD,CA,2021-07-26 15:00:00,PAYROLL
EVT00012668,2021-07-12,EMP00687,CC0080,IT,4,Leave Return,,SGD,SG,2021-07-13 09:00:00,PAYROLL
EVT00011885,2021-07-07,EMP00492,CC0069,AS,5,Step Increment,77529.56,CAD,CAN,2021-07-08 10:00:00,CORE_HR
EVT00011839,2021-07-02,EMP02606,CC0004,IT,3,Step Increment,125093.22,CAD,CAN,2021-07-03 06:00:00,CORE_HR
EVT00013319,2021-07-08,EMP02071,CC0008,FI,1,Leave Return,,CAD,CAN,2021-07-08 12:00:00,CORE_HR
EVT00012408,2021-07-11,EMP04907,CC0023,EX,1,Leave Return,,CAD,CAN,2021-07-11 06:00:00,CORE_HR
EVT00011778,2021-07-07,EMP01372,CC0052,IT,2,Leave Return,,CAD,CAN,2021-07-07 09:00:00,CORE_HR
EVT00012591,2021-07-04,EMP01970,CC0003,AS,4,Leave Return,,CAD,CA,2021-07-05 15:00:00,PAYROLL
EVT00012569,2021-07-10,EMP00953,CC0068,PA,3,Leave Return,,CAD,CAN,2021-07-11 14:00:00,CORE_HR
EVT00013033,2021-07-10,EMP03818,CC0076,IT,1,Performance Pay,3665.76,CAD,CA,2021-07-10 17:00:00,PAYROLL
EVT00013635,2021-07-27,EMP00060,CC0089,PA,4,Hire,94099.57,CAD,CA,2021-07-28 11:00:00,PAYROLL
EVT00012055,2021-07-17,EMP01859,CC0054,IT,3,Step Increment,67397.27,EUR,DEU,2021-07-18 00:00:00,CORE_HR
EVT00013354,2021-07-04,EMP00898,CC0007,PA,2,Departure,,EUR,DEU,2021-07-05 00:00:00,CORE_HR
EVT00013180,2021-07-12,EMP01912,CC0077,FI,3,Step Increment,88634.08,CAD,CAN,2021-07-12 18:00:00,CORE_HR
EVT00013499,2021-07-11,EMP01548,CC0058,EX,1,Lateral Deployment,,CAD,CAN,2021-07-11 07:00:00,CORE_HR
EVT00011818,2021-07-25,EMP04950,CC0056,PA,2,Performance Pay,8818.28,CAD,CAN,2021-07-26 20:00:00,CORE_HR
EVT00013458,2021-07-03,EMP03184,CC0070,IT,2,Leave Return,,CAD,CAN,2021-07-03 15:00:00,CORE_HR
EVT00012539,2021-07-01,EMP02690,CC0027,AS,5,Leave Start,,CAD,CAN,2021-07-01 13:00:00,CORE_HR
EVT00012823,2021-07-08,EMP03014,CC0091,PA,3,Leave Start,,CAD,CA,2021-07-09 05:00:00,PAYROLL
EVT00012443,2021-07-19,EMP02860,CC0051,AS,2,Step Increment,62034.57,CAD,CA,2021-07-22 09:00:00,PAYROLL
EVT00013286,2021-07-05,EMP00621,CC0048,IT,5,Performance Pay,9656.78,CAD,CAN,2021-07-06 11:00:00,CORE_HR
EVT00012199,2021-07-03,EMP04476,CC0102,FI,1,Lateral Deployment,,CAD,CAN,2021-07-03 15:00:00,CORE_HR
EVT00011815,2021-07-26,EMP00108,CC0119,PA,2,Departure,,CAD,CAN,2021-07-26 18:00:00,CORE_HR
EVT00011813,2021-07-15,EMP04477,CC0039,EN,2,Step Increment,92202.47,CAD,CA,2021-07-15 07:00:00,PAYROLL
EVT00013689,2021-07-07,EMP00582,CC0110,PA,1,Step Increment,64624.31,CAD,CAN,2021-07-09 17:00:00,CORE_HR
EVT00012696,2021-07-23,EMP03665,CC0114,PA,2,Performance Pay,3529.76,CAD,CA,2021-07-23 20:00:00,PAYROLL
EVT00012797,2021-07-22,EMP04741,CC0075,IT,4,Departure,,CAD,CAN,2021-07-22 08:00:00,CORE_HR
EVT00012312,2021-07-12,EMP04944,CC0102,EX,1,Leave Return,,CAD,CAN,2021-07-12 23:00:00,CORE_HR
EVT00011978,2021-07-11,EMP03603,CC0050,EN,1,Step Increment,85924.27,CAD,CAN,2021-07-11 10:00:00,CORE_HR
EVT00013420,2021-07-18,EMP01076,CC0102,IT,1,Step Increment,82414.12,CAD,CAN,2021-07-18 12:00:00,CORE_HR
EVT00012077,2021-07-27,EMP03236,CC0028,FI,2,Performance Pay,4790.56,CAD,CAN,2021-07-27 07:00:00,CORE_HR
EVT00012382,2021-07-09,EMP02080,CC0113,EX,1,Leave Start,,CAD,CAN,2021-07-10 06:00:00,CORE_HR
EVT00013038,2021-07-17,EMP01343,CC0041,EC,2,Step Increment,80260.26,CAD,CA,2021-07-18 09:00:00,PAYROLL
EVT00011763,2021-07-03,EMP04306,CC0016,EC,3,Leave Return,,CAD,CA,2021-07-04 04:00:00,PAYROLL
EVT00012531,2021-07-17,EMP01819,CC0096,PA,2,Step Increment,64148.13,CAD,CAN,2021-07-18 12:00:00,CORE_HR
EVT00012306,2021-07-07,EMP00189,CC0106,PA,2,Performance Pay,9219.78,CAD,CA,2021-07-07 08:00:00,PAYROLL
EVT00012535,2021-07-09,EMP01756,CC0041,EC,3,Leave Start,,CAD,CAN,2021-07-09 20:00:00,CORE_HR
EVT00012451,2021-07-07,EMP00691,CC0101,PA,2,Lateral Deployment,,CAD,CA,2021-07-08 15:00:00,PAYROLL
EVT00013305,2021-07-06,EMP03165,CC0087,CR,1,Departure,,CAD,CAN,2021-07-06 14:00:00,CORE_HR
EVT00013407,2021-07-11,EMP01219,CC0003,CR,2,Step Increment,56052.07,CAD,CA,2021-07-12 08:00:00,PAYROLL
EVT00013492,2021-07-19,EMP04278,CC0039,FI,2,Leave Start,,CAD,CA,2021-07-19 07:00:00,PAYROLL
EVT00012254,2021-07-03,EMP04619,CC0113,PA,1,Departure,,CAD,CA,2021-07-04 02:00:00,PAYROLL
EVT00012884,2021-07-24,EMP00275,CC0090,EX,2,Performance Pay,10961.27,CAD,CAN,2021-07-25 05:00:00,CORE_HR
EVT00013528,2021-07-06,EMP03234,CC0111,PA,3,Hire,54367.86,GBP,GBR,2021-07-06 09:00:00,CORE_HR
EVT00012404,2021-07-24,EMP03080,CC0034,IT,1,Lateral Deployment,,CAD,CA,2021-07-24 15:00:00,PAYROLL
EVT00012037,2021-07-01,EMP00353,CC0092,EN,2,Lateral Deployment,,CAD,CAN,2021-07-02 01:00:00,CORE_HR
EVT00012702,2021-07-20,EMP02456,CC0028,PA,4,Hire,81055.61,CAD,CAN,2021-07-20 16:00:00,CORE_HR
EVT00011965,2021-07-14,EMP00921,CC0023,PA,2,Step Increment,62754.6,CAD,CAN,2021-07-14 10:00:00,CORE_HR
EVT00011821,2021-07-20,EMP03820,CC0115,PA,4,Step Increment,91960.1,CAD,CAN,2021-07-21 05:00:00,CORE_HR
EVT00012064,2021-07-15,EMP01821,CC0108,IT,2,Step Increment,357934.15,BRL,BR,2021-07-16 14:00:00,PAYROLL
EVT00012818,2021-07-04,EMP03063,CC0065,PA,2,Step Increment,76036.48,AUD,AU,2021-07-05 10:00:00,PAYROLL
EVT00012124,2021-07-16,EMP01870,CC0017,FI,5,Performance Pay,14673.02,CAD,CA,2021-07-16 12:00:00,PAYROLL
EVT00012206,2021-07-20,EMP03757,CC0070,FI,3,Lateral Deployment,,CAD,CA,2021-07-20 12:00:00,PAYROLL
EVT00012032,2021-07-04,EMP02224,CC0120,EX,1,Lateral Deployment,,CAD,CAN,2021-07-04 07:00:00,CORE_HR
EVT00011934,2021-07-12,EMP01691,CC0107,FI,3,Step Increment,86286.7,CAD,CA,2021-07-13 01:00:00,PAYROLL
EVT00013545,2021-07-25,EMP00681,CC0044,EX,2,Hire,164571.12,CAD,CA,2021-07-25 06:00:00,PAYROLL
EVT00012034,2021-07-23,EMP00694,CC0008,EC,3,Step Increment,93095.38,CAD,CAN,2021-07-24 04:00:00,CORE_HR
EVT00013657,2021-07-08,EMP04871,CC0105,FI,1,Leave Start,,INR,IND,2021-07-08 12:00:00,CORE_HR
EVT00011995,2021-07-08,EMP00957,CC0042,CR,4,Leave Start,,CAD,CA,2021-07-09 01:00:00,PAYROLL
EVT00013655,2021-07-25,EMP01460,CC0080,FI,2,Performance Pay,7170.68,GBP,GBR,2021-07-25 23:00:00,CORE_HR
EVT00012570,2021-07-03,EMP04930,CC0037,FI,5,Performance Pay,9594.72,CAD,CA,2021-07-04 10:00:00,PAYROLL
EVT00013144,2021-07-08,EMP04087,CC0061,CR,5,Leave Return,,CAD,CA,2021-07-08 17:00:00,PAYROLL
EVT00012030,2021-07-13,EMP02308,CC0071,EC,4,Step Increment,109622.11,CAD,CA,2021-07-13 11:00:00,PAYROLL
EVT00012242,2021-07-21,EMP00746,CC0049,EC,1,Hire,7939135.61,JPY,JPN,2021-07-22 05:00:00,CORE_HR
EVT00011964,2021-07-20,EMP00325,CC0043,IT,3,Departure,,CAD,CA,2021-07-21 06:00:00,PAYROLL
EVT00012167,2021-07-26,EMP03795,CC0080,IT,2,Hire,79001.53,SGD,SG,2021-07-27 13:00:00,PAYROLL
EVT00013348,2021-07-10,EMP00078,CC0025,EC,3,Performance Pay,4777.24,CAD,CAN,2021-07-11 09:00:00,CORE_HR
EVT00012657,2021-07-24,EMP02616,CC0076,EC,1,Leave Start,,CAD,CA,2021-07-25 14:00:00,PAYROLL
EVT00013165,2021-07-14,EMP00329,CC0086,IT,2,Step Increment,65046.04,USD,US,2021-07-15 00:00:00,PAYROLL
EVT00013266,2021-07-17,EMP03007,CC0076,EC,3,Step Increment,87974.27,CAD,CA,2021-07-17 20:00:00,PAYROLL
EVT00012005,2021-07-14,EMP03022,CC0120,IT,2,Step Increment,85832.32,CAD,CA,2021-07-15 00:00:00,PAYROLL
EVT00012343,2021-07-23,EMP03275,CC0057,CR,1,Step Increment,52234.84,CAD,CAN,2021-07-23 20:00:00,CORE_HR
EVT00013366,2021-07-10,EMP03993,CC0034,EN,2,Step Increment,89653.05,CAD,CA,2021-07-11 04:00:00,PAYROLL
EVT00012146,2021-07-11,EMP04575,CC0050,IT,3,Leave Return,,CAD,CAN,2021-07-11 20:00:00,CORE_HR
EVT00012024,2021-07-17,EMP04536,CC0060,PA,4,Step Increment,85199.75,CAD,CA,2021-07-17 17:00:00,PAYROLL
EVT00011922,2021-07-12,EMP01026,CC0072,FI,1,Step Increment,73630.6,CAD,CAN,2021-07-12 11:00:00,CORE_HR
EVT00013370,2021-07-01,EMP02581,CC0049,PA,1,Leave Start,,AUD,AUS,2021-07-01 09:00:00,CORE_HR
EVT00011874,2021-07-02,EMP04244,CC0062,IT,4,Leave Start,,CAD,CAN,2021-07-03 10:00:00,CORE_HR
EVT00012932,2021-07-04,EMP04051,CC0024,CR,3,Step Increment,57086.23,CAD,CA,2021-07-05 07:00:00,PAYROLL
EVT00013427,2021-07-10,EMP01378,CC0002,EN,3,Leave Start,,CAD,CA,2021-07-11 02:00:00,PAYROLL
EVT00012578,2021-07-02,EMP04892,CC0018,EC,4,Leave Start,,CAD,CA,2021-07-03 19:00:00,PAYROLL
EVT00013496,2021-07-14,EMP01435,CC0008,EN,2,Step Increment,83719.52,CAD,CAN,2021-07-14 14:00:00,CORE_HR
EVT00011850,2021-07-01,EMP03508,CC0020,AS,1,Step Increment,67281.79,CAD,CAN,2021-07-01 18:00:00,CORE_HR
EVT00013386,2021-07-03,EMP00556,CC0063,AS,1,Performance Pay,4154.28,CAD,CA,2021-07-04 10:00:00,PAYROLL
EVT00013014,2021-07-16,EMP00764,CC0026,PA,1,Step Increment,70674.26,CAD,CAN,2021-07-16 18:00:00,CORE_HR
EVT00013019,2021-07-25,EMP02909,CC0078,IT,2,Lateral Deployment,,CAD,CA,2021-07-25 12:00:00,PAYROLL
EVT00011956,2021-07-25,EMP03218,CC0090,AS,1,Performance Pay,7461.24,CAD,CAN,2021-07-28 07:00:00,CORE_HR
EVT00013374,2021-07-09,EMP00137,CC0002,EX,2,Step Increment,135579.98,CAD,CAN,2021-07-09 15:00:00,CORE_HR
EVT00012760,2021-07-27,EMP00580,CC0112,PA,5,Step Increment,92552.63,CAD,CAN,2021-07-27 19:00:00,CORE_HR
EVT00012781,2021-07-07,EMP01055,CC0115,AS,3,Step Increment,57024.96,CAD,CAN,2021-07-08 02:00:00,CORE_HR
EVT00012786,2021-07-18,EMP04927,CC0058,AS,4,Step Increment,69939.13,CAD,CA,2021-07-18 10:00:00,PAYROLL
EVT00013294,2021-07-26,EMP03903,CC0034,FI,4,Lateral Deployment,,CAD,CA,2021-07-27 21:00:00,PAYROLL
EVT00012775,2021-07-20,EMP00978,CC0117,FI,3,Leave Start,,CAD,CA,2021-07-21 02:00:00,PAYROLL
EVT00013380,2021-07-24,EMP03891,CC0060,EX,1,Step Increment,147601.67,CAD,CAN,2021-07-24 17:00:00,CORE_HR
EVT00013697,2021-07-22,EMP01387,CC0072,AS,4,Hire,74813.18,CAD,CAN,2021-07-22 21:00:00,CORE_HR
EVT00013115,2021-07-26,EMP01069,CC0116,EC,3,Leave Start,,CAD,CA,2021-07-27 12:00:00,PAYROLL
EVT00012868,2021-07-01,EMP01422,CC0099,IT,2,Lateral Deployment,,CAD,CAN,2021-07-02 15:00:00,CORE_HR
EVT00013695,2021-07-07,EMP03646,CC0109,CR,3,Leave Start,,CAD,CAN,2021-07-08 08:00:00,CORE_HR
EVT00012615,2021-07-22,EMP04787,CC0111,EC,1,Leave Return,,AUD,AUS,2021-07-22 18:00:00,CORE_HR
EVT00012530,2021-07-25,EMP03199,CC0095,EC,4,Step Increment,107763.51,CAD,CAN,2021-07-25 20:00:00,CORE_HR
EVT00012059,2021-07-10,EMP03671,CC0061,EN,1,Leave Return,,CAD,CAN,2021-07-11 11:00:00,CORE_HR
EVT00011812,2021-07-21,EMP03094,CC0094,AS,4,Step Increment,82185.44,CAD,CA,2021-07-22 09:00:00,PAYROLL
EVT00012433,2021-07-26,EMP04751,CC0117,FI,3,Performance Pay,8811.35,CAD,CA,2021-07-26 19:00:00,PAYROLL
EVT00013043,2021-07-21,EMP03425,CC0090,IT,4,Performance Pay,11110.89,CAD,CAN,2021-07-22 08:00:00,CORE_HR
EVT00011959,2021-07-07,EMP03549,CC0005,FI,4,Step Increment,101936.06,CAD,CAN,2021-07-08 15:00:00,CORE_HR
EVT00013083,2021-07-24,EMP00847,CC0065,CR,1,Lateral Deployment,,EUR,DEU,2021-07-25 00:00:00,CORE_HR
EVT00012028,2021-07-04,EMP04025,CC0119,AS,4,Leave Return,,CAD,CA,2021-07-05 05:00:00,PAYROLL
EVT00012982,2021-07-01,EMP04275,CC0093,CR,4,Lateral Deployment,,CAD,CAN,2021-07-01 23:00:00,CORE_HR
EVT00012788,2021-07-01,EMP03141,CC0039,PA,3,Step Increment,71032.61,CAD,CAN,2021-07-02 13:00:00,CORE_HR
EVT00012471,2021-07-26,EMP00664,CC0058,PA,1,Departure,,CAD,CAN,2021-07-26 20:00:00,CORE_HR
EVT00012686,2021-07-08,EMP04040,CC0045,EX,2,Step Increment,155263.82,CAD,CAN,2021-07-08 14:00:00,CORE_HR
EVT00012576,2021-07-03,EMP04346,CC0029,FI,3,Promotion,98745.75,AUD,AU,2021-07-04 09:00:00,PAYROLL
EVT00012794,2021-07-10,EMP03962,CC0029,AS,4,Step Increment,1007652.64,MXN,MEX,2021-07-10 10:00:00,CORE_HR
EVT00012830,2021-07-11,EMP01704,CC0051,PA,2,Step Increment,57757.42,CAD,CAN,2021-07-12 03:00:00,CORE_HR
EVT00012239,2021-07-26,EMP00350,CC0067,PA,4,Lateral Deployment,,CAD,CAN,2021-07-26 17:00:00,CORE_HR
EVT00011845,2021-07-10,EMP04792,CC0020,IT,2,Lateral Deployment,,CAD,CAN,2021-07-11 10:00:00,CORE_HR
EVT00013016,2021-07-24,EMP01815,CC0093,EX,1,Promotion,127777.03,CAD,CAN,2021-07-24 07:00:00,CORE_HR
EVT00011832,2021-07-07,EMP02191,CC0074,EX,2,Step Increment,131976.41,SGD,SG,2021-07-08 06:00:00,PAYROLL
EVT00013425,2021-07-01,EMP03049,CC0034,CR,3,Leave Return,,CAD,CA,2021-07-02 08:00:00,PAYROLL
EVT00013442,2021-07-06,EMP03623,CC0094,PA,3,Step Increment,64603.1,CAD,CAN,2021-07-07 06:00:00,CORE_HR
EVT00012342,2021-07-05,EMP04065,CC0102,PA,4,Departure,,CAD,CA,2021-07-06 11:00:00,PAYROLL
EVT00012347,2021-07-02,EMP01258,CC0049,PA,2,Step Increment,177595.78,AED,ARE,2021-07-03 12:00:00,CORE_HR
EVT00012187,2021-07-04,EMP00583,CC0043,AS,2,Leave Return,,CAD,CA,2021-07-04 13:00:00,PAYROLL
EVT00012649,2021-07-17,EMP00405,CC0033,PA,3,Hire,75635.9,CAD,CAN,2021-07-17 11:00:00,CORE_HR
EVT00012429,2021-07-25,EMP01443,CC0039,EN,2,Step Increment,98003.24,CAD,CA,2021-07-25 19:00:00,PAYROLL
EVT00011886,2021-07-15,EMP04186,CC0057,EC,5,Step Increment,109700.12,CAD,CAN,2021-07-15 21:00:00,CORE_HR
EVT00012611,2021-07-20,EMP01079,CC0110,EX,1,Performance Pay,12763.25,CAD,CA,2021-07-21 11:00:00,PAYROLL
EVT00012690,2021-07-24,EMP00305,CC0056,EX,1,Lateral Deployment,,CAD,CA,2021-07-24 11:00:00,PAYROLL
EVT00013216,2021-07-26,EMP00482,CC0111,PA,1,Step Increment,153722.17,AED,AE,2021-07-27 14:00:00,PAYROLL
EVT00012125,2021-07-12,EMP00619,CC0113,IT,1,Leave Start,,CAD,CA,2021-07-13 06:00:00,PAYROLL
EVT00013293,2021-07-16,EMP00584,CC0078,AS,1,Step Increment,51014.9,CAD,CAN,2021-07-17 06:00:00,CORE_HR
EVT00012623,2021-07-23,EMP02643,CC0013,PA,1,Performance Pay,3372.4,CAD,CAN,2021-07-23 17:00:00,CORE_HR
EVT00012892,2021-07-20,EMP03576,CC0043,CR,4,Departure,,CAD,CA,2021-07-21 00:00:00,PAYROLL
EVT00013597,2021-07-05,EMP02159,CC0079,EX,1,Performance Pay,6186.89,CAD,CAN,2021-07-06 13:00:00,CORE_HR
EVT00012600,2021-07-27,EMP01228,CC0074,IT,4,Lateral Deployment,,USD,US,2021-07-28 02:00:00,PAYROLL
EVT00012277,2021-07-17,EMP00684,CC0089,PA,3,Hire,61135.77,CAD,CAN,2021-07-18 15:00:00,CORE_HR
EVT00013055,2021-07-22,EMP03188,CC0039,PA,1,Leave Start,,CAD,CA,2021-07-23 07:00:00,PAYROLL
EVT00013251,2021-07-26,EMP02445,CC0111,EN,2,Leave Start,,GBP,GBR,2021-07-27 04:00:00,CORE_HR
EVT00013351,2021-07-11,EMP01662,CC0019,PA,2,Leave Start,,CAD,CAN,2021-07-11 18:00:00,CORE_HR
EVT00012895,2021-07-23,EMP00431,CC0072,IT,1,Step Increment,-82236.2,CAD,CAN,2021-07-24 14:00:00,CORE_HR
EVT00013329,2021-07-03,EMP00754,CC0079,EX,1,Leave Return,,CAD,CAN,2021-07-04 04:00:00,CORE_HR
EVT00013092,2021-07-27,EMP03388,CC0083,EC,1,Leave Start,,CAD,CAN,2021-07-28 08:00:00,CORE_HR
EVT00012996,2021-07-24,EMP01791,CC0045,PA,2,Step Increment,63565.58,CAD,CAN,2021-07-24 17:00:00,CORE_HR
EVT00013243,2021-07-02,EMP03130,CC0012,EC,3,Step Increment,98076.67,CAD,CA,2021-07-03 09:00:00,PAYROLL
EVT00012852,2021-07-07,EMP01656,CC0011,IT,1,Hire,73940.81,CAD,CA,2021-07-07 16:00:00,PAYROLL
EVT00013192,2021-07-19,EMP01145,CC0094,EC,1,Step Increment,87441.73,CAD,CA,2021-07-20 02:00:00,PAYROLL
EVT00013568,2021-07-20,EMP02225,CC0096,PA,2,Leave Start,,CAD,CA,2021-07-20 19:00:00,PAYROLL
EVT00012559,2021-07-07,EMP04182,CC0068,EN,5,Performance Pay,18144.05,CAD,CAN,2021-07-07 16:00:00,CORE_HR
EVT00012876,2021-07-07,EMP04166,CC0042,FI,2,Promotion,68807.88,CAD,CA,2021-07-07 10:00:00,PAYROLL
EVT00013346,2021-07-03,EMP04499,CC0103,AS,1,Step Increment,60156.8,CAD,CAN,2021-07-04 10:00:00,CORE_HR
EVT00013579,2021-07-04,EMP02244,CC0115,AS,2,Performance Pay,4510.93,CAD,CAN,2021-07-04 07:00:00,CORE_HR
EVT00012175,2021-07-06,EMP00285,CC0046,EN,3,Leave Start,,AED,ARE,2021-07-06 14:00:00,CORE_HR
EVT00011753,2021-07-12,EMP02693,CC0011,PA,3,Promotion,79216.8,CAD,CA,2021-07-12 22:00:00,PAYROLL
EVT00013698,2021-07-01,EMP01169,CC0117,CR,4,Departure,,CAD,CAN,2021-07-01 10:00:00,CORE_HR
EVT00012555,2021-07-24,EMP00833,CC0112,EN,1,Step Increment,67379.57,CAD,CAN,2021-07-25 04:00:00,CORE_HR
EVT00011935,2021-07-22,EMP03390,CC0063,EN,1,Step Increment,75661.92,CAD,CA,2021-07-22 21:00:00,PAYROLL
EVT00013396,2021-07-05,EMP03638,CC0025,PA,1,Step Increment,55820.67,CAD,CAN,2021-07-05 22:00:00,CORE_HR
EVT00012263,2021-07-10,EMP00747,CC0105,PA,1,Lateral Deployment,,KES,KEN,2021-07-11 10:00:00,CORE_HR
EVT00011827,2021-07-10,EMP03036,CC0114,PA,1,Hire,56427.58,CAD,CAN,2021-07-11 12:00:00,CORE_HR
EVT00012444,2021-07-07,EMP02204,CC0075,IT,1,Step Increment,59883.32,CAD,CAN,2021-07-07 15:00:00,CORE_HR
EVT00012304,2021-07-25,EMP01709,CC0118,EN,3,Promotion,104871.62,CAD,CA,2021-07-25 13:00:00,PAYROLL
EVT00012305,2021-07-04,EMP03383,CC0034,AS,4,Lateral Deployment,,CAD,CA,2021-07-04 19:00:00,PAYROLL
EVT00012879,2021-07-17,EMP02784,CC0100,CR,5,Step Increment,69526.05,CAD,CAN,2021-07-17 15:00:00,CORE_HR
EVT00011817,2021-07-27,EMP04191,CC0005,EN,3,Leave Return,,CAD,CA,2021-07-30 04:00:00,PAYROLL
EVT00013686,2021-07-22,EMP02140,CC0053,FI,4,Lateral Deployment,,CAD,CAN,2021-07-23 15:00:00,CORE_HR
EVT00013566,2021-07-04,EMP04263,CC0062,PA,3,Performance Pay,6025.54,CAD,CA,2021-07-04 18:00:00,PAYROLL
EVT00013133,2021-07-18,EMP03979,CC0037,IT,3,Leave Start,,CAD,CA,2021-07-18 14:00:00,PAYROLL
EVT00012592,2021-07-22,EMP01818,CC0041,IT,5,Lateral Deployment,,CAD,CA,2021-07-22 21:00:00,PAYROLL
EVT00012840,2021-07-16,EMP04589,CC0007,AS,2,Step Increment,775140.26,MXN,MEX,2021-07-16 19:00:00,CORE_HR
EVT00013223,2021-07-22,EMP00062,CC0011,IT,1,Step Increment,82867.5,CAD,CAN,2021-07-22 16:00:00,CORE_HR
EVT00012251,2021-07-27,EMP04402,CC0025,EX,1,Step Increment,137823.7,CAD,CA,2021-07-27 06:00:00,PAYROLL
EVT00012610,2021-07-04,EMP04389,CC0119,EN,3,Performance Pay,9977.2,CAD,CAN,2021-07-04 19:00:00,CORE_HR
EVT00012413,2021-07-07,EMP00241,CC0032,CR,1,Step Increment,36254.81,CAD,CAN,2021-07-07 13:00:00,CORE_HR
EVT00012995,2021-07-23,EMP00637,CC0113,PA,2,Step Increment,68365.0,CAD,CA,2021-07-23 10:00:00,PAYROLL
EVT00012970,2021-07-09,EMP04398,CC0089,FI,2,Performance Pay,10938.12,CAD,CAN,2021-07-09 18:00:00,CORE_HR
EVT00012387,2021-07-04,EMP03213,CC0029,EC,5,Departure,,AUD,AUS,2021-07-05 06:00:00,CORE_HR
EVT00012989,2021-07-23,EMP01413,CC0020,AS,2,Lateral Deployment,,CAD,CAN,2021-07-23 16:00:00,CORE_HR
EVT00013336,2021-07-18,EMP03878,CC0041,PA,3,Lateral Deployment,,CAD,CAN,2021-07-18 08:00:00,CORE_HR
EVT00011944,2021-07-19,EMP04852,CC0077,EN,3,Hire,99695.64,CAD,CAN,2021-07-20 02:00:00,CORE_HR
EVT00012415,2021-07-02,EMP01074,CC0049,CR,5,Step Increment,52814.94,USD,US,2021-07-03 14:00:00,PAYROLL
EVT00013524,2021-07-15,EMP04492,CC0085,IT,2,Step Increment,90460.06,CAD,CAN,2021-07-16 14:00:00,CORE_HR
EVT00012221,2021-07-20,EMP03333,CC0097,EX,1,Hire,117988.56,CAD,CAN,2021-07-21 13:00:00,CORE_HR
EVT00013124,2021-07-08,EMP00853,CC0086,IT,2,Leave Start,,MXN,MEX,2021-07-09 07:00:00,CORE_HR
EVT00012983,2021-07-15,EMP00962,CC0069,PA,3,Step Increment,82498.63,CAD,CA,2021-07-15 21:00:00,PAYROLL
EVT00012325,2021-07-08,EMP00269,CC0081,PA,1,Leave Return,,CAD,CAN,2021-07-09 00:00:00,CORE_HR
EVT00011829,2021-07-22,EMP03152,CC0117,FI,2,Hire,76231.98,CAD,CAN,2021-07-22 07:00:00,CORE_HR
EVT00011783,2021-07-25,EMP01885,CC0072,EC,1,Performance Pay,8474.21,CAD,CA,2021-07-26 04:00:00,PAYROLL
EVT00011956,2021-07-25,EMP03218,CC0090,AS,1,Performance Pay,7461.24,CAD,CAN,2021-07-25 22:00:00,CORE_HR
EVT00012143,2021-07-24,EMP02101,CC0008,EC,2,Leave Return,,CAD,CAN,2021-07-25 10:00:00,CORE_HR
EVT00012366,2021-07-07,EMP03420,CC0107,EC,1,Performance Pay,9694.43,CAD,CAN,2021-07-08 06:00:00,CORE_HR
EVT00012349,2021-07-18,EMP02275,CC0003,EC,1,Leave Start,,CAD,CAN,2021-07-19 03:00:00,CORE_HR
EVT00013138,2021-07-22,EMP04178,CC0032,PA,5,Step Increment,99939.08,CAD,CA,2021-07-22 21:00:00,PAYROLL
EVT00013688,2021-07-04,EMP00635,CC0079,EC,3,Step Increment,100544.14,CAD,CAN,2021-07-05 12:00:00,CORE_HR
EVT00013218,2021-07-18,EMP03421,CC0083,IT,1,Performance Pay,5740.36,CAD,CA,2021-07-18 14:00:00,PAYROLL
EVT00013079,2021-07-09,EMP03932,CC0105,CR,1,Leave Return,,SGD,SGP,2021-07-10 01:00:00,CORE_HR
EVT00013368,2021-07-04,EMP01361,CC0061,IT,2,Performance Pay,4131.92,CAD,CAN,2021-07-04 12:00:00,CORE_HR
EVT00012115,2021-07-16,EMP02085,CC0081,AS,3,Performance Pay,4461.42,CAD,CA,2021-07-17 04:00:00,PAYROLL
EVT00012854,2021-07-25,EMP00316,CC0007,EX,1,Leave Return,,BRL,BRA,2021-07-26 13:00:00,CORE_HR
EVT00013073,2021-07-18,EMP01013,CC0076,AS,1,Step Increment,51713.92,CAD,CA,2021-07-19 01:00:00,PAYROLL
EVT00012220,2021-07-20,EMP00589,CC0033,PA,1,Leave Start,,CAD,CAN,2021-07-21 04:00:00,CORE_HR
EVT00013610,2021-07-10,EMP02769,CC0057,FI,2,Performance Pay,6184.52,CAD,CA,2021-07-11 12:00:00,PAYROLL
EVT00012538,2021-07-12,EMP03565,CC0104,PA,2,Step Increment,86891.3,CAD,CA,2021-07-13 01:00:00,PAYROLL
EVT00012616,2021-07-20,EMP03761,CC0041,AS,5,Step Increment,76645.74,CAD,CAN,2021-07-20 13:00:00,CORE_HR
EVT00013595,2021-07-12,EMP00454,CC0037,EN,2,Hire,89483.33,CAD,CAN,2021-07-13 10:00:00,CORE_HR
EVT00011866,2021-07-17,EMP04267,CC0062,EN,1,Performance Pay,3720.38,CAD,CAN,2021-07-17 21:00:00,CORE_HR
EVT00012728,2021-07-19,EMP04807,CC0005,EC,3,Step Increment,91002.52,CAD,CA,2021-07-20 03:00:00,PAYROLL
EVT00013681,2021-07-11,EMP03914,CC0087,CR,1,Performance Pay,2634.75,CAD,CAN,2021-07-11 17:00:00,CORE_HR
EVT00012001,2021-07-20,EMP02124,CC0033,AS,4,Step Increment,70753.37,CAD,CAN,2021-07-21 13:00:00,CORE_HR
EVT00012041,2021-07-21,EMP00761,CC0055,CR,2,Step Increment,55130.57,CAD,CA,2021-07-22 07:00:00,PAYROLL
EVT00013677,2021-07-23,EMP00674,CC0026,EC,5,Leave Return,,CAD,CAN,2021-07-24 07:00:00,CORE_HR
EVT00011910,2021-07-20,EMP03769,CC0022,IT,1,Leave Start,,CAD,CAN,2021-07-21 11:00:00,CORE_HR
EVT00013102,2021-07-16,EMP01106,CC0003,IT,1,Leave Start,,CAD,CAN,2021-07-17 05:00:00,CORE_HR
EVT00013134,2021-07-25,EMP03155,CC0025,IT,1,Leave Return,,CAD,CAN,2021-07-25 08:00:00,CORE_HR
EVT00012945,2021-07-10,EMP01373,CC0030,EC,1,Leave Start,,INR,IN,2021-07-10 13:00:00,PAYROLL
EVT00012748,2021-07-06,EMP02462,CC0063,AS,2,Performance Pay,7566.93,CAD,CA,2021-07-06 17:00:00,PAYROLL
EVT00012585,2021-07-22,EMP03467,CC0025,EC,2,Leave Start,,CAD,CAN,2021-07-22 06:00:00,CORE_HR
EVT00011901,2021-07-15,EMP02246,CC0067,PA,2,Departure,,CAD,CAN,2021-07-15 18:00:00,CORE_HR
EVT00011740,2021-07-04,EMP02039,CC0021,EC,1,Performance Pay,6520.6,CAD,CA,2021-07-04 06:00:00,PAYROLL
EVT00013469,2021-07-01,EMP03414,CC0093,IT,1,Departure,,CAD,CAN,2021-07-02 09:00:00,CORE_HR
EVT00012226,2021-07-23,EMP00365,CC0063,EX,1,Lateral Deployment,,CAD,CAN,2021-07-24 04:00:00,CORE_HR
EVT00012931,2021-07-13,EMP02936,CC0030,FI,2,Promotion,76657.26,SGD,SGP,2021-07-14 13:00:00,CORE_HR
EVT00012517,2021-07-20,EMP02673,CC0039,EN,2,Step Increment,96964.6,CAD,CAN,2021-07-21 14:00:00,CORE_HR
EVT00012640,2021-07-24,EMP04681,CC0050,FI,1,Hire,88337.88,CAD,CAN,2021-07-25 01:00:00,CORE_HR
EVT00012272,2021-07-13,EMP00500,CC0042,PA,1,Step Increment,56885.72,CAD,CAN,2021-07-13 19:00:00,CORE_HR
EVT00012389,2021-07-23,EMP03402,CC0113,EN,1,Performance Pay,5384.3,CAD,CAN,2021-07-23 08:00:00,CORE_HR
EVT00012901,2021-07-09,EMP04428,CC0009,FI,1,Hire,174678.03,AED,ARE,2021-07-10 23:00:00,CORE_HR
EVT00013547,2021-07-22,EMP04972,CC0025,FI,1,Leave Start,,CAD,CAN,2021-07-22 09:00:00,CORE_HR
EVT00013390,2021-07-27,EMP00172,CC0111,PA,5,Step Increment,65344.23,USD,US,2021-07-27 17:00:00,PAYROLL
EVT00013549,2021-07-07,EMP00354,CC0041,IT,2,Performance Pay,11645.98,CAD,CAN,2021-07-08 14:00:00,CORE_HR
EVT00011950,2021-07-20,EMP03925,CC0074,CR,3,Step Increment,57453.89,SGD,SGP,2021-07-21 00:00:00,CORE_HR
EVT00012360,2021-07-02,EMP03370,CC0015,PA,1,Departure,,CAD,CAN,2021-07-02 11:00:00,CORE_HR
EVT00012491,2021-07-26,EMP04184,CC0005,FI,1,Step Increment,72957.64,CAD,CA,2021-07-27 14:00:00,PAYROLL
EVT00013601,2021-07-04,EMP02610,CC0044,PA,2,Leave Start,,CAD,CAN,2021-07-05 12:00:00,CORE_HR
EVT00013061,2021-07-15,EMP02316,CC0114,IT,2,Step Increment,98050.53,CAD,CAN,2021-07-15 15:00:00,CORE_HR
EVT00012240,2021-07-12,EMP01661,CC0106,AS,2,Leave Return,,CAD,CAN,2021-07-13 15:00:00,CORE_HR
EVT00013481,2021-07-19,EMP04746,CC0070,EC,3,Leave Return,,CAD,CAN,2021-07-20 04:00:00,CORE_HR
EVT00012561,2021-07-09,EMP00276,CC0011,FI,3,Step Increment,88177.63,CAD,CAN,2021-07-09 17:00:00,CORE_HR
EVT00013235,2021-07-25,EMP00818,CC0062,IT,4,Step Increment,110047.06,CAD,CA,2021-07-26 06:00:00,PAYROLL
EVT00013629,2021-07-15,EMP00821,CC0003,PA,1,Lateral Deployment,,CAD,CAN,2021-07-16 06:00:00,CORE_HR
EVT00013686,2021-07-22,EMP02140,CC0053,FI,4,Lateral Deployment,,CAD,CAN,2021-07-24 19:00:00,CORE_HR
EVT00012645,2021-07-02,EMP01767,CC0024,AS,4,Promotion,77410.63,CAD,CAN,2021-07-03 01:00:00,CORE_HR
EVT00012976,2021-07-06,EMP04415,CC0085,IT,5,Step Increment,132109.74,CAD,CA,2021-07-06 17:00:00,PAYROLL
EVT00013140,2021-07-08,EMP04420,CC0083,IT,4,Performance Pay,14003.78,CAD,CA,2021-07-09 11:00:00,PAYROLL
EVT00011972,2021-07-14,EMP00134,CC0041,PA,3,Performance Pay,10869.42,CAD,CAN,2021-07-14 11:00:00,CORE_HR
EVT00012815,2021-07-05,EMP00104,CC0087,FI,3,Lateral Deployment,,CAD,CAN,2021-07-05 20:00:00,CORE_HR
EVT00011757,2021-07-20,EMP03702,CC0056,IT,2,Performance Pay,4419.72,CAD,CAN,2021-07-20 16:00:00,CORE_HR
EVT00013076,2021-07-16,EMP00855,CC0019,PA,1,Promotion,57609.22,CAD,CAN,2021-07-16 16:00:00,CORE_HR
EVT00012963,2021-07-20,EMP01503,CC0032,IT,1,Step Increment,80746.23,CAD,CA,2021-07-21 06:00:00,PAYROLL
EVT00012953,2021-07-14,EMP02944,CC0078,PA,4,Promotion,-82213.1,CAD,CAN,2021-07-15 12:00:00,CORE_HR
EVT00012758,2021-07-02,EMP00403,CC0114,CR,3,Leave Return,,CAD,CA,2021-07-02 11:00:00,PAYROLL
EVT00013605,2021-07-11,EMP01334,CC0003,EX,2,Departure,,CAD,CA,2021-07-11 13:00:00,PAYROLL
EVT00012136,2021-07-05,EMP04130,CC0058,EC,3,Departure,,CAD,CA,2021-07-06 13:00:00,PAYROLL
EVT00012180,2021-07-15,EMP02221,CC0086,PA,3,Step Increment,54229.09,USD,US,2021-07-15 18:00:00,PAYROLL
EVT00013139,2021-07-05,EMP04505,CC0107,PA,1,Leave Return,,CAD,CAN,2021-07-06 10:00:00,CORE_HR
EVT00012586,2021-07-21,EMP00044,CC0011,CR,3,Leave Return,,CAD,CA,2021-07-21 19:00:00,PAYROLL
EVT00013447,2021-07-06,EMP03861,CC0001,AS,5,Leave Start,,CAD,CA,2021-07-07 00:00:00,PAYROLL
EVT00013495,2021-07-20,EMP04871,CC0105,FI,1,Leave Return,,INR,IN,2021-07-21 06:00:00,PAYROLL
EVT00011880,2021-07-08,EMP03539,CC0046,PA,2,Leave Start,,MXN,MX,2021-07-08 16:00:00,PAYROLL
EVT00012979,2021-07-11,EMP04930,CC0037,FI,5,Leave Return,,CAD,CA,2021-07-11 19:00:00,PAYROLL
EVT00012706,2021-07-04,EMP03169,CC0006,IT,1,Step Increment,72182.98,CAD,CA,2021-07-05 13:00:00,PAYROLL
EVT00012693,2021-07-14,EMP03920,CC0074,EC,4,Departure,,EUR,DEU,2021-07-14 18:00:00,CORE_HR
EVT00012482,2021-07-19,EMP03971,CC0099,PA,2,Lateral Deployment,,CAD,CAN,2021-07-19 09:00:00,CORE_HR
EVT00012992,2021-07-27,EMP02162,CC0101,EC,5,Performance Pay,15767.6,CAD,CAN,2021-07-27 16:00:00,CORE_HR
EVT00013316,2021-07-01,EMP00213,CC0087,PA,2,Step Increment,64837.78,CAD,CA,2021-07-01 07:00:00,PAYROLL
EVT00012941,2021-07-17,EMP04768,CC0063,FI,1,Departure,,CAD,CAN,2021-07-19 23:00:00,CORE_HR
EVT00011844,2021-07-16,EMP04010,CC0004,EX,1,Leave Start,,CAD,CA,2021-07-17 12:00:00,PAYROLL
EVT00012191,2021-07-26,EMP01197,CC0067,IT,4,Leave Start,,CAD,CAN,2021-07-26 12:00:00,CORE_HR
EVT00011781,2021-07-16,EMP00878,CC0037,EX,1,Step Increment,125227.17,CAD,CA,2021-07-16 14:00:00,PAYROLL
EVT00013363,2021-07-18,EMP00818,CC0062,IT,4,Step Increment,140762.78,CAD,CAN,2021-07-18 13:00:00,CORE_HR
EVT00013470,2021-07-10,EMP01298,CC0079,FI,3,Step Increment,97637.87,CAD,CAN,2021-07-11 07:00:00,CORE_HR
EVT00012955,2021-07-18,EMP03144,CC0043,IT,1,Step Increment,82147.35,CAD,CA,2021-07-18 23:00:00,PAYROLL
EVT00011987,2021-07-09,EMP04057,CC0074,FI,1,Step Increment,53350.21,EUR,FRA,2021-07-10 11:00:00,CORE_HR
EVT00012315,2021-07-22,EMP03975,CC0070,PA,5,Performance Pay,13264.08,CAD,CAN,2021-07-22 21:00:00,CORE_HR
EVT00012292,2021-07-19,EMP01764,CC0064,EN,5,Leave Start,,CAD,CAN,2021-07-19 11:00:00,CORE_HR
EVT00013398,2021-07-22,EMP00639,CC0065,FI,1,Step Increment,71700.49,SGD,SGP,2021-07-22 08:00:00,CORE_HR
EVT00013343,2021-07-27,EMP04383,CC0072,PA,3,Step Increment,77412.45,CAD,CAN,2021-07-27 19:00:00,CORE_HR
EVT00013645,2021-07-14,EMP01491,CC0069,IT,2,Step Increment,113642.39,CAD,CAN,2021-07-15 13:00:00,CORE_HR
EVT00012806,2021-07-08,EMP01686,CC0103,IT,3,Performance Pay,10790.7,CAD,CAN,2021-07-08 07:00:00,CORE_HR
EVT00011749,2021-07-05,EMP01935,CC0008,PA,2,Performance Pay,4442.2,CAD,CA,2021-07-06 03:00:00,PAYROLL
EVT00012154,2021-07-19,EMP04457,CC0099,IT,2,Step Increment,97071.06,CAD,CA,2021-07-19 17:00:00,PAYROLL
EVT00012020,2021-07-21,EMP01104,CC0048,CR,3,Step Increment,63553.71,CAD,CAN,2021-07-21 21:00:00,CORE_HR
EVT00012420,2021-07-22,EMP01842,CC0054,PA,4,Lateral Deployment,,EUR,FRA,2021-07-22 12:00:00,CORE_HR
EVT00012584,2021-07-02,EMP03987,CC0081,CR,1,Step Increment,48989.96,CAD,CA,2021-07-03 05:00:00,PAYROLL
EVT00012871,2021-07-22,EMP04675,CC0077,IT,2,Promotion,89927.06,CAD,CAN,2021-07-23 12:00:00,CORE_HR
EVT00012812,2021-07-27,EMP02987,CC0109,AS,3,Leave Return,,CAD,CAN,2021-07-29 17:00:00,CORE_HR
EVT00012949,2021-07-09,EMP04912,CC0054,PA,1,Lateral Deployment,,EUR,FR,2021-07-10 14:00:00,PAYROLL
EVT00012338,2021-07-10,EMP04396,CC0116,EC,4,Leave Start,,CAD,CA,2021-07-11 13:00:00,PAYROLL
EVT00013449,2021-07-26,EMP03151,CC0076,EC,2,Leave Start,,CAD,CA,2021-07-27 15:00:00,PAYROLL
EVT00012442,2021-07-13,EMP04967,CC0066,EN,4,Hire,137114.44,CAD,CAN,2021-07-14 06:00:00,CORE_HR
EVT00012744,2021-07-02,EMP04636,CC0046,CR,2,Step Increment,6335513.96,JPY,JP,2021-07-03 09:00:00,PAYROLL
EVT00012224,2021-07-01,EMP00608,CC0052,PA,1,Leave Start,,CAD,CAN,2021-07-02 09:00:00,CORE_HR
EVT00013062,2021-07-03,EMP00878,CC0037,EX,1,Departure,,CAD,CA,2021-07-03 09:00:00,PAYROLL
EVT00012773,2021-07-21,EMP03074,CC0075,PA,2,Step Increment,73212.89,CAD,CAN,2021-07-22 10:00:00,CORE_HR
EVT00011802,2021-07-26,EMP00807,CC0027,AS,1,Step Increment,54980.72,CAD,CAN,2021-07-26 21:00:00,CORE_HR
EVT00011801,2021-07-02,EMP02244,CC0115,AS,2,Leave Return,,CAD,CA,2021-07-03 09:00:00,PAYROLL
EVT00013263,2021-07-26,EMP03126,CC0074,EX,1,Step Increment,1533988.25,MXN,MX,2021-07-27 01:00:00,PAYROLL
EVT00012588,2021-07-08,EMP01929,CC0022,EN,2,Step Increment,85360.33,CAD,CAN,2021-07-09 13:00:00,CORE_HR
EVT00012053,2021-07-04,EMP01819,CC0096,PA,2,Step Increment,72838.27,CAD,CA,2021-07-04 15:00:00,PAYROLL
EVT00013613,2021-07-07,EMP01193,CC0054,CR,5,Departure,,AED,AE,2021-07-08 10:00:00,PAYROLL
EVT00011993,2021-07-08,EMP03794,CC0085,EX,1,Performance Pay,13582.83,CAD,CA,2021-07-08 12:00:00,PAYROLL
EVT00013379,2021-07-13,EMP04653,CC0103,PA,4,Performance Pay,10343.21,CAD,CAN,2021-07-14 13:00:00,CORE_HR
EVT00012437,2021-07-17,EMP00056,CC0025,EN,3,Leave Start,,CAD,CA,2021-07-17 23:00:00,PAYROLL
EVT00013322,2021-07-14,EMP01893,CC0005,FI,4,Promotion,96638.96,CAD,CAN,2021-07-14 18:00:00,CORE_HR
EVT00013371,2021-07-15,EMP03818,CC0076,IT,1,Leave Return,,CAD,CAN,2021-07-16 04:00:00,CORE_HR
EVT00012810,2021-07-12,EMP01245,CC0081,EX,1,Step Increment,134916.05,CAD,CAN,2021-07-12 16:00:00,CORE_HR
EVT00012648,2021-07-22,EMP02169,CC0027,EN,4,Step Increment,120861.2,CAD,CA,2021-07-22 10:00:00,PAYROLL
EVT00013633,2021-07-15,EMP04822,CC0007,PA,2,Departure,,BRL,BR,2021-07-16 13:00:00,PAYROLL
EVT00013691,2021-07-05,EMP03364,CC0016,IT,5,Performance Pay,7588.81,CAD,CAN,2021-07-05 19:00:00,CORE_HR
EVT00011920,2021-07-05,EMP00532,CC0116,EC,3,Step Increment,89261.49,CAD,CAN,2021-07-05 07:00:00,CORE_HR
EVT00012667,2021-07-08,EMP03483,CC0001,EX,3,Lateral Deployment,,CAD,CAN,2021-07-08 19:00:00,CORE_HR
EVT00012525,2021-07-26,EMP03078,CC0010,EC,1,Hire,79160.03,CAD,CAN,2021-07-27 00:00:00,CORE_HR
EVT00012993,2021-07-17,EMP03415,CC0046,IT,1,Departure,,GBP,GBR,2021-07-18 10:00:00,CORE_HR
EVT00013365,2021-07-18,EMP02284,CC0110,PA,3,Performance Pay,5491.06,CAD,CAN,2021-07-19 03:00:00,CORE_HR
EVT00012848,2021-07-04,EMP03239,CC0033,EN,1,Leave Start,,CAD,CAN,2021-07-04 12:00:00,CORE_HR
EVT00012899,2021-07-19,EMP02000,CC0112,PA,2,Step Increment,64733.03,CAD,CA,2021-07-20 09:00:00,PAYROLL
EVT00012694,2021-07-18,EMP02262,CC0100,FI,2,Leave Start,,CAD,CAN,2021-07-19 06:00:00,CORE_HR
EVT00013457,2021-07-27,EMP04561,CC0056,PA,4,Step Increment,79471.08,CAD,CAN,2021-07-28 15:00:00,CORE_HR
EVT00013154,2021-07-07,EMP04397,CC0002,IT,1,Step Increment,80432.0,CAD,CAN,2021-07-08 15:00:00,CORE_HR
