event_id,event_date,employee_id,cost_center_id,classification_group,classification_level,event_type,amount_local,local_currency,work_country_code,ingest_ts,source_system
EVT00061690,2023-07-23,EMP00197,CC0100,PA,1,Step Increment,61547.1,CAD,CAN,2023-07-24 02:00:00,CORE_HR
EVT00060021,2023-07-11,EMP03997,CC0050,IT,3,Leave Start,,CAD,CA,2023-07-12 02:00:00,PAYROLL
EVT00059869,2023-07-01,EMP03955,CC0091,EC,2,Promotion,84568.29,XXX,CAN,2023-07-01 08:00:00,CORE_HR
EVT00059931,2023-07-16,EMP04206,CC0110,PA,3,Performance Pay,4611.47,CAD,CA,2023-07-17 05:00:00,PAYROLL
EVT00061519,2023-07-01,EMP04647,CC0045,EX,2,Step Increment,151554.89,CAD,CAN,2023-07-02 05:00:00,CORE_HR
EVT00060032,2023-07-09,EMP01429,CC0080,EC,4,Lateral Deployment,,KES,KEN,2023-07-10 11:00:00,CORE_HR
EVT00061183,2023-07-24,EMP04078,CC0101,PA,1,Promotion,62271.91,CAD,CA,2023-07-24 13:00:00,PAYROLL
EVT00060603,2023-07-23,EMP02883,CC0082,EX,1,Leave Return,,CAD,CA,2023-07-23 20:00:00,PAYROLL
EVT00059905,2023-07-13,EMP05170,CC0096,CR,1,Lateral Deployment,,CAD,CA,2023-07-14 07:00:00,PAYROLL
EVT00060043,2023-07-02,EMP00609,CC0056,FI,3,Step Increment,105171.11,CAD,CA,2023-07-03 13:00:00,PAYROLL
EVT00061494,2023-07-17,EMP00446,CC0004,PA,5,Step Increment,103409.37,CAD,CA,2023-07-18 11:00:00,PAYROLL
EVT00061741,2023-07-18,EMP03760,CC0058,AS,1,Leave Start,,CAD,CAN,2023-07-19 03:00:00,CORE_HR
EVT00061301,2023-07-16,EMP03482,CC0046,EN,2,Departure,,BRL,BRA,2023-07-18 17:00:00,CORE_HR
EVT00060283,2023-07-23,EMP04141,CC0006,PA,3,Step Increment,78935.27,CAD,CA,2023-07-24 12:00:00,PAYROLL
EVT00060437,2023-07-11,EMP04694,CC0064,CR,4,Performance Pay,10084.02,CAD,CAN,2023-07-11 08:00:00,CORE_HR
EVT00060122,2023-07-05,EMP02480,CC0038,FI,2,Leave Start,,CAD,CAN,2023-07-05 09:00:00,CORE_HR
EVT00061467,2023-07-07,EMP00701,CC0068,CR,1,Lateral Deployment,,CAD,CA,2023-07-08 09:00:00,PAYROLL
EVT00061672,2023-07-12,EMP02304,CC0050,IT,1,Leave Return,,CAD,CAN,2023-07-13 00:00:00,CORE_HR
EVT00061658,2023-07-02,EMP04133,CC0003,PA,1,Lateral Deployment,,CAD,CAN,2023-07-02 19:00:00,CORE_HR
EVT00061110,2023-07-20,EMP03542,CC0100,PA,3,Step Increment,71795.5,CAD,CA,2023-07-20 06:00:00,PAYROLL
EVT00061726,2023-07-07,EMP05105,CC0080,PA,4,Hire,69690.97,EUR,DEU,2023-07-07 10:00:00,CORE_HR
EVT00061191,2023-07-21,EMP04345,CC0101,AS,1,Hire,53185.96,CAD,CAN,2023-07-22 00:00:00,CORE_HR
EVT00061523,2023-07-19,EMP03129,CC0071,AS,4,Lateral Deployment,,CAD,CAN,2023-07-19 13:00:00,CORE_HR
EVT00061143,2023-07-24,EMP04455,CC0001,IT,3,Performance Pay,6941.23,CAD,CAN,2023-07-24 09:00:00,CORE_HR
EVT00061792,2023-07-01,EMP01178,CC0060,AS,3,Step Increment,72784.82,CAD,CAN,2023-07-02 13:00:00,CORE_HR
EVT00060442,2023-07-04,EMP00024,CC0024,PA,1,Step Increment,64189.13,CAD,CAN,2023-07-04 08:00:00,CORE_HR
EVT00061779,2023-07-16,EMP02587,CC0092,FI,1,Step Increment,77729.15,CAD,CAN,2023-07-17 13:00:00,CORE_HR
EVT00060867,2023-07-12,EMP00465,CC0093,CR,5,Lateral Deployment,,CAD,CA,2023-07-12 09:00:00,PAYROLL
EVT00060259,2023-07-14,EMP00881,CC0002,PA,2,Step Increment,78437.82,CAD,CA,2023-07-14 12:00:00,PAYROLL
EVT00060909,2023-07-23,EMP02100,CC0071,IT,3,Hire,115706.72,CAD,CA,2023-07-23 19:00:00,PAYROLL
EVT00061678,2023-07-09,EMP02681,CC0079,FI,2,Leave Return,,CAD,CA,2023-07-10 11:00:00,PAYROLL
EVT00061239,2023-07-03,EMP03035,CC0086,EN,1,Step Increment,342640.01,BRL,BR,2023-07-03 07:00:00,PAYROLL
EVT00061731,2023-07-12,EMP03831,CC0111,FI,2,Leave Return,,INR,IND,2023-07-12 22:00:00,CORE_HR
EVT00060788,2023-07-06,EMP03930,CC0087,EN,1,Step Increment,93430.27,CAD,CAN,2023-07-07 15:00:00,CORE_HR
EVT00061687,2023-07-18,EMP02003,CC0114,EX,1,Performance Pay,6592.15,CAD,CAN,2023-07-18 08:00:00,CORE_HR
EVT00061095,2023-07-06,EMP03393,CC0081,EX,2,Leave Start,,CAD,CA,2023-07-07 02:00:00,PAYROLL
EVT00061509,2023-07-07,EMP02381,CC0080,FI,2,Performance Pay,511904.09,INR,IN,2023-07-08 03:00:00,PAYROLL
EVT00060427,2023-07-23,EMP01560,CC0004,EN,5,Hire,140573.03,CAD,CA,2023-07-24 05:00:00,PAYROLL
EVT00060569,2023-07-23,EMP03535,CC0049,PA,3,Step Increment,67616.88,SGD,SG,2023-07-24 08:00:00,PAYROLL
EVT00061334,2023-07-13,EMP02389,CC0061,PA,2,Step Increment,72871.71,CAD,CA,2023-07-14 11:00:00,PAYROLL
EVT00061127,2023-07-15,EMP03986,CC0078,PA,3,Performance Pay,4874.1,CAD,CA,2023-07-16 07:00:00,PAYROLL
EVT00060100,2023-07-09,EMP04512,CC0032,EC,5,Step Increment,100582.45,CAD,CAN,2023-07-09 12:00:00,CORE_HR
EVT00061195,2023-07-05,EMP02114,CC0080,PA,4,Step Increment,11309136.78,KES,KEN,2023-07-06 01:00:00,CORE_HR
EVT00061135,2023-07-14,EMP00394,CC0018,IT,3,Step Increment,114920.25,CAD,CA,2023-07-14 16:00:00,PAYROLL
EVT00059843,2023-07-12,EMP03034,CC0085,FI,1,Performance Pay,8378.45,CAD,CAN,2023-07-13 10:00:00,CORE_HR
EVT00061341,2023-07-04,EMP04528,CC0012,EC,2,Departure,,CAD,CAN,2023-07-04 19:00:00,CORE_HR
EVT00061308,2023-07-16,EMP00163,CC0091,EN,2,Hire,101780.02,CAD,CA,2023-07-17 05:00:00,PAYROLL
EVT00060472,2023-07-27,EMP04351,CC0056,AS,1,Step Increment,74344.68,CAD,CAN,2023-07-27 12:00:00,CORE_HR
EVT00060908,2023-07-03,EMP03512,CC0068,CR,4,Performance Pay,10157.16,CAD,CA,2023-07-03 18:00:00,PAYROLL
EVT00060296,2023-07-21,EMP00129,CC0023,IT,2,Promotion,101231.82,CAD,CA,2023-07-21 12:00:00,PAYROLL
EVT00061784,2023-07-26,EMP02849,CC0013,PA,2,Departure,,CAD,CA,2023-07-26 07:00:00,PAYROLL
EVT00060433,2023-07-25,EMP01228,CC0074,IT,4,Performance Pay,6571.03,GBP,GB,2023-07-26 05:00:00,PAYROLL
EVT00060447,2023-07-22,EMP04468,CC0107,PA,1,Performance Pay,5327.9,CAD,CAN,2023-07-23 11:00:00,CORE_HR
EVT00061420,2023-07-10,EMP01183,CC0081,PA,2,Step Increment,68814.44,CAD,CA,2023-07-11 10:00:00,PAYROLL
EVT00060927,2023-07-08,EMP00163,CC0091,EN,2,Performance Pay,13195.4,CAD,CAN,2023-07-09 12:00:00,CORE_HR
EVT00060813,2023-07-27,EMP02370,CC0059,IT,3,Lateral Deployment,,CAD,CA,2023-07-27 22:00:00,PAYROLL
EVT00060613,2023-07-21,EMP04416,CC0051,EC,2,Step Increment,91942.1,CAD,CAN,2023-07-21 11:00:00,CORE_HR
EVT00059938,2023-07-06,EMP03814,CC0049,CR,4,Performance Pay,7814.66,USD,USA,2023-07-07 04:00:00,CORE_HR
EVT00060589,2023-07-23,EMP04391,CC0118,PA,5,Promotion,111599.68,CAD,CAN,2023-07-24 07:00:00,CORE_HR
EVT00061411,2023-07-21,EMP00967,CC0040,EX,1,Step Increment,134459.43,CAD,CAN,2023-07-22 04:00:00,CORE_HR
EVT00060298,2023-07-24,EMP04937,CC0114,EC,2,Performance Pay,7785.99,CAD,CA,2023-07-25 12:00:00,PAYROLL
EVT00060574,2023-07-26,EMP02810,CC0062,CR,3,Promotion,63339.28,CAD,CAN,2023-07-27 13:00:00,CORE_HR
EVT00061471,2023-07-16,EMP00550,CC0025,EC,1,Hire,61852.62,CAD,CAN,2023-07-16 19:00:00,CORE_HR
EVT00061261,2023-07-01,EMP03884,CC0109,EX,2,Step Increment,148279.49,CAD,CA,2023-07-01 07:00:00,PAYROLL
EVT00060309,2023-07-20,EMP00045,CC0002,CR,2,Leave Return,,CAD,CAN,2023-07-20 20:00:00,CORE_HR
EVT00061539,2023-07-24,EMP02657,CC0003,FI,3,Performance Pay,11304.28,CAD,CA,2023-07-24 21:00:00,PAYROLL
EVT00060098,2023-07-11,EMP00681,CC0044,EX,2,Hire,158223.27,CAD,CA,2023-07-11 09:00:00,PAYROLL
EVT00061002,2023-07-12,EMP01049,CC0053,AS,4,Performance Pay,5089.88,CAD,CAN,2023-07-13 00:00:00,CORE_HR
EVT00061266,2023-07-16,EMP05157,CC0012,PA,2,Leave Start,,CAD,CA,2023-07-17 12:00:00,PAYROLL
EVT00061154,2023-07-18,EMP02766,CC0037,AS,4,Performance Pay,4595.29,CAD,CA,2023-07-19 06:00:00,PAYROLL
EVT00061050,2023-07-24,EMP01946,CC0080,PA,2,Performance Pay,12561.35,BRL,BR,2023-07-25 08:00:00,PAYROLL
EVT00061662,2023-07-15,EMP00472,CC0031,FI,2,Departure,,AED,ARE,2023-07-16 02:00:00,CORE_HR
EVT00060256,2023-07-07,EMP00493,CC0034,PA,5,Promotion,98027.87,CAD,CAN,2023-07-08 13:00:00,CORE_HR
EVT00061735,2023-07-22,EMP00539,CC0051,CR,1,Leave Return,,CAD,CAN,2023-07-22 12:00:00,CORE_HR
EVT00060521,2023-07-27,EMP01932,CC0116,IT,4,Step Increment,117484.83,CAD,CA,2023-07-27 19:00:00,PAYROLL
EVT00060359,2023-07-19,EMP03925,CC0074,CR,3,Performance Pay,61887.57,MXN,MEX,2023-07-20 09:00:00,CORE_HR
EVT00060562,2023-07-16,EMP00803,CC0068,EX,1,Leave Return,,CAD,CAN,2023-07-17 00:00:00,CORE_HR
EVT00061717,2023-07-21,EMP00260,CC0048,CR,5,Step Increment,71455.67,CAD,CA,2023-07-22 03:00:00,PAYROLL
EVT00059750,2023-07-05,EMP03107,CC0116,PA,1,Lateral Deployment,,CAD,CA,2023-07-05 08:00:00,PAYROLL
EVT00059981,2023-07-20,EMP03062,CC0070,CR,1,Leave Start,,CAD,CA,2023-07-21 11:00:00,PAYROLL
EVT00060907,2023-07-12,EMP03811,CC0043,AS,2,Performance Pay,5927.34,CAD,CAN,2023-07-12 08:00:00,CORE_HR
EVT00061185,2023-07-25,EMP01806,CC0035,EX,1,Performance Pay,16791.52,CAD,CAN,2023-07-25 13:00:00,CORE_HR
EVT00061510,2023-07-18,EMP00873,CC0058,FI,2,Hire,-86247.93,CAD,CA,2023-07-19 11:00:00,PAYROLL
EVT00061115,2023-07-15,EMP02839,CC0071,EX,2,Step Increment,173744.57,CAD,CAN,2023-07-15 10:00:00,CORE_HR
EVT00059737,2023-07-11,EMP03246,CC0037,IT,3,Leave Return,,CAD,CAN,2023-07-11 10:00:00,CORE_HR
EVT00061338,2023-07-01,EMP03947,CC0019,AS,5,Lateral Deployment,,CAD,CAN,2023-07-02 12:00:00,CORE_HR
EVT00061214,2023-07-10,EMP03891,CC0060,EX,1,Hire,137916.64,CAD,CAN,2023-07-10 15:00:00,CORE_HR
EVT00060692,2023-07-11,EMP01691,CC0107,FI,3,Performance Pay,10783.67,CAD,CAN,2023-07-12 00:00:00,CORE_HR
EVT00060465,2023-07-13,EMP01768,CC0006,EX,1,Leave Start,,CAD,CAN,2023-07-13 23:00:00,CORE_HR
EVT00059729,2023-07-22,EMP00677,CC0083,EC,2,Lateral Deployment,,CAD,CAN,2023-07-23 09:00:00,CORE_HR
EVT00060985,2023-07-06,EMP03608,CC0006,AS,2,Leave Start,,CAD,CAN,2023-07-06 23:00:00,CORE_HR
EVT00060046,2023-07-10,EMP03661,CC0005,EX,2,Leave Return,,CAD,CAN,2023-07-11 07:00:00,CORE_HR
EVT00060404,2023-07-27,EMP00987,CC0085,EC,1,Step Increment,69663.1,CAD,CAN,2023-07-27 14:00:00,CORE_HR
EVT00060651,2023-07-03,EMP03810,CC0038,FI,4,Step Increment,112620.45,CAD,CA,2023-07-03 12:00:00,PAYROLL
EVT00060349,2023-07-09,EMP01946,CC0080,PA,2,Performance Pay,4752.24,SGD,SG,2023-07-09 10:00:00,PAYROLL
EVT00060195,2023-07-10,EMP00853,CC0086,IT,2,Step Increment,300042.18,AED,AE,2023-07-10 18:00:00,PAYROLL
EVT00060329,2023-07-16,EMP04756,CC0076,AS,5,Leave Return,,CAD,CA,2023-07-16 10:00:00,PAYROLL
EVT00061209,2023-07-21,EMP04059,CC0118,FI,1,Step Increment,73673.4,CAD,CAN,2023-07-21 19:00:00,CORE_HR
EVT00059982,2023-07-17,EMP01507,CC0049,IT,4,Promotion,12196615.9,JPY,JPN,2023-07-18 03:00:00,CORE_HR
EVT00060508,2023-07-08,EMP05173,CC0101,EC,1,Departure,,CAD,CA,2023-07-09 07:00:00,PAYROLL
EVT00060390,2023-07-22,EMP01259,CC0112,IT,2,Leave Start,,CAD,CA,2023-07-23 05:00:00,PAYROLL
EVT00060244,2023-07-04,EMP01463,CC0071,EX,1,Step Increment,142205.58,CAD,CAN,2023-07-04 15:00:00,CORE_HR
EVT00060125,2023-07-24,EMP04246,CC0109,EC,3,Lateral Deployment,,CAD,CA,2023-07-24 16:00:00,PAYROLL
EVT00060374,2023-07-18,EMP01648,CC0029,EC,1,Step Increment,36637.22,GBP,GB,2023-07-19 11:00:00,PAYROLL
EVT00060389,2023-07-08,EMP02028,CC0076,AS,1,Step Increment,58005.52,CAD,CA,2023-07-11 00:00:00,PAYROLL
EVT00060648,2023-07-12,EMP01113,CC0082,AS,1,Lateral Deployment,,CAD,CA,2023-07-13 13:00:00,PAYROLL
EVT00061527,2023-07-11,EMP02882,CC0098,AS,4,Performance Pay,6580.3,CAD,CA,2023-07-12 02:00:00,PAYROLL
EVT00060500,2023-07-19,EMP02945,CC0027,IT,1,Hire,91093.14,CAD,CA,2023-07-19 21:00:00,PAYROLL
EVT00060668,2023-07-11,EMP02024,CC0107,PA,4,Lateral Deployment,,CAD,CAN,2023-07-12 15:00:00,CORE_HR
EVT00061312,2023-07-10,EMP00265,CC0085,EC,3,Hire,97046.62,CAD,CAN,2023-07-10 08:00:00,CORE_HR
EVT00061301,2023-07-16,EMP03482,CC0046,EN,2,Departure,,BRL,BRA,2023-07-17 06:00:00,CORE_HR
EVT00061583,2023-07-20,EMP02092,CC0087,IT,5,Hire,138772.65,CAD,CAN,2023-07-20 10:00:00,CORE_HR
EVT00061177,2023-07-25,EMP01547,CC0093,PA,3,Lateral Deployment,,CAD,CAN,2023-07-25 15:00:00,CORE_HR
EVT00059965,2023-07-08,EMP00482,CC0111,PA,1,Step Increment,6983810.43,KES,KEN,2023-07-08 20:00:00,CORE_HR
EVT00061619,2023-07-13,EMP01387,CC0072,AS,4,Performance Pay,7579.95,CAD,CA,2023-07-13 06:00:00,PAYROLL
EVT00061217,2023-07-12,EMP04157,CC0010,EX,2,Step Increment,132161.42,CAD,CAN,2023-07-12 08:00:00,CORE_HR
EVT00060129,2023-07-21,EMP02830,CC0109,PA,1,Step Increment,57767.35,CAD,CA,2023-07-21 10:00:00,PAYROLL
EVT00061385,2023-07-21,EMP05166,CC0011,FI,1,Step Increment,69187.58,CAD,CA,2023-07-22 15:00:00,PAYROLL
EVT00060570,2023-07-20,EMP03207,CC0116,CR,2,Performance Pay,6101.09,CAD,CAN,2023-07-20 22:00:00,CORE_HR
EVT00061501,2023-07-02,EMP04155,CC0022,IT,5,Performance Pay,10155.85,CAD,CAN,2023-07-02 15:00:00,CORE_HR
EVT00060470,2023-07-10,EMP00248,CC0032,EN,4,Performance Pay,5173.3,CAD,CA,2023-07-11 00:00:00,PAYROLL
EVT00060866,2023-07-03,EMP02555,CC0037,FI,1,Departure,,CAD,CAN,2023-07-03 19:00:00,CORE_HR
EVT00061547,2023-07-06,EMP02948,CC0018,AS,1,Departure,,CAD,CAN,2023-07-07 07:00:00,CORE_HR
EVT00059877,2023-07-09,EMP04601,CC0030,CR,4,Step Increment,51580.91,GBP,GBR,2023-07-09 20:00:00,CORE_HR
EVT00060339,2023-07-26,EMP01398,CC0019,FI,1,Lateral Deployment,,CAD,CA,2023-07-27 02:00:00,PAYROLL
EVT00060994,2023-07-03,EMP00765,CC0113,AS,1,Step Increment,53286.13,CAD,CAN,2023-07-03 22:00:00,CORE_HR
EVT00061664,2023-07-14,EMP00382,CC0067,FI,2,Departure,,CAD,CAN,2023-07-14 13:00:00,CORE_HR
EVT00060827,2023-07-10,EMP00624,CC0030,IT,2,Departure,,INR,IND,2023-07-11 06:00:00,CORE_HR
EVT00060025,2023-07-19,EMP02319,CC0048,PA,3,Promotion,82517.13,CAD,CA,2023-07-19 10:00:00,PAYROLL
EVT00061017,2023-07-12,EMP05185,CC0026,AS,2,Leave Start,,CAD,CAN,2023-07-12 22:00:00,CORE_HR
EVT00060061,2023-07-01,EMP03899,CC0011,PA,5,Leave Return,,CAD,CAN,2023-07-01 20:00:00,CORE_HR
EVT00061506,2023-07-23,EMP03163,CC0039,PA,4,Performance Pay,11689.05,CAD,CA,2023-07-24 12:00:00,PAYROLL
EVT00059774,2023-07-13,EMP02727,CC0104,PA,2,Step Increment,72193.88,CAD,CAN,2023-07-14 10:00:00,CORE_HR
EVT00060928,2023-07-04,EMP04883,CC0094,PA,1,Leave Start,,CAD,CAN,2023-07-05 01:00:00,CORE_HR
EVT00061518,2023-07-08,EMP04474,CC0039,EN,2,Step Increment,93774.07,CAD,CA,2023-07-09 05:00:00,PAYROLL
EVT00059795,2023-07-12,EMP01174,CC0036,FI,3,Hire,102110.22,CAD,CAN,2023-07-12 13:00:00,CORE_HR
EVT00061282,2023-07-07,EMP04182,CC0068,EN,5,Leave Return,,CAD,CAN,2023-07-08 12:00:00,CORE_HR
EVT00060699,2023-07-26,EMP01806,CC0035,EX,1,Step Increment,149160.83,CAD,CAN,2023-07-26 12:00:00,CORE_HR
EVT00060247,2023-07-24,EMP02368,CC0084,EN,3,Lateral Deployment,,CAD,CA,2023-07-24 10:00:00,PAYROLL
EVT00061170,2023-07-09,EMP02798,CC0006,PA,2,Departure,,CAD,CAN,2023-07-09 11:00:00,CORE_HR
EVT00060494,2023-07-03,EMP04250,CC0104,AS,2,Step Increment,60686.19,CAD,CA,2023-07-04 07:00:00,PAYROLL
EVT00061737,2023-07-02,EMP01273,CC0113,AS,4,Step Increment,89147.44,CAD,CAN,2023-07-02 09:00:00,CORE_HR
EVT00060828,2023-07-20,EMP02482,CC0021,EC,3,Leave Return,,CAD,CAN,2023-07-21 09:00:00,CORE_HR
EVT00061646,2023-07-23,EMP01014,CC0076,CR,4,Departure,,CAD,CA,2023-07-23 22:00:00,PAYROLL
EVT00059994,2023-07-05,EMP04433,CC0063,FI,1,Performance Pay,3052.58,CAD,CA,2023-07-06 00:00:00,PAYROLL
EVT00060448,2023-07-25,EMP00466,CC0114,IT,2,Step Increment,100658.66,CAD,CAN,2023-07-25 22:00:00,CORE_HR
EVT00060162,2023-07-05,EMP01372,CC0052,IT,2,Performance Pay,12565.04,CAD,CA,2023-07-06 12:00:00,PAYROLL
EVT00060793,2023-07-20,EMP01524,CC0018,FI,2,Leave Return,,CAD,CAN,2023-07-21 02:00:00,CORE_HR
EVT00061516,2023-07-12,EMP00840,CC0099,CR,2,Leave Start,,CAD,CA,2023-07-12 21:00:00,PAYROLL
EVT00060790,2023-07-08,EMP03464,CC0030,EN,4,Performance Pay,1431675.14,KES,KE,2023-07-08 20:00:00,PAYROLL
EVT00060950,2023-07-04,EMP02777,CC0006,FI,4,Step Increment,85267.74,CAD,CA,2023-07-05 04:00:00,PAYROLL
EVT00061005,2023-07-20,EMP03892,CC0116,PA,1,Leave Return,,CAD,CA,2023-07-20 21:00:00,PAYROLL
EVT00061564,2023-07-16,EMP02032,CC0089,EC,3,Leave Return,,CAD,CA,2023-07-16 07:00:00,PAYROLL
EVT00060983,2023-07-19,EMP02631,CC0102,PA,1,Leave Return,,CAD,CA,2023-07-19 20:00:00,PAYROLL
EVT00060756,2023-07-09,EMP04078,CC0101,PA,1,Leave Return,,CAD,CAN,2023-07-09 07:00:00,CORE_HR
EVT00061451,2023-07-03,EMP02122,CC0013,AS,4,Step Increment,79407.67,CAD,CAN,2023-07-04 08:00:00,CORE_HR
EVT00060905,2023-07-13,EMP00774,CC0012,CR,5,Step Increment,79128.56,CAD,CAN,2023-07-13 07:00:00,CORE_HR
EVT00061490,2023-07-11,EMP02752,CC0036,PA,3,Performance Pay,4951.41,CAD,CAN,2023-07-11 13:00:00,CORE_HR
EVT00061101,2023-07-09,EMP03623,CC0094,PA,3,Step Increment,86224.48,CAD,CA,2023-07-09 15:00:00,PAYROLL
EVT00059747,2023-07-09,EMP03356,CC0076,EC,3,Performance Pay,6544.78,CAD,CA,2023-07-09 17:00:00,PAYROLL
EVT00060083,2023-07-27,EMP02564,CC0094,IT,1,Step Increment,86543.59,CAD,CAN,2023-07-28 08:00:00,CORE_HR
EVT00061541,2023-07-10,EMP04140,CC0079,PA,3,Leave Start,,CAD,CA,2023-07-11 14:00:00,PAYROLL
EVT00060418,2023-07-16,EMP03790,CC0031,PA,4,Step Increment,73120.6,EUR,FRA,2023-07-16 22:00:00,CORE_HR
EVT00061354,2023-07-07,EMP00191,CC0095,AS,3,Step Increment,87217.34,CAD,CAN,2023-07-08 01:00:00,CORE_HR
EVT00059883,2023-07-18,EMP02617,CC0017,IT,2,Step Increment,103607.47,CAD,CAN,2023-07-18 13:00:00,CORE_HR
EVT00059925,2023-07-01,EMP01998,CC0081,EX,1,Leave Return,,CAD,CAN,2023-07-01 14:00:00,CORE_HR
EVT00060364,2023-07-04,EMP03583,CC0011,FI,3,Step Increment,91820.66,CAD,CA,2023-07-04 18:00:00,PAYROLL
EVT00061151,2023-07-23,EMP03383,CC0034,AS,4,Step Increment,80391.14,CAD,CA,2023-07-23 16:00:00,PAYROLL
EVT00061212,2023-07-05,EMP00265,CC0085,EC,3,Performance Pay,7276.83,CAD,CA,2023-07-06 06:00:00,PAYROLL
EVT00060169,2023-07-22,EMP02008,CC0089,PA,4,Hire,115810.28,CAD,CAN,2023-07-22 07:00:00,CORE_HR
EVT00060148,2023-07-09,EMP05068,CC0065,IT,1,Hire,117984.96,AUD,AUS,2023-07-10 13:00:00,CORE_HR
EVT00060178,2023-07-08,EMP03936,CC0033,FI,4,Performance Pay,13419.34,CAD,CAN,2023-07-09 00:00:00,CORE_HR
EVT00061696,2023-07-09,EMP01191,CC0031,EC,1,Leave Start,,AUD,AUS,2023-07-10 11:00:00,CORE_HR
EVT00061252,2023-07-26,EMP02918,CC0069,PA,3,Hire,69994.62,CAD,CAN,2023-07-27 05:00:00,CORE_HR
EVT00059837,2023-07-11,EMP04052,CC0025,IT,2,Leave Start,,CAD,CA,2023-07-11 16:00:00,PAYROLL
EVT00060736,2023-07-21,EMP03571,CC0038,EX,3,Step Increment,167313.3,CAD,CA,2023-07-22 14:00:00,PAYROLL
EVT00060596,2023-07-12,EMP03937,CC0048,PA,3,Step Increment,76385.66,CAD,CA,2023-07-13 03:00:00,PAYROLL
EVT00061037,2023-07-10,EMP00285,CC0046,EN,3,Leave Start,,AUD,AUS,2023-07-11 07:00:00,CORE_HR
EVT00060460,2023-07-03,EMP02579,CC0029,EN,2,Departure,,SGD,SGP,2023-07-03 06:00:00,CORE_HR
EVT00061581,2023-07-09,EMP01812,CC0015,PA,1,Step Increment,61769.09,CAD,CAN,2023-07-09 14:00:00,CORE_HR
EVT00061178,2023-07-12,EMP02385,CC0056,EN,2,Step Increment,101435.45,CAD,CAN,2023-07-12 14:00:00,CORE_HR
EVT00059881,2023-07-14,EMP02368,CC0084,EN,3,Step Increment,104048.12,CAD,CA,2023-07-15 01:00:00,PAYROLL
EVT00061358,2023-07-12,EMP02252,CC0077,EN,4,Step Increment,92016.58,CAD,CA,2023-07-13 06:00:00,PAYROLL
EVT00060424,2023-07-06,EMP02060,CC0026,EN,5,Performance Pay,17470.43,CAD,CAN,2023-07-06 16:00:00,CORE_HR
EVT00061060,2023-07-03,EMP02023,CC0018,CR,2,Step Increment,68375.54,CAD,CAN,2023-07-03 10:00:00,CORE_HR
EVT00061582,2023-07-22,EMP03320,CC0048,EN,3,Leave Start,,CAD,CAN,2023-07-22 19:00:00,CORE_HR
EVT00060708,2023-07-24,EMP02277,CC0098,FI,3,Hire,73306.57,CAD,CAN,2023-07-25 07:00:00,CORE_HR
EVT00060627,2023-07-07,EMP00238,CC0106,EC,2,Lateral Deployment,,CAD,CA,2023-07-08 08:00:00,PAYROLL
EVT00061258,2023-07-22,EMP01549,CC0020,AS,5,Leave Return,,CAD,CA,2023-07-22 20:00:00,PAYROLL
EVT00060740,2023-07-20,EMP01049,CC0053,AS,4,Step Increment,74866.45,CAD,CA,2023-07-21 01:00:00,PAYROLL
EVT00061624,2023-07-10,EMP04182,CC0068,EN,5,Step Increment,129071.47,CAD,CAN,2023-07-10 23:00:00,CORE_HR
EVT00060541,1900-01-01,EMP02491,CC0088,IT,2,Lateral Deployment,,AUD,AU,2023-07-04 11:00:00,PAYROLL
EVT00060514,2023-07-16,EMP04230,CC0050,PA,4,Leave Start,,CAD,CAN,2023-07-16 21:00:00,CORE_HR
EVT00059989,2023-07-27,EMP00698,CC0109,PA,3,Step Increment,86464.86,CAD,CAN,2023-07-28 13:00:00,CORE_HR
EVT00060535,2023-07-20,EMP03550,CC0022,CR,2,Departure,,CAD,CAN,2023-07-21 05:00:00,CORE_HR
EVT00060056,2023-07-10,EMP02717,CC0056,EN,4,Leave Start,,CAD,CAN,2023-07-11 03:00:00,CORE_HR
EVT00061235,2023-07-13,EMP02290,CC0099,AS,2,Step Increment,68862.77,CAD,CAN,2023-07-13 17:00:00,CORE_HR
EVT00059943,2023-07-17,EMP04185,CC0020,AS,3,Step Increment,72593.67,CAD,CAN,2023-07-18 12:00:00,CORE_HR
EVT00060542,2023-07-18,EMP04217,CC0103,CR,5,Departure,,CAD,CAN,2023-07-19 15:00:00,CORE_HR
EVT00059819,2023-07-21,EMP04001,CC0048,PA,2,Lateral Deployment,,CAD,CA,2023-07-21 07:00:00,PAYROLL
EVT00060914,2023-07-10,EMP02700,CC0085,EC,1,Departure,,CAD,CAN,2023-07-10 10:00:00,CORE_HR
EVT00061401,2023-07-05,EMP02723,CC0022,AS,4,Leave Return,,CAD,CA,2023-07-06 04:00:00,PAYROLL
EVT00060873,2023-07-22,EMP02424,CC0059,EN,1,Performance Pay,5198.59,CAD,CAN,2023-07-23 01:00:00,CORE_HR
EVT00060140,2023-07-07,EMP01547,CC0093,PA,3,Hire,81831.78,CAD,CAN,2023-07-07 17:00:00,CORE_HR
EVT00060800,2023-07-06,EMP04202,CC0110,EC,2,Step Increment,83972.42,CAD,CA,2023-07-07 04:00:00,PAYROLL
EVT00061507,2023-07-02,EMP03405,CC0049,AS,4,Performance Pay,8303.92,AUD,AUS,2023-07-02 08:00:00,CORE_HR
EVT00061796,2023-07-02,EMP02570,CC0101,PA,4,Leave Start,,CAD,CAN,2023-07-03 00:00:00,CORE_HR
EVT00061560,2023-07-12,EMP04220,CC0090,FI,2,Leave Start,,XXX,CAN,2023-07-13 04:00:00,CORE_HR
EVT00061098,2023-07-05,EMP03618,CC0084,EX,1,Step Increment,135247.65,CAD,CA,2023-07-06 11:00:00,PAYROLL
EVT00059912,2023-07-09,EMP02548,CC0117,AS,4,Hire,74810.2,CAD,CAN,2023-07-09 09:00:00,CORE_HR
EVT00061613,2023-07-13,EMP04949,CC0074,EC,3,Leave Return,,MXN,MX,2023-07-14 15:00:00,PAYROLL
EVT00061424,2023-07-06,EMP03294,CC0055,EN,4,Step Increment,155745.55,CAD,CA,2023-07-06 06:00:00,PAYROLL
EVT00061256,2023-07-12,EMP02564,CC0094,IT,1,Step Increment,89045.78,CAD,CA,2023-07-12 08:00:00,PAYROLL
EVT00060168,2023-07-22,EMP03665,CC0114,PA,2,Step Increment,73653.74,CAD,CA,2023-07-22 10:00:00,PAYROLL
EVT00061069,2023-07-24,EMP02336,CC0005,AS,1,Step Increment,47585.86,CAD,CAN,2023-07-24 19:00:00,CORE_HR
EVT00061158,2023-07-11,EMP01627,CC0064,EC,2,Leave Start,,CAD,CAN,2023-07-12 07:00:00,CORE_HR
EVT00061148,2023-07-10,EMP00679,CC0029,FI,1,Performance Pay,960504.05,KES,KEN,2023-07-13 23:00:00,CORE_HR
EVT00060079,2023-07-21,EMP02245,CC0049,PA,5,Promotion,152054.69,AUD,AUS,2023-07-22 10:00:00,CORE_HR
EVT00060126,2023-07-19,EMP03400,CC0022,PA,3,Leave Start,,CAD,CA,2023-07-20 09:00:00,PAYROLL
EVT00060483,2023-07-26,EMP02029,CC0103,IT,1,Performance Pay,7525.99,CAD,CAN,2023-07-26 20:00:00,CORE_HR
EVT00061363,2023-07-12,EMP02250,CC0066,AS,2,Step Increment,61884.22,CAD,CA,2023-07-12 08:00:00,PAYROLL
EVT00061618,2023-07-16,EMP04698,CC0005,PA,1,Step Increment,63731.46,CAD,CA,2023-07-16 15:00:00,PAYROLL
EVT00061368,2023-07-19,EMP03047,CC0036,EC,2,Step Increment,86823.23,CAD,CAN,2023-07-20 14:00:00,CORE_HR
EVT00061223,2023-07-27,EMP04571,CC0063,PA,1,Leave Return,,CAD,CAN,2023-07-27 19:00:00,CORE_HR
EVT00059838,2023-07-16,EMP04978,CC0062,IT,3,Step Increment,108305.27,CAD,CA,2023-07-17 02:00:00,PAYROLL
EVT00059839,2023-07-03,EMP04801,CC0119,IT,1,Step Increment,80641.87,CAD,CA,2023-07-04 08:00:00,PAYROLL
EVT00061459,2023-07-04,EMP03853,CC0048,PA,1,Performance Pay,3090.37,CAD,CA,2023-07-05 21:00:00,PAYROLL
EVT00060901,2023-07-23,EMP01878,CC0074,CR,2,Departure,,AED,ARE,2023-07-24 13:00:00,CORE_HR
EVT00060945,2023-07-27,EMP04326,CC0079,PA,1,Performance Pay,6439.19,CAD,CAN,2023-07-27 12:00:00,CORE_HR
EVT00059841,2023-07-08,EMP04777,CC0056,CR,3,Leave Start,,CAD,CAN,2023-07-09 23:00:00,CORE_HR
EVT00060544,2023-07-02,EMP00961,CC0024,IT,2,Step Increment,82361.26,CAD,CAN,2023-07-03 07:00:00,CORE_HR
EVT00061086,2023-07-04,EMP01319,CC0109,EX,1,Hire,138611.52,CAD,CA,2023-07-05 14:00:00,PAYROLL
EVT00060469,2023-07-13,EMP03884,CC0109,EX,2,Step Increment,134830.67,CAD,CA,2023-07-13 12:00:00,PAYROLL
EVT00059904,2023-07-08,EMP04595,CC0094,IT,4,Leave Return,,CAD,CA,2023-07-08 11:00:00,PAYROLL
EVT00061205,2023-07-21,EMP00670,CC0049,IT,4,Departure,,EUR,DEU,2023-07-22 15:00:00,CORE_HR
EVT00060237,2023-07-09,EMP00069,CC0099,AS,1,Performance Pay,6246.74,CAD,CA,2023-07-10 04:00:00,PAYROLL
EVT00061585,2023-07-19,EMP01898,CC0028,CR,2,Step Increment,56824.41,CAD,CAN,2023-07-19 17:00:00,CORE_HR
EVT00060895,2023-07-02,EMP03174,CC0064,AS,4,Lateral Deployment,,CAD,CA,2023-07-02 23:00:00,PAYROLL
EVT00061074,2023-07-21,EMP01061,CC0033,EX,1,Leave Start,,CAD,CA,2023-07-22 21:00:00,PAYROLL
EVT00060765,2023-07-15,EMP04789,CC0023,EX,3,Leave Start,,CAD,CAN,2023-07-15 20:00:00,CORE_HR
EVT00060547,2023-07-06,EMP04791,CC0053,IT,3,Step Increment,100488.46,CAD,CA,2023-07-06 15:00:00,PAYROLL
EVT00060965,2023-07-17,EMP05032,CC0059,CR,2,Step Increment,63012.99,CAD,CAN,2023-07-20 11:00:00,CORE_HR
EVT00060065,2023-07-09,EMP04180,CC0022,IT,5,Departure,,CAD,CA,2023-07-10 06:00:00,PAYROLL
EVT00061681,2023-07-17,EMP03741,CC0083,PA,3,Departure,,CAD,CAN,2023-07-17 17:00:00,CORE_HR
EVT00060932,2023-07-20,EMP03663,CC0074,FI,1,Departure,,SGD,SGP,2023-07-21 02:00:00,CORE_HR
EVT00060875,2023-07-13,EMP00139,CC0056,CR,3,Leave Start,,CAD,CAN,2023-07-14 03:00:00,CORE_HR
EVT00059862,2023-07-15,EMP01277,CC0017,PA,3,Promotion,89991.34,CAD,CAN,2023-07-15 17:00:00,CORE_HR
EVT00061369,2023-07-01,EMP04033,CC0098,EN,2,Leave Start,,CAD,CAN,2023-07-02 11:00:00,CORE_HR
EVT00060714,2023-07-12,EMP00439,CC0037,IT,5,Hire,144384.89,CAD,CAN,2023-07-12 16:00:00,CORE_HR
EVT00059998,2023-07-23,EMP01901,CC0099,AS,2,Performance Pay,8410.04,CAD,CAN,2023-07-24 02:00:00,CORE_HR
EVT00060706,2023-07-19,EMP04385,CC0111,AS,1,Step Increment,33275.8,GBP,GBR,2023-07-19 13:00:00,CORE_HR
EVT00061450,2023-07-22,EMP05044,CC0044,IT,2,Step Increment,80523.18,CAD,CA,2023-07-23 08:00:00,PAYROLL
EVT00059820,2023-07-20,EMP04884,CC0108,EN,3,Performance Pay,498738.95,INR,IN,2023-07-20 12:00:00,PAYROLL
EVT00061747,2023-07-17,EMP02641,CC0089,AS,1,Performance Pay,6699.56,CAD,CAN,2023-07-18 11:00:00,CORE_HR
EVT00060155,2023-07-01,EMP01017,CC0104,PA,4,Step Increment,117557.44,CAD,CAN,2023-07-01 09:00:00,CORE_HR
EVT00060889,2023-07-04,EMP04565,CC0086,CR,1,Step Increment,3368271.59,INR,IND,2023-07-04 20:00:00,CORE_HR
EVT00060198,2023-07-25,EMP03604,CC0062,PA,4,Hire,94248.84,CAD,CAN,2023-07-26 09:00:00,CORE_HR
EVT00059933,2023-07-14,EMP05011,CC0029,CR,1,Step Increment,44150.83,EUR,FRA,2023-07-14 06:00:00,CORE_HR
EVT00061721,2023-07-17,EMP04443,CC0083,FI,3,Departure,,CAD,CA,2023-07-20 11:00:00,PAYROLL
EVT00061342,2023-07-16,EMP05154,CC0041,AS,1,Step Increment,61917.91,CAD,CAN,2023-07-16 18:00:00,CORE_HR
EVT00061785,2023-07-02,EMP02725,CC0116,PA,2,Step Increment,63640.38,CAD,CA,2023-07-03 03:00:00,PAYROLL
EVT00060361,2023-07-10,EMP01171,CC0068,CR,1,Hire,50672.05,CAD,CA,2023-07-11 02:00:00,PAYROLL
EVT00061758,2023-07-14,EMP01415,CC0035,EX,2,Performance Pay,9796.21,CAD,CA,2023-07-14 21:00:00,PAYROLL
EVT00061372,2023-07-02,EMP04103,CC0030,EX,3,Step Increment,111183.66,GBP,GB,2023-07-02 19:00:00,PAYROLL
EVT00060620,2023-07-22,EMP02778,CC0020,AS,3,Step Increment,77433.19,CAD,CA,2023-07-23 13:00:00,PAYROLL
EVT00059757,2023-07-02,EMP04146,CC0060,PA,3,Step Increment,89108.17,CAD,CAN,2023-07-02 23:00:00,CORE_HR
EVT00060591,2023-07-10,EMP02207,CC0090,IT,1,Step Increment,90550.16,CAD,CAN,2023-07-11 15:00:00,CORE_HR
EVT00060419,2023-07-04,EMP00285,CC0046,EN,3,Performance Pay,8317.73,EUR,FR,2023-07-05 08:00:00,PAYROLL
EVT00060899,2023-07-03,EMP00514,CC0031,IT,1,Leave Return,,USD,USA,2023-07-03 21:00:00,CORE_HR
EVT00060381,2023-07-12,EMP03693,CC0048,FI,2,Performance Pay,5026.85,CAD,CAN,2023-07-12 16:00:00,CORE_HR
EVT00061661,2023-07-19,EMP00030,CC0114,EX,1,Lateral Deployment,,CAD,CA,2023-07-20 01:00:00,PAYROLL
EVT00059773,2023-07-23,EMP05079,CC0115,EN,1,Promotion,81909.81,CAD,CAN,2023-07-24 13:00:00,CORE_HR
EVT00060415,2023-07-22,EMP01851,CC0120,EX,2,Leave Return,,CAD,CAN,2023-07-23 07:00:00,CORE_HR
EVT00061689,2023-07-08,EMP02557,CC0026,EX,2,Lateral Deployment,,CAD,CAN,2023-07-09 05:00:00,CORE_HR
EVT00060558,2023-07-24,EMP00165,CC0101,EN,3,Step Increment,116933.49,CAD,CAN,2023-07-24 23:00:00,CORE_HR
EVT00060386,2023-07-14,EMP04418,CC0073,AS,4,Step Increment,82434.96,CAD,CA,2023-07-14 21:00:00,PAYROLL
EVT00060672,2023-07-09,EMP05127,CC0023,FI,4,Leave Start,,CAD,CA,2023-07-10 11:00:00,PAYROLL
EVT00059956,2023-07-16,EMP02862,CC0030,PA,3,Hire,249991.42,AED,ARE,2023-07-16 17:00:00,CORE_HR
EVT00059876,2023-07-08,EMP01068,CC0063,IT,2,Lateral Deployment,,CAD,CAN,2023-07-09 15:00:00,CORE_HR
EVT00061302,2023-07-20,EMP04176,CC0001,IT,2,Hire,100259.48,CAD,CA,2023-07-21 02:00:00,PAYROLL
EVT00061657,2023-07-19,EMP00220,CC0085,PA,2,Promotion,72400.34,CAD,CAN,2023-07-20 12:00:00,CORE_HR
EVT00060311,2023-07-27,EMP00451,CC0047,FI,2,Lateral Deployment,,CAD,CA,2023-07-28 04:00:00,PAYROLL
EVT00061356,2023-07-14,EMP00656,CC0003,PA,3,Step Increment,90178.77,CAD,CA,2023-07-15 15:00:00,PAYROLL
EVT00060105,2023-07-05,EMP05002,CC0115,PA,3,Leave Start,,CAD,CA,2023-07-06 14:00:00,PAYROLL
EVT00060920,2023-07-21,EMP00298,CC0113,EX,1,Leave Return,,CAD,CA,2023-07-21 13:00:00,PAYROLL
EVT00060001,2023-07-12,EMP00806,CC0014,PA,4,Leave Return,,CAD,CAN,2023-07-12 21:00:00,CORE_HR
EVT00059778,2023-07-09,EMP00812,CC0026,AS,3,Leave Return,,CAD,CAN,2023-07-09 16:00:00,CORE_HR
EVT00059955,2023-07-27,EMP03218,CC0090,AS,1,Step Increment,49984.08,CAD,CAN,2023-07-28 03:00:00,CORE_HR
EVT00061315,2023-07-19,EMP01645,CC0004,PA,4,Step Increment,89883.84,CAD,CAN,2023-07-19 06:00:00,CORE_HR
EVT00060607,2023-07-06,EMP04740,CC0028,AS,2,Leave Return,,CAD,CA,2023-07-07 08:00:00,PAYROLL
EVT00061623,2023-07-14,EMP04190,CC0009,CR,2,Promotion,49280.49,EUR,DEU,2023-07-15 03:00:00,CORE_HR
EVT00059959,2023-07-09,EMP00697,CC0041,FI,4,Step Increment,92976.85,CAD,CA,2023-07-10 05:00:00,PAYROLL
EVT00060976,2023-07-22,EMP01462,CC0068,PA,1,Leave Start,,CAD,CAN,2023-07-23 06:00:00,CORE_HR
EVT00060662,2023-07-18,EMP02711,CC0116,IT,1,Step Increment,83649.69,CAD,CAN,2023-07-19 12:00:00,CORE_HR
EVT00061324,2023-07-22,EMP03306,CC0053,FI,1,Step Increment,79315.32,CAD,CA,2023-07-23 07:00:00,PAYROLL
EVT00059945,2023-07-13,EMP02816,CC0081,FI,3,Promotion,94366.38,CAD,CAN,2023-07-13 07:00:00,CORE_HR
EVT00059861,2023-07-12,EMP01700,CC0076,FI,1,Departure,,CAD,CA,2023-07-12 17:00:00,PAYROLL
EVT00060084,2023-07-08,EMP04442,CC0094,IT,5,Step Increment,125841.38,CAD,CA,2023-07-09 12:00:00,PAYROLL
EVT00060156,2023-07-13,EMP00623,CC0045,IT,2,Leave Start,,CAD,CAN,2023-07-13 13:00:00,CORE_HR
EVT00059960,2023-07-12,EMP04581,CC0020,PA,3,Promotion,79483.23,CAD,CA,2023-07-12 09:00:00,PAYROLL
EVT00061030,2023-07-27,EMP04152,CC0004,FI,4,Leave Return,,CAD,CA,2023-07-27 17:00:00,PAYROLL
EVT00060707,2023-07-02,EMP05021,CC0063,EX,1,Leave Return,,CAD,CAN,2023-07-02 21:00:00,CORE_HR
EVT00061486,2023-07-06,EMP02005,CC0044,IT,3,Performance Pay,13398.81,CAD,CAN,2023-07-06 17:00:00,CORE_HR
EVT00061031,2023-07-09,EMP02828,CC0017,EN,2,Leave Return,,CAD,CA,2023-07-10 04:00:00,PAYROLL
EVT00059784,2023-07-06,EMP04007,CC0027,IT,3,Hire,105797.59,CAD,CAN,2023-07-07 04:00:00,CORE_HR
EVT00060742,2023-07-08,EMP02400,CC0069,EX,1,Hire,151437.76,CAD,CA,2023-07-08 22:00:00,PAYROLL
EVT00060965,2023-07-17,EMP05032,CC0059,CR,2,Step Increment,63012.99,CAD,CAN,2023-07-18 05:00:00,CORE_HR
EVT00061146,2023-07-27,EMP05034,CC0078,AS,2,Performance Pay,7015.89,CAD,CA,2023-07-27 08:00:00,PAYROLL
EVT00060048,2023-07-22,EMP00933,CC0053,PA,2,Leave Return,,CAD,CAN,2023-07-24 12:00:00,CORE_HR
EVT00060115,2023-07-22,EMP01509,CC0004,EX,3,Leave Return,,CAD,CAN,2023-07-23 03:00:00,CORE_HR
EVT00060772,2023-07-05,EMP02652,CC0031,IT,3,Leave Start,,AED,AE,2023-07-06 09:00:00,PAYROLL
EVT00061746,2023-07-12,EMP01165,CC0074,IT,5,Step Increment,190195.0,AUD,AUS,2023-07-13 06:00:00,CORE_HR
EVT00060958,2023-07-03,EMP03619,CC0073,EX,1,Performance Pay,12344.74,CAD,CAN,2023-07-04 06:00:00,CORE_HR
EVT00061591,2023-07-18,EMP00360,CC0003,AS,3,Leave Return,,CAD,CAN,2023-07-19 13:00:00,CORE_HR
EVT00060136,2023-07-04,EMP00781,CC0036,EN,4,Leave Start,,CAD,CAN,2023-07-04 22:00:00,CORE_HR
EVT00060572,2023-07-19,EMP02851,CC0098,AS,2,Step Increment,62354.2,CAD,CA,2023-07-20 02:00:00,PAYROLL
EVT00060271,2023-07-09,EMP04509,CC0002,PA,3,Promotion,88780.72,CAD,CA,2023-07-09 07:00:00,PAYROLL
EVT00059777,2023-07-25,EMP03713,CC0120,PA,5,Step Increment,96677.15,CAD,CAN,2023-07-26 10:00:00,CORE_HR
EVT00060606,2023-07-03,EMP99999,CC0069,AS,5,Hire,95886.64,CAD,CA,2023-07-03 10:00:00,PAYROLL
EVT00060222,2023-07-20,EMP01325,CC0092,IT,2,Step Increment,76922.77,CAD,CAN,2023-07-20 21:00:00,CORE_HR
EVT00061402,2023-07-25,EMP01170,CC0088,PA,5,Step Increment,64730.11,USD,USA,2023-07-26 11:00:00,CORE_HR
EVT00060811,2023-07-10,EMP03047,CC0036,EC,2,Promotion,72178.76,CAD,CAN,2023-07-10 06:00:00,CORE_HR
EVT00060373,2023-07-25,EMP04150,CC0032,IT,1,Performance Pay,8619.39,CAD,CAN,2023-07-25 09:00:00,CORE_HR
EVT00060717,2023-07-26,EMP04051,CC0024,CR,3,Hire,65166.96,CAD,CA,2023-07-26 11:00:00,PAYROLL
EVT00060171,2023-07-19,EMP00647,CC0061,PA,2,Step Increment,66783.31,CAD,CA,2023-07-20 04:00:00,PAYROLL
EVT00061641,2023-07-24,EMP01165,CC0074,IT,5,Leave Start,,MXN,MX,2023-07-24 19:00:00,PAYROLL
EVT00060096,2023-07-22,EMP02404,CC0069,EX,3,Leave Start,,CAD,CA,2023-07-22 23:00:00,PAYROLL
EVT00059885,2023-07-04,EMP04278,CC0039,FI,2,Hire,83875.82,CAD,CAN,2023-07-05 09:00:00,CORE_HR
EVT00060634,2023-07-03,EMP02499,CC0039,AS,3,Departure,,CAD,CAN,2023-07-03 21:00:00,CORE_HR
EVT00061740,2023-07-02,EMP03878,CC0041,PA,3,Promotion,80877.53,CAD,CA,2023-07-03 10:00:00,PAYROLL
EVT00059775,2023-07-25,EMP01148,CC0103,EX,2,Leave Return,,CAD,CAN,2023-07-27 02:00:00,CORE_HR
EVT00059735,2023-07-13,EMP05189,CC0018,EX,2,Step Increment,168255.43,CAD,CA,2023-07-14 10:00:00,PAYROLL
EVT00060646,2023-07-05,EMP03336,CC0027,AS,1,Lateral Deployment,,CAD,CAN,2023-07-05 09:00:00,CORE_HR
EVT00060241,2023-07-17,EMP03411,CC0099,EC,5,Departure,,CAD,CAN,2023-07-17 08:00:00,CORE_HR
EVT00061034,2023-07-21,EMP02562,CC0097,IT,3,Departure,,CAD,CA,2023-07-22 10:00:00,PAYROLL
EVT00059818,2023-07-14,EMP01904,CC0016,EX,1,Leave Start,,CAD,CAN,2023-07-14 23:00:00,CORE_HR
EVT00061219,2023-07-03,EMP00052,CC0068,EN,3,Leave Start,,CAD,CAN,2023-07-03 09:00:00,CORE_HR
EVT00060890,2023-07-26,EMP02060,CC0026,EN,5,Leave Start,,CAD,CAN,2023-07-26 12:00:00,CORE_HR
EVT00059827,2023-07-12,EMP01484,CC0065,EX,1,Performance Pay,6557.95,EUR,DE,2023-07-12 08:00:00,PAYROLL
EVT00060897,2023-07-21,EMP01700,CC0076,FI,1,Leave Start,,CAD,CA,2023-07-22 02:00:00,PAYROLL
EVT00060806,2023-07-22,EMP00342,CC0020,CR,4,Leave Start,,CAD,CAN,2023-07-22 18:00:00,CORE_HR
EVT00061699,2023-07-07,EMP03509,CC0055,IT,3,Departure,,CAD,CAN,2023-07-07 21:00:00,CORE_HR
EVT00061345,2023-07-18,EMP03235,CC0087,EC,3,Step Increment,99563.41,CAD,CAN,2023-07-18 06:00:00,CORE_HR
EVT00060703,2023-07-09,EMP02378,CC0044,FI,1,Lateral Deployment,,CAD,CAN,2023-07-09 09:00:00,CORE_HR
EVT00061569,2023-07-19,EMP03739,CC0032,EN,3,Performance Pay,11848.63,CAD,CAN,2023-07-20 11:00:00,CORE_HR
EVT00060193,2023-07-14,EMP02230,CC0046,EX,2,Step Increment,18771138.01,KES,KEN,2023-07-15 14:00:00,CORE_HR
EVT00060581,2023-07-07,EMP04901,CC0062,PA,1,Departure,,CAD,CA,2023-07-07 19:00:00,PAYROLL
EVT00059745,2023-07-20,EMP04591,CC0099,EX,1,Step Increment,136661.8,CAD,CAN,2023-07-20 18:00:00,CORE_HR
EVT00060396,2023-07-27,EMP00744,CC0109,AS,5,Leave Start,,CAD,CAN,2023-07-28 03:00:00,CORE_HR
EVT00060738,2023-07-22,EMP00432,CC0027,EX,1,Step Increment,131286.16,CAD,CA,2023-07-23 08:00:00,PAYROLL
EVT00059902,2023-07-15,EMP01388,CC0053,PA,3,Promotion,91179.41,CAD,CA,2023-07-15 19:00:00,PAYROLL
EVT00060413,2023-07-25,EMP03421,CC0083,IT,1,Step Increment,91571.4,CAD,CAN,2023-07-25 16:00:00,CORE_HR
EVT00061162,2023-07-24,EMP00704,CC0058,EN,2,Lateral Deployment,,CAD,CA,2023-07-25 12:00:00,PAYROLL
EVT00061790,2023-07-02,EMP02889,CC0067,FI,4,Step Increment,94620.07,CAD,CAN,2023-07-02 19:00:00,CORE_HR
EVT00060786,2023-07-11,EMP01361,CC0061,IT,2,Leave Start,,CAD,CA,2023-07-12 09:00:00,PAYROLL
EVT00061007,2023-07-02,EMP03578,CC0048,EC,3,Departure,,CAD,CA,2023-07-03 12:00:00,PAYROLL
EVT00059880,2023-07-01,EMP02601,CC0021,EC,4,Departure,,CAD,CAN,2023-07-02 07:00:00,CORE_HR
EVT00059937,2023-07-01,EMP02546,CC0061,CR,5,Performance Pay,11049.87,CAD,CA,2023-07-02 15:00:00,PAYROLL
EVT00061500,2023-07-15,EMP04461,CC0003,FI,2,Step Increment,91381.17,CAD,CAN,2023-07-16 15:00:00,CORE_HR
EVT00061473,2023-07-17,EMP01036,CC0042,AS,3,Leave Start,,CAD,CA,2023-07-17 12:00:00,PAYROLL
EVT00061181,2023-07-07,EMP03411,CC0099,EC,5,Step Increment,117642.43,CAD,CA,2023-07-08 05:00:00,PAYROLL
EVT00060380,2023-07-05,EMP04051,CC0024,CR,3,Lateral Deployment,,CAD,CAN,2023-07-06 14:00:00,CORE_HR
EVT00060722,2023-07-22,EMP02418,CC0037,CR,1,Performance Pay,6765.46,CAD,CA,2023-07-22 17:00:00,PAYROLL
EVT00061228,2023-07-15,EMP00104,CC0087,FI,3,Leave Return,,CAD,CA,2023-07-15 13:00:00,PAYROLL
EVT00059851,2023-07-05,EMP04806,CC0068,CR,5,Step Increment,80342.56,CAD,CAN,2023-07-06 06:00:00,CORE_HR
EVT00059842,2023-07-02,EMP01881,CC0117,IT,1,Step Increment,82553.4,CAD,CAN,2023-07-03 04:00:00,CORE_HR
EVT00061719,2023-07-14,EMP04043,CC0039,PA,1,Hire,57732.68,CAD,CA,2023-07-15 05:00:00,PAYROLL
EVT00060753,2023-07-20,EMP04009,CC0035,EX,1,Step Increment,125643.38,CAD,CA,2023-07-21 04:00:00,PAYROLL
EVT00059760,2023-07-08,EMP00772,CC0035,FI,3,Step Increment,97513.82,CAD,CA,2023-07-08 16:00:00,PAYROLL
EVT00060503,2023-07-15,EMP00239,CC0097,PA,2,Departure,,CAD,CA,2023-07-16 03:00:00,PAYROLL
EVT00059974,2023-07-07,EMP04318,CC0072,EC,4,Leave Return,,CAD,CA,2023-07-08 08:00:00,PAYROLL
EVT00060042,2023-07-20,EMP02438,CC0056,PA,4,Hire,96497.55,CAD,CAN,2023-07-20 19:00:00,CORE_HR
EVT00060546,2023-07-24,EMP99999,CC0075,EC,1,Step Increment,81366.27,CAD,CA,2023-07-25 11:00:00,PAYROLL
EVT00061072,2023-07-09,EMP01933,CC0100,CR,2,Step Increment,65645.42,CAD,CAN,2023-07-10 03:00:00,CORE_HR
EVT00061167,2023-07-13,EMP03524,CC0096,AS,1,Step Increment,61969.82,CAD,CAN,2023-07-13 06:00:00,CORE_HR
EVT00061426,2023-07-27,EMP03382,CC0065,FI,3,Step Increment,5443072.7,INR,IN,2023-07-28 06:00:00,PAYROLL
EVT00060729,2023-07-11,EMP02496,CC0088,AS,5,Leave Return,,EUR,DEU,2023-07-11 19:00:00,CORE_HR
EVT00060781,2023-07-27,EMP02042,CC0015,EN,2,Leave Start,,CAD,CAN,2023-07-28 04:00:00,CORE_HR
EVT00061764,2023-07-21,EMP02719,CC0114,EX,1,Leave Start,,CAD,CAN,2023-07-22 15:00:00,CORE_HR
EVT00059916,2023-07-23,EMP01114,CC0005,IT,3,Step Increment,93470.24,CAD,CAN,2023-07-23 23:00:00,CORE_HR
EVT00060768,2023-07-07,EMP00178,CC0112,EC,2,Step Increment,83525.47,CAD,CA,2023-07-07 14:00:00,PAYROLL
EVT00060493,2023-07-18,EMP04451,CC0023,PA,1,Lateral Deployment,,CAD,CA,2023-07-19 15:00:00,PAYROLL
EVT00060776,2023-07-13,EMP02895,CC0086,CR,3,Step Increment,50344.24,EUR,FRA,2023-07-13 06:00:00,CORE_HR
EVT00060051,2023-07-07,EMP00985,CC0070,IT,1,Performance Pay,8194.53,CAD,CAN,2023-07-07 12:00:00,CORE_HR
EVT00060933,2023-07-01,EMP02647,CC0086,EC,2,Departure,,MXN,MEX,2023-07-01 18:00:00,CORE_HR
EVT00060624,2023-07-06,EMP02990,CC0022,PA,3,Leave Start,,CAD,CAN,2023-07-06 22:00:00,CORE_HR
EVT00059854,2023-07-10,EMP03955,CC0091,EC,2,Step Increment,83048.7,CAD,CAN,2023-07-10 21:00:00,CORE_HR
EVT00059947,2023-07-16,EMP02041,CC0035,EC,4,Step Increment,121679.69,CAD,CAN,2023-07-16 10:00:00,CORE_HR
EVT00060256,2023-07-07,EMP00493,CC0034,PA,5,Promotion,98027.87,CAD,CAN,2023-07-09 02:00:00,CORE_HR
EVT00061206,2023-07-02,EMP00865,CC0055,EN,2,Leave Return,,CAD,CA,2023-07-03 01:00:00,PAYROLL
EVT00060346,2023-07-27,EMP05027,CC0106,PA,1,Performance Pay,5423.6,CAD,CAN,2023-07-27 12:00:00,CORE_HR
EVT00060537,2023-07-15,EMP03489,CC0032,FI,2,Step Increment,81300.74,CAD,CAN,2023-07-15 22:00:00,CORE_HR
EVT00061454,2023-07-07,EMP00989,CC0056,EN,4,Promotion,94471.13,CAD,CA,2023-07-07 14:00:00,PAYROLL
EVT00059946,2023-07-12,EMP02178,CC0056,PA,1,Step Increment,64456.81,CAD,CAN,2023-07-13 13:00:00,CORE_HR
EVT00060378,2023-07-02,EMP05146,CC0015,CR,4,Step Increment,73736.66,CAD,CAN,2023-07-03 08:00:00,CORE_HR
EVT00061457,2023-07-12,EMP02364,CC0005,EX,1,Step Increment,142335.21,CAD,CAN,2023-07-13 14:00:00,CORE_HR
EVT00060619,2023-07-24,EMP00125,CC0112,IT,1,Performance Pay,8451.12,CAD,CAN,2023-07-25 10:00:00,CORE_HR
EVT00061533,2023-07-23,EMP03098,CC0015,IT,2,Leave Return,,CAD,CA,2023-07-24 14:00:00,PAYROLL
EVT00060585,2023-07-26,EMP04493,CC0089,FI,1,Step Increment,68380.92,CAD,CAN,2023-07-27 11:00:00,CORE_HR
EVT00060486,2023-07-21,EMP02035,CC0062,PA,4,Performance Pay,12392.22,CAD,CAN,2023-07-21 19:00:00,CORE_HR
EVT00060097,2023-07-13,EMP01508,CC0110,PA,3,Performance Pay,5873.48,CAD,CAN,2023-07-13 16:00:00,CORE_HR
EVT00061497,2023-07-13,EMP01372,CC0052,IT,2,Step Increment,87720.53,CAD,CAN,2023-07-13 11:00:00,CORE_HR
EVT00061688,2023-07-18,EMP02897,CC0114,AS,1,Leave Start,,CAD,CA,2023-07-18 23:00:00,PAYROLL
EVT00060459,2023-07-26,EMP00645,CC0076,FI,2,Leave Return,,CAD,CA,2023-07-26 15:00:00,PAYROLL
EVT00060293,2023-07-23,EMP03396,CC0030,FI,4,Step Increment,10722953.74,JPY,JPN,2023-07-24 10:00:00,CORE_HR
EVT00061232,2023-07-05,EMP01084,CC0066,IT,3,Performance Pay,6012.05,CAD,CAN,2023-07-05 14:00:00,CORE_HR
EVT00060027,2023-07-16,EMP04135,CC0029,EC,3,Step Increment,6227381.08,INR,IND,2023-07-16 15:00:00,CORE_HR
EVT00061245,2023-07-18,EMP02253,CC0073,IT,4,Leave Start,,CAD,CAN,2023-07-18 23:00:00,CORE_HR
EVT00060317,2023-07-23,EMP04535,CC0017,PA,2,Step Increment,78115.55,CAD,CAN,2023-07-24 04:00:00,CORE_HR
EVT00061340,2023-07-06,EMP02158,CC0014,PA,5,Step Increment,93510.26,CAD,CAN,2023-07-07 07:00:00,CORE_HR
EVT00060031,2023-07-25,EMP00509,CC0032,IT,3,Performance Pay,5510.1,CAD,CAN,2023-07-26 09:00:00,CORE_HR
EVT00060106,2023-07-13,EMP00037,CC0038,PA,1,Step Increment,50053.94,CAD,CAN,2023-07-14 10:00:00,CORE_HR
EVT00060319,2023-07-24,EMP02552,CC0109,EC,4,Leave Return,,CAD,CAN,2023-07-24 23:00:00,CORE_HR
EVT00061683,2023-07-20,EMP00181,CC0021,CR,3,Performance Pay,4350.11,CAD,CA,2023-07-20 12:00:00,PAYROLL
EVT00060263,2023-07-02,EMP04007,CC0027,IT,3,Departure,,CAD,CA,2023-07-02 14:00:00,PAYROLL
EVT00060166,2023-07-08,EMP00771,CC0115,EX,2,Step Increment,157161.0,CAD,CAN,2023-07-09 04:00:00,CORE_HR
EVT00061605,2023-07-06,EMP05159,CC0115,IT,3,Leave Start,,CAD,CAN,2023-07-06 20:00:00,CORE_HR
EVT00061216,2023-07-11,EMP02766,CC0037,AS,4,Promotion,78218.06,CAD,CAN,2023-07-11 22:00:00,CORE_HR
EVT00060325,2023-07-13,EMP01705,CC0018,PA,3,Leave Start,,CAD,CAN,2023-07-13 15:00:00,CORE_HR
EVT00060206,2023-07-21,EMP02771,CC0031,CR,5,Lateral Deployment,,AED,ARE,2023-07-21 08:00:00,CORE_HR
EVT00061033,2023-07-15,EMP00512,CC0026,PA,2,Performance Pay,9334.74,CAD,CAN,2023-07-16 07:00:00,CORE_HR
EVT00060368,2023-07-10,EMP01458,CC0078,EX,1,Hire,145772.44,CAD,CAN,2023-07-11 13:00:00,CORE_HR
EVT00061639,2023-07-09,EMP00256,CC0088,IT,1,Leave Start,,INR,IND,2023-07-09 12:00:00,CORE_HR
EVT00060949,2023-07-24,EMP02363,CC0020,FI,1,Step Increment,82026.3,CAD,CA,2023-07-25 05:00:00,PAYROLL
EVT00059744,2023-07-25,EMP00441,CC0020,EX,3,Leave Return,,CAD,CAN,2023-07-26 12:00:00,CORE_HR
EVT00060137,2023-07-04,EMP02330,CC0044,EN,4,Leave Return,,CAD,CAN,2023-07-04 20:00:00,CORE_HR
EVT00061116,2023-07-25,EMP00081,CC0094,AS,2,Performance Pay,6931.58,CAD,CAN,2023-07-26 10:00:00,CORE_HR
EVT00060314,2023-07-01,EMP04420,CC0083,IT,4,Hire,115118.58,CAD,CAN,2023-07-01 23:00:00,CORE_HR
EVT00059965,2023-07-08,EMP00482,CC0111,PA,1,Step Increment,6983810.43,KES,KEN,2023-07-10 11:00:00,CORE_HR
EVT00060959,2023-07-12,EMP02078,CC0048,IT,3,Leave Return,,CAD,CAN,2023-07-13 06:00:00,CORE_HR
EVT00061527,2023-07-11,EMP02882,CC0098,AS,4,Performance Pay,6580.3,CAD,CA,2023-07-14 03:00:00,PAYROLL
EVT00061448,2023-07-05,EMP02288,CC0035,IT,4,Performance Pay,10104.8,CAD,CAN,2023-07-05 21:00:00,CORE_HR
EVT00059850,2023-07-23,EMP04121,CC0106,EC,4,Step Increment,122777.6,CAD,CA,2023-07-24 08:00:00,PAYROLL
EVT00060669,2023-07-17,EMP04631,CC0083,AS,4,Step Increment,84977.27,CAD,CAN,2023-07-18 15:00:00,CORE_HR
EVT00060142,2023-07-15,EMP03513,CC0084,EN,3,Leave Return,,CAD,CA,2023-07-16 10:00:00,PAYROLL
EVT00061141,2023-07-26,EMP03933,CC0029,AS,4,Step Increment,58887.91,USD,US,2023-07-26 18:00:00,PAYROLL
EVT00059942,2023-07-24,EMP04851,CC0082,EX,2,Leave Return,,CAD,CAN,2023-07-25 02:00:00,CORE_HR
EVT00061249,2023-07-21,EMP00778,CC0057,PA,1,Lateral Deployment,,CAD,CAN,2023-07-22 09:00:00,CORE_HR
EVT00061753,2023-07-21,EMP01371,CC0041,EN,3,Step Increment,106724.3,CAD,CA,2023-07-21 23:00:00,PAYROLL
EVT00061786,2023-07-27,EMP02138,CC0016,PA,3,Step Increment,78657.01,CAD,CA,2023-07-28 00:00:00,PAYROLL
EVT00059863,2023-07-16,EMP04391,CC0118,PA,5,Leave Start,,CAD,CAN,2023-07-16 08:00:00,CORE_HR
EVT00060107,2023-07-12,EMP00386,CC0014,EX,2,Leave Return,,CAD,CAN,2023-07-12 16:00:00,CORE_HR
EVT00060770,2023-07-19,EMP05071,CC0076,PA,1,Step Increment,79806.95,CAD,CA,2023-07-19 19:00:00,PAYROLL
EVT00061299,2023-07-01,EMP01624,CC0110,FI,2,Step Increment,68415.24,CAD,CAN,2023-07-01 09:00:00,CORE_HR
EVT00060431,2023-07-17,EMP02621,CC0118,AS,5,Step Increment,96957.43,CAD,CA,2023-07-18 03:00:00,PAYROLL
EVT00060202,2023-07-01,EMP03265,CC0073,IT,4,Leave Return,,CAD,CA,2023-07-01 06:00:00,PAYROLL
EVT00060112,2023-07-26,EMP03490,CC0026,FI,1,Step Increment,74255.04,CAD,CAN,2023-07-26 13:00:00,CORE_HR
EVT00060092,1900-01-01,EMP02181,CC0052,PA,3,Leave Return,,CAD,CAN,2023-07-11 06:00:00,CORE_HR
EVT00061413,2023-07-04,EMP03674,CC0035,IT,2,Step Increment,78363.4,CAD,CAN,2023-07-05 05:00:00,CORE_HR
EVT00060257,2023-07-11,EMP03019,CC0080,PA,2,Performance Pay,105732.38,MXN,MX,2023-07-12 11:00:00,PAYROLL
EVT00061461,2023-07-06,EMP02253,CC0073,IT,4,Step Increment,131916.14,CAD,CAN,2023-07-06 14:00:00,CORE_HR
EVT00060677,2023-07-26,EMP03962,CC0029,AS,4,Leave Return,,GBP,GB,2023-07-26 12:00:00,PAYROLL
EVT00060080,2023-07-11,EMP02828,CC0017,EN,2,Leave Start,,CAD,CA,2023-07-11 11:00:00,PAYROLL
EVT00060003,2023-07-16,EMP02939,CC0094,CR,5,Leave Start,,CAD,CAN,2023-07-17 10:00:00,CORE_HR
EVT00061298,2023-07-04,EMP05025,CC0083,EC,1,Step Increment,57997.08,CAD,CA,2023-07-04 07:00:00,PAYROLL
EVT00061536,2023-07-17,EMP04766,CC0056,FI,2,Hire,91582.32,CAD,CAN,2023-07-17 10:00:00,CORE_HR
EVT00059864,2023-07-11,EMP00116,CC0015,IT,5,Step Increment,134121.19,CAD,CA,2023-07-11 06:00:00,PAYROLL
EVT00060639,2023-07-07,EMP04092,CC0092,EN,3,Step Increment,107738.8,CAD,CAN,2023-07-07 17:00:00,CORE_HR
EVT00060641,2023-07-25,EMP01826,CC0064,IT,1,Leave Return,,CAD,CAN,2023-07-25 08:00:00,CORE_HR
EVT00060711,2023-07-21,EMP01145,CC0094,EC,1,Performance Pay,9587.16,CAD,CA,2023-07-22 13:00:00,PAYROLL
EVT00059792,2023-07-23,EMP05080,CC0074,FI,1,Step Increment,6912180.35,JPY,JP,2023-07-24 15:00:00,PAYROLL
EVT00060862,2023-07-13,EMP03911,CC0067,PA,2,Step Increment,71486.92,CAD,CAN,2023-07-14 12:00:00,CORE_HR
EVT00060302,2023-07-26,EMP02432,CC0034,IT,3,Step Increment,113878.91,CAD,CAN,2023-07-26 13:00:00,CORE_HR
EVT00061192,2023-07-08,EMP02520,CC0107,IT,2,Step Increment,93949.88,CAD,CAN,2023-07-09 15:00:00,CORE_HR
EVT00060322,2023-07-10,EMP03973,CC0025,EX,3,Step Increment,142921.86,CAD,CAN,2023-07-11 04:00:00,CORE_HR
EVT00060509,2023-07-09,EMP03206,CC0090,PA,1,Leave Return,,CAD,CAN,2023-07-10 02:00:00,CORE_HR
EVT00061062,2023-07-27,EMP04603,CC0070,IT,2,Lateral Deployment,,CAD,CAN,2023-07-28 04:00:00,CORE_HR
EVT00060700,2023-07-12,EMP01513,CC0111,AS,1,Step Increment,170024.84,AED,ARE,2023-07-12 08:00:00,CORE_HR
EVT00059780,2023-07-23,EMP02086,CC0058,PA,1,Performance Pay,5236.95,CAD,CA,2023-07-24 01:00:00,PAYROLL
EVT00060731,2023-07-27,EMP03805,CC0024,PA,1,Leave Return,,CAD,CA,2023-07-28 10:00:00,PAYROLL
EVT00061783,2023-07-18,EMP01858,CC0116,EN,3,Leave Start,,CAD,CAN,2023-07-19 12:00:00,CORE_HR
EVT00060911,2023-07-27,EMP05009,CC0038,CR,1,Performance Pay,7329.5,CAD,CAN,2023-07-27 06:00:00,CORE_HR
EVT00060644,2023-07-09,EMP04239,CC0048,EC,2,Step Increment,93654.28,CAD,CA,2023-07-09 22:00:00,PAYROLL
EVT00061562,2023-07-22,EMP01184,CC0041,EX,1,Leave Return,,CAD,CAN,2023-07-22 21:00:00,CORE_HR
EVT00060997,2023-07-13,EMP02041,CC0035,EC,4,Performance Pay,6638.13,CAD,CAN,2023-07-13 16:00:00,CORE_HR
EVT00061722,2023-07-25,EMP02318,CC0043,AS,4,Step Increment,85419.85,CAD,CA,2023-07-25 09:00:00,PAYROLL
EVT00060397,2023-07-11,EMP04825,CC0061,CR,1,Step Increment,51200.86,CAD,CA,2023-07-11 11:00:00,PAYROLL
EVT00060229,2023-07-10,EMP01559,CC0071,AS,3,Leave Return,,CAD,CAN,2023-07-10 11:00:00,CORE_HR
EVT00061025,2023-07-19,EMP04430,CC0087,EN,4,Leave Start,,CAD,CAN,2023-07-19 22:00:00,CORE_HR
EVT00061184,2023-07-13,EMP02974,CC0075,EX,3,Step Increment,206540.15,CAD,CAN,2023-07-13 10:00:00,CORE_HR
EVT00060375,2023-07-17,EMP03653,CC0035,PA,1,Departure,,CAD,CA,2023-07-18 04:00:00,PAYROLL
EVT00061703,2023-07-23,EMP00385,CC0095,PA,2,Step Increment,58480.41,CAD,CAN,2023-07-24 06:00:00,CORE_HR
EVT00060593,2023-07-25,EMP01748,CC0095,IT,3,Leave Return,,CAD,CA,2023-07-26 02:00:00,PAYROLL
EVT00060007,2023-07-12,EMP02396,CC0057,CR,2,Promotion,63001.91,CAD,CA,2023-07-12 22:00:00,PAYROLL
EVT00061496,2023-07-21,EMP01895,CC0082,FI,2,Hire,83619.65,CAD,CAN,2023-07-22 13:00:00,CORE_HR
EVT00061024,2023-07-03,EMP03706,CC0050,EX,1,Step Increment,130271.47,CAD,CAN,2023-07-04 09:00:00,CORE_HR
EVT00060764,2023-07-23,EMP05121,CC0032,IT,4,Performance Pay,11627.34,CAD,CA,2023-07-24 12:00:00,PAYROLL
EVT00061508,2023-07-07,EMP05168,CC0008,EC,1,Performance Pay,7094.85,CAD,CAN,2023-07-08 11:00:00,CORE_HR
EVT00061580,2023-07-06,EMP01834,CC0054,PA,4,Step Increment,8860516.93,JPY,JP,2023-07-06 22:00:00,PAYROLL
EVT00060599,2023-07-08,EMP01087,CC0114,EC,2,Step Increment,107436.81,CAD,CA,2023-07-09 13:00:00,PAYROLL
EVT00060656,2023-07-24,EMP04921,CC0045,PA,3,Departure,,CAD,CA,2023-07-25 09:00:00,PAYROLL
EVT00061778,2023-07-11,EMP02960,CC0072,AS,1,Step Increment,55246.23,CAD,CAN,2023-07-11 09:00:00,CORE_HR
EVT00061701,2023-07-08,EMP03354,CC0013,FI,1,Leave Start,,CAD,CAN,2023-07-11 07:00:00,CORE_HR
EVT00061675,2023-07-26,EMP00801,CC0023,FI,1,Lateral Deployment,,CAD,CAN,2023-07-26 14:00:00,CORE_HR
EVT00061055,2023-07-06,EMP03538,CC0099,PA,2,Departure,,CAD,CAN,2023-07-06 14:00:00,CORE_HR
EVT00060860,2023-07-27,EMP04481,CC0103,AS,1,Step Increment,73499.78,CAD,CA,2023-07-28 10:00:00,PAYROLL
EVT00060102,2023-07-02,EMP03271,CC0011,PA,3,Performance Pay,3548.06,CAD,CAN,2023-07-02 10:00:00,CORE_HR
EVT00060094,2023-07-01,EMP03396,CC0030,FI,4,Promotion,13481347.89,KES,KEN,2023-07-02 02:00:00,CORE_HR
EVT00059898,2023-07-01,EMP04564,CC0016,IT,2,Step Increment,90402.56,CAD,CA,2023-07-01 22:00:00,PAYROLL
EVT00060232,2023-07-11,EMP03832,CC0045,PA,1,Departure,,CAD,CAN,2023-07-11 23:00:00,CORE_HR
EVT00060081,2023-07-19,EMP01489,CC0035,PA,2,Step Increment,76774.93,CAD,CAN,2023-07-20 06:00:00,CORE_HR
EVT00060441,2023-07-16,EMP03462,CC0097,PA,4,Step Increment,69379.65,CAD,CAN,2023-07-16 08:00:00,CORE_HR
EVT00061727,2023-07-04,EMP03636,CC0076,IT,4,Departure,,CAD,CA,2023-07-04 16:00:00,PAYROLL
EVT00061465,2023-07-21,EMP01365,CC0086,EX,1,Departure,,BRL,BR,2023-07-22 09:00:00,PAYROLL
EVT00059722,2023-07-13,EMP04308,CC0099,CR,5,Hire,71692.02,CAD,CAN,2023-07-14 07:00:00,CORE_HR
EVT00060111,2023-07-26,EMP02723,CC0022,AS,4,Step Increment,60602.38,CAD,CA,2023-07-26 08:00:00,PAYROLL
EVT00060482,2023-07-25,EMP04896,CC0113,AS,1,Hire,59839.49,CAD,CA,2023-07-29 04:00:00,PAYROLL
EVT00060543,2023-07-10,EMP04120,CC0040,AS,3,Step Increment,79592.1,CAD,CA,2023-07-10 07:00:00,PAYROLL
EVT00061651,2023-07-25,EMP05089,CC0016,PA,1,Step Increment,48570.33,CAD,CAN,2023-07-26 10:00:00,CORE_HR
EVT00061706,2023-07-27,EMP04997,CC0033,FI,3,Departure,,CAD,CAN,2023-07-28 04:00:00,CORE_HR
EVT00060233,2023-07-01,EMP05192,CC0032,PA,3,Hire,81423.41,CAD,CAN,2023-07-02 05:00:00,CORE_HR
EVT00060948,2023-07-01,EMP02515,CC0103,EN,1,Leave Start,,CAD,CA,2023-07-01 20:00:00,PAYROLL
EVT00059891,2023-07-23,EMP01365,CC0086,EX,1,Performance Pay,15204.52,SGD,SG,2023-07-23 07:00:00,PAYROLL
EVT00060565,2023-07-16,EMP03713,CC0120,PA,5,Leave Start,,CAD,CA,2023-07-16 17:00:00,PAYROLL
EVT00060385,2023-07-14,EMP03780,CC0104,EC,2,Step Increment,85794.81,CAD,CAN,2023-07-15 04:00:00,CORE_HR
EVT00059918,2023-07-13,EMP01732,CC0072,EC,3,Promotion,101695.74,CAD,CA,2023-07-14 02:00:00,PAYROLL
EVT00060387,2023-07-26,EMP03379,CC0055,PA,1,Hire,62014.91,CAD,CAN,2023-07-27 06:00:00,CORE_HR
EVT00061344,2023-07-08,EMP03793,CC0049,IT,5,Step Increment,384674.95,AED,ARE,2023-07-08 20:00:00,CORE_HR
EVT00060308,2023-07-05,EMP03384,CC0040,AS,2,Promotion,67420.73,CAD,CA,2023-07-06 10:00:00,PAYROLL
EVT00061542,2023-07-18,EMP02553,CC0038,PA,1,Step Increment,76641.22,CAD,CA,2023-07-19 04:00:00,PAYROLL
EVT00059896,2023-07-05,EMP03478,CC0001,PA,3,Leave Start,,CAD,CAN,2023-07-05 08:00:00,CORE_HR
EVT00061244,2023-07-17,EMP02703,CC0051,PA,1,Hire,61148.49,CAD,CAN,2023-07-17 14:00:00,CORE_HR
EVT00060615,2023-07-08,EMP04236,CC0080,IT,2,Performance Pay,14595.77,AED,ARE,2023-07-09 09:00:00,CORE_HR
EVT00059940,2023-07-18,EMP02578,CC0004,PA,5,Step Increment,95835.67,CAD,CAN,2023-07-19 14:00:00,CORE_HR
EVT00061352,2023-07-09,EMP03795,CC0080,IT,2,Lateral Deployment,,EUR,FRA,2023-07-10 14:00:00,CORE_HR
EVT00060841,2023-07-14,EMP04956,CC0062,FI,5,Step Increment,109819.4,CAD,CAN,2023-07-15 03:00:00,CORE_HR
EVT00060883,2023-07-21,EMP02935,CC0051,EC,2,Lateral Deployment,,CAD,CA,2023-07-21 08:00:00,PAYROLL
EVT00061000,2023-07-15,EMP02355,CC0090,FI,3,Step Increment,97892.16,XXX,CAN,2023-07-15 14:00:00,CORE_HR
EVT00059840,2023-07-07,EMP04037,CC0060,EN,2,Promotion,107432.59,CAD,CAN,2023-07-07 18:00:00,CORE_HR
EVT00059821,2023-07-02,EMP01042,CC0015,EX,1,Leave Return,,CAD,CA,2023-07-03 12:00:00,PAYROLL
EVT00061029,2023-07-08,EMP04175,CC0050,PA,3,Leave Return,,CAD,CAN,2023-07-09 06:00:00,CORE_HR
EVT00061199,2023-07-17,EMP00111,CC0089,AS,4,Step Increment,77045.45,CAD,CAN,2023-07-18 15:00:00,CORE_HR
EVT00060403,2023-07-21,EMP00404,CC0101,CR,2,Step Increment,53980.79,CAD,CAN,2023-07-22 11:00:00,CORE_HR
EVT00059801,2023-07-15,EMP04777,CC0056,CR,3,Step Increment,60129.95,CAD,CAN,2023-07-16 12:00:00,CORE_HR
EVT00060513,2023-07-08,EMP04917,CC0091,IT,4,Performance Pay,13317.41,CAD,CA,2023-07-08 10:00:00,PAYROLL
EVT00059878,2023-07-09,EMP00405,CC0033,PA,3,Leave Start,,CAD,CA,2023-07-09 18:00:00,PAYROLL
EVT00060809,2023-07-25,EMP02972,CC0002,EC,5,Leave Return,,CAD,CA,2023-07-26 13:00:00,PAYROLL
EVT00059936,1900-01-01,EMP00020,CC0067,FI,5,Leave Start,,CAD,CAN,2023-07-24 12:00:00,CORE_HR
EVT00060282,2023-07-16,EMP04854,CC0106,EC,5,Hire,120228.93,CAD,CAN,2023-07-16 20:00:00,CORE_HR
EVT00061628,2023-07-17,EMP04805,CC0098,EX,2,Leave Start,,CAD,CA,2023-07-17 20:00:00,PAYROLL
EVT00061234,2023-07-02,EMP02943,CC0107,IT,2,Leave Start,,CAD,CAN,2023-07-03 02:00:00,CORE_HR
EVT00060407,2023-07-19,EMP01738,CC0082,PA,2,Step Increment,73009.67,CAD,CA,2023-07-19 18:00:00,PAYROLL
EVT00061103,2023-07-06,EMP02416,CC0059,FI,3,Leave Start,,CAD,CAN,2023-07-06 21:00:00,CORE_HR
EVT00061700,2023-07-14,EMP00801,CC0023,FI,1,Step Increment,77477.3,CAD,CA,2023-07-14 07:00:00,PAYROLL
EVT00061423,2023-07-24,EMP04123,CC0017,PA,5,Hire,112157.35,CAD,CA,2023-07-25 06:00:00,PAYROLL
EVT00060275,2023-07-07,EMP02589,CC0093,AS,3,Step Increment,73991.1,CAD,CA,2023-07-08 00:00:00,PAYROLL
EVT00060274,2023-07-02,EMP03860,CC0113,EC,1,Lateral Deployment,,CAD,CA,2023-07-02 06:00:00,PAYROLL
EVT00061316,2023-07-03,EMP04538,CC0038,PA,2,Step Increment,76612.96,CAD,CA,2023-07-03 22:00:00,PAYROLL
EVT00061210,2023-07-23,EMP00217,CC0087,IT,2,Lateral Deployment,,CAD,CA,2023-07-23 23:00:00,PAYROLL
EVT00061313,2023-07-08,EMP02358,CC0118,PA,2,Performance Pay,6828.88,CAD,CA,2023-07-09 15:00:00,PAYROLL
EVT00060306,2023-07-12,EMP00796,CC0034,EC,3,Leave Return,,CAD,CAN,2023-07-12 17:00:00,CORE_HR
EVT00061105,2023-07-04,EMP03698,CC0072,FI,4,Step Increment,115868.54,CAD,CA,2023-07-04 08:00:00,PAYROLL
EVT00061660,2023-07-01,EMP00995,CC0076,IT,2,Performance Pay,8523.95,CAD,CAN,2023-07-02 06:00:00,CORE_HR
EVT00059759,2023-07-11,EMP03329,CC0026,AS,2,Hire,63651.73,CAD,CA,2023-07-11 16:00:00,PAYROLL
EVT00060941,2023-07-04,EMP00259,CC0094,EC,2,Leave Return,,CAD,CA,2023-07-04 15:00:00,PAYROLL
EVT00061113,2023-07-26,EMP03601,CC0026,CR,3,Lateral Deployment,,CAD,CAN,2023-07-26 18:00:00,CORE_HR
EVT00060163,2023-07-23,EMP01336,CC0002,AS,1,Leave Return,,CAD,CAN,2023-07-24 03:00:00,CORE_HR
EVT00061226,2023-07-15,EMP01610,CC0085,EN,3,Lateral Deployment,,CAD,CAN,2023-07-16 00:00:00,CORE_HR
EVT00061476,2023-07-03,EMP03345,CC0119,EX,1,Step Increment,138816.95,CAD,CA,2023-07-03 23:00:00,PAYROLL
EVT00060047,2023-07-27,EMP04167,CC0026,FI,1,Leave Return,,CAD,CAN,2023-07-27 08:00:00,CORE_HR
EVT00061329,2023-07-12,EMP03523,CC0014,AS,1,Step Increment,70560.74,CAD,CAN,2023-07-13 04:00:00,CORE_HR
EVT00060252,2023-07-26,EMP00123,CC0117,AS,2,Step Increment,61682.99,CAD,CAN,2023-07-26 13:00:00,CORE_HR
EVT00061752,2023-07-06,EMP02837,CC0109,EN,5,Hire,139812.02,CAD,CAN,2023-07-06 17:00:00,CORE_HR
EVT00060640,2023-07-10,EMP01753,CC0100,PA,3,Leave Return,,CAD,CAN,2023-07-10 08:00:00,CORE_HR
EVT00061294,2023-07-21,EMP00648,CC0115,EN,1,Promotion,89459.34,CAD,CAN,2023-07-21 19:00:00,CORE_HR
EVT00060774,2023-07-01,EMP00406,CC0065,AS,5,Leave Return,,JPY,JP,2023-07-02 01:00:00,PAYROLL
EVT00059884,2023-07-10,EMP01115,CC0011,AS,1,Leave Return,,CAD,CAN,2023-07-11 10:00:00,CORE_HR
EVT00060343,2023-07-13,EMP01357,CC0119,EC,2,Step Increment,91316.33,CAD,CAN,2023-07-13 08:00:00,CORE_HR
EVT00061400,2023-07-07,EMP01544,CC0052,FI,1,Leave Return,,CAD,CAN,2023-07-07 19:00:00,CORE_HR
EVT00060333,2023-07-04,EMP04797,CC0097,IT,4,Step Increment,134280.79,CAD,CAN,2023-07-05 01:00:00,CORE_HR
EVT00061578,2023-07-04,EMP02440,CC0118,CR,2,Step Increment,54296.84,CAD,CAN,2023-07-05 09:00:00,CORE_HR
EVT00060568,2023-07-25,EMP00450,CC0103,IT,5,Departure,,CAD,CAN,2023-07-25 10:00:00,CORE_HR
EVT00061389,2023-07-18,EMP04308,CC0099,CR,5,Leave Return,,CAD,CA,2023-07-18 14:00:00,PAYROLL
EVT00060530,2023-07-14,EMP01371,CC0041,EN,3,Performance Pay,13753.96,CAD,CA,2023-07-15 14:00:00,PAYROLL
EVT00060287,2023-07-26,EMP04604,CC0009,PA,3,Leave Return,,AED,ARE,2023-07-26 23:00:00,CORE_HR
EVT00061044,2023-07-24,EMP03236,CC0028,FI,2,Leave Start,,CAD,CAN,2023-07-25 15:00:00,CORE_HR
EVT00061759,2023-07-02,EMP00690,CC0009,IT,2,Hire,5529535.06,INR,IN,2023-07-03 06:00:00,PAYROLL
EVT00060592,2023-07-07,EMP02461,CC0087,CR,2,Performance Pay,5582.4,CAD,CA,2023-07-07 21:00:00,PAYROLL
EVT00061197,2023-07-27,EMP01477,CC0068,PA,1,Step Increment,68425.72,CAD,CAN,2023-07-27 22:00:00,CORE_HR
EVT00060926,2023-07-27,EMP02914,CC0052,PA,3,Step Increment,84557.31,CAD,CA,2023-07-27 22:00:00,PAYROLL
EVT00059952,2023-07-05,EMP00214,CC0057,EC,3,Step Increment,95650.14,CAD,CA,2023-07-05 22:00:00,PAYROLL
EVT00059802,2023-07-26,EMP05146,CC0015,CR,4,Step Increment,71021.87,CAD,CAN,2023-07-26 16:00:00,CORE_HR
EVT00060362,2023-07-07,EMP05051,CC0037,EC,1,Leave Start,,CAD,CAN,2023-07-08 01:00:00,CORE_HR
EVT00060812,2023-07-24,EMP01438,CC0111,CR,3,Lateral Deployment,,EUR,DEU,2023-07-25 12:00:00,CORE_HR
EVT00059867,2023-07-03,EMP01103,CC0101,EN,2,Leave Start,,CAD,CAN,2023-07-04 05:00:00,CORE_HR
EVT00061157,2023-07-13,EMP00122,CC0113,CR,4,Step Increment,65533.88,CAD,CAN,2023-07-14 00:00:00,CORE_HR
EVT00060454,1900-01-01,EMP04530,CC0079,IT,4,Lateral Deployment,,CAD,CAN,2023-07-28 13:00:00,CORE_HR
EVT00060495,2023-07-17,EMP03737,CC0089,CR,1,Lateral Deployment,,CAD,CAN,2023-07-18 08:00:00,CORE_HR
EVT00060842,2023-07-09,EMP00682,CC0081,IT,3,Step Increment,121424.29,CAD,CAN,2023-07-09 07:00:00,CORE_HR
EVT00059895,2023-07-04,EMP04786,CC0090,IT,1,Step Increment,81209.64,CAD,CA,2023-07-05 01:00:00,PAYROLL
EVT00061602,2023-07-23,EMP01165,CC0074,IT,5,Lateral Deployment,,AUD,AU,2023-07-23 07:00:00,PAYROLL
EVT00061361,2023-07-24,EMP04123,CC0017,PA,5,Step Increment,98063.25,CAD,CA,2023-07-25 04:00:00,PAYROLL
EVT00059868,2023-07-02,EMP01924,CC0057,EN,2,Step Increment,92298.79,CAD,CAN,2023-07-03 03:00:00,CORE_HR
EVT00059804,2023-07-19,EMP04487,CC0020,EN,2,Step Increment,100192.52,CAD,CA,2023-07-20 13:00:00,PAYROLL
EVT00061615,2023-07-19,EMP01258,CC0049,PA,2,Lateral Deployment,,AED,ARE,2023-07-19 18:00:00,CORE_HR
EVT00060440,2023-07-12,EMP00421,CC0103,EN,2,Leave Start,,CAD,CAN,2023-07-13 08:00:00,CORE_HR
EVT00060285,2023-07-25,EMP01242,CC0114,EC,1,Leave Return,,CAD,CA,2023-07-25 21:00:00,PAYROLL
EVT00061587,2023-07-27,EMP00383,CC0110,EX,1,Step Increment,133980.7,CAD,CAN,2023-07-28 08:00:00,CORE_HR
EVT00061762,2023-07-23,EMP00115,CC0073,CR,1,Leave Return,,CAD,CAN,2023-07-24 09:00:00,CORE_HR
EVT00059908,2023-07-10,EMP03660,CC0035,CR,1,Leave Start,,CAD,CAN,2023-07-11 13:00:00,CORE_HR
EVT00060735,2023-07-10,EMP03066,CC0048,AS,3,Lateral Deployment,,CAD,CA,2023-07-10 16:00:00,PAYROLL
EVT00060116,2023-07-19,EMP01344,CC0040,AS,3,Leave Start,,CAD,CA,2023-07-19 08:00:00,PAYROLL
EVT00061073,2023-07-08,EMP03194,CC0091,CR,1,Leave Start,,CAD,CAN,2023-07-08 22:00:00,CORE_HR
EVT00060303,2023-07-20,EMP02540,CC0064,PA,4,Step Increment,100687.43,CAD,CAN,2023-07-20 09:00:00,CORE_HR
EVT00061085,2023-07-06,EMP03188,CC0039,PA,2,Leave Start,,CAD,CA,2023-07-06 06:00:00,PAYROLL
EVT00060055,2023-07-04,EMP01559,CC0071,AS,3,Promotion,76768.5,CAD,CAN,2023-07-05 09:00:00,CORE_HR
EVT00060235,2023-07-27,EMP02535,CC0027,PA,2,Lateral Deployment,,CAD,CA,2023-07-28 08:00:00,PAYROLL
EVT00060214,2023-07-21,EMP01813,CC0072,EC,3,Departure,,CAD,CAN,2023-07-21 09:00:00,CORE_HR
EVT00061462,2023-07-13,EMP00403,CC0114,CR,3,Leave Return,,CAD,CAN,2023-07-14 02:00:00,CORE_HR
EVT00059765,2023-07-13,EMP00896,CC0033,CR,4,Step Increment,70041.19,CAD,CA,2023-07-13 15:00:00,PAYROLL
EVT00061440,2023-07-05,EMP00035,CC0068,PA,4,Leave Start,,CAD,CAN,2023-07-06 11:00:00,CORE_HR
EVT00061592,2023-07-08,EMP04235,CC0006,IT,1,Leave Start,,CAD,CAN,2023-07-08 07:00:00,CORE_HR
EVT00060033,2023-07-10,EMP00404,CC0101,CR,2,Leave Return,,CAD,CAN,2023-07-11 10:00:00,CORE_HR
EVT00060849,2023-07-09,EMP02560,CC0046,PA,2,Leave Return,,BRL,BRA,2023-07-10 12:00:00,CORE_HR
EVT00060839,2023-07-27,EMP01762,CC0037,EN,2,Leave Return,,CAD,CA,2023-07-27 14:00:00,PAYROLL
EVT00060117,2023-07-21,EMP01651,CC0027,IT,1,Lateral Deployment,,CAD,CA,2023-07-22 01:00:00,PAYROLL
EVT00059826,2023-07-04,EMP00905,CC0003,PA,3,Lateral Deployment,,CAD,CAN,2023-07-04 16:00:00,CORE_HR
EVT00061480,2023-07-16,EMP01252,CC0008,EC,1,Departure,,CAD,CAN,2023-07-16 11:00:00,CORE_HR
EVT00060134,2023-07-25,EMP04995,CC0017,CR,2,Performance Pay,3389.52,CAD,CAN,2023-07-26 01:00:00,CORE_HR
EVT00061686,2023-07-12,EMP01194,CC0084,IT,3,Leave Return,,CAD,CA,2023-07-13 02:00:00,PAYROLL
EVT00059879,2023-07-02,EMP02254,CC0031,AS,4,Leave Start,,INR,IND,2023-07-02 19:00:00,CORE_HR
EVT00061620,2023-07-16,EMP04462,CC0069,IT,1,Step Increment,84395.35,CAD,CAN,2023-07-17 13:00:00,CORE_HR
EVT00061670,2023-07-09,EMP04887,CC0008,EX,1,Performance Pay,12056.26,CAD,CA,2023-07-09 20:00:00,PAYROLL
EVT00061529,2023-07-11,EMP03040,CC0063,PA,2,Step Increment,77373.54,CAD,CAN,2023-07-11 23:00:00,CORE_HR
EVT00060578,2023-07-21,EMP01802,CC0004,CR,4,Step Increment,78200.73,CAD,CA,2023-07-21 23:00:00,PAYROLL
EVT00059951,2023-07-17,EMP05040,CC0025,EN,1,Leave Start,,CAD,CA,2023-07-17 14:00:00,PAYROLL
EVT00060370,2023-07-21,EMP03238,CC0117,FI,1,Step Increment,55109.38,CAD,CAN,2023-07-22 04:00:00,CORE_HR
EVT00060264,2023-07-16,EMP03361,CC0113,EC,4,Step Increment,110449.05,CAD,CA,2023-07-16 16:00:00,PAYROLL
EVT00059992,2023-07-21,EMP02680,CC0036,CR,3,Leave Return,,CAD,CAN,2023-07-22 15:00:00,CORE_HR
EVT00061775,2023-07-27,EMP01189,CC0058,EC,3,Promotion,93410.2,CAD,CA,2023-07-27 15:00:00,PAYROLL
EVT00061399,2023-07-06,EMP00895,CC0056,EC,1,Departure,,CAD,CA,2023-07-07 13:00:00,PAYROLL
EVT00060221,2023-07-24,EMP01371,CC0041,EN,3,Promotion,114775.31,CAD,CA,2023-07-24 16:00:00,PAYROLL
EVT00061370,2023-07-18,EMP04493,CC0089,FI,1,Promotion,71832.17,CAD,CA,2023-07-19 03:00:00,PAYROLL
EVT00060179,2023-07-18,EMP02809,CC0027,AS,2,Leave Start,,CAD,CAN,2023-07-18 06:00:00,CORE_HR
EVT00060912,2023-07-07,EMP00232,CC0074,PA,4,Step Increment,391540.75,BRL,BRA,2023-07-07 11:00:00,CORE_HR
EVT00061332,2023-07-13,EMP04910,CC0105,IT,1,Step Increment,234691.87,AED,ARE,2023-07-13 13:00:00,CORE_HR
EVT00061382,2023-07-24,EMP02508,CC0113,PA,1,Step Increment,69218.76,CAD,CA,2023-07-24 07:00:00,PAYROLL
EVT00060643,2023-07-11,EMP03866,CC0096,AS,2,Step Increment,68751.37,CAD,CAN,2023-07-12 06:00:00,CORE_HR
EVT00060063,2023-07-05,EMP02989,CC0070,AS,5,Leave Start,,CAD,CA,2023-07-06 03:00:00,PAYROLL
EVT00060610,2023-07-19,EMP03780,CC0104,EC,2,Departure,,CAD,CAN,2023-07-19 19:00:00,CORE_HR
EVT00061275,2023-07-01,EMP02296,CC0045,FI,3,Hire,100919.0,CAD,CAN,2023-07-01 17:00:00,CORE_HR
EVT00061648,2023-07-22,EMP00388,CC0070,EN,1,Step Increment,86666.0,CAD,CA,2023-07-23 08:00:00,PAYROLL
EVT00060067,2023-07-01,EMP02290,CC0099,AS,2,Departure,,CAD,CAN,2023-07-01 16:00:00,CORE_HR
EVT00059984,2023-07-19,EMP00160,CC0075,PA,1,Lateral Deployment,,CAD,CAN,2023-07-19 20:00:00,CORE_HR
EVT00061043,2023-07-06,EMP02889,CC0067,FI,4,Step Increment,117011.42,CAD,CA,2023-07-06 15:00:00,PAYROLL
EVT00060567,2023-07-09,EMP04073,CC0071,AS,1,Leave Return,,CAD,CA,2023-07-10 15:00:00,PAYROLL
EVT00060614,2023-07-27,EMP00259,CC0094,EC,2,Performance Pay,5231.14,CAD,CA,2023-07-28 03:00:00,PAYROLL
EVT00061152,2023-07-07,EMP02475,CC0050,AS,4,Lateral Deployment,,CAD,CAN,2023-07-07 16:00:00,CORE_HR
EVT00060824,2023-07-16,EMP03365,CC0104,EN,1,Hire,84811.89,CAD,CA,2023-07-17 14:00:00,PAYROLL
EVT00059733,2023-07-03,EMP01532,CC0053,CR,3,Step Increment,49299.48,CAD,CAN,2023-07-03 21:00:00,CORE_HR
EVT00059906,2023-07-22,EMP99999,CC0065,EN,2,Promotion,256477.44,AED,AE,2023-07-22 15:00:00,PAYROLL
EVT00060371,2023-07-01,EMP01281,CC0086,EC,4,Performance Pay,1231507.09,KES,KE,2023-07-02 04:00:00,PAYROLL
EVT00061112,2023-07-04,EMP01047,CC0016,EC,5,Leave Return,,CAD,CAN,2023-07-07 11:00:00,CORE_HR
EVT00061318,2023-07-15,EMP00929,CC0065,AS,3,Leave Return,,KES,KEN,2023-07-16 12:00:00,CORE_HR
EVT00060350,2023-07-27,EMP02192,CC0044,EX,1,Leave Start,,CAD,CAN,2023-07-28 13:00:00,CORE_HR
EVT00061390,2023-07-21,EMP00654,CC0068,EN,1,Leave Start,,CAD,CA,2023-07-22 03:00:00,PAYROLL
EVT00059926,2023-07-02,EMP01216,CC0069,FI,3,Leave Return,,CAD,CAN,2023-07-03 14:00:00,CORE_HR
EVT00059756,2023-07-10,EMP02488,CC0009,PA,2,Lateral Deployment,,AUD,AU,2023-07-10 21:00:00,PAYROLL
EVT00061322,2023-07-19,EMP03632,CC0104,EC,3,Promotion,102850.74,CAD,CAN,2023-07-20 01:00:00,CORE_HR
EVT00060103,2023-07-15,EMP03465,CC0052,FI,3,Step Increment,95524.79,CAD,CAN,2023-07-15 21:00:00,CORE_HR
EVT00061241,2023-07-22,EMP03273,CC0120,EN,3,Leave Start,,CAD,CA,2023-07-22 06:00:00,PAYROLL
EVT00060507,2023-07-23,EMP03701,CC0069,AS,3,Performance Pay,7039.32,XXX,CAN,2023-07-23 11:00:00,CORE_HR
EVT00061347,2023-07-09,EMP02644,CC0100,EC,2,Leave Start,,CAD,CA,2023-07-09 07:00:00,PAYROLL
EVT00061036,2023-07-06,EMP04243,CC0063,IT,1,Leave Return,,CAD,CAN,2023-07-07 02:00:00,CORE_HR
EVT00059914,2023-07-05,EMP04801,CC0119,IT,1,Lateral Deployment,,CAD,CAN,2023-07-05 20:00:00,CORE_HR
EVT00060379,2023-07-06,EMP03325,CC0013,IT,4,Performance Pay,7545.4,CAD,CA,2023-07-06 08:00:00,PAYROLL
EVT00061045,2023-07-12,EMP02343,CC0069,IT,3,Hire,110364.89,CAD,CAN,2023-07-13 04:00:00,CORE_HR
EVT00060798,2023-07-21,EMP04482,CC0096,FI,2,Hire,83731.36,CAD,CA,2023-07-21 13:00:00,PAYROLL
EVT00060597,2023-07-11,EMP01388,CC0053,PA,3,Performance Pay,4392.27,CAD,CAN,2023-07-12 03:00:00,CORE_HR
EVT00061309,2023-07-24,EMP04031,CC0018,AS,5,Step Increment,97381.98,CAD,CA,2023-07-24 13:00:00,PAYROLL
EVT00060732,2023-07-02,EMP02017,CC0104,EC,1,Promotion,84111.13,CAD,CA,2023-07-02 18:00:00,PAYROLL
EVT00060632,2023-07-18,EMP04851,CC0082,EX,2,Step Increment,164242.98,CAD,CAN,2023-07-18 14:00:00,CORE_HR
EVT00061645,2023-07-03,EMP01021,CC0053,EX,2,Leave Start,,CAD,CAN,2023-07-03 20:00:00,CORE_HR
EVT00060300,2023-07-10,EMP04341,CC0078,EC,1,Performance Pay,5721.26,CAD,CAN,2023-07-11 01:00:00,CORE_HR
EVT00060906,2023-07-21,EMP01296,CC0001,EN,3,Step Increment,111235.1,CAD,CAN,2023-07-21 14:00:00,CORE_HR
EVT00061749,2023-07-24,EMP03382,CC0065,FI,3,Step Increment,217933.17,AED,AE,2023-07-25 07:00:00,PAYROLL
EVT00061649,2023-07-15,EMP03593,CC0050,EX,1,Promotion,143385.15,CAD,CA,2023-07-16 03:00:00,PAYROLL
EVT00060829,2023-07-02,EMP03884,CC0109,EX,2,Leave Return,,CAD,CAN,2023-07-03 05:00:00,CORE_HR
EVT00059930,2023-07-01,EMP03069,CC0018,IT,5,Step Increment,125101.73,CAD,CA,2023-07-01 07:00:00,PAYROLL
EVT00060124,2023-07-09,EMP01215,CC0107,EN,1,Performance Pay,10550.15,CAD,CA,2023-07-10 12:00:00,PAYROLL
EVT00060726,2023-07-22,EMP00702,CC0017,FI,1,Departure,,CAD,CAN,2023-07-22 12:00:00,CORE_HR
EVT00060743,2023-07-23,EMP04956,CC0062,FI,5,Performance Pay,9124.16,CAD,CA,2023-07-23 17:00:00,PAYROLL
EVT00060682,2023-07-13,EMP03055,CC0060,FI,4,Performance Pay,10991.02,CAD,CA,2023-07-14 07:00:00,PAYROLL
EVT00061297,2023-07-25,EMP01031,CC0108,EX,2,Step Increment,131115.52,USD,USA,2023-07-26 03:00:00,CORE_HR
EVT00061039,2023-07-12,EMP03426,CC0020,EX,1,Departure,,CAD,CAN,2023-07-13 07:00:00,CORE_HR
EVT00061415,2023-07-17,EMP04836,CC0099,EC,3,Performance Pay,11203.77,CAD,CAN,2023-07-17 23:00:00,CORE_HR
EVT00061082,2023-07-02,EMP04615,CC0114,AS,3,Performance Pay,8684.83,CAD,CAN,2023-07-03 08:00:00,CORE_HR
EVT00061202,2023-07-10,EMP02655,CC0107,CR,3,Performance Pay,7480.96,CAD,CAN,2023-07-10 06:00:00,CORE_HR
EVT00060618,2023-07-27,EMP05108,CC0013,PA,2,Performance Pay,4616.35,CAD,CAN,2023-07-28 00:00:00,CORE_HR
EVT00060532,2023-07-09,EMP02095,CC0032,EC,4,Leave Start,,CAD,CA,2023-07-11 13:00:00,PAYROLL
EVT00060255,2023-07-01,EMP01856,CC0029,IT,1,Step Increment,80304.19,EUR,FRA,2023-07-02 09:00:00,CORE_HR
EVT00060686,2023-07-23,EMP00625,CC0027,PA,1,Step Increment,61912.92,CAD,CAN,2023-07-23 16:00:00,CORE_HR
EVT00059771,2023-07-06,EMP01183,CC0081,PA,2,Performance Pay,7747.04,CAD,CAN,2023-07-06 06:00:00,CORE_HR
EVT00061066,2023-07-22,EMP04102,CC0094,PA,3,Step Increment,80483.71,CAD,CA,2023-07-22 08:00:00,PAYROLL
EVT00060727,2023-07-11,EMP00891,CC0051,EX,1,Step Increment,134962.7,CAD,CAN,2023-07-11 17:00:00,CORE_HR
EVT00060024,2023-07-15,EMP04263,CC0062,PA,3,Step Increment,77594.94,CAD,CAN,2023-07-15 22:00:00,CORE_HR
EVT00060428,2023-07-05,EMP04941,CC0051,IT,2,Hire,97883.67,CAD,CAN,2023-07-05 21:00:00,CORE_HR
EVT00059897,2023-07-27,EMP02657,CC0003,FI,3,Step Increment,98503.88,CAD,CAN,2023-07-27 22:00:00,CORE_HR
EVT00060192,2023-07-06,EMP03692,CC0081,EX,1,Step Increment,139334.29,CAD,CAN,2023-07-07 13:00:00,CORE_HR
EVT00060891,2023-07-27,EMP00562,CC0046,FI,3,Performance Pay,5044.15,SGD,SG,2023-07-27 19:00:00,PAYROLL
EVT00060238,2023-07-09,EMP01476,CC0028,CR,2,Step Increment,61704.36,CAD,CAN,2023-07-09 09:00:00,CORE_HR
EVT00061599,2023-07-27,EMP02716,CC0026,PA,2,Leave Return,,CAD,CAN,2023-07-28 07:00:00,CORE_HR
EVT00059923,2023-07-10,EMP04028,CC0049,PA,1,Performance Pay,16393.35,BRL,BRA,2023-07-11 02:00:00,CORE_HR
EVT00061136,2023-07-20,EMP02065,CC0117,AS,1,Leave Return,,CAD,CA,2023-07-20 22:00:00,PAYROLL
EVT00061317,2023-07-24,EMP00901,CC0021,FI,5,Step Increment,120500.91,CAD,CA,2023-07-25 03:00:00,PAYROLL
EVT00061751,2023-07-04,EMP04194,CC0054,IT,5,Leave Start,,AUD,AU,2023-07-05 07:00:00,PAYROLL
EVT00060664,2023-07-07,EMP03034,CC0085,FI,1,Step Increment,75975.37,CAD,CA,2023-07-08 12:00:00,PAYROLL
EVT00060852,2023-07-18,EMP04922,CC0055,PA,1,Step Increment,55453.42,CAD,CAN,2023-07-19 02:00:00,CORE_HR
EVT00060410,2023-07-26,EMP00013,CC0028,IT,2,Leave Return,,CAD,CAN,2023-07-27 14:00:00,CORE_HR
EVT00061014,2023-07-02,EMP01503,CC0032,IT,1,Step Increment,89676.31,CAD,CA,2023-07-03 12:00:00,PAYROLL
EVT00061647,2023-07-12,EMP00589,CC0033,PA,1,Lateral Deployment,,CAD,CA,2023-07-12 11:00:00,PAYROLL
EVT00060281,2023-07-17,EMP00755,CC0039,IT,2,Departure,,CAD,CAN,2023-07-18 13:00:00,CORE_HR
EVT00060538,2023-07-13,EMP01170,CC0088,PA,5,Leave Start,,SGD,SG,2023-07-16 11:00:00,PAYROLL
EVT00061246,2023-07-14,EMP03901,CC0085,AS,4,Departure,,CAD,CA,2023-07-15 06:00:00,PAYROLL
EVT00061432,2023-07-14,EMP04696,CC0106,FI,3,Step Increment,98918.22,CAD,CAN,2023-07-14 23:00:00,CORE_HR
EVT00060587,2023-07-06,EMP02630,CC0010,AS,2,Lateral Deployment,,CAD,CAN,2023-07-06 22:00:00,CORE_HR
EVT00061559,2023-07-07,EMP04880,CC0109,EC,1,Step Increment,76903.0,CAD,CAN,2023-07-08 02:00:00,CORE_HR
EVT00061677,2023-07-02,EMP02361,CC0066,FI,3,Step Increment,92790.98,CAD,CAN,2023-07-03 01:00:00,CORE_HR
EVT00061571,2023-07-04,EMP01475,CC0105,CR,3,Leave Start,,MXN,MEX,2023-07-05 04:00:00,CORE_HR
EVT00060463,2023-07-24,EMP04373,CC0032,PA,1,Step Increment,76465.0,CAD,CAN,2023-07-25 14:00:00,CORE_HR
EVT00060315,2023-07-23,EMP03377,CC0049,PA,4,Step Increment,69372.64,SGD,SGP,2023-07-23 23:00:00,CORE_HR
EVT00061142,2023-07-22,EMP04882,CC0036,EX,1,Step Increment,114034.56,CAD,CAN,2023-07-22 16:00:00,CORE_HR
EVT00061685,2023-07-17,EMP02691,CC0051,AS,2,Step Increment,55573.4,CAD,CA,2023-07-17 17:00:00,PAYROLL
EVT00060167,2023-07-03,EMP04356,CC0039,IT,3,Performance Pay,9415.78,CAD,CAN,2023-07-03 13:00:00,CORE_HR
EVT00060755,2023-07-08,EMP02215,CC0032,FI,1,Hire,70642.82,CAD,CAN,2023-07-08 14:00:00,CORE_HR
EVT00060288,2023-07-06,EMP04982,CC0106,IT,3,Performance Pay,14022.8,CAD,CA,2023-07-07 09:00:00,PAYROLL
EVT00059799,2023-07-22,EMP02347,CC0020,AS,2,Lateral Deployment,,CAD,CAN,2023-07-23 10:00:00,CORE_HR
EVT00060439,2023-07-22,EMP00935,CC0109,PA,1,Step Increment,64304.36,CAD,CA,2023-07-22 19:00:00,PAYROLL
EVT00060713,2023-07-06,EMP02204,CC0075,IT,1,Performance Pay,7659.44,CAD,CA,2023-07-06 06:00:00,PAYROLL
EVT00059917,2023-07-16,EMP00767,CC0089,CR,1,Leave Return,,CAD,CAN,2023-07-16 08:00:00,CORE_HR
EVT00061288,2023-07-16,EMP04198,CC0052,EN,1,Leave Return,,CAD,CAN,2023-07-16 17:00:00,CORE_HR
EVT00060276,2023-07-20,EMP00684,CC0089,PA,3,Promotion,83723.99,CAD,CAN,2023-07-21 05:00:00,CORE_HR
EVT00061566,2023-07-17,EMP00610,CC0030,AS,1,Leave Start,,GBP,GBR,2023-07-17 17:00:00,CORE_HR
EVT00059888,2023-07-24,EMP01779,CC0020,EN,2,Performance Pay,4976.12,CAD,CA,2023-07-24 12:00:00,PAYROLL
EVT00061008,2023-07-26,EMP03606,CC0001,EN,1,Step Increment,85550.43,CAD,CA,2023-07-26 19:00:00,PAYROLL
EVT00059991,2023-07-22,EMP00181,CC0021,CR,3,Step Increment,70710.45,CAD,CAN,2023-07-22 11:00:00,CORE_HR
EVT00061729,2023-07-11,EMP02757,CC0068,AS,3,Step Increment,66554.47,CAD,CA,2023-07-12 14:00:00,PAYROLL
EVT00061540,2023-07-25,EMP02887,CC0033,EC,2,Leave Return,,CAD,CAN,2023-07-26 09:00:00,CORE_HR
EVT00061330,2023-07-10,EMP00960,CC0096,CR,4,Performance Pay,5394.39,CAD,CA,2023-07-11 13:00:00,PAYROLL
EVT00060935,2023-07-19,EMP05181,CC0102,EN,1,Leave Return,,CAD,CA,2023-07-20 07:00:00,PAYROLL
EVT00060072,2023-07-25,EMP02938,CC0116,AS,1,Performance Pay,5604.76,CAD,CAN,2023-07-26 03:00:00,CORE_HR
EVT00061198,2023-07-22,EMP03660,CC0035,CR,1,Step Increment,54870.41,CAD,CA,2023-07-23 00:00:00,PAYROLL
EVT00061435,2023-07-01,EMP01992,CC0067,FI,2,Step Increment,94476.96,CAD,CA,2023-07-02 03:00:00,PAYROLL
EVT00061444,2023-07-13,EMP02293,CC0109,PA,1,Performance Pay,6107.0,CAD,CAN,2023-07-13 23:00:00,CORE_HR
EVT00061644,2023-07-03,EMP03935,CC0075,FI,1,Performance Pay,8274.06,CAD,CAN,2023-07-04 12:00:00,CORE_HR
EVT00060479,2023-07-22,EMP03789,CC0116,AS,2,Step Increment,67348.07,CAD,CAN,2023-07-23 08:00:00,CORE_HR
EVT00061438,2023-07-09,EMP03283,CC0025,AS,4,Step Increment,75082.76,CAD,CAN,2023-07-09 12:00:00,CORE_HR
EVT00060947,2023-07-20,EMP03501,CC0070,EC,4,Performance Pay,6611.33,CAD,CA,2023-07-20 14:00:00,PAYROLL
EVT00059768,2023-07-03,EMP00757,CC0035,EC,3,Departure,,CAD,CAN,2023-07-03 15:00:00,CORE_HR
EVT00061556,2023-07-13,EMP03922,CC0071,EN,2,Step Increment,108746.5,CAD,CAN,2023-07-13 17:00:00,CORE_HR
EVT00060153,2023-07-03,EMP01382,CC0054,EX,3,Leave Start,,AED,ARE,2023-07-03 12:00:00,CORE_HR
EVT00060132,2023-07-16,EMP00014,CC0012,PA,3,Performance Pay,7424.43,CAD,CA,2023-07-16 09:00:00,PAYROLL
EVT00060898,2023-07-17,EMP02158,CC0014,PA,5,Leave Return,,CAD,CAN,2023-07-18 04:00:00,CORE_HR
EVT00060814,2023-07-22,EMP04331,CC0089,AS,3,Departure,,CAD,CAN,2023-07-23 02:00:00,CORE_HR
EVT00060353,2023-07-21,EMP02462,CC0063,AS,2,Leave Return,,CAD,CAN,2023-07-22 08:00:00,CORE_HR
EVT00061319,2023-07-05,EMP00612,CC0023,FI,1,Step Increment,61202.28,CAD,CAN,2023-07-06 05:00:00,CORE_HR
EVT00061373,2023-07-13,EMP01908,CC0118,PA,1,Step Increment,61847.54,CAD,CAN,2023-07-13 11:00:00,CORE_HR
EVT00060784,2023-07-18,EMP03611,CC0061,EX,3,Leave Return,,CAD,CAN,2023-07-18 20:00:00,CORE_HR
EVT00060749,2023-07-13,EMP04415,CC0085,IT,5,Lateral Deployment,,CAD,CAN,2023-07-14 07:00:00,CORE_HR
EVT00061469,2023-07-12,EMP00447,CC0047,PA,3,Leave Return,,CAD,CA,2023-07-13 15:00:00,PAYROLL
EVT00061257,2023-07-04,EMP02473,CC0060,PA,4,Performance Pay,12210.2,CAD,CAN,2023-07-04 19:00:00,CORE_HR
EVT00061720,2023-07-22,EMP03834,CC0068,PA,5,Lateral Deployment,,CAD,CA,2023-07-22 21:00:00,PAYROLL
EVT00061535,2023-07-09,EMP03119,CC0116,IT,3,Performance Pay,12517.2,CAD,CAN,2023-07-09 13:00:00,CORE_HR
EVT00061774,2023-07-03,EMP01245,CC0081,EX,1,Step Increment,139229.83,CAD,CA,2023-07-04 07:00:00,PAYROLL
EVT00060904,2023-07-06,EMP03949,CC0022,PA,3,Leave Return,,CAD,CAN,2023-07-06 14:00:00,CORE_HR
EVT00061097,2023-07-04,EMP02085,CC0081,AS,3,Step Increment,69871.15,CAD,CAN,2023-07-04 20:00:00,CORE_HR
EVT00061326,2023-07-15,EMP02879,CC0083,AS,4,Promotion,86044.87,CAD,CAN,2023-07-15 06:00:00,CORE_HR
EVT00060336,2023-07-17,EMP03713,CC0120,PA,5,Promotion,103394.13,CAD,CAN,2023-07-17 07:00:00,CORE_HR
EVT00061460,2023-07-23,EMP03154,CC0088,IT,5,Performance Pay,8565.62,EUR,DE,2023-07-24 11:00:00,PAYROLL
EVT00059953,2023-07-10,EMP02194,CC0019,CR,3,Performance Pay,7058.14,CAD,CAN,2023-07-11 14:00:00,CORE_HR
EVT00060018,2023-07-18,EMP02108,CC0002,FI,1,Lateral Deployment,,CAD,CA,2023-07-18 15:00:00,PAYROLL
EVT00060871,2023-07-23,EMP02342,CC0059,IT,5,Hire,158561.06,CAD,CAN,2023-07-24 00:00:00,CORE_HR
EVT00059782,2023-07-07,EMP04705,CC0092,EN,3,Hire,103941.29,CAD,CAN,2023-07-07 18:00:00,CORE_HR
EVT00060108,2023-07-18,EMP01458,CC0078,EX,1,Step Increment,148322.72,CAD,CA,2023-07-18 17:00:00,PAYROLL
EVT00060357,2023-07-01,EMP01429,CC0080,EC,4,Performance Pay,8242.07,GBP,GBR,2023-07-02 07:00:00,CORE_HR
EVT00060123,2023-07-21,EMP02948,CC0018,AS,1,Hire,61786.23,CAD,CA,2023-07-22 08:00:00,PAYROLL
EVT00060118,2023-07-25,EMP02900,CC0114,PA,2,Step Increment,68160.44,CAD,CA,2023-07-26 10:00:00,PAYROLL
EVT00061088,2023-07-07,EMP02436,CC0087,EN,3,Leave Return,,CAD,CA,2023-07-07 10:00:00,PAYROLL
EVT00060066,2023-07-15,EMP00240,CC0115,EN,4,Step Increment,121065.69,CAD,CAN,2023-07-16 07:00:00,CORE_HR
EVT00060894,2023-07-25,EMP03453,CC0020,EC,5,Step Increment,133361.95,CAD,CAN,2023-07-26 04:00:00,CORE_HR
EVT00060199,2023-07-21,EMP01320,CC0052,EN,3,Step Increment,109514.86,CAD,CAN,2023-07-22 05:00:00,CORE_HR
EVT00060411,2023-07-20,EMP04625,CC0022,PA,3,Leave Return,,CAD,CA,2023-07-20 09:00:00,PAYROLL
EVT00061038,2023-07-05,EMP01838,CC0085,PA,1,Step Increment,61130.74,CAD,CA,2023-07-05 09:00:00,PAYROLL
EVT00059727,2023-07-19,EMP01063,CC0092,EC,3,Departure,,CAD,CAN,2023-07-20 00:00:00,CORE_HR
EVT00061609,2023-07-07,EMP00056,CC0025,EN,3,Leave Start,,CAD,CAN,2023-07-07 20:00:00,CORE_HR
EVT00061640,2023-07-19,EMP01861,CC0048,IT,1,Step Increment,76801.38,CAD,CA,2023-07-20 13:00:00,PAYROLL
EVT00059834,2023-07-07,EMP01283,CC0089,AS,3,Lateral Deployment,,CAD,CAN,2023-07-08 10:00:00,CORE_HR
EVT00060604,2023-07-04,EMP01836,CC0011,EC,2,Step Increment,87725.53,CAD,CA,2023-07-04 14:00:00,PAYROLL
EVT00060355,2023-07-23,EMP01753,CC0100,PA,3,Leave Return,,CAD,CA,2023-07-23 17:00:00,PAYROLL
EVT00060352,2023-07-18,EMP00081,CC0094,AS,2,Performance Pay,4265.97,CAD,CAN,2023-07-18 09:00:00,CORE_HR
EVT00060718,2023-07-07,EMP04078,CC0101,PA,1,Step Increment,52445.5,CAD,CA,2023-07-07 23:00:00,PAYROLL
EVT00060253,2023-07-25,EMP99999,CC0060,FI,1,Departure,,CAD,CAN,2023-07-25 09:00:00,CORE_HR
EVT00061596,2023-07-14,EMP03434,CC0082,EC,4,Step Increment,104084.75,CAD,CAN,2023-07-14 19:00:00,CORE_HR
EVT00061441,2023-07-06,EMP04840,CC0055,AS,1,Promotion,57449.6,CAD,CAN,2023-07-07 07:00:00,CORE_HR
EVT00061433,2023-07-12,EMP00096,CC0004,EC,1,Lateral Deployment,,CAD,CA,2023-07-12 11:00:00,PAYROLL
EVT00060059,2023-07-17,EMP04672,CC0008,AS,4,Lateral Deployment,,CAD,CA,2023-07-17 10:00:00,PAYROLL
EVT00061270,2023-07-16,EMP01730,CC0062,FI,2,Lateral Deployment,,CAD,CA,2023-07-16 09:00:00,PAYROLL
EVT00061710,2023-07-23,EMP00892,CC0093,EN,1,Leave Return,,CAD,CAN,2023-07-24 13:00:00,CORE_HR
EVT00059833,2023-07-24,EMP02437,CC0024,EC,4,Step Increment,122401.19,CAD,CA,2023-07-25 14:00:00,PAYROLL
EVT00060391,2023-07-14,EMP02389,CC0061,PA,2,Lateral Deployment,,CAD,CA,2023-07-14 18:00:00,PAYROLL
EVT00060218,2023-07-14,EMP03343,CC0075,CR,1,Step Increment,54112.79,CAD,CAN,2023-07-14 19:00:00,CORE_HR
EVT00059785,2023-07-05,EMP01025,CC0011,IT,3,Leave Return,,CAD,CAN,2023-07-06 03:00:00,CORE_HR
EVT00060545,2023-07-22,EMP04929,CC0073,EN,2,Step Increment,99813.41,CAD,CAN,2023-07-23 00:00:00,CORE_HR
EVT00061049,2023-07-05,EMP01903,CC0003,FI,2,Step Increment,87942.37,CAD,CAN,2023-07-06 00:00:00,CORE_HR
EVT00060697,2023-07-03,EMP01594,CC0049,EN,2,Leave Return,,JPY,JP,2023-07-03 20:00:00,PAYROLL
EVT00060660,2023-07-19,EMP02888,CC0052,CR,2,Leave Return,,CAD,CAN,2023-07-20 11:00:00,CORE_HR
EVT00060511,2023-07-12,EMP00621,CC0048,IT,5,Departure,,CAD,CAN,2023-07-13 14:00:00,CORE_HR
EVT00060266,2023-07-20,EMP01537,CC0100,EN,2,Leave Start,,CAD,CAN,2023-07-20 08:00:00,CORE_HR
EVT00061704,2023-07-18,EMP00214,CC0057,EC,3,Promotion,112888.66,CAD,CAN,2023-07-18 10:00:00,CORE_HR
EVT00060452,2023-07-25,EMP00841,CC0055,EN,5,Performance Pay,5973.63,CAD,CAN,2023-07-26 06:00:00,CORE_HR
EVT00059767,2023-07-03,EMP04350,CC0019,EX,2,Leave Return,,CAD,CAN,2023-07-03 12:00:00,CORE_HR
EVT00060531,2023-07-04,EMP01426,CC0068,PA,4,Leave Start,,CAD,CAN,2023-07-04 06:00:00,CORE_HR
EVT00060719,2023-07-19,EMP03167,CC0079,PA,1,Step Increment,64422.88,CAD,CAN,2023-07-19 16:00:00,CORE_HR
EVT00060751,2023-07-05,EMP00185,CC0111,IT,2,Hire,9191164.36,JPY,JP,2023-07-05 09:00:00,PAYROLL
EVT00061653,2023-07-24,EMP00346,CC0046,FI,3,Step Increment,143814.65,AUD,AUS,2023-07-24 17:00:00,CORE_HR
EVT00061404,2023-07-17,EMP00009,CC0118,IT,2,Lateral Deployment,,CAD,CAN,2023-07-17 21:00:00,CORE_HR
EVT00059746,2023-07-06,EMP03748,CC0107,PA,5,Leave Start,,CAD,CA,2023-07-06 13:00:00,PAYROLL
EVT00059857,2023-07-14,EMP01075,CC0094,PA,2,Leave Start,,CAD,CA,2023-07-15 11:00:00,PAYROLL
EVT00061398,2023-07-05,EMP00360,CC0003,AS,3,Step Increment,76431.88,CAD,CAN,2023-07-05 12:00:00,CORE_HR
EVT00060663,2023-07-19,EMP04733,CC0098,PA,1,Step Increment,67059.56,CAD,CAN,2023-07-19 10:00:00,CORE_HR
EVT00061626,2023-07-11,EMP04577,CC0064,EC,2,Step Increment,97501.91,CAD,CAN,2023-07-12 02:00:00,CORE_HR
EVT00060628,2023-07-09,EMP00103,CC0041,FI,5,Lateral Deployment,,CAD,CA,2023-07-09 15:00:00,PAYROLL
EVT00061791,2023-07-11,EMP04487,CC0020,EN,2,Leave Return,,CAD,CAN,2023-07-11 15:00:00,CORE_HR
EVT00061396,2023-07-13,EMP00360,CC0003,AS,3,Hire,70594.31,CAD,CA,2023-07-14 00:00:00,PAYROLL
EVT00060854,2023-07-03,EMP01436,CC0019,EX,1,Lateral Deployment,,CAD,CAN,2023-07-03 16:00:00,CORE_HR
EVT00059791,2023-07-17,EMP01825,CC0098,EN,1,Leave Start,,CAD,CA,2023-07-17 16:00:00,PAYROLL
EVT00061122,2023-07-22,EMP03554,CC0048,CR,3,Step Increment,60554.27,CAD,CAN,2023-07-22 15:00:00,CORE_HR
EVT00059986,2023-07-14,EMP03431,CC0055,CR,2,Step Increment,65056.81,CAD,CAN,2023-07-14 22:00:00,CORE_HR
EVT00060455,2023-07-16,EMP03256,CC0053,PA,1,Performance Pay,4479.68,CAD,CA,2023-07-16 21:00:00,PAYROLL
EVT00061286,2023-07-02,EMP02978,CC0025,FI,4,Lateral Deployment,,CAD,CAN,2023-07-03 12:00:00,CORE_HR
EVT00060578,2023-07-21,EMP01802,CC0004,CR,4,Step Increment,78200.73,CAD,CA,2023-07-23 03:00:00,PAYROLL
EVT00060133,2023-07-16,EMP02536,CC0039,IT,1,Step Increment,79708.02,CAD,CA,2023-07-16 21:00:00,PAYROLL
EVT00061616,2023-07-17,EMP01241,CC0049,PA,4,Step Increment,11108780.9,KES,KE,2023-07-18 12:00:00,PAYROLL
EVT00060715,2023-07-25,EMP02083,CC0069,AS,2,Leave Return,,CAD,CAN,2023-07-25 10:00:00,CORE_HR
EVT00061445,2023-07-19,EMP03557,CC0009,PA,2,Step Increment,61486.42,EUR,DEU,2023-07-19 11:00:00,CORE_HR
EVT00059791,2023-07-17,EMP01825,CC0098,EN,1,Leave Start,,CAD,CA,2023-07-18 07:00:00,PAYROLL
EVT00061739,2023-07-14,EMP03237,CC0035,EX,2,Step Increment,153669.3,CAD,CAN,2023-07-15 04:00:00,CORE_HR
EVT00061065,2023-07-14,EMP00972,CC0044,EN,1,Leave Start,,CAD,CA,2023-07-15 10:00:00,PAYROLL
EVT00060245,2023-07-19,EMP00885,CC0040,EC,4,Step Increment,122691.78,CAD,CAN,2023-07-19 14:00:00,CORE_HR
EVT00061394,2023-07-20,EMP01280,CC0072,EX,1,Step Increment,130137.93,CAD,CA,2023-07-20 19:00:00,PAYROLL
EVT00061708,2023-07-18,EMP03474,CC0048,AS,1,Leave Return,,CAD,CA,2023-07-19 15:00:00,PAYROLL
EVT00061193,2023-07-09,EMP01995,CC0117,FI,1,Lateral Deployment,,CAD,CA,2023-07-10 01:00:00,PAYROLL
EVT00060220,2023-07-09,EMP00353,CC0092,EN,2,Step Increment,97658.5,CAD,CA,2023-07-10 07:00:00,PAYROLL
EVT00060401,2023-07-25,EMP02663,CC0109,PA,2,Leave Return,,CAD,CAN,2023-07-25 18:00:00,CORE_HR
EVT00061514,2023-07-26,EMP04494,CC0005,CR,4,Promotion,69825.6,CAD,CA,2023-07-27 06:00:00,PAYROLL
EVT00060294,2023-07-08,EMP03555,CC0038,PA,4,Leave Start,,CAD,CAN,2023-07-09 14:00:00,CORE_HR
EVT00060250,2023-07-23,EMP02688,CC0046,PA,1,Step Increment,53251.62,USD,USA,2023-07-24 13:00:00,CORE_HR
EVT00061057,2023-07-27,EMP04777,CC0056,CR,3,Hire,67179.48,CAD,CAN,2023-07-27 12:00:00,CORE_HR
EVT00060575,2023-07-18,EMP02319,CC0048,PA,3,Step Increment,87619.7,CAD,CAN,2023-07-18 15:00:00,CORE_HR
EVT00061498,2023-07-03,EMP03913,CC0120,IT,3,Leave Start,,CAD,CA,2023-07-03 10:00:00,PAYROLL
EVT00061133,2023-07-22,EMP03355,CC0087,FI,3,Step Increment,104632.81,CAD,CAN,2023-07-23 11:00:00,CORE_HR
EVT00059957,2023-07-04,EMP03761,CC0041,AS,5,Promotion,88120.16,CAD,CAN,2023-07-05 12:00:00,CORE_HR
EVT00060816,2023-07-24,EMP01072,CC0066,EX,1,Performance Pay,11802.71,CAD,CA,2023-07-24 18:00:00,PAYROLL
EVT00060429,2023-07-07,EMP04443,CC0083,FI,3,Promotion,97321.76,CAD,CAN,2023-07-08 00:00:00,CORE_HR
EVT00061160,2023-07-07,EMP03860,CC0113,EC,1,Step Increment,61457.85,CAD,CAN,2023-07-07 20:00:00,CORE_HR
EVT00060739,2023-07-24,EMP04834,CC0093,FI,4,Leave Start,,CAD,CAN,2023-07-24 06:00:00,CORE_HR
EVT00060840,2023-07-13,EMP02442,CC0009,IT,3,Step Increment,10796763.12,JPY,JPN,2023-07-13 11:00:00,CORE_HR
EVT00060838,2023-07-27,EMP02925,CC0021,PA,4,Lateral Deployment,,CAD,CA,2023-07-28 13:00:00,PAYROLL
EVT00061259,2023-07-08,EMP04847,CC0114,AS,3,Leave Return,,CAD,CA,2023-07-08 10:00:00,PAYROLL
EVT00059831,2023-07-20,EMP04892,CC0018,EC,4,Step Increment,108477.76,CAD,CAN,2023-07-21 13:00:00,CORE_HR
EVT00059832,2023-07-10,EMP01705,CC0018,PA,3,Promotion,97197.68,CAD,CAN,2023-07-11 13:00:00,CORE_HR
EVT00059796,2023-07-26,EMP04017,CC0002,IT,2,Hire,92601.77,CAD,CAN,2023-07-27 03:00:00,CORE_HR
EVT00060248,2023-07-14,EMP01102,CC0036,CR,3,Lateral Deployment,,CAD,CAN,2023-07-14 13:00:00,CORE_HR
EVT00061111,2023-07-26,EMP01330,CC0108,EC,1,Leave Return,,JPY,JPN,2023-07-26 14:00:00,CORE_HR
EVT00061071,2023-07-07,EMP03471,CC0067,EC,4,Hire,120141.9,CAD,CAN,2023-07-07 20:00:00,CORE_HR
EVT00060734,2023-07-22,EMP03679,CC0103,FI,2,Lateral Deployment,,CAD,CAN,2023-07-22 22:00:00,CORE_HR
EVT00061652,2023-07-10,EMP03272,CC0074,EC,1,Step Increment,57780.77,SGD,SG,2023-07-11 08:00:00,PAYROLL
EVT00060984,2023-07-04,EMP02815,CC0067,FI,2,Hire,94964.03,CAD,CAN,2023-07-04 12:00:00,CORE_HR
EVT00060960,2023-07-03,EMP02446,CC0062,AS,3,Hire,72742.99,CAD,CAN,2023-07-03 19:00:00,CORE_HR
EVT00061052,2023-07-27,EMP02882,CC0098,AS,4,Performance Pay,11154.37,CAD,CAN,2023-07-27 06:00:00,CORE_HR
EVT00060249,2023-07-11,EMP02112,CC0014,EX,1,Leave Return,,CAD,CA,2023-07-11 23:00:00,PAYROLL
EVT00061760,2023-07-17,EMP01106,CC0003,IT,1,Leave Return,,CAD,CA,2023-07-17 19:00:00,PAYROLL
EVT00060519,2023-07-02,EMP01555,CC0058,FI,1,Leave Start,,CAD,CA,2023-07-03 08:00:00,PAYROLL
EVT00060695,2023-07-18,EMP04128,CC0051,IT,2,Step Increment,88499.72,CAD,CA,2023-07-18 13:00:00,PAYROLL
EVT00061409,2023-07-23,EMP03758,CC0007,AS,3,Performance Pay,2288.41,EUR,DE,2023-07-23 13:00:00,PAYROLL
EVT00060004,2023-07-19,EMP02271,CC0030,PA,2,Leave Return,,AUD,AUS,2023-07-19 20:00:00,CORE_HR
EVT00061589,2023-07-05,EMP01311,CC0024,AS,2,Performance Pay,8531.87,CAD,CAN,2023-07-05 16:00:00,CORE_HR
EVT00059963,2023-07-14,EMP01081,CC0024,AS,2,Lateral Deployment,,CAD,CAN,2023-07-15 15:00:00,CORE_HR
EVT00061194,2023-07-17,EMP00960,CC0096,CR,4,Leave Start,,CAD,CAN,2023-07-17 21:00:00,CORE_HR
EVT00060626,2023-07-24,EMP00765,CC0113,AS,1,Step Increment,62863.03,CAD,CA,2023-07-24 07:00:00,PAYROLL
EVT00060942,2023-07-26,EMP01562,CC0046,CR,4,Step Increment,95642.65,AUD,AU,2023-07-27 06:00:00,PAYROLL
EVT00060342,2023-07-13,EMP00097,CC0005,PA,2,Leave Return,,CAD,CA,2023-07-13 18:00:00,PAYROLL
EVT00060234,2023-07-03,EMP04915,CC0100,EN,2,Step Increment,105154.19,CAD,CAN,2023-07-03 23:00:00,CORE_HR
EVT00060783,2023-07-26,EMP03045,CC0065,FI,1,Step Increment,54348.0,SGD,SG,2023-07-26 15:00:00,PAYROLL
EVT00060892,2023-07-05,EMP01856,CC0029,IT,1,Departure,,JPY,JP,2023-07-05 14:00:00,PAYROLL
EVT00061092,2023-07-16,EMP01643,CC0117,CR,4,Step Increment,75003.03,CAD,CA,2023-07-16 20:00:00,PAYROLL
EVT00061780,2023-07-13,EMP02055,CC0060,EX,1,Step Increment,134422.29,CAD,CA,2023-07-13 17:00:00,PAYROLL
EVT00060187,2023-07-26,EMP02730,CC0073,IT,3,Leave Start,,CAD,CA,2023-07-27 15:00:00,PAYROLL
EVT00060099,2023-07-22,EMP04565,CC0086,CR,1,Lateral Deployment,,GBP,GBR,2023-07-22 12:00:00,CORE_HR
EVT00060704,2023-07-22,EMP03189,CC0021,PA,3,Leave Return,,CAD,CAN,2023-07-22 11:00:00,CORE_HR
EVT00061763,2023-07-24,EMP02481,CC0008,AS,5,Step Increment,64721.52,CAD,CAN,2023-07-25 15:00:00,CORE_HR
EVT00059915,2023-07-21,EMP04685,CC0110,FI,4,Leave Start,,CAD,CA,2023-07-21 14:00:00,PAYROLL
EVT00060154,2023-07-20,EMP03487,CC0053,PA,3,Leave Return,,CAD,CA,2023-07-20 10:00:00,PAYROLL
EVT00060931,2023-07-06,EMP03919,CC0083,PA,4,Leave Start,,CAD,CAN,2023-07-07 08:00:00,CORE_HR
EVT00061200,2023-07-24,EMP01621,CC0102,PA,1,Step Increment,60015.04,CAD,CA,2023-07-25 04:00:00,PAYROLL
EVT00061570,2023-07-25,EMP00712,CC0102,IT,1,Leave Return,,CAD,CAN,2023-07-25 06:00:00,CORE_HR
EVT00060144,2023-07-20,EMP01005,CC0102,PA,1,Step Increment,68979.06,CAD,CA,2023-07-21 14:00:00,PAYROLL
EVT00060882,2023-07-11,EMP01626,CC0012,EC,2,Leave Start,,CAD,CA,2023-07-11 17:00:00,PAYROLL
EVT00060120,2023-07-08,EMP01192,CC0034,PA,2,Lateral Deployment,,CAD,CAN,2023-07-08 17:00:00,CORE_HR
EVT00061104,2023-07-04,EMP01038,CC0035,EX,1,Step Increment,151497.39,CAD,CAN,2023-07-05 10:00:00,CORE_HR
EVT00060165,2023-07-06,EMP01013,CC0076,AS,1,Leave Start,,CAD,CAN,2023-07-09 10:00:00,CORE_HR
EVT00060217,2023-07-18,EMP02641,CC0089,AS,1,Step Increment,60038.94,CAD,CAN,2023-07-19 04:00:00,CORE_HR
EVT00060372,2023-07-11,EMP01757,CC0023,IT,5,Step Increment,128403.41,CAD,CAN,2023-07-12 08:00:00,CORE_HR
EVT00061284,2023-07-24,EMP04075,CC0101,PA,3,Leave Start,,CAD,CAN,2023-07-24 23:00:00,CORE_HR
EVT00060848,2023-07-13,EMP01060,CC0042,CR,2,Step Increment,65126.61,CAD,CAN,2023-07-13 17:00:00,CORE_HR
EVT00060518,2023-07-03,EMP02172,CC0102,IT,1,Hire,81885.82,CAD,CAN,2023-07-03 15:00:00,CORE_HR
EVT00061449,2023-07-19,EMP02873,CC0003,PA,1,Departure,,CAD,CAN,2023-07-20 01:00:00,CORE_HR
EVT00060557,2023-07-01,EMP02786,CC0030,FI,2,Performance Pay,7068.29,USD,USA,2023-07-01 10:00:00,CORE_HR
EVT00061565,2023-07-05,EMP04255,CC0100,EX,1,Performance Pay,7822.89,CAD,CAN,2023-07-06 03:00:00,CORE_HR
EVT00059841,2023-07-08,EMP04777,CC0056,CR,3,Leave Start,,CAD,CAN,2023-07-09 09:00:00,CORE_HR
EVT00060334,2023-07-09,EMP01597,CC0026,IT,1,Step Increment,83171.52,CAD,CAN,2023-07-09 14:00:00,CORE_HR
EVT00059871,2023-07-27,EMP04418,CC0073,AS,4,Step Increment,64967.38,CAD,CA,2023-07-28 06:00:00,PAYROLL
EVT00061742,2023-07-03,EMP04751,CC0117,FI,3,Step Increment,106159.48,CAD,CAN,2023-07-03 23:00:00,CORE_HR
EVT00061707,2023-07-06,EMP01694,CC0081,EX,2,Step Increment,172926.23,CAD,CAN,2023-07-06 15:00:00,CORE_HR
EVT00061131,2023-07-14,EMP02252,CC0077,EN,4,Lateral Deployment,,CAD,CAN,2023-07-15 12:00:00,CORE_HR
EVT00060863,2023-07-02,EMP00789,CC0038,AS,1,Step Increment,60070.5,CAD,CAN,2023-07-02 10:00:00,CORE_HR
EVT00060571,2023-07-10,EMP01181,CC0112,FI,4,Hire,104747.89,CAD,CAN,2023-07-10 06:00:00,CORE_HR
EVT00060539,2023-07-06,EMP01237,CC0103,EX,1,Lateral Deployment,,CAD,CAN,2023-07-06 13:00:00,CORE_HR
EVT00060251,2023-07-08,EMP04007,CC0027,IT,3,Step Increment,103173.88,CAD,CAN,2023-07-08 23:00:00,CORE_HR
EVT00061671,2023-07-04,EMP01643,CC0117,CR,4,Step Increment,70366.61,CAD,CA,2023-07-04 21:00:00,PAYROLL
EVT00061140,2023-07-03,EMP04678,CC0020,EC,2,Leave Start,,CAD,CA,2023-07-03 20:00:00,PAYROLL
EVT00060143,2023-07-04,EMP00804,CC0022,EX,2,Leave Return,,CAD,CAN,2023-07-05 02:00:00,CORE_HR
EVT00061387,2023-07-01,EMP00941,CC0089,FI,3,Step Increment,101485.04,CAD,CAN,2023-07-01 12:00:00,CORE_HR
EVT00060158,2023-07-04,EMP03700,CC0057,PA,1,Step Increment,70205.62,CAD,CAN,2023-07-05 14:00:00,CORE_HR
EVT00060939,2023-07-12,EMP00930,CC0081,PA,2,Performance Pay,3464.67,CAD,CAN,2023-07-12 22:00:00,CORE_HR
EVT00060748,2023-07-11,EMP02140,CC0053,FI,4,Step Increment,118573.25,CAD,CAN,2023-07-12 12:00:00,CORE_HR
EVT00059772,2023-07-15,EMP05169,CC0066,EX,3,Hire,169121.81,CAD,CAN,2023-07-15 22:00:00,CORE_HR
EVT00061524,2023-07-07,EMP01093,CC0086,IT,3,Hire,12022446.92,KES,KE,2023-07-08 01:00:00,PAYROLL
EVT00061022,2023-07-06,EMP03925,CC0074,CR,3,Leave Start,,SGD,SG,2023-07-07 09:00:00,PAYROLL
EVT00059856,2023-07-18,EMP05005,CC0004,IT,5,Leave Return,,CAD,CA,2023-07-18 14:00:00,PAYROLL
EVT00060797,2023-07-10,EMP04894,CC0008,AS,4,Leave Return,,CAD,CAN,2023-07-11 02:00:00,CORE_HR
EVT00060923,2023-07-02,EMP02098,CC0114,EC,3,Step Increment,103304.2,CAD,CA,2023-07-03 04:00:00,PAYROLL
EVT00059813,2023-07-03,EMP03420,CC0107,EC,1,Promotion,72126.96,CAD,CAN,2023-07-03 06:00:00,CORE_HR
EVT00061307,2023-07-11,EMP03212,CC0031,PA,1,Step Increment,268095.62,BRL,BRA,2023-07-11 15:00:00,CORE_HR
EVT00060690,2023-07-09,EMP04397,CC0002,IT,1,Performance Pay,10034.81,CAD,CA,2023-07-09 09:00:00,PAYROLL
EVT00059770,2023-07-05,EMP01096,CC0085,PA,5,Step Increment,106415.01,CAD,CAN,2023-07-06 04:00:00,CORE_HR
EVT00061579,2023-07-06,EMP01450,CC0054,EC,2,Step Increment,266927.5,AED,AE,2023-07-07 14:00:00,PAYROLL
EVT00060180,2023-07-18,EMP03337,CC0097,PA,3,Performance Pay,7054.41,CAD,CA,2023-07-19 07:00:00,PAYROLL
EVT00060147,2023-07-22,EMP02024,CC0107,PA,4,Step Increment,70210.95,CAD,CA,2023-07-23 07:00:00,PAYROLL
EVT00060623,2023-07-19,EMP00879,CC0118,PA,3,Lateral Deployment,,CAD,CAN,2023-07-20 03:00:00,CORE_HR
EVT00060388,2023-07-13,EMP02592,CC0059,CR,2,Step Increment,55500.1,CAD,CA,2023-07-14 08:00:00,PAYROLL
EVT00061603,2023-07-16,EMP04223,CC0019,EX,1,Step Increment,102012.15,CAD,CA,2023-07-16 22:00:00,PAYROLL
EVT00061182,2023-07-12,EMP00224,CC0015,IT,3,Leave Return,,CAD,CAN,2023-07-12 06:00:00,CORE_HR
EVT00061622,2023-07-14,EMP04359,CC0086,EX,2,Leave Return,,MXN,MEX,2023-07-15 02:00:00,CORE_HR
EVT00059849,2023-07-07,EMP00903,CC0093,IT,4,Hire,127515.47,CAD,CAN,2023-07-08 01:00:00,CORE_HR
EVT00061274,2023-07-13,EMP04643,CC0003,AS,5,Performance Pay,3857.97,CAD,CAN,2023-07-13 13:00:00,CORE_HR
EVT00060196,2023-07-20,EMP01702,CC0112,IT,1,Hire,88739.6,CAD,CA,2023-07-20 20:00:00,PAYROLL
EVT00059888,2023-07-24,EMP01779,CC0020,EN,2,Performance Pay,4976.12,CAD,CA,2023-07-25 23:00:00,PAYROLL
EVT00061502,2023-07-14,EMP02493,CC0116,EN,2,Step Increment,108994.94,CAD,CAN,2023-07-15 05:00:00,CORE_HR
EVT00059779,2023-07-11,EMP00876,CC0102,CR,3,Step Increment,63636.07,CAD,CAN,2023-07-12 01:00:00,CORE_HR
EVT00059995,2023-07-23,EMP99999,CC0080,PA,2,Promotion,47534.92,GBP,GBR,2023-07-24 11:00:00,CORE_HR
EVT00060326,2023-07-02,EMP03687,CC0017,CR,3,Promotion,66996.08,CAD,CAN,2023-07-03 14:00:00,CORE_HR
EVT00060548,2023-07-21,EMP04989,CC0006,AS,3,Departure,,CAD,CAN,2023-07-22 13:00:00,CORE_HR
EVT00061393,2023-07-02,EMP01003,CC0013,CR,2,Leave Start,,CAD,CAN,2023-07-03 15:00:00,CORE_HR
EVT00060012,2023-07-14,EMP00674,CC0026,EC,5,Performance Pay,10764.56,CAD,CAN,2023-07-14 19:00:00,CORE_HR
EVT00060451,2023-07-27,EMP01959,CC0065,AS,2,Leave Return,,AED,AE,2023-07-27 12:00:00,PAYROLL
EVT00061610,2023-07-03,EMP01916,CC0038,CR,1,Performance Pay,2993.7,CAD,CAN,2023-07-03 16:00:00,CORE_HR
EVT00060384,2023-07-25,EMP04541,CC0113,FI,2,Performance Pay,9156.89,CAD,CAN,2023-07-25 07:00:00,CORE_HR
EVT00060868,2023-07-02,EMP00521,CC0116,EC,4,Step Increment,121273.85,CAD,CAN,2023-07-02 08:00:00,CORE_HR
EVT00060823,2023-07-15,EMP03938,CC0080,PA,1,Hire,54673.89,SGD,SGP,2023-07-15 07:00:00,CORE_HR
EVT00061716,2023-07-23,EMP00082,CC0061,FI,3,Lateral Deployment,,CAD,CAN,2023-07-24 09:00:00,CORE_HR
EVT00060020,2023-07-17,EMP00943,CC0101,EN,1,Step Increment,91419.76,CAD,CA,2023-07-18 13:00:00,PAYROLL
EVT00060444,2023-07-04,EMP02059,CC0031,IT,3,Step Increment,153041.81,AUD,AU,2023-07-05 10:00:00,PAYROLL
EVT00060490,2023-07-23,EMP02932,CC0004,AS,2,Performance Pay,6491.95,CAD,CA,2023-07-23 07:00:00,PAYROLL
EVT00061659,2023-07-20,EMP02851,CC0098,AS,2,Leave Start,,CAD,CA,2023-07-21 02:00:00,PAYROLL
EVT00060550,2023-07-22,EMP01031,CC0108,EX,2,Performance Pay,192556.0,MXN,MEX,2023-07-23 07:00:00,CORE_HR
EVT00059922,2023-07-03,EMP00910,CC0098,FI,3,Step Increment,105663.38,CAD,CAN,2023-07-03 09:00:00,CORE_HR
EVT00060747,2023-07-14,EMP02996,CC0114,PA,5,Performance Pay,9741.45,CAD,CAN,2023-07-15 12:00:00,CORE_HR
EVT00060820,2023-07-17,EMP05121,CC0032,IT,4,Step Increment,121666.92,CAD,CA,2023-07-17 17:00:00,PAYROLL
EVT00060758,2023-07-26,EMP00022,CC0064,EX,3,Performance Pay,22470.57,CAD,CAN,2023-07-27 08:00:00,CORE_HR
EVT00060921,2023-07-24,EMP01554,CC0047,CR,5,Lateral Deployment,,CAD,CAN,2023-07-25 06:00:00,CORE_HR
EVT00060070,2023-07-20,EMP02454,CC0062,EN,1,Step Increment,104405.05,CAD,CAN,2023-07-21 01:00:00,CORE_HR
EVT00059921,2023-07-26,EMP00773,CC0092,EC,2,Leave Start,,CAD,CAN,2023-07-26 19:00:00,CORE_HR
EVT00061067,2023-07-10,EMP04794,CC0032,FI,2,Performance Pay,8508.65,CAD,CAN,2023-07-10 21:00:00,CORE_HR
EVT00061306,2023-07-05,EMP00444,CC0018,PA,2,Step Increment,79158.72,CAD,CAN,2023-07-06 08:00:00,CORE_HR
EVT00061159,2023-07-27,EMP03026,CC0059,PA,4,Step Increment,111024.44,CAD,CA,2023-07-27 17:00:00,PAYROLL
EVT00060937,2023-07-13,EMP00900,CC0105,EX,2,Lateral Deployment,,INR,IND,2023-07-14 11:00:00,CORE_HR
EVT00061064,2023-07-27,EMP02785,CC0082,PA,5,Step Increment,94532.09,CAD,CAN,2023-07-27 15:00:00,CORE_HR
EVT00061558,2023-07-23,EMP01251,CC0070,EN,3,Leave Return,,CAD,CA,2023-07-24 01:00:00,PAYROLL
EVT00061137,2023-07-04,EMP05011,CC0029,CR,1,Lateral Deployment,,GBP,GBR,2023-07-04 16:00:00,CORE_HR
EVT00060071,2023-07-15,EMP01372,CC0052,IT,2,Step Increment,117328.97,CAD,CAN,2023-07-16 14:00:00,CORE_HR
EVT00059811,2023-07-22,EMP02494,CC0059,PA,2,Step Increment,69683.74,CAD,CAN,2023-07-23 12:00:00,CORE_HR
EVT00060517,2023-07-22,EMP00095,CC0058,EX,1,Lateral Deployment,,CAD,CA,2023-07-23 10:00:00,PAYROLL
EVT00060583,2023-07-05,EMP00745,CC0063,AS,5,Leave Return,,CAD,CA,2023-07-06 11:00:00,PAYROLL
EVT00060720,2023-07-23,EMP02630,CC0010,AS,2,Step Increment,61438.15,CAD,CAN,2023-07-23 06:00:00,CORE_HR
EVT00059855,1900-01-01,EMP03787,CC0010,AS,1,Promotion,57730.2,CAD,CA,2023-07-07 09:00:00,PAYROLL
EVT00059788,2023-07-07,EMP04557,CC0102,PA,4,Leave Start,,CAD,CAN,2023-07-08 03:00:00,CORE_HR
EVT00061265,2023-07-18,EMP00322,CC0053,FI,3,Step Increment,95962.07,CAD,CA,2023-07-19 01:00:00,PAYROLL
EVT00061081,2023-07-26,EMP04471,CC0079,PA,3,Leave Return,,CAD,CAN,2023-07-26 11:00:00,CORE_HR
EVT00060855,2023-07-24,EMP01623,CC0033,EN,4,Step Increment,114558.08,CAD,CAN,2023-07-24 07:00:00,CORE_HR
EVT00060526,2023-07-10,EMP01494,CC0025,IT,3,Step Increment,106408.04,CAD,CAN,2023-07-10 11:00:00,CORE_HR
EVT00060526,2023-07-10,EMP01494,CC0025,IT,3,Step Increment,106408.04,CAD,CAN,2023-07-10 16:00:00,CORE_HR
EVT00061091,2023-07-08,EMP03500,CC0107,EN,1,Hire,77509.33,CAD,CA,2023-07-08 10:00:00,PAYROLL
EVT00061504,2023-07-27,EMP03675,CC0096,FI,2,Leave Return,,CAD,CA,2023-07-28 13:00:00,PAYROLL
EVT00060208,2023-07-24,EMP04113,CC0108,FI,2,Step Increment,61160.27,GBP,GB,2023-07-26 16:00:00,PAYROLL
EVT00060093,2023-07-09,EMP02768,CC0001,EN,3,Leave Start,,CAD,CAN,2023-07-10 13:00:00,CORE_HR
EVT00060246,2023-07-26,EMP02103,CC0051,EX,2,Performance Pay,8980.71,CAD,CA,2023-07-26 08:00:00,PAYROLL
EVT00061172,2023-07-06,EMP01200,CC0089,PA,1,Lateral Deployment,,CAD,CAN,2023-07-07 04:00:00,CORE_HR
EVT00060398,2023-07-18,EMP02512,CC0049,EN,3,Lateral Deployment,,MXN,MX,2023-07-18 12:00:00,PAYROLL
EVT00060462,2023-07-01,EMP01811,CC0089,IT,2,Step Increment,99922.59,CAD,CA,2023-07-02 02:00:00,PAYROLL
EVT00060767,2023-07-22,EMP00177,CC0054,EX,1,Lateral Deployment,,EUR,FRA,2023-07-22 10:00:00,CORE_HR
EVT00061456,2023-07-04,EMP04562,CC0069,EN,1,Lateral Deployment,,CAD,CAN,2023-07-05 13:00:00,CORE_HR
EVT00060488,2023-07-02,EMP03740,CC0048,FI,5,Step Increment,112912.01,CAD,CAN,2023-07-02 23:00:00,CORE_HR
EVT00060270,2023-07-07,EMP02542,CC0089,AS,3,Step Increment,74478.48,CAD,CAN,2023-07-08 08:00:00,CORE_HR
EVT00060240,2023-07-10,EMP03158,CC0019,PA,2,Step Increment,66886.11,CAD,CAN,2023-07-11 08:00:00,CORE_HR
EVT00061600,2023-07-24,EMP02940,CC0051,PA,3,Step Increment,87650.42,CAD,CAN,2023-07-24 19:00:00,CORE_HR
EVT00059934,2023-07-02,EMP04179,CC0108,IT,3,Leave Start,,JPY,JPN,2023-07-03 07:00:00,CORE_HR
EVT00060394,2023-07-21,EMP00627,CC0014,CR,3,Step Increment,69464.74,CAD,CA,2023-07-24 12:00:00,PAYROLL
EVT00061118,2023-07-05,EMP02438,CC0056,PA,4,Leave Return,,CAD,CA,2023-07-05 15:00:00,PAYROLL
EVT00060461,2023-07-19,EMP00702,CC0017,FI,1,Step Increment,54345.12,CAD,CA,2023-07-20 00:00:00,PAYROLL
EVT00061499,2023-07-02,EMP04238,CC0081,CR,1,Lateral Deployment,,CAD,CAN,2023-07-03 01:00:00,CORE_HR
EVT00059924,2023-07-17,EMP00468,CC0028,PA,2,Step Increment,80215.71,CAD,CA,2023-07-18 13:00:00,PAYROLL
EVT00060598,2023-07-10,EMP03238,CC0117,FI,1,Step Increment,79374.06,CAD,CAN,2023-07-10 18:00:00,CORE_HR
EVT00061617,2023-07-02,EMP03763,CC0053,EX,2,Leave Start,,CAD,CAN,2023-07-02 12:00:00,CORE_HR
EVT00061458,2023-07-09,EMP02710,CC0005,EX,2,Step Increment,165501.42,CAD,CA,2023-07-09 22:00:00,PAYROLL
EVT00059892,2023-07-08,EMP00745,CC0063,AS,5,Leave Start,,CAD,CA,2023-07-08 19:00:00,PAYROLL
EVT00060074,2023-07-04,EMP00254,CC0077,AS,5,Step Increment,92785.0,CAD,CA,2023-07-05 10:00:00,PAYROLL
EVT00061768,2023-07-27,EMP03084,CC0072,AS,3,Step Increment,71499.73,CAD,CAN,2023-07-28 11:00:00,CORE_HR
EVT00061155,2023-07-17,EMP04273,CC0099,EN,1,Promotion,92928.38,CAD,CA,2023-07-18 15:00:00,PAYROLL
EVT00061229,2023-07-13,EMP02870,CC0015,CR,3,Step Increment,82039.55,CAD,CAN,2023-07-13 14:00:00,CORE_HR
EVT00059740,2023-07-10,EMP00269,CC0081,PA,1,Lateral Deployment,,CAD,CA,2023-07-11 06:00:00,PAYROLL
EVT00060966,2023-07-07,EMP04054,CC0041,IT,1,Step Increment,65709.23,CAD,CAN,2023-07-07 11:00:00,CORE_HR
EVT00060595,2023-07-01,EMP02773,CC0088,PA,1,Step Increment,50461.63,USD,USA,2023-07-01 14:00:00,CORE_HR
EVT00061053,2023-07-23,EMP02361,CC0066,FI,3,Performance Pay,5687.01,CAD,CAN,2023-07-24 08:00:00,CORE_HR
EVT00061128,2023-07-17,EMP03036,CC0114,PA,1,Leave Start,,CAD,CA,2023-07-17 15:00:00,PAYROLL
EVT00061013,2023-07-15,EMP01813,CC0072,EC,3,Step Increment,95380.11,CAD,CA,2023-07-15 18:00:00,PAYROLL
EVT00061121,2023-07-18,EMP00542,CC0117,EX,1,Hire,133625.57,CAD,CA,2023-07-19 05:00:00,PAYROLL
EVT00060409,2023-07-12,EMP03113,CC0006,PA,2,Leave Start,,CAD,CAN,2023-07-12 06:00:00,CORE_HR
EVT00060041,2023-07-03,EMP03192,CC0016,IT,1,Step Increment,81937.26,CAD,CA,2023-07-03 16:00:00,PAYROLL
EVT00060230,2023-07-12,EMP00872,CC0004,IT,4,Step Increment,129747.0,CAD,CAN,2023-07-13 12:00:00,CORE_HR
EVT00061713,2023-07-09,EMP04707,CC0112,CR,1,Leave Start,,CAD,CAN,2023-07-10 00:00:00,CORE_HR
EVT00061015,2023-07-23,EMP05169,CC0066,EX,3,Promotion,181471.46,CAD,CA,2023-07-24 00:00:00,PAYROLL
EVT00061730,2023-07-27,EMP01335,CC0080,FI,2,Step Increment,7000343.39,JPY,JPN,2023-07-28 02:00:00,CORE_HR
EVT00060834,2023-07-05,EMP03969,CC0033,AS,1,Departure,,CAD,CA,2023-07-05 22:00:00,PAYROLL
EVT00060902,2023-07-21,EMP01104,CC0048,CR,3,Lateral Deployment,,CAD,CAN,2023-07-22 09:00:00,CORE_HR
EVT00060135,2023-07-25,EMP04871,CC0105,FI,1,Performance Pay,5820.96,USD,USA,2023-07-26 10:00:00,CORE_HR
EVT00061285,2023-07-05,EMP01534,CC0044,EN,4,Step Increment,122741.47,CAD,CAN,2023-07-05 07:00:00,CORE_HR
EVT00061604,2023-07-26,EMP03594,CC0012,IT,2,Leave Return,,CAD,CA,2023-07-27 06:00:00,PAYROLL
EVT00061218,2023-07-01,EMP03827,CC0019,AS,2,Step Increment,67670.72,CAD,CAN,2023-07-01 21:00:00,CORE_HR
EVT00059973,2023-07-15,EMP00679,CC0029,FI,1,Step Increment,293117.53,BRL,BRA,2023-07-15 17:00:00,CORE_HR
EVT00060216,2023-07-10,EMP04067,CC0097,PA,1,Leave Start,,CAD,CAN,2023-07-11 01:00:00,CORE_HR
EVT00060979,2023-07-24,EMP03141,CC0039,PA,3,Promotion,83958.66,CAD,CAN,2023-07-25 06:00:00,CORE_HR
EVT00060060,2023-07-19,EMP02032,CC0089,EC,3,Step Increment,93029.62,CAD,CAN,2023-07-19 23:00:00,CORE_HR
EVT00060457,2023-07-03,EMP03248,CC0088,IT,3,Step Increment,102981.14,EUR,DE,2023-07-04 15:00:00,PAYROLL
EVT00059979,2023-07-16,EMP02915,CC0032,IT,2,Step Increment,102303.99,CAD,CAN,2023-07-16 19:00:00,CORE_HR
EVT00061756,2023-07-18,EMP01751,CC0066,AS,4,Leave Return,,CAD,CAN,2023-07-18 17:00:00,CORE_HR
EVT00061608,2023-07-18,EMP04591,CC0099,EX,1,Step Increment,142818.91,CAD,CAN,2023-07-19 15:00:00,CORE_HR
EVT00061138,2023-07-08,EMP03091,CC0092,EN,1,Leave Start,,CAD,CA,2023-07-09 07:00:00,PAYROLL
EVT00061378,2023-07-14,EMP00090,CC0069,AS,2,Step Increment,64985.73,CAD,CAN,2023-07-14 07:00:00,CORE_HR
EVT00059742,2023-07-06,EMP00471,CC0011,IT,1,Step Increment,76214.63,CAD,CA,2023-07-10 01:00:00,PAYROLL
EVT00059781,2023-07-17,EMP04463,CC0016,IT,2,Step Increment,111030.64,CAD,CAN,2023-07-17 06:00:00,CORE_HR
EVT00061442,2023-07-15,EMP01763,CC0004,FI,4,Departure,,CAD,CA,2023-07-15 21:00:00,PAYROLL
EVT00060036,2023-07-25,EMP00981,CC0075,EC,1,Step Increment,78131.83,CAD,CA,2023-07-25 12:00:00,PAYROLL
EVT00060712,2023-07-22,EMP00565,CC0110,AS,5,Leave Start,,CAD,CAN,2023-07-23 06:00:00,CORE_HR
EVT00061188,2023-07-13,EMP03605,CC0001,AS,2,Step Increment,72290.58,CAD,CAN,2023-07-13 08:00:00,CORE_HR
EVT00059996,2023-07-14,EMP02336,CC0005,AS,1,Lateral Deployment,,CAD,CA,2023-07-14 10:00:00,PAYROLL
EVT00060962,2023-07-13,EMP02479,CC0096,IT,3,Step Increment,109523.62,CAD,CA,2023-07-14 03:00:00,PAYROLL
EVT00061048,2023-07-25,EMP02386,CC0109,PA,5,Leave Start,,CAD,CAN,2023-07-26 10:00:00,CORE_HR
EVT00060601,2023-07-05,EMP00274,CC0062,PA,1,Leave Start,,CAD,CA,2023-07-05 19:00:00,PAYROLL
EVT00061087,2023-07-19,EMP00971,CC0113,AS,1,Leave Start,,CAD,CAN,2023-07-20 14:00:00,CORE_HR
EVT00060215,2023-07-12,EMP00678,CC0094,AS,2,Step Increment,68895.21,CAD,CAN,2023-07-13 04:00:00,CORE_HR
EVT00060356,2023-07-05,EMP00195,CC0055,IT,2,Step Increment,94637.19,CAD,CAN,2023-07-05 16:00:00,CORE_HR
EVT00061754,2023-07-18,EMP00185,CC0111,IT,2,Performance Pay,713561.57,INR,IN,2023-07-18 09:00:00,PAYROLL
EVT00060903,2023-07-17,EMP04438,CC0001,EN,1,Leave Start,,CAD,CAN,2023-07-17 06:00:00,CORE_HR
EVT00060037,2023-07-18,EMP04492,CC0085,IT,2,Lateral Deployment,,CAD,CA,2023-07-18 08:00:00,PAYROLL
EVT00061788,2023-07-18,EMP01288,CC0019,EN,2,Lateral Deployment,,CAD,CA,2023-07-19 04:00:00,PAYROLL
EVT00060833,2023-07-03,EMP03376,CC0074,IT,1,Lateral Deployment,,KES,KEN,2023-07-03 19:00:00,CORE_HR
EVT00060090,2023-07-24,EMP03650,CC0052,PA,1,Lateral Deployment,,CAD,CAN,2023-07-24 06:00:00,CORE_HR
EVT00061468,2023-07-24,EMP02957,CC0032,EX,2,Step Increment,160633.67,CAD,CA,2023-07-24 11:00:00,PAYROLL
EVT00060633,2023-07-01,EMP03335,CC0003,IT,2,Hire,99746.08,CAD,CA,2023-07-01 11:00:00,PAYROLL
EVT00060805,2023-07-05,EMP01389,CC0022,EX,1,Performance Pay,7928.78,CAD,CAN,2023-07-06 06:00:00,CORE_HR
EVT00060395,2023-07-01,EMP01787,CC0060,IT,4,Step Increment,105604.29,CAD,CAN,2023-07-02 02:00:00,CORE_HR
EVT00060498,2023-07-10,EMP03208,CC0023,PA,5,Step Increment,77149.94,CAD,CA,2023-07-10 22:00:00,PAYROLL
EVT00060818,2023-07-27,EMP03137,CC0051,EC,3,Lateral Deployment,,CAD,CAN,2023-07-28 05:00:00,CORE_HR
EVT00060804,2023-07-10,EMP04256,CC0074,EN,3,Promotion,69890.72,EUR,DE,2023-07-10 13:00:00,PAYROLL
EVT00061056,2023-07-07,EMP04145,CC0107,EN,1,Step Increment,93170.19,CAD,CA,2023-07-07 12:00:00,PAYROLL
EVT00061296,2023-07-01,EMP00001,CC0062,CR,1,Leave Start,,CAD,CAN,2023-07-01 11:00:00,CORE_HR
EVT00060684,2023-07-10,EMP00259,CC0094,EC,2,Step Increment,81533.14,CAD,CAN,2023-07-10 07:00:00,CORE_HR
EVT00059847,2023-07-01,EMP01941,CC0071,CR,3,Leave Return,,CAD,CAN,2023-07-01 15:00:00,CORE_HR
EVT00061513,2023-07-03,EMP00700,CC0111,EN,3,Performance Pay,1352645.37,JPY,JPN,2023-07-03 21:00:00,CORE_HR
EVT00060412,2023-07-24,EMP00911,CC0005,AS,3,Leave Return,,CAD,CAN,2023-07-24 11:00:00,CORE_HR
EVT00060382,2023-07-13,EMP02321,CC0097,PA,3,Departure,,CAD,CA,2023-07-13 10:00:00,PAYROLL
EVT00061439,2023-07-19,EMP05064,CC0043,AS,5,Hire,94770.56,CAD,CA,2023-07-20 07:00:00,PAYROLL
EVT00061667,2023-07-12,EMP00731,CC0117,EC,1,Lateral Deployment,,CAD,CAN,2023-07-13 09:00:00,CORE_HR
EVT00060183,2023-07-16,EMP01347,CC0071,EX,1,Leave Return,,CAD,CA,2023-07-16 18:00:00,PAYROLL
EVT00060655,2023-07-01,EMP00270,CC0106,IT,2,Leave Start,,CAD,CA,2023-07-02 09:00:00,PAYROLL
EVT00061557,2023-07-21,EMP01068,CC0063,IT,2,Leave Start,,CAD,CAN,2023-07-21 08:00:00,CORE_HR
EVT00061051,2023-07-05,EMP03717,CC0005,PA,4,Departure,,CAD,CAN,2023-07-05 16:00:00,CORE_HR
EVT00060236,2023-07-23,EMP04848,CC0045,PA,3,Performance Pay,4429.48,CAD,CA,2023-07-24 11:00:00,PAYROLL
EVT00060936,2023-07-02,EMP03489,CC0032,FI,2,Step Increment,69698.74,CAD,CAN,2023-07-03 05:00:00,CORE_HR
EVT00061343,2023-07-09,EMP00809,CC0062,EX,1,Step Increment,132165.45,CAD,CA,2023-07-09 18:00:00,PAYROLL
EVT00060189,2023-07-19,EMP00961,CC0024,IT,2,Leave Start,,CAD,CAN,2023-07-20 00:00:00,CORE_HR
EVT00060295,2023-07-26,EMP03547,CC0116,EC,2,Leave Start,,CAD,CAN,2023-07-27 05:00:00,CORE_HR
EVT00060064,2023-07-21,EMP00279,CC0116,EN,3,Promotion,89824.19,CAD,CAN,2023-07-21 11:00:00,CORE_HR
EVT00060492,2023-07-01,EMP04297,CC0105,PA,2,Step Increment,301919.69,BRL,BRA,2023-07-02 11:00:00,CORE_HR
EVT00061549,2023-07-03,EMP02013,CC0116,AS,4,Hire,81032.46,CAD,CA,2023-07-04 12:00:00,PAYROLL
EVT00061643,2023-07-22,EMP00866,CC0044,EC,4,Performance Pay,5113.72,CAD,CA,2023-07-23 02:00:00,PAYROLL
EVT00059803,2023-07-01,EMP00807,CC0027,AS,1,Performance Pay,7152.31,CAD,CAN,2023-07-02 04:00:00,CORE_HR
EVT00061204,2023-07-16,EMP02206,CC0023,AS,3,Step Increment,67489.96,CAD,CAN,2023-07-17 10:00:00,CORE_HR
EVT00060807,2023-07-07,EMP04799,CC0039,EX,2,Leave Return,,CAD,CA,2023-07-07 18:00:00,PAYROLL
EVT00060989,2023-07-27,EMP00574,CC0072,EC,2,Hire,84178.29,XXX,CA,2023-07-28 01:00:00,PAYROLL
EVT00061362,2023-07-26,EMP01029,CC0089,CR,3,Departure,,CAD,CA,2023-07-26 08:00:00,PAYROLL
EVT00060406,2023-07-15,EMP05108,CC0013,PA,2,Leave Start,,CAD,CAN,2023-07-16 08:00:00,CORE_HR
EVT00061293,2023-07-11,EMP00244,CC0031,PA,3,Step Increment,8724933.3,KES,KEN,2023-07-11 11:00:00,CORE_HR
EVT00061744,2023-07-24,EMP00362,CC0093,AS,1,Performance Pay,6853.16,CAD,CAN,2023-07-24 07:00:00,CORE_HR
EVT00060832,2023-07-09,EMP01202,CC0061,CR,2,Lateral Deployment,,CAD,CAN,2023-07-10 01:00:00,CORE_HR
EVT00061079,2023-07-07,EMP01022,CC0111,CR,1,Step Increment,43046.65,SGD,SGP,2023-07-10 21:00:00,CORE_HR
EVT00060014,2023-07-22,EMP01676,CC0116,EX,1,Leave Return,,CAD,CAN,2023-07-22 18:00:00,CORE_HR
EVT00061134,2023-07-12,EMP02643,CC0013,PA,1,Performance Pay,6152.04,CAD,CA,2023-07-12 20:00:00,PAYROLL
EVT00061078,2023-07-09,EMP03989,CC0041,FI,3,Step Increment,101904.84,CAD,CAN,2023-07-09 20:00:00,CORE_HR
EVT00060981,2023-07-14,EMP04461,CC0003,FI,2,Hire,82663.61,CAD,CAN,2023-07-15 02:00:00,CORE_HR
EVT00061537,2023-07-06,EMP00566,CC0032,IT,3,Step Increment,120586.16,CAD,CA,2023-07-06 12:00:00,PAYROLL
EVT00060754,2023-07-09,EMP01174,CC0036,FI,3,Lateral Deployment,,CAD,CA,2023-07-09 06:00:00,PAYROLL
EVT00061374,2023-07-27,EMP00325,CC0043,IT,3,Lateral Deployment,,CAD,CAN,2023-07-28 12:00:00,CORE_HR
EVT00060151,2023-07-22,EMP02151,CC0070,AS,2,Departure,,CAD,CAN,2023-07-22 07:00:00,CORE_HR
EVT00061543,2023-07-18,EMP03510,CC0056,PA,1,Performance Pay,8000.33,CAD,CAN,2023-07-18 15:00:00,CORE_HR
EVT00060160,2023-07-09,EMP00640,CC0024,AS,2,Step Increment,72734.02,CAD,CA,2023-07-10 07:00:00,PAYROLL
EVT00060725,2023-07-22,EMP03576,CC0043,CR,4,Lateral Deployment,,CAD,CA,2023-07-22 16:00:00,PAYROLL
EVT00061525,2023-07-07,EMP02473,CC0060,PA,4,Step Increment,90432.26,CAD,CA,2023-07-07 16:00:00,PAYROLL
EVT00061130,2023-07-21,EMP01165,CC0074,IT,5,Lateral Deployment,,KES,KE,2023-07-22 04:00:00,PAYROLL
EVT00059822,2023-07-02,EMP00081,CC0094,AS,2,Step Increment,48087.31,CAD,CAN,2023-07-02 23:00:00,CORE_HR
EVT00060924,2023-07-04,EMP03130,CC0012,EC,3,Step Increment,95360.94,CAD,CAN,2023-07-04 17:00:00,CORE_HR
EVT00061437,2023-07-25,EMP02848,CC0016,PA,1,Step Increment,67040.01,CAD,CAN,2023-07-26 09:00:00,CORE_HR
EVT00060487,2023-07-09,EMP02408,CC0012,IT,2,Step Increment,98050.76,CAD,CAN,2023-07-10 12:00:00,CORE_HR
EVT00059987,2023-07-04,EMP01314,CC0061,PA,2,Lateral Deployment,,CAD,CA,2023-07-04 11:00:00,PAYROLL
EVT00060730,2023-07-06,EMP00878,CC0037,EX,1,Step Increment,139213.2,CAD,CAN,2023-07-06 15:00:00,CORE_HR
EVT00060344,2023-07-22,EMP02702,CC0078,EX,2,Step Increment,155503.14,CAD,CAN,2023-07-23 01:00:00,CORE_HR
EVT00060272,2023-07-02,EMP00547,CC0118,EX,1,Hire,131496.56,CAD,CAN,2023-07-03 07:00:00,CORE_HR
EVT00061593,2023-07-07,EMP00993,CC0056,IT,4,Step Increment,127197.52,CAD,CAN,2023-07-07 08:00:00,CORE_HR
EVT00060810,2023-07-19,EMP03802,CC0119,AS,2,Promotion,72359.49,CAD,CAN,2023-07-19 23:00:00,CORE_HR
EVT00061084,2023-07-22,EMP04480,CC0092,PA,4,Leave Return,,CAD,CAN,2023-07-22 11:00:00,CORE_HR
EVT00060922,2023-07-11,EMP04375,CC0099,FI,1,Hire,82124.66,CAD,CA,2023-07-12 04:00:00,PAYROLL
EVT00061386,2023-07-18,EMP01333,CC0119,EC,4,Promotion,110637.86,CAD,CAN,2023-07-18 09:00:00,CORE_HR
EVT00059964,2023-07-02,EMP04162,CC0062,IT,4,Hire,131625.59,CAD,CAN,2023-07-02 16:00:00,CORE_HR
EVT00060089,2023-07-04,EMP01097,CC0068,EC,3,Leave Return,,CAD,CAN,2023-07-04 14:00:00,CORE_HR
EVT00060471,2023-07-23,EMP01482,CC0029,CR,1,Lateral Deployment,,EUR,FR,2023-07-24 02:00:00,PAYROLL
EVT00061601,2023-07-12,EMP01443,CC0039,EN,2,Performance Pay,5006.12,CAD,CAN,2023-07-12 15:00:00,CORE_HR
EVT00059887,2023-07-07,EMP02115,CC0080,EC,4,Step Increment,343194.19,BRL,BRA,2023-07-08 11:00:00,CORE_HR
EVT00060423,2023-07-18,EMP04043,CC0039,PA,1,Hire,62742.86,CAD,CAN,2023-07-19 14:00:00,CORE_HR
EVT00060987,2023-07-21,EMP02790,CC0118,PA,2,Performance Pay,6122.54,CAD,CA,2023-07-21 09:00:00,PAYROLL
EVT00060194,2023-07-25,EMP02790,CC0118,PA,2,Performance Pay,8978.61,CAD,CAN,2023-07-25 12:00:00,CORE_HR
EVT00059899,2023-07-17,EMP00222,CC0119,PA,4,Step Increment,94643.62,CAD,CA,2023-07-18 08:00:00,PAYROLL
EVT00061421,2023-07-06,EMP00004,CC0101,EC,3,Promotion,107779.15,CAD,CA,2023-07-06 08:00:00,PAYROLL
EVT00061654,2023-07-22,EMP04388,CC0095,IT,2,Departure,,CAD,CAN,2023-07-22 10:00:00,CORE_HR
EVT00060383,2023-07-25,EMP05197,CC0101,FI,2,Promotion,89400.32,CAD,CA,2023-07-26 07:00:00,PAYROLL
EVT00061563,2023-07-14,EMP00464,CC0033,PA,2,Leave Return,,CAD,CAN,2023-07-14 16:00:00,CORE_HR
EVT00060636,2023-07-12,EMP01464,CC0036,EX,1,Performance Pay,15651.5,CAD,CAN,2023-07-12 06:00:00,CORE_HR
EVT00060851,2023-07-03,EMP01903,CC0003,FI,2,Performance Pay,4252.4,CAD,CAN,2023-07-04 06:00:00,CORE_HR
EVT00061281,2023-07-19,EMP04641,CC0051,EN,3,Step Increment,115064.51,CAD,CAN,2023-07-20 03:00:00,CORE_HR
EVT00061345,2023-07-18,EMP03235,CC0087,EC,3,Step Increment,99563.41,CAD,CAN,2023-07-18 08:00:00,CORE_HR
EVT00060943,2023-07-07,EMP01070,CC0023,CR,1,Lateral Deployment,,CAD,CAN,2023-07-08 06:00:00,CORE_HR
EVT00060929,2023-07-01,EMP00845,CC0052,PA,2,Step Increment,74603.36,CAD,CAN,2023-07-02 06:00:00,CORE_HR
EVT00061478,2023-07-12,EMP04279,CC0115,PA,5,Hire,99674.38,CAD,CA,2023-07-13 13:00:00,PAYROLL
EVT00061367,2023-07-21,EMP04033,CC0098,EN,2,Hire,106330.65,CAD,CA,2023-07-21 06:00:00,PAYROLL
EVT00060652,2023-07-22,EMP04780,CC0047,PA,1,Performance Pay,5513.49,CAD,CAN,2023-07-22 22:00:00,CORE_HR
EVT00060035,2023-07-07,EMP05176,CC0053,AS,1,Leave Return,,CAD,CAN,2023-07-07 20:00:00,CORE_HR
EVT00061102,2023-07-25,EMP04930,CC0037,FI,5,Departure,,CAD,CA,2023-07-26 08:00:00,PAYROLL
EVT00060188,2023-07-08,EMP01898,CC0028,CR,2,Step Increment,55089.97,CAD,CAN,2023-07-08 18:00:00,CORE_HR
EVT00060426,2023-07-08,EMP02635,CC0025,EX,2,Lateral Deployment,,CAD,CAN,2023-07-09 04:00:00,CORE_HR
EVT00060468,2023-07-24,EMP01618,CC0101,IT,1,Lateral Deployment,,CAD,CA,2023-07-24 21:00:00,PAYROLL
EVT00061360,2023-07-25,EMP01532,CC0053,CR,3,Hire,69778.69,CAD,CA,2023-07-26 09:00:00,PAYROLL
EVT00060954,2023-07-23,EMP00349,CC0112,EC,3,Step Increment,111507.54,CAD,CAN,2023-07-23 12:00:00,CORE_HR
EVT00061213,2023-07-27,EMP03747,CC0118,CR,2,Step Increment,65368.01,CAD,CA,2023-07-28 03:00:00,PAYROLL
EVT00060085,2023-07-18,EMP01553,CC0047,PA,3,Hire,83407.3,CAD,CAN,2023-07-19 14:00:00,CORE_HR
EVT00060881,2023-07-08,EMP03502,CC0014,PA,2,Performance Pay,3949.35,CAD,CA,2023-07-08 21:00:00,PAYROLL
EVT00060885,2023-07-25,EMP04088,CC0053,PA,2,Leave Start,,CAD,CAN,2023-07-25 20:00:00,CORE_HR
EVT00060330,2023-07-06,EMP01058,CC0035,IT,3,Performance Pay,10085.82,CAD,CAN,2023-07-07 03:00:00,CORE_HR
EVT00059939,2023-07-07,EMP03902,CC0030,EC,2,Departure,,EUR,DE,2023-07-08 13:00:00,PAYROLL
EVT00059890,2023-07-04,EMP04560,CC0064,EX,2,Step Increment,163690.78,CAD,CAN,2023-07-04 07:00:00,CORE_HR
EVT00061201,2023-07-14,EMP03894,CC0007,PA,2,Step Increment,201232.86,AED,ARE,2023-07-15 14:00:00,CORE_HR
EVT00061795,2023-07-09,EMP03178,CC0003,PA,1,Hire,70358.87,CAD,CAN,2023-07-09 17:00:00,CORE_HR
EVT00061418,2023-07-13,EMP04068,CC0011,PA,1,Leave Start,,CAD,CAN,2023-07-14 00:00:00,CORE_HR
EVT00060925,2023-07-09,EMP05163,CC0101,PA,1,Departure,,CAD,CAN,2023-07-09 09:00:00,CORE_HR
EVT00060045,2023-07-08,EMP03651,CC0025,FI,4,Step Increment,106793.51,CAD,CAN,2023-07-09 05:00:00,CORE_HR
EVT00059783,2023-07-27,EMP01444,CC0003,PA,4,Performance Pay,5570.35,CAD,CAN,2023-07-27 18:00:00,CORE_HR
EVT00061267,2023-07-11,EMP03696,CC0065,PA,5,Step Increment,266298.12,AED,ARE,2023-07-12 00:00:00,CORE_HR
EVT00059865,2023-07-20,EMP02344,CC0062,EN,3,Step Increment,111751.91,CAD,CAN,2023-07-21 03:00:00,CORE_HR
EVT00061180,2023-07-12,EMP03079,CC0099,FI,4,Promotion,119900.05,CAD,CAN,2023-07-12 13:00:00,CORE_HR
EVT00060307,2023-07-02,EMP01983,CC0092,EX,2,Lateral Deployment,,CAD,CA,2023-07-03 07:00:00,PAYROLL
EVT00060101,2023-07-11,EMP00003,CC0008,EC,1,Performance Pay,8890.47,CAD,CA,2023-07-11 07:00:00,PAYROLL
EVT00061132,2023-07-26,EMP01238,CC0120,FI,1,Leave Return,,CAD,CAN,2023-07-26 11:00:00,CORE_HR
EVT00061776,2023-07-25,EMP00348,CC0113,AS,2,Performance Pay,5263.06,CAD,CAN,2023-07-25 06:00:00,CORE_HR
EVT00059808,2023-07-24,EMP04994,CC0001,EN,2,Leave Start,,CAD,CA,2023-07-24 14:00:00,PAYROLL
EVT00060226,2023-07-18,EMP01050,CC0115,CR,2,Leave Return,,CAD,CAN,2023-07-18 12:00:00,CORE_HR
EVT00060534,2023-07-09,EMP03599,CC0096,IT,2,Leave Return,,CAD,CAN,2023-07-09 15:00:00,CORE_HR
EVT00060200,2023-07-15,EMP00034,CC0044,CR,1,Step Increment,52019.65,CAD,CA,2023-07-15 13:00:00,PAYROLL
EVT00060145,2023-07-23,EMP01801,CC0010,PA,3,Departure,,CAD,CA,2023-07-24 08:00:00,PAYROLL
EVT00060376,2023-07-27,EMP02476,CC0064,AS,3,Lateral Deployment,,CAD,CA,2023-07-28 10:00:00,PAYROLL
EVT00061495,2023-07-15,EMP02394,CC0021,PA,4,Leave Return,,CAD,CAN,2023-07-16 03:00:00,CORE_HR
EVT00061695,2023-07-17,EMP03057,CC0117,IT,1,Step Increment,81032.42,CAD,CAN,2023-07-17 17:00:00,CORE_HR
EVT00060631,2023-07-27,EMP00807,CC0027,AS,1,Step Increment,57495.15,CAD,CAN,2023-07-27 18:00:00,CORE_HR
EVT00061554,2023-07-20,EMP02578,CC0004,PA,5,Leave Return,,CAD,CA,2023-07-20 09:00:00,PAYROLL
EVT00059866,2023-07-08,EMP04108,CC0007,CR,1,Step Increment,193598.72,BRL,BRA,2023-07-08 19:00:00,CORE_HR
EVT00061000,2023-07-15,EMP02355,CC0090,FI,3,Step Increment,97892.16,CAD,CAN,2023-07-16 08:00:00,CORE_HR
EVT00061797,2023-07-10,EMP03988,CC0030,AS,2,Step Increment,46241.14,GBP,GB,2023-07-10 13:00:00,PAYROLL
EVT00060549,2023-07-11,EMP01355,CC0054,AS,3,Leave Start,,INR,IND,2023-07-11 18:00:00,CORE_HR
EVT00060318,2023-07-01,EMP05085,CC0048,AS,2,Leave Return,,CAD,CAN,2023-07-01 18:00:00,CORE_HR
EVT00059872,2023-07-02,EMP03236,CC0028,FI,2,Step Increment,73260.12,CAD,CAN,2023-07-02 15:00:00,CORE_HR
EVT00060408,2023-07-07,EMP04626,CC0115,PA,1,Leave Start,,CAD,CAN,2023-07-07 11:00:00,CORE_HR
EVT00060701,2023-07-14,EMP01371,CC0041,EN,3,Step Increment,115512.35,CAD,CA,2023-07-15 02:00:00,PAYROLL
EVT00059941,2023-07-27,EMP00294,CC0111,IT,2,Step Increment,1187511.93,MXN,MX,2023-07-28 10:00:00,PAYROLL
EVT00059962,2023-07-24,EMP03859,CC0032,FI,3,Hire,102836.03,CAD,CA,2023-07-24 09:00:00,PAYROLL
EVT00059823,2023-07-03,EMP03917,CC0072,IT,1,Departure,,CAD,CAN,2023-07-03 12:00:00,CORE_HR
EVT00061003,2023-07-10,EMP02458,CC0034,IT,3,Step Increment,114427.23,CAD,CA,2023-07-10 07:00:00,PAYROLL
EVT00061414,2023-07-14,EMP05051,CC0037,EC,1,Step Increment,96669.34,CAD,CAN,2023-07-14 22:00:00,CORE_HR
EVT00060010,2023-07-14,EMP00510,CC0053,PA,3,Step Increment,66465.16,CAD,CAN,2023-07-14 20:00:00,CORE_HR
EVT00060915,2023-07-23,EMP02570,CC0101,PA,4,Leave Start,,XXX,CAN,2023-07-23 12:00:00,CORE_HR
EVT00060127,2023-07-25,EMP03012,CC0014,AS,3,Leave Start,,CAD,CA,2023-07-25 14:00:00,PAYROLL
EVT00061114,2023-07-16,EMP00908,CC0041,EN,4,Step Increment,126249.48,CAD,CA,2023-07-17 08:00:00,PAYROLL
EVT00061019,2023-07-03,EMP02304,CC0050,IT,1,Departure,,CAD,CAN,2023-07-04 12:00:00,CORE_HR
EVT00061638,2023-07-11,EMP01139,CC0069,PA,1,Promotion,48986.4,CAD,CA,2023-07-11 10:00:00,PAYROLL
EVT00061175,2023-07-03,EMP04095,CC0018,FI,5,Lateral Deployment,,CAD,CA,2023-07-04 07:00:00,PAYROLL
EVT00060335,2023-07-05,EMP02632,CC0070,IT,4,Step Increment,114815.2,CAD,CAN,2023-07-05 18:00:00,CORE_HR
EVT00060649,2023-07-02,EMP00671,CC0062,CR,2,Leave Return,,CAD,CAN,2023-07-02 06:00:00,CORE_HR
EVT00059807,2023-07-09,EMP03661,CC0005,EX,2,Leave Return,,CAD,CAN,2023-07-09 20:00:00,CORE_HR
EVT00059846,2023-07-12,EMP02113,CC0015,EN,2,Promotion,91135.94,CAD,CA,2023-07-13 08:00:00,PAYROLL
EVT00061015,2023-07-23,EMP05169,CC0066,EX,3,Promotion,181471.46,CAD,CA,2023-07-26 07:00:00,PAYROLL
EVT00061020,2023-07-25,EMP03895,CC0120,IT,4,Leave Return,,CAD,CAN,2023-07-25 17:00:00,CORE_HR
EVT00060095,2023-07-19,EMP04535,CC0017,PA,2,Leave Start,,CAD,CAN,2023-07-19 08:00:00,CORE_HR
EVT00060843,2023-07-10,EMP00208,CC0099,PA,5,Hire,120616.61,CAD,CAN,2023-07-10 17:00:00,CORE_HR
EVT00059776,2023-07-21,EMP02792,CC0032,AS,3,Lateral Deployment,,CAD,CA,2023-07-21 06:00:00,PAYROLL
EVT00061459,2023-07-04,EMP03853,CC0048,PA,1,Performance Pay,3090.37,CAD,CA,2023-07-05 08:00:00,PAYROLL
EVT00060011,2023-07-19,EMP00217,CC0087,IT,2,Leave Start,,CAD,CA,2023-07-19 20:00:00,PAYROLL
EVT00059758,2023-07-01,EMP01915,CC0025,IT,3,Performance Pay,11977.67,CAD,CAN,2023-07-02 10:00:00,CORE_HR
EVT00061464,2023-07-06,EMP04649,CC0006,FI,3,Leave Return,,CAD,CAN,2023-07-06 20:00:00,CORE_HR
EVT00060750,2023-07-05,EMP01670,CC0095,PA,1,Hire,58764.46,CAD,CAN,2023-07-06 14:00:00,CORE_HR
EVT00059999,2023-07-06,EMP02576,CC0048,IT,2,Performance Pay,10496.81,CAD,CAN,2023-07-06 13:00:00,CORE_HR
EVT00060938,2023-07-27,EMP02147,CC0016,PA,3,Performance Pay,4557.4,CAD,CA,2023-07-28 08:00:00,PAYROLL
EVT00060579,2023-07-12,EMP04941,CC0051,IT,2,Leave Return,,CAD,CAN,2023-07-12 08:00:00,CORE_HR
EVT00061077,2023-07-25,EMP00192,CC0010,EN,1,Lateral Deployment,,CAD,CAN,2023-07-26 02:00:00,CORE_HR
EVT00060744,2023-07-17,EMP03320,CC0048,EN,3,Step Increment,113859.47,CAD,CA,2023-07-17 17:00:00,PAYROLL
EVT00060944,2023-07-04,EMP02046,CC0077,IT,5,Performance Pay,17432.45,CAD,CA,2023-07-05 02:00:00,PAYROLL
EVT00061787,2023-07-10,EMP01163,CC0065,EN,2,Performance Pay,47157.55,BRL,BRA,2023-07-10 07:00:00,CORE_HR
EVT00060091,2023-07-08,EMP02048,CC0035,PA,3,Leave Start,,CAD,CA,2023-07-09 12:00:00,PAYROLL
EVT00060946,2023-07-04,EMP02584,CC0037,EX,2,Performance Pay,11369.61,CAD,CAN,2023-07-04 09:00:00,CORE_HR
EVT00060228,2023-07-01,EMP03762,CC0063,CR,2,Departure,,CAD,CAN,2023-07-01 12:00:00,CORE_HR
EVT00059976,2023-07-18,EMP03103,CC0068,CR,5,Performance Pay,3893.78,CAD,CA,2023-07-19 14:00:00,PAYROLL
EVT00060077,2023-07-19,EMP03282,CC0062,EX,3,Departure,,CAD,CA,2023-07-20 13:00:00,PAYROLL
EVT00060821,2023-07-18,EMP00882,CC0007,EX,2,Lateral Deployment,,JPY,JP,2023-07-18 18:00:00,PAYROLL
EVT00059816,2023-07-02,EMP03667,CC0095,EN,1,Hire,93645.28,CAD,CAN,2023-07-02 13:00:00,CORE_HR
EVT00061311,2023-07-11,EMP01751,CC0066,AS,4,Departure,,CAD,CAN,2023-07-12 09:00:00,CORE_HR
EVT00060321,2023-07-27,EMP02630,CC0010,AS,2,Leave Return,,CAD,CA,2023-07-27 13:00:00,PAYROLL
EVT00060338,2023-07-02,EMP02804,CC0098,CR,2,Promotion,58929.71,CAD,CA,2023-07-03 07:00:00,PAYROLL
EVT00061755,2023-07-14,EMP03457,CC0090,IT,2,Step Increment,89624.72,CAD,CAN,2023-07-15 02:00:00,CORE_HR
EVT00060616,2023-07-08,EMP03147,CC0074,EN,4,Leave Return,,BRL,BR,2023-07-09 04:00:00,PAYROLL
EVT00061225,2023-07-10,EMP04440,CC0028,IT,2,Leave Start,,CAD,CAN,2023-07-11 13:00:00,CORE_HR
EVT00060337,2023-07-08,EMP03792,CC0037,EC,4,Step Increment,121409.97,CAD,CAN,2023-07-08 17:00:00,CORE_HR
EVT00059805,2023-07-03,EMP02574,CC0008,IT,1,Leave Return,,CAD,CAN,2023-07-04 09:00:00,CORE_HR
EVT00060930,2023-07-12,EMP02662,CC0022,EC,1,Leave Return,,CAD,CAN,2023-07-12 08:00:00,CORE_HR
EVT00060254,2023-07-17,EMP02588,CC0114,EN,3,Lateral Deployment,,CAD,CA,2023-07-17 15:00:00,PAYROLL
EVT00059858,2023-07-11,EMP01944,CC0066,CR,5,Step Increment,83095.3,CAD,CAN,2023-07-11 10:00:00,CORE_HR
EVT00061079,2023-07-07,EMP01022,CC0111,CR,1,Step Increment,43046.65,SGD,SGP,2023-07-08 12:00:00,CORE_HR
EVT00060532,2023-07-09,EMP02095,CC0032,EC,4,Leave Start,,CAD,CA,2023-07-09 15:00:00,PAYROLL
EVT00061211,2023-07-08,EMP00433,CC0007,FI,1,Leave Return,,JPY,JP,2023-07-08 23:00:00,PAYROLL
EVT00060365,2023-07-22,EMP03618,CC0084,EX,1,Hire,146947.65,CAD,CAN,2023-07-22 14:00:00,CORE_HR
EVT00059873,2023-07-15,EMP04173,CC0072,PA,3,Step Increment,85407.42,CAD,CA,2023-07-15 07:00:00,PAYROLL
EVT00061743,2023-07-03,EMP03713,CC0120,PA,5,Leave Return,,CAD,CAN,2023-07-04 04:00:00,CORE_HR
EVT00061719,2023-07-14,EMP04043,CC0039,PA,1,Hire,57732.68,CAD,CA,2023-07-18 01:00:00,PAYROLL
EVT00059736,2023-07-10,EMP01878,CC0074,CR,2,Promotion,78774.03,AUD,AUS,2023-07-10 13:00:00,CORE_HR
EVT00059910,2023-07-11,EMP01228,CC0074,IT,4,Leave Return,,BRL,BRA,2023-07-11 09:00:00,CORE_HR
EVT00060737,2023-07-08,EMP03575,CC0120,PA,2,Step Increment,60760.82,CAD,CA,2023-07-08 14:00:00,PAYROLL
EVT00059769,2023-07-22,EMP00938,CC0113,IT,4,Hire,105639.13,CAD,CAN,2023-07-22 15:00:00,CORE_HR
EVT00061187,2023-07-14,EMP04936,CC0041,PA,2,Performance Pay,8770.5,CAD,CAN,2023-07-15 14:00:00,CORE_HR
EVT00061196,2023-07-11,EMP03201,CC0113,CR,3,Step Increment,61779.33,CAD,CA,2023-07-11 06:00:00,PAYROLL
EVT00060588,2023-07-22,EMP01129,CC0028,CR,2,Step Increment,48299.64,CAD,CAN,2023-07-22 06:00:00,CORE_HR
EVT00061538,2023-07-01,EMP04547,CC0060,PA,1,Performance Pay,7571.79,CAD,CA,2023-07-02 00:00:00,PAYROLL
EVT00061555,2023-07-20,EMP04109,CC0034,PA,1,Step Increment,66046.04,CAD,CAN,2023-07-20 11:00:00,CORE_HR
EVT00061568,2023-07-26,EMP02152,CC0117,PA,2,Leave Return,,CAD,CA,2023-07-27 08:00:00,PAYROLL
EVT00059789,2023-07-25,EMP01992,CC0067,FI,2,Lateral Deployment,,CAD,CA,2023-07-26 05:00:00,PAYROLL
EVT00061634,2023-07-24,EMP02038,CC0001,FI,1,Lateral Deployment,,CAD,CAN,2023-07-25 08:00:00,CORE_HR
EVT00060473,2023-07-04,EMP04865,CC0070,EC,2,Step Increment,103600.56,CAD,CA,2023-07-04 17:00:00,PAYROLL
EVT00060225,2023-07-11,EMP02676,CC0071,CR,4,Leave Start,,CAD,CA,2023-07-12 02:00:00,PAYROLL
EVT00061515,2023-07-23,EMP03277,CC0060,IT,1,Hire,89133.13,CAD,CAN,2023-07-24 11:00:00,CORE_HR
EVT00061280,2023-07-25,EMP01849,CC0083,PA,5,Leave Return,,CAD,CAN,2023-07-26 05:00:00,CORE_HR
EVT00060884,2023-07-20,EMP02723,CC0022,AS,4,Leave Start,,CAD,CAN,2023-07-20 19:00:00,CORE_HR
EVT00061106,2023-07-03,EMP03237,CC0035,EX,2,Step Increment,127650.03,CAD,CAN,2023-07-04 12:00:00,CORE_HR
EVT00060087,2023-07-12,EMP04897,CC0068,PA,2,Performance Pay,3552.06,CAD,CAN,2023-07-13 06:00:00,CORE_HR
EVT00061428,2023-07-20,EMP02899,CC0018,AS,3,Leave Start,,CAD,CA,2023-07-21 15:00:00,PAYROLL
EVT00060970,2023-07-21,EMP04155,CC0022,IT,5,Step Increment,150847.13,CAD,CA,2023-07-21 09:00:00,PAYROLL
EVT00060778,2023-07-18,EMP02358,CC0118,PA,2,Performance Pay,7840.19,CAD,CA,2023-07-19 13:00:00,PAYROLL
EVT00061777,2023-07-08,EMP01991,CC0102,PA,2,Step Increment,66504.65,CAD,CAN,2023-07-09 10:00:00,CORE_HR
EVT00061012,2023-07-01,EMP04532,CC0023,AS,4,Lateral Deployment,,CAD,CA,2023-07-01 06:00:00,PAYROLL
EVT00061679,2023-07-14,EMP01712,CC0013,FI,3,Step Increment,107683.8,CAD,CA,2023-07-15 02:00:00,PAYROLL
EVT00061761,2023-07-07,EMP02060,CC0026,EN,5,Departure,,CAD,CAN,2023-07-08 13:00:00,CORE_HR
EVT00060173,2023-07-13,EMP04248,CC0098,PA,4,Performance Pay,5642.87,CAD,CAN,2023-07-14 13:00:00,CORE_HR
EVT00060280,2023-07-16,EMP01051,CC0005,EX,1,Lateral Deployment,,CAD,CAN,2023-07-17 08:00:00,CORE_HR
EVT00060879,2023-07-04,EMP03335,CC0003,IT,2,Step Increment,97839.31,CAD,CA,2023-07-04 13:00:00,PAYROLL
EVT00060006,2023-07-17,EMP01850,CC0034,EC,3,Leave Start,,CAD,CAN,2023-07-18 09:00:00,CORE_HR
EVT00060082,2023-07-14,EMP02133,CC0058,PA,2,Hire,58403.66,CAD,CA,2023-07-14 14:00:00,PAYROLL
EVT00060219,2023-07-09,EMP00637,CC0113,PA,2,Lateral Deployment,,CAD,CAN,2023-07-10 04:00:00,CORE_HR
EVT00061728,2023-07-25,EMP02694,CC0018,EN,3,Performance Pay,9896.26,CAD,CA,2023-07-25 14:00:00,PAYROLL
EVT00060053,2023-07-15,EMP03317,CC0017,AS,4,Leave Start,,CAD,CAN,2023-07-15 12:00:00,CORE_HR
EVT00061766,2023-07-14,EMP00843,CC0090,AS,3,Leave Start,,CAD,CAN,2023-07-15 12:00:00,CORE_HR
EVT00060016,2023-07-20,EMP02442,CC0009,IT,3,Lateral Deployment,,GBP,GBR,2023-07-21 06:00:00,CORE_HR
EVT00061215,2023-07-11,EMP02657,CC0003,FI,3,Leave Start,,CAD,CAN,2023-07-12 10:00:00,CORE_HR
EVT00061011,2023-07-21,EMP02803,CC0088,FI,1,Leave Start,,AED,AE,2023-07-22 06:00:00,PAYROLL
EVT00060402,2023-07-01,EMP03121,CC0105,EC,1,Step Increment,310478.69,BRL,BR,2023-07-01 17:00:00,PAYROLL
EVT00059726,2023-07-23,EMP02764,CC0087,EX,1,Leave Return,,CAD,CAN,2023-07-23 19:00:00,CORE_HR
EVT00060069,2023-07-17,EMP00944,CC0028,EN,1,Lateral Deployment,,CAD,CAN,2023-07-18 11:00:00,CORE_HR
EVT00059898,2023-07-01,EMP04564,CC0016,IT,2,Step Increment,90402.56,CAD,CA,2023-07-02 03:00:00,PAYROLL
EVT00059770,2023-07-05,EMP01096,CC0085,PA,5,Step Increment,106415.01,CAD,CAN,2023-07-06 00:00:00,CORE_HR
EVT00060203,2023-07-05,EMP01499,CC0010,PA,2,Performance Pay,7145.08,CAD,CA,2023-07-05 14:00:00,PAYROLL
EVT00060685,2023-07-03,EMP00561,CC0011,IT,1,Performance Pay,6661.26,CAD,CA,2023-07-04 04:00:00,PAYROLL
EVT00059967,2023-07-13,EMP04555,CC0025,FI,4,Performance Pay,14060.91,CAD,CAN,2023-07-13 19:00:00,CORE_HR
EVT00060186,2023-07-24,EMP00556,CC0063,AS,1,Step Increment,60378.15,CAD,CA,2023-07-25 03:00:00,PAYROLL
EVT00061528,2023-07-23,EMP02986,CC0085,EX,2,Leave Start,,CAD,CA,2023-07-24 06:00:00,PAYROLL
EVT00061325,1900-01-01,EMP01707,CC0014,PA,1,Step Increment,64007.57,CAD,CA,2023-07-19 23:00:00,PAYROLL
EVT00060261,2023-07-27,EMP04898,CC0120,EX,1,Leave Start,,CAD,CAN,2023-07-28 06:00:00,CORE_HR
EVT00060324,2023-07-03,EMP03625,CC0062,IT,4,Performance Pay,13250.4,CAD,CA,2023-07-04 08:00:00,PAYROLL
EVT00061291,2023-07-19,EMP04090,CC0011,PA,2,Lateral Deployment,,CAD,CAN,2023-07-20 02:00:00,CORE_HR
EVT00060845,2023-07-05,EMP00498,CC0117,IT,1,Hire,88984.0,CAD,CAN,2023-07-06 08:00:00,CORE_HR
EVT00061384,2023-07-09,EMP01353,CC0105,EX,2,Leave Return,,BRL,BRA,2023-07-09 09:00:00,CORE_HR
EVT00060399,2023-07-15,EMP02954,CC0094,AS,4,Lateral Deployment,,CAD,CA,2023-07-15 10:00:00,PAYROLL
EVT00060369,2023-07-27,EMP05187,CC0026,EC,5,Step Increment,133522.78,CAD,CA,2023-07-27 17:00:00,PAYROLL
EVT00060491,2023-07-11,EMP01265,CC0005,AS,3,Step Increment,66509.95,CAD,CAN,2023-07-12 00:00:00,CORE_HR
EVT00060963,2023-07-12,EMP03701,CC0069,AS,3,Step Increment,68042.64,CAD,CA,2023-07-13 12:00:00,PAYROLL
EVT00060580,2023-07-04,EMP00938,CC0113,IT,4,Departure,,CAD,CA,2023-07-04 22:00:00,PAYROLL
EVT00060969,2023-07-08,EMP00774,CC0012,CR,5,Step Increment,81777.82,CAD,CAN,2023-07-09 06:00:00,CORE_HR
EVT00060998,2023-07-12,EMP03482,CC0046,EN,2,Promotion,134435.36,AUD,AUS,2023-07-13 12:00:00,CORE_HR
EVT00060638,2023-07-08,EMP00608,CC0052,PA,1,Leave Start,,CAD,CA,2023-07-08 10:00:00,PAYROLL
EVT00060484,2023-07-12,EMP02728,CC0079,PA,3,Lateral Deployment,,CAD,CAN,2023-07-12 14:00:00,CORE_HR
EVT00060149,2023-07-19,EMP05100,CC0043,AS,3,Leave Start,,CAD,CA,2023-07-20 08:00:00,PAYROLL
EVT00059739,2023-07-12,EMP01875,CC0030,IT,3,Step Increment,140796.91,AUD,AUS,2023-07-14 01:00:00,CORE_HR
EVT00059741,2023-07-26,EMP00837,CC0008,PA,4,Step Increment,87923.12,CAD,CA,2023-07-27 14:00:00,PAYROLL
EVT00061292,2023-07-02,EMP05072,CC0086,EN,3,Lateral Deployment,,EUR,DEU,2023-07-05 07:00:00,CORE_HR
EVT00059725,2023-07-03,EMP01142,CC0117,IT,3,Step Increment,121043.45,CAD,CAN,2023-07-03 13:00:00,CORE_HR
EVT00061406,2023-07-07,EMP01323,CC0071,CR,5,Promotion,86884.12,CAD,CAN,2023-07-07 15:00:00,CORE_HR
EVT00060278,2023-07-16,EMP01895,CC0082,FI,2,Step Increment,79024.3,CAD,CAN,2023-07-16 23:00:00,CORE_HR
EVT00061691,2023-07-08,EMP01716,CC0116,EN,3,Step Increment,122622.1,CAD,CA,2023-07-08 09:00:00,PAYROLL
EVT00060913,2023-07-13,EMP01570,CC0070,EN,2,Step Increment,104279.55,CAD,CAN,2023-07-14 14:00:00,CORE_HR
EVT00060130,2023-07-05,EMP00594,CC0087,AS,4,Lateral Deployment,,CAD,CAN,2023-07-05 23:00:00,CORE_HR
EVT00061627,2023-07-04,EMP01921,CC0009,IT,2,Promotion,71193.15,USD,US,2023-07-05 07:00:00,PAYROLL
EVT00060190,2023-07-06,EMP04127,CC0048,EX,1,Lateral Deployment,,CAD,CAN,2023-07-06 11:00:00,CORE_HR
EVT00060536,2023-07-23,EMP03588,CC0085,IT,2,Step Increment,88918.8,CAD,CA,2023-07-23 16:00:00,PAYROLL
EVT00060667,2023-07-06,EMP03945,CC0116,PA,3,Leave Start,,CAD,CA,2023-07-06 16:00:00,PAYROLL
EVT00060551,2023-07-03,EMP01755,CC0047,PA,4,Lateral Deployment,,CAD,CAN,2023-07-04 05:00:00,CORE_HR
EVT00061349,2023-07-01,EMP03548,CC0047,EC,2,Lateral Deployment,,CAD,CA,2023-07-02 02:00:00,PAYROLL
EVT00060438,2023-07-12,EMP02007,CC0060,IT,1,Promotion,76527.65,CAD,CAN,2023-07-12 13:00:00,CORE_HR
EVT00060861,2023-07-19,EMP02381,CC0080,FI,2,Leave Return,,JPY,JPN,2023-07-20 08:00:00,CORE_HR
EVT00061176,2023-07-26,EMP00468,CC0028,PA,2,Step Increment,75010.96,CAD,CAN,2023-07-26 20:00:00,CORE_HR
EVT00061119,2023-07-13,EMP02558,CC0069,EC,4,Step Increment,123729.95,CAD,CA,2023-07-13 23:00:00,PAYROLL
EVT00060553,2023-07-03,EMP04431,CC0066,EX,1,Leave Start,,CAD,CA,2023-07-04 19:00:00,PAYROLL
EVT00061237,2023-07-15,EMP03113,CC0006,PA,2,Leave Start,,CAD,CAN,2023-07-16 12:00:00,CORE_HR
EVT00061512,2023-07-05,EMP02250,CC0066,AS,2,Departure,,CAD,CAN,2023-07-05 09:00:00,CORE_HR
EVT00061149,2023-07-21,EMP02195,CC0029,PA,2,Promotion,56095.68,USD,USA,2023-07-22 04:00:00,CORE_HR
EVT00060199,2023-07-21,EMP01320,CC0052,EN,3,Step Increment,109514.86,CAD,CAN,2023-07-21 23:00:00,CORE_HR
EVT00061144,2023-07-06,EMP03775,CC0072,IT,2,Promotion,101648.99,CAD,CAN,2023-07-06 20:00:00,CORE_HR
EVT00060141,2023-07-13,EMP04003,CC0042,PA,4,Leave Start,,CAD,CA,2023-07-13 16:00:00,PAYROLL
EVT00061498,2023-07-03,EMP03913,CC0120,IT,3,Leave Start,,CAD,CA,2023-07-03 09:00:00,PAYROLL
EVT00060108,2023-07-18,EMP01458,CC0078,EX,1,Step Increment,148322.72,CAD,CA,2023-07-18 06:00:00,PAYROLL
EVT00060785,2023-07-04,EMP00244,CC0031,PA,3,Step Increment,4724716.98,INR,IN,2023-07-04 20:00:00,PAYROLL
EVT00060629,2023-07-16,EMP02613,CC0103,PA,2,Leave Return,,CAD,CAN,2023-07-17 04:00:00,CORE_HR
EVT00061734,2023-07-09,EMP04141,CC0006,PA,3,Leave Return,,CAD,CA,2023-07-09 18:00:00,PAYROLL
EVT00060850,2023-07-15,EMP02817,CC0018,IT,1,Performance Pay,11112.27,CAD,CAN,2023-07-15 12:00:00,CORE_HR
EVT00061668,2023-07-05,EMP01753,CC0100,PA,3,Leave Return,,CAD,CAN,2023-07-05 23:00:00,CORE_HR
EVT00061798,2023-07-16,EMP00024,CC0024,PA,1,Step Increment,63721.53,CAD,CA,2023-07-16 17:00:00,PAYROLL
EVT00061526,2023-07-09,EMP00265,CC0085,EC,3,Step Increment,93270.99,CAD,CA,2023-07-09 07:00:00,PAYROLL
EVT00060582,2023-07-22,EMP00965,CC0025,EN,4,Step Increment,131299.26,CAD,CAN,2023-07-23 13:00:00,CORE_HR
EVT00060609,2023-07-01,EMP01460,CC0080,FI,2,Departure,,EUR,DEU,2023-07-02 05:00:00,CORE_HR
EVT00060305,2023-07-03,EMP02086,CC0058,PA,1,Step Increment,58693.41,CAD,CAN,2023-07-04 09:00:00,CORE_HR
EVT00061268,2023-07-13,EMP04899,CC0086,PA,2,Step Increment,56819.85,SGD,SGP,2023-07-14 14:00:00,CORE_HR
EVT00061771,2023-07-21,EMP04184,CC0005,FI,1,Leave Start,,CAD,CA,2023-07-22 04:00:00,PAYROLL
EVT00060478,2023-07-01,EMP04756,CC0076,AS,5,Leave Start,,CAD,CAN,2023-07-02 10:00:00,CORE_HR
EVT00061391,2023-07-15,EMP01509,CC0004,EX,3,Promotion,144668.98,CAD,CA,2023-07-16 00:00:00,PAYROLL
EVT00061546,2023-07-24,EMP04048,CC0009,EX,2,Step Increment,85539.0,GBP,GBR,2023-07-25 02:00:00,CORE_HR
EVT00059810,2023-07-01,EMP03373,CC0044,IT,2,Leave Start,,CAD,CAN,2023-07-02 12:00:00,CORE_HR
EVT00060029,2023-07-22,EMP02687,CC0101,EN,3,Leave Return,,CAD,CA,2023-07-23 09:00:00,PAYROLL
EVT00060446,2023-07-19,EMP02919,CC0007,PA,2,Lateral Deployment,,EUR,FR,2023-07-19 15:00:00,PAYROLL
EVT00060416,2023-07-16,EMP04710,CC0044,EX,1,Step Increment,136584.41,CAD,CAN,2023-07-17 13:00:00,CORE_HR
EVT00060780,2023-07-20,EMP00609,CC0056,FI,3,Step Increment,118836.69,CAD,CAN,2023-07-21 03:00:00,CORE_HR
EVT00059927,2023-07-18,EMP03315,CC0073,EC,3,Performance Pay,5470.68,CAD,CAN,2023-07-18 19:00:00,CORE_HR
EVT00060696,2023-07-05,EMP03094,CC0094,AS,4,Step Increment,87531.11,CAD,CA,2023-07-06 03:00:00,PAYROLL
EVT00061357,2023-07-12,EMP02451,CC0118,FI,2,Performance Pay,9885.45,CAD,CAN,2023-07-13 12:00:00,CORE_HR
EVT00060501,2023-07-13,EMP00910,CC0098,FI,3,Leave Return,,CAD,CAN,2023-07-14 01:00:00,CORE_HR
EVT00060661,2023-07-25,EMP03082,CC0038,CR,1,Leave Start,,CAD,CA,2023-07-25 18:00:00,PAYROLL
EVT00059731,2023-07-10,EMP03608,CC0006,AS,2,Step Increment,70534.6,CAD,CA,2023-07-10 23:00:00,PAYROLL
EVT00060323,2023-07-17,EMP02751,CC0068,FI,3,Hire,77469.79,CAD,CAN,2023-07-17 15:00:00,CORE_HR
EVT00061597,2023-07-09,EMP02661,CC0062,AS,3,Leave Return,,CAD,CAN,2023-07-10 09:00:00,CORE_HR
EVT00061635,2023-07-09,EMP02000,CC0112,PA,2,Promotion,67723.42,CAD,CAN,2023-07-09 11:00:00,CORE_HR
EVT00060769,2023-07-09,EMP00379,CC0020,AS,3,Step Increment,71195.42,CAD,CAN,2023-07-09 22:00:00,CORE_HR
EVT00060986,2023-07-22,EMP03896,CC0012,PA,5,Promotion,93206.63,CAD,CAN,2023-07-23 12:00:00,CORE_HR
EVT00060559,2023-07-23,EMP01502,CC0041,AS,3,Leave Return,,CAD,CA,2023-07-23 16:00:00,PAYROLL
EVT00061148,2023-07-10,EMP99999,CC0029,FI,1,Performance Pay,960504.05,KES,KEN,2023-07-11 12:00:00,CORE_HR
EVT00060304,2023-07-01,EMP04196,CC0065,EC,2,Step Increment,73955.42,EUR,FRA,2023-07-02 13:00:00,CORE_HR
EVT00060313,2023-07-25,EMP03359,CC0079,EN,3,Step Increment,109535.1,CAD,CA,2023-07-26 11:00:00,PAYROLL
EVT00060292,2023-07-17,EMP02332,CC0117,IT,2,Leave Start,,CAD,CAN,2023-07-18 07:00:00,CORE_HR
EVT00060777,2023-07-12,EMP05095,CC0077,EX,1,Step Increment,140131.6,CAD,CA,2023-07-12 09:00:00,PAYROLL
EVT00061665,2023-07-23,EMP04724,CC0033,FI,2,Performance Pay,6087.44,CAD,CAN,2023-07-24 01:00:00,CORE_HR
EVT00061772,2023-07-11,EMP03440,CC0036,PA,2,Step Increment,77762.02,CAD,CAN,2023-07-12 09:00:00,CORE_HR
EVT00060723,2023-07-24,EMP02012,CC0077,PA,1,Promotion,68453.07,CAD,CAN,2023-07-24 19:00:00,CORE_HR
EVT00060673,1900-01-01,EMP01019,CC0054,EX,1,Performance Pay,23787.35,AUD,AU,2023-07-05 09:00:00,PAYROLL
EVT00061425,2023-07-20,EMP02417,CC0008,EN,2,Step Increment,100574.13,CAD,CAN,2023-07-21 12:00:00,CORE_HR
EVT00060363,2023-07-06,EMP02581,CC0049,PA,1,Step Increment,6168264.51,JPY,JPN,2023-07-06 10:00:00,CORE_HR
EVT00060858,2023-07-26,EMP05150,CC0020,IT,1,Departure,,CAD,CAN,2023-07-27 01:00:00,CORE_HR
EVT00061550,2023-07-22,EMP04350,CC0019,EX,2,Performance Pay,17604.98,CAD,CAN,2023-07-23 11:00:00,CORE_HR
EVT00060546,2023-07-24,EMP00981,CC0075,EC,1,Step Increment,81366.27,CAD,CA,2023-07-28 09:00:00,PAYROLL
EVT00061221,2023-07-08,EMP01513,CC0111,AS,1,Lateral Deployment,,JPY,JP,2023-07-08 10:00:00,PAYROLL
EVT00061530,2023-07-06,EMP04361,CC0027,PA,1,Step Increment,58469.29,CAD,CA,2023-07-06 22:00:00,PAYROLL
EVT00060475,2023-07-03,EMP01149,CC0085,EN,2,Step Increment,93990.05,CAD,CAN,2023-07-03 08:00:00,CORE_HR
EVT00061070,2023-07-05,EMP05122,CC0057,EN,1,Lateral Deployment,,CAD,CAN,2023-07-06 11:00:00,CORE_HR
EVT00061260,2023-07-04,EMP02682,CC0018,EN,1,Performance Pay,4805.22,CAD,CAN,2023-07-05 09:00:00,CORE_HR
EVT00060181,2023-07-01,EMP01146,CC0076,FI,1,Leave Start,,CAD,CAN,2023-07-01 20:00:00,CORE_HR
EVT00060489,2023-07-20,EMP01906,CC0060,CR,5,Leave Start,,CAD,CAN,2023-07-21 03:00:00,CORE_HR
EVT00061552,2023-07-06,EMP03302,CC0044,EN,2,Step Increment,106882.53,CAD,CA,2023-07-07 13:00:00,PAYROLL
EVT00061277,2023-07-08,EMP00499,CC0052,AS,3,Step Increment,61052.47,CAD,CA,2023-07-08 13:00:00,PAYROLL
EVT00061425,2023-07-20,EMP02417,CC0008,EN,2,Step Increment,100574.13,CAD,CAN,2023-07-21 20:00:00,CORE_HR
EVT00060961,2023-07-16,EMP03263,CC0015,IT,1,Step Increment,68385.3,CAD,CAN,2023-07-17 10:00:00,CORE_HR
EVT00061099,2023-07-27,EMP02886,CC0072,AS,2,Step Increment,63035.03,CAD,CAN,2023-07-27 19:00:00,CORE_HR
EVT00060510,2023-07-20,EMP03837,CC0103,IT,5,Lateral Deployment,,CAD,CA,2023-07-20 09:00:00,PAYROLL
EVT00060420,2023-07-12,EMP01170,CC0088,PA,5,Step Increment,306816.71,AED,ARE,2023-07-12 14:00:00,CORE_HR
EVT00061335,2023-07-21,EMP02116,CC0010,PA,3,Lateral Deployment,,CAD,CA,2023-07-22 12:00:00,PAYROLL
EVT00059825,2023-07-18,EMP04062,CC0066,EN,4,Promotion,122443.8,CAD,CA,2023-07-18 10:00:00,PAYROLL
EVT00061484,2023-07-19,EMP04700,CC0075,EN,5,Lateral Deployment,,CAD,CAN,2023-07-20 05:00:00,CORE_HR
EVT00061063,2023-07-08,EMP02740,CC0106,CR,3,Step Increment,69235.44,CAD,CAN,2023-07-09 01:00:00,CORE_HR
EVT00060497,2023-07-23,EMP04178,CC0032,PA,5,Performance Pay,9253.16,CAD,CAN,2023-07-23 21:00:00,CORE_HR
EVT00061388,2023-07-04,EMP00989,CC0056,EN,4,Step Increment,138090.07,CAD,CA,2023-07-04 11:00:00,PAYROLL
EVT00060787,2023-07-07,EMP04851,CC0082,EX,2,Step Increment,117631.94,CAD,CA,2023-07-08 04:00:00,PAYROLL
EVT00060654,2023-07-12,EMP03341,CC0074,PA,2,Step Increment,56385.01,USD,US,2023-07-13 10:00:00,PAYROLL
EVT00059948,2023-07-13,EMP01286,CC0115,PA,3,Step Increment,91001.05,CAD,CA,2023-07-14 00:00:00,PAYROLL
EVT00060657,2023-07-09,EMP03081,CC0042,FI,2,Step Increment,88508.24,CAD,CA,2023-07-09 12:00:00,PAYROLL
EVT00061522,2023-07-05,EMP03835,CC0063,CR,5,Leave Start,,CAD,CAN,2023-07-05 07:00:00,CORE_HR
EVT00060637,2023-07-18,EMP02862,CC0030,PA,3,Step Increment,8647500.76,KES,KE,2023-07-18 10:00:00,PAYROLL
EVT00060952,2023-07-07,EMP01611,CC0086,PA,2,Step Increment,47900.64,GBP,GBR,2023-07-07 21:00:00,CORE_HR
EVT00060817,2023-07-10,EMP02615,CC0024,AS,1,Performance Pay,5110.55,CAD,CAN,2023-07-10 14:00:00,CORE_HR
EVT00060527,2023-07-11,EMP04432,CC0104,FI,2,Step Increment,92445.31,CAD,CA,2023-07-11 12:00:00,PAYROLL
EVT00059901,2023-07-01,EMP01746,CC0040,PA,4,Step Increment,96326.32,CAD,CAN,2023-07-01 15:00:00,CORE_HR
EVT00061748,2023-07-26,EMP00305,CC0056,EX,1,Leave Return,,CAD,CAN,2023-07-26 22:00:00,CORE_HR
EVT00059723,2023-07-09,EMP02495,CC0049,FI,3,Leave Start,,GBP,GBR,2023-07-10 06:00:00,CORE_HR
EVT00061380,2023-07-26,EMP04616,CC0001,FI,4,Lateral Deployment,,CAD,CA,2023-07-27 08:00:00,PAYROLL
EVT00060918,2023-07-19,EMP00334,CC0112,EN,3,Step Increment,116448.48,CAD,CA,2023-07-19 21:00:00,PAYROLL
EVT00060621,2023-07-25,EMP00160,CC0075,PA,1,Step Increment,61154.78,CAD,CA,2023-07-25 08:00:00,PAYROLL
EVT00059749,2023-07-26,EMP01976,CC0002,PA,2,Departure,,CAD,CA,2023-07-26 09:00:00,PAYROLL
EVT00061254,2023-07-12,EMP03285,CC0046,EN,2,Promotion,76278.48,EUR,FR,2023-07-12 15:00:00,PAYROLL
EVT00060870,2023-07-08,EMP01295,CC0082,AS,2,Leave Start,,CAD,CAN,2023-07-08 21:00:00,CORE_HR
EVT00061305,2023-07-22,EMP01435,CC0008,EN,2,Leave Return,,CAD,CAN,2023-07-23 14:00:00,CORE_HR
EVT00061407,2023-07-21,EMP03782,CC0048,EX,1,Performance Pay,7471.12,CAD,CAN,2023-07-21 15:00:00,CORE_HR
EVT00060900,2023-07-26,EMP04458,CC0098,IT,1,Step Increment,79908.23,CAD,CAN,2023-07-27 15:00:00,CORE_HR
EVT00060138,2023-07-22,EMP02262,CC0100,FI,2,Leave Start,,CAD,CA,2023-07-23 08:00:00,PAYROLL
EVT00060207,2023-07-11,EMP01026,CC0072,FI,1,Leave Return,,CAD,CAN,2023-07-11 09:00:00,CORE_HR
EVT00060957,2023-07-19,EMP02387,CC0022,AS,2,Step Increment,67913.79,CAD,CA,2023-07-19 21:00:00,PAYROLL
EVT00059968,2023-07-11,EMP02415,CC0120,IT,2,Step Increment,100943.6,CAD,CA,2023-07-14 17:00:00,PAYROLL
EVT00059848,2023-07-23,EMP03168,CC0059,FI,5,Step Increment,110850.81,CAD,CAN,2023-07-23 19:00:00,CORE_HR
EVT00060505,2023-07-14,EMP01498,CC0066,CR,3,Lateral Deployment,,CAD,CA,2023-07-15 09:00:00,PAYROLL
EVT00061252,2023-07-26,EMP02918,CC0069,PA,3,Hire,69994.62,CAD,CAN,2023-07-26 14:00:00,CORE_HR
EVT00061656,2023-07-13,EMP03344,CC0036,IT,3,Lateral Deployment,,CAD,CA,2023-07-14 02:00:00,PAYROLL
EVT00061156,2023-07-04,EMP01247,CC0047,EN,1,Step Increment,64685.42,CAD,CA,2023-07-04 08:00:00,PAYROLL
EVT00059743,2023-07-19,EMP01586,CC0111,EN,2,Step Increment,80122.48,USD,USA,2023-07-19 20:00:00,CORE_HR
EVT00061042,2023-07-02,EMP00387,CC0052,PA,2,Step Increment,73116.14,CAD,CA,2023-07-03 07:00:00,PAYROLL
EVT00061793,2023-07-12,EMP00471,CC0011,IT,1,Performance Pay,9237.22,CAD,CAN,2023-07-12 16:00:00,CORE_HR
EVT00060435,2023-07-05,EMP04089,CC0062,CR,3,Leave Return,,CAD,CAN,2023-07-06 06:00:00,CORE_HR
EVT00060857,2023-07-12,EMP04587,CC0086,FI,2,Step Increment,5446383.39,INR,IN,2023-07-13 13:00:00,PAYROLL
EVT00060450,2023-07-15,EMP00356,CC0045,EX,1,Step Increment,142082.0,CAD,CAN,2023-07-16 01:00:00,CORE_HR
EVT00060830,2023-07-06,EMP00026,CC0065,FI,3,Performance Pay,17059.45,AUD,AUS,2023-07-06 15:00:00,CORE_HR
EVT00061276,2023-07-05,EMP02259,CC0033,PA,2,Promotion,80383.67,CAD,CA,2023-07-06 00:00:00,PAYROLL
EVT00060710,2023-07-25,EMP03145,CC0028,EC,1,Step Increment,99127.41,CAD,CAN,2023-07-26 15:00:00,CORE_HR
EVT00061574,2023-07-08,EMP01399,CC0027,EN,2,Leave Start,,CAD,CA,2023-07-08 11:00:00,PAYROLL
EVT00060996,2023-07-26,EMP04456,CC0047,CR,4,Leave Return,,CAD,CA,2023-07-26 10:00:00,PAYROLL
EVT00060992,2023-07-18,EMP02615,CC0024,AS,1,Step Increment,56392.39,CAD,CA,2023-07-18 22:00:00,PAYROLL
EVT00060801,2023-07-22,EMP01934,CC0027,FI,5,Step Increment,100317.35,CAD,CAN,2023-07-22 16:00:00,CORE_HR
EVT00061336,2023-07-04,EMP01395,CC0028,PA,2,Hire,78560.56,CAD,CAN,2023-07-05 09:00:00,CORE_HR
EVT00060068,2023-07-08,EMP00286,CC0007,EN,4,Step Increment,97644.92,EUR,FR,2023-07-08 22:00:00,PAYROLL
EVT00060504,2023-07-16,EMP01659,CC0043,IT,2,Step Increment,119747.99,CAD,CAN,2023-07-17 04:00:00,CORE_HR
EVT00060048,2023-07-22,EMP00933,CC0053,PA,2,Leave Return,,CAD,CAN,2023-07-23 12:00:00,CORE_HR
EVT00060896,2023-07-10,EMP03039,CC0075,CR,3,Performance Pay,7706.96,CAD,CAN,2023-07-10 22:00:00,CORE_HR
EVT00060594,2023-07-04,EMP01128,CC0006,EC,3,Step Increment,95813.59,CAD,CAN,2023-07-05 02:00:00,CORE_HR
EVT00061692,2023-07-20,EMP02204,CC0075,IT,1,Lateral Deployment,,CAD,CAN,2023-07-20 12:00:00,CORE_HR
EVT00060312,2023-07-26,EMP01704,CC0051,PA,2,Lateral Deployment,,CAD,CAN,2023-07-26 13:00:00,CORE_HR
EVT00061163,2023-07-20,EMP01943,CC0058,EN,2,Step Increment,104709.82,CAD,CAN,2023-07-20 16:00:00,CORE_HR
EVT00060213,2023-07-05,EMP03208,CC0023,PA,5,Step Increment,105876.08,CAD,CAN,2023-07-05 22:00:00,CORE_HR
EVT00061300,2023-07-27,EMP05094,CC0117,PA,5,Leave Return,,CAD,CA,2023-07-27 18:00:00,PAYROLL
EVT00060458,2023-07-13,EMP03399,CC0103,AS,1,Leave Start,,CAD,CAN,2023-07-13 06:00:00,CORE_HR
EVT00061738,2023-07-04,EMP00500,CC0042,PA,1,Lateral Deployment,,CAD,CAN,2023-07-04 13:00:00,CORE_HR
EVT00061395,2023-07-09,EMP01430,CC0093,AS,2,Step Increment,67560.08,CAD,CA,2023-07-09 19:00:00,PAYROLL
EVT00060366,2023-07-03,EMP03198,CC0096,EX,2,Step Increment,152005.34,CAD,CAN,2023-07-04 03:00:00,CORE_HR
EVT00061253,2023-07-27,EMP02885,CC0091,PA,2,Performance Pay,3595.85,CAD,CA,2023-07-27 17:00:00,PAYROLL
EVT00061517,2023-07-16,EMP03456,CC0031,IT,1,Performance Pay,640392.85,INR,IND,2023-07-16 07:00:00,CORE_HR
EVT00060988,2023-07-05,EMP04079,CC0064,EN,2,Step Increment,105011.09,CAD,CAN,2023-07-05 12:00:00,CORE_HR
EVT00060113,2023-07-07,EMP00964,CC0120,EC,1,Performance Pay,3583.52,CAD,CA,2023-07-07 17:00:00,PAYROLL
EVT00061262,2023-07-11,EMP02293,CC0109,PA,1,Performance Pay,5043.95,CAD,CAN,2023-07-11 23:00:00,CORE_HR
EVT00059844,2023-07-05,EMP01669,CC0108,EX,2,Lateral Deployment,,EUR,FRA,2023-07-05 16:00:00,CORE_HR
EVT00061124,2023-07-12,EMP02360,CC0025,EN,2,Step Increment,100715.97,CAD,CAN,2023-07-13 14:00:00,CORE_HR
EVT00061233,2023-07-12,EMP01795,CC0067,EN,1,Leave Return,,CAD,CAN,2023-07-13 12:00:00,CORE_HR
EVT00059971,2023-07-01,EMP03135,CC0112,CR,1,Step Increment,57186.75,CAD,CAN,2023-07-01 06:00:00,CORE_HR
EVT00060377,2023-07-20,EMP01426,CC0068,PA,4,Step Increment,100584.52,CAD,CAN,2023-07-21 03:00:00,CORE_HR
EVT00060698,2023-07-10,EMP01168,CC0043,FI,2,Leave Start,,CAD,CAN,2023-07-10 16:00:00,CORE_HR
EVT00061724,2023-07-11,EMP02921,CC0044,CR,4,Lateral Deployment,,CAD,CAN,2023-07-12 01:00:00,CORE_HR
EVT00060972,2023-07-25,EMP00738,CC0061,EX,1,Step Increment,113354.75,CAD,CAN,2023-07-25 07:00:00,CORE_HR
EVT00061715,2023-07-09,EMP99999,CC0075,PA,2,Lateral Deployment,,CAD,CAN,2023-07-10 15:00:00,CORE_HR
EVT00061682,2023-07-26,EMP00446,CC0004,PA,5,Hire,112594.07,CAD,CAN,2023-07-27 05:00:00,CORE_HR
EVT00060034,2023-07-15,EMP05042,CC0111,PA,5,Performance Pay,462304.35,INR,IN,2023-07-16 09:00:00,PAYROLL
EVT00061168,2023-07-24,EMP04978,CC0062,IT,3,Leave Return,,CAD,CAN,2023-07-24 16:00:00,CORE_HR
EVT00060528,2023-07-21,EMP01056,CC0064,CR,3,Promotion,82418.08,CAD,CA,2023-07-21 23:00:00,PAYROLL
EVT00059728,2023-07-21,EMP02526,CC0014,EC,1,Performance Pay,4494.88,CAD,CA,2023-07-22 10:00:00,PAYROLL
EVT00060360,2023-07-14,EMP01882,CC0024,IT,3,Performance Pay,11011.12,CAD,CAN,2023-07-14 21:00:00,CORE_HR
EVT00060995,2023-07-15,EMP02730,CC0073,IT,3,Step Increment,100729.83,CAD,CA,2023-07-16 06:00:00,PAYROLL
EVT00060752,2023-07-17,EMP04595,CC0094,IT,4,Leave Start,,CAD,CAN,2023-07-18 15:00:00,CORE_HR
EVT00061784,2023-07-26,EMP02849,CC0013,PA,2,Departure,,CAD,CA,2023-07-28 04:00:00,PAYROLL
EVT00060973,2023-07-14,EMP02622,CC0019,PA,1,Hire,64154.33,CAD,CA,2023-07-14 17:00:00,PAYROLL
EVT00060617,2023-07-25,EMP00139,CC0056,CR,3,Departure,,CAD,CAN,2023-07-25 18:00:00,CORE_HR
EVT00060665,2023-07-05,EMP03627,CC0093,EX,1,Promotion,159207.99,CAD,CA,2023-07-05 21:00:00,PAYROLL
EVT00060459,2023-07-26,EMP00645,CC0076,FI,2,Leave Return,,CAD,CA,2023-07-28 08:00:00,PAYROLL
EVT00061520,2023-07-12,EMP03961,CC0055,EX,2,Step Increment,160117.24,CAD,CAN,2023-07-12 15:00:00,CORE_HR
EVT00060480,2023-07-23,EMP04902,CC0057,CR,5,Promotion,80558.13,CAD,CA,2023-07-24 15:00:00,PAYROLL
EVT00060590,2023-07-25,EMP03172,CC0057,IT,1,Leave Start,,CAD,CA,2023-07-25 19:00:00,PAYROLL
EVT00060692,2023-07-11,EMP01691,CC0107,FI,3,Performance Pay,10783.67,CAD,CAN,2023-07-12 22:00:00,CORE_HR
EVT00060197,2023-07-06,EMP03918,CC0094,EX,2,Step Increment,160918.58,CAD,CA,2023-07-07 02:00:00,PAYROLL
EVT00060076,2023-07-03,EMP03160,CC0048,IT,1,Leave Return,,CAD,CAN,2023-07-03 09:00:00,CORE_HR
EVT00060086,2023-07-23,EMP04274,CC0109,EC,3,Performance Pay,11045.7,CAD,CA,2023-07-23 12:00:00,PAYROLL
EVT00061083,2023-07-02,EMP04743,CC0117,EC,3,Lateral Deployment,,CAD,CAN,2023-07-02 23:00:00,CORE_HR
EVT00059985,2023-07-25,EMP02314,CC0042,EN,1,Step Increment,79018.47,CAD,CAN,2023-07-25 16:00:00,CORE_HR
EVT00060260,2023-07-11,EMP02638,CC0092,EC,2,Departure,,CAD,CAN,2023-07-12 10:00:00,CORE_HR
EVT00059814,2023-07-26,EMP02790,CC0118,PA,2,Step Increment,72907.2,CAD,CA,2023-07-26 17:00:00,PAYROLL
EVT00060794,2023-07-20,EMP02130,CC0019,FI,1,Hire,79799.42,CAD,CA,2023-07-20 11:00:00,PAYROLL
EVT00061416,2023-07-01,EMP01983,CC0092,EX,2,Performance Pay,19572.09,CAD,CA,2023-07-02 06:00:00,PAYROLL
EVT00061594,2023-07-16,EMP04782,CC0088,EC,3,Performance Pay,37676.0,AED,ARE,2023-07-17 12:00:00,CORE_HR
EVT00061145,2023-07-19,EMP00019,CC0058,IT,5,Hire,131964.03,CAD,CA,2023-07-20 05:00:00,PAYROLL
EVT00060030,2023-07-18,EMP04118,CC0011,FI,1,Step Increment,68662.92,CAD,CA,2023-07-18 09:00:00,PAYROLL
EVT00060301,2023-07-01,EMP01208,CC0032,AS,3,Step Increment,93314.09,CAD,CAN,2023-07-01 22:00:00,CORE_HR
EVT00061190,2023-07-07,EMP02311,CC0060,FI,1,Leave Start,,CAD,CAN,2023-07-07 19:00:00,CORE_HR
EVT00059899,2023-07-17,EMP00222,CC0119,PA,4,Step Increment,94643.62,CAD,CA,2023-07-20 22:00:00,PAYROLL
EVT00059894,2023-07-10,EMP02200,CC0029,EN,2,Departure,,SGD,SGP,2023-07-10 10:00:00,CORE_HR
EVT00061247,2023-07-03,EMP04077,CC0103,IT,3,Lateral Deployment,,CAD,CA,2023-07-03 23:00:00,PAYROLL
EVT00061474,2023-07-01,EMP04895,CC0047,AS,4,Performance Pay,7467.8,CAD,CAN,2023-07-01 14:00:00,CORE_HR
EVT00061040,2023-07-01,EMP00470,CC0116,CR,1,Leave Start,,CAD,CA,2023-07-01 19:00:00,PAYROLL
EVT00060481,2023-07-19,EMP01761,CC0025,CR,3,Performance Pay,6117.2,CAD,CAN,2023-07-19 12:00:00,CORE_HR
EVT00060602,2023-07-26,EMP04214,CC0099,PA,1,Lateral Deployment,,CAD,CAN,2023-07-26 07:00:00,CORE_HR
EVT00059903,2023-07-18,EMP05013,CC0105,FI,3,Step Increment,11131399.71,XXX,KEN,2023-07-18 07:00:00,CORE_HR
EVT00061126,2023-07-03,EMP03983,CC0116,FI,1,Leave Start,,CAD,CAN,2023-07-04 09:00:00,CORE_HR
EVT00061470,2023-07-13,EMP04684,CC0109,IT,4,Departure,,CAD,CA,2023-07-14 03:00:00,PAYROLL
EVT00061567,2023-07-22,EMP03451,CC0076,CR,3,Lateral Deployment,,CAD,CA,2023-07-23 03:00:00,PAYROLL
EVT00060659,2023-07-27,EMP02183,CC0040,IT,3,Step Increment,83981.28,CAD,CAN,2023-07-28 11:00:00,CORE_HR
EVT00061694,2023-07-22,EMP03230,CC0105,EX,1,Step Increment,16960748.94,KES,KEN,2023-07-22 12:00:00,CORE_HR
EVT00061171,2023-07-17,EMP03319,CC0026,CR,3,Promotion,81786.11,CAD,CA,2023-07-17 19:00:00,PAYROLL
EVT00061584,2023-07-05,EMP02362,CC0116,PA,2,Leave Start,,CAD,CAN,2023-07-06 10:00:00,CORE_HR
EVT00061475,2023-07-24,EMP02505,CC0028,EX,1,Promotion,110907.49,CAD,CAN,2023-07-24 15:00:00,CORE_HR
EVT00059988,2023-07-21,EMP01234,CC0077,CR,5,Lateral Deployment,,CAD,CA,2023-07-21 07:00:00,PAYROLL
EVT00060622,2023-07-18,EMP00397,CC0114,CR,1,Performance Pay,6625.25,CAD,CAN,2023-07-19 13:00:00,CORE_HR
EVT00061446,2023-07-13,EMP02003,CC0114,EX,1,Performance Pay,13583.12,CAD,CA,2023-07-14 09:00:00,PAYROLL
EVT00060482,2023-07-25,EMP04896,CC0113,AS,1,Hire,59839.49,CAD,CA,2023-07-26 11:00:00,PAYROLL
EVT00061492,2023-07-24,EMP02379,CC0001,EX,2,Leave Return,,CAD,CAN,2023-07-24 06:00:00,CORE_HR
EVT00061611,2023-07-04,EMP01019,CC0054,EX,1,Promotion,7399395.86,INR,IND,2023-07-04 18:00:00,CORE_HR
EVT00061429,2023-07-04,EMP03754,CC0080,FI,4,Step Increment,154479.18,AUD,AU,2023-07-04 13:00:00,PAYROLL
EVT00061548,2023-07-11,EMP04113,CC0108,FI,2,Lateral Deployment,,KES,KEN,2023-07-11 17:00:00,CORE_HR
EVT00060522,2023-07-10,EMP05102,CC0066,CR,4,Departure,,CAD,CA,2023-07-10 10:00:00,PAYROLL
EVT00060449,2023-07-20,EMP00889,CC0005,EN,3,Lateral Deployment,,CAD,CA,2023-07-21 08:00:00,PAYROLL
EVT00060560,2023-07-12,EMP01633,CC0115,EC,2,Performance Pay,11726.18,CAD,CA,2023-07-13 11:00:00,PAYROLL
EVT00061016,2023-07-18,EMP01606,CC0048,FI,5,Departure,,CAD,CAN,2023-07-19 01:00:00,CORE_HR
EVT00061310,2023-07-15,EMP04853,CC0117,PA,1,Step Increment,70215.41,CAD,CAN,2023-07-16 07:00:00,CORE_HR
EVT00061503,2023-07-02,EMP00827,CC0115,EC,5,Leave Start,,CAD,CAN,2023-07-03 09:00:00,CORE_HR
EVT00061674,2023-07-04,EMP02822,CC0054,EX,2,Departure,,JPY,JPN,2023-07-05 13:00:00,CORE_HR
EVT00061027,2023-07-20,EMP00285,CC0046,EN,3,Promotion,11098133.63,JPY,JPN,2023-07-21 04:00:00,CORE_HR
EVT00060876,2023-07-14,EMP03591,CC0073,PA,3,Lateral Deployment,,CAD,CAN,2023-07-14 09:00:00,CORE_HR
EVT00060605,2023-07-05,EMP02920,CC0006,AS,3,Leave Start,,CAD,CAN,2023-07-05 18:00:00,CORE_HR
EVT00060831,2023-07-01,EMP02339,CC0001,IT,1,Performance Pay,9717.6,CAD,CAN,2023-07-01 14:00:00,CORE_HR
EVT00061346,2023-07-16,EMP02588,CC0114,EN,3,Promotion,109961.04,CAD,CAN,2023-07-16 14:00:00,CORE_HR
EVT00060177,2023-07-21,EMP00735,CC0045,IT,2,Step Increment,93631.69,CAD,CAN,2023-07-21 16:00:00,CORE_HR
EVT00061701,2023-07-08,EMP03354,CC0013,FI,1,Leave Start,,CAD,CAN,2023-07-09 13:00:00,CORE_HR
EVT00061320,2023-07-22,EMP00146,CC0004,CR,5,Lateral Deployment,,CAD,CA,2023-07-23 14:00:00,PAYROLL
EVT00060702,2023-07-23,EMP04582,CC0075,IT,3,Leave Start,,CAD,CA,2023-07-24 01:00:00,PAYROLL
EVT00061767,2023-07-25,EMP03325,CC0013,IT,4,Leave Start,,CAD,CA,2023-07-25 11:00:00,PAYROLL
EVT00060775,2023-07-05,EMP04618,CC0095,EC,1,Performance Pay,6905.13,CAD,CA,2023-07-06 07:00:00,PAYROLL
EVT00061161,2023-07-23,EMP03946,CC0034,EC,2,Leave Return,,CAD,CAN,2023-07-24 09:00:00,CORE_HR
EVT00060426,2023-07-08,EMP02635,CC0025,EX,2,Lateral Deployment,,CAD,CAN,2023-07-11 16:00:00,CORE_HR
EVT00060878,2023-07-17,EMP02000,CC0112,PA,2,Departure,,CAD,CAN,2023-07-18 07:00:00,CORE_HR
EVT00061263,2023-07-13,EMP04839,CC0031,EX,1,Performance Pay,663429.58,KES,KEN,2023-07-13 18:00:00,CORE_HR
EVT00061287,2023-07-09,EMP02220,CC0061,PA,1,Step Increment,69538.62,CAD,CAN,2023-07-10 06:00:00,CORE_HR
EVT00060299,2023-07-07,EMP03928,CC0043,EC,3,Leave Start,,CAD,CA,2023-07-07 21:00:00,PAYROLL
EVT00061230,2023-07-08,EMP03450,CC0094,AS,3,Step Increment,76510.59,CAD,CAN,2023-07-09 01:00:00,CORE_HR
EVT00060170,2023-07-11,EMP02701,CC0020,IT,3,Step Increment,89897.56,CAD,CA,2023-07-11 17:00:00,PAYROLL
EVT00061075,2023-07-24,EMP02641,CC0089,AS,1,Leave Return,,CAD,CA,2023-07-24 15:00:00,PAYROLL
EVT00060104,2023-07-24,EMP03251,CC0076,EC,3,Step Increment,116520.39,CAD,CAN,2023-07-24 07:00:00,CORE_HR
EVT00060887,2023-07-25,EMP02206,CC0023,AS,3,Lateral Deployment,,CAD,CAN,2023-07-25 20:00:00,CORE_HR
EVT00060538,2023-07-13,EMP01170,CC0088,PA,5,Leave Start,,SGD,SG,2023-07-13 21:00:00,PAYROLL
EVT00061693,2023-07-24,EMP01484,CC0065,EX,1,Leave Return,,AUD,AUS,2023-07-24 14:00:00,CORE_HR
EVT00060683,2023-07-19,EMP02084,CC0052,IT,3,Leave Start,,CAD,CA,2023-07-19 07:00:00,PAYROLL
EVT00060204,2023-07-13,EMP04649,CC0006,FI,3,Step Increment,90151.23,CAD,CA,2023-07-13 12:00:00,PAYROLL
EVT00060052,2023-07-26,EMP02984,CC0093,FI,3,Leave Start,,CAD,CAN,2023-07-27 10:00:00,CORE_HR
EVT00059764,2023-07-13,EMP02063,CC0003,EX,1,Leave Return,,CAD,CA,2023-07-13 07:00:00,PAYROLL
EVT00060443,2023-07-03,EMP00782,CC0019,EC,1,Step Increment,70008.56,CAD,CA,2023-07-03 13:00:00,PAYROLL
EVT00060991,2023-07-22,EMP04442,CC0094,IT,5,Performance Pay,16863.51,CAD,CA,2023-07-22 13:00:00,PAYROLL
EVT00060658,2023-07-20,EMP03626,CC0055,IT,2,Performance Pay,7848.95,CAD,CA,2023-07-20 07:00:00,PAYROLL
EVT00059724,2023-07-23,EMP02005,CC0044,IT,3,Lateral Deployment,,CAD,CA,2023-07-23 12:00:00,PAYROLL
EVT00059755,2023-07-19,EMP04494,CC0005,CR,4,Performance Pay,7517.06,CAD,CA,2023-07-20 13:00:00,PAYROLL
EVT00061705,2023-07-09,EMP02712,CC0066,FI,1,Departure,,CAD,CAN,2023-07-09 10:00:00,CORE_HR
EVT00059969,2023-07-05,EMP02776,CC0005,IT,2,Departure,,CAD,CA,2023-07-06 08:00:00,PAYROLL
EVT00059977,2023-07-24,EMP00141,CC0086,IT,1,Leave Start,,JPY,JPN,2023-07-25 00:00:00,CORE_HR
EVT00060421,2023-07-15,EMP02837,CC0109,EN,5,Lateral Deployment,,CAD,CA,2023-07-16 13:00:00,PAYROLL
EVT00059958,2023-07-15,EMP05098,CC0088,IT,1,Hire,223675.55,AED,ARE,2023-07-16 12:00:00,CORE_HR
EVT00060586,2023-07-24,EMP03163,CC0039,PA,4,Leave Return,,CAD,CAN,2023-07-25 08:00:00,CORE_HR
EVT00061207,2023-07-22,EMP04043,CC0039,PA,1,Step Increment,67013.58,CAD,CA,2023-07-23 12:00:00,PAYROLL
EVT00060822,2023-07-26,EMP02073,CC0077,FI,2,Leave Start,,CAD,CA,2023-07-26 16:00:00,PAYROLL
EVT00061572,2023-07-06,EMP04031,CC0018,AS,5,Departure,,CAD,CAN,2023-07-06 13:00:00,CORE_HR
EVT00060164,2023-07-05,EMP01178,CC0060,AS,3,Hire,64028.73,CAD,CA,2023-07-05 07:00:00,PAYROLL
EVT00060273,2023-07-07,EMP04231,CC0097,EN,2,Leave Return,,CAD,CA,2023-07-08 13:00:00,PAYROLL
EVT00060161,2023-07-15,EMP02673,CC0039,EN,2,Lateral Deployment,,CAD,CAN,2023-07-15 16:00:00,CORE_HR
EVT00060993,2023-07-19,EMP04116,CC0103,CR,4,Leave Start,,CAD,CAN,2023-07-20 05:00:00,CORE_HR
EVT00059968,2023-07-11,EMP02415,CC0120,IT,2,Step Increment,100943.6,CAD,CA,2023-07-12 01:00:00,PAYROLL
EVT00061289,2023-07-11,EMP02852,CC0087,CR,1,Step Increment,49592.11,CAD,CAN,2023-07-11 23:00:00,CORE_HR
EVT00059732,2023-07-18,EMP04191,CC0005,EN,4,Lateral Deployment,,CAD,CA,2023-07-19 12:00:00,PAYROLL
EVT00060354,2023-07-07,EMP03133,CC0024,FI,1,Promotion,74580.34,CAD,CA,2023-07-07 17:00:00,PAYROLL
EVT00061120,2023-07-01,EMP00249,CC0012,EX,2,Lateral Deployment,,CAD,CAN,2023-07-02 08:00:00,CORE_HR
EVT00060506,2023-07-11,EMP01040,CC0013,IT,2,Leave Start,,CAD,CAN,2023-07-12 14:00:00,CORE_HR
EVT00061575,2023-07-16,EMP00410,CC0118,PA,3,Step Increment,89707.87,CAD,CA,2023-07-17 06:00:00,PAYROLL
EVT00060556,2023-07-15,EMP00375,CC0083,PA,1,Performance Pay,8617.96,CAD,CAN,2023-07-16 07:00:00,CORE_HR
EVT00061337,2023-07-02,EMP03030,CC0069,FI,3,Step Increment,98216.62,CAD,CAN,2023-07-02 06:00:00,CORE_HR
EVT00059911,2023-07-25,EMP03538,CC0099,PA,2,Performance Pay,8947.9,CAD,CAN,2023-07-25 21:00:00,CORE_HR
EVT00061669,2023-07-01,EMP00514,CC0031,IT,1,Leave Start,,KES,KE,2023-07-01 16:00:00,PAYROLL
EVT00061711,2023-07-08,EMP01529,CC0087,CR,1,Leave Return,,CAD,CAN,2023-07-08 10:00:00,CORE_HR
EVT00060185,2023-07-07,EMP03577,CC0083,EN,1,Leave Return,,CAD,CAN,2023-07-07 22:00:00,CORE_HR
EVT00061009,2023-07-02,EMP02399,CC0083,EN,1,Leave Return,,CAD,CAN,2023-07-02 08:00:00,CORE_HR
EVT00061417,2023-07-02,EMP01867,CC0115,CR,2,Performance Pay,4818.54,CAD,CAN,2023-07-03 07:00:00,CORE_HR
EVT00061493,2023-07-11,EMP00050,CC0117,IT,1,Lateral Deployment,,CAD,CAN,2023-07-12 00:00:00,CORE_HR
EVT00060050,2023-07-12,EMP03323,CC0092,PA,2,Step Increment,73527.72,CAD,CAN,2023-07-12 23:00:00,CORE_HR
EVT00061164,2023-07-01,EMP02678,CC0025,CR,1,Lateral Deployment,,CAD,CAN,2023-07-01 21:00:00,CORE_HR
EVT00060208,2023-07-24,EMP04113,CC0108,FI,2,Step Increment,61160.27,GBP,GB,2023-07-24 10:00:00,PAYROLL
EVT00059889,2023-07-22,EMP03443,CC0068,IT,1,Step Increment,86008.45,CAD,CAN,2023-07-22 23:00:00,CORE_HR
EVT00060279,2023-07-06,EMP02618,CC0037,EN,4,Lateral Deployment,,CAD,CA,2023-07-07 08:00:00,PAYROLL
EVT00061488,2023-07-21,EMP01031,CC0108,EX,2,Promotion,120685.24,USD,USA,2023-07-21 09:00:00,CORE_HR
EVT00061757,2023-07-08,EMP01343,CC0041,EC,2,Departure,,CAD,CAN,2023-07-08 08:00:00,CORE_HR
EVT00059860,2023-07-21,EMP02203,CC0072,EX,1,Step Increment,152657.59,CAD,CA,2023-07-21 18:00:00,PAYROLL
EVT00059970,2023-07-05,EMP03514,CC0092,AS,1,Step Increment,62821.06,CAD,CA,2023-07-06 07:00:00,PAYROLL
EVT00059993,2023-07-20,EMP03453,CC0020,EC,5,Promotion,137548.3,CAD,CA,2023-07-20 18:00:00,PAYROLL
EVT00061112,2023-07-04,EMP01047,CC0016,EC,5,Leave Return,,CAD,CAN,2023-07-04 18:00:00,CORE_HR
EVT00061377,2023-07-23,EMP02096,CC0040,EC,2,Step Increment,82038.78,CAD,CAN,2023-07-23 12:00:00,CORE_HR
EVT00061108,2023-07-14,EMP00043,CC0092,EC,3,Step Increment,98789.43,CAD,CAN,2023-07-14 21:00:00,CORE_HR
EVT00061531,2023-07-08,EMP00184,CC0039,PA,1,Performance Pay,4056.74,CAD,CAN,2023-07-09 09:00:00,CORE_HR
EVT00061058,2023-07-12,EMP03423,CC0065,AS,3,Performance Pay,2037.83,GBP,GBR,2023-07-12 09:00:00,CORE_HR
EVT00061431,2023-07-10,EMP04891,CC0046,IT,2,Step Increment,53984.05,GBP,GB,2023-07-10 11:00:00,PAYROLL
EVT00060347,2023-07-09,EMP02237,CC0074,PA,3,Performance Pay,3602.14,GBP,GBR,2023-07-10 12:00:00,CORE_HR
EVT00060746,2023-07-23,EMP00399,CC0008,PA,5,Step Increment,111355.31,CAD,CAN,2023-07-23 16:00:00,CORE_HR
EVT00060141,2023-07-13,EMP04003,CC0042,PA,4,Leave Start,,CAD,CA,2023-07-14 02:00:00,PAYROLL
EVT00061179,2023-07-02,EMP02966,CC0053,AS,1,Leave Return,,CAD,CAN,2023-07-02 19:00:00,CORE_HR
EVT00060975,2023-07-24,EMP04264,CC0106,EC,1,Leave Start,,CAD,CAN,2023-07-24 11:00:00,CORE_HR
EVT00061059,2023-07-25,EMP02037,CC0021,PA,1,Step Increment,59208.09,CAD,CAN,2023-07-26 13:00:00,CORE_HR
EVT00059738,2023-07-17,EMP03514,CC0092,AS,1,Step Increment,60133.48,CAD,CA,2023-07-18 02:00:00,PAYROLL
EVT00059793,2023-07-03,EMP04915,CC0100,EN,2,Lateral Deployment,,CAD,CAN,2023-07-03 13:00:00,CORE_HR
EVT00060762,2023-07-18,EMP01582,CC0103,IT,2,Leave Start,,CAD,CA,2023-07-18 08:00:00,PAYROLL
EVT00060394,2023-07-21,EMP00627,CC0014,CR,3,Step Increment,69464.74,CAD,CA,2023-07-22 08:00:00,PAYROLL
EVT00061240,2023-07-02,EMP02163,CC0030,PA,1,Leave Start,,MXN,MX,2023-07-03 00:00:00,PAYROLL
EVT00061436,2023-07-07,EMP02642,CC0028,FI,1,Hire,75746.17,CAD,CA,2023-07-08 02:00:00,PAYROLL
EVT00061279,2023-07-21,EMP04694,CC0064,CR,4,Leave Return,,CAD,CAN,2023-07-21 20:00:00,CORE_HR
EVT00060496,2023-07-08,EMP01427,CC0074,EX,2,Leave Return,,SGD,SGP,2023-07-09 08:00:00,CORE_HR
EVT00060566,2023-07-19,EMP03753,CC0106,FI,4,Leave Start,,CAD,CAN,2023-07-20 05:00:00,CORE_HR
EVT00061327,2023-07-11,EMP01515,CC0066,EX,2,Leave Start,,CAD,CAN,2023-07-11 20:00:00,CORE_HR
EVT00060058,2023-07-07,EMP01443,CC0039,EN,2,Lateral Deployment,,CAD,CAN,2023-07-07 20:00:00,CORE_HR
EVT00060728,2023-07-05,EMP03207,CC0116,CR,2,Departure,,CAD,CAN,2023-07-06 14:00:00,CORE_HR
EVT00060886,2023-07-14,EMP02767,CC0102,IT,3,Performance Pay,12381.28,CAD,CAN,2023-07-15 05:00:00,CORE_HR
EVT00061576,2023-07-09,EMP00597,CC0031,IT,1,Departure,,AED,AE,2023-07-10 03:00:00,PAYROLL
EVT00061408,2023-07-10,EMP04767,CC0045,FI,2,Step Increment,87050.76,CAD,CAN,2023-07-10 10:00:00,CORE_HR
EVT00060799,2023-07-23,EMP01370,CC0095,PA,5,Step Increment,80760.1,CAD,CAN,2023-07-23 16:00:00,CORE_HR
EVT00061093,2023-07-17,EMP02667,CC0020,EN,5,Departure,,CAD,CA,2023-07-17 08:00:00,PAYROLL
EVT00060008,2023-07-20,EMP04896,CC0113,AS,1,Performance Pay,4327.68,CAD,CA,2023-07-21 15:00:00,PAYROLL
EVT00060763,2023-07-26,EMP03772,CC0031,IT,1,Hire,221210.48,AED,ARE,2023-07-27 11:00:00,CORE_HR
EVT00060761,2023-07-21,EMP02377,CC0056,FI,4,Step Increment,106084.66,CAD,CAN,2023-07-22 07:00:00,CORE_HR
EVT00060826,2023-07-26,EMP03530,CC0086,IT,4,Step Increment,172739.01,AUD,AU,2023-07-26 19:00:00,PAYROLL
EVT00061173,2023-07-23,EMP00017,CC0120,PA,3,Step Increment,104124.98,CAD,CAN,2023-07-24 05:00:00,CORE_HR
EVT00060789,2023-07-24,EMP00892,CC0093,EN,1,Leave Start,,CAD,CA,2023-07-25 04:00:00,PAYROLL
EVT00060212,2023-07-07,EMP03343,CC0075,CR,1,Lateral Deployment,,CAD,CAN,2023-07-07 11:00:00,CORE_HR
EVT00060552,2023-07-02,EMP02744,CC0112,EC,1,Lateral Deployment,,CAD,CAN,2023-07-02 22:00:00,CORE_HR
EVT00060877,2023-07-08,EMP04527,CC0107,PA,4,Step Increment,95654.13,CAD,CAN,2023-07-08 07:00:00,CORE_HR
EVT00060678,2023-07-19,EMP04411,CC0112,EN,2,Leave Start,,CAD,CAN,2023-07-19 11:00:00,CORE_HR
EVT00060464,2023-07-01,EMP03463,CC0035,IT,1,Step Increment,79101.67,CAD,CA,2023-07-01 11:00:00,PAYROLL
EVT00061189,2023-07-02,EMP01442,CC0066,PA,3,Leave Return,,CAD,CA,2023-07-02 22:00:00,PAYROLL
EVT00060028,2023-07-25,EMP00916,CC0019,EX,1,Step Increment,147441.35,CAD,CAN,2023-07-26 03:00:00,CORE_HR
EVT00060075,2023-07-03,EMP01894,CC0033,PA,5,Departure,,CAD,CA,2023-07-04 12:00:00,PAYROLL
EVT00061292,2023-07-02,EMP05072,CC0086,EN,3,Lateral Deployment,,EUR,DEU,2023-07-02 12:00:00,CORE_HR
EVT00060716,2023-07-02,EMP02688,CC0046,PA,1,Performance Pay,11450.54,AED,ARE,2023-07-02 10:00:00,CORE_HR
EVT00060691,2023-07-24,EMP02345,CC0056,AS,2,Step Increment,60724.35,CAD,CAN,2023-07-24 19:00:00,CORE_HR
EVT00060268,2023-07-23,EMP01791,CC0045,PA,2,Performance Pay,5584.63,CAD,CAN,2023-07-24 06:00:00,CORE_HR
EVT00060956,2023-07-20,EMP00583,CC0043,AS,2,Performance Pay,3995.37,CAD,CA,2023-07-21 00:00:00,PAYROLL
EVT00061430,2023-07-18,EMP04261,CC0005,IT,2,Step Increment,100364.44,CAD,CA,2023-07-18 16:00:00,PAYROLL
EVT00061612,2023-07-06,EMP03871,CC0014,PA,1,Departure,,CAD,CAN,2023-07-07 10:00:00,CORE_HR
EVT00061709,2023-07-27,EMP01752,CC0063,EN,2,Step Increment,96408.43,CAD,CA,2023-07-28 10:00:00,PAYROLL
EVT00059932,2023-07-20,EMP02579,CC0029,EN,2,Performance Pay,499963.6,JPY,JP,2023-07-20 11:00:00,PAYROLL
EVT00061633,2023-07-08,EMP04785,CC0118,AS,3,Promotion,78346.0,CAD,CAN,2023-07-08 15:00:00,CORE_HR
EVT00060846,2023-07-06,EMP02817,CC0018,IT,1,Performance Pay,4916.88,CAD,CA,2023-07-06 16:00:00,PAYROLL
EVT00061397,2023-07-27,EMP02520,CC0107,IT,2,Step Increment,100925.64,CAD,CA,2023-07-28 00:00:00,PAYROLL
EVT00061545,2023-07-08,EMP00139,CC0056,CR,3,Step Increment,52160.59,CAD,CAN,2023-07-08 19:00:00,CORE_HR
EVT00061376,2023-07-02,EMP02166,CC0014,PA,5,Step Increment,109373.45,CAD,CA,2023-07-02 16:00:00,PAYROLL
EVT00060146,2023-07-23,EMP02655,CC0107,CR,3,Leave Return,,CAD,CAN,2023-07-23 19:00:00,CORE_HR
EVT00060847,2023-07-16,EMP02735,CC0097,PA,4,Leave Start,,CAD,CAN,2023-07-17 13:00:00,CORE_HR
EVT00060666,2023-07-12,EMP01353,CC0105,EX,2,Performance Pay,53088.3,BRL,BR,2023-07-13 09:00:00,PAYROLL
EVT00059975,2023-07-16,EMP00886,CC0055,PA,1,Performance Pay,8967.99,CAD,CAN,2023-07-16 13:00:00,CORE_HR
EVT00059928,2023-07-10,EMP03372,CC0087,EN,1,Step Increment,81697.47,CAD,CAN,2023-07-10 10:00:00,CORE_HR
EVT00060688,2023-07-16,EMP03516,CC0101,EC,2,Leave Return,,CAD,CAN,2023-07-16 15:00:00,CORE_HR
EVT00060874,2023-07-08,EMP02972,CC0002,EC,5,Step Increment,121282.22,CAD,CA,2023-07-08 19:00:00,PAYROLL
EVT00061422,2023-07-10,EMP01178,CC0060,AS,3,Performance Pay,4839.36,CAD,CA,2023-07-11 07:00:00,PAYROLL
EVT00060776,2023-07-13,EMP02895,CC0086,CR,3,Step Increment,50344.24,EUR,FRA,2023-07-15 11:00:00,CORE_HR
EVT00059762,2023-07-07,EMP02201,CC0080,EC,1,Departure,,MXN,MEX,2023-07-08 15:00:00,CORE_HR
EVT00060432,2023-07-19,EMP01927,CC0115,PA,3,Departure,,CAD,CAN,2023-07-20 15:00:00,CORE_HR
EVT00061736,2023-07-27,EMP04894,CC0008,AS,4,Lateral Deployment,,CAD,CA,2023-07-28 08:00:00,PAYROLL
EVT00061269,2023-07-15,EMP03105,CC0002,PA,1,Step Increment,61414.23,CAD,CAN,2023-07-15 13:00:00,CORE_HR
EVT00060512,2023-07-23,EMP04532,CC0023,AS,4,Leave Return,,CAD,CA,2023-07-23 17:00:00,PAYROLL
EVT00060265,2023-07-01,EMP00857,CC0111,IT,1,Performance Pay,39354.25,BRL,BRA,2023-07-02 12:00:00,CORE_HR
EVT00060533,2023-07-17,EMP00376,CC0001,EX,1,Leave Start,,CAD,CAN,2023-07-17 19:00:00,CORE_HR
EVT00060176,2023-07-22,EMP01390,CC0046,AS,4,Leave Return,,MXN,MEX,2023-07-22 08:00:00,CORE_HR
EVT00061631,2023-07-25,EMP03166,CC0040,EN,2,Performance Pay,11060.27,CAD,CA,2023-07-26 09:00:00,PAYROLL
EVT00060865,2023-07-09,EMP03877,CC0036,PA,3,Leave Return,,CAD,CA,2023-07-09 14:00:00,PAYROLL
EVT00061561,2023-07-21,EMP00047,CC0052,AS,4,Hire,58887.7,CAD,CAN,2023-07-21 06:00:00,CORE_HR
EVT00061770,2023-07-23,EMP01140,CC0049,IT,1,Step Increment,63515.33,EUR,DEU,2023-07-24 00:00:00,CORE_HR
EVT00061650,2023-07-14,EMP04676,CC0098,IT,1,Leave Return,,CAD,CA,2023-07-14 12:00:00,PAYROLL
EVT00061765,2023-07-11,EMP05033,CC0080,IT,1,Lateral Deployment,,EUR,FRA,2023-07-12 12:00:00,CORE_HR
EVT00060709,2023-07-16,EMP01892,CC0076,PA,2,Leave Start,,CAD,CAN,2023-07-17 02:00:00,CORE_HR
EVT00061452,2023-07-22,EMP04598,CC0037,IT,2,Promotion,92026.01,CAD,CA,2023-07-23 00:00:00,PAYROLL
EVT00060674,2023-07-01,EMP01988,CC0081,EX,3,Performance Pay,12282.35,CAD,CA,2023-07-01 06:00:00,PAYROLL
EVT00060721,2023-07-10,EMP01706,CC0096,EX,2,Leave Return,,CAD,CA,2023-07-10 09:00:00,PAYROLL
EVT00060286,2023-07-20,EMP02697,CC0079,IT,1,Leave Return,,CAD,CA,2023-07-20 10:00:00,PAYROLL
EVT00061721,2023-07-17,EMP04443,CC0083,FI,3,Departure,,CAD,CA,2023-07-18 11:00:00,PAYROLL
EVT00060119,2023-07-12,EMP00727,CC0068,IT,3,Hire,113947.06,CAD,CA,2023-07-12 18:00:00,PAYROLL
EVT00061323,2023-07-12,EMP02207,CC0090,IT,1,Promotion,65318.59,CAD,CAN,2023-07-13 11:00:00,CORE_HR
EVT00060759,2023-07-06,EMP00528,CC0105,IT,4,Departure,,AED,AE,2023-07-07 02:00:00,PAYROLL
EVT00061328,2023-07-27,EMP00745,CC0063,AS,5,Departure,,CAD,CA,2023-07-27 14:00:00,PAYROLL
EVT00061272,2023-07-15,EMP00237,CC0055,EN,2,Departure,,CAD,CA,2023-07-16 15:00:00,PAYROLL
EVT00059954,2023-07-22,EMP00313,CC0058,FI,5,Leave Return,,CAD,CAN,2023-07-22 08:00:00,CORE_HR
EVT00060002,2023-07-08,EMP00580,CC0112,PA,5,Step Increment,106601.33,CAD,CAN,2023-07-08 17:00:00,CORE_HR
EVT00059828,2023-07-13,EMP04073,CC0071,AS,1,Performance Pay,6420.82,CAD,CAN,2023-07-14 08:00:00,CORE_HR
EVT00061472,2023-07-04,EMP01175,CC0010,IT,2,Step Increment,100532.64,CAD,CAN,2023-07-04 18:00:00,CORE_HR
EVT00060223,2023-07-26,EMP03498,CC0052,AS,1,Step Increment,54319.15,CAD,CA,2023-07-26 21:00:00,PAYROLL
EVT00061096,2023-07-19,EMP04344,CC0102,PA,3,Lateral Deployment,,CAD,CA,2023-07-19 07:00:00,PAYROLL
EVT00060331,2023-07-01,EMP01678,CC0065,EC,3,Promotion,12105161.49,JPY,JPN,2023-07-02 00:00:00,CORE_HR
EVT00060574,2023-07-26,EMP02810,CC0062,CR,3,Promotion,63339.28,CAD,CAN,2023-07-30 10:00:00,CORE_HR
EVT00060645,2023-07-07,EMP99999,CC0055,PA,2,Leave Return,,CAD,CA,2023-07-08 14:00:00,PAYROLL
EVT00061463,2023-07-16,EMP04257,CC0053,AS,2,Leave Start,,CAD,CA,2023-07-17 13:00:00,PAYROLL
EVT00059966,2023-07-11,EMP03279,CC0120,PA,2,Performance Pay,8184.63,CAD,CAN,2023-07-12 01:00:00,CORE_HR
EVT00061447,2023-07-27,EMP00695,CC0087,EC,4,Hire,124367.46,CAD,CA,2023-07-27 07:00:00,PAYROLL
EVT00061026,2023-07-04,EMP00056,CC0025,EN,3,Departure,,CAD,CA,2023-07-05 11:00:00,PAYROLL
EVT00060741,2023-07-07,EMP01635,CC0113,IT,2,Leave Start,,CAD,CAN,2023-07-08 06:00:00,CORE_HR
EVT00060340,2023-07-09,EMP01049,CC0053,AS,4,Leave Start,,CAD,CAN,2023-07-09 13:00:00,CORE_HR
EVT00059754,2023-07-07,EMP00955,CC0057,EC,1,Leave Start,,CAD,CAN,2023-07-08 13:00:00,CORE_HR
EVT00061080,2023-07-27,EMP01902,CC0031,IT,1,Performance Pay,23901.04,BRL,BR,2023-07-28 04:00:00,PAYROLL
EVT00061010,2023-07-02,EMP01734,CC0040,EC,3,Leave Start,,CAD,CAN,2023-07-02 10:00:00,CORE_HR
EVT00061781,2023-07-15,EMP04857,CC0001,AS,1,Step Increment,61095.31,CAD,CA,2023-07-15 16:00:00,PAYROLL
EVT00060971,2023-07-25,EMP02807,CC0106,AS,2,Step Increment,62005.38,CAD,CAN,2023-07-25 11:00:00,CORE_HR
EVT00061485,2023-07-15,EMP04547,CC0060,PA,1,Step Increment,58313.28,CAD,CAN,2023-07-15 18:00:00,CORE_HR
EVT00060680,2023-07-18,EMP03924,CC0073,AS,2,Step Increment,59765.05,CAD,CA,2023-07-18 09:00:00,PAYROLL
EVT00059997,2023-07-26,EMP04956,CC0062,FI,5,Performance Pay,6692.83,CAD,CA,2023-07-27 06:00:00,PAYROLL
EVT00060757,2023-07-11,EMP01519,CC0047,CR,2,Lateral Deployment,,CAD,CA,2023-07-12 07:00:00,PAYROLL
EVT00060150,2023-07-17,EMP03702,CC0056,IT,2,Performance Pay,5946.65,CAD,CAN,2023-07-17 16:00:00,CORE_HR
EVT00060819,2023-07-06,EMP05144,CC0105,IT,5,Leave Return,,SGD,SGP,2023-07-07 08:00:00,CORE_HR
EVT00059751,2023-07-17,EMP01200,CC0089,PA,1,Leave Return,,CAD,CA,2023-07-17 07:00:00,PAYROLL
EVT00059809,2023-07-04,EMP04186,CC0057,EC,5,Step Increment,107801.38,CAD,CAN,2023-07-05 05:00:00,CORE_HR
EVT00061273,2023-07-03,EMP03247,CC0088,IT,2,Leave Return,,AED,ARE,2023-07-04 07:00:00,CORE_HR
EVT00060529,2023-07-15,EMP04807,CC0005,EC,3,Performance Pay,10319.61,CAD,CAN,2023-07-15 10:00:00,CORE_HR
EVT00060039,2023-07-25,EMP05041,CC0010,FI,5,Leave Return,,CAD,CAN,2023-07-25 22:00:00,CORE_HR
EVT00060425,2023-07-14,EMP05019,CC0065,PA,2,Step Increment,58827.03,EUR,FRA,2023-07-15 08:00:00,CORE_HR
EVT00061224,2023-07-19,EMP00363,CC0069,AS,4,Step Increment,75817.01,CAD,CAN,2023-07-20 05:00:00,CORE_HR
EVT00061264,2023-07-04,EMP03427,CC0107,CR,2,Performance Pay,4947.72,CAD,CAN,2023-07-05 00:00:00,CORE_HR
EVT00060088,2023-07-14,EMP02990,CC0022,PA,3,Leave Return,,CAD,CAN,2023-07-14 23:00:00,CORE_HR
EVT00059794,2023-07-16,EMP04599,CC0113,CR,4,Step Increment,79502.37,CAD,CA,2023-07-17 05:00:00,PAYROLL
EVT00059787,2023-07-21,EMP04541,CC0113,FI,2,Performance Pay,4516.22,CAD,CAN,2023-07-22 01:00:00,CORE_HR
EVT00060563,2023-07-17,EMP01698,CC0098,PA,4,Step Increment,95853.93,CAD,CAN,2023-07-17 16:00:00,CORE_HR
EVT00059730,2023-07-19,EMP00143,CC0065,EC,4,Lateral Deployment,,JPY,JPN,2023-07-19 16:00:00,CORE_HR
EVT00059983,2023-07-08,EMP04351,CC0056,AS,1,Departure,,CAD,CAN,2023-07-08 08:00:00,CORE_HR
EVT00061186,2023-07-04,EMP01296,CC0001,EN,3,Step Increment,110193.75,CAD,CA,2023-07-04 23:00:00,PAYROLL
EVT00059790,2023-07-24,EMP00134,CC0041,PA,3,Performance Pay,5430.64,CAD,CAN,2023-07-24 21:00:00,CORE_HR
EVT00061320,2023-07-22,EMP00146,CC0004,CR,5,Lateral Deployment,,CAD,CA,2023-07-24 06:00:00,PAYROLL
EVT00060467,2023-07-24,EMP01717,CC0096,EX,2,Hire,176179.58,CAD,CA,2023-07-25 10:00:00,PAYROLL
EVT00061366,2023-07-02,EMP04413,CC0105,EX,3,Lateral Deployment,,EUR,DE,2023-07-03 05:00:00,PAYROLL
EVT00061090,2023-07-19,EMP01703,CC0082,FI,5,Step Increment,112827.67,CAD,CA,2023-07-19 22:00:00,PAYROLL
EVT00060023,2023-07-08,EMP00801,CC0023,FI,1,Performance Pay,9179.54,CAD,CA,2023-07-09 13:00:00,PAYROLL
EVT00061487,2023-07-17,EMP00595,CC0113,EX,1,Lateral Deployment,,CAD,CAN,2023-07-17 15:00:00,CORE_HR
EVT00060694,2023-07-10,EMP04374,CC0095,FI,2,Leave Start,,CAD,CAN,2023-07-11 11:00:00,CORE_HR
EVT00061166,2023-07-17,EMP04121,CC0106,EC,4,Leave Return,,CAD,CA,2023-07-17 07:00:00,PAYROLL
EVT00060670,2023-07-24,EMP02171,CC0120,PA,4,Leave Start,,CAD,CA,2023-07-25 12:00:00,PAYROLL
EVT00060320,2023-07-15,EMP02805,CC0011,EN,1,Step Increment,83616.17,CAD,CAN,2023-07-15 06:00:00,CORE_HR
EVT00060243,2023-07-25,EMP04809,CC0107,PA,3,Performance Pay,11377.74,CAD,CAN,2023-07-26 15:00:00,CORE_HR
EVT00060231,2023-07-25,EMP03406,CC0045,EC,5,Leave Start,,CAD,CAN,2023-07-26 02:00:00,CORE_HR
EVT00061655,2023-07-10,EMP04011,CC0119,CR,4,Hire,59860.07,CAD,CAN,2023-07-11 12:00:00,CORE_HR
EVT00061243,2023-07-10,EMP00358,CC0086,AS,2,Leave Return,,JPY,JP,2023-07-10 17:00:00,PAYROLL
EVT00061242,2023-07-08,EMP01542,CC0034,IT,2,Lateral Deployment,,CAD,CA,2023-07-08 14:00:00,PAYROLL
EVT00059961,2023-07-19,EMP04826,CC0074,CR,3,Performance Pay,3959.62,SGD,SGP,2023-07-20 12:00:00,CORE_HR
EVT00061642,2023-07-11,EMP04356,CC0039,IT,3,Lateral Deployment,,CAD,CAN,2023-07-11 17:00:00,CORE_HR
EVT00060182,2023-07-08,EMP04317,CC0081,EC,5,Performance Pay,9275.92,CAD,CA,2023-07-08 20:00:00,PAYROLL
EVT00060449,2023-07-20,EMP00889,CC0005,EN,3,Lateral Deployment,,CAD,CA,2023-07-22 15:00:00,PAYROLL
EVT00060114,2023-07-14,EMP01578,CC0078,IT,4,Step Increment,113324.11,CAD,CAN,2023-07-15 13:00:00,CORE_HR
EVT00059882,2023-07-03,EMP03391,CC0029,PA,3,Performance Pay,436427.48,INR,IN,2023-07-03 10:00:00,PAYROLL
EVT00059753,2023-07-16,EMP04672,CC0008,AS,4,Step Increment,87615.48,CAD,CAN,2023-07-16 11:00:00,CORE_HR
EVT00060893,2023-07-06,EMP02630,CC0010,AS,2,Leave Return,,CAD,CA,2023-07-06 12:00:00,PAYROLL
EVT00060174,2023-07-27,EMP02095,CC0032,EC,4,Leave Start,,XXX,CAN,2023-07-28 09:00:00,CORE_HR
EVT00060284,2023-07-19,EMP04357,CC0021,AS,3,Promotion,70961.93,CAD,CAN,2023-07-20 09:00:00,CORE_HR
EVT00060434,2023-07-09,EMP02586,CC0009,EN,2,Lateral Deployment,,MXN,MEX,2023-07-09 08:00:00,CORE_HR
EVT00060844,2023-07-19,EMP00159,CC0076,PA,1,Lateral Deployment,,CAD,CA,2023-07-19 23:00:00,PAYROLL
EVT00059909,2023-07-22,EMP00013,CC0028,IT,2,Step Increment,98487.63,CAD,CA,2023-07-22 14:00:00,PAYROLL
EVT00060888,2023-07-17,EMP04094,CC0062,FI,2,Lateral Deployment,,CAD,CAN,2023-07-18 02:00:00,CORE_HR
EVT00060791,2023-07-22,EMP03037,CC0093,AS,1,Hire,54474.52,CAD,CA,2023-07-23 14:00:00,PAYROLL
EVT00061733,2023-07-07,EMP04435,CC0118,AS,5,Leave Start,,CAD,CA,2023-07-07 07:00:00,PAYROLL
EVT00061745,2023-07-11,EMP04812,CC0059,IT,4,Step Increment,122495.28,CAD,CAN,2023-07-11 13:00:00,CORE_HR
EVT00060157,2023-07-02,EMP03162,CC0100,PA,3,Hire,106086.86,CAD,CAN,2023-07-02 17:00:00,CORE_HR
EVT00061419,2023-07-24,EMP00788,CC0027,AS,5,Step Increment,93435.83,CAD,CAN,2023-07-25 11:00:00,CORE_HR
EVT00060612,2023-07-04,EMP03368,CC0050,CR,4,Step Increment,67324.99,CAD,CAN,2023-07-05 11:00:00,CORE_HR
EVT00060499,2023-07-02,EMP01822,CC0060,FI,1,Performance Pay,7966.17,CAD,CAN,2023-07-02 06:00:00,CORE_HR
EVT00060358,2023-07-20,EMP04121,CC0106,EC,4,Performance Pay,14311.07,CAD,CAN,2023-07-20 22:00:00,CORE_HR
EVT00060489,2023-07-20,EMP01906,CC0060,CR,5,Leave Start,,CAD,CAN,2023-07-22 19:00:00,CORE_HR
EVT00060485,2023-07-08,EMP03916,CC0025,FI,1,Step Increment,68737.43,CAD,CAN,2023-07-08 21:00:00,CORE_HR
EVT00060982,2023-07-21,EMP01237,CC0103,EX,1,Step Increment,132723.8,CAD,CA,2023-07-21 07:00:00,PAYROLL
EVT00061255,2023-07-04,EMP03698,CC0072,FI,4,Leave Return,,CAD,CAN,2023-07-05 00:00:00,CORE_HR
EVT00061089,2023-07-15,EMP03537,CC0075,PA,4,Leave Start,,CAD,CAN,2023-07-15 11:00:00,CORE_HR
EVT00060525,2023-07-22,EMP02026,CC0094,EC,3,Leave Return,,CAD,CAN,2023-07-22 23:00:00,CORE_HR
EVT00059870,2023-07-25,EMP00447,CC0047,PA,3,Hire,88079.77,CAD,CA,2023-07-28 12:00:00,PAYROLL
EVT00060242,2023-07-04,EMP00962,CC0069,PA,3,Step Increment,81216.96,CAD,CAN,2023-07-05 10:00:00,CORE_HR
EVT00060990,2023-07-10,EMP04797,CC0097,IT,4,Leave Return,,CAD,CAN,2023-07-11 11:00:00,CORE_HR
EVT00060553,2023-07-03,EMP04431,CC0066,EX,1,Leave Start,,CAD,CA,2023-07-03 15:00:00,PAYROLL
EVT00061595,2023-07-17,EMP00488,CC0023,FI,1,Performance Pay,5677.38,CAD,CA,2023-07-20 22:00:00,PAYROLL
EVT00060392,2023-07-18,EMP04286,CC0028,IT,1,Step Increment,84843.11,CAD,CA,2023-07-19 11:00:00,PAYROLL
EVT00060919,2023-07-11,EMP05150,CC0020,IT,1,Lateral Deployment,,CAD,CA,2023-07-11 17:00:00,PAYROLL
EVT00061544,2023-07-08,EMP00422,CC0115,PA,5,Leave Start,,CAD,CAN,2023-07-09 03:00:00,CORE_HR
EVT00061453,2023-07-10,EMP01920,CC0071,EN,3,Hire,108218.44,CAD,CA,2023-07-10 06:00:00,PAYROLL
EVT00061625,2023-07-27,EMP01216,CC0069,FI,3,Leave Start,,CAD,CA,2023-07-28 10:00:00,PAYROLL
EVT00061227,2023-07-25,EMP01056,CC0064,CR,3,Leave Start,,CAD,CAN,2023-07-26 14:00:00,CORE_HR
EVT00061118,2023-07-05,EMP02438,CC0056,PA,4,Leave Return,,CAD,CA,2023-07-06 19:00:00,PAYROLL
EVT00060175,2023-07-02,EMP03524,CC0096,AS,1,Performance Pay,2779.68,CAD,CAN,2023-07-02 10:00:00,CORE_HR
EVT00060910,2023-07-15,EMP01325,CC0092,IT,2,Leave Start,,CAD,CA,2023-07-15 09:00:00,PAYROLL
EVT00061551,2023-07-09,EMP02088,CC0023,IT,2,Step Increment,99701.81,CAD,CA,2023-07-10 08:00:00,PAYROLL
EVT00059752,2023-07-09,EMP04964,CC0065,PA,3,Performance Pay,9737.91,AUD,AUS,2023-07-09 09:00:00,CORE_HR
EVT00061511,2023-07-14,EMP04308,CC0099,CR,5,Leave Start,,CAD,CAN,2023-07-14 13:00:00,CORE_HR
EVT00061379,2023-07-06,EMP03324,CC0016,FI,2,Step Increment,88084.81,CAD,CAN,2023-07-06 19:00:00,CORE_HR
EVT00061479,2023-07-23,EMP00969,CC0029,EC,2,Step Increment,74972.51,EUR,DE,2023-07-24 13:00:00,PAYROLL
EVT00060210,2023-07-22,EMP00391,CC0064,EN,2,Hire,113596.54,CAD,CA,2023-07-23 06:00:00,PAYROLL
EVT00061006,2023-07-02,EMP02383,CC0118,PA,2,Performance Pay,8865.44,CAD,CAN,2023-07-02 07:00:00,CORE_HR
EVT00061491,2023-07-03,EMP00452,CC0060,PA,2,Hire,78560.52,CAD,CAN,2023-07-03 13:00:00,CORE_HR
EVT00059845,2023-07-13,EMP04713,CC0008,PA,3,Leave Start,,CAD,CA,2023-07-14 04:00:00,PAYROLL
EVT00060477,2023-07-22,EMP00307,CC0080,FI,1,Step Increment,61886.45,USD,US,2023-07-22 09:00:00,PAYROLL
EVT00060258,2023-07-22,EMP04991,CC0074,EC,5,Step Increment,377422.86,AED,AE,2023-07-23 09:00:00,PAYROLL
EVT00061505,2023-07-07,EMP03210,CC0017,EC,4,Promotion,125233.88,CAD,CA,2023-07-07 15:00:00,PAYROLL
EVT00060078,2023-07-26,EMP03337,CC0097,PA,3,Step Increment,69250.18,CAD,CA,2023-07-27 11:00:00,PAYROLL
EVT00059875,2023-07-07,EMP03116,CC0065,PA,1,Promotion,54688.45,USD,USA,2023-07-07 20:00:00,CORE_HR
EVT00061041,2023-07-26,EMP01750,CC0115,EX,1,Step Increment,103362.72,CAD,CA,2023-07-26 13:00:00,PAYROLL
EVT00061519,2023-07-01,EMP04647,CC0045,EX,2,Step Increment,151554.89,CAD,CAN,2023-07-01 12:00:00,CORE_HR
EVT00060128,2023-07-23,EMP04241,CC0012,FI,2,Step Increment,64298.51,CAD,CA,2023-07-24 03:00:00,PAYROLL
EVT00061238,2023-07-07,EMP03454,CC0054,CR,4,Performance Pay,2486.62,GBP,GB,2023-07-07 07:00:00,PAYROLL
EVT00061521,2023-07-02,EMP00678,CC0094,AS,2,Leave Return,,CAD,CAN,2023-07-02 22:00:00,CORE_HR
EVT00061702,2023-07-12,EMP00425,CC0069,PA,1,Leave Start,,CAD,CA,2023-07-12 14:00:00,PAYROLL
EVT00060835,2023-07-07,EMP03441,CC0016,AS,3,Performance Pay,8754.42,CAD,CAN,2023-07-08 11:00:00,CORE_HR
EVT00060054,2023-07-24,EMP01326,CC0018,AS,2,Step Increment,75976.03,CAD,CAN,2023-07-25 04:00:00,CORE_HR
EVT00061250,2023-07-21,EMP00786,CC0073,FI,3,Step Increment,89282.03,CAD,CAN,2023-07-21 23:00:00,CORE_HR
EVT00060453,2023-07-25,EMP02663,CC0109,PA,2,Leave Start,,CAD,CA,2023-07-26 12:00:00,PAYROLL
EVT00060474,2023-07-27,EMP00939,CC0063,IT,3,Step Increment,107050.52,CAD,CAN,2023-07-28 13:00:00,CORE_HR
EVT00060611,2023-07-11,EMP03566,CC0001,EN,2,Leave Start,,CAD,CA,2023-07-12 00:00:00,PAYROLL
EVT00061035,2023-07-06,EMP04341,CC0078,EC,1,Performance Pay,10165.19,CAD,CAN,2023-07-06 15:00:00,CORE_HR
EVT00060724,2023-07-26,EMP00928,CC0092,PA,5,Performance Pay,5558.56,CAD,CAN,2023-07-26 18:00:00,CORE_HR
EVT00061117,2023-07-12,EMP01208,CC0032,AS,3,Step Increment,76813.28,CAD,CA,2023-07-12 23:00:00,PAYROLL
EVT00060802,2023-07-27,EMP01767,CC0024,AS,4,Departure,,CAD,CA,2023-07-28 10:00:00,PAYROLL
EVT00060689,2023-07-23,EMP02535,CC0027,PA,2,Leave Start,,CAD,CA,2023-07-23 17:00:00,PAYROLL
EVT00060796,2023-07-15,EMP05142,CC0057,AS,2,Performance Pay,4033.57,CAD,CA,2023-07-16 14:00:00,PAYROLL
EVT00061483,2023-07-21,EMP03891,CC0060,EX,1,Step Increment,136308.84,CAD,CA,2023-07-21 16:00:00,PAYROLL
EVT00060647,2023-07-08,EMP04535,CC0017,PA,2,Lateral Deployment,,CAD,CAN,2023-07-09 04:00:00,CORE_HR
EVT00061607,2023-07-07,EMP02489,CC0049,CR,4,Promotion,109487.31,AUD,AU,2023-07-08 01:00:00,PAYROLL
EVT00061769,2023-07-22,EMP03211,CC0016,AS,1,Performance Pay,6132.17,CAD,CAN,2023-07-23 09:00:00,CORE_HR
EVT00059852,2023-07-23,EMP01116,CC0065,FI,3,Step Increment,9758139.07,JPY,JPN,2023-07-23 18:00:00,CORE_HR
EVT00061303,2023-07-17,EMP00242,CC0048,IT,1,Performance Pay,8243.8,CAD,CAN,2023-07-17 19:00:00,CORE_HR
EVT00061147,2023-07-06,EMP00167,CC0022,FI,1,Step Increment,70526.38,CAD,CAN,2023-07-06 18:00:00,CORE_HR
EVT00059775,2023-07-25,EMP01148,CC0103,EX,2,Leave Return,,CAD,CAN,2023-07-26 02:00:00,CORE_HR
EVT00061021,2023-07-13,EMP01392,CC0029,PA,2,Step Increment,752873.25,MXN,MEX,2023-07-14 02:00:00,CORE_HR
EVT00060836,2023-07-02,EMP02207,CC0090,IT,1,Departure,,CAD,CAN,2023-07-03 12:00:00,CORE_HR
EVT00061169,2023-07-05,EMP02552,CC0109,EC,4,Leave Start,,CAD,CAN,2023-07-05 19:00:00,CORE_HR
EVT00061094,2023-07-02,EMP03151,CC0076,EC,2,Leave Start,,CAD,CAN,2023-07-03 01:00:00,CORE_HR
EVT00061697,2023-07-18,EMP00632,CC0097,CR,4,Leave Return,,CAD,CA,2023-07-18 16:00:00,PAYROLL
EVT00060267,2023-07-06,EMP03203,CC0103,EC,2,Leave Start,,CAD,CA,2023-07-06 15:00:00,PAYROLL
EVT00059815,2023-07-12,EMP03279,CC0120,PA,2,Leave Start,,CAD,CA,2023-07-12 17:00:00,PAYROLL
EVT00060159,2023-07-14,EMP03435,CC0021,IT,3,Leave Start,,CAD,CA,2023-07-15 13:00:00,PAYROLL
EVT00060693,2023-07-23,EMP03070,CC0106,AS,2,Leave Start,,CAD,CAN,2023-07-23 10:00:00,CORE_HR
EVT00061283,2023-07-24,EMP01355,CC0054,AS,3,Performance Pay,37364.91,BRL,BRA,2023-07-24 16:00:00,CORE_HR
EVT00060953,2023-07-14,EMP02192,CC0044,EX,1,Step Increment,134986.3,CAD,CAN,2023-07-14 20:00:00,CORE_HR
EVT00060417,2023-07-09,EMP05062,CC0075,AS,2,Promotion,64955.09,CAD,CA,2023-07-10 01:00:00,PAYROLL
EVT00059403,2023-06-27,EMP02584,CC0037,EX,2,Performance Pay,7587.36,CAD,CA,2023-07-01 03:00:00,PAYROLL
EVT00061295,2023-07-21,EMP04567,CC0006,EX,1,Departure,,CAD,CA,2023-07-22 02:00:00,PAYROLL
EVT00060000,2023-07-26,EMP01495,CC0055,IT,1,Step Increment,88470.79,CAD,CA,2023-07-27 01:00:00,PAYROLL
EVT00061794,2023-07-18,EMP04660,CC0011,CR,3,Step Increment,61551.56,CAD,CAN,2023-07-19 12:00:00,CORE_HR
EVT00061153,2023-07-16,EMP00853,CC0086,IT,2,Leave Return,,INR,IND,2023-07-16 22:00:00,CORE_HR
EVT00060650,2023-07-20,EMP04360,CC0028,AS,4,Performance Pay,4333.76,CAD,CA,2023-07-21 03:00:00,PAYROLL
EVT00060201,2023-07-16,EMP02454,CC0062,EN,1,Hire,63305.07,CAD,CA,2023-07-16 13:00:00,PAYROLL
EVT00059739,2023-07-12,EMP01875,CC0030,IT,3,Step Increment,140796.91,AUD,AUS,2023-07-12 10:00:00,CORE_HR
EVT00061107,2023-07-09,EMP02998,CC0110,CR,4,Step Increment,59827.5,CAD,CAN,2023-07-10 15:00:00,CORE_HR
EVT00059913,2023-07-17,EMP00406,CC0065,AS,5,Leave Start,,AUD,AU,2023-07-18 08:00:00,PAYROLL
EVT00060269,2023-07-12,EMP00480,CC0099,EC,1,Lateral Deployment,,CAD,CAN,2023-07-13 08:00:00,CORE_HR
EVT00060430,2023-07-04,EMP03794,CC0085,EX,1,Step Increment,171902.12,CAD,CAN,2023-07-05 08:00:00,CORE_HR
EVT00059761,2023-07-05,EMP01095,CC0017,PA,1,Departure,,CAD,CAN,2023-07-05 23:00:00,CORE_HR
EVT00060951,2023-07-27,EMP02119,CC0062,IT,5,Step Increment,134092.28,CAD,CAN,2023-07-27 23:00:00,CORE_HR
EVT00061789,2023-07-25,EMP03657,CC0115,EC,2,Performance Pay,12014.33,CAD,CAN,2023-07-25 11:00:00,CORE_HR
EVT00060859,2023-07-26,EMP00667,CC0039,EX,2,Performance Pay,19308.81,CAD,CA,2023-07-27 02:00:00,PAYROLL
EVT00059836,2023-07-16,EMP00661,CC0012,PA,1,Step Increment,64166.77,CAD,CA,2023-07-16 19:00:00,PAYROLL
EVT00061032,2023-07-06,EMP03070,CC0106,AS,2,Performance Pay,6342.99,CAD,CAN,2023-07-06 10:00:00,CORE_HR
EVT00061718,2023-07-23,EMP03931,CC0118,PA,1,Step Increment,60421.12,CAD,CA,2023-07-24 06:00:00,PAYROLL
EVT00060057,2023-07-08,EMP02353,CC0050,CR,3,Step Increment,66718.03,CAD,CA,2023-07-09 15:00:00,PAYROLL
EVT00059900,2023-07-05,EMP03361,CC0113,EC,4,Step Increment,114186.38,CAD,CAN,2023-07-06 04:00:00,CORE_HR
EVT00061350,2023-07-11,EMP00331,CC0066,PA,3,Leave Start,,CAD,CA,2023-07-12 13:00:00,PAYROLL
EVT00061074,2023-07-21,EMP01061,CC0033,EX,1,Leave Start,,CAD,CA,2023-07-22 14:00:00,PAYROLL
EVT00061222,2023-07-16,EMP00128,CC0014,PA,2,Departure,,CAD,CA,2023-07-17 10:00:00,PAYROLL
EVT00061054,2023-07-07,EMP02416,CC0059,FI,3,Step Increment,100283.14,CAD,CAN,2023-07-08 11:00:00,CORE_HR
EVT00059853,2023-07-18,EMP04870,CC0044,PA,4,Step Increment,89065.13,CAD,CA,2023-07-19 04:00:00,PAYROLL
EVT00060466,2023-07-11,EMP01405,CC0066,PA,3,Leave Return,,CAD,CA,2023-07-11 23:00:00,PAYROLL
EVT00060872,2023-07-24,EMP02482,CC0021,EC,3,Performance Pay,7069.42,CAD,CAN,2023-07-24 06:00:00,CORE_HR
EVT00061231,2023-07-21,EMP02930,CC0050,PA,4,Step Increment,80822.94,CAD,CA,2023-07-21 12:00:00,PAYROLL
EVT00061489,2023-07-11,EMP01789,CC0107,EN,2,Lateral Deployment,,CAD,CAN,2023-07-12 12:00:00,CORE_HR
EVT00060073,2023-07-04,EMP00677,CC0083,EC,2,Performance Pay,8865.29,CAD,CAN,2023-07-05 11:00:00,CORE_HR
EVT00060378,2023-07-02,EMP05146,CC0015,CR,4,Step Increment,73736.66,CAD,CAN,2023-07-02 10:00:00,CORE_HR
EVT00061076,2023-07-23,EMP02911,CC0027,PA,4,Leave Start,,CAD,CAN,2023-07-24 15:00:00,CORE_HR
EVT00060676,2023-07-07,EMP04253,CC0016,PA,2,Step Increment,77946.12,CAD,CAN,2023-07-07 16:00:00,CORE_HR
EVT00059874,2023-07-19,EMP00259,CC0094,EC,2,Step Increment,93808.09,CAD,CAN,2023-07-20 05:00:00,CORE_HR
EVT00060564,2023-07-21,EMP04955,CC0041,PA,3,Departure,,CAD,CA,2023-07-21 23:00:00,PAYROLL
EVT00060584,2023-07-09,EMP03038,CC0030,EX,2,Step Increment,256139.46,AUD,AU,2023-07-10 10:00:00,PAYROLL
EVT00060792,2023-07-13,EMP05144,CC0105,IT,5,Leave Start,,MXN,MEX,2023-07-14 14:00:00,CORE_HR
EVT00060316,2023-07-08,EMP02841,CC0075,PA,3,Leave Start,,CAD,CA,2023-07-08 10:00:00,PAYROLL
EVT00061147,2023-07-06,EMP00167,CC0022,FI,1,Step Increment,70526.38,CAD,CAN,2023-07-09 01:00:00,CORE_HR
EVT00061174,2023-07-15,EMP02833,CC0105,IT,3,Step Increment,90563.79,SGD,SGP,2023-07-16 10:00:00,CORE_HR
EVT00060635,2023-07-26,EMP05185,CC0026,AS,2,Performance Pay,4715.08,CAD,CA,2023-07-26 13:00:00,PAYROLL
EVT00059893,2023-07-03,EMP03140,CC0068,IT,2,Step Increment,91446.84,CAD,CAN,2023-07-03 07:00:00,CORE_HR
EVT00060445,2023-07-25,EMP04770,CC0038,EC,3,Step Increment,94713.41,CAD,CAN,2023-07-25 08:00:00,CORE_HR
EVT00060341,2023-07-15,EMP02469,CC0096,CR,5,Step Increment,77653.68,CAD,CAN,2023-07-15 10:00:00,CORE_HR
EVT00061403,2023-07-10,EMP04262,CC0068,AS,3,Promotion,67796.46,CAD,CAN,2023-07-10 07:00:00,CORE_HR
EVT00061577,2023-07-24,EMP03190,CC0016,EN,2,Step Increment,95184.7,CAD,CA,2023-07-25 14:00:00,PAYROLL
EVT00060705,2023-07-14,EMP04763,CC0072,IT,2,Step Increment,90477.5,CAD,CAN,2023-07-15 03:00:00,CORE_HR
EVT00060348,2023-07-18,EMP01893,CC0005,FI,4,Step Increment,120883.51,CAD,CA,2023-07-18 06:00:00,PAYROLL
EVT00060653,2023-07-16,EMP03536,CC0051,EN,5,Lateral Deployment,,CAD,CAN,2023-07-16 09:00:00,CORE_HR
EVT00059870,2023-07-25,EMP00447,CC0047,PA,3,Hire,88079.77,CAD,CA,2023-07-26 05:00:00,PAYROLL
EVT00059824,2023-07-06,EMP04114,CC0079,EX,2,Step Increment,147678.13,CAD,CAN,2023-07-06 15:00:00,CORE_HR
EVT00061304,2023-07-11,EMP01782,CC0052,PA,2,Leave Start,,CAD,CAN,2023-07-12 04:00:00,CORE_HR
EVT00060393,2023-07-13,EMP01510,CC0036,PA,4,Leave Return,,CAD,CAN,2023-07-13 09:00:00,CORE_HR
EVT00061573,2023-07-02,EMP02482,CC0021,EC,3,Step Increment,96760.71,CAD,CA,2023-07-02 14:00:00,PAYROLL
EVT00059763,2023-07-09,EMP03699,CC0017,AS,1,Lateral Deployment,,CAD,CA,2023-07-09 11:00:00,PAYROLL
EVT00060576,2023-07-10,EMP01693,CC0015,EX,1,Lateral Deployment,,CAD,CAN,2023-07-10 20:00:00,CORE_HR
EVT00060554,2023-07-07,EMP02018,CC0077,EC,2,Leave Return,,CAD,CAN,2023-07-08 12:00:00,CORE_HR
EVT00061018,2023-07-05,EMP03127,CC0001,AS,3,Step Increment,75733.55,CAD,CAN,2023-07-05 13:00:00,CORE_HR
EVT00061588,2023-07-16,EMP05067,CC0074,IT,3,Step Increment,67586.38,GBP,GBR,2023-07-16 20:00:00,CORE_HR
EVT00059934,2023-07-02,EMP04179,CC0108,IT,3,Leave Start,,JPY,JPN,2023-07-03 16:00:00,CORE_HR
EVT00060040,2023-07-27,EMP03093,CC0079,EN,1,Performance Pay,4618.91,CAD,CA,2023-07-27 09:00:00,PAYROLL
EVT00061339,2023-07-14,EMP00164,CC0045,IT,4,Step Increment,130903.19,CAD,CAN,2023-07-15 01:00:00,CORE_HR
EVT00061165,2023-07-11,EMP02244,CC0115,AS,2,Step Increment,72809.36,CAD,CAN,2023-07-12 02:00:00,CORE_HR
EVT00061680,2023-07-11,EMP03054,CC0041,IT,5,Step Increment,106112.96,CAD,CA,2023-07-11 09:00:00,PAYROLL
EVT00059734,2023-07-18,EMP01563,CC0035,EX,3,Leave Start,,CAD,CA,2023-07-18 19:00:00,PAYROLL
EVT00061443,2023-07-25,EMP01696,CC0054,PA,3,Step Increment,935872.3,MXN,MEX,2023-07-26 00:00:00,CORE_HR
EVT00060524,2023-07-08,EMP03435,CC0021,IT,3,Leave Return,,CAD,CA,2023-07-08 13:00:00,PAYROLL
EVT00060808,2023-07-11,EMP03898,CC0064,IT,4,Departure,,CAD,CAN,2023-07-12 12:00:00,CORE_HR
EVT00059955,2023-07-27,EMP03218,CC0090,AS,1,Step Increment,49984.08,CAD,CAN,2023-07-31 01:00:00,CORE_HR
EVT00061271,2023-07-21,EMP04527,CC0107,PA,4,Step Increment,88506.09,CAD,CA,2023-07-22 12:00:00,PAYROLL
EVT00060184,2023-07-02,EMP00771,CC0115,EX,2,Performance Pay,9281.44,CAD,CAN,2023-07-02 20:00:00,CORE_HR
EVT00059800,2023-07-27,EMP05193,CC0015,PA,2,Step Increment,57550.3,CAD,CAN,2023-07-27 12:00:00,CORE_HR
EVT00059798,2023-07-12,EMP00806,CC0014,PA,4,Hire,100504.15,CAD,CAN,2023-07-12 14:00:00,CORE_HR
EVT00061602,2023-07-23,EMP01165,CC0074,IT,5,Lateral Deployment,,AUD,AU,2023-07-26 02:00:00,PAYROLL
EVT00060681,2023-07-06,EMP02790,CC0118,PA,2,Lateral Deployment,,CAD,CA,2023-07-06 19:00:00,PAYROLL
EVT00060782,2023-07-24,EMP00009,CC0118,IT,2,Step Increment,99376.81,CAD,CAN,2023-07-24 13:00:00,CORE_HR
EVT00061621,2023-07-03,EMP00367,CC0097,FI,4,Leave Start,,CAD,CAN,2023-07-03 07:00:00,CORE_HR
EVT00061482,2023-07-24,EMP03890,CC0096,EC,1,Leave Start,,CAD,CAN,2023-07-24 14:00:00,CORE_HR
EVT00060297,2023-07-14,EMP01789,CC0107,EN,2,Leave Return,,CAD,CAN,2023-07-14 11:00:00,CORE_HR
EVT00059963,2023-07-14,EMP01081,CC0024,AS,2,Lateral Deployment,,CAD,CAN,2023-07-14 12:00:00,CORE_HR
EVT00061405,2023-07-14,EMP04682,CC0040,EN,3,Performance Pay,14142.72,CAD,CAN,2023-07-14 20:00:00,CORE_HR
EVT00060062,2023-07-01,EMP04503,CC0081,FI,1,Departure,,CAD,CAN,2023-07-02 10:00:00,CORE_HR
EVT00060367,2023-07-07,EMP01425,CC0100,CR,4,Leave Start,,CAD,CA,2023-07-08 07:00:00,PAYROLL
EVT00061023,2023-07-05,EMP02169,CC0027,EN,4,Step Increment,153642.97,CAD,CAN,2023-07-06 07:00:00,CORE_HR
EVT00059748,2023-07-17,EMP00372,CC0029,EN,1,Step Increment,352088.13,BRL,BRA,2023-07-18 11:00:00,CORE_HR
EVT00060516,2023-07-12,EMP01237,CC0103,EX,1,Leave Start,,CAD,CA,2023-07-12 16:00:00,PAYROLL
EVT00060291,2023-07-22,EMP02254,CC0031,AS,4,Performance Pay,5827.36,GBP,GB,2023-07-23 13:00:00,PAYROLL
EVT00061663,2023-07-02,EMP03746,CC0085,IT,1,Performance Pay,5555.84,CAD,CA,2023-07-03 02:00:00,PAYROLL
EVT00060520,2023-07-03,EMP02746,CC0084,CR,4,Step Increment,56104.24,CAD,CAN,2023-07-03 08:00:00,CORE_HR
EVT00060436,2023-07-06,EMP01251,CC0070,EN,3,Leave Start,,CAD,CAN,2023-07-06 22:00:00,CORE_HR
EVT00061290,2023-07-19,EMP04525,CC0016,EX,2,Step Increment,155207.7,CAD,CA,2023-07-20 03:00:00,PAYROLL
EVT00061392,2023-07-19,EMP02946,CC0029,FI,3,Leave Start,,EUR,DE,2023-07-19 22:00:00,PAYROLL
EVT00061477,2023-07-16,EMP02982,CC0034,FI,3,Step Increment,113301.21,CAD,CAN,2023-07-16 18:00:00,CORE_HR
EVT00060239,2023-07-05,EMP01726,CC0050,IT,2,Step Increment,99908.26,CAD,CA,2023-07-05 16:00:00,PAYROLL
EVT00060869,2023-07-22,EMP01720,CC0073,EN,2,Lateral Deployment,,CAD,CA,2023-07-23 11:00:00,PAYROLL
EVT00061636,2023-07-12,EMP01899,CC0012,AS,4,Leave Start,,CAD,CA,2023-07-13 06:00:00,PAYROLL
EVT00061714,2023-07-26,EMP05067,CC0074,IT,3,Step Increment,13248712.84,KES,KEN,2023-07-26 18:00:00,CORE_HR
EVT00060389,2023-07-08,EMP02028,CC0076,AS,1,Step Increment,58005.52,CAD,CA,2023-07-09 06:00:00,PAYROLL
EVT00060022,2023-07-20,EMP02313,CC0087,EC,3,Step Increment,95090.14,CAD,CA,2023-07-20 21:00:00,PAYROLL
EVT00060687,2023-07-04,EMP02012,CC0077,PA,1,Lateral Deployment,,CAD,CAN,2023-07-05 01:00:00,CORE_HR
EVT00059950,2023-07-01,EMP04093,CC0015,EN,4,Performance Pay,8605.93,CAD,CAN,2023-07-02 09:00:00,CORE_HR
EVT00059806,2023-07-10,EMP00697,CC0041,FI,4,Performance Pay,13995.75,CAD,CAN,2023-07-11 13:00:00,CORE_HR
EVT00060049,2023-07-14,EMP05107,CC0110,PA,3,Step Increment,91146.24,CAD,CA,2023-07-15 00:00:00,PAYROLL
EVT00060803,2023-07-27,EMP02566,CC0077,PA,4,Performance Pay,9454.87,CAD,CAN,2023-07-28 13:00:00,CORE_HR
EVT00060109,2023-07-26,EMP00449,CC0040,EX,1,Step Increment,157980.72,CAD,CAN,2023-07-26 15:00:00,CORE_HR
EVT00060191,2023-07-11,EMP03905,CC0034,PA,2,Departure,,CAD,CAN,2023-07-12 15:00:00,CORE_HR
EVT00060017,2023-07-09,EMP03953,CC0063,EN,2,Leave Start,,CAD,CA,2023-07-09 12:00:00,PAYROLL
EVT00059919,2023-07-02,EMP02524,CC0023,IT,1,Departure,,CAD,CA,2023-07-02 06:00:00,PAYROLL
EVT00061632,2023-07-12,EMP02687,CC0101,EN,3,Lateral Deployment,,CAD,CA,2023-07-13 04:00:00,PAYROLL
EVT00061732,2023-07-17,EMP03691,CC0064,PA,2,Performance Pay,7765.06,CAD,CA,2023-07-17 15:00:00,PAYROLL
EVT00061684,2023-07-04,EMP01211,CC0106,PA,3,Lateral Deployment,,CAD,CAN,2023-07-04 18:00:00,CORE_HR
EVT00060019,2023-07-01,EMP01460,CC0080,FI,2,Step Increment,1023140.74,MXN,MEX,2023-07-02 13:00:00,CORE_HR
EVT00061735,2023-07-22,EMP00539,CC0051,CR,1,Leave Return,,CAD,CAN,2023-07-25 00:00:00,CORE_HR
EVT00059980,2023-07-05,EMP00093,CC0040,PA,5,Leave Start,,CAD,CAN,2023-07-06 09:00:00,CORE_HR
EVT00060269,2023-07-12,EMP00480,CC0099,EC,1,Lateral Deployment,,CAD,CAN,2023-07-14 11:00:00,CORE_HR
EVT00061666,2023-07-07,EMP00588,CC0024,CR,5,Performance Pay,10685.99,CAD,CAN,2023-07-08 08:00:00,CORE_HR
EVT00060555,2023-07-19,EMP00142,CC0078,FI,4,Lateral Deployment,,CAD,CA,2023-07-20 13:00:00,PAYROLL
EVT00061129,2023-07-22,EMP03690,CC0107,AS,2,Performance Pay,6041.55,CAD,CAN,2023-07-22 13:00:00,CORE_HR
EVT00061614,2023-07-18,EMP02688,CC0046,PA,1,Step Increment,41695.79,GBP,GBR,2023-07-19 02:00:00,CORE_HR
EVT00060015,2023-07-23,EMP03504,CC0108,PA,2,Step Increment,44496.01,GBP,GBR,2023-07-23 21:00:00,CORE_HR
EVT00060227,2023-07-12,EMP03174,CC0064,AS,4,Step Increment,88555.87,CAD,CAN,2023-07-13 03:00:00,CORE_HR
EVT00059949,2023-07-17,EMP03077,CC0076,PA,1,Step Increment,67450.31,CAD,CAN,2023-07-17 22:00:00,CORE_HR
EVT00060152,2023-07-06,EMP00381,CC0048,EX,2,Step Increment,157052.76,CAD,CAN,2023-07-06 19:00:00,CORE_HR
EVT00061333,2023-07-11,EMP00805,CC0116,EN,1,Lateral Deployment,,CAD,CA,2023-07-11 09:00:00,PAYROLL
EVT00060642,2023-07-19,EMP04956,CC0062,FI,5,Leave Return,,CAD,CAN,2023-07-20 04:00:00,CORE_HR
EVT00061150,2023-07-26,EMP01854,CC0072,IT,4,Leave Start,,CAD,CAN,2023-07-27 03:00:00,CORE_HR
EVT00061251,2023-07-11,EMP03556,CC0110,FI,4,Step Increment,112713.23,CAD,CAN,2023-07-11 11:00:00,CORE_HR
EVT00059990,2023-07-01,EMP01370,CC0095,PA,5,Step Increment,116244.73,CAD,CAN,2023-07-02 13:00:00,CORE_HR
EVT00061606,2023-07-01,EMP04435,CC0118,AS,5,Leave Return,,CAD,CAN,2023-07-01 15:00:00,CORE_HR
EVT00060328,2023-07-10,EMP03237,CC0035,EX,2,Lateral Deployment,,CAD,CA,2023-07-10 08:00:00,PAYROLL
EVT00061351,2023-07-07,EMP00744,CC0109,AS,5,Departure,,CAD,CA,2023-07-08 14:00:00,PAYROLL
EVT00060131,2023-07-01,EMP03956,CC0042,CR,1,Lateral Deployment,,CAD,CAN,2023-07-01 15:00:00,CORE_HR
EVT00060009,2023-07-03,EMP02973,CC0050,CR,4,Performance Pay,10147.85,CAD,CAN,2023-07-04 02:00:00,CORE_HR
EVT00059907,2023-07-17,EMP01505,CC0091,EC,2,Step Increment,86206.11,CAD,CAN,2023-07-18 11:00:00,CORE_HR
EVT00061355,2023-07-06,EMP02088,CC0023,IT,2,Performance Pay,10640.59,CAD,CA,2023-07-06 22:00:00,PAYROLL
EVT00059859,2023-07-21,EMP01157,CC0085,EC,3,Performance Pay,8449.92,CAD,CA,2023-07-22 09:00:00,PAYROLL
EVT00060917,2023-07-26,EMP02774,CC0002,EN,1,Step Increment,89003.43,CAD,CA,2023-07-27 02:00:00,PAYROLL
EVT00061412,2023-07-16,EMP04135,CC0029,EC,3,Step Increment,57644.35,EUR,FRA,2023-07-17 11:00:00,CORE_HR
EVT00061383,2023-07-17,EMP04729,CC0086,EC,3,Lateral Deployment,,KES,KEN,2023-07-17 23:00:00,CORE_HR
EVT00061481,2023-07-02,EMP00798,CC0033,EN,2,Step Increment,73714.74,CAD,CAN,2023-07-03 04:00:00,CORE_HR
EVT00059835,2023-07-18,EMP03582,CC0110,AS,3,Step Increment,71446.71,CAD,CAN,2023-07-18 17:00:00,CORE_HR
EVT00061371,2023-07-10,EMP02204,CC0075,IT,1,Performance Pay,5483.26,CAD,CA,2023-07-10 07:00:00,PAYROLL
EVT00060999,2023-07-26,EMP03241,CC0007,IT,1,Leave Start,,AED,ARE,2023-07-27 02:00:00,CORE_HR
EVT00061004,2023-07-27,EMP03858,CC0088,CR,1,Performance Pay,3623.1,GBP,GBR,2023-07-27 13:00:00,CORE_HR
EVT00059835,2023-07-18,EMP03582,CC0110,AS,3,Step Increment,71446.71,CAD,CAN,2023-07-21 07:00:00,CORE_HR
EVT00061359,2023-07-25,EMP00650,CC0058,PA,5,Step Increment,95223.04,CAD,CAN,2023-07-26 10:00:00,CORE_HR
EVT00060745,2023-07-21,EMP01984,CC0093,CR,3,Step Increment,67431.38,CAD,CAN,2023-07-22 02:00:00,CORE_HR
EVT00060766,2023-07-13,EMP00211,CC0054,PA,3,Performance Pay,612731.99,INR,IN,2023-07-14 04:00:00,PAYROLL
EVT00060771,2023-07-15,EMP05042,CC0111,PA,5,Step Increment,67313.31,GBP,GBR,2023-07-15 06:00:00,CORE_HR
EVT00061629,2023-07-02,EMP02478,CC0119,PA,3,Step Increment,87428.17,CAD,CAN,2023-07-02 20:00:00,CORE_HR
EVT00060063,2023-07-05,EMP02989,CC0070,AS,5,Leave Start,,CAD,CA,2023-07-06 17:00:00,PAYROLL
EVT00060760,2023-07-06,EMP04407,CC0029,PA,2,Performance Pay,7535.04,AUD,AU,2023-07-06 20:00:00,PAYROLL
EVT00061365,2023-07-25,EMP03568,CC0077,PA,5,Departure,,CAD,CA,2023-07-26 05:00:00,PAYROLL
EVT00061360,2023-07-25,EMP01532,CC0053,CR,3,Hire,69778.69,CAD,CA,2023-07-28 09:00:00,PAYROLL
EVT00061100,2023-07-22,EMP01148,CC0103,EX,2,Leave Return,,CAD,CAN,2023-07-23 14:00:00,CORE_HR
EVT00060853,2023-07-12,EMP00885,CC0040,EC,4,Leave Return,,CAD,CAN,2023-07-13 13:00:00,CORE_HR
EVT00060963,2023-07-12,EMP03701,CC0069,AS,3,Step Increment,68042.64,CAD,CA,2023-07-13 18:00:00,PAYROLL
EVT00060600,2023-07-04,EMP03659,CC0046,EN,1,Step Increment,346537.18,BRL,BRA,2023-07-05 09:00:00,CORE_HR
EVT00060515,2023-07-03,EMP01085,CC0035,FI,4,Leave Start,,CAD,CA,2023-07-04 13:00:00,PAYROLL
EVT00060044,2023-07-07,EMP02995,CC0016,FI,3,Step Increment,99307.9,CAD,CAN,2023-07-07 08:00:00,CORE_HR
EVT00061712,2023-07-09,EMP04114,CC0079,EX,2,Lateral Deployment,,CAD,CAN,2023-07-10 00:00:00,CORE_HR
EVT00059797,2023-07-03,EMP01261,CC0040,CR,4,Performance Pay,9900.55,CAD,CAN,2023-07-04 03:00:00,CORE_HR
EVT00060418,2023-07-16,EMP03790,CC0031,PA,4,Step Increment,73120.6,EUR,FRA,2023-07-16 21:00:00,CORE_HR
EVT00061028,2023-07-25,EMP00436,CC0103,AS,1,Step Increment,57805.04,CAD,CA,2023-07-25 09:00:00,PAYROLL
EVT00059944,2023-07-24,EMP01133,CC0049,AS,2,Step Increment,55309.72,EUR,DEU,2023-07-24 16:00:00,CORE_HR
EVT00061068,2023-07-18,EMP01350,CC0041,EN,4,Step Increment,128150.47,CAD,CAN,2023-07-18 19:00:00,CORE_HR
EVT00060013,2023-07-27,EMP00396,CC0071,PA,4,Leave Return,,CAD,CA,2023-07-28 02:00:00,PAYROLL
EVT00060967,2023-07-19,EMP02480,CC0038,FI,2,Performance Pay,6082.9,CAD,CA,2023-07-19 22:00:00,PAYROLL
EVT00060773,2023-07-23,EMP01888,CC0069,IT,3,Leave Return,,CAD,CA,2023-07-24 00:00:00,PAYROLL
EVT00060456,2023-07-16,EMP04451,CC0023,PA,1,Hire,50270.61,CAD,CAN,2023-07-16 08:00:00,CORE_HR
EVT00060671,2023-07-25,EMP00602,CC0057,EN,3,Promotion,111067.39,CAD,CAN,2023-07-25 20:00:00,CORE_HR
EVT00060561,2023-07-10,EMP03596,CC0073,EC,2,Leave Return,,CAD,CAN,2023-07-10 15:00:00,CORE_HR
EVT00060779,2023-07-09,EMP00489,CC0066,PA,1,Leave Start,,CAD,CA,2023-07-10 04:00:00,PAYROLL
EVT00060815,2023-07-05,EMP04708,CC0058,PA,2,Step Increment,79651.62,CAD,CAN,2023-07-05 11:00:00,CORE_HR
EVT00060224,2023-07-09,EMP00071,CC0081,EX,2,Leave Start,,CAD,CA,2023-07-10 10:00:00,PAYROLL
EVT00059830,2023-07-23,EMP03943,CC0110,PA,3,Leave Return,,CAD,CA,2023-07-23 23:00:00,PAYROLL
EVT00061001,2023-07-26,EMP00174,CC0115,IT,2,Step Increment,101027.67,CAD,CAN,2023-07-26 21:00:00,CORE_HR
EVT00059817,2023-07-06,EMP00625,CC0027,PA,1,Step Increment,64742.16,CAD,CAN,2023-07-06 11:00:00,CORE_HR
EVT00061410,2023-07-22,EMP03823,CC0088,CR,1,Step Increment,72628.82,AUD,AU,2023-07-23 11:00:00,PAYROLL
EVT00061427,2023-07-02,EMP03225,CC0093,IT,1,Departure,,CAD,CA,2023-07-03 15:00:00,PAYROLL
EVT00061637,2023-07-12,EMP01656,CC0011,IT,1,Step Increment,97670.58,CAD,CAN,2023-07-12 12:00:00,CORE_HR
EVT00060327,2023-07-22,EMP04841,CC0061,AS,3,Performance Pay,7231.24,CAD,CA,2023-07-23 03:00:00,PAYROLL
EVT00060332,2023-07-21,EMP01606,CC0048,FI,5,Step Increment,117108.13,CAD,CAN,2023-07-22 13:00:00,CORE_HR
EVT00060172,2023-07-20,EMP04542,CC0103,FI,2,Leave Return,,CAD,CA,2023-07-21 04:00:00,PAYROLL
EVT00060414,2023-07-06,EMP03043,CC0084,PA,2,Step Increment,81065.85,CAD,CA,2023-07-06 18:00:00,PAYROLL
EVT00060675,2023-07-17,EMP00062,CC0011,IT,1,Performance Pay,11314.26,CAD,CAN,2023-07-18 04:00:00,CORE_HR
EVT00059928,2023-07-10,EMP03372,CC0087,EN,1,Step Increment,81697.47,CAD,CAN,2023-07-12 22:00:00,CORE_HR
EVT00060110,2023-07-03,EMP00236,CC0054,AS,2,Performance Pay,6011.31,AUD,AU,2023-07-03 06:00:00,PAYROLL
EVT00061278,2023-07-25,EMP05140,CC0070,EC,1,Leave Start,,CAD,CA,2023-07-26 11:00:00,PAYROLL
EVT00060608,2023-07-13,EMP00143,CC0065,EC,4,Leave Start,,EUR,DE,2023-07-13 15:00:00,PAYROLL
EVT00060262,2023-07-19,EMP04607,CC0003,EN,4,Lateral Deployment,,CAD,CAN,2023-07-19 19:00:00,CORE_HR
EVT00061236,1900-01-01,EMP02008,CC0089,PA,4,Lateral Deployment,,CAD,CA,2023-07-07 03:00:00,PAYROLL
EVT00060880,2023-07-14,EMP02810,CC0062,CR,3,Leave Start,,CAD,CAN,2023-07-14 15:00:00,CORE_HR
EVT00061314,2023-07-16,EMP03949,CC0022,PA,3,Leave Start,,CAD,CAN,2023-07-17 03:00:00,CORE_HR
EVT00060837,2023-07-07,EMP03929,CC0081,CR,3,Leave Start,,CAD,CAN,2023-07-07 15:00:00,CORE_HR
EVT00061553,2023-07-12,EMP02567,CC0043,EX,2,Step Increment,155774.18,CAD,CAN,2023-07-13 01:00:00,CORE_HR
EVT00061331,2023-07-10,EMP01668,CC0005,IT,2,Leave Return,,CAD,CAN,2023-07-11 12:00:00,CORE_HR
EVT00060396,2023-07-27,EMP00744,CC0109,AS,5,Leave Start,,CAD,CAN,2023-07-28 08:00:00,CORE_HR
EVT00060540,2023-07-11,EMP01311,CC0024,AS,2,Departure,,CAD,CAN,2023-07-11 21:00:00,CORE_HR
EVT00059920,2023-07-23,EMP04423,CC0081,PA,1,Performance Pay,8045.56,CAD,CA,2023-07-24 03:00:00,PAYROLL
EVT00061381,2023-07-11,EMP02064,CC0049,PA,3,Step Increment,66490.63,EUR,DEU,2023-07-11 17:00:00,CORE_HR
EVT00059812,2023-07-26,EMP05109,CC0102,EC,5,Step Increment,122092.17,CAD,CA,2023-07-27 07:00:00,PAYROLL
EVT00060289,2023-07-19,EMP01723,CC0018,EN,1,Lateral Deployment,,CAD,CAN,2023-07-20 08:00:00,CORE_HR
EVT00060290,2023-07-09,EMP00069,CC0099,AS,1,Leave Return,,CAD,CAN,2023-07-09 11:00:00,CORE_HR
EVT00060864,2023-07-05,EMP04246,CC0109,EC,3,Leave Return,,CAD,CA,2023-07-06 01:00:00,PAYROLL
EVT00060919,2023-07-11,EMP05150,CC0020,IT,1,Lateral Deployment,,CAD,CA,2023-07-13 17:00:00,PAYROLL
EVT00061534,2023-07-06,EMP04751,CC0117,FI,3,Step Increment,99672.02,CAD,CA,2023-07-06 13:00:00,PAYROLL
EVT00060577,2023-07-24,EMP00974,CC0066,IT,2,Leave Start,,CAD,CA,2023-07-25 13:00:00,PAYROLL
EVT00060825,2023-07-22,EMP04268,CC0005,PA,2,Lateral Deployment,,CAD,CAN,2023-07-23 05:00:00,CORE_HR
EVT00061208,2023-07-23,EMP01057,CC0013,IT,4,Departure,,CAD,CAN,2023-07-23 22:00:00,CORE_HR
EVT00060980,2023-07-16,EMP00470,CC0116,CR,1,Step Increment,55043.44,CAD,CA,2023-07-16 20:00:00,PAYROLL
EVT00060955,2023-07-25,EMP01825,CC0098,EN,1,Step Increment,79346.6,CAD,CAN,2023-07-25 23:00:00,CORE_HR
EVT00060974,2023-07-27,EMP04287,CC0043,EN,5,Hire,148791.36,CAD,CAN,2023-07-28 11:00:00,CORE_HR
EVT00061321,2023-07-15,EMP05181,CC0102,EN,1,Leave Start,,CAD,CA,2023-07-16 00:00:00,PAYROLL
EVT00059929,2023-07-23,EMP02097,CC0063,IT,3,Step Increment,111650.54,CAD,CA,2023-07-23 11:00:00,PAYROLL
EVT00060400,2023-07-05,EMP02968,CC0075,PA,4,Step Increment,86347.37,CAD,CA,2023-07-06 08:00:00,PAYROLL
EVT00061723,2023-07-24,EMP04982,CC0106,IT,3,Leave Return,,CAD,CAN,2023-07-24 13:00:00,CORE_HR
EVT00061109,2023-07-06,EMP01934,CC0027,FI,5,Step Increment,121643.89,CAD,CA,2023-07-06 18:00:00,PAYROLL
EVT00060968,2023-07-07,EMP00629,CC0054,PA,5,Leave Start,,AED,AE,2023-07-07 20:00:00,PAYROLL
EVT00060310,2023-07-11,EMP03441,CC0016,AS,3,Leave Return,,CAD,CA,2023-07-11 12:00:00,PAYROLL
EVT00059941,2023-07-27,EMP00294,CC0111,IT,2,Step Increment,1187511.93,MXN,MX,2023-07-28 03:00:00,PAYROLL
EVT00060351,2023-07-01,EMP01433,CC0037,FI,3,Step Increment,89499.4,CAD,CAN,2023-07-02 03:00:00,CORE_HR
EVT00061123,2023-07-18,EMP00567,CC0082,PA,3,Leave Start,,CAD,CA,2023-07-18 11:00:00,PAYROLL
EVT00060345,2023-07-01,EMP02736,CC0070,PA,2,Lateral Deployment,,CAD,CAN,2023-07-02 08:00:00,CORE_HR
EVT00061203,2023-07-20,EMP00870,CC0020,IT,4,Performance Pay,14000.75,CAD,CA,2023-07-21 04:00:00,PAYROLL
EVT00061353,2023-07-23,EMP03108,CC0019,EN,1,Leave Return,,CAD,CAN,2023-07-24 04:00:00,CORE_HR
EVT00061673,2023-07-27,EMP05113,CC0080,EC,4,Step Increment,89908.25,EUR,FRA,2023-07-28 04:00:00,CORE_HR
EVT00060205,2023-07-04,EMP00021,CC0052,AS,1,Departure,,CAD,CA,2023-07-05 09:00:00,PAYROLL
EVT00061595,2023-07-17,EMP00488,CC0023,FI,1,Performance Pay,5677.38,CAD,CA,2023-07-18 09:00:00,PAYROLL
EVT00060523,2023-07-23,EMP02087,CC0053,PA,1,Hire,64132.67,CAD,CAN,2023-07-24 00:00:00,CORE_HR
EVT00060026,2023-07-03,EMP00396,CC0071,PA,4,Lateral Deployment,,CAD,CAN,2023-07-03 14:00:00,CORE_HR
EVT00060211,2023-07-24,EMP02700,CC0085,EC,1,Promotion,77895.66,CAD,CA,2023-07-24 12:00:00,PAYROLL
EVT00060733,2023-07-15,EMP03491,CC0111,PA,1,Lateral Deployment,,AED,ARE,2023-07-16 15:00:00,CORE_HR
EVT00059886,2023-07-02,EMP04376,CC0093,CR,2,Step Increment,55714.29,CAD,CAN,2023-07-03 02:00:00,CORE_HR
EVT00061773,2023-07-03,EMP02922,CC0062,AS,3,Step Increment,67538.33,CAD,CA,2023-07-03 07:00:00,PAYROLL
EVT00060916,2023-07-25,EMP03697,CC0006,PA,2,Performance Pay,9557.0,CAD,CAN,2023-07-26 07:00:00,CORE_HR
EVT00060502,2023-07-01,EMP00810,CC0074,CR,1,Performance Pay,807255.88,KES,KE,2023-07-02 08:00:00,PAYROLL
EVT00060625,2023-07-15,EMP02126,CC0054,IT,5,Hire,7609232.71,INR,IN,2023-07-16 03:00:00,PAYROLL
EVT00061532,2023-07-07,EMP04916,CC0025,EX,1,Performance Pay,9965.9,CAD,CAN,2023-07-07 09:00:00,CORE_HR
EVT00061375,2023-07-09,EMP04052,CC0025,IT,2,Lateral Deployment,,CAD,CAN,2023-07-10 07:00:00,CORE_HR
EVT00061698,2023-07-12,EMP01465,CC0044,EC,3,Performance Pay,11018.45,CAD,CA,2023-07-12 19:00:00,PAYROLL
EVT00059935,2023-07-07,EMP00520,CC0074,CR,1,Step Increment,82497.97,AUD,AU,2023-07-07 06:00:00,PAYROLL
EVT00060476,2023-07-20,EMP00123,CC0117,AS,2,Promotion,71182.13,CAD,CAN,2023-07-21 14:00:00,CORE_HR
EVT00061586,2023-07-16,EMP01215,CC0107,EN,1,Step Increment,88310.43,CAD,CA,2023-07-16 19:00:00,PAYROLL
EVT00061046,2023-07-27,EMP03093,CC0079,EN,1,Performance Pay,8104.6,CAD,CA,2023-07-28 14:00:00,PAYROLL
EVT00061466,2023-07-02,EMP02554,CC0028,PA,4,Leave Return,,CAD,CAN,2023-07-02 20:00:00,CORE_HR
EVT00061220,2023-07-08,EMP01015,CC0027,CR,2,Step Increment,68732.17,CAD,CAN,2023-07-08 07:00:00,CORE_HR
EVT00060630,2023-07-04,EMP04533,CC0087,PA,4,Performance Pay,11984.7,CAD,CA,2023-07-04 12:00:00,PAYROLL
EVT00061125,2023-07-21,EMP02861,CC0070,EC,3,Step Increment,93944.53,CAD,CA,2023-07-22 02:00:00,PAYROLL
EVT00059742,2023-07-06,EMP00471,CC0011,IT,1,Step Increment,76214.63,CAD,CA,2023-07-07 12:00:00,PAYROLL
EVT00061061,2023-07-02,EMP02446,CC0062,AS,3,Step Increment,78503.31,CAD,CAN,2023-07-03 02:00:00,CORE_HR
EVT00059786,2023-07-13,EMP04607,CC0003,EN,4,Leave Return,,CAD,CAN,2023-07-13 23:00:00,CORE_HR
EVT00061590,2023-07-18,EMP04837,CC0005,AS,5,Leave Start,,CAD,CAN,2023-07-19 09:00:00,CORE_HR
EVT00060121,2023-07-15,EMP04705,CC0092,EN,3,Step Increment,106602.06,CAD,CAN,2023-07-16 11:00:00,CORE_HR
EVT00060165,2023-07-06,EMP01013,CC0076,AS,1,Leave Start,,CAD,CAN,2023-07-06 17:00:00,CORE_HR
EVT00061750,2023-07-04,EMP02372,CC0033,IT,5,Lateral Deployment,,CAD,CA,2023-07-04 22:00:00,PAYROLL
EVT00060964,2023-07-23,EMP04781,CC0074,EN,2,Lateral Deployment,,EUR,DEU,2023-07-24 10:00:00,CORE_HR
EVT00060977,2023-07-27,EMP00914,CC0081,PA,3,Step Increment,80613.06,CAD,CA,2023-07-27 06:00:00,PAYROLL
EVT00061725,2023-07-16,EMP00624,CC0030,IT,2,Step Increment,71670.98,EUR,DEU,2023-07-17 09:00:00,CORE_HR
EVT00059829,2023-07-13,EMP01058,CC0035,IT,3,Leave Return,,CAD,CAN,2023-07-13 11:00:00,CORE_HR
EVT00059766,2023-07-27,EMP00284,CC0004,FI,2,Lateral Deployment,,CAD,CAN,2023-07-27 10:00:00,CORE_HR
EVT00061348,2023-07-09,EMP04714,CC0096,EC,4,Leave Start,,CAD,CAN,2023-07-10 11:00:00,CORE_HR
EVT00061455,2023-07-04,EMP01002,CC0048,CR,4,Performance Pay,8542.63,CAD,CA,2023-07-05 13:00:00,PAYROLL
EVT00060940,2023-07-24,EMP04512,CC0032,EC,5,Performance Pay,15364.04,CAD,CA,2023-07-25 12:00:00,PAYROLL
EVT00059972,2023-07-03,EMP04959,CC0096,AS,4,Performance Pay,8671.89,CAD,CA,2023-07-03 09:00:00,PAYROLL
EVT00060277,2023-07-09,EMP01409,CC0114,EC,1,Leave Return,,CAD,CAN,2023-07-10 10:00:00,CORE_HR
EVT00061630,2023-07-25,EMP03753,CC0106,FI,4,Step Increment,119360.42,CAD,CAN,2023-07-26 08:00:00,CORE_HR
EVT00061782,2023-07-10,EMP04104,CC0029,PA,2,Step Increment,62111.78,EUR,FRA,2023-07-10 18:00:00,CORE_HR
EVT00060139,2023-07-06,EMP03469,CC0040,IT,1,Performance Pay,10356.3,CAD,CA,2023-07-07 02:00:00,PAYROLL
EVT00060005,2023-07-13,EMP03025,CC0108,IT,5,Step Increment,14774071.69,JPY,JP,2023-07-14 06:00:00,PAYROLL
EVT00060405,2023-07-17,EMP04947,CC0011,IT,3,Step Increment,109373.27,CAD,CAN,2023-07-17 20:00:00,CORE_HR
EVT00060856,2023-07-04,EMP04803,CC0060,PA,1,Step Increment,67977.48,CAD,CAN,2023-07-05 05:00:00,CORE_HR
EVT00060934,2023-07-08,EMP02364,CC0005,EX,1,Step Increment,104029.44,CAD,CAN,2023-07-08 09:00:00,CORE_HR
EVT00061434,2023-07-19,EMP00544,CC0049,CR,3,Step Increment,55859.41,EUR,FRA,2023-07-20 13:00:00,CORE_HR
EVT00060209,2023-07-14,EMP04951,CC0093,PA,3,Step Increment,69510.69,CAD,CAN,2023-07-15 09:00:00,CORE_HR
EVT00061047,2023-07-12,EMP03059,CC0039,CR,2,Departure,,CAD,CAN,2023-07-12 10:00:00,CORE_HR
EVT00060385,2023-07-14,EMP03780,CC0104,EC,2,Step Increment,85794.81,CAD,CAN,2023-07-15 13:00:00,CORE_HR
EVT00060366,2023-07-03,EMP03198,CC0096,EX,2,Step Increment,152005.34,CAD,CAN,2023-07-05 20:00:00,CORE_HR
EVT00061248,2023-07-23,EMP00642,CC0081,EC,1,Performance Pay,10075.29,CAD,CAN,2023-07-23 17:00:00,CORE_HR
EVT00060573,2023-07-13,EMP03001,CC0007,IT,1,Step Increment,57213.27,USD,US,2023-07-13 06:00:00,PAYROLL
EVT00060038,2023-07-08,EMP01787,CC0060,IT,4,Step Increment,94032.1,CAD,CAN,2023-07-08 09:00:00,CORE_HR
EVT00061598,2023-07-24,EMP00570,CC0104,FI,2,Lateral Deployment,,CAD,CAN,2023-07-24 23:00:00,CORE_HR
EVT00059978,2023-07-23,EMP03464,CC0030,EN,4,Lateral Deployment,,EUR,FRA,2023-07-24 09:00:00,CORE_HR
EVT00061364,2023-07-03,EMP04811,CC0071,PA,3,Step Increment,103942.1,CAD,CA,2023-07-04 02:00:00,PAYROLL
EVT00060422,2023-07-14,EMP04433,CC0063,FI,1,Lateral Deployment,,CAD,CA,2023-07-14 06:00:00,PAYROLL
EVT00060795,2023-07-04,EMP03249,CC0043,PA,1,Leave Start,,CAD,CA,2023-07-05 11:00:00,PAYROLL
EVT00061676,2023-07-09,EMP00265,CC0085,EC,3,Step Increment,112380.4,CAD,CA,2023-07-09 20:00:00,PAYROLL
EVT00060978,2023-07-26,EMP03032,CC0007,EX,2,Step Increment,567929.69,BRL,BR,2023-07-26 13:00:00,PAYROLL
EVT00060679,2023-07-24,EMP00638,CC0092,CR,3,Step Increment,65044.6,CAD,CAN,2023-07-24 15:00:00,CORE_HR
EVT00061139,2023-07-13,EMP01684,CC0011,PA,2,Leave Start,,CAD,CAN,2023-07-14 13:00:00,CORE_HR
