event_id,event_date,employee_id,cost_center_id,classification_group,classification_level,event_type,amount_local,local_currency,work_country_code,ingest_ts,source_system
EVT00035653,2022-06-22,EMP03282,CC0062,EX,3,Departure,,CAD,CAN,2022-06-22 19:00:00,CORE_HR
EVT00034353,2022-06-05,EMP00510,CC0053,PA,3,Performance Pay,4391.63,CAD,CAN,2022-06-06 11:00:00,CORE_HR
EVT00034902,2022-06-22,EMP00698,CC0109,PA,3,Leave Start,,CAD,CA,2022-06-22 15:00:00,PAYROLL
EVT00034573,2022-06-25,EMP03021,CC0016,FI,1,Performance Pay,4167.21,CAD,CAN,2022-06-25 23:00:00,CORE_HR
EVT00034112,2022-06-23,EMP03816,CC0086,PA,1,Promotion,53445.34,AUD,AU,2022-06-24 10:00:00,PAYROLL
EVT00035292,2022-06-12,EMP01188,CC0075,AS,2,Leave Start,,CAD,CA,2022-06-12 19:00:00,PAYROLL
EVT00034944,2022-06-05,EMP04183,CC0017,EN,3,Lateral Deployment,,CAD,CA,2022-06-06 06:00:00,PAYROLL
EVT00035086,2022-06-25,EMP01085,CC0035,FI,3,Performance Pay,12019.85,CAD,CAN,2022-06-25 21:00:00,CORE_HR
EVT00034058,2022-06-17,EMP00691,CC0101,PA,2,Performance Pay,6042.37,CAD,CAN,2022-06-18 02:00:00,CORE_HR
EVT00033778,2022-06-18,EMP00785,CC0111,EC,2,Departure,,MXN,MEX,2022-06-18 06:00:00,CORE_HR
EVT00034041,2022-06-16,EMP00779,CC0104,EC,2,Leave Start,,CAD,CA,2022-06-19 16:00:00,PAYROLL
EVT00034199,2022-06-26,EMP03705,CC0080,EN,1,Step Increment,53521.13,EUR,FRA,2022-06-26 23:00:00,CORE_HR
EVT00034410,2022-06-25,EMP01111,CC0006,CR,2,Hire,60800.61,CAD,CAN,2022-06-25 15:00:00,CORE_HR
EVT00035324,2022-06-17,EMP02672,CC0051,PA,2,Performance Pay,6234.97,CAD,CA,2022-06-17 07:00:00,PAYROLL
EVT00035571,2022-06-20,EMP01191,CC0031,EC,1,Lateral Deployment,,AED,ARE,2022-06-20 20:00:00,CORE_HR
EVT00034603,2022-06-17,EMP00982,CC0026,AS,3,Step Increment,66812.99,CAD,CA,2022-06-17 15:00:00,PAYROLL
EVT00035237,2022-06-25,EMP04404,CC0109,EC,4,Leave Return,,CAD,CA,2022-06-25 22:00:00,PAYROLL
EVT00034534,2022-06-22,EMP01856,CC0029,IT,1,Step Increment,71501.19,SGD,SGP,2022-06-23 01:00:00,CORE_HR
EVT00035483,2022-06-11,EMP04639,CC0030,EX,2,Step Increment,132496.29,SGD,SGP,2022-06-12 00:00:00,CORE_HR
EVT00035590,2022-06-25,EMP03621,CC0099,CR,3,Step Increment,69436.67,CAD,CAN,2022-06-25 09:00:00,CORE_HR
EVT00034849,2022-06-01,EMP03161,CC0116,CR,2,Step Increment,57452.39,CAD,CAN,2022-06-01 18:00:00,CORE_HR
EVT00035079,2022-06-08,EMP01246,CC0113,EC,2,Step Increment,67015.68,CAD,CAN,2022-06-09 15:00:00,CORE_HR
EVT00035211,2022-06-02,EMP04797,CC0097,IT,4,Performance Pay,14068.21,CAD,CA,2022-06-03 06:00:00,PAYROLL
EVT00034579,2022-06-18,EMP04290,CC0008,CR,2,Step Increment,53229.05,CAD,CAN,2022-06-18 22:00:00,CORE_HR
EVT00035162,2022-06-10,EMP04321,CC0120,EN,5,Step Increment,143271.99,CAD,CA,2022-06-11 03:00:00,PAYROLL
EVT00033826,2022-06-26,EMP02626,CC0033,CR,2,Promotion,70430.11,CAD,CAN,2022-06-26 08:00:00,CORE_HR
EVT00034138,2022-06-22,EMP04879,CC0009,EN,3,Step Increment,1280097.4,MXN,MX,2022-06-23 15:00:00,PAYROLL
EVT00035060,2022-06-05,EMP02523,CC0072,CR,3,Leave Start,,CAD,CA,2022-06-06 08:00:00,PAYROLL
EVT00035405,2022-06-04,EMP03233,CC0101,FI,3,Leave Return,,CAD,CA,2022-06-05 02:00:00,PAYROLL
EVT00033914,2022-06-03,EMP03678,CC0014,EX,2,Leave Return,,CAD,CA,2022-06-03 21:00:00,PAYROLL
EVT00034470,2022-06-16,EMP03285,CC0046,EN,2,Leave Start,,BRL,BRA,2022-06-16 13:00:00,CORE_HR
EVT00034421,2022-06-14,EMP04474,CC0039,EN,2,Departure,,CAD,CA,2022-06-14 14:00:00,PAYROLL
EVT00034473,2022-06-03,EMP03907,CC0011,EC,4,Step Increment,119135.8,CAD,CAN,2022-06-04 03:00:00,CORE_HR
EVT00035557,2022-06-26,EMP04279,CC0115,PA,5,Leave Return,,CAD,CAN,2022-06-27 05:00:00,CORE_HR
EVT00033805,2022-06-19,EMP00572,CC0089,CR,1,Lateral Deployment,,CAD,CAN,2022-06-19 08:00:00,CORE_HR
EVT00034136,2022-06-26,EMP04102,CC0094,PA,3,Leave Return,,CAD,CAN,2022-06-27 12:00:00,CORE_HR
EVT00035605,2022-06-07,EMP04645,CC0085,FI,1,Step Increment,78640.07,CAD,CAN,2022-06-09 04:00:00,CORE_HR
EVT00034796,2022-06-17,EMP02347,CC0020,AS,2,Performance Pay,7664.44,CAD,CAN,2022-06-17 22:00:00,CORE_HR
EVT00034143,2022-06-10,EMP03349,CC0096,FI,2,Step Increment,79453.93,CAD,CAN,2022-06-10 11:00:00,CORE_HR
EVT00034074,2022-06-10,EMP03783,CC0057,PA,2,Step Increment,68943.28,CAD,CAN,2022-06-11 04:00:00,CORE_HR
EVT00035020,2022-06-04,EMP00077,CC0043,AS,2,Performance Pay,4022.91,CAD,CAN,2022-06-04 14:00:00,CORE_HR
EVT00035330,2022-06-16,EMP01651,CC0027,IT,1,Leave Start,,CAD,CAN,2022-06-16 22:00:00,CORE_HR
EVT00035547,2022-06-25,EMP01293,CC0079,PA,1,Lateral Deployment,,CAD,CAN,2022-06-25 16:00:00,CORE_HR
EVT00034179,2022-06-05,EMP99999,CC0068,CR,5,Performance Pay,4177.13,CAD,CAN,2022-06-06 12:00:00,CORE_HR
EVT00035096,2022-06-15,EMP01123,CC0085,IT,3,Leave Start,,CAD,CAN,2022-06-15 14:00:00,CORE_HR
EVT00034609,2022-06-09,EMP01396,CC0045,AS,2,Step Increment,64350.08,CAD,CAN,2022-06-09 12:00:00,CORE_HR
EVT00034278,2022-06-22,EMP01661,CC0106,AS,2,Leave Return,,CAD,CA,2022-06-22 07:00:00,PAYROLL
EVT00033908,2022-06-18,EMP03237,CC0035,EX,2,Leave Start,,CAD,CAN,2022-06-18 12:00:00,CORE_HR
EVT00034082,2022-06-13,EMP00497,CC0071,AS,1,Leave Return,,CAD,CAN,2022-06-13 19:00:00,CORE_HR
EVT00035224,2022-06-19,EMP04001,CC0048,PA,1,Leave Return,,CAD,CA,2022-06-19 21:00:00,PAYROLL
EVT00035548,2022-06-17,EMP02171,CC0120,PA,4,Step Increment,94183.73,CAD,CAN,2022-06-17 09:00:00,CORE_HR
EVT00034778,2022-06-20,EMP02064,CC0049,PA,3,Leave Start,,BRL,BR,2022-06-20 09:00:00,PAYROLL
EVT00034377,2022-06-03,EMP00964,CC0120,EC,1,Leave Start,,CAD,CA,2022-06-03 07:00:00,PAYROLL
EVT00035101,2022-06-04,EMP04339,CC0114,PA,4,Performance Pay,9435.24,CAD,CA,2022-06-04 23:00:00,PAYROLL
EVT00034865,2022-06-16,EMP03176,CC0086,FI,1,Step Increment,288036.69,BRL,BRA,2022-06-17 05:00:00,CORE_HR
EVT00035296,2022-06-01,EMP04015,CC0057,EN,1,Leave Return,,CAD,CA,2022-06-02 10:00:00,PAYROLL
EVT00034324,2022-06-05,EMP02849,CC0013,PA,2,Performance Pay,3306.15,CAD,CA,2022-06-06 04:00:00,PAYROLL
EVT00034062,2022-06-22,EMP00447,CC0047,PA,3,Performance Pay,6902.76,CAD,CAN,2022-06-22 07:00:00,CORE_HR
EVT00033907,2022-06-14,EMP02852,CC0087,CR,1,Step Increment,47711.38,CAD,CAN,2022-06-15 12:00:00,CORE_HR
EVT00035164,2022-06-13,EMP04178,CC0032,PA,5,Leave Start,,CAD,CAN,2022-06-13 20:00:00,CORE_HR
EVT00034973,2022-06-11,EMP04573,CC0117,AS,1,Step Increment,63900.35,CAD,CAN,2022-06-12 10:00:00,CORE_HR
EVT00035559,2022-06-27,EMP01535,CC0061,PA,2,Step Increment,90755.67,CAD,CAN,2022-06-27 07:00:00,CORE_HR
EVT00034073,2022-06-12,EMP01767,CC0024,AS,4,Lateral Deployment,,CAD,CAN,2022-06-12 17:00:00,CORE_HR
EVT00035271,2022-06-27,EMP02904,CC0115,EX,1,Performance Pay,10142.1,CAD,CAN,2022-06-28 15:00:00,CORE_HR
EVT00034129,2022-06-05,EMP03192,CC0016,IT,1,Promotion,75406.23,CAD,CAN,2022-06-05 10:00:00,CORE_HR
EVT00034742,2022-06-19,EMP01220,CC0070,AS,4,Departure,,CAD,CAN,2022-06-20 03:00:00,CORE_HR
EVT00034829,2022-06-17,EMP04116,CC0103,CR,4,Performance Pay,7446.39,CAD,CAN,2022-06-17 18:00:00,CORE_HR
EVT00033974,2022-06-09,EMP04399,CC0102,EN,4,Performance Pay,6593.87,CAD,CA,2022-06-09 08:00:00,PAYROLL
EVT00034953,2022-06-12,EMP00844,CC0073,EN,3,Leave Start,,CAD,CAN,2022-06-13 14:00:00,CORE_HR
EVT00034114,2022-06-02,EMP03122,CC0058,EN,2,Step Increment,78065.87,CAD,CAN,2022-06-03 00:00:00,CORE_HR
EVT00035464,2022-06-16,EMP03646,CC0109,CR,3,Departure,,CAD,CA,2022-06-17 12:00:00,PAYROLL
EVT00033870,2022-06-23,EMP04307,CC0089,EC,4,Performance Pay,8008.63,CAD,CA,2022-06-24 13:00:00,PAYROLL
EVT00034111,2022-06-25,EMP00723,CC0031,AS,2,Step Increment,54745.02,SGD,SGP,2022-06-25 17:00:00,CORE_HR
EVT00033990,2022-06-03,EMP01134,CC0080,EC,2,Departure,,AUD,AU,2022-06-03 06:00:00,PAYROLL
EVT00034765,2022-06-17,EMP03567,CC0071,PA,2,Step Increment,68286.36,CAD,CA,2022-06-18 15:00:00,PAYROLL
EVT00033935,2022-06-10,EMP03003,CC0066,AS,5,Leave Return,,CAD,CA,2022-06-11 09:00:00,PAYROLL
EVT00034128,2022-06-11,EMP03128,CC0045,EX,1,Step Increment,145977.54,CAD,CA,2022-06-12 10:00:00,PAYROLL
EVT00034340,2022-06-03,EMP00820,CC0069,PA,3,Step Increment,60948.35,CAD,CAN,2022-06-04 01:00:00,CORE_HR
EVT00034844,2022-06-22,EMP03600,CC0049,AS,2,Step Increment,44775.05,USD,USA,2022-06-23 04:00:00,CORE_HR
EVT00034812,2022-06-02,EMP02930,CC0050,PA,4,Leave Start,,CAD,CAN,2022-06-02 11:00:00,CORE_HR
EVT00034566,2022-06-17,EMP02926,CC0048,IT,3,Performance Pay,4509.99,CAD,CAN,2022-06-18 08:00:00,CORE_HR
EVT00034524,2022-06-22,EMP00304,CC0055,CR,5,Step Increment,72263.42,CAD,CAN,2022-06-23 10:00:00,CORE_HR
EVT00034087,2022-06-12,EMP02756,CC0057,EC,1,Leave Return,,CAD,CA,2022-06-13 09:00:00,PAYROLL
EVT00035375,2022-06-24,EMP03748,CC0107,PA,5,Performance Pay,5042.47,CAD,CA,2022-06-25 06:00:00,PAYROLL
EVT00033868,2022-06-01,EMP04681,CC0050,FI,1,Departure,,CAD,CAN,2022-06-01 20:00:00,CORE_HR
EVT00034438,2022-06-12,EMP04430,CC0087,EN,4,Performance Pay,14300.05,CAD,CAN,2022-06-13 08:00:00,CORE_HR
EVT00035599,2022-06-04,EMP02785,CC0082,PA,5,Lateral Deployment,,CAD,CAN,2022-06-04 15:00:00,CORE_HR
EVT00034872,2022-06-08,EMP04252,CC0064,IT,3,Leave Start,,CAD,CA,2022-06-09 01:00:00,PAYROLL
EVT00035623,2022-06-08,EMP01356,CC0005,AS,3,Departure,,CAD,CAN,2022-06-08 15:00:00,CORE_HR
EVT00034063,2022-06-06,EMP00639,CC0065,FI,1,Departure,,AED,ARE,2022-06-07 04:00:00,CORE_HR
EVT00034052,2022-06-20,EMP00944,CC0028,EN,1,Lateral Deployment,,CAD,CAN,2022-06-20 23:00:00,CORE_HR
EVT00035287,2022-06-16,EMP00335,CC0014,CR,2,Hire,52254.11,CAD,CA,2022-06-17 02:00:00,PAYROLL
EVT00034997,2022-06-05,EMP00643,CC0120,EN,3,Performance Pay,13611.4,CAD,CA,2022-06-05 06:00:00,PAYROLL
EVT00034803,2022-06-27,EMP01264,CC0010,IT,2,Step Increment,97851.16,CAD,CA,2022-06-28 13:00:00,PAYROLL
EVT00035536,2022-06-02,EMP03998,CC0049,EN,4,Departure,,EUR,DE,2022-06-02 16:00:00,PAYROLL
EVT00035000,2022-06-03,EMP00393,CC0011,FI,4,Leave Start,,CAD,CAN,2022-06-03 15:00:00,CORE_HR
EVT00034005,2022-06-16,EMP03424,CC0052,EN,3,Promotion,113676.27,CAD,CA,2022-06-17 11:00:00,PAYROLL
EVT00034012,2022-06-17,EMP02620,CC0015,PA,2,Step Increment,77094.73,CAD,CAN,2022-06-18 07:00:00,CORE_HR
EVT00034025,2022-06-27,EMP04720,CC0086,PA,1,Leave Return,,BRL,BR,2022-06-28 02:00:00,PAYROLL
EVT00035490,2022-06-18,EMP01977,CC0023,IT,2,Promotion,100025.17,CAD,CA,2022-06-19 13:00:00,PAYROLL
EVT00034943,2022-06-23,EMP00104,CC0087,FI,3,Step Increment,92635.39,CAD,CA,2022-06-24 09:00:00,PAYROLL
EVT00035468,2022-06-18,EMP01039,CC0052,EN,1,Promotion,81479.2,CAD,CA,2022-06-19 11:00:00,PAYROLL
EVT00033788,2022-06-11,EMP01698,CC0098,PA,4,Leave Return,,CAD,CAN,2022-06-11 20:00:00,CORE_HR
EVT00034686,2022-06-13,EMP04563,CC0014,EC,3,Leave Return,,CAD,CAN,2022-06-14 11:00:00,CORE_HR
EVT00035114,2022-06-22,EMP04565,CC0086,CR,1,Performance Pay,1899.14,GBP,GBR,2022-06-23 13:00:00,CORE_HR
EVT00035163,2022-06-15,EMP00011,CC0085,IT,2,Lateral Deployment,,CAD,CAN,2022-06-15 08:00:00,CORE_HR
EVT00034245,2022-06-11,EMP03480,CC0065,FI,2,Step Increment,1035234.09,MXN,MEX,2022-06-11 13:00:00,CORE_HR
EVT00035117,2022-06-15,EMP02492,CC0089,PA,2,Promotion,71209.8,CAD,CA,2022-06-16 07:00:00,PAYROLL
EVT00034758,2022-06-23,EMP01873,CC0012,IT,3,Hire,101023.87,CAD,CAN,2022-06-24 05:00:00,CORE_HR
EVT00034327,2022-06-26,EMP03185,CC0021,IT,4,Leave Return,,CAD,CAN,2022-06-27 03:00:00,CORE_HR
EVT00035400,2022-06-27,EMP03974,CC0003,EN,2,Performance Pay,7051.36,CAD,CAN,2022-06-28 04:00:00,CORE_HR
EVT00034253,2022-06-07,EMP00052,CC0068,EN,3,Step Increment,106089.31,CAD,CAN,2022-06-08 15:00:00,CORE_HR
EVT00034434,2022-06-08,EMP03814,CC0049,CR,4,Lateral Deployment,,KES,KEN,2022-06-08 08:00:00,CORE_HR
EVT00033781,2022-06-03,EMP00826,CC0071,EX,1,Step Increment,111437.19,CAD,CA,2022-06-03 14:00:00,PAYROLL
EVT00033900,2022-06-10,EMP04076,CC0102,CR,2,Performance Pay,7546.18,CAD,CA,2022-06-11 13:00:00,PAYROLL
EVT00035452,2022-06-19,EMP01059,CC0108,PA,1,Departure,,EUR,FR,2022-06-19 21:00:00,PAYROLL
EVT00034737,2022-06-06,EMP03207,CC0116,CR,2,Departure,,CAD,CA,2022-06-07 14:00:00,PAYROLL
EVT00035304,2022-06-23,EMP02828,CC0017,EN,2,Leave Start,,CAD,CAN,2022-06-24 10:00:00,CORE_HR
EVT00035348,2022-06-24,EMP02355,CC0090,FI,2,Performance Pay,5718.29,CAD,CAN,2022-06-24 18:00:00,CORE_HR
EVT00035007,2022-06-04,EMP02828,CC0017,EN,2,Performance Pay,9567.27,CAD,CA,2022-06-05 14:00:00,PAYROLL
EVT00034655,2022-06-14,EMP03413,CC0033,EN,1,Step Increment,98434.48,CAD,CAN,2022-06-14 09:00:00,CORE_HR
EVT00034885,2022-06-26,EMP00169,CC0016,PA,1,Leave Start,,CAD,CA,2022-06-26 19:00:00,PAYROLL
EVT00034963,2022-06-14,EMP00612,CC0023,FI,1,Departure,,CAD,CAN,2022-06-14 10:00:00,CORE_HR
EVT00035467,2022-06-14,EMP01542,CC0034,IT,2,Step Increment,102190.73,CAD,CAN,2022-06-14 06:00:00,CORE_HR
EVT00035601,2022-06-08,EMP01437,CC0047,AS,3,Step Increment,55446.84,CAD,CAN,2022-06-08 09:00:00,CORE_HR
EVT00033956,2022-06-24,EMP03595,CC0049,EN,1,Performance Pay,54526.6,MXN,MEX,2022-06-24 08:00:00,CORE_HR
EVT00034272,2022-06-06,EMP02909,CC0078,IT,2,Performance Pay,5928.97,CAD,CA,2022-06-06 21:00:00,PAYROLL
EVT00034173,2022-06-14,EMP02275,CC0003,EC,1,Step Increment,66409.44,CAD,CA,2022-06-14 22:00:00,PAYROLL
EVT00034561,2022-06-19,EMP00761,CC0055,CR,2,Leave Return,,CAD,CAN,2022-06-20 10:00:00,CORE_HR
EVT00034264,2022-06-24,EMP00200,CC0105,AS,2,Leave Start,,JPY,JPN,2022-06-24 13:00:00,CORE_HR
EVT00033987,2022-06-26,EMP01354,CC0017,EN,1,Departure,,CAD,CAN,2022-06-27 13:00:00,CORE_HR
EVT00034874,2022-06-15,EMP02486,CC0040,IT,1,Step Increment,83338.92,CAD,CA,2022-06-15 17:00:00,PAYROLL
EVT00033943,2022-06-16,EMP02925,CC0021,PA,4,Step Increment,68014.03,CAD,CAN,2022-06-16 17:00:00,CORE_HR
EVT00034224,2022-06-20,EMP03313,CC0057,FI,2,Step Increment,71516.19,CAD,CA,2022-06-21 10:00:00,PAYROLL
EVT00034306,2022-06-25,EMP03796,CC0060,PA,2,Step Increment,69737.43,CAD,CAN,2022-06-26 02:00:00,CORE_HR
EVT00035424,2022-06-20,EMP04307,CC0089,EC,4,Leave Start,,CAD,CA,2022-06-20 09:00:00,PAYROLL
EVT00034156,2022-06-16,EMP03181,CC0055,PA,2,Step Increment,74107.39,CAD,CAN,2022-06-16 11:00:00,CORE_HR
EVT00034411,2022-06-12,EMP03914,CC0087,CR,1,Leave Return,,CAD,CAN,2022-06-12 18:00:00,CORE_HR
EVT00034976,2022-06-17,EMP00777,CC0035,PA,4,Performance Pay,12028.12,CAD,CAN,2022-06-17 16:00:00,CORE_HR
EVT00035466,2022-06-23,EMP00160,CC0075,PA,1,Step Increment,60624.43,CAD,CAN,2022-06-23 09:00:00,CORE_HR
EVT00034471,2022-06-16,EMP00401,CC0037,PA,2,Leave Return,,CAD,CAN,2022-06-17 07:00:00,CORE_HR
EVT00034637,2022-06-14,EMP01996,CC0027,PA,1,Performance Pay,4734.49,CAD,CA,2022-06-14 22:00:00,PAYROLL
EVT00034906,2022-06-10,EMP02953,CC0019,FI,2,Step Increment,74751.95,CAD,CAN,2022-06-10 20:00:00,CORE_HR
EVT00034186,2022-06-07,EMP04251,CC0064,IT,4,Step Increment,127513.88,CAD,CA,2022-06-08 12:00:00,PAYROLL
EVT00035042,2022-06-14,EMP04214,CC0099,PA,1,Performance Pay,4060.92,CAD,CA,2022-06-15 06:00:00,PAYROLL
EVT00035541,2022-06-17,EMP03629,CC0039,PA,4,Leave Start,,CAD,CA,2022-06-17 12:00:00,PAYROLL
EVT00034694,2022-06-22,EMP00025,CC0084,IT,4,Leave Return,,CAD,CAN,2022-06-22 12:00:00,CORE_HR
EVT00034514,2022-06-05,EMP03913,CC0120,IT,3,Leave Start,,CAD,CAN,2022-06-05 17:00:00,CORE_HR
EVT00035641,2022-06-18,EMP03750,CC0089,PA,4,Step Increment,93385.05,CAD,CAN,2022-06-18 16:00:00,CORE_HR
EVT00034552,2022-06-09,EMP03535,CC0049,PA,3,Departure,,SGD,SGP,2022-06-10 03:00:00,CORE_HR
EVT00035378,2022-06-27,EMP01253,CC0031,EC,1,Leave Return,,EUR,FR,2022-06-27 14:00:00,PAYROLL
EVT00034334,2022-06-07,EMP99999,CC0031,IT,3,Leave Start,,MXN,MEX,2022-06-08 09:00:00,CORE_HR
EVT00034092,2022-06-25,EMP00918,CC0060,PA,3,Step Increment,80216.43,CAD,CAN,2022-06-25 19:00:00,CORE_HR
EVT00034412,2022-06-26,EMP04770,CC0038,EC,2,Leave Start,,CAD,CAN,2022-06-27 04:00:00,CORE_HR
EVT00035527,2022-06-10,EMP00949,CC0016,EC,2,Leave Start,,CAD,CAN,2022-06-10 06:00:00,CORE_HR
EVT00035478,2022-06-07,EMP04784,CC0036,FI,2,Step Increment,79146.89,CAD,CA,2022-06-08 15:00:00,PAYROLL
EVT00035350,2022-06-13,EMP00584,CC0078,AS,1,Lateral Deployment,,CAD,CA,2022-06-14 13:00:00,PAYROLL
EVT00034630,2022-06-26,EMP01784,CC0096,EN,1,Lateral Deployment,,CAD,CAN,2022-06-26 20:00:00,CORE_HR
EVT00034435,2022-06-27,EMP00879,CC0118,PA,3,Leave Start,,CAD,CAN,2022-06-28 00:00:00,CORE_HR
EVT00035511,2022-06-24,EMP01315,CC0107,IT,3,Step Increment,107914.72,CAD,CAN,2022-06-28 04:00:00,CORE_HR
EVT00034871,2022-06-03,EMP04443,CC0083,FI,3,Leave Start,,CAD,CA,2022-06-04 03:00:00,PAYROLL
EVT00035144,2022-06-01,EMP01066,CC0112,FI,2,Performance Pay,10929.49,CAD,CA,2022-06-02 08:00:00,PAYROLL
EVT00035357,2022-06-21,EMP04646,CC0004,EN,1,Departure,,CAD,CA,2022-06-22 04:00:00,PAYROLL
EVT00035453,1900-01-01,EMP01802,CC0004,CR,4,Step Increment,68673.15,CAD,CAN,2022-06-10 14:00:00,CORE_HR
EVT00035567,2022-06-04,EMP01813,CC0072,EC,3,Lateral Deployment,,CAD,CA,2022-06-04 20:00:00,PAYROLL
EVT00035587,2022-06-19,EMP02991,CC0083,PA,3,Leave Start,,CAD,CA,2022-06-20 06:00:00,PAYROLL
EVT00035502,2022-06-20,EMP03460,CC0064,PA,3,Step Increment,72904.09,CAD,CAN,2022-06-21 03:00:00,CORE_HR
EVT00035372,2022-06-02,EMP02754,CC0070,FI,1,Performance Pay,6306.0,CAD,CAN,2022-06-02 07:00:00,CORE_HR
EVT00035421,2022-06-23,EMP03491,CC0111,PA,1,Step Increment,60721.83,AUD,AU,2022-06-24 03:00:00,PAYROLL
EVT00035284,2022-06-25,EMP03956,CC0042,CR,1,Leave Start,,CAD,CAN,2022-06-26 06:00:00,CORE_HR
EVT00034442,2022-06-20,EMP02425,CC0113,EX,2,Leave Start,,CAD,CAN,2022-06-20 11:00:00,CORE_HR
EVT00033986,2022-06-03,EMP00357,CC0008,EC,3,Hire,100545.34,CAD,CAN,2022-06-03 22:00:00,CORE_HR
EVT00034897,2022-06-26,EMP02971,CC0017,IT,2,Step Increment,102368.96,CAD,CA,2022-06-27 02:00:00,PAYROLL
EVT00035532,2022-06-03,EMP04828,CC0097,IT,1,Leave Start,,CAD,CA,2022-06-03 06:00:00,PAYROLL
EVT00035488,2022-06-21,EMP04504,CC0060,CR,1,Departure,,CAD,CAN,2022-06-22 15:00:00,CORE_HR
EVT00035596,2022-06-23,EMP03376,CC0074,IT,1,Step Increment,8635779.96,JPY,JP,2022-06-23 12:00:00,PAYROLL
EVT00035564,2022-06-20,EMP02338,CC0011,PA,1,Performance Pay,8193.7,CAD,CA,2022-06-21 02:00:00,PAYROLL
EVT00034283,2022-06-12,EMP03151,CC0076,EC,2,Performance Pay,10194.72,CAD,CAN,2022-06-12 12:00:00,CORE_HR
EVT00034824,2022-06-02,EMP03497,CC0043,PA,3,Step Increment,75591.54,CAD,CA,2022-06-02 12:00:00,PAYROLL
EVT00035646,2022-06-04,EMP03725,CC0008,AS,5,Lateral Deployment,,CAD,CAN,2022-06-06 10:00:00,CORE_HR
EVT00035319,2022-06-21,EMP02236,CC0048,EX,2,Performance Pay,20624.33,CAD,CA,2022-06-22 00:00:00,PAYROLL
EVT00035216,2022-06-01,EMP04378,CC0103,EX,1,Promotion,139271.51,CAD,CA,2022-06-02 08:00:00,PAYROLL
EVT00033893,2022-06-25,EMP03822,CC0088,CR,5,Performance Pay,4714.54,EUR,DEU,2022-06-25 15:00:00,CORE_HR
EVT00033916,2022-06-25,EMP04268,CC0005,PA,2,Lateral Deployment,,CAD,CAN,2022-06-25 22:00:00,CORE_HR
EVT00035064,2022-06-01,EMP00167,CC0022,FI,1,Lateral Deployment,,CAD,CA,2022-06-02 05:00:00,PAYROLL
EVT00034572,2022-06-03,EMP01997,CC0007,IT,5,Step Increment,17484425.04,JPY,JP,2022-06-04 14:00:00,PAYROLL
EVT00035428,2022-06-10,EMP02364,CC0005,EX,1,Step Increment,130712.68,CAD,CA,2022-06-11 00:00:00,PAYROLL
EVT00035179,2022-06-27,EMP00907,CC0077,EN,2,Lateral Deployment,,CAD,CAN,2022-06-27 08:00:00,CORE_HR
EVT00033969,2022-06-09,EMP02490,CC0019,IT,1,Step Increment,76126.43,CAD,CAN,2022-06-09 07:00:00,CORE_HR
EVT00033766,2022-06-06,EMP04630,CC0119,AS,3,Departure,,CAD,CA,2022-06-06 23:00:00,PAYROLL
EVT00035333,2022-06-01,EMP02624,CC0018,CR,2,Departure,,CAD,CA,2022-06-02 06:00:00,PAYROLL
EVT00033962,2022-06-03,EMP03288,CC0037,IT,1,Departure,,CAD,CAN,2022-06-03 21:00:00,CORE_HR
EVT00034404,2022-06-13,EMP04554,CC0002,CR,4,Lateral Deployment,,CAD,CA,2022-06-13 13:00:00,PAYROLL
EVT00033849,2022-06-23,EMP01113,CC0082,AS,1,Step Increment,58075.4,CAD,CA,2022-06-23 13:00:00,PAYROLL
EVT00034032,2022-06-23,EMP02257,CC0120,EX,1,Step Increment,140954.29,CAD,CAN,2022-06-23 07:00:00,CORE_HR
EVT00034770,2022-06-04,EMP02466,CC0051,CR,3,Promotion,67135.59,CAD,CAN,2022-06-05 00:00:00,CORE_HR
EVT00035305,2022-06-01,EMP00535,CC0010,EN,2,Step Increment,101821.4,CAD,CAN,2022-06-02 11:00:00,CORE_HR
EVT00035586,2022-06-25,EMP02497,CC0106,EN,3,Leave Return,,CAD,CAN,2022-06-25 17:00:00,CORE_HR
EVT00034773,2022-06-01,EMP04706,CC0003,EX,1,Hire,120453.78,CAD,CA,2022-06-02 12:00:00,PAYROLL
EVT00035275,2022-06-15,EMP01423,CC0053,AS,1,Departure,,CAD,CA,2022-06-15 21:00:00,PAYROLL
EVT00033964,2022-06-22,EMP00504,CC0021,CR,2,Step Increment,52211.56,CAD,CAN,2022-06-22 20:00:00,CORE_HR
EVT00035628,2022-06-06,EMP00611,CC0082,IT,2,Performance Pay,6263.48,CAD,CA,2022-06-07 01:00:00,PAYROLL
EVT00034345,2022-06-08,EMP02029,CC0103,IT,1,Performance Pay,6338.32,CAD,CA,2022-06-08 11:00:00,PAYROLL
EVT00034549,2022-06-02,EMP00155,CC0068,EC,1,Leave Return,,CAD,CAN,2022-06-02 08:00:00,CORE_HR
EVT00035620,2022-06-07,EMP00956,CC0050,IT,1,Step Increment,77451.82,CAD,CAN,2022-06-07 08:00:00,CORE_HR
EVT00035203,2022-06-20,EMP04327,CC0107,IT,1,Performance Pay,8181.09,CAD,CA,2022-06-21 09:00:00,PAYROLL
EVT00034526,2022-06-02,EMP01536,CC0082,EC,2,Leave Start,,CAD,CAN,2022-06-02 13:00:00,CORE_HR
EVT00034446,2022-06-15,EMP03370,CC0015,PA,1,Hire,64295.28,CAD,CA,2022-06-16 01:00:00,PAYROLL
EVT00035543,2022-06-23,EMP00431,CC0072,IT,1,Leave Return,,CAD,CAN,2022-06-24 04:00:00,CORE_HR
EVT00034922,2022-06-13,EMP01178,CC0060,AS,3,Leave Start,,CAD,CAN,2022-06-13 14:00:00,CORE_HR
EVT00033776,2022-06-26,EMP00907,CC0077,EN,2,Performance Pay,6645.63,CAD,CAN,2022-06-27 07:00:00,CORE_HR
EVT00034399,2022-06-19,EMP01646,CC0068,CR,1,Step Increment,52187.97,CAD,CA,2022-06-19 11:00:00,PAYROLL
EVT00035097,2022-06-20,EMP03582,CC0110,AS,3,Lateral Deployment,,CAD,CAN,2022-06-21 15:00:00,CORE_HR
EVT00035214,2022-06-01,EMP01232,CC0068,PA,2,Leave Return,,CAD,CAN,2022-06-02 05:00:00,CORE_HR
EVT00034538,2022-06-10,EMP03781,CC0051,EN,2,Leave Start,,CAD,CAN,2022-06-10 23:00:00,CORE_HR
EVT00034670,2022-06-23,EMP02038,CC0001,FI,1,Step Increment,66436.45,CAD,CA,2022-06-23 09:00:00,PAYROLL
EVT00034314,2022-06-23,EMP04155,CC0022,IT,5,Step Increment,144033.64,CAD,CAN,2022-06-23 08:00:00,CORE_HR
EVT00035045,2022-06-02,EMP04061,CC0074,EC,1,Step Increment,42321.64,GBP,GBR,2022-06-03 02:00:00,CORE_HR
EVT00034171,2022-06-08,EMP02865,CC0015,FI,2,Step Increment,83236.84,CAD,CAN,2022-06-09 01:00:00,CORE_HR
EVT00034612,2022-06-13,EMP03271,CC0011,PA,3,Performance Pay,6455.29,CAD,CA,2022-06-13 11:00:00,PAYROLL
EVT00034819,2022-06-06,EMP04686,CC0089,EC,5,Leave Start,,CAD,CAN,2022-06-07 09:00:00,CORE_HR
EVT00034622,2022-06-03,EMP00390,CC0066,EN,2,Performance Pay,10661.96,CAD,CAN,2022-06-03 07:00:00,CORE_HR
EVT00033991,2022-06-13,EMP03629,CC0039,PA,4,Leave Start,,CAD,CA,2022-06-13 12:00:00,PAYROLL
EVT00033869,2022-06-18,EMP04882,CC0036,EX,1,Lateral Deployment,,CAD,CA,2022-06-18 09:00:00,PAYROLL
EVT00033912,2022-06-21,EMP00500,CC0042,PA,1,Leave Return,,CAD,CA,2022-06-22 09:00:00,PAYROLL
EVT00033911,2022-06-11,EMP00830,CC0057,PA,1,Leave Start,,CAD,CAN,2022-06-11 15:00:00,CORE_HR
EVT00034605,2022-06-24,EMP02051,CC0083,FI,2,Step Increment,76268.2,CAD,CA,2022-06-24 22:00:00,PAYROLL
EVT00034614,2022-06-23,EMP04457,CC0099,IT,2,Hire,85385.98,CAD,CAN,2022-06-24 00:00:00,CORE_HR
EVT00034798,2022-06-12,EMP02238,CC0067,IT,2,Step Increment,101701.76,CAD,CA,2022-06-13 15:00:00,PAYROLL
EVT00034858,2022-06-27,EMP03265,CC0073,IT,4,Promotion,117235.37,CAD,CAN,2022-06-27 18:00:00,CORE_HR
EVT00034302,2022-06-14,EMP03409,CC0086,CR,3,Step Increment,41518.17,EUR,DEU,2022-06-15 05:00:00,CORE_HR
EVT00035230,2022-06-03,EMP03839,CC0028,IT,1,Step Increment,87750.56,CAD,CAN,2022-06-04 11:00:00,CORE_HR
EVT00033874,2022-06-16,EMP03266,CC0069,EN,1,Leave Start,,CAD,CA,2022-06-16 20:00:00,PAYROLL
EVT00034485,2022-06-04,EMP01177,CC0087,PA,4,Leave Return,,CAD,CA,2022-06-05 10:00:00,PAYROLL
EVT00035050,2022-06-09,EMP01746,CC0040,PA,4,Step Increment,87204.1,CAD,CAN,2022-06-09 06:00:00,CORE_HR
EVT00035186,2022-06-25,EMP02654,CC0068,IT,4,Step Increment,121582.97,CAD,CAN,2022-06-25 17:00:00,CORE_HR
EVT00035130,2022-06-25,EMP04154,CC0029,EX,2,Promotion,610545.4,BRL,BR,2022-06-25 13:00:00,PAYROLL
EVT00034679,2022-06-04,EMP04493,CC0089,FI,1,Performance Pay,4653.63,CAD,CA,2022-06-04 14:00:00,PAYROLL
EVT00035440,2022-06-20,EMP04516,CC0023,AS,3,Hire,73732.11,CAD,CAN,2022-06-20 17:00:00,CORE_HR
EVT00035643,2022-06-08,EMP03823,CC0088,CR,1,Performance Pay,555810.75,JPY,JP,2022-06-09 14:00:00,PAYROLL
EVT00033873,2022-06-06,EMP03435,CC0021,IT,3,Leave Start,,CAD,CAN,2022-06-06 19:00:00,CORE_HR
EVT00034721,2022-06-17,EMP01406,CC0073,PA,3,Step Increment,60199.54,CAD,CAN,2022-06-18 10:00:00,CORE_HR
EVT00035236,2022-06-12,EMP03488,CC0022,IT,5,Departure,,CAD,CA,2022-06-12 13:00:00,PAYROLL
EVT00035393,2022-06-12,EMP02391,CC0098,AS,4,Leave Start,,CAD,CA,2022-06-13 06:00:00,PAYROLL
EVT00035498,2022-06-11,EMP04022,CC0014,PA,2,Leave Start,,CAD,CAN,2022-06-11 16:00:00,CORE_HR
EVT00035664,2022-06-26,EMP02870,CC0015,CR,3,Step Increment,58273.27,CAD,CA,2022-06-26 22:00:00,PAYROLL
EVT00034334,2022-06-07,EMP00794,CC0031,IT,3,Leave Start,,MXN,MEX,2022-06-07 11:00:00,CORE_HR
EVT00034290,2022-06-26,EMP01550,CC0034,PA,1,Departure,,CAD,CAN,2022-06-27 07:00:00,CORE_HR
EVT00035610,2022-06-14,EMP00961,CC0024,IT,2,Leave Return,,CAD,CAN,2022-06-14 10:00:00,CORE_HR
EVT00033933,2022-06-21,EMP00742,CC0014,AS,2,Performance Pay,8111.98,CAD,CAN,2022-06-22 02:00:00,CORE_HR
EVT00034393,2022-06-23,EMP01052,CC0072,EN,3,Performance Pay,13913.41,CAD,CA,2022-06-24 10:00:00,PAYROLL
EVT00033760,2022-06-05,EMP01612,CC0107,PA,2,Performance Pay,3579.59,CAD,CA,2022-06-06 03:00:00,PAYROLL
EVT00034531,2022-06-03,EMP01747,CC0090,PA,1,Lateral Deployment,,CAD,CAN,2022-06-03 22:00:00,CORE_HR
EVT00034972,2022-06-05,EMP00992,CC0004,FI,1,Step Increment,64846.43,CAD,CAN,2022-06-05 12:00:00,CORE_HR
EVT00034624,2022-06-13,EMP01346,CC0093,IT,5,Step Increment,141251.19,CAD,CAN,2022-06-14 05:00:00,CORE_HR
EVT00035558,2022-06-20,EMP00043,CC0092,EC,3,Performance Pay,5587.78,CAD,CAN,2022-06-21 02:00:00,CORE_HR
EVT00033947,2022-06-21,EMP01381,CC0095,EC,1,Leave Return,,CAD,CAN,2022-06-21 16:00:00,CORE_HR
EVT00034305,2022-06-06,EMP02466,CC0051,CR,3,Step Increment,60965.26,CAD,CAN,2022-06-06 15:00:00,CORE_HR
EVT00035209,2022-06-03,EMP03149,CC0113,PA,1,Departure,,CAD,CAN,2022-06-04 08:00:00,CORE_HR
EVT00034401,2022-06-23,EMP01243,CC0074,FI,3,Lateral Deployment,,EUR,DEU,2022-06-23 23:00:00,CORE_HR
EVT00033885,2022-06-13,EMP04382,CC0119,IT,4,Hire,118892.72,CAD,CAN,2022-06-13 07:00:00,CORE_HR
EVT00033978,2022-06-08,EMP01584,CC0085,PA,5,Step Increment,95742.77,CAD,CAN,2022-06-08 10:00:00,CORE_HR
EVT00035409,2022-06-14,EMP01039,CC0052,EN,1,Leave Start,,CAD,CAN,2022-06-14 09:00:00,CORE_HR
EVT00034545,2022-06-26,EMP00494,CC0113,EN,4,Promotion,117556.7,CAD,CAN,2022-06-26 10:00:00,CORE_HR
EVT00035632,2022-06-12,EMP00324,CC0094,PA,2,Step Increment,67030.26,CAD,CAN,2022-06-12 19:00:00,CORE_HR
EVT00035229,2022-06-07,EMP02648,CC0070,CR,4,Leave Start,,CAD,CA,2022-06-07 09:00:00,PAYROLL
EVT00034115,2022-06-22,EMP00160,CC0075,PA,1,Hire,51873.54,CAD,CAN,2022-06-22 16:00:00,CORE_HR
EVT00033977,2022-06-08,EMP03373,CC0044,IT,2,Lateral Deployment,,CAD,CAN,2022-06-08 21:00:00,CORE_HR
EVT00035201,2022-06-26,EMP03216,CC0110,AS,3,Lateral Deployment,,CAD,CA,2022-06-27 09:00:00,PAYROLL
EVT00034761,2022-06-19,EMP03689,CC0019,EC,4,Step Increment,102725.83,CAD,CAN,2022-06-20 01:00:00,CORE_HR
EVT00035320,2022-06-18,EMP04564,CC0016,IT,2,Performance Pay,4229.81,CAD,CA,2022-06-18 22:00:00,PAYROLL
EVT00035489,2022-06-15,EMP01752,CC0063,EN,2,Lateral Deployment,,CAD,CAN,2022-06-15 07:00:00,CORE_HR
EVT00035674,2022-06-18,EMP01906,CC0060,CR,5,Performance Pay,5758.59,CAD,CA,2022-06-18 11:00:00,PAYROLL
EVT00034110,2022-06-12,EMP04983,CC0116,IT,1,Step Increment,86082.95,CAD,CAN,2022-06-13 07:00:00,CORE_HR
EVT00034125,2022-06-18,EMP02805,CC0011,EN,1,Step Increment,80282.33,CAD,CA,2022-06-18 09:00:00,PAYROLL
EVT00035593,2022-06-08,EMP02099,CC0092,PA,2,Step Increment,70698.63,CAD,CA,2022-06-09 03:00:00,PAYROLL
EVT00034675,2022-06-13,EMP01014,CC0076,CR,4,Leave Start,,CAD,CAN,2022-06-13 12:00:00,CORE_HR
EVT00035484,2022-06-12,EMP00673,CC0104,FI,4,Step Increment,111509.66,CAD,CAN,2022-06-13 11:00:00,CORE_HR
EVT00033997,2022-06-21,EMP00296,CC0081,CR,3,Departure,,CAD,CAN,2022-06-23 04:00:00,CORE_HR
EVT00034967,2022-06-15,EMP01556,CC0049,EN,1,Leave Return,,GBP,GBR,2022-06-15 06:00:00,CORE_HR
EVT00034123,2022-06-11,EMP03419,CC0103,PA,3,Departure,,CAD,CAN,2022-06-11 17:00:00,CORE_HR
EVT00035515,2022-06-18,EMP01303,CC0096,PA,2,Performance Pay,3909.39,CAD,CA,2022-06-18 22:00:00,PAYROLL
EVT00035578,2022-06-16,EMP02928,CC0056,AS,4,Step Increment,83841.18,CAD,CAN,2022-06-17 10:00:00,CORE_HR
EVT00033775,2022-06-24,EMP01549,CC0020,AS,5,Leave Return,,CAD,CAN,2022-06-25 11:00:00,CORE_HR
EVT00034472,2022-06-18,EMP03778,CC0060,AS,1,Hire,58520.66,CAD,CAN,2022-06-18 23:00:00,CORE_HR
EVT00035498,2022-06-11,EMP04022,CC0014,PA,2,Leave Start,,CAD,CAN,2022-06-14 08:00:00,CORE_HR
EVT00035666,2022-06-20,EMP02452,CC0014,EC,2,Lateral Deployment,,CAD,CA,2022-06-21 15:00:00,PAYROLL
EVT00033881,2022-06-26,EMP02924,CC0058,PA,2,Step Increment,70602.68,CAD,CAN,2022-06-26 14:00:00,CORE_HR
EVT00035056,2022-06-11,EMP02846,CC0065,IT,1,Performance Pay,1123204.85,JPY,JP,2022-06-13 19:00:00,PAYROLL
EVT00034713,2022-06-09,EMP04502,CC0110,PA,2,Performance Pay,3787.41,CAD,CAN,2022-06-09 07:00:00,CORE_HR
EVT00034589,2022-06-06,EMP02904,CC0115,EX,1,Step Increment,125828.52,CAD,CAN,2022-06-06 10:00:00,CORE_HR
EVT00035595,2022-06-10,EMP00275,CC0090,EX,2,Promotion,151130.71,CAD,CAN,2022-06-11 00:00:00,CORE_HR
EVT00033894,2022-06-02,EMP04233,CC0032,FI,2,Performance Pay,3892.76,CAD,CA,2022-06-03 07:00:00,PAYROLL
EVT00035605,2022-06-07,EMP04645,CC0085,FI,1,Step Increment,78640.07,CAD,CAN,2022-06-07 20:00:00,CORE_HR
EVT00033767,2022-06-24,EMP01752,CC0063,EN,2,Performance Pay,6746.37,CAD,CAN,2022-06-27 11:00:00,CORE_HR
EVT00034651,2022-06-08,EMP01253,CC0031,EC,1,Step Increment,7786255.92,KES,KEN,2022-06-08 13:00:00,CORE_HR
EVT00035288,2022-06-21,EMP04980,CC0070,IT,4,Promotion,139382.71,CAD,CAN,2022-06-22 12:00:00,CORE_HR
EVT00034346,2022-06-26,EMP04983,CC0116,IT,1,Step Increment,83560.9,CAD,CAN,2022-06-27 07:00:00,CORE_HR
EVT00034034,2022-06-16,EMP04780,CC0047,PA,1,Step Increment,44787.53,CAD,CA,2022-06-16 08:00:00,PAYROLL
EVT00034805,2022-06-26,EMP00114,CC0037,IT,5,Lateral Deployment,,CAD,CAN,2022-06-26 10:00:00,CORE_HR
EVT00034517,2022-06-23,EMP03762,CC0063,CR,2,Step Increment,49890.18,CAD,CAN,2022-06-23 10:00:00,CORE_HR
EVT00034787,2022-06-12,EMP02111,CC0061,EC,1,Lateral Deployment,,CAD,CA,2022-06-13 02:00:00,PAYROLL
EVT00035245,2022-06-09,EMP00557,CC0077,EN,4,Leave Return,,CAD,CAN,2022-06-10 03:00:00,CORE_HR
EVT00033823,2022-06-24,EMP00253,CC0013,PA,4,Lateral Deployment,,CAD,CAN,2022-06-24 10:00:00,CORE_HR
EVT00035392,2022-06-23,EMP01181,CC0112,FI,4,Leave Start,,CAD,CA,2022-06-24 15:00:00,PAYROLL
EVT00034599,2022-06-09,EMP04545,CC0016,EN,1,Promotion,59984.87,CAD,CAN,2022-06-09 22:00:00,CORE_HR
EVT00034981,2022-06-15,EMP01039,CC0052,EN,1,Leave Start,,CAD,CAN,2022-06-16 06:00:00,CORE_HR
EVT00035654,1900-01-01,EMP02331,CC0028,IT,1,Lateral Deployment,,CAD,CA,2022-06-27 14:00:00,PAYROLL
EVT00034574,2022-06-14,EMP00687,CC0080,IT,4,Performance Pay,145967.92,MXN,MX,2022-06-15 15:00:00,PAYROLL
EVT00034880,2022-06-16,EMP03578,CC0048,EC,3,Leave Return,,CAD,CA,2022-06-17 01:00:00,PAYROLL
EVT00033811,1900-01-01,EMP02290,CC0099,AS,2,Step Increment,52854.59,CAD,CAN,2022-06-04 03:00:00,CORE_HR
EVT00035031,2022-06-15,EMP03543,CC0010,FI,2,Step Increment,90513.53,CAD,CAN,2022-06-15 12:00:00,CORE_HR
EVT00035602,2022-06-07,EMP04752,CC0004,IT,2,Leave Return,,CAD,CAN,2022-06-08 04:00:00,CORE_HR
EVT00034968,2022-06-15,EMP00501,CC0006,FI,1,Leave Start,,CAD,CAN,2022-06-16 13:00:00,CORE_HR
EVT00035579,2022-06-11,EMP03831,CC0111,FI,2,Performance Pay,11599.58,AED,ARE,2022-06-11 09:00:00,CORE_HR
EVT00035622,2022-06-06,EMP00378,CC0012,AS,3,Step Increment,73178.36,CAD,CAN,2022-06-06 16:00:00,CORE_HR
EVT00035518,2022-06-17,EMP02361,CC0066,FI,3,Leave Return,,CAD,CAN,2022-06-17 22:00:00,CORE_HR
EVT00035356,2022-06-20,EMP01512,CC0104,PA,5,Leave Start,,CAD,CA,2022-06-20 15:00:00,PAYROLL
EVT00034313,2022-06-11,EMP04802,CC0076,IT,4,Departure,,CAD,CA,2022-06-12 11:00:00,PAYROLL
EVT00034550,2022-06-27,EMP03843,CC0049,EX,1,Step Increment,97908.59,EUR,DEU,2022-06-27 14:00:00,CORE_HR
EVT00034038,2022-06-20,EMP04580,CC0110,CR,4,Performance Pay,8023.82,CAD,CAN,2022-06-20 13:00:00,CORE_HR
EVT00035487,2022-06-01,EMP03910,CC0071,EN,1,Leave Return,,CAD,CAN,2022-06-02 02:00:00,CORE_HR
EVT00034807,2022-06-11,EMP03447,CC0026,EC,1,Step Increment,87739.73,CAD,CA,2022-06-12 01:00:00,PAYROLL
EVT00035391,2022-06-24,EMP04704,CC0050,FI,5,Departure,,CAD,CA,2022-06-25 04:00:00,PAYROLL
EVT00035419,2022-06-06,EMP04876,CC0051,FI,3,Leave Return,,CAD,CA,2022-06-06 12:00:00,PAYROLL
EVT00034628,1900-01-01,EMP04589,CC0007,AS,2,Step Increment,3096804.63,INR,IND,2022-06-08 15:00:00,CORE_HR
EVT00035663,2022-06-15,EMP02620,CC0015,PA,2,Leave Start,,CAD,CA,2022-06-16 03:00:00,PAYROLL
EVT00035069,2022-06-17,EMP04861,CC0014,PA,4,Leave Return,,CAD,CAN,2022-06-17 19:00:00,CORE_HR
EVT00035317,2022-06-05,EMP04718,CC0115,CR,1,Step Increment,43944.33,CAD,CA,2022-06-05 23:00:00,PAYROLL
EVT00035128,2022-06-14,EMP01314,CC0061,PA,2,Leave Start,,CAD,CAN,2022-06-15 15:00:00,CORE_HR
EVT00035432,2022-06-01,EMP00814,CC0023,PA,3,Leave Return,,CAD,CAN,2022-06-01 22:00:00,CORE_HR
EVT00035291,2022-06-17,EMP04217,CC0103,CR,5,Performance Pay,10429.34,CAD,CAN,2022-06-18 07:00:00,CORE_HR
EVT00033753,2022-06-20,EMP03124,CC0055,EN,3,Leave Return,,CAD,CA,2022-06-21 14:00:00,PAYROLL
EVT00034510,2022-06-15,EMP04781,CC0074,EN,2,Step Increment,75126.13,EUR,DEU,2022-06-16 10:00:00,CORE_HR
EVT00034102,2022-06-17,EMP03294,CC0055,EN,4,Step Increment,114116.98,CAD,CAN,2022-06-20 03:00:00,CORE_HR
EVT00035168,2022-06-05,EMP03338,CC0098,AS,4,Lateral Deployment,,CAD,CA,2022-06-06 13:00:00,PAYROLL
EVT00035303,2022-06-16,EMP01269,CC0035,IT,3,Departure,,CAD,CA,2022-06-16 23:00:00,PAYROLL
EVT00034843,2022-06-25,EMP01299,CC0045,PA,2,Step Increment,68746.17,CAD,CAN,2022-06-26 13:00:00,CORE_HR
EVT00033922,2022-06-20,EMP02634,CC0112,CR,2,Step Increment,54312.05,CAD,CAN,2022-06-20 12:00:00,CORE_HR
EVT00033892,2022-06-17,EMP03663,CC0074,FI,1,Hire,7278634.54,KES,KEN,2022-06-18 13:00:00,CORE_HR
EVT00034187,2022-06-16,EMP00692,CC0024,EN,1,Leave Return,,CAD,CAN,2022-06-17 12:00:00,CORE_HR
EVT00034990,2022-06-24,EMP02963,CC0015,FI,3,Leave Return,,CAD,CA,2022-06-24 16:00:00,PAYROLL
EVT00033949,2022-06-06,EMP04271,CC0032,IT,1,Performance Pay,8165.84,CAD,CA,2022-06-06 21:00:00,PAYROLL
EVT00034295,2022-06-20,EMP02381,CC0080,FI,2,Leave Start,,JPY,JPN,2022-06-24 05:00:00,CORE_HR
EVT00034618,2022-06-18,EMP04008,CC0107,EX,2,Leave Start,,CAD,CAN,2022-06-19 04:00:00,CORE_HR
EVT00035014,2022-06-02,EMP01891,CC0081,EX,2,Performance Pay,9299.38,CAD,CAN,2022-06-02 11:00:00,CORE_HR
EVT00034337,2022-06-27,EMP03174,CC0064,AS,4,Leave Start,,CAD,CAN,2022-06-27 18:00:00,CORE_HR
EVT00035358,2022-06-11,EMP00930,CC0081,PA,2,Step Increment,72536.31,CAD,CAN,2022-06-12 05:00:00,CORE_HR
EVT00033927,2022-06-01,EMP04523,CC0108,IT,1,Step Increment,3662297.3,INR,IND,2022-06-01 12:00:00,CORE_HR
EVT00035103,2022-06-10,EMP01948,CC0006,CR,4,Step Increment,74615.26,CAD,CA,2022-06-10 17:00:00,PAYROLL
EVT00034153,2022-06-16,EMP02679,CC0063,EX,1,Hire,137430.04,CAD,CA,2022-06-16 14:00:00,PAYROLL
EVT00033971,2022-06-27,EMP03312,CC0066,IT,1,Performance Pay,8001.68,CAD,CAN,2022-06-28 12:00:00,CORE_HR
EVT00035195,2022-06-19,EMP00464,CC0033,PA,2,Hire,67557.12,CAD,CA,2022-06-19 09:00:00,PAYROLL
EVT00034937,2022-06-11,EMP03032,CC0007,EX,2,Performance Pay,5586.15,SGD,SGP,2022-06-12 00:00:00,CORE_HR
EVT00035038,2022-06-09,EMP03405,CC0049,AS,4,Leave Start,,MXN,MEX,2022-06-10 05:00:00,CORE_HR
EVT00034202,2022-06-03,EMP00231,CC0103,FI,4,Leave Return,,CAD,CA,2022-06-03 18:00:00,PAYROLL
EVT00035180,2022-06-13,EMP02101,CC0008,EC,2,Leave Return,,CAD,CAN,2022-06-14 03:00:00,CORE_HR
EVT00033871,2022-06-01,EMP04042,CC0075,PA,4,Promotion,82595.13,CAD,CAN,2022-06-02 14:00:00,CORE_HR
EVT00033852,2022-06-21,EMP04495,CC0014,FI,4,Leave Return,,CAD,CAN,2022-06-22 03:00:00,CORE_HR
EVT00034860,2022-06-18,EMP02822,CC0054,EX,2,Performance Pay,11307.79,AUD,AUS,2022-06-19 13:00:00,CORE_HR
EVT00034418,2022-06-26,EMP01417,CC0051,CR,2,Lateral Deployment,,CAD,CAN,2022-06-27 06:00:00,CORE_HR
EVT00034459,2022-06-09,EMP02690,CC0027,AS,5,Step Increment,85591.36,CAD,CAN,2022-06-09 07:00:00,CORE_HR
EVT00035247,2022-06-16,EMP04629,CC0024,FI,2,Lateral Deployment,,CAD,CA,2022-06-16 20:00:00,PAYROLL
EVT00035416,2022-06-10,EMP03241,CC0007,IT,1,Leave Start,,MXN,MEX,2022-06-11 11:00:00,CORE_HR
EVT00033832,2022-06-21,EMP01593,CC0089,IT,4,Performance Pay,15706.2,CAD,CAN,2022-06-22 09:00:00,CORE_HR
EVT00034348,2022-06-11,EMP03608,CC0006,AS,2,Performance Pay,4921.58,CAD,CAN,2022-06-12 09:00:00,CORE_HR
EVT00034295,2022-06-20,EMP02381,CC0080,FI,2,Leave Start,,JPY,JPN,2022-06-21 14:00:00,CORE_HR
EVT00034233,2022-06-06,EMP00137,CC0002,EX,2,Step Increment,160106.37,CAD,CA,2022-06-07 15:00:00,PAYROLL
EVT00034226,2022-06-02,EMP00482,CC0111,PA,1,Step Increment,36664.4,USD,US,2022-06-02 15:00:00,PAYROLL
EVT00034801,2022-06-02,EMP02367,CC0109,IT,2,Leave Start,,CAD,CAN,2022-06-03 06:00:00,CORE_HR
EVT00035189,2022-06-08,EMP03913,CC0120,IT,3,Departure,,CAD,CAN,2022-06-09 07:00:00,CORE_HR
EVT00033967,2022-06-24,EMP00555,CC0084,PA,4,Leave Start,,CAD,CAN,2022-06-25 11:00:00,CORE_HR
EVT00034137,2022-06-21,EMP02685,CC0022,PA,5,Performance Pay,7018.46,CAD,CAN,2022-06-22 01:00:00,CORE_HR
EVT00035438,2022-06-27,EMP02219,CC0063,EX,1,Performance Pay,15689.64,CAD,CA,2022-06-27 13:00:00,PAYROLL
EVT00035635,2022-06-15,EMP00872,CC0004,IT,4,Step Increment,126638.57,CAD,CA,2022-06-15 17:00:00,PAYROLL
EVT00034994,2022-06-06,EMP00463,CC0054,EC,2,Step Increment,226274.93,AED,AE,2022-06-06 15:00:00,PAYROLL
EVT00034936,2022-06-02,EMP04029,CC0019,FI,1,Departure,,CAD,CAN,2022-06-02 18:00:00,CORE_HR
EVT00034455,2022-06-23,EMP04706,CC0003,EX,1,Departure,,CAD,CAN,2022-06-23 09:00:00,CORE_HR
EVT00035499,2022-06-23,EMP03296,CC0064,IT,3,Performance Pay,13588.92,CAD,CAN,2022-06-23 07:00:00,CORE_HR
EVT00035246,2022-06-10,EMP04928,CC0077,PA,1,Leave Start,,CAD,CA,2022-06-10 09:00:00,PAYROLL
EVT00034921,2022-06-07,EMP00160,CC0075,PA,1,Leave Start,,CAD,CAN,2022-06-08 10:00:00,CORE_HR
EVT00034146,2022-06-14,EMP03729,CC0042,EN,1,Step Increment,74467.28,CAD,CAN,2022-06-14 06:00:00,CORE_HR
EVT00034142,2022-06-10,EMP00299,CC0090,PA,2,Hire,54794.52,CAD,CA,2022-06-11 15:00:00,PAYROLL
EVT00034427,2022-06-12,EMP01159,CC0114,FI,4,Leave Start,,CAD,CAN,2022-06-12 13:00:00,CORE_HR
EVT00034157,2022-06-25,EMP02591,CC0044,EC,3,Leave Return,,CAD,CAN,2022-06-25 21:00:00,CORE_HR
EVT00034229,2022-06-10,EMP00083,CC0096,PA,1,Hire,58979.35,CAD,CAN,2022-06-10 15:00:00,CORE_HR
EVT00033894,2022-06-02,EMP04233,CC0032,FI,2,Performance Pay,3892.76,CAD,CA,2022-06-03 22:00:00,PAYROLL
EVT00034342,2022-06-18,EMP04595,CC0094,IT,4,Step Increment,111088.46,CAD,CAN,2022-06-19 15:00:00,CORE_HR
EVT00034194,2022-06-14,EMP03981,CC0036,IT,1,Performance Pay,10277.13,CAD,CAN,2022-06-15 11:00:00,CORE_HR
EVT00034928,2022-06-02,EMP00812,CC0026,AS,3,Leave Start,,CAD,CAN,2022-06-02 12:00:00,CORE_HR
EVT00034160,2022-06-07,EMP00297,CC0006,FI,4,Step Increment,128625.16,CAD,CAN,2022-06-08 10:00:00,CORE_HR
EVT00033996,2022-06-11,EMP01429,CC0080,EC,3,Lateral Deployment,,GBP,GBR,2022-06-12 02:00:00,CORE_HR
EVT00035449,2022-06-01,EMP04737,CC0048,PA,2,Leave Start,,CAD,CA,2022-06-01 14:00:00,PAYROLL
EVT00033790,2022-06-27,EMP03695,CC0099,FI,3,Performance Pay,5577.58,CAD,CAN,2022-06-28 12:00:00,CORE_HR
EVT00035227,2022-06-02,EMP01365,CC0086,EX,1,Step Increment,1560927.5,MXN,MEX,2022-06-03 01:00:00,CORE_HR
EVT00035420,2022-06-02,EMP01788,CC0077,PA,2,Step Increment,75189.69,CAD,CA,2022-06-02 11:00:00,PAYROLL
EVT00034490,2022-06-17,EMP00480,CC0099,EC,1,Lateral Deployment,,CAD,CAN,2022-06-17 18:00:00,CORE_HR
EVT00034745,2022-06-04,EMP04797,CC0097,IT,4,Leave Return,,CAD,CAN,2022-06-04 09:00:00,CORE_HR
EVT00035476,2022-06-22,EMP02733,CC0051,EX,1,Lateral Deployment,,CAD,CAN,2022-06-23 12:00:00,CORE_HR
EVT00034077,2022-06-16,EMP99999,CC0110,CR,4,Promotion,67124.81,CAD,CA,2022-06-17 13:00:00,PAYROLL
EVT00034966,2022-06-08,EMP03257,CC0109,EC,1,Leave Return,,CAD,CAN,2022-06-09 04:00:00,CORE_HR
EVT00035301,2022-06-16,EMP04502,CC0110,PA,2,Step Increment,65658.81,CAD,CA,2022-06-17 15:00:00,PAYROLL
EVT00034771,2022-06-08,EMP01848,CC0099,EN,1,Step Increment,83921.08,CAD,CAN,2022-06-08 17:00:00,CORE_HR
EVT00034078,2022-06-03,EMP00586,CC0037,CR,1,Leave Start,,CAD,CA,2022-06-03 11:00:00,PAYROLL
EVT00034734,2022-06-10,EMP03329,CC0026,AS,2,Step Increment,59101.78,CAD,CA,2022-06-10 07:00:00,PAYROLL
EVT00034654,2022-06-08,EMP00509,CC0032,IT,3,Promotion,89555.87,CAD,CAN,2022-06-09 03:00:00,CORE_HR
EVT00034940,2022-06-11,EMP04095,CC0018,FI,5,Step Increment,114244.1,CAD,CAN,2022-06-11 13:00:00,CORE_HR
EVT00034687,2022-06-06,EMP04854,CC0106,EC,5,Leave Start,,CAD,CA,2022-06-06 07:00:00,PAYROLL
EVT00034663,2022-06-01,EMP00119,CC0082,CR,2,Lateral Deployment,,CAD,CA,2022-06-02 10:00:00,PAYROLL
EVT00034782,2022-06-09,EMP04251,CC0064,IT,4,Step Increment,126555.37,CAD,CAN,2022-06-09 22:00:00,CORE_HR
EVT00034127,2022-06-24,EMP00343,CC0104,PA,3,Leave Start,,CAD,CAN,2022-06-25 11:00:00,CORE_HR
EVT00035074,2022-06-20,EMP04921,CC0045,PA,3,Leave Start,,CAD,CAN,2022-06-21 15:00:00,CORE_HR
EVT00034416,2022-06-14,EMP02207,CC0090,IT,1,Departure,,CAD,CAN,2022-06-14 12:00:00,CORE_HR
EVT00034975,2022-06-25,EMP01853,CC0009,EN,1,Step Increment,7060644.76,JPY,JPN,2022-06-26 12:00:00,CORE_HR
EVT00035388,2022-06-25,EMP04629,CC0024,FI,2,Departure,,CAD,CAN,2022-06-26 11:00:00,CORE_HR
EVT00034910,2022-06-03,EMP04336,CC0050,AS,3,Leave Return,,CAD,CA,2022-06-03 17:00:00,PAYROLL
EVT00033915,2022-06-16,EMP03625,CC0062,IT,4,Performance Pay,10887.41,CAD,CAN,2022-06-16 07:00:00,CORE_HR
EVT00034763,2022-06-07,EMP01641,CC0014,AS,1,Lateral Deployment,,CAD,CAN,2022-06-08 00:00:00,CORE_HR
EVT00034598,2022-06-14,EMP02717,CC0056,EN,4,Leave Return,,CAD,CAN,2022-06-15 15:00:00,CORE_HR
EVT00034894,2022-06-25,EMP04913,CC0101,PA,3,Lateral Deployment,,CAD,CA,2022-06-26 09:00:00,PAYROLL
EVT00034568,2022-06-25,EMP02525,CC0006,FI,5,Leave Start,,CAD,CAN,2022-06-26 08:00:00,CORE_HR
EVT00035198,2022-06-27,EMP03399,CC0103,AS,1,Leave Return,,CAD,CAN,2022-06-27 07:00:00,CORE_HR
EVT00034659,2022-06-18,EMP03017,CC0110,EC,2,Step Increment,78600.25,CAD,CAN,2022-06-18 13:00:00,CORE_HR
EVT00035146,2022-06-03,EMP04073,CC0071,AS,1,Leave Start,,CAD,CAN,2022-06-04 06:00:00,CORE_HR
EVT00035385,2022-06-04,EMP03313,CC0057,FI,2,Step Increment,79212.85,CAD,CAN,2022-06-05 01:00:00,CORE_HR
EVT00034926,2022-06-27,EMP04951,CC0093,PA,3,Leave Return,,CAD,CAN,2022-06-27 14:00:00,CORE_HR
EVT00035575,2022-06-19,EMP01655,CC0062,PA,1,Performance Pay,5753.72,CAD,CAN,2022-06-20 01:00:00,CORE_HR
EVT00033968,2022-06-03,EMP03399,CC0103,AS,1,Promotion,54204.77,CAD,CAN,2022-06-04 02:00:00,CORE_HR
EVT00033768,2022-06-13,EMP02641,CC0089,AS,1,Step Increment,54040.4,CAD,CAN,2022-06-14 09:00:00,CORE_HR
EVT00034096,2022-06-12,EMP02465,CC0094,EN,4,Performance Pay,10288.2,CAD,CA,2022-06-13 11:00:00,PAYROLL
EVT00034540,2022-06-13,EMP03152,CC0117,FI,2,Leave Start,,CAD,CA,2022-06-13 12:00:00,PAYROLL
EVT00034779,2022-06-26,EMP00366,CC0054,EN,1,Step Increment,58893.81,EUR,FRA,2022-06-26 18:00:00,CORE_HR
EVT00034167,2022-06-07,EMP02288,CC0035,IT,4,Step Increment,109605.95,CAD,CA,2022-06-07 15:00:00,PAYROLL
EVT00035460,2022-06-05,EMP04897,CC0068,PA,2,Departure,,CAD,CAN,2022-06-06 00:00:00,CORE_HR
EVT00033851,2022-06-02,EMP03648,CC0074,CR,2,Lateral Deployment,,AED,ARE,2022-06-02 06:00:00,CORE_HR
EVT00035560,2022-06-27,EMP04874,CC0003,EX,3,Step Increment,136037.98,CAD,CAN,2022-06-28 15:00:00,CORE_HR
EVT00034991,2022-06-07,EMP03014,CC0091,PA,3,Step Increment,74666.21,CAD,CA,2022-06-07 19:00:00,PAYROLL
EVT00033983,2022-06-11,EMP03709,CC0025,IT,1,Leave Return,,CAD,CAN,2022-06-12 13:00:00,CORE_HR
EVT00033833,2022-06-01,EMP01761,CC0025,CR,3,Step Increment,67535.13,CAD,CA,2022-06-01 09:00:00,PAYROLL
EVT00035323,2022-06-12,EMP02526,CC0014,EC,1,Step Increment,80090.19,CAD,CAN,2022-06-12 15:00:00,CORE_HR
EVT00034920,2022-06-11,EMP00373,CC0090,PA,4,Leave Return,,CAD,CAN,2022-06-12 14:00:00,CORE_HR
EVT00034275,2022-06-07,EMP00589,CC0033,PA,1,Departure,,CAD,CAN,2022-06-08 13:00:00,CORE_HR
EVT00034209,2022-06-11,EMP02696,CC0076,IT,1,Lateral Deployment,,CAD,CA,2022-06-11 10:00:00,PAYROLL
EVT00033850,2022-06-08,EMP03738,CC0012,FI,5,Lateral Deployment,,CAD,CAN,2022-06-09 01:00:00,CORE_HR
EVT00034934,2022-06-26,EMP01080,CC0120,EC,4,Departure,,CAD,CA,2022-06-26 07:00:00,PAYROLL
EVT00033898,2022-06-19,EMP01585,CC0045,EC,3,Step Increment,103455.01,CAD,CA,2022-06-20 02:00:00,PAYROLL
EVT00034360,2022-06-17,EMP00998,CC0039,IT,4,Hire,147352.27,CAD,CAN,2022-06-17 08:00:00,CORE_HR
EVT00034576,2022-06-17,EMP02354,CC0018,AS,3,Leave Start,,CAD,CAN,2022-06-17 06:00:00,CORE_HR
EVT00034428,2022-06-10,EMP04394,CC0045,IT,1,Hire,81047.12,CAD,CAN,2022-06-12 17:00:00,CORE_HR
EVT00034384,2022-06-23,EMP02637,CC0084,CR,2,Leave Start,,CAD,CA,2022-06-24 15:00:00,PAYROLL
EVT00034930,2022-06-13,EMP04279,CC0115,PA,5,Step Increment,78577.31,CAD,CA,2022-06-14 13:00:00,PAYROLL
EVT00034029,2022-06-17,EMP00589,CC0033,PA,1,Leave Return,,CAD,CAN,2022-06-17 23:00:00,CORE_HR
EVT00034441,2022-06-16,EMP03146,CC0008,IT,1,Step Increment,59047.94,CAD,CA,2022-06-16 10:00:00,PAYROLL
EVT00035278,2022-06-03,EMP02781,CC0053,PA,1,Step Increment,65664.55,CAD,CAN,2022-06-04 01:00:00,CORE_HR
EVT00035413,2022-06-02,EMP00035,CC0068,PA,4,Step Increment,89743.12,CAD,CAN,2022-06-03 12:00:00,CORE_HR
EVT00035202,2022-06-13,EMP00650,CC0058,PA,5,Performance Pay,10616.34,CAD,CA,2022-06-13 22:00:00,PAYROLL
EVT00033899,2022-06-11,EMP04490,CC0057,IT,3,Performance Pay,9736.31,CAD,CA,2022-06-11 09:00:00,PAYROLL
EVT00033835,2022-06-15,EMP04905,CC0044,FI,1,Leave Start,,CAD,CA,2022-06-15 16:00:00,PAYROLL
EVT00034472,2022-06-18,EMP03778,CC0060,AS,1,Hire,58520.66,CAD,CAN,2022-06-21 01:00:00,CORE_HR
EVT00035312,2022-06-23,EMP04375,CC0099,FI,1,Step Increment,64773.73,CAD,CA,2022-06-23 12:00:00,PAYROLL
EVT00033929,2022-06-27,EMP02052,CC0048,AS,2,Step Increment,47998.67,CAD,CA,2022-06-28 05:00:00,PAYROLL
EVT00034978,2022-06-15,EMP02268,CC0002,FI,2,Lateral Deployment,,CAD,CA,2022-06-16 07:00:00,PAYROLL
EVT00034641,2022-06-21,EMP04241,CC0012,FI,2,Promotion,90323.91,CAD,CA,2022-06-21 18:00:00,PAYROLL
EVT00035145,2022-06-11,EMP03312,CC0066,IT,1,Step Increment,72372.24,CAD,CAN,2022-06-11 13:00:00,CORE_HR
EVT00035556,2022-06-24,EMP03584,CC0088,AS,1,Step Increment,44119.75,EUR,DEU,2022-06-24 08:00:00,CORE_HR
EVT00034329,2022-06-21,EMP03087,CC0114,FI,2,Lateral Deployment,,CAD,CA,2022-06-22 14:00:00,PAYROLL
EVT00033939,2022-06-20,EMP00255,CC0036,AS,5,Step Increment,86907.66,CAD,CAN,2022-06-20 10:00:00,CORE_HR
EVT00034486,2022-06-03,EMP02400,CC0069,EX,1,Leave Return,,CAD,CAN,2022-06-03 15:00:00,CORE_HR
EVT00034287,2022-06-08,EMP02017,CC0104,EC,1,Performance Pay,9532.64,CAD,CAN,2022-06-08 13:00:00,CORE_HR
EVT00034147,2022-06-11,EMP04396,CC0116,EC,4,Step Increment,112426.11,CAD,CA,2022-06-11 07:00:00,PAYROLL
EVT00035283,2022-06-23,EMP04767,CC0045,FI,2,Promotion,77115.48,CAD,CAN,2022-06-24 03:00:00,CORE_HR
EVT00035448,2022-06-17,EMP00950,CC0074,AS,2,Lateral Deployment,,AUD,AUS,2022-06-18 10:00:00,CORE_HR
EVT00035277,2022-06-20,EMP01626,CC0012,EC,2,Hire,69525.0,CAD,CA,2022-06-20 14:00:00,PAYROLL
EVT00034197,2022-06-19,EMP04295,CC0070,EX,2,Leave Start,,CAD,CAN,2022-06-20 00:00:00,CORE_HR
EVT00034086,2022-06-07,EMP02458,CC0034,IT,2,Step Increment,100025.85,CAD,CA,2022-06-07 21:00:00,PAYROLL
EVT00034316,2022-06-06,EMP01460,CC0080,FI,2,Leave Start,,BRL,BRA,2022-06-07 06:00:00,CORE_HR
EVT00035017,2022-06-25,EMP01777,CC0060,AS,2,Departure,,CAD,CA,2022-06-26 07:00:00,PAYROLL
EVT00035289,2022-06-16,EMP00806,CC0014,PA,4,Step Increment,89600.93,CAD,CAN,2022-06-17 11:00:00,CORE_HR
EVT00033796,2022-06-19,EMP01303,CC0096,PA,2,Lateral Deployment,,CAD,CAN,2022-06-20 00:00:00,CORE_HR
EVT00034268,2022-06-26,EMP00679,CC0029,FI,1,Leave Start,,AUD,AUS,2022-06-26 12:00:00,CORE_HR
EVT00033909,2022-06-17,EMP04294,CC0078,IT,3,Step Increment,108838.81,CAD,CAN,2022-06-18 01:00:00,CORE_HR
EVT00035403,2022-06-26,EMP01332,CC0072,EC,1,Step Increment,84533.78,CAD,CAN,2022-06-27 10:00:00,CORE_HR
EVT00034064,2022-06-04,EMP03985,CC0019,CR,2,Departure,,CAD,CAN,2022-06-04 10:00:00,CORE_HR
EVT00033791,2022-06-14,EMP00467,CC0050,EX,3,Hire,134356.77,CAD,CAN,2022-06-14 20:00:00,CORE_HR
EVT00034193,2022-06-22,EMP00877,CC0058,EX,2,Step Increment,146285.95,CAD,CAN,2022-06-23 15:00:00,CORE_HR
EVT00034840,2022-06-11,EMP04653,CC0103,PA,4,Leave Return,,CAD,CAN,2022-06-12 05:00:00,CORE_HR
EVT00034388,2022-06-03,EMP00019,CC0058,IT,5,Step Increment,138147.97,CAD,CAN,2022-06-04 04:00:00,CORE_HR
EVT00035073,2022-06-24,EMP02902,CC0023,EN,4,Promotion,121267.92,CAD,CA,2022-06-24 20:00:00,PAYROLL
EVT00034168,2022-06-09,EMP04200,CC0049,AS,3,Leave Return,,INR,IND,2022-06-09 16:00:00,CORE_HR
EVT00034762,2022-06-11,EMP02097,CC0063,IT,3,Leave Start,,CAD,CA,2022-06-11 12:00:00,PAYROLL
EVT00035091,2022-06-05,EMP02815,CC0067,FI,2,Performance Pay,4381.34,CAD,CAN,2022-06-05 17:00:00,CORE_HR
EVT00035537,2022-06-25,EMP02032,CC0089,EC,3,Promotion,107822.34,CAD,CAN,2022-06-26 01:00:00,CORE_HR
EVT00034020,2022-06-25,EMP02154,CC0016,IT,1,Lateral Deployment,,CAD,CAN,2022-06-26 15:00:00,CORE_HR
EVT00033857,2022-06-26,EMP02164,CC0080,PA,2,Lateral Deployment,,MXN,MX,2022-06-26 18:00:00,PAYROLL
EVT00034464,2022-06-17,EMP00592,CC0051,CR,3,Step Increment,50923.29,CAD,CA,2022-06-17 13:00:00,PAYROLL
EVT00033808,2022-06-19,EMP01534,CC0044,EN,4,Departure,,CAD,CA,2022-06-19 11:00:00,PAYROLL
EVT00034165,2022-06-09,EMP00210,CC0078,IT,2,Lateral Deployment,,CAD,CAN,2022-06-10 04:00:00,CORE_HR
EVT00034350,2022-06-27,EMP02212,CC0069,FI,2,Leave Start,,CAD,CAN,2022-06-27 09:00:00,CORE_HR
EVT00034417,2022-06-14,EMP01588,CC0041,EN,5,Departure,,CAD,CAN,2022-06-14 09:00:00,CORE_HR
EVT00034817,2022-06-22,EMP04192,CC0080,PA,5,Step Increment,11164437.59,KES,KE,2022-06-22 06:00:00,PAYROLL
EVT00033910,2022-06-14,EMP02143,CC0114,PA,5,Hire,71808.6,CAD,CA,2022-06-15 14:00:00,PAYROLL
EVT00034200,2022-06-23,EMP01236,CC0119,FI,5,Step Increment,105122.51,CAD,CAN,2022-06-23 17:00:00,CORE_HR
EVT00035430,2022-06-18,EMP03503,CC0006,EC,2,Hire,78703.62,CAD,CA,2022-06-18 16:00:00,PAYROLL
EVT00035337,2022-06-04,EMP02507,CC0074,EX,1,Departure,,KES,KE,2022-06-05 05:00:00,PAYROLL
EVT00033895,2022-06-12,EMP02141,CC0067,IT,4,Leave Return,,CAD,CAN,2022-06-13 14:00:00,CORE_HR
EVT00034914,2022-06-10,EMP04793,CC0001,AS,3,Performance Pay,3489.14,CAD,CA,2022-06-10 20:00:00,PAYROLL
EVT00034739,2022-06-03,EMP01010,CC0048,CR,2,Step Increment,60337.06,CAD,CAN,2022-06-03 10:00:00,CORE_HR
EVT00033982,2022-06-07,EMP00989,CC0056,EN,4,Performance Pay,8428.43,CAD,CA,2022-06-08 14:00:00,PAYROLL
EVT00035503,2022-06-13,EMP00193,CC0110,EN,2,Performance Pay,9353.91,CAD,CAN,2022-06-13 23:00:00,CORE_HR
EVT00034780,2022-06-16,EMP04427,CC0120,IT,4,Step Increment,119826.03,CAD,CAN,2022-06-17 05:00:00,CORE_HR
EVT00034374,2022-06-26,EMP03892,CC0116,PA,1,Leave Start,,CAD,CA,2022-06-27 15:00:00,PAYROLL
EVT00034013,2022-06-14,EMP00379,CC0020,AS,3,Leave Return,,CAD,CAN,2022-06-15 14:00:00,CORE_HR
EVT00034023,2022-06-09,EMP00721,CC0049,AS,3,Performance Pay,4616.97,GBP,GB,2022-06-10 06:00:00,PAYROLL
EVT00034333,2022-06-05,EMP04078,CC0101,PA,1,Performance Pay,3743.42,CAD,CAN,2022-06-05 22:00:00,CORE_HR
EVT00034252,2022-06-22,EMP03026,CC0059,PA,3,Leave Return,,CAD,CAN,2022-06-22 20:00:00,CORE_HR
EVT00034210,2022-06-26,EMP01477,CC0068,PA,1,Hire,57724.61,CAD,CAN,2022-06-26 06:00:00,CORE_HR
EVT00034491,2022-06-22,EMP00276,CC0011,FI,3,Departure,,CAD,CAN,2022-06-23 07:00:00,CORE_HR
EVT00035383,2022-06-07,EMP01032,CC0079,IT,2,Promotion,73930.32,CAD,CAN,2022-06-07 12:00:00,CORE_HR
EVT00034644,2022-06-16,EMP03997,CC0050,IT,3,Leave Return,,CAD,CAN,2022-06-16 20:00:00,CORE_HR
EVT00034501,2022-06-21,EMP00250,CC0019,CR,1,Lateral Deployment,,CAD,CAN,2022-06-22 11:00:00,CORE_HR
EVT00034094,2022-06-16,EMP01119,CC0114,FI,2,Departure,,CAD,CA,2022-06-17 13:00:00,PAYROLL
EVT00035056,2022-06-11,EMP02846,CC0065,IT,1,Performance Pay,1123204.85,JPY,JP,2022-06-12 06:00:00,PAYROLL
EVT00034795,2022-06-04,EMP00749,CC0073,PA,3,Leave Return,,CAD,CA,2022-06-04 21:00:00,PAYROLL
EVT00034970,2022-06-26,EMP03702,CC0056,IT,2,Step Increment,80360.65,CAD,CA,2022-06-27 05:00:00,PAYROLL
EVT00034098,2022-06-02,EMP02951,CC0067,EN,1,Leave Start,,CAD,CAN,2022-06-02 13:00:00,CORE_HR
EVT00034015,2022-06-13,EMP04850,CC0010,AS,2,Step Increment,61183.23,CAD,CAN,2022-06-14 10:00:00,CORE_HR
EVT00034925,2022-06-27,EMP04313,CC0081,AS,1,Leave Start,,CAD,CA,2022-06-27 21:00:00,PAYROLL
EVT00035390,2022-06-10,EMP00314,CC0083,PA,3,Step Increment,68056.44,CAD,CA,2022-06-14 02:00:00,PAYROLL
EVT00034483,2022-06-03,EMP03131,CC0102,CR,5,Step Increment,75720.08,CAD,CAN,2022-06-04 08:00:00,CORE_HR
EVT00035183,2022-06-09,EMP99999,CC0120,EN,4,Leave Start,,CAD,CAN,2022-06-09 06:00:00,CORE_HR
EVT00033764,2022-06-24,EMP01842,CC0054,PA,4,Leave Return,,GBP,GB,2022-06-24 12:00:00,PAYROLL
EVT00033937,2022-06-15,EMP04901,CC0062,PA,1,Step Increment,56109.6,CAD,CAN,2022-06-15 22:00:00,CORE_HR
EVT00034836,2022-06-11,EMP00460,CC0078,PA,3,Performance Pay,9833.46,CAD,CAN,2022-06-12 07:00:00,CORE_HR
EVT00035165,2022-06-18,EMP01870,CC0017,FI,5,Departure,,CAD,CA,2022-06-19 00:00:00,PAYROLL
EVT00033957,2022-06-12,EMP02229,CC0013,CR,1,Step Increment,63204.29,CAD,CA,2022-06-13 14:00:00,PAYROLL
EVT00033787,2022-06-23,EMP02456,CC0028,PA,4,Step Increment,67092.15,CAD,CA,2022-06-24 09:00:00,PAYROLL
EVT00034134,2022-06-25,EMP02995,CC0016,FI,3,Leave Return,,CAD,CAN,2022-06-25 19:00:00,CORE_HR
EVT00034891,2022-06-22,EMP04410,CC0029,PA,1,Step Increment,68090.87,AUD,AUS,2022-06-22 13:00:00,CORE_HR
EVT00034392,2022-06-05,EMP02960,CC0072,AS,1,Step Increment,52178.25,CAD,CA,2022-06-05 12:00:00,PAYROLL
EVT00035191,2022-06-12,EMP03495,CC0082,EN,3,Performance Pay,6921.94,CAD,CAN,2022-06-12 23:00:00,CORE_HR
EVT00034381,2022-06-22,EMP02576,CC0048,IT,2,Hire,101907.71,CAD,CA,2022-06-22 10:00:00,PAYROLL
EVT00033945,2022-06-24,EMP02797,CC0014,AS,1,Performance Pay,2783.48,CAD,CA,2022-06-25 11:00:00,PAYROLL
EVT00035051,2022-06-04,EMP01049,CC0053,AS,4,Performance Pay,5191.51,CAD,CA,2022-06-05 09:00:00,PAYROLL
EVT00034814,2022-06-01,EMP04683,CC0077,PA,1,Performance Pay,3894.29,CAD,CAN,2022-06-01 09:00:00,CORE_HR
EVT00034462,2022-06-10,EMP03855,CC0008,EN,1,Leave Start,,CAD,CAN,2022-06-11 15:00:00,CORE_HR
EVT00035158,2022-06-07,EMP02150,CC0076,CR,2,Step Increment,61245.84,CAD,CAN,2022-06-07 19:00:00,CORE_HR
EVT00034863,2022-06-21,EMP02898,CC0100,CR,2,Step Increment,42389.74,CAD,CAN,2022-06-21 20:00:00,CORE_HR
EVT00035399,2022-06-11,EMP01686,CC0103,IT,3,Step Increment,101422.41,CAD,CAN,2022-06-11 19:00:00,CORE_HR
EVT00034364,2022-06-27,EMP00921,CC0023,PA,2,Leave Start,,CAD,CA,2022-06-28 12:00:00,PAYROLL
EVT00034318,2022-06-16,EMP03527,CC0012,IT,3,Lateral Deployment,,CAD,CAN,2022-06-17 06:00:00,CORE_HR
EVT00035322,2022-06-17,EMP03662,CC0058,CR,1,Departure,,CAD,CA,2022-06-17 11:00:00,PAYROLL
EVT00035377,2022-06-14,EMP04559,CC0079,CR,1,Step Increment,55944.16,CAD,CA,2022-06-14 12:00:00,PAYROLL
EVT00033961,2022-06-10,EMP03580,CC0066,CR,1,Promotion,54332.47,CAD,CA,2022-06-10 13:00:00,PAYROLL
EVT00034155,2022-06-06,EMP00081,CC0094,AS,2,Step Increment,57617.27,CAD,CA,2022-06-06 21:00:00,PAYROLL
EVT00035137,2022-06-03,EMP03491,CC0111,PA,1,Leave Return,,MXN,MX,2022-06-04 13:00:00,PAYROLL
EVT00034478,2022-06-15,EMP03572,CC0081,FI,1,Performance Pay,5264.38,CAD,CAN,2022-06-16 15:00:00,CORE_HR
EVT00035147,2022-06-23,EMP00354,CC0041,IT,2,Leave Start,,CAD,CA,2022-06-24 10:00:00,PAYROLL
EVT00034859,2022-06-27,EMP01042,CC0015,EX,1,Hire,-107462.82,CAD,CAN,2022-06-28 02:00:00,CORE_HR
EVT00035250,2022-06-05,EMP02101,CC0008,EC,2,Step Increment,85484.98,CAD,CAN,2022-06-06 14:00:00,CORE_HR
EVT00035122,2022-06-03,EMP03170,CC0112,EX,1,Step Increment,123485.64,CAD,CAN,2022-06-03 06:00:00,CORE_HR
EVT00034286,2022-06-27,EMP03646,CC0109,CR,3,Lateral Deployment,,CAD,CA,2022-06-28 08:00:00,PAYROLL
EVT00035552,2022-06-21,EMP00322,CC0053,FI,3,Leave Return,,CAD,CA,2022-06-22 10:00:00,PAYROLL
EVT00033802,2022-06-06,EMP02029,CC0103,IT,1,Step Increment,77718.09,CAD,CAN,2022-06-07 00:00:00,CORE_HR
EVT00035659,2022-06-12,EMP00328,CC0022,IT,2,Step Increment,92744.05,CAD,CAN,2022-06-13 00:00:00,CORE_HR
EVT00034055,2022-06-24,EMP04074,CC0054,PA,5,Leave Return,,USD,USA,2022-06-25 10:00:00,CORE_HR
EVT00035194,2022-06-22,EMP00754,CC0079,EX,1,Leave Return,,CAD,CAN,2022-06-22 21:00:00,CORE_HR
EVT00033928,2022-06-18,EMP00065,CC0092,EX,2,Performance Pay,6387.01,CAD,CAN,2022-06-18 16:00:00,CORE_HR
EVT00034223,2022-06-08,EMP04935,CC0054,AS,1,Leave Return,,SGD,SG,2022-06-09 07:00:00,PAYROLL
EVT00035213,2022-06-07,EMP03897,CC0116,IT,3,Step Increment,97159.73,CAD,CAN,2022-06-07 06:00:00,CORE_HR
EVT00034269,2022-06-19,EMP02910,CC0089,EN,3,Step Increment,107894.28,CAD,CA,2022-06-20 08:00:00,PAYROLL
EVT00034845,2022-06-21,EMP02243,CC0017,EX,1,Step Increment,128369.35,CAD,CAN,2022-06-21 21:00:00,CORE_HR
EVT00033954,2022-06-05,EMP01426,CC0068,PA,4,Performance Pay,6500.72,CAD,CA,2022-06-05 13:00:00,PAYROLL
EVT00035167,2022-06-19,EMP02743,CC0097,EX,2,Step Increment,138832.87,CAD,CAN,2022-06-19 12:00:00,CORE_HR
EVT00034882,2022-06-07,EMP01083,CC0106,EN,3,Step Increment,111557.94,CAD,CA,2022-06-08 04:00:00,PAYROLL
EVT00035545,2022-06-13,EMP00714,CC0021,EC,3,Lateral Deployment,,CAD,CAN,2022-06-13 06:00:00,CORE_HR
EVT00034730,2022-06-16,EMP01804,CC0093,PA,1,Leave Return,,CAD,CAN,2022-06-17 07:00:00,CORE_HR
EVT00034854,2022-06-05,EMP03260,CC0071,EN,2,Step Increment,101782.51,CAD,CA,2022-06-06 03:00:00,PAYROLL
EVT00034525,2022-06-12,EMP01797,CC0116,FI,3,Leave Return,,CAD,CAN,2022-06-13 05:00:00,CORE_HR
EVT00035454,2022-06-01,EMP04457,CC0099,IT,2,Lateral Deployment,,CAD,CAN,2022-06-01 17:00:00,CORE_HR
EVT00034312,2022-06-14,EMP00143,CC0065,EC,4,Step Increment,73860.52,GBP,GBR,2022-06-14 18:00:00,CORE_HR
EVT00034998,2022-06-19,EMP04541,CC0113,FI,2,Performance Pay,11080.17,CAD,CA,2022-06-21 01:00:00,PAYROLL
EVT00035389,2022-06-23,EMP01457,CC0096,EC,1,Leave Start,,CAD,CAN,2022-06-24 15:00:00,CORE_HR
EVT00035001,2022-06-04,EMP02444,CC0035,AS,1,Lateral Deployment,,CAD,CA,2022-06-05 10:00:00,PAYROLL
EVT00034402,2022-06-07,EMP04306,CC0016,EC,3,Step Increment,98890.92,CAD,CAN,2022-06-08 13:00:00,CORE_HR
EVT00035203,2022-06-20,EMP04327,CC0107,IT,1,Performance Pay,8181.09,CAD,CA,2022-06-22 05:00:00,PAYROLL
EVT00035153,2022-06-02,EMP00958,CC0036,AS,4,Performance Pay,8234.99,CAD,CAN,2022-06-03 08:00:00,CORE_HR
EVT00035652,2022-06-18,EMP04901,CC0062,PA,1,Leave Start,,CAD,CAN,2022-06-18 15:00:00,CORE_HR
EVT00034879,2022-06-12,EMP00293,CC0037,IT,2,Departure,,CAD,CA,2022-06-12 09:00:00,PAYROLL
EVT00035500,2022-06-04,EMP04526,CC0096,PA,2,Step Increment,69650.84,CAD,CAN,2022-06-05 09:00:00,CORE_HR
EVT00034198,2022-06-11,EMP03086,CC0058,AS,5,Step Increment,77067.93,CAD,CAN,2022-06-12 11:00:00,CORE_HR
EVT00035613,2022-06-27,EMP04517,CC0080,PA,1,Leave Start,,INR,IND,2022-06-28 15:00:00,CORE_HR
EVT00033830,2022-06-02,EMP04187,CC0030,PA,2,Leave Start,,SGD,SGP,2022-06-03 13:00:00,CORE_HR
EVT00035459,2022-06-13,EMP03433,CC0061,FI,5,Leave Start,,CAD,CAN,2022-06-14 05:00:00,CORE_HR
EVT00033948,2022-06-18,EMP04171,CC0120,IT,2,Leave Start,,CAD,CAN,2022-06-19 01:00:00,CORE_HR
EVT00035190,2022-06-20,EMP00335,CC0014,CR,2,Step Increment,62041.18,CAD,CA,2022-06-21 04:00:00,PAYROLL
EVT00034726,2022-06-22,EMP00810,CC0074,CR,1,Leave Start,,USD,USA,2022-06-22 12:00:00,CORE_HR
EVT00034717,2022-06-16,EMP03784,CC0031,EC,2,Promotion,63344.43,USD,USA,2022-06-17 15:00:00,CORE_HR
EVT00033919,2022-06-16,EMP00823,CC0073,EC,2,Leave Start,,CAD,CAN,2022-06-16 19:00:00,CORE_HR
EVT00034785,2022-06-22,EMP04123,CC0017,PA,5,Leave Return,,CAD,CA,2022-06-23 11:00:00,PAYROLL
EVT00034022,2022-06-12,EMP03201,CC0113,CR,3,Leave Return,,CAD,CAN,2022-06-12 20:00:00,CORE_HR
EVT00035010,2022-06-01,EMP01365,CC0086,EX,1,Step Increment,103522.78,EUR,FRA,2022-06-01 22:00:00,CORE_HR
EVT00034893,2022-06-08,EMP03402,CC0113,EN,1,Step Increment,86483.79,CAD,CA,2022-06-09 11:00:00,PAYROLL
EVT00035176,2022-06-25,EMP00925,CC0100,EN,1,Performance Pay,5484.4,CAD,CA,2022-06-26 01:00:00,PAYROLL
EVT00034479,2022-06-09,EMP01738,CC0082,PA,2,Performance Pay,4590.24,CAD,CAN,2022-06-10 02:00:00,CORE_HR
EVT00034103,2022-06-03,EMP00316,CC0007,EX,1,Leave Start,,JPY,JPN,2022-06-03 18:00:00,CORE_HR
EVT00035235,2022-06-12,EMP01855,CC0092,PA,3,Step Increment,63012.69,CAD,CAN,2022-06-13 07:00:00,CORE_HR
EVT00035264,2022-06-08,EMP00448,CC0004,CR,3,Lateral Deployment,,CAD,CAN,2022-06-09 07:00:00,CORE_HR
EVT00034370,2022-06-20,EMP02072,CC0090,PA,2,Performance Pay,5229.86,CAD,CA,2022-06-20 22:00:00,PAYROLL
EVT00035553,2022-06-07,EMP00228,CC0053,PA,1,Leave Return,,CAD,CAN,2022-06-08 07:00:00,CORE_HR
EVT00034913,2022-06-21,EMP02861,CC0070,EC,3,Leave Start,,CAD,CAN,2022-06-22 01:00:00,CORE_HR
EVT00035625,2022-06-21,EMP01066,CC0112,FI,2,Step Increment,61360.0,CAD,CA,2022-06-21 17:00:00,PAYROLL
EVT00035604,2022-06-22,EMP04300,CC0040,PA,3,Lateral Deployment,,CAD,CA,2022-06-22 09:00:00,PAYROLL
EVT00034184,2022-06-20,EMP01761,CC0025,CR,3,Hire,62647.97,CAD,CAN,2022-06-21 11:00:00,CORE_HR
EVT00034163,2022-06-25,EMP01289,CC0090,CR,3,Step Increment,64400.63,CAD,CA,2022-06-26 14:00:00,PAYROLL
EVT00034799,2022-06-07,EMP04407,CC0029,PA,2,Performance Pay,394790.81,INR,IND,2022-06-08 05:00:00,CORE_HR
EVT00034923,2022-06-25,EMP02073,CC0077,FI,2,Performance Pay,9726.51,CAD,CA,2022-06-25 12:00:00,PAYROLL
EVT00034842,2022-06-14,EMP03860,CC0113,EC,1,Leave Start,,CAD,CA,2022-06-15 02:00:00,PAYROLL
EVT00034786,2022-06-23,EMP04087,CC0061,CR,5,Leave Start,,CAD,CAN,2022-06-24 13:00:00,CORE_HR
EVT00035294,2022-06-14,EMP03022,CC0120,IT,2,Leave Return,,CAD,CAN,2022-06-14 19:00:00,CORE_HR
EVT00035113,2022-06-01,EMP01126,CC0090,IT,1,Lateral Deployment,,CAD,CAN,2022-06-01 21:00:00,CORE_HR
EVT00035516,2022-06-14,EMP03020,CC0110,EN,1,Step Increment,73787.52,CAD,CAN,2022-06-15 02:00:00,CORE_HR
EVT00035355,2022-06-01,EMP04373,CC0032,PA,1,Step Increment,64468.07,CAD,CAN,2022-06-01 06:00:00,CORE_HR
EVT00035570,2022-06-09,EMP02540,CC0064,PA,3,Departure,,CAD,CAN,2022-06-09 07:00:00,CORE_HR
EVT00034855,2022-06-14,EMP03194,CC0091,CR,1,Promotion,53451.6,CAD,CA,2022-06-14 15:00:00,PAYROLL
EVT00034974,2022-06-19,EMP02492,CC0089,PA,2,Step Increment,73031.74,CAD,CAN,2022-06-20 01:00:00,CORE_HR
EVT00035172,2022-06-02,EMP01418,CC0061,PA,1,Lateral Deployment,,CAD,CAN,2022-06-02 21:00:00,CORE_HR
EVT00034367,2022-06-09,EMP02863,CC0071,PA,3,Step Increment,83204.78,CAD,CAN,2022-06-09 08:00:00,CORE_HR
EVT00035524,2022-06-03,EMP02319,CC0048,PA,3,Performance Pay,5647.02,CAD,CA,2022-06-04 02:00:00,PAYROLL
EVT00033984,2022-06-25,EMP02304,CC0050,IT,1,Leave Return,,CAD,CA,2022-06-25 09:00:00,PAYROLL
EVT00034049,2022-06-25,EMP00779,CC0104,EC,2,Performance Pay,7221.76,CAD,CAN,2022-06-25 20:00:00,CORE_HR
EVT00034620,2022-06-03,EMP04681,CC0050,FI,1,Leave Start,,CAD,CA,2022-06-04 06:00:00,PAYROLL
EVT00035366,2022-06-03,EMP01975,CC0050,AS,4,Leave Start,,CAD,CA,2022-06-04 15:00:00,PAYROLL
EVT00034154,2022-06-19,EMP00624,CC0030,IT,2,Step Increment,1048765.49,MXN,MX,2022-06-20 01:00:00,PAYROLL
EVT00034149,2022-06-22,EMP04196,CC0065,EC,2,Hire,104508.59,AUD,AU,2022-06-22 13:00:00,PAYROLL
EVT00034744,2022-06-05,EMP04591,CC0099,EX,1,Step Increment,145672.37,CAD,CAN,2022-06-06 11:00:00,CORE_HR
EVT00034097,2022-06-24,EMP00173,CC0084,PA,1,Departure,,CAD,CAN,2022-06-25 11:00:00,CORE_HR
EVT00034749,2022-06-02,EMP01069,CC0116,EC,3,Leave Start,,CAD,CAN,2022-06-02 06:00:00,CORE_HR
EVT00035534,2022-06-13,EMP00316,CC0007,EX,1,Leave Return,,BRL,BRA,2022-06-13 22:00:00,CORE_HR
EVT00033758,2022-06-23,EMP02115,CC0080,EC,4,Step Increment,13315677.14,KES,KEN,2022-06-24 02:00:00,CORE_HR
EVT00035634,2022-06-04,EMP00152,CC0057,FI,4,Hire,95184.33,CAD,CAN,2022-06-04 06:00:00,CORE_HR
EVT00033865,2022-06-09,EMP04366,CC0063,EC,1,Departure,,CAD,CAN,2022-06-10 04:00:00,CORE_HR
EVT00034468,2022-06-26,EMP02683,CC0053,PA,5,Performance Pay,13440.44,CAD,CAN,2022-06-26 11:00:00,CORE_HR
EVT00034386,2022-06-03,EMP03703,CC0117,FI,1,Leave Return,,CAD,CA,2022-06-04 08:00:00,PAYROLL
EVT00034383,2022-06-09,EMP01822,CC0060,FI,1,Step Increment,65292.13,CAD,CAN,2022-06-09 16:00:00,CORE_HR
EVT00035016,2022-06-24,EMP01308,CC0013,EC,1,Step Increment,55111.97,CAD,CA,2022-06-24 20:00:00,PAYROLL
EVT00034284,2022-06-17,EMP00563,CC0053,IT,1,Hire,64359.54,CAD,CAN,2022-06-18 12:00:00,CORE_HR
EVT00035407,2022-06-24,EMP03036,CC0114,PA,1,Leave Start,,CAD,CAN,2022-06-24 14:00:00,CORE_HR
EVT00035270,2022-06-08,EMP03748,CC0107,PA,5,Leave Start,,CAD,CA,2022-06-08 15:00:00,PAYROLL
EVT00035174,2022-06-14,EMP00949,CC0016,EC,2,Step Increment,92366.58,CAD,CA,2022-06-15 01:00:00,PAYROLL
EVT00035501,2022-06-17,EMP03759,CC0025,EC,2,Leave Start,,CAD,CAN,2022-06-17 06:00:00,CORE_HR
EVT00035306,2022-06-26,EMP01475,CC0105,CR,3,Step Increment,257863.7,BRL,BRA,2022-06-26 14:00:00,CORE_HR
EVT00034444,2022-06-23,EMP02305,CC0068,EC,1,Step Increment,70699.4,CAD,CAN,2022-06-23 16:00:00,CORE_HR
EVT00035607,2022-06-27,EMP02626,CC0033,CR,2,Performance Pay,6498.05,CAD,CA,2022-06-28 03:00:00,PAYROLL
EVT00034249,2022-06-17,EMP04162,CC0062,IT,4,Leave Start,,CAD,CA,2022-06-17 14:00:00,PAYROLL
EVT00033816,2022-06-21,EMP02280,CC0052,FI,2,Performance Pay,5773.12,CAD,CAN,2022-06-21 06:00:00,CORE_HR
EVT00034422,2022-06-24,EMP04092,CC0092,EN,3,Step Increment,105923.12,CAD,CAN,2022-06-25 03:00:00,CORE_HR
EVT00035028,2022-06-08,EMP03715,CC0023,PA,1,Step Increment,55659.73,CAD,CAN,2022-06-08 11:00:00,CORE_HR
EVT00034544,2022-06-13,EMP01785,CC0046,IT,1,Step Increment,167304.8,AED,ARE,2022-06-13 17:00:00,CORE_HR
EVT00034883,2022-06-22,EMP03200,CC0070,EN,1,Performance Pay,8070.64,CAD,CAN,2022-06-22 09:00:00,CORE_HR
EVT00034297,2022-06-27,EMP01414,CC0001,EN,1,Leave Start,,CAD,CAN,2022-06-28 01:00:00,CORE_HR
EVT00033798,2022-06-26,EMP03584,CC0088,AS,1,Step Increment,65346.97,AUD,AU,2022-06-26 06:00:00,PAYROLL
EVT00034588,2022-06-17,EMP00483,CC0091,EC,3,Promotion,100724.91,CAD,CAN,2022-06-17 19:00:00,CORE_HR
EVT00035240,2022-06-19,EMP02164,CC0080,PA,2,Departure,,BRL,BR,2022-06-19 17:00:00,PAYROLL
EVT00033777,2022-06-23,EMP04332,CC0027,PA,4,Departure,,CAD,CAN,2022-06-24 11:00:00,CORE_HR
EVT00035344,2022-06-26,EMP00259,CC0094,EC,2,Step Increment,80095.64,CAD,CAN,2022-06-27 13:00:00,CORE_HR
EVT00034731,2022-06-01,EMP03523,CC0014,AS,1,Lateral Deployment,,CAD,CAN,2022-06-01 16:00:00,CORE_HR
EVT00035526,2022-06-17,EMP01772,CC0074,FI,1,Leave Return,,USD,USA,2022-06-18 10:00:00,CORE_HR
EVT00035115,2022-06-08,EMP01306,CC0036,PA,5,Leave Return,,CAD,CAN,2022-06-08 07:00:00,CORE_HR
EVT00034671,2022-06-04,EMP02556,CC0104,AS,3,Leave Start,,CAD,CAN,2022-06-04 17:00:00,CORE_HR
EVT00035192,2022-06-09,EMP04423,CC0081,PA,1,Departure,,CAD,CAN,2022-06-09 06:00:00,CORE_HR
EVT00034658,2022-06-23,EMP03414,CC0093,IT,1,Leave Return,,CAD,CAN,2022-06-23 19:00:00,CORE_HR
EVT00033822,2022-06-17,EMP00934,CC0025,CR,2,Leave Return,,CAD,CA,2022-06-17 10:00:00,PAYROLL
EVT00035646,2022-06-04,EMP03725,CC0008,AS,5,Lateral Deployment,,CAD,CAN,2022-06-04 22:00:00,CORE_HR
EVT00034428,2022-06-10,EMP04394,CC0045,IT,1,Hire,81047.12,CAD,CAN,2022-06-10 17:00:00,CORE_HR
EVT00034164,2022-06-09,EMP02644,CC0100,EC,2,Step Increment,84258.12,CAD,CA,2022-06-09 12:00:00,PAYROLL
EVT00035426,2022-06-04,EMP04837,CC0005,AS,5,Performance Pay,8164.08,CAD,CAN,2022-06-05 01:00:00,CORE_HR
EVT00035109,2022-06-05,EMP01073,CC0019,PA,2,Departure,,CAD,CA,2022-06-05 17:00:00,PAYROLL
EVT00035272,2022-06-18,EMP03272,CC0074,EC,1,Step Increment,270869.11,BRL,BRA,2022-06-19 13:00:00,CORE_HR
EVT00034562,2022-06-11,EMP04833,CC0023,IT,3,Step Increment,108875.85,CAD,CAN,2022-06-11 21:00:00,CORE_HR
EVT00035175,2022-06-18,EMP01774,CC0110,EN,3,Lateral Deployment,,CAD,CA,2022-06-19 13:00:00,PAYROLL
EVT00034276,2022-06-06,EMP00290,CC0021,EX,1,Step Increment,128922.84,CAD,CA,2022-06-06 13:00:00,PAYROLL
EVT00035232,2022-06-10,EMP04568,CC0052,FI,4,Promotion,95176.18,CAD,CAN,2022-06-11 15:00:00,CORE_HR
EVT00035505,2022-06-09,EMP00489,CC0066,PA,1,Leave Start,,CAD,CA,2022-06-10 04:00:00,PAYROLL
EVT00034596,2022-06-08,EMP03706,CC0050,EX,1,Leave Start,,CAD,CAN,2022-06-09 05:00:00,CORE_HR
EVT00035102,2022-06-26,EMP00703,CC0078,CR,1,Lateral Deployment,,CAD,CAN,2022-06-26 21:00:00,CORE_HR
EVT00034432,2022-06-17,EMP03292,CC0047,FI,4,Performance Pay,13168.62,CAD,CAN,2022-06-17 20:00:00,CORE_HR
EVT00034325,2022-06-20,EMP02599,CC0087,PA,1,Step Increment,59975.22,CAD,CAN,2022-06-21 09:00:00,CORE_HR
EVT00034281,2022-06-03,EMP04676,CC0098,IT,1,Leave Start,,CAD,CA,2022-06-04 01:00:00,PAYROLL
EVT00034649,2022-06-17,EMP00759,CC0047,FI,2,Leave Start,,CAD,CAN,2022-06-17 19:00:00,CORE_HR
EVT00035615,2022-06-27,EMP02522,CC0013,CR,3,Step Increment,65760.79,CAD,CAN,2022-06-28 02:00:00,CORE_HR
EVT00034806,2022-06-17,EMP00933,CC0053,PA,2,Leave Return,,CAD,CAN,2022-06-18 10:00:00,CORE_HR
EVT00035525,2022-06-07,EMP03701,CC0069,AS,3,Step Increment,68525.11,CAD,CA,2022-06-07 21:00:00,PAYROLL
EVT00035588,2022-06-26,EMP02367,CC0109,IT,2,Promotion,96511.69,CAD,CAN,2022-06-26 22:00:00,CORE_HR
EVT00034715,2022-06-26,EMP02243,CC0017,EX,1,Promotion,131463.21,CAD,CAN,2022-06-26 10:00:00,CORE_HR
EVT00035221,2022-06-17,EMP03584,CC0088,AS,1,Step Increment,46706.09,SGD,SG,2022-06-17 10:00:00,PAYROLL
EVT00035574,2022-06-25,EMP03908,CC0026,EN,2,Step Increment,118017.47,CAD,CA,2022-06-25 19:00:00,PAYROLL
EVT00033862,2022-06-11,EMP04811,CC0071,PA,3,Hire,86689.32,CAD,CA,2022-06-11 16:00:00,PAYROLL
EVT00033863,2022-06-10,EMP03689,CC0019,EC,4,Hire,102226.48,CAD,CAN,2022-06-10 06:00:00,CORE_HR
EVT00033827,2022-06-08,EMP04693,CC0007,FI,2,Step Increment,291113.52,BRL,BR,2022-06-09 13:00:00,PAYROLL
EVT00035597,2022-06-08,EMP02120,CC0008,IT,4,Step Increment,109821.92,CAD,CAN,2022-06-09 10:00:00,CORE_HR
EVT00034496,2022-06-05,EMP03554,CC0048,CR,3,Step Increment,63937.6,CAD,CA,2022-06-05 14:00:00,PAYROLL
EVT00034951,2022-06-25,EMP01022,CC0111,CR,1,Step Increment,5283694.46,KES,KE,2022-06-26 08:00:00,PAYROLL
EVT00034503,2022-06-19,EMP03919,CC0083,PA,4,Promotion,70328.24,CAD,CAN,2022-06-20 05:00:00,CORE_HR
EVT00034873,2022-06-02,EMP02920,CC0006,AS,3,Step Increment,72845.85,CAD,CAN,2022-06-02 15:00:00,CORE_HR
EVT00035087,2022-06-26,EMP02240,CC0057,AS,3,Lateral Deployment,,CAD,CAN,2022-06-26 13:00:00,CORE_HR
EVT00034933,2022-06-18,EMP00879,CC0118,PA,3,Performance Pay,10455.03,CAD,CAN,2022-06-18 12:00:00,CORE_HR
EVT00034280,2022-06-17,EMP00754,CC0079,EX,1,Performance Pay,8264.15,CAD,CAN,2022-06-17 20:00:00,CORE_HR
EVT00034672,2022-06-04,EMP02691,CC0051,AS,2,Leave Start,,CAD,CAN,2022-06-04 18:00:00,CORE_HR
EVT00034542,2022-06-08,EMP01296,CC0001,EN,3,Leave Start,,CAD,CA,2022-06-08 18:00:00,PAYROLL
EVT00034035,2022-06-17,EMP04846,CC0033,PA,2,Leave Return,,CAD,CAN,2022-06-17 19:00:00,CORE_HR
EVT00034536,2022-06-16,EMP04489,CC0064,IT,2,Hire,87165.95,CAD,CAN,2022-06-17 20:00:00,CORE_HR
EVT00035544,2022-06-12,EMP01576,CC0101,FI,2,Leave Start,,CAD,CA,2022-06-13 13:00:00,PAYROLL
EVT00035199,2022-06-09,EMP01462,CC0068,PA,1,Step Increment,60276.95,CAD,CA,2022-06-11 17:00:00,PAYROLL
EVT00034837,2022-06-11,EMP04730,CC0082,EN,4,Step Increment,112772.61,CAD,CAN,2022-06-11 10:00:00,CORE_HR
EVT00034373,2022-06-03,EMP02293,CC0109,PA,1,Step Increment,58457.27,CAD,CA,2022-06-03 21:00:00,PAYROLL
EVT00034265,2022-06-14,EMP04834,CC0093,FI,4,Step Increment,113583.0,CAD,CA,2022-06-15 01:00:00,PAYROLL
EVT00034629,2022-06-08,EMP02788,CC0118,PA,1,Leave Return,,CAD,CAN,2022-06-08 23:00:00,CORE_HR
EVT00035501,2022-06-17,EMP03759,CC0025,EC,2,Leave Start,,CAD,CAN,2022-06-18 13:00:00,CORE_HR
EVT00034969,2022-06-26,EMP02198,CC0077,PA,1,Leave Return,,CAD,CA,2022-06-27 01:00:00,PAYROLL
EVT00035161,2022-06-16,EMP03006,CC0099,IT,2,Performance Pay,13020.73,CAD,CAN,2022-06-17 00:00:00,CORE_HR
EVT00034218,2022-06-10,EMP04595,CC0094,IT,4,Lateral Deployment,,CAD,CAN,2022-06-10 20:00:00,CORE_HR
EVT00034130,2022-06-05,EMP00375,CC0083,PA,1,Step Increment,55248.95,CAD,CA,2022-06-05 15:00:00,PAYROLL
EVT00033946,2022-06-17,EMP01996,CC0027,PA,1,Leave Return,,CAD,CA,2022-06-18 14:00:00,PAYROLL
EVT00034185,2022-06-17,EMP00674,CC0026,EC,5,Hire,104745.38,CAD,CAN,2022-06-17 13:00:00,CORE_HR
EVT00034828,2022-06-02,EMP03049,CC0034,CR,3,Step Increment,69082.13,CAD,CAN,2022-06-02 16:00:00,CORE_HR
EVT00035065,2022-06-12,EMP04339,CC0114,PA,4,Step Increment,85571.7,CAD,CA,2022-06-13 10:00:00,PAYROLL
EVT00035418,2022-06-13,EMP02388,CC0052,PA,1,Step Increment,55749.24,CAD,CAN,2022-06-14 10:00:00,CORE_HR
EVT00034175,2022-06-27,EMP02413,CC0093,EX,1,Performance Pay,11698.66,CAD,CA,2022-06-28 04:00:00,PAYROLL
EVT00035285,2022-06-10,EMP00156,CC0011,IT,3,Step Increment,87989.16,CAD,CAN,2022-06-11 13:00:00,CORE_HR
EVT00034151,2022-06-20,EMP00894,CC0058,EN,1,Leave Start,,CAD,CAN,2022-06-21 12:00:00,CORE_HR
EVT00034980,2022-06-08,EMP03748,CC0107,PA,5,Hire,93035.91,CAD,CAN,2022-06-09 02:00:00,CORE_HR
EVT00034815,2022-06-26,EMP02240,CC0057,AS,3,Departure,,CAD,CAN,2022-06-26 21:00:00,CORE_HR
EVT00034248,2022-06-25,EMP00044,CC0011,CR,3,Leave Start,,CAD,CA,2022-06-26 08:00:00,PAYROLL
EVT00035614,2022-06-04,EMP04129,CC0055,PA,5,Step Increment,124849.66,CAD,CA,2022-06-05 06:00:00,PAYROLL
EVT00034985,2022-06-03,EMP00344,CC0024,CR,1,Performance Pay,2639.17,CAD,CAN,2022-06-04 13:00:00,CORE_HR
EVT00034735,2022-06-10,EMP02586,CC0009,EN,2,Step Increment,67687.63,USD,USA,2022-06-11 10:00:00,CORE_HR
EVT00035276,2022-06-23,EMP01195,CC0108,PA,1,Performance Pay,314339.28,JPY,JPN,2022-06-23 06:00:00,CORE_HR
EVT00034646,2022-06-21,EMP02622,CC0019,PA,1,Departure,,CAD,CA,2022-06-22 04:00:00,PAYROLL
EVT00033872,2022-06-03,EMP02289,CC0043,AS,5,Leave Return,,CAD,CA,2022-06-03 19:00:00,PAYROLL
EVT00034746,2022-06-10,EMP00004,CC0101,EC,3,Leave Start,,CAD,CA,2022-06-10 15:00:00,PAYROLL
EVT00035566,2022-06-22,EMP01993,CC0111,FI,2,Performance Pay,7083.88,SGD,SG,2022-06-23 07:00:00,PAYROLL
EVT00034674,2022-06-06,EMP00672,CC0038,EN,2,Step Increment,81173.79,CAD,CAN,2022-06-07 02:00:00,CORE_HR
EVT00035504,2022-06-08,EMP01873,CC0012,IT,3,Leave Start,,CAD,CA,2022-06-08 12:00:00,PAYROLL
EVT00035339,2022-06-01,EMP04699,CC0069,IT,3,Leave Start,,CAD,CAN,2022-06-01 09:00:00,CORE_HR
EVT00034766,2022-06-01,EMP01136,CC0106,IT,2,Lateral Deployment,,CAD,CAN,2022-06-02 09:00:00,CORE_HR
EVT00034282,2022-06-10,EMP03823,CC0088,CR,1,Departure,,INR,IND,2022-06-10 16:00:00,CORE_HR
EVT00035475,2022-06-03,EMP01420,CC0012,EN,2,Leave Return,,CAD,CAN,2022-06-03 18:00:00,CORE_HR
EVT00035612,2022-06-26,EMP01318,CC0101,PA,2,Step Increment,68223.08,CAD,CAN,2022-06-26 12:00:00,CORE_HR
EVT00034174,2022-06-24,EMP03189,CC0021,PA,3,Leave Return,,CAD,CA,2022-06-25 12:00:00,PAYROLL
EVT00035142,2022-06-13,EMP03012,CC0014,AS,3,Leave Return,,CAD,CA,2022-06-14 14:00:00,PAYROLL
EVT00034189,2022-06-18,EMP02377,CC0056,FI,4,Lateral Deployment,,CAD,CAN,2022-06-18 08:00:00,CORE_HR
EVT00034728,2022-06-24,EMP01217,CC0005,IT,2,Step Increment,90603.32,CAD,CA,2022-06-24 07:00:00,PAYROLL
EVT00034938,2022-06-10,EMP03855,CC0008,EN,1,Promotion,81933.59,CAD,CAN,2022-06-10 15:00:00,CORE_HR
EVT00033803,2022-06-13,EMP04314,CC0019,EN,1,Leave Return,,CAD,CAN,2022-06-13 09:00:00,CORE_HR
EVT00035129,2022-06-14,EMP04445,CC0098,AS,2,Lateral Deployment,,CAD,CAN,2022-06-14 11:00:00,CORE_HR
EVT00033887,2022-06-03,EMP00329,CC0086,IT,2,Step Increment,1032675.37,MXN,MEX,2022-06-03 14:00:00,CORE_HR
EVT00035329,2022-06-17,EMP01065,CC0103,PA,2,Step Increment,73520.8,CAD,CA,2022-06-17 09:00:00,PAYROLL
EVT00034634,2022-06-16,EMP02348,CC0100,IT,4,Promotion,125617.23,CAD,CAN,2022-06-17 11:00:00,CORE_HR
EVT00034987,2022-06-14,EMP03409,CC0086,CR,3,Step Increment,49950.63,EUR,DEU,2022-06-17 10:00:00,CORE_HR
EVT00034539,2022-06-19,EMP04737,CC0048,PA,2,Lateral Deployment,,CAD,CAN,2022-06-19 20:00:00,CORE_HR
EVT00034570,2022-06-26,EMP03174,CC0064,AS,4,Leave Return,,CAD,CAN,2022-06-27 10:00:00,CORE_HR
EVT00035583,2022-06-04,EMP00069,CC0099,AS,1,Leave Start,,CAD,CA,2022-06-04 13:00:00,PAYROLL
EVT00034211,2022-06-19,EMP04574,CC0073,PA,1,Leave Start,,CAD,CAN,2022-06-20 05:00:00,CORE_HR
EVT00034178,2022-06-19,EMP02308,CC0071,EC,4,Performance Pay,5323.89,CAD,CAN,2022-06-19 15:00:00,CORE_HR
EVT00034419,2022-06-03,EMP02278,CC0072,AS,4,Leave Return,,CAD,CA,2022-06-04 08:00:00,PAYROLL
EVT00035048,2022-06-23,EMP04946,CC0102,PA,3,Performance Pay,3621.02,CAD,CAN,2022-06-24 09:00:00,CORE_HR
EVT00033880,2022-06-19,EMP02887,CC0033,EC,2,Leave Return,,CAD,CA,2022-06-19 23:00:00,PAYROLL
EVT00034227,2022-06-19,EMP01264,CC0010,IT,2,Lateral Deployment,,CAD,CA,2022-06-19 13:00:00,PAYROLL
EVT00035477,2022-06-05,EMP03047,CC0036,EC,2,Step Increment,79285.99,CAD,CAN,2022-06-05 14:00:00,CORE_HR
EVT00035325,2022-06-08,EMP00529,CC0087,FI,4,Step Increment,80370.07,CAD,CA,2022-06-08 07:00:00,PAYROLL
EVT00033810,2022-06-15,EMP04813,CC0032,IT,2,Step Increment,90088.05,CAD,CA,2022-06-16 13:00:00,PAYROLL
EVT00034723,2022-06-27,EMP04028,CC0049,PA,1,Step Increment,5927868.88,JPY,JPN,2022-06-27 19:00:00,CORE_HR
EVT00034753,2022-06-05,EMP02766,CC0037,AS,4,Performance Pay,6851.51,CAD,CA,2022-06-05 09:00:00,PAYROLL
EVT00035231,2022-06-15,EMP04611,CC0119,PA,2,Step Increment,68294.43,CAD,CAN,2022-06-15 13:00:00,CORE_HR
EVT00034043,2022-06-26,EMP00791,CC0095,IT,2,Leave Return,,CAD,CAN,2022-06-27 10:00:00,CORE_HR
EVT00034482,2022-06-20,EMP00148,CC0005,EC,3,Step Increment,107655.91,CAD,CA,2022-06-20 16:00:00,PAYROLL
EVT00034935,2022-06-25,EMP01702,CC0112,IT,1,Leave Return,,CAD,CAN,2022-06-26 10:00:00,CORE_HR
EVT00034415,2022-06-13,EMP00432,CC0027,EX,1,Lateral Deployment,,CAD,CAN,2022-06-14 09:00:00,CORE_HR
EVT00035152,2022-06-14,EMP01038,CC0035,EX,1,Leave Return,,CAD,CAN,2022-06-15 00:00:00,CORE_HR
EVT00035522,2022-06-26,EMP04383,CC0072,PA,3,Leave Return,,CAD,CA,2022-06-27 02:00:00,PAYROLL
EVT00034051,2022-06-22,EMP00525,CC0098,AS,1,Performance Pay,3044.94,CAD,CAN,2022-06-22 15:00:00,CORE_HR
EVT00034475,2022-06-11,EMP02188,CC0022,FI,3,Leave Return,,CAD,CAN,2022-06-11 16:00:00,CORE_HR
EVT00034521,2022-06-03,EMP01006,CC0036,EC,2,Performance Pay,11145.22,CAD,CAN,2022-06-04 10:00:00,CORE_HR
EVT00035019,2022-06-03,EMP02625,CC0031,EC,5,Lateral Deployment,,KES,KEN,2022-06-03 11:00:00,CORE_HR
EVT00033953,2022-06-04,EMP00527,CC0112,IT,3,Lateral Deployment,,CAD,CAN,2022-06-05 12:00:00,CORE_HR
EVT00034952,2022-06-23,EMP04582,CC0075,IT,3,Step Increment,112390.58,CAD,CAN,2022-06-24 03:00:00,CORE_HR
EVT00035029,2022-06-26,EMP02726,CC0041,PA,2,Step Increment,59781.27,CAD,CA,2022-06-29 02:00:00,PAYROLL
EVT00034101,2022-06-27,EMP00662,CC0063,EN,2,Lateral Deployment,,CAD,CAN,2022-06-28 04:00:00,CORE_HR
EVT00033952,2022-06-02,EMP03461,CC0084,AS,1,Performance Pay,3519.58,CAD,CAN,2022-06-02 23:00:00,CORE_HR
EVT00035519,2022-06-22,EMP03646,CC0109,CR,3,Lateral Deployment,,CAD,CAN,2022-06-23 02:00:00,CORE_HR
EVT00034818,2022-06-22,EMP00583,CC0043,AS,2,Performance Pay,8347.86,CAD,CA,2022-06-23 10:00:00,PAYROLL
EVT00035029,2022-06-26,EMP02726,CC0041,PA,2,Step Increment,59781.27,CAD,CA,2022-06-26 07:00:00,PAYROLL
EVT00035491,2022-06-20,EMP04892,CC0018,EC,4,Leave Return,,CAD,CA,2022-06-21 02:00:00,PAYROLL
EVT00035371,2022-06-20,EMP00801,CC0023,FI,1,Step Increment,73912.01,CAD,CA,2022-06-20 19:00:00,PAYROLL
EVT00034102,2022-06-17,EMP03294,CC0055,EN,4,Step Increment,114116.98,CAD,CAN,2022-06-18 06:00:00,CORE_HR
EVT00033842,2022-06-23,EMP01636,CC0071,EX,3,Step Increment,173282.22,CAD,CAN,2022-06-24 14:00:00,CORE_HR
EVT00034682,2022-06-14,EMP02780,CC0034,PA,2,Performance Pay,7616.5,CAD,CAN,2022-06-15 02:00:00,CORE_HR
EVT00034841,2022-06-25,EMP02443,CC0105,PA,3,Performance Pay,6723.17,EUR,DEU,2022-06-25 07:00:00,CORE_HR
EVT00033886,2022-06-07,EMP00362,CC0093,AS,1,Leave Return,,CAD,CAN,2022-06-07 19:00:00,CORE_HR
EVT00033819,2022-06-23,EMP03042,CC0097,AS,4,Leave Start,,CAD,CAN,2022-06-24 00:00:00,CORE_HR
EVT00034960,2022-06-04,EMP00271,CC0032,CR,3,Performance Pay,7640.58,CAD,CAN,2022-06-04 17:00:00,CORE_HR
EVT00034748,2022-06-01,EMP02527,CC0107,IT,3,Step Increment,101096.08,CAD,CA,2022-06-02 00:00:00,PAYROLL
EVT00034929,2022-06-01,EMP04484,CC0033,CR,3,Step Increment,62428.88,CAD,CAN,2022-06-02 01:00:00,CORE_HR
EVT00035327,2022-06-06,EMP01422,CC0099,IT,2,Performance Pay,12514.64,CAD,CAN,2022-06-06 17:00:00,CORE_HR
EVT00034124,2022-06-01,EMP02821,CC0083,EX,1,Performance Pay,13122.16,CAD,CA,2022-06-01 16:00:00,PAYROLL
EVT00034708,2022-06-24,EMP00427,CC0010,CR,1,Step Increment,37800.67,CAD,CA,2022-06-25 10:00:00,PAYROLL
EVT00034751,2022-06-08,EMP04424,CC0017,FI,2,Lateral Deployment,,CAD,CA,2022-06-09 02:00:00,PAYROLL
EVT00035642,2022-06-13,EMP02280,CC0052,FI,2,Leave Return,,CAD,CA,2022-06-14 15:00:00,PAYROLL
EVT00034493,2022-06-09,EMP02360,CC0025,EN,2,Leave Start,,CAD,CAN,2022-06-09 16:00:00,CORE_HR
EVT00034606,1900-01-01,EMP03317,CC0017,AS,4,Leave Start,,CAD,CA,2022-06-10 14:00:00,PAYROLL
EVT00034519,2022-06-21,EMP03771,CC0003,IT,4,Leave Return,,CAD,CAN,2022-06-21 20:00:00,CORE_HR
EVT00034301,2022-06-02,EMP02727,CC0104,PA,2,Performance Pay,7485.9,CAD,CAN,2022-06-02 10:00:00,CORE_HR
EVT00034271,2022-06-11,EMP03147,CC0074,EN,4,Step Increment,81500.15,EUR,FR,2022-06-12 11:00:00,PAYROLL
EVT00035411,2022-06-13,EMP02781,CC0053,PA,1,Leave Return,,CAD,CAN,2022-06-14 11:00:00,CORE_HR
EVT00033965,2022-06-21,EMP03606,CC0001,EN,1,Promotion,84437.79,CAD,CAN,2022-06-21 09:00:00,CORE_HR
EVT00035222,2022-06-26,EMP03749,CC0096,EN,1,Performance Pay,9156.32,CAD,CA,2022-06-27 05:00:00,PAYROLL
EVT00034492,2022-06-16,EMP02408,CC0012,IT,2,Step Increment,87085.69,CAD,CA,2022-06-16 22:00:00,PAYROLL
EVT00033955,2022-06-27,EMP02803,CC0088,FI,1,Step Increment,91687.94,AUD,AUS,2022-06-27 17:00:00,CORE_HR
EVT00035427,2022-06-21,EMP01629,CC0108,CR,2,Leave Start,,AED,ARE,2022-06-22 08:00:00,CORE_HR
EVT00034593,2022-06-27,EMP01306,CC0036,PA,5,Step Increment,92323.94,CAD,CAN,2022-06-28 07:00:00,CORE_HR
EVT00033923,2022-06-03,EMP00710,CC0071,AS,5,Departure,,CAD,CAN,2022-06-04 13:00:00,CORE_HR
EVT00034105,2022-06-27,EMP03798,CC0077,CR,2,Performance Pay,4886.93,CAD,CAN,2022-06-28 06:00:00,CORE_HR
EVT00035561,2022-06-08,EMP00680,CC0085,FI,5,Leave Start,,CAD,CAN,2022-06-08 23:00:00,CORE_HR
EVT00035554,2022-06-08,EMP03405,CC0049,AS,4,Performance Pay,6479.46,GBP,GBR,2022-06-09 04:00:00,CORE_HR
EVT00035512,2022-06-05,EMP00494,CC0113,EN,4,Leave Start,,CAD,CA,2022-06-07 03:00:00,PAYROLL
EVT00033771,2022-06-21,EMP03080,CC0034,IT,1,Step Increment,76349.79,CAD,CAN,2022-06-21 20:00:00,CORE_HR
EVT00034851,2022-06-02,EMP01714,CC0063,PA,3,Performance Pay,4739.11,CAD,CAN,2022-06-02 21:00:00,CORE_HR
EVT00034899,2022-06-15,EMP02644,CC0100,EC,2,Step Increment,87373.71,CAD,CAN,2022-06-16 15:00:00,CORE_HR
EVT00035380,2022-06-18,EMP03435,CC0021,IT,3,Leave Return,,CAD,CA,2022-06-18 07:00:00,PAYROLL
EVT00034957,2022-06-25,EMP01055,CC0115,AS,3,Leave Start,,CAD,CA,2022-06-26 04:00:00,PAYROLL
EVT00034440,2022-06-27,EMP00845,CC0052,PA,2,Step Increment,69184.26,CAD,CA,2022-06-28 07:00:00,PAYROLL
EVT00033888,2022-06-17,EMP03466,CC0012,IT,5,Promotion,139820.56,CAD,CA,2022-06-18 01:00:00,PAYROLL
EVT00035228,2022-06-20,EMP01748,CC0095,IT,3,Leave Start,,CAD,CAN,2022-06-20 10:00:00,CORE_HR
EVT00034090,2022-06-10,EMP01482,CC0029,CR,1,Step Increment,3092969.86,INR,IND,2022-06-10 11:00:00,CORE_HR
EVT00034072,2022-06-17,EMP04842,CC0055,PA,1,Lateral Deployment,,CAD,CAN,2022-06-17 12:00:00,CORE_HR
EVT00034261,2022-06-05,EMP02795,CC0031,PA,2,Step Increment,7854327.93,JPY,JPN,2022-06-06 04:00:00,CORE_HR
EVT00035025,2022-06-24,EMP04929,CC0073,EN,2,Step Increment,98032.76,CAD,CAN,2022-06-25 12:00:00,CORE_HR
EVT00035429,2022-06-19,EMP04235,CC0006,IT,1,Leave Start,,CAD,CAN,2022-06-19 22:00:00,CORE_HR
EVT00035185,2022-06-07,EMP03767,CC0014,IT,3,Step Increment,90400.17,CAD,CAN,2022-06-07 18:00:00,CORE_HR
EVT00035531,2022-06-09,EMP03523,CC0014,AS,1,Step Increment,44464.18,CAD,CA,2022-06-10 09:00:00,PAYROLL
EVT00034166,2022-06-18,EMP00502,CC0076,AS,3,Lateral Deployment,,CAD,CAN,2022-06-18 18:00:00,CORE_HR
EVT00034932,2022-06-13,EMP01267,CC0012,EC,4,Step Increment,117695.27,CAD,CA,2022-06-14 02:00:00,PAYROLL
EVT00035415,2022-06-14,EMP01344,CC0040,AS,3,Step Increment,66129.04,CAD,CAN,2022-06-15 04:00:00,CORE_HR
EVT00035081,2022-06-09,EMP04185,CC0020,AS,3,Leave Start,,CAD,CA,2022-06-10 08:00:00,PAYROLL
EVT00035254,2022-06-25,EMP04154,CC0029,EX,2,Leave Start,,MXN,MEX,2022-06-26 04:00:00,CORE_HR
EVT00034247,2022-06-25,EMP03871,CC0014,PA,1,Leave Return,,CAD,CA,2022-06-25 23:00:00,PAYROLL
EVT00034406,2022-06-18,EMP01856,CC0029,IT,1,Leave Start,,JPY,JPN,2022-06-18 23:00:00,CORE_HR
EVT00034977,2022-06-26,EMP01103,CC0101,EN,2,Promotion,96051.15,XXX,CAN,2022-06-27 03:00:00,CORE_HR
EVT00034091,2022-06-05,EMP01143,CC0079,IT,3,Leave Start,,CAD,CAN,2022-06-05 15:00:00,CORE_HR
EVT00034488,2022-06-13,EMP03884,CC0109,EX,2,Lateral Deployment,,CAD,CA,2022-06-13 10:00:00,PAYROLL
EVT00035300,2022-06-27,EMP02925,CC0021,PA,4,Lateral Deployment,,CAD,CAN,2022-06-28 04:00:00,CORE_HR
EVT00034010,2022-06-07,EMP04577,CC0064,EC,2,Leave Return,,CAD,CAN,2022-06-08 08:00:00,CORE_HR
EVT00035157,2022-06-15,EMP04208,CC0112,EX,1,Leave Start,,CAD,CAN,2022-06-15 12:00:00,CORE_HR
EVT00035550,2022-06-18,EMP01990,CC0096,CR,2,Step Increment,49833.12,CAD,CAN,2022-06-18 09:00:00,CORE_HR
EVT00035253,2022-06-16,EMP03271,CC0011,PA,3,Step Increment,73921.76,CAD,CA,2022-06-17 17:00:00,PAYROLL
EVT00034605,2022-06-24,EMP02051,CC0083,FI,2,Step Increment,76268.2,CAD,CA,2022-06-24 23:00:00,PAYROLL
EVT00034635,2022-06-09,EMP03113,CC0006,PA,2,Departure,,CAD,CAN,2022-06-09 23:00:00,CORE_HR
EVT00034638,2022-06-14,EMP02219,CC0063,EX,1,Lateral Deployment,,CAD,CA,2022-06-14 14:00:00,PAYROLL
EVT00034677,2022-06-13,EMP01371,CC0041,EN,3,Leave Return,,CAD,CAN,2022-06-13 17:00:00,CORE_HR
EVT00033812,2022-06-01,EMP02248,CC0036,PA,2,Step Increment,57112.99,CAD,CA,2022-06-02 04:00:00,PAYROLL
EVT00034133,2022-06-15,EMP03334,CC0087,AS,2,Performance Pay,7782.63,CAD,CAN,2022-06-16 14:00:00,CORE_HR
EVT00034395,2022-06-10,EMP00835,CC0009,PA,2,Step Increment,4062688.02,INR,IND,2022-06-11 14:00:00,CORE_HR
EVT00035523,2022-06-07,EMP03391,CC0029,PA,3,Leave Return,,SGD,SGP,2022-06-08 07:00:00,CORE_HR
EVT00034939,2022-06-11,EMP04672,CC0008,AS,4,Step Increment,75363.84,CAD,CAN,2022-06-11 21:00:00,CORE_HR
EVT00034067,2022-06-23,EMP00761,CC0055,CR,2,Step Increment,45920.83,CAD,CA,2022-06-23 22:00:00,PAYROLL
EVT00034883,2022-06-22,EMP03200,CC0070,EN,1,Performance Pay,8070.64,CAD,CAN,2022-06-22 14:00:00,CORE_HR
EVT00035474,2022-06-05,EMP01435,CC0008,EN,2,Departure,,CAD,CA,2022-06-06 04:00:00,PAYROLL
EVT00033813,2022-06-24,EMP03142,CC0056,EX,1,Step Increment,122094.05,CAD,CAN,2022-06-24 17:00:00,CORE_HR
EVT00034027,2022-06-01,EMP04923,CC0020,PA,2,Step Increment,53326.05,CAD,CA,2022-06-02 02:00:00,PAYROLL
EVT00035594,2022-06-15,EMP02076,CC0034,PA,1,Leave Return,,CAD,CAN,2022-06-16 14:00:00,CORE_HR
EVT00034852,2022-06-16,EMP02273,CC0059,FI,5,Leave Start,,CAD,CAN,2022-06-17 12:00:00,CORE_HR
EVT00034964,2022-06-20,EMP03063,CC0065,PA,2,Lateral Deployment,,GBP,GBR,2022-06-21 00:00:00,CORE_HR
EVT00035349,2022-06-23,EMP04541,CC0113,FI,2,Leave Return,,CAD,CAN,2022-06-23 10:00:00,CORE_HR
EVT00034266,2022-06-10,EMP02727,CC0104,PA,2,Performance Pay,6484.36,CAD,CAN,2022-06-10 10:00:00,CORE_HR
EVT00034246,2022-06-21,EMP04712,CC0086,CR,4,Leave Start,,AED,ARE,2022-06-21 13:00:00,CORE_HR
EVT00035343,2022-06-12,EMP02297,CC0016,EC,2,Step Increment,84854.32,CAD,CAN,2022-06-12 08:00:00,CORE_HR
EVT00034387,2022-06-15,EMP03231,CC0030,PA,3,Step Increment,192031.15,AED,ARE,2022-06-16 14:00:00,CORE_HR
EVT00035215,2022-06-25,EMP01653,CC0009,AS,1,Lateral Deployment,,AED,ARE,2022-06-25 15:00:00,CORE_HR
EVT00034294,2022-06-15,EMP02412,CC0033,EN,4,Lateral Deployment,,CAD,CAN,2022-06-15 12:00:00,CORE_HR
EVT00034068,2022-06-27,EMP01046,CC0035,FI,3,Leave Return,,CAD,CA,2022-06-27 13:00:00,PAYROLL
EVT00034251,2022-06-19,EMP01447,CC0092,EC,5,Performance Pay,8784.2,CAD,CAN,2022-06-19 09:00:00,CORE_HR
EVT00033844,2022-06-12,EMP02894,CC0038,FI,1,Leave Start,,CAD,CA,2022-06-12 15:00:00,PAYROLL
EVT00035598,2022-06-24,EMP02795,CC0031,PA,2,Step Increment,4083441.76,INR,IN,2022-06-24 22:00:00,PAYROLL
EVT00035133,2022-06-15,EMP03998,CC0049,EN,4,Performance Pay,793493.88,INR,IND,2022-06-16 06:00:00,CORE_HR
EVT00035187,2022-06-02,EMP03370,CC0015,PA,1,Departure,,CAD,CAN,2022-06-02 15:00:00,CORE_HR
EVT00034121,2022-06-04,EMP04572,CC0057,AS,1,Departure,,CAD,CAN,2022-06-04 13:00:00,CORE_HR
EVT00034650,2022-06-05,EMP01539,CC0006,CR,3,Step Increment,65510.96,CAD,CAN,2022-06-06 06:00:00,CORE_HR
EVT00034380,2022-06-08,EMP01849,CC0083,PA,5,Leave Return,,CAD,CA,2022-06-08 11:00:00,PAYROLL
EVT00033804,2022-06-10,EMP04409,CC0102,CR,4,Leave Start,,CAD,CAN,2022-06-11 11:00:00,CORE_HR
EVT00034657,2022-06-14,EMP01713,CC0040,PA,2,Step Increment,80716.47,CAD,CA,2022-06-15 14:00:00,PAYROLL
EVT00034426,2022-06-13,EMP03907,CC0011,EC,4,Leave Start,,CAD,CAN,2022-06-13 22:00:00,CORE_HR
EVT00034529,2022-06-25,EMP01395,CC0028,PA,2,Step Increment,73156.75,CAD,CA,2022-06-25 08:00:00,PAYROLL
EVT00034756,2022-06-01,EMP00039,CC0067,IT,1,Leave Return,,CAD,CA,2022-06-02 15:00:00,PAYROLL
EVT00035604,2022-06-22,EMP04300,CC0040,PA,3,Lateral Deployment,,CAD,CA,2022-06-24 14:00:00,PAYROLL
EVT00033864,2022-06-07,EMP01045,CC0078,PA,4,Step Increment,92628.89,CAD,CAN,2022-06-07 16:00:00,CORE_HR
EVT00034691,2022-06-04,EMP00285,CC0046,EN,3,Leave Start,,GBP,GBR,2022-06-04 19:00:00,CORE_HR
EVT00035327,2022-06-06,EMP01422,CC0099,IT,2,Performance Pay,12514.64,CAD,CAN,2022-06-08 17:00:00,CORE_HR
EVT00033878,2022-06-09,EMP02163,CC0030,PA,1,Performance Pay,394708.14,KES,KE,2022-06-09 13:00:00,PAYROLL
EVT00035447,2022-06-18,EMP04591,CC0099,EX,1,Lateral Deployment,,CAD,CAN,2022-06-18 17:00:00,CORE_HR
EVT00034769,2022-06-24,EMP02202,CC0034,AS,4,Lateral Deployment,,CAD,CAN,2022-06-25 04:00:00,CORE_HR
EVT00034443,2022-06-23,EMP00652,CC0073,IT,4,Hire,123118.63,CAD,CAN,2022-06-24 00:00:00,CORE_HR
EVT00034578,2022-06-10,EMP00315,CC0029,EX,1,Hire,101920.28,USD,US,2022-06-11 10:00:00,PAYROLL
EVT00034413,2022-06-22,EMP03884,CC0109,EX,2,Step Increment,152646.24,CAD,CA,2022-06-22 15:00:00,PAYROLL
EVT00035268,2022-06-03,EMP01411,CC0026,FI,2,Leave Start,,CAD,CA,2022-06-04 02:00:00,PAYROLL
EVT00035241,2022-06-22,EMP00141,CC0086,IT,1,Departure,,BRL,BRA,2022-06-23 12:00:00,CORE_HR
EVT00035644,2022-06-14,EMP01639,CC0079,FI,2,Leave Start,,CAD,CAN,2022-06-14 08:00:00,CORE_HR
EVT00034494,2022-06-20,EMP04541,CC0113,FI,2,Leave Return,,CAD,CAN,2022-06-21 07:00:00,CORE_HR
EVT00034263,2022-06-03,EMP02584,CC0037,EX,2,Leave Start,,CAD,CAN,2022-06-04 02:00:00,CORE_HR
EVT00034214,2022-06-24,EMP02591,CC0044,EC,3,Departure,,CAD,CAN,2022-06-24 22:00:00,CORE_HR
EVT00035455,2022-06-13,EMP01161,CC0090,IT,4,Leave Return,,CAD,CA,2022-06-14 10:00:00,PAYROLL
EVT00034703,2022-06-24,EMP00599,CC0039,PA,4,Performance Pay,8304.32,CAD,CAN,2022-06-24 21:00:00,CORE_HR
EVT00035609,2022-06-03,EMP01924,CC0057,EN,2,Promotion,86380.27,CAD,CAN,2022-06-04 04:00:00,CORE_HR
EVT00035376,2022-06-09,EMP02088,CC0023,IT,2,Lateral Deployment,,CAD,CA,2022-06-09 23:00:00,PAYROLL
EVT00035188,2022-06-16,EMP02158,CC0014,PA,5,Hire,106455.71,CAD,CAN,2022-06-16 09:00:00,CORE_HR
EVT00034220,2022-06-01,EMP04474,CC0039,EN,2,Step Increment,115852.23,CAD,CA,2022-06-02 14:00:00,PAYROLL
EVT00035223,2022-06-15,EMP01700,CC0076,FI,1,Step Increment,69833.65,CAD,CA,2022-06-16 11:00:00,PAYROLL
EVT00034326,2022-06-21,EMP02012,CC0077,PA,1,Hire,48728.38,CAD,CAN,2022-06-22 12:00:00,CORE_HR
EVT00034390,2022-06-04,EMP02009,CC0099,CR,3,Lateral Deployment,,CAD,CA,2022-06-04 08:00:00,PAYROLL
EVT00034767,2022-06-22,EMP04107,CC0095,IT,4,Promotion,116063.58,CAD,CA,2022-06-22 10:00:00,PAYROLL
EVT00034095,2022-06-18,EMP00906,CC0024,FI,3,Step Increment,99155.77,CAD,CAN,2022-06-19 06:00:00,CORE_HR
EVT00035173,2022-06-18,EMP03449,CC0111,FI,2,Performance Pay,551557.49,INR,IND,2022-06-18 11:00:00,CORE_HR
EVT00034743,2022-06-11,EMP02526,CC0014,EC,1,Step Increment,68661.16,CAD,CAN,2022-06-12 00:00:00,CORE_HR
EVT00034523,2022-06-17,EMP04304,CC0082,EC,3,Leave Return,,CAD,CAN,2022-06-18 07:00:00,CORE_HR
EVT00033976,2022-06-06,EMP03024,CC0035,IT,2,Step Increment,93735.2,CAD,CA,2022-06-06 20:00:00,PAYROLL
EVT00034916,2022-06-08,EMP00272,CC0071,PA,2,Departure,,CAD,CAN,2022-06-08 15:00:00,CORE_HR
EVT00035340,2022-06-07,EMP01762,CC0037,EN,2,Lateral Deployment,,CAD,CA,2022-06-08 13:00:00,PAYROLL
EVT00034956,2022-06-17,EMP02195,CC0029,PA,2,Departure,,JPY,JP,2022-06-18 12:00:00,PAYROLL
EVT00035451,2022-06-03,EMP00878,CC0037,EX,1,Lateral Deployment,,CAD,CA,2022-06-04 13:00:00,PAYROLL
EVT00033834,2022-06-08,EMP01518,CC0001,AS,2,Leave Start,,CAD,CAN,2022-06-09 14:00:00,CORE_HR
EVT00034548,2022-06-26,EMP00174,CC0115,IT,2,Performance Pay,7225.11,CAD,CAN,2022-06-27 14:00:00,CORE_HR
EVT00034886,2022-06-04,EMP04433,CC0063,FI,1,Performance Pay,7748.43,CAD,CA,2022-06-04 13:00:00,PAYROLL
EVT00035068,2022-06-15,EMP03140,CC0068,IT,2,Departure,,CAD,CAN,2022-06-16 05:00:00,CORE_HR
EVT00035115,2022-06-08,EMP01306,CC0036,PA,5,Leave Return,,CAD,CAN,2022-06-09 12:00:00,CORE_HR
EVT00034954,2022-06-27,EMP00081,CC0094,AS,2,Step Increment,59009.16,CAD,CAN,2022-06-27 21:00:00,CORE_HR
EVT00035238,2022-06-11,EMP04308,CC0099,CR,5,Performance Pay,4293.57,CAD,CAN,2022-06-11 11:00:00,CORE_HR
EVT00035496,2022-06-04,EMP03293,CC0048,FI,3,Step Increment,102435.99,CAD,CA,2022-06-04 13:00:00,PAYROLL
EVT00035134,2022-06-04,EMP01571,CC0113,EX,1,Leave Return,,CAD,CAN,2022-06-05 00:00:00,CORE_HR
EVT00034437,2022-06-23,EMP03673,CC0020,PA,5,Departure,,CAD,CAN,2022-06-23 06:00:00,CORE_HR
EVT00035263,2022-06-02,EMP00650,CC0058,PA,5,Leave Return,,CAD,CA,2022-06-02 23:00:00,PAYROLL
EVT00035539,2022-06-09,EMP04977,CC0006,CR,4,Leave Start,,CAD,CA,2022-06-09 10:00:00,PAYROLL
EVT00034699,2022-06-06,EMP03863,CC0094,PA,2,Step Increment,74737.57,CAD,CAN,2022-06-07 10:00:00,CORE_HR
EVT00035569,2022-06-06,EMP00345,CC0091,IT,2,Departure,,CAD,CA,2022-06-06 08:00:00,PAYROLL
EVT00034045,2022-06-08,EMP01594,CC0049,EN,2,Leave Return,,MXN,MX,2022-06-08 20:00:00,PAYROLL
EVT00035456,2022-06-21,EMP04800,CC0038,EC,1,Lateral Deployment,,CAD,CA,2022-06-22 08:00:00,PAYROLL
EVT00035581,2022-06-01,EMP02447,CC0015,FI,3,Step Increment,86804.7,CAD,CAN,2022-06-02 09:00:00,CORE_HR
EVT00035080,2022-06-14,EMP03628,CC0027,EX,2,Hire,144991.58,CAD,CA,2022-06-14 10:00:00,PAYROLL
EVT00034870,2022-06-26,EMP00393,CC0011,FI,4,Performance Pay,9428.55,XXX,CAN,2022-06-27 05:00:00,CORE_HR
EVT00033973,2022-06-13,EMP04658,CC0074,IT,1,Performance Pay,3945.31,GBP,GBR,2022-06-14 00:00:00,CORE_HR
EVT00035218,2022-06-01,EMP01874,CC0079,PA,4,Leave Start,,CAD,CAN,2022-06-02 04:00:00,CORE_HR
EVT00035298,2022-06-05,EMP03290,CC0035,FI,3,Performance Pay,6467.74,CAD,CAN,2022-06-06 15:00:00,CORE_HR
EVT00035257,2022-06-12,EMP01946,CC0080,PA,2,Step Increment,52526.22,EUR,DE,2022-06-13 03:00:00,PAYROLL
EVT00034356,2022-06-04,EMP03683,CC0083,FI,2,Step Increment,79111.66,CAD,CA,2022-06-05 13:00:00,PAYROLL
EVT00034182,2022-06-27,EMP00419,CC0057,FI,1,Step Increment,61003.66,CAD,CA,2022-06-27 17:00:00,PAYROLL
EVT00034319,2022-06-06,EMP00651,CC0117,EX,2,Hire,163304.74,CAD,CA,2022-06-07 06:00:00,PAYROLL
EVT00035421,2022-06-23,EMP03491,CC0111,PA,1,Step Increment,60721.83,AUD,AU,2022-06-24 10:00:00,PAYROLL
EVT00034277,2022-06-25,EMP02189,CC0105,FI,1,Leave Start,,EUR,FR,2022-06-26 13:00:00,PAYROLL
EVT00035591,2022-06-06,EMP02261,CC0036,FI,2,Performance Pay,7311.45,CAD,CAN,2022-06-07 01:00:00,CORE_HR
EVT00035094,2022-06-17,EMP02564,CC0094,IT,1,Hire,74096.27,CAD,CAN,2022-06-17 18:00:00,CORE_HR
EVT00035177,2022-06-26,EMP00287,CC0120,PA,2,Leave Start,,CAD,CA,2022-06-27 04:00:00,PAYROLL
EVT00034693,2022-06-26,EMP02124,CC0033,AS,4,Step Increment,75438.74,CAD,CAN,2022-06-26 06:00:00,CORE_HR
EVT00034700,2022-06-21,EMP03249,CC0043,PA,1,Departure,,CAD,CAN,2022-06-22 13:00:00,CORE_HR
EVT00035546,2022-06-01,EMP01094,CC0038,FI,4,Performance Pay,11329.28,CAD,CA,2022-06-01 17:00:00,PAYROLL
EVT00035070,2022-06-03,EMP03875,CC0105,IT,4,Leave Return,,AUD,AUS,2022-06-03 12:00:00,CORE_HR
EVT00034750,2022-06-06,EMP00419,CC0057,FI,1,Leave Start,,CAD,CAN,2022-06-06 06:00:00,CORE_HR
EVT00035369,2022-06-01,EMP01500,CC0044,IT,2,Leave Return,,CAD,CA,2022-06-02 10:00:00,PAYROLL
EVT00034959,2022-06-12,EMP00143,CC0065,EC,4,Leave Start,,MXN,MX,2022-06-12 10:00:00,PAYROLL
EVT00033853,2022-06-22,EMP03567,CC0071,PA,2,Hire,74238.33,CAD,CAN,2022-06-23 05:00:00,CORE_HR
EVT00034695,2022-06-23,EMP04180,CC0022,IT,5,Performance Pay,15937.5,CAD,CAN,2022-06-24 08:00:00,CORE_HR
EVT00035331,2022-06-02,EMP01965,CC0047,IT,4,Leave Return,,CAD,CAN,2022-06-02 09:00:00,CORE_HR
EVT00035433,2022-06-19,EMP03642,CC0037,EC,1,Step Increment,71577.28,CAD,CAN,2022-06-20 07:00:00,CORE_HR
EVT00034026,2022-06-19,EMP03516,CC0101,EC,2,Promotion,88255.35,CAD,CAN,2022-06-20 13:00:00,CORE_HR
EVT00034784,2022-06-13,EMP00568,CC0066,AS,3,Performance Pay,9837.87,CAD,CA,2022-06-13 07:00:00,PAYROLL
EVT00034738,2022-06-12,EMP03339,CC0007,AS,1,Step Increment,31331.95,GBP,GB,2022-06-13 15:00:00,PAYROLL
EVT00034307,2022-06-07,EMP04262,CC0068,AS,2,Step Increment,65178.21,CAD,CAN,2022-06-08 00:00:00,CORE_HR
EVT00035401,2022-06-15,EMP04122,CC0039,FI,1,Leave Return,,CAD,CA,2022-06-15 17:00:00,PAYROLL
EVT00034835,2022-06-20,EMP01719,CC0017,PA,5,Leave Start,,CAD,CAN,2022-06-21 08:00:00,CORE_HR
EVT00035346,2022-06-19,EMP01202,CC0061,CR,2,Step Increment,55558.59,CAD,CA,2022-06-19 12:00:00,PAYROLL
EVT00034518,2022-06-04,EMP03308,CC0081,PA,5,Step Increment,90886.74,CAD,CA,2022-06-04 08:00:00,PAYROLL
EVT00034018,2022-06-07,EMP00121,CC0113,FI,2,Performance Pay,7963.3,CAD,CAN,2022-06-07 14:00:00,CORE_HR
EVT00034581,2022-06-03,EMP01173,CC0061,FI,3,Hire,78602.0,CAD,CAN,2022-06-03 17:00:00,CORE_HR
EVT00034148,2022-06-13,EMP03829,CC0084,EX,1,Step Increment,139279.09,CAD,CAN,2022-06-13 11:00:00,CORE_HR
EVT00034500,2022-06-12,EMP01260,CC0030,IT,5,Performance Pay,14640.7,SGD,SGP,2022-06-13 11:00:00,CORE_HR
EVT00034375,2022-06-05,EMP04212,CC0001,IT,1,Performance Pay,3573.43,CAD,CAN,2022-06-06 01:00:00,CORE_HR
EVT00034945,2022-06-03,EMP01076,CC0102,IT,1,Leave Start,,CAD,CAN,2022-06-04 09:00:00,CORE_HR
EVT00034303,2022-06-12,EMP01453,CC0055,EN,3,Performance Pay,5316.65,CAD,CAN,2022-06-13 03:00:00,CORE_HR
EVT00035266,2022-06-26,EMP03776,CC0033,EC,2,Leave Start,,CAD,CAN,2022-06-27 09:00:00,CORE_HR
EVT00034645,2022-06-09,EMP03158,CC0019,PA,2,Step Increment,64165.47,CAD,CA,2022-06-09 14:00:00,PAYROLL
EVT00035404,2022-06-26,EMP01089,CC0061,FI,3,Leave Return,,CAD,CAN,2022-06-26 14:00:00,CORE_HR
EVT00035100,2022-06-12,EMP01024,CC0076,EN,1,Performance Pay,6740.57,CAD,CAN,2022-06-13 08:00:00,CORE_HR
EVT00034962,2022-06-26,EMP04399,CC0102,EN,4,Step Increment,116878.71,CAD,CA,2022-06-27 06:00:00,PAYROLL
EVT00034821,2022-06-18,EMP04677,CC0023,PA,2,Step Increment,72068.09,CAD,CAN,2022-06-19 01:00:00,CORE_HR
EVT00035225,2022-06-14,EMP01471,CC0079,AS,1,Step Increment,67530.07,CAD,CAN,2022-06-15 04:00:00,CORE_HR
EVT00034557,2022-06-24,EMP04695,CC0064,EC,3,Step Increment,89578.21,CAD,CA,2022-06-24 22:00:00,PAYROLL
EVT00035346,2022-06-19,EMP01202,CC0061,CR,2,Step Increment,55558.59,CAD,CA,2022-06-21 23:00:00,PAYROLL
EVT00034623,2022-06-07,EMP01159,CC0114,FI,4,Departure,,CAD,CA,2022-06-07 19:00:00,PAYROLL
EVT00033995,2022-06-25,EMP02969,CC0022,CR,1,Performance Pay,6866.54,CAD,CA,2022-06-26 08:00:00,PAYROLL
EVT00034120,2022-06-19,EMP00477,CC0061,IT,2,Performance Pay,4587.68,CAD,CA,2022-06-20 01:00:00,PAYROLL
EVT00034908,2022-06-13,EMP00911,CC0005,AS,3,Step Increment,69554.97,CAD,CAN,2022-06-16 11:00:00,CORE_HR
EVT00034502,2022-06-04,EMP01495,CC0055,IT,1,Lateral Deployment,,CAD,CAN,2022-06-04 08:00:00,CORE_HR
EVT00034757,2022-06-26,EMP04447,CC0081,EN,1,Step Increment,79312.36,CAD,CAN,2022-06-27 13:00:00,CORE_HR
EVT00034357,2022-06-04,EMP03723,CC0054,PA,4,Step Increment,71117.33,USD,USA,2022-06-05 08:00:00,CORE_HR
EVT00034946,2022-06-12,EMP01436,CC0019,EX,1,Leave Return,,CAD,CA,2022-06-12 15:00:00,PAYROLL
EVT00034004,2022-06-18,EMP04064,CC0117,CR,1,Lateral Deployment,,CAD,CAN,2022-06-18 22:00:00,CORE_HR
EVT00035046,2022-06-02,EMP02809,CC0027,AS,2,Departure,,CAD,CA,2022-06-03 07:00:00,PAYROLL
EVT00033918,2022-06-01,EMP01139,CC0069,PA,1,Step Increment,71932.1,CAD,CAN,2022-06-02 11:00:00,CORE_HR
EVT00034454,2022-06-07,EMP04628,CC0027,AS,2,Step Increment,61786.27,CAD,CAN,2022-06-08 01:00:00,CORE_HR
EVT00035212,2022-06-02,EMP01009,CC0010,IT,2,Step Increment,87860.34,CAD,CAN,2022-06-02 21:00:00,CORE_HR
EVT00034029,2022-06-17,EMP00589,CC0033,PA,1,Leave Return,,CAD,CAN,2022-06-20 03:00:00,CORE_HR
EVT00035631,2022-06-02,EMP03193,CC0108,FI,1,Lateral Deployment,,EUR,FRA,2022-06-02 16:00:00,CORE_HR
EVT00035207,2022-06-18,EMP00209,CC0026,FI,2,Leave Start,,CAD,CA,2022-06-18 23:00:00,PAYROLL
EVT00035353,2022-06-06,EMP03702,CC0056,IT,2,Promotion,87313.49,CAD,CAN,2022-06-07 14:00:00,CORE_HR
EVT00034339,2022-06-20,EMP04948,CC0066,EN,3,Lateral Deployment,,CAD,CA,2022-06-20 08:00:00,PAYROLL
EVT00034225,2022-06-16,EMP03017,CC0110,EC,2,Hire,80947.84,CAD,CA,2022-06-16 23:00:00,PAYROLL
EVT00033930,2022-06-14,EMP04411,CC0112,EN,2,Promotion,90224.63,CAD,CA,2022-06-15 12:00:00,PAYROLL
EVT00035293,2022-06-21,EMP04955,CC0041,PA,3,Step Increment,84158.65,CAD,CAN,2022-06-21 19:00:00,CORE_HR
EVT00033815,2022-06-09,EMP03121,CC0105,EC,1,Lateral Deployment,,GBP,GBR,2022-06-09 21:00:00,CORE_HR
EVT00034414,2022-06-12,EMP04230,CC0050,PA,4,Departure,,CAD,CA,2022-06-12 15:00:00,PAYROLL
EVT00034450,2022-06-05,EMP01120,CC0026,EC,4,Leave Return,,CAD,CAN,2022-06-05 19:00:00,CORE_HR
EVT00033809,2022-06-04,EMP04866,CC0071,EX,2,Step Increment,126829.76,CAD,CA,2022-06-04 22:00:00,PAYROLL
EVT00034667,2022-06-21,EMP04622,CC0005,EC,2,Step Increment,80048.36,CAD,CA,2022-06-21 09:00:00,PAYROLL
EVT00033858,2022-06-14,EMP02873,CC0003,PA,1,Hire,65794.7,CAD,CAN,2022-06-15 01:00:00,CORE_HR
EVT00034260,2022-06-14,EMP03618,CC0084,EX,1,Departure,,CAD,CAN,2022-06-15 14:00:00,CORE_HR
EVT00035136,2022-06-23,EMP02712,CC0066,FI,1,Lateral Deployment,,CAD,CAN,2022-06-24 11:00:00,CORE_HR
EVT00034056,2022-06-19,EMP04095,CC0018,FI,5,Leave Start,,CAD,CAN,2022-06-20 11:00:00,CORE_HR
EVT00035618,2022-06-27,EMP01077,CC0014,IT,1,Step Increment,86897.85,CAD,CAN,2022-06-28 05:00:00,CORE_HR
EVT00034838,2022-06-15,EMP00002,CC0068,EN,3,Departure,,CAD,CAN,2022-06-16 04:00:00,CORE_HR
EVT00034162,2022-06-17,EMP04097,CC0039,CR,2,Departure,,CAD,CAN,2022-06-17 19:00:00,CORE_HR
EVT00035462,2022-06-08,EMP04775,CC0079,PA,2,Step Increment,69870.08,CAD,CA,2022-06-08 10:00:00,PAYROLL
EVT00035206,2022-06-04,EMP02249,CC0047,EX,2,Leave Return,,CAD,CAN,2022-06-04 21:00:00,CORE_HR
EVT00034462,2022-06-10,EMP03855,CC0008,EN,1,Leave Start,,CAD,CAN,2022-06-12 13:00:00,CORE_HR
EVT00034066,2022-06-21,EMP04457,CC0099,IT,2,Step Increment,88774.03,CAD,CA,2022-06-22 01:00:00,PAYROLL
EVT00035126,2022-06-16,EMP99999,CC0019,FI,4,Lateral Deployment,,CAD,CAN,2022-06-17 10:00:00,CORE_HR
EVT00034219,2022-06-10,EMP01811,CC0089,IT,2,Leave Start,,CAD,CA,2022-06-10 11:00:00,PAYROLL
EVT00034457,2022-06-20,EMP03362,CC0005,AS,3,Step Increment,71582.3,CAD,CAN,2022-06-21 15:00:00,CORE_HR
EVT00034499,1900-01-01,EMP00637,CC0113,PA,2,Performance Pay,5045.19,CAD,CA,2022-06-19 05:00:00,PAYROLL
EVT00035055,2022-06-25,EMP02029,CC0103,IT,1,Promotion,74611.91,CAD,CAN,2022-06-26 03:00:00,CORE_HR
EVT00035076,2022-06-19,EMP02687,CC0101,EN,3,Step Increment,116663.21,CAD,CAN,2022-06-19 07:00:00,CORE_HR
EVT00034116,2022-06-15,EMP03063,CC0065,PA,2,Step Increment,212692.8,AED,ARE,2022-06-15 22:00:00,CORE_HR
EVT00034361,2022-06-08,EMP01396,CC0045,AS,2,Departure,,CAD,CA,2022-06-09 04:00:00,PAYROLL
EVT00033970,2022-06-16,EMP01340,CC0059,IT,2,Hire,-83877.48,CAD,CAN,2022-06-17 08:00:00,CORE_HR
EVT00033921,2022-06-14,EMP01830,CC0010,IT,1,Hire,84035.83,CAD,CA,2022-06-14 19:00:00,PAYROLL
EVT00035373,2022-06-08,EMP04869,CC0059,EN,1,Leave Return,,CAD,CA,2022-06-08 11:00:00,PAYROLL
EVT00035608,2022-06-14,EMP01650,CC0104,IT,1,Step Increment,82729.48,CAD,CA,2022-06-14 18:00:00,PAYROLL
EVT00034076,2022-06-11,EMP01450,CC0054,EC,1,Departure,,MXN,MEX,2022-06-12 00:00:00,CORE_HR
EVT00033814,2022-06-13,EMP04129,CC0055,PA,5,Performance Pay,9988.27,CAD,CAN,2022-06-13 22:00:00,CORE_HR
EVT00035123,2022-06-19,EMP03660,CC0035,CR,1,Leave Return,,CAD,CA,2022-06-20 08:00:00,PAYROLL
EVT00034629,2022-06-08,EMP02788,CC0118,PA,1,Leave Return,,CAD,CAN,2022-06-09 17:00:00,CORE_HR
EVT00034338,2022-06-13,EMP03670,CC0005,AS,2,Hire,62473.17,CAD,CA,2022-06-14 10:00:00,PAYROLL
EVT00034132,2022-06-23,EMP02316,CC0114,IT,2,Leave Start,,CAD,CAN,2022-06-24 15:00:00,CORE_HR
EVT00035082,2022-06-05,EMP03667,CC0095,EN,1,Lateral Deployment,,CAD,CAN,2022-06-06 14:00:00,CORE_HR
EVT00035572,2022-06-19,EMP00018,CC0073,PA,5,Performance Pay,11084.89,CAD,CAN,2022-06-19 23:00:00,CORE_HR
EVT00033839,2022-06-15,EMP02936,CC0030,FI,2,Hire,50833.49,GBP,GBR,2022-06-15 12:00:00,CORE_HR
EVT00034257,2022-06-21,EMP02564,CC0094,IT,1,Step Increment,85424.33,CAD,CA,2022-06-21 06:00:00,PAYROLL
EVT00034565,2022-06-17,EMP03236,CC0028,FI,2,Performance Pay,8343.35,CAD,CAN,2022-06-18 15:00:00,CORE_HR
EVT00034231,2022-06-06,EMP02797,CC0014,AS,1,Step Increment,55563.98,CAD,CA,2022-06-06 07:00:00,PAYROLL
EVT00034176,2022-06-16,EMP04392,CC0055,PA,5,Leave Return,,CAD,CAN,2022-06-16 07:00:00,CORE_HR
EVT00034407,2022-06-24,EMP00067,CC0050,AS,5,Hire,89792.87,CAD,CA,2022-06-24 09:00:00,PAYROLL
EVT00035318,2022-06-09,EMP02261,CC0036,FI,2,Step Increment,101332.09,CAD,CA,2022-06-10 09:00:00,PAYROLL
EVT00034828,2022-06-02,EMP03049,CC0034,CR,3,Step Increment,69082.13,CAD,CAN,2022-06-04 21:00:00,CORE_HR
EVT00034662,2022-06-03,EMP01561,CC0060,EC,5,Lateral Deployment,,CAD,CAN,2022-06-03 14:00:00,CORE_HR
EVT00033897,2022-06-20,EMP00146,CC0004,CR,5,Departure,,CAD,CA,2022-06-21 02:00:00,PAYROLL
EVT00035660,2022-06-21,EMP02227,CC0027,PA,1,Leave Start,,CAD,CAN,2022-06-22 05:00:00,CORE_HR
EVT00034869,2022-06-10,EMP00738,CC0061,EX,1,Step Increment,120207.1,CAD,CAN,2022-06-10 12:00:00,CORE_HR
EVT00034580,2022-06-17,EMP04661,CC0032,PA,1,Performance Pay,5049.16,CAD,CA,2022-06-18 05:00:00,PAYROLL
EVT00034349,2022-06-13,EMP02964,CC0055,PA,2,Lateral Deployment,,CAD,CAN,2022-06-14 04:00:00,CORE_HR
EVT00033903,2022-06-24,EMP01067,CC0035,EN,3,Hire,118204.67,CAD,CA,2022-06-25 00:00:00,PAYROLL
EVT00034439,2022-06-07,EMP02000,CC0112,PA,2,Hire,75279.4,CAD,CA,2022-06-08 03:00:00,PAYROLL
EVT00034732,2022-06-22,EMP01203,CC0120,EC,1,Step Increment,77482.02,CAD,CAN,2022-06-23 01:00:00,CORE_HR
EVT00035479,2022-06-26,EMP02466,CC0051,CR,3,Step Increment,61780.77,CAD,CA,2022-06-27 05:00:00,PAYROLL
EVT00033993,2022-06-06,EMP04144,CC0058,PA,3,Promotion,75246.89,CAD,CAN,2022-06-07 06:00:00,CORE_HR
EVT00033854,2022-06-24,EMP04705,CC0092,EN,3,Step Increment,98326.61,CAD,CAN,2022-06-24 20:00:00,CORE_HR
EVT00035249,2022-06-24,EMP03043,CC0084,PA,2,Lateral Deployment,,CAD,CA,2022-06-25 09:00:00,PAYROLL
EVT00034041,2022-06-16,EMP00779,CC0104,EC,2,Leave Start,,CAD,CA,2022-06-17 03:00:00,PAYROLL
EVT00034158,2022-06-25,EMP00555,CC0084,PA,4,Performance Pay,10918.75,CAD,CAN,2022-06-26 14:00:00,CORE_HR
EVT00034989,2022-06-03,EMP01650,CC0104,IT,1,Performance Pay,4499.2,CAD,CAN,2022-06-03 07:00:00,CORE_HR
EVT00034904,2022-06-19,EMP01150,CC0086,AS,3,Promotion,174064.08,AED,AE,2022-06-20 04:00:00,PAYROLL
EVT00035630,2022-06-11,EMP02509,CC0093,PA,1,Step Increment,46211.31,CAD,CAN,2022-06-11 19:00:00,CORE_HR
EVT00035062,2022-06-24,EMP02488,CC0009,PA,2,Promotion,6381063.49,JPY,JP,2022-06-24 15:00:00,PAYROLL
EVT00034366,2022-06-18,EMP02759,CC0049,CR,4,Step Increment,61004.84,EUR,DEU,2022-06-18 18:00:00,CORE_HR
EVT00034680,2022-06-04,EMP02745,CC0079,AS,2,Leave Return,,CAD,CA,2022-06-04 08:00:00,PAYROLL
EVT00033838,2022-06-27,EMP00816,CC0066,CR,1,Leave Start,,CAD,CA,2022-06-28 06:00:00,PAYROLL
EVT00033877,2022-06-08,EMP01274,CC0092,PA,4,Lateral Deployment,,CAD,CAN,2022-06-08 22:00:00,CORE_HR
EVT00035044,2022-06-08,EMP03668,CC0010,EN,3,Leave Return,,CAD,CA,2022-06-09 06:00:00,PAYROLL
EVT00034126,2022-06-14,EMP02849,CC0013,PA,2,Lateral Deployment,,CAD,CA,2022-06-14 14:00:00,PAYROLL
EVT00033807,2022-06-25,EMP00825,CC0045,EN,2,Step Increment,94604.92,CAD,CA,2022-06-25 15:00:00,PAYROLL
EVT00034109,2022-06-22,EMP02632,CC0070,IT,4,Lateral Deployment,,CAD,CA,2022-06-25 22:00:00,PAYROLL
EVT00034042,2022-06-19,EMP04182,CC0068,EN,5,Performance Pay,12867.08,CAD,CA,2022-06-20 12:00:00,PAYROLL
EVT00033789,2022-06-14,EMP02501,CC0002,EN,2,Step Increment,100448.26,CAD,CAN,2022-06-14 20:00:00,CORE_HR
EVT00035290,2022-06-21,EMP01803,CC0100,PA,3,Departure,,CAD,CA,2022-06-21 19:00:00,PAYROLL
EVT00034781,2022-06-03,EMP04459,CC0108,EX,1,Step Increment,103662.37,SGD,SGP,2022-06-03 14:00:00,CORE_HR
EVT00034030,2022-06-17,EMP04404,CC0109,EC,4,Step Increment,108911.59,CAD,CAN,2022-06-17 23:00:00,CORE_HR
EVT00034610,2022-06-08,EMP02608,CC0057,PA,1,Leave Return,,CAD,CAN,2022-06-09 04:00:00,CORE_HR
EVT00034847,2022-06-07,EMP00719,CC0006,PA,1,Promotion,62759.0,CAD,CA,2022-06-07 23:00:00,PAYROLL
EVT00034775,2022-06-21,EMP04283,CC0118,EC,2,Performance Pay,5617.63,CAD,CAN,2022-06-22 15:00:00,CORE_HR
EVT00034122,2022-06-24,EMP01841,CC0037,FI,1,Promotion,66148.11,CAD,CAN,2022-06-24 21:00:00,CORE_HR
EVT00034259,2022-06-08,EMP00155,CC0068,EC,1,Step Increment,68215.68,CAD,CAN,2022-06-08 16:00:00,CORE_HR
EVT00034007,2022-06-04,EMP03980,CC0012,EC,2,Step Increment,79136.19,CAD,CAN,2022-06-04 22:00:00,CORE_HR
EVT00034108,2022-06-08,EMP03474,CC0048,AS,1,Hire,53340.44,CAD,CAN,2022-06-08 14:00:00,CORE_HR
EVT00033847,2022-06-21,EMP00789,CC0038,AS,1,Leave Start,,CAD,CAN,2022-06-21 20:00:00,CORE_HR
EVT00035104,2022-06-09,EMP02988,CC0038,AS,5,Step Increment,91084.49,CAD,CAN,2022-06-09 15:00:00,CORE_HR
EVT00034352,2022-06-01,EMP04491,CC0116,CR,2,Hire,59965.27,CAD,CA,2022-06-01 23:00:00,PAYROLL
EVT00034369,2022-06-06,EMP03166,CC0040,EN,2,Performance Pay,5728.13,CAD,CA,2022-06-07 14:00:00,PAYROLL
EVT00035549,2022-06-23,EMP00520,CC0074,CR,1,Step Increment,5145685.04,JPY,JPN,2022-06-24 11:00:00,CORE_HR
EVT00034647,2022-06-14,EMP02398,CC0027,AS,1,Hire,51413.47,CAD,CA,2022-06-15 14:00:00,PAYROLL
EVT00035088,2022-06-03,EMP00308,CC0119,AS,2,Leave Start,,CAD,CA,2022-06-04 13:00:00,PAYROLL
EVT00034368,2022-06-22,EMP04185,CC0020,AS,3,Leave Return,,CAD,CA,2022-06-23 01:00:00,PAYROLL
EVT00033836,2022-06-21,EMP01867,CC0115,CR,2,Hire,60856.5,CAD,CAN,2022-06-21 08:00:00,CORE_HR
EVT00034285,2022-06-22,EMP00132,CC0021,EN,4,Leave Return,,CAD,CA,2022-06-23 03:00:00,PAYROLL
EVT00033889,2022-06-24,EMP02856,CC0079,EN,4,Leave Return,,CAD,CAN,2022-06-25 00:00:00,CORE_HR
EVT00034958,2022-06-21,EMP03736,CC0081,PA,4,Step Increment,83576.02,CAD,CAN,2022-06-22 11:00:00,CORE_HR
EVT00034563,2022-06-15,EMP04238,CC0081,CR,1,Departure,,CAD,CAN,2022-06-15 14:00:00,CORE_HR
EVT00035075,2022-06-09,EMP03542,CC0100,PA,3,Leave Start,,CAD,CAN,2022-06-10 06:00:00,CORE_HR
EVT00034396,2022-06-22,EMP02803,CC0088,FI,1,Step Increment,46007.46,GBP,GB,2022-06-22 11:00:00,PAYROLL
EVT00033904,2022-06-24,EMP03536,CC0051,EN,5,Leave Start,,CAD,CAN,2022-06-25 03:00:00,CORE_HR
EVT00035083,2022-06-27,EMP01706,CC0096,EX,2,Lateral Deployment,,CAD,CAN,2022-06-28 05:00:00,CORE_HR
EVT00034942,2022-06-21,EMP04953,CC0070,PA,1,Performance Pay,8082.05,CAD,CA,2022-06-21 21:00:00,PAYROLL
EVT00033767,2022-06-24,EMP01752,CC0063,EN,2,Performance Pay,6746.37,CAD,CAN,2022-06-25 01:00:00,CORE_HR
EVT00033941,2022-06-01,EMP00658,CC0007,IT,1,Promotion,57113.72,SGD,SG,2022-06-02 12:00:00,PAYROLL
EVT00034768,2022-06-16,EMP00790,CC0027,IT,2,Step Increment,95407.88,CAD,CA,2022-06-16 10:00:00,PAYROLL
EVT00033800,2022-06-14,EMP03396,CC0030,FI,4,Leave Return,,KES,KEN,2022-06-15 09:00:00,CORE_HR
EVT00035053,2022-06-21,EMP02900,CC0114,PA,2,Leave Return,,CAD,CAN,2022-06-22 14:00:00,CORE_HR
EVT00035061,2022-06-03,EMP04304,CC0082,EC,3,Leave Return,,CAD,CA,2022-06-04 09:00:00,PAYROLL
EVT00034619,2022-06-12,EMP03466,CC0012,IT,5,Lateral Deployment,,CAD,CAN,2022-06-12 21:00:00,CORE_HR
EVT00035471,2022-06-14,EMP01137,CC0098,PA,3,Leave Start,,CAD,CAN,2022-06-15 01:00:00,CORE_HR
EVT00035368,2022-06-25,EMP00569,CC0050,IT,2,Step Increment,98058.37,CAD,CAN,2022-06-25 21:00:00,CORE_HR
EVT00035193,2022-06-17,EMP01009,CC0010,IT,2,Lateral Deployment,,CAD,CA,2022-06-17 09:00:00,PAYROLL
EVT00033820,2022-06-26,EMP03577,CC0083,EN,1,Step Increment,-75270.85,CAD,CAN,2022-06-27 03:00:00,CORE_HR
EVT00035520,2022-06-18,EMP01807,CC0105,CR,3,Lateral Deployment,,JPY,JPN,2022-06-18 15:00:00,CORE_HR
EVT00034504,2022-06-26,EMP00176,CC0031,FI,3,Performance Pay,3733.87,EUR,DEU,2022-06-27 13:00:00,CORE_HR
EVT00035673,2022-06-20,EMP04163,CC0009,EC,2,Hire,73401.48,SGD,SGP,2022-06-21 07:00:00,CORE_HR
EVT00035336,2022-06-19,EMP03528,CC0103,FI,2,Promotion,85205.51,CAD,CAN,2022-06-20 07:00:00,CORE_HR
EVT00035135,2022-06-23,EMP01041,CC0079,CR,2,Step Increment,55922.03,CAD,CAN,2022-06-24 05:00:00,CORE_HR
EVT00035410,2022-06-20,EMP03783,CC0057,PA,2,Leave Start,,CAD,CA,2022-06-21 06:00:00,PAYROLL
EVT00034118,2022-06-22,EMP04395,CC0074,EC,1,Step Increment,8277388.27,KES,KE,2022-06-23 08:00:00,PAYROLL
EVT00035261,2022-06-23,EMP03359,CC0079,EN,3,Performance Pay,7217.69,CAD,CAN,2022-06-23 10:00:00,CORE_HR
EVT00034809,2022-06-09,EMP00542,CC0117,EX,1,Step Increment,124547.55,CAD,CAN,2022-06-10 10:00:00,CORE_HR
EVT00035576,2022-06-24,EMP04468,CC0107,PA,1,Lateral Deployment,,CAD,CAN,2022-06-24 11:00:00,CORE_HR
EVT00034898,2022-06-07,EMP00392,CC0017,EC,5,Step Increment,130826.32,CAD,CAN,2022-06-07 12:00:00,CORE_HR
EVT00034912,2022-06-10,EMP01627,CC0064,EC,2,Lateral Deployment,,CAD,CAN,2022-06-11 06:00:00,CORE_HR
EVT00035555,2022-06-10,EMP00319,CC0005,PA,2,Step Increment,51139.65,CAD,CAN,2022-06-10 20:00:00,CORE_HR
EVT00034204,2022-06-14,EMP04326,CC0079,PA,1,Promotion,64056.97,CAD,CAN,2022-06-15 15:00:00,CORE_HR
EVT00034311,2022-06-06,EMP01589,CC0067,AS,1,Leave Start,,CAD,CA,2022-06-06 17:00:00,PAYROLL
EVT00034037,2022-06-06,EMP01232,CC0068,PA,2,Step Increment,70077.62,CAD,CAN,2022-06-07 04:00:00,CORE_HR
EVT00034113,2022-06-16,EMP04769,CC0060,AS,1,Lateral Deployment,,CAD,CAN,2022-06-17 14:00:00,CORE_HR
EVT00034250,2022-06-06,EMP00907,CC0077,EN,2,Hire,102097.13,CAD,CAN,2022-06-06 19:00:00,CORE_HR
EVT00035210,2022-06-05,EMP04709,CC0072,EX,2,Leave Return,,CAD,CAN,2022-06-06 06:00:00,CORE_HR
EVT00034084,2022-06-07,EMP04958,CC0094,IT,4,Step Increment,118279.82,CAD,CAN,2022-06-08 13:00:00,CORE_HR
EVT00035260,2022-06-23,EMP02062,CC0037,PA,1,Lateral Deployment,,CAD,CA,2022-06-24 15:00:00,PAYROLL
EVT00034047,2022-06-26,EMP04440,CC0028,IT,2,Lateral Deployment,,CAD,CA,2022-06-27 06:00:00,PAYROLL
EVT00034421,2022-06-14,EMP04474,CC0039,EN,2,Departure,,CAD,CA,2022-06-16 23:00:00,PAYROLL
EVT00034433,2022-06-08,EMP02711,CC0116,IT,1,Step Increment,59185.3,CAD,CA,2022-06-08 20:00:00,PAYROLL
EVT00033757,2022-06-02,EMP02407,CC0065,EC,4,Lateral Deployment,,AUD,AUS,2022-06-03 11:00:00,CORE_HR
EVT00034100,2022-06-08,EMP01935,CC0008,PA,2,Leave Return,,CAD,CA,2022-06-08 14:00:00,PAYROLL
EVT00034996,2022-06-20,EMP03368,CC0050,CR,3,Step Increment,66876.81,CAD,CA,2022-06-20 09:00:00,PAYROLL
EVT00033801,2022-06-26,EMP03580,CC0066,CR,1,Step Increment,56163.33,CAD,CA,2022-06-26 23:00:00,PAYROLL
EVT00034234,2022-06-09,EMP04829,CC0081,EN,2,Step Increment,100534.47,CAD,CAN,2022-06-10 05:00:00,CORE_HR
EVT00034716,2022-06-04,EMP01911,CC0117,CR,5,Leave Start,,CAD,CAN,2022-06-04 19:00:00,CORE_HR
EVT00033998,2022-06-04,EMP04323,CC0091,EN,5,Performance Pay,7639.22,CAD,CA,2022-06-05 00:00:00,PAYROLL
EVT00034217,2022-06-22,EMP02858,CC0011,FI,3,Leave Return,,CAD,CAN,2022-06-23 12:00:00,CORE_HR
EVT00035280,2022-06-06,EMP01310,CC0072,IT,3,Performance Pay,12438.49,CAD,CAN,2022-06-06 19:00:00,CORE_HR
EVT00035171,2022-06-09,EMP04385,CC0111,AS,1,Departure,,EUR,DEU,2022-06-09 22:00:00,CORE_HR
EVT00034292,2022-06-21,EMP04864,CC0102,AS,3,Hire,72203.68,CAD,CAN,2022-06-21 12:00:00,CORE_HR
EVT00034355,2022-06-07,EMP02159,CC0079,EX,1,Step Increment,128374.2,CAD,CA,2022-06-07 11:00:00,PAYROLL
EVT00034955,2022-06-07,EMP00946,CC0073,IT,3,Departure,,CAD,CAN,2022-06-07 20:00:00,CORE_HR
EVT00034876,2022-06-04,EMP00847,CC0065,CR,1,Performance Pay,428216.7,JPY,JP,2022-06-04 11:00:00,PAYROLL
EVT00035033,2022-06-18,EMP04424,CC0017,FI,2,Step Increment,76199.08,CAD,CAN,2022-06-19 05:00:00,CORE_HR
EVT00034430,2022-06-27,EMP03630,CC0078,PA,2,Leave Start,,CAD,CA,2022-06-28 15:00:00,PAYROLL
EVT00034400,2022-06-12,EMP03916,CC0025,FI,1,Promotion,75331.71,CAD,CA,2022-06-13 00:00:00,PAYROLL
EVT00034522,2022-06-15,EMP00348,CC0113,AS,2,Leave Start,,CAD,CAN,2022-06-15 06:00:00,CORE_HR
EVT00034611,2022-06-26,EMP00445,CC0077,AS,1,Departure,,CAD,CA,2022-06-26 14:00:00,PAYROLL
EVT00034669,2022-06-19,EMP00771,CC0115,EX,2,Promotion,143856.43,CAD,CA,2022-06-20 03:00:00,PAYROLL
EVT00034515,2022-06-19,EMP00389,CC0113,EC,2,Leave Start,,CAD,CA,2022-06-19 06:00:00,PAYROLL
EVT00034180,2022-06-20,EMP04808,CC0036,EC,1,Lateral Deployment,,CAD,CA,2022-06-21 06:00:00,PAYROLL
EVT00035647,2022-06-15,EMP03931,CC0118,PA,1,Leave Return,,CAD,CA,2022-06-15 23:00:00,PAYROLL
EVT00033772,2022-06-01,EMP02341,CC0117,FI,3,Promotion,93179.83,CAD,CAN,2022-06-02 06:00:00,CORE_HR
EVT00035655,2022-06-14,EMP00782,CC0019,EC,1,Step Increment,68245.81,CAD,CAN,2022-06-14 17:00:00,CORE_HR
EVT00035656,2022-06-08,EMP02715,CC0015,IT,5,Leave Return,,CAD,CA,2022-06-08 20:00:00,PAYROLL
EVT00035242,2022-06-21,EMP02236,CC0048,EX,2,Performance Pay,15963.84,CAD,CA,2022-06-22 08:00:00,PAYROLL
EVT00034309,2022-06-13,EMP03076,CC0015,FI,1,Lateral Deployment,,CAD,CAN,2022-06-14 01:00:00,CORE_HR
EVT00035492,2022-06-16,EMP02456,CC0028,PA,4,Performance Pay,8813.29,CAD,CA,2022-06-16 16:00:00,PAYROLL
EVT00034161,2022-06-21,EMP00520,CC0074,CR,1,Step Increment,28474.08,EUR,DEU,2022-06-21 13:00:00,CORE_HR
EVT00035437,2022-06-14,EMP01576,CC0101,FI,2,Leave Return,,CAD,CAN,2022-06-14 14:00:00,CORE_HR
EVT00034221,2022-06-23,EMP02129,CC0090,EC,3,Step Increment,101419.96,CAD,CAN,2022-06-23 12:00:00,CORE_HR
EVT00034567,2022-06-01,EMP02373,CC0078,AS,4,Leave Start,,CAD,CA,2022-06-02 06:00:00,PAYROLL
EVT00034698,2022-06-08,EMP03062,CC0070,CR,1,Leave Start,,CAD,CAN,2022-06-09 04:00:00,CORE_HR
EVT00034582,2022-06-22,EMP03903,CC0034,FI,4,Step Increment,106094.98,CAD,CA,2022-06-22 13:00:00,PAYROLL
EVT00035169,2022-06-19,EMP04892,CC0018,EC,4,Performance Pay,13172.95,CAD,CAN,2022-06-20 08:00:00,CORE_HR
EVT00034469,2022-06-25,EMP02316,CC0114,IT,2,Departure,,CAD,CAN,2022-06-26 07:00:00,CORE_HR
EVT00035589,2022-06-01,EMP01179,CC0096,EN,1,Step Increment,101270.61,CAD,CA,2022-06-01 07:00:00,PAYROLL
EVT00035043,2022-06-09,EMP99999,CC0018,EC,4,Step Increment,111895.7,CAD,CA,2022-06-10 09:00:00,PAYROLL
EVT00034993,2022-06-09,EMP02631,CC0102,PA,1,Leave Start,,CAD,CA,2022-06-09 12:00:00,PAYROLL
EVT00035067,2022-06-24,EMP04903,CC0117,PA,1,Step Increment,45696.93,CAD,CAN,2022-06-25 02:00:00,CORE_HR
EVT00035015,2022-06-20,EMP01909,CC0105,PA,3,Lateral Deployment,,EUR,FR,2022-06-20 19:00:00,PAYROLL
EVT00035513,2022-06-05,EMP02473,CC0060,PA,4,Lateral Deployment,,CAD,CA,2022-06-05 14:00:00,PAYROLL
EVT00035521,2022-06-20,EMP03499,CC0044,CR,2,Lateral Deployment,,CAD,CAN,2022-06-20 22:00:00,CORE_HR
EVT00034230,2022-06-19,EMP01055,CC0115,AS,3,Step Increment,74526.67,CAD,CA,2022-06-20 08:00:00,PAYROLL
EVT00034172,2022-06-25,EMP04146,CC0060,PA,3,Leave Start,,CAD,CA,2022-06-25 23:00:00,PAYROLL
EVT00035480,2022-06-10,EMP04157,CC0010,EX,2,Hire,141139.3,CAD,CAN,2022-06-11 02:00:00,CORE_HR
EVT00034139,2022-06-05,EMP00747,CC0105,PA,1,Promotion,46335.83,SGD,SGP,2022-06-05 22:00:00,CORE_HR
EVT00034816,2022-06-02,EMP02931,CC0003,EC,1,Leave Start,,CAD,CAN,2022-06-02 16:00:00,CORE_HR
EVT00034660,2022-06-04,EMP00377,CC0039,PA,5,Leave Start,,CAD,CA,2022-06-05 00:00:00,PAYROLL
EVT00035530,2022-06-03,EMP01516,CC0024,EN,4,Performance Pay,10650.68,CAD,CA,2022-06-04 15:00:00,PAYROLL
EVT00034881,2022-06-04,EMP04361,CC0027,PA,1,Performance Pay,4757.03,CAD,CA,2022-06-04 20:00:00,PAYROLL
EVT00035472,2022-06-23,EMP02600,CC0055,FI,3,Step Increment,94566.06,CAD,CA,2022-06-24 00:00:00,PAYROLL
EVT00035347,2022-06-17,EMP02289,CC0043,AS,5,Leave Start,,CAD,CAN,2022-06-18 14:00:00,CORE_HR
EVT00034613,2022-06-25,EMP03514,CC0092,AS,1,Promotion,54014.05,CAD,CAN,2022-06-25 23:00:00,CORE_HR
EVT00034640,2022-06-03,EMP00086,CC0014,EX,1,Performance Pay,15990.87,CAD,CAN,2022-06-04 13:00:00,CORE_HR
EVT00034336,2022-06-01,EMP02541,CC0114,EN,2,Leave Return,,CAD,CA,2022-06-02 12:00:00,PAYROLL
EVT00035603,2022-06-19,EMP01298,CC0079,FI,3,Performance Pay,4964.19,CAD,CA,2022-06-20 12:00:00,PAYROLL
EVT00034509,2022-06-06,EMP04953,CC0070,PA,1,Leave Start,,CAD,CA,2022-06-06 06:00:00,PAYROLL
EVT00035361,2022-06-04,EMP01717,CC0096,EX,2,Leave Start,,CAD,CAN,2022-06-05 00:00:00,CORE_HR
EVT00033841,2022-06-13,EMP00217,CC0087,IT,2,Performance Pay,6753.63,CAD,CA,2022-06-14 05:00:00,PAYROLL
EVT00034060,2022-06-11,EMP03073,CC0006,AS,4,Leave Start,,CAD,CAN,2022-06-11 22:00:00,CORE_HR
EVT00034477,2022-06-19,EMP04754,CC0017,CR,3,Step Increment,66260.11,CAD,CAN,2022-06-20 05:00:00,CORE_HR
EVT00034447,2022-06-10,EMP02411,CC0003,PA,2,Step Increment,65383.62,CAD,CAN,2022-06-11 10:00:00,CORE_HR
EVT00034811,2022-06-07,EMP01142,CC0117,IT,3,Performance Pay,6349.36,CAD,CA,2022-06-07 15:00:00,PAYROLL
EVT00033958,2022-06-12,EMP00446,CC0004,PA,5,Step Increment,101478.88,CAD,CAN,2022-06-12 17:00:00,CORE_HR
EVT00034727,2022-06-15,EMP04107,CC0095,IT,4,Step Increment,116483.27,CAD,CAN,2022-06-16 07:00:00,CORE_HR
EVT00035199,2022-06-09,EMP01462,CC0068,PA,1,Step Increment,60276.95,CAD,CA,2022-06-09 13:00:00,PAYROLL
EVT00034532,2022-06-09,EMP00246,CC0114,FI,3,Leave Start,,CAD,CAN,2022-06-09 09:00:00,CORE_HR
EVT00034692,2022-06-09,EMP02077,CC0068,PA,2,Performance Pay,3798.91,CAD,CAN,2022-06-09 06:00:00,CORE_HR
EVT00033762,2022-06-16,EMP03152,CC0117,FI,2,Hire,75943.67,CAD,CAN,2022-06-16 22:00:00,CORE_HR
EVT00035523,2022-06-07,EMP03391,CC0029,PA,3,Leave Return,,SGD,SGP,2022-06-11 06:00:00,CORE_HR
EVT00035408,2022-06-13,EMP02487,CC0024,EX,3,Performance Pay,18310.38,CAD,CAN,2022-06-13 20:00:00,CORE_HR
EVT00035444,2022-06-26,EMP00061,CC0068,PA,4,Leave Return,,CAD,CAN,2022-06-26 12:00:00,CORE_HR
EVT00034800,2022-06-12,EMP01046,CC0035,FI,3,Performance Pay,8086.11,CAD,CAN,2022-06-13 07:00:00,CORE_HR
EVT00034590,2022-06-17,EMP02798,CC0006,PA,2,Step Increment,88768.4,CAD,CAN,2022-06-18 09:00:00,CORE_HR
EVT00035018,2022-06-11,EMP01439,CC0063,PA,2,Step Increment,75188.22,CAD,CA,2022-06-11 14:00:00,PAYROLL
EVT00034335,2022-06-15,EMP04118,CC0011,FI,1,Performance Pay,5175.05,CAD,CAN,2022-06-15 15:00:00,CORE_HR
EVT00034344,2022-06-10,EMP04696,CC0106,FI,3,Leave Start,,CAD,CA,2022-06-10 13:00:00,PAYROLL
EVT00034323,2022-06-07,EMP00697,CC0041,FI,4,Departure,,CAD,CA,2022-06-08 15:00:00,PAYROLL
EVT00034808,2022-06-26,EMP04941,CC0051,IT,2,Step Increment,92283.98,CAD,CA,2022-06-26 08:00:00,PAYROLL
EVT00035469,2022-06-23,EMP04155,CC0022,IT,5,Leave Start,,CAD,CAN,2022-06-23 08:00:00,CORE_HR
EVT00035568,2022-06-05,EMP02598,CC0068,EC,2,Leave Start,,CAD,CAN,2022-06-06 03:00:00,CORE_HR
EVT00034754,2022-06-09,EMP00750,CC0022,AS,1,Step Increment,69766.51,CAD,CAN,2022-06-10 04:00:00,CORE_HR
EVT00034704,2022-06-04,EMP00496,CC0028,PA,2,Lateral Deployment,,CAD,CAN,2022-06-05 15:00:00,CORE_HR
EVT00034394,2022-06-14,EMP00141,CC0086,IT,1,Lateral Deployment,,GBP,GBR,2022-06-14 22:00:00,CORE_HR
EVT00034889,2022-06-10,EMP04174,CC0067,AS,2,Step Increment,61062.43,CAD,CAN,2022-06-11 09:00:00,CORE_HR
EVT00035507,2022-06-24,EMP02627,CC0043,PA,1,Step Increment,67489.24,CAD,CAN,2022-06-25 11:00:00,CORE_HR
EVT00035084,2022-06-14,EMP03730,CC0115,EN,2,Leave Start,,CAD,CA,2022-06-15 14:00:00,PAYROLL
EVT00035119,2022-06-18,EMP04098,CC0111,PA,1,Step Increment,159817.02,AED,AE,2022-06-19 07:00:00,PAYROLL
EVT00034506,2022-06-20,EMP00647,CC0061,PA,2,Lateral Deployment,,CAD,CAN,2022-06-21 10:00:00,CORE_HR
EVT00035116,2022-06-14,EMP01678,CC0065,EC,3,Step Increment,9831106.28,JPY,JPN,2022-06-15 15:00:00,CORE_HR
EVT00034212,2022-06-17,EMP03502,CC0014,PA,2,Step Increment,69520.14,CAD,CA,2022-06-17 20:00:00,PAYROLL
EVT00034520,2022-06-03,EMP03916,CC0025,FI,1,Lateral Deployment,,CAD,CAN,2022-06-04 09:00:00,CORE_HR
EVT00035342,2022-06-19,EMP02828,CC0017,EN,2,Departure,,CAD,CA,2022-06-20 08:00:00,PAYROLL
EVT00035132,2022-06-14,EMP00643,CC0120,EN,3,Step Increment,111749.66,CAD,CAN,2022-06-14 10:00:00,CORE_HR
EVT00035668,2022-06-06,EMP00946,CC0073,IT,3,Leave Start,,CAD,CA,2022-06-07 09:00:00,PAYROLL
EVT00035057,2022-06-11,EMP00348,CC0113,AS,2,Leave Start,,CAD,CAN,2022-06-12 06:00:00,CORE_HR
EVT00034403,2022-06-16,EMP01794,CC0015,IT,1,Step Increment,81687.43,CAD,CA,2022-06-18 21:00:00,PAYROLL
EVT00034451,2022-06-14,EMP02615,CC0024,AS,1,Performance Pay,4166.98,CAD,CAN,2022-06-15 04:00:00,CORE_HR
EVT00035034,2022-06-16,EMP02796,CC0071,IT,4,Performance Pay,9477.73,CAD,CAN,2022-06-17 04:00:00,CORE_HR
EVT00033856,2022-06-10,EMP04988,CC0068,EC,4,Leave Return,,CAD,CA,2022-06-11 06:00:00,PAYROLL
EVT00035036,2022-06-04,EMP01465,CC0044,EC,3,Step Increment,92234.11,CAD,CAN,2022-06-05 12:00:00,CORE_HR
EVT00034528,2022-06-02,EMP00062,CC0011,IT,1,Hire,80025.55,CAD,CAN,2022-06-02 18:00:00,CORE_HR
EVT00035226,2022-06-19,EMP00224,CC0015,IT,3,Leave Start,,CAD,CAN,2022-06-20 08:00:00,CORE_HR
EVT00034818,2022-06-22,EMP00583,CC0043,AS,2,Performance Pay,8347.86,CAD,CA,2022-06-22 10:00:00,PAYROLL
EVT00034685,2022-06-27,EMP04658,CC0074,IT,1,Performance Pay,4246.46,USD,USA,2022-06-28 01:00:00,CORE_HR
EVT00033979,2022-06-26,EMP03343,CC0075,CR,1,Step Increment,53922.94,CAD,CAN,2022-06-27 03:00:00,CORE_HR
EVT00034688,2022-06-26,EMP01207,CC0016,AS,3,Step Increment,67585.49,CAD,CA,2022-06-26 19:00:00,PAYROLL
EVT00034668,2022-06-27,EMP02141,CC0067,IT,4,Leave Return,,CAD,CAN,2022-06-27 07:00:00,CORE_HR
EVT00034983,2022-06-01,EMP02338,CC0011,PA,1,Performance Pay,6710.18,CAD,CA,2022-06-01 10:00:00,PAYROLL
EVT00034848,2022-06-14,EMP03090,CC0107,CR,2,Step Increment,58183.15,CAD,CAN,2022-06-14 12:00:00,CORE_HR
EVT00034558,2022-06-15,EMP02074,CC0014,FI,1,Promotion,77417.59,CAD,CAN,2022-06-16 00:00:00,CORE_HR
EVT00033932,2022-06-04,EMP02314,CC0042,EN,1,Departure,,CAD,CA,2022-06-05 06:00:00,PAYROLL
EVT00035542,2022-06-11,EMP04427,CC0120,IT,4,Hire,118057.67,CAD,CAN,2022-06-12 04:00:00,CORE_HR
EVT00033754,2022-06-18,EMP00817,CC0058,AS,5,Leave Start,,CAD,CA,2022-06-18 19:00:00,PAYROLL
EVT00035219,2022-06-05,EMP04532,CC0023,AS,4,Step Increment,72578.26,CAD,CA,2022-06-05 10:00:00,PAYROLL
EVT00034949,2022-06-17,EMP04314,CC0019,EN,1,Leave Start,,CAD,CA,2022-06-18 04:00:00,PAYROLL
EVT00034652,2022-06-07,EMP02361,CC0066,FI,3,Hire,99503.16,CAD,CA,2022-06-07 22:00:00,PAYROLL
EVT00033780,2022-06-11,EMP00839,CC0031,CR,3,Step Increment,51149.01,USD,USA,2022-06-11 14:00:00,CORE_HR
EVT00035039,2022-06-09,EMP00125,CC0112,IT,1,Lateral Deployment,,CAD,CA,2022-06-09 16:00:00,PAYROLL
EVT00034901,2022-06-13,EMP01447,CC0092,EC,5,Leave Start,,CAD,CA,2022-06-14 08:00:00,PAYROLL
EVT00035093,2022-06-26,EMP03879,CC0069,PA,2,Leave Return,,CAD,CA,2022-06-27 13:00:00,PAYROLL
EVT00035243,2022-06-25,EMP03344,CC0036,IT,2,Hire,86915.48,CAD,CAN,2022-06-25 23:00:00,CORE_HR
EVT00034931,2022-06-19,EMP00415,CC0120,FI,2,Performance Pay,9896.63,CAD,CAN,2022-06-19 06:00:00,CORE_HR
EVT00034169,2022-06-01,EMP04694,CC0064,CR,4,Step Increment,59499.75,CAD,CA,2022-06-02 07:00:00,PAYROLL
EVT00034238,2022-06-16,EMP00765,CC0113,AS,1,Leave Return,,CAD,CAN,2022-06-17 08:00:00,CORE_HR
EVT00034988,2022-06-02,EMP02184,CC0028,FI,4,Step Increment,115881.01,CAD,CAN,2022-06-02 07:00:00,CORE_HR
EVT00034475,2022-06-11,EMP02188,CC0022,FI,3,Leave Return,,CAD,CAN,2022-06-14 05:00:00,CORE_HR
EVT00033879,2022-06-15,EMP04150,CC0032,IT,1,Leave Start,,CAD,CAN,2022-06-16 08:00:00,CORE_HR
EVT00034536,2022-06-16,EMP04489,CC0064,IT,2,Hire,87165.95,CAD,CAN,2022-06-16 11:00:00,CORE_HR
EVT00035110,2022-06-26,EMP01845,CC0019,PA,4,Performance Pay,7128.07,CAD,CAN,2022-06-27 11:00:00,CORE_HR
EVT00035354,2022-06-19,EMP02582,CC0104,EC,1,Step Increment,75002.04,CAD,CAN,2022-06-19 19:00:00,CORE_HR
EVT00033774,2022-06-11,EMP00242,CC0048,IT,1,Step Increment,78822.62,CAD,CA,2022-06-11 21:00:00,PAYROLL
EVT00035098,2022-06-27,EMP04193,CC0093,PA,2,Leave Start,,CAD,CA,2022-06-28 00:00:00,PAYROLL
EVT00034466,2022-06-13,EMP01562,CC0046,CR,4,Step Increment,52049.24,EUR,DEU,2022-06-14 02:00:00,CORE_HR
EVT00034888,2022-06-04,EMP02090,CC0025,FI,1,Departure,,CAD,CA,2022-06-05 13:00:00,PAYROLL
EVT00034481,2022-06-05,EMP01486,CC0076,IT,1,Leave Start,,CAD,CA,2022-06-06 13:00:00,PAYROLL
EVT00034861,2022-06-10,EMP02613,CC0103,PA,2,Step Increment,75684.84,CAD,CA,2022-06-11 13:00:00,PAYROLL
EVT00034741,2022-06-01,EMP03223,CC0061,CR,1,Departure,,CAD,CAN,2022-06-02 15:00:00,CORE_HR
EVT00035027,2022-06-05,EMP00144,CC0106,FI,3,Leave Return,,CAD,CA,2022-06-05 19:00:00,PAYROLL
EVT00035023,2022-06-12,EMP00450,CC0103,IT,5,Promotion,145190.65,CAD,CAN,2022-06-13 03:00:00,CORE_HR
EVT00034832,2022-06-22,EMP01202,CC0061,CR,2,Leave Start,,CAD,CAN,2022-06-23 12:00:00,CORE_HR
EVT00035509,2022-06-25,EMP02652,CC0031,IT,3,Departure,,KES,KE,2022-06-25 07:00:00,PAYROLL
EVT00034099,2022-06-13,EMP02466,CC0051,CR,3,Step Increment,60258.68,CAD,CA,2022-06-13 21:00:00,PAYROLL
EVT00034535,2022-06-04,EMP04029,CC0019,FI,1,Step Increment,74741.17,CAD,CAN,2022-06-05 15:00:00,CORE_HR
EVT00034079,2022-06-05,EMP04676,CC0098,IT,1,Hire,72875.1,CAD,CAN,2022-06-05 07:00:00,CORE_HR
EVT00034927,2022-06-16,EMP00026,CC0065,FI,3,Step Increment,58183.15,GBP,GBR,2022-06-17 06:00:00,CORE_HR
EVT00034625,2022-06-16,EMP04205,CC0085,EC,1,Lateral Deployment,,CAD,CA,2022-06-17 05:00:00,PAYROLL
EVT00035493,2022-06-18,EMP02648,CC0070,CR,4,Leave Return,,CAD,CAN,2022-06-18 10:00:00,CORE_HR
EVT00034343,2022-06-06,EMP03355,CC0087,FI,3,Lateral Deployment,,CAD,CAN,2022-06-06 21:00:00,CORE_HR
EVT00034244,2022-06-15,EMP03590,CC0087,PA,3,Performance Pay,6186.31,CAD,CAN,2022-06-16 10:00:00,CORE_HR
EVT00035651,2022-06-01,EMP03826,CC0092,IT,1,Performance Pay,7171.26,CAD,CA,2022-06-01 18:00:00,PAYROLL
EVT00034489,2022-06-16,EMP01090,CC0067,AS,1,Performance Pay,6867.08,CAD,CAN,2022-06-17 08:00:00,CORE_HR
EVT00035533,2022-06-02,EMP03726,CC0026,CR,3,Step Increment,57476.89,CAD,CAN,2022-06-02 12:00:00,CORE_HR
EVT00035233,2022-06-15,EMP02054,CC0010,FI,3,Leave Start,,CAD,CA,2022-06-16 14:00:00,PAYROLL
EVT00034397,2022-06-25,EMP01178,CC0060,AS,3,Performance Pay,4173.55,CAD,CA,2022-06-26 05:00:00,PAYROLL
EVT00035278,2022-06-03,EMP02781,CC0053,PA,1,Step Increment,65664.55,CAD,CAN,2022-06-03 23:00:00,CORE_HR
EVT00035112,2022-06-20,EMP00929,CC0065,AS,3,Step Increment,46612.06,EUR,FR,2022-06-21 08:00:00,PAYROLL
EVT00035019,2022-06-03,EMP02625,CC0031,EC,5,Lateral Deployment,,KES,KEN,2022-06-03 06:00:00,CORE_HR
EVT00034144,2022-06-10,EMP01590,CC0011,FI,1,Lateral Deployment,,CAD,CA,2022-06-11 10:00:00,PAYROLL
EVT00035650,2022-06-16,EMP01449,CC0112,IT,1,Leave Return,,CAD,CA,2022-06-16 15:00:00,PAYROLL
EVT00033875,2022-06-08,EMP02712,CC0066,FI,1,Step Increment,70197.61,CAD,CA,2022-06-08 14:00:00,PAYROLL
EVT00035633,2022-06-10,EMP04606,CC0107,EX,1,Step Increment,133808.47,CAD,CAN,2022-06-10 14:00:00,CORE_HR
EVT00034002,2022-06-15,EMP00046,CC0027,PA,2,Performance Pay,6349.42,XXX,CAN,2022-06-15 06:00:00,CORE_HR
EVT00034408,2022-06-24,EMP01089,CC0061,FI,3,Leave Start,,CAD,CA,2022-06-25 03:00:00,PAYROLL
EVT00034729,2022-06-01,EMP00352,CC0048,FI,3,Departure,,CAD,CA,2022-06-01 11:00:00,PAYROLL
EVT00035248,2022-06-15,EMP02124,CC0033,AS,4,Step Increment,76553.49,CAD,CAN,2022-06-16 14:00:00,CORE_HR
EVT00035003,2022-06-06,EMP02917,CC0013,FI,2,Step Increment,86127.21,CAD,CA,2022-06-06 13:00:00,PAYROLL
EVT00035417,2022-06-07,EMP04188,CC0026,IT,5,Step Increment,139216.9,CAD,CAN,2022-06-07 06:00:00,CORE_HR
EVT00035445,2022-06-02,EMP01564,CC0112,EX,2,Leave Start,,CAD,CA,2022-06-03 15:00:00,PAYROLL
EVT00034065,2022-06-01,EMP01828,CC0026,PA,4,Departure,,CAD,CAN,2022-06-01 17:00:00,CORE_HR
EVT00034559,2022-06-02,EMP02167,CC0007,PA,1,Lateral Deployment,,SGD,SG,2022-06-02 20:00:00,PAYROLL
EVT00033759,2022-06-15,EMP03722,CC0028,AS,1,Performance Pay,7466.59,CAD,CA,2022-06-15 08:00:00,PAYROLL
EVT00034391,2022-06-02,EMP02753,CC0117,FI,3,Step Increment,97288.9,CAD,CAN,2022-06-02 14:00:00,CORE_HR
EVT00035026,2022-06-24,EMP02661,CC0062,AS,3,Promotion,75387.34,CAD,CAN,2022-06-25 12:00:00,CORE_HR
EVT00034783,2022-06-12,EMP00145,CC0072,AS,2,Lateral Deployment,,CAD,CA,2022-06-12 23:00:00,PAYROLL
EVT00035648,2022-06-07,EMP01256,CC0008,FI,3,Step Increment,107824.33,CAD,CAN,2022-06-07 21:00:00,CORE_HR
EVT00035004,2022-06-15,EMP04764,CC0022,EC,1,Step Increment,67393.5,CAD,CAN,2022-06-16 11:00:00,CORE_HR
EVT00034648,2022-06-26,EMP01285,CC0083,EC,4,Performance Pay,6045.68,CAD,CAN,2022-06-27 05:00:00,CORE_HR
EVT00034696,2022-06-23,EMP00017,CC0120,PA,3,Leave Return,,CAD,CAN,2022-06-24 10:00:00,CORE_HR
EVT00035670,2022-06-23,EMP01659,CC0043,IT,2,Step Increment,96521.9,CAD,CAN,2022-06-24 12:00:00,CORE_HR
EVT00035341,2022-06-06,EMP04827,CC0092,EC,1,Performance Pay,8013.91,CAD,CAN,2022-06-06 19:00:00,CORE_HR
EVT00034511,2022-06-02,EMP04387,CC0033,PA,5,Step Increment,100209.59,CAD,CA,2022-06-03 08:00:00,PAYROLL
EVT00034621,2022-06-14,EMP03435,CC0021,IT,3,Step Increment,110820.97,CAD,CAN,2022-06-15 11:00:00,CORE_HR
EVT00034749,2022-06-02,EMP01069,CC0116,EC,3,Leave Start,,CAD,CAN,2022-06-03 05:00:00,CORE_HR
EVT00034228,2022-06-27,EMP02484,CC0089,EC,2,Departure,,CAD,CA,2022-06-28 10:00:00,PAYROLL
EVT00034107,2022-06-25,EMP03787,CC0010,AS,1,Lateral Deployment,,CAD,CAN,2022-06-25 11:00:00,CORE_HR
EVT00034117,2022-06-06,EMP01005,CC0102,PA,1,Step Increment,60790.03,CAD,CA,2022-06-07 12:00:00,PAYROLL
EVT00034016,2022-06-20,EMP03766,CC0096,CR,4,Step Increment,68128.88,CAD,CA,2022-06-20 23:00:00,PAYROLL
EVT00034291,2022-06-06,EMP00408,CC0025,PA,4,Lateral Deployment,,CAD,CA,2022-06-06 23:00:00,PAYROLL
EVT00035624,2022-06-27,EMP03045,CC0065,FI,1,Leave Return,,EUR,DEU,2022-06-28 14:00:00,CORE_HR
EVT00034825,2022-06-22,EMP02789,CC0006,PA,4,Step Increment,87148.57,CAD,CA,2022-06-23 02:00:00,PAYROLL
EVT00035538,2022-06-19,EMP04014,CC0104,IT,4,Step Increment,110884.59,CAD,CAN,2022-06-19 22:00:00,CORE_HR
EVT00034061,2022-06-01,EMP02086,CC0058,PA,1,Step Increment,76843.33,CAD,CA,2022-06-01 21:00:00,PAYROLL
EVT00034332,2022-06-05,EMP00363,CC0069,AS,3,Leave Return,,CAD,CAN,2022-06-05 22:00:00,CORE_HR
EVT00035507,2022-06-24,EMP02627,CC0043,PA,1,Step Increment,67489.24,CAD,CAN,2022-06-27 19:00:00,CORE_HR
EVT00033925,2022-06-02,EMP02310,CC0008,FI,2,Step Increment,78019.49,CAD,CA,2022-06-03 03:00:00,PAYROLL
EVT00035141,2022-06-19,EMP02385,CC0056,EN,1,Performance Pay,4355.74,CAD,CAN,2022-06-20 05:00:00,CORE_HR
EVT00035299,2022-06-18,EMP03780,CC0104,EC,2,Leave Start,,CAD,CA,2022-06-19 05:00:00,PAYROLL
EVT00035577,2022-06-10,EMP01185,CC0119,PA,1,Leave Return,,CAD,CAN,2022-06-10 17:00:00,CORE_HR
EVT00034512,2022-06-27,EMP00372,CC0029,EN,1,Step Increment,8826185.35,JPY,JPN,2022-06-27 16:00:00,CORE_HR
EVT00034633,2022-06-10,EMP03515,CC0071,PA,4,Leave Start,,CAD,CA,2022-06-11 02:00:00,PAYROLL
EVT00033934,2022-06-19,EMP03751,CC0044,IT,1,Step Increment,93691.82,CAD,CA,2022-06-20 09:00:00,PAYROLL
EVT00035295,2022-06-12,EMP02599,CC0087,PA,1,Leave Return,,CAD,CA,2022-06-12 06:00:00,PAYROLL
EVT00034705,2022-06-12,EMP03135,CC0112,CR,1,Leave Start,,CAD,CA,2022-06-14 21:00:00,PAYROLL
EVT00034690,2022-06-04,EMP04040,CC0045,EX,2,Leave Start,,CAD,CA,2022-06-04 16:00:00,PAYROLL
EVT00035495,2022-06-08,EMP03504,CC0108,PA,2,Leave Start,,MXN,MX,2022-06-08 22:00:00,PAYROLL
EVT00033984,2022-06-25,EMP02304,CC0050,IT,1,Leave Return,,CAD,CA,2022-06-27 00:00:00,PAYROLL
EVT00034019,2022-06-23,EMP03316,CC0009,EX,1,Lateral Deployment,,EUR,FRA,2022-06-24 01:00:00,CORE_HR
EVT00034653,2022-06-24,EMP03626,CC0055,IT,2,Leave Return,,CAD,CAN,2022-06-24 14:00:00,CORE_HR
EVT00035394,2022-06-01,EMP03758,CC0007,AS,3,Leave Return,,AED,AE,2022-06-02 11:00:00,PAYROLL
EVT00034513,2022-06-12,EMP02030,CC0104,PA,1,Leave Start,,CAD,CAN,2022-06-12 12:00:00,CORE_HR
EVT00035315,2022-06-21,EMP03229,CC0035,PA,1,Step Increment,64039.57,CAD,CA,2022-06-21 10:00:00,PAYROLL
EVT00035422,2022-06-25,EMP00057,CC0022,EN,4,Lateral Deployment,,CAD,CA,2022-06-26 15:00:00,PAYROLL
EVT00035307,2022-06-20,EMP01360,CC0049,AS,5,Performance Pay,6013.84,EUR,FR,2022-06-20 15:00:00,PAYROLL
EVT00035363,2022-06-08,EMP02975,CC0033,EX,3,Step Increment,166321.25,CAD,CAN,2022-06-09 00:00:00,CORE_HR
EVT00034553,2022-06-03,EMP02201,CC0080,EC,1,Leave Return,,AUD,AUS,2022-06-03 22:00:00,CORE_HR
EVT00034480,2022-06-21,EMP02769,CC0057,FI,2,Leave Return,,CAD,CAN,2022-06-21 21:00:00,CORE_HR
EVT00034591,2022-06-04,EMP04647,CC0045,EX,2,Step Increment,116243.08,CAD,CAN,2022-06-05 12:00:00,CORE_HR
EVT00035047,2022-06-03,EMP02413,CC0093,EX,1,Step Increment,144256.23,CAD,CA,2022-06-04 06:00:00,PAYROLL
EVT00035159,2022-06-06,EMP04897,CC0068,PA,2,Leave Start,,CAD,CAN,2022-06-06 22:00:00,CORE_HR
EVT00035398,2022-06-14,EMP01282,CC0018,AS,2,Step Increment,67122.05,CAD,CA,2022-06-14 15:00:00,PAYROLL
EVT00035431,2022-06-10,EMP01206,CC0109,EN,3,Departure,,CAD,CA,2022-06-10 13:00:00,PAYROLL
EVT00035058,2022-06-09,EMP04305,CC0096,AS,1,Leave Return,,CAD,CA,2022-06-09 19:00:00,PAYROLL
EVT00034907,2022-06-21,EMP04850,CC0010,AS,2,Step Increment,60309.93,CAD,CAN,2022-06-22 04:00:00,CORE_HR
EVT00034636,2022-06-16,EMP00293,CC0037,IT,2,Step Increment,110742.34,CAD,CAN,2022-06-16 14:00:00,CORE_HR
EVT00034862,2022-06-21,EMP02559,CC0104,EX,1,Hire,129278.07,CAD,CAN,2022-06-21 16:00:00,CORE_HR
EVT00034208,2022-06-17,EMP00288,CC0100,CR,4,Step Increment,67122.16,CAD,CA,2022-06-18 01:00:00,PAYROLL
EVT00035510,2022-06-25,EMP02974,CC0075,EX,3,Leave Return,,CAD,CAN,2022-06-25 18:00:00,CORE_HR
EVT00035166,2022-06-10,EMP02625,CC0031,EC,5,Step Increment,89027.81,EUR,DE,2022-06-11 09:00:00,PAYROLL
EVT00034733,2022-06-06,EMP02324,CC0084,CR,4,Departure,,CAD,CAN,2022-06-06 11:00:00,CORE_HR
EVT00035446,2022-06-24,EMP02517,CC0053,AS,3,Step Increment,75513.4,CAD,CAN,2022-06-25 07:00:00,CORE_HR
EVT00034806,2022-06-17,EMP00933,CC0053,PA,2,Leave Return,,CAD,CAN,2022-06-17 13:00:00,CORE_HR
EVT00034909,2022-06-08,EMP04093,CC0015,EN,3,Leave Start,,CAD,CAN,2022-06-08 23:00:00,CORE_HR
EVT00034330,2022-06-18,EMP02967,CC0099,CR,5,Lateral Deployment,,CAD,CAN,2022-06-18 16:00:00,CORE_HR
EVT00034201,2022-06-21,EMP02119,CC0062,IT,5,Leave Return,,CAD,CAN,2022-06-22 02:00:00,CORE_HR
EVT00035106,2022-06-14,EMP00941,CC0089,FI,3,Step Increment,88286.63,CAD,CA,2022-06-14 15:00:00,PAYROLL
EVT00034135,2022-06-10,EMP04939,CC0096,EX,1,Step Increment,135662.71,CAD,CA,2022-06-10 14:00:00,PAYROLL
EVT00034918,2022-06-26,EMP03127,CC0001,AS,3,Step Increment,58774.25,CAD,CA,2022-06-26 12:00:00,PAYROLL
EVT00034569,2022-06-17,EMP00138,CC0006,CR,1,Lateral Deployment,,CAD,CA,2022-06-17 22:00:00,PAYROLL
EVT00035494,2022-06-06,EMP03885,CC0072,AS,2,Lateral Deployment,,CAD,CAN,2022-06-06 06:00:00,CORE_HR
EVT00034714,2022-06-02,EMP04954,CC0009,PA,3,Step Increment,301118.45,BRL,BRA,2022-06-03 10:00:00,CORE_HR
EVT00034235,2022-06-22,EMP03275,CC0057,CR,1,Departure,,CAD,CAN,2022-06-23 15:00:00,CORE_HR
EVT00034083,2022-06-15,EMP01008,CC0061,FI,2,Step Increment,90341.35,CAD,CA,2022-06-16 11:00:00,PAYROLL
EVT00033795,2022-06-24,EMP00213,CC0087,PA,2,Step Increment,77568.21,CAD,CAN,2022-06-25 00:00:00,CORE_HR
EVT00034474,2022-06-19,EMP03346,CC0033,EC,2,Lateral Deployment,,CAD,CA,2022-06-20 05:00:00,PAYROLL
EVT00035022,2022-06-14,EMP03030,CC0069,FI,3,Leave Start,,CAD,CA,2022-06-15 04:00:00,PAYROLL
EVT00034689,2022-06-25,EMP03554,CC0048,CR,3,Performance Pay,5015.1,CAD,CAN,2022-06-25 21:00:00,CORE_HR
EVT00033755,2022-06-12,EMP03265,CC0073,IT,4,Departure,,CAD,CAN,2022-06-12 13:00:00,CORE_HR
EVT00033786,2022-06-25,EMP00943,CC0101,EN,1,Hire,81456.81,CAD,CAN,2022-06-25 20:00:00,CORE_HR
EVT00034000,2022-06-11,EMP00990,CC0068,IT,1,Step Increment,72631.12,CAD,CA,2022-06-11 12:00:00,PAYROLL
EVT00034008,2022-06-18,EMP04427,CC0120,IT,4,Leave Return,,CAD,CAN,2022-06-18 15:00:00,CORE_HR
EVT00034452,2022-06-07,EMP03018,CC0043,IT,1,Lateral Deployment,,CAD,CAN,2022-06-08 00:00:00,CORE_HR
EVT00033989,2022-06-10,EMP04835,CC0047,PA,1,Performance Pay,2652.89,CAD,CAN,2022-06-10 14:00:00,CORE_HR
EVT00034617,2022-06-16,EMP00871,CC0037,EC,5,Departure,,CAD,CA,2022-06-17 14:00:00,PAYROLL
EVT00034853,2022-06-02,EMP01484,CC0065,EX,1,Leave Start,,AED,ARE,2022-06-02 21:00:00,CORE_HR
EVT00034195,2022-06-27,EMP01789,CC0107,EN,2,Step Increment,94067.59,CAD,CAN,2022-06-28 14:00:00,CORE_HR
EVT00034304,2022-06-01,EMP01849,CC0083,PA,5,Promotion,106441.87,CAD,CAN,2022-06-01 17:00:00,CORE_HR
EVT00034192,2022-06-10,EMP03557,CC0009,PA,2,Performance Pay,5190.33,GBP,GBR,2022-06-10 11:00:00,CORE_HR
EVT00035024,2022-06-09,EMP00217,CC0087,IT,2,Performance Pay,4428.2,CAD,CAN,2022-06-09 07:00:00,CORE_HR
EVT00033999,2022-06-04,EMP00835,CC0009,PA,2,Leave Return,,MXN,MX,2022-06-04 10:00:00,PAYROLL
EVT00033763,2022-06-10,EMP04596,CC0057,FI,3,Performance Pay,7251.02,CAD,CAN,2022-06-11 02:00:00,CORE_HR
EVT00034385,2022-06-26,EMP00505,CC0055,EN,2,Performance Pay,5797.1,CAD,CAN,2022-06-27 15:00:00,CORE_HR
EVT00035151,2022-06-01,EMP00327,CC0027,EN,1,Performance Pay,7368.31,CAD,CAN,2022-06-02 07:00:00,CORE_HR
EVT00034537,2022-06-17,EMP02041,CC0035,EC,4,Step Increment,118268.55,CAD,CAN,2022-06-17 21:00:00,CORE_HR
EVT00035517,2022-06-07,EMP04246,CC0109,EC,3,Lateral Deployment,,CAD,CAN,2022-06-08 15:00:00,CORE_HR
EVT00034587,2022-06-26,EMP00940,CC0113,IT,1,Promotion,75101.14,CAD,CAN,2022-06-27 00:00:00,CORE_HR
EVT00035182,2022-06-21,EMP03131,CC0102,CR,5,Performance Pay,7482.81,CAD,CA,2022-06-22 00:00:00,PAYROLL
EVT00033942,2022-06-05,EMP04922,CC0055,PA,1,Hire,62045.29,CAD,CAN,2022-06-06 03:00:00,CORE_HR
EVT00034353,2022-06-05,EMP00510,CC0053,PA,3,Performance Pay,4391.63,CAD,CAN,2022-06-08 05:00:00,CORE_HR
EVT00035508,2022-06-03,EMP04098,CC0111,PA,1,Step Increment,6690567.69,JPY,JPN,2022-06-04 03:00:00,CORE_HR
EVT00034216,2022-06-12,EMP04313,CC0081,AS,1,Performance Pay,6580.63,CAD,CAN,2022-06-13 02:00:00,CORE_HR
EVT00035040,2022-06-05,EMP01642,CC0011,PA,2,Leave Start,,CAD,CAN,2022-06-05 18:00:00,CORE_HR
EVT00035252,2022-06-25,EMP03946,CC0034,EC,2,Lateral Deployment,,CAD,CAN,2022-06-25 22:00:00,CORE_HR
EVT00035316,2022-06-12,EMP00289,CC0015,FI,3,Step Increment,109383.48,CAD,CAN,2022-06-13 10:00:00,CORE_HR
EVT00034081,2022-06-23,EMP03030,CC0069,FI,3,Step Increment,90986.49,CAD,CA,2022-06-24 12:00:00,PAYROLL
EVT00034239,2022-06-10,EMP03551,CC0089,AS,2,Step Increment,57243.39,CAD,CAN,2022-06-11 11:00:00,CORE_HR
EVT00033920,2022-06-15,EMP04943,CC0018,EN,4,Step Increment,118034.34,CAD,CA,2022-06-16 09:00:00,PAYROLL
EVT00034310,2022-06-18,EMP00316,CC0007,EX,1,Step Increment,80080.1,GBP,GBR,2022-06-19 01:00:00,CORE_HR
EVT00035311,2022-06-07,EMP03263,CC0015,IT,1,Step Increment,75605.43,CAD,CAN,2022-06-07 21:00:00,CORE_HR
EVT00035551,2022-06-02,EMP03438,CC0071,IT,1,Performance Pay,3257.45,CAD,CA,2022-06-03 05:00:00,PAYROLL
EVT00033891,2022-06-12,EMP02026,CC0094,EC,3,Step Increment,102692.25,CAD,CAN,2022-06-12 19:00:00,CORE_HR
EVT00034001,2022-06-21,EMP01208,CC0032,AS,3,Step Increment,75224.62,CAD,CAN,2022-06-21 06:00:00,CORE_HR
EVT00034024,2022-06-09,EMP04927,CC0058,AS,4,Performance Pay,10323.58,CAD,CA,2022-06-10 12:00:00,PAYROLL
EVT00035143,2022-06-04,EMP02997,CC0085,FI,4,Departure,,CAD,CAN,2022-06-04 06:00:00,CORE_HR
EVT00035139,2022-06-02,EMP02277,CC0098,FI,3,Leave Return,,CAD,CAN,2022-06-02 08:00:00,CORE_HR
EVT00035351,2022-06-14,EMP01601,CC0015,PA,2,Leave Return,,CAD,CAN,2022-06-15 13:00:00,CORE_HR
EVT00035637,2022-06-10,EMP00631,CC0015,AS,1,Hire,59383.9,CAD,CAN,2022-06-10 07:00:00,CORE_HR
EVT00034378,2022-06-11,EMP02055,CC0060,EX,1,Performance Pay,12691.61,CAD,CAN,2022-06-12 12:00:00,CORE_HR
EVT00034777,2022-06-24,EMP04290,CC0008,CR,2,Promotion,62357.65,CAD,CA,2022-06-24 16:00:00,PAYROLL
EVT00033946,2022-06-17,EMP01996,CC0027,PA,1,Leave Return,,CAD,CA,2022-06-19 21:00:00,PAYROLL
EVT00035006,2022-06-16,EMP01972,CC0084,PA,2,Step Increment,66008.52,CAD,CAN,2022-06-17 10:00:00,CORE_HR
EVT00035090,2022-06-18,EMP04784,CC0036,FI,2,Performance Pay,4578.84,CAD,CAN,2022-06-19 13:00:00,CORE_HR
EVT00035592,2022-06-05,EMP02381,CC0080,FI,2,Step Increment,1044701.78,MXN,MEX,2022-06-06 05:00:00,CORE_HR
EVT00033824,2022-06-17,EMP04784,CC0036,FI,2,Step Increment,89394.62,CAD,CAN,2022-06-17 21:00:00,CORE_HR
EVT00034793,2022-06-09,EMP01628,CC0103,EC,1,Hire,90811.36,CAD,CAN,2022-06-10 07:00:00,CORE_HR
EVT00034425,2022-06-16,EMP03857,CC0095,EC,2,Step Increment,93523.51,CAD,CAN,2022-06-16 19:00:00,CORE_HR
EVT00035265,2022-06-27,EMP01406,CC0073,PA,3,Lateral Deployment,,CAD,CAN,2022-06-27 21:00:00,CORE_HR
EVT00034527,2022-06-24,EMP03660,CC0035,CR,1,Leave Return,,CAD,CAN,2022-06-24 07:00:00,CORE_HR
EVT00034597,2022-06-14,EMP00931,CC0017,IT,1,Step Increment,62254.04,CAD,CA,2022-06-14 16:00:00,PAYROLL
EVT00034089,2022-06-26,EMP01152,CC0031,AS,4,Performance Pay,4909.5,EUR,FR,2022-06-26 10:00:00,PAYROLL
EVT00034759,2022-06-09,EMP01396,CC0045,AS,2,Lateral Deployment,,CAD,CA,2022-06-10 12:00:00,PAYROLL
EVT00034917,2022-06-01,EMP02648,CC0070,CR,4,Leave Return,,CAD,CA,2022-06-02 07:00:00,PAYROLL
EVT00035621,2022-06-17,EMP03777,CC0105,IT,1,Performance Pay,55010.93,MXN,MEX,2022-06-18 06:00:00,CORE_HR
EVT00035244,2022-06-22,EMP02497,CC0106,EN,3,Lateral Deployment,,CAD,CA,2022-06-22 23:00:00,PAYROLL
EVT00034830,2022-06-02,EMP02560,CC0046,PA,2,Step Increment,47221.49,GBP,GB,2022-06-03 06:00:00,PAYROLL
EVT00035124,2022-06-26,EMP03829,CC0084,EX,1,Promotion,145653.64,CAD,CAN,2022-06-26 19:00:00,CORE_HR
EVT00034039,2022-06-03,EMP00831,CC0078,PA,1,Step Increment,52836.23,CAD,CAN,2022-06-03 09:00:00,CORE_HR
EVT00034794,2022-06-27,EMP00141,CC0086,IT,1,Departure,,JPY,JP,2022-06-28 08:00:00,PAYROLL
EVT00034792,2022-06-10,EMP02678,CC0025,CR,1,Lateral Deployment,,CAD,CAN,2022-06-10 19:00:00,CORE_HR
EVT00034857,2022-06-21,EMP00121,CC0113,FI,2,Step Increment,80234.72,CAD,CAN,2022-06-21 08:00:00,CORE_HR
EVT00035204,2022-06-27,EMP04433,CC0063,FI,1,Promotion,51990.23,CAD,CAN,2022-06-28 07:00:00,CORE_HR
EVT00034820,2022-06-23,EMP04034,CC0014,PA,2,Leave Return,,CAD,CAN,2022-06-23 21:00:00,CORE_HR
EVT00034243,2022-06-06,EMP00290,CC0021,EX,1,Step Increment,140314.56,CAD,CA,2022-06-07 15:00:00,PAYROLL
EVT00034583,2022-06-05,EMP01840,CC0054,EC,1,Step Increment,6373710.68,JPY,JP,2022-06-05 13:00:00,PAYROLL
EVT00035573,2022-06-10,EMP00209,CC0026,FI,2,Hire,81776.07,CAD,CAN,2022-06-10 23:00:00,CORE_HR
EVT00034956,2022-06-17,EMP02195,CC0029,PA,2,Departure,,JPY,JP,2022-06-18 20:00:00,PAYROLL
EVT00034495,2022-06-19,EMP01245,CC0081,EX,1,Step Increment,128670.23,CAD,CAN,2022-06-20 15:00:00,CORE_HR
EVT00035220,2022-06-21,EMP00342,CC0020,CR,4,Promotion,64909.86,CAD,CAN,2022-06-21 20:00:00,CORE_HR
EVT00034059,2022-06-17,EMP01167,CC0078,AS,3,Step Increment,81083.1,CAD,CAN,2022-06-18 09:00:00,CORE_HR
EVT00034106,2022-06-27,EMP01146,CC0076,FI,1,Performance Pay,5452.43,CAD,CAN,2022-06-28 04:00:00,CORE_HR
EVT00034747,2022-06-07,EMP02720,CC0049,PA,5,Performance Pay,8457.52,EUR,DE,2022-06-08 05:00:00,PAYROLL
EVT00035086,2022-06-25,EMP01085,CC0035,FI,3,Performance Pay,12019.85,CAD,CAN,2022-06-27 13:00:00,CORE_HR
EVT00034299,2022-06-26,EMP00964,CC0120,EC,1,Promotion,66898.72,CAD,CAN,2022-06-27 12:00:00,CORE_HR
EVT00034987,2022-06-14,EMP03409,CC0086,CR,3,Step Increment,49950.63,EUR,DEU,2022-06-15 14:00:00,CORE_HR
EVT00035425,2022-06-01,EMP01119,CC0114,FI,2,Lateral Deployment,,CAD,CAN,2022-06-01 20:00:00,CORE_HR
EVT00035481,2022-06-02,EMP04082,CC0103,IT,2,Step Increment,90465.15,CAD,CAN,2022-06-03 13:00:00,CORE_HR
EVT00035506,2022-06-22,EMP02162,CC0101,EC,5,Leave Return,,CAD,CAN,2022-06-23 10:00:00,CORE_HR
EVT00033963,2022-06-14,EMP02012,CC0077,PA,1,Step Increment,67153.23,CAD,CAN,2022-06-15 06:00:00,CORE_HR
EVT00035442,2022-06-03,EMP03607,CC0064,AS,5,Step Increment,79680.97,CAD,CA,2022-06-03 13:00:00,PAYROLL
EVT00034877,2022-06-03,EMP03125,CC0083,IT,2,Leave Start,,CAD,CA,2022-06-03 11:00:00,PAYROLL
EVT00035328,2022-06-07,EMP03140,CC0068,IT,2,Leave Start,,CAD,CAN,2022-06-07 07:00:00,CORE_HR
EVT00034177,2022-06-07,EMP00357,CC0008,EC,3,Leave Start,,CAD,CAN,2022-06-08 12:00:00,CORE_HR
EVT00034878,2022-06-11,EMP03155,CC0025,IT,1,Step Increment,78679.3,CAD,CA,2022-06-12 07:00:00,PAYROLL
EVT00034697,2022-06-12,EMP04626,CC0115,PA,1,Step Increment,63992.55,CAD,CAN,2022-06-12 08:00:00,CORE_HR
EVT00034006,2022-06-17,EMP04503,CC0081,FI,1,Leave Start,,CAD,CAN,2022-06-18 12:00:00,CORE_HR
EVT00033959,2022-06-01,EMP00108,CC0119,PA,2,Step Increment,53308.45,CAD,CAN,2022-06-02 12:00:00,CORE_HR
EVT00034719,2022-06-23,EMP00713,CC0004,AS,5,Lateral Deployment,,CAD,CAN,2022-06-23 08:00:00,CORE_HR
EVT00034905,2022-06-23,EMP04513,CC0053,PA,2,Promotion,64767.71,CAD,CAN,2022-06-24 11:00:00,CORE_HR
EVT00035256,2022-06-23,EMP00626,CC0050,AS,2,Step Increment,75936.67,CAD,CAN,2022-06-23 14:00:00,CORE_HR
EVT00035640,2022-06-12,EMP01700,CC0076,FI,1,Leave Start,,CAD,CA,2022-06-12 20:00:00,PAYROLL
EVT00033793,2022-06-17,EMP00927,CC0056,EN,1,Step Increment,86240.49,CAD,CAN,2022-06-18 02:00:00,CORE_HR
EVT00034463,2022-06-02,EMP00607,CC0094,EN,2,Step Increment,99868.19,CAD,CAN,2022-06-02 10:00:00,CORE_HR
EVT00035439,2022-06-09,EMP04954,CC0009,PA,3,Leave Start,,EUR,DEU,2022-06-09 17:00:00,CORE_HR
EVT00034543,2022-06-25,EMP02397,CC0040,PA,1,Promotion,60613.07,CAD,CAN,2022-06-25 07:00:00,CORE_HR
EVT00034296,2022-06-02,EMP04261,CC0005,IT,2,Performance Pay,12024.56,CAD,CA,2022-06-02 08:00:00,PAYROLL
EVT00034564,2022-06-27,EMP01499,CC0010,PA,2,Leave Start,,CAD,CA,2022-06-28 01:00:00,PAYROLL
EVT00035627,2022-06-05,EMP04565,CC0086,CR,1,Step Increment,36887.43,EUR,FRA,2022-06-08 23:00:00,CORE_HR
EVT00034896,2022-06-02,EMP00045,CC0002,CR,2,Step Increment,60138.48,CAD,CA,2022-06-02 17:00:00,PAYROLL
EVT00035374,2022-06-03,EMP04495,CC0014,FI,4,Leave Start,,CAD,CAN,2022-06-04 00:00:00,CORE_HR
EVT00035665,2022-06-13,EMP02018,CC0077,EC,2,Leave Start,,CAD,CA,2022-06-14 13:00:00,PAYROLL
EVT00035457,2022-06-13,EMP01620,CC0079,EX,1,Leave Start,,CAD,CA,2022-06-13 20:00:00,PAYROLL
EVT00034740,2022-06-24,EMP00512,CC0026,PA,2,Step Increment,64899.29,CAD,CAN,2022-06-25 02:00:00,CORE_HR
EVT00035535,2022-06-11,EMP00263,CC0014,EX,1,Performance Pay,7937.67,CAD,CA,2022-06-11 22:00:00,PAYROLL
EVT00034705,2022-06-12,EMP03135,CC0112,CR,1,Leave Start,,CAD,CA,2022-06-12 15:00:00,PAYROLL
EVT00034752,2022-06-17,EMP03608,CC0006,AS,2,Step Increment,48866.16,CAD,CAN,2022-06-18 11:00:00,CORE_HR
EVT00034317,2022-06-02,EMP04332,CC0027,PA,4,Leave Start,,CAD,CAN,2022-06-03 00:00:00,CORE_HR
EVT00034150,2022-06-10,EMP01869,CC0107,AS,1,Promotion,47064.45,CAD,CAN,2022-06-10 17:00:00,CORE_HR
EVT00034790,2022-06-04,EMP00509,CC0032,IT,3,Performance Pay,14791.29,CAD,CAN,2022-06-05 14:00:00,CORE_HR
EVT00033985,2022-06-24,EMP03608,CC0006,AS,2,Step Increment,59583.5,CAD,CAN,2022-06-25 14:00:00,CORE_HR
EVT00034033,2022-06-21,EMP02837,CC0109,EN,5,Lateral Deployment,,CAD,CA,2022-06-22 13:00:00,PAYROLL
EVT00033859,2022-06-22,EMP01026,CC0072,FI,1,Leave Start,,CAD,CA,2022-06-22 10:00:00,PAYROLL
EVT00035297,2022-06-23,EMP00433,CC0007,FI,1,Performance Pay,346048.77,KES,KE,2022-06-24 04:00:00,PAYROLL
EVT00034254,2022-06-11,EMP03866,CC0096,AS,2,Step Increment,59897.42,CAD,CAN,2022-06-11 06:00:00,CORE_HR
EVT00035127,2022-06-12,EMP02193,CC0108,FI,3,Leave Start,,USD,USA,2022-06-13 10:00:00,CORE_HR
EVT00034362,2022-06-06,EMP02742,CC0112,FI,2,Lateral Deployment,,CAD,CA,2022-06-07 06:00:00,PAYROLL
EVT00034676,2022-06-14,EMP03159,CC0042,FI,2,Step Increment,86350.53,CAD,CAN,2022-06-14 10:00:00,CORE_HR
EVT00033997,2022-06-21,EMP00296,CC0081,CR,3,Departure,,CAD,CAN,2022-06-22 02:00:00,CORE_HR
EVT00035313,2022-06-08,EMP00102,CC0049,EC,3,Departure,,MXN,MEX,2022-06-08 06:00:00,CORE_HR
EVT00035057,2022-06-11,EMP00348,CC0113,AS,2,Leave Start,,CAD,CAN,2022-06-11 15:00:00,CORE_HR
EVT00034772,2022-06-09,EMP00785,CC0111,EC,2,Performance Pay,7326.92,EUR,FRA,2022-06-10 07:00:00,CORE_HR
EVT00034371,2022-06-13,EMP03432,CC0039,AS,5,Step Increment,79551.53,CAD,CAN,2022-06-13 23:00:00,CORE_HR
EVT00033785,2022-06-22,EMP04331,CC0089,AS,3,Step Increment,71559.38,CAD,CA,2022-06-23 12:00:00,PAYROLL
EVT00035111,2022-06-10,EMP99999,CC0087,CR,2,Step Increment,58876.31,CAD,CA,2022-06-11 09:00:00,PAYROLL
EVT00035041,2022-06-10,EMP02926,CC0048,IT,3,Leave Return,,CAD,CAN,2022-06-10 19:00:00,CORE_HR
EVT00035585,2022-06-12,EMP01563,CC0035,EX,3,Leave Start,,CAD,CAN,2022-06-13 10:00:00,CORE_HR
EVT00035002,2022-06-16,EMP04538,CC0038,PA,2,Promotion,74992.61,CAD,CA,2022-06-16 07:00:00,PAYROLL
EVT00035308,2022-06-02,EMP04232,CC0048,AS,1,Step Increment,56972.64,CAD,CAN,2022-06-03 03:00:00,CORE_HR
EVT00034711,2022-06-25,EMP04651,CC0103,CR,3,Step Increment,67831.26,CAD,CAN,2022-06-25 20:00:00,CORE_HR
EVT00034028,2022-06-24,EMP03423,CC0065,AS,3,Departure,,EUR,DEU,2022-06-25 05:00:00,CORE_HR
EVT00034788,2022-06-21,EMP01381,CC0095,EC,1,Performance Pay,5260.64,CAD,CAN,2022-06-22 02:00:00,CORE_HR
EVT00034181,2022-06-03,EMP04870,CC0044,PA,4,Promotion,106224.43,CAD,CA,2022-06-03 21:00:00,PAYROLL
EVT00034850,2022-06-16,EMP04756,CC0076,AS,5,Lateral Deployment,,CAD,CAN,2022-06-16 16:00:00,CORE_HR
EVT00033782,2022-06-03,EMP03682,CC0022,EX,1,Lateral Deployment,,CAD,CA,2022-06-04 13:00:00,PAYROLL
EVT00033840,2022-06-02,EMP04153,CC0007,EN,5,Performance Pay,21144.22,AED,ARE,2022-06-02 15:00:00,CORE_HR
EVT00034560,2022-06-19,EMP02269,CC0006,PA,3,Departure,,CAD,CA,2022-06-20 07:00:00,PAYROLL
EVT00034070,2022-06-19,EMP02852,CC0087,CR,1,Leave Start,,CAD,CAN,2022-06-19 08:00:00,CORE_HR
EVT00034456,2022-06-01,EMP01319,CC0109,EX,1,Leave Start,,CAD,CA,2022-06-02 15:00:00,PAYROLL
EVT00035255,2022-06-20,EMP01777,CC0060,AS,2,Performance Pay,5385.55,CAD,CAN,2022-06-20 15:00:00,CORE_HR
EVT00034119,2022-06-23,EMP02538,CC0012,IT,2,Lateral Deployment,,CAD,CAN,2022-06-24 14:00:00,CORE_HR
EVT00033825,2022-06-25,EMP00766,CC0046,EN,2,Step Increment,108338.46,AUD,AUS,2022-06-26 07:00:00,CORE_HR
EVT00034832,2022-06-22,EMP01202,CC0061,CR,2,Leave Start,,CAD,CAN,2022-06-26 00:00:00,CORE_HR
EVT00034594,2022-06-10,EMP03472,CC0032,EN,2,Hire,97435.35,CAD,CA,2022-06-11 04:00:00,PAYROLL
EVT00033761,2022-06-20,EMP01169,CC0117,CR,4,Step Increment,50247.81,CAD,CAN,2022-06-21 05:00:00,CORE_HR
EVT00034014,2022-06-16,EMP02608,CC0057,PA,1,Step Increment,60326.11,CAD,CAN,2022-06-16 13:00:00,CORE_HR
EVT00035217,2022-06-05,EMP03233,CC0101,FI,3,Lateral Deployment,,CAD,CA,2022-06-05 08:00:00,PAYROLL
EVT00033821,2022-06-24,EMP00763,CC0081,IT,2,Hire,94285.75,CAD,CA,2022-06-25 10:00:00,PAYROLL
EVT00034900,2022-06-21,EMP00587,CC0092,IT,1,Step Increment,73513.8,CAD,CA,2022-06-24 17:00:00,PAYROLL
EVT00035121,2022-06-17,EMP03660,CC0035,CR,1,Step Increment,53203.47,CAD,CA,2022-06-18 14:00:00,PAYROLL
EVT00034054,2022-06-11,EMP02102,CC0096,AS,5,Leave Return,,CAD,CA,2022-06-11 22:00:00,PAYROLL
EVT00035310,2022-06-02,EMP04418,CC0073,AS,4,Leave Return,,CAD,CAN,2022-06-03 00:00:00,CORE_HR
EVT00034725,2022-06-27,EMP04000,CC0091,IT,3,Step Increment,103331.13,CAD,CAN,2022-06-28 10:00:00,CORE_HR
EVT00035197,2022-06-11,EMP01462,CC0068,PA,1,Step Increment,63893.91,CAD,CA,2022-06-11 17:00:00,PAYROLL
EVT00034701,2022-06-01,EMP00787,CC0029,CR,5,Lateral Deployment,,AUD,AU,2022-06-02 15:00:00,PAYROLL
EVT00034351,2022-06-27,EMP03857,CC0095,EC,2,Performance Pay,10680.5,CAD,CAN,2022-06-28 08:00:00,CORE_HR
EVT00034274,2022-06-27,EMP00879,CC0118,PA,3,Leave Start,,CAD,CAN,2022-06-27 13:00:00,CORE_HR
EVT00034262,2022-06-19,EMP00419,CC0057,FI,1,Leave Start,,CAD,CA,2022-06-20 10:00:00,PAYROLL
EVT00035461,2022-06-14,EMP00442,CC0083,IT,3,Leave Start,,CAD,CAN,2022-06-15 03:00:00,CORE_HR
EVT00035274,2022-06-27,EMP01537,CC0100,EN,1,Hire,79322.82,CAD,CAN,2022-06-27 14:00:00,CORE_HR
EVT00035273,2022-06-20,EMP01373,CC0030,EC,1,Step Increment,787570.96,MXN,MEX,2022-06-21 01:00:00,CORE_HR
EVT00033992,2022-06-01,EMP02175,CC0098,IT,2,Leave Start,,CAD,CAN,2022-06-02 09:00:00,CORE_HR
EVT00035450,2022-06-06,EMP00652,CC0073,IT,4,Step Increment,128020.1,CAD,CAN,2022-06-06 14:00:00,CORE_HR
EVT00034213,2022-06-22,EMP03639,CC0119,PA,2,Step Increment,65478.84,CAD,CAN,2022-06-23 01:00:00,CORE_HR
EVT00034339,2022-06-20,EMP04948,CC0066,EN,3,Lateral Deployment,,CAD,CA,2022-06-20 20:00:00,PAYROLL
EVT00034145,2022-06-05,EMP00084,CC0070,EX,1,Performance Pay,18165.83,CAD,CA,2022-06-06 07:00:00,PAYROLL
EVT00033913,2022-06-08,EMP00138,CC0006,CR,1,Performance Pay,4807.24,CAD,CAN,2022-06-09 08:00:00,CORE_HR
EVT00033784,2022-06-03,EMP03467,CC0025,EC,2,Promotion,68251.96,CAD,CAN,2022-06-03 12:00:00,CORE_HR
EVT00034924,2022-06-01,EMP04834,CC0093,FI,4,Departure,,CAD,CA,2022-06-01 22:00:00,PAYROLL
EVT00034205,2022-06-02,EMP00847,CC0065,CR,1,Step Increment,643831.55,MXN,MEX,2022-06-03 10:00:00,CORE_HR
EVT00034315,2022-06-02,EMP04207,CC0070,PA,2,Promotion,71115.33,CAD,CAN,2022-06-02 13:00:00,CORE_HR
EVT00034465,2022-06-04,EMP02239,CC0076,IT,2,Step Increment,86004.9,CAD,CAN,2022-06-04 07:00:00,CORE_HR
EVT00034875,2022-06-10,EMP02997,CC0085,FI,4,Lateral Deployment,,CAD,CAN,2022-06-10 14:00:00,CORE_HR
EVT00033940,2022-06-13,EMP04673,CC0105,AS,4,Performance Pay,5283.14,GBP,GBR,2022-06-14 07:00:00,CORE_HR
EVT00034919,2022-06-21,EMP03670,CC0005,AS,2,Leave Start,,CAD,CA,2022-06-22 14:00:00,PAYROLL
EVT00033758,2022-06-23,EMP02115,CC0080,EC,4,Step Increment,13315677.14,KES,KEN,2022-06-26 09:00:00,CORE_HR
EVT00035529,2022-06-25,EMP04941,CC0051,IT,2,Leave Return,,CAD,CAN,2022-06-25 13:00:00,CORE_HR
EVT00035619,2022-06-18,EMP00053,CC0017,PA,1,Performance Pay,7599.81,CAD,CA,2022-06-19 07:00:00,PAYROLL
EVT00034188,2022-06-24,EMP02109,CC0013,IT,4,Leave Return,,CAD,CA,2022-06-24 16:00:00,PAYROLL
EVT00034643,2022-06-21,EMP04765,CC0043,PA,2,Lateral Deployment,,CAD,CAN,2022-06-22 13:00:00,CORE_HR
EVT00034530,2022-06-10,EMP02554,CC0028,PA,4,Step Increment,86244.53,CAD,CA,2022-06-11 08:00:00,PAYROLL
EVT00034389,2022-06-12,EMP03850,CC0024,PA,3,Step Increment,99589.12,CAD,CAN,2022-06-12 15:00:00,CORE_HR
EVT00034516,2022-06-24,EMP04688,CC0044,PA,4,Step Increment,92971.61,CAD,CAN,2022-06-24 09:00:00,CORE_HR
EVT00035013,2022-06-26,EMP00519,CC0041,EC,3,Step Increment,99070.46,CAD,CA,2022-06-26 18:00:00,PAYROLL
EVT00035286,2022-06-05,EMP01379,CC0029,PA,1,Performance Pay,26903.67,BRL,BR,2022-06-06 15:00:00,PAYROLL
EVT00035120,2022-06-01,EMP04270,CC0001,PA,3,Performance Pay,5671.04,CAD,CA,2022-06-01 19:00:00,PAYROLL
EVT00034556,2022-06-22,EMP04437,CC0071,EN,5,Performance Pay,8344.38,CAD,CAN,2022-06-22 11:00:00,CORE_HR
EVT00035397,2022-06-10,EMP01995,CC0117,FI,1,Leave Start,,CAD,CAN,2022-06-11 13:00:00,CORE_HR
EVT00034273,2022-06-17,EMP02602,CC0114,CR,2,Performance Pay,6818.71,CAD,CAN,2022-06-17 11:00:00,CORE_HR
EVT00035021,2022-06-10,EMP04614,CC0047,FI,3,Hire,90203.44,CAD,CA,2022-06-11 09:00:00,PAYROLL
EVT00034584,2022-06-24,EMP00697,CC0041,FI,4,Step Increment,78214.96,CAD,CA,2022-06-25 01:00:00,PAYROLL
EVT00034788,2022-06-21,EMP01381,CC0095,EC,1,Performance Pay,5260.64,CAD,CAN,2022-06-24 19:00:00,CORE_HR
EVT00034423,2022-06-13,EMP02537,CC0088,PA,5,Step Increment,369728.27,BRL,BR,2022-06-14 01:00:00,PAYROLL
EVT00034950,2022-06-06,EMP03654,CC0074,EN,2,Performance Pay,11720.05,AUD,AUS,2022-06-06 06:00:00,CORE_HR
EVT00035360,2022-06-01,EMP03076,CC0015,FI,1,Leave Start,,CAD,CA,2022-06-01 12:00:00,PAYROLL
EVT00035435,2022-06-09,EMP04868,CC0052,IT,4,Step Increment,121520.38,CAD,CA,2022-06-09 19:00:00,PAYROLL
EVT00035258,2022-06-13,EMP04464,CC0015,PA,4,Step Increment,81968.86,CAD,CAN,2022-06-14 08:00:00,CORE_HR
EVT00034664,2022-06-07,EMP04243,CC0063,IT,1,Departure,,CAD,CAN,2022-06-10 02:00:00,CORE_HR
EVT00034206,2022-06-06,EMP01510,CC0036,PA,4,Step Increment,92589.33,XXX,CAN,2022-06-06 14:00:00,CORE_HR
EVT00034941,2022-06-07,EMP00835,CC0009,PA,2,Leave Start,,SGD,SGP,2022-06-07 19:00:00,CORE_HR
EVT00035365,2022-06-15,EMP03644,CC0026,EX,2,Leave Return,,CAD,CAN,2022-06-16 15:00:00,CORE_HR
EVT00033783,2022-06-07,EMP02940,CC0051,PA,3,Performance Pay,10559.67,CAD,CA,2022-06-08 03:00:00,PAYROLL
EVT00034241,2022-06-16,EMP04327,CC0107,IT,1,Step Increment,81012.18,CAD,CAN,2022-06-16 19:00:00,CORE_HR
EVT00035037,2022-06-14,EMP01735,CC0096,FI,1,Departure,,CAD,CAN,2022-06-14 22:00:00,CORE_HR
EVT00033876,2022-06-17,EMP02507,CC0074,EX,1,Step Increment,169714.32,AUD,AU,2022-06-18 02:00:00,PAYROLL
EVT00034508,2022-06-26,EMP02286,CC0120,IT,4,Promotion,125520.27,CAD,CAN,2022-06-27 08:00:00,CORE_HR
EVT00034289,2022-06-07,EMP00630,CC0070,AS,3,Step Increment,74050.26,CAD,CA,2022-06-07 10:00:00,PAYROLL
EVT00034109,2022-06-22,EMP02632,CC0070,IT,4,Lateral Deployment,,CAD,CA,2022-06-23 00:00:00,PAYROLL
EVT00033906,2022-06-17,EMP04868,CC0052,IT,4,Step Increment,115615.63,CAD,CA,2022-06-17 06:00:00,PAYROLL
EVT00035072,2022-06-22,EMP00701,CC0068,CR,1,Step Increment,52089.73,XXX,CAN,2022-06-22 19:00:00,CORE_HR
EVT00035627,2022-06-05,EMP04565,CC0086,CR,1,Step Increment,36887.43,EUR,FRA,2022-06-06 02:00:00,CORE_HR
EVT00035269,2022-06-23,EMP04930,CC0037,FI,5,Step Increment,117726.12,CAD,CAN,2022-06-24 12:00:00,CORE_HR
EVT00035470,2022-06-10,EMP03119,CC0116,IT,3,Step Increment,83416.99,CAD,CA,2022-06-10 18:00:00,PAYROLL
EVT00034866,2022-06-26,EMP03103,CC0068,CR,5,Step Increment,77694.15,CAD,CAN,2022-06-27 12:00:00,CORE_HR
EVT00034085,2022-06-26,EMP02831,CC0090,AS,3,Hire,68988.48,CAD,CAN,2022-06-26 16:00:00,CORE_HR
EVT00035281,2022-06-25,EMP02444,CC0035,AS,1,Departure,,CAD,CAN,2022-06-26 13:00:00,CORE_HR
EVT00034484,2022-06-12,EMP00062,CC0011,IT,1,Hire,78559.45,CAD,CA,2022-06-12 17:00:00,PAYROLL
EVT00034505,2022-06-05,EMP01347,CC0071,EX,1,Performance Pay,10082.75,CAD,CAN,2022-06-05 08:00:00,CORE_HR
EVT00034642,2022-06-03,EMP04248,CC0098,PA,4,Performance Pay,6065.49,CAD,CAN,2022-06-03 20:00:00,CORE_HR
EVT00035066,2022-06-19,EMP02615,CC0024,AS,1,Leave Start,,CAD,CAN,2022-06-20 15:00:00,CORE_HR
EVT00034755,2022-06-21,EMP04911,CC0097,IT,1,Step Increment,77988.39,CAD,CA,2022-06-21 22:00:00,PAYROLL
EVT00035148,2022-06-04,EMP02350,CC0023,EX,3,Departure,,CAD,CAN,2022-06-04 22:00:00,CORE_HR
EVT00034833,2022-06-23,EMP03093,CC0079,EN,1,Leave Return,,CAD,CAN,2022-06-24 02:00:00,CORE_HR
EVT00034720,2022-06-03,EMP03492,CC0088,EX,1,Performance Pay,5968.66,EUR,DEU,2022-06-04 02:00:00,CORE_HR
EVT00034827,2022-06-27,EMP01527,CC0066,PA,1,Step Increment,62297.51,CAD,CAN,2022-06-28 03:00:00,CORE_HR
EVT00034678,2022-06-08,EMP01063,CC0092,EC,3,Step Increment,107559.96,CAD,CA,2022-06-09 12:00:00,PAYROLL
EVT00035562,2022-06-12,EMP01663,CC0018,EX,2,Lateral Deployment,,CAD,CAN,2022-06-12 20:00:00,CORE_HR
EVT00033883,2022-06-26,EMP01074,CC0049,CR,5,Departure,,EUR,FRA,2022-06-27 11:00:00,CORE_HR
EVT00035334,2022-06-16,EMP04113,CC0108,FI,1,Hire,55711.59,SGD,SGP,2022-06-16 20:00:00,CORE_HR
EVT00035178,2022-06-04,EMP04136,CC0034,AS,5,Leave Return,,CAD,CA,2022-06-05 01:00:00,PAYROLL
EVT00033806,2022-06-02,EMP02538,CC0012,IT,2,Performance Pay,4263.9,CAD,CA,2022-06-02 11:00:00,PAYROLL
EVT00035052,2022-06-07,EMP00191,CC0095,AS,2,Step Increment,60321.62,CAD,CA,2022-06-07 08:00:00,PAYROLL
EVT00034867,2022-06-02,EMP03773,CC0005,FI,4,Hire,115135.74,CAD,CAN,2022-06-03 13:00:00,CORE_HR
EVT00035200,2022-06-05,EMP00625,CC0027,PA,1,Leave Return,,CAD,CAN,2022-06-06 00:00:00,CORE_HR
EVT00035125,2022-06-13,EMP00461,CC0115,CR,3,Promotion,58918.99,CAD,CA,2022-06-13 20:00:00,PAYROLL
EVT00035657,2022-06-13,EMP02879,CC0083,AS,4,Step Increment,74379.57,CAD,CA,2022-06-14 03:00:00,PAYROLL
EVT00034298,2022-06-23,EMP00296,CC0081,CR,3,Step Increment,69032.93,CAD,CA,2022-06-23 16:00:00,PAYROLL
EVT00033846,2022-06-09,EMP04729,CC0086,EC,3,Step Increment,4137788.93,INR,IND,2022-06-09 07:00:00,CORE_HR
EVT00034190,2022-06-17,EMP02096,CC0040,EC,2,Leave Start,,CAD,CA,2022-06-17 22:00:00,PAYROLL
EVT00034724,2022-06-21,EMP00631,CC0015,AS,1,Performance Pay,2894.01,CAD,CAN,2022-06-21 11:00:00,CORE_HR
EVT00035314,2022-06-13,EMP03371,CC0022,AS,2,Performance Pay,7239.37,CAD,CAN,2022-06-13 13:00:00,CORE_HR
EVT00034984,2022-06-22,EMP01992,CC0067,FI,2,Leave Start,,CAD,CAN,2022-06-22 22:00:00,CORE_HR
EVT00034448,2022-06-08,EMP04276,CC0018,AS,2,Leave Start,,CAD,CAN,2022-06-09 08:00:00,CORE_HR
EVT00035671,2022-06-18,EMP01388,CC0053,PA,3,Step Increment,73115.97,CAD,CA,2022-06-18 13:00:00,PAYROLL
EVT00035326,2022-06-11,EMP00504,CC0021,CR,2,Step Increment,67118.32,CAD,CAN,2022-06-11 10:00:00,CORE_HR
EVT00034031,2022-06-02,EMP03403,CC0017,AS,4,Leave Start,,CAD,CA,2022-06-03 02:00:00,PAYROLL
EVT00035606,2022-06-26,EMP01309,CC0029,AS,2,Step Increment,3208623.04,INR,IN,2022-06-27 03:00:00,PAYROLL
EVT00035184,2022-06-13,EMP04152,CC0004,FI,4,Performance Pay,12549.21,CAD,CAN,2022-06-14 10:00:00,CORE_HR
EVT00034681,2022-06-03,EMP00704,CC0058,EN,2,Step Increment,104445.38,CAD,CAN,2022-06-04 06:00:00,CORE_HR
EVT00034232,2022-06-24,EMP02954,CC0094,AS,4,Step Increment,71427.32,CAD,CA,2022-06-24 09:00:00,PAYROLL
EVT00033770,2022-06-25,EMP03294,CC0055,EN,4,Promotion,115859.42,CAD,CA,2022-06-26 10:00:00,PAYROLL
EVT00035138,2022-06-08,EMP02013,CC0116,AS,4,Departure,,CAD,CA,2022-06-09 01:00:00,PAYROLL
EVT00033944,2022-06-07,EMP02875,CC0111,FI,2,Leave Return,,JPY,JPN,2022-06-08 13:00:00,CORE_HR
EVT00034300,2022-06-17,EMP04598,CC0037,IT,2,Leave Start,,CAD,CA,2022-06-17 06:00:00,PAYROLL
EVT00034461,2022-06-11,EMP01613,CC0106,PA,3,Step Increment,84282.93,CAD,CA,2022-06-12 00:00:00,PAYROLL
EVT00033792,2022-06-05,EMP04651,CC0103,CR,3,Leave Start,,CAD,CAN,2022-06-05 17:00:00,CORE_HR
EVT00034982,2022-06-04,EMP02361,CC0066,FI,3,Performance Pay,8247.16,CAD,CAN,2022-06-05 04:00:00,CORE_HR
EVT00035600,2022-06-03,EMP03746,CC0085,IT,1,Leave Return,,CAD,CA,2022-06-03 21:00:00,PAYROLL
EVT00034890,2022-06-16,EMP03746,CC0085,IT,1,Lateral Deployment,,CAD,CAN,2022-06-17 00:00:00,CORE_HR
EVT00033867,2022-06-09,EMP04568,CC0052,FI,4,Step Increment,106477.05,CAD,CAN,2022-06-09 12:00:00,CORE_HR
EVT00035063,2022-06-08,EMP00343,CC0104,PA,3,Leave Return,,CAD,CA,2022-06-09 09:00:00,PAYROLL
EVT00035514,2022-06-05,EMP03972,CC0076,EX,2,Hire,138955.07,CAD,CA,2022-06-06 06:00:00,PAYROLL
EVT00034088,2022-06-04,EMP01889,CC0008,PA,5,Lateral Deployment,,CAD,CAN,2022-06-04 11:00:00,CORE_HR
EVT00033931,2022-06-09,EMP01906,CC0060,CR,5,Hire,68569.43,CAD,CAN,2022-06-10 06:00:00,CORE_HR
EVT00035381,2022-06-01,EMP01702,CC0112,IT,1,Departure,,CAD,CAN,2022-06-02 01:00:00,CORE_HR
EVT00035105,2022-06-06,EMP02727,CC0104,PA,2,Step Increment,65712.62,CAD,CAN,2022-06-07 01:00:00,CORE_HR
EVT00035253,2022-06-16,EMP03271,CC0011,PA,3,Step Increment,73921.76,CAD,CA,2022-06-16 14:00:00,PAYROLL
EVT00035085,2022-06-18,EMP01092,CC0084,AS,4,Leave Start,,CAD,CAN,2022-06-19 00:00:00,CORE_HR
EVT00033884,2022-06-16,EMP04683,CC0077,PA,1,Lateral Deployment,,CAD,CA,2022-06-17 06:00:00,PAYROLL
EVT00034497,2022-06-16,EMP03406,CC0045,EC,5,Leave Return,,CAD,CAN,2022-06-17 03:00:00,CORE_HR
EVT00034903,2022-06-11,EMP03050,CC0017,IT,2,Performance Pay,5354.75,CAD,CAN,2022-06-12 00:00:00,CORE_HR
EVT00035262,2022-06-13,EMP04560,CC0064,EX,2,Performance Pay,18547.82,CAD,CAN,2022-06-13 17:00:00,CORE_HR
EVT00034104,2022-06-02,EMP00141,CC0086,IT,1,Leave Return,,USD,USA,2022-06-02 22:00:00,CORE_HR
EVT00034409,2022-06-15,EMP01026,CC0072,FI,1,Lateral Deployment,,CAD,CA,2022-06-15 07:00:00,PAYROLL
EVT00035107,2022-06-16,EMP02639,CC0096,PA,4,Leave Start,,CAD,CAN,2022-06-17 03:00:00,CORE_HR
EVT00034707,2022-06-19,EMP04660,CC0011,CR,3,Leave Return,,CAD,CAN,2022-06-20 07:00:00,CORE_HR
EVT00033905,2022-06-12,EMP03913,CC0120,IT,3,Step Increment,97831.14,CAD,CA,2022-06-12 07:00:00,PAYROLL
EVT00034595,2022-06-10,EMP04884,CC0108,EN,3,Leave Return,,AED,AE,2022-06-11 15:00:00,PAYROLL
EVT00034615,2022-06-06,EMP04362,CC0116,IT,2,Leave Return,,CAD,CA,2022-06-06 20:00:00,PAYROLL
EVT00034823,2022-06-14,EMP01363,CC0015,IT,1,Step Increment,78771.96,CAD,CA,2022-06-14 14:00:00,PAYROLL
EVT00034347,2022-06-20,EMP04184,CC0005,FI,1,Step Increment,66736.56,CAD,CAN,2022-06-20 21:00:00,CORE_HR
EVT00034159,2022-06-02,EMP99999,CC0016,EX,1,Step Increment,123349.3,CAD,CA,2022-06-03 11:00:00,PAYROLL
EVT00035205,2022-06-05,EMP04217,CC0103,CR,5,Performance Pay,4611.29,CAD,CAN,2022-06-05 17:00:00,CORE_HR
EVT00034666,2022-06-07,EMP00592,CC0051,CR,3,Step Increment,68118.21,CAD,CAN,2022-06-08 03:00:00,CORE_HR
EVT00033924,2022-06-12,EMP02994,CC0105,IT,1,Lateral Deployment,,GBP,GB,2022-06-12 21:00:00,PAYROLL
EVT00034476,2022-06-06,EMP00892,CC0093,EN,1,Hire,86637.8,CAD,CA,2022-06-07 09:00:00,PAYROLL
EVT00034372,2022-06-21,EMP00071,CC0081,EX,2,Step Increment,162478.41,CAD,CAN,2022-06-21 07:00:00,CORE_HR
EVT00035434,2022-06-01,EMP04735,CC0079,IT,2,Lateral Deployment,,CAD,CAN,2022-06-01 13:00:00,CORE_HR
EVT00034736,2022-06-08,EMP01781,CC0108,EX,2,Performance Pay,20769.56,AUD,AU,2022-06-09 08:00:00,PAYROLL
EVT00034379,2022-06-16,EMP01399,CC0027,EN,2,Promotion,89871.37,CAD,CAN,2022-06-17 10:00:00,CORE_HR
EVT00034684,2022-06-08,EMP01112,CC0005,AS,2,Performance Pay,6075.52,CAD,CA,2022-06-08 07:00:00,PAYROLL
EVT00033901,2022-06-04,EMP00874,CC0057,IT,1,Step Increment,80153.92,CAD,CAN,2022-06-05 10:00:00,CORE_HR
EVT00033855,2022-06-18,EMP04650,CC0111,PA,4,Step Increment,58384.57,EUR,DEU,2022-06-19 11:00:00,CORE_HR
EVT00035335,2022-06-20,EMP01225,CC0048,FI,2,Promotion,82355.24,CAD,CA,2022-06-20 09:00:00,PAYROLL
EVT00034424,2022-06-06,EMP00806,CC0014,PA,4,Step Increment,86306.37,CAD,CAN,2022-06-06 16:00:00,CORE_HR
EVT00033794,2022-06-14,EMP04482,CC0096,FI,2,Performance Pay,9247.54,CAD,CA,2022-06-15 12:00:00,PAYROLL
EVT00034607,2022-06-22,EMP04994,CC0001,EN,2,Leave Return,,CAD,CAN,2022-06-22 11:00:00,CORE_HR
EVT00034585,2022-06-16,EMP02785,CC0082,PA,5,Performance Pay,5699.55,CAD,CA,2022-06-17 01:00:00,PAYROLL
EVT00035049,2022-06-22,EMP00956,CC0050,IT,1,Leave Return,,CAD,CAN,2022-06-22 17:00:00,CORE_HR
EVT00035616,2022-06-04,EMP03017,CC0110,EC,2,Step Increment,86509.24,CAD,CA,2022-06-04 22:00:00,PAYROLL
EVT00034071,2022-06-04,EMP01235,CC0114,EX,2,Leave Return,,CAD,CAN,2022-06-05 13:00:00,CORE_HR
EVT00035370,2022-06-02,EMP02670,CC0091,EN,4,Hire,116998.58,CAD,CA,2022-06-02 23:00:00,PAYROLL
EVT00035196,2022-06-27,EMP02800,CC0083,PA,2,Leave Return,,CAD,CAN,2022-06-27 08:00:00,CORE_HR
EVT00035482,2022-06-25,EMP00603,CC0068,PA,2,Leave Start,,CAD,CA,2022-06-26 02:00:00,PAYROLL
EVT00035579,2022-06-11,EMP03831,CC0111,FI,2,Performance Pay,11599.58,AED,ARE,2022-06-12 04:00:00,CORE_HR
EVT00034555,2022-06-13,EMP03508,CC0020,AS,1,Step Increment,68816.53,CAD,CA,2022-06-13 14:00:00,PAYROLL
EVT00034839,2022-06-06,EMP03804,CC0097,EN,3,Step Increment,106254.76,CAD,CAN,2022-06-07 11:00:00,CORE_HR
EVT00034979,2022-06-09,EMP02365,CC0045,IT,1,Leave Return,,CAD,CAN,2022-06-11 03:00:00,CORE_HR
EVT00035302,2022-06-06,EMP01301,CC0105,AS,3,Hire,749826.44,MXN,MX,2022-06-06 14:00:00,PAYROLL
EVT00034215,2022-06-09,EMP02805,CC0011,EN,1,Performance Pay,11282.04,CAD,CAN,2022-06-10 13:00:00,CORE_HR
EVT00033831,2022-06-03,EMP00145,CC0072,AS,2,Step Increment,58256.26,CAD,CA,2022-06-03 19:00:00,PAYROLL
EVT00033829,2022-06-20,EMP03404,CC0016,EN,3,Step Increment,103344.41,CAD,CAN,2022-06-21 08:00:00,CORE_HR
EVT00035672,2022-06-16,EMP00741,CC0035,PA,4,Performance Pay,4703.32,CAD,CAN,2022-06-17 03:00:00,CORE_HR
EVT00034712,2022-06-11,EMP00083,CC0096,PA,1,Leave Start,,CAD,CAN,2022-06-11 11:00:00,CORE_HR
EVT00034813,2022-06-07,EMP01858,CC0116,EN,3,Promotion,104000.89,CAD,CA,2022-06-08 14:00:00,PAYROLL
EVT00034328,2022-06-13,EMP02218,CC0111,PA,1,Promotion,47735.12,EUR,DEU,2022-06-14 06:00:00,CORE_HR
EVT00033994,2022-06-02,EMP04491,CC0116,CR,2,Step Increment,48803.74,CAD,CAN,2022-06-02 19:00:00,CORE_HR
EVT00035436,2022-06-12,EMP00699,CC0021,AS,1,Leave Return,,CAD,CAN,2022-06-13 09:00:00,CORE_HR
EVT00034093,2022-06-01,EMP03838,CC0096,CR,3,Promotion,49229.94,CAD,CAN,2022-06-02 01:00:00,CORE_HR
EVT00034398,2022-06-14,EMP00780,CC0118,IT,1,Hire,69296.28,CAD,CAN,2022-06-14 13:00:00,CORE_HR
EVT00035054,2022-06-26,EMP02681,CC0079,FI,2,Leave Return,,CAD,CA,2022-06-27 02:00:00,PAYROLL
EVT00033779,2022-06-13,EMP00644,CC0019,CR,3,Performance Pay,2788.18,CAD,CAN,2022-06-13 06:00:00,CORE_HR
EVT00034547,2022-06-02,EMP04493,CC0089,FI,1,Leave Start,,CAD,CAN,2022-06-03 08:00:00,CORE_HR
EVT00034322,2022-06-18,EMP00008,CC0072,EC,1,Step Increment,80895.15,CAD,CAN,2022-06-19 10:00:00,CORE_HR
EVT00034551,2022-06-01,EMP00466,CC0114,IT,2,Lateral Deployment,,CAD,CA,2022-06-02 14:00:00,PAYROLL
EVT00034467,2022-06-11,EMP03404,CC0016,EN,3,Leave Return,,CAD,CA,2022-06-12 00:00:00,PAYROLL
EVT00035321,2022-06-19,EMP00699,CC0021,AS,1,Step Increment,42610.43,CAD,CAN,2022-06-19 18:00:00,CORE_HR
EVT00035423,2022-06-25,EMP04302,CC0053,AS,3,Departure,,CAD,CA,2022-06-25 06:00:00,PAYROLL
EVT00034270,2022-06-07,EMP02357,CC0028,AS,2,Leave Return,,CAD,CA,2022-06-07 09:00:00,PAYROLL
EVT00034900,2022-06-21,EMP00587,CC0092,IT,1,Step Increment,73513.8,CAD,CA,2022-06-22 02:00:00,PAYROLL
EVT00034362,2022-06-06,EMP02742,CC0112,FI,2,Lateral Deployment,,CAD,CA,2022-06-09 18:00:00,PAYROLL
EVT00034420,2022-06-17,EMP03010,CC0063,CR,1,Step Increment,49912.0,CAD,CAN,2022-06-17 14:00:00,CORE_HR
EVT00034053,2022-06-07,EMP00283,CC0013,EC,3,Step Increment,74252.78,CAD,CAN,2022-06-07 22:00:00,CORE_HR
EVT00034718,2022-06-13,EMP00455,CC0117,IT,1,Lateral Deployment,,CAD,CAN,2022-06-13 08:00:00,CORE_HR
EVT00033981,2022-06-21,EMP03062,CC0070,CR,1,Performance Pay,6737.14,CAD,CA,2022-06-22 09:00:00,PAYROLL
EVT00033837,2022-06-01,EMP00619,CC0113,IT,1,Hire,85537.4,CAD,CAN,2022-06-01 13:00:00,CORE_HR
EVT00034080,2022-06-10,EMP01447,CC0092,EC,5,Leave Return,,CAD,CAN,2022-06-10 08:00:00,CORE_HR
EVT00034834,2022-06-17,EMP04335,CC0109,PA,1,Performance Pay,4917.51,CAD,CA,2022-06-17 08:00:00,PAYROLL
EVT00034140,2022-06-15,EMP04539,CC0106,EC,2,Performance Pay,10371.97,CAD,CA,2022-06-16 00:00:00,PAYROLL
EVT00034222,2022-06-13,EMP04761,CC0086,PA,4,Leave Start,,INR,IND,2022-06-13 17:00:00,CORE_HR
EVT00034048,2022-06-14,EMP01473,CC0020,IT,1,Promotion,86432.86,CAD,CA,2022-06-15 12:00:00,PAYROLL
EVT00033950,2022-06-21,EMP01544,CC0052,FI,1,Step Increment,71189.71,CAD,CAN,2022-06-22 05:00:00,CORE_HR
EVT00035528,2022-06-23,EMP01549,CC0020,AS,5,Performance Pay,7812.73,CAD,CA,2022-06-23 16:00:00,PAYROLL
EVT00034050,2022-06-18,EMP04667,CC0063,IT,2,Step Increment,94784.36,CAD,CAN,2022-06-19 10:00:00,CORE_HR
EVT00035638,2022-06-24,EMP03799,CC0120,PA,1,Step Increment,59893.11,CAD,CAN,2022-06-24 09:00:00,CORE_HR
EVT00034011,2022-06-10,EMP00120,CC0117,EC,1,Leave Start,,CAD,CA,2022-06-10 17:00:00,PAYROLL
EVT00035636,2022-06-06,EMP00320,CC0027,FI,3,Leave Start,,CAD,CAN,2022-06-06 23:00:00,CORE_HR
EVT00034586,2022-06-25,EMP00625,CC0027,PA,1,Leave Return,,CAD,CAN,2022-06-26 01:00:00,CORE_HR
EVT00035160,2022-06-19,EMP03482,CC0046,EN,2,Performance Pay,4720.1,EUR,FRA,2022-06-20 10:00:00,CORE_HR
EVT00034046,2022-06-11,EMP00119,CC0082,CR,2,Performance Pay,6269.39,CAD,CA,2022-06-12 02:00:00,PAYROLL
EVT00034258,2022-06-14,EMP02943,CC0107,IT,2,Leave Start,,CAD,CAN,2022-06-14 15:00:00,CORE_HR
EVT00033980,2022-06-22,EMP00081,CC0094,AS,2,Hire,59045.43,CAD,CAN,2022-06-22 23:00:00,CORE_HR
EVT00034183,2022-06-01,EMP04332,CC0027,PA,4,Leave Start,,CAD,CA,2022-06-01 22:00:00,PAYROLL
EVT00035364,2022-06-26,EMP03417,CC0094,AS,4,Hire,75832.52,CAD,CA,2022-06-27 13:00:00,PAYROLL
EVT00034673,2022-06-13,EMP04647,CC0045,EX,2,Lateral Deployment,,CAD,CA,2022-06-14 07:00:00,PAYROLL
EVT00035181,2022-06-25,EMP01591,CC0113,IT,1,Promotion,81877.1,CAD,CA,2022-06-25 22:00:00,PAYROLL
EVT00035282,2022-06-15,EMP01083,CC0106,EN,3,Leave Start,,CAD,CAN,2022-06-16 12:00:00,CORE_HR
EVT00034021,2022-06-18,EMP02209,CC0022,EX,1,Step Increment,120597.09,CAD,CAN,2022-06-19 09:00:00,CORE_HR
EVT00034359,2022-06-09,EMP02957,CC0032,EX,2,Step Increment,155253.81,CAD,CAN,2022-06-10 07:00:00,CORE_HR
EVT00035382,2022-06-08,EMP04582,CC0075,IT,3,Step Increment,112345.08,CAD,CAN,2022-06-09 05:00:00,CORE_HR
EVT00034162,2022-06-17,EMP04097,CC0039,CR,2,Departure,,CAD,CAN,2022-06-17 09:00:00,CORE_HR
EVT00034040,2022-06-26,EMP04337,CC0004,EC,3,Step Increment,89240.36,CAD,CAN,2022-06-27 13:00:00,CORE_HR
EVT00033938,2022-06-01,EMP02338,CC0011,PA,1,Step Increment,63489.07,CAD,CAN,2022-06-02 15:00:00,CORE_HR
EVT00035386,2022-06-14,EMP01495,CC0055,IT,1,Step Increment,61952.59,CAD,CA,2022-06-14 13:00:00,PAYROLL
EVT00033890,2022-06-12,EMP02055,CC0060,EX,1,Step Increment,136123.78,CAD,CAN,2022-06-12 13:00:00,CORE_HR
EVT00034948,2022-06-20,EMP04841,CC0061,AS,3,Leave Start,,CAD,CAN,2022-06-20 16:00:00,CORE_HR
EVT00035443,2022-06-14,EMP02754,CC0070,FI,1,Step Increment,64496.24,CAD,CA,2022-06-14 23:00:00,PAYROLL
EVT00034635,2022-06-09,EMP03113,CC0006,PA,2,Departure,,CAD,CAN,2022-06-12 16:00:00,CORE_HR
EVT00035512,2022-06-05,EMP00494,CC0113,EN,4,Leave Start,,CAD,CA,2022-06-06 13:00:00,PAYROLL
EVT00033866,2022-06-27,EMP00170,CC0050,IT,3,Leave Return,,CAD,CAN,2022-06-27 20:00:00,CORE_HR
EVT00035402,2022-06-23,EMP00620,CC0025,IT,2,Step Increment,92593.91,CAD,CAN,2022-06-23 11:00:00,CORE_HR
EVT00035030,2022-06-18,EMP00474,CC0081,PA,2,Lateral Deployment,,CAD,CAN,2022-06-19 01:00:00,CORE_HR
EVT00035035,2022-06-08,EMP00263,CC0014,EX,1,Promotion,145120.35,CAD,CA,2022-06-08 11:00:00,PAYROLL
EVT00034298,2022-06-23,EMP00296,CC0081,CR,3,Step Increment,69032.93,CAD,CA,2022-06-26 11:00:00,PAYROLL
EVT00035390,2022-06-10,EMP00314,CC0083,PA,3,Step Increment,68056.44,CAD,CA,2022-06-11 07:00:00,PAYROLL
EVT00034776,2022-06-12,EMP00408,CC0025,PA,4,Leave Return,,CAD,CAN,2022-06-12 22:00:00,CORE_HR
EVT00034797,2022-06-25,EMP02273,CC0059,FI,5,Leave Return,,CAD,CA,2022-06-26 12:00:00,PAYROLL
EVT00034802,2022-06-26,EMP00578,CC0025,CR,3,Leave Start,,CAD,CA,2022-06-27 07:00:00,PAYROLL
EVT00035639,2022-06-20,EMP02179,CC0103,AS,4,Departure,,CAD,CA,2022-06-21 13:00:00,PAYROLL
EVT00034791,2022-06-12,EMP00631,CC0015,AS,1,Leave Start,,CAD,CAN,2022-06-13 09:00:00,CORE_HR
EVT00035396,2022-06-18,EMP00622,CC0079,AS,3,Leave Start,,CAD,CA,2022-06-19 11:00:00,PAYROLL
EVT00034442,2022-06-20,EMP02425,CC0113,EX,2,Leave Start,,CAD,CAN,2022-06-20 16:00:00,CORE_HR
EVT00035131,2022-06-12,EMP02569,CC0096,FI,2,Step Increment,77312.03,CAD,CA,2022-06-13 13:00:00,PAYROLL
EVT00034884,2022-06-01,EMP02262,CC0100,FI,2,Leave Return,,CAD,CAN,2022-06-02 07:00:00,CORE_HR
EVT00034671,2022-06-04,EMP02556,CC0104,AS,3,Leave Start,,CAD,CAN,2022-06-07 11:00:00,CORE_HR
EVT00034631,2022-06-03,EMP02820,CC0018,AS,4,Leave Start,,CAD,CAN,2022-06-03 11:00:00,CORE_HR
EVT00034546,2022-06-03,EMP04281,CC0067,EC,2,Performance Pay,10193.6,CAD,CAN,2022-06-04 00:00:00,CORE_HR
EVT00034075,2022-06-17,EMP01613,CC0106,PA,3,Step Increment,84839.73,CAD,CAN,2022-06-17 16:00:00,CORE_HR
EVT00033828,2022-06-14,EMP01208,CC0032,AS,3,Leave Start,,CAD,CAN,2022-06-14 10:00:00,CORE_HR
EVT00034449,2022-06-07,EMP01600,CC0057,PA,1,Step Increment,65744.86,CAD,CAN,2022-06-07 22:00:00,CORE_HR
EVT00035059,2022-06-12,EMP00102,CC0049,EC,3,Leave Return,,EUR,FRA,2022-06-13 15:00:00,CORE_HR
EVT00033975,2022-06-18,EMP03042,CC0097,AS,4,Promotion,74032.2,CAD,CA,2022-06-19 00:00:00,PAYROLL
EVT00035099,2022-06-15,EMP02053,CC0058,EC,3,Leave Return,,CAD,CA,2022-06-15 16:00:00,PAYROLL
EVT00034044,2022-06-12,EMP02398,CC0027,AS,1,Promotion,47670.2,CAD,CAN,2022-06-13 04:00:00,CORE_HR
EVT00034998,2022-06-19,EMP04541,CC0113,FI,2,Performance Pay,11080.17,CAD,CA,2022-06-20 00:00:00,PAYROLL
EVT00034804,2022-06-26,EMP03540,CC0059,EC,1,Step Increment,78545.27,CAD,CAN,2022-06-26 06:00:00,CORE_HR
EVT00034487,2022-06-12,EMP04862,CC0049,FI,1,Lateral Deployment,,MXN,MEX,2022-06-13 14:00:00,CORE_HR
EVT00034702,2022-06-26,EMP02145,CC0040,PA,1,Performance Pay,8393.63,CAD,CAN,2022-06-26 13:00:00,CORE_HR
EVT00034592,2022-06-17,EMP00769,CC0118,EN,1,Step Increment,77984.5,CAD,CAN,2022-06-18 06:00:00,CORE_HR
EVT00034810,2022-06-17,EMP04550,CC0019,IT,5,Step Increment,136545.01,CAD,CAN,2022-06-17 22:00:00,CORE_HR
EVT00034846,2022-06-10,EMP04625,CC0022,PA,2,Hire,66656.99,CAD,CAN,2022-06-11 07:00:00,CORE_HR
EVT00034255,2022-06-15,EMP04751,CC0117,FI,3,Step Increment,69036.18,CAD,CA,2022-06-16 00:00:00,PAYROLL
EVT00033861,2022-06-11,EMP00073,CC0041,IT,3,Leave Return,,CAD,CA,2022-06-12 12:00:00,PAYROLL
EVT00035032,2022-06-04,EMP99999,CC0011,FI,1,Hire,77580.07,CAD,CAN,2022-06-04 14:00:00,CORE_HR
EVT00033848,2022-06-07,EMP02947,CC0010,IT,1,Departure,,CAD,CAN,2022-06-08 04:00:00,CORE_HR
EVT00035441,2022-06-03,EMP04761,CC0086,PA,4,Promotion,69664.88,USD,USA,2022-06-04 11:00:00,CORE_HR
EVT00035458,2022-06-05,EMP03736,CC0081,PA,4,Performance Pay,-8038.38,CAD,CAN,2022-06-05 14:00:00,CORE_HR
EVT00034358,2022-06-25,EMP03532,CC0031,IT,1,Step Increment,63116.74,SGD,SGP,2022-06-25 16:00:00,CORE_HR
EVT00034363,2022-06-27,EMP01727,CC0072,EN,1,Leave Return,,CAD,CA,2022-06-27 11:00:00,PAYROLL
EVT00034203,2022-06-09,EMP02981,CC0023,FI,3,Leave Return,,CAD,CAN,2022-06-09 09:00:00,CORE_HR
EVT00034665,2022-06-12,EMP01003,CC0013,CR,2,Lateral Deployment,,CAD,CA,2022-06-13 06:00:00,PAYROLL
EVT00034445,2022-06-07,EMP00899,CC0029,PA,3,Performance Pay,2611.61,GBP,GB,2022-06-08 03:00:00,PAYROLL
EVT00033902,2022-06-17,EMP03202,CC0100,IT,1,Leave Return,,CAD,CA,2022-06-17 09:00:00,PAYROLL
EVT00034627,2022-06-02,EMP04702,CC0067,PA,1,Step Increment,44534.04,CAD,CA,2022-06-02 09:00:00,PAYROLL
EVT00034706,2022-06-09,EMP01545,CC0109,PA,4,Step Increment,96432.17,CAD,CA,2022-06-10 03:00:00,PAYROLL
EVT00033999,2022-06-04,EMP00835,CC0009,PA,2,Leave Return,,MXN,MX,2022-06-04 12:00:00,PAYROLL
EVT00034141,2022-06-23,EMP01835,CC0082,CR,1,Hire,52193.22,CAD,CAN,2022-06-23 12:00:00,CORE_HR
EVT00035309,2022-06-08,EMP00258,CC0034,IT,2,Performance Pay,3898.51,CAD,CAN,2022-06-09 02:00:00,CORE_HR
EVT00034639,2022-06-06,EMP00756,CC0109,PA,1,Performance Pay,8457.47,CAD,CAN,2022-06-07 14:00:00,CORE_HR
EVT00034908,2022-06-13,EMP00911,CC0005,AS,3,Step Increment,69554.97,CAD,CAN,2022-06-13 14:00:00,CORE_HR
EVT00035580,2022-06-21,EMP03966,CC0050,EC,2,Departure,,CAD,CA,2022-06-22 02:00:00,PAYROLL
EVT00034616,2022-06-22,EMP01767,CC0024,AS,4,Step Increment,75227.19,CAD,CAN,2022-06-23 13:00:00,CORE_HR
EVT00034293,2022-06-08,EMP02873,CC0003,PA,1,Leave Start,,CAD,CA,2022-06-09 06:00:00,PAYROLL
EVT00035071,2022-06-21,EMP00736,CC0074,PA,2,Step Increment,46398.68,GBP,GBR,2022-06-21 09:00:00,CORE_HR
EVT00035267,2022-06-19,EMP01553,CC0047,PA,3,Step Increment,75090.53,CAD,CA,2022-06-20 01:00:00,PAYROLL
EVT00035367,2022-06-17,EMP01237,CC0103,EX,1,Leave Return,,CAD,CA,2022-06-17 14:00:00,PAYROLL
EVT00034911,2022-06-02,EMP04775,CC0079,PA,2,Leave Return,,CAD,CA,2022-06-02 15:00:00,PAYROLL
EVT00035345,2022-06-24,EMP01551,CC0025,CR,1,Leave Start,,CAD,CAN,2022-06-24 22:00:00,CORE_HR
EVT00035108,2022-06-24,EMP02323,CC0120,EN,1,Leave Start,,CAD,CAN,2022-06-25 04:00:00,CORE_HR
EVT00035012,2022-06-03,EMP04425,CC0078,CR,1,Step Increment,53706.44,CAD,CAN,2022-06-04 06:00:00,CORE_HR
EVT00035259,2022-06-08,EMP02574,CC0008,IT,1,Leave Return,,CAD,CAN,2022-06-08 06:00:00,CORE_HR
EVT00034868,2022-06-13,EMP02980,CC0093,CR,1,Promotion,48997.61,CAD,CAN,2022-06-14 00:00:00,CORE_HR
EVT00035208,2022-06-03,EMP04881,CC0018,CR,3,Lateral Deployment,,CAD,CA,2022-06-04 06:00:00,PAYROLL
EVT00035584,2022-06-09,EMP02245,CC0049,PA,5,Performance Pay,5700.48,GBP,GB,2022-06-10 06:00:00,PAYROLL
EVT00034575,2022-06-17,EMP03549,CC0005,FI,4,Departure,,CAD,CA,2022-06-18 09:00:00,PAYROLL
EVT00034892,2022-06-15,EMP02249,CC0047,EX,2,Lateral Deployment,,CAD,CA,2022-06-15 22:00:00,PAYROLL
EVT00035362,2022-06-18,EMP04024,CC0115,PA,1,Hire,57624.51,CAD,CA,2022-06-18 06:00:00,PAYROLL
EVT00034191,2022-06-04,EMP04256,CC0074,EN,3,Step Increment,77039.78,EUR,DEU,2022-06-04 11:00:00,CORE_HR
EVT00033769,2022-06-06,EMP00743,CC0026,FI,4,Step Increment,103712.57,CAD,CA,2022-06-06 15:00:00,PAYROLL
EVT00034562,2022-06-11,EMP04833,CC0023,IT,3,Step Increment,108875.85,CAD,CAN,2022-06-12 04:00:00,CORE_HR
EVT00034571,2022-06-14,EMP02336,CC0005,AS,1,Step Increment,46052.98,CAD,CAN,2022-06-15 05:00:00,CORE_HR
EVT00033951,2022-06-15,EMP03056,CC0041,EC,5,Step Increment,119824.82,CAD,CAN,2022-06-15 12:00:00,CORE_HR
EVT00035412,2022-06-21,EMP03043,CC0084,PA,2,Step Increment,71485.28,CAD,CAN,2022-06-21 18:00:00,CORE_HR
EVT00034279,2022-06-27,EMP01142,CC0117,IT,3,Lateral Deployment,,CAD,CA,2022-06-27 13:00:00,PAYROLL
EVT00033843,2022-06-24,EMP03369,CC0043,PA,2,Step Increment,75547.24,CAD,CAN,2022-06-24 08:00:00,CORE_HR
EVT00034460,2022-06-13,EMP03219,CC0003,IT,2,Promotion,106309.84,CAD,CAN,2022-06-13 12:00:00,CORE_HR
EVT00034320,2022-06-15,EMP04678,CC0020,EC,2,Step Increment,81755.93,CAD,CAN,2022-06-15 09:00:00,CORE_HR
EVT00034321,2022-06-15,EMP01676,CC0116,EX,1,Lateral Deployment,,CAD,CAN,2022-06-15 21:00:00,CORE_HR
EVT00034895,2022-06-18,EMP04781,CC0074,EN,2,Step Increment,242641.7,AED,ARE,2022-06-18 23:00:00,CORE_HR
EVT00035667,2022-06-16,EMP04297,CC0105,PA,2,Step Increment,56242.75,USD,US,2022-06-17 07:00:00,PAYROLL
EVT00035582,2022-06-25,EMP00262,CC0018,FI,5,Hire,114184.75,CAD,CAN,2022-06-26 15:00:00,CORE_HR
EVT00035149,2022-06-03,EMP04653,CC0103,PA,4,Step Increment,97427.9,CAD,CA,2022-06-03 20:00:00,PAYROLL
EVT00034608,2022-06-25,EMP01169,CC0117,CR,4,Step Increment,62941.58,CAD,CAN,2022-06-25 13:00:00,CORE_HR
EVT00034856,2022-06-20,EMP04827,CC0092,EC,1,Performance Pay,3764.96,CAD,CA,2022-06-20 14:00:00,PAYROLL
EVT00035239,2022-06-24,EMP04277,CC0099,AS,1,Leave Return,,CAD,CAN,2022-06-24 13:00:00,CORE_HR
EVT00034267,2022-06-10,EMP03163,CC0039,PA,3,Lateral Deployment,,CAD,CAN,2022-06-10 22:00:00,CORE_HR
EVT00034626,2022-06-19,EMP04399,CC0102,EN,4,Hire,111145.05,CAD,CAN,2022-06-20 08:00:00,CORE_HR
EVT00034429,2022-06-12,EMP00298,CC0113,EX,1,Leave Start,,CAD,CA,2022-06-12 09:00:00,PAYROLL
EVT00035011,2022-06-17,EMP02225,CC0096,PA,2,Step Increment,66196.95,CAD,CA,2022-06-17 12:00:00,PAYROLL
EVT00034986,2022-06-21,EMP00824,CC0001,IT,4,Step Increment,110086.51,CAD,CA,2022-06-22 11:00:00,PAYROLL
EVT00034403,2022-06-16,EMP01794,CC0015,IT,1,Step Increment,81687.43,CAD,CA,2022-06-17 10:00:00,PAYROLL
EVT00035005,2022-06-23,EMP01155,CC0081,FI,2,Step Increment,77388.19,CAD,CAN,2022-06-24 10:00:00,CORE_HR
EVT00035352,2022-06-26,EMP03427,CC0107,CR,2,Leave Start,,CAD,CA,2022-06-27 12:00:00,PAYROLL
EVT00033960,2022-06-27,EMP01262,CC0090,CR,2,Leave Start,,CAD,CAN,2022-06-27 09:00:00,CORE_HR
EVT00034431,2022-06-06,EMP00199,CC0030,EN,2,Lateral Deployment,,JPY,JPN,2022-06-06 08:00:00,CORE_HR
EVT00035540,2022-06-03,EMP04739,CC0051,IT,5,Leave Return,,CAD,CAN,2022-06-04 12:00:00,CORE_HR
EVT00034237,2022-06-01,EMP00916,CC0019,EX,1,Step Increment,107434.48,CAD,CAN,2022-06-02 15:00:00,CORE_HR
EVT00035140,2022-06-23,EMP00062,CC0011,IT,1,Departure,,CAD,CA,2022-06-23 09:00:00,PAYROLL
EVT00034999,2022-06-16,EMP04322,CC0026,EC,3,Step Increment,73118.01,CAD,CA,2022-06-17 07:00:00,PAYROLL
EVT00034341,2022-06-11,EMP00445,CC0077,AS,1,Step Increment,57847.44,CAD,CAN,2022-06-11 10:00:00,CORE_HR
EVT00033845,2022-06-25,EMP04764,CC0022,EC,1,Step Increment,68048.56,CAD,CAN,2022-06-25 20:00:00,CORE_HR
EVT00033799,2022-06-19,EMP04954,CC0009,PA,3,Hire,68962.07,SGD,SG,2022-06-19 11:00:00,PAYROLL
EVT00033972,2022-06-07,EMP00757,CC0035,EC,3,Step Increment,80819.11,CAD,CA,2022-06-08 01:00:00,PAYROLL
EVT00034159,2022-06-02,EMP02516,CC0016,EX,1,Step Increment,123349.3,CAD,CA,2022-06-02 21:00:00,PAYROLL
EVT00034382,2022-06-18,EMP03584,CC0088,AS,1,Performance Pay,56923.45,MXN,MEX,2022-06-19 09:00:00,CORE_HR
EVT00034365,2022-06-19,EMP02211,CC0004,PA,4,Step Increment,95866.39,CAD,CA,2022-06-19 19:00:00,PAYROLL
EVT00035154,2022-06-20,EMP01926,CC0010,EC,2,Leave Return,,CAD,CAN,2022-06-20 09:00:00,CORE_HR
EVT00035669,2022-06-19,EMP04319,CC0110,AS,3,Step Increment,71276.24,CAD,CAN,2022-06-19 09:00:00,CORE_HR
EVT00035234,2022-06-26,EMP02701,CC0020,IT,3,Performance Pay,4521.35,CAD,CAN,2022-06-26 15:00:00,CORE_HR
EVT00035095,2022-06-12,EMP01002,CC0048,CR,4,Step Increment,69858.95,CAD,CAN,2022-06-13 11:00:00,CORE_HR
EVT00035384,2022-06-06,EMP04077,CC0103,IT,3,Step Increment,113206.98,CAD,CAN,2022-06-06 17:00:00,CORE_HR
EVT00034131,2022-06-07,EMP01218,CC0100,PA,1,Step Increment,65552.35,CAD,CAN,2022-06-08 10:00:00,CORE_HR
EVT00034552,2022-06-09,EMP03535,CC0049,PA,3,Departure,,SGD,SGP,2022-06-11 02:00:00,CORE_HR
EVT00035089,2022-06-21,EMP01749,CC0076,CR,5,Leave Return,,CAD,CAN,2022-06-22 06:00:00,CORE_HR
EVT00034236,2022-06-18,EMP02749,CC0053,PA,2,Leave Start,,CAD,CAN,2022-06-19 02:00:00,CORE_HR
EVT00035626,2022-06-08,EMP02250,CC0066,AS,2,Lateral Deployment,,CAD,CAN,2022-06-08 10:00:00,CORE_HR
EVT00034554,2022-06-12,EMP01395,CC0028,PA,2,Leave Return,,CAD,CAN,2022-06-12 18:00:00,CORE_HR
EVT00034632,2022-06-26,EMP03181,CC0055,PA,2,Departure,,CAD,CAN,2022-06-27 13:00:00,CORE_HR
EVT00035611,2022-06-24,EMP00475,CC0081,EN,1,Step Increment,82538.72,CAD,CA,2022-06-25 04:00:00,PAYROLL
EVT00033882,2022-06-19,EMP03993,CC0034,EN,2,Leave Start,,CAD,CA,2022-06-20 09:00:00,PAYROLL
EVT00034744,2022-06-05,EMP04591,CC0099,EX,1,Step Increment,145672.37,CAD,CAN,2022-06-05 09:00:00,CORE_HR
EVT00035662,2022-06-06,EMP02693,CC0011,PA,3,Performance Pay,6102.24,CAD,CAN,2022-06-06 13:00:00,CORE_HR
EVT00034017,2022-06-01,EMP02214,CC0020,EN,3,Step Increment,115053.08,CAD,CA,2022-06-02 03:00:00,PAYROLL
EVT00034057,2022-06-15,EMP01062,CC0077,IT,2,Step Increment,93773.6,CAD,CA,2022-06-15 16:00:00,PAYROLL
EVT00035658,2022-06-15,EMP03768,CC0049,FI,3,Step Increment,56458.62,GBP,GB,2022-06-16 00:00:00,PAYROLL
EVT00033926,2022-06-19,EMP04073,CC0071,AS,1,Performance Pay,2336.6,CAD,CAN,2022-06-19 18:00:00,CORE_HR
EVT00035118,2022-06-08,EMP04723,CC0013,IT,3,Step Increment,104905.61,CAD,CAN,2022-06-08 17:00:00,CORE_HR
EVT00035150,2022-06-11,EMP00951,CC0108,PA,3,Departure,,AED,ARE,2022-06-11 10:00:00,CORE_HR
EVT00034961,2022-06-14,EMP04422,CC0030,AS,3,Leave Return,,EUR,FRA,2022-06-14 06:00:00,CORE_HR
EVT00034764,2022-06-10,EMP04371,CC0001,PA,3,Leave Return,,CAD,CAN,2022-06-11 00:00:00,CORE_HR
EVT00034601,2022-06-10,EMP02544,CC0030,AS,4,Lateral Deployment,,SGD,SGP,2022-06-10 11:00:00,CORE_HR
EVT00033917,2022-06-13,EMP01949,CC0050,PA,2,Leave Return,,CAD,CAN,2022-06-14 03:00:00,CORE_HR
EVT00033756,2022-06-08,EMP04522,CC0027,CR,2,Performance Pay,4955.53,CAD,CAN,2022-06-09 10:00:00,CORE_HR
EVT00035485,2022-06-24,EMP04600,CC0023,PA,5,Leave Return,,CAD,CAN,2022-06-24 23:00:00,CORE_HR
EVT00034242,2022-06-01,EMP01205,CC0115,AS,2,Step Increment,64224.58,CAD,CA,2022-06-02 05:00:00,PAYROLL
EVT00034947,2022-06-07,EMP04065,CC0102,PA,4,Lateral Deployment,,CAD,CA,2022-06-08 05:00:00,PAYROLL
EVT00034533,2022-06-25,EMP03344,CC0036,IT,2,Step Increment,110163.8,CAD,CAN,2022-06-26 06:00:00,CORE_HR
EVT00034656,2022-06-27,EMP03674,CC0035,IT,2,Step Increment,85114.93,CAD,CA,2022-06-27 09:00:00,PAYROLL
EVT00034288,2022-06-24,EMP04308,CC0099,CR,5,Leave Start,,CAD,CAN,2022-06-25 15:00:00,CORE_HR
EVT00034405,2022-06-06,EMP04409,CC0102,CR,4,Performance Pay,6720.96,CAD,CAN,2022-06-07 13:00:00,CORE_HR
EVT00034140,2022-06-15,EMP04539,CC0106,EC,2,Performance Pay,10371.97,CAD,CA,2022-06-17 09:00:00,PAYROLL
EVT00035563,2022-06-25,EMP04715,CC0115,AS,4,Step Increment,71476.92,CAD,CA,2022-06-25 23:00:00,PAYROLL
EVT00035406,2022-06-20,EMP02391,CC0098,AS,4,Performance Pay,7722.26,CAD,CA,2022-06-20 22:00:00,PAYROLL
EVT00035565,2022-06-07,EMP00681,CC0044,EX,2,Step Increment,140505.16,CAD,CAN,2022-06-08 11:00:00,CORE_HR
EVT00033966,2022-06-12,EMP03887,CC0062,AS,3,Leave Return,,CAD,CAN,2022-06-12 21:00:00,CORE_HR
EVT00034376,2022-06-03,EMP03062,CC0070,CR,1,Step Increment,47026.99,CAD,CA,2022-06-04 01:00:00,PAYROLL
EVT00034507,2022-06-19,EMP00492,CC0069,AS,5,Hire,91068.71,CAD,CAN,2022-06-20 11:00:00,CORE_HR
EVT00035617,2022-06-18,EMP02159,CC0079,EX,1,Leave Start,,CAD,CAN,2022-06-18 17:00:00,CORE_HR
EVT00035077,2022-06-23,EMP00506,CC0097,PA,1,Leave Start,,CAD,CAN,2022-06-23 06:00:00,CORE_HR
EVT00034256,2022-06-23,EMP03058,CC0098,AS,2,Leave Start,,CAD,CA,2022-06-23 07:00:00,PAYROLL
EVT00035497,2022-06-06,EMP01472,CC0106,EN,1,Leave Return,,CAD,CA,2022-06-07 13:00:00,PAYROLL
EVT00034577,2022-06-18,EMP01881,CC0117,IT,1,Step Increment,73228.31,CAD,CA,2022-06-19 04:00:00,PAYROLL
EVT00035251,2022-06-09,EMP03708,CC0110,PA,5,Leave Return,,CAD,CA,2022-06-10 01:00:00,PAYROLL
EVT00035645,2022-06-27,EMP03600,CC0049,AS,2,Leave Return,,AUD,AU,2022-06-28 15:00:00,PAYROLL
EVT00034701,2022-06-01,EMP00787,CC0029,CR,5,Lateral Deployment,,AUD,AU,2022-06-02 19:00:00,PAYROLL
EVT00034661,2022-06-02,EMP00597,CC0031,IT,1,Step Increment,286069.67,BRL,BRA,2022-06-03 01:00:00,CORE_HR
EVT00034992,2022-06-26,EMP03365,CC0104,EN,1,Performance Pay,9540.14,CAD,CA,2022-06-27 07:00:00,PAYROLL
EVT00035156,2022-06-11,EMP03106,CC0111,FI,2,Hire,918064.67,MXN,MEX,2022-06-12 14:00:00,CORE_HR
EVT00033988,2022-06-08,EMP03218,CC0090,AS,1,Performance Pay,2974.33,CAD,CAN,2022-06-08 06:00:00,CORE_HR
EVT00034831,2022-06-23,EMP01055,CC0115,AS,3,Step Increment,64289.6,CAD,CA,2022-06-24 10:00:00,PAYROLL
EVT00033773,2022-06-23,EMP00323,CC0025,PA,5,Performance Pay,12660.1,CAD,CAN,2022-06-24 08:00:00,CORE_HR
EVT00035092,2022-06-17,EMP00982,CC0026,AS,3,Step Increment,68936.18,CAD,CAN,2022-06-17 18:00:00,CORE_HR
EVT00034979,2022-06-09,EMP02365,CC0045,IT,1,Leave Return,,CAD,CAN,2022-06-09 10:00:00,CORE_HR
EVT00035052,2022-06-07,EMP00191,CC0095,AS,2,Step Increment,60321.62,CAD,CA,2022-06-10 05:00:00,PAYROLL
EVT00034774,2022-06-25,EMP03173,CC0041,EC,1,Leave Start,,CAD,CA,2022-06-25 10:00:00,PAYROLL
EVT00035621,2022-06-17,EMP03777,CC0105,IT,1,Performance Pay,55010.93,MXN,MEX,2022-06-18 02:00:00,CORE_HR
EVT00034152,2022-06-25,EMP01327,CC0059,EC,5,Step Increment,88983.68,CAD,CAN,2022-06-26 02:00:00,CORE_HR
EVT00034196,2022-06-03,EMP04725,CC0065,EC,3,Step Increment,58199.58,USD,USA,2022-06-04 15:00:00,CORE_HR
EVT00035155,2022-06-07,EMP04635,CC0099,CR,3,Leave Return,,CAD,CAN,2022-06-08 03:00:00,CORE_HR
EVT00034602,2022-06-27,EMP04230,CC0050,PA,4,Lateral Deployment,,CAD,CA,2022-06-27 22:00:00,PAYROLL
EVT00035463,2022-06-20,EMP02087,CC0053,PA,1,Hire,62948.29,CAD,CA,2022-06-20 08:00:00,PAYROLL
EVT00035511,2022-06-24,EMP01315,CC0107,IT,3,Step Increment,107914.72,CAD,CAN,2022-06-25 05:00:00,CORE_HR
EVT00033896,2022-06-24,EMP02760,CC0052,AS,4,Step Increment,79466.9,CAD,CAN,2022-06-24 16:00:00,CORE_HR
EVT00034995,2022-06-15,EMP03059,CC0039,CR,2,Lateral Deployment,,CAD,CA,2022-06-16 06:00:00,PAYROLL
EVT00034722,2022-06-08,EMP01136,CC0106,IT,2,Step Increment,86535.75,CAD,CAN,2022-06-08 12:00:00,CORE_HR
EVT00034709,2022-06-06,EMP01164,CC0119,AS,1,Leave Return,,CAD,CAN,2022-06-06 19:00:00,CORE_HR
EVT00034498,2022-06-10,EMP03790,CC0031,PA,4,Leave Start,,JPY,JPN,2022-06-11 13:00:00,CORE_HR
EVT00035008,2022-06-17,EMP01833,CC0001,EC,1,Step Increment,71325.25,CAD,CAN,2022-06-18 09:00:00,CORE_HR
EVT00035332,2022-06-19,EMP00192,CC0010,EN,1,Lateral Deployment,,CAD,CAN,2022-06-20 10:00:00,CORE_HR
EVT00035667,2022-06-16,EMP04297,CC0105,PA,2,Step Increment,56242.75,USD,US,2022-06-19 19:00:00,PAYROLL
EVT00033860,2022-06-24,EMP00160,CC0075,PA,1,Lateral Deployment,,CAD,CA,2022-06-24 18:00:00,PAYROLL
EVT00034207,2022-06-07,EMP02772,CC0070,PA,2,Performance Pay,9218.49,CAD,CAN,2022-06-08 10:00:00,CORE_HR
EVT00033797,2022-06-11,EMP04342,CC0040,PA,2,Leave Return,,CAD,CAN,2022-06-12 13:00:00,CORE_HR
EVT00035379,2022-06-15,EMP02126,CC0054,IT,5,Leave Return,,JPY,JP,2022-06-15 14:00:00,PAYROLL
EVT00035486,2022-06-27,EMP04705,CC0092,EN,3,Hire,98885.75,CAD,CAN,2022-06-27 13:00:00,CORE_HR
EVT00034971,2022-06-02,EMP03038,CC0030,EX,2,Lateral Deployment,,EUR,FR,2022-06-02 16:00:00,PAYROLL
EVT00034003,2022-06-03,EMP03746,CC0085,IT,1,Leave Return,,CAD,CAN,2022-06-04 05:00:00,CORE_HR
EVT00034331,2022-06-01,EMP00840,CC0099,CR,2,Step Increment,69672.44,CAD,CAN,2022-06-01 21:00:00,CORE_HR
EVT00034308,2022-06-13,EMP03083,CC0100,EC,1,Leave Return,,CAD,CA,2022-06-13 17:00:00,PAYROLL
EVT00035414,2022-06-03,EMP00521,CC0116,EC,4,Hire,117998.36,CAD,CAN,2022-06-03 10:00:00,CORE_HR
EVT00035359,2022-06-01,EMP03050,CC0017,IT,2,Lateral Deployment,,CAD,CAN,2022-06-02 03:00:00,CORE_HR
EVT00035661,2022-06-16,EMP00454,CC0037,EN,2,Step Increment,86438.9,CAD,CAN,2022-06-16 07:00:00,CORE_HR
EVT00034822,2022-06-17,EMP03242,CC0072,EN,3,Departure,,CAD,CA,2022-06-18 15:00:00,PAYROLL
EVT00033765,2022-06-22,EMP02553,CC0038,PA,1,Hire,61114.31,CAD,CA,2022-06-22 06:00:00,PAYROLL
EVT00034170,2022-06-27,EMP04447,CC0081,EN,1,Performance Pay,7564.75,CAD,CA,2022-06-28 00:00:00,PAYROLL
EVT00034036,2022-06-06,EMP04465,CC0082,PA,4,Performance Pay,9002.31,CAD,CAN,2022-06-06 20:00:00,CORE_HR
EVT00034436,2022-06-02,EMP03117,CC0110,FI,1,Promotion,71187.81,CAD,CAN,2022-06-02 15:00:00,CORE_HR
EVT00034600,2022-06-12,EMP04477,CC0039,EN,2,Performance Pay,4443.77,CAD,CAN,2022-06-12 14:00:00,CORE_HR
EVT00034887,2022-06-27,EMP99999,CC0095,AS,2,Departure,,CAD,CA,2022-06-27 11:00:00,PAYROLL
EVT00033960,2022-06-27,EMP01262,CC0090,CR,2,Leave Start,,CAD,CAN,2022-06-27 19:00:00,CORE_HR
EVT00034965,2022-06-07,EMP03303,CC0096,EX,1,Leave Start,,CAD,CAN,2022-06-08 02:00:00,CORE_HR
EVT00034354,2022-06-21,EMP00871,CC0037,EC,5,Leave Start,,CAD,CAN,2022-06-22 07:00:00,CORE_HR
EVT00035465,2022-06-22,EMP04895,CC0047,AS,4,Step Increment,71142.31,CAD,CA,2022-06-22 06:00:00,PAYROLL
EVT00034458,2022-06-24,EMP99999,CC0081,AS,3,Hire,68531.29,CAD,CAN,2022-06-24 06:00:00,CORE_HR
EVT00034760,2022-06-27,EMP00232,CC0074,PA,4,Promotion,800463.41,MXN,MX,2022-06-27 10:00:00,PAYROLL
EVT00034240,2022-06-25,EMP03903,CC0034,FI,4,Promotion,108174.82,CAD,CA,2022-06-26 12:00:00,PAYROLL
EVT00035078,2022-06-16,EMP04198,CC0052,EN,1,Lateral Deployment,,CAD,CAN,2022-06-16 12:00:00,CORE_HR
EVT00034789,2022-06-08,EMP02100,CC0071,IT,3,Performance Pay,5491.47,CAD,CAN,2022-06-08 11:00:00,CORE_HR
EVT00033818,2022-06-16,EMP02962,CC0017,EN,2,Leave Return,,CAD,CAN,2022-06-16 23:00:00,CORE_HR
EVT00033817,2022-06-21,EMP04225,CC0077,CR,5,Leave Start,,CAD,CAN,2022-06-21 19:00:00,CORE_HR
EVT00035279,2022-06-23,EMP01912,CC0077,FI,3,Step Increment,101368.83,CAD,CAN,2022-06-23 21:00:00,CORE_HR
EVT00034604,2022-06-20,EMP02254,CC0031,AS,3,Leave Start,,MXN,MEX,2022-06-21 09:00:00,CORE_HR
EVT00034069,2022-06-19,EMP00891,CC0051,EX,1,Lateral Deployment,,CAD,CA,2022-06-19 08:00:00,PAYROLL
EVT00035629,2022-06-19,EMP00226,CC0115,PA,5,Step Increment,-93494.84,CAD,CAN,2022-06-19 19:00:00,CORE_HR
EVT00034009,2022-06-08,EMP03100,CC0087,EC,2,Lateral Deployment,,CAD,CAN,2022-06-08 13:00:00,CORE_HR
EVT00035395,2022-06-13,EMP04973,CC0085,AS,4,Leave Start,,CAD,CAN,2022-06-14 04:00:00,CORE_HR
EVT00034453,2022-06-21,EMP04400,CC0096,IT,1,Leave Start,,CAD,CAN,2022-06-22 07:00:00,CORE_HR
EVT00035338,2022-06-02,EMP03769,CC0022,IT,1,Leave Return,,CAD,CAN,2022-06-02 08:00:00,CORE_HR
EVT00035387,2022-06-04,EMP01448,CC0033,EX,1,Step Increment,134492.26,CAD,CAN,2022-06-04 17:00:00,CORE_HR
EVT00034826,2022-06-06,EMP04102,CC0094,PA,3,Departure,,CAD,CA,2022-06-07 00:00:00,PAYROLL
EVT00034664,2022-06-07,EMP04243,CC0063,IT,1,Departure,,CAD,CAN,2022-06-07 09:00:00,CORE_HR
EVT00035649,2022-06-03,EMP03227,CC0049,EN,2,Lateral Deployment,,JPY,JPN,2022-06-03 15:00:00,CORE_HR
EVT00034859,2022-06-27,EMP01042,CC0015,EX,1,Hire,107462.82,CAD,CAN,2022-06-29 14:00:00,CORE_HR
EVT00033936,2022-06-20,EMP01135,CC0042,PA,4,Leave Return,,CAD,CAN,2022-06-21 09:00:00,CORE_HR
EVT00034683,2022-06-18,EMP04522,CC0027,CR,2,Lateral Deployment,,CAD,CAN,2022-06-18 13:00:00,CORE_HR
EVT00034541,2022-06-18,EMP02900,CC0114,PA,2,Step Increment,63594.3,CAD,CA,2022-06-18 18:00:00,PAYROLL
EVT00035009,2022-06-07,EMP00627,CC0014,CR,3,Performance Pay,3402.29,CAD,CA,2022-06-08 01:00:00,PAYROLL
EVT00034864,2022-06-04,EMP03494,CC0051,PA,3,Leave Return,,CAD,CAN,2022-06-05 02:00:00,CORE_HR
EVT00034915,2022-06-06,EMP03871,CC0014,PA,1,Hire,63525.45,CAD,CA,2022-06-06 21:00:00,PAYROLL
EVT00034710,2022-06-14,EMP00637,CC0113,PA,2,Leave Return,,CAD,CAN,2022-06-15 15:00:00,CORE_HR
EVT00035473,2022-06-09,EMP04655,CC0073,IT,1,Leave Start,,CAD,CAN,2022-06-10 14:00:00,CORE_HR
EVT00035170,2022-06-05,EMP01082,CC0005,FI,5,Step Increment,122773.63,CAD,CA,2022-06-06 12:00:00,PAYROLL
