event_id,event_date,employee_id,cost_center_id,classification_group,classification_level,event_type,amount_local,local_currency,work_country_code,ingest_ts,source_system
EVT00080250,2024-05-15,EMP02741,CC0111,CR,3,Performance Pay,3311.71,SGD,SGP,2024-05-15 09:00:00,CORE_HR
EVT00081858,2024-05-10,EMP03919,CC0083,PA,4,Step Increment,95666.72,CAD,CAN,2024-05-11 10:00:00,CORE_HR
EVT00080265,2024-05-02,EMP02772,CC0070,PA,2,Departure,,CAD,CA,2024-05-03 00:00:00,PAYROLL
EVT00081991,2024-05-04,EMP02629,CC0058,PA,4,Step Increment,102074.91,CAD,CAN,2024-05-05 14:00:00,CORE_HR
EVT00081779,2024-05-14,EMP04210,CC0049,EC,2,Step Increment,306957.32,BRL,BR,2024-05-14 13:00:00,PAYROLL
EVT00080201,2024-05-03,EMP04799,CC0039,EX,2,Promotion,163995.71,CAD,CA,2024-05-03 20:00:00,PAYROLL
EVT00080134,2024-05-10,EMP02019,CC0078,CR,1,Leave Start,,CAD,CAN,2024-05-10 11:00:00,CORE_HR
EVT00081426,2024-05-23,EMP04480,CC0092,PA,4,Leave Return,,CAD,CAN,2024-05-24 03:00:00,CORE_HR
EVT00080813,2024-05-11,EMP03505,CC0072,AS,2,Lateral Deployment,,CAD,CAN,2024-05-11 16:00:00,CORE_HR
EVT00080305,2024-05-17,EMP04622,CC0005,EC,2,Leave Return,,CAD,CA,2024-05-18 01:00:00,PAYROLL
EVT00080220,2024-05-01,EMP03032,CC0007,EX,2,Leave Start,,INR,IN,2024-05-02 04:00:00,PAYROLL
EVT00081961,2024-05-01,EMP00233,CC0072,PA,2,Step Increment,64229.39,CAD,CAN,2024-05-02 08:00:00,CORE_HR
EVT00081327,2024-05-09,EMP02323,CC0120,EN,1,Step Increment,85139.35,CAD,CA,2024-05-10 03:00:00,PAYROLL
EVT00081515,2024-05-16,EMP00055,CC0068,IT,1,Performance Pay,7236.66,CAD,CAN,2024-05-17 05:00:00,CORE_HR
EVT00079919,2024-05-11,EMP04475,CC0117,PA,4,Leave Start,,CAD,CAN,2024-05-12 00:00:00,CORE_HR
EVT00081983,2024-05-21,EMP02814,CC0017,CR,1,Leave Start,,CAD,CA,2024-05-21 19:00:00,PAYROLL
EVT00080634,2024-05-20,EMP02401,CC0059,IT,3,Step Increment,142218.29,CAD,CAN,2024-05-20 19:00:00,CORE_HR
EVT00080240,2024-05-22,EMP03816,CC0086,PA,1,Lateral Deployment,,EUR,DEU,2024-05-22 08:00:00,CORE_HR
EVT00080215,2024-05-24,EMP03031,CC0107,IT,3,Lateral Deployment,,CAD,CAN,2024-05-25 14:00:00,CORE_HR
EVT00081017,2024-05-17,EMP04140,CC0079,PA,3,Leave Start,,CAD,CAN,2024-05-17 11:00:00,CORE_HR
EVT00081224,2024-05-18,EMP01957,CC0096,AS,2,Leave Return,,CAD,CA,2024-05-19 02:00:00,PAYROLL
EVT00080528,2024-05-10,EMP04668,CC0104,IT,5,Departure,,CAD,CAN,2024-05-10 12:00:00,CORE_HR
EVT00081881,2024-05-23,EMP00150,CC0025,IT,1,Performance Pay,7622.93,CAD,CAN,2024-05-24 12:00:00,CORE_HR
EVT00081156,2024-05-22,EMP02688,CC0046,PA,1,Step Increment,47110.71,SGD,SGP,2024-05-22 16:00:00,CORE_HR
EVT00081481,2024-05-09,EMP02162,CC0101,EC,5,Step Increment,100590.11,CAD,CAN,2024-05-09 09:00:00,CORE_HR
EVT00081158,2024-05-21,EMP00660,CC0094,IT,1,Lateral Deployment,,CAD,CAN,2024-05-22 07:00:00,CORE_HR
EVT00081702,2024-05-13,EMP02803,CC0088,FI,1,Leave Return,,EUR,FR,2024-05-14 12:00:00,PAYROLL
EVT00080530,2024-05-04,EMP02668,CC0055,IT,1,Step Increment,83790.29,CAD,CAN,2024-05-04 12:00:00,CORE_HR
EVT00080353,2024-05-10,EMP00202,CC0029,EN,3,Performance Pay,40375.37,BRL,BRA,2024-05-11 02:00:00,CORE_HR
EVT00080817,2024-05-19,EMP03126,CC0074,EX,1,Leave Return,,USD,US,2024-05-20 11:00:00,PAYROLL
EVT00081675,2024-05-16,EMP00179,CC0024,AS,1,Leave Return,,CAD,CAN,2024-05-16 22:00:00,CORE_HR
EVT00081116,2024-05-03,EMP03665,CC0114,PA,2,Step Increment,70370.46,CAD,CAN,2024-05-04 12:00:00,CORE_HR
EVT00080541,2024-05-18,EMP03946,CC0034,EC,2,Departure,,CAD,CAN,2024-05-18 07:00:00,CORE_HR
EVT00081170,2024-05-05,EMP03517,CC0058,PA,1,Step Increment,62130.61,CAD,CAN,2024-05-05 11:00:00,CORE_HR
EVT00081493,2024-05-13,EMP03493,CC0006,PA,5,Hire,115086.33,CAD,CAN,2024-05-13 14:00:00,CORE_HR
EVT00081672,2024-05-03,EMP00717,CC0115,CR,2,Step Increment,61169.34,CAD,CAN,2024-05-03 17:00:00,CORE_HR
EVT00081081,2024-05-06,EMP04871,CC0105,FI,1,Step Increment,63667.4,EUR,DEU,2024-05-06 23:00:00,CORE_HR
EVT00081066,2024-05-06,EMP02525,CC0006,FI,5,Leave Start,,CAD,CAN,2024-05-06 23:00:00,CORE_HR
EVT00080338,2024-05-25,EMP02280,CC0052,FI,2,Hire,81882.49,CAD,CAN,2024-05-26 00:00:00,CORE_HR
EVT00081392,2024-05-03,EMP01189,CC0058,EC,3,Lateral Deployment,,CAD,CAN,2024-05-03 19:00:00,CORE_HR
EVT00081948,2024-05-18,EMP02916,CC0023,CR,2,Step Increment,56736.17,CAD,CAN,2024-05-18 08:00:00,CORE_HR
EVT00081732,2024-05-05,EMP00572,CC0089,CR,1,Performance Pay,2351.15,CAD,CA,2024-05-06 00:00:00,PAYROLL
EVT00080981,2024-05-21,EMP02107,CC0002,EN,3,Leave Return,,CAD,CAN,2024-05-22 07:00:00,CORE_HR
EVT00081972,2024-05-01,EMP00927,CC0056,EN,1,Step Increment,86517.95,CAD,CAN,2024-05-02 14:00:00,CORE_HR
EVT00080007,2024-05-15,EMP02658,CC0107,PA,1,Leave Start,,CAD,CAN,2024-05-16 03:00:00,CORE_HR
EVT00080413,2024-05-22,EMP03768,CC0049,FI,3,Step Increment,1469269.72,MXN,MEX,2024-05-22 16:00:00,CORE_HR
EVT00081018,2024-05-25,EMP00764,CC0026,PA,1,Lateral Deployment,,CAD,CA,2024-05-26 04:00:00,PAYROLL
EVT00080712,2024-05-10,EMP02564,CC0094,IT,1,Step Increment,66930.75,CAD,CA,2024-05-10 12:00:00,PAYROLL
EVT00081922,2024-05-27,EMP04929,CC0073,EN,2,Step Increment,106664.06,CAD,CA,2024-05-27 18:00:00,PAYROLL
EVT00080483,2024-05-03,EMP05024,CC0070,PA,4,Step Increment,101528.49,CAD,CAN,2024-05-04 05:00:00,CORE_HR
EVT00081291,2024-05-22,EMP04395,CC0074,EC,1,Lateral Deployment,,EUR,FR,2024-05-23 03:00:00,PAYROLL
EVT00081173,2024-05-15,EMP03924,CC0073,AS,2,Promotion,70428.29,CAD,CA,2024-05-15 23:00:00,PAYROLL
EVT00081890,2024-05-01,EMP02469,CC0096,CR,5,Step Increment,84118.86,CAD,CA,2024-05-02 14:00:00,PAYROLL
EVT00080362,1900-01-01,EMP01441,CC0071,IT,3,Step Increment,90622.37,CAD,CAN,2024-05-09 08:00:00,CORE_HR
EVT00080317,2024-05-11,EMP04559,CC0079,CR,1,Step Increment,54832.45,CAD,CAN,2024-05-11 14:00:00,CORE_HR
EVT00081518,2024-05-20,EMP01087,CC0114,EC,2,Step Increment,96519.64,CAD,CAN,2024-05-21 11:00:00,CORE_HR
EVT00080880,2024-05-05,EMP00562,CC0046,FI,3,Step Increment,165097.25,AUD,AUS,2024-05-06 01:00:00,CORE_HR
EVT00080432,2024-05-15,EMP03995,CC0070,PA,3,Lateral Deployment,,CAD,CAN,2024-05-15 07:00:00,CORE_HR
EVT00080194,2024-05-06,EMP01049,CC0053,AS,4,Performance Pay,3706.81,CAD,CA,2024-05-07 06:00:00,PAYROLL
EVT00081071,2024-05-06,EMP00372,CC0029,EN,1,Departure,,INR,IND,2024-05-06 08:00:00,CORE_HR
EVT00081968,2024-05-15,EMP02468,CC0035,IT,1,Step Increment,81806.97,CAD,CA,2024-05-15 17:00:00,PAYROLL
EVT00080699,2024-05-10,EMP02796,CC0071,IT,4,Performance Pay,13921.56,CAD,CA,2024-05-11 05:00:00,PAYROLL
EVT00081863,2024-05-16,EMP00559,CC0034,FI,4,Step Increment,110262.99,CAD,CAN,2024-05-16 19:00:00,CORE_HR
EVT00081184,2024-05-08,EMP00998,CC0039,IT,4,Departure,,CAD,CA,2024-05-09 06:00:00,PAYROLL
EVT00081368,2024-05-15,EMP02495,CC0049,FI,3,Step Increment,1413479.65,MXN,MX,2024-05-16 07:00:00,PAYROLL
EVT00081912,2024-05-11,EMP02833,CC0105,IT,3,Step Increment,295581.4,AED,AE,2024-05-11 20:00:00,PAYROLL
EVT00080606,2024-05-25,EMP04924,CC0105,EN,1,Hire,5407561.64,INR,IND,2024-05-26 01:00:00,CORE_HR
EVT00081127,2024-05-12,EMP03531,CC0041,IT,3,Departure,,CAD,CAN,2024-05-12 12:00:00,CORE_HR
EVT00080101,2024-05-26,EMP00731,CC0117,EC,1,Hire,60206.44,CAD,CAN,2024-05-26 13:00:00,CORE_HR
EVT00081692,2024-05-12,EMP04534,CC0087,PA,2,Performance Pay,4539.93,CAD,CA,2024-05-12 16:00:00,PAYROLL
EVT00081022,2024-05-09,EMP01258,CC0049,PA,2,Performance Pay,3884.49,EUR,FR,2024-05-10 15:00:00,PAYROLL
EVT00081266,2024-05-14,EMP02312,CC0063,IT,3,Hire,109417.18,CAD,CAN,2024-05-15 02:00:00,CORE_HR
EVT00081029,2024-05-13,EMP02567,CC0043,EX,2,Performance Pay,8577.04,CAD,CAN,2024-05-13 17:00:00,CORE_HR
EVT00081484,2024-05-02,EMP03917,CC0072,IT,1,Lateral Deployment,,CAD,CAN,2024-05-02 13:00:00,CORE_HR
EVT00080515,2024-05-07,EMP01383,CC0114,CR,2,Lateral Deployment,,CAD,CAN,2024-05-07 20:00:00,CORE_HR
EVT00081459,2024-05-14,EMP01971,CC0060,IT,1,Step Increment,93117.44,CAD,CAN,2024-05-14 12:00:00,CORE_HR
EVT00080657,2024-05-18,EMP03282,CC0062,EX,3,Leave Return,,CAD,CAN,2024-05-19 04:00:00,CORE_HR
EVT00080133,2024-05-16,EMP00259,CC0094,EC,2,Departure,,CAD,CAN,2024-05-17 06:00:00,CORE_HR
EVT00080212,2024-05-19,EMP01513,CC0111,AS,1,Lateral Deployment,,USD,USA,2024-05-20 06:00:00,CORE_HR
EVT00080678,2024-05-16,EMP03960,CC0057,PA,5,Lateral Deployment,,CAD,CAN,2024-05-16 12:00:00,CORE_HR
EVT00081553,2024-05-13,EMP03295,CC0073,PA,2,Leave Return,,CAD,CAN,2024-05-13 21:00:00,CORE_HR
EVT00081202,2024-05-11,EMP01741,CC0034,PA,1,Leave Start,,CAD,CAN,2024-05-11 16:00:00,CORE_HR
EVT00081366,2024-05-25,EMP01662,CC0019,PA,2,Leave Start,,CAD,CAN,2024-05-25 18:00:00,CORE_HR
EVT00080838,2024-05-21,EMP02555,CC0037,FI,1,Performance Pay,5312.79,CAD,CA,2024-05-22 14:00:00,PAYROLL
EVT00081116,2024-05-03,EMP03665,CC0114,PA,2,Step Increment,70370.46,CAD,CAN,2024-05-06 21:00:00,CORE_HR
EVT00081510,2024-05-24,EMP03636,CC0076,IT,4,Hire,134484.19,CAD,CAN,2024-05-24 19:00:00,CORE_HR
EVT00081272,2024-05-05,EMP00135,CC0117,PA,2,Performance Pay,5548.25,CAD,CAN,2024-05-06 02:00:00,CORE_HR
EVT00082025,2024-05-27,EMP02556,CC0104,AS,3,Performance Pay,6615.01,CAD,CA,2024-05-27 18:00:00,PAYROLL
EVT00081421,2024-05-03,EMP00598,CC0120,EC,1,Step Increment,72917.26,CAD,CAN,2024-05-03 06:00:00,CORE_HR
EVT00081495,2024-05-22,EMP02396,CC0057,CR,2,Performance Pay,6920.55,CAD,CAN,2024-05-23 12:00:00,CORE_HR
EVT00080797,2024-05-03,EMP00181,CC0021,CR,3,Step Increment,69855.09,CAD,CAN,2024-05-03 06:00:00,CORE_HR
EVT00081889,2024-05-16,EMP04274,CC0109,EC,3,Leave Start,,CAD,CA,2024-05-16 15:00:00,PAYROLL
EVT00081331,2024-05-21,EMP00088,CC0093,IT,1,Leave Start,,CAD,CA,2024-05-22 11:00:00,PAYROLL
EVT00080280,2024-05-12,EMP04764,CC0022,EC,1,Step Increment,60982.58,CAD,CAN,2024-05-12 11:00:00,CORE_HR
EVT00080555,2024-05-03,EMP02217,CC0060,IT,3,Leave Start,,CAD,CAN,2024-05-04 07:00:00,CORE_HR
EVT00080985,2024-05-17,EMP04071,CC0041,CR,1,Leave Start,,CAD,CAN,2024-05-17 20:00:00,CORE_HR
EVT00080987,2024-05-10,EMP01770,CC0045,EN,3,Leave Return,,CAD,CAN,2024-05-10 18:00:00,CORE_HR
EVT00080952,2024-05-13,EMP01099,CC0104,EC,3,Leave Start,,CAD,CA,2024-05-14 09:00:00,PAYROLL
EVT00080243,2024-05-26,EMP00836,CC0118,AS,1,Step Increment,57708.98,CAD,CAN,2024-05-27 09:00:00,CORE_HR
EVT00080829,2024-05-01,EMP02612,CC0114,EN,1,Lateral Deployment,,CAD,CAN,2024-05-01 18:00:00,CORE_HR
EVT00081760,2024-05-10,EMP05110,CC0066,FI,1,Leave Return,,CAD,CAN,2024-05-11 09:00:00,CORE_HR
EVT00080765,2024-05-20,EMP00688,CC0109,IT,3,Leave Return,,CAD,CAN,2024-05-20 17:00:00,CORE_HR
EVT00081119,2024-05-24,EMP04653,CC0103,PA,4,Performance Pay,11923.92,CAD,CAN,2024-05-25 01:00:00,CORE_HR
EVT00081249,2024-05-07,EMP04827,CC0092,EC,1,Step Increment,79623.66,CAD,CAN,2024-05-10 09:00:00,CORE_HR
EVT00080452,2024-05-14,EMP03036,CC0114,PA,1,Performance Pay,-4076.95,CAD,CAN,2024-05-14 10:00:00,CORE_HR
EVT00081984,2024-05-19,EMP03731,CC0119,EX,2,Leave Start,,CAD,CA,2024-05-20 07:00:00,PAYROLL
EVT00080477,2024-05-17,EMP00944,CC0028,EN,1,Lateral Deployment,,CAD,CAN,2024-05-18 03:00:00,CORE_HR
EVT00080465,2024-05-27,EMP03462,CC0097,PA,4,Leave Return,,CAD,CAN,2024-05-28 14:00:00,CORE_HR
EVT00081118,2024-05-27,EMP04571,CC0063,PA,1,Lateral Deployment,,CAD,CA,2024-05-27 23:00:00,PAYROLL
EVT00080820,2024-05-09,EMP04721,CC0025,FI,5,Step Increment,116441.54,CAD,CA,2024-05-10 10:00:00,PAYROLL
EVT00081560,2024-05-19,EMP04190,CC0009,CR,2,Departure,,JPY,JP,2024-05-20 04:00:00,PAYROLL
EVT00080810,2024-05-21,EMP01461,CC0092,FI,3,Leave Start,,CAD,CAN,2024-05-22 12:00:00,CORE_HR
EVT00081816,2024-05-09,EMP01461,CC0092,FI,3,Leave Return,,CAD,CA,2024-05-09 08:00:00,PAYROLL
EVT00080325,2024-05-25,EMP05182,CC0049,AS,4,Step Increment,230427.82,XXX,AE,2024-05-26 13:00:00,PAYROLL
EVT00081384,2024-05-13,EMP04636,CC0046,CR,2,Lateral Deployment,,AED,AE,2024-05-13 19:00:00,PAYROLL
EVT00080812,2024-05-13,EMP01735,CC0096,FI,1,Leave Start,,CAD,CAN,2024-05-14 12:00:00,CORE_HR
EVT00080100,2024-05-16,EMP02246,CC0067,PA,2,Step Increment,68874.31,CAD,CA,2024-05-16 14:00:00,PAYROLL
EVT00081351,2024-05-14,EMP03434,CC0082,EC,4,Performance Pay,15688.3,CAD,CAN,2024-05-14 06:00:00,CORE_HR
EVT00081287,2024-05-11,EMP05060,CC0090,PA,3,Step Increment,86161.21,CAD,CA,2024-05-12 10:00:00,PAYROLL
EVT00081930,2024-05-25,EMP02608,CC0057,PA,1,Departure,,CAD,CAN,2024-05-25 09:00:00,CORE_HR
EVT00081780,2024-05-05,EMP03233,CC0101,FI,3,Leave Return,,CAD,CA,2024-05-06 10:00:00,PAYROLL
EVT00081875,2024-05-15,EMP04127,CC0048,EX,1,Hire,155530.01,CAD,CAN,2024-05-16 08:00:00,CORE_HR
EVT00081104,1900-01-01,EMP00172,CC0111,PA,5,Departure,,JPY,JPN,2024-05-08 12:00:00,CORE_HR
EVT00081131,2024-05-25,EMP03445,CC0046,PA,2,Leave Start,,GBP,GB,2024-05-25 10:00:00,PAYROLL
EVT00080196,2024-05-07,EMP03994,CC0082,CR,3,Step Increment,73864.39,CAD,CA,2024-05-08 02:00:00,PAYROLL
EVT00081092,2024-05-05,EMP00300,CC0058,PA,3,Performance Pay,5594.52,CAD,CAN,2024-05-05 12:00:00,CORE_HR
EVT00081168,2024-05-01,EMP02917,CC0013,FI,2,Step Increment,90687.31,CAD,CA,2024-05-02 13:00:00,PAYROLL
EVT00080873,2024-05-13,EMP03150,CC0110,IT,4,Step Increment,137098.55,CAD,CA,2024-05-13 15:00:00,PAYROLL
EVT00081620,2024-05-13,EMP01164,CC0119,AS,1,Step Increment,60482.9,CAD,CAN,2024-05-14 03:00:00,CORE_HR
EVT00079969,2024-05-12,EMP04831,CC0101,PA,2,Hire,78688.1,CAD,CA,2024-05-13 01:00:00,PAYROLL
EVT00080768,2024-05-25,EMP02156,CC0043,AS,2,Performance Pay,3917.65,CAD,CA,2024-05-26 13:00:00,PAYROLL
EVT00080788,2024-05-25,EMP03369,CC0043,PA,2,Step Increment,80366.94,CAD,CA,2024-05-25 23:00:00,PAYROLL
EVT00080716,2024-05-07,EMP02029,CC0103,IT,1,Step Increment,77886.98,CAD,CAN,2024-05-08 00:00:00,CORE_HR
EVT00080112,2024-05-13,EMP01116,CC0065,FI,3,Hire,150295.92,AUD,AU,2024-05-13 23:00:00,PAYROLL
EVT00081628,2024-05-24,EMP00430,CC0048,AS,2,Step Increment,69701.28,CAD,CA,2024-05-25 07:00:00,PAYROLL
EVT00080556,2024-05-15,EMP04020,CC0120,AS,1,Step Increment,52159.08,CAD,CAN,2024-05-15 15:00:00,CORE_HR
EVT00080623,2024-05-20,EMP03139,CC0111,AS,1,Performance Pay,2657.2,SGD,SG,2024-05-21 05:00:00,PAYROLL
EVT00081225,2024-05-11,EMP01932,CC0116,IT,4,Performance Pay,11846.42,CAD,CA,2024-05-12 04:00:00,PAYROLL
EVT00081971,2024-05-26,EMP04055,CC0007,AS,1,Leave Return,,SGD,SG,2024-05-26 09:00:00,PAYROLL
EVT00080776,2024-05-08,EMP00229,CC0034,PA,3,Lateral Deployment,,CAD,CAN,2024-05-08 18:00:00,CORE_HR
EVT00080150,2024-05-18,EMP01075,CC0094,PA,2,Step Increment,74499.59,CAD,CAN,2024-05-18 14:00:00,CORE_HR
EVT00081711,2024-05-12,EMP00468,CC0028,PA,2,Step Increment,83356.05,CAD,CA,2024-05-13 07:00:00,PAYROLL
EVT00081413,2024-05-23,EMP03762,CC0063,CR,2,Step Increment,44460.14,CAD,CAN,2024-05-26 10:00:00,CORE_HR
EVT00080553,2024-05-14,EMP00832,CC0055,AS,3,Step Increment,61662.08,CAD,CA,2024-05-15 13:00:00,PAYROLL
EVT00080225,2024-05-10,EMP00557,CC0077,EN,4,Departure,,CAD,CA,2024-05-10 09:00:00,PAYROLL
EVT00080151,2024-05-27,EMP00391,CC0064,EN,2,Step Increment,105488.46,CAD,CA,2024-05-27 12:00:00,PAYROLL
EVT00081582,2024-05-19,EMP04351,CC0056,AS,1,Performance Pay,3992.23,CAD,CAN,2024-05-19 06:00:00,CORE_HR
EVT00081744,2024-05-17,EMP04301,CC0045,AS,2,Step Increment,71323.98,CAD,CAN,2024-05-17 06:00:00,CORE_HR
EVT00081009,2024-05-01,EMP01193,CC0054,CR,5,Leave Return,,MXN,MEX,2024-05-02 07:00:00,CORE_HR
EVT00081752,2024-05-02,EMP03423,CC0065,AS,3,Step Increment,1113663.64,MXN,MEX,2024-05-03 09:00:00,CORE_HR
EVT00080767,2024-05-02,EMP04435,CC0118,AS,5,Leave Return,,CAD,CA,2024-05-02 07:00:00,PAYROLL
EVT00080371,2024-05-25,EMP00495,CC0085,FI,3,Leave Return,,CAD,CA,2024-05-25 14:00:00,PAYROLL
EVT00080031,2024-05-02,EMP03169,CC0006,IT,1,Performance Pay,5603.3,CAD,CA,2024-05-03 00:00:00,PAYROLL
EVT00081822,2024-05-24,EMP02645,CC0018,PA,1,Performance Pay,7584.56,CAD,CAN,2024-05-25 15:00:00,CORE_HR
EVT00081183,2024-05-01,EMP04259,CC0020,PA,3,Lateral Deployment,,CAD,CAN,2024-05-01 23:00:00,CORE_HR
EVT00081072,2024-05-05,EMP00031,CC0023,PA,2,Lateral Deployment,,CAD,CA,2024-05-05 16:00:00,PAYROLL
EVT00080269,2024-05-23,EMP03391,CC0029,PA,3,Hire,10008723.39,KES,KEN,2024-05-24 10:00:00,CORE_HR
EVT00081231,2024-05-21,EMP00469,CC0036,PA,2,Leave Return,,CAD,CAN,2024-05-22 01:00:00,CORE_HR
EVT00080841,2024-05-21,EMP01122,CC0080,PA,4,Step Increment,83151.51,EUR,DEU,2024-05-22 06:00:00,CORE_HR
EVT00080402,2024-05-02,EMP02938,CC0116,AS,1,Step Increment,62115.16,CAD,CAN,2024-05-03 11:00:00,CORE_HR
EVT00080895,2024-05-01,EMP04172,CC0018,EX,1,Performance Pay,14792.77,CAD,CAN,2024-05-02 01:00:00,CORE_HR
EVT00080267,2024-05-15,EMP04478,CC0095,IT,2,Step Increment,115131.76,CAD,CAN,2024-05-16 06:00:00,CORE_HR
EVT00080073,2024-05-20,EMP05024,CC0070,PA,4,Leave Return,,CAD,CAN,2024-05-21 14:00:00,CORE_HR
EVT00081543,2024-05-13,EMP03998,CC0049,EN,4,Lateral Deployment,,KES,KE,2024-05-16 06:00:00,PAYROLL
EVT00081390,2024-05-20,EMP03163,CC0039,PA,4,Performance Pay,9054.71,CAD,CAN,2024-05-21 13:00:00,CORE_HR
EVT00080440,2024-05-05,EMP01952,CC0118,IT,2,Step Increment,108543.4,CAD,CAN,2024-05-05 10:00:00,CORE_HR
EVT00081885,2024-05-22,EMP04102,CC0094,PA,3,Leave Return,,CAD,CAN,2024-05-22 15:00:00,CORE_HR
EVT00081807,2024-05-07,EMP03642,CC0037,EC,1,Promotion,63418.95,CAD,CAN,2024-05-08 01:00:00,CORE_HR
EVT00081607,2024-05-11,EMP01598,CC0104,EX,1,Promotion,108847.69,CAD,CAN,2024-05-11 20:00:00,CORE_HR
EVT00080685,2024-05-13,EMP02186,CC0044,EC,2,Lateral Deployment,,CAD,CAN,2024-05-14 10:00:00,CORE_HR
EVT00080998,2024-05-04,EMP03132,CC0052,EX,1,Step Increment,139675.87,CAD,CAN,2024-05-04 23:00:00,CORE_HR
EVT00080620,2024-05-23,EMP04058,CC0076,IT,4,Leave Return,,CAD,CA,2024-05-23 15:00:00,PAYROLL
EVT00081346,2024-05-26,EMP04727,CC0059,IT,4,Step Increment,148927.7,CAD,CA,2024-05-27 04:00:00,PAYROLL
EVT00080676,2024-05-01,EMP02990,CC0022,PA,3,Performance Pay,11438.39,CAD,CA,2024-05-02 13:00:00,PAYROLL
EVT00080537,2024-05-15,EMP04818,CC0052,PA,2,Step Increment,63368.46,CAD,CA,2024-05-15 11:00:00,PAYROLL
EVT00080775,2024-05-25,EMP04111,CC0064,CR,1,Step Increment,55638.73,CAD,CAN,2024-05-25 07:00:00,CORE_HR
EVT00080801,2024-05-02,EMP05152,CC0028,PA,2,Step Increment,54880.18,CAD,CAN,2024-05-02 18:00:00,CORE_HR
EVT00080081,2024-05-14,EMP04108,CC0007,CR,1,Departure,,GBP,GB,2024-05-15 00:00:00,PAYROLL
EVT00080950,2024-05-26,EMP03862,CC0088,EC,3,Leave Start,,MXN,MEX,2024-05-26 13:00:00,CORE_HR
EVT00081188,2024-05-09,EMP03204,CC0078,PA,5,Lateral Deployment,,CAD,CA,2024-05-09 17:00:00,PAYROLL
EVT00080907,2024-05-09,EMP04336,CC0050,AS,3,Step Increment,69507.43,CAD,CAN,2024-05-10 00:00:00,CORE_HR
EVT00080948,2024-05-07,EMP04019,CC0116,EC,4,Step Increment,-116106.68,CAD,CAN,2024-05-08 14:00:00,CORE_HR
EVT00080074,2024-05-11,EMP01893,CC0005,FI,4,Step Increment,102249.06,CAD,CAN,2024-05-11 11:00:00,CORE_HR
EVT00081642,2024-05-01,EMP00602,CC0057,EN,3,Step Increment,113530.07,CAD,CAN,2024-05-01 23:00:00,CORE_HR
EVT00081537,2024-05-18,EMP03481,CC0067,CR,1,Lateral Deployment,,CAD,CA,2024-05-19 01:00:00,PAYROLL
EVT00081250,2024-05-17,EMP03108,CC0019,EN,1,Step Increment,72159.29,CAD,CA,2024-05-17 12:00:00,PAYROLL
EVT00079906,2024-05-03,EMP02534,CC0011,EX,1,Leave Start,,CAD,CAN,2024-05-03 17:00:00,CORE_HR
EVT00080542,2024-05-21,EMP04288,CC0001,PA,1,Departure,,CAD,CA,2024-05-21 21:00:00,PAYROLL
EVT00081839,2024-05-10,EMP01720,CC0073,EN,2,Leave Start,,CAD,CAN,2024-05-10 15:00:00,CORE_HR
EVT00080025,2024-05-16,EMP03463,CC0035,IT,1,Leave Start,,CAD,CAN,2024-05-17 10:00:00,CORE_HR
EVT00081978,2024-05-23,EMP00471,CC0011,IT,1,Leave Start,,CAD,CA,2024-05-23 17:00:00,PAYROLL
EVT00081114,2024-05-05,EMP00628,CC0069,EC,4,Step Increment,118423.76,CAD,CA,2024-05-06 02:00:00,PAYROLL
EVT00079898,2024-05-21,EMP03185,CC0021,IT,4,Departure,,CAD,CAN,2024-05-22 02:00:00,CORE_HR
EVT00081480,2024-05-22,EMP04069,CC0057,EC,1,Leave Start,,CAD,CA,2024-05-23 02:00:00,PAYROLL
EVT00081261,2024-05-06,EMP02001,CC0006,CR,1,Step Increment,59301.12,CAD,CAN,2024-05-06 11:00:00,CORE_HR
EVT00080565,2024-05-18,EMP03213,CC0029,EC,5,Performance Pay,44621.02,AED,ARE,2024-05-19 14:00:00,CORE_HR
EVT00081511,2024-05-02,EMP03018,CC0043,IT,1,Departure,,CAD,CAN,2024-05-03 00:00:00,CORE_HR
EVT00081010,2024-05-06,EMP01862,CC0068,AS,5,Hire,70993.94,CAD,CA,2024-05-07 15:00:00,PAYROLL
EVT00080061,2024-05-19,EMP02490,CC0019,IT,1,Lateral Deployment,,CAD,CAN,2024-05-19 11:00:00,CORE_HR
EVT00080908,2024-05-12,EMP00352,CC0048,FI,3,Leave Return,,CAD,CAN,2024-05-13 06:00:00,CORE_HR
EVT00081754,2024-05-23,EMP03102,CC0090,IT,5,Step Increment,128734.95,CAD,CAN,2024-05-24 15:00:00,CORE_HR
EVT00080200,2024-05-03,EMP03623,CC0094,PA,3,Leave Start,,CAD,CAN,2024-05-03 20:00:00,CORE_HR
EVT00081963,2024-05-03,EMP01631,CC0014,EN,2,Lateral Deployment,,CAD,CA,2024-05-03 13:00:00,PAYROLL
EVT00081285,2024-05-12,EMP04822,CC0007,PA,2,Step Increment,63250.85,EUR,FRA,2024-05-13 09:00:00,CORE_HR
EVT00080462,2024-05-22,EMP02444,CC0035,AS,1,Performance Pay,7133.7,CAD,CAN,2024-05-23 05:00:00,CORE_HR
EVT00081403,2024-05-22,EMP01713,CC0040,PA,2,Step Increment,65365.08,CAD,CAN,2024-05-22 11:00:00,CORE_HR
EVT00080936,2024-05-11,EMP02275,CC0003,EC,1,Leave Start,,CAD,CAN,2024-05-11 17:00:00,CORE_HR
EVT00080593,2024-05-01,EMP04173,CC0072,PA,3,Hire,-65982.44,CAD,CAN,2024-05-01 19:00:00,CORE_HR
EVT00081186,2024-05-16,EMP01733,CC0031,EX,1,Step Increment,105950.3,SGD,SGP,2024-05-17 04:00:00,CORE_HR
EVT00080012,2024-05-01,EMP01925,CC0011,PA,1,Leave Return,,CAD,CAN,2024-05-01 16:00:00,CORE_HR
EVT00081716,2024-05-19,EMP02971,CC0017,IT,2,Departure,,CAD,CA,2024-05-19 08:00:00,PAYROLL
EVT00080912,2024-05-06,EMP00992,CC0004,FI,1,Step Increment,80661.78,CAD,CAN,2024-05-06 12:00:00,CORE_HR
EVT00081058,2024-05-02,EMP00026,CC0065,FI,3,Lateral Deployment,,INR,IN,2024-05-03 13:00:00,PAYROLL
EVT00081724,2024-05-09,EMP00440,CC0097,EX,2,Leave Return,,CAD,CA,2024-05-09 07:00:00,PAYROLL
EVT00081996,2024-05-02,EMP03806,CC0016,IT,1,Step Increment,90124.12,CAD,CA,2024-05-03 00:00:00,PAYROLL
EVT00080868,2024-05-14,EMP00234,CC0032,EC,3,Leave Return,,CAD,CAN,2024-05-14 16:00:00,CORE_HR
EVT00080163,2024-05-21,EMP01945,CC0083,PA,1,Step Increment,75266.35,CAD,CAN,2024-05-21 12:00:00,CORE_HR
EVT00080276,2024-05-10,EMP01023,CC0029,EN,1,Step Increment,353144.54,BRL,BRA,2024-05-10 15:00:00,CORE_HR
EVT00080094,2024-05-06,EMP03453,CC0020,EC,5,Leave Start,,CAD,CAN,2024-05-07 08:00:00,CORE_HR
EVT00081477,2024-05-11,EMP02128,CC0061,PA,1,Leave Return,,CAD,CAN,2024-05-11 14:00:00,CORE_HR
EVT00080364,2024-05-25,EMP04502,CC0110,PA,2,Leave Start,,CAD,CAN,2024-05-26 09:00:00,CORE_HR
EVT00081217,2024-05-13,EMP02654,CC0068,IT,4,Lateral Deployment,,CAD,CAN,2024-05-13 07:00:00,CORE_HR
EVT00081931,2024-05-24,EMP00567,CC0082,PA,3,Step Increment,80970.02,CAD,CAN,2024-05-24 11:00:00,CORE_HR
EVT00081903,2024-05-02,EMP04944,CC0102,EX,1,Lateral Deployment,,CAD,CAN,2024-05-02 19:00:00,CORE_HR
EVT00080107,2024-05-18,EMP04582,CC0075,IT,3,Leave Start,,CAD,CAN,2024-05-18 19:00:00,CORE_HR
EVT00081661,2024-05-13,EMP03164,CC0081,PA,2,Leave Return,,CAD,CAN,2024-05-14 15:00:00,CORE_HR
EVT00081073,2024-05-11,EMP00760,CC0064,PA,4,Lateral Deployment,,CAD,CAN,2024-05-12 15:00:00,CORE_HR
EVT00081593,2024-05-01,EMP02452,CC0014,EC,2,Step Increment,97260.11,CAD,CA,2024-05-02 09:00:00,PAYROLL
EVT00081349,2024-05-14,EMP03113,CC0006,PA,2,Promotion,58794.49,CAD,CA,2024-05-14 21:00:00,PAYROLL
EVT00080855,2024-05-19,EMP00612,CC0023,FI,1,Step Increment,59730.65,CAD,CA,2024-05-19 06:00:00,PAYROLL
EVT00080335,2024-05-20,EMP02391,CC0098,AS,4,Hire,77649.22,CAD,CAN,2024-05-21 08:00:00,CORE_HR
EVT00080046,2024-05-18,EMP00632,CC0097,CR,4,Leave Start,,CAD,CA,2024-05-18 10:00:00,PAYROLL
EVT00080103,2024-05-21,EMP03135,CC0112,CR,1,Departure,,CAD,CAN,2024-05-21 07:00:00,CORE_HR
EVT00080052,2024-05-15,EMP00638,CC0092,CR,3,Step Increment,66667.53,CAD,CA,2024-05-15 06:00:00,PAYROLL
EVT00081371,2024-05-25,EMP04490,CC0057,IT,3,Performance Pay,6794.67,CAD,CAN,2024-05-25 13:00:00,CORE_HR
EVT00081606,2024-05-11,EMP02829,CC0028,PA,5,Step Increment,112748.11,CAD,CAN,2024-05-12 12:00:00,CORE_HR
EVT00080710,2024-05-13,EMP03435,CC0021,IT,3,Step Increment,104985.83,CAD,CAN,2024-05-13 09:00:00,CORE_HR
EVT00080294,2024-05-09,EMP00494,CC0113,EN,4,Lateral Deployment,,CAD,CA,2024-05-10 06:00:00,PAYROLL
EVT00081229,2024-05-11,EMP04555,CC0025,FI,4,Performance Pay,13350.32,CAD,CAN,2024-05-12 11:00:00,CORE_HR
EVT00081778,2024-05-03,EMP00316,CC0007,EX,1,Departure,,SGD,SGP,2024-05-04 12:00:00,CORE_HR
EVT00080772,2024-05-10,EMP00911,CC0005,AS,3,Step Increment,95649.37,CAD,CAN,2024-05-11 15:00:00,CORE_HR
EVT00079943,2024-05-15,EMP01154,CC0023,EN,4,Lateral Deployment,,CAD,CAN,2024-05-16 03:00:00,CORE_HR
EVT00081365,2024-05-08,EMP02057,CC0109,IT,3,Leave Return,,CAD,CAN,2024-05-09 14:00:00,CORE_HR
EVT00081145,2024-05-13,EMP02173,CC0042,EC,2,Step Increment,88691.24,CAD,CAN,2024-05-13 13:00:00,CORE_HR
EVT00080515,2024-05-07,EMP01383,CC0114,CR,2,Lateral Deployment,,CAD,CAN,2024-05-07 21:00:00,CORE_HR
EVT00080502,2024-05-13,EMP03869,CC0101,AS,1,Performance Pay,8164.71,CAD,CA,2024-05-13 06:00:00,PAYROLL
EVT00081943,2024-05-12,EMP03376,CC0074,IT,1,Leave Return,,JPY,JP,2024-05-13 11:00:00,PAYROLL
EVT00079964,2024-05-21,EMP00791,CC0095,IT,2,Step Increment,103850.82,CAD,CAN,2024-05-21 07:00:00,CORE_HR
EVT00080347,2024-05-08,EMP03805,CC0024,PA,1,Step Increment,70511.86,CAD,CA,2024-05-09 01:00:00,PAYROLL
EVT00080951,2024-05-18,EMP01066,CC0112,FI,2,Step Increment,84276.26,CAD,CAN,2024-05-19 15:00:00,CORE_HR
EVT00080182,2024-05-10,EMP04903,CC0117,PA,1,Step Increment,61981.23,CAD,CAN,2024-05-11 12:00:00,CORE_HR
EVT00080298,2024-05-06,EMP03095,CC0046,IT,2,Leave Return,,USD,US,2024-05-06 18:00:00,PAYROLL
EVT00081586,2024-05-19,EMP05018,CC0028,PA,1,Step Increment,72056.26,CAD,CAN,2024-05-19 11:00:00,CORE_HR
EVT00080006,2024-05-02,EMP02136,CC0096,PA,1,Step Increment,61896.34,CAD,CAN,2024-05-03 10:00:00,CORE_HR
EVT00081847,2024-05-22,EMP03667,CC0095,EN,1,Hire,88307.09,CAD,CAN,2024-05-23 07:00:00,CORE_HR
EVT00081467,2024-05-18,EMP02958,CC0070,PA,5,Leave Start,,CAD,CA,2024-05-19 08:00:00,PAYROLL
EVT00081378,2024-05-24,EMP01172,CC0083,EN,1,Leave Start,,CAD,CA,2024-05-25 02:00:00,PAYROLL
EVT00080367,2024-05-26,EMP01914,CC0023,EN,2,Promotion,92165.11,CAD,CAN,2024-05-27 10:00:00,CORE_HR
EVT00079916,2024-05-27,EMP01720,CC0073,EN,2,Departure,,CAD,CA,2024-05-27 17:00:00,PAYROLL
EVT00080543,2024-05-27,EMP03751,CC0044,IT,1,Step Increment,83252.84,CAD,CAN,2024-05-27 16:00:00,CORE_HR
EVT00080488,2024-05-05,EMP01229,CC0118,FI,2,Step Increment,82033.34,CAD,CAN,2024-05-05 10:00:00,CORE_HR
EVT00080672,2024-05-04,EMP01389,CC0022,EX,1,Leave Return,,CAD,CA,2024-05-04 18:00:00,PAYROLL
EVT00081422,2024-05-02,EMP03858,CC0088,CR,1,Leave Return,,SGD,SGP,2024-05-03 09:00:00,CORE_HR
EVT00080032,2024-05-27,EMP03009,CC0045,AS,1,Step Increment,74259.6,CAD,CAN,2024-05-27 17:00:00,CORE_HR
EVT00080038,2024-05-26,EMP00628,CC0069,EC,4,Leave Return,,CAD,CAN,2024-05-27 04:00:00,CORE_HR
EVT00081682,2024-05-24,EMP01097,CC0068,EC,3,Leave Start,,CAD,CAN,2024-05-25 01:00:00,CORE_HR
EVT00081106,2024-05-05,EMP02992,CC0116,IT,3,Step Increment,145518.6,CAD,CAN,2024-05-06 12:00:00,CORE_HR
EVT00081973,2024-05-25,EMP02123,CC0057,IT,5,Leave Return,,CAD,CA,2024-05-25 21:00:00,PAYROLL
EVT00081555,2024-05-04,EMP01875,CC0030,IT,3,Departure,,KES,KEN,2024-05-05 12:00:00,CORE_HR
EVT00081797,2024-05-07,EMP00962,CC0069,PA,3,Step Increment,80442.59,CAD,CA,2024-05-08 09:00:00,PAYROLL
EVT00082022,2024-05-11,EMP01914,CC0023,EN,2,Step Increment,98559.32,CAD,CA,2024-05-12 05:00:00,PAYROLL
EVT00081237,2024-05-02,EMP03001,CC0007,IT,1,Lateral Deployment,,EUR,FR,2024-05-03 11:00:00,PAYROLL
EVT00081858,2024-05-10,EMP03919,CC0083,PA,4,Step Increment,95666.72,CAD,CAN,2024-05-10 09:00:00,CORE_HR
EVT00079891,2024-05-07,EMP00537,CC0028,FI,2,Lateral Deployment,,CAD,CAN,2024-05-08 14:00:00,CORE_HR
EVT00081810,2024-05-07,EMP04474,CC0039,EN,2,Departure,,CAD,CA,2024-05-08 06:00:00,PAYROLL
EVT00080158,2024-05-17,EMP02996,CC0114,PA,5,Departure,,CAD,CA,2024-05-17 18:00:00,PAYROLL
EVT00081499,2024-05-08,EMP03182,CC0120,PA,2,Step Increment,69179.04,CAD,CAN,2024-05-08 14:00:00,CORE_HR
EVT00080562,2024-05-05,EMP02352,CC0053,AS,3,Performance Pay,7570.62,CAD,CAN,2024-05-06 04:00:00,CORE_HR
EVT00081440,2024-05-17,EMP01061,CC0033,EX,1,Step Increment,155241.24,CAD,CAN,2024-05-18 07:00:00,CORE_HR
EVT00079989,2024-05-11,EMP00944,CC0028,EN,1,Departure,,CAD,CAN,2024-05-11 21:00:00,CORE_HR
EVT00081865,2024-05-25,EMP01551,CC0025,CR,1,Step Increment,60214.49,CAD,CA,2024-05-25 17:00:00,PAYROLL
EVT00081318,2024-05-11,EMP03479,CC0054,CR,2,Departure,,SGD,SGP,2024-05-11 07:00:00,CORE_HR
EVT00080611,2024-05-21,EMP02621,CC0118,AS,5,Performance Pay,3975.83,XXX,CA,2024-05-21 22:00:00,PAYROLL
EVT00080683,2024-05-15,EMP00125,CC0112,IT,1,Departure,,CAD,CAN,2024-05-15 16:00:00,CORE_HR
EVT00079992,2024-05-13,EMP03974,CC0003,EN,2,Step Increment,97952.33,CAD,CAN,2024-05-13 17:00:00,CORE_HR
EVT00080641,2024-05-03,EMP01636,CC0071,EX,3,Step Increment,182922.14,CAD,CAN,2024-05-03 18:00:00,CORE_HR
EVT00081562,2024-05-10,EMP03216,CC0110,AS,3,Leave Return,,CAD,CAN,2024-05-11 04:00:00,CORE_HR
EVT00080050,2024-05-03,EMP04102,CC0094,PA,3,Hire,85262.53,CAD,CA,2024-05-04 01:00:00,PAYROLL
EVT00081350,2024-05-20,EMP04059,CC0118,FI,1,Leave Return,,CAD,CAN,2024-05-21 04:00:00,CORE_HR
EVT00080664,2024-05-19,EMP01042,CC0015,EX,1,Leave Return,,CAD,CA,2024-05-20 02:00:00,PAYROLL
EVT00080904,2024-05-06,EMP03914,CC0087,CR,1,Leave Start,,CAD,CA,2024-05-06 17:00:00,PAYROLL
EVT00080616,2024-05-12,EMP05172,CC0030,EN,5,Promotion,1944095.35,MXN,MEX,2024-05-12 23:00:00,CORE_HR
EVT00080920,2024-05-22,EMP01066,CC0112,FI,2,Step Increment,111831.32,CAD,CAN,2024-05-22 13:00:00,CORE_HR
EVT00081437,2024-05-20,EMP03358,CC0120,EC,3,Step Increment,111781.29,CAD,CAN,2024-05-20 14:00:00,CORE_HR
EVT00081443,2024-05-14,EMP01481,CC0040,FI,2,Performance Pay,7458.35,CAD,CAN,2024-05-15 04:00:00,CORE_HR
EVT00080704,2024-05-09,EMP01166,CC0115,IT,3,Lateral Deployment,,CAD,CAN,2024-05-10 04:00:00,CORE_HR
EVT00080480,2024-05-27,EMP04626,CC0115,PA,1,Leave Start,,CAD,CA,2024-05-28 12:00:00,PAYROLL
EVT00080067,2024-05-23,EMP03197,CC0118,EN,3,Step Increment,107704.65,CAD,CAN,2024-05-25 12:00:00,CORE_HR
EVT00082026,2024-05-02,EMP01478,CC0001,PA,1,Step Increment,61145.45,CAD,CA,2024-05-03 01:00:00,PAYROLL
EVT00080789,2024-05-16,EMP04556,CC0099,PA,3,Leave Start,,CAD,CAN,2024-05-16 07:00:00,CORE_HR
EVT00080475,2024-05-05,EMP03523,CC0014,AS,1,Step Increment,57382.6,CAD,CAN,2024-05-06 13:00:00,CORE_HR
EVT00079988,2024-05-17,EMP01091,CC0045,PA,4,Hire,103039.67,CAD,CAN,2024-05-17 20:00:00,CORE_HR
EVT00081163,2024-05-17,EMP03355,CC0087,FI,3,Step Increment,111037.34,CAD,CA,2024-05-18 04:00:00,PAYROLL
EVT00080706,2024-05-12,EMP02322,CC0058,CR,2,Step Increment,66675.53,CAD,CAN,2024-05-12 07:00:00,CORE_HR
EVT00080295,2024-05-17,EMP04548,CC0058,PA,1,Step Increment,61586.52,CAD,CAN,2024-05-18 10:00:00,CORE_HR
EVT00081761,2024-05-02,EMP01599,CC0086,EX,1,Leave Start,,AED,ARE,2024-05-03 02:00:00,CORE_HR
EVT00080291,2024-05-14,EMP02450,CC0072,EX,2,Step Increment,194568.0,CAD,CA,2024-05-14 07:00:00,PAYROLL
EVT00081966,2024-05-06,EMP03116,CC0065,PA,1,Hire,858493.55,MXN,MEX,2024-05-07 15:00:00,CORE_HR
EVT00081564,2024-05-01,EMP02003,CC0114,EX,1,Leave Start,,CAD,CAN,2024-05-01 19:00:00,CORE_HR
EVT00081218,2024-05-06,EMP02212,CC0069,FI,2,Hire,89627.34,CAD,CAN,2024-05-06 15:00:00,CORE_HR
EVT00080773,2024-05-19,EMP03475,CC0047,EN,1,Performance Pay,3789.38,CAD,CA,2024-05-20 13:00:00,PAYROLL
EVT00081465,2024-05-21,EMP04515,CC0102,AS,2,Promotion,69651.98,CAD,CA,2024-05-22 00:00:00,PAYROLL
EVT00080663,2024-05-18,EMP02001,CC0006,CR,1,Performance Pay,2658.9,CAD,CA,2024-05-18 16:00:00,PAYROLL
EVT00081031,2024-05-02,EMP00105,CC0021,AS,3,Performance Pay,9379.38,CAD,CAN,2024-05-03 13:00:00,CORE_HR
EVT00081932,2024-05-25,EMP00522,CC0037,IT,4,Promotion,138431.86,CAD,CAN,2024-05-25 09:00:00,CORE_HR
EVT00081691,2024-05-09,EMP00577,CC0091,CR,3,Lateral Deployment,,CAD,CAN,2024-05-10 03:00:00,CORE_HR
EVT00080167,2024-05-15,EMP04944,CC0102,EX,1,Leave Start,,CAD,CAN,2024-05-15 21:00:00,CORE_HR
EVT00081051,2024-05-15,EMP04277,CC0099,AS,1,Performance Pay,6194.87,CAD,CAN,2024-05-15 12:00:00,CORE_HR
EVT00080008,2024-05-20,EMP00067,CC0050,AS,5,Leave Return,,CAD,CAN,2024-05-20 11:00:00,CORE_HR
EVT00081990,2024-05-11,EMP03630,CC0078,PA,2,Step Increment,72809.23,CAD,CAN,2024-05-11 07:00:00,CORE_HR
EVT00081862,2024-05-18,EMP04104,CC0029,PA,2,Departure,,EUR,DE,2024-05-18 07:00:00,PAYROLL
EVT00080747,2024-05-22,EMP00438,CC0108,EX,1,Step Increment,1963891.84,MXN,MEX,2024-05-23 08:00:00,CORE_HR
EVT00081626,2024-05-21,EMP00762,CC0002,EN,1,Performance Pay,11171.37,CAD,CAN,2024-05-22 05:00:00,CORE_HR
EVT00081383,2024-05-15,EMP03603,CC0050,EN,1,Leave Return,,CAD,CA,2024-05-16 04:00:00,PAYROLL
EVT00080486,2024-05-22,EMP05146,CC0015,CR,4,Lateral Deployment,,CAD,CAN,2024-05-22 10:00:00,CORE_HR
EVT00081279,2024-05-25,EMP00080,CC0099,CR,3,Lateral Deployment,,CAD,CAN,2024-05-25 11:00:00,CORE_HR
EVT00080539,2024-05-09,EMP01458,CC0078,EX,1,Promotion,139659.55,CAD,CA,2024-05-10 08:00:00,PAYROLL
EVT00081455,2024-05-14,EMP01079,CC0110,EX,1,Step Increment,151161.0,CAD,CA,2024-05-14 08:00:00,PAYROLL
EVT00081777,2024-05-18,EMP00336,CC0054,EN,1,Leave Start,,AED,ARE,2024-05-19 00:00:00,CORE_HR
EVT00081182,2024-05-13,EMP03276,CC0101,CR,5,Leave Start,,CAD,CAN,2024-05-14 08:00:00,CORE_HR
EVT00080766,2024-05-24,EMP02412,CC0033,EN,4,Step Increment,140584.08,CAD,CAN,2024-05-25 15:00:00,CORE_HR
EVT00080252,2024-05-23,EMP03365,CC0104,EN,1,Lateral Deployment,,CAD,CAN,2024-05-23 22:00:00,CORE_HR
EVT00079917,2024-05-03,EMP01242,CC0114,EC,1,Lateral Deployment,,CAD,CA,2024-05-03 23:00:00,PAYROLL
EVT00081177,2024-05-13,EMP03369,CC0043,PA,2,Leave Return,,CAD,CAN,2024-05-13 08:00:00,CORE_HR
EVT00080833,2024-05-13,EMP02404,CC0069,EX,3,Step Increment,191494.45,CAD,CAN,2024-05-13 10:00:00,CORE_HR
EVT00081136,2024-05-18,EMP04762,CC0090,EN,1,Lateral Deployment,,CAD,CA,2024-05-18 21:00:00,PAYROLL
EVT00081108,2024-05-19,EMP02648,CC0070,CR,4,Departure,,CAD,CA,2024-05-20 11:00:00,PAYROLL
EVT00080102,2024-05-02,EMP00895,CC0056,EC,1,Performance Pay,5494.86,CAD,CAN,2024-05-02 08:00:00,CORE_HR
EVT00081002,2024-05-20,EMP04510,CC0032,FI,1,Step Increment,57323.36,CAD,CA,2024-05-20 20:00:00,PAYROLL
EVT00081401,2024-05-27,EMP03432,CC0039,AS,5,Departure,,CAD,CAN,2024-05-27 13:00:00,CORE_HR
EVT00081629,2024-05-22,EMP04976,CC0053,CR,4,Performance Pay,3908.66,CAD,CA,2024-05-23 09:00:00,PAYROLL
EVT00080924,2024-05-03,EMP03594,CC0012,IT,2,Leave Return,,CAD,CA,2024-05-04 02:00:00,PAYROLL
EVT00080406,2024-05-21,EMP02050,CC0025,FI,3,Leave Start,,CAD,CA,2024-05-22 12:00:00,PAYROLL
EVT00080978,2024-05-01,EMP00446,CC0004,PA,5,Performance Pay,14055.24,CAD,CAN,2024-05-02 12:00:00,CORE_HR
EVT00081900,2024-05-17,EMP00735,CC0045,IT,2,Hire,103442.86,CAD,CA,2024-05-18 12:00:00,PAYROLL
EVT00081591,2024-05-01,EMP01751,CC0066,AS,4,Performance Pay,3523.21,CAD,CAN,2024-05-02 10:00:00,CORE_HR
EVT00081974,2024-05-09,EMP01501,CC0001,IT,4,Performance Pay,16372.47,CAD,CAN,2024-05-10 03:00:00,CORE_HR
EVT00079926,2024-05-08,EMP04841,CC0061,AS,3,Leave Start,,CAD,CAN,2024-05-08 16:00:00,CORE_HR
EVT00081075,2024-05-01,EMP03695,CC0099,FI,3,Leave Return,,CAD,CAN,2024-05-01 17:00:00,CORE_HR
EVT00080576,2024-05-18,EMP01805,CC0032,IT,2,Lateral Deployment,,CAD,CA,2024-05-19 08:00:00,PAYROLL
EVT00081886,2024-05-15,EMP02616,CC0076,EC,1,Step Increment,77209.79,CAD,CA,2024-05-16 02:00:00,PAYROLL
EVT00081834,2024-05-01,EMP03078,CC0010,EC,1,Step Increment,60000.59,CAD,CA,2024-05-02 00:00:00,PAYROLL
EVT00079949,2024-05-12,EMP02916,CC0023,CR,2,Leave Start,,CAD,CAN,2024-05-13 04:00:00,CORE_HR
EVT00081532,2024-05-01,EMP04550,CC0019,IT,5,Lateral Deployment,,CAD,CA,2024-05-02 13:00:00,PAYROLL
EVT00081451,2024-05-05,EMP04227,CC0101,EX,2,Step Increment,165889.23,CAD,CA,2024-05-05 10:00:00,PAYROLL
EVT00081664,2024-05-24,EMP05037,CC0025,PA,2,Step Increment,64642.01,CAD,CA,2024-05-25 13:00:00,PAYROLL
EVT00081917,2024-05-25,EMP03594,CC0012,IT,2,Promotion,106805.02,CAD,CAN,2024-05-25 10:00:00,CORE_HR
EVT00081068,2024-05-13,EMP01664,CC0087,FI,3,Step Increment,80975.43,CAD,CAN,2024-05-13 22:00:00,CORE_HR
EVT00079942,2024-05-14,EMP02578,CC0004,PA,5,Performance Pay,13393.31,CAD,CA,2024-05-14 09:00:00,PAYROLL
EVT00080687,2024-05-14,EMP00924,CC0031,EN,2,Step Increment,84018.49,EUR,FRA,2024-05-15 01:00:00,CORE_HR
EVT00080248,2024-05-09,EMP01618,CC0101,IT,1,Step Increment,89616.26,CAD,CAN,2024-05-09 08:00:00,CORE_HR
EVT00080337,2024-05-26,EMP02102,CC0096,AS,5,Lateral Deployment,,CAD,CAN,2024-05-26 17:00:00,CORE_HR
EVT00081957,2024-05-13,EMP02114,CC0080,PA,4,Leave Return,,MXN,MEX,2024-05-14 15:00:00,CORE_HR
EVT00080284,2024-05-14,EMP03218,CC0090,AS,1,Leave Return,,CAD,CA,2024-05-14 11:00:00,PAYROLL
EVT00080655,2024-05-23,EMP03827,CC0019,AS,2,Leave Start,,CAD,CAN,2024-05-23 08:00:00,CORE_HR
EVT00081255,2024-05-04,EMP00209,CC0026,FI,2,Step Increment,97907.91,CAD,CA,2024-05-04 19:00:00,PAYROLL
EVT00080967,2024-05-05,EMP04088,CC0053,PA,2,Departure,,CAD,CA,2024-05-05 20:00:00,PAYROLL
EVT00081024,2024-05-06,EMP01756,CC0041,EC,3,Promotion,113304.18,CAD,CA,2024-05-06 21:00:00,PAYROLL
EVT00080610,2024-05-18,EMP01860,CC0059,EX,1,Leave Start,,CAD,CAN,2024-05-19 12:00:00,CORE_HR
EVT00080125,2024-05-24,EMP04074,CC0054,PA,5,Step Increment,80960.55,USD,USA,2024-05-24 23:00:00,CORE_HR
EVT00080045,2024-05-25,EMP03940,CC0081,CR,2,Step Increment,62229.71,CAD,CAN,2024-05-26 01:00:00,CORE_HR
EVT00080518,2024-05-26,EMP00167,CC0022,FI,1,Lateral Deployment,,CAD,CA,2024-05-26 20:00:00,PAYROLL
EVT00080382,2024-05-21,EMP01338,CC0004,IT,1,Leave Start,,CAD,CAN,2024-05-22 17:00:00,CORE_HR
EVT00080498,2024-05-25,EMP01365,CC0086,EX,1,Leave Start,,KES,KE,2024-05-26 07:00:00,PAYROLL
EVT00082001,2024-05-10,EMP03919,CC0083,PA,4,Leave Return,,CAD,CAN,2024-05-11 03:00:00,CORE_HR
EVT00081466,2024-05-24,EMP01622,CC0107,AS,3,Hire,82432.34,CAD,CA,2024-05-24 22:00:00,PAYROLL
EVT00081644,2024-05-13,EMP04525,CC0016,EX,2,Departure,,CAD,CAN,2024-05-14 09:00:00,CORE_HR
EVT00080903,2024-05-08,EMP04685,CC0110,FI,4,Leave Start,,CAD,CA,2024-05-08 21:00:00,PAYROLL
EVT00081256,2024-05-15,EMP01210,CC0092,PA,2,Hire,75771.93,CAD,CA,2024-05-16 05:00:00,PAYROLL
EVT00080340,2024-05-26,EMP02350,CC0023,EX,3,Step Increment,213332.74,CAD,CAN,2024-05-26 09:00:00,CORE_HR
EVT00080274,2024-05-11,EMP03190,CC0016,EN,2,Step Increment,75759.03,CAD,CA,2024-05-12 10:00:00,PAYROLL
EVT00080832,2024-05-11,EMP02785,CC0082,PA,5,Step Increment,99265.75,CAD,CA,2024-05-11 21:00:00,PAYROLL
EVT00081112,2024-05-03,EMP00992,CC0004,FI,1,Performance Pay,6543.39,CAD,CA,2024-05-03 14:00:00,PAYROLL
EVT00080170,2024-05-26,EMP03146,CC0008,IT,1,Lateral Deployment,,CAD,CA,2024-05-27 05:00:00,PAYROLL
EVT00081470,2024-05-19,EMP02770,CC0013,IT,1,Step Increment,83613.29,CAD,CAN,2024-05-20 04:00:00,CORE_HR
EVT00079947,2024-05-12,EMP04375,CC0099,FI,1,Step Increment,75645.85,CAD,CAN,2024-05-12 15:00:00,CORE_HR
EVT00080230,2024-05-13,EMP00923,CC0118,EX,1,Step Increment,131242.14,CAD,CA,2024-05-14 00:00:00,PAYROLL
EVT00080275,2024-05-24,EMP01117,CC0047,PA,3,Step Increment,86932.1,CAD,CAN,2024-05-24 12:00:00,CORE_HR
EVT00080124,2024-05-24,EMP00290,CC0021,EX,1,Performance Pay,16990.46,CAD,CA,2024-05-24 13:00:00,PAYROLL
EVT00080796,2024-05-24,EMP00757,CC0035,EC,3,Hire,101458.07,CAD,CA,2024-05-24 15:00:00,PAYROLL
EVT00080736,2024-05-18,EMP00164,CC0045,IT,4,Step Increment,111229.88,CAD,CAN,2024-05-18 13:00:00,CORE_HR
EVT00080905,2024-05-20,EMP04775,CC0079,PA,2,Hire,77909.64,CAD,CA,2024-05-21 02:00:00,PAYROLL
EVT00081036,2024-05-09,EMP02498,CC0108,CR,4,Leave Return,,INR,IND,2024-05-09 07:00:00,CORE_HR
EVT00080234,2024-05-08,EMP05024,CC0070,PA,4,Leave Return,,CAD,CAN,2024-05-09 08:00:00,CORE_HR
EVT00080128,2024-05-16,EMP00794,CC0031,IT,3,Leave Start,,USD,US,2024-05-16 17:00:00,PAYROLL
EVT00081373,2024-05-07,EMP03270,CC0113,PA,1,Performance Pay,8578.48,CAD,CA,2024-05-07 15:00:00,PAYROLL
EVT00081387,2024-05-12,EMP01898,CC0028,CR,2,Lateral Deployment,,CAD,CAN,2024-05-13 02:00:00,CORE_HR
EVT00080837,2024-05-08,EMP04192,CC0080,PA,5,Step Increment,169630.35,AUD,AUS,2024-05-08 08:00:00,CORE_HR
EVT00081044,2024-05-05,EMP02789,CC0006,PA,4,Step Increment,69968.39,CAD,CAN,2024-05-05 11:00:00,CORE_HR
EVT00080375,2024-05-14,EMP01032,CC0079,IT,2,Hire,91226.65,CAD,CAN,2024-05-14 08:00:00,CORE_HR
EVT00081793,2024-05-26,EMP03489,CC0032,FI,2,Leave Start,,CAD,CAN,2024-05-27 04:00:00,CORE_HR
EVT00080114,2024-05-04,EMP04552,CC0026,EN,2,Leave Start,,CAD,CA,2024-05-04 19:00:00,PAYROLL
EVT00080190,2024-05-01,EMP02314,CC0042,EN,1,Leave Start,,CAD,CAN,2024-05-01 15:00:00,CORE_HR
EVT00080030,2024-05-07,EMP00506,CC0097,PA,1,Leave Start,,CAD,CAN,2024-05-08 12:00:00,CORE_HR
EVT00080391,2024-05-19,EMP01800,CC0006,PA,1,Lateral Deployment,,CAD,CAN,2024-05-20 14:00:00,CORE_HR
EVT00080426,2024-05-01,EMP04953,CC0070,PA,1,Performance Pay,7785.16,CAD,CAN,2024-05-01 10:00:00,CORE_HR
EVT00080213,2024-05-02,EMP00837,CC0008,PA,4,Leave Start,,CAD,CAN,2024-05-02 09:00:00,CORE_HR
EVT00080129,2024-05-13,EMP00665,CC0011,AS,1,Leave Start,,CAD,CAN,2024-05-14 05:00:00,CORE_HR
EVT00080309,2024-05-03,EMP02410,CC0048,IT,1,Leave Start,,CAD,CA,2024-05-03 06:00:00,PAYROLL
EVT00080498,2024-05-25,EMP01365,CC0086,EX,1,Leave Start,,KES,KE,2024-05-25 21:00:00,PAYROLL
EVT00080600,2024-05-14,EMP03962,CC0029,AS,4,Lateral Deployment,,INR,IND,2024-05-15 11:00:00,CORE_HR
EVT00080741,2024-05-14,EMP00626,CC0050,AS,2,Step Increment,68663.07,CAD,CAN,2024-05-14 21:00:00,CORE_HR
EVT00081011,2024-05-04,EMP01648,CC0029,EC,1,Step Increment,216186.36,AED,ARE,2024-05-04 12:00:00,CORE_HR
EVT00080024,2024-05-21,EMP02906,CC0057,EX,3,Step Increment,174692.08,CAD,CAN,2024-05-22 13:00:00,CORE_HR
EVT00080809,2024-05-27,EMP02912,CC0036,CR,4,Departure,,CAD,CAN,2024-05-28 14:00:00,CORE_HR
EVT00081154,2024-05-08,EMP02115,CC0080,EC,4,Step Increment,13301427.99,KES,KE,2024-05-09 12:00:00,PAYROLL
EVT00081487,2024-05-23,EMP02017,CC0104,EC,1,Departure,,CAD,CA,2024-05-23 18:00:00,PAYROLL
EVT00081096,2024-05-17,EMP03132,CC0052,EX,1,Leave Start,,CAD,CA,2024-05-17 10:00:00,PAYROLL
EVT00079953,2024-05-22,EMP02869,CC0045,FI,5,Step Increment,132013.79,CAD,CAN,2024-05-22 08:00:00,CORE_HR
EVT00082006,2024-05-15,EMP04166,CC0042,FI,2,Leave Return,,CAD,CA,2024-05-16 01:00:00,PAYROLL
EVT00081148,2024-05-09,EMP02215,CC0032,FI,1,Hire,76271.57,CAD,CA,2024-05-09 17:00:00,PAYROLL
EVT00081362,2024-05-03,EMP03802,CC0119,AS,2,Promotion,63127.3,CAD,CA,2024-05-03 21:00:00,PAYROLL
EVT00080491,2024-05-27,EMP00459,CC0054,PA,3,Hire,73321.28,EUR,DEU,2024-05-27 23:00:00,CORE_HR
EVT00080115,2024-05-14,EMP00199,CC0030,EN,2,Step Increment,116807.24,AUD,AU,2024-05-14 06:00:00,PAYROLL
EVT00081549,2024-05-27,EMP02510,CC0013,CR,2,Departure,,CAD,CA,2024-05-28 14:00:00,PAYROLL
EVT00081086,2024-05-23,EMP00291,CC0071,PA,3,Hire,83810.91,CAD,CA,2024-05-23 20:00:00,PAYROLL
EVT00080311,2024-05-14,EMP01809,CC0118,PA,1,Step Increment,68686.39,CAD,CAN,2024-05-15 08:00:00,CORE_HR
EVT00080554,2024-05-03,EMP03553,CC0004,EN,1,Performance Pay,10100.98,CAD,CA,2024-05-03 16:00:00,PAYROLL
EVT00080331,2024-05-09,EMP01950,CC0051,IT,1,Step Increment,80499.68,CAD,CA,2024-05-10 07:00:00,PAYROLL
EVT00081543,2024-05-13,EMP03998,CC0049,EN,4,Lateral Deployment,,KES,KE,2024-05-14 11:00:00,PAYROLL
EVT00080937,2024-05-14,EMP00029,CC0079,AS,2,Leave Return,,CAD,CAN,2024-05-14 07:00:00,CORE_HR
EVT00080898,2024-05-09,EMP04993,CC0082,PA,2,Step Increment,77335.66,CAD,CAN,2024-05-10 10:00:00,CORE_HR
EVT00080866,2024-05-19,EMP03416,CC0087,EX,1,Step Increment,107311.71,CAD,CAN,2024-05-20 06:00:00,CORE_HR
EVT00081585,2024-05-02,EMP03218,CC0090,AS,1,Leave Start,,CAD,CA,2024-05-02 09:00:00,PAYROLL
EVT00079946,2024-05-10,EMP02037,CC0021,PA,1,Promotion,70132.76,CAD,CAN,2024-05-10 08:00:00,CORE_HR
EVT00080550,2024-05-01,EMP00896,CC0033,CR,4,Step Increment,73878.03,CAD,CA,2024-05-01 11:00:00,PAYROLL
EVT00081998,2024-05-10,EMP01700,CC0076,FI,1,Leave Start,,CAD,CA,2024-05-10 21:00:00,PAYROLL
EVT00080467,2024-05-17,EMP02768,CC0001,EN,3,Step Increment,94093.38,CAD,CAN,2024-05-18 10:00:00,CORE_HR
EVT00080997,2024-05-25,EMP02675,CC0102,CR,3,Step Increment,63884.0,CAD,CAN,2024-05-25 07:00:00,CORE_HR
EVT00081577,2024-05-02,EMP05046,CC0017,PA,1,Hire,64650.67,CAD,CA,2024-05-02 13:00:00,PAYROLL
EVT00080639,2024-05-12,EMP01037,CC0032,PA,4,Step Increment,86704.7,CAD,CAN,2024-05-12 22:00:00,CORE_HR
EVT00080478,2024-05-16,EMP00353,CC0092,EN,2,Leave Start,,CAD,CA,2024-05-17 13:00:00,PAYROLL
EVT00080508,2024-05-19,EMP04410,CC0029,PA,1,Lateral Deployment,,AUD,AU,2024-05-20 13:00:00,PAYROLL
EVT00079932,2024-05-20,EMP04498,CC0048,PA,5,Promotion,124205.83,CAD,CA,2024-05-21 08:00:00,PAYROLL
EVT00080588,2024-05-15,EMP03306,CC0053,FI,1,Departure,,CAD,CA,2024-05-16 03:00:00,PAYROLL
EVT00080512,2024-05-02,EMP01752,CC0063,EN,2,Step Increment,110532.93,CAD,CA,2024-05-03 06:00:00,PAYROLL
EVT00080054,2024-05-09,EMP04091,CC0090,EN,1,Hire,89768.67,CAD,CA,2024-05-10 13:00:00,PAYROLL
EVT00080792,2024-05-03,EMP03734,CC0005,PA,1,Leave Return,,CAD,CA,2024-05-04 00:00:00,PAYROLL
EVT00079948,2024-05-01,EMP03476,CC0029,EC,1,Performance Pay,2987.03,EUR,FR,2024-05-02 06:00:00,PAYROLL
EVT00081721,2024-05-04,EMP02252,CC0077,EN,4,Leave Return,,CAD,CA,2024-05-05 12:00:00,PAYROLL
EVT00079947,2024-05-12,EMP04375,CC0099,FI,1,Step Increment,75645.85,CAD,CAN,2024-05-15 08:00:00,CORE_HR
EVT00080715,2024-05-05,EMP05187,CC0026,EC,5,Step Increment,126459.97,CAD,CAN,2024-05-05 14:00:00,CORE_HR
EVT00079904,2024-05-26,EMP04053,CC0029,IT,3,Step Increment,77855.88,SGD,SGP,2024-05-27 03:00:00,CORE_HR
EVT00080425,2024-05-16,EMP00140,CC0083,CR,5,Leave Start,,CAD,CAN,2024-05-16 19:00:00,CORE_HR
EVT00080113,2024-05-27,EMP04821,CC0005,FI,2,Lateral Deployment,,CAD,CA,2024-05-29 17:00:00,PAYROLL
EVT00080669,2024-05-04,EMP02797,CC0014,AS,1,Performance Pay,6647.91,CAD,CAN,2024-05-04 17:00:00,CORE_HR
EVT00079987,2024-05-09,EMP01341,CC0086,EN,1,Lateral Deployment,,BRL,BRA,2024-05-10 03:00:00,CORE_HR
EVT00081910,2024-05-10,EMP02560,CC0046,PA,2,Step Increment,123495.84,AUD,AUS,2024-05-11 08:00:00,CORE_HR
EVT00080876,2024-05-22,EMP02299,CC0049,PA,3,Lateral Deployment,,AUD,AUS,2024-05-23 12:00:00,CORE_HR
EVT00081977,2024-05-12,EMP01594,CC0049,EN,2,Performance Pay,37915.39,AED,ARE,2024-05-13 11:00:00,CORE_HR
EVT00080388,2024-05-16,EMP03210,CC0017,EC,4,Leave Start,,CAD,CAN,2024-05-17 16:00:00,CORE_HR
EVT00079996,2024-05-06,EMP01714,CC0063,PA,3,Departure,,CAD,CAN,2024-05-07 13:00:00,CORE_HR
EVT00080494,2024-05-12,EMP03122,CC0058,EN,2,Promotion,105428.98,CAD,CAN,2024-05-13 12:00:00,CORE_HR
EVT00080253,2024-05-19,EMP00701,CC0068,CR,1,Leave Start,,CAD,CAN,2024-05-19 19:00:00,CORE_HR
EVT00080410,2024-05-03,EMP01192,CC0034,PA,2,Lateral Deployment,,CAD,CA,2024-05-04 15:00:00,PAYROLL
EVT00080584,2024-05-25,EMP05194,CC0098,PA,1,Step Increment,71789.36,CAD,CAN,2024-05-25 14:00:00,CORE_HR
EVT00080726,2024-05-15,EMP01309,CC0029,AS,2,Leave Start,,USD,USA,2024-05-15 07:00:00,CORE_HR
EVT00079980,2024-05-17,EMP03011,CC0081,FI,3,Performance Pay,10171.97,CAD,CAN,2024-05-17 12:00:00,CORE_HR
EVT00080471,2024-05-27,EMP03552,CC0119,AS,2,Step Increment,71947.92,CAD,CAN,2024-05-28 05:00:00,CORE_HR
EVT00080401,2024-05-22,EMP03700,CC0057,PA,1,Step Increment,61193.94,CAD,CA,2024-05-22 15:00:00,PAYROLL
EVT00080324,2024-05-16,EMP00767,CC0089,CR,1,Step Increment,55405.36,CAD,CAN,2024-05-16 14:00:00,CORE_HR
EVT00081406,2024-05-11,EMP00549,CC0093,IT,3,Performance Pay,8676.42,CAD,CAN,2024-05-11 14:00:00,CORE_HR
EVT00080875,2024-05-12,EMP01931,CC0069,EC,2,Departure,,CAD,CA,2024-05-13 13:00:00,PAYROLL
EVT00081734,2024-05-18,EMP03392,CC0108,IT,1,Leave Return,,AED,ARE,2024-05-19 21:00:00,CORE_HR
EVT00079914,2024-05-15,EMP02754,CC0070,FI,1,Leave Return,,CAD,CAN,2024-05-15 06:00:00,CORE_HR
EVT00081600,2024-05-22,EMP04884,CC0108,EN,3,Lateral Deployment,,GBP,GBR,2024-05-23 11:00:00,CORE_HR
EVT00081728,2024-05-09,EMP01101,CC0020,PA,1,Leave Return,,CAD,CAN,2024-05-09 23:00:00,CORE_HR
EVT00080609,2024-05-20,EMP02236,CC0048,EX,2,Leave Return,,CAD,CAN,2024-05-21 14:00:00,CORE_HR
EVT00080071,2024-05-27,EMP05099,CC0110,PA,2,Step Increment,82255.67,CAD,CAN,2024-05-27 17:00:00,CORE_HR
EVT00081995,2024-05-01,EMP03746,CC0085,IT,1,Performance Pay,6675.8,CAD,CAN,2024-05-02 15:00:00,CORE_HR
EVT00081806,2024-05-24,EMP03709,CC0025,IT,1,Leave Start,,CAD,CAN,2024-05-25 03:00:00,CORE_HR
EVT00081763,2024-05-03,EMP02427,CC0061,EX,1,Step Increment,154943.12,CAD,CA,2024-05-03 16:00:00,PAYROLL
EVT00080544,2024-05-23,EMP00909,CC0076,CR,2,Step Increment,61682.05,CAD,CA,2024-05-24 00:00:00,PAYROLL
EVT00081908,2024-05-26,EMP01362,CC0025,FI,1,Step Increment,57731.85,CAD,CA,2024-05-26 13:00:00,PAYROLL
EVT00080533,2024-05-22,EMP01275,CC0075,EN,4,Leave Start,,CAD,CAN,2024-05-22 13:00:00,CORE_HR
EVT00080882,2024-05-05,EMP02105,CC0019,IT,3,Step Increment,106662.91,CAD,CAN,2024-05-06 10:00:00,CORE_HR
EVT00081776,2024-05-23,EMP00908,CC0041,EN,4,Leave Return,,CAD,CAN,2024-05-23 07:00:00,CORE_HR
EVT00080263,2024-05-02,EMP00742,CC0014,AS,2,Leave Start,,CAD,CA,2024-05-02 17:00:00,PAYROLL
EVT00081284,2024-05-20,EMP02024,CC0107,PA,4,Leave Start,,CAD,CAN,2024-05-21 09:00:00,CORE_HR
EVT00080049,2024-05-26,EMP02804,CC0098,CR,2,Hire,63519.41,CAD,CA,2024-05-26 11:00:00,PAYROLL
EVT00080106,2024-05-07,EMP03641,CC0064,EC,4,Lateral Deployment,,CAD,CAN,2024-05-07 11:00:00,CORE_HR
EVT00081651,2024-05-04,EMP04024,CC0115,PA,1,Leave Start,,CAD,CA,2024-05-04 19:00:00,PAYROLL
EVT00081769,2024-05-03,EMP01132,CC0001,PA,2,Leave Start,,CAD,CA,2024-05-04 08:00:00,PAYROLL
EVT00081363,2024-05-10,EMP02550,CC0088,EN,4,Step Increment,8206676.57,INR,IND,2024-05-10 11:00:00,CORE_HR
EVT00081570,2024-05-11,EMP01567,CC0070,EX,2,Lateral Deployment,,CAD,CAN,2024-05-11 18:00:00,CORE_HR
EVT00081052,2024-05-18,EMP03967,CC0072,EN,4,Leave Return,,CAD,CAN,2024-05-19 01:00:00,CORE_HR
EVT00080628,2024-05-21,EMP00154,CC0058,PA,4,Step Increment,95316.9,CAD,CA,2024-05-22 15:00:00,PAYROLL
EVT00080428,2024-05-21,EMP04588,CC0072,EN,2,Leave Return,,CAD,CA,2024-05-22 04:00:00,PAYROLL
EVT00080787,2024-05-07,EMP00160,CC0075,PA,1,Performance Pay,3857.57,CAD,CAN,2024-05-07 18:00:00,CORE_HR
EVT00081416,2024-05-03,EMP00693,CC0056,IT,2,Promotion,97607.18,CAD,CA,2024-05-03 23:00:00,PAYROLL
EVT00081989,2024-05-10,EMP02074,CC0014,FI,1,Hire,63349.38,CAD,CAN,2024-05-11 08:00:00,CORE_HR
EVT00081504,2024-05-20,EMP04925,CC0067,EX,2,Performance Pay,21856.7,CAD,CAN,2024-05-21 03:00:00,CORE_HR
EVT00081305,2024-05-06,EMP02127,CC0014,FI,3,Step Increment,100577.78,XXX,CAN,2024-05-06 23:00:00,CORE_HR
EVT00080020,2024-05-04,EMP01723,CC0018,EN,1,Leave Return,,CAD,CAN,2024-05-04 07:00:00,CORE_HR
EVT00080011,2024-05-05,EMP02145,CC0040,PA,2,Step Increment,73036.77,CAD,CA,2024-05-06 11:00:00,PAYROLL
EVT00080178,2024-05-26,EMP04514,CC0051,IT,1,Hire,88230.69,CAD,CA,2024-05-27 15:00:00,PAYROLL
EVT00081254,2024-05-25,EMP04943,CC0018,EN,4,Performance Pay,7393.29,CAD,CA,2024-05-26 05:00:00,PAYROLL
EVT00081636,2024-05-20,EMP04829,CC0081,EN,2,Lateral Deployment,,CAD,CAN,2024-05-20 08:00:00,CORE_HR
EVT00079929,2024-05-13,EMP03660,CC0035,CR,1,Leave Return,,CAD,CAN,2024-05-13 11:00:00,CORE_HR
EVT00080872,2024-05-21,EMP03700,CC0057,PA,1,Departure,,CAD,CAN,2024-05-21 11:00:00,CORE_HR
EVT00080416,2024-05-18,EMP04147,CC0064,EN,3,Leave Return,,CAD,CAN,2024-05-18 23:00:00,CORE_HR
EVT00080143,2024-05-24,EMP02238,CC0067,IT,2,Hire,108762.2,CAD,CAN,2024-05-25 11:00:00,CORE_HR
EVT00080211,2024-05-12,EMP04599,CC0113,CR,4,Step Increment,81518.12,CAD,CA,2024-05-13 14:00:00,PAYROLL
EVT00081423,2024-05-16,EMP04298,CC0083,IT,1,Step Increment,90158.85,CAD,CAN,2024-05-17 03:00:00,CORE_HR
EVT00081804,2024-05-23,EMP03701,CC0069,AS,3,Step Increment,78524.79,CAD,CA,2024-05-24 10:00:00,PAYROLL
EVT00081023,2024-05-09,EMP04521,CC0086,EX,2,Departure,,GBP,GBR,2024-05-09 08:00:00,CORE_HR
EVT00082007,2024-05-03,EMP03892,CC0116,PA,1,Performance Pay,6756.16,CAD,CA,2024-05-03 11:00:00,PAYROLL
EVT00080085,2024-05-01,EMP04491,CC0116,CR,2,Step Increment,59608.1,CAD,CA,2024-05-01 18:00:00,PAYROLL
EVT00081007,2024-05-25,EMP02066,CC0048,PA,3,Lateral Deployment,,CAD,CAN,2024-05-26 04:00:00,CORE_HR
EVT00080744,2024-05-19,EMP04966,CC0116,IT,2,Performance Pay,12779.19,CAD,CA,2024-05-19 14:00:00,PAYROLL
EVT00081129,2024-05-06,EMP03172,CC0057,IT,1,Hire,91263.28,CAD,CAN,2024-05-07 12:00:00,CORE_HR
EVT00080023,2024-05-14,EMP03750,CC0089,PA,4,Step Increment,98465.48,CAD,CAN,2024-05-14 15:00:00,CORE_HR
EVT00080116,2024-05-22,EMP04959,CC0096,AS,4,Leave Start,,CAD,CA,2024-05-22 14:00:00,PAYROLL
EVT00080711,2024-05-25,EMP01034,CC0100,FI,4,Leave Start,,CAD,CAN,2024-05-25 06:00:00,CORE_HR
EVT00080825,2024-05-21,EMP04221,CC0034,PA,1,Lateral Deployment,,CAD,CAN,2024-05-21 19:00:00,CORE_HR
EVT00081751,2024-05-21,EMP01848,CC0099,EN,1,Lateral Deployment,,CAD,CAN,2024-05-22 05:00:00,CORE_HR
EVT00080531,2024-05-15,EMP05153,CC0120,CR,2,Step Increment,65786.48,CAD,CAN,2024-05-15 09:00:00,CORE_HR
EVT00080889,1900-01-01,EMP00528,CC0105,IT,4,Leave Return,,USD,US,2024-05-25 19:00:00,PAYROLL
EVT00080266,2024-05-17,EMP04121,CC0106,EC,4,Leave Return,,CAD,CAN,2024-05-18 01:00:00,CORE_HR
EVT00081794,2024-05-02,EMP00621,CC0048,IT,5,Leave Start,,CAD,CAN,2024-05-02 22:00:00,CORE_HR
EVT00081924,2024-05-25,EMP04373,CC0032,PA,1,Step Increment,69569.3,CAD,CAN,2024-05-26 08:00:00,CORE_HR
EVT00080458,2024-05-14,EMP03956,CC0042,CR,1,Step Increment,57048.73,CAD,CAN,2024-05-16 21:00:00,CORE_HR
EVT00080451,2024-05-16,EMP00948,CC0005,FI,5,Step Increment,134585.29,CAD,CAN,2024-05-16 13:00:00,CORE_HR
EVT00080761,2024-05-26,EMP04755,CC0117,EC,2,Leave Return,,CAD,CA,2024-05-27 05:00:00,PAYROLL
EVT00080365,2024-05-21,EMP00454,CC0037,EN,2,Hire,99430.81,CAD,CA,2024-05-22 11:00:00,PAYROLL
EVT00081288,2024-05-10,EMP03847,CC0034,FI,1,Leave Start,,CAD,CAN,2024-05-11 13:00:00,CORE_HR
EVT00080019,2024-05-19,EMP03793,CC0049,IT,5,Step Increment,97863.6,GBP,GBR,2024-05-20 02:00:00,CORE_HR
EVT00080596,2024-05-22,EMP01236,CC0119,FI,5,Leave Return,,CAD,CAN,2024-05-22 19:00:00,CORE_HR
EVT00079913,2024-05-13,EMP02678,CC0025,CR,1,Step Increment,41625.05,CAD,CA,2024-05-14 12:00:00,PAYROLL
EVT00080306,2024-05-07,EMP02071,CC0008,FI,1,Step Increment,78745.76,CAD,CA,2024-05-08 08:00:00,PAYROLL
EVT00081379,2024-05-13,EMP00171,CC0070,PA,1,Leave Start,,CAD,CAN,2024-05-13 14:00:00,CORE_HR
EVT00080573,2024-05-15,EMP01753,CC0100,PA,3,Lateral Deployment,,CAD,CA,2024-05-15 17:00:00,PAYROLL
EVT00080633,2024-05-25,EMP04702,CC0067,PA,1,Step Increment,60930.87,CAD,CA,2024-05-27 17:00:00,PAYROLL
EVT00081212,2024-05-01,EMP01032,CC0079,IT,2,Performance Pay,7675.9,CAD,CAN,2024-05-01 23:00:00,CORE_HR
EVT00080911,2024-05-04,EMP03262,CC0104,IT,2,Leave Return,,CAD,CAN,2024-05-04 07:00:00,CORE_HR
EVT00080983,2024-05-07,EMP03848,CC0018,CR,5,Performance Pay,7920.42,CAD,CAN,2024-05-08 11:00:00,CORE_HR
EVT00080398,2024-05-01,EMP00064,CC0047,EN,2,Step Increment,110208.34,CAD,CA,2024-05-01 18:00:00,PAYROLL
EVT00080111,2024-05-18,EMP04697,CC0029,PA,3,Step Increment,103938.65,AUD,AUS,2024-05-19 08:00:00,CORE_HR
EVT00081583,2024-05-09,EMP01437,CC0047,AS,3,Step Increment,60411.48,CAD,CA,2024-05-09 23:00:00,PAYROLL
EVT00080737,2024-05-04,EMP05155,CC0081,FI,4,Step Increment,145562.58,CAD,CA,2024-05-05 03:00:00,PAYROLL
EVT00080281,2024-05-09,EMP02162,CC0101,EC,5,Step Increment,136355.78,CAD,CAN,2024-05-10 07:00:00,CORE_HR
EVT00080261,2024-05-15,EMP01766,CC0019,EN,3,Step Increment,97050.78,CAD,CAN,2024-05-15 07:00:00,CORE_HR
EVT00080682,2024-05-07,EMP00030,CC0114,EX,1,Promotion,133788.41,CAD,CA,2024-05-08 15:00:00,PAYROLL
EVT00079926,2024-05-08,EMP04841,CC0061,AS,3,Leave Start,,CAD,CAN,2024-05-10 02:00:00,CORE_HR
EVT00081530,2024-05-09,EMP01547,CC0093,PA,3,Leave Return,,CAD,CAN,2024-05-09 17:00:00,CORE_HR
EVT00080249,2024-05-26,EMP02626,CC0033,CR,2,Departure,,CAD,CA,2024-05-26 07:00:00,PAYROLL
EVT00080172,2024-05-01,EMP03736,CC0081,PA,4,Step Increment,120785.16,CAD,CAN,2024-05-02 11:00:00,CORE_HR
EVT00081667,2024-05-01,EMP00973,CC0022,FI,1,Leave Start,,CAD,CA,2024-05-01 18:00:00,PAYROLL
EVT00080033,2024-05-14,EMP04373,CC0032,PA,1,Promotion,66833.32,CAD,CAN,2024-05-14 21:00:00,CORE_HR
EVT00081949,2024-05-01,EMP03457,CC0090,IT,2,Leave Return,,CAD,CAN,2024-05-02 09:00:00,CORE_HR
EVT00081791,2024-05-22,EMP02083,CC0069,AS,2,Step Increment,66134.98,CAD,CAN,2024-05-23 07:00:00,CORE_HR
EVT00079961,2024-05-05,EMP03276,CC0101,CR,5,Step Increment,77999.13,CAD,CAN,2024-05-06 01:00:00,CORE_HR
EVT00081882,2024-05-13,EMP00187,CC0053,EN,2,Lateral Deployment,,CAD,CA,2024-05-14 04:00:00,PAYROLL
EVT00081826,2024-05-16,EMP04268,CC0005,PA,2,Leave Return,,CAD,CAN,2024-05-17 13:00:00,CORE_HR
EVT00081979,2024-05-20,EMP01997,CC0007,IT,5,Hire,486802.98,BRL,BRA,2024-05-21 05:00:00,CORE_HR
EVT00081153,2024-05-25,EMP03938,CC0080,PA,1,Leave Start,,EUR,FRA,2024-05-25 07:00:00,CORE_HR
EVT00080754,2024-05-14,EMP04423,CC0081,PA,1,Performance Pay,7088.26,CAD,CA,2024-05-14 19:00:00,PAYROLL
EVT00081869,2024-05-17,EMP01250,CC0029,PA,2,Step Increment,6894550.13,JPY,JPN,2024-05-17 17:00:00,CORE_HR
EVT00081264,2024-05-25,EMP03477,CC0011,AS,2,Lateral Deployment,,CAD,CAN,2024-05-25 13:00:00,CORE_HR
EVT00081446,2024-05-04,EMP02758,CC0029,AS,4,Promotion,49179.22,GBP,GBR,2024-05-05 05:00:00,CORE_HR
EVT00081003,2024-05-07,EMP02541,CC0114,EN,2,Leave Start,,CAD,CAN,2024-05-07 06:00:00,CORE_HR
EVT00080934,2024-05-04,EMP00623,CC0045,IT,2,Step Increment,91535.12,CAD,CAN,2024-05-05 15:00:00,CORE_HR
EVT00080572,2024-05-25,EMP04349,CC0102,FI,1,Performance Pay,8675.57,CAD,CAN,2024-05-25 14:00:00,CORE_HR
EVT00081280,2024-05-10,EMP05033,CC0080,IT,1,Step Increment,237585.67,AED,AE,2024-05-10 13:00:00,PAYROLL
EVT00081604,2024-05-26,EMP02906,CC0057,EX,3,Step Increment,169220.16,CAD,CAN,2024-05-27 10:00:00,CORE_HR
EVT00080176,2024-05-15,EMP02171,CC0120,PA,4,Lateral Deployment,,CAD,CAN,2024-05-16 13:00:00,CORE_HR
EVT00081602,2024-05-26,EMP03831,CC0111,FI,2,Step Increment,10254071.94,KES,KEN,2024-05-27 13:00:00,CORE_HR
EVT00081609,2024-05-09,EMP04604,CC0009,PA,3,Step Increment,8454485.16,JPY,JP,2024-05-10 07:00:00,PAYROLL
EVT00080896,2024-05-05,EMP01591,CC0113,IT,1,Leave Return,,CAD,CA,2024-05-05 23:00:00,PAYROLL
EVT00081884,2024-05-23,EMP02788,CC0118,PA,2,Step Increment,72422.74,CAD,CA,2024-05-23 07:00:00,PAYROLL
EVT00080617,2024-05-08,EMP02136,CC0096,PA,1,Step Increment,61787.45,CAD,CAN,2024-05-08 18:00:00,CORE_HR
EVT00081615,2024-05-02,EMP02467,CC0017,IT,1,Leave Return,,CAD,CAN,2024-05-03 13:00:00,CORE_HR
EVT00081786,2024-05-25,EMP01724,CC0005,PA,1,Step Increment,62713.47,CAD,CA,2024-05-26 05:00:00,PAYROLL
EVT00080271,2024-05-06,EMP03234,CC0111,PA,3,Step Increment,8914445.91,JPY,JPN,2024-05-06 14:00:00,CORE_HR
EVT00080067,2024-05-23,EMP03197,CC0118,EN,3,Step Increment,107704.65,CAD,CAN,2024-05-24 15:00:00,CORE_HR
EVT00081321,2024-05-06,EMP02116,CC0010,PA,3,Leave Start,,CAD,CA,2024-05-07 07:00:00,PAYROLL
EVT00080004,2024-05-12,EMP04897,CC0068,PA,2,Performance Pay,6188.49,CAD,CAN,2024-05-12 07:00:00,CORE_HR
EVT00080795,2024-05-13,EMP03524,CC0096,AS,1,Step Increment,55266.01,CAD,CA,2024-05-14 05:00:00,PAYROLL
EVT00080939,2024-05-09,EMP00364,CC0110,AS,1,Leave Return,,CAD,CA,2024-05-09 08:00:00,PAYROLL
EVT00081950,2024-05-17,EMP00078,CC0025,EC,3,Step Increment,98011.68,CAD,CAN,2024-05-17 16:00:00,CORE_HR
EVT00080184,2024-05-04,EMP03520,CC0104,CR,3,Leave Start,,CAD,CAN,2024-05-04 19:00:00,CORE_HR
EVT00081200,2024-05-06,EMP02489,CC0049,CR,4,Step Increment,216785.27,AED,ARE,2024-05-06 14:00:00,CORE_HR
EVT00080060,2024-05-09,EMP00649,CC0075,PA,1,Performance Pay,5257.41,CAD,CA,2024-05-10 01:00:00,PAYROLL
EVT00081637,2024-05-06,EMP04101,CC0061,IT,4,Leave Start,,CAD,CA,2024-05-06 13:00:00,PAYROLL
EVT00081248,2024-05-14,EMP00182,CC0066,EN,2,Leave Start,,CAD,CAN,2024-05-14 16:00:00,CORE_HR
EVT00080087,2024-05-01,EMP03169,CC0006,IT,1,Step Increment,89459.79,CAD,CA,2024-05-01 14:00:00,PAYROLL
EVT00080648,2024-05-04,EMP04491,CC0116,CR,2,Leave Return,,CAD,CA,2024-05-05 01:00:00,PAYROLL
EVT00081925,2024-05-07,EMP02591,CC0044,EC,3,Performance Pay,10788.58,CAD,CA,2024-05-08 01:00:00,PAYROLL
EVT00080974,2024-05-07,EMP00849,CC0051,CR,1,Leave Start,,CAD,CA,2024-05-08 06:00:00,PAYROLL
EVT00080036,2024-05-07,EMP01153,CC0031,AS,3,Step Increment,975727.49,MXN,MEX,2024-05-09 15:00:00,CORE_HR
EVT00080065,2024-05-05,EMP04295,CC0070,EX,2,Step Increment,162230.86,CAD,CAN,2024-05-05 08:00:00,CORE_HR
EVT00081987,2024-05-03,EMP02093,CC0066,EX,3,Promotion,169078.16,CAD,CA,2024-05-03 17:00:00,PAYROLL
EVT00081181,2024-05-12,EMP03684,CC0078,PA,2,Promotion,64877.92,CAD,CAN,2024-05-13 01:00:00,CORE_HR
EVT00080109,2024-05-09,EMP03049,CC0034,CR,3,Leave Start,,CAD,CA,2024-05-09 22:00:00,PAYROLL
EVT00081640,2024-05-08,EMP03686,CC0098,IT,3,Promotion,103969.02,CAD,CA,2024-05-08 23:00:00,PAYROLL
EVT00081896,2024-05-06,EMP01193,CC0054,CR,5,Step Increment,4580272.69,INR,IN,2024-05-06 22:00:00,PAYROLL
EVT00081123,2024-05-05,EMP02606,CC0004,IT,3,Performance Pay,11527.48,CAD,CAN,2024-05-05 06:00:00,CORE_HR
EVT00081097,2024-05-16,EMP05104,CC0046,IT,1,Leave Return,,EUR,FRA,2024-05-16 21:00:00,CORE_HR
EVT00080009,2024-05-01,EMP02517,CC0053,AS,3,Leave Return,,CAD,CA,2024-05-01 06:00:00,PAYROLL
EVT00079990,2024-05-08,EMP02426,CC0059,IT,1,Step Increment,86092.77,CAD,CAN,2024-05-09 08:00:00,CORE_HR
EVT00080900,2024-05-15,EMP04074,CC0054,PA,5,Lateral Deployment,,GBP,GBR,2024-05-15 07:00:00,CORE_HR
EVT00081474,2024-05-15,EMP01174,CC0036,FI,3,Leave Return,,CAD,CA,2024-05-16 14:00:00,PAYROLL
EVT00081457,2024-05-12,EMP00952,CC0118,FI,2,Leave Return,,CAD,CAN,2024-05-13 03:00:00,CORE_HR
EVT00079970,2024-05-26,EMP03980,CC0012,EC,2,Step Increment,87178.84,CAD,CA,2024-05-27 14:00:00,PAYROLL
EVT00081693,2024-05-10,EMP04681,CC0050,FI,1,Departure,,CAD,CAN,2024-05-10 13:00:00,CORE_HR
EVT00080047,2024-05-04,EMP04644,CC0027,CR,4,Step Increment,81143.88,CAD,CAN,2024-05-05 03:00:00,CORE_HR
EVT00081647,2024-05-27,EMP04280,CC0040,EX,2,Step Increment,170274.3,CAD,CAN,2024-05-28 03:00:00,CORE_HR
EVT00080443,2024-05-18,EMP03994,CC0082,CR,3,Step Increment,62220.83,CAD,CA,2024-05-18 18:00:00,PAYROLL
EVT00080105,2024-05-17,EMP05176,CC0053,AS,1,Leave Start,,CAD,CA,2024-05-17 21:00:00,PAYROLL
EVT00080803,2024-05-26,EMP03073,CC0006,AS,4,Step Increment,80921.99,CAD,CAN,2024-05-27 03:00:00,CORE_HR
EVT00081936,2024-05-20,EMP02438,CC0056,PA,4,Lateral Deployment,,CAD,CAN,2024-05-20 15:00:00,CORE_HR
EVT00080783,2024-05-16,EMP01509,CC0004,EX,3,Performance Pay,18483.37,CAD,CA,2024-05-16 12:00:00,PAYROLL
EVT00081067,2024-05-08,EMP01884,CC0117,FI,3,Leave Return,,CAD,CAN,2024-05-08 18:00:00,CORE_HR
EVT00081798,2024-05-02,EMP02552,CC0109,EC,4,Leave Return,,CAD,CAN,2024-05-03 06:00:00,CORE_HR
EVT00080784,2024-05-02,EMP03477,CC0011,AS,2,Hire,70567.6,CAD,CAN,2024-05-03 01:00:00,CORE_HR
EVT00080149,2024-05-09,EMP05110,CC0066,FI,1,Departure,,CAD,CA,2024-05-10 02:00:00,PAYROLL
EVT00081030,2024-05-19,EMP01388,CC0053,PA,3,Performance Pay,7666.87,CAD,CAN,2024-05-21 23:00:00,CORE_HR
EVT00081916,2024-05-22,EMP03494,CC0051,PA,3,Leave Return,,CAD,CAN,2024-05-23 14:00:00,CORE_HR
EVT00080743,2024-05-10,EMP04520,CC0057,PA,3,Lateral Deployment,,CAD,CAN,2024-05-11 14:00:00,CORE_HR
EVT00081601,2024-05-01,EMP00878,CC0037,EX,1,Departure,,CAD,CA,2024-05-02 13:00:00,PAYROLL
EVT00081485,2024-05-06,EMP00540,CC0003,EN,1,Hire,84761.9,CAD,CAN,2024-05-07 00:00:00,CORE_HR
EVT00081413,2024-05-23,EMP03762,CC0063,CR,2,Step Increment,44460.14,CAD,CAN,2024-05-24 09:00:00,CORE_HR
EVT00081037,2024-05-05,EMP02856,CC0079,EN,4,Lateral Deployment,,CAD,CA,2024-05-05 17:00:00,PAYROLL
EVT00080808,2024-05-03,EMP04832,CC0065,CR,1,Leave Return,,KES,KE,2024-05-03 10:00:00,PAYROLL
EVT00081301,2024-05-19,EMP03072,CC0055,EN,3,Promotion,114703.86,CAD,CAN,2024-05-20 07:00:00,CORE_HR
EVT00080444,2024-05-05,EMP02296,CC0045,FI,3,Step Increment,103768.24,CAD,CA,2024-05-06 05:00:00,PAYROLL
EVT00079928,2024-05-25,EMP02661,CC0062,AS,3,Hire,72586.83,CAD,CAN,2024-05-25 15:00:00,CORE_HR
EVT00081488,2024-05-02,EMP00752,CC0119,PA,5,Leave Return,,CAD,CAN,2024-05-02 06:00:00,CORE_HR
EVT00081734,2024-05-18,EMP03392,CC0108,IT,1,Leave Return,,AED,ARE,2024-05-19 06:00:00,CORE_HR
EVT00080566,2024-05-17,EMP02559,CC0104,EX,1,Performance Pay,6352.89,CAD,CA,2024-05-17 14:00:00,PAYROLL
EVT00080332,2024-05-26,EMP01095,CC0017,PA,1,Step Increment,61475.08,CAD,CA,2024-05-26 23:00:00,PAYROLL
EVT00082019,2024-05-18,EMP03328,CC0066,IT,1,Step Increment,89976.92,CAD,CA,2024-05-18 17:00:00,PAYROLL
EVT00081787,2024-05-16,EMP00482,CC0111,PA,1,Leave Return,,AED,ARE,2024-05-17 04:00:00,CORE_HR
EVT00080334,2024-05-06,EMP05199,CC0061,EN,2,Leave Return,,CAD,CA,2024-05-08 05:00:00,PAYROLL
EVT00080216,2024-05-03,EMP03036,CC0114,PA,1,Performance Pay,5935.29,CAD,CAN,2024-05-04 00:00:00,CORE_HR
EVT00081134,2024-05-08,EMP03901,CC0085,AS,4,Step Increment,91671.34,CAD,CA,2024-05-09 10:00:00,PAYROLL
EVT00080421,2024-05-18,EMP01406,CC0073,PA,3,Performance Pay,7497.98,CAD,CAN,2024-05-18 23:00:00,CORE_HR
EVT00080891,2024-05-02,EMP00734,CC0069,EC,4,Step Increment,111283.77,CAD,CAN,2024-05-03 07:00:00,CORE_HR
EVT00081964,2024-05-14,EMP03687,CC0017,CR,3,Performance Pay,6602.85,CAD,CA,2024-05-14 23:00:00,PAYROLL
EVT00082017,2024-05-08,EMP03994,CC0082,CR,3,Step Increment,69442.24,CAD,CA,2024-05-09 09:00:00,PAYROLL
EVT00081849,2024-05-27,EMP01727,CC0072,EN,1,Step Increment,92761.33,CAD,CAN,2024-05-28 11:00:00,CORE_HR
EVT00080053,2024-05-03,EMP05137,CC0053,AS,1,Leave Start,,CAD,CA,2024-05-03 18:00:00,PAYROLL
EVT00080724,2024-05-09,EMP01164,CC0119,AS,1,Step Increment,58179.83,CAD,CAN,2024-05-09 16:00:00,CORE_HR
EVT00081326,2024-05-25,EMP01940,CC0018,IT,2,Performance Pay,5822.43,CAD,CAN,2024-05-25 08:00:00,CORE_HR
EVT00081905,2024-05-10,EMP03047,CC0036,EC,2,Performance Pay,4877.83,CAD,CA,2024-05-11 03:00:00,PAYROLL
EVT00081402,2024-05-22,EMP01684,CC0011,PA,2,Step Increment,73648.28,CAD,CA,2024-05-22 10:00:00,PAYROLL
EVT00081938,2024-05-07,EMP01129,CC0028,CR,2,Performance Pay,8604.92,CAD,CAN,2024-05-07 18:00:00,CORE_HR
EVT00080861,2024-05-02,EMP01935,CC0008,PA,2,Leave Start,,CAD,CA,2024-05-02 22:00:00,PAYROLL
EVT00080884,2024-05-27,EMP02400,CC0069,EX,1,Step Increment,153218.8,CAD,CAN,2024-05-28 00:00:00,CORE_HR
EVT00081920,2024-05-20,EMP01203,CC0120,EC,1,Step Increment,78239.66,CAD,CA,2024-05-20 18:00:00,PAYROLL
EVT00080456,2024-05-08,EMP00579,CC0039,EN,3,Leave Start,,CAD,CAN,2024-05-08 12:00:00,CORE_HR
EVT00081299,2024-05-02,EMP00795,CC0054,CR,3,Performance Pay,113443.27,MXN,MX,2024-05-03 04:00:00,PAYROLL
EVT00080959,2024-05-10,EMP00967,CC0040,EX,1,Lateral Deployment,,CAD,CAN,2024-05-11 01:00:00,CORE_HR
EVT00080888,1900-01-01,EMP01250,CC0029,PA,2,Performance Pay,2452.13,USD,USA,2024-05-19 16:00:00,CORE_HR
EVT00080457,2024-05-14,EMP01725,CC0007,CR,5,Leave Start,,MXN,MEX,2024-05-15 19:00:00,CORE_HR
EVT00081873,2024-05-09,EMP05120,CC0060,EX,1,Step Increment,153975.55,CAD,CAN,2024-05-10 09:00:00,CORE_HR
EVT00081463,2024-05-22,EMP01864,CC0116,IT,4,Leave Return,,CAD,CA,2024-05-23 15:00:00,PAYROLL
EVT00080121,2024-05-11,EMP01706,CC0096,EX,2,Lateral Deployment,,CAD,CA,2024-05-12 13:00:00,PAYROLL
EVT00079971,2024-05-14,EMP03191,CC0044,PA,2,Step Increment,60622.42,CAD,CAN,2024-05-14 18:00:00,CORE_HR
EVT00080629,2024-05-21,EMP00221,CC0108,IT,1,Lateral Deployment,,AED,ARE,2024-05-22 12:00:00,CORE_HR
EVT00080549,2024-05-06,EMP02045,CC0095,EN,1,Performance Pay,6333.74,CAD,CAN,2024-05-06 21:00:00,CORE_HR
EVT00081035,2024-05-14,EMP01560,CC0004,EN,5,Leave Start,,CAD,CAN,2024-05-14 19:00:00,CORE_HR
EVT00081852,2024-05-10,EMP02388,CC0052,PA,1,Step Increment,65913.6,CAD,CA,2024-05-11 11:00:00,PAYROLL
EVT00080036,2024-05-07,EMP01153,CC0031,AS,3,Step Increment,975727.49,MXN,MEX,2024-05-07 10:00:00,CORE_HR
EVT00081907,2024-05-22,EMP01924,CC0057,EN,2,Hire,102633.21,CAD,CAN,2024-05-23 11:00:00,CORE_HR
EVT00080815,2024-05-04,EMP04815,CC0050,IT,1,Lateral Deployment,,CAD,CA,2024-05-05 00:00:00,PAYROLL
EVT00082005,2024-05-09,EMP02641,CC0089,AS,1,Leave Start,,CAD,CAN,2024-05-10 14:00:00,CORE_HR
EVT00080779,2024-05-26,EMP00589,CC0033,PA,1,Step Increment,48960.33,CAD,CAN,2024-05-26 12:00:00,CORE_HR
EVT00081435,2024-05-04,EMP02402,CC0109,CR,5,Performance Pay,5755.24,CAD,CAN,2024-05-04 19:00:00,CORE_HR
EVT00080064,2024-05-18,EMP01819,CC0096,PA,2,Lateral Deployment,,CAD,CAN,2024-05-19 01:00:00,CORE_HR
EVT00081909,2024-05-14,EMP04637,CC0080,PA,1,Departure,,EUR,FR,2024-05-15 00:00:00,PAYROLL
EVT00081649,2024-05-12,EMP04514,CC0051,IT,1,Leave Return,,CAD,CAN,2024-05-13 13:00:00,CORE_HR
EVT00080037,2024-05-23,EMP03717,CC0005,PA,4,Step Increment,74922.39,CAD,CA,2024-05-24 12:00:00,PAYROLL
EVT00079973,2024-05-07,EMP04957,CC0084,AS,3,Leave Start,,CAD,CA,2024-05-08 09:00:00,PAYROLL
EVT00081785,2024-05-12,EMP02716,CC0026,PA,2,Step Increment,74330.25,CAD,CA,2024-05-13 07:00:00,PAYROLL
EVT00081283,2024-05-15,EMP03865,CC0067,EC,2,Step Increment,85036.08,CAD,CAN,2024-05-16 02:00:00,CORE_HR
EVT00080454,2024-05-06,EMP02100,CC0071,IT,3,Leave Start,,CAD,CA,2024-05-06 16:00:00,PAYROLL
EVT00081715,2024-05-05,EMP04260,CC0114,IT,4,Performance Pay,10957.88,CAD,CA,2024-05-06 04:00:00,PAYROLL
EVT00079999,2024-05-08,EMP05084,CC0016,EX,2,Hire,141704.26,CAD,CAN,2024-05-09 04:00:00,CORE_HR
EVT00080077,2024-05-19,EMP02009,CC0099,CR,3,Departure,,CAD,CAN,2024-05-20 02:00:00,CORE_HR
EVT00081381,2024-05-02,EMP03069,CC0018,IT,5,Leave Start,,CAD,CA,2024-05-02 18:00:00,PAYROLL
EVT00081665,2024-05-16,EMP01005,CC0102,PA,1,Hire,59379.17,CAD,CA,2024-05-16 23:00:00,PAYROLL
EVT00080285,2024-05-20,EMP02507,CC0074,EX,1,Lateral Deployment,,USD,US,2024-05-20 08:00:00,PAYROLL
EVT00081111,2024-05-26,EMP01811,CC0089,IT,2,Step Increment,92101.82,CAD,CAN,2024-05-26 09:00:00,CORE_HR
EVT00080472,2024-05-26,EMP03904,CC0039,IT,3,Departure,,CAD,CAN,2024-05-27 06:00:00,CORE_HR
EVT00080993,2024-05-08,EMP04002,CC0028,FI,1,Lateral Deployment,,CAD,CA,2024-05-09 12:00:00,PAYROLL
EVT00080224,2024-05-19,EMP04055,CC0007,AS,1,Step Increment,3722905.91,INR,IN,2024-05-19 12:00:00,PAYROLL
EVT00080404,2024-05-19,EMP01106,CC0003,IT,1,Step Increment,90508.42,CAD,CAN,2024-05-20 14:00:00,CORE_HR
EVT00080383,2024-05-16,EMP02106,CC0111,EC,2,Hire,161470.22,AUD,AUS,2024-05-17 01:00:00,CORE_HR
EVT00080582,2024-05-15,EMP02499,CC0039,AS,3,Performance Pay,6883.55,CAD,CA,2024-05-16 08:00:00,PAYROLL
EVT00081756,2024-05-19,EMP02156,CC0043,AS,2,Step Increment,66214.78,CAD,CA,2024-05-20 13:00:00,PAYROLL
EVT00079934,2024-05-22,EMP02978,CC0025,FI,4,Step Increment,107512.44,CAD,CA,2024-05-23 02:00:00,PAYROLL
EVT00080922,2024-05-17,EMP00305,CC0056,EX,1,Leave Return,,CAD,CA,2024-05-17 06:00:00,PAYROLL
EVT00080559,2024-05-14,EMP03700,CC0057,PA,1,Step Increment,62100.82,CAD,CAN,2024-05-15 00:00:00,CORE_HR
EVT00081897,2024-05-04,EMP00175,CC0056,IT,1,Leave Start,,CAD,CAN,2024-05-05 07:00:00,CORE_HR
EVT00080202,2024-05-06,EMP02386,CC0109,PA,5,Leave Start,,CAD,CAN,2024-05-06 21:00:00,CORE_HR
EVT00081094,2024-05-03,EMP02807,CC0106,AS,2,Departure,,CAD,CAN,2024-05-04 06:00:00,CORE_HR
EVT00080439,2024-05-18,EMP00921,CC0023,PA,2,Leave Return,,CAD,CAN,2024-05-18 07:00:00,CORE_HR
EVT00081569,2024-05-11,EMP02484,CC0089,EC,2,Leave Start,,CAD,CA,2024-05-11 23:00:00,PAYROLL
EVT00080286,2024-05-07,EMP04213,CC0033,IT,5,Performance Pay,15644.11,CAD,CA,2024-05-08 06:00:00,PAYROLL
EVT00079995,2024-05-09,EMP04392,CC0055,PA,5,Performance Pay,13868.74,CAD,CA,2024-05-10 13:00:00,PAYROLL
EVT00081886,2024-05-15,EMP02616,CC0076,EC,1,Step Increment,77209.79,CAD,CA,2024-05-15 20:00:00,PAYROLL
EVT00080303,2024-05-11,EMP00615,CC0051,EX,1,Step Increment,144186.76,CAD,CAN,2024-05-11 15:00:00,CORE_HR
EVT00080731,2024-05-05,EMP02693,CC0011,PA,3,Leave Start,,CAD,CA,2024-05-06 02:00:00,PAYROLL
EVT00081290,2024-05-13,EMP03258,CC0068,IT,1,Leave Return,,CAD,CAN,2024-05-14 00:00:00,CORE_HR
EVT00081098,2024-05-27,EMP00892,CC0093,EN,1,Step Increment,90324.52,CAD,CAN,2024-05-28 02:00:00,CORE_HR
EVT00080048,2024-05-06,EMP04215,CC0024,EX,1,Step Increment,153314.03,CAD,CA,2024-05-07 05:00:00,PAYROLL
EVT00081927,2024-05-09,EMP02661,CC0062,AS,3,Step Increment,82131.36,CAD,CA,2024-05-09 12:00:00,PAYROLL
EVT00081568,2024-05-25,EMP00736,CC0074,PA,2,Step Increment,83812.17,AUD,AUS,2024-05-25 13:00:00,CORE_HR
EVT00080026,2024-05-26,EMP02940,CC0051,PA,3,Promotion,99540.76,CAD,CAN,2024-05-27 08:00:00,CORE_HR
EVT00081297,2024-05-02,EMP04742,CC0020,IT,2,Leave Start,,CAD,CA,2024-05-02 14:00:00,PAYROLL
EVT00080662,2024-05-08,EMP00260,CC0048,CR,5,Leave Start,,CAD,CA,2024-05-08 23:00:00,PAYROLL
EVT00080120,2024-05-09,EMP00903,CC0093,IT,4,Step Increment,119166.24,CAD,CAN,2024-05-10 11:00:00,CORE_HR
EVT00080638,2024-05-07,EMP00740,CC0026,EC,5,Leave Start,,CAD,CA,2024-05-08 11:00:00,PAYROLL
EVT00080433,2024-05-14,EMP03617,CC0036,IT,3,Lateral Deployment,,CAD,CA,2024-05-15 07:00:00,PAYROLL
EVT00080161,2024-05-17,EMP03664,CC0100,AS,3,Step Increment,79255.7,CAD,CAN,2024-05-18 03:00:00,CORE_HR
EVT00081578,2024-05-23,EMP01195,CC0108,PA,1,Performance Pay,13621.66,AUD,AUS,2024-05-23 21:00:00,CORE_HR
EVT00081135,2024-05-17,EMP01938,CC0119,FI,3,Performance Pay,9952.06,CAD,CA,2024-05-18 04:00:00,PAYROLL
EVT00080390,2024-05-18,EMP00881,CC0002,PA,2,Hire,72276.23,CAD,CAN,2024-05-19 02:00:00,CORE_HR
EVT00081668,2024-05-25,EMP05048,CC0119,IT,1,Performance Pay,4131.72,CAD,CAN,2024-05-26 11:00:00,CORE_HR
EVT00080348,2024-05-27,EMP00583,CC0043,AS,2,Leave Start,,CAD,CAN,2024-05-27 14:00:00,CORE_HR
EVT00080010,2024-05-09,EMP02772,CC0070,PA,2,Hire,81078.49,XXX,CA,2024-05-09 07:00:00,PAYROLL
EVT00081618,2024-05-22,EMP04742,CC0020,IT,2,Leave Return,,CAD,CAN,2024-05-23 12:00:00,CORE_HR
EVT00081309,2024-05-24,EMP00518,CC0089,CR,1,Performance Pay,4256.14,CAD,CA,2024-05-25 01:00:00,PAYROLL
EVT00080933,2024-05-14,EMP00760,CC0064,PA,4,Hire,104463.19,CAD,CA,2024-05-15 04:00:00,PAYROLL
EVT00080597,2024-05-04,EMP04735,CC0079,IT,2,Lateral Deployment,,CAD,CAN,2024-05-05 03:00:00,CORE_HR
EVT00080232,2024-05-17,EMP00546,CC0117,EC,3,Hire,127895.85,CAD,CAN,2024-05-18 09:00:00,CORE_HR
EVT00080909,2024-05-06,EMP05029,CC0106,PA,1,Performance Pay,7345.81,CAD,CA,2024-05-07 07:00:00,PAYROLL
EVT00081076,2024-05-23,EMP03626,CC0055,IT,2,Leave Return,,CAD,CA,2024-05-23 08:00:00,PAYROLL
EVT00081625,2024-05-05,EMP02339,CC0001,IT,1,Step Increment,73140.19,CAD,CA,2024-05-05 21:00:00,PAYROLL
EVT00080236,2024-05-27,EMP01209,CC0050,FI,3,Step Increment,106861.86,CAD,CAN,2024-05-28 06:00:00,CORE_HR
EVT00080153,2024-05-14,EMP02531,CC0091,IT,2,Step Increment,109394.57,CAD,CA,2024-05-15 06:00:00,PAYROLL
EVT00081298,2024-05-11,EMP00587,CC0092,IT,1,Performance Pay,5991.84,CAD,CAN,2024-05-12 01:00:00,CORE_HR
EVT00081679,2024-05-21,EMP04009,CC0035,EX,1,Step Increment,131034.44,CAD,CA,2024-05-22 10:00:00,PAYROLL
EVT00081929,2024-05-26,EMP03382,CC0065,FI,3,Step Increment,217073.89,AED,ARE,2024-05-26 07:00:00,CORE_HR
EVT00081199,2024-05-15,EMP00891,CC0051,EX,1,Step Increment,146162.82,CAD,CA,2024-05-15 13:00:00,PAYROLL
EVT00081364,2024-05-15,EMP02087,CC0053,PA,1,Step Increment,84126.09,CAD,CA,2024-05-16 09:00:00,PAYROLL
EVT00080677,2024-05-21,EMP00255,CC0036,AS,5,Step Increment,92215.79,CAD,CA,2024-05-21 17:00:00,PAYROLL
EVT00079902,2024-05-13,EMP05074,CC0009,AS,1,Step Increment,5611315.0,JPY,JP,2024-05-14 11:00:00,PAYROLL
EVT00080075,2024-05-13,EMP02804,CC0098,CR,2,Performance Pay,6917.86,CAD,CA,2024-05-13 11:00:00,PAYROLL
EVT00080540,2024-05-27,EMP01829,CC0117,PA,5,Step Increment,108848.54,CAD,CA,2024-05-27 17:00:00,PAYROLL
EVT00081206,2024-05-07,EMP01175,CC0010,IT,2,Step Increment,96685.6,CAD,CAN,2024-05-07 16:00:00,CORE_HR
EVT00081614,2024-05-21,EMP02009,CC0099,CR,3,Leave Return,,CAD,CAN,2024-05-21 13:00:00,CORE_HR
EVT00080519,2024-05-13,EMP00671,CC0062,CR,2,Step Increment,61752.78,CAD,CAN,2024-05-13 14:00:00,CORE_HR
EVT00081836,2024-05-22,EMP01507,CC0049,IT,4,Step Increment,200857.96,AUD,AU,2024-05-22 22:00:00,PAYROLL
EVT00080095,2024-05-11,EMP01230,CC0009,PA,1,Hire,139098.61,AED,AE,2024-05-11 18:00:00,PAYROLL
EVT00080602,2024-05-24,EMP04343,CC0023,EN,1,Lateral Deployment,,CAD,CAN,2024-05-24 21:00:00,CORE_HR
EVT00079925,2024-05-27,EMP04413,CC0105,EX,3,Step Increment,123210.86,GBP,GBR,2024-05-27 08:00:00,CORE_HR
EVT00081857,2024-05-27,EMP04040,CC0045,EX,2,Leave Start,,CAD,CA,2024-05-27 10:00:00,PAYROLL
EVT00080272,2024-05-16,EMP04906,CC0099,EN,4,Leave Return,,CAD,CAN,2024-05-17 11:00:00,CORE_HR
EVT00081736,2024-05-02,EMP02703,CC0051,PA,1,Departure,,CAD,CAN,2024-05-02 20:00:00,CORE_HR
EVT00080793,2024-05-13,EMP00432,CC0027,EX,1,Step Increment,135129.27,CAD,CAN,2024-05-13 16:00:00,CORE_HR
EVT00079944,2024-05-14,EMP02559,CC0104,EX,1,Step Increment,144887.73,CAD,CA,2024-05-15 19:00:00,PAYROLL
EVT00081361,2024-05-06,EMP05026,CC0082,EX,2,Step Increment,155259.68,CAD,CAN,2024-05-07 15:00:00,CORE_HR
EVT00080083,2024-05-15,EMP00864,CC0068,IT,2,Step Increment,96402.07,CAD,CAN,2024-05-16 00:00:00,CORE_HR
EVT00081192,2024-05-10,EMP01442,CC0066,PA,3,Performance Pay,10016.51,CAD,CA,2024-05-10 07:00:00,PAYROLL
EVT00080548,2024-05-14,EMP02667,CC0020,EN,5,Performance Pay,9624.88,CAD,CA,2024-05-14 14:00:00,PAYROLL
EVT00081312,2024-05-15,EMP00989,CC0056,EN,4,Leave Start,,CAD,CAN,2024-05-15 10:00:00,CORE_HR
EVT00080955,2024-05-23,EMP02751,CC0068,FI,3,Step Increment,93809.21,CAD,CAN,2024-05-24 15:00:00,CORE_HR
EVT00081712,2024-05-14,EMP03671,CC0061,EN,1,Promotion,75157.8,CAD,CAN,2024-05-14 21:00:00,CORE_HR
EVT00081594,2024-05-23,EMP00099,CC0014,AS,2,Promotion,64310.53,CAD,CAN,2024-05-23 06:00:00,CORE_HR
EVT00080018,2024-05-03,EMP01345,CC0021,IT,2,Leave Return,,CAD,CAN,2024-05-04 02:00:00,CORE_HR
EVT00080953,2024-05-12,EMP04025,CC0119,AS,4,Step Increment,82741.0,XXX,CA,2024-05-12 09:00:00,PAYROLL
EVT00081893,2024-05-22,EMP02164,CC0080,PA,2,Hire,50669.7,USD,USA,2024-05-22 14:00:00,CORE_HR
EVT00080469,2024-05-23,EMP02339,CC0001,IT,1,Performance Pay,10398.36,CAD,CAN,2024-05-24 13:00:00,CORE_HR
EVT00080750,2024-05-06,EMP03239,CC0033,EN,1,Leave Start,,CAD,CAN,2024-05-07 09:00:00,CORE_HR
EVT00080690,2024-05-20,EMP01522,CC0069,IT,3,Step Increment,106899.25,CAD,CA,2024-05-21 04:00:00,PAYROLL
EVT00080349,2024-05-10,EMP04474,CC0039,EN,2,Step Increment,95947.36,CAD,CAN,2024-05-10 23:00:00,CORE_HR
EVT00081074,2024-05-05,EMP01428,CC0111,EN,4,Step Increment,115319.79,EUR,DEU,2024-05-06 11:00:00,CORE_HR
EVT00080099,2024-05-11,EMP00380,CC0058,CR,1,Step Increment,57833.51,CAD,CAN,2024-05-12 11:00:00,CORE_HR
EVT00080293,2024-05-25,EMP03789,CC0116,AS,2,Performance Pay,3061.7,CAD,CA,2024-05-25 07:00:00,PAYROLL
EVT00080409,2024-05-16,EMP00166,CC0028,PA,1,Promotion,64110.65,CAD,CA,2024-05-16 09:00:00,PAYROLL
EVT00080916,2024-05-15,EMP04679,CC0067,EX,1,Leave Return,,CAD,CA,2024-05-16 15:00:00,PAYROLL
EVT00081986,2024-05-16,EMP02775,CC0105,PA,4,Leave Start,,EUR,DEU,2024-05-16 13:00:00,CORE_HR
EVT00080652,2024-05-22,EMP00918,CC0060,PA,3,Leave Start,,CAD,CA,2024-05-23 00:00:00,PAYROLL
EVT00081581,2024-05-11,EMP03271,CC0011,PA,3,Leave Return,,CAD,CAN,2024-05-12 03:00:00,CORE_HR
EVT00081222,2024-05-21,EMP02052,CC0048,AS,2,Step Increment,70568.99,CAD,CAN,2024-05-21 18:00:00,CORE_HR
EVT00081707,2024-05-03,EMP04327,CC0107,IT,1,Leave Return,,CAD,CA,2024-05-04 04:00:00,PAYROLL
EVT00081271,2024-05-02,EMP01863,CC0021,EN,5,Leave Return,,CAD,CAN,2024-05-03 09:00:00,CORE_HR
EVT00081872,2024-05-19,EMP04851,CC0082,EX,2,Promotion,166979.97,CAD,CA,2024-05-20 08:00:00,PAYROLL
EVT00081823,2024-05-07,EMP05032,CC0059,CR,2,Step Increment,64815.37,CAD,CAN,2024-05-07 06:00:00,CORE_HR
EVT00081226,2024-05-26,EMP03790,CC0031,PA,4,Leave Return,,JPY,JPN,2024-05-26 15:00:00,CORE_HR
EVT00080424,2024-05-19,EMP03660,CC0035,CR,1,Leave Return,,CAD,CA,2024-05-19 12:00:00,PAYROLL
EVT00080957,2024-05-19,EMP03283,CC0025,AS,4,Leave Start,,CAD,CAN,2024-05-20 07:00:00,CORE_HR
EVT00081374,2024-05-26,EMP04233,CC0032,FI,2,Departure,,CAD,CAN,2024-05-27 02:00:00,CORE_HR
EVT00079940,2024-05-27,EMP03935,CC0075,FI,1,Lateral Deployment,,CAD,CA,2024-05-28 01:00:00,PAYROLL
EVT00081324,2024-05-25,EMP01084,CC0066,IT,3,Step Increment,119827.31,CAD,CA,2024-05-25 19:00:00,PAYROLL
EVT00081906,2024-05-13,EMP03154,CC0088,IT,5,Step Increment,95874.89,USD,USA,2024-05-13 13:00:00,CORE_HR
EVT00080193,2024-05-06,EMP03535,CC0049,PA,3,Hire,345152.87,BRL,BRA,2024-05-07 01:00:00,CORE_HR
EVT00081541,2024-05-12,EMP03418,CC0083,PA,2,Leave Start,,CAD,CA,2024-05-13 13:00:00,PAYROLL
EVT00080066,2024-05-17,EMP05158,CC0105,EC,3,Step Increment,74785.42,USD,USA,2024-05-17 12:00:00,CORE_HR
EVT00080632,2024-05-24,EMP01534,CC0044,EN,4,Leave Return,,CAD,CAN,2024-05-25 09:00:00,CORE_HR
EVT00080361,2024-05-01,EMP00835,CC0009,PA,2,Lateral Deployment,,JPY,JP,2024-05-01 14:00:00,PAYROLL
EVT00080187,2024-05-22,EMP04741,CC0075,IT,4,Lateral Deployment,,CAD,CA,2024-05-22 20:00:00,PAYROLL
EVT00080407,2024-05-17,EMP04100,CC0007,IT,3,Performance Pay,7622.06,USD,USA,2024-05-18 03:00:00,CORE_HR
EVT00081203,2024-05-27,EMP03163,CC0039,PA,4,Step Increment,93122.62,CAD,CA,2024-05-27 23:00:00,PAYROLL
EVT00080092,2024-05-15,EMP01147,CC0051,EX,1,Step Increment,144243.83,CAD,CAN,2024-05-15 13:00:00,CORE_HR
EVT00080782,2024-05-01,EMP04051,CC0024,CR,3,Step Increment,66566.71,CAD,CAN,2024-05-02 01:00:00,CORE_HR
EVT00081247,2024-05-11,EMP04557,CC0102,PA,4,Lateral Deployment,,CAD,CA,2024-05-11 23:00:00,PAYROLL
EVT00080113,2024-05-27,EMP04821,CC0005,FI,2,Lateral Deployment,,CAD,CA,2024-05-27 09:00:00,PAYROLL
EVT00081689,2024-05-13,EMP01454,CC0041,AS,2,Step Increment,73423.64,CAD,CA,2024-05-13 20:00:00,PAYROLL
EVT00080927,2024-05-17,EMP03299,CC0112,EX,2,Leave Return,,CAD,CAN,2024-05-17 08:00:00,CORE_HR
EVT00080579,2024-05-22,EMP04085,CC0095,IT,3,Leave Return,,CAD,CA,2024-05-23 12:00:00,PAYROLL
EVT00081619,2024-05-16,EMP03614,CC0104,EX,1,Lateral Deployment,,CAD,CAN,2024-05-17 03:00:00,CORE_HR
EVT00080209,2024-05-01,EMP01998,CC0081,EX,1,Step Increment,139658.47,CAD,CA,2024-05-01 23:00:00,PAYROLL
EVT00080450,2024-05-07,EMP01828,CC0026,PA,4,Performance Pay,9615.71,CAD,CA,2024-05-08 10:00:00,PAYROLL
EVT00081935,2024-05-06,EMP04856,CC0082,CR,1,Promotion,53463.66,CAD,CAN,2024-05-10 03:00:00,CORE_HR
EVT00081310,2024-05-06,EMP02052,CC0048,AS,2,Step Increment,74912.66,CAD,CAN,2024-05-07 04:00:00,CORE_HR
EVT00080762,2024-05-05,EMP00138,CC0006,CR,1,Step Increment,50849.59,CAD,CAN,2024-05-05 09:00:00,CORE_HR
EVT00081557,2024-05-23,EMP00479,CC0073,EN,3,Hire,105574.7,CAD,CAN,2024-05-23 13:00:00,CORE_HR
EVT00081745,2024-05-06,EMP02035,CC0062,PA,4,Hire,100330.74,CAD,CA,2024-05-07 14:00:00,PAYROLL
EVT00081320,2024-05-11,EMP02967,CC0099,CR,5,Leave Return,,CAD,CAN,2024-05-12 05:00:00,CORE_HR
EVT00081960,2024-05-14,EMP02982,CC0034,FI,3,Promotion,73464.93,CAD,CAN,2024-05-14 16:00:00,CORE_HR
EVT00081587,2024-05-06,EMP00032,CC0119,EN,5,Performance Pay,17182.74,CAD,CAN,2024-05-06 19:00:00,CORE_HR
EVT00080740,2024-05-23,EMP01287,CC0109,EC,2,Performance Pay,5386.3,CAD,CA,2024-05-23 22:00:00,PAYROLL
EVT00080484,2024-05-18,EMP02982,CC0034,FI,3,Leave Start,,CAD,CA,2024-05-19 10:00:00,PAYROLL
EVT00081575,2024-05-03,EMP02089,CC0105,EC,2,Step Increment,336452.09,BRL,BRA,2024-05-03 11:00:00,CORE_HR
EVT00081969,2024-05-25,EMP00223,CC0068,IT,2,Step Increment,94166.67,CAD,CA,2024-05-25 22:00:00,PAYROLL
EVT00080336,2024-05-23,EMP02782,CC0071,PA,5,Lateral Deployment,,CAD,CA,2024-05-24 11:00:00,PAYROLL
EVT00081269,2024-05-24,EMP04669,CC0047,AS,1,Step Increment,48867.8,CAD,CAN,2024-05-24 20:00:00,CORE_HR
EVT00081718,2024-05-05,EMP02634,CC0112,CR,2,Leave Return,,CAD,CA,2024-05-05 23:00:00,PAYROLL
EVT00080457,2024-05-14,EMP01725,CC0007,CR,5,Leave Start,,MXN,MEX,2024-05-15 15:00:00,CORE_HR
EVT00079968,2024-05-11,EMP03276,CC0101,CR,5,Leave Return,,CAD,CA,2024-05-11 19:00:00,PAYROLL
EVT00080608,2024-05-20,EMP03807,CC0031,AS,2,Leave Return,,AUD,AUS,2024-05-21 11:00:00,CORE_HR
EVT00080714,2024-05-04,EMP03715,CC0023,PA,1,Step Increment,50059.42,CAD,CA,2024-05-04 20:00:00,PAYROLL
EVT00081302,2024-05-18,EMP03546,CC0074,EN,2,Step Increment,12253227.4,KES,KEN,2024-05-19 10:00:00,CORE_HR
EVT00080086,2024-05-04,EMP04350,CC0019,EX,2,Leave Return,,CAD,CAN,2024-05-04 07:00:00,CORE_HR
EVT00081710,2024-05-13,EMP03685,CC0017,IT,2,Performance Pay,9172.78,CAD,CA,2024-05-14 13:00:00,PAYROLL
EVT00080445,2024-05-23,EMP00083,CC0096,PA,1,Performance Pay,2806.03,CAD,CAN,2024-05-23 22:00:00,CORE_HR
EVT00080962,2024-05-25,EMP00824,CC0001,IT,4,Leave Start,,CAD,CAN,2024-05-26 11:00:00,CORE_HR
EVT00080057,2024-05-05,EMP05008,CC0065,PA,4,Hire,84396.08,EUR,FRA,2024-05-06 11:00:00,CORE_HR
EVT00081633,2024-05-14,EMP01660,CC0093,EC,3,Performance Pay,5659.58,CAD,CAN,2024-05-15 02:00:00,CORE_HR
EVT00080160,2024-05-17,EMP02465,CC0094,EN,4,Step Increment,134702.41,CAD,CAN,2024-05-18 14:00:00,CORE_HR
EVT00081253,2024-05-13,EMP04378,CC0103,EX,1,Performance Pay,16809.02,CAD,CA,2024-05-13 08:00:00,PAYROLL
EVT00081260,2024-05-03,EMP00726,CC0016,EN,1,Leave Return,,CAD,CA,2024-05-04 11:00:00,PAYROLL
EVT00081616,2024-05-04,EMP05159,CC0115,IT,3,Performance Pay,9089.13,CAD,CA,2024-05-04 14:00:00,PAYROLL
EVT00080729,2024-05-11,EMP01251,CC0070,EN,3,Leave Return,,CAD,CAN,2024-05-13 09:00:00,CORE_HR
EVT00080917,2024-05-24,EMP02461,CC0087,CR,2,Leave Return,,CAD,CAN,2024-05-25 13:00:00,CORE_HR
EVT00080241,2024-05-25,EMP03853,CC0048,PA,1,Step Increment,70611.03,CAD,CA,2024-05-25 16:00:00,PAYROLL
EVT00081242,2024-05-11,EMP02132,CC0051,IT,3,Leave Start,,CAD,CAN,2024-05-11 18:00:00,CORE_HR
EVT00082002,2024-05-11,EMP05069,CC0046,EN,3,Step Increment,100220.19,EUR,FRA,2024-05-12 12:00:00,CORE_HR
EVT00081729,1900-01-01,EMP03680,CC0025,PA,1,Leave Start,,CAD,CAN,2024-05-03 06:00:00,CORE_HR
EVT00081236,2024-05-18,EMP00748,CC0101,PA,1,Lateral Deployment,,CAD,CAN,2024-05-19 15:00:00,CORE_HR
EVT00081273,2024-05-26,EMP00353,CC0092,EN,2,Performance Pay,5697.38,CAD,CAN,2024-05-26 23:00:00,CORE_HR
EVT00080739,2024-05-19,EMP03666,CC0059,IT,1,Departure,,CAD,CA,2024-05-20 02:00:00,PAYROLL
EVT00080760,2024-05-11,EMP02862,CC0030,PA,3,Lateral Deployment,,EUR,FR,2024-05-11 19:00:00,PAYROLL
EVT00081970,2024-05-10,EMP02241,CC0104,AS,2,Departure,,CAD,CAN,2024-05-11 01:00:00,CORE_HR
EVT00081597,2024-05-13,EMP02521,CC0045,IT,1,Departure,,CAD,CAN,2024-05-14 01:00:00,CORE_HR
EVT00079937,2024-05-12,EMP04081,CC0028,PA,2,Leave Return,,CAD,CA,2024-05-13 08:00:00,PAYROLL
EVT00081526,2024-05-20,EMP04105,CC0056,PA,2,Step Increment,81915.9,CAD,CAN,2024-05-20 17:00:00,CORE_HR
EVT00080322,2024-05-12,EMP02002,CC0016,AS,1,Lateral Deployment,,CAD,CA,2024-05-13 10:00:00,PAYROLL
EVT00080738,2024-05-02,EMP04704,CC0050,FI,5,Leave Start,,CAD,CAN,2024-05-03 06:00:00,CORE_HR
EVT00080301,2024-05-20,EMP02123,CC0057,IT,5,Hire,147400.3,CAD,CA,2024-05-21 04:00:00,PAYROLL
EVT00081453,2024-05-02,EMP00054,CC0022,PA,3,Departure,,CAD,CAN,2024-05-02 08:00:00,CORE_HR
EVT00081059,2024-05-02,EMP01408,CC0108,FI,1,Promotion,310295.55,BRL,BRA,2024-05-02 15:00:00,CORE_HR
EVT00080522,2024-05-23,EMP02316,CC0114,IT,2,Step Increment,93395.43,CAD,CAN,2024-05-23 21:00:00,CORE_HR
EVT00081934,2024-05-09,EMP03355,CC0087,FI,3,Departure,,CAD,CAN,2024-05-09 09:00:00,CORE_HR
EVT00081662,2024-05-27,EMP01489,CC0035,PA,2,Departure,,CAD,CAN,2024-05-27 15:00:00,CORE_HR
EVT00081176,2024-05-24,EMP03989,CC0041,FI,3,Hire,94853.79,CAD,CA,2024-05-24 19:00:00,PAYROLL
EVT00080886,2024-05-17,EMP05148,CC0049,IT,1,Leave Start,,XXX,FR,2024-05-17 20:00:00,PAYROLL
EVT00081213,2024-05-04,EMP02844,CC0004,EC,4,Performance Pay,8145.52,CAD,CAN,2024-05-05 08:00:00,CORE_HR
EVT00081386,2024-05-25,EMP02181,CC0052,PA,3,Leave Return,,CAD,CA,2024-05-26 23:00:00,PAYROLL
EVT00081813,2024-05-10,EMP02700,CC0085,EC,1,Leave Start,,CAD,CAN,2024-05-10 23:00:00,CORE_HR
EVT00080076,2024-05-08,EMP00047,CC0052,AS,4,Step Increment,84074.2,CAD,CA,2024-05-08 16:00:00,PAYROLL
EVT00080713,2024-05-15,EMP04861,CC0014,PA,4,Step Increment,86650.63,CAD,CAN,2024-05-16 06:00:00,CORE_HR
EVT00081980,2024-05-18,EMP03517,CC0058,PA,1,Performance Pay,7062.17,CAD,CAN,2024-05-18 12:00:00,CORE_HR
EVT00082013,2024-05-23,EMP01392,CC0029,PA,2,Step Increment,58077.14,EUR,FR,2024-05-24 08:00:00,PAYROLL
EVT00081152,2024-05-16,EMP00543,CC0037,IT,2,Step Increment,95539.54,CAD,CA,2024-05-17 04:00:00,PAYROLL
EVT00081357,2024-05-09,EMP03347,CC0013,EN,5,Step Increment,136995.97,CAD,CAN,2024-05-10 08:00:00,CORE_HR
EVT00081611,2024-05-03,EMP00525,CC0098,AS,1,Performance Pay,7360.32,CAD,CAN,2024-05-04 00:00:00,CORE_HR
EVT00080505,2024-05-01,EMP04052,CC0025,IT,2,Step Increment,96031.74,CAD,CAN,2024-05-02 12:00:00,CORE_HR
EVT00081460,2024-05-11,EMP00028,CC0067,EC,1,Leave Return,,CAD,CAN,2024-05-11 15:00:00,CORE_HR
EVT00081128,2024-05-11,EMP02937,CC0034,PA,5,Lateral Deployment,,CAD,CAN,2024-05-12 15:00:00,CORE_HR
EVT00080122,2024-05-03,EMP03587,CC0069,FI,1,Step Increment,72635.24,CAD,CAN,2024-05-03 18:00:00,CORE_HR
EVT00080187,2024-05-22,EMP04741,CC0075,IT,4,Lateral Deployment,,CAD,CA,2024-05-22 06:00:00,PAYROLL
EVT00081166,2024-05-23,EMP04102,CC0094,PA,3,Leave Return,,CAD,CAN,2024-05-23 13:00:00,CORE_HR
EVT00079951,2024-05-11,EMP04264,CC0106,EC,1,Hire,74661.68,CAD,CA,2024-05-11 17:00:00,PAYROLL
EVT00080727,2024-05-21,EMP02940,CC0051,PA,3,Lateral Deployment,,CAD,CA,2024-05-22 05:00:00,PAYROLL
EVT00081854,2024-05-12,EMP04484,CC0033,CR,3,Step Increment,65547.35,CAD,CAN,2024-05-13 08:00:00,CORE_HR
EVT00080526,2024-05-26,EMP04594,CC0113,PA,2,Lateral Deployment,,CAD,CA,2024-05-27 07:00:00,PAYROLL
EVT00080969,2024-05-06,EMP02660,CC0055,FI,1,Performance Pay,10052.87,CAD,CAN,2024-05-07 06:00:00,CORE_HR
EVT00080292,2024-05-04,EMP02055,CC0060,EX,1,Leave Start,,CAD,CAN,2024-05-05 06:00:00,CORE_HR
EVT00080287,2024-05-17,EMP01554,CC0047,CR,5,Step Increment,83789.77,CAD,CAN,2024-05-17 17:00:00,CORE_HR
EVT00081641,2024-05-21,EMP00805,CC0116,EN,1,Departure,,CAD,CA,2024-05-21 13:00:00,PAYROLL
EVT00080235,2024-05-27,EMP00527,CC0112,IT,3,Lateral Deployment,,CAD,CAN,2024-05-28 03:00:00,CORE_HR
EVT00080613,2024-05-17,EMP04560,CC0064,EX,2,Lateral Deployment,,CAD,CAN,2024-05-17 07:00:00,CORE_HR
EVT00081102,2024-05-18,EMP01466,CC0105,IT,1,Leave Start,,USD,USA,2024-05-19 02:00:00,CORE_HR
EVT00080580,2024-05-11,EMP01324,CC0060,EC,4,Step Increment,111260.3,CAD,CAN,2024-05-11 20:00:00,CORE_HR
EVT00081687,2024-05-19,EMP03698,CC0072,FI,4,Leave Start,,CAD,CAN,2024-05-19 11:00:00,CORE_HR
EVT00079896,2024-05-10,EMP01024,CC0076,EN,2,Lateral Deployment,,CAD,CA,2024-05-10 12:00:00,PAYROLL
EVT00081356,2024-05-10,EMP00037,CC0038,PA,1,Performance Pay,6845.64,CAD,CA,2024-05-11 08:00:00,PAYROLL
EVT00081498,2024-05-25,EMP00598,CC0120,EC,1,Lateral Deployment,,CAD,CAN,2024-05-26 10:00:00,CORE_HR
EVT00081877,2024-05-08,EMP01593,CC0089,IT,4,Step Increment,140417.72,CAD,CA,2024-05-08 14:00:00,PAYROLL
EVT00080003,2024-05-27,EMP04742,CC0020,IT,2,Performance Pay,4485.74,CAD,CA,2024-05-27 22:00:00,PAYROLL
EVT00080901,2024-05-25,EMP02280,CC0052,FI,2,Hire,81584.42,CAD,CAN,2024-05-26 08:00:00,CORE_HR
EVT00080524,2024-05-26,EMP02309,CC0094,PA,4,Step Increment,92357.09,CAD,CAN,2024-05-27 04:00:00,CORE_HR
EVT00080521,2024-05-19,EMP00213,CC0087,PA,2,Leave Start,,CAD,CAN,2024-05-20 00:00:00,CORE_HR
EVT00080973,2024-05-24,EMP00335,CC0014,CR,2,Leave Start,,CAD,CAN,2024-05-24 07:00:00,CORE_HR
EVT00080422,2024-05-11,EMP04820,CC0068,IT,2,Performance Pay,4255.49,CAD,CA,2024-05-11 21:00:00,PAYROLL
EVT00080756,2024-05-19,EMP00226,CC0115,PA,5,Step Increment,107810.27,CAD,CAN,2024-05-20 08:00:00,CORE_HR
EVT00081901,2024-05-13,EMP00383,CC0110,EX,1,Performance Pay,18055.56,CAD,CAN,2024-05-13 18:00:00,CORE_HR
EVT00081735,2024-05-21,EMP00067,CC0050,AS,5,Leave Start,,CAD,CA,2024-05-22 15:00:00,PAYROLL
EVT00081627,2024-05-14,EMP00604,CC0018,EX,3,Performance Pay,8262.45,CAD,CA,2024-05-15 05:00:00,PAYROLL
EVT00080228,2024-05-03,EMP01644,CC0086,EC,1,Step Increment,52816.78,USD,US,2024-05-03 19:00:00,PAYROLL
EVT00081089,2024-05-12,EMP04220,CC0090,FI,2,Step Increment,89631.12,CAD,CA,2024-05-12 20:00:00,PAYROLL
EVT00081171,2024-05-01,EMP04675,CC0077,IT,2,Step Increment,127521.78,CAD,CAN,2024-05-01 16:00:00,CORE_HR
EVT00080002,2024-05-11,EMP04092,CC0092,EN,3,Step Increment,125694.34,CAD,CAN,2024-05-11 09:00:00,CORE_HR
EVT00080560,2024-05-19,EMP00343,CC0104,PA,3,Promotion,88068.99,CAD,CA,2024-05-19 21:00:00,PAYROLL
EVT00080387,2024-05-04,EMP02899,CC0018,AS,3,Step Increment,68434.61,CAD,CAN,2024-05-04 13:00:00,CORE_HR
EVT00079954,2024-05-20,EMP04236,CC0080,IT,2,Lateral Deployment,,USD,US,2024-05-21 06:00:00,PAYROLL
EVT00081042,2024-05-01,EMP03506,CC0050,CR,3,Leave Start,,CAD,CA,2024-05-01 22:00:00,PAYROLL
EVT00081323,2024-05-11,EMP04688,CC0044,PA,4,Step Increment,88721.04,CAD,CAN,2024-05-12 14:00:00,CORE_HR
EVT00081427,2024-05-26,EMP04924,CC0105,EN,1,Departure,,JPY,JPN,2024-05-26 15:00:00,CORE_HR
EVT00080941,2024-05-24,EMP04802,CC0076,IT,4,Leave Start,,CAD,CA,2024-05-24 21:00:00,PAYROLL
EVT00080680,2024-05-04,EMP01662,CC0019,PA,2,Leave Return,,CAD,CA,2024-05-04 18:00:00,PAYROLL
EVT00080435,2024-05-26,EMP02748,CC0034,EC,3,Step Increment,97824.21,CAD,CAN,2024-05-26 06:00:00,CORE_HR
EVT00081516,2024-05-19,EMP02571,CC0070,PA,4,Step Increment,91565.64,CAD,CA,2024-05-19 19:00:00,PAYROLL
EVT00080864,2024-05-24,EMP01442,CC0066,PA,3,Step Increment,86446.53,CAD,CAN,2024-05-24 08:00:00,CORE_HR
EVT00080621,2024-05-06,EMP02633,CC0045,CR,5,Lateral Deployment,,CAD,CAN,2024-05-07 02:00:00,CORE_HR
EVT00079936,2024-05-03,EMP01454,CC0041,AS,2,Step Increment,65840.86,CAD,CA,2024-05-04 02:00:00,PAYROLL
EVT00080700,2024-05-07,EMP05041,CC0010,FI,5,Hire,102613.66,CAD,CA,2024-05-08 08:00:00,PAYROLL
EVT00081189,2024-05-23,EMP04506,CC0021,IT,4,Performance Pay,14057.93,CAD,CA,2024-05-23 12:00:00,PAYROLL
EVT00080992,2024-05-02,EMP01853,CC0009,EN,1,Hire,51212.53,SGD,SGP,2024-05-02 20:00:00,CORE_HR
EVT00081952,2024-05-12,EMP00028,CC0067,EC,1,Leave Start,,CAD,CAN,2024-05-13 06:00:00,CORE_HR
EVT00081695,2024-05-21,EMP04619,CC0113,PA,1,Step Increment,76538.61,CAD,CAN,2024-05-21 19:00:00,CORE_HR
EVT00079915,2024-05-15,EMP00675,CC0046,AS,1,Leave Return,,GBP,GBR,2024-05-15 16:00:00,CORE_HR
EVT00080026,2024-05-26,EMP02940,CC0051,PA,3,Promotion,99540.76,CAD,CAN,2024-05-26 11:00:00,CORE_HR
EVT00081091,2024-05-27,EMP03954,CC0115,FI,3,Step Increment,100304.02,CAD,CAN,2024-05-27 13:00:00,CORE_HR
EVT00080943,2024-05-21,EMP02825,CC0089,AS,1,Performance Pay,2968.05,CAD,CAN,2024-05-22 05:00:00,CORE_HR
EVT00080734,2024-05-02,EMP04057,CC0074,FI,1,Performance Pay,501331.4,INR,IN,2024-05-03 02:00:00,PAYROLL
EVT00082014,2024-05-23,EMP00095,CC0058,EX,1,Leave Return,,CAD,CA,2024-05-24 04:00:00,PAYROLL
EVT00081095,2024-05-25,EMP00975,CC0069,IT,1,Leave Start,,CAD,CA,2024-05-25 09:00:00,PAYROLL
EVT00081727,2024-05-13,EMP04542,CC0103,FI,2,Step Increment,97375.26,XXX,CAN,2024-05-13 23:00:00,CORE_HR
EVT00081743,2024-05-21,EMP03872,CC0051,CR,3,Leave Start,,CAD,CA,2024-05-21 08:00:00,PAYROLL
EVT00081110,2024-05-01,EMP04613,CC0046,IT,3,Performance Pay,6766.5,EUR,FR,2024-05-01 19:00:00,PAYROLL
EVT00080877,2024-05-08,EMP00267,CC0067,PA,1,Step Increment,64337.02,CAD,CAN,2024-05-09 05:00:00,CORE_HR
EVT00081100,2024-05-06,EMP04352,CC0004,EC,2,Lateral Deployment,,CAD,CAN,2024-05-06 12:00:00,CORE_HR
EVT00079960,2024-05-07,EMP03176,CC0086,FI,1,Performance Pay,408546.05,INR,IND,2024-05-08 15:00:00,CORE_HR
EVT00081385,2024-05-01,EMP04286,CC0028,IT,1,Leave Start,,CAD,CAN,2024-05-02 01:00:00,CORE_HR
EVT00080155,2024-05-15,EMP00966,CC0104,IT,5,Performance Pay,8270.09,CAD,CAN,2024-05-15 21:00:00,CORE_HR
EVT00080624,2024-05-02,EMP02261,CC0036,FI,2,Performance Pay,6760.55,CAD,CAN,2024-05-02 13:00:00,CORE_HR
EVT00081315,2024-05-13,EMP04312,CC0092,EN,2,Departure,,CAD,CAN,2024-05-14 00:00:00,CORE_HR
EVT00080831,2024-05-15,EMP01734,CC0040,EC,3,Leave Start,,CAD,CA,2024-05-16 12:00:00,PAYROLL
EVT00080846,2024-05-02,EMP04840,CC0055,AS,1,Leave Return,,CAD,CAN,2024-05-03 09:00:00,CORE_HR
EVT00080302,2024-05-19,EMP05121,CC0032,IT,4,Lateral Deployment,,CAD,CA,2024-05-19 14:00:00,PAYROLL
EVT00081923,2024-05-18,EMP03871,CC0014,PA,1,Step Increment,70558.64,CAD,CAN,2024-05-18 16:00:00,CORE_HR
EVT00081801,2024-05-20,EMP04958,CC0094,IT,4,Leave Return,,CAD,CAN,2024-05-20 22:00:00,CORE_HR
EVT00081739,2024-05-12,EMP04329,CC0024,PA,1,Step Increment,68529.95,CAD,CAN,2024-05-13 05:00:00,CORE_HR
EVT00081370,2024-05-12,EMP03951,CC0019,FI,4,Leave Return,,CAD,CAN,2024-05-12 23:00:00,CORE_HR
EVT00081311,2024-05-27,EMP03090,CC0107,CR,2,Step Increment,56876.09,CAD,CAN,2024-05-29 03:00:00,CORE_HR
EVT00081895,2024-05-04,EMP04703,CC0016,EX,1,Leave Return,,CAD,CAN,2024-05-05 10:00:00,CORE_HR
EVT00080758,2024-05-22,EMP04380,CC0048,EN,2,Departure,,CAD,CA,2024-05-23 06:00:00,PAYROLL
EVT00080414,2024-05-20,EMP04781,CC0074,EN,2,Performance Pay,7299.35,USD,US,2024-05-20 06:00:00,PAYROLL
EVT00081685,2024-05-14,EMP01540,CC0105,PA,3,Step Increment,60651.29,SGD,SGP,2024-05-14 07:00:00,CORE_HR
EVT00080118,2024-05-24,EMP05121,CC0032,IT,4,Step Increment,116614.62,CAD,CAN,2024-05-24 21:00:00,CORE_HR
EVT00081001,2024-05-11,EMP00639,CC0065,FI,1,Leave Start,,EUR,FR,2024-05-12 12:00:00,PAYROLL
EVT00080389,2024-05-12,EMP03918,CC0094,EX,2,Leave Start,,CAD,CA,2024-05-13 15:00:00,PAYROLL
EVT00080570,2024-05-27,EMP03532,CC0031,IT,1,Leave Start,,EUR,DE,2024-05-28 15:00:00,PAYROLL
EVT00081653,2024-05-23,EMP04825,CC0061,CR,1,Promotion,51821.13,CAD,CA,2024-05-24 08:00:00,PAYROLL
EVT00080463,2024-05-19,EMP00524,CC0057,PA,4,Step Increment,101932.16,CAD,CA,2024-05-19 11:00:00,PAYROLL
EVT00080419,2024-05-16,EMP00911,CC0005,AS,3,Lateral Deployment,,CAD,CA,2024-05-17 08:00:00,PAYROLL
EVT00081313,2024-05-20,EMP02802,CC0063,EN,4,Hire,128586.74,CAD,CAN,2024-05-21 07:00:00,CORE_HR
EVT00081198,2024-05-10,EMP00149,CC0020,FI,1,Performance Pay,9965.81,CAD,CA,2024-05-10 10:00:00,PAYROLL
EVT00081219,2024-05-17,EMP00645,CC0076,FI,2,Step Increment,96102.24,CAD,CAN,2024-05-18 11:00:00,CORE_HR
EVT00081230,2024-05-11,EMP01196,CC0075,IT,3,Step Increment,123671.7,CAD,CA,2024-05-12 13:00:00,PAYROLL
EVT00081468,2024-05-06,EMP04677,CC0023,PA,2,Hire,80376.24,CAD,CAN,2024-05-07 12:00:00,CORE_HR
EVT00080126,2024-05-21,EMP03291,CC0004,CR,3,Hire,53759.3,CAD,CAN,2024-05-21 10:00:00,CORE_HR
EVT00081061,2024-05-23,EMP03933,CC0029,AS,4,Lateral Deployment,,AED,ARE,2024-05-23 12:00:00,CORE_HR
EVT00080598,2024-05-22,EMP03813,CC0107,FI,3,Leave Return,,CAD,CAN,2024-05-22 20:00:00,CORE_HR
EVT00081429,2024-05-20,EMP02276,CC0099,IT,2,Lateral Deployment,,CAD,CAN,2024-05-20 17:00:00,CORE_HR
EVT00080982,2024-05-15,EMP00131,CC0077,IT,1,Step Increment,100491.24,CAD,CA,2024-05-16 14:00:00,PAYROLL
EVT00081169,2024-05-16,EMP01915,CC0025,IT,3,Promotion,106736.54,CAD,CAN,2024-05-18 02:00:00,CORE_HR
EVT00081083,2024-05-18,EMP02510,CC0013,CR,2,Leave Return,,CAD,CA,2024-05-19 03:00:00,PAYROLL
EVT00081632,2024-05-21,EMP02596,CC0065,CR,1,Lateral Deployment,,INR,IND,2024-05-21 07:00:00,CORE_HR
EVT00080000,2024-05-05,EMP04311,CC0056,IT,4,Performance Pay,-14677.34,CAD,CAN,2024-05-06 06:00:00,CORE_HR
EVT00080001,2024-05-25,EMP00924,CC0031,EN,2,Leave Start,,JPY,JP,2024-05-26 14:00:00,PAYROLL
EVT00079965,2024-05-16,EMP03090,CC0107,CR,2,Step Increment,49418.59,CAD,CAN,2024-05-17 13:00:00,CORE_HR
EVT00080417,2024-05-13,EMP03120,CC0094,FI,1,Performance Pay,4320.6,CAD,CAN,2024-05-13 10:00:00,CORE_HR
EVT00081395,2024-05-11,EMP04912,CC0054,PA,1,Leave Start,,AUD,AUS,2024-05-12 14:00:00,CORE_HR
EVT00080345,2024-05-11,EMP02835,CC0087,EC,2,Performance Pay,4440.91,CAD,CAN,2024-05-14 06:00:00,CORE_HR
EVT00082024,2024-05-14,EMP01419,CC0061,PA,1,Performance Pay,5658.93,CAD,CAN,2024-05-14 23:00:00,CORE_HR
EVT00081567,2024-05-18,EMP02556,CC0104,AS,3,Leave Return,,CAD,CA,2024-05-19 14:00:00,PAYROLL
EVT00081617,2024-05-18,EMP02137,CC0049,PA,3,Leave Start,,JPY,JPN,2024-05-19 15:00:00,CORE_HR
EVT00080327,2024-05-02,EMP04983,CC0116,IT,1,Leave Start,,CAD,CAN,2024-05-02 07:00:00,CORE_HR
EVT00081238,2024-05-09,EMP02575,CC0104,PA,3,Departure,,CAD,CAN,2024-05-10 15:00:00,CORE_HR
EVT00081592,2024-05-21,EMP04689,CC0044,FI,4,Leave Return,,CAD,CAN,2024-05-21 11:00:00,CORE_HR
EVT00081307,2024-05-03,EMP04629,CC0024,FI,2,Leave Start,,CAD,CAN,2024-05-04 10:00:00,CORE_HR
EVT00080418,2024-05-11,EMP00522,CC0037,IT,4,Lateral Deployment,,CAD,CA,2024-05-12 13:00:00,PAYROLL
EVT00081060,2024-05-09,EMP01581,CC0051,EC,4,Leave Return,,CAD,CA,2024-05-10 03:00:00,PAYROLL
EVT00080688,2024-05-27,EMP04405,CC0091,IT,4,Leave Return,,CAD,CAN,2024-05-27 06:00:00,CORE_HR
EVT00081439,2024-05-15,EMP01281,CC0086,EC,4,Leave Start,,EUR,DE,2024-05-15 21:00:00,PAYROLL
EVT00081700,2024-05-16,EMP01542,CC0034,IT,2,Leave Return,,CAD,CAN,2024-05-17 04:00:00,CORE_HR
EVT00080173,2024-05-04,EMP00998,CC0039,IT,4,Step Increment,122835.99,CAD,CAN,2024-05-04 08:00:00,CORE_HR
EVT00081120,2024-05-23,EMP00246,CC0114,FI,3,Step Increment,107396.58,CAD,CAN,2024-05-24 00:00:00,CORE_HR
EVT00080367,2024-05-26,EMP01914,CC0023,EN,2,Promotion,92165.11,CAD,CAN,2024-05-29 21:00:00,CORE_HR
EVT00081947,2024-05-24,EMP00028,CC0067,EC,1,Hire,72004.98,CAD,CAN,2024-05-25 23:00:00,CORE_HR
EVT00081870,2024-05-13,EMP04446,CC0092,EN,3,Leave Start,,CAD,CA,2024-05-14 08:00:00,PAYROLL
EVT00080996,2024-05-17,EMP02860,CC0051,AS,2,Step Increment,67401.79,CAD,CA,2024-05-17 17:00:00,PAYROLL
EVT00081193,2024-05-07,EMP03542,CC0100,PA,3,Leave Return,,CAD,CAN,2024-05-08 03:00:00,CORE_HR
EVT00080511,2024-05-05,EMP01778,CC0042,CR,2,Hire,63372.86,CAD,CAN,2024-05-06 13:00:00,CORE_HR
EVT00080403,2024-05-15,EMP03440,CC0036,PA,2,Step Increment,77005.51,CAD,CA,2024-05-15 13:00:00,PAYROLL
EVT00081173,2024-05-15,EMP03924,CC0073,AS,2,Promotion,70428.29,CAD,CA,2024-05-17 05:00:00,PAYROLL
EVT00081070,2024-05-16,EMP04683,CC0077,PA,1,Departure,,CAD,CAN,2024-05-16 20:00:00,CORE_HR
EVT00080851,2024-05-22,EMP04709,CC0072,EX,2,Leave Start,,CAD,CA,2024-05-23 10:00:00,PAYROLL
EVT00081352,2024-05-07,EMP04030,CC0045,EN,4,Performance Pay,14838.6,CAD,CAN,2024-05-08 11:00:00,CORE_HR
EVT00080076,2024-05-08,EMP99999,CC0052,AS,4,Step Increment,84074.2,CAD,CA,2024-05-10 13:00:00,PAYROLL
EVT00081599,2024-05-22,EMP04610,CC0108,IT,3,Leave Start,,EUR,FR,2024-05-22 09:00:00,PAYROLL
EVT00080356,2024-05-01,EMP02882,CC0098,AS,4,Step Increment,61612.27,CAD,CAN,2024-05-01 14:00:00,CORE_HR
EVT00080268,2024-05-26,EMP02113,CC0015,EN,2,Leave Start,,CAD,CAN,2024-05-26 11:00:00,CORE_HR
EVT00080686,2024-05-11,EMP00181,CC0021,CR,3,Leave Return,,CAD,CAN,2024-05-12 15:00:00,CORE_HR
EVT00080980,2024-05-11,EMP04257,CC0053,AS,2,Step Increment,73944.18,CAD,CAN,2024-05-11 19:00:00,CORE_HR
EVT00081521,2024-05-11,EMP00474,CC0081,PA,2,Leave Start,,CAD,CAN,2024-05-12 02:00:00,CORE_HR
EVT00080084,2024-05-24,EMP04006,CC0069,CR,4,Hire,70255.93,CAD,CAN,2024-05-24 07:00:00,CORE_HR
EVT00080323,2024-05-24,EMP03274,CC0098,AS,1,Step Increment,61445.09,CAD,CAN,2024-05-24 19:00:00,CORE_HR
EVT00080859,2024-05-25,EMP01475,CC0105,CR,3,Leave Start,,AED,AE,2024-05-25 09:00:00,PAYROLL
EVT00081475,2024-05-10,EMP00383,CC0110,EX,1,Leave Return,,CAD,CA,2024-05-10 22:00:00,PAYROLL
EVT00081874,2024-05-10,EMP04006,CC0069,CR,4,Hire,80831.55,CAD,CAN,2024-05-10 07:00:00,CORE_HR
EVT00080313,2024-05-08,EMP01637,CC0081,PA,4,Hire,89785.5,CAD,CAN,2024-05-09 13:00:00,CORE_HR
EVT00080869,2024-05-07,EMP04895,CC0047,AS,4,Hire,65682.23,CAD,CAN,2024-05-07 19:00:00,CORE_HR
EVT00080289,2024-05-25,EMP02412,CC0033,EN,4,Step Increment,138586.05,CAD,CAN,2024-05-26 13:00:00,CORE_HR
EVT00081887,2024-05-24,EMP03852,CC0101,CR,2,Lateral Deployment,,CAD,CA,2024-05-24 16:00:00,PAYROLL
EVT00080386,2024-05-10,EMP05073,CC0003,AS,5,Leave Start,,CAD,CAN,2024-05-10 19:00:00,CORE_HR
EVT00081093,2024-05-03,EMP00383,CC0110,EX,1,Step Increment,148992.25,CAD,CAN,2024-05-03 13:00:00,CORE_HR
EVT00081040,2024-05-06,EMP02210,CC0043,EC,1,Lateral Deployment,,CAD,CA,2024-05-07 00:00:00,PAYROLL
EVT00080503,2024-05-01,EMP04946,CC0102,PA,3,Lateral Deployment,,CAD,CAN,2024-05-02 02:00:00,CORE_HR
EVT00080040,2024-05-06,EMP04375,CC0099,FI,1,Performance Pay,4943.71,CAD,CA,2024-05-06 21:00:00,PAYROLL
EVT00081425,2024-05-25,EMP05073,CC0003,AS,5,Step Increment,99745.15,CAD,CA,2024-05-25 16:00:00,PAYROLL
EVT00080396,2024-05-18,EMP03643,CC0079,EC,3,Step Increment,105636.71,CAD,CAN,2024-05-18 19:00:00,CORE_HR
EVT00080440,2024-05-05,EMP01952,CC0118,IT,2,Step Increment,108543.4,CAD,CAN,2024-05-06 01:00:00,CORE_HR
EVT00080708,2024-05-04,EMP04988,CC0068,EC,4,Leave Return,,CAD,CAN,2024-05-04 22:00:00,CORE_HR
EVT00080420,2024-05-01,EMP04337,CC0004,EC,3,Promotion,96585.87,CAD,CAN,2024-05-01 11:00:00,CORE_HR
EVT00081404,2024-05-16,EMP00606,CC0027,PA,1,Leave Start,,CAD,CA,2024-05-17 01:00:00,PAYROLL
EVT00080312,2024-05-26,EMP00923,CC0118,EX,1,Performance Pay,5889.1,CAD,CA,2024-05-27 03:00:00,PAYROLL
EVT00081576,2024-05-25,EMP04498,CC0048,PA,5,Step Increment,113265.32,CAD,CAN,2024-05-26 07:00:00,CORE_HR
EVT00080989,2024-05-10,EMP03956,CC0042,CR,1,Step Increment,42811.06,CAD,CAN,2024-05-10 15:00:00,CORE_HR
EVT00079941,2024-05-20,EMP04420,CC0083,IT,4,Step Increment,124187.72,CAD,CA,2024-05-20 07:00:00,PAYROLL
EVT00081650,2024-05-11,EMP00845,CC0052,PA,2,Lateral Deployment,,CAD,CA,2024-05-11 21:00:00,PAYROLL
EVT00080945,2024-05-12,EMP00197,CC0100,PA,1,Performance Pay,6259.94,CAD,CA,2024-05-12 21:00:00,PAYROLL
EVT00079982,2024-05-14,EMP04658,CC0074,IT,1,Lateral Deployment,,SGD,SG,2024-05-14 10:00:00,PAYROLL
EVT00081883,2024-05-22,EMP00433,CC0007,FI,1,Step Increment,4429880.18,INR,IN,2024-05-22 14:00:00,PAYROLL
EVT00080316,2024-05-27,EMP02858,CC0011,FI,3,Leave Return,,CAD,CAN,2024-05-28 03:00:00,CORE_HR
EVT00080557,2024-05-09,EMP00183,CC0043,EN,3,Departure,,CAD,CA,2024-05-10 09:00:00,PAYROLL
EVT00081090,2024-05-20,EMP00517,CC0064,IT,2,Step Increment,101898.1,CAD,CAN,2024-05-21 13:00:00,CORE_HR
EVT00081571,2024-05-10,EMP03954,CC0115,FI,3,Leave Start,,CAD,CAN,2024-05-10 14:00:00,CORE_HR
EVT00081554,2024-05-08,EMP03810,CC0038,FI,4,Performance Pay,5016.65,CAD,CAN,2024-05-08 20:00:00,CORE_HR
EVT00081564,2024-05-01,EMP02003,CC0114,EX,1,Leave Start,,CAD,CAN,2024-05-04 17:00:00,CORE_HR
EVT00080164,2024-05-09,EMP02341,CC0117,FI,3,Step Increment,110996.64,CAD,CA,2024-05-10 10:00:00,PAYROLL
EVT00080495,2024-05-12,EMP02167,CC0007,PA,1,Leave Start,,MXN,MEX,2024-05-13 08:00:00,CORE_HR
EVT00080717,2024-05-04,EMP01205,CC0115,AS,2,Step Increment,68752.18,CAD,CAN,2024-05-04 10:00:00,CORE_HR
EVT00081684,2024-05-10,EMP00167,CC0022,FI,1,Leave Return,,CAD,CAN,2024-05-11 10:00:00,CORE_HR
EVT00080181,2024-05-14,EMP03764,CC0104,EN,1,Departure,,CAD,CAN,2024-05-14 13:00:00,CORE_HR
EVT00081829,2024-05-18,EMP01885,CC0072,EC,1,Step Increment,86955.46,CAD,CA,2024-05-18 12:00:00,PAYROLL
EVT00080925,2024-05-23,EMP01225,CC0048,FI,2,Leave Start,,CAD,CAN,2024-05-24 04:00:00,CORE_HR
EVT00080887,2024-05-19,EMP00300,CC0058,PA,3,Lateral Deployment,,CAD,CAN,2024-05-20 14:00:00,CORE_HR
EVT00080189,2024-05-08,EMP03588,CC0085,IT,2,Leave Start,,CAD,CAN,2024-05-09 01:00:00,CORE_HR
EVT00080659,2024-05-03,EMP04970,CC0008,CR,2,Promotion,60734.57,CAD,CAN,2024-05-03 22:00:00,CORE_HR
EVT00082023,2024-05-14,EMP00518,CC0089,CR,1,Performance Pay,6717.23,CAD,CAN,2024-05-15 09:00:00,CORE_HR
EVT00080719,2024-05-15,EMP03571,CC0038,EX,3,Leave Return,,CAD,CAN,2024-05-16 11:00:00,CORE_HR
EVT00080091,2024-05-23,EMP03638,CC0025,PA,1,Leave Return,,CAD,CAN,2024-05-24 04:00:00,CORE_HR
EVT00081205,2024-05-08,EMP04446,CC0092,EN,3,Step Increment,114705.41,CAD,CAN,2024-05-08 08:00:00,CORE_HR
EVT00080239,2024-05-27,EMP02476,CC0064,AS,3,Step Increment,60557.22,CAD,CAN,2024-05-27 14:00:00,CORE_HR
EVT00080090,2024-05-13,EMP02016,CC0068,EX,1,Step Increment,146704.7,CAD,CA,2024-05-14 09:00:00,PAYROLL
EVT00081796,2024-05-11,EMP01064,CC0026,FI,1,Leave Return,,CAD,CA,2024-05-11 11:00:00,PAYROLL
EVT00081861,2024-05-19,EMP99999,CC0109,IT,3,Step Increment,88493.04,CAD,CAN,2024-05-19 17:00:00,CORE_HR
EVT00080752,2024-05-02,EMP00645,CC0076,FI,2,Departure,,CAD,CAN,2024-05-02 22:00:00,CORE_HR
EVT00079957,2024-05-22,EMP03319,CC0026,CR,3,Step Increment,58791.78,CAD,CAN,2024-05-23 14:00:00,CORE_HR
EVT00081341,2024-05-17,EMP03874,CC0093,PA,1,Step Increment,79194.41,CAD,CAN,2024-05-18 12:00:00,CORE_HR
EVT00080695,2024-05-21,EMP01810,CC0008,IT,1,Lateral Deployment,,CAD,CAN,2024-05-21 12:00:00,CORE_HR
EVT00080883,2024-05-18,EMP05169,CC0066,EX,3,Leave Start,,CAD,CA,2024-05-18 08:00:00,PAYROLL
EVT00080918,2024-05-02,EMP04267,CC0062,EN,1,Leave Start,,CAD,CAN,2024-05-03 07:00:00,CORE_HR
EVT00081277,2024-05-13,EMP01967,CC0089,EX,2,Leave Start,,CAD,CAN,2024-05-16 12:00:00,CORE_HR
EVT00080262,2024-05-04,EMP01235,CC0114,EX,2,Step Increment,179989.3,CAD,CA,2024-05-05 05:00:00,PAYROLL
EVT00080415,2024-05-12,EMP01611,CC0086,PA,2,Step Increment,61803.88,EUR,DEU,2024-05-13 07:00:00,CORE_HR
EVT00080567,2024-05-01,EMP03014,CC0091,PA,3,Lateral Deployment,,CAD,CAN,2024-05-02 14:00:00,CORE_HR
EVT00080631,2024-05-21,EMP05010,CC0098,AS,1,Promotion,54819.23,CAD,CA,2024-05-22 01:00:00,PAYROLL
EVT00081008,2024-05-19,EMP02829,CC0028,PA,5,Performance Pay,13183.53,CAD,CAN,2024-05-20 01:00:00,CORE_HR
EVT00081750,2024-05-15,EMP04811,CC0071,PA,3,Leave Return,,CAD,CAN,2024-05-15 15:00:00,CORE_HR
EVT00081673,2024-05-20,EMP01556,CC0049,EN,1,Step Increment,141509.32,AUD,AU,2024-05-20 19:00:00,PAYROLL
EVT00080630,2024-05-24,EMP00330,CC0113,PA,1,Leave Start,,CAD,CAN,2024-05-25 06:00:00,CORE_HR
EVT00081748,2024-05-26,EMP00804,CC0022,EX,2,Step Increment,161856.61,CAD,CAN,2024-05-27 05:00:00,CORE_HR
EVT00080093,2024-05-13,EMP04281,CC0067,EC,2,Leave Start,,CAD,CAN,2024-05-14 14:00:00,CORE_HR
EVT00080496,2024-05-08,EMP03985,CC0019,CR,2,Step Increment,75154.32,CAD,CAN,2024-05-08 11:00:00,CORE_HR
EVT00081505,2024-05-06,EMP00405,CC0033,PA,3,Leave Return,,CAD,CAN,2024-05-07 11:00:00,CORE_HR
EVT00079909,2024-05-21,EMP01553,CC0047,PA,3,Leave Start,,CAD,CA,2024-05-21 19:00:00,PAYROLL
EVT00080764,2024-05-27,EMP02606,CC0004,IT,3,Lateral Deployment,,CAD,CAN,2024-05-27 08:00:00,CORE_HR
EVT00080798,2024-05-16,EMP03509,CC0055,IT,3,Leave Return,,CAD,CAN,2024-05-19 03:00:00,CORE_HR
EVT00081214,2024-05-13,EMP04030,CC0045,EN,4,Departure,,CAD,CA,2024-05-14 05:00:00,PAYROLL
EVT00081762,2024-05-18,EMP02526,CC0014,EC,1,Step Increment,83415.55,CAD,CAN,2024-05-19 02:00:00,CORE_HR
EVT00081328,2024-05-15,EMP00322,CC0053,FI,3,Step Increment,104813.31,CAD,CAN,2024-05-15 21:00:00,CORE_HR
EVT00080578,2024-05-13,EMP00021,CC0052,AS,1,Leave Return,,CAD,CAN,2024-05-13 23:00:00,CORE_HR
EVT00080210,2024-05-02,EMP04186,CC0057,EC,5,Performance Pay,9222.8,CAD,CAN,2024-05-02 14:00:00,CORE_HR
EVT00080399,2024-05-04,EMP04547,CC0060,PA,1,Step Increment,72440.35,CAD,CAN,2024-05-05 15:00:00,CORE_HR
EVT00081527,2024-05-01,EMP02940,CC0051,PA,3,Leave Return,,CAD,CAN,2024-05-01 22:00:00,CORE_HR
EVT00081270,2024-05-04,EMP02884,CC0075,PA,2,Lateral Deployment,,CAD,CA,2024-05-04 15:00:00,PAYROLL
EVT00081306,2024-05-11,EMP03701,CC0069,AS,3,Performance Pay,7816.15,CAD,CAN,2024-05-12 14:00:00,CORE_HR
EVT00081833,2024-05-22,EMP00152,CC0057,FI,4,Leave Return,,CAD,CA,2024-05-22 20:00:00,PAYROLL
EVT00081150,2024-05-07,EMP03607,CC0064,AS,5,Step Increment,95209.7,CAD,CAN,2024-05-07 16:00:00,CORE_HR
EVT00080304,2024-05-16,EMP03254,CC0046,EX,3,Lateral Deployment,,EUR,DEU,2024-05-16 20:00:00,CORE_HR
EVT00081336,2024-05-15,EMP00587,CC0092,IT,1,Leave Return,,CAD,CAN,2024-05-15 10:00:00,CORE_HR
EVT00081911,2024-05-27,EMP00748,CC0101,PA,1,Leave Start,,CAD,CAN,2024-05-28 14:00:00,CORE_HR
EVT00081494,2024-05-20,EMP01156,CC0036,CR,2,Lateral Deployment,,CAD,CAN,2024-05-20 13:00:00,CORE_HR
EVT00080142,2024-05-08,EMP00250,CC0019,CR,1,Performance Pay,6405.13,CAD,CAN,2024-05-09 07:00:00,CORE_HR
EVT00080385,2024-05-24,EMP01173,CC0061,FI,3,Hire,106419.55,CAD,CAN,2024-05-24 09:00:00,CORE_HR
EVT00081233,2024-05-18,EMP03324,CC0016,FI,2,Leave Return,,CAD,CAN,2024-05-18 23:00:00,CORE_HR
EVT00080229,2024-05-18,EMP03859,CC0032,FI,3,Leave Start,,CAD,CA,2024-05-18 17:00:00,PAYROLL
EVT00080626,2024-05-24,EMP05055,CC0086,CR,5,Lateral Deployment,,EUR,DEU,2024-05-25 07:00:00,CORE_HR
EVT00080148,2024-05-02,EMP01112,CC0005,AS,2,Step Increment,71851.71,CAD,CA,2024-05-02 18:00:00,PAYROLL
EVT00080625,2024-05-02,EMP03731,CC0119,EX,2,Step Increment,156857.64,CAD,CAN,2024-05-02 11:00:00,CORE_HR
EVT00081621,2024-05-17,EMP01783,CC0083,PA,2,Step Increment,73108.87,CAD,CAN,2024-05-18 10:00:00,CORE_HR
EVT00081598,2024-05-20,EMP00627,CC0014,CR,3,Performance Pay,6518.77,CAD,CAN,2024-05-21 12:00:00,CORE_HR
EVT00081032,2024-05-08,EMP01295,CC0082,AS,2,Step Increment,51113.74,CAD,CA,2024-05-09 09:00:00,PAYROLL
EVT00081246,2024-05-16,EMP01621,CC0102,PA,1,Step Increment,63596.0,CAD,CA,2024-05-16 10:00:00,PAYROLL
EVT00079950,2024-05-10,EMP02418,CC0037,CR,1,Lateral Deployment,,CAD,CA,2024-05-10 14:00:00,PAYROLL
EVT00081513,2024-05-22,EMP02853,CC0005,PA,2,Lateral Deployment,,CAD,CAN,2024-05-23 03:00:00,CORE_HR
EVT00080205,2024-05-06,EMP02036,CC0029,IT,5,Lateral Deployment,,MXN,MEX,2024-05-07 09:00:00,CORE_HR
EVT00080881,2024-05-27,EMP04722,CC0005,IT,1,Step Increment,89885.98,CAD,CA,2024-05-27 13:00:00,PAYROLL
EVT00081462,2024-05-16,EMP01453,CC0055,EN,3,Step Increment,127226.3,CAD,CAN,2024-05-16 19:00:00,CORE_HR
EVT00080975,2024-05-09,EMP00472,CC0031,FI,2,Hire,236965.19,AED,AE,2024-05-10 15:00:00,PAYROLL
EVT00080165,2024-05-20,EMP02873,CC0003,PA,1,Promotion,71094.68,CAD,CAN,2024-05-21 00:00:00,CORE_HR
EVT00081956,2024-05-06,EMP03425,CC0090,IT,4,Performance Pay,14098.61,CAD,CA,2024-05-06 06:00:00,PAYROLL
EVT00082008,2024-05-17,EMP03617,CC0036,IT,3,Step Increment,120396.71,CAD,CA,2024-05-17 20:00:00,PAYROLL
EVT00080770,2024-05-03,EMP01760,CC0028,PA,4,Step Increment,97103.92,CAD,CAN,2024-05-04 06:00:00,CORE_HR
EVT00081347,2024-05-10,EMP00172,CC0111,PA,5,Departure,,GBP,GBR,2024-05-10 22:00:00,CORE_HR
EVT00080384,2024-05-15,EMP02257,CC0120,EX,1,Leave Return,,CAD,CAN,2024-05-16 00:00:00,CORE_HR
EVT00080525,2024-05-06,EMP03545,CC0003,PA,3,Step Increment,90727.32,CAD,CA,2024-05-07 06:00:00,PAYROLL
EVT00081220,2024-05-16,EMP01081,CC0024,AS,2,Performance Pay,8313.73,CAD,CA,2024-05-16 18:00:00,PAYROLL
EVT00081815,2024-05-20,EMP02861,CC0070,EC,3,Leave Start,,CAD,CAN,2024-05-20 20:00:00,CORE_HR
EVT00080206,2024-05-16,EMP00223,CC0068,IT,2,Step Increment,98098.54,CAD,CA,2024-05-16 19:00:00,PAYROLL
EVT00081817,2024-05-14,EMP00186,CC0030,AS,3,Leave Start,,INR,IND,2024-05-14 14:00:00,CORE_HR
EVT00082028,2024-05-06,EMP02318,CC0043,AS,4,Hire,86414.54,CAD,CA,2024-05-07 01:00:00,PAYROLL
EVT00081078,2024-05-02,EMP02566,CC0077,PA,4,Step Increment,88754.6,CAD,CAN,2024-05-02 23:00:00,CORE_HR
EVT00080259,2024-05-10,EMP02538,CC0012,IT,2,Leave Start,,CAD,CA,2024-05-11 05:00:00,PAYROLL
EVT00080966,2024-05-26,EMP00734,CC0069,EC,4,Leave Return,,CAD,CA,2024-05-27 03:00:00,PAYROLL
EVT00081296,2024-05-08,EMP02912,CC0036,CR,4,Leave Start,,CAD,CA,2024-05-08 09:00:00,PAYROLL
EVT00080802,2024-05-14,EMP02767,CC0102,IT,3,Leave Return,,CAD,CA,2024-05-14 10:00:00,PAYROLL
EVT00080928,2024-05-17,EMP03296,CC0064,IT,3,Leave Start,,CAD,CA,2024-05-19 05:00:00,PAYROLL
EVT00080564,2024-05-19,EMP00084,CC0070,EX,1,Performance Pay,8003.79,CAD,CAN,2024-05-20 06:00:00,CORE_HR
EVT00080667,2024-05-11,EMP00801,CC0023,FI,1,Leave Return,,CAD,CA,2024-05-11 23:00:00,PAYROLL
EVT00081063,2024-05-20,EMP03499,CC0044,CR,2,Performance Pay,3738.36,CAD,CAN,2024-05-20 20:00:00,CORE_HR
EVT00082018,2024-05-03,EMP01880,CC0118,EX,1,Hire,130885.36,CAD,CA,2024-05-04 03:00:00,PAYROLL
EVT00081445,2024-05-15,EMP00359,CC0079,AS,2,Hire,66410.43,CAD,CAN,2024-05-16 08:00:00,CORE_HR
EVT00081329,2024-05-15,EMP04398,CC0089,FI,2,Step Increment,-97255.43,CAD,CAN,2024-05-16 07:00:00,CORE_HR
EVT00081580,2024-05-16,EMP00448,CC0004,CR,3,Performance Pay,8445.75,CAD,CAN,2024-05-17 02:00:00,CORE_HR
EVT00080853,2024-05-08,EMP03851,CC0045,IT,2,Lateral Deployment,,CAD,CA,2024-05-08 21:00:00,PAYROLL
EVT00080016,2024-05-03,EMP02907,CC0045,EN,2,Step Increment,107286.8,CAD,CA,2024-05-03 13:00:00,PAYROLL
EVT00081812,2024-05-16,EMP03668,CC0010,EN,3,Hire,119775.22,CAD,CAN,2024-05-16 23:00:00,CORE_HR
EVT00080581,2024-05-22,EMP02988,CC0038,AS,5,Step Increment,92436.12,CAD,CA,2024-05-23 06:00:00,PAYROLL
EVT00080551,2024-05-21,EMP02000,CC0112,PA,2,Hire,79724.55,CAD,CA,2024-05-21 12:00:00,PAYROLL
EVT00081733,2024-05-09,EMP04351,CC0056,AS,1,Leave Start,,CAD,CAN,2024-05-09 12:00:00,CORE_HR
EVT00081696,2024-05-20,EMP01169,CC0117,CR,4,Step Increment,69904.41,CAD,CAN,2024-05-20 18:00:00,CORE_HR
EVT00080352,2024-05-10,EMP03340,CC0118,PA,4,Lateral Deployment,,CAD,CA,2024-05-10 14:00:00,PAYROLL
EVT00080824,2024-05-17,EMP01975,CC0050,AS,4,Leave Return,,CAD,CA,2024-05-17 21:00:00,PAYROLL
EVT00081860,2024-05-18,EMP00378,CC0012,AS,3,Step Increment,-85874.19,CAD,CAN,2024-05-19 02:00:00,CORE_HR
EVT00081080,2024-05-08,EMP02341,CC0117,FI,3,Hire,96343.43,CAD,CA,2024-05-08 23:00:00,PAYROLL
EVT00080405,2024-05-11,EMP04482,CC0096,FI,2,Promotion,88290.12,CAD,CA,2024-05-12 01:00:00,PAYROLL
EVT00081946,2024-05-20,EMP04676,CC0098,IT,1,Leave Return,,CAD,CAN,2024-05-20 16:00:00,CORE_HR
EVT00081630,2024-05-01,EMP00183,CC0043,EN,3,Hire,121689.81,CAD,CA,2024-05-02 01:00:00,PAYROLL
EVT00080358,2024-05-07,EMP00949,CC0016,EC,2,Lateral Deployment,,CAD,CAN,2024-05-08 00:00:00,CORE_HR
EVT00080464,2024-05-20,EMP04695,CC0064,EC,3,Performance Pay,5325.72,CAD,CAN,2024-05-20 07:00:00,CORE_HR
EVT00080233,2024-05-23,EMP03095,CC0046,IT,2,Step Increment,10695426.88,XXX,JPN,2024-05-23 19:00:00,CORE_HR
EVT00080661,2024-05-24,EMP00688,CC0109,IT,3,Leave Start,,CAD,CAN,2024-05-24 22:00:00,CORE_HR
EVT00081818,2024-05-22,EMP01144,CC0107,IT,2,Step Increment,94548.6,CAD,CAN,2024-05-22 17:00:00,CORE_HR
EVT00080723,2024-05-25,EMP02203,CC0072,EX,1,Step Increment,144849.17,CAD,CAN,2024-05-25 14:00:00,CORE_HR
EVT00079972,2024-05-02,EMP00283,CC0013,EC,3,Departure,,CAD,CAN,2024-05-02 19:00:00,CORE_HR
EVT00081479,2024-05-02,EMP01255,CC0056,EX,1,Departure,,CAD,CAN,2024-05-02 11:00:00,CORE_HR
EVT00080976,2024-05-01,EMP05130,CC0030,EC,2,Step Increment,142991.78,AUD,AUS,2024-05-02 05:00:00,CORE_HR
EVT00081915,2024-05-25,EMP02976,CC0091,PA,1,Step Increment,65924.57,CAD,CA,2024-05-26 11:00:00,PAYROLL
EVT00081561,2024-05-08,EMP03765,CC0033,EX,2,Lateral Deployment,,CAD,CAN,2024-05-09 00:00:00,CORE_HR
EVT00080575,2024-05-19,EMP04109,CC0034,PA,1,Performance Pay,7720.6,CAD,CA,2024-05-20 05:00:00,PAYROLL
EVT00080420,2024-05-01,EMP04337,CC0004,EC,3,Promotion,96585.87,CAD,CAN,2024-05-04 08:00:00,CORE_HR
EVT00081999,2024-05-01,EMP01043,CC0111,EX,3,Step Increment,124498.71,GBP,GBR,2024-05-01 19:00:00,CORE_HR
EVT00081077,2024-05-24,EMP03099,CC0034,EN,2,Step Increment,110502.29,CAD,CAN,2024-05-25 06:00:00,CORE_HR
EVT00082012,2024-05-19,EMP04279,CC0115,PA,5,Leave Start,,CAD,CA,2024-05-20 10:00:00,PAYROLL
EVT00080183,2024-05-09,EMP02513,CC0041,AS,4,Step Increment,84159.09,CAD,CAN,2024-05-10 09:00:00,CORE_HR
EVT00081398,2024-05-27,EMP00367,CC0097,FI,4,Step Increment,113926.5,CAD,CA,2024-05-27 07:00:00,PAYROLL
EVT00081169,2024-05-16,EMP01915,CC0025,IT,3,Promotion,106736.54,CAD,CAN,2024-05-17 04:00:00,CORE_HR
EVT00081235,2024-05-16,EMP03114,CC0056,PA,3,Lateral Deployment,,CAD,CAN,2024-05-16 10:00:00,CORE_HR
EVT00081669,2024-05-08,EMP01275,CC0075,EN,4,Step Increment,128948.56,CAD,CAN,2024-05-08 08:00:00,CORE_HR
EVT00080923,2024-05-05,EMP04466,CC0109,PA,3,Leave Return,,CAD,CA,2024-05-06 12:00:00,PAYROLL
EVT00081663,2024-05-07,EMP00675,CC0046,AS,1,Step Increment,5752222.56,JPY,JP,2024-05-08 11:00:00,PAYROLL
EVT00080320,2024-05-23,EMP01123,CC0085,IT,3,Step Increment,118981.88,CAD,CAN,2024-05-24 08:00:00,CORE_HR
EVT00081843,2024-05-14,EMP01725,CC0007,CR,5,Lateral Deployment,,EUR,FRA,2024-05-14 21:00:00,CORE_HR
EVT00080329,2024-05-05,EMP02978,CC0025,FI,4,Leave Start,,CAD,CA,2024-05-06 13:00:00,PAYROLL
EVT00080894,2024-05-23,EMP03233,CC0101,FI,3,Step Increment,102072.6,CAD,CA,2024-05-23 21:00:00,PAYROLL
EVT00081824,2024-05-08,EMP03252,CC0072,AS,3,Hire,68839.56,CAD,CAN,2024-05-09 02:00:00,CORE_HR
EVT00081394,2024-05-11,EMP00711,CC0070,PA,4,Performance Pay,4933.43,CAD,CAN,2024-05-12 10:00:00,CORE_HR
EVT00079991,2024-05-07,EMP00700,CC0111,EN,3,Step Increment,6973921.82,INR,IN,2024-05-07 11:00:00,PAYROLL
EVT00081174,2024-05-20,EMP04294,CC0078,IT,3,Departure,,CAD,CA,2024-05-20 22:00:00,PAYROLL
EVT00081731,2024-05-03,EMP03667,CC0095,EN,1,Performance Pay,7200.84,CAD,CAN,2024-05-04 05:00:00,CORE_HR
EVT00080656,2024-05-22,EMP00477,CC0061,IT,2,Hire,94566.34,CAD,CAN,2024-05-23 00:00:00,CORE_HR
EVT00080156,2024-05-09,EMP00830,CC0057,PA,1,Step Increment,78049.35,CAD,CA,2024-05-09 18:00:00,PAYROLL
EVT00080899,2024-05-12,EMP01319,CC0109,EX,1,Leave Start,,CAD,CAN,2024-05-12 19:00:00,CORE_HR
EVT00080513,2024-05-07,EMP02927,CC0100,FI,2,Hire,70934.32,CAD,CAN,2024-05-07 17:00:00,CORE_HR
EVT00080441,2024-05-11,EMP04710,CC0044,EX,1,Step Increment,152994.03,CAD,CAN,2024-05-12 07:00:00,CORE_HR
EVT00081021,2024-05-21,EMP02938,CC0116,AS,1,Leave Return,,CAD,CAN,2024-05-21 20:00:00,CORE_HR
EVT00081898,2024-05-12,EMP00728,CC0101,EX,2,Lateral Deployment,,CAD,CA,2024-05-12 06:00:00,PAYROLL
EVT00080979,2024-05-08,EMP02244,CC0115,AS,2,Hire,62032.5,CAD,CAN,2024-05-08 13:00:00,CORE_HR
EVT00081431,2024-05-08,EMP01959,CC0065,AS,2,Step Increment,54467.92,EUR,DEU,2024-05-09 01:00:00,CORE_HR
EVT00081172,2024-05-03,EMP04973,CC0085,AS,4,Performance Pay,10457.63,CAD,CA,2024-05-04 05:00:00,PAYROLL
EVT00081676,2024-05-19,EMP01691,CC0107,FI,3,Step Increment,82817.05,CAD,CA,2024-05-20 13:00:00,PAYROLL
EVT00080133,2024-05-16,EMP00259,CC0094,EC,2,Departure,,CAD,CAN,2024-05-16 20:00:00,CORE_HR
EVT00080258,2024-05-10,EMP02679,CC0063,EX,1,Leave Start,,CAD,CAN,2024-05-10 10:00:00,CORE_HR
EVT00080640,2024-05-16,EMP02453,CC0073,IT,1,Lateral Deployment,,CAD,CAN,2024-05-17 05:00:00,CORE_HR
EVT00081105,2024-05-25,EMP04835,CC0047,PA,1,Step Increment,65231.77,CAD,CA,2024-05-25 14:00:00,PAYROLL
EVT00080056,2024-05-08,EMP05113,CC0080,EC,4,Promotion,-90538.61,EUR,DE,2024-05-09 03:00:00,PAYROLL
EVT00080592,2024-05-15,EMP99999,CC0024,PA,1,Performance Pay,3830.7,CAD,CAN,2024-05-15 14:00:00,CORE_HR
EVT00081241,2024-05-21,EMP03851,CC0045,IT,2,Step Increment,105996.29,CAD,CA,2024-05-21 21:00:00,PAYROLL
EVT00080363,2024-05-05,EMP00488,CC0023,FI,1,Step Increment,70304.29,CAD,CA,2024-05-05 17:00:00,PAYROLL
EVT00080068,2024-05-19,EMP01506,CC0074,PA,1,Hire,49254.33,USD,US,2024-05-20 06:00:00,PAYROLL
EVT00081713,2024-05-17,EMP01485,CC0088,EN,4,Promotion,82533.88,EUR,FRA,2024-05-17 06:00:00,CORE_HR
EVT00081953,2024-05-27,EMP01344,CC0040,AS,3,Performance Pay,6286.75,CAD,CA,2024-05-27 20:00:00,PAYROLL
EVT00080552,2024-05-01,EMP03759,CC0025,EC,2,Lateral Deployment,,CAD,CAN,2024-05-01 22:00:00,CORE_HR
EVT00081866,2024-05-17,EMP04222,CC0047,IT,1,Performance Pay,6823.09,CAD,CA,2024-05-18 03:00:00,PAYROLL
EVT00080805,2024-05-19,EMP00654,CC0068,EN,1,Leave Start,,CAD,CAN,2024-05-19 06:00:00,CORE_HR
EVT00081020,2024-05-22,EMP02811,CC0023,IT,2,Step Increment,100324.58,CAD,CAN,2024-05-22 15:00:00,CORE_HR
EVT00081565,2024-05-26,EMP02970,CC0047,AS,2,Promotion,72592.63,CAD,CAN,2024-05-26 09:00:00,CORE_HR
EVT00080868,2024-05-14,EMP00234,CC0032,EC,3,Leave Return,,CAD,CAN,2024-05-16 18:00:00,CORE_HR
EVT00081194,2024-05-26,EMP00593,CC0075,FI,3,Leave Start,,CAD,CAN,2024-05-27 03:00:00,CORE_HR
EVT00081838,2024-05-10,EMP04278,CC0039,FI,2,Leave Start,,CAD,CAN,2024-05-10 11:00:00,CORE_HR
EVT00081774,2024-05-24,EMP02329,CC0021,PA,1,Departure,,CAD,CA,2024-05-24 11:00:00,PAYROLL
EVT00081656,2024-05-02,EMP01547,CC0093,PA,3,Departure,,CAD,CA,2024-05-02 09:00:00,PAYROLL
EVT00080821,2024-05-14,EMP00763,CC0081,IT,2,Lateral Deployment,,CAD,CA,2024-05-15 06:00:00,PAYROLL
EVT00080204,2024-05-12,EMP01039,CC0052,EN,1,Leave Start,,CAD,CA,2024-05-12 20:00:00,PAYROLL
EVT00081240,2024-05-13,EMP04351,CC0056,AS,1,Leave Start,,CAD,CA,2024-05-13 10:00:00,PAYROLL
EVT00080357,2024-05-27,EMP02559,CC0104,EX,1,Promotion,146663.78,CAD,CA,2024-05-27 15:00:00,PAYROLL
EVT00080595,2024-05-12,EMP03982,CC0014,EC,1,Step Increment,84442.61,CAD,CAN,2024-05-13 10:00:00,CORE_HR
EVT00080637,2024-05-24,EMP04419,CC0067,PA,2,Step Increment,75115.15,CAD,CAN,2024-05-24 20:00:00,CORE_HR
EVT00081064,2024-05-26,EMP03908,CC0026,EN,2,Step Increment,106529.88,CAD,CA,2024-05-27 14:00:00,PAYROLL
EVT00081607,2024-05-11,EMP01598,CC0104,EX,1,Promotion,108847.69,CAD,CAN,2024-05-12 22:00:00,CORE_HR
EVT00081207,2024-05-25,EMP01788,CC0077,PA,2,Step Increment,70125.25,CAD,CAN,2024-05-26 11:00:00,CORE_HR
EVT00081489,2024-05-08,EMP03903,CC0034,FI,4,Departure,,CAD,CAN,2024-05-08 14:00:00,CORE_HR
EVT00080254,2024-05-16,EMP04006,CC0069,CR,4,Leave Start,,CAD,CA,2024-05-17 12:00:00,PAYROLL
EVT00081050,2024-05-20,EMP04845,CC0008,EC,3,Lateral Deployment,,CAD,CA,2024-05-21 09:00:00,PAYROLL
EVT00081054,2024-05-23,EMP04427,CC0120,IT,4,Step Increment,128097.08,CAD,CAN,2024-05-24 01:00:00,CORE_HR
EVT00080499,2024-05-15,EMP03105,CC0002,PA,1,Performance Pay,3029.52,CAD,CA,2024-05-16 12:00:00,PAYROLL
EVT00080108,2024-05-07,EMP00288,CC0100,CR,4,Step Increment,71842.29,CAD,CA,2024-05-07 10:00:00,PAYROLL
EVT00080059,2024-05-24,EMP03973,CC0025,EX,3,Step Increment,181788.28,CAD,CAN,2024-05-24 12:00:00,CORE_HR
EVT00081590,2024-05-18,EMP04281,CC0067,EC,2,Departure,,CAD,CAN,2024-05-18 20:00:00,CORE_HR
EVT00081097,2024-05-16,EMP05104,CC0046,IT,1,Leave Return,,EUR,FRA,2024-05-17 22:00:00,CORE_HR
EVT00081694,2024-05-05,EMP00519,CC0041,EC,3,Step Increment,128450.26,CAD,CAN,2024-05-06 11:00:00,CORE_HR
EVT00081840,2024-05-06,EMP04381,CC0044,AS,5,Lateral Deployment,,CAD,CA,2024-05-07 15:00:00,PAYROLL
EVT00081101,2024-05-23,EMP03406,CC0045,EC,5,Leave Return,,CAD,CA,2024-05-24 04:00:00,PAYROLL
EVT00080214,2024-05-14,EMP03093,CC0079,EN,1,Leave Return,,CAD,CA,2024-05-14 13:00:00,PAYROLL
EVT00079952,2024-05-21,EMP03012,CC0014,AS,3,Performance Pay,7154.67,CAD,CAN,2024-05-21 07:00:00,CORE_HR
EVT00081631,2024-05-09,EMP01905,CC0118,AS,4,Leave Start,,CAD,CAN,2024-05-10 09:00:00,CORE_HR
EVT00080034,2024-05-18,EMP02172,CC0102,IT,1,Leave Return,,CAD,CAN,2024-05-19 04:00:00,CORE_HR
EVT00081454,2024-05-23,EMP03137,CC0051,EC,3,Step Increment,102650.56,CAD,CA,2024-05-24 07:00:00,PAYROLL
EVT00080476,2024-05-04,EMP02800,CC0083,PA,2,Step Increment,65794.9,CAD,CA,2024-05-04 22:00:00,PAYROLL
EVT00080270,2024-05-27,EMP01258,CC0049,PA,2,Step Increment,8071788.91,KES,KEN,2024-05-28 10:00:00,CORE_HR
EVT00081830,2024-05-16,EMP03185,CC0021,IT,4,Step Increment,128407.04,CAD,CA,2024-05-17 03:00:00,PAYROLL
EVT00082015,2024-05-25,EMP03137,CC0051,EC,3,Leave Start,,CAD,CA,2024-05-26 00:00:00,PAYROLL
EVT00079977,2024-05-15,EMP00326,CC0017,IT,3,Step Increment,87373.4,CAD,CA,2024-05-15 18:00:00,PAYROLL
EVT00080395,2024-05-02,EMP04633,CC0046,FI,1,Leave Start,,SGD,SG,2024-05-03 01:00:00,PAYROLL
EVT00080703,2024-05-03,EMP01540,CC0105,PA,3,Step Increment,328253.86,BRL,BR,2024-05-04 07:00:00,PAYROLL
EVT00080369,2024-05-19,EMP00540,CC0003,EN,1,Leave Return,,CAD,CAN,2024-05-19 22:00:00,CORE_HR
EVT00080314,1900-01-01,EMP02765,CC0076,AS,4,Leave Start,,CAD,CAN,2024-05-09 17:00:00,CORE_HR
EVT00080545,2024-05-22,EMP01437,CC0047,AS,3,Departure,,CAD,CA,2024-05-22 12:00:00,PAYROLL
EVT00081792,2024-05-09,EMP00440,CC0097,EX,2,Leave Start,,CAD,CAN,2024-05-10 04:00:00,CORE_HR
EVT00081354,2024-05-04,EMP00542,CC0117,EX,1,Departure,,CAD,CA,2024-05-04 13:00:00,PAYROLL
EVT00080800,2024-05-07,EMP02681,CC0079,FI,2,Promotion,94556.26,CAD,CA,2024-05-07 07:00:00,PAYROLL
EVT00081380,2024-05-09,EMP02487,CC0024,EX,3,Leave Return,,CAD,CA,2024-05-10 11:00:00,PAYROLL
EVT00081855,2024-05-02,EMP04203,CC0068,CR,1,Step Increment,54524.08,CAD,CA,2024-05-03 05:00:00,PAYROLL
EVT00080035,2024-05-19,EMP02028,CC0076,AS,1,Hire,60727.81,CAD,CAN,2024-05-20 08:00:00,CORE_HR
EVT00081095,2024-05-25,EMP00975,CC0069,IT,1,Leave Start,,CAD,CA,2024-05-25 10:00:00,PAYROLL
EVT00081234,2024-05-07,EMP01479,CC0114,IT,1,Departure,,CAD,CAN,2024-05-08 12:00:00,CORE_HR
EVT00081117,2024-05-19,EMP03574,CC0081,PA,2,Performance Pay,8573.63,CAD,CAN,2024-05-19 06:00:00,CORE_HR
EVT00080718,2024-05-15,EMP04190,CC0009,CR,2,Lateral Deployment,,KES,KE,2024-05-16 11:00:00,PAYROLL
EVT00080487,2024-05-09,EMP04798,CC0072,IT,4,Leave Start,,CAD,CAN,2024-05-10 14:00:00,CORE_HR
EVT00080041,2024-05-23,EMP03722,CC0028,AS,1,Step Increment,56132.89,CAD,CAN,2024-05-23 09:00:00,CORE_HR
EVT00080577,2024-05-06,EMP00194,CC0005,PA,2,Step Increment,69813.07,CAD,CAN,2024-05-06 19:00:00,CORE_HR
EVT00080870,2024-05-17,EMP01069,CC0116,EC,3,Leave Start,,CAD,CA,2024-05-18 15:00:00,PAYROLL
EVT00080605,2024-05-24,EMP03847,CC0034,FI,1,Hire,82774.44,CAD,CA,2024-05-25 07:00:00,PAYROLL
EVT00080131,2024-05-14,EMP00083,CC0096,PA,1,Step Increment,63975.8,CAD,CA,2024-05-15 14:00:00,PAYROLL
EVT00079992,2024-05-13,EMP03974,CC0003,EN,2,Step Increment,97952.33,CAD,CAN,2024-05-13 06:00:00,CORE_HR
EVT00081257,2024-05-07,EMP02104,CC0084,EX,1,Step Increment,148056.3,CAD,CAN,2024-05-08 08:00:00,CORE_HR
EVT00081705,2024-05-12,EMP02719,CC0114,EX,1,Step Increment,142358.96,CAD,CAN,2024-05-12 22:00:00,CORE_HR
EVT00080179,2024-05-25,EMP05070,CC0055,CR,4,Performance Pay,9108.49,CAD,CAN,2024-05-26 04:00:00,CORE_HR
EVT00081084,2024-05-05,EMP04995,CC0017,CR,2,Step Increment,55548.44,CAD,CAN,2024-05-06 07:00:00,CORE_HR
EVT00080296,2024-05-21,EMP03837,CC0103,IT,5,Promotion,139141.07,CAD,CAN,2024-05-22 09:00:00,CORE_HR
EVT00081420,2024-05-22,EMP03232,CC0120,IT,2,Performance Pay,4678.07,CAD,CAN,2024-05-25 01:00:00,CORE_HR
EVT00081274,2024-05-02,EMP03057,CC0117,IT,1,Step Increment,90133.83,CAD,CA,2024-05-03 09:00:00,PAYROLL
EVT00081808,2024-05-07,EMP01922,CC0101,IT,2,Lateral Deployment,,CAD,CAN,2024-05-07 11:00:00,CORE_HR
EVT00081428,2024-05-12,EMP03045,CC0065,FI,1,Leave Return,,EUR,DEU,2024-05-13 15:00:00,CORE_HR
EVT00080504,2024-05-15,EMP03422,CC0046,PA,1,Performance Pay,321838.45,INR,IN,2024-05-16 07:00:00,PAYROLL
EVT00081345,2024-05-25,EMP01675,CC0092,PA,2,Leave Return,,CAD,CA,2024-05-26 12:00:00,PAYROLL
EVT00080818,2024-05-04,EMP02013,CC0116,AS,4,Step Increment,75929.26,CAD,CAN,2024-05-04 09:00:00,CORE_HR
EVT00079976,2024-05-16,EMP03509,CC0055,IT,3,Leave Return,,CAD,CAN,2024-05-17 08:00:00,CORE_HR
EVT00080015,2024-05-22,EMP02624,CC0018,CR,2,Promotion,51370.06,CAD,CAN,2024-05-23 12:00:00,CORE_HR
EVT00080064,2024-05-18,EMP01819,CC0096,PA,2,Lateral Deployment,,CAD,CAN,2024-05-21 19:00:00,CORE_HR
EVT00081275,2024-05-03,EMP02886,CC0072,AS,2,Performance Pay,7886.78,CAD,CA,2024-05-03 13:00:00,PAYROLL
EVT00080264,2024-05-18,EMP03076,CC0015,FI,1,Performance Pay,9141.31,CAD,CA,2024-05-19 10:00:00,PAYROLL
EVT00081012,2024-05-19,EMP03322,CC0120,EN,4,Lateral Deployment,,CAD,CAN,2024-05-20 15:00:00,CORE_HR
EVT00079945,2024-05-23,EMP04021,CC0096,FI,3,Promotion,105943.56,CAD,CAN,2024-05-23 21:00:00,CORE_HR
EVT00081765,2024-05-03,EMP03958,CC0082,AS,1,Lateral Deployment,,CAD,CA,2024-05-03 10:00:00,PAYROLL
EVT00080180,2024-05-22,EMP01171,CC0068,CR,1,Hire,59374.35,CAD,CAN,2024-05-23 14:00:00,CORE_HR
EVT00079927,2024-05-19,EMP03953,CC0063,EN,2,Performance Pay,9938.52,CAD,CA,2024-05-20 11:00:00,PAYROLL
EVT00081758,2024-05-02,EMP01872,CC0088,FI,3,Step Increment,159543.88,AUD,AU,2024-05-02 18:00:00,PAYROLL
EVT00080919,2024-05-23,EMP01959,CC0065,AS,2,Step Increment,4835149.23,INR,IND,2024-05-23 20:00:00,CORE_HR
EVT00081430,2024-05-09,EMP01535,CC0061,PA,2,Step Increment,81497.65,CAD,CAN,2024-05-09 23:00:00,CORE_HR
EVT00080168,2024-05-06,EMP00149,CC0020,FI,1,Step Increment,77540.05,CAD,CA,2024-05-07 06:00:00,PAYROLL
EVT00081107,2024-05-13,EMP02822,CC0054,EX,2,Lateral Deployment,,EUR,DEU,2024-05-13 10:00:00,CORE_HR
EVT00080748,2024-05-12,EMP00331,CC0066,PA,3,Leave Return,,CAD,CA,2024-05-13 00:00:00,PAYROLL
EVT00081208,2024-05-06,EMP00843,CC0090,AS,3,Leave Return,,CAD,CA,2024-05-07 11:00:00,PAYROLL
EVT00080913,2024-05-12,EMP00679,CC0029,FI,1,Leave Return,,EUR,DEU,2024-05-13 08:00:00,CORE_HR
EVT00081113,2024-05-01,EMP01754,CC0007,EX,2,Leave Return,,EUR,FRA,2024-05-01 20:00:00,CORE_HR
EVT00081191,2024-05-15,EMP04872,CC0070,EC,3,Step Increment,102027.66,CAD,CAN,2024-05-15 07:00:00,CORE_HR
EVT00081671,2024-05-24,EMP04441,CC0101,EC,2,Hire,98092.35,CAD,CA,2024-05-24 09:00:00,PAYROLL
EVT00080260,2024-05-27,EMP00012,CC0060,FI,3,Hire,101033.06,CAD,CAN,2024-05-27 13:00:00,CORE_HR
EVT00081115,2024-05-24,EMP02725,CC0116,PA,2,Step Increment,77729.1,CAD,CA,2024-05-25 06:00:00,PAYROLL
EVT00080397,2024-05-05,EMP00175,CC0056,IT,1,Step Increment,78901.99,CAD,CAN,2024-05-06 13:00:00,CORE_HR
EVT00080145,2024-05-17,EMP00972,CC0044,EN,1,Hire,82299.64,XXX,CA,2024-05-18 12:00:00,PAYROLL
EVT00080246,2024-05-22,EMP03601,CC0026,CR,3,Leave Return,,CAD,CA,2024-05-23 01:00:00,PAYROLL
EVT00080990,2024-05-13,EMP01497,CC0011,AS,4,Step Increment,85095.86,CAD,CA,2024-05-13 23:00:00,PAYROLL
EVT00079985,2024-05-22,EMP02635,CC0025,EX,2,Hire,124767.1,CAD,CAN,2024-05-22 17:00:00,CORE_HR
EVT00081482,2024-05-15,EMP02382,CC0102,IT,4,Step Increment,121056.8,CAD,CAN,2024-05-15 06:00:00,CORE_HR
EVT00080490,2024-05-18,EMP03238,CC0117,FI,1,Hire,83615.23,CAD,CA,2024-05-19 10:00:00,PAYROLL
EVT00080507,2024-05-10,EMP02572,CC0081,FI,2,Leave Start,,CAD,CAN,2024-05-11 11:00:00,CORE_HR
EVT00080942,2024-05-09,EMP01657,CC0116,IT,3,Performance Pay,14169.24,CAD,CA,2024-05-09 09:00:00,PAYROLL
EVT00080785,2024-05-09,EMP02871,CC0116,IT,1,Lateral Deployment,,CAD,CA,2024-05-10 05:00:00,PAYROLL
EVT00081501,2024-05-11,EMP02265,CC0114,AS,2,Performance Pay,6536.25,CAD,CA,2024-05-12 13:00:00,PAYROLL
EVT00080506,2024-05-13,EMP03444,CC0072,EX,1,Step Increment,146531.34,CAD,CAN,2024-05-14 13:00:00,CORE_HR
EVT00079974,2024-05-19,EMP05136,CC0109,EC,5,Lateral Deployment,,CAD,CA,2024-05-19 13:00:00,PAYROLL
EVT00081099,2024-05-02,EMP02313,CC0087,EC,3,Promotion,107192.63,CAD,CAN,2024-05-02 13:00:00,CORE_HR
EVT00080423,2024-05-17,EMP01237,CC0103,EX,1,Hire,128782.17,CAD,CA,2024-05-18 02:00:00,PAYROLL
EVT00080027,2024-05-27,EMP02113,CC0015,EN,2,Leave Return,,CAD,CA,2024-05-28 05:00:00,PAYROLL
EVT00081221,2024-05-11,EMP01840,CC0054,EC,1,Step Increment,55541.48,USD,US,2024-05-11 07:00:00,PAYROLL
EVT00081339,2024-05-01,EMP02048,CC0035,PA,3,Leave Return,,CAD,CA,2024-05-02 05:00:00,PAYROLL
EVT00080701,2024-05-23,EMP01482,CC0029,CR,1,Departure,,JPY,JP,2024-05-23 18:00:00,PAYROLL
EVT00081486,2024-05-21,EMP01000,CC0112,IT,4,Hire,141402.9,CAD,CA,2024-05-22 14:00:00,PAYROLL
EVT00080534,2024-05-20,EMP02452,CC0014,EC,2,Step Increment,107675.19,CAD,CAN,2024-05-21 07:00:00,CORE_HR
EVT00080042,2024-05-12,EMP00670,CC0049,IT,4,Lateral Deployment,,EUR,DE,2024-05-12 19:00:00,PAYROLL
EVT00081654,2024-05-24,EMP03199,CC0095,EC,4,Leave Start,,CAD,CAN,2024-05-24 18:00:00,CORE_HR
EVT00081317,2024-05-09,EMP03534,CC0078,IT,1,Step Increment,64094.66,CAD,CA,2024-05-09 16:00:00,PAYROLL
EVT00079905,2024-05-21,EMP01752,CC0063,EN,2,Departure,,CAD,CAN,2024-05-21 18:00:00,CORE_HR
EVT00080079,2024-05-06,EMP02847,CC0054,IT,2,Step Increment,6313780.26,INR,IND,2024-05-07 00:00:00,CORE_HR
EVT00080906,2024-05-01,EMP01359,CC0043,PA,1,Lateral Deployment,,CAD,CA,2024-05-02 10:00:00,PAYROLL
EVT00079938,2024-05-06,EMP01608,CC0094,PA,5,Performance Pay,9608.43,CAD,CA,2024-05-06 23:00:00,PAYROLL
EVT00081677,2024-05-13,EMP04373,CC0032,PA,1,Step Increment,69019.15,CAD,CAN,2024-05-14 07:00:00,CORE_HR
EVT00081471,2024-05-13,EMP03946,CC0034,EC,2,Performance Pay,11121.8,CAD,CAN,2024-05-13 11:00:00,CORE_HR
EVT00080757,2024-05-02,EMP03050,CC0017,IT,2,Performance Pay,11446.91,CAD,CA,2024-05-03 10:00:00,PAYROLL
EVT00081655,2024-05-18,EMP03612,CC0097,EC,2,Step Increment,101274.73,CAD,CAN,2024-05-19 03:00:00,CORE_HR
EVT00081856,2024-05-17,EMP02337,CC0115,AS,5,Step Increment,75354.97,CAD,CAN,2024-05-18 12:00:00,CORE_HR
EVT00081638,2024-05-14,EMP03994,CC0082,CR,3,Leave Start,,CAD,CAN,2024-05-14 09:00:00,CORE_HR
EVT00079958,2024-05-20,EMP04233,CC0032,FI,2,Performance Pay,6176.39,CAD,CAN,2024-05-21 10:00:00,CORE_HR
EVT00081941,2024-05-19,EMP02378,CC0044,FI,1,Step Increment,78806.58,CAD,CA,2024-05-20 01:00:00,PAYROLL
EVT00080642,2024-05-25,EMP02856,CC0079,EN,4,Performance Pay,17243.04,CAD,CA,2024-05-26 15:00:00,PAYROLL
EVT00080394,2024-05-20,EMP00148,CC0005,EC,3,Lateral Deployment,,CAD,CA,2024-05-20 22:00:00,PAYROLL
EVT00081814,2024-05-18,EMP02362,CC0116,PA,2,Step Increment,74772.31,CAD,CAN,2024-05-18 12:00:00,CORE_HR
EVT00081563,2024-05-06,EMP99999,CC0079,EC,3,Step Increment,95876.66,CAD,CAN,2024-05-06 17:00:00,CORE_HR
EVT00081053,2024-05-12,EMP00914,CC0081,PA,3,Step Increment,79165.95,CAD,CA,2024-05-13 05:00:00,PAYROLL
EVT00081367,2024-05-06,EMP02121,CC0055,FI,1,Leave Return,,CAD,CA,2024-05-07 11:00:00,PAYROLL
EVT00080256,2024-05-15,EMP03970,CC0098,PA,4,Hire,90437.63,CAD,CAN,2024-05-16 11:00:00,CORE_HR
EVT00081720,2024-05-16,EMP04919,CC0064,FI,3,Step Increment,106696.62,CAD,CAN,2024-05-17 02:00:00,CORE_HR
EVT00081139,2024-05-17,EMP03615,CC0078,CR,2,Step Increment,66506.28,CAD,CA,2024-05-18 08:00:00,PAYROLL
EVT00080947,2024-05-08,EMP04180,CC0022,IT,5,Leave Return,,CAD,CA,2024-05-08 09:00:00,PAYROLL
EVT00082016,2024-05-01,EMP01654,CC0112,FI,2,Performance Pay,8883.56,CAD,CAN,2024-05-01 09:00:00,CORE_HR
EVT00081267,2024-05-08,EMP01926,CC0010,EC,2,Leave Start,,CAD,CAN,2024-05-09 05:00:00,CORE_HR
EVT00081282,2024-05-02,EMP03628,CC0027,EX,2,Performance Pay,7902.4,CAD,CAN,2024-05-03 00:00:00,CORE_HR
EVT00080393,2024-05-18,EMP02381,CC0080,FI,2,Lateral Deployment,,AUD,AU,2024-05-18 14:00:00,PAYROLL
EVT00080342,2024-05-03,EMP04483,CC0119,PA,3,Step Increment,87452.83,CAD,CA,2024-05-04 15:00:00,PAYROLL
EVT00081506,2024-05-10,EMP04533,CC0087,PA,4,Leave Start,,CAD,CAN,2024-05-11 00:00:00,CORE_HR
EVT00080449,2024-05-26,EMP04023,CC0043,PA,2,Leave Return,,CAD,CA,2024-05-27 02:00:00,PAYROLL
EVT00081048,2024-05-14,EMP05102,CC0066,CR,4,Leave Return,,CAD,CA,2024-05-15 14:00:00,PAYROLL
EVT00080175,2024-05-23,EMP01879,CC0089,PA,3,Leave Return,,CAD,CA,2024-05-24 05:00:00,PAYROLL
EVT00080251,2024-05-04,EMP00631,CC0015,AS,1,Step Increment,59470.6,CAD,CAN,2024-05-04 12:00:00,CORE_HR
EVT00080388,2024-05-16,EMP03210,CC0017,EC,4,Leave Start,,CAD,CAN,2024-05-17 12:00:00,CORE_HR
EVT00081841,2024-05-11,EMP00643,CC0120,EN,3,Performance Pay,6198.37,CAD,CAN,2024-05-11 16:00:00,CORE_HR
EVT00080222,2024-05-24,EMP01227,CC0095,EX,1,Performance Pay,18415.63,CAD,CAN,2024-05-25 13:00:00,CORE_HR
EVT00081719,2024-05-05,EMP01308,CC0013,EC,1,Leave Return,,CAD,CA,2024-05-05 10:00:00,PAYROLL
EVT00080185,2024-05-25,EMP03606,CC0001,EN,1,Leave Return,,CAD,CA,2024-05-25 15:00:00,PAYROLL
EVT00081491,2024-05-03,EMP02272,CC0005,CR,5,Leave Return,,CAD,CA,2024-05-03 09:00:00,PAYROLL
EVT00081180,2024-05-07,EMP01549,CC0020,AS,5,Promotion,85813.64,CAD,CA,2024-05-08 09:00:00,PAYROLL
EVT00080571,2024-05-18,EMP04536,CC0060,PA,4,Lateral Deployment,,CAD,CAN,2024-05-19 03:00:00,CORE_HR
EVT00079895,2024-05-05,EMP04278,CC0039,FI,2,Promotion,94612.47,CAD,CA,2024-05-06 00:00:00,PAYROLL
EVT00080238,2024-05-19,EMP02384,CC0074,EN,1,Step Increment,54448.84,EUR,DE,2024-05-19 22:00:00,PAYROLL
EVT00081386,2024-05-25,EMP02181,CC0052,PA,3,Leave Return,,CAD,CA,2024-05-25 11:00:00,PAYROLL
EVT00079939,2024-05-20,EMP00074,CC0030,IT,2,Performance Pay,4915.86,EUR,DEU,2024-05-21 00:00:00,CORE_HR
EVT00080372,2024-05-24,EMP00254,CC0077,AS,5,Step Increment,85838.54,CAD,CAN,2024-05-24 14:00:00,CORE_HR
EVT00080854,2024-05-24,EMP00923,CC0118,EX,1,Hire,141202.72,CAD,CAN,2024-05-24 14:00:00,CORE_HR
EVT00080136,2024-05-11,EMP04939,CC0096,EX,1,Step Increment,139588.73,CAD,CAN,2024-05-12 05:00:00,CORE_HR
EVT00080355,2024-05-14,EMP03395,CC0105,EX,1,Leave Start,,AED,AE,2024-05-15 07:00:00,PAYROLL
EVT00081747,2024-05-16,EMP02953,CC0019,FI,2,Promotion,80191.31,CAD,CAN,2024-05-17 12:00:00,CORE_HR
EVT00081610,2024-05-26,EMP04297,CC0105,PA,2,Step Increment,56763.0,USD,US,2024-05-26 19:00:00,PAYROLL
EVT00080430,2024-05-06,EMP02697,CC0079,IT,1,Leave Return,,CAD,CA,2024-05-07 08:00:00,PAYROLL
EVT00080493,2024-05-21,EMP00584,CC0078,AS,1,Leave Start,,CAD,CA,2024-05-22 06:00:00,PAYROLL
EVT00081334,2024-05-11,EMP02992,CC0116,IT,3,Leave Start,,CAD,CAN,2024-05-11 08:00:00,CORE_HR
EVT00081014,2024-05-18,EMP01494,CC0025,IT,3,Leave Return,,CAD,CAN,2024-05-18 08:00:00,CORE_HR
EVT00081434,2024-05-07,EMP00290,CC0021,EX,1,Step Increment,170153.53,CAD,CAN,2024-05-07 21:00:00,CORE_HR
EVT00080568,2024-05-16,EMP00379,CC0020,AS,3,Step Increment,59621.86,CAD,CA,2024-05-16 11:00:00,PAYROLL
EVT00080538,2024-05-03,EMP04087,CC0061,CR,5,Lateral Deployment,,CAD,CA,2024-05-04 15:00:00,PAYROLL
EVT00080660,2024-05-06,EMP01181,CC0112,FI,4,Leave Start,,CAD,CAN,2024-05-06 08:00:00,CORE_HR
EVT00081132,2024-05-14,EMP04408,CC0048,PA,2,Leave Start,,CAD,CAN,2024-05-15 01:00:00,CORE_HR
EVT00080749,2024-05-01,EMP03782,CC0048,EX,1,Leave Return,,CAD,CAN,2024-05-02 07:00:00,CORE_HR
EVT00081138,2024-05-26,EMP02916,CC0023,CR,2,Lateral Deployment,,CAD,CAN,2024-05-27 02:00:00,CORE_HR
EVT00081167,2024-05-20,EMP00201,CC0110,EC,2,Leave Return,,CAD,CAN,2024-05-20 16:00:00,CORE_HR
EVT00080807,2024-05-06,EMP00997,CC0061,EX,1,Leave Start,,CAD,CAN,2024-05-06 08:00:00,CORE_HR
EVT00080653,2024-05-24,EMP04718,CC0115,CR,1,Step Increment,52138.51,CAD,CA,2024-05-24 18:00:00,PAYROLL
EVT00080318,2024-05-08,EMP03361,CC0113,EC,4,Performance Pay,14076.89,CAD,CA,2024-05-08 18:00:00,PAYROLL
EVT00080145,2024-05-17,EMP00972,CC0044,EN,1,Hire,82299.64,CAD,CA,2024-05-20 18:00:00,PAYROLL
EVT00079910,2024-05-03,EMP03812,CC0113,EX,1,Step Increment,103838.84,CAD,CA,2024-05-04 06:00:00,PAYROLL
EVT00081363,2024-05-10,EMP02550,CC0088,EN,4,Step Increment,8206676.57,INR,IND,2024-05-10 19:00:00,CORE_HR
EVT00079894,2024-05-05,EMP04149,CC0102,PA,2,Performance Pay,10106.88,CAD,CAN,2024-05-06 10:00:00,CORE_HR
EVT00081697,2024-05-24,EMP05185,CC0026,AS,2,Leave Return,,CAD,CA,2024-05-24 12:00:00,PAYROLL
EVT00080447,2024-05-22,EMP00055,CC0068,IT,1,Leave Return,,CAD,CAN,2024-05-22 14:00:00,CORE_HR
EVT00080278,2024-05-05,EMP01383,CC0114,CR,2,Performance Pay,5725.74,CAD,CAN,2024-05-05 23:00:00,CORE_HR
EVT00081082,2024-05-04,EMP00333,CC0108,IT,3,Performance Pay,499758.95,INR,IND,2024-05-05 02:00:00,CORE_HR
EVT00080299,2024-05-03,EMP01460,CC0080,FI,2,Step Increment,139284.3,AUD,AUS,2024-05-03 09:00:00,CORE_HR
EVT00081935,2024-05-06,EMP04856,CC0082,CR,1,Promotion,53463.66,CAD,CAN,2024-05-07 13:00:00,CORE_HR
EVT00080359,2024-05-03,EMP02192,CC0044,EX,1,Performance Pay,8958.06,CAD,CA,2024-05-03 20:00:00,PAYROLL
EVT00080705,2024-05-10,EMP04499,CC0103,AS,1,Leave Start,,CAD,CAN,2024-05-11 10:00:00,CORE_HR
EVT00080836,2024-05-14,EMP00706,CC0037,AS,1,Step Increment,52408.31,CAD,CAN,2024-05-14 15:00:00,CORE_HR
EVT00081300,2024-05-15,EMP01556,CC0049,EN,1,Leave Start,,JPY,JP,2024-05-16 12:00:00,PAYROLL
EVT00080720,2024-05-11,EMP01124,CC0072,EX,1,Leave Return,,CAD,CAN,2024-05-11 18:00:00,CORE_HR
EVT00081608,2024-05-10,EMP04271,CC0032,IT,1,Leave Start,,CAD,CA,2024-05-10 23:00:00,PAYROLL
EVT00080607,2024-05-03,EMP00329,CC0086,IT,2,Step Increment,68817.76,GBP,GBR,2024-05-04 02:00:00,CORE_HR
EVT00081030,2024-05-19,EMP01388,CC0053,PA,3,Performance Pay,7666.87,CAD,CAN,2024-05-19 12:00:00,CORE_HR
EVT00081449,2024-05-24,EMP01526,CC0019,AS,2,Step Increment,69043.33,CAD,CAN,2024-05-25 01:00:00,CORE_HR
EVT00081741,2024-05-11,EMP01170,CC0088,PA,5,Promotion,319869.47,AED,ARE,2024-05-15 01:00:00,CORE_HR
EVT00081478,2024-05-22,EMP04520,CC0057,PA,3,Leave Start,,CAD,CA,2024-05-22 21:00:00,PAYROLL
EVT00081410,2024-05-24,EMP01230,CC0009,PA,1,Step Increment,55744.74,EUR,DEU,2024-05-24 14:00:00,CORE_HR
EVT00081251,2024-05-22,EMP03596,CC0073,EC,2,Leave Return,,CAD,CAN,2024-05-22 07:00:00,CORE_HR
EVT00081811,2024-05-20,EMP00043,CC0092,EC,3,Performance Pay,4579.4,CAD,CA,2024-05-21 02:00:00,PAYROLL
EVT00081304,2024-05-21,EMP02657,CC0003,FI,3,Departure,,CAD,CA,2024-05-22 00:00:00,PAYROLL
EVT00081415,2024-05-23,EMP03180,CC0062,AS,2,Step Increment,63314.64,CAD,CAN,2024-05-23 17:00:00,CORE_HR
EVT00080368,2024-05-16,EMP02888,CC0052,CR,2,Step Increment,57254.46,CAD,CA,2024-05-17 12:00:00,PAYROLL
EVT00081408,2024-05-27,EMP01562,CC0046,CR,4,Step Increment,52126.37,SGD,SG,2024-05-27 23:00:00,PAYROLL
EVT00080310,2024-05-15,EMP00999,CC0086,EC,3,Step Increment,77209.79,EUR,FRA,2024-05-15 20:00:00,CORE_HR
EVT00081795,2024-05-22,EMP03130,CC0012,EC,3,Lateral Deployment,,CAD,CAN,2024-05-22 09:00:00,CORE_HR
EVT00081311,2024-05-27,EMP03090,CC0107,CR,2,Step Increment,56876.09,CAD,CAN,2024-05-27 16:00:00,CORE_HR
EVT00080277,2024-05-12,EMP00575,CC0025,AS,3,Step Increment,77033.9,CAD,CAN,2024-05-13 10:00:00,CORE_HR
EVT00080954,2024-05-21,EMP04115,CC0099,IT,5,Step Increment,148749.85,CAD,CA,2024-05-22 06:00:00,PAYROLL
EVT00080798,2024-05-16,EMP03509,CC0055,IT,3,Leave Return,,CAD,CAN,2024-05-16 10:00:00,CORE_HR
EVT00081994,2024-05-01,EMP01169,CC0117,CR,4,Leave Return,,CAD,CA,2024-05-02 00:00:00,PAYROLL
EVT00081019,2024-05-25,EMP01249,CC0095,EX,1,Step Increment,155707.32,CAD,CAN,2024-05-26 05:00:00,CORE_HR
EVT00080231,2024-05-25,EMP05102,CC0066,CR,4,Step Increment,71744.22,CAD,CA,2024-05-25 07:00:00,PAYROLL
EVT00080958,2024-05-05,EMP03465,CC0052,FI,3,Step Increment,98984.86,CAD,CAN,2024-05-05 23:00:00,CORE_HR
EVT00081904,2024-05-12,EMP05046,CC0017,PA,1,Departure,,CAD,CAN,2024-05-12 20:00:00,CORE_HR
EVT00081512,2024-05-20,EMP02123,CC0057,IT,5,Departure,,CAD,CA,2024-05-20 20:00:00,PAYROLL
EVT00080751,2024-05-11,EMP04379,CC0029,FI,4,Hire,90149.47,EUR,DE,2024-05-11 13:00:00,PAYROLL
EVT00080778,2024-05-23,EMP00809,CC0062,EX,1,Leave Start,,CAD,CA,2024-05-24 13:00:00,PAYROLL
EVT00080474,2024-05-17,EMP01500,CC0044,IT,2,Step Increment,105789.75,CAD,CA,2024-05-18 09:00:00,PAYROLL
EVT00081547,2024-05-07,EMP04643,CC0003,AS,5,Hire,98438.0,CAD,CA,2024-05-08 02:00:00,PAYROLL
EVT00082010,2024-05-12,EMP03925,CC0074,CR,3,Lateral Deployment,,AUD,AU,2024-05-13 13:00:00,PAYROLL
EVT00080647,2024-05-02,EMP04625,CC0022,PA,3,Performance Pay,11439.19,CAD,CAN,2024-05-03 07:00:00,CORE_HR
EVT00081681,2024-05-01,EMP00996,CC0074,EC,3,Step Increment,77268.0,SGD,SGP,2024-05-01 17:00:00,CORE_HR
EVT00081846,2024-05-02,EMP02251,CC0101,EC,3,Step Increment,96681.76,CAD,CA,2024-05-03 10:00:00,PAYROLL
EVT00079979,2024-05-03,EMP00184,CC0039,PA,1,Departure,,CAD,CA,2024-05-03 10:00:00,PAYROLL
EVT00080198,2024-05-11,EMP01570,CC0070,EN,2,Step Increment,84227.77,CAD,CAN,2024-05-11 19:00:00,CORE_HR
EVT00080615,2024-05-12,EMP01508,CC0110,PA,3,Step Increment,69462.4,CAD,CA,2024-05-12 09:00:00,PAYROLL
EVT00080585,2024-05-21,EMP00859,CC0080,PA,1,Leave Start,,EUR,FR,2024-05-21 06:00:00,PAYROLL
EVT00080949,2024-05-15,EMP04435,CC0118,AS,5,Leave Return,,CAD,CA,2024-05-15 15:00:00,PAYROLL
EVT00080096,2024-05-12,EMP02330,CC0044,EN,4,Leave Return,,CAD,CA,2024-05-12 11:00:00,PAYROLL
EVT00080865,2024-05-11,EMP03845,CC0057,IT,1,Leave Start,,CAD,CAN,2024-05-11 18:00:00,CORE_HR
EVT00081645,2024-05-11,EMP04690,CC0086,EN,3,Leave Return,,JPY,JPN,2024-05-12 12:00:00,CORE_HR
EVT00080670,2024-05-11,EMP04325,CC0022,PA,4,Promotion,93785.22,CAD,CAN,2024-05-12 01:00:00,CORE_HR
EVT00080830,2024-05-27,EMP04037,CC0060,EN,2,Promotion,92599.94,CAD,CAN,2024-05-27 19:00:00,CORE_HR
EVT00079900,2024-05-12,EMP01458,CC0078,EX,1,Step Increment,144544.27,CAD,CAN,2024-05-12 16:00:00,CORE_HR
EVT00080492,2024-05-06,EMP01318,CC0101,PA,2,Step Increment,62887.23,CAD,CA,2024-05-06 20:00:00,PAYROLL
EVT00081902,2024-05-22,EMP00664,CC0058,PA,1,Leave Return,,CAD,CA,2024-05-22 10:00:00,PAYROLL
EVT00080822,2024-05-26,EMP04848,CC0045,PA,3,Step Increment,88788.56,CAD,CAN,2024-05-26 17:00:00,CORE_HR
EVT00080938,2024-05-10,EMP00918,CC0060,PA,3,Step Increment,91375.19,CAD,CAN,2024-05-10 07:00:00,CORE_HR
EVT00081155,2024-05-20,EMP01636,CC0071,EX,3,Leave Return,,CAD,CAN,2024-05-20 08:00:00,CORE_HR
EVT00080728,2024-05-02,EMP01332,CC0072,EC,1,Leave Start,,CAD,CA,2024-05-02 20:00:00,PAYROLL
EVT00081414,2024-05-25,EMP02519,CC0025,PA,4,Leave Return,,CAD,CAN,2024-05-26 02:00:00,CORE_HR
EVT00080473,2024-05-17,EMP00433,CC0007,FI,1,Step Increment,65357.8,EUR,DE,2024-05-18 03:00:00,PAYROLL
EVT00081353,2024-05-13,EMP05188,CC0043,PA,5,Lateral Deployment,,CAD,CAN,2024-05-13 16:00:00,CORE_HR
EVT00080482,2024-05-08,EMP02974,CC0075,EX,3,Step Increment,236708.16,CAD,CA,2024-05-09 11:00:00,PAYROLL
EVT00080461,2024-05-05,EMP01114,CC0005,IT,3,Leave Start,,CAD,CAN,2024-05-06 01:00:00,CORE_HR
EVT00080946,2024-05-05,EMP01127,CC0009,EN,1,Leave Start,,MXN,MX,2024-05-06 05:00:00,PAYROLL
EVT00081959,2024-05-25,EMP03696,CC0065,PA,5,Leave Start,,JPY,JP,2024-05-25 20:00:00,PAYROLL
EVT00081360,2024-05-01,EMP02862,CC0030,PA,3,Leave Start,,EUR,FRA,2024-05-01 23:00:00,CORE_HR
EVT00082011,2024-05-18,EMP01615,CC0056,FI,2,Step Increment,71398.33,CAD,CAN,2024-05-19 04:00:00,CORE_HR
EVT00080892,2024-05-07,EMP00423,CC0077,EN,5,Step Increment,155521.07,CAD,CAN,2024-05-08 12:00:00,CORE_HR
EVT00080842,2024-05-22,EMP04611,CC0119,PA,2,Step Increment,65066.61,CAD,CA,2024-05-23 08:00:00,PAYROLL
EVT00081717,2024-05-16,EMP01984,CC0093,CR,3,Performance Pay,9132.22,CAD,CA,2024-05-17 11:00:00,PAYROLL
EVT00081303,2024-05-25,EMP03494,CC0051,PA,3,Step Increment,98763.83,CAD,CAN,2024-05-26 14:00:00,CORE_HR
EVT00080532,2024-05-18,EMP04253,CC0016,PA,2,Step Increment,68423.14,CAD,CAN,2024-05-18 06:00:00,CORE_HR
EVT00081027,2024-05-02,EMP00786,CC0073,FI,3,Leave Start,,CAD,CAN,2024-05-03 09:00:00,CORE_HR
EVT00081850,2024-05-07,EMP05162,CC0032,EC,4,Performance Pay,7858.17,CAD,CA,2024-05-07 11:00:00,PAYROLL
EVT00081602,2024-05-26,EMP03831,CC0111,FI,2,Step Increment,10254071.94,KES,KEN,2024-05-29 21:00:00,CORE_HR
EVT00081725,2024-05-24,EMP01033,CC0039,EN,4,Step Increment,129054.93,CAD,CA,2024-05-25 14:00:00,PAYROLL
EVT00081503,2024-05-13,EMP03953,CC0063,EN,2,Step Increment,102989.41,CAD,CA,2024-05-13 17:00:00,PAYROLL
EVT00080644,2024-05-21,EMP04790,CC0060,IT,1,Step Increment,103102.84,CAD,CAN,2024-05-22 11:00:00,CORE_HR
EVT00081239,2024-05-24,EMP04690,CC0086,EN,3,Promotion,186594.53,AUD,AU,2024-05-24 06:00:00,PAYROLL
EVT00081536,2024-05-12,EMP00279,CC0116,EN,3,Step Increment,125302.52,CAD,CAN,2024-05-13 02:00:00,CORE_HR
EVT00080350,2024-05-03,EMP02511,CC0079,EN,2,Leave Return,,CAD,CAN,2024-05-03 21:00:00,CORE_HR
EVT00080658,2024-05-25,EMP02680,CC0036,CR,3,Departure,,CAD,CA,2024-05-26 12:00:00,PAYROLL
EVT00081820,2024-05-18,EMP03386,CC0065,AS,1,Leave Return,,JPY,JPN,2024-05-18 12:00:00,CORE_HR
EVT00081559,2024-05-27,EMP04848,CC0045,PA,3,Step Increment,84651.96,CAD,CA,2024-05-27 22:00:00,PAYROLL
EVT00080887,2024-05-19,EMP00300,CC0058,PA,3,Lateral Deployment,,CAD,CAN,2024-05-21 03:00:00,CORE_HR
EVT00081130,2024-05-16,EMP03781,CC0051,EN,2,Step Increment,106574.97,CAD,CAN,2024-05-16 23:00:00,CORE_HR
EVT00081450,2024-05-17,EMP03696,CC0065,PA,5,Performance Pay,5806.56,GBP,GBR,2024-05-17 07:00:00,CORE_HR
EVT00081268,2024-05-27,EMP00934,CC0025,CR,2,Step Increment,52582.12,CAD,CA,2024-05-28 00:00:00,PAYROLL
EVT00080679,2024-05-19,EMP04779,CC0082,CR,3,Leave Start,,CAD,CAN,2024-05-20 10:00:00,CORE_HR
EVT00080589,2024-05-27,EMP02784,CC0100,CR,5,Performance Pay,8673.08,CAD,CAN,2024-05-28 06:00:00,CORE_HR
EVT00081436,2024-05-27,EMP02587,CC0092,FI,1,Performance Pay,8623.72,CAD,CAN,2024-05-27 14:00:00,CORE_HR
EVT00079994,2024-05-23,EMP03414,CC0093,IT,1,Step Increment,109212.88,CAD,CA,2024-05-24 09:00:00,PAYROLL
EVT00081704,2024-05-14,EMP01805,CC0032,IT,2,Leave Start,,CAD,CAN,2024-05-15 01:00:00,CORE_HR
EVT00081232,2024-05-15,EMP02505,CC0028,EX,1,Step Increment,128789.96,CAD,CAN,2024-05-16 10:00:00,CORE_HR
EVT00080666,2024-05-15,EMP02093,CC0066,EX,3,Step Increment,200728.05,CAD,CAN,2024-05-15 16:00:00,CORE_HR
EVT00081678,2024-05-17,EMP02944,CC0078,PA,4,Leave Start,,CAD,CAN,2024-05-17 19:00:00,CORE_HR
EVT00080956,2024-05-17,EMP01093,CC0086,IT,3,Departure,,KES,KEN,2024-05-17 22:00:00,CORE_HR
EVT00080823,2024-05-19,EMP04265,CC0062,AS,4,Leave Start,,CAD,CAN,2024-05-19 23:00:00,CORE_HR
EVT00080117,2024-05-05,EMP00756,CC0109,PA,1,Step Increment,67725.17,CAD,CA,2024-05-05 23:00:00,PAYROLL
EVT00080826,2024-05-21,EMP02772,CC0070,PA,2,Leave Return,,CAD,CA,2024-05-21 18:00:00,PAYROLL
EVT00081821,2024-05-03,EMP01411,CC0026,FI,2,Leave Return,,CAD,CAN,2024-05-03 13:00:00,CORE_HR
EVT00080806,2024-05-03,EMP00895,CC0056,EC,1,Departure,,CAD,CA,2024-05-03 12:00:00,PAYROLL
EVT00081121,2024-05-25,EMP01785,CC0046,IT,1,Leave Start,,MXN,MEX,2024-05-26 07:00:00,CORE_HR
EVT00081375,2024-05-10,EMP03089,CC0031,EN,4,Step Increment,101070.84,EUR,FR,2024-05-10 09:00:00,PAYROLL
EVT00080986,2024-05-03,EMP04857,CC0001,AS,1,Leave Return,,CAD,CAN,2024-05-03 21:00:00,CORE_HR
EVT00081859,2024-05-20,EMP03863,CC0094,PA,2,Performance Pay,7312.18,CAD,CAN,2024-05-21 06:00:00,CORE_HR
EVT00080696,2024-05-27,EMP05125,CC0013,EN,2,Step Increment,94497.56,CAD,CAN,2024-05-28 14:00:00,CORE_HR
EVT00080070,2024-05-14,EMP02096,CC0040,EC,2,Leave Start,,CAD,CAN,2024-05-15 02:00:00,CORE_HR
EVT00082000,2024-05-15,EMP03381,CC0085,EX,2,Leave Return,,CAD,CA,2024-05-16 02:00:00,PAYROLL
EVT00079892,2024-05-07,EMP04971,CC0091,IT,3,Performance Pay,9493.22,CAD,CAN,2024-05-08 03:00:00,CORE_HR
EVT00081670,2024-05-02,EMP05084,CC0016,EX,2,Performance Pay,11235.77,CAD,CA,2024-05-02 21:00:00,PAYROLL
EVT00081382,2024-05-26,EMP03250,CC0059,EC,4,Step Increment,117654.0,CAD,CA,2024-05-27 15:00:00,PAYROLL
EVT00081087,2024-05-22,EMP04030,CC0045,EN,4,Leave Return,,CAD,CAN,2024-05-23 04:00:00,CORE_HR
EVT00080790,2024-05-11,EMP02226,CC0092,FI,1,Step Increment,70587.95,CAD,CAN,2024-05-11 15:00:00,CORE_HR
EVT00079918,2024-05-18,EMP04248,CC0098,PA,4,Leave Return,,CAD,CAN,2024-05-18 11:00:00,CORE_HR
EVT00081444,2024-05-23,EMP04523,CC0108,IT,1,Step Increment,221680.97,AED,ARE,2024-05-23 23:00:00,CORE_HR
EVT00081039,2024-05-19,EMP00810,CC0074,CR,1,Promotion,42884.38,EUR,FRA,2024-05-19 14:00:00,CORE_HR
EVT00081507,2024-05-03,EMP02129,CC0090,EC,3,Step Increment,98977.13,CAD,CAN,2024-05-04 08:00:00,CORE_HR
EVT00081573,2024-05-26,EMP00174,CC0115,IT,2,Step Increment,105694.7,CAD,CAN,2024-05-26 10:00:00,CORE_HR
EVT00081698,2024-05-09,EMP00630,CC0070,AS,3,Promotion,77638.49,CAD,CAN,2024-05-09 12:00:00,CORE_HR
EVT00081069,2024-05-27,EMP04222,CC0047,IT,1,Step Increment,79094.05,CAD,CA,2024-05-27 22:00:00,PAYROLL
EVT00080307,2024-05-25,EMP00055,CC0068,IT,1,Step Increment,63301.54,CAD,CA,2024-05-26 09:00:00,PAYROLL
EVT00081369,2024-05-11,EMP03063,CC0065,PA,2,Leave Start,,USD,USA,2024-05-11 11:00:00,CORE_HR
EVT00080376,2024-05-09,EMP00745,CC0063,AS,5,Step Increment,97608.51,CAD,CAN,2024-05-10 07:00:00,CORE_HR
EVT00081126,2024-05-08,EMP01560,CC0004,EN,5,Promotion,183297.29,CAD,CAN,2024-05-09 03:00:00,CORE_HR
EVT00081344,2024-05-12,EMP01146,CC0076,FI,1,Performance Pay,9940.71,CAD,CAN,2024-05-12 07:00:00,CORE_HR
EVT00080668,2024-05-03,EMP01383,CC0114,CR,2,Leave Start,,CAD,CAN,2024-05-05 03:00:00,CORE_HR
EVT00080949,2024-05-15,EMP04435,CC0118,AS,5,Leave Return,,CAD,CA,2024-05-15 21:00:00,PAYROLL
EVT00080017,2024-05-13,EMP02490,CC0019,IT,1,Leave Return,,CAD,CAN,2024-05-13 08:00:00,CORE_HR
EVT00081418,2024-05-09,EMP04072,CC0039,PA,1,Step Increment,67189.17,CAD,CAN,2024-05-09 17:00:00,CORE_HR
EVT00080674,1900-01-01,EMP04854,CC0106,EC,5,Leave Return,,CAD,CA,2024-05-06 12:00:00,PAYROLL
EVT00081992,2024-05-26,EMP04800,CC0038,EC,1,Leave Return,,CAD,CA,2024-05-27 15:00:00,PAYROLL
EVT00081551,2024-05-17,EMP03755,CC0012,CR,1,Step Increment,58913.47,CAD,CA,2024-05-18 07:00:00,PAYROLL
EVT00081325,2024-05-06,EMP05145,CC0108,FI,1,Performance Pay,564792.18,INR,IND,2024-05-07 09:00:00,CORE_HR
EVT00079912,2024-05-18,EMP04213,CC0033,IT,5,Leave Return,,CAD,CAN,2024-05-19 11:00:00,CORE_HR
EVT00081589,2024-05-21,EMP02110,CC0095,AS,5,Step Increment,77275.54,CAD,CA,2024-05-21 22:00:00,PAYROLL
EVT00081211,2024-05-26,EMP02600,CC0055,FI,3,Step Increment,78436.74,CAD,CAN,2024-05-27 12:00:00,CORE_HR
EVT00081514,2024-05-14,EMP01143,CC0079,IT,3,Step Increment,110719.49,CAD,CA,2024-05-14 15:00:00,PAYROLL
EVT00080604,2024-05-11,EMP01042,CC0015,EX,1,Hire,147209.69,CAD,CA,2024-05-12 09:00:00,PAYROLL
EVT00081026,2024-05-15,EMP04586,CC0073,FI,4,Leave Return,,CAD,CAN,2024-05-16 02:00:00,CORE_HR
EVT00080619,2024-05-07,EMP03193,CC0108,FI,2,Leave Start,,EUR,DE,2024-05-07 08:00:00,PAYROLL
EVT00080999,2024-05-27,EMP02261,CC0036,FI,2,Step Increment,87813.44,CAD,CAN,2024-05-27 11:00:00,CORE_HR
EVT00081558,2024-05-08,EMP01686,CC0103,IT,3,Lateral Deployment,,CAD,CA,2024-05-08 06:00:00,PAYROLL
EVT00080879,2024-05-13,EMP02091,CC0069,PA,3,Performance Pay,11997.0,CAD,CAN,2024-05-13 06:00:00,CORE_HR
EVT00081788,2024-05-12,EMP01809,CC0118,PA,1,Hire,67375.25,CAD,CA,2024-05-13 02:00:00,PAYROLL
EVT00081878,2024-05-22,EMP01378,CC0002,EN,3,Step Increment,107537.88,CAD,CA,2024-05-23 04:00:00,PAYROLL
EVT00081165,2024-05-13,EMP01281,CC0086,EC,4,Leave Start,,USD,USA,2024-05-14 13:00:00,CORE_HR
EVT00081161,2024-05-23,EMP01785,CC0046,IT,1,Promotion,297923.01,BRL,BRA,2024-05-24 11:00:00,CORE_HR
EVT00080970,2024-05-19,EMP03850,CC0024,PA,3,Leave Return,,CAD,CAN,2024-05-20 06:00:00,CORE_HR
EVT00081828,2024-05-13,EMP03408,CC0016,EC,1,Leave Return,,CAD,CAN,2024-05-14 01:00:00,CORE_HR
EVT00080237,2024-05-03,EMP03642,CC0037,EC,1,Lateral Deployment,,CAD,CA,2024-05-03 10:00:00,PAYROLL
EVT00080673,2024-05-25,EMP03074,CC0075,PA,2,Hire,81088.36,CAD,CAN,2024-05-25 22:00:00,CORE_HR
EVT00080217,2024-05-23,EMP00739,CC0099,PA,3,Step Increment,86931.32,CAD,CA,2024-05-23 22:00:00,PAYROLL
EVT00081065,2024-05-14,EMP04420,CC0083,IT,4,Leave Start,,CAD,CAN,2024-05-14 16:00:00,CORE_HR
EVT00080763,2024-05-16,EMP00687,CC0080,IT,4,Lateral Deployment,,EUR,DE,2024-05-16 06:00:00,PAYROLL
EVT00081975,2024-05-26,EMP00060,CC0089,PA,4,Leave Return,,CAD,CA,2024-05-27 14:00:00,PAYROLL
EVT00080481,2024-05-20,EMP00913,CC0085,PA,3,Step Increment,73124.93,CAD,CAN,2024-05-21 07:00:00,CORE_HR
EVT00081332,2024-05-13,EMP02153,CC0112,PA,4,Step Increment,97405.2,CAD,CA,2024-05-13 14:00:00,PAYROLL
EVT00080382,2024-05-21,EMP01338,CC0004,IT,1,Leave Start,,CAD,CAN,2024-05-22 04:00:00,CORE_HR
EVT00081584,2024-05-25,EMP05081,CC0092,IT,2,Step Increment,91172.15,CAD,CAN,2024-05-26 00:00:00,CORE_HR
EVT00080627,2024-05-18,EMP00705,CC0009,PA,2,Leave Start,,GBP,GB,2024-05-18 20:00:00,PAYROLL
EVT00081997,2024-05-10,EMP02741,CC0111,CR,3,Promotion,94864.83,AUD,AUS,2024-05-10 11:00:00,CORE_HR
EVT00081397,2024-05-25,EMP05006,CC0016,PA,5,Leave Return,,CAD,CA,2024-05-26 13:00:00,PAYROLL
EVT00081686,2024-05-09,EMP00255,CC0036,AS,5,Performance Pay,12635.03,CAD,CA,2024-05-09 15:00:00,PAYROLL
EVT00080535,2024-05-24,EMP02996,CC0114,PA,5,Step Increment,114369.87,CAD,CAN,2024-05-24 20:00:00,CORE_HR
EVT00081529,2024-05-06,EMP05089,CC0016,PA,1,Hire,69789.82,CAD,CAN,2024-05-07 12:00:00,CORE_HR
EVT00081531,2024-05-23,EMP04493,CC0089,FI,1,Hire,93634.73,CAD,CA,2024-05-24 15:00:00,PAYROLL
EVT00081157,2024-05-27,EMP04870,CC0044,PA,4,Step Increment,101600.2,CAD,CAN,2024-05-27 17:00:00,CORE_HR
EVT00080282,2024-05-13,EMP02517,CC0053,AS,3,Hire,81948.57,CAD,CAN,2024-05-14 14:00:00,CORE_HR
EVT00081538,2024-05-06,EMP03679,CC0103,FI,2,Leave Start,,CAD,CAN,2024-05-06 06:00:00,CORE_HR
EVT00080013,2024-05-26,EMP00519,CC0041,EC,3,Step Increment,97541.33,CAD,CAN,2024-05-27 09:00:00,CORE_HR
EVT00081293,2024-05-11,EMP04123,CC0017,PA,5,Step Increment,108279.28,CAD,CAN,2024-05-11 15:00:00,CORE_HR
EVT00081509,2024-05-13,EMP01788,CC0077,PA,2,Step Increment,82200.98,CAD,CA,2024-05-13 20:00:00,PAYROLL
EVT00080140,2024-05-15,EMP03571,CC0038,EX,3,Hire,203138.66,CAD,CA,2024-05-16 03:00:00,PAYROLL
EVT00080546,2024-05-20,EMP03387,CC0117,EC,2,Departure,,CAD,CA,2024-05-21 05:00:00,PAYROLL
EVT00080867,2024-05-14,EMP02004,CC0062,EC,5,Hire,133445.32,CAD,CA,2024-05-15 13:00:00,PAYROLL
EVT00080985,2024-05-17,EMP04071,CC0041,CR,1,Leave Start,,CAD,CAN,2024-05-17 21:00:00,CORE_HR
EVT00081141,2024-05-02,EMP00117,CC0062,EN,1,Leave Return,,CAD,CAN,2024-05-02 08:00:00,CORE_HR
EVT00081913,2024-05-16,EMP04617,CC0049,AS,3,Step Increment,976450.85,MXN,MX,2024-05-17 14:00:00,PAYROLL
EVT00080039,2024-05-24,EMP02848,CC0016,PA,1,Promotion,64235.43,CAD,CAN,2024-05-24 16:00:00,CORE_HR
EVT00080203,2024-05-17,EMP04421,CC0114,CR,3,Leave Start,,CAD,CAN,2024-05-17 12:00:00,CORE_HR
EVT00081388,2024-05-12,EMP03334,CC0087,AS,2,Step Increment,69536.34,CAD,CAN,2024-05-13 03:00:00,CORE_HR
EVT00081337,2024-05-24,EMP02393,CC0009,AS,4,Departure,,AUD,AU,2024-05-25 13:00:00,PAYROLL
EVT00080697,2024-05-23,EMP00749,CC0073,PA,3,Performance Pay,6691.54,CAD,CA,2024-05-24 04:00:00,PAYROLL
EVT00079897,2024-05-27,EMP05199,CC0061,EN,2,Lateral Deployment,,CAD,CA,2024-05-28 05:00:00,PAYROLL
EVT00080529,2024-05-14,EMP04277,CC0099,AS,1,Step Increment,63798.52,CAD,CA,2024-05-14 14:00:00,PAYROLL
EVT00081164,2024-05-13,EMP00656,CC0003,PA,3,Step Increment,90516.92,CAD,CAN,2024-05-13 19:00:00,CORE_HR
EVT00080921,2024-05-04,EMP04974,CC0073,EN,3,Hire,111020.69,CAD,CAN,2024-05-05 02:00:00,CORE_HR
EVT00081160,2024-05-05,EMP00345,CC0091,IT,2,Leave Return,,CAD,CA,2024-05-07 06:00:00,PAYROLL
EVT00081142,2024-05-02,EMP03294,CC0055,EN,4,Performance Pay,13175.34,CAD,CAN,2024-05-03 06:00:00,CORE_HR
EVT00080786,2024-05-25,EMP01301,CC0105,AS,3,Step Increment,57574.22,EUR,DEU,2024-05-26 00:00:00,CORE_HR
EVT00080834,2024-05-08,EMP02710,CC0005,EX,2,Step Increment,166816.48,CAD,CA,2024-05-08 09:00:00,PAYROLL
EVT00080602,2024-05-24,EMP04343,CC0023,EN,1,Lateral Deployment,,CAD,CAN,2024-05-26 06:00:00,CORE_HR
EVT00081819,2024-05-17,EMP02858,CC0011,FI,3,Step Increment,110843.98,CAD,CA,2024-05-18 09:00:00,PAYROLL
EVT00080649,2024-05-13,EMP00601,CC0082,FI,4,Lateral Deployment,,CAD,CAN,2024-05-14 13:00:00,CORE_HR
EVT00080759,2024-05-19,EMP01704,CC0051,PA,2,Hire,68380.32,CAD,CAN,2024-05-20 14:00:00,CORE_HR
EVT00080840,2024-05-24,EMP04811,CC0071,PA,3,Departure,,CAD,CAN,2024-05-25 19:00:00,CORE_HR
EVT00080366,2024-05-13,EMP04695,CC0064,EC,3,Leave Return,,CAD,CAN,2024-05-13 07:00:00,CORE_HR
EVT00080245,2024-05-06,EMP00583,CC0043,AS,2,Step Increment,68925.02,CAD,CAN,2024-05-07 08:00:00,CORE_HR
EVT00080255,2024-05-18,EMP00485,CC0101,PA,3,Departure,,CAD,CA,2024-05-19 14:00:00,PAYROLL
EVT00081252,2024-05-15,EMP02735,CC0097,PA,4,Step Increment,100192.66,CAD,CAN,2024-05-16 15:00:00,CORE_HR
EVT00080154,2024-05-24,EMP03489,CC0032,FI,2,Hire,111777.14,CAD,CA,2024-05-25 03:00:00,PAYROLL
EVT00080429,2024-05-13,EMP05126,CC0070,PA,2,Performance Pay,5756.17,CAD,CAN,2024-05-13 13:00:00,CORE_HR
EVT00079983,2024-05-25,EMP01696,CC0054,PA,3,Leave Return,,AUD,AUS,2024-05-26 10:00:00,CORE_HR
EVT00080963,2024-05-14,EMP03871,CC0014,PA,1,Step Increment,65220.91,CAD,CA,2024-05-15 05:00:00,PAYROLL
EVT00081708,2024-05-05,EMP01323,CC0071,CR,5,Leave Start,,CAD,CA,2024-05-06 09:00:00,PAYROLL
EVT00081899,2024-05-05,EMP02604,CC0014,FI,3,Leave Start,,CAD,CAN,2024-05-05 21:00:00,CORE_HR
EVT00081314,2024-05-24,EMP01401,CC0102,EC,2,Departure,,CAD,CAN,2024-05-24 15:00:00,CORE_HR
EVT00080199,2024-05-12,EMP03754,CC0080,FI,4,Step Increment,14252877.26,JPY,JPN,2024-05-12 08:00:00,CORE_HR
EVT00080470,2024-05-17,EMP02415,CC0120,IT,2,Step Increment,104727.46,CAD,CAN,2024-05-18 12:00:00,CORE_HR
EVT00081359,2024-05-12,EMP00551,CC0010,PA,2,Lateral Deployment,,CAD,CAN,2024-05-13 06:00:00,CORE_HR
EVT00080547,2024-05-06,EMP03751,CC0044,IT,1,Step Increment,69152.28,CAD,CAN,2024-05-07 19:00:00,CORE_HR
EVT00080063,1900-01-01,EMP03769,CC0022,IT,1,Performance Pay,10217.62,CAD,CAN,2024-05-23 19:00:00,CORE_HR
EVT00081523,2024-05-13,EMP02811,CC0023,IT,2,Leave Start,,CAD,CAN,2024-05-13 17:00:00,CORE_HR
EVT00081770,2024-05-25,EMP01224,CC0023,AS,3,Leave Return,,CAD,CAN,2024-05-26 06:00:00,CORE_HR
EVT00081209,2024-05-16,EMP02395,CC0070,AS,2,Step Increment,71474.58,CAD,CA,2024-05-17 02:00:00,PAYROLL
EVT00080650,2024-05-04,EMP01326,CC0018,AS,2,Promotion,80353.36,CAD,CAN,2024-05-04 16:00:00,CORE_HR
EVT00080771,2024-05-23,EMP01163,CC0065,EN,2,Performance Pay,8627.82,XXX,AU,2024-05-24 01:00:00,PAYROLL
EVT00080072,2024-05-16,EMP05053,CC0117,CR,1,Step Increment,54035.37,CAD,CA,2024-05-16 13:00:00,PAYROLL
EVT00081295,2024-05-26,EMP01693,CC0015,EX,1,Leave Start,,CAD,CAN,2024-05-26 21:00:00,CORE_HR
EVT00081766,2024-05-15,EMP00555,CC0084,PA,4,Leave Return,,CAD,CA,2024-05-16 03:00:00,PAYROLL
EVT00081871,2024-05-04,EMP02645,CC0018,PA,1,Lateral Deployment,,CAD,CAN,2024-05-05 15:00:00,CORE_HR
EVT00080828,2024-05-25,EMP03497,CC0043,PA,3,Leave Return,,CAD,CA,2024-05-26 06:00:00,PAYROLL
EVT00081976,2024-05-26,EMP04421,CC0114,CR,3,Leave Start,,CAD,CA,2024-05-26 21:00:00,PAYROLL
EVT00081340,2024-05-26,EMP02122,CC0013,AS,4,Step Increment,80883.16,CAD,CAN,2024-05-26 11:00:00,CORE_HR
EVT00081888,2024-05-22,EMP03353,CC0070,FI,3,Step Increment,75467.4,CAD,CAN,2024-05-23 15:00:00,CORE_HR
EVT00081802,2024-05-02,EMP00848,CC0097,AS,2,Leave Start,,CAD,CAN,2024-05-03 01:00:00,CORE_HR
EVT00080157,2024-05-08,EMP04304,CC0082,EC,3,Departure,,CAD,CAN,2024-05-09 07:00:00,CORE_HR
EVT00080791,2024-05-20,EMP02606,CC0004,IT,3,Leave Start,,CAD,CAN,2024-05-20 20:00:00,CORE_HR
EVT00081740,2024-05-03,EMP00397,CC0114,CR,1,Departure,,CAD,CA,2024-05-03 17:00:00,PAYROLL
EVT00080651,2024-05-26,EMP05096,CC0044,AS,3,Leave Start,,CAD,CAN,2024-05-26 19:00:00,CORE_HR
EVT00081789,2024-05-03,EMP00405,CC0033,PA,3,Step Increment,65147.48,CAD,CA,2024-05-04 06:00:00,PAYROLL
EVT00081918,2024-05-12,EMP00895,CC0056,EC,1,Leave Return,,CAD,CA,2024-05-12 11:00:00,PAYROLL
EVT00081981,2024-05-21,EMP00793,CC0026,CR,2,Step Increment,55768.95,CAD,CAN,2024-05-21 20:00:00,CORE_HR
EVT00081476,2024-05-08,EMP01013,CC0076,AS,1,Departure,,CAD,CAN,2024-05-09 15:00:00,CORE_HR
EVT00081643,2024-05-23,EMP05200,CC0066,AS,2,Leave Return,,CAD,CAN,2024-05-23 20:00:00,CORE_HR
EVT00081848,2024-05-23,EMP00040,CC0053,IT,5,Performance Pay,8444.07,CAD,CA,2024-05-23 10:00:00,PAYROLL
EVT00081738,2024-05-17,EMP01362,CC0025,FI,1,Promotion,84563.03,CAD,CAN,2024-05-17 21:00:00,CORE_HR
EVT00080691,2024-05-18,EMP01500,CC0044,IT,2,Leave Start,,CAD,CAN,2024-05-19 14:00:00,CORE_HR
EVT00080618,2024-05-27,EMP02222,CC0020,EN,2,Leave Return,,CAD,CAN,2024-05-27 13:00:00,CORE_HR
EVT00080729,2024-05-11,EMP01251,CC0070,EN,3,Leave Return,,CAD,CAN,2024-05-12 08:00:00,CORE_HR
EVT00081185,2024-05-27,EMP02384,CC0074,EN,1,Leave Start,,INR,IND,2024-05-27 14:00:00,CORE_HR
EVT00081595,2024-05-04,EMP01517,CC0052,FI,1,Leave Return,,CAD,CAN,2024-05-05 12:00:00,CORE_HR
EVT00081800,2024-05-12,EMP03608,CC0006,AS,2,Hire,73488.66,CAD,CAN,2024-05-12 12:00:00,CORE_HR
EVT00081469,2024-05-09,EMP02140,CC0053,FI,4,Step Increment,112705.39,CAD,CA,2024-05-10 14:00:00,PAYROLL
EVT00081928,2024-05-27,EMP02952,CC0002,FI,3,Leave Start,,CAD,CAN,2024-05-27 07:00:00,CORE_HR
EVT00081196,2024-05-07,EMP04607,CC0003,EN,4,Step Increment,103763.39,CAD,CA,2024-05-08 01:00:00,PAYROLL
EVT00081045,2024-05-18,EMP01504,CC0090,IT,2,Leave Return,,CAD,CAN,2024-05-18 07:00:00,CORE_HR
EVT00080774,2024-05-18,EMP02225,CC0096,PA,2,Promotion,73622.6,CAD,CAN,2024-05-18 07:00:00,CORE_HR
EVT00081542,2024-05-11,EMP01274,CC0092,PA,4,Step Increment,97093.36,CAD,CAN,2024-05-12 01:00:00,CORE_HR
EVT00081546,2024-05-03,EMP03167,CC0079,PA,1,Leave Return,,CAD,CAN,2024-05-03 19:00:00,CORE_HR
EVT00081000,2024-05-01,EMP02874,CC0080,IT,1,Step Increment,5278424.95,INR,IND,2024-05-01 09:00:00,CORE_HR
EVT00081634,2024-05-13,EMP01059,CC0108,PA,1,Lateral Deployment,,AED,ARE,2024-05-13 15:00:00,CORE_HR
EVT00080346,2024-05-15,EMP02730,CC0073,IT,3,Leave Start,,CAD,CAN,2024-05-15 17:00:00,CORE_HR
EVT00081749,2024-05-15,EMP04455,CC0001,IT,3,Lateral Deployment,,CAD,CAN,2024-05-15 22:00:00,CORE_HR
EVT00081683,2024-05-16,EMP03123,CC0048,AS,5,Leave Return,,CAD,CAN,2024-05-16 22:00:00,CORE_HR
EVT00081539,2024-05-02,EMP03329,CC0026,AS,2,Performance Pay,2853.99,CAD,CAN,2024-05-02 14:00:00,CORE_HR
EVT00080871,2024-05-08,EMP04908,CC0011,PA,2,Performance Pay,7225.96,CAD,CAN,2024-05-09 07:00:00,CORE_HR
EVT00081525,2024-05-04,EMP00508,CC0014,PA,4,Leave Start,,CAD,CA,2024-05-05 09:00:00,PAYROLL
EVT00079993,2024-05-13,EMP02234,CC0022,EN,5,Leave Return,,CAD,CAN,2024-05-14 10:00:00,CORE_HR
EVT00080944,2024-05-17,EMP01424,CC0022,AS,2,Hire,74204.85,CAD,CA,2024-05-18 07:00:00,PAYROLL
EVT00081330,2024-05-09,EMP03997,CC0050,IT,3,Step Increment,85409.24,CAD,CAN,2024-05-09 14:00:00,CORE_HR
EVT00081148,2024-05-09,EMP02215,CC0032,FI,1,Hire,76271.57,CAD,CA,2024-05-12 15:00:00,PAYROLL
EVT00081047,2024-05-05,EMP01359,CC0043,PA,1,Leave Return,,CAD,CAN,2024-05-06 09:00:00,CORE_HR
EVT00081432,2024-05-26,EMP03338,CC0098,AS,4,Step Increment,84523.44,CAD,CAN,2024-05-26 14:00:00,CORE_HR
EVT00081456,2024-05-02,EMP04825,CC0061,CR,1,Performance Pay,5259.65,CAD,CAN,2024-05-03 00:00:00,CORE_HR
EVT00080468,2024-05-22,EMP01985,CC0032,PA,2,Step Increment,70504.09,CAD,CA,2024-05-22 13:00:00,PAYROLL
EVT00081399,2024-05-01,EMP00093,CC0040,PA,5,Hire,101367.75,CAD,CA,2024-05-02 02:00:00,PAYROLL
EVT00080339,2024-05-12,EMP01970,CC0003,AS,4,Performance Pay,7528.15,CAD,CAN,2024-05-12 11:00:00,CORE_HR
EVT00081244,2024-05-17,EMP00705,CC0009,PA,2,Step Increment,51347.6,GBP,GB,2024-05-17 22:00:00,PAYROLL
EVT00080273,2024-05-16,EMP02988,CC0038,AS,5,Promotion,84567.12,CAD,CA,2024-05-16 11:00:00,PAYROLL
EVT00081056,2024-05-15,EMP01547,CC0093,PA,3,Lateral Deployment,,CAD,CAN,2024-05-15 18:00:00,CORE_HR
EVT00080707,2024-05-09,EMP04231,CC0097,EN,2,Leave Return,,CAD,CAN,2024-05-09 20:00:00,CORE_HR
EVT00080186,2024-05-12,EMP03992,CC0011,CR,1,Step Increment,55859.33,CAD,CAN,2024-05-12 07:00:00,CORE_HR
EVT00080852,2024-05-26,EMP04313,CC0081,AS,1,Performance Pay,3292.14,CAD,CAN,2024-05-26 22:00:00,CORE_HR
EVT00080373,2024-05-19,EMP04350,CC0019,EX,2,Step Increment,166777.08,CAD,CAN,2024-05-19 07:00:00,CORE_HR
EVT00080221,2024-05-10,EMP00676,CC0116,CR,2,Leave Return,,CAD,CAN,2024-05-11 06:00:00,CORE_HR
EVT00079933,2024-05-12,EMP02455,CC0119,CR,1,Step Increment,54029.05,CAD,CAN,2024-05-12 19:00:00,CORE_HR
EVT00080612,2024-05-13,EMP04328,CC0062,IT,3,Step Increment,105434.49,CAD,CAN,2024-05-14 12:00:00,CORE_HR
EVT00081160,2024-05-05,EMP00345,CC0091,IT,2,Leave Return,,CAD,CA,2024-05-05 22:00:00,PAYROLL
EVT00080827,2024-05-19,EMP02473,CC0060,PA,4,Hire,72407.75,CAD,CAN,2024-05-20 15:00:00,CORE_HR
EVT00079893,2024-05-13,EMP01568,CC0022,EN,2,Leave Return,,CAD,CAN,2024-05-13 15:00:00,CORE_HR
EVT00079924,2024-05-06,EMP00992,CC0004,FI,1,Lateral Deployment,,CAD,CA,2024-05-06 19:00:00,PAYROLL
EVT00081921,2024-05-22,EMP02482,CC0021,EC,3,Lateral Deployment,,CAD,CA,2024-05-22 21:00:00,PAYROLL
EVT00081540,2024-05-23,EMP01367,CC0079,EN,1,Leave Start,,CAD,CA,2024-05-23 07:00:00,PAYROLL
EVT00080138,2024-05-27,EMP03403,CC0017,AS,4,Leave Start,,CAD,CA,2024-05-28 14:00:00,PAYROLL
EVT00080146,2024-05-20,EMP02428,CC0078,AS,4,Step Increment,76295.19,CAD,CAN,2024-05-20 10:00:00,CORE_HR
EVT00080590,2024-05-13,EMP04740,CC0028,AS,2,Leave Return,,CAD,CA,2024-05-14 08:00:00,PAYROLL
EVT00080127,2024-05-13,EMP01661,CC0106,AS,2,Step Increment,65406.47,CAD,CA,2024-05-13 15:00:00,PAYROLL
EVT00080755,2024-05-22,EMP00491,CC0043,PA,3,Leave Return,,CAD,CA,2024-05-23 15:00:00,PAYROLL
EVT00081376,2024-05-03,EMP03070,CC0106,AS,2,Departure,,CAD,CAN,2024-05-04 05:00:00,CORE_HR
EVT00080991,2024-05-15,EMP01948,CC0006,CR,4,Leave Start,,CAD,CAN,2024-05-16 13:00:00,CORE_HR
EVT00081876,2024-05-24,EMP00492,CC0069,AS,5,Departure,,CAD,CAN,2024-05-24 06:00:00,CORE_HR
EVT00080333,2024-05-27,EMP02956,CC0009,PA,4,Step Increment,65278.42,SGD,SG,2024-05-27 23:00:00,PAYROLL
EVT00080442,2024-05-24,EMP01952,CC0118,IT,2,Performance Pay,11083.55,CAD,CAN,2024-05-25 07:00:00,CORE_HR
EVT00080330,2024-05-16,EMP00107,CC0031,AS,3,Performance Pay,1142830.48,KES,KE,2024-05-16 21:00:00,PAYROLL
EVT00081162,2024-05-12,EMP01962,CC0025,PA,2,Lateral Deployment,,CAD,CA,2024-05-13 13:00:00,PAYROLL
EVT00080137,2024-05-21,EMP00231,CC0103,FI,4,Departure,,CAD,CAN,2024-05-21 11:00:00,CORE_HR
EVT00081458,2024-05-03,EMP04800,CC0038,EC,1,Step Increment,74442.05,CAD,CAN,2024-05-04 08:00:00,CORE_HR
EVT00079901,2024-05-13,EMP03285,CC0046,EN,2,Leave Start,,EUR,FR,2024-05-14 02:00:00,PAYROLL
EVT00080523,2024-05-06,EMP00899,CC0029,PA,3,Leave Start,,GBP,GB,2024-05-07 11:00:00,PAYROLL
EVT00081289,2024-05-21,EMP01753,CC0100,PA,3,Hire,66951.21,CAD,CA,2024-05-22 02:00:00,PAYROLL
EVT00080675,2024-05-16,EMP01253,CC0031,EC,1,Step Increment,52063.07,SGD,SGP,2024-05-16 07:00:00,CORE_HR
EVT00081879,2024-05-02,EMP02103,CC0051,EX,2,Performance Pay,9996.44,CAD,CAN,2024-05-03 12:00:00,CORE_HR
EVT00080725,2024-05-19,EMP04599,CC0113,CR,4,Performance Pay,6594.55,CAD,CA,2024-05-20 13:00:00,PAYROLL
EVT00081623,2024-05-06,EMP04279,CC0115,PA,5,Leave Start,,CAD,CA,2024-05-06 11:00:00,PAYROLL
EVT00080080,2024-05-26,EMP04022,CC0014,PA,2,Leave Start,,CAD,CAN,2024-05-27 05:00:00,CORE_HR
EVT00080536,2024-05-23,EMP03477,CC0011,AS,2,Step Increment,66069.5,CAD,CA,2024-05-23 15:00:00,PAYROLL
EVT00081773,2024-05-13,EMP04183,CC0017,EN,3,Step Increment,126825.75,CAD,CAN,2024-05-14 13:00:00,CORE_HR
EVT00081982,2024-05-20,EMP02040,CC0068,IT,1,Step Increment,91510.86,CAD,CAN,2024-05-20 06:00:00,CORE_HR
EVT00080354,2024-05-27,EMP04788,CC0086,AS,4,Lateral Deployment,,INR,IN,2024-05-28 10:00:00,PAYROLL
EVT00081178,2024-05-23,EMP04781,CC0074,EN,2,Performance Pay,4268.0,EUR,DEU,2024-05-24 11:00:00,CORE_HR
EVT00081726,2024-05-15,EMP00714,CC0021,EC,3,Step Increment,115857.34,CAD,CA,2024-05-15 14:00:00,PAYROLL
EVT00081958,2024-05-01,EMP04080,CC0061,PA,1,Hire,60268.7,CAD,CAN,2024-05-02 08:00:00,CORE_HR
EVT00080219,2024-05-07,EMP03586,CC0028,PA,2,Step Increment,73478.09,CAD,CA,2024-05-07 14:00:00,PAYROLL
EVT00081333,2024-05-02,EMP00651,CC0117,EX,2,Leave Return,,CAD,CA,2024-05-03 12:00:00,PAYROLL
EVT00080377,2024-05-06,EMP01760,CC0028,PA,4,Lateral Deployment,,CAD,CAN,2024-05-06 15:00:00,CORE_HR
EVT00080058,2024-05-26,EMP04560,CC0064,EX,2,Lateral Deployment,,CAD,CA,2024-05-26 17:00:00,PAYROLL
EVT00080448,2024-05-04,EMP01158,CC0021,EX,1,Promotion,138550.99,CAD,CAN,2024-05-05 04:00:00,CORE_HR
EVT00081784,2024-05-16,EMP00034,CC0044,CR,1,Step Increment,-41459.64,CAD,CAN,2024-05-16 16:00:00,CORE_HR
EVT00081644,2024-05-13,EMP04525,CC0016,EX,2,Departure,,CAD,CAN,2024-05-16 17:00:00,CORE_HR
EVT00081613,2024-05-25,EMP02555,CC0037,FI,1,Performance Pay,4090.88,CAD,CAN,2024-05-25 10:00:00,CORE_HR
EVT00080029,2024-05-22,EMP01878,CC0074,CR,2,Performance Pay,4186.53,EUR,FRA,2024-05-23 06:00:00,CORE_HR
EVT00080139,2024-05-13,EMP03665,CC0114,PA,2,Leave Start,,CAD,CAN,2024-05-13 21:00:00,CORE_HR
EVT00080162,2024-05-09,EMP04356,CC0039,IT,3,Leave Start,,CAD,CAN,2024-05-10 11:00:00,CORE_HR
EVT00081556,2024-05-27,EMP03335,CC0003,IT,2,Step Increment,109521.89,CAD,CAN,2024-05-28 08:00:00,CORE_HR
EVT00081281,2024-05-01,EMP00689,CC0023,PA,2,Performance Pay,9042.27,CAD,CAN,2024-05-01 07:00:00,CORE_HR
EVT00081666,2024-05-09,EMP00082,CC0061,FI,3,Step Increment,106237.32,CAD,CA,2024-05-09 18:00:00,PAYROLL
EVT00081277,2024-05-13,EMP01967,CC0089,EX,2,Leave Start,,CAD,CAN,2024-05-13 23:00:00,CORE_HR
EVT00081831,2024-05-06,EMP03838,CC0096,CR,3,Step Increment,66019.72,CAD,CAN,2024-05-06 18:00:00,CORE_HR
EVT00081227,2024-05-08,EMP01517,CC0052,FI,1,Leave Return,,CAD,CAN,2024-05-08 22:00:00,CORE_HR
EVT00081723,2024-05-13,EMP03884,CC0109,EX,2,Promotion,150209.01,CAD,CAN,2024-05-14 14:00:00,CORE_HR
EVT00080516,2024-05-19,EMP01150,CC0086,AS,3,Step Increment,110429.68,AUD,AUS,2024-05-19 08:00:00,CORE_HR
EVT00080915,2024-05-21,EMP01418,CC0061,PA,1,Lateral Deployment,,CAD,CAN,2024-05-21 14:00:00,CORE_HR
EVT00080063,2024-05-23,EMP03769,CC0022,IT,1,Performance Pay,10217.62,CAD,CAN,2024-05-25 04:00:00,CORE_HR
EVT00081348,2024-05-19,EMP01753,CC0100,PA,3,Performance Pay,4246.81,CAD,CA,2024-05-19 08:00:00,PAYROLL
EVT00081144,2024-05-15,EMP04311,CC0056,IT,4,Step Increment,116668.06,CAD,CAN,2024-05-16 04:00:00,CORE_HR
EVT00081228,2024-05-26,EMP03168,CC0059,FI,5,Step Increment,118684.72,CAD,CAN,2024-05-26 10:00:00,CORE_HR
EVT00079907,2024-05-27,EMP04465,CC0082,PA,4,Leave Return,,CAD,CA,2024-05-27 19:00:00,PAYROLL
EVT00079962,2024-05-21,EMP02875,CC0111,FI,2,Step Increment,7885678.04,KES,KE,2024-05-22 10:00:00,PAYROLL
EVT00080931,2024-05-22,EMP02625,CC0031,EC,5,Leave Return,,EUR,FRA,2024-05-23 00:00:00,CORE_HR
EVT00080563,2024-05-05,EMP03342,CC0027,PA,3,Step Increment,84708.45,CAD,CAN,2024-05-05 11:00:00,CORE_HR
EVT00081409,2024-05-17,EMP04388,CC0095,IT,2,Performance Pay,13276.17,CAD,CA,2024-05-17 16:00:00,PAYROLL
EVT00081730,2024-05-12,EMP01162,CC0031,AS,2,Departure,,MXN,MX,2024-05-13 09:00:00,PAYROLL
EVT00081448,2024-05-03,EMP01695,CC0093,PA,1,Leave Start,,CAD,CAN,2024-05-03 15:00:00,CORE_HR
EVT00080665,2024-05-07,EMP03903,CC0034,FI,4,Leave Return,,CAD,CAN,2024-05-07 09:00:00,CORE_HR
EVT00082027,2024-05-01,EMP03412,CC0052,IT,2,Step Increment,94612.23,CAD,CAN,2024-05-02 11:00:00,CORE_HR
EVT00080735,2024-05-08,EMP02337,CC0115,AS,5,Step Increment,94565.44,CAD,CAN,2024-05-08 13:00:00,CORE_HR
EVT00081496,2024-05-19,EMP03573,CC0029,IT,1,Performance Pay,5588.75,GBP,GBR,2024-05-19 07:00:00,CORE_HR
EVT00080227,2024-05-06,EMP02779,CC0118,PA,4,Performance Pay,4491.19,CAD,CAN,2024-05-07 03:00:00,CORE_HR
EVT00080897,2024-05-12,EMP03883,CC0103,IT,2,Hire,106031.27,CAD,CAN,2024-05-13 10:00:00,CORE_HR
EVT00081055,2024-05-11,EMP00006,CC0037,CR,2,Step Increment,62367.5,CAD,CA,2024-05-11 13:00:00,PAYROLL
EVT00081880,2024-05-16,EMP00894,CC0058,EN,1,Performance Pay,6658.3,CAD,CAN,2024-05-16 11:00:00,CORE_HR
EVT00081699,2024-05-12,EMP03869,CC0101,AS,1,Lateral Deployment,,CAD,CA,2024-05-13 10:00:00,PAYROLL
EVT00080968,2024-05-11,EMP04864,CC0102,AS,3,Step Increment,68864.45,CAD,CA,2024-05-12 15:00:00,PAYROLL
EVT00081262,2024-05-09,EMP00018,CC0073,PA,5,Performance Pay,12050.35,CAD,CA,2024-05-10 08:00:00,PAYROLL
EVT00080177,2024-05-21,EMP03930,CC0087,EN,1,Lateral Deployment,,CAD,CAN,2024-05-22 02:00:00,CORE_HR
EVT00080932,2024-05-12,EMP04661,CC0032,PA,1,Departure,,CAD,CAN,2024-05-13 02:00:00,CORE_HR
EVT00080930,1900-01-01,EMP03552,CC0119,AS,2,Promotion,49781.64,CAD,CAN,2024-05-11 12:00:00,CORE_HR
EVT00080995,2024-05-16,EMP04892,CC0018,EC,4,Step Increment,111379.93,CAD,CAN,2024-05-16 18:00:00,CORE_HR
EVT00081342,2024-05-17,EMP00297,CC0006,FI,4,Leave Start,,CAD,CAN,2024-05-17 06:00:00,CORE_HR
EVT00080958,2024-05-05,EMP03465,CC0052,FI,3,Step Increment,98984.86,CAD,CAN,2024-05-05 09:00:00,CORE_HR
EVT00081706,2024-05-02,EMP03746,CC0085,IT,1,Leave Start,,CAD,CAN,2024-05-03 11:00:00,CORE_HR
EVT00080381,2024-05-04,EMP02986,CC0085,EX,2,Performance Pay,6771.65,CAD,CAN,2024-05-05 03:00:00,CORE_HR
EVT00080721,2024-05-08,EMP04193,CC0093,PA,2,Lateral Deployment,,CAD,CAN,2024-05-08 23:00:00,CORE_HR
EVT00081046,2024-05-14,EMP01300,CC0091,EX,1,Leave Start,,CAD,CAN,2024-05-15 15:00:00,CORE_HR
EVT00080847,2024-05-25,EMP04229,CC0113,IT,5,Promotion,141541.89,CAD,CAN,2024-05-25 17:00:00,CORE_HR
EVT00080633,2024-05-25,EMP04702,CC0067,PA,1,Step Increment,60930.87,CAD,CA,2024-05-25 17:00:00,PAYROLL
EVT00081358,2024-05-10,EMP04194,CC0054,IT,5,Departure,,BRL,BR,2024-05-10 20:00:00,PAYROLL
EVT00080197,2024-05-05,EMP04563,CC0014,EC,3,Departure,,CAD,CAN,2024-05-05 17:00:00,CORE_HR
EVT00080244,2024-05-01,EMP00601,CC0082,FI,4,Step Increment,115644.83,CAD,CAN,2024-05-02 10:00:00,CORE_HR
EVT00081461,2024-05-24,EMP00058,CC0061,PA,1,Step Increment,81204.36,CAD,CAN,2024-05-24 09:00:00,CORE_HR
EVT00080885,2024-05-14,EMP02813,CC0005,CR,3,Performance Pay,8928.22,CAD,CAN,2024-05-14 15:00:00,CORE_HR
EVT00080860,2024-05-08,EMP01908,CC0118,PA,1,Promotion,67514.97,CAD,CAN,2024-05-08 10:00:00,CORE_HR
EVT00080437,2024-05-26,EMP05148,CC0049,IT,1,Promotion,330366.2,BRL,BR,2024-05-27 10:00:00,PAYROLL
EVT00081125,2024-05-04,EMP04075,CC0101,PA,3,Leave Return,,CAD,CAN,2024-05-04 11:00:00,CORE_HR
EVT00082021,2024-05-26,EMP02448,CC0042,PA,1,Lateral Deployment,,CAD,CAN,2024-05-26 17:00:00,CORE_HR
EVT00081605,2024-05-09,EMP04635,CC0099,CR,3,Hire,62142.03,CAD,CA,2024-05-09 15:00:00,PAYROLL
EVT00081514,2024-05-14,EMP01143,CC0079,IT,3,Step Increment,110719.49,CAD,CA,2024-05-15 14:00:00,PAYROLL
EVT00080321,2024-05-15,EMP01293,CC0079,PA,1,Performance Pay,5293.81,CAD,CAN,2024-05-16 11:00:00,CORE_HR
EVT00080101,2024-05-26,EMP00731,CC0117,EC,1,Hire,60206.44,CAD,CAN,2024-05-26 06:00:00,CORE_HR
EVT00080874,2024-05-22,EMP01181,CC0112,FI,4,Step Increment,109981.38,CAD,CAN,2024-05-22 22:00:00,CORE_HR
EVT00081015,2024-05-13,EMP02213,CC0017,EN,2,Performance Pay,11444.47,CAD,CAN,2024-05-13 16:00:00,CORE_HR
EVT00081566,2024-05-10,EMP01618,CC0101,IT,1,Lateral Deployment,,CAD,CAN,2024-05-11 00:00:00,CORE_HR
EVT00081803,2024-05-21,EMP00521,CC0116,EC,4,Hire,130089.18,CAD,CA,2024-05-21 08:00:00,PAYROLL
EVT00081545,2024-05-05,EMP04567,CC0006,EX,1,Leave Start,,CAD,CA,2024-05-05 09:00:00,PAYROLL
EVT00080315,2024-05-05,EMP01135,CC0042,PA,4,Step Increment,103893.99,CAD,CA,2024-05-05 19:00:00,PAYROLL
EVT00081016,2024-05-24,EMP00129,CC0023,IT,2,Performance Pay,13214.97,CAD,CAN,2024-05-25 00:00:00,CORE_HR
EVT00080835,2024-05-25,EMP04876,CC0051,FI,3,Leave Return,,CAD,CA,2024-05-26 02:00:00,PAYROLL
EVT00080144,2024-05-02,EMP00393,CC0011,FI,4,Hire,108172.69,CAD,CAN,2024-05-02 19:00:00,CORE_HR
EVT00080097,2024-05-20,EMP02782,CC0071,PA,5,Step Increment,112163.76,CAD,CAN,2024-05-21 09:00:00,CORE_HR
EVT00080857,2024-05-24,EMP01351,CC0117,CR,2,Performance Pay,8118.74,CAD,CA,2024-05-24 18:00:00,PAYROLL
EVT00081043,2024-05-09,EMP03578,CC0048,EC,3,Leave Return,,CAD,CAN,2024-05-10 07:00:00,CORE_HR
EVT00081714,2024-05-09,EMP00677,CC0083,EC,2,Lateral Deployment,,CAD,CAN,2024-05-10 09:00:00,CORE_HR
EVT00081232,2024-05-15,EMP02505,CC0028,EX,1,Step Increment,128789.96,CAD,CAN,2024-05-18 08:00:00,CORE_HR
EVT00079931,2024-05-01,EMP04123,CC0017,PA,5,Step Increment,97009.17,CAD,CAN,2024-05-02 02:00:00,CORE_HR
EVT00080601,2024-05-21,EMP03001,CC0007,IT,1,Step Increment,139504.99,AUD,AUS,2024-05-21 12:00:00,CORE_HR
EVT00081937,2024-05-06,EMP02801,CC0053,FI,3,Step Increment,110872.79,CAD,CAN,2024-05-06 15:00:00,CORE_HR
EVT00081438,2024-05-06,EMP01433,CC0037,FI,3,Step Increment,79913.69,CAD,CA,2024-05-07 13:00:00,PAYROLL
EVT00080681,2024-05-02,EMP00298,CC0113,EX,1,Hire,129152.29,CAD,CA,2024-05-02 20:00:00,PAYROLL
EVT00081659,2024-05-24,EMP00236,CC0054,AS,2,Step Increment,8279551.07,KES,KE,2024-05-25 06:00:00,PAYROLL
EVT00080434,2024-05-21,EMP00133,CC0028,FI,1,Lateral Deployment,,CAD,CAN,2024-05-22 00:00:00,CORE_HR
EVT00080702,2024-05-23,EMP04153,CC0007,EN,5,Performance Pay,65210.88,BRL,BRA,2024-05-24 11:00:00,CORE_HR
EVT00080345,2024-05-11,EMP02835,CC0087,EC,2,Performance Pay,4440.91,CAD,CAN,2024-05-11 08:00:00,CORE_HR
EVT00081939,2024-05-16,EMP03589,CC0108,IT,3,Promotion,338213.35,AED,ARE,2024-05-16 17:00:00,CORE_HR
EVT00081034,2024-05-21,EMP00683,CC0098,EN,2,Leave Return,,CAD,CAN,2024-05-22 04:00:00,CORE_HR
EVT00081864,2024-05-25,EMP01643,CC0117,CR,4,Leave Return,,CAD,CA,2024-05-26 02:00:00,PAYROLL
EVT00082009,2024-05-09,EMP00364,CC0110,AS,1,Leave Start,,CAD,CAN,2024-05-09 22:00:00,CORE_HR
EVT00081965,2024-05-07,EMP01734,CC0040,EC,3,Step Increment,107202.0,CAD,CAN,2024-05-08 13:00:00,CORE_HR
EVT00081579,2024-05-13,EMP00876,CC0102,CR,3,Leave Start,,CAD,CAN,2024-05-14 04:00:00,CORE_HR
EVT00080878,2024-05-06,EMP01560,CC0004,EN,5,Leave Return,,CAD,CAN,2024-05-06 08:00:00,CORE_HR
EVT00081940,2024-05-20,EMP04337,CC0004,EC,3,Leave Return,,CAD,CAN,2024-05-20 11:00:00,CORE_HR
EVT00080843,2024-05-05,EMP03579,CC0036,EX,1,Leave Return,,CAD,CAN,2024-05-05 10:00:00,CORE_HR
EVT00080890,2024-05-16,EMP03846,CC0031,AS,1,Leave Return,,BRL,BRA,2024-05-16 10:00:00,CORE_HR
EVT00080455,2024-05-06,EMP02008,CC0089,PA,4,Leave Return,,CAD,CA,2024-05-06 12:00:00,PAYROLL
EVT00081988,2024-05-20,EMP03479,CC0054,CR,2,Performance Pay,3270.48,SGD,SGP,2024-05-20 07:00:00,CORE_HR
EVT00080288,2024-05-08,EMP04147,CC0064,EN,3,Step Increment,89218.54,CAD,CAN,2024-05-09 01:00:00,CORE_HR
EVT00081492,2024-05-25,EMP03811,CC0043,AS,2,Performance Pay,5079.66,CAD,CA,2024-05-26 10:00:00,PAYROLL
EVT00080928,2024-05-17,EMP03296,CC0064,IT,3,Leave Start,,CAD,CA,2024-05-18 12:00:00,PAYROLL
EVT00081497,2024-05-22,EMP00912,CC0043,IT,2,Step Increment,91615.49,CAD,CA,2024-05-22 23:00:00,PAYROLL
EVT00081709,2024-05-14,EMP01170,CC0088,PA,5,Leave Return,,AUD,AUS,2024-05-15 13:00:00,CORE_HR
EVT00081639,2024-05-20,EMP00538,CC0060,CR,4,Hire,81299.75,CAD,CA,2024-05-21 15:00:00,PAYROLL
EVT00081441,2024-05-15,EMP00521,CC0116,EC,4,Departure,,CAD,CAN,2024-05-16 03:00:00,CORE_HR
EVT00080123,2024-05-01,EMP03796,CC0060,PA,2,Departure,,CAD,CAN,2024-05-01 14:00:00,CORE_HR
EVT00080171,2024-05-15,EMP02415,CC0120,IT,2,Leave Return,,CAD,CA,2024-05-15 14:00:00,PAYROLL
EVT00079997,2024-05-03,EMP03929,CC0081,CR,3,Leave Start,,CAD,CAN,2024-05-04 12:00:00,CORE_HR
EVT00081768,2024-05-10,EMP04170,CC0053,PA,1,Leave Start,,CAD,CA,2024-05-10 20:00:00,PAYROLL
EVT00080392,2024-05-04,EMP01811,CC0089,IT,2,Performance Pay,7591.65,CAD,CA,2024-05-04 14:00:00,PAYROLL
EVT00081265,2024-05-24,EMP02018,CC0077,EC,2,Lateral Deployment,,CAD,CAN,2024-05-24 19:00:00,CORE_HR
EVT00080500,2024-05-05,EMP02004,CC0062,EC,5,Hire,134851.4,CAD,CAN,2024-05-05 23:00:00,CORE_HR
EVT00080025,2024-05-16,EMP03463,CC0035,IT,1,Leave Start,,CAD,CAN,2024-05-17 11:00:00,CORE_HR
EVT00080814,2024-05-02,EMP00310,CC0088,EN,1,Step Increment,252669.51,AED,AE,2024-05-02 21:00:00,PAYROLL
EVT00081947,2024-05-24,EMP00028,CC0067,EC,1,Hire,72004.98,CAD,CAN,2024-05-25 07:00:00,CORE_HR
EVT00080135,2024-05-18,EMP03464,CC0030,EN,4,Step Increment,15618157.06,KES,KE,2024-05-18 21:00:00,PAYROLL
EVT00081827,2024-05-25,EMP03160,CC0048,IT,1,Leave Return,,CAD,CAN,2024-05-25 11:00:00,CORE_HR
EVT00081195,2024-05-13,EMP05190,CC0049,CR,1,Leave Start,,INR,IND,2024-05-14 12:00:00,CORE_HR
EVT00080910,2024-05-12,EMP01797,CC0116,FI,3,Leave Start,,CAD,CAN,2024-05-13 01:00:00,CORE_HR
EVT00080509,2024-05-24,EMP01922,CC0101,IT,2,Step Increment,102180.65,CAD,CAN,2024-05-25 13:00:00,CORE_HR
EVT00079923,2024-05-01,EMP04691,CC0016,EN,2,Hire,111347.88,CAD,CAN,2024-05-02 09:00:00,CORE_HR
EVT00081249,2024-05-07,EMP04827,CC0092,EC,1,Step Increment,79623.66,CAD,CAN,2024-05-08 03:00:00,CORE_HR
EVT00081179,2024-05-02,EMP03296,CC0064,IT,3,Step Increment,116592.93,CAD,CAN,2024-05-03 04:00:00,CORE_HR
EVT00082020,2024-05-14,EMP01382,CC0054,EX,3,Step Increment,303787.68,AUD,AU,2024-05-15 09:00:00,PAYROLL
EVT00081140,2024-05-27,EMP03070,CC0106,AS,2,Leave Start,,CAD,CA,2024-05-27 19:00:00,PAYROLL
EVT00081781,2024-05-09,EMP02760,CC0052,AS,4,Step Increment,63367.69,CAD,CAN,2024-05-10 00:00:00,CORE_HR
EVT00080849,2024-05-16,EMP00822,CC0035,IT,3,Step Increment,91580.57,CAD,CAN,2024-05-17 02:00:00,CORE_HR
EVT00080166,2024-05-25,EMP02116,CC0010,PA,3,Step Increment,110401.14,CAD,CAN,2024-05-26 03:00:00,CORE_HR
EVT00080926,2024-05-09,EMP01627,CC0064,EC,2,Leave Start,,CAD,CAN,2024-05-09 21:00:00,CORE_HR
EVT00080319,2024-05-09,EMP04424,CC0017,FI,2,Step Increment,90533.32,CAD,CAN,2024-05-09 14:00:00,CORE_HR
EVT00080988,2024-05-02,EMP01079,CC0110,EX,1,Step Increment,150442.42,CAD,CAN,2024-05-03 09:00:00,CORE_HR
EVT00079920,2024-05-18,EMP01017,CC0104,PA,4,Hire,95276.5,CAD,CAN,2024-05-19 07:00:00,CORE_HR
EVT00079978,2024-05-22,EMP00760,CC0064,PA,4,Leave Return,,CAD,CAN,2024-05-22 16:00:00,CORE_HR
EVT00081442,2024-05-07,EMP00186,CC0030,AS,3,Performance Pay,4572.04,GBP,GBR,2024-05-08 11:00:00,CORE_HR
EVT00080698,2024-05-26,EMP00581,CC0105,EC,1,Step Increment,63206.18,EUR,FRA,2024-05-27 01:00:00,CORE_HR
EVT00081657,2024-05-09,EMP00820,CC0069,PA,3,Step Increment,82214.68,CAD,CAN,2024-05-09 15:00:00,CORE_HR
EVT00080208,2024-05-07,EMP02932,CC0004,AS,2,Lateral Deployment,,CAD,CA,2024-05-07 15:00:00,PAYROLL
EVT00080594,2024-05-12,EMP02190,CC0080,PA,4,Leave Return,,BRL,BRA,2024-05-13 14:00:00,CORE_HR
EVT00081393,2024-05-26,EMP01899,CC0012,AS,4,Leave Return,,CAD,CAN,2024-05-26 21:00:00,CORE_HR
EVT00081433,2024-05-12,EMP01801,CC0010,PA,3,Lateral Deployment,,CAD,CA,2024-05-13 15:00:00,PAYROLL
EVT00080257,2024-05-10,EMP04963,CC0089,IT,2,Step Increment,94810.07,CAD,CAN,2024-05-10 18:00:00,CORE_HR
EVT00081753,2024-05-16,EMP04278,CC0039,FI,2,Leave Start,,CAD,CA,2024-05-16 09:00:00,PAYROLL
EVT00079963,2024-05-09,EMP01913,CC0118,FI,3,Hire,104308.75,CAD,CA,2024-05-10 04:00:00,PAYROLL
EVT00079956,2024-05-22,EMP03707,CC0015,CR,3,Hire,73553.14,CAD,CAN,2024-05-22 21:00:00,CORE_HR
EVT00080732,2024-05-16,EMP01014,CC0076,CR,4,Step Increment,67511.27,CAD,CAN,2024-05-16 11:00:00,CORE_HR
EVT00079899,2024-05-26,EMP03354,CC0013,FI,1,Departure,,CAD,CA,2024-05-27 04:00:00,PAYROLL
EVT00080152,2024-05-01,EMP00370,CC0115,IT,2,Step Increment,104627.53,CAD,CAN,2024-05-01 13:00:00,CORE_HR
EVT00081355,2024-05-03,EMP04690,CC0086,EN,3,Leave Return,,BRL,BR,2024-05-03 16:00:00,PAYROLL
EVT00079959,2024-05-18,EMP04171,CC0120,IT,2,Leave Return,,CAD,CAN,2024-05-18 23:00:00,CORE_HR
EVT00080256,2024-05-15,EMP03970,CC0098,PA,4,Hire,90437.63,CAD,CAN,2024-05-16 12:00:00,CORE_HR
EVT00080636,2024-05-24,EMP00253,CC0013,PA,4,Step Increment,98540.13,CAD,CA,2024-05-24 14:00:00,PAYROLL
EVT00081535,2024-05-26,EMP02960,CC0072,AS,1,Performance Pay,5639.78,CAD,CA,2024-05-26 18:00:00,PAYROLL
EVT00081259,2024-05-05,EMP00176,CC0031,FI,3,Leave Return,,MXN,MEX,2024-05-05 19:00:00,CORE_HR
EVT00080192,2024-05-16,EMP03926,CC0007,PA,3,Step Increment,235409.19,AED,ARE,2024-05-17 01:00:00,CORE_HR
EVT00081783,2024-05-11,EMP00538,CC0060,CR,4,Hire,67839.48,CAD,CA,2024-05-11 19:00:00,PAYROLL
EVT00080863,2024-05-16,EMP00487,CC0081,EN,3,Step Increment,119359.49,CAD,CA,2024-05-17 11:00:00,PAYROLL
EVT00081335,2024-05-27,EMP01780,CC0098,IT,4,Step Increment,136497.75,CAD,CA,2024-05-27 10:00:00,PAYROLL
EVT00080839,2024-05-24,EMP04688,CC0044,PA,4,Step Increment,96924.73,CAD,CAN,2024-05-25 14:00:00,CORE_HR
EVT00080489,2024-05-15,EMP03959,CC0048,AS,2,Promotion,67982.56,CAD,CAN,2024-05-16 12:00:00,CORE_HR
EVT00080412,2024-05-10,EMP00073,CC0041,IT,3,Performance Pay,11067.18,CAD,CAN,2024-05-10 18:00:00,CORE_HR
EVT00080400,2024-05-17,EMP01224,CC0023,AS,3,Step Increment,77396.82,CAD,CA,2024-05-18 13:00:00,PAYROLL
EVT00081954,2024-05-10,EMP05112,CC0076,IT,1,Performance Pay,6147.97,CAD,CAN,2024-05-11 15:00:00,CORE_HR
EVT00081412,2024-05-02,EMP05165,CC0021,IT,2,Step Increment,102740.66,CAD,CA,2024-05-02 15:00:00,PAYROLL
EVT00081868,2024-05-18,EMP01383,CC0114,CR,2,Lateral Deployment,,CAD,CAN,2024-05-18 15:00:00,CORE_HR
EVT00081411,2024-05-27,EMP00922,CC0067,PA,1,Step Increment,67395.29,CAD,CAN,2024-05-27 15:00:00,CORE_HR
EVT00080130,2024-05-05,EMP03393,CC0081,EX,2,Leave Return,,CAD,CA,2024-05-06 02:00:00,PAYROLL
EVT00081945,2024-05-19,EMP04036,CC0038,EC,3,Leave Return,,CAD,CAN,2024-05-19 18:00:00,CORE_HR
EVT00080351,2024-05-12,EMP02960,CC0072,AS,1,Departure,,CAD,CAN,2024-05-13 00:00:00,CORE_HR
EVT00080321,2024-05-15,EMP01293,CC0079,PA,1,Performance Pay,5293.81,CAD,CAN,2024-05-17 06:00:00,CORE_HR
EVT00080283,2024-05-12,EMP01039,CC0052,EN,1,Leave Return,,CAD,CAN,2024-05-12 21:00:00,CORE_HR
EVT00080051,2024-05-20,EMP03345,CC0119,EX,1,Leave Return,,CAD,CA,2024-05-20 06:00:00,PAYROLL
EVT00079922,2024-05-05,EMP01726,CC0050,IT,2,Step Increment,98810.51,CAD,CA,2024-05-05 14:00:00,PAYROLL
EVT00081062,2024-05-25,EMP00832,CC0055,AS,3,Step Increment,70235.29,CAD,CA,2024-05-25 21:00:00,PAYROLL
EVT00080343,2024-05-26,EMP04020,CC0120,AS,1,Departure,,CAD,CAN,2024-05-27 11:00:00,CORE_HR
EVT00080453,2024-05-21,EMP04072,CC0039,PA,1,Step Increment,62544.73,CAD,CAN,2024-05-21 10:00:00,CORE_HR
EVT00080603,2024-05-05,EMP04334,CC0117,PA,2,Leave Start,,CAD,CAN,2024-05-06 02:00:00,CORE_HR
EVT00081013,2024-05-15,EMP00503,CC0085,PA,4,Leave Return,,CAD,CAN,2024-05-15 06:00:00,CORE_HR
EVT00080078,2024-05-26,EMP05101,CC0079,IT,1,Performance Pay,3806.95,CAD,CAN,2024-05-26 20:00:00,CORE_HR
EVT00081771,2024-05-23,EMP05113,CC0080,EC,4,Leave Start,,JPY,JP,2024-05-23 17:00:00,PAYROLL
EVT00081057,2024-05-21,EMP01643,CC0117,CR,4,Leave Return,,CAD,CAN,2024-05-22 15:00:00,CORE_HR
EVT00080960,2024-05-20,EMP01108,CC0091,PA,3,Step Increment,84779.0,CAD,CAN,2024-05-21 00:00:00,CORE_HR
EVT00081993,2024-05-04,EMP02174,CC0117,EN,2,Step Increment,104499.88,CAD,CAN,2024-05-05 00:00:00,CORE_HR
EVT00080684,2024-05-14,EMP00371,CC0093,AS,5,Leave Return,,CAD,CAN,2024-05-14 23:00:00,CORE_HR
EVT00080326,2024-05-20,EMP00879,CC0118,PA,3,Leave Return,,CAD,CA,2024-05-20 14:00:00,PAYROLL
EVT00081588,2024-05-10,EMP00663,CC0007,AS,3,Leave Start,,EUR,DE,2024-05-10 21:00:00,PAYROLL
EVT00080781,2024-05-18,EMP03188,CC0039,PA,2,Promotion,82517.47,CAD,CAN,2024-05-19 15:00:00,CORE_HR
EVT00081782,2024-05-10,EMP00135,CC0117,PA,2,Leave Start,,CAD,CAN,2024-05-11 12:00:00,CORE_HR
EVT00080668,2024-05-03,EMP01383,CC0114,CR,2,Leave Start,,CAD,CAN,2024-05-04 12:00:00,CORE_HR
EVT00080527,2024-05-07,EMP03261,CC0048,PA,3,Departure,,CAD,CA,2024-05-08 13:00:00,PAYROLL
EVT00081483,2024-05-24,EMP00016,CC0032,EX,1,Step Increment,151955.51,CAD,CAN,2024-05-25 20:00:00,CORE_HR
EVT00080654,2024-05-01,EMP03705,CC0080,EN,1,Step Increment,-49767.23,SGD,SG,2024-05-02 13:00:00,PAYROLL
EVT00081151,2024-05-22,EMP01754,CC0007,EX,2,Leave Start,,BRL,BRA,2024-05-22 20:00:00,CORE_HR
EVT00081424,2024-05-16,EMP02233,CC0017,AS,4,Step Increment,88837.5,CAD,CAN,2024-05-17 01:00:00,CORE_HR
EVT00081258,2024-05-23,EMP01031,CC0108,EX,2,Hire,557124.19,BRL,BR,2024-05-24 02:00:00,PAYROLL
EVT00080694,2024-05-27,EMP01669,CC0108,EX,2,Step Increment,15834216.56,JPY,JPN,2024-05-27 22:00:00,CORE_HR
EVT00081944,2024-05-14,EMP03129,CC0071,AS,4,Step Increment,87974.94,CAD,CAN,2024-05-15 01:00:00,CORE_HR
EVT00080411,2024-05-19,EMP02104,CC0084,EX,1,Step Increment,139248.1,CAD,CA,2024-05-19 19:00:00,PAYROLL
EVT00081159,2024-05-05,EMP03522,CC0044,CR,2,Step Increment,67318.32,CAD,CAN,2024-05-06 05:00:00,CORE_HR
EVT00080722,2024-05-25,EMP03498,CC0052,AS,1,Performance Pay,4591.75,CAD,CA,2024-05-26 00:00:00,PAYROLL
EVT00081250,2024-05-17,EMP03108,CC0019,EN,1,Step Increment,72159.29,CAD,CA,2024-05-18 09:00:00,PAYROLL
EVT00080561,2024-05-06,EMP02080,CC0113,EX,1,Step Increment,138738.37,CAD,CA,2024-05-07 08:00:00,PAYROLL
EVT00081088,2024-05-02,EMP04628,CC0027,AS,2,Step Increment,73270.76,CAD,CA,2024-05-02 13:00:00,PAYROLL
EVT00081844,2024-05-26,EMP03413,CC0033,EN,1,Leave Start,,CAD,CA,2024-05-27 03:00:00,PAYROLL
EVT00081741,2024-05-11,EMP01170,CC0088,PA,5,Promotion,319869.47,AED,ARE,2024-05-12 12:00:00,CORE_HR
EVT00081622,2024-05-27,EMP00610,CC0030,AS,1,Performance Pay,637800.42,KES,KE,2024-05-28 14:00:00,PAYROLL
EVT00081933,2024-05-13,EMP02803,CC0088,FI,1,Departure,,SGD,SGP,2024-05-14 08:00:00,CORE_HR
EVT00081396,2024-05-16,EMP04067,CC0097,PA,1,Leave Start,,CAD,CA,2024-05-16 12:00:00,PAYROLL
EVT00081195,2024-05-13,EMP05190,CC0049,CR,1,Leave Start,,INR,IND,2024-05-15 12:00:00,CORE_HR
EVT00080344,2024-05-12,EMP04490,CC0057,IT,3,Performance Pay,8854.25,CAD,CA,2024-05-13 01:00:00,PAYROLL
EVT00081079,2024-05-13,EMP02509,CC0093,PA,1,Leave Return,,CAD,CAN,2024-05-14 06:00:00,CORE_HR
EVT00081851,2024-05-24,EMP00884,CC0073,IT,4,Step Increment,123787.23,CAD,CA,2024-05-24 11:00:00,PAYROLL
EVT00079921,2024-05-03,EMP03345,CC0119,EX,1,Departure,,CAD,CA,2024-05-04 00:00:00,PAYROLL
EVT00081680,2024-05-26,EMP02506,CC0108,EN,5,Leave Return,,SGD,SGP,2024-05-26 19:00:00,CORE_HR
EVT00081548,2024-05-01,EMP01764,CC0064,EN,5,Step Increment,152914.99,CAD,CAN,2024-05-01 10:00:00,CORE_HR
EVT00081648,2024-05-26,EMP01604,CC0001,EX,1,Step Increment,146996.03,CAD,CAN,2024-05-27 02:00:00,CORE_HR
EVT00080379,2024-05-08,EMP00851,CC0079,IT,2,Leave Start,,CAD,CA,2024-05-09 08:00:00,PAYROLL
EVT00081175,2024-05-08,EMP01467,CC0116,EN,4,Departure,,CAD,CA,2024-05-08 08:00:00,PAYROLL
EVT00081660,2024-05-25,EMP02502,CC0038,AS,1,Hire,63439.6,CAD,CAN,2024-05-25 20:00:00,CORE_HR
EVT00080014,2024-05-08,EMP04262,CC0068,AS,3,Leave Return,,CAD,CAN,2024-05-08 14:00:00,CORE_HR
EVT00080646,2024-05-03,EMP00539,CC0051,CR,1,Lateral Deployment,,CAD,CAN,2024-05-04 14:00:00,CORE_HR
EVT00080427,2024-05-19,EMP01208,CC0032,AS,3,Step Increment,79914.72,CAD,CA,2024-05-20 08:00:00,PAYROLL
EVT00081674,2024-05-05,EMP03762,CC0063,CR,2,Step Increment,60920.84,CAD,CA,2024-05-05 12:00:00,PAYROLL
EVT00080247,2024-05-17,EMP04598,CC0037,IT,2,Performance Pay,13365.09,CAD,CAN,2024-05-17 17:00:00,CORE_HR
EVT00080044,2024-05-20,EMP03557,CC0009,PA,2,Promotion,117272.99,AUD,AUS,2024-05-21 08:00:00,CORE_HR
EVT00081210,2024-05-21,EMP05138,CC0013,IT,3,Performance Pay,14855.67,CAD,CAN,2024-05-22 12:00:00,CORE_HR
EVT00081688,2024-05-03,EMP03322,CC0120,EN,4,Hire,131001.15,CAD,CAN,2024-05-04 08:00:00,CORE_HR
EVT00080297,2024-05-01,EMP00129,CC0023,IT,2,Departure,,CAD,CA,2024-05-02 05:00:00,PAYROLL
EVT00081407,2024-05-18,EMP04354,CC0097,EN,1,Performance Pay,7374.08,CAD,CA,2024-05-19 01:00:00,PAYROLL
EVT00081690,2024-05-20,EMP02509,CC0093,PA,1,Promotion,60152.14,CAD,CA,2024-05-20 14:00:00,PAYROLL
EVT00081737,2024-05-16,EMP00957,CC0042,CR,4,Leave Start,,CAD,CA,2024-05-17 14:00:00,PAYROLL
EVT00080132,2024-05-24,EMP03833,CC0119,FI,4,Lateral Deployment,,CAD,CA,2024-05-24 18:00:00,PAYROLL
EVT00081004,2024-05-09,EMP02866,CC0032,PA,2,Lateral Deployment,,CAD,CA,2024-05-10 11:00:00,PAYROLL
EVT00080223,2024-05-27,EMP03672,CC0052,AS,2,Leave Start,,CAD,CAN,2024-05-28 00:00:00,CORE_HR
EVT00081837,2024-05-04,EMP01246,CC0113,EC,2,Hire,93131.53,CAD,CA,2024-05-05 07:00:00,PAYROLL
EVT00081419,2024-05-25,EMP04392,CC0055,PA,5,Lateral Deployment,,CAD,CA,2024-05-25 17:00:00,PAYROLL
EVT00080593,2024-05-01,EMP04173,CC0072,PA,3,Hire,65982.44,CAD,CAN,2024-05-03 03:00:00,CORE_HR
EVT00080622,2024-05-21,EMP03615,CC0078,CR,2,Step Increment,63895.12,CAD,CAN,2024-05-21 08:00:00,CORE_HR
EVT00080643,2024-05-11,EMP00254,CC0077,AS,5,Step Increment,84712.58,CAD,CA,2024-05-11 17:00:00,PAYROLL
EVT00080780,2024-05-02,EMP01512,CC0104,PA,5,Hire,97612.26,CAD,CAN,2024-05-03 04:00:00,CORE_HR
EVT00081204,2024-05-17,EMP04752,CC0004,IT,2,Departure,,CAD,CAN,2024-05-17 13:00:00,CORE_HR
EVT00080893,2024-05-17,EMP04213,CC0033,IT,5,Departure,,CAD,CA,2024-05-18 08:00:00,PAYROLL
EVT00081286,2024-05-16,EMP05085,CC0048,AS,2,Leave Return,,CAD,CAN,2024-05-16 08:00:00,CORE_HR
EVT00080971,2024-05-20,EMP02540,CC0064,PA,4,Step Increment,87119.62,CAD,CA,2024-05-21 14:00:00,PAYROLL
EVT00080858,2024-05-12,EMP02388,CC0052,PA,1,Lateral Deployment,,CAD,CAN,2024-05-12 22:00:00,CORE_HR
EVT00081772,2024-05-26,EMP01870,CC0017,FI,5,Leave Start,,CAD,CAN,2024-05-26 14:00:00,CORE_HR
EVT00080965,2024-05-17,EMP04542,CC0103,FI,2,Leave Start,,CAD,CA,2024-05-17 17:00:00,PAYROLL
EVT00081652,2024-05-10,EMP02801,CC0053,FI,3,Performance Pay,12225.96,CAD,CA,2024-05-11 05:00:00,PAYROLL
EVT00080816,2024-05-22,EMP03033,CC0057,IT,5,Step Increment,131162.76,CAD,CA,2024-05-23 02:00:00,PAYROLL
EVT00081914,2024-05-02,EMP02813,CC0005,CR,3,Lateral Deployment,,CAD,CAN,2024-05-02 20:00:00,CORE_HR
EVT00080501,2024-05-03,EMP04255,CC0100,EX,1,Lateral Deployment,,CAD,CAN,2024-05-04 02:00:00,CORE_HR
EVT00080021,2024-05-18,EMP00989,CC0056,EN,4,Lateral Deployment,,CAD,CAN,2024-05-19 08:00:00,CORE_HR
EVT00081472,2024-05-24,EMP03876,CC0086,EX,2,Departure,,EUR,DEU,2024-05-24 11:00:00,CORE_HR
EVT00081316,2024-05-18,EMP02612,CC0114,EN,1,Hire,102315.69,CAD,CAN,2024-05-18 19:00:00,CORE_HR
EVT00079944,2024-05-14,EMP02559,CC0104,EX,1,Step Increment,144887.73,CAD,CA,2024-05-15 05:00:00,PAYROLL
EVT00081190,2024-05-06,EMP01378,CC0002,EN,3,Step Increment,109655.71,CAD,CAN,2024-05-07 14:00:00,CORE_HR
EVT00081005,2024-05-20,EMP01482,CC0029,CR,1,Lateral Deployment,,JPY,JPN,2024-05-20 07:00:00,CORE_HR
EVT00081338,2024-05-14,EMP00308,CC0119,AS,2,Lateral Deployment,,CAD,CAN,2024-05-14 13:00:00,CORE_HR
EVT00081263,1900-01-01,EMP03954,CC0115,FI,3,Step Increment,109944.85,CAD,CA,2024-05-06 15:00:00,PAYROLL
EVT00080558,2024-05-06,EMP04963,CC0089,IT,2,Step Increment,74943.9,CAD,CAN,2024-05-07 15:00:00,CORE_HR
EVT00080436,2024-05-16,EMP03900,CC0016,CR,1,Leave Return,,CAD,CA,2024-05-16 14:00:00,PAYROLL
EVT00079984,2024-05-21,EMP00288,CC0100,CR,4,Leave Return,,CAD,CAN,2024-05-21 22:00:00,CORE_HR
EVT00080328,2024-05-02,EMP01289,CC0090,CR,3,Step Increment,70333.91,CAD,CA,2024-05-02 11:00:00,PAYROLL
EVT00080862,2024-05-07,EMP01155,CC0081,FI,3,Performance Pay,9116.41,CAD,CAN,2024-05-08 06:00:00,CORE_HR
EVT00081452,2024-05-13,EMP00927,CC0056,EN,1,Lateral Deployment,,CAD,CAN,2024-05-13 23:00:00,CORE_HR
EVT00081122,2024-05-14,EMP00830,CC0057,PA,1,Step Increment,60146.42,CAD,CA,2024-05-14 12:00:00,PAYROLL
EVT00081962,2024-05-16,EMP01272,CC0077,FI,2,Leave Return,,CAD,CA,2024-05-17 01:00:00,PAYROLL
EVT00080586,2024-05-03,EMP03245,CC0025,EX,1,Hire,109344.3,CAD,CA,2024-05-04 13:00:00,PAYROLL
EVT00081201,2024-05-20,EMP05008,CC0065,PA,4,Lateral Deployment,,AED,AE,2024-05-22 05:00:00,PAYROLL
EVT00081464,2024-05-19,EMP03650,CC0052,PA,1,Step Increment,59770.1,CAD,CAN,2024-05-19 18:00:00,CORE_HR
EVT00080169,2024-05-25,EMP01292,CC0113,AS,3,Step Increment,75993.45,CAD,CAN,2024-05-25 16:00:00,CORE_HR
EVT00080566,2024-05-17,EMP02559,CC0104,EX,1,Performance Pay,6352.89,CAD,CA,2024-05-20 03:00:00,PAYROLL
EVT00081322,2024-05-15,EMP03069,CC0018,IT,5,Departure,,CAD,CAN,2024-05-16 06:00:00,CORE_HR
EVT00080819,2024-05-07,EMP00701,CC0068,CR,1,Performance Pay,4706.78,CAD,CAN,2024-05-07 16:00:00,CORE_HR
EVT00080370,2024-05-26,EMP02746,CC0084,CR,4,Step Increment,72188.08,CAD,CAN,2024-05-26 19:00:00,CORE_HR
EVT00079908,2024-05-11,EMP01550,CC0034,PA,1,Leave Start,,CAD,CA,2024-05-11 08:00:00,PAYROLL
EVT00081276,2024-05-16,EMP00950,CC0074,AS,2,Step Increment,7835766.24,KES,KEN,2024-05-16 19:00:00,CORE_HR
EVT00080082,2024-05-05,EMP03641,CC0064,EC,4,Leave Start,,CAD,CAN,2024-05-05 08:00:00,CORE_HR
EVT00080438,2024-05-08,EMP03191,CC0044,PA,2,Performance Pay,7668.75,CAD,CA,2024-05-08 14:00:00,PAYROLL
EVT00080599,2024-05-26,EMP01385,CC0011,FI,2,Performance Pay,8761.92,CAD,CAN,2024-05-26 17:00:00,CORE_HR
EVT00079930,2024-05-25,EMP03848,CC0018,CR,5,Lateral Deployment,,CAD,CA,2024-05-26 06:00:00,PAYROLL
EVT00081825,2024-05-06,EMP01215,CC0107,EN,1,Step Increment,112853.61,CAD,CAN,2024-05-07 11:00:00,CORE_HR
EVT00081120,2024-05-23,EMP00246,CC0114,FI,3,Step Increment,107396.58,CAD,CAN,2024-05-23 12:00:00,CORE_HR
EVT00079936,2024-05-03,EMP01454,CC0041,AS,2,Step Increment,65840.86,CAD,CA,2024-05-05 03:00:00,PAYROLL
EVT00081809,2024-05-04,EMP02915,CC0032,IT,2,Lateral Deployment,,CAD,CAN,2024-05-04 14:00:00,CORE_HR
EVT00081028,2024-05-03,EMP05124,CC0101,PA,1,Leave Return,,CAD,CA,2024-05-03 18:00:00,PAYROLL
EVT00080005,2024-05-23,EMP00195,CC0055,IT,2,Performance Pay,13715.31,CAD,CAN,2024-05-23 17:00:00,CORE_HR
EVT00081201,2024-05-20,EMP05008,CC0065,PA,4,Lateral Deployment,,AED,AE,2024-05-20 22:00:00,PAYROLL
EVT00080300,2024-05-23,EMP05155,CC0081,FI,4,Performance Pay,10942.27,CAD,CA,2024-05-23 08:00:00,PAYROLL
EVT00080226,2024-05-03,EMP04080,CC0061,PA,1,Leave Return,,CAD,CA,2024-05-04 09:00:00,PAYROLL
EVT00080069,2024-05-12,EMP03063,CC0065,PA,2,Departure,,AUD,AUS,2024-05-13 05:00:00,CORE_HR
EVT00081519,2024-05-16,EMP01875,CC0030,IT,3,Step Increment,11668751.44,JPY,JPN,2024-05-16 17:00:00,CORE_HR
EVT00081243,2024-05-13,EMP04163,CC0009,EC,3,Step Increment,64599.74,GBP,GBR,2024-05-14 10:00:00,CORE_HR
EVT00081391,2024-05-21,EMP03341,CC0074,PA,2,Promotion,64754.72,EUR,DE,2024-05-21 21:00:00,PAYROLL
EVT00081223,2024-05-06,EMP04661,CC0032,PA,1,Step Increment,71364.02,CAD,CA,2024-05-06 20:00:00,PAYROLL
EVT00080022,2024-05-18,EMP00695,CC0087,EC,4,Performance Pay,7656.81,CAD,CA,2024-05-18 09:00:00,PAYROLL
EVT00080635,2024-05-20,EMP04114,CC0079,EX,2,Hire,169435.41,CAD,CAN,2024-05-20 10:00:00,CORE_HR
EVT00081041,2024-05-04,EMP03972,CC0076,EX,2,Step Increment,172784.77,CAD,CA,2024-05-05 07:00:00,PAYROLL
EVT00081400,2024-05-09,EMP04180,CC0022,IT,5,Step Increment,140050.6,CAD,CA,2024-05-09 10:00:00,PAYROLL
EVT00081658,2024-05-19,EMP01527,CC0066,PA,1,Departure,,CAD,CAN,2024-05-20 01:00:00,CORE_HR
EVT00080242,2024-05-13,EMP01332,CC0072,EC,1,Lateral Deployment,,CAD,CAN,2024-05-13 11:00:00,CORE_HR
EVT00080547,2024-05-06,EMP03751,CC0044,IT,1,Step Increment,69152.28,CAD,CAN,2024-05-07 01:00:00,CORE_HR
EVT00081245,2024-05-23,EMP00112,CC0036,PA,3,Hire,79954.99,CAD,CAN,2024-05-24 04:00:00,CORE_HR
EVT00080845,2024-05-15,EMP02110,CC0095,AS,5,Lateral Deployment,,CAD,CAN,2024-05-15 13:00:00,CORE_HR
EVT00080043,2024-05-16,EMP00469,CC0036,PA,2,Performance Pay,9756.75,CAD,CA,2024-05-17 06:00:00,PAYROLL
EVT00080733,2024-05-11,EMP01300,CC0091,EX,1,Step Increment,162331.44,CAD,CA,2024-05-11 19:00:00,PAYROLL
EVT00081967,2024-05-17,EMP02658,CC0107,PA,1,Step Increment,80229.28,CAD,CA,2024-05-18 13:00:00,PAYROLL
EVT00080753,2024-05-27,EMP00277,CC0089,PA,3,Performance Pay,5283.71,CAD,CAN,2024-05-27 10:00:00,CORE_HR
EVT00080961,2024-05-27,EMP01149,CC0085,EN,2,Step Increment,105643.87,CAD,CA,2024-05-28 11:00:00,PAYROLL
EVT00080485,2024-05-11,EMP01800,CC0006,PA,1,Departure,,CAD,CA,2024-05-11 11:00:00,PAYROLL
EVT00080359,2024-05-03,EMP02192,CC0044,EX,1,Performance Pay,8958.06,CAD,CA,2024-05-05 18:00:00,PAYROLL
EVT00081343,2024-05-12,EMP04607,CC0003,EN,4,Performance Pay,12922.35,CAD,CA,2024-05-13 04:00:00,PAYROLL
EVT00080804,2024-05-07,EMP02048,CC0035,PA,3,Hire,92746.76,CAD,CA,2024-05-08 06:00:00,PAYROLL
EVT00080062,2024-05-07,EMP02374,CC0043,IT,1,Leave Return,,CAD,CAN,2024-05-07 08:00:00,CORE_HR
EVT00080614,2024-05-18,EMP01322,CC0100,EX,2,Lateral Deployment,,CAD,CAN,2024-05-19 08:00:00,CORE_HR
EVT00080510,2024-05-08,EMP02801,CC0053,FI,3,Leave Return,,CAD,CA,2024-05-08 08:00:00,PAYROLL
EVT00081572,2024-05-09,EMP04001,CC0048,PA,2,Step Increment,69158.29,CAD,CAN,2024-05-10 09:00:00,CORE_HR
EVT00081746,2024-05-25,EMP03359,CC0079,EN,3,Performance Pay,12198.53,CAD,CAN,2024-05-26 09:00:00,CORE_HR
EVT00080517,2024-05-08,EMP04069,CC0057,EC,1,Departure,,CAD,CA,2024-05-08 19:00:00,PAYROLL
EVT00081473,2024-05-22,EMP01922,CC0101,IT,2,Lateral Deployment,,CAD,CAN,2024-05-23 03:00:00,CORE_HR
EVT00081742,2024-05-24,EMP02808,CC0009,AS,2,Step Increment,44079.26,GBP,GB,2024-05-24 21:00:00,PAYROLL
EVT00081891,2024-05-20,EMP01602,CC0057,IT,4,Leave Return,,CAD,CAN,2024-05-21 06:00:00,CORE_HR
EVT00080745,2024-05-01,EMP01196,CC0075,IT,3,Leave Start,,CAD,CAN,2024-05-01 15:00:00,CORE_HR
EVT00081187,2024-05-10,EMP00371,CC0093,AS,5,Leave Start,,CAD,CAN,2024-05-10 21:00:00,CORE_HR
EVT00081757,2024-05-24,EMP02649,CC0028,EC,4,Step Increment,112686.66,CAD,CA,2024-05-25 14:00:00,PAYROLL
EVT00079897,2024-05-27,EMP05199,CC0061,EN,2,Lateral Deployment,,CAD,CA,2024-05-29 11:00:00,PAYROLL
EVT00081508,2024-05-04,EMP04330,CC0110,FI,2,Promotion,83127.9,CAD,CAN,2024-05-05 15:00:00,CORE_HR
EVT00079903,2024-05-01,EMP01044,CC0088,PA,1,Performance Pay,5489.44,SGD,SGP,2024-05-01 11:00:00,CORE_HR
EVT00081612,2024-05-08,EMP04555,CC0025,FI,4,Step Increment,82025.97,CAD,CA,2024-05-09 03:00:00,PAYROLL
EVT00080693,2024-05-07,EMP03964,CC0114,AS,2,Leave Return,,CAD,CAN,2024-05-08 03:00:00,CORE_HR
EVT00080977,2024-05-10,EMP00722,CC0035,IT,1,Step Increment,93837.03,CAD,CAN,2024-05-10 12:00:00,CORE_HR
EVT00081445,2024-05-15,EMP00359,CC0079,AS,2,Hire,66410.43,CAD,CAN,2024-05-17 13:00:00,CORE_HR
EVT00079967,2024-05-07,EMP00706,CC0037,AS,1,Lateral Deployment,,CAD,CA,2024-05-08 11:00:00,PAYROLL
EVT00081672,2024-05-03,EMP00717,CC0115,CR,2,Step Increment,61169.34,CAD,CAN,2024-05-03 21:00:00,CORE_HR
EVT00080850,2024-05-07,EMP03249,CC0043,PA,1,Leave Start,,CAD,CAN,2024-05-08 07:00:00,CORE_HR
EVT00081790,2024-05-07,EMP00129,CC0023,IT,2,Leave Return,,CAD,CAN,2024-05-07 18:00:00,CORE_HR
EVT00080466,2024-05-19,EMP03802,CC0119,AS,2,Leave Start,,CAD,CAN,2024-05-19 09:00:00,CORE_HR
EVT00081574,2024-05-04,EMP04018,CC0068,AS,1,Performance Pay,5158.83,CAD,CAN,2024-05-04 14:00:00,CORE_HR
EVT00080460,2024-05-12,EMP02432,CC0034,IT,3,Step Increment,104611.82,CAD,CAN,2024-05-13 05:00:00,CORE_HR
EVT00081832,2024-05-21,EMP02616,CC0076,EC,1,Leave Start,,CAD,CAN,2024-05-22 06:00:00,CORE_HR
EVT00080689,2024-05-20,EMP00225,CC0118,EN,2,Departure,,CAD,CAN,2024-05-20 18:00:00,CORE_HR
EVT00081646,2024-05-20,EMP04334,CC0117,PA,2,Step Increment,68596.61,CAD,CAN,2024-05-21 09:00:00,CORE_HR
EVT00080408,2024-05-20,EMP02142,CC0040,CR,1,Step Increment,47272.37,CAD,CA,2024-05-20 07:00:00,PAYROLL
EVT00081038,2024-05-24,EMP02563,CC0020,EN,2,Step Increment,105986.74,CAD,CA,2024-05-24 16:00:00,PAYROLL
EVT00081805,2024-05-19,EMP03707,CC0015,CR,3,Step Increment,68532.66,CAD,CA,2024-05-20 13:00:00,PAYROLL
EVT00080159,2024-05-09,EMP00751,CC0117,IT,5,Step Increment,140124.46,CAD,CA,2024-05-10 01:00:00,PAYROLL
EVT00080191,2024-05-01,EMP02483,CC0111,EX,2,Step Increment,243926.75,AUD,AUS,2024-05-02 01:00:00,CORE_HR
EVT00080856,2024-05-06,EMP01533,CC0017,PA,1,Leave Start,,CAD,CA,2024-05-07 11:00:00,PAYROLL
EVT00080119,2024-05-26,EMP01630,CC0022,IT,5,Performance Pay,14611.58,CAD,CAN,2024-05-27 05:00:00,CORE_HR
EVT00079975,2024-05-18,EMP03690,CC0107,AS,2,Performance Pay,8439.82,CAD,CA,2024-05-19 10:00:00,PAYROLL
EVT00080218,2024-05-27,EMP00777,CC0035,PA,4,Step Increment,102508.4,CAD,CA,2024-05-27 23:00:00,PAYROLL
EVT00080972,2024-05-11,EMP03648,CC0074,CR,2,Step Increment,42954.15,EUR,FR,2024-05-12 05:00:00,PAYROLL
EVT00080360,2024-05-13,EMP04636,CC0046,CR,2,Step Increment,100868.1,AUD,AU,2024-05-13 18:00:00,PAYROLL
EVT00080088,2024-05-04,EMP03021,CC0016,FI,1,Step Increment,75494.8,CAD,CA,2024-05-04 13:00:00,PAYROLL
EVT00081853,2024-05-07,EMP01089,CC0061,FI,3,Leave Return,,CAD,CAN,2024-05-07 13:00:00,CORE_HR
EVT00080188,2024-05-01,EMP01082,CC0005,FI,5,Step Increment,114556.94,CAD,CAN,2024-05-02 15:00:00,CORE_HR
EVT00080106,2024-05-07,EMP03641,CC0064,EC,4,Lateral Deployment,,CAD,CAN,2024-05-10 01:00:00,CORE_HR
EVT00081835,2024-05-18,EMP04059,CC0118,FI,1,Leave Start,,CAD,CAN,2024-05-19 08:00:00,CORE_HR
EVT00081502,2024-05-22,EMP01455,CC0116,AS,5,Leave Return,,CAD,CA,2024-05-22 06:00:00,PAYROLL
EVT00080811,2024-05-23,EMP04127,CC0048,EX,1,Step Increment,128757.83,CAD,CAN,2024-05-23 11:00:00,CORE_HR
EVT00081319,2024-05-19,EMP04284,CC0057,FI,1,Leave Start,,CAD,CAN,2024-05-19 19:00:00,CORE_HR
EVT00081420,2024-05-22,EMP03232,CC0120,IT,2,Performance Pay,4678.07,CAD,CAN,2024-05-23 14:00:00,CORE_HR
EVT00081775,2024-05-22,EMP01365,CC0086,EX,1,Leave Return,,SGD,SG,2024-05-23 14:00:00,PAYROLL
EVT00080497,2024-05-22,EMP03869,CC0101,AS,1,Lateral Deployment,,CAD,CA,2024-05-22 22:00:00,PAYROLL
EVT00081520,2024-05-26,EMP03018,CC0043,IT,1,Step Increment,94071.29,CAD,CA,2024-05-26 11:00:00,PAYROLL
EVT00081524,2024-05-09,EMP04697,CC0029,PA,3,Step Increment,246812.53,AED,AE,2024-05-09 06:00:00,PAYROLL
EVT00080028,2024-05-06,EMP01837,CC0108,PA,1,Hire,41327.07,GBP,GBR,2024-05-07 04:00:00,CORE_HR
EVT00081552,2024-05-13,EMP02320,CC0010,PA,1,Promotion,65155.26,CAD,CAN,2024-05-13 09:00:00,CORE_HR
EVT00081849,2024-05-27,EMP01727,CC0072,EN,1,Step Increment,92761.33,CAD,CAN,2024-05-29 03:00:00,CORE_HR
EVT00081528,2024-05-08,EMP01360,CC0049,AS,5,Step Increment,5504475.48,INR,IN,2024-05-09 09:00:00,PAYROLL
EVT00080914,2024-05-08,EMP04075,CC0101,PA,3,Promotion,108234.44,CAD,CA,2024-05-09 02:00:00,PAYROLL
EVT00080935,2024-05-10,EMP04666,CC0107,PA,2,Leave Start,,CAD,CA,2024-05-10 14:00:00,PAYROLL
EVT00080940,2024-05-25,EMP01895,CC0082,FI,2,Performance Pay,11406.78,CAD,CA,2024-05-25 09:00:00,PAYROLL
EVT00081181,2024-05-12,EMP03684,CC0078,PA,2,Promotion,64877.92,CAD,CAN,2024-05-15 16:00:00,CORE_HR
EVT00080929,2024-05-03,EMP02205,CC0039,EC,1,Departure,,CAD,CA,2024-05-04 10:00:00,PAYROLL
EVT00081534,2024-05-21,EMP04211,CC0113,AS,2,Step Increment,72772.33,CAD,CA,2024-05-21 15:00:00,PAYROLL
EVT00080769,2024-05-17,EMP03062,CC0070,CR,1,Leave Return,,CAD,CA,2024-05-18 06:00:00,PAYROLL
EVT00079966,2024-05-24,EMP02739,CC0061,EX,1,Departure,,CAD,CA,2024-05-24 19:00:00,PAYROLL
EVT00080587,2024-05-26,EMP01756,CC0041,EC,3,Performance Pay,11308.93,CAD,CA,2024-05-27 12:00:00,PAYROLL
EVT00081197,2024-05-27,EMP03124,CC0055,EN,3,Lateral Deployment,,CAD,CAN,2024-05-27 09:00:00,CORE_HR
EVT00081926,2024-05-11,EMP00818,CC0062,IT,4,Performance Pay,15968.19,CAD,CAN,2024-05-12 12:00:00,CORE_HR
EVT00080840,2024-05-24,EMP04811,CC0071,PA,3,Departure,,CAD,CAN,2024-05-24 21:00:00,CORE_HR
EVT00080730,2024-05-21,EMP02683,CC0053,PA,5,Lateral Deployment,,CAD,CAN,2024-05-21 10:00:00,CORE_HR
EVT00080984,2024-05-18,EMP00081,CC0094,AS,2,Promotion,68302.45,CAD,CA,2024-05-18 23:00:00,PAYROLL
EVT00079986,2024-05-27,EMP04456,CC0047,CR,4,Step Increment,81358.33,CAD,CAN,2024-05-27 14:00:00,CORE_HR
EVT00081596,2024-05-14,EMP03305,CC0111,PA,5,Step Increment,379033.95,BRL,BRA,2024-05-15 10:00:00,CORE_HR
EVT00080341,2024-05-13,EMP00035,CC0068,PA,4,Step Increment,71098.03,CAD,CAN,2024-05-14 09:00:00,CORE_HR
EVT00080583,2024-05-10,EMP03793,CC0049,IT,5,Step Increment,122185.43,EUR,FRA,2024-05-11 15:00:00,CORE_HR
EVT00080844,2024-05-21,EMP01782,CC0052,PA,2,Leave Start,,CAD,CAN,2024-05-22 06:00:00,CORE_HR
EVT00081558,2024-05-08,EMP01686,CC0103,IT,3,Lateral Deployment,,CAD,CA,2024-05-10 20:00:00,PAYROLL
EVT00080279,2024-05-02,EMP04650,CC0111,PA,4,Performance Pay,1131047.45,KES,KE,2024-05-02 14:00:00,PAYROLL
EVT00081447,2024-05-05,EMP02053,CC0058,EC,3,Lateral Deployment,,CAD,CA,2024-05-05 10:00:00,PAYROLL
EVT00080777,2024-05-26,EMP00933,CC0053,PA,2,Step Increment,76990.08,CAD,CAN,2024-05-27 10:00:00,CORE_HR
EVT00080431,2024-05-05,EMP01144,CC0107,IT,2,Promotion,96439.19,CAD,CA,2024-05-05 11:00:00,PAYROLL
EVT00081405,2024-05-24,EMP01651,CC0027,IT,1,Performance Pay,4141.38,CAD,CA,2024-05-25 07:00:00,PAYROLL
EVT00081049,2024-05-15,EMP02464,CC0116,PA,1,Performance Pay,5537.86,CAD,CAN,2024-05-16 02:00:00,CORE_HR
EVT00081483,2024-05-24,EMP00016,CC0032,EX,1,Step Increment,151955.51,CAD,CAN,2024-05-24 08:00:00,CORE_HR
EVT00081006,2024-05-12,EMP02413,CC0093,EX,1,Step Increment,108061.07,CAD,CAN,2024-05-12 23:00:00,CORE_HR
EVT00081722,2024-05-04,EMP00756,CC0109,PA,1,Step Increment,61370.13,CAD,CAN,2024-05-05 03:00:00,CORE_HR
EVT00081500,2024-05-22,EMP03638,CC0025,PA,1,Step Increment,76522.9,CAD,CA,2024-05-22 11:00:00,PAYROLL
EVT00081955,2024-05-08,EMP04935,CC0054,AS,1,Step Increment,841756.12,MXN,MEX,2024-05-09 07:00:00,CORE_HR
EVT00080083,2024-05-15,EMP00864,CC0068,IT,2,Step Increment,96402.07,CAD,CAN,2024-05-18 08:00:00,CORE_HR
EVT00080709,2024-05-17,EMP01314,CC0061,PA,2,Performance Pay,5395.98,CAD,CAN,2024-05-18 06:00:00,CORE_HR
EVT00080089,2024-05-18,EMP04206,CC0110,PA,3,Step Increment,84840.17,CAD,CA,2024-05-19 10:00:00,PAYROLL
EVT00081550,2024-05-21,EMP02307,CC0011,AS,3,Step Increment,78897.66,CAD,CA,2024-05-22 07:00:00,PAYROLL
EVT00079981,2024-05-26,EMP01390,CC0046,AS,4,Step Increment,54931.11,EUR,DEU,2024-05-26 14:00:00,CORE_HR
EVT00080458,2024-05-14,EMP03956,CC0042,CR,1,Step Increment,57048.73,CAD,CAN,2024-05-15 07:00:00,CORE_HR
EVT00080459,2024-05-16,EMP02935,CC0051,EC,2,Departure,,CAD,CAN,2024-05-16 11:00:00,CORE_HR
EVT00081033,2024-05-25,EMP04163,CC0009,EC,3,Leave Return,,AUD,AUS,2024-05-25 12:00:00,CORE_HR
EVT00081884,2024-05-23,EMP02788,CC0118,PA,2,Step Increment,72422.74,CAD,CA,2024-05-24 23:00:00,PAYROLL
EVT00081703,2024-05-21,EMP02622,CC0019,PA,1,Hire,64413.03,CAD,CA,2024-05-22 10:00:00,PAYROLL
EVT00080746,2024-05-27,EMP03943,CC0110,PA,3,Leave Return,,CAD,CAN,2024-05-27 07:00:00,CORE_HR
EVT00080994,2024-05-09,EMP03998,CC0049,EN,4,Leave Return,,AED,ARE,2024-05-09 23:00:00,CORE_HR
EVT00081377,2024-05-04,EMP00720,CC0060,EC,2,Leave Start,,CAD,CAN,2024-05-05 14:00:00,CORE_HR
EVT00081149,2024-05-17,EMP02996,CC0114,PA,5,Departure,,CAD,CAN,2024-05-18 13:00:00,CORE_HR
EVT00081124,2024-05-04,EMP01393,CC0051,AS,5,Performance Pay,3744.92,CAD,CA,2024-05-04 18:00:00,PAYROLL
EVT00081143,2024-05-26,EMP02453,CC0073,IT,1,Hire,82741.79,CAD,CAN,2024-05-27 08:00:00,CORE_HR
EVT00081490,2024-05-17,EMP03267,CC0019,EN,1,Hire,76471.84,CAD,CA,2024-05-17 22:00:00,PAYROLL
EVT00080098,2024-05-15,EMP01703,CC0082,FI,5,Step Increment,98876.83,CAD,CAN,2024-05-16 11:00:00,CORE_HR
EVT00080569,2024-05-10,EMP04942,CC0033,FI,4,Leave Start,,CAD,CA,2024-05-10 10:00:00,PAYROLL
EVT00081892,2024-05-07,EMP01390,CC0046,AS,4,Performance Pay,3067.81,EUR,DEU,2024-05-08 06:00:00,CORE_HR
EVT00081278,2024-05-10,EMP04614,CC0047,FI,3,Performance Pay,4289.72,CAD,CAN,2024-05-10 11:00:00,CORE_HR
EVT00081137,1900-01-01,EMP05123,CC0069,IT,2,Performance Pay,4797.74,CAD,CA,2024-05-28 00:00:00,PAYROLL
EVT00080479,2024-05-08,EMP02790,CC0118,PA,2,Step Increment,82342.3,CAD,CAN,2024-05-08 14:00:00,CORE_HR
EVT00081676,2024-05-19,EMP01691,CC0107,FI,3,Step Increment,82817.05,CAD,CA,2024-05-21 22:00:00,PAYROLL
EVT00081985,2024-05-12,EMP03045,CC0065,FI,1,Step Increment,9113657.22,KES,KE,2024-05-13 00:00:00,PAYROLL
EVT00080110,2024-05-27,EMP04719,CC0035,IT,5,Step Increment,121324.48,CAD,CAN,2024-05-27 13:00:00,CORE_HR
EVT00080520,2024-05-25,EMP02141,CC0067,IT,4,Leave Return,,CAD,CAN,2024-05-25 12:00:00,CORE_HR
EVT00081292,2024-05-19,EMP05070,CC0055,CR,4,Leave Start,,CAD,CAN,2024-05-20 00:00:00,CORE_HR
EVT00080514,2024-05-01,EMP02358,CC0118,PA,2,Step Increment,78117.16,CAD,CAN,2024-05-01 09:00:00,CORE_HR
EVT00081372,2024-05-23,EMP03306,CC0053,FI,1,Lateral Deployment,,CAD,CA,2024-05-24 00:00:00,PAYROLL
EVT00081522,2024-05-09,EMP04023,CC0043,PA,2,Step Increment,81300.26,CAD,CAN,2024-05-09 14:00:00,CORE_HR
EVT00081842,2024-05-05,EMP01469,CC0059,PA,4,Leave Return,,CAD,CA,2024-05-06 07:00:00,PAYROLL
EVT00080374,2024-05-11,EMP01718,CC0056,PA,3,Leave Return,,CAD,CA,2024-05-11 17:00:00,PAYROLL
EVT00081764,2024-05-10,EMP00153,CC0048,PA,3,Step Increment,65828.73,CAD,CA,2024-05-10 23:00:00,PAYROLL
EVT00080692,2024-05-08,EMP00659,CC0045,CR,2,Leave Start,,CAD,CAN,2024-05-09 08:00:00,CORE_HR
EVT00080195,2024-05-01,EMP04753,CC0077,PA,4,Step Increment,90946.98,CAD,CAN,2024-05-02 08:00:00,CORE_HR
EVT00080380,2024-05-23,EMP04924,CC0105,EN,1,Lateral Deployment,,EUR,DE,2024-05-24 14:00:00,PAYROLL
EVT00080902,2024-05-11,EMP00227,CC0007,FI,1,Lateral Deployment,,AED,AE,2024-05-12 14:00:00,PAYROLL
EVT00080055,2024-05-16,EMP01377,CC0064,FI,2,Step Increment,86750.49,CAD,CA,2024-05-17 12:00:00,PAYROLL
EVT00081942,2024-05-06,EMP01336,CC0002,AS,1,Step Increment,64927.99,CAD,CA,2024-05-07 06:00:00,PAYROLL
EVT00081085,2024-05-15,EMP01530,CC0052,PA,1,Lateral Deployment,,CAD,CAN,2024-05-15 10:00:00,CORE_HR
EVT00080671,2024-05-27,EMP01123,CC0085,IT,3,Step Increment,118851.9,CAD,CAN,2024-05-27 22:00:00,CORE_HR
EVT00080794,2024-05-03,EMP04703,CC0016,EX,1,Leave Start,,CAD,CAN,2024-05-03 11:00:00,CORE_HR
EVT00081701,2024-05-06,EMP04327,CC0107,IT,1,Lateral Deployment,,CAD,CAN,2024-05-06 09:00:00,CORE_HR
EVT00081544,2024-05-02,EMP05077,CC0112,EC,2,Lateral Deployment,,CAD,CAN,2024-05-03 15:00:00,CORE_HR
EVT00081867,2024-05-11,EMP02502,CC0038,AS,1,Departure,,CAD,CA,2024-05-12 05:00:00,PAYROLL
EVT00080104,2024-05-10,EMP00028,CC0067,EC,1,Step Increment,76484.24,CAD,CA,2024-05-11 05:00:00,PAYROLL
EVT00080645,2024-05-03,EMP02236,CC0048,EX,2,Step Increment,163074.43,CAD,CAN,2024-05-03 11:00:00,CORE_HR
EVT00081755,2024-05-20,EMP03534,CC0078,IT,1,Step Increment,93905.83,CAD,CA,2024-05-20 18:00:00,PAYROLL
EVT00081215,2024-05-23,EMP05130,CC0030,EC,2,Step Increment,1305558.07,MXN,MX,2024-05-24 01:00:00,PAYROLL
EVT00081635,2024-05-05,EMP02968,CC0075,PA,4,Step Increment,71438.23,CAD,CA,2024-05-05 14:00:00,PAYROLL
EVT00081389,2024-05-05,EMP00680,CC0085,FI,5,Leave Return,,CAD,CA,2024-05-06 11:00:00,PAYROLL
EVT00080799,2024-05-15,EMP03995,CC0070,PA,3,Leave Start,,CAD,CAN,2024-05-16 07:00:00,CORE_HR
EVT00081294,2024-05-06,EMP05132,CC0021,IT,3,Step Increment,123988.94,CAD,CA,2024-05-06 19:00:00,PAYROLL
EVT00079911,2024-05-06,EMP03172,CC0057,IT,1,Performance Pay,5673.09,CAD,CA,2024-05-06 16:00:00,PAYROLL
EVT00081230,2024-05-11,EMP01196,CC0075,IT,3,Step Increment,123671.7,CAD,CA,2024-05-12 02:00:00,PAYROLL
EVT00079955,2024-05-04,EMP02198,CC0077,PA,1,Performance Pay,2900.84,CAD,CA,2024-05-04 16:00:00,PAYROLL
EVT00081759,2024-05-04,EMP05017,CC0022,EC,1,Performance Pay,4274.82,CAD,CA,2024-05-04 08:00:00,PAYROLL
EVT00080290,2024-05-06,EMP02769,CC0057,FI,2,Promotion,88711.37,CAD,CAN,2024-05-07 12:00:00,CORE_HR
EVT00080334,2024-05-06,EMP05199,CC0061,EN,2,Leave Return,,CAD,CA,2024-05-06 08:00:00,PAYROLL
EVT00081919,2024-05-20,EMP03168,CC0059,FI,5,Step Increment,129820.57,CAD,CA,2024-05-21 03:00:00,PAYROLL
EVT00082005,2024-05-09,EMP02641,CC0089,AS,1,Leave Start,,CAD,CAN,2024-05-12 16:00:00,CORE_HR
EVT00081133,2024-05-13,EMP03966,CC0050,EC,2,Departure,,CAD,CAN,2024-05-14 02:00:00,CORE_HR
EVT00081146,2024-05-17,EMP00338,CC0040,CR,3,Step Increment,49866.23,CAD,CAN,2024-05-17 11:00:00,CORE_HR
EVT00081894,2024-05-03,EMP03438,CC0071,IT,1,Leave Start,,CAD,CAN,2024-05-03 20:00:00,CORE_HR
EVT00079998,2024-05-20,EMP04337,CC0004,EC,3,Lateral Deployment,,CAD,CAN,2024-05-20 21:00:00,CORE_HR
EVT00079935,2024-05-14,EMP00653,CC0006,AS,3,Step Increment,76879.11,CAD,CAN,2024-05-14 22:00:00,CORE_HR
EVT00081517,2024-05-19,EMP05159,CC0115,IT,3,Step Increment,105008.1,CAD,CA,2024-05-19 22:00:00,PAYROLL
EVT00081624,2024-05-18,EMP03590,CC0087,PA,3,Leave Start,,CAD,CAN,2024-05-18 13:00:00,CORE_HR
EVT00081109,2024-05-04,EMP03671,CC0061,EN,1,Leave Start,,CAD,CAN,2024-05-04 22:00:00,CORE_HR
EVT00080141,2024-05-05,EMP04587,CC0086,FI,2,Lateral Deployment,,MXN,MEX,2024-05-06 13:00:00,CORE_HR
EVT00080446,2024-05-07,EMP03038,CC0030,EX,2,Performance Pay,13907.89,GBP,GBR,2024-05-07 21:00:00,CORE_HR
EVT00081799,2024-05-18,EMP03764,CC0104,EN,1,Step Increment,92264.47,CAD,CAN,2024-05-19 02:00:00,CORE_HR
EVT00081951,2024-05-04,EMP04058,CC0076,IT,4,Lateral Deployment,,CAD,CA,2024-05-05 00:00:00,PAYROLL
EVT00080308,2024-05-15,EMP03929,CC0081,CR,3,Step Increment,62984.3,CAD,CA,2024-05-16 00:00:00,PAYROLL
EVT00080174,2024-05-01,EMP03760,CC0058,AS,1,Hire,59536.28,CAD,CA,2024-05-01 17:00:00,PAYROLL
EVT00080574,2024-05-12,EMP04508,CC0054,FI,1,Performance Pay,10538.66,AED,ARE,2024-05-12 06:00:00,CORE_HR
EVT00081025,2024-05-19,EMP04756,CC0076,AS,5,Leave Start,,CAD,CA,2024-05-19 20:00:00,PAYROLL
EVT00081103,2024-05-07,EMP00522,CC0037,IT,4,Departure,,CAD,CAN,2024-05-07 11:00:00,CORE_HR
EVT00081603,2024-05-18,EMP01227,CC0095,EX,1,Step Increment,147679.13,CAD,CA,2024-05-19 07:00:00,PAYROLL
EVT00080378,2024-05-21,EMP02969,CC0022,CR,1,Performance Pay,4934.27,CAD,CA,2024-05-22 09:00:00,PAYROLL
EVT00081216,2024-05-03,EMP05019,CC0065,PA,2,Performance Pay,4085.83,GBP,GBR,2024-05-03 14:00:00,CORE_HR
EVT00082004,2024-05-01,EMP04336,CC0050,AS,3,Step Increment,73075.98,CAD,CAN,2024-05-01 13:00:00,CORE_HR
EVT00082003,2024-05-17,EMP04071,CC0041,CR,1,Lateral Deployment,,CAD,CA,2024-05-17 13:00:00,PAYROLL
EVT00081417,2024-05-06,EMP02698,CC0076,AS,4,Step Increment,89072.8,CAD,CAN,2024-05-06 16:00:00,CORE_HR
EVT00080742,2024-05-15,EMP04180,CC0022,IT,5,Step Increment,128745.13,CAD,CAN,2024-05-16 06:00:00,CORE_HR
EVT00080207,2024-05-10,EMP04458,CC0098,IT,1,Leave Return,,CAD,CA,2024-05-11 06:00:00,PAYROLL
EVT00081767,2024-05-18,EMP00860,CC0015,AS,2,Step Increment,68747.48,CAD,CAN,2024-05-19 08:00:00,CORE_HR
EVT00080147,2024-05-14,EMP03494,CC0051,PA,3,Step Increment,78902.94,CAD,CA,2024-05-14 08:00:00,PAYROLL
EVT00081533,2024-05-08,EMP02662,CC0022,EC,1,Step Increment,72390.34,CAD,CA,2024-05-09 12:00:00,PAYROLL
EVT00080591,2024-05-12,EMP02451,CC0118,FI,2,Step Increment,93992.56,CAD,CA,2024-05-13 15:00:00,PAYROLL
EVT00080964,2024-05-04,EMP01452,CC0064,CR,3,Promotion,74574.39,CAD,CA,2024-05-04 09:00:00,PAYROLL
EVT00081845,2024-05-11,EMP02710,CC0005,EX,2,Performance Pay,21211.42,CAD,CA,2024-05-12 15:00:00,PAYROLL
EVT00081147,2024-05-27,EMP01974,CC0006,CR,4,Leave Return,,CAD,CA,2024-05-27 16:00:00,PAYROLL
EVT00080848,2024-05-25,EMP02618,CC0037,EN,4,Step Increment,121552.93,CAD,CA,2024-05-26 04:00:00,PAYROLL
EVT00081308,2024-05-26,EMP01690,CC0048,EX,2,Leave Start,,CAD,CA,2024-05-27 01:00:00,PAYROLL
