event_id,event_date,employee_id,cost_center_id,classification_group,classification_level,event_type,amount_local,local_currency,work_country_code,ingest_ts,source_system
EVT00104541,2025-05-14,EMP02275,CC0003,EC,1,Leave Return,,CAD,CAN,2025-05-15 06:00:00,CORE_HR
EVT00105496,2025-05-15,EMP03953,CC0063,EN,2,Lateral Deployment,,CAD,CAN,2025-05-15 22:00:00,CORE_HR
EVT00105382,2025-05-12,EMP02613,CC0103,PA,2,Hire,75930.67,CAD,CAN,2025-05-13 14:00:00,CORE_HR
EVT00104774,2025-05-03,EMP01001,CC0081,IT,2,Step Increment,96817.58,CAD,CA,2025-05-03 16:00:00,PAYROLL
EVT00103794,2025-05-19,EMP02534,CC0011,EX,1,Hire,146019.63,CAD,CA,2025-05-20 15:00:00,PAYROLL
EVT00104493,2025-05-11,EMP01392,CC0029,PA,2,Hire,1245148.82,MXN,MEX,2025-05-13 00:00:00,CORE_HR
EVT00103585,2025-05-19,EMP01632,CC0005,EX,1,Step Increment,137873.62,CAD,CA,2025-05-19 11:00:00,PAYROLL
EVT00105177,2025-05-23,EMP01065,CC0103,PA,2,Promotion,82622.63,CAD,CAN,2025-05-24 12:00:00,CORE_HR
EVT00104683,2025-05-10,EMP00606,CC0027,PA,1,Performance Pay,7823.83,CAD,CA,2025-05-10 14:00:00,PAYROLL
EVT00103790,2025-05-08,EMP03878,CC0041,PA,3,Hire,95969.64,CAD,CAN,2025-05-08 11:00:00,CORE_HR
EVT00105335,2025-05-08,EMP00692,CC0024,EN,1,Leave Start,,CAD,CAN,2025-05-09 10:00:00,CORE_HR
EVT00105020,2025-05-27,EMP03506,CC0050,CR,3,Performance Pay,8496.51,CAD,CAN,2025-05-27 14:00:00,CORE_HR
EVT00105070,2025-05-18,EMP04433,CC0063,FI,1,Leave Start,,CAD,CAN,2025-05-18 15:00:00,CORE_HR
EVT00104879,2025-05-14,EMP02266,CC0014,EC,2,Leave Start,,CAD,CAN,2025-05-14 18:00:00,CORE_HR
EVT00104307,2025-05-08,EMP02338,CC0011,PA,1,Step Increment,61240.66,CAD,CA,2025-05-08 21:00:00,PAYROLL
EVT00104543,2025-05-24,EMP00005,CC0006,IT,4,Performance Pay,16441.39,CAD,CAN,2025-05-24 23:00:00,CORE_HR
EVT00103704,2025-05-01,EMP01740,CC0052,FI,2,Leave Start,,CAD,CA,2025-05-02 03:00:00,PAYROLL
EVT00104724,2025-05-16,EMP03435,CC0021,IT,3,Step Increment,126446.63,CAD,CA,2025-05-16 17:00:00,PAYROLL
EVT00105379,2025-05-24,EMP04773,CC0049,FI,4,Step Increment,91316.53,EUR,DEU,2025-05-25 10:00:00,CORE_HR
EVT00105058,2025-05-13,EMP03315,CC0073,EC,3,Lateral Deployment,,CAD,CAN,2025-05-13 09:00:00,CORE_HR
EVT00105407,2025-05-13,EMP01283,CC0089,AS,3,Step Increment,81296.6,CAD,CAN,2025-05-13 10:00:00,CORE_HR
EVT00104329,2025-05-15,EMP02123,CC0057,IT,5,Performance Pay,9556.9,CAD,CAN,2025-05-16 12:00:00,CORE_HR
EVT00103896,2025-05-02,EMP03163,CC0039,PA,4,Leave Return,,CAD,CAN,2025-05-02 11:00:00,CORE_HR
EVT00105017,2025-05-26,EMP00042,CC0100,IT,1,Step Increment,91371.41,CAD,CAN,2025-05-26 23:00:00,CORE_HR
EVT00103609,2025-05-04,EMP01825,CC0098,EN,1,Lateral Deployment,,CAD,CAN,2025-05-04 08:00:00,CORE_HR
EVT00104744,2025-05-22,EMP01969,CC0110,PA,3,Step Increment,71134.22,CAD,CA,2025-05-22 18:00:00,PAYROLL
EVT00104030,2025-05-19,EMP04941,CC0051,IT,2,Departure,,CAD,CA,2025-05-19 23:00:00,PAYROLL
EVT00103740,2025-05-02,EMP03428,CC0039,PA,2,Step Increment,75954.98,CAD,CAN,2025-05-02 12:00:00,CORE_HR
EVT00103572,2025-05-14,EMP00300,CC0058,PA,3,Departure,,CAD,CAN,2025-05-14 12:00:00,CORE_HR
EVT00105397,2025-05-26,EMP00312,CC0090,CR,3,Lateral Deployment,,CAD,CAN,2025-05-26 07:00:00,CORE_HR
EVT00105374,2025-05-14,EMP04335,CC0109,PA,1,Lateral Deployment,,CAD,CA,2025-05-14 11:00:00,PAYROLL
EVT00103766,2025-05-17,EMP00928,CC0092,PA,5,Step Increment,112437.18,CAD,CAN,2025-05-17 09:00:00,CORE_HR
EVT00104763,2025-05-23,EMP01339,CC0087,EC,4,Step Increment,124215.42,CAD,CAN,2025-05-23 21:00:00,CORE_HR
EVT00104550,2025-05-06,EMP04667,CC0063,IT,2,Step Increment,102694.23,CAD,CAN,2025-05-06 20:00:00,CORE_HR
EVT00104003,2025-05-05,EMP03246,CC0037,IT,3,Hire,120951.39,CAD,CA,2025-05-05 10:00:00,PAYROLL
EVT00105264,2025-05-02,EMP05073,CC0003,AS,5,Leave Return,,CAD,CAN,2025-05-03 14:00:00,CORE_HR
EVT00103718,2025-05-25,EMP04214,CC0099,PA,1,Lateral Deployment,,CAD,CAN,2025-05-25 13:00:00,CORE_HR
EVT00104289,2025-05-03,EMP00300,CC0058,PA,3,Promotion,94098.93,CAD,CA,2025-05-03 22:00:00,PAYROLL
EVT00105193,2025-05-09,EMP00668,CC0108,AS,1,Step Increment,44859.58,SGD,SG,2025-05-10 07:00:00,PAYROLL
EVT00105215,2025-05-04,EMP01146,CC0076,FI,1,Departure,,CAD,CA,2025-05-05 14:00:00,PAYROLL
EVT00103886,2025-05-03,EMP03226,CC0080,PA,2,Performance Pay,5092.83,USD,US,2025-05-03 21:00:00,PAYROLL
EVT00104245,2025-05-25,EMP04428,CC0009,FI,1,Step Increment,83901.01,AUD,AUS,2025-05-25 21:00:00,CORE_HR
EVT00105435,2025-05-16,EMP02773,CC0088,PA,1,Step Increment,36294.53,GBP,GB,2025-05-16 19:00:00,PAYROLL
EVT00104160,2025-05-09,EMP04323,CC0091,EN,5,Step Increment,145303.1,CAD,CA,2025-05-10 10:00:00,PAYROLL
EVT00105307,2025-05-23,EMP04034,CC0014,PA,2,Leave Return,,CAD,CA,2025-05-23 06:00:00,PAYROLL
EVT00104378,2025-05-24,EMP03278,CC0059,IT,3,Lateral Deployment,,CAD,CAN,2025-05-24 11:00:00,CORE_HR
EVT00104641,2025-05-17,EMP03481,CC0067,CR,1,Lateral Deployment,,CAD,CAN,2025-05-17 11:00:00,CORE_HR
EVT00103941,2025-05-23,EMP01736,CC0088,PA,1,Step Increment,95901.51,AUD,AU,2025-05-24 13:00:00,PAYROLL
EVT00105234,2025-05-06,EMP03216,CC0110,AS,3,Lateral Deployment,,CAD,CA,2025-05-07 03:00:00,PAYROLL
EVT00105197,2025-05-06,EMP01000,CC0112,IT,4,Leave Start,,CAD,CA,2025-05-07 09:00:00,PAYROLL
EVT00105006,2025-05-09,EMP00072,CC0048,PA,1,Leave Start,,CAD,CAN,2025-05-09 12:00:00,CORE_HR
EVT00103795,2025-05-02,EMP02676,CC0071,CR,4,Promotion,82481.29,CAD,CAN,2025-05-02 18:00:00,CORE_HR
EVT00105208,2025-05-14,EMP01915,CC0025,IT,3,Leave Start,,CAD,CA,2025-05-14 17:00:00,PAYROLL
EVT00103817,2025-05-20,EMP02052,CC0048,AS,2,Performance Pay,4104.31,CAD,CAN,2025-05-21 15:00:00,CORE_HR
EVT00104154,2025-05-19,EMP03647,CC0060,PA,4,Leave Start,,CAD,CAN,2025-05-19 16:00:00,CORE_HR
EVT00104838,2025-05-19,EMP01932,CC0116,IT,4,Step Increment,126137.28,CAD,CAN,2025-05-20 15:00:00,CORE_HR
EVT00103564,2025-05-13,EMP00738,CC0061,EX,1,Lateral Deployment,,CAD,CAN,2025-05-13 13:00:00,CORE_HR
EVT00105558,2025-05-13,EMP00361,CC0083,PA,1,Lateral Deployment,,CAD,CAN,2025-05-13 06:00:00,CORE_HR
EVT00105110,2025-05-10,EMP00792,CC0063,CR,5,Lateral Deployment,,CAD,CAN,2025-05-10 07:00:00,CORE_HR
EVT00105160,2025-05-09,EMP02782,CC0071,PA,5,Leave Start,,CAD,CA,2025-05-10 03:00:00,PAYROLL
EVT00105410,2025-05-26,EMP04701,CC0055,CR,2,Performance Pay,5937.79,CAD,CAN,2025-05-26 09:00:00,CORE_HR
EVT00105205,2025-05-26,EMP04489,CC0064,IT,2,Leave Return,,CAD,CA,2025-05-26 23:00:00,PAYROLL
EVT00104908,1900-01-01,EMP01510,CC0036,PA,4,Leave Return,,CAD,CA,2025-05-11 11:00:00,PAYROLL
EVT00104725,2025-05-16,EMP02285,CC0109,CR,3,Step Increment,75124.3,CAD,CAN,2025-05-16 23:00:00,CORE_HR
EVT00103990,2025-05-02,EMP01840,CC0054,EC,1,Lateral Deployment,,MXN,MEX,2025-05-02 21:00:00,CORE_HR
EVT00103630,2025-05-22,EMP04149,CC0102,PA,2,Leave Start,,CAD,CA,2025-05-22 13:00:00,PAYROLL
EVT00105340,2025-05-02,EMP02877,CC0029,EN,4,Leave Start,,AUD,AUS,2025-05-03 00:00:00,CORE_HR
EVT00104986,2025-05-09,EMP00324,CC0094,PA,2,Step Increment,62022.14,CAD,CAN,2025-05-09 10:00:00,CORE_HR
EVT00103940,2025-05-23,EMP02091,CC0069,PA,3,Lateral Deployment,,CAD,CA,2025-05-24 08:00:00,PAYROLL
EVT00105297,2025-05-26,EMP00751,CC0117,IT,5,Departure,,CAD,CAN,2025-05-26 07:00:00,CORE_HR
EVT00105273,2025-05-26,EMP03531,CC0041,IT,3,Hire,119205.58,CAD,CA,2025-05-27 08:00:00,PAYROLL
EVT00105488,2025-05-25,EMP03029,CC0021,PA,1,Lateral Deployment,,CAD,CAN,2025-05-28 02:00:00,CORE_HR
EVT00104759,2025-05-02,EMP03066,CC0048,AS,3,Hire,72089.29,CAD,CAN,2025-05-02 22:00:00,CORE_HR
EVT00103932,2025-05-09,EMP02588,CC0114,EN,3,Step Increment,148540.77,CAD,CAN,2025-05-10 00:00:00,CORE_HR
EVT00105497,2025-05-25,EMP03184,CC0070,IT,2,Performance Pay,9261.76,CAD,CA,2025-05-26 04:00:00,PAYROLL
EVT00104266,2025-05-03,EMP01586,CC0111,EN,2,Leave Return,,BRL,BR,2025-05-03 08:00:00,PAYROLL
EVT00103972,2025-05-16,EMP02404,CC0069,EX,3,Step Increment,191593.37,CAD,CAN,2025-05-17 03:00:00,CORE_HR
EVT00104348,2025-05-15,EMP01346,CC0093,IT,5,Step Increment,146739.26,CAD,CA,2025-05-15 14:00:00,PAYROLL
EVT00103582,2025-05-21,EMP03313,CC0057,FI,2,Leave Start,,CAD,CAN,2025-05-22 14:00:00,CORE_HR
EVT00103947,2025-05-08,EMP00709,CC0029,AS,5,Promotion,9059764.27,JPY,JP,2025-05-09 14:00:00,PAYROLL
EVT00104901,2025-05-07,EMP04799,CC0039,EX,2,Leave Return,,CAD,CAN,2025-05-08 01:00:00,CORE_HR
EVT00104599,2025-05-13,EMP01632,CC0005,EX,1,Lateral Deployment,,CAD,CA,2025-05-13 11:00:00,PAYROLL
EVT00104274,2025-05-25,EMP04557,CC0102,PA,4,Step Increment,107051.71,CAD,CAN,2025-05-26 02:00:00,CORE_HR
EVT00104632,2025-05-15,EMP05181,CC0102,EN,1,Performance Pay,3607.51,CAD,CAN,2025-05-15 09:00:00,CORE_HR
EVT00104583,2025-05-06,EMP01227,CC0095,EX,1,Performance Pay,14356.57,CAD,CA,2025-05-07 00:00:00,PAYROLL
EVT00105366,2025-05-06,EMP04346,CC0029,FI,3,Step Increment,10337262.34,JPY,JP,2025-05-06 13:00:00,PAYROLL
EVT00104677,2025-05-07,EMP02403,CC0062,EC,1,Step Increment,73025.71,CAD,CAN,2025-05-07 18:00:00,CORE_HR
EVT00105266,2025-05-17,EMP04521,CC0086,EX,2,Leave Return,,EUR,FRA,2025-05-17 15:00:00,CORE_HR
EVT00104434,2025-05-16,EMP04559,CC0079,CR,1,Step Increment,61554.78,CAD,CA,2025-05-17 15:00:00,PAYROLL
EVT00104499,2025-05-18,EMP02914,CC0052,PA,3,Performance Pay,4569.13,CAD,CA,2025-05-18 11:00:00,PAYROLL
EVT00104674,2025-05-05,EMP01979,CC0019,FI,2,Step Increment,72767.35,CAD,CAN,2025-05-05 13:00:00,CORE_HR
EVT00103712,2025-05-08,EMP02616,CC0076,EC,1,Lateral Deployment,,CAD,CAN,2025-05-08 23:00:00,CORE_HR
EVT00104481,2025-05-25,EMP01394,CC0014,EN,1,Lateral Deployment,,CAD,CA,2025-05-25 11:00:00,PAYROLL
EVT00103672,2025-05-05,EMP00782,CC0019,EC,1,Leave Return,,CAD,CA,2025-05-06 11:00:00,PAYROLL
EVT00105517,2025-05-13,EMP04480,CC0092,PA,4,Lateral Deployment,,CAD,CA,2025-05-14 11:00:00,PAYROLL
EVT00104756,2025-05-20,EMP00019,CC0058,IT,5,Lateral Deployment,,CAD,CA,2025-05-20 06:00:00,PAYROLL
EVT00105003,2025-05-25,EMP03923,CC0118,PA,4,Lateral Deployment,,CAD,CAN,2025-05-25 14:00:00,CORE_HR
EVT00105207,2025-05-09,EMP05112,CC0076,IT,1,Leave Return,,CAD,CAN,2025-05-09 15:00:00,CORE_HR
EVT00104146,2025-05-17,EMP00378,CC0012,AS,3,Step Increment,73859.65,CAD,CAN,2025-05-17 12:00:00,CORE_HR
EVT00103914,2025-05-11,EMP04240,CC0003,IT,1,Lateral Deployment,,CAD,CA,2025-05-12 09:00:00,PAYROLL
EVT00104004,2025-05-15,EMP04911,CC0097,IT,1,Lateral Deployment,,CAD,CAN,2025-05-16 11:00:00,CORE_HR
EVT00104785,2025-05-18,EMP03481,CC0067,CR,1,Leave Start,,CAD,CA,2025-05-18 21:00:00,PAYROLL
EVT00104673,2025-05-22,EMP01626,CC0012,EC,2,Performance Pay,13146.03,CAD,CAN,2025-05-22 15:00:00,CORE_HR
EVT00103760,2025-05-19,EMP03829,CC0084,EX,1,Leave Return,,CAD,CAN,2025-05-19 15:00:00,CORE_HR
EVT00103877,2025-05-16,EMP03762,CC0063,CR,2,Departure,,CAD,CAN,2025-05-16 18:00:00,CORE_HR
EVT00103856,2025-05-22,EMP04031,CC0018,AS,5,Leave Return,,CAD,CAN,2025-05-23 10:00:00,CORE_HR
EVT00104197,2025-05-09,EMP04791,CC0053,IT,3,Performance Pay,5100.32,CAD,CAN,2025-05-10 09:00:00,CORE_HR
EVT00105282,2025-05-26,EMP00498,CC0117,IT,1,Leave Return,,CAD,CAN,2025-05-26 15:00:00,CORE_HR
EVT00104865,2025-05-20,EMP00012,CC0060,FI,3,Performance Pay,10617.45,CAD,CA,2025-05-20 18:00:00,PAYROLL
EVT00105051,2025-05-09,EMP00937,CC0049,FI,3,Leave Return,,AED,AE,2025-05-10 10:00:00,PAYROLL
EVT00103927,2025-05-27,EMP00589,CC0033,PA,1,Leave Start,,CAD,CAN,2025-05-28 05:00:00,CORE_HR
EVT00105498,2025-05-26,EMP02112,CC0014,EX,1,Leave Return,,CAD,CA,2025-05-27 08:00:00,PAYROLL
EVT00103768,2025-05-24,EMP02441,CC0056,AS,5,Departure,,CAD,CA,2025-05-24 20:00:00,PAYROLL
EVT00105513,2025-05-02,EMP02505,CC0028,EX,1,Leave Start,,CAD,CA,2025-05-03 14:00:00,PAYROLL
EVT00104662,2025-05-24,EMP00998,CC0039,IT,4,Leave Return,,CAD,CAN,2025-05-24 18:00:00,CORE_HR
EVT00104742,2025-05-27,EMP02466,CC0051,CR,3,Step Increment,76319.43,CAD,CA,2025-05-28 15:00:00,PAYROLL
EVT00104416,2025-05-23,EMP02519,CC0025,PA,4,Departure,,CAD,CAN,2025-05-23 10:00:00,CORE_HR
EVT00104283,2025-05-20,EMP00136,CC0001,IT,1,Step Increment,82134.55,CAD,CAN,2025-05-21 08:00:00,CORE_HR
EVT00104547,2025-05-01,EMP03968,CC0014,PA,3,Performance Pay,7088.12,CAD,CA,2025-05-02 11:00:00,PAYROLL
EVT00104365,2025-05-15,EMP04918,CC0092,CR,1,Leave Start,,CAD,CA,2025-05-15 11:00:00,PAYROLL
EVT00104203,2025-05-20,EMP01597,CC0026,IT,1,Performance Pay,7455.8,CAD,CAN,2025-05-21 09:00:00,CORE_HR
EVT00104407,2025-05-16,EMP04013,CC0060,EX,2,Leave Return,,CAD,CAN,2025-05-16 13:00:00,CORE_HR
EVT00105483,2025-05-04,EMP02005,CC0044,IT,3,Performance Pay,8452.44,CAD,CA,2025-05-04 06:00:00,PAYROLL
EVT00104314,2025-05-14,EMP04526,CC0096,PA,2,Step Increment,79266.99,CAD,CAN,2025-05-14 22:00:00,CORE_HR
EVT00104848,2025-05-07,EMP00438,CC0108,EX,1,Step Increment,2130794.23,MXN,MX,2025-05-08 13:00:00,PAYROLL
EVT00105466,2025-05-27,EMP01441,CC0071,IT,3,Leave Start,,CAD,CAN,2025-05-27 06:00:00,CORE_HR
EVT00103778,2025-05-11,EMP02292,CC0104,AS,2,Hire,63578.09,CAD,CAN,2025-05-11 12:00:00,CORE_HR
EVT00105371,2025-05-20,EMP04111,CC0064,CR,1,Leave Start,,CAD,CAN,2025-05-21 14:00:00,CORE_HR
EVT00104887,2025-05-14,EMP05045,CC0010,IT,1,Performance Pay,5073.9,CAD,CAN,2025-05-14 06:00:00,CORE_HR
EVT00104521,2025-05-04,EMP05059,CC0066,FI,1,Step Increment,79111.05,CAD,CA,2025-05-05 05:00:00,PAYROLL
EVT00104923,2025-05-12,EMP01729,CC0095,EN,4,Departure,,CAD,CAN,2025-05-13 07:00:00,CORE_HR
EVT00104979,2025-05-04,EMP03604,CC0062,PA,4,Leave Start,,CAD,CA,2025-05-05 02:00:00,PAYROLL
EVT00105476,2025-05-24,EMP04798,CC0072,IT,4,Step Increment,124715.82,CAD,CA,2025-05-25 15:00:00,PAYROLL
EVT00105255,2025-05-06,EMP03264,CC0089,FI,1,Step Increment,77544.2,CAD,CAN,2025-05-06 18:00:00,CORE_HR
EVT00105434,2025-05-17,EMP04337,CC0004,EC,3,Hire,78298.25,CAD,CAN,2025-05-18 08:00:00,CORE_HR
EVT00103878,2025-05-15,EMP03367,CC0085,CR,2,Hire,51678.82,CAD,CAN,2025-05-16 07:00:00,CORE_HR
EVT00104304,2025-05-17,EMP00285,CC0046,EN,3,Lateral Deployment,,BRL,BRA,2025-05-18 01:00:00,CORE_HR
EVT00104427,2025-05-25,EMP03600,CC0049,AS,2,Performance Pay,6853.63,EUR,FR,2025-05-25 07:00:00,PAYROLL
EVT00104552,2025-05-21,EMP03263,CC0015,IT,1,Step Increment,87257.88,CAD,CAN,2025-05-21 15:00:00,CORE_HR
EVT00103836,2025-05-26,EMP00398,CC0076,PA,5,Departure,,CAD,CA,2025-05-26 17:00:00,PAYROLL
EVT00103964,2025-05-21,EMP01183,CC0081,PA,2,Promotion,71046.99,CAD,CA,2025-05-21 13:00:00,PAYROLL
EVT00103673,2025-05-19,EMP01821,CC0108,IT,2,Step Increment,76809.75,SGD,SG,2025-05-19 14:00:00,PAYROLL
EVT00103674,2025-05-01,EMP00156,CC0011,IT,3,Step Increment,123346.91,CAD,CA,2025-05-01 18:00:00,PAYROLL
EVT00104969,2025-05-10,EMP01460,CC0080,FI,2,Step Increment,1459150.31,MXN,MEX,2025-05-11 06:00:00,CORE_HR
EVT00104708,2025-05-04,EMP04509,CC0002,PA,3,Performance Pay,8631.74,CAD,CA,2025-05-05 02:00:00,PAYROLL
EVT00103919,2025-05-07,EMP04362,CC0116,IT,2,Leave Return,,CAD,CA,2025-05-07 11:00:00,PAYROLL
EVT00103991,2025-05-08,EMP02886,CC0072,AS,2,Leave Return,,CAD,CAN,2025-05-09 07:00:00,CORE_HR
EVT00103747,2025-05-12,EMP04720,CC0086,PA,1,Hire,198134.4,AED,ARE,2025-05-12 07:00:00,CORE_HR
EVT00104642,2025-05-05,EMP00943,CC0101,EN,1,Step Increment,89336.25,CAD,CAN,2025-05-05 13:00:00,CORE_HR
EVT00104262,2025-05-14,EMP04633,CC0046,FI,1,Leave Return,,AED,AE,2025-05-14 16:00:00,PAYROLL
EVT00104060,2025-05-02,EMP00229,CC0034,PA,3,Leave Return,,CAD,CAN,2025-05-03 12:00:00,CORE_HR
EVT00104380,2025-05-19,EMP01890,CC0019,AS,2,Departure,,CAD,CAN,2025-05-19 22:00:00,CORE_HR
EVT00104814,2025-05-22,EMP02615,CC0024,AS,1,Hire,61310.92,CAD,CAN,2025-05-22 16:00:00,CORE_HR
EVT00104162,2025-05-05,EMP02694,CC0018,EN,3,Hire,120549.96,CAD,CAN,2025-05-08 12:00:00,CORE_HR
EVT00104321,2025-05-14,EMP04094,CC0062,FI,2,Departure,,CAD,CAN,2025-05-14 23:00:00,CORE_HR
EVT00103960,2025-05-16,EMP03601,CC0026,CR,3,Lateral Deployment,,CAD,CA,2025-05-16 08:00:00,PAYROLL
EVT00105176,2025-05-24,EMP00002,CC0068,EN,3,Promotion,119341.52,CAD,CA,2025-05-24 12:00:00,PAYROLL
EVT00104076,2025-05-16,EMP04604,CC0009,PA,3,Hire,1309552.65,MXN,MX,2025-05-17 08:00:00,PAYROLL
EVT00104079,2025-05-17,EMP04367,CC0049,PA,1,Leave Return,,KES,KEN,2025-05-18 10:00:00,CORE_HR
EVT00105362,2025-05-16,EMP03887,CC0062,AS,3,Hire,74461.65,CAD,CAN,2025-05-17 15:00:00,CORE_HR
EVT00105441,2025-05-06,EMP00424,CC0120,EX,1,Step Increment,117786.36,CAD,CA,2025-05-07 01:00:00,PAYROLL
EVT00104068,2025-05-22,EMP04736,CC0021,IT,1,Lateral Deployment,,CAD,CAN,2025-05-22 17:00:00,CORE_HR
EVT00104263,2025-05-15,EMP02777,CC0006,FI,4,Lateral Deployment,,CAD,CA,2025-05-15 09:00:00,PAYROLL
EVT00104586,2025-05-10,EMP02237,CC0074,PA,3,Step Increment,231192.59,AED,AE,2025-05-11 04:00:00,PAYROLL
EVT00104094,2025-05-05,EMP04987,CC0102,EN,3,Hire,128999.41,CAD,CA,2025-05-05 07:00:00,PAYROLL
EVT00104276,2025-05-04,EMP00058,CC0061,PA,1,Step Increment,68321.38,CAD,CA,2025-05-05 10:00:00,PAYROLL
EVT00103697,2025-05-16,EMP04724,CC0033,FI,2,Step Increment,97136.02,CAD,CAN,2025-05-17 06:00:00,CORE_HR
EVT00104157,2025-05-10,EMP00101,CC0055,CR,3,Performance Pay,4237.53,CAD,CA,2025-05-11 03:00:00,PAYROLL
EVT00103592,2025-05-05,EMP02165,CC0039,FI,2,Promotion,86524.89,CAD,CAN,2025-05-06 15:00:00,CORE_HR
EVT00104013,2025-05-26,EMP01818,CC0041,IT,5,Departure,,CAD,CAN,2025-05-27 05:00:00,CORE_HR
EVT00103860,2025-05-09,EMP03184,CC0070,IT,2,Performance Pay,5702.75,CAD,CAN,2025-05-09 20:00:00,CORE_HR
EVT00103891,2025-05-21,EMP00112,CC0036,PA,3,Step Increment,84124.73,CAD,CA,2025-05-21 16:00:00,PAYROLL
EVT00104755,2025-05-03,EMP00302,CC0096,EN,3,Step Increment,114116.36,CAD,CAN,2025-05-03 14:00:00,CORE_HR
EVT00104305,2025-05-04,EMP01315,CC0107,IT,3,Departure,,CAD,CAN,2025-05-05 10:00:00,CORE_HR
EVT00105548,2025-05-07,EMP02810,CC0062,CR,3,Lateral Deployment,,CAD,CA,2025-05-08 02:00:00,PAYROLL
EVT00103716,2025-05-01,EMP02268,CC0002,FI,2,Promotion,92195.54,CAD,CA,2025-05-01 16:00:00,PAYROLL
EVT00103971,2025-05-06,EMP01819,CC0096,PA,2,Leave Return,,CAD,CA,2025-05-06 16:00:00,PAYROLL
EVT00103791,1900-01-01,EMP04762,CC0090,EN,1,Departure,,CAD,CAN,2025-05-19 14:00:00,CORE_HR
EVT00105455,2025-05-07,EMP01886,CC0047,CR,1,Leave Return,,CAD,CAN,2025-05-08 09:00:00,CORE_HR
EVT00105338,2025-05-10,EMP01747,CC0090,PA,1,Leave Return,,CAD,CAN,2025-05-11 00:00:00,CORE_HR
EVT00104553,2025-05-04,EMP04810,CC0099,AS,2,Leave Return,,CAD,CAN,2025-05-04 06:00:00,CORE_HR
EVT00104750,2025-05-19,EMP00602,CC0057,EN,3,Leave Return,,CAD,CAN,2025-05-20 15:00:00,CORE_HR
EVT00104404,2025-05-07,EMP00953,CC0068,PA,3,Lateral Deployment,,CAD,CAN,2025-05-07 22:00:00,CORE_HR
EVT00103824,2025-05-26,EMP04343,CC0023,EN,1,Leave Return,,CAD,CAN,2025-05-27 02:00:00,CORE_HR
EVT00104655,2025-05-04,EMP03096,CC0103,EN,1,Lateral Deployment,,CAD,CAN,2025-05-05 12:00:00,CORE_HR
EVT00105536,2025-05-05,EMP01262,CC0090,CR,2,Hire,64499.3,CAD,CA,2025-05-08 03:00:00,PAYROLL
EVT00104064,2025-05-17,EMP03472,CC0032,EN,2,Step Increment,111796.52,CAD,CA,2025-05-17 23:00:00,PAYROLL
EVT00105251,2025-05-22,EMP01806,CC0035,EX,1,Departure,,CAD,CAN,2025-05-22 22:00:00,CORE_HR
EVT00104869,2025-05-02,EMP00327,CC0027,EN,1,Performance Pay,9586.83,CAD,CAN,2025-05-03 00:00:00,CORE_HR
EVT00103816,2025-05-19,EMP05107,CC0110,PA,3,Lateral Deployment,,CAD,CAN,2025-05-20 01:00:00,CORE_HR
EVT00103997,2025-05-24,EMP05062,CC0075,AS,2,Lateral Deployment,,CAD,CAN,2025-05-25 11:00:00,CORE_HR
EVT00105436,2025-05-14,EMP01645,CC0004,PA,4,Lateral Deployment,,CAD,CAN,2025-05-14 06:00:00,CORE_HR
EVT00105520,2025-05-04,EMP01041,CC0079,CR,2,Departure,,CAD,CAN,2025-05-04 20:00:00,CORE_HR
EVT00105132,2025-05-21,EMP04420,CC0083,IT,4,Departure,,CAD,CA,2025-05-21 10:00:00,PAYROLL
EVT00103711,2025-05-18,EMP00012,CC0060,FI,3,Performance Pay,8602.64,CAD,CA,2025-05-19 11:00:00,PAYROLL
EVT00104028,2025-05-13,EMP01564,CC0112,EX,2,Step Increment,165689.91,CAD,CA,2025-05-14 12:00:00,PAYROLL
EVT00104730,2025-05-02,EMP03653,CC0035,PA,1,Step Increment,64967.99,CAD,CA,2025-05-03 04:00:00,PAYROLL
EVT00104214,2025-05-25,EMP03893,CC0099,EX,2,Performance Pay,14696.59,CAD,CAN,2025-05-25 07:00:00,CORE_HR
EVT00104138,2025-05-03,EMP05036,CC0082,IT,3,Performance Pay,11240.33,CAD,CAN,2025-05-03 11:00:00,CORE_HR
EVT00105092,2025-05-24,EMP00068,CC0012,IT,4,Performance Pay,10229.06,CAD,CAN,2025-05-24 23:00:00,CORE_HR
EVT00105226,2025-05-23,EMP02561,CC0027,EC,1,Leave Return,,CAD,CA,2025-05-24 06:00:00,PAYROLL
EVT00105119,2025-05-01,EMP00007,CC0077,EX,1,Hire,141683.79,CAD,CAN,2025-05-02 09:00:00,CORE_HR
EVT00104222,2025-05-14,EMP04038,CC0119,EX,1,Leave Return,,CAD,CA,2025-05-15 15:00:00,PAYROLL
EVT00105406,2025-05-14,EMP04385,CC0111,AS,1,Promotion,47317.73,EUR,FRA,2025-05-14 22:00:00,CORE_HR
EVT00104968,2025-05-09,EMP03205,CC0115,IT,2,Departure,,CAD,CAN,2025-05-10 15:00:00,CORE_HR
EVT00104569,2025-05-21,EMP03986,CC0078,PA,3,Step Increment,80595.69,CAD,CAN,2025-05-22 05:00:00,CORE_HR
EVT00103867,2025-05-17,EMP03753,CC0106,FI,4,Step Increment,87462.34,CAD,CA,2025-05-18 09:00:00,PAYROLL
EVT00103829,2025-05-19,EMP03713,CC0120,PA,5,Leave Return,,CAD,CAN,2025-05-20 12:00:00,CORE_HR
EVT00104994,2025-05-26,EMP00316,CC0007,EX,1,Step Increment,14540338.17,JPY,JP,2025-05-29 23:00:00,PAYROLL
EVT00104282,2025-05-09,EMP05005,CC0004,IT,5,Step Increment,151702.86,CAD,CAN,2025-05-10 01:00:00,CORE_HR
EVT00104122,2025-05-13,EMP01984,CC0093,CR,3,Departure,,CAD,CAN,2025-05-13 11:00:00,CORE_HR
EVT00103900,2025-05-05,EMP01525,CC0050,FI,4,Step Increment,112210.85,CAD,CA,2025-05-05 14:00:00,PAYROLL
EVT00104682,2025-05-03,EMP00591,CC0097,EC,5,Leave Return,,CAD,CAN,2025-05-06 11:00:00,CORE_HR
EVT00104675,2025-05-02,EMP03390,CC0063,EN,1,Step Increment,94010.86,CAD,CAN,2025-05-03 01:00:00,CORE_HR
EVT00104938,2025-05-10,EMP00387,CC0052,PA,2,Leave Start,,CAD,CAN,2025-05-10 21:00:00,CORE_HR
EVT00105033,2025-05-07,EMP04980,CC0070,IT,4,Step Increment,137827.01,CAD,CAN,2025-05-07 22:00:00,CORE_HR
EVT00104772,2025-05-05,EMP03859,CC0032,FI,3,Departure,,CAD,CAN,2025-05-06 10:00:00,CORE_HR
EVT00104570,2025-05-17,EMP00444,CC0018,PA,2,Leave Start,,CAD,CAN,2025-05-18 02:00:00,CORE_HR
EVT00104959,2025-05-20,EMP01597,CC0026,IT,1,Performance Pay,8184.41,CAD,CAN,2025-05-20 17:00:00,CORE_HR
EVT00105225,2025-05-24,EMP03113,CC0006,PA,2,Lateral Deployment,,CAD,CAN,2025-05-25 15:00:00,CORE_HR
EVT00103654,2025-05-06,EMP03341,CC0074,PA,2,Leave Start,,EUR,DE,2025-05-07 14:00:00,PAYROLL
EVT00104133,2025-05-15,EMP04863,CC0051,EN,1,Leave Start,,CAD,CAN,2025-05-16 03:00:00,CORE_HR
EVT00104168,2025-05-03,EMP02300,CC0115,AS,1,Lateral Deployment,,CAD,CA,2025-05-04 12:00:00,PAYROLL
EVT00104933,2025-05-19,EMP00989,CC0056,EN,4,Performance Pay,18122.4,CAD,CAN,2025-05-19 16:00:00,CORE_HR
EVT00103780,2025-05-21,EMP00806,CC0014,PA,4,Lateral Deployment,,CAD,CAN,2025-05-21 12:00:00,CORE_HR
EVT00105252,2025-05-15,EMP04240,CC0003,IT,1,Step Increment,107919.9,CAD,CAN,2025-05-15 19:00:00,CORE_HR
EVT00105305,2025-05-20,EMP02871,CC0116,IT,1,Leave Return,,CAD,CAN,2025-05-21 14:00:00,CORE_HR
EVT00104254,2025-05-15,EMP01712,CC0013,FI,3,Leave Return,,CAD,CAN,2025-05-15 22:00:00,CORE_HR
EVT00104001,2025-05-13,EMP04390,CC0074,IT,1,Step Increment,293853.88,BRL,BRA,2025-05-13 08:00:00,CORE_HR
EVT00104741,2025-05-03,EMP01073,CC0019,PA,2,Step Increment,64570.32,CAD,CA,2025-05-03 09:00:00,PAYROLL
EVT00103773,2025-05-02,EMP02999,CC0039,FI,5,Leave Start,,CAD,CAN,2025-05-03 03:00:00,CORE_HR
EVT00104951,2025-05-27,EMP01558,CC0013,PA,2,Performance Pay,9530.99,CAD,CAN,2025-05-27 17:00:00,CORE_HR
EVT00105276,2025-05-16,EMP02926,CC0048,IT,3,Step Increment,111720.79,CAD,CA,2025-05-16 17:00:00,PAYROLL
EVT00103739,2025-05-18,EMP02676,CC0071,CR,4,Step Increment,68882.06,CAD,CAN,2025-05-19 04:00:00,CORE_HR
EVT00104973,2025-05-23,EMP03822,CC0088,CR,5,Departure,,AED,ARE,2025-05-23 18:00:00,CORE_HR
EVT00104503,2025-05-23,EMP03029,CC0021,PA,1,Leave Start,,CAD,CAN,2025-05-23 13:00:00,CORE_HR
EVT00104967,2025-05-01,EMP02048,CC0035,PA,3,Leave Start,,CAD,CAN,2025-05-01 17:00:00,CORE_HR
EVT00104137,2025-05-11,EMP04407,CC0029,PA,2,Step Increment,65317.74,USD,US,2025-05-12 08:00:00,PAYROLL
EVT00104268,2025-05-19,EMP03219,CC0003,IT,2,Hire,94288.15,CAD,CAN,2025-05-20 14:00:00,CORE_HR
EVT00104445,2025-05-09,EMP03647,CC0060,PA,4,Leave Start,,CAD,CAN,2025-05-09 10:00:00,CORE_HR
EVT00103678,2025-05-05,EMP03258,CC0068,IT,1,Step Increment,103730.14,CAD,CAN,2025-05-05 07:00:00,CORE_HR
EVT00104760,2025-05-25,EMP00336,CC0054,EN,1,Step Increment,67051.27,EUR,DE,2025-05-26 11:00:00,PAYROLL
EVT00104232,2025-05-07,EMP04937,CC0114,EC,2,Lateral Deployment,,CAD,CAN,2025-05-08 00:00:00,CORE_HR
EVT00105392,2025-05-04,EMP02058,CC0055,EX,1,Leave Start,,CAD,CAN,2025-05-04 13:00:00,CORE_HR
EVT00103619,2025-05-23,EMP02190,CC0080,PA,4,Step Increment,274395.82,AED,ARE,2025-05-24 05:00:00,CORE_HR
EVT00104479,2025-05-24,EMP03429,CC0058,AS,5,Departure,,CAD,CA,2025-05-24 23:00:00,PAYROLL
EVT00104873,2025-05-13,EMP00503,CC0085,PA,4,Promotion,78115.56,CAD,CAN,2025-05-14 12:00:00,CORE_HR
EVT00104917,2025-05-19,EMP04381,CC0044,AS,5,Leave Start,,CAD,CAN,2025-05-19 11:00:00,CORE_HR
EVT00104921,2025-05-21,EMP02564,CC0094,IT,1,Lateral Deployment,,CAD,CAN,2025-05-21 13:00:00,CORE_HR
EVT00104141,2025-05-26,EMP02172,CC0102,IT,1,Step Increment,70293.41,CAD,CAN,2025-05-26 10:00:00,CORE_HR
EVT00105450,2025-05-23,EMP01534,CC0044,EN,4,Hire,108142.98,CAD,CAN,2025-05-23 08:00:00,CORE_HR
EVT00104566,2025-05-24,EMP05056,CC0059,EN,1,Leave Return,,CAD,CAN,2025-05-25 03:00:00,CORE_HR
EVT00103612,2025-05-13,EMP04761,CC0086,PA,4,Performance Pay,4021.28,SGD,SGP,2025-05-15 19:00:00,CORE_HR
EVT00103983,2025-05-16,EMP01000,CC0112,IT,4,Leave Return,,CAD,CAN,2025-05-16 06:00:00,CORE_HR
EVT00105501,2025-05-08,EMP02320,CC0010,PA,1,Leave Start,,CAD,CAN,2025-05-08 21:00:00,CORE_HR
EVT00104400,2025-05-14,EMP04654,CC0034,AS,1,Performance Pay,5812.46,CAD,CA,2025-05-15 11:00:00,PAYROLL
EVT00104718,2025-05-11,EMP04376,CC0093,CR,2,Step Increment,51857.43,CAD,CAN,2025-05-12 02:00:00,CORE_HR
EVT00104393,2025-05-07,EMP02915,CC0032,IT,2,Leave Start,,CAD,CAN,2025-05-07 12:00:00,CORE_HR
EVT00104461,2025-05-18,EMP05042,CC0111,PA,5,Performance Pay,6581.05,EUR,DE,2025-05-19 01:00:00,PAYROLL
EVT00104033,2025-05-13,EMP01779,CC0020,EN,2,Performance Pay,12710.06,CAD,CA,2025-05-14 09:00:00,PAYROLL
EVT00103612,2025-05-13,EMP04761,CC0086,PA,4,Performance Pay,4021.28,SGD,SGP,2025-05-14 15:00:00,CORE_HR
EVT00104205,2025-05-01,EMP00230,CC0016,IT,1,Step Increment,80787.01,CAD,CAN,2025-05-02 02:00:00,CORE_HR
EVT00104584,2025-05-04,EMP04202,CC0110,EC,2,Lateral Deployment,,CAD,CAN,2025-05-04 13:00:00,CORE_HR
EVT00104144,2025-05-23,EMP00680,CC0085,FI,5,Step Increment,96769.73,CAD,CAN,2025-05-23 12:00:00,CORE_HR
EVT00103918,2025-05-17,EMP04544,CC0109,AS,1,Step Increment,62171.17,CAD,CAN,2025-05-18 14:00:00,CORE_HR
EVT00104422,2025-05-20,EMP03665,CC0114,PA,2,Step Increment,80828.39,CAD,CAN,2025-05-20 17:00:00,CORE_HR
EVT00104975,2025-05-19,EMP00595,CC0113,EX,1,Leave Return,,CAD,CA,2025-05-19 19:00:00,PAYROLL
EVT00103720,2025-05-23,EMP02327,CC0008,FI,5,Hire,125918.62,CAD,CA,2025-05-24 02:00:00,PAYROLL
EVT00104993,2025-05-11,EMP03626,CC0055,IT,2,Leave Start,,CAD,CA,2025-05-12 05:00:00,PAYROLL
EVT00104992,2025-05-26,EMP01586,CC0111,EN,2,Step Increment,292232.14,AED,AE,2025-05-26 15:00:00,PAYROLL
EVT00105116,2025-05-19,EMP03249,CC0043,PA,1,Leave Start,,CAD,CAN,2025-05-19 12:00:00,CORE_HR
EVT00103570,2025-05-17,EMP02426,CC0059,IT,1,Lateral Deployment,,CAD,CAN,2025-05-18 00:00:00,CORE_HR
EVT00103950,2025-05-23,EMP03363,CC0005,IT,3,Step Increment,108870.07,CAD,CAN,2025-05-24 14:00:00,CORE_HR
EVT00104318,2025-05-27,EMP04562,CC0069,EN,1,Leave Start,,CAD,CA,2025-05-27 14:00:00,PAYROLL
EVT00103653,2025-05-13,EMP05064,CC0043,AS,5,Step Increment,102510.23,CAD,CAN,2025-05-14 15:00:00,CORE_HR
EVT00104886,2025-05-05,EMP03123,CC0048,AS,5,Leave Return,,CAD,CAN,2025-05-06 05:00:00,CORE_HR
EVT00104720,2025-05-20,EMP01510,CC0036,PA,4,Lateral Deployment,,CAD,CAN,2025-05-21 15:00:00,CORE_HR
EVT00103662,2025-05-19,EMP04428,CC0009,FI,1,Leave Start,,USD,USA,2025-05-19 07:00:00,CORE_HR
EVT00104349,2025-05-22,EMP04140,CC0079,PA,3,Leave Start,,CAD,CA,2025-05-22 18:00:00,PAYROLL
EVT00104734,2025-05-27,EMP00553,CC0024,FI,1,Step Increment,73063.39,CAD,CAN,2025-05-28 12:00:00,CORE_HR
EVT00104215,2025-05-06,EMP00013,CC0028,IT,2,Lateral Deployment,,CAD,CAN,2025-05-07 02:00:00,CORE_HR
EVT00104441,2025-05-17,EMP04717,CC0101,EN,1,Step Increment,88277.99,CAD,CA,2025-05-17 13:00:00,PAYROLL
EVT00104185,2025-05-16,EMP04298,CC0083,IT,1,Lateral Deployment,,CAD,CA,2025-05-16 22:00:00,PAYROLL
EVT00104762,2025-05-27,EMP00244,CC0031,PA,3,Performance Pay,153040.49,MXN,MEX,2025-05-28 13:00:00,CORE_HR
EVT00105098,2025-05-04,EMP00401,CC0037,PA,2,Performance Pay,10450.41,CAD,CAN,2025-05-05 07:00:00,CORE_HR
EVT00103580,2025-05-22,EMP03690,CC0107,AS,2,Leave Start,,CAD,CAN,2025-05-22 18:00:00,CORE_HR
EVT00105422,2025-05-01,EMP00369,CC0117,EX,1,Lateral Deployment,,CAD,CAN,2025-05-02 08:00:00,CORE_HR
EVT00104794,2025-05-14,EMP01266,CC0091,PA,4,Step Increment,99749.34,CAD,CAN,2025-05-14 11:00:00,CORE_HR
EVT00103737,2025-05-15,EMP02518,CC0086,PA,1,Performance Pay,125208.65,MXN,MX,2025-05-15 22:00:00,PAYROLL
EVT00104181,2025-05-13,EMP02675,CC0102,CR,3,Lateral Deployment,,CAD,CAN,2025-05-13 14:00:00,CORE_HR
EVT00105492,2025-05-05,EMP01051,CC0005,EX,1,Performance Pay,20127.33,CAD,CA,2025-05-05 14:00:00,PAYROLL
EVT00104072,2025-05-25,EMP01840,CC0054,EC,1,Leave Return,,INR,IND,2025-05-25 10:00:00,CORE_HR
EVT00104110,2025-05-01,EMP03322,CC0120,EN,4,Promotion,136926.53,CAD,CAN,2025-05-01 08:00:00,CORE_HR
EVT00103715,2025-05-12,EMP02118,CC0039,CR,5,Performance Pay,8670.56,CAD,CAN,2025-05-13 11:00:00,CORE_HR
EVT00103772,2025-05-04,EMP04973,CC0085,AS,4,Leave Start,,CAD,CAN,2025-05-04 20:00:00,CORE_HR
EVT00104495,2025-05-19,EMP04043,CC0039,PA,1,Leave Start,,CAD,CA,2025-05-19 06:00:00,PAYROLL
EVT00103933,2025-05-06,EMP01370,CC0095,PA,5,Hire,114484.66,CAD,CAN,2025-05-07 15:00:00,CORE_HR
EVT00105557,2025-05-04,EMP01222,CC0071,IT,1,Leave Return,,CAD,CA,2025-05-05 10:00:00,PAYROLL
EVT00103677,2025-05-27,EMP03630,CC0078,PA,2,Performance Pay,10498.7,CAD,CAN,2025-05-28 07:00:00,CORE_HR
EVT00105424,2025-05-11,EMP02994,CC0105,IT,1,Step Increment,52587.63,GBP,GBR,2025-05-11 06:00:00,CORE_HR
EVT00105041,2025-05-21,EMP04700,CC0075,EN,5,Hire,134299.73,CAD,CA,2025-05-21 12:00:00,PAYROLL
EVT00103595,2025-05-20,EMP03280,CC0071,FI,4,Step Increment,93153.25,CAD,CAN,2025-05-20 16:00:00,CORE_HR
EVT00104832,2025-05-01,EMP00348,CC0113,AS,2,Leave Start,,CAD,CA,2025-05-01 21:00:00,PAYROLL
EVT00103809,2025-05-18,EMP04021,CC0096,FI,3,Performance Pay,11300.83,CAD,CAN,2025-05-18 08:00:00,CORE_HR
EVT00104906,2025-05-12,EMP00356,CC0045,EX,1,Step Increment,159053.95,CAD,CAN,2025-05-12 23:00:00,CORE_HR
EVT00104486,2025-05-11,EMP04452,CC0035,CR,2,Performance Pay,7008.25,CAD,CA,2025-05-11 21:00:00,PAYROLL
EVT00105095,2025-05-26,EMP04199,CC0077,PA,3,Performance Pay,7057.08,CAD,CAN,2025-05-26 13:00:00,CORE_HR
EVT00104534,2025-05-04,EMP03746,CC0085,IT,1,Departure,,CAD,CA,2025-05-04 14:00:00,PAYROLL
EVT00105467,2025-05-06,EMP01312,CC0028,EN,4,Leave Start,,CAD,CA,2025-05-06 22:00:00,PAYROLL
EVT00103751,2025-05-14,EMP01914,CC0023,EN,2,Performance Pay,6382.97,CAD,CA,2025-05-14 15:00:00,PAYROLL
EVT00105453,2025-05-15,EMP02654,CC0068,IT,4,Departure,,CAD,CAN,2025-05-15 14:00:00,CORE_HR
EVT00104377,2025-05-06,EMP02114,CC0080,PA,4,Departure,,JPY,JPN,2025-05-06 10:00:00,CORE_HR
EVT00105544,2025-05-17,EMP01852,CC0093,CR,1,Step Increment,54593.47,CAD,CA,2025-05-17 07:00:00,PAYROLL
EVT00105298,2025-05-03,EMP00357,CC0008,EC,3,Step Increment,86479.77,CAD,CA,2025-05-04 00:00:00,PAYROLL
EVT00105536,2025-05-05,EMP01262,CC0090,CR,2,Hire,64499.3,CAD,CA,2025-05-06 03:00:00,PAYROLL
EVT00103689,2025-05-27,EMP00962,CC0069,PA,3,Departure,,CAD,CA,2025-05-28 01:00:00,PAYROLL
EVT00103782,2025-05-03,EMP04878,CC0090,EN,3,Step Increment,121673.56,CAD,CAN,2025-05-03 15:00:00,CORE_HR
EVT00105314,2025-05-03,EMP02967,CC0099,CR,5,Lateral Deployment,,CAD,CA,2025-05-04 13:00:00,PAYROLL
EVT00104737,2025-05-20,EMP02985,CC0083,AS,1,Leave Return,,CAD,CA,2025-05-21 14:00:00,PAYROLL
EVT00104120,2025-05-01,EMP00806,CC0014,PA,4,Step Increment,90243.76,CAD,CAN,2025-05-02 05:00:00,CORE_HR
EVT00104939,2025-05-17,EMP04605,CC0028,IT,4,Performance Pay,14412.75,CAD,CAN,2025-05-17 17:00:00,CORE_HR
EVT00104206,2025-05-14,EMP04843,CC0008,CR,1,Promotion,45182.68,CAD,CAN,2025-05-14 10:00:00,CORE_HR
EVT00103781,2025-05-19,EMP04772,CC0056,IT,3,Step Increment,111266.22,CAD,CA,2025-05-19 21:00:00,PAYROLL
EVT00105463,2025-05-15,EMP04482,CC0096,FI,2,Performance Pay,11687.28,CAD,CAN,2025-05-15 16:00:00,CORE_HR
EVT00104044,2025-05-17,EMP00547,CC0118,EX,1,Hire,143708.39,CAD,CAN,2025-05-20 17:00:00,CORE_HR
EVT00103957,2025-05-24,EMP04152,CC0004,FI,4,Step Increment,113570.77,CAD,CAN,2025-05-25 15:00:00,CORE_HR
EVT00103961,2025-05-04,EMP04682,CC0040,EN,3,Lateral Deployment,,CAD,CAN,2025-05-04 06:00:00,CORE_HR
EVT00104248,2025-05-24,EMP04724,CC0033,FI,2,Step Increment,74447.34,CAD,CAN,2025-05-25 05:00:00,CORE_HR
EVT00105222,2025-05-05,EMP02901,CC0031,EN,1,Departure,,BRL,BRA,2025-05-05 12:00:00,CORE_HR
EVT00105398,2025-05-17,EMP99999,CC0023,PA,2,Step Increment,72835.09,CAD,CAN,2025-05-17 07:00:00,CORE_HR
EVT00105235,2025-05-19,EMP03362,CC0005,AS,3,Step Increment,70935.74,CAD,CAN,2025-05-19 19:00:00,CORE_HR
EVT00104354,2025-05-08,EMP04554,CC0002,CR,4,Leave Return,,CAD,CA,2025-05-08 07:00:00,PAYROLL
EVT00105219,2025-05-20,EMP04264,CC0106,EC,1,Step Increment,74593.42,CAD,CA,2025-05-21 12:00:00,PAYROLL
EVT00103862,2025-05-08,EMP04862,CC0049,FI,1,Performance Pay,447915.78,JPY,JPN,2025-05-09 05:00:00,CORE_HR
EVT00104535,2025-05-02,EMP03201,CC0113,CR,3,Leave Return,,CAD,CAN,2025-05-02 12:00:00,CORE_HR
EVT00104410,2025-05-18,EMP00550,CC0025,EC,1,Performance Pay,5171.8,CAD,CA,2025-05-18 08:00:00,PAYROLL
EVT00103866,2025-05-09,EMP03138,CC0006,FI,2,Step Increment,88291.11,CAD,CA,2025-05-10 00:00:00,PAYROLL
EVT00105315,2025-05-23,EMP02732,CC0089,CR,4,Departure,,CAD,CAN,2025-05-23 11:00:00,CORE_HR
EVT00105393,2025-05-25,EMP00278,CC0061,AS,5,Leave Return,,CAD,CAN,2025-05-26 06:00:00,CORE_HR
EVT00104225,2025-05-24,EMP04464,CC0015,PA,4,Leave Start,,CAD,CAN,2025-05-25 04:00:00,CORE_HR
EVT00104006,2025-05-09,EMP03327,CC0038,PA,2,Lateral Deployment,,CAD,CA,2025-05-09 17:00:00,PAYROLL
EVT00104272,2025-05-27,EMP02918,CC0069,PA,3,Step Increment,93483.55,CAD,CA,2025-05-28 06:00:00,PAYROLL
EVT00104483,2025-05-06,EMP03210,CC0017,EC,4,Leave Return,,CAD,CAN,2025-05-06 06:00:00,CORE_HR
EVT00104849,2025-05-16,EMP04019,CC0116,EC,4,Lateral Deployment,,CAD,CAN,2025-05-17 09:00:00,CORE_HR
EVT00104109,2025-05-26,EMP01466,CC0105,IT,1,Performance Pay,19488.23,AED,AE,2025-05-26 21:00:00,PAYROLL
EVT00104904,2025-05-02,EMP01740,CC0052,FI,2,Promotion,87627.73,CAD,CAN,2025-05-02 18:00:00,CORE_HR
EVT00103579,2025-05-14,EMP04797,CC0097,IT,4,Step Increment,132266.4,CAD,CAN,2025-05-14 14:00:00,CORE_HR
EVT00104525,2025-05-16,EMP03347,CC0013,EN,5,Leave Return,,CAD,CAN,2025-05-17 11:00:00,CORE_HR
EVT00104849,2025-05-16,EMP04019,CC0116,EC,4,Lateral Deployment,,CAD,CAN,2025-05-19 08:00:00,CORE_HR
EVT00105311,2025-05-22,EMP03325,CC0013,IT,4,Step Increment,122435.93,CAD,CA,2025-05-23 13:00:00,PAYROLL
EVT00103685,2025-05-03,EMP04657,CC0046,AS,2,Leave Return,,USD,US,2025-05-04 00:00:00,PAYROLL
EVT00104571,2025-05-16,EMP05173,CC0101,EC,1,Performance Pay,9921.51,CAD,CAN,2025-05-17 11:00:00,CORE_HR
EVT00104602,2025-05-16,EMP00330,CC0113,PA,1,Step Increment,69141.09,CAD,CAN,2025-05-16 15:00:00,CORE_HR
EVT00103777,2025-05-12,EMP01827,CC0085,EN,1,Step Increment,81552.84,CAD,CAN,2025-05-13 12:00:00,CORE_HR
EVT00104366,2025-05-08,EMP04784,CC0036,FI,2,Step Increment,88330.13,CAD,CAN,2025-05-08 22:00:00,CORE_HR
EVT00105456,2025-05-11,EMP05142,CC0057,AS,2,Departure,,CAD,CAN,2025-05-12 05:00:00,CORE_HR
EVT00105507,2025-05-25,EMP00488,CC0023,FI,1,Step Increment,75986.93,CAD,CAN,2025-05-25 08:00:00,CORE_HR
EVT00103698,2025-05-17,EMP03536,CC0051,EN,5,Lateral Deployment,,CAD,CAN,2025-05-17 18:00:00,CORE_HR
EVT00105545,2025-05-05,EMP03060,CC0014,PA,1,Performance Pay,7003.17,CAD,CAN,2025-05-05 17:00:00,CORE_HR
EVT00105376,2025-05-22,EMP04429,CC0092,FI,2,Performance Pay,3817.89,CAD,CA,2025-05-22 16:00:00,PAYROLL
EVT00105400,2025-05-05,EMP04961,CC0119,AS,3,Performance Pay,3386.92,CAD,CA,2025-05-05 13:00:00,PAYROLL
EVT00104878,2025-05-20,EMP00665,CC0011,AS,1,Departure,,CAD,CA,2025-05-20 22:00:00,PAYROLL
EVT00105187,2025-05-11,EMP05069,CC0046,EN,3,Step Increment,87461.74,EUR,FR,2025-05-12 08:00:00,PAYROLL
EVT00104216,2025-05-02,EMP03417,CC0094,AS,4,Leave Return,,CAD,CAN,2025-05-02 13:00:00,CORE_HR
EVT00103915,2025-05-25,EMP05164,CC0116,PA,3,Departure,,CAD,CAN,2025-05-25 06:00:00,CORE_HR
EVT00103838,2025-05-15,EMP04950,CC0056,PA,2,Leave Return,,CAD,CAN,2025-05-16 13:00:00,CORE_HR
EVT00105037,2025-05-10,EMP01051,CC0005,EX,1,Lateral Deployment,,CAD,CAN,2025-05-11 04:00:00,CORE_HR
EVT00103699,2025-05-18,EMP02957,CC0032,EX,2,Step Increment,159031.58,CAD,CA,2025-05-18 06:00:00,PAYROLL
EVT00104295,2025-05-13,EMP03713,CC0120,PA,5,Lateral Deployment,,CAD,CA,2025-05-14 06:00:00,PAYROLL
EVT00105129,2025-05-09,EMP00279,CC0116,EN,3,Step Increment,126365.9,CAD,CAN,2025-05-09 10:00:00,CORE_HR
EVT00104449,2025-05-13,EMP04438,CC0001,EN,1,Performance Pay,6838.56,CAD,CAN,2025-05-14 09:00:00,CORE_HR
EVT00103627,2025-05-13,EMP00305,CC0056,EX,1,Step Increment,133844.74,CAD,CA,2025-05-14 02:00:00,PAYROLL
EVT00104623,2025-05-09,EMP04987,CC0102,EN,3,Step Increment,118779.32,CAD,CAN,2025-05-09 22:00:00,CORE_HR
EVT00104766,2025-05-17,EMP03751,CC0044,IT,1,Leave Start,,CAD,CA,2025-05-17 20:00:00,PAYROLL
EVT00105294,2025-05-27,EMP01015,CC0027,CR,2,Leave Return,,CAD,CAN,2025-05-27 07:00:00,CORE_HR
EVT00103977,2025-05-17,EMP04440,CC0028,IT,2,Step Increment,94626.91,CAD,CAN,2025-05-18 11:00:00,CORE_HR
EVT00103942,2025-05-20,EMP01515,CC0066,EX,2,Step Increment,169040.3,CAD,CAN,2025-05-20 23:00:00,CORE_HR
EVT00104238,2025-05-27,EMP01332,CC0072,EC,1,Leave Return,,CAD,CAN,2025-05-27 08:00:00,CORE_HR
EVT00103615,2025-05-12,EMP01601,CC0015,PA,2,Leave Return,,CAD,CAN,2025-05-13 12:00:00,CORE_HR
EVT00104842,2025-05-08,EMP01371,CC0041,EN,3,Leave Return,,CAD,CAN,2025-05-08 14:00:00,CORE_HR
EVT00104767,2025-05-20,EMP01083,CC0106,EN,3,Performance Pay,11645.62,CAD,CAN,2025-05-20 11:00:00,CORE_HR
EVT00104676,2025-05-06,EMP01280,CC0072,EX,1,Step Increment,147337.67,CAD,CAN,2025-05-06 23:00:00,CORE_HR
EVT00105429,2025-05-18,EMP02247,CC0056,EN,3,Departure,,CAD,CA,2025-05-18 12:00:00,PAYROLL
EVT00104736,2025-05-05,EMP00842,CC0023,EN,3,Leave Return,,CAD,CAN,2025-05-06 09:00:00,CORE_HR
EVT00104091,2025-05-17,EMP00623,CC0045,IT,2,Performance Pay,7029.96,CAD,CAN,2025-05-18 02:00:00,CORE_HR
EVT00105427,2025-05-06,EMP00186,CC0030,AS,3,Step Increment,62118.51,USD,USA,2025-05-06 06:00:00,CORE_HR
EVT00104275,2025-05-20,EMP03919,CC0083,PA,4,Leave Start,,CAD,CAN,2025-05-21 00:00:00,CORE_HR
EVT00104782,2025-05-10,EMP02872,CC0061,PA,3,Lateral Deployment,,CAD,CA,2025-05-10 16:00:00,PAYROLL
EVT00104932,2025-05-19,EMP02847,CC0054,IT,2,Step Increment,12027913.73,KES,KEN,2025-05-19 16:00:00,CORE_HR
EVT00105122,2025-05-27,EMP03296,CC0064,IT,3,Performance Pay,7838.74,CAD,CAN,2025-05-27 17:00:00,CORE_HR
EVT00104438,2025-05-03,EMP03921,CC0046,IT,1,Leave Return,,SGD,SGP,2025-05-04 04:00:00,CORE_HR
EVT00104342,2025-05-17,EMP03206,CC0090,PA,1,Departure,,CAD,CAN,2025-05-17 20:00:00,CORE_HR
EVT00103842,2025-05-10,EMP00520,CC0074,CR,1,Leave Return,,EUR,DE,2025-05-11 04:00:00,PAYROLL
EVT00105221,2025-05-04,EMP01908,CC0118,PA,1,Step Increment,50863.92,CAD,CAN,2025-05-05 00:00:00,CORE_HR
EVT00104410,2025-05-18,EMP00550,CC0025,EC,1,Performance Pay,5171.8,CAD,CA,2025-05-20 02:00:00,PAYROLL
EVT00104507,2025-05-20,EMP00737,CC0048,IT,2,Step Increment,111694.94,CAD,CA,2025-05-21 10:00:00,PAYROLL
EVT00104106,2025-05-19,EMP03814,CC0049,CR,4,Leave Return,,INR,IN,2025-05-19 09:00:00,PAYROLL
EVT00105296,2025-05-01,EMP02273,CC0059,FI,5,Performance Pay,15177.03,CAD,CAN,2025-05-01 17:00:00,CORE_HR
EVT00105260,2025-05-07,EMP05107,CC0110,PA,3,Performance Pay,5816.22,CAD,CA,2025-05-07 12:00:00,PAYROLL
EVT00105165,2025-05-27,EMP05120,CC0060,EX,1,Leave Start,,CAD,CAN,2025-05-27 13:00:00,CORE_HR
EVT00104860,2025-05-01,EMP02418,CC0037,CR,1,Step Increment,51037.79,CAD,CAN,2025-05-01 12:00:00,CORE_HR
EVT00105140,2025-05-04,EMP04572,CC0057,AS,1,Promotion,58463.21,CAD,CA,2025-05-05 15:00:00,PAYROLL
EVT00105082,2025-05-22,EMP02952,CC0002,FI,3,Performance Pay,12209.74,CAD,CAN,2025-05-22 18:00:00,CORE_HR
EVT00104557,2025-05-08,EMP02594,CC0050,FI,1,Leave Start,,CAD,CAN,2025-05-08 13:00:00,CORE_HR
EVT00104781,2025-05-11,EMP01518,CC0001,AS,2,Leave Start,,CAD,CAN,2025-05-11 15:00:00,CORE_HR
EVT00103929,2025-05-15,EMP03346,CC0033,EC,2,Leave Return,,CAD,CAN,2025-05-16 10:00:00,CORE_HR
EVT00103733,2025-05-23,EMP03549,CC0005,FI,4,Step Increment,114251.76,CAD,CA,2025-05-23 20:00:00,PAYROLL
EVT00103975,2025-05-10,EMP04434,CC0101,EC,3,Step Increment,118388.34,CAD,CA,2025-05-10 06:00:00,PAYROLL
EVT00103916,2025-05-16,EMP00242,CC0048,IT,1,Step Increment,93081.22,CAD,CAN,2025-05-17 13:00:00,CORE_HR
EVT00104208,2025-05-20,EMP03832,CC0045,PA,1,Step Increment,69265.82,CAD,CAN,2025-05-20 12:00:00,CORE_HR
EVT00105396,2025-05-03,EMP02681,CC0079,FI,2,Step Increment,93368.72,CAD,CAN,2025-05-03 12:00:00,CORE_HR
EVT00105191,2025-05-18,EMP03563,CC0115,IT,4,Promotion,131580.7,CAD,CA,2025-05-19 12:00:00,PAYROLL
EVT00103557,2025-05-26,EMP03006,CC0099,IT,2,Step Increment,82485.62,CAD,CAN,2025-05-26 11:00:00,CORE_HR
EVT00103946,2025-05-17,EMP02078,CC0048,IT,3,Step Increment,124855.03,CAD,CA,2025-05-18 15:00:00,PAYROLL
EVT00105461,2025-05-18,EMP01369,CC0015,PA,5,Leave Return,,CAD,CAN,2025-05-18 15:00:00,CORE_HR
EVT00105096,2025-05-03,EMP01406,CC0073,PA,3,Step Increment,92371.59,CAD,CA,2025-05-03 08:00:00,PAYROLL
EVT00105364,2025-05-10,EMP01027,CC0044,AS,4,Performance Pay,6163.12,CAD,CAN,2025-05-10 19:00:00,CORE_HR
EVT00105412,2025-05-13,EMP03265,CC0073,IT,4,Performance Pay,16211.36,CAD,CAN,2025-05-13 13:00:00,CORE_HR
EVT00104562,2025-05-05,EMP03450,CC0094,AS,3,Step Increment,70489.45,CAD,CA,2025-05-06 15:00:00,PAYROLL
EVT00105015,2025-05-18,EMP00087,CC0119,FI,4,Step Increment,115259.94,CAD,CAN,2025-05-18 14:00:00,CORE_HR
EVT00103726,2025-05-21,EMP00698,CC0109,PA,3,Departure,,CAD,CA,2025-05-21 13:00:00,PAYROLL
EVT00103696,2025-05-18,EMP04770,CC0038,EC,3,Lateral Deployment,,CAD,CA,2025-05-18 22:00:00,PAYROLL
EVT00103655,2025-05-02,EMP02233,CC0017,AS,4,Step Increment,93025.89,CAD,CA,2025-05-02 12:00:00,PAYROLL
EVT00104698,2025-05-05,EMP04867,CC0076,CR,4,Step Increment,73637.41,CAD,CA,2025-05-05 21:00:00,PAYROLL
EVT00105131,2025-05-19,EMP02056,CC0071,EN,1,Performance Pay,4435.21,CAD,CA,2025-05-19 23:00:00,PAYROLL
EVT00103753,2025-05-07,EMP00043,CC0092,EC,3,Leave Start,,CAD,CA,2025-05-08 03:00:00,PAYROLL
EVT00104633,2025-05-17,EMP01918,CC0108,PA,5,Lateral Deployment,,KES,KE,2025-05-17 13:00:00,PAYROLL
EVT00105160,2025-05-09,EMP02782,CC0071,PA,5,Leave Start,,CAD,CA,2025-05-12 22:00:00,PAYROLL
EVT00104476,2025-05-07,EMP01013,CC0076,AS,1,Performance Pay,6543.63,CAD,CA,2025-05-07 13:00:00,PAYROLL
EVT00104128,2025-05-12,EMP01806,CC0035,EX,1,Step Increment,138955.44,CAD,CAN,2025-05-12 23:00:00,CORE_HR
EVT00105133,2025-05-01,EMP03917,CC0072,IT,1,Step Increment,82449.6,CAD,CA,2025-05-01 19:00:00,PAYROLL
EVT00105469,2025-05-06,EMP00968,CC0072,EN,1,Lateral Deployment,,CAD,CA,2025-05-06 21:00:00,PAYROLL
EVT00103731,2025-05-19,EMP05101,CC0079,IT,1,Hire,93959.29,CAD,CAN,2025-05-19 07:00:00,CORE_HR
EVT00104575,2025-05-18,EMP03763,CC0053,EX,2,Hire,158359.68,CAD,CAN,2025-05-18 08:00:00,CORE_HR
EVT00105306,2025-05-09,EMP04637,CC0080,PA,1,Performance Pay,826088.81,JPY,JP,2025-05-10 07:00:00,PAYROLL
EVT00104504,2025-05-18,EMP04232,CC0048,AS,1,Step Increment,56728.14,CAD,CAN,2025-05-19 03:00:00,CORE_HR
EVT00103775,2025-05-22,EMP02207,CC0090,IT,1,Performance Pay,8746.39,CAD,CA,2025-05-22 16:00:00,PAYROLL
EVT00105088,2025-05-14,EMP04010,CC0004,EX,1,Leave Return,,CAD,CAN,2025-05-14 14:00:00,CORE_HR
EVT00104646,2025-05-27,EMP01747,CC0090,PA,1,Lateral Deployment,,CAD,CAN,2025-05-28 02:00:00,CORE_HR
EVT00104919,2025-05-12,EMP01672,CC0077,EN,1,Leave Return,,CAD,CAN,2025-05-13 05:00:00,CORE_HR
EVT00104087,2025-05-16,EMP01923,CC0078,EN,2,Step Increment,95240.52,CAD,CAN,2025-05-17 11:00:00,CORE_HR
EVT00105488,2025-05-25,EMP03029,CC0021,PA,1,Lateral Deployment,,CAD,CAN,2025-05-25 16:00:00,CORE_HR
EVT00103675,2025-05-24,EMP03476,CC0029,EC,1,Leave Return,,AED,AE,2025-05-24 15:00:00,PAYROLL
EVT00103656,2025-05-17,EMP03929,CC0081,CR,3,Leave Start,,CAD,CAN,2025-05-18 14:00:00,CORE_HR
EVT00105232,2025-05-27,EMP03901,CC0085,AS,4,Step Increment,91482.56,CAD,CAN,2025-05-28 11:00:00,CORE_HR
EVT00104946,2025-05-15,EMP04963,CC0089,IT,2,Step Increment,109030.04,CAD,CAN,2025-05-16 12:00:00,CORE_HR
EVT00104467,2025-05-11,EMP00706,CC0037,AS,1,Leave Return,,CAD,CAN,2025-05-12 05:00:00,CORE_HR
EVT00104409,2025-05-09,EMP03675,CC0096,FI,2,Leave Start,,CAD,CAN,2025-05-10 14:00:00,CORE_HR
EVT00105426,2025-05-27,EMP00285,CC0046,EN,3,Performance Pay,12482.38,EUR,FR,2025-05-29 16:00:00,PAYROLL
EVT00105321,2025-05-17,EMP04818,CC0052,PA,2,Performance Pay,3570.39,CAD,CAN,2025-05-18 07:00:00,CORE_HR
EVT00103636,2025-05-12,EMP00872,CC0004,IT,4,Performance Pay,14730.91,CAD,CA,2025-05-12 10:00:00,PAYROLL
EVT00105169,2025-05-27,EMP03130,CC0012,EC,3,Leave Return,,CAD,CAN,2025-05-28 11:00:00,CORE_HR
EVT00105010,2025-05-20,EMP00226,CC0115,PA,5,Leave Start,,CAD,CA,2025-05-21 12:00:00,PAYROLL
EVT00105346,2025-05-23,EMP05115,CC0088,CR,1,Hire,49339.56,SGD,SG,2025-05-24 00:00:00,PAYROLL
EVT00104573,2025-05-21,EMP00454,CC0037,EN,2,Leave Start,,CAD,CAN,2025-05-22 02:00:00,CORE_HR
EVT00103713,2025-05-08,EMP02485,CC0074,EC,2,Step Increment,11757143.52,KES,KEN,2025-05-08 06:00:00,CORE_HR
EVT00104819,2025-05-27,EMP04362,CC0116,IT,2,Step Increment,104641.87,CAD,CAN,2025-05-27 12:00:00,CORE_HR
EVT00104338,2025-05-26,EMP02044,CC0014,EC,3,Leave Start,,CAD,CAN,2025-05-26 20:00:00,CORE_HR
EVT00104926,2025-05-07,EMP02159,CC0079,EX,1,Promotion,113346.61,CAD,CA,2025-05-08 00:00:00,PAYROLL
EVT00103771,2025-05-19,EMP00369,CC0117,EX,1,Leave Return,,CAD,CAN,2025-05-19 12:00:00,CORE_HR
EVT00105493,2025-05-26,EMP02055,CC0060,EX,1,Performance Pay,11744.94,CAD,CA,2025-05-26 17:00:00,PAYROLL
EVT00105532,2025-05-08,EMP02259,CC0033,PA,2,Leave Return,,CAD,CAN,2025-05-09 07:00:00,CORE_HR
EVT00105192,2025-05-20,EMP04875,CC0101,PA,1,Leave Return,,CAD,CA,2025-05-20 07:00:00,PAYROLL
EVT00104131,2025-05-02,EMP01503,CC0032,IT,1,Leave Start,,CAD,CAN,2025-05-02 12:00:00,CORE_HR
EVT00104392,2025-05-14,EMP04099,CC0057,EN,1,Departure,,CAD,CAN,2025-05-15 14:00:00,CORE_HR
EVT00105505,2025-05-02,EMP00938,CC0113,IT,4,Step Increment,133551.94,CAD,CA,2025-05-03 05:00:00,PAYROLL
EVT00104152,2025-05-04,EMP01695,CC0093,PA,1,Performance Pay,5564.4,CAD,CAN,2025-05-05 06:00:00,CORE_HR
EVT00104057,2025-05-16,EMP04572,CC0057,AS,1,Performance Pay,4873.41,CAD,CAN,2025-05-17 02:00:00,CORE_HR
EVT00105408,2025-05-11,EMP05148,CC0049,IT,1,Step Increment,70556.77,USD,USA,2025-05-12 05:00:00,CORE_HR
EVT00105141,2025-05-25,EMP01768,CC0006,EX,1,Promotion,142565.49,CAD,CA,2025-05-26 06:00:00,PAYROLL
EVT00104037,2025-05-19,EMP03785,CC0007,AS,2,Lateral Deployment,,GBP,GBR,2025-05-20 04:00:00,CORE_HR
EVT00105293,2025-05-26,EMP04274,CC0109,EC,3,Promotion,91675.59,CAD,CAN,2025-05-27 10:00:00,CORE_HR
EVT00104118,2025-05-23,EMP04811,CC0071,PA,3,Step Increment,90887.06,CAD,CA,2025-05-23 09:00:00,PAYROLL
EVT00105054,2025-05-27,EMP02853,CC0005,PA,2,Step Increment,79888.09,CAD,CAN,2025-05-28 15:00:00,CORE_HR
EVT00104984,2025-05-18,EMP03078,CC0010,EC,1,Performance Pay,6141.13,CAD,CAN,2025-05-19 09:00:00,CORE_HR
EVT00104459,2025-05-14,EMP00158,CC0016,AS,5,Leave Return,,CAD,CAN,2025-05-15 05:00:00,CORE_HR
EVT00104897,2025-05-09,EMP04456,CC0047,CR,4,Departure,,CAD,CAN,2025-05-09 22:00:00,CORE_HR
EVT00104403,2025-05-02,EMP00652,CC0073,IT,4,Leave Return,,CAD,CA,2025-05-02 23:00:00,PAYROLL
EVT00104221,2025-05-04,EMP01934,CC0027,FI,5,Leave Start,,CAD,CAN,2025-05-04 06:00:00,CORE_HR
EVT00104532,2025-05-15,EMP00563,CC0053,IT,1,Leave Return,,CAD,CAN,2025-05-16 06:00:00,CORE_HR
EVT00104082,2025-05-05,EMP01205,CC0115,AS,2,Step Increment,63266.48,CAD,CA,2025-05-06 03:00:00,PAYROLL
EVT00104800,2025-05-23,EMP03125,CC0083,IT,2,Step Increment,104205.13,CAD,CAN,2025-05-23 20:00:00,CORE_HR
EVT00104194,2025-05-25,EMP02214,CC0020,EN,3,Leave Start,,CAD,CAN,2025-05-25 20:00:00,CORE_HR
EVT00104600,2025-05-22,EMP01543,CC0042,PA,1,Performance Pay,7227.58,CAD,CAN,2025-05-22 12:00:00,CORE_HR
EVT00103800,2025-05-12,EMP00722,CC0035,IT,1,Departure,,CAD,CAN,2025-05-13 02:00:00,CORE_HR
EVT00105355,2025-05-22,EMP00682,CC0081,IT,3,Step Increment,114695.05,CAD,CA,2025-05-22 23:00:00,PAYROLL
EVT00103594,2025-05-12,EMP04646,CC0004,EN,1,Step Increment,84420.06,CAD,CAN,2025-05-13 15:00:00,CORE_HR
EVT00105068,2025-05-12,EMP03208,CC0023,PA,5,Lateral Deployment,,CAD,CAN,2025-05-13 13:00:00,CORE_HR
EVT00104768,2025-05-11,EMP04708,CC0058,PA,2,Step Increment,75042.36,CAD,CAN,2025-05-11 14:00:00,CORE_HR
EVT00104475,2025-05-12,EMP03553,CC0004,EN,1,Performance Pay,10220.56,CAD,CA,2025-05-12 17:00:00,PAYROLL
EVT00103998,2025-05-12,EMP01088,CC0032,CR,2,Step Increment,66981.15,CAD,CAN,2025-05-13 05:00:00,CORE_HR
EVT00104455,2025-05-10,EMP00252,CC0058,FI,4,Performance Pay,8927.55,CAD,CA,2025-05-11 11:00:00,PAYROLL
EVT00105016,2025-05-22,EMP05013,CC0105,FI,3,Leave Start,,SGD,SGP,2025-05-22 10:00:00,CORE_HR
EVT00103881,2025-05-03,EMP00857,CC0111,IT,1,Promotion,62492.69,SGD,SGP,2025-05-03 11:00:00,CORE_HR
EVT00104450,2025-05-14,EMP03602,CC0085,EN,4,Step Increment,142636.35,CAD,CAN,2025-05-14 13:00:00,CORE_HR
EVT00105202,2025-05-04,EMP03546,CC0074,EN,2,Performance Pay,26529.66,AED,AE,2025-05-04 06:00:00,PAYROLL
EVT00103613,2025-05-22,EMP02646,CC0055,CR,1,Step Increment,57071.01,CAD,CA,2025-05-23 15:00:00,PAYROLL
EVT00103882,2025-05-21,EMP04509,CC0002,PA,3,Leave Start,,CAD,CAN,2025-05-22 07:00:00,CORE_HR
EVT00104811,2025-05-11,EMP02263,CC0023,CR,1,Leave Start,,CAD,CAN,2025-05-12 12:00:00,CORE_HR
EVT00105330,2025-05-04,EMP03457,CC0090,IT,2,Leave Start,,CAD,CAN,2025-05-04 23:00:00,CORE_HR
EVT00104649,2025-05-27,EMP04241,CC0012,FI,2,Step Increment,96425.84,CAD,CAN,2025-05-28 03:00:00,CORE_HR
EVT00104174,2025-05-25,EMP00935,CC0109,PA,1,Leave Return,,CAD,CA,2025-05-25 12:00:00,PAYROLL
EVT00104343,2025-05-08,EMP02581,CC0049,PA,1,Leave Return,,EUR,FRA,2025-05-09 08:00:00,CORE_HR
EVT00104250,2025-05-06,EMP04733,CC0098,PA,1,Lateral Deployment,,CAD,CAN,2025-05-06 08:00:00,CORE_HR
EVT00104888,2025-05-25,EMP03525,CC0116,CR,5,Leave Start,,CAD,CAN,2025-05-26 08:00:00,CORE_HR
EVT00104757,2025-05-03,EMP00928,CC0092,PA,5,Performance Pay,9015.43,CAD,CA,2025-05-03 18:00:00,PAYROLL
EVT00104778,2025-05-06,EMP03462,CC0097,PA,4,Performance Pay,4350.43,CAD,CAN,2025-05-06 06:00:00,CORE_HR
EVT00103931,2025-05-15,EMP01853,CC0009,EN,1,Lateral Deployment,,EUR,FR,2025-05-15 16:00:00,PAYROLL
EVT00104717,2025-05-26,EMP02207,CC0090,IT,1,Promotion,84429.0,CAD,CAN,2025-05-27 10:00:00,CORE_HR
EVT00104956,2025-05-26,EMP00624,CC0030,IT,2,Performance Pay,479421.08,JPY,JPN,2025-05-27 09:00:00,CORE_HR
EVT00104294,2025-05-27,EMP00525,CC0098,AS,1,Leave Start,,CAD,CAN,2025-05-28 02:00:00,CORE_HR
EVT00103833,2025-05-11,EMP00241,CC0032,CR,1,Leave Start,,CAD,CAN,2025-05-11 09:00:00,CORE_HR
EVT00105281,2025-05-18,EMP02687,CC0101,EN,3,Performance Pay,6015.49,CAD,CAN,2025-05-18 20:00:00,CORE_HR
EVT00103719,2025-05-17,EMP00863,CC0097,CR,1,Leave Return,,CAD,CAN,2025-05-18 13:00:00,CORE_HR
EVT00104117,2025-05-04,EMP04404,CC0109,EC,4,Step Increment,120810.86,CAD,CAN,2025-05-04 15:00:00,CORE_HR
EVT00104346,2025-05-13,EMP02413,CC0093,EX,1,Lateral Deployment,,CAD,CAN,2025-05-13 22:00:00,CORE_HR
EVT00105053,2025-05-07,EMP02365,CC0045,IT,1,Step Increment,85526.27,CAD,CA,2025-05-08 07:00:00,PAYROLL
EVT00104822,2025-05-08,EMP03559,CC0100,CR,1,Lateral Deployment,,CAD,CAN,2025-05-08 23:00:00,CORE_HR
EVT00104789,2025-05-11,EMP02474,CC0110,IT,2,Step Increment,108689.74,CAD,CAN,2025-05-11 17:00:00,CORE_HR
EVT00104178,2025-05-26,EMP04953,CC0070,PA,1,Step Increment,64607.86,CAD,CAN,2025-05-27 14:00:00,CORE_HR
EVT00104798,2025-05-06,EMP04640,CC0110,PA,5,Step Increment,107966.13,CAD,CA,2025-05-07 07:00:00,PAYROLL
EVT00104426,2025-05-19,EMP02480,CC0038,FI,2,Lateral Deployment,,CAD,CA,2025-05-19 08:00:00,PAYROLL
EVT00105329,2025-05-20,EMP05062,CC0075,AS,2,Performance Pay,4706.12,CAD,CA,2025-05-21 13:00:00,PAYROLL
EVT00103787,2025-05-15,EMP04539,CC0106,EC,2,Leave Return,,CAD,CAN,2025-05-16 13:00:00,CORE_HR
EVT00103637,2025-05-20,EMP01273,CC0113,AS,4,Leave Start,,CAD,CA,2025-05-21 14:00:00,PAYROLL
EVT00104164,2025-05-07,EMP04116,CC0103,CR,4,Leave Return,,CAD,CAN,2025-05-08 09:00:00,CORE_HR
EVT00104710,2025-05-07,EMP04786,CC0090,IT,1,Leave Return,,CAD,CAN,2025-05-07 20:00:00,CORE_HR
EVT00103702,2025-05-23,EMP00605,CC0069,IT,1,Leave Start,,CAD,CA,2025-05-24 03:00:00,PAYROLL
EVT00104231,2025-05-17,EMP02510,CC0013,CR,2,Hire,68830.72,CAD,CA,2025-05-17 10:00:00,PAYROLL
EVT00104542,2025-05-13,EMP02952,CC0002,FI,3,Leave Start,,CAD,CA,2025-05-14 04:00:00,PAYROLL
EVT00104971,2025-05-25,EMP04253,CC0016,PA,2,Departure,,CAD,CAN,2025-05-25 23:00:00,CORE_HR
EVT00105462,2025-05-02,EMP00767,CC0089,CR,1,Lateral Deployment,,CAD,CA,2025-05-03 15:00:00,PAYROLL
EVT00105564,2025-05-22,EMP04464,CC0015,PA,4,Lateral Deployment,,CAD,CAN,2025-05-23 12:00:00,CORE_HR
EVT00105318,2025-05-06,EMP01321,CC0056,AS,2,Step Increment,67749.4,CAD,CAN,2025-05-06 11:00:00,CORE_HR
EVT00105097,2025-05-21,EMP00028,CC0067,EC,1,Departure,,CAD,CA,2025-05-22 11:00:00,PAYROLL
EVT00103703,2025-05-12,EMP00406,CC0065,AS,5,Performance Pay,6233.48,AUD,AUS,2025-05-12 18:00:00,CORE_HR
EVT00103639,2025-05-24,EMP02518,CC0086,PA,1,Lateral Deployment,,AED,ARE,2025-05-24 23:00:00,CORE_HR
EVT00105259,2025-05-14,EMP04367,CC0049,PA,1,Performance Pay,444842.4,KES,KEN,2025-05-15 06:00:00,CORE_HR
EVT00104370,2025-05-19,EMP03798,CC0077,CR,2,Performance Pay,3762.62,CAD,CA,2025-05-20 00:00:00,PAYROLL
EVT00105034,2025-05-06,EMP05051,CC0037,EC,1,Performance Pay,6106.04,CAD,CA,2025-05-06 14:00:00,PAYROLL
EVT00105286,2025-05-24,EMP00027,CC0089,AS,1,Departure,,CAD,CA,2025-05-28 01:00:00,PAYROLL
EVT00103743,2025-05-10,EMP00262,CC0018,FI,5,Lateral Deployment,,CAD,CAN,2025-05-10 11:00:00,CORE_HR
EVT00104149,2025-05-16,EMP03385,CC0018,FI,3,Step Increment,103588.84,CAD,CAN,2025-05-16 07:00:00,CORE_HR
EVT00103951,2025-05-16,EMP03315,CC0073,EC,3,Step Increment,117382.4,CAD,CA,2025-05-17 04:00:00,PAYROLL
EVT00104582,2025-05-09,EMP04200,CC0049,AS,3,Promotion,9502625.12,KES,KEN,2025-05-10 12:00:00,CORE_HR
EVT00103890,2025-05-24,EMP00089,CC0014,EX,1,Departure,,CAD,CAN,2025-05-24 18:00:00,CORE_HR
EVT00104686,2025-05-22,EMP00211,CC0054,PA,3,Leave Start,,GBP,GBR,2025-05-22 15:00:00,CORE_HR
EVT00104049,2025-05-08,EMP03647,CC0060,PA,4,Leave Start,,CAD,CAN,2025-05-09 02:00:00,CORE_HR
EVT00105547,2025-05-25,EMP04701,CC0055,CR,2,Leave Start,,CAD,CAN,2025-05-25 07:00:00,CORE_HR
EVT00103600,2025-05-10,EMP03974,CC0003,EN,2,Step Increment,96879.13,CAD,CAN,2025-05-10 17:00:00,CORE_HR
EVT00105061,2025-05-14,EMP00592,CC0051,CR,3,Step Increment,70479.69,CAD,CAN,2025-05-15 04:00:00,CORE_HR
EVT00105308,2025-05-01,EMP04587,CC0086,FI,2,Leave Start,,JPY,JPN,2025-05-01 07:00:00,CORE_HR
EVT00103868,2025-05-21,EMP02893,CC0109,CR,4,Performance Pay,10411.2,CAD,CAN,2025-05-21 17:00:00,CORE_HR
EVT00104621,2025-05-12,EMP03526,CC0097,CR,1,Leave Return,,CAD,CA,2025-05-13 09:00:00,PAYROLL
EVT00104462,2025-05-01,EMP00536,CC0010,AS,2,Performance Pay,9543.42,CAD,CA,2025-05-01 11:00:00,PAYROLL
EVT00103952,2025-05-23,EMP03494,CC0051,PA,3,Lateral Deployment,,CAD,CAN,2025-05-23 16:00:00,CORE_HR
EVT00103661,2025-05-20,EMP04729,CC0086,EC,3,Performance Pay,207360.03,MXN,MEX,2025-05-21 04:00:00,CORE_HR
EVT00103969,2025-05-26,EMP01357,CC0119,EC,2,Leave Start,,CAD,CAN,2025-05-26 12:00:00,CORE_HR
EVT00104220,2025-05-22,EMP02348,CC0100,IT,4,Leave Start,,CAD,CAN,2025-05-23 10:00:00,CORE_HR
EVT00103714,2025-05-08,EMP04679,CC0067,EX,1,Step Increment,137721.09,CAD,CAN,2025-05-09 14:00:00,CORE_HR
EVT00105336,2025-05-11,EMP04192,CC0080,PA,5,Departure,,BRL,BRA,2025-05-12 02:00:00,CORE_HR
EVT00104780,2025-05-24,EMP04450,CC0016,EC,4,Performance Pay,12703.7,CAD,CA,2025-05-25 03:00:00,PAYROLL
EVT00105211,2025-05-15,EMP00177,CC0054,EX,1,Departure,,BRL,BRA,2025-05-16 11:00:00,CORE_HR
EVT00105334,2025-05-22,EMP01006,CC0036,EC,2,Departure,,CAD,CAN,2025-05-22 22:00:00,CORE_HR
EVT00103786,2025-05-27,EMP04776,CC0034,EC,2,Step Increment,100886.51,CAD,CAN,2025-05-28 14:00:00,CORE_HR
EVT00104143,2025-05-03,EMP04185,CC0020,AS,3,Promotion,81013.41,CAD,CAN,2025-05-03 19:00:00,CORE_HR
EVT00104099,2025-05-03,EMP05101,CC0079,IT,1,Departure,,CAD,CA,2025-05-04 14:00:00,PAYROLL
EVT00103827,2025-05-04,EMP02748,CC0034,EC,3,Lateral Deployment,,CAD,CA,2025-05-04 21:00:00,PAYROLL
EVT00104981,2025-05-27,EMP00843,CC0090,AS,3,Lateral Deployment,,CAD,CA,2025-05-28 03:00:00,PAYROLL
EVT00104056,2025-05-18,EMP01376,CC0068,CR,5,Leave Start,,CAD,CA,2025-05-19 05:00:00,PAYROLL
EVT00105144,2025-05-18,EMP04354,CC0097,EN,1,Performance Pay,6573.18,CAD,CA,2025-05-19 08:00:00,PAYROLL
EVT00104014,2025-05-01,EMP00745,CC0063,AS,5,Performance Pay,9845.32,CAD,CAN,2025-05-02 15:00:00,CORE_HR
EVT00104376,2025-05-15,EMP02066,CC0048,PA,3,Step Increment,87826.32,CAD,CAN,2025-05-16 01:00:00,CORE_HR
EVT00105069,2025-05-23,EMP01284,CC0021,IT,3,Leave Return,,CAD,CAN,2025-05-24 09:00:00,CORE_HR
EVT00104732,2025-05-04,EMP04305,CC0096,AS,1,Step Increment,67119.56,CAD,CAN,2025-05-04 16:00:00,CORE_HR
EVT00104900,2025-05-15,EMP01817,CC0064,AS,3,Leave Start,,CAD,CAN,2025-05-16 00:00:00,CORE_HR
EVT00103898,2025-05-17,EMP02006,CC0093,FI,4,Performance Pay,14500.84,CAD,CA,2025-05-17 15:00:00,PAYROLL
EVT00104356,2025-05-16,EMP04991,CC0074,EC,5,Step Increment,16967005.19,KES,KE,2025-05-17 01:00:00,PAYROLL
EVT00104603,2025-05-24,EMP01324,CC0060,EC,4,Hire,110121.38,CAD,CAN,2025-05-25 07:00:00,CORE_HR
EVT00105076,2025-05-07,EMP01779,CC0020,EN,2,Step Increment,94141.2,CAD,CA,2025-05-07 22:00:00,PAYROLL
EVT00103902,2025-05-25,EMP00446,CC0004,PA,5,Leave Start,,CAD,CAN,2025-05-25 12:00:00,CORE_HR
EVT00103819,2025-05-12,EMP00238,CC0106,EC,2,Step Increment,102003.15,CAD,CAN,2025-05-12 13:00:00,CORE_HR
EVT00104797,2025-05-05,EMP05188,CC0043,PA,5,Step Increment,99010.88,CAD,CA,2025-05-05 13:00:00,PAYROLL
EVT00104880,2025-05-09,EMP03138,CC0006,FI,2,Step Increment,95888.42,CAD,CAN,2025-05-09 09:00:00,CORE_HR
EVT00104987,2025-05-20,EMP00742,CC0014,AS,2,Step Increment,70482.9,CAD,CAN,2025-05-20 13:00:00,CORE_HR
EVT00104733,2025-05-26,EMP00999,CC0086,EC,3,Performance Pay,7282.87,EUR,FR,2025-05-26 16:00:00,PAYROLL
EVT00103854,2025-05-14,EMP02220,CC0061,PA,1,Lateral Deployment,,CAD,CAN,2025-05-16 08:00:00,CORE_HR
EVT00103568,2025-05-05,EMP01534,CC0044,EN,4,Step Increment,146591.34,CAD,CAN,2025-05-05 06:00:00,CORE_HR
EVT00103741,2025-05-05,EMP01973,CC0026,CR,2,Performance Pay,2640.04,CAD,CAN,2025-05-06 08:00:00,CORE_HR
EVT00104703,2025-05-19,EMP02330,CC0044,EN,4,Lateral Deployment,,CAD,CA,2025-05-20 13:00:00,PAYROLL
EVT00105056,2025-05-02,EMP01748,CC0095,IT,3,Step Increment,128075.26,CAD,CAN,2025-05-03 13:00:00,CORE_HR
EVT00105358,2025-05-24,EMP02386,CC0109,PA,5,Hire,100420.76,CAD,CA,2025-05-24 15:00:00,PAYROLL
EVT00103761,2025-05-26,EMP01985,CC0032,PA,2,Departure,,CAD,CAN,2025-05-27 09:00:00,CORE_HR
EVT00103591,2025-05-21,EMP01412,CC0109,PA,3,Step Increment,80244.26,CAD,CAN,2025-05-22 02:00:00,CORE_HR
EVT00104239,2025-05-15,EMP02466,CC0051,CR,3,Departure,,CAD,CAN,2025-05-16 14:00:00,CORE_HR
EVT00103938,2025-05-22,EMP01258,CC0049,PA,2,Step Increment,4847706.47,INR,IND,2025-05-22 08:00:00,CORE_HR
EVT00105418,2025-05-07,EMP00979,CC0027,FI,2,Step Increment,85663.01,CAD,CA,2025-05-08 12:00:00,PAYROLL
EVT00105142,2025-05-18,EMP04223,CC0019,EX,1,Leave Return,,CAD,CAN,2025-05-18 19:00:00,CORE_HR
EVT00105084,2025-05-12,EMP04828,CC0097,IT,1,Hire,88269.34,CAD,CAN,2025-05-13 04:00:00,CORE_HR
EVT00105452,2025-05-18,EMP03595,CC0049,EN,1,Leave Return,,EUR,FRA,2025-05-19 03:00:00,CORE_HR
EVT00103749,2025-05-25,EMP03052,CC0093,PA,4,Leave Start,,CAD,CAN,2025-05-26 11:00:00,CORE_HR
EVT00105479,2025-05-19,EMP04735,CC0079,IT,2,Step Increment,100759.19,CAD,CAN,2025-05-22 11:00:00,CORE_HR
EVT00105011,2025-05-07,EMP01567,CC0070,EX,2,Performance Pay,22519.44,CAD,CAN,2025-05-08 02:00:00,CORE_HR
EVT00104344,2025-05-26,EMP00791,CC0095,IT,2,Performance Pay,7223.8,CAD,CAN,2025-05-27 07:00:00,CORE_HR
EVT00105047,2025-05-02,EMP04600,CC0023,PA,5,Lateral Deployment,,CAD,CA,2025-05-02 12:00:00,PAYROLL
EVT00104406,2025-05-01,EMP01394,CC0014,EN,1,Departure,,CAD,CAN,2025-05-01 14:00:00,CORE_HR
EVT00105304,2025-05-21,EMP04962,CC0010,EX,1,Lateral Deployment,,CAD,CAN,2025-05-21 13:00:00,CORE_HR
EVT00104135,2025-05-26,EMP03378,CC0019,AS,3,Performance Pay,3994.71,CAD,CAN,2025-05-26 12:00:00,CORE_HR
EVT00104335,2025-05-25,EMP02999,CC0039,FI,5,Leave Return,,CAD,CA,2025-05-25 10:00:00,PAYROLL
EVT00105541,2025-05-11,EMP02573,CC0032,AS,3,Leave Return,,CAD,CA,2025-05-11 20:00:00,PAYROLL
EVT00105405,2025-05-13,EMP00568,CC0066,AS,3,Departure,,CAD,CA,2025-05-14 06:00:00,PAYROLL
EVT00105447,2025-05-11,EMP02580,CC0102,AS,1,Leave Start,,CAD,CAN,2025-05-11 22:00:00,CORE_HR
EVT00103765,2025-05-14,EMP04443,CC0083,FI,3,Performance Pay,7807.61,CAD,CAN,2025-05-14 07:00:00,CORE_HR
EVT00103959,2025-05-25,EMP03172,CC0057,IT,1,Leave Return,,CAD,CAN,2025-05-26 13:00:00,CORE_HR
EVT00104463,2025-05-10,EMP03010,CC0063,CR,1,Departure,,CAD,CA,2025-05-11 15:00:00,PAYROLL
EVT00104731,2025-05-08,EMP00864,CC0068,IT,2,Departure,,XXX,CAN,2025-05-09 23:00:00,CORE_HR
EVT00105485,2025-05-03,EMP04471,CC0079,PA,3,Hire,87255.65,CAD,CA,2025-05-03 07:00:00,PAYROLL
EVT00105036,2025-05-18,EMP01341,CC0086,EN,1,Promotion,67021.94,USD,USA,2025-05-18 13:00:00,CORE_HR
EVT00104729,2025-05-13,EMP04427,CC0120,IT,4,Lateral Deployment,,CAD,CAN,2025-05-13 10:00:00,CORE_HR
EVT00105146,2025-05-11,EMP01814,CC0119,EX,1,Lateral Deployment,,CAD,CA,2025-05-11 22:00:00,PAYROLL
EVT00104843,2025-05-14,EMP00383,CC0110,EX,1,Performance Pay,7126.96,CAD,CA,2025-05-14 14:00:00,PAYROLL
EVT00104907,2025-05-16,EMP00184,CC0039,PA,1,Departure,,CAD,CAN,2025-05-16 13:00:00,CORE_HR
EVT00105224,2025-05-07,EMP03881,CC0100,IT,2,Departure,,CAD,CA,2025-05-07 13:00:00,PAYROLL
EVT00104090,2025-05-04,EMP00140,CC0083,CR,5,Lateral Deployment,,CAD,CAN,2025-05-04 14:00:00,CORE_HR
EVT00104424,2025-05-22,EMP02550,CC0088,EN,4,Performance Pay,8530.26,GBP,GB,2025-05-22 09:00:00,PAYROLL
EVT00103606,2025-05-08,EMP02899,CC0018,AS,3,Performance Pay,4584.89,CAD,CA,2025-05-08 18:00:00,PAYROLL
EVT00104820,2025-05-20,EMP02341,CC0117,FI,3,Step Increment,97079.22,CAD,CAN,2025-05-20 15:00:00,CORE_HR
EVT00104927,2025-05-26,EMP03677,CC0014,IT,1,Step Increment,83359.72,CAD,CA,2025-05-26 09:00:00,PAYROLL
EVT00103859,2025-05-03,EMP00440,CC0097,EX,2,Step Increment,201606.05,CAD,CA,2025-05-03 22:00:00,PAYROLL
EVT00104196,2025-05-23,EMP03557,CC0009,PA,2,Step Increment,263967.44,BRL,BRA,2025-05-24 08:00:00,CORE_HR
EVT00103732,2025-05-02,EMP99999,CC0065,EN,2,Leave Start,,INR,IN,2025-05-03 11:00:00,PAYROLL
EVT00104027,2025-05-18,EMP00995,CC0076,IT,2,Step Increment,78853.08,CAD,CAN,2025-05-19 03:00:00,CORE_HR
EVT00105050,2025-05-02,EMP02674,CC0068,CR,3,Performance Pay,5621.26,CAD,CA,2025-05-03 15:00:00,PAYROLL
EVT00104073,2025-05-19,EMP00221,CC0108,IT,1,Step Increment,258119.32,AED,AE,2025-05-19 15:00:00,PAYROLL
EVT00105027,2025-05-23,EMP02817,CC0018,IT,1,Step Increment,92215.65,CAD,CA,2025-05-23 14:00:00,PAYROLL
EVT00103758,2025-05-01,EMP01089,CC0061,FI,3,Lateral Deployment,,CAD,CA,2025-05-01 07:00:00,PAYROLL
EVT00104259,2025-05-07,EMP04974,CC0073,EN,3,Leave Start,,CAD,CA,2025-05-08 11:00:00,PAYROLL
EVT00105428,2025-05-01,EMP02205,CC0039,EC,1,Step Increment,79799.66,CAD,CA,2025-05-02 13:00:00,PAYROLL
EVT00105454,2025-05-07,EMP01331,CC0010,AS,4,Lateral Deployment,,CAD,CAN,2025-05-07 07:00:00,CORE_HR
EVT00104518,2025-05-06,EMP00136,CC0001,IT,1,Hire,88467.53,CAD,CAN,2025-05-09 15:00:00,CORE_HR
EVT00105109,2025-05-15,EMP03581,CC0017,EX,2,Leave Start,,CAD,CA,2025-05-16 07:00:00,PAYROLL
EVT00104328,2025-05-18,EMP03237,CC0035,EX,2,Performance Pay,-20034.48,CAD,CA,2025-05-18 11:00:00,PAYROLL
EVT00105360,2025-05-21,EMP00085,CC0009,IT,2,Lateral Deployment,,EUR,DE,2025-05-22 02:00:00,PAYROLL
EVT00104116,2025-05-08,EMP04420,CC0083,IT,4,Lateral Deployment,,CAD,CAN,2025-05-08 16:00:00,CORE_HR
EVT00104103,2025-05-21,EMP01131,CC0120,EX,1,Performance Pay,20440.76,CAD,CA,2025-05-22 15:00:00,PAYROLL
EVT00105026,2025-05-07,EMP02928,CC0056,AS,4,Step Increment,92800.86,CAD,CAN,2025-05-08 10:00:00,CORE_HR
EVT00104658,2025-05-02,EMP02877,CC0029,EN,4,Hire,10663088.61,JPY,JPN,2025-05-03 00:00:00,CORE_HR
EVT00105440,2025-05-24,EMP00723,CC0031,AS,2,Performance Pay,94219.84,MXN,MEX,2025-05-24 08:00:00,CORE_HR
EVT00104277,2025-05-27,EMP03797,CC0006,FI,2,Promotion,87326.48,CAD,CA,2025-05-27 21:00:00,PAYROLL
EVT00105029,2025-05-08,EMP04806,CC0068,CR,5,Leave Start,,CAD,CAN,2025-05-08 11:00:00,CORE_HR
EVT00105049,2025-05-20,EMP05135,CC0082,EN,1,Step Increment,71675.66,CAD,CA,2025-05-21 06:00:00,PAYROLL
EVT00105354,2025-05-26,EMP04156,CC0005,IT,2,Step Increment,106247.38,CAD,CA,2025-05-26 07:00:00,PAYROLL
EVT00104150,2025-05-16,EMP02136,CC0096,PA,1,Leave Start,,CAD,CAN,2025-05-17 03:00:00,CORE_HR
EVT00104749,2025-05-13,EMP02631,CC0102,PA,1,Step Increment,70941.94,CAD,CAN,2025-05-13 12:00:00,CORE_HR
EVT00105395,2025-05-04,EMP02981,CC0023,FI,3,Hire,113555.88,CAD,CA,2025-05-04 19:00:00,PAYROLL
EVT00104002,2025-05-07,EMP00652,CC0073,IT,4,Step Increment,131488.58,CAD,CA,2025-05-07 08:00:00,PAYROLL
EVT00104123,2025-05-23,EMP00077,CC0043,AS,2,Leave Return,,CAD,CA,2025-05-23 14:00:00,PAYROLL
EVT00103634,2025-05-15,EMP02349,CC0055,CR,1,Leave Start,,XXX,CAN,2025-05-16 01:00:00,CORE_HR
EVT00104478,2025-05-12,EMP02807,CC0106,AS,2,Promotion,68752.73,CAD,CAN,2025-05-13 14:00:00,CORE_HR
EVT00103752,2025-05-11,EMP03787,CC0010,AS,1,Lateral Deployment,,CAD,CA,2025-05-12 12:00:00,PAYROLL
EVT00105028,2025-05-13,EMP04587,CC0086,FI,2,Step Increment,327436.49,BRL,BRA,2025-05-13 11:00:00,CORE_HR
EVT00104111,2025-05-21,EMP05058,CC0044,PA,2,Lateral Deployment,,CAD,CA,2025-05-21 17:00:00,PAYROLL
EVT00104432,2025-05-27,EMP04443,CC0083,FI,3,Lateral Deployment,,CAD,CAN,2025-05-28 04:00:00,CORE_HR
EVT00103723,2025-05-22,EMP00753,CC0024,AS,1,Hire,67385.57,CAD,CAN,2025-05-22 22:00:00,CORE_HR
EVT00104648,2025-05-01,EMP04363,CC0116,EN,2,Departure,,CAD,CAN,2025-05-02 02:00:00,CORE_HR
EVT00103826,2025-05-27,EMP04968,CC0026,EN,1,Leave Return,,CAD,CAN,2025-05-28 09:00:00,CORE_HR
EVT00104758,2025-05-16,EMP00064,CC0047,EN,2,Leave Start,,CAD,CAN,2025-05-16 22:00:00,CORE_HR
EVT00104764,2025-05-02,EMP04029,CC0019,FI,1,Step Increment,80675.95,CAD,CA,2025-05-02 20:00:00,PAYROLL
EVT00105067,2025-05-15,EMP04664,CC0093,AS,4,Step Increment,88246.78,CAD,CAN,2025-05-15 21:00:00,CORE_HR
EVT00104818,2025-05-15,EMP04434,CC0101,EC,3,Promotion,79801.0,CAD,CAN,2025-05-15 07:00:00,CORE_HR
EVT00103907,2025-05-18,EMP02326,CC0009,IT,1,Leave Start,,AED,AE,2025-05-18 22:00:00,PAYROLL
EVT00104747,2025-05-12,EMP01992,CC0067,FI,2,Departure,,CAD,CAN,2025-05-13 04:00:00,CORE_HR
EVT00105162,2025-05-15,EMP04557,CC0102,PA,4,Hire,93062.29,CAD,CAN,2025-05-16 06:00:00,CORE_HR
EVT00105384,2025-05-05,EMP03438,CC0071,IT,1,Leave Return,,CAD,CA,2025-05-05 23:00:00,PAYROLL
EVT00104242,2025-05-01,EMP04627,CC0007,IT,3,Leave Start,,SGD,SG,2025-05-02 04:00:00,PAYROLL
EVT00104990,2025-05-08,EMP00508,CC0014,PA,4,Leave Return,,CAD,CAN,2025-05-08 19:00:00,CORE_HR
EVT00105087,2025-05-12,EMP00133,CC0028,FI,1,Step Increment,78534.7,CAD,CAN,2025-05-12 15:00:00,CORE_HR
EVT00105538,2025-05-23,EMP02471,CC0060,AS,2,Step Increment,59785.63,CAD,CAN,2025-05-24 06:00:00,CORE_HR
EVT00104994,2025-05-26,EMP00316,CC0007,EX,1,Step Increment,14540338.17,JPY,JP,2025-05-27 09:00:00,PAYROLL
EVT00103988,2025-05-18,EMP05075,CC0092,AS,3,Leave Start,,CAD,CAN,2025-05-19 08:00:00,CORE_HR
EVT00103967,2025-05-06,EMP01803,CC0100,PA,3,Performance Pay,4634.86,CAD,CAN,2025-05-06 14:00:00,CORE_HR
EVT00104663,2025-05-02,EMP02719,CC0114,EX,1,Step Increment,141017.64,CAD,CA,2025-05-02 23:00:00,PAYROLL
EVT00104962,2025-05-10,EMP01809,CC0118,PA,1,Step Increment,66708.2,CAD,CA,2025-05-10 23:00:00,PAYROLL
EVT00104188,2025-05-01,EMP01463,CC0071,EX,1,Leave Start,,CAD,CAN,2025-05-02 07:00:00,CORE_HR
EVT00105161,2025-05-27,EMP00364,CC0110,AS,1,Departure,,CAD,CA,2025-05-27 16:00:00,PAYROLL
EVT00105167,2025-05-05,EMP00201,CC0110,EC,2,Step Increment,94471.3,XXX,CA,2025-05-05 19:00:00,PAYROLL
EVT00105195,2025-05-06,EMP02730,CC0073,IT,3,Performance Pay,8575.3,CAD,CAN,2025-05-07 01:00:00,CORE_HR
EVT00105072,2025-05-07,EMP04663,CC0095,PA,1,Leave Start,,CAD,CA,2025-05-07 23:00:00,PAYROLL
EVT00105515,2025-05-27,EMP02098,CC0114,EC,3,Step Increment,113506.29,CAD,CAN,2025-05-28 15:00:00,CORE_HR
EVT00105258,2025-05-26,EMP99999,CC0037,IT,2,Leave Return,,CAD,CAN,2025-05-27 12:00:00,CORE_HR
EVT00105479,2025-05-19,EMP04735,CC0079,IT,2,Step Increment,100759.19,CAD,CAN,2025-05-19 15:00:00,CORE_HR
EVT00104669,2025-05-10,EMP03418,CC0083,PA,2,Step Increment,82925.32,CAD,CAN,2025-05-10 19:00:00,CORE_HR
EVT00104850,2025-05-07,EMP03580,CC0066,CR,1,Promotion,61188.14,CAD,CAN,2025-05-07 18:00:00,CORE_HR
EVT00105494,2025-05-02,EMP04141,CC0006,PA,3,Promotion,91125.64,CAD,CAN,2025-05-02 22:00:00,CORE_HR
EVT00104171,2025-05-11,EMP03123,CC0048,AS,5,Lateral Deployment,,CAD,CA,2025-05-11 18:00:00,PAYROLL
EVT00105184,2025-05-09,EMP04488,CC0031,CR,3,Leave Return,,AUD,AU,2025-05-09 08:00:00,PAYROLL
EVT00103788,2025-05-19,EMP03172,CC0057,IT,1,Leave Return,,CAD,CAN,2025-05-19 21:00:00,CORE_HR
EVT00103853,2025-05-02,EMP04646,CC0004,EN,1,Step Increment,105765.82,CAD,CAN,2025-05-03 06:00:00,CORE_HR
EVT00104640,2025-05-18,EMP04845,CC0008,EC,3,Step Increment,87162.42,CAD,CAN,2025-05-18 15:00:00,CORE_HR
EVT00104527,2025-05-05,EMP02389,CC0061,PA,2,Leave Start,,CAD,CAN,2025-05-05 10:00:00,CORE_HR
EVT00105270,2025-05-08,EMP00296,CC0081,CR,3,Departure,,CAD,CA,2025-05-09 13:00:00,PAYROLL
EVT00104192,2025-05-17,EMP04914,CC0037,PA,5,Promotion,102750.96,CAD,CAN,2025-05-18 08:00:00,CORE_HR
EVT00103958,2025-05-07,EMP03000,CC0062,EC,5,Leave Start,,CAD,CAN,2025-05-07 21:00:00,CORE_HR
EVT00103953,2025-05-16,EMP03530,CC0086,IT,4,Departure,,SGD,SG,2025-05-16 18:00:00,PAYROLL
EVT00105261,2025-05-21,EMP05150,CC0020,IT,1,Lateral Deployment,,CAD,CA,2025-05-22 12:00:00,PAYROLL
EVT00103901,2025-05-25,EMP00349,CC0112,EC,3,Departure,,CAD,CAN,2025-05-25 20:00:00,CORE_HR
EVT00105339,2025-05-10,EMP03371,CC0022,AS,2,Step Increment,67952.06,CAD,CA,2025-05-11 03:00:00,PAYROLL
EVT00104246,2025-05-16,EMP04266,CC0057,FI,4,Step Increment,104910.06,CAD,CA,2025-05-17 12:00:00,PAYROLL
EVT00104330,2025-05-05,EMP03687,CC0017,CR,3,Step Increment,64429.14,CAD,CAN,2025-05-05 06:00:00,CORE_HR
EVT00103562,2025-05-20,EMP02404,CC0069,EX,3,Step Increment,189136.91,CAD,CAN,2025-05-20 21:00:00,CORE_HR
EVT00103865,2025-05-12,EMP03769,CC0022,IT,1,Step Increment,83513.72,CAD,CAN,2025-05-13 08:00:00,CORE_HR
EVT00103669,2025-05-01,EMP02652,CC0031,IT,3,Performance Pay,725458.29,KES,KEN,2025-05-02 05:00:00,CORE_HR
EVT00105233,2025-05-26,EMP02621,CC0118,AS,5,Lateral Deployment,,CAD,CAN,2025-05-26 10:00:00,CORE_HR
EVT00104190,2025-05-06,EMP04384,CC0120,PA,1,Promotion,73091.25,CAD,CA,2025-05-07 01:00:00,PAYROLL
EVT00104187,2025-05-17,EMP03675,CC0096,FI,2,Step Increment,92671.73,CAD,CA,2025-05-18 10:00:00,PAYROLL
EVT00104902,2025-05-07,EMP00681,CC0044,EX,2,Step Increment,184342.53,CAD,CA,2025-05-07 11:00:00,PAYROLL
EVT00104088,2025-05-21,EMP03415,CC0046,IT,1,Performance Pay,6535.78,USD,US,2025-05-21 11:00:00,PAYROLL
EVT00105390,2025-05-23,EMP04723,CC0013,IT,3,Step Increment,141487.17,CAD,CAN,2025-05-24 00:00:00,CORE_HR
EVT00105416,2025-05-10,EMP04676,CC0098,IT,1,Promotion,83758.7,CAD,CAN,2025-05-11 08:00:00,CORE_HR
EVT00105065,2025-05-14,EMP00626,CC0050,AS,2,Step Increment,57355.0,CAD,CA,2025-05-14 14:00:00,PAYROLL
EVT00105326,2025-05-07,EMP04310,CC0026,EX,1,Lateral Deployment,,CAD,CAN,2025-05-07 08:00:00,CORE_HR
EVT00104616,2025-05-01,EMP03182,CC0120,PA,2,Lateral Deployment,,CAD,CAN,2025-05-02 06:00:00,CORE_HR
EVT00104793,2025-05-16,EMP00600,CC0072,CR,1,Performance Pay,5923.0,CAD,CA,2025-05-16 16:00:00,PAYROLL
EVT00104561,2025-05-17,EMP04224,CC0006,PA,2,Performance Pay,6095.28,CAD,CA,2025-05-17 15:00:00,PAYROLL
EVT00104226,2025-05-01,EMP01635,CC0113,IT,2,Leave Start,,CAD,CAN,2025-05-02 13:00:00,CORE_HR
EVT00104053,2025-05-13,EMP02172,CC0102,IT,1,Departure,,CAD,CA,2025-05-14 14:00:00,PAYROLL
EVT00103620,2025-05-04,EMP02282,CC0035,EN,3,Leave Start,,CAD,CA,2025-05-04 07:00:00,PAYROLL
EVT00104300,2025-05-16,EMP02937,CC0034,PA,5,Leave Start,,CAD,CA,2025-05-16 10:00:00,PAYROLL
EVT00105535,2025-05-27,EMP01791,CC0045,PA,2,Step Increment,75405.96,CAD,CA,2025-05-27 14:00:00,PAYROLL
EVT00104607,2025-05-25,EMP01040,CC0013,IT,2,Step Increment,92092.06,CAD,CAN,2025-05-26 06:00:00,CORE_HR
EVT00104402,2025-05-20,EMP03783,CC0057,PA,2,Step Increment,76798.85,CAD,CA,2025-05-20 14:00:00,PAYROLL
EVT00104101,2025-05-04,EMP01110,CC0091,AS,3,Promotion,67324.28,CAD,CAN,2025-05-04 08:00:00,CORE_HR
EVT00104852,2025-05-04,EMP01070,CC0023,CR,1,Departure,,CAD,CA,2025-05-04 17:00:00,PAYROLL
EVT00104287,2025-05-15,EMP01454,CC0041,AS,2,Promotion,72676.83,CAD,CAN,2025-05-16 03:00:00,CORE_HR
EVT00103602,2025-05-02,EMP00787,CC0029,CR,5,Step Increment,308015.46,BRL,BRA,2025-05-02 12:00:00,CORE_HR
EVT00104491,2025-05-14,EMP04069,CC0057,EC,1,Leave Return,,CAD,CAN,2025-05-15 12:00:00,CORE_HR
EVT00105135,2025-05-24,EMP05177,CC0087,CR,4,Performance Pay,5055.45,CAD,CA,2025-05-25 08:00:00,PAYROLL
EVT00103581,2025-05-20,EMP00826,CC0071,EX,1,Step Increment,140859.09,CAD,CA,2025-05-20 09:00:00,PAYROLL
EVT00104645,2025-05-12,EMP03553,CC0004,EN,1,Hire,90827.71,CAD,CAN,2025-05-13 08:00:00,CORE_HR
EVT00104618,2025-05-15,EMP03845,CC0057,IT,1,Step Increment,86346.67,CAD,CA,2025-05-15 16:00:00,PAYROLL
EVT00104874,2025-05-08,EMP04261,CC0005,IT,2,Leave Return,,CAD,CAN,2025-05-09 10:00:00,CORE_HR
EVT00104413,2025-05-03,EMP03505,CC0072,AS,2,Leave Start,,CAD,CAN,2025-05-03 09:00:00,CORE_HR
EVT00103810,2025-05-16,EMP04178,CC0032,PA,5,Leave Start,,CAD,CAN,2025-05-18 22:00:00,CORE_HR
EVT00104864,2025-05-24,EMP01058,CC0035,IT,3,Step Increment,107771.94,CAD,CAN,2025-05-24 15:00:00,CORE_HR
EVT00104577,2025-05-06,EMP00100,CC0086,EX,2,Step Increment,21854392.78,KES,KEN,2025-05-07 12:00:00,CORE_HR
EVT00103626,2025-05-02,EMP02582,CC0104,EC,1,Step Increment,74762.47,CAD,CA,2025-05-02 10:00:00,PAYROLL
EVT00105561,2025-05-02,EMP03958,CC0082,AS,1,Leave Start,,CAD,CA,2025-05-03 04:00:00,PAYROLL
EVT00104290,2025-05-25,EMP01281,CC0086,EC,4,Step Increment,104258.49,EUR,FRA,2025-05-25 08:00:00,CORE_HR
EVT00105248,2025-05-13,EMP03970,CC0098,PA,4,Departure,,CAD,CAN,2025-05-14 00:00:00,CORE_HR
EVT00104619,2025-05-21,EMP04035,CC0107,EC,2,Step Increment,79510.42,CAD,CA,2025-05-22 03:00:00,PAYROLL
EVT00103968,2025-05-03,EMP03415,CC0046,IT,1,Step Increment,8925297.0,JPY,JPN,2025-05-03 07:00:00,CORE_HR
EVT00105332,2025-05-10,EMP02581,CC0049,PA,1,Leave Return,,EUR,DE,2025-05-11 12:00:00,PAYROLL
EVT00104453,2025-05-12,EMP05025,CC0083,EC,1,Step Increment,84650.43,CAD,CA,2025-05-13 15:00:00,PAYROLL
EVT00105489,2025-05-10,EMP01787,CC0060,IT,4,Leave Return,,CAD,CAN,2025-05-10 14:00:00,CORE_HR
EVT00105528,2025-05-09,EMP03822,CC0088,CR,5,Performance Pay,9825.14,AUD,AUS,2025-05-10 14:00:00,CORE_HR
EVT00105064,2025-05-08,EMP00229,CC0034,PA,3,Step Increment,86111.93,CAD,CA,2025-05-08 14:00:00,PAYROLL
EVT00104080,2025-05-04,EMP04618,CC0095,EC,1,Leave Start,,CAD,CA,2025-05-05 13:00:00,PAYROLL
EVT00105127,2025-05-15,EMP04070,CC0049,PA,1,Step Increment,49831.71,SGD,SGP,2025-05-15 20:00:00,CORE_HR
EVT00105414,2025-05-04,EMP03251,CC0076,EC,3,Hire,111238.85,CAD,CA,2025-05-04 20:00:00,PAYROLL
EVT00104530,2025-05-25,EMP99999,CC0103,FI,2,Leave Return,,CAD,CAN,2025-05-26 01:00:00,CORE_HR
EVT00105153,2025-05-04,EMP03118,CC0100,IT,1,Step Increment,89515.21,CAD,CAN,2025-05-05 05:00:00,CORE_HR
EVT00104236,2025-05-14,EMP02416,CC0059,FI,3,Leave Start,,CAD,CA,2025-05-15 00:00:00,PAYROLL
EVT00104129,2025-05-20,EMP01414,CC0001,EN,1,Leave Start,,CAD,CAN,2025-05-20 14:00:00,CORE_HR
EVT00104085,2025-05-11,EMP05079,CC0115,EN,1,Leave Start,,CAD,CAN,2025-05-12 10:00:00,CORE_HR
EVT00104934,2025-05-17,EMP01342,CC0083,IT,1,Step Increment,105305.84,CAD,CA,2025-05-18 05:00:00,PAYROLL
EVT00104567,2025-05-14,EMP01517,CC0052,FI,1,Step Increment,86220.29,CAD,CA,2025-05-14 15:00:00,PAYROLL
EVT00104884,2025-05-19,EMP03654,CC0074,EN,2,Step Increment,79916.43,EUR,FRA,2025-05-20 02:00:00,CORE_HR
EVT00105274,2025-05-07,EMP02190,CC0080,PA,4,Hire,82261.51,EUR,DEU,2025-05-08 16:00:00,CORE_HR
EVT00104845,2025-05-06,EMP01501,CC0001,IT,4,Step Increment,130718.3,CAD,CAN,2025-05-08 14:00:00,CORE_HR
EVT00105030,2025-05-23,EMP03311,CC0118,EX,1,Lateral Deployment,,CAD,CAN,2025-05-24 12:00:00,CORE_HR
EVT00104474,2025-05-25,EMP03264,CC0089,FI,1,Step Increment,80960.77,CAD,CAN,2025-05-26 00:00:00,CORE_HR
EVT00104697,2025-05-27,EMP04654,CC0034,AS,1,Lateral Deployment,,CAD,CA,2025-05-28 07:00:00,PAYROLL
EVT00105299,2025-05-03,EMP03023,CC0052,IT,3,Leave Return,,CAD,CA,2025-05-04 05:00:00,PAYROLL
EVT00104818,2025-05-15,EMP04434,CC0101,EC,3,Promotion,79801.0,CAD,CAN,2025-05-16 04:00:00,CORE_HR
EVT00103666,2025-05-10,EMP04410,CC0029,PA,1,Lateral Deployment,,GBP,GBR,2025-05-11 06:00:00,CORE_HR
EVT00103667,2025-05-19,EMP04351,CC0056,AS,1,Step Increment,60934.96,CAD,CA,2025-05-19 16:00:00,PAYROLL
EVT00103631,2025-05-03,EMP04118,CC0011,FI,1,Step Increment,91092.81,CAD,CA,2025-05-04 13:00:00,PAYROLL
EVT00105509,2025-05-02,EMP03149,CC0113,PA,1,Performance Pay,8543.4,CAD,CAN,2025-05-02 10:00:00,CORE_HR
EVT00104530,2025-05-25,EMP04542,CC0103,FI,2,Leave Return,,CAD,CAN,2025-05-27 11:00:00,CORE_HR
EVT00104892,2025-05-27,EMP03254,CC0046,EX,3,Hire,15653704.8,JPY,JPN,2025-05-27 15:00:00,CORE_HR
EVT00105150,2025-05-05,EMP05097,CC0110,EN,4,Performance Pay,9076.23,CAD,CAN,2025-05-06 06:00:00,CORE_HR
EVT00104743,2025-05-03,EMP04148,CC0098,FI,5,Departure,,CAD,CAN,2025-05-03 06:00:00,CORE_HR
EVT00104397,2025-05-13,EMP02479,CC0096,IT,3,Leave Return,,CAD,CA,2025-05-13 07:00:00,PAYROLL
EVT00105180,2025-05-13,EMP00967,CC0040,EX,1,Promotion,138395.74,CAD,CAN,2025-05-14 09:00:00,CORE_HR
EVT00104084,2025-05-24,EMP03702,CC0056,IT,2,Lateral Deployment,,CAD,CAN,2025-05-25 06:00:00,CORE_HR
EVT00104588,2025-05-03,EMP04080,CC0061,PA,1,Step Increment,66661.78,CAD,CA,2025-05-04 14:00:00,PAYROLL
EVT00105473,2025-05-26,EMP03626,CC0055,IT,2,Step Increment,95671.56,CAD,CA,2025-05-27 08:00:00,PAYROLL
EVT00103839,2025-05-13,EMP02703,CC0051,PA,1,Step Increment,67426.91,CAD,CAN,2025-05-13 12:00:00,CORE_HR
EVT00103905,2025-05-21,EMP03618,CC0084,EX,1,Leave Return,,CAD,CAN,2025-05-23 04:00:00,CORE_HR
EVT00104941,2025-05-22,EMP03826,CC0092,IT,1,Step Increment,88931.84,CAD,CA,2025-05-23 15:00:00,PAYROLL
EVT00104372,2025-05-20,EMP02856,CC0079,EN,4,Performance Pay,6067.01,CAD,CAN,2025-05-21 03:00:00,CORE_HR
EVT00104905,2025-05-10,EMP00346,CC0046,FI,3,Leave Return,,KES,KEN,2025-05-11 00:00:00,CORE_HR
EVT00104177,2025-05-02,EMP04711,CC0118,FI,5,Step Increment,136511.14,CAD,CA,2025-05-02 23:00:00,PAYROLL
EVT00104069,2025-05-12,EMP01206,CC0109,EN,3,Performance Pay,10545.54,CAD,CA,2025-05-13 01:00:00,PAYROLL
EVT00104539,2025-05-02,EMP00723,CC0031,AS,2,Performance Pay,1057177.82,KES,KE,2025-05-02 20:00:00,PAYROLL
EVT00104644,2025-05-17,EMP03188,CC0039,PA,2,Lateral Deployment,,CAD,CAN,2025-05-18 12:00:00,CORE_HR
EVT00104866,2025-05-15,EMP04611,CC0119,PA,2,Leave Start,,CAD,CAN,2025-05-16 01:00:00,CORE_HR
EVT00105052,2025-05-06,EMP02567,CC0043,EX,2,Step Increment,175606.93,CAD,CAN,2025-05-06 19:00:00,CORE_HR
EVT00104022,2025-05-01,EMP00093,CC0040,PA,5,Step Increment,105872.97,CAD,CAN,2025-05-02 03:00:00,CORE_HR
EVT00103934,2025-05-12,EMP00598,CC0120,EC,1,Step Increment,85581.6,CAD,CA,2025-05-13 06:00:00,PAYROLL
EVT00104442,2025-05-12,EMP05062,CC0075,AS,2,Step Increment,72323.93,CAD,CA,2025-05-12 19:00:00,PAYROLL
EVT00104846,2025-05-20,EMP01824,CC0001,PA,1,Step Increment,62150.16,CAD,CA,2025-05-21 08:00:00,PAYROLL
EVT00103750,2025-05-22,EMP00996,CC0074,EC,3,Lateral Deployment,,AED,AE,2025-05-23 04:00:00,PAYROLL
EVT00103989,2025-05-14,EMP01290,CC0080,AS,2,Step Increment,57330.69,USD,USA,2025-05-14 11:00:00,CORE_HR
EVT00104695,2025-05-19,EMP00450,CC0103,IT,5,Step Increment,147305.3,CAD,CA,2025-05-20 02:00:00,PAYROLL
EVT00105081,2025-05-23,EMP04555,CC0025,FI,4,Leave Start,,CAD,CAN,2025-05-23 16:00:00,CORE_HR
EVT00105286,2025-05-24,EMP00027,CC0089,AS,1,Departure,,CAD,CA,2025-05-25 10:00:00,PAYROLL
EVT00103979,2025-05-25,EMP03912,CC0092,EN,3,Leave Start,,CAD,CA,2025-05-26 01:00:00,PAYROLL
EVT00104651,2025-05-25,EMP03073,CC0006,AS,4,Leave Return,,CAD,CAN,2025-05-26 11:00:00,CORE_HR
EVT00103955,2025-05-12,EMP01380,CC0019,PA,2,Step Increment,82060.7,CAD,CAN,2025-05-12 15:00:00,CORE_HR
EVT00104857,2025-05-18,EMP00422,CC0115,PA,5,Leave Return,,CAD,CA,2025-05-18 23:00:00,PAYROLL
EVT00105303,2025-05-14,EMP02067,CC0013,EX,1,Hire,141481.92,CAD,CAN,2025-05-15 13:00:00,CORE_HR
EVT00104052,2025-05-26,EMP00295,CC0039,IT,2,Performance Pay,14025.52,CAD,CA,2025-05-26 22:00:00,PAYROLL
EVT00105527,2025-05-18,EMP01133,CC0049,AS,2,Step Increment,42508.21,EUR,FRA,2025-05-18 13:00:00,CORE_HR
EVT00105089,2025-05-21,EMP01297,CC0115,PA,5,Hire,137241.2,CAD,CAN,2025-05-22 12:00:00,CORE_HR
EVT00105040,2025-05-13,EMP02667,CC0020,EN,5,Step Increment,138666.32,CAD,CAN,2025-05-13 12:00:00,CORE_HR
EVT00104353,2025-05-13,EMP01892,CC0076,PA,2,Step Increment,78531.52,CAD,CA,2025-05-14 06:00:00,PAYROLL
EVT00105175,2025-05-22,EMP01450,CC0054,EC,2,Step Increment,75442.97,EUR,FR,2025-05-23 08:00:00,PAYROLL
EVT00104611,2025-05-14,EMP02932,CC0004,AS,2,Performance Pay,3097.77,CAD,CA,2025-05-15 02:00:00,PAYROLL
EVT00103676,2025-05-27,EMP00156,CC0011,IT,3,Step Increment,122179.53,CAD,CAN,2025-05-28 09:00:00,CORE_HR
EVT00105542,2025-05-27,EMP04853,CC0117,PA,1,Step Increment,65002.29,CAD,CA,2025-05-27 08:00:00,PAYROLL
EVT00105475,2025-05-03,EMP01087,CC0114,EC,2,Step Increment,95276.13,CAD,CA,2025-05-04 07:00:00,PAYROLL
EVT00105112,2025-05-14,EMP02232,CC0047,AS,3,Departure,,CAD,CA,2025-05-14 17:00:00,PAYROLL
EVT00105413,2025-05-25,EMP02906,CC0057,EX,3,Lateral Deployment,,CAD,CAN,2025-05-25 22:00:00,CORE_HR
EVT00103869,2025-05-15,EMP00727,CC0068,IT,3,Step Increment,128062.17,CAD,CAN,2025-05-17 04:00:00,CORE_HR
EVT00104659,2025-05-06,EMP04137,CC0085,CR,4,Lateral Deployment,,CAD,CA,2025-05-07 08:00:00,PAYROLL
EVT00104374,2025-05-19,EMP00343,CC0104,PA,3,Performance Pay,4793.9,CAD,CA,2025-05-19 20:00:00,PAYROLL
EVT00104086,2025-05-06,EMP01219,CC0003,CR,2,Leave Start,,CAD,CA,2025-05-07 00:00:00,PAYROLL
EVT00105383,2025-05-01,EMP02654,CC0068,IT,4,Performance Pay,12273.12,CAD,CAN,2025-05-02 09:00:00,CORE_HR
EVT00104890,2025-05-06,EMP00959,CC0073,AS,2,Performance Pay,7315.72,CAD,CAN,2025-05-07 13:00:00,CORE_HR
EVT00103978,2025-05-03,EMP02857,CC0065,EN,5,Leave Start,,JPY,JP,2025-05-03 22:00:00,PAYROLL
EVT00105031,2025-05-21,EMP02171,CC0120,PA,4,Leave Return,,CAD,CA,2025-05-22 05:00:00,PAYROLL
EVT00103993,2025-05-27,EMP05145,CC0108,FI,1,Step Increment,35582.2,GBP,GBR,2025-05-27 20:00:00,CORE_HR
EVT00104702,2025-05-23,EMP02167,CC0007,PA,1,Performance Pay,4613.86,GBP,GBR,2025-05-23 18:00:00,CORE_HR
EVT00105514,2025-05-20,EMP02301,CC0117,AS,1,Step Increment,58601.45,CAD,CAN,2025-05-21 12:00:00,CORE_HR
EVT00103607,2025-05-05,EMP01635,CC0113,IT,2,Departure,,CAD,CAN,2025-05-06 14:00:00,CORE_HR
EVT00104779,2025-05-14,EMP02611,CC0026,FI,2,Departure,,CAD,CA,2025-05-15 01:00:00,PAYROLL
EVT00103691,2025-05-11,EMP01335,CC0080,FI,2,Step Increment,4851160.78,INR,IND,2025-05-12 14:00:00,CORE_HR
EVT00105446,2025-05-25,EMP04044,CC0022,FI,3,Leave Return,,CAD,CAN,2025-05-25 10:00:00,CORE_HR
EVT00104738,2025-05-22,EMP01543,CC0042,PA,1,Step Increment,70231.1,CAD,CAN,2025-05-23 03:00:00,CORE_HR
EVT00105045,2025-05-21,EMP00511,CC0036,EC,3,Performance Pay,12009.23,CAD,CAN,2025-05-22 07:00:00,CORE_HR
EVT00104428,2025-05-26,EMP03966,CC0050,EC,2,Leave Start,,CAD,CAN,2025-05-26 22:00:00,CORE_HR
EVT00104555,2025-05-24,EMP04751,CC0117,FI,3,Step Increment,97137.31,CAD,CA,2025-05-25 10:00:00,PAYROLL
EVT00105295,2025-05-09,EMP04826,CC0074,CR,3,Performance Pay,936160.92,KES,KE,2025-05-09 06:00:00,PAYROLL
EVT00104015,2025-05-23,EMP00551,CC0010,PA,2,Departure,,CAD,CAN,2025-05-23 08:00:00,CORE_HR
EVT00103982,2025-05-24,EMP04232,CC0048,AS,1,Leave Return,,CAD,CA,2025-05-25 06:00:00,PAYROLL
EVT00104223,2025-05-26,EMP02930,CC0050,PA,4,Promotion,103351.06,CAD,CAN,2025-05-27 14:00:00,CORE_HR
EVT00105375,2025-05-06,EMP04885,CC0027,IT,1,Performance Pay,11076.48,CAD,CA,2025-05-06 07:00:00,PAYROLL
EVT00104930,2025-05-24,EMP03254,CC0046,EX,3,Leave Return,,AUD,AU,2025-05-25 08:00:00,PAYROLL
EVT00103684,2025-05-22,EMP00683,CC0098,EN,2,Performance Pay,11111.8,CAD,CAN,2025-05-23 08:00:00,CORE_HR
EVT00104031,2025-05-06,EMP00394,CC0018,IT,3,Performance Pay,8166.34,CAD,CA,2025-05-07 08:00:00,PAYROLL
EVT00105385,2025-05-24,EMP03273,CC0120,EN,3,Step Increment,128153.75,CAD,CAN,2025-05-24 12:00:00,CORE_HR
EVT00105389,2025-05-02,EMP01986,CC0119,CR,1,Step Increment,60496.68,CAD,CAN,2025-05-02 14:00:00,CORE_HR
EVT00103614,2025-05-05,EMP03568,CC0077,PA,5,Performance Pay,6784.31,CAD,CA,2025-05-05 12:00:00,PAYROLL
EVT00103830,2025-05-07,EMP02785,CC0082,PA,5,Leave Return,,CAD,CAN,2025-05-08 05:00:00,CORE_HR
EVT00104161,2025-05-07,EMP03567,CC0071,PA,2,Step Increment,74757.91,CAD,CAN,2025-05-08 13:00:00,CORE_HR
EVT00104383,2025-05-08,EMP03023,CC0052,IT,3,Step Increment,126063.54,CAD,CA,2025-05-08 09:00:00,PAYROLL
EVT00105126,2025-05-17,EMP04365,CC0032,CR,2,Leave Return,,CAD,CAN,2025-05-18 10:00:00,CORE_HR
EVT00103847,2025-05-10,EMP01429,CC0080,EC,4,Leave Return,,BRL,BRA,2025-05-10 15:00:00,CORE_HR
EVT00104286,2025-05-05,EMP01826,CC0064,IT,1,Departure,,CAD,CAN,2025-05-05 11:00:00,CORE_HR
EVT00105411,2025-05-05,EMP05063,CC0100,PA,2,Step Increment,60115.46,CAD,CAN,2025-05-06 03:00:00,CORE_HR
EVT00104219,2025-05-04,EMP02849,CC0013,PA,2,Leave Return,,CAD,CAN,2025-05-04 09:00:00,CORE_HR
EVT00104940,2025-05-04,EMP04449,CC0026,PA,2,Departure,,CAD,CA,2025-05-04 09:00:00,PAYROLL
EVT00104551,2025-05-16,EMP00919,CC0042,CR,3,Leave Start,,CAD,CAN,2025-05-18 04:00:00,CORE_HR
EVT00103855,2025-05-15,EMP02789,CC0006,PA,4,Lateral Deployment,,CAD,CAN,2025-05-16 15:00:00,CORE_HR
EVT00104279,2025-05-26,EMP02126,CC0054,IT,5,Performance Pay,10458.0,GBP,GB,2025-05-27 05:00:00,PAYROLL
EVT00104325,2025-05-27,EMP02114,CC0080,PA,4,Performance Pay,37370.89,AED,AE,2025-05-27 21:00:00,PAYROLL
EVT00105372,2025-05-13,EMP02839,CC0071,EX,2,Hire,140518.31,CAD,CA,2025-05-14 10:00:00,PAYROLL
EVT00105155,2025-05-19,EMP03115,CC0064,CR,3,Leave Start,,CAD,CA,2025-05-20 07:00:00,PAYROLL
EVT00103757,2025-05-27,EMP00985,CC0070,IT,1,Leave Return,,CAD,CAN,2025-05-27 20:00:00,CORE_HR
EVT00104891,2025-05-27,EMP00911,CC0005,AS,3,Leave Start,,CAD,CAN,2025-05-27 10:00:00,CORE_HR
EVT00105551,2025-05-05,EMP01456,CC0044,CR,1,Lateral Deployment,,CAD,CA,2025-05-06 06:00:00,PAYROLL
EVT00104871,2025-05-05,EMP02922,CC0062,AS,3,Step Increment,79778.56,CAD,CA,2025-05-06 07:00:00,PAYROLL
EVT00104439,2025-05-11,EMP00801,CC0023,FI,1,Step Increment,63708.88,CAD,CAN,2025-05-11 12:00:00,CORE_HR
EVT00103905,2025-05-21,EMP03618,CC0084,EX,1,Leave Return,,CAD,CAN,2025-05-22 11:00:00,CORE_HR
EVT00103756,2025-05-15,EMP04984,CC0017,AS,4,Departure,,CAD,CAN,2025-05-16 12:00:00,CORE_HR
EVT00104855,2025-05-02,EMP03792,CC0037,EC,4,Departure,,CAD,CA,2025-05-03 00:00:00,PAYROLL
EVT00105044,2025-05-02,EMP02529,CC0036,EN,3,Leave Start,,CAD,CAN,2025-05-03 04:00:00,CORE_HR
EVT00105331,2025-05-19,EMP05089,CC0016,PA,1,Departure,,CAD,CAN,2025-05-19 07:00:00,CORE_HR
EVT00104701,2025-05-05,EMP01132,CC0001,PA,2,Departure,,CAD,CA,2025-05-06 07:00:00,PAYROLL
EVT00104590,2025-05-13,EMP01684,CC0011,PA,2,Leave Start,,CAD,CAN,2025-05-14 13:00:00,CORE_HR
EVT00105275,2025-05-03,EMP04089,CC0062,CR,3,Performance Pay,8793.03,CAD,CAN,2025-05-04 05:00:00,CORE_HR
EVT00104454,2025-05-22,EMP04498,CC0048,PA,5,Performance Pay,4554.88,CAD,CA,2025-05-22 15:00:00,PAYROLL
EVT00103906,2025-05-03,EMP03864,CC0041,IT,3,Departure,,CAD,CAN,2025-05-03 06:00:00,CORE_HR
EVT00103646,2025-05-19,EMP04843,CC0008,CR,1,Lateral Deployment,,CAD,CAN,2025-05-19 15:00:00,CORE_HR
EVT00104352,2025-05-26,EMP03986,CC0078,PA,3,Step Increment,89738.14,CAD,CAN,2025-05-27 11:00:00,CORE_HR
EVT00104418,2025-05-14,EMP01920,CC0071,EN,3,Step Increment,120980.13,CAD,CAN,2025-05-15 02:00:00,CORE_HR
EVT00104458,2025-05-25,EMP00357,CC0008,EC,3,Lateral Deployment,,CAD,CA,2025-05-26 08:00:00,PAYROLL
EVT00103690,2025-05-17,EMP04297,CC0105,PA,2,Departure,,INR,IN,2025-05-18 04:00:00,PAYROLL
EVT00103623,2025-05-20,EMP04977,CC0006,CR,4,Departure,,CAD,CAN,2025-05-21 12:00:00,CORE_HR
EVT00105007,2025-05-19,EMP02922,CC0062,AS,3,Leave Return,,CAD,CAN,2025-05-19 13:00:00,CORE_HR
EVT00104835,2025-05-22,EMP05135,CC0082,EN,1,Step Increment,89748.61,CAD,CAN,2025-05-22 22:00:00,CORE_HR
EVT00105231,2025-05-19,EMP01411,CC0026,FI,2,Leave Return,,CAD,CAN,2025-05-20 09:00:00,CORE_HR
EVT00104361,2025-05-16,EMP01706,CC0096,EX,2,Leave Return,,CAD,CAN,2025-05-16 15:00:00,CORE_HR
EVT00104801,2025-05-13,EMP03041,CC0109,PA,1,Lateral Deployment,,CAD,CA,2025-05-14 00:00:00,PAYROLL
EVT00105279,2025-05-19,EMP01347,CC0071,EX,1,Step Increment,139661.42,CAD,CA,2025-05-20 08:00:00,PAYROLL
EVT00105229,2025-05-03,EMP04613,CC0046,IT,3,Leave Return,,AED,AE,2025-05-03 13:00:00,PAYROLL
EVT00103724,2025-05-08,EMP03231,CC0030,PA,3,Step Increment,298815.25,BRL,BRA,2025-05-09 07:00:00,CORE_HR
EVT00103928,2025-05-15,EMP03031,CC0107,IT,3,Step Increment,123222.56,CAD,CAN,2025-05-16 00:00:00,CORE_HR
EVT00104081,2025-05-01,EMP01617,CC0029,EX,1,Performance Pay,1050703.55,KES,KEN,2025-05-01 12:00:00,CORE_HR
EVT00104628,2025-05-25,EMP04852,CC0077,EN,3,Leave Return,,CAD,CAN,2025-05-25 07:00:00,CORE_HR
EVT00105524,2025-05-05,EMP02015,CC0002,IT,4,Leave Return,,CAD,CAN,2025-05-05 17:00:00,CORE_HR
EVT00104297,2025-05-27,EMP01883,CC0002,EC,2,Step Increment,100174.36,CAD,CA,2025-05-28 00:00:00,PAYROLL
EVT00104512,2025-05-13,EMP01295,CC0082,AS,2,Step Increment,52592.82,CAD,CAN,2025-05-14 11:00:00,CORE_HR
EVT00104323,2025-05-08,EMP04243,CC0063,IT,1,Lateral Deployment,,CAD,CAN,2025-05-08 18:00:00,CORE_HR
EVT00104105,2025-05-13,EMP03208,CC0023,PA,5,Leave Return,,CAD,CA,2025-05-14 05:00:00,PAYROLL
EVT00104075,2025-05-11,EMP03669,CC0014,EN,2,Hire,105806.16,CAD,CA,2025-05-12 10:00:00,PAYROLL
EVT00105431,2025-05-23,EMP00787,CC0029,CR,5,Step Increment,66526.2,USD,USA,2025-05-24 00:00:00,CORE_HR
EVT00103769,2025-05-24,EMP00792,CC0063,CR,5,Lateral Deployment,,CAD,CAN,2025-05-24 21:00:00,CORE_HR
EVT00105117,2025-05-07,EMP00918,CC0060,PA,3,Step Increment,72449.9,CAD,CAN,2025-05-07 07:00:00,CORE_HR
EVT00104296,2025-05-09,EMP01411,CC0026,FI,2,Leave Start,,CAD,CAN,2025-05-09 17:00:00,CORE_HR
EVT00103759,2025-05-21,EMP00160,CC0075,PA,1,Step Increment,66380.09,CAD,CAN,2025-05-21 18:00:00,CORE_HR
EVT00104433,2025-05-13,EMP01241,CC0049,PA,4,Step Increment,12968822.5,KES,KE,2025-05-14 08:00:00,PAYROLL
EVT00105333,2025-05-24,EMP01648,CC0029,EC,1,Performance Pay,857298.68,KES,KE,2025-05-24 08:00:00,PAYROLL
EVT00104497,2025-05-06,EMP00787,CC0029,CR,5,Step Increment,65893.25,EUR,FR,2025-05-07 09:00:00,PAYROLL
EVT00103727,2025-05-18,EMP02257,CC0120,EX,1,Step Increment,109829.5,CAD,CAN,2025-05-18 10:00:00,CORE_HR
EVT00103909,2025-05-20,EMP03011,CC0081,FI,3,Leave Return,,CAD,CA,2025-05-21 07:00:00,PAYROLL
EVT00105470,2025-05-14,EMP00665,CC0011,AS,1,Leave Return,,CAD,CAN,2025-05-15 12:00:00,CORE_HR
EVT00104639,2025-05-26,EMP04779,CC0082,CR,3,Promotion,64386.68,CAD,CA,2025-05-26 09:00:00,PAYROLL
EVT00105378,2025-05-02,EMP04182,CC0068,EN,5,Leave Start,,CAD,CA,2025-05-04 14:00:00,PAYROLL
EVT00103575,2025-05-16,EMP03181,CC0055,PA,2,Leave Start,,CAD,CAN,2025-05-17 12:00:00,CORE_HR
EVT00104726,2025-05-04,EMP00662,CC0063,EN,2,Leave Start,,CAD,CAN,2025-05-04 11:00:00,CORE_HR
EVT00105523,2025-05-01,EMP05040,CC0025,EN,1,Hire,85065.29,CAD,CAN,2025-05-01 23:00:00,CORE_HR
EVT00105540,2025-05-17,EMP04642,CC0044,PA,1,Step Increment,66664.19,CAD,CAN,2025-05-18 15:00:00,CORE_HR
EVT00105102,2025-05-15,EMP03588,CC0085,IT,2,Leave Start,,CAD,CAN,2025-05-16 07:00:00,CORE_HR
EVT00104771,2025-05-14,EMP00342,CC0020,CR,4,Leave Return,,CAD,CA,2025-05-15 03:00:00,PAYROLL
EVT00105285,2025-05-26,EMP01135,CC0042,PA,4,Leave Start,,CAD,CAN,2025-05-27 05:00:00,CORE_HR
EVT00104824,2025-05-21,EMP02523,CC0072,CR,3,Promotion,70600.39,CAD,CAN,2025-05-22 10:00:00,CORE_HR
EVT00104448,2025-05-24,EMP03448,CC0120,IT,3,Departure,,CAD,CAN,2025-05-24 21:00:00,CORE_HR
EVT00104244,2025-05-12,EMP01587,CC0104,PA,3,Performance Pay,10435.71,CAD,CAN,2025-05-12 21:00:00,CORE_HR
EVT00103692,2025-05-12,EMP04369,CC0020,IT,1,Departure,,CAD,CAN,2025-05-13 05:00:00,CORE_HR
EVT00105123,2025-05-19,EMP03965,CC0009,PA,1,Step Increment,7844750.87,KES,KE,2025-05-19 19:00:00,PAYROLL
EVT00103894,2025-05-06,EMP04377,CC0119,EX,2,Step Increment,204070.17,CAD,CA,2025-05-07 06:00:00,PAYROLL
EVT00103876,2025-05-26,EMP00921,CC0023,PA,2,Step Increment,79242.64,CAD,CA,2025-05-26 12:00:00,PAYROLL
EVT00104065,2025-05-02,EMP02338,CC0011,PA,1,Lateral Deployment,,CAD,CAN,2025-05-02 18:00:00,CORE_HR
EVT00104995,2025-05-18,EMP04899,CC0086,PA,2,Step Increment,1180690.15,MXN,MEX,2025-05-18 08:00:00,CORE_HR
EVT00104773,2025-05-10,EMP01907,CC0069,EX,2,Step Increment,183894.26,CAD,CAN,2025-05-11 00:00:00,CORE_HR
EVT00104609,2025-05-09,EMP04151,CC0082,PA,2,Step Increment,81698.45,CAD,CA,2025-05-10 13:00:00,PAYROLL
EVT00105347,2025-05-18,EMP02541,CC0114,EN,2,Lateral Deployment,,CAD,CAN,2025-05-18 15:00:00,CORE_HR
EVT00104667,2025-05-14,EMP00205,CC0115,IT,2,Performance Pay,6593.87,CAD,CAN,2025-05-15 04:00:00,CORE_HR
EVT00103970,2025-05-17,EMP04551,CC0108,PA,2,Step Increment,48801.75,GBP,GBR,2025-05-17 14:00:00,CORE_HR
EVT00104498,2025-05-21,EMP03392,CC0108,IT,1,Hire,64802.12,EUR,DEU,2025-05-22 02:00:00,CORE_HR
EVT00104804,2025-05-23,EMP01843,CC0087,EN,1,Step Increment,103203.65,CAD,CAN,2025-05-23 07:00:00,CORE_HR
EVT00104647,2025-05-01,EMP03010,CC0063,CR,1,Step Increment,61685.92,CAD,CAN,2025-05-02 03:00:00,CORE_HR
EVT00105320,2025-05-23,EMP04737,CC0048,PA,2,Step Increment,73886.79,CAD,CA,2025-05-23 11:00:00,PAYROLL
EVT00104963,2025-05-05,EMP03908,CC0026,EN,2,Step Increment,97002.17,CAD,CA,2025-05-06 11:00:00,PAYROLL
EVT00103808,2025-05-23,EMP04881,CC0018,CR,3,Hire,66036.28,CAD,CA,2025-05-23 16:00:00,PAYROLL
EVT00104051,2025-05-21,EMP03270,CC0113,PA,1,Leave Return,,CAD,CAN,2025-05-22 09:00:00,CORE_HR
EVT00104210,2025-05-13,EMP03269,CC0101,IT,2,Hire,110487.84,CAD,CAN,2025-05-14 06:00:00,CORE_HR
EVT00104593,2025-05-24,EMP03846,CC0031,AS,1,Step Increment,47724.01,USD,US,2025-05-24 21:00:00,PAYROLL
EVT00103895,2025-05-15,EMP00030,CC0114,EX,1,Step Increment,138485.57,CAD,CAN,2025-05-15 06:00:00,CORE_HR
EVT00104292,2025-05-09,EMP00120,CC0117,EC,1,Step Increment,75099.67,CAD,CAN,2025-05-09 16:00:00,CORE_HR
EVT00104385,2025-05-25,EMP02189,CC0105,FI,1,Leave Start,,GBP,GB,2025-05-26 02:00:00,PAYROLL
EVT00103814,2025-05-18,EMP01647,CC0077,PA,2,Step Increment,84168.09,XXX,CAN,2025-05-18 17:00:00,CORE_HR
EVT00105046,2025-05-04,EMP02296,CC0045,FI,3,Step Increment,127293.67,CAD,CAN,2025-05-04 07:00:00,CORE_HR
EVT00105459,2025-05-16,EMP04269,CC0020,CR,2,Step Increment,68731.71,CAD,CAN,2025-05-17 08:00:00,CORE_HR
EVT00105403,2025-05-18,EMP01089,CC0061,FI,3,Step Increment,93766.26,CAD,CAN,2025-05-19 15:00:00,CORE_HR
EVT00105370,2025-05-13,EMP02733,CC0051,EX,1,Step Increment,136992.84,CAD,CA,2025-05-13 23:00:00,PAYROLL
EVT00104546,2025-05-02,EMP03727,CC0084,CR,2,Leave Return,,CAD,CAN,2025-05-03 13:00:00,CORE_HR
EVT00104549,2025-05-01,EMP01854,CC0072,IT,4,Step Increment,124215.71,CAD,CAN,2025-05-01 20:00:00,CORE_HR
EVT00105182,2025-05-25,EMP01541,CC0098,IT,1,Step Increment,83143.94,CAD,CAN,2025-05-26 08:00:00,CORE_HR
EVT00104783,2025-05-15,EMP04802,CC0076,IT,4,Step Increment,123064.53,CAD,CAN,2025-05-16 17:00:00,CORE_HR
EVT00103616,2025-05-24,EMP00283,CC0013,EC,3,Lateral Deployment,,CAD,CAN,2025-05-24 14:00:00,CORE_HR
EVT00103937,2025-05-07,EMP02747,CC0035,AS,2,Lateral Deployment,,CAD,CAN,2025-05-07 12:00:00,CORE_HR
EVT00104199,2025-05-25,EMP03179,CC0049,AS,5,Step Increment,10763707.38,KES,KE,2025-05-25 13:00:00,PAYROLL
EVT00105432,2025-05-25,EMP04276,CC0018,AS,2,Lateral Deployment,,CAD,CAN,2025-05-26 09:00:00,CORE_HR
EVT00105277,2025-05-07,EMP01232,CC0068,PA,2,Performance Pay,5832.13,CAD,CAN,2025-05-07 15:00:00,CORE_HR
EVT00103871,2025-05-21,EMP01170,CC0088,PA,5,Lateral Deployment,,AED,ARE,2025-05-21 21:00:00,CORE_HR
EVT00104380,2025-05-19,EMP01890,CC0019,AS,2,Departure,,CAD,CAN,2025-05-21 16:00:00,CORE_HR
EVT00104936,2025-05-24,EMP01667,CC0025,IT,3,Departure,,CAD,CAN,2025-05-25 00:00:00,CORE_HR
EVT00103617,2025-05-26,EMP02563,CC0020,EN,2,Leave Start,,CAD,CA,2025-05-26 18:00:00,PAYROLL
EVT00103831,2025-05-27,EMP03734,CC0005,PA,1,Performance Pay,5484.5,CAD,CAN,2025-05-28 11:00:00,CORE_HR
EVT00105506,2025-05-15,EMP01136,CC0106,IT,2,Hire,99030.43,CAD,CAN,2025-05-16 14:00:00,CORE_HR
EVT00104564,2025-05-09,EMP04176,CC0001,IT,2,Lateral Deployment,,CAD,CA,2025-05-09 11:00:00,PAYROLL
EVT00105032,2025-05-05,EMP01724,CC0005,PA,1,Step Increment,60657.69,CAD,CA,2025-05-06 13:00:00,PAYROLL
EVT00105457,2025-05-04,EMP03574,CC0081,PA,2,Lateral Deployment,,CAD,CAN,2025-05-05 02:00:00,CORE_HR
EVT00105555,2025-05-15,EMP04105,CC0056,PA,2,Lateral Deployment,,CAD,CAN,2025-05-16 06:00:00,CORE_HR
EVT00104840,2025-05-25,EMP03691,CC0064,PA,2,Leave Start,,CAD,CA,2025-05-25 15:00:00,PAYROLL
EVT00104977,2025-05-13,EMP04768,CC0063,FI,1,Performance Pay,7741.65,CAD,CAN,2025-05-13 14:00:00,CORE_HR
EVT00104070,2025-05-10,EMP03527,CC0012,IT,3,Promotion,124141.97,CAD,CA,2025-05-11 10:00:00,PAYROLL
EVT00104050,2025-05-25,EMP04525,CC0016,EX,2,Performance Pay,9358.23,CAD,CAN,2025-05-26 04:00:00,CORE_HR
EVT00104945,2025-05-25,EMP03613,CC0090,AS,2,Leave Start,,CAD,CA,2025-05-25 09:00:00,PAYROLL
EVT00104191,2025-05-13,EMP03350,CC0053,PA,5,Departure,,CAD,CAN,2025-05-13 18:00:00,CORE_HR
EVT00104727,2025-05-14,EMP04033,CC0098,EN,2,Step Increment,101673.9,CAD,CA,2025-05-14 12:00:00,PAYROLL
EVT00104098,2025-05-04,EMP03446,CC0052,AS,4,Step Increment,79744.95,CAD,CAN,2025-05-04 16:00:00,CORE_HR
EVT00104668,2025-05-03,EMP05142,CC0057,AS,2,Step Increment,66348.34,CAD,CAN,2025-05-03 09:00:00,CORE_HR
EVT00103872,2025-05-27,EMP02774,CC0002,EN,1,Step Increment,81761.38,CAD,CAN,2025-05-28 12:00:00,CORE_HR
EVT00104055,2025-05-17,EMP04809,CC0107,PA,3,Leave Start,,CAD,CA,2025-05-18 15:00:00,PAYROLL
EVT00103648,2025-05-14,EMP02049,CC0107,AS,1,Step Increment,57675.65,CAD,CAN,2025-05-14 10:00:00,CORE_HR
EVT00105510,2025-05-10,EMP02988,CC0038,AS,5,Departure,,CAD,CA,2025-05-10 13:00:00,PAYROLL
EVT00104605,2025-05-11,EMP02888,CC0052,CR,2,Step Increment,56877.68,CAD,CA,2025-05-11 16:00:00,PAYROLL
EVT00105079,2025-05-04,EMP00006,CC0037,CR,2,Hire,61907.46,CAD,CA,2025-05-05 13:00:00,PAYROLL
EVT00103925,2025-05-14,EMP00234,CC0032,EC,3,Step Increment,114857.71,CAD,CAN,2025-05-14 11:00:00,CORE_HR
EVT00104517,2025-05-27,EMP02662,CC0022,EC,1,Lateral Deployment,,CAD,CAN,2025-05-27 22:00:00,CORE_HR
EVT00105170,2025-05-23,EMP04924,CC0105,EN,1,Leave Return,,USD,US,2025-05-25 17:00:00,PAYROLL
EVT00104184,2025-05-04,EMP00049,CC0055,FI,2,Performance Pay,10491.26,CAD,CAN,2025-05-05 11:00:00,CORE_HR
EVT00103608,2025-05-10,EMP02707,CC0053,EC,2,Promotion,102947.73,CAD,CAN,2025-05-11 01:00:00,CORE_HR
EVT00104795,2025-05-17,EMP04024,CC0115,PA,1,Step Increment,69878.59,CAD,CAN,2025-05-18 05:00:00,CORE_HR
EVT00104468,2025-05-20,EMP01157,CC0085,EC,3,Performance Pay,7789.63,CAD,CA,2025-05-21 10:00:00,PAYROLL
EVT00105361,2025-05-10,EMP03529,CC0080,EC,5,Step Increment,191045.37,AUD,AU,2025-05-10 10:00:00,PAYROLL
EVT00104230,2025-05-18,EMP03609,CC0096,AS,2,Performance Pay,8486.82,CAD,CA,2025-05-19 03:00:00,PAYROLL
EVT00104333,2025-05-03,EMP04176,CC0001,IT,2,Leave Start,,CAD,CAN,2025-05-03 15:00:00,CORE_HR
EVT00104591,2025-05-13,EMP04591,CC0099,EX,1,Leave Start,,CAD,CAN,2025-05-14 00:00:00,CORE_HR
EVT00104574,2025-05-07,EMP05087,CC0082,FI,3,Leave Return,,CAD,CAN,2025-05-08 07:00:00,CORE_HR
EVT00103668,2025-05-17,EMP01985,CC0032,PA,2,Step Increment,73889.24,CAD,CA,2025-05-17 19:00:00,PAYROLL
EVT00104538,2025-05-14,EMP02737,CC0004,AS,2,Leave Return,,CAD,CAN,2025-05-14 09:00:00,CORE_HR
EVT00105094,2025-05-19,EMP04560,CC0064,EX,2,Step Increment,172688.99,CAD,CAN,2025-05-19 18:00:00,CORE_HR
EVT00105241,2025-05-15,EMP00267,CC0067,PA,1,Departure,,CAD,CA,2025-05-15 10:00:00,PAYROLL
EVT00105035,2025-05-25,EMP01193,CC0054,CR,5,Lateral Deployment,,BRL,BRA,2025-05-25 09:00:00,CORE_HR
EVT00104519,2025-05-12,EMP00243,CC0069,FI,3,Leave Return,,CAD,CAN,2025-05-13 03:00:00,CORE_HR
EVT00104501,2025-05-17,EMP03015,CC0110,EC,2,Step Increment,94044.1,CAD,CAN,2025-05-19 05:00:00,CORE_HR
EVT00103682,2025-05-20,EMP01653,CC0009,AS,1,Performance Pay,567728.38,JPY,JP,2025-05-21 09:00:00,PAYROLL
EVT00105237,2025-05-04,EMP03387,CC0117,EC,2,Step Increment,89756.59,CAD,CA,2025-05-05 10:00:00,PAYROLL
EVT00104664,2025-05-27,EMP03994,CC0082,CR,3,Performance Pay,3055.26,CAD,CAN,2025-05-27 06:00:00,CORE_HR
EVT00104247,2025-05-13,EMP04322,CC0026,EC,3,Departure,,CAD,CAN,2025-05-14 05:00:00,CORE_HR
EVT00104382,2025-05-16,EMP01071,CC0005,IT,2,Lateral Deployment,,CAD,CAN,2025-05-16 06:00:00,CORE_HR
EVT00104217,2025-05-25,EMP04538,CC0038,PA,2,Departure,,CAD,CAN,2025-05-26 11:00:00,CORE_HR
EVT00105500,2025-05-12,EMP01071,CC0005,IT,2,Hire,94198.15,CAD,CAN,2025-05-13 09:00:00,CORE_HR
EVT00104554,2025-05-19,EMP04681,CC0050,FI,1,Departure,,CAD,CA,2025-05-19 13:00:00,PAYROLL
EVT00105136,2025-05-01,EMP00420,CC0101,AS,5,Leave Start,,CAD,CAN,2025-05-02 08:00:00,CORE_HR
EVT00104625,2025-05-19,EMP02486,CC0040,IT,1,Performance Pay,6431.96,CAD,CA,2025-05-20 09:00:00,PAYROLL
EVT00104298,2025-05-11,EMP01085,CC0035,FI,4,Promotion,125579.61,CAD,CA,2025-05-11 12:00:00,PAYROLL
EVT00104067,2025-05-02,EMP03246,CC0037,IT,3,Step Increment,117508.24,CAD,CA,2025-05-02 12:00:00,PAYROLL
EVT00104018,2025-05-20,EMP01338,CC0004,IT,1,Step Increment,79137.16,CAD,CAN,2025-05-20 20:00:00,CORE_HR
EVT00104490,2025-05-04,EMP01546,CC0048,EC,1,Step Increment,84032.67,CAD,CAN,2025-05-05 14:00:00,CORE_HR
EVT00105274,2025-05-07,EMP02190,CC0080,PA,4,Hire,82261.51,EUR,DEU,2025-05-07 12:00:00,CORE_HR
EVT00105522,2025-05-24,EMP04403,CC0053,EC,1,Departure,,CAD,CA,2025-05-25 13:00:00,PAYROLL
EVT00105491,2025-05-04,EMP03859,CC0032,FI,3,Leave Start,,CAD,CAN,2025-05-04 13:00:00,CORE_HR
EVT00105080,2025-05-13,EMP02809,CC0027,AS,2,Hire,67774.78,CAD,CAN,2025-05-13 16:00:00,CORE_HR
EVT00104024,2025-05-07,EMP00794,CC0031,IT,3,Lateral Deployment,,AED,ARE,2025-05-07 18:00:00,CORE_HR
EVT00104130,2025-05-24,EMP00723,CC0031,AS,2,Step Increment,51177.12,USD,USA,2025-05-24 14:00:00,CORE_HR
EVT00103899,2025-05-24,EMP03960,CC0057,PA,5,Leave Start,,CAD,CAN,2025-05-24 23:00:00,CORE_HR
EVT00104327,2025-05-25,EMP05093,CC0098,IT,3,Step Increment,146002.6,CAD,CAN,2025-05-26 13:00:00,CORE_HR
EVT00105243,2025-05-08,EMP04493,CC0089,FI,1,Step Increment,90392.48,CAD,CAN,2025-05-09 03:00:00,CORE_HR
EVT00105357,2025-05-11,EMP00421,CC0103,EN,2,Step Increment,107891.77,CAD,CAN,2025-05-11 08:00:00,CORE_HR
EVT00103638,2025-05-26,EMP01072,CC0066,EX,1,Step Increment,153712.44,CAD,CAN,2025-05-26 07:00:00,CORE_HR
EVT00104950,2025-05-01,EMP00440,CC0097,EX,2,Lateral Deployment,,CAD,CAN,2025-05-01 21:00:00,CORE_HR
EVT00104805,2025-05-15,EMP00074,CC0030,IT,2,Leave Return,,EUR,FRA,2025-05-15 19:00:00,CORE_HR
EVT00105204,2025-05-26,EMP01360,CC0049,AS,5,Leave Return,,EUR,DE,2025-05-26 20:00:00,PAYROLL
EVT00104241,2025-05-02,EMP00482,CC0111,PA,1,Step Increment,225525.57,BRL,BR,2025-05-02 23:00:00,PAYROLL
EVT00104653,2025-05-17,EMP00845,CC0052,PA,2,Step Increment,88384.34,CAD,CA,2025-05-18 07:00:00,PAYROLL
EVT00105448,2025-05-01,EMP03059,CC0039,CR,2,Leave Start,,CAD,CA,2025-05-02 10:00:00,PAYROLL
EVT00104854,2025-05-06,EMP02829,CC0028,PA,5,Leave Start,,CAD,CAN,2025-05-06 14:00:00,CORE_HR
EVT00105478,2025-05-05,EMP04128,CC0051,IT,2,Step Increment,94858.96,CAD,CA,2025-05-05 10:00:00,PAYROLL
EVT00103849,2025-05-11,EMP04338,CC0019,EX,1,Departure,,CAD,CAN,2025-05-11 15:00:00,CORE_HR
EVT00104885,2025-05-09,EMP01913,CC0118,FI,3,Leave Return,,CAD,CA,2025-05-10 05:00:00,PAYROLL
EVT00104684,2025-05-03,EMP00217,CC0087,IT,2,Leave Start,,CAD,CAN,2025-05-03 19:00:00,CORE_HR
EVT00104740,2025-05-15,EMP04324,CC0083,PA,4,Step Increment,98840.98,CAD,CA,2025-05-15 17:00:00,PAYROLL
EVT00105480,2025-05-01,EMP00539,CC0051,CR,1,Step Increment,61513.4,CAD,CAN,2025-05-02 14:00:00,CORE_HR
EVT00104589,2025-05-21,EMP03669,CC0014,EN,2,Step Increment,84705.56,CAD,CAN,2025-05-21 10:00:00,CORE_HR
EVT00105170,2025-05-23,EMP04924,CC0105,EN,1,Leave Return,,USD,US,2025-05-24 09:00:00,PAYROLL
EVT00103986,2025-05-07,EMP01409,CC0114,EC,1,Hire,83872.76,CAD,CAN,2025-05-07 09:00:00,CORE_HR
EVT00105263,2025-05-24,EMP04851,CC0082,EX,2,Performance Pay,7553.22,CAD,CAN,2025-05-25 11:00:00,CORE_HR
EVT00105502,2025-05-21,EMP01474,CC0066,PA,3,Performance Pay,6694.15,CAD,CAN,2025-05-22 12:00:00,CORE_HR
EVT00104560,2025-05-25,EMP01358,CC0110,IT,4,Leave Start,,CAD,CA,2025-05-25 08:00:00,PAYROLL
EVT00105249,2025-05-23,EMP04460,CC0083,FI,4,Leave Return,,CAD,CAN,2025-05-24 13:00:00,CORE_HR
EVT00105373,2025-05-13,EMP00843,CC0090,AS,3,Leave Return,,CAD,CAN,2025-05-14 15:00:00,CORE_HR
EVT00103657,2025-05-04,EMP00944,CC0028,EN,1,Step Increment,85310.99,CAD,CAN,2025-05-04 18:00:00,CORE_HR
EVT00104689,2025-05-24,EMP03048,CC0053,CR,3,Performance Pay,6007.92,CAD,CAN,2025-05-24 07:00:00,CORE_HR
EVT00105164,2025-05-17,EMP00337,CC0008,PA,5,Step Increment,113150.39,CAD,CA,2025-05-17 12:00:00,PAYROLL
EVT00104322,2025-05-21,EMP03892,CC0116,PA,1,Leave Start,,CAD,CAN,2025-05-22 05:00:00,CORE_HR
EVT00103822,2025-05-24,EMP04958,CC0094,IT,4,Departure,,CAD,CA,2025-05-24 22:00:00,PAYROLL
EVT00104565,2025-05-10,EMP04153,CC0007,EN,5,Performance Pay,9636.85,SGD,SG,2025-05-11 10:00:00,PAYROLL
EVT00104179,2025-05-18,EMP05167,CC0001,IT,4,Leave Start,,CAD,CA,2025-05-19 14:00:00,PAYROLL
EVT00104107,2025-05-23,EMP02099,CC0092,PA,2,Lateral Deployment,,CAD,CAN,2025-05-23 06:00:00,CORE_HR
EVT00105309,2025-05-12,EMP03558,CC0109,AS,3,Step Increment,76953.2,CAD,CA,2025-05-12 19:00:00,PAYROLL
EVT00104837,2025-05-25,EMP04689,CC0044,FI,4,Performance Pay,10920.62,CAD,CA,2025-05-25 18:00:00,PAYROLL
EVT00104687,2025-05-23,EMP01487,CC0075,CR,5,Step Increment,87970.87,CAD,CAN,2025-05-24 12:00:00,CORE_HR
EVT00105120,2025-05-02,EMP03443,CC0068,IT,1,Step Increment,84122.0,CAD,CAN,2025-05-03 03:00:00,CORE_HR
EVT00103799,2025-05-14,EMP04864,CC0102,AS,3,Performance Pay,9767.44,CAD,CAN,2025-05-15 14:00:00,CORE_HR
EVT00103924,2025-05-19,EMP03919,CC0083,PA,4,Step Increment,90358.51,CAD,CAN,2025-05-19 11:00:00,CORE_HR
EVT00104306,2025-05-20,EMP03329,CC0026,AS,2,Step Increment,59577.33,CAD,CAN,2025-05-20 07:00:00,CORE_HR
EVT00103808,2025-05-23,EMP04881,CC0018,CR,3,Hire,66036.28,CAD,CA,2025-05-26 15:00:00,PAYROLL
EVT00103722,2025-05-23,EMP01728,CC0099,CR,3,Step Increment,74639.88,CAD,CA,2025-05-23 14:00:00,PAYROLL
EVT00104258,2025-05-19,EMP01687,CC0012,EX,1,Leave Start,,CAD,CA,2025-05-19 13:00:00,PAYROLL
EVT00104746,2025-05-15,EMP00471,CC0011,IT,1,Performance Pay,11603.04,CAD,CAN,2025-05-15 16:00:00,CORE_HR
EVT00104029,2025-05-21,EMP01288,CC0019,EN,2,Step Increment,113982.07,CAD,CA,2025-05-22 06:00:00,PAYROLL
EVT00103734,2025-05-01,EMP00589,CC0033,PA,1,Step Increment,68405.45,CAD,CAN,2025-05-01 07:00:00,CORE_HR
EVT00105151,2025-05-14,EMP03421,CC0083,IT,1,Leave Start,,CAD,CA,2025-05-15 14:00:00,PAYROLL
EVT00104218,2025-05-04,EMP01883,CC0002,EC,2,Lateral Deployment,,CAD,CAN,2025-05-04 23:00:00,CORE_HR
EVT00105280,2025-05-12,EMP03499,CC0044,CR,2,Step Increment,58899.25,CAD,CAN,2025-05-13 12:00:00,CORE_HR
EVT00104471,2025-05-26,EMP01391,CC0073,EC,2,Step Increment,80432.83,CAD,CAN,2025-05-26 20:00:00,CORE_HR
EVT00105023,2025-05-20,EMP03697,CC0006,PA,2,Departure,,CAD,CAN,2025-05-20 06:00:00,CORE_HR
EVT00105531,2025-05-14,EMP04436,CC0080,EX,1,Step Increment,547704.13,BRL,BRA,2025-05-14 18:00:00,CORE_HR
EVT00104706,2025-05-24,EMP04047,CC0117,EC,3,Leave Return,,CAD,CAN,2025-05-24 07:00:00,CORE_HR
EVT00104868,2025-05-08,EMP03907,CC0011,EC,4,Lateral Deployment,,CAD,CAN,2025-05-09 11:00:00,CORE_HR
EVT00105203,2025-05-16,EMP00950,CC0074,AS,2,Hire,3243909.86,INR,IN,2025-05-16 15:00:00,PAYROLL
EVT00105101,2025-05-18,EMP00542,CC0117,EX,1,Promotion,167706.67,CAD,CAN,2025-05-19 07:00:00,CORE_HR
EVT00104487,2025-05-10,EMP02641,CC0089,AS,1,Performance Pay,3111.07,CAD,CA,2025-05-11 10:00:00,PAYROLL
EVT00103870,2025-05-09,EMP00864,CC0068,IT,2,Lateral Deployment,,CAD,CAN,2025-05-09 18:00:00,CORE_HR
EVT00105256,2025-05-13,EMP02813,CC0005,CR,3,Step Increment,82803.12,CAD,CA,2025-05-13 13:00:00,PAYROLL
EVT00104023,2025-05-26,EMP05053,CC0117,CR,1,Performance Pay,5158.39,CAD,CA,2025-05-27 12:00:00,PAYROLL
EVT00104261,2025-05-03,EMP02762,CC0032,EN,1,Performance Pay,6405.41,CAD,CA,2025-05-03 23:00:00,PAYROLL
EVT00104303,2025-05-20,EMP01569,CC0019,FI,3,Performance Pay,7990.34,CAD,CAN,2025-05-20 07:00:00,CORE_HR
EVT00104937,2025-05-05,EMP03583,CC0011,FI,3,Leave Start,,CAD,CA,2025-05-06 00:00:00,PAYROLL
EVT00105543,2025-05-27,EMP03789,CC0116,AS,2,Step Increment,76252.59,CAD,CAN,2025-05-28 14:00:00,CORE_HR
EVT00103920,2025-05-04,EMP02991,CC0083,PA,3,Step Increment,84467.22,CAD,CAN,2025-05-04 20:00:00,CORE_HR
EVT00104165,2025-05-10,EMP00166,CC0028,PA,1,Step Increment,70183.13,CAD,CAN,2025-05-10 15:00:00,CORE_HR
EVT00103774,2025-05-12,EMP02151,CC0070,AS,2,Hire,71292.84,CAD,CA,2025-05-12 15:00:00,PAYROLL
EVT00103725,2025-05-04,EMP03452,CC0089,CR,4,Leave Return,,CAD,CAN,2025-05-05 02:00:00,CORE_HR
EVT00104948,2025-05-24,EMP03033,CC0057,IT,5,Step Increment,146926.87,CAD,CAN,2025-05-24 09:00:00,CORE_HR
EVT00105134,2025-05-05,EMP03387,CC0117,EC,2,Step Increment,93263.07,CAD,CA,2025-05-06 00:00:00,PAYROLL
EVT00104690,2025-05-04,EMP01441,CC0071,IT,3,Step Increment,113861.07,CAD,CAN,2025-05-04 08:00:00,CORE_HR
EVT00103880,2025-05-01,EMP02165,CC0039,FI,2,Leave Return,,CAD,CAN,2025-05-01 16:00:00,CORE_HR
EVT00103618,2025-05-22,EMP01811,CC0089,IT,2,Leave Return,,CAD,CAN,2025-05-23 12:00:00,CORE_HR
EVT00105342,2025-05-05,EMP03798,CC0077,CR,2,Performance Pay,7346.7,CAD,CA,2025-05-06 12:00:00,PAYROLL
EVT00103700,2025-05-26,EMP03495,CC0082,EN,3,Departure,,CAD,CAN,2025-05-27 02:00:00,CORE_HR
EVT00105516,2025-05-23,EMP04005,CC0119,FI,3,Performance Pay,6667.15,CAD,CA,2025-05-23 19:00:00,PAYROLL
EVT00104142,2025-05-02,EMP00500,CC0042,PA,1,Leave Return,,CAD,CA,2025-05-03 01:00:00,PAYROLL
EVT00103936,2025-05-09,EMP01288,CC0019,EN,2,Lateral Deployment,,CAD,CAN,2025-05-09 23:00:00,CORE_HR
EVT00104883,2025-05-17,EMP02987,CC0109,AS,3,Promotion,82456.81,CAD,CAN,2025-05-18 12:00:00,CORE_HR
EVT00105481,2025-05-11,EMP03311,CC0118,EX,1,Performance Pay,12132.55,CAD,CAN,2025-05-11 22:00:00,CORE_HR
EVT00103643,2025-05-18,EMP03042,CC0097,AS,4,Promotion,92901.68,CAD,CA,2025-05-19 02:00:00,PAYROLL
EVT00104061,2025-05-19,EMP01383,CC0114,CR,2,Hire,53283.63,CAD,CA,2025-05-19 14:00:00,PAYROLL
EVT00104369,2025-05-26,EMP04888,CC0040,EN,2,Performance Pay,11702.9,CAD,CAN,2025-05-27 13:00:00,CORE_HR
EVT00104035,2025-05-08,EMP03216,CC0110,AS,3,Lateral Deployment,,CAD,CAN,2025-05-09 15:00:00,CORE_HR
EVT00103980,2025-05-08,EMP00918,CC0060,PA,3,Step Increment,86105.26,CAD,CA,2025-05-08 15:00:00,PAYROLL
EVT00104211,2025-05-10,EMP02841,CC0075,PA,3,Leave Start,,CAD,CA,2025-05-11 04:00:00,PAYROLL
EVT00105220,2025-05-09,EMP02237,CC0074,PA,3,Step Increment,235908.51,AED,AE,2025-05-09 20:00:00,PAYROLL
EVT00104847,2025-05-17,EMP01980,CC0003,EN,3,Leave Return,,CAD,CA,2025-05-18 06:00:00,PAYROLL
EVT00104466,2025-05-18,EMP02815,CC0067,FI,2,Lateral Deployment,,CAD,CAN,2025-05-18 07:00:00,CORE_HR
EVT00105271,2025-05-20,EMP02947,CC0010,IT,1,Promotion,81765.06,CAD,CAN,2025-05-21 10:00:00,CORE_HR
EVT00103701,2025-05-07,EMP01015,CC0027,CR,2,Lateral Deployment,,CAD,CAN,2025-05-07 22:00:00,CORE_HR
EVT00105548,2025-05-07,EMP02810,CC0062,CR,3,Lateral Deployment,,CAD,CA,2025-05-09 07:00:00,PAYROLL
EVT00104739,2025-05-08,EMP00107,CC0031,AS,3,Leave Return,,KES,KEN,2025-05-09 09:00:00,CORE_HR
EVT00104384,2025-05-20,EMP01863,CC0021,EN,5,Performance Pay,19056.77,CAD,CA,2025-05-21 07:00:00,PAYROLL
EVT00104153,2025-05-22,EMP04893,CC0014,EX,1,Promotion,138802.14,CAD,CAN,2025-05-22 07:00:00,CORE_HR
EVT00103707,2025-05-07,EMP02320,CC0010,PA,1,Leave Return,,CAD,CAN,2025-05-07 21:00:00,CORE_HR
EVT00104243,2025-05-09,EMP04228,CC0005,EN,4,Step Increment,140244.6,CAD,CAN,2025-05-09 16:00:00,CORE_HR
EVT00104536,2025-05-24,EMP02962,CC0017,EN,2,Leave Start,,CAD,CA,2025-05-25 15:00:00,PAYROLL
EVT00105387,2025-05-18,EMP00639,CC0065,FI,1,Step Increment,237159.36,AED,AE,2025-05-18 09:00:00,PAYROLL
EVT00103797,2025-05-23,EMP01848,CC0099,EN,1,Step Increment,82354.21,CAD,CAN,2025-05-24 15:00:00,CORE_HR
EVT00103658,2025-05-06,EMP04906,CC0099,EN,4,Performance Pay,7000.34,CAD,CAN,2025-05-06 11:00:00,CORE_HR
EVT00104761,2025-05-03,EMP01443,CC0039,EN,2,Leave Start,,CAD,CAN,2025-05-03 23:00:00,CORE_HR
EVT00105145,2025-05-22,EMP04104,CC0029,PA,2,Performance Pay,10648.47,AUD,AUS,2025-05-23 03:00:00,CORE_HR
EVT00103845,2025-05-15,EMP03690,CC0107,AS,2,Step Increment,63136.11,CAD,CAN,2025-05-15 19:00:00,CORE_HR
EVT00103962,2025-05-16,EMP04658,CC0074,IT,1,Leave Return,,JPY,JPN,2025-05-16 19:00:00,CORE_HR
EVT00105319,2025-05-05,EMP00517,CC0064,IT,2,Departure,,CAD,CA,2025-05-05 10:00:00,PAYROLL
EVT00104776,2025-05-13,EMP00208,CC0099,PA,5,Performance Pay,7412.03,CAD,CA,2025-05-14 14:00:00,PAYROLL
EVT00105521,2025-05-17,EMP01614,CC0107,EC,4,Leave Start,,CAD,CAN,2025-05-17 13:00:00,CORE_HR
EVT00105209,2025-05-13,EMP01679,CC0111,PA,2,Performance Pay,633983.35,INR,IN,2025-05-13 20:00:00,PAYROLL
EVT00104170,2025-05-12,EMP00222,CC0119,PA,4,Step Increment,100512.17,CAD,CAN,2025-05-12 21:00:00,CORE_HR
EVT00104484,2025-05-03,EMP00995,CC0076,IT,2,Step Increment,108287.26,CAD,CAN,2025-05-03 20:00:00,CORE_HR
EVT00103642,2025-05-06,EMP04695,CC0064,EC,3,Step Increment,108129.79,CAD,CAN,2025-05-06 08:00:00,CORE_HR
EVT00103681,2025-05-12,EMP00020,CC0067,FI,5,Lateral Deployment,,CAD,CAN,2025-05-12 17:00:00,CORE_HR
EVT00104777,2025-05-09,EMP01147,CC0051,EX,1,Step Increment,158841.56,CAD,CAN,2025-05-09 23:00:00,CORE_HR
EVT00103930,2025-05-05,EMP01877,CC0013,PA,5,Promotion,102142.57,CAD,CAN,2025-05-05 10:00:00,CORE_HR
EVT00104678,2025-05-08,EMP04892,CC0018,EC,4,Lateral Deployment,,CAD,CA,2025-05-08 18:00:00,PAYROLL
EVT00103611,2025-05-16,EMP04596,CC0057,FI,3,Performance Pay,14394.67,CAD,CA,2025-05-16 21:00:00,PAYROLL
EVT00105284,2025-05-07,EMP00480,CC0099,EC,1,Performance Pay,4721.28,CAD,CA,2025-05-07 10:00:00,PAYROLL
EVT00103846,2025-05-19,EMP02873,CC0003,PA,1,Departure,,CAD,CAN,2025-05-20 09:00:00,CORE_HR
EVT00103593,2025-05-03,EMP02564,CC0094,IT,1,Hire,73063.52,CAD,CAN,2025-05-03 19:00:00,CORE_HR
EVT00105426,2025-05-27,EMP00285,CC0046,EN,3,Performance Pay,12482.38,EUR,FR,2025-05-27 10:00:00,PAYROLL
EVT00104585,2025-05-13,EMP00575,CC0025,AS,3,Lateral Deployment,,CAD,CAN,2025-05-13 16:00:00,CORE_HR
EVT00103834,2025-05-18,EMP00168,CC0068,EN,2,Promotion,103662.91,CAD,CAN,2025-05-18 19:00:00,CORE_HR
EVT00104414,2025-05-06,EMP05078,CC0072,EX,1,Promotion,131752.35,CAD,CA,2025-05-06 16:00:00,PAYROLL
EVT00104716,2025-05-16,EMP02705,CC0094,EN,5,Leave Start,,CAD,CA,2025-05-17 11:00:00,PAYROLL
EVT00104579,2025-05-14,EMP03547,CC0116,EC,2,Leave Start,,CAD,CA,2025-05-14 18:00:00,PAYROLL
EVT00105115,2025-05-15,EMP03111,CC0103,EN,4,Departure,,CAD,CAN,2025-05-15 16:00:00,CORE_HR
EVT00103926,2025-05-23,EMP00951,CC0108,PA,3,Performance Pay,3923.07,USD,US,2025-05-23 17:00:00,PAYROLL
EVT00104063,2025-05-05,EMP04686,CC0089,EC,5,Step Increment,138008.68,CAD,CA,2025-05-06 07:00:00,PAYROLL
EVT00103811,2025-05-20,EMP04793,CC0001,AS,3,Leave Return,,CAD,CA,2025-05-21 00:00:00,PAYROLL
EVT00103912,2025-05-20,EMP03286,CC0025,IT,5,Lateral Deployment,,CAD,CAN,2025-05-20 11:00:00,CORE_HR
EVT00104656,2025-05-21,EMP03371,CC0022,AS,2,Promotion,67611.3,CAD,CAN,2025-05-21 08:00:00,CORE_HR
EVT00103651,2025-05-25,EMP00152,CC0057,FI,4,Step Increment,118513.31,CAD,CAN,2025-05-26 08:00:00,CORE_HR
EVT00105518,2025-05-06,EMP04170,CC0053,PA,1,Leave Start,,CAD,CAN,2025-05-07 14:00:00,CORE_HR
EVT00104156,2025-05-05,EMP01111,CC0006,CR,2,Performance Pay,4685.13,CAD,CA,2025-05-06 06:00:00,PAYROLL
EVT00104173,2025-05-10,EMP03647,CC0060,PA,4,Leave Start,,CAD,CAN,2025-05-11 05:00:00,CORE_HR
EVT00105458,2025-05-12,EMP01667,CC0025,IT,3,Departure,,CAD,CAN,2025-05-12 17:00:00,CORE_HR
EVT00104451,2025-05-13,EMP01550,CC0034,PA,1,Leave Return,,CAD,CAN,2025-05-14 05:00:00,CORE_HR
EVT00104970,2025-05-27,EMP00162,CC0110,IT,5,Hire,150550.33,CAD,CAN,2025-05-27 15:00:00,CORE_HR
EVT00104172,2025-05-14,EMP00907,CC0077,EN,2,Leave Return,,CAD,CAN,2025-05-14 09:00:00,CORE_HR
EVT00103640,2025-05-15,EMP04991,CC0074,EC,5,Step Increment,101620.53,EUR,DEU,2025-05-15 10:00:00,CORE_HR
EVT00104089,2025-05-13,EMP01844,CC0057,AS,2,Performance Pay,9698.53,CAD,CAN,2025-05-13 08:00:00,CORE_HR
EVT00103693,2025-05-12,EMP04702,CC0067,PA,1,Leave Return,,CAD,CAN,2025-05-12 09:00:00,CORE_HR
EVT00104833,2025-05-19,EMP00857,CC0111,IT,1,Promotion,65291.99,EUR,FR,2025-05-20 07:00:00,PAYROLL
EVT00104367,2025-05-04,EMP04387,CC0033,PA,5,Promotion,100007.89,CAD,CAN,2025-05-05 14:00:00,CORE_HR
EVT00104957,2025-05-08,EMP04571,CC0063,PA,1,Step Increment,73144.0,CAD,CA,2025-05-09 10:00:00,PAYROLL
EVT00104200,2025-05-11,EMP04804,CC0013,EX,2,Lateral Deployment,,CAD,CAN,2025-05-11 17:00:00,CORE_HR
EVT00103708,2025-05-07,EMP03153,CC0106,EN,2,Lateral Deployment,,CAD,CAN,2025-05-07 07:00:00,CORE_HR
EVT00104965,2025-05-09,EMP03846,CC0031,AS,1,Hire,51680.74,EUR,DEU,2025-05-09 08:00:00,CORE_HR
EVT00105525,2025-05-01,EMP03637,CC0065,EN,5,Leave Start,,INR,IN,2025-05-01 06:00:00,PAYROLL
EVT00103571,2025-05-09,EMP00976,CC0010,FI,3,Step Increment,100673.75,CAD,CA,2025-05-10 00:00:00,PAYROLL
EVT00103745,2025-05-17,EMP04769,CC0060,AS,1,Lateral Deployment,,CAD,CAN,2025-05-17 17:00:00,CORE_HR
EVT00104572,2025-05-17,EMP01714,CC0063,PA,3,Step Increment,82932.63,CAD,CA,2025-05-18 09:00:00,PAYROLL
EVT00103604,2025-05-18,EMP03605,CC0001,AS,2,Performance Pay,8819.44,CAD,CAN,2025-05-18 09:00:00,CORE_HR
EVT00105445,2025-05-06,EMP01264,CC0010,IT,2,Promotion,98832.03,CAD,CA,2025-05-07 04:00:00,PAYROLL
EVT00105018,2025-05-13,EMP03176,CC0086,FI,1,Step Increment,6120248.68,INR,IN,2025-05-13 09:00:00,PAYROLL
EVT00104423,2025-05-01,EMP01521,CC0007,IT,1,Lateral Deployment,,KES,KE,2025-05-02 14:00:00,PAYROLL
EVT00105100,2025-05-19,EMP04489,CC0064,IT,2,Performance Pay,9846.81,CAD,CA,2025-05-19 13:00:00,PAYROLL
EVT00105272,2025-05-21,EMP00909,CC0076,CR,2,Step Increment,62198.86,CAD,CA,2025-05-21 16:00:00,PAYROLL
EVT00105419,2025-05-17,EMP02541,CC0114,EN,2,Leave Start,,CAD,CA,2025-05-17 21:00:00,PAYROLL
EVT00103624,2025-05-08,EMP02785,CC0082,PA,5,Step Increment,108543.27,CAD,CAN,2025-05-08 10:00:00,CORE_HR
EVT00105349,2025-05-19,EMP03422,CC0046,PA,1,Step Increment,5619299.3,JPY,JP,2025-05-19 06:00:00,PAYROLL
EVT00104308,2025-05-19,EMP02681,CC0079,FI,2,Departure,,CAD,CA,2025-05-20 00:00:00,PAYROLL
EVT00104249,2025-05-06,EMP04140,CC0079,PA,3,Leave Return,,CAD,CA,2025-05-07 09:00:00,PAYROLL
EVT00105239,2025-05-05,EMP00447,CC0047,PA,3,Step Increment,92958.04,CAD,CA,2025-05-06 09:00:00,PAYROLL
EVT00105022,2025-05-04,EMP03318,CC0084,PA,3,Leave Return,,CAD,CA,2025-05-05 08:00:00,PAYROLL
EVT00104719,2025-05-15,EMP05084,CC0016,EX,2,Promotion,164637.79,CAD,CAN,2025-05-16 01:00:00,CORE_HR
EVT00104859,2025-05-12,EMP01982,CC0119,CR,1,Performance Pay,3959.01,CAD,CA,2025-05-13 11:00:00,PAYROLL
EVT00103922,2025-05-13,EMP01732,CC0072,EC,3,Performance Pay,9785.35,CAD,CA,2025-05-14 09:00:00,PAYROLL
EVT00105157,2025-05-11,EMP03923,CC0118,PA,4,Leave Return,,CAD,CA,2025-05-11 09:00:00,PAYROLL
EVT00104613,2025-05-07,EMP03593,CC0050,EX,1,Leave Start,,CAD,CAN,2025-05-07 07:00:00,CORE_HR
EVT00105486,2025-05-18,EMP05114,CC0107,PA,2,Promotion,77691.1,CAD,CAN,2025-05-19 08:00:00,CORE_HR
EVT00104770,2025-05-06,EMP03573,CC0029,IT,1,Step Increment,1000057.51,MXN,MEX,2025-05-06 09:00:00,CORE_HR
EVT00104784,2025-05-05,EMP02589,CC0093,AS,3,Performance Pay,9142.15,CAD,CA,2025-05-06 11:00:00,PAYROLL
EVT00105464,2025-05-16,EMP01505,CC0091,EC,2,Leave Start,,CAD,CAN,2025-05-16 19:00:00,CORE_HR
EVT00104008,2025-05-05,EMP02533,CC0051,EC,2,Lateral Deployment,,CAD,CAN,2025-05-06 11:00:00,CORE_HR
EVT00104115,2025-05-25,EMP02709,CC0068,CR,3,Promotion,81571.49,CAD,CAN,2025-05-25 13:00:00,CORE_HR
EVT00104714,2025-05-14,EMP02913,CC0056,FI,1,Performance Pay,7341.8,CAD,CA,2025-05-14 17:00:00,PAYROLL
EVT00103841,2025-05-18,EMP02200,CC0029,EN,2,Performance Pay,13584.16,AUD,AU,2025-05-19 15:00:00,PAYROLL
EVT00103917,2025-05-04,EMP02860,CC0051,AS,2,Hire,74611.38,CAD,CAN,2025-05-05 02:00:00,CORE_HR
EVT00104054,2025-05-03,EMP03141,CC0039,PA,3,Step Increment,63243.46,CAD,CA,2025-05-04 05:00:00,PAYROLL
EVT00105105,2025-05-01,EMP03034,CC0085,FI,1,Lateral Deployment,,CAD,CAN,2025-05-01 12:00:00,CORE_HR
EVT00103888,2025-05-27,EMP03792,CC0037,EC,4,Lateral Deployment,,CAD,CA,2025-05-27 15:00:00,PAYROLL
EVT00105359,2025-05-04,EMP02162,CC0101,EC,5,Performance Pay,5524.19,CAD,CA,2025-05-05 07:00:00,PAYROLL
EVT00103851,2025-05-17,EMP01598,CC0104,EX,1,Promotion,146609.69,CAD,CA,2025-05-18 06:00:00,PAYROLL
EVT00103620,2025-05-04,EMP02282,CC0035,EN,3,Leave Start,,CAD,CA,2025-05-05 15:00:00,PAYROLL
EVT00104237,2025-05-15,EMP02081,CC0009,EC,3,Step Increment,80338.95,EUR,FRA,2025-05-15 12:00:00,CORE_HR
EVT00103561,2025-05-10,EMP02274,CC0069,EN,5,Leave Start,,CAD,CA,2025-05-11 08:00:00,PAYROLL
EVT00103904,2025-05-02,EMP00791,CC0095,IT,2,Departure,,CAD,CA,2025-05-03 11:00:00,PAYROLL
EVT00104989,2025-05-03,EMP03207,CC0116,CR,2,Performance Pay,3669.15,CAD,CAN,2025-05-03 15:00:00,CORE_HR
EVT00103605,2025-05-06,EMP02966,CC0053,AS,1,Leave Return,,CAD,CA,2025-05-07 15:00:00,PAYROLL
EVT00104038,2025-05-21,EMP01066,CC0112,FI,2,Step Increment,87195.31,CAD,CA,2025-05-22 08:00:00,PAYROLL
EVT00104520,2025-05-01,EMP00247,CC0087,FI,3,Leave Return,,CAD,CA,2025-05-02 07:00:00,PAYROLL
EVT00103802,2025-05-20,EMP03114,CC0056,PA,3,Promotion,91510.8,CAD,CA,2025-05-21 13:00:00,PAYROLL
EVT00104021,2025-05-22,EMP04953,CC0070,PA,1,Step Increment,71941.94,CAD,CA,2025-05-22 08:00:00,PAYROLL
EVT00105179,2025-05-01,EMP03042,CC0097,AS,4,Step Increment,80080.11,CAD,CA,2025-05-02 00:00:00,PAYROLL
EVT00105253,2025-05-17,EMP02431,CC0040,PA,1,Step Increment,61456.44,CAD,CA,2025-05-17 15:00:00,PAYROLL
EVT00104096,2025-05-10,EMP01557,CC0107,IT,2,Step Increment,110851.66,CAD,CA,2025-05-11 08:00:00,PAYROLL
EVT00104159,2025-05-19,EMP03266,CC0069,EN,1,Step Increment,96116.88,CAD,CAN,2025-05-20 14:00:00,CORE_HR
EVT00104829,2025-05-10,EMP03417,CC0094,AS,4,Lateral Deployment,,CAD,CA,2025-05-11 11:00:00,PAYROLL
EVT00104680,2025-05-25,EMP02360,CC0025,EN,2,Step Increment,97109.21,CAD,CAN,2025-05-26 10:00:00,CORE_HR
EVT00104913,2025-05-24,EMP03970,CC0098,PA,4,Leave Return,,CAD,CA,2025-05-24 20:00:00,PAYROLL
EVT00104234,2025-05-13,EMP01461,CC0092,FI,3,Leave Return,,CAD,CAN,2025-05-13 18:00:00,CORE_HR
EVT00104204,2025-05-24,EMP05056,CC0059,EN,1,Step Increment,91500.43,CAD,CAN,2025-05-24 06:00:00,CORE_HR
EVT00104326,2025-05-17,EMP01899,CC0012,AS,4,Step Increment,78511.76,CAD,CA,2025-05-17 18:00:00,PAYROLL
EVT00104415,2025-05-16,EMP00794,CC0031,IT,3,Step Increment,67876.98,GBP,GBR,2025-05-17 02:00:00,CORE_HR
EVT00104473,2025-05-03,EMP03357,CC0013,IT,3,Leave Start,,CAD,CA,2025-05-03 17:00:00,PAYROLL
EVT00104319,2025-05-05,EMP03960,CC0057,PA,5,Performance Pay,12454.63,CAD,CAN,2025-05-06 09:00:00,CORE_HR
EVT00103984,2025-05-01,EMP03937,CC0048,PA,3,Leave Return,,CAD,CAN,2025-05-02 15:00:00,CORE_HR
EVT00105562,2025-05-24,EMP00997,CC0061,EX,1,Leave Return,,CAD,CAN,2025-05-24 09:00:00,CORE_HR
EVT00103576,1900-01-01,EMP01232,CC0068,PA,2,Leave Return,,CAD,CAN,2025-05-16 01:00:00,CORE_HR
EVT00103827,2025-05-04,EMP02748,CC0034,EC,3,Lateral Deployment,,CAD,CA,2025-05-06 19:00:00,PAYROLL
EVT00105471,2025-05-23,EMP04052,CC0025,IT,2,Step Increment,102971.4,CAD,CAN,2025-05-24 17:00:00,CORE_HR
EVT00105137,2025-05-09,EMP00666,CC0118,PA,3,Step Increment,82445.07,CAD,CA,2025-05-09 07:00:00,PAYROLL
EVT00104113,2025-05-05,EMP03373,CC0044,IT,2,Step Increment,105387.24,CAD,CA,2025-05-05 13:00:00,PAYROLL
EVT00105401,2025-05-23,EMP04369,CC0020,IT,1,Departure,,CAD,CAN,2025-05-23 17:00:00,CORE_HR
EVT00104748,2025-05-12,EMP01099,CC0104,EC,3,Departure,,CAD,CAN,2025-05-12 08:00:00,CORE_HR
EVT00103965,2025-05-01,EMP00898,CC0007,PA,2,Leave Return,,KES,KE,2025-05-01 08:00:00,PAYROLL
EVT00105343,2025-05-06,EMP00279,CC0116,EN,3,Lateral Deployment,,CAD,CAN,2025-05-06 16:00:00,CORE_HR
EVT00104025,2025-05-25,EMP02152,CC0117,PA,2,Departure,,CAD,CA,2025-05-26 07:00:00,PAYROLL
EVT00104371,2025-05-06,EMP04386,CC0054,EC,1,Step Increment,141780.88,AUD,AU,2025-05-07 02:00:00,PAYROLL
EVT00104502,2025-05-22,EMP04870,CC0044,PA,4,Leave Return,,CAD,CAN,2025-05-22 20:00:00,CORE_HR
EVT00104386,2025-05-13,EMP01870,CC0017,FI,5,Lateral Deployment,,CAD,CAN,2025-05-13 14:00:00,CORE_HR
EVT00105060,2025-05-20,EMP02922,CC0062,AS,3,Step Increment,72338.69,CAD,CA,2025-05-20 14:00:00,PAYROLL
EVT00104273,2025-05-16,EMP04011,CC0119,CR,4,Leave Start,,CAD,CAN,2025-05-16 20:00:00,CORE_HR
EVT00105499,2025-05-04,EMP04899,CC0086,PA,2,Step Increment,52179.52,SGD,SGP,2025-05-04 17:00:00,CORE_HR
EVT00105242,2025-05-04,EMP01275,CC0075,EN,4,Lateral Deployment,,CAD,CAN,2025-05-05 06:00:00,CORE_HR
EVT00104872,2025-05-18,EMP02295,CC0046,IT,1,Performance Pay,461051.65,INR,IN,2025-05-19 09:00:00,PAYROLL
EVT00104949,2025-05-18,EMP01841,CC0037,FI,1,Leave Start,,CAD,CAN,2025-05-19 03:00:00,CORE_HR
EVT00104895,2025-05-25,EMP01222,CC0071,IT,1,Lateral Deployment,,CAD,CAN,2025-05-25 18:00:00,CORE_HR
EVT00105236,2025-05-07,EMP04475,CC0117,PA,4,Lateral Deployment,,CAD,CA,2025-05-08 00:00:00,PAYROLL
EVT00105546,2025-05-20,EMP03184,CC0070,IT,2,Performance Pay,8489.98,CAD,CA,2025-05-20 13:00:00,PAYROLL
EVT00104034,2025-05-07,EMP03387,CC0117,EC,2,Step Increment,96935.32,CAD,CAN,2025-05-07 18:00:00,CORE_HR
EVT00105005,2025-05-25,EMP00099,CC0014,AS,2,Performance Pay,2963.77,CAD,CA,2025-05-25 14:00:00,PAYROLL
EVT00103976,2025-05-07,EMP00885,CC0040,EC,4,Promotion,133209.15,CAD,CA,2025-05-08 14:00:00,PAYROLL
EVT00105223,2025-05-04,EMP00972,CC0044,EN,1,Leave Start,,CAD,CA,2025-05-04 12:00:00,PAYROLL
EVT00103943,2025-05-08,EMP01648,CC0029,EC,1,Performance Pay,10107.84,AUD,AUS,2025-05-09 08:00:00,CORE_HR
EVT00104620,2025-05-17,EMP99999,CC0116,IT,2,Promotion,112102.57,CAD,CAN,2025-05-17 14:00:00,CORE_HR
EVT00104464,2025-05-06,EMP00239,CC0097,PA,2,Promotion,75686.91,CAD,CAN,2025-05-06 09:00:00,CORE_HR
EVT00105439,2025-05-20,EMP03761,CC0041,AS,5,Performance Pay,6696.13,CAD,CA,2025-05-20 07:00:00,PAYROLL
EVT00104685,2025-05-16,EMP03188,CC0039,PA,2,Lateral Deployment,,CAD,CAN,2025-05-16 13:00:00,CORE_HR
EVT00105380,2025-05-06,EMP01166,CC0115,IT,3,Step Increment,117556.7,CAD,CAN,2025-05-07 15:00:00,CORE_HR
EVT00105526,2025-05-11,EMP01121,CC0070,CR,1,Performance Pay,7176.82,CAD,CAN,2025-05-12 14:00:00,CORE_HR
EVT00105250,2025-05-05,EMP00708,CC0010,AS,5,Lateral Deployment,,CAD,CA,2025-05-05 10:00:00,PAYROLL
EVT00104417,2025-05-19,EMP03520,CC0104,CR,3,Performance Pay,5288.91,CAD,CAN,2025-05-20 02:00:00,CORE_HR
EVT00104444,2025-05-22,EMP00809,CC0062,EX,1,Step Increment,137960.28,CAD,CAN,2025-05-23 15:00:00,CORE_HR
EVT00104140,2025-05-02,EMP04141,CC0006,PA,3,Leave Return,,CAD,CAN,2025-05-02 16:00:00,CORE_HR
EVT00105474,2025-05-22,EMP04475,CC0117,PA,4,Lateral Deployment,,CAD,CAN,2025-05-22 19:00:00,CORE_HR
EVT00104313,2025-05-25,EMP00915,CC0114,EC,1,Step Increment,72842.61,CAD,CA,2025-05-25 16:00:00,PAYROLL
EVT00105124,2025-05-20,EMP02270,CC0067,CR,3,Leave Start,,CAD,CA,2025-05-20 09:00:00,PAYROLL
EVT00105265,2025-05-10,EMP01098,CC0111,PA,3,Departure,,EUR,FRA,2025-05-10 15:00:00,CORE_HR
EVT00103645,2025-05-26,EMP01063,CC0092,EC,3,Step Increment,106172.11,CAD,CAN,2025-05-27 02:00:00,CORE_HR
EVT00103864,2025-05-13,EMP02669,CC0047,EX,3,Step Increment,185489.1,CAD,CA,2025-05-13 12:00:00,PAYROLL
EVT00104281,2025-05-08,EMP02369,CC0098,EN,5,Step Increment,123671.91,CAD,CAN,2025-05-09 10:00:00,CORE_HR
EVT00104251,2025-05-06,EMP03572,CC0081,FI,1,Leave Return,,CAD,CAN,2025-05-07 09:00:00,CORE_HR
EVT00104615,2025-05-07,EMP02727,CC0104,PA,2,Promotion,73597.48,CAD,CA,2025-05-07 21:00:00,PAYROLL
EVT00103762,2025-05-11,EMP00005,CC0006,IT,4,Step Increment,137987.36,CAD,CA,2025-05-11 19:00:00,PAYROLL
EVT00104531,2025-05-17,EMP02251,CC0101,EC,3,Leave Return,,CAD,CA,2025-05-18 15:00:00,PAYROLL
EVT00105093,2025-05-11,EMP01595,CC0084,CR,3,Step Increment,74289.69,CAD,CA,2025-05-12 05:00:00,PAYROLL
EVT00104336,2025-05-12,EMP03870,CC0049,AS,3,Hire,4616601.35,INR,IN,2025-05-13 13:00:00,PAYROLL
EVT00104496,2025-05-27,EMP03106,CC0111,FI,2,Lateral Deployment,,AED,ARE,2025-05-27 13:00:00,CORE_HR
EVT00103566,2025-05-17,EMP04239,CC0048,EC,2,Performance Pay,12999.99,CAD,CA,2025-05-18 12:00:00,PAYROLL
EVT00104158,2025-05-16,EMP03963,CC0024,PA,1,Step Increment,64910.39,CAD,CA,2025-05-16 21:00:00,PAYROLL
EVT00105313,2025-05-12,EMP02730,CC0073,IT,3,Step Increment,90763.06,CAD,CA,2025-05-12 16:00:00,PAYROLL
EVT00105350,2025-05-14,EMP04822,CC0007,PA,2,Step Increment,66119.92,EUR,FRA,2025-05-15 11:00:00,CORE_HR
EVT00104604,2025-05-15,EMP99999,CC0101,IT,2,Hire,100221.6,CAD,CAN,2025-05-16 04:00:00,CORE_HR
EVT00104821,2025-05-03,EMP02616,CC0076,EC,1,Step Increment,73873.4,CAD,CA,2025-05-03 13:00:00,PAYROLL
EVT00104394,2025-05-14,EMP00331,CC0066,PA,3,Step Increment,88890.65,CAD,CA,2025-05-15 14:00:00,PAYROLL
EVT00104898,2025-05-26,EMP03044,CC0031,EC,5,Performance Pay,29777.32,AED,ARE,2025-05-27 08:00:00,CORE_HR
EVT00104139,2025-05-25,EMP03686,CC0098,IT,3,Step Increment,101474.76,CAD,CA,2025-05-26 13:00:00,PAYROLL
EVT00104148,2025-05-25,EMP03270,CC0113,PA,1,Leave Return,,CAD,CA,2025-05-25 12:00:00,PAYROLL
EVT00104127,1900-01-01,EMP00736,CC0074,PA,2,Performance Pay,729905.22,JPY,JPN,2025-05-12 06:00:00,CORE_HR
EVT00104612,2025-05-05,EMP00580,CC0112,PA,5,Promotion,114247.93,CAD,CAN,2025-05-05 23:00:00,CORE_HR
EVT00105377,2025-05-02,EMP03023,CC0052,IT,3,Performance Pay,15315.63,CAD,CAN,2025-05-02 13:00:00,CORE_HR
EVT00105477,2025-05-04,EMP03906,CC0019,EN,2,Departure,,CAD,CA,2025-05-04 19:00:00,PAYROLL
EVT00104558,2025-05-21,EMP04023,CC0043,PA,2,Leave Return,,CAD,CAN,2025-05-22 09:00:00,CORE_HR
EVT00104508,2025-05-03,EMP04747,CC0018,PA,3,Promotion,91907.14,CAD,CAN,2025-05-03 20:00:00,CORE_HR
EVT00105154,2025-05-27,EMP05177,CC0087,CR,4,Departure,,CAD,CA,2025-05-27 21:00:00,PAYROLL
EVT00104198,2025-05-17,EMP02791,CC0101,EN,5,Hire,148792.46,CAD,CA,2025-05-17 16:00:00,PAYROLL
EVT00104693,2025-05-12,EMP00596,CC0097,EN,2,Step Increment,105928.87,CAD,CAN,2025-05-12 06:00:00,CORE_HR
EVT00105268,2025-05-03,EMP05045,CC0010,IT,1,Hire,95420.16,CAD,CA,2025-05-04 07:00:00,PAYROLL
EVT00105265,2025-05-10,EMP01098,CC0111,PA,3,Departure,,EUR,FRA,2025-05-12 20:00:00,CORE_HR
EVT00104966,2025-05-03,EMP05118,CC0018,PA,3,Promotion,64803.76,CAD,CAN,2025-05-03 10:00:00,CORE_HR
EVT00104972,2025-05-09,EMP02990,CC0022,PA,3,Performance Pay,11102.11,CAD,CAN,2025-05-09 22:00:00,CORE_HR
EVT00104310,2025-05-25,EMP00082,CC0061,FI,3,Performance Pay,10823.91,CAD,CAN,2025-05-25 20:00:00,CORE_HR
EVT00105002,2025-05-05,EMP04674,CC0071,PA,4,Leave Start,,CAD,CAN,2025-05-06 03:00:00,CORE_HR
EVT00104016,2025-05-07,EMP02025,CC0108,PA,1,Step Increment,6318007.83,JPY,JP,2025-05-07 19:00:00,PAYROLL
EVT00104324,2025-05-22,EMP01429,CC0080,EC,4,Step Increment,94207.02,USD,US,2025-05-22 19:00:00,PAYROLL
EVT00105468,2025-05-19,EMP05103,CC0063,CR,3,Step Increment,82119.46,CAD,CA,2025-05-19 21:00:00,PAYROLL
EVT00105019,2025-05-25,EMP01071,CC0005,IT,2,Leave Start,,CAD,CA,2025-05-26 14:00:00,PAYROLL
EVT00105450,2025-05-23,EMP01534,CC0044,EN,4,Hire,108142.98,CAD,CAN,2025-05-25 12:00:00,CORE_HR
EVT00105045,2025-05-21,EMP00511,CC0036,EC,3,Performance Pay,12009.23,CAD,CAN,2025-05-22 12:00:00,CORE_HR
EVT00104345,2025-05-22,EMP03873,CC0015,EN,1,Step Increment,70469.36,CAD,CA,2025-05-22 23:00:00,PAYROLL
EVT00104255,2025-05-27,EMP00111,CC0089,AS,4,Leave Start,,CAD,CAN,2025-05-27 22:00:00,CORE_HR
EVT00104914,2025-05-16,EMP01507,CC0049,IT,4,Departure,,SGD,SG,2025-05-17 08:00:00,PAYROLL
EVT00103660,2025-05-27,EMP00214,CC0057,EC,3,Step Increment,84550.58,CAD,CA,2025-05-28 09:00:00,PAYROLL
EVT00104916,2025-05-12,EMP01364,CC0080,CR,4,Step Increment,1119670.15,MXN,MEX,2025-05-13 10:00:00,CORE_HR
EVT00104332,2025-05-16,EMP04595,CC0094,IT,4,Step Increment,121945.97,CAD,CAN,2025-05-16 09:00:00,CORE_HR
EVT00105121,2025-05-24,EMP05013,CC0105,FI,3,Leave Start,,SGD,SG,2025-05-25 05:00:00,PAYROLL
EVT00104622,2025-05-20,EMP04170,CC0053,PA,1,Promotion,72138.69,CAD,CA,2025-05-20 06:00:00,PAYROLL
EVT00104489,2025-05-09,EMP01600,CC0057,PA,1,Hire,51567.44,CAD,CAN,2025-05-09 20:00:00,CORE_HR
EVT00103783,2025-05-08,EMP00972,CC0044,EN,1,Lateral Deployment,,CAD,CAN,2025-05-08 07:00:00,CORE_HR
EVT00104492,2025-05-16,EMP02246,CC0067,PA,2,Performance Pay,5716.49,CAD,CAN,2025-05-16 16:00:00,CORE_HR
EVT00105246,2025-05-23,EMP01369,CC0015,PA,5,Step Increment,127535.64,CAD,CA,2025-05-24 10:00:00,PAYROLL
EVT00104472,2025-05-23,EMP01798,CC0002,EN,3,Lateral Deployment,,CAD,CA,2025-05-24 12:00:00,PAYROLL
EVT00104787,2025-05-14,EMP01961,CC0013,PA,1,Departure,,CAD,CAN,2025-05-14 22:00:00,CORE_HR
EVT00104652,2025-05-18,EMP04721,CC0025,FI,5,Promotion,137096.67,CAD,CAN,2025-05-19 15:00:00,CORE_HR
EVT00104362,2025-05-05,EMP03086,CC0058,AS,5,Step Increment,96779.77,CAD,CAN,2025-05-05 11:00:00,CORE_HR
EVT00103736,2025-05-18,EMP00922,CC0067,PA,1,Leave Start,,CAD,CA,2025-05-18 10:00:00,PAYROLL
EVT00105484,2025-05-04,EMP00673,CC0104,FI,5,Performance Pay,11605.84,CAD,CA,2025-05-05 10:00:00,PAYROLL
EVT00103558,2025-05-19,EMP01418,CC0061,PA,1,Step Increment,70959.92,CAD,CA,2025-05-20 09:00:00,PAYROLL
EVT00105114,2025-05-15,EMP03166,CC0040,EN,2,Leave Start,,CAD,CAN,2025-05-15 17:00:00,CORE_HR
EVT00104753,2025-05-13,EMP04552,CC0026,EN,2,Leave Return,,CAD,CAN,2025-05-13 06:00:00,CORE_HR
EVT00104456,2025-05-01,EMP00772,CC0035,FI,3,Step Increment,108147.67,CAD,CAN,2025-05-01 10:00:00,CORE_HR
EVT00103584,2025-05-25,EMP04998,CC0117,EN,3,Leave Return,,CAD,CA,2025-05-25 07:00:00,PAYROLL
EVT00104920,2025-05-06,EMP01733,CC0031,EX,1,Leave Return,,MXN,MEX,2025-05-06 15:00:00,CORE_HR
EVT00104705,2025-05-02,EMP03187,CC0080,AS,4,Leave Start,,MXN,MX,2025-05-02 16:00:00,PAYROLL
EVT00104976,2025-05-25,EMP00765,CC0113,AS,1,Leave Start,,CAD,CA,2025-05-26 14:00:00,PAYROLL
EVT00105287,2025-05-23,EMP04834,CC0093,FI,4,Leave Start,,CAD,CA,2025-05-24 12:00:00,PAYROLL
EVT00104735,2025-05-08,EMP01787,CC0060,IT,4,Step Increment,125304.4,CAD,CA,2025-05-09 02:00:00,PAYROLL
EVT00103973,2025-05-19,EMP00221,CC0108,IT,1,Performance Pay,138773.85,MXN,MX,2025-05-19 09:00:00,PAYROLL
EVT00104042,2025-05-11,EMP01406,CC0073,PA,3,Step Increment,86923.82,CAD,CA,2025-05-11 17:00:00,PAYROLL
EVT00104792,2025-05-01,EMP01589,CC0067,AS,1,Step Increment,60302.68,CAD,CA,2025-05-01 06:00:00,PAYROLL
EVT00105222,2025-05-05,EMP02901,CC0031,EN,1,Departure,,BRL,BRA,2025-05-08 09:00:00,CORE_HR
EVT00103683,2025-05-20,EMP03135,CC0112,CR,1,Step Increment,56021.23,CAD,CAN,2025-05-21 12:00:00,CORE_HR
EVT00104340,2025-05-24,EMP02024,CC0107,PA,4,Leave Start,,CAD,CAN,2025-05-24 16:00:00,CORE_HR
EVT00105025,2025-05-14,EMP02389,CC0061,PA,2,Leave Return,,CAD,CA,2025-05-15 07:00:00,PAYROLL
EVT00105013,2025-05-04,EMP00377,CC0039,PA,5,Step Increment,99965.41,CAD,CA,2025-05-04 10:00:00,PAYROLL
EVT00103578,2025-05-21,EMP02980,CC0093,CR,1,Lateral Deployment,,CAD,CAN,2025-05-22 07:00:00,CORE_HR
EVT00104877,2025-05-26,EMP04678,CC0020,EC,2,Leave Return,,CAD,CAN,2025-05-26 10:00:00,CORE_HR
EVT00104983,2025-05-11,EMP01427,CC0074,EX,2,Lateral Deployment,,EUR,FRA,2025-05-11 10:00:00,CORE_HR
EVT00104270,2025-05-18,EMP00698,CC0109,PA,3,Step Increment,68142.25,CAD,CA,2025-05-19 08:00:00,PAYROLL
EVT00104692,2025-05-21,EMP04352,CC0004,EC,2,Step Increment,90989.11,CAD,CAN,2025-05-21 11:00:00,CORE_HR
EVT00104285,2025-05-15,EMP03594,CC0012,IT,2,Promotion,105177.77,CAD,CA,2025-05-16 10:00:00,PAYROLL
EVT00104665,2025-05-04,EMP03367,CC0085,CR,2,Leave Start,,CAD,CA,2025-05-05 03:00:00,PAYROLL
EVT00104545,2025-05-21,EMP03401,CC0108,AS,5,Lateral Deployment,,USD,USA,2025-05-22 07:00:00,CORE_HR
EVT00105409,2025-05-17,EMP01998,CC0081,EX,1,Lateral Deployment,,CAD,CA,2025-05-17 06:00:00,PAYROLL
EVT00104831,2025-05-25,EMP00885,CC0040,EC,4,Performance Pay,5229.33,CAD,CA,2025-05-25 11:00:00,PAYROLL
EVT00104827,2025-05-17,EMP01999,CC0120,EN,3,Promotion,123680.57,CAD,CAN,2025-05-18 15:00:00,CORE_HR
EVT00104636,2025-05-27,EMP02050,CC0025,FI,3,Departure,,CAD,CAN,2025-05-28 05:00:00,CORE_HR
EVT00105257,2025-05-19,EMP02145,CC0040,PA,2,Leave Start,,CAD,CA,2025-05-20 05:00:00,PAYROLL
EVT00103903,2025-05-20,EMP00185,CC0111,IT,2,Performance Pay,1236417.64,JPY,JPN,2025-05-20 16:00:00,CORE_HR
EVT00104339,2025-05-12,EMP00094,CC0033,CR,5,Step Increment,83750.08,CAD,CA,2025-05-13 09:00:00,PAYROLL
EVT00103883,2025-05-25,EMP03575,CC0120,PA,2,Performance Pay,6123.82,CAD,CAN,2025-05-25 09:00:00,CORE_HR
EVT00104731,2025-05-08,EMP00864,CC0068,IT,2,Departure,,CAD,CAN,2025-05-09 02:00:00,CORE_HR
EVT00104429,2025-05-24,EMP02202,CC0034,AS,4,Leave Return,,CAD,CAN,2025-05-25 04:00:00,CORE_HR
EVT00105402,2025-05-15,EMP03060,CC0014,PA,1,Step Increment,63300.69,CAD,CAN,2025-05-16 14:00:00,CORE_HR
EVT00104147,2025-05-20,EMP01727,CC0072,EN,1,Lateral Deployment,,CAD,CAN,2025-05-21 12:00:00,CORE_HR
EVT00104048,2025-05-21,EMP00065,CC0092,EX,2,Performance Pay,7077.98,CAD,CAN,2025-05-22 00:00:00,CORE_HR
EVT00105039,2025-05-20,EMP04966,CC0116,IT,2,Step Increment,94810.11,CAD,CAN,2025-05-20 18:00:00,CORE_HR
EVT00104293,2025-05-13,EMP04842,CC0055,PA,1,Leave Start,,CAD,CA,2025-05-13 10:00:00,PAYROLL
EVT00105442,2025-05-26,EMP04441,CC0101,EC,2,Step Increment,97227.1,CAD,CAN,2025-05-26 21:00:00,CORE_HR
EVT00105128,2025-05-17,EMP00313,CC0058,FI,5,Leave Return,,CAD,CAN,2025-05-18 03:00:00,CORE_HR
EVT00104201,2025-05-23,EMP02907,CC0045,EN,2,Promotion,109624.69,CAD,CA,2025-05-23 12:00:00,PAYROLL
EVT00104997,2025-05-05,EMP04923,CC0020,PA,2,Step Increment,80118.98,CAD,CAN,2025-05-05 08:00:00,CORE_HR
EVT00104998,2025-05-17,EMP00929,CC0065,AS,3,Step Increment,60467.09,EUR,DEU,2025-05-17 10:00:00,CORE_HR
EVT00104823,2025-05-22,EMP03744,CC0034,PA,1,Step Increment,66491.67,CAD,CA,2025-05-23 04:00:00,PAYROLL
EVT00103948,2025-05-07,EMP01056,CC0064,CR,3,Leave Start,,CAD,CAN,2025-05-08 10:00:00,CORE_HR
EVT00105103,2025-05-26,EMP05041,CC0010,FI,5,Step Increment,108244.87,CAD,CAN,2025-05-26 13:00:00,CORE_HR
EVT00103679,2025-05-12,EMP03222,CC0058,PA,2,Step Increment,96074.91,CAD,CA,2025-05-12 12:00:00,PAYROLL
EVT00104978,2025-05-25,EMP01011,CC0072,EN,1,Leave Start,,CAD,CAN,2025-05-25 09:00:00,CORE_HR
EVT00103806,2025-05-21,EMP04368,CC0046,FI,1,Lateral Deployment,,USD,USA,2025-05-21 18:00:00,CORE_HR
EVT00104212,2025-05-18,EMP03882,CC0005,AS,3,Step Increment,84756.42,CAD,CAN,2025-05-19 05:00:00,CORE_HR
EVT00104533,2025-05-15,EMP00545,CC0114,EN,1,Step Increment,83330.13,CAD,CAN,2025-05-15 11:00:00,CORE_HR
EVT00105143,2025-05-14,EMP01688,CC0080,CR,1,Leave Start,,BRL,BRA,2025-05-15 04:00:00,CORE_HR
EVT00104807,2025-05-05,EMP04714,CC0096,EC,4,Lateral Deployment,,CAD,CAN,2025-05-05 07:00:00,CORE_HR
EVT00105322,2025-05-04,EMP04892,CC0018,EC,4,Step Increment,110327.5,CAD,CA,2025-05-04 19:00:00,PAYROLL
EVT00105351,2025-05-27,EMP03124,CC0055,EN,3,Step Increment,95235.23,CAD,CA,2025-05-28 03:00:00,PAYROLL
EVT00103869,2025-05-15,EMP00727,CC0068,IT,3,Step Increment,128062.17,CAD,CAN,2025-05-15 23:00:00,CORE_HR
EVT00104363,2025-05-15,EMP01981,CC0101,AS,3,Leave Return,,CAD,CAN,2025-05-16 04:00:00,CORE_HR
EVT00103563,2025-05-17,EMP02049,CC0107,AS,1,Lateral Deployment,,CAD,CA,2025-05-17 07:00:00,PAYROLL
EVT00104195,2025-05-27,EMP05179,CC0023,IT,4,Leave Start,,CAD,CAN,2025-05-27 10:00:00,CORE_HR
EVT00104830,2025-05-12,EMP02066,CC0048,PA,3,Performance Pay,7587.53,CAD,CA,2025-05-13 15:00:00,PAYROLL
EVT00104587,2025-05-15,EMP02115,CC0080,EC,4,Leave Start,,BRL,BRA,2025-05-15 14:00:00,CORE_HR
EVT00105563,2025-05-18,EMP05058,CC0044,PA,2,Step Increment,85093.09,CAD,CAN,2025-05-19 02:00:00,CORE_HR
EVT00104808,2025-05-08,EMP00921,CC0023,PA,2,Leave Start,,CAD,CA,2025-05-08 20:00:00,PAYROLL
EVT00104452,2025-05-06,EMP04774,CC0097,IT,4,Hire,94964.76,CAD,CA,2025-05-06 23:00:00,PAYROLL
EVT00104500,2025-05-17,EMP02635,CC0025,EX,2,Step Increment,160133.68,CAD,CAN,2025-05-18 04:00:00,CORE_HR
EVT00105096,2025-05-03,EMP01406,CC0073,PA,3,Step Increment,92371.59,CAD,CA,2025-05-03 09:00:00,PAYROLL
EVT00105244,2025-05-23,EMP00088,CC0093,IT,1,Promotion,88733.03,CAD,CAN,2025-05-23 20:00:00,CORE_HR
EVT00104315,2025-05-24,EMP04555,CC0025,FI,4,Leave Return,,CAD,CA,2025-05-24 18:00:00,PAYROLL
EVT00104425,2025-05-25,EMP02630,CC0010,AS,2,Departure,,CAD,CA,2025-05-25 21:00:00,PAYROLL
EVT00105109,2025-05-15,EMP03581,CC0017,EX,2,Leave Start,,CAD,CA,2025-05-17 02:00:00,PAYROLL
EVT00104032,2025-05-20,EMP02255,CC0049,EC,5,Step Increment,58214.32,GBP,GBR,2025-05-21 13:00:00,CORE_HR
EVT00103911,2025-05-12,EMP01096,CC0085,PA,5,Step Increment,107711.35,CAD,CA,2025-05-12 18:00:00,PAYROLL
EVT00103921,2025-05-14,EMP01251,CC0070,EN,3,Performance Pay,8046.67,CAD,CA,2025-05-14 10:00:00,PAYROLL
EVT00104918,2025-05-12,EMP02455,CC0119,CR,1,Step Increment,46901.54,CAD,CA,2025-05-12 12:00:00,PAYROLL
EVT00103820,2025-05-06,EMP99999,CC0093,CR,1,Step Increment,51919.34,CAD,CAN,2025-05-06 21:00:00,CORE_HR
EVT00104095,2025-05-27,EMP00859,CC0080,PA,1,Step Increment,183134.5,AED,AE,2025-05-28 00:00:00,PAYROLL
EVT00105537,2025-05-16,EMP04092,CC0092,EN,3,Leave Start,,CAD,CAN,2025-05-17 02:00:00,CORE_HR
EVT00104629,2025-05-11,EMP02530,CC0030,PA,1,Step Increment,1089696.3,MXN,MEX,2025-05-12 00:00:00,CORE_HR
EVT00105147,2025-05-14,EMP04011,CC0119,CR,4,Leave Start,,CAD,CAN,2025-05-14 19:00:00,CORE_HR
EVT00105310,2025-05-27,EMP03093,CC0079,EN,1,Leave Return,,CAD,CA,2025-05-28 03:00:00,PAYROLL
EVT00104980,2025-05-01,EMP04621,CC0075,PA,1,Leave Return,,CAD,CAN,2025-05-02 15:00:00,CORE_HR
EVT00103865,2025-05-12,EMP03769,CC0022,IT,1,Step Increment,83513.72,CAD,CAN,2025-05-12 09:00:00,CORE_HR
EVT00104136,1900-01-01,EMP04395,CC0074,EC,1,Step Increment,1187754.9,MXN,MEX,2025-05-11 19:00:00,CORE_HR
EVT00103579,2025-05-14,EMP04797,CC0097,IT,4,Step Increment,132266.4,CAD,CAN,2025-05-14 22:00:00,CORE_HR
EVT00103729,2025-05-10,EMP02140,CC0053,FI,4,Leave Start,,CAD,CAN,2025-05-10 22:00:00,CORE_HR
EVT00104991,2025-05-12,EMP03293,CC0048,FI,3,Step Increment,80524.32,CAD,CAN,2025-05-13 03:00:00,CORE_HR
EVT00105443,2025-05-15,EMP00535,CC0010,EN,2,Hire,98447.44,CAD,CAN,2025-05-15 07:00:00,CORE_HR
EVT00105487,2025-05-27,EMP02775,CC0105,PA,4,Leave Return,,SGD,SGP,2025-05-28 06:00:00,CORE_HR
EVT00104316,2025-05-02,EMP03791,CC0100,AS,5,Step Increment,74671.6,CAD,CAN,2025-05-02 06:00:00,CORE_HR
EVT00104437,2025-05-10,EMP01122,CC0080,PA,4,Promotion,5657675.6,INR,IND,2025-05-11 00:00:00,CORE_HR
EVT00103738,2025-05-08,EMP04905,CC0044,FI,1,Leave Start,,CAD,CA,2025-05-08 18:00:00,PAYROLL
EVT00104961,2025-05-08,EMP05054,CC0049,IT,1,Step Increment,140739.49,AUD,AUS,2025-05-08 12:00:00,CORE_HR
EVT00105196,2025-05-27,EMP02653,CC0018,PA,5,Leave Return,,CAD,CA,2025-05-27 07:00:00,PAYROLL
EVT00105283,2025-05-22,EMP03828,CC0024,PA,5,Performance Pay,8419.3,CAD,CAN,2025-05-23 04:00:00,CORE_HR
EVT00104494,2025-05-07,EMP05009,CC0038,CR,1,Leave Return,,CAD,CA,2025-05-08 12:00:00,PAYROLL
EVT00105404,2025-05-10,EMP04396,CC0116,EC,4,Step Increment,87618.17,CAD,CAN,2025-05-11 05:00:00,CORE_HR
EVT00105300,2025-05-23,EMP01136,CC0106,IT,2,Step Increment,104354.7,CAD,CA,2025-05-24 02:00:00,PAYROLL
EVT00103823,2025-05-25,EMP04819,CC0074,IT,2,Lateral Deployment,,MXN,MEX,2025-05-25 14:00:00,CORE_HR
EVT00104457,2025-05-18,EMP00356,CC0045,EX,1,Step Increment,-145679.59,CAD,CAN,2025-05-18 18:00:00,CORE_HR
EVT00105172,2025-05-04,EMP00235,CC0016,EC,3,Leave Start,,CAD,CA,2025-05-04 23:00:00,PAYROLL
EVT00104317,2025-05-22,EMP00032,CC0119,EN,5,Step Increment,138482.32,CAD,CAN,2025-05-22 16:00:00,CORE_HR
EVT00105217,2025-05-22,EMP03083,CC0100,EC,1,Leave Return,,CAD,CAN,2025-05-23 07:00:00,CORE_HR
EVT00105327,2025-05-12,EMP00915,CC0114,EC,1,Step Increment,87572.12,CAD,CA,2025-05-13 12:00:00,PAYROLL
EVT00105091,2025-05-01,EMP02130,CC0019,FI,1,Promotion,61084.11,CAD,CA,2025-05-01 19:00:00,PAYROLL
EVT00105267,2025-05-06,EMP01790,CC0037,IT,2,Leave Return,,CAD,CA,2025-05-07 14:00:00,PAYROLL
EVT00104357,2025-05-07,EMP02887,CC0033,EC,2,Step Increment,69072.15,XXX,CAN,2025-05-08 04:00:00,CORE_HR
EVT00104284,2025-05-17,EMP02600,CC0055,FI,3,Step Increment,104494.22,CAD,CAN,2025-05-18 15:00:00,CORE_HR
EVT00104395,2025-05-01,EMP02979,CC0007,FI,5,Leave Start,,AED,ARE,2025-05-01 13:00:00,CORE_HR
EVT00104851,2025-05-24,EMP04656,CC0042,FI,2,Leave Start,,CAD,CAN,2025-05-24 21:00:00,CORE_HR
EVT00105048,2025-05-17,EMP03430,CC0114,FI,2,Leave Start,,CAD,CAN,2025-05-17 12:00:00,CORE_HR
EVT00105228,2025-05-01,EMP02044,CC0014,EC,3,Step Increment,101496.65,CAD,CA,2025-05-01 17:00:00,PAYROLL
EVT00105337,2025-05-05,EMP04069,CC0057,EC,1,Leave Start,,CAD,CAN,2025-05-05 19:00:00,CORE_HR
EVT00104862,2025-05-09,EMP04611,CC0119,PA,2,Performance Pay,9958.9,CAD,CAN,2025-05-09 23:00:00,CORE_HR
EVT00104711,2025-05-25,EMP03450,CC0094,AS,3,Step Increment,83034.69,CAD,CAN,2025-05-25 07:00:00,CORE_HR
EVT00104440,2025-05-06,EMP03721,CC0110,AS,5,Leave Return,,CAD,CAN,2025-05-06 21:00:00,CORE_HR
EVT00104666,2025-05-18,EMP04990,CC0022,PA,3,Departure,,CAD,CAN,2025-05-19 12:00:00,CORE_HR
EVT00105444,2025-05-08,EMP00009,CC0118,IT,2,Leave Return,,CAD,CAN,2025-05-08 07:00:00,CORE_HR
EVT00104012,2025-05-23,EMP02811,CC0023,IT,2,Leave Return,,CAD,CAN,2025-05-23 09:00:00,CORE_HR
EVT00105181,2025-05-03,EMP01201,CC0053,PA,2,Step Increment,72733.73,CAD,CA,2025-05-03 21:00:00,PAYROLL
EVT00105325,2025-05-12,EMP03358,CC0120,EC,3,Step Increment,101999.85,CAD,CAN,2025-05-12 08:00:00,CORE_HR
EVT00104537,2025-05-18,EMP03568,CC0077,PA,5,Leave Start,,CAD,CA,2025-05-18 15:00:00,PAYROLL
EVT00105352,2025-05-25,EMP01450,CC0054,EC,2,Departure,,INR,IN,2025-05-26 09:00:00,PAYROLL
EVT00104610,2025-05-02,EMP04540,CC0044,EC,2,Performance Pay,3968.22,CAD,CAN,2025-05-02 08:00:00,CORE_HR
EVT00104996,2025-05-10,EMP01133,CC0049,AS,2,Departure,,INR,IN,2025-05-10 21:00:00,PAYROLL
EVT00105534,2025-05-25,EMP04677,CC0023,PA,2,Step Increment,84091.68,CAD,CA,2025-05-25 06:00:00,PAYROLL
EVT00104713,2025-05-14,EMP04287,CC0043,EN,5,Step Increment,162956.13,CAD,CAN,2025-05-14 08:00:00,CORE_HR
EVT00104134,2025-05-11,EMP03271,CC0011,PA,3,Hire,89139.43,CAD,CA,2025-05-11 10:00:00,PAYROLL
EVT00104005,2025-05-17,EMP01041,CC0079,CR,2,Step Increment,58211.25,CAD,CA,2025-05-18 03:00:00,PAYROLL
EVT00104910,2025-05-03,EMP04252,CC0064,IT,4,Step Increment,110023.18,CAD,CAN,2025-05-04 12:00:00,CORE_HR
EVT00103939,2025-05-22,EMP02449,CC0023,FI,2,Step Increment,82827.99,CAD,CAN,2025-05-23 12:00:00,CORE_HR
EVT00104722,2025-05-26,EMP00349,CC0112,EC,3,Leave Start,,CAD,CA,2025-05-27 08:00:00,PAYROLL
EVT00104373,2025-05-08,EMP03149,CC0113,PA,1,Leave Start,,CAD,CAN,2025-05-08 19:00:00,CORE_HR
EVT00105403,2025-05-18,EMP01089,CC0061,FI,3,Step Increment,93766.26,CAD,CAN,2025-05-19 03:00:00,CORE_HR
EVT00104518,2025-05-06,EMP00136,CC0001,IT,1,Hire,88467.53,CAD,CAN,2025-05-06 17:00:00,CORE_HR
EVT00104039,2025-05-02,EMP03058,CC0098,AS,2,Leave Start,,CAD,CA,2025-05-03 09:00:00,PAYROLL
EVT00103887,2025-05-27,EMP02739,CC0061,EX,1,Step Increment,149652.13,CAD,CA,2025-05-28 12:00:00,PAYROLL
EVT00103599,2025-05-25,EMP00932,CC0075,EX,1,Lateral Deployment,,CAD,CA,2025-05-26 05:00:00,PAYROLL
EVT00104278,2025-05-20,EMP01393,CC0051,AS,5,Lateral Deployment,,CAD,CA,2025-05-20 06:00:00,PAYROLL
EVT00104826,2025-05-15,EMP01636,CC0071,EX,3,Hire,207480.84,CAD,CAN,2025-05-15 14:00:00,CORE_HR
EVT00104493,2025-05-11,EMP01392,CC0029,PA,2,Hire,1245148.82,MXN,MEX,2025-05-11 19:00:00,CORE_HR
EVT00103559,2025-05-12,EMP02517,CC0053,AS,3,Hire,83856.29,CAD,CA,2025-05-13 02:00:00,PAYROLL
EVT00103590,2025-05-26,EMP00157,CC0016,PA,3,Leave Return,,CAD,CA,2025-05-26 07:00:00,PAYROLL
EVT00103804,2025-05-24,EMP00680,CC0085,FI,5,Step Increment,126871.08,CAD,CAN,2025-05-25 12:00:00,CORE_HR
EVT00103812,2025-05-05,EMP01167,CC0078,AS,3,Performance Pay,8856.58,CAD,CA,2025-05-06 11:00:00,PAYROLL
EVT00104256,2025-05-27,EMP02019,CC0078,CR,1,Leave Start,,CAD,CA,2025-05-27 21:00:00,PAYROLL
EVT00103793,2025-05-04,EMP04445,CC0098,AS,2,Leave Return,,CAD,CAN,2025-05-05 10:00:00,CORE_HR
EVT00104421,2025-05-06,EMP00145,CC0072,AS,2,Step Increment,65787.49,CAD,CA,2025-05-06 19:00:00,PAYROLL
EVT00105042,2025-05-06,EMP03828,CC0024,PA,5,Lateral Deployment,,CAD,CAN,2025-05-06 15:00:00,CORE_HR
EVT00104657,2025-05-13,EMP00489,CC0066,PA,1,Departure,,CAD,CAN,2025-05-14 14:00:00,CORE_HR
EVT00105288,2025-05-20,EMP00128,CC0014,PA,2,Leave Start,,CAD,CA,2025-05-20 20:00:00,PAYROLL
EVT00103999,2025-05-24,EMP01473,CC0020,IT,1,Performance Pay,3828.27,CAD,CAN,2025-05-24 21:00:00,CORE_HR
EVT00104108,2025-05-11,EMP04378,CC0103,EX,1,Step Increment,178488.34,CAD,CAN,2025-05-11 16:00:00,CORE_HR
EVT00103996,2025-05-24,EMP01619,CC0062,PA,1,Lateral Deployment,,CAD,CA,2025-05-25 03:00:00,PAYROLL
EVT00104828,2025-05-20,EMP04378,CC0103,EX,1,Lateral Deployment,,CAD,CA,2025-05-20 19:00:00,PAYROLL
EVT00103803,2025-05-10,EMP03011,CC0081,FI,3,Leave Start,,CAD,CAN,2025-05-10 21:00:00,CORE_HR
EVT00103567,2025-05-05,EMP03443,CC0068,IT,1,Step Increment,82057.52,CAD,CA,2025-05-06 10:00:00,PAYROLL
EVT00104189,2025-05-11,EMP00262,CC0018,FI,5,Step Increment,134448.61,CAD,CA,2025-05-11 17:00:00,PAYROLL
EVT00104955,2025-05-27,EMP03266,CC0069,EN,1,Performance Pay,5460.52,CAD,CA,2025-05-28 08:00:00,PAYROLL
EVT00104341,2025-05-25,EMP04458,CC0098,IT,1,Step Increment,78855.01,CAD,CAN,2025-05-26 07:00:00,CORE_HR
EVT00105291,2025-05-23,EMP02167,CC0007,PA,1,Hire,52545.32,EUR,FRA,2025-05-23 23:00:00,CORE_HR
EVT00104391,2025-05-18,EMP00409,CC0081,IT,5,Lateral Deployment,,CAD,CAN,2025-05-18 07:00:00,CORE_HR
EVT00105074,2025-05-16,EMP02617,CC0017,IT,2,Performance Pay,12185.8,CAD,CA,2025-05-17 15:00:00,PAYROLL
EVT00103746,2025-05-09,EMP03794,CC0085,EX,1,Step Increment,136776.0,CAD,CAN,2025-05-09 11:00:00,CORE_HR
EVT00105381,2025-05-05,EMP03124,CC0055,EN,3,Performance Pay,14338.88,CAD,CA,2025-05-05 06:00:00,PAYROLL
EVT00105417,2025-05-08,EMP05134,CC0021,EX,3,Promotion,141422.62,CAD,CA,2025-05-08 16:00:00,PAYROLL
EVT00104020,2025-05-01,EMP02167,CC0007,PA,1,Leave Return,,BRL,BRA,2025-05-01 09:00:00,CORE_HR
EVT00104844,2025-05-11,EMP00529,CC0087,FI,4,Step Increment,110820.41,CAD,CA,2025-05-12 02:00:00,PAYROLL
EVT00105148,2025-05-04,EMP03362,CC0005,AS,3,Leave Start,,CAD,CAN,2025-05-05 06:00:00,CORE_HR
EVT00105553,2025-05-10,EMP00099,CC0014,AS,2,Promotion,86467.0,CAD,CAN,2025-05-11 02:00:00,CORE_HR
EVT00103885,2025-05-25,EMP04691,CC0016,EN,2,Leave Return,,CAD,CAN,2025-05-26 14:00:00,CORE_HR
EVT00104999,2025-05-22,EMP04524,CC0010,EX,1,Performance Pay,15317.78,CAD,CA,2025-05-22 17:00:00,PAYROLL
EVT00104043,2025-05-11,EMP02729,CC0120,EN,3,Step Increment,112257.76,CAD,CAN,2025-05-11 12:00:00,CORE_HR
EVT00103724,2025-05-08,EMP03231,CC0030,PA,3,Step Increment,298815.25,BRL,BRA,2025-05-08 13:00:00,CORE_HR
EVT00104114,2025-05-02,EMP02895,CC0086,CR,3,Performance Pay,13140.82,BRL,BR,2025-05-02 21:00:00,PAYROLL
EVT00105213,2025-05-27,EMP01245,CC0081,EX,1,Leave Start,,CAD,CAN,2025-05-28 03:00:00,CORE_HR
EVT00105460,2025-05-23,EMP01563,CC0035,EX,3,Leave Start,,CAD,CA,2025-05-23 07:00:00,PAYROLL
EVT00103695,2025-05-05,EMP03917,CC0072,IT,1,Hire,83649.03,CAD,CAN,2025-05-05 10:00:00,CORE_HR
EVT00103805,2025-05-07,EMP01952,CC0118,IT,2,Lateral Deployment,,CAD,CAN,2025-05-07 19:00:00,CORE_HR
EVT00103828,2025-05-24,EMP01352,CC0083,AS,4,Promotion,83510.43,CAD,CA,2025-05-25 00:00:00,PAYROLL
EVT00104947,2025-05-10,EMP04224,CC0006,PA,2,Step Increment,72378.89,CAD,CAN,2025-05-10 22:00:00,CORE_HR
EVT00105111,2025-05-17,EMP01870,CC0017,FI,5,Lateral Deployment,,CAD,CAN,2025-05-18 04:00:00,CORE_HR
EVT00104943,2025-05-26,EMP03225,CC0093,IT,1,Step Increment,90443.99,CAD,CA,2025-05-27 01:00:00,PAYROLL
EVT00105254,2025-05-25,EMP02268,CC0002,FI,2,Leave Start,,CAD,CAN,2025-05-26 11:00:00,CORE_HR
EVT00105550,2025-05-12,EMP04254,CC0099,PA,2,Lateral Deployment,,CAD,CAN,2025-05-13 06:00:00,CORE_HR
EVT00104182,2025-05-23,EMP04226,CC0115,PA,1,Step Increment,64500.02,CAD,CA,2025-05-23 23:00:00,PAYROLL
EVT00104581,2025-05-27,EMP00851,CC0079,IT,2,Leave Return,,CAD,CA,2025-05-27 22:00:00,PAYROLL
EVT00104362,2025-05-05,EMP03086,CC0058,AS,5,Step Increment,96779.77,CAD,CAN,2025-05-05 12:00:00,CORE_HR
EVT00105014,2025-05-19,EMP03137,CC0051,EC,3,Step Increment,106706.32,CAD,CAN,2025-05-19 15:00:00,CORE_HR
EVT00104810,2025-05-12,EMP03942,CC0040,IT,4,Performance Pay,5833.99,CAD,CAN,2025-05-12 21:00:00,CORE_HR
EVT00104894,2025-05-22,EMP02802,CC0063,EN,4,Lateral Deployment,,CAD,CAN,2025-05-22 21:00:00,CORE_HR
EVT00105504,2025-05-19,EMP00405,CC0033,PA,3,Lateral Deployment,,CAD,CAN,2025-05-20 13:00:00,CORE_HR
EVT00103628,2025-05-09,EMP02659,CC0033,IT,2,Leave Start,,CAD,CA,2025-05-09 11:00:00,PAYROLL
EVT00104597,2025-05-11,EMP04516,CC0023,AS,3,Performance Pay,10130.53,CAD,CA,2025-05-11 11:00:00,PAYROLL
EVT00104229,2025-05-07,EMP01002,CC0048,CR,4,Leave Return,,CAD,CA,2025-05-07 08:00:00,PAYROLL
EVT00105075,2025-05-02,EMP03713,CC0120,PA,5,Leave Return,,CAD,CAN,2025-05-03 15:00:00,CORE_HR
EVT00105163,2025-05-25,EMP03065,CC0111,IT,2,Leave Start,,GBP,GB,2025-05-26 13:00:00,PAYROLL
EVT00104331,2025-05-08,EMP00788,CC0027,AS,5,Promotion,116765.3,CAD,CA,2025-05-08 06:00:00,PAYROLL
EVT00104401,2025-05-05,EMP00394,CC0018,IT,3,Performance Pay,5852.14,CAD,CA,2025-05-06 06:00:00,PAYROLL
EVT00103893,2025-05-10,EMP02107,CC0002,EN,3,Departure,,CAD,CAN,2025-05-11 10:00:00,CORE_HR
EVT00104563,2025-05-04,EMP03826,CC0092,IT,1,Leave Return,,CAD,CA,2025-05-04 23:00:00,PAYROLL
EVT00104721,2025-05-06,EMP00019,CC0058,IT,5,Lateral Deployment,,CAD,CA,2025-05-07 14:00:00,PAYROLL
EVT00105292,2025-05-17,EMP00305,CC0056,EX,1,Promotion,140163.9,CAD,CAN,2025-05-18 01:00:00,CORE_HR
EVT00105353,2025-05-21,EMP01402,CC0099,EN,3,Step Increment,117658.39,CAD,CA,2025-05-22 12:00:00,PAYROLL
EVT00104634,2025-05-13,EMP01544,CC0052,FI,1,Step Increment,78995.11,CAD,CAN,2025-05-13 19:00:00,CORE_HR
EVT00104928,2025-05-15,EMP00798,CC0033,EN,2,Lateral Deployment,,CAD,CA,2025-05-16 12:00:00,PAYROLL
EVT00103843,2025-05-12,EMP04202,CC0110,EC,2,Leave Return,,CAD,CA,2025-05-12 09:00:00,PAYROLL
EVT00104598,2025-05-21,EMP01521,CC0007,IT,1,Departure,,EUR,DEU,2025-05-22 10:00:00,CORE_HR
EVT00104596,2025-05-26,EMP04599,CC0113,CR,4,Step Increment,80877.11,CAD,CA,2025-05-27 03:00:00,PAYROLL
EVT00104661,2025-05-19,EMP00595,CC0113,EX,1,Hire,144350.86,CAD,CA,2025-05-20 01:00:00,PAYROLL
EVT00105008,2025-05-11,EMP00125,CC0112,IT,1,Leave Return,,CAD,CAN,2025-05-11 09:00:00,CORE_HR
EVT00104624,2025-05-11,EMP01578,CC0078,IT,4,Lateral Deployment,,CAD,CAN,2025-05-12 15:00:00,CORE_HR
EVT00104047,2025-05-02,EMP03377,CC0049,PA,4,Step Increment,236465.19,AED,ARE,2025-05-02 15:00:00,CORE_HR
EVT00104387,2025-05-25,EMP02307,CC0011,AS,3,Step Increment,77744.53,CAD,CA,2025-05-25 16:00:00,PAYROLL
EVT00105482,2025-05-27,EMP01416,CC0101,CR,2,Departure,,CAD,CAN,2025-05-28 09:00:00,CORE_HR
EVT00104513,2025-05-27,EMP01723,CC0018,EN,1,Step Increment,81820.15,CAD,CAN,2025-05-27 21:00:00,CORE_HR
EVT00104299,2025-05-09,EMP00269,CC0081,PA,1,Step Increment,70338.51,CAD,CAN,2025-05-10 04:00:00,CORE_HR
EVT00105024,2025-05-04,EMP01278,CC0043,AS,3,Hire,85192.48,CAD,CA,2025-05-05 06:00:00,PAYROLL
EVT00103863,2025-05-11,EMP00081,CC0094,AS,2,Lateral Deployment,,CAD,CA,2025-05-11 16:00:00,PAYROLL
EVT00103910,2025-05-03,EMP02481,CC0008,AS,5,Performance Pay,4631.55,CAD,CAN,2025-05-04 10:00:00,CORE_HR
EVT00104551,2025-05-16,EMP00919,CC0042,CR,3,Leave Start,,CAD,CAN,2025-05-17 08:00:00,CORE_HR
EVT00104526,2025-05-20,EMP04900,CC0051,PA,3,Lateral Deployment,,CAD,CA,2025-05-21 11:00:00,PAYROLL
EVT00104103,2025-05-21,EMP01131,CC0120,EX,1,Performance Pay,20440.76,CAD,CA,2025-05-21 15:00:00,PAYROLL
EVT00104791,2025-05-13,EMP00351,CC0076,AS,3,Performance Pay,5951.36,CAD,CA,2025-05-13 21:00:00,PAYROLL
EVT00105159,2025-05-04,EMP04295,CC0070,EX,2,Step Increment,161165.37,CAD,CA,2025-05-04 11:00:00,PAYROLL
EVT00105328,2025-05-12,EMP04991,CC0074,EC,5,Leave Return,,EUR,FR,2025-05-13 15:00:00,PAYROLL
EVT00105559,2025-05-04,EMP00999,CC0086,EC,3,Step Increment,6610167.14,INR,IN,2025-05-04 20:00:00,PAYROLL
EVT00103767,2025-05-11,EMP01590,CC0011,FI,1,Leave Start,,CAD,CAN,2025-05-11 17:00:00,CORE_HR
EVT00105348,2025-05-25,EMP01783,CC0083,PA,2,Leave Start,,CAD,CA,2025-05-26 06:00:00,PAYROLL
EVT00104681,2025-05-03,EMP02395,CC0070,AS,2,Leave Return,,CAD,CAN,2025-05-03 12:00:00,CORE_HR
EVT00105230,2025-05-03,EMP04169,CC0040,EC,3,Lateral Deployment,,CAD,CAN,2025-05-04 09:00:00,CORE_HR
EVT00103981,2025-05-20,EMP00203,CC0044,AS,3,Step Increment,84808.21,CAD,CAN,2025-05-20 16:00:00,CORE_HR
EVT00104682,2025-05-03,EMP00591,CC0097,EC,5,Leave Return,,CAD,CAN,2025-05-04 11:00:00,CORE_HR
EVT00104501,2025-05-17,EMP03015,CC0110,EC,2,Step Increment,94044.1,CAD,CAN,2025-05-18 15:00:00,CORE_HR
EVT00103810,2025-05-16,EMP04178,CC0032,PA,5,Leave Start,,CAD,CAN,2025-05-17 04:00:00,CORE_HR
EVT00103763,2025-05-20,EMP00224,CC0015,IT,3,Step Increment,110428.83,CAD,CAN,2025-05-20 08:00:00,CORE_HR
EVT00104523,2025-05-07,EMP04323,CC0091,EN,5,Step Increment,153310.09,CAD,CAN,2025-05-07 16:00:00,CORE_HR
EVT00104709,2025-05-05,EMP04511,CC0073,CR,3,Performance Pay,6782.66,CAD,CAN,2025-05-05 07:00:00,CORE_HR
EVT00105152,2025-05-03,EMP00160,CC0075,PA,1,Hire,72573.4,CAD,CA,2025-05-03 06:00:00,PAYROLL
EVT00105554,2025-05-18,EMP02259,CC0033,PA,2,Step Increment,77585.27,CAD,CAN,2025-05-18 12:00:00,CORE_HR
EVT00103597,2025-05-10,EMP03680,CC0025,PA,1,Performance Pay,8848.76,CAD,CAN,2025-05-11 15:00:00,CORE_HR
EVT00104267,2025-05-09,EMP01765,CC0048,CR,2,Step Increment,48584.57,CAD,CAN,2025-05-10 11:00:00,CORE_HR
EVT00105345,2025-05-24,EMP00654,CC0068,EN,1,Step Increment,106997.0,CAD,CA,2025-05-24 08:00:00,PAYROLL
EVT00105104,2025-05-01,EMP02560,CC0046,PA,2,Step Increment,284427.29,BRL,BRA,2025-05-02 12:00:00,CORE_HR
EVT00104347,2025-05-11,EMP01797,CC0116,FI,3,Leave Start,,CAD,CAN,2025-05-11 08:00:00,CORE_HR
EVT00104100,2025-05-27,EMP03561,CC0116,PA,3,Lateral Deployment,,CAD,CA,2025-05-28 15:00:00,PAYROLL
EVT00104368,2025-05-18,EMP03619,CC0073,EX,1,Leave Start,,CAD,CAN,2025-05-19 02:00:00,CORE_HR
EVT00104011,2025-05-22,EMP02355,CC0090,FI,3,Step Increment,98968.47,CAD,CAN,2025-05-22 19:00:00,CORE_HR
EVT00104700,2025-05-16,EMP01410,CC0053,FI,4,Step Increment,114597.14,CAD,CA,2025-05-16 07:00:00,PAYROLL
EVT00105365,2025-05-13,EMP05163,CC0101,PA,1,Leave Start,,CAD,CAN,2025-05-14 09:00:00,CORE_HR
EVT00105472,2025-05-22,EMP00332,CC0045,PA,2,Departure,,CAD,CA,2025-05-23 13:00:00,PAYROLL
EVT00105363,2025-05-02,EMP01813,CC0072,EC,3,Performance Pay,8692.03,CAD,CAN,2025-05-03 11:00:00,CORE_HR
EVT00104544,2025-05-06,EMP04654,CC0034,AS,1,Step Increment,-60920.83,CAD,CA,2025-05-07 07:00:00,PAYROLL
EVT00105178,2025-05-05,EMP04747,CC0018,PA,3,Hire,88174.1,CAD,CAN,2025-05-06 05:00:00,CORE_HR
EVT00104509,2025-05-13,EMP04581,CC0020,PA,3,Departure,,CAD,CA,2025-05-13 07:00:00,PAYROLL
EVT00104556,2025-05-26,EMP01235,CC0114,EX,2,Step Increment,154577.38,CAD,CAN,2025-05-27 09:00:00,CORE_HR
EVT00104121,2025-05-09,EMP01559,CC0071,AS,3,Step Increment,57967.46,CAD,CA,2025-05-09 23:00:00,PAYROLL
EVT00103954,2025-05-12,EMP03989,CC0041,FI,3,Step Increment,85360.93,CAD,CAN,2025-05-13 01:00:00,CORE_HR
EVT00105158,2025-05-06,EMP05088,CC0066,PA,3,Performance Pay,11232.89,CAD,CA,2025-05-07 01:00:00,PAYROLL
EVT00104594,2025-05-10,EMP03281,CC0118,PA,2,Lateral Deployment,,CAD,CAN,2025-05-10 16:00:00,CORE_HR
EVT00105107,2025-05-09,EMP01385,CC0011,FI,2,Leave Start,,CAD,CAN,2025-05-10 12:00:00,CORE_HR
EVT00103789,2025-05-26,EMP02779,CC0118,PA,4,Step Increment,100296.65,CAD,CAN,2025-05-27 10:00:00,CORE_HR
EVT00103837,2025-05-16,EMP01701,CC0004,AS,1,Step Increment,61933.47,CAD,CAN,2025-05-16 17:00:00,CORE_HR
EVT00103663,2025-05-19,EMP01584,CC0085,PA,5,Leave Return,,CAD,CAN,2025-05-19 14:00:00,CORE_HR
EVT00105198,2025-05-05,EMP03725,CC0008,AS,5,Step Increment,100457.82,CAD,CA,2025-05-06 14:00:00,PAYROLL
EVT00104058,2025-05-08,EMP00220,CC0085,PA,2,Departure,,CAD,CAN,2025-05-09 01:00:00,CORE_HR
EVT00104931,2025-05-08,EMP01853,CC0009,EN,1,Lateral Deployment,,EUR,DEU,2025-05-09 05:00:00,CORE_HR
EVT00104166,2025-05-12,EMP00153,CC0048,PA,3,Leave Start,,CAD,CA,2025-05-13 12:00:00,PAYROLL
EVT00104480,2025-05-08,EMP04984,CC0017,AS,4,Leave Return,,CAD,CAN,2025-05-09 14:00:00,CORE_HR
EVT00105189,2025-05-12,EMP03060,CC0014,PA,1,Step Increment,57226.23,CAD,CAN,2025-05-12 15:00:00,CORE_HR
EVT00103801,2025-05-18,EMP01220,CC0070,AS,4,Step Increment,91072.2,CAD,CA,2025-05-18 10:00:00,PAYROLL
EVT00105173,2025-05-09,EMP04431,CC0066,EX,1,Step Increment,122253.06,CAD,CAN,2025-05-10 04:00:00,CORE_HR
EVT00104861,2025-05-11,EMP03263,CC0015,IT,1,Lateral Deployment,,CAD,CAN,2025-05-12 03:00:00,CORE_HR
EVT00104576,2025-05-15,EMP03619,CC0073,EX,1,Step Increment,159036.54,CAD,CA,2025-05-16 09:00:00,PAYROLL
EVT00104175,2025-05-25,EMP03588,CC0085,IT,2,Step Increment,124135.28,CAD,CA,2025-05-26 12:00:00,PAYROLL
EVT00103589,2025-05-13,EMP00070,CC0038,CR,2,Performance Pay,2558.18,CAD,CA,2025-05-13 14:00:00,PAYROLL
EVT00104915,2025-05-13,EMP01538,CC0115,PA,2,Leave Return,,CAD,CA,2025-05-13 21:00:00,PAYROLL
EVT00104845,2025-05-06,EMP01501,CC0001,IT,4,Step Increment,130718.3,CAD,CAN,2025-05-06 14:00:00,CORE_HR
EVT00105495,2025-05-27,EMP01832,CC0025,IT,3,Leave Start,,CAD,CAN,2025-05-28 10:00:00,CORE_HR
EVT00104806,2025-05-08,EMP02145,CC0040,PA,2,Performance Pay,9054.76,CAD,CAN,2025-05-09 03:00:00,CORE_HR
EVT00104159,2025-05-19,EMP03266,CC0069,EN,1,Step Increment,96116.88,CAD,CAN,2025-05-23 06:00:00,CORE_HR
EVT00104515,2025-05-11,EMP02854,CC0081,EN,3,Step Increment,125633.62,CAD,CAN,2025-05-11 06:00:00,CORE_HR
EVT00103832,2025-05-01,EMP04316,CC0049,PA,2,Leave Start,,JPY,JPN,2025-05-01 18:00:00,CORE_HR
EVT00104592,2025-05-26,EMP03320,CC0048,EN,3,Leave Start,,CAD,CAN,2025-05-27 00:00:00,CORE_HR
EVT00103985,2025-05-09,EMP03295,CC0073,PA,2,Step Increment,59270.92,CAD,CAN,2025-05-10 06:00:00,CORE_HR
EVT00104654,2025-05-26,EMP04617,CC0049,AS,3,Performance Pay,133790.17,MXN,MX,2025-05-26 10:00:00,PAYROLL
EVT00103586,2025-05-03,EMP04180,CC0022,IT,5,Step Increment,150211.47,CAD,CA,2025-05-04 04:00:00,PAYROLL
EVT00103644,2025-05-03,EMP03273,CC0120,EN,3,Performance Pay,10316.79,CAD,CA,2025-05-03 11:00:00,PAYROLL
EVT00105108,2025-05-19,EMP00124,CC0003,CR,4,Promotion,77421.74,CAD,CAN,2025-05-20 07:00:00,CORE_HR
EVT00104364,2025-05-15,EMP00455,CC0117,IT,1,Performance Pay,9241.78,CAD,CA,2025-05-16 13:00:00,PAYROLL
EVT00103874,2025-05-27,EMP01429,CC0080,EC,4,Step Increment,13998516.07,KES,KE,2025-05-28 11:00:00,PAYROLL
EVT00104260,2025-05-10,EMP03848,CC0018,CR,5,Step Increment,90056.6,CAD,CAN,2025-05-11 05:00:00,CORE_HR
EVT00105059,2025-05-18,EMP03852,CC0101,CR,2,Leave Start,,CAD,CAN,2025-05-19 01:00:00,CORE_HR
EVT00105099,2025-05-18,EMP00756,CC0109,PA,1,Promotion,72032.82,CAD,CA,2025-05-18 17:00:00,PAYROLL
EVT00103923,2025-05-01,EMP04023,CC0043,PA,2,Leave Return,,CAD,CAN,2025-05-02 04:00:00,CORE_HR
EVT00103629,2025-05-26,EMP00483,CC0091,EC,3,Performance Pay,5156.44,CAD,CAN,2025-05-26 20:00:00,CORE_HR
EVT00103622,2025-05-19,EMP02571,CC0070,PA,4,Step Increment,82834.15,CAD,CA,2025-05-20 05:00:00,PAYROLL
EVT00104398,2025-05-08,EMP02071,CC0008,FI,1,Performance Pay,6274.16,CAD,CA,2025-05-08 06:00:00,PAYROLL
EVT00103565,2025-05-17,EMP02168,CC0001,AS,1,Leave Return,,CAD,CAN,2025-05-18 06:00:00,CORE_HR
EVT00103818,2025-05-14,EMP05017,CC0022,EC,1,Step Increment,59975.28,CAD,CAN,2025-05-15 13:00:00,CORE_HR
EVT00105021,2025-05-13,EMP05095,CC0077,EX,1,Step Increment,175868.56,CAD,CAN,2025-05-14 01:00:00,CORE_HR
EVT00103625,2025-05-08,EMP00743,CC0026,FI,4,Leave Start,,CAD,CAN,2025-05-08 21:00:00,CORE_HR
EVT00104302,2025-05-22,EMP04710,CC0044,EX,1,Leave Start,,CAD,CAN,2025-05-23 12:00:00,CORE_HR
EVT00105201,2025-05-05,EMP03539,CC0046,PA,2,Performance Pay,3202.81,USD,US,2025-05-05 22:00:00,PAYROLL
EVT00104925,2025-05-18,EMP03663,CC0074,FI,1,Step Increment,166773.94,AED,ARE,2025-05-18 15:00:00,CORE_HR
EVT00103858,2025-05-27,EMP03010,CC0063,CR,1,Lateral Deployment,,CAD,CAN,2025-05-28 02:00:00,CORE_HR
EVT00105212,2025-05-03,EMP04706,CC0003,EX,1,Hire,143490.12,CAD,CA,2025-05-04 05:00:00,PAYROLL
EVT00104529,2025-05-24,EMP00298,CC0113,EX,1,Leave Start,,CAD,CAN,2025-05-25 09:00:00,CORE_HR
EVT00105001,2025-05-13,EMP04392,CC0055,PA,5,Step Increment,137837.57,CAD,CAN,2025-05-14 14:00:00,CORE_HR
EVT00104505,2025-05-14,EMP01307,CC0090,AS,3,Step Increment,84800.09,CAD,CA,2025-05-15 15:00:00,PAYROLL
EVT00104155,2025-05-03,EMP01841,CC0037,FI,1,Step Increment,80111.87,CAD,CAN,2025-05-04 09:00:00,CORE_HR
EVT00104078,2025-05-14,EMP02954,CC0094,AS,4,Step Increment,89138.87,CAD,CA,2025-05-15 07:00:00,PAYROLL
EVT00104066,2025-05-17,EMP03102,CC0090,IT,5,Leave Start,,CAD,CAN,2025-05-18 13:00:00,CORE_HR
EVT00105368,2025-05-03,EMP05094,CC0117,PA,5,Leave Return,,CAD,CA,2025-05-03 19:00:00,PAYROLL
EVT00105078,2025-05-18,EMP04332,CC0027,PA,5,Leave Start,,CAD,CAN,2025-05-19 00:00:00,CORE_HR
EVT00105077,2025-05-02,EMP01115,CC0011,AS,1,Leave Start,,CAD,CA,2025-05-03 11:00:00,PAYROLL
EVT00103796,2025-05-27,EMP00456,CC0076,EX,2,Leave Start,,CAD,CA,2025-05-27 15:00:00,PAYROLL
EVT00105356,2025-05-21,EMP01732,CC0072,EC,3,Lateral Deployment,,CAD,CAN,2025-05-21 10:00:00,CORE_HR
EVT00104017,2025-05-16,EMP01450,CC0054,EC,2,Leave Start,,BRL,BR,2025-05-17 03:00:00,PAYROLL
EVT00104138,2025-05-03,EMP05036,CC0082,IT,3,Performance Pay,11240.33,CAD,CAN,2025-05-06 01:00:00,CORE_HR
EVT00103949,2025-05-10,EMP02892,CC0095,PA,5,Step Increment,100870.94,CAD,CAN,2025-05-11 01:00:00,CORE_HR
EVT00103717,2025-05-20,EMP03496,CC0033,AS,3,Lateral Deployment,,CAD,CAN,2025-05-21 10:00:00,CORE_HR
EVT00103588,2025-05-02,EMP02813,CC0005,CR,3,Performance Pay,7583.44,CAD,CA,2025-05-03 08:00:00,PAYROLL
EVT00104728,2025-05-04,EMP02280,CC0052,FI,2,Step Increment,97006.18,CAD,CAN,2025-05-05 14:00:00,CORE_HR
EVT00104009,2025-05-26,EMP05132,CC0021,IT,3,Promotion,111877.11,CAD,CAN,2025-05-26 22:00:00,CORE_HR
EVT00104119,2025-05-08,EMP03215,CC0069,AS,5,Step Increment,107461.54,CAD,CAN,2025-05-09 00:00:00,CORE_HR
EVT00104269,2025-05-07,EMP01616,CC0005,PA,4,Step Increment,107153.41,CAD,CAN,2025-05-07 09:00:00,CORE_HR
EVT00104679,2025-05-16,EMP03568,CC0077,PA,5,Leave Return,,CAD,CAN,2025-05-16 13:00:00,CORE_HR
EVT00103744,2025-05-03,EMP00471,CC0011,IT,1,Leave Start,,CAD,CAN,2025-05-04 11:00:00,CORE_HR
EVT00104723,2025-05-04,EMP02416,CC0059,FI,3,Promotion,97339.59,CAD,CAN,2025-05-05 04:00:00,CORE_HR
EVT00104626,2025-05-15,EMP00384,CC0023,CR,2,Leave Start,,CAD,CAN,2025-05-15 17:00:00,CORE_HR
EVT00105438,2025-05-22,EMP01040,CC0013,IT,2,Departure,,CAD,CAN,2025-05-22 14:00:00,CORE_HR
EVT00104653,2025-05-17,EMP00845,CC0052,PA,2,Step Increment,88384.34,CAD,CA,2025-05-19 23:00:00,PAYROLL
EVT00103992,2025-05-23,EMP01877,CC0013,PA,5,Departure,,CAD,CAN,2025-05-23 07:00:00,CORE_HR
EVT00104447,2025-05-05,EMP01071,CC0005,IT,2,Leave Return,,CAD,CAN,2025-05-05 19:00:00,CORE_HR
EVT00104334,2025-05-25,EMP01428,CC0111,EN,4,Step Increment,11713683.27,JPY,JPN,2025-05-26 02:00:00,CORE_HR
EVT00104193,2025-05-25,EMP03723,CC0054,PA,4,Leave Return,,AUD,AU,2025-05-26 10:00:00,PAYROLL
EVT00105510,2025-05-10,EMP02988,CC0038,AS,5,Departure,,CAD,CA,2025-05-12 15:00:00,PAYROLL
EVT00104320,2025-05-15,EMP03331,CC0064,EN,4,Step Increment,136547.85,CAD,CAN,2025-05-16 00:00:00,CORE_HR
EVT00104817,2025-05-02,EMP02706,CC0105,EC,2,Departure,,EUR,DEU,2025-05-03 00:00:00,CORE_HR
EVT00105090,2025-05-02,EMP01426,CC0068,PA,4,Step Increment,103916.11,CAD,CAN,2025-05-02 23:00:00,CORE_HR
EVT00104924,2025-05-24,EMP00278,CC0061,AS,5,Step Increment,89064.21,CAD,CA,2025-05-24 11:00:00,PAYROLL
EVT00104360,2025-05-05,EMP03185,CC0021,IT,4,Lateral Deployment,,CAD,CA,2025-05-05 19:00:00,PAYROLL
EVT00105302,2025-05-04,EMP01512,CC0104,PA,5,Hire,113926.17,CAD,CA,2025-05-05 10:00:00,PAYROLL
EVT00104077,2025-05-25,EMP02731,CC0016,PA,2,Leave Return,,CAD,CA,2025-05-26 09:00:00,PAYROLL
EVT00104825,2025-05-13,EMP04150,CC0032,IT,1,Step Increment,109735.43,CAD,CAN,2025-05-14 11:00:00,CORE_HR
EVT00104388,2025-05-17,EMP03076,CC0015,FI,1,Step Increment,78809.84,CAD,CAN,2025-05-18 12:00:00,CORE_HR
EVT00105555,2025-05-15,EMP04105,CC0056,PA,2,Lateral Deployment,,CAD,CAN,2025-05-16 15:00:00,CORE_HR
EVT00104227,2025-05-03,EMP04164,CC0038,EC,4,Leave Start,,CAD,CAN,2025-05-03 23:00:00,CORE_HR
EVT00104754,2025-05-19,EMP01419,CC0061,PA,1,Step Increment,72963.41,CAD,CAN,2025-05-19 09:00:00,CORE_HR
EVT00105264,2025-05-02,EMP05073,CC0003,AS,5,Leave Return,,CAD,CAN,2025-05-02 11:00:00,CORE_HR
EVT00105341,2025-05-15,EMP04057,CC0074,FI,1,Lateral Deployment,,KES,KE,2025-05-16 05:00:00,PAYROLL
EVT00105062,2025-05-22,EMP05065,CC0062,PA,3,Performance Pay,6413.53,CAD,CAN,2025-05-23 11:00:00,CORE_HR
EVT00105412,2025-05-13,EMP03265,CC0073,IT,4,Performance Pay,16211.36,CAD,CAN,2025-05-14 05:00:00,CORE_HR
EVT00104010,2025-05-16,EMP03297,CC0012,PA,2,Step Increment,74720.77,CAD,CAN,2025-05-17 03:00:00,CORE_HR
EVT00104745,2025-05-14,EMP03973,CC0025,EX,3,Leave Start,,CAD,CAN,2025-05-15 14:00:00,CORE_HR
EVT00105508,2025-05-01,EMP02597,CC0058,FI,2,Leave Start,,CAD,CA,2025-05-02 17:00:00,PAYROLL
EVT00103587,2025-05-03,EMP01724,CC0005,PA,1,Hire,66524.44,CAD,CAN,2025-05-03 17:00:00,CORE_HR
EVT00105214,2025-05-19,EMP00299,CC0090,PA,2,Step Increment,77634.65,CAD,CA,2025-05-20 03:00:00,PAYROLL
EVT00104045,2025-05-01,EMP00053,CC0017,PA,1,Step Increment,65743.98,CAD,CAN,2025-05-02 10:00:00,CORE_HR
EVT00104841,2025-05-25,EMP01340,CC0059,IT,2,Performance Pay,10449.66,CAD,CA,2025-05-25 19:00:00,PAYROLL
EVT00103680,2025-05-04,EMP01402,CC0099,EN,3,Hire,113115.4,CAD,CAN,2025-05-04 20:00:00,CORE_HR
EVT00104312,2025-05-03,EMP01335,CC0080,FI,2,Promotion,276347.36,AED,ARE,2025-05-04 03:00:00,CORE_HR
EVT00104093,2025-05-25,EMP01875,CC0030,IT,3,Leave Start,,MXN,MEX,2025-05-25 21:00:00,CORE_HR
EVT00103913,2025-05-03,EMP02134,CC0116,EN,2,Step Increment,90884.73,CAD,CAN,2025-05-03 19:00:00,CORE_HR
EVT00103710,2025-05-09,EMP03787,CC0010,AS,1,Performance Pay,5720.45,CAD,CA,2025-05-09 13:00:00,PAYROLL
EVT00104876,2025-05-11,EMP00647,CC0061,PA,2,Lateral Deployment,,CAD,CA,2025-05-11 08:00:00,PAYROLL
EVT00105540,2025-05-17,EMP04642,CC0044,PA,1,Step Increment,66664.19,CAD,CAN,2025-05-18 12:00:00,CORE_HR
EVT00105073,2025-05-22,EMP00333,CC0108,IT,3,Leave Return,,JPY,JPN,2025-05-22 10:00:00,CORE_HR
EVT00105378,2025-05-02,EMP04182,CC0068,EN,5,Leave Start,,CAD,CA,2025-05-02 06:00:00,PAYROLL
EVT00104670,2025-05-22,EMP02555,CC0037,FI,1,Performance Pay,3815.03,CAD,CA,2025-05-23 05:00:00,PAYROLL
EVT00103889,2025-05-03,EMP00048,CC0019,EX,1,Step Increment,132872.6,CAD,CAN,2025-05-03 06:00:00,CORE_HR
EVT00105085,2025-05-14,EMP02784,CC0100,CR,5,Performance Pay,10188.91,CAD,CAN,2025-05-15 11:00:00,CORE_HR
EVT00104288,2025-05-17,EMP01392,CC0029,PA,2,Leave Start,,JPY,JPN,2025-05-17 07:00:00,CORE_HR
EVT00104309,2025-05-19,EMP00216,CC0041,CR,1,Step Increment,54612.78,CAD,CA,2025-05-19 23:00:00,PAYROLL
EVT00104446,2025-05-10,EMP02397,CC0040,PA,1,Leave Return,,CAD,CA,2025-05-10 15:00:00,PAYROLL
EVT00104870,2025-05-24,EMP03225,CC0093,IT,1,Step Increment,95443.16,CAD,CAN,2025-05-25 10:00:00,CORE_HR
EVT00104559,2025-05-13,EMP04101,CC0061,IT,4,Step Increment,126130.22,CAD,CAN,2025-05-14 04:00:00,CORE_HR
EVT00104952,2025-05-02,EMP02362,CC0116,PA,2,Step Increment,75734.2,CAD,CAN,2025-05-02 23:00:00,CORE_HR
EVT00104637,2025-05-11,EMP01970,CC0003,AS,4,Leave Return,,CAD,CAN,2025-05-12 05:00:00,CORE_HR
EVT00104524,2025-05-19,EMP04339,CC0114,PA,4,Departure,,CAD,CAN,2025-05-20 08:00:00,CORE_HR
EVT00104631,2025-05-16,EMP04940,CC0080,PA,3,Step Increment,74133.93,USD,USA,2025-05-16 09:00:00,CORE_HR
EVT00104482,2025-05-16,EMP03576,CC0043,CR,4,Leave Start,,CAD,CAN,2025-05-17 13:00:00,CORE_HR
EVT00105323,2025-05-22,EMP04587,CC0086,FI,2,Step Increment,271247.69,AED,ARE,2025-05-22 07:00:00,CORE_HR
EVT00105503,2025-05-18,EMP05084,CC0016,EX,2,Leave Return,,CAD,CA,2025-05-18 14:00:00,PAYROLL
EVT00103687,2025-05-24,EMP02682,CC0018,EN,1,Promotion,81032.16,CAD,CAN,2025-05-24 17:00:00,CORE_HR
EVT00105138,2025-05-27,EMP04020,CC0120,AS,1,Leave Start,,CAD,CAN,2025-05-27 06:00:00,CORE_HR
EVT00104982,2025-05-18,EMP02524,CC0023,IT,1,Leave Start,,CAD,CAN,2025-05-18 14:00:00,CORE_HR
EVT00103610,2025-05-03,EMP03007,CC0076,EC,4,Performance Pay,11319.53,CAD,CAN,2025-05-03 12:00:00,CORE_HR
EVT00104856,2025-05-09,EMP01947,CC0036,EX,1,Performance Pay,8034.89,CAD,CA,2025-05-09 23:00:00,PAYROLL
EVT00104671,2025-05-04,EMP03056,CC0041,EC,5,Step Increment,146088.21,CAD,CAN,2025-05-05 11:00:00,CORE_HR
EVT00105004,2025-05-05,EMP00431,CC0072,IT,1,Leave Return,,CAD,CA,2025-05-05 10:00:00,PAYROLL
EVT00104929,2025-05-22,EMP01342,CC0083,IT,1,Lateral Deployment,,CAD,CAN,2025-05-22 06:00:00,CORE_HR
EVT00105394,2025-05-11,EMP01371,CC0041,EN,3,Leave Return,,CAD,CA,2025-05-11 18:00:00,PAYROLL
EVT00104102,2025-05-12,EMP01251,CC0070,EN,3,Leave Return,,CAD,CA,2025-05-13 12:00:00,PAYROLL
EVT00103650,2025-05-04,EMP00583,CC0043,AS,2,Promotion,63414.95,CAD,CAN,2025-05-05 15:00:00,CORE_HR
EVT00103994,2025-05-21,EMP02102,CC0096,AS,5,Performance Pay,6543.43,CAD,CAN,2025-05-22 04:00:00,CORE_HR
EVT00104528,2025-05-14,EMP04667,CC0063,IT,2,Step Increment,109120.41,CAD,CA,2025-05-14 18:00:00,PAYROLL
EVT00105118,2025-05-02,EMP01760,CC0028,PA,4,Step Increment,103673.28,CAD,CA,2025-05-03 11:00:00,PAYROLL
EVT00104788,2025-05-11,EMP04406,CC0009,IT,2,Performance Pay,7168.72,GBP,GBR,2025-05-11 16:00:00,CORE_HR
EVT00104252,2025-05-06,EMP01136,CC0106,IT,2,Hire,102062.98,CAD,CAN,2025-05-06 23:00:00,CORE_HR
EVT00105530,2025-05-18,EMP00947,CC0091,EN,2,Step Increment,105031.76,CAD,CAN,2025-05-18 08:00:00,CORE_HR
EVT00105130,2025-05-16,EMP03213,CC0029,EC,5,Performance Pay,45026.7,AED,AE,2025-05-16 06:00:00,PAYROLL
EVT00103835,2025-05-09,EMP01505,CC0091,EC,2,Leave Return,,CAD,CAN,2025-05-09 11:00:00,CORE_HR
EVT00105519,2025-05-07,EMP01994,CC0099,EN,5,Performance Pay,7533.25,CAD,CAN,2025-05-07 13:00:00,CORE_HR
EVT00104988,2025-05-16,EMP03688,CC0011,EC,3,Performance Pay,10531.77,CAD,CAN,2025-05-17 08:00:00,CORE_HR
EVT00104485,2025-05-05,EMP00507,CC0108,EC,1,Leave Start,,KES,KE,2025-05-05 15:00:00,PAYROLL
EVT00104036,2025-05-09,EMP03096,CC0103,EN,1,Step Increment,85668.39,CAD,CA,2025-05-10 02:00:00,PAYROLL
EVT00103574,2025-05-23,EMP00419,CC0057,FI,1,Performance Pay,4911.47,CAD,CAN,2025-05-23 08:00:00,CORE_HR
EVT00104942,2025-05-05,EMP01811,CC0089,IT,2,Leave Return,,CAD,CA,2025-05-06 15:00:00,PAYROLL
EVT00103748,2025-05-26,EMP03452,CC0089,CR,4,Performance Pay,6097.42,CAD,CAN,2025-05-26 20:00:00,CORE_HR
EVT00104104,2025-05-16,EMP03746,CC0085,IT,1,Step Increment,82791.45,CAD,CAN,2025-05-16 23:00:00,CORE_HR
EVT00104265,2025-05-19,EMP00212,CC0043,FI,1,Step Increment,75155.7,CAD,CAN,2025-05-19 16:00:00,CORE_HR
EVT00103596,2025-05-06,EMP00054,CC0022,PA,3,Step Increment,95494.2,CAD,CAN,2025-05-06 07:00:00,CORE_HR
EVT00104786,2025-05-03,EMP04927,CC0058,AS,4,Leave Start,,CAD,CAN,2025-05-04 02:00:00,CORE_HR
EVT00105512,2025-05-06,EMP02996,CC0114,PA,5,Step Increment,99120.41,CAD,CA,2025-05-06 13:00:00,PAYROLL
EVT00104694,2025-05-13,EMP04935,CC0054,AS,1,Performance Pay,9925.85,BRL,BRA,2025-05-13 12:00:00,CORE_HR
EVT00103671,2025-05-23,EMP00278,CC0061,AS,5,Performance Pay,11543.29,CAD,CA,2025-05-23 13:00:00,PAYROLL
EVT00104867,2025-05-10,EMP05058,CC0044,PA,2,Step Increment,71927.33,CAD,CAN,2025-05-11 11:00:00,CORE_HR
EVT00105423,2025-05-13,EMP02331,CC0028,IT,1,Performance Pay,12080.93,CAD,CA,2025-05-13 19:00:00,PAYROLL
EVT00103892,2025-05-06,EMP00380,CC0058,CR,1,Departure,,CAD,CA,2025-05-06 10:00:00,PAYROLL
EVT00103735,2025-05-26,EMP02655,CC0107,CR,3,Step Increment,76195.16,CAD,CA,2025-05-26 23:00:00,PAYROLL
EVT00105185,2025-05-19,EMP01906,CC0060,CR,5,Step Increment,82001.38,CAD,CAN,2025-05-20 03:00:00,CORE_HR
EVT00104909,2025-05-09,EMP05132,CC0021,IT,3,Leave Start,,CAD,CAN,2025-05-09 21:00:00,CORE_HR
EVT00105057,2025-05-14,EMP01470,CC0105,IT,1,Performance Pay,7714.72,AUD,AUS,2025-05-14 16:00:00,CORE_HR
EVT00104889,2025-05-05,EMP00934,CC0025,CR,2,Performance Pay,3137.73,CAD,CA,2025-05-05 08:00:00,PAYROLL
EVT00103688,2025-05-16,EMP04373,CC0032,PA,1,Performance Pay,6963.39,CAD,CAN,2025-05-17 12:00:00,CORE_HR
EVT00104301,2025-05-05,EMP02003,CC0114,EX,1,Promotion,134314.15,CAD,CA,2025-05-06 05:00:00,PAYROLL
EVT00104707,2025-05-05,EMP01519,CC0047,CR,2,Departure,,CAD,CAN,2025-05-06 04:00:00,CORE_HR
EVT00105066,2025-05-25,EMP04951,CC0093,PA,3,Performance Pay,3512.44,CAD,CAN,2025-05-26 06:00:00,CORE_HR
EVT00105324,2025-05-27,EMP00212,CC0043,FI,1,Leave Start,,CAD,CA,2025-05-28 04:00:00,PAYROLL
EVT00103908,2025-05-12,EMP00351,CC0076,AS,3,Leave Start,,CAD,CA,2025-05-13 08:00:00,PAYROLL
EVT00104213,2025-05-06,EMP00528,CC0105,IT,4,Performance Pay,12923.44,USD,US,2025-05-06 11:00:00,PAYROLL
EVT00104911,2025-05-03,EMP03612,CC0097,EC,2,Departure,,CAD,CAN,2025-05-03 11:00:00,CORE_HR
EVT00104511,2025-05-13,EMP03175,CC0043,EX,2,Lateral Deployment,,CAD,CAN,2025-05-13 10:00:00,CORE_HR
EVT00103709,2025-05-17,EMP03959,CC0048,AS,2,Performance Pay,6311.93,CAD,CAN,2025-05-17 16:00:00,CORE_HR
EVT00104399,2025-05-09,EMP03334,CC0087,AS,2,Step Increment,68080.85,CAD,CAN,2025-05-09 17:00:00,CORE_HR
EVT00104419,2025-05-24,EMP00583,CC0043,AS,2,Leave Start,,CAD,CA,2025-05-25 09:00:00,PAYROLL
EVT00104627,2025-05-18,EMP01888,CC0069,IT,3,Promotion,122494.85,CAD,CA,2025-05-18 12:00:00,PAYROLL
EVT00104151,2025-05-19,EMP04520,CC0057,PA,3,Departure,,CAD,CA,2025-05-20 07:00:00,PAYROLL
EVT00104951,2025-05-27,EMP01558,CC0013,PA,2,Performance Pay,9530.99,CAD,CAN,2025-05-28 08:00:00,CORE_HR
EVT00105009,2025-05-04,EMP01993,CC0111,FI,2,Departure,,SGD,SG,2025-05-05 11:00:00,PAYROLL
EVT00104470,2025-05-01,EMP01937,CC0044,PA,1,Step Increment,64970.08,CAD,CAN,2025-05-02 11:00:00,CORE_HR
EVT00103728,2025-05-14,EMP04683,CC0077,PA,1,Performance Pay,5330.22,CAD,CA,2025-05-14 18:00:00,PAYROLL
EVT00104280,2025-05-20,EMP03778,CC0060,AS,1,Step Increment,67214.61,CAD,CAN,2025-05-20 23:00:00,CORE_HR
EVT00104176,2025-05-06,EMP00209,CC0026,FI,2,Performance Pay,7936.12,CAD,CAN,2025-05-07 09:00:00,CORE_HR
EVT00105238,2025-05-11,EMP02274,CC0069,EN,5,Leave Return,,CAD,CAN,2025-05-12 05:00:00,CORE_HR
EVT00104540,2025-05-16,EMP03436,CC0062,PA,3,Step Increment,93134.62,CAD,CAN,2025-05-17 15:00:00,CORE_HR
EVT00104183,2025-05-01,EMP01915,CC0025,IT,3,Departure,,CAD,CAN,2025-05-02 15:00:00,CORE_HR
EVT00104488,2025-05-13,EMP04100,CC0007,IT,3,Hire,15252970.48,KES,KEN,2025-05-14 05:00:00,CORE_HR
EVT00103705,2025-05-09,EMP04587,CC0086,FI,2,Step Increment,7946098.09,JPY,JP,2025-05-10 08:00:00,PAYROLL
EVT00103659,2025-05-19,EMP01354,CC0017,EN,1,Step Increment,93327.69,CAD,CAN,2025-05-20 07:00:00,CORE_HR
EVT00105139,2025-05-03,EMP03831,CC0111,FI,2,Step Increment,49863.71,SGD,SGP,2025-05-03 17:00:00,CORE_HR
EVT00104228,2025-05-16,EMP02604,CC0014,FI,3,Leave Start,,CAD,CAN,2025-05-16 07:00:00,CORE_HR
EVT00103598,2025-05-18,EMP00900,CC0105,EX,2,Step Increment,122965.71,EUR,FR,2025-05-18 18:00:00,PAYROLL
EVT00104411,2025-05-09,EMP00940,CC0113,IT,1,Departure,,CAD,CAN,2025-05-10 10:00:00,CORE_HR
EVT00104389,2025-05-02,EMP03027,CC0029,PA,1,Step Increment,40393.17,GBP,GBR,2025-05-03 08:00:00,CORE_HR
EVT00104853,2025-05-24,EMP01062,CC0077,IT,2,Step Increment,93494.7,CAD,CAN,2025-05-24 18:00:00,CORE_HR
EVT00105529,2025-05-04,EMP04527,CC0107,PA,4,Leave Return,,CAD,CA,2025-05-04 16:00:00,PAYROLL
EVT00103875,2025-05-06,EMP01148,CC0103,EX,2,Step Increment,173629.34,CAD,CAN,2025-05-07 09:00:00,CORE_HR
EVT00105174,2025-05-25,EMP02812,CC0094,PA,2,Performance Pay,5763.13,CAD,CAN,2025-05-25 20:00:00,CORE_HR
EVT00105000,2025-05-09,EMP01126,CC0090,IT,1,Leave Return,,CAD,CA,2025-05-10 00:00:00,PAYROLL
EVT00105391,2025-05-23,EMP00784,CC0098,IT,4,Leave Start,,CAD,CA,2025-05-23 06:00:00,PAYROLL
EVT00103569,2025-05-14,EMP03466,CC0012,IT,5,Leave Return,,CAD,CA,2025-05-15 15:00:00,PAYROLL
EVT00105278,2025-05-17,EMP02379,CC0001,EX,2,Leave Start,,CAD,CAN,2025-05-17 18:00:00,CORE_HR
EVT00104359,2025-05-11,EMP02796,CC0071,IT,4,Performance Pay,12012.09,CAD,CA,2025-05-11 13:00:00,PAYROLL
EVT00104643,2025-05-11,EMP00472,CC0031,FI,2,Leave Start,,AED,ARE,2025-05-11 10:00:00,CORE_HR
EVT00105414,2025-05-04,EMP03251,CC0076,EC,3,Hire,111238.85,CAD,CA,2025-05-06 09:00:00,PAYROLL
EVT00105106,2025-05-20,EMP03138,CC0006,FI,2,Step Increment,92458.04,CAD,CAN,2025-05-21 10:00:00,CORE_HR
EVT00104019,2025-05-20,EMP05189,CC0018,EX,2,Departure,,CAD,CAN,2025-05-20 11:00:00,CORE_HR
EVT00103635,2025-05-12,EMP04046,CC0046,PA,5,Step Increment,63964.0,GBP,GBR,2025-05-13 15:00:00,CORE_HR
EVT00103633,2025-05-15,EMP00500,CC0042,PA,1,Performance Pay,3115.62,CAD,CAN,2025-05-16 04:00:00,CORE_HR
EVT00103871,2025-05-21,EMP01170,CC0088,PA,5,Lateral Deployment,,AED,ARE,2025-05-23 18:00:00,CORE_HR
EVT00104516,2025-05-02,EMP01849,CC0083,PA,5,Leave Return,,CAD,CA,2025-05-02 14:00:00,PAYROLL
EVT00104617,2025-05-20,EMP00643,CC0120,EN,3,Performance Pay,6395.91,CAD,CAN,2025-05-21 12:00:00,CORE_HR
EVT00105317,2025-05-04,EMP03751,CC0044,IT,1,Lateral Deployment,,CAD,CA,2025-05-05 08:00:00,PAYROLL
EVT00104132,2025-05-22,EMP01614,CC0107,EC,4,Leave Return,,CAD,CAN,2025-05-23 14:00:00,CORE_HR
EVT00103798,2025-05-06,EMP02527,CC0107,IT,4,Step Increment,97212.0,CAD,CA,2025-05-07 02:00:00,PAYROLL
EVT00105240,2025-05-26,EMP04756,CC0076,AS,5,Promotion,102440.67,CAD,CA,2025-05-27 09:00:00,PAYROLL
EVT00103897,2025-05-11,EMP01521,CC0007,IT,1,Step Increment,1398686.46,MXN,MX,2025-05-12 10:00:00,PAYROLL
EVT00104202,2025-05-05,EMP03903,CC0034,FI,4,Leave Start,,CAD,CAN,2025-05-05 23:00:00,CORE_HR
EVT00104858,2025-05-16,EMP02076,CC0034,PA,1,Leave Start,,CAD,CAN,2025-05-17 03:00:00,CORE_HR
EVT00103583,2025-05-03,EMP04788,CC0086,AS,4,Step Increment,1272976.99,MXN,MEX,2025-05-04 02:00:00,CORE_HR
EVT00104351,2025-05-25,EMP04455,CC0001,IT,3,Lateral Deployment,,CAD,CAN,2025-05-26 05:00:00,CORE_HR
EVT00104126,2025-05-26,EMP00501,CC0006,FI,1,Leave Start,,CAD,CAN,2025-05-27 00:00:00,CORE_HR
EVT00104355,2025-05-15,EMP02026,CC0094,EC,3,Performance Pay,10103.7,CAD,CAN,2025-05-16 12:00:00,CORE_HR
EVT00104271,2025-05-11,EMP03501,CC0070,EC,4,Promotion,109652.14,CAD,CAN,2025-05-11 07:00:00,CORE_HR
EVT00105125,2025-05-11,EMP00042,CC0100,IT,1,Performance Pay,6191.44,CAD,CAN,2025-05-12 14:00:00,CORE_HR
EVT00105227,2025-05-04,EMP03532,CC0031,IT,1,Step Increment,46887.16,GBP,GBR,2025-05-05 07:00:00,CORE_HR
EVT00105312,2025-05-10,EMP03781,CC0051,EN,2,Step Increment,98154.0,CAD,CA,2025-05-10 20:00:00,PAYROLL
EVT00104074,2025-05-21,EMP01407,CC0012,PA,4,Leave Start,,CAD,CA,2025-05-21 16:00:00,PAYROLL
EVT00104704,2025-05-09,EMP04356,CC0039,IT,3,Departure,,CAD,CAN,2025-05-10 09:00:00,CORE_HR
EVT00105420,2025-05-10,EMP01877,CC0013,PA,5,Step Increment,108285.78,CAD,CAN,2025-05-11 08:00:00,CORE_HR
EVT00104224,2025-05-11,EMP04512,CC0032,EC,5,Leave Start,,CAD,CAN,2025-05-12 11:00:00,CORE_HR
EVT00103857,2025-05-20,EMP01765,CC0048,CR,2,Lateral Deployment,,CAD,CAN,2025-05-21 14:00:00,CORE_HR
EVT00104522,2025-05-14,EMP01775,CC0015,EN,4,Step Increment,146791.97,CAD,CAN,2025-05-14 08:00:00,CORE_HR
EVT00103785,2025-05-19,EMP04665,CC0023,PA,2,Step Increment,75971.57,CAD,CA,2025-05-20 05:00:00,PAYROLL
EVT00103641,2025-05-07,EMP01486,CC0076,IT,1,Hire,76058.78,CAD,CA,2025-05-07 16:00:00,PAYROLL
EVT00103884,2025-05-03,EMP03415,CC0046,IT,1,Leave Return,,USD,USA,2025-05-04 05:00:00,CORE_HR
EVT00104638,2025-05-20,EMP02401,CC0059,IT,3,Step Increment,133290.16,CAD,CAN,2025-05-21 15:00:00,CORE_HR
EVT00103944,2025-05-24,EMP03596,CC0073,EC,2,Performance Pay,7930.42,CAD,CA,2025-05-24 20:00:00,PAYROLL
EVT00104026,2025-05-01,EMP02425,CC0113,EX,2,Performance Pay,13910.22,CAD,CAN,2025-05-01 15:00:00,CORE_HR
EVT00103852,2025-05-24,EMP03723,CC0054,PA,4,Leave Start,,USD,US,2025-05-25 05:00:00,PAYROLL
EVT00103754,2025-05-10,EMP01707,CC0014,PA,1,Step Increment,62166.03,CAD,CA,2025-05-11 12:00:00,PAYROLL
EVT00105437,2025-05-03,EMP04827,CC0092,EC,1,Leave Start,,CAD,CA,2025-05-03 07:00:00,PAYROLL
EVT00103854,2025-05-14,EMP02220,CC0061,PA,1,Lateral Deployment,,CAD,CAN,2025-05-15 07:00:00,CORE_HR
EVT00105552,2025-05-21,EMP00611,CC0082,IT,2,Leave Return,,CAD,CA,2025-05-21 21:00:00,PAYROLL
EVT00103815,2025-05-01,EMP00119,CC0082,CR,2,Step Increment,59587.72,CAD,CAN,2025-05-01 23:00:00,CORE_HR
EVT00105549,2025-05-07,EMP01740,CC0052,FI,2,Lateral Deployment,,CAD,CA,2025-05-07 19:00:00,PAYROLL
EVT00104390,2025-05-27,EMP01769,CC0053,AS,2,Performance Pay,3208.25,CAD,CAN,2025-05-27 07:00:00,CORE_HR
EVT00104964,2025-05-27,EMP01989,CC0021,IT,1,Performance Pay,6334.84,CAD,CA,2025-05-27 15:00:00,PAYROLL
EVT00103850,2025-05-24,EMP04484,CC0033,CR,3,Departure,,CAD,CAN,2025-05-25 02:00:00,CORE_HR
EVT00104062,2025-05-20,EMP02394,CC0021,PA,4,Step Increment,97556.23,CAD,CA,2025-05-20 12:00:00,PAYROLL
EVT00103784,2025-05-12,EMP04739,CC0051,IT,5,Leave Return,,CAD,CA,2025-05-12 16:00:00,PAYROLL
EVT00103987,2025-05-27,EMP03430,CC0114,FI,2,Departure,,CAD,CA,2025-05-28 07:00:00,PAYROLL
EVT00105168,2025-05-17,EMP00994,CC0083,IT,4,Departure,,CAD,CA,2025-05-17 23:00:00,PAYROLL
EVT00104477,2025-05-13,EMP01460,CC0080,FI,2,Step Increment,66021.03,EUR,FRA,2025-05-13 06:00:00,CORE_HR
EVT00104985,2025-05-26,EMP01796,CC0038,EC,2,Hire,85668.87,CAD,CA,2025-05-27 00:00:00,PAYROLL
EVT00105086,2025-05-20,EMP04484,CC0033,CR,3,Promotion,59407.7,CAD,CA,2025-05-21 11:00:00,PAYROLL
EVT00103825,1900-01-01,EMP00635,CC0079,EC,3,Performance Pay,4859.48,CAD,CA,2025-05-22 22:00:00,PAYROLL
EVT00104163,2025-05-03,EMP01707,CC0014,PA,1,Departure,,CAD,CA,2025-05-03 19:00:00,PAYROLL
EVT00105186,2025-05-23,EMP02002,CC0016,AS,1,Step Increment,55664.43,CAD,CA,2025-05-24 05:00:00,PAYROLL
EVT00103966,2025-05-02,EMP04343,CC0023,EN,1,Performance Pay,8744.57,CAD,CAN,2025-05-02 15:00:00,CORE_HR
EVT00103844,2025-05-26,EMP01053,CC0095,PA,2,Hire,84493.17,CAD,CAN,2025-05-26 22:00:00,CORE_HR
EVT00103742,2025-05-12,EMP02357,CC0028,AS,2,Promotion,72135.43,CAD,CAN,2025-05-12 22:00:00,CORE_HR
EVT00105190,2025-05-14,EMP02070,CC0081,AS,3,Leave Start,,CAD,CAN,2025-05-14 15:00:00,CORE_HR
EVT00103694,2025-05-01,EMP04895,CC0047,AS,4,Leave Return,,CAD,CA,2025-05-01 16:00:00,PAYROLL
EVT00104752,2025-05-19,EMP03028,CC0005,PA,3,Step Increment,88225.76,CAD,CA,2025-05-19 14:00:00,PAYROLL
EVT00105247,2025-05-06,EMP02668,CC0055,IT,1,Step Increment,106594.92,CAD,CA,2025-05-07 12:00:00,PAYROLL
EVT00105218,2025-05-11,EMP00070,CC0038,CR,2,Step Increment,62043.73,CAD,CAN,2025-05-12 12:00:00,CORE_HR
EVT00105316,2025-05-21,EMP04564,CC0016,IT,2,Performance Pay,11449.76,CAD,CAN,2025-05-22 11:00:00,CORE_HR
EVT00103670,2025-05-05,EMP04210,CC0049,EC,2,Leave Start,,AUD,AU,2025-05-05 18:00:00,PAYROLL
EVT00105206,2025-05-20,EMP01860,CC0059,EX,1,Step Increment,157864.48,CAD,CAN,2025-05-21 00:00:00,CORE_HR
EVT00104834,2025-05-13,EMP04108,CC0007,CR,1,Performance Pay,3826.16,GBP,GB,2025-05-13 16:00:00,PAYROLL
EVT00104839,2025-05-07,EMP02526,CC0014,EC,1,Hire,83736.29,CAD,CAN,2025-05-07 08:00:00,CORE_HR
EVT00105380,2025-05-06,EMP01166,CC0115,IT,3,Step Increment,117556.7,CAD,CAN,2025-05-08 08:00:00,CORE_HR
EVT00105194,2025-05-22,EMP03834,CC0068,PA,5,Promotion,110618.78,CAD,CA,2025-05-22 07:00:00,PAYROLL
EVT00104580,2025-05-03,EMP03767,CC0014,IT,3,Leave Return,,CAD,CAN,2025-05-04 00:00:00,CORE_HR
EVT00104601,2025-05-17,EMP04971,CC0091,IT,3,Leave Start,,CAD,CA,2025-05-17 12:00:00,PAYROLL
EVT00104606,2025-05-11,EMP00046,CC0027,PA,2,Promotion,74881.85,CAD,CAN,2025-05-11 16:00:00,CORE_HR
EVT00105539,2025-05-22,EMP03469,CC0040,IT,1,Performance Pay,9526.91,CAD,CAN,2025-05-22 13:00:00,CORE_HR
EVT00104595,2025-05-05,EMP02403,CC0062,EC,1,Hire,79987.92,CAD,CAN,2025-05-06 12:00:00,CORE_HR
EVT00105200,2025-05-12,EMP03106,CC0111,FI,2,Performance Pay,27558.26,AED,ARE,2025-05-12 08:00:00,CORE_HR
EVT00104711,2025-05-25,EMP03450,CC0094,AS,3,Step Increment,83034.69,CAD,CAN,2025-05-27 01:00:00,CORE_HR
EVT00104935,2025-05-19,EMP00006,CC0037,CR,2,Hire,64758.53,CAD,CAN,2025-05-19 22:00:00,CORE_HR
EVT00104688,2025-05-25,EMP02282,CC0035,EN,3,Promotion,151720.49,CAD,CAN,2025-05-25 21:00:00,CORE_HR
EVT00103866,2025-05-09,EMP03138,CC0006,FI,2,Step Increment,88291.11,CAD,CA,2025-05-11 06:00:00,PAYROLL
EVT00104435,2025-05-25,EMP03073,CC0006,AS,4,Step Increment,87481.22,CAD,CAN,2025-05-25 16:00:00,CORE_HR
EVT00104350,2025-05-04,EMP03557,CC0009,PA,2,Lateral Deployment,,MXN,MX,2025-05-04 12:00:00,PAYROLL
EVT00103879,2025-05-19,EMP01257,CC0041,AS,2,Lateral Deployment,,CAD,CAN,2025-05-19 19:00:00,CORE_HR
EVT00103632,2025-05-12,EMP03190,CC0016,EN,2,Leave Return,,CAD,CAN,2025-05-12 08:00:00,CORE_HR
EVT00104253,2025-05-26,EMP04651,CC0103,CR,3,Leave Start,,CAD,CAN,2025-05-26 18:00:00,CORE_HR
EVT00104863,2025-05-20,EMP04085,CC0095,IT,3,Leave Return,,CAD,CAN,2025-05-21 08:00:00,CORE_HR
EVT00103779,2025-05-15,EMP04465,CC0082,PA,4,Leave Start,,CAD,CAN,2025-05-15 14:00:00,CORE_HR
EVT00104903,2025-05-22,EMP03923,CC0118,PA,4,Step Increment,102656.52,CAD,CA,2025-05-23 07:00:00,PAYROLL
EVT00103848,2025-05-17,EMP03054,CC0041,IT,5,Leave Start,,CAD,CAN,2025-05-18 06:00:00,CORE_HR
EVT00104802,2025-05-18,EMP00021,CC0052,AS,1,Step Increment,56817.01,CAD,CAN,2025-05-19 13:00:00,CORE_HR
EVT00104608,2025-05-21,EMP02651,CC0020,PA,3,Step Increment,85223.54,CAD,CA,2025-05-21 07:00:00,PAYROLL
EVT00104291,2025-05-19,EMP04358,CC0086,AS,4,Performance Pay,6271.6,GBP,GB,2025-05-19 20:00:00,PAYROLL
EVT00104506,2025-05-18,EMP02025,CC0108,PA,1,Step Increment,56104.37,EUR,DEU,2025-05-18 22:00:00,CORE_HR
EVT00104396,2025-05-26,EMP01653,CC0009,AS,1,Hire,227231.62,BRL,BRA,2025-05-27 04:00:00,CORE_HR
EVT00104614,2025-05-16,EMP00650,CC0058,PA,5,Leave Return,,CAD,CAN,2025-05-17 08:00:00,CORE_HR
EVT00104650,2025-05-20,EMP03604,CC0062,PA,4,Departure,,CAD,CAN,2025-05-21 04:00:00,CORE_HR
EVT00104059,2025-05-05,EMP01052,CC0072,EN,3,Departure,,CAD,CAN,2025-05-05 15:00:00,CORE_HR
EVT00103665,2025-05-03,EMP03982,CC0014,EC,1,Leave Return,,CAD,CAN,2025-05-04 05:00:00,CORE_HR
EVT00104836,2025-05-15,EMP04829,CC0081,EN,2,Promotion,108788.36,CAD,CAN,2025-05-15 06:00:00,CORE_HR
EVT00103652,2025-05-09,EMP01239,CC0035,PA,4,Step Increment,105595.7,CAD,CAN,2025-05-09 09:00:00,CORE_HR
EVT00105245,2025-05-27,EMP04331,CC0089,AS,3,Step Increment,75349.14,CAD,CA,2025-05-27 11:00:00,PAYROLL
EVT00105262,2025-05-04,EMP02463,CC0021,EN,1,Step Increment,94293.45,CAD,CA,2025-05-05 14:00:00,PAYROLL
EVT00104162,2025-05-05,EMP02694,CC0018,EN,3,Hire,120549.96,CAD,CAN,2025-05-06 12:00:00,CORE_HR
EVT00104167,2025-05-23,EMP00742,CC0014,AS,2,Performance Pay,8708.74,CAD,CA,2025-05-24 05:00:00,PAYROLL
EVT00104007,2025-05-14,EMP04180,CC0022,IT,5,Lateral Deployment,,CAD,CA,2025-05-15 07:00:00,PAYROLL
EVT00104469,2025-05-05,EMP03140,CC0068,IT,2,Lateral Deployment,,CAD,CAN,2025-05-06 12:00:00,CORE_HR
EVT00104249,2025-05-06,EMP04140,CC0079,PA,3,Leave Return,,CAD,CA,2025-05-07 00:00:00,PAYROLL
EVT00103706,2025-05-21,EMP01116,CC0065,FI,3,Step Increment,85126.02,EUR,DE,2025-05-21 13:00:00,PAYROLL
EVT00104431,2025-05-09,EMP05174,CC0092,PA,3,Performance Pay,9062.53,CAD,CAN,2025-05-09 11:00:00,CORE_HR
EVT00104510,2025-05-27,EMP03593,CC0050,EX,1,Leave Return,,CAD,CA,2025-05-27 17:00:00,PAYROLL
EVT00105297,2025-05-26,EMP00751,CC0117,IT,5,Departure,,CAD,CAN,2025-05-28 07:00:00,CORE_HR
EVT00103945,2025-05-27,EMP03843,CC0049,EX,1,Leave Start,,AED,ARE,2025-05-27 08:00:00,CORE_HR
EVT00105113,2025-05-19,EMP04715,CC0115,AS,4,Leave Start,,CAD,CAN,2025-05-20 03:00:00,CORE_HR
EVT00104443,2025-05-22,EMP05059,CC0066,FI,1,Performance Pay,10477.59,CAD,CAN,2025-05-22 22:00:00,CORE_HR
EVT00104712,2025-05-22,EMP02333,CC0109,PA,5,Step Increment,108588.44,CAD,CA,2025-05-22 15:00:00,PAYROLL
EVT00105490,2025-05-05,EMP00864,CC0068,IT,2,Step Increment,103884.12,CAD,CA,2025-05-05 23:00:00,PAYROLL
EVT00105451,2025-05-03,EMP02402,CC0109,CR,5,Leave Return,,CAD,CAN,2025-05-04 02:00:00,CORE_HR
EVT00104420,2025-05-11,EMP04279,CC0115,PA,5,Leave Start,,CAD,CA,2025-05-12 06:00:00,PAYROLL
EVT00104097,2025-05-09,EMP04670,CC0059,CR,1,Departure,,CAD,CA,2025-05-10 08:00:00,PAYROLL
EVT00104875,2025-05-25,EMP00631,CC0015,AS,1,Performance Pay,7052.67,CAD,CA,2025-05-25 15:00:00,PAYROLL
EVT00105071,2025-05-27,EMP02393,CC0009,AS,4,Hire,1106235.59,MXN,MEX,2025-05-28 03:00:00,CORE_HR
EVT00105171,2025-05-16,EMP04268,CC0005,PA,2,Departure,,CAD,CAN,2025-05-17 00:00:00,CORE_HR
EVT00104715,2025-05-26,EMP01650,CC0104,IT,1,Leave Return,,CAD,CAN,2025-05-26 10:00:00,CORE_HR
EVT00105149,2025-05-20,EMP05004,CC0113,PA,1,Leave Start,,CAD,CAN,2025-05-20 11:00:00,CORE_HR
EVT00104912,2025-05-19,EMP02113,CC0015,EN,2,Performance Pay,5369.56,CAD,CA,2025-05-20 02:00:00,PAYROLL
EVT00104816,2025-05-02,EMP02183,CC0040,IT,3,Lateral Deployment,,CAD,CA,2025-05-03 07:00:00,PAYROLL
EVT00105063,2025-05-07,EMP02494,CC0059,PA,2,Hire,71344.25,CAD,CA,2025-05-08 12:00:00,PAYROLL
EVT00104672,2025-05-21,EMP02614,CC0065,IT,3,Step Increment,66160.83,GBP,GBR,2025-05-22 03:00:00,CORE_HR
EVT00105012,2025-05-23,EMP01688,CC0080,CR,1,Lateral Deployment,,MXN,MX,2025-05-24 03:00:00,PAYROLL
EVT00105388,2025-05-18,EMP02366,CC0038,EC,3,Departure,,CAD,CAN,2025-05-19 03:00:00,CORE_HR
EVT00104379,2025-05-05,EMP00662,CC0063,EN,2,Step Increment,106776.8,CAD,CA,2025-05-05 06:00:00,PAYROLL
EVT00104696,2025-05-07,EMP02964,CC0055,PA,2,Leave Start,,CAD,CA,2025-05-08 12:00:00,PAYROLL
EVT00105166,2025-05-03,EMP03820,CC0115,PA,4,Hire,102560.35,CAD,CA,2025-05-03 21:00:00,PAYROLL
EVT00105399,2025-05-25,EMP03587,CC0069,FI,1,Step Increment,86329.75,CAD,CA,2025-05-25 18:00:00,PAYROLL
EVT00103995,2025-05-01,EMP03740,CC0048,FI,5,Leave Start,,CAD,CAN,2025-05-01 09:00:00,CORE_HR
EVT00105471,2025-05-23,EMP04052,CC0025,IT,2,Step Increment,102971.4,CAD,CAN,2025-05-24 11:00:00,CORE_HR
EVT00103573,2025-05-18,EMP00841,CC0055,EN,5,Step Increment,141082.18,CAD,CA,2025-05-19 07:00:00,PAYROLL
EVT00103794,2025-05-19,EMP02534,CC0011,EX,1,Hire,146019.63,CAD,CA,2025-05-22 20:00:00,PAYROLL
EVT00104375,2025-05-18,EMP01153,CC0031,AS,3,Promotion,55968.81,EUR,FRA,2025-05-19 04:00:00,CORE_HR
EVT00103755,2025-05-01,EMP00601,CC0082,FI,4,Lateral Deployment,,CAD,CAN,2025-05-01 06:00:00,CORE_HR
EVT00105216,2025-05-27,EMP03997,CC0050,IT,3,Leave Start,,CAD,CAN,2025-05-27 11:00:00,CORE_HR
EVT00104083,2025-05-08,EMP01015,CC0027,CR,2,Leave Return,,CAD,CA,2025-05-09 00:00:00,PAYROLL
EVT00103647,2025-05-19,EMP04059,CC0118,FI,1,Hire,75739.83,CAD,CAN,2025-05-20 05:00:00,CORE_HR
EVT00104264,2025-05-16,EMP02414,CC0009,CR,1,Performance Pay,659126.41,JPY,JPN,2025-05-17 10:00:00,CORE_HR
EVT00104124,2025-05-05,EMP02399,CC0083,EN,1,Performance Pay,7107.34,CAD,CAN,2025-05-06 08:00:00,CORE_HR
EVT00104125,2025-05-14,EMP03332,CC0076,EX,3,Step Increment,200409.81,CAD,CAN,2025-05-14 08:00:00,CORE_HR
EVT00104699,2025-05-19,EMP02165,CC0039,FI,2,Leave Return,,CAD,CAN,2025-05-20 12:00:00,CORE_HR
EVT00103611,2025-05-16,EMP04596,CC0057,FI,3,Performance Pay,14394.67,CAD,CA,2025-05-17 01:00:00,PAYROLL
EVT00104684,2025-05-03,EMP00217,CC0087,IT,2,Leave Start,,CAD,CAN,2025-05-05 05:00:00,CORE_HR
EVT00105386,2025-05-02,EMP03367,CC0085,CR,2,Step Increment,66573.4,CAD,CAN,2025-05-02 07:00:00,CORE_HR
EVT00104953,2025-05-11,EMP01987,CC0081,IT,1,Step Increment,91365.92,CAD,CAN,2025-05-12 02:00:00,CORE_HR
EVT00104412,2025-05-18,EMP01300,CC0091,EX,1,Leave Start,,CAD,CAN,2025-05-18 09:00:00,CORE_HR
EVT00104660,2025-05-05,EMP03760,CC0058,AS,1,Lateral Deployment,,CAD,CAN,2025-05-05 10:00:00,CORE_HR
EVT00105043,2025-05-19,EMP03928,CC0043,EC,3,Leave Return,,CAD,CAN,2025-05-20 00:00:00,CORE_HR
EVT00104071,2025-05-25,EMP01957,CC0096,AS,2,Performance Pay,3000.82,CAD,CA,2025-05-25 22:00:00,PAYROLL
EVT00104430,2025-05-26,EMP01454,CC0041,AS,2,Performance Pay,5004.84,CAD,CA,2025-05-27 09:00:00,PAYROLL
EVT00104233,2025-05-16,EMP03654,CC0074,EN,2,Step Increment,12847125.61,KES,KE,2025-05-17 13:00:00,PAYROLL
EVT00104815,2025-05-04,EMP04431,CC0066,EX,1,Lateral Deployment,,CAD,CAN,2025-05-04 10:00:00,CORE_HR
EVT00104790,2025-05-15,EMP02925,CC0021,PA,4,Step Increment,90458.67,CAD,CA,2025-05-15 22:00:00,PAYROLL
EVT00104207,2025-05-23,EMP01310,CC0072,IT,3,Step Increment,142358.38,CAD,CA,2025-05-23 19:00:00,PAYROLL
EVT00104809,2025-05-02,EMP02712,CC0066,FI,1,Step Increment,82305.65,CAD,CAN,2025-05-03 12:00:00,CORE_HR
EVT00105156,2025-05-19,EMP02415,CC0120,IT,2,Performance Pay,5997.0,CAD,CAN,2025-05-19 16:00:00,CORE_HR
EVT00103764,2025-05-20,EMP01692,CC0018,FI,2,Leave Start,,CAD,CAN,2025-05-20 09:00:00,CORE_HR
EVT00104235,2025-05-09,EMP03614,CC0104,EX,1,Step Increment,123214.03,CAD,CAN,2025-05-09 06:00:00,CORE_HR
EVT00105344,2025-05-10,EMP00800,CC0093,PA,4,Leave Start,,CAD,CAN,2025-05-10 21:00:00,CORE_HR
EVT00104041,2025-05-07,EMP02147,CC0016,PA,3,Leave Start,,CAD,CAN,2025-05-07 15:00:00,CORE_HR
EVT00104944,2025-05-09,EMP03902,CC0030,EC,2,Departure,,KES,KE,2025-05-09 13:00:00,PAYROLL
EVT00104803,2025-05-18,EMP02313,CC0087,EC,3,Step Increment,112576.69,CAD,CA,2025-05-19 00:00:00,PAYROLL
EVT00104145,2025-05-10,EMP04401,CC0030,AS,4,Step Increment,59524.3,SGD,SGP,2025-05-10 11:00:00,CORE_HR
EVT00103649,2025-05-11,EMP03971,CC0099,PA,2,Step Increment,63250.14,CAD,CAN,2025-05-11 10:00:00,CORE_HR
EVT00103603,2025-05-11,EMP00320,CC0027,FI,3,Step Increment,98190.26,CAD,CA,2025-05-12 13:00:00,PAYROLL
EVT00103776,2025-05-05,EMP02725,CC0116,PA,2,Hire,66180.29,CAD,CAN,2025-05-06 00:00:00,CORE_HR
EVT00103963,2025-05-23,EMP04884,CC0108,EN,3,Step Increment,1993925.57,MXN,MEX,2025-05-23 15:00:00,CORE_HR
EVT00104186,2025-05-23,EMP00935,CC0109,PA,1,Step Increment,49953.09,CAD,CAN,2025-05-24 06:00:00,CORE_HR
EVT00104169,2025-05-21,EMP04431,CC0066,EX,1,Lateral Deployment,,CAD,CAN,2025-05-21 18:00:00,CORE_HR
EVT00104958,2025-05-02,EMP02773,CC0088,PA,1,Step Increment,39384.25,GBP,GBR,2025-05-02 14:00:00,CORE_HR
EVT00105430,2025-05-22,EMP01623,CC0033,EN,4,Performance Pay,13473.33,CAD,CA,2025-05-23 15:00:00,PAYROLL
EVT00105038,2025-05-05,EMP01256,CC0008,FI,3,Leave Return,,CAD,CAN,2025-05-06 10:00:00,CORE_HR
EVT00104899,2025-05-07,EMP03264,CC0089,FI,1,Lateral Deployment,,CAD,CA,2025-05-07 23:00:00,PAYROLL
EVT00105188,2025-05-11,EMP01390,CC0046,AS,4,Leave Return,,SGD,SG,2025-05-12 08:00:00,PAYROLL
EVT00103935,2025-05-15,EMP02313,CC0087,EC,3,Promotion,97582.89,CAD,CAN,2025-05-16 04:00:00,CORE_HR
EVT00104667,2025-05-14,EMP00205,CC0115,IT,2,Performance Pay,6593.87,CAD,CAN,2025-05-15 19:00:00,CORE_HR
EVT00104893,2025-05-07,EMP01421,CC0058,AS,3,Leave Return,,CAD,CAN,2025-05-07 14:00:00,CORE_HR
EVT00105508,2025-05-01,EMP02597,CC0058,FI,2,Leave Start,,CAD,CA,2025-05-01 10:00:00,PAYROLL
EVT00104040,2025-05-06,EMP00328,CC0022,IT,2,Leave Return,,CAD,CAN,2025-05-06 14:00:00,CORE_HR
EVT00105430,2025-05-22,EMP01623,CC0033,EN,4,Performance Pay,13473.33,CAD,CA,2025-05-23 07:00:00,PAYROLL
EVT00104358,2025-05-07,EMP01467,CC0116,EN,4,Departure,,CAD,CAN,2025-05-07 09:00:00,CORE_HR
EVT00104436,2025-05-22,EMP00449,CC0040,EX,1,Promotion,154787.54,CAD,CAN,2025-05-22 19:00:00,CORE_HR
EVT00105415,2025-05-07,EMP03752,CC0084,FI,2,Step Increment,91259.3,CAD,CA,2025-05-08 03:00:00,PAYROLL
EVT00103686,2025-05-26,EMP01988,CC0081,EX,3,Step Increment,193342.01,CAD,CAN,2025-05-26 22:00:00,CORE_HR
EVT00104548,2025-05-05,EMP00895,CC0056,EC,1,Step Increment,85351.37,CAD,CAN,2025-05-05 22:00:00,CORE_HR
EVT00105556,2025-05-14,EMP03311,CC0118,EX,1,Leave Return,,CAD,CA,2025-05-14 13:00:00,PAYROLL
EVT00104167,2025-05-23,EMP00742,CC0014,AS,2,Performance Pay,8708.74,CAD,CA,2025-05-25 18:00:00,PAYROLL
EVT00103821,2025-05-02,EMP02588,CC0114,EN,3,Lateral Deployment,,CAD,CA,2025-05-03 09:00:00,PAYROLL
EVT00103861,2025-05-23,EMP05181,CC0102,EN,1,Step Increment,85873.52,CAD,CAN,2025-05-23 18:00:00,CORE_HR
EVT00104135,2025-05-26,EMP03378,CC0019,AS,3,Performance Pay,3994.71,CAD,CAN,2025-05-28 02:00:00,CORE_HR
EVT00103730,2025-05-06,EMP03206,CC0090,PA,1,Performance Pay,6557.86,CAD,CAN,2025-05-06 20:00:00,CORE_HR
EVT00104922,2025-05-26,EMP04891,CC0046,IT,2,Step Increment,5697484.29,INR,IND,2025-05-26 17:00:00,CORE_HR
EVT00104954,2025-05-10,EMP04609,CC0097,EC,3,Leave Return,,CAD,CAN,2025-05-11 04:00:00,CORE_HR
EVT00104765,2025-05-27,EMP04920,CC0086,PA,2,Performance Pay,105895.04,MXN,MX,2025-05-27 11:00:00,PAYROLL
EVT00104568,2025-05-02,EMP02692,CC0033,PA,4,Promotion,95020.35,CAD,CAN,2025-05-02 15:00:00,CORE_HR
EVT00104405,2025-05-17,EMP03123,CC0048,AS,5,Step Increment,92330.68,CAD,CA,2025-05-17 17:00:00,PAYROLL
EVT00103721,2025-05-23,EMP04003,CC0042,PA,4,Leave Return,,CAD,CAN,2025-05-24 03:00:00,CORE_HR
EVT00103560,2025-05-17,EMP03432,CC0039,AS,5,Lateral Deployment,,CAD,CA,2025-05-18 00:00:00,PAYROLL
EVT00105289,2025-05-10,EMP03989,CC0041,FI,3,Leave Return,,CAD,CAN,2025-05-10 14:00:00,CORE_HR
EVT00104046,2025-05-11,EMP03783,CC0057,PA,2,Step Increment,79442.29,CAD,CAN,2025-05-11 10:00:00,CORE_HR
EVT00104751,2025-05-04,EMP00404,CC0101,CR,2,Hire,62487.92,CAD,CAN,2025-05-05 01:00:00,CORE_HR
EVT00104337,2025-05-02,EMP00327,CC0027,EN,1,Lateral Deployment,,CAD,CA,2025-05-03 13:00:00,PAYROLL
EVT00104460,2025-05-09,EMP00675,CC0046,AS,1,Performance Pay,3475.45,SGD,SGP,2025-05-10 10:00:00,CORE_HR
EVT00104092,2025-05-06,EMP01854,CC0072,IT,4,Leave Start,,CAD,CAN,2025-05-06 22:00:00,CORE_HR
EVT00104209,2025-05-08,EMP03492,CC0088,EX,1,Leave Start,,AED,ARE,2025-05-08 16:00:00,CORE_HR
EVT00103739,2025-05-18,EMP02676,CC0071,CR,4,Step Increment,68882.06,CAD,CAN,2025-05-20 09:00:00,CORE_HR
EVT00105367,2025-05-07,EMP00069,CC0099,AS,1,Departure,,CAD,CAN,2025-05-08 15:00:00,CORE_HR
EVT00105210,2025-05-15,EMP02211,CC0004,PA,4,Leave Start,,CAD,CA,2025-05-15 12:00:00,PAYROLL
EVT00105369,2025-05-17,EMP03262,CC0104,IT,2,Promotion,109281.77,CAD,CAN,2025-05-18 01:00:00,CORE_HR
EVT00105533,2025-05-12,EMP00864,CC0068,IT,2,Leave Return,,CAD,CAN,2025-05-12 21:00:00,CORE_HR
EVT00103770,2025-05-02,EMP03571,CC0038,EX,3,Promotion,178233.87,CAD,CAN,2025-05-03 15:00:00,CORE_HR
EVT00104180,2025-05-18,EMP02749,CC0053,PA,2,Leave Start,,CAD,CAN,2025-05-18 17:00:00,CORE_HR
EVT00104311,2025-05-10,EMP00044,CC0011,CR,3,Performance Pay,9035.04,CAD,CAN,2025-05-10 17:00:00,CORE_HR
EVT00105421,2025-05-14,EMP03998,CC0049,EN,4,Leave Start,,EUR,DE,2025-05-14 08:00:00,PAYROLL
EVT00104881,2025-05-22,EMP01799,CC0067,AS,3,Performance Pay,4451.28,CAD,CAN,2025-05-22 17:00:00,CORE_HR
EVT00104060,2025-05-02,EMP00229,CC0034,PA,3,Leave Return,,CAD,CAN,2025-05-03 07:00:00,CORE_HR
EVT00105301,2025-05-18,EMP04709,CC0072,EX,2,Promotion,184364.81,CAD,CA,2025-05-19 11:00:00,PAYROLL
EVT00104381,2025-05-01,EMP04229,CC0113,IT,5,Leave Return,,CAD,CA,2025-05-02 05:00:00,PAYROLL
EVT00105055,2025-05-20,EMP02752,CC0036,PA,3,Step Increment,69063.04,CAD,CAN,2025-05-20 16:00:00,CORE_HR
EVT00105449,2025-05-04,EMP03394,CC0071,EN,1,Performance Pay,4928.46,CAD,CAN,2025-05-05 01:00:00,CORE_HR
EVT00104291,2025-05-19,EMP04358,CC0086,AS,4,Performance Pay,6271.6,GBP,GB,2025-05-20 17:00:00,PAYROLL
EVT00104465,2025-05-03,EMP01183,CC0081,PA,2,Leave Return,,CAD,CA,2025-05-03 10:00:00,PAYROLL
EVT00104796,2025-05-12,EMP01561,CC0060,EC,5,Performance Pay,13458.23,CAD,CA,2025-05-12 16:00:00,PAYROLL
EVT00104960,2025-05-09,EMP03096,CC0103,EN,1,Lateral Deployment,,CAD,CAN,2025-05-09 17:00:00,CORE_HR
EVT00103792,2025-05-09,EMP03493,CC0006,PA,5,Step Increment,91505.31,CAD,CAN,2025-05-09 07:00:00,CORE_HR
EVT00104635,2025-05-27,EMP02848,CC0016,PA,1,Leave Start,,CAD,CAN,2025-05-27 20:00:00,CORE_HR
EVT00103577,2025-05-24,EMP02979,CC0007,FI,5,Step Increment,-15832524.3,KES,KE,2025-05-24 13:00:00,PAYROLL
EVT00104896,2025-05-10,EMP02996,CC0114,PA,5,Step Increment,112462.54,CAD,CAN,2025-05-11 11:00:00,CORE_HR
EVT00104783,2025-05-15,EMP04802,CC0076,IT,4,Step Increment,123064.53,CAD,CAN,2025-05-16 05:00:00,CORE_HR
EVT00103621,2025-05-15,EMP02230,CC0046,EX,2,Step Increment,113004.88,USD,USA,2025-05-15 15:00:00,CORE_HR
EVT00104578,2025-05-04,EMP00054,CC0022,PA,3,Performance Pay,10537.46,CAD,CAN,2025-05-05 01:00:00,CORE_HR
EVT00105425,2025-05-12,EMP04026,CC0116,CR,1,Step Increment,52920.16,CAD,CAN,2025-05-12 07:00:00,CORE_HR
EVT00103956,2025-05-18,EMP00136,CC0001,IT,1,Step Increment,93295.01,CAD,CA,2025-05-19 07:00:00,PAYROLL
EVT00104000,2025-05-11,EMP03911,CC0067,PA,2,Performance Pay,10643.89,CAD,CAN,2025-05-12 14:00:00,CORE_HR
EVT00104534,2025-05-04,EMP03746,CC0085,IT,1,Departure,,CAD,CA,2025-05-04 18:00:00,PAYROLL
EVT00104799,2025-05-15,EMP02642,CC0028,FI,1,Performance Pay,5649.46,CAD,CA,2025-05-16 01:00:00,PAYROLL
EVT00104812,2025-05-23,EMP01011,CC0072,EN,1,Step Increment,81109.58,CAD,CAN,2025-05-24 09:00:00,CORE_HR
EVT00105560,2025-05-27,EMP00297,CC0006,FI,4,Step Increment,104329.09,CAD,CA,2025-05-27 22:00:00,PAYROLL
EVT00103664,1900-01-01,EMP00302,CC0096,EN,3,Step Increment,101376.91,CAD,CAN,2025-05-11 06:00:00,CORE_HR
EVT00103601,2025-05-24,EMP00690,CC0009,IT,2,Step Increment,98334.14,EUR,FRA,2025-05-25 13:00:00,CORE_HR
EVT00105183,2025-05-17,EMP03056,CC0041,EC,5,Lateral Deployment,,CAD,CA,2025-05-18 03:00:00,PAYROLL
EVT00105290,2025-05-17,EMP01617,CC0029,EX,1,Step Increment,578771.23,BRL,BRA,2025-05-17 06:00:00,CORE_HR
EVT00104775,2025-05-21,EMP02094,CC0013,AS,2,Lateral Deployment,,CAD,CAN,2025-05-21 06:00:00,CORE_HR
EVT00103807,2025-05-18,EMP00232,CC0074,PA,4,Step Increment,53206.27,GBP,GBR,2025-05-19 02:00:00,CORE_HR
EVT00104112,2025-05-24,EMP01303,CC0096,PA,2,Step Increment,78658.41,CAD,CA,2025-05-24 07:00:00,PAYROLL
EVT00105465,2025-05-04,EMP01902,CC0031,IT,1,Leave Return,,BRL,BR,2025-05-05 15:00:00,PAYROLL
EVT00105190,2025-05-14,EMP02070,CC0081,AS,3,Leave Start,,CAD,CAN,2025-05-16 19:00:00,CORE_HR
EVT00103974,2025-05-15,EMP00878,CC0037,EX,1,Step Increment,150423.88,CAD,CAN,2025-05-15 07:00:00,CORE_HR
EVT00103840,2025-05-26,EMP03971,CC0099,PA,2,Lateral Deployment,,CAD,CAN,2025-05-26 20:00:00,CORE_HR
EVT00104240,2025-05-01,EMP00311,CC0012,EX,2,Leave Start,,CAD,CAN,2025-05-01 12:00:00,CORE_HR
EVT00104691,2025-05-02,EMP01653,CC0009,AS,1,Step Increment,232579.39,BRL,BRA,2025-05-03 09:00:00,CORE_HR
EVT00104769,2025-05-11,EMP00239,CC0097,PA,2,Lateral Deployment,,CAD,CA,2025-05-12 03:00:00,PAYROLL
EVT00105269,2025-05-01,EMP03619,CC0073,EX,1,Lateral Deployment,,CAD,CAN,2025-05-02 03:00:00,CORE_HR
EVT00104044,2025-05-17,EMP00547,CC0118,EX,1,Hire,143708.39,CAD,CAN,2025-05-17 22:00:00,CORE_HR
EVT00104882,2025-05-14,EMP01230,CC0009,PA,1,Step Increment,44020.56,SGD,SG,2025-05-15 07:00:00,PAYROLL
EVT00105083,2025-05-23,EMP01744,CC0038,PA,2,Performance Pay,4003.22,CAD,CAN,2025-05-23 08:00:00,CORE_HR
EVT00104408,2025-05-07,EMP03499,CC0044,CR,2,Step Increment,59150.39,CAD,CAN,2025-05-07 16:00:00,CORE_HR
EVT00103873,2025-05-10,EMP01968,CC0037,AS,2,Performance Pay,3354.61,CAD,CAN,2025-05-10 20:00:00,CORE_HR
EVT00105433,2025-05-20,EMP00399,CC0008,PA,5,Step Increment,113410.52,CAD,CAN,2025-05-21 05:00:00,CORE_HR
EVT00103813,2025-05-21,EMP01434,CC0119,IT,3,Lateral Deployment,,CAD,CAN,2025-05-21 09:00:00,CORE_HR
EVT00105199,2025-05-23,EMP04736,CC0021,IT,1,Leave Return,,CAD,CA,2025-05-23 19:00:00,PAYROLL
EVT00104257,2025-05-15,EMP04758,CC0006,EN,2,Step Increment,108017.7,CAD,CA,2025-05-15 21:00:00,PAYROLL
EVT00104630,2025-05-15,EMP00965,CC0025,EN,4,Hire,129602.45,CAD,CA,2025-05-15 09:00:00,PAYROLL
EVT00105511,2025-05-10,EMP01798,CC0002,EN,3,Step Increment,126019.33,CAD,CAN,2025-05-11 08:00:00,CORE_HR
EVT00104813,2025-05-05,EMP02618,CC0037,EN,4,Step Increment,99115.65,CAD,CA,2025-05-05 14:00:00,PAYROLL
EVT00104514,2025-05-19,EMP05180,CC0026,PA,1,Departure,,CAD,CAN,2025-05-19 06:00:00,CORE_HR
EVT00104974,2025-05-02,EMP03649,CC0044,IT,2,Hire,105645.36,CAD,CAN,2025-05-03 03:00:00,CORE_HR
