event_id,event_date,employee_id,cost_center_id,classification_group,classification_level,event_type,amount_local,local_currency,work_country_code,ingest_ts,source_system
EVT00019612,2021-10-06,EMP02852,CC0087,CR,1,Lateral Deployment,,CAD,CAN,2021-10-07 09:00:00,CORE_HR
EVT00018599,2021-10-02,EMP04070,CC0049,PA,1,Leave Start,,GBP,GBR,2021-10-02 07:00:00,CORE_HR
EVT00018999,2021-10-23,EMP02431,CC0040,PA,1,Leave Return,,CAD,CAN,2021-10-24 13:00:00,CORE_HR
EVT00018790,2021-10-13,EMP04663,CC0095,PA,1,Promotion,55320.3,CAD,CA,2021-10-14 01:00:00,PAYROLL
EVT00019064,2021-10-07,EMP04555,CC0025,FI,4,Leave Start,,CAD,CA,2021-10-08 00:00:00,PAYROLL
EVT00018013,2021-10-24,EMP04043,CC0039,PA,1,Step Increment,60334.4,CAD,CAN,2021-10-24 17:00:00,CORE_HR
EVT00018268,2021-10-21,EMP01678,CC0065,EC,3,Performance Pay,6403.3,SGD,SG,2021-10-21 18:00:00,PAYROLL
EVT00019158,2021-10-16,EMP04570,CC0006,EC,3,Step Increment,73854.14,CAD,CA,2021-10-17 11:00:00,PAYROLL
EVT00018057,2021-10-09,EMP03880,CC0058,CR,3,Step Increment,60470.57,CAD,CAN,2021-10-10 03:00:00,CORE_HR
EVT00019720,2021-10-04,EMP01336,CC0002,AS,1,Departure,,CAD,CAN,2021-10-04 18:00:00,CORE_HR
EVT00018952,2021-10-22,EMP02240,CC0057,AS,3,Departure,,CAD,CA,2021-10-22 15:00:00,PAYROLL
EVT00018084,2021-10-17,EMP04643,CC0003,AS,5,Step Increment,106389.45,CAD,CAN,2021-10-18 13:00:00,CORE_HR
EVT00018928,2021-10-12,EMP00465,CC0093,CR,5,Leave Start,,XXX,CAN,2021-10-12 06:00:00,CORE_HR
EVT00018279,2021-10-21,EMP00696,CC0087,PA,1,Leave Return,,CAD,CAN,2021-10-22 14:00:00,CORE_HR
EVT00017736,2021-10-09,EMP00547,CC0118,EX,1,Performance Pay,12376.08,CAD,CAN,2021-10-10 15:00:00,CORE_HR
EVT00019127,2021-10-09,EMP04352,CC0004,EC,2,Lateral Deployment,,CAD,CA,2021-10-09 13:00:00,PAYROLL
EVT00018554,2021-10-07,EMP00137,CC0002,EX,2,Lateral Deployment,,CAD,CAN,2021-10-08 15:00:00,CORE_HR
EVT00018543,2021-10-27,EMP02340,CC0105,EX,3,Lateral Deployment,,USD,US,2021-10-27 10:00:00,PAYROLL
EVT00018987,2021-10-16,EMP01106,CC0003,IT,1,Promotion,81395.6,CAD,CA,2021-10-16 22:00:00,PAYROLL
EVT00019713,2021-10-04,EMP02873,CC0003,PA,1,Leave Start,,CAD,CA,2021-10-05 10:00:00,PAYROLL
EVT00018413,2021-10-07,EMP02637,CC0084,CR,2,Performance Pay,5187.44,CAD,CAN,2021-10-07 23:00:00,CORE_HR
EVT00018113,2021-10-02,EMP02172,CC0102,IT,1,Departure,,CAD,CAN,2021-10-04 00:00:00,CORE_HR
EVT00019647,2021-10-23,EMP02630,CC0010,AS,2,Step Increment,66844.45,CAD,CAN,2021-10-24 08:00:00,CORE_HR
EVT00019198,2021-10-27,EMP02577,CC0014,PA,3,Hire,98250.24,CAD,CAN,2021-10-27 07:00:00,CORE_HR
EVT00019143,2021-10-03,EMP00007,CC0077,EX,1,Performance Pay,6187.35,CAD,CAN,2021-10-03 21:00:00,CORE_HR
EVT00018383,2021-10-05,EMP02411,CC0003,PA,2,Step Increment,71368.07,CAD,CAN,2021-10-06 15:00:00,CORE_HR
EVT00018410,2021-10-22,EMP00440,CC0097,EX,2,Step Increment,152962.03,CAD,CAN,2021-10-23 14:00:00,CORE_HR
EVT00017917,2021-10-15,EMP00459,CC0054,PA,3,Lateral Deployment,,JPY,JPN,2021-10-15 13:00:00,CORE_HR
EVT00019510,2021-10-03,EMP00694,CC0008,EC,3,Lateral Deployment,,CAD,CA,2021-10-04 01:00:00,PAYROLL
EVT00019390,2021-10-10,EMP01496,CC0034,AS,1,Performance Pay,5206.35,CAD,CA,2021-10-10 06:00:00,PAYROLL
EVT00019251,2021-10-19,EMP00013,CC0028,IT,2,Performance Pay,11503.72,CAD,CAN,2021-10-19 12:00:00,CORE_HR
EVT00018925,2021-10-10,EMP01712,CC0013,FI,3,Lateral Deployment,,CAD,CAN,2021-10-10 23:00:00,CORE_HR
EVT00019804,2021-10-25,EMP04909,CC0104,CR,3,Promotion,61356.75,CAD,CA,2021-10-25 11:00:00,PAYROLL
EVT00018500,2021-10-05,EMP01325,CC0092,IT,2,Step Increment,78223.62,CAD,CAN,2021-10-06 01:00:00,CORE_HR
EVT00018728,2021-10-05,EMP04343,CC0023,EN,1,Lateral Deployment,,CAD,CAN,2021-10-06 04:00:00,CORE_HR
EVT00018029,2021-10-02,EMP04030,CC0045,EN,4,Leave Return,,CAD,CAN,2021-10-02 16:00:00,CORE_HR
EVT00019583,2021-10-07,EMP02341,CC0117,FI,3,Step Increment,83958.48,CAD,CAN,2021-10-07 09:00:00,CORE_HR
EVT00018806,2021-10-01,EMP00479,CC0073,EN,3,Step Increment,111731.32,CAD,CAN,2021-10-02 09:00:00,CORE_HR
EVT00018122,2021-10-04,EMP02830,CC0109,PA,1,Leave Start,,CAD,CAN,2021-10-05 14:00:00,CORE_HR
EVT00018879,2021-10-03,EMP01880,CC0118,EX,1,Performance Pay,18168.12,CAD,CA,2021-10-05 16:00:00,PAYROLL
EVT00019298,2021-10-23,EMP04040,CC0045,EX,2,Leave Start,,CAD,CA,2021-10-23 13:00:00,PAYROLL
EVT00019324,2021-10-11,EMP04897,CC0068,PA,2,Step Increment,65778.0,CAD,CA,2021-10-12 15:00:00,PAYROLL
EVT00019182,2021-10-15,EMP03461,CC0084,AS,1,Lateral Deployment,,CAD,CAN,2021-10-16 10:00:00,CORE_HR
EVT00019785,2021-10-11,EMP00895,CC0056,EC,1,Departure,,CAD,CAN,2021-10-11 13:00:00,CORE_HR
EVT00017824,2021-10-16,EMP03932,CC0105,CR,1,Step Increment,56738.79,AUD,AU,2021-10-17 12:00:00,PAYROLL
EVT00018230,2021-10-20,EMP03103,CC0068,CR,5,Leave Start,,CAD,CA,2021-10-21 01:00:00,PAYROLL
EVT00017951,2021-10-12,EMP04200,CC0049,AS,3,Step Increment,195259.38,AED,AE,2021-10-12 13:00:00,PAYROLL
EVT00017968,2021-10-07,EMP04403,CC0053,EC,1,Leave Start,,CAD,CA,2021-10-07 18:00:00,PAYROLL
EVT00018770,2021-10-07,EMP03461,CC0084,AS,1,Step Increment,45363.69,CAD,CAN,2021-10-07 22:00:00,CORE_HR
EVT00018779,2021-10-25,EMP03170,CC0112,EX,1,Step Increment,120847.02,CAD,CAN,2021-10-26 01:00:00,CORE_HR
EVT00019104,2021-10-23,EMP03217,CC0076,FI,4,Step Increment,100013.95,CAD,CAN,2021-10-24 21:00:00,CORE_HR
EVT00019724,2021-10-22,EMP01425,CC0100,CR,4,Performance Pay,5375.09,CAD,CAN,2021-10-22 07:00:00,CORE_HR
EVT00018142,2021-10-23,EMP02849,CC0013,PA,2,Lateral Deployment,,CAD,CAN,2021-10-23 22:00:00,CORE_HR
EVT00019631,2021-10-18,EMP00950,CC0074,AS,2,Hire,3831642.01,INR,IND,2021-10-19 01:00:00,CORE_HR
EVT00017980,2021-10-27,EMP02618,CC0037,EN,4,Step Increment,128650.82,CAD,CA,2021-10-28 09:00:00,PAYROLL
EVT00017898,2021-10-18,EMP03328,CC0066,IT,1,Step Increment,77585.75,CAD,CAN,2021-10-19 07:00:00,CORE_HR
EVT00019092,2021-10-22,EMP01748,CC0095,IT,3,Lateral Deployment,,CAD,CAN,2021-10-23 13:00:00,CORE_HR
EVT00018017,2021-10-09,EMP04157,CC0010,EX,2,Step Increment,145161.5,CAD,CA,2021-10-10 03:00:00,PAYROLL
EVT00018434,2021-10-14,EMP03939,CC0099,AS,2,Step Increment,59824.9,CAD,CAN,2021-10-14 10:00:00,CORE_HR
EVT00019368,2021-10-19,EMP02084,CC0052,IT,3,Step Increment,87699.7,CAD,CAN,2021-10-19 10:00:00,CORE_HR
EVT00019495,2021-10-24,EMP01592,CC0051,PA,5,Step Increment,96094.8,CAD,CA,2021-10-25 06:00:00,PAYROLL
EVT00019811,2021-10-13,EMP00444,CC0018,PA,2,Performance Pay,3235.48,CAD,CA,2021-10-13 07:00:00,PAYROLL
EVT00018152,2021-10-25,EMP04199,CC0077,PA,3,Leave Start,,CAD,CA,2021-10-25 14:00:00,PAYROLL
EVT00019036,2021-10-01,EMP04757,CC0036,EX,2,Performance Pay,12537.3,CAD,CA,2021-10-01 20:00:00,PAYROLL
EVT00018553,2021-10-14,EMP01555,CC0058,FI,1,Hire,70278.38,CAD,CA,2021-10-14 09:00:00,PAYROLL
EVT00018465,2021-10-19,EMP00629,CC0054,PA,5,Leave Start,,AUD,AUS,2021-10-20 04:00:00,CORE_HR
EVT00018940,2021-10-09,EMP01731,CC0099,EN,2,Leave Start,,CAD,CAN,2021-10-09 14:00:00,CORE_HR
EVT00018445,2021-10-19,EMP00307,CC0080,FI,1,Leave Return,,AUD,AUS,2021-10-20 06:00:00,CORE_HR
EVT00018835,2021-10-22,EMP04169,CC0040,EC,3,Performance Pay,12280.93,CAD,CAN,2021-10-23 01:00:00,CORE_HR
EVT00018769,2021-10-12,EMP02527,CC0107,IT,3,Step Increment,93721.01,CAD,CAN,2021-10-13 01:00:00,CORE_HR
EVT00018913,2021-10-17,EMP03169,CC0006,IT,1,Performance Pay,3659.9,CAD,CAN,2021-10-17 14:00:00,CORE_HR
EVT00019483,2021-10-16,EMP00979,CC0027,FI,2,Hire,82225.18,CAD,CAN,2021-10-16 16:00:00,CORE_HR
EVT00018389,2021-10-21,EMP00792,CC0063,CR,5,Leave Return,,CAD,CAN,2021-10-21 17:00:00,CORE_HR
EVT00018927,2021-10-01,EMP02711,CC0116,IT,1,Hire,84529.12,CAD,CAN,2021-10-02 02:00:00,CORE_HR
EVT00018620,2021-10-16,EMP00833,CC0112,EN,1,Step Increment,75076.3,CAD,CAN,2021-10-17 11:00:00,CORE_HR
EVT00018249,2021-10-26,EMP03267,CC0019,EN,1,Performance Pay,5407.59,CAD,CAN,2021-10-26 14:00:00,CORE_HR
EVT00018042,2021-10-09,EMP04998,CC0117,EN,3,Departure,,CAD,CA,2021-10-09 21:00:00,PAYROLL
EVT00018288,2021-10-01,EMP01399,CC0027,EN,2,Lateral Deployment,,CAD,CAN,2021-10-01 10:00:00,CORE_HR
EVT00019292,2021-10-21,EMP01730,CC0062,FI,2,Leave Return,,CAD,CA,2021-10-22 08:00:00,PAYROLL
EVT00018359,2021-10-13,EMP02490,CC0019,IT,1,Departure,,CAD,CAN,2021-10-13 19:00:00,CORE_HR
EVT00018854,2021-10-24,EMP00765,CC0113,AS,1,Step Increment,58735.99,CAD,CA,2021-10-24 17:00:00,PAYROLL
EVT00018350,2021-10-05,EMP00787,CC0029,CR,5,Leave Return,,GBP,GBR,2021-10-05 07:00:00,CORE_HR
EVT00018108,2021-10-25,EMP00788,CC0027,AS,5,Step Increment,79345.5,CAD,CAN,2021-10-26 05:00:00,CORE_HR
EVT00019638,2021-10-20,EMP03307,CC0037,IT,1,Step Increment,83138.06,CAD,CA,2021-10-21 15:00:00,PAYROLL
EVT00018965,2021-10-06,EMP02723,CC0022,AS,4,Hire,73601.66,CAD,CA,2021-10-07 10:00:00,PAYROLL
EVT00018502,2021-10-01,EMP01023,CC0029,EN,1,Leave Start,,INR,IND,2021-10-02 13:00:00,CORE_HR
EVT00019432,2021-10-06,EMP02503,CC0007,EN,2,Lateral Deployment,,KES,KE,2021-10-06 12:00:00,PAYROLL
EVT00019615,2021-10-25,EMP02345,CC0056,AS,1,Leave Start,,CAD,CA,2021-10-26 04:00:00,PAYROLL
EVT00019195,2021-10-16,EMP04570,CC0006,EC,3,Leave Return,,CAD,CA,2021-10-17 15:00:00,PAYROLL
EVT00019428,2021-10-14,EMP02446,CC0062,AS,3,Leave Return,,CAD,CA,2021-10-14 11:00:00,PAYROLL
EVT00018417,2021-10-07,EMP03889,CC0066,PA,1,Step Increment,56390.44,CAD,CA,2021-10-08 05:00:00,PAYROLL
EVT00019693,2021-10-11,EMP00575,CC0025,AS,3,Leave Return,,CAD,CAN,2021-10-11 21:00:00,CORE_HR
EVT00019490,2021-10-12,EMP04843,CC0008,CR,1,Promotion,39594.9,CAD,CAN,2021-10-12 16:00:00,CORE_HR
EVT00019209,2021-10-26,EMP00542,CC0117,EX,1,Step Increment,129701.52,CAD,CAN,2021-10-26 08:00:00,CORE_HR
EVT00018243,2021-10-04,EMP01345,CC0021,IT,2,Hire,85112.63,CAD,CAN,2021-10-04 22:00:00,CORE_HR
EVT00017890,2021-10-16,EMP02573,CC0032,AS,3,Step Increment,72476.6,CAD,CA,2021-10-17 08:00:00,PAYROLL
EVT00018906,2021-10-06,EMP03166,CC0040,EN,2,Lateral Deployment,,CAD,CA,2021-10-06 11:00:00,PAYROLL
EVT00019260,2021-10-03,EMP02615,CC0024,AS,1,Step Increment,54969.09,CAD,CA,2021-10-03 10:00:00,PAYROLL
EVT00018590,2021-10-26,EMP04280,CC0040,EX,2,Leave Start,,CAD,CAN,2021-10-26 15:00:00,CORE_HR
EVT00019146,2021-10-26,EMP00104,CC0087,FI,3,Step Increment,87226.25,CAD,CA,2021-10-26 18:00:00,PAYROLL
EVT00019037,2021-10-05,EMP00030,CC0114,EX,1,Step Increment,127663.99,CAD,CA,2021-10-06 10:00:00,PAYROLL
EVT00018815,2021-10-13,EMP00246,CC0114,FI,3,Leave Return,,CAD,CAN,2021-10-14 07:00:00,CORE_HR
EVT00019601,2021-10-07,EMP02714,CC0105,EX,2,Step Increment,103397.31,EUR,FR,2021-10-07 12:00:00,PAYROLL
EVT00019296,2021-10-03,EMP02228,CC0075,IT,2,Step Increment,89742.46,CAD,CAN,2021-10-03 06:00:00,CORE_HR
EVT00018335,2021-10-11,EMP03573,CC0029,IT,1,Step Increment,87420.03,AUD,AUS,2021-10-11 07:00:00,CORE_HR
EVT00019536,2021-10-23,EMP04083,CC0111,PA,2,Leave Return,,BRL,BRA,2021-10-24 00:00:00,CORE_HR
EVT00018634,2021-10-21,EMP01846,CC0119,PA,3,Departure,,CAD,CA,2021-10-22 08:00:00,PAYROLL
EVT00019393,2021-10-09,EMP01624,CC0110,FI,2,Step Increment,77781.39,CAD,CAN,2021-10-10 08:00:00,CORE_HR
EVT00019022,2021-10-12,EMP00452,CC0060,PA,2,Hire,69837.5,CAD,CAN,2021-10-12 22:00:00,CORE_HR
EVT00018625,2021-10-10,EMP02550,CC0088,EN,4,Leave Return,,MXN,MEX,2021-10-10 07:00:00,CORE_HR
EVT00018907,2021-10-01,EMP00510,CC0053,PA,3,Step Increment,82549.02,CAD,CAN,2021-10-02 15:00:00,CORE_HR
EVT00019140,2021-10-02,EMP00625,CC0027,PA,1,Departure,,CAD,CA,2021-10-02 21:00:00,PAYROLL
EVT00018527,2021-10-18,EMP00718,CC0097,IT,1,Promotion,98260.39,CAD,CA,2021-10-19 06:00:00,PAYROLL
EVT00019135,2021-10-18,EMP02090,CC0025,FI,1,Step Increment,63581.53,CAD,CA,2021-10-19 14:00:00,PAYROLL
EVT00018737,2021-10-14,EMP01488,CC0026,PA,1,Promotion,60212.08,CAD,CAN,2021-10-14 18:00:00,CORE_HR
EVT00018751,2021-10-07,EMP00440,CC0097,EX,2,Performance Pay,12142.0,CAD,CAN,2021-10-07 14:00:00,CORE_HR
EVT00019084,2021-10-06,EMP03081,CC0042,FI,2,Step Increment,88755.33,CAD,CA,2021-10-06 10:00:00,PAYROLL
EVT00019386,2021-10-18,EMP02591,CC0044,EC,3,Step Increment,92969.5,CAD,CAN,2021-10-19 10:00:00,CORE_HR
EVT00018583,2021-10-07,EMP03484,CC0094,AS,4,Step Increment,68947.27,CAD,CA,2021-10-07 21:00:00,PAYROLL
EVT00019019,2021-10-16,EMP02293,CC0109,PA,1,Leave Return,,CAD,CAN,2021-10-16 23:00:00,CORE_HR
EVT00019815,2021-10-26,EMP03262,CC0104,IT,2,Step Increment,85246.98,CAD,CAN,2021-10-26 20:00:00,CORE_HR
EVT00019809,2021-10-06,EMP03918,CC0094,EX,2,Leave Return,,CAD,CA,2021-10-07 02:00:00,PAYROLL
EVT00017972,2021-10-10,EMP03423,CC0065,AS,3,Step Increment,3149942.91,INR,IND,2021-10-11 21:00:00,CORE_HR
EVT00019173,2021-10-03,EMP02139,CC0055,EN,4,Leave Start,,CAD,CA,2021-10-03 13:00:00,PAYROLL
EVT00018011,2021-10-15,EMP00686,CC0119,EN,2,Performance Pay,11349.07,CAD,CAN,2021-10-15 17:00:00,CORE_HR
EVT00018703,2021-10-17,EMP03360,CC0119,FI,1,Performance Pay,7949.52,CAD,CA,2021-10-17 15:00:00,PAYROLL
EVT00019786,2021-10-26,EMP04712,CC0086,CR,4,Step Increment,203805.39,AED,AE,2021-10-29 00:00:00,PAYROLL
EVT00019784,2021-10-27,EMP03138,CC0006,FI,2,Promotion,88192.54,CAD,CA,2021-10-27 18:00:00,PAYROLL
EVT00019268,2021-10-04,EMP04072,CC0039,PA,1,Leave Start,,CAD,CA,2021-10-05 11:00:00,PAYROLL
EVT00017786,2021-10-25,EMP00893,CC0024,IT,2,Step Increment,94810.39,CAD,CA,2021-10-26 07:00:00,PAYROLL
EVT00019704,2021-10-11,EMP03556,CC0110,FI,3,Leave Start,,CAD,CAN,2021-10-12 06:00:00,CORE_HR
EVT00017891,2021-10-15,EMP02101,CC0008,EC,2,Promotion,82061.13,CAD,CAN,2021-10-15 15:00:00,CORE_HR
EVT00018840,2021-10-22,EMP04477,CC0039,EN,2,Leave Return,,CAD,CA,2021-10-23 02:00:00,PAYROLL
EVT00018154,2021-10-07,EMP00474,CC0081,PA,2,Step Increment,68048.13,CAD,CA,2021-10-08 07:00:00,PAYROLL
EVT00019436,2021-10-02,EMP00360,CC0003,AS,3,Leave Start,,CAD,CA,2021-10-03 10:00:00,PAYROLL
EVT00018292,2021-10-13,EMP02901,CC0031,EN,1,Leave Start,,EUR,DEU,2021-10-13 06:00:00,CORE_HR
EVT00019487,2021-10-17,EMP02670,CC0091,EN,4,Step Increment,89967.55,CAD,CAN,2021-10-17 08:00:00,CORE_HR
EVT00019034,2021-10-09,EMP04986,CC0049,EN,1,Step Increment,92764.23,AUD,AUS,2021-10-10 13:00:00,CORE_HR
EVT00019434,2021-10-17,EMP01549,CC0020,AS,5,Step Increment,75041.7,XXX,CAN,2021-10-18 14:00:00,CORE_HR
EVT00018718,2021-10-12,EMP01759,CC0028,PA,4,Leave Return,,CAD,CAN,2021-10-12 23:00:00,CORE_HR
EVT00018612,2021-10-16,EMP04703,CC0016,EX,1,Step Increment,127472.44,CAD,CAN,2021-10-16 16:00:00,CORE_HR
EVT00019347,2021-10-24,EMP01293,CC0079,PA,1,Hire,56538.87,CAD,CAN,2021-10-24 18:00:00,CORE_HR
EVT00019594,2021-10-04,EMP01667,CC0025,IT,3,Step Increment,97785.89,CAD,CA,2021-10-05 02:00:00,PAYROLL
EVT00018529,2021-10-01,EMP02059,CC0031,IT,3,Step Increment,52303.85,GBP,GB,2021-10-02 02:00:00,PAYROLL
EVT00019604,2021-10-02,EMP01286,CC0115,PA,3,Lateral Deployment,,CAD,CA,2021-10-05 13:00:00,PAYROLL
EVT00018032,2021-10-24,EMP02771,CC0031,CR,5,Step Increment,74363.54,AUD,AU,2021-10-24 16:00:00,PAYROLL
EVT00019552,2021-10-21,EMP03370,CC0015,PA,1,Step Increment,52046.8,CAD,CA,2021-10-22 03:00:00,PAYROLL
EVT00018744,2021-10-10,EMP00426,CC0033,AS,4,Leave Start,,CAD,CA,2021-10-11 13:00:00,PAYROLL
EVT00018069,2021-10-22,EMP04839,CC0031,EX,1,Performance Pay,1908181.12,JPY,JPN,2021-10-23 14:00:00,CORE_HR
EVT00019256,2021-10-27,EMP01038,CC0035,EX,1,Step Increment,163173.78,CAD,CAN,2021-10-27 11:00:00,CORE_HR
EVT00017848,2021-10-01,EMP02390,CC0108,CR,2,Leave Start,,GBP,GBR,2021-10-01 12:00:00,CORE_HR
EVT00019070,2021-10-12,EMP03681,CC0089,AS,3,Step Increment,51379.91,CAD,CA,2021-10-12 10:00:00,PAYROLL
EVT00018060,2021-10-25,EMP01383,CC0114,CR,2,Leave Start,,CAD,CA,2021-10-25 20:00:00,PAYROLL
EVT00019738,2021-10-22,EMP04002,CC0028,FI,1,Performance Pay,6230.61,CAD,CAN,2021-10-22 10:00:00,CORE_HR
EVT00017967,2021-10-14,EMP03521,CC0024,EN,1,Lateral Deployment,,CAD,CAN,2021-10-15 13:00:00,CORE_HR
EVT00019039,2021-10-14,EMP01757,CC0023,IT,5,Leave Start,,CAD,CA,2021-10-14 21:00:00,PAYROLL
EVT00018646,2021-10-11,EMP02769,CC0057,FI,2,Departure,,CAD,CAN,2021-10-11 09:00:00,CORE_HR
EVT00018516,2021-10-27,EMP01344,CC0040,AS,3,Leave Return,,CAD,CAN,2021-10-27 20:00:00,CORE_HR
EVT00018091,2021-10-19,EMP02222,CC0020,EN,2,Lateral Deployment,,CAD,CAN,2021-10-19 08:00:00,CORE_HR
EVT00019723,2021-10-22,EMP03527,CC0012,IT,3,Leave Start,,CAD,CAN,2021-10-23 00:00:00,CORE_HR
EVT00018626,2021-10-08,EMP03040,CC0063,PA,2,Step Increment,75408.97,CAD,CA,2021-10-09 00:00:00,PAYROLL
EVT00019575,2021-10-10,EMP04840,CC0055,AS,1,Lateral Deployment,,CAD,CAN,2021-10-10 15:00:00,CORE_HR
EVT00019630,2021-10-11,EMP04173,CC0072,PA,3,Step Increment,85116.83,CAD,CAN,2021-10-11 18:00:00,CORE_HR
EVT00018910,2021-10-15,EMP04216,CC0007,PA,5,Performance Pay,30026.5,BRL,BR,2021-10-15 23:00:00,PAYROLL
EVT00018433,2021-10-14,EMP02403,CC0062,EC,1,Hire,87987.04,CAD,CAN,2021-10-15 15:00:00,CORE_HR
EVT00019326,2021-10-19,EMP00473,CC0028,EN,5,Leave Return,,CAD,CA,2021-10-20 08:00:00,PAYROLL
EVT00018998,2021-10-26,EMP02241,CC0104,AS,2,Performance Pay,6538.47,CAD,CAN,2021-10-27 13:00:00,CORE_HR
EVT00019770,2021-10-25,EMP03812,CC0113,EX,1,Performance Pay,9494.15,CAD,CAN,2021-10-26 09:00:00,CORE_HR
EVT00017792,2021-10-02,EMP00940,CC0113,IT,1,Step Increment,76705.48,CAD,CAN,2021-10-05 12:00:00,CORE_HR
EVT00018613,2021-10-05,EMP01669,CC0108,EX,2,Lateral Deployment,,AED,ARE,2021-10-05 07:00:00,CORE_HR
EVT00018086,2021-10-01,EMP00101,CC0055,CR,3,Step Increment,66474.43,CAD,CAN,2021-10-01 11:00:00,CORE_HR
EVT00018426,2021-10-14,EMP00342,CC0020,CR,4,Step Increment,65645.34,CAD,CAN,2021-10-15 09:00:00,CORE_HR
EVT00018605,2021-10-24,EMP01286,CC0115,PA,3,Lateral Deployment,,CAD,CA,2021-10-25 12:00:00,PAYROLL
EVT00017999,2021-10-17,EMP01177,CC0087,PA,4,Lateral Deployment,,CAD,CAN,2021-10-18 12:00:00,CORE_HR
EVT00019091,2021-10-09,EMP04082,CC0103,IT,2,Step Increment,87215.5,CAD,CAN,2021-10-12 01:00:00,CORE_HR
EVT00019548,2021-10-04,EMP03738,CC0012,FI,5,Leave Start,,CAD,CAN,2021-10-07 13:00:00,CORE_HR
EVT00019267,2021-10-14,EMP04687,CC0059,CR,3,Performance Pay,4405.54,CAD,CA,2021-10-14 15:00:00,PAYROLL
EVT00019689,2021-10-08,EMP00816,CC0066,CR,1,Performance Pay,5621.42,CAD,CAN,2021-10-08 07:00:00,CORE_HR
EVT00018134,2021-10-27,EMP01427,CC0074,EX,2,Promotion,473635.8,BRL,BRA,2021-10-27 12:00:00,CORE_HR
EVT00018115,2021-10-23,EMP02418,CC0037,CR,1,Performance Pay,2596.32,CAD,CA,2021-10-24 08:00:00,PAYROLL
EVT00018953,2021-10-26,EMP03012,CC0014,AS,3,Step Increment,62186.98,CAD,CAN,2021-10-26 15:00:00,CORE_HR
EVT00019087,2021-10-15,EMP02097,CC0063,IT,3,Promotion,111491.17,CAD,CAN,2021-10-16 12:00:00,CORE_HR
EVT00019472,2021-10-15,EMP04511,CC0073,CR,3,Leave Return,,CAD,CAN,2021-10-15 22:00:00,CORE_HR
EVT00017723,2021-10-11,EMP02897,CC0114,AS,1,Leave Return,,CAD,CA,2021-10-12 07:00:00,PAYROLL
EVT00019038,2021-10-08,EMP01105,CC0058,PA,1,Performance Pay,3069.0,CAD,CA,2021-10-09 00:00:00,PAYROLL
EVT00019776,2021-10-13,EMP03368,CC0050,CR,3,Departure,,CAD,CAN,2021-10-13 19:00:00,CORE_HR
EVT00017842,1900-01-01,EMP00004,CC0101,EC,3,Step Increment,99049.78,CAD,CAN,2021-10-08 05:00:00,CORE_HR
EVT00018329,2021-10-09,EMP03900,CC0016,CR,1,Hire,50030.09,CAD,CA,2021-10-09 07:00:00,PAYROLL
EVT00018610,2021-10-04,EMP04652,CC0044,PA,1,Step Increment,62110.03,CAD,CA,2021-10-05 02:00:00,PAYROLL
EVT00017715,2021-10-24,EMP04769,CC0060,AS,1,Leave Start,,CAD,CAN,2021-10-25 06:00:00,CORE_HR
EVT00019805,2021-10-03,EMP03519,CC0118,IT,3,Leave Return,,CAD,CAN,2021-10-04 02:00:00,CORE_HR
EVT00019781,2021-10-12,EMP01518,CC0001,AS,2,Promotion,47172.64,CAD,CAN,2021-10-12 21:00:00,CORE_HR
EVT00018797,2021-10-04,EMP00365,CC0063,EX,1,Performance Pay,17400.86,CAD,CAN,2021-10-04 19:00:00,CORE_HR
EVT00019401,2021-10-21,EMP00515,CC0098,PA,5,Step Increment,82622.5,CAD,CA,2021-10-21 15:00:00,PAYROLL
EVT00018819,2021-10-19,EMP00470,CC0116,CR,1,Lateral Deployment,,CAD,CA,2021-10-20 12:00:00,PAYROLL
EVT00017878,2021-10-18,EMP01648,CC0029,EC,1,Step Increment,193911.66,AED,ARE,2021-10-18 23:00:00,CORE_HR
EVT00018541,2021-10-06,EMP00993,CC0056,IT,4,Departure,,CAD,CAN,2021-10-07 08:00:00,CORE_HR
EVT00019733,2021-10-07,EMP01340,CC0059,IT,2,Lateral Deployment,,CAD,CAN,2021-10-07 07:00:00,CORE_HR
EVT00019498,2021-10-02,EMP04560,CC0064,EX,2,Leave Return,,CAD,CA,2021-10-03 02:00:00,PAYROLL
EVT00019791,2021-10-03,EMP00484,CC0027,IT,2,Lateral Deployment,,CAD,CA,2021-10-03 17:00:00,PAYROLL
EVT00019740,2021-10-25,EMP00097,CC0005,PA,2,Leave Return,,CAD,CAN,2021-10-25 19:00:00,CORE_HR
EVT00018097,2021-10-21,EMP02297,CC0016,EC,2,Step Increment,80000.81,CAD,CA,2021-10-21 17:00:00,PAYROLL
EVT00018585,2021-10-01,EMP04776,CC0034,EC,2,Leave Return,,CAD,CAN,2021-10-01 08:00:00,CORE_HR
EVT00019532,2021-10-19,EMP01318,CC0101,PA,2,Leave Return,,CAD,CAN,2021-10-20 01:00:00,CORE_HR
EVT00018126,2021-10-26,EMP01376,CC0068,CR,5,Hire,75386.35,CAD,CAN,2021-10-27 06:00:00,CORE_HR
EVT00018689,2021-10-16,EMP01516,CC0024,EN,4,Step Increment,96259.07,CAD,CA,2021-10-17 10:00:00,PAYROLL
EVT00017829,2021-10-05,EMP01626,CC0012,EC,2,Performance Pay,9435.69,CAD,CAN,2021-10-05 11:00:00,CORE_HR
EVT00018890,2021-10-19,EMP03758,CC0007,AS,3,Lateral Deployment,,MXN,MEX,2021-10-20 13:00:00,CORE_HR
EVT00018908,2021-10-07,EMP03805,CC0024,PA,1,Step Increment,60291.09,CAD,CA,2021-10-07 18:00:00,PAYROLL
EVT00019091,2021-10-09,EMP04082,CC0103,IT,2,Step Increment,87215.5,CAD,CAN,2021-10-09 07:00:00,CORE_HR
EVT00019394,2021-10-27,EMP03783,CC0057,PA,2,Leave Return,,CAD,CA,2021-10-28 05:00:00,PAYROLL
EVT00017929,2021-10-25,EMP03739,CC0032,EN,3,Leave Return,,CAD,CA,2021-10-26 06:00:00,PAYROLL
EVT00019067,2021-10-04,EMP01772,CC0074,FI,1,Step Increment,69023.43,SGD,SGP,2021-10-04 17:00:00,CORE_HR
EVT00018629,2021-10-12,EMP03554,CC0048,CR,3,Step Increment,65122.97,CAD,CA,2021-10-12 08:00:00,PAYROLL
EVT00018082,2021-10-26,EMP00607,CC0094,EN,2,Step Increment,94933.67,CAD,CAN,2021-10-27 15:00:00,CORE_HR
EVT00017911,2021-10-15,EMP00847,CC0065,CR,1,Step Increment,39965.64,GBP,GBR,2021-10-15 18:00:00,CORE_HR
EVT00018558,2021-10-03,EMP01806,CC0035,EX,1,Step Increment,130462.02,CAD,CAN,2021-10-04 05:00:00,CORE_HR
EVT00018726,2021-10-02,EMP03377,CC0049,PA,4,Performance Pay,2948.45,EUR,FRA,2021-10-03 05:00:00,CORE_HR
EVT00018733,2021-10-20,EMP03804,CC0097,EN,3,Leave Return,,CAD,CAN,2021-10-20 16:00:00,CORE_HR
EVT00019568,2021-10-14,EMP02727,CC0104,PA,2,Step Increment,64531.01,CAD,CAN,2021-10-14 18:00:00,CORE_HR
EVT00019350,2021-10-17,EMP02418,CC0037,CR,1,Step Increment,54821.75,CAD,CAN,2021-10-18 14:00:00,CORE_HR
EVT00017924,2021-10-02,EMP04078,CC0101,PA,1,Hire,73386.0,CAD,CAN,2021-10-03 12:00:00,CORE_HR
EVT00018721,2021-10-27,EMP00329,CC0086,IT,2,Leave Return,,BRL,BRA,2021-10-28 01:00:00,CORE_HR
EVT00018111,2021-10-10,EMP04451,CC0023,PA,1,Step Increment,65230.4,CAD,CAN,2021-10-11 09:00:00,CORE_HR
EVT00018967,2021-10-02,EMP03022,CC0120,IT,2,Lateral Deployment,,CAD,CA,2021-10-02 18:00:00,PAYROLL
EVT00018242,2021-10-17,EMP00805,CC0116,EN,1,Leave Return,,CAD,CA,2021-10-17 10:00:00,PAYROLL
EVT00018618,2021-10-11,EMP01653,CC0009,AS,1,Performance Pay,3502.55,SGD,SGP,2021-10-12 04:00:00,CORE_HR
EVT00017863,2021-10-24,EMP00261,CC0004,FI,2,Leave Start,,CAD,CA,2021-10-25 12:00:00,PAYROLL
EVT00017920,2021-10-12,EMP00404,CC0101,CR,2,Leave Start,,CAD,CA,2021-10-12 19:00:00,PAYROLL
EVT00017869,2021-10-19,EMP01005,CC0102,PA,1,Lateral Deployment,,CAD,CAN,2021-10-20 12:00:00,CORE_HR
EVT00018219,2021-10-23,EMP02846,CC0065,IT,1,Leave Return,,GBP,GB,2021-10-24 05:00:00,PAYROLL
EVT00018332,2021-10-13,EMP02776,CC0005,IT,2,Performance Pay,8742.2,CAD,CAN,2021-10-14 05:00:00,CORE_HR
EVT00018018,2021-10-13,EMP04164,CC0038,EC,4,Step Increment,118107.74,CAD,CAN,2021-10-14 14:00:00,CORE_HR
EVT00018423,2021-10-23,EMP04398,CC0089,FI,2,Leave Start,,CAD,CAN,2021-10-23 23:00:00,CORE_HR
EVT00019329,2021-10-12,EMP04009,CC0035,EX,1,Step Increment,119141.0,CAD,CAN,2021-10-13 01:00:00,CORE_HR
EVT00018593,2021-10-22,EMP03830,CC0009,PA,3,Performance Pay,602216.97,INR,IN,2021-10-23 09:00:00,PAYROLL
EVT00018523,2021-10-13,EMP01152,CC0031,AS,4,Promotion,202587.49,AED,AE,2021-10-14 10:00:00,PAYROLL
EVT00017760,2021-10-04,EMP04994,CC0001,EN,2,Step Increment,74705.5,CAD,CAN,2021-10-04 22:00:00,CORE_HR
EVT00019556,2021-10-05,EMP03181,CC0055,PA,2,Step Increment,66431.31,CAD,CAN,2021-10-06 00:00:00,CORE_HR
EVT00018929,2021-10-18,EMP01838,CC0085,PA,1,Leave Start,,CAD,CAN,2021-10-19 00:00:00,CORE_HR
EVT00018354,2021-10-24,EMP00423,CC0077,EN,5,Step Increment,132944.25,CAD,CAN,2021-10-24 10:00:00,CORE_HR
EVT00018223,2021-10-08,EMP03553,CC0004,EN,1,Promotion,61133.15,CAD,CAN,2021-10-08 12:00:00,CORE_HR
EVT00018494,2021-10-23,EMP02770,CC0013,IT,1,Leave Return,,CAD,CA,2021-10-24 08:00:00,PAYROLL
EVT00017781,2021-10-22,EMP03818,CC0076,IT,1,Hire,91050.07,CAD,CA,2021-10-22 10:00:00,PAYROLL
EVT00018148,2021-10-18,EMP01875,CC0030,IT,3,Departure,,MXN,MEX,2021-10-19 08:00:00,CORE_HR
EVT00018157,2021-10-13,EMP04551,CC0108,PA,2,Promotion,779522.7,XXX,MEX,2021-10-14 11:00:00,CORE_HR
EVT00019786,2021-10-26,EMP04712,CC0086,CR,4,Step Increment,203805.39,AED,AE,2021-10-27 04:00:00,PAYROLL
EVT00018969,2021-10-02,EMP03347,CC0013,EN,4,Step Increment,127848.35,CAD,CAN,2021-10-03 11:00:00,CORE_HR
EVT00018632,2021-10-13,EMP01958,CC0076,EN,2,Performance Pay,7811.46,CAD,CA,2021-10-13 15:00:00,PAYROLL
EVT00017823,2021-10-06,EMP00420,CC0101,AS,5,Step Increment,88665.78,CAD,CA,2021-10-07 02:00:00,PAYROLL
EVT00019655,2021-10-18,EMP03209,CC0105,FI,2,Leave Return,,EUR,DE,2021-10-18 19:00:00,PAYROLL
EVT00019301,2021-10-06,EMP01280,CC0072,EX,1,Step Increment,130148.47,CAD,CA,2021-10-07 04:00:00,PAYROLL
EVT00018582,2021-10-11,EMP03267,CC0019,EN,1,Leave Start,,CAD,CAN,2021-10-11 21:00:00,CORE_HR
EVT00018370,2021-10-06,EMP02855,CC0102,PA,3,Step Increment,57593.56,CAD,CA,2021-10-07 10:00:00,PAYROLL
EVT00017733,2021-10-09,EMP00285,CC0046,EN,3,Departure,,AUD,AU,2021-10-10 14:00:00,PAYROLL
EVT00019485,2021-10-12,EMP04621,CC0075,PA,1,Departure,,CAD,CAN,2021-10-12 12:00:00,CORE_HR
EVT00018297,2021-10-20,EMP02699,CC0026,EN,1,Lateral Deployment,,CAD,CAN,2021-10-21 06:00:00,CORE_HR
EVT00018571,2021-10-19,EMP00751,CC0117,IT,5,Lateral Deployment,,CAD,CAN,2021-10-20 00:00:00,CORE_HR
EVT00017849,2021-10-10,EMP02921,CC0044,CR,4,Lateral Deployment,,CAD,CA,2021-10-11 03:00:00,PAYROLL
EVT00017855,2021-10-13,EMP02020,CC0001,FI,1,Hire,75822.54,CAD,CA,2021-10-13 10:00:00,PAYROLL
EVT00019367,2021-10-27,EMP04226,CC0115,PA,1,Step Increment,61176.36,CAD,CAN,2021-10-30 22:00:00,CORE_HR
EVT00018401,2021-10-05,EMP03632,CC0104,EC,3,Lateral Deployment,,CAD,CA,2021-10-05 20:00:00,PAYROLL
EVT00019605,2021-10-18,EMP04426,CC0072,FI,3,Step Increment,98445.25,CAD,CAN,2021-10-19 10:00:00,CORE_HR
EVT00019732,2021-10-07,EMP02028,CC0076,AS,1,Step Increment,41492.66,CAD,CAN,2021-10-08 07:00:00,CORE_HR
EVT00019501,2021-10-13,EMP03278,CC0059,IT,3,Leave Start,,CAD,CAN,2021-10-13 21:00:00,CORE_HR
EVT00018360,2021-10-17,EMP02861,CC0070,EC,3,Lateral Deployment,,CAD,CAN,2021-10-18 15:00:00,CORE_HR
EVT00019349,2021-10-02,EMP01278,CC0043,AS,3,Leave Start,,CAD,CAN,2021-10-02 11:00:00,CORE_HR
EVT00019148,2021-10-02,EMP01399,CC0027,EN,2,Promotion,92117.27,CAD,CAN,2021-10-02 08:00:00,CORE_HR
EVT00017708,2021-10-22,EMP02140,CC0053,FI,4,Step Increment,110930.71,CAD,CAN,2021-10-22 22:00:00,CORE_HR
EVT00018826,2021-10-07,EMP01769,CC0053,AS,2,Step Increment,65624.22,CAD,CAN,2021-10-08 05:00:00,CORE_HR
EVT00017975,2021-10-27,EMP04473,CC0107,EN,1,Step Increment,84156.47,CAD,CAN,2021-10-28 04:00:00,CORE_HR
EVT00019761,2021-10-08,EMP02001,CC0006,CR,1,Step Increment,40028.52,CAD,CAN,2021-10-09 04:00:00,CORE_HR
EVT00019166,2021-10-24,EMP04878,CC0090,EN,3,Lateral Deployment,,CAD,CA,2021-10-24 14:00:00,PAYROLL
EVT00019248,2021-10-14,EMP04227,CC0101,EX,2,Step Increment,159973.1,CAD,CAN,2021-10-14 23:00:00,CORE_HR
EVT00017806,2021-10-09,EMP01853,CC0009,EN,1,Lateral Deployment,,KES,KEN,2021-10-09 09:00:00,CORE_HR
EVT00018218,2021-10-10,EMP00913,CC0085,PA,3,Performance Pay,10919.4,CAD,CAN,2021-10-10 08:00:00,CORE_HR
EVT00018067,2021-10-27,EMP00308,CC0119,AS,2,Departure,,CAD,CA,2021-10-27 11:00:00,PAYROLL
EVT00018455,2021-10-15,EMP00914,CC0081,PA,3,Step Increment,80130.48,CAD,CAN,2021-10-16 12:00:00,CORE_HR
EVT00018760,2021-10-10,EMP04283,CC0118,EC,2,Performance Pay,4400.41,CAD,CA,2021-10-11 04:00:00,PAYROLL
EVT00019730,2021-10-02,EMP01352,CC0083,AS,4,Step Increment,70311.82,CAD,CA,2021-10-02 06:00:00,PAYROLL
EVT00018989,2021-10-09,EMP03817,CC0097,IT,4,Leave Return,,CAD,CAN,2021-10-10 13:00:00,CORE_HR
EVT00018528,2021-10-04,EMP02865,CC0015,FI,2,Performance Pay,3370.71,CAD,CAN,2021-10-05 02:00:00,CORE_HR
EVT00017867,2021-10-02,EMP00503,CC0085,PA,4,Hire,67497.14,CAD,CAN,2021-10-03 00:00:00,CORE_HR
EVT00018627,2021-10-18,EMP01148,CC0103,EX,2,Performance Pay,11588.11,CAD,CAN,2021-10-19 00:00:00,CORE_HR
EVT00018472,2021-10-24,EMP02563,CC0020,EN,2,Performance Pay,11788.82,CAD,CAN,2021-10-24 14:00:00,CORE_HR
EVT00019065,2021-10-26,EMP04649,CC0006,FI,3,Departure,,CAD,CAN,2021-10-27 01:00:00,CORE_HR
EVT00018493,2021-10-03,EMP00937,CC0049,FI,3,Departure,,EUR,FRA,2021-10-04 14:00:00,CORE_HR
EVT00019025,2021-10-08,EMP02234,CC0022,EN,5,Step Increment,133379.82,CAD,CA,2021-10-09 04:00:00,PAYROLL
EVT00018802,2021-10-15,EMP03576,CC0043,CR,4,Performance Pay,8526.32,CAD,CA,2021-10-16 00:00:00,PAYROLL
EVT00018233,2021-10-05,EMP04415,CC0085,IT,5,Leave Start,,CAD,CA,2021-10-05 12:00:00,PAYROLL
EVT00019274,2021-10-22,EMP02245,CC0049,PA,5,Promotion,86556.57,SGD,SGP,2021-10-23 04:00:00,CORE_HR
EVT00019410,2021-10-09,EMP03268,CC0096,CR,1,Step Increment,49705.7,CAD,CA,2021-10-09 16:00:00,PAYROLL
EVT00018092,2021-10-14,EMP00833,CC0112,EN,1,Lateral Deployment,,CAD,CA,2021-10-14 09:00:00,PAYROLL
EVT00019839,2021-10-04,EMP01073,CC0019,PA,2,Departure,,CAD,CAN,2021-10-04 13:00:00,CORE_HR
EVT00018970,2021-10-05,EMP03775,CC0072,IT,2,Lateral Deployment,,CAD,CA,2021-10-06 09:00:00,PAYROLL
EVT00018284,2021-10-05,EMP01630,CC0022,IT,5,Step Increment,129596.29,CAD,CAN,2021-10-05 17:00:00,CORE_HR
EVT00017805,2021-10-22,EMP02133,CC0058,PA,2,Promotion,68685.86,CAD,CA,2021-10-22 18:00:00,PAYROLL
EVT00019174,2021-10-14,EMP04510,CC0032,FI,1,Departure,,CAD,CA,2021-10-14 19:00:00,PAYROLL
EVT00019163,2021-10-15,EMP01760,CC0028,PA,4,Leave Start,,CAD,CA,2021-10-16 05:00:00,PAYROLL
EVT00018311,2021-10-07,EMP01997,CC0007,IT,5,Promotion,14155260.73,KES,KE,2021-10-07 07:00:00,PAYROLL
EVT00018857,2021-10-06,EMP04514,CC0051,IT,1,Step Increment,72628.24,CAD,CAN,2021-10-06 16:00:00,CORE_HR
EVT00018393,2021-10-11,EMP03059,CC0039,CR,2,Promotion,64537.5,CAD,CAN,2021-10-11 18:00:00,CORE_HR
EVT00018065,2021-10-19,EMP00177,CC0054,EX,1,Hire,12642886.13,KES,KEN,2021-10-20 09:00:00,CORE_HR
EVT00018739,2021-10-24,EMP03577,CC0083,EN,1,Step Increment,79560.37,CAD,CA,2021-10-25 10:00:00,PAYROLL
EVT00018601,2021-10-03,EMP02523,CC0072,CR,3,Step Increment,66700.48,CAD,CA,2021-10-03 10:00:00,PAYROLL
EVT00018578,2021-10-04,EMP02925,CC0021,PA,4,Leave Start,,CAD,CA,2021-10-05 11:00:00,PAYROLL
EVT00019169,2021-10-01,EMP02323,CC0120,EN,1,Step Increment,77491.23,CAD,CA,2021-10-01 15:00:00,PAYROLL
EVT00019808,2021-10-18,EMP00651,CC0117,EX,2,Departure,,CAD,CA,2021-10-18 20:00:00,PAYROLL
EVT00019239,2021-10-25,EMP00315,CC0029,EX,1,Performance Pay,8520.26,EUR,FRA,2021-10-26 15:00:00,CORE_HR
EVT00018294,2021-10-08,EMP03420,CC0107,EC,1,Lateral Deployment,,CAD,CAN,2021-10-09 12:00:00,CORE_HR
EVT00018308,2021-10-27,EMP01870,CC0017,FI,5,Step Increment,86447.03,CAD,CAN,2021-10-27 09:00:00,CORE_HR
EVT00017984,2021-10-08,EMP03864,CC0041,IT,3,Leave Start,,CAD,CAN,2021-10-08 20:00:00,CORE_HR
EVT00018257,2021-10-14,EMP02736,CC0070,PA,2,Step Increment,65020.44,CAD,CAN,2021-10-15 14:00:00,CORE_HR
EVT00017825,2021-10-13,EMP00058,CC0061,PA,1,Step Increment,59286.85,CAD,CAN,2021-10-13 09:00:00,CORE_HR
EVT00019005,2021-10-16,EMP02572,CC0081,FI,2,Step Increment,85653.86,CAD,CA,2021-10-16 11:00:00,PAYROLL
EVT00019280,2021-10-15,EMP00185,CC0111,IT,2,Lateral Deployment,,SGD,SGP,2021-10-16 14:00:00,CORE_HR
EVT00018181,2021-10-11,EMP01884,CC0117,FI,3,Lateral Deployment,,CAD,CAN,2021-10-12 15:00:00,CORE_HR
EVT00019245,2021-10-09,EMP01009,CC0010,IT,2,Step Increment,96983.4,CAD,CAN,2021-10-10 00:00:00,CORE_HR
EVT00019648,2021-10-18,EMP01507,CC0049,IT,4,Step Increment,1183318.78,MXN,MX,2021-10-19 06:00:00,PAYROLL
EVT00018295,2021-10-22,EMP03927,CC0053,AS,3,Promotion,66382.63,CAD,CA,2021-10-23 04:00:00,PAYROLL
EVT00018917,2021-10-17,EMP00011,CC0085,IT,2,Performance Pay,8569.94,CAD,CAN,2021-10-17 13:00:00,CORE_HR
EVT00019586,2021-10-21,EMP02846,CC0065,IT,1,Promotion,53299.37,USD,US,2021-10-21 15:00:00,PAYROLL
EVT00019585,2021-10-05,EMP00318,CC0037,AS,5,Step Increment,79979.48,CAD,CA,2021-10-05 20:00:00,PAYROLL
EVT00018991,2021-10-01,EMP03930,CC0087,EN,1,Performance Pay,10945.18,CAD,CA,2021-10-02 00:00:00,PAYROLL
EVT00019370,2021-10-23,EMP02214,CC0020,EN,3,Leave Start,,CAD,CA,2021-10-24 04:00:00,PAYROLL
EVT00018648,2021-10-03,EMP03299,CC0112,EX,2,Step Increment,158185.59,CAD,CAN,2021-10-03 13:00:00,CORE_HR
EVT00017734,2021-10-23,EMP01813,CC0072,EC,3,Step Increment,96689.42,CAD,CA,2021-10-23 07:00:00,PAYROLL
EVT00018986,2021-10-24,EMP01389,CC0022,EX,1,Lateral Deployment,,CAD,CA,2021-10-25 13:00:00,PAYROLL
EVT00018945,2021-10-13,EMP01375,CC0109,CR,2,Departure,,CAD,CAN,2021-10-14 02:00:00,CORE_HR
EVT00018164,2021-10-12,EMP03169,CC0006,IT,1,Lateral Deployment,,CAD,CA,2021-10-13 02:00:00,PAYROLL
EVT00017919,2021-10-22,EMP01167,CC0078,AS,3,Performance Pay,9579.75,CAD,CAN,2021-10-22 21:00:00,CORE_HR
EVT00018948,2021-10-08,EMP01655,CC0062,PA,1,Step Increment,47579.15,CAD,CAN,2021-10-09 01:00:00,CORE_HR
EVT00019640,2021-10-19,EMP04327,CC0107,IT,1,Step Increment,74305.4,CAD,CA,2021-10-19 23:00:00,PAYROLL
EVT00019437,2021-10-01,EMP01512,CC0104,PA,5,Promotion,89727.35,CAD,CAN,2021-10-02 11:00:00,CORE_HR
EVT00018093,2021-10-10,EMP02292,CC0104,AS,2,Leave Start,,CAD,CA,2021-10-10 15:00:00,PAYROLL
EVT00018507,2021-10-05,EMP00947,CC0091,EN,2,Promotion,101822.44,CAD,CA,2021-10-06 10:00:00,PAYROLL
EVT00019757,2021-10-04,EMP01300,CC0091,EX,1,Step Increment,129651.88,CAD,CAN,2021-10-04 08:00:00,CORE_HR
EVT00019399,2021-10-07,EMP04762,CC0090,EN,1,Leave Start,,CAD,CAN,2021-10-08 02:00:00,CORE_HR
EVT00018649,2021-10-22,EMP01340,CC0059,IT,2,Leave Start,,CAD,CA,2021-10-23 01:00:00,PAYROLL
EVT00017743,2021-10-26,EMP01761,CC0025,CR,3,Leave Return,,CAD,CAN,2021-10-27 04:00:00,CORE_HR
EVT00018848,2021-10-08,EMP03997,CC0050,IT,3,Leave Return,,CAD,CAN,2021-10-08 08:00:00,CORE_HR
EVT00019097,2021-10-16,EMP03426,CC0020,EX,1,Performance Pay,16443.62,CAD,CAN,2021-10-17 02:00:00,CORE_HR
EVT00018499,2021-10-14,EMP01981,CC0101,AS,3,Step Increment,70247.43,CAD,CAN,2021-10-14 12:00:00,CORE_HR
EVT00019196,2021-10-06,EMP02115,CC0080,EC,4,Promotion,78964.39,EUR,FR,2021-10-06 19:00:00,PAYROLL
EVT00017766,2021-10-13,EMP03253,CC0069,CR,1,Performance Pay,4202.54,CAD,CAN,2021-10-14 12:00:00,CORE_HR
EVT00019408,2021-10-12,EMP02163,CC0030,PA,1,Leave Start,,INR,IN,2021-10-13 12:00:00,PAYROLL
EVT00019220,2021-10-23,EMP02180,CC0073,PA,3,Promotion,72942.79,CAD,CA,2021-10-23 06:00:00,PAYROLL
EVT00019233,2021-10-24,EMP03625,CC0062,IT,4,Step Increment,120223.03,CAD,CAN,2021-10-25 12:00:00,CORE_HR
EVT00018877,2021-10-15,EMP03523,CC0014,AS,1,Step Increment,57521.34,CAD,CA,2021-10-16 11:00:00,PAYROLL
EVT00017759,2021-10-16,EMP00042,CC0100,IT,1,Step Increment,80521.62,CAD,CAN,2021-10-17 05:00:00,CORE_HR
EVT00018495,2021-10-20,EMP02958,CC0070,PA,5,Step Increment,97398.51,CAD,CAN,2021-10-21 03:00:00,CORE_HR
EVT00018658,2021-10-08,EMP02609,CC0005,PA,2,Step Increment,73823.06,CAD,CA,2021-10-08 06:00:00,PAYROLL
EVT00018654,2021-10-18,EMP03674,CC0035,IT,2,Hire,92870.82,CAD,CAN,2021-10-18 08:00:00,CORE_HR
EVT00018458,2021-10-25,EMP04969,CC0041,FI,4,Performance Pay,11588.63,CAD,CAN,2021-10-25 11:00:00,CORE_HR
EVT00018804,2021-10-24,EMP02054,CC0010,FI,3,Step Increment,100104.88,CAD,CA,2021-10-24 19:00:00,PAYROLL
EVT00018756,2021-10-23,EMP03091,CC0092,EN,1,Performance Pay,10867.48,CAD,CA,2021-10-23 12:00:00,PAYROLL
EVT00018282,2021-10-04,EMP02294,CC0003,CR,2,Lateral Deployment,,CAD,CA,2021-10-04 16:00:00,PAYROLL
EVT00018347,2021-10-26,EMP03304,CC0085,IT,2,Step Increment,83858.83,CAD,CAN,2021-10-26 07:00:00,CORE_HR
EVT00017942,2021-10-19,EMP01671,CC0064,PA,5,Step Increment,101384.43,CAD,CAN,2021-10-20 02:00:00,CORE_HR
EVT00017862,2021-10-13,EMP02878,CC0018,AS,2,Lateral Deployment,,CAD,CA,2021-10-14 11:00:00,PAYROLL
EVT00018356,2021-10-13,EMP03468,CC0054,IT,2,Step Increment,1070012.51,MXN,MEX,2021-10-13 15:00:00,CORE_HR
EVT00018767,2021-10-14,EMP03280,CC0071,FI,4,Hire,95693.17,CAD,CA,2021-10-15 09:00:00,PAYROLL
EVT00019755,2021-10-02,EMP04795,CC0057,EN,1,Leave Return,,CAD,CA,2021-10-03 00:00:00,PAYROLL
EVT00018772,2021-10-08,EMP03531,CC0041,IT,3,Leave Start,,CAD,CAN,2021-10-09 04:00:00,CORE_HR
EVT00019353,2021-10-18,EMP02268,CC0002,FI,2,Hire,88319.67,CAD,CA,2021-10-19 06:00:00,PAYROLL
EVT00018258,2021-10-23,EMP03140,CC0068,IT,2,Step Increment,90716.13,CAD,CAN,2021-10-27 00:00:00,CORE_HR
EVT00019077,2021-10-10,EMP03528,CC0103,FI,2,Step Increment,88984.93,CAD,CA,2021-10-11 04:00:00,PAYROLL
EVT00018101,2021-10-02,EMP04262,CC0068,AS,2,Departure,,CAD,CA,2021-10-03 06:00:00,PAYROLL
EVT00018715,2021-10-10,EMP03193,CC0108,FI,1,Step Increment,6926726.71,KES,KEN,2021-10-10 08:00:00,CORE_HR
EVT00018179,2021-10-06,EMP00545,CC0114,EN,1,Step Increment,77115.09,CAD,CAN,2021-10-06 19:00:00,CORE_HR
EVT00019124,2021-10-01,EMP04651,CC0103,CR,3,Step Increment,67917.59,CAD,CA,2021-10-01 13:00:00,PAYROLL
EVT00018361,2021-10-13,EMP01657,CC0116,IT,2,Performance Pay,9299.37,CAD,CAN,2021-10-13 19:00:00,CORE_HR
EVT00017987,2021-10-04,EMP00344,CC0024,CR,1,Step Increment,50277.59,CAD,CAN,2021-10-04 14:00:00,CORE_HR
EVT00019779,2021-10-09,EMP02988,CC0038,AS,5,Leave Return,,CAD,CAN,2021-10-10 13:00:00,CORE_HR
EVT00017764,2021-10-21,EMP03567,CC0071,PA,2,Lateral Deployment,,CAD,CAN,2021-10-22 13:00:00,CORE_HR
EVT00018047,2021-10-04,EMP03881,CC0100,IT,2,Departure,,CAD,CA,2021-10-05 00:00:00,PAYROLL
EVT00017941,2021-10-27,EMP02511,CC0079,EN,2,Performance Pay,12987.67,CAD,CAN,2021-10-28 04:00:00,CORE_HR
EVT00018876,2021-10-11,EMP02222,CC0020,EN,2,Leave Return,,CAD,CAN,2021-10-11 08:00:00,CORE_HR
EVT00018155,2021-10-01,EMP99999,CC0020,EN,2,Hire,75381.17,CAD,CAN,2021-10-01 19:00:00,CORE_HR
EVT00019181,2021-10-16,EMP03558,CC0109,AS,2,Step Increment,48359.33,CAD,CAN,2021-10-16 12:00:00,CORE_HR
EVT00019716,2021-10-11,EMP03335,CC0003,IT,2,Hire,91050.4,CAD,CA,2021-10-11 20:00:00,PAYROLL
EVT00018051,2021-10-12,EMP02076,CC0034,PA,1,Step Increment,59193.41,CAD,CA,2021-10-12 13:00:00,PAYROLL
EVT00017945,2021-10-01,EMP02099,CC0092,PA,2,Step Increment,66722.04,CAD,CA,2021-10-01 16:00:00,PAYROLL
EVT00018440,2021-10-09,EMP01202,CC0061,CR,2,Step Increment,53934.48,CAD,CAN,2021-10-10 05:00:00,CORE_HR
EVT00019308,2021-10-02,EMP03405,CC0049,AS,4,Step Increment,50850.19,USD,US,2021-10-02 10:00:00,PAYROLL
EVT00019074,2021-10-22,EMP01708,CC0100,PA,3,Leave Start,,CAD,CA,2021-10-23 13:00:00,PAYROLL
EVT00018480,2021-10-21,EMP00156,CC0011,IT,3,Leave Return,,CAD,CAN,2021-10-21 09:00:00,CORE_HR
EVT00019338,2021-10-27,EMP00718,CC0097,IT,1,Lateral Deployment,,CAD,CA,2021-10-28 03:00:00,PAYROLL
EVT00017931,2021-10-02,EMP04101,CC0061,IT,4,Leave Return,,CAD,CAN,2021-10-02 12:00:00,CORE_HR
EVT00018007,2021-10-25,EMP01969,CC0110,PA,3,Performance Pay,9265.5,CAD,CAN,2021-10-25 09:00:00,CORE_HR
EVT00017847,2021-10-16,EMP03750,CC0089,PA,4,Promotion,91605.53,CAD,CAN,2021-10-16 17:00:00,CORE_HR
EVT00018192,2021-10-17,EMP01650,CC0104,IT,1,Performance Pay,9159.76,CAD,CA,2021-10-17 23:00:00,PAYROLL
EVT00019288,2021-10-19,EMP04925,CC0067,EX,2,Step Increment,159154.59,CAD,CAN,2021-10-19 18:00:00,CORE_HR
EVT00018030,2021-10-08,EMP04187,CC0030,PA,2,Promotion,7135862.88,KES,KE,2021-10-08 06:00:00,PAYROLL
EVT00017946,2021-10-08,EMP04726,CC0020,AS,3,Leave Return,,CAD,CAN,2021-10-09 04:00:00,CORE_HR
EVT00018112,2021-10-11,EMP01482,CC0029,CR,1,Performance Pay,3790.92,EUR,DEU,2021-10-12 14:00:00,CORE_HR
EVT00018128,2021-10-02,EMP00476,CC0050,EC,2,Leave Start,,CAD,CAN,2021-10-02 18:00:00,CORE_HR
EVT00018915,2021-10-15,EMP03197,CC0118,EN,3,Performance Pay,14681.19,CAD,CAN,2021-10-15 09:00:00,CORE_HR
EVT00018269,2021-10-06,EMP03114,CC0056,PA,3,Leave Return,,CAD,CAN,2021-10-06 20:00:00,CORE_HR
EVT00017841,2021-10-21,EMP04593,CC0106,CR,4,Step Increment,62664.69,CAD,CAN,2021-10-21 11:00:00,CORE_HR
EVT00018188,2021-10-22,EMP02476,CC0064,AS,3,Leave Start,,CAD,CAN,2021-10-22 15:00:00,CORE_HR
EVT00018596,2021-10-01,EMP00839,CC0031,CR,3,Leave Start,,AUD,AU,2021-10-02 06:00:00,PAYROLL
EVT00019126,2021-10-03,EMP03715,CC0023,PA,1,Leave Return,,CAD,CAN,2021-10-03 21:00:00,CORE_HR
EVT00019145,2021-10-05,EMP04478,CC0095,IT,2,Leave Start,,CAD,CAN,2021-10-06 13:00:00,CORE_HR
EVT00017770,2021-10-15,EMP01067,CC0035,EN,3,Step Increment,107385.86,CAD,CAN,2021-10-15 21:00:00,CORE_HR
EVT00018875,2021-10-09,EMP01503,CC0032,IT,1,Step Increment,84583.14,CAD,CA,2021-10-09 15:00:00,PAYROLL
EVT00019276,2021-10-23,EMP01138,CC0104,EC,2,Step Increment,89235.27,CAD,CAN,2021-10-24 10:00:00,CORE_HR
EVT00018170,2021-10-26,EMP00093,CC0040,PA,5,Step Increment,80600.43,CAD,CA,2021-10-27 00:00:00,PAYROLL
EVT00018300,2021-10-03,EMP01188,CC0075,AS,2,Departure,,CAD,CAN,2021-10-04 13:00:00,CORE_HR
EVT00017932,2021-10-08,EMP03522,CC0044,CR,2,Step Increment,50911.86,CAD,CA,2021-10-08 21:00:00,PAYROLL
EVT00019417,2021-10-16,EMP03194,CC0091,CR,1,Lateral Deployment,,CAD,CAN,2021-10-17 05:00:00,CORE_HR
EVT00019215,2021-10-27,EMP01988,CC0081,EX,3,Promotion,174551.26,CAD,CA,2021-10-27 08:00:00,PAYROLL
EVT00018227,2021-10-26,EMP00380,CC0058,CR,1,Leave Return,,CAD,CA,2021-10-26 13:00:00,PAYROLL
EVT00019500,2021-10-26,EMP03196,CC0080,PA,1,Lateral Deployment,,AED,AE,2021-10-26 13:00:00,PAYROLL
EVT00019020,2021-10-19,EMP00975,CC0069,IT,1,Departure,,CAD,CAN,2021-10-20 12:00:00,CORE_HR
EVT00019412,2021-10-14,EMP03954,CC0115,FI,3,Promotion,84389.26,CAD,CAN,2021-10-14 18:00:00,CORE_HR
EVT00019427,2021-10-07,EMP04365,CC0032,CR,2,Leave Return,,CAD,CAN,2021-10-07 18:00:00,CORE_HR
EVT00018853,2021-10-27,EMP03173,CC0041,EC,1,Step Increment,68413.41,CAD,CA,2021-10-27 08:00:00,PAYROLL
EVT00018020,2021-10-06,EMP01411,CC0026,FI,2,Step Increment,73030.69,CAD,CAN,2021-10-08 03:00:00,CORE_HR
EVT00017763,2021-10-19,EMP04044,CC0022,FI,3,Step Increment,98800.06,CAD,CAN,2021-10-20 06:00:00,CORE_HR
EVT00018994,2021-10-18,EMP00566,CC0032,IT,3,Leave Return,,CAD,CA,2021-10-18 07:00:00,PAYROLL
EVT00018184,2021-10-06,EMP02017,CC0104,EC,1,Step Increment,66831.39,CAD,CAN,2021-10-06 22:00:00,CORE_HR
EVT00019590,2021-10-10,EMP00958,CC0036,AS,4,Step Increment,62505.88,CAD,CA,2021-10-10 10:00:00,PAYROLL
EVT00019071,2021-10-16,EMP01188,CC0075,AS,2,Leave Return,,CAD,CAN,2021-10-16 07:00:00,CORE_HR
EVT00018922,2021-10-10,EMP01996,CC0027,PA,1,Lateral Deployment,,CAD,CAN,2021-10-10 18:00:00,CORE_HR
EVT00018614,2021-10-18,EMP04636,CC0046,CR,2,Performance Pay,1617.93,EUR,FRA,2021-10-19 08:00:00,CORE_HR
EVT00018567,2021-10-10,EMP04568,CC0052,FI,4,Leave Start,,CAD,CAN,2021-10-11 11:00:00,CORE_HR
EVT00017749,2021-10-06,EMP03292,CC0047,FI,4,Leave Start,,CAD,CA,2021-10-06 15:00:00,PAYROLL
EVT00018208,2021-10-11,EMP02053,CC0058,EC,3,Step Increment,94344.15,CAD,CAN,2021-10-11 19:00:00,CORE_HR
EVT00018993,2021-10-27,EMP00930,CC0081,PA,2,Step Increment,68999.22,CAD,CA,2021-10-28 13:00:00,PAYROLL
EVT00017871,2021-10-13,EMP01840,CC0054,EC,1,Leave Return,,MXN,MEX,2021-10-13 19:00:00,CORE_HR
EVT00019323,2021-10-02,EMP03535,CC0049,PA,3,Step Increment,1112865.44,MXN,MX,2021-10-03 01:00:00,PAYROLL
EVT00017765,2021-10-19,EMP03527,CC0012,IT,3,Step Increment,108421.06,CAD,CA,2021-10-19 21:00:00,PAYROLL
EVT00019332,2021-10-05,EMP02229,CC0013,CR,1,Leave Return,,CAD,CA,2021-10-05 18:00:00,PAYROLL
EVT00019142,2021-10-10,EMP01224,CC0023,AS,3,Promotion,87396.37,CAD,CAN,2021-10-13 11:00:00,CORE_HR
EVT00019118,2021-10-16,EMP03712,CC0071,CR,1,Performance Pay,2505.1,CAD,CA,2021-10-17 06:00:00,PAYROLL
EVT00017721,2021-10-05,EMP04449,CC0026,PA,2,Hire,71183.33,CAD,CA,2021-10-06 12:00:00,PAYROLL
EVT00018765,2021-10-14,EMP00253,CC0013,PA,4,Leave Return,,CAD,CAN,2021-10-14 19:00:00,CORE_HR
EVT00019059,2021-10-22,EMP00278,CC0061,AS,5,Leave Return,,CAD,CAN,2021-10-22 14:00:00,CORE_HR
EVT00019099,2021-10-19,EMP03930,CC0087,EN,1,Leave Return,,CAD,CAN,2021-10-20 08:00:00,CORE_HR
EVT00017804,2021-10-25,EMP00593,CC0075,FI,3,Leave Start,,CAD,CAN,2021-10-25 20:00:00,CORE_HR
EVT00019769,2021-10-15,EMP02070,CC0081,AS,3,Performance Pay,8013.16,CAD,CAN,2021-10-16 04:00:00,CORE_HR
EVT00019587,2021-10-10,EMP01463,CC0071,EX,1,Leave Start,,CAD,CA,2021-10-11 05:00:00,PAYROLL
EVT00019666,2021-10-14,EMP01488,CC0026,PA,1,Lateral Deployment,,CAD,CAN,2021-10-15 02:00:00,CORE_HR
EVT00018946,2021-10-03,EMP01781,CC0108,EX,2,Performance Pay,58701.36,AED,ARE,2021-10-04 09:00:00,CORE_HR
EVT00017813,2021-10-02,EMP02099,CC0092,PA,2,Leave Return,,CAD,CAN,2021-10-03 11:00:00,CORE_HR
EVT00018303,2021-10-23,EMP00499,CC0052,AS,3,Step Increment,72080.16,CAD,CAN,2021-10-24 07:00:00,CORE_HR
EVT00018070,2021-10-15,EMP03230,CC0105,EX,1,Promotion,13576745.15,JPY,JPN,2021-10-16 08:00:00,CORE_HR
EVT00019423,2021-10-21,EMP04278,CC0039,FI,2,Leave Start,,CAD,CAN,2021-10-21 21:00:00,CORE_HR
EVT00019569,2021-10-23,EMP03656,CC0087,EX,1,Hire,126212.16,CAD,CA,2021-10-24 14:00:00,PAYROLL
EVT00018533,2021-10-08,EMP01674,CC0016,EN,1,Leave Return,,CAD,CAN,2021-10-09 07:00:00,CORE_HR
EVT00017797,2021-10-23,EMP03980,CC0012,EC,2,Step Increment,-80601.05,CAD,CAN,2021-10-23 17:00:00,CORE_HR
EVT00019819,2021-10-01,EMP03342,CC0027,PA,3,Lateral Deployment,,CAD,CA,2021-10-03 08:00:00,PAYROLL
EVT00019458,2021-10-13,EMP03636,CC0076,IT,4,Leave Start,,CAD,CAN,2021-10-14 04:00:00,CORE_HR
EVT00018141,2021-10-16,EMP01791,CC0045,PA,2,Departure,,CAD,CAN,2021-10-17 08:00:00,CORE_HR
EVT00019623,2021-10-26,EMP04182,CC0068,EN,5,Lateral Deployment,,CAD,CA,2021-10-27 15:00:00,PAYROLL
EVT00019694,2021-10-21,EMP04612,CC0008,IT,1,Promotion,85227.96,CAD,CAN,2021-10-22 14:00:00,CORE_HR
EVT00019291,2021-10-04,EMP01861,CC0048,IT,1,Step Increment,85197.57,CAD,CAN,2021-10-05 11:00:00,CORE_HR
EVT00017731,2021-10-27,EMP00658,CC0007,IT,1,Lateral Deployment,,INR,IND,2021-10-28 12:00:00,CORE_HR
EVT00018486,2021-10-10,EMP01775,CC0015,EN,4,Performance Pay,7752.4,CAD,CAN,2021-10-10 23:00:00,CORE_HR
EVT00018474,2021-10-10,EMP00056,CC0025,EN,3,Step Increment,98552.28,CAD,CA,2021-10-10 17:00:00,PAYROLL
EVT00018893,2021-10-03,EMP02377,CC0056,FI,4,Step Increment,100523.02,CAD,CAN,2021-10-03 18:00:00,CORE_HR
EVT00017888,2021-10-17,EMP04831,CC0101,PA,2,Performance Pay,8076.61,CAD,CAN,2021-10-18 04:00:00,CORE_HR
EVT00018245,2021-10-05,EMP01536,CC0082,EC,2,Lateral Deployment,,CAD,CA,2021-10-05 08:00:00,PAYROLL
EVT00019535,2021-10-05,EMP00333,CC0108,IT,3,Step Increment,66808.91,EUR,FR,2021-10-05 23:00:00,PAYROLL
EVT00019624,2021-10-02,EMP03268,CC0096,CR,1,Step Increment,36388.33,CAD,CAN,2021-10-02 18:00:00,CORE_HR
EVT00019372,2021-10-02,EMP03323,CC0092,PA,2,Leave Return,,CAD,CAN,2021-10-02 10:00:00,CORE_HR
EVT00019010,2021-10-09,EMP03415,CC0046,IT,1,Leave Return,,INR,IN,2021-10-10 12:00:00,PAYROLL
EVT00018884,2021-10-08,EMP04682,CC0040,EN,3,Step Increment,100020.06,CAD,CAN,2021-10-09 00:00:00,CORE_HR
EVT00018724,2021-10-06,EMP04950,CC0056,PA,2,Lateral Deployment,,CAD,CA,2021-10-06 12:00:00,PAYROLL
EVT00019263,2021-10-09,EMP00305,CC0056,EX,1,Hire,142406.17,CAD,CAN,2021-10-10 02:00:00,CORE_HR
EVT00018080,2021-10-06,EMP04025,CC0119,AS,4,Step Increment,75436.98,CAD,CAN,2021-10-06 13:00:00,CORE_HR
EVT00019459,2021-10-15,EMP02561,CC0027,EC,1,Step Increment,67742.52,CAD,CAN,2021-10-16 08:00:00,CORE_HR
EVT00017866,2021-10-24,EMP00336,CC0054,EN,1,Leave Start,,JPY,JPN,2021-10-24 22:00:00,CORE_HR
EVT00017923,2021-10-08,EMP04855,CC0039,AS,4,Hire,74076.52,CAD,CAN,2021-10-09 11:00:00,CORE_HR
EVT00018606,2021-10-04,EMP00509,CC0032,IT,3,Lateral Deployment,,CAD,CA,2021-10-05 14:00:00,PAYROLL
EVT00019577,2021-10-01,EMP03747,CC0118,CR,2,Step Increment,48447.8,CAD,CAN,2021-10-01 12:00:00,CORE_HR
EVT00019774,2021-10-04,EMP04609,CC0097,EC,3,Step Increment,88750.67,CAD,CA,2021-10-04 17:00:00,PAYROLL
EVT00019197,2021-10-06,EMP03179,CC0049,AS,5,Leave Start,,SGD,SG,2021-10-06 10:00:00,PAYROLL
EVT00019614,2021-10-03,EMP04866,CC0071,EX,2,Promotion,147675.29,CAD,CAN,2021-10-04 15:00:00,CORE_HR
EVT00019254,2021-10-09,EMP00573,CC0070,PA,4,Performance Pay,7327.9,CAD,CA,2021-10-10 00:00:00,PAYROLL
EVT00018348,2021-10-02,EMP03079,CC0099,FI,4,Step Increment,106361.17,CAD,CA,2021-10-02 09:00:00,PAYROLL
EVT00018592,2021-10-11,EMP02672,CC0051,PA,2,Hire,62582.28,CAD,CAN,2021-10-11 10:00:00,CORE_HR
EVT00018878,2021-10-04,EMP02177,CC0077,FI,3,Leave Start,,CAD,CAN,2021-10-05 14:00:00,CORE_HR
EVT00019169,2021-10-01,EMP02323,CC0120,EN,1,Step Increment,77491.23,CAD,CA,2021-10-03 06:00:00,PAYROLL
EVT00019312,2021-10-13,EMP01821,CC0108,IT,2,Step Increment,58113.3,GBP,GBR,2021-10-14 11:00:00,CORE_HR
EVT00019113,2021-10-15,EMP04724,CC0033,FI,2,Promotion,74743.96,CAD,CA,2021-10-15 21:00:00,PAYROLL
EVT00017837,2021-10-14,EMP04169,CC0040,EC,3,Hire,96604.42,CAD,CA,2021-10-14 15:00:00,PAYROLL
EVT00017828,2021-10-18,EMP03521,CC0024,EN,1,Leave Return,,CAD,CAN,2021-10-18 17:00:00,CORE_HR
EVT00017995,2021-10-08,EMP03900,CC0016,CR,1,Step Increment,54786.73,CAD,CAN,2021-10-08 19:00:00,CORE_HR
EVT00019137,2021-10-20,EMP02223,CC0021,EX,2,Step Increment,163339.4,CAD,CAN,2021-10-21 12:00:00,CORE_HR
EVT00018557,2021-10-12,EMP03794,CC0085,EX,1,Leave Start,,CAD,CAN,2021-10-13 07:00:00,CORE_HR
EVT00017746,2021-10-22,EMP01653,CC0009,AS,1,Lateral Deployment,,SGD,SGP,2021-10-23 06:00:00,CORE_HR
EVT00018637,2021-10-19,EMP01589,CC0067,AS,1,Leave Return,,CAD,CA,2021-10-19 22:00:00,PAYROLL
EVT00018428,2021-10-23,EMP04715,CC0115,AS,4,Step Increment,83386.45,CAD,CAN,2021-10-24 00:00:00,CORE_HR
EVT00017960,2021-10-03,EMP04321,CC0120,EN,5,Step Increment,164895.07,CAD,CAN,2021-10-03 17:00:00,CORE_HR
EVT00018028,2021-10-12,EMP02775,CC0105,PA,4,Promotion,78781.08,SGD,SGP,2021-10-12 12:00:00,CORE_HR
EVT00018642,2021-10-05,EMP01468,CC0102,EC,4,Leave Return,,CAD,CAN,2021-10-05 13:00:00,CORE_HR
EVT00019360,2021-10-07,EMP01897,CC0064,IT,2,Leave Start,,CAD,CA,2021-10-07 19:00:00,PAYROLL
EVT00018820,2021-10-17,EMP03836,CC0052,CR,2,Promotion,50732.48,CAD,CA,2021-10-17 23:00:00,PAYROLL
EVT00019231,2021-10-25,EMP04980,CC0070,IT,4,Step Increment,109216.51,CAD,CAN,2021-10-25 13:00:00,CORE_HR
EVT00018774,2021-10-20,EMP03768,CC0049,FI,3,Performance Pay,3645.22,EUR,FRA,2021-10-21 12:00:00,CORE_HR
EVT00019540,2021-10-20,EMP04682,CC0040,EN,3,Leave Start,,CAD,CAN,2021-10-21 05:00:00,CORE_HR
EVT00019496,2021-10-19,EMP03891,CC0060,EX,1,Hire,148901.79,CAD,CA,2021-10-20 03:00:00,PAYROLL
EVT00017932,2021-10-08,EMP03522,CC0044,CR,2,Step Increment,50911.86,CAD,CA,2021-10-09 09:00:00,PAYROLL
EVT00017902,2021-10-10,EMP03709,CC0025,IT,1,Lateral Deployment,,CAD,CA,2021-10-10 11:00:00,PAYROLL
EVT00019512,2021-10-02,EMP04846,CC0033,PA,2,Performance Pay,7080.59,CAD,CA,2021-10-03 02:00:00,PAYROLL
EVT00018672,2021-10-27,EMP04336,CC0050,AS,3,Performance Pay,5183.01,CAD,CAN,2021-10-28 06:00:00,CORE_HR
EVT00019455,2021-10-21,EMP04006,CC0069,CR,4,Leave Start,,CAD,CA,2021-10-21 19:00:00,PAYROLL
EVT00018037,2021-10-25,EMP01877,CC0013,PA,5,Leave Start,,CAD,CAN,2021-10-26 13:00:00,CORE_HR
EVT00018828,2021-10-23,EMP02237,CC0074,PA,3,Lateral Deployment,,INR,IN,2021-10-24 04:00:00,PAYROLL
EVT00018784,2021-10-21,EMP04360,CC0028,AS,4,Leave Return,,CAD,CA,2021-10-21 08:00:00,PAYROLL
EVT00018725,2021-10-13,EMP03725,CC0008,AS,5,Leave Start,,CAD,CAN,2021-10-13 17:00:00,CORE_HR
EVT00017840,2021-10-27,EMP03869,CC0101,AS,1,Leave Return,,CAD,CAN,2021-10-28 05:00:00,CORE_HR
EVT00017933,2021-10-22,EMP02003,CC0114,EX,1,Departure,,CAD,CAN,2021-10-23 02:00:00,CORE_HR
EVT00018305,2021-10-26,EMP00095,CC0058,EX,1,Leave Start,,CAD,CAN,2021-10-27 12:00:00,CORE_HR
EVT00018630,2021-10-11,EMP04748,CC0023,AS,4,Promotion,76222.09,CAD,CAN,2021-10-11 13:00:00,CORE_HR
EVT00019756,2021-10-09,EMP00841,CC0055,EN,5,Step Increment,143302.96,CAD,CAN,2021-10-09 07:00:00,CORE_HR
EVT00019414,2021-10-19,EMP02527,CC0107,IT,3,Promotion,130061.78,CAD,CAN,2021-10-20 13:00:00,CORE_HR
EVT00018693,2021-10-01,EMP03923,CC0118,PA,4,Performance Pay,5198.49,CAD,CAN,2021-10-01 22:00:00,CORE_HR
EVT00018083,2021-10-17,EMP04635,CC0099,CR,3,Leave Return,,CAD,CA,2021-10-17 16:00:00,PAYROLL
EVT00019602,2021-10-17,EMP00291,CC0071,PA,3,Step Increment,76106.33,CAD,CAN,2021-10-18 03:00:00,CORE_HR
EVT00018319,2021-10-07,EMP03605,CC0001,AS,2,Leave Start,,CAD,CAN,2021-10-07 06:00:00,CORE_HR
EVT00019377,2021-10-14,EMP00696,CC0087,PA,1,Step Increment,59370.69,CAD,CA,2021-10-14 23:00:00,PAYROLL
EVT00018371,2021-10-27,EMP03267,CC0019,EN,1,Leave Start,,CAD,CA,2021-10-28 14:00:00,PAYROLL
EVT00019683,2021-10-24,EMP04486,CC0118,EN,4,Hire,119413.06,CAD,CAN,2021-10-24 20:00:00,CORE_HR
EVT00018182,2021-10-18,EMP03990,CC0030,PA,4,Hire,83935.66,SGD,SG,2021-10-18 15:00:00,PAYROLL
EVT00019096,2021-10-01,EMP04363,CC0116,EN,2,Leave Return,,CAD,CA,2021-10-01 09:00:00,PAYROLL
EVT00017836,2021-10-20,EMP01838,CC0085,PA,1,Lateral Deployment,,CAD,CAN,2021-10-21 15:00:00,CORE_HR
EVT00018405,2021-10-03,EMP04918,CC0092,CR,1,Step Increment,46311.98,CAD,CA,2021-10-03 13:00:00,PAYROLL
EVT00017730,2021-10-25,EMP03500,CC0107,EN,1,Leave Return,,CAD,CAN,2021-10-26 06:00:00,CORE_HR
EVT00018123,2021-10-04,EMP04626,CC0115,PA,1,Leave Return,,CAD,CAN,2021-10-05 01:00:00,CORE_HR
EVT00019187,2021-10-19,EMP03718,CC0048,PA,3,Leave Start,,CAD,CAN,2021-10-19 20:00:00,CORE_HR
EVT00018382,2021-10-20,EMP03666,CC0059,IT,1,Step Increment,84600.17,CAD,CAN,2021-10-20 20:00:00,CORE_HR
EVT00019471,2021-10-09,EMP04723,CC0013,IT,3,Performance Pay,7378.47,CAD,CA,2021-10-11 23:00:00,PAYROLL
EVT00019671,2021-10-24,EMP03987,CC0081,CR,1,Step Increment,48952.11,CAD,CAN,2021-10-25 09:00:00,CORE_HR
EVT00019211,2021-10-04,EMP03076,CC0015,FI,1,Performance Pay,5496.46,CAD,CAN,2021-10-05 05:00:00,CORE_HR
EVT00018827,2021-10-13,EMP00732,CC0113,FI,1,Step Increment,64368.07,CAD,CA,2021-10-14 00:00:00,PAYROLL
EVT00018215,2021-10-19,EMP00843,CC0090,AS,3,Lateral Deployment,,CAD,CAN,2021-10-19 18:00:00,CORE_HR
EVT00017928,2021-10-20,EMP01303,CC0096,PA,2,Step Increment,62119.61,CAD,CA,2021-10-20 17:00:00,PAYROLL
EVT00019773,2021-10-08,EMP04186,CC0057,EC,5,Leave Return,,CAD,CAN,2021-10-09 03:00:00,CORE_HR
EVT00018451,2021-10-02,EMP02823,CC0050,PA,2,Step Increment,64050.99,CAD,CA,2021-10-03 03:00:00,PAYROLL
EVT00018098,2021-10-26,EMP00913,CC0085,PA,3,Hire,78430.86,CAD,CAN,2021-10-26 19:00:00,CORE_HR
EVT00018078,2021-10-09,EMP01304,CC0074,FI,2,Step Increment,7933558.58,JPY,JPN,2021-10-10 09:00:00,CORE_HR
EVT00018315,2021-10-09,EMP02784,CC0100,CR,5,Lateral Deployment,,CAD,CAN,2021-10-10 10:00:00,CORE_HR
EVT00019748,2021-10-25,EMP04326,CC0079,PA,1,Promotion,56407.01,CAD,CAN,2021-10-26 04:00:00,CORE_HR
EVT00018758,2021-10-16,EMP04992,CC0089,EC,1,Step Increment,67142.71,CAD,CAN,2021-10-16 17:00:00,CORE_HR
EVT00018066,2021-10-02,EMP03068,CC0117,FI,2,Step Increment,84443.18,CAD,CA,2021-10-02 20:00:00,PAYROLL
EVT00017989,2021-10-14,EMP00877,CC0058,EX,2,Step Increment,140649.47,CAD,CAN,2021-10-15 00:00:00,CORE_HR
EVT00019838,2021-10-20,EMP02356,CC0091,PA,2,Leave Return,,CAD,CAN,2021-10-20 09:00:00,CORE_HR
EVT00017850,2021-10-02,EMP00237,CC0055,EN,2,Promotion,81006.32,CAD,CA,2021-10-03 13:00:00,PAYROLL
EVT00019316,2021-10-13,EMP04791,CC0053,IT,3,Hire,111862.81,CAD,CAN,2021-10-14 03:00:00,CORE_HR
EVT00019618,2021-10-04,EMP03859,CC0032,FI,3,Promotion,94580.87,CAD,CA,2021-10-04 18:00:00,PAYROLL
EVT00017778,2021-10-01,EMP04085,CC0095,IT,3,Performance Pay,12261.85,CAD,CAN,2021-10-02 11:00:00,CORE_HR
EVT00018367,2021-10-20,EMP02697,CC0079,IT,1,Leave Start,,CAD,CAN,2021-10-20 23:00:00,CORE_HR
EVT00019634,2021-10-16,EMP03774,CC0068,CR,2,Hire,56223.24,CAD,CAN,2021-10-16 18:00:00,CORE_HR
EVT00019792,2021-10-11,EMP02936,CC0030,FI,2,Performance Pay,123792.33,MXN,MX,2021-10-11 08:00:00,PAYROLL
EVT00018962,2021-10-21,EMP02395,CC0070,AS,2,Leave Start,,CAD,CA,2021-10-21 20:00:00,PAYROLL
EVT00018560,2021-10-19,EMP03093,CC0079,EN,1,Lateral Deployment,,CAD,CAN,2021-10-20 05:00:00,CORE_HR
EVT00019171,2021-10-06,EMP01615,CC0056,FI,2,Step Increment,98225.63,CAD,CAN,2021-10-07 07:00:00,CORE_HR
EVT00019072,2021-10-18,EMP00323,CC0025,PA,5,Lateral Deployment,,CAD,CAN,2021-10-19 12:00:00,CORE_HR
EVT00018427,2021-10-21,EMP00173,CC0084,PA,1,Step Increment,62500.59,CAD,CAN,2021-10-22 02:00:00,CORE_HR
EVT00019473,2021-10-13,EMP03054,CC0041,IT,5,Leave Return,,CAD,CAN,2021-10-13 21:00:00,CORE_HR
EVT00019560,2021-10-21,EMP03073,CC0006,AS,4,Step Increment,75468.37,CAD,CAN,2021-10-22 06:00:00,CORE_HR
EVT00018846,2021-10-24,EMP02873,CC0003,PA,1,Step Increment,56792.44,CAD,CAN,2021-10-24 06:00:00,CORE_HR
EVT00019088,2021-10-06,EMP03487,CC0053,PA,3,Step Increment,77631.88,CAD,CA,2021-10-06 12:00:00,PAYROLL
EVT00019266,2021-10-18,EMP04208,CC0112,EX,1,Leave Return,,CAD,CA,2021-10-19 10:00:00,PAYROLL
EVT00017993,2021-10-01,EMP01915,CC0025,IT,3,Promotion,97306.77,CAD,CA,2021-10-02 14:00:00,PAYROLL
EVT00019310,2021-10-17,EMP02327,CC0008,FI,5,Step Increment,133047.87,CAD,CA,2021-10-17 09:00:00,PAYROLL
EVT00018814,2021-10-18,EMP00865,CC0055,EN,2,Step Increment,85126.35,CAD,CAN,2021-10-18 06:00:00,CORE_HR
EVT00019739,2021-10-03,EMP03013,CC0095,AS,2,Step Increment,66368.18,CAD,CAN,2021-10-03 11:00:00,CORE_HR
EVT00019692,2021-10-12,EMP04895,CC0047,AS,4,Leave Start,,CAD,CAN,2021-10-12 10:00:00,CORE_HR
EVT00018532,2021-10-08,EMP01380,CC0019,PA,2,Leave Return,,CAD,CA,2021-10-09 13:00:00,PAYROLL
EVT00018685,2021-10-07,EMP03514,CC0092,AS,1,Performance Pay,6407.26,CAD,CAN,2021-10-08 14:00:00,CORE_HR
EVT00018504,2021-10-21,EMP03345,CC0119,EX,1,Step Increment,133347.54,CAD,CAN,2021-10-21 14:00:00,CORE_HR
EVT00018088,2021-10-18,EMP03769,CC0022,IT,1,Performance Pay,8520.67,CAD,CAN,2021-10-18 08:00:00,CORE_HR
EVT00017884,2021-10-14,EMP04815,CC0050,IT,1,Lateral Deployment,,CAD,CA,2021-10-14 09:00:00,PAYROLL
EVT00018776,2021-10-14,EMP00026,CC0065,FI,3,Leave Start,,JPY,JPN,2021-10-14 11:00:00,CORE_HR
EVT00017821,2021-10-17,EMP02178,CC0056,PA,1,Leave Return,,CAD,CAN,2021-10-18 10:00:00,CORE_HR
EVT00018600,2021-10-04,EMP03875,CC0105,IT,4,Step Increment,85290.5,EUR,DEU,2021-10-05 08:00:00,CORE_HR
EVT00019454,2021-10-19,EMP01587,CC0104,PA,3,Lateral Deployment,,CAD,CA,2021-10-20 14:00:00,PAYROLL
EVT00019763,2021-10-08,EMP03966,CC0050,EC,2,Performance Pay,4424.57,CAD,CAN,2021-10-08 21:00:00,CORE_HR
EVT00018001,2021-10-24,EMP04488,CC0031,CR,3,Step Increment,6724966.04,JPY,JP,2021-10-24 16:00:00,PAYROLL
EVT00019009,2021-10-06,EMP04792,CC0020,IT,2,Departure,,CAD,CAN,2021-10-07 13:00:00,CORE_HR
EVT00017877,2021-10-07,EMP04357,CC0021,AS,3,Lateral Deployment,,CAD,CA,2021-10-08 05:00:00,PAYROLL
EVT00018479,2021-10-18,EMP02017,CC0104,EC,1,Performance Pay,3088.63,CAD,CA,2021-10-18 22:00:00,PAYROLL
EVT00019790,2021-10-17,EMP01581,CC0051,EC,3,Departure,,CAD,CA,2021-10-18 08:00:00,PAYROLL
EVT00017904,2021-10-11,EMP00450,CC0103,IT,5,Leave Start,,CAD,CAN,2021-10-11 11:00:00,CORE_HR
EVT00018456,2021-10-14,EMP03639,CC0119,PA,2,Lateral Deployment,,CAD,CAN,2021-10-15 14:00:00,CORE_HR
EVT00018390,2021-10-08,EMP01155,CC0081,FI,2,Step Increment,68188.98,CAD,CAN,2021-10-08 20:00:00,CORE_HR
EVT00019698,2021-10-02,EMP01649,CC0091,EN,3,Step Increment,106631.06,CAD,CAN,2021-10-03 15:00:00,CORE_HR
EVT00019650,2021-10-21,EMP02869,CC0045,FI,5,Step Increment,122340.38,CAD,CAN,2021-10-21 06:00:00,CORE_HR
EVT00017882,2021-10-09,EMP03215,CC0069,AS,5,Performance Pay,11489.6,CAD,CAN,2021-10-10 00:00:00,CORE_HR
EVT00019328,2021-10-24,EMP00582,CC0110,PA,1,Departure,,CAD,CAN,2021-10-24 20:00:00,CORE_HR
EVT00017724,2021-10-08,EMP04446,CC0092,EN,3,Step Increment,108916.27,CAD,CAN,2021-10-10 14:00:00,CORE_HR
EVT00017926,2021-10-16,EMP02184,CC0028,FI,4,Step Increment,105189.8,CAD,CA,2021-10-16 06:00:00,PAYROLL
EVT00019448,2021-10-15,EMP01790,CC0037,IT,2,Lateral Deployment,,CAD,CAN,2021-10-16 08:00:00,CORE_HR
EVT00019379,2021-10-02,EMP01199,CC0053,PA,2,Performance Pay,8853.6,CAD,CAN,2021-10-03 00:00:00,CORE_HR
EVT00019718,2021-10-05,EMP04897,CC0068,PA,2,Leave Start,,CAD,CA,2021-10-05 14:00:00,PAYROLL
EVT00017898,2021-10-18,EMP03328,CC0066,IT,1,Step Increment,77585.75,CAD,CAN,2021-10-21 12:00:00,CORE_HR
EVT00017826,2021-10-10,EMP01714,CC0063,PA,3,Step Increment,84320.05,CAD,CAN,2021-10-11 10:00:00,CORE_HR
EVT00017807,2021-10-14,EMP03609,CC0096,AS,2,Step Increment,57656.11,CAD,CAN,2021-10-14 12:00:00,CORE_HR
EVT00019378,2021-10-10,EMP00591,CC0097,EC,5,Departure,,CAD,CAN,2021-10-10 09:00:00,CORE_HR
EVT00019282,2021-10-19,EMP03602,CC0085,EN,4,Leave Return,,CAD,CAN,2021-10-20 07:00:00,CORE_HR
EVT00018481,2021-10-11,EMP01973,CC0026,CR,2,Step Increment,58872.21,CAD,CA,2021-10-11 08:00:00,PAYROLL
EVT00017787,2021-10-20,EMP01742,CC0097,FI,2,Departure,,CAD,CAN,2021-10-20 15:00:00,CORE_HR
EVT00018604,2021-10-02,EMP02783,CC0022,CR,2,Leave Start,,CAD,CAN,2021-10-03 10:00:00,CORE_HR
EVT00017864,2021-10-19,EMP04150,CC0032,IT,1,Step Increment,73738.53,CAD,CAN,2021-10-20 10:00:00,CORE_HR
EVT00018372,2021-10-17,EMP02820,CC0018,AS,4,Leave Start,,CAD,CAN,2021-10-17 12:00:00,CORE_HR
EVT00018260,2021-10-21,EMP01565,CC0090,CR,3,Step Increment,62499.75,CAD,CAN,2021-10-22 00:00:00,CORE_HR
EVT00017922,2021-10-27,EMP02525,CC0006,FI,5,Promotion,110054.47,CAD,CA,2021-10-27 07:00:00,PAYROLL
EVT00018345,2021-10-15,EMP02529,CC0036,EN,3,Departure,,CAD,CAN,2021-10-16 06:00:00,CORE_HR
EVT00019744,2021-10-06,EMP00770,CC0055,IT,1,Performance Pay,9387.53,CAD,CAN,2021-10-06 08:00:00,CORE_HR
EVT00019327,2021-10-09,EMP03721,CC0110,AS,5,Step Increment,86646.27,CAD,CAN,2021-10-09 08:00:00,CORE_HR
EVT00018325,2021-10-15,EMP03209,CC0105,FI,2,Step Increment,926188.84,MXN,MEX,2021-10-15 21:00:00,CORE_HR
EVT00019606,2021-10-13,EMP01167,CC0078,AS,3,Step Increment,57782.67,CAD,CA,2021-10-14 09:00:00,PAYROLL
EVT00018589,2021-10-01,EMP00974,CC0066,IT,2,Leave Start,,CAD,CAN,2021-10-01 08:00:00,CORE_HR
EVT00017966,2021-10-26,EMP00079,CC0043,EC,1,Leave Start,,CAD,CA,2021-10-26 08:00:00,PAYROLL
EVT00019509,2021-10-19,EMP02737,CC0004,AS,2,Step Increment,65680.0,CAD,CA,2021-10-19 17:00:00,PAYROLL
EVT00019621,2021-10-07,EMP04161,CC0093,CR,1,Departure,,CAD,CA,2021-10-07 10:00:00,PAYROLL
EVT00019053,2021-10-23,EMP00049,CC0055,FI,2,Performance Pay,6797.92,CAD,CAN,2021-10-23 09:00:00,CORE_HR
EVT00019409,2021-10-21,EMP00648,CC0115,EN,1,Leave Start,,CAD,CAN,2021-10-22 08:00:00,CORE_HR
EVT00019348,2021-10-11,EMP00420,CC0101,AS,5,Step Increment,84676.9,CAD,CAN,2021-10-11 07:00:00,CORE_HR
EVT00019221,2021-10-22,EMP03090,CC0107,CR,2,Leave Start,,CAD,CAN,2021-10-22 12:00:00,CORE_HR
EVT00018373,2021-10-20,EMP01256,CC0008,FI,3,Performance Pay,5041.51,CAD,CAN,2021-10-21 09:00:00,CORE_HR
EVT00018921,2021-10-01,EMP04258,CC0054,EC,1,Leave Return,,KES,KE,2021-10-01 22:00:00,PAYROLL
EVT00018184,2021-10-06,EMP02017,CC0104,EC,1,Step Increment,66831.39,CAD,CAN,2021-10-08 08:00:00,CORE_HR
EVT00018261,2021-10-25,EMP00955,CC0057,EC,1,Leave Start,,CAD,CAN,2021-10-25 13:00:00,CORE_HR
EVT00017745,2021-10-23,EMP01054,CC0088,AS,2,Leave Start,,INR,IND,2021-10-24 03:00:00,CORE_HR
EVT00018897,2021-10-20,EMP02251,CC0101,EC,3,Step Increment,92828.11,CAD,CA,2021-10-20 08:00:00,PAYROLL
EVT00019073,2021-10-19,EMP02605,CC0070,IT,2,Departure,,CAD,CAN,2021-10-19 18:00:00,CORE_HR
EVT00019690,2021-10-01,EMP01803,CC0100,PA,3,Leave Return,,CAD,CAN,2021-10-02 00:00:00,CORE_HR
EVT00018149,2021-10-19,EMP03258,CC0068,IT,1,Step Increment,84411.5,CAD,CAN,2021-10-20 03:00:00,CORE_HR
EVT00018713,2021-10-23,EMP02434,CC0066,IT,4,Leave Return,,CAD,CA,2021-10-23 19:00:00,PAYROLL
EVT00019580,2021-10-24,EMP01910,CC0102,EC,2,Lateral Deployment,,CAD,CAN,2021-10-25 01:00:00,CORE_HR
EVT00018650,2021-10-25,EMP01311,CC0024,AS,2,Step Increment,65202.23,CAD,CA,2021-10-28 13:00:00,PAYROLL
EVT00018033,2021-10-25,EMP00917,CC0010,IT,2,Step Increment,78608.65,CAD,CA,2021-10-25 18:00:00,PAYROLL
EVT00018741,2021-10-05,EMP01083,CC0106,EN,3,Step Increment,99647.07,CAD,CAN,2021-10-06 06:00:00,CORE_HR
EVT00018238,2021-10-27,EMP04820,CC0068,IT,2,Leave Return,,CAD,CA,2021-10-28 14:00:00,PAYROLL
EVT00019524,2021-10-22,EMP03447,CC0026,EC,1,Lateral Deployment,,CAD,CA,2021-10-23 02:00:00,PAYROLL
EVT00019562,2021-10-11,EMP01769,CC0053,AS,2,Promotion,56180.03,XXX,CA,2021-10-11 22:00:00,PAYROLL
EVT00019545,2021-10-20,EMP04191,CC0005,EN,3,Leave Start,,CAD,CA,2021-10-20 20:00:00,PAYROLL
EVT00018824,2021-10-05,EMP04807,CC0005,EC,3,Step Increment,97458.08,CAD,CAN,2021-10-06 05:00:00,CORE_HR
EVT00017870,2021-10-20,EMP03826,CC0092,IT,1,Performance Pay,5884.61,CAD,CAN,2021-10-20 12:00:00,CORE_HR
EVT00018923,2021-10-24,EMP02307,CC0011,AS,3,Lateral Deployment,,CAD,CA,2021-10-25 08:00:00,PAYROLL
EVT00018701,2021-10-01,EMP03811,CC0043,AS,2,Leave Return,,CAD,CAN,2021-10-01 08:00:00,CORE_HR
EVT00019814,2021-10-03,EMP01663,CC0018,EX,2,Promotion,143417.1,CAD,CAN,2021-10-03 08:00:00,CORE_HR
EVT00019330,2021-10-23,EMP03711,CC0054,CR,1,Lateral Deployment,,KES,KEN,2021-10-24 14:00:00,CORE_HR
EVT00019746,2021-10-20,EMP00401,CC0037,PA,2,Performance Pay,5735.98,CAD,CAN,2021-10-20 12:00:00,CORE_HR
EVT00019374,2021-10-11,EMP03504,CC0108,PA,2,Step Increment,43988.89,EUR,DEU,2021-10-12 07:00:00,CORE_HR
EVT00019057,2021-10-27,EMP00883,CC0103,PA,2,Performance Pay,6330.7,CAD,CAN,2021-10-28 15:00:00,CORE_HR
EVT00018489,2021-10-13,EMP02890,CC0095,PA,1,Leave Start,,CAD,CA,2021-10-14 12:00:00,PAYROLL
EVT00018273,2021-10-25,EMP02547,CC0107,PA,5,Step Increment,90480.55,CAD,CAN,2021-10-25 06:00:00,CORE_HR
EVT00019107,2021-10-13,EMP00138,CC0006,CR,1,Promotion,51986.92,CAD,CAN,2021-10-13 08:00:00,CORE_HR
EVT00018768,2021-10-25,EMP02338,CC0011,PA,1,Step Increment,59295.26,CAD,CA,2021-10-26 09:00:00,PAYROLL
EVT00018692,2021-10-10,EMP02651,CC0020,PA,3,Leave Return,,CAD,CA,2021-10-10 08:00:00,PAYROLL
EVT00018956,2021-10-05,EMP02293,CC0109,PA,1,Performance Pay,7351.38,CAD,CAN,2021-10-07 22:00:00,CORE_HR
EVT00019681,2021-10-18,EMP01274,CC0092,PA,4,Lateral Deployment,,CAD,CAN,2021-10-18 13:00:00,CORE_HR
EVT00019725,2021-10-08,EMP02135,CC0063,PA,3,Lateral Deployment,,CAD,CA,2021-10-09 10:00:00,PAYROLL
EVT00017938,2021-10-27,EMP04007,CC0027,IT,3,Lateral Deployment,,CAD,CA,2021-10-27 16:00:00,PAYROLL
EVT00017788,2021-10-08,EMP01160,CC0072,CR,4,Departure,,CAD,CA,2021-10-09 05:00:00,PAYROLL
EVT00018437,2021-10-26,EMP04825,CC0061,CR,1,Step Increment,54504.49,CAD,CAN,2021-10-26 15:00:00,CORE_HR
EVT00018366,2021-10-20,EMP00802,CC0036,EX,1,Hire,142627.63,CAD,CA,2021-10-20 07:00:00,PAYROLL
EVT00019227,2021-10-03,EMP01346,CC0093,IT,5,Leave Start,,CAD,CA,2021-10-04 10:00:00,PAYROLL
EVT00019831,2021-10-07,EMP01191,CC0031,EC,1,Lateral Deployment,,JPY,JP,2021-10-08 11:00:00,PAYROLL
EVT00017853,2021-10-17,EMP04025,CC0119,AS,4,Lateral Deployment,,CAD,CA,2021-10-17 14:00:00,PAYROLL
EVT00018931,2021-10-24,EMP02216,CC0083,EX,1,Lateral Deployment,,CAD,CA,2021-10-25 04:00:00,PAYROLL
EVT00018973,2021-10-06,EMP01430,CC0093,AS,2,Hire,56940.88,CAD,CA,2021-10-06 07:00:00,PAYROLL
EVT00018786,2021-10-19,EMP02009,CC0099,CR,3,Step Increment,61896.07,CAD,CA,2021-10-19 20:00:00,PAYROLL
EVT00018584,2021-10-03,EMP02846,CC0065,IT,1,Step Increment,869037.92,MXN,MEX,2021-10-04 12:00:00,CORE_HR
EVT00019641,2021-10-23,EMP01660,CC0093,EC,3,Leave Return,,CAD,CA,2021-10-23 06:00:00,PAYROLL
EVT00017881,2021-10-21,EMP02850,CC0058,EX,3,Departure,,CAD,CAN,2021-10-21 08:00:00,CORE_HR
EVT00019717,2021-10-16,EMP04911,CC0097,IT,1,Performance Pay,4891.11,CAD,CA,2021-10-16 18:00:00,PAYROLL
EVT00019457,2021-10-17,EMP02922,CC0062,AS,3,Departure,,CAD,CAN,2021-10-17 19:00:00,CORE_HR
EVT00017854,2021-10-18,EMP03040,CC0063,PA,2,Lateral Deployment,,CAD,CAN,2021-10-19 14:00:00,CORE_HR
EVT00017790,2021-10-04,EMP02220,CC0061,PA,1,Performance Pay,5560.78,CAD,CA,2021-10-05 12:00:00,PAYROLL
EVT00019593,2021-10-12,EMP01696,CC0054,PA,3,Performance Pay,34832.85,BRL,BR,2021-10-12 21:00:00,PAYROLL
EVT00018521,2021-10-04,EMP00875,CC0008,CR,1,Step Increment,45860.94,CAD,CAN,2021-10-05 00:00:00,CORE_HR
EVT00018271,2021-10-10,EMP02393,CC0009,AS,4,Leave Start,,JPY,JPN,2021-10-11 11:00:00,CORE_HR
EVT00019387,2021-10-12,EMP02752,CC0036,PA,3,Step Increment,85280.14,CAD,CAN,2021-10-13 11:00:00,CORE_HR
EVT00017816,2021-10-01,EMP03076,CC0015,FI,1,Step Increment,67933.58,CAD,CA,2021-10-02 05:00:00,PAYROLL
EVT00017894,2021-10-04,EMP00664,CC0058,PA,1,Step Increment,63904.62,CAD,CA,2021-10-04 10:00:00,PAYROLL
EVT00019168,2021-10-15,EMP02563,CC0020,EN,2,Leave Return,,CAD,CAN,2021-10-15 09:00:00,CORE_HR
EVT00018936,2021-10-11,EMP04813,CC0032,IT,2,Step Increment,85032.55,CAD,CAN,2021-10-12 02:00:00,CORE_HR
EVT00018102,2021-10-23,EMP03451,CC0076,CR,3,Performance Pay,2937.6,CAD,CA,2021-10-23 18:00:00,PAYROLL
EVT00019519,2021-10-16,EMP01481,CC0040,FI,2,Leave Return,,CAD,CAN,2021-10-16 18:00:00,CORE_HR
EVT00018289,2021-10-07,EMP02736,CC0070,PA,2,Step Increment,74968.71,CAD,CA,2021-10-07 20:00:00,PAYROLL
EVT00018795,2021-10-02,EMP00391,CC0064,EN,1,Step Increment,81382.07,CAD,CAN,2021-10-02 15:00:00,CORE_HR
EVT00018041,2021-10-19,EMP04547,CC0060,PA,1,Lateral Deployment,,CAD,CAN,2021-10-20 07:00:00,CORE_HR
EVT00018221,2021-10-13,EMP03283,CC0025,AS,4,Step Increment,77719.88,CAD,CA,2021-10-14 12:00:00,PAYROLL
EVT00018200,2021-10-15,EMP01059,CC0108,PA,1,Leave Return,,EUR,DEU,2021-10-16 00:00:00,CORE_HR
EVT00018399,2021-10-09,EMP02160,CC0089,PA,1,Step Increment,63965.74,CAD,CA,2021-10-09 11:00:00,PAYROLL
EVT00019564,2021-10-12,EMP04119,CC0068,PA,4,Lateral Deployment,,CAD,CA,2021-10-12 20:00:00,PAYROLL
EVT00017751,2021-10-19,EMP02945,CC0027,IT,1,Leave Start,,CAD,CA,2021-10-20 02:00:00,PAYROLL
EVT00018729,2021-10-04,EMP00023,CC0075,FI,2,Leave Start,,CAD,CAN,2021-10-04 17:00:00,CORE_HR
EVT00018376,2021-10-04,EMP03870,CC0049,AS,3,Lateral Deployment,,USD,USA,2021-10-04 15:00:00,CORE_HR
EVT00019705,2021-10-03,EMP04426,CC0072,FI,3,Leave Start,,CAD,CAN,2021-10-04 08:00:00,CORE_HR
EVT00018019,2021-10-03,EMP03714,CC0020,IT,1,Leave Return,,CAD,CAN,2021-10-03 09:00:00,CORE_HR
EVT00018903,2021-10-03,EMP00847,CC0065,CR,1,Step Increment,33430.86,USD,USA,2021-10-03 20:00:00,CORE_HR
EVT00018256,2021-10-14,EMP01374,CC0053,FI,5,Step Increment,118410.24,CAD,CAN,2021-10-15 13:00:00,CORE_HR
EVT00019230,2021-10-20,EMP04293,CC0014,CR,1,Leave Return,,CAD,CA,2021-10-21 04:00:00,PAYROLL
EVT00018103,2021-10-27,EMP01274,CC0092,PA,4,Step Increment,84239.85,CAD,CA,2021-10-27 14:00:00,PAYROLL
EVT00017812,2021-10-12,EMP01734,CC0040,EC,3,Step Increment,101804.7,CAD,CAN,2021-10-12 18:00:00,CORE_HR
EVT00018895,2021-10-14,EMP01177,CC0087,PA,4,Leave Start,,CAD,CAN,2021-10-15 05:00:00,CORE_HR
EVT00018120,2021-10-05,EMP04809,CC0107,PA,3,Step Increment,79076.76,CAD,CA,2021-10-05 10:00:00,PAYROLL
EVT00019712,2021-10-18,EMP02092,CC0087,IT,5,Performance Pay,11000.07,CAD,CAN,2021-10-19 12:00:00,CORE_HR
EVT00019440,2021-10-08,EMP02191,CC0074,EX,2,Leave Return,,KES,KE,2021-10-08 07:00:00,PAYROLL
EVT00017865,2021-10-12,EMP00600,CC0072,CR,1,Step Increment,54386.07,CAD,CAN,2021-10-12 06:00:00,CORE_HR
EVT00019735,2021-10-06,EMP01762,CC0037,EN,2,Hire,84538.54,CAD,CA,2021-10-06 09:00:00,PAYROLL
EVT00019086,2021-10-11,EMP04464,CC0015,PA,4,Hire,93923.88,CAD,CAN,2021-10-11 18:00:00,CORE_HR
EVT00018878,2021-10-04,EMP02177,CC0077,FI,3,Leave Start,,CAD,CAN,2021-10-06 00:00:00,CORE_HR
EVT00019191,2021-10-07,EMP02183,CC0040,IT,3,Departure,,CAD,CAN,2021-10-07 07:00:00,CORE_HR
EVT00019105,2021-10-03,EMP00392,CC0017,EC,5,Step Increment,127051.89,CAD,CA,2021-10-04 12:00:00,PAYROLL
EVT00017937,2021-10-13,EMP00834,CC0061,PA,1,Hire,63324.95,CAD,CAN,2021-10-13 12:00:00,CORE_HR
EVT00018446,2021-10-11,EMP00547,CC0118,EX,1,Lateral Deployment,,CAD,CAN,2021-10-12 00:00:00,CORE_HR
EVT00018250,2021-10-18,EMP04256,CC0074,EN,3,Step Increment,1355537.85,MXN,MEX,2021-10-18 07:00:00,CORE_HR
EVT00017978,2021-10-22,EMP00281,CC0083,AS,3,Promotion,73484.86,CAD,CAN,2021-10-22 18:00:00,CORE_HR
EVT00018548,2021-10-19,EMP03397,CC0089,IT,1,Hire,77045.1,CAD,CAN,2021-10-20 03:00:00,CORE_HR
EVT00018944,2021-10-16,EMP01685,CC0025,IT,1,Departure,,CAD,CAN,2021-10-17 11:00:00,CORE_HR
EVT00018207,2021-10-13,EMP04374,CC0095,FI,2,Lateral Deployment,,CAD,CA,2021-10-13 07:00:00,PAYROLL
EVT00019467,2021-10-25,EMP04977,CC0006,CR,4,Step Increment,54213.65,CAD,CA,2021-10-25 12:00:00,PAYROLL
EVT00018165,2021-10-03,EMP04883,CC0094,PA,1,Step Increment,59752.88,CAD,CAN,2021-10-03 12:00:00,CORE_HR
EVT00017827,2021-10-14,EMP00542,CC0117,EX,1,Leave Start,,CAD,CA,2021-10-14 10:00:00,PAYROLL
EVT00019426,2021-10-17,EMP01044,CC0088,PA,1,Step Increment,164537.92,AED,AE,2021-10-17 23:00:00,PAYROLL
EVT00019184,2021-10-20,EMP02798,CC0006,PA,2,Lateral Deployment,,CAD,CA,2021-10-20 17:00:00,PAYROLL
EVT00018762,2021-10-11,EMP00583,CC0043,AS,2,Performance Pay,5970.09,CAD,CA,2021-10-12 06:00:00,PAYROLL
EVT00018414,2021-10-21,EMP01231,CC0036,EX,1,Leave Start,,CAD,CA,2021-10-22 07:00:00,PAYROLL
EVT00018049,2021-10-17,EMP02174,CC0117,EN,2,Step Increment,100280.94,CAD,CAN,2021-10-17 23:00:00,CORE_HR
EVT00018712,2021-10-15,EMP01504,CC0090,IT,2,Departure,,CAD,CAN,2021-10-16 02:00:00,CORE_HR
EVT00018885,2021-10-23,EMP03453,CC0020,EC,5,Lateral Deployment,,CAD,CAN,2021-10-23 14:00:00,CORE_HR
EVT00019433,2021-10-27,EMP03689,CC0019,EC,4,Step Increment,135386.0,CAD,CAN,2021-10-28 07:00:00,CORE_HR
EVT00018053,2021-10-03,EMP02324,CC0084,CR,4,Leave Start,,CAD,CAN,2021-10-03 22:00:00,CORE_HR
EVT00017970,2021-10-01,EMP04731,CC0110,EX,1,Leave Start,,CAD,CAN,2021-10-02 07:00:00,CORE_HR
EVT00019415,2021-10-19,EMP00965,CC0025,EN,4,Performance Pay,16339.63,CAD,CA,2021-10-19 10:00:00,PAYROLL
EVT00019480,2021-10-18,EMP01188,CC0075,AS,2,Step Increment,66994.04,CAD,CA,2021-10-18 18:00:00,PAYROLL
EVT00018717,2021-10-15,EMP03785,CC0007,AS,2,Performance Pay,7276.42,AUD,AUS,2021-10-16 12:00:00,CORE_HR
EVT00018935,2021-10-08,EMP03711,CC0054,CR,1,Step Increment,34129.54,USD,US,2021-10-08 15:00:00,PAYROLL
EVT00019550,2021-10-08,EMP00620,CC0025,IT,2,Step Increment,86841.19,CAD,CA,2021-10-08 17:00:00,PAYROLL
EVT00018655,2021-10-13,EMP03043,CC0084,PA,2,Step Increment,65239.86,CAD,CA,2021-10-14 06:00:00,PAYROLL
EVT00017719,2021-10-14,EMP01308,CC0013,EC,1,Leave Return,,CAD,CA,2021-10-15 14:00:00,PAYROLL
EVT00017892,2021-10-16,EMP03861,CC0001,AS,5,Promotion,75377.55,CAD,CA,2021-10-17 11:00:00,PAYROLL
EVT00018357,2021-10-04,EMP00755,CC0039,IT,2,Step Increment,87778.69,CAD,CAN,2021-10-04 23:00:00,CORE_HR
EVT00019000,2021-10-18,EMP01912,CC0077,FI,3,Hire,99282.19,CAD,CAN,2021-10-18 10:00:00,CORE_HR
EVT00019411,2021-10-05,EMP01780,CC0098,IT,4,Performance Pay,10287.9,CAD,CAN,2021-10-05 14:00:00,CORE_HR
EVT00018336,2021-10-08,EMP03282,CC0062,EX,3,Performance Pay,15141.88,CAD,CAN,2021-10-09 12:00:00,CORE_HR
EVT00019488,2021-10-26,EMP04338,CC0019,EX,1,Step Increment,136910.6,CAD,CAN,2021-10-27 07:00:00,CORE_HR
EVT00017912,2021-10-18,EMP04697,CC0029,PA,3,Step Increment,238203.14,AED,AE,2021-10-19 04:00:00,PAYROLL
EVT00018419,2021-10-25,EMP04516,CC0023,AS,3,Step Increment,70133.94,CAD,CAN,2021-10-25 11:00:00,CORE_HR
EVT00017742,2021-10-15,EMP02616,CC0076,EC,1,Leave Return,,CAD,CAN,2021-10-15 22:00:00,CORE_HR
EVT00018561,2021-10-25,EMP04813,CC0032,IT,2,Leave Start,,CAD,CA,2021-10-26 04:00:00,PAYROLL
EVT00018089,2021-10-13,EMP04232,CC0048,AS,1,Performance Pay,6292.41,CAD,CAN,2021-10-14 14:00:00,CORE_HR
EVT00019762,2021-10-18,EMP00207,CC0065,IT,5,Step Increment,66346.9,EUR,DEU,2021-10-18 12:00:00,CORE_HR
EVT00019617,2021-10-15,EMP00102,CC0049,EC,3,Hire,109189.42,AUD,AUS,2021-10-16 05:00:00,CORE_HR
EVT00019443,2021-10-16,EMP02844,CC0004,EC,4,Leave Return,,CAD,CAN,2021-10-16 06:00:00,CORE_HR
EVT00018579,2021-10-26,EMP00423,CC0077,EN,5,Leave Return,,CAD,CAN,2021-10-27 08:00:00,CORE_HR
EVT00017900,2021-10-12,EMP02914,CC0052,PA,3,Leave Start,,CAD,CAN,2021-10-12 19:00:00,CORE_HR
EVT00018971,2021-10-13,EMP02621,CC0118,AS,5,Hire,87097.82,CAD,CA,2021-10-13 20:00:00,PAYROLL
EVT00018365,2021-10-21,EMP02601,CC0021,EC,4,Lateral Deployment,,CAD,CAN,2021-10-21 11:00:00,CORE_HR
EVT00019108,2021-10-17,EMP01492,CC0028,EC,2,Step Increment,79092.15,CAD,CA,2021-10-17 13:00:00,PAYROLL
EVT00019063,2021-10-22,EMP04931,CC0039,PA,4,Step Increment,93871.18,CAD,CA,2021-10-22 07:00:00,PAYROLL
EVT00018697,2021-10-15,EMP04737,CC0048,PA,2,Leave Start,,CAD,CAN,2021-10-15 22:00:00,CORE_HR
EVT00019402,2021-10-20,EMP02311,CC0060,FI,1,Step Increment,63786.53,CAD,CAN,2021-10-20 16:00:00,CORE_HR
EVT00017835,2021-10-15,EMP04169,CC0040,EC,3,Leave Start,,CAD,CAN,2021-10-15 13:00:00,CORE_HR
EVT00018734,2021-10-09,EMP00394,CC0018,IT,3,Leave Return,,CAD,CAN,2021-10-09 21:00:00,CORE_HR
EVT00019701,2021-10-22,EMP01777,CC0060,AS,2,Step Increment,64055.17,CAD,CAN,2021-10-23 04:00:00,CORE_HR
EVT00018286,2021-10-08,EMP02017,CC0104,EC,1,Lateral Deployment,,CAD,CAN,2021-10-09 08:00:00,CORE_HR
EVT00018556,2021-10-26,EMP01669,CC0108,EX,2,Step Increment,97611.35,GBP,GB,2021-10-26 06:00:00,PAYROLL
EVT00019011,2021-10-02,EMP00029,CC0079,AS,2,Lateral Deployment,,CAD,CAN,2021-10-03 09:00:00,CORE_HR
EVT00018166,2021-10-10,EMP01822,CC0060,FI,1,Leave Return,,CAD,CAN,2021-10-10 06:00:00,CORE_HR
EVT00018883,2021-10-11,EMP03642,CC0037,EC,1,Lateral Deployment,,CAD,CAN,2021-10-11 22:00:00,CORE_HR
EVT00017916,2021-10-22,EMP03486,CC0058,PA,3,Departure,,CAD,CAN,2021-10-22 23:00:00,CORE_HR
EVT00018110,2021-10-27,EMP04653,CC0103,PA,4,Promotion,81675.46,CAD,CA,2021-10-27 22:00:00,PAYROLL
EVT00018226,2021-10-01,EMP03980,CC0012,EC,2,Step Increment,76253.72,CAD,CAN,2021-10-01 06:00:00,CORE_HR
EVT00018720,2021-10-08,EMP00705,CC0009,PA,2,Leave Start,,MXN,MX,2021-10-09 09:00:00,PAYROLL
EVT00019799,2021-10-10,EMP01887,CC0038,PA,3,Hire,78335.85,CAD,CA,2021-10-10 07:00:00,PAYROLL
EVT00018469,2021-10-24,EMP04938,CC0046,EC,3,Step Increment,9589728.63,KES,KEN,2021-10-24 11:00:00,CORE_HR
EVT00019538,2021-10-19,EMP03658,CC0059,AS,3,Step Increment,74410.11,CAD,CA,2021-10-21 20:00:00,PAYROLL
EVT00019031,2021-10-14,EMP02998,CC0110,CR,4,Step Increment,72418.91,CAD,CAN,2021-10-14 11:00:00,CORE_HR
EVT00019515,2021-10-21,EMP00963,CC0101,EC,2,Performance Pay,11644.19,CAD,CA,2021-10-22 14:00:00,PAYROLL
EVT00019678,2021-10-21,EMP00546,CC0117,EC,3,Leave Return,,CAD,CAN,2021-10-21 20:00:00,CORE_HR
EVT00018577,2021-10-14,EMP01080,CC0120,EC,4,Lateral Deployment,,CAD,CA,2021-10-14 11:00:00,PAYROLL
EVT00019444,2021-10-17,EMP01750,CC0115,EX,1,Step Increment,133832.54,CAD,CA,2021-10-17 21:00:00,PAYROLL
EVT00019030,2021-10-19,EMP03857,CC0095,EC,2,Performance Pay,6326.91,CAD,CAN,2021-10-19 13:00:00,CORE_HR
EVT00018241,2021-10-23,EMP02782,CC0071,PA,5,Step Increment,89328.01,CAD,CAN,2021-10-23 10:00:00,CORE_HR
EVT00018860,2021-10-26,EMP00555,CC0084,PA,4,Promotion,84258.7,CAD,CAN,2021-10-27 22:00:00,CORE_HR
EVT00019164,2021-10-17,EMP01408,CC0108,FI,1,Performance Pay,43338.83,MXN,MEX,2021-10-17 12:00:00,CORE_HR
EVT00017757,2021-10-24,EMP02960,CC0072,AS,1,Leave Start,,CAD,CA,2021-10-24 16:00:00,PAYROLL
EVT00019132,2021-10-08,EMP02880,CC0087,CR,1,Step Increment,47894.85,CAD,CAN,2021-10-08 09:00:00,CORE_HR
EVT00019714,2021-10-07,EMP02174,CC0117,EN,2,Leave Return,,CAD,CAN,2021-10-08 07:00:00,CORE_HR
EVT00018010,2021-10-25,EMP02317,CC0108,FI,4,Step Increment,10678928.59,KES,KE,2021-10-25 23:00:00,PAYROLL
EVT00018813,2021-10-02,EMP04653,CC0103,PA,4,Lateral Deployment,,CAD,CAN,2021-10-02 20:00:00,CORE_HR
EVT00017883,2021-10-04,EMP04926,CC0029,EC,2,Step Increment,100324.69,AUD,AU,2021-10-05 08:00:00,PAYROLL
EVT00018449,2021-10-13,EMP99999,CC0052,FI,4,Step Increment,106024.64,CAD,CA,2021-10-14 15:00:00,PAYROLL
EVT00018178,2021-10-21,EMP01227,CC0095,EX,1,Performance Pay,6890.43,CAD,CAN,2021-10-21 20:00:00,CORE_HR
EVT00019225,2021-10-25,EMP00961,CC0024,IT,2,Departure,,CAD,CAN,2021-10-26 12:00:00,CORE_HR
EVT00018224,2021-10-11,EMP02701,CC0020,IT,3,Step Increment,104730.46,CAD,CAN,2021-10-11 21:00:00,CORE_HR
EVT00019343,2021-10-23,EMP03534,CC0078,IT,1,Step Increment,72409.18,CAD,CA,2021-10-24 08:00:00,PAYROLL
EVT00017909,2021-10-03,EMP00702,CC0017,FI,1,Hire,68911.99,CAD,CA,2021-10-03 17:00:00,PAYROLL
EVT00019376,2021-10-22,EMP04582,CC0075,IT,3,Performance Pay,7701.45,CAD,CAN,2021-10-23 12:00:00,CORE_HR
EVT00019055,2021-10-05,EMP03014,CC0091,PA,3,Leave Start,,CAD,CAN,2021-10-06 14:00:00,CORE_HR
EVT00017930,2021-10-01,EMP04905,CC0044,FI,1,Step Increment,56585.99,CAD,CA,2021-10-02 15:00:00,PAYROLL
EVT00018753,2021-10-03,EMP03807,CC0031,AS,2,Step Increment,8221455.23,KES,KE,2021-10-03 21:00:00,PAYROLL
EVT00018564,2021-10-10,EMP03520,CC0104,CR,3,Step Increment,56730.78,CAD,CA,2021-10-11 03:00:00,PAYROLL
EVT00018396,2021-10-10,EMP01884,CC0117,FI,3,Leave Start,,CAD,CA,2021-10-11 07:00:00,PAYROLL
EVT00018741,2021-10-05,EMP01083,CC0106,EN,3,Step Increment,99647.07,CAD,CAN,2021-10-07 16:00:00,CORE_HR
EVT00018026,2021-10-18,EMP02946,CC0029,FI,3,Lateral Deployment,,EUR,FRA,2021-10-19 06:00:00,CORE_HR
EVT00018267,2021-10-19,EMP04402,CC0025,EX,1,Leave Return,,CAD,CAN,2021-10-20 07:00:00,CORE_HR
EVT00019202,2021-10-20,EMP02699,CC0026,EN,1,Leave Return,,CAD,CA,2021-10-20 12:00:00,PAYROLL
EVT00019035,2021-10-14,EMP00459,CC0054,PA,3,Lateral Deployment,,EUR,DEU,2021-10-15 11:00:00,CORE_HR
EVT00018809,2021-10-25,EMP03833,CC0119,FI,4,Lateral Deployment,,CAD,CAN,2021-10-25 12:00:00,CORE_HR
EVT00019675,2021-10-09,EMP00498,CC0117,IT,1,Lateral Deployment,,CAD,CAN,2021-10-09 12:00:00,CORE_HR
EVT00018609,2021-10-13,EMP00211,CC0054,PA,3,Hire,93377.04,AUD,AUS,2021-10-14 00:00:00,CORE_HR
EVT00019382,2021-10-24,EMP03712,CC0071,CR,1,Promotion,49736.78,CAD,CAN,2021-10-24 11:00:00,CORE_HR
EVT00019395,2021-10-09,EMP04841,CC0061,AS,3,Promotion,70758.38,CAD,CAN,2021-10-10 11:00:00,CORE_HR
EVT00019818,2021-10-25,EMP00964,CC0120,EC,1,Step Increment,67972.9,CAD,CAN,2021-10-25 22:00:00,CORE_HR
EVT00018301,2021-10-01,EMP04753,CC0077,PA,4,Performance Pay,8735.63,CAD,CAN,2021-10-01 17:00:00,CORE_HR
EVT00019052,2021-10-02,EMP03683,CC0083,FI,2,Step Increment,81936.3,CAD,CA,2021-10-03 07:00:00,PAYROLL
EVT00019782,2021-10-12,EMP01116,CC0065,FI,3,Step Increment,5085133.88,INR,IN,2021-10-13 01:00:00,PAYROLL
EVT00018153,2021-10-01,EMP01959,CC0065,AS,2,Step Increment,63118.7,AUD,AU,2021-10-01 12:00:00,PAYROLL
EVT00018694,2021-10-17,EMP03187,CC0080,AS,4,Departure,,AUD,AUS,2021-10-17 12:00:00,CORE_HR
EVT00018880,2021-10-07,EMP03506,CC0050,CR,3,Performance Pay,4030.28,CAD,CAN,2021-10-08 09:00:00,CORE_HR
EVT00018274,2021-10-02,EMP01344,CC0040,AS,3,Hire,62429.58,CAD,CAN,2021-10-03 02:00:00,CORE_HR
EVT00017785,2021-10-25,EMP00561,CC0011,IT,1,Performance Pay,9916.2,CAD,CAN,2021-10-25 07:00:00,CORE_HR
EVT00018425,2021-10-09,EMP04490,CC0057,IT,3,Leave Return,,CAD,CAN,2021-10-10 04:00:00,CORE_HR
EVT00018531,2021-10-19,EMP02395,CC0070,AS,2,Departure,,CAD,CAN,2021-10-19 15:00:00,CORE_HR
EVT00019285,2021-10-11,EMP02485,CC0074,EC,2,Lateral Deployment,,MXN,MX,2021-10-11 13:00:00,PAYROLL
EVT00017903,2021-10-21,EMP02595,CC0099,PA,3,Step Increment,70925.51,CAD,CAN,2021-10-22 02:00:00,CORE_HR
EVT00019380,2021-10-27,EMP02789,CC0006,PA,4,Leave Return,,CAD,CAN,2021-10-27 11:00:00,CORE_HR
EVT00018262,2021-10-25,EMP03219,CC0003,IT,2,Step Increment,94770.58,CAD,CAN,2021-10-26 13:00:00,CORE_HR
EVT00019703,2021-10-13,EMP03637,CC0065,EN,5,Step Increment,125912.14,SGD,SGP,2021-10-14 11:00:00,CORE_HR
EVT00017874,2021-10-15,EMP00346,CC0046,FI,3,Step Increment,9384671.77,KES,KEN,2021-10-15 11:00:00,CORE_HR
EVT00018975,2021-10-22,EMP02109,CC0013,IT,4,Step Increment,132561.91,CAD,CAN,2021-10-23 01:00:00,CORE_HR
EVT00017977,2021-10-08,EMP04406,CC0009,IT,2,Step Increment,81711.27,SGD,SGP,2021-10-08 17:00:00,CORE_HR
EVT00019644,2021-10-26,EMP00976,CC0010,FI,3,Lateral Deployment,,CAD,CAN,2021-10-27 05:00:00,CORE_HR
EVT00019129,2021-10-05,EMP04765,CC0043,PA,2,Performance Pay,8805.62,CAD,CAN,2021-10-05 19:00:00,CORE_HR
EVT00019424,2021-10-02,EMP03052,CC0093,PA,4,Step Increment,79415.47,CAD,CAN,2021-10-03 05:00:00,CORE_HR
EVT00019573,2021-10-17,EMP04241,CC0012,FI,2,Performance Pay,4937.55,CAD,CAN,2021-10-18 15:00:00,CORE_HR
EVT00018722,2021-10-12,EMP00031,CC0023,PA,2,Step Increment,66353.08,CAD,CAN,2021-10-13 01:00:00,CORE_HR
EVT00018058,2021-10-12,EMP04121,CC0106,EC,4,Lateral Deployment,,CAD,CAN,2021-10-12 17:00:00,CORE_HR
EVT00019050,2021-10-12,EMP04236,CC0080,IT,2,Performance Pay,7943.46,AUD,AU,2021-10-12 23:00:00,PAYROLL
EVT00019006,2021-10-27,EMP04626,CC0115,PA,1,Step Increment,60914.18,CAD,CAN,2021-10-27 06:00:00,CORE_HR
EVT00019537,2021-10-25,EMP03425,CC0090,IT,4,Lateral Deployment,,CAD,CAN,2021-10-26 12:00:00,CORE_HR
EVT00018706,2021-10-06,EMP01798,CC0002,EN,3,Performance Pay,12099.92,CAD,CAN,2021-10-06 10:00:00,CORE_HR
EVT00019081,2021-10-26,EMP00344,CC0024,CR,1,Step Increment,38034.67,CAD,CAN,2021-10-26 14:00:00,CORE_HR
EVT00019101,2021-10-23,EMP02747,CC0035,AS,2,Step Increment,60935.08,CAD,CA,2021-10-24 06:00:00,PAYROLL
EVT00019534,2021-10-20,EMP03361,CC0113,EC,4,Step Increment,98038.53,CAD,CAN,2021-10-20 21:00:00,CORE_HR
EVT00018800,2021-10-17,EMP02323,CC0120,EN,1,Step Increment,76434.85,CAD,CA,2021-10-17 18:00:00,PAYROLL
EVT00017754,2021-10-07,EMP01423,CC0053,AS,1,Performance Pay,4814.3,CAD,CAN,2021-10-08 11:00:00,CORE_HR
EVT00019544,2021-10-07,EMP04695,CC0064,EC,3,Leave Return,,CAD,CA,2021-10-07 06:00:00,PAYROLL
EVT00018139,2021-10-15,EMP03915,CC0081,PA,1,Lateral Deployment,,CAD,CAN,2021-10-16 15:00:00,CORE_HR
EVT00018555,2021-10-26,EMP01231,CC0036,EX,1,Leave Return,,CAD,CA,2021-10-26 08:00:00,PAYROLL
EVT00018118,2021-10-20,EMP01623,CC0033,EN,4,Step Increment,121028.52,CAD,CAN,2021-10-20 14:00:00,CORE_HR
EVT00019102,2021-10-17,EMP00757,CC0035,EC,3,Step Increment,92516.16,CAD,CAN,2021-10-17 17:00:00,CORE_HR
EVT00018868,2021-10-08,EMP02011,CC0038,IT,3,Hire,112804.56,CAD,CAN,2021-10-08 23:00:00,CORE_HR
EVT00018339,2021-10-11,EMP02050,CC0025,FI,3,Performance Pay,6176.33,CAD,CAN,2021-10-12 08:00:00,CORE_HR
EVT00019151,2021-10-02,EMP03796,CC0060,PA,2,Step Increment,73918.58,CAD,CAN,2021-10-03 13:00:00,CORE_HR
EVT00019470,2021-10-26,EMP01759,CC0028,PA,4,Step Increment,82039.68,CAD,CAN,2021-10-26 06:00:00,CORE_HR
EVT00018985,2021-10-20,EMP01146,CC0076,FI,1,Departure,,CAD,CA,2021-10-20 20:00:00,PAYROLL
EVT00018690,2021-10-13,EMP00674,CC0026,EC,5,Step Increment,119014.54,CAD,CA,2021-10-13 10:00:00,PAYROLL
EVT00018799,2021-10-06,EMP00927,CC0056,EN,1,Leave Return,,CAD,CAN,2021-10-07 00:00:00,CORE_HR
EVT00019282,2021-10-19,EMP03602,CC0085,EN,4,Leave Return,,CAD,CAN,2021-10-21 04:00:00,CORE_HR
EVT00019529,2021-10-24,EMP02277,CC0098,FI,3,Leave Return,,CAD,CAN,2021-10-24 14:00:00,CORE_HR
EVT00017893,2021-10-01,EMP02908,CC0118,IT,2,Leave Return,,CAD,CAN,2021-10-01 06:00:00,CORE_HR
EVT00018530,2021-10-18,EMP02729,CC0120,EN,3,Leave Start,,CAD,CA,2021-10-18 09:00:00,PAYROLL
EVT00019643,2021-10-04,EMP04961,CC0119,AS,3,Step Increment,66294.35,CAD,CAN,2021-10-04 15:00:00,CORE_HR
EVT00019826,2021-10-21,EMP03903,CC0034,FI,4,Lateral Deployment,,CAD,CAN,2021-10-22 10:00:00,CORE_HR
EVT00019450,2021-10-12,EMP04852,CC0077,EN,3,Step Increment,108939.0,CAD,CA,2021-10-13 04:00:00,PAYROLL
EVT00019449,2021-10-18,EMP03378,CC0019,AS,3,Hire,68479.09,CAD,CA,2021-10-18 21:00:00,PAYROLL
EVT00019419,2021-10-05,EMP04165,CC0055,EC,1,Departure,,CAD,CAN,2021-10-05 16:00:00,CORE_HR
EVT00018322,2021-10-07,EMP04141,CC0006,PA,2,Step Increment,66885.44,CAD,CA,2021-10-07 17:00:00,PAYROLL
EVT00019385,2021-10-09,EMP01178,CC0060,AS,3,Hire,63470.05,CAD,CAN,2021-10-10 05:00:00,CORE_HR
EVT00017939,2021-10-27,EMP03155,CC0025,IT,1,Performance Pay,7079.36,CAD,CA,2021-10-27 15:00:00,PAYROLL
EVT00018004,2021-10-17,EMP03285,CC0046,EN,2,Departure,,KES,KEN,2021-10-17 15:00:00,CORE_HR
EVT00018178,2021-10-21,EMP01227,CC0095,EX,1,Performance Pay,6890.43,CAD,CAN,2021-10-21 22:00:00,CORE_HR
EVT00017768,2021-10-04,EMP04492,CC0085,IT,2,Leave Start,,CAD,CA,2021-10-04 20:00:00,PAYROLL
EVT00018544,2021-10-03,EMP01041,CC0079,CR,2,Lateral Deployment,,CAD,CAN,2021-10-03 20:00:00,CORE_HR
EVT00019667,2021-10-15,EMP00986,CC0090,EX,1,Step Increment,119404.97,CAD,CAN,2021-10-15 19:00:00,CORE_HR
EVT00018343,2021-10-08,EMP02225,CC0096,PA,2,Leave Return,,CAD,CAN,2021-10-09 15:00:00,CORE_HR
EVT00018980,2021-10-13,EMP03046,CC0115,AS,3,Performance Pay,6440.19,CAD,CAN,2021-10-14 05:00:00,CORE_HR
EVT00018109,2021-10-02,EMP04632,CC0011,EN,3,Step Increment,113958.75,CAD,CA,2021-10-03 14:00:00,PAYROLL
EVT00018104,2021-10-03,EMP04450,CC0016,EC,4,Step Increment,84262.4,CAD,CAN,2021-10-03 07:00:00,CORE_HR
EVT00019156,2021-10-03,EMP04181,CC0096,EN,1,Step Increment,87085.5,CAD,CAN,2021-10-03 09:00:00,CORE_HR
EVT00018052,2021-10-13,EMP03768,CC0049,FI,3,Step Increment,5771280.2,INR,IND,2021-10-14 15:00:00,CORE_HR
EVT00018430,2021-10-26,EMP03600,CC0049,AS,2,Step Increment,8407268.23,JPY,JP,2021-10-26 11:00:00,PAYROLL
EVT00018911,2021-10-02,EMP03894,CC0007,PA,2,Performance Pay,24899.93,BRL,BRA,2021-10-03 10:00:00,CORE_HR
EVT00018397,2021-10-17,EMP01893,CC0005,FI,4,Step Increment,100145.09,CAD,CAN,2021-10-17 12:00:00,CORE_HR
EVT00018678,2021-10-26,EMP04631,CC0083,AS,4,Leave Return,,CAD,CAN,2021-10-26 10:00:00,CORE_HR
EVT00017713,2021-10-07,EMP03753,CC0106,FI,4,Lateral Deployment,,CAD,CA,2021-10-07 21:00:00,PAYROLL
EVT00019425,2021-10-08,EMP00830,CC0057,PA,1,Hire,58160.23,CAD,CA,2021-10-09 01:00:00,PAYROLL
EVT00019306,2021-10-05,EMP04838,CC0031,EC,3,Step Increment,90406.28,SGD,SG,2021-10-05 20:00:00,PAYROLL
EVT00019685,2021-10-03,EMP03775,CC0072,IT,2,Step Increment,73598.3,CAD,CAN,2021-10-03 13:00:00,CORE_HR
EVT00017820,2021-10-16,EMP03168,CC0059,FI,5,Lateral Deployment,,CAD,CAN,2021-10-17 13:00:00,CORE_HR
EVT00018705,2021-10-13,EMP04919,CC0064,FI,3,Step Increment,105274.15,CAD,CAN,2021-10-14 07:00:00,CORE_HR
EVT00018341,2021-10-22,EMP02074,CC0014,FI,1,Leave Start,,CAD,CAN,2021-10-22 16:00:00,CORE_HR
EVT00018338,2021-10-18,EMP00504,CC0021,CR,2,Step Increment,57034.89,CAD,CA,2021-10-19 08:00:00,PAYROLL
EVT00019677,2021-10-23,EMP01335,CC0080,FI,2,Hire,74813.36,SGD,SG,2021-10-24 15:00:00,PAYROLL
EVT00018239,2021-10-15,EMP04885,CC0027,IT,1,Leave Start,,CAD,CA,2021-10-15 20:00:00,PAYROLL
EVT00018573,2021-10-22,EMP02451,CC0118,FI,2,Lateral Deployment,,CAD,CAN,2021-10-23 13:00:00,CORE_HR
EVT00019323,2021-10-02,EMP03535,CC0049,PA,3,Step Increment,1112865.44,MXN,MX,2021-10-03 16:00:00,PAYROLL
EVT00019543,2021-10-06,EMP04196,CC0065,EC,2,Hire,4676839.04,INR,IND,2021-10-07 08:00:00,CORE_HR
EVT00019421,2021-10-27,EMP02333,CC0109,PA,5,Departure,,CAD,CAN,2021-10-28 11:00:00,CORE_HR
EVT00018045,2021-10-03,EMP03361,CC0113,EC,4,Performance Pay,7068.6,CAD,CA,2021-10-03 09:00:00,PAYROLL
EVT00018898,2021-10-04,EMP03262,CC0104,IT,2,Step Increment,96381.15,CAD,CAN,2021-10-05 01:00:00,CORE_HR
EVT00019398,2021-10-05,EMP04338,CC0019,EX,1,Step Increment,118152.43,CAD,CA,2021-10-05 21:00:00,PAYROLL
EVT00017819,2021-10-05,EMP03753,CC0106,FI,4,Hire,112703.51,CAD,CA,2021-10-05 21:00:00,PAYROLL
EVT00018377,2021-10-23,EMP04840,CC0055,AS,1,Leave Start,,CAD,CAN,2021-10-23 12:00:00,CORE_HR
EVT00018204,2021-10-08,EMP04441,CC0101,EC,2,Lateral Deployment,,CAD,CAN,2021-10-09 02:00:00,CORE_HR
EVT00017771,2021-10-25,EMP03978,CC0084,EX,1,Step Increment,134443.78,CAD,CAN,2021-10-25 07:00:00,CORE_HR
EVT00018861,2021-10-17,EMP01682,CC0032,PA,2,Promotion,75440.18,CAD,CAN,2021-10-17 13:00:00,CORE_HR
EVT00019333,2021-10-15,EMP00905,CC0003,PA,3,Departure,,CAD,CAN,2021-10-15 19:00:00,CORE_HR
EVT00019243,2021-10-17,EMP02290,CC0099,AS,2,Leave Start,,CAD,CA,2021-10-18 10:00:00,PAYROLL
EVT00018750,2021-10-02,EMP02509,CC0093,PA,1,Step Increment,62979.73,CAD,CA,2021-10-02 11:00:00,PAYROLL
EVT00018497,2021-10-04,EMP01169,CC0117,CR,4,Step Increment,68335.18,CAD,CAN,2021-10-05 08:00:00,CORE_HR
EVT00018252,2021-10-02,EMP00646,CC0065,EN,2,Leave Return,,JPY,JPN,2021-10-02 12:00:00,CORE_HR
EVT00019167,2021-10-22,EMP02498,CC0108,CR,4,Performance Pay,85784.69,MXN,MEX,2021-10-23 00:00:00,CORE_HR
EVT00018708,2021-10-05,EMP02451,CC0118,FI,2,Step Increment,84569.9,CAD,CAN,2021-10-05 19:00:00,CORE_HR
EVT00018438,2021-10-25,EMP03262,CC0104,IT,2,Departure,,CAD,CA,2021-10-25 14:00:00,PAYROLL
EVT00017753,2021-10-15,EMP03578,CC0048,EC,3,Step Increment,88730.83,CAD,CA,2021-10-15 21:00:00,PAYROLL
EVT00018517,2021-10-20,EMP04303,CC0019,AS,5,Step Increment,81823.51,CAD,CA,2021-10-21 08:00:00,PAYROLL
EVT00018912,2021-10-01,EMP01786,CC0089,IT,1,Leave Start,,CAD,CA,2021-10-01 23:00:00,PAYROLL
EVT00019819,2021-10-01,EMP03342,CC0027,PA,3,Lateral Deployment,,CAD,CA,2021-10-01 10:00:00,PAYROLL
EVT00019765,2021-10-08,EMP03167,CC0079,PA,1,Lateral Deployment,,CAD,CAN,2021-10-09 15:00:00,CORE_HR
EVT00019503,2021-10-15,EMP00774,CC0012,CR,5,Step Increment,80134.14,CAD,CAN,2021-10-16 09:00:00,CORE_HR
EVT00017732,2021-10-27,EMP04566,CC0045,FI,3,Step Increment,83678.46,CAD,CAN,2021-10-28 12:00:00,CORE_HR
EVT00017843,2021-10-11,EMP04407,CC0029,PA,2,Performance Pay,3698.98,AUD,AUS,2021-10-12 08:00:00,CORE_HR
EVT00018900,2021-10-22,EMP00432,CC0027,EX,1,Leave Start,,CAD,CA,2021-10-22 12:00:00,PAYROLL
EVT00018818,2021-10-04,EMP01304,CC0074,FI,2,Step Increment,4220866.63,INR,IN,2021-10-04 16:00:00,PAYROLL
EVT00018551,2021-10-21,EMP01641,CC0014,AS,1,Step Increment,44759.09,CAD,CA,2021-10-21 23:00:00,PAYROLL
EVT00019251,2021-10-19,EMP00013,CC0028,IT,2,Performance Pay,11503.72,CAD,CAN,2021-10-21 08:00:00,CORE_HR
EVT00018699,2021-10-12,EMP01871,CC0019,CR,1,Lateral Deployment,,CAD,CA,2021-10-13 01:00:00,PAYROLL
EVT00018663,2021-10-12,EMP00855,CC0019,PA,1,Leave Return,,CAD,CA,2021-10-12 21:00:00,PAYROLL
EVT00019551,2021-10-10,EMP04097,CC0039,CR,2,Performance Pay,2491.31,CAD,CA,2021-10-11 02:00:00,PAYROLL
EVT00018919,2021-10-04,EMP02512,CC0049,EN,3,Promotion,95070.21,SGD,SG,2021-10-05 13:00:00,PAYROLL
EVT00018681,2021-10-21,EMP01172,CC0083,EN,1,Step Increment,79646.8,CAD,CAN,2021-10-21 08:00:00,CORE_HR
EVT00018909,2021-10-13,EMP04957,CC0084,AS,3,Step Increment,70186.25,CAD,CAN,2021-10-14 06:00:00,CORE_HR
EVT00017777,2021-10-25,EMP02942,CC0047,PA,3,Hire,65406.72,CAD,CAN,2021-10-26 09:00:00,CORE_HR
EVT00019404,2021-10-15,EMP04798,CC0072,IT,4,Leave Return,,CAD,CAN,2021-10-15 10:00:00,CORE_HR
EVT00017972,2021-10-10,EMP03423,CC0065,AS,3,Step Increment,3149942.91,INR,IND,2021-10-10 21:00:00,CORE_HR
EVT00018441,2021-10-20,EMP04857,CC0001,AS,1,Hire,57996.74,CAD,CAN,2021-10-20 14:00:00,CORE_HR
EVT00019123,2021-10-25,EMP02563,CC0020,EN,2,Performance Pay,6828.67,CAD,CAN,2021-10-26 09:00:00,CORE_HR
EVT00018650,2021-10-25,EMP01311,CC0024,AS,2,Step Increment,65202.23,CAD,CA,2021-10-26 12:00:00,PAYROLL
EVT00018119,2021-10-20,EMP03273,CC0120,EN,3,Promotion,99357.35,CAD,CAN,2021-10-21 14:00:00,CORE_HR
EVT00019731,2021-10-22,EMP02252,CC0077,EN,4,Leave Return,,CAD,CAN,2021-10-22 20:00:00,CORE_HR
EVT00019609,2021-10-18,EMP01176,CC0083,AS,1,Step Increment,55397.1,CAD,CAN,2021-10-19 12:00:00,CORE_HR
EVT00019547,2021-10-18,EMP03000,CC0062,EC,5,Lateral Deployment,,CAD,CAN,2021-10-18 22:00:00,CORE_HR
EVT00019613,2021-10-07,EMP00066,CC0089,CR,2,Step Increment,68711.83,CAD,CAN,2021-10-08 06:00:00,CORE_HR
EVT00019653,2021-10-25,EMP01066,CC0112,FI,2,Step Increment,85358.86,CAD,CAN,2021-10-25 23:00:00,CORE_HR
EVT00019130,2021-10-20,EMP00783,CC0078,EN,2,Promotion,94137.16,CAD,CA,2021-10-20 13:00:00,PAYROLL
EVT00018575,2021-10-06,EMP03236,CC0028,FI,2,Hire,81336.69,CAD,CAN,2021-10-06 23:00:00,CORE_HR
EVT00018231,2021-10-05,EMP00792,CC0063,CR,5,Performance Pay,9677.17,CAD,CA,2021-10-05 12:00:00,PAYROLL
EVT00019493,2021-10-17,EMP03388,CC0083,EC,1,Hire,72460.88,CAD,CA,2021-10-18 04:00:00,PAYROLL
EVT00017935,2021-10-04,EMP01856,CC0029,IT,1,Performance Pay,6735.28,SGD,SGP,2021-10-04 15:00:00,CORE_HR
EVT00018810,2021-10-25,EMP04836,CC0099,EC,3,Step Increment,100564.56,CAD,CA,2021-10-26 13:00:00,PAYROLL
EVT00018206,2021-10-02,EMP01993,CC0111,FI,2,Performance Pay,6107.4,USD,USA,2021-10-02 06:00:00,CORE_HR
EVT00018387,2021-10-25,EMP01432,CC0011,EN,2,Step Increment,85695.16,CAD,CAN,2021-10-25 20:00:00,CORE_HR
EVT00019461,2021-10-11,EMP03391,CC0029,PA,3,Promotion,91468.63,AUD,AU,2021-10-12 13:00:00,PAYROLL
EVT00018280,2021-10-25,EMP02908,CC0118,IT,2,Step Increment,89172.25,CAD,CAN,2021-10-26 02:00:00,CORE_HR
EVT00018236,2021-10-23,EMP04244,CC0062,IT,4,Hire,127478.51,CAD,CAN,2021-10-24 09:00:00,CORE_HR
EVT00019321,2021-10-16,EMP02995,CC0016,FI,3,Lateral Deployment,,CAD,CAN,2021-10-16 14:00:00,CORE_HR
EVT00019783,2021-10-20,EMP00451,CC0047,FI,2,Step Increment,78676.47,CAD,CAN,2021-10-21 14:00:00,CORE_HR
EVT00019571,2021-10-26,EMP03775,CC0072,IT,2,Performance Pay,4241.22,CAD,CAN,2021-10-26 11:00:00,CORE_HR
EVT00018936,2021-10-11,EMP04813,CC0032,IT,2,Step Increment,85032.55,CAD,CAN,2021-10-14 18:00:00,CORE_HR
EVT00019295,2021-10-09,EMP03384,CC0040,AS,2,Performance Pay,8543.52,CAD,CAN,2021-10-10 04:00:00,CORE_HR
EVT00017943,2021-10-17,EMP04760,CC0053,EC,2,Leave Start,,CAD,CAN,2021-10-18 01:00:00,CORE_HR
EVT00019058,2021-10-26,EMP01397,CC0044,FI,3,Hire,98455.97,CAD,CAN,2021-10-27 06:00:00,CORE_HR
EVT00018415,2021-10-20,EMP01064,CC0026,FI,1,Step Increment,65597.18,CAD,CAN,2021-10-21 14:00:00,CORE_HR
EVT00019797,2021-10-27,EMP04610,CC0108,IT,3,Performance Pay,1139917.92,JPY,JPN,2021-10-27 12:00:00,CORE_HR
EVT00018791,2021-10-08,EMP01922,CC0101,IT,2,Step Increment,90905.97,CAD,CA,2021-10-09 07:00:00,PAYROLL
EVT00018894,2021-10-06,EMP02414,CC0009,CR,1,Lateral Deployment,,MXN,MEX,2021-10-06 17:00:00,CORE_HR
EVT00018892,2021-10-15,EMP00287,CC0120,PA,2,Leave Return,,CAD,CA,2021-10-15 22:00:00,PAYROLL
EVT00019089,2021-10-10,EMP00795,CC0054,CR,3,Performance Pay,12725.3,AED,AE,2021-10-10 10:00:00,PAYROLL
EVT00017817,2021-10-10,EMP00188,CC0009,AS,3,Leave Start,,KES,KE,2021-10-11 04:00:00,PAYROLL
EVT00017818,2021-10-17,EMP03227,CC0049,EN,2,Leave Return,,EUR,FRA,2021-10-18 02:00:00,CORE_HR
EVT00017782,2021-10-07,EMP03499,CC0044,CR,2,Leave Start,,CAD,CAN,2021-10-08 09:00:00,CORE_HR
EVT00018234,2021-10-08,EMP02178,CC0056,PA,1,Leave Start,,CAD,CAN,2021-10-09 11:00:00,CORE_HR
EVT00019203,2021-10-20,EMP00964,CC0120,EC,1,Step Increment,78146.36,CAD,CA,2021-10-21 14:00:00,PAYROLL
EVT00019734,2021-10-15,EMP03469,CC0040,IT,1,Lateral Deployment,,CAD,CA,2021-10-15 09:00:00,PAYROLL
EVT00019837,2021-10-02,EMP00617,CC0022,EN,3,Promotion,106265.9,CAD,CAN,2021-10-02 18:00:00,CORE_HR
EVT00019138,2021-10-05,EMP03639,CC0119,PA,2,Step Increment,69013.32,CAD,CA,2021-10-06 15:00:00,PAYROLL
EVT00018825,2021-10-07,EMP01342,CC0083,IT,1,Performance Pay,7513.14,CAD,CAN,2021-10-08 12:00:00,CORE_HR
EVT00018144,2021-10-12,EMP04159,CC0046,PA,1,Step Increment,5872166.26,KES,KEN,2021-10-12 21:00:00,CORE_HR
EVT00019046,2021-10-10,EMP02081,CC0009,EC,3,Lateral Deployment,,EUR,FRA,2021-10-11 00:00:00,CORE_HR
EVT00019400,2021-10-22,EMP02878,CC0018,AS,2,Leave Start,,CAD,CAN,2021-10-22 07:00:00,CORE_HR
EVT00019115,2021-10-24,EMP02723,CC0022,AS,4,Leave Start,,CAD,CA,2021-10-24 23:00:00,PAYROLL
EVT00018235,2021-10-25,EMP03427,CC0107,CR,2,Step Increment,54568.99,CAD,CAN,2021-10-26 15:00:00,CORE_HR
EVT00018869,2021-10-10,EMP01697,CC0083,AS,2,Step Increment,79240.0,CAD,CA,2021-10-10 17:00:00,PAYROLL
EVT00018505,2021-10-12,EMP00155,CC0068,EC,1,Leave Return,,CAD,CA,2021-10-12 10:00:00,PAYROLL
EVT00019406,2021-10-24,EMP02243,CC0017,EX,1,Step Increment,136724.52,CAD,CA,2021-10-24 15:00:00,PAYROLL
EVT00019508,2021-10-24,EMP03258,CC0068,IT,1,Leave Start,,CAD,CAN,2021-10-24 09:00:00,CORE_HR
EVT00017990,2021-10-20,EMP04163,CC0009,EC,2,Lateral Deployment,,AED,ARE,2021-10-21 07:00:00,CORE_HR
EVT00019702,2021-10-07,EMP00152,CC0057,FI,4,Step Increment,107378.23,CAD,CA,2021-10-08 13:00:00,PAYROLL
EVT00019180,2021-10-02,EMP04802,CC0076,IT,4,Performance Pay,13804.33,CAD,CAN,2021-10-03 09:00:00,CORE_HR
EVT00018477,2021-10-10,EMP03374,CC0047,CR,5,Step Increment,92846.56,CAD,CAN,2021-10-11 04:00:00,CORE_HR
EVT00019277,2021-10-04,EMP03001,CC0007,IT,1,Step Increment,49823.86,EUR,FRA,2021-10-04 15:00:00,CORE_HR
EVT00019447,2021-10-16,EMP00904,CC0014,EN,4,Lateral Deployment,,CAD,CA,2021-10-16 19:00:00,PAYROLL
EVT00019764,2021-10-10,EMP03892,CC0116,PA,1,Step Increment,-57233.05,CAD,CAN,2021-10-11 01:00:00,CORE_HR
EVT00018328,2021-10-23,EMP03095,CC0046,IT,2,Leave Start,,MXN,MX,2021-10-24 02:00:00,PAYROLL
EVT00018220,2021-10-14,EMP99999,CC0003,CR,4,Promotion,74558.56,CAD,CA,2021-10-14 07:00:00,PAYROLL
EVT00018834,2021-10-17,EMP05000,CC0031,IT,5,Step Increment,380824.02,AED,ARE,2021-10-18 05:00:00,CORE_HR
EVT00019604,2021-10-02,EMP01286,CC0115,PA,3,Lateral Deployment,,CAD,CA,2021-10-02 15:00:00,PAYROLL
EVT00018668,1900-01-01,EMP02825,CC0089,AS,1,Step Increment,58534.56,CAD,CAN,2021-10-14 06:00:00,CORE_HR
EVT00019742,2021-10-08,EMP02426,CC0059,IT,1,Leave Start,,CAD,CAN,2021-10-09 14:00:00,CORE_HR
EVT00019407,2021-10-15,EMP03155,CC0025,IT,1,Performance Pay,4155.9,CAD,CA,2021-10-16 00:00:00,PAYROLL
EVT00018173,2021-10-09,EMP02207,CC0090,IT,1,Leave Return,,CAD,CA,2021-10-09 22:00:00,PAYROLL
EVT00018085,2021-10-26,EMP02310,CC0008,FI,2,Leave Return,,CAD,CAN,2021-10-26 12:00:00,CORE_HR
EVT00018503,2021-10-11,EMP04396,CC0116,EC,4,Performance Pay,12514.3,CAD,CAN,2021-10-11 07:00:00,CORE_HR
EVT00019787,2021-10-04,EMP04995,CC0017,CR,2,Hire,59536.61,CAD,CAN,2021-10-05 03:00:00,CORE_HR
EVT00019001,2021-10-07,EMP04756,CC0076,AS,5,Lateral Deployment,,CAD,CAN,2021-10-07 21:00:00,CORE_HR
EVT00017901,2021-10-26,EMP01413,CC0020,AS,2,Step Increment,65071.02,CAD,CA,2021-10-26 19:00:00,PAYROLL
EVT00018140,2021-10-01,EMP00235,CC0016,EC,3,Performance Pay,4445.95,CAD,CAN,2021-10-01 22:00:00,CORE_HR
EVT00018676,2021-10-03,EMP00889,CC0005,EN,2,Performance Pay,12627.63,CAD,CAN,2021-10-03 08:00:00,CORE_HR
EVT00018990,2021-10-07,EMP03957,CC0074,IT,1,Step Increment,334024.93,BRL,BR,2021-10-08 01:00:00,PAYROLL
EVT00019283,2021-10-21,EMP03129,CC0071,AS,4,Hire,72942.22,CAD,CAN,2021-10-21 21:00:00,CORE_HR
EVT00018683,2021-10-13,EMP99999,CC0079,EN,1,Hire,74406.37,CAD,CAN,2021-10-14 13:00:00,CORE_HR
EVT00019682,2021-10-22,EMP04201,CC0050,CR,3,Step Increment,62954.46,CAD,CA,2021-10-23 08:00:00,PAYROLL
EVT00018130,2021-10-22,EMP02559,CC0104,EX,1,Performance Pay,12620.82,CAD,CA,2021-10-22 23:00:00,PAYROLL
EVT00018686,2021-10-18,EMP00717,CC0115,CR,2,Leave Start,,CAD,CA,2021-10-18 08:00:00,PAYROLL
EVT00019134,2021-10-13,EMP04955,CC0041,PA,3,Lateral Deployment,,CAD,CA,2021-10-14 06:00:00,PAYROLL
EVT00018106,2021-10-21,EMP02689,CC0120,AS,1,Step Increment,-56116.14,CAD,CA,2021-10-21 22:00:00,PAYROLL
EVT00019340,2021-10-06,EMP00321,CC0087,CR,2,Step Increment,56790.0,CAD,CA,2021-10-06 12:00:00,PAYROLL
EVT00019700,2021-10-04,EMP02747,CC0035,AS,2,Departure,,CAD,CAN,2021-10-05 01:00:00,CORE_HR
EVT00018203,2021-10-16,EMP01459,CC0051,PA,5,Step Increment,104024.84,CAD,CAN,2021-10-16 20:00:00,CORE_HR
EVT00018358,2021-10-23,EMP03202,CC0100,IT,1,Step Increment,70918.37,CAD,CAN,2021-10-24 10:00:00,CORE_HR
EVT00019178,2021-10-23,EMP01724,CC0005,PA,1,Step Increment,61170.03,CAD,CAN,2021-10-24 02:00:00,CORE_HR
EVT00018653,2021-10-25,EMP02636,CC0113,FI,3,Leave Start,,CAD,CA,2021-10-28 07:00:00,PAYROLL
EVT00018849,2021-10-07,EMP01513,CC0111,AS,1,Performance Pay,389606.05,JPY,JP,2021-10-07 11:00:00,PAYROLL
EVT00018320,2021-10-05,EMP02999,CC0039,FI,5,Leave Start,,CAD,CA,2021-10-05 16:00:00,PAYROLL
EVT00017857,2021-10-16,EMP04264,CC0106,EC,1,Step Increment,68184.76,CAD,CAN,2021-10-16 07:00:00,CORE_HR
EVT00018852,2021-10-12,EMP00453,CC0063,EN,1,Step Increment,83758.85,CAD,CAN,2021-10-12 14:00:00,CORE_HR
EVT00018213,2021-10-12,EMP04181,CC0096,EN,1,Leave Return,,CAD,CA,2021-10-13 11:00:00,PAYROLL
EVT00018951,2021-10-09,EMP00930,CC0081,PA,2,Leave Return,,CAD,CAN,2021-10-09 23:00:00,CORE_HR
EVT00018525,2021-10-19,EMP00205,CC0115,IT,2,Lateral Deployment,,CAD,CA,2021-10-20 08:00:00,PAYROLL
EVT00018237,2021-10-16,EMP03214,CC0075,IT,2,Promotion,90497.31,CAD,CAN,2021-10-16 06:00:00,CORE_HR
EVT00019212,2021-10-26,EMP03363,CC0005,IT,3,Step Increment,112054.16,CAD,CA,2021-10-27 06:00:00,PAYROLL
EVT00018129,2021-10-13,EMP01217,CC0005,IT,2,Performance Pay,4246.91,CAD,CAN,2021-10-13 21:00:00,CORE_HR
EVT00019384,2021-10-03,EMP00051,CC0099,EN,4,Step Increment,107773.52,CAD,CAN,2021-10-04 10:00:00,CORE_HR
EVT00018798,2021-10-12,EMP04736,CC0021,IT,1,Leave Start,,CAD,CA,2021-10-12 06:00:00,PAYROLL
EVT00017758,2021-10-22,EMP02232,CC0047,AS,3,Leave Start,,CAD,CAN,2021-10-22 09:00:00,CORE_HR
EVT00019201,2021-10-21,EMP01902,CC0031,IT,1,Step Increment,38608.75,GBP,GBR,2021-10-21 21:00:00,CORE_HR
EVT00018754,2021-10-03,EMP00031,CC0023,PA,2,Step Increment,67467.82,CAD,CAN,2021-10-03 16:00:00,CORE_HR
EVT00017799,2021-10-24,EMP01595,CC0084,CR,3,Lateral Deployment,,CAD,CAN,2021-10-25 01:00:00,CORE_HR
EVT00019691,2021-10-08,EMP00176,CC0031,FI,3,Lateral Deployment,,INR,IND,2021-10-08 23:00:00,CORE_HR
EVT00018133,2021-10-05,EMP02564,CC0094,IT,1,Leave Start,,CAD,CAN,2021-10-06 01:00:00,CORE_HR
EVT00018374,2021-10-07,EMP00022,CC0064,EX,3,Leave Start,,CAD,CAN,2021-10-08 13:00:00,CORE_HR
EVT00019114,2021-10-09,EMP03669,CC0014,EN,2,Departure,,CAD,CAN,2021-10-10 15:00:00,CORE_HR
EVT00019827,2021-10-24,EMP01455,CC0116,AS,5,Hire,84015.09,CAD,CAN,2021-10-24 08:00:00,CORE_HR
EVT00019499,2021-10-17,EMP01260,CC0030,IT,5,Step Increment,7612547.04,INR,IN,2021-10-18 14:00:00,PAYROLL
EVT00019771,2021-10-26,EMP04721,CC0025,FI,5,Performance Pay,15551.28,CAD,CAN,2021-10-26 18:00:00,CORE_HR
EVT00017981,2021-10-09,EMP04382,CC0119,IT,4,Step Increment,124783.73,CAD,CAN,2021-10-10 01:00:00,CORE_HR
EVT00018312,2021-10-17,EMP02402,CC0109,CR,5,Leave Start,,CAD,CAN,2021-10-18 13:00:00,CORE_HR
EVT00018534,2021-10-09,EMP03759,CC0025,EC,2,Leave Return,,CAD,CA,2021-10-10 14:00:00,PAYROLL
EVT00019492,2021-10-19,EMP01046,CC0035,FI,3,Departure,,CAD,CAN,2021-10-20 08:00:00,CORE_HR
EVT00017998,2021-10-17,EMP04005,CC0119,FI,3,Promotion,96583.4,CAD,CAN,2021-10-18 05:00:00,CORE_HR
EVT00019637,2021-10-17,EMP00435,CC0001,EX,1,Leave Return,,CAD,CA,2021-10-17 12:00:00,PAYROLL
EVT00018742,2021-10-24,EMP03018,CC0043,IT,1,Performance Pay,7032.04,CAD,CA,2021-10-24 07:00:00,PAYROLL
EVT00018704,2021-10-06,EMP03347,CC0013,EN,4,Performance Pay,13093.19,CAD,CAN,2021-10-07 08:00:00,CORE_HR
EVT00018006,2021-10-16,EMP03602,CC0085,EN,4,Leave Start,,CAD,CA,2021-10-17 01:00:00,PAYROLL
EVT00018476,2021-10-23,EMP01528,CC0094,EX,1,Performance Pay,11194.19,CAD,CAN,2021-10-23 09:00:00,CORE_HR
EVT00019724,2021-10-22,EMP01425,CC0100,CR,4,Performance Pay,5375.09,CAD,CAN,2021-10-22 18:00:00,CORE_HR
EVT00018536,2021-10-03,EMP04471,CC0079,PA,3,Step Increment,77032.75,CAD,CA,2021-10-04 06:00:00,PAYROLL
EVT00017908,2021-10-23,EMP03434,CC0082,EC,4,Performance Pay,12847.73,CAD,CAN,2021-10-24 11:00:00,CORE_HR
EVT00019318,2021-10-02,EMP00546,CC0117,EC,3,Leave Start,,CAD,CAN,2021-10-02 09:00:00,CORE_HR
EVT00018056,2021-10-19,EMP04189,CC0004,PA,1,Step Increment,54696.78,CAD,CA,2021-10-20 04:00:00,PAYROLL
EVT00017907,2021-10-10,EMP04674,CC0071,PA,4,Leave Start,,CAD,CA,2021-10-11 00:00:00,PAYROLL
EVT00019015,2021-10-02,EMP01561,CC0060,EC,5,Leave Return,,CAD,CAN,2021-10-02 07:00:00,CORE_HR
EVT00019669,2021-10-14,EMP04339,CC0114,PA,4,Step Increment,79720.98,CAD,CAN,2021-10-14 17:00:00,CORE_HR
EVT00018569,2021-10-25,EMP04353,CC0112,PA,1,Leave Return,,CAD,CAN,2021-10-25 19:00:00,CORE_HR
EVT00017774,2021-10-12,EMP04020,CC0120,AS,1,Lateral Deployment,,CAD,CA,2021-10-12 15:00:00,PAYROLL
EVT00019271,2021-10-11,EMP03516,CC0101,EC,2,Step Increment,78124.94,CAD,CAN,2021-10-12 02:00:00,CORE_HR
EVT00018512,2021-10-16,EMP03056,CC0041,EC,5,Step Increment,118578.36,CAD,CAN,2021-10-17 13:00:00,CORE_HR
EVT00018700,2021-10-03,EMP03317,CC0017,AS,4,Hire,56763.45,CAD,CAN,2021-10-04 08:00:00,CORE_HR
EVT00018735,2021-10-10,EMP00565,CC0110,AS,5,Step Increment,77117.29,CAD,CA,2021-10-10 10:00:00,PAYROLL
EVT00017865,2021-10-12,EMP00600,CC0072,CR,1,Step Increment,54386.07,CAD,CAN,2021-10-15 01:00:00,CORE_HR
EVT00018079,2021-10-22,EMP01186,CC0073,PA,3,Performance Pay,3501.78,CAD,CA,2021-10-23 09:00:00,PAYROLL
EVT00018232,2021-10-17,EMP02445,CC0111,EN,2,Step Increment,8885677.8,KES,KEN,2021-10-17 16:00:00,CORE_HR
EVT00018384,2021-10-19,EMP03309,CC0054,IT,2,Hire,64819.4,EUR,DEU,2021-10-19 14:00:00,CORE_HR
EVT00018448,2021-10-20,EMP03476,CC0029,EC,1,Performance Pay,662904.73,JPY,JPN,2021-10-21 01:00:00,CORE_HR
EVT00019645,2021-10-21,EMP04277,CC0099,AS,1,Performance Pay,5900.92,CAD,CAN,2021-10-21 12:00:00,CORE_HR
EVT00019635,2021-10-19,EMP03560,CC0112,IT,4,Step Increment,121417.38,CAD,CAN,2021-10-20 10:00:00,CORE_HR
EVT00019481,2021-10-14,EMP02405,CC0065,AS,2,Step Increment,188344.55,AED,AE,2021-10-14 15:00:00,PAYROLL
EVT00018447,2021-10-02,EMP01276,CC0077,IT,3,Leave Return,,CAD,CAN,2021-10-03 12:00:00,CORE_HR
EVT00019100,2021-10-25,EMP02534,CC0011,EX,1,Hire,128149.34,CAD,CAN,2021-10-25 20:00:00,CORE_HR
EVT00017910,2021-10-02,EMP00191,CC0095,AS,2,Step Increment,64744.0,CAD,CAN,2021-10-02 07:00:00,CORE_HR
EVT00018313,2021-10-24,EMP02678,CC0025,CR,1,Step Increment,48905.12,CAD,CA,2021-10-24 15:00:00,PAYROLL
EVT00019462,2021-10-13,EMP00334,CC0112,EN,3,Step Increment,78684.29,CAD,CAN,2021-10-14 00:00:00,CORE_HR
EVT00017726,2021-10-20,EMP04212,CC0001,IT,1,Step Increment,80129.39,CAD,CAN,2021-10-20 15:00:00,CORE_HR
EVT00018581,2021-10-08,EMP01184,CC0041,EX,1,Lateral Deployment,,CAD,CA,2021-10-08 13:00:00,PAYROLL
EVT00019116,2021-10-24,EMP04094,CC0062,FI,1,Step Increment,72760.35,CAD,CA,2021-10-25 00:00:00,PAYROLL
EVT00019023,2021-10-05,EMP04878,CC0090,EN,3,Leave Return,,CAD,CAN,2021-10-05 09:00:00,CORE_HR
EVT00018088,2021-10-18,EMP03769,CC0022,IT,1,Performance Pay,8520.67,CAD,CAN,2021-10-19 16:00:00,CORE_HR
EVT00019796,2021-10-12,EMP04538,CC0038,PA,2,Step Increment,73761.51,CAD,CAN,2021-10-12 21:00:00,CORE_HR
EVT00018395,2021-10-21,EMP00372,CC0029,EN,1,Performance Pay,13731.6,BRL,BRA,2021-10-22 03:00:00,CORE_HR
EVT00018027,2021-10-10,EMP01674,CC0016,EN,1,Step Increment,73114.14,CAD,CAN,2021-10-10 16:00:00,CORE_HR
EVT00018216,2021-10-18,EMP00142,CC0078,FI,4,Step Increment,105445.37,CAD,CAN,2021-10-19 00:00:00,CORE_HR
EVT00019335,2021-10-21,EMP04757,CC0036,EX,2,Leave Return,,CAD,CA,2021-10-21 06:00:00,PAYROLL
EVT00019078,2021-10-17,EMP00886,CC0055,PA,1,Step Increment,57184.09,CAD,CA,2021-10-18 04:00:00,PAYROLL
EVT00018891,2021-10-25,EMP01164,CC0119,AS,1,Leave Start,,CAD,CAN,2021-10-25 19:00:00,CORE_HR
EVT00018888,2021-10-18,EMP01872,CC0088,FI,3,Step Increment,5213592.5,INR,IND,2021-10-18 10:00:00,CORE_HR
EVT00019303,2021-10-15,EMP01394,CC0014,EN,1,Step Increment,97857.43,CAD,CAN,2021-10-15 21:00:00,CORE_HR
EVT00018121,2021-10-15,EMP03609,CC0096,AS,2,Leave Return,,CAD,CA,2021-10-15 08:00:00,PAYROLL
EVT00018933,2021-10-18,EMP02101,CC0008,EC,2,Hire,85487.83,CAD,CAN,2021-10-19 15:00:00,CORE_HR
EVT00019719,2021-10-12,EMP03898,CC0064,IT,4,Step Increment,125987.58,CAD,CAN,2021-10-12 10:00:00,CORE_HR
EVT00019302,2021-10-27,EMP01479,CC0114,IT,1,Leave Return,,CAD,CA,2021-10-27 20:00:00,PAYROLL
EVT00017959,2021-10-14,EMP03816,CC0086,PA,1,Promotion,3353021.59,INR,IND,2021-10-14 07:00:00,CORE_HR
EVT00018202,2021-10-18,EMP02497,CC0106,EN,3,Hire,116484.72,CAD,CAN,2021-10-19 11:00:00,CORE_HR
EVT00019041,2021-10-22,EMP01373,CC0030,EC,1,Lateral Deployment,,SGD,SG,2021-10-22 07:00:00,PAYROLL
EVT00018046,2021-10-05,EMP04219,CC0042,CR,1,Step Increment,54686.94,CAD,CAN,2021-10-06 07:00:00,CORE_HR
EVT00018443,2021-10-27,EMP03914,CC0087,CR,1,Performance Pay,6860.26,CAD,CA,2021-10-27 22:00:00,PAYROLL
EVT00017965,2021-10-03,EMP02415,CC0120,IT,2,Step Increment,73863.42,CAD,CAN,2021-10-04 05:00:00,CORE_HR
EVT00018442,2021-10-12,EMP03698,CC0072,FI,4,Departure,,CAD,CAN,2021-10-13 01:00:00,CORE_HR
EVT00019141,2021-10-14,EMP03445,CC0046,PA,2,Lateral Deployment,,MXN,MEX,2021-10-15 08:00:00,CORE_HR
EVT00018839,2021-10-16,EMP01359,CC0043,PA,1,Leave Return,,CAD,CAN,2021-10-17 08:00:00,CORE_HR
EVT00018841,2021-10-18,EMP00804,CC0022,EX,2,Hire,147116.97,CAD,CA,2021-10-18 19:00:00,PAYROLL
EVT00019054,2021-10-20,EMP03598,CC0077,EX,2,Performance Pay,8338.91,CAD,CA,2021-10-20 23:00:00,PAYROLL
EVT00017767,2021-10-06,EMP03791,CC0100,AS,5,Leave Start,,CAD,CAN,2021-10-06 19:00:00,CORE_HR
EVT00019122,2021-10-17,EMP01205,CC0115,AS,2,Lateral Deployment,,CAD,CAN,2021-10-18 05:00:00,CORE_HR
EVT00018022,2021-10-17,EMP02506,CC0108,EN,5,Step Increment,1513921.06,MXN,MEX,2021-10-18 02:00:00,CORE_HR
EVT00018698,2021-10-09,EMP03896,CC0012,PA,5,Lateral Deployment,,CAD,CAN,2021-10-09 11:00:00,CORE_HR
EVT00019270,2021-10-08,EMP03638,CC0025,PA,1,Leave Start,,CAD,CA,2021-10-09 15:00:00,PAYROLL
EVT00018792,2021-10-04,EMP03834,CC0068,PA,5,Performance Pay,4349.51,CAD,CA,2021-10-04 10:00:00,PAYROLL
EVT00017982,2021-10-25,EMP01151,CC0107,EN,2,Lateral Deployment,,CAD,CAN,2021-10-25 11:00:00,CORE_HR
EVT00019024,2021-10-01,EMP03125,CC0083,IT,2,Hire,91736.59,CAD,CAN,2021-10-01 14:00:00,CORE_HR
EVT00018500,2021-10-05,EMP01325,CC0092,IT,2,Step Increment,78223.62,CAD,CAN,2021-10-06 13:00:00,CORE_HR
EVT00018587,2021-10-10,EMP01034,CC0100,FI,4,Leave Start,,CAD,CA,2021-10-10 14:00:00,PAYROLL
EVT00019466,2021-10-24,EMP01454,CC0041,AS,2,Step Increment,66867.74,CAD,CAN,2021-10-25 00:00:00,CORE_HR
EVT00018201,2021-10-27,EMP04856,CC0082,CR,1,Step Increment,53841.03,CAD,CA,2021-10-28 09:00:00,PAYROLL
EVT00018342,2021-10-26,EMP03587,CC0069,FI,1,Lateral Deployment,,CAD,CA,2021-10-26 16:00:00,PAYROLL
EVT00019029,2021-10-13,EMP00457,CC0065,FI,5,Leave Return,,MXN,MEX,2021-10-13 18:00:00,CORE_HR
EVT00019164,2021-10-17,EMP01408,CC0108,FI,1,Performance Pay,43338.83,MXN,MEX,2021-10-18 08:00:00,CORE_HR
EVT00018023,2021-10-05,EMP03489,CC0032,FI,2,Performance Pay,6795.36,CAD,CAN,2021-10-05 22:00:00,CORE_HR
EVT00019553,2021-10-24,EMP03669,CC0014,EN,2,Departure,,CAD,CAN,2021-10-24 06:00:00,CORE_HR
EVT00019841,2021-10-10,EMP99999,CC0035,EX,1,Hire,120394.06,CAD,CA,2021-10-11 00:00:00,PAYROLL
EVT00018887,2021-10-10,EMP00928,CC0092,PA,5,Hire,77046.06,CAD,CAN,2021-10-10 14:00:00,CORE_HR
EVT00018076,2021-10-11,EMP03242,CC0072,EN,3,Step Increment,110122.34,CAD,CA,2021-10-11 11:00:00,PAYROLL
EVT00018783,2021-10-06,EMP01592,CC0051,PA,5,Performance Pay,11461.92,CAD,CAN,2021-10-06 23:00:00,CORE_HR
EVT00019104,2021-10-23,EMP03217,CC0076,FI,4,Step Increment,100013.95,CAD,CAN,2021-10-24 01:00:00,CORE_HR
EVT00018619,2021-10-11,EMP04924,CC0105,EN,1,Lateral Deployment,,EUR,FRA,2021-10-12 11:00:00,CORE_HR
EVT00018859,2021-10-15,EMP04372,CC0086,FI,4,Leave Start,,USD,US,2021-10-16 09:00:00,PAYROLL
EVT00018381,2021-10-14,EMP04343,CC0023,EN,1,Step Increment,72565.76,CAD,CAN,2021-10-14 15:00:00,CORE_HR
EVT00018484,2021-10-15,EMP03408,CC0016,EC,1,Step Increment,67869.63,CAD,CAN,2021-10-16 08:00:00,CORE_HR
EVT00019646,2021-10-20,EMP00970,CC0090,EN,1,Step Increment,74157.58,CAD,CAN,2021-10-20 13:00:00,CORE_HR
EVT00019728,2021-10-11,EMP01948,CC0006,CR,4,Step Increment,66618.41,CAD,CAN,2021-10-12 04:00:00,CORE_HR
EVT00019253,2021-10-10,EMP03458,CC0002,EX,1,Leave Start,,CAD,CAN,2021-10-11 10:00:00,CORE_HR
EVT00019119,2021-10-01,EMP02142,CC0040,CR,1,Lateral Deployment,,CAD,CA,2021-10-01 07:00:00,PAYROLL
EVT00019388,2021-10-08,EMP03278,CC0059,IT,3,Performance Pay,11944.81,CAD,CA,2021-10-08 13:00:00,PAYROLL
EVT00018670,2021-10-04,EMP01428,CC0111,EN,4,Step Increment,82425.38,EUR,DEU,2021-10-05 00:00:00,CORE_HR
EVT00017833,2021-10-06,EMP04271,CC0032,IT,1,Step Increment,85408.34,CAD,CA,2021-10-07 09:00:00,PAYROLL
EVT00019620,2021-10-15,EMP02241,CC0104,AS,2,Performance Pay,2548.84,CAD,CA,2021-10-16 11:00:00,PAYROLL
EVT00018398,2021-10-15,EMP00792,CC0063,CR,5,Performance Pay,4611.32,CAD,CAN,2021-10-15 09:00:00,CORE_HR
EVT00018368,2021-10-01,EMP04315,CC0016,EC,4,Performance Pay,13012.82,CAD,CAN,2021-10-01 06:00:00,CORE_HR
EVT00019541,2021-10-20,EMP04298,CC0083,IT,1,Lateral Deployment,,CAD,CAN,2021-10-21 03:00:00,CORE_HR
EVT00019504,2021-10-11,EMP01911,CC0117,CR,5,Hire,71040.93,CAD,CA,2021-10-11 09:00:00,PAYROLL
EVT00018169,2021-10-14,EMP01568,CC0022,EN,2,Step Increment,99581.78,CAD,CA,2021-10-14 15:00:00,PAYROLL
EVT00018641,2021-10-17,EMP01720,CC0073,EN,2,Leave Start,,CAD,CAN,2021-10-17 18:00:00,CORE_HR
EVT00019668,2021-10-22,EMP01407,CC0012,PA,4,Leave Return,,CAD,CA,2021-10-23 11:00:00,PAYROLL
EVT00018889,2021-10-17,EMP00386,CC0014,EX,2,Departure,,CAD,CA,2021-10-18 09:00:00,PAYROLL
EVT00018222,2021-10-03,EMP04182,CC0068,EN,5,Step Increment,136957.48,CAD,CA,2021-10-04 06:00:00,PAYROLL
EVT00019183,2021-10-02,EMP01879,CC0089,PA,3,Step Increment,82242.09,CAD,CAN,2021-10-03 03:00:00,CORE_HR
EVT00019438,2021-10-25,EMP01778,CC0042,CR,2,Step Increment,60035.01,CAD,CA,2021-10-26 06:00:00,PAYROLL
EVT00018175,2021-10-25,EMP03085,CC0114,PA,1,Lateral Deployment,,CAD,CA,2021-10-26 00:00:00,PAYROLL
EVT00018281,2021-10-09,EMP04704,CC0050,FI,5,Leave Return,,CAD,CAN,2021-10-10 00:00:00,CORE_HR
EVT00018050,2021-10-07,EMP03616,CC0004,EX,1,Step Increment,120746.46,CAD,CAN,2021-10-08 11:00:00,CORE_HR
EVT00018478,2021-10-05,EMP02939,CC0094,CR,5,Step Increment,71312.76,CAD,CA,2021-10-06 05:00:00,PAYROLL
EVT00019715,2021-10-02,EMP02814,CC0017,CR,1,Step Increment,38494.4,CAD,CA,2021-10-02 06:00:00,PAYROLL
EVT00018540,2021-10-19,EMP01773,CC0052,EX,2,Performance Pay,15058.53,CAD,CAN,2021-10-19 16:00:00,CORE_HR
EVT00017789,2021-10-16,EMP00159,CC0076,PA,1,Leave Start,,CAD,CA,2021-10-16 12:00:00,PAYROLL
EVT00019287,2021-10-10,EMP01366,CC0026,PA,3,Leave Start,,XXX,CA,2021-10-11 15:00:00,PAYROLL
EVT00018793,2021-10-10,EMP04580,CC0110,CR,4,Leave Return,,CAD,CA,2021-10-11 09:00:00,PAYROLL
EVT00019051,2021-10-11,EMP03241,CC0007,IT,1,Performance Pay,131399.52,MXN,MEX,2021-10-11 18:00:00,CORE_HR
EVT00019803,2021-10-12,EMP02832,CC0106,EX,2,Leave Start,,CAD,CA,2021-10-13 00:00:00,PAYROLL
EVT00018392,2021-10-13,EMP01864,CC0116,IT,4,Departure,,CAD,CA,2021-10-14 00:00:00,PAYROLL
EVT00019144,2021-10-12,EMP04183,CC0017,EN,3,Lateral Deployment,,CAD,CAN,2021-10-13 00:00:00,CORE_HR
EVT00019812,2021-10-24,EMP01329,CC0036,IT,2,Step Increment,83802.58,CAD,CA,2021-10-24 14:00:00,PAYROLL
EVT00018172,2021-10-18,EMP03764,CC0104,EN,1,Leave Return,,CAD,CAN,2021-10-20 14:00:00,CORE_HR
EVT00019825,2021-10-11,EMP00049,CC0055,FI,2,Performance Pay,10203.94,CAD,CAN,2021-10-11 21:00:00,CORE_HR
EVT00018000,2021-10-11,EMP03926,CC0007,PA,3,Leave Return,,USD,USA,2021-10-11 17:00:00,CORE_HR
EVT00019240,2021-10-06,EMP02667,CC0020,EN,5,Leave Return,,CAD,CA,2021-10-07 12:00:00,PAYROLL
EVT00019261,2021-10-15,EMP04382,CC0119,IT,4,Step Increment,119915.12,CAD,CAN,2021-10-16 07:00:00,CORE_HR
EVT00019043,1900-01-01,EMP03677,CC0014,IT,1,Step Increment,82634.3,CAD,CA,2021-10-13 16:00:00,PAYROLL
EVT00019697,2021-10-06,EMP03824,CC0084,EC,2,Leave Return,,CAD,CAN,2021-10-07 06:00:00,CORE_HR
EVT00018740,2021-10-06,EMP02933,CC0092,IT,2,Step Increment,99327.25,CAD,CAN,2021-10-06 07:00:00,CORE_HR
EVT00019471,2021-10-09,EMP04723,CC0013,IT,3,Performance Pay,7378.47,CAD,CA,2021-10-09 20:00:00,PAYROLL
EVT00018137,2021-10-24,EMP04037,CC0060,EN,2,Step Increment,97374.51,CAD,CA,2021-10-24 18:00:00,PAYROLL
EVT00019651,2021-10-18,EMP00303,CC0049,IT,5,Performance Pay,8469.61,GBP,GBR,2021-10-18 18:00:00,CORE_HR
EVT00018146,2021-10-20,EMP00811,CC0058,EX,3,Step Increment,182075.75,CAD,CAN,2021-10-21 08:00:00,CORE_HR
EVT00018711,2021-10-14,EMP04750,CC0066,EN,4,Lateral Deployment,,CAD,CAN,2021-10-14 13:00:00,CORE_HR
EVT00019632,2021-10-17,EMP03983,CC0116,FI,1,Lateral Deployment,,CAD,CA,2021-10-17 18:00:00,PAYROLL
EVT00019202,2021-10-20,EMP02699,CC0026,EN,1,Leave Return,,CAD,CA,2021-10-20 06:00:00,PAYROLL
EVT00017808,2021-10-07,EMP00434,CC0081,AS,5,Step Increment,76217.93,CAD,CA,2021-10-07 12:00:00,PAYROLL
EVT00018983,2021-10-12,EMP00709,CC0029,AS,5,Step Increment,58149.14,USD,USA,2021-10-13 05:00:00,CORE_HR
EVT00019834,2021-10-06,EMP03814,CC0049,CR,4,Leave Start,,MXN,MEX,2021-10-06 19:00:00,CORE_HR
EVT00018473,2021-10-17,EMP00375,CC0083,PA,1,Step Increment,56424.64,CAD,CA,2021-10-18 07:00:00,PAYROLL
EVT00017973,2021-10-27,EMP03512,CC0068,CR,4,Step Increment,58761.45,CAD,CAN,2021-10-28 09:00:00,CORE_HR
EVT00018716,2021-10-04,EMP03755,CC0012,CR,1,Step Increment,49212.76,CAD,CAN,2021-10-05 13:00:00,CORE_HR
EVT00018330,2021-10-12,EMP03206,CC0090,PA,1,Hire,64156.59,CAD,CAN,2021-10-12 09:00:00,CORE_HR
EVT00018258,2021-10-23,EMP03140,CC0068,IT,2,Step Increment,90716.13,CAD,CAN,2021-10-24 12:00:00,CORE_HR
EVT00018838,2021-10-01,EMP01967,CC0089,EX,2,Leave Return,,CAD,CA,2021-10-01 06:00:00,PAYROLL
EVT00019706,2021-10-17,EMP00700,CC0111,EN,3,Performance Pay,12048.41,AED,AE,2021-10-18 08:00:00,PAYROLL
EVT00018796,2021-10-05,EMP01428,CC0111,EN,4,Step Increment,58543.2,EUR,DE,2021-10-05 18:00:00,PAYROLL
EVT00019610,2021-10-10,EMP02047,CC0053,PA,1,Step Increment,63764.36,CAD,CAN,2021-10-10 08:00:00,CORE_HR
EVT00019832,2021-10-02,EMP00243,CC0069,FI,3,Hire,85104.0,CAD,CA,2021-10-02 10:00:00,PAYROLL
EVT00019484,2021-10-26,EMP04821,CC0005,FI,2,Step Increment,62352.23,CAD,CAN,2021-10-27 01:00:00,CORE_HR
EVT00017950,2021-10-02,EMP02634,CC0112,CR,2,Performance Pay,7486.08,CAD,CAN,2021-10-03 14:00:00,CORE_HR
EVT00018075,2021-10-04,EMP03593,CC0050,EX,1,Step Increment,142230.77,CAD,CA,2021-10-04 20:00:00,PAYROLL
EVT00018457,2021-10-02,EMP01003,CC0013,CR,2,Leave Start,,CAD,CA,2021-10-03 10:00:00,PAYROLL
EVT00018914,2021-10-20,EMP01036,CC0042,AS,3,Step Increment,69746.87,CAD,CAN,2021-10-21 08:00:00,CORE_HR
EVT00017873,2021-10-04,EMP01349,CC0021,PA,3,Departure,,CAD,CAN,2021-10-05 07:00:00,CORE_HR
EVT00018409,2021-10-10,EMP02205,CC0039,EC,1,Leave Start,,CAD,CAN,2021-10-11 14:00:00,CORE_HR
EVT00019207,2021-10-07,EMP04915,CC0100,EN,2,Step Increment,90641.95,CAD,CA,2021-10-07 10:00:00,PAYROLL
EVT00018180,2021-10-23,EMP04424,CC0017,FI,2,Leave Return,,CAD,CA,2021-10-24 03:00:00,PAYROLL
EVT00017885,2021-10-02,EMP03112,CC0081,FI,1,Leave Start,,CAD,CAN,2021-10-03 11:00:00,CORE_HR
EVT00019521,2021-10-03,EMP01622,CC0107,AS,3,Leave Start,,CAD,CAN,2021-10-03 21:00:00,CORE_HR
EVT00019766,2021-10-11,EMP00005,CC0006,IT,4,Step Increment,118922.21,CAD,CAN,2021-10-12 13:00:00,CORE_HR
EVT00018369,2021-10-13,EMP01045,CC0078,PA,4,Performance Pay,11770.47,CAD,CA,2021-10-13 06:00:00,PAYROLL
EVT00019674,2021-10-15,EMP02304,CC0050,IT,1,Lateral Deployment,,CAD,CAN,2021-10-15 18:00:00,CORE_HR
EVT00018622,2021-10-05,EMP04935,CC0054,AS,1,Leave Return,,MXN,MEX,2021-10-06 07:00:00,CORE_HR
EVT00018837,2021-10-03,EMP04525,CC0016,EX,2,Performance Pay,17014.1,CAD,CAN,2021-10-04 00:00:00,CORE_HR
EVT00019636,2021-10-11,EMP04151,CC0082,PA,2,Lateral Deployment,,CAD,CAN,2021-10-12 15:00:00,CORE_HR
EVT00018205,2021-10-05,EMP01495,CC0055,IT,1,Leave Return,,CAD,CA,2021-10-06 15:00:00,PAYROLL
EVT00019003,2021-10-14,EMP00882,CC0007,EX,2,Leave Start,,SGD,SGP,2021-10-15 08:00:00,CORE_HR
EVT00018988,2021-10-10,EMP00304,CC0055,CR,5,Leave Start,,CAD,CA,2021-10-11 05:00:00,PAYROLL
EVT00019582,2021-10-24,EMP00272,CC0071,PA,2,Performance Pay,6765.65,CAD,CAN,2021-10-24 14:00:00,CORE_HR
EVT00019464,2021-10-07,EMP01018,CC0031,PA,3,Step Increment,165779.85,AED,ARE,2021-10-07 10:00:00,CORE_HR
EVT00018638,2021-10-02,EMP03869,CC0101,AS,1,Leave Start,,CAD,CAN,2021-10-02 22:00:00,CORE_HR
EVT00018021,2021-10-06,EMP03492,CC0088,EX,1,Lateral Deployment,,EUR,FR,2021-10-07 03:00:00,PAYROLL
EVT00019048,2021-10-16,EMP04381,CC0044,AS,5,Step Increment,84223.54,CAD,CA,2021-10-16 15:00:00,PAYROLL
EVT00018174,2021-10-25,EMP03272,CC0074,EC,1,Lateral Deployment,,EUR,FRA,2021-10-25 12:00:00,CORE_HR
EVT00018412,2021-10-20,EMP00721,CC0049,AS,3,Step Increment,3912380.93,INR,IND,2021-10-20 15:00:00,CORE_HR
EVT00018454,2021-10-26,EMP04824,CC0014,CR,2,Step Increment,55385.5,CAD,CA,2021-10-26 19:00:00,PAYROLL
EVT00018881,2021-10-19,EMP00729,CC0105,PA,3,Step Increment,57518.47,EUR,DEU,2021-10-19 06:00:00,CORE_HR
EVT00019272,2021-10-01,EMP00498,CC0117,IT,1,Performance Pay,9063.44,CAD,CAN,2021-10-01 20:00:00,CORE_HR
EVT00019016,2021-10-12,EMP04882,CC0036,EX,1,Leave Return,,CAD,CA,2021-10-13 00:00:00,PAYROLL
EVT00019297,2021-10-02,EMP02558,CC0069,EC,4,Leave Return,,CAD,CA,2021-10-03 02:00:00,PAYROLL
EVT00018071,2021-10-07,EMP01521,CC0007,IT,1,Leave Start,,KES,KEN,2021-10-08 11:00:00,CORE_HR
EVT00018867,2021-10-03,EMP03086,CC0058,AS,5,Step Increment,87690.24,CAD,CA,2021-10-04 12:00:00,PAYROLL
EVT00018871,2021-10-17,EMP02126,CC0054,IT,5,Step Increment,266521.95,AED,AE,2021-10-17 11:00:00,PAYROLL
EVT00018316,2021-10-15,EMP04961,CC0119,AS,3,Step Increment,70267.86,CAD,CAN,2021-10-16 06:00:00,CORE_HR
EVT00017925,2021-10-07,EMP02951,CC0067,EN,1,Lateral Deployment,,CAD,CA,2021-10-07 11:00:00,PAYROLL
EVT00017876,2021-10-03,EMP01363,CC0015,IT,1,Step Increment,73593.84,CAD,CAN,2021-10-03 14:00:00,CORE_HR
EVT00019284,2021-10-13,EMP02401,CC0059,IT,3,Leave Return,,CAD,CAN,2021-10-13 09:00:00,CORE_HR
EVT00018961,2021-10-20,EMP01722,CC0069,PA,1,Leave Start,,CAD,CAN,2021-10-22 10:00:00,CORE_HR
EVT00019502,2021-10-15,EMP01936,CC0100,EN,1,Lateral Deployment,,CAD,CAN,2021-10-16 05:00:00,CORE_HR
EVT00019673,2021-10-15,EMP02714,CC0105,EX,2,Leave Start,,USD,USA,2021-10-16 02:00:00,CORE_HR
EVT00018918,2021-10-08,EMP00185,CC0111,IT,2,Leave Start,,USD,US,2021-10-09 00:00:00,PAYROLL
EVT00018031,2021-10-21,EMP02639,CC0096,PA,4,Lateral Deployment,,CAD,CAN,2021-10-21 12:00:00,CORE_HR
EVT00017769,2021-10-15,EMP01506,CC0074,PA,1,Step Increment,42008.32,USD,USA,2021-10-16 02:00:00,CORE_HR
EVT00019354,2021-10-17,EMP04800,CC0038,EC,1,Promotion,70624.89,CAD,CA,2021-10-17 23:00:00,PAYROLL
EVT00017851,2021-10-15,EMP04547,CC0060,PA,1,Promotion,44166.12,CAD,CAN,2021-10-15 14:00:00,CORE_HR
EVT00019262,2021-10-04,EMP00951,CC0108,PA,3,Step Increment,58385.36,EUR,DE,2021-10-05 01:00:00,PAYROLL
EVT00018293,2021-10-23,EMP03812,CC0113,EX,1,Promotion,142170.59,CAD,CAN,2021-10-23 21:00:00,CORE_HR
EVT00018087,2021-10-04,EMP00760,CC0064,PA,4,Performance Pay,7235.8,CAD,CAN,2021-10-05 02:00:00,CORE_HR
EVT00019204,2021-10-01,EMP02276,CC0099,IT,2,Departure,,CAD,CA,2021-10-01 09:00:00,PAYROLL
EVT00019828,2021-10-14,EMP02574,CC0008,IT,1,Step Increment,80297.42,CAD,CAN,2021-10-14 07:00:00,CORE_HR
EVT00017794,2021-10-06,EMP02763,CC0102,PA,4,Step Increment,91441.57,CAD,CAN,2021-10-06 06:00:00,CORE_HR
EVT00018212,2021-10-02,EMP03166,CC0040,EN,2,Performance Pay,11850.9,CAD,CAN,2021-10-02 22:00:00,CORE_HR
EVT00018520,2021-10-27,EMP04932,CC0047,PA,4,Leave Return,,CAD,CAN,2021-10-28 11:00:00,CORE_HR
EVT00018186,2021-10-27,EMP04146,CC0060,PA,3,Promotion,83115.82,CAD,CAN,2021-10-28 07:00:00,CORE_HR
EVT00018131,2021-10-26,EMP03095,CC0046,IT,2,Leave Return,,GBP,GBR,2021-10-26 13:00:00,CORE_HR
EVT00018362,2021-10-19,EMP02024,CC0107,PA,4,Promotion,105791.89,CAD,CAN,2021-10-20 08:00:00,CORE_HR
EVT00019600,2021-10-23,EMP04135,CC0029,EC,3,Leave Start,,SGD,SG,2021-10-23 17:00:00,PAYROLL
EVT00019162,2021-10-03,EMP00909,CC0076,CR,2,Performance Pay,4561.79,CAD,CA,2021-10-04 05:00:00,PAYROLL
EVT00018617,2021-10-03,EMP00690,CC0009,IT,2,Step Increment,87939.8,SGD,SGP,2021-10-03 12:00:00,CORE_HR
EVT00019188,2021-10-26,EMP01903,CC0003,FI,2,Leave Return,,CAD,CA,2021-10-26 06:00:00,PAYROLL
EVT00019663,2021-10-21,EMP00225,CC0118,EN,2,Lateral Deployment,,CAD,CA,2021-10-21 21:00:00,PAYROLL
EVT00017852,2021-10-15,EMP02449,CC0023,FI,2,Performance Pay,10266.28,CAD,CAN,2021-10-16 03:00:00,CORE_HR
EVT00019783,2021-10-20,EMP00451,CC0047,FI,2,Step Increment,78676.47,CAD,CAN,2021-10-22 21:00:00,CORE_HR
EVT00019042,2021-10-21,EMP04904,CC0107,EC,2,Leave Start,,CAD,CA,2021-10-21 07:00:00,PAYROLL
EVT00018934,2021-10-09,EMP00840,CC0099,CR,2,Performance Pay,3217.6,CAD,CAN,2021-10-10 05:00:00,CORE_HR
EVT00018535,2021-10-11,EMP02594,CC0050,FI,1,Step Increment,73329.22,CAD,CAN,2021-10-11 10:00:00,CORE_HR
EVT00018304,2021-10-24,EMP00305,CC0056,EX,1,Promotion,118841.46,CAD,CAN,2021-10-24 18:00:00,CORE_HR
EVT00017858,2021-10-04,EMP01574,CC0020,PA,3,Leave Start,,CAD,CAN,2021-10-04 12:00:00,CORE_HR
EVT00018394,2021-10-13,EMP03445,CC0046,PA,2,Lateral Deployment,,EUR,DE,2021-10-13 06:00:00,PAYROLL
EVT00018687,2021-10-26,EMP02619,CC0011,EN,1,Step Increment,86794.25,CAD,CAN,2021-10-27 04:00:00,CORE_HR
EVT00018422,2021-10-23,EMP00871,CC0037,EC,5,Leave Return,,CAD,CAN,2021-10-23 18:00:00,CORE_HR
EVT00017948,2021-10-16,EMP02906,CC0057,EX,3,Step Increment,165020.83,CAD,CAN,2021-10-16 09:00:00,CORE_HR
EVT00017809,2021-10-18,EMP00846,CC0112,IT,3,Performance Pay,7466.8,CAD,CA,2021-10-19 02:00:00,PAYROLL
EVT00019065,2021-10-26,EMP04649,CC0006,FI,3,Departure,,CAD,CAN,2021-10-26 14:00:00,CORE_HR
EVT00019513,2021-10-20,EMP02814,CC0017,CR,1,Performance Pay,2887.52,CAD,CAN,2021-10-21 04:00:00,CORE_HR
EVT00017996,2021-10-05,EMP03129,CC0071,AS,4,Hire,68954.9,CAD,CAN,2021-10-05 17:00:00,CORE_HR
EVT00018901,2021-10-08,EMP03128,CC0045,EX,1,Departure,,CAD,CAN,2021-10-08 20:00:00,CORE_HR
EVT00018113,2021-10-02,EMP02172,CC0102,IT,1,Departure,,CAD,CAN,2021-10-03 15:00:00,CORE_HR
EVT00019185,2021-10-16,EMP00914,CC0081,PA,3,Promotion,72720.29,CAD,CAN,2021-10-16 09:00:00,CORE_HR
EVT00019542,2021-10-22,EMP02986,CC0085,EX,2,Leave Return,,CAD,CAN,2021-10-23 00:00:00,CORE_HR
EVT00019523,2021-10-07,EMP01073,CC0019,PA,2,Promotion,71377.27,CAD,CAN,2021-10-08 12:00:00,CORE_HR
EVT00019179,2021-10-08,EMP03450,CC0094,AS,3,Leave Start,,CAD,CAN,2021-10-09 08:00:00,CORE_HR
EVT00018321,2021-10-11,EMP00798,CC0033,EN,2,Step Increment,77664.59,CAD,CA,2021-10-11 12:00:00,PAYROLL
EVT00019153,2021-10-12,EMP03357,CC0013,IT,3,Promotion,106045.33,CAD,CAN,2021-10-13 07:00:00,CORE_HR
EVT00018635,2021-10-08,EMP00856,CC0115,PA,1,Leave Return,,CAD,CA,2021-10-08 11:00:00,PAYROLL
EVT00017793,2021-10-16,EMP02472,CC0023,EC,4,Leave Return,,CAD,CAN,2021-10-17 13:00:00,CORE_HR
EVT00017832,2021-10-05,EMP03827,CC0019,AS,2,Leave Return,,CAD,CA,2021-10-06 03:00:00,PAYROLL
EVT00017967,2021-10-14,EMP03521,CC0024,EN,1,Lateral Deployment,,CAD,CAN,2021-10-15 20:00:00,CORE_HR
EVT00019083,2021-10-17,EMP01350,CC0041,EN,4,Leave Start,,CAD,CAN,2021-10-17 08:00:00,CORE_HR
EVT00018081,2021-10-10,EMP00792,CC0063,CR,5,Leave Return,,CAD,CAN,2021-10-10 11:00:00,CORE_HR
EVT00018829,2021-10-24,EMP01456,CC0044,CR,1,Step Increment,52894.86,CAD,CAN,2021-10-24 20:00:00,CORE_HR
EVT00017762,2021-10-03,EMP04487,CC0020,EN,2,Step Increment,89409.3,CAD,CAN,2021-10-04 13:00:00,CORE_HR
EVT00019561,2021-10-08,EMP00408,CC0025,PA,4,Leave Start,,CAD,CA,2021-10-09 09:00:00,PAYROLL
EVT00017997,2021-10-22,EMP00857,CC0111,IT,1,Performance Pay,415306.3,KES,KE,2021-10-23 15:00:00,PAYROLL
EVT00017744,2021-10-26,EMP00843,CC0090,AS,3,Step Increment,70231.69,CAD,CAN,2021-10-27 12:00:00,CORE_HR
EVT00019566,2021-10-01,EMP01789,CC0107,EN,2,Leave Start,,CAD,CAN,2021-10-01 21:00:00,CORE_HR
EVT00018736,2021-10-11,EMP00831,CC0078,PA,1,Promotion,59034.2,CAD,CA,2021-10-11 22:00:00,PAYROLL
EVT00019238,2021-10-03,EMP04017,CC0002,IT,2,Step Increment,84743.82,CAD,CAN,2021-10-04 15:00:00,CORE_HR
EVT00017985,2021-10-09,EMP01755,CC0047,PA,4,Step Increment,80960.83,CAD,CA,2021-10-09 06:00:00,PAYROLL
EVT00018924,2021-10-24,EMP04166,CC0042,FI,2,Hire,74202.09,CAD,CAN,2021-10-25 12:00:00,CORE_HR
EVT00018565,2021-10-19,EMP02347,CC0020,AS,2,Promotion,61232.11,CAD,CAN,2021-10-20 05:00:00,CORE_HR
EVT00019017,2021-10-11,EMP00021,CC0052,AS,1,Step Increment,57982.43,CAD,CAN,2021-10-11 12:00:00,CORE_HR
EVT00018730,2021-10-22,EMP02692,CC0033,PA,4,Step Increment,90534.45,CAD,CAN,2021-10-22 15:00:00,CORE_HR
EVT00018930,2021-10-04,EMP00371,CC0093,AS,5,Performance Pay,11541.06,CAD,CA,2021-10-04 21:00:00,PAYROLL
EVT00019008,2021-10-26,EMP04787,CC0111,EC,1,Departure,,SGD,SGP,2021-10-26 22:00:00,CORE_HR
EVT00019479,2021-10-05,EMP00310,CC0088,EN,1,Departure,,EUR,FRA,2021-10-05 10:00:00,CORE_HR
EVT00018077,2021-10-06,EMP00923,CC0118,EX,1,Hire,117905.99,CAD,CAN,2021-10-06 07:00:00,CORE_HR
EVT00018932,2021-10-06,EMP03468,CC0054,IT,2,Step Increment,9463607.28,JPY,JPN,2021-10-07 07:00:00,CORE_HR
EVT00018214,2021-10-04,EMP01537,CC0100,EN,1,Leave Start,,CAD,CAN,2021-10-05 09:00:00,CORE_HR
EVT00017962,2021-10-15,EMP01514,CC0012,IT,5,Leave Start,,CAD,CAN,2021-10-15 23:00:00,CORE_HR
EVT00018063,2021-10-24,EMP00592,CC0051,CR,3,Step Increment,59832.75,CAD,CAN,2021-10-24 14:00:00,CORE_HR
EVT00018807,2021-10-18,EMP04915,CC0100,EN,2,Promotion,89085.73,CAD,CAN,2021-10-18 13:00:00,CORE_HR
EVT00017802,2021-10-19,EMP01985,CC0032,PA,2,Lateral Deployment,,CAD,CA,2021-10-20 15:00:00,PAYROLL
EVT00019754,2021-10-11,EMP03124,CC0055,EN,3,Leave Return,,CAD,CA,2021-10-11 14:00:00,PAYROLL
EVT00018307,2021-10-23,EMP00451,CC0047,FI,2,Step Increment,76329.77,CAD,CAN,2021-10-23 06:00:00,CORE_HR
EVT00018324,2021-10-24,EMP02316,CC0114,IT,2,Hire,92065.49,CAD,CAN,2021-10-25 14:00:00,CORE_HR
EVT00018759,2021-10-15,EMP04474,CC0039,EN,2,Step Increment,88473.57,CAD,CAN,2021-10-16 13:00:00,CORE_HR
EVT00018602,2021-10-17,EMP04569,CC0006,CR,3,Leave Return,,CAD,CA,2021-10-18 01:00:00,PAYROLL
EVT00019445,2021-10-23,EMP03246,CC0037,IT,3,Step Increment,110332.57,CAD,CAN,2021-10-24 04:00:00,CORE_HR
EVT00018323,2021-10-03,EMP03343,CC0075,CR,1,Performance Pay,6218.63,CAD,CA,2021-10-04 06:00:00,PAYROLL
EVT00017791,2021-10-22,EMP02700,CC0085,EC,1,Leave Start,,CAD,CAN,2021-10-23 13:00:00,CORE_HR
EVT00018916,2021-10-08,EMP02461,CC0087,CR,2,Step Increment,53026.25,CAD,CAN,2021-10-08 22:00:00,CORE_HR
EVT00018240,2021-10-01,EMP04899,CC0086,PA,2,Leave Start,,EUR,FRA,2021-10-02 14:00:00,CORE_HR
EVT00017844,2021-10-06,EMP02906,CC0057,EX,3,Leave Start,,CAD,CA,2021-10-07 05:00:00,PAYROLL
EVT00019375,2021-10-07,EMP02339,CC0001,IT,1,Step Increment,70766.36,CAD,CAN,2021-10-07 16:00:00,CORE_HR
EVT00018518,2021-10-23,EMP04449,CC0026,PA,2,Step Increment,73804.09,CAD,CAN,2021-10-23 11:00:00,CORE_HR
EVT00019294,2021-10-04,EMP02402,CC0109,CR,5,Lateral Deployment,,CAD,CAN,2021-10-04 16:00:00,CORE_HR
EVT00018351,2021-10-15,EMP02331,CC0028,IT,1,Leave Start,,CAD,CA,2021-10-15 07:00:00,PAYROLL
EVT00017859,2021-10-20,EMP02423,CC0032,EX,1,Performance Pay,17553.24,CAD,CA,2021-10-21 01:00:00,PAYROLL
EVT00019304,2021-10-08,EMP00437,CC0013,EN,3,Step Increment,104614.16,CAD,CAN,2021-10-08 11:00:00,CORE_HR
EVT00018478,2021-10-05,EMP02939,CC0094,CR,5,Step Increment,71312.76,CAD,CA,2021-10-09 00:00:00,PAYROLL
EVT00017722,2021-10-26,EMP02584,CC0037,EX,2,Step Increment,153293.86,CAD,CAN,2021-10-27 08:00:00,CORE_HR
EVT00017896,2021-10-12,EMP01100,CC0090,PA,4,Departure,,CAD,CAN,2021-10-12 08:00:00,CORE_HR
EVT00018723,2021-10-03,EMP01535,CC0061,PA,2,Departure,,CAD,CA,2021-10-04 01:00:00,PAYROLL
EVT00017755,2021-10-19,EMP03711,CC0054,CR,1,Performance Pay,3678.54,AUD,AUS,2021-10-19 21:00:00,CORE_HR
EVT00019695,2021-10-04,EMP01942,CC0075,IT,2,Departure,,CAD,CAN,2021-10-05 05:00:00,CORE_HR
EVT00019279,2021-10-12,EMP00946,CC0073,IT,3,Step Increment,110282.67,CAD,CAN,2021-10-13 11:00:00,CORE_HR
EVT00018574,2021-10-05,EMP01756,CC0041,EC,3,Leave Start,,CAD,CA,2021-10-05 14:00:00,PAYROLL
EVT00019777,2021-10-14,EMP00739,CC0099,PA,3,Leave Return,,CAD,CAN,2021-10-14 20:00:00,CORE_HR
EVT00019664,2021-10-05,EMP01890,CC0019,AS,2,Lateral Deployment,,CAD,CA,2021-10-06 10:00:00,PAYROLL
EVT00019446,2021-10-22,EMP00940,CC0113,IT,1,Step Increment,74156.51,CAD,CAN,2021-10-22 21:00:00,CORE_HR
EVT00017775,2021-10-01,EMP02539,CC0074,EC,1,Leave Return,,EUR,FRA,2021-10-02 15:00:00,CORE_HR
EVT00019750,2021-10-22,EMP00146,CC0004,CR,5,Leave Start,,CAD,CAN,2021-10-23 07:00:00,CORE_HR
EVT00018459,2021-10-23,EMP00348,CC0113,AS,2,Performance Pay,4159.05,CAD,CA,2021-10-24 10:00:00,PAYROLL
EVT00018211,2021-10-15,EMP02462,CC0063,AS,2,Leave Return,,CAD,CA,2021-10-16 01:00:00,PAYROLL
EVT00019737,2021-10-27,EMP04247,CC0063,IT,3,Departure,,CAD,CA,2021-10-28 00:00:00,PAYROLL
EVT00019371,2021-10-03,EMP01904,CC0016,EX,1,Step Increment,137392.47,CAD,CAN,2021-10-04 02:00:00,CORE_HR
EVT00018870,2021-10-13,EMP02268,CC0002,FI,2,Step Increment,79552.09,CAD,CA,2021-10-13 19:00:00,PAYROLL
EVT00019200,2021-10-21,EMP04377,CC0119,EX,2,Step Increment,157865.1,CAD,CA,2021-10-22 06:00:00,PAYROLL
EVT00018073,2021-10-24,EMP02903,CC0023,PA,3,Leave Start,,CAD,CA,2021-10-24 20:00:00,PAYROLL
EVT00019528,2021-10-17,EMP03553,CC0004,EN,1,Lateral Deployment,,CAD,CAN,2021-10-17 23:00:00,CORE_HR
EVT00018956,2021-10-05,EMP02293,CC0109,PA,1,Performance Pay,7351.38,CAD,CAN,2021-10-06 07:00:00,CORE_HR
EVT00018764,2021-10-24,EMP01110,CC0091,AS,3,Step Increment,74471.71,CAD,CAN,2021-10-24 10:00:00,CORE_HR
EVT00019829,2021-10-23,EMP01972,CC0084,PA,2,Leave Return,,CAD,CAN,2021-10-23 17:00:00,CORE_HR
EVT00019625,2021-10-21,EMP03124,CC0055,EN,3,Lateral Deployment,,CAD,CAN,2021-10-22 06:00:00,CORE_HR
EVT00019090,2021-10-07,EMP04461,CC0003,FI,2,Promotion,87957.54,CAD,CA,2021-10-08 04:00:00,PAYROLL
EVT00018210,2021-10-21,EMP02502,CC0038,AS,1,Performance Pay,5001.45,CAD,CAN,2021-10-22 09:00:00,CORE_HR
EVT00018159,2021-10-27,EMP00253,CC0013,PA,4,Step Increment,91465.47,CAD,CA,2021-10-28 14:00:00,PAYROLL
EVT00019533,2021-10-23,EMP04290,CC0008,CR,2,Step Increment,59924.34,CAD,CAN,2021-10-23 15:00:00,CORE_HR
EVT00018266,2021-10-26,EMP00557,CC0077,EN,4,Leave Start,,CAD,CAN,2021-10-27 08:00:00,CORE_HR
EVT00018865,2021-10-23,EMP00250,CC0019,CR,1,Promotion,49354.61,CAD,CAN,2021-10-24 12:00:00,CORE_HR
EVT00017992,2021-10-17,EMP04619,CC0113,PA,1,Leave Start,,CAD,CA,2021-10-18 08:00:00,PAYROLL
EVT00018068,2021-10-12,EMP01869,CC0107,AS,1,Leave Return,,CAD,CA,2021-10-12 22:00:00,PAYROLL
EVT00018205,2021-10-05,EMP01495,CC0055,IT,1,Leave Return,,CAD,CA,2021-10-05 08:00:00,PAYROLL
EVT00019468,2021-10-08,EMP02022,CC0071,PA,1,Step Increment,60820.34,CAD,CAN,2021-10-08 19:00:00,CORE_HR
EVT00018039,2021-10-17,EMP03408,CC0016,EC,1,Hire,78258.81,CAD,CAN,2021-10-18 14:00:00,CORE_HR
EVT00019527,2021-10-14,EMP02831,CC0090,AS,3,Leave Return,,CAD,CA,2021-10-14 18:00:00,PAYROLL
EVT00018002,2021-10-18,EMP04437,CC0071,EN,5,Leave Start,,CAD,CA,2021-10-18 12:00:00,PAYROLL
EVT00019299,2021-10-15,EMP01818,CC0041,IT,5,Performance Pay,11777.11,CAD,CAN,2021-10-15 22:00:00,CORE_HR
EVT00018997,2021-10-03,EMP00679,CC0029,FI,1,Step Increment,7468888.64,KES,KE,2021-10-04 02:00:00,PAYROLL
EVT00018388,2021-10-10,EMP02733,CC0051,EX,1,Hire,119649.41,CAD,CA,2021-10-11 03:00:00,PAYROLL
EVT00017712,2021-10-01,EMP00984,CC0072,EC,3,Promotion,89819.89,CAD,CAN,2021-10-02 06:00:00,CORE_HR
EVT00018055,2021-10-20,EMP01067,CC0035,EN,3,Leave Return,,CAD,CA,2021-10-20 06:00:00,PAYROLL
EVT00018243,2021-10-04,EMP01345,CC0021,IT,2,Hire,85112.63,CAD,CAN,2021-10-05 21:00:00,CORE_HR
EVT00017756,2021-10-17,EMP00839,CC0031,CR,3,Hire,44506.22,USD,USA,2021-10-18 04:00:00,CORE_HR
EVT00018189,2021-10-19,EMP04038,CC0119,EX,1,Step Increment,133366.17,CAD,CAN,2021-10-19 10:00:00,CORE_HR
EVT00018671,2021-10-02,EMP00951,CC0108,PA,3,Promotion,7931259.1,KES,KEN,2021-10-02 23:00:00,CORE_HR
EVT00017953,2021-10-14,EMP03309,CC0054,IT,2,Step Increment,59690.98,EUR,FRA,2021-10-15 02:00:00,CORE_HR
EVT00018172,2021-10-18,EMP03764,CC0104,EN,1,Leave Return,,CAD,CAN,2021-10-18 15:00:00,CORE_HR
EVT00019555,2021-10-07,EMP03653,CC0035,PA,1,Hire,60765.44,CAD,CAN,2021-10-08 01:00:00,CORE_HR
EVT00019418,2021-10-07,EMP00358,CC0086,AS,2,Step Increment,7057651.75,KES,KEN,2021-10-07 11:00:00,CORE_HR
EVT00018247,2021-10-07,EMP99999,CC0054,IT,2,Leave Return,,USD,USA,2021-10-07 10:00:00,CORE_HR
EVT00018310,2021-10-12,EMP03123,CC0048,AS,5,Departure,,CAD,CA,2021-10-13 06:00:00,PAYROLL
EVT00019247,2021-10-04,EMP02828,CC0017,EN,2,Performance Pay,7085.42,CAD,CA,2021-10-05 03:00:00,PAYROLL
EVT00018831,2021-10-04,EMP02032,CC0089,EC,3,Step Increment,117471.76,CAD,CAN,2021-10-05 06:00:00,CORE_HR
EVT00019242,2021-10-09,EMP00191,CC0095,AS,2,Hire,58256.36,CAD,CAN,2021-10-10 04:00:00,CORE_HR
EVT00018385,2021-10-05,EMP00202,CC0029,EN,3,Performance Pay,10794.08,USD,USA,2021-10-06 15:00:00,CORE_HR
EVT00018355,2021-10-24,EMP04304,CC0082,EC,3,Leave Start,,CAD,CAN,2021-10-25 08:00:00,CORE_HR
EVT00018477,2021-10-10,EMP03374,CC0047,CR,5,Step Increment,92846.56,CAD,CAN,2021-10-10 22:00:00,CORE_HR
EVT00018949,2021-10-06,EMP02440,CC0118,CR,2,Hire,48433.66,CAD,CAN,2021-10-07 04:00:00,CORE_HR
EVT00018566,2021-10-10,EMP04731,CC0110,EX,1,Step Increment,130857.59,CAD,CAN,2021-10-10 09:00:00,CORE_HR
EVT00018955,2021-10-01,EMP02361,CC0066,FI,3,Promotion,84201.87,CAD,CAN,2021-10-01 16:00:00,CORE_HR
EVT00018984,2021-10-26,EMP04436,CC0080,EX,1,Lateral Deployment,,SGD,SGP,2021-10-26 19:00:00,CORE_HR
EVT00018624,2021-10-05,EMP01954,CC0061,PA,4,Leave Return,,CAD,CAN,2021-10-06 06:00:00,CORE_HR
EVT00018470,2021-10-24,EMP02431,CC0040,PA,1,Performance Pay,6735.06,CAD,CAN,2021-10-24 14:00:00,CORE_HR
EVT00018135,2021-10-24,EMP01553,CC0047,PA,3,Leave Start,,CAD,CAN,2021-10-24 21:00:00,CORE_HR
EVT00018248,2021-10-13,EMP04449,CC0026,PA,2,Leave Start,,CAD,CAN,2021-10-16 16:00:00,CORE_HR
EVT00017727,2021-10-12,EMP00838,CC0004,IT,3,Leave Start,,CAD,CAN,2021-10-12 13:00:00,CORE_HR
EVT00018668,2021-10-14,EMP02825,CC0089,AS,1,Step Increment,58534.56,CAD,CAN,2021-10-14 17:00:00,CORE_HR
EVT00017711,2021-10-01,EMP04133,CC0003,PA,1,Step Increment,58960.8,CAD,CAN,2021-10-01 21:00:00,CORE_HR
EVT00019657,2021-10-15,EMP04075,CC0101,PA,3,Performance Pay,8891.82,CAD,CA,2021-10-16 07:00:00,PAYROLL
EVT00018264,2021-10-14,EMP04045,CC0014,AS,2,Step Increment,65021.59,CAD,CA,2021-10-15 02:00:00,PAYROLL
EVT00018095,2021-10-11,EMP01580,CC0041,EC,1,Leave Start,,CAD,CAN,2021-10-11 17:00:00,CORE_HR
EVT00018899,1900-01-01,EMP04585,CC0061,PA,1,Leave Start,,CAD,CAN,2021-10-25 08:00:00,CORE_HR
EVT00018116,2021-10-07,EMP00161,CC0047,PA,1,Performance Pay,8181.7,CAD,CA,2021-10-07 16:00:00,PAYROLL
EVT00019816,2021-10-11,EMP02521,CC0045,IT,1,Performance Pay,8238.81,CAD,CA,2021-10-12 01:00:00,PAYROLL
EVT00018176,2021-10-04,EMP01460,CC0080,FI,2,Hire,85172.21,AUD,AU,2021-10-05 00:00:00,PAYROLL
EVT00018522,2021-10-20,EMP01394,CC0014,EN,1,Step Increment,79174.21,CAD,CA,2021-10-20 15:00:00,PAYROLL
EVT00018653,2021-10-25,EMP02636,CC0113,FI,3,Leave Start,,CAD,CA,2021-10-25 16:00:00,PAYROLL
EVT00019117,2021-10-12,EMP00746,CC0049,EC,1,Lateral Deployment,,BRL,BRA,2021-10-13 08:00:00,CORE_HR
EVT00018537,2021-10-25,EMP02470,CC0066,PA,1,Step Increment,59443.91,CAD,CAN,2021-10-25 18:00:00,CORE_HR
EVT00019416,2021-10-06,EMP00395,CC0082,CR,1,Leave Start,,CAD,CAN,2021-10-07 01:00:00,CORE_HR
EVT00018424,2021-10-11,EMP03078,CC0010,EC,1,Step Increment,67460.27,CAD,CA,2021-10-12 06:00:00,PAYROLL
EVT00018847,2021-10-23,EMP02777,CC0006,FI,4,Step Increment,113127.12,CAD,CAN,2021-10-24 00:00:00,CORE_HR
EVT00019257,2021-10-16,EMP03149,CC0113,PA,1,Step Increment,62610.29,CAD,CA,2021-10-17 07:00:00,PAYROLL
EVT00019190,2021-10-02,EMP00110,CC0043,EC,4,Step Increment,126648.21,CAD,CA,2021-10-02 08:00:00,PAYROLL
EVT00019358,2021-10-04,EMP01874,CC0079,PA,4,Leave Start,,CAD,CAN,2021-10-05 13:00:00,CORE_HR
EVT00019218,2021-10-21,EMP02675,CC0102,CR,3,Promotion,66053.03,CAD,CA,2021-10-21 23:00:00,PAYROLL
EVT00019068,2021-10-03,EMP01576,CC0101,FI,2,Step Increment,85630.91,CAD,CAN,2021-10-03 08:00:00,CORE_HR
EVT00019619,2021-10-18,EMP00977,CC0104,EN,2,Lateral Deployment,,CAD,CA,2021-10-18 18:00:00,PAYROLL
EVT00019121,2021-10-15,EMP00277,CC0089,PA,3,Leave Start,,CAD,CAN,2021-10-16 00:00:00,CORE_HR
EVT00019223,2021-10-19,EMP01310,CC0072,IT,3,Step Increment,107358.51,CAD,CAN,2021-10-20 05:00:00,CORE_HR
EVT00018185,2021-10-18,EMP00793,CC0026,CR,2,Step Increment,59752.41,CAD,CAN,2021-10-18 20:00:00,CORE_HR
EVT00019232,2021-10-11,EMP02149,CC0016,EC,1,Promotion,73059.35,CAD,CAN,2021-10-12 12:00:00,CORE_HR
EVT00018127,2021-10-21,EMP00278,CC0061,AS,5,Performance Pay,5328.14,CAD,CAN,2021-10-21 17:00:00,CORE_HR
EVT00019603,2021-10-07,EMP01481,CC0040,FI,2,Step Increment,85623.82,CAD,CAN,2021-10-07 18:00:00,CORE_HR
EVT00019128,2021-10-19,EMP02490,CC0019,IT,1,Lateral Deployment,,CAD,CAN,2021-10-20 10:00:00,CORE_HR
EVT00018094,2021-10-26,EMP00021,CC0052,AS,1,Performance Pay,7597.76,CAD,CAN,2021-10-27 05:00:00,CORE_HR
EVT00018771,2021-10-05,EMP03743,CC0078,EC,1,Performance Pay,8722.46,CAD,CAN,2021-10-06 08:00:00,CORE_HR
EVT00018615,2021-10-17,EMP01160,CC0072,CR,4,Step Increment,67860.96,CAD,CAN,2021-10-17 22:00:00,CORE_HR
EVT00019807,2021-10-01,EMP04184,CC0005,FI,1,Leave Start,,CAD,CAN,2021-10-01 09:00:00,CORE_HR
EVT00018836,2021-10-11,EMP04721,CC0025,FI,5,Step Increment,115916.5,CAD,CAN,2021-10-11 17:00:00,CORE_HR
EVT00018048,2021-10-12,EMP01085,CC0035,FI,3,Leave Return,,CAD,CA,2021-10-12 13:00:00,PAYROLL
EVT00019583,2021-10-07,EMP02341,CC0117,FI,3,Step Increment,83958.48,CAD,CAN,2021-10-07 17:00:00,CORE_HR
EVT00019633,2021-10-26,EMP01994,CC0099,EN,5,Step Increment,133660.33,CAD,CAN,2021-10-26 21:00:00,CORE_HR
EVT00019320,2021-10-11,EMP02764,CC0087,EX,1,Leave Start,,CAD,CA,2021-10-12 04:00:00,PAYROLL
EVT00018568,2021-10-18,EMP03363,CC0005,IT,3,Step Increment,101112.52,CAD,CAN,2021-10-19 11:00:00,CORE_HR
EVT00018595,2021-10-18,EMP00691,CC0101,PA,2,Step Increment,55491.92,CAD,CAN,2021-10-19 01:00:00,CORE_HR
EVT00018291,2021-10-26,EMP01679,CC0111,PA,1,Hire,152369.72,AED,ARE,2021-10-27 11:00:00,CORE_HR
EVT00019355,2021-10-17,EMP03739,CC0032,EN,3,Step Increment,116276.51,CAD,CAN,2021-10-18 12:00:00,CORE_HR
EVT00019823,2021-10-11,EMP01675,CC0092,PA,2,Performance Pay,9427.06,CAD,CAN,2021-10-12 01:00:00,CORE_HR
EVT00018464,2021-10-22,EMP01067,CC0035,EN,3,Leave Return,,CAD,CA,2021-10-22 12:00:00,PAYROLL
EVT00019489,2021-10-08,EMP04488,CC0031,CR,3,Step Increment,67400.05,AUD,AUS,2021-10-09 06:00:00,CORE_HR
EVT00019665,2021-10-10,EMP03821,CC0057,IT,2,Promotion,96302.4,CAD,CA,2021-10-11 05:00:00,PAYROLL
EVT00017796,2021-10-13,EMP03228,CC0061,IT,1,Hire,100139.34,CAD,CA,2021-10-14 00:00:00,PAYROLL
EVT00018015,2021-10-13,EMP04764,CC0022,EC,1,Performance Pay,5998.53,CAD,CA,2021-10-13 10:00:00,PAYROLL
EVT00018432,2021-10-21,EMP03881,CC0100,IT,2,Lateral Deployment,,CAD,CAN,2021-10-21 19:00:00,CORE_HR
EVT00018402,2021-10-06,EMP01128,CC0006,EC,3,Leave Start,,CAD,CA,2021-10-06 20:00:00,PAYROLL
EVT00018766,2021-10-05,EMP00454,CC0037,EN,2,Step Increment,79061.15,CAD,CA,2021-10-05 22:00:00,PAYROLL
EVT00017913,2021-10-16,EMP02027,CC0036,IT,4,Step Increment,114026.15,CAD,CA,2021-10-17 08:00:00,PAYROLL
EVT00018682,2021-10-20,EMP03257,CC0109,EC,1,Promotion,64874.01,CAD,CA,2021-10-20 23:00:00,PAYROLL
EVT00019453,2021-10-17,EMP02942,CC0047,PA,3,Departure,,CAD,CA,2021-10-18 15:00:00,PAYROLL
EVT00018487,2021-10-06,EMP03964,CC0114,AS,2,Performance Pay,3511.34,CAD,CAN,2021-10-07 13:00:00,CORE_HR
EVT00018647,2021-10-23,EMP02420,CC0081,PA,3,Step Increment,91175.17,CAD,CAN,2021-10-24 11:00:00,CORE_HR
EVT00017717,2021-10-02,EMP02881,CC0058,PA,1,Step Increment,63503.59,CAD,CAN,2021-10-02 12:00:00,CORE_HR
EVT00018309,2021-10-03,EMP02501,CC0002,EN,2,Leave Start,,CAD,CAN,2021-10-04 00:00:00,CORE_HR
EVT00019710,2021-10-23,EMP03407,CC0023,AS,3,Performance Pay,4111.07,CAD,CA,2021-10-24 00:00:00,PAYROLL
EVT00019751,2021-10-18,EMP00047,CC0052,AS,4,Step Increment,69661.45,CAD,CA,2021-10-18 20:00:00,PAYROLL
EVT00018755,2021-10-08,EMP01760,CC0028,PA,4,Hire,95667.79,CAD,CAN,2021-10-08 11:00:00,CORE_HR
EVT00018972,2021-10-11,EMP02395,CC0070,AS,2,Step Increment,74280.45,CAD,CA,2021-10-12 15:00:00,PAYROLL
EVT00018545,2021-10-21,EMP04630,CC0119,AS,3,Leave Return,,CAD,CAN,2021-10-21 16:00:00,CORE_HR
EVT00019830,2021-10-11,EMP03816,CC0086,PA,1,Lateral Deployment,,USD,US,2021-10-11 11:00:00,PAYROLL
EVT00018290,2021-10-02,EMP00380,CC0058,CR,1,Leave Return,,CAD,CA,2021-10-03 15:00:00,PAYROLL
EVT00019170,2021-10-14,EMP01865,CC0061,EX,3,Performance Pay,18340.89,CAD,CA,2021-10-15 04:00:00,PAYROLL
EVT00018299,2021-10-22,EMP01501,CC0001,IT,4,Step Increment,125677.89,CAD,CA,2021-10-23 02:00:00,PAYROLL
EVT00018278,2021-10-16,EMP01246,CC0113,EC,2,Performance Pay,10665.54,CAD,CAN,2021-10-17 02:00:00,CORE_HR
EVT00018763,2021-10-15,EMP03812,CC0113,EX,1,Departure,,CAD,CA,2021-10-16 12:00:00,PAYROLL
EVT00019836,2021-10-10,EMP01257,CC0041,AS,2,Step Increment,65121.28,CAD,CAN,2021-10-10 22:00:00,CORE_HR
EVT00019177,2021-10-06,EMP02547,CC0107,PA,5,Leave Start,,CAD,CAN,2021-10-07 01:00:00,CORE_HR
EVT00019824,2021-10-04,EMP00385,CC0095,PA,2,Leave Start,,CAD,CA,2021-10-05 12:00:00,PAYROLL
EVT00018709,2021-10-02,EMP03655,CC0105,FI,1,Hire,7108093.18,JPY,JPN,2021-10-02 13:00:00,CORE_HR
EVT00018659,2021-10-21,EMP02254,CC0031,AS,3,Step Increment,197574.03,AED,ARE,2021-10-21 22:00:00,CORE_HR
EVT00019525,2021-10-15,EMP02947,CC0010,IT,1,Leave Start,,XXX,CA,2021-10-15 07:00:00,PAYROLL
EVT00019120,2021-10-15,EMP04104,CC0029,PA,2,Step Increment,196686.49,AED,ARE,2021-10-16 09:00:00,CORE_HR
EVT00018349,2021-10-26,EMP01246,CC0113,EC,2,Promotion,64727.12,CAD,CA,2021-10-27 05:00:00,PAYROLL
EVT00018844,2021-10-04,EMP02900,CC0114,PA,2,Step Increment,69849.63,CAD,CA,2021-10-04 17:00:00,PAYROLL
EVT00019658,2021-10-14,EMP03741,CC0083,PA,3,Departure,,CAD,CAN,2021-10-14 07:00:00,CORE_HR
EVT00018341,2021-10-22,EMP02074,CC0014,FI,1,Leave Start,,CAD,CAN,2021-10-25 13:00:00,CORE_HR
EVT00019305,2021-10-16,EMP04444,CC0071,FI,2,Step Increment,77522.89,CAD,CA,2021-10-17 07:00:00,PAYROLL
EVT00019311,2021-10-20,EMP02743,CC0097,EX,2,Step Increment,153734.3,CAD,CAN,2021-10-21 03:00:00,CORE_HR
EVT00018461,2021-10-18,EMP03754,CC0080,FI,4,Lateral Deployment,,GBP,GBR,2021-10-18 09:00:00,CORE_HR
EVT00019056,2021-10-18,EMP01400,CC0067,PA,2,Leave Start,,CAD,CAN,2021-10-19 09:00:00,CORE_HR
EVT00019344,2021-10-20,EMP04927,CC0058,AS,4,Step Increment,76443.38,CAD,CAN,2021-10-20 20:00:00,CORE_HR
EVT00018167,2021-10-07,EMP03601,CC0026,CR,3,Performance Pay,4040.97,CAD,CAN,2021-10-07 18:00:00,CORE_HR
EVT00018475,2021-10-15,EMP04046,CC0046,PA,5,Leave Return,,EUR,FRA,2021-10-15 21:00:00,CORE_HR
EVT00019628,2021-10-25,EMP00040,CC0053,IT,5,Leave Start,,CAD,CAN,2021-10-25 21:00:00,CORE_HR
EVT00019460,2021-10-10,EMP01069,CC0116,EC,3,Leave Start,,CAD,CAN,2021-10-10 22:00:00,CORE_HR
EVT00019406,2021-10-24,EMP02243,CC0017,EX,1,Step Increment,136724.52,CAD,CA,2021-10-25 06:00:00,PAYROLL
EVT00018947,2021-10-04,EMP00673,CC0104,FI,4,Step Increment,106776.46,CAD,CA,2021-10-05 09:00:00,PAYROLL
EVT00019219,2021-10-05,EMP02567,CC0043,EX,2,Step Increment,149182.46,CAD,CAN,2021-10-05 23:00:00,CORE_HR
EVT00019085,2021-10-22,EMP00265,CC0085,EC,3,Lateral Deployment,,CAD,CAN,2021-10-22 15:00:00,CORE_HR
EVT00018496,2021-10-19,EMP00419,CC0057,FI,1,Step Increment,67311.14,CAD,CAN,2021-10-19 14:00:00,CORE_HR
EVT00018406,2021-10-17,EMP02319,CC0048,PA,3,Departure,,CAD,CA,2021-10-17 13:00:00,PAYROLL
EVT00019244,2021-10-07,EMP02044,CC0014,EC,2,Lateral Deployment,,CAD,CA,2021-10-08 01:00:00,PAYROLL
EVT00017811,2021-10-01,EMP02081,CC0009,EC,3,Hire,385734.65,BRL,BRA,2021-10-01 15:00:00,CORE_HR
EVT00019246,2021-10-19,EMP03142,CC0056,EX,1,Leave Return,,CAD,CAN,2021-10-20 01:00:00,CORE_HR
EVT00019049,2021-10-22,EMP04366,CC0063,EC,1,Step Increment,74968.02,CAD,CA,2021-10-23 05:00:00,PAYROLL
EVT00018483,2021-10-12,EMP01284,CC0021,IT,3,Leave Return,,CAD,CAN,2021-10-12 06:00:00,CORE_HR
EVT00019486,2021-10-05,EMP03551,CC0089,AS,2,Lateral Deployment,,CAD,CA,2021-10-06 13:00:00,PAYROLL
EVT00018773,2021-10-25,EMP04802,CC0076,IT,4,Step Increment,122110.26,CAD,CA,2021-10-26 09:00:00,PAYROLL
EVT00018640,2021-10-11,EMP00558,CC0008,PA,1,Promotion,57634.5,CAD,CA,2021-10-11 09:00:00,PAYROLL
EVT00017934,2021-10-04,EMP04755,CC0117,EC,2,Leave Start,,CAD,CAN,2021-10-04 09:00:00,CORE_HR
EVT00018643,2021-10-27,EMP04832,CC0065,CR,1,Step Increment,192805.37,BRL,BR,2021-10-28 06:00:00,PAYROLL
EVT00019629,2021-10-24,EMP01886,CC0047,CR,1,Departure,,CAD,CAN,2021-10-25 15:00:00,CORE_HR
EVT00018623,2021-10-17,EMP02813,CC0005,CR,3,Leave Return,,CAD,CAN,2021-10-17 19:00:00,CORE_HR
EVT00018938,2021-10-12,EMP01341,CC0086,EN,1,Step Increment,214354.55,AED,ARE,2021-10-12 10:00:00,CORE_HR
EVT00019192,2021-10-17,EMP04761,CC0086,PA,4,Lateral Deployment,,EUR,FRA,2021-10-18 15:00:00,CORE_HR
EVT00018803,2021-10-05,EMP03831,CC0111,FI,2,Lateral Deployment,,INR,IND,2021-10-06 12:00:00,CORE_HR
EVT00019482,2021-10-05,EMP04521,CC0086,EX,2,Leave Start,,AED,AE,2021-10-06 10:00:00,PAYROLL
EVT00018513,2021-10-23,EMP00081,CC0094,AS,2,Leave Start,,CAD,CA,2021-10-23 09:00:00,PAYROLL
EVT00017887,2021-10-17,EMP00640,CC0024,AS,2,Performance Pay,3918.39,CAD,CAN,2021-10-18 15:00:00,CORE_HR
EVT00019813,2021-10-09,EMP02947,CC0010,IT,1,Step Increment,81709.56,CAD,CA,2021-10-09 13:00:00,PAYROLL
EVT00017709,2021-10-19,EMP01807,CC0105,CR,3,Step Increment,67265.2,AUD,AUS,2021-10-20 00:00:00,CORE_HR
EVT00019478,2021-10-25,EMP04805,CC0098,EX,2,Performance Pay,12660.66,CAD,CA,2021-10-26 02:00:00,PAYROLL
EVT00019199,2021-10-27,EMP01829,CC0117,PA,5,Lateral Deployment,,CAD,CAN,2021-10-27 12:00:00,CORE_HR
EVT00018904,2021-10-23,EMP04102,CC0094,PA,3,Step Increment,77034.09,CAD,CAN,2021-10-24 01:00:00,CORE_HR
EVT00018607,2021-10-12,EMP00347,CC0073,AS,1,Step Increment,55004.18,CAD,CA,2021-10-12 15:00:00,PAYROLL
EVT00017735,2021-10-22,EMP00934,CC0025,CR,2,Leave Start,,CAD,CAN,2021-10-23 14:00:00,CORE_HR
EVT00019252,2021-10-24,EMP02505,CC0028,EX,1,Lateral Deployment,,CAD,CA,2021-10-25 03:00:00,PAYROLL
EVT00018856,2021-10-09,EMP01588,CC0041,EN,5,Step Increment,142098.83,CAD,CAN,2021-10-10 03:00:00,CORE_HR
EVT00019315,2021-10-06,EMP01770,CC0045,EN,3,Step Increment,107043.58,CAD,CAN,2021-10-07 02:00:00,CORE_HR
EVT00019381,2021-10-22,EMP02287,CC0050,PA,5,Hire,98222.05,CAD,CAN,2021-10-23 08:00:00,CORE_HR
EVT00019506,2021-10-26,EMP01766,CC0019,EN,3,Performance Pay,5133.26,CAD,CA,2021-10-27 11:00:00,PAYROLL
EVT00018886,2021-10-17,EMP04682,CC0040,EN,3,Departure,,CAD,CA,2021-10-17 17:00:00,PAYROLL
EVT00018124,2021-10-17,EMP02925,CC0021,PA,4,Step Increment,95233.38,CAD,CAN,2021-10-18 02:00:00,CORE_HR
EVT00019186,2021-10-23,EMP00956,CC0050,IT,1,Step Increment,72561.93,CAD,CA,2021-10-23 21:00:00,PAYROLL
EVT00018193,2021-10-19,EMP03367,CC0085,CR,2,Leave Start,,CAD,CA,2021-10-20 11:00:00,PAYROLL
EVT00018943,2021-10-08,EMP04127,CC0048,EX,1,Lateral Deployment,,CAD,CAN,2021-10-08 17:00:00,CORE_HR
EVT00019161,2021-10-11,EMP00109,CC0065,EN,5,Leave Start,,KES,KEN,2021-10-11 22:00:00,CORE_HR
EVT00018549,2021-10-10,EMP01362,CC0025,FI,1,Leave Start,,CAD,CAN,2021-10-13 03:00:00,CORE_HR
EVT00017971,2021-10-21,EMP01144,CC0107,IT,2,Leave Return,,CAD,CAN,2021-10-21 10:00:00,CORE_HR
EVT00017834,2021-10-02,EMP00187,CC0053,EN,2,Promotion,73360.93,CAD,CAN,2021-10-03 05:00:00,CORE_HR
EVT00019235,2021-10-14,EMP04833,CC0023,IT,3,Lateral Deployment,,CAD,CAN,2021-10-15 03:00:00,CORE_HR
EVT00018491,2021-10-22,EMP00913,CC0085,PA,3,Hire,82920.69,CAD,CAN,2021-10-23 06:00:00,CORE_HR
EVT00019680,2021-10-15,EMP02267,CC0021,PA,5,Performance Pay,13243.76,CAD,CA,2021-10-16 06:00:00,PAYROLL
EVT00019364,2021-10-06,EMP01511,CC0079,PA,2,Performance Pay,4750.95,CAD,CA,2021-10-07 11:00:00,PAYROLL
EVT00019142,2021-10-10,EMP01224,CC0023,AS,3,Promotion,87396.37,CAD,CAN,2021-10-11 01:00:00,CORE_HR
EVT00017729,2021-10-06,EMP04266,CC0057,FI,4,Lateral Deployment,,CAD,CA,2021-10-06 08:00:00,PAYROLL
EVT00019397,2021-10-16,EMP04464,CC0015,PA,4,Performance Pay,4565.03,CAD,CA,2021-10-17 15:00:00,PAYROLL
EVT00019028,2021-10-27,EMP03806,CC0016,IT,1,Hire,67415.14,CAD,CAN,2021-10-28 07:00:00,CORE_HR
EVT00019322,2021-10-17,EMP02285,CC0109,CR,3,Leave Start,,CAD,CAN,2021-10-17 18:00:00,CORE_HR
EVT00018421,2021-10-03,EMP01083,CC0106,EN,3,Step Increment,108718.84,CAD,CAN,2021-10-04 10:00:00,CORE_HR
EVT00018843,2021-10-19,EMP04221,CC0034,PA,1,Step Increment,60998.44,CAD,CAN,2021-10-19 17:00:00,CORE_HR
EVT00018436,2021-10-24,EMP00025,CC0084,IT,4,Step Increment,117948.26,CAD,CAN,2021-10-24 11:00:00,CORE_HR
EVT00018816,2021-10-14,EMP02565,CC0097,PA,5,Hire,105442.82,CAD,CA,2021-10-14 14:00:00,PAYROLL
EVT00019366,2021-10-27,EMP04056,CC0025,EC,3,Leave Return,,CAD,CA,2021-10-27 15:00:00,PAYROLL
EVT00018696,2021-10-10,EMP04124,CC0037,EX,2,Lateral Deployment,,CAD,CAN,2021-10-11 05:00:00,CORE_HR
EVT00019596,2021-10-18,EMP02046,CC0077,IT,5,Step Increment,130879.77,CAD,CAN,2021-10-18 20:00:00,CORE_HR
EVT00019686,2021-10-20,EMP00856,CC0115,PA,1,Departure,,CAD,CAN,2021-10-20 11:00:00,CORE_HR
EVT00018982,2021-10-09,EMP03526,CC0097,CR,1,Performance Pay,6463.79,CAD,CAN,2021-10-10 03:00:00,CORE_HR
EVT00018978,2021-10-25,EMP01975,CC0050,AS,4,Performance Pay,5249.4,CAD,CA,2021-10-26 01:00:00,PAYROLL
EVT00018787,2021-10-17,EMP04527,CC0107,PA,4,Leave Return,,CAD,CAN,2021-10-17 17:00:00,CORE_HR
EVT00019435,2021-10-26,EMP05000,CC0031,IT,5,Leave Start,,GBP,GBR,2021-10-26 13:00:00,CORE_HR
EVT00018054,2021-10-21,EMP00849,CC0051,CR,1,Step Increment,53716.46,CAD,CAN,2021-10-22 01:00:00,CORE_HR
EVT00018490,2021-10-06,EMP02265,CC0114,AS,2,Step Increment,63573.53,CAD,CA,2021-10-07 04:00:00,PAYROLL
EVT00018034,2021-10-17,EMP04500,CC0003,EN,5,Step Increment,123205.86,CAD,CA,2021-10-18 12:00:00,PAYROLL
EVT00018882,2021-10-14,EMP04060,CC0045,PA,2,Performance Pay,9605.07,CAD,CAN,2021-10-14 10:00:00,CORE_HR
EVT00018580,2021-10-13,EMP02642,CC0028,FI,1,Leave Return,,CAD,CAN,2021-10-13 12:00:00,CORE_HR
EVT00019788,2021-10-06,EMP02928,CC0056,AS,4,Leave Return,,CAD,CAN,2021-10-06 11:00:00,CORE_HR
EVT00018298,2021-10-24,EMP00141,CC0086,IT,1,Leave Start,,EUR,FRA,2021-10-25 14:00:00,CORE_HR
EVT00019149,2021-10-26,EMP03280,CC0071,FI,4,Hire,103765.89,CAD,CA,2021-10-27 10:00:00,PAYROLL
EVT00018199,2021-10-05,EMP04635,CC0099,CR,3,Leave Start,,CAD,CA,2021-10-05 12:00:00,PAYROLL
EVT00019392,2021-10-13,EMP03857,CC0095,EC,2,Leave Return,,CAD,CA,2021-10-14 02:00:00,PAYROLL
EVT00018444,2021-10-07,EMP01074,CC0049,CR,5,Leave Return,,GBP,GBR,2021-10-07 12:00:00,CORE_HR
EVT00019810,2021-10-27,EMP00982,CC0026,AS,3,Step Increment,64101.66,CAD,CA,2021-10-28 15:00:00,PAYROLL
EVT00019214,2021-10-03,EMP01548,CC0058,EX,1,Leave Start,,CAD,CA,2021-10-04 06:00:00,PAYROLL
EVT00019494,2021-10-09,EMP00942,CC0062,PA,2,Step Increment,65150.25,CAD,CA,2021-10-10 04:00:00,PAYROLL
EVT00018352,2021-10-06,EMP00283,CC0013,EC,3,Performance Pay,7479.2,CAD,CAN,2021-10-06 15:00:00,CORE_HR
EVT00019800,2021-10-14,EMP02217,CC0060,IT,3,Step Increment,111253.99,CAD,CAN,2021-10-14 12:00:00,CORE_HR
EVT00019234,2021-10-01,EMP01320,CC0052,EN,3,Step Increment,104857.63,CAD,CA,2021-10-04 19:00:00,PAYROLL
EVT00018974,2021-10-07,EMP02078,CC0048,IT,3,Step Increment,100038.49,CAD,CAN,2021-10-08 13:00:00,CORE_HR
EVT00018099,2021-10-25,EMP00526,CC0108,IT,1,Leave Start,,EUR,FRA,2021-10-25 16:00:00,CORE_HR
EVT00019346,2021-10-25,EMP02931,CC0003,EC,1,Lateral Deployment,,CAD,CAN,2021-10-26 08:00:00,CORE_HR
EVT00017830,2021-10-07,EMP03614,CC0104,EX,1,Hire,118436.92,CAD,CAN,2021-10-07 16:00:00,CORE_HR
EVT00019110,2021-10-03,EMP00914,CC0081,PA,3,Step Increment,78580.85,CAD,CAN,2021-10-03 18:00:00,CORE_HR
EVT00019835,2021-10-13,EMP01652,CC0038,AS,2,Step Increment,64759.49,CAD,CAN,2021-10-14 06:00:00,CORE_HR
EVT00017957,2021-10-04,EMP00721,CC0049,AS,3,Step Increment,245474.11,BRL,BRA,2021-10-04 21:00:00,CORE_HR
EVT00018363,2021-10-12,EMP02920,CC0006,AS,3,Performance Pay,3121.73,CAD,CAN,2021-10-12 06:00:00,CORE_HR
EVT00018684,2021-10-26,EMP02525,CC0006,FI,5,Performance Pay,13555.42,CAD,CA,2021-10-26 09:00:00,PAYROLL
EVT00019511,2021-10-10,EMP03568,CC0077,PA,5,Step Increment,101905.05,CAD,CAN,2021-10-10 15:00:00,CORE_HR
EVT00018958,2021-10-03,EMP00572,CC0089,CR,1,Step Increment,45162.74,CAD,CAN,2021-10-03 11:00:00,CORE_HR
EVT00019721,2021-10-11,EMP01017,CC0104,PA,4,Leave Return,,CAD,CA,2021-10-11 19:00:00,PAYROLL
EVT00019752,2021-10-25,EMP02614,CC0065,IT,3,Leave Start,,JPY,JPN,2021-10-26 07:00:00,CORE_HR
EVT00018020,2021-10-06,EMP01411,CC0026,FI,2,Step Increment,73030.69,CAD,CAN,2021-10-07 01:00:00,CORE_HR
EVT00019205,2021-10-19,EMP02907,CC0045,EN,2,Performance Pay,9536.55,CAD,CA,2021-10-20 09:00:00,PAYROLL
EVT00019154,2021-10-04,EMP01164,CC0119,AS,1,Promotion,51252.11,CAD,CA,2021-10-05 07:00:00,PAYROLL
EVT00018514,2021-10-25,EMP03176,CC0086,FI,1,Step Increment,78191.57,AUD,AUS,2021-10-25 20:00:00,CORE_HR
EVT00017714,2021-10-24,EMP03557,CC0009,PA,2,Step Increment,207288.9,AED,ARE,2021-10-25 13:00:00,CORE_HR
EVT00018346,2021-10-21,EMP01551,CC0025,CR,1,Performance Pay,4440.76,CAD,CA,2021-10-22 07:00:00,PAYROLL
EVT00018981,2021-10-24,EMP00234,CC0032,EC,3,Hire,100982.55,CAD,CAN,2021-10-25 05:00:00,CORE_HR
EVT00018738,2021-10-13,EMP00070,CC0038,CR,2,Departure,,CAD,CA,2021-10-14 06:00:00,PAYROLL
EVT00019428,2021-10-14,EMP02446,CC0062,AS,3,Leave Return,,CAD,CA,2021-10-17 04:00:00,PAYROLL
EVT00018959,2021-10-20,EMP01466,CC0105,IT,1,Step Increment,61416.34,EUR,DEU,2021-10-20 08:00:00,CORE_HR
EVT00018603,2021-10-09,EMP01299,CC0045,PA,2,Leave Return,,CAD,CA,2021-10-10 13:00:00,PAYROLL
EVT00018651,2021-10-01,EMP00498,CC0117,IT,1,Leave Return,,CAD,CAN,2021-10-02 08:00:00,CORE_HR
EVT00017781,2021-10-22,EMP03818,CC0076,IT,1,Hire,91050.07,CAD,CA,2021-10-25 01:00:00,PAYROLL
EVT00019627,2021-10-18,EMP03363,CC0005,IT,3,Performance Pay,7038.2,CAD,CA,2021-10-18 08:00:00,PAYROLL
EVT00018466,2021-10-15,EMP01639,CC0079,FI,2,Lateral Deployment,,CAD,CAN,2021-10-15 18:00:00,CORE_HR
EVT00018576,2021-10-20,EMP02800,CC0083,PA,2,Step Increment,67215.99,CAD,CAN,2021-10-21 13:00:00,CORE_HR
EVT00019467,2021-10-25,EMP04977,CC0006,CR,4,Step Increment,54213.65,CAD,CA,2021-10-26 16:00:00,PAYROLL
EVT00018183,2021-10-11,EMP03953,CC0063,EN,2,Departure,,CAD,CA,2021-10-11 07:00:00,PAYROLL
EVT00018062,2021-10-26,EMP03378,CC0019,AS,3,Step Increment,73619.92,CAD,CAN,2021-10-26 21:00:00,CORE_HR
EVT00018072,2021-10-06,EMP03015,CC0110,EC,2,Performance Pay,8978.0,CAD,CAN,2021-10-07 12:00:00,CORE_HR
EVT00019069,2021-10-11,EMP01563,CC0035,EX,3,Leave Return,,CAD,CAN,2021-10-12 00:00:00,CORE_HR
EVT00017971,2021-10-21,EMP01144,CC0107,IT,2,Leave Return,,CAD,CAN,2021-10-21 06:00:00,CORE_HR
EVT00018246,2021-10-15,EMP02390,CC0108,CR,2,Step Increment,48374.9,SGD,SG,2021-10-16 15:00:00,PAYROLL
EVT00017800,2021-10-03,EMP01829,CC0117,PA,5,Lateral Deployment,,CAD,CA,2021-10-04 07:00:00,PAYROLL
EVT00018780,2021-10-04,EMP01427,CC0074,EX,2,Step Increment,114482.29,USD,US,2021-10-05 09:00:00,PAYROLL
EVT00019516,2021-10-05,EMP01556,CC0049,EN,1,Step Increment,4715266.99,INR,IND,2021-10-05 16:00:00,CORE_HR
EVT00019707,2021-10-18,EMP00421,CC0103,EN,2,Leave Return,,CAD,CA,2021-10-18 14:00:00,PAYROLL
EVT00019131,2021-10-10,EMP02514,CC0015,PA,2,Step Increment,75340.29,CAD,CA,2021-10-11 02:00:00,PAYROLL
EVT00018016,2021-10-15,EMP01665,CC0085,IT,4,Leave Return,,CAD,CAN,2021-10-16 03:00:00,CORE_HR
EVT00018287,2021-10-20,EMP00135,CC0117,PA,2,Departure,,CAD,CAN,2021-10-20 21:00:00,CORE_HR
EVT00019176,2021-10-27,EMP01531,CC0112,FI,4,Leave Return,,CAD,CA,2021-10-27 16:00:00,PAYROLL
EVT00018118,2021-10-20,EMP01623,CC0033,EN,4,Step Increment,121028.52,CAD,CAN,2021-10-21 18:00:00,CORE_HR
EVT00017880,2021-10-05,EMP01470,CC0105,IT,1,Performance Pay,10202.27,AED,AE,2021-10-05 22:00:00,PAYROLL
EVT00019331,2021-10-04,EMP03025,CC0108,IT,5,Step Increment,96002.72,USD,US,2021-10-05 02:00:00,PAYROLL
EVT00019578,2021-10-21,EMP03907,CC0011,EC,4,Step Increment,104823.53,CAD,CAN,2021-10-22 09:00:00,CORE_HR
EVT00019026,2021-10-21,EMP04586,CC0073,FI,4,Performance Pay,6973.34,CAD,CAN,2021-10-22 14:00:00,CORE_HR
EVT00018467,2021-10-27,EMP01636,CC0071,EX,3,Lateral Deployment,,CAD,CAN,2021-10-28 00:00:00,CORE_HR
EVT00018588,2021-10-21,EMP00918,CC0060,PA,3,Performance Pay,5853.56,CAD,CA,2021-10-21 08:00:00,PAYROLL
EVT00017889,2021-10-21,EMP02426,CC0059,IT,1,Step Increment,70260.48,CAD,CAN,2021-10-22 08:00:00,CORE_HR
EVT00019112,2021-10-07,EMP01385,CC0011,FI,2,Hire,84597.26,CAD,CA,2021-10-08 10:00:00,PAYROLL
EVT00019760,2021-10-15,EMP03278,CC0059,IT,3,Lateral Deployment,,CAD,CAN,2021-10-15 16:00:00,CORE_HR
EVT00019679,2021-10-12,EMP99999,CC0005,FI,1,Performance Pay,5631.96,CAD,CAN,2021-10-12 23:00:00,CORE_HR
EVT00018645,2021-10-01,EMP00880,CC0019,EX,2,Hire,152459.08,CAD,CAN,2021-10-02 09:00:00,CORE_HR
EVT00019789,2021-10-03,EMP03148,CC0021,AS,1,Hire,58411.49,CAD,CA,2021-10-03 19:00:00,PAYROLL
EVT00019157,2021-10-26,EMP02050,CC0025,FI,3,Step Increment,98911.05,CAD,CA,2021-10-26 13:00:00,PAYROLL
EVT00019696,2021-10-17,EMP02065,CC0117,AS,1,Step Increment,51947.78,CAD,CAN,2021-10-17 13:00:00,CORE_HR
EVT00019579,2021-10-17,EMP02081,CC0009,EC,3,Promotion,98359.64,AUD,AU,2021-10-18 06:00:00,PAYROLL
EVT00017974,2021-10-08,EMP04299,CC0046,EC,3,Performance Pay,1247913.11,KES,KE,2021-10-08 09:00:00,PAYROLL
EVT00018608,2021-10-27,EMP00779,CC0104,EC,2,Step Increment,86857.11,CAD,CAN,2021-10-28 14:00:00,CORE_HR
EVT00019548,2021-10-04,EMP03738,CC0012,FI,5,Leave Start,,CAD,CAN,2021-10-05 04:00:00,CORE_HR
EVT00018468,2021-10-16,EMP02869,CC0045,FI,5,Performance Pay,12627.76,CAD,CAN,2021-10-16 09:00:00,CORE_HR
EVT00019597,2021-10-18,EMP02590,CC0021,AS,1,Hire,59123.27,CAD,CAN,2021-10-18 16:00:00,CORE_HR
EVT00019726,2021-10-08,EMP03094,CC0094,AS,4,Leave Start,,CAD,CAN,2021-10-09 03:00:00,CORE_HR
EVT00019794,2021-10-10,EMP04734,CC0117,IT,1,Step Increment,97395.54,CAD,CAN,2021-10-10 11:00:00,CORE_HR
EVT00019293,2021-10-01,EMP00390,CC0066,EN,2,Step Increment,84773.85,CAD,CAN,2021-10-01 16:00:00,CORE_HR
EVT00019451,2021-10-01,EMP04015,CC0057,EN,1,Leave Start,,CAD,CAN,2021-10-01 13:00:00,CORE_HR
EVT00019656,2021-10-19,EMP03100,CC0087,EC,2,Step Increment,81411.6,CAD,CA,2021-10-20 11:00:00,PAYROLL
EVT00019546,2021-10-09,EMP04486,CC0118,EN,4,Departure,,CAD,CA,2021-10-09 14:00:00,PAYROLL
EVT00018508,2021-10-09,EMP02848,CC0016,PA,1,Performance Pay,4629.24,CAD,CAN,2021-10-10 10:00:00,CORE_HR
EVT00018435,2021-10-04,EMP03663,CC0074,FI,1,Performance Pay,16990.07,AED,AE,2021-10-05 10:00:00,PAYROLL
EVT00018546,2021-10-20,EMP04634,CC0001,IT,4,Step Increment,126345.55,CAD,CAN,2021-10-21 08:00:00,CORE_HR
EVT00019002,2021-10-21,EMP02309,CC0094,PA,4,Promotion,93701.69,CAD,CAN,2021-10-22 10:00:00,CORE_HR
EVT00019403,2021-10-03,EMP01216,CC0069,FI,3,Performance Pay,9728.75,CAD,CAN,2021-10-03 17:00:00,CORE_HR
EVT00019608,2021-10-05,EMP02592,CC0059,CR,2,Step Increment,60164.9,CAD,CAN,2021-10-05 18:00:00,CORE_HR
EVT00019286,2021-10-11,EMP04827,CC0092,EC,1,Step Increment,64876.79,CAD,CAN,2021-10-12 11:00:00,CORE_HR
EVT00018874,2021-10-06,EMP04212,CC0001,IT,1,Leave Return,,CAD,CAN,2021-10-08 19:00:00,CORE_HR
EVT00019013,2021-10-07,EMP04749,CC0025,FI,2,Step Increment,86996.79,CAD,CAN,2021-10-07 18:00:00,CORE_HR
EVT00018862,2021-10-14,EMP04149,CC0102,PA,2,Step Increment,65356.83,CAD,CA,2021-10-15 10:00:00,PAYROLL
EVT00018591,2021-10-03,EMP03533,CC0062,IT,4,Performance Pay,13375.56,CAD,CA,2021-10-04 11:00:00,PAYROLL
EVT00019359,2021-10-22,EMP00196,CC0060,IT,5,Performance Pay,11823.56,CAD,CAN,2021-10-22 14:00:00,CORE_HR
EVT00019363,2021-10-05,EMP01332,CC0072,EC,1,Step Increment,51989.04,CAD,CA,2021-10-05 09:00:00,PAYROLL
EVT00018817,2021-10-26,EMP03260,CC0071,EN,2,Performance Pay,4051.12,CAD,CAN,2021-10-26 17:00:00,CORE_HR
EVT00019442,2021-10-19,EMP01474,CC0066,PA,3,Lateral Deployment,,CAD,CAN,2021-10-19 13:00:00,CORE_HR
EVT00018163,2021-10-15,EMP02175,CC0098,IT,2,Step Increment,84676.97,CAD,CA,2021-10-15 13:00:00,PAYROLL
EVT00019557,2021-10-09,EMP02763,CC0102,PA,4,Step Increment,68823.03,CAD,CA,2021-10-09 22:00:00,PAYROLL
EVT00019250,2021-10-02,EMP00638,CC0092,CR,3,Leave Return,,CAD,CA,2021-10-04 04:00:00,PAYROLL
EVT00019356,2021-10-06,EMP02114,CC0080,PA,4,Step Increment,44872.82,EUR,DEU,2021-10-06 19:00:00,CORE_HR
EVT00018688,2021-10-19,EMP00294,CC0111,IT,2,Leave Return,,EUR,FRA,2021-10-20 00:00:00,CORE_HR
EVT00019342,2021-10-07,EMP02229,CC0013,CR,1,Leave Start,,CAD,CAN,2021-10-07 22:00:00,CORE_HR
EVT00019753,2021-10-20,EMP01459,CC0051,PA,5,Performance Pay,8768.53,CAD,CAN,2021-10-20 21:00:00,CORE_HR
EVT00018761,2021-10-22,EMP04298,CC0083,IT,1,Lateral Deployment,,CAD,CAN,2021-10-23 06:00:00,CORE_HR
EVT00019147,2021-10-18,EMP00650,CC0058,PA,5,Step Increment,90705.88,CAD,CA,2021-10-18 15:00:00,PAYROLL
EVT00019353,2021-10-18,EMP02268,CC0002,FI,2,Hire,88319.67,CAD,CA,2021-10-19 19:00:00,PAYROLL
EVT00018864,2021-10-10,EMP04877,CC0102,PA,2,Promotion,62600.17,CAD,CAN,2021-10-11 02:00:00,CORE_HR
EVT00019249,2021-10-05,EMP00353,CC0092,EN,2,Departure,,CAD,CAN,2021-10-05 07:00:00,CORE_HR
EVT00019273,2021-10-24,EMP04516,CC0023,AS,3,Leave Return,,CAD,CA,2021-10-24 13:00:00,PAYROLL
EVT00018285,2021-10-25,EMP00053,CC0017,PA,1,Performance Pay,5841.24,CAD,CA,2021-10-26 08:00:00,PAYROLL
EVT00019216,2021-10-08,EMP00782,CC0019,EC,1,Step Increment,66726.53,CAD,CAN,2021-10-08 09:00:00,CORE_HR
EVT00018156,2021-10-08,EMP00108,CC0119,PA,2,Step Increment,66800.7,CAD,CAN,2021-10-09 05:00:00,CORE_HR
EVT00019061,2021-10-11,EMP04483,CC0119,PA,3,Lateral Deployment,,CAD,CA,2021-10-11 21:00:00,PAYROLL
EVT00018090,2021-10-05,EMP01140,CC0049,IT,1,Performance Pay,5194.72,GBP,GBR,2021-10-05 11:00:00,CORE_HR
EVT00018873,2021-10-04,EMP04571,CC0063,PA,1,Lateral Deployment,,CAD,CA,2021-10-05 10:00:00,PAYROLL
EVT00018524,2021-10-21,EMP03187,CC0080,AS,4,Lateral Deployment,,KES,KEN,2021-10-21 21:00:00,CORE_HR
EVT00018003,2021-10-08,EMP01042,CC0015,EX,1,Leave Return,,CAD,CA,2021-10-08 13:00:00,PAYROLL
EVT00018669,2021-10-13,EMP00667,CC0039,EX,2,Leave Return,,CAD,CA,2021-10-14 09:00:00,PAYROLL
EVT00018190,2021-10-05,EMP02283,CC0080,AS,1,Lateral Deployment,,JPY,JPN,2021-10-05 23:00:00,CORE_HR
EVT00018038,2021-10-02,EMP03809,CC0023,CR,4,Lateral Deployment,,CAD,CAN,2021-10-02 23:00:00,CORE_HR
EVT00017750,2021-10-07,EMP03727,CC0084,CR,2,Hire,53952.46,CAD,CAN,2021-10-08 07:00:00,CORE_HR
EVT00018429,2021-10-03,EMP03662,CC0058,CR,1,Performance Pay,2036.82,CAD,CAN,2021-10-04 14:00:00,CORE_HR
EVT00018977,2021-10-08,EMP03364,CC0016,IT,5,Step Increment,132560.25,CAD,CA,2021-10-09 03:00:00,PAYROLL
EVT00018644,2021-10-09,EMP01575,CC0054,CR,2,Step Increment,207942.77,BRL,BRA,2021-10-09 16:00:00,CORE_HR
EVT00017710,2021-10-07,EMP01928,CC0102,PA,3,Lateral Deployment,,CAD,CAN,2021-10-08 05:00:00,CORE_HR
EVT00017741,2021-10-16,EMP04774,CC0097,IT,4,Step Increment,113259.51,CAD,CA,2021-10-16 19:00:00,PAYROLL
EVT00019729,2021-10-27,EMP00780,CC0118,IT,1,Lateral Deployment,,CAD,CAN,2021-10-27 06:00:00,CORE_HR
EVT00019357,2021-10-15,EMP00039,CC0067,IT,1,Step Increment,56799.84,CAD,CAN,2021-10-16 11:00:00,CORE_HR
EVT00017955,2021-10-25,EMP01708,CC0100,PA,3,Departure,,CAD,CA,2021-10-25 20:00:00,PAYROLL
EVT00017963,2021-10-02,EMP01167,CC0078,AS,3,Step Increment,73194.75,CAD,CA,2021-10-03 03:00:00,PAYROLL
EVT00018407,2021-10-07,EMP00959,CC0073,AS,2,Lateral Deployment,,CAD,CAN,2021-10-07 10:00:00,CORE_HR
EVT00017944,2021-10-22,EMP04059,CC0118,FI,1,Hire,72211.82,CAD,CAN,2021-10-23 12:00:00,CORE_HR
EVT00018572,2021-10-13,EMP02839,CC0071,EX,2,Performance Pay,18613.48,CAD,CA,2021-10-13 08:00:00,PAYROLL
EVT00019193,2021-10-18,EMP03188,CC0039,PA,1,Step Increment,54135.03,CAD,CAN,2021-10-19 11:00:00,CORE_HR
EVT00018808,2021-10-10,EMP01675,CC0092,PA,2,Step Increment,68176.51,CAD,CAN,2021-10-10 08:00:00,CORE_HR
EVT00018985,2021-10-20,EMP01146,CC0076,FI,1,Departure,,CAD,CA,2021-10-23 02:00:00,PAYROLL
EVT00018150,2021-10-02,EMP03393,CC0081,EX,2,Lateral Deployment,,CAD,CA,2021-10-02 13:00:00,PAYROLL
EVT00018259,2021-10-27,EMP04466,CC0109,PA,3,Step Increment,90753.0,CAD,CAN,2021-10-27 07:00:00,CORE_HR
EVT00018147,2021-10-10,EMP01858,CC0116,EN,3,Step Increment,103845.61,CAD,CA,2021-10-11 07:00:00,PAYROLL
EVT00018979,2021-10-05,EMP00712,CC0102,IT,1,Departure,,CAD,CA,2021-10-06 04:00:00,PAYROLL
EVT00017954,2021-10-01,EMP01951,CC0082,EN,2,Leave Start,,CAD,CAN,2021-10-02 06:00:00,CORE_HR
EVT00019275,2021-10-20,EMP02329,CC0021,PA,1,Step Increment,54490.34,CAD,CA,2021-10-20 17:00:00,PAYROLL
EVT00017718,2021-10-23,EMP03381,CC0085,EX,2,Departure,,CAD,CA,2021-10-24 12:00:00,PAYROLL
EVT00018340,2021-10-06,EMP04634,CC0001,IT,4,Step Increment,122477.54,CAD,CA,2021-10-06 06:00:00,PAYROLL
EVT00019106,2021-10-21,EMP01136,CC0106,IT,2,Performance Pay,9282.32,CAD,CAN,2021-10-21 23:00:00,CORE_HR
EVT00018492,2021-10-20,EMP00734,CC0069,EC,4,Lateral Deployment,,CAD,CA,2021-10-21 08:00:00,PAYROLL
EVT00019687,2021-10-05,EMP00510,CC0053,PA,3,Performance Pay,8530.41,CAD,CAN,2021-10-05 06:00:00,CORE_HR
EVT00018542,2021-10-23,EMP03291,CC0004,CR,3,Step Increment,60010.39,CAD,CA,2021-10-24 15:00:00,PAYROLL
EVT00019431,2021-10-10,EMP02777,CC0006,FI,4,Departure,,CAD,CA,2021-10-11 14:00:00,PAYROLL
EVT00017897,2021-10-09,EMP03810,CC0038,FI,4,Leave Return,,CAD,CAN,2021-10-09 23:00:00,CORE_HR
EVT00018353,2021-10-19,EMP04942,CC0033,FI,4,Lateral Deployment,,CAD,CAN,2021-10-20 14:00:00,CORE_HR
EVT00019277,2021-10-04,EMP03001,CC0007,IT,1,Step Increment,49823.86,EUR,FRA,2021-10-06 09:00:00,CORE_HR
EVT00019795,2021-10-10,EMP04515,CC0102,AS,2,Leave Start,,CAD,CA,2021-10-11 01:00:00,PAYROLL
EVT00018171,2021-10-22,EMP02793,CC0099,AS,5,Leave Return,,CAD,CAN,2021-10-22 19:00:00,CORE_HR
EVT00018995,2021-10-03,EMP01582,CC0103,IT,2,Performance Pay,8239.12,CAD,CAN,2021-10-03 09:00:00,CORE_HR
EVT00019517,2021-10-21,EMP04826,CC0074,CR,3,Step Increment,43966.49,EUR,FRA,2021-10-21 15:00:00,CORE_HR
EVT00019598,2021-10-07,EMP00468,CC0028,PA,2,Step Increment,78746.05,CAD,CAN,2021-10-07 15:00:00,CORE_HR
EVT00018036,2021-10-19,EMP01874,CC0079,PA,4,Leave Return,,CAD,CA,2021-10-19 10:00:00,PAYROLL
EVT00019150,2021-10-10,EMP03663,CC0074,FI,1,Step Increment,209358.35,BRL,BRA,2021-10-10 12:00:00,CORE_HR
EVT00018194,2021-10-06,EMP00093,CC0040,PA,5,Departure,,CAD,CAN,2021-10-06 14:00:00,CORE_HR
EVT00017875,2021-10-25,EMP00007,CC0077,EX,1,Step Increment,139344.28,CAD,CA,2021-10-25 23:00:00,PAYROLL
EVT00018265,1900-01-01,EMP01196,CC0075,IT,3,Departure,,CAD,CAN,2021-10-23 09:00:00,CORE_HR
EVT00019798,2021-10-02,EMP00690,CC0009,IT,2,Step Increment,63033.19,USD,USA,2021-10-02 19:00:00,CORE_HR
EVT00019817,2021-10-13,EMP03480,CC0065,FI,2,Step Increment,41613.33,GBP,GB,2021-10-14 08:00:00,PAYROLL
EVT00019430,2021-10-06,EMP04113,CC0108,FI,1,Promotion,94541.52,AUD,AUS,2021-10-07 02:00:00,CORE_HR
EVT00017846,2021-10-19,EMP03687,CC0017,CR,3,Performance Pay,7104.67,CAD,CA,2021-10-20 00:00:00,PAYROLL
EVT00017956,2021-10-04,EMP02761,CC0117,PA,1,Step Increment,58103.96,CAD,CAN,2021-10-05 10:00:00,CORE_HR
EVT00017979,2021-10-12,EMP02884,CC0075,PA,2,Lateral Deployment,,CAD,CAN,2021-10-13 03:00:00,CORE_HR
EVT00019373,2021-10-20,EMP03870,CC0049,AS,3,Step Increment,51171.21,EUR,FRA,2021-10-20 16:00:00,CORE_HR
EVT00019098,2021-10-13,EMP01731,CC0099,EN,2,Step Increment,85124.99,CAD,CA,2021-10-13 06:00:00,PAYROLL
EVT00019567,2021-10-13,EMP01603,CC0018,PA,3,Step Increment,73884.82,CAD,CA,2021-10-14 14:00:00,PAYROLL
EVT00019094,2021-10-05,EMP00992,CC0004,FI,1,Step Increment,67879.06,CAD,CAN,2021-10-05 20:00:00,CORE_HR
EVT00019639,2021-10-13,EMP02046,CC0077,IT,5,Step Increment,155625.28,CAD,CA,2021-10-14 02:00:00,PAYROLL
EVT00019044,2021-10-02,EMP01181,CC0112,FI,4,Performance Pay,10657.94,CAD,CA,2021-10-02 21:00:00,PAYROLL
EVT00019531,2021-10-22,EMP02227,CC0027,PA,1,Lateral Deployment,,CAD,CAN,2021-10-22 07:00:00,CORE_HR
EVT00018333,2021-10-10,EMP02271,CC0030,PA,2,Performance Pay,4800.91,USD,US,2021-10-10 07:00:00,PAYROLL
EVT00018732,2021-10-24,EMP02259,CC0033,PA,2,Step Increment,63306.66,XXX,CAN,2021-10-25 11:00:00,CORE_HR
EVT00019086,2021-10-11,EMP04464,CC0015,PA,4,Hire,93923.88,CAD,CAN,2021-10-14 01:00:00,CORE_HR
EVT00019165,2021-10-18,EMP02306,CC0114,CR,2,Leave Return,,CAD,CAN,2021-10-19 01:00:00,CORE_HR
EVT00018961,2021-10-20,EMP01722,CC0069,PA,1,Leave Start,,CAD,CAN,2021-10-20 08:00:00,CORE_HR
EVT00019045,2021-10-17,EMP02720,CC0049,PA,5,Step Increment,8732942.3,JPY,JPN,2021-10-18 10:00:00,CORE_HR
EVT00017724,2021-10-08,EMP04446,CC0092,EN,3,Step Increment,108916.27,CAD,CAN,2021-10-08 14:00:00,CORE_HR
EVT00017779,2021-10-06,EMP01144,CC0107,IT,2,Performance Pay,9553.08,CAD,CAN,2021-10-07 09:00:00,CORE_HR
EVT00018748,2021-10-14,EMP03211,CC0016,AS,1,Lateral Deployment,,CAD,CAN,2021-10-14 11:00:00,CORE_HR
EVT00018380,2021-10-25,EMP01612,CC0107,PA,2,Step Increment,64189.08,CAD,CA,2021-10-26 08:00:00,PAYROLL
EVT00019226,2021-10-01,EMP03046,CC0115,AS,3,Performance Pay,5132.79,CAD,CA,2021-10-01 11:00:00,PAYROLL
EVT00019538,2021-10-19,EMP03658,CC0059,AS,3,Step Increment,74410.11,CAD,CA,2021-10-20 05:00:00,PAYROLL
EVT00019265,2021-10-19,EMP01581,CC0051,EC,3,Leave Return,,CAD,CA,2021-10-20 08:00:00,PAYROLL
EVT00018482,2021-10-08,EMP04573,CC0117,AS,1,Leave Return,,CAD,CAN,2021-10-09 00:00:00,CORE_HR
EVT00019840,2021-10-20,EMP04320,CC0110,EN,3,Step Increment,101994.98,CAD,CA,2021-10-21 08:00:00,PAYROLL
EVT00018552,2021-10-14,EMP01923,CC0078,EN,2,Step Increment,90277.96,CAD,CA,2021-10-14 22:00:00,PAYROLL
EVT00019313,2021-10-11,EMP04929,CC0073,EN,2,Departure,,CAD,CAN,2021-10-11 10:00:00,CORE_HR
EVT00018044,2021-10-03,EMP04523,CC0108,IT,1,Step Increment,49776.49,XXX,FRA,2021-10-04 12:00:00,CORE_HR
EVT00018714,2021-10-02,EMP00378,CC0012,AS,3,Step Increment,67642.3,CAD,CAN,2021-10-02 12:00:00,CORE_HR
EVT00018872,2021-10-07,EMP01391,CC0073,EC,2,Step Increment,89737.65,CAD,CAN,2021-10-07 09:00:00,CORE_HR
EVT00019688,2021-10-21,EMP00751,CC0117,IT,5,Performance Pay,9570.16,CAD,CA,2021-10-22 15:00:00,PAYROLL
EVT00019660,2021-10-27,EMP04737,CC0048,PA,2,Lateral Deployment,,CAD,CA,2021-10-28 02:00:00,PAYROLL
EVT00018785,2021-10-27,EMP03386,CC0065,AS,1,Lateral Deployment,,AUD,AUS,2021-10-27 07:00:00,CORE_HR
EVT00019079,2021-10-04,EMP02504,CC0117,AS,4,Hire,83141.66,CAD,CAN,2021-10-04 21:00:00,CORE_HR
EVT00017994,2021-10-22,EMP00374,CC0031,IT,1,Step Increment,253408.68,BRL,BRA,2021-10-23 10:00:00,CORE_HR
EVT00018749,2021-10-22,EMP02470,CC0066,PA,1,Leave Return,,CAD,CAN,2021-10-22 08:00:00,CORE_HR
EVT00018747,2021-10-04,EMP04135,CC0029,EC,3,Leave Start,,AED,AE,2021-10-05 03:00:00,PAYROLL
EVT00018812,2021-10-12,EMP00703,CC0078,CR,1,Leave Return,,CAD,CAN,2021-10-12 09:00:00,CORE_HR
EVT00019159,2021-10-19,EMP03822,CC0088,CR,5,Step Increment,4454302.52,INR,IN,2021-10-19 13:00:00,PAYROLL
EVT00018775,2021-10-19,EMP01004,CC0016,CR,2,Hire,59096.57,CAD,CA,2021-10-20 09:00:00,PAYROLL
EVT00019514,2021-10-05,EMP04052,CC0025,IT,2,Step Increment,97128.2,CAD,CAN,2021-10-05 08:00:00,CORE_HR
EVT00018198,2021-10-13,EMP00479,CC0073,EN,3,Lateral Deployment,,CAD,CAN,2021-10-14 05:00:00,CORE_HR
EVT00018538,2021-10-13,EMP02869,CC0045,FI,5,Step Increment,92831.83,CAD,CA,2021-10-13 13:00:00,PAYROLL
EVT00018863,2021-10-25,EMP04181,CC0096,EN,1,Lateral Deployment,,CAD,CAN,2021-10-25 16:00:00,CORE_HR
EVT00018664,2021-10-24,EMP02541,CC0114,EN,2,Leave Return,,CAD,CAN,2021-10-24 11:00:00,CORE_HR
EVT00018450,2021-10-23,EMP01032,CC0079,IT,2,Leave Return,,CAD,CA,2021-10-23 22:00:00,PAYROLL
EVT00019175,2021-10-25,EMP04126,CC0003,PA,4,Step Increment,80208.07,CAD,CA,2021-10-25 14:00:00,PAYROLL
EVT00018014,2021-10-10,EMP01661,CC0106,AS,2,Performance Pay,4263.78,CAD,CA,2021-10-11 09:00:00,PAYROLL
EVT00018061,2021-10-11,EMP01284,CC0021,IT,3,Leave Start,,CAD,CAN,2021-10-12 15:00:00,CORE_HR
EVT00019278,2021-10-22,EMP02592,CC0059,CR,2,Performance Pay,3066.43,CAD,CA,2021-10-23 05:00:00,PAYROLL
EVT00018702,2021-10-14,EMP00151,CC0001,EX,1,Lateral Deployment,,CAD,CAN,2021-10-14 20:00:00,CORE_HR
EVT00018677,2021-10-08,EMP02823,CC0050,PA,2,Performance Pay,4901.69,CAD,CAN,2021-10-08 16:00:00,CORE_HR
EVT00018254,2021-10-18,EMP00710,CC0071,AS,5,Promotion,91216.44,CAD,CAN,2021-10-18 09:00:00,CORE_HR
EVT00018942,2021-10-17,EMP03549,CC0005,FI,4,Performance Pay,7441.24,CAD,CAN,2021-10-17 11:00:00,CORE_HR
EVT00019530,2021-10-23,EMP02587,CC0092,FI,1,Leave Return,,CAD,CAN,2021-10-23 19:00:00,CORE_HR
EVT00019422,2021-10-19,EMP04374,CC0095,FI,2,Step Increment,77309.33,CAD,CA,2021-10-20 15:00:00,PAYROLL
EVT00019727,2021-10-09,EMP03820,CC0115,PA,4,Step Increment,80642.79,CAD,CAN,2021-10-10 02:00:00,CORE_HR
EVT00018138,2021-10-05,EMP01439,CC0063,PA,2,Step Increment,56554.77,CAD,CAN,2021-10-05 14:00:00,CORE_HR
EVT00017918,2021-10-09,EMP03920,CC0074,EC,4,Step Increment,289624.76,AED,AE,2021-10-09 09:00:00,PAYROLL
EVT00019749,2021-10-03,EMP01213,CC0081,CR,4,Leave Return,,CAD,CAN,2021-10-04 08:00:00,CORE_HR
EVT00018832,2021-10-08,EMP02467,CC0017,IT,1,Leave Start,,CAD,CA,2021-10-08 12:00:00,PAYROLL
EVT00019383,2021-10-07,EMP03001,CC0007,IT,1,Performance Pay,5811.06,USD,USA,2021-10-07 06:00:00,CORE_HR
EVT00019611,2021-10-24,EMP04255,CC0100,EX,1,Lateral Deployment,,CAD,CA,2021-10-25 05:00:00,PAYROLL
EVT00019362,2021-10-21,EMP04393,CC0050,FI,3,Lateral Deployment,,CAD,CAN,2021-10-21 13:00:00,CORE_HR
EVT00018132,2021-10-25,EMP04537,CC0054,EX,1,Hire,1330815.41,MXN,MEX,2021-10-25 14:00:00,CORE_HR
EVT00018833,2021-10-06,EMP03871,CC0014,PA,1,Performance Pay,3701.95,CAD,CAN,2021-10-07 07:00:00,CORE_HR
EVT00018652,2021-10-16,EMP00860,CC0015,AS,2,Leave Start,,CAD,CAN,2021-10-16 06:00:00,CORE_HR
EVT00017961,2021-10-24,EMP00369,CC0117,EX,1,Step Increment,136033.66,CAD,CAN,2021-10-25 00:00:00,CORE_HR
EVT00017914,2021-10-15,EMP01748,CC0095,IT,3,Departure,,CAD,CAN,2021-10-16 12:00:00,CORE_HR
EVT00018674,2021-10-04,EMP02527,CC0107,IT,3,Step Increment,108416.77,CAD,CA,2021-10-04 09:00:00,PAYROLL
EVT00018860,2021-10-26,EMP00555,CC0084,PA,4,Promotion,84258.7,CAD,CAN,2021-10-26 07:00:00,CORE_HR
EVT00019522,2021-10-07,EMP03350,CC0053,PA,5,Leave Start,,CAD,CA,2021-10-07 15:00:00,PAYROLL
EVT00018281,2021-10-09,EMP04704,CC0050,FI,5,Leave Return,,CAD,CAN,2021-10-11 08:00:00,CORE_HR
EVT00017748,2021-10-10,EMP03291,CC0004,CR,3,Leave Return,,CAD,CA,2021-10-11 00:00:00,PAYROLL
EVT00018418,2021-10-19,EMP04073,CC0071,AS,1,Step Increment,58035.34,CAD,CA,2021-10-20 08:00:00,PAYROLL
EVT00019745,2021-10-25,EMP03353,CC0070,FI,3,Promotion,115322.81,CAD,CAN,2021-10-25 11:00:00,CORE_HR
EVT00019255,2021-10-18,EMP04969,CC0041,FI,4,Step Increment,110909.11,CAD,CAN,2021-10-18 16:00:00,CORE_HR
EVT00018498,2021-10-24,EMP00031,CC0023,PA,2,Step Increment,56707.68,CAD,CA,2021-10-25 02:00:00,PAYROLL
EVT00019476,2021-10-20,EMP00815,CC0070,PA,4,Leave Start,,CAD,CAN,2021-10-20 23:00:00,CORE_HR
EVT00018251,2021-10-26,EMP00556,CC0063,AS,1,Performance Pay,7139.04,CAD,CAN,2021-10-27 13:00:00,CORE_HR
EVT00018519,2021-10-15,EMP03680,CC0025,PA,1,Leave Start,,CAD,CA,2021-10-16 11:00:00,PAYROLL
EVT00018162,2021-10-06,EMP01688,CC0080,CR,1,Step Increment,33180.37,USD,USA,2021-10-06 11:00:00,CORE_HR
EVT00019747,2021-10-22,EMP02656,CC0079,EN,1,Hire,83429.51,CAD,CAN,2021-10-23 11:00:00,CORE_HR
EVT00018851,2021-10-03,EMP01861,CC0048,IT,1,Performance Pay,4536.33,CAD,CAN,2021-10-04 01:00:00,CORE_HR
EVT00019672,2021-10-19,EMP02782,CC0071,PA,5,Step Increment,96265.5,CAD,CAN,2021-10-19 14:00:00,CORE_HR
EVT00019822,2021-10-26,EMP02120,CC0008,IT,4,Step Increment,94902.63,CAD,CAN,2021-10-26 19:00:00,CORE_HR
EVT00019778,2021-10-17,EMP02605,CC0070,IT,2,Performance Pay,11091.5,CAD,CAN,2021-10-17 15:00:00,CORE_HR
EVT00019396,2021-10-20,EMP03579,CC0036,EX,1,Leave Start,,CAD,CAN,2021-10-21 12:00:00,CORE_HR
EVT00018695,2021-10-24,EMP03528,CC0103,FI,2,Step Increment,86853.14,CAD,CAN,2021-10-24 19:00:00,CORE_HR
EVT00019661,2021-10-08,EMP02872,CC0061,PA,3,Step Increment,82739.1,CAD,CAN,2021-10-08 11:00:00,CORE_HR
EVT00018660,2021-10-18,EMP03136,CC0031,EN,1,Step Increment,8091437.24,KES,KEN,2021-10-18 22:00:00,CORE_HR
EVT00018707,2021-10-23,EMP02688,CC0046,PA,1,Lateral Deployment,,AUD,AUS,2021-10-23 11:00:00,CORE_HR
EVT00018272,2021-10-12,EMP00613,CC0029,AS,2,Performance Pay,6685.22,SGD,SGP,2021-10-12 23:00:00,CORE_HR
EVT00019801,2021-10-01,EMP00737,CC0048,IT,2,Leave Start,,CAD,CA,2021-10-02 06:00:00,PAYROLL
EVT00018105,2021-10-26,EMP01649,CC0091,EN,3,Promotion,78302.35,CAD,CAN,2021-10-27 08:00:00,CORE_HR
EVT00019309,2021-10-04,EMP02260,CC0092,IT,1,Performance Pay,10438.51,CAD,CAN,2021-10-04 07:00:00,CORE_HR
EVT00018745,2021-10-16,EMP00029,CC0079,AS,2,Leave Return,,CAD,CAN,2021-10-16 18:00:00,CORE_HR
EVT00019314,2021-10-12,EMP01448,CC0033,EX,1,Step Increment,118795.39,CAD,CA,2021-10-13 09:00:00,PAYROLL
EVT00019526,2021-10-04,EMP03705,CC0080,EN,1,Leave Return,,BRL,BRA,2021-10-04 13:00:00,CORE_HR
EVT00019456,2021-10-01,EMP02136,CC0096,PA,1,Performance Pay,4218.04,CAD,CA,2021-10-01 16:00:00,PAYROLL
EVT00019258,2021-10-09,EMP02150,CC0076,CR,2,Departure,,CAD,CAN,2021-10-09 17:00:00,CORE_HR
EVT00017940,2021-10-10,EMP03859,CC0032,FI,3,Departure,,CAD,CAN,2021-10-10 23:00:00,CORE_HR
EVT00017988,2021-10-13,EMP01459,CC0051,PA,5,Leave Start,,CAD,CAN,2021-10-13 12:00:00,CORE_HR
EVT00017814,2021-10-25,EMP03692,CC0081,EX,1,Step Increment,142462.68,CAD,CA,2021-10-26 04:00:00,PAYROLL
EVT00018991,2021-10-01,EMP03930,CC0087,EN,1,Performance Pay,10945.18,CAD,CA,2021-10-03 11:00:00,PAYROLL
EVT00018209,2021-10-25,EMP01550,CC0034,PA,1,Step Increment,61716.99,CAD,CAN,2021-10-26 05:00:00,CORE_HR
EVT00019082,2021-10-19,EMP01141,CC0055,EN,4,Lateral Deployment,,CAD,CA,2021-10-19 22:00:00,PAYROLL
EVT00018317,2021-10-06,EMP01065,CC0103,PA,2,Step Increment,63502.09,CAD,CAN,2021-10-07 14:00:00,CORE_HR
EVT00019158,2021-10-16,EMP04570,CC0006,EC,3,Step Increment,73854.14,CAD,CA,2021-10-18 00:00:00,PAYROLL
EVT00018631,2021-10-10,EMP04185,CC0020,AS,3,Leave Start,,CAD,CA,2021-10-10 19:00:00,PAYROLL
EVT00019565,2021-10-02,EMP03268,CC0096,CR,1,Step Increment,49257.31,CAD,CA,2021-10-03 03:00:00,PAYROLL
EVT00017952,2021-10-19,EMP00107,CC0031,AS,3,Step Increment,83057.18,AUD,AUS,2021-10-19 22:00:00,CORE_HR
EVT00019549,2021-10-01,EMP04263,CC0062,PA,3,Leave Return,,CAD,CA,2021-10-02 15:00:00,PAYROLL
EVT00019012,2021-10-08,EMP01626,CC0012,EC,2,Step Increment,82145.9,CAD,CAN,2021-10-08 21:00:00,CORE_HR
EVT00018727,2021-10-04,EMP01282,CC0018,AS,2,Departure,,CAD,CA,2021-10-04 22:00:00,PAYROLL
EVT00018326,2021-10-22,EMP03855,CC0008,EN,1,Step Increment,87597.17,CAD,CAN,2021-10-23 02:00:00,CORE_HR
EVT00017740,2021-10-15,EMP02471,CC0060,AS,2,Step Increment,59235.65,CAD,CAN,2021-10-15 20:00:00,CORE_HR
EVT00019066,2021-10-15,EMP03349,CC0096,FI,2,Lateral Deployment,,CAD,CA,2021-10-15 08:00:00,PAYROLL
EVT00018996,2021-10-08,EMP04139,CC0101,EX,2,Step Increment,158454.25,CAD,CA,2021-10-09 13:00:00,PAYROLL
EVT00019833,2021-10-11,EMP00103,CC0041,FI,5,Performance Pay,11062.71,CAD,CA,2021-10-12 11:00:00,PAYROLL
EVT00018957,2021-10-03,EMP04202,CC0110,EC,2,Step Increment,76247.61,CAD,CA,2021-10-04 06:00:00,PAYROLL
EVT00019595,2021-10-21,EMP03151,CC0076,EC,2,Promotion,88318.37,CAD,CAN,2021-10-22 01:00:00,CORE_HR
EVT00018666,2021-10-07,EMP04779,CC0082,CR,3,Leave Start,,CAD,CAN,2021-10-07 19:00:00,CORE_HR
EVT00017983,2021-10-01,EMP00113,CC0084,IT,2,Leave Start,,CAD,CA,2021-10-02 08:00:00,PAYROLL
EVT00018743,2021-10-01,EMP04014,CC0104,IT,4,Performance Pay,13885.56,CAD,CAN,2021-10-02 11:00:00,CORE_HR
EVT00018136,2021-10-06,EMP03694,CC0016,AS,2,Leave Start,,CAD,CAN,2021-10-06 14:00:00,CORE_HR
EVT00018805,2021-10-17,EMP01148,CC0103,EX,2,Departure,,CAD,CA,2021-10-17 21:00:00,PAYROLL
EVT00017737,2021-10-15,EMP03121,CC0105,EC,1,Step Increment,184939.04,AED,AE,2021-10-16 13:00:00,PAYROLL
EVT00017795,2021-10-16,EMP04540,CC0044,EC,2,Leave Return,,CAD,CAN,2021-10-17 15:00:00,CORE_HR
EVT00019259,2021-10-17,EMP01281,CC0086,EC,4,Performance Pay,628642.22,JPY,JP,2021-10-18 11:00:00,PAYROLL
EVT00018515,2021-10-20,EMP03509,CC0055,IT,3,Step Increment,96491.71,CAD,CA,2021-10-21 01:00:00,PAYROLL
EVT00019474,2021-10-11,EMP02641,CC0089,AS,1,Leave Start,,CAD,CAN,2021-10-11 07:00:00,CORE_HR
EVT00018025,2021-10-25,EMP01445,CC0093,PA,4,Leave Start,,CAD,CAN,2021-10-25 19:00:00,CORE_HR
EVT00018411,2021-10-15,EMP02683,CC0053,PA,5,Leave Return,,CAD,CAN,2021-10-16 12:00:00,CORE_HR
EVT00019210,2021-10-06,EMP03288,CC0037,IT,1,Step Increment,78537.45,CAD,CA,2021-10-06 20:00:00,PAYROLL
EVT00019250,2021-10-02,EMP00638,CC0092,CR,3,Leave Return,,CAD,CA,2021-10-02 22:00:00,PAYROLL
EVT00018074,2021-10-20,EMP03554,CC0048,CR,3,Leave Start,,CAD,CA,2021-10-20 21:00:00,PAYROLL
EVT00019570,2021-10-12,EMP00892,CC0093,EN,1,Departure,,CAD,CA,2021-10-12 21:00:00,PAYROLL
EVT00017780,2021-10-04,EMP04273,CC0099,EN,1,Step Increment,80292.42,CAD,CAN,2021-10-05 07:00:00,CORE_HR
EVT00017773,2021-10-01,EMP04172,CC0018,EX,1,Step Increment,131832.86,CAD,CA,2021-10-01 13:00:00,PAYROLL
EVT00018549,2021-10-10,EMP01362,CC0025,FI,1,Leave Start,,CAD,CAN,2021-10-10 23:00:00,CORE_HR
EVT00017716,2021-10-25,EMP04616,CC0001,FI,4,Leave Return,,CAD,CAN,2021-10-26 03:00:00,CORE_HR
EVT00017969,2021-10-10,EMP02733,CC0051,EX,1,Leave Return,,CAD,CAN,2021-10-11 08:00:00,CORE_HR
EVT00019172,2021-10-18,EMP00566,CC0032,IT,3,Lateral Deployment,,CAD,CAN,2021-10-19 14:00:00,CORE_HR
EVT00017776,2021-10-19,EMP04770,CC0038,EC,2,Performance Pay,10441.65,CAD,CA,2021-10-19 12:00:00,PAYROLL
EVT00018608,2021-10-27,EMP00779,CC0104,EC,2,Step Increment,86857.11,CAD,CAN,2021-10-28 17:00:00,CORE_HR
EVT00018453,2021-10-04,EMP01614,CC0107,EC,4,Step Increment,88247.26,CAD,CAN,2021-10-04 12:00:00,CORE_HR
EVT00019352,2021-10-19,EMP01268,CC0065,EN,5,Departure,,INR,IND,2021-10-19 17:00:00,CORE_HR
EVT00019076,2021-10-13,EMP02681,CC0079,FI,2,Step Increment,79279.76,CAD,CAN,2021-10-14 07:00:00,CORE_HR
EVT00018009,2021-10-20,EMP02028,CC0076,AS,1,Step Increment,54683.09,CAD,CA,2021-10-21 15:00:00,PAYROLL
EVT00019591,2021-10-22,EMP04037,CC0060,EN,2,Departure,,CAD,CA,2021-10-23 06:00:00,PAYROLL
EVT00018680,2021-10-06,EMP04318,CC0072,EC,4,Step Increment,132254.51,CAD,CA,2021-10-06 14:00:00,PAYROLL
EVT00019152,2021-10-25,EMP00244,CC0031,PA,3,Lateral Deployment,,EUR,DE,2021-10-25 09:00:00,PAYROLL
EVT00018656,2021-10-14,EMP02397,CC0040,PA,1,Performance Pay,8129.21,CAD,CAN,2021-10-14 13:00:00,CORE_HR
EVT00018306,2021-10-15,EMP02247,CC0056,EN,3,Step Increment,103506.56,CAD,CAN,2021-10-16 15:00:00,CORE_HR
EVT00018229,2021-10-20,EMP00918,CC0060,PA,3,Leave Start,,CAD,CA,2021-10-21 11:00:00,PAYROLL
EVT00018217,2021-10-20,EMP00291,CC0071,PA,3,Leave Start,,CAD,CAN,2021-10-21 08:00:00,CORE_HR
EVT00019767,2021-10-19,EMP00427,CC0010,CR,1,Step Increment,51557.58,CAD,CAN,2021-10-20 11:00:00,CORE_HR
EVT00019229,2021-10-02,EMP02181,CC0052,PA,3,Step Increment,67713.53,CAD,CA,2021-10-03 01:00:00,PAYROLL
EVT00019676,2021-10-21,EMP02140,CC0053,FI,4,Step Increment,105238.26,CAD,CA,2021-10-22 06:00:00,PAYROLL
EVT00019228,2021-10-09,EMP02415,CC0120,IT,2,Leave Start,,CAD,CA,2021-10-09 23:00:00,PAYROLL
EVT00017947,2021-10-01,EMP04225,CC0077,CR,5,Performance Pay,7632.16,CAD,CA,2021-10-02 14:00:00,PAYROLL
EVT00019758,2021-10-18,EMP04271,CC0032,IT,1,Performance Pay,7516.25,CAD,CAN,2021-10-18 11:00:00,CORE_HR
EVT00018168,2021-10-10,EMP01202,CC0061,CR,2,Performance Pay,6809.41,CAD,CAN,2021-10-11 02:00:00,CORE_HR
EVT00019299,2021-10-15,EMP01818,CC0041,IT,5,Performance Pay,11777.11,CAD,CAN,2021-10-18 12:00:00,CORE_HR
EVT00018100,2021-10-19,EMP02320,CC0010,PA,1,Leave Return,,CAD,CAN,2021-10-19 09:00:00,CORE_HR
EVT00017868,2021-10-15,EMP01268,CC0065,EN,5,Promotion,132440.67,AUD,AU,2021-10-15 20:00:00,PAYROLL
EVT00017739,2021-10-04,EMP04917,CC0091,IT,3,Lateral Deployment,,CAD,CAN,2021-10-04 06:00:00,CORE_HR
EVT00018879,2021-10-03,EMP01880,CC0118,EX,1,Performance Pay,18168.12,CAD,CA,2021-10-03 16:00:00,PAYROLL
EVT00018160,2021-10-01,EMP00665,CC0011,AS,1,Lateral Deployment,,CAD,CA,2021-10-01 20:00:00,PAYROLL
EVT00018270,2021-10-22,EMP00604,CC0018,EX,3,Promotion,173059.24,CAD,CA,2021-10-23 05:00:00,PAYROLL
EVT00018420,2021-10-09,EMP01422,CC0099,IT,2,Departure,,CAD,CA,2021-10-09 17:00:00,PAYROLL
EVT00018830,2021-10-17,EMP03317,CC0017,AS,4,Leave Start,,CAD,CA,2021-10-17 15:00:00,PAYROLL
EVT00017895,2021-10-23,EMP02938,CC0116,AS,1,Performance Pay,7083.7,CAD,CA,2021-10-23 09:00:00,PAYROLL
EVT00019588,2021-10-20,EMP00030,CC0114,EX,1,Step Increment,120926.6,CAD,CAN,2021-10-20 08:00:00,CORE_HR
EVT00018874,2021-10-06,EMP04212,CC0001,IT,1,Leave Return,,CAD,CAN,2021-10-07 15:00:00,CORE_HR
EVT00018777,2021-10-03,EMP00720,CC0060,EC,2,Leave Return,,CAD,CAN,2021-10-03 08:00:00,CORE_HR
EVT00019806,2021-10-21,EMP04830,CC0093,IT,1,Step Increment,81266.03,CAD,CA,2021-10-22 00:00:00,PAYROLL
EVT00018501,2021-10-08,EMP02272,CC0005,CR,5,Step Increment,71148.16,CAD,CAN,2021-10-08 15:00:00,CORE_HR
EVT00018143,2021-10-04,EMP03918,CC0094,EX,2,Promotion,152015.75,CAD,CAN,2021-10-04 08:00:00,CORE_HR
EVT00019405,2021-10-18,EMP02921,CC0044,CR,4,Performance Pay,5066.22,CAD,CAN,2021-10-18 14:00:00,CORE_HR
EVT00018598,2021-10-04,EMP01061,CC0033,EX,1,Promotion,137751.38,CAD,CAN,2021-10-05 07:00:00,CORE_HR
EVT00019599,2021-10-27,EMP02962,CC0017,EN,2,Step Increment,67172.12,CAD,CAN,2021-10-28 00:00:00,CORE_HR
EVT00018485,2021-10-02,EMP03731,CC0119,EX,2,Step Increment,109472.65,CAD,CAN,2021-10-02 09:00:00,CORE_HR
EVT00018344,2021-10-26,EMP04235,CC0006,IT,1,Leave Return,,CAD,CA,2021-10-26 13:00:00,PAYROLL
EVT00018147,2021-10-10,EMP01858,CC0116,EN,3,Step Increment,103845.61,CAD,CA,2021-10-13 07:00:00,PAYROLL
EVT00018471,2021-10-26,EMP01365,CC0086,EX,1,Promotion,12597263.15,KES,KEN,2021-10-26 10:00:00,CORE_HR
EVT00018968,2021-10-25,EMP01518,CC0001,AS,2,Step Increment,66615.85,CAD,CAN,2021-10-25 18:00:00,CORE_HR
EVT00019241,2021-10-12,EMP02728,CC0079,PA,3,Performance Pay,8072.12,CAD,CAN,2021-10-12 14:00:00,CORE_HR
EVT00019075,2021-10-27,EMP04803,CC0060,PA,1,Performance Pay,8108.73,CAD,CA,2021-10-28 14:00:00,PAYROLL
EVT00018511,2021-10-07,EMP04380,CC0048,EN,2,Leave Start,,CAD,CAN,2021-10-07 14:00:00,CORE_HR
EVT00019699,2021-10-10,EMP01544,CC0052,FI,1,Performance Pay,6423.43,CAD,CA,2021-10-11 01:00:00,PAYROLL
EVT00018228,2021-10-07,EMP04153,CC0007,EN,5,Leave Return,,USD,USA,2021-10-08 11:00:00,CORE_HR
EVT00018976,2021-10-01,EMP00284,CC0004,FI,2,Promotion,75136.7,CAD,CA,2021-10-02 05:00:00,PAYROLL
EVT00018539,2021-10-11,EMP03201,CC0113,CR,3,Promotion,60490.14,CAD,CA,2021-10-11 20:00:00,PAYROLL
EVT00019046,2021-10-10,EMP02081,CC0009,EC,3,Lateral Deployment,,EUR,FRA,2021-10-12 17:00:00,CORE_HR
EVT00018378,2021-10-01,EMP02090,CC0025,FI,1,Leave Start,,CAD,CA,2021-10-02 12:00:00,PAYROLL
EVT00018905,2021-10-09,EMP01532,CC0053,CR,3,Lateral Deployment,,CAD,CAN,2021-10-10 15:00:00,CORE_HR
EVT00019793,2021-10-22,EMP00915,CC0114,EC,1,Departure,,CAD,CA,2021-10-22 08:00:00,PAYROLL
EVT00019558,2021-10-08,EMP03340,CC0118,PA,4,Performance Pay,11378.16,CAD,CAN,2021-10-09 02:00:00,CORE_HR
EVT00019439,2021-10-11,EMP04273,CC0099,EN,1,Leave Return,,CAD,CA,2021-10-12 02:00:00,PAYROLL
EVT00019741,2021-10-24,EMP01439,CC0063,PA,2,Leave Start,,CAD,CA,2021-10-24 23:00:00,PAYROLL
EVT00019213,2021-10-08,EMP01700,CC0076,FI,1,Lateral Deployment,,CAD,CA,2021-10-08 22:00:00,PAYROLL
EVT00017779,2021-10-06,EMP01144,CC0107,IT,2,Performance Pay,9553.08,CAD,CAN,2021-10-09 13:00:00,CORE_HR
EVT00018161,2021-10-26,EMP03401,CC0108,AS,5,Promotion,53037.56,EUR,DEU,2021-10-27 00:00:00,CORE_HR
EVT00018896,2021-10-24,EMP01358,CC0110,IT,4,Promotion,106665.95,CAD,CAN,2021-10-25 11:00:00,CORE_HR
EVT00019383,2021-10-07,EMP03001,CC0007,IT,1,Performance Pay,5811.06,USD,USA,2021-10-07 14:00:00,CORE_HR
EVT00017738,2021-10-15,EMP03894,CC0007,PA,2,Promotion,57997.72,SGD,SG,2021-10-16 03:00:00,PAYROLL
EVT00019497,2021-10-03,EMP04437,CC0071,EN,5,Departure,,CAD,CAN,2021-10-04 13:00:00,CORE_HR
EVT00019365,2021-10-08,EMP01877,CC0013,PA,5,Departure,,CAD,CAN,2021-10-08 19:00:00,CORE_HR
EVT00019465,2021-10-07,EMP03644,CC0026,EX,2,Leave Return,,CAD,CA,2021-10-08 02:00:00,PAYROLL
EVT00018196,2021-10-08,EMP03883,CC0103,IT,2,Performance Pay,9788.31,CAD,CAN,2021-10-08 14:00:00,CORE_HR
EVT00018992,2021-10-16,EMP02554,CC0028,PA,4,Step Increment,89217.42,CAD,CAN,2021-10-16 13:00:00,CORE_HR
EVT00019477,2021-10-06,EMP01632,CC0005,EX,1,Leave Start,,CAD,CAN,2021-10-06 07:00:00,CORE_HR
EVT00017831,2021-10-09,EMP03405,CC0049,AS,4,Leave Return,,EUR,DEU,2021-10-09 09:00:00,CORE_HR
EVT00018463,2021-10-11,EMP04266,CC0057,FI,4,Step Increment,101594.15,CAD,CAN,2021-10-12 10:00:00,CORE_HR
EVT00018244,2021-10-24,EMP02947,CC0010,IT,1,Leave Return,,CAD,CAN,2021-10-25 02:00:00,CORE_HR
EVT00019491,2021-10-16,EMP03863,CC0094,PA,2,Step Increment,74411.32,CAD,CAN,2021-10-17 06:00:00,CORE_HR
EVT00018064,2021-10-02,EMP03234,CC0111,PA,3,Leave Start,,MXN,MX,2021-10-03 04:00:00,PAYROLL
EVT00017861,2021-10-07,EMP02889,CC0067,FI,4,Hire,98707.3,CAD,CA,2021-10-07 17:00:00,PAYROLL
EVT00019027,2021-10-24,EMP00005,CC0006,IT,4,Leave Return,,CAD,CA,2021-10-25 08:00:00,PAYROLL
EVT00019505,2021-10-11,EMP02639,CC0096,PA,4,Promotion,94638.35,CAD,CA,2021-10-11 06:00:00,PAYROLL
EVT00018114,2021-10-27,EMP02805,CC0011,EN,1,Step Increment,94813.8,CAD,CA,2021-10-28 13:00:00,PAYROLL
EVT00019224,2021-10-01,EMP04479,CC0027,CR,4,Departure,,CAD,CAN,2021-10-02 06:00:00,CORE_HR
EVT00019507,2021-10-14,EMP01852,CC0093,CR,1,Lateral Deployment,,CAD,CAN,2021-10-15 04:00:00,CORE_HR
EVT00019554,2021-10-06,EMP01487,CC0075,CR,5,Departure,,CAD,CAN,2021-10-07 03:00:00,CORE_HR
EVT00017949,2021-10-02,EMP03909,CC0057,EN,5,Performance Pay,12484.56,CAD,CAN,2021-10-03 14:00:00,CORE_HR
EVT00018821,2021-10-23,EMP00024,CC0024,PA,1,Step Increment,70301.39,CAD,CA,2021-10-23 12:00:00,PAYROLL
EVT00018040,2021-10-16,EMP03213,CC0029,EC,5,Step Increment,1274742.45,MXN,MEX,2021-10-16 18:00:00,CORE_HR
EVT00019654,2021-10-01,EMP01230,CC0009,PA,1,Leave Start,,BRL,BRA,2021-10-01 08:00:00,CORE_HR
EVT00019236,2021-10-09,EMP01103,CC0101,EN,2,Leave Start,,CAD,CAN,2021-10-09 16:00:00,CORE_HR
EVT00018244,2021-10-24,EMP02947,CC0010,IT,1,Leave Return,,CAD,CAN,2021-10-26 23:00:00,CORE_HR
EVT00018439,2021-10-04,EMP02534,CC0011,EX,1,Step Increment,140693.02,CAD,CA,2021-10-04 18:00:00,PAYROLL
EVT00018460,2021-10-04,EMP01479,CC0114,IT,1,Step Increment,74165.25,CAD,CAN,2021-10-04 21:00:00,CORE_HR
EVT00018597,2021-10-02,EMP02981,CC0023,FI,3,Step Increment,89336.2,CAD,CAN,2021-10-03 01:00:00,CORE_HR
EVT00019021,2021-10-19,EMP04418,CC0073,AS,4,Performance Pay,6926.53,CAD,CAN,2021-10-19 16:00:00,CORE_HR
EVT00018710,2021-10-08,EMP04292,CC0115,EX,1,Step Increment,120070.61,CAD,CAN,2021-10-08 17:00:00,CORE_HR
EVT00019103,2021-10-10,EMP04987,CC0102,EN,3,Leave Return,,CAD,CAN,2021-10-11 01:00:00,CORE_HR
EVT00018788,2021-10-08,EMP00812,CC0026,AS,3,Performance Pay,9510.38,CAD,CAN,2021-10-08 22:00:00,CORE_HR
EVT00018675,2021-10-02,EMP02032,CC0089,EC,3,Step Increment,103763.35,CAD,CAN,2021-10-03 02:00:00,CORE_HR
EVT00019589,2021-10-17,EMP02963,CC0015,FI,3,Leave Start,,CAD,CAN,2021-10-17 12:00:00,CORE_HR
EVT00018782,2021-10-22,EMP01717,CC0096,EX,2,Performance Pay,10089.01,CAD,CAN,2021-10-23 08:00:00,CORE_HR
EVT00019469,2021-10-14,EMP02727,CC0104,PA,2,Step Increment,73449.17,CAD,CAN,2021-10-15 08:00:00,CORE_HR
EVT00018633,2021-10-01,EMP00554,CC0021,CR,5,Performance Pay,3344.02,CAD,CAN,2021-10-01 12:00:00,CORE_HR
EVT00019722,2021-10-17,EMP02722,CC0066,PA,3,Leave Start,,CAD,CAN,2021-10-17 20:00:00,CORE_HR
EVT00018318,2021-10-18,EMP02129,CC0090,EC,3,Leave Return,,CAD,CAN,2021-10-18 23:00:00,CORE_HR
EVT00017838,2021-10-12,EMP01315,CC0107,IT,3,Step Increment,109219.32,CAD,CAN,2021-10-12 13:00:00,CORE_HR
EVT00019289,2021-10-17,EMP04795,CC0057,EN,1,Step Increment,79187.83,CAD,CAN,2021-10-18 11:00:00,CORE_HR
EVT00019133,2021-10-13,EMP01862,CC0068,AS,5,Promotion,86188.99,CAD,CAN,2021-10-13 20:00:00,CORE_HR
EVT00017761,2021-10-12,EMP04366,CC0063,EC,1,Departure,,CAD,CA,2021-10-13 01:00:00,PAYROLL
EVT00019007,2021-10-04,EMP01272,CC0077,FI,2,Step Increment,86730.37,CAD,CAN,2021-10-05 10:00:00,CORE_HR
EVT00018822,2021-10-03,EMP03969,CC0033,AS,1,Lateral Deployment,,CAD,CAN,2021-10-03 12:00:00,CORE_HR
EVT00019155,2021-10-15,EMP01289,CC0090,CR,3,Promotion,62170.76,CAD,CA,2021-10-15 18:00:00,PAYROLL
EVT00019080,2021-10-10,EMP00165,CC0101,EN,3,Step Increment,96105.45,CAD,CAN,2021-10-10 11:00:00,CORE_HR
EVT00018375,2021-10-26,EMP01241,CC0049,PA,4,Step Increment,8570844.14,KES,KEN,2021-10-27 14:00:00,CORE_HR
EVT00018253,2021-10-16,EMP02683,CC0053,PA,5,Leave Start,,CAD,CAN,2021-10-17 11:00:00,CORE_HR
EVT00017801,2021-10-03,EMP01369,CC0015,PA,5,Hire,77074.05,CAD,CA,2021-10-03 08:00:00,PAYROLL
EVT00018145,2021-10-14,EMP01837,CC0108,PA,1,Step Increment,6629312.65,JPY,JP,2021-10-14 06:00:00,PAYROLL
EVT00018679,2021-10-16,EMP04288,CC0001,PA,1,Step Increment,63352.56,CAD,CAN,2021-10-17 10:00:00,CORE_HR
EVT00019269,2021-10-07,EMP00372,CC0029,EN,1,Step Increment,9229175.4,JPY,JPN,2021-10-07 09:00:00,CORE_HR
EVT00018939,2021-10-08,EMP03410,CC0056,EN,2,Promotion,85607.67,CAD,CA,2021-10-08 12:00:00,PAYROLL
EVT00019775,2021-10-25,EMP02128,CC0061,PA,1,Lateral Deployment,,CAD,CAN,2021-10-26 11:00:00,CORE_HR
EVT00018403,2021-10-23,EMP00422,CC0115,PA,5,Performance Pay,5944.35,CAD,CA,2021-10-24 03:00:00,PAYROLL
EVT00018363,2021-10-12,EMP02920,CC0006,AS,3,Performance Pay,3121.73,CAD,CAN,2021-10-14 20:00:00,CORE_HR
EVT00019281,2021-10-20,EMP03749,CC0096,EN,1,Leave Start,,CAD,CAN,2021-10-20 14:00:00,CORE_HR
EVT00017986,2021-10-27,EMP02494,CC0059,PA,2,Step Increment,64854.43,CAD,CAN,2021-10-28 04:00:00,CORE_HR
EVT00018709,2021-10-02,EMP03655,CC0105,FI,1,Hire,7108093.18,JPY,JPN,2021-10-05 00:00:00,CORE_HR
EVT00019139,2021-10-22,EMP02895,CC0086,CR,3,Performance Pay,5048.13,EUR,FRA,2021-10-22 10:00:00,CORE_HR
EVT00018636,2021-10-21,EMP00547,CC0118,EX,1,Step Increment,140454.67,CAD,CAN,2021-10-21 16:00:00,CORE_HR
EVT00018187,2021-10-08,EMP04762,CC0090,EN,1,Step Increment,74304.31,CAD,CAN,2021-10-08 21:00:00,CORE_HR
EVT00017725,2021-10-11,EMP03623,CC0094,PA,3,Leave Start,,CAD,CAN,2021-10-12 08:00:00,CORE_HR
EVT00019093,2021-10-05,EMP02116,CC0010,PA,3,Performance Pay,5243.41,CAD,CAN,2021-10-05 22:00:00,CORE_HR
EVT00017899,2021-10-26,EMP00792,CC0063,CR,5,Step Increment,71032.81,CAD,CA,2021-10-26 14:00:00,PAYROLL
EVT00018255,2021-10-03,EMP01490,CC0062,EN,2,Departure,,CAD,CA,2021-10-04 08:00:00,PAYROLL
EVT00018416,2021-10-01,EMP04502,CC0110,PA,2,Lateral Deployment,,CAD,CAN,2021-10-02 04:00:00,CORE_HR
EVT00017747,2021-10-14,EMP02507,CC0074,EX,1,Leave Start,,BRL,BR,2021-10-14 22:00:00,PAYROLL
EVT00019642,2021-10-23,EMP04309,CC0030,EN,2,Leave Start,,EUR,FRA,2021-10-23 06:00:00,CORE_HR
EVT00018937,2021-10-02,EMP00911,CC0005,AS,3,Step Increment,73057.49,CAD,CA,2021-10-03 10:00:00,PAYROLL
EVT00019249,2021-10-05,EMP00353,CC0092,EN,2,Departure,,CAD,CAN,2021-10-05 18:00:00,CORE_HR
EVT00019626,2021-10-19,EMP01116,CC0065,FI,3,Step Increment,1078444.97,MXN,MX,2021-10-19 23:00:00,PAYROLL
EVT00018845,2021-10-04,EMP02189,CC0105,FI,1,Step Increment,7495624.82,KES,KE,2021-10-04 08:00:00,PAYROLL
EVT00017822,2021-10-27,EMP00445,CC0077,AS,1,Performance Pay,2792.35,CAD,CAN,2021-10-27 16:00:00,CORE_HR
EVT00019018,2021-10-22,EMP01448,CC0033,EX,1,Step Increment,117844.0,CAD,CAN,2021-10-23 09:00:00,CORE_HR
EVT00018117,2021-10-05,EMP02580,CC0102,AS,1,Step Increment,56661.88,CAD,CAN,2021-10-06 05:00:00,CORE_HR
EVT00018043,2021-10-08,EMP03721,CC0110,AS,5,Leave Start,,CAD,CA,2021-10-08 15:00:00,PAYROLL
EVT00017886,2021-10-05,EMP01980,CC0003,EN,3,Promotion,123748.84,CAD,CA,2021-10-05 20:00:00,PAYROLL
EVT00019336,2021-10-03,EMP04244,CC0062,IT,4,Step Increment,110064.22,CAD,CAN,2021-10-04 02:00:00,CORE_HR
EVT00019060,2021-10-03,EMP00176,CC0031,FI,3,Departure,,AED,ARE,2021-10-04 12:00:00,CORE_HR
EVT00019208,2021-10-20,EMP03843,CC0049,EX,1,Departure,,MXN,MEX,2021-10-20 17:00:00,CORE_HR
EVT00019040,2021-10-22,EMP03561,CC0116,PA,3,Lateral Deployment,,CAD,CAN,2021-10-22 23:00:00,CORE_HR
EVT00017839,2021-10-24,EMP02211,CC0004,PA,4,Departure,,CAD,CAN,2021-10-24 18:00:00,CORE_HR
EVT00018452,2021-10-06,EMP00939,CC0063,IT,3,Lateral Deployment,,CAD,CA,2021-10-07 00:00:00,PAYROLL
EVT00018858,2021-10-15,EMP03610,CC0051,EC,1,Step Increment,68120.48,CAD,CAN,2021-10-16 09:00:00,CORE_HR
EVT00019217,2021-10-23,EMP99999,CC0035,EN,3,Lateral Deployment,,CAD,CAN,2021-10-23 12:00:00,CORE_HR
EVT00019475,2021-10-11,EMP04846,CC0033,PA,2,Leave Start,,CAD,CAN,2021-10-12 11:00:00,CORE_HR
EVT00018059,2021-10-16,EMP04012,CC0069,PA,5,Leave Start,,CAD,CAN,2021-10-17 05:00:00,CORE_HR
EVT00018364,2021-10-10,EMP03229,CC0035,PA,1,Leave Return,,CAD,CAN,2021-10-11 09:00:00,CORE_HR
EVT00019062,2021-10-23,EMP01290,CC0080,AS,2,Leave Start,,AUD,AU,2021-10-23 16:00:00,PAYROLL
EVT00018662,2021-10-27,EMP01802,CC0004,CR,4,Leave Start,,CAD,CAN,2021-10-27 11:00:00,CORE_HR
EVT00017860,2021-10-06,EMP01233,CC0007,AS,1,Step Increment,34362.67,EUR,FRA,2021-10-06 06:00:00,CORE_HR
EVT00018550,2021-10-02,EMP03530,CC0086,IT,4,Lateral Deployment,,MXN,MEX,2021-10-03 02:00:00,CORE_HR
EVT00019780,2021-10-24,EMP02510,CC0013,CR,2,Hire,58427.65,CAD,CAN,2021-10-24 14:00:00,CORE_HR
EVT00018570,2021-10-19,EMP02281,CC0065,PA,3,Step Increment,55100.2,USD,USA,2021-10-19 22:00:00,CORE_HR
EVT00018778,2021-10-15,EMP02778,CC0020,AS,3,Leave Return,,CAD,CA,2021-10-16 05:00:00,PAYROLL
EVT00018302,2021-10-22,EMP02678,CC0025,CR,1,Lateral Deployment,,CAD,CA,2021-10-22 16:00:00,PAYROLL
EVT00019448,2021-10-15,EMP01790,CC0037,IT,2,Lateral Deployment,,CAD,CAN,2021-10-17 10:00:00,CORE_HR
EVT00019160,2021-10-01,EMP01361,CC0061,IT,2,Step Increment,69381.87,CAD,CA,2021-10-02 00:00:00,PAYROLL
EVT00018621,2021-10-17,EMP00818,CC0062,IT,4,Step Increment,147847.71,CAD,CAN,2021-10-18 07:00:00,CORE_HR
EVT00017879,2021-10-15,EMP02715,CC0015,IT,5,Performance Pay,18192.49,CAD,CAN,2021-10-16 15:00:00,CORE_HR
EVT00018431,2021-10-04,EMP04999,CC0019,IT,3,Performance Pay,9774.32,CAD,CA,2021-10-04 08:00:00,PAYROLL
EVT00018327,2021-10-22,EMP03287,CC0060,EX,3,Promotion,161638.09,CAD,CA,2021-10-23 08:00:00,PAYROLL
EVT00019389,2021-10-12,EMP02529,CC0036,EN,3,Performance Pay,14090.01,CAD,CA,2021-10-12 19:00:00,PAYROLL
EVT00019563,2021-10-18,EMP01445,CC0093,PA,4,Performance Pay,10076.95,CAD,CAN,2021-10-19 09:00:00,CORE_HR
EVT00018691,2021-10-16,EMP04673,CC0105,AS,4,Leave Start,,KES,KEN,2021-10-16 16:00:00,CORE_HR
EVT00018334,2021-10-22,EMP03776,CC0033,EC,2,Leave Return,,CAD,CA,2021-10-22 22:00:00,PAYROLL
EVT00018639,2021-10-22,EMP01434,CC0119,IT,3,Leave Start,,CAD,CAN,2021-10-22 16:00:00,CORE_HR
EVT00017856,2021-10-05,EMP01294,CC0086,CR,4,Step Increment,73106.62,SGD,SGP,2021-10-05 20:00:00,CORE_HR
EVT00017810,2021-10-12,EMP01349,CC0021,PA,3,Step Increment,83610.39,CAD,CA,2021-10-12 21:00:00,PAYROLL
EVT00019290,2021-10-21,EMP01030,CC0035,IT,4,Step Increment,127104.91,CAD,CAN,2021-10-21 14:00:00,CORE_HR
EVT00018379,2021-10-15,EMP04584,CC0064,FI,2,Departure,,CAD,CAN,2021-10-15 19:00:00,CORE_HR
EVT00019559,2021-10-10,EMP00671,CC0062,CR,2,Leave Start,,CAD,CA,2021-10-11 01:00:00,PAYROLL
EVT00019708,2021-10-10,EMP02607,CC0119,EX,2,Leave Return,,CAD,CA,2021-10-10 16:00:00,PAYROLL
EVT00018562,2021-10-19,EMP04830,CC0093,IT,1,Leave Return,,CAD,CAN,2021-10-20 07:00:00,CORE_HR
EVT00019004,2021-10-10,EMP00409,CC0081,IT,5,Hire,133690.2,CAD,CA,2021-10-10 21:00:00,PAYROLL
EVT00019574,2021-10-19,EMP01056,CC0064,CR,3,Leave Return,,CAD,CAN,2021-10-19 07:00:00,CORE_HR
EVT00019616,2021-10-26,EMP04972,CC0025,FI,1,Leave Return,,CAD,CA,2021-10-30 13:00:00,PAYROLL
EVT00019325,2021-10-06,EMP01609,CC0017,FI,3,Lateral Deployment,,CAD,CAN,2021-10-07 14:00:00,CORE_HR
EVT00017720,2021-10-05,EMP04909,CC0104,CR,3,Hire,56688.37,CAD,CAN,2021-10-05 17:00:00,CORE_HR
EVT00019429,2021-10-18,EMP01799,CC0067,AS,3,Promotion,67207.15,CAD,CAN,2021-10-19 12:00:00,CORE_HR
EVT00018510,2021-10-14,EMP00670,CC0049,IT,4,Step Increment,93436.42,AUD,AU,2021-10-14 17:00:00,PAYROLL
EVT00018794,2021-10-25,EMP00566,CC0032,IT,3,Lateral Deployment,,CAD,CAN,2021-10-26 12:00:00,CORE_HR
EVT00017845,2021-10-10,EMP03859,CC0032,FI,3,Step Increment,95787.37,CAD,CA,2021-10-11 19:00:00,PAYROLL
EVT00017784,2021-10-14,EMP02200,CC0029,EN,2,Step Increment,10361738.58,KES,KEN,2021-10-15 09:00:00,CORE_HR
EVT00019231,2021-10-25,EMP04980,CC0070,IT,4,Step Increment,109216.51,CAD,CAN,2021-10-25 17:00:00,CORE_HR
EVT00018667,2021-10-12,EMP02820,CC0018,AS,4,Step Increment,73355.58,CAD,CAN,2021-10-12 06:00:00,CORE_HR
EVT00019607,2021-10-23,EMP03234,CC0111,PA,3,Performance Pay,1043703.9,KES,KE,2021-10-24 06:00:00,PAYROLL
EVT00018283,2021-10-06,EMP03963,CC0024,PA,1,Departure,,CAD,CA,2021-10-07 15:00:00,PAYROLL
EVT00019391,2021-10-04,EMP02477,CC0084,CR,1,Leave Start,,CAD,CAN,2021-10-05 14:00:00,CORE_HR
EVT00018277,2021-10-15,EMP00239,CC0097,PA,2,Step Increment,75444.08,CAD,CA,2021-10-16 12:00:00,PAYROLL
EVT00019649,2021-10-10,EMP01467,CC0116,EN,4,Leave Start,,CAD,CAN,2021-10-11 09:00:00,CORE_HR
EVT00018506,2021-10-22,EMP01833,CC0001,EC,1,Performance Pay,7592.0,CAD,CAN,2021-10-22 22:00:00,CORE_HR
EVT00019463,2021-10-01,EMP04830,CC0093,IT,1,Lateral Deployment,,CAD,CAN,2021-10-02 14:00:00,CORE_HR
EVT00018225,2021-10-21,EMP04612,CC0008,IT,1,Lateral Deployment,,CAD,CA,2021-10-22 03:00:00,PAYROLL
EVT00018855,2021-10-26,EMP02707,CC0053,EC,2,Lateral Deployment,,CAD,CAN,2021-10-27 07:00:00,CORE_HR
EVT00019622,2021-10-18,EMP00519,CC0041,EC,3,Step Increment,76393.13,CAD,CAN,2021-10-19 03:00:00,CORE_HR
EVT00017976,2021-10-27,EMP04394,CC0045,IT,1,Lateral Deployment,,CAD,CA,2021-10-28 04:00:00,PAYROLL
EVT00018008,2021-10-19,EMP04162,CC0062,IT,4,Leave Return,,CAD,CAN,2021-10-20 13:00:00,CORE_HR
EVT00018673,2021-10-10,EMP02610,CC0044,PA,2,Step Increment,62315.41,CAD,CAN,2021-10-10 08:00:00,CORE_HR
EVT00017936,2021-10-04,EMP03429,CC0058,AS,5,Lateral Deployment,,CAD,CAN,2021-10-05 07:00:00,CORE_HR
EVT00017792,2021-10-02,EMP00940,CC0113,IT,1,Step Increment,76705.48,CAD,CAN,2021-10-02 21:00:00,CORE_HR
EVT00018035,2021-10-07,EMP04071,CC0041,CR,1,Step Increment,49426.71,CAD,CAN,2021-10-08 15:00:00,CORE_HR
EVT00018789,2021-10-04,EMP02679,CC0063,EX,1,Step Increment,138439.51,CAD,CAN,2021-10-04 14:00:00,CORE_HR
EVT00018177,2021-10-02,EMP00322,CC0053,FI,3,Step Increment,88811.82,CAD,CA,2021-10-02 17:00:00,PAYROLL
EVT00017905,2021-10-26,EMP02081,CC0009,EC,3,Performance Pay,114851.85,MXN,MEX,2021-10-27 02:00:00,CORE_HR
EVT00019670,2021-10-01,EMP03326,CC0002,PA,2,Promotion,73613.92,CAD,CAN,2021-10-01 22:00:00,CORE_HR
EVT00018005,2021-10-04,EMP02779,CC0118,PA,4,Step Increment,82219.08,CAD,CAN,2021-10-05 13:00:00,CORE_HR
EVT00019818,2021-10-25,EMP00964,CC0120,EC,1,Step Increment,67972.9,CAD,CAN,2021-10-28 07:00:00,CORE_HR
EVT00019652,2021-10-14,EMP00331,CC0066,PA,3,Step Increment,93143.87,CAD,CAN,2021-10-14 08:00:00,CORE_HR
EVT00019319,2021-10-07,EMP02252,CC0077,EN,4,Leave Return,,CAD,CAN,2021-10-08 10:00:00,CORE_HR
EVT00018628,2021-10-11,EMP02145,CC0040,PA,1,Hire,51614.61,CAD,CAN,2021-10-11 07:00:00,CORE_HR
EVT00019136,2021-10-12,EMP02636,CC0113,FI,3,Leave Start,,CAD,CAN,2021-10-12 22:00:00,CORE_HR
EVT00019237,2021-10-11,EMP01219,CC0003,CR,2,Performance Pay,7733.04,CAD,CAN,2021-10-12 08:00:00,CORE_HR
EVT00019592,2021-10-16,EMP01288,CC0019,EN,2,Step Increment,97071.81,CAD,CAN,2021-10-16 15:00:00,CORE_HR
EVT00018314,2021-10-09,EMP02686,CC0117,CR,4,Leave Start,,CAD,CAN,2021-10-10 10:00:00,CORE_HR
EVT00019337,2021-10-05,EMP01351,CC0117,CR,2,Leave Return,,CAD,CA,2021-10-05 10:00:00,PAYROLL
EVT00019341,2021-10-01,EMP04727,CC0059,IT,4,Step Increment,123179.63,CAD,CA,2021-10-02 13:00:00,PAYROLL
EVT00017845,2021-10-10,EMP03859,CC0032,FI,3,Step Increment,95787.37,CAD,CA,2021-10-10 19:00:00,PAYROLL
EVT00019369,2021-10-26,EMP04434,CC0101,EC,3,Step Increment,101486.21,CAD,CA,2021-10-26 10:00:00,PAYROLL
EVT00019493,2021-10-17,EMP03388,CC0083,EC,1,Hire,72460.88,CAD,CA,2021-10-19 18:00:00,PAYROLL
EVT00019345,2021-10-01,EMP02968,CC0075,PA,4,Departure,,CAD,CA,2021-10-01 14:00:00,PAYROLL
EVT00018731,2021-10-11,EMP03726,CC0026,CR,3,Step Increment,60111.88,CAD,CAN,2021-10-12 15:00:00,CORE_HR
EVT00018752,2021-10-15,EMP00690,CC0009,IT,2,Step Increment,63995.39,EUR,DE,2021-10-15 12:00:00,PAYROLL
EVT00018757,2021-10-14,EMP03777,CC0105,IT,1,Step Increment,951477.58,MXN,MX,2021-10-15 11:00:00,PAYROLL
EVT00017961,2021-10-24,EMP00369,CC0117,EX,1,Step Increment,136033.66,CAD,CAN,2021-10-25 02:00:00,CORE_HR
EVT00018746,2021-10-03,EMP02786,CC0030,FI,2,Leave Return,,EUR,FRA,2021-10-03 20:00:00,CORE_HR
EVT00019351,2021-10-27,EMP03929,CC0081,CR,3,Lateral Deployment,,CAD,CA,2021-10-27 23:00:00,PAYROLL
EVT00018586,2021-10-18,EMP04641,CC0051,EN,3,Leave Start,,CAD,CAN,2021-10-18 17:00:00,CORE_HR
EVT00017783,2021-10-09,EMP02570,CC0101,PA,4,Departure,,CAD,CAN,2021-10-09 09:00:00,CORE_HR
EVT00018404,2021-10-04,EMP01670,CC0095,PA,1,Performance Pay,7843.8,CAD,CAN,2021-10-05 00:00:00,CORE_HR
EVT00019014,2021-10-07,EMP00114,CC0037,IT,5,Step Increment,134370.05,CAD,CA,2021-10-08 00:00:00,PAYROLL
EVT00019743,2021-10-08,EMP04671,CC0050,IT,2,Step Increment,94675.03,CAD,CA,2021-10-09 03:00:00,PAYROLL
EVT00018657,2021-10-14,EMP04667,CC0063,IT,2,Leave Return,,CAD,CAN,2021-10-15 00:00:00,CORE_HR
EVT00018547,2021-10-16,EMP00560,CC0001,EN,2,Leave Start,,CAD,CA,2021-10-16 11:00:00,PAYROLL
EVT00018801,2021-10-02,EMP03208,CC0023,PA,5,Step Increment,72927.22,CAD,CAN,2021-10-02 16:00:00,CORE_HR
EVT00017803,2021-10-08,EMP03029,CC0021,PA,1,Step Increment,55062.02,CAD,CA,2021-10-09 07:00:00,PAYROLL
EVT00019413,2021-10-07,EMP00003,CC0008,EC,1,Performance Pay,8027.88,CAD,CAN,2021-10-07 18:00:00,CORE_HR
EVT00018158,2021-10-19,EMP00908,CC0041,EN,4,Step Increment,111164.15,CAD,CA,2021-10-19 16:00:00,PAYROLL
EVT00018400,2021-10-12,EMP00093,CC0040,PA,5,Step Increment,91860.03,CAD,CAN,2021-10-12 16:00:00,CORE_HR
EVT00018661,2021-10-19,EMP04660,CC0011,CR,3,Lateral Deployment,,CAD,CAN,2021-10-20 01:00:00,CORE_HR
EVT00017772,2021-10-13,EMP01917,CC0042,PA,1,Step Increment,61222.53,CAD,CAN,2021-10-15 18:00:00,CORE_HR
EVT00018096,2021-10-17,EMP04524,CC0010,EX,1,Lateral Deployment,,CAD,CA,2021-10-18 09:00:00,PAYROLL
EVT00019264,2021-10-19,EMP02829,CC0028,PA,5,Departure,,CAD,CAN,2021-10-19 13:00:00,CORE_HR
EVT00018594,2021-10-03,EMP03042,CC0097,AS,4,Step Increment,80980.33,CAD,CAN,2021-10-03 11:00:00,CORE_HR
EVT00018248,2021-10-13,EMP04449,CC0026,PA,2,Leave Start,,CAD,CAN,2021-10-14 02:00:00,CORE_HR
EVT00019222,2021-10-27,EMP02728,CC0079,PA,3,Departure,,CAD,CAN,2021-10-27 08:00:00,CORE_HR
EVT00018866,2021-10-16,EMP01239,CC0035,PA,4,Leave Return,,CAD,CA,2021-10-17 04:00:00,PAYROLL
EVT00019300,2021-10-22,EMP03457,CC0090,IT,2,Leave Start,,CAD,CA,2021-10-22 19:00:00,PAYROLL
EVT00018823,2021-10-18,EMP01009,CC0010,IT,2,Departure,,CAD,CA,2021-10-18 14:00:00,PAYROLL
EVT00019539,2021-10-11,EMP02217,CC0060,IT,3,Step Increment,100661.68,CAD,CAN,2021-10-11 23:00:00,CORE_HR
EVT00019317,2021-10-14,EMP04857,CC0001,AS,1,Step Increment,59439.72,CAD,CAN,2021-10-15 02:00:00,CORE_HR
EVT00019772,2021-10-05,EMP02750,CC0053,CR,3,Departure,,CAD,CAN,2021-10-05 13:00:00,CORE_HR
EVT00019537,2021-10-25,EMP03425,CC0090,IT,4,Lateral Deployment,,CAD,CAN,2021-10-26 18:00:00,CORE_HR
EVT00018526,2021-10-10,EMP04975,CC0087,PA,1,Step Increment,60374.1,CAD,CAN,2021-10-10 06:00:00,CORE_HR
EVT00017906,2021-10-08,EMP03992,CC0011,CR,1,Performance Pay,2115.65,CAD,CA,2021-10-08 18:00:00,PAYROLL
EVT00019367,2021-10-27,EMP04226,CC0115,PA,1,Step Increment,61176.36,CAD,CAN,2021-10-28 13:00:00,CORE_HR
EVT00017798,2021-10-20,EMP02145,CC0040,PA,1,Leave Return,,CAD,CA,2021-10-21 02:00:00,PAYROLL
EVT00018275,2021-10-17,EMP02704,CC0074,IT,3,Performance Pay,411385.74,INR,IND,2021-10-18 11:00:00,CORE_HR
EVT00018276,2021-10-17,EMP04477,CC0039,EN,2,Departure,,CAD,CAN,2021-10-18 15:00:00,CORE_HR
EVT00018850,2021-10-13,EMP00033,CC0037,EC,1,Leave Return,,CAD,CA,2021-10-14 01:00:00,PAYROLL
EVT00017757,2021-10-24,EMP02960,CC0072,AS,1,Leave Start,,CAD,CA,2021-10-25 10:00:00,PAYROLL
EVT00019520,2021-10-14,EMP03395,CC0105,EX,1,Hire,75379.83,XXX,USA,2021-10-14 17:00:00,CORE_HR
EVT00018563,2021-10-18,EMP03753,CC0106,FI,4,Lateral Deployment,,CAD,CAN,2021-10-19 11:00:00,CORE_HR
EVT00018811,2021-10-07,EMP03193,CC0108,FI,1,Leave Start,,AED,AE,2021-10-07 18:00:00,PAYROLL
EVT00019194,2021-10-26,EMP03002,CC0012,IT,2,Step Increment,86006.84,CAD,CA,2021-10-27 05:00:00,PAYROLL
EVT00018966,2021-10-19,EMP00873,CC0058,FI,2,Leave Start,,CAD,CA,2021-10-20 11:00:00,PAYROLL
EVT00018941,2021-10-24,EMP00846,CC0112,IT,3,Performance Pay,8321.82,CAD,CAN,2021-10-24 13:00:00,CORE_HR
EVT00018960,2021-10-10,EMP01933,CC0100,CR,2,Leave Return,,CAD,CAN,2021-10-10 10:00:00,CORE_HR
EVT00019307,2021-10-04,EMP01521,CC0007,IT,1,Step Increment,224658.53,AED,AE,2021-10-05 15:00:00,PAYROLL
EVT00017915,2021-10-10,EMP00055,CC0068,IT,1,Leave Return,,CAD,CAN,2021-10-10 12:00:00,CORE_HR
EVT00018386,2021-10-07,EMP00444,CC0018,PA,2,Performance Pay,7551.15,CAD,CA,2021-10-08 03:00:00,PAYROLL
EVT00019709,2021-10-02,EMP02286,CC0120,IT,4,Hire,109248.69,CAD,CAN,2021-10-03 14:00:00,CORE_HR
EVT00019095,2021-10-15,EMP02967,CC0099,CR,5,Leave Start,,CAD,CAN,2021-10-16 07:00:00,CORE_HR
EVT00018954,2021-10-11,EMP01385,CC0011,FI,2,Step Increment,82164.23,CAD,CAN,2021-10-11 18:00:00,CORE_HR
EVT00018296,2021-10-27,EMP01880,CC0118,EX,1,Step Increment,94170.63,CAD,CAN,2021-10-28 15:00:00,CORE_HR
EVT00017857,2021-10-16,EMP04264,CC0106,EC,1,Step Increment,68184.76,CAD,CAN,2021-10-17 21:00:00,CORE_HR
EVT00019802,2021-10-25,EMP02019,CC0078,CR,1,Departure,,CAD,CAN,2021-10-26 07:00:00,CORE_HR
EVT00017927,2021-10-07,EMP02401,CC0059,IT,3,Step Increment,110386.0,CAD,CAN,2021-10-07 14:00:00,CORE_HR
EVT00018337,2021-10-27,EMP02825,CC0089,AS,1,Lateral Deployment,,CAD,CAN,2021-10-28 13:00:00,CORE_HR
EVT00019109,2021-10-18,EMP04400,CC0096,IT,1,Leave Start,,CAD,CAN,2021-10-19 09:00:00,CORE_HR
EVT00018331,2021-10-05,EMP01434,CC0119,IT,3,Performance Pay,12681.17,CAD,CAN,2021-10-05 23:00:00,CORE_HR
EVT00019189,2021-10-10,EMP00185,CC0111,IT,2,Step Increment,56204.74,EUR,DEU,2021-10-11 03:00:00,CORE_HR
EVT00019339,2021-10-04,EMP02294,CC0003,CR,2,Lateral Deployment,,CAD,CAN,2021-10-04 14:00:00,CORE_HR
EVT00019659,2021-10-11,EMP04715,CC0115,AS,4,Performance Pay,7075.49,CAD,CA,2021-10-11 08:00:00,PAYROLL
EVT00018191,2021-10-04,EMP04123,CC0017,PA,5,Leave Start,,CAD,CA,2021-10-04 14:00:00,PAYROLL
EVT00019581,2021-10-19,EMP02844,CC0004,EC,4,Leave Start,,CAD,CA,2021-10-20 03:00:00,PAYROLL
EVT00018509,2021-10-08,EMP03183,CC0055,CR,4,Step Increment,68925.1,CAD,CAN,2021-10-09 03:00:00,CORE_HR
EVT00018012,2021-10-19,EMP00133,CC0028,FI,1,Step Increment,74466.19,CAD,CA,2021-10-19 18:00:00,PAYROLL
EVT00018197,2021-10-17,EMP02072,CC0090,PA,2,Leave Return,,CAD,CA,2021-10-18 15:00:00,PAYROLL
EVT00018719,2021-10-17,EMP04927,CC0058,AS,4,Hire,75993.56,CAD,CAN,2021-10-18 02:00:00,CORE_HR
EVT00017872,2021-10-25,EMP04006,CC0069,CR,4,Step Increment,71010.64,CAD,CA,2021-10-26 13:00:00,PAYROLL
EVT00019759,2021-10-15,EMP02282,CC0035,EN,3,Performance Pay,10146.59,CAD,CAN,2021-10-16 03:00:00,CORE_HR
EVT00018902,2021-10-20,EMP02198,CC0077,PA,1,Lateral Deployment,,CAD,CAN,2021-10-21 05:00:00,CORE_HR
EVT00018488,2021-10-13,EMP02152,CC0117,PA,2,Leave Start,,CAD,CAN,2021-10-14 00:00:00,CORE_HR
EVT00018611,2021-10-20,EMP02524,CC0023,IT,1,Lateral Deployment,,CAD,CAN,2021-10-20 22:00:00,CORE_HR
EVT00019518,2021-10-23,EMP03622,CC0014,IT,3,Step Increment,102447.13,CAD,CA,2021-10-23 21:00:00,PAYROLL
EVT00019361,2021-10-07,EMP03178,CC0003,PA,1,Step Increment,65250.95,XXX,CA,2021-10-07 19:00:00,PAYROLL
EVT00019684,2021-10-01,EMP02394,CC0021,PA,3,Leave Return,,CAD,CAN,2021-10-01 12:00:00,CORE_HR
EVT00017921,2021-10-06,EMP04175,CC0050,PA,3,Leave Return,,CAD,CAN,2021-10-06 06:00:00,CORE_HR
EVT00018462,2021-10-12,EMP01259,CC0112,IT,2,Lateral Deployment,,CAD,CA,2021-10-12 16:00:00,PAYROLL
EVT00019572,2021-10-23,EMP01954,CC0061,PA,4,Leave Start,,CAD,CAN,2021-10-24 08:00:00,CORE_HR
EVT00019032,2021-10-07,EMP02611,CC0026,FI,2,Performance Pay,6043.87,CAD,CAN,2021-10-07 15:00:00,CORE_HR
EVT00019452,2021-10-10,EMP04889,CC0013,CR,1,Step Increment,54631.62,CAD,CAN,2021-10-11 15:00:00,CORE_HR
EVT00019206,2021-10-17,EMP03675,CC0096,FI,2,Performance Pay,8333.96,CAD,CAN,2021-10-17 06:00:00,CORE_HR
EVT00018616,2021-10-17,EMP02918,CC0069,PA,3,Lateral Deployment,,CAD,CA,2021-10-18 13:00:00,PAYROLL
EVT00019111,2021-10-06,EMP01257,CC0041,AS,2,Leave Return,,CAD,CAN,2021-10-06 07:00:00,CORE_HR
EVT00017728,2021-10-19,EMP02166,CC0014,PA,5,Leave Start,,CAD,CAN,2021-10-19 10:00:00,CORE_HR
EVT00019047,2021-10-25,EMP02005,CC0044,IT,3,Step Increment,121031.28,CAD,CA,2021-10-26 00:00:00,PAYROLL
EVT00017772,2021-10-13,EMP01917,CC0042,PA,1,Step Increment,61222.53,CAD,CAN,2021-10-13 23:00:00,CORE_HR
EVT00019576,2021-10-23,EMP03977,CC0103,FI,3,Lateral Deployment,,CAD,CAN,2021-10-24 01:00:00,CORE_HR
EVT00018107,2021-10-12,EMP00179,CC0024,AS,1,Step Increment,63110.45,CAD,CA,2021-10-13 01:00:00,PAYROLL
EVT00018151,2021-10-13,EMP01187,CC0002,AS,3,Step Increment,75844.05,CAD,CAN,2021-10-14 15:00:00,CORE_HR
EVT00019736,2021-10-19,EMP01458,CC0078,EX,1,Step Increment,140902.29,CAD,CAN,2021-10-20 08:00:00,CORE_HR
EVT00018950,2021-10-27,EMP02803,CC0088,FI,1,Step Increment,8199713.46,JPY,JP,2021-10-27 11:00:00,PAYROLL
EVT00018963,2021-10-16,EMP03159,CC0042,FI,2,Step Increment,68797.78,CAD,CAN,2021-10-17 09:00:00,CORE_HR
EVT00019711,2021-10-09,EMP04341,CC0078,EC,1,Step Increment,56733.08,CAD,CAN,2021-10-10 05:00:00,CORE_HR
EVT00017815,2021-10-24,EMP04445,CC0098,AS,2,Leave Start,,CAD,CAN,2021-10-25 06:00:00,CORE_HR
EVT00017752,2021-10-01,EMP00549,CC0093,IT,3,Performance Pay,13054.4,CAD,CA,2021-10-01 10:00:00,PAYROLL
EVT00019334,2021-10-18,EMP00123,CC0117,AS,2,Performance Pay,7471.32,CAD,CAN,2021-10-18 08:00:00,CORE_HR
EVT00019441,2021-10-11,EMP04527,CC0107,PA,4,Step Increment,93230.49,CAD,CA,2021-10-11 14:00:00,PAYROLL
EVT00018926,2021-10-14,EMP03682,CC0022,EX,1,Promotion,123835.02,CAD,CAN,2021-10-15 02:00:00,CORE_HR
EVT00017958,2021-10-23,EMP04609,CC0097,EC,3,Departure,,CAD,CAN,2021-10-23 14:00:00,CORE_HR
EVT00018263,2021-10-23,EMP02315,CC0060,EN,1,Step Increment,77754.75,CAD,CA,2021-10-23 10:00:00,PAYROLL
EVT00019616,2021-10-26,EMP04972,CC0025,FI,1,Leave Return,,CAD,CA,2021-10-27 15:00:00,PAYROLL
EVT00019768,2021-10-18,EMP02038,CC0001,FI,1,Departure,,CAD,CA,2021-10-19 11:00:00,PAYROLL
EVT00018125,2021-10-02,EMP00621,CC0048,IT,5,Step Increment,127819.83,CAD,CA,2021-10-02 20:00:00,PAYROLL
EVT00017991,2021-10-16,EMP00516,CC0102,PA,2,Step Increment,63819.26,CAD,CA,2021-10-16 14:00:00,PAYROLL
EVT00018391,2021-10-19,EMP04805,CC0098,EX,2,Leave Return,,CAD,CAN,2021-10-20 00:00:00,CORE_HR
EVT00018842,2021-10-11,EMP01394,CC0014,EN,1,Leave Start,,CAD,CAN,2021-10-11 14:00:00,CORE_HR
EVT00018920,2021-10-13,EMP02630,CC0010,AS,2,Leave Return,,CAD,CAN,2021-10-13 19:00:00,CORE_HR
EVT00019420,2021-10-07,EMP04179,CC0108,IT,3,Promotion,118373.94,AUD,AUS,2021-10-08 00:00:00,CORE_HR
EVT00018195,2021-10-06,EMP04362,CC0116,IT,2,Hire,70950.32,CAD,CA,2021-10-06 13:00:00,PAYROLL
EVT00019033,2021-10-18,EMP04762,CC0090,EN,1,Step Increment,86346.84,CAD,CA,2021-10-18 21:00:00,PAYROLL
EVT00019821,2021-10-12,EMP03285,CC0046,EN,2,Lateral Deployment,,AED,AE,2021-10-12 07:00:00,PAYROLL
EVT00019820,2021-10-21,EMP02239,CC0076,IT,2,Step Increment,96452.81,CAD,CAN,2021-10-21 22:00:00,CORE_HR
EVT00019234,2021-10-01,EMP01320,CC0052,EN,3,Step Increment,104857.63,CAD,CA,2021-10-02 13:00:00,PAYROLL
EVT00018559,2021-10-04,EMP03814,CC0049,CR,4,Leave Start,,MXN,MEX,2021-10-05 03:00:00,CORE_HR
EVT00018024,2021-10-13,EMP04646,CC0004,EN,1,Performance Pay,6537.67,CAD,CAN,2021-10-14 10:00:00,CORE_HR
EVT00019584,2021-10-24,EMP03620,CC0019,FI,1,Leave Return,,CAD,CA,2021-10-24 10:00:00,PAYROLL
EVT00017964,2021-10-24,EMP02969,CC0022,CR,1,Promotion,54295.14,CAD,CAN,2021-10-25 00:00:00,CORE_HR
EVT00019350,2021-10-17,EMP02418,CC0037,CR,1,Step Increment,54821.75,CAD,CAN,2021-10-18 02:00:00,CORE_HR
EVT00018408,2021-10-24,EMP04197,CC0118,FI,2,Leave Return,,CAD,CAN,2021-10-24 14:00:00,CORE_HR
EVT00018781,2021-10-03,EMP04382,CC0119,IT,4,Step Increment,105941.93,CAD,CA,2021-10-04 03:00:00,PAYROLL
EVT00019662,2021-10-03,EMP03565,CC0104,PA,2,Hire,72364.22,CAD,CA,2021-10-03 20:00:00,PAYROLL
EVT00018964,2021-10-21,EMP01641,CC0014,AS,1,Promotion,45838.8,CAD,CA,2021-10-21 09:00:00,PAYROLL
EVT00018665,2021-10-19,EMP04318,CC0072,EC,4,Departure,,CAD,CAN,2021-10-20 08:00:00,CORE_HR
EVT00019125,2021-10-04,EMP02819,CC0112,EC,2,Hire,82585.28,CAD,CA,2021-10-04 16:00:00,PAYROLL
