event_id,event_date,employee_id,cost_center_id,classification_group,classification_level,event_type,amount_local,local_currency,work_country_code,ingest_ts,source_system
EVT00071144,2023-12-20,EMP02801,CC0053,FI,3,Step Increment,82128.93,CAD,CA,2023-12-21 13:00:00,PAYROLL
EVT00071599,2023-12-17,EMP04380,CC0048,EN,2,Leave Start,,CAD,CAN,2023-12-17 15:00:00,CORE_HR
EVT00070507,2023-12-19,EMP02749,CC0053,PA,2,Step Increment,56889.95,CAD,CA,2023-12-19 20:00:00,PAYROLL
EVT00070323,2023-12-18,EMP00401,CC0037,PA,2,Lateral Deployment,,CAD,CAN,2023-12-18 11:00:00,CORE_HR
EVT00071279,2023-12-10,EMP01579,CC0075,AS,2,Step Increment,64457.74,CAD,CA,2023-12-11 12:00:00,PAYROLL
EVT00071558,2023-12-02,EMP04439,CC0091,PA,2,Performance Pay,4354.26,CAD,CAN,2023-12-03 13:00:00,CORE_HR
EVT00071434,2023-12-22,EMP04254,CC0099,PA,2,Step Increment,79666.95,CAD,CAN,2023-12-22 21:00:00,CORE_HR
EVT00071412,2023-12-16,EMP00778,CC0057,PA,1,Leave Start,,CAD,CA,2023-12-16 23:00:00,PAYROLL
EVT00070952,2023-12-01,EMP02657,CC0003,FI,3,Performance Pay,10833.61,CAD,CA,2023-12-02 07:00:00,PAYROLL
EVT00070229,2023-12-10,EMP02762,CC0032,EN,1,Performance Pay,9861.13,CAD,CAN,2023-12-11 02:00:00,CORE_HR
EVT00070296,2023-12-26,EMP02941,CC0088,IT,3,Step Increment,84904.26,EUR,FR,2023-12-26 10:00:00,PAYROLL
EVT00071159,2023-12-01,EMP00940,CC0113,IT,1,Departure,,CAD,CA,2023-12-01 13:00:00,PAYROLL
EVT00069633,2023-12-05,EMP04448,CC0035,FI,2,Lateral Deployment,,CAD,CAN,2023-12-05 22:00:00,CORE_HR
EVT00069795,2023-12-23,EMP01392,CC0029,PA,2,Leave Return,,MXN,MEX,2023-12-23 21:00:00,CORE_HR
EVT00071307,2023-12-18,EMP01131,CC0120,EX,1,Lateral Deployment,,CAD,CA,2023-12-19 07:00:00,PAYROLL
EVT00071224,2023-12-15,EMP04809,CC0107,PA,3,Departure,,CAD,CAN,2023-12-15 15:00:00,CORE_HR
EVT00070522,2023-12-04,EMP04603,CC0070,IT,2,Performance Pay,13451.99,CAD,CA,2023-12-05 11:00:00,PAYROLL
EVT00070659,2023-12-05,EMP00001,CC0062,CR,1,Performance Pay,7298.4,CAD,CAN,2023-12-05 23:00:00,CORE_HR
EVT00070641,2023-12-06,EMP04087,CC0061,CR,5,Leave Return,,CAD,CAN,2023-12-06 14:00:00,CORE_HR
EVT00070716,2023-12-25,EMP01936,CC0100,EN,1,Leave Return,,CAD,CA,2023-12-25 16:00:00,PAYROLL
EVT00071135,2023-12-07,EMP04373,CC0032,PA,1,Performance Pay,5180.15,CAD,CAN,2023-12-08 00:00:00,CORE_HR
EVT00069962,2023-12-14,EMP03364,CC0016,IT,5,Promotion,111505.69,CAD,CA,2023-12-15 15:00:00,PAYROLL
EVT00070517,2023-12-21,EMP02123,CC0057,IT,5,Lateral Deployment,,CAD,CAN,2023-12-21 11:00:00,CORE_HR
EVT00070497,2023-12-18,EMP01729,CC0095,EN,4,Step Increment,137703.22,CAD,CA,2023-12-19 11:00:00,PAYROLL
EVT00070039,2023-12-01,EMP03319,CC0026,CR,3,Step Increment,65178.73,CAD,CA,2023-12-02 09:00:00,PAYROLL
EVT00069872,2023-12-05,EMP03253,CC0069,CR,1,Step Increment,53180.11,CAD,CA,2023-12-06 13:00:00,PAYROLL
EVT00071038,2023-12-25,EMP00549,CC0093,IT,3,Step Increment,-103042.47,CAD,CAN,2023-12-26 07:00:00,CORE_HR
EVT00069983,2023-12-23,EMP01452,CC0064,CR,3,Performance Pay,7778.07,CAD,CA,2023-12-23 16:00:00,PAYROLL
EVT00071629,2023-12-01,EMP01755,CC0047,PA,4,Leave Start,,CAD,CA,2023-12-01 09:00:00,PAYROLL
EVT00070441,2023-12-12,EMP04918,CC0092,CR,1,Leave Start,,CAD,CA,2023-12-13 11:00:00,PAYROLL
EVT00070298,2023-12-12,EMP00446,CC0004,PA,5,Leave Return,,CAD,CAN,2023-12-12 16:00:00,CORE_HR
EVT00071547,2023-12-15,EMP05069,CC0046,EN,3,Leave Start,,AUD,AU,2023-12-15 22:00:00,PAYROLL
EVT00070509,2023-12-11,EMP00596,CC0097,EN,2,Performance Pay,11041.84,CAD,CA,2023-12-11 20:00:00,PAYROLL
EVT00069721,2023-12-25,EMP03839,CC0028,IT,1,Step Increment,85076.58,CAD,CA,2023-12-25 21:00:00,PAYROLL
EVT00070279,2023-12-03,EMP03373,CC0044,IT,2,Performance Pay,13545.55,CAD,CA,2023-12-04 09:00:00,PAYROLL
EVT00070721,2023-12-07,EMP03893,CC0099,EX,2,Leave Start,,CAD,CAN,2023-12-07 22:00:00,CORE_HR
EVT00070994,2023-12-07,EMP02375,CC0030,EC,4,Step Increment,497932.85,BRL,BRA,2023-12-07 07:00:00,CORE_HR
EVT00071141,2023-12-25,EMP01562,CC0046,CR,4,Step Increment,7877683.12,KES,KE,2023-12-26 14:00:00,PAYROLL
EVT00071076,2023-12-25,EMP03719,CC0028,EX,1,Departure,,CAD,CAN,2023-12-26 13:00:00,CORE_HR
EVT00070005,2023-12-19,EMP01381,CC0095,EC,1,Lateral Deployment,,CAD,CAN,2023-12-20 14:00:00,CORE_HR
EVT00071579,2023-12-13,EMP02568,CC0003,EX,2,Performance Pay,20658.73,CAD,CA,2023-12-14 07:00:00,PAYROLL
EVT00071400,2023-12-03,EMP02980,CC0093,CR,1,Step Increment,53752.75,CAD,CA,2023-12-04 14:00:00,PAYROLL
EVT00071065,2023-12-06,EMP00339,CC0059,PA,2,Step Increment,66422.86,CAD,CAN,2023-12-06 14:00:00,CORE_HR
EVT00070983,2023-12-09,EMP04417,CC0077,AS,3,Hire,90653.57,CAD,CA,2023-12-09 22:00:00,PAYROLL
EVT00070883,2023-12-13,EMP03846,CC0031,AS,1,Promotion,3737598.84,INR,IND,2023-12-14 05:00:00,CORE_HR
EVT00071295,2023-12-10,EMP02463,CC0021,EN,1,Performance Pay,9754.1,CAD,CA,2023-12-11 08:00:00,PAYROLL
EVT00070216,2023-12-06,EMP02547,CC0107,PA,5,Step Increment,98144.03,CAD,CA,2023-12-06 12:00:00,PAYROLL
EVT00070610,2023-12-02,EMP00476,CC0050,EC,2,Leave Start,,CAD,CAN,2023-12-03 12:00:00,CORE_HR
EVT00070575,2023-12-04,EMP01100,CC0090,PA,4,Performance Pay,5858.5,CAD,CA,2023-12-04 10:00:00,PAYROLL
EVT00069988,2023-12-26,EMP03049,CC0034,CR,3,Leave Return,,CAD,CA,2023-12-26 21:00:00,PAYROLL
EVT00070709,2023-12-06,EMP00323,CC0025,PA,5,Leave Start,,CAD,CA,2023-12-07 20:00:00,PAYROLL
EVT00069926,2023-12-11,EMP01787,CC0060,IT,4,Leave Start,,CAD,CAN,2023-12-12 01:00:00,CORE_HR
EVT00070956,2023-12-18,EMP02981,CC0023,FI,3,Lateral Deployment,,CAD,CA,2023-12-19 03:00:00,PAYROLL
EVT00069817,2023-12-19,EMP03946,CC0034,EC,2,Step Increment,93390.6,CAD,CAN,2023-12-19 08:00:00,CORE_HR
EVT00071677,2023-12-22,EMP00796,CC0034,EC,3,Lateral Deployment,,CAD,CAN,2023-12-22 19:00:00,CORE_HR
EVT00069981,2023-12-08,EMP02254,CC0031,AS,4,Leave Start,,INR,IN,2023-12-09 03:00:00,PAYROLL
EVT00069788,2023-12-27,EMP05002,CC0115,PA,3,Lateral Deployment,,CAD,CAN,2023-12-27 16:00:00,CORE_HR
EVT00071194,2023-12-17,EMP04948,CC0066,EN,3,Step Increment,114590.9,CAD,CAN,2023-12-18 06:00:00,CORE_HR
EVT00070949,2023-12-03,EMP04188,CC0026,IT,5,Leave Return,,CAD,CA,2023-12-03 21:00:00,PAYROLL
EVT00070774,2023-12-13,EMP00368,CC0068,FI,3,Step Increment,100216.92,CAD,CA,2023-12-14 06:00:00,PAYROLL
EVT00070971,2023-12-24,EMP04568,CC0052,FI,4,Leave Start,,CAD,CA,2023-12-25 09:00:00,PAYROLL
EVT00070253,2023-12-17,EMP03790,CC0031,PA,4,Leave Return,,AED,AE,2023-12-18 10:00:00,PAYROLL
EVT00071098,2023-12-16,EMP04951,CC0093,PA,3,Leave Start,,CAD,CAN,2023-12-16 18:00:00,CORE_HR
EVT00070498,2023-12-24,EMP02164,CC0080,PA,2,Leave Start,,JPY,JPN,2023-12-25 01:00:00,CORE_HR
EVT00070320,2023-12-08,EMP01312,CC0028,EN,4,Lateral Deployment,,CAD,CA,2023-12-09 13:00:00,PAYROLL
EVT00070124,2023-12-06,EMP04519,CC0036,FI,2,Performance Pay,4119.14,CAD,CAN,2023-12-06 15:00:00,CORE_HR
EVT00070268,2023-12-27,EMP03694,CC0016,AS,2,Step Increment,67047.58,CAD,CA,2023-12-27 13:00:00,PAYROLL
EVT00070140,2023-12-10,EMP00410,CC0118,PA,3,Leave Start,,CAD,CA,2023-12-10 22:00:00,PAYROLL
EVT00069944,2023-12-02,EMP01371,CC0041,EN,3,Lateral Deployment,,CAD,CAN,2023-12-02 11:00:00,CORE_HR
EVT00070884,2023-12-12,EMP01079,CC0110,EX,1,Leave Start,,CAD,CAN,2023-12-12 22:00:00,CORE_HR
EVT00070286,2023-12-09,EMP02093,CC0066,EX,3,Lateral Deployment,,CAD,CAN,2023-12-09 15:00:00,CORE_HR
EVT00071020,2023-12-14,EMP03364,CC0016,IT,5,Performance Pay,17081.79,CAD,CAN,2023-12-14 11:00:00,CORE_HR
EVT00069787,2023-12-03,EMP00627,CC0014,CR,3,Hire,66034.64,CAD,CA,2023-12-03 18:00:00,PAYROLL
EVT00071520,2023-12-27,EMP04950,CC0056,PA,2,Leave Start,,CAD,CAN,2023-12-28 07:00:00,CORE_HR
EVT00070008,2023-12-04,EMP03897,CC0116,IT,3,Step Increment,101457.27,CAD,CA,2023-12-05 12:00:00,PAYROLL
EVT00070621,2023-12-26,EMP04163,CC0009,EC,3,Step Increment,390146.13,BRL,BRA,2023-12-26 20:00:00,CORE_HR
EVT00070667,2023-12-04,EMP02013,CC0116,AS,4,Performance Pay,5257.11,CAD,CAN,2023-12-05 11:00:00,CORE_HR
EVT00071540,2023-12-01,EMP00062,CC0011,IT,1,Step Increment,90182.73,CAD,CA,2023-12-01 06:00:00,PAYROLL
EVT00071050,2023-12-21,EMP01155,CC0081,FI,3,Leave Start,,CAD,CA,2023-12-21 19:00:00,PAYROLL
EVT00071384,2023-12-03,EMP02312,CC0063,IT,3,Step Increment,112100.36,CAD,CAN,2023-12-04 13:00:00,CORE_HR
EVT00070191,2023-12-02,EMP03886,CC0114,PA,1,Departure,,CAD,CAN,2023-12-02 14:00:00,CORE_HR
EVT00071271,2023-12-12,EMP01919,CC0072,AS,5,Step Increment,89364.35,CAD,CAN,2023-12-13 12:00:00,CORE_HR
EVT00071604,2023-12-06,EMP04621,CC0075,PA,1,Leave Return,,CAD,CA,2023-12-06 23:00:00,PAYROLL
EVT00070622,2023-12-06,EMP02197,CC0018,PA,2,Promotion,72743.56,CAD,CA,2023-12-07 00:00:00,PAYROLL
EVT00071667,2023-12-05,EMP04867,CC0076,CR,4,Leave Return,,CAD,CAN,2023-12-05 16:00:00,CORE_HR
EVT00070587,2023-12-20,EMP00260,CC0048,CR,5,Step Increment,72153.29,CAD,CA,2023-12-20 14:00:00,PAYROLL
EVT00070895,2023-12-08,EMP02291,CC0033,AS,2,Leave Start,,CAD,CAN,2023-12-08 22:00:00,CORE_HR
EVT00071600,2023-12-10,EMP01310,CC0072,IT,3,Hire,108973.31,CAD,CAN,2023-12-10 13:00:00,CORE_HR
EVT00070560,2023-12-05,EMP04114,CC0079,EX,2,Departure,,CAD,CA,2023-12-06 02:00:00,PAYROLL
EVT00071499,2023-12-22,EMP02753,CC0117,FI,3,Leave Start,,CAD,CAN,2023-12-22 23:00:00,CORE_HR
EVT00070573,2023-12-15,EMP01800,CC0006,PA,1,Departure,,CAD,CAN,2023-12-16 08:00:00,CORE_HR
EVT00071261,2023-12-25,EMP04933,CC0025,EX,2,Lateral Deployment,,CAD,CA,2023-12-25 23:00:00,PAYROLL
EVT00071470,2023-12-06,EMP02112,CC0014,EX,1,Step Increment,132629.12,CAD,CAN,2023-12-07 01:00:00,CORE_HR
EVT00070950,2023-12-24,EMP00384,CC0023,CR,2,Leave Start,,CAD,CAN,2023-12-24 16:00:00,CORE_HR
EVT00070797,2023-12-04,EMP04055,CC0007,AS,1,Leave Start,,JPY,JP,2023-12-04 23:00:00,PAYROLL
EVT00069979,2023-12-19,EMP01910,CC0102,EC,2,Hire,84875.59,CAD,CA,2023-12-19 14:00:00,PAYROLL
EVT00070366,2023-12-24,EMP00079,CC0043,EC,1,Lateral Deployment,,CAD,CAN,2023-12-25 11:00:00,CORE_HR
EVT00070311,2023-12-17,EMP01333,CC0119,EC,4,Step Increment,116432.48,CAD,CAN,2023-12-17 23:00:00,CORE_HR
EVT00069775,2023-12-21,EMP02591,CC0044,EC,3,Step Increment,97773.26,CAD,CA,2023-12-21 21:00:00,PAYROLL
EVT00070905,2023-12-10,EMP03011,CC0081,FI,3,Lateral Deployment,,CAD,CAN,2023-12-11 15:00:00,CORE_HR
EVT00070830,2023-12-14,EMP00756,CC0109,PA,1,Leave Return,,CAD,CAN,2023-12-14 19:00:00,CORE_HR
EVT00071151,2023-12-09,EMP05074,CC0009,AS,1,Performance Pay,293463.62,INR,IN,2023-12-09 09:00:00,PAYROLL
EVT00070270,2023-12-23,EMP04537,CC0054,EX,1,Leave Start,,GBP,GBR,2023-12-23 09:00:00,CORE_HR
EVT00071241,2023-12-22,EMP01480,CC0103,IT,2,Leave Start,,CAD,CAN,2023-12-23 08:00:00,CORE_HR
EVT00070425,2023-12-05,EMP00416,CC0010,AS,3,Step Increment,73141.37,CAD,CAN,2023-12-06 09:00:00,CORE_HR
EVT00071406,2023-12-19,EMP02491,CC0088,IT,2,Departure,,KES,KEN,2023-12-20 02:00:00,CORE_HR
EVT00071329,2023-12-09,EMP04587,CC0086,FI,2,Leave Start,,AUD,AUS,2023-12-09 15:00:00,CORE_HR
EVT00070453,2023-12-02,EMP03973,CC0025,EX,3,Leave Start,,CAD,CAN,2023-12-02 17:00:00,CORE_HR
EVT00071442,2023-12-06,EMP01997,CC0007,IT,5,Step Increment,120243.04,EUR,FR,2023-12-06 19:00:00,PAYROLL
EVT00071035,2023-12-25,EMP00713,CC0004,AS,5,Departure,,CAD,CA,2023-12-25 23:00:00,PAYROLL
EVT00069864,2023-12-26,EMP03411,CC0099,EC,5,Departure,,CAD,CAN,2023-12-26 09:00:00,CORE_HR
EVT00070242,2023-12-05,EMP02159,CC0079,EX,1,Leave Return,,CAD,CAN,2023-12-05 17:00:00,CORE_HR
EVT00069717,2023-12-23,EMP04036,CC0038,EC,3,Step Increment,111210.99,CAD,CAN,2023-12-25 05:00:00,CORE_HR
EVT00071564,2023-12-01,EMP00060,CC0089,PA,4,Step Increment,69444.16,CAD,CAN,2023-12-02 15:00:00,CORE_HR
EVT00071419,2023-12-27,EMP00399,CC0008,PA,5,Leave Start,,CAD,CAN,2023-12-27 21:00:00,CORE_HR
EVT00070866,2023-12-05,EMP00201,CC0110,EC,2,Step Increment,98725.47,CAD,CA,2023-12-05 10:00:00,PAYROLL
EVT00070352,2023-12-26,EMP04588,CC0072,EN,2,Performance Pay,10074.78,CAD,CA,2023-12-26 10:00:00,PAYROLL
EVT00070391,2023-12-15,EMP01236,CC0119,FI,5,Step Increment,110310.11,CAD,CAN,2023-12-16 13:00:00,CORE_HR
EVT00069966,2023-12-05,EMP03776,CC0033,EC,2,Leave Start,,CAD,CAN,2023-12-06 05:00:00,CORE_HR
EVT00070377,2023-12-21,EMP02539,CC0074,EC,1,Lateral Deployment,,KES,KE,2023-12-21 08:00:00,PAYROLL
EVT00070715,2023-12-24,EMP02420,CC0081,PA,3,Step Increment,79692.7,CAD,CA,2023-12-24 14:00:00,PAYROLL
EVT00070896,2023-12-16,EMP04669,CC0047,AS,1,Leave Start,,CAD,CA,2023-12-16 14:00:00,PAYROLL
EVT00070897,2023-12-05,EMP01569,CC0019,FI,3,Leave Return,,CAD,CAN,2023-12-06 03:00:00,CORE_HR
EVT00070392,2023-12-02,EMP02870,CC0015,CR,3,Step Increment,62368.64,CAD,CAN,2023-12-03 02:00:00,CORE_HR
EVT00070699,2023-12-26,EMP05182,CC0049,AS,4,Step Increment,952384.51,MXN,MX,2023-12-26 14:00:00,PAYROLL
EVT00070751,2023-12-10,EMP01086,CC0043,EC,2,Hire,97332.78,CAD,CA,2023-12-10 23:00:00,PAYROLL
EVT00070023,2023-12-08,EMP03920,CC0074,EC,4,Step Increment,96337.81,SGD,SG,2023-12-09 10:00:00,PAYROLL
EVT00069915,2023-12-15,EMP04768,CC0063,FI,1,Step Increment,72622.77,CAD,CA,2023-12-15 09:00:00,PAYROLL
EVT00070958,2023-12-13,EMP01342,CC0083,IT,1,Leave Return,,CAD,CAN,2023-12-15 04:00:00,CORE_HR
EVT00070038,2023-12-07,EMP04433,CC0063,FI,1,Performance Pay,5078.85,CAD,CAN,2023-12-07 09:00:00,CORE_HR
EVT00070378,2023-12-18,EMP02082,CC0010,IT,4,Promotion,123470.42,CAD,CAN,2023-12-19 09:00:00,CORE_HR
EVT00070890,2023-12-13,EMP00820,CC0069,PA,3,Step Increment,85595.64,CAD,CAN,2023-12-13 16:00:00,CORE_HR
EVT00071169,2023-12-18,EMP03463,CC0035,IT,1,Step Increment,89275.35,CAD,CA,2023-12-18 21:00:00,PAYROLL
EVT00071443,2023-12-25,EMP01729,CC0095,EN,4,Lateral Deployment,,CAD,CAN,2023-12-25 10:00:00,CORE_HR
EVT00069620,2023-12-12,EMP03009,CC0045,AS,1,Leave Start,,CAD,CAN,2023-12-12 18:00:00,CORE_HR
EVT00070676,2023-12-18,EMP03393,CC0081,EX,2,Step Increment,165456.68,CAD,CA,2023-12-18 08:00:00,PAYROLL
EVT00071357,2023-12-10,EMP00812,CC0026,AS,3,Step Increment,73671.64,CAD,CA,2023-12-11 01:00:00,PAYROLL
EVT00070232,2023-12-27,EMP01345,CC0021,IT,2,Leave Start,,CAD,CAN,2023-12-27 19:00:00,CORE_HR
EVT00071002,2023-12-06,EMP04114,CC0079,EX,2,Hire,145980.6,CAD,CAN,2023-12-06 07:00:00,CORE_HR
EVT00069612,2023-12-02,EMP01811,CC0089,IT,2,Leave Return,,CAD,CAN,2023-12-02 18:00:00,CORE_HR
EVT00070222,2023-12-04,EMP02250,CC0066,AS,2,Leave Start,,CAD,CA,2023-12-04 07:00:00,PAYROLL
EVT00070511,2023-12-13,EMP00081,CC0094,AS,2,Step Increment,59953.61,CAD,CA,2023-12-14 05:00:00,PAYROLL
EVT00069821,2023-12-10,EMP04865,CC0070,EC,2,Leave Return,,CAD,CAN,2023-12-10 07:00:00,CORE_HR
EVT00069929,2023-12-12,EMP03720,CC0032,EN,4,Step Increment,144996.76,CAD,CAN,2023-12-13 12:00:00,CORE_HR
EVT00071205,2023-12-07,EMP01487,CC0075,CR,5,Lateral Deployment,,CAD,CAN,2023-12-07 13:00:00,CORE_HR
EVT00069865,2023-12-11,EMP01842,CC0054,PA,4,Step Increment,276799.47,AED,ARE,2023-12-12 04:00:00,CORE_HR
EVT00070927,2023-12-10,EMP05140,CC0070,EC,1,Lateral Deployment,,CAD,CA,2023-12-11 02:00:00,PAYROLL
EVT00071561,2023-12-14,EMP04688,CC0044,PA,4,Performance Pay,7865.82,CAD,CA,2023-12-14 16:00:00,PAYROLL
EVT00071557,2023-12-06,EMP00159,CC0076,PA,1,Performance Pay,6365.64,CAD,CAN,2023-12-07 07:00:00,CORE_HR
EVT00070589,2023-12-22,EMP02693,CC0011,PA,3,Performance Pay,9887.87,CAD,CAN,2023-12-22 18:00:00,CORE_HR
EVT00069726,2023-12-12,EMP02749,CC0053,PA,2,Hire,67347.39,CAD,CAN,2023-12-12 11:00:00,CORE_HR
EVT00069881,2023-12-25,EMP01458,CC0078,EX,1,Step Increment,135488.18,CAD,CAN,2023-12-26 12:00:00,CORE_HR
EVT00071290,2023-12-15,EMP03658,CC0059,AS,3,Leave Return,,CAD,CAN,2023-12-15 18:00:00,CORE_HR
EVT00070009,2023-12-25,EMP00333,CC0108,IT,3,Leave Return,,EUR,DEU,2023-12-26 15:00:00,CORE_HR
EVT00071208,2023-12-27,EMP01778,CC0042,CR,2,Step Increment,55110.15,CAD,CAN,2023-12-27 20:00:00,CORE_HR
EVT00070263,2023-12-18,EMP04779,CC0082,CR,3,Lateral Deployment,,CAD,CA,2023-12-19 12:00:00,PAYROLL
EVT00069808,2023-12-05,EMP00479,CC0073,EN,3,Step Increment,117608.18,CAD,CA,2023-12-05 09:00:00,PAYROLL
EVT00070812,2023-12-22,EMP03531,CC0041,IT,3,Performance Pay,8984.96,CAD,CAN,2023-12-22 16:00:00,CORE_HR
EVT00071529,2023-12-01,EMP04502,CC0110,PA,2,Step Increment,77543.16,CAD,CAN,2023-12-01 23:00:00,CORE_HR
EVT00070455,2023-12-11,EMP01927,CC0115,PA,3,Performance Pay,9439.63,CAD,CAN,2023-12-11 13:00:00,CORE_HR
EVT00070355,2023-12-15,EMP03759,CC0025,EC,2,Step Increment,98339.64,CAD,CAN,2023-12-15 06:00:00,CORE_HR
EVT00070547,2023-12-08,EMP03931,CC0118,PA,1,Hire,61941.78,CAD,CAN,2023-12-09 05:00:00,CORE_HR
EVT00071043,2023-12-21,EMP02034,CC0031,PA,1,Hire,3614658.2,INR,IN,2023-12-22 09:00:00,PAYROLL
EVT00069948,2023-12-11,EMP02839,CC0071,EX,2,Step Increment,145593.58,CAD,CA,2023-12-11 22:00:00,PAYROLL
EVT00071475,2023-12-19,EMP03257,CC0109,EC,1,Hire,72969.75,CAD,CA,2023-12-19 21:00:00,PAYROLL
EVT00070031,2023-12-18,EMP04846,CC0033,PA,2,Departure,,CAD,CA,2023-12-19 08:00:00,PAYROLL
EVT00069760,2023-12-22,EMP02853,CC0005,PA,2,Leave Return,,CAD,CA,2023-12-23 06:00:00,PAYROLL
EVT00070594,2023-12-13,EMP03749,CC0096,EN,1,Step Increment,66084.06,CAD,CA,2023-12-14 06:00:00,PAYROLL
EVT00070618,2023-12-21,EMP02143,CC0114,PA,5,Leave Return,,CAD,CAN,2023-12-22 00:00:00,CORE_HR
EVT00069877,2023-12-21,EMP05031,CC0003,PA,2,Leave Return,,CAD,CAN,2023-12-21 22:00:00,CORE_HR
EVT00069939,2023-12-16,EMP04748,CC0023,AS,4,Leave Return,,CAD,CAN,2023-12-16 17:00:00,CORE_HR
EVT00070302,2023-12-09,EMP01592,CC0051,PA,5,Hire,106842.06,CAD,CAN,2023-12-10 10:00:00,CORE_HR
EVT00070045,2023-12-05,EMP00705,CC0009,PA,2,Step Increment,59287.56,EUR,DE,2023-12-06 01:00:00,PAYROLL
EVT00070208,2023-12-05,EMP03138,CC0006,FI,2,Hire,83597.77,CAD,CAN,2023-12-05 11:00:00,CORE_HR
EVT00069657,2023-12-24,EMP02444,CC0035,AS,1,Performance Pay,3320.66,CAD,CA,2023-12-24 23:00:00,PAYROLL
EVT00070205,2023-12-11,EMP01068,CC0063,IT,2,Lateral Deployment,,CAD,CAN,2023-12-13 03:00:00,CORE_HR
EVT00070651,2023-12-12,EMP03845,CC0057,IT,1,Lateral Deployment,,CAD,CAN,2023-12-12 06:00:00,CORE_HR
EVT00069678,2023-12-16,EMP00886,CC0055,PA,1,Performance Pay,7061.5,CAD,CA,2023-12-17 10:00:00,PAYROLL
EVT00070489,2023-12-19,EMP03895,CC0120,IT,4,Step Increment,132326.55,CAD,CAN,2023-12-20 07:00:00,CORE_HR
EVT00071188,2023-12-14,EMP01594,CC0049,EN,2,Lateral Deployment,,AUD,AU,2023-12-14 16:00:00,PAYROLL
EVT00070496,2023-12-15,EMP03227,CC0049,EN,3,Leave Start,,USD,USA,2023-12-15 16:00:00,CORE_HR
EVT00071662,2023-12-11,EMP01374,CC0053,FI,5,Leave Return,,CAD,CA,2023-12-12 03:00:00,PAYROLL
EVT00071483,2023-12-06,EMP03454,CC0054,CR,4,Step Increment,907138.01,MXN,MEX,2023-12-06 14:00:00,CORE_HR
EVT00070578,2023-12-02,EMP00899,CC0029,PA,3,Step Increment,9618895.93,JPY,JPN,2023-12-02 09:00:00,CORE_HR
EVT00070427,2023-12-02,EMP03736,CC0081,PA,4,Leave Start,,CAD,CAN,2023-12-03 06:00:00,CORE_HR
EVT00071332,2023-12-17,EMP01591,CC0113,IT,1,Leave Start,,CAD,CAN,2023-12-18 12:00:00,CORE_HR
EVT00069908,2023-12-03,EMP01618,CC0101,IT,1,Promotion,80578.12,CAD,CA,2023-12-04 13:00:00,PAYROLL
EVT00070212,2023-12-12,EMP04491,CC0116,CR,2,Leave Return,,CAD,CAN,2023-12-13 13:00:00,CORE_HR
EVT00070917,2023-12-16,EMP04798,CC0072,IT,4,Promotion,124753.88,CAD,CA,2023-12-17 04:00:00,PAYROLL
EVT00070185,2023-12-02,EMP03557,CC0009,PA,2,Lateral Deployment,,MXN,MEX,2023-12-02 20:00:00,CORE_HR
EVT00071294,2023-12-10,EMP03887,CC0062,AS,3,Departure,,CAD,CA,2023-12-11 15:00:00,PAYROLL
EVT00071094,2023-12-27,EMP04682,CC0040,EN,3,Step Increment,104161.6,CAD,CA,2023-12-28 12:00:00,PAYROLL
EVT00069752,2023-12-07,EMP04910,CC0105,IT,1,Performance Pay,4977.96,SGD,SG,2023-12-07 11:00:00,PAYROLL
EVT00071116,2023-12-18,EMP00576,CC0047,IT,3,Step Increment,101826.6,CAD,CA,2023-12-19 00:00:00,PAYROLL
EVT00071462,2023-12-10,EMP00027,CC0089,AS,1,Lateral Deployment,,CAD,CAN,2023-12-11 14:00:00,CORE_HR
EVT00069826,2023-12-15,EMP00579,CC0039,EN,3,Promotion,129055.23,CAD,CAN,2023-12-15 09:00:00,CORE_HR
EVT00070258,2023-12-17,EMP01960,CC0094,EN,1,Performance Pay,9565.77,CAD,CAN,2023-12-17 16:00:00,CORE_HR
EVT00070120,2023-12-11,EMP02155,CC0114,EX,1,Leave Start,,CAD,CA,2023-12-11 19:00:00,PAYROLL
EVT00070617,2023-12-03,EMP04913,CC0101,PA,3,Step Increment,97918.61,CAD,CAN,2023-12-04 04:00:00,CORE_HR
EVT00071356,2023-12-27,EMP02764,CC0087,EX,1,Step Increment,138350.91,CAD,CAN,2023-12-27 17:00:00,CORE_HR
EVT00070809,2023-12-22,EMP00053,CC0017,PA,1,Step Increment,62778.21,CAD,CA,2023-12-23 02:00:00,PAYROLL
EVT00070523,2023-12-10,EMP00873,CC0058,FI,2,Step Increment,80998.18,CAD,CAN,2023-12-10 11:00:00,CORE_HR
EVT00070903,2023-12-15,EMP03573,CC0029,IT,1,Step Increment,8434910.45,KES,KE,2023-12-15 15:00:00,PAYROLL
EVT00071645,2023-12-03,EMP01555,CC0058,FI,1,Leave Start,,CAD,CA,2023-12-03 13:00:00,PAYROLL
EVT00070931,2023-12-26,EMP03368,CC0050,CR,4,Step Increment,65454.46,CAD,CAN,2023-12-27 00:00:00,CORE_HR
EVT00069605,2023-12-17,EMP01994,CC0099,EN,5,Lateral Deployment,,CAD,CAN,2023-12-18 02:00:00,CORE_HR
EVT00071232,2023-12-22,EMP05067,CC0074,IT,3,Step Increment,92247.81,EUR,DEU,2023-12-22 15:00:00,CORE_HR
EVT00070811,2023-12-21,EMP02929,CC0031,IT,1,Performance Pay,8472.01,USD,US,2023-12-21 19:00:00,PAYROLL
EVT00069630,2023-12-07,EMP03328,CC0066,IT,1,Step Increment,79981.36,CAD,CAN,2023-12-08 05:00:00,CORE_HR
EVT00071688,2023-12-07,EMP04336,CC0050,AS,3,Leave Return,,CAD,CA,2023-12-07 11:00:00,PAYROLL
EVT00069957,2023-12-05,EMP02324,CC0084,CR,4,Performance Pay,6542.74,CAD,CAN,2023-12-06 04:00:00,CORE_HR
EVT00070789,2023-12-17,EMP04753,CC0077,PA,4,Step Increment,76845.97,CAD,CAN,2023-12-17 18:00:00,CORE_HR
EVT00070273,2023-12-01,EMP01855,CC0092,PA,3,Leave Return,,CAD,CAN,2023-12-02 08:00:00,CORE_HR
EVT00071468,2023-12-21,EMP01067,CC0035,EN,3,Step Increment,114992.75,CAD,CA,2023-12-22 02:00:00,PAYROLL
EVT00069766,2023-12-22,EMP00349,CC0112,EC,3,Step Increment,88105.57,CAD,CAN,2023-12-22 08:00:00,CORE_HR
EVT00071061,2023-12-18,EMP04391,CC0118,PA,5,Lateral Deployment,,CAD,CAN,2023-12-18 22:00:00,CORE_HR
EVT00071150,2023-12-03,EMP03902,CC0030,EC,2,Step Increment,335111.44,BRL,BRA,2023-12-03 08:00:00,CORE_HR
EVT00069994,2023-12-07,EMP03821,CC0057,IT,2,Lateral Deployment,,CAD,CAN,2023-12-07 06:00:00,CORE_HR
EVT00071153,2023-12-01,EMP04532,CC0023,AS,4,Leave Start,,CAD,CAN,2023-12-01 22:00:00,CORE_HR
EVT00071093,2023-12-05,EMP03674,CC0035,IT,2,Departure,,CAD,CA,2023-12-05 06:00:00,PAYROLL
EVT00069703,2023-12-04,EMP02833,CC0105,IT,3,Leave Start,,AED,AE,2023-12-05 08:00:00,PAYROLL
EVT00070804,2023-12-01,EMP01238,CC0120,FI,1,Leave Start,,CAD,CAN,2023-12-01 13:00:00,CORE_HR
EVT00070426,2023-12-05,EMP04360,CC0028,AS,4,Performance Pay,4659.46,CAD,CA,2023-12-05 13:00:00,PAYROLL
EVT00070914,2023-12-03,EMP05115,CC0088,CR,1,Lateral Deployment,,BRL,BRA,2023-12-03 19:00:00,CORE_HR
EVT00071015,2023-12-23,EMP01096,CC0085,PA,5,Step Increment,93021.82,CAD,CA,2023-12-23 16:00:00,PAYROLL
EVT00070247,2023-12-18,EMP00897,CC0045,EN,1,Leave Start,,CAD,CAN,2023-12-19 05:00:00,CORE_HR
EVT00071334,2023-12-27,EMP99999,CC0016,EC,3,Hire,93220.46,CAD,CA,2023-12-27 12:00:00,PAYROLL
EVT00069720,2023-12-11,EMP00922,CC0067,PA,1,Step Increment,62404.01,CAD,CA,2023-12-11 06:00:00,PAYROLL
EVT00070650,2023-12-07,EMP03660,CC0035,CR,1,Departure,,CAD,CA,2023-12-08 11:00:00,PAYROLL
EVT00071581,2023-12-09,EMP01351,CC0117,CR,2,Departure,,CAD,CA,2023-12-09 15:00:00,PAYROLL
EVT00069814,2023-12-21,EMP04096,CC0027,EX,1,Step Increment,144513.06,CAD,CA,2023-12-22 15:00:00,PAYROLL
EVT00070165,2023-12-09,EMP01565,CC0090,CR,3,Leave Start,,CAD,CAN,2023-12-09 19:00:00,CORE_HR
EVT00069848,2023-12-10,EMP02324,CC0084,CR,4,Step Increment,68216.93,CAD,CAN,2023-12-10 09:00:00,CORE_HR
EVT00070614,2023-12-01,EMP01658,CC0095,EC,1,Hire,71114.68,CAD,CAN,2023-12-02 11:00:00,CORE_HR
EVT00069745,1900-01-01,EMP02119,CC0062,IT,5,Step Increment,146040.78,CAD,CAN,2023-12-19 17:00:00,CORE_HR
EVT00070257,2023-12-27,EMP02871,CC0116,IT,1,Step Increment,86679.03,XXX,CAN,2023-12-28 10:00:00,CORE_HR
EVT00069764,2023-12-12,EMP03065,CC0111,IT,2,Step Increment,10070472.57,KES,KEN,2023-12-13 06:00:00,CORE_HR
EVT00070142,2023-12-26,EMP03112,CC0081,FI,1,Step Increment,67747.27,CAD,CAN,2023-12-26 10:00:00,CORE_HR
EVT00071268,2023-12-18,EMP00913,CC0085,PA,3,Leave Start,,CAD,CAN,2023-12-18 23:00:00,CORE_HR
EVT00070782,2023-12-27,EMP00358,CC0086,AS,2,Leave Start,,AED,ARE,2023-12-28 13:00:00,CORE_HR
EVT00070179,2023-12-01,EMP03139,CC0111,AS,1,Lateral Deployment,,GBP,GB,2023-12-01 14:00:00,PAYROLL
EVT00071528,2023-12-02,EMP03086,CC0058,AS,5,Step Increment,95249.67,CAD,CA,2023-12-02 12:00:00,PAYROLL
EVT00070019,2023-12-08,EMP02963,CC0015,FI,3,Lateral Deployment,,CAD,CAN,2023-12-09 07:00:00,CORE_HR
EVT00070638,2023-12-15,EMP00474,CC0081,PA,2,Leave Return,,CAD,CAN,2023-12-16 07:00:00,CORE_HR
EVT00070451,2023-12-12,EMP02152,CC0117,PA,2,Departure,,CAD,CAN,2023-12-12 08:00:00,CORE_HR
EVT00070902,2023-12-09,EMP02929,CC0031,IT,1,Step Increment,-4761340.69,INR,IN,2023-12-10 05:00:00,PAYROLL
EVT00071676,2023-12-02,EMP00784,CC0098,IT,4,Step Increment,133799.71,CAD,CAN,2023-12-02 20:00:00,CORE_HR
EVT00070786,2023-12-24,EMP02394,CC0021,PA,4,Step Increment,100385.97,CAD,CA,2023-12-24 18:00:00,PAYROLL
EVT00070845,2023-12-11,EMP00369,CC0117,EX,1,Leave Start,,CAD,CAN,2023-12-12 10:00:00,CORE_HR
EVT00070420,2023-12-08,EMP04889,CC0013,CR,1,Step Increment,44580.45,CAD,CAN,2023-12-09 03:00:00,CORE_HR
EVT00070766,2023-12-22,EMP01175,CC0010,IT,2,Hire,89719.86,CAD,CAN,2023-12-24 11:00:00,CORE_HR
EVT00070712,2023-12-22,EMP01738,CC0082,PA,2,Leave Return,,CAD,CAN,2023-12-23 04:00:00,CORE_HR
EVT00071416,2023-12-14,EMP01194,CC0084,IT,3,Step Increment,101354.69,CAD,CAN,2023-12-15 11:00:00,CORE_HR
EVT00071060,2023-12-03,EMP03738,CC0012,FI,5,Step Increment,119785.98,CAD,CA,2023-12-04 04:00:00,PAYROLL
EVT00071377,2023-12-01,EMP03489,CC0032,FI,2,Step Increment,80228.19,CAD,CA,2023-12-01 18:00:00,PAYROLL
EVT00071228,2023-12-11,EMP02168,CC0001,AS,1,Performance Pay,5179.94,CAD,CAN,2023-12-11 11:00:00,CORE_HR
EVT00070105,2023-12-13,EMP04618,CC0095,EC,1,Hire,69963.23,CAD,CAN,2023-12-13 22:00:00,CORE_HR
EVT00070287,2023-12-26,EMP04133,CC0003,PA,1,Lateral Deployment,,CAD,CAN,2023-12-26 10:00:00,CORE_HR
EVT00070922,2023-12-08,EMP02591,CC0044,EC,3,Step Increment,123174.72,CAD,CA,2023-12-08 06:00:00,PAYROLL
EVT00069702,2023-12-24,EMP03924,CC0073,AS,2,Departure,,CAD,CA,2023-12-24 13:00:00,PAYROLL
EVT00071537,2023-12-12,EMP03574,CC0081,PA,2,Performance Pay,9952.32,CAD,CAN,2023-12-12 22:00:00,CORE_HR
EVT00070089,2023-12-08,EMP02079,CC0021,IT,2,Step Increment,99331.99,CAD,CAN,2023-12-09 10:00:00,CORE_HR
EVT00070085,2023-12-08,EMP04892,CC0018,EC,4,Leave Return,,CAD,CAN,2023-12-09 08:00:00,CORE_HR
EVT00071301,2023-12-25,EMP02091,CC0069,PA,3,Lateral Deployment,,CAD,CAN,2023-12-25 12:00:00,CORE_HR
EVT00071631,2023-12-06,EMP00106,CC0018,PA,1,Step Increment,64914.56,CAD,CAN,2023-12-07 00:00:00,CORE_HR
EVT00071674,2023-12-01,EMP04211,CC0113,AS,2,Hire,49404.75,CAD,CAN,2023-12-02 12:00:00,CORE_HR
EVT00071291,2023-12-09,EMP02088,CC0023,IT,2,Step Increment,95275.47,CAD,CA,2023-12-10 10:00:00,PAYROLL
EVT00071696,2023-12-13,EMP01202,CC0061,CR,2,Hire,65617.64,CAD,CA,2023-12-13 08:00:00,PAYROLL
EVT00070049,2023-12-13,EMP00069,CC0099,AS,1,Performance Pay,7547.66,CAD,CAN,2023-12-13 11:00:00,CORE_HR
EVT00070051,2023-12-21,EMP00915,CC0114,EC,1,Leave Return,,CAD,CAN,2023-12-21 15:00:00,CORE_HR
EVT00070012,2023-12-16,EMP00279,CC0116,EN,3,Step Increment,119840.67,CAD,CA,2023-12-17 12:00:00,PAYROLL
EVT00070316,2023-12-17,EMP04685,CC0110,FI,4,Promotion,93604.4,CAD,CAN,2023-12-18 02:00:00,CORE_HR
EVT00071041,2023-12-19,EMP03690,CC0107,AS,2,Step Increment,60184.26,CAD,CAN,2023-12-20 15:00:00,CORE_HR
EVT00070310,2023-12-19,EMP01672,CC0077,EN,1,Promotion,81507.13,CAD,CAN,2023-12-19 14:00:00,CORE_HR
EVT00069722,2023-12-09,EMP03764,CC0104,EN,1,Step Increment,83699.89,CAD,CAN,2023-12-09 15:00:00,CORE_HR
EVT00070864,2023-12-09,EMP04334,CC0117,PA,2,Step Increment,80275.64,CAD,CA,2023-12-10 06:00:00,PAYROLL
EVT00070723,2023-12-16,EMP04073,CC0071,AS,1,Step Increment,55043.38,CAD,CAN,2023-12-17 06:00:00,CORE_HR
EVT00071106,2023-12-22,EMP04643,CC0003,AS,5,Step Increment,96381.16,CAD,CA,2023-12-23 13:00:00,PAYROLL
EVT00070474,2023-12-22,EMP00759,CC0047,FI,2,Leave Start,,CAD,CAN,2023-12-22 13:00:00,CORE_HR
EVT00070189,2023-12-17,EMP02244,CC0115,AS,2,Performance Pay,5140.15,CAD,CA,2023-12-17 13:00:00,PAYROLL
EVT00071245,2023-12-02,EMP05091,CC0063,AS,4,Performance Pay,9087.18,CAD,CAN,2023-12-02 17:00:00,CORE_HR
EVT00071263,2023-12-15,EMP04727,CC0059,IT,4,Leave Return,,CAD,CA,2023-12-15 20:00:00,PAYROLL
EVT00070061,2023-12-22,EMP04419,CC0067,PA,2,Lateral Deployment,,CAD,CAN,2023-12-23 06:00:00,CORE_HR
EVT00070850,2023-12-26,EMP00705,CC0009,PA,2,Performance Pay,20860.87,AED,AE,2023-12-26 15:00:00,PAYROLL
EVT00069905,2023-12-15,EMP03604,CC0062,PA,4,Step Increment,90938.44,CAD,CAN,2023-12-16 09:00:00,CORE_HR
EVT00071095,2023-12-05,EMP02941,CC0088,IT,3,Leave Return,,EUR,DEU,2023-12-06 15:00:00,CORE_HR
EVT00070582,2023-12-23,EMP01664,CC0087,FI,3,Promotion,107886.4,CAD,CAN,2023-12-23 14:00:00,CORE_HR
EVT00070806,2023-12-10,EMP02856,CC0079,EN,4,Performance Pay,11247.65,CAD,CA,2023-12-10 15:00:00,PAYROLL
EVT00070468,2023-12-02,EMP02689,CC0120,AS,1,Step Increment,73808.93,CAD,CAN,2023-12-02 16:00:00,CORE_HR
EVT00069816,2023-12-08,EMP03592,CC0101,AS,3,Leave Start,,CAD,CA,2023-12-08 23:00:00,PAYROLL
EVT00071441,2023-12-26,EMP03545,CC0003,PA,3,Lateral Deployment,,CAD,CAN,2023-12-26 15:00:00,CORE_HR
EVT00070418,2023-12-13,EMP02085,CC0081,AS,3,Step Increment,69887.44,CAD,CA,2023-12-13 18:00:00,PAYROLL
EVT00071272,2023-12-23,EMP01875,CC0030,IT,3,Step Increment,335324.34,AED,ARE,2023-12-24 10:00:00,CORE_HR
EVT00070390,2023-12-04,EMP00081,CC0094,AS,2,Leave Start,,CAD,CA,2023-12-04 19:00:00,PAYROLL
EVT00070404,2023-12-06,EMP00175,CC0056,IT,1,Step Increment,86361.06,CAD,CAN,2023-12-07 07:00:00,CORE_HR
EVT00071472,2023-12-27,EMP01981,CC0101,AS,3,Step Increment,81011.49,CAD,CA,2023-12-27 17:00:00,PAYROLL
EVT00071221,2023-12-19,EMP00696,CC0087,PA,1,Leave Return,,CAD,CAN,2023-12-21 15:00:00,CORE_HR
EVT00070997,2023-12-12,EMP04687,CC0059,CR,3,Promotion,62820.13,CAD,CAN,2023-12-12 15:00:00,CORE_HR
EVT00069640,2023-12-15,EMP02833,CC0105,IT,3,Leave Start,,AED,AE,2023-12-15 21:00:00,PAYROLL
EVT00070669,2023-12-05,EMP00627,CC0014,CR,3,Step Increment,71311.11,CAD,CA,2023-12-05 22:00:00,PAYROLL
EVT00070710,2023-12-20,EMP00497,CC0071,AS,1,Step Increment,58874.95,CAD,CA,2023-12-20 21:00:00,PAYROLL
EVT00070924,2023-12-26,EMP03813,CC0107,FI,3,Step Increment,95510.03,CAD,CAN,2023-12-30 00:00:00,CORE_HR
EVT00069663,2023-12-10,EMP04695,CC0064,EC,3,Step Increment,98506.59,CAD,CA,2023-12-11 05:00:00,PAYROLL
EVT00071444,2023-12-02,EMP04616,CC0001,FI,4,Lateral Deployment,,CAD,CAN,2023-12-02 12:00:00,CORE_HR
EVT00070264,2023-12-11,EMP03112,CC0081,FI,1,Departure,,CAD,CAN,2023-12-12 07:00:00,CORE_HR
EVT00070623,2023-12-01,EMP03220,CC0077,FI,2,Leave Return,,CAD,CAN,2023-12-02 01:00:00,CORE_HR
EVT00069656,2023-12-03,EMP03267,CC0019,EN,1,Lateral Deployment,,CAD,CA,2023-12-03 08:00:00,PAYROLL
EVT00070647,2023-12-18,EMP00635,CC0079,EC,3,Step Increment,108227.63,CAD,CAN,2023-12-19 06:00:00,CORE_HR
EVT00070717,2023-12-14,EMP01732,CC0072,EC,3,Leave Start,,CAD,CAN,2023-12-15 14:00:00,CORE_HR
EVT00071496,2023-12-15,EMP03792,CC0037,EC,4,Performance Pay,12278.48,CAD,CAN,2023-12-16 03:00:00,CORE_HR
EVT00071344,2023-12-21,EMP00493,CC0034,PA,5,Step Increment,106763.89,CAD,CA,2023-12-21 07:00:00,PAYROLL
EVT00070928,2023-12-24,EMP01964,CC0115,EC,4,Departure,,CAD,CAN,2023-12-24 08:00:00,CORE_HR
EVT00071324,2023-12-05,EMP02817,CC0018,IT,1,Step Increment,80090.84,CAD,CAN,2023-12-05 14:00:00,CORE_HR
EVT00069839,2023-12-19,EMP02869,CC0045,FI,5,Leave Start,,CAD,CA,2023-12-19 14:00:00,PAYROLL
EVT00069759,2023-12-23,EMP04512,CC0032,EC,5,Step Increment,137733.44,CAD,CA,2023-12-24 15:00:00,PAYROLL
EVT00070639,2023-12-23,EMP04964,CC0065,PA,3,Performance Pay,1094798.07,JPY,JP,2023-12-24 00:00:00,PAYROLL
EVT00071589,2023-12-22,EMP04273,CC0099,EN,1,Step Increment,66650.03,CAD,CA,2023-12-23 05:00:00,PAYROLL
EVT00071251,2023-12-24,EMP00828,CC0039,EC,2,Leave Start,,CAD,CA,2023-12-25 15:00:00,PAYROLL
EVT00071287,2023-12-04,EMP01791,CC0045,PA,2,Lateral Deployment,,CAD,CA,2023-12-04 09:00:00,PAYROLL
EVT00069998,2023-12-13,EMP00265,CC0085,EC,3,Performance Pay,10895.22,CAD,CAN,2023-12-13 09:00:00,CORE_HR
EVT00070369,2023-12-19,EMP04624,CC0037,AS,3,Step Increment,68220.96,CAD,CAN,2023-12-19 23:00:00,CORE_HR
EVT00071465,2023-12-10,EMP02277,CC0098,FI,3,Departure,,CAD,CA,2023-12-13 23:00:00,PAYROLL
EVT00069884,2023-12-18,EMP01479,CC0114,IT,1,Leave Start,,CAD,CAN,2023-12-18 16:00:00,CORE_HR
EVT00069661,2023-12-19,EMP05040,CC0025,EN,1,Leave Start,,CAD,CAN,2023-12-19 10:00:00,CORE_HR
EVT00069838,2023-12-18,EMP01834,CC0054,PA,4,Leave Start,,EUR,FR,2023-12-18 23:00:00,PAYROLL
EVT00070194,2023-12-25,EMP01231,CC0036,EX,1,Leave Start,,CAD,CAN,2023-12-25 08:00:00,CORE_HR
EVT00070546,2023-12-08,EMP01960,CC0094,EN,1,Hire,77824.57,CAD,CAN,2023-12-08 10:00:00,CORE_HR
EVT00070707,2023-12-26,EMP04110,CC0076,PA,4,Lateral Deployment,,CAD,CAN,2023-12-26 15:00:00,CORE_HR
EVT00069842,2023-12-11,EMP04138,CC0008,EN,1,Leave Return,,CAD,CAN,2023-12-12 07:00:00,CORE_HR
EVT00071458,2023-12-23,EMP02235,CC0017,AS,5,Lateral Deployment,,CAD,CA,2023-12-23 14:00:00,PAYROLL
EVT00070791,2023-12-15,EMP00288,CC0100,CR,4,Step Increment,74593.99,CAD,CAN,2023-12-16 02:00:00,CORE_HR
EVT00070154,2023-12-11,EMP04871,CC0105,FI,1,Leave Return,,AUD,AU,2023-12-12 14:00:00,PAYROLL
EVT00069828,2023-12-21,EMP01285,CC0083,EC,4,Step Increment,106325.91,CAD,CA,2023-12-22 01:00:00,PAYROLL
EVT00069904,2023-12-27,EMP02304,CC0050,IT,1,Step Increment,91182.84,CAD,CAN,2023-12-27 19:00:00,CORE_HR
EVT00069744,2023-12-06,EMP03041,CC0109,PA,1,Leave Return,,CAD,CAN,2023-12-06 15:00:00,CORE_HR
EVT00070452,2023-12-04,EMP01573,CC0002,EN,2,Step Increment,97554.37,CAD,CAN,2023-12-04 08:00:00,CORE_HR
EVT00070824,2023-12-16,EMP04326,CC0079,PA,1,Step Increment,64559.45,CAD,CAN,2023-12-16 08:00:00,CORE_HR
EVT00069927,2023-12-26,EMP04944,CC0102,EX,1,Step Increment,125716.58,CAD,CAN,2023-12-26 17:00:00,CORE_HR
EVT00069843,2023-12-19,EMP01936,CC0100,EN,1,Step Increment,109922.82,CAD,CAN,2023-12-20 02:00:00,CORE_HR
EVT00070630,2023-12-09,EMP02520,CC0107,IT,2,Lateral Deployment,,CAD,CA,2023-12-10 07:00:00,PAYROLL
EVT00069964,2023-12-13,EMP02866,CC0032,PA,2,Promotion,79988.15,CAD,CAN,2023-12-14 14:00:00,CORE_HR
EVT00069738,2023-12-24,EMP02472,CC0023,EC,5,Performance Pay,11061.76,CAD,CAN,2023-12-25 07:00:00,CORE_HR
EVT00070848,2023-12-26,EMP00856,CC0115,PA,1,Departure,,CAD,CAN,2023-12-27 01:00:00,CORE_HR
EVT00070766,2023-12-22,EMP01175,CC0010,IT,2,Hire,89719.86,CAD,CAN,2023-12-23 09:00:00,CORE_HR
EVT00069667,2023-12-17,EMP01573,CC0002,EN,2,Leave Return,,CAD,CA,2023-12-17 19:00:00,PAYROLL
EVT00070885,2023-12-26,EMP03708,CC0110,PA,5,Step Increment,123667.92,CAD,CAN,2023-12-27 14:00:00,CORE_HR
EVT00070146,2023-12-18,EMP02377,CC0056,FI,4,Departure,,CAD,CA,2023-12-18 18:00:00,PAYROLL
EVT00070383,2023-12-03,EMP04799,CC0039,EX,2,Step Increment,149721.78,CAD,CA,2023-12-03 06:00:00,PAYROLL
EVT00070458,2023-12-11,EMP01985,CC0032,PA,2,Step Increment,68341.55,CAD,CAN,2023-12-11 16:00:00,CORE_HR
EVT00070602,2023-12-26,EMP03096,CC0103,EN,1,Performance Pay,5168.96,CAD,CA,2023-12-27 04:00:00,PAYROLL
EVT00071081,2023-12-05,EMP04332,CC0027,PA,5,Step Increment,110298.24,CAD,CAN,2023-12-05 12:00:00,CORE_HR
EVT00071435,2023-12-17,EMP01458,CC0078,EX,1,Leave Start,,CAD,CA,2023-12-18 09:00:00,PAYROLL
EVT00070545,2023-12-19,EMP02958,CC0070,PA,5,Lateral Deployment,,CAD,CA,2023-12-20 07:00:00,PAYROLL
EVT00071143,2023-12-12,EMP03785,CC0007,AS,2,Performance Pay,112667.89,MXN,MEX,2023-12-13 05:00:00,CORE_HR
EVT00070591,2023-12-01,EMP01165,CC0074,IT,5,Step Increment,184178.83,AUD,AUS,2023-12-02 04:00:00,CORE_HR
EVT00070076,2023-12-23,EMP03381,CC0085,EX,2,Hire,136627.91,CAD,CAN,2023-12-23 13:00:00,CORE_HR
EVT00070510,2023-12-05,EMP02755,CC0024,EN,5,Lateral Deployment,,CAD,CAN,2023-12-06 07:00:00,CORE_HR
EVT00070192,2023-12-27,EMP02216,CC0083,EX,1,Leave Start,,CAD,CAN,2023-12-27 23:00:00,CORE_HR
EVT00069660,2023-12-08,EMP00793,CC0026,CR,2,Promotion,65335.73,CAD,CAN,2023-12-08 12:00:00,CORE_HR
EVT00070816,2023-12-10,EMP01659,CC0043,IT,2,Performance Pay,6313.26,CAD,CA,2023-12-11 09:00:00,PAYROLL
EVT00070962,2023-12-02,EMP03171,CC0022,EC,2,Hire,94763.66,CAD,CAN,2023-12-03 08:00:00,CORE_HR
EVT00071521,2023-12-15,EMP01830,CC0010,IT,1,Step Increment,84853.66,CAD,CAN,2023-12-15 06:00:00,CORE_HR
EVT00071040,2023-12-15,EMP02621,CC0118,AS,5,Step Increment,80756.12,CAD,CA,2023-12-16 10:00:00,PAYROLL
EVT00071539,2023-12-01,EMP02513,CC0041,AS,4,Departure,,CAD,CAN,2023-12-02 11:00:00,CORE_HR
EVT00070526,2023-12-13,EMP03350,CC0053,PA,5,Lateral Deployment,,CAD,CA,2023-12-13 18:00:00,PAYROLL
EVT00070116,2023-12-23,EMP04844,CC0094,AS,1,Leave Start,,CAD,CAN,2023-12-23 21:00:00,CORE_HR
EVT00071566,2023-12-10,EMP00156,CC0011,IT,3,Leave Start,,CAD,CAN,2023-12-12 17:00:00,CORE_HR
EVT00070788,2023-12-21,EMP04087,CC0061,CR,5,Lateral Deployment,,CAD,CAN,2023-12-22 01:00:00,CORE_HR
EVT00069768,2023-12-05,EMP04267,CC0062,EN,1,Leave Return,,CAD,CAN,2023-12-05 17:00:00,CORE_HR
EVT00071108,2023-12-17,EMP04206,CC0110,PA,3,Performance Pay,6168.3,CAD,CAN,2023-12-17 19:00:00,CORE_HR
EVT00071325,2023-12-15,EMP00481,CC0083,EX,1,Performance Pay,8496.12,CAD,CA,2023-12-15 13:00:00,PAYROLL
EVT00071101,2023-12-05,EMP02492,CC0089,PA,2,Performance Pay,6146.72,CAD,CA,2023-12-07 10:00:00,PAYROLL
EVT00071265,2023-12-04,EMP04027,CC0072,AS,2,Lateral Deployment,,CAD,CAN,2023-12-04 16:00:00,CORE_HR
EVT00069618,2023-12-22,EMP04708,CC0058,PA,2,Lateral Deployment,,CAD,CA,2023-12-23 15:00:00,PAYROLL
EVT00070081,2023-12-17,EMP01436,CC0019,EX,1,Leave Return,,CAD,CA,2023-12-17 20:00:00,PAYROLL
EVT00070722,2023-12-02,EMP04270,CC0001,PA,3,Hire,84059.49,CAD,CA,2023-12-02 13:00:00,PAYROLL
EVT00070552,2023-12-23,EMP01818,CC0041,IT,5,Departure,,CAD,CA,2023-12-23 10:00:00,PAYROLL
EVT00069701,2023-12-04,EMP03771,CC0003,IT,4,Leave Start,,CAD,CA,2023-12-04 10:00:00,PAYROLL
EVT00070777,2023-12-10,EMP03174,CC0064,AS,4,Step Increment,87506.24,CAD,CAN,2023-12-10 08:00:00,CORE_HR
EVT00071066,2023-12-27,EMP03744,CC0034,PA,1,Performance Pay,6146.34,CAD,CAN,2023-12-28 07:00:00,CORE_HR
EVT00070807,2023-12-27,EMP00455,CC0117,IT,1,Lateral Deployment,,CAD,CAN,2023-12-27 12:00:00,CORE_HR
EVT00069710,2023-12-23,EMP02520,CC0107,IT,2,Promotion,83525.69,CAD,CAN,2023-12-24 11:00:00,CORE_HR
EVT00071619,2023-12-06,EMP02530,CC0030,PA,1,Leave Return,,USD,US,2023-12-06 09:00:00,PAYROLL
EVT00069967,2023-12-15,EMP02138,CC0016,PA,3,Performance Pay,9784.87,CAD,CA,2023-12-15 12:00:00,PAYROLL
EVT00071059,2023-12-13,EMP01034,CC0100,FI,4,Lateral Deployment,,CAD,CAN,2023-12-14 01:00:00,CORE_HR
EVT00070891,2023-12-11,EMP04629,CC0024,FI,2,Step Increment,89797.89,CAD,CAN,2023-12-12 00:00:00,CORE_HR
EVT00071308,2023-12-03,EMP01544,CC0052,FI,1,Lateral Deployment,,CAD,CA,2023-12-03 16:00:00,PAYROLL
EVT00069694,2023-12-20,EMP03851,CC0045,IT,2,Step Increment,94982.14,CAD,CA,2023-12-20 09:00:00,PAYROLL
EVT00070825,2023-12-24,EMP02783,CC0022,CR,2,Promotion,55129.43,CAD,CAN,2023-12-25 14:00:00,CORE_HR
EVT00070828,2023-12-08,EMP02280,CC0052,FI,2,Step Increment,84762.39,CAD,CAN,2023-12-08 20:00:00,CORE_HR
EVT00070622,2023-12-06,EMP02197,CC0018,PA,2,Promotion,72743.56,CAD,CA,2023-12-06 18:00:00,PAYROLL
EVT00070818,2023-12-11,EMP04836,CC0099,EC,3,Leave Start,,CAD,CAN,2023-12-12 00:00:00,CORE_HR
EVT00069628,2023-12-16,EMP03552,CC0119,AS,2,Promotion,67841.1,CAD,CAN,2023-12-17 11:00:00,CORE_HR
EVT00070244,2023-12-20,EMP02498,CC0108,CR,4,Step Increment,107603.49,AUD,AU,2023-12-20 16:00:00,PAYROLL
EVT00070325,2023-12-02,EMP05093,CC0098,IT,3,Step Increment,110918.0,CAD,CAN,2023-12-02 08:00:00,CORE_HR
EVT00070143,2023-12-07,EMP01971,CC0060,IT,1,Step Increment,84054.47,CAD,CAN,2023-12-08 08:00:00,CORE_HR
EVT00069785,2023-12-25,EMP01742,CC0097,FI,2,Lateral Deployment,,CAD,CAN,2023-12-25 13:00:00,CORE_HR
EVT00071117,2023-12-26,EMP03823,CC0088,CR,1,Departure,,MXN,MEX,2023-12-27 14:00:00,CORE_HR
EVT00070342,2023-12-08,EMP03511,CC0005,CR,4,Performance Pay,8091.12,CAD,CAN,2023-12-08 18:00:00,CORE_HR
EVT00071087,2023-12-13,EMP00365,CC0063,EX,1,Step Increment,105670.23,CAD,CA,2023-12-13 09:00:00,PAYROLL
EVT00070724,2023-12-24,EMP05136,CC0109,EC,5,Lateral Deployment,,CAD,CA,2023-12-24 23:00:00,PAYROLL
EVT00070984,2023-12-08,EMP03436,CC0062,PA,3,Leave Start,,CAD,CA,2023-12-08 20:00:00,PAYROLL
EVT00070202,2023-12-16,EMP01751,CC0066,AS,4,Step Increment,85169.24,CAD,CA,2023-12-17 13:00:00,PAYROLL
EVT00070115,2023-12-24,EMP01728,CC0099,CR,3,Step Increment,68870.31,CAD,CAN,2023-12-24 14:00:00,CORE_HR
EVT00070743,2023-12-26,EMP02493,CC0116,EN,2,Step Increment,102379.71,CAD,CAN,2023-12-27 11:00:00,CORE_HR
EVT00069977,2023-12-01,EMP00273,CC0003,PA,1,Step Increment,68568.1,CAD,CAN,2023-12-01 21:00:00,CORE_HR
EVT00069763,2023-12-11,EMP02896,CC0070,EN,5,Lateral Deployment,,CAD,CA,2023-12-11 10:00:00,PAYROLL
EVT00069820,2023-12-18,EMP04463,CC0016,IT,2,Leave Start,,CAD,CA,2023-12-18 17:00:00,PAYROLL
EVT00070725,2023-12-27,EMP04560,CC0064,EX,2,Step Increment,118297.69,CAD,CA,2023-12-27 19:00:00,PAYROLL
EVT00071408,2023-12-04,EMP01658,CC0095,EC,1,Performance Pay,5234.45,CAD,CAN,2023-12-05 05:00:00,CORE_HR
EVT00070139,2023-12-18,EMP00200,CC0105,AS,2,Promotion,46155.39,GBP,GB,2023-12-19 00:00:00,PAYROLL
EVT00070290,2023-12-18,EMP03697,CC0006,PA,2,Step Increment,63269.33,CAD,CAN,2023-12-18 11:00:00,CORE_HR
EVT00071628,2023-12-15,EMP03993,CC0034,EN,2,Performance Pay,13392.88,CAD,CA,2023-12-16 09:00:00,PAYROLL
EVT00071167,2023-12-08,EMP03934,CC0096,PA,1,Performance Pay,6670.81,CAD,CA,2023-12-08 13:00:00,PAYROLL
EVT00070657,2023-12-16,EMP03779,CC0032,PA,3,Lateral Deployment,,CAD,CAN,2023-12-16 12:00:00,CORE_HR
EVT00071660,2023-12-19,EMP01210,CC0092,PA,2,Leave Start,,CAD,CA,2023-12-19 22:00:00,PAYROLL
EVT00071368,2023-12-25,EMP04695,CC0064,EC,3,Step Increment,93587.96,CAD,CAN,2023-12-26 00:00:00,CORE_HR
EVT00070970,2023-12-24,EMP03452,CC0089,CR,4,Performance Pay,8839.63,CAD,CA,2023-12-24 18:00:00,PAYROLL
EVT00069734,2023-12-22,EMP02738,CC0033,PA,4,Performance Pay,6138.91,CAD,CAN,2023-12-23 09:00:00,CORE_HR
EVT00069725,2023-12-01,EMP03484,CC0094,AS,4,Hire,86754.54,CAD,CAN,2023-12-01 23:00:00,CORE_HR
EVT00069892,2023-12-10,EMP03392,CC0108,IT,1,Step Increment,71251.32,EUR,DE,2023-12-11 02:00:00,PAYROLL
EVT00070666,2023-12-03,EMP00631,CC0015,AS,1,Step Increment,51161.3,CAD,CAN,2023-12-04 04:00:00,CORE_HR
EVT00069643,2023-12-18,EMP01194,CC0084,IT,3,Leave Start,,CAD,CAN,2023-12-18 22:00:00,CORE_HR
EVT00070054,2023-12-07,EMP05160,CC0072,PA,2,Lateral Deployment,,CAD,CAN,2023-12-07 07:00:00,CORE_HR
EVT00069857,2023-12-10,EMP03142,CC0056,EX,1,Promotion,144199.59,CAD,CAN,2023-12-10 08:00:00,CORE_HR
EVT00069925,2023-12-17,EMP04468,CC0107,PA,1,Step Increment,67882.99,CAD,CAN,2023-12-17 13:00:00,CORE_HR
EVT00070482,2023-12-21,EMP03290,CC0035,FI,3,Leave Start,,CAD,CA,2023-12-21 18:00:00,PAYROLL
EVT00070127,2023-12-03,EMP02156,CC0043,AS,2,Step Increment,61768.45,CAD,CAN,2023-12-04 03:00:00,CORE_HR
EVT00071079,2023-12-20,EMP01641,CC0014,AS,1,Step Increment,44880.74,CAD,CA,2023-12-20 07:00:00,PAYROLL
EVT00071644,2023-12-20,EMP01307,CC0090,AS,3,Step Increment,69345.31,CAD,CA,2023-12-20 17:00:00,PAYROLL
EVT00070396,2023-12-05,EMP03627,CC0093,EX,1,Step Increment,139922.09,CAD,CA,2023-12-05 21:00:00,PAYROLL
EVT00070695,2023-12-16,EMP04111,CC0064,CR,1,Performance Pay,4177.79,XXX,CA,2023-12-17 10:00:00,PAYROLL
EVT00071678,2023-12-06,EMP04991,CC0074,EC,5,Lateral Deployment,,AED,ARE,2023-12-07 10:00:00,CORE_HR
EVT00069799,2023-12-09,EMP04560,CC0064,EX,2,Step Increment,171999.62,CAD,CAN,2023-12-10 08:00:00,CORE_HR
EVT00071503,1900-01-01,EMP03239,CC0033,EN,1,Leave Start,,CAD,CAN,2023-12-05 01:00:00,CORE_HR
EVT00071011,2023-12-21,EMP03399,CC0103,AS,1,Step Increment,53097.16,CAD,CAN,2023-12-22 10:00:00,CORE_HR
EVT00070814,2023-12-06,EMP03351,CC0106,PA,4,Hire,95224.71,CAD,CA,2023-12-07 06:00:00,PAYROLL
EVT00069934,2023-12-04,EMP02737,CC0004,AS,2,Departure,,CAD,CAN,2023-12-04 07:00:00,CORE_HR
EVT00070781,2023-12-13,EMP01522,CC0069,IT,3,Promotion,110911.64,CAD,CA,2023-12-14 11:00:00,PAYROLL
EVT00071672,2023-12-06,EMP04210,CC0049,EC,2,Hire,70360.13,USD,USA,2023-12-07 07:00:00,CORE_HR
EVT00069737,2023-12-08,EMP04300,CC0040,PA,3,Step Increment,82810.66,CAD,CA,2023-12-09 03:00:00,PAYROLL
EVT00069830,2023-12-17,EMP03085,CC0114,PA,1,Hire,68410.78,CAD,CA,2023-12-17 14:00:00,PAYROLL
EVT00071536,2023-12-17,EMP03058,CC0098,AS,2,Promotion,68425.88,CAD,CAN,2023-12-17 16:00:00,CORE_HR
EVT00071652,2023-12-11,EMP04196,CC0065,EC,2,Leave Return,,GBP,GBR,2023-12-11 18:00:00,CORE_HR
EVT00070706,2023-12-10,EMP04946,CC0102,PA,3,Step Increment,89754.94,CAD,CA,2023-12-11 11:00:00,PAYROLL
EVT00070470,2023-12-17,EMP03883,CC0103,IT,2,Step Increment,105047.37,CAD,CAN,2023-12-17 08:00:00,CORE_HR
EVT00071421,2023-12-11,EMP04877,CC0102,PA,2,Leave Return,,CAD,CAN,2023-12-11 13:00:00,CORE_HR
EVT00069829,2023-12-22,EMP02419,CC0051,PA,1,Step Increment,63222.33,CAD,CA,2023-12-23 04:00:00,PAYROLL
EVT00071217,2023-12-18,EMP02013,CC0116,AS,4,Leave Start,,CAD,CA,2023-12-19 01:00:00,PAYROLL
EVT00071391,2023-12-14,EMP04287,CC0043,EN,5,Hire,139836.2,CAD,CA,2023-12-15 06:00:00,PAYROLL
EVT00070200,2023-12-26,EMP01708,CC0100,PA,3,Leave Return,,CAD,CAN,2023-12-27 05:00:00,CORE_HR
EVT00071570,2023-12-20,EMP01425,CC0100,CR,4,Step Increment,68833.24,CAD,CA,2023-12-21 12:00:00,PAYROLL
EVT00070514,2023-12-01,EMP99999,CC0033,PA,4,Lateral Deployment,,CAD,CA,2023-12-04 11:00:00,PAYROLL
EVT00070130,2023-12-03,EMP02711,CC0116,IT,1,Leave Return,,CAD,CAN,2023-12-03 10:00:00,CORE_HR
EVT00070975,2023-12-13,EMP00897,CC0045,EN,1,Departure,,CAD,CAN,2023-12-14 15:00:00,CORE_HR
EVT00069980,2023-12-06,EMP03971,CC0099,PA,2,Step Increment,67435.43,CAD,CAN,2023-12-06 19:00:00,CORE_HR
EVT00071432,2023-12-23,EMP00739,CC0099,PA,3,Departure,,CAD,CAN,2023-12-23 06:00:00,CORE_HR
EVT00071630,2023-12-14,EMP03454,CC0054,CR,4,Step Increment,293138.31,BRL,BRA,2023-12-14 11:00:00,CORE_HR
EVT00070052,2023-12-12,EMP01592,CC0051,PA,5,Performance Pay,9222.69,CAD,CAN,2023-12-12 14:00:00,CORE_HR
EVT00071603,2023-12-11,EMP04257,CC0053,AS,2,Step Increment,71107.44,CAD,CAN,2023-12-11 19:00:00,CORE_HR
EVT00071632,2023-12-12,EMP03431,CC0055,CR,2,Leave Start,,CAD,CAN,2023-12-12 07:00:00,CORE_HR
EVT00070251,2023-12-15,EMP00692,CC0024,EN,1,Step Increment,85674.98,CAD,CA,2023-12-16 01:00:00,PAYROLL
EVT00069910,2023-12-19,EMP05173,CC0101,EC,1,Step Increment,64912.92,CAD,CAN,2023-12-19 16:00:00,CORE_HR
EVT00071647,2023-12-08,EMP04394,CC0045,IT,1,Leave Start,,CAD,CAN,2023-12-09 07:00:00,CORE_HR
EVT00070337,2023-12-17,EMP01053,CC0095,PA,2,Departure,,CAD,CAN,2023-12-18 02:00:00,CORE_HR
EVT00070331,2023-12-23,EMP03087,CC0114,FI,2,Departure,,CAD,CAN,2023-12-24 00:00:00,CORE_HR
EVT00070612,2023-12-22,EMP01597,CC0026,IT,1,Departure,,CAD,CAN,2023-12-22 11:00:00,CORE_HR
EVT00069914,2023-12-20,EMP05012,CC0080,PA,1,Leave Return,,USD,US,2023-12-20 10:00:00,PAYROLL
EVT00069989,2023-12-14,EMP04875,CC0101,PA,1,Leave Start,,CAD,CA,2023-12-14 18:00:00,PAYROLL
EVT00070245,2023-12-25,EMP02649,CC0028,EC,4,Step Increment,98637.98,CAD,CAN,2023-12-25 09:00:00,CORE_HR
EVT00071625,2023-12-10,EMP04956,CC0062,FI,5,Performance Pay,8030.39,CAD,CA,2023-12-10 11:00:00,PAYROLL
EVT00070324,2023-12-19,EMP00411,CC0100,EC,3,Leave Return,,CAD,CA,2023-12-19 18:00:00,PAYROLL
EVT00070877,2023-12-06,EMP00002,CC0068,EN,3,Hire,122603.69,CAD,CA,2023-12-07 11:00:00,PAYROLL
EVT00071544,2023-12-10,EMP01367,CC0079,EN,1,Departure,,CAD,CA,2023-12-10 15:00:00,PAYROLL
EVT00069954,2023-12-20,EMP04540,CC0044,EC,2,Leave Return,,CAD,CA,2023-12-21 04:00:00,PAYROLL
EVT00071064,2023-12-21,EMP00510,CC0053,PA,3,Step Increment,84160.89,CAD,CAN,2023-12-22 05:00:00,CORE_HR
EVT00071431,2023-12-26,EMP01053,CC0095,PA,2,Step Increment,75909.92,CAD,CA,2023-12-27 11:00:00,PAYROLL
EVT00070609,2023-12-22,EMP04471,CC0079,PA,3,Step Increment,87949.71,CAD,CAN,2023-12-22 22:00:00,CORE_HR
EVT00071213,2023-12-15,EMP00367,CC0097,FI,4,Step Increment,117001.53,CAD,CAN,2023-12-16 04:00:00,CORE_HR
EVT00070696,2023-12-18,EMP01562,CC0046,CR,4,Step Increment,4766074.27,INR,IN,2023-12-18 14:00:00,PAYROLL
EVT00070078,2023-12-14,EMP02033,CC0033,IT,1,Step Increment,79294.29,CAD,CAN,2023-12-15 08:00:00,CORE_HR
EVT00070921,2023-12-03,EMP03034,CC0085,FI,1,Leave Start,,CAD,CA,2023-12-06 00:00:00,PAYROLL
EVT00069874,2023-12-13,EMP03346,CC0033,EC,2,Lateral Deployment,,CAD,CAN,2023-12-14 00:00:00,CORE_HR
EVT00070166,2023-12-13,EMP03643,CC0079,EC,3,Lateral Deployment,,CAD,CA,2023-12-14 01:00:00,PAYROLL
EVT00069627,2023-12-08,EMP00339,CC0059,PA,2,Departure,,CAD,CA,2023-12-09 03:00:00,PAYROLL
EVT00070020,2023-12-14,EMP99999,CC0005,EC,3,Leave Return,,CAD,CA,2023-12-14 16:00:00,PAYROLL
EVT00071092,2023-12-23,EMP04704,CC0050,FI,5,Step Increment,121561.66,CAD,CA,2023-12-24 11:00:00,PAYROLL
EVT00070429,2023-12-25,EMP02022,CC0071,PA,1,Departure,,CAD,CAN,2023-12-25 20:00:00,CORE_HR
EVT00069996,2023-12-09,EMP03815,CC0016,FI,5,Hire,125092.62,CAD,CAN,2023-12-11 07:00:00,CORE_HR
EVT00071583,2023-12-03,EMP01905,CC0118,AS,4,Hire,88813.04,CAD,CA,2023-12-04 15:00:00,PAYROLL
EVT00071533,2023-12-24,EMP00257,CC0065,IT,3,Leave Start,,JPY,JP,2023-12-25 00:00:00,PAYROLL
EVT00070480,2023-12-06,EMP00249,CC0012,EX,2,Departure,,CAD,CAN,2023-12-07 15:00:00,CORE_HR
EVT00070655,2023-12-06,EMP00990,CC0068,IT,1,Performance Pay,8425.77,CAD,CAN,2023-12-07 04:00:00,CORE_HR
EVT00069733,2023-12-19,EMP00345,CC0091,IT,2,Leave Start,,CAD,CAN,2023-12-20 14:00:00,CORE_HR
EVT00071029,2023-12-17,EMP00354,CC0041,IT,2,Leave Start,,CAD,CAN,2023-12-18 14:00:00,CORE_HR
EVT00070025,2023-12-02,EMP02404,CC0069,EX,3,Promotion,176899.01,CAD,CAN,2023-12-03 05:00:00,CORE_HR
EVT00070598,2023-12-18,EMP00949,CC0016,EC,2,Lateral Deployment,,CAD,CAN,2023-12-18 12:00:00,CORE_HR
EVT00069825,2023-12-27,EMP04539,CC0106,EC,2,Leave Start,,CAD,CA,2023-12-28 07:00:00,PAYROLL
EVT00070112,2023-12-25,EMP03045,CC0065,FI,1,Leave Start,,USD,USA,2023-12-26 04:00:00,CORE_HR
EVT00069896,2023-12-19,EMP02628,CC0091,EC,1,Departure,,CAD,CAN,2023-12-19 12:00:00,CORE_HR
EVT00070395,2023-12-21,EMP05104,CC0046,IT,1,Hire,8236731.75,KES,KE,2023-12-23 13:00:00,PAYROLL
EVT00071516,2023-12-20,EMP01321,CC0056,AS,2,Leave Return,,CAD,CA,2023-12-20 17:00:00,PAYROLL
EVT00069746,2023-12-17,EMP05157,CC0012,PA,2,Leave Return,,CAD,CA,2023-12-17 12:00:00,PAYROLL
EVT00069990,2023-12-27,EMP02568,CC0003,EX,2,Leave Start,,CAD,CAN,2023-12-28 03:00:00,CORE_HR
EVT00070683,2023-12-10,EMP00944,CC0028,EN,1,Step Increment,80500.04,CAD,CAN,2023-12-11 04:00:00,CORE_HR
EVT00071229,2023-12-26,EMP02168,CC0001,AS,1,Leave Start,,CAD,CAN,2023-12-27 12:00:00,CORE_HR
EVT00070362,2023-12-02,EMP03726,CC0026,CR,3,Leave Start,,CAD,CA,2023-12-03 14:00:00,PAYROLL
EVT00071474,2023-12-19,EMP02903,CC0023,PA,3,Lateral Deployment,,CAD,CA,2023-12-20 02:00:00,PAYROLL
EVT00069995,2023-12-04,EMP04516,CC0023,AS,3,Step Increment,73247.5,CAD,CA,2023-12-05 14:00:00,PAYROLL
EVT00069975,2023-12-14,EMP02436,CC0087,EN,3,Performance Pay,11027.56,CAD,CA,2023-12-14 07:00:00,PAYROLL
EVT00071333,2023-12-18,EMP03824,CC0084,EC,3,Lateral Deployment,,CAD,CA,2023-12-19 09:00:00,PAYROLL
EVT00070176,1900-01-01,EMP01086,CC0043,EC,2,Step Increment,90801.24,CAD,CAN,2023-12-08 09:00:00,CORE_HR
EVT00071395,2023-12-03,EMP01793,CC0114,EN,1,Leave Return,,XXX,CAN,2023-12-03 20:00:00,CORE_HR
EVT00071446,2023-12-24,EMP04201,CC0050,CR,3,Step Increment,65584.87,CAD,CAN,2023-12-24 10:00:00,CORE_HR
EVT00069963,2023-12-22,EMP02179,CC0103,AS,4,Step Increment,77703.52,CAD,CAN,2023-12-23 07:00:00,CORE_HR
EVT00069886,2023-12-05,EMP02131,CC0033,IT,2,Departure,,CAD,CA,2023-12-05 15:00:00,PAYROLL
EVT00070376,2023-12-16,EMP03625,CC0062,IT,4,Step Increment,96519.09,CAD,CAN,2023-12-16 21:00:00,CORE_HR
EVT00069747,2023-12-24,EMP00478,CC0032,EC,3,Leave Return,,CAD,CA,2023-12-25 14:00:00,PAYROLL
EVT00071429,2023-12-06,EMP04878,CC0090,EN,3,Step Increment,112027.5,CAD,CAN,2023-12-06 11:00:00,CORE_HR
EVT00069675,2023-12-14,EMP02839,CC0071,EX,2,Departure,,CAD,CAN,2023-12-15 02:00:00,CORE_HR
EVT00070226,2023-12-20,EMP03666,CC0059,IT,1,Leave Return,,CAD,CAN,2023-12-20 17:00:00,CORE_HR
EVT00071641,2023-12-25,EMP04362,CC0116,IT,2,Step Increment,101655.74,CAD,CAN,2023-12-25 14:00:00,CORE_HR
EVT00070822,2023-12-01,EMP01756,CC0041,EC,3,Step Increment,111789.51,CAD,CAN,2023-12-02 01:00:00,CORE_HR
EVT00070792,2023-12-06,EMP04412,CC0085,FI,2,Leave Return,,CAD,CAN,2023-12-06 12:00:00,CORE_HR
EVT00070756,2023-12-03,EMP02499,CC0039,AS,3,Step Increment,76568.93,CAD,CAN,2023-12-03 15:00:00,CORE_HR
EVT00071602,2023-12-13,EMP04080,CC0061,PA,1,Step Increment,66815.88,CAD,CA,2023-12-14 00:00:00,PAYROLL
EVT00070954,2023-12-26,EMP01968,CC0037,AS,2,Leave Start,,CAD,CA,2023-12-26 23:00:00,PAYROLL
EVT00071563,2023-12-26,EMP01355,CC0054,AS,3,Leave Return,,KES,KE,2023-12-26 22:00:00,PAYROLL
EVT00071542,2023-12-16,EMP00023,CC0075,FI,2,Step Increment,92667.74,CAD,CAN,2023-12-16 08:00:00,CORE_HR
EVT00070397,2023-12-26,EMP01348,CC0054,AS,5,Leave Start,,INR,IND,2023-12-27 03:00:00,CORE_HR
EVT00070945,2023-12-02,EMP02451,CC0118,FI,2,Leave Start,,CAD,CAN,2023-12-03 04:00:00,CORE_HR
EVT00071109,2023-12-18,EMP03802,CC0119,AS,2,Promotion,63928.66,CAD,CAN,2023-12-18 06:00:00,CORE_HR
EVT00069890,2023-12-06,EMP03828,CC0024,PA,5,Step Increment,99102.22,CAD,CAN,2023-12-06 15:00:00,CORE_HR
EVT00070256,2023-12-11,EMP03640,CC0092,FI,3,Promotion,94872.38,CAD,CA,2023-12-11 23:00:00,PAYROLL
EVT00071685,2023-12-15,EMP00420,CC0101,AS,5,Departure,,CAD,CAN,2023-12-16 04:00:00,CORE_HR
EVT00071518,2023-12-21,EMP01604,CC0001,EX,1,Lateral Deployment,,CAD,CA,2023-12-22 00:00:00,PAYROLL
EVT00070280,2023-12-13,EMP03760,CC0058,AS,1,Step Increment,59213.05,CAD,CAN,2023-12-13 16:00:00,CORE_HR
EVT00070457,2023-12-19,EMP02147,CC0016,PA,3,Leave Start,,CAD,CA,2023-12-20 13:00:00,PAYROLL
EVT00071654,2023-12-12,EMP00359,CC0079,AS,2,Leave Return,,CAD,CA,2023-12-12 16:00:00,PAYROLL
EVT00069985,2023-12-24,EMP03989,CC0041,FI,3,Performance Pay,10892.81,CAD,CA,2023-12-25 10:00:00,PAYROLL
EVT00069781,2023-12-20,EMP02118,CC0039,CR,5,Performance Pay,6585.13,CAD,CAN,2023-12-21 06:00:00,CORE_HR
EVT00070745,2023-12-20,EMP01015,CC0027,CR,2,Lateral Deployment,,CAD,CA,2023-12-21 14:00:00,PAYROLL
EVT00069718,2023-12-01,EMP00630,CC0070,AS,3,Performance Pay,2971.8,CAD,CA,2023-12-01 19:00:00,PAYROLL
EVT00071025,2023-12-14,EMP03902,CC0030,EC,2,Leave Return,,EUR,FRA,2023-12-14 22:00:00,CORE_HR
EVT00070688,2023-12-24,EMP02124,CC0033,AS,4,Step Increment,74436.48,CAD,CA,2023-12-25 12:00:00,PAYROLL
EVT00071591,2023-12-20,EMP00162,CC0110,IT,5,Hire,151605.46,CAD,CA,2023-12-21 11:00:00,PAYROLL
EVT00071648,2023-12-19,EMP03859,CC0032,FI,3,Step Increment,93348.48,CAD,CAN,2023-12-20 15:00:00,CORE_HR
EVT00070868,2023-12-03,EMP02111,CC0061,EC,1,Promotion,57156.93,CAD,CAN,2023-12-04 08:00:00,CORE_HR
EVT00069774,2023-12-16,EMP02629,CC0058,PA,4,Leave Start,,CAD,CAN,2023-12-16 11:00:00,CORE_HR
EVT00070330,2023-12-04,EMP04051,CC0024,CR,3,Step Increment,72316.92,CAD,CAN,2023-12-05 12:00:00,CORE_HR
EVT00070314,2023-12-20,EMP00179,CC0024,AS,1,Hire,57398.33,CAD,CA,2023-12-21 13:00:00,PAYROLL
EVT00069801,2023-12-09,EMP01741,CC0034,PA,1,Step Increment,64560.32,CAD,CA,2023-12-09 07:00:00,PAYROLL
EVT00071401,2023-12-01,EMP01209,CC0050,FI,3,Step Increment,81826.28,CAD,CA,2023-12-02 05:00:00,PAYROLL
EVT00071027,2023-12-02,EMP04949,CC0074,EC,3,Promotion,79641.25,EUR,FRA,2023-12-02 12:00:00,CORE_HR
EVT00070802,2023-12-06,EMP00867,CC0016,IT,3,Step Increment,105327.56,CAD,CA,2023-12-07 15:00:00,PAYROLL
EVT00070557,2023-12-17,EMP02631,CC0102,PA,1,Leave Start,,CAD,CA,2023-12-19 03:00:00,PAYROLL
EVT00069779,2023-12-23,EMP00288,CC0100,CR,4,Promotion,68705.56,CAD,CAN,2023-12-23 23:00:00,CORE_HR
EVT00071171,2023-12-11,EMP00195,CC0055,IT,2,Step Increment,84367.82,CAD,CA,2023-12-11 21:00:00,PAYROLL
EVT00070555,2023-12-18,EMP04902,CC0057,CR,5,Leave Return,,CAD,CA,2023-12-18 12:00:00,PAYROLL
EVT00069823,2023-12-20,EMP01943,CC0058,EN,2,Leave Start,,CAD,CAN,2023-12-21 10:00:00,CORE_HR
EVT00071283,2023-12-16,EMP00056,CC0025,EN,3,Performance Pay,12990.56,CAD,CAN,2023-12-16 10:00:00,CORE_HR
EVT00070502,2023-12-12,EMP05119,CC0009,EN,3,Performance Pay,23075.98,AUD,AUS,2023-12-12 10:00:00,CORE_HR
EVT00069963,2023-12-22,EMP02179,CC0103,AS,4,Step Increment,77703.52,CAD,CAN,2023-12-23 19:00:00,CORE_HR
EVT00070413,2023-12-02,EMP01620,CC0079,EX,1,Leave Return,,CAD,CAN,2023-12-03 07:00:00,CORE_HR
EVT00069723,2023-12-04,EMP00709,CC0029,AS,5,Hire,267895.68,AED,ARE,2023-12-04 20:00:00,CORE_HR
EVT00069704,2023-12-09,EMP00103,CC0041,FI,5,Leave Start,,CAD,CA,2023-12-09 18:00:00,PAYROLL
EVT00070181,2023-12-24,EMP02031,CC0081,CR,1,Performance Pay,5326.5,CAD,CAN,2023-12-24 21:00:00,CORE_HR
EVT00071426,2023-12-25,EMP02222,CC0020,EN,2,Step Increment,103195.28,CAD,CA,2023-12-26 11:00:00,PAYROLL
EVT00071195,2023-12-26,EMP00824,CC0001,IT,4,Hire,121575.22,CAD,CAN,2023-12-26 11:00:00,CORE_HR
EVT00069684,2023-12-15,EMP03442,CC0018,EN,1,Departure,,CAD,CAN,2023-12-15 21:00:00,CORE_HR
EVT00071554,2023-12-17,EMP02884,CC0075,PA,2,Performance Pay,8703.26,CAD,CAN,2023-12-17 07:00:00,CORE_HR
EVT00069761,2023-12-05,EMP02095,CC0032,EC,4,Performance Pay,8320.8,CAD,CA,2023-12-06 13:00:00,PAYROLL
EVT00070737,2023-12-27,EMP03635,CC0055,IT,2,Performance Pay,7466.02,CAD,CAN,2023-12-27 15:00:00,CORE_HR
EVT00070157,2023-12-25,EMP01091,CC0045,PA,4,Step Increment,85364.31,CAD,CAN,2023-12-26 00:00:00,CORE_HR
EVT00069819,2023-12-14,EMP01047,CC0016,EC,5,Departure,,CAD,CA,2023-12-15 10:00:00,PAYROLL
EVT00070205,2023-12-11,EMP01068,CC0063,IT,2,Lateral Deployment,,CAD,CAN,2023-12-11 13:00:00,CORE_HR
EVT00071568,2023-12-10,EMP02754,CC0070,FI,1,Leave Start,,CAD,CA,2023-12-11 00:00:00,PAYROLL
EVT00070615,2023-12-26,EMP02422,CC0006,EX,1,Step Increment,117205.63,CAD,CAN,2023-12-27 00:00:00,CORE_HR
EVT00070269,2023-12-21,EMP00892,CC0093,EN,1,Step Increment,83609.22,CAD,CA,2023-12-22 08:00:00,PAYROLL
EVT00071692,2023-12-04,EMP05004,CC0113,PA,1,Leave Start,,CAD,CAN,2023-12-04 15:00:00,CORE_HR
EVT00070989,2023-12-17,EMP03930,CC0087,EN,1,Step Increment,62828.0,CAD,CAN,2023-12-17 10:00:00,CORE_HR
EVT00071642,2023-12-20,EMP03843,CC0049,EX,1,Hire,117353.26,USD,US,2023-12-20 08:00:00,PAYROLL
EVT00071343,2023-12-18,EMP02197,CC0018,PA,2,Lateral Deployment,,CAD,CAN,2023-12-19 00:00:00,CORE_HR
EVT00070197,2023-12-16,EMP04396,CC0116,EC,4,Leave Start,,CAD,CA,2023-12-16 22:00:00,PAYROLL
EVT00070736,2023-12-25,EMP03940,CC0081,CR,2,Departure,,CAD,CA,2023-12-25 18:00:00,PAYROLL
EVT00071246,2023-12-22,EMP01724,CC0005,PA,1,Step Increment,63748.13,CAD,CAN,2023-12-23 00:00:00,CORE_HR
EVT00071136,2023-12-02,EMP00439,CC0037,IT,5,Promotion,127503.28,CAD,CAN,2023-12-03 04:00:00,CORE_HR
EVT00071070,2023-12-11,EMP04938,CC0046,EC,3,Performance Pay,5585.88,SGD,SGP,2023-12-11 19:00:00,CORE_HR
EVT00071673,2023-12-22,EMP02542,CC0089,AS,3,Lateral Deployment,,CAD,CA,2023-12-23 07:00:00,PAYROLL
EVT00071609,2023-12-19,EMP05158,CC0105,EC,3,Departure,,AED,ARE,2023-12-20 16:00:00,CORE_HR
EVT00071157,2023-12-05,EMP02677,CC0058,IT,2,Performance Pay,13347.17,CAD,CA,2023-12-06 03:00:00,PAYROLL
EVT00070158,2023-12-25,EMP03703,CC0117,FI,1,Lateral Deployment,,CAD,CAN,2023-12-25 12:00:00,CORE_HR
EVT00069642,2023-12-06,EMP04013,CC0060,EX,2,Step Increment,154717.91,CAD,CA,2023-12-07 08:00:00,PAYROLL
EVT00070758,2023-12-16,EMP02920,CC0006,AS,3,Leave Start,,CAD,CAN,2023-12-16 21:00:00,CORE_HR
EVT00069928,2023-12-04,EMP00895,CC0056,EC,1,Departure,,CAD,CAN,2023-12-06 00:00:00,CORE_HR
EVT00070046,2023-12-22,EMP00490,CC0070,PA,2,Hire,76272.5,CAD,CAN,2023-12-22 07:00:00,CORE_HR
EVT00070353,2023-12-11,EMP04714,CC0096,EC,4,Leave Return,,CAD,CAN,2023-12-11 12:00:00,CORE_HR
EVT00071411,2023-12-09,EMP03903,CC0034,FI,4,Leave Start,,CAD,CAN,2023-12-10 08:00:00,CORE_HR
EVT00070002,2023-12-02,EMP01129,CC0028,CR,2,Step Increment,61892.86,CAD,CAN,2023-12-05 01:00:00,CORE_HR
EVT00069930,2023-12-11,EMP00758,CC0103,IT,4,Step Increment,105043.84,CAD,CAN,2023-12-11 22:00:00,CORE_HR
EVT00070583,2023-12-22,EMP01108,CC0091,PA,3,Step Increment,78087.45,CAD,CA,2023-12-22 20:00:00,PAYROLL
EVT00070135,2023-12-08,EMP01066,CC0112,FI,2,Leave Return,,CAD,CAN,2023-12-09 05:00:00,CORE_HR
EVT00070534,2023-12-25,EMP05169,CC0066,EX,3,Step Increment,167200.29,CAD,CAN,2023-12-25 15:00:00,CORE_HR
EVT00071132,2023-12-07,EMP01793,CC0114,EN,1,Departure,,CAD,CA,2023-12-07 17:00:00,PAYROLL
EVT00070476,2023-12-21,EMP04228,CC0005,EN,4,Promotion,132026.17,CAD,CAN,2023-12-22 00:00:00,CORE_HR
EVT00070687,2023-12-20,EMP05064,CC0043,AS,5,Step Increment,97359.58,XXX,CAN,2023-12-20 22:00:00,CORE_HR
EVT00069767,2023-12-05,EMP01342,CC0083,IT,1,Step Increment,81819.41,CAD,CA,2023-12-05 09:00:00,PAYROLL
EVT00070603,2023-12-18,EMP03065,CC0111,IT,2,Leave Start,,AED,ARE,2023-12-18 23:00:00,CORE_HR
EVT00070539,2023-12-10,EMP02418,CC0037,CR,1,Step Increment,42202.46,CAD,CAN,2023-12-10 18:00:00,CORE_HR
EVT00071218,2023-12-22,EMP01814,CC0119,EX,1,Promotion,134870.9,CAD,CAN,2023-12-25 09:00:00,CORE_HR
EVT00071077,2023-12-10,EMP00033,CC0037,EC,2,Step Increment,83177.28,CAD,CAN,2023-12-10 14:00:00,CORE_HR
EVT00071185,2023-12-10,EMP03877,CC0036,PA,3,Step Increment,84789.31,CAD,CAN,2023-12-10 12:00:00,CORE_HR
EVT00070527,2023-12-22,EMP02330,CC0044,EN,4,Performance Pay,17107.52,CAD,CAN,2023-12-22 06:00:00,CORE_HR
EVT00070648,2023-12-05,EMP03075,CC0086,PA,2,Hire,4690726.07,INR,IND,2023-12-06 13:00:00,CORE_HR
EVT00070170,2023-12-25,EMP03888,CC0047,EX,1,Leave Start,,CAD,CAN,2023-12-25 12:00:00,CORE_HR
EVT00070964,2023-12-12,EMP03731,CC0119,EX,2,Performance Pay,6801.0,CAD,CA,2023-12-12 17:00:00,PAYROLL
EVT00070631,2023-12-19,EMP02536,CC0039,IT,1,Step Increment,88225.02,CAD,CAN,2023-12-20 02:00:00,CORE_HR
EVT00070531,2023-12-21,EMP05133,CC0109,EN,1,Performance Pay,6702.16,CAD,CAN,2023-12-21 21:00:00,CORE_HR
EVT00071539,2023-12-01,EMP02513,CC0041,AS,4,Departure,,CAD,CAN,2023-12-03 16:00:00,CORE_HR
EVT00071507,2023-12-06,EMP01896,CC0119,IT,2,Step Increment,120389.09,CAD,CAN,2023-12-06 16:00:00,CORE_HR
EVT00070445,2023-12-20,EMP04921,CC0045,PA,3,Step Increment,89288.08,CAD,CAN,2023-12-21 04:00:00,CORE_HR
EVT00069835,2023-12-15,EMP03028,CC0005,PA,3,Performance Pay,4583.88,CAD,CAN,2023-12-15 23:00:00,CORE_HR
EVT00069685,2023-12-06,EMP04116,CC0103,CR,4,Leave Start,,CAD,CAN,2023-12-07 05:00:00,CORE_HR
EVT00070998,2023-12-24,EMP04342,CC0040,PA,2,Departure,,CAD,CA,2023-12-24 10:00:00,PAYROLL
EVT00070475,2023-12-21,EMP03007,CC0076,EC,4,Leave Start,,CAD,CAN,2023-12-21 10:00:00,CORE_HR
EVT00071199,2023-12-09,EMP04727,CC0059,IT,4,Hire,133918.84,CAD,CA,2023-12-09 20:00:00,PAYROLL
EVT00069750,2023-12-26,EMP04965,CC0064,IT,3,Departure,,CAD,CA,2023-12-26 15:00:00,PAYROLL
EVT00071614,2023-12-14,EMP01970,CC0003,AS,4,Departure,,CAD,CA,2023-12-15 06:00:00,PAYROLL
EVT00070486,2023-12-07,EMP01819,CC0096,PA,2,Performance Pay,8991.85,CAD,CAN,2023-12-07 23:00:00,CORE_HR
EVT00070832,2023-12-05,EMP04827,CC0092,EC,1,Leave Return,,CAD,CA,2023-12-06 00:00:00,PAYROLL
EVT00070428,2023-12-12,EMP03718,CC0048,PA,3,Step Increment,77209.95,CAD,CA,2023-12-13 13:00:00,PAYROLL
EVT00071080,2023-12-26,EMP02612,CC0114,EN,1,Step Increment,84095.62,CAD,CAN,2023-12-26 12:00:00,CORE_HR
EVT00069778,2023-12-02,EMP03595,CC0049,EN,1,Hire,344645.14,BRL,BRA,2023-12-02 15:00:00,CORE_HR
EVT00071541,2023-12-04,EMP04673,CC0105,AS,4,Step Increment,825909.49,MXN,MX,2023-12-05 12:00:00,PAYROLL
EVT00071292,2023-12-11,EMP00156,CC0011,IT,3,Lateral Deployment,,CAD,CAN,2023-12-11 21:00:00,CORE_HR
EVT00069751,2023-12-11,EMP02684,CC0031,EC,5,Step Increment,105306.27,EUR,FR,2023-12-11 09:00:00,PAYROLL
EVT00069687,2023-12-27,EMP03790,CC0031,PA,4,Hire,76538.75,EUR,DEU,2023-12-28 10:00:00,CORE_HR
EVT00071424,2023-12-09,EMP01661,CC0106,AS,2,Performance Pay,2653.48,CAD,CAN,2023-12-09 22:00:00,CORE_HR
EVT00070371,2023-12-21,EMP03605,CC0001,AS,2,Performance Pay,5207.79,CAD,CAN,2023-12-22 08:00:00,CORE_HR
EVT00070168,2023-12-01,EMP02964,CC0055,PA,2,Leave Start,,CAD,CAN,2023-12-02 06:00:00,CORE_HR
EVT00071225,2023-12-18,EMP00370,CC0115,IT,2,Step Increment,99317.04,CAD,CA,2023-12-19 10:00:00,PAYROLL
EVT00069713,2023-12-11,EMP04938,CC0046,EC,3,Leave Return,,AED,AE,2023-12-11 15:00:00,PAYROLL
EVT00069791,2023-12-27,EMP00386,CC0014,EX,2,Departure,,CAD,CAN,2023-12-27 14:00:00,CORE_HR
EVT00070479,2023-12-25,EMP05023,CC0084,PA,3,Step Increment,85256.77,CAD,CAN,2023-12-25 08:00:00,CORE_HR
EVT00070307,2023-12-06,EMP02839,CC0071,EX,2,Step Increment,160751.06,CAD,CAN,2023-12-06 19:00:00,CORE_HR
EVT00069999,2023-12-03,EMP01256,CC0008,FI,3,Lateral Deployment,,CAD,CAN,2023-12-04 06:00:00,CORE_HR
EVT00070493,2023-12-12,EMP03567,CC0071,PA,2,Leave Return,,CAD,CA,2023-12-13 09:00:00,PAYROLL
EVT00070186,2023-12-26,EMP03986,CC0078,PA,3,Step Increment,82598.12,CAD,CAN,2023-12-27 09:00:00,CORE_HR
EVT00070870,2023-12-14,EMP00921,CC0023,PA,2,Lateral Deployment,,CAD,CAN,2023-12-15 12:00:00,CORE_HR
EVT00069938,2023-12-24,EMP01047,CC0016,EC,5,Step Increment,100631.11,CAD,CA,2023-12-24 19:00:00,PAYROLL
EVT00070118,2023-12-18,EMP00842,CC0023,EN,3,Step Increment,119526.02,CAD,CA,2023-12-19 01:00:00,PAYROLL
EVT00070097,2023-12-04,EMP03963,CC0024,PA,1,Leave Return,,CAD,CA,2023-12-04 17:00:00,PAYROLL
EVT00071396,2023-12-02,EMP03083,CC0100,EC,1,Lateral Deployment,,CAD,CAN,2023-12-02 17:00:00,CORE_HR
EVT00069648,2023-12-25,EMP00582,CC0110,PA,1,Departure,,CAD,CAN,2023-12-25 22:00:00,CORE_HR
EVT00070681,2023-12-25,EMP02955,CC0028,PA,1,Step Increment,49581.37,CAD,CAN,2023-12-26 15:00:00,CORE_HR
EVT00071530,2023-12-23,EMP01580,CC0041,EC,1,Step Increment,75187.19,CAD,CAN,2023-12-23 07:00:00,CORE_HR
EVT00069916,2023-12-24,EMP03613,CC0090,AS,2,Performance Pay,4476.07,CAD,CA,2023-12-24 20:00:00,PAYROLL
EVT00070803,2023-12-25,EMP03945,CC0116,PA,3,Step Increment,91619.84,CAD,CA,2023-12-25 13:00:00,PAYROLL
EVT00070153,2023-12-08,EMP04215,CC0024,EX,1,Lateral Deployment,,CAD,CAN,2023-12-08 22:00:00,CORE_HR
EVT00070000,2023-12-02,EMP04641,CC0051,EN,3,Leave Start,,CAD,CA,2023-12-02 12:00:00,PAYROLL
EVT00069709,2023-12-05,EMP02540,CC0064,PA,4,Hire,73833.8,CAD,CAN,2023-12-06 13:00:00,CORE_HR
EVT00070790,2023-12-16,EMP00628,CC0069,EC,4,Promotion,123874.19,CAD,CAN,2023-12-16 10:00:00,CORE_HR
EVT00070017,1900-01-01,EMP00808,CC0016,AS,2,Step Increment,76687.47,CAD,CA,2023-12-15 11:00:00,PAYROLL
EVT00070386,2023-12-25,EMP02267,CC0021,PA,5,Step Increment,95531.74,CAD,CAN,2023-12-25 10:00:00,CORE_HR
EVT00070955,2023-12-27,EMP01354,CC0017,EN,1,Leave Start,,CAD,CA,2023-12-27 14:00:00,PAYROLL
EVT00069762,2023-12-08,EMP04388,CC0095,IT,2,Hire,87893.3,CAD,CAN,2023-12-09 01:00:00,CORE_HR
EVT00071316,2023-12-05,EMP04256,CC0074,EN,3,Step Increment,83647.56,EUR,DE,2023-12-07 16:00:00,PAYROLL
EVT00070943,2023-12-15,EMP00351,CC0076,AS,3,Leave Start,,CAD,CA,2023-12-15 10:00:00,PAYROLL
EVT00070826,2023-12-27,EMP03720,CC0032,EN,4,Step Increment,119613.77,CAD,CAN,2023-12-27 13:00:00,CORE_HR
EVT00071221,2023-12-19,EMP00696,CC0087,PA,1,Leave Return,,CAD,CAN,2023-12-20 04:00:00,CORE_HR
EVT00070343,2023-12-01,EMP04256,CC0074,EN,3,Performance Pay,44716.77,AED,ARE,2023-12-01 17:00:00,CORE_HR
EVT00069834,2023-12-09,EMP01957,CC0096,AS,2,Step Increment,76395.57,CAD,CA,2023-12-09 14:00:00,PAYROLL
EVT00071646,2023-12-25,EMP01469,CC0059,PA,4,Promotion,99919.2,CAD,CA,2023-12-26 06:00:00,PAYROLL
EVT00070147,2023-12-09,EMP04943,CC0018,EN,4,Step Increment,130210.55,CAD,CAN,2023-12-10 15:00:00,CORE_HR
EVT00069875,2023-12-24,EMP02615,CC0024,AS,1,Leave Start,,CAD,CAN,2023-12-24 18:00:00,CORE_HR
EVT00070694,2023-12-11,EMP02551,CC0022,PA,1,Performance Pay,3236.88,CAD,CAN,2023-12-11 08:00:00,CORE_HR
EVT00070805,2023-12-10,EMP03321,CC0023,PA,2,Leave Start,,CAD,CA,2023-12-10 10:00:00,PAYROLL
EVT00070104,2023-12-17,EMP00013,CC0028,IT,2,Leave Start,,CAD,CAN,2023-12-17 17:00:00,CORE_HR
EVT00071445,2023-12-03,EMP04799,CC0039,EX,2,Promotion,173525.81,CAD,CAN,2023-12-04 13:00:00,CORE_HR
EVT00070062,2023-12-18,EMP04933,CC0025,EX,2,Departure,,CAD,CAN,2023-12-18 11:00:00,CORE_HR
EVT00070916,2023-12-18,EMP04512,CC0032,EC,5,Lateral Deployment,,CAD,CAN,2023-12-18 19:00:00,CORE_HR
EVT00069945,2023-12-14,EMP00208,CC0099,PA,5,Departure,,CAD,CA,2023-12-14 13:00:00,PAYROLL
EVT00070619,2023-12-22,EMP02177,CC0077,FI,3,Performance Pay,12027.09,CAD,CAN,2023-12-23 00:00:00,CORE_HR
EVT00070920,2023-12-02,EMP02428,CC0078,AS,4,Lateral Deployment,,CAD,CAN,2023-12-02 10:00:00,CORE_HR
EVT00069946,2023-12-25,EMP03890,CC0096,EC,1,Leave Start,,CAD,CAN,2023-12-25 11:00:00,CORE_HR
EVT00070551,2023-12-27,EMP03662,CC0058,CR,1,Leave Return,,CAD,CAN,2023-12-27 09:00:00,CORE_HR
EVT00070746,2023-12-02,EMP02726,CC0041,PA,2,Hire,93469.33,CAD,CAN,2023-12-03 13:00:00,CORE_HR
EVT00071269,2023-12-19,EMP04910,CC0105,IT,1,Hire,8303809.68,JPY,JP,2023-12-20 12:00:00,PAYROLL
EVT00069950,2023-12-04,EMP04915,CC0100,EN,2,Step Increment,94713.92,CAD,CA,2023-12-05 01:00:00,PAYROLL
EVT00069867,2023-12-11,EMP01226,CC0047,EC,4,Performance Pay,9129.02,CAD,CA,2023-12-11 17:00:00,PAYROLL
EVT00071385,2023-12-22,EMP00954,CC0115,EN,2,Leave Start,,CAD,CAN,2023-12-22 14:00:00,CORE_HR
EVT00071075,2023-12-08,EMP00117,CC0062,EN,1,Lateral Deployment,,CAD,CAN,2023-12-09 05:00:00,CORE_HR
EVT00071274,2023-12-06,EMP04495,CC0014,FI,4,Performance Pay,15011.01,CAD,CA,2023-12-07 11:00:00,PAYROLL
EVT00071314,2023-12-13,EMP00720,CC0060,EC,2,Leave Start,,CAD,CA,2023-12-14 06:00:00,PAYROLL
EVT00070464,2023-12-26,EMP04122,CC0039,FI,1,Promotion,77699.92,CAD,CAN,2023-12-26 19:00:00,CORE_HR
EVT00069616,2023-12-02,EMP05191,CC0027,FI,3,Step Increment,105540.98,CAD,CA,2023-12-02 22:00:00,PAYROLL
EVT00069789,2023-12-05,EMP04987,CC0102,EN,3,Hire,102789.72,CAD,CAN,2023-12-05 08:00:00,CORE_HR
EVT00070254,2023-12-18,EMP00690,CC0009,IT,2,Promotion,148406.27,AUD,AUS,2023-12-18 08:00:00,CORE_HR
EVT00070859,2023-12-15,EMP00541,CC0053,EX,2,Hire,159498.08,CAD,CAN,2023-12-15 06:00:00,CORE_HR
EVT00071694,2023-12-03,EMP03921,CC0046,IT,1,Promotion,52077.43,GBP,GBR,2023-12-03 20:00:00,CORE_HR
EVT00070233,2023-12-14,EMP00417,CC0078,EX,1,Leave Start,,CAD,CAN,2023-12-15 15:00:00,CORE_HR
EVT00071322,2023-12-24,EMP01674,CC0016,EN,1,Step Increment,109387.55,CAD,CA,2023-12-24 11:00:00,PAYROLL
EVT00069809,2023-12-02,EMP03135,CC0112,CR,1,Hire,54372.91,CAD,CAN,2023-12-02 13:00:00,CORE_HR
EVT00069639,2023-12-05,EMP05066,CC0107,CR,1,Step Increment,52254.99,CAD,CAN,2023-12-05 21:00:00,CORE_HR
EVT00071198,2023-12-06,EMP02702,CC0078,EX,2,Promotion,159385.47,CAD,CA,2023-12-07 14:00:00,PAYROLL
EVT00069986,2023-12-09,EMP00993,CC0056,IT,4,Leave Return,,CAD,CAN,2023-12-09 11:00:00,CORE_HR
EVT00071168,2023-12-19,EMP04373,CC0032,PA,1,Leave Return,,CAD,CA,2023-12-19 10:00:00,PAYROLL
EVT00070569,2023-12-27,EMP00007,CC0077,EX,1,Lateral Deployment,,CAD,CA,2023-12-27 16:00:00,PAYROLL
EVT00071278,2023-12-16,EMP00508,CC0014,PA,4,Leave Return,,CAD,CA,2023-12-17 14:00:00,PAYROLL
EVT00070424,2023-12-17,EMP01248,CC0053,EC,1,Step Increment,81333.97,CAD,CAN,2023-12-18 00:00:00,CORE_HR
EVT00069797,2023-12-05,EMP02778,CC0020,AS,3,Promotion,74212.09,CAD,CA,2023-12-06 12:00:00,PAYROLL
EVT00070262,2023-12-20,EMP03057,CC0117,IT,1,Leave Start,,CAD,CAN,2023-12-20 08:00:00,CORE_HR
EVT00070985,2023-12-21,EMP00076,CC0042,EX,2,Performance Pay,18045.71,CAD,CA,2023-12-22 07:00:00,PAYROLL
EVT00070626,2023-12-27,EMP01247,CC0047,EN,1,Step Increment,90933.09,CAD,CAN,2023-12-27 15:00:00,CORE_HR
EVT00069725,2023-12-01,EMP03484,CC0094,AS,4,Hire,86754.54,CAD,CAN,2023-12-02 04:00:00,CORE_HR
EVT00071239,2023-12-22,EMP03831,CC0111,FI,2,Step Increment,72191.17,SGD,SGP,2023-12-23 15:00:00,CORE_HR
EVT00071367,2023-12-04,EMP03542,CC0100,PA,3,Step Increment,83908.09,CAD,CAN,2023-12-05 03:00:00,CORE_HR
EVT00071501,2023-12-27,EMP04026,CC0116,CR,1,Leave Start,,CAD,CAN,2023-12-28 15:00:00,CORE_HR
EVT00071526,2023-12-06,EMP01707,CC0014,PA,1,Departure,,CAD,CA,2023-12-06 10:00:00,PAYROLL
EVT00070183,2023-12-17,EMP03428,CC0039,PA,2,Lateral Deployment,,CAD,CAN,2023-12-17 08:00:00,CORE_HR
EVT00071617,2023-12-15,EMP00181,CC0021,CR,3,Leave Start,,CAD,CAN,2023-12-16 02:00:00,CORE_HR
EVT00070348,2023-12-25,EMP04893,CC0014,EX,1,Leave Start,,CAD,CA,2023-12-26 07:00:00,PAYROLL
EVT00070600,2023-12-11,EMP01929,CC0022,EN,2,Step Increment,94155.94,CAD,CAN,2023-12-12 08:00:00,CORE_HR
EVT00070980,2023-12-23,EMP00616,CC0016,EC,5,Hire,124334.05,CAD,CAN,2023-12-23 06:00:00,CORE_HR
EVT00069813,2023-12-19,EMP04082,CC0103,IT,2,Step Increment,99917.85,CAD,CAN,2023-12-19 07:00:00,CORE_HR
EVT00070007,2023-12-09,EMP00552,CC0057,IT,4,Performance Pay,9674.17,CAD,CAN,2023-12-09 07:00:00,CORE_HR
EVT00070123,2023-12-05,EMP02268,CC0002,FI,2,Step Increment,78528.61,CAD,CA,2023-12-06 03:00:00,PAYROLL
EVT00071034,2023-12-10,EMP01342,CC0083,IT,1,Promotion,85500.62,CAD,CA,2023-12-10 22:00:00,PAYROLL
EVT00071382,2023-12-21,EMP03710,CC0078,FI,3,Step Increment,90249.29,CAD,CAN,2023-12-22 13:00:00,CORE_HR
EVT00071227,2023-12-04,EMP00440,CC0097,EX,2,Leave Return,,CAD,CAN,2023-12-04 18:00:00,CORE_HR
EVT00071476,2023-12-03,EMP04096,CC0027,EX,1,Performance Pay,7482.71,CAD,CAN,2023-12-04 11:00:00,CORE_HR
EVT00071348,2023-12-19,EMP04436,CC0080,EX,1,Step Increment,184633.68,AUD,AU,2023-12-19 07:00:00,PAYROLL
EVT00070936,2023-12-20,EMP04600,CC0023,PA,5,Leave Start,,CAD,CA,2023-12-20 19:00:00,PAYROLL
EVT00070580,2023-12-26,EMP01497,CC0011,AS,4,Hire,86661.89,CAD,CAN,2023-12-26 21:00:00,CORE_HR
EVT00071032,2023-12-21,EMP04008,CC0107,EX,2,Performance Pay,6738.72,CAD,CA,2023-12-22 07:00:00,PAYROLL
EVT00070888,2023-12-12,EMP03154,CC0088,IT,5,Step Increment,16642795.2,KES,KEN,2023-12-13 04:00:00,CORE_HR
EVT00070138,2023-12-11,EMP02204,CC0075,IT,1,Lateral Deployment,,CAD,CAN,2023-12-12 05:00:00,CORE_HR
EVT00071282,2023-12-27,EMP00596,CC0097,EN,2,Performance Pay,13497.44,CAD,CA,2023-12-27 23:00:00,PAYROLL
EVT00070487,2023-12-02,EMP02067,CC0013,EX,1,Lateral Deployment,,CAD,CA,2023-12-02 21:00:00,PAYROLL
EVT00069654,2023-12-04,EMP03737,CC0089,CR,1,Lateral Deployment,,CAD,CA,2023-12-05 09:00:00,PAYROLL
EVT00070987,2023-12-18,EMP01783,CC0083,PA,2,Step Increment,79911.16,CAD,CAN,2023-12-19 01:00:00,CORE_HR
EVT00071538,2023-12-12,EMP03535,CC0049,PA,3,Leave Return,,INR,IND,2023-12-13 00:00:00,CORE_HR
EVT00069907,2023-12-16,EMP04545,CC0016,EN,1,Lateral Deployment,,CAD,CA,2023-12-17 07:00:00,PAYROLL
EVT00070948,2023-12-11,EMP01283,CC0089,AS,3,Performance Pay,7544.7,CAD,CA,2023-12-12 03:00:00,PAYROLL
EVT00069780,2023-12-14,EMP03422,CC0046,PA,1,Lateral Deployment,,GBP,GBR,2023-12-15 07:00:00,CORE_HR
EVT00070346,2023-12-07,EMP01006,CC0036,EC,2,Promotion,90598.02,CAD,CA,2023-12-07 17:00:00,PAYROLL
EVT00070075,2023-12-20,EMP00001,CC0062,CR,1,Step Increment,56685.34,CAD,CAN,2023-12-20 23:00:00,CORE_HR
EVT00070808,2023-12-20,EMP04796,CC0006,IT,1,Performance Pay,4317.61,CAD,CAN,2023-12-20 20:00:00,CORE_HR
EVT00070121,2023-12-02,EMP00190,CC0103,EN,1,Promotion,85626.28,CAD,CA,2023-12-02 09:00:00,PAYROLL
EVT00071124,2023-12-19,EMP00084,CC0070,EX,1,Performance Pay,15014.11,CAD,CA,2023-12-20 07:00:00,PAYROLL
EVT00069806,2023-12-13,EMP00489,CC0066,PA,1,Lateral Deployment,,CAD,CAN,2023-12-14 07:00:00,CORE_HR
EVT00070430,2023-12-07,EMP02249,CC0047,EX,2,Leave Start,,CAD,CA,2023-12-07 13:00:00,PAYROLL
EVT00070913,2023-12-16,EMP02171,CC0120,PA,4,Leave Return,,CAD,CAN,2023-12-17 07:00:00,CORE_HR
EVT00069827,2023-12-20,EMP02165,CC0039,FI,2,Step Increment,93448.78,CAD,CAN,2023-12-21 07:00:00,CORE_HR
EVT00070605,2023-12-26,EMP00191,CC0095,AS,3,Lateral Deployment,,CAD,CAN,2023-12-26 06:00:00,CORE_HR
EVT00071200,2023-12-05,EMP01497,CC0011,AS,4,Step Increment,73459.39,CAD,CAN,2023-12-06 00:00:00,CORE_HR
EVT00070293,2023-12-04,EMP03479,CC0054,CR,2,Leave Start,,EUR,DEU,2023-12-04 09:00:00,CORE_HR
EVT00070461,2023-12-21,EMP03339,CC0007,AS,1,Step Increment,3414296.74,INR,IN,2023-12-22 10:00:00,PAYROLL
EVT00071587,2023-12-13,EMP02412,CC0033,EN,4,Step Increment,139391.0,CAD,CAN,2023-12-14 01:00:00,CORE_HR
EVT00070164,2023-12-18,EMP04603,CC0070,IT,2,Leave Start,,CAD,CAN,2023-12-18 15:00:00,CORE_HR
EVT00071495,2023-12-16,EMP01636,CC0071,EX,3,Step Increment,184099.64,CAD,CAN,2023-12-19 07:00:00,CORE_HR
EVT00070993,2023-12-24,EMP03096,CC0103,EN,1,Step Increment,84955.53,CAD,CAN,2023-12-24 23:00:00,CORE_HR
EVT00071679,2023-12-11,EMP03399,CC0103,AS,1,Lateral Deployment,,CAD,CA,2023-12-11 13:00:00,PAYROLL
EVT00070515,2023-12-09,EMP01925,CC0011,PA,1,Leave Start,,CAD,CAN,2023-12-10 08:00:00,CORE_HR
EVT00070450,2023-12-06,EMP04141,CC0006,PA,3,Step Increment,91640.8,CAD,CAN,2023-12-06 15:00:00,CORE_HR
EVT00071220,2023-12-21,EMP04809,CC0107,PA,3,Hire,100295.73,CAD,CA,2023-12-22 06:00:00,PAYROLL
EVT00071506,2023-12-03,EMP04651,CC0103,CR,3,Performance Pay,9064.12,CAD,CAN,2023-12-03 10:00:00,CORE_HR
EVT00071074,2023-12-27,EMP00793,CC0026,CR,2,Leave Return,,CAD,CA,2023-12-27 06:00:00,PAYROLL
EVT00070198,2023-12-02,EMP01172,CC0083,EN,1,Step Increment,62546.8,CAD,CAN,2023-12-03 06:00:00,CORE_HR
EVT00071202,2023-12-19,EMP04054,CC0041,IT,1,Lateral Deployment,,CAD,CA,2023-12-20 06:00:00,PAYROLL
EVT00071627,2023-12-10,EMP04311,CC0056,IT,4,Step Increment,124969.61,CAD,CA,2023-12-10 21:00:00,PAYROLL
EVT00070050,2023-12-26,EMP00437,CC0013,EN,3,Step Increment,123292.74,CAD,CA,2023-12-26 09:00:00,PAYROLL
EVT00071392,2023-12-07,EMP00004,CC0101,EC,3,Step Increment,96576.95,CAD,CAN,2023-12-07 06:00:00,CORE_HR
EVT00070171,2023-12-08,EMP00845,CC0052,PA,2,Departure,,CAD,CA,2023-12-08 11:00:00,PAYROLL
EVT00069682,2023-12-24,EMP03637,CC0065,EN,5,Step Increment,115320.6,SGD,SGP,2023-12-25 10:00:00,CORE_HR
EVT00070322,2023-12-22,EMP04356,CC0039,IT,3,Step Increment,104879.26,CAD,CAN,2023-12-22 07:00:00,CORE_HR
EVT00070967,2023-12-16,EMP01467,CC0116,EN,4,Promotion,135453.79,CAD,CA,2023-12-16 16:00:00,PAYROLL
EVT00069800,2023-12-09,EMP03497,CC0043,PA,3,Step Increment,81944.14,CAD,CA,2023-12-09 23:00:00,PAYROLL
EVT00071218,2023-12-22,EMP01814,CC0119,EX,1,Promotion,134870.9,CAD,CAN,2023-12-23 07:00:00,CORE_HR
EVT00070159,2023-12-07,EMP00209,CC0026,FI,2,Leave Return,,CAD,CAN,2023-12-07 09:00:00,CORE_HR
EVT00070634,2023-12-01,EMP04825,CC0061,CR,1,Hire,40342.36,CAD,CAN,2023-12-01 19:00:00,CORE_HR
EVT00069771,2023-12-16,EMP02837,CC0109,EN,5,Leave Start,,CAD,CA,2023-12-17 02:00:00,PAYROLL
EVT00070795,2023-12-19,EMP00971,CC0113,AS,1,Leave Return,,CAD,CAN,2023-12-20 11:00:00,CORE_HR
EVT00069874,2023-12-13,EMP03346,CC0033,EC,2,Lateral Deployment,,CAD,CAN,2023-12-13 06:00:00,CORE_HR
EVT00070919,2023-12-18,EMP03014,CC0091,PA,3,Hire,81221.77,CAD,CA,2023-12-19 11:00:00,PAYROLL
EVT00070926,2023-12-05,EMP04954,CC0009,PA,3,Leave Return,,GBP,GBR,2023-12-06 13:00:00,CORE_HR
EVT00071260,2023-12-11,EMP01483,CC0097,EX,1,Departure,,CAD,CA,2023-12-11 20:00:00,PAYROLL
EVT00070636,2023-12-21,EMP04249,CC0049,IT,3,Departure,,JPY,JPN,2023-12-21 14:00:00,CORE_HR
EVT00071359,2023-12-22,EMP02023,CC0018,CR,2,Leave Start,,CAD,CAN,2023-12-22 20:00:00,CORE_HR
EVT00069955,2023-12-07,EMP00677,CC0083,EC,2,Step Increment,86893.32,CAD,CA,2023-12-08 03:00:00,PAYROLL
EVT00070908,2023-12-25,EMP00968,CC0072,EN,1,Leave Return,,CAD,CA,2023-12-26 09:00:00,PAYROLL
EVT00071369,2023-12-08,EMP00201,CC0110,EC,2,Departure,,CAD,CAN,2023-12-08 14:00:00,CORE_HR
EVT00071018,2023-12-06,EMP01885,CC0072,EC,1,Step Increment,75724.78,CAD,CA,2023-12-06 21:00:00,PAYROLL
EVT00070938,2023-12-17,EMP05102,CC0066,CR,4,Leave Start,,CAD,CA,2023-12-17 12:00:00,PAYROLL
EVT00071647,2023-12-08,EMP04394,CC0045,IT,1,Leave Start,,CAD,CAN,2023-12-11 06:00:00,CORE_HR
EVT00070590,2023-12-19,EMP00658,CC0007,IT,1,Departure,,EUR,DE,2023-12-20 03:00:00,PAYROLL
EVT00071013,2023-12-10,EMP03130,CC0012,EC,3,Performance Pay,10135.42,CAD,CAN,2023-12-10 08:00:00,CORE_HR
EVT00069651,2023-12-07,EMP04768,CC0063,FI,1,Step Increment,81797.16,CAD,CAN,2023-12-07 11:00:00,CORE_HR
EVT00071177,2023-12-20,EMP03072,CC0055,EN,3,Lateral Deployment,,CAD,CAN,2023-12-20 14:00:00,CORE_HR
EVT00070036,2023-12-22,EMP04869,CC0059,EN,1,Leave Return,,CAD,CAN,2023-12-23 14:00:00,CORE_HR
EVT00070015,2023-12-04,EMP00792,CC0063,CR,5,Promotion,79912.56,CAD,CA,2023-12-04 13:00:00,PAYROLL
EVT00070815,2023-12-09,EMP01058,CC0035,IT,3,Hire,106210.45,CAD,CAN,2023-12-10 03:00:00,CORE_HR
EVT00071330,2023-12-10,EMP03159,CC0042,FI,2,Leave Return,,CAD,CAN,2023-12-11 14:00:00,CORE_HR
EVT00070236,2023-12-23,EMP01648,CC0029,EC,1,Step Increment,8788109.02,JPY,JPN,2023-12-23 17:00:00,CORE_HR
EVT00071005,2023-12-20,EMP03052,CC0093,PA,4,Leave Start,,CAD,CAN,2023-12-20 23:00:00,CORE_HR
EVT00071305,2023-12-17,EMP02095,CC0032,EC,4,Departure,,CAD,CA,2023-12-17 11:00:00,PAYROLL
EVT00071139,2023-12-19,EMP04571,CC0063,PA,1,Step Increment,63963.2,CAD,CA,2023-12-19 12:00:00,PAYROLL
EVT00070529,2023-12-16,EMP01364,CC0080,CR,4,Lateral Deployment,,USD,USA,2023-12-16 14:00:00,CORE_HR
EVT00070662,2023-12-02,EMP01628,CC0103,EC,1,Leave Return,,CAD,CA,2023-12-03 05:00:00,PAYROLL
EVT00071488,2023-12-25,EMP04488,CC0031,CR,3,Leave Return,,KES,KEN,2023-12-25 15:00:00,CORE_HR
EVT00071184,2023-12-24,EMP02758,CC0029,AS,4,Leave Return,,USD,USA,2023-12-25 02:00:00,CORE_HR
EVT00069790,2023-12-15,EMP05140,CC0070,EC,1,Step Increment,73285.51,CAD,CAN,2023-12-15 06:00:00,CORE_HR
EVT00071585,2023-12-03,EMP01831,CC0084,PA,5,Step Increment,111765.75,CAD,CA,2023-12-03 14:00:00,PAYROLL
EVT00071684,2023-12-06,EMP01902,CC0031,IT,1,Leave Return,,GBP,GBR,2023-12-07 03:00:00,CORE_HR
EVT00071024,2023-12-21,EMP01367,CC0079,EN,1,Step Increment,68269.04,CAD,CAN,2023-12-21 18:00:00,CORE_HR
EVT00071019,2023-12-09,EMP03541,CC0046,PA,4,Leave Return,,EUR,DEU,2023-12-09 10:00:00,CORE_HR
EVT00071256,2023-12-02,EMP03570,CC0079,FI,1,Step Increment,70881.02,CAD,CAN,2023-12-02 14:00:00,CORE_HR
EVT00070219,2023-12-19,EMP03486,CC0058,PA,3,Step Increment,88931.87,CAD,CAN,2023-12-20 15:00:00,CORE_HR
EVT00070785,2023-12-11,EMP01997,CC0007,IT,5,Leave Start,,GBP,GBR,2023-12-12 09:00:00,CORE_HR
EVT00069836,2023-12-09,EMP01886,CC0047,CR,1,Step Increment,55986.08,CAD,CA,2023-12-10 09:00:00,PAYROLL
EVT00069901,2023-12-20,EMP01072,CC0066,EX,1,Lateral Deployment,,CAD,CAN,2023-12-21 08:00:00,CORE_HR
EVT00070787,2023-12-19,EMP04340,CC0096,PA,2,Promotion,77064.85,CAD,CAN,2023-12-20 09:00:00,CORE_HR
EVT00069665,2023-12-07,EMP03727,CC0084,CR,2,Lateral Deployment,,CAD,CAN,2023-12-08 06:00:00,CORE_HR
EVT00071490,2023-12-18,EMP03027,CC0029,PA,1,Step Increment,6553087.8,JPY,JP,2023-12-18 07:00:00,PAYROLL
EVT00070240,2023-12-27,EMP01049,CC0053,AS,4,Step Increment,78427.41,CAD,CA,2023-12-27 15:00:00,PAYROLL
EVT00070006,2023-12-02,EMP04833,CC0023,IT,3,Step Increment,101222.92,CAD,CAN,2023-12-02 15:00:00,CORE_HR
EVT00070001,2023-12-03,EMP03575,CC0120,PA,2,Leave Return,,CAD,CA,2023-12-03 16:00:00,PAYROLL
EVT00071010,2023-12-08,EMP00998,CC0039,IT,4,Performance Pay,9881.21,CAD,CAN,2023-12-08 17:00:00,CORE_HR
EVT00069949,2023-12-06,EMP04389,CC0119,EN,3,Hire,96423.79,CAD,CAN,2023-12-06 17:00:00,CORE_HR
EVT00070872,2023-12-27,EMP00009,CC0118,IT,2,Leave Start,,CAD,CAN,2023-12-27 20:00:00,CORE_HR
EVT00070772,2023-12-21,EMP01119,CC0114,FI,2,Lateral Deployment,,CAD,CAN,2023-12-22 12:00:00,CORE_HR
EVT00070294,2023-12-01,EMP00680,CC0085,FI,5,Step Increment,124829.37,CAD,CAN,2023-12-02 01:00:00,CORE_HR
EVT00071212,2023-12-23,EMP00266,CC0115,EN,1,Step Increment,81495.71,CAD,CA,2023-12-23 16:00:00,PAYROLL
EVT00069610,2023-12-26,EMP02507,CC0074,EX,1,Step Increment,114588.06,EUR,FRA,2023-12-26 12:00:00,CORE_HR
EVT00071149,2023-12-25,EMP00245,CC0046,PA,1,Step Increment,866794.37,MXN,MEX,2023-12-26 00:00:00,CORE_HR
EVT00071511,2023-12-07,EMP01037,CC0032,PA,4,Leave Return,,CAD,CA,2023-12-07 10:00:00,PAYROLL
EVT00069717,2023-12-23,EMP04036,CC0038,EC,3,Step Increment,111210.99,CAD,CAN,2023-12-24 12:00:00,CORE_HR
EVT00070543,2023-12-14,EMP02042,CC0015,EN,2,Leave Return,,CAD,CAN,2023-12-14 22:00:00,CORE_HR
EVT00070238,2023-12-24,EMP02821,CC0083,EX,1,Step Increment,128213.16,CAD,CA,2023-12-25 10:00:00,PAYROLL
EVT00070235,2023-12-11,EMP03446,CC0052,AS,4,Leave Start,,CAD,CAN,2023-12-11 13:00:00,CORE_HR
EVT00071289,2023-12-15,EMP00771,CC0115,EX,2,Step Increment,122071.19,CAD,CAN,2023-12-15 21:00:00,CORE_HR
EVT00070136,2023-12-10,EMP05120,CC0060,EX,1,Hire,131222.03,CAD,CAN,2023-12-10 19:00:00,CORE_HR
EVT00071534,2023-12-06,EMP02173,CC0042,EC,2,Hire,94046.02,CAD,CA,2023-12-07 08:00:00,PAYROLL
EVT00071375,2023-12-18,EMP05051,CC0037,EC,1,Leave Return,,CAD,CA,2023-12-19 10:00:00,PAYROLL
EVT00071063,2023-12-07,EMP03492,CC0088,EX,1,Performance Pay,12306.1,EUR,FRA,2023-12-07 19:00:00,CORE_HR
EVT00069942,2023-12-05,EMP03812,CC0113,EX,1,Step Increment,147420.28,CAD,CAN,2023-12-06 03:00:00,CORE_HR
EVT00071203,2023-12-10,EMP02799,CC0035,EC,1,Step Increment,80789.27,CAD,CA,2023-12-11 07:00:00,PAYROLL
EVT00071449,2023-12-15,EMP03206,CC0090,PA,1,Leave Return,,CAD,CAN,2023-12-15 12:00:00,CORE_HR
EVT00069716,2023-12-23,EMP01997,CC0007,IT,5,Step Increment,106118.86,EUR,DE,2023-12-23 15:00:00,PAYROLL
EVT00070274,2023-12-11,EMP02444,CC0035,AS,1,Step Increment,48292.88,CAD,CAN,2023-12-12 05:00:00,CORE_HR
EVT00070101,2023-12-10,EMP02243,CC0017,EX,1,Step Increment,172713.76,CAD,CAN,2023-12-10 19:00:00,CORE_HR
EVT00069668,2023-12-04,EMP01813,CC0072,EC,3,Step Increment,86095.24,CAD,CA,2023-12-05 03:00:00,PAYROLL
EVT00070481,2023-12-02,EMP05024,CC0070,PA,4,Step Increment,84558.41,CAD,CAN,2023-12-03 02:00:00,CORE_HR
EVT00070969,2023-12-26,EMP01220,CC0070,AS,4,Leave Return,,CAD,CAN,2023-12-26 20:00:00,CORE_HR
EVT00071082,2023-12-24,EMP02437,CC0024,EC,4,Departure,,CAD,CAN,2023-12-24 18:00:00,CORE_HR
EVT00070625,2023-12-09,EMP04755,CC0117,EC,2,Step Increment,93629.18,CAD,CAN,2023-12-09 17:00:00,CORE_HR
EVT00070394,2023-12-13,EMP02124,CC0033,AS,4,Step Increment,76519.98,CAD,CAN,2023-12-13 15:00:00,CORE_HR
EVT00070149,2023-12-23,EMP03685,CC0017,IT,2,Step Increment,98715.53,CAD,CAN,2023-12-24 00:00:00,CORE_HR
EVT00071021,2023-12-10,EMP03030,CC0069,FI,3,Performance Pay,10094.83,CAD,CAN,2023-12-11 07:00:00,CORE_HR
EVT00070335,2023-12-22,EMP04485,CC0037,AS,3,Step Increment,60154.13,CAD,CAN,2023-12-23 01:00:00,CORE_HR
EVT00069650,2023-12-26,EMP04375,CC0099,FI,1,Step Increment,68867.33,CAD,CAN,2023-12-27 08:00:00,CORE_HR
EVT00070414,2023-12-22,EMP04847,CC0114,AS,3,Leave Return,,CAD,CAN,2023-12-23 07:00:00,CORE_HR
EVT00070773,2023-12-19,EMP02071,CC0008,FI,1,Step Increment,81820.79,CAD,CA,2023-12-20 12:00:00,PAYROLL
EVT00070664,2023-12-01,EMP04869,CC0059,EN,1,Leave Return,,CAD,CAN,2023-12-01 12:00:00,CORE_HR
EVT00071593,2023-12-21,EMP03088,CC0101,IT,2,Step Increment,91130.96,CAD,CAN,2023-12-22 05:00:00,CORE_HR
EVT00071337,2023-12-05,EMP02010,CC0026,PA,1,Leave Start,,CAD,CAN,2023-12-06 13:00:00,CORE_HR
EVT00069629,2023-12-03,EMP00363,CC0069,AS,4,Step Increment,77509.75,CAD,CAN,2023-12-03 13:00:00,CORE_HR
EVT00069740,2023-12-21,EMP02254,CC0031,AS,4,Step Increment,61995.8,EUR,FRA,2023-12-21 14:00:00,CORE_HR
EVT00071215,2023-12-21,EMP00727,CC0068,IT,3,Step Increment,83228.77,CAD,CA,2023-12-21 12:00:00,PAYROLL
EVT00070934,2023-12-25,EMP01094,CC0038,FI,4,Leave Return,,CAD,CAN,2023-12-26 00:00:00,CORE_HR
EVT00070448,2023-12-27,EMP02660,CC0055,FI,1,Leave Start,,CAD,CAN,2023-12-27 09:00:00,CORE_HR
EVT00070671,2023-12-13,EMP00099,CC0014,AS,2,Hire,68279.78,CAD,CA,2023-12-14 05:00:00,PAYROLL
EVT00070501,2023-12-15,EMP04024,CC0115,PA,1,Step Increment,61893.74,CAD,CA,2023-12-15 06:00:00,PAYROLL
EVT00070503,2023-12-25,EMP04018,CC0068,AS,1,Lateral Deployment,,CAD,CA,2023-12-26 00:00:00,PAYROLL
EVT00070828,2023-12-08,EMP02280,CC0052,FI,2,Step Increment,84762.39,CAD,CAN,2023-12-10 02:00:00,CORE_HR
EVT00070780,2023-12-23,EMP04012,CC0069,PA,5,Hire,96401.32,CAD,CAN,2023-12-24 02:00:00,CORE_HR
EVT00071638,2023-12-06,EMP05003,CC0076,FI,1,Lateral Deployment,,CAD,CA,2023-12-07 15:00:00,PAYROLL
EVT00071223,2023-12-16,EMP00643,CC0120,EN,3,Departure,,CAD,CAN,2023-12-17 01:00:00,CORE_HR
EVT00069674,2023-12-25,EMP00092,CC0070,EN,1,Step Increment,84704.35,CAD,CA,2023-12-25 21:00:00,PAYROLL
EVT00071045,2023-12-14,EMP00972,CC0044,EN,1,Lateral Deployment,,CAD,CAN,2023-12-14 10:00:00,CORE_HR
EVT00069869,2023-12-11,EMP02823,CC0050,PA,2,Step Increment,71640.59,CAD,CA,2023-12-11 09:00:00,PAYROLL
EVT00070338,2023-12-05,EMP00725,CC0089,EN,3,Leave Start,,CAD,CAN,2023-12-06 07:00:00,CORE_HR
EVT00071477,2023-12-13,EMP00943,CC0101,EN,1,Step Increment,84677.05,CAD,CAN,2023-12-13 15:00:00,CORE_HR
EVT00070490,2023-12-09,EMP03079,CC0099,FI,4,Step Increment,112988.07,CAD,CAN,2023-12-09 07:00:00,CORE_HR
EVT00070016,2023-12-22,EMP00744,CC0109,AS,5,Step Increment,83302.84,CAD,CAN,2023-12-22 08:00:00,CORE_HR
EVT00071555,2023-12-15,EMP05159,CC0115,IT,3,Hire,105968.6,CAD,CAN,2023-12-15 22:00:00,CORE_HR
EVT00071439,2023-12-07,EMP04632,CC0011,EN,3,Step Increment,124196.94,CAD,CAN,2023-12-07 15:00:00,CORE_HR
EVT00071379,2023-12-03,EMP04254,CC0099,PA,2,Leave Start,,CAD,CAN,2023-12-04 09:00:00,CORE_HR
EVT00070565,2023-12-14,EMP02248,CC0036,PA,2,Lateral Deployment,,CAD,CAN,2023-12-15 12:00:00,CORE_HR
EVT00071257,2023-12-18,EMP01947,CC0036,EX,1,Step Increment,142349.66,CAD,CA,2023-12-19 13:00:00,PAYROLL
EVT00070986,2023-12-09,EMP00778,CC0057,PA,1,Leave Start,,CAD,CAN,2023-12-10 00:00:00,CORE_HR
EVT00070472,2023-12-10,EMP00973,CC0022,FI,1,Leave Return,,CAD,CA,2023-12-11 07:00:00,PAYROLL
EVT00070128,2023-12-06,EMP02265,CC0114,AS,2,Hire,64159.54,CAD,CA,2023-12-07 07:00:00,PAYROLL
EVT00071327,2023-12-01,EMP02902,CC0023,EN,4,Step Increment,127597.22,CAD,CAN,2023-12-01 11:00:00,CORE_HR
EVT00071650,2023-12-13,EMP00112,CC0036,PA,3,Lateral Deployment,,CAD,CAN,2023-12-13 21:00:00,CORE_HR
EVT00070673,2023-12-26,EMP99999,CC0078,PA,3,Lateral Deployment,,CAD,CAN,2023-12-26 22:00:00,CORE_HR
EVT00070103,2023-12-04,EMP03316,CC0009,EX,1,Step Increment,108716.88,USD,USA,2023-12-04 15:00:00,CORE_HR
EVT00070284,2023-12-24,EMP04310,CC0026,EX,1,Step Increment,116281.42,CAD,CA,2023-12-25 15:00:00,PAYROLL
EVT00071296,2023-12-12,EMP01971,CC0060,IT,1,Step Increment,82347.6,CAD,CA,2023-12-13 03:00:00,PAYROLL
EVT00070177,2023-12-07,EMP01853,CC0009,EN,1,Performance Pay,10813.89,AED,AE,2023-12-07 11:00:00,PAYROLL
EVT00070133,2023-12-08,EMP00851,CC0079,IT,2,Performance Pay,12828.78,CAD,CA,2023-12-08 07:00:00,PAYROLL
EVT00071637,2023-12-22,EMP04846,CC0033,PA,2,Leave Start,,CAD,CAN,2023-12-22 16:00:00,CORE_HR
EVT00070524,2023-12-18,EMP02061,CC0001,FI,5,Leave Return,,CAD,CA,2023-12-18 06:00:00,PAYROLL
EVT00070886,2023-12-15,EMP00354,CC0041,IT,2,Lateral Deployment,,CAD,CAN,2023-12-16 05:00:00,CORE_HR
EVT00069938,2023-12-24,EMP01047,CC0016,EC,5,Step Increment,100631.11,CAD,CA,2023-12-24 23:00:00,PAYROLL
EVT00071276,2023-12-19,EMP02052,CC0048,AS,2,Leave Return,,CAD,CAN,2023-12-19 08:00:00,CORE_HR
EVT00069840,2023-12-07,EMP02749,CC0053,PA,2,Step Increment,77831.1,CAD,CAN,2023-12-07 11:00:00,CORE_HR
EVT00070731,2023-12-05,EMP03924,CC0073,AS,2,Step Increment,67403.22,CAD,CAN,2023-12-06 10:00:00,CORE_HR
EVT00070312,2023-12-27,EMP00747,CC0105,PA,1,Performance Pay,598885.9,JPY,JPN,2023-12-27 08:00:00,CORE_HR
EVT00071084,2023-12-15,EMP00164,CC0045,IT,4,Hire,151141.04,CAD,CAN,2023-12-15 17:00:00,CORE_HR
EVT00071666,2023-12-03,EMP02769,CC0057,FI,2,Leave Return,,CAD,CAN,2023-12-03 07:00:00,CORE_HR
EVT00071552,2023-12-12,EMP05097,CC0110,EN,4,Leave Start,,CAD,CA,2023-12-13 08:00:00,PAYROLL
EVT00071078,2023-12-12,EMP02913,CC0056,FI,1,Performance Pay,6810.62,CAD,CA,2023-12-12 08:00:00,PAYROLL
EVT00070866,2023-12-05,EMP00201,CC0110,EC,2,Step Increment,98725.47,CAD,CA,2023-12-07 17:00:00,PAYROLL
EVT00069714,2023-12-02,EMP01930,CC0041,IT,1,Lateral Deployment,,CAD,CA,2023-12-02 15:00:00,PAYROLL
EVT00069715,2023-12-16,EMP01009,CC0010,IT,2,Step Increment,82446.08,CAD,CAN,2023-12-17 09:00:00,CORE_HR
EVT00069679,2023-12-02,EMP00132,CC0021,EN,4,Step Increment,116511.18,CAD,CAN,2023-12-03 15:00:00,CORE_HR
EVT00070131,2023-12-02,EMP04413,CC0105,EX,3,Leave Start,,GBP,GBR,2023-12-02 11:00:00,CORE_HR
EVT00071418,2023-12-04,EMP00864,CC0068,IT,2,Step Increment,103170.55,CAD,CAN,2023-12-05 04:00:00,CORE_HR
EVT00071695,2023-12-11,EMP02965,CC0094,PA,4,Step Increment,84161.44,CAD,CA,2023-12-12 12:00:00,PAYROLL
EVT00071693,2023-12-24,EMP03888,CC0047,EX,1,Lateral Deployment,,CAD,CA,2023-12-25 14:00:00,PAYROLL
EVT00071284,2023-12-11,EMP03771,CC0003,IT,4,Leave Return,,CAD,CAN,2023-12-12 06:00:00,CORE_HR
EVT00070586,2023-12-03,EMP05117,CC0050,PA,2,Step Increment,78635.24,CAD,CA,2023-12-04 14:00:00,PAYROLL
EVT00071452,2023-12-05,EMP03994,CC0082,CR,3,Leave Return,,CAD,CA,2023-12-06 04:00:00,PAYROLL
EVT00070596,2023-12-19,EMP04662,CC0059,PA,1,Step Increment,60474.86,CAD,CAN,2023-12-20 05:00:00,CORE_HR
EVT00071453,2023-12-17,EMP01454,CC0041,AS,2,Step Increment,67540.15,CAD,CA,2023-12-17 09:00:00,PAYROLL
EVT00070132,2023-12-27,EMP00154,CC0058,PA,4,Performance Pay,5895.4,CAD,CAN,2023-12-28 15:00:00,CORE_HR
EVT00071335,2023-12-07,EMP02093,CC0066,EX,3,Leave Return,,CAD,CAN,2023-12-08 12:00:00,CORE_HR
EVT00070402,2023-12-07,EMP01483,CC0097,EX,1,Step Increment,119008.56,CAD,CAN,2023-12-08 07:00:00,CORE_HR
EVT00070988,2023-12-14,EMP02158,CC0014,PA,5,Performance Pay,5435.89,CAD,CAN,2023-12-15 02:00:00,CORE_HR
EVT00071342,2023-12-02,EMP02125,CC0110,EC,3,Hire,97605.81,CAD,CA,2023-12-02 10:00:00,PAYROLL
EVT00069887,2023-12-21,EMP00819,CC0002,PA,4,Step Increment,87330.16,CAD,CAN,2023-12-22 14:00:00,CORE_HR
EVT00071527,2023-12-03,EMP02611,CC0026,FI,2,Hire,92044.49,CAD,CA,2023-12-04 04:00:00,PAYROLL
EVT00070144,2023-12-13,EMP05060,CC0090,PA,3,Departure,,CAD,CA,2023-12-16 08:00:00,PAYROLL
EVT00071120,2023-12-20,EMP04009,CC0035,EX,1,Step Increment,103529.89,CAD,CAN,2023-12-21 01:00:00,CORE_HR
EVT00071321,2023-12-25,EMP01860,CC0059,EX,1,Performance Pay,13348.07,CAD,CA,2023-12-25 22:00:00,PAYROLL
EVT00071459,2023-12-15,EMP04045,CC0014,AS,2,Leave Return,,CAD,CAN,2023-12-16 01:00:00,CORE_HR
EVT00070225,2023-12-18,EMP03189,CC0021,PA,3,Promotion,85122.19,CAD,CAN,2023-12-18 06:00:00,CORE_HR
EVT00070117,2023-12-26,EMP03268,CC0096,CR,1,Leave Start,,CAD,CA,2023-12-27 08:00:00,PAYROLL
EVT00070697,2023-12-19,EMP02936,CC0030,FI,2,Step Increment,363899.78,BRL,BRA,2023-12-20 00:00:00,CORE_HR
EVT00071097,2023-12-04,EMP01320,CC0052,EN,3,Leave Start,,CAD,CA,2023-12-05 10:00:00,PAYROLL
EVT00071014,2023-12-13,EMP03814,CC0049,CR,4,Performance Pay,335399.83,KES,KE,2023-12-13 08:00:00,PAYROLL
EVT00071244,2023-12-18,EMP04435,CC0118,AS,5,Leave Return,,CAD,CAN,2023-12-19 15:00:00,CORE_HR
EVT00070070,2023-12-23,EMP00695,CC0087,EC,4,Leave Start,,CAD,CAN,2023-12-23 10:00:00,CORE_HR
EVT00069982,2023-12-13,EMP01357,CC0119,EC,2,Performance Pay,4569.59,CAD,CA,2023-12-14 05:00:00,PAYROLL
EVT00070400,2023-12-25,EMP04598,CC0037,IT,2,Lateral Deployment,,CAD,CA,2023-12-26 04:00:00,PAYROLL
EVT00071023,2023-12-22,EMP01198,CC0009,PA,2,Hire,8221258.87,JPY,JPN,2023-12-22 23:00:00,CORE_HR
EVT00070692,2023-12-26,EMP00593,CC0075,FI,3,Leave Start,,CAD,CAN,2023-12-27 11:00:00,CORE_HR
EVT00069798,2023-12-20,EMP01176,CC0083,AS,1,Leave Start,,CAD,CA,2023-12-20 21:00:00,PAYROLL
EVT00070037,2023-12-08,EMP02648,CC0070,CR,4,Performance Pay,5205.25,CAD,CAN,2023-12-08 19:00:00,CORE_HR
EVT00070849,2023-12-21,EMP03938,CC0080,PA,1,Departure,,INR,IND,2023-12-22 14:00:00,CORE_HR
EVT00071425,2023-12-21,EMP03369,CC0043,PA,2,Lateral Deployment,,CAD,CAN,2023-12-22 12:00:00,CORE_HR
EVT00071508,2023-12-25,EMP00806,CC0014,PA,4,Hire,73965.74,CAD,CAN,2023-12-25 18:00:00,CORE_HR
EVT00070027,2023-12-03,EMP04662,CC0059,PA,1,Step Increment,62313.73,CAD,CA,2023-12-03 14:00:00,PAYROLL
EVT00070965,2023-12-24,EMP00152,CC0057,FI,4,Leave Start,,CAD,CA,2023-12-24 17:00:00,PAYROLL
EVT00070003,2023-12-07,EMP04978,CC0062,IT,3,Step Increment,112088.48,CAD,CA,2023-12-08 08:00:00,PAYROLL
EVT00071026,2023-12-19,EMP00914,CC0081,PA,3,Promotion,104968.57,CAD,CA,2023-12-19 21:00:00,PAYROLL
EVT00070833,2023-12-21,EMP04300,CC0040,PA,3,Leave Return,,CAD,CAN,2023-12-22 03:00:00,CORE_HR
EVT00070100,2023-12-04,EMP04947,CC0011,IT,3,Step Increment,100140.78,CAD,CA,2023-12-04 11:00:00,PAYROLL
EVT00070255,2023-12-25,EMP02003,CC0114,EX,1,Promotion,130277.44,CAD,CA,2023-12-25 23:00:00,PAYROLL
EVT00071031,2023-12-13,EMP00859,CC0080,PA,1,Leave Start,,GBP,GB,2023-12-14 06:00:00,PAYROLL
EVT00071689,2023-12-02,EMP00840,CC0099,CR,2,Step Increment,61958.66,CAD,CAN,2023-12-03 12:00:00,CORE_HR
EVT00070401,2023-12-14,EMP03990,CC0030,PA,4,Step Increment,67964.68,EUR,FRA,2023-12-14 18:00:00,CORE_HR
EVT00071383,2023-12-25,EMP02882,CC0098,AS,4,Hire,88784.4,CAD,CAN,2023-12-25 14:00:00,CORE_HR
EVT00070440,2023-12-02,EMP02158,CC0014,PA,5,Hire,98141.67,CAD,CA,2023-12-02 09:00:00,PAYROLL
EVT00070711,2023-12-21,EMP02151,CC0070,AS,2,Lateral Deployment,,CAD,CAN,2023-12-21 17:00:00,CORE_HR
EVT00069724,2023-12-04,EMP04182,CC0068,EN,5,Departure,,CAD,CAN,2023-12-04 11:00:00,CORE_HR
EVT00070217,2023-12-25,EMP01635,CC0113,IT,2,Step Increment,87563.38,CAD,CAN,2023-12-26 12:00:00,CORE_HR
EVT00069754,2023-12-13,EMP02635,CC0025,EX,2,Step Increment,164553.42,CAD,CA,2023-12-14 05:00:00,PAYROLL
EVT00071099,2023-12-12,EMP01988,CC0081,EX,3,Promotion,190960.41,CAD,CA,2023-12-12 06:00:00,PAYROLL
EVT00071300,2023-12-25,EMP04775,CC0079,PA,2,Leave Return,,CAD,CA,2023-12-25 16:00:00,PAYROLL
EVT00071649,2023-12-10,EMP03029,CC0021,PA,1,Lateral Deployment,,CAD,CA,2023-12-11 13:00:00,PAYROLL
EVT00071181,2023-12-10,EMP01599,CC0086,EX,1,Leave Start,,AUD,AUS,2023-12-10 10:00:00,CORE_HR
EVT00071466,2023-12-13,EMP00353,CC0092,EN,2,Performance Pay,8024.43,CAD,CAN,2023-12-14 15:00:00,CORE_HR
EVT00070454,2023-12-08,EMP02339,CC0001,IT,1,Departure,,CAD,CAN,2023-12-08 22:00:00,CORE_HR
EVT00070422,2023-12-18,EMP00205,CC0115,IT,2,Lateral Deployment,,CAD,CAN,2023-12-19 01:00:00,CORE_HR
EVT00070134,2023-12-05,EMP04112,CC0048,EN,1,Performance Pay,3902.59,CAD,CA,2023-12-05 22:00:00,PAYROLL
EVT00071613,2023-12-09,EMP02483,CC0111,EX,2,Step Increment,134983.04,EUR,FR,2023-12-09 11:00:00,PAYROLL
EVT00071063,2023-12-07,EMP03492,CC0088,EX,1,Performance Pay,12306.1,EUR,FRA,2023-12-07 08:00:00,CORE_HR
EVT00070026,2023-12-01,EMP00448,CC0004,CR,3,Leave Return,,CAD,CAN,2023-12-01 10:00:00,CORE_HR
EVT00071588,2023-12-24,EMP01178,CC0060,AS,3,Performance Pay,6339.9,CAD,CA,2023-12-24 23:00:00,PAYROLL
EVT00070041,2023-12-22,EMP02149,CC0016,EC,1,Step Increment,69963.19,CAD,CA,2023-12-23 12:00:00,PAYROLL
EVT00071285,2023-12-24,EMP04959,CC0096,AS,4,Leave Start,,CAD,CAN,2023-12-24 06:00:00,CORE_HR
EVT00070921,2023-12-03,EMP03034,CC0085,FI,1,Leave Start,,CAD,CA,2023-12-03 15:00:00,PAYROLL
EVT00069655,2023-12-23,EMP04490,CC0057,IT,3,Promotion,114331.44,CAD,CAN,2023-12-24 09:00:00,CORE_HR
EVT00070898,2023-12-26,EMP02154,CC0016,IT,1,Performance Pay,6125.68,CAD,CAN,2023-12-27 01:00:00,CORE_HR
EVT00071191,2023-12-08,EMP01611,CC0086,PA,2,Step Increment,7276225.57,JPY,JPN,2023-12-09 03:00:00,CORE_HR
EVT00069739,2023-12-24,EMP04189,CC0004,PA,1,Lateral Deployment,,CAD,CA,2023-12-24 17:00:00,PAYROLL
EVT00070754,2023-12-01,EMP02887,CC0033,EC,2,Promotion,85437.41,CAD,CAN,2023-12-01 20:00:00,CORE_HR
EVT00070841,2023-12-23,EMP00875,CC0008,CR,1,Step Increment,64450.93,CAD,CAN,2023-12-23 13:00:00,CORE_HR
EVT00069696,2023-12-20,EMP01674,CC0016,EN,1,Performance Pay,4629.94,CAD,CAN,2023-12-20 17:00:00,CORE_HR
EVT00071237,2023-12-20,EMP04310,CC0026,EX,1,Departure,,CAD,CAN,2023-12-20 19:00:00,CORE_HR
EVT00070765,2023-12-15,EMP04788,CC0086,AS,4,Step Increment,240888.83,AED,ARE,2023-12-16 00:00:00,CORE_HR
EVT00070653,2023-12-08,EMP05170,CC0096,CR,1,Departure,,CAD,CA,2023-12-08 22:00:00,PAYROLL
EVT00071517,2023-12-01,EMP01934,CC0027,FI,5,Hire,132305.46,CAD,CAN,2023-12-02 10:00:00,CORE_HR
EVT00070063,2023-12-19,EMP02483,CC0111,EX,2,Promotion,98789.22,GBP,GB,2023-12-20 15:00:00,PAYROLL
EVT00070030,2023-12-23,EMP02132,CC0051,IT,3,Lateral Deployment,,CAD,CAN,2023-12-23 21:00:00,CORE_HR
EVT00070506,2023-12-27,EMP04622,CC0005,EC,2,Leave Start,,CAD,CAN,2023-12-27 09:00:00,CORE_HR
EVT00070271,2023-12-02,EMP02393,CC0009,AS,4,Step Increment,66298.98,SGD,SG,2023-12-02 14:00:00,PAYROLL
EVT00070800,2023-12-06,EMP04434,CC0101,EC,3,Step Increment,97875.58,CAD,CAN,2023-12-06 16:00:00,CORE_HR
EVT00071485,2023-12-11,EMP04778,CC0055,FI,1,Step Increment,59198.32,CAD,CA,2023-12-11 14:00:00,PAYROLL
EVT00071562,2023-12-07,EMP00818,CC0062,IT,4,Performance Pay,14664.68,CAD,CAN,2023-12-08 01:00:00,CORE_HR
EVT00069732,2023-12-14,EMP04975,CC0087,PA,1,Leave Return,,CAD,CAN,2023-12-15 11:00:00,CORE_HR
EVT00071586,2023-12-03,EMP04422,CC0030,AS,3,Hire,108591.5,AUD,AUS,2023-12-03 09:00:00,CORE_HR
EVT00070079,2023-12-15,EMP01971,CC0060,IT,1,Step Increment,75942.22,CAD,CAN,2023-12-16 06:00:00,CORE_HR
EVT00071615,2023-12-07,EMP04323,CC0091,EN,5,Step Increment,130535.23,CAD,CAN,2023-12-08 05:00:00,CORE_HR
EVT00071437,2023-12-23,EMP01726,CC0050,IT,2,Performance Pay,8611.69,CAD,CAN,2023-12-24 11:00:00,CORE_HR
EVT00069662,2023-12-17,EMP02626,CC0033,CR,2,Step Increment,62734.9,CAD,CAN,2023-12-17 14:00:00,CORE_HR
EVT00069878,2023-12-04,EMP03133,CC0024,FI,1,Performance Pay,9628.69,CAD,CA,2023-12-04 08:00:00,PAYROLL
EVT00070209,2023-12-04,EMP04224,CC0006,PA,2,Leave Start,,CAD,CA,2023-12-04 07:00:00,PAYROLL
EVT00070431,2023-12-08,EMP05156,CC0083,IT,4,Step Increment,137295.05,CAD,CAN,2023-12-09 06:00:00,CORE_HR
EVT00071592,2023-12-22,EMP05191,CC0027,FI,3,Leave Start,,CAD,CAN,2023-12-22 10:00:00,CORE_HR
EVT00069895,2023-12-14,EMP05115,CC0088,CR,1,Step Increment,31913.44,EUR,FR,2023-12-14 14:00:00,PAYROLL
EVT00070334,2023-12-23,EMP04327,CC0107,IT,1,Leave Start,,CAD,CA,2023-12-24 08:00:00,PAYROLL
EVT00070974,2023-12-11,EMP03880,CC0058,CR,3,Lateral Deployment,,CAD,CA,2023-12-12 08:00:00,PAYROLL
EVT00071465,2023-12-10,EMP02277,CC0098,FI,3,Departure,,CAD,CA,2023-12-11 14:00:00,PAYROLL
EVT00070267,2023-12-22,EMP03369,CC0043,PA,2,Step Increment,72360.72,CAD,CA,2023-12-23 01:00:00,PAYROLL
EVT00070784,2023-12-05,EMP04236,CC0080,IT,2,Leave Start,,AED,ARE,2023-12-06 09:00:00,CORE_HR
EVT00070738,2023-12-22,EMP01383,CC0114,CR,2,Leave Return,,CAD,CA,2023-12-23 13:00:00,PAYROLL
EVT00071657,2023-12-02,EMP01835,CC0082,CR,1,Performance Pay,4150.6,CAD,CAN,2023-12-03 08:00:00,CORE_HR
EVT00070601,2023-12-24,EMP00212,CC0043,FI,1,Leave Start,,CAD,CA,2023-12-24 13:00:00,PAYROLL
EVT00069903,2023-12-18,EMP02124,CC0033,AS,4,Leave Start,,CAD,CAN,2023-12-19 10:00:00,CORE_HR
EVT00070327,2023-12-09,EMP00240,CC0115,EN,4,Hire,132019.86,CAD,CA,2023-12-10 04:00:00,PAYROLL
EVT00070373,2023-12-11,EMP02976,CC0091,PA,1,Lateral Deployment,,CAD,CA,2023-12-11 13:00:00,PAYROLL
EVT00071601,2023-12-02,EMP03250,CC0059,EC,4,Departure,,CAD,CA,2023-12-02 23:00:00,PAYROLL
EVT00070433,2023-12-25,EMP01963,CC0063,PA,2,Departure,,CAD,CAN,2023-12-25 06:00:00,CORE_HR
EVT00069805,2023-12-06,EMP04252,CC0064,IT,4,Leave Start,,CAD,CA,2023-12-06 16:00:00,PAYROLL
EVT00071118,2023-12-18,EMP00187,CC0053,EN,2,Lateral Deployment,,CAD,CA,2023-12-19 14:00:00,PAYROLL
EVT00069953,2023-12-24,EMP03267,CC0019,EN,1,Leave Return,,CAD,CA,2023-12-24 21:00:00,PAYROLL
EVT00069804,2023-12-12,EMP03477,CC0011,AS,2,Leave Start,,CAD,CA,2023-12-12 14:00:00,PAYROLL
EVT00070732,2023-12-09,EMP04736,CC0021,IT,1,Leave Start,,CAD,CAN,2023-12-09 13:00:00,CORE_HR
EVT00071495,2023-12-16,EMP01636,CC0071,EX,3,Step Increment,184099.64,CAD,CAN,2023-12-17 08:00:00,CORE_HR
EVT00070466,2023-12-15,EMP04746,CC0070,EC,3,Leave Start,,CAD,CA,2023-12-16 15:00:00,PAYROLL
EVT00069671,2023-12-27,EMP03177,CC0036,AS,3,Step Increment,70590.33,CAD,CA,2023-12-28 09:00:00,PAYROLL
EVT00071252,2023-12-02,EMP04631,CC0083,AS,4,Step Increment,59195.48,CAD,CAN,2023-12-02 20:00:00,CORE_HR
EVT00070409,2023-12-13,EMP01613,CC0106,PA,3,Step Increment,86084.14,CAD,CAN,2023-12-13 21:00:00,CORE_HR
EVT00070597,2023-12-11,EMP03530,CC0086,IT,4,Performance Pay,5003.33,GBP,GBR,2023-12-12 15:00:00,CORE_HR
EVT00070632,2023-12-13,EMP05089,CC0016,PA,1,Step Increment,72892.77,CAD,CAN,2023-12-13 11:00:00,CORE_HR
EVT00070749,2023-12-06,EMP03555,CC0038,PA,4,Leave Start,,CAD,CA,2023-12-08 15:00:00,PAYROLL
EVT00069976,2023-12-13,EMP04882,CC0036,EX,1,Performance Pay,19145.22,CAD,CAN,2023-12-13 22:00:00,CORE_HR
EVT00070129,2023-12-06,EMP00448,CC0004,CR,3,Promotion,66569.81,CAD,CAN,2023-12-07 12:00:00,CORE_HR
EVT00070281,2023-12-16,EMP04985,CC0001,EN,3,Step Increment,108370.72,CAD,CAN,2023-12-17 12:00:00,CORE_HR
EVT00070345,2023-12-15,EMP00365,CC0063,EX,1,Performance Pay,6172.66,CAD,CA,2023-12-15 22:00:00,PAYROLL
EVT00070880,2023-12-21,EMP01002,CC0048,CR,4,Leave Start,,CAD,CAN,2023-12-22 00:00:00,CORE_HR
EVT00071390,2023-12-17,EMP01720,CC0073,EN,2,Hire,108529.17,CAD,CAN,2023-12-17 22:00:00,CORE_HR
EVT00071315,2023-12-06,EMP02420,CC0081,PA,3,Performance Pay,4508.11,CAD,CAN,2023-12-07 05:00:00,CORE_HR
EVT00070344,2023-12-19,EMP02743,CC0097,EX,2,Departure,,CAD,CAN,2023-12-19 12:00:00,CORE_HR
EVT00070810,2023-12-07,EMP03602,CC0085,EN,4,Performance Pay,7968.53,CAD,CA,2023-12-08 15:00:00,PAYROLL
EVT00069807,2023-12-22,EMP00542,CC0117,EX,1,Step Increment,126015.56,CAD,CA,2023-12-23 03:00:00,PAYROLL
EVT00070210,2023-12-24,EMP00343,CC0104,PA,3,Lateral Deployment,,CAD,CA,2023-12-24 10:00:00,PAYROLL
EVT00071193,2023-12-12,EMP01778,CC0042,CR,2,Lateral Deployment,,CAD,CA,2023-12-12 11:00:00,PAYROLL
EVT00069623,2023-12-05,EMP01433,CC0037,FI,3,Lateral Deployment,,CAD,CAN,2023-12-05 07:00:00,CORE_HR
EVT00070478,2023-12-05,EMP00059,CC0084,CR,3,Step Increment,66486.23,CAD,CAN,2023-12-06 07:00:00,CORE_HR
EVT00071460,2023-12-17,EMP03622,CC0014,IT,3,Step Increment,121433.32,CAD,CAN,2023-12-19 06:00:00,CORE_HR
EVT00070960,2023-12-19,EMP00719,CC0006,PA,1,Performance Pay,6321.51,CAD,CAN,2023-12-20 00:00:00,CORE_HR
EVT00070933,2023-12-01,EMP02170,CC0082,EX,2,Promotion,128886.41,CAD,CAN,2023-12-01 23:00:00,CORE_HR
EVT00071100,2023-12-04,EMP01034,CC0100,FI,4,Leave Start,,CAD,CAN,2023-12-05 09:00:00,CORE_HR
EVT00070292,2023-12-13,EMP03386,CC0065,AS,1,Performance Pay,23693.87,AED,ARE,2023-12-13 14:00:00,CORE_HR
EVT00069924,2023-12-03,EMP03909,CC0057,EN,5,Hire,147394.31,CAD,CAN,2023-12-04 06:00:00,CORE_HR
EVT00070113,2023-12-16,EMP00078,CC0025,EC,3,Hire,85714.6,CAD,CAN,2023-12-16 18:00:00,CORE_HR
EVT00071525,2023-12-23,EMP03452,CC0089,CR,4,Departure,,CAD,CA,2023-12-23 16:00:00,PAYROLL
EVT00070935,2023-12-12,EMP03089,CC0031,EN,4,Promotion,345190.38,AED,ARE,2023-12-12 10:00:00,CORE_HR
EVT00071623,2023-12-13,EMP03749,CC0096,EN,1,Step Increment,81644.55,CAD,CA,2023-12-14 11:00:00,PAYROLL
EVT00070749,2023-12-06,EMP03555,CC0038,PA,4,Leave Start,,CAD,CA,2023-12-07 03:00:00,PAYROLL
EVT00070819,2023-12-26,EMP01978,CC0042,PA,2,Step Increment,69055.83,CAD,CAN,2023-12-26 19:00:00,CORE_HR
EVT00070018,2023-12-16,EMP01928,CC0102,PA,3,Step Increment,80070.8,CAD,CA,2023-12-17 06:00:00,PAYROLL
EVT00070794,2023-12-10,EMP01120,CC0026,EC,4,Leave Start,,CAD,CA,2023-12-11 12:00:00,PAYROLL
EVT00071596,2023-12-14,EMP03897,CC0116,IT,3,Hire,84902.86,CAD,CAN,2023-12-14 08:00:00,CORE_HR
EVT00071145,2023-12-22,EMP02624,CC0018,CR,2,Hire,56768.67,CAD,CA,2023-12-22 23:00:00,PAYROLL
EVT00069856,2023-12-26,EMP01835,CC0082,CR,1,Step Increment,55709.48,CAD,CA,2023-12-26 13:00:00,PAYROLL
EVT00070099,2023-12-14,EMP02262,CC0100,FI,2,Step Increment,88486.12,CAD,CAN,2023-12-15 11:00:00,CORE_HR
EVT00071004,2023-12-09,EMP05043,CC0050,PA,1,Step Increment,64899.76,CAD,CAN,2023-12-10 09:00:00,CORE_HR
EVT00069943,2023-12-10,EMP04716,CC0109,EN,1,Step Increment,88040.18,CAD,CAN,2023-12-11 03:00:00,CORE_HR
EVT00070340,2023-12-03,EMP04467,CC0093,IT,1,Step Increment,69550.31,CAD,CAN,2023-12-03 11:00:00,CORE_HR
EVT00069862,2023-12-07,EMP02189,CC0105,FI,1,Step Increment,908370.16,MXN,MX,2023-12-07 21:00:00,PAYROLL
EVT00070339,2023-12-03,EMP01833,CC0001,EC,2,Lateral Deployment,,CAD,CAN,2023-12-03 20:00:00,CORE_HR
EVT00071620,2023-12-05,EMP02256,CC0036,PA,1,Step Increment,59282.43,CAD,CA,2023-12-05 15:00:00,PAYROLL
EVT00070701,2023-12-08,EMP00829,CC0051,IT,4,Step Increment,122772.21,CAD,CAN,2023-12-08 13:00:00,CORE_HR
EVT00070703,2023-12-12,EMP00317,CC0012,EX,2,Leave Start,,CAD,CAN,2023-12-12 20:00:00,CORE_HR
EVT00070912,2023-12-06,EMP04621,CC0075,PA,1,Step Increment,70139.19,CAD,CA,2023-12-06 12:00:00,PAYROLL
EVT00069664,2023-12-07,EMP00288,CC0100,CR,4,Hire,65783.48,CAD,CAN,2023-12-07 16:00:00,CORE_HR
EVT00070978,2023-12-20,EMP00177,CC0054,EX,1,Step Increment,95909.01,GBP,GBR,2023-12-21 15:00:00,CORE_HR
EVT00069919,2023-12-24,EMP03370,CC0015,PA,1,Performance Pay,8193.53,CAD,CA,2023-12-24 10:00:00,PAYROLL
EVT00070595,2023-12-23,EMP00384,CC0023,CR,2,Step Increment,62787.89,CAD,CAN,2023-12-23 23:00:00,CORE_HR
EVT00071219,2023-12-12,EMP01577,CC0037,CR,5,Step Increment,66534.92,CAD,CAN,2023-12-12 19:00:00,CORE_HR
EVT00070689,2023-12-06,EMP02272,CC0005,CR,5,Step Increment,85833.38,CAD,CAN,2023-12-06 23:00:00,CORE_HR
EVT00069879,2023-12-23,EMP01601,CC0015,PA,2,Hire,90114.8,CAD,CAN,2023-12-23 12:00:00,CORE_HR
EVT00070882,2023-12-01,EMP05021,CC0063,EX,1,Step Increment,134341.99,CAD,CAN,2023-12-01 16:00:00,CORE_HR
EVT00070968,2023-12-17,EMP03781,CC0051,EN,2,Leave Return,,CAD,CAN,2023-12-18 07:00:00,CORE_HR
EVT00070484,2023-12-17,EMP00015,CC0068,IT,4,Lateral Deployment,,CAD,CAN,2023-12-17 08:00:00,CORE_HR
EVT00071176,2023-12-21,EMP01708,CC0100,PA,3,Leave Return,,CAD,CAN,2023-12-21 23:00:00,CORE_HR
EVT00070098,2023-12-17,EMP02115,CC0080,EC,4,Step Increment,102527.74,EUR,DEU,2023-12-17 16:00:00,CORE_HR
EVT00070239,2023-12-16,EMP00789,CC0038,AS,1,Step Increment,53797.56,CAD,CA,2023-12-16 13:00:00,PAYROLL
EVT00070887,2023-12-06,EMP05050,CC0016,IT,2,Leave Return,,CAD,CA,2023-12-06 23:00:00,PAYROLL
EVT00070820,2023-12-06,EMP04509,CC0002,PA,3,Hire,75393.74,CAD,CAN,2023-12-07 01:00:00,CORE_HR
EVT00069920,2023-12-23,EMP00593,CC0075,FI,3,Lateral Deployment,,CAD,CA,2023-12-24 10:00:00,PAYROLL
EVT00070809,2023-12-22,EMP00053,CC0017,PA,1,Step Increment,62778.21,CAD,CA,2023-12-24 21:00:00,PAYROLL
EVT00071352,2023-12-05,EMP03724,CC0082,EN,1,Step Increment,88285.83,CAD,CA,2023-12-06 01:00:00,PAYROLL
EVT00069973,2023-12-11,EMP00225,CC0118,EN,2,Step Increment,103420.83,CAD,CA,2023-12-11 06:00:00,PAYROLL
EVT00070680,2023-12-18,EMP04124,CC0037,EX,2,Step Increment,182809.49,CAD,CAN,2023-12-19 00:00:00,CORE_HR
EVT00070961,2023-12-06,EMP04859,CC0077,PA,3,Performance Pay,9640.81,CAD,CAN,2023-12-07 10:00:00,CORE_HR
EVT00070516,2023-12-12,EMP04228,CC0005,EN,4,Promotion,120873.62,CAD,CAN,2023-12-12 07:00:00,CORE_HR
EVT00071192,2023-12-05,EMP01657,CC0116,IT,3,Step Increment,117743.13,CAD,CAN,2023-12-06 15:00:00,CORE_HR
EVT00070278,2023-12-02,EMP01285,CC0083,EC,4,Step Increment,104799.3,CAD,CA,2023-12-03 07:00:00,PAYROLL
EVT00070381,2023-12-12,EMP02717,CC0056,EN,4,Step Increment,127801.34,CAD,CA,2023-12-13 11:00:00,PAYROLL
EVT00070951,2023-12-14,EMP03028,CC0005,PA,3,Promotion,63536.16,CAD,CAN,2023-12-14 07:00:00,CORE_HR
EVT00071254,2023-12-09,EMP00566,CC0032,IT,3,Lateral Deployment,,CAD,CAN,2023-12-09 14:00:00,CORE_HR
EVT00071304,2023-12-19,EMP05192,CC0032,PA,3,Step Increment,87348.01,CAD,CA,2023-12-20 09:00:00,PAYROLL
EVT00071226,2023-12-10,EMP02451,CC0118,FI,2,Promotion,89385.98,CAD,CAN,2023-12-11 01:00:00,CORE_HR
EVT00070567,2023-12-09,EMP04394,CC0045,IT,1,Hire,81888.08,CAD,CAN,2023-12-09 12:00:00,CORE_HR
EVT00069730,2023-12-24,EMP03868,CC0079,IT,2,Leave Start,,CAD,CAN,2023-12-25 00:00:00,CORE_HR
EVT00071448,2023-12-03,EMP00439,CC0037,IT,5,Step Increment,111857.36,CAD,CA,2023-12-04 11:00:00,PAYROLL
EVT00070295,2023-12-23,EMP03617,CC0036,IT,3,Step Increment,118575.11,CAD,CAN,2023-12-23 20:00:00,CORE_HR
EVT00070265,2023-12-11,EMP02611,CC0026,FI,2,Leave Return,,CAD,CA,2023-12-11 08:00:00,PAYROLL
EVT00071373,2023-12-08,EMP02550,CC0088,EN,4,Performance Pay,10310.96,SGD,SG,2023-12-09 00:00:00,PAYROLL
EVT00071643,2023-12-23,EMP05148,CC0049,IT,1,Step Increment,65476.67,EUR,DEU,2023-12-24 04:00:00,CORE_HR
EVT00070066,2023-12-06,EMP00719,CC0006,PA,1,Leave Start,,CAD,CA,2023-12-06 20:00:00,PAYROLL
EVT00070538,2023-12-17,EMP04033,CC0098,EN,2,Performance Pay,9341.5,CAD,CA,2023-12-18 05:00:00,PAYROLL
EVT00071494,2023-12-04,EMP00259,CC0094,EC,2,Step Increment,96171.7,CAD,CA,2023-12-04 06:00:00,PAYROLL
EVT00070750,2023-12-10,EMP03121,CC0105,EC,1,Leave Start,,KES,KEN,2023-12-10 15:00:00,CORE_HR
EVT00070119,2023-12-27,EMP01687,CC0012,EX,1,Leave Start,,CAD,CA,2023-12-27 15:00:00,PAYROLL
EVT00071655,2023-12-19,EMP02175,CC0098,IT,2,Lateral Deployment,,CAD,CA,2023-12-20 02:00:00,PAYROLL
EVT00071273,2023-12-15,EMP01482,CC0029,CR,1,Leave Return,,MXN,MEX,2023-12-16 05:00:00,CORE_HR
EVT00070072,2023-12-26,EMP02998,CC0110,CR,4,Performance Pay,8656.05,CAD,CA,2023-12-26 12:00:00,PAYROLL
EVT00070178,2023-12-10,EMP03894,CC0007,PA,2,Leave Return,,AUD,AUS,2023-12-10 09:00:00,CORE_HR
EVT00069947,2023-12-06,EMP04860,CC0116,FI,3,Promotion,99697.61,CAD,CA,2023-12-06 08:00:00,PAYROLL
EVT00070375,2023-12-19,EMP00994,CC0083,IT,4,Departure,,CAD,CAN,2023-12-19 17:00:00,CORE_HR
EVT00071454,2023-12-06,EMP00744,CC0109,AS,5,Leave Return,,CAD,CAN,2023-12-06 13:00:00,CORE_HR
EVT00071583,2023-12-03,EMP01905,CC0118,AS,4,Hire,88813.04,CAD,CA,2023-12-03 20:00:00,PAYROLL
EVT00069686,2023-12-21,EMP04118,CC0011,FI,1,Leave Return,,CAD,CAN,2023-12-21 20:00:00,CORE_HR
EVT00071130,2023-12-23,EMP03181,CC0055,PA,2,Step Increment,79048.89,CAD,CAN,2023-12-24 00:00:00,CORE_HR
EVT00070690,2023-12-25,EMP03923,CC0118,PA,4,Leave Return,,CAD,CA,2023-12-26 12:00:00,PAYROLL
EVT00071509,2023-12-25,EMP02305,CC0068,EC,1,Leave Start,,CAD,CAN,2023-12-26 15:00:00,CORE_HR
EVT00071209,2023-12-21,EMP00737,CC0048,IT,2,Step Increment,93089.05,CAD,CA,2023-12-22 05:00:00,PAYROLL
EVT00070289,2023-12-23,EMP03247,CC0088,IT,2,Step Increment,152547.66,AUD,AU,2023-12-23 12:00:00,PAYROLL
EVT00070999,2023-12-01,EMP04618,CC0095,EC,1,Step Increment,84444.53,CAD,CA,2023-12-02 06:00:00,PAYROLL
EVT00071670,2023-12-23,EMP00779,CC0104,EC,2,Hire,92639.22,CAD,CA,2023-12-24 05:00:00,PAYROLL
EVT00070217,2023-12-25,EMP01635,CC0113,IT,2,Step Increment,87563.38,CAD,CAN,2023-12-26 16:00:00,CORE_HR
EVT00071683,2023-12-11,EMP02914,CC0052,PA,3,Departure,,CAD,CAN,2023-12-12 10:00:00,CORE_HR
EVT00069897,2023-12-03,EMP00543,CC0037,IT,2,Step Increment,99210.98,CAD,CAN,2023-12-04 03:00:00,CORE_HR
EVT00071566,2023-12-10,EMP00156,CC0011,IT,3,Leave Start,,CAD,CAN,2023-12-10 21:00:00,CORE_HR
EVT00070837,2023-12-27,EMP03504,CC0108,PA,2,Step Increment,870727.89,MXN,MX,2023-12-27 17:00:00,PAYROLL
EVT00071584,2023-12-12,EMP02977,CC0034,AS,2,Step Increment,64331.18,CAD,CAN,2023-12-12 22:00:00,CORE_HR
EVT00071311,2023-12-03,EMP00616,CC0016,EC,5,Step Increment,152431.97,CAD,CAN,2023-12-04 14:00:00,CORE_HR
EVT00070637,2023-12-04,EMP00394,CC0018,IT,3,Lateral Deployment,,CAD,CAN,2023-12-05 10:00:00,CORE_HR
EVT00071306,2023-12-12,EMP00510,CC0053,PA,3,Step Increment,79918.6,CAD,CAN,2023-12-12 07:00:00,CORE_HR
EVT00070034,2023-12-12,EMP99999,CC0096,CR,2,Step Increment,60025.04,CAD,CA,2023-12-12 20:00:00,PAYROLL
EVT00071479,2023-12-04,EMP00660,CC0094,IT,1,Lateral Deployment,,CAD,CA,2023-12-05 02:00:00,PAYROLL
EVT00070043,2023-12-15,EMP01486,CC0076,IT,1,Step Increment,84137.48,CAD,CAN,2023-12-15 20:00:00,CORE_HR
EVT00070608,2023-12-12,EMP02501,CC0002,EN,2,Step Increment,107189.67,CAD,CAN,2023-12-12 21:00:00,CORE_HR
EVT00071572,2023-12-03,EMP02020,CC0001,FI,1,Step Increment,75915.25,CAD,CAN,2023-12-04 01:00:00,CORE_HR
EVT00071053,2023-12-27,EMP04253,CC0016,PA,2,Step Increment,75327.17,CAD,CAN,2023-12-28 09:00:00,CORE_HR
EVT00069705,2023-12-07,EMP02278,CC0072,AS,4,Leave Return,,CAD,CA,2023-12-08 12:00:00,PAYROLL
EVT00070842,2023-12-25,EMP03666,CC0059,IT,1,Performance Pay,9460.34,CAD,CA,2023-12-25 09:00:00,PAYROLL
EVT00071399,2023-12-06,EMP04189,CC0004,PA,1,Leave Start,,CAD,CA,2023-12-06 22:00:00,PAYROLL
EVT00070370,2023-12-20,EMP04080,CC0061,PA,1,Leave Return,,CAD,CAN,2023-12-20 23:00:00,CORE_HR
EVT00069870,2023-12-17,EMP01295,CC0082,AS,2,Lateral Deployment,,CAD,CA,2023-12-18 07:00:00,PAYROLL
EVT00070613,2023-12-10,EMP03898,CC0064,IT,4,Hire,121578.34,CAD,CAN,2023-12-10 09:00:00,CORE_HR
EVT00070227,2023-12-08,EMP04759,CC0072,EC,2,Step Increment,90812.68,CAD,CA,2023-12-08 16:00:00,PAYROLL
EVT00070155,2023-12-09,EMP04560,CC0064,EX,2,Step Increment,164402.27,CAD,CAN,2023-12-09 22:00:00,CORE_HR
EVT00070735,2023-12-06,EMP02498,CC0108,CR,4,Step Increment,56881.32,SGD,SG,2023-12-06 23:00:00,PAYROLL
EVT00071531,2023-12-21,EMP00975,CC0069,IT,1,Performance Pay,6088.45,CAD,CAN,2023-12-22 04:00:00,CORE_HR
EVT00070693,2023-12-27,EMP03245,CC0025,EX,1,Leave Start,,CAD,CAN,2023-12-28 06:00:00,CORE_HR
EVT00070706,2023-12-10,EMP04946,CC0102,PA,3,Step Increment,89754.94,CAD,CA,2023-12-12 20:00:00,PAYROLL
EVT00070867,2023-12-16,EMP00988,CC0116,EX,1,Departure,,CAD,CAN,2023-12-16 12:00:00,CORE_HR
EVT00071318,2023-12-24,EMP04333,CC0019,EC,2,Lateral Deployment,,CAD,CAN,2023-12-25 02:00:00,CORE_HR
EVT00069847,2023-12-16,EMP01553,CC0047,PA,3,Leave Return,,CAD,CAN,2023-12-17 00:00:00,CORE_HR
EVT00069972,2023-12-27,EMP04764,CC0022,EC,1,Performance Pay,10258.3,CAD,CAN,2023-12-27 20:00:00,CORE_HR
EVT00070354,2023-12-07,EMP02987,CC0109,AS,3,Hire,75595.75,CAD,CA,2023-12-08 11:00:00,PAYROLL
EVT00070775,2023-12-05,EMP01208,CC0032,AS,3,Lateral Deployment,,CAD,CAN,2023-12-05 16:00:00,CORE_HR
EVT00069770,2023-12-12,EMP04462,CC0069,IT,1,Leave Return,,CAD,CAN,2023-12-12 09:00:00,CORE_HR
EVT00070306,2023-12-04,EMP02230,CC0046,EX,2,Step Increment,140734.2,EUR,DE,2023-12-04 19:00:00,PAYROLL
EVT00070907,2023-12-01,EMP04506,CC0021,IT,4,Lateral Deployment,,CAD,CAN,2023-12-01 09:00:00,CORE_HR
EVT00070077,2023-12-14,EMP03065,CC0111,IT,2,Leave Return,,MXN,MX,2023-12-14 14:00:00,PAYROLL
EVT00069782,2023-12-23,EMP00457,CC0065,FI,5,Performance Pay,28111.51,BRL,BRA,2023-12-24 03:00:00,CORE_HR
EVT00071354,2023-12-04,EMP04876,CC0051,FI,3,Step Increment,119364.27,CAD,CAN,2023-12-05 00:00:00,CORE_HR
EVT00071594,2023-12-09,EMP00226,CC0115,PA,5,Step Increment,92461.73,CAD,CAN,2023-12-09 13:00:00,CORE_HR
EVT00070266,2023-12-25,EMP02358,CC0118,PA,2,Performance Pay,9149.8,CAD,CA,2023-12-26 00:00:00,PAYROLL
EVT00071500,2023-12-08,EMP03075,CC0086,PA,2,Step Increment,53438.3,USD,US,2023-12-08 09:00:00,PAYROLL
EVT00070519,2023-12-27,EMP04044,CC0022,FI,3,Step Increment,88891.7,CAD,CAN,2023-12-27 16:00:00,CORE_HR
EVT00070734,2023-12-12,EMP03086,CC0058,AS,5,Lateral Deployment,,CAD,CA,2023-12-13 07:00:00,PAYROLL
EVT00071605,2023-12-19,EMP01981,CC0101,AS,3,Leave Start,,CAD,CA,2023-12-19 10:00:00,PAYROLL
EVT00070567,2023-12-09,EMP04394,CC0045,IT,1,Hire,81888.08,CAD,CAN,2023-12-11 11:00:00,CORE_HR
EVT00070862,2023-12-17,EMP01227,CC0095,EX,1,Hire,119515.07,CAD,CAN,2023-12-17 07:00:00,CORE_HR
EVT00070568,2023-12-17,EMP02850,CC0058,EX,3,Performance Pay,7361.21,CAD,CAN,2023-12-19 08:00:00,CORE_HR
EVT00071413,2023-12-09,EMP01018,CC0031,PA,3,Performance Pay,816885.55,KES,KE,2023-12-10 08:00:00,PAYROLL
EVT00071299,2023-12-15,EMP02148,CC0066,EX,2,Step Increment,160283.76,CAD,CAN,2023-12-15 07:00:00,CORE_HR
EVT00070535,2023-12-21,EMP00709,CC0029,AS,5,Step Increment,73466.98,SGD,SG,2023-12-21 13:00:00,PAYROLL
EVT00069918,2023-12-26,EMP00693,CC0056,IT,2,Performance Pay,5569.9,CAD,CAN,2023-12-26 15:00:00,CORE_HR
EVT00071612,2023-12-05,EMP03870,CC0049,AS,3,Promotion,68486.42,EUR,DEU,2023-12-06 06:00:00,CORE_HR
EVT00070071,2023-12-23,EMP01457,CC0096,EC,1,Leave Start,,CAD,CAN,2023-12-24 06:00:00,CORE_HR
EVT00070309,2023-12-12,EMP03168,CC0059,FI,5,Hire,123735.98,CAD,CAN,2023-12-12 17:00:00,CORE_HR
EVT00070351,2023-12-04,EMP02100,CC0071,IT,3,Step Increment,102076.57,CAD,CA,2023-12-04 12:00:00,PAYROLL
EVT00070778,2023-12-05,EMP02622,CC0019,PA,1,Departure,,CAD,CAN,2023-12-05 07:00:00,CORE_HR
EVT00071115,2023-12-21,EMP02260,CC0092,IT,1,Step Increment,87605.19,CAD,CAN,2023-12-21 06:00:00,CORE_HR
EVT00071376,2023-12-23,EMP00400,CC0115,PA,2,Departure,,CAD,CAN,2023-12-24 08:00:00,CORE_HR
EVT00071140,2023-12-14,EMP03762,CC0063,CR,2,Leave Start,,CAD,CAN,2023-12-15 02:00:00,CORE_HR
EVT00069968,2023-12-07,EMP04853,CC0117,PA,1,Leave Return,,CAD,CA,2023-12-08 09:00:00,PAYROLL
EVT00070764,2023-12-16,EMP02645,CC0018,PA,1,Step Increment,68274.42,CAD,CAN,2023-12-17 11:00:00,CORE_HR
EVT00070768,2023-12-24,EMP00756,CC0109,PA,1,Step Increment,62119.18,CAD,CAN,2023-12-24 13:00:00,CORE_HR
EVT00070213,2023-12-10,EMP01972,CC0084,PA,2,Performance Pay,9804.7,CAD,CA,2023-12-10 10:00:00,PAYROLL
EVT00069822,2023-12-08,EMP00536,CC0010,AS,2,Performance Pay,5825.57,CAD,CAN,2023-12-08 06:00:00,CORE_HR
EVT00069773,2023-12-02,EMP00750,CC0022,AS,1,Leave Return,,CAD,CAN,2023-12-02 09:00:00,CORE_HR
EVT00071127,2023-12-06,EMP04005,CC0119,FI,3,Step Increment,98165.9,CAD,CA,2023-12-07 00:00:00,PAYROLL
EVT00070547,2023-12-08,EMP03931,CC0118,PA,1,Hire,61941.78,CAD,CAN,2023-12-10 13:00:00,CORE_HR
EVT00071464,2023-12-03,EMP03508,CC0020,AS,1,Step Increment,45386.91,CAD,CAN,2023-12-03 23:00:00,CORE_HR
EVT00070843,2023-12-19,EMP03005,CC0028,IT,1,Leave Return,,CAD,CA,2023-12-19 17:00:00,PAYROLL
EVT00069928,2023-12-04,EMP00895,CC0056,EC,1,Departure,,CAD,CAN,2023-12-05 05:00:00,CORE_HR
EVT00069666,2023-12-11,EMP00660,CC0094,IT,1,Step Increment,88676.31,CAD,CA,2023-12-12 00:00:00,PAYROLL
EVT00071196,2023-12-07,EMP01552,CC0059,CR,3,Lateral Deployment,,CAD,CAN,2023-12-08 05:00:00,CORE_HR
EVT00069748,2023-12-09,EMP04215,CC0024,EX,1,Leave Return,,CAD,CAN,2023-12-10 00:00:00,CORE_HR
EVT00071548,2023-12-12,EMP00807,CC0027,AS,1,Lateral Deployment,,CAD,CA,2023-12-12 21:00:00,PAYROLL
EVT00070190,2023-12-05,EMP03947,CC0019,AS,5,Step Increment,93923.62,CAD,CAN,2023-12-05 11:00:00,CORE_HR
EVT00069984,2023-12-19,EMP00656,CC0003,PA,3,Leave Return,,CAD,CA,2023-12-19 19:00:00,PAYROLL
EVT00071055,2023-12-04,EMP02674,CC0068,CR,3,Leave Return,,CAD,CA,2023-12-05 01:00:00,PAYROLL
EVT00071686,2023-12-20,EMP00999,CC0086,EC,3,Leave Start,,AED,ARE,2023-12-20 16:00:00,CORE_HR
EVT00069691,2023-12-19,EMP04294,CC0078,IT,3,Performance Pay,9786.21,CAD,CA,2023-12-20 12:00:00,PAYROLL
EVT00070109,2023-12-22,EMP01220,CC0070,AS,4,Leave Start,,CAD,CAN,2023-12-23 05:00:00,CORE_HR
EVT00070417,2023-12-16,EMP02174,CC0117,EN,2,Leave Return,,CAD,CAN,2023-12-17 03:00:00,CORE_HR
EVT00070083,2023-12-09,EMP05055,CC0086,CR,5,Leave Return,,JPY,JPN,2023-12-10 11:00:00,CORE_HR
EVT00070028,2023-12-13,EMP03990,CC0030,PA,4,Lateral Deployment,,SGD,SGP,2023-12-14 00:00:00,CORE_HR
EVT00070259,2023-12-01,EMP00251,CC0084,FI,4,Step Increment,92475.52,CAD,CA,2023-12-02 03:00:00,PAYROLL
EVT00071430,2023-12-05,EMP04358,CC0086,AS,4,Performance Pay,3022.45,GBP,GBR,2023-12-06 07:00:00,CORE_HR
EVT00071016,2023-12-06,EMP03592,CC0101,AS,3,Leave Start,,CAD,CAN,2023-12-06 16:00:00,CORE_HR
EVT00070514,2023-12-01,EMP02692,CC0033,PA,4,Lateral Deployment,,CAD,CA,2023-12-01 12:00:00,PAYROLL
EVT00071491,2023-12-11,EMP03036,CC0114,PA,1,Promotion,62819.21,CAD,CA,2023-12-11 12:00:00,PAYROLL
EVT00069749,2023-12-22,EMP02170,CC0082,EX,2,Leave Start,,CAD,CAN,2023-12-23 14:00:00,CORE_HR
EVT00071397,2023-12-03,EMP03496,CC0033,AS,3,Step Increment,78130.97,CAD,CA,2023-12-04 06:00:00,PAYROLL
EVT00070900,2023-12-21,EMP03861,CC0001,AS,5,Leave Start,,CAD,CAN,2023-12-22 01:00:00,CORE_HR
EVT00070831,2023-12-09,EMP04262,CC0068,AS,3,Step Increment,77616.78,CAD,CAN,2023-12-10 12:00:00,CORE_HR
EVT00070432,2023-12-22,EMP02609,CC0005,PA,2,Performance Pay,8785.7,CAD,CAN,2023-12-23 04:00:00,CORE_HR
EVT00070201,2023-12-26,EMP03157,CC0007,PA,3,Leave Start,,USD,USA,2023-12-26 20:00:00,CORE_HR
EVT00069755,2023-12-01,EMP04561,CC0056,PA,4,Lateral Deployment,,CAD,CAN,2023-12-02 05:00:00,CORE_HR
EVT00070291,2023-12-14,EMP01474,CC0066,PA,3,Leave Return,,CAD,CAN,2023-12-14 13:00:00,CORE_HR
EVT00070584,2023-12-27,EMP00640,CC0024,AS,2,Leave Start,,CAD,CA,2023-12-27 12:00:00,PAYROLL
EVT00071618,2023-12-10,EMP04703,CC0016,EX,1,Leave Start,,CAD,CAN,2023-12-11 13:00:00,CORE_HR
EVT00069845,2023-12-04,EMP00755,CC0039,IT,2,Lateral Deployment,,CAD,CA,2023-12-04 15:00:00,PAYROLL
EVT00069706,2023-12-26,EMP03428,CC0039,PA,2,Lateral Deployment,,CAD,CAN,2023-12-27 01:00:00,CORE_HR
EVT00071414,2023-12-10,EMP01415,CC0035,EX,2,Step Increment,148136.76,CAD,CAN,2023-12-11 10:00:00,CORE_HR
EVT00071347,2023-12-03,EMP05125,CC0013,EN,2,Step Increment,103147.02,CAD,CAN,2023-12-04 08:00:00,CORE_HR
EVT00069893,2023-12-05,EMP01821,CC0108,IT,2,Performance Pay,106227.32,MXN,MX,2023-12-05 06:00:00,PAYROLL
EVT00070798,2023-12-15,EMP03371,CC0022,AS,2,Step Increment,69493.77,CAD,CAN,2023-12-16 03:00:00,CORE_HR
EVT00070010,2023-12-19,EMP03963,CC0024,PA,1,Step Increment,60231.14,CAD,CAN,2023-12-19 15:00:00,CORE_HR
EVT00071037,2023-12-21,EMP03567,CC0071,PA,2,Step Increment,62687.57,CAD,CAN,2023-12-22 05:00:00,CORE_HR
EVT00070939,2023-12-27,EMP00534,CC0086,FI,2,Performance Pay,16677.92,AED,AE,2023-12-27 07:00:00,PAYROLL
EVT00071658,2023-12-12,EMP01124,CC0072,EX,1,Leave Start,,CAD,CAN,2023-12-12 20:00:00,CORE_HR
EVT00071243,2023-12-13,EMP04509,CC0002,PA,3,Leave Start,,CAD,CAN,2023-12-13 20:00:00,CORE_HR
EVT00070218,2023-12-09,EMP02408,CC0012,IT,2,Step Increment,90768.11,CAD,CAN,2023-12-09 20:00:00,CORE_HR
EVT00071128,2023-12-24,EMP04130,CC0058,EC,3,Step Increment,118984.21,CAD,CAN,2023-12-24 15:00:00,CORE_HR
EVT00070532,2023-12-14,EMP03198,CC0096,EX,2,Hire,163756.0,CAD,CAN,2023-12-14 20:00:00,CORE_HR
EVT00069690,2023-12-26,EMP00292,CC0009,EX,1,Hire,118098.05,SGD,SG,2023-12-26 20:00:00,PAYROLL
EVT00069729,2023-12-21,EMP03483,CC0001,EX,3,Performance Pay,21843.26,CAD,CA,2023-12-21 08:00:00,PAYROLL
EVT00070373,2023-12-11,EMP02976,CC0091,PA,1,Lateral Deployment,,CAD,CA,2023-12-12 17:00:00,PAYROLL
EVT00070940,2023-12-11,EMP00578,CC0025,CR,3,Lateral Deployment,,CAD,CA,2023-12-11 07:00:00,PAYROLL
EVT00069978,2023-12-24,EMP00447,CC0047,PA,3,Lateral Deployment,,CAD,CAN,2023-12-24 15:00:00,CORE_HR
EVT00070726,2023-12-23,EMP02140,CC0053,FI,4,Lateral Deployment,,CAD,CA,2023-12-23 18:00:00,PAYROLL
EVT00069659,2023-12-05,EMP04996,CC0026,PA,3,Departure,,CAD,CAN,2023-12-05 12:00:00,CORE_HR
EVT00071393,2023-12-26,EMP00223,CC0068,IT,2,Hire,104124.51,CAD,CA,2023-12-26 13:00:00,PAYROLL
EVT00069894,2023-12-03,EMP03759,CC0025,EC,2,Performance Pay,9395.97,CAD,CAN,2023-12-04 10:00:00,CORE_HR
EVT00069641,2023-12-22,EMP01702,CC0112,IT,1,Step Increment,76592.3,CAD,CA,2023-12-22 20:00:00,PAYROLL
EVT00071398,2023-12-26,EMP04618,CC0095,EC,1,Hire,81935.0,CAD,CA,2023-12-27 07:00:00,PAYROLL
EVT00070633,2023-12-03,EMP04781,CC0074,EN,2,Departure,,MXN,MEX,2023-12-03 12:00:00,CORE_HR
EVT00071085,2023-12-27,EMP03051,CC0094,EN,2,Hire,101037.6,CAD,CA,2023-12-27 23:00:00,PAYROLL
EVT00069882,2023-12-13,EMP01627,CC0064,EC,2,Leave Start,,CAD,CAN,2023-12-13 17:00:00,CORE_HR
EVT00070821,2023-12-25,EMP03160,CC0048,IT,1,Promotion,80923.0,CAD,CA,2023-12-25 11:00:00,PAYROLL
EVT00070462,2023-12-18,EMP02714,CC0105,EX,2,Performance Pay,36628.0,XXX,AE,2023-12-19 14:00:00,PAYROLL
EVT00071104,2023-12-14,EMP00730,CC0043,IT,3,Departure,,CAD,CA,2023-12-14 14:00:00,PAYROLL
EVT00070627,2023-12-06,EMP02573,CC0032,AS,3,Performance Pay,10316.63,CAD,CAN,2023-12-06 17:00:00,CORE_HR
EVT00070827,2023-12-20,EMP01116,CC0065,FI,3,Leave Return,,JPY,JPN,2023-12-21 04:00:00,CORE_HR
EVT00071313,2023-12-22,EMP00674,CC0026,EC,5,Step Increment,136371.85,CAD,CAN,2023-12-23 12:00:00,CORE_HR
EVT00069974,2023-12-03,EMP04299,CC0046,EC,3,Performance Pay,6527.28,XXX,FRA,2023-12-04 14:00:00,CORE_HR
EVT00070829,2023-12-25,EMP05191,CC0027,FI,3,Lateral Deployment,,CAD,CA,2023-12-25 08:00:00,PAYROLL
EVT00070111,2023-12-02,EMP02755,CC0024,EN,5,Performance Pay,7356.83,CAD,CAN,2023-12-03 11:00:00,CORE_HR
EVT00069859,2023-12-16,EMP02144,CC0104,EN,2,Promotion,94373.95,CAD,CAN,2023-12-17 04:00:00,CORE_HR
EVT00069960,2023-12-12,EMP04551,CC0108,PA,2,Lateral Deployment,,INR,IND,2023-12-12 13:00:00,CORE_HR
EVT00070704,2023-12-10,EMP01197,CC0067,IT,4,Hire,121530.77,CAD,CAN,2023-12-11 10:00:00,CORE_HR
EVT00069699,2023-12-24,EMP02024,CC0107,PA,4,Leave Start,,CAD,CA,2023-12-24 11:00:00,PAYROLL
EVT00071493,2023-12-10,EMP04438,CC0001,EN,1,Performance Pay,4071.03,CAD,CA,2023-12-11 05:00:00,PAYROLL
EVT00070204,2023-12-08,EMP01765,CC0048,CR,2,Lateral Deployment,,CAD,CA,2023-12-09 01:00:00,PAYROLL
EVT00070221,2023-12-11,EMP03660,CC0035,CR,1,Leave Return,,CAD,CAN,2023-12-11 06:00:00,CORE_HR
EVT00070656,2023-12-27,EMP04761,CC0086,PA,4,Performance Pay,41812.71,BRL,BRA,2023-12-28 01:00:00,CORE_HR
EVT00070499,2023-12-01,EMP05048,CC0119,IT,1,Promotion,66889.55,CAD,CAN,2023-12-02 15:00:00,CORE_HR
EVT00071346,2023-12-25,EMP04754,CC0017,CR,3,Step Increment,67265.17,CAD,CAN,2023-12-26 11:00:00,CORE_HR
EVT00070220,2023-12-07,EMP04171,CC0120,IT,2,Leave Start,,CAD,CA,2023-12-07 17:00:00,PAYROLL
EVT00069688,2023-12-10,EMP02971,CC0017,IT,2,Promotion,106214.05,CAD,CAN,2023-12-11 05:00:00,CORE_HR
EVT00070813,2023-12-15,EMP04777,CC0056,CR,3,Step Increment,65109.63,CAD,CAN,2023-12-16 09:00:00,CORE_HR
EVT00070137,2023-12-20,EMP01191,CC0031,EC,1,Performance Pay,46027.86,MXN,MEX,2023-12-21 13:00:00,CORE_HR
EVT00069741,2023-12-04,EMP00143,CC0065,EC,4,Lateral Deployment,,MXN,MX,2023-12-05 15:00:00,PAYROLL
EVT00071001,2023-12-04,EMP03177,CC0036,AS,3,Leave Start,,CAD,CA,2023-12-04 09:00:00,PAYROLL
EVT00070415,2023-12-20,EMP01609,CC0017,FI,3,Step Increment,88723.88,CAD,CA,2023-12-21 03:00:00,PAYROLL
EVT00071137,2023-12-03,EMP03043,CC0084,PA,2,Step Increment,74195.5,CAD,CA,2023-12-04 03:00:00,PAYROLL
EVT00070248,2023-12-03,EMP03928,CC0043,EC,3,Lateral Deployment,,CAD,CA,2023-12-04 04:00:00,PAYROLL
EVT00069756,2023-12-09,EMP03084,CC0072,AS,3,Performance Pay,6954.3,CAD,CAN,2023-12-10 11:00:00,CORE_HR
EVT00071403,2023-12-06,EMP05118,CC0018,PA,3,Step Increment,90010.91,CAD,CAN,2023-12-06 12:00:00,CORE_HR
EVT00070981,2023-12-11,EMP00249,CC0012,EX,2,Leave Return,,CAD,CAN,2023-12-11 15:00:00,CORE_HR
EVT00069619,2023-12-24,EMP01993,CC0111,FI,2,Promotion,5456238.12,INR,IN,2023-12-25 01:00:00,PAYROLL
EVT00069793,2023-12-13,EMP02930,CC0050,PA,4,Leave Return,,CAD,CA,2023-12-13 07:00:00,PAYROLL
EVT00070620,2023-12-01,EMP04108,CC0007,CR,1,Hire,42427.89,USD,US,2023-12-01 22:00:00,PAYROLL
EVT00069652,2023-12-24,EMP04174,CC0067,AS,2,Leave Start,,CAD,CA,2023-12-25 05:00:00,PAYROLL
EVT00071112,2023-12-04,EMP00992,CC0004,FI,1,Leave Return,,CAD,CA,2023-12-05 11:00:00,PAYROLL
EVT00071122,2023-12-27,EMP01949,CC0050,PA,2,Performance Pay,8568.23,CAD,CAN,2023-12-27 22:00:00,CORE_HR
EVT00070471,2023-12-15,EMP01816,CC0035,EX,1,Leave Start,,CAD,CA,2023-12-16 12:00:00,PAYROLL
EVT00071298,2023-12-25,EMP02534,CC0011,EX,1,Performance Pay,7616.42,CAD,CA,2023-12-25 23:00:00,PAYROLL
EVT00071492,2023-12-10,EMP04187,CC0030,PA,2,Performance Pay,92669.21,MXN,MX,2023-12-11 11:00:00,PAYROLL
EVT00071281,2023-12-08,EMP02388,CC0052,PA,1,Leave Return,,CAD,CAN,2023-12-08 15:00:00,CORE_HR
EVT00069672,2023-12-27,EMP01400,CC0067,PA,2,Step Increment,67086.01,CAD,CAN,2023-12-28 14:00:00,CORE_HR
EVT00071574,2023-12-26,EMP05040,CC0025,EN,1,Step Increment,82372.84,CAD,CAN,2023-12-26 06:00:00,CORE_HR
EVT00070356,2023-12-02,EMP04109,CC0034,PA,1,Hire,60161.22,CAD,CA,2023-12-02 20:00:00,PAYROLL
EVT00070108,2023-12-19,EMP04937,CC0114,EC,2,Performance Pay,11953.56,CAD,CAN,2023-12-20 15:00:00,CORE_HR
EVT00071450,2023-12-05,EMP01173,CC0061,FI,3,Performance Pay,8482.13,CAD,CAN,2023-12-05 21:00:00,CORE_HR
EVT00071297,2023-12-24,EMP03232,CC0120,IT,2,Departure,,CAD,CAN,2023-12-25 00:00:00,CORE_HR
EVT00070767,2023-12-03,EMP00457,CC0065,FI,5,Leave Start,,MXN,MEX,2023-12-03 20:00:00,CORE_HR
EVT00071164,2023-12-21,EMP02785,CC0082,PA,5,Departure,,CAD,CAN,2023-12-21 20:00:00,CORE_HR
EVT00069970,2023-12-23,EMP04281,CC0067,EC,2,Leave Start,,CAD,CAN,2023-12-24 05:00:00,CORE_HR
EVT00071361,2023-12-17,EMP03273,CC0120,EN,3,Step Increment,111410.17,CAD,CAN,2023-12-17 14:00:00,CORE_HR
EVT00070853,2023-12-27,EMP02801,CC0053,FI,3,Step Increment,91980.41,CAD,CAN,2023-12-27 16:00:00,CORE_HR
EVT00070661,2023-12-09,EMP03687,CC0017,CR,3,Performance Pay,2668.43,CAD,CAN,2023-12-09 12:00:00,CORE_HR
EVT00071687,2023-12-25,EMP00265,CC0085,EC,3,Promotion,102072.09,CAD,CAN,2023-12-25 16:00:00,CORE_HR
EVT00070932,2023-12-19,EMP02912,CC0036,CR,4,Lateral Deployment,,CAD,CA,2023-12-20 10:00:00,PAYROLL
EVT00070947,2023-12-22,EMP04676,CC0098,IT,1,Step Increment,75943.16,CAD,CA,2023-12-22 17:00:00,PAYROLL
EVT00070107,2023-12-20,EMP04003,CC0042,PA,4,Step Increment,94622.08,CAD,CA,2023-12-20 21:00:00,PAYROLL
EVT00070056,2023-12-13,EMP03782,CC0048,EX,1,Lateral Deployment,,CAD,CAN,2023-12-13 14:00:00,CORE_HR
EVT00070163,2023-12-17,EMP04206,CC0110,PA,3,Departure,,CAD,CAN,2023-12-17 22:00:00,CORE_HR
EVT00070762,2023-12-15,EMP01466,CC0105,IT,1,Step Increment,61605.62,SGD,SGP,2023-12-16 09:00:00,CORE_HR
EVT00069889,2023-12-23,EMP04123,CC0017,PA,5,Performance Pay,11017.76,CAD,CAN,2023-12-23 07:00:00,CORE_HR
EVT00069965,2023-12-03,EMP02832,CC0106,EX,2,Step Increment,145113.43,CAD,CAN,2023-12-04 13:00:00,CORE_HR
EVT00070102,2023-12-26,EMP02397,CC0040,PA,1,Performance Pay,8647.56,CAD,CA,2023-12-26 14:00:00,PAYROLL
EVT00071303,2023-12-04,EMP02072,CC0090,PA,2,Performance Pay,5911.64,CAD,CA,2023-12-05 14:00:00,PAYROLL
EVT00069936,2023-12-23,EMP02811,CC0023,IT,2,Leave Return,,CAD,CA,2023-12-24 08:00:00,PAYROLL
EVT00071621,2023-12-27,EMP02271,CC0030,PA,2,Departure,,BRL,BRA,2023-12-27 23:00:00,CORE_HR
EVT00069899,2023-12-08,EMP04553,CC0006,AS,2,Step Increment,70941.57,CAD,CA,2023-12-08 15:00:00,PAYROLL
EVT00071142,2023-12-18,EMP00371,CC0093,AS,5,Step Increment,88402.02,CAD,CA,2023-12-18 15:00:00,PAYROLL
EVT00070894,2023-12-17,EMP01377,CC0064,FI,2,Step Increment,106606.1,CAD,CAN,2023-12-18 01:00:00,CORE_HR
EVT00070285,2023-12-05,EMP02086,CC0058,PA,1,Step Increment,66177.15,CAD,CA,2023-12-06 01:00:00,PAYROLL
EVT00069609,2023-12-22,EMP03724,CC0082,EN,1,Step Increment,65779.68,CAD,CAN,2023-12-22 08:00:00,CORE_HR
EVT00069952,2023-12-25,EMP04290,CC0008,CR,3,Performance Pay,8979.46,CAD,CAN,2023-12-25 07:00:00,CORE_HR
EVT00071235,2023-12-17,EMP01961,CC0013,PA,1,Departure,,CAD,CAN,2023-12-18 03:00:00,CORE_HR
EVT00069653,2023-12-09,EMP00438,CC0108,EX,1,Promotion,82934.5,GBP,GBR,2023-12-10 15:00:00,CORE_HR
EVT00070086,2023-12-25,EMP04316,CC0049,PA,2,Hire,-54842.34,EUR,DE,2023-12-25 18:00:00,PAYROLL
EVT00070568,2023-12-17,EMP02850,CC0058,EX,3,Performance Pay,7361.21,CAD,CAN,2023-12-18 09:00:00,CORE_HR
EVT00069850,2023-12-02,EMP03861,CC0001,AS,5,Leave Start,,CAD,CAN,2023-12-02 06:00:00,CORE_HR
EVT00070069,2023-12-05,EMP01217,CC0005,IT,2,Hire,106569.45,CAD,CA,2023-12-05 09:00:00,PAYROLL
EVT00071387,2023-12-08,EMP04549,CC0050,IT,1,Step Increment,84504.4,CAD,CAN,2023-12-08 12:00:00,CORE_HR
EVT00071255,2023-12-13,EMP03697,CC0006,PA,2,Leave Return,,CAD,CAN,2023-12-13 14:00:00,CORE_HR
EVT00070144,2023-12-13,EMP05060,CC0090,PA,3,Departure,,CAD,CA,2023-12-14 08:00:00,PAYROLL
EVT00070207,2023-12-21,EMP04088,CC0053,PA,2,Leave Return,,CAD,CAN,2023-12-22 09:00:00,CORE_HR
EVT00070996,2023-12-08,EMP02501,CC0002,EN,2,Step Increment,101751.78,CAD,CA,2023-12-08 12:00:00,PAYROLL
EVT00070728,2023-12-10,EMP05166,CC0011,FI,1,Leave Return,,CAD,CAN,2023-12-10 20:00:00,CORE_HR
EVT00071088,2023-12-12,EMP05161,CC0006,IT,5,Step Increment,145432.46,CAD,CAN,2023-12-13 13:00:00,CORE_HR
EVT00070282,2023-12-04,EMP04524,CC0010,EX,1,Performance Pay,14067.71,CAD,CA,2023-12-04 23:00:00,PAYROLL
EVT00070252,2023-12-16,EMP04399,CC0102,EN,4,Hire,126758.02,CAD,CA,2023-12-16 10:00:00,PAYROLL
EVT00070374,2023-12-25,EMP02140,CC0053,FI,4,Step Increment,106991.23,CAD,CAN,2023-12-26 11:00:00,CORE_HR
EVT00070846,2023-12-16,EMP05174,CC0092,PA,3,Leave Return,,CAD,CAN,2023-12-16 21:00:00,CORE_HR
EVT00070463,2023-12-16,EMP04550,CC0019,IT,5,Step Increment,135304.44,CAD,CAN,2023-12-16 11:00:00,CORE_HR
EVT00070852,2023-12-08,EMP02120,CC0008,IT,4,Step Increment,122175.01,CAD,CAN,2023-12-09 05:00:00,CORE_HR
EVT00070881,2023-12-25,EMP03088,CC0101,IT,2,Performance Pay,4515.02,CAD,CA,2023-12-25 13:00:00,PAYROLL
EVT00070521,2023-12-18,EMP04908,CC0011,PA,2,Hire,53559.52,CAD,CA,2023-12-18 10:00:00,PAYROLL
EVT00070367,2023-12-09,EMP04225,CC0077,CR,5,Leave Start,,CAD,CA,2023-12-10 02:00:00,PAYROLL
EVT00070032,2023-12-18,EMP03497,CC0043,PA,3,Performance Pay,4248.5,CAD,CA,2023-12-18 07:00:00,PAYROLL
EVT00071061,2023-12-18,EMP04391,CC0118,PA,5,Lateral Deployment,,CAD,CAN,2023-12-21 11:00:00,CORE_HR
EVT00069624,2023-12-27,EMP02168,CC0001,AS,1,Performance Pay,7634.9,CAD,CAN,2023-12-27 19:00:00,CORE_HR
EVT00070347,2023-12-27,EMP00978,CC0117,FI,3,Lateral Deployment,,CAD,CAN,2023-12-30 19:00:00,CORE_HR
EVT00069608,2023-12-03,EMP05113,CC0080,EC,4,Lateral Deployment,,KES,KEN,2023-12-04 09:00:00,CORE_HR
EVT00071339,2023-12-14,EMP01083,CC0106,EN,3,Lateral Deployment,,CAD,CAN,2023-12-15 15:00:00,CORE_HR
EVT00070161,2023-12-03,EMP02512,CC0049,EN,3,Step Increment,442091.25,BRL,BRA,2023-12-03 16:00:00,CORE_HR
EVT00070318,2023-12-01,EMP03341,CC0074,PA,2,Leave Start,,USD,USA,2023-12-02 12:00:00,CORE_HR
EVT00070796,2023-12-08,EMP03246,CC0037,IT,3,Step Increment,119183.01,CAD,CAN,2023-12-09 04:00:00,CORE_HR
EVT00070013,2023-12-14,EMP02813,CC0005,CR,3,Step Increment,67612.21,CAD,CA,2023-12-15 03:00:00,PAYROLL
EVT00071639,2023-12-10,EMP01402,CC0099,EN,3,Step Increment,114337.59,CAD,CAN,2023-12-10 19:00:00,CORE_HR
EVT00070073,2023-12-10,EMP01932,CC0116,IT,4,Step Increment,97355.58,CAD,CA,2023-12-11 07:00:00,PAYROLL
EVT00070419,2023-12-16,EMP03122,CC0058,EN,2,Step Increment,126406.91,CAD,CA,2023-12-17 05:00:00,PAYROLL
EVT00070550,2023-12-18,EMP03353,CC0070,FI,3,Step Increment,93866.95,CAD,CA,2023-12-18 11:00:00,PAYROLL
EVT00070434,2023-12-08,EMP04200,CC0049,AS,3,Step Increment,61876.31,USD,USA,2023-12-09 00:00:00,CORE_HR
EVT00071253,2023-12-05,EMP03035,CC0086,EN,1,Hire,98454.78,AUD,AU,2023-12-05 08:00:00,PAYROLL
EVT00070321,2023-12-01,EMP00484,CC0027,IT,2,Leave Return,,CAD,CAN,2023-12-01 15:00:00,CORE_HR
EVT00070744,2023-12-10,EMP02877,CC0029,EN,4,Promotion,71200.51,GBP,GBR,2023-12-10 20:00:00,CORE_HR
EVT00071101,2023-12-05,EMP02492,CC0089,PA,2,Performance Pay,6146.72,CAD,CA,2023-12-05 14:00:00,PAYROLL
EVT00071042,2023-12-12,EMP01612,CC0107,PA,2,Step Increment,70366.58,CAD,CA,2023-12-13 11:00:00,PAYROLL
EVT00071129,2023-12-20,EMP03637,CC0065,EN,5,Leave Return,,AUD,AU,2023-12-21 09:00:00,PAYROLL
EVT00071068,2023-12-22,EMP01579,CC0075,AS,2,Leave Return,,CAD,CA,2023-12-22 18:00:00,PAYROLL
EVT00070965,2023-12-24,EMP00152,CC0057,FI,4,Leave Start,,CAD,CA,2023-12-24 10:00:00,PAYROLL
EVT00071447,2023-12-27,EMP03952,CC0073,EX,1,Leave Return,,CAD,CA,2023-12-28 06:00:00,PAYROLL
EVT00071316,2023-12-05,EMP04256,CC0074,EN,3,Step Increment,83647.56,EUR,DE,2023-12-06 13:00:00,PAYROLL
EVT00070082,2023-12-05,EMP02456,CC0028,PA,4,Performance Pay,12263.59,CAD,CA,2023-12-05 16:00:00,PAYROLL
EVT00071067,2023-12-07,EMP05149,CC0048,EN,3,Promotion,109251.87,CAD,CAN,2023-12-08 07:00:00,CORE_HR
EVT00070024,2023-12-12,EMP03574,CC0081,PA,2,Step Increment,77134.59,CAD,CA,2023-12-12 19:00:00,PAYROLL
EVT00071433,2023-12-24,EMP02400,CC0069,EX,1,Departure,,CAD,CAN,2023-12-25 12:00:00,CORE_HR
EVT00069991,2023-12-09,EMP00602,CC0057,EN,3,Performance Pay,10800.68,CAD,CAN,2023-12-10 07:00:00,CORE_HR
EVT00070668,2023-12-14,EMP02311,CC0060,FI,1,Step Increment,69791.47,CAD,CA,2023-12-14 23:00:00,PAYROLL
EVT00070512,2023-12-07,EMP00926,CC0007,CR,1,Step Increment,44387.02,SGD,SG,2023-12-07 21:00:00,PAYROLL
EVT00070933,2023-12-01,EMP02170,CC0082,EX,2,Promotion,128886.41,CAD,CAN,2023-12-03 04:00:00,CORE_HR
EVT00070733,2023-12-19,EMP00620,CC0025,IT,2,Leave Start,,CAD,CAN,2023-12-20 04:00:00,CORE_HR
EVT00071610,2023-12-10,EMP00689,CC0023,PA,2,Step Increment,73430.07,CAD,CAN,2023-12-11 11:00:00,CORE_HR
EVT00070277,2023-12-17,EMP02384,CC0074,EN,1,Step Increment,248850.79,AED,AE,2023-12-18 10:00:00,PAYROLL
EVT00071461,2023-12-20,EMP01408,CC0108,FI,1,Step Increment,8950619.83,KES,KE,2023-12-21 08:00:00,PAYROLL
EVT00071163,2023-12-14,EMP03241,CC0007,IT,1,Step Increment,340435.68,BRL,BRA,2023-12-15 03:00:00,CORE_HR
EVT00070465,2023-12-20,EMP01669,CC0108,EX,2,Leave Return,,USD,US,2023-12-20 19:00:00,PAYROLL
EVT00070492,2023-12-25,EMP04932,CC0047,PA,4,Step Increment,95801.75,CAD,CA,2023-12-25 23:00:00,PAYROLL
EVT00070188,2023-12-16,EMP01315,CC0107,IT,3,Lateral Deployment,,CAD,CA,2023-12-17 04:00:00,PAYROLL
EVT00071690,2023-12-23,EMP03966,CC0050,EC,2,Step Increment,92066.06,CAD,CAN,2023-12-24 12:00:00,CORE_HR
EVT00071681,2023-12-03,EMP01059,CC0108,PA,1,Promotion,54262.4,SGD,SG,2023-12-03 11:00:00,PAYROLL
EVT00070361,2023-12-21,EMP01664,CC0087,FI,3,Leave Start,,CAD,CA,2023-12-22 01:00:00,PAYROLL
EVT00071323,2023-12-05,EMP02178,CC0056,PA,1,Performance Pay,8718.58,CAD,CA,2023-12-05 06:00:00,PAYROLL
EVT00071482,2023-12-17,EMP00127,CC0047,PA,1,Leave Start,,CAD,CAN,2023-12-17 19:00:00,CORE_HR
EVT00069693,2023-12-04,EMP02222,CC0020,EN,2,Performance Pay,13734.53,CAD,CA,2023-12-05 09:00:00,PAYROLL
EVT00069912,2023-12-26,EMP03455,CC0081,EN,3,Step Increment,102580.7,CAD,CAN,2023-12-27 05:00:00,CORE_HR
EVT00070329,2023-12-14,EMP03452,CC0089,CR,4,Lateral Deployment,,CAD,CAN,2023-12-14 06:00:00,CORE_HR
EVT00070299,2023-12-13,EMP03850,CC0024,PA,3,Step Increment,83082.34,CAD,CAN,2023-12-14 10:00:00,CORE_HR
EVT00070663,2023-12-12,EMP03807,CC0031,AS,2,Step Increment,57897.77,EUR,FRA,2023-12-13 08:00:00,CORE_HR
EVT00069810,2023-12-06,EMP00190,CC0103,EN,1,Lateral Deployment,,CAD,CAN,2023-12-06 12:00:00,CORE_HR
EVT00070579,2023-12-07,EMP03528,CC0103,FI,2,Step Increment,90809.66,CAD,CAN,2023-12-07 21:00:00,CORE_HR
EVT00071609,2023-12-19,EMP05158,CC0105,EC,3,Departure,,AED,ARE,2023-12-19 21:00:00,CORE_HR
EVT00070384,2023-12-26,EMP03286,CC0025,IT,5,Leave Return,,CAD,CAN,2023-12-26 13:00:00,CORE_HR
EVT00070544,2023-12-10,EMP02072,CC0090,PA,2,Performance Pay,6121.8,CAD,CA,2023-12-11 14:00:00,PAYROLL
EVT00069614,2023-12-23,EMP03679,CC0103,FI,2,Leave Start,,CAD,CA,2023-12-23 11:00:00,PAYROLL
EVT00070206,2023-12-15,EMP03417,CC0094,AS,4,Step Increment,86799.42,CAD,CAN,2023-12-16 11:00:00,CORE_HR
EVT00071535,2023-12-19,EMP05103,CC0063,CR,3,Performance Pay,2968.84,CAD,CA,2023-12-19 16:00:00,PAYROLL
EVT00071575,2023-12-13,EMP03360,CC0119,FI,1,Step Increment,81181.71,CAD,CAN,2023-12-14 12:00:00,CORE_HR
EVT00070652,2023-12-15,EMP02280,CC0052,FI,2,Leave Return,,CAD,CAN,2023-12-15 08:00:00,CORE_HR
EVT00070869,2023-12-04,EMP00839,CC0031,CR,3,Lateral Deployment,,JPY,JPN,2023-12-04 20:00:00,CORE_HR
EVT00070442,2023-12-20,EMP02985,CC0083,AS,1,Lateral Deployment,,CAD,CAN,2023-12-21 13:00:00,CORE_HR
EVT00071071,2023-12-25,EMP02483,CC0111,EX,2,Performance Pay,17294.83,EUR,FR,2023-12-25 19:00:00,PAYROLL
EVT00070187,2023-12-24,EMP03907,CC0011,EC,4,Performance Pay,8626.9,CAD,CAN,2023-12-25 00:00:00,CORE_HR
EVT00070196,2023-12-20,EMP00875,CC0008,CR,1,Hire,51995.28,CAD,CAN,2023-12-20 16:00:00,CORE_HR
EVT00070175,2023-12-12,EMP00501,CC0006,FI,1,Leave Return,,CAD,CAN,2023-12-12 08:00:00,CORE_HR
EVT00070660,2023-12-11,EMP00532,CC0116,EC,3,Promotion,100171.99,CAD,CA,2023-12-12 13:00:00,PAYROLL
EVT00071607,2023-12-14,EMP02317,CC0108,FI,4,Performance Pay,3854.48,GBP,GBR,2023-12-15 15:00:00,CORE_HR
EVT00071682,2023-12-22,EMP02997,CC0085,FI,4,Departure,,CAD,CAN,2023-12-22 09:00:00,CORE_HR
EVT00070606,2023-12-25,EMP03779,CC0032,PA,3,Step Increment,62182.9,CAD,CA,2023-12-26 03:00:00,PAYROLL
EVT00070556,2023-12-11,EMP02428,CC0078,AS,4,Departure,,CAD,CAN,2023-12-12 04:00:00,CORE_HR
EVT00071358,2023-12-09,EMP04255,CC0100,EX,1,Leave Start,,CAD,CA,2023-12-10 07:00:00,PAYROLL
EVT00071017,2023-12-05,EMP01262,CC0090,CR,2,Leave Start,,CAD,CAN,2023-12-05 08:00:00,CORE_HR
EVT00070246,2023-12-05,EMP03424,CC0052,EN,4,Step Increment,161160.11,CAD,CAN,2023-12-05 07:00:00,CORE_HR
EVT00070741,2023-12-18,EMP00485,CC0101,PA,3,Step Increment,78624.74,CAD,CA,2023-12-18 12:00:00,PAYROLL
EVT00071502,2023-12-10,EMP03195,CC0105,IT,1,Leave Return,,SGD,SG,2023-12-11 04:00:00,PAYROLL
EVT00070948,2023-12-11,EMP01283,CC0089,AS,3,Performance Pay,7544.7,CAD,CA,2023-12-14 14:00:00,PAYROLL
EVT00071148,2023-12-10,EMP00828,CC0039,EC,2,Hire,80845.81,CAD,CAN,2023-12-11 13:00:00,CORE_HR
EVT00071598,2023-12-14,EMP00085,CC0009,IT,2,Leave Return,,BRL,BRA,2023-12-14 21:00:00,CORE_HR
EVT00070358,2023-12-01,EMP02623,CC0047,IT,1,Lateral Deployment,,CAD,CAN,2023-12-02 02:00:00,CORE_HR
EVT00070953,2023-12-16,EMP03875,CC0105,IT,4,Leave Start,,MXN,MEX,2023-12-16 08:00:00,CORE_HR
EVT00071578,2023-12-23,EMP03981,CC0036,IT,1,Promotion,85766.61,CAD,CA,2023-12-23 06:00:00,PAYROLL
EVT00070064,2023-12-03,EMP04503,CC0081,FI,1,Leave Start,,CAD,CAN,2023-12-04 13:00:00,CORE_HR
EVT00070372,2023-12-02,EMP02851,CC0098,AS,2,Leave Return,,CAD,CAN,2023-12-03 12:00:00,CORE_HR
EVT00071580,2023-12-08,EMP03173,CC0041,EC,1,Step Increment,78860.93,CAD,CAN,2023-12-09 04:00:00,CORE_HR
EVT00071207,2023-12-08,EMP02517,CC0053,AS,3,Step Increment,78778.42,CAD,CAN,2023-12-08 16:00:00,CORE_HR
EVT00071418,2023-12-04,EMP00864,CC0068,IT,2,Step Increment,103170.55,CAD,CAN,2023-12-08 01:00:00,CORE_HR
EVT00070844,2023-12-02,EMP01816,CC0035,EX,1,Performance Pay,14401.89,CAD,CAN,2023-12-02 18:00:00,CORE_HR
EVT00070982,2023-12-02,EMP01241,CC0049,PA,4,Leave Start,,BRL,BR,2023-12-03 11:00:00,PAYROLL
EVT00070393,2023-12-10,EMP02622,CC0019,PA,1,Leave Start,,CAD,CA,2023-12-10 13:00:00,PAYROLL
EVT00070303,2023-12-10,EMP00036,CC0111,PA,3,Performance Pay,847030.46,JPY,JPN,2023-12-11 00:00:00,CORE_HR
EVT00071089,2023-12-16,EMP01902,CC0031,IT,1,Leave Return,,GBP,GB,2023-12-16 12:00:00,PAYROLL
EVT00069708,2023-12-16,EMP00779,CC0104,EC,2,Departure,,CAD,CA,2023-12-17 05:00:00,PAYROLL
EVT00070079,2023-12-15,EMP01971,CC0060,IT,1,Step Increment,75942.22,CAD,CAN,2023-12-16 14:00:00,CORE_HR
EVT00070946,2023-12-10,EMP02863,CC0071,PA,3,Step Increment,77429.21,CAD,CAN,2023-12-10 10:00:00,CORE_HR
EVT00070380,2023-12-19,EMP00147,CC0042,FI,2,Performance Pay,6096.43,CAD,CAN,2023-12-20 12:00:00,CORE_HR
EVT00071320,2023-12-14,EMP03335,CC0003,IT,2,Lateral Deployment,,CAD,CAN,2023-12-15 08:00:00,CORE_HR
EVT00070670,2023-12-21,EMP05039,CC0041,PA,3,Lateral Deployment,,CAD,CA,2023-12-22 06:00:00,PAYROLL
EVT00070537,2023-12-12,EMP01520,CC0010,PA,2,Step Increment,70850.03,CAD,CAN,2023-12-12 20:00:00,CORE_HR
EVT00069831,2023-12-02,EMP04157,CC0010,EX,2,Step Increment,165944.7,CAD,CAN,2023-12-03 09:00:00,CORE_HR
EVT00070540,2023-12-01,EMP02276,CC0099,IT,2,Performance Pay,6317.77,CAD,CA,2023-12-02 05:00:00,PAYROLL
EVT00071457,2023-12-07,EMP03991,CC0035,PA,1,Promotion,60685.25,CAD,CAN,2023-12-07 07:00:00,CORE_HR
EVT00070520,2023-12-23,EMP01206,CC0109,EN,3,Step Increment,120482.85,CAD,CAN,2023-12-23 13:00:00,CORE_HR
EVT00070835,2023-12-19,EMP04084,CC0003,EC,2,Leave Start,,CAD,CAN,2023-12-20 08:00:00,CORE_HR
EVT00070700,2023-12-13,EMP02163,CC0030,PA,1,Performance Pay,34903.79,BRL,BR,2023-12-13 21:00:00,PAYROLL
EVT00070410,2023-12-03,EMP00607,CC0094,EN,2,Step Increment,115193.98,CAD,CAN,2023-12-04 11:00:00,CORE_HR
EVT00069784,2023-12-08,EMP03875,CC0105,IT,4,Lateral Deployment,,INR,IN,2023-12-09 05:00:00,PAYROLL
EVT00071671,2023-12-23,EMP00656,CC0003,PA,3,Performance Pay,5483.84,CAD,CAN,2023-12-24 12:00:00,CORE_HR
EVT00069606,2023-12-15,EMP01049,CC0053,AS,4,Step Increment,79171.77,CAD,CA,2023-12-16 06:00:00,PAYROLL
EVT00071312,2023-12-26,EMP00920,CC0048,AS,5,Step Increment,79885.37,CAD,CA,2023-12-26 13:00:00,PAYROLL
EVT00070801,2023-12-10,EMP00607,CC0094,EN,2,Hire,105843.9,CAD,CA,2023-12-10 17:00:00,PAYROLL
EVT00070504,2023-12-15,EMP04556,CC0099,PA,3,Leave Start,,CAD,CA,2023-12-16 08:00:00,PAYROLL
EVT00069632,2023-12-12,EMP00584,CC0078,AS,1,Leave Return,,CAD,CAN,2023-12-12 06:00:00,CORE_HR
EVT00071096,2023-12-08,EMP04269,CC0020,CR,2,Hire,57594.58,CAD,CA,2023-12-08 20:00:00,PAYROLL
EVT00070753,2023-12-11,EMP01187,CC0002,AS,3,Step Increment,79190.27,CAD,CAN,2023-12-12 09:00:00,CORE_HR
EVT00071158,2023-12-17,EMP00453,CC0063,EN,1,Promotion,86070.63,CAD,CAN,2023-12-18 13:00:00,CORE_HR
EVT00071340,2023-12-22,EMP02219,CC0063,EX,1,Performance Pay,11591.2,CAD,CA,2023-12-22 19:00:00,PAYROLL
EVT00070783,2023-12-13,EMP03025,CC0108,IT,5,Leave Start,,BRL,BRA,2023-12-13 22:00:00,CORE_HR
EVT00070021,2023-12-10,EMP02618,CC0037,EN,4,Step Increment,115576.86,CAD,CAN,2023-12-11 00:00:00,CORE_HR
EVT00071083,2023-12-11,EMP02075,CC0113,EN,5,Step Increment,127570.29,CAD,CA,2023-12-11 12:00:00,PAYROLL
EVT00070090,2023-12-18,EMP01520,CC0010,PA,2,Leave Return,,CAD,CAN,2023-12-19 11:00:00,CORE_HR
EVT00070840,2023-12-12,EMP00668,CC0108,AS,1,Hire,3580059.19,INR,IND,2023-12-12 09:00:00,CORE_HR
EVT00071058,2023-12-18,EMP04450,CC0016,EC,4,Departure,,CAD,CA,2023-12-19 13:00:00,PAYROLL
EVT00071596,2023-12-14,EMP03897,CC0116,IT,3,Hire,84902.86,CAD,CAN,2023-12-15 01:00:00,CORE_HR
EVT00069731,2023-12-06,EMP03074,CC0075,PA,2,Lateral Deployment,,CAD,CAN,2023-12-06 21:00:00,CORE_HR
EVT00070388,2023-12-26,EMP00643,CC0120,EN,3,Step Increment,104913.86,CAD,CAN,2023-12-26 20:00:00,CORE_HR
EVT00071179,2023-12-17,EMP04554,CC0002,CR,4,Step Increment,78440.57,CAD,CA,2023-12-18 05:00:00,PAYROLL
EVT00071201,2023-12-18,EMP00279,CC0116,EN,3,Promotion,112609.33,CAD,CA,2023-12-18 09:00:00,PAYROLL
EVT00071039,2023-12-11,EMP01302,CC0004,EN,1,Step Increment,81077.92,CAD,CAN,2023-12-11 08:00:00,CORE_HR
EVT00069626,2023-12-09,EMP02570,CC0101,PA,4,Leave Return,,CAD,CA,2023-12-10 10:00:00,PAYROLL
EVT00070925,2023-12-21,EMP01280,CC0072,EX,1,Lateral Deployment,,CAD,CA,2023-12-21 07:00:00,PAYROLL
EVT00071165,2023-12-03,EMP01277,CC0017,PA,3,Leave Return,,CAD,CA,2023-12-04 03:00:00,PAYROLL
EVT00070318,2023-12-01,EMP03341,CC0074,PA,2,Leave Start,,USD,USA,2023-12-01 09:00:00,CORE_HR
EVT00070740,2023-12-24,EMP00607,CC0094,EN,2,Step Increment,107576.64,CAD,CAN,2023-12-25 00:00:00,CORE_HR
EVT00070333,2023-12-04,EMP00085,CC0009,IT,2,Performance Pay,13724.3,AED,AE,2023-12-05 01:00:00,PAYROLL
EVT00070713,2023-12-23,EMP02765,CC0076,AS,4,Departure,,CAD,CA,2023-12-24 04:00:00,PAYROLL
EVT00071331,2023-12-17,EMP04296,CC0076,IT,1,Hire,77749.96,CAD,CAN,2023-12-18 10:00:00,CORE_HR
EVT00070593,2023-12-24,EMP04114,CC0079,EX,2,Step Increment,152161.57,CAD,CA,2023-12-24 08:00:00,PAYROLL
EVT00071512,2023-12-20,EMP03979,CC0037,IT,3,Performance Pay,5665.24,CAD,CAN,2023-12-21 11:00:00,CORE_HR
EVT00070879,2023-12-10,EMP01742,CC0097,FI,2,Step Increment,87457.79,CAD,CA,2023-12-10 12:00:00,PAYROLL
EVT00070875,2023-12-07,EMP00972,CC0044,EN,1,Step Increment,93604.27,CAD,CA,2023-12-08 00:00:00,PAYROLL
EVT00070684,2023-12-23,EMP03318,CC0084,PA,3,Leave Return,,CAD,CA,2023-12-24 10:00:00,PAYROLL
EVT00071661,2023-12-16,EMP00738,CC0061,EX,1,Leave Return,,CAD,CAN,2023-12-17 04:00:00,CORE_HR
EVT00069951,2023-12-15,EMP00833,CC0112,EN,1,Hire,77917.18,CAD,CA,2023-12-16 02:00:00,PAYROLL
EVT00070387,2023-12-09,EMP04860,CC0116,FI,3,Lateral Deployment,,CAD,CAN,2023-12-09 09:00:00,CORE_HR
EVT00069931,2023-12-09,EMP04920,CC0086,PA,2,Performance Pay,33576.59,BRL,BR,2023-12-09 10:00:00,PAYROLL
EVT00070779,2023-12-06,EMP00821,CC0003,PA,1,Leave Start,,CAD,CA,2023-12-06 11:00:00,PAYROLL
EVT00070477,2023-12-11,EMP02805,CC0011,EN,1,Step Increment,83430.04,CAD,CAN,2023-12-12 15:00:00,CORE_HR
EVT00071634,2023-12-27,EMP02533,CC0051,EC,2,Lateral Deployment,,CAD,CA,2023-12-28 15:00:00,PAYROLL
EVT00070195,2023-12-27,EMP00832,CC0055,AS,3,Performance Pay,7800.36,CAD,CAN,2023-12-28 05:00:00,CORE_HR
EVT00071046,2023-12-06,EMP04040,CC0045,EX,2,Performance Pay,21025.76,CAD,CAN,2023-12-07 08:00:00,CORE_HR
EVT00070096,2023-12-07,EMP02816,CC0081,FI,3,Step Increment,75679.28,CAD,CAN,2023-12-08 14:00:00,CORE_HR
EVT00071230,2023-12-25,EMP01151,CC0107,EN,2,Step Increment,96884.8,CAD,CAN,2023-12-25 22:00:00,CORE_HR
EVT00070341,2023-12-07,EMP05170,CC0096,CR,1,Lateral Deployment,,CAD,CAN,2023-12-08 08:00:00,CORE_HR
EVT00071668,2023-12-23,EMP02912,CC0036,CR,4,Step Increment,70868.39,CAD,CAN,2023-12-23 17:00:00,CORE_HR
EVT00071111,2023-12-06,EMP02299,CC0049,PA,3,Hire,69850.47,EUR,DEU,2023-12-07 01:00:00,CORE_HR
EVT00071328,2023-12-01,EMP01124,CC0072,EX,1,Step Increment,146761.74,CAD,CAN,2023-12-01 16:00:00,CORE_HR
EVT00070249,2023-12-13,EMP02917,CC0013,FI,2,Leave Start,,CAD,CAN,2023-12-13 21:00:00,CORE_HR
EVT00071180,2023-12-02,EMP03514,CC0092,AS,1,Step Increment,51147.95,CAD,CAN,2023-12-02 15:00:00,CORE_HR
EVT00071182,2023-12-11,EMP03435,CC0021,IT,3,Step Increment,114435.62,CAD,CA,2023-12-12 15:00:00,PAYROLL
EVT00070871,2023-12-19,EMP02693,CC0011,PA,3,Leave Start,,CAD,CA,2023-12-19 06:00:00,PAYROLL
EVT00069996,2023-12-09,EMP99999,CC0016,FI,5,Hire,125092.62,CAD,CAN,2023-12-09 08:00:00,CORE_HR
EVT00071189,2023-12-06,EMP00126,CC0058,IT,3,Step Increment,115143.5,CAD,CA,2023-12-06 11:00:00,PAYROLL
EVT00069727,2023-12-21,EMP02374,CC0043,IT,1,Step Increment,90410.59,CAD,CAN,2023-12-21 07:00:00,CORE_HR
EVT00071007,2023-12-04,EMP05076,CC0092,IT,2,Step Increment,95861.65,CAD,CAN,2023-12-05 03:00:00,CORE_HR
EVT00071160,2023-12-03,EMP05055,CC0086,CR,5,Lateral Deployment,,AUD,AU,2023-12-04 01:00:00,PAYROLL
EVT00069854,2023-12-06,EMP02425,CC0113,EX,2,Hire,170621.53,CAD,CAN,2023-12-06 16:00:00,CORE_HR
EVT00070260,2023-12-07,EMP01854,CC0072,IT,4,Leave Start,,CAD,CA,2023-12-07 07:00:00,PAYROLL
EVT00070581,2023-12-23,EMP02559,CC0104,EX,1,Lateral Deployment,,CAD,CAN,2023-12-24 00:00:00,CORE_HR
EVT00071345,2023-12-17,EMP04394,CC0045,IT,1,Step Increment,79190.64,CAD,CA,2023-12-17 06:00:00,PAYROLL
EVT00070855,2023-12-26,EMP03033,CC0057,IT,5,Step Increment,146621.21,CAD,CAN,2023-12-27 05:00:00,CORE_HR
EVT00071545,2023-12-02,EMP03788,CC0105,PA,1,Performance Pay,4771.57,GBP,GBR,2023-12-02 20:00:00,CORE_HR
EVT00071576,2023-12-02,EMP99999,CC0092,IT,4,Step Increment,108317.66,CAD,CAN,2023-12-03 10:00:00,CORE_HR
EVT00069917,2023-12-05,EMP04887,CC0008,EX,1,Departure,,CAD,CA,2023-12-06 04:00:00,PAYROLL
EVT00071102,2023-12-16,EMP00695,CC0087,EC,4,Lateral Deployment,,CAD,CAN,2023-12-17 12:00:00,CORE_HR
EVT00071051,2023-12-04,EMP02548,CC0117,AS,4,Performance Pay,9884.97,CAD,CAN,2023-12-04 08:00:00,CORE_HR
EVT00070411,2023-12-10,EMP00750,CC0022,AS,1,Leave Start,,CAD,CA,2023-12-11 07:00:00,PAYROLL
EVT00069611,2023-12-01,EMP01717,CC0096,EX,2,Step Increment,171356.03,CAD,CAN,2023-12-02 00:00:00,CORE_HR
EVT00070243,2023-12-15,EMP01045,CC0078,PA,4,Departure,,CAD,CAN,2023-12-16 14:00:00,CORE_HR
EVT00070878,2023-12-14,EMP02762,CC0032,EN,1,Step Increment,78320.0,CAD,CAN,2023-12-15 08:00:00,CORE_HR
EVT00070635,2023-12-03,EMP04698,CC0005,PA,1,Leave Start,,CAD,CAN,2023-12-03 08:00:00,CORE_HR
EVT00071279,2023-12-10,EMP01579,CC0075,AS,2,Step Increment,64457.74,CAD,CA,2023-12-12 10:00:00,PAYROLL
EVT00070856,2023-12-23,EMP01916,CC0038,CR,1,Lateral Deployment,,CAD,CA,2023-12-24 06:00:00,PAYROLL
EVT00070500,2023-12-02,EMP01009,CC0010,IT,2,Leave Return,,CAD,CA,2023-12-03 13:00:00,PAYROLL
EVT00070548,2023-12-04,EMP00804,CC0022,EX,2,Departure,,CAD,CAN,2023-12-05 13:00:00,CORE_HR
EVT00069820,2023-12-18,EMP04463,CC0016,IT,2,Leave Start,,CAD,CA,2023-12-20 06:00:00,PAYROLL
EVT00071463,2023-12-07,EMP03934,CC0096,PA,1,Step Increment,67842.88,CAD,CAN,2023-12-07 19:00:00,CORE_HR
EVT00070363,2023-12-01,EMP99999,CC0045,IT,3,Leave Return,,CAD,CAN,2023-12-01 23:00:00,CORE_HR
EVT00070473,2023-12-09,EMP04769,CC0060,AS,1,Leave Return,,CAD,CAN,2023-12-10 08:00:00,CORE_HR
EVT00070850,2023-12-26,EMP00705,CC0009,PA,2,Performance Pay,20860.87,AED,AE,2023-12-27 11:00:00,PAYROLL
EVT00070080,2023-12-05,EMP03180,CC0062,AS,2,Leave Start,,CAD,CA,2023-12-06 00:00:00,PAYROLL
EVT00069959,2023-12-23,EMP01046,CC0035,FI,3,Leave Start,,CAD,CAN,2023-12-24 04:00:00,CORE_HR
EVT00069969,2023-12-24,EMP00882,CC0007,EX,2,Lateral Deployment,,SGD,SG,2023-12-25 09:00:00,PAYROLL
EVT00070966,2023-12-24,EMP01760,CC0028,PA,4,Hire,90296.29,CAD,CA,2023-12-25 08:00:00,PAYROLL
EVT00069868,2023-12-07,EMP05025,CC0083,EC,1,Step Increment,76925.21,CAD,CA,2023-12-08 04:00:00,PAYROLL
EVT00070143,2023-12-07,EMP01971,CC0060,IT,1,Step Increment,84054.47,CAD,CAN,2023-12-07 14:00:00,CORE_HR
EVT00069697,2023-12-22,EMP03164,CC0081,PA,2,Leave Start,,CAD,CA,2023-12-22 06:00:00,PAYROLL
EVT00070677,2023-12-26,EMP04993,CC0082,PA,2,Performance Pay,6167.19,CAD,CAN,2023-12-26 14:00:00,CORE_HR
EVT00070043,2023-12-15,EMP01486,CC0076,IT,1,Step Increment,84137.48,CAD,CAN,2023-12-16 11:00:00,CORE_HR
EVT00071532,2023-12-16,EMP01059,CC0108,PA,1,Step Increment,53941.26,EUR,DE,2023-12-17 08:00:00,PAYROLL
EVT00071028,2023-12-11,EMP01401,CC0102,EC,2,Lateral Deployment,,CAD,CA,2023-12-11 15:00:00,PAYROLL
EVT00069913,2023-12-05,EMP03953,CC0063,EN,2,Performance Pay,12835.56,CAD,CAN,2023-12-06 14:00:00,CORE_HR
EVT00070184,2023-12-14,EMP01304,CC0074,FI,2,Performance Pay,5320.3,AUD,AU,2023-12-14 22:00:00,PAYROLL
EVT00071073,2023-12-05,EMP00301,CC0013,PA,2,Step Increment,59864.31,CAD,CAN,2023-12-06 14:00:00,CORE_HR
EVT00071592,2023-12-22,EMP05191,CC0027,FI,3,Leave Start,,CAD,CAN,2023-12-23 21:00:00,CORE_HR
EVT00069777,2023-12-21,EMP01431,CC0103,AS,2,Leave Return,,CAD,CAN,2023-12-21 13:00:00,CORE_HR
EVT00071174,2023-12-25,EMP00987,CC0085,EC,1,Performance Pay,7859.26,CAD,CAN,2023-12-25 14:00:00,CORE_HR
EVT00071409,2023-12-14,EMP04630,CC0119,AS,3,Leave Start,,CAD,CAN,2023-12-14 09:00:00,CORE_HR
EVT00070923,2023-12-14,EMP01722,CC0069,PA,1,Performance Pay,4453.39,CAD,CAN,2023-12-15 10:00:00,CORE_HR
EVT00070364,2023-12-18,EMP02987,CC0109,AS,3,Leave Return,,CAD,CA,2023-12-19 10:00:00,PAYROLL
EVT00070485,2023-12-22,EMP02624,CC0018,CR,2,Departure,,CAD,CAN,2023-12-23 03:00:00,CORE_HR
EVT00069786,2023-12-16,EMP00071,CC0081,EX,2,Step Increment,145354.89,CAD,CAN,2023-12-16 20:00:00,CORE_HR
EVT00071009,2023-12-07,EMP01154,CC0023,EN,4,Step Increment,130112.88,CAD,CAN,2023-12-07 07:00:00,CORE_HR
EVT00071405,2023-12-08,EMP03665,CC0114,PA,2,Hire,69985.35,CAD,CA,2023-12-09 15:00:00,PAYROLL
EVT00071505,2023-12-11,EMP03235,CC0087,EC,3,Lateral Deployment,,CAD,CA,2023-12-12 13:00:00,PAYROLL
EVT00070542,2023-12-11,EMP01428,CC0111,EN,4,Step Increment,6376198.91,INR,IN,2023-12-11 23:00:00,PAYROLL
EVT00071636,2023-12-08,EMP03774,CC0068,CR,3,Departure,,CAD,CA,2023-12-09 14:00:00,PAYROLL
EVT00071054,2023-12-07,EMP02962,CC0017,EN,2,Step Increment,72376.77,CAD,CAN,2023-12-08 02:00:00,CORE_HR
EVT00071522,2023-12-13,EMP00529,CC0087,FI,4,Step Increment,104575.38,CAD,CAN,2023-12-13 13:00:00,CORE_HR
EVT00071410,2023-12-11,EMP00399,CC0008,PA,5,Step Increment,78528.88,CAD,CAN,2023-12-12 14:00:00,CORE_HR
EVT00069871,2023-12-20,EMP03887,CC0062,AS,3,Leave Start,,CAD,CAN,2023-12-20 20:00:00,CORE_HR
EVT00070505,2023-12-11,EMP02774,CC0002,EN,1,Leave Start,,CAD,CA,2023-12-12 14:00:00,PAYROLL
EVT00071380,2023-12-08,EMP02685,CC0022,PA,5,Lateral Deployment,,CAD,CAN,2023-12-09 01:00:00,CORE_HR
EVT00070365,2023-12-07,EMP00112,CC0036,PA,3,Step Increment,80409.11,CAD,CAN,2023-12-08 06:00:00,CORE_HR
EVT00071427,2023-12-15,EMP04162,CC0062,IT,4,Leave Start,,CAD,CA,2023-12-15 19:00:00,PAYROLL
EVT00071550,2023-12-04,EMP03537,CC0075,PA,4,Hire,84451.65,CAD,CAN,2023-12-04 17:00:00,CORE_HR
EVT00071190,2023-12-14,EMP01041,CC0079,CR,2,Step Increment,56388.19,CAD,CA,2023-12-14 15:00:00,PAYROLL
EVT00071351,2023-12-27,EMP04864,CC0102,AS,3,Step Increment,-73134.96,CAD,CAN,2023-12-27 22:00:00,CORE_HR
EVT00071484,2023-12-02,EMP02903,CC0023,PA,3,Departure,,CAD,CAN,2023-12-02 19:00:00,CORE_HR
EVT00071378,2023-12-22,EMP00436,CC0103,AS,1,Leave Start,,CAD,CA,2023-12-22 19:00:00,PAYROLL
EVT00070405,2023-12-23,EMP01184,CC0041,EX,1,Leave Start,,CAD,CAN,2023-12-23 12:00:00,CORE_HR
EVT00070332,2023-12-14,EMP03419,CC0103,PA,3,Step Increment,77269.58,CAD,CA,2023-12-14 21:00:00,PAYROLL
EVT00070443,2023-12-27,EMP03981,CC0036,IT,1,Step Increment,76477.49,CAD,CAN,2023-12-27 22:00:00,CORE_HR
EVT00070899,2023-12-02,EMP01180,CC0063,EX,1,Performance Pay,11707.95,CAD,CAN,2023-12-03 06:00:00,CORE_HR
EVT00071240,2023-12-17,EMP03152,CC0117,FI,2,Performance Pay,7799.05,CAD,CAN,2023-12-17 22:00:00,CORE_HR
EVT00071438,2023-12-01,EMP03588,CC0085,IT,2,Leave Start,,CAD,CA,2023-12-01 08:00:00,PAYROLL
EVT00071183,2023-12-05,EMP03699,CC0017,AS,1,Performance Pay,7947.39,CAD,CA,2023-12-05 19:00:00,PAYROLL
EVT00071560,2023-12-24,EMP02871,CC0116,IT,1,Lateral Deployment,,CAD,CAN,2023-12-24 07:00:00,CORE_HR
EVT00070910,2023-12-09,EMP04322,CC0026,EC,3,Lateral Deployment,,CAD,CAN,2023-12-09 14:00:00,CORE_HR
EVT00070759,2023-12-20,EMP01653,CC0009,AS,1,Step Increment,5790809.91,JPY,JP,2023-12-20 13:00:00,PAYROLL
EVT00070488,2023-12-14,EMP03899,CC0011,PA,5,Performance Pay,10883.83,CAD,CAN,2023-12-14 14:00:00,CORE_HR
EVT00070714,2023-12-16,EMP04749,CC0025,FI,2,Leave Return,,CAD,CA,2023-12-16 09:00:00,PAYROLL
EVT00071277,2023-12-12,EMP01232,CC0068,PA,2,Performance Pay,6594.9,CAD,CA,2023-12-13 10:00:00,PAYROLL
EVT00070060,2023-12-20,EMP04991,CC0074,EC,5,Promotion,92305.92,SGD,SG,2023-12-21 11:00:00,PAYROLL
EVT00071389,2023-12-20,EMP04181,CC0096,EN,1,Step Increment,92988.58,CAD,CAN,2023-12-20 12:00:00,CORE_HR
EVT00071250,2023-12-02,EMP03820,CC0115,PA,4,Step Increment,86696.18,CAD,CA,2023-12-02 07:00:00,PAYROLL
EVT00070585,2023-12-23,EMP01537,CC0100,EN,2,Leave Start,,CAD,CAN,2023-12-23 07:00:00,CORE_HR
EVT00071577,2023-12-19,EMP02178,CC0056,PA,1,Promotion,46818.61,CAD,CA,2023-12-20 08:00:00,PAYROLL
EVT00070658,2023-12-24,EMP02766,CC0037,AS,4,Performance Pay,7702.85,CAD,CAN,2023-12-25 08:00:00,CORE_HR
EVT00071044,2023-12-25,EMP00367,CC0097,FI,4,Promotion,138993.98,CAD,CA,2023-12-25 17:00:00,PAYROLL
EVT00071323,2023-12-05,EMP02178,CC0056,PA,1,Performance Pay,8718.58,CAD,CA,2023-12-08 03:00:00,PAYROLL
EVT00070761,2023-12-16,EMP04014,CC0104,IT,4,Lateral Deployment,,CAD,CA,2023-12-17 07:00:00,PAYROLL
EVT00071146,2023-12-18,EMP04485,CC0037,AS,3,Performance Pay,7065.54,CAD,CAN,2023-12-19 13:00:00,CORE_HR
EVT00071170,2023-12-14,EMP02935,CC0051,EC,2,Performance Pay,11220.55,CAD,CAN,2023-12-14 20:00:00,CORE_HR
EVT00070182,2023-12-18,EMP04728,CC0083,PA,3,Departure,,CAD,CAN,2023-12-18 12:00:00,CORE_HR
EVT00071113,2023-12-01,EMP00564,CC0078,EX,1,Step Increment,149286.39,CAD,CAN,2023-12-02 13:00:00,CORE_HR
EVT00070053,2023-12-10,EMP04260,CC0114,IT,4,Step Increment,119394.48,CAD,CAN,2023-12-11 05:00:00,CORE_HR
EVT00070958,2023-12-13,EMP01342,CC0083,IT,1,Leave Return,,CAD,CAN,2023-12-13 15:00:00,CORE_HR
EVT00069987,2023-12-01,EMP02536,CC0039,IT,1,Step Increment,85647.68,CAD,CA,2023-12-01 14:00:00,PAYROLL
EVT00070770,2023-12-02,EMP03311,CC0118,EX,1,Leave Start,,CAD,CAN,2023-12-03 14:00:00,CORE_HR
EVT00070421,2023-12-19,EMP00625,CC0027,PA,1,Leave Start,,CAD,CAN,2023-12-19 13:00:00,CORE_HR
EVT00071635,2023-12-15,EMP00560,CC0001,EN,2,Performance Pay,7729.16,CAD,CAN,2023-12-16 01:00:00,CORE_HR
EVT00070566,2023-12-19,EMP03048,CC0053,CR,3,Lateral Deployment,,CAD,CA,2023-12-19 19:00:00,PAYROLL
EVT00070087,2023-12-20,EMP02987,CC0109,AS,3,Departure,,CAD,CA,2023-12-21 02:00:00,PAYROLL
EVT00069935,2023-12-15,EMP02543,CC0001,IT,4,Departure,,CAD,CA,2023-12-16 15:00:00,PAYROLL
EVT00069647,2023-12-07,EMP02580,CC0102,AS,1,Step Increment,47391.8,CAD,CA,2023-12-07 21:00:00,PAYROLL
EVT00070326,2023-12-21,EMP00566,CC0032,IT,3,Step Increment,106561.43,CAD,CA,2023-12-21 18:00:00,PAYROLL
EVT00070874,2023-12-27,EMP02167,CC0007,PA,1,Step Increment,3648205.65,INR,IND,2023-12-28 15:00:00,CORE_HR
EVT00070541,2023-12-11,EMP00786,CC0073,FI,3,Step Increment,102394.57,CAD,CAN,2023-12-12 00:00:00,CORE_HR
EVT00069607,2023-12-20,EMP03435,CC0021,IT,3,Hire,111333.2,CAD,CAN,2023-12-21 00:00:00,CORE_HR
EVT00069638,2023-12-18,EMP04845,CC0008,EC,3,Leave Return,,CAD,CAN,2023-12-19 14:00:00,CORE_HR
EVT00071553,2023-12-27,EMP99999,CC0088,FI,1,Lateral Deployment,,EUR,DE,2023-12-27 10:00:00,PAYROLL
EVT00069852,2023-12-13,EMP04237,CC0014,IT,2,Hire,105282.77,CAD,CAN,2023-12-14 09:00:00,CORE_HR
EVT00069860,2023-12-20,EMP03544,CC0092,PA,2,Lateral Deployment,,CAD,CAN,2023-12-20 10:00:00,CORE_HR
EVT00070304,2023-12-12,EMP03041,CC0109,PA,1,Hire,62916.39,CAD,CAN,2023-12-12 22:00:00,CORE_HR
EVT00069841,2023-12-08,EMP00812,CC0026,AS,3,Step Increment,70766.36,CAD,CA,2023-12-08 16:00:00,PAYROLL
EVT00070469,2023-12-25,EMP00076,CC0042,EX,2,Lateral Deployment,,CAD,CAN,2023-12-26 09:00:00,CORE_HR
EVT00071090,2023-12-05,EMP03332,CC0076,EX,3,Performance Pay,16695.42,CAD,CAN,2023-12-05 21:00:00,CORE_HR
EVT00070705,2023-12-09,EMP04123,CC0017,PA,5,Leave Return,,CAD,CA,2023-12-09 12:00:00,PAYROLL
EVT00071510,2023-12-19,EMP03945,CC0116,PA,3,Step Increment,76630.2,CAD,CAN,2023-12-20 04:00:00,CORE_HR
EVT00070047,2023-12-01,EMP04462,CC0069,IT,1,Lateral Deployment,,CAD,CAN,2023-12-02 02:00:00,CORE_HR
EVT00070156,2023-12-01,EMP02933,CC0092,IT,2,Step Increment,70438.17,CAD,CA,2023-12-01 06:00:00,PAYROLL
EVT00070044,2023-12-04,EMP01377,CC0064,FI,2,Promotion,94438.52,CAD,CAN,2023-12-04 08:00:00,CORE_HR
EVT00070876,2023-12-02,EMP02956,CC0009,PA,4,Leave Return,,GBP,GBR,2023-12-03 09:00:00,CORE_HR
EVT00069851,2023-12-22,EMP03731,CC0119,EX,2,Leave Start,,CAD,CAN,2023-12-22 10:00:00,CORE_HR
EVT00071172,2023-12-19,EMP00739,CC0099,PA,3,Performance Pay,3852.42,CAD,CA,2023-12-19 20:00:00,PAYROLL
EVT00069615,2023-12-27,EMP04800,CC0038,EC,1,Lateral Deployment,,CAD,CA,2023-12-27 22:00:00,PAYROLL
EVT00070237,2023-12-14,EMP02095,CC0032,EC,4,Step Increment,114074.79,CAD,CAN,2023-12-14 06:00:00,CORE_HR
EVT00071003,2023-12-12,EMP01110,CC0091,AS,3,Step Increment,75476.74,CAD,CAN,2023-12-12 20:00:00,CORE_HR
EVT00070389,2023-12-04,EMP01793,CC0114,EN,1,Step Increment,72706.23,CAD,CA,2023-12-05 15:00:00,PAYROLL
EVT00070533,2023-12-02,EMP02520,CC0107,IT,2,Hire,98397.09,CAD,CAN,2023-12-03 08:00:00,CORE_HR
EVT00070439,2023-12-27,EMP00470,CC0116,CR,1,Lateral Deployment,,CAD,CAN,2023-12-27 09:00:00,CORE_HR
EVT00071267,2023-12-27,EMP03592,CC0101,AS,3,Performance Pay,4095.28,CAD,CA,2023-12-28 10:00:00,PAYROLL
EVT00069794,2023-12-10,EMP04091,CC0090,EN,1,Leave Start,,CAD,CAN,2023-12-10 18:00:00,CORE_HR
EVT00071611,2023-12-03,EMP03425,CC0090,IT,4,Performance Pay,6603.41,CAD,CA,2023-12-04 07:00:00,PAYROLL
EVT00071653,2023-12-21,EMP02115,CC0080,EC,4,Step Increment,87396.17,EUR,DE,2023-12-21 09:00:00,PAYROLL
EVT00070068,2023-12-13,EMP02146,CC0063,CR,2,Leave Start,,CAD,CAN,2023-12-13 13:00:00,CORE_HR
EVT00070892,2023-12-14,EMP01801,CC0010,PA,3,Step Increment,75647.0,CAD,CAN,2023-12-15 04:00:00,CORE_HR
EVT00071350,2023-12-20,EMP03566,CC0001,EN,2,Performance Pay,4354.8,CAD,CAN,2023-12-21 04:00:00,CORE_HR
EVT00071428,2023-12-26,EMP02494,CC0059,PA,2,Promotion,71390.7,CAD,CA,2023-12-26 22:00:00,PAYROLL
EVT00069933,2023-12-07,EMP05036,CC0082,IT,3,Performance Pay,11456.73,CAD,CAN,2023-12-08 06:00:00,CORE_HR
EVT00071047,2023-12-10,EMP00918,CC0060,PA,3,Step Increment,87876.55,CAD,CAN,2023-12-10 21:00:00,CORE_HR
EVT00070091,2023-12-20,EMP01855,CC0092,PA,3,Leave Start,,CAD,CAN,2023-12-20 19:00:00,CORE_HR
EVT00069772,2023-12-25,EMP03050,CC0017,IT,2,Step Increment,106512.45,CAD,CA,2023-12-26 13:00:00,PAYROLL
EVT00070162,2023-12-08,EMP01160,CC0072,CR,4,Leave Return,,CAD,CAN,2023-12-08 11:00:00,CORE_HR
EVT00071423,2023-12-02,EMP04153,CC0007,EN,5,Step Increment,13750341.74,JPY,JPN,2023-12-02 09:00:00,CORE_HR
EVT00071675,2023-12-07,EMP00330,CC0113,PA,1,Promotion,60413.7,CAD,CAN,2023-12-08 05:00:00,CORE_HR
EVT00069743,2023-12-11,EMP01688,CC0080,CR,1,Step Increment,168504.74,AED,ARE,2023-12-11 08:00:00,CORE_HR
EVT00069853,2023-12-25,EMP01239,CC0035,PA,4,Step Increment,95780.38,CAD,CA,2023-12-26 15:00:00,PAYROLL
EVT00069876,2023-12-20,EMP00208,CC0099,PA,5,Leave Start,,CAD,CA,2023-12-20 17:00:00,PAYROLL
EVT00071270,2023-12-08,EMP03635,CC0055,IT,2,Leave Return,,CAD,CA,2023-12-09 09:00:00,PAYROLL
EVT00070995,2023-12-01,EMP02476,CC0064,AS,3,Leave Start,,CAD,CAN,2023-12-01 23:00:00,CORE_HR
EVT00071309,2023-12-17,EMP04770,CC0038,EC,3,Leave Start,,CAD,CAN,2023-12-18 02:00:00,CORE_HR
EVT00070991,2023-12-05,EMP03393,CC0081,EX,2,Leave Start,,CAD,CAN,2023-12-06 00:00:00,CORE_HR
EVT00071467,2023-12-19,EMP05005,CC0004,IT,5,Step Increment,134727.72,CAD,CA,2023-12-19 08:00:00,PAYROLL
EVT00070941,2023-12-18,EMP03679,CC0103,FI,2,Performance Pay,4500.91,CAD,CAN,2023-12-18 13:00:00,CORE_HR
EVT00071364,2023-12-21,EMP01023,CC0029,EN,1,Leave Start,,KES,KEN,2023-12-22 08:00:00,CORE_HR
EVT00070230,2023-12-26,EMP00286,CC0007,EN,4,Leave Return,,JPY,JP,2023-12-26 10:00:00,PAYROLL
EVT00070629,2023-12-23,EMP01842,CC0054,PA,4,Performance Pay,5791.26,EUR,DE,2023-12-23 18:00:00,PAYROLL
EVT00069851,2023-12-22,EMP03731,CC0119,EX,2,Leave Start,,CAD,CAN,2023-12-22 13:00:00,CORE_HR
EVT00071062,2023-12-16,EMP00450,CC0103,IT,5,Promotion,128657.01,CAD,CAN,2023-12-16 18:00:00,CORE_HR
EVT00070858,2023-12-27,EMP04485,CC0037,AS,3,Step Increment,70305.07,CAD,CAN,2023-12-27 12:00:00,CORE_HR
EVT00070942,2023-12-20,EMP00819,CC0002,PA,4,Hire,86256.67,CAD,CA,2023-12-21 14:00:00,PAYROLL
EVT00069621,2023-12-11,EMP04454,CC0096,PA,2,Departure,,CAD,CAN,2023-12-11 06:00:00,CORE_HR
EVT00069676,2023-12-20,EMP00327,CC0027,EN,1,Step Increment,83308.66,CAD,CA,2023-12-20 14:00:00,PAYROLL
EVT00070645,2023-12-26,EMP02403,CC0062,EC,1,Step Increment,70328.62,CAD,CAN,2023-12-27 11:00:00,CORE_HR
EVT00070277,2023-12-17,EMP02384,CC0074,EN,1,Step Increment,248850.79,AED,AE,2023-12-17 19:00:00,PAYROLL
EVT00071123,2023-12-17,EMP00671,CC0062,CR,2,Performance Pay,4699.57,CAD,CAN,2023-12-18 07:00:00,CORE_HR
EVT00071370,2023-12-04,EMP05078,CC0072,EX,1,Promotion,150981.72,CAD,CA,2023-12-05 05:00:00,PAYROLL
EVT00071162,2023-12-21,EMP04565,CC0086,CR,1,Step Increment,3065694.34,INR,IN,2023-12-21 10:00:00,PAYROLL
EVT00070379,2023-12-18,EMP04306,CC0016,EC,3,Step Increment,95974.03,CAD,CA,2023-12-19 11:00:00,PAYROLL
EVT00069634,2023-12-01,EMP02828,CC0017,EN,2,Leave Return,,CAD,CAN,2023-12-04 10:00:00,CORE_HR
EVT00070449,2023-12-19,EMP03503,CC0006,EC,2,Step Increment,85154.78,CAD,CAN,2023-12-19 10:00:00,CORE_HR
EVT00071210,2023-12-14,EMP03988,CC0030,AS,2,Leave Return,,MXN,MX,2023-12-15 07:00:00,PAYROLL
EVT00069941,2023-12-05,EMP03577,CC0083,EN,1,Performance Pay,7146.13,CAD,CA,2023-12-05 12:00:00,PAYROLL
EVT00070611,2023-12-26,EMP03333,CC0097,EX,1,Step Increment,138285.43,CAD,CAN,2023-12-26 22:00:00,CORE_HR
EVT00070769,2023-12-05,EMP00806,CC0014,PA,4,Step Increment,72218.8,CAD,CA,2023-12-05 18:00:00,PAYROLL
EVT00071514,2023-12-01,EMP01691,CC0107,FI,3,Step Increment,101062.57,CAD,CAN,2023-12-02 02:00:00,CORE_HR
EVT00071341,2023-12-10,EMP02434,CC0066,IT,4,Leave Start,,CAD,CA,2023-12-11 11:00:00,PAYROLL
EVT00070682,2023-12-14,EMP04587,CC0086,FI,2,Performance Pay,8685.68,EUR,FRA,2023-12-15 15:00:00,CORE_HR
EVT00070976,2023-12-08,EMP04263,CC0062,PA,3,Leave Start,,CAD,CAN,2023-12-08 19:00:00,CORE_HR
EVT00069891,2023-12-19,EMP04568,CC0052,FI,4,Performance Pay,10231.88,CAD,CA,2023-12-20 15:00:00,PAYROLL
EVT00070646,2023-12-24,EMP04434,CC0101,EC,3,Lateral Deployment,,CAD,CA,2023-12-25 12:00:00,PAYROLL
EVT00070644,2023-12-05,EMP02549,CC0093,IT,1,Leave Start,,CAD,CAN,2023-12-06 08:00:00,CORE_HR
EVT00070709,2023-12-06,EMP00323,CC0025,PA,5,Leave Start,,CAD,CA,2023-12-07 13:00:00,PAYROLL
EVT00071056,2023-12-17,EMP02826,CC0091,PA,4,Performance Pay,8504.96,CAD,CAN,2023-12-18 12:00:00,CORE_HR
EVT00070672,2023-12-10,EMP03843,CC0049,EX,1,Performance Pay,20767.93,AUD,AUS,2023-12-11 08:00:00,CORE_HR
EVT00070095,2023-12-14,EMP01001,CC0081,IT,2,Step Increment,79212.26,CAD,CAN,2023-12-14 10:00:00,CORE_HR
EVT00070435,2023-12-11,EMP01091,CC0045,PA,4,Leave Start,,CAD,CA,2023-12-12 12:00:00,PAYROLL
EVT00070760,2023-12-08,EMP03720,CC0032,EN,4,Step Increment,124965.33,CAD,CA,2023-12-09 12:00:00,PAYROLL
EVT00070561,2023-12-25,EMP02818,CC0052,AS,2,Departure,,CAD,CAN,2023-12-25 23:00:00,CORE_HR
EVT00070347,2023-12-27,EMP00978,CC0117,FI,3,Lateral Deployment,,CAD,CAN,2023-12-28 04:00:00,CORE_HR
EVT00071072,2023-12-01,EMP02241,CC0104,AS,2,Step Increment,71318.22,CAD,CAN,2023-12-01 18:00:00,CORE_HR
EVT00069911,2023-12-27,EMP04746,CC0070,EC,3,Step Increment,96987.04,CAD,CAN,2023-12-27 19:00:00,CORE_HR
EVT00069958,2023-12-14,EMP01480,CC0103,IT,2,Performance Pay,12231.5,CAD,CAN,2023-12-15 00:00:00,CORE_HR
EVT00071175,2023-12-17,EMP02422,CC0006,EX,1,Step Increment,145076.2,CAD,CAN,2023-12-18 08:00:00,CORE_HR
EVT00070599,2023-12-12,EMP01293,CC0079,PA,1,Lateral Deployment,,CAD,CAN,2023-12-12 23:00:00,CORE_HR
EVT00070574,2023-12-25,EMP01539,CC0006,CR,3,Leave Start,,CAD,CAN,2023-12-25 17:00:00,CORE_HR
EVT00070151,2023-12-22,EMP04811,CC0071,PA,3,Step Increment,90661.91,CAD,CA,2023-12-22 19:00:00,PAYROLL
EVT00070839,2023-12-22,EMP00974,CC0066,IT,2,Lateral Deployment,,CAD,CAN,2023-12-22 13:00:00,CORE_HR
EVT00071363,2023-12-06,EMP00421,CC0103,EN,2,Hire,108243.99,CAD,CAN,2023-12-07 12:00:00,CORE_HR
EVT00071319,2023-12-22,EMP02758,CC0029,AS,4,Step Increment,5181225.55,INR,IND,2023-12-23 01:00:00,CORE_HR
EVT00071551,2023-12-10,EMP04687,CC0059,CR,3,Lateral Deployment,,CAD,CAN,2023-12-11 00:00:00,CORE_HR
EVT00071651,2023-12-14,EMP02387,CC0022,AS,2,Step Increment,62627.59,CAD,CAN,2023-12-15 00:00:00,CORE_HR
EVT00069815,2023-12-10,EMP00734,CC0069,EC,4,Performance Pay,11978.3,CAD,CAN,2023-12-10 15:00:00,CORE_HR
EVT00071573,2023-12-08,EMP01036,CC0042,AS,3,Step Increment,77533.55,CAD,CAN,2023-12-08 13:00:00,CORE_HR
EVT00070729,2023-12-21,EMP04115,CC0099,IT,5,Step Increment,112895.56,CAD,CA,2023-12-22 14:00:00,PAYROLL
EVT00071280,2023-12-21,EMP03397,CC0089,IT,1,Leave Start,,CAD,CAN,2023-12-22 02:00:00,CORE_HR
EVT00071440,2023-12-15,EMP03243,CC0007,IT,3,Step Increment,91277.8,EUR,FR,2023-12-16 01:00:00,PAYROLL
EVT00071259,2023-12-19,EMP04803,CC0060,PA,1,Leave Start,,CAD,CAN,2023-12-19 17:00:00,CORE_HR
EVT00070029,2023-12-03,EMP03495,CC0082,EN,3,Step Increment,115305.34,CAD,CA,2023-12-03 17:00:00,PAYROLL
EVT00070730,2023-12-20,EMP00718,CC0097,IT,1,Lateral Deployment,,CAD,CA,2023-12-21 11:00:00,PAYROLL
EVT00070549,2023-12-20,EMP02246,CC0067,PA,2,Lateral Deployment,,CAD,CAN,2023-12-21 11:00:00,CORE_HR
EVT00069858,2023-12-19,EMP01172,CC0083,EN,1,Performance Pay,9297.65,CAD,CAN,2023-12-19 21:00:00,CORE_HR
EVT00069811,2023-12-18,EMP03975,CC0070,PA,5,Leave Return,,CAD,CAN,2023-12-18 22:00:00,CORE_HR
EVT00070571,2023-12-02,EMP03827,CC0019,AS,2,Step Increment,62136.57,CAD,CAN,2023-12-02 21:00:00,CORE_HR
EVT00070757,2023-12-24,EMP04497,CC0112,PA,4,Lateral Deployment,,CAD,CAN,2023-12-25 09:00:00,CORE_HR
EVT00071355,2023-12-03,EMP04182,CC0068,EN,5,Leave Start,,CAD,CAN,2023-12-03 22:00:00,CORE_HR
EVT00071427,2023-12-15,EMP04162,CC0062,IT,4,Leave Start,,CAD,CA,2023-12-18 13:00:00,PAYROLL
EVT00069645,2023-12-22,EMP01985,CC0032,PA,2,Performance Pay,8816.98,CAD,CA,2023-12-23 15:00:00,PAYROLL
EVT00070315,2023-12-17,EMP01104,CC0048,CR,3,Step Increment,62006.27,CAD,CA,2023-12-17 12:00:00,PAYROLL
EVT00071569,2023-12-03,EMP02931,CC0003,EC,1,Promotion,77631.42,CAD,CA,2023-12-03 10:00:00,PAYROLL
EVT00071152,2023-12-21,EMP01475,CC0105,CR,3,Departure,,MXN,MEX,2023-12-21 23:00:00,CORE_HR
EVT00070395,2023-12-21,EMP05104,CC0046,IT,1,Hire,8236731.75,KES,KE,2023-12-22 11:00:00,PAYROLL
EVT00070148,2023-12-13,EMP02244,CC0115,AS,2,Step Increment,60639.82,CAD,CA,2023-12-13 13:00:00,PAYROLL
EVT00070416,2023-12-05,EMP02916,CC0023,CR,2,Step Increment,63913.94,CAD,CAN,2023-12-05 12:00:00,CORE_HR
EVT00070059,2023-12-01,EMP00912,CC0043,IT,2,Leave Return,,CAD,CA,2023-12-02 03:00:00,PAYROLL
EVT00071597,2023-12-18,EMP00031,CC0023,PA,2,Lateral Deployment,,CAD,CAN,2023-12-18 16:00:00,CORE_HR
EVT00070748,2023-12-20,EMP04038,CC0119,EX,1,Leave Start,,CAD,CAN,2023-12-20 11:00:00,CORE_HR
EVT00071498,2023-12-11,EMP02323,CC0120,EN,1,Step Increment,78383.71,CAD,CAN,2023-12-11 18:00:00,CORE_HR
EVT00071680,2023-12-06,EMP03357,CC0013,IT,3,Performance Pay,8806.23,CAD,CA,2023-12-06 12:00:00,PAYROLL
EVT00071590,2023-12-22,EMP00782,CC0019,EC,1,Leave Start,,CAD,CA,2023-12-23 10:00:00,PAYROLL
EVT00071293,2023-12-25,EMP00229,CC0034,PA,3,Leave Return,,CAD,CA,2023-12-26 04:00:00,PAYROLL
EVT00070592,2023-12-03,EMP02812,CC0094,PA,2,Performance Pay,9319.66,CAD,CA,2023-12-04 06:00:00,PAYROLL
EVT00071386,2023-12-01,EMP00428,CC0009,AS,2,Promotion,54351.29,EUR,FR,2023-12-02 04:00:00,PAYROLL
EVT00070557,2023-12-17,EMP02631,CC0102,PA,1,Leave Start,,CAD,CA,2023-12-18 05:00:00,PAYROLL
EVT00070604,2023-12-18,EMP01391,CC0073,EC,2,Step Increment,88130.21,CAD,CAN,2023-12-19 03:00:00,CORE_HR
EVT00070169,2023-12-26,EMP04306,CC0016,EC,3,Step Increment,107000.25,CAD,CA,2023-12-26 09:00:00,PAYROLL
EVT00071659,2023-12-26,EMP05113,CC0080,EC,4,Leave Start,,KES,KEN,2023-12-27 13:00:00,CORE_HR
EVT00070002,2023-12-02,EMP01129,CC0028,CR,2,Step Increment,61892.86,CAD,CAN,2023-12-03 04:00:00,CORE_HR
EVT00071206,2023-12-08,EMP00127,CC0047,PA,1,Leave Return,,CAD,CA,2023-12-08 12:00:00,PAYROLL
EVT00070642,2023-12-10,EMP04415,CC0085,IT,5,Lateral Deployment,,CAD,CA,2023-12-11 07:00:00,PAYROLL
EVT00071211,2023-12-10,EMP02919,CC0007,PA,2,Leave Return,,GBP,GBR,2023-12-11 05:00:00,CORE_HR
EVT00071353,2023-12-26,EMP03115,CC0064,CR,3,Performance Pay,6216.62,CAD,CAN,2023-12-26 20:00:00,CORE_HR
EVT00071155,2023-12-12,EMP01588,CC0041,EN,5,Departure,,CAD,CAN,2023-12-12 20:00:00,CORE_HR
EVT00069837,2023-12-06,EMP00482,CC0111,PA,1,Step Increment,189425.08,AED,ARE,2023-12-06 17:00:00,CORE_HR
EVT00069885,2023-12-07,EMP03324,CC0016,FI,2,Leave Start,,CAD,CAN,2023-12-08 00:00:00,CORE_HR
EVT00069711,2023-12-05,EMP01023,CC0029,EN,1,Leave Start,,MXN,MEX,2023-12-05 21:00:00,CORE_HR
EVT00071407,2023-12-20,EMP03144,CC0043,IT,1,Step Increment,69044.9,CAD,CAN,2023-12-21 04:00:00,CORE_HR
EVT00070106,2023-12-08,EMP02418,CC0037,CR,1,Step Increment,39096.86,CAD,CA,2023-12-08 11:00:00,PAYROLL
EVT00070979,2023-12-26,EMP05058,CC0044,PA,2,Lateral Deployment,,CAD,CA,2023-12-27 03:00:00,PAYROLL
EVT00070214,2023-12-16,EMP01116,CC0065,FI,3,Step Increment,79789.34,SGD,SGP,2023-12-16 13:00:00,CORE_HR
EVT00071324,2023-12-05,EMP02817,CC0018,IT,1,Step Increment,80090.84,CAD,CAN,2023-12-06 05:00:00,CORE_HR
EVT00070528,2023-12-25,EMP04181,CC0096,EN,1,Lateral Deployment,,CAD,CAN,2023-12-25 13:00:00,CORE_HR
EVT00071397,2023-12-03,EMP03496,CC0033,AS,3,Step Increment,78130.97,CAD,CA,2023-12-03 10:00:00,PAYROLL
EVT00069849,2023-12-27,EMP01156,CC0036,CR,2,Leave Start,,CAD,CAN,2023-12-28 07:00:00,CORE_HR
EVT00071381,2023-12-15,EMP01579,CC0075,AS,2,Step Increment,65584.06,CAD,CAN,2023-12-15 14:00:00,CORE_HR
EVT00070909,2023-12-17,EMP04059,CC0118,FI,1,Departure,,CAD,CAN,2023-12-17 13:00:00,CORE_HR
EVT00070624,2023-12-01,EMP05028,CC0006,PA,1,Leave Start,,CAD,CAN,2023-12-01 09:00:00,CORE_HR
EVT00070223,2023-12-14,EMP02893,CC0109,CR,4,Departure,,CAD,CAN,2023-12-14 12:00:00,CORE_HR
EVT00069637,2023-12-04,EMP00002,CC0068,EN,3,Leave Start,,CAD,CAN,2023-12-04 12:00:00,CORE_HR
EVT00070963,2023-12-14,EMP02101,CC0008,EC,2,Step Increment,81348.89,CAD,CAN,2023-12-15 12:00:00,CORE_HR
EVT00070893,2023-12-20,EMP03107,CC0116,PA,1,Lateral Deployment,,CAD,CAN,2023-12-20 07:00:00,CORE_HR
EVT00071691,2023-12-10,EMP02365,CC0045,IT,1,Lateral Deployment,,CAD,CA,2023-12-10 11:00:00,PAYROLL
EVT00070854,2023-12-02,EMP01255,CC0056,EX,1,Performance Pay,14152.42,CAD,CA,2023-12-02 20:00:00,PAYROLL
EVT00071420,2023-12-19,EMP01276,CC0077,IT,3,Step Increment,101185.08,CAD,CAN,2023-12-19 06:00:00,CORE_HR
EVT00070563,2023-12-01,EMP03142,CC0056,EX,1,Leave Start,,CAD,CA,2023-12-01 18:00:00,PAYROLL
EVT00069880,2023-12-07,EMP02307,CC0011,AS,3,Step Increment,70638.6,CAD,CAN,2023-12-08 01:00:00,CORE_HR
EVT00070640,2023-12-13,EMP00206,CC0083,EC,2,Step Increment,66166.96,CAD,CA,2023-12-13 19:00:00,PAYROLL
EVT00070033,2023-12-12,EMP00552,CC0057,IT,4,Step Increment,131665.92,CAD,CAN,2023-12-12 20:00:00,CORE_HR
EVT00070702,2023-12-16,EMP02196,CC0101,EC,1,Leave Start,,CAD,CAN,2023-12-16 09:00:00,CORE_HR
EVT00069634,2023-12-01,EMP02828,CC0017,EN,2,Leave Return,,CAD,CAN,2023-12-02 15:00:00,CORE_HR
EVT00069692,2023-12-12,EMP04317,CC0081,EC,5,Leave Start,,CAD,CAN,2023-12-12 21:00:00,CORE_HR
EVT00071156,2023-12-09,EMP02948,CC0018,AS,1,Leave Return,,CAD,CAN,2023-12-10 07:00:00,CORE_HR
EVT00070412,2023-12-18,EMP04123,CC0017,PA,5,Step Increment,104007.63,CAD,CA,2023-12-18 19:00:00,PAYROLL
EVT00071371,2023-12-19,EMP03693,CC0048,FI,2,Performance Pay,6256.55,CAD,CA,2023-12-20 02:00:00,PAYROLL
EVT00069922,2023-12-12,EMP04384,CC0120,PA,1,Step Increment,82587.42,CAD,CAN,2023-12-13 08:00:00,CORE_HR
EVT00070308,2023-12-04,EMP00972,CC0044,EN,1,Step Increment,79139.99,CAD,CAN,2023-12-05 01:00:00,CORE_HR
EVT00071107,2023-12-19,EMP04074,CC0054,PA,5,Performance Pay,42179.83,AED,ARE,2023-12-19 11:00:00,CORE_HR
EVT00071147,2023-12-05,EMP02216,CC0083,EX,1,Promotion,143155.83,CAD,CAN,2023-12-05 11:00:00,CORE_HR
EVT00069971,2023-12-26,EMP02169,CC0027,EN,4,Leave Return,,CAD,CA,2023-12-26 18:00:00,PAYROLL
EVT00069677,2023-12-06,EMP01763,CC0004,FI,4,Performance Pay,14007.22,CAD,CAN,2023-12-06 18:00:00,CORE_HR
EVT00069670,2023-12-12,EMP01434,CC0119,IT,3,Step Increment,107788.79,CAD,CA,2023-12-12 19:00:00,PAYROLL
EVT00070446,2023-12-27,EMP00636,CC0100,EC,1,Step Increment,81182.71,CAD,CAN,2023-12-27 21:00:00,CORE_HR
EVT00069613,2023-12-05,EMP01373,CC0030,EC,1,Leave Start,,MXN,MX,2023-12-06 12:00:00,PAYROLL
EVT00069866,2023-12-22,EMP05028,CC0006,PA,1,Lateral Deployment,,CAD,CAN,2023-12-23 02:00:00,CORE_HR
EVT00071069,2023-12-16,EMP04103,CC0030,EX,3,Performance Pay,1158620.33,KES,KEN,2023-12-16 08:00:00,CORE_HR
EVT00069673,2023-12-18,EMP03460,CC0064,PA,3,Performance Pay,10783.48,CAD,CAN,2023-12-19 14:00:00,CORE_HR
EVT00070338,2023-12-05,EMP00725,CC0089,EN,3,Leave Start,,CAD,CAN,2023-12-06 17:00:00,CORE_HR
EVT00070350,2023-12-20,EMP00401,CC0037,PA,2,Performance Pay,7081.96,CAD,CA,2023-12-20 07:00:00,PAYROLL
EVT00071249,2023-12-21,EMP05144,CC0105,IT,5,Hire,1833725.2,MXN,MEX,2023-12-22 11:00:00,CORE_HR
EVT00070973,2023-12-24,EMP00290,CC0021,EX,1,Step Increment,137628.92,CAD,CAN,2023-12-24 18:00:00,CORE_HR
EVT00069906,2023-12-24,EMP05183,CC0079,EX,1,Step Increment,128585.59,CAD,CA,2023-12-24 09:00:00,PAYROLL
EVT00071422,2023-12-08,EMP00140,CC0083,CR,5,Leave Start,,CAD,CAN,2023-12-09 14:00:00,CORE_HR
EVT00070577,2023-12-20,EMP04097,CC0039,CR,2,Performance Pay,3171.82,CAD,CA,2023-12-21 01:00:00,PAYROLL
EVT00071049,2023-12-19,EMP03825,CC0120,CR,5,Hire,86588.19,CAD,CAN,2023-12-19 08:00:00,CORE_HR
EVT00070553,2023-12-04,EMP00619,CC0113,IT,1,Step Increment,91509.49,CAD,CA,2023-12-04 13:00:00,PAYROLL
EVT00070203,2023-12-20,EMP00820,CC0069,PA,3,Leave Return,,CAD,CAN,2023-12-20 08:00:00,CORE_HR
EVT00070126,2023-12-21,EMP03027,CC0029,PA,1,Hire,3846010.45,INR,IND,2023-12-21 10:00:00,CORE_HR
EVT00070114,2023-12-14,EMP00059,CC0084,CR,3,Leave Return,,CAD,CAN,2023-12-15 10:00:00,CORE_HR
EVT00071595,2023-12-04,EMP05174,CC0092,PA,3,Departure,,CAD,CAN,2023-12-05 00:00:00,CORE_HR
EVT00071126,2023-12-04,EMP00056,CC0025,EN,3,Step Increment,111815.28,CAD,CAN,2023-12-04 12:00:00,CORE_HR
EVT00071125,2023-12-19,EMP04712,CC0086,CR,4,Lateral Deployment,,SGD,SGP,2023-12-19 07:00:00,CORE_HR
EVT00069844,2023-12-09,EMP05191,CC0027,FI,3,Step Increment,93640.81,CAD,CA,2023-12-09 09:00:00,PAYROLL
EVT00071582,2023-12-02,EMP01682,CC0032,PA,2,Leave Start,,CAD,CAN,2023-12-03 06:00:00,CORE_HR
EVT00070065,2023-12-15,EMP04900,CC0051,PA,3,Leave Return,,CAD,CAN,2023-12-16 08:00:00,CORE_HR
EVT00071599,2023-12-17,EMP04380,CC0048,EN,2,Leave Start,,CAD,CAN,2023-12-18 10:00:00,CORE_HR
EVT00069997,2023-12-07,EMP00857,CC0111,IT,1,Step Increment,342389.87,BRL,BRA,2023-12-07 12:00:00,CORE_HR
EVT00069765,2023-12-21,EMP00674,CC0026,EC,5,Performance Pay,6760.91,CAD,CAN,2023-12-22 03:00:00,CORE_HR
EVT00069636,2023-12-18,EMP05179,CC0023,IT,4,Step Increment,121226.3,CAD,CA,2023-12-19 04:00:00,PAYROLL
EVT00070776,2023-12-03,EMP02822,CC0054,EX,2,Step Increment,94543.97,GBP,GBR,2023-12-03 18:00:00,CORE_HR
EVT00070057,2023-12-10,EMP02824,CC0063,PA,1,Promotion,68761.62,CAD,CA,2023-12-10 11:00:00,PAYROLL
EVT00070167,2023-12-13,EMP01398,CC0019,FI,1,Leave Start,,CAD,CAN,2023-12-14 08:00:00,CORE_HR
EVT00070317,2023-12-27,EMP00427,CC0010,CR,1,Step Increment,56606.5,CAD,CA,2023-12-28 11:00:00,PAYROLL
EVT00070727,2023-12-05,EMP02730,CC0073,IT,3,Step Increment,110090.23,CAD,CAN,2023-12-05 19:00:00,CORE_HR
EVT00069792,2023-12-24,EMP02437,CC0024,EC,4,Promotion,112509.65,CAD,CAN,2023-12-24 17:00:00,CORE_HR
EVT00070771,2023-12-20,EMP03605,CC0001,AS,2,Performance Pay,4924.09,CAD,CA,2023-12-20 14:00:00,PAYROLL
EVT00070674,2023-12-25,EMP00923,CC0118,EX,1,Hire,146086.92,CAD,CAN,2023-12-26 14:00:00,CORE_HR
EVT00071664,2023-12-11,EMP00402,CC0114,IT,1,Leave Return,,CAD,CA,2023-12-11 22:00:00,PAYROLL
EVT00070398,2023-12-25,EMP04214,CC0099,PA,1,Step Increment,59692.68,CAD,CA,2023-12-25 10:00:00,PAYROLL
EVT00070040,2023-12-14,EMP04259,CC0020,PA,3,Step Increment,83776.33,CAD,CAN,2023-12-14 10:00:00,CORE_HR
EVT00071302,2023-12-03,EMP03527,CC0012,IT,3,Lateral Deployment,,CAD,CA,2023-12-03 18:00:00,PAYROLL
EVT00070495,2023-12-08,EMP02855,CC0102,PA,3,Leave Start,,CAD,CAN,2023-12-09 13:00:00,CORE_HR
EVT00070382,2023-12-15,EMP00192,CC0010,EN,1,Performance Pay,11937.06,CAD,CAN,2023-12-15 12:00:00,CORE_HR
EVT00070241,2023-12-17,EMP02701,CC0020,IT,3,Leave Start,,CAD,CAN,2023-12-18 03:00:00,CORE_HR
EVT00069733,2023-12-19,EMP00345,CC0091,IT,2,Leave Start,,CAD,CAN,2023-12-22 19:00:00,CORE_HR
EVT00070368,2023-12-03,EMP02288,CC0035,IT,4,Step Increment,136342.57,CAD,CA,2023-12-03 21:00:00,PAYROLL
EVT00070865,2023-12-02,EMP02900,CC0114,PA,2,Hire,68333.29,CAD,CA,2023-12-02 19:00:00,PAYROLL
EVT00071138,2023-12-10,EMP99999,CC0117,AS,1,Performance Pay,3724.52,CAD,CAN,2023-12-10 06:00:00,CORE_HR
EVT00070972,2023-12-08,EMP01349,CC0021,PA,3,Performance Pay,6695.61,CAD,CA,2023-12-08 07:00:00,PAYROLL
EVT00070408,2023-12-09,EMP01652,CC0038,AS,2,Departure,,CAD,CAN,2023-12-10 06:00:00,CORE_HR
EVT00071524,2023-12-16,EMP02318,CC0043,AS,4,Performance Pay,8465.53,CAD,CA,2023-12-17 14:00:00,PAYROLL
EVT00070125,2023-12-10,EMP04251,CC0064,IT,4,Leave Start,,CAD,CAN,2023-12-10 15:00:00,CORE_HR
EVT00070873,2023-12-15,EMP00328,CC0022,IT,2,Hire,92111.55,CAD,CAN,2023-12-15 13:00:00,CORE_HR
EVT00070436,2023-12-09,EMP00715,CC0064,FI,1,Performance Pay,5960.14,CAD,CAN,2023-12-10 06:00:00,CORE_HR
EVT00070349,2023-12-21,EMP02667,CC0020,EN,5,Promotion,134418.91,CAD,CA,2023-12-23 11:00:00,PAYROLL
EVT00070275,2023-12-05,EMP03372,CC0087,EN,1,Lateral Deployment,,CAD,CAN,2023-12-06 03:00:00,CORE_HR
EVT00070802,2023-12-06,EMP00867,CC0016,IT,3,Step Increment,105327.56,CAD,CA,2023-12-06 15:00:00,PAYROLL
EVT00071480,2023-12-19,EMP00796,CC0034,EC,3,Lateral Deployment,,CAD,CA,2023-12-19 10:00:00,PAYROLL
EVT00071455,2023-12-27,EMP00880,CC0019,EX,2,Performance Pay,13581.71,CAD,CA,2023-12-28 07:00:00,PAYROLL
EVT00071336,2023-12-26,EMP02370,CC0059,IT,3,Step Increment,109198.53,CAD,CAN,2023-12-26 15:00:00,CORE_HR
EVT00071565,2023-12-08,EMP02405,CC0065,AS,2,Step Increment,48244.07,USD,USA,2023-12-09 08:00:00,CORE_HR
EVT00071110,2023-12-23,EMP02341,CC0117,FI,3,Step Increment,107563.1,CAD,CA,2023-12-24 14:00:00,PAYROLL
EVT00070324,2023-12-19,EMP00411,CC0100,EC,3,Leave Return,,CAD,CA,2023-12-22 08:00:00,PAYROLL
EVT00070058,2023-12-10,EMP00893,CC0024,IT,2,Hire,101488.83,CAD,CA,2023-12-11 02:00:00,PAYROLL
EVT00070793,2023-12-14,EMP00332,CC0045,PA,2,Leave Return,,CAD,CAN,2023-12-15 12:00:00,CORE_HR
EVT00071487,2023-12-02,EMP03472,CC0032,EN,2,Step Increment,83098.87,CAD,CAN,2023-12-03 09:00:00,CORE_HR
EVT00069635,2023-12-09,EMP02455,CC0119,CR,1,Step Increment,56259.22,CAD,CAN,2023-12-09 22:00:00,CORE_HR
EVT00071394,2023-12-21,EMP03630,CC0078,PA,2,Lateral Deployment,,CAD,CAN,2023-12-21 21:00:00,CORE_HR
EVT00071262,2023-12-10,EMP04091,CC0090,EN,1,Hire,89042.16,CAD,CA,2023-12-10 09:00:00,PAYROLL
EVT00071362,2023-12-02,EMP00746,CC0049,EC,1,Step Increment,3334502.5,INR,IN,2023-12-02 10:00:00,PAYROLL
EVT00070093,2023-12-05,EMP01549,CC0020,AS,5,Promotion,88222.14,CAD,CA,2023-12-06 15:00:00,PAYROLL
EVT00070889,2023-12-11,EMP03251,CC0076,EC,3,Leave Return,,CAD,CA,2023-12-11 21:00:00,PAYROLL
EVT00071374,2023-12-04,EMP02487,CC0024,EX,3,Step Increment,187288.19,CAD,CAN,2023-12-04 07:00:00,CORE_HR
EVT00069728,2023-12-27,EMP04983,CC0116,IT,1,Performance Pay,6604.55,CAD,CA,2023-12-28 02:00:00,PAYROLL
EVT00070360,2023-12-25,EMP03460,CC0064,PA,3,Performance Pay,3844.22,CAD,CAN,2023-12-26 14:00:00,CORE_HR
EVT00070141,2023-12-24,EMP00904,CC0014,EN,4,Promotion,117137.7,CAD,CAN,2023-12-24 23:00:00,CORE_HR
EVT00071388,2023-12-03,EMP04994,CC0001,EN,2,Performance Pay,12615.7,CAD,CAN,2023-12-04 07:00:00,CORE_HR
EVT00069961,2023-12-09,EMP03565,CC0104,PA,2,Leave Return,,CAD,CAN,2023-12-09 20:00:00,CORE_HR
EVT00069758,2023-12-23,EMP00021,CC0052,AS,1,Step Increment,61825.8,CAD,CA,2023-12-23 09:00:00,PAYROLL
EVT00070924,2023-12-26,EMP03813,CC0107,FI,3,Step Increment,95510.03,CAD,CAN,2023-12-27 06:00:00,CORE_HR
EVT00071402,2023-12-03,EMP00108,CC0119,PA,2,Step Increment,68545.72,CAD,CAN,2023-12-03 19:00:00,CORE_HR
EVT00070011,2023-12-19,EMP03729,CC0042,EN,1,Step Increment,89986.33,CAD,CAN,2023-12-19 17:00:00,CORE_HR
EVT00071121,2023-12-15,EMP00808,CC0016,AS,2,Lateral Deployment,,CAD,CA,2023-12-16 09:00:00,PAYROLL
EVT00071404,2023-12-22,EMP03191,CC0044,PA,2,Step Increment,72137.06,CAD,CAN,2023-12-23 03:00:00,CORE_HR
EVT00071451,2023-12-06,EMP00177,CC0054,EX,1,Leave Return,,GBP,GB,2023-12-07 13:00:00,PAYROLL
EVT00069740,2023-12-21,EMP02254,CC0031,AS,4,Step Increment,61995.8,EUR,FRA,2023-12-23 05:00:00,CORE_HR
EVT00070718,2023-12-18,EMP00383,CC0110,EX,1,Departure,,CAD,CAN,2023-12-19 12:00:00,CORE_HR
EVT00069937,2023-12-27,EMP00061,CC0068,PA,4,Step Increment,71256.29,CAD,CA,2023-12-28 03:00:00,PAYROLL
EVT00071133,2023-12-07,EMP00204,CC0030,CR,2,Step Increment,6408556.79,KES,KEN,2023-12-07 22:00:00,CORE_HR
EVT00070336,2023-12-13,EMP01733,CC0031,EX,1,Step Increment,206307.81,AUD,AUS,2023-12-13 10:00:00,CORE_HR
EVT00070357,2023-12-15,EMP02458,CC0034,IT,3,Leave Return,,CAD,CAN,2023-12-15 23:00:00,CORE_HR
EVT00070494,2023-12-01,EMP03315,CC0073,EC,3,Step Increment,102558.25,CAD,CAN,2023-12-02 07:00:00,CORE_HR
EVT00070918,2023-12-17,EMP00962,CC0069,PA,3,Hire,84837.92,CAD,CA,2023-12-17 20:00:00,PAYROLL
EVT00070607,2023-12-19,EMP04635,CC0099,CR,3,Step Increment,65879.39,CAD,CA,2023-12-20 03:00:00,PAYROLL
EVT00071000,2023-12-09,EMP02218,CC0111,PA,1,Leave Start,,GBP,GBR,2023-12-09 12:00:00,CORE_HR
EVT00070685,2023-12-26,EMP04838,CC0031,EC,3,Step Increment,157800.58,AUD,AU,2023-12-26 07:00:00,PAYROLL
EVT00070572,2023-12-25,EMP04651,CC0103,CR,3,Step Increment,63378.58,CAD,CAN,2023-12-26 12:00:00,CORE_HR
EVT00071486,2023-12-05,EMP04287,CC0043,EN,5,Step Increment,150199.97,CAD,CA,2023-12-05 21:00:00,PAYROLL
EVT00070679,2023-12-25,EMP03134,CC0019,EC,3,Performance Pay,7551.51,CAD,CAN,2023-12-25 13:00:00,CORE_HR
EVT00071366,2023-12-09,EMP02650,CC0017,PA,4,Leave Start,,CAD,CAN,2023-12-09 07:00:00,CORE_HR
EVT00070530,2023-12-13,EMP04337,CC0004,EC,3,Step Increment,109106.35,CAD,CA,2023-12-14 00:00:00,PAYROLL
EVT00071616,2023-12-18,EMP03161,CC0116,CR,2,Step Increment,56327.19,CAD,CAN,2023-12-19 04:00:00,CORE_HR
EVT00070215,2023-12-13,EMP00772,CC0035,FI,3,Leave Return,,CAD,CA,2023-12-13 21:00:00,PAYROLL
EVT00069735,2023-12-21,EMP02993,CC0099,PA,3,Departure,,CAD,CA,2023-12-22 06:00:00,PAYROLL
EVT00071186,2023-12-08,EMP04150,CC0032,IT,1,Hire,63990.27,CAD,CAN,2023-12-08 20:00:00,CORE_HR
EVT00071030,2023-12-25,EMP05037,CC0025,PA,2,Step Increment,75652.86,CAD,CAN,2023-12-25 16:00:00,CORE_HR
EVT00069658,2023-12-08,EMP00422,CC0115,PA,5,Leave Start,,CAD,CAN,2023-12-08 23:00:00,CORE_HR
EVT00070904,2023-12-06,EMP01365,CC0086,EX,1,Step Increment,98600.68,SGD,SG,2023-12-06 12:00:00,PAYROLL
EVT00070719,2023-12-08,EMP03276,CC0101,CR,5,Step Increment,83316.15,CAD,CA,2023-12-08 08:00:00,PAYROLL
EVT00071052,2023-12-07,EMP03177,CC0036,AS,3,Departure,,CAD,CA,2023-12-08 04:00:00,PAYROLL
EVT00070977,2023-12-08,EMP04303,CC0019,AS,5,Leave Return,,CAD,CA,2023-12-09 10:00:00,PAYROLL
EVT00071626,2023-12-08,EMP00229,CC0034,PA,3,Performance Pay,5021.34,CAD,CAN,2023-12-08 08:00:00,CORE_HR
EVT00070150,2023-12-10,EMP00246,CC0114,FI,3,Step Increment,105792.71,CAD,CAN,2023-12-10 14:00:00,CORE_HR
EVT00069698,2023-12-25,EMP02289,CC0043,AS,5,Hire,90090.23,CAD,CAN,2023-12-26 02:00:00,CORE_HR
EVT00070042,2023-12-25,EMP03579,CC0036,EX,1,Performance Pay,18375.65,CAD,CA,2023-12-26 11:00:00,PAYROLL
EVT00070576,2023-12-21,EMP00913,CC0085,PA,3,Departure,,CAD,CA,2023-12-22 14:00:00,PAYROLL
EVT00071166,2023-12-15,EMP01256,CC0008,FI,3,Hire,107690.61,CAD,CAN,2023-12-16 05:00:00,CORE_HR
EVT00070836,2023-12-14,EMP04846,CC0033,PA,2,Departure,,CAD,CAN,2023-12-14 17:00:00,CORE_HR
EVT00070300,2023-12-17,EMP03550,CC0022,CR,2,Leave Start,,CAD,CAN,2023-12-17 06:00:00,CORE_HR
EVT00070666,2023-12-03,EMP00631,CC0015,AS,1,Step Increment,51161.3,CAD,CAN,2023-12-04 13:00:00,CORE_HR
EVT00071178,2023-12-26,EMP02568,CC0003,EX,2,Departure,,CAD,CAN,2023-12-26 12:00:00,CORE_HR
EVT00069883,2023-12-11,EMP05030,CC0089,EN,2,Leave Return,,CAD,CAN,2023-12-12 09:00:00,CORE_HR
EVT00071479,2023-12-04,EMP00660,CC0094,IT,1,Lateral Deployment,,CAD,CA,2023-12-06 09:00:00,PAYROLL
EVT00071036,2023-12-07,EMP03318,CC0084,PA,3,Leave Return,,CAD,CAN,2023-12-08 11:00:00,CORE_HR
EVT00070533,2023-12-02,EMP02520,CC0107,IT,2,Hire,98397.09,CAD,CAN,2023-12-02 19:00:00,CORE_HR
EVT00070084,2023-12-08,EMP01241,CC0049,PA,4,Step Increment,68883.29,EUR,DE,2023-12-08 08:00:00,PAYROLL
EVT00069622,2023-12-21,EMP04371,CC0001,PA,3,Performance Pay,5446.79,CAD,CAN,2023-12-22 15:00:00,CORE_HR
EVT00070990,2023-12-12,EMP03777,CC0105,IT,1,Performance Pay,77678.72,MXN,MX,2023-12-12 12:00:00,PAYROLL
EVT00069796,2023-12-16,EMP01620,CC0079,EX,1,Lateral Deployment,,CAD,CAN,2023-12-16 17:00:00,CORE_HR
EVT00070152,2023-12-11,EMP04616,CC0001,FI,4,Step Increment,111010.68,CAD,CAN,2023-12-12 13:00:00,CORE_HR
EVT00070313,2023-12-13,EMP00109,CC0065,EN,5,Promotion,90840.16,SGD,SGP,2023-12-14 07:00:00,CORE_HR
EVT00069644,2023-12-01,EMP04180,CC0022,IT,5,Step Increment,131574.89,CAD,CAN,2023-12-02 02:00:00,CORE_HR
EVT00070834,2023-12-27,EMP02951,CC0067,EN,1,Step Increment,81004.51,CAD,CAN,2023-12-27 20:00:00,CORE_HR
EVT00071545,2023-12-02,EMP03788,CC0105,PA,1,Performance Pay,4771.57,GBP,GBR,2023-12-03 16:00:00,CORE_HR
EVT00071523,2023-12-26,EMP01614,CC0107,EC,4,Promotion,119837.32,CAD,CA,2023-12-26 16:00:00,PAYROLL
EVT00070742,2023-12-18,EMP04795,CC0057,EN,1,Step Increment,91541.21,CAD,CA,2023-12-18 15:00:00,PAYROLL
EVT00069719,2023-12-10,EMP00219,CC0096,PA,4,Departure,,CAD,CAN,2023-12-11 11:00:00,CORE_HR
EVT00070915,2023-12-25,EMP01611,CC0086,PA,2,Step Increment,838129.7,MXN,MEX,2023-12-25 18:00:00,CORE_HR
EVT00070014,2023-12-12,EMP03097,CC0072,IT,2,Step Increment,93819.23,CAD,CAN,2023-12-12 07:00:00,CORE_HR
EVT00069940,2023-12-14,EMP03281,CC0118,PA,2,Step Increment,70832.76,CAD,CAN,2023-12-14 09:00:00,CORE_HR
EVT00069783,2023-12-17,EMP02100,CC0071,IT,3,Performance Pay,13223.35,CAD,CA,2023-12-17 11:00:00,PAYROLL
EVT00071233,2023-12-15,EMP00728,CC0101,EX,2,Hire,156239.8,CAD,CAN,2023-12-15 09:00:00,CORE_HR
EVT00070957,2023-12-23,EMP00489,CC0066,PA,1,Step Increment,63093.36,CAD,CAN,2023-12-24 13:00:00,CORE_HR
EVT00071105,2023-12-14,EMP01957,CC0096,AS,2,Lateral Deployment,,CAD,CA,2023-12-14 08:00:00,PAYROLL
EVT00070937,2023-12-03,EMP00880,CC0019,EX,2,Performance Pay,18069.06,CAD,CAN,2023-12-03 17:00:00,CORE_HR
EVT00069736,2023-12-11,EMP03790,CC0031,PA,4,Promotion,137340.85,AUD,AU,2023-12-11 13:00:00,PAYROLL
EVT00070349,2023-12-21,EMP02667,CC0020,EN,5,Promotion,134418.91,CAD,CA,2023-12-22 09:00:00,PAYROLL
EVT00070755,2023-12-16,EMP03553,CC0004,EN,1,Step Increment,92678.5,CAD,CAN,2023-12-16 22:00:00,CORE_HR
EVT00071114,2023-12-25,EMP04152,CC0004,FI,4,Leave Start,,CAD,CAN,2023-12-26 08:00:00,CORE_HR
EVT00071372,2023-12-20,EMP00420,CC0101,AS,5,Promotion,75754.53,CAD,CA,2023-12-20 13:00:00,PAYROLL
EVT00069956,2023-12-06,EMP01730,CC0062,FI,2,Leave Return,,CAD,CA,2023-12-07 15:00:00,PAYROLL
EVT00070261,2023-12-15,EMP00342,CC0020,CR,4,Leave Return,,CAD,CAN,2023-12-15 19:00:00,CORE_HR
EVT00070959,2023-12-13,EMP02485,CC0074,EC,2,Step Increment,1179473.09,MXN,MX,2023-12-14 08:00:00,PAYROLL
EVT00070559,2023-12-25,EMP00541,CC0053,EX,2,Step Increment,166048.73,CAD,CAN,2023-12-25 15:00:00,CORE_HR
EVT00069757,2023-12-15,EMP00341,CC0008,AS,5,Leave Return,,CAD,CAN,2023-12-15 19:00:00,CORE_HR
EVT00070447,2023-12-04,EMP05088,CC0066,PA,3,Leave Return,,CAD,CA,2023-12-05 10:00:00,PAYROLL
EVT00071624,2023-12-01,EMP04326,CC0079,PA,1,Leave Start,,CAD,CAN,2023-12-02 02:00:00,CORE_HR
EVT00070467,2023-12-10,EMP00005,CC0006,IT,4,Leave Start,,CAD,CAN,2023-12-10 09:00:00,CORE_HR
EVT00070675,2023-12-03,EMP04572,CC0057,AS,1,Leave Return,,CAD,CA,2023-12-04 06:00:00,PAYROLL
EVT00070199,2023-12-09,EMP04563,CC0014,EC,3,Lateral Deployment,,CAD,CA,2023-12-10 06:00:00,PAYROLL
EVT00071428,2023-12-26,EMP02494,CC0059,PA,2,Promotion,71390.7,CAD,CA,2023-12-28 07:00:00,PAYROLL
EVT00071057,2023-12-11,EMP04385,CC0111,AS,1,Step Increment,3352508.98,INR,IN,2023-12-12 07:00:00,PAYROLL
EVT00070518,2023-12-03,EMP01668,CC0005,IT,2,Leave Return,,CAD,CAN,2023-12-03 22:00:00,CORE_HR
EVT00069776,2023-12-19,EMP00690,CC0009,IT,2,Lateral Deployment,,JPY,JPN,2023-12-20 05:00:00,CORE_HR
EVT00070328,2023-12-15,EMP04968,CC0026,EN,1,Step Increment,79750.14,CAD,CAN,2023-12-15 23:00:00,CORE_HR
EVT00070224,2023-12-27,EMP00054,CC0022,PA,3,Lateral Deployment,,CAD,CA,2023-12-28 09:00:00,PAYROLL
EVT00071286,2023-12-13,EMP02768,CC0001,EN,3,Step Increment,123181.05,CAD,CA,2023-12-13 12:00:00,PAYROLL
EVT00071460,2023-12-17,EMP03622,CC0014,IT,3,Step Increment,121433.32,CAD,CAN,2023-12-17 19:00:00,CORE_HR
EVT00070588,2023-12-01,EMP01451,CC0012,PA,1,Leave Start,,CAD,CAN,2023-12-01 11:00:00,CORE_HR
EVT00070231,2023-12-06,EMP03494,CC0051,PA,3,Leave Start,,CAD,CA,2023-12-07 00:00:00,PAYROLL
EVT00070536,2023-12-19,EMP02954,CC0094,AS,4,Leave Return,,CAD,CAN,2023-12-20 12:00:00,CORE_HR
EVT00069753,2023-12-18,EMP04219,CC0042,CR,1,Leave Start,,CAD,CAN,2023-12-18 07:00:00,CORE_HR
EVT00069707,2023-12-22,EMP01423,CC0053,AS,1,Leave Return,,CAD,CA,2023-12-22 06:00:00,PAYROLL
EVT00071187,2023-12-07,EMP00616,CC0016,EC,5,Leave Start,,CAD,CAN,2023-12-08 13:00:00,CORE_HR
EVT00070276,2023-12-10,EMP00102,CC0049,EC,3,Step Increment,82458.9,SGD,SG,2023-12-10 11:00:00,PAYROLL
EVT00071456,2023-12-01,EMP02511,CC0079,EN,2,Lateral Deployment,,CAD,CAN,2023-12-02 12:00:00,CORE_HR
EVT00069646,2023-12-04,EMP04537,CC0054,EX,1,Lateral Deployment,,KES,KEN,2023-12-05 02:00:00,CORE_HR
EVT00070459,2023-12-18,EMP03094,CC0094,AS,4,Step Increment,73373.41,CAD,CAN,2023-12-18 23:00:00,CORE_HR
EVT00070437,2023-12-14,EMP02075,CC0113,EN,5,Lateral Deployment,,CAD,CAN,2023-12-15 08:00:00,CORE_HR
EVT00070901,2023-12-19,EMP03738,CC0012,FI,5,Performance Pay,15071.54,CAD,CA,2023-12-20 15:00:00,PAYROLL
EVT00071471,2023-12-10,EMP04138,CC0008,EN,1,Departure,,CAD,CAN,2023-12-10 06:00:00,CORE_HR
EVT00071563,2023-12-26,EMP01355,CC0054,AS,3,Leave Return,,KES,KE,2023-12-28 02:00:00,PAYROLL
EVT00069923,1900-01-01,EMP03532,CC0031,IT,1,Lateral Deployment,,SGD,SGP,2023-12-04 23:00:00,CORE_HR
EVT00071222,2023-12-10,EMP01823,CC0075,FI,1,Departure,,CAD,CA,2023-12-10 20:00:00,PAYROLL
EVT00071048,2023-12-07,EMP04122,CC0039,FI,1,Performance Pay,5508.99,CAD,CA,2023-12-07 07:00:00,PAYROLL
EVT00071622,2023-12-19,EMP04729,CC0086,EC,3,Leave Start,,KES,KEN,2023-12-20 11:00:00,CORE_HR
EVT00069617,2023-12-25,EMP00021,CC0052,AS,1,Leave Start,,CAD,CAN,2023-12-25 21:00:00,CORE_HR
EVT00071326,2023-12-13,EMP03913,CC0120,IT,3,Leave Start,,CAD,CAN,2023-12-13 13:00:00,CORE_HR
EVT00070407,2023-12-08,EMP05186,CC0069,CR,2,Lateral Deployment,,CAD,CA,2023-12-09 01:00:00,PAYROLL
EVT00070691,2023-12-25,EMP02372,CC0033,IT,5,Departure,,CAD,CAN,2023-12-26 12:00:00,CORE_HR
EVT00070959,2023-12-13,EMP02485,CC0074,EC,2,Step Increment,1179473.09,MXN,MX,2023-12-17 00:00:00,PAYROLL
EVT00071543,2023-12-09,EMP04058,CC0076,IT,4,Performance Pay,13367.29,CAD,CAN,2023-12-10 00:00:00,CORE_HR
EVT00071571,2023-12-19,EMP03890,CC0096,EC,1,Promotion,79506.76,CAD,CA,2023-12-19 18:00:00,PAYROLL
EVT00071154,2023-12-22,EMP02431,CC0040,PA,1,Leave Start,,CAD,CAN,2023-12-23 08:00:00,CORE_HR
EVT00070067,2023-12-03,EMP03264,CC0089,FI,1,Leave Start,,CAD,CAN,2023-12-03 17:00:00,CORE_HR
EVT00069683,2023-12-18,EMP02908,CC0118,IT,2,Departure,,CAD,CAN,2023-12-18 06:00:00,CORE_HR
EVT00069681,2023-12-07,EMP01216,CC0069,FI,3,Step Increment,104282.64,CAD,CAN,2023-12-07 21:00:00,CORE_HR
EVT00069610,2023-12-26,EMP02507,CC0074,EX,1,Step Increment,114588.06,EUR,FRA,2023-12-26 15:00:00,CORE_HR
EVT00070564,2023-12-12,EMP04066,CC0054,AS,2,Lateral Deployment,,EUR,FR,2023-12-12 18:00:00,PAYROLL
EVT00070665,2023-12-01,EMP00541,CC0053,EX,2,Step Increment,200811.83,XXX,CAN,2023-12-02 12:00:00,CORE_HR
EVT00071504,2023-12-07,EMP01947,CC0036,EX,1,Performance Pay,10667.36,CAD,CAN,2023-12-08 09:00:00,CORE_HR
EVT00071365,2023-12-06,EMP01740,CC0052,FI,2,Leave Return,,CAD,CAN,2023-12-06 20:00:00,CORE_HR
EVT00070180,2023-12-26,EMP01345,CC0021,IT,2,Departure,,CAD,CA,2023-12-26 13:00:00,PAYROLL
EVT00069846,2023-12-01,EMP00949,CC0016,EC,2,Step Increment,111847.03,CAD,CA,2023-12-01 09:00:00,PAYROLL
EVT00071288,2023-12-18,EMP01493,CC0044,IT,4,Performance Pay,13770.98,CAD,CA,2023-12-19 09:00:00,PAYROLL
EVT00069945,2023-12-14,EMP00208,CC0099,PA,5,Departure,,CAD,CA,2023-12-14 10:00:00,PAYROLL
EVT00070250,2023-12-15,EMP00592,CC0051,CR,3,Leave Start,,CAD,CAN,2023-12-15 07:00:00,CORE_HR
EVT00070906,1900-01-01,EMP01156,CC0036,CR,2,Performance Pay,7090.76,CAD,CAN,2023-12-23 16:00:00,CORE_HR
EVT00069631,2023-12-26,EMP01155,CC0081,FI,3,Step Increment,101808.51,CAD,CAN,2023-12-26 14:00:00,CORE_HR
EVT00070399,2023-12-01,EMP00806,CC0014,PA,4,Hire,96809.41,CAD,CAN,2023-12-01 11:00:00,CORE_HR
EVT00070174,2023-12-19,EMP01893,CC0005,FI,4,Leave Return,,CAD,CA,2023-12-20 14:00:00,PAYROLL
EVT00071546,2023-12-16,EMP01693,CC0015,EX,1,Departure,,CAD,CAN,2023-12-16 10:00:00,CORE_HR
EVT00070403,2023-12-23,EMP02936,CC0030,FI,2,Step Increment,74585.86,EUR,DEU,2023-12-23 12:00:00,CORE_HR
EVT00070319,2023-12-12,EMP03426,CC0020,EX,1,Leave Start,,CAD,CAN,2023-12-12 19:00:00,CORE_HR
EVT00071173,2023-12-15,EMP04625,CC0022,PA,3,Leave Start,,CAD,CA,2023-12-15 10:00:00,PAYROLL
EVT00071275,2023-12-24,EMP00807,CC0027,AS,1,Performance Pay,2872.18,CAD,CAN,2023-12-24 08:00:00,CORE_HR
EVT00071360,2023-12-23,EMP01636,CC0071,EX,3,Performance Pay,22165.98,CAD,CA,2023-12-24 07:00:00,PAYROLL
EVT00070122,2023-12-24,EMP00189,CC0106,PA,2,Lateral Deployment,,CAD,CA,2023-12-25 05:00:00,PAYROLL
EVT00070752,2023-12-16,EMP03268,CC0096,CR,1,Leave Start,,CAD,CAN,2023-12-16 09:00:00,CORE_HR
EVT00071519,2023-12-11,EMP00045,CC0002,CR,2,Leave Start,,CAD,CA,2023-12-12 05:00:00,PAYROLL
EVT00069873,2023-12-11,EMP04660,CC0011,CR,3,Hire,53092.56,CAD,CAN,2023-12-11 08:00:00,CORE_HR
EVT00070272,2023-12-02,EMP00273,CC0003,PA,1,Leave Start,,CAD,CAN,2023-12-03 13:00:00,CORE_HR
EVT00069905,2023-12-15,EMP03604,CC0062,PA,4,Step Increment,90938.44,CAD,CAN,2023-12-15 22:00:00,CORE_HR
EVT00070570,2023-12-04,EMP03371,CC0022,AS,2,Lateral Deployment,,CAD,CAN,2023-12-05 00:00:00,CORE_HR
EVT00069833,2023-12-25,EMP01075,CC0094,PA,2,Step Increment,60736.1,CAD,CAN,2023-12-25 10:00:00,CORE_HR
EVT00069689,2023-12-06,EMP03616,CC0004,EX,1,Leave Start,,CAD,CA,2023-12-07 09:00:00,PAYROLL
EVT00069932,2023-12-16,EMP02487,CC0024,EX,3,Performance Pay,20636.59,CAD,CAN,2023-12-17 15:00:00,CORE_HR
EVT00070686,2023-12-02,EMP04905,CC0044,FI,1,Leave Return,,CAD,CAN,2023-12-03 09:00:00,CORE_HR
EVT00069992,1900-01-01,EMP01175,CC0010,IT,2,Leave Start,,CAD,CAN,2023-12-13 12:00:00,CORE_HR
EVT00070074,2023-12-16,EMP00277,CC0089,PA,3,Step Increment,75223.57,CAD,CA,2023-12-17 10:00:00,PAYROLL
EVT00069900,2023-12-23,EMP00167,CC0022,FI,1,Step Increment,69969.33,CAD,CAN,2023-12-23 21:00:00,CORE_HR
EVT00069802,2023-12-23,EMP03126,CC0074,EX,1,Lateral Deployment,,AUD,AUS,2023-12-23 12:00:00,CORE_HR
EVT00071515,1900-01-01,EMP03901,CC0085,AS,4,Lateral Deployment,,CAD,CAN,2023-12-21 09:00:00,CORE_HR
EVT00071663,2023-12-15,EMP02844,CC0004,EC,4,Step Increment,111909.97,CAD,CAN,2023-12-15 11:00:00,CORE_HR
EVT00071567,2023-12-02,EMP04300,CC0040,PA,3,Promotion,88156.8,CAD,CAN,2023-12-02 13:00:00,CORE_HR
EVT00069902,2023-12-21,EMP02156,CC0043,AS,2,Performance Pay,8338.46,CAD,CAN,2023-12-21 09:00:00,CORE_HR
EVT00070274,2023-12-11,EMP02444,CC0035,AS,1,Step Increment,48292.88,CAD,CAN,2023-12-12 11:00:00,CORE_HR
EVT00069863,2023-12-07,EMP04376,CC0093,CR,2,Step Increment,73039.29,CAD,CA,2023-12-08 01:00:00,PAYROLL
EVT00069859,2023-12-16,EMP02144,CC0104,EN,2,Promotion,94373.95,CAD,CAN,2023-12-19 10:00:00,CORE_HR
EVT00071549,2023-12-19,EMP02009,CC0099,CR,3,Performance Pay,7338.38,CAD,CA,2023-12-19 23:00:00,PAYROLL
EVT00070438,2023-12-08,EMP00161,CC0047,PA,1,Departure,,CAD,CA,2023-12-08 07:00:00,PAYROLL
EVT00071012,2023-12-26,EMP01940,CC0018,IT,2,Step Increment,98634.09,CAD,CAN,2023-12-27 15:00:00,CORE_HR
EVT00071497,2023-12-20,EMP04157,CC0010,EX,2,Promotion,157100.15,CAD,CAN,2023-12-20 06:00:00,CORE_HR
EVT00069898,2023-12-05,EMP01263,CC0067,AS,2,Performance Pay,6641.04,CAD,CA,2023-12-06 13:00:00,PAYROLL
EVT00070110,2023-12-16,EMP04225,CC0077,CR,5,Step Increment,72500.9,CAD,CAN,2023-12-16 23:00:00,CORE_HR
EVT00069832,2023-12-26,EMP01413,CC0020,AS,2,Leave Start,,CAD,CA,2023-12-26 18:00:00,PAYROLL
EVT00070035,2023-12-23,EMP01910,CC0102,EC,2,Step Increment,65912.9,CAD,CA,2023-12-24 09:00:00,PAYROLL
EVT00071216,2023-12-12,EMP00940,CC0113,IT,1,Leave Start,,CAD,CAN,2023-12-12 11:00:00,CORE_HR
EVT00070525,2023-12-18,EMP03443,CC0068,IT,1,Step Increment,75440.25,CAD,CA,2023-12-19 04:00:00,PAYROLL
EVT00071033,2023-12-26,EMP00897,CC0045,EN,1,Step Increment,83251.47,CAD,CA,2023-12-26 13:00:00,PAYROLL
EVT00071134,2023-12-24,EMP04836,CC0099,EC,3,Step Increment,93165.64,CAD,CA,2023-12-24 11:00:00,PAYROLL
EVT00071489,2023-12-22,EMP01354,CC0017,EN,1,Leave Start,,CAD,CA,2023-12-23 03:00:00,PAYROLL
EVT00070211,2023-12-09,EMP01548,CC0058,EX,1,Promotion,158021.77,CAD,CAN,2023-12-10 14:00:00,CORE_HR
EVT00071234,2023-12-08,EMP03435,CC0021,IT,3,Hire,113309.44,CAD,CAN,2023-12-08 12:00:00,CORE_HR
EVT00071238,2023-12-27,EMP03200,CC0070,EN,1,Performance Pay,4627.02,CAD,CA,2023-12-28 06:00:00,PAYROLL
EVT00069742,2023-12-27,EMP00257,CC0065,IT,3,Promotion,164924.45,AUD,AUS,2023-12-28 01:00:00,CORE_HR
EVT00071266,2023-12-03,EMP03880,CC0058,CR,3,Step Increment,81722.06,CAD,CAN,2023-12-04 09:00:00,CORE_HR
EVT00071503,2023-12-04,EMP03239,CC0033,EN,1,Leave Start,,CAD,CAN,2023-12-06 11:00:00,CORE_HR
EVT00071242,2023-12-05,EMP03134,CC0019,EC,3,Hire,84690.99,CAD,CAN,2023-12-06 03:00:00,CORE_HR
EVT00070628,2023-12-14,EMP00486,CC0042,CR,5,Step Increment,57164.51,CAD,CAN,2023-12-14 06:00:00,CORE_HR
EVT00070649,2023-12-12,EMP01293,CC0079,PA,1,Leave Start,,CAD,CA,2023-12-13 11:00:00,PAYROLL
EVT00070654,2023-12-14,EMP03059,CC0039,CR,2,Lateral Deployment,,CAD,CAN,2023-12-14 23:00:00,CORE_HR
EVT00069981,2023-12-08,EMP02254,CC0031,AS,4,Leave Start,,INR,IN,2023-12-11 11:00:00,PAYROLL
EVT00070643,2023-12-21,EMP00926,CC0007,CR,1,Departure,,INR,IND,2023-12-22 06:00:00,CORE_HR
EVT00071248,2023-12-16,EMP03427,CC0107,CR,2,Promotion,60749.81,CAD,CA,2023-12-16 23:00:00,PAYROLL
EVT00070483,2023-12-05,EMP01740,CC0052,FI,2,Step Increment,88322.79,CAD,CAN,2023-12-06 00:00:00,CORE_HR
EVT00069680,2023-12-15,EMP99999,CC0115,PA,1,Leave Start,,CAD,CA,2023-12-16 05:00:00,PAYROLL
EVT00070301,2023-12-13,EMP04568,CC0052,FI,4,Leave Start,,CAD,CA,2023-12-14 10:00:00,PAYROLL
EVT00070911,2023-12-06,EMP00427,CC0010,CR,1,Lateral Deployment,,CAD,CAN,2023-12-06 15:00:00,CORE_HR
EVT00071640,2023-12-17,EMP05003,CC0076,FI,1,Step Increment,78197.31,CAD,CA,2023-12-18 12:00:00,PAYROLL
EVT00070554,2023-12-14,EMP01574,CC0020,PA,3,Departure,,CAD,CAN,2023-12-15 05:00:00,CORE_HR
EVT00070444,2023-12-21,EMP01752,CC0063,EN,2,Leave Return,,CAD,CA,2023-12-21 17:00:00,PAYROLL
EVT00070698,2023-12-13,EMP01108,CC0091,PA,3,Leave Start,,CAD,CAN,2023-12-14 04:00:00,CORE_HR
EVT00069700,2023-12-11,EMP04036,CC0038,EC,3,Lateral Deployment,,CAD,CAN,2023-12-12 00:00:00,CORE_HR
EVT00071310,2023-12-12,EMP02464,CC0116,PA,1,Step Increment,66807.21,CAD,CA,2023-12-13 09:00:00,PAYROLL
EVT00070055,2023-12-18,EMP02218,CC0111,PA,1,Step Increment,52684.55,EUR,FRA,2023-12-19 07:00:00,CORE_HR
EVT00070297,2023-12-20,EMP01548,CC0058,EX,1,Leave Start,,CAD,CA,2023-12-20 15:00:00,PAYROLL
EVT00070558,2023-12-18,EMP00379,CC0020,AS,3,Lateral Deployment,,CAD,CA,2023-12-19 04:00:00,PAYROLL
EVT00070702,2023-12-16,EMP02196,CC0101,EC,1,Leave Start,,CAD,CAN,2023-12-18 22:00:00,CORE_HR
EVT00069993,2023-12-08,EMP05178,CC0038,PA,2,Step Increment,79909.89,CAD,CAN,2023-12-08 22:00:00,CORE_HR
EVT00071161,2023-12-16,EMP04205,CC0085,EC,1,Performance Pay,5622.1,CAD,CA,2023-12-17 02:00:00,PAYROLL
EVT00070491,2023-12-05,EMP04673,CC0105,AS,4,Step Increment,60603.17,SGD,SGP,2023-12-06 14:00:00,CORE_HR
EVT00070145,2023-12-26,EMP01070,CC0023,CR,1,Step Increment,51124.72,CAD,CAN,2023-12-26 06:00:00,CORE_HR
EVT00071119,2023-12-01,EMP01875,CC0030,IT,3,Leave Start,,GBP,GBR,2023-12-02 08:00:00,CORE_HR
EVT00070763,2023-12-27,EMP05040,CC0025,EN,1,Lateral Deployment,,CAD,CA,2023-12-27 18:00:00,PAYROLL
EVT00071197,2023-12-10,EMP05193,CC0015,PA,2,Leave Start,,CAD,CA,2023-12-10 11:00:00,PAYROLL
EVT00070720,2023-12-21,EMP01068,CC0063,IT,2,Leave Return,,CAD,CA,2023-12-21 18:00:00,PAYROLL
EVT00071436,2023-12-07,EMP01587,CC0104,PA,3,Step Increment,76699.16,CAD,CA,2023-12-07 17:00:00,PAYROLL
EVT00071214,2023-12-02,EMP01520,CC0010,PA,2,Leave Start,,CAD,CA,2023-12-02 23:00:00,PAYROLL
EVT00071669,2023-12-24,EMP00238,CC0106,EC,2,Hire,87311.07,CAD,CAN,2023-12-25 04:00:00,CORE_HR
EVT00071267,2023-12-27,EMP03592,CC0101,AS,3,Performance Pay,4095.28,CAD,CA,2023-12-30 04:00:00,PAYROLL
EVT00070423,2023-12-04,EMP04040,CC0045,EX,2,Step Increment,147381.76,CAD,CAN,2023-12-05 15:00:00,CORE_HR
EVT00069803,2023-12-11,EMP03339,CC0007,AS,1,Promotion,7041434.85,KES,KEN,2023-12-11 08:00:00,CORE_HR
EVT00071264,2023-12-10,EMP03930,CC0087,EN,1,Step Increment,83618.72,CAD,CA,2023-12-11 02:00:00,PAYROLL
EVT00069695,2023-12-16,EMP01735,CC0096,FI,1,Hire,74930.13,CAD,CAN,2023-12-16 15:00:00,CORE_HR
EVT00070172,2023-12-04,EMP00596,CC0097,EN,2,Step Increment,99343.86,CAD,CAN,2023-12-04 09:00:00,CORE_HR
EVT00070173,2023-12-20,EMP01066,CC0112,FI,2,Promotion,80841.19,CAD,CAN,2023-12-21 05:00:00,CORE_HR
EVT00070747,2023-12-26,EMP02345,CC0056,AS,2,Departure,,XXX,CA,2023-12-27 11:00:00,PAYROLL
EVT00070949,2023-12-03,EMP04188,CC0026,IT,5,Leave Return,,CAD,CA,2023-12-06 14:00:00,PAYROLL
EVT00071417,2023-12-20,EMP03345,CC0119,EX,1,Lateral Deployment,,CAD,CA,2023-12-21 01:00:00,PAYROLL
EVT00070460,2023-12-12,EMP00688,CC0109,IT,3,Step Increment,107863.59,CAD,CAN,2023-12-12 22:00:00,CORE_HR
EVT00070708,2023-12-11,EMP01342,CC0083,IT,1,Step Increment,86107.25,CAD,CAN,2023-12-12 00:00:00,CORE_HR
EVT00071091,2023-12-26,EMP00235,CC0016,EC,3,Leave Return,,CAD,CA,2023-12-27 01:00:00,PAYROLL
EVT00070863,2023-12-17,EMP02438,CC0056,PA,4,Promotion,100015.34,CAD,CAN,2023-12-17 11:00:00,CORE_HR
EVT00070838,2023-12-20,EMP00603,CC0068,PA,3,Lateral Deployment,,CAD,CAN,2023-12-20 22:00:00,CORE_HR
EVT00070857,2023-12-13,EMP03808,CC0087,AS,3,Step Increment,56383.39,CAD,CA,2023-12-13 20:00:00,PAYROLL
EVT00071204,2023-12-07,EMP03062,CC0070,CR,1,Hire,51680.4,CAD,CA,2023-12-08 08:00:00,PAYROLL
EVT00069812,2023-12-22,EMP00286,CC0007,EN,4,Performance Pay,5762.95,EUR,FR,2023-12-22 13:00:00,PAYROLL
EVT00070283,2023-12-13,EMP03947,CC0019,AS,5,Lateral Deployment,,CAD,CAN,2023-12-13 08:00:00,CORE_HR
EVT00071606,2023-12-10,EMP00349,CC0112,EC,3,Step Increment,102317.9,CAD,CA,2023-12-11 07:00:00,PAYROLL
EVT00070992,2023-12-26,EMP03062,CC0070,CR,1,Leave Start,,CAD,CA,2023-12-27 02:00:00,PAYROLL
EVT00070851,2023-12-01,EMP01282,CC0018,AS,2,Leave Start,,CAD,CA,2023-12-01 15:00:00,PAYROLL
EVT00070193,2023-12-15,EMP05008,CC0065,PA,4,Step Increment,72929.99,EUR,FR,2023-12-16 07:00:00,PAYROLL
EVT00069786,2023-12-16,EMP00071,CC0081,EX,2,Step Increment,145354.89,CAD,CAN,2023-12-18 10:00:00,CORE_HR
EVT00069824,2023-12-23,EMP03653,CC0035,PA,1,Step Increment,66601.96,CAD,CAN,2023-12-24 03:00:00,CORE_HR
EVT00070234,2023-12-27,EMP04310,CC0026,EX,1,Step Increment,140554.25,CAD,CAN,2023-12-27 23:00:00,CORE_HR
EVT00071006,2023-12-12,EMP03733,CC0003,CR,1,Leave Start,,CAD,CAN,2023-12-12 14:00:00,CORE_HR
EVT00070228,2023-12-13,EMP04007,CC0027,IT,3,Performance Pay,10172.6,CAD,CAN,2023-12-13 19:00:00,CORE_HR
EVT00071086,2023-12-07,EMP02210,CC0043,EC,1,Step Increment,71068.31,CAD,CAN,2023-12-08 09:00:00,CORE_HR
EVT00071236,2023-12-01,EMP00285,CC0046,EN,3,Leave Return,,MXN,MX,2023-12-02 04:00:00,PAYROLL
EVT00071556,2023-12-04,EMP03421,CC0083,IT,1,Step Increment,75635.67,CAD,CAN,2023-12-05 11:00:00,CORE_HR
EVT00070088,2023-12-04,EMP03092,CC0098,PA,1,Step Increment,70475.06,CAD,CAN,2023-12-05 05:00:00,CORE_HR
EVT00071478,2023-12-07,EMP04147,CC0064,EN,3,Departure,,CAD,CAN,2023-12-07 14:00:00,CORE_HR
EVT00070406,2023-12-04,EMP02632,CC0070,IT,4,Departure,,CAD,CA,2023-12-05 15:00:00,PAYROLL
EVT00069909,2023-12-18,EMP04408,CC0048,PA,2,Step Increment,70226.53,CAD,CAN,2023-12-18 17:00:00,CORE_HR
EVT00070094,2023-12-20,EMP02662,CC0022,EC,1,Leave Start,,CAD,CAN,2023-12-21 08:00:00,CORE_HR
EVT00070616,2023-12-02,EMP02364,CC0005,EX,1,Step Increment,128756.62,CAD,CAN,2023-12-02 09:00:00,CORE_HR
EVT00069769,2023-12-08,EMP04566,CC0045,FI,3,Step Increment,106143.1,CAD,CAN,2023-12-08 14:00:00,CORE_HR
EVT00071656,2023-12-07,EMP04131,CC0035,PA,2,Step Increment,68193.39,CAD,CAN,2023-12-07 15:00:00,CORE_HR
EVT00070799,2023-12-25,EMP00626,CC0050,AS,2,Performance Pay,8726.3,CAD,CAN,2023-12-25 08:00:00,CORE_HR
EVT00070385,2023-12-11,EMP03930,CC0087,EN,1,Leave Return,,CAD,CAN,2023-12-11 11:00:00,CORE_HR
EVT00070508,2023-12-11,EMP02245,CC0049,PA,5,Step Increment,11896885.55,KES,KEN,2023-12-12 10:00:00,CORE_HR
EVT00071415,2023-12-07,EMP03299,CC0112,EX,2,Step Increment,153582.38,CAD,CAN,2023-12-07 19:00:00,CORE_HR
EVT00071258,2023-12-02,EMP04897,CC0068,PA,2,Leave Start,,CAD,CA,2023-12-02 13:00:00,PAYROLL
EVT00071581,2023-12-09,EMP01351,CC0117,CR,2,Departure,,CAD,CA,2023-12-09 06:00:00,PAYROLL
EVT00069818,2023-12-25,EMP04413,CC0105,EX,3,Leave Return,,SGD,SGP,2023-12-25 14:00:00,CORE_HR
EVT00070359,2023-12-21,EMP03371,CC0022,AS,2,Leave Return,,CAD,CA,2023-12-22 14:00:00,PAYROLL
EVT00071469,2023-12-13,EMP03109,CC0093,EX,2,Step Increment,160312.61,CAD,CA,2023-12-13 23:00:00,PAYROLL
EVT00070929,2023-12-22,EMP05000,CC0031,IT,5,Step Increment,13725269.83,KES,KEN,2023-12-23 08:00:00,CORE_HR
EVT00071349,2023-12-05,EMP02967,CC0099,CR,5,Step Increment,66729.98,CAD,CAN,2023-12-05 22:00:00,CORE_HR
EVT00071103,2023-12-04,EMP02923,CC0098,CR,2,Lateral Deployment,,CAD,CA,2023-12-04 10:00:00,PAYROLL
EVT00070513,2023-12-24,EMP02300,CC0115,AS,1,Performance Pay,5240.0,CAD,CA,2023-12-24 21:00:00,PAYROLL
EVT00071008,2023-12-08,EMP03953,CC0063,EN,2,Step Increment,102145.45,CAD,CAN,2023-12-09 07:00:00,CORE_HR
EVT00069625,2023-12-19,EMP04453,CC0114,PA,5,Lateral Deployment,,CAD,CA,2023-12-20 09:00:00,PAYROLL
EVT00070944,2023-12-08,EMP04942,CC0033,FI,4,Lateral Deployment,,CAD,CAN,2023-12-08 17:00:00,CORE_HR
EVT00069669,2023-12-25,EMP03655,CC0105,FI,1,Step Increment,224594.52,AED,ARE,2023-12-25 08:00:00,CORE_HR
EVT00071473,2023-12-09,EMP03932,CC0105,CR,1,Step Increment,52327.77,EUR,FR,2023-12-09 14:00:00,PAYROLL
EVT00070004,2023-12-04,EMP00523,CC0098,FI,3,Leave Start,,CAD,CA,2023-12-04 13:00:00,PAYROLL
EVT00070048,2023-12-22,EMP02499,CC0039,AS,3,Performance Pay,10130.32,CAD,CAN,2023-12-22 08:00:00,CORE_HR
EVT00071633,2023-12-19,EMP00183,CC0043,EN,3,Lateral Deployment,,CAD,CA,2023-12-19 10:00:00,PAYROLL
EVT00070847,2023-12-19,EMP01026,CC0072,FI,1,Step Increment,74388.98,CAD,CA,2023-12-19 09:00:00,PAYROLL
EVT00070860,2023-12-25,EMP01805,CC0032,IT,2,Step Increment,73240.27,CAD,CAN,2023-12-25 13:00:00,CORE_HR
EVT00071608,2023-12-08,EMP03745,CC0103,PA,2,Step Increment,80832.58,CAD,CA,2023-12-08 08:00:00,PAYROLL
EVT00069712,2023-12-04,EMP02413,CC0093,EX,1,Step Increment,138975.7,CAD,CAN,2023-12-04 21:00:00,CORE_HR
EVT00069649,2023-12-11,EMP05079,CC0115,EN,1,Step Increment,82119.19,CAD,CAN,2023-12-12 09:00:00,CORE_HR
EVT00071231,2023-12-03,EMP03923,CC0118,PA,4,Performance Pay,11486.35,CAD,CAN,2023-12-04 00:00:00,CORE_HR
EVT00071338,2023-12-08,EMP02011,CC0038,IT,3,Hire,-115256.26,CAD,CAN,2023-12-09 01:00:00,CORE_HR
EVT00070823,2023-12-19,EMP00126,CC0058,IT,3,Leave Start,,XXX,CA,2023-12-19 20:00:00,PAYROLL
EVT00069855,2023-12-20,EMP02650,CC0017,PA,4,Performance Pay,10766.5,CAD,CA,2023-12-20 16:00:00,PAYROLL
EVT00070160,2023-12-15,EMP04585,CC0061,PA,1,Step Increment,63507.95,CAD,CA,2023-12-15 16:00:00,PAYROLL
EVT00071513,2023-12-03,EMP01439,CC0063,PA,2,Step Increment,75148.97,CAD,CA,2023-12-03 14:00:00,PAYROLL
EVT00071665,2023-12-17,EMP03525,CC0116,CR,5,Step Increment,81654.51,CAD,CAN,2023-12-18 11:00:00,CORE_HR
EVT00070022,2023-12-18,EMP05132,CC0021,IT,3,Step Increment,111491.5,CAD,CAN,2023-12-19 03:00:00,CORE_HR
EVT00069888,2023-12-13,EMP05132,CC0021,IT,3,Hire,102011.86,CAD,CAN,2023-12-13 13:00:00,CORE_HR
EVT00070288,2023-12-20,EMP02842,CC0039,CR,2,Step Increment,50666.91,CAD,CAN,2023-12-20 12:00:00,CORE_HR
EVT00070739,2023-12-10,EMP03306,CC0053,FI,1,Performance Pay,8231.06,CAD,CA,2023-12-11 12:00:00,PAYROLL
EVT00070817,2023-12-16,EMP02761,CC0117,PA,1,Leave Return,,CAD,CAN,2023-12-16 08:00:00,CORE_HR
EVT00071317,2023-12-17,EMP04413,CC0105,EX,3,Leave Start,,EUR,DE,2023-12-18 04:00:00,PAYROLL
EVT00070092,2023-12-24,EMP01480,CC0103,IT,2,Lateral Deployment,,CAD,CAN,2023-12-24 20:00:00,CORE_HR
EVT00070930,2023-12-23,EMP01053,CC0095,PA,2,Leave Start,,CAD,CAN,2023-12-23 20:00:00,CORE_HR
EVT00070411,2023-12-10,EMP00750,CC0022,AS,1,Leave Start,,CAD,CA,2023-12-12 21:00:00,PAYROLL
EVT00071254,2023-12-09,EMP00566,CC0032,IT,3,Lateral Deployment,,CAD,CAN,2023-12-11 14:00:00,CORE_HR
EVT00071131,2023-12-26,EMP00136,CC0001,IT,1,Lateral Deployment,,CAD,CA,2023-12-27 11:00:00,PAYROLL
EVT00070456,2023-12-17,EMP00969,CC0029,EC,2,Lateral Deployment,,EUR,DEU,2023-12-17 20:00:00,CORE_HR
EVT00069921,2023-12-13,EMP00694,CC0008,EC,3,Promotion,96395.48,CAD,CAN,2023-12-14 15:00:00,CORE_HR
EVT00071481,2023-12-16,EMP04307,CC0089,EC,4,Promotion,110372.4,CAD,CA,2023-12-16 17:00:00,PAYROLL
EVT00069861,2023-12-03,EMP02603,CC0056,PA,1,Hire,62194.67,CAD,CA,2023-12-03 19:00:00,PAYROLL
EVT00071247,2023-12-14,EMP03984,CC0042,CR,4,Performance Pay,7089.83,CAD,CA,2023-12-14 21:00:00,PAYROLL
EVT00070305,2023-12-13,EMP04129,CC0055,PA,5,Performance Pay,4290.51,CAD,CAN,2023-12-14 05:00:00,CORE_HR
EVT00070678,2023-12-01,EMP00661,CC0012,PA,1,Performance Pay,3842.17,CAD,CA,2023-12-01 18:00:00,PAYROLL
EVT00071559,2023-12-02,EMP04171,CC0120,IT,2,Leave Return,,CAD,CAN,2023-12-02 23:00:00,CORE_HR
EVT00070861,2023-12-19,EMP03193,CC0108,FI,2,Lateral Deployment,,SGD,SGP,2023-12-19 11:00:00,CORE_HR
EVT00070562,2023-12-21,EMP04641,CC0051,EN,3,Performance Pay,12761.67,CAD,CAN,2023-12-21 18:00:00,CORE_HR
EVT00071022,2023-12-02,EMP01245,CC0081,EX,1,Departure,,CAD,CAN,2023-12-03 02:00:00,CORE_HR
