event_id,event_date,employee_id,cost_center_id,classification_group,classification_level,event_type,amount_local,local_currency,work_country_code,ingest_ts,source_system
EVT00110075,2025-08-11,EMP02566,CC0077,PA,4,Step Increment,88199.51,CAD,CA,2025-08-12 00:00:00,PAYROLL
EVT00109848,2025-08-02,EMP01686,CC0103,IT,3,Leave Start,,CAD,CA,2025-08-03 00:00:00,PAYROLL
EVT00110578,2025-08-09,EMP02871,CC0116,IT,1,Hire,95965.99,CAD,CAN,2025-08-09 20:00:00,CORE_HR
EVT00110310,2025-08-13,EMP05196,CC0004,EX,1,Performance Pay,16787.96,CAD,CAN,2025-08-13 18:00:00,CORE_HR
EVT00109906,2025-08-11,EMP02836,CC0047,EX,1,Step Increment,142789.69,CAD,CA,2025-08-11 14:00:00,PAYROLL
EVT00111243,2025-08-15,EMP02568,CC0003,EX,2,Step Increment,198913.97,CAD,CAN,2025-08-15 10:00:00,CORE_HR
EVT00110077,2025-08-01,EMP01333,CC0119,EC,4,Leave Return,,CAD,CAN,2025-08-02 05:00:00,CORE_HR
EVT00110702,2025-08-24,EMP01337,CC0025,IT,2,Step Increment,105009.75,CAD,CA,2025-08-25 00:00:00,PAYROLL
EVT00110228,2025-08-25,EMP01164,CC0119,AS,1,Performance Pay,4805.26,CAD,CAN,2025-08-25 20:00:00,CORE_HR
EVT00110112,2025-08-15,EMP00836,CC0118,AS,1,Performance Pay,3337.68,CAD,CA,2025-08-15 23:00:00,PAYROLL
EVT00111008,2025-08-15,EMP04096,CC0027,EX,1,Promotion,154410.61,CAD,CAN,2025-08-15 10:00:00,CORE_HR
EVT00110347,2025-08-11,EMP03350,CC0053,PA,5,Leave Return,,CAD,CAN,2025-08-11 10:00:00,CORE_HR
EVT00111255,2025-08-23,EMP00463,CC0054,EC,2,Leave Start,,AED,AE,2025-08-23 23:00:00,PAYROLL
EVT00110978,2025-08-04,EMP04257,CC0053,AS,2,Performance Pay,3138.08,CAD,CA,2025-08-05 11:00:00,PAYROLL
EVT00110644,2025-08-04,EMP03970,CC0098,PA,4,Hire,102702.43,CAD,CAN,2025-08-04 08:00:00,CORE_HR
EVT00110040,2025-08-15,EMP04792,CC0020,IT,2,Step Increment,99849.58,CAD,CAN,2025-08-15 12:00:00,CORE_HR
EVT00110393,2025-08-05,EMP01551,CC0025,CR,1,Leave Start,,CAD,CA,2025-08-05 18:00:00,PAYROLL
EVT00110621,2025-08-15,EMP04724,CC0033,FI,2,Leave Return,,CAD,CA,2025-08-15 06:00:00,PAYROLL
EVT00109712,2025-08-09,EMP03959,CC0048,AS,2,Performance Pay,9488.81,CAD,CAN,2025-08-10 08:00:00,CORE_HR
EVT00109750,2025-08-18,EMP00376,CC0001,EX,1,Promotion,142264.05,CAD,CA,2025-08-18 12:00:00,PAYROLL
EVT00109612,2025-08-02,EMP02155,CC0114,EX,1,Leave Start,,CAD,CAN,2025-08-03 07:00:00,CORE_HR
EVT00110115,2025-08-19,EMP02026,CC0094,EC,3,Leave Start,,CAD,CAN,2025-08-19 14:00:00,CORE_HR
EVT00110487,2025-08-23,EMP03715,CC0023,PA,1,Leave Start,,CAD,CAN,2025-08-24 07:00:00,CORE_HR
EVT00110670,2025-08-01,EMP05018,CC0028,PA,1,Leave Return,,CAD,CA,2025-08-02 08:00:00,PAYROLL
EVT00111225,2025-08-05,EMP00577,CC0091,CR,3,Leave Start,,CAD,CAN,2025-08-05 08:00:00,CORE_HR
EVT00110098,2025-08-21,EMP00666,CC0118,PA,3,Step Increment,90191.56,CAD,CA,2025-08-21 11:00:00,PAYROLL
EVT00110028,2025-08-18,EMP03171,CC0022,EC,2,Leave Start,,CAD,CA,2025-08-18 20:00:00,PAYROLL
EVT00111270,2025-08-09,EMP01692,CC0018,FI,2,Leave Return,,CAD,CAN,2025-08-10 06:00:00,CORE_HR
EVT00111381,2025-08-06,EMP04990,CC0022,PA,3,Step Increment,86454.93,CAD,CA,2025-08-06 23:00:00,PAYROLL
EVT00110446,2025-08-25,EMP02931,CC0003,EC,1,Step Increment,87450.4,CAD,CAN,2025-08-25 09:00:00,CORE_HR
EVT00110509,2025-08-17,EMP03498,CC0052,AS,1,Step Increment,-59365.85,CAD,CAN,2025-08-17 10:00:00,CORE_HR
EVT00111453,2025-08-10,EMP01566,CC0083,PA,2,Leave Start,,CAD,CAN,2025-08-11 13:00:00,CORE_HR
EVT00110208,2025-08-20,EMP02562,CC0097,IT,3,Performance Pay,5732.11,CAD,CA,2025-08-20 15:00:00,PAYROLL
EVT00110575,2025-08-05,EMP04613,CC0046,IT,3,Step Increment,170509.26,AUD,AUS,2025-08-05 20:00:00,CORE_HR
EVT00110673,2025-08-18,EMP03463,CC0035,IT,1,Step Increment,89680.31,CAD,CA,2025-08-19 03:00:00,PAYROLL
EVT00109834,2025-08-18,EMP01233,CC0007,AS,1,Step Increment,42158.8,EUR,FR,2025-08-19 01:00:00,PAYROLL
EVT00110361,2025-08-06,EMP02866,CC0032,PA,2,Departure,,CAD,CAN,2025-08-06 06:00:00,CORE_HR
EVT00111464,2025-08-19,EMP03919,CC0083,PA,4,Step Increment,71712.52,CAD,CA,2025-08-20 03:00:00,PAYROLL
EVT00109694,2025-08-06,EMP04572,CC0057,AS,1,Step Increment,75635.74,CAD,CAN,2025-08-07 10:00:00,CORE_HR
EVT00110415,2025-08-23,EMP04729,CC0086,EC,3,Step Increment,425621.96,BRL,BRA,2025-08-23 06:00:00,CORE_HR
EVT00111379,2025-08-01,EMP01547,CC0093,PA,3,Leave Start,,CAD,CAN,2025-08-02 02:00:00,CORE_HR
EVT00110935,2025-08-13,EMP02536,CC0039,IT,1,Lateral Deployment,,CAD,CA,2025-08-13 16:00:00,PAYROLL
EVT00111129,2025-08-03,EMP02473,CC0060,PA,4,Leave Start,,CAD,CAN,2025-08-04 01:00:00,CORE_HR
EVT00110402,2025-08-13,EMP00212,CC0043,FI,1,Lateral Deployment,,CAD,CAN,2025-08-15 00:00:00,CORE_HR
EVT00111426,2025-08-01,EMP00183,CC0043,EN,3,Lateral Deployment,,CAD,CAN,2025-08-01 10:00:00,CORE_HR
EVT00110010,2025-08-19,EMP01022,CC0111,CR,1,Step Increment,843296.18,MXN,MEX,2025-08-20 03:00:00,CORE_HR
EVT00110173,2025-08-08,EMP03412,CC0052,IT,2,Leave Start,,CAD,CAN,2025-08-08 13:00:00,CORE_HR
EVT00110006,2025-08-10,EMP02542,CC0089,AS,3,Leave Start,,CAD,CA,2025-08-10 18:00:00,PAYROLL
EVT00110360,2025-08-02,EMP03011,CC0081,FI,3,Leave Start,,CAD,CAN,2025-08-03 13:00:00,CORE_HR
EVT00109794,2025-08-11,EMP01642,CC0011,PA,2,Performance Pay,7468.89,CAD,CA,2025-08-12 05:00:00,PAYROLL
EVT00110176,2025-08-13,EMP01226,CC0047,EC,4,Performance Pay,16970.71,CAD,CA,2025-08-13 17:00:00,PAYROLL
EVT00109547,2025-08-14,EMP01542,CC0034,IT,2,Step Increment,105551.15,CAD,CAN,2025-08-17 16:00:00,CORE_HR
EVT00110699,2025-08-20,EMP02246,CC0067,PA,2,Step Increment,93064.59,CAD,CA,2025-08-23 07:00:00,PAYROLL
EVT00111462,2025-08-09,EMP01836,CC0011,EC,2,Step Increment,88644.69,CAD,CAN,2025-08-10 10:00:00,CORE_HR
EVT00109674,2025-08-21,EMP02477,CC0084,CR,1,Lateral Deployment,,CAD,CAN,2025-08-21 10:00:00,CORE_HR
EVT00110576,2025-08-27,EMP00604,CC0018,EX,3,Leave Start,,CAD,CA,2025-08-27 23:00:00,PAYROLL
EVT00110734,2025-08-03,EMP02768,CC0001,EN,3,Lateral Deployment,,CAD,CAN,2025-08-03 20:00:00,CORE_HR
EVT00110280,2025-08-18,EMP00328,CC0022,IT,2,Performance Pay,8288.93,CAD,CA,2025-08-19 02:00:00,PAYROLL
EVT00110140,2025-08-18,EMP00608,CC0052,PA,1,Leave Return,,CAD,CAN,2025-08-18 12:00:00,CORE_HR
EVT00111234,2025-08-13,EMP01674,CC0016,EN,1,Leave Return,,CAD,CAN,2025-08-14 05:00:00,CORE_HR
EVT00110883,2025-08-26,EMP01957,CC0096,AS,2,Step Increment,66803.24,CAD,CAN,2025-08-27 14:00:00,CORE_HR
EVT00109891,2025-08-16,EMP02128,CC0061,PA,1,Step Increment,63466.08,CAD,CA,2025-08-16 16:00:00,PAYROLL
EVT00109519,2025-08-13,EMP02410,CC0048,IT,1,Step Increment,79386.21,CAD,CA,2025-08-13 17:00:00,PAYROLL
EVT00110477,2025-08-15,EMP04836,CC0099,EC,3,Departure,,CAD,CAN,2025-08-15 09:00:00,CORE_HR
EVT00111197,2025-08-01,EMP01439,CC0063,PA,2,Leave Return,,CAD,CAN,2025-08-01 15:00:00,CORE_HR
EVT00110640,2025-08-04,EMP01998,CC0081,EX,1,Leave Start,,CAD,CA,2025-08-05 10:00:00,PAYROLL
EVT00111299,2025-08-22,EMP01478,CC0001,PA,1,Lateral Deployment,,CAD,CAN,2025-08-23 03:00:00,CORE_HR
EVT00109506,2025-08-03,EMP02301,CC0117,AS,1,Promotion,67183.31,CAD,CAN,2025-08-04 08:00:00,CORE_HR
EVT00110083,2025-08-09,EMP02870,CC0015,CR,3,Lateral Deployment,,CAD,CAN,2025-08-09 19:00:00,CORE_HR
EVT00110949,2025-08-16,EMP03031,CC0107,IT,3,Leave Return,,CAD,CAN,2025-08-17 01:00:00,CORE_HR
EVT00109975,2025-08-14,EMP00577,CC0091,CR,3,Leave Start,,CAD,CA,2025-08-15 03:00:00,PAYROLL
EVT00111451,2025-08-25,EMP01687,CC0012,EX,1,Leave Return,,CAD,CAN,2025-08-26 01:00:00,CORE_HR
EVT00111169,2025-08-08,EMP01396,CC0045,AS,2,Step Increment,72421.43,CAD,CAN,2025-08-08 14:00:00,CORE_HR
EVT00110776,2025-08-01,EMP00580,CC0112,PA,5,Leave Return,,CAD,CAN,2025-08-02 12:00:00,CORE_HR
EVT00110368,2025-08-17,EMP04973,CC0085,AS,4,Performance Pay,5252.27,CAD,CA,2025-08-17 13:00:00,PAYROLL
EVT00110807,2025-08-17,EMP02952,CC0002,FI,3,Leave Start,,CAD,CAN,2025-08-17 06:00:00,CORE_HR
EVT00111516,2025-08-14,EMP05182,CC0049,AS,4,Departure,,MXN,MEX,2025-08-14 18:00:00,CORE_HR
EVT00109925,2025-08-14,EMP04188,CC0026,IT,5,Leave Return,,CAD,CA,2025-08-15 07:00:00,PAYROLL
EVT00110489,2025-08-19,EMP04026,CC0116,CR,1,Lateral Deployment,,CAD,CA,2025-08-19 14:00:00,PAYROLL
EVT00110336,2025-08-27,EMP02809,CC0027,AS,2,Departure,,CAD,CAN,2025-08-28 12:00:00,CORE_HR
EVT00110818,2025-08-05,EMP01366,CC0026,PA,3,Step Increment,86409.34,CAD,CAN,2025-08-06 12:00:00,CORE_HR
EVT00110793,2025-08-19,EMP04713,CC0008,PA,3,Step Increment,88619.64,CAD,CA,2025-08-19 09:00:00,PAYROLL
EVT00110389,2025-08-12,EMP00751,CC0117,IT,5,Performance Pay,8645.65,CAD,CAN,2025-08-13 07:00:00,CORE_HR
EVT00109751,2025-08-06,EMP03987,CC0081,CR,1,Step Increment,65883.02,CAD,CA,2025-08-06 22:00:00,PAYROLL
EVT00109652,2025-08-25,EMP00498,CC0117,IT,1,Promotion,92040.35,CAD,CA,2025-08-25 23:00:00,PAYROLL
EVT00110609,2025-08-12,EMP03201,CC0113,CR,3,Leave Start,,CAD,CAN,2025-08-12 13:00:00,CORE_HR
EVT00110142,2025-08-24,EMP02794,CC0035,EC,2,Step Increment,94050.07,CAD,CA,2025-08-25 02:00:00,PAYROLL
EVT00110388,2025-08-11,EMP01150,CC0086,AS,3,Leave Start,,EUR,FR,2025-08-11 14:00:00,PAYROLL
EVT00111324,2025-08-09,EMP02437,CC0024,EC,4,Performance Pay,14901.02,CAD,CAN,2025-08-10 05:00:00,CORE_HR
EVT00111112,2025-08-06,EMP00500,CC0042,PA,1,Leave Return,,CAD,CA,2025-08-08 12:00:00,PAYROLL
EVT00110001,2025-08-15,EMP04759,CC0072,EC,2,Leave Return,,CAD,CAN,2025-08-15 22:00:00,CORE_HR
EVT00111074,2025-08-27,EMP03533,CC0062,IT,4,Step Increment,127571.24,CAD,CA,2025-08-28 01:00:00,PAYROLL
EVT00111001,2025-08-17,EMP03754,CC0080,FI,4,Leave Start,,JPY,JPN,2025-08-18 04:00:00,CORE_HR
EVT00110133,2025-08-16,EMP01420,CC0012,EN,2,Step Increment,105697.92,CAD,CA,2025-08-16 09:00:00,PAYROLL
EVT00111298,2025-08-15,EMP01866,CC0092,IT,1,Step Increment,69660.02,CAD,CA,2025-08-16 01:00:00,PAYROLL
EVT00111206,2025-08-08,EMP02025,CC0108,PA,1,Leave Start,,EUR,DEU,2025-08-09 10:00:00,CORE_HR
EVT00110981,2025-08-19,EMP04320,CC0110,EN,3,Step Increment,127848.56,CAD,CAN,2025-08-20 01:00:00,CORE_HR
EVT00110713,2025-08-19,EMP00872,CC0004,IT,4,Step Increment,136348.57,CAD,CA,2025-08-20 13:00:00,PAYROLL
EVT00109700,2025-08-23,EMP01157,CC0085,EC,3,Performance Pay,8666.91,CAD,CAN,2025-08-23 19:00:00,CORE_HR
EVT00109707,2025-08-05,EMP02061,CC0001,FI,5,Promotion,104879.78,CAD,CAN,2025-08-06 08:00:00,CORE_HR
EVT00110854,2025-08-27,EMP04215,CC0024,EX,1,Leave Return,,CAD,CAN,2025-08-27 18:00:00,CORE_HR
EVT00111114,2025-08-11,EMP00043,CC0092,EC,3,Hire,103595.53,CAD,CAN,2025-08-11 08:00:00,CORE_HR
EVT00110086,2025-08-18,EMP04068,CC0011,PA,1,Leave Return,,CAD,CAN,2025-08-19 01:00:00,CORE_HR
EVT00110139,2025-08-17,EMP02954,CC0094,AS,4,Performance Pay,5141.74,CAD,CAN,2025-08-17 07:00:00,CORE_HR
EVT00110890,2025-08-25,EMP00341,CC0008,AS,5,Performance Pay,4763.41,CAD,CA,2025-08-26 10:00:00,PAYROLL
EVT00110131,2025-08-10,EMP04154,CC0029,EX,2,Performance Pay,6337.77,SGD,SGP,2025-08-11 13:00:00,CORE_HR
EVT00111475,2025-08-20,EMP02741,CC0111,CR,3,Lateral Deployment,,MXN,MEX,2025-08-21 12:00:00,CORE_HR
EVT00109763,2025-08-05,EMP00938,CC0113,IT,4,Leave Start,,CAD,CA,2025-08-06 05:00:00,PAYROLL
EVT00110051,2025-08-07,EMP03646,CC0109,CR,3,Step Increment,63863.73,CAD,CA,2025-08-07 13:00:00,PAYROLL
EVT00109638,2025-08-07,EMP99999,CC0076,CR,4,Leave Return,,CAD,CAN,2025-08-07 22:00:00,CORE_HR
EVT00110263,2025-08-15,EMP01916,CC0038,CR,1,Leave Start,,CAD,CA,2025-08-15 13:00:00,PAYROLL
EVT00111408,2025-08-07,EMP01235,CC0114,EX,2,Step Increment,168424.12,CAD,CA,2025-08-08 14:00:00,PAYROLL
EVT00111498,2025-08-18,EMP05035,CC0090,PA,2,Lateral Deployment,,CAD,CA,2025-08-18 18:00:00,PAYROLL
EVT00109543,2025-08-13,EMP02092,CC0087,IT,5,Step Increment,136682.65,CAD,CAN,2025-08-13 10:00:00,CORE_HR
EVT00110672,2025-08-08,EMP04423,CC0081,PA,1,Leave Return,,CAD,CA,2025-08-11 06:00:00,PAYROLL
EVT00110608,2025-08-18,EMP02149,CC0016,EC,1,Leave Start,,CAD,CA,2025-08-18 22:00:00,PAYROLL
EVT00109940,2025-08-09,EMP05137,CC0053,AS,1,Step Increment,69949.22,CAD,CAN,2025-08-09 09:00:00,CORE_HR
EVT00110387,2025-08-03,EMP02810,CC0062,CR,3,Step Increment,74660.15,CAD,CA,2025-08-04 12:00:00,PAYROLL
EVT00110814,2025-08-25,EMP00172,CC0111,PA,5,Leave Start,,GBP,GB,2025-08-26 04:00:00,PAYROLL
EVT00109564,2025-08-07,EMP00850,CC0051,CR,3,Departure,,CAD,CAN,2025-08-07 06:00:00,CORE_HR
EVT00111421,2025-08-04,EMP01817,CC0064,AS,3,Lateral Deployment,,CAD,CAN,2025-08-05 09:00:00,CORE_HR
EVT00110376,2025-08-02,EMP03100,CC0087,EC,2,Hire,97381.87,CAD,CA,2025-08-02 20:00:00,PAYROLL
EVT00111407,2025-08-04,EMP04997,CC0033,FI,3,Leave Return,,CAD,CAN,2025-08-04 14:00:00,CORE_HR
EVT00109931,2025-08-01,EMP00363,CC0069,AS,4,Step Increment,77009.27,CAD,CAN,2025-08-01 18:00:00,CORE_HR
EVT00109498,2025-08-03,EMP02989,CC0070,AS,5,Step Increment,80184.01,CAD,CA,2025-08-04 05:00:00,PAYROLL
EVT00110836,2025-08-18,EMP00310,CC0088,EN,1,Step Increment,5328092.46,INR,IN,2025-08-18 23:00:00,PAYROLL
EVT00109935,2025-08-02,EMP02722,CC0066,PA,3,Step Increment,79356.26,CAD,CAN,2025-08-03 13:00:00,CORE_HR
EVT00110717,2025-08-19,EMP04830,CC0093,IT,1,Step Increment,92549.34,CAD,CAN,2025-08-21 21:00:00,CORE_HR
EVT00110520,2025-08-25,EMP03747,CC0118,CR,2,Leave Return,,CAD,CAN,2025-08-25 19:00:00,CORE_HR
EVT00111521,2025-08-21,EMP02160,CC0089,PA,1,Performance Pay,3852.7,CAD,CAN,2025-08-21 08:00:00,CORE_HR
EVT00109895,2025-08-12,EMP02273,CC0059,FI,5,Leave Return,,CAD,CA,2025-08-13 12:00:00,PAYROLL
EVT00111506,2025-08-10,EMP02449,CC0023,FI,2,Step Increment,94136.33,CAD,CAN,2025-08-10 18:00:00,CORE_HR
EVT00111085,2025-08-17,EMP04524,CC0010,EX,1,Step Increment,142567.48,CAD,CA,2025-08-18 09:00:00,PAYROLL
EVT00110197,2025-08-07,EMP05070,CC0055,CR,4,Lateral Deployment,,CAD,CAN,2025-08-07 15:00:00,CORE_HR
EVT00109971,2025-08-18,EMP00135,CC0117,PA,2,Step Increment,81392.48,CAD,CA,2025-08-18 13:00:00,PAYROLL
EVT00109646,2025-08-05,EMP02640,CC0115,PA,1,Leave Return,,CAD,CAN,2025-08-05 14:00:00,CORE_HR
EVT00111378,2025-08-10,EMP03510,CC0056,PA,1,Leave Return,,CAD,CAN,2025-08-10 13:00:00,CORE_HR
EVT00110413,2025-08-07,EMP04330,CC0110,FI,2,Lateral Deployment,,CAD,CAN,2025-08-07 23:00:00,CORE_HR
EVT00111518,2025-08-23,EMP04554,CC0002,CR,4,Leave Return,,CAD,CA,2025-08-24 05:00:00,PAYROLL
EVT00110652,2025-08-02,EMP01769,CC0053,AS,2,Departure,,CAD,CAN,2025-08-03 11:00:00,CORE_HR
EVT00110932,2025-08-27,EMP02528,CC0007,AS,1,Promotion,174500.98,AED,ARE,2025-08-28 14:00:00,CORE_HR
EVT00110780,2025-08-02,EMP01739,CC0119,EN,3,Leave Start,,CAD,CAN,2025-08-02 11:00:00,CORE_HR
EVT00109727,2025-08-03,EMP00638,CC0092,CR,3,Step Increment,76137.6,CAD,CAN,2025-08-05 00:00:00,CORE_HR
EVT00110043,2025-08-20,EMP01116,CC0065,FI,3,Leave Start,,MXN,MX,2025-08-20 10:00:00,PAYROLL
EVT00110343,2025-08-19,EMP04003,CC0042,PA,4,Step Increment,91316.74,CAD,CAN,2025-08-20 00:00:00,CORE_HR
EVT00110518,2025-08-10,EMP02492,CC0089,PA,2,Performance Pay,5328.11,CAD,CAN,2025-08-11 03:00:00,CORE_HR
EVT00109516,2025-08-10,EMP00730,CC0043,IT,3,Step Increment,120737.1,CAD,CAN,2025-08-11 04:00:00,CORE_HR
EVT00111415,2025-08-02,EMP01288,CC0019,EN,2,Step Increment,98426.63,CAD,CA,2025-08-02 14:00:00,PAYROLL
EVT00110188,2025-08-25,EMP01707,CC0014,PA,1,Promotion,68734.54,CAD,CAN,2025-08-25 08:00:00,CORE_HR
EVT00111428,2025-08-20,EMP00406,CC0065,AS,5,Leave Start,,AUD,AUS,2025-08-20 06:00:00,CORE_HR
EVT00111257,2025-08-15,EMP00788,CC0027,AS,5,Step Increment,75792.15,CAD,CAN,2025-08-15 17:00:00,CORE_HR
EVT00110002,2025-08-11,EMP00964,CC0120,EC,1,Leave Return,,CAD,CAN,2025-08-11 21:00:00,CORE_HR
EVT00111036,2025-08-21,EMP04061,CC0074,EC,1,Performance Pay,18711.67,AED,ARE,2025-08-24 03:00:00,CORE_HR
EVT00110904,2025-08-06,EMP01461,CC0092,FI,3,Performance Pay,11680.62,CAD,CAN,2025-08-07 14:00:00,CORE_HR
EVT00110080,2025-08-02,EMP04850,CC0010,AS,2,Performance Pay,7771.37,CAD,CAN,2025-08-03 02:00:00,CORE_HR
EVT00109905,2025-08-21,EMP01941,CC0071,CR,3,Leave Start,,CAD,CA,2025-08-22 10:00:00,PAYROLL
EVT00109734,2025-08-10,EMP04078,CC0101,PA,1,Leave Start,,CAD,CAN,2025-08-11 14:00:00,CORE_HR
EVT00110963,2025-08-18,EMP03802,CC0119,AS,2,Step Increment,80414.76,CAD,CAN,2025-08-18 11:00:00,CORE_HR
EVT00111306,2025-08-11,EMP00350,CC0067,PA,4,Leave Start,,CAD,CAN,2025-08-12 13:00:00,CORE_HR
EVT00109606,2025-08-01,EMP02209,CC0022,EX,1,Leave Start,,CAD,CAN,2025-08-01 19:00:00,CORE_HR
EVT00110800,2025-08-25,EMP04519,CC0036,FI,2,Leave Start,,CAD,CAN,2025-08-26 12:00:00,CORE_HR
EVT00110659,2025-08-15,EMP00197,CC0100,PA,1,Lateral Deployment,,CAD,CA,2025-08-16 06:00:00,PAYROLL
EVT00110559,2025-08-16,EMP00875,CC0008,CR,1,Leave Return,,CAD,CAN,2025-08-17 15:00:00,CORE_HR
EVT00111262,2025-08-11,EMP03865,CC0067,EC,2,Performance Pay,12727.48,CAD,CAN,2025-08-12 09:00:00,CORE_HR
EVT00110184,2025-08-04,EMP01901,CC0099,AS,2,Departure,,CAD,CA,2025-08-04 08:00:00,PAYROLL
EVT00110525,2025-08-16,EMP01895,CC0082,FI,2,Step Increment,82900.54,CAD,CAN,2025-08-17 15:00:00,CORE_HR
EVT00109650,2025-08-08,EMP01867,CC0115,CR,2,Lateral Deployment,,CAD,CAN,2025-08-09 14:00:00,CORE_HR
EVT00110331,2025-08-16,EMP03663,CC0074,FI,1,Step Increment,271743.54,BRL,BRA,2025-08-17 06:00:00,CORE_HR
EVT00110855,2025-08-03,EMP01059,CC0108,PA,1,Leave Start,,USD,USA,2025-08-04 03:00:00,CORE_HR
EVT00110217,2025-08-10,EMP05012,CC0080,PA,1,Hire,92058.97,AUD,AUS,2025-08-10 12:00:00,CORE_HR
EVT00110834,2025-08-08,EMP03918,CC0094,EX,2,Performance Pay,23554.08,CAD,CA,2025-08-08 18:00:00,PAYROLL
EVT00110464,2025-08-08,EMP03084,CC0072,AS,3,Leave Start,,CAD,CAN,2025-08-08 20:00:00,CORE_HR
EVT00110873,2025-08-11,EMP03921,CC0046,IT,1,Hire,63592.67,SGD,SG,2025-08-12 02:00:00,PAYROLL
EVT00111311,2025-08-06,EMP02281,CC0065,PA,3,Step Increment,50359.92,SGD,SG,2025-08-06 09:00:00,PAYROLL
EVT00110524,2025-08-15,EMP01422,CC0099,IT,2,Step Increment,110863.36,CAD,CAN,2025-08-16 04:00:00,CORE_HR
EVT00111392,2025-08-18,EMP02996,CC0114,PA,5,Promotion,99202.1,CAD,CAN,2025-08-18 23:00:00,CORE_HR
EVT00110498,2025-08-19,EMP05006,CC0016,PA,5,Performance Pay,11190.16,CAD,CA,2025-08-20 09:00:00,PAYROLL
EVT00111166,2025-08-14,EMP04016,CC0001,AS,1,Lateral Deployment,,CAD,CAN,2025-08-14 09:00:00,CORE_HR
EVT00110067,2025-08-21,EMP02632,CC0070,IT,4,Departure,,CAD,CA,2025-08-21 23:00:00,PAYROLL
EVT00111416,2025-08-16,EMP01380,CC0019,PA,2,Leave Start,,CAD,CAN,2025-08-16 09:00:00,CORE_HR
EVT00109815,2025-08-15,EMP03761,CC0041,AS,5,Departure,,CAD,CA,2025-08-15 17:00:00,PAYROLL
EVT00110618,2025-08-15,EMP04234,CC0029,FI,3,Departure,,KES,KE,2025-08-17 22:00:00,PAYROLL
EVT00109964,2025-08-27,EMP01004,CC0016,CR,2,Promotion,66273.76,CAD,CA,2025-08-28 08:00:00,PAYROLL
EVT00109588,2025-08-20,EMP04444,CC0071,FI,2,Promotion,93162.05,CAD,CAN,2025-08-21 04:00:00,CORE_HR
EVT00110658,2025-08-01,EMP03062,CC0070,CR,1,Step Increment,51385.87,CAD,CAN,2025-08-02 09:00:00,CORE_HR
EVT00109894,2025-08-13,EMP01964,CC0115,EC,4,Leave Return,,CAD,CAN,2025-08-14 11:00:00,CORE_HR
EVT00109767,2025-08-03,EMP04530,CC0079,IT,4,Leave Start,,CAD,CAN,2025-08-04 15:00:00,CORE_HR
EVT00109608,2025-08-07,EMP02912,CC0036,CR,4,Leave Start,,CAD,CAN,2025-08-10 02:00:00,CORE_HR
EVT00110829,2025-08-27,EMP04326,CC0079,PA,1,Hire,73916.33,CAD,CAN,2025-08-27 06:00:00,CORE_HR
EVT00109909,2025-08-19,EMP02154,CC0016,IT,1,Leave Start,,CAD,CAN,2025-08-19 10:00:00,CORE_HR
EVT00110711,2025-08-24,EMP04128,CC0051,IT,2,Lateral Deployment,,CAD,CAN,2025-08-24 22:00:00,CORE_HR
EVT00109682,2025-08-08,EMP03508,CC0020,AS,1,Step Increment,63794.62,CAD,CA,2025-08-11 13:00:00,PAYROLL
EVT00110350,2025-08-03,EMP05170,CC0096,CR,1,Leave Return,,CAD,CA,2025-08-04 01:00:00,PAYROLL
EVT00109681,2025-08-05,EMP03370,CC0015,PA,1,Step Increment,66807.23,CAD,CAN,2025-08-06 02:00:00,CORE_HR
EVT00110620,2025-08-16,EMP01673,CC0094,AS,2,Leave Return,,CAD,CA,2025-08-16 09:00:00,PAYROLL
EVT00110115,2025-08-19,EMP02026,CC0094,EC,3,Leave Start,,CAD,CAN,2025-08-21 10:00:00,CORE_HR
EVT00110241,2025-08-04,EMP04086,CC0063,EN,4,Step Increment,131822.05,CAD,CAN,2025-08-04 07:00:00,CORE_HR
EVT00111285,2025-08-13,EMP04365,CC0032,CR,2,Performance Pay,3690.51,CAD,CAN,2025-08-13 23:00:00,CORE_HR
EVT00111339,2025-08-01,EMP04762,CC0090,EN,1,Lateral Deployment,,CAD,CAN,2025-08-02 13:00:00,CORE_HR
EVT00109874,2025-08-07,EMP02318,CC0043,AS,4,Step Increment,78147.34,CAD,CAN,2025-08-08 08:00:00,CORE_HR
EVT00110615,2025-08-25,EMP03853,CC0048,PA,1,Performance Pay,2868.54,CAD,CAN,2025-08-27 10:00:00,CORE_HR
EVT00109998,2025-08-10,EMP04734,CC0117,IT,1,Lateral Deployment,,CAD,CAN,2025-08-11 15:00:00,CORE_HR
EVT00111415,1900-01-01,EMP01288,CC0019,EN,2,Step Increment,98426.63,CAD,CA,2025-08-05 09:00:00,PAYROLL
EVT00109812,2025-08-14,EMP01951,CC0082,EN,2,Performance Pay,5234.78,CAD,CA,2025-08-15 01:00:00,PAYROLL
EVT00109607,2025-08-15,EMP99999,CC0097,PA,1,Lateral Deployment,,CAD,CAN,2025-08-16 14:00:00,CORE_HR
EVT00109608,2025-08-07,EMP02912,CC0036,CR,4,Leave Start,,CAD,CAN,2025-08-08 06:00:00,CORE_HR
EVT00109967,2025-08-13,EMP02221,CC0086,PA,3,Leave Return,,AUD,AU,2025-08-13 09:00:00,PAYROLL
EVT00110769,2025-08-19,EMP04627,CC0007,IT,3,Promotion,148522.05,AUD,AUS,2025-08-19 15:00:00,CORE_HR
EVT00110888,2025-08-19,EMP00591,CC0097,EC,5,Leave Return,,CAD,CAN,2025-08-19 06:00:00,CORE_HR
EVT00110375,2025-08-18,EMP04718,CC0115,CR,1,Leave Start,,CAD,CAN,2025-08-18 19:00:00,CORE_HR
EVT00109917,2025-08-24,EMP03116,CC0065,PA,1,Step Increment,8346777.5,KES,KE,2025-08-25 03:00:00,PAYROLL
EVT00109830,2025-08-15,EMP02539,CC0074,EC,1,Step Increment,75372.81,USD,US,2025-08-15 18:00:00,PAYROLL
EVT00111070,2025-08-05,EMP03201,CC0113,CR,3,Step Increment,69548.26,CAD,CAN,2025-08-05 06:00:00,CORE_HR
EVT00109673,2025-08-21,EMP02454,CC0062,EN,1,Step Increment,83968.35,CAD,CAN,2025-08-22 02:00:00,CORE_HR
EVT00111387,2025-08-03,EMP01583,CC0070,IT,1,Departure,,CAD,CA,2025-08-03 23:00:00,PAYROLL
EVT00111089,2025-08-13,EMP04276,CC0018,AS,2,Lateral Deployment,,CAD,CAN,2025-08-14 04:00:00,CORE_HR
EVT00110671,2025-08-15,EMP01899,CC0012,AS,4,Step Increment,90154.04,CAD,CAN,2025-08-15 22:00:00,CORE_HR
EVT00109790,2025-08-02,EMP04064,CC0117,CR,1,Lateral Deployment,,CAD,CAN,2025-08-03 14:00:00,CORE_HR
EVT00110651,2025-08-26,EMP00278,CC0061,AS,5,Performance Pay,10439.47,CAD,CAN,2025-08-27 00:00:00,CORE_HR
EVT00110193,2025-08-02,EMP02779,CC0118,PA,4,Performance Pay,9508.4,CAD,CAN,2025-08-03 04:00:00,CORE_HR
EVT00110338,2025-08-10,EMP04041,CC0106,FI,3,Lateral Deployment,,CAD,CAN,2025-08-11 00:00:00,CORE_HR
EVT00110589,2025-08-26,EMP02901,CC0031,EN,1,Performance Pay,5801.6,USD,USA,2025-08-27 04:00:00,CORE_HR
EVT00110278,2025-08-19,EMP03268,CC0096,CR,1,Step Increment,43747.49,CAD,CAN,2025-08-19 10:00:00,CORE_HR
EVT00110675,2025-08-21,EMP04880,CC0109,EC,1,Step Increment,86352.04,CAD,CAN,2025-08-22 15:00:00,CORE_HR
EVT00110469,2025-08-10,EMP03291,CC0004,CR,3,Leave Start,,CAD,CA,2025-08-11 09:00:00,PAYROLL
EVT00111447,2025-08-14,EMP03521,CC0024,EN,1,Performance Pay,12120.36,CAD,CA,2025-08-15 09:00:00,PAYROLL
EVT00110232,2025-08-23,EMP00445,CC0077,AS,1,Leave Return,,CAD,CAN,2025-08-23 07:00:00,CORE_HR
EVT00109947,2025-08-27,EMP01831,CC0084,PA,5,Step Increment,98599.42,CAD,CA,2025-08-28 11:00:00,PAYROLL
EVT00110143,2025-08-10,EMP01760,CC0028,PA,4,Lateral Deployment,,CAD,CA,2025-08-11 03:00:00,PAYROLL
EVT00109924,2025-08-27,EMP03257,CC0109,EC,1,Step Increment,81242.05,CAD,CA,2025-08-28 04:00:00,PAYROLL
EVT00111176,2025-08-01,EMP02540,CC0064,PA,4,Step Increment,117702.59,CAD,CA,2025-08-02 05:00:00,PAYROLL
EVT00110537,2025-08-19,EMP03798,CC0077,CR,2,Leave Start,,CAD,CAN,2025-08-19 19:00:00,CORE_HR
EVT00109825,2025-08-20,EMP01180,CC0063,EX,1,Step Increment,158553.03,CAD,CAN,2025-08-20 06:00:00,CORE_HR
EVT00111156,2025-08-04,EMP00610,CC0030,AS,1,Lateral Deployment,,XXX,IND,2025-08-06 23:00:00,CORE_HR
EVT00109853,2025-08-11,EMP02337,CC0115,AS,5,Step Increment,86888.72,CAD,CA,2025-08-11 13:00:00,PAYROLL
EVT00109702,2025-08-13,EMP03839,CC0028,IT,1,Leave Start,,CAD,CAN,2025-08-14 09:00:00,CORE_HR
EVT00110166,2025-08-01,EMP01797,CC0116,FI,3,Hire,112316.84,CAD,CAN,2025-08-02 12:00:00,CORE_HR
EVT00109962,2025-08-14,EMP04314,CC0019,EN,1,Step Increment,97389.18,CAD,CA,2025-08-15 07:00:00,PAYROLL
EVT00109770,2025-08-26,EMP03421,CC0083,IT,1,Step Increment,95731.29,CAD,CA,2025-08-27 06:00:00,PAYROLL
EVT00110944,2025-08-22,EMP04844,CC0094,AS,1,Leave Start,,CAD,CAN,2025-08-22 06:00:00,CORE_HR
EVT00110379,2025-08-09,EMP03213,CC0029,EC,5,Step Increment,11951479.68,JPY,JP,2025-08-10 15:00:00,PAYROLL
EVT00110316,2025-08-07,EMP01277,CC0017,PA,3,Step Increment,81680.14,CAD,CAN,2025-08-08 01:00:00,CORE_HR
EVT00110798,2025-08-24,EMP04092,CC0092,EN,3,Leave Start,,CAD,CA,2025-08-24 17:00:00,PAYROLL
EVT00110678,2025-08-14,EMP04664,CC0093,AS,4,Leave Return,,CAD,CAN,2025-08-15 14:00:00,CORE_HR
EVT00110824,2025-08-03,EMP04680,CC0078,CR,3,Step Increment,65798.41,CAD,CAN,2025-08-04 00:00:00,CORE_HR
EVT00111027,2025-08-01,EMP00085,CC0009,IT,2,Leave Return,,SGD,SGP,2025-08-01 23:00:00,CORE_HR
EVT00109869,2025-08-27,EMP03320,CC0048,EN,3,Departure,,CAD,CAN,2025-08-28 09:00:00,CORE_HR
EVT00109898,2025-08-03,EMP03837,CC0103,IT,5,Step Increment,137517.73,CAD,CA,2025-08-03 20:00:00,PAYROLL
EVT00110437,2025-08-13,EMP03792,CC0037,EC,4,Leave Start,,CAD,CAN,2025-08-13 21:00:00,CORE_HR
EVT00109758,2025-08-07,EMP04938,CC0046,EC,3,Hire,147646.5,AUD,AUS,2025-08-07 07:00:00,CORE_HR
EVT00109631,2025-08-06,EMP02722,CC0066,PA,3,Hire,85670.75,CAD,CA,2025-08-07 04:00:00,PAYROLL
EVT00110016,2025-08-14,EMP00251,CC0084,FI,4,Performance Pay,7234.97,CAD,CAN,2025-08-14 22:00:00,CORE_HR
EVT00109526,2025-08-06,EMP04320,CC0110,EN,3,Step Increment,115228.89,CAD,CA,2025-08-06 23:00:00,PAYROLL
EVT00111418,2025-08-12,EMP04217,CC0103,CR,5,Leave Start,,CAD,CAN,2025-08-13 12:00:00,CORE_HR
EVT00111211,2025-08-16,EMP01675,CC0092,PA,2,Lateral Deployment,,CAD,CA,2025-08-17 10:00:00,PAYROLL
EVT00110505,2025-08-07,EMP01238,CC0120,FI,1,Step Increment,73268.42,CAD,CA,2025-08-07 12:00:00,PAYROLL
EVT00110772,2025-08-27,EMP01230,CC0009,PA,1,Step Increment,183768.81,BRL,BRA,2025-08-28 05:00:00,CORE_HR
EVT00110562,2025-08-13,EMP01524,CC0018,FI,2,Step Increment,116080.03,CAD,CAN,2025-08-13 09:00:00,CORE_HR
EVT00110252,2025-08-10,EMP04831,CC0101,PA,2,Step Increment,84720.07,CAD,CAN,2025-08-10 22:00:00,CORE_HR
EVT00110838,2025-08-02,EMP03075,CC0086,PA,2,Performance Pay,3732.89,USD,US,2025-08-02 07:00:00,PAYROLL
EVT00109542,2025-08-12,EMP02811,CC0023,IT,2,Leave Start,,CAD,CA,2025-08-12 14:00:00,PAYROLL
EVT00110704,2025-08-21,EMP03942,CC0040,IT,4,Step Increment,119451.93,CAD,CA,2025-08-21 08:00:00,PAYROLL
EVT00109801,2025-08-03,EMP04824,CC0014,CR,2,Lateral Deployment,,CAD,CAN,2025-08-03 17:00:00,CORE_HR
EVT00110650,2025-08-01,EMP01545,CC0109,PA,4,Departure,,CAD,CAN,2025-08-01 16:00:00,CORE_HR
EVT00110264,2025-08-04,EMP04420,CC0083,IT,4,Step Increment,133596.08,CAD,CAN,2025-08-04 14:00:00,CORE_HR
EVT00109725,2025-08-05,EMP01590,CC0011,FI,1,Leave Start,,CAD,CA,2025-08-05 17:00:00,PAYROLL
EVT00109645,2025-08-11,EMP04797,CC0097,IT,4,Performance Pay,9135.9,CAD,CAN,2025-08-11 12:00:00,CORE_HR
EVT00111139,2025-08-25,EMP04601,CC0030,CR,4,Performance Pay,10372.1,XXX,AU,2025-08-26 04:00:00,PAYROLL
EVT00111302,2025-08-22,EMP03767,CC0014,IT,3,Step Increment,113650.45,CAD,CA,2025-08-22 10:00:00,PAYROLL
EVT00110062,2025-08-03,EMP00054,CC0022,PA,3,Lateral Deployment,,CAD,CAN,2025-08-04 07:00:00,CORE_HR
EVT00111087,2025-08-07,EMP03405,CC0049,AS,4,Step Increment,7424985.22,JPY,JP,2025-08-08 11:00:00,PAYROLL
EVT00110714,2025-08-04,EMP04968,CC0026,EN,1,Step Increment,81112.3,CAD,CAN,2025-08-04 15:00:00,CORE_HR
EVT00109547,2025-08-14,EMP01542,CC0034,IT,2,Step Increment,105551.15,CAD,CAN,2025-08-15 15:00:00,CORE_HR
EVT00109724,2025-08-24,EMP05071,CC0076,PA,1,Promotion,63254.9,CAD,CAN,2025-08-25 02:00:00,CORE_HR
EVT00110025,2025-08-14,EMP01424,CC0022,AS,2,Leave Start,,CAD,CAN,2025-08-15 09:00:00,CORE_HR
EVT00110691,2025-08-15,EMP05168,CC0008,EC,1,Hire,69881.08,CAD,CAN,2025-08-15 10:00:00,CORE_HR
EVT00110541,2025-08-09,EMP00289,CC0015,FI,3,Step Increment,101374.87,CAD,CA,2025-08-09 18:00:00,PAYROLL
EVT00109728,2025-08-14,EMP03750,CC0089,PA,4,Leave Start,,CAD,CAN,2025-08-14 20:00:00,CORE_HR
EVT00109802,2025-08-25,EMP02691,CC0051,AS,2,Hire,65811.98,CAD,CAN,2025-08-28 10:00:00,CORE_HR
EVT00110137,2025-08-24,EMP05193,CC0015,PA,2,Leave Start,,CAD,CAN,2025-08-25 05:00:00,CORE_HR
EVT00109867,2025-08-05,EMP02841,CC0075,PA,3,Lateral Deployment,,CAD,CA,2025-08-05 16:00:00,PAYROLL
EVT00109714,2025-08-14,EMP05152,CC0028,PA,2,Hire,73343.12,CAD,CAN,2025-08-15 07:00:00,CORE_HR
EVT00110216,2025-08-02,EMP00338,CC0040,CR,3,Leave Return,,CAD,CAN,2025-08-02 07:00:00,CORE_HR
EVT00110248,2025-08-21,EMP03431,CC0055,CR,2,Hire,48449.21,CAD,CA,2025-08-22 11:00:00,PAYROLL
EVT00111199,2025-08-15,EMP04367,CC0049,PA,1,Performance Pay,2358.9,EUR,FR,2025-08-18 05:00:00,PAYROLL
EVT00109729,2025-08-01,EMP02969,CC0022,CR,1,Step Increment,45607.78,CAD,CAN,2025-08-01 21:00:00,CORE_HR
EVT00110417,2025-08-06,EMP05176,CC0053,AS,1,Step Increment,56891.93,CAD,CAN,2025-08-06 18:00:00,CORE_HR
EVT00111254,2025-08-15,EMP01083,CC0106,EN,3,Performance Pay,6622.76,CAD,CAN,2025-08-15 23:00:00,CORE_HR
EVT00110071,2025-08-06,EMP00984,CC0072,EC,3,Leave Start,,CAD,CA,2025-08-07 03:00:00,PAYROLL
EVT00110598,2025-08-19,EMP01874,CC0079,PA,4,Hire,90327.18,CAD,CA,2025-08-19 15:00:00,PAYROLL
EVT00109553,2025-08-26,EMP02208,CC0090,IT,4,Performance Pay,8950.4,CAD,CAN,2025-08-27 02:00:00,CORE_HR
EVT00110483,2025-08-16,EMP04387,CC0033,PA,5,Step Increment,105418.67,CAD,CA,2025-08-16 12:00:00,PAYROLL
EVT00110409,2025-08-01,EMP00512,CC0026,PA,2,Promotion,73837.91,CAD,CAN,2025-08-02 06:00:00,CORE_HR
EVT00110078,2025-08-27,EMP05089,CC0016,PA,1,Leave Start,,CAD,CAN,2025-08-27 13:00:00,CORE_HR
EVT00109991,2025-08-05,EMP00976,CC0010,FI,3,Departure,,CAD,CA,2025-08-06 03:00:00,PAYROLL
EVT00110610,2025-08-02,EMP02993,CC0099,PA,3,Step Increment,89239.44,CAD,CA,2025-08-02 15:00:00,PAYROLL
EVT00110952,2025-08-05,EMP00212,CC0043,FI,1,Leave Start,,CAD,CAN,2025-08-05 14:00:00,CORE_HR
EVT00111115,2025-08-08,EMP02177,CC0077,FI,3,Leave Return,,CAD,CA,2025-08-08 16:00:00,PAYROLL
EVT00110697,2025-08-13,EMP04550,CC0019,IT,5,Departure,,CAD,CAN,2025-08-13 16:00:00,CORE_HR
EVT00111193,2025-08-05,EMP01600,CC0057,PA,1,Performance Pay,8761.92,CAD,CA,2025-08-06 00:00:00,PAYROLL
EVT00109884,2025-08-09,EMP04958,CC0094,IT,4,Performance Pay,12889.61,CAD,CA,2025-08-09 17:00:00,PAYROLL
EVT00110315,2025-08-22,EMP04413,CC0105,EX,3,Departure,,MXN,MX,2025-08-22 20:00:00,PAYROLL
EVT00110710,2025-08-03,EMP01170,CC0088,PA,5,Leave Return,,EUR,FRA,2025-08-03 06:00:00,CORE_HR
EVT00109546,2025-08-27,EMP00410,CC0118,PA,3,Lateral Deployment,,XXX,CA,2025-08-27 23:00:00,PAYROLL
EVT00110344,2025-08-25,EMP04307,CC0089,EC,4,Lateral Deployment,,CAD,CAN,2025-08-25 23:00:00,CORE_HR
EVT00111231,2025-08-05,EMP02289,CC0043,AS,5,Promotion,102337.58,CAD,CA,2025-08-06 15:00:00,PAYROLL
EVT00111474,2025-08-05,EMP01913,CC0118,FI,3,Step Increment,106010.71,CAD,CAN,2025-08-05 10:00:00,CORE_HR
EVT00110522,2025-08-23,EMP03924,CC0073,AS,2,Step Increment,74402.92,CAD,CAN,2025-08-24 08:00:00,CORE_HR
EVT00111362,2025-08-02,EMP02805,CC0011,EN,1,Lateral Deployment,,CAD,CAN,2025-08-02 14:00:00,CORE_HR
EVT00111382,2025-08-02,EMP03602,CC0085,EN,4,Leave Return,,CAD,CA,2025-08-03 14:00:00,PAYROLL
EVT00109654,2025-08-10,EMP00942,CC0062,PA,2,Step Increment,71633.77,CAD,CA,2025-08-11 10:00:00,PAYROLL
EVT00110921,2025-08-22,EMP04516,CC0023,AS,3,Performance Pay,7635.61,CAD,CAN,2025-08-22 21:00:00,CORE_HR
EVT00110983,2025-08-16,EMP00611,CC0082,IT,2,Step Increment,105107.55,CAD,CAN,2025-08-16 13:00:00,CORE_HR
EVT00111314,2025-08-06,EMP03288,CC0037,IT,2,Leave Start,,CAD,CA,2025-08-08 10:00:00,PAYROLL
EVT00109504,2025-08-01,EMP04241,CC0012,FI,2,Lateral Deployment,,CAD,CA,2025-08-01 17:00:00,PAYROLL
EVT00110306,2025-08-18,EMP01046,CC0035,FI,3,Departure,,CAD,CAN,2025-08-19 09:00:00,CORE_HR
EVT00110677,2025-08-07,EMP02743,CC0097,EX,2,Performance Pay,15193.32,CAD,CAN,2025-08-07 18:00:00,CORE_HR
EVT00110148,2025-08-26,EMP02838,CC0047,FI,4,Leave Start,,CAD,CA,2025-08-27 15:00:00,PAYROLL
EVT00109587,2025-08-15,EMP01183,CC0081,PA,2,Leave Start,,CAD,CA,2025-08-16 05:00:00,PAYROLL
EVT00110766,2025-08-09,EMP02840,CC0092,FI,1,Step Increment,84273.96,CAD,CAN,2025-08-09 11:00:00,CORE_HR
EVT00111146,2025-08-01,EMP04744,CC0068,CR,3,Leave Return,,CAD,CA,2025-08-01 13:00:00,PAYROLL
EVT00109596,2025-08-07,EMP01401,CC0102,EC,2,Leave Start,,CAD,CAN,2025-08-08 09:00:00,CORE_HR
EVT00111496,2025-08-23,EMP02364,CC0005,EX,1,Step Increment,133190.48,CAD,CAN,2025-08-23 06:00:00,CORE_HR
EVT00109852,2025-08-03,EMP03024,CC0035,IT,2,Performance Pay,9391.62,CAD,CAN,2025-08-03 15:00:00,CORE_HR
EVT00110476,2025-08-01,EMP00498,CC0117,IT,1,Lateral Deployment,,CAD,CAN,2025-08-02 13:00:00,CORE_HR
EVT00111511,2025-08-15,EMP03048,CC0053,CR,3,Leave Return,,CAD,CA,2025-08-16 05:00:00,PAYROLL
EVT00110848,2025-08-18,EMP02686,CC0117,CR,4,Lateral Deployment,,CAD,CAN,2025-08-19 08:00:00,CORE_HR
EVT00110451,2025-08-19,EMP01151,CC0107,EN,2,Leave Start,,CAD,CAN,2025-08-20 03:00:00,CORE_HR
EVT00109937,2025-08-13,EMP04305,CC0096,AS,1,Hire,65739.58,CAD,CA,2025-08-14 05:00:00,PAYROLL
EVT00111419,2025-08-16,EMP03312,CC0066,IT,1,Promotion,80750.88,CAD,CA,2025-08-16 09:00:00,PAYROLL
EVT00109514,2025-08-20,EMP00701,CC0068,CR,1,Promotion,47218.09,CAD,CAN,2025-08-20 06:00:00,CORE_HR
EVT00110735,2025-08-24,EMP04014,CC0104,IT,4,Promotion,121403.25,CAD,CAN,2025-08-24 20:00:00,CORE_HR
EVT00110088,2025-08-13,EMP03872,CC0051,CR,3,Step Increment,68072.68,CAD,CA,2025-08-13 19:00:00,PAYROLL
EVT00109671,2025-08-27,EMP02377,CC0056,FI,4,Step Increment,108069.47,CAD,CAN,2025-08-28 14:00:00,CORE_HR
EVT00111360,2025-08-07,EMP01742,CC0097,FI,2,Performance Pay,9685.37,CAD,CA,2025-08-07 12:00:00,PAYROLL
EVT00110899,2025-08-02,EMP00702,CC0017,FI,1,Lateral Deployment,,CAD,CA,2025-08-02 12:00:00,PAYROLL
EVT00111093,2025-08-22,EMP04355,CC0084,CR,2,Hire,57894.61,CAD,CAN,2025-08-23 00:00:00,CORE_HR
EVT00110812,2025-08-13,EMP02510,CC0013,CR,2,Departure,,CAD,CA,2025-08-13 22:00:00,PAYROLL
EVT00110032,2025-08-17,EMP01247,CC0047,EN,1,Leave Start,,CAD,CA,2025-08-18 11:00:00,PAYROLL
EVT00109649,2025-08-01,EMP00713,CC0004,AS,5,Step Increment,90588.66,CAD,CA,2025-08-02 11:00:00,PAYROLL
EVT00109706,2025-08-11,EMP02389,CC0061,PA,2,Performance Pay,3705.01,CAD,CA,2025-08-11 12:00:00,PAYROLL
EVT00110501,2025-08-20,EMP00581,CC0105,EC,1,Leave Start,,EUR,DE,2025-08-21 03:00:00,PAYROLL
EVT00110555,2025-08-11,EMP00210,CC0078,IT,2,Step Increment,104971.22,CAD,CAN,2025-08-11 08:00:00,CORE_HR
EVT00110654,2025-08-26,EMP01915,CC0025,IT,3,Departure,,CAD,CAN,2025-08-27 14:00:00,CORE_HR
EVT00111063,2025-08-20,EMP01306,CC0036,PA,5,Lateral Deployment,,CAD,CA,2025-08-21 14:00:00,PAYROLL
EVT00109620,2025-08-20,EMP01720,CC0073,EN,2,Leave Start,,CAD,CA,2025-08-20 15:00:00,PAYROLL
EVT00109611,2025-08-02,EMP01233,CC0007,AS,1,Leave Start,,EUR,FRA,2025-08-02 22:00:00,CORE_HR
EVT00111435,2025-08-18,EMP04957,CC0084,AS,3,Leave Start,,CAD,CA,2025-08-18 11:00:00,PAYROLL
EVT00111106,2025-08-05,EMP03324,CC0016,FI,2,Step Increment,85507.06,CAD,CAN,2025-08-05 19:00:00,CORE_HR
EVT00109529,2025-08-11,EMP02001,CC0006,CR,1,Lateral Deployment,,CAD,CA,2025-08-11 07:00:00,PAYROLL
EVT00109865,2025-08-10,EMP04833,CC0023,IT,3,Promotion,135553.45,CAD,CA,2025-08-10 14:00:00,PAYROLL
EVT00109743,2025-08-03,EMP03122,CC0058,EN,2,Leave Start,,CAD,CAN,2025-08-03 14:00:00,CORE_HR
EVT00109811,2025-08-14,EMP04575,CC0050,IT,3,Step Increment,125626.15,CAD,CAN,2025-08-14 23:00:00,CORE_HR
EVT00110947,2025-08-24,EMP03828,CC0024,PA,5,Leave Return,,CAD,CAN,2025-08-25 11:00:00,CORE_HR
EVT00110472,2025-08-05,EMP02686,CC0117,CR,4,Performance Pay,7768.11,CAD,CAN,2025-08-06 06:00:00,CORE_HR
EVT00110926,2025-08-18,EMP04809,CC0107,PA,3,Step Increment,85113.68,CAD,CAN,2025-08-19 13:00:00,CORE_HR
EVT00111502,2025-08-22,EMP04011,CC0119,CR,4,Step Increment,78775.97,CAD,CA,2025-08-23 08:00:00,PAYROLL
EVT00111479,2025-08-10,EMP03132,CC0052,EX,1,Performance Pay,8072.58,CAD,CAN,2025-08-10 10:00:00,CORE_HR
EVT00109685,2025-08-06,EMP03269,CC0101,IT,2,Lateral Deployment,,CAD,CAN,2025-08-07 08:00:00,CORE_HR
EVT00110516,2025-08-05,EMP03948,CC0063,CR,1,Leave Return,,CAD,CAN,2025-08-05 09:00:00,CORE_HR
EVT00110149,2025-08-20,EMP02505,CC0028,EX,1,Leave Return,,CAD,CAN,2025-08-20 08:00:00,CORE_HR
EVT00110118,2025-08-16,EMP00742,CC0014,AS,2,Hire,53738.9,CAD,CA,2025-08-16 11:00:00,PAYROLL
EVT00109820,2025-08-03,EMP02587,CC0092,FI,1,Performance Pay,6875.53,CAD,CAN,2025-08-04 02:00:00,CORE_HR
EVT00111184,2025-08-05,EMP04622,CC0005,EC,2,Leave Return,,CAD,CA,2025-08-05 18:00:00,PAYROLL
EVT00111053,2025-08-15,EMP02733,CC0051,EX,1,Promotion,132981.7,CAD,CAN,2025-08-15 09:00:00,CORE_HR
EVT00109623,2025-08-12,EMP00289,CC0015,FI,3,Step Increment,96955.36,CAD,CA,2025-08-12 22:00:00,PAYROLL
EVT00109716,2025-08-07,EMP04854,CC0106,EC,5,Leave Start,,CAD,CAN,2025-08-07 23:00:00,CORE_HR
EVT00111319,2025-08-21,EMP05166,CC0011,FI,1,Lateral Deployment,,CAD,CA,2025-08-21 19:00:00,PAYROLL
EVT00111013,2025-08-20,EMP04503,CC0081,FI,1,Leave Start,,CAD,CA,2025-08-21 11:00:00,PAYROLL
EVT00110420,2025-08-05,EMP03662,CC0058,CR,1,Lateral Deployment,,CAD,CAN,2025-08-05 17:00:00,CORE_HR
EVT00110282,2025-08-16,EMP04197,CC0118,FI,2,Departure,,CAD,CA,2025-08-16 09:00:00,PAYROLL
EVT00111347,2025-08-04,EMP02990,CC0022,PA,3,Step Increment,103996.72,XXX,CA,2025-08-05 06:00:00,PAYROLL
EVT00109715,2025-08-27,EMP03851,CC0045,IT,2,Hire,102525.25,CAD,CA,2025-08-27 13:00:00,PAYROLL
EVT00111292,2025-08-15,EMP02610,CC0044,PA,2,Step Increment,75255.37,CAD,CAN,2025-08-15 16:00:00,CORE_HR
EVT00111183,2025-08-19,EMP02480,CC0038,FI,2,Leave Return,,CAD,CAN,2025-08-19 12:00:00,CORE_HR
EVT00110891,2025-08-22,EMP02808,CC0009,AS,2,Leave Start,,GBP,GBR,2025-08-22 06:00:00,CORE_HR
EVT00110696,2025-08-14,EMP04727,CC0059,IT,4,Leave Start,,CAD,CA,2025-08-14 16:00:00,PAYROLL
EVT00111192,2025-08-19,EMP03867,CC0078,PA,2,Step Increment,65137.62,CAD,CAN,2025-08-20 15:00:00,CORE_HR
EVT00110234,2025-08-21,EMP04688,CC0044,PA,4,Departure,,CAD,CAN,2025-08-22 10:00:00,CORE_HR
EVT00109866,2025-08-26,EMP02197,CC0018,PA,2,Leave Return,,CAD,CAN,2025-08-26 16:00:00,CORE_HR
EVT00111253,2025-08-02,EMP04991,CC0074,EC,5,Step Increment,12059162.61,JPY,JPN,2025-08-03 04:00:00,CORE_HR
EVT00111482,2025-08-16,EMP04776,CC0034,EC,2,Leave Return,,CAD,CAN,2025-08-16 07:00:00,CORE_HR
EVT00110866,2025-08-09,EMP00007,CC0077,EX,1,Step Increment,131824.43,CAD,CAN,2025-08-09 07:00:00,CORE_HR
EVT00110831,2025-08-26,EMP02569,CC0096,FI,2,Promotion,83211.05,CAD,CAN,2025-08-26 12:00:00,CORE_HR
EVT00111207,2025-08-17,EMP03612,CC0097,EC,2,Step Increment,86955.77,CAD,CAN,2025-08-17 18:00:00,CORE_HR
EVT00109796,2025-08-17,EMP01878,CC0074,CR,2,Departure,,INR,IND,2025-08-17 14:00:00,CORE_HR
EVT00109615,2025-08-11,EMP00055,CC0068,IT,1,Step Increment,84486.26,CAD,CAN,2025-08-12 12:00:00,CORE_HR
EVT00110200,2025-08-17,EMP02086,CC0058,PA,1,Step Increment,64717.45,CAD,CA,2025-08-17 09:00:00,PAYROLL
EVT00110412,2025-08-24,EMP02817,CC0018,IT,1,Performance Pay,11834.48,CAD,CA,2025-08-24 10:00:00,PAYROLL
EVT00109800,2025-08-05,EMP01999,CC0120,EN,3,Lateral Deployment,,CAD,CAN,2025-08-06 07:00:00,CORE_HR
EVT00109875,2025-08-23,EMP04558,CC0109,IT,2,Performance Pay,6984.52,CAD,CAN,2025-08-24 01:00:00,CORE_HR
EVT00110974,2025-08-10,EMP02302,CC0066,PA,2,Lateral Deployment,,CAD,CAN,2025-08-11 14:00:00,CORE_HR
EVT00111413,2025-08-22,EMP04905,CC0044,FI,1,Step Increment,73137.07,CAD,CAN,2025-08-22 10:00:00,CORE_HR
EVT00110052,2025-08-23,EMP02428,CC0078,AS,4,Performance Pay,5910.4,CAD,CA,2025-08-23 16:00:00,PAYROLL
EVT00109911,2025-08-20,EMP04197,CC0118,FI,2,Step Increment,97788.62,CAD,CAN,2025-08-21 06:00:00,CORE_HR
EVT00111326,2025-08-02,EMP01395,CC0028,PA,2,Leave Start,,CAD,CAN,2025-08-03 01:00:00,CORE_HR
EVT00111441,2025-08-11,EMP03884,CC0109,EX,2,Leave Start,,CAD,CAN,2025-08-12 01:00:00,CORE_HR
EVT00110511,2025-08-04,EMP02723,CC0022,AS,4,Step Increment,77531.25,CAD,CAN,2025-08-05 08:00:00,CORE_HR
EVT00110879,2025-08-25,EMP00088,CC0093,IT,1,Leave Return,,CAD,CAN,2025-08-25 11:00:00,CORE_HR
EVT00110771,2025-08-18,EMP01498,CC0066,CR,3,Lateral Deployment,,CAD,CAN,2025-08-19 15:00:00,CORE_HR
EVT00110998,2025-08-24,EMP00610,CC0030,AS,1,Leave Return,,KES,KE,2025-08-24 23:00:00,PAYROLL
EVT00111345,2025-08-14,EMP04348,CC0093,CR,2,Leave Start,,CAD,CAN,2025-08-15 13:00:00,CORE_HR
EVT00111387,2025-08-03,EMP01583,CC0070,IT,1,Departure,,CAD,CA,2025-08-04 07:00:00,PAYROLL
EVT00109513,2025-08-03,EMP02700,CC0085,EC,1,Step Increment,72902.45,CAD,CAN,2025-08-03 13:00:00,CORE_HR
EVT00110065,2025-08-17,EMP03560,CC0112,IT,4,Departure,,CAD,CAN,2025-08-18 12:00:00,CORE_HR
EVT00111178,2025-08-01,EMP02878,CC0018,AS,2,Leave Return,,CAD,CAN,2025-08-04 05:00:00,CORE_HR
EVT00110698,2025-08-13,EMP01118,CC0061,EC,1,Lateral Deployment,,CAD,CA,2025-08-14 12:00:00,PAYROLL
EVT00111316,2025-08-04,EMP04048,CC0009,EX,2,Performance Pay,9923.03,GBP,GBR,2025-08-05 09:00:00,CORE_HR
EVT00110833,2025-08-19,EMP01541,CC0098,IT,1,Step Increment,79874.8,CAD,CA,2025-08-20 02:00:00,PAYROLL
EVT00109619,2025-08-21,EMP00067,CC0050,AS,5,Step Increment,86106.07,CAD,CAN,2025-08-22 09:00:00,CORE_HR
EVT00110108,2025-08-10,EMP04893,CC0014,EX,1,Step Increment,150130.98,CAD,CAN,2025-08-10 13:00:00,CORE_HR
EVT00110905,2025-08-07,EMP01518,CC0001,AS,2,Performance Pay,5077.01,CAD,CAN,2025-08-07 12:00:00,CORE_HR
EVT00109711,2025-08-24,EMP03790,CC0031,PA,4,Step Increment,148631.74,AUD,AUS,2025-08-24 07:00:00,CORE_HR
EVT00111351,2025-08-05,EMP00731,CC0117,EC,1,Step Increment,86604.43,CAD,CA,2025-08-06 09:00:00,PAYROLL
EVT00111468,2025-08-04,EMP02302,CC0066,PA,2,Performance Pay,8855.52,CAD,CAN,2025-08-04 17:00:00,CORE_HR
EVT00111520,2025-08-15,EMP03425,CC0090,IT,4,Lateral Deployment,,CAD,CA,2025-08-16 06:00:00,PAYROLL
EVT00109632,2025-08-16,EMP02897,CC0114,AS,1,Performance Pay,8440.81,CAD,CAN,2025-08-16 07:00:00,CORE_HR
EVT00109876,2025-08-18,EMP04317,CC0081,EC,5,Leave Start,,CAD,CAN,2025-08-18 19:00:00,CORE_HR
EVT00110689,2025-08-13,EMP01073,CC0019,PA,2,Departure,,CAD,CA,2025-08-14 02:00:00,PAYROLL
EVT00111032,2025-08-26,EMP05197,CC0101,FI,2,Step Increment,-90667.7,CAD,CA,2025-08-26 10:00:00,PAYROLL
EVT00111374,2025-08-16,EMP03492,CC0088,EX,1,Promotion,111480.82,EUR,DEU,2025-08-16 07:00:00,CORE_HR
EVT00110864,2025-08-14,EMP00405,CC0033,PA,3,Step Increment,81600.22,CAD,CAN,2025-08-14 21:00:00,CORE_HR
EVT00109881,2025-08-19,EMP04147,CC0064,EN,3,Step Increment,120651.4,CAD,CAN,2025-08-20 12:00:00,CORE_HR
EVT00109861,2025-08-19,EMP00209,CC0026,FI,2,Step Increment,83181.48,CAD,CA,2025-08-20 12:00:00,PAYROLL
EVT00111334,2025-08-12,EMP03026,CC0059,PA,4,Step Increment,106538.26,CAD,CAN,2025-08-12 18:00:00,CORE_HR
EVT00110552,2025-08-22,EMP00942,CC0062,PA,2,Hire,79135.95,CAD,CAN,2025-08-22 23:00:00,CORE_HR
EVT00111187,2025-08-06,EMP02472,CC0023,EC,5,Promotion,132598.9,CAD,CAN,2025-08-07 03:00:00,CORE_HR
EVT00110277,2025-08-04,EMP00861,CC0091,CR,1,Step Increment,52844.78,CAD,CA,2025-08-05 10:00:00,PAYROLL
EVT00109849,2025-08-17,EMP03133,CC0024,FI,1,Step Increment,57252.17,CAD,CAN,2025-08-18 06:00:00,CORE_HR
EVT00109772,2025-08-19,EMP00651,CC0117,EX,2,Step Increment,172446.76,CAD,CAN,2025-08-20 02:00:00,CORE_HR
EVT00111031,2025-08-03,EMP00033,CC0037,EC,2,Step Increment,103069.79,CAD,CA,2025-08-04 01:00:00,PAYROLL
EVT00109633,2025-08-19,EMP04009,CC0035,EX,1,Lateral Deployment,,CAD,CAN,2025-08-20 01:00:00,CORE_HR
EVT00111233,2025-08-05,EMP00111,CC0089,AS,4,Lateral Deployment,,CAD,CAN,2025-08-06 15:00:00,CORE_HR
EVT00110491,2025-08-13,EMP04397,CC0002,IT,1,Leave Start,,CAD,CAN,2025-08-14 15:00:00,CORE_HR
EVT00111180,2025-08-02,EMP01413,CC0020,AS,2,Hire,63723.92,CAD,CA,2025-08-02 17:00:00,PAYROLL
EVT00109561,2025-08-05,EMP01078,CC0022,FI,4,Leave Return,,CAD,CA,2025-08-05 19:00:00,PAYROLL
EVT00109938,2025-08-21,EMP03869,CC0101,AS,1,Leave Return,,CAD,CAN,2025-08-22 02:00:00,CORE_HR
EVT00111226,2025-08-24,EMP02239,CC0076,IT,2,Performance Pay,5252.89,CAD,CAN,2025-08-24 19:00:00,CORE_HR
EVT00110262,2025-08-19,EMP00857,CC0111,IT,1,Promotion,306599.24,BRL,BRA,2025-08-19 10:00:00,CORE_HR
EVT00111329,2025-08-18,EMP03768,CC0049,FI,3,Promotion,387814.77,BRL,BRA,2025-08-19 06:00:00,CORE_HR
EVT00110314,2025-08-15,EMP00086,CC0014,EX,1,Departure,,CAD,CAN,2025-08-16 01:00:00,CORE_HR
EVT00111263,2025-08-09,EMP01943,CC0058,EN,2,Promotion,104291.5,CAD,CA,2025-08-10 15:00:00,PAYROLL
EVT00110557,2025-08-21,EMP04368,CC0046,FI,1,Step Increment,67977.66,EUR,DEU,2025-08-21 16:00:00,CORE_HR
EVT00109549,2025-08-10,EMP04805,CC0098,EX,2,Step Increment,168859.82,CAD,CAN,2025-08-11 14:00:00,CORE_HR
EVT00110209,2025-08-15,EMP01020,CC0042,PA,4,Step Increment,94679.87,CAD,CA,2025-08-15 08:00:00,PAYROLL
EVT00110748,2025-08-04,EMP04020,CC0120,AS,1,Step Increment,64040.87,CAD,CA,2025-08-04 09:00:00,PAYROLL
EVT00111098,2025-08-02,EMP00064,CC0047,EN,2,Performance Pay,5381.32,CAD,CA,2025-08-03 06:00:00,PAYROLL
EVT00110484,2025-08-09,EMP03447,CC0026,EC,1,Hire,73601.24,CAD,CA,2025-08-10 03:00:00,PAYROLL
EVT00110716,2025-08-22,EMP04653,CC0103,PA,4,Lateral Deployment,,CAD,CA,2025-08-22 22:00:00,PAYROLL
EVT00110130,2025-08-04,EMP03146,CC0008,IT,1,Leave Return,,CAD,CA,2025-08-04 15:00:00,PAYROLL
EVT00111438,2025-08-19,EMP03762,CC0063,CR,2,Lateral Deployment,,CAD,CA,2025-08-19 09:00:00,PAYROLL
EVT00111525,2025-08-07,EMP00771,CC0115,EX,2,Step Increment,185164.89,CAD,CAN,2025-08-07 17:00:00,CORE_HR
EVT00110154,2025-08-16,EMP00757,CC0035,EC,3,Lateral Deployment,,CAD,CAN,2025-08-16 13:00:00,CORE_HR
EVT00110763,2025-08-12,EMP04087,CC0061,CR,5,Lateral Deployment,,CAD,CAN,2025-08-12 21:00:00,CORE_HR
EVT00110920,2025-08-19,EMP01236,CC0119,FI,5,Departure,,CAD,CAN,2025-08-20 14:00:00,CORE_HR
EVT00110975,2025-08-22,EMP00556,CC0063,AS,1,Leave Start,,CAD,CAN,2025-08-23 12:00:00,CORE_HR
EVT00110300,2025-08-26,EMP02943,CC0107,IT,2,Performance Pay,4510.99,CAD,CAN,2025-08-27 03:00:00,CORE_HR
EVT00111095,2025-08-03,EMP02938,CC0116,AS,1,Performance Pay,5502.25,CAD,CA,2025-08-04 02:00:00,PAYROLL
EVT00109776,2025-08-04,EMP01125,CC0030,IT,3,Step Increment,81844.45,SGD,SGP,2025-08-04 22:00:00,CORE_HR
EVT00111221,2025-08-17,EMP01932,CC0116,IT,4,Step Increment,144265.58,CAD,CAN,2025-08-17 06:00:00,CORE_HR
EVT00110238,2025-08-16,EMP02189,CC0105,FI,1,Performance Pay,12253.37,AED,AE,2025-08-17 02:00:00,PAYROLL
EVT00111232,2025-08-10,EMP03218,CC0090,AS,1,Hire,53527.61,CAD,CA,2025-08-11 14:00:00,PAYROLL
EVT00111469,2025-08-08,EMP04925,CC0067,EX,2,Leave Return,,CAD,CAN,2025-08-09 02:00:00,CORE_HR
EVT00109676,2025-08-05,EMP01139,CC0069,PA,1,Performance Pay,9015.44,CAD,CA,2025-08-09 02:00:00,PAYROLL
EVT00110967,2025-08-24,EMP02429,CC0097,AS,1,Step Increment,57944.68,CAD,CA,2025-08-25 14:00:00,PAYROLL
EVT00110397,2025-08-25,EMP01650,CC0104,IT,1,Leave Return,,CAD,CA,2025-08-26 04:00:00,PAYROLL
EVT00110044,2025-08-02,EMP00347,CC0073,AS,1,Promotion,58452.67,CAD,CA,2025-08-02 15:00:00,PAYROLL
EVT00110102,2025-08-27,EMP00152,CC0057,FI,4,Promotion,118295.27,CAD,CAN,2025-08-28 06:00:00,CORE_HR
EVT00110304,2025-08-24,EMP00451,CC0047,FI,2,Leave Start,,CAD,CAN,2025-08-25 15:00:00,CORE_HR
EVT00110272,2025-08-26,EMP00103,CC0041,FI,5,Performance Pay,15681.39,CAD,CAN,2025-08-26 11:00:00,CORE_HR
EVT00110172,1900-01-01,EMP04675,CC0077,IT,2,Leave Start,,CAD,CA,2025-08-24 10:00:00,PAYROLL
EVT00109871,2025-08-10,EMP03794,CC0085,EX,1,Leave Return,,CAD,CAN,2025-08-11 07:00:00,CORE_HR
EVT00109863,2025-08-24,EMP04513,CC0053,PA,2,Promotion,67451.78,CAD,CAN,2025-08-25 13:00:00,CORE_HR
EVT00109667,2025-08-07,EMP04538,CC0038,PA,2,Performance Pay,5675.0,CAD,CAN,2025-08-08 13:00:00,CORE_HR
EVT00110543,2025-08-07,EMP05155,CC0081,FI,4,Leave Start,,CAD,CAN,2025-08-07 08:00:00,CORE_HR
EVT00109850,2025-08-23,EMP04125,CC0052,EN,2,Lateral Deployment,,CAD,CAN,2025-08-23 10:00:00,CORE_HR
EVT00111160,2025-08-21,EMP04852,CC0077,EN,3,Performance Pay,7756.83,CAD,CA,2025-08-21 11:00:00,PAYROLL
EVT00111443,2025-08-12,EMP02934,CC0006,IT,3,Step Increment,-116525.59,CAD,CAN,2025-08-13 07:00:00,CORE_HR
EVT00111191,2025-08-10,EMP00657,CC0027,EC,5,Leave Start,,CAD,CA,2025-08-10 22:00:00,PAYROLL
EVT00109491,2025-08-11,EMP02695,CC0055,EX,1,Promotion,177335.53,CAD,CAN,2025-08-12 11:00:00,CORE_HR
EVT00109880,2025-08-14,EMP01115,CC0011,AS,1,Hire,55790.27,CAD,CAN,2025-08-14 20:00:00,CORE_HR
EVT00110395,2025-08-11,EMP01865,CC0061,EX,3,Step Increment,200103.91,CAD,CAN,2025-08-11 19:00:00,CORE_HR
EVT00110091,2025-08-08,EMP00816,CC0066,CR,1,Leave Return,,CAD,CA,2025-08-08 19:00:00,PAYROLL
EVT00111372,2025-08-19,EMP01769,CC0053,AS,2,Step Increment,71802.88,CAD,CA,2025-08-19 13:00:00,PAYROLL
EVT00111422,2025-08-25,EMP03128,CC0045,EX,1,Step Increment,157175.39,CAD,CA,2025-08-26 12:00:00,PAYROLL
EVT00110917,2025-08-23,EMP00076,CC0042,EX,2,Leave Return,,CAD,CA,2025-08-24 03:00:00,PAYROLL
EVT00110690,2025-08-22,EMP00900,CC0105,EX,2,Promotion,138728.44,EUR,FR,2025-08-23 00:00:00,PAYROLL
EVT00109660,2025-08-03,EMP03247,CC0088,IT,2,Lateral Deployment,,AUD,AUS,2025-08-04 12:00:00,CORE_HR
EVT00111394,2025-08-27,EMP00858,CC0021,IT,2,Promotion,107780.85,CAD,CAN,2025-08-27 18:00:00,CORE_HR
EVT00109630,2025-08-16,EMP02489,CC0049,CR,4,Hire,1138077.01,MXN,MX,2025-08-16 17:00:00,PAYROLL
EVT00109589,2025-08-21,EMP04234,CC0029,FI,3,Leave Start,,INR,IND,2025-08-22 06:00:00,CORE_HR
EVT00110150,2025-08-07,EMP04196,CC0065,EC,2,Performance Pay,82895.25,MXN,MX,2025-08-07 11:00:00,PAYROLL
EVT00111018,2025-08-19,EMP00267,CC0067,PA,1,Departure,,CAD,CA,2025-08-19 10:00:00,PAYROLL
EVT00109687,2025-08-19,EMP02049,CC0107,AS,1,Step Increment,55639.71,CAD,CA,2025-08-20 14:00:00,PAYROLL
EVT00110550,2025-08-21,EMP02183,CC0040,IT,3,Lateral Deployment,,CAD,CAN,2025-08-22 03:00:00,CORE_HR
EVT00111486,2025-08-13,EMP02853,CC0005,PA,2,Leave Return,,CAD,CA,2025-08-13 14:00:00,PAYROLL
EVT00110482,2025-08-16,EMP00863,CC0097,CR,1,Leave Return,,CAD,CA,2025-08-16 08:00:00,PAYROLL
EVT00110182,2025-08-11,EMP00163,CC0091,EN,2,Step Increment,97651.44,CAD,CAN,2025-08-12 14:00:00,CORE_HR
EVT00110609,2025-08-12,EMP03201,CC0113,CR,3,Leave Start,,CAD,CAN,2025-08-13 06:00:00,CORE_HR
EVT00111266,2025-08-04,EMP00333,CC0108,IT,3,Lateral Deployment,,AED,AE,2025-08-05 05:00:00,PAYROLL
EVT00109665,2025-08-16,EMP03567,CC0071,PA,2,Departure,,CAD,CAN,2025-08-16 21:00:00,CORE_HR
EVT00110512,2025-08-14,EMP03782,CC0048,EX,1,Performance Pay,19889.27,CAD,CAN,2025-08-15 00:00:00,CORE_HR
EVT00110979,2025-08-11,EMP05125,CC0013,EN,2,Leave Start,,CAD,CAN,2025-08-12 12:00:00,CORE_HR
EVT00110356,2025-08-14,EMP00319,CC0005,PA,2,Step Increment,73849.06,CAD,CAN,2025-08-14 12:00:00,CORE_HR
EVT00109709,2025-08-26,EMP02052,CC0048,AS,2,Performance Pay,3504.2,CAD,CAN,2025-08-26 14:00:00,CORE_HR
EVT00111504,2025-08-10,EMP02228,CC0075,IT,2,Performance Pay,6909.39,CAD,CA,2025-08-11 14:00:00,PAYROLL
EVT00110269,2025-08-07,EMP02299,CC0049,PA,3,Hire,66185.16,EUR,DEU,2025-08-07 20:00:00,CORE_HR
EVT00110624,2025-08-06,EMP02094,CC0013,AS,2,Departure,,CAD,CA,2025-08-07 02:00:00,PAYROLL
EVT00110906,2025-08-22,EMP04681,CC0050,FI,1,Leave Return,,CAD,CA,2025-08-23 07:00:00,PAYROLL
EVT00111219,2025-08-16,EMP02060,CC0026,EN,5,Step Increment,135672.65,CAD,CAN,2025-08-17 02:00:00,CORE_HR
EVT00110410,2025-08-19,EMP03433,CC0061,FI,5,Step Increment,134640.03,CAD,CAN,2025-08-20 09:00:00,CORE_HR
EVT00111066,2025-08-25,EMP00330,CC0113,PA,1,Promotion,62342.49,CAD,CAN,2025-08-26 00:00:00,CORE_HR
EVT00109609,2025-08-05,EMP00051,CC0099,EN,4,Step Increment,168606.77,CAD,CAN,2025-08-05 14:00:00,CORE_HR
EVT00109590,2025-08-04,EMP00287,CC0120,PA,3,Performance Pay,7499.25,CAD,CAN,2025-08-05 10:00:00,CORE_HR
EVT00110013,2025-08-13,EMP02851,CC0098,AS,2,Step Increment,71614.86,CAD,CAN,2025-08-13 07:00:00,CORE_HR
EVT00111370,2025-08-26,EMP01329,CC0036,IT,2,Promotion,103891.09,CAD,CAN,2025-08-26 20:00:00,CORE_HR
EVT00111478,2025-08-14,EMP03742,CC0107,EN,2,Leave Return,,CAD,CA,2025-08-15 15:00:00,PAYROLL
EVT00109570,2025-08-27,EMP03986,CC0078,PA,3,Step Increment,100344.42,CAD,CAN,2025-08-28 10:00:00,CORE_HR
EVT00109647,2025-08-05,EMP00726,CC0016,EN,1,Step Increment,81831.56,CAD,CA,2025-08-05 13:00:00,PAYROLL
EVT00110056,2025-08-21,EMP04802,CC0076,IT,4,Lateral Deployment,,CAD,CAN,2025-08-22 15:00:00,CORE_HR
EVT00109705,2025-08-01,EMP01116,CC0065,FI,3,Departure,,SGD,SG,2025-08-01 16:00:00,PAYROLL
EVT00110156,2025-08-23,EMP03450,CC0094,AS,3,Leave Return,,CAD,CA,2025-08-23 12:00:00,PAYROLL
EVT00111349,2025-08-01,EMP03783,CC0057,PA,2,Step Increment,63823.91,CAD,CAN,2025-08-01 17:00:00,CORE_HR
EVT00110500,2025-08-04,EMP99999,CC0070,EC,4,Step Increment,109453.19,CAD,CA,2025-08-04 11:00:00,PAYROLL
EVT00110327,2025-08-20,EMP04122,CC0039,FI,1,Promotion,86381.47,CAD,CAN,2025-08-20 12:00:00,CORE_HR
EVT00111010,2025-08-16,EMP02759,CC0049,CR,4,Leave Return,,AED,ARE,2025-08-16 06:00:00,CORE_HR
EVT00111417,2025-08-09,EMP05084,CC0016,EX,2,Performance Pay,13777.67,CAD,CAN,2025-08-09 15:00:00,CORE_HR
EVT00111138,2025-08-23,EMP00140,CC0083,CR,5,Performance Pay,8693.11,CAD,CAN,2025-08-24 09:00:00,CORE_HR
EVT00111287,2025-08-08,EMP00125,CC0112,IT,1,Leave Return,,CAD,CAN,2025-08-08 10:00:00,CORE_HR
EVT00110026,2025-08-10,EMP03732,CC0108,PA,2,Performance Pay,6815.79,EUR,FR,2025-08-11 11:00:00,PAYROLL
EVT00111049,2025-08-08,EMP04154,CC0029,EX,2,Performance Pay,60769.71,BRL,BR,2025-08-09 13:00:00,PAYROLL
EVT00110945,2025-08-18,EMP03435,CC0021,IT,3,Performance Pay,10978.55,CAD,CAN,2025-08-18 08:00:00,CORE_HR
EVT00110884,2025-08-26,EMP04223,CC0019,EX,1,Performance Pay,9476.24,CAD,CAN,2025-08-27 04:00:00,CORE_HR
EVT00110196,2025-08-15,EMP02240,CC0057,AS,3,Step Increment,82689.35,CAD,CAN,2025-08-16 06:00:00,CORE_HR
EVT00110206,2025-08-18,EMP03526,CC0097,CR,1,Promotion,57315.25,CAD,CAN,2025-08-19 05:00:00,CORE_HR
EVT00110784,2025-08-19,EMP01812,CC0015,PA,1,Promotion,71323.16,CAD,CAN,2025-08-19 08:00:00,CORE_HR
EVT00109528,2025-08-13,EMP01056,CC0064,CR,3,Step Increment,73779.18,CAD,CAN,2025-08-14 06:00:00,CORE_HR
EVT00111045,2025-08-17,EMP04142,CC0049,EX,2,Leave Start,,EUR,FRA,2025-08-17 13:00:00,CORE_HR
EVT00110796,2025-08-16,EMP02657,CC0003,FI,3,Step Increment,127601.45,CAD,CAN,2025-08-19 14:00:00,CORE_HR
EVT00109932,2025-08-12,EMP05174,CC0092,PA,3,Hire,106904.61,CAD,CAN,2025-08-12 21:00:00,CORE_HR
EVT00110880,2025-08-11,EMP00087,CC0119,FI,4,Step Increment,120444.81,CAD,CAN,2025-08-12 15:00:00,CORE_HR
EVT00111202,2025-08-18,EMP00529,CC0087,FI,4,Performance Pay,10364.64,CAD,CAN,2025-08-18 08:00:00,CORE_HR
EVT00109816,2025-08-26,EMP04514,CC0051,IT,1,Performance Pay,6836.22,CAD,CA,2025-08-26 17:00:00,PAYROLL
EVT00110383,2025-08-04,EMP01944,CC0066,CR,5,Leave Return,,CAD,CAN,2025-08-05 04:00:00,CORE_HR
EVT00110021,1900-01-01,EMP00740,CC0026,EC,5,Step Increment,124415.72,CAD,CAN,2025-08-07 07:00:00,CORE_HR
EVT00110337,2025-08-03,EMP04890,CC0003,PA,1,Leave Return,,CAD,CA,2025-08-04 02:00:00,PAYROLL
EVT00111236,2025-08-02,EMP01627,CC0064,EC,2,Promotion,94051.97,CAD,CA,2025-08-02 17:00:00,PAYROLL
EVT00110283,2025-08-08,EMP01149,CC0085,EN,2,Promotion,101839.66,CAD,CAN,2025-08-08 06:00:00,CORE_HR
EVT00110582,2025-08-03,EMP03885,CC0072,AS,2,Departure,,CAD,CAN,2025-08-03 14:00:00,CORE_HR
EVT00109653,2025-08-05,EMP04753,CC0077,PA,4,Lateral Deployment,,CAD,CA,2025-08-05 20:00:00,PAYROLL
EVT00110094,2025-08-23,EMP02336,CC0005,AS,1,Hire,64025.19,XXX,CAN,2025-08-23 15:00:00,CORE_HR
EVT00110341,2025-08-25,EMP00646,CC0065,EN,2,Leave Return,,GBP,GBR,2025-08-26 11:00:00,CORE_HR
EVT00110961,2025-08-08,EMP02007,CC0060,IT,1,Step Increment,81140.73,CAD,CA,2025-08-09 01:00:00,PAYROLL
EVT00111446,2025-08-06,EMP03860,CC0113,EC,1,Step Increment,86999.94,CAD,CAN,2025-08-06 23:00:00,CORE_HR
EVT00110312,2025-08-09,EMP02710,CC0005,EX,2,Step Increment,177839.98,CAD,CA,2025-08-10 08:00:00,PAYROLL
EVT00111473,2025-08-24,EMP00613,CC0029,AS,2,Leave Start,,EUR,DEU,2025-08-24 19:00:00,CORE_HR
EVT00110159,2025-08-10,EMP03453,CC0020,EC,5,Step Increment,100726.56,CAD,CA,2025-08-11 14:00:00,PAYROLL
EVT00110782,2025-08-21,EMP03172,CC0057,IT,1,Step Increment,80041.9,CAD,CA,2025-08-21 20:00:00,PAYROLL
EVT00110429,2025-08-26,EMP02845,CC0008,PA,1,Step Increment,65312.79,CAD,CAN,2025-08-26 20:00:00,CORE_HR
EVT00110334,2025-08-06,EMP02474,CC0110,IT,2,Step Increment,122882.73,CAD,CA,2025-08-07 09:00:00,PAYROLL
EVT00111439,2025-08-16,EMP02714,CC0105,EX,2,Leave Start,,KES,KEN,2025-08-16 14:00:00,CORE_HR
EVT00110774,2025-08-18,EMP01796,CC0038,EC,2,Departure,,CAD,CA,2025-08-18 13:00:00,PAYROLL
EVT00109721,2025-08-18,EMP03463,CC0035,IT,1,Promotion,-86652.52,CAD,CAN,2025-08-18 14:00:00,CORE_HR
EVT00109571,2025-08-19,EMP03399,CC0103,AS,1,Leave Return,,CAD,CA,2025-08-19 06:00:00,PAYROLL
EVT00110433,2025-08-20,EMP04325,CC0022,PA,4,Leave Return,,CAD,CAN,2025-08-21 15:00:00,CORE_HR
EVT00111344,2025-08-17,EMP01904,CC0016,EX,1,Leave Start,,CAD,CAN,2025-08-18 14:00:00,CORE_HR
EVT00109636,2025-08-10,EMP02628,CC0091,EC,1,Leave Start,,CAD,CAN,2025-08-11 03:00:00,CORE_HR
EVT00111080,2025-08-10,EMP04616,CC0001,FI,4,Hire,126219.76,CAD,CA,2025-08-10 07:00:00,PAYROLL
EVT00110202,2025-08-20,EMP03660,CC0035,CR,1,Step Increment,59788.28,CAD,CA,2025-08-21 11:00:00,PAYROLL
EVT00110441,2025-08-24,EMP00765,CC0113,AS,1,Leave Return,,CAD,CAN,2025-08-24 07:00:00,CORE_HR
EVT00111309,2025-08-13,EMP03813,CC0107,FI,3,Lateral Deployment,,CAD,CA,2025-08-16 01:00:00,PAYROLL
EVT00109664,2025-08-23,EMP04304,CC0082,EC,3,Promotion,109992.15,CAD,CA,2025-08-23 19:00:00,PAYROLL
EVT00111323,2025-08-24,EMP04207,CC0070,PA,2,Performance Pay,8519.6,CAD,CAN,2025-08-25 02:00:00,CORE_HR
EVT00111157,2025-08-10,EMP02372,CC0033,IT,5,Step Increment,133216.98,CAD,CAN,2025-08-11 12:00:00,CORE_HR
EVT00109637,2025-08-11,EMP03823,CC0088,CR,1,Leave Return,,USD,USA,2025-08-12 14:00:00,CORE_HR
EVT00109573,2025-08-03,EMP01562,CC0046,CR,4,Departure,,JPY,JPN,2025-08-03 16:00:00,CORE_HR
EVT00111214,2025-08-08,EMP02529,CC0036,EN,3,Lateral Deployment,,CAD,CA,2025-08-09 00:00:00,PAYROLL
EVT00110841,2025-08-03,EMP03437,CC0008,AS,3,Step Increment,73865.31,CAD,CAN,2025-08-03 23:00:00,CORE_HR
EVT00110054,2025-08-08,EMP01946,CC0080,PA,2,Performance Pay,6114.27,AUD,AUS,2025-08-09 09:00:00,CORE_HR
EVT00111028,2025-08-22,EMP00080,CC0099,CR,3,Performance Pay,3745.62,CAD,CAN,2025-08-23 08:00:00,CORE_HR
EVT00111477,2025-08-07,EMP05104,CC0046,IT,1,Step Increment,9840718.59,KES,KE,2025-08-08 05:00:00,PAYROLL
EVT00109677,2025-08-18,EMP01364,CC0080,CR,4,Leave Start,,EUR,DE,2025-08-18 19:00:00,PAYROLL
EVT00110128,2025-08-20,EMP05133,CC0109,EN,1,Leave Start,,CAD,CAN,2025-08-20 15:00:00,CORE_HR
EVT00109885,2025-08-23,EMP02701,CC0020,IT,3,Leave Return,,CAD,CAN,2025-08-24 08:00:00,CORE_HR
EVT00110970,2025-08-01,EMP05168,CC0008,EC,1,Lateral Deployment,,CAD,CAN,2025-08-01 10:00:00,CORE_HR
EVT00110072,2025-08-03,EMP00353,CC0092,EN,2,Leave Start,,CAD,CAN,2025-08-04 04:00:00,CORE_HR
EVT00110276,2025-08-10,EMP01445,CC0093,PA,4,Lateral Deployment,,CAD,CAN,2025-08-10 17:00:00,CORE_HR
EVT00109824,2025-08-15,EMP01577,CC0037,CR,5,Leave Return,,CAD,CA,2025-08-15 10:00:00,PAYROLL
EVT00110004,2025-08-21,EMP02333,CC0109,PA,5,Step Increment,111620.71,CAD,CAN,2025-08-21 11:00:00,CORE_HR
EVT00109983,2025-08-27,EMP02231,CC0098,CR,2,Lateral Deployment,,CAD,CAN,2025-08-28 14:00:00,CORE_HR
EVT00109902,2025-08-21,EMP00647,CC0061,PA,2,Hire,62747.49,CAD,CA,2025-08-23 17:00:00,PAYROLL
EVT00109534,2025-08-13,EMP00798,CC0033,EN,2,Step Increment,99869.13,CAD,CA,2025-08-14 08:00:00,PAYROLL
EVT00110874,2025-08-25,EMP04802,CC0076,IT,4,Performance Pay,10522.81,CAD,CAN,2025-08-25 06:00:00,CORE_HR
EVT00111313,2025-08-13,EMP00822,CC0035,IT,3,Leave Return,,CAD,CAN,2025-08-13 10:00:00,CORE_HR
EVT00109802,2025-08-25,EMP02691,CC0051,AS,2,Hire,65811.98,CAD,CAN,2025-08-26 06:00:00,CORE_HR
EVT00110597,2025-08-18,EMP04096,CC0027,EX,1,Performance Pay,14877.81,CAD,CAN,2025-08-19 01:00:00,CORE_HR
EVT00110466,2025-08-26,EMP03190,CC0016,EN,2,Performance Pay,10157.93,CAD,CAN,2025-08-27 15:00:00,CORE_HR
EVT00109886,2025-08-25,EMP03892,CC0116,PA,1,Performance Pay,2737.97,CAD,CA,2025-08-25 09:00:00,PAYROLL
EVT00109595,2025-08-26,EMP00703,CC0078,CR,1,Leave Start,,CAD,CAN,2025-08-27 06:00:00,CORE_HR
EVT00110165,2025-08-02,EMP01040,CC0013,IT,2,Step Increment,95982.72,CAD,CA,2025-08-02 10:00:00,PAYROLL
EVT00109903,2025-08-12,EMP04730,CC0082,EN,4,Step Increment,138968.05,CAD,CAN,2025-08-12 12:00:00,CORE_HR
EVT00111168,2025-08-11,EMP03302,CC0044,EN,2,Step Increment,104211.41,CAD,CA,2025-08-12 10:00:00,PAYROLL
EVT00109648,2025-08-09,EMP02481,CC0008,AS,5,Step Increment,94746.55,CAD,CAN,2025-08-09 09:00:00,CORE_HR
EVT00111341,2025-08-01,EMP03122,CC0058,EN,2,Step Increment,127803.78,CAD,CA,2025-08-01 13:00:00,PAYROLL
EVT00110915,2025-08-17,EMP02242,CC0042,IT,3,Leave Start,,CAD,CAN,2025-08-18 06:00:00,CORE_HR
EVT00110715,2025-08-03,EMP04998,CC0117,EN,3,Leave Return,,CAD,CAN,2025-08-03 18:00:00,CORE_HR
EVT00111489,2025-08-16,EMP01385,CC0011,FI,2,Step Increment,70320.74,XXX,CA,2025-08-17 05:00:00,PAYROLL
EVT00109720,2025-08-27,EMP01826,CC0064,IT,1,Step Increment,87102.12,CAD,CA,2025-08-27 07:00:00,PAYROLL
EVT00111277,2025-08-19,EMP03858,CC0088,CR,1,Leave Start,,SGD,SGP,2025-08-19 15:00:00,CORE_HR
EVT00110033,2025-08-18,EMP02922,CC0062,AS,3,Leave Start,,CAD,CAN,2025-08-19 08:00:00,CORE_HR
EVT00109761,2025-08-19,EMP04510,CC0032,FI,1,Lateral Deployment,,CAD,CA,2025-08-20 01:00:00,PAYROLL
EVT00110853,2025-08-06,EMP00124,CC0003,CR,4,Step Increment,73072.02,CAD,CAN,2025-08-07 05:00:00,CORE_HR
EVT00110632,2025-08-12,EMP04858,CC0093,EN,2,Leave Return,,CAD,CAN,2025-08-13 11:00:00,CORE_HR
EVT00109990,2025-08-26,EMP04952,CC0051,IT,1,Leave Start,,CAD,CA,2025-08-27 05:00:00,PAYROLL
EVT00111513,2025-08-20,EMP01914,CC0023,EN,2,Step Increment,113300.26,CAD,CAN,2025-08-20 06:00:00,CORE_HR
EVT00109948,2025-08-26,EMP02140,CC0053,FI,4,Leave Return,,CAD,CA,2025-08-26 14:00:00,PAYROLL
EVT00110372,2025-08-07,EMP02294,CC0003,CR,2,Leave Return,,CAD,CAN,2025-08-07 06:00:00,CORE_HR
EVT00111308,2025-08-23,EMP04598,CC0037,IT,2,Step Increment,118412.81,CAD,CAN,2025-08-23 19:00:00,CORE_HR
EVT00111312,2025-08-13,EMP01112,CC0005,AS,2,Performance Pay,2809.12,CAD,CAN,2025-08-14 04:00:00,CORE_HR
EVT00110384,2025-08-08,EMP01773,CC0052,EX,2,Step Increment,167427.98,CAD,CA,2025-08-09 04:00:00,PAYROLL
EVT00109832,2025-08-08,EMP02498,CC0108,CR,4,Performance Pay,3096.48,EUR,FR,2025-08-08 12:00:00,PAYROLL
EVT00110712,2025-08-07,EMP00399,CC0008,PA,5,Step Increment,105224.62,CAD,CA,2025-08-07 22:00:00,PAYROLL
EVT00110910,2025-08-13,EMP03972,CC0076,EX,2,Performance Pay,10491.22,CAD,CAN,2025-08-14 02:00:00,CORE_HR
EVT00111071,2025-08-14,EMP00257,CC0065,IT,3,Hire,7369863.02,INR,IN,2025-08-14 21:00:00,PAYROLL
EVT00109836,2025-08-15,EMP00517,CC0064,IT,2,Lateral Deployment,,CAD,CAN,2025-08-15 22:00:00,CORE_HR
EVT00109753,2025-08-27,EMP04542,CC0103,FI,2,Step Increment,96571.48,CAD,CAN,2025-08-27 14:00:00,CORE_HR
EVT00110781,2025-08-15,EMP02077,CC0068,PA,2,Performance Pay,6995.3,CAD,CAN,2025-08-15 18:00:00,CORE_HR
EVT00110311,2025-08-17,EMP02771,CC0031,CR,5,Step Increment,71464.06,EUR,DEU,2025-08-18 06:00:00,CORE_HR
EVT00111004,2025-08-19,EMP04544,CC0109,AS,1,Step Increment,45856.26,CAD,CAN,2025-08-19 14:00:00,CORE_HR
EVT00110362,2025-08-14,EMP01630,CC0022,IT,5,Leave Return,,CAD,CAN,2025-08-14 17:00:00,CORE_HR
EVT00110155,2025-08-18,EMP02457,CC0078,CR,2,Performance Pay,6800.05,CAD,CAN,2025-08-19 11:00:00,CORE_HR
EVT00109502,2025-08-02,EMP99999,CC0043,EC,1,Departure,,CAD,CA,2025-08-02 11:00:00,PAYROLL
EVT00109675,2025-08-19,EMP01454,CC0041,AS,2,Leave Return,,CAD,CAN,2025-08-20 08:00:00,CORE_HR
EVT00110789,2025-08-13,EMP01396,CC0045,AS,2,Performance Pay,7465.03,CAD,CAN,2025-08-13 09:00:00,CORE_HR
EVT00111051,2025-08-06,EMP04930,CC0037,FI,5,Step Increment,115419.92,CAD,CA,2025-08-07 10:00:00,PAYROLL
EVT00110119,2025-08-03,EMP02567,CC0043,EX,2,Step Increment,128101.31,CAD,CA,2025-08-03 15:00:00,PAYROLL
EVT00110587,2025-08-27,EMP00572,CC0089,CR,1,Lateral Deployment,,CAD,CAN,2025-08-27 08:00:00,CORE_HR
EVT00109695,2025-08-03,EMP03252,CC0072,AS,3,Step Increment,71630.93,CAD,CAN,2025-08-03 13:00:00,CORE_HR
EVT00109525,2025-08-15,EMP04467,CC0093,IT,1,Leave Return,,CAD,CA,2025-08-16 03:00:00,PAYROLL
EVT00110223,2025-08-19,EMP03739,CC0032,EN,3,Step Increment,113019.52,CAD,CA,2025-08-19 22:00:00,PAYROLL
EVT00109872,2025-08-03,EMP04907,CC0023,EX,1,Leave Return,,CAD,CAN,2025-08-04 15:00:00,CORE_HR
EVT00111044,2025-08-25,EMP03777,CC0105,IT,1,Step Increment,116391.02,AUD,AU,2025-08-25 20:00:00,PAYROLL
EVT00110255,2025-08-16,EMP04550,CC0019,IT,5,Leave Start,,CAD,CAN,2025-08-17 11:00:00,CORE_HR
EVT00111079,2025-08-19,EMP02519,CC0025,PA,4,Step Increment,96467.62,CAD,CAN,2025-08-19 22:00:00,CORE_HR
EVT00110239,2025-08-22,EMP04879,CC0009,EN,3,Lateral Deployment,,AED,ARE,2025-08-23 10:00:00,CORE_HR
EVT00109683,2025-08-13,EMP03246,CC0037,IT,3,Step Increment,110480.07,CAD,CAN,2025-08-14 03:00:00,CORE_HR
EVT00110783,2025-08-16,EMP03857,CC0095,EC,2,Leave Return,,CAD,CAN,2025-08-17 11:00:00,CORE_HR
EVT00110875,2025-08-02,EMP03620,CC0019,FI,1,Performance Pay,10646.35,CAD,CA,2025-08-02 19:00:00,PAYROLL
EVT00110339,2025-08-04,EMP00252,CC0058,FI,4,Step Increment,114120.38,CAD,CA,2025-08-05 11:00:00,PAYROLL
EVT00111170,2025-08-27,EMP04337,CC0004,EC,3,Leave Return,,CAD,CA,2025-08-27 09:00:00,PAYROLL
EVT00110539,2025-08-24,EMP00780,CC0118,IT,1,Performance Pay,6385.96,CAD,CAN,2025-08-24 11:00:00,CORE_HR
EVT00110373,2025-08-16,EMP00268,CC0117,PA,2,Performance Pay,4762.68,CAD,CAN,2025-08-16 08:00:00,CORE_HR
EVT00111309,2025-08-13,EMP03813,CC0107,FI,3,Lateral Deployment,,CAD,CA,2025-08-14 03:00:00,PAYROLL
EVT00110069,2025-08-07,EMP00644,CC0019,CR,3,Leave Return,,CAD,CAN,2025-08-08 05:00:00,CORE_HR
EVT00110909,2025-08-05,EMP04169,CC0040,EC,3,Lateral Deployment,,CAD,CA,2025-08-05 15:00:00,PAYROLL
EVT00111112,2025-08-06,EMP00500,CC0042,PA,1,Leave Return,,CAD,CA,2025-08-07 11:00:00,PAYROLL
EVT00111026,2025-08-23,EMP03989,CC0041,FI,3,Lateral Deployment,,CAD,CA,2025-08-23 09:00:00,PAYROLL
EVT00111501,2025-08-25,EMP00012,CC0060,FI,3,Step Increment,78728.07,CAD,CA,2025-08-26 12:00:00,PAYROLL
EVT00109699,2025-08-15,EMP04321,CC0120,EN,5,Step Increment,143254.11,CAD,CAN,2025-08-16 09:00:00,CORE_HR
EVT00109893,2025-08-01,EMP00693,CC0056,IT,2,Leave Return,,CAD,CAN,2025-08-01 17:00:00,CORE_HR
EVT00110941,2025-08-13,EMP00569,CC0050,IT,2,Hire,111561.49,CAD,CA,2025-08-13 10:00:00,PAYROLL
EVT00110504,2025-08-23,EMP03702,CC0056,IT,2,Step Increment,87631.46,CAD,CA,2025-08-23 19:00:00,PAYROLL
EVT00110971,2025-08-14,EMP01366,CC0026,PA,3,Leave Return,,CAD,CAN,2025-08-15 03:00:00,CORE_HR
EVT00111030,2025-08-25,EMP01587,CC0104,PA,3,Step Increment,102855.35,CAD,CAN,2025-08-26 11:00:00,CORE_HR
EVT00110708,2025-08-08,EMP03588,CC0085,IT,2,Performance Pay,10467.57,CAD,CAN,2025-08-09 10:00:00,CORE_HR
EVT00111143,2025-08-05,EMP01799,CC0067,AS,3,Leave Start,,CAD,CAN,2025-08-05 15:00:00,CORE_HR
EVT00110840,2025-08-23,EMP02535,CC0027,PA,2,Step Increment,80028.75,CAD,CAN,2025-08-23 14:00:00,CORE_HR
EVT00111510,2025-08-09,EMP03571,CC0038,EX,3,Step Increment,205509.82,CAD,CA,2025-08-09 20:00:00,PAYROLL
EVT00110533,2025-08-21,EMP03719,CC0028,EX,1,Leave Return,,CAD,CAN,2025-08-21 08:00:00,CORE_HR
EVT00110707,2025-08-06,EMP03537,CC0075,PA,4,Promotion,101506.8,CAD,CA,2025-08-06 08:00:00,PAYROLL
EVT00110024,2025-08-20,EMP02840,CC0092,FI,1,Leave Return,,CAD,CAN,2025-08-21 06:00:00,CORE_HR
EVT00111035,2025-08-03,EMP01994,CC0099,EN,5,Step Increment,149796.84,CAD,CA,2025-08-04 09:00:00,PAYROLL
EVT00109540,2025-08-25,EMP00835,CC0009,PA,2,Step Increment,1189583.07,MXN,MEX,2025-08-25 16:00:00,CORE_HR
EVT00111281,2025-08-25,EMP01738,CC0082,PA,2,Performance Pay,10525.75,CAD,CA,2025-08-26 04:00:00,PAYROLL
EVT00110468,2025-08-09,EMP04172,CC0018,EX,1,Performance Pay,7856.19,CAD,CAN,2025-08-10 15:00:00,CORE_HR
EVT00109793,2025-08-01,EMP02882,CC0098,AS,4,Performance Pay,7743.67,CAD,CAN,2025-08-01 09:00:00,CORE_HR
EVT00110664,2025-08-02,EMP04203,CC0068,CR,1,Step Increment,51854.99,CAD,CAN,2025-08-02 23:00:00,CORE_HR
EVT00109666,2025-08-02,EMP03076,CC0015,FI,1,Departure,,CAD,CAN,2025-08-03 05:00:00,CORE_HR
EVT00109961,2025-08-18,EMP03068,CC0117,FI,3,Performance Pay,10034.88,CAD,CA,2025-08-18 12:00:00,PAYROLL
EVT00110635,2025-08-10,EMP00409,CC0081,IT,5,Departure,,CAD,CA,2025-08-11 01:00:00,PAYROLL
EVT00110007,2025-08-05,EMP02684,CC0031,EC,5,Lateral Deployment,,AED,AE,2025-08-05 06:00:00,PAYROLL
EVT00110692,2025-08-05,EMP04769,CC0060,AS,1,Step Increment,64560.58,CAD,CA,2025-08-05 21:00:00,PAYROLL
EVT00109692,2025-08-08,EMP00682,CC0081,IT,3,Step Increment,114204.87,CAD,CA,2025-08-09 00:00:00,PAYROLL
EVT00111018,2025-08-19,EMP00267,CC0067,PA,1,Departure,,CAD,CA,2025-08-21 22:00:00,PAYROLL
EVT00111264,2025-08-16,EMP03795,CC0080,IT,2,Hire,281817.9,AED,ARE,2025-08-17 05:00:00,CORE_HR
EVT00111466,2025-08-09,EMP01101,CC0020,PA,1,Step Increment,85646.77,CAD,CA,2025-08-10 01:00:00,PAYROLL
EVT00110623,2025-08-27,EMP01291,CC0063,IT,4,Lateral Deployment,,CAD,CAN,2025-08-28 14:00:00,CORE_HR
EVT00111082,2025-08-24,EMP03396,CC0030,FI,4,Step Increment,289763.71,AED,ARE,2025-08-25 08:00:00,CORE_HR
EVT00110179,2025-08-13,EMP00439,CC0037,IT,5,Leave Return,,CAD,CA,2025-08-14 07:00:00,PAYROLL
EVT00110210,2025-08-18,EMP02926,CC0048,IT,3,Step Increment,119788.35,CAD,CAN,2025-08-18 20:00:00,CORE_HR
EVT00111368,2025-08-15,EMP02122,CC0013,AS,4,Step Increment,85581.9,CAD,CAN,2025-08-16 00:00:00,CORE_HR
EVT00110050,2025-08-10,EMP00861,CC0091,CR,1,Step Increment,53253.55,CAD,CAN,2025-08-11 12:00:00,CORE_HR
EVT00111479,2025-08-10,EMP03132,CC0052,EX,1,Performance Pay,8072.58,CAD,CAN,2025-08-12 01:00:00,CORE_HR
EVT00110229,2025-08-11,EMP01588,CC0041,EN,5,Leave Return,,CAD,CAN,2025-08-12 03:00:00,CORE_HR
EVT00110507,2025-08-01,EMP03882,CC0005,AS,3,Leave Start,,CAD,CAN,2025-08-01 17:00:00,CORE_HR
EVT00110994,2025-08-10,EMP04684,CC0109,IT,4,Step Increment,126370.55,CAD,CAN,2025-08-10 17:00:00,CORE_HR
EVT00111094,2025-08-19,EMP03348,CC0041,AS,2,Leave Return,,CAD,CAN,2025-08-19 20:00:00,CORE_HR
EVT00111023,2025-08-07,EMP02106,CC0111,EC,2,Lateral Deployment,,MXN,MX,2025-08-08 06:00:00,PAYROLL
EVT00111036,2025-08-21,EMP04061,CC0074,EC,1,Performance Pay,18711.67,AED,ARE,2025-08-22 04:00:00,CORE_HR
EVT00110211,2025-08-27,EMP00231,CC0103,FI,4,Step Increment,108358.36,CAD,CAN,2025-08-28 13:00:00,CORE_HR
EVT00110084,2025-08-18,EMP03293,CC0048,FI,3,Leave Start,,CAD,CA,2025-08-18 19:00:00,PAYROLL
EVT00110729,2025-08-05,EMP04890,CC0003,PA,1,Step Increment,66970.25,CAD,CA,2025-08-06 06:00:00,PAYROLL
EVT00111403,2025-08-10,EMP04868,CC0052,IT,4,Leave Return,,CAD,CA,2025-08-10 08:00:00,PAYROLL
EVT00109936,2025-08-16,EMP05087,CC0082,FI,3,Step Increment,112655.47,CAD,CAN,2025-08-16 07:00:00,CORE_HR
EVT00111208,2025-08-08,EMP02802,CC0063,EN,4,Step Increment,136691.86,CAD,CAN,2025-08-09 06:00:00,CORE_HR
EVT00110057,2025-08-17,EMP05000,CC0031,IT,5,Step Increment,543037.86,BRL,BR,2025-08-17 18:00:00,PAYROLL
EVT00109568,2025-08-23,EMP01375,CC0109,CR,2,Lateral Deployment,,CAD,CA,2025-08-24 05:00:00,PAYROLL
EVT00111050,2025-08-14,EMP00403,CC0114,CR,3,Leave Start,,CAD,CAN,2025-08-14 19:00:00,CORE_HR
EVT00109686,2025-08-23,EMP01471,CC0079,AS,1,Lateral Deployment,,CAD,CAN,2025-08-23 16:00:00,CORE_HR
EVT00111021,2025-08-21,EMP01584,CC0085,PA,5,Departure,,CAD,CA,2025-08-22 07:00:00,PAYROLL
EVT00110045,2025-08-13,EMP01683,CC0030,IT,4,Step Increment,277914.61,AED,AE,2025-08-14 02:00:00,PAYROLL
EVT00110473,2025-08-04,EMP01743,CC0032,IT,3,Step Increment,110549.29,CAD,CAN,2025-08-05 00:00:00,CORE_HR
EVT00109657,2025-08-17,EMP04532,CC0023,AS,4,Step Increment,83166.86,CAD,CAN,2025-08-17 07:00:00,CORE_HR
EVT00110733,2025-08-01,EMP05043,CC0050,PA,1,Lateral Deployment,,CAD,CAN,2025-08-02 07:00:00,CORE_HR
EVT00109760,2025-08-04,EMP02128,CC0061,PA,1,Hire,72667.89,CAD,CAN,2025-08-04 17:00:00,CORE_HR
EVT00110777,2025-08-10,EMP04779,CC0082,CR,3,Leave Return,,CAD,CAN,2025-08-10 15:00:00,CORE_HR
EVT00110745,2025-08-01,EMP03470,CC0107,PA,5,Step Increment,98890.66,CAD,CA,2025-08-01 12:00:00,PAYROLL
EVT00111062,2025-08-03,EMP04464,CC0015,PA,4,Performance Pay,6398.98,CAD,CAN,2025-08-03 10:00:00,CORE_HR
EVT00110358,2025-08-20,EMP01971,CC0060,IT,1,Lateral Deployment,,CAD,CA,2025-08-21 14:00:00,PAYROLL
EVT00109841,2025-08-11,EMP02693,CC0011,PA,3,Step Increment,94691.73,CAD,CAN,2025-08-11 11:00:00,CORE_HR
EVT00110727,2025-08-09,EMP02032,CC0089,EC,3,Departure,,CAD,CA,2025-08-09 08:00:00,PAYROLL
EVT00111397,2025-08-03,EMP04521,CC0086,EX,2,Step Increment,185788.68,AUD,AUS,2025-08-03 13:00:00,CORE_HR
EVT00111310,2025-08-27,EMP04341,CC0078,EC,1,Step Increment,82322.9,CAD,CAN,2025-08-28 04:00:00,CORE_HR
EVT00110756,2025-08-13,EMP04091,CC0090,EN,1,Promotion,90490.59,CAD,CA,2025-08-14 00:00:00,PAYROLL
EVT00110927,2025-08-27,EMP01783,CC0083,PA,2,Performance Pay,8306.04,CAD,CA,2025-08-28 11:00:00,PAYROLL
EVT00111280,2025-08-04,EMP00659,CC0045,CR,2,Step Increment,64460.1,CAD,CAN,2025-08-05 14:00:00,CORE_HR
EVT00110496,2025-08-04,EMP04012,CC0069,PA,5,Departure,,CAD,CA,2025-08-05 00:00:00,PAYROLL
EVT00109537,2025-08-01,EMP04895,CC0047,AS,4,Step Increment,88185.52,CAD,CAN,2025-08-01 13:00:00,CORE_HR
EVT00110985,2025-08-20,EMP02084,CC0052,IT,3,Leave Return,,CAD,CA,2025-08-21 02:00:00,PAYROLL
EVT00109922,2025-08-10,EMP03305,CC0111,PA,5,Lateral Deployment,,SGD,SG,2025-08-11 01:00:00,PAYROLL
EVT00109901,2025-08-26,EMP03067,CC0031,EX,1,Step Increment,17079047.89,XXX,JPN,2025-08-26 13:00:00,CORE_HR
EVT00110642,2025-08-06,EMP02501,CC0002,EN,2,Leave Return,,CAD,CAN,2025-08-06 12:00:00,CORE_HR
EVT00110969,2025-08-25,EMP00747,CC0105,PA,1,Lateral Deployment,,BRL,BRA,2025-08-25 19:00:00,CORE_HR
EVT00110122,2025-08-04,EMP02378,CC0044,FI,1,Leave Return,,CAD,CAN,2025-08-04 10:00:00,CORE_HR
EVT00110821,2025-08-12,EMP03240,CC0055,PA,5,Hire,103328.63,CAD,CA,2025-08-13 12:00:00,PAYROLL
EVT00111103,2025-08-12,EMP04283,CC0118,EC,2,Leave Return,,CAD,CAN,2025-08-12 10:00:00,CORE_HR
EVT00111164,2025-08-07,EMP02899,CC0018,AS,3,Leave Return,,CAD,CAN,2025-08-07 22:00:00,CORE_HR
EVT00111177,2025-08-23,EMP03880,CC0058,CR,3,Step Increment,74635.18,CAD,CA,2025-08-24 01:00:00,PAYROLL
EVT00111195,2025-08-11,EMP03324,CC0016,FI,2,Performance Pay,8525.97,CAD,CAN,2025-08-11 13:00:00,CORE_HR
EVT00110992,2025-08-10,EMP01831,CC0084,PA,5,Lateral Deployment,,CAD,CAN,2025-08-11 03:00:00,CORE_HR
EVT00111436,2025-08-18,EMP00902,CC0020,CR,5,Lateral Deployment,,CAD,CA,2025-08-19 11:00:00,PAYROLL
EVT00111265,2025-08-11,EMP00018,CC0073,PA,5,Hire,114720.16,CAD,CA,2025-08-12 02:00:00,PAYROLL
EVT00110952,2025-08-05,EMP00212,CC0043,FI,1,Leave Start,,CAD,CAN,2025-08-07 00:00:00,CORE_HR
EVT00111249,2025-08-23,EMP02074,CC0014,FI,1,Step Increment,76533.21,CAD,CA,2025-08-23 22:00:00,PAYROLL
EVT00110835,2025-08-21,EMP04018,CC0068,AS,1,Step Increment,64266.84,CAD,CAN,2025-08-21 10:00:00,CORE_HR
EVT00111058,2025-08-09,EMP04092,CC0092,EN,3,Step Increment,117388.74,CAD,CAN,2025-08-09 17:00:00,CORE_HR
EVT00110105,2025-08-26,EMP04961,CC0119,AS,3,Performance Pay,3845.14,CAD,CA,2025-08-26 07:00:00,PAYROLL
EVT00111400,2025-08-10,EMP01901,CC0099,AS,2,Hire,75360.52,CAD,CAN,2025-08-11 07:00:00,CORE_HR
EVT00109722,2025-08-10,EMP02013,CC0116,AS,4,Lateral Deployment,,CAD,CA,2025-08-10 16:00:00,PAYROLL
EVT00109787,2025-08-24,EMP00832,CC0055,AS,3,Leave Return,,CAD,CAN,2025-08-25 06:00:00,CORE_HR
EVT00110618,2025-08-15,EMP04234,CC0029,FI,3,Departure,,KES,KE,2025-08-15 19:00:00,PAYROLL
EVT00109551,2025-08-22,EMP04384,CC0120,PA,1,Step Increment,67940.56,CAD,CAN,2025-08-23 05:00:00,CORE_HR
EVT00111274,2025-08-13,EMP03734,CC0005,PA,1,Leave Start,,CAD,CAN,2025-08-13 09:00:00,CORE_HR
EVT00110126,2025-08-24,EMP02209,CC0022,EX,1,Promotion,153765.57,CAD,CAN,2025-08-24 07:00:00,CORE_HR
EVT00109892,2025-08-21,EMP02046,CC0077,IT,5,Step Increment,142056.63,CAD,CAN,2025-08-21 09:00:00,CORE_HR
EVT00109887,2025-08-13,EMP03452,CC0089,CR,4,Leave Start,,CAD,CA,2025-08-13 22:00:00,PAYROLL
EVT00110826,2025-08-11,EMP01804,CC0093,PA,1,Promotion,65974.07,CAD,CAN,2025-08-12 06:00:00,CORE_HR
EVT00109835,2025-08-27,EMP02188,CC0022,FI,3,Leave Return,,CAD,CA,2025-08-28 02:00:00,PAYROLL
EVT00110425,2025-08-27,EMP03660,CC0035,CR,1,Hire,52053.0,CAD,CAN,2025-08-28 02:00:00,CORE_HR
EVT00111414,2025-08-25,EMP01962,CC0025,PA,2,Step Increment,75390.74,CAD,CAN,2025-08-26 00:00:00,CORE_HR
EVT00110180,2025-08-20,EMP04330,CC0110,FI,2,Leave Start,,CAD,CA,2025-08-20 22:00:00,PAYROLL
EVT00111456,2025-08-13,EMP00277,CC0089,PA,3,Performance Pay,7366.63,CAD,CAN,2025-08-14 10:00:00,CORE_HR
EVT00109496,2025-08-23,EMP02202,CC0034,AS,4,Leave Start,,CAD,CAN,2025-08-24 14:00:00,CORE_HR
EVT00110957,2025-08-21,EMP04750,CC0066,EN,4,Leave Return,,CAD,CAN,2025-08-21 09:00:00,CORE_HR
EVT00111294,2025-08-19,EMP02227,CC0027,PA,1,Leave Return,,CAD,CA,2025-08-20 01:00:00,PAYROLL
EVT00109603,2025-08-06,EMP00888,CC0113,PA,2,Leave Return,,CAD,CA,2025-08-07 04:00:00,PAYROLL
EVT00111065,2025-08-27,EMP01285,CC0083,EC,4,Step Increment,123019.4,CAD,CA,2025-08-27 18:00:00,PAYROLL
EVT00110124,2025-08-17,EMP00160,CC0075,PA,1,Hire,69363.5,CAD,CAN,2025-08-18 09:00:00,CORE_HR
EVT00110121,2025-08-05,EMP03536,CC0051,EN,5,Leave Return,,CAD,CA,2025-08-06 05:00:00,PAYROLL
EVT00110459,2025-08-03,EMP02502,CC0038,AS,1,Step Increment,56344.97,CAD,CAN,2025-08-03 20:00:00,CORE_HR
EVT00110022,2025-08-15,EMP02542,CC0089,AS,3,Leave Return,,CAD,CA,2025-08-16 11:00:00,PAYROLL
EVT00111317,2025-08-24,EMP01329,CC0036,IT,2,Lateral Deployment,,CAD,CA,2025-08-24 08:00:00,PAYROLL
EVT00111167,2025-08-26,EMP02754,CC0070,FI,1,Hire,71540.58,CAD,CA,2025-08-27 11:00:00,PAYROLL
EVT00111060,2025-08-26,EMP03179,CC0049,AS,5,Promotion,11279824.5,JPY,JPN,2025-08-26 16:00:00,CORE_HR
EVT00110495,2025-08-14,EMP05095,CC0077,EX,1,Performance Pay,14746.87,CAD,CA,2025-08-15 09:00:00,PAYROLL
EVT00110592,2025-08-22,EMP04349,CC0102,FI,1,Step Increment,-57806.84,CAD,CA,2025-08-22 09:00:00,PAYROLL
EVT00110902,2025-08-05,EMP01708,CC0100,PA,3,Departure,,CAD,CA,2025-08-06 15:00:00,PAYROLL
EVT00109602,2025-08-01,EMP04321,CC0120,EN,5,Leave Start,,CAD,CAN,2025-08-02 03:00:00,CORE_HR
EVT00110160,2025-08-02,EMP04512,CC0032,EC,5,Leave Return,,CAD,CAN,2025-08-03 01:00:00,CORE_HR
EVT00109987,2025-08-05,EMP03205,CC0115,IT,2,Hire,96226.05,CAD,CAN,2025-08-05 07:00:00,CORE_HR
EVT00109554,2025-08-23,EMP01383,CC0114,CR,2,Departure,,CAD,CAN,2025-08-24 03:00:00,CORE_HR
EVT00110290,2025-08-13,EMP01976,CC0002,PA,2,Leave Start,,CAD,CAN,2025-08-14 06:00:00,CORE_HR
EVT00111365,2025-08-09,EMP03337,CC0097,PA,3,Step Increment,68318.34,CAD,CA,2025-08-09 11:00:00,PAYROLL
EVT00110438,2025-08-05,EMP01562,CC0046,CR,4,Step Increment,212232.42,BRL,BRA,2025-08-06 04:00:00,CORE_HR
EVT00110401,2025-08-02,EMP02884,CC0075,PA,2,Step Increment,71276.09,CAD,CAN,2025-08-03 14:00:00,CORE_HR
EVT00110035,2025-08-19,EMP02087,CC0053,PA,1,Performance Pay,4196.64,CAD,CAN,2025-08-19 07:00:00,CORE_HR
EVT00109562,2025-08-12,EMP04244,CC0062,IT,4,Leave Return,,CAD,CAN,2025-08-15 05:00:00,CORE_HR
EVT00110221,2025-08-05,EMP01815,CC0093,EX,1,Leave Return,,CAD,CAN,2025-08-05 15:00:00,CORE_HR
EVT00109536,2025-08-21,EMP04681,CC0050,FI,1,Leave Return,,CAD,CA,2025-08-21 19:00:00,PAYROLL
EVT00111289,2025-08-06,EMP03562,CC0009,PA,5,Step Increment,1412798.34,MXN,MX,2025-08-07 04:00:00,PAYROLL
EVT00111458,2025-08-03,EMP03726,CC0026,CR,3,Leave Return,,CAD,CAN,2025-08-03 12:00:00,CORE_HR
EVT00111132,2025-08-12,EMP01296,CC0001,EN,3,Step Increment,120705.07,CAD,CA,2025-08-12 15:00:00,PAYROLL
EVT00109515,2025-08-27,EMP04275,CC0093,CR,4,Performance Pay,4788.21,CAD,CA,2025-08-28 04:00:00,PAYROLL
EVT00111147,2025-08-23,EMP00107,CC0031,AS,3,Hire,68715.86,EUR,FRA,2025-08-23 19:00:00,CORE_HR
EVT00110636,2025-08-21,EMP04374,CC0095,FI,2,Leave Return,,CAD,CAN,2025-08-21 17:00:00,CORE_HR
EVT00110486,2025-08-24,EMP02414,CC0009,CR,1,Step Increment,41649.09,SGD,SGP,2025-08-25 04:00:00,CORE_HR
EVT00110869,2025-08-03,EMP02454,CC0062,EN,1,Leave Return,,CAD,CAN,2025-08-06 12:00:00,CORE_HR
EVT00110574,2025-08-09,EMP00034,CC0044,CR,1,Step Increment,60398.31,CAD,CA,2025-08-09 09:00:00,PAYROLL
EVT00110683,2025-08-15,EMP01089,CC0061,FI,3,Step Increment,130546.64,CAD,CAN,2025-08-16 11:00:00,CORE_HR
EVT00110455,2025-08-13,EMP00141,CC0086,IT,1,Departure,,INR,IN,2025-08-13 08:00:00,PAYROLL
EVT00110602,2025-08-12,EMP01578,CC0078,IT,4,Leave Start,,CAD,CAN,2025-08-12 17:00:00,CORE_HR
EVT00109560,2025-08-19,EMP00773,CC0092,EC,2,Step Increment,86138.46,CAD,CAN,2025-08-19 14:00:00,CORE_HR
EVT00110860,2025-08-13,EMP03934,CC0096,PA,1,Step Increment,68989.6,CAD,CAN,2025-08-14 05:00:00,CORE_HR
EVT00109755,2025-08-02,EMP02417,CC0008,EN,2,Leave Start,,CAD,CA,2025-08-02 09:00:00,PAYROLL
EVT00110224,2025-08-20,EMP00933,CC0053,PA,2,Leave Start,,CAD,CAN,2025-08-21 07:00:00,CORE_HR
EVT00111465,2025-08-09,EMP03007,CC0076,EC,4,Step Increment,112117.67,CAD,CA,2025-08-09 06:00:00,PAYROLL
EVT00110299,2025-08-04,EMP01173,CC0061,FI,3,Step Increment,104328.06,CAD,CA,2025-08-04 14:00:00,PAYROLL
EVT00109902,2025-08-21,EMP00647,CC0061,PA,2,Hire,62747.49,CAD,CA,2025-08-22 14:00:00,PAYROLL
EVT00111337,2025-08-23,EMP02750,CC0053,CR,3,Performance Pay,5460.12,CAD,CA,2025-08-23 11:00:00,PAYROLL
EVT00111404,2025-08-19,EMP01448,CC0033,EX,1,Departure,,CAD,CA,2025-08-19 17:00:00,PAYROLL
EVT00111171,2025-08-26,EMP04073,CC0071,AS,1,Step Increment,67184.38,CAD,CAN,2025-08-27 01:00:00,CORE_HR
EVT00110366,2025-08-21,EMP01595,CC0084,CR,3,Step Increment,63648.78,CAD,CAN,2025-08-21 13:00:00,CORE_HR
EVT00111396,2025-08-20,EMP01732,CC0072,EC,3,Promotion,109729.43,CAD,CAN,2025-08-20 15:00:00,CORE_HR
EVT00110803,2025-08-08,EMP00400,CC0115,PA,2,Leave Return,,CAD,CAN,2025-08-08 14:00:00,CORE_HR
EVT00110014,2025-08-25,EMP03547,CC0116,EC,2,Step Increment,101210.52,CAD,CA,2025-08-26 14:00:00,PAYROLL
EVT00111155,2025-08-21,EMP02122,CC0013,AS,4,Leave Start,,CAD,CAN,2025-08-22 07:00:00,CORE_HR
EVT00111424,2025-08-25,EMP03195,CC0105,IT,1,Step Increment,57317.9,EUR,FRA,2025-08-25 21:00:00,CORE_HR
EVT00110508,2025-08-14,EMP05013,CC0105,FI,3,Step Increment,304763.68,AED,AE,2025-08-14 12:00:00,PAYROLL
EVT00109989,2025-08-13,EMP02190,CC0080,PA,4,Leave Return,,KES,KE,2025-08-14 05:00:00,PAYROLL
EVT00110170,2025-08-03,EMP02263,CC0023,CR,1,Departure,,CAD,CAN,2025-08-03 22:00:00,CORE_HR
EVT00110063,2025-08-25,EMP02313,CC0087,EC,3,Performance Pay,13572.86,CAD,CAN,2025-08-25 11:00:00,CORE_HR
EVT00110019,2025-08-23,EMP00254,CC0077,AS,5,Hire,84797.18,CAD,CAN,2025-08-24 15:00:00,CORE_HR
EVT00110661,2025-08-14,EMP01973,CC0026,CR,2,Leave Start,,CAD,CAN,2025-08-15 00:00:00,CORE_HR
EVT00109701,2025-08-09,EMP04059,CC0118,FI,1,Leave Start,,CAD,CA,2025-08-12 05:00:00,PAYROLL
EVT00110870,2025-08-08,EMP01149,CC0085,EN,2,Promotion,90245.06,CAD,CAN,2025-08-09 14:00:00,CORE_HR
EVT00109726,2025-08-08,EMP02703,CC0051,PA,1,Leave Start,,CAD,CAN,2025-08-08 10:00:00,CORE_HR
EVT00111286,2025-08-07,EMP03871,CC0014,PA,1,Departure,,CAD,CA,2025-08-07 09:00:00,PAYROLL
EVT00111524,2025-08-24,EMP00261,CC0004,FI,2,Lateral Deployment,,CAD,CAN,2025-08-25 14:00:00,CORE_HR
EVT00110897,2025-08-27,EMP02388,CC0052,PA,1,Step Increment,83707.81,CAD,CAN,2025-08-27 18:00:00,CORE_HR
EVT00110480,2025-08-11,EMP99999,CC0098,PA,5,Step Increment,81836.32,CAD,CA,2025-08-12 09:00:00,PAYROLL
EVT00111186,2025-08-23,EMP04058,CC0076,IT,4,Step Increment,97540.81,CAD,CAN,2025-08-23 10:00:00,CORE_HR
EVT00110802,2025-08-07,EMP01817,CC0064,AS,3,Step Increment,82195.79,CAD,CAN,2025-08-08 04:00:00,CORE_HR
EVT00110951,2025-08-15,EMP00153,CC0048,PA,3,Hire,91274.66,CAD,CA,2025-08-16 09:00:00,PAYROLL
EVT00109600,2025-08-12,EMP04567,CC0006,EX,1,Lateral Deployment,,CAD,CA,2025-08-12 06:00:00,PAYROLL
EVT00109601,2025-08-27,EMP03224,CC0113,EX,3,Step Increment,186549.3,CAD,CA,2025-08-28 05:00:00,PAYROLL
EVT00109565,2025-08-23,EMP02605,CC0070,IT,2,Step Increment,108837.15,CAD,CA,2025-08-23 10:00:00,PAYROLL
EVT00111522,2025-08-09,EMP04246,CC0109,EC,3,Lateral Deployment,,CAD,CA,2025-08-10 08:00:00,PAYROLL
EVT00110534,2025-08-05,EMP00053,CC0017,PA,1,Performance Pay,7137.97,CAD,CAN,2025-08-05 10:00:00,CORE_HR
EVT00110980,2025-08-22,EMP01338,CC0004,IT,1,Performance Pay,4695.31,CAD,CAN,2025-08-23 08:00:00,CORE_HR
EVT00111054,2025-08-05,EMP03343,CC0075,CR,1,Step Increment,54351.76,CAD,CAN,2025-08-05 06:00:00,CORE_HR
EVT00110723,2025-08-13,EMP04613,CC0046,IT,3,Leave Start,,EUR,FRA,2025-08-14 04:00:00,CORE_HR
EVT00110396,2025-08-20,EMP01928,CC0102,PA,3,Hire,83637.02,CAD,CAN,2025-08-20 22:00:00,CORE_HR
EVT00110913,2025-08-08,EMP03809,CC0023,CR,4,Hire,79882.96,CAD,CAN,2025-08-08 16:00:00,CORE_HR
EVT00110018,2025-08-09,EMP02675,CC0102,CR,3,Lateral Deployment,,CAD,CAN,2025-08-09 09:00:00,CORE_HR
EVT00110145,2025-08-12,EMP04727,CC0059,IT,4,Departure,,CAD,CAN,2025-08-13 11:00:00,CORE_HR
EVT00110288,2025-08-18,EMP00632,CC0097,CR,4,Leave Start,,CAD,CAN,2025-08-18 20:00:00,CORE_HR
EVT00110676,2025-08-23,EMP01669,CC0108,EX,2,Hire,166756.97,EUR,FR,2025-08-23 13:00:00,PAYROLL
EVT00111137,2025-08-24,EMP02338,CC0011,PA,1,Lateral Deployment,,CAD,CA,2025-08-25 01:00:00,PAYROLL
EVT00109773,2025-08-07,EMP01067,CC0035,EN,3,Leave Return,,CAD,CAN,2025-08-07 17:00:00,CORE_HR
EVT00110447,2025-08-05,EMP00691,CC0101,PA,2,Step Increment,78855.71,CAD,CAN,2025-08-06 13:00:00,CORE_HR
EVT00110929,2025-08-11,EMP02368,CC0084,EN,3,Leave Return,,CAD,CAN,2025-08-12 13:00:00,CORE_HR
EVT00110475,2025-08-10,EMP03572,CC0081,FI,1,Performance Pay,9309.52,CAD,CA,2025-08-10 10:00:00,PAYROLL
EVT00110684,2025-08-22,EMP01520,CC0010,PA,2,Step Increment,77713.66,CAD,CA,2025-08-22 08:00:00,PAYROLL
EVT00110111,2025-08-10,EMP05184,CC0068,PA,2,Step Increment,71476.32,CAD,CAN,2025-08-11 07:00:00,CORE_HR
EVT00110003,2025-08-25,EMP04702,CC0067,PA,1,Hire,52708.71,CAD,CA,2025-08-26 13:00:00,PAYROLL
EVT00111369,2025-08-17,EMP00161,CC0047,PA,1,Step Increment,69386.07,CAD,CAN,2025-08-18 07:00:00,CORE_HR
EVT00110573,2025-08-03,EMP02524,CC0023,IT,1,Promotion,83778.03,CAD,CA,2025-08-03 10:00:00,PAYROLL
EVT00110116,2025-08-07,EMP99999,CC0099,AS,2,Leave Start,,CAD,CAN,2025-08-10 00:00:00,CORE_HR
EVT00111493,2025-08-16,EMP03827,CC0019,AS,2,Leave Start,,CAD,CAN,2025-08-16 22:00:00,CORE_HR
EVT00109956,2025-08-11,EMP00686,CC0119,EN,2,Hire,100514.64,CAD,CA,2025-08-11 17:00:00,PAYROLL
EVT00109868,2025-08-03,EMP01888,CC0069,IT,3,Leave Return,,CAD,CA,2025-08-04 15:00:00,PAYROLL
EVT00111340,2025-08-21,EMP02273,CC0059,FI,5,Leave Start,,CAD,CAN,2025-08-21 19:00:00,CORE_HR
EVT00110527,2025-08-18,EMP02177,CC0077,FI,3,Step Increment,106238.97,CAD,CAN,2025-08-18 08:00:00,CORE_HR
EVT00109684,2025-08-13,EMP02020,CC0001,FI,1,Lateral Deployment,,CAD,CA,2025-08-13 08:00:00,PAYROLL
EVT00109923,2025-08-10,EMP00084,CC0070,EX,1,Leave Start,,CAD,CAN,2025-08-11 11:00:00,CORE_HR
EVT00110674,2025-08-24,EMP04977,CC0006,CR,4,Hire,90030.62,CAD,CAN,2025-08-24 09:00:00,CORE_HR
EVT00111209,2025-08-10,EMP01516,CC0024,EN,4,Step Increment,138684.85,CAD,CAN,2025-08-10 15:00:00,CORE_HR
EVT00111291,2025-08-19,EMP04877,CC0102,PA,2,Leave Start,,CAD,CAN,2025-08-19 13:00:00,CORE_HR
EVT00109913,2025-08-20,EMP02111,CC0061,EC,1,Leave Start,,CAD,CA,2025-08-20 10:00:00,PAYROLL
EVT00110629,2025-08-07,EMP04401,CC0030,AS,4,Step Increment,5590389.64,INR,IND,2025-08-08 04:00:00,CORE_HR
EVT00109889,2025-08-01,EMP01181,CC0112,FI,4,Step Increment,141918.29,CAD,CA,2025-08-02 14:00:00,PAYROLL
EVT00110842,2025-08-23,EMP04067,CC0097,PA,1,Step Increment,67531.91,CAD,CA,2025-08-23 17:00:00,PAYROLL
EVT00110660,2025-08-13,EMP01100,CC0090,PA,4,Step Increment,70655.47,CAD,CAN,2025-08-13 22:00:00,CORE_HR
EVT00109986,2025-08-24,EMP03663,CC0074,FI,1,Leave Start,,GBP,GBR,2025-08-24 13:00:00,CORE_HR
EVT00110141,2025-08-27,EMP03032,CC0007,EX,2,Leave Return,,GBP,GB,2025-08-27 16:00:00,PAYROLL
EVT00110847,2025-08-18,EMP04842,CC0055,PA,1,Leave Start,,CAD,CAN,2025-08-19 04:00:00,CORE_HR
EVT00110596,2025-08-24,EMP03675,CC0096,FI,2,Lateral Deployment,,CAD,CAN,2025-08-25 02:00:00,CORE_HR
EVT00110287,2025-08-16,EMP01851,CC0120,EX,2,Step Increment,169580.72,CAD,CA,2025-08-16 22:00:00,PAYROLL
EVT00111175,2025-08-03,EMP03115,CC0064,CR,3,Promotion,74314.84,CAD,CA,2025-08-03 12:00:00,PAYROLL
EVT00110326,2025-08-07,EMP04501,CC0118,AS,1,Step Increment,65482.45,CAD,CA,2025-08-08 00:00:00,PAYROLL
EVT00110545,2025-08-02,EMP99999,CC0041,PA,4,Step Increment,96271.04,CAD,CA,2025-08-03 03:00:00,PAYROLL
EVT00109610,2025-08-07,EMP00454,CC0037,EN,2,Hire,103069.55,CAD,CAN,2025-08-08 09:00:00,CORE_HR
EVT00110103,2025-08-27,EMP00913,CC0085,PA,3,Hire,91468.41,CAD,CA,2025-08-27 06:00:00,PAYROLL
EVT00111488,2025-08-18,EMP02542,CC0089,AS,3,Step Increment,76680.74,CAD,CAN,2025-08-18 14:00:00,CORE_HR
EVT00110601,2025-08-08,EMP01909,CC0105,PA,4,Step Increment,67019.78,SGD,SG,2025-08-09 04:00:00,PAYROLL
EVT00111423,2025-08-01,EMP00598,CC0120,EC,1,Step Increment,68376.76,CAD,CAN,2025-08-02 07:00:00,CORE_HR
EVT00110868,2025-08-24,EMP02507,CC0074,EX,1,Step Increment,8718999.18,INR,IND,2025-08-24 16:00:00,CORE_HR
EVT00110611,2025-08-22,EMP05092,CC0099,IT,1,Performance Pay,8389.1,CAD,CAN,2025-08-22 06:00:00,CORE_HR
EVT00110340,2025-08-27,EMP03446,CC0052,AS,4,Leave Return,,CAD,CAN,2025-08-28 00:00:00,CORE_HR
EVT00110308,2025-08-09,EMP02067,CC0013,EX,1,Hire,150345.33,CAD,CA,2025-08-09 14:00:00,PAYROLL
EVT00110020,2025-08-21,EMP01760,CC0028,PA,4,Hire,76213.64,CAD,CAN,2025-08-21 15:00:00,CORE_HR
EVT00111391,2025-08-10,EMP00011,CC0085,IT,3,Step Increment,111825.46,CAD,CAN,2025-08-10 12:00:00,CORE_HR
EVT00110911,2025-08-25,EMP00699,CC0021,AS,1,Leave Start,,CAD,CAN,2025-08-26 04:00:00,CORE_HR
EVT00109912,2025-08-09,EMP04219,CC0042,CR,1,Step Increment,53084.73,CAD,CAN,2025-08-10 14:00:00,CORE_HR
EVT00111025,2025-08-22,EMP02023,CC0018,CR,2,Leave Return,,CAD,CAN,2025-08-22 06:00:00,CORE_HR
EVT00109927,2025-08-12,EMP03500,CC0107,EN,1,Leave Return,,CAD,CAN,2025-08-13 14:00:00,CORE_HR
EVT00110681,2025-08-03,EMP01396,CC0045,AS,2,Step Increment,76483.8,CAD,CAN,2025-08-04 14:00:00,CORE_HR
EVT00110753,2025-08-24,EMP02795,CC0031,PA,2,Promotion,8656990.8,KES,KEN,2025-08-25 15:00:00,CORE_HR
EVT00109541,2025-08-20,EMP01477,CC0068,PA,1,Departure,,CAD,CAN,2025-08-21 09:00:00,CORE_HR
EVT00110717,2025-08-19,EMP04830,CC0093,IT,1,Step Increment,92549.34,CAD,CAN,2025-08-20 02:00:00,CORE_HR
EVT00111034,2025-08-14,EMP02133,CC0058,PA,2,Step Increment,62871.64,CAD,CA,2025-08-15 01:00:00,PAYROLL
EVT00109625,2025-08-11,EMP01722,CC0069,PA,1,Step Increment,69298.31,CAD,CAN,2025-08-11 17:00:00,CORE_HR
EVT00110408,2025-08-10,EMP00610,CC0030,AS,1,Step Increment,48632.89,USD,US,2025-08-10 10:00:00,PAYROLL
EVT00110667,2025-08-13,EMP00837,CC0008,PA,4,Step Increment,96041.69,CAD,CAN,2025-08-13 09:00:00,CORE_HR
EVT00109582,2025-08-09,EMP02413,CC0093,EX,1,Performance Pay,8697.62,CAD,CAN,2025-08-09 10:00:00,CORE_HR
EVT00111377,2025-08-19,EMP02419,CC0051,PA,1,Step Increment,62957.35,CAD,CAN,2025-08-19 21:00:00,CORE_HR
EVT00110431,2025-08-13,EMP01381,CC0095,EC,1,Departure,,CAD,CA,2025-08-14 03:00:00,PAYROLL
EVT00111126,2025-08-26,EMP02209,CC0022,EX,1,Leave Return,,CAD,CAN,2025-08-27 06:00:00,CORE_HR
EVT00111300,2025-08-03,EMP00311,CC0012,EX,2,Lateral Deployment,,CAD,CAN,2025-08-03 08:00:00,CORE_HR
EVT00109949,2025-08-26,EMP00121,CC0113,FI,2,Step Increment,96591.25,CAD,CAN,2025-08-27 12:00:00,CORE_HR
EVT00109916,2025-08-19,EMP03486,CC0058,PA,3,Step Increment,83770.94,CAD,CAN,2025-08-19 08:00:00,CORE_HR
EVT00110392,2025-08-27,EMP01164,CC0119,AS,1,Performance Pay,6297.56,CAD,CA,2025-08-27 11:00:00,PAYROLL
EVT00110157,2025-08-21,EMP04429,CC0092,FI,2,Step Increment,82155.38,CAD,CA,2025-08-21 06:00:00,PAYROLL
EVT00110593,2025-08-23,EMP05134,CC0021,EX,3,Leave Start,,CAD,CAN,2025-08-24 07:00:00,CORE_HR
EVT00110918,2025-08-14,EMP00181,CC0021,CR,3,Hire,55671.72,CAD,CAN,2025-08-14 08:00:00,CORE_HR
EVT00111343,2025-08-02,EMP04277,CC0099,AS,1,Leave Start,,CAD,CAN,2025-08-02 13:00:00,CORE_HR
EVT00109618,2025-08-03,EMP04066,CC0054,AS,2,Leave Return,,AED,ARE,2025-08-04 02:00:00,CORE_HR
EVT00111091,2025-08-03,EMP00083,CC0096,PA,1,Performance Pay,6861.24,CAD,CAN,2025-08-04 01:00:00,CORE_HR
EVT00109965,2025-08-21,EMP00402,CC0114,IT,1,Leave Start,,CAD,CA,2025-08-22 01:00:00,PAYROLL
EVT00111393,2025-08-19,EMP01027,CC0044,AS,4,Leave Start,,CAD,CA,2025-08-19 19:00:00,PAYROLL
EVT00111227,2025-08-15,EMP01046,CC0035,FI,3,Performance Pay,13231.83,CAD,CAN,2025-08-16 15:00:00,CORE_HR
EVT00109548,2025-08-09,EMP00592,CC0051,CR,3,Step Increment,70883.96,CAD,CAN,2025-08-09 07:00:00,CORE_HR
EVT00109764,2025-08-01,EMP01364,CC0080,CR,4,Performance Pay,143237.42,MXN,MX,2025-08-02 01:00:00,PAYROLL
EVT00110095,2025-08-19,EMP00566,CC0032,IT,3,Lateral Deployment,,CAD,CA,2025-08-19 23:00:00,PAYROLL
EVT00110317,2025-08-25,EMP01715,CC0033,FI,3,Leave Return,,CAD,CA,2025-08-26 11:00:00,PAYROLL
EVT00111123,2025-08-07,EMP01562,CC0046,CR,4,Performance Pay,12723.7,AED,ARE,2025-08-08 07:00:00,CORE_HR
EVT00109781,2025-08-04,EMP01767,CC0024,AS,4,Step Increment,80779.89,CAD,CA,2025-08-04 20:00:00,PAYROLL
EVT00110220,2025-08-11,EMP01291,CC0063,IT,4,Performance Pay,17592.02,CAD,CAN,2025-08-11 12:00:00,CORE_HR
EVT00111390,2025-08-23,EMP02415,CC0120,IT,2,Performance Pay,13986.79,CAD,CAN,2025-08-24 05:00:00,CORE_HR
EVT00110153,2025-08-01,EMP04043,CC0039,PA,1,Leave Start,,CAD,CAN,2025-08-01 22:00:00,CORE_HR
EVT00111130,2025-08-18,EMP04158,CC0038,EN,4,Step Increment,124791.47,CAD,CAN,2025-08-18 11:00:00,CORE_HR
EVT00111127,2025-08-22,EMP03891,CC0060,EX,1,Step Increment,138205.27,CAD,CAN,2025-08-22 22:00:00,CORE_HR
EVT00111432,2025-08-06,EMP03743,CC0078,EC,1,Step Increment,83785.3,CAD,CA,2025-08-06 19:00:00,PAYROLL
EVT00109789,2025-08-05,EMP01596,CC0026,PA,1,Step Increment,69071.74,CAD,CAN,2025-08-06 04:00:00,CORE_HR
EVT00110213,2025-08-27,EMP05138,CC0013,IT,3,Promotion,124505.22,CAD,CAN,2025-08-28 03:00:00,CORE_HR
EVT00110259,2025-08-01,EMP05046,CC0017,PA,1,Departure,,CAD,CAN,2025-08-02 07:00:00,CORE_HR
EVT00111380,2025-08-21,EMP99999,CC0039,CR,2,Step Increment,57912.24,CAD,CAN,2025-08-21 22:00:00,CORE_HR
EVT00110319,2025-08-03,EMP05147,CC0030,IT,1,Lateral Deployment,,USD,USA,2025-08-03 21:00:00,CORE_HR
EVT00109691,2025-08-24,EMP01114,CC0005,IT,3,Step Increment,126825.23,CAD,CAN,2025-08-25 00:00:00,CORE_HR
EVT00110488,2025-08-17,EMP03865,CC0067,EC,2,Leave Start,,CAD,CAN,2025-08-18 03:00:00,CORE_HR
EVT00110693,2025-08-12,EMP01580,CC0041,EC,1,Hire,74100.32,CAD,CA,2025-08-12 17:00:00,PAYROLL
EVT00110806,2025-08-21,EMP03536,CC0051,EN,5,Step Increment,146384.28,CAD,CA,2025-08-21 18:00:00,PAYROLL
EVT00110850,2025-08-24,EMP02326,CC0009,IT,1,Step Increment,1309673.49,MXN,MEX,2025-08-24 09:00:00,CORE_HR
EVT00109839,2025-08-23,EMP02158,CC0014,PA,5,Leave Start,,CAD,CAN,2025-08-23 22:00:00,CORE_HR
EVT00109690,2025-08-24,EMP02037,CC0021,PA,1,Promotion,62768.15,CAD,CAN,2025-08-25 04:00:00,CORE_HR
EVT00110805,2025-08-04,EMP01624,CC0110,FI,2,Leave Start,,CAD,CA,2025-08-04 18:00:00,PAYROLL
EVT00111039,2025-08-16,EMP00627,CC0014,CR,3,Performance Pay,9619.72,CAD,CA,2025-08-17 07:00:00,PAYROLL
EVT00110896,2025-08-25,EMP01542,CC0034,IT,2,Step Increment,105648.56,CAD,CAN,2025-08-26 12:00:00,CORE_HR
EVT00110680,2025-08-17,EMP00114,CC0037,IT,5,Leave Return,,CAD,CAN,2025-08-18 04:00:00,CORE_HR
EVT00110566,2025-08-07,EMP03491,CC0111,PA,1,Departure,,MXN,MX,2025-08-08 02:00:00,PAYROLL
EVT00111279,2025-08-25,EMP04999,CC0019,IT,3,Step Increment,144724.26,CAD,CA,2025-08-25 21:00:00,PAYROLL
EVT00111158,2025-08-22,EMP00134,CC0041,PA,3,Hire,80266.36,CAD,CA,2025-08-23 02:00:00,PAYROLL
EVT00109840,2025-08-15,EMP02590,CC0021,AS,1,Lateral Deployment,,CAD,CAN,2025-08-16 12:00:00,CORE_HR
EVT00109580,2025-08-15,EMP02878,CC0018,AS,2,Step Increment,74381.43,CAD,CA,2025-08-15 10:00:00,PAYROLL
EVT00110286,2025-08-06,EMP00113,CC0084,IT,2,Leave Return,,CAD,CAN,2025-08-06 23:00:00,CORE_HR
EVT00110352,2025-08-05,EMP01352,CC0083,AS,4,Leave Start,,CAD,CA,2025-08-05 10:00:00,PAYROLL
EVT00110461,2025-08-07,EMP03478,CC0001,PA,3,Step Increment,73350.71,CAD,CAN,2025-08-07 10:00:00,CORE_HR
EVT00109624,2025-08-06,EMP04057,CC0074,FI,1,Lateral Deployment,,SGD,SGP,2025-08-06 17:00:00,CORE_HR
EVT00109557,2025-08-16,EMP03052,CC0093,PA,4,Step Increment,93881.0,CAD,CAN,2025-08-16 12:00:00,CORE_HR
EVT00111141,2025-08-08,EMP02608,CC0057,PA,1,Step Increment,66298.04,CAD,CAN,2025-08-08 16:00:00,CORE_HR
EVT00110819,2025-08-27,EMP01668,CC0005,IT,2,Step Increment,98774.72,CAD,CAN,2025-08-27 16:00:00,CORE_HR
EVT00110603,2025-08-15,EMP02179,CC0103,AS,4,Leave Return,,CAD,CAN,2025-08-16 12:00:00,CORE_HR
EVT00110295,2025-08-13,EMP03400,CC0022,PA,3,Leave Return,,CAD,CAN,2025-08-14 05:00:00,CORE_HR
EVT00110820,2025-08-07,EMP01044,CC0088,PA,1,Departure,,KES,KE,2025-08-07 15:00:00,PAYROLL
EVT00110928,2025-08-20,EMP04462,CC0069,IT,1,Step Increment,88312.59,CAD,CAN,2025-08-21 10:00:00,CORE_HR
EVT00111229,2025-08-22,EMP04444,CC0071,FI,2,Leave Return,,CAD,CA,2025-08-22 11:00:00,PAYROLL
EVT00110730,2025-08-20,EMP00566,CC0032,IT,3,Leave Return,,CAD,CA,2025-08-21 15:00:00,PAYROLL
EVT00109862,2025-08-12,EMP00578,CC0025,CR,3,Leave Start,,CAD,CA,2025-08-13 08:00:00,PAYROLL
EVT00110015,2025-08-07,EMP03542,CC0100,PA,3,Promotion,89578.18,CAD,CAN,2025-08-08 05:00:00,CORE_HR
EVT00111056,2025-08-15,EMP03962,CC0029,AS,4,Leave Start,,SGD,SG,2025-08-15 15:00:00,PAYROLL
EVT00110993,2025-08-15,EMP03094,CC0094,AS,4,Leave Return,,CAD,CAN,2025-08-18 19:00:00,CORE_HR
EVT00110231,2025-08-19,EMP03661,CC0005,EX,2,Leave Start,,CAD,CA,2025-08-19 23:00:00,PAYROLL
EVT00110517,2025-08-02,EMP03211,CC0016,AS,1,Lateral Deployment,,CAD,CA,2025-08-03 07:00:00,PAYROLL
EVT00111182,2025-08-22,EMP04178,CC0032,PA,5,Step Increment,136460.62,CAD,CAN,2025-08-22 08:00:00,CORE_HR
EVT00110257,2025-08-08,EMP05141,CC0032,PA,1,Performance Pay,3823.13,CAD,CA,2025-08-09 00:00:00,PAYROLL
EVT00110039,2025-08-19,EMP04927,CC0058,AS,4,Step Increment,103164.78,CAD,CA,2025-08-19 09:00:00,PAYROLL
EVT00110009,2025-08-23,EMP03915,CC0081,PA,1,Step Increment,55964.93,CAD,CAN,2025-08-23 11:00:00,CORE_HR
EVT00111321,2025-08-14,EMP03866,CC0096,AS,2,Step Increment,75024.95,CAD,CAN,2025-08-14 10:00:00,CORE_HR
EVT00109703,2025-08-09,EMP02492,CC0089,PA,2,Step Increment,75142.01,CAD,CAN,2025-08-09 07:00:00,CORE_HR
EVT00111113,2025-08-13,EMP00656,CC0003,PA,3,Leave Start,,CAD,CA,2025-08-13 10:00:00,PAYROLL
EVT00110856,2025-08-24,EMP03548,CC0047,EC,2,Performance Pay,11787.97,CAD,CA,2025-08-25 06:00:00,PAYROLL
EVT00110230,2025-08-12,EMP01116,CC0065,FI,3,Step Increment,75907.08,SGD,SGP,2025-08-13 15:00:00,CORE_HR
EVT00110637,2025-08-22,EMP00750,CC0022,AS,1,Leave Start,,CAD,CAN,2025-08-22 08:00:00,CORE_HR
EVT00109693,2025-08-03,EMP04639,CC0030,EX,2,Leave Start,,AUD,AU,2025-08-03 23:00:00,PAYROLL
EVT00110367,2025-08-14,EMP01875,CC0030,IT,3,Departure,,EUR,FRA,2025-08-15 03:00:00,CORE_HR
EVT00111338,2025-08-17,EMP00021,CC0052,AS,1,Step Increment,57096.63,CAD,CA,2025-08-18 14:00:00,PAYROLL
EVT00110503,2025-08-02,EMP00786,CC0073,FI,3,Promotion,129899.65,CAD,CA,2025-08-02 19:00:00,PAYROLL
EVT00109661,2025-08-22,EMP02958,CC0070,PA,5,Step Increment,100618.79,CAD,CA,2025-08-22 19:00:00,PAYROLL
EVT00109843,2025-08-27,EMP05134,CC0021,EX,3,Leave Start,,CAD,CAN,2025-08-28 14:00:00,CORE_HR
EVT00111483,2025-08-17,EMP05045,CC0010,IT,1,Step Increment,90954.41,CAD,CA,2025-08-17 19:00:00,PAYROLL
EVT00110617,2025-08-13,EMP03982,CC0014,EC,1,Step Increment,85775.88,CAD,CAN,2025-08-13 09:00:00,CORE_HR
EVT00110964,2025-08-07,EMP01947,CC0036,EX,1,Step Increment,140963.0,CAD,CAN,2025-08-08 02:00:00,CORE_HR
EVT00109509,2025-08-13,EMP00507,CC0108,EC,1,Departure,,INR,IND,2025-08-14 09:00:00,CORE_HR
EVT00110705,2025-08-15,EMP01886,CC0047,CR,1,Step Increment,50772.25,CAD,CAN,2025-08-16 13:00:00,CORE_HR
EVT00110805,2025-08-04,EMP01624,CC0110,FI,2,Leave Start,,CAD,CA,2025-08-06 07:00:00,PAYROLL
EVT00110791,2025-08-24,EMP03984,CC0042,CR,4,Departure,,CAD,CAN,2025-08-24 17:00:00,CORE_HR
EVT00110700,2025-08-06,EMP00875,CC0008,CR,1,Performance Pay,3270.89,CAD,CA,2025-08-06 13:00:00,PAYROLL
EVT00110752,2025-08-05,EMP00654,CC0068,EN,1,Leave Start,,CAD,CAN,2025-08-06 02:00:00,CORE_HR
EVT00111290,2025-08-18,EMP04251,CC0064,IT,4,Leave Return,,CAD,CAN,2025-08-18 18:00:00,CORE_HR
EVT00110808,2025-08-05,EMP04816,CC0056,IT,4,Performance Pay,17772.59,CAD,CAN,2025-08-06 06:00:00,CORE_HR
EVT00110382,2025-08-25,EMP02718,CC0073,EN,5,Step Increment,115403.62,CAD,CAN,2025-08-25 16:00:00,CORE_HR
EVT00110178,2025-08-22,EMP04354,CC0097,EN,1,Performance Pay,7756.75,CAD,CAN,2025-08-22 23:00:00,CORE_HR
EVT00109626,2025-08-20,EMP00611,CC0082,IT,2,Departure,,CAD,CAN,2025-08-21 02:00:00,CORE_HR
EVT00111433,2025-08-09,EMP01686,CC0103,IT,3,Step Increment,113782.03,CAD,CAN,2025-08-09 18:00:00,CORE_HR
EVT00109828,2025-08-14,EMP01455,CC0116,AS,5,Lateral Deployment,,CAD,CAN,2025-08-14 23:00:00,CORE_HR
EVT00109810,2025-08-23,EMP03855,CC0008,EN,1,Leave Return,,CAD,CAN,2025-08-23 19:00:00,CORE_HR
EVT00109999,2025-08-01,EMP00448,CC0004,CR,3,Departure,,CAD,CA,2025-08-02 04:00:00,PAYROLL
EVT00110986,2025-08-24,EMP05124,CC0101,PA,1,Leave Start,,CAD,CAN,2025-08-25 12:00:00,CORE_HR
EVT00110754,2025-08-18,EMP01328,CC0092,IT,5,Performance Pay,20239.75,CAD,CA,2025-08-18 20:00:00,PAYROLL
EVT00110585,2025-08-11,EMP00614,CC0041,PA,4,Hire,95460.77,CAD,CA,2025-08-11 18:00:00,PAYROLL
EVT00111199,2025-08-15,EMP04367,CC0049,PA,1,Performance Pay,2358.9,EUR,FR,2025-08-16 03:00:00,PAYROLL
EVT00110694,2025-08-06,EMP01514,CC0012,IT,5,Leave Start,,CAD,CA,2025-08-06 17:00:00,PAYROLL
EVT00109904,2025-08-13,EMP02855,CC0102,PA,3,Performance Pay,10700.08,CAD,CAN,2025-08-14 03:00:00,CORE_HR
EVT00110432,2025-08-09,EMP01246,CC0113,EC,2,Lateral Deployment,,CAD,CAN,2025-08-10 02:00:00,CORE_HR
EVT00110788,2025-08-06,EMP03411,CC0099,EC,5,Lateral Deployment,,CAD,CA,2025-08-07 09:00:00,PAYROLL
EVT00110999,2025-08-20,EMP01821,CC0108,IT,2,Step Increment,8939599.4,JPY,JP,2025-08-22 17:00:00,PAYROLL
EVT00111325,2025-08-10,EMP04559,CC0079,CR,1,Leave Start,,CAD,CAN,2025-08-10 18:00:00,CORE_HR
EVT00110953,2025-08-03,EMP02337,CC0115,AS,5,Lateral Deployment,,CAD,CA,2025-08-03 15:00:00,PAYROLL
EVT00109742,2025-08-16,EMP02294,CC0003,CR,2,Departure,,CAD,CAN,2025-08-16 07:00:00,CORE_HR
EVT00109985,2025-08-04,EMP03194,CC0091,CR,1,Step Increment,59862.53,CAD,CAN,2025-08-04 22:00:00,CORE_HR
EVT00110144,2025-08-27,EMP03113,CC0006,PA,2,Leave Return,,CAD,CAN,2025-08-28 03:00:00,CORE_HR
EVT00110718,2025-08-25,EMP04922,CC0055,PA,1,Step Increment,61493.28,CAD,CA,2025-08-26 07:00:00,PAYROLL
EVT00110569,2025-08-23,EMP02286,CC0120,IT,4,Departure,,CAD,CAN,2025-08-23 06:00:00,CORE_HR
EVT00109829,2025-08-17,EMP04922,CC0055,PA,1,Lateral Deployment,,CAD,CAN,2025-08-17 13:00:00,CORE_HR
EVT00110226,2025-08-12,EMP01675,CC0092,PA,2,Performance Pay,5603.86,CAD,CA,2025-08-12 12:00:00,PAYROLL
EVT00109748,2025-08-03,EMP00331,CC0066,PA,3,Performance Pay,9775.92,CAD,CA,2025-08-03 13:00:00,PAYROLL
EVT00111471,2025-08-20,EMP02712,CC0066,FI,1,Step Increment,81243.87,CAD,CAN,2025-08-20 14:00:00,CORE_HR
EVT00110536,2025-08-27,EMP01417,CC0051,CR,2,Step Increment,64251.12,CAD,CAN,2025-08-27 14:00:00,CORE_HR
EVT00111205,2025-08-16,EMP00268,CC0117,PA,2,Leave Return,,CAD,CA,2025-08-16 10:00:00,PAYROLL
EVT00110731,2025-08-13,EMP04968,CC0026,EN,1,Lateral Deployment,,CAD,CAN,2025-08-13 06:00:00,CORE_HR
EVT00109550,2025-08-18,EMP03008,CC0095,PA,4,Step Increment,88466.91,CAD,CA,2025-08-18 20:00:00,PAYROLL
EVT00111259,2025-08-07,EMP04182,CC0068,EN,5,Step Increment,140192.44,CAD,CA,2025-08-07 10:00:00,PAYROLL
EVT00109805,2025-08-11,EMP01717,CC0096,EX,2,Promotion,157759.11,CAD,CAN,2025-08-11 16:00:00,CORE_HR
EVT00110481,2025-08-14,EMP01615,CC0056,FI,2,Step Increment,100005.32,CAD,CAN,2025-08-14 23:00:00,CORE_HR
EVT00110924,2025-08-18,EMP00941,CC0089,FI,3,Leave Start,,CAD,CAN,2025-08-19 13:00:00,CORE_HR
EVT00109765,2025-08-03,EMP00889,CC0005,EN,3,Lateral Deployment,,CAD,CAN,2025-08-04 12:00:00,CORE_HR
EVT00110701,2025-08-04,EMP00715,CC0064,FI,1,Performance Pay,8924.12,CAD,CA,2025-08-05 05:00:00,PAYROLL
EVT00110786,2025-08-07,EMP03978,CC0084,EX,1,Leave Return,,CAD,CA,2025-08-08 00:00:00,PAYROLL
EVT00110370,2025-08-05,EMP03070,CC0106,AS,2,Step Increment,62755.45,CAD,CA,2025-08-06 09:00:00,PAYROLL
EVT00110825,2025-08-05,EMP00178,CC0112,EC,2,Promotion,101736.93,CAD,CA,2025-08-05 12:00:00,PAYROLL
EVT00109984,2025-08-07,EMP00248,CC0032,EN,4,Performance Pay,5795.44,CAD,CA,2025-08-08 01:00:00,PAYROLL
EVT00110125,2025-08-17,EMP01063,CC0092,EC,3,Step Increment,110075.17,CAD,CAN,2025-08-17 14:00:00,CORE_HR
EVT00110706,2025-08-17,EMP00289,CC0015,FI,3,Performance Pay,8924.47,CAD,CAN,2025-08-18 09:00:00,CORE_HR
EVT00111429,2025-08-07,EMP01242,CC0114,EC,1,Lateral Deployment,,CAD,CAN,2025-08-07 18:00:00,CORE_HR
EVT00109806,2025-08-02,EMP04823,CC0002,FI,2,Step Increment,94683.26,CAD,CA,2025-08-03 03:00:00,PAYROLL
EVT00111523,2025-08-22,EMP01089,CC0061,FI,3,Step Increment,113310.72,CAD,CA,2025-08-22 19:00:00,PAYROLL
EVT00110581,2025-08-25,EMP02687,CC0101,EN,3,Lateral Deployment,,CAD,CAN,2025-08-25 06:00:00,CORE_HR
EVT00109859,2025-08-27,EMP02189,CC0105,FI,1,Leave Return,,MXN,MX,2025-08-27 08:00:00,PAYROLL
EVT00110851,2025-08-10,EMP03442,CC0018,EN,1,Step Increment,98172.49,CAD,CAN,2025-08-10 17:00:00,CORE_HR
EVT00110402,2025-08-13,EMP00212,CC0043,FI,1,Lateral Deployment,,CAD,CAN,2025-08-13 14:00:00,CORE_HR
EVT00111022,2025-08-01,EMP00428,CC0009,AS,2,Step Increment,53457.76,EUR,DEU,2025-08-01 13:00:00,CORE_HR
EVT00110164,2025-08-03,EMP00685,CC0046,IT,2,Step Increment,299847.6,AED,ARE,2025-08-03 12:00:00,CORE_HR
EVT00110267,2025-08-01,EMP01578,CC0078,IT,4,Step Increment,124642.54,CAD,CA,2025-08-01 20:00:00,PAYROLL
EVT00110567,2025-08-25,EMP02578,CC0004,PA,5,Promotion,118387.11,CAD,CA,2025-08-25 08:00:00,PAYROLL
EVT00110553,2025-08-06,EMP01504,CC0090,IT,2,Performance Pay,4770.88,CAD,CA,2025-08-06 19:00:00,PAYROLL
EVT00110794,2025-08-24,EMP02450,CC0072,EX,2,Hire,175698.85,CAD,CAN,2025-08-25 05:00:00,CORE_HR
EVT00111029,2025-08-21,EMP04062,CC0066,EN,4,Departure,,CAD,CAN,2025-08-22 15:00:00,CORE_HR
EVT00110453,2025-08-14,EMP04538,CC0038,PA,2,Lateral Deployment,,CAD,CAN,2025-08-15 07:00:00,CORE_HR
EVT00109616,2025-08-13,EMP03099,CC0034,EN,2,Leave Start,,CAD,CA,2025-08-13 18:00:00,PAYROLL
EVT00111238,2025-08-17,EMP01916,CC0038,CR,1,Step Increment,51771.11,CAD,CA,2025-08-17 12:00:00,PAYROLL
EVT00110181,2025-08-27,EMP00129,CC0023,IT,2,Step Increment,112213.66,CAD,CAN,2025-08-27 09:00:00,CORE_HR
EVT00110151,2025-08-13,EMP02683,CC0053,PA,5,Step Increment,104771.37,CAD,CAN,2025-08-13 11:00:00,CORE_HR
EVT00111165,2025-08-23,EMP02944,CC0078,PA,4,Departure,,CAD,CAN,2025-08-23 14:00:00,CORE_HR
EVT00111239,2025-08-27,EMP01299,CC0045,PA,2,Step Increment,80891.99,CAD,CAN,2025-08-28 13:00:00,CORE_HR
EVT00109952,2025-08-25,EMP01019,CC0054,EX,1,Performance Pay,6094.14,USD,USA,2025-08-25 18:00:00,CORE_HR
EVT00110424,2025-08-21,EMP01322,CC0100,EX,2,Leave Return,,CAD,CAN,2025-08-22 01:00:00,CORE_HR
EVT00111278,2025-08-03,EMP00550,CC0025,EC,1,Leave Start,,CAD,CA,2025-08-04 14:00:00,PAYROLL
EVT00110583,2025-08-15,EMP03597,CC0029,CR,2,Lateral Deployment,,GBP,GB,2025-08-16 07:00:00,PAYROLL
EVT00111034,2025-08-14,EMP02133,CC0058,PA,2,Step Increment,62871.64,CAD,CA,2025-08-15 19:00:00,PAYROLL
EVT00111336,2025-08-12,EMP00907,CC0077,EN,2,Performance Pay,7208.1,CAD,CA,2025-08-12 21:00:00,PAYROLL
EVT00111075,2025-08-08,EMP00484,CC0027,IT,2,Step Increment,74449.02,CAD,CAN,2025-08-09 00:00:00,CORE_HR
EVT00109958,2025-08-19,EMP04588,CC0072,EN,2,Lateral Deployment,,CAD,CA,2025-08-19 21:00:00,PAYROLL
EVT00110064,2025-08-12,EMP00833,CC0112,EN,1,Performance Pay,3596.52,CAD,CA,2025-08-12 11:00:00,PAYROLL
EVT00109833,2025-08-03,EMP02228,CC0075,IT,2,Step Increment,99138.46,CAD,CA,2025-08-03 23:00:00,PAYROLL
EVT00110261,2025-08-07,EMP02505,CC0028,EX,1,Promotion,157129.44,CAD,CA,2025-08-07 11:00:00,PAYROLL
EVT00111244,2025-08-19,EMP02602,CC0114,CR,2,Leave Return,,CAD,CAN,2025-08-19 11:00:00,CORE_HR
EVT00110518,2025-08-10,EMP02492,CC0089,PA,2,Performance Pay,5328.11,CAD,CAN,2025-08-11 15:00:00,CORE_HR
EVT00109572,2025-08-26,EMP02834,CC0080,CR,1,Promotion,4805646.52,JPY,JP,2025-08-26 23:00:00,PAYROLL
EVT00110939,2025-08-02,EMP99999,CC0099,IT,2,Lateral Deployment,,CAD,CAN,2025-08-03 03:00:00,CORE_HR
EVT00110728,2025-08-12,EMP03586,CC0028,PA,2,Lateral Deployment,,CAD,CAN,2025-08-13 04:00:00,CORE_HR
EVT00111014,2025-08-11,EMP01949,CC0050,PA,2,Step Increment,84436.47,CAD,CA,2025-08-11 13:00:00,PAYROLL
EVT00110175,2025-08-19,EMP01318,CC0101,PA,2,Promotion,72592.26,CAD,CAN,2025-08-20 02:00:00,CORE_HR
EVT00110631,2025-08-21,EMP03926,CC0007,PA,3,Step Increment,7711258.17,JPY,JPN,2025-08-21 15:00:00,CORE_HR
EVT00111460,2025-08-26,EMP04196,CC0065,EC,2,Step Increment,137144.23,AUD,AUS,2025-08-26 11:00:00,CORE_HR
EVT00110580,2025-08-01,EMP01428,CC0111,EN,4,Hire,96353.44,SGD,SGP,2025-08-02 02:00:00,CORE_HR
EVT00111491,2025-08-14,EMP04944,CC0102,EX,1,Performance Pay,11986.21,CAD,CAN,2025-08-14 21:00:00,CORE_HR
EVT00109783,2025-08-04,EMP04212,CC0001,IT,1,Lateral Deployment,,CAD,CAN,2025-08-05 06:00:00,CORE_HR
EVT00110871,2025-08-27,EMP03214,CC0075,IT,2,Leave Return,,CAD,CA,2025-08-28 14:00:00,PAYROLL
EVT00110663,2025-08-07,EMP01790,CC0037,IT,2,Leave Start,,CAD,CAN,2025-08-07 17:00:00,CORE_HR
EVT00110971,2025-08-14,EMP01366,CC0026,PA,3,Leave Return,,CAD,CAN,2025-08-15 17:00:00,CORE_HR
EVT00111109,2025-08-08,EMP00998,CC0039,IT,4,Leave Return,,CAD,CA,2025-08-09 04:00:00,PAYROLL
EVT00110523,2025-08-07,EMP01226,CC0047,EC,4,Promotion,130247.07,CAD,CA,2025-08-07 16:00:00,PAYROLL
EVT00111104,2025-08-15,EMP02068,CC0051,PA,1,Step Increment,57212.76,CAD,CAN,2025-08-15 12:00:00,CORE_HR
EVT00109920,2025-08-09,EMP02964,CC0055,PA,2,Performance Pay,3441.95,CAD,CA,2025-08-10 10:00:00,PAYROLL
EVT00111267,2025-08-20,EMP00337,CC0008,PA,5,Leave Return,,CAD,CA,2025-08-20 10:00:00,PAYROLL
EVT00111515,2025-08-14,EMP04106,CC0120,PA,3,Step Increment,92530.7,CAD,CA,2025-08-15 00:00:00,PAYROLL
EVT00110494,2025-08-25,EMP03075,CC0086,PA,2,Step Increment,293537.88,BRL,BRA,2025-08-26 03:00:00,CORE_HR
EVT00110027,2025-08-21,EMP00262,CC0018,FI,5,Hire,127393.4,CAD,CA,2025-08-22 02:00:00,PAYROLL
EVT00110867,2025-08-09,EMP02960,CC0072,AS,1,Lateral Deployment,,CAD,CA,2025-08-10 12:00:00,PAYROLL
EVT00109591,2025-08-08,EMP00848,CC0097,AS,2,Performance Pay,7496.81,CAD,CA,2025-08-09 03:00:00,PAYROLL
EVT00110668,2025-08-07,EMP02720,CC0049,PA,5,Leave Start,,KES,KE,2025-08-07 19:00:00,PAYROLL
EVT00111163,2025-08-13,EMP03867,CC0078,PA,2,Hire,76900.42,CAD,CA,2025-08-13 10:00:00,PAYROLL
EVT00110256,2025-08-26,EMP03143,CC0092,PA,2,Step Increment,73858.77,CAD,CA,2025-08-27 00:00:00,PAYROLL
EVT00109756,2025-08-22,EMP02769,CC0057,FI,2,Step Increment,85590.72,CAD,CAN,2025-08-23 13:00:00,CORE_HR
EVT00110499,2025-08-17,EMP03298,CC0019,AS,3,Performance Pay,9238.25,CAD,CAN,2025-08-17 07:00:00,CORE_HR
EVT00110113,2025-08-14,EMP03565,CC0104,PA,2,Leave Start,,CAD,CAN,2025-08-14 20:00:00,CORE_HR
EVT00110041,2025-08-05,EMP02089,CC0105,EC,2,Step Increment,1621808.76,MXN,MX,2025-08-05 12:00:00,PAYROLL
EVT00111314,2025-08-06,EMP03288,CC0037,IT,2,Leave Start,,CAD,CA,2025-08-06 12:00:00,PAYROLL
EVT00110579,2025-08-10,EMP00091,CC0115,IT,3,Lateral Deployment,,CAD,CAN,2025-08-10 06:00:00,CORE_HR
EVT00110822,2025-08-18,EMP04421,CC0114,CR,3,Performance Pay,3153.83,CAD,CAN,2025-08-18 12:00:00,CORE_HR
EVT00110666,2025-08-10,EMP04108,CC0007,CR,1,Step Increment,196283.08,BRL,BR,2025-08-11 09:00:00,PAYROLL
EVT00111116,2025-08-16,EMP04949,CC0074,EC,3,Performance Pay,195343.89,MXN,MX,2025-08-16 12:00:00,PAYROLL
EVT00109733,2025-08-07,EMP00060,CC0089,PA,4,Step Increment,92676.45,CAD,CA,2025-08-08 13:00:00,PAYROLL
EVT00109858,2025-08-11,EMP02604,CC0014,FI,3,Step Increment,102649.52,CAD,CA,2025-08-11 07:00:00,PAYROLL
EVT00110240,2025-08-02,EMP00207,CC0065,IT,5,Leave Start,,INR,IND,2025-08-02 06:00:00,CORE_HR
EVT00110607,2025-08-05,EMP02089,CC0105,EC,2,Step Increment,80735.41,USD,US,2025-08-05 20:00:00,PAYROLL
EVT00109656,2025-08-16,EMP03960,CC0057,PA,5,Hire,113121.4,CAD,CAN,2025-08-16 12:00:00,CORE_HR
EVT00110192,2025-08-20,EMP03693,CC0048,FI,2,Performance Pay,8099.5,CAD,CA,2025-08-20 19:00:00,PAYROLL
EVT00111420,2025-08-14,EMP01815,CC0093,EX,1,Hire,140278.21,CAD,CA,2025-08-14 14:00:00,PAYROLL
EVT00109963,2025-08-06,EMP00929,CC0065,AS,3,Departure,,SGD,SGP,2025-08-07 14:00:00,CORE_HR
EVT00109668,2025-08-13,EMP02092,CC0087,IT,5,Step Increment,176977.27,CAD,CA,2025-08-14 12:00:00,PAYROLL
EVT00111261,2025-08-25,EMP00153,CC0048,PA,3,Step Increment,81914.08,CAD,CA,2025-08-25 19:00:00,PAYROLL
EVT00111431,2025-08-17,EMP02233,CC0017,AS,4,Step Increment,67824.45,CAD,CAN,2025-08-18 03:00:00,CORE_HR
EVT00110152,2025-08-05,EMP00802,CC0036,EX,1,Step Increment,133363.64,CAD,CAN,2025-08-05 14:00:00,CORE_HR
EVT00111284,2025-08-22,EMP02405,CC0065,AS,2,Step Increment,49647.0,USD,US,2025-08-23 08:00:00,PAYROLL
EVT00110405,2025-08-07,EMP01814,CC0119,EX,1,Step Increment,139906.2,CAD,CAN,2025-08-07 15:00:00,CORE_HR
EVT00111016,2025-08-09,EMP02477,CC0084,CR,1,Leave Return,,CAD,CAN,2025-08-10 05:00:00,CORE_HR
EVT00110765,2025-08-23,EMP02504,CC0117,AS,4,Leave Start,,CAD,CAN,2025-08-25 18:00:00,CORE_HR
EVT00109908,2025-08-25,EMP02427,CC0061,EX,1,Step Increment,155806.92,CAD,CAN,2025-08-25 17:00:00,CORE_HR
EVT00110672,2025-08-08,EMP04423,CC0081,PA,1,Leave Return,,CAD,CA,2025-08-08 10:00:00,PAYROLL
EVT00111211,2025-08-16,EMP01675,CC0092,PA,2,Lateral Deployment,,CAD,CA,2025-08-19 17:00:00,PAYROLL
EVT00111159,2025-08-22,EMP02103,CC0051,EX,2,Performance Pay,21503.94,CAD,CAN,2025-08-23 05:00:00,CORE_HR
EVT00110421,2025-08-12,EMP03566,CC0001,EN,2,Step Increment,109630.43,CAD,CAN,2025-08-13 08:00:00,CORE_HR
EVT00109804,2025-08-23,EMP04962,CC0010,EX,1,Leave Return,,CAD,CAN,2025-08-23 10:00:00,CORE_HR
EVT00111331,2025-08-10,EMP04044,CC0022,FI,3,Promotion,75298.06,CAD,CAN,2025-08-11 07:00:00,CORE_HR
EVT00109957,2025-08-22,EMP03616,CC0004,EX,1,Step Increment,156145.1,CAD,CAN,2025-08-22 19:00:00,CORE_HR
EVT00110195,2025-08-18,EMP00732,CC0113,FI,1,Step Increment,76781.66,CAD,CA,2025-08-19 14:00:00,PAYROLL
EVT00110237,2025-08-08,EMP00063,CC0075,EN,1,Leave Start,,CAD,CA,2025-08-08 09:00:00,PAYROLL
EVT00110925,2025-08-02,EMP01954,CC0061,PA,4,Step Increment,106584.65,CAD,CAN,2025-08-03 01:00:00,CORE_HR
EVT00111084,2025-08-03,EMP01386,CC0104,CR,1,Promotion,54798.68,CAD,CAN,2025-08-03 18:00:00,CORE_HR
EVT00109854,2025-08-21,EMP04804,CC0013,EX,2,Step Increment,160297.56,CAD,CA,2025-08-22 01:00:00,PAYROLL
EVT00110099,2025-08-17,EMP03488,CC0022,IT,5,Step Increment,155054.77,CAD,CA,2025-08-18 04:00:00,PAYROLL
EVT00109708,2025-08-12,EMP03532,CC0031,IT,1,Step Increment,64630.91,USD,USA,2025-08-13 15:00:00,CORE_HR
EVT00109659,2025-08-22,EMP00176,CC0031,FI,3,Leave Return,,INR,IND,2025-08-22 09:00:00,CORE_HR
EVT00110936,2025-08-16,EMP01777,CC0060,AS,2,Step Increment,69524.12,CAD,CAN,2025-08-17 14:00:00,CORE_HR
EVT00111077,2025-08-01,EMP02644,CC0100,EC,2,Hire,103382.5,CAD,CAN,2025-08-02 08:00:00,CORE_HR
EVT00111131,2025-08-17,EMP00161,CC0047,PA,1,Leave Start,,CAD,CAN,2025-08-17 13:00:00,CORE_HR
EVT00110984,2025-08-22,EMP03909,CC0057,EN,5,Step Increment,162693.48,CAD,CAN,2025-08-22 07:00:00,CORE_HR
EVT00109814,2025-08-06,EMP03493,CC0006,PA,5,Departure,,CAD,CA,2025-08-07 10:00:00,PAYROLL
EVT00109552,2025-08-24,EMP00156,CC0011,IT,3,Leave Return,,CAD,CAN,2025-08-24 06:00:00,CORE_HR
EVT00111002,2025-08-21,EMP03701,CC0069,AS,3,Lateral Deployment,,CAD,CA,2025-08-21 08:00:00,PAYROLL
EVT00109634,2025-08-10,EMP00905,CC0003,PA,3,Step Increment,85041.7,CAD,CA,2025-08-11 13:00:00,PAYROLL
EVT00111046,2025-08-25,EMP02308,CC0071,EC,4,Performance Pay,11573.21,CAD,CA,2025-08-26 04:00:00,PAYROLL
EVT00110076,2025-08-22,EMP04175,CC0050,PA,3,Step Increment,79156.58,CAD,CA,2025-08-22 15:00:00,PAYROLL
EVT00109870,2025-08-18,EMP02202,CC0034,AS,4,Leave Return,,CAD,CAN,2025-08-19 03:00:00,CORE_HR
EVT00111457,2025-08-05,EMP04483,CC0119,PA,3,Step Increment,85067.76,CAD,CAN,2025-08-05 19:00:00,CORE_HR
EVT00110571,2025-08-07,EMP01391,CC0073,EC,2,Leave Start,,CAD,CAN,2025-08-10 09:00:00,CORE_HR
EVT00109577,2025-08-14,EMP00919,CC0042,CR,3,Step Increment,76125.66,CAD,CA,2025-08-14 09:00:00,PAYROLL
EVT00109995,2025-08-12,EMP03963,CC0024,PA,1,Leave Return,,CAD,CAN,2025-08-12 11:00:00,CORE_HR
EVT00110303,2025-08-03,EMP05127,CC0023,FI,4,Leave Start,,CAD,CAN,2025-08-04 04:00:00,CORE_HR
EVT00109969,2025-08-05,EMP03621,CC0099,CR,3,Performance Pay,9136.7,CAD,CAN,2025-08-05 09:00:00,CORE_HR
EVT00109914,2025-08-16,EMP00555,CC0084,PA,4,Leave Start,,CAD,CA,2025-08-16 14:00:00,PAYROLL
EVT00110145,2025-08-12,EMP04727,CC0059,IT,4,Departure,,CAD,CAN,2025-08-12 10:00:00,CORE_HR
EVT00111220,2025-08-16,EMP03164,CC0081,PA,2,Step Increment,74397.8,CAD,CA,2025-08-16 17:00:00,PAYROLL
EVT00110872,2025-08-06,EMP05181,CC0102,EN,1,Hire,97175.64,CAD,CA,2025-08-06 15:00:00,PAYROLL
EVT00110400,2025-08-02,EMP01109,CC0116,PA,4,Promotion,94734.68,CAD,CA,2025-08-02 13:00:00,PAYROLL
EVT00111275,2025-08-04,EMP03740,CC0048,FI,5,Step Increment,128884.02,CAD,CA,2025-08-04 12:00:00,PAYROLL
EVT00109635,2025-08-19,EMP03756,CC0110,EC,5,Step Increment,143736.34,CAD,CAN,2025-08-20 15:00:00,CORE_HR
EVT00111100,2025-08-27,EMP03693,CC0048,FI,2,Performance Pay,12010.81,CAD,CAN,2025-08-30 05:00:00,CORE_HR
EVT00110719,2025-08-18,EMP04966,CC0116,IT,2,Step Increment,100975.66,CAD,CAN,2025-08-19 07:00:00,CORE_HR
EVT00110318,2025-08-15,EMP00232,CC0074,PA,4,Step Increment,1489436.34,MXN,MX,2025-08-15 23:00:00,PAYROLL
EVT00110087,2025-08-01,EMP05184,CC0068,PA,2,Departure,,CAD,CAN,2025-08-01 11:00:00,CORE_HR
EVT00109641,2025-08-20,EMP04940,CC0080,PA,3,Step Increment,319458.6,BRL,BRA,2025-08-20 14:00:00,CORE_HR
EVT00110177,2025-08-11,EMP04103,CC0030,EX,3,Lateral Deployment,,KES,KEN,2025-08-11 19:00:00,CORE_HR
EVT00110470,2025-08-02,EMP03229,CC0035,PA,1,Promotion,71046.48,CAD,CAN,2025-08-02 14:00:00,CORE_HR
EVT00111395,2025-08-10,EMP04787,CC0111,EC,1,Step Increment,56839.25,SGD,SGP,2025-08-11 06:00:00,CORE_HR
EVT00109731,2025-08-06,EMP04403,CC0053,EC,1,Promotion,82636.71,CAD,CAN,2025-08-07 13:00:00,CORE_HR
EVT00109592,2025-08-10,EMP04617,CC0049,AS,3,Lateral Deployment,,EUR,FR,2025-08-10 08:00:00,PAYROLL
EVT00110954,2025-08-06,EMP04871,CC0105,FI,1,Leave Start,,EUR,FR,2025-08-06 12:00:00,PAYROLL
EVT00111142,2025-08-24,EMP03644,CC0026,EX,2,Step Increment,152287.45,CAD,CA,2025-08-25 04:00:00,PAYROLL
EVT00109779,2025-08-06,EMP02222,CC0020,EN,2,Leave Start,,CAD,CAN,2025-08-06 22:00:00,CORE_HR
EVT00109896,2025-08-02,EMP02923,CC0098,CR,2,Departure,,CAD,CAN,2025-08-03 15:00:00,CORE_HR
EVT00110965,2025-08-09,EMP01873,CC0012,IT,3,Lateral Deployment,,CAD,CAN,2025-08-09 23:00:00,CORE_HR
EVT00111067,2025-08-11,EMP02070,CC0081,AS,3,Performance Pay,10620.83,CAD,CAN,2025-08-11 15:00:00,CORE_HR
EVT00111037,2025-08-08,EMP00176,CC0031,FI,3,Performance Pay,8907.22,USD,USA,2025-08-08 18:00:00,CORE_HR
EVT00111505,2025-08-13,EMP01169,CC0117,CR,4,Performance Pay,5500.51,CAD,CA,2025-08-14 13:00:00,PAYROLL
EVT00110104,2025-08-11,EMP03254,CC0046,EX,3,Hire,2667912.6,MXN,MEX,2025-08-11 22:00:00,CORE_HR
EVT00110418,2025-08-03,EMP03148,CC0021,AS,1,Step Increment,46185.43,CAD,CAN,2025-08-03 18:00:00,CORE_HR
EVT00109576,2025-08-01,EMP02709,CC0068,CR,3,Step Increment,64997.65,CAD,CAN,2025-08-02 02:00:00,CORE_HR
EVT00109615,2025-08-11,EMP00055,CC0068,IT,1,Step Increment,84486.26,CAD,CAN,2025-08-12 04:00:00,CORE_HR
EVT00110758,2025-08-09,EMP00885,CC0040,EC,4,Lateral Deployment,,CAD,CAN,2025-08-10 03:00:00,CORE_HR
EVT00109864,2025-08-11,EMP00683,CC0098,EN,2,Step Increment,125568.62,CAD,CA,2025-08-12 09:00:00,PAYROLL
EVT00110612,2025-08-23,EMP02036,CC0029,IT,5,Leave Start,,INR,IND,2025-08-24 00:00:00,CORE_HR
EVT00109545,2025-08-20,EMP03354,CC0013,FI,1,Lateral Deployment,,CAD,CAN,2025-08-21 04:00:00,CORE_HR
EVT00111185,2025-08-03,EMP02620,CC0015,PA,2,Step Increment,81365.76,CAD,CAN,2025-08-03 22:00:00,CORE_HR
EVT00109780,2025-08-17,EMP00882,CC0007,EX,2,Step Increment,141448.04,EUR,FR,2025-08-18 15:00:00,PAYROLL
EVT00109527,2025-08-27,EMP04729,CC0086,EC,3,Hire,107250.89,EUR,FR,2025-08-28 15:00:00,PAYROLL
EVT00111190,2025-08-21,EMP00051,CC0099,EN,4,Leave Start,,CAD,CA,2025-08-22 04:00:00,PAYROLL
EVT00110519,2025-08-07,EMP00623,CC0045,IT,2,Step Increment,110916.2,CAD,CA,2025-08-07 20:00:00,PAYROLL
EVT00109768,2025-08-12,EMP03459,CC0079,FI,3,Leave Start,,CAD,CA,2025-08-12 23:00:00,PAYROLL
EVT00110348,2025-08-15,EMP03679,CC0103,FI,2,Leave Start,,CAD,CAN,2025-08-16 14:00:00,CORE_HR
EVT00110695,2025-08-21,EMP03278,CC0059,IT,3,Step Increment,113001.15,CAD,CAN,2025-08-22 14:00:00,CORE_HR
EVT00110513,2025-08-06,EMP02760,CC0052,AS,4,Departure,,CAD,CAN,2025-08-07 00:00:00,CORE_HR
EVT00111111,2025-08-08,EMP00905,CC0003,PA,3,Step Increment,89973.29,CAD,CA,2025-08-09 06:00:00,PAYROLL
EVT00109860,2025-08-25,EMP03034,CC0085,FI,1,Hire,80483.77,CAD,CAN,2025-08-26 12:00:00,CORE_HR
EVT00109997,2025-08-20,EMP01495,CC0055,IT,1,Step Increment,84576.96,CAD,CA,2025-08-20 17:00:00,PAYROLL
EVT00109745,2025-08-20,EMP00561,CC0011,IT,1,Hire,93964.96,CAD,CAN,2025-08-20 14:00:00,CORE_HR
EVT00109846,2025-08-08,EMP02104,CC0084,EX,1,Performance Pay,17210.12,CAD,CAN,2025-08-08 23:00:00,CORE_HR
EVT00110590,2025-08-27,EMP01633,CC0115,EC,2,Promotion,100644.19,CAD,CAN,2025-08-28 01:00:00,CORE_HR
EVT00109585,2025-08-18,EMP05097,CC0110,EN,4,Step Increment,130295.52,CAD,CA,2025-08-18 18:00:00,PAYROLL
EVT00111077,2025-08-01,EMP02644,CC0100,EC,2,Hire,-103382.5,CAD,CAN,2025-08-01 09:00:00,CORE_HR
EVT00110090,2025-08-01,EMP02107,CC0002,EN,3,Leave Start,,CAD,CAN,2025-08-02 02:00:00,CORE_HR
EVT00110107,2025-08-02,EMP02622,CC0019,PA,1,Step Increment,62021.25,CAD,CAN,2025-08-03 08:00:00,CORE_HR
EVT00111470,2025-08-13,EMP02040,CC0068,IT,1,Leave Start,,CAD,CAN,2025-08-14 01:00:00,CORE_HR
EVT00110385,2025-08-17,EMP01557,CC0107,IT,2,Leave Return,,CAD,CAN,2025-08-17 16:00:00,CORE_HR
EVT00110960,2025-08-01,EMP03271,CC0011,PA,3,Step Increment,85969.79,CAD,CA,2025-08-01 16:00:00,PAYROLL
EVT00110106,2025-08-10,EMP04121,CC0106,EC,4,Leave Start,,CAD,CAN,2025-08-10 09:00:00,CORE_HR
EVT00109574,2025-08-05,EMP04056,CC0025,EC,3,Step Increment,87686.26,CAD,CA,2025-08-06 10:00:00,PAYROLL
EVT00110699,2025-08-20,EMP02246,CC0067,PA,2,Step Increment,93064.59,CAD,CA,2025-08-21 05:00:00,PAYROLL
EVT00110023,2025-08-04,EMP00015,CC0068,IT,4,Step Increment,125858.78,CAD,CA,2025-08-04 14:00:00,PAYROLL
EVT00109627,2025-08-25,EMP00173,CC0084,PA,1,Step Increment,73548.81,CAD,CA,2025-08-25 21:00:00,PAYROLL
EVT00110817,2025-08-01,EMP03210,CC0017,EC,4,Promotion,122941.1,CAD,CAN,2025-08-01 23:00:00,CORE_HR
EVT00110301,2025-08-23,EMP01964,CC0115,EC,4,Hire,114268.33,CAD,CA,2025-08-24 10:00:00,PAYROLL
EVT00111509,2025-08-05,EMP01661,CC0106,AS,2,Performance Pay,8483.25,CAD,CA,2025-08-06 14:00:00,PAYROLL
EVT00110134,2025-08-22,EMP03265,CC0073,IT,4,Step Increment,135878.9,CAD,CAN,2025-08-22 16:00:00,CORE_HR
EVT00109642,2025-08-21,EMP01833,CC0001,EC,2,Departure,,CAD,CAN,2025-08-22 02:00:00,CORE_HR
EVT00111330,2025-08-15,EMP01963,CC0063,PA,2,Performance Pay,8346.74,CAD,CAN,2025-08-15 14:00:00,CORE_HR
EVT00110799,2025-08-03,EMP01566,CC0083,PA,2,Performance Pay,6526.56,CAD,CA,2025-08-03 19:00:00,PAYROLL
EVT00109505,2025-08-20,EMP01459,CC0051,PA,5,Step Increment,104280.82,CAD,CAN,2025-08-21 14:00:00,CORE_HR
EVT00109679,2025-08-05,EMP05096,CC0044,AS,3,Performance Pay,3692.35,CAD,CA,2025-08-05 21:00:00,PAYROLL
EVT00110506,2025-08-21,EMP02172,CC0102,IT,1,Promotion,90767.3,CAD,CAN,2025-08-22 06:00:00,CORE_HR
EVT00109538,2025-08-20,EMP03600,CC0049,AS,2,Hire,48042.02,SGD,SG,2025-08-21 14:00:00,PAYROLL
EVT00110923,2025-08-05,EMP00263,CC0014,EX,1,Lateral Deployment,,CAD,CAN,2025-08-06 08:00:00,CORE_HR
EVT00110931,2025-08-21,EMP02127,CC0014,FI,3,Performance Pay,7183.21,CAD,CAN,2025-08-21 19:00:00,CORE_HR
EVT00110357,2025-08-11,EMP05081,CC0092,IT,2,Step Increment,93274.73,CAD,CAN,2025-08-11 09:00:00,CORE_HR
EVT00111096,2025-08-09,EMP00914,CC0081,PA,3,Step Increment,89590.73,CAD,CA,2025-08-10 04:00:00,PAYROLL
EVT00111276,2025-08-21,EMP01537,CC0100,EN,2,Leave Start,,CAD,CA,2025-08-22 15:00:00,PAYROLL
EVT00111081,2025-08-23,EMP00589,CC0033,PA,1,Leave Start,,CAD,CA,2025-08-23 08:00:00,PAYROLL
EVT00109558,2025-08-23,EMP02887,CC0033,EC,2,Leave Return,,CAD,CAN,2025-08-24 07:00:00,CORE_HR
EVT00110677,2025-08-07,EMP02743,CC0097,EX,2,Performance Pay,15193.32,CAD,CAN,2025-08-08 14:00:00,CORE_HR
EVT00110242,2025-08-25,EMP04892,CC0018,EC,4,Step Increment,127207.28,CAD,CA,2025-08-25 15:00:00,PAYROLL
EVT00109994,2025-08-23,EMP02262,CC0100,FI,2,Promotion,90380.47,CAD,CAN,2025-08-23 10:00:00,CORE_HR
EVT00111240,2025-08-12,EMP00092,CC0070,EN,1,Performance Pay,10920.24,CAD,CA,2025-08-13 08:00:00,PAYROLL
EVT00111015,2025-08-17,EMP01497,CC0011,AS,4,Lateral Deployment,,CAD,CAN,2025-08-17 13:00:00,CORE_HR
EVT00110653,2025-08-22,EMP02928,CC0056,AS,4,Promotion,71193.54,CAD,CAN,2025-08-23 13:00:00,CORE_HR
EVT00111242,2025-08-15,EMP02113,CC0015,EN,2,Leave Start,,CAD,CAN,2025-08-16 07:00:00,CORE_HR
EVT00109856,2025-08-15,EMP01556,CC0049,EN,1,Leave Return,,MXN,MEX,2025-08-15 07:00:00,CORE_HR
EVT00111154,2025-08-03,EMP00374,CC0031,IT,1,Performance Pay,1033245.88,JPY,JPN,2025-08-04 05:00:00,CORE_HR
EVT00110739,2025-08-06,EMP02394,CC0021,PA,4,Leave Return,,CAD,CAN,2025-08-07 07:00:00,CORE_HR
EVT00110547,2025-08-14,EMP03535,CC0049,PA,3,Lateral Deployment,,SGD,SGP,2025-08-14 07:00:00,CORE_HR
EVT00111499,2025-08-21,EMP00580,CC0112,PA,5,Step Increment,113763.18,CAD,CA,2025-08-22 05:00:00,PAYROLL
EVT00111241,2025-08-25,EMP03493,CC0006,PA,5,Leave Return,,CAD,CA,2025-08-25 21:00:00,PAYROLL
EVT00110431,2025-08-13,EMP01381,CC0095,EC,1,Departure,,CAD,CA,2025-08-16 19:00:00,PAYROLL
EVT00111476,2025-08-20,EMP03824,CC0084,EC,3,Performance Pay,10679.9,CAD,CAN,2025-08-20 07:00:00,CORE_HR
EVT00109942,2025-08-15,EMP01728,CC0099,CR,3,Hire,66003.94,CAD,CAN,2025-08-15 12:00:00,CORE_HR
EVT00110049,2025-08-09,EMP01104,CC0048,CR,3,Leave Start,,CAD,CAN,2025-08-09 20:00:00,CORE_HR
EVT00110648,2025-08-24,EMP02204,CC0075,IT,1,Leave Start,,CAD,CAN,2025-08-24 11:00:00,CORE_HR
EVT00109775,2025-08-13,EMP04282,CC0057,PA,2,Leave Start,,CAD,CAN,2025-08-14 04:00:00,CORE_HR
EVT00109851,2025-08-08,EMP01382,CC0054,EX,3,Step Increment,105357.17,GBP,GB,2025-08-09 08:00:00,PAYROLL
EVT00109988,2025-08-07,EMP02718,CC0073,EN,5,Step Increment,133733.41,CAD,CAN,2025-08-07 20:00:00,CORE_HR
EVT00111101,2025-08-15,EMP04255,CC0100,EX,1,Step Increment,142974.29,CAD,CA,2025-08-15 10:00:00,PAYROLL
EVT00109822,2025-08-11,EMP01744,CC0038,PA,2,Hire,83356.11,CAD,CA,2025-08-12 04:00:00,PAYROLL
EVT00111153,2025-08-27,EMP03006,CC0099,IT,2,Leave Start,,CAD,CA,2025-08-27 15:00:00,PAYROLL
EVT00109785,2025-08-09,EMP03839,CC0028,IT,1,Leave Start,,CAD,CA,2025-08-09 12:00:00,PAYROLL
EVT00110950,2025-08-13,EMP03575,CC0120,PA,2,Performance Pay,4662.97,CAD,CAN,2025-08-14 07:00:00,CORE_HR
EVT00110171,2025-08-10,EMP00452,CC0060,PA,2,Leave Return,,CAD,CAN,2025-08-11 10:00:00,CORE_HR
EVT00109495,2025-08-14,EMP01130,CC0108,EC,2,Step Increment,73907.59,EUR,FR,2025-08-14 16:00:00,PAYROLL
EVT00109838,2025-08-23,EMP04850,CC0010,AS,2,Step Increment,64164.81,CAD,CA,2025-08-24 01:00:00,PAYROLL
EVT00110861,2025-08-24,EMP03972,CC0076,EX,2,Promotion,157256.83,CAD,CAN,2025-08-25 13:00:00,CORE_HR
EVT00109539,2025-08-21,EMP00841,CC0055,EN,5,Step Increment,147641.92,CAD,CAN,2025-08-21 18:00:00,CORE_HR
EVT00109972,2025-08-21,EMP02632,CC0070,IT,4,Performance Pay,15324.92,CAD,CAN,2025-08-22 01:00:00,CORE_HR
EVT00110454,2025-08-07,EMP01849,CC0083,PA,5,Promotion,103141.26,CAD,CA,2025-08-07 22:00:00,PAYROLL
EVT00109736,2025-08-25,EMP04772,CC0056,IT,3,Hire,106992.77,CAD,CAN,2025-08-25 21:00:00,CORE_HR
EVT00109955,2025-08-26,EMP02937,CC0034,PA,5,Promotion,117564.41,CAD,CA,2025-08-26 14:00:00,PAYROLL
EVT00111480,2025-08-04,EMP03502,CC0014,PA,2,Performance Pay,6358.2,CAD,CA,2025-08-04 19:00:00,PAYROLL
EVT00111057,2025-08-08,EMP01308,CC0013,EC,1,Step Increment,83226.35,CAD,CA,2025-08-09 09:00:00,PAYROLL
EVT00110030,2025-08-21,EMP04226,CC0115,PA,1,Lateral Deployment,,CAD,CA,2025-08-22 06:00:00,PAYROLL
EVT00110093,2025-08-20,EMP00607,CC0094,EN,2,Performance Pay,5026.09,CAD,CAN,2025-08-21 03:00:00,CORE_HR
EVT00110813,2025-08-01,EMP02880,CC0087,CR,1,Performance Pay,7128.24,CAD,CA,2025-08-02 03:00:00,PAYROLL
EVT00110614,2025-08-04,EMP01204,CC0007,IT,3,Performance Pay,1708540.42,KES,KE,2025-08-05 11:00:00,PAYROLL
EVT00110900,2025-08-11,EMP00353,CC0092,EN,2,Performance Pay,13046.42,CAD,CAN,2025-08-11 14:00:00,CORE_HR
EVT00110168,2025-08-20,EMP03006,CC0099,IT,2,Step Increment,111894.15,CAD,CA,2025-08-21 15:00:00,PAYROLL
EVT00110138,2025-08-09,EMP00433,CC0007,FI,1,Step Increment,53585.63,USD,US,2025-08-09 23:00:00,PAYROLL
EVT00110260,2025-08-16,EMP02920,CC0006,AS,3,Step Increment,74608.54,CAD,CAN,2025-08-17 14:00:00,CORE_HR
EVT00110732,2025-08-13,EMP04127,CC0048,EX,1,Performance Pay,14456.69,CAD,CAN,2025-08-13 12:00:00,CORE_HR
EVT00110349,2025-08-27,EMP01712,CC0013,FI,3,Leave Return,,CAD,CA,2025-08-28 12:00:00,PAYROLL
EVT00110738,2025-08-13,EMP03873,CC0015,EN,1,Step Increment,90992.89,CAD,CAN,2025-08-13 19:00:00,CORE_HR
EVT00110767,2025-08-17,EMP04794,CC0032,FI,2,Performance Pay,4998.51,CAD,CA,2025-08-17 15:00:00,PAYROLL
EVT00110407,2025-08-07,EMP03723,CC0054,PA,4,Step Increment,5765192.88,INR,IN,2025-08-07 14:00:00,PAYROLL
EVT00110253,2025-08-09,EMP01726,CC0050,IT,2,Leave Return,,CAD,CA,2025-08-09 06:00:00,PAYROLL
EVT00109918,2025-08-21,EMP01509,CC0004,EX,3,Leave Start,,CAD,CAN,2025-08-21 23:00:00,CORE_HR
EVT00110479,2025-08-22,EMP00135,CC0117,PA,2,Leave Return,,CAD,CA,2025-08-25 09:00:00,PAYROLL
EVT00109510,2025-08-22,EMP00656,CC0003,PA,3,Leave Return,,CAD,CAN,2025-08-22 09:00:00,CORE_HR
EVT00110916,2025-08-04,EMP00903,CC0093,IT,4,Lateral Deployment,,CAD,CAN,2025-08-05 14:00:00,CORE_HR
EVT00109494,2025-08-01,EMP04239,CC0048,EC,2,Departure,,CAD,CAN,2025-08-01 22:00:00,CORE_HR
EVT00111455,2025-08-22,EMP05034,CC0078,AS,2,Step Increment,65433.07,CAD,CAN,2025-08-22 09:00:00,CORE_HR
EVT00110047,2025-08-19,EMP01191,CC0031,EC,1,Step Increment,67829.64,EUR,DEU,2025-08-19 18:00:00,CORE_HR
EVT00111409,2025-08-10,EMP00450,CC0103,IT,5,Leave Start,,CAD,CAN,2025-08-11 10:00:00,CORE_HR
EVT00110682,2025-08-19,EMP02356,CC0091,PA,2,Hire,74544.62,CAD,CAN,2025-08-20 13:00:00,CORE_HR
EVT00109899,2025-08-01,EMP00111,CC0089,AS,4,Promotion,106865.65,CAD,CAN,2025-08-02 12:00:00,CORE_HR
EVT00111348,2025-08-01,EMP01575,CC0054,CR,2,Promotion,175091.82,AED,ARE,2025-08-02 06:00:00,CORE_HR
EVT00109959,2025-08-07,EMP01658,CC0095,EC,1,Lateral Deployment,,CAD,CA,2025-08-08 10:00:00,PAYROLL
EVT00110305,2025-08-22,EMP03694,CC0016,AS,2,Step Increment,64939.41,CAD,CAN,2025-08-23 05:00:00,CORE_HR
EVT00110436,2025-08-08,EMP03292,CC0047,FI,4,Step Increment,116835.0,CAD,CA,2025-08-09 15:00:00,PAYROLL
EVT00110320,2025-08-02,EMP02174,CC0117,EN,2,Step Increment,-99866.46,CAD,CAN,2025-08-02 16:00:00,CORE_HR
EVT00111055,2025-08-13,EMP00129,CC0023,IT,2,Leave Start,,CAD,CAN,2025-08-13 14:00:00,CORE_HR
EVT00110207,2025-08-11,EMP03728,CC0014,CR,2,Leave Return,,CAD,CA,2025-08-12 00:00:00,PAYROLL
EVT00111512,2025-08-22,EMP02054,CC0010,FI,3,Promotion,98530.02,CAD,CAN,2025-08-22 16:00:00,CORE_HR
EVT00110912,2025-08-14,EMP01543,CC0042,PA,1,Lateral Deployment,,CAD,CA,2025-08-14 09:00:00,PAYROLL
EVT00110857,2025-08-13,EMP02497,CC0106,EN,3,Leave Return,,CAD,CAN,2025-08-13 09:00:00,CORE_HR
EVT00111099,2025-08-10,EMP00599,CC0039,PA,4,Leave Return,,CAD,CAN,2025-08-11 11:00:00,CORE_HR
EVT00110882,2025-08-04,EMP00954,CC0115,EN,2,Leave Return,,CAD,CAN,2025-08-05 02:00:00,CORE_HR
EVT00111237,2025-08-12,EMP05079,CC0115,EN,1,Leave Start,,CAD,CA,2025-08-12 10:00:00,PAYROLL
EVT00111283,2025-08-27,EMP02280,CC0052,FI,2,Step Increment,96751.34,CAD,CA,2025-08-28 04:00:00,PAYROLL
EVT00109968,2025-08-23,EMP01495,CC0055,IT,1,Leave Return,,CAD,CAN,2025-08-24 11:00:00,CORE_HR
EVT00111076,2025-08-12,EMP04887,CC0008,EX,1,Hire,152968.67,CAD,CAN,2025-08-12 13:00:00,CORE_HR
EVT00109910,2025-08-24,EMP01968,CC0037,AS,2,Departure,,CAD,CA,2025-08-24 10:00:00,PAYROLL
EVT00111223,2025-08-08,EMP04550,CC0019,IT,5,Leave Start,,CAD,CAN,2025-08-08 09:00:00,CORE_HR
EVT00109877,2025-08-16,EMP04351,CC0056,AS,1,Departure,,CAD,CA,2025-08-17 05:00:00,PAYROLL
EVT00110554,2025-08-01,EMP01251,CC0070,EN,3,Step Increment,123322.1,CAD,CAN,2025-08-01 16:00:00,CORE_HR
EVT00110398,2025-08-12,EMP02427,CC0061,EX,1,Step Increment,143918.24,CAD,CAN,2025-08-12 13:00:00,CORE_HR
EVT00111450,2025-08-03,EMP02772,CC0070,PA,2,Leave Return,,CAD,CAN,2025-08-04 04:00:00,CORE_HR
EVT00110619,2025-08-16,EMP02840,CC0092,FI,1,Step Increment,86280.23,CAD,CAN,2025-08-16 23:00:00,CORE_HR
EVT00111388,2025-08-24,EMP01121,CC0070,CR,1,Leave Return,,CAD,CAN,2025-08-24 18:00:00,CORE_HR
EVT00109704,2025-08-27,EMP03858,CC0088,CR,1,Step Increment,43113.24,USD,USA,2025-08-29 23:00:00,CORE_HR
EVT00111384,2025-08-03,EMP00664,CC0058,PA,1,Step Increment,65029.17,CAD,CA,2025-08-03 12:00:00,PAYROLL
EVT00110351,2025-08-08,EMP03233,CC0101,FI,3,Leave Start,,CAD,CAN,2025-08-09 00:00:00,CORE_HR
EVT00110378,2025-08-10,EMP02898,CC0100,CR,2,Step Increment,46632.75,CAD,CA,2025-08-10 23:00:00,PAYROLL
EVT00110074,2025-08-25,EMP04210,CC0049,EC,2,Hire,62558.89,SGD,SG,2025-08-26 15:00:00,PAYROLL
EVT00111003,2025-08-05,EMP03156,CC0025,EC,4,Step Increment,116526.27,CAD,CAN,2025-08-06 03:00:00,CORE_HR
EVT00111487,2025-08-22,EMP05057,CC0115,CR,1,Leave Return,,CAD,CAN,2025-08-22 14:00:00,CORE_HR
EVT00110247,2025-08-16,EMP04374,CC0095,FI,2,Step Increment,83884.22,CAD,CA,2025-08-16 11:00:00,PAYROLL
EVT00111121,2025-08-10,EMP04983,CC0116,IT,1,Step Increment,91635.52,CAD,CAN,2025-08-11 05:00:00,CORE_HR
EVT00111269,2025-08-08,EMP01545,CC0109,PA,4,Step Increment,107148.83,CAD,CAN,2025-08-09 14:00:00,CORE_HR
EVT00109579,2025-08-26,EMP03308,CC0081,PA,5,Departure,,CAD,CAN,2025-08-27 02:00:00,CORE_HR
EVT00109798,2025-08-08,EMP04995,CC0017,CR,2,Leave Return,,CAD,CA,2025-08-09 05:00:00,PAYROLL
EVT00110215,2025-08-21,EMP04257,CC0053,AS,2,Step Increment,87717.13,CAD,CA,2025-08-22 10:00:00,PAYROLL
EVT00110185,2025-08-16,EMP04947,CC0011,IT,3,Hire,128017.76,CAD,CAN,2025-08-16 10:00:00,CORE_HR
EVT00110549,2025-08-06,EMP02369,CC0098,EN,5,Step Increment,133986.62,CAD,CA,2025-08-07 15:00:00,PAYROLL
EVT00109696,2025-08-12,EMP01931,CC0069,EC,2,Lateral Deployment,,CAD,CA,2025-08-12 17:00:00,PAYROLL
EVT00110465,2025-08-08,EMP04613,CC0046,IT,3,Step Increment,382873.83,BRL,BRA,2025-08-09 13:00:00,CORE_HR
EVT00111088,2025-08-24,EMP02592,CC0059,CR,2,Step Increment,60942.58,CAD,CAN,2025-08-24 08:00:00,CORE_HR
EVT00110270,2025-08-17,EMP05123,CC0069,IT,2,Performance Pay,12525.45,CAD,CAN,2025-08-17 06:00:00,CORE_HR
EVT00110430,2025-08-22,EMP04894,CC0008,AS,4,Leave Return,,CAD,CA,2025-08-22 06:00:00,PAYROLL
EVT00109500,2025-08-18,EMP00815,CC0070,PA,4,Step Increment,90848.95,CAD,CA,2025-08-18 15:00:00,PAYROLL
EVT00110092,2025-08-24,EMP03537,CC0075,PA,4,Leave Return,,CAD,CA,2025-08-25 02:00:00,PAYROLL
EVT00111318,2025-08-01,EMP01375,CC0109,CR,2,Leave Start,,CAD,CA,2025-08-01 15:00:00,PAYROLL
EVT00111356,2025-08-20,EMP00800,CC0093,PA,4,Hire,98066.99,CAD,CA,2025-08-21 02:00:00,PAYROLL
EVT00110538,2025-08-20,EMP01295,CC0082,AS,2,Step Increment,70690.88,CAD,CAN,2025-08-21 11:00:00,CORE_HR
EVT00110755,2025-08-06,EMP02908,CC0118,IT,2,Leave Return,,CAD,CAN,2025-08-06 07:00:00,CORE_HR
EVT00110328,2025-08-03,EMP01620,CC0079,EX,1,Performance Pay,6805.49,CAD,CAN,2025-08-04 02:00:00,CORE_HR
EVT00110885,2025-08-20,EMP03250,CC0059,EC,4,Step Increment,113068.98,CAD,CAN,2025-08-20 20:00:00,CORE_HR
EVT00110073,2025-08-09,EMP01631,CC0014,EN,2,Hire,75576.99,CAD,CA,2025-08-09 14:00:00,PAYROLL
EVT00110082,2025-08-20,EMP02021,CC0043,AS,4,Leave Start,,CAD,CAN,2025-08-21 09:00:00,CORE_HR
EVT00110061,2025-08-11,EMP02238,CC0067,IT,2,Performance Pay,8899.02,CAD,CA,2025-08-12 12:00:00,PAYROLL
EVT00110546,2025-08-15,EMP04742,CC0020,IT,2,Step Increment,101404.42,CAD,CAN,2025-08-15 18:00:00,CORE_HR
EVT00111497,2025-08-26,EMP02163,CC0030,PA,1,Departure,,AUD,AU,2025-08-27 01:00:00,PAYROLL
EVT00111490,2025-08-07,EMP04358,CC0086,AS,4,Lateral Deployment,,AUD,AUS,2025-08-07 08:00:00,CORE_HR
EVT00110492,2025-08-26,EMP03795,CC0080,IT,2,Lateral Deployment,,BRL,BRA,2025-08-26 20:00:00,CORE_HR
EVT00110442,2025-08-23,EMP04134,CC0008,EC,3,Step Increment,117742.45,CAD,CAN,2025-08-24 09:00:00,CORE_HR
EVT00111151,2025-08-12,EMP01871,CC0019,CR,1,Lateral Deployment,,CAD,CAN,2025-08-12 12:00:00,CORE_HR
EVT00110132,2025-08-20,EMP02642,CC0028,FI,1,Step Increment,76239.7,CAD,CAN,2025-08-21 10:00:00,CORE_HR
EVT00110627,2025-08-12,EMP03812,CC0113,EX,1,Lateral Deployment,,CAD,CA,2025-08-13 08:00:00,PAYROLL
EVT00111272,2025-08-13,EMP00162,CC0110,IT,5,Promotion,143411.73,CAD,CAN,2025-08-13 18:00:00,CORE_HR
EVT00111105,2025-08-10,EMP00756,CC0109,PA,1,Step Increment,72190.19,CAD,CA,2025-08-11 08:00:00,PAYROLL
EVT00110956,2025-08-17,EMP00851,CC0079,IT,2,Lateral Deployment,,CAD,CA,2025-08-17 08:00:00,PAYROLL
EVT00110962,2025-08-21,EMP00155,CC0068,EC,1,Hire,87623.98,CAD,CAN,2025-08-21 08:00:00,CORE_HR
EVT00110244,2025-08-18,EMP01467,CC0116,EN,4,Leave Start,,CAD,CA,2025-08-18 08:00:00,PAYROLL
EVT00110839,2025-08-05,EMP01502,CC0041,AS,3,Lateral Deployment,,CAD,CA,2025-08-05 17:00:00,PAYROLL
EVT00110995,2025-08-19,EMP03109,CC0093,EX,2,Leave Return,,CAD,CAN,2025-08-19 07:00:00,CORE_HR
EVT00109950,2025-08-23,EMP03622,CC0014,IT,3,Performance Pay,14580.92,CAD,CAN,2025-08-23 17:00:00,CORE_HR
EVT00110258,2025-08-21,EMP03698,CC0072,FI,4,Leave Return,,CAD,CAN,2025-08-22 01:00:00,CORE_HR
EVT00111452,2025-08-10,EMP04503,CC0081,FI,1,Hire,74504.91,CAD,CAN,2025-08-11 10:00:00,CORE_HR
EVT00111215,2025-08-18,EMP04706,CC0003,EX,1,Lateral Deployment,,CAD,CAN,2025-08-18 12:00:00,CORE_HR
EVT00110187,2025-08-11,EMP02632,CC0070,IT,4,Performance Pay,10377.63,CAD,CA,2025-08-13 22:00:00,PAYROLL
EVT00110730,2025-08-20,EMP00566,CC0032,IT,3,Leave Return,,CAD,CA,2025-08-20 08:00:00,PAYROLL
EVT00110279,2025-08-07,EMP04668,CC0104,IT,5,Leave Start,,CAD,CA,2025-08-08 15:00:00,PAYROLL
EVT00110189,2025-08-26,EMP02064,CC0049,PA,3,Leave Start,,MXN,MEX,2025-08-27 14:00:00,CORE_HR
EVT00110901,2025-08-02,EMP03656,CC0087,EX,1,Hire,134785.5,CAD,CA,2025-08-02 12:00:00,PAYROLL
EVT00109594,2025-08-21,EMP02606,CC0004,IT,3,Step Increment,112837.84,CAD,CA,2025-08-21 19:00:00,PAYROLL
EVT00110903,2025-08-26,EMP04631,CC0083,AS,4,Step Increment,87789.41,CAD,CAN,2025-08-27 09:00:00,CORE_HR
EVT00110832,2025-08-02,EMP02331,CC0028,IT,1,Departure,,CAD,CAN,2025-08-02 18:00:00,CORE_HR
EVT00110266,2025-08-20,EMP00066,CC0089,CR,2,Step Increment,56648.79,CAD,CAN,2025-08-20 20:00:00,CORE_HR
EVT00111118,2025-08-16,EMP01270,CC0025,IT,1,Step Increment,95781.69,CAD,CAN,2025-08-17 06:00:00,CORE_HR
EVT00110556,2025-08-14,EMP04555,CC0025,FI,4,Leave Return,,CAD,CAN,2025-08-14 22:00:00,CORE_HR
EVT00110423,2025-08-27,EMP00781,CC0036,EN,4,Step Increment,121941.41,CAD,CAN,2025-08-28 13:00:00,CORE_HR
EVT00109717,2025-08-19,EMP05154,CC0041,AS,1,Leave Return,,CAD,CA,2025-08-19 07:00:00,PAYROLL
EVT00110426,2025-08-26,EMP04862,CC0049,FI,1,Performance Pay,15182.07,AED,AE,2025-08-27 10:00:00,PAYROLL
EVT00111247,2025-08-25,EMP02388,CC0052,PA,1,Performance Pay,9279.8,CAD,CAN,2025-08-25 07:00:00,CORE_HR
EVT00110406,2025-08-09,EMP01776,CC0065,EC,2,Performance Pay,97760.52,MXN,MEX,2025-08-09 22:00:00,CORE_HR
EVT00110721,2025-08-15,EMP03163,CC0039,PA,4,Step Increment,105615.63,CAD,CA,2025-08-16 05:00:00,PAYROLL
EVT00110586,2025-08-04,EMP01348,CC0054,AS,5,Step Increment,44784.63,GBP,GB,2025-08-04 17:00:00,PAYROLL
EVT00110296,2025-08-16,EMP00649,CC0075,PA,1,Step Increment,65552.58,CAD,CAN,2025-08-16 09:00:00,CORE_HR
EVT00109670,2025-08-24,EMP04476,CC0102,FI,1,Step Increment,79027.49,CAD,CA,2025-08-25 13:00:00,PAYROLL
EVT00111463,2025-08-11,EMP01286,CC0115,PA,3,Step Increment,82512.65,CAD,CAN,2025-08-12 05:00:00,CORE_HR
EVT00109492,2025-08-21,EMP04802,CC0076,IT,4,Hire,137241.25,CAD,CAN,2025-08-21 21:00:00,CORE_HR
EVT00111110,2025-08-01,EMP00727,CC0068,IT,3,Step Increment,108063.75,CAD,CAN,2025-08-01 23:00:00,CORE_HR
EVT00110687,2025-08-01,EMP00069,CC0099,AS,1,Lateral Deployment,,CAD,CAN,2025-08-02 00:00:00,CORE_HR
EVT00110390,2025-08-12,EMP02000,CC0112,PA,2,Leave Start,,CAD,CAN,2025-08-12 14:00:00,CORE_HR
EVT00109518,2025-08-17,EMP02830,CC0109,PA,1,Step Increment,64956.85,CAD,CA,2025-08-18 10:00:00,PAYROLL
EVT00110907,2025-08-22,EMP02480,CC0038,FI,2,Leave Return,,CAD,CAN,2025-08-23 14:00:00,CORE_HR
EVT00110639,2025-08-24,EMP00652,CC0073,IT,4,Step Increment,126888.65,CAD,CA,2025-08-25 08:00:00,PAYROLL
EVT00110966,2025-08-27,EMP00975,CC0069,IT,1,Leave Return,,CAD,CAN,2025-08-27 11:00:00,CORE_HR
EVT00111204,2025-08-07,EMP02296,CC0045,FI,3,Departure,,CAD,CA,2025-08-07 13:00:00,PAYROLL
EVT00110669,2025-08-27,EMP02977,CC0034,AS,2,Leave Return,,CAD,CAN,2025-08-28 01:00:00,CORE_HR
EVT00109907,2025-08-16,EMP03181,CC0055,PA,2,Step Increment,72491.21,CAD,CA,2025-08-16 06:00:00,PAYROLL
EVT00109976,2025-08-09,EMP03374,CC0047,CR,5,Lateral Deployment,,CAD,CAN,2025-08-10 02:00:00,CORE_HR
EVT00110726,2025-08-08,EMP00534,CC0086,FI,2,Performance Pay,3637.49,SGD,SGP,2025-08-09 10:00:00,CORE_HR
EVT00111356,2025-08-20,EMP00800,CC0093,PA,4,Hire,98066.99,CAD,CA,2025-08-22 10:00:00,PAYROLL
EVT00109617,2025-08-08,EMP02674,CC0068,CR,3,Step Increment,76479.23,CAD,CAN,2025-08-08 12:00:00,CORE_HR
EVT00110274,2025-08-21,EMP04946,CC0102,PA,3,Step Increment,86262.32,CAD,CAN,2025-08-21 09:00:00,CORE_HR
EVT00110987,2025-08-24,EMP00545,CC0114,EN,1,Step Increment,87937.37,CAD,CA,2025-08-25 00:00:00,PAYROLL
EVT00111006,2025-08-18,EMP02083,CC0069,AS,2,Step Increment,71334.87,CAD,CAN,2025-08-19 03:00:00,CORE_HR
EVT00109512,2025-08-02,EMP00195,CC0055,IT,2,Leave Start,,CAD,CAN,2025-08-02 06:00:00,CORE_HR
EVT00110811,2025-08-09,EMP03947,CC0019,AS,5,Leave Return,,CAD,CAN,2025-08-10 13:00:00,CORE_HR
EVT00110973,2025-08-12,EMP00085,CC0009,IT,2,Step Increment,60978.17,SGD,SG,2025-08-13 13:00:00,PAYROLL
EVT00110204,2025-08-09,EMP03079,CC0099,FI,4,Leave Start,,CAD,CAN,2025-08-09 12:00:00,CORE_HR
EVT00110626,2025-08-11,EMP01010,CC0048,CR,2,Performance Pay,3676.65,CAD,CAN,2025-08-12 02:00:00,CORE_HR
EVT00110219,2025-08-24,EMP02225,CC0096,PA,2,Departure,,CAD,CAN,2025-08-25 11:00:00,CORE_HR
EVT00110599,2025-08-04,EMP03530,CC0086,IT,4,Leave Start,,INR,IND,2025-08-04 23:00:00,CORE_HR
EVT00111216,2025-08-20,EMP04065,CC0102,PA,4,Step Increment,107168.24,CAD,CA,2025-08-20 09:00:00,PAYROLL
EVT00110479,2025-08-22,EMP00135,CC0117,PA,2,Leave Return,,CAD,CA,2025-08-23 07:00:00,PAYROLL
EVT00111295,2025-08-09,EMP01879,CC0089,PA,3,Step Increment,73162.87,CAD,CAN,2025-08-10 12:00:00,CORE_HR
EVT00110765,2025-08-23,EMP02504,CC0117,AS,4,Leave Start,,CAD,CAN,2025-08-23 14:00:00,CORE_HR
EVT00110761,2025-08-04,EMP04980,CC0070,IT,4,Step Increment,143600.88,CAD,CA,2025-08-04 17:00:00,PAYROLL
EVT00110570,2025-08-04,EMP01658,CC0095,EC,1,Step Increment,84518.2,CAD,CAN,2025-08-04 22:00:00,CORE_HR
EVT00111068,2025-08-13,EMP04259,CC0020,PA,3,Leave Return,,CAD,CAN,2025-08-13 13:00:00,CORE_HR
EVT00109837,2025-08-19,EMP02502,CC0038,AS,1,Performance Pay,5520.72,CAD,CAN,2025-08-19 12:00:00,CORE_HR
EVT00110273,2025-08-27,EMP02369,CC0098,EN,5,Hire,161074.99,CAD,CA,2025-08-28 04:00:00,PAYROLL
EVT00109817,2025-08-27,EMP00233,CC0072,PA,2,Step Increment,81382.37,CAD,CAN,2025-08-27 15:00:00,CORE_HR
EVT00110665,2025-08-16,EMP03462,CC0097,PA,4,Lateral Deployment,,CAD,CA,2025-08-17 09:00:00,PAYROLL
EVT00110363,2025-08-07,EMP02575,CC0104,PA,3,Hire,99107.28,CAD,CA,2025-08-08 08:00:00,PAYROLL
EVT00111410,2025-08-14,EMP01083,CC0106,EN,3,Hire,136420.04,CAD,CA,2025-08-15 06:00:00,PAYROLL
EVT00110081,2025-08-20,EMP05177,CC0087,CR,4,Leave Return,,CAD,CA,2025-08-21 09:00:00,PAYROLL
EVT00109982,2025-08-12,EMP03007,CC0076,EC,4,Departure,,CAD,CAN,2025-08-13 00:00:00,CORE_HR
EVT00111194,2025-08-11,EMP00758,CC0103,IT,4,Hire,130010.05,CAD,CAN,2025-08-11 18:00:00,CORE_HR
EVT00110227,2025-08-05,EMP05177,CC0087,CR,4,Leave Start,,CAD,CA,2025-08-05 13:00:00,PAYROLL
EVT00111454,2025-08-18,EMP04024,CC0115,PA,1,Performance Pay,8213.96,CAD,CAN,2025-08-19 07:00:00,CORE_HR
EVT00111125,2025-08-10,EMP00999,CC0086,EC,3,Step Increment,61043.54,GBP,GBR,2025-08-10 19:00:00,CORE_HR
EVT00110135,2025-08-05,EMP01681,CC0051,PA,5,Leave Start,,CAD,CAN,2025-08-06 08:00:00,CORE_HR
EVT00110988,2025-08-09,EMP03481,CC0067,CR,1,Step Increment,57063.92,CAD,CAN,2025-08-10 04:00:00,CORE_HR
EVT00110990,2025-08-16,EMP00792,CC0063,CR,5,Step Increment,82555.19,CAD,CAN,2025-08-16 11:00:00,CORE_HR
EVT00110757,2025-08-04,EMP00034,CC0044,CR,1,Lateral Deployment,,CAD,CA,2025-08-05 10:00:00,PAYROLL
EVT00109882,2025-08-21,EMP04408,CC0048,PA,2,Step Increment,82143.21,CAD,CAN,2025-08-21 07:00:00,CORE_HR
EVT00111507,2025-08-16,EMP02171,CC0120,PA,4,Performance Pay,4986.65,CAD,CA,2025-08-17 08:00:00,PAYROLL
EVT00109613,2025-08-26,EMP01642,CC0011,PA,2,Leave Return,,CAD,CAN,2025-08-26 19:00:00,CORE_HR
EVT00110893,2025-08-22,EMP02966,CC0053,AS,1,Promotion,64951.68,CAD,CAN,2025-08-23 01:00:00,CORE_HR
EVT00110968,2025-08-02,EMP01613,CC0106,PA,3,Step Increment,84477.06,CAD,CA,2025-08-02 19:00:00,PAYROLL
EVT00109740,2025-08-26,EMP01395,CC0028,PA,2,Performance Pay,3820.15,CAD,CA,2025-08-27 00:00:00,PAYROLL
EVT00110146,2025-08-22,EMP01198,CC0009,PA,2,Leave Start,,GBP,GB,2025-08-22 12:00:00,PAYROLL
EVT00110467,2025-08-14,EMP00044,CC0011,CR,3,Promotion,50695.26,CAD,CAN,2025-08-15 04:00:00,CORE_HR
EVT00111444,2025-08-11,EMP03242,CC0072,EN,3,Lateral Deployment,,CAD,CAN,2025-08-11 12:00:00,CORE_HR
EVT00110741,2025-08-25,EMP02091,CC0069,PA,3,Step Increment,87988.16,CAD,CAN,2025-08-25 12:00:00,CORE_HR
EVT00111327,2025-08-07,EMP04434,CC0101,EC,3,Leave Return,,CAD,CAN,2025-08-07 11:00:00,CORE_HR
EVT00111366,2025-08-05,EMP00654,CC0068,EN,1,Step Increment,92194.25,CAD,CA,2025-08-05 17:00:00,PAYROLL
EVT00109803,2025-08-11,EMP02475,CC0050,AS,4,Lateral Deployment,,CAD,CAN,2025-08-12 13:00:00,CORE_HR
EVT00110937,2025-08-26,EMP01144,CC0107,IT,2,Performance Pay,12526.89,CAD,CA,2025-08-26 14:00:00,PAYROLL
EVT00110297,2025-08-04,EMP03285,CC0046,EN,2,Lateral Deployment,,GBP,GBR,2025-08-04 13:00:00,CORE_HR
EVT00109497,2025-08-13,EMP00825,CC0045,EN,2,Step Increment,99384.03,CAD,CAN,2025-08-13 06:00:00,CORE_HR
EVT00110129,2025-08-04,EMP00193,CC0110,EN,2,Leave Return,,CAD,CA,2025-08-05 15:00:00,PAYROLL
EVT00110764,2025-08-24,EMP04061,CC0074,EC,1,Lateral Deployment,,JPY,JPN,2025-08-25 13:00:00,CORE_HR
EVT00110521,2025-08-25,EMP01139,CC0069,PA,1,Step Increment,61672.21,CAD,CAN,2025-08-26 11:00:00,CORE_HR
EVT00109694,2025-08-06,EMP99999,CC0057,AS,1,Step Increment,75635.74,CAD,CAN,2025-08-08 22:00:00,CORE_HR
EVT00110742,2025-08-14,EMP00458,CC0115,EN,1,Performance Pay,4310.96,CAD,CA,2025-08-14 13:00:00,PAYROLL
EVT00110386,2025-08-16,EMP01658,CC0095,EC,1,Leave Return,,CAD,CAN,2025-08-16 11:00:00,CORE_HR
EVT00110434,2025-08-26,EMP03191,CC0044,PA,2,Step Increment,78695.12,CAD,CAN,2025-08-27 08:00:00,CORE_HR
EVT00111446,2025-08-06,EMP03860,CC0113,EC,1,Step Increment,86999.94,CAD,CAN,2025-08-08 18:00:00,CORE_HR
EVT00111245,2025-08-24,EMP04088,CC0053,PA,2,Step Increment,63697.98,CAD,CA,2025-08-24 09:00:00,PAYROLL
EVT00110249,2025-08-17,EMP04374,CC0095,FI,2,Leave Start,,CAD,CAN,2025-08-18 02:00:00,CORE_HR
EVT00110359,2025-08-03,EMP01572,CC0081,CR,1,Leave Return,,CAD,CAN,2025-08-03 10:00:00,CORE_HR
EVT00110695,2025-08-21,EMP03278,CC0059,IT,3,Step Increment,113001.15,CAD,CAN,2025-08-24 09:00:00,CORE_HR
EVT00109966,2025-08-26,EMP01189,CC0058,EC,3,Performance Pay,10154.04,CAD,CAN,2025-08-27 09:00:00,CORE_HR
EVT00109845,2025-08-20,EMP01557,CC0107,IT,2,Departure,,CAD,CAN,2025-08-20 07:00:00,CORE_HR
EVT00109855,2025-08-19,EMP03353,CC0070,FI,3,Performance Pay,9922.29,CAD,CAN,2025-08-19 20:00:00,CORE_HR
EVT00110852,2025-08-12,EMP01881,CC0117,IT,1,Leave Start,,CAD,CAN,2025-08-13 07:00:00,CORE_HR
EVT00109754,2025-08-15,EMP04071,CC0041,CR,1,Leave Return,,CAD,CA,2025-08-16 06:00:00,PAYROLL
EVT00110029,2025-08-14,EMP01271,CC0042,AS,5,Leave Start,,CAD,CAN,2025-08-15 12:00:00,CORE_HR
EVT00109583,2025-08-18,EMP02784,CC0100,CR,5,Leave Return,,CAD,CAN,2025-08-18 06:00:00,CORE_HR
EVT00110563,2025-08-05,EMP04480,CC0092,PA,4,Performance Pay,6119.54,CAD,CAN,2025-08-05 17:00:00,CORE_HR
EVT00109797,2025-08-12,EMP02145,CC0040,PA,2,Performance Pay,9343.52,XXX,CA,2025-08-13 12:00:00,PAYROLL
EVT00111315,2025-08-08,EMP03658,CC0059,AS,3,Performance Pay,4124.92,CAD,CA,2025-08-08 07:00:00,PAYROLL
EVT00110914,2025-08-18,EMP04369,CC0020,IT,1,Step Increment,99145.68,CAD,CAN,2025-08-19 02:00:00,CORE_HR
EVT00109799,2025-08-14,EMP02005,CC0044,IT,3,Leave Return,,CAD,CAN,2025-08-15 13:00:00,CORE_HR
EVT00110070,2025-08-08,EMP03397,CC0089,IT,1,Performance Pay,8269.6,CAD,CAN,2025-08-08 23:00:00,CORE_HR
EVT00110959,2025-08-06,EMP03596,CC0073,EC,2,Promotion,85551.51,CAD,CA,2025-08-06 20:00:00,PAYROLL
EVT00110022,2025-08-15,EMP02542,CC0089,AS,3,Leave Return,,CAD,CA,2025-08-18 18:00:00,PAYROLL
EVT00109663,2025-08-06,EMP03532,CC0031,IT,1,Step Increment,52203.92,GBP,GB,2025-08-07 01:00:00,PAYROLL
EVT00110982,2025-08-15,EMP04511,CC0073,CR,3,Lateral Deployment,,XXX,CA,2025-08-15 17:00:00,PAYROLL
EVT00111200,2025-08-18,EMP00569,CC0050,IT,2,Performance Pay,11461.82,CAD,CAN,2025-08-18 12:00:00,CORE_HR
EVT00111500,2025-08-12,EMP02930,CC0050,PA,4,Departure,,CAD,CA,2025-08-13 11:00:00,PAYROLL
EVT00110250,2025-08-01,EMP03128,CC0045,EX,1,Step Increment,152872.38,CAD,CA,2025-08-02 13:00:00,PAYROLL
EVT00110371,2025-08-19,EMP01564,CC0112,EX,2,Performance Pay,22928.76,CAD,CAN,2025-08-19 09:00:00,CORE_HR
EVT00109672,2025-08-19,EMP02498,CC0108,CR,4,Leave Return,,JPY,JP,2025-08-20 00:00:00,PAYROLL
EVT00110895,2025-08-26,EMP04136,CC0034,AS,5,Step Increment,87610.3,CAD,CA,2025-08-27 06:00:00,PAYROLL
EVT00111481,2025-08-01,EMP01967,CC0089,EX,2,Step Increment,175424.56,CAD,CA,2025-08-02 05:00:00,PAYROLL
EVT00111288,2025-08-11,EMP04627,CC0007,IT,3,Step Increment,152457.76,AUD,AUS,2025-08-12 11:00:00,CORE_HR
EVT00110428,2025-08-01,EMP04676,CC0098,IT,1,Leave Return,,CAD,CAN,2025-08-01 06:00:00,CORE_HR
EVT00111412,2025-08-21,EMP04032,CC0011,FI,1,Leave Return,,CAD,CAN,2025-08-22 05:00:00,CORE_HR
EVT00110940,2025-08-07,EMP04694,CC0064,CR,4,Leave Return,,CAD,CA,2025-08-07 19:00:00,PAYROLL
EVT00111305,2025-08-22,EMP01994,CC0099,EN,5,Hire,136989.8,CAD,CAN,2025-08-23 00:00:00,CORE_HR
EVT00111201,2025-08-24,EMP04048,CC0009,EX,2,Performance Pay,226810.98,MXN,MEX,2025-08-25 01:00:00,CORE_HR
EVT00109757,2025-08-17,EMP00605,CC0069,IT,1,Step Increment,90048.62,CAD,CAN,2025-08-17 21:00:00,CORE_HR
EVT00110391,2025-08-01,EMP03016,CC0051,PA,2,Lateral Deployment,,CAD,CA,2025-08-02 14:00:00,PAYROLL
EVT00111352,2025-08-09,EMP00335,CC0014,CR,2,Step Increment,63744.14,CAD,CAN,2025-08-09 23:00:00,CORE_HR
EVT00110251,2025-08-09,EMP03939,CC0099,AS,2,Leave Start,,CAD,CA,2025-08-09 06:00:00,PAYROLL
EVT00111217,2025-08-07,EMP04386,CC0054,EC,1,Leave Start,,GBP,GBR,2025-08-08 01:00:00,CORE_HR
EVT00111332,2025-08-07,EMP04319,CC0110,AS,3,Departure,,CAD,CAN,2025-08-07 19:00:00,CORE_HR
EVT00111086,2025-08-10,EMP04245,CC0120,EC,4,Hire,125918.99,CAD,CAN,2025-08-11 04:00:00,CORE_HR
EVT00111271,2025-08-15,EMP04580,CC0110,CR,4,Departure,,CAD,CAN,2025-08-16 15:00:00,CORE_HR
EVT00110291,2025-08-26,EMP00560,CC0001,EN,2,Departure,,CAD,CAN,2025-08-27 12:00:00,CORE_HR
EVT00110218,2025-08-14,EMP01390,CC0046,AS,4,Promotion,66798.56,EUR,DEU,2025-08-14 20:00:00,CORE_HR
EVT00110329,2025-08-18,EMP03186,CC0106,CR,4,Step Increment,72531.61,CAD,CAN,2025-08-18 11:00:00,CORE_HR
EVT00110785,2025-08-08,EMP02135,CC0063,PA,3,Performance Pay,4963.02,CAD,CA,2025-08-08 07:00:00,PAYROLL
EVT00111043,2025-08-13,EMP04919,CC0064,FI,3,Performance Pay,7968.72,CAD,CAN,2025-08-14 02:00:00,CORE_HR
EVT00111228,2025-08-01,EMP01033,CC0039,EN,4,Step Increment,129396.48,CAD,CA,2025-08-02 07:00:00,PAYROLL
EVT00111361,2025-08-25,EMP03049,CC0034,CR,3,Step Increment,71315.29,CAD,CA,2025-08-26 13:00:00,PAYROLL
EVT00110796,2025-08-16,EMP02657,CC0003,FI,3,Step Increment,127601.45,CAD,CAN,2025-08-16 22:00:00,CORE_HR
EVT00110645,2025-08-08,EMP03778,CC0060,AS,1,Performance Pay,2736.35,CAD,CAN,2025-08-09 14:00:00,CORE_HR
EVT00110374,2025-08-07,EMP04932,CC0047,PA,4,Step Increment,90948.88,CAD,CAN,2025-08-08 05:00:00,CORE_HR
EVT00110600,2025-08-06,EMP04781,CC0074,EN,2,Leave Return,,EUR,DEU,2025-08-07 07:00:00,CORE_HR
EVT00111078,2025-08-10,EMP02140,CC0053,FI,4,Step Increment,119704.62,CAD,CAN,2025-08-11 10:00:00,CORE_HR
EVT00109946,2025-08-18,EMP03711,CC0054,CR,1,Leave Start,,EUR,FRA,2025-08-18 18:00:00,CORE_HR
EVT00111440,2025-08-05,EMP01781,CC0108,EX,2,Leave Start,,EUR,DEU,2025-08-05 17:00:00,CORE_HR
EVT00111304,2025-08-03,EMP00882,CC0007,EX,2,Departure,,USD,USA,2025-08-03 13:00:00,CORE_HR
EVT00110471,2025-08-02,EMP01998,CC0081,EX,1,Hire,149197.75,CAD,CAN,2025-08-03 10:00:00,CORE_HR
EVT00111358,2025-08-20,EMP01559,CC0071,AS,3,Step Increment,79630.52,CAD,CAN,2025-08-21 12:00:00,CORE_HR
EVT00110544,2025-08-02,EMP03769,CC0022,IT,1,Leave Start,,CAD,CAN,2025-08-02 23:00:00,CORE_HR
EVT00110930,2025-08-26,EMP03782,CC0048,EX,1,Lateral Deployment,,CAD,CA,2025-08-27 13:00:00,PAYROLL
EVT00109498,2025-08-03,EMP02989,CC0070,AS,5,Step Increment,80184.01,CAD,CA,2025-08-06 12:00:00,PAYROLL
EVT00110647,2025-08-11,EMP01163,CC0065,EN,2,Lateral Deployment,,AED,AE,2025-08-11 15:00:00,PAYROLL
EVT00110068,2025-08-20,EMP04012,CC0069,PA,5,Performance Pay,6445.9,CAD,CAN,2025-08-20 07:00:00,CORE_HR
EVT00110999,2025-08-20,EMP01821,CC0108,IT,2,Step Increment,8939599.4,JPY,JP,2025-08-20 17:00:00,PAYROLL
EVT00109939,2025-08-25,EMP03174,CC0064,AS,4,Step Increment,89699.42,CAD,CAN,2025-08-25 23:00:00,CORE_HR
EVT00110844,2025-08-26,EMP01868,CC0093,CR,1,Promotion,52457.97,CAD,CAN,2025-08-26 21:00:00,CORE_HR
EVT00109873,2025-08-04,EMP04536,CC0060,PA,4,Leave Return,,CAD,CAN,2025-08-04 10:00:00,CORE_HR
EVT00110656,2025-08-08,EMP02541,CC0114,EN,2,Leave Start,,CAD,CAN,2025-08-09 09:00:00,CORE_HR
EVT00110307,2025-08-01,EMP04951,CC0093,PA,3,Hire,90121.99,CAD,CA,2025-08-02 04:00:00,PAYROLL
EVT00111411,2025-08-01,EMP04874,CC0003,EX,3,Step Increment,194515.65,CAD,CAN,2025-08-01 19:00:00,CORE_HR
EVT00110452,2025-08-12,EMP03091,CC0092,EN,1,Step Increment,82839.59,CAD,CA,2025-08-13 11:00:00,PAYROLL
EVT00109973,2025-08-02,EMP02659,CC0033,IT,2,Leave Start,,CAD,CA,2025-08-03 00:00:00,PAYROLL
EVT00109821,2025-08-26,EMP03154,CC0088,IT,5,Step Increment,17017369.76,KES,KE,2025-08-27 14:00:00,PAYROLL
EVT00109533,2025-08-05,EMP02772,CC0070,PA,2,Step Increment,78253.05,CAD,CAN,2025-08-06 05:00:00,CORE_HR
EVT00110212,2025-08-20,EMP00485,CC0101,PA,3,Step Increment,95106.89,CAD,CAN,2025-08-21 05:00:00,CORE_HR
EVT00110760,2025-08-09,EMP03557,CC0009,PA,2,Departure,,USD,US,2025-08-09 23:00:00,PAYROLL
EVT00110427,2025-08-24,EMP01091,CC0045,PA,4,Step Increment,90100.95,CAD,CAN,2025-08-25 01:00:00,CORE_HR
EVT00109493,2025-08-07,EMP04739,CC0051,IT,5,Step Increment,150469.11,CAD,CA,2025-08-08 02:00:00,PAYROLL
EVT00109524,2025-08-05,EMP02233,CC0017,AS,4,Performance Pay,11765.88,CAD,CAN,2025-08-06 09:00:00,CORE_HR
EVT00111335,2025-08-23,EMP04726,CC0020,AS,3,Step Increment,83153.96,CAD,CA,2025-08-23 23:00:00,PAYROLL
EVT00109738,2025-08-19,EMP05012,CC0080,PA,1,Departure,,AUD,AU,2025-08-20 08:00:00,PAYROLL
EVT00109746,2025-08-25,EMP04698,CC0005,PA,1,Performance Pay,3828.1,CAD,CA,2025-08-26 13:00:00,PAYROLL
EVT00110190,2025-08-12,EMP04575,CC0050,IT,3,Lateral Deployment,,CAD,CA,2025-08-13 02:00:00,PAYROLL
EVT00109727,2025-08-03,EMP00638,CC0092,CR,3,Step Increment,76137.6,CAD,CAN,2025-08-04 09:00:00,CORE_HR
EVT00110355,2025-08-11,EMP02543,CC0001,IT,4,Step Increment,144514.78,CAD,CAN,2025-08-12 08:00:00,CORE_HR
EVT00110976,2025-08-14,EMP01241,CC0049,PA,4,Hire,6985108.97,JPY,JPN,2025-08-14 23:00:00,CORE_HR
EVT00110591,2025-08-09,EMP02602,CC0114,CR,2,Leave Start,,CAD,CAN,2025-08-09 23:00:00,CORE_HR
EVT00111293,2025-08-27,EMP01028,CC0005,FI,2,Step Increment,97115.04,CAD,CA,2025-08-27 09:00:00,PAYROLL
EVT00109933,2025-08-25,EMP04620,CC0003,EN,2,Step Increment,101253.56,CAD,CAN,2025-08-25 17:00:00,CORE_HR
EVT00110042,2025-08-19,EMP00347,CC0073,AS,1,Promotion,57202.61,CAD,CAN,2025-08-19 17:00:00,CORE_HR
EVT00109930,2025-08-24,EMP04142,CC0049,EX,2,Step Increment,112971.32,SGD,SGP,2025-08-24 06:00:00,CORE_HR
EVT00110762,2025-08-25,EMP03540,CC0059,EC,1,Leave Return,,CAD,CAN,2025-08-25 22:00:00,CORE_HR
EVT00109737,1900-01-01,EMP00156,CC0011,IT,3,Lateral Deployment,,CAD,CAN,2025-08-11 11:00:00,CORE_HR
EVT00109501,2025-08-14,EMP00418,CC0045,AS,3,Performance Pay,3608.33,CAD,CA,2025-08-14 17:00:00,PAYROLL
EVT00110123,2025-08-18,EMP02088,CC0023,IT,2,Step Increment,108024.32,CAD,CAN,2025-08-18 13:00:00,CORE_HR
EVT00110889,2025-08-03,EMP03588,CC0085,IT,2,Step Increment,104324.22,CAD,CAN,2025-08-04 15:00:00,CORE_HR
EVT00110275,2025-08-18,EMP04269,CC0020,CR,2,Leave Return,,CAD,CAN,2025-08-19 09:00:00,CORE_HR
EVT00111296,2025-08-08,EMP02518,CC0086,PA,1,Step Increment,6303001.07,JPY,JPN,2025-08-08 13:00:00,CORE_HR
EVT00110325,2025-08-24,EMP04896,CC0113,AS,1,Step Increment,62623.11,CAD,CAN,2025-08-24 15:00:00,CORE_HR
EVT00111069,2025-08-22,EMP04113,CC0108,FI,2,Leave Return,,MXN,MX,2025-08-23 00:00:00,PAYROLL
EVT00109680,2025-08-27,EMP02037,CC0021,PA,1,Leave Return,,CAD,CAN,2025-08-28 07:00:00,CORE_HR
EVT00111389,2025-08-08,EMP02799,CC0035,EC,1,Step Increment,101368.36,CAD,CAN,2025-08-08 11:00:00,CORE_HR
EVT00111427,2025-08-10,EMP00921,CC0023,PA,2,Performance Pay,8373.05,CAD,CA,2025-08-11 04:00:00,PAYROLL
EVT00109954,2025-08-03,EMP02590,CC0021,AS,1,Step Increment,59848.27,CAD,CAN,2025-08-04 05:00:00,CORE_HR
EVT00110778,2025-08-11,EMP03746,CC0085,IT,1,Lateral Deployment,,CAD,CA,2025-08-12 01:00:00,PAYROLL
EVT00111145,2025-08-02,EMP00764,CC0026,PA,1,Lateral Deployment,,CAD,CAN,2025-08-02 22:00:00,CORE_HR
EVT00111218,2025-08-24,EMP00607,CC0094,EN,2,Leave Start,,CAD,CAN,2025-08-25 14:00:00,CORE_HR
EVT00109819,2025-08-15,EMP03002,CC0012,IT,2,Hire,99712.18,CAD,CAN,2025-08-15 16:00:00,CORE_HR
EVT00110933,2025-08-24,EMP02477,CC0084,CR,1,Departure,,CAD,CAN,2025-08-24 23:00:00,CORE_HR
EVT00109977,2025-08-15,EMP03339,CC0007,AS,1,Leave Start,,EUR,DE,2025-08-15 08:00:00,PAYROLL
EVT00109658,2025-08-21,EMP03314,CC0020,PA,3,Leave Return,,CAD,CAN,2025-08-22 06:00:00,CORE_HR
EVT00110048,2025-08-22,EMP02842,CC0039,CR,2,Promotion,62116.75,CAD,CAN,2025-08-22 16:00:00,CORE_HR
EVT00111213,2025-08-19,EMP03945,CC0116,PA,3,Leave Return,,CAD,CA,2025-08-20 11:00:00,PAYROLL
EVT00111472,2025-08-05,EMP00676,CC0116,CR,2,Step Increment,69102.18,CAD,CAN,2025-08-05 16:00:00,CORE_HR
EVT00109629,2025-08-09,EMP02274,CC0069,EN,5,Step Increment,156776.37,CAD,CA,2025-08-09 19:00:00,PAYROLL
EVT00109739,2025-08-10,EMP05110,CC0066,FI,1,Step Increment,82428.44,CAD,CAN,2025-08-11 08:00:00,CORE_HR
EVT00109762,2025-08-20,EMP01751,CC0066,AS,4,Leave Return,,CAD,CA,2025-08-20 23:00:00,PAYROLL
EVT00110881,2025-08-26,EMP00049,CC0055,FI,2,Hire,96824.65,CAD,CAN,2025-08-26 13:00:00,CORE_HR
EVT00111107,2025-08-09,EMP05118,CC0018,PA,3,Step Increment,95982.01,CAD,CA,2025-08-09 20:00:00,PAYROLL
EVT00110877,2025-08-16,EMP01757,CC0023,IT,5,Step Increment,158040.2,CAD,CA,2025-08-16 19:00:00,PAYROLL
EVT00111256,2025-08-12,EMP02962,CC0017,EN,2,Promotion,110231.22,CAD,CAN,2025-08-13 07:00:00,CORE_HR
EVT00110827,2025-08-13,EMP02245,CC0049,PA,5,Leave Start,,BRL,BR,2025-08-14 01:00:00,PAYROLL
EVT00110116,2025-08-07,EMP01745,CC0099,AS,2,Leave Start,,CAD,CAN,2025-08-08 08:00:00,CORE_HR
EVT00110515,2025-08-12,EMP03886,CC0114,PA,1,Step Increment,66482.05,CAD,CAN,2025-08-13 15:00:00,CORE_HR
EVT00111386,2025-08-17,EMP05026,CC0082,EX,2,Step Increment,206423.72,CAD,CAN,2025-08-21 01:00:00,CORE_HR
EVT00110948,2025-08-22,EMP01491,CC0069,IT,2,Leave Start,,CAD,CAN,2025-08-23 15:00:00,CORE_HR
EVT00110744,2025-08-22,EMP04202,CC0110,EC,2,Step Increment,78398.11,CAD,CAN,2025-08-22 06:00:00,CORE_HR
EVT00110828,2025-08-22,EMP02139,CC0055,EN,4,Leave Start,,CAD,CA,2025-08-23 05:00:00,PAYROLL
EVT00111517,2025-08-02,EMP01083,CC0106,EN,3,Step Increment,120557.61,CAD,CA,2025-08-03 07:00:00,PAYROLL
EVT00109562,2025-08-12,EMP04244,CC0062,IT,4,Leave Return,,CAD,CAN,2025-08-12 10:00:00,CORE_HR
EVT00110531,2025-08-02,EMP04505,CC0107,PA,1,Promotion,65955.03,CAD,CA,2025-08-02 17:00:00,PAYROLL
EVT00110163,2025-08-13,EMP04930,CC0037,FI,5,Lateral Deployment,,CAD,CA,2025-08-13 22:00:00,PAYROLL
EVT00111009,2025-08-18,EMP03901,CC0085,AS,4,Departure,,CAD,CAN,2025-08-19 10:00:00,CORE_HR
EVT00111162,2025-08-23,EMP01173,CC0061,FI,3,Leave Return,,CAD,CA,2025-08-24 08:00:00,PAYROLL
EVT00111048,2025-08-12,EMP02204,CC0075,IT,1,Performance Pay,11838.74,CAD,CAN,2025-08-13 06:00:00,CORE_HR
EVT00110265,2025-08-08,EMP02673,CC0039,EN,2,Lateral Deployment,,CAD,CAN,2025-08-08 20:00:00,CORE_HR
EVT00110335,2025-08-08,EMP04341,CC0078,EC,1,Lateral Deployment,,CAD,CAN,2025-08-08 14:00:00,CORE_HR
EVT00109827,2025-08-24,EMP00479,CC0073,EN,3,Promotion,119468.15,CAD,CA,2025-08-24 11:00:00,PAYROLL
EVT00110497,2025-08-27,EMP03123,CC0048,AS,5,Leave Return,,CAD,CAN,2025-08-27 07:00:00,CORE_HR
EVT00110655,2025-08-01,EMP04849,CC0058,AS,3,Performance Pay,6614.53,CAD,CAN,2025-08-02 15:00:00,CORE_HR
EVT00111297,2025-08-14,EMP00482,CC0111,PA,1,Leave Start,,GBP,GBR,2025-08-15 09:00:00,CORE_HR
EVT00111136,2025-08-05,EMP04961,CC0119,AS,3,Step Increment,77924.94,CAD,CAN,2025-08-05 13:00:00,CORE_HR
EVT00110568,2025-08-13,EMP01076,CC0102,IT,1,Leave Return,,CAD,CA,2025-08-14 00:00:00,PAYROLL
EVT00110862,2025-08-15,EMP00579,CC0039,EN,3,Leave Return,,CAD,CAN,2025-08-16 05:00:00,CORE_HR
EVT00109777,2025-08-10,EMP03728,CC0014,CR,2,Leave Start,,CAD,CAN,2025-08-11 09:00:00,CORE_HR
EVT00110532,2025-08-20,EMP00838,CC0004,IT,3,Leave Return,,CAD,CA,2025-08-20 11:00:00,PAYROLL
EVT00110530,2025-08-10,EMP00790,CC0027,IT,2,Promotion,96772.57,CAD,CA,2025-08-11 11:00:00,PAYROLL
EVT00110595,2025-08-14,EMP04299,CC0046,EC,3,Leave Start,,MXN,MEX,2025-08-15 06:00:00,CORE_HR
EVT00110942,2025-08-09,EMP03287,CC0060,EX,3,Step Increment,153942.77,CAD,CA,2025-08-09 22:00:00,PAYROLL
EVT00110558,2025-08-01,EMP03801,CC0115,AS,3,Step Increment,80618.94,CAD,CA,2025-08-01 11:00:00,PAYROLL
EVT00109981,2025-08-05,EMP03344,CC0036,IT,3,Lateral Deployment,,CAD,CA,2025-08-05 07:00:00,PAYROLL
EVT00110321,2025-08-13,EMP04624,CC0037,AS,3,Step Increment,77666.5,CAD,CAN,2025-08-13 11:00:00,CORE_HR
EVT00111495,2025-08-22,EMP00652,CC0073,IT,4,Step Increment,137734.66,CAD,CAN,2025-08-22 12:00:00,CORE_HR
EVT00110447,2025-08-05,EMP00691,CC0101,PA,2,Step Increment,78855.71,CAD,CAN,2025-08-05 23:00:00,CORE_HR
EVT00110233,2025-08-26,EMP00039,CC0067,IT,1,Promotion,96115.47,CAD,CA,2025-08-26 10:00:00,PAYROLL
EVT00110958,2025-08-21,EMP00086,CC0014,EX,1,Step Increment,155467.05,CAD,CA,2025-08-22 05:00:00,PAYROLL
EVT00109797,2025-08-12,EMP02145,CC0040,PA,2,Performance Pay,9343.52,CAD,CA,2025-08-13 06:00:00,PAYROLL
EVT00109844,2025-08-16,EMP00201,CC0110,EC,2,Departure,,CAD,CAN,2025-08-16 10:00:00,CORE_HR
EVT00111061,2025-08-15,EMP03881,CC0100,IT,2,Step Increment,99954.3,CAD,CAN,2025-08-15 18:00:00,CORE_HR
EVT00110485,2025-08-01,EMP01493,CC0044,IT,4,Step Increment,142832.8,CAD,CA,2025-08-01 10:00:00,PAYROLL
EVT00110460,2025-08-25,EMP01111,CC0006,CR,2,Departure,,CAD,CAN,2025-08-25 18:00:00,CORE_HR
EVT00110037,2025-08-20,EMP03543,CC0010,FI,2,Step Increment,98267.98,CAD,CAN,2025-08-20 21:00:00,CORE_HR
EVT00110725,2025-08-19,EMP04295,CC0070,EX,2,Performance Pay,18367.61,CAD,CA,2025-08-20 01:00:00,PAYROLL
EVT00111156,2025-08-04,EMP00610,CC0030,AS,1,Lateral Deployment,,INR,IND,2025-08-05 11:00:00,CORE_HR
EVT00111514,2025-08-02,EMP04902,CC0057,CR,5,Step Increment,85391.24,CAD,CAN,2025-08-03 10:00:00,CORE_HR
EVT00111425,2025-08-17,EMP03273,CC0120,EN,3,Step Increment,128629.72,CAD,CA,2025-08-17 10:00:00,PAYROLL
EVT00109701,2025-08-09,EMP04059,CC0118,FI,1,Leave Start,,CAD,CA,2025-08-10 15:00:00,PAYROLL
EVT00111354,2025-08-17,EMP99999,CC0037,AS,5,Lateral Deployment,,CAD,CAN,2025-08-18 08:00:00,CORE_HR
EVT00110615,2025-08-25,EMP99999,CC0048,PA,1,Performance Pay,2868.54,CAD,CAN,2025-08-25 19:00:00,CORE_HR
EVT00111230,2025-08-05,EMP04518,CC0108,PA,3,Performance Pay,4592.05,USD,USA,2025-08-05 16:00:00,CORE_HR
EVT00109915,2025-08-05,EMP03854,CC0043,FI,3,Leave Start,,CAD,CAN,2025-08-05 13:00:00,CORE_HR
EVT00110616,2025-08-01,EMP00323,CC0025,PA,5,Step Increment,114591.45,CAD,CAN,2025-08-02 07:00:00,CORE_HR
EVT00110435,2025-08-20,EMP05011,CC0029,CR,1,Step Increment,36895.18,SGD,SG,2025-08-21 12:00:00,PAYROLL
EVT00109744,2025-08-20,EMP04844,CC0094,AS,1,Leave Return,,CAD,CAN,2025-08-20 13:00:00,CORE_HR
EVT00109697,2025-08-13,EMP03737,CC0089,CR,1,Leave Return,,CAD,CAN,2025-08-14 06:00:00,CORE_HR
EVT00110457,2025-08-17,EMP03279,CC0120,PA,2,Step Increment,82510.48,CAD,CAN,2025-08-18 05:00:00,CORE_HR
EVT00110643,2025-08-11,EMP01375,CC0109,CR,2,Leave Return,,CAD,CA,2025-08-12 13:00:00,PAYROLL
EVT00111149,2025-08-19,EMP01905,CC0118,AS,4,Performance Pay,10395.17,CAD,CAN,2025-08-20 10:00:00,CORE_HR
EVT00109862,2025-08-12,EMP00578,CC0025,CR,3,Leave Start,,CAD,CA,2025-08-14 13:00:00,PAYROLL
EVT00109531,2025-08-14,EMP02896,CC0070,EN,5,Step Increment,156975.33,CAD,CAN,2025-08-15 07:00:00,CORE_HR
EVT00110201,2025-08-18,EMP04495,CC0014,FI,4,Promotion,113658.58,CAD,CA,2025-08-18 16:00:00,PAYROLL
EVT00111350,2025-08-27,EMP00406,CC0065,AS,5,Step Increment,63330.63,SGD,SG,2025-08-28 09:00:00,PAYROLL
EVT00111038,2025-08-06,EMP00814,CC0023,PA,4,Step Increment,100936.58,CAD,CAN,2025-08-07 04:00:00,CORE_HR
EVT00110281,2025-08-02,EMP05192,CC0032,PA,3,Step Increment,91486.98,CAD,CA,2025-08-03 08:00:00,PAYROLL
EVT00110034,2025-08-04,EMP01120,CC0026,EC,4,Hire,126194.05,CAD,CAN,2025-08-05 15:00:00,CORE_HR
EVT00110302,2025-08-19,EMP04893,CC0014,EX,1,Performance Pay,16291.75,CAD,CA,2025-08-20 09:00:00,PAYROLL
EVT00109945,2025-08-01,EMP00979,CC0027,FI,2,Lateral Deployment,,CAD,CAN,2025-08-01 13:00:00,CORE_HR
EVT00110634,2025-08-13,EMP03027,CC0029,PA,1,Promotion,87408.19,AUD,AUS,2025-08-13 21:00:00,CORE_HR
EVT00111282,2025-08-14,EMP04766,CC0056,FI,2,Performance Pay,11666.18,CAD,CA,2025-08-15 11:00:00,PAYROLL
EVT00111485,2025-08-07,EMP04689,CC0044,FI,4,Leave Return,,CAD,CAN,2025-08-07 22:00:00,CORE_HR
EVT00111371,2025-08-21,EMP03913,CC0120,IT,3,Step Increment,99985.95,CAD,CA,2025-08-21 18:00:00,PAYROLL
EVT00110478,2025-08-12,EMP01647,CC0077,PA,2,Leave Return,,CAD,CA,2025-08-12 15:00:00,PAYROLL
EVT00111178,2025-08-01,EMP02878,CC0018,AS,2,Leave Return,,CAD,CAN,2025-08-01 23:00:00,CORE_HR
EVT00110443,2025-08-09,EMP00020,CC0067,FI,5,Promotion,149183.72,CAD,CAN,2025-08-10 12:00:00,CORE_HR
EVT00110490,2025-08-10,EMP04257,CC0053,AS,2,Step Increment,71561.62,CAD,CAN,2025-08-11 02:00:00,CORE_HR
EVT00110055,2025-08-12,EMP01798,CC0002,EN,3,Lateral Deployment,,CAD,CAN,2025-08-12 18:00:00,CORE_HR
EVT00111437,2025-08-02,EMP04757,CC0036,EX,2,Step Increment,180238.17,CAD,CAN,2025-08-03 00:00:00,CORE_HR
EVT00109888,2025-08-27,EMP02824,CC0063,PA,1,Step Increment,61374.86,CAD,CAN,2025-08-27 15:00:00,CORE_HR
EVT00111092,2025-08-17,EMP00924,CC0031,EN,2,Leave Return,,MXN,MEX,2025-08-17 20:00:00,CORE_HR
EVT00110528,2025-08-24,EMP02128,CC0061,PA,1,Leave Return,,CAD,CAN,2025-08-24 19:00:00,CORE_HR
EVT00111097,2025-08-16,EMP00400,CC0115,PA,2,Lateral Deployment,,CAD,CA,2025-08-17 02:00:00,PAYROLL
EVT00111041,2025-08-10,EMP01071,CC0005,IT,2,Promotion,96514.28,CAD,CA,2025-08-10 08:00:00,PAYROLL
EVT00109723,2025-08-02,EMP03650,CC0052,PA,1,Leave Start,,CAD,CAN,2025-08-02 06:00:00,CORE_HR
EVT00109771,2025-08-06,EMP01029,CC0089,CR,3,Leave Return,,CAD,CA,2025-08-06 15:00:00,PAYROLL
EVT00109597,2025-08-21,EMP01756,CC0041,EC,3,Hire,114001.94,CAD,CA,2025-08-21 22:00:00,PAYROLL
EVT00111198,2025-08-15,EMP01281,CC0086,EC,4,Step Increment,1644378.77,MXN,MX,2025-08-16 03:00:00,PAYROLL
EVT00109992,2025-08-08,EMP01434,CC0119,IT,3,Performance Pay,6167.84,CAD,CA,2025-08-08 17:00:00,PAYROLL
EVT00110865,2025-08-26,EMP02197,CC0018,PA,2,Step Increment,74754.5,CAD,CAN,2025-08-26 22:00:00,CORE_HR
EVT00110100,2025-08-14,EMP02188,CC0022,FI,3,Lateral Deployment,,CAD,CAN,2025-08-14 09:00:00,CORE_HR
EVT00111432,2025-08-06,EMP03743,CC0078,EC,1,Step Increment,83785.3,CAD,CA,2025-08-09 11:00:00,PAYROLL
EVT00110414,2025-08-26,EMP03560,CC0112,IT,4,Leave Start,,CAD,CAN,2025-08-26 18:00:00,CORE_HR
EVT00111189,2025-08-06,EMP02521,CC0045,IT,1,Lateral Deployment,,CAD,CAN,2025-08-06 13:00:00,CORE_HR
EVT00109735,2025-08-05,EMP01994,CC0099,EN,5,Lateral Deployment,,CAD,CAN,2025-08-05 23:00:00,CORE_HR
EVT00111173,2025-08-01,EMP03179,CC0049,AS,5,Step Increment,4625828.9,INR,IND,2025-08-02 05:00:00,CORE_HR
EVT00110795,2025-08-20,EMP03338,CC0098,AS,4,Leave Return,,CAD,CAN,2025-08-20 10:00:00,CORE_HR
EVT00110510,2025-08-27,EMP04780,CC0047,PA,1,Step Increment,62972.82,CAD,CAN,2025-08-28 07:00:00,CORE_HR
EVT00110109,2025-08-03,EMP04135,CC0029,EC,3,Step Increment,148528.99,AUD,AUS,2025-08-04 07:00:00,CORE_HR
EVT00109523,2025-08-19,EMP01484,CC0065,EX,1,Performance Pay,421381.78,INR,IN,2025-08-20 09:00:00,PAYROLL
EVT00110849,2025-08-01,EMP02071,CC0008,FI,1,Leave Return,,CAD,CA,2025-08-01 17:00:00,PAYROLL
EVT00110779,2025-08-25,EMP02100,CC0071,IT,3,Promotion,106631.34,CAD,CA,2025-08-26 04:00:00,PAYROLL
EVT00111508,2025-08-12,EMP04354,CC0097,EN,1,Lateral Deployment,,CAD,CA,2025-08-12 06:00:00,PAYROLL
EVT00110740,2025-08-16,EMP00959,CC0073,AS,2,Step Increment,71635.78,CAD,CAN,2025-08-17 14:00:00,CORE_HR
EVT00111210,2025-08-23,EMP02196,CC0101,EC,1,Leave Return,,CAD,CAN,2025-08-24 08:00:00,CORE_HR
EVT00110449,2025-08-03,EMP04598,CC0037,IT,2,Step Increment,94578.4,CAD,CA,2025-08-03 22:00:00,PAYROLL
EVT00109766,2025-08-07,EMP00495,CC0085,FI,3,Step Increment,84339.31,CAD,CA,2025-08-07 09:00:00,PAYROLL
EVT00110526,2025-08-01,EMP02737,CC0004,AS,2,Leave Return,,CAD,CA,2025-08-01 07:00:00,PAYROLL
EVT00109919,2025-08-25,EMP01872,CC0088,FI,3,Lateral Deployment,,KES,KE,2025-08-26 06:00:00,PAYROLL
EVT00110588,2025-08-12,EMP04891,CC0046,IT,2,Leave Start,,USD,US,2025-08-13 11:00:00,PAYROLL
EVT00109520,2025-08-19,EMP02439,CC0089,CR,4,Hire,83656.94,CAD,CAN,2025-08-19 07:00:00,CORE_HR
EVT00109578,2025-08-17,EMP00348,CC0113,AS,2,Promotion,74375.59,CAD,CAN,2025-08-18 07:00:00,CORE_HR
EVT00111042,2025-08-08,EMP04385,CC0111,AS,1,Step Increment,47160.4,SGD,SGP,2025-08-09 14:00:00,CORE_HR
EVT00110298,2025-08-09,EMP03697,CC0006,PA,2,Step Increment,79914.69,CAD,CAN,2025-08-10 05:00:00,CORE_HR
EVT00109808,2025-08-19,EMP02566,CC0077,PA,4,Lateral Deployment,,CAD,CAN,2025-08-20 05:00:00,CORE_HR
EVT00110194,2025-08-18,EMP02466,CC0051,CR,3,Lateral Deployment,,CAD,CA,2025-08-19 06:00:00,PAYROLL
EVT00110993,2025-08-15,EMP03094,CC0094,AS,4,Leave Return,,CAD,CAN,2025-08-16 14:00:00,CORE_HR
EVT00111033,2025-08-23,EMP01387,CC0072,AS,4,Leave Start,,CAD,CAN,2025-08-24 05:00:00,CORE_HR
EVT00109857,2025-08-26,EMP04611,CC0119,PA,2,Leave Return,,CAD,CAN,2025-08-26 18:00:00,CORE_HR
EVT00109563,2025-08-22,EMP01227,CC0095,EX,1,Lateral Deployment,,CAD,CAN,2025-08-23 13:00:00,CORE_HR
EVT00109556,2025-08-21,EMP04866,CC0071,EX,2,Leave Start,,CAD,CA,2025-08-22 10:00:00,PAYROLL
EVT00110332,2025-08-06,EMP03657,CC0115,EC,2,Step Increment,80598.3,CAD,CAN,2025-08-07 09:00:00,CORE_HR
EVT00109499,2025-08-16,EMP01069,CC0116,EC,3,Step Increment,111127.1,XXX,CAN,2025-08-17 13:00:00,CORE_HR
EVT00109752,2025-08-11,EMP01748,CC0095,IT,3,Step Increment,-116913.65,CAD,CAN,2025-08-12 12:00:00,CORE_HR
EVT00110955,2025-08-14,EMP04145,CC0107,EN,1,Hire,92219.94,CAD,CA,2025-08-14 12:00:00,PAYROLL
EVT00109559,2025-08-03,EMP04807,CC0005,EC,3,Leave Start,,CAD,CAN,2025-08-03 15:00:00,CORE_HR
EVT00110236,2025-08-15,EMP02485,CC0074,EC,2,Performance Pay,3334.49,USD,USA,2025-08-16 09:00:00,CORE_HR
EVT00111135,2025-08-02,EMP02225,CC0096,PA,2,Step Increment,81582.5,CAD,CA,2025-08-02 14:00:00,PAYROLL
EVT00110859,2025-08-04,EMP03237,CC0035,EX,2,Leave Return,,CAD,CAN,2025-08-04 13:00:00,CORE_HR
EVT00109792,2025-08-04,EMP03247,CC0088,IT,2,Hire,71490.61,SGD,SGP,2025-08-05 03:00:00,CORE_HR
EVT00111373,2025-08-05,EMP00613,CC0029,AS,2,Departure,,SGD,SGP,2025-08-05 15:00:00,CORE_HR
EVT00110463,2025-08-02,EMP99999,CC0042,PA,1,Hire,70765.75,CAD,CA,2025-08-02 23:00:00,PAYROLL
EVT00110935,2025-08-13,EMP02536,CC0039,IT,1,Lateral Deployment,,CAD,CA,2025-08-13 12:00:00,PAYROLL
EVT00110439,2025-08-06,EMP04446,CC0092,EN,3,Departure,,CAD,CAN,2025-08-07 15:00:00,CORE_HR
EVT00110089,2025-08-17,EMP01011,CC0072,EN,1,Promotion,91518.18,CAD,CA,2025-08-17 18:00:00,PAYROLL
EVT00110012,2025-08-09,EMP02869,CC0045,FI,5,Step Increment,137652.42,CAD,CAN,2025-08-10 12:00:00,CORE_HR
EVT00110000,2025-08-06,EMP02154,CC0016,IT,1,Leave Start,,CAD,CA,2025-08-07 11:00:00,PAYROLL
EVT00111376,2025-08-05,EMP03649,CC0044,IT,2,Lateral Deployment,,CAD,CA,2025-08-06 04:00:00,PAYROLL
EVT00111012,2025-08-25,EMP02836,CC0047,EX,1,Leave Start,,CAD,CAN,2025-08-26 06:00:00,CORE_HR
EVT00111011,2025-08-24,EMP04616,CC0001,FI,4,Leave Return,,CAD,CA,2025-08-25 02:00:00,PAYROLL
EVT00109730,2025-08-03,EMP04537,CC0054,EX,1,Lateral Deployment,,USD,US,2025-08-04 05:00:00,PAYROLL
EVT00111363,2025-08-18,EMP02823,CC0050,PA,2,Promotion,73732.26,CAD,CA,2025-08-19 11:00:00,PAYROLL
EVT00109951,2025-08-06,EMP03459,CC0079,FI,3,Step Increment,106794.74,CAD,CAN,2025-08-06 13:00:00,CORE_HR
EVT00109903,2025-08-12,EMP04730,CC0082,EN,4,Step Increment,138968.05,CAD,CAN,2025-08-13 13:00:00,CORE_HR
EVT00109883,2025-08-11,EMP03372,CC0087,EN,1,Performance Pay,12151.61,CAD,CA,2025-08-12 09:00:00,PAYROLL
EVT00109651,2025-08-16,EMP04718,CC0115,CR,1,Step Increment,53170.39,CAD,CAN,2025-08-16 08:00:00,CORE_HR
EVT00109522,2025-08-06,EMP02542,CC0089,AS,3,Step Increment,83337.24,CAD,CAN,2025-08-07 14:00:00,CORE_HR
EVT00110662,2025-08-22,EMP01476,CC0028,CR,2,Hire,63305.5,CAD,CAN,2025-08-22 14:00:00,CORE_HR
EVT00109943,2025-08-02,EMP01699,CC0042,PA,4,Lateral Deployment,,CAD,CAN,2025-08-03 05:00:00,CORE_HR
EVT00110053,2025-08-10,EMP03753,CC0106,FI,4,Step Increment,122052.16,CAD,CA,2025-08-10 11:00:00,PAYROLL
EVT00110203,2025-08-10,EMP02117,CC0080,EX,1,Step Increment,10926072.11,INR,IN,2025-08-11 03:00:00,PAYROLL
EVT00110613,2025-08-08,EMP00954,CC0115,EN,2,Step Increment,105574.88,CAD,CA,2025-08-08 21:00:00,PAYROLL
EVT00109678,2025-08-05,EMP00563,CC0053,IT,1,Step Increment,79991.45,CAD,CAN,2025-08-05 12:00:00,CORE_HR
EVT00110657,2025-08-08,EMP00488,CC0023,FI,1,Leave Start,,CAD,CAN,2025-08-08 18:00:00,CORE_HR
EVT00110560,2025-08-18,EMP01928,CC0102,PA,3,Step Increment,85849.79,CAD,CA,2025-08-18 23:00:00,PAYROLL
EVT00111449,2025-08-25,EMP01936,CC0100,EN,1,Hire,92720.17,CAD,CAN,2025-08-26 10:00:00,CORE_HR
EVT00111461,1900-01-01,EMP04553,CC0006,AS,2,Leave Start,,CAD,CAN,2025-08-06 06:00:00,CORE_HR
EVT00109926,2025-08-08,EMP01221,CC0105,IT,2,Step Increment,65204.9,SGD,SGP,2025-08-08 13:00:00,CORE_HR
EVT00111188,2025-08-21,EMP03124,CC0055,EN,3,Step Increment,122266.59,CAD,CAN,2025-08-22 11:00:00,CORE_HR
EVT00110381,2025-08-02,EMP01187,CC0002,AS,3,Promotion,70578.79,CAD,CAN,2025-08-03 10:00:00,CORE_HR
EVT00110268,2025-08-07,EMP01193,CC0054,CR,5,Leave Return,,GBP,GBR,2025-08-08 00:00:00,CORE_HR
EVT00110127,2025-08-27,EMP03983,CC0116,FI,1,Promotion,63999.51,CAD,CAN,2025-08-27 07:00:00,CORE_HR
EVT00110498,2025-08-19,EMP05006,CC0016,PA,5,Performance Pay,11190.16,CAD,CA,2025-08-22 07:00:00,PAYROLL
EVT00110254,2025-08-13,EMP02480,CC0038,FI,2,Leave Start,,CAD,CAN,2025-08-13 20:00:00,CORE_HR
EVT00110751,2025-08-16,EMP01827,CC0085,EN,1,Step Increment,88348.39,CAD,CA,2025-08-16 19:00:00,PAYROLL
EVT00111024,2025-08-23,EMP04924,CC0105,EN,1,Departure,,KES,KEN,2025-08-23 17:00:00,CORE_HR
EVT00110858,2025-08-16,EMP01414,CC0001,EN,1,Hire,109139.6,CAD,CAN,2025-08-16 20:00:00,CORE_HR
EVT00110294,2025-08-08,EMP04715,CC0115,AS,4,Leave Start,,CAD,CAN,2025-08-09 05:00:00,CORE_HR
EVT00111307,2025-08-09,EMP00570,CC0104,FI,2,Hire,97916.89,CAD,CA,2025-08-10 13:00:00,PAYROLL
EVT00110011,2025-08-01,EMP03315,CC0073,EC,3,Step Increment,116927.86,CAD,CAN,2025-08-01 11:00:00,CORE_HR
EVT00110759,2025-08-14,EMP01022,CC0111,CR,1,Step Increment,30660.65,GBP,GB,2025-08-14 21:00:00,PAYROLL
EVT00110322,2025-08-03,EMP04127,CC0048,EX,1,Leave Start,,CAD,CA,2025-08-04 08:00:00,PAYROLL
EVT00110527,2025-08-18,EMP02177,CC0077,FI,3,Step Increment,106238.97,CAD,CAN,2025-08-21 04:00:00,CORE_HR
EVT00110161,2025-08-24,EMP00353,CC0092,EN,2,Lateral Deployment,,CAD,CA,2025-08-24 09:00:00,PAYROLL
EVT00110688,2025-08-26,EMP04432,CC0104,FI,2,Step Increment,97413.07,CAD,CAN,2025-08-27 07:00:00,CORE_HR
EVT00111268,2025-08-26,EMP04666,CC0107,PA,2,Step Increment,84695.35,CAD,CAN,2025-08-26 15:00:00,CORE_HR
EVT00111222,2025-08-14,EMP01354,CC0017,EN,1,Step Increment,98266.01,CAD,CAN,2025-08-15 09:00:00,CORE_HR
EVT00111353,2025-08-10,EMP00114,CC0037,IT,5,Step Increment,145282.25,CAD,CAN,2025-08-10 07:00:00,CORE_HR
EVT00110996,2025-08-06,EMP03724,CC0082,EN,1,Step Increment,86645.53,CAD,CAN,2025-08-07 09:00:00,CORE_HR
EVT00111019,2025-08-12,EMP04089,CC0062,CR,3,Leave Start,,CAD,CA,2025-08-14 03:00:00,PAYROLL
EVT00109944,2025-08-16,EMP00057,CC0022,EN,4,Step Increment,136518.1,CAD,CAN,2025-08-17 10:00:00,CORE_HR
EVT00110679,2025-08-22,EMP01451,CC0012,PA,1,Step Increment,66228.35,CAD,CAN,2025-08-22 09:00:00,CORE_HR
EVT00111273,2025-08-12,EMP03365,CC0104,EN,1,Leave Return,,CAD,CAN,2025-08-13 03:00:00,CORE_HR
EVT00109521,2025-08-16,EMP02683,CC0053,PA,5,Performance Pay,8443.53,CAD,CAN,2025-08-17 14:00:00,CORE_HR
EVT00111148,2025-08-17,EMP04577,CC0064,EC,2,Departure,,CAD,CAN,2025-08-17 09:00:00,CORE_HR
EVT00111248,2025-08-17,EMP01570,CC0070,EN,2,Step Increment,114758.4,CAD,CAN,2025-08-17 22:00:00,CORE_HR
EVT00109979,2025-08-07,EMP04325,CC0022,PA,4,Performance Pay,12145.01,CAD,CAN,2025-08-07 19:00:00,CORE_HR
EVT00110775,2025-08-22,EMP03958,CC0082,AS,1,Leave Return,,CAD,CA,2025-08-23 14:00:00,PAYROLL
EVT00111260,2025-08-05,EMP00926,CC0007,CR,1,Step Increment,3178326.72,INR,IND,2025-08-05 08:00:00,CORE_HR
EVT00109614,2025-08-22,EMP01064,CC0026,FI,1,Leave Return,,CAD,CAN,2025-08-23 06:00:00,CORE_HR
EVT00110246,2025-08-14,EMP03036,CC0114,PA,1,Leave Return,,CAD,CAN,2025-08-15 01:00:00,CORE_HR
EVT00110027,2025-08-21,EMP00262,CC0018,FI,5,Hire,127393.4,CAD,CA,2025-08-21 12:00:00,PAYROLL
EVT00109847,2025-08-05,EMP04329,CC0024,PA,1,Step Increment,73387.66,CAD,CAN,2025-08-06 09:00:00,CORE_HR
EVT00109644,2025-08-11,EMP03404,CC0016,EN,3,Performance Pay,9770.09,CAD,CA,2025-08-12 12:00:00,PAYROLL
EVT00110810,2025-08-15,EMP01653,CC0009,AS,1,Leave Return,,AED,ARE,2025-08-15 07:00:00,CORE_HR
EVT00109897,2025-08-08,EMP03736,CC0081,PA,4,Departure,,CAD,CAN,2025-08-08 18:00:00,CORE_HR
EVT00111007,2025-08-06,EMP01460,CC0080,FI,2,Leave Start,,MXN,MEX,2025-08-06 23:00:00,CORE_HR
EVT00111386,2025-08-17,EMP05026,CC0082,EX,2,Step Increment,206423.72,CAD,CAN,2025-08-18 12:00:00,CORE_HR
EVT00110604,2025-08-20,EMP01866,CC0092,IT,1,Lateral Deployment,,CAD,CA,2025-08-21 05:00:00,PAYROLL
EVT00109823,2025-08-18,EMP04363,CC0116,EN,2,Step Increment,104734.67,CAD,CAN,2025-08-19 12:00:00,CORE_HR
EVT00111019,2025-08-12,EMP04089,CC0062,CR,3,Leave Start,,CAD,CA,2025-08-12 18:00:00,PAYROLL
EVT00110222,2025-08-16,EMP05181,CC0102,EN,1,Lateral Deployment,,CAD,CAN,2025-08-16 07:00:00,CORE_HR
EVT00110243,2025-08-21,EMP00300,CC0058,PA,3,Step Increment,83576.13,CAD,CA,2025-08-22 00:00:00,PAYROLL
EVT00110380,2025-08-24,EMP01290,CC0080,AS,2,Leave Return,,EUR,FRA,2025-08-24 19:00:00,CORE_HR
EVT00110804,2025-08-22,EMP04597,CC0020,PA,4,Hire,98441.03,CAD,CAN,2025-08-22 15:00:00,CORE_HR
EVT00110493,2025-08-11,EMP03505,CC0072,AS,2,Leave Return,,CAD,CA,2025-08-11 22:00:00,PAYROLL
EVT00110886,2025-08-03,EMP04271,CC0032,IT,1,Step Increment,67531.43,CAD,CAN,2025-08-04 07:00:00,CORE_HR
EVT00110571,1900-01-01,EMP01391,CC0073,EC,2,Leave Start,,CAD,CAN,2025-08-07 12:00:00,CORE_HR
EVT00110458,2025-08-10,EMP01803,CC0100,PA,3,Step Increment,91326.89,CAD,CAN,2025-08-11 13:00:00,CORE_HR
EVT00110565,2025-08-14,EMP03377,CC0049,PA,4,Hire,68084.53,SGD,SGP,2025-08-15 12:00:00,CORE_HR
EVT00111252,2025-08-11,EMP01743,CC0032,IT,3,Performance Pay,8156.82,CAD,CA,2025-08-11 19:00:00,PAYROLL
EVT00110416,2025-08-03,EMP04112,CC0048,EN,1,Leave Return,,CAD,CA,2025-08-03 21:00:00,PAYROLL
EVT00111328,2025-08-18,EMP00743,CC0026,FI,4,Lateral Deployment,,CAD,CA,2025-08-18 12:00:00,PAYROLL
EVT00111484,2025-08-26,EMP01873,CC0012,IT,3,Leave Start,,CAD,CAN,2025-08-26 14:00:00,CORE_HR
EVT00109621,2025-08-18,EMP02989,CC0070,AS,5,Step Increment,94277.51,CAD,CA,2025-08-18 12:00:00,PAYROLL
EVT00111072,2025-08-02,EMP04430,CC0087,EN,4,Step Increment,134783.76,CAD,CAN,2025-08-02 16:00:00,CORE_HR
EVT00110916,2025-08-04,EMP00903,CC0093,IT,4,Lateral Deployment,,CAD,CAN,2025-08-04 12:00:00,CORE_HR
EVT00109544,2025-08-19,EMP01238,CC0120,FI,1,Step Increment,73590.32,CAD,CA,2025-08-20 06:00:00,PAYROLL
EVT00110790,2025-08-23,EMP04789,CC0023,EX,3,Hire,181857.33,CAD,CA,2025-08-23 23:00:00,PAYROLL
EVT00110605,2025-08-04,EMP02750,CC0053,CR,3,Leave Start,,CAD,CAN,2025-08-05 04:00:00,CORE_HR
EVT00110938,2025-08-19,EMP05059,CC0066,FI,1,Leave Start,,CAD,CAN,2025-08-20 02:00:00,CORE_HR
EVT00110863,2025-08-25,EMP02328,CC0005,EC,4,Leave Return,,CAD,CAN,2025-08-26 08:00:00,CORE_HR
EVT00111402,2025-08-10,EMP00671,CC0062,CR,2,Lateral Deployment,,CAD,CAN,2025-08-11 14:00:00,CORE_HR
EVT00110036,2025-08-21,EMP03913,CC0120,IT,3,Leave Start,,CAD,CAN,2025-08-22 00:00:00,CORE_HR
EVT00109584,2025-08-23,EMP01556,CC0049,EN,1,Leave Start,,JPY,JPN,2025-08-24 02:00:00,CORE_HR
EVT00109928,2025-08-07,EMP02921,CC0044,CR,4,Step Increment,80979.97,CAD,CAN,2025-08-07 23:00:00,CORE_HR
EVT00110462,2025-08-17,EMP03158,CC0019,PA,2,Hire,80366.13,CAD,CAN,2025-08-17 18:00:00,CORE_HR
EVT00111052,2025-08-11,EMP01296,CC0001,EN,3,Step Increment,129103.11,CAD,CA,2025-08-11 13:00:00,PAYROLL
EVT00110722,2025-08-13,EMP03330,CC0067,CR,1,Leave Start,,CAD,CAN,2025-08-13 13:00:00,CORE_HR
EVT00110186,2025-08-06,EMP00967,CC0040,EX,1,Step Increment,105805.74,CAD,CAN,2025-08-07 14:00:00,CORE_HR
EVT00110697,2025-08-13,EMP04550,CC0019,IT,5,Departure,,CAD,CAN,2025-08-16 07:00:00,CORE_HR
EVT00111064,2025-08-01,EMP00875,CC0008,CR,1,Performance Pay,3323.09,CAD,CA,2025-08-02 09:00:00,PAYROLL
EVT00109769,2025-08-12,EMP03801,CC0115,AS,3,Step Increment,83593.09,CAD,CAN,2025-08-13 00:00:00,CORE_HR
EVT00111385,2025-08-27,EMP05128,CC0086,AS,1,Leave Return,,EUR,DEU,2025-08-29 09:00:00,CORE_HR
EVT00110922,2025-08-22,EMP05009,CC0038,CR,1,Performance Pay,6266.02,CAD,CA,2025-08-23 07:00:00,PAYROLL
EVT00110419,2025-08-23,EMP03726,CC0026,CR,3,Leave Start,,CAD,CA,2025-08-24 10:00:00,PAYROLL
EVT00109970,2025-08-18,EMP01417,CC0051,CR,2,Leave Start,,CAD,CAN,2025-08-18 19:00:00,CORE_HR
EVT00109508,2025-08-04,EMP04906,CC0099,EN,4,Performance Pay,10540.07,CAD,CAN,2025-08-05 06:00:00,CORE_HR
EVT00110876,2025-08-21,EMP04226,CC0115,PA,1,Hire,68468.21,CAD,CAN,2025-08-21 13:00:00,CORE_HR
EVT00109682,2025-08-08,EMP03508,CC0020,AS,1,Step Increment,63794.62,CAD,CA,2025-08-08 21:00:00,PAYROLL
EVT00110038,2025-08-19,EMP04283,CC0118,EC,2,Step Increment,111861.85,CAD,CAN,2025-08-20 05:00:00,CORE_HR
EVT00110199,2025-08-11,EMP00686,CC0119,EN,2,Performance Pay,5605.89,CAD,CAN,2025-08-11 21:00:00,CORE_HR
EVT00109530,2025-08-22,EMP00796,CC0034,EC,3,Performance Pay,11638.43,CAD,CAN,2025-08-23 12:00:00,CORE_HR
EVT00110720,2025-08-08,EMP02422,CC0006,EX,1,Departure,,CAD,CAN,2025-08-09 14:00:00,CORE_HR
EVT00111526,2025-08-24,EMP01262,CC0090,CR,2,Performance Pay,7296.64,CAD,CA,2025-08-24 17:00:00,PAYROLL
EVT00110628,2025-08-03,EMP03415,CC0046,IT,1,Step Increment,1350459.69,MXN,MEX,2025-08-03 16:00:00,CORE_HR
EVT00109605,2025-08-09,EMP03433,CC0061,FI,5,Leave Start,,XXX,CAN,2025-08-09 15:00:00,CORE_HR
EVT00110801,2025-08-08,EMP01624,CC0110,FI,2,Step Increment,68148.89,CAD,CA,2025-08-09 09:00:00,PAYROLL
EVT00111434,2025-08-11,EMP01194,CC0084,IT,3,Lateral Deployment,,CAD,CA,2025-08-12 15:00:00,PAYROLL
EVT00109826,2025-08-03,EMP00218,CC0060,CR,1,Step Increment,56449.63,CAD,CA,2025-08-04 03:00:00,PAYROLL
EVT00109669,2025-08-05,EMP01359,CC0043,PA,1,Performance Pay,4464.61,CAD,CA,2025-08-05 22:00:00,PAYROLL
EVT00111119,2025-08-18,EMP04320,CC0110,EN,3,Step Increment,121183.17,CAD,CA,2025-08-19 13:00:00,PAYROLL
EVT00110843,2025-08-15,EMP00398,CC0076,PA,5,Performance Pay,12904.54,CAD,CA,2025-08-15 22:00:00,PAYROLL
EVT00110991,2025-08-08,EMP00080,CC0099,CR,3,Performance Pay,9537.07,CAD,CA,2025-08-08 11:00:00,PAYROLL
EVT00110823,2025-08-20,EMP00764,CC0026,PA,1,Step Increment,71295.87,CAD,CA,2025-08-20 16:00:00,PAYROLL
EVT00109622,2025-08-01,EMP01875,CC0030,IT,3,Leave Return,,MXN,MEX,2025-08-02 00:00:00,CORE_HR
EVT00110235,2025-08-11,EMP00501,CC0006,FI,1,Step Increment,84532.72,CAD,CAN,2025-08-11 11:00:00,CORE_HR
EVT00110641,2025-08-18,EMP01993,CC0111,FI,2,Lateral Deployment,,USD,US,2025-08-19 10:00:00,PAYROLL
EVT00111000,2025-08-11,EMP00317,CC0012,EX,2,Step Increment,140475.89,CAD,CAN,2025-08-11 13:00:00,CORE_HR
EVT00111258,2025-08-24,EMP02357,CC0028,AS,2,Step Increment,63247.51,CAD,CA,2025-08-25 12:00:00,PAYROLL
EVT00109842,2025-08-09,EMP01245,CC0081,EX,1,Promotion,113182.92,CAD,CA,2025-08-10 11:00:00,PAYROLL
EVT00110147,2025-08-10,EMP04616,CC0001,FI,4,Performance Pay,14600.65,CAD,CA,2025-08-11 04:00:00,PAYROLL
EVT00110845,2025-08-06,EMP00635,CC0079,EC,3,Lateral Deployment,,CAD,CAN,2025-08-07 06:00:00,CORE_HR
EVT00110445,2025-08-22,EMP04494,CC0005,CR,4,Departure,,CAD,CAN,2025-08-22 18:00:00,CORE_HR
EVT00109643,2025-08-09,EMP02471,CC0060,AS,2,Step Increment,51550.73,CAD,CA,2025-08-10 07:00:00,PAYROLL
EVT00110333,2025-08-26,EMP02317,CC0108,FI,4,Performance Pay,43314.54,AED,ARE,2025-08-26 20:00:00,CORE_HR
EVT00110353,2025-08-04,EMP02988,CC0038,AS,5,Leave Start,,CAD,CAN,2025-08-04 14:00:00,CORE_HR
EVT00110561,2025-08-22,EMP04061,CC0074,EC,1,Step Increment,116007.55,AUD,AUS,2025-08-23 02:00:00,CORE_HR
EVT00110085,2025-08-04,EMP02838,CC0047,FI,4,Step Increment,107328.58,CAD,CA,2025-08-05 01:00:00,PAYROLL
EVT00110201,2025-08-18,EMP04495,CC0014,FI,4,Promotion,113658.58,CAD,CA,2025-08-19 20:00:00,PAYROLL
EVT00110943,2025-08-02,EMP03883,CC0103,IT,2,Leave Start,,CAD,CAN,2025-08-03 08:00:00,CORE_HR
EVT00110404,2025-08-14,EMP00218,CC0060,CR,1,Step Increment,53657.22,CAD,CAN,2025-08-14 13:00:00,CORE_HR
EVT00109662,2025-08-07,EMP02299,CC0049,PA,3,Lateral Deployment,,BRL,BRA,2025-08-07 11:00:00,CORE_HR
EVT00110214,2025-08-02,EMP04652,CC0044,PA,1,Leave Start,,CAD,CAN,2025-08-02 23:00:00,CORE_HR
EVT00110110,2025-08-25,EMP03616,CC0004,EX,1,Step Increment,142634.06,CAD,CAN,2025-08-26 06:00:00,CORE_HR
EVT00111172,2025-08-04,EMP01261,CC0040,CR,4,Step Increment,77637.05,CAD,CAN,2025-08-05 07:00:00,CORE_HR
EVT00111346,2025-08-14,EMP01650,CC0104,IT,1,Lateral Deployment,,CAD,CAN,2025-08-14 21:00:00,CORE_HR
EVT00110474,2025-08-23,EMP03698,CC0072,FI,4,Hire,109805.13,CAD,CA,2025-08-23 18:00:00,PAYROLL
EVT00110117,2025-08-24,EMP00710,CC0071,AS,5,Promotion,84969.3,CAD,CAN,2025-08-24 11:00:00,CORE_HR
EVT00110422,2025-08-04,EMP04785,CC0118,AS,3,Step Increment,74443.99,CAD,CA,2025-08-05 05:00:00,PAYROLL
EVT00109639,2025-08-07,EMP04408,CC0048,PA,2,Step Increment,71469.67,CAD,CAN,2025-08-07 08:00:00,CORE_HR
EVT00109593,2025-08-06,EMP01392,CC0029,PA,2,Leave Return,,GBP,GBR,2025-08-06 09:00:00,CORE_HR
EVT00111073,2025-08-06,EMP00120,CC0117,EC,1,Leave Start,,CAD,CAN,2025-08-07 15:00:00,CORE_HR
EVT00110162,2025-08-12,EMP05071,CC0076,PA,1,Step Increment,58345.93,CAD,CAN,2025-08-13 14:00:00,CORE_HR
EVT00111342,2025-08-25,EMP02806,CC0080,EX,1,Leave Return,,GBP,GB,2025-08-25 23:00:00,PAYROLL
EVT00109532,2025-08-10,EMP00677,CC0083,EC,2,Hire,92134.19,CAD,CAN,2025-08-10 12:00:00,CORE_HR
EVT00110345,2025-08-04,EMP04504,CC0060,CR,1,Step Increment,56553.74,CAD,CAN,2025-08-05 10:00:00,CORE_HR
EVT00110323,2025-08-07,EMP01236,CC0119,FI,5,Promotion,134237.83,CAD,CA,2025-08-07 19:00:00,PAYROLL
EVT00110787,2025-08-24,EMP02755,CC0024,EN,5,Step Increment,153560.37,CAD,CAN,2025-08-24 23:00:00,CORE_HR
EVT00111357,2025-08-21,EMP01767,CC0024,AS,4,Hire,86386.47,CAD,CA,2025-08-22 13:00:00,PAYROLL
EVT00111092,2025-08-17,EMP00924,CC0031,EN,2,Leave Return,,MXN,MEX,2025-08-18 04:00:00,CORE_HR
EVT00109809,2025-08-27,EMP01879,CC0089,PA,3,Lateral Deployment,,CAD,CA,2025-08-28 06:00:00,PAYROLL
EVT00111108,2025-08-02,EMP04534,CC0087,PA,2,Promotion,81125.62,CAD,CAN,2025-08-03 01:00:00,CORE_HR
EVT00110934,2025-08-04,EMP00986,CC0090,EX,1,Step Increment,153330.76,CAD,CAN,2025-08-04 23:00:00,CORE_HR
EVT00110611,2025-08-22,EMP05092,CC0099,IT,1,Performance Pay,8389.1,CAD,CAN,2025-08-23 08:00:00,CORE_HR
EVT00109503,2025-08-07,EMP02940,CC0051,PA,3,Step Increment,93225.94,CAD,CAN,2025-08-08 09:00:00,CORE_HR
EVT00111212,2025-08-04,EMP04320,CC0110,EN,3,Step Increment,117319.36,CAD,CAN,2025-08-04 16:00:00,CORE_HR
EVT00110293,2025-08-22,EMP04627,CC0007,IT,3,Step Increment,1242294.71,MXN,MEX,2025-08-22 23:00:00,CORE_HR
EVT00110577,2025-08-04,EMP01502,CC0041,AS,3,Step Increment,73814.56,CAD,CA,2025-08-05 03:00:00,PAYROLL
EVT00111434,2025-08-11,EMP01194,CC0084,IT,3,Lateral Deployment,,CAD,CA,2025-08-14 03:00:00,PAYROLL
EVT00111040,2025-08-25,EMP03719,CC0028,EX,1,Departure,,CAD,CA,2025-08-26 12:00:00,PAYROLL
EVT00109953,2025-08-10,EMP00576,CC0047,IT,3,Lateral Deployment,,CAD,CAN,2025-08-11 14:00:00,CORE_HR
EVT00109569,2025-08-25,EMP01325,CC0092,IT,2,Leave Start,,CAD,CA,2025-08-25 12:00:00,PAYROLL
EVT00109567,2025-08-09,EMP00991,CC0017,EN,1,Step Increment,89841.13,CAD,CAN,2025-08-10 04:00:00,CORE_HR
EVT00110949,2025-08-16,EMP03031,CC0107,IT,3,Leave Return,,CAD,CAN,2025-08-19 19:00:00,CORE_HR
EVT00110450,2025-08-11,EMP02038,CC0001,FI,1,Performance Pay,9832.02,CAD,CAN,2025-08-12 08:00:00,CORE_HR
EVT00110551,2025-08-09,EMP01667,CC0025,IT,3,Step Increment,109714.32,CAD,CAN,2025-08-09 21:00:00,CORE_HR
EVT00111251,2025-08-24,EMP00535,CC0010,EN,2,Leave Return,,CAD,CAN,2025-08-24 11:00:00,CORE_HR
EVT00110066,2025-08-19,EMP02200,CC0029,EN,2,Performance Pay,6488.77,SGD,SG,2025-08-19 11:00:00,PAYROLL
EVT00109732,2025-08-08,EMP02763,CC0102,PA,4,Step Increment,95723.87,CAD,CAN,2025-08-09 13:00:00,CORE_HR
EVT00111174,2025-08-20,EMP01931,CC0069,EC,2,Leave Start,,CAD,CAN,2025-08-20 15:00:00,CORE_HR
EVT00109831,2025-08-09,EMP04985,CC0001,EN,3,Step Increment,124909.22,CAD,CAN,2025-08-09 09:00:00,CORE_HR
EVT00110136,2025-08-26,EMP00888,CC0113,PA,2,Promotion,72579.33,XXX,CA,2025-08-26 22:00:00,PAYROLL
EVT00110792,2025-08-04,EMP00131,CC0077,IT,1,Step Increment,102371.94,CAD,CAN,2025-08-04 12:00:00,CORE_HR
EVT00109517,2025-08-07,EMP01219,CC0003,CR,2,Step Increment,65611.57,CAD,CAN,2025-08-07 19:00:00,CORE_HR
EVT00110285,2025-08-17,EMP01410,CC0053,FI,4,Step Increment,109463.13,CAD,CAN,2025-08-17 13:00:00,CORE_HR
EVT00110060,2025-08-11,EMP01689,CC0062,PA,3,Step Increment,89978.46,CAD,CA,2025-08-12 15:00:00,PAYROLL
EVT00110289,2025-08-15,EMP00749,CC0073,PA,3,Performance Pay,9175.68,CAD,CAN,2025-08-15 22:00:00,CORE_HR
EVT00110205,2025-08-17,EMP03645,CC0054,FI,3,Hire,1343277.08,MXN,MX,2025-08-17 06:00:00,PAYROLL
EVT00111059,2025-08-03,EMP02673,CC0039,EN,2,Leave Start,,CAD,CAN,2025-08-04 11:00:00,CORE_HR
EVT00111161,2025-08-01,EMP01103,CC0101,EN,2,Hire,110591.48,CAD,CA,2025-08-01 09:00:00,PAYROLL
EVT00111246,2025-08-03,EMP02907,CC0045,EN,2,Lateral Deployment,,CAD,CAN,2025-08-03 13:00:00,CORE_HR
EVT00110008,2025-08-04,EMP03179,CC0049,AS,5,Step Increment,68111.69,EUR,FRA,2025-08-04 19:00:00,CORE_HR
EVT00110638,2025-08-20,EMP04927,CC0058,AS,4,Step Increment,78655.29,CAD,CAN,2025-08-21 12:00:00,CORE_HR
EVT00111430,2025-08-07,EMP04575,CC0050,IT,3,Leave Return,,CAD,CAN,2025-08-08 10:00:00,CORE_HR
EVT00110158,2025-08-05,EMP02598,CC0068,EC,2,Leave Start,,CAD,CAN,2025-08-05 12:00:00,CORE_HR
EVT00109791,2025-08-23,EMP03898,CC0064,IT,4,Step Increment,113165.32,CAD,CA,2025-08-24 03:00:00,PAYROLL
EVT00110456,2025-08-05,EMP04459,CC0108,EX,1,Lateral Deployment,,GBP,GBR,2025-08-06 07:00:00,CORE_HR
EVT00109719,2025-08-03,EMP03820,CC0115,PA,4,Step Increment,97486.74,CAD,CAN,2025-08-03 16:00:00,CORE_HR
EVT00109575,2025-08-01,EMP02283,CC0080,AS,1,Step Increment,3948335.95,INR,IN,2025-08-02 11:00:00,PAYROLL
EVT00109818,2025-08-13,EMP01722,CC0069,PA,1,Leave Start,,CAD,CAN,2025-08-13 21:00:00,CORE_HR
EVT00110572,2025-08-05,EMP03715,CC0023,PA,1,Promotion,64673.72,CAD,CAN,2025-08-06 12:00:00,CORE_HR
EVT00109878,2025-08-18,EMP05091,CC0063,AS,4,Leave Start,,CAD,CAN,2025-08-18 10:00:00,CORE_HR
EVT00109960,2025-08-14,EMP01233,CC0007,AS,1,Performance Pay,699054.92,KES,KEN,2025-08-15 08:00:00,CORE_HR
EVT00109786,2025-08-11,EMP01190,CC0109,EC,4,Step Increment,127628.56,CAD,CA,2025-08-11 22:00:00,PAYROLL
EVT00109688,2025-08-27,EMP03786,CC0006,FI,5,Leave Start,,CAD,CA,2025-08-27 13:00:00,PAYROLL
EVT00111401,2025-08-09,EMP02756,CC0057,EC,1,Step Increment,81043.08,CAD,CAN,2025-08-09 07:00:00,CORE_HR
EVT00111448,2025-08-04,EMP02693,CC0011,PA,3,Step Increment,83164.27,CAD,CAN,2025-08-04 11:00:00,CORE_HR
EVT00109788,2025-08-21,EMP03896,CC0012,PA,5,Step Increment,103113.53,CAD,CAN,2025-08-22 14:00:00,CORE_HR
EVT00110012,2025-08-09,EMP02869,CC0045,FI,5,Step Increment,137652.42,CAD,CAN,2025-08-12 21:00:00,CORE_HR
EVT00109749,2025-08-17,EMP00217,CC0087,IT,2,Step Increment,101470.27,CAD,CAN,2025-08-18 06:00:00,CORE_HR
EVT00109946,2025-08-18,EMP03711,CC0054,CR,1,Leave Start,,EUR,FRA,2025-08-19 08:00:00,CORE_HR
EVT00110324,2025-08-18,EMP01125,CC0030,IT,3,Leave Return,,MXN,MEX,2025-08-19 14:00:00,CORE_HR
EVT00110898,2025-08-08,EMP04533,CC0087,PA,4,Step Increment,95776.42,CAD,CA,2025-08-08 10:00:00,PAYROLL
EVT00111383,2025-08-22,EMP04705,CC0092,EN,3,Leave Start,,CAD,CA,2025-08-22 22:00:00,PAYROLL
EVT00109784,2025-08-20,EMP00034,CC0044,CR,1,Departure,,CAD,CAN,2025-08-21 01:00:00,CORE_HR
EVT00109996,2025-08-23,EMP04122,CC0039,FI,1,Step Increment,81776.4,CAD,CA,2025-08-24 14:00:00,PAYROLL
EVT00109718,2025-08-24,EMP02044,CC0014,EC,3,Lateral Deployment,,CAD,CAN,2025-08-25 12:00:00,CORE_HR
EVT00109921,2025-08-26,EMP02512,CC0049,EN,3,Leave Start,,KES,KEN,2025-08-26 20:00:00,CORE_HR
EVT00111102,2025-08-19,EMP02669,CC0047,EX,3,Step Increment,202202.66,CAD,CA,2025-08-20 05:00:00,PAYROLL
EVT00110411,2025-08-17,EMP04768,CC0063,FI,1,Departure,,CAD,CAN,2025-08-17 17:00:00,CORE_HR
EVT00110919,2025-08-02,EMP03264,CC0089,FI,1,Departure,,CAD,CA,2025-08-02 07:00:00,PAYROLL
EVT00111020,2025-08-20,EMP01716,CC0116,EN,3,Hire,111309.3,CAD,CA,2025-08-20 23:00:00,PAYROLL
EVT00109759,2025-08-14,EMP02784,CC0100,CR,5,Lateral Deployment,,CAD,CA,2025-08-14 23:00:00,PAYROLL
EVT00111375,2025-08-02,EMP01244,CC0023,PA,3,Promotion,94058.12,CAD,CAN,2025-08-02 09:00:00,CORE_HR
EVT00110097,2025-08-19,EMP02218,CC0111,PA,1,Hire,69203.23,AUD,AU,2025-08-19 20:00:00,PAYROLL
EVT00111120,2025-08-07,EMP00136,CC0001,IT,1,Step Increment,83290.31,CAD,CAN,2025-08-08 14:00:00,CORE_HR
EVT00109900,2025-08-09,EMP01036,CC0042,AS,3,Leave Start,,CAD,CAN,2025-08-10 03:00:00,CORE_HR
EVT00109778,2025-08-04,EMP00619,CC0113,IT,1,Step Increment,80762.6,CAD,CAN,2025-08-05 15:00:00,CORE_HR
EVT00109676,2025-08-05,EMP01139,CC0069,PA,1,Performance Pay,9015.44,CAD,CA,2025-08-06 05:00:00,PAYROLL
EVT00111124,2025-08-09,EMP00399,CC0008,PA,5,Lateral Deployment,,CAD,CAN,2025-08-09 10:00:00,CORE_HR
EVT00109628,2025-08-04,EMP03266,CC0069,EN,1,Step Increment,84251.92,CAD,CAN,2025-08-04 15:00:00,CORE_HR
EVT00110686,2025-08-15,EMP02915,CC0032,IT,2,Performance Pay,8800.73,CAD,CA,2025-08-15 15:00:00,PAYROLL
EVT00111181,2025-08-11,EMP01376,CC0068,CR,5,Step Increment,86241.66,CAD,CA,2025-08-11 16:00:00,PAYROLL
EVT00111152,2025-08-23,EMP03592,CC0101,AS,3,Step Increment,71086.97,CAD,CA,2025-08-24 09:00:00,PAYROLL
EVT00111250,2025-08-19,EMP01232,CC0068,PA,2,Step Increment,59044.19,CAD,CA,2025-08-19 09:00:00,PAYROLL
EVT00109604,2025-08-06,EMP02129,CC0090,EC,3,Step Increment,133977.82,CAD,CA,2025-08-06 09:00:00,PAYROLL
EVT00111140,2025-08-06,EMP01932,CC0116,IT,4,Leave Start,,CAD,CAN,2025-08-06 20:00:00,CORE_HR
EVT00110768,2025-08-06,EMP01950,CC0051,IT,1,Step Increment,88151.45,CAD,CAN,2025-08-06 10:00:00,CORE_HR
EVT00110773,2025-08-17,EMP03419,CC0103,PA,3,Hire,83410.09,CAD,CAN,2025-08-18 15:00:00,CORE_HR
EVT00110536,2025-08-27,EMP01417,CC0051,CR,2,Step Increment,64251.12,CAD,CAN,2025-08-27 17:00:00,CORE_HR
EVT00111128,2025-08-09,EMP02316,CC0114,IT,2,Step Increment,92922.69,CAD,CA,2025-08-10 05:00:00,PAYROLL
EVT00110514,2025-08-07,EMP04350,CC0019,EX,2,Step Increment,170289.22,CAD,CAN,2025-08-07 06:00:00,CORE_HR
EVT00110535,2025-08-08,EMP02625,CC0031,EC,5,Leave Return,,MXN,MEX,2025-08-08 11:00:00,CORE_HR
EVT00110540,2025-08-15,EMP05037,CC0025,PA,2,Hire,64804.63,CAD,CA,2025-08-16 08:00:00,PAYROLL
EVT00111398,2025-08-17,EMP01489,CC0035,PA,2,Lateral Deployment,,CAD,CAN,2025-08-18 12:00:00,CORE_HR
EVT00110494,2025-08-25,EMP03075,CC0086,PA,2,Step Increment,293537.88,BRL,BRA,2025-08-26 10:00:00,CORE_HR
EVT00110529,2025-08-22,EMP04639,CC0030,EX,2,Leave Start,,USD,USA,2025-08-23 03:00:00,CORE_HR
EVT00111134,2025-08-13,EMP00151,CC0001,EX,1,Performance Pay,13276.49,CAD,CAN,2025-08-13 15:00:00,CORE_HR
EVT00109750,2025-08-18,EMP00376,CC0001,EX,1,Promotion,142264.05,CAD,CA,2025-08-20 00:00:00,PAYROLL
EVT00110869,2025-08-03,EMP02454,CC0062,EN,1,Leave Return,,CAD,CAN,2025-08-03 22:00:00,CORE_HR
EVT00110622,2025-08-18,EMP04552,CC0026,EN,2,Step Increment,95651.5,CAD,CAN,2025-08-19 14:00:00,CORE_HR
EVT00109921,2025-08-26,EMP02512,CC0049,EN,3,Leave Start,,KES,KEN,2025-08-26 22:00:00,CORE_HR
EVT00110369,2025-08-20,EMP03960,CC0057,PA,5,Leave Return,,CAD,CA,2025-08-20 09:00:00,PAYROLL
EVT00110284,2025-08-20,EMP03314,CC0020,PA,3,Departure,,CAD,CAN,2025-08-21 08:00:00,CORE_HR
EVT00109813,2025-08-07,EMP01254,CC0051,IT,5,Performance Pay,15558.27,CAD,CA,2025-08-07 22:00:00,PAYROLL
EVT00109566,2025-08-22,EMP02509,CC0093,PA,1,Step Increment,68097.17,CAD,CAN,2025-08-22 09:00:00,CORE_HR
EVT00110187,2025-08-11,EMP02632,CC0070,IT,4,Performance Pay,10377.63,CAD,CA,2025-08-11 10:00:00,PAYROLL
EVT00110797,2025-08-19,EMP00938,CC0113,IT,4,Leave Start,,CAD,CAN,2025-08-20 02:00:00,CORE_HR
EVT00109713,2025-08-18,EMP01921,CC0009,IT,2,Lateral Deployment,,AED,ARE,2025-08-19 06:00:00,CORE_HR
EVT00110837,2025-08-23,EMP00410,CC0118,PA,3,Leave Return,,CAD,CAN,2025-08-24 09:00:00,CORE_HR
EVT00109782,2025-08-27,EMP01257,CC0041,AS,2,Leave Start,,CAD,CAN,2025-08-27 11:00:00,CORE_HR
EVT00110736,2025-08-17,EMP04772,CC0056,IT,3,Leave Return,,CAD,CA,2025-08-17 17:00:00,PAYROLL
EVT00110542,2025-08-06,EMP03370,CC0015,PA,1,Leave Start,,CAD,CA,2025-08-06 08:00:00,PAYROLL
EVT00110225,2025-08-01,EMP04986,CC0049,EN,1,Hire,1379549.54,MXN,MEX,2025-08-02 10:00:00,CORE_HR
EVT00110440,2025-08-16,EMP00703,CC0078,CR,1,Leave Return,,CAD,CAN,2025-08-16 20:00:00,CORE_HR
EVT00110330,2025-08-08,EMP02180,CC0073,PA,3,Step Increment,84900.55,CAD,CAN,2025-08-09 08:00:00,CORE_HR
EVT00110548,2025-08-05,EMP02400,CC0069,EX,1,Step Increment,133252.3,CAD,CA,2025-08-05 08:00:00,PAYROLL
EVT00110584,2025-08-15,EMP00812,CC0026,AS,3,Performance Pay,8919.83,CAD,CA,2025-08-15 14:00:00,PAYROLL
EVT00109993,2025-08-24,EMP04289,CC0026,AS,1,Leave Start,,CAD,CA,2025-08-24 20:00:00,PAYROLL
EVT00109599,2025-08-10,EMP01373,CC0030,EC,1,Leave Return,,MXN,MEX,2025-08-11 02:00:00,CORE_HR
EVT00110770,2025-08-05,EMP04628,CC0027,AS,2,Leave Start,,CAD,CAN,2025-08-05 13:00:00,CORE_HR
EVT00109586,2025-08-23,EMP02178,CC0056,PA,1,Leave Return,,CAD,CA,2025-08-24 08:00:00,PAYROLL
EVT00111179,2025-08-11,EMP05099,CC0110,PA,2,Leave Start,,CAD,CA,2025-08-12 06:00:00,PAYROLL
EVT00111196,2025-08-23,EMP03269,CC0101,IT,2,Step Increment,97650.62,CAD,CA,2025-08-23 22:00:00,PAYROLL
EVT00111406,2025-08-22,EMP04904,CC0107,EC,2,Step Increment,75178.07,CAD,CA,2025-08-23 11:00:00,PAYROLL
EVT00110096,2025-08-09,EMP02218,CC0111,PA,1,Step Increment,248100.11,BRL,BR,2025-08-09 06:00:00,PAYROLL
EVT00110101,2025-08-14,EMP00169,CC0016,PA,1,Step Increment,73156.12,CAD,CAN,2025-08-14 11:00:00,CORE_HR
EVT00109941,2025-08-04,EMP02983,CC0113,EX,2,Leave Return,,CAD,CAN,2025-08-04 08:00:00,CORE_HR
EVT00110403,2025-08-04,EMP03587,CC0069,FI,1,Leave Return,,CAD,CA,2025-08-04 20:00:00,PAYROLL
EVT00110183,2025-08-25,EMP03342,CC0027,PA,3,Step Increment,95859.31,CAD,CA,2025-08-26 09:00:00,PAYROLL
EVT00109640,2025-08-14,EMP03394,CC0071,EN,1,Performance Pay,5908.67,CAD,CA,2025-08-15 11:00:00,PAYROLL
EVT00110365,2025-08-13,EMP02641,CC0089,AS,1,Leave Return,,CAD,CAN,2025-08-14 08:00:00,CORE_HR
EVT00110444,2025-08-16,EMP01304,CC0074,FI,2,Departure,,EUR,FR,2025-08-16 22:00:00,PAYROLL
EVT00110383,2025-08-04,EMP01944,CC0066,CR,5,Leave Return,,CAD,CAN,2025-08-05 07:00:00,CORE_HR
EVT00109879,2025-08-13,EMP01014,CC0076,CR,4,Step Increment,66096.92,CAD,CA,2025-08-13 07:00:00,PAYROLL
EVT00111047,2025-08-23,EMP02358,CC0118,PA,2,Hire,83514.27,CAD,CA,2025-08-23 20:00:00,PAYROLL
EVT00110377,2025-08-01,EMP04510,CC0032,FI,1,Step Increment,75747.32,CAD,CA,2025-08-01 12:00:00,PAYROLL
EVT00110646,2025-08-12,EMP04819,CC0074,IT,2,Leave Start,,AUD,AUS,2025-08-12 13:00:00,CORE_HR
EVT00111503,2025-08-14,EMP03436,CC0062,PA,3,Leave Start,,CAD,CAN,2025-08-15 06:00:00,CORE_HR
EVT00111385,2025-08-27,EMP05128,CC0086,AS,1,Leave Return,,EUR,DEU,2025-08-27 07:00:00,CORE_HR
EVT00110354,2025-08-09,EMP04890,CC0003,PA,1,Leave Return,,CAD,CAN,2025-08-09 10:00:00,CORE_HR
EVT00110031,2025-08-25,EMP03117,CC0110,FI,1,Step Increment,72547.61,CAD,CA,2025-08-26 08:00:00,PAYROLL
EVT00110809,2025-08-10,EMP00456,CC0076,EX,2,Step Increment,128952.76,CAD,CAN,2025-08-11 08:00:00,CORE_HR
EVT00111005,2025-08-17,EMP00973,CC0022,FI,1,Step Increment,71746.78,CAD,CAN,2025-08-17 12:00:00,CORE_HR
EVT00111105,2025-08-10,EMP00756,CC0109,PA,1,Step Increment,72190.19,CAD,CA,2025-08-10 18:00:00,PAYROLL
EVT00110649,2025-08-18,EMP02295,CC0046,IT,1,Step Increment,50318.75,GBP,GBR,2025-08-19 05:00:00,CORE_HR
EVT00111083,2025-08-14,EMP01802,CC0004,CR,4,Leave Start,,CAD,CA,2025-08-15 04:00:00,PAYROLL
EVT00110846,2025-08-17,EMP03129,CC0071,AS,4,Performance Pay,5637.37,CAD,CAN,2025-08-17 08:00:00,CORE_HR
EVT00110750,2025-08-14,EMP01436,CC0019,EX,1,Performance Pay,16121.04,CAD,CAN,2025-08-14 13:00:00,CORE_HR
EVT00110997,2025-08-11,EMP04526,CC0096,PA,2,Leave Return,,CAD,CAN,2025-08-11 13:00:00,CORE_HR
EVT00110606,2025-08-19,EMP00972,CC0044,EN,1,Leave Return,,CAD,CA,2025-08-19 22:00:00,PAYROLL
EVT00110946,2025-08-03,EMP03235,CC0087,EC,3,Leave Start,,CAD,CA,2025-08-03 06:00:00,PAYROLL
EVT00111322,2025-08-19,EMP03061,CC0031,EC,2,Leave Return,,JPY,JPN,2025-08-20 12:00:00,CORE_HR
EVT00110313,2025-08-21,EMP00410,CC0118,PA,3,Lateral Deployment,,CAD,CA,2025-08-21 16:00:00,PAYROLL
EVT00110630,2025-08-11,EMP03595,CC0049,EN,1,Promotion,5393790.47,INR,IND,2025-08-11 13:00:00,CORE_HR
EVT00111100,2025-08-27,EMP03693,CC0048,FI,2,Performance Pay,12010.81,CAD,CAN,2025-08-28 04:00:00,CORE_HR
EVT00111333,2025-08-25,EMP02514,CC0015,PA,2,Departure,,CAD,CA,2025-08-25 18:00:00,PAYROLL
EVT00109929,2025-08-02,EMP01085,CC0035,FI,4,Lateral Deployment,,CAD,CA,2025-08-03 10:00:00,PAYROLL
EVT00111405,2025-08-27,EMP03001,CC0007,IT,1,Departure,,KES,KEN,2025-08-28 15:00:00,CORE_HR
EVT00109507,2025-08-27,EMP03805,CC0024,PA,1,Step Increment,69066.58,CAD,CAN,2025-08-27 12:00:00,CORE_HR
EVT00109669,2025-08-05,EMP01359,CC0043,PA,1,Performance Pay,4464.61,CAD,CA,2025-08-07 10:00:00,PAYROLL
EVT00110309,2025-08-27,EMP00751,CC0117,IT,5,Departure,,CAD,CAN,2025-08-27 09:00:00,CORE_HR
EVT00109689,2025-08-08,EMP03498,CC0052,AS,1,Leave Return,,CAD,CA,2025-08-09 00:00:00,PAYROLL
EVT00111150,2025-08-04,EMP00031,CC0023,PA,2,Leave Return,,CAD,CA,2025-08-04 06:00:00,PAYROLL
EVT00110017,2025-08-08,EMP04583,CC0074,FI,1,Step Increment,57864.6,EUR,FRA,2025-08-08 17:00:00,CORE_HR
EVT00109581,2025-08-02,EMP04584,CC0064,FI,2,Performance Pay,11231.5,CAD,CAN,2025-08-02 07:00:00,CORE_HR
EVT00110198,2025-08-21,EMP00124,CC0003,CR,4,Step Increment,83439.96,CAD,CAN,2025-08-22 14:00:00,CORE_HR
EVT00111459,2025-08-23,EMP01435,CC0008,EN,2,Leave Return,,CAD,CA,2025-08-23 19:00:00,PAYROLL
EVT00110058,2025-08-14,EMP01863,CC0021,EN,5,Hire,138949.73,CAD,CAN,2025-08-14 06:00:00,CORE_HR
EVT00110059,2025-08-06,EMP04431,CC0066,EX,1,Performance Pay,10557.62,CAD,CAN,2025-08-06 22:00:00,CORE_HR
EVT00110633,2025-08-18,EMP00036,CC0111,PA,3,Leave Start,,USD,USA,2025-08-18 10:00:00,CORE_HR
EVT00110317,2025-08-25,EMP01715,CC0033,FI,3,Leave Return,,CAD,CA,2025-08-27 12:00:00,PAYROLL
EVT00111303,2025-08-19,EMP03098,CC0015,IT,2,Step Increment,108907.98,CAD,CAN,2025-08-20 04:00:00,CORE_HR
EVT00111320,2025-08-20,EMP04523,CC0108,IT,1,Leave Start,,SGD,SGP,2025-08-20 06:00:00,CORE_HR
EVT00110887,2025-08-13,EMP04858,CC0093,EN,2,Step Increment,94119.56,CAD,CAN,2025-08-13 20:00:00,CORE_HR
EVT00110346,2025-08-11,EMP02738,CC0033,PA,4,Step Increment,100672.43,CAD,CA,2025-08-11 15:00:00,PAYROLL
EVT00110594,2025-08-25,EMP02573,CC0032,AS,3,Leave Return,,CAD,CAN,2025-08-26 03:00:00,CORE_HR
EVT00110977,2025-08-09,EMP02718,CC0073,EN,5,Step Increment,138053.98,CAD,CAN,2025-08-09 13:00:00,CORE_HR
EVT00110005,2025-08-25,EMP01209,CC0050,FI,3,Hire,131774.32,CAD,CAN,2025-08-25 08:00:00,CORE_HR
EVT00110364,2025-08-05,EMP03502,CC0014,PA,2,Leave Start,,CAD,CA,2025-08-06 15:00:00,PAYROLL
EVT00110167,2025-08-26,EMP04990,CC0022,PA,3,Hire,84996.71,CAD,CAN,2025-08-27 03:00:00,CORE_HR
EVT00110749,2025-08-17,EMP04378,CC0103,EX,1,Performance Pay,17928.94,CAD,CAN,2025-08-17 22:00:00,CORE_HR
EVT00110724,2025-08-07,EMP03507,CC0065,PA,4,Step Increment,80506.92,EUR,DE,2025-08-07 13:00:00,PAYROLL
EVT00110743,2025-08-03,EMP00739,CC0099,PA,3,Step Increment,110640.3,CAD,CAN,2025-08-03 19:00:00,CORE_HR
EVT00111090,2025-08-14,EMP02263,CC0023,CR,1,Performance Pay,3761.23,CAD,CAN,2025-08-15 04:00:00,CORE_HR
EVT00109698,2025-08-25,EMP00478,CC0032,EC,3,Step Increment,113665.93,CAD,CA,2025-08-26 12:00:00,PAYROLL
EVT00110169,2025-08-15,EMP03918,CC0094,EX,2,Promotion,162166.85,CAD,CAN,2025-08-15 20:00:00,CORE_HR
EVT00111492,2025-08-17,EMP00678,CC0094,AS,2,Step Increment,72114.44,CAD,CAN,2025-08-17 11:00:00,CORE_HR
EVT00110878,2025-08-25,EMP01676,CC0116,EX,1,Leave Return,,CAD,CA,2025-08-26 00:00:00,PAYROLL
EVT00110737,2025-08-04,EMP00549,CC0093,IT,3,Leave Return,,CAD,CAN,2025-08-04 10:00:00,CORE_HR
EVT00110079,2025-08-25,EMP00408,CC0025,PA,4,Leave Start,,CAD,CA,2025-08-25 09:00:00,PAYROLL
EVT00109710,2025-08-06,EMP04032,CC0011,FI,1,Leave Return,,CAD,CAN,2025-08-07 09:00:00,CORE_HR
EVT00110120,2025-08-10,EMP02139,CC0055,EN,4,Step Increment,143993.69,CAD,CAN,2025-08-11 00:00:00,CORE_HR
EVT00110892,2025-08-09,EMP00521,CC0116,EC,4,Performance Pay,9816.52,CAD,CAN,2025-08-09 10:00:00,CORE_HR
EVT00110114,2025-08-21,EMP04690,CC0086,EN,3,Hire,293024.98,AED,ARE,2025-08-21 09:00:00,CORE_HR
EVT00110972,2025-08-09,EMP04070,CC0049,PA,1,Leave Start,,BRL,BRA,2025-08-10 15:00:00,CORE_HR
EVT00111122,2025-08-03,EMP03160,CC0048,IT,1,Step Increment,91958.12,CAD,CA,2025-08-03 21:00:00,PAYROLL
EVT00111442,2025-08-16,EMP03620,CC0019,FI,1,Leave Return,,CAD,CAN,2025-08-16 14:00:00,CORE_HR
EVT00109974,2025-08-18,EMP02220,CC0061,PA,1,Step Increment,62412.03,CAD,CAN,2025-08-18 18:00:00,CORE_HR
EVT00111364,2025-08-13,EMP03226,CC0080,PA,2,Step Increment,155686.83,AED,AE,2025-08-13 10:00:00,PAYROLL
EVT00110292,2025-08-25,EMP01820,CC0086,EC,3,Step Increment,78909.35,SGD,SG,2025-08-25 21:00:00,PAYROLL
EVT00109795,2025-08-16,EMP00054,CC0022,PA,3,Lateral Deployment,,CAD,CAN,2025-08-16 18:00:00,CORE_HR
EVT00109980,2025-08-15,EMP02187,CC0038,IT,4,Lateral Deployment,,CAD,CA,2025-08-15 19:00:00,PAYROLL
EVT00110502,2025-08-13,EMP04854,CC0106,EC,5,Leave Start,,CAD,CAN,2025-08-14 06:00:00,CORE_HR
EVT00109655,2025-08-11,EMP00865,CC0055,EN,2,Step Increment,107974.09,CAD,CA,2025-08-11 10:00:00,PAYROLL
EVT00111070,2025-08-05,EMP03201,CC0113,CR,3,Step Increment,69548.26,CAD,CAN,2025-08-05 10:00:00,CORE_HR
EVT00110685,2025-08-09,EMP01451,CC0012,PA,1,Step Increment,66122.53,CAD,CAN,2025-08-09 15:00:00,CORE_HR
EVT00110271,2025-08-20,EMP01001,CC0081,IT,2,Leave Start,,CAD,CAN,2025-08-20 21:00:00,CORE_HR
EVT00110394,2025-08-19,EMP00856,CC0115,PA,1,Step Increment,67220.48,CAD,CAN,2025-08-19 10:00:00,CORE_HR
EVT00111301,2025-08-27,EMP01346,CC0093,IT,5,Step Increment,143783.45,CAD,CAN,2025-08-27 11:00:00,CORE_HR
EVT00111144,2025-08-24,EMP00927,CC0056,EN,1,Step Increment,96238.89,CAD,CAN,2025-08-25 00:00:00,CORE_HR
EVT00111467,2025-08-04,EMP03193,CC0108,FI,2,Promotion,137887.38,AUD,AUS,2025-08-04 23:00:00,CORE_HR
EVT00109704,2025-08-27,EMP03858,CC0088,CR,1,Step Increment,43113.24,USD,USA,2025-08-28 02:00:00,CORE_HR
EVT00110245,2025-08-18,EMP01565,CC0090,CR,3,Leave Return,,CAD,CA,2025-08-19 01:00:00,PAYROLL
EVT00111355,2025-08-22,EMP01470,CC0105,IT,1,Performance Pay,3274.82,USD,US,2025-08-23 00:00:00,PAYROLL
EVT00110815,2025-08-05,EMP00023,CC0075,FI,2,Performance Pay,7619.84,CAD,CAN,2025-08-05 11:00:00,CORE_HR
EVT00111235,2025-08-25,EMP04052,CC0025,IT,2,Leave Start,,CAD,CA,2025-08-26 15:00:00,PAYROLL
EVT00110989,2025-08-03,EMP02434,CC0066,IT,4,Step Increment,118680.36,CAD,CA,2025-08-03 15:00:00,PAYROLL
EVT00110399,2025-08-25,EMP04615,CC0114,AS,3,Performance Pay,9571.56,CAD,CA,2025-08-25 06:00:00,PAYROLL
EVT00110894,2025-08-09,EMP01658,CC0095,EC,1,Leave Start,,CAD,CA,2025-08-09 22:00:00,PAYROLL
EVT00109511,2025-08-07,EMP03508,CC0020,AS,1,Step Increment,57555.93,CAD,CA,2025-08-07 11:00:00,PAYROLL
EVT00110830,2025-08-14,EMP04450,CC0016,EC,4,Step Increment,123153.94,CAD,CAN,2025-08-15 03:00:00,CORE_HR
EVT00109555,2025-08-10,EMP04160,CC0089,IT,1,Step Increment,87300.6,CAD,CAN,2025-08-10 11:00:00,CORE_HR
EVT00111359,2025-08-24,EMP05117,CC0050,PA,2,Step Increment,81339.39,CAD,CAN,2025-08-25 03:00:00,CORE_HR
EVT00109890,2025-08-11,EMP03523,CC0014,AS,1,Lateral Deployment,,CAD,CA,2025-08-12 08:00:00,PAYROLL
EVT00109934,2025-08-15,EMP03442,CC0018,EN,1,Lateral Deployment,,CAD,CA,2025-08-16 03:00:00,PAYROLL
EVT00111519,2025-08-13,EMP02486,CC0040,IT,1,Departure,,CAD,CAN,2025-08-14 03:00:00,CORE_HR
EVT00110733,2025-08-01,EMP05043,CC0050,PA,1,Lateral Deployment,,CAD,CAN,2025-08-01 08:00:00,CORE_HR
EVT00110746,2025-08-07,EMP02412,CC0033,EN,4,Step Increment,141811.44,CAD,CAN,2025-08-07 20:00:00,CORE_HR
EVT00111494,2025-08-06,EMP01237,CC0103,EX,1,Departure,,CAD,CAN,2025-08-06 08:00:00,CORE_HR
EVT00109598,2025-08-15,EMP00844,CC0073,EN,3,Performance Pay,11355.98,CAD,CA,2025-08-16 04:00:00,PAYROLL
EVT00109535,2025-08-05,EMP04729,CC0086,EC,3,Leave Start,,EUR,DE,2025-08-05 21:00:00,PAYROLL
EVT00111117,2025-08-26,EMP03573,CC0029,IT,1,Step Increment,326749.1,BRL,BRA,2025-08-27 12:00:00,CORE_HR
EVT00111224,2025-08-04,EMP00848,CC0097,AS,2,Lateral Deployment,,CAD,CAN,2025-08-05 03:00:00,CORE_HR
EVT00110709,2025-08-05,EMP03876,CC0086,EX,2,Step Increment,102772.95,GBP,GB,2025-08-05 14:00:00,PAYROLL
EVT00109741,2025-08-08,EMP04554,CC0002,CR,4,Performance Pay,4778.21,CAD,CA,2025-08-08 23:00:00,PAYROLL
EVT00110046,2025-08-09,EMP02978,CC0025,FI,4,Step Increment,111060.13,CAD,CAN,2025-08-10 12:00:00,CORE_HR
EVT00111399,2025-08-20,EMP04833,CC0023,IT,3,Step Increment,135108.08,CAD,CAN,2025-08-20 19:00:00,CORE_HR
EVT00110054,2025-08-08,EMP01946,CC0080,PA,2,Performance Pay,6114.27,AUD,AUS,2025-08-11 11:00:00,CORE_HR
EVT00109908,2025-08-25,EMP02427,CC0061,EX,1,Step Increment,155806.92,CAD,CAN,2025-08-25 09:00:00,CORE_HR
EVT00109774,2025-08-14,EMP01873,CC0012,IT,3,Leave Start,,CAD,CA,2025-08-14 19:00:00,PAYROLL
EVT00110174,2025-08-20,EMP02742,CC0112,FI,2,Performance Pay,8548.91,CAD,CA,2025-08-21 00:00:00,PAYROLL
EVT00110625,2025-08-01,EMP02690,CC0027,AS,5,Lateral Deployment,,CAD,CA,2025-08-02 02:00:00,PAYROLL
EVT00110703,2025-08-26,EMP04567,CC0006,EX,1,Leave Start,,CAD,CAN,2025-08-26 17:00:00,CORE_HR
EVT00111203,2025-08-19,EMP04675,CC0077,IT,2,Step Increment,104108.49,CAD,CAN,2025-08-19 23:00:00,CORE_HR
EVT00109978,2025-08-04,EMP01499,CC0010,PA,2,Departure,,CAD,CAN,2025-08-04 18:00:00,CORE_HR
EVT00110816,2025-08-10,EMP04305,CC0096,AS,1,Step Increment,67935.57,CAD,CAN,2025-08-10 09:00:00,CORE_HR
EVT00109817,2025-08-27,EMP00233,CC0072,PA,2,Step Increment,81382.37,CAD,CAN,2025-08-29 00:00:00,CORE_HR
EVT00111135,2025-08-02,EMP99999,CC0096,PA,2,Step Increment,81582.5,CAD,CA,2025-08-03 09:00:00,PAYROLL
EVT00111017,2025-08-22,EMP03115,CC0064,CR,3,Hire,65340.75,CAD,CAN,2025-08-22 14:00:00,CORE_HR
EVT00110342,2025-08-21,EMP00087,CC0119,FI,4,Step Increment,110807.01,CAD,CA,2025-08-21 20:00:00,PAYROLL
EVT00109807,2025-08-19,EMP03778,CC0060,AS,1,Step Increment,62225.33,CAD,CAN,2025-08-20 03:00:00,CORE_HR
EVT00111367,2025-08-02,EMP00199,CC0030,EN,2,Promotion,59960.68,GBP,GB,2025-08-02 08:00:00,PAYROLL
EVT00109747,2025-08-17,EMP02404,CC0069,EX,3,Hire,177618.63,CAD,CAN,2025-08-17 16:00:00,CORE_HR
EVT00111133,2025-08-11,EMP02458,CC0034,IT,3,Performance Pay,11988.93,CAD,CAN,2025-08-12 13:00:00,CORE_HR
EVT00110191,2025-08-25,EMP02836,CC0047,EX,1,Leave Start,,CAD,CAN,2025-08-25 09:00:00,CORE_HR
EVT00110564,2025-08-20,EMP00120,CC0117,EC,1,Hire,64209.16,CAD,CA,2025-08-21 11:00:00,PAYROLL
EVT00111445,2025-08-03,EMP00120,CC0117,EC,1,Performance Pay,7454.95,CAD,CA,2025-08-03 10:00:00,PAYROLL
EVT00110747,2025-08-17,EMP04744,CC0068,CR,3,Step Increment,66121.92,CAD,CAN,2025-08-17 15:00:00,CORE_HR
EVT00110448,2025-08-10,EMP03338,CC0098,AS,4,Lateral Deployment,,CAD,CA,2025-08-10 08:00:00,PAYROLL
EVT00110908,2025-08-08,EMP01785,CC0046,IT,1,Step Increment,60371.1,SGD,SGP,2025-08-09 00:00:00,CORE_HR
