event_id,event_date,employee_id,cost_center_id,classification_group,classification_level,event_type,amount_local,local_currency,work_country_code,ingest_ts,source_system
EVT00068256,2023-11-25,EMP03312,CC0066,IT,1,Lateral Deployment,,CAD,CAN,2023-11-26 15:00:00,CORE_HR
EVT00068352,2023-11-15,EMP01305,CC0025,IT,4,Step Increment,121212.16,CAD,CAN,2023-11-15 21:00:00,CORE_HR
EVT00068313,2023-11-11,EMP03140,CC0068,IT,2,Leave Start,,CAD,CA,2023-11-11 15:00:00,PAYROLL
EVT00068698,2023-11-11,EMP02260,CC0092,IT,1,Performance Pay,7868.54,CAD,CAN,2023-11-11 08:00:00,CORE_HR
EVT00069245,2023-11-25,EMP03628,CC0027,EX,2,Step Increment,133779.71,CAD,CAN,2023-11-26 14:00:00,CORE_HR
EVT00068622,2023-11-14,EMP03318,CC0084,PA,3,Hire,76928.45,CAD,CAN,2023-11-14 22:00:00,CORE_HR
EVT00068867,2023-11-25,EMP02338,CC0011,PA,1,Hire,68342.66,CAD,CAN,2023-11-26 08:00:00,CORE_HR
EVT00067876,2023-11-02,EMP01769,CC0053,AS,2,Departure,,CAD,CAN,2023-11-02 21:00:00,CORE_HR
EVT00067976,2023-11-17,EMP05008,CC0065,PA,4,Departure,,EUR,FRA,2023-11-17 06:00:00,CORE_HR
EVT00067692,2023-11-03,EMP02009,CC0099,CR,3,Step Increment,61829.32,CAD,CA,2023-11-04 09:00:00,PAYROLL
EVT00069444,2023-11-05,EMP01521,CC0007,IT,1,Step Increment,7934325.99,KES,KEN,2023-11-05 13:00:00,CORE_HR
EVT00067926,2023-11-27,EMP05034,CC0078,AS,2,Leave Start,,CAD,CA,2023-11-28 00:00:00,PAYROLL
EVT00069157,2023-11-01,EMP01315,CC0107,IT,3,Step Increment,102991.71,CAD,CA,2023-11-02 13:00:00,PAYROLL
EVT00068445,2023-11-05,EMP02180,CC0073,PA,3,Leave Start,,CAD,CAN,2023-11-06 14:00:00,CORE_HR
EVT00068094,2023-11-12,EMP02755,CC0024,EN,5,Performance Pay,14403.97,CAD,CAN,2023-11-12 22:00:00,CORE_HR
EVT00068284,2023-11-01,EMP00848,CC0097,AS,2,Leave Return,,CAD,CAN,2023-11-01 23:00:00,CORE_HR
EVT00069369,2023-11-19,EMP05019,CC0065,PA,2,Lateral Deployment,,USD,USA,2023-11-19 20:00:00,CORE_HR
EVT00069211,2023-11-24,EMP00239,CC0097,PA,2,Step Increment,67141.86,CAD,CA,2023-11-24 16:00:00,PAYROLL
EVT00068100,2023-11-15,EMP04684,CC0109,IT,4,Leave Return,,CAD,CA,2023-11-15 12:00:00,PAYROLL
EVT00067814,2023-11-19,EMP03023,CC0052,IT,3,Departure,,CAD,CAN,2023-11-20 00:00:00,CORE_HR
EVT00069014,2023-11-20,EMP04493,CC0089,FI,1,Lateral Deployment,,CAD,CA,2023-11-20 15:00:00,PAYROLL
EVT00069198,2023-11-13,EMP04330,CC0110,FI,2,Hire,85983.0,CAD,CAN,2023-11-13 06:00:00,CORE_HR
EVT00068369,2023-11-20,EMP04103,CC0030,EX,3,Performance Pay,18749.51,EUR,DEU,2023-11-20 09:00:00,CORE_HR
EVT00068719,2023-11-23,EMP01843,CC0087,EN,1,Step Increment,86055.94,CAD,CA,2023-11-24 04:00:00,PAYROLL
EVT00068026,2023-11-20,EMP04902,CC0057,CR,5,Leave Start,,CAD,CA,2023-11-20 22:00:00,PAYROLL
EVT00067740,2023-11-02,EMP00260,CC0048,CR,5,Promotion,85006.68,CAD,CA,2023-11-02 20:00:00,PAYROLL
EVT00069317,2023-11-03,EMP02721,CC0085,FI,1,Leave Return,,CAD,CAN,2023-11-03 22:00:00,CORE_HR
EVT00069511,2023-11-16,EMP02638,CC0092,EC,2,Step Increment,98345.9,CAD,CA,2023-11-16 18:00:00,PAYROLL
EVT00069493,2023-11-27,EMP04361,CC0027,PA,1,Step Increment,58998.7,CAD,CAN,2023-11-27 06:00:00,CORE_HR
EVT00068853,2023-11-14,EMP02174,CC0117,EN,2,Performance Pay,6825.12,CAD,CA,2023-11-14 16:00:00,PAYROLL
EVT00069451,2023-11-08,EMP00440,CC0097,EX,2,Step Increment,159592.65,CAD,CAN,2023-11-08 07:00:00,CORE_HR
EVT00069116,2023-11-05,EMP04974,CC0073,EN,3,Leave Start,,CAD,CA,2023-11-06 13:00:00,PAYROLL
EVT00069552,2023-11-11,EMP02339,CC0001,IT,1,Hire,78999.75,CAD,CAN,2023-11-12 14:00:00,CORE_HR
EVT00068692,2023-11-14,EMP01973,CC0026,CR,2,Step Increment,62002.38,XXX,CAN,2023-11-14 15:00:00,CORE_HR
EVT00067719,2023-11-17,EMP04093,CC0015,EN,4,Step Increment,137233.09,CAD,CA,2023-11-18 14:00:00,PAYROLL
EVT00068721,2023-11-13,EMP00526,CC0108,IT,1,Step Increment,8519107.15,KES,KE,2023-11-13 17:00:00,PAYROLL
EVT00068037,2023-11-23,EMP00692,CC0024,EN,1,Leave Start,,CAD,CAN,2023-11-24 02:00:00,CORE_HR
EVT00069419,2023-11-03,EMP02413,CC0093,EX,1,Step Increment,149871.57,XXX,CA,2023-11-03 10:00:00,PAYROLL
EVT00068387,2023-11-13,EMP02223,CC0021,EX,2,Departure,,CAD,CAN,2023-11-13 16:00:00,CORE_HR
EVT00068458,2023-11-21,EMP01756,CC0041,EC,3,Step Increment,111269.21,CAD,CA,2023-11-22 08:00:00,PAYROLL
EVT00068232,2023-11-25,EMP00449,CC0040,EX,1,Performance Pay,5961.97,CAD,CAN,2023-11-25 18:00:00,CORE_HR
EVT00068051,2023-11-04,EMP04918,CC0092,CR,1,Leave Start,,CAD,CAN,2023-11-05 08:00:00,CORE_HR
EVT00067782,2023-11-06,EMP01333,CC0119,EC,4,Leave Start,,CAD,CAN,2023-11-07 03:00:00,CORE_HR
EVT00067904,2023-11-05,EMP02628,CC0091,EC,1,Performance Pay,6119.72,CAD,CAN,2023-11-06 00:00:00,CORE_HR
EVT00067977,2023-11-21,EMP00627,CC0014,CR,3,Leave Return,,CAD,CA,2023-11-22 01:00:00,PAYROLL
EVT00069261,2023-11-27,EMP02787,CC0055,PA,1,Lateral Deployment,,CAD,CAN,2023-11-28 09:00:00,CORE_HR
EVT00068254,2023-11-05,EMP04501,CC0118,AS,1,Step Increment,43042.56,CAD,CAN,2023-11-05 06:00:00,CORE_HR
EVT00068783,2023-11-19,EMP03856,CC0056,AS,5,Lateral Deployment,,CAD,CAN,2023-11-19 20:00:00,CORE_HR
EVT00069358,2023-11-12,EMP03803,CC0119,IT,3,Leave Start,,CAD,CAN,2023-11-12 20:00:00,CORE_HR
EVT00069277,2023-11-04,EMP00522,CC0037,IT,4,Performance Pay,8955.99,CAD,CAN,2023-11-04 07:00:00,CORE_HR
EVT00067849,2023-11-14,EMP01473,CC0020,IT,1,Step Increment,75577.1,CAD,CAN,2023-11-14 22:00:00,CORE_HR
EVT00069260,2023-11-27,EMP03925,CC0074,CR,3,Step Increment,51137.11,USD,USA,2023-11-28 12:00:00,CORE_HR
EVT00068298,2023-11-05,EMP02121,CC0055,FI,1,Performance Pay,4757.45,CAD,CA,2023-11-05 23:00:00,PAYROLL
EVT00069280,2023-11-05,EMP02146,CC0063,CR,2,Performance Pay,2942.41,CAD,CAN,2023-11-05 21:00:00,CORE_HR
EVT00067864,2023-11-17,EMP05130,CC0030,EC,2,Step Increment,133051.8,AUD,AUS,2023-11-19 20:00:00,CORE_HR
EVT00069224,2023-11-15,EMP02186,CC0044,EC,2,Step Increment,112934.31,CAD,CAN,2023-11-16 09:00:00,CORE_HR
EVT00067870,2023-11-05,EMP01946,CC0080,PA,2,Leave Start,,AUD,AUS,2023-11-05 23:00:00,CORE_HR
EVT00067822,2023-11-06,EMP03712,CC0071,CR,1,Promotion,53582.59,CAD,CA,2023-11-06 15:00:00,PAYROLL
EVT00068243,2023-11-24,EMP02172,CC0102,IT,1,Promotion,76031.59,CAD,CAN,2023-11-24 10:00:00,CORE_HR
EVT00068981,2023-11-25,EMP05100,CC0043,AS,3,Promotion,79027.55,CAD,CA,2023-11-25 13:00:00,PAYROLL
EVT00068924,2023-11-15,EMP01459,CC0051,PA,5,Step Increment,95727.32,CAD,CAN,2023-11-16 10:00:00,CORE_HR
EVT00068886,2023-11-08,EMP01665,CC0085,IT,4,Step Increment,127371.3,CAD,CAN,2023-11-08 16:00:00,CORE_HR
EVT00068275,2023-11-03,EMP05004,CC0113,PA,1,Performance Pay,6381.24,CAD,CA,2023-11-05 11:00:00,PAYROLL
EVT00068797,2023-11-21,EMP02511,CC0079,EN,2,Step Increment,76130.79,CAD,CA,2023-11-22 14:00:00,PAYROLL
EVT00067900,2023-11-26,EMP00285,CC0046,EN,3,Departure,,EUR,DEU,2023-11-26 22:00:00,CORE_HR
EVT00068696,2023-11-24,EMP03402,CC0113,EN,1,Leave Start,,CAD,CAN,2023-11-24 11:00:00,CORE_HR
EVT00068751,2023-11-07,EMP02580,CC0102,AS,1,Leave Start,,CAD,CAN,2023-11-08 10:00:00,CORE_HR
EVT00067784,2023-11-09,EMP01385,CC0011,FI,2,Step Increment,83523.63,CAD,CAN,2023-11-10 02:00:00,CORE_HR
EVT00068295,2023-11-10,EMP00914,CC0081,PA,3,Performance Pay,6185.6,CAD,CA,2023-11-10 19:00:00,PAYROLL
EVT00069290,2023-11-02,EMP04605,CC0028,IT,4,Step Increment,97551.08,CAD,CAN,2023-11-02 22:00:00,CORE_HR
EVT00069393,2023-11-14,EMP01695,CC0093,PA,1,Leave Start,,CAD,CA,2023-11-14 18:00:00,PAYROLL
EVT00068087,2023-11-11,EMP01047,CC0016,EC,5,Lateral Deployment,,CAD,CA,2023-11-11 15:00:00,PAYROLL
EVT00068503,2023-11-19,EMP02156,CC0043,AS,2,Leave Return,,CAD,CAN,2023-11-19 20:00:00,CORE_HR
EVT00069042,2023-11-02,EMP00963,CC0101,EC,2,Step Increment,95199.04,CAD,CAN,2023-11-03 12:00:00,CORE_HR
EVT00069384,2023-11-21,EMP04291,CC0034,FI,1,Step Increment,73026.42,CAD,CA,2023-11-21 21:00:00,PAYROLL
EVT00067970,2023-11-24,EMP00629,CC0054,PA,5,Step Increment,87635.3,USD,US,2023-11-25 05:00:00,PAYROLL
EVT00068050,2023-11-27,EMP02494,CC0059,PA,2,Step Increment,72822.77,CAD,CAN,2023-11-28 06:00:00,CORE_HR
EVT00069363,2023-11-14,EMP00582,CC0110,PA,1,Step Increment,58777.77,CAD,CA,2023-11-14 06:00:00,PAYROLL
EVT00069027,2023-11-22,EMP02822,CC0054,EX,2,Promotion,118477.66,USD,USA,2023-11-23 00:00:00,CORE_HR
EVT00068487,2023-11-11,EMP01161,CC0090,IT,4,Step Increment,143244.41,CAD,CA,2023-11-11 10:00:00,PAYROLL
EVT00068945,2023-11-14,EMP03676,CC0081,IT,2,Promotion,91269.07,CAD,CAN,2023-11-14 06:00:00,CORE_HR
EVT00069233,2023-11-04,EMP04642,CC0044,PA,1,Leave Start,,CAD,CA,2023-11-04 18:00:00,PAYROLL
EVT00068006,2023-11-21,EMP03296,CC0064,IT,3,Step Increment,109292.73,CAD,CA,2023-11-22 05:00:00,PAYROLL
EVT00069584,2023-11-11,EMP02276,CC0099,IT,2,Step Increment,78767.61,CAD,CA,2023-11-11 16:00:00,PAYROLL
EVT00069026,2023-11-07,EMP04770,CC0038,EC,3,Step Increment,94644.68,CAD,CAN,2023-11-08 00:00:00,CORE_HR
EVT00068404,2023-11-07,EMP01106,CC0003,IT,1,Leave Return,,CAD,CAN,2023-11-08 15:00:00,CORE_HR
EVT00068332,2023-11-15,EMP02417,CC0008,EN,2,Performance Pay,10093.74,CAD,CA,2023-11-15 23:00:00,PAYROLL
EVT00068839,2023-11-20,EMP00263,CC0014,EX,1,Lateral Deployment,,CAD,CA,2023-11-20 06:00:00,PAYROLL
EVT00068548,2023-11-06,EMP00164,CC0045,IT,4,Step Increment,126324.21,CAD,CAN,2023-11-07 14:00:00,CORE_HR
EVT00069029,2023-11-19,EMP02210,CC0043,EC,1,Lateral Deployment,,CAD,CA,2023-11-20 15:00:00,PAYROLL
EVT00069144,2023-11-24,EMP04890,CC0003,PA,1,Step Increment,70422.36,CAD,CA,2023-11-24 17:00:00,PAYROLL
EVT00068405,2023-11-25,EMP01909,CC0105,PA,4,Leave Return,,BRL,BR,2023-11-26 07:00:00,PAYROLL
EVT00068785,2023-11-13,EMP03882,CC0005,AS,3,Step Increment,76983.48,CAD,CA,2023-11-14 11:00:00,PAYROLL
EVT00068520,2023-11-08,EMP01262,CC0090,CR,2,Leave Return,,CAD,CAN,2023-11-08 06:00:00,CORE_HR
EVT00069164,2023-11-18,EMP04945,CC0102,IT,1,Step Increment,87948.94,CAD,CA,2023-11-19 07:00:00,PAYROLL
EVT00069417,2023-11-15,EMP04543,CC0118,CR,1,Lateral Deployment,,CAD,CA,2023-11-15 22:00:00,PAYROLL
EVT00069142,2023-11-06,EMP03065,CC0111,IT,2,Performance Pay,914763.74,JPY,JP,2023-11-06 18:00:00,PAYROLL
EVT00067927,2023-11-26,EMP00402,CC0114,IT,1,Step Increment,91366.62,CAD,CAN,2023-11-27 11:00:00,CORE_HR
EVT00068950,2023-11-07,EMP02581,CC0049,PA,1,Leave Return,,EUR,DEU,2023-11-08 08:00:00,CORE_HR
EVT00068710,2023-11-11,EMP00435,CC0001,EX,1,Performance Pay,13666.28,CAD,CAN,2023-11-12 15:00:00,CORE_HR
EVT00068228,2023-11-02,EMP03060,CC0014,PA,1,Departure,,CAD,CAN,2023-11-02 20:00:00,CORE_HR
EVT00068744,2023-11-25,EMP03082,CC0038,CR,1,Step Increment,55537.41,CAD,CAN,2023-11-27 13:00:00,CORE_HR
EVT00068959,2023-11-16,EMP04594,CC0113,PA,2,Leave Return,,CAD,CA,2023-11-16 07:00:00,PAYROLL
EVT00067702,2023-11-24,EMP03074,CC0075,PA,2,Step Increment,75892.88,CAD,CA,2023-11-25 12:00:00,PAYROLL
EVT00068443,2023-11-23,EMP02339,CC0001,IT,1,Leave Return,,CAD,CAN,2023-11-26 13:00:00,CORE_HR
EVT00068197,2023-11-13,EMP00271,CC0032,CR,3,Performance Pay,9040.68,CAD,CAN,2023-11-14 13:00:00,CORE_HR
EVT00067883,2023-11-26,EMP00293,CC0037,IT,2,Leave Start,,CAD,CAN,2023-11-26 16:00:00,CORE_HR
EVT00067828,2023-11-25,EMP01989,CC0021,IT,1,Performance Pay,10208.19,CAD,CA,2023-11-25 20:00:00,PAYROLL
EVT00069179,2023-11-26,EMP00867,CC0016,IT,3,Hire,105116.82,CAD,CAN,2023-11-29 19:00:00,CORE_HR
EVT00069250,2023-11-25,EMP00641,CC0103,FI,2,Step Increment,82627.14,CAD,CAN,2023-11-26 06:00:00,CORE_HR
EVT00068174,2023-11-27,EMP04099,CC0057,EN,1,Step Increment,77092.84,CAD,CAN,2023-11-27 11:00:00,CORE_HR
EVT00068378,2023-11-07,EMP05038,CC0030,CR,2,Lateral Deployment,,INR,IND,2023-11-08 12:00:00,CORE_HR
EVT00068588,2023-11-11,EMP02908,CC0118,IT,2,Step Increment,73600.18,CAD,CAN,2023-11-11 13:00:00,CORE_HR
EVT00068001,2023-11-14,EMP01343,CC0041,EC,2,Step Increment,97769.81,CAD,CAN,2023-11-15 11:00:00,CORE_HR
EVT00067695,2023-11-18,EMP04354,CC0097,EN,1,Step Increment,82907.98,CAD,CAN,2023-11-18 10:00:00,CORE_HR
EVT00068057,2023-11-08,EMP00703,CC0078,CR,1,Performance Pay,3907.37,CAD,CAN,2023-11-08 22:00:00,CORE_HR
EVT00069151,2023-11-11,EMP01265,CC0005,AS,3,Lateral Deployment,,CAD,CA,2023-11-11 11:00:00,PAYROLL
EVT00068331,2023-11-17,EMP02780,CC0034,PA,2,Step Increment,78648.66,CAD,CAN,2023-11-18 03:00:00,CORE_HR
EVT00067972,2023-11-16,EMP01611,CC0086,PA,2,Step Increment,8120084.17,KES,KEN,2023-11-16 11:00:00,CORE_HR
EVT00069558,2023-11-01,EMP01259,CC0112,IT,2,Leave Return,,CAD,CAN,2023-11-02 05:00:00,CORE_HR
EVT00068448,2023-11-09,EMP01092,CC0084,AS,4,Lateral Deployment,,CAD,CA,2023-11-09 17:00:00,PAYROLL
EVT00068335,2023-11-18,EMP05018,CC0028,PA,1,Leave Start,,CAD,CAN,2023-11-19 09:00:00,CORE_HR
EVT00069237,2023-11-05,EMP01939,CC0071,IT,2,Hire,106744.84,CAD,CAN,2023-11-05 08:00:00,CORE_HR
EVT00068113,2023-11-17,EMP01900,CC0110,AS,1,Performance Pay,7285.74,CAD,CAN,2023-11-18 04:00:00,CORE_HR
EVT00067857,2023-11-09,EMP02628,CC0091,EC,1,Step Increment,74954.41,CAD,CAN,2023-11-10 04:00:00,CORE_HR
EVT00068241,2023-11-17,EMP02892,CC0095,PA,5,Leave Return,,CAD,CA,2023-11-18 06:00:00,PAYROLL
EVT00068393,2023-11-13,EMP04204,CC0006,IT,3,Performance Pay,5602.69,CAD,CAN,2023-11-13 13:00:00,CORE_HR
EVT00068699,2023-11-12,EMP01895,CC0082,FI,2,Step Increment,88218.86,CAD,CAN,2023-11-13 10:00:00,CORE_HR
EVT00068952,2023-11-08,EMP01407,CC0012,PA,4,Step Increment,97066.28,CAD,CAN,2023-11-08 22:00:00,CORE_HR
EVT00068251,2023-11-21,EMP02927,CC0100,FI,2,Performance Pay,11232.46,CAD,CAN,2023-11-21 09:00:00,CORE_HR
EVT00068028,2023-11-09,EMP00310,CC0088,EN,1,Leave Start,,BRL,BR,2023-11-09 23:00:00,PAYROLL
EVT00068431,2023-11-07,EMP00445,CC0077,AS,1,Performance Pay,8137.49,CAD,CA,2023-11-07 07:00:00,PAYROLL
EVT00069438,2023-11-16,EMP01553,CC0047,PA,3,Departure,,CAD,CA,2023-11-17 00:00:00,PAYROLL
EVT00068573,2023-11-18,EMP03240,CC0055,PA,5,Step Increment,101309.77,CAD,CAN,2023-11-18 21:00:00,CORE_HR
EVT00069323,2023-11-15,EMP04259,CC0020,PA,3,Leave Return,,CAD,CA,2023-11-16 05:00:00,PAYROLL
EVT00068728,2023-11-18,EMP04267,CC0062,EN,1,Step Increment,88078.05,CAD,CAN,2023-11-19 07:00:00,CORE_HR
EVT00069553,2023-11-14,EMP01114,CC0005,IT,3,Lateral Deployment,,CAD,CA,2023-11-15 01:00:00,PAYROLL
EVT00068182,2023-11-19,EMP01099,CC0104,EC,3,Step Increment,100640.71,CAD,CAN,2023-11-19 14:00:00,CORE_HR
EVT00068025,2023-11-22,EMP04099,CC0057,EN,1,Leave Start,,CAD,CA,2023-11-22 21:00:00,PAYROLL
EVT00068987,2023-11-10,EMP03596,CC0073,EC,2,Step Increment,76350.84,CAD,CA,2023-11-10 11:00:00,PAYROLL
EVT00069550,2023-11-12,EMP03601,CC0026,CR,3,Performance Pay,3664.92,CAD,CAN,2023-11-12 21:00:00,CORE_HR
EVT00069002,2023-11-10,EMP01382,CC0054,EX,3,Performance Pay,19665.18,USD,USA,2023-11-11 10:00:00,CORE_HR
EVT00069011,2023-11-03,EMP04207,CC0070,PA,2,Step Increment,72098.77,CAD,CAN,2023-11-04 08:00:00,CORE_HR
EVT00069456,2023-11-17,EMP03815,CC0016,FI,5,Hire,121536.52,CAD,CAN,2023-11-18 09:00:00,CORE_HR
EVT00069007,2023-11-05,EMP00028,CC0067,EC,1,Step Increment,77691.95,CAD,CAN,2023-11-06 01:00:00,CORE_HR
EVT00068247,2023-11-15,EMP02214,CC0020,EN,3,Leave Return,,XXX,CAN,2023-11-16 00:00:00,CORE_HR
EVT00068784,2023-11-12,EMP00845,CC0052,PA,2,Lateral Deployment,,CAD,CA,2023-11-12 19:00:00,PAYROLL
EVT00068975,2023-11-21,EMP00945,CC0030,EN,3,Leave Start,,SGD,SGP,2023-11-21 09:00:00,CORE_HR
EVT00067821,2023-11-09,EMP00164,CC0045,IT,4,Leave Return,,CAD,CAN,2023-11-10 12:00:00,CORE_HR
EVT00067905,2023-11-02,EMP04609,CC0097,EC,3,Performance Pay,11568.07,CAD,CA,2023-11-02 13:00:00,PAYROLL
EVT00068956,2023-11-03,EMP02785,CC0082,PA,5,Lateral Deployment,,CAD,CA,2023-11-03 17:00:00,PAYROLL
EVT00068476,2023-11-04,EMP02985,CC0083,AS,1,Step Increment,60081.42,CAD,CA,2023-11-05 11:00:00,PAYROLL
EVT00068729,2023-11-10,EMP03941,CC0055,IT,3,Step Increment,118832.37,CAD,CAN,2023-11-11 11:00:00,CORE_HR
EVT00068681,2023-11-06,EMP00554,CC0021,CR,5,Step Increment,92503.84,CAD,CA,2023-11-07 07:00:00,PAYROLL
EVT00069306,2023-11-13,EMP01516,CC0024,EN,4,Performance Pay,14547.08,CAD,CAN,2023-11-13 17:00:00,CORE_HR
EVT00068186,2023-11-22,EMP04066,CC0054,AS,2,Step Increment,242484.02,BRL,BRA,2023-11-23 09:00:00,CORE_HR
EVT00067919,2023-11-12,EMP00769,CC0118,EN,1,Step Increment,81514.19,CAD,CA,2023-11-12 14:00:00,PAYROLL
EVT00068475,2023-11-05,EMP01981,CC0101,AS,3,Step Increment,56549.51,CAD,CA,2023-11-06 08:00:00,PAYROLL
EVT00067901,2023-11-19,EMP01329,CC0036,IT,2,Hire,78687.64,CAD,CA,2023-11-19 20:00:00,PAYROLL
EVT00068713,2023-11-13,EMP04508,CC0054,FI,1,Lateral Deployment,,INR,IND,2023-11-13 10:00:00,CORE_HR
EVT00068060,2023-11-06,EMP00666,CC0118,PA,3,Leave Return,,CAD,CAN,2023-11-06 19:00:00,CORE_HR
EVT00069102,2023-11-12,EMP00707,CC0020,EN,2,Leave Start,,CAD,CA,2023-11-12 21:00:00,PAYROLL
EVT00067729,2023-11-20,EMP04251,CC0064,IT,4,Step Increment,115631.41,CAD,CAN,2023-11-20 13:00:00,CORE_HR
EVT00068642,2023-11-08,EMP00470,CC0116,CR,1,Lateral Deployment,,CAD,CAN,2023-11-08 11:00:00,CORE_HR
EVT00069049,2023-11-13,EMP05153,CC0120,CR,2,Leave Start,,CAD,CAN,2023-11-13 19:00:00,CORE_HR
EVT00068140,2023-11-11,EMP01836,CC0011,EC,2,Leave Return,,CAD,CAN,2023-11-12 00:00:00,CORE_HR
EVT00068167,2023-11-15,EMP05000,CC0031,IT,5,Lateral Deployment,,GBP,GBR,2023-11-15 14:00:00,CORE_HR
EVT00069321,2023-11-01,EMP03282,CC0062,EX,3,Leave Start,,CAD,CA,2023-11-02 11:00:00,PAYROLL
EVT00067939,2023-11-05,EMP00464,CC0033,PA,2,Hire,73007.83,CAD,CA,2023-11-05 21:00:00,PAYROLL
EVT00069247,2023-11-04,EMP01323,CC0071,CR,5,Leave Start,,CAD,CAN,2023-11-04 22:00:00,CORE_HR
EVT00068880,2023-11-13,EMP00458,CC0115,EN,1,Lateral Deployment,,CAD,CAN,2023-11-14 09:00:00,CORE_HR
EVT00068219,2023-11-22,EMP03278,CC0059,IT,3,Performance Pay,13341.03,CAD,CAN,2023-11-23 15:00:00,CORE_HR
EVT00068364,2023-11-04,EMP03604,CC0062,PA,4,Step Increment,85059.79,CAD,CAN,2023-11-04 09:00:00,CORE_HR
EVT00068899,2023-11-21,EMP01806,CC0035,EX,1,Performance Pay,18547.65,CAD,CAN,2023-11-22 07:00:00,CORE_HR
EVT00068726,2023-11-14,EMP03834,CC0068,PA,5,Performance Pay,12637.52,CAD,CA,2023-11-14 09:00:00,PAYROLL
EVT00067888,2023-11-07,EMP00061,CC0068,PA,4,Hire,85814.35,CAD,CAN,2023-11-07 13:00:00,CORE_HR
EVT00069353,2023-11-26,EMP02416,CC0059,FI,3,Leave Return,,CAD,CAN,2023-11-27 15:00:00,CORE_HR
EVT00069591,2023-11-12,EMP04119,CC0068,PA,4,Step Increment,89088.77,CAD,CAN,2023-11-12 10:00:00,CORE_HR
EVT00068593,2023-11-08,EMP05070,CC0055,CR,4,Step Increment,66786.96,CAD,CA,2023-11-08 20:00:00,PAYROLL
EVT00068544,2023-11-20,EMP00242,CC0048,IT,1,Performance Pay,9155.29,CAD,CAN,2023-11-20 08:00:00,CORE_HR
EVT00068029,2023-11-03,EMP01580,CC0041,EC,1,Leave Start,,CAD,CAN,2023-11-03 15:00:00,CORE_HR
EVT00067966,2023-11-20,EMP02563,CC0020,EN,2,Performance Pay,12631.76,CAD,CAN,2023-11-20 21:00:00,CORE_HR
EVT00069594,2023-11-14,EMP00517,CC0064,IT,2,Lateral Deployment,,CAD,CAN,2023-11-14 17:00:00,CORE_HR
EVT00068336,2023-11-03,EMP01201,CC0053,PA,2,Leave Start,,CAD,CAN,2023-11-03 20:00:00,CORE_HR
EVT00067807,2023-11-15,EMP04812,CC0059,IT,4,Step Increment,132101.17,CAD,CA,2023-11-16 06:00:00,PAYROLL
EVT00067830,2023-11-15,EMP02737,CC0004,AS,2,Leave Start,,CAD,CAN,2023-11-15 07:00:00,CORE_HR
EVT00067988,2023-11-14,EMP04134,CC0008,EC,3,Lateral Deployment,,CAD,CAN,2023-11-14 15:00:00,CORE_HR
EVT00067946,2023-11-26,EMP00633,CC0073,IT,1,Step Increment,89347.89,CAD,CA,2023-11-27 02:00:00,PAYROLL
EVT00069580,2023-11-08,EMP02785,CC0082,PA,5,Leave Return,,CAD,CAN,2023-11-08 14:00:00,CORE_HR
EVT00068652,2023-11-02,EMP00697,CC0041,FI,4,Step Increment,107089.8,CAD,CA,2023-11-02 21:00:00,PAYROLL
EVT00068024,2023-11-18,EMP03865,CC0067,EC,2,Hire,91927.03,CAD,CA,2023-11-19 11:00:00,PAYROLL
EVT00067680,2023-11-06,EMP04789,CC0023,EX,3,Step Increment,177360.15,CAD,CA,2023-11-06 15:00:00,PAYROLL
EVT00069012,2023-11-27,EMP02691,CC0051,AS,2,Departure,,CAD,CAN,2023-11-28 11:00:00,CORE_HR
EVT00067878,2023-11-01,EMP01944,CC0066,CR,5,Lateral Deployment,,CAD,CA,2023-11-01 22:00:00,PAYROLL
EVT00068159,2023-11-16,EMP00059,CC0084,CR,3,Step Increment,70466.99,XXX,CAN,2023-11-16 15:00:00,CORE_HR
EVT00067763,2023-11-07,EMP01057,CC0013,IT,4,Step Increment,119885.65,CAD,CAN,2023-11-07 17:00:00,CORE_HR
EVT00068216,2023-11-03,EMP04491,CC0116,CR,2,Leave Return,,CAD,CAN,2023-11-04 13:00:00,CORE_HR
EVT00069393,2023-11-14,EMP01695,CC0093,PA,1,Leave Start,,CAD,CA,2023-11-14 21:00:00,PAYROLL
EVT00069097,2023-11-07,EMP02423,CC0032,EX,1,Promotion,105901.34,CAD,CAN,2023-11-07 23:00:00,CORE_HR
EVT00069156,2023-11-14,EMP00031,CC0023,PA,2,Step Increment,71668.74,CAD,CAN,2023-11-15 14:00:00,CORE_HR
EVT00067772,2023-11-13,EMP02956,CC0009,PA,4,Step Increment,124026.16,AUD,AUS,2023-11-13 14:00:00,CORE_HR
EVT00068683,2023-11-04,EMP01834,CC0054,PA,4,Step Increment,348863.66,BRL,BRA,2023-11-05 12:00:00,CORE_HR
EVT00069220,2023-11-20,EMP01919,CC0072,AS,5,Departure,,CAD,CA,2023-11-22 23:00:00,PAYROLL
EVT00068262,2023-11-13,EMP00371,CC0093,AS,5,Leave Return,,CAD,CAN,2023-11-13 19:00:00,CORE_HR
EVT00069056,2023-11-16,EMP03978,CC0084,EX,1,Step Increment,139083.78,CAD,CA,2023-11-17 08:00:00,PAYROLL
EVT00069044,2023-11-19,EMP00774,CC0012,CR,5,Step Increment,82902.89,CAD,CAN,2023-11-19 13:00:00,CORE_HR
EVT00068717,2023-11-23,EMP00702,CC0017,FI,1,Hire,73205.26,CAD,CA,2023-11-24 10:00:00,PAYROLL
EVT00068565,2023-11-05,EMP02648,CC0070,CR,4,Leave Return,,CAD,CAN,2023-11-06 09:00:00,CORE_HR
EVT00068997,2023-11-15,EMP04473,CC0107,EN,1,Step Increment,65702.4,CAD,CAN,2023-11-16 09:00:00,CORE_HR
EVT00068857,2023-11-08,EMP03180,CC0062,AS,2,Step Increment,66349.54,CAD,CAN,2023-11-08 22:00:00,CORE_HR
EVT00069127,2023-11-19,EMP03991,CC0035,PA,1,Step Increment,63239.52,CAD,CAN,2023-11-19 07:00:00,CORE_HR
EVT00068820,2023-11-23,EMP04539,CC0106,EC,2,Promotion,87300.18,CAD,CAN,2023-11-24 15:00:00,CORE_HR
EVT00067690,2023-11-04,EMP05033,CC0080,IT,1,Hire,60988.05,SGD,SGP,2023-11-04 21:00:00,CORE_HR
EVT00068772,2023-11-24,EMP04979,CC0048,IT,2,Departure,,CAD,CAN,2023-11-24 08:00:00,CORE_HR
EVT00068220,2023-11-23,EMP01781,CC0108,EX,2,Lateral Deployment,,JPY,JP,2023-11-23 09:00:00,PAYROLL
EVT00069461,2023-11-01,EMP03889,CC0066,PA,1,Departure,,CAD,CAN,2023-11-02 07:00:00,CORE_HR
EVT00068786,2023-11-05,EMP01168,CC0043,FI,2,Step Increment,94983.33,CAD,CA,2023-11-06 09:00:00,PAYROLL
EVT00068138,2023-11-08,EMP02379,CC0001,EX,2,Lateral Deployment,,CAD,CAN,2023-11-09 03:00:00,CORE_HR
EVT00068264,2023-11-27,EMP01951,CC0082,EN,2,Departure,,CAD,CA,2023-11-27 11:00:00,PAYROLL
EVT00068947,2023-11-02,EMP04183,CC0017,EN,3,Step Increment,120329.27,CAD,CA,2023-11-02 09:00:00,PAYROLL
EVT00068440,2023-11-17,EMP01793,CC0114,EN,1,Step Increment,83245.84,CAD,CAN,2023-11-18 15:00:00,CORE_HR
EVT00068538,2023-11-21,EMP02279,CC0093,EX,1,Step Increment,147352.19,CAD,CA,2023-11-21 17:00:00,PAYROLL
EVT00068948,2023-11-14,EMP01592,CC0051,PA,5,Step Increment,98524.23,CAD,CAN,2023-11-14 13:00:00,CORE_HR
EVT00068560,2023-11-24,EMP00818,CC0062,IT,4,Leave Start,,CAD,CAN,2023-11-25 08:00:00,CORE_HR
EVT00069130,2023-11-07,EMP00142,CC0078,FI,4,Performance Pay,5767.67,CAD,CAN,2023-11-07 09:00:00,CORE_HR
EVT00067783,2023-11-12,EMP02678,CC0025,CR,1,Step Increment,48682.72,CAD,CA,2023-11-13 03:00:00,PAYROLL
EVT00067826,2023-11-03,EMP01208,CC0032,AS,3,Step Increment,79670.17,CAD,CA,2023-11-03 09:00:00,PAYROLL
EVT00067825,2023-11-17,EMP01517,CC0052,FI,1,Departure,,CAD,CAN,2023-11-18 05:00:00,CORE_HR
EVT00068101,2023-11-19,EMP01402,CC0099,EN,3,Performance Pay,5396.26,CAD,CAN,2023-11-20 12:00:00,CORE_HR
EVT00068070,2023-11-10,EMP04403,CC0053,EC,1,Step Increment,72001.81,CAD,CA,2023-11-10 13:00:00,PAYROLL
EVT00068517,2023-11-09,EMP02766,CC0037,AS,4,Leave Return,,CAD,CAN,2023-11-10 08:00:00,CORE_HR
EVT00069549,2023-11-25,EMP02185,CC0093,AS,5,Lateral Deployment,,CAD,CA,2023-11-25 15:00:00,PAYROLL
EVT00068348,2023-11-10,EMP04229,CC0113,IT,5,Leave Start,,CAD,CA,2023-11-10 19:00:00,PAYROLL
EVT00069529,2023-11-11,EMP04248,CC0098,PA,4,Performance Pay,3793.42,CAD,CAN,2023-11-12 10:00:00,CORE_HR
EVT00067788,2023-11-20,EMP04865,CC0070,EC,2,Departure,,CAD,CA,2023-11-21 10:00:00,PAYROLL
EVT00069455,2023-11-16,EMP00425,CC0069,PA,1,Step Increment,70368.54,CAD,CAN,2023-11-17 11:00:00,CORE_HR
EVT00069075,2023-11-13,EMP00195,CC0055,IT,2,Departure,,CAD,CA,2023-11-13 19:00:00,PAYROLL
EVT00069113,2023-11-02,EMP00219,CC0096,PA,4,Leave Start,,CAD,CAN,2023-11-02 17:00:00,CORE_HR
EVT00068644,2023-11-16,EMP01430,CC0093,AS,2,Step Increment,54234.76,CAD,CAN,2023-11-17 15:00:00,CORE_HR
EVT00069010,2023-11-14,EMP01408,CC0108,FI,1,Performance Pay,79072.74,MXN,MX,2023-11-14 07:00:00,PAYROLL
EVT00068456,2023-11-17,EMP03635,CC0055,IT,2,Performance Pay,11267.7,CAD,CA,2023-11-18 01:00:00,PAYROLL
EVT00069573,2023-11-25,EMP04298,CC0083,IT,1,Leave Start,,CAD,CA,2023-11-25 08:00:00,PAYROLL
EVT00067787,2023-11-25,EMP00749,CC0073,PA,3,Hire,66837.2,CAD,CAN,2023-11-25 23:00:00,CORE_HR
EVT00068428,2023-11-25,EMP00599,CC0039,PA,4,Step Increment,84279.93,CAD,CAN,2023-11-25 15:00:00,CORE_HR
EVT00068640,2023-11-22,EMP04694,CC0064,CR,4,Step Increment,78434.42,CAD,CAN,2023-11-23 15:00:00,CORE_HR
EVT00068890,2023-11-09,EMP03640,CC0092,FI,3,Step Increment,94388.17,CAD,CAN,2023-11-09 10:00:00,CORE_HR
EVT00068564,2023-11-26,EMP02691,CC0051,AS,2,Leave Start,,CAD,CAN,2023-11-26 14:00:00,CORE_HR
EVT00068523,2023-11-14,EMP01026,CC0072,FI,1,Step Increment,59710.33,CAD,CAN,2023-11-15 08:00:00,CORE_HR
EVT00068039,2023-11-14,EMP02577,CC0014,PA,3,Departure,,CAD,CAN,2023-11-14 21:00:00,CORE_HR
EVT00068209,2023-11-13,EMP04548,CC0058,PA,1,Performance Pay,4269.11,CAD,CAN,2023-11-14 00:00:00,CORE_HR
EVT00068763,2023-11-17,EMP01270,CC0025,IT,1,Hire,64230.78,CAD,CAN,2023-11-17 17:00:00,CORE_HR
EVT00067847,2023-11-18,EMP04606,CC0107,EX,1,Leave Start,,CAD,CA,2023-11-19 01:00:00,PAYROLL
EVT00068315,2023-11-26,EMP04713,CC0008,PA,3,Step Increment,76791.79,CAD,CA,2023-11-27 03:00:00,PAYROLL
EVT00067674,2023-11-17,EMP04225,CC0077,CR,5,Step Increment,73398.11,CAD,CAN,2023-11-17 07:00:00,CORE_HR
EVT00068645,2023-11-21,EMP05052,CC0034,EC,1,Step Increment,74165.31,CAD,CAN,2023-11-21 06:00:00,CORE_HR
EVT00069389,2023-11-27,EMP00405,CC0033,PA,3,Promotion,91250.24,CAD,CAN,2023-11-28 04:00:00,CORE_HR
EVT00068551,2023-11-23,EMP01224,CC0023,AS,3,Departure,,CAD,CA,2023-11-23 20:00:00,PAYROLL
EVT00069487,2023-11-08,EMP01970,CC0003,AS,4,Leave Start,,CAD,CAN,2023-11-08 10:00:00,CORE_HR
EVT00067861,2023-11-08,EMP03473,CC0037,CR,3,Leave Return,,CAD,CA,2023-11-09 08:00:00,PAYROLL
EVT00068965,2023-11-25,EMP04407,CC0029,PA,2,Step Increment,52370.57,SGD,SGP,2023-11-25 15:00:00,CORE_HR
EVT00069385,2023-11-24,EMP00986,CC0090,EX,1,Performance Pay,11566.46,CAD,CA,2023-11-25 08:00:00,PAYROLL
EVT00068589,2023-11-19,EMP03843,CC0049,EX,1,Performance Pay,27610.64,BRL,BRA,2023-11-19 11:00:00,CORE_HR
EVT00069519,2023-11-26,EMP01374,CC0053,FI,5,Step Increment,123365.08,CAD,CAN,2023-11-26 15:00:00,CORE_HR
EVT00067799,2023-11-14,EMP00032,CC0119,EN,5,Step Increment,133462.12,CAD,CAN,2023-11-14 19:00:00,CORE_HR
EVT00067892,2023-11-26,EMP03096,CC0103,EN,1,Departure,,CAD,CA,2023-11-27 11:00:00,PAYROLL
EVT00069338,2023-11-23,EMP03267,CC0019,EN,1,Performance Pay,3957.0,CAD,CA,2023-11-24 03:00:00,PAYROLL
EVT00069388,2023-11-05,EMP03254,CC0046,EX,3,Step Increment,10262015.53,INR,IN,2023-11-05 16:00:00,PAYROLL
EVT00068910,2023-11-22,EMP04214,CC0099,PA,1,Step Increment,59653.65,CAD,CA,2023-11-23 07:00:00,PAYROLL
EVT00068687,2023-11-21,EMP03324,CC0016,FI,2,Departure,,CAD,CAN,2023-11-22 03:00:00,CORE_HR
EVT00068536,2023-11-02,EMP04017,CC0002,IT,2,Leave Start,,CAD,CAN,2023-11-03 15:00:00,CORE_HR
EVT00067891,2023-11-20,EMP03636,CC0076,IT,4,Performance Pay,7242.38,CAD,CAN,2023-11-21 03:00:00,CORE_HR
EVT00068826,2023-11-07,EMP02565,CC0097,PA,5,Leave Return,,CAD,CAN,2023-11-08 15:00:00,CORE_HR
EVT00068318,2023-11-10,EMP00751,CC0117,IT,5,Leave Return,,CAD,CA,2023-11-11 01:00:00,PAYROLL
EVT00069311,2023-11-25,EMP00417,CC0078,EX,1,Departure,,CAD,CAN,2023-11-25 16:00:00,CORE_HR
EVT00069418,2023-11-05,EMP01130,CC0108,EC,2,Step Increment,76456.84,EUR,DEU,2023-11-05 20:00:00,CORE_HR
EVT00069232,2023-11-05,EMP03384,CC0040,AS,2,Performance Pay,2905.14,CAD,CAN,2023-11-05 17:00:00,CORE_HR
EVT00068392,2023-11-20,EMP00689,CC0023,PA,2,Departure,,CAD,CAN,2023-11-21 01:00:00,CORE_HR
EVT00069565,2023-11-24,EMP01151,CC0107,EN,2,Step Increment,106834.36,CAD,CAN,2023-11-25 08:00:00,CORE_HR
EVT00068355,2023-11-25,EMP02632,CC0070,IT,4,Step Increment,123739.8,CAD,CAN,2023-11-26 03:00:00,CORE_HR
EVT00068735,2023-11-27,EMP01754,CC0007,EX,2,Leave Start,,AED,AE,2023-11-27 16:00:00,PAYROLL
EVT00069413,2023-11-23,EMP03211,CC0016,AS,1,Step Increment,61184.27,CAD,CA,2023-11-23 13:00:00,PAYROLL
EVT00069343,2023-11-06,EMP00573,CC0070,PA,4,Leave Start,,CAD,CAN,2023-11-07 14:00:00,CORE_HR
EVT00068738,2023-11-12,EMP03247,CC0088,IT,2,Step Increment,9594166.61,JPY,JP,2023-11-12 07:00:00,PAYROLL
EVT00068043,2023-11-09,EMP01304,CC0074,FI,2,Promotion,9031528.89,KES,KEN,2023-11-09 12:00:00,CORE_HR
EVT00068542,2023-11-14,EMP02655,CC0107,CR,3,Leave Return,,CAD,CAN,2023-11-15 05:00:00,CORE_HR
EVT00068143,2023-11-16,EMP03187,CC0080,AS,4,Leave Return,,BRL,BR,2023-11-17 13:00:00,PAYROLL
EVT00067689,2023-11-14,EMP04784,CC0036,FI,2,Step Increment,74273.45,CAD,CA,2023-11-14 13:00:00,PAYROLL
EVT00068116,2023-11-10,EMP02954,CC0094,AS,4,Lateral Deployment,,CAD,CA,2023-11-11 06:00:00,PAYROLL
EVT00067747,2023-11-13,EMP01736,CC0088,PA,1,Hire,203127.89,BRL,BR,2023-11-16 20:00:00,PAYROLL
EVT00069335,2023-11-17,EMP01886,CC0047,CR,1,Step Increment,56007.3,CAD,CA,2023-11-17 15:00:00,PAYROLL
EVT00067795,2023-11-01,EMP01408,CC0108,FI,1,Leave Return,,JPY,JPN,2023-11-02 07:00:00,CORE_HR
EVT00068844,2023-11-23,EMP04569,CC0006,CR,3,Performance Pay,8728.78,CAD,CA,2023-11-23 10:00:00,PAYROLL
EVT00069073,2023-11-15,EMP04986,CC0049,EN,1,Leave Return,,EUR,DEU,2023-11-15 13:00:00,CORE_HR
EVT00067996,2023-11-03,EMP03413,CC0033,EN,1,Hire,91911.32,CAD,CA,2023-11-04 07:00:00,PAYROLL
EVT00069476,2023-11-17,EMP01059,CC0108,PA,1,Step Increment,43769.22,GBP,GBR,2023-11-17 07:00:00,CORE_HR
EVT00069572,2023-11-26,EMP03971,CC0099,PA,2,Leave Start,,CAD,CAN,2023-11-27 12:00:00,CORE_HR
EVT00067808,2023-11-02,EMP04701,CC0055,CR,2,Performance Pay,7256.96,CAD,CAN,2023-11-03 14:00:00,CORE_HR
EVT00069076,2023-11-08,EMP04341,CC0078,EC,1,Leave Return,,CAD,CA,2023-11-09 13:00:00,PAYROLL
EVT00069470,2023-11-02,EMP00269,CC0081,PA,1,Promotion,69525.66,CAD,CA,2023-11-02 11:00:00,PAYROLL
EVT00068204,2023-11-10,EMP99999,CC0019,IT,1,Lateral Deployment,,CAD,CAN,2023-11-11 04:00:00,CORE_HR
EVT00069215,2023-11-18,EMP00454,CC0037,EN,2,Departure,,CAD,CA,2023-11-19 03:00:00,PAYROLL
EVT00068267,2023-11-06,EMP03822,CC0088,CR,5,Lateral Deployment,,MXN,MEX,2023-11-06 17:00:00,CORE_HR
EVT00067948,2023-11-21,EMP04666,CC0107,PA,2,Lateral Deployment,,CAD,CAN,2023-11-21 15:00:00,CORE_HR
EVT00068178,2023-11-24,EMP04822,CC0007,PA,2,Leave Start,,AUD,AU,2023-11-24 17:00:00,PAYROLL
EVT00068676,2023-11-23,EMP03875,CC0105,IT,4,Departure,,KES,KEN,2023-11-24 04:00:00,CORE_HR
EVT00067956,2023-11-16,EMP01092,CC0084,AS,4,Step Increment,84389.13,CAD,CA,2023-11-17 16:00:00,PAYROLL
EVT00069397,2023-11-23,EMP02524,CC0023,IT,1,Lateral Deployment,,CAD,CAN,2023-11-23 23:00:00,CORE_HR
EVT00067737,2023-11-12,EMP02585,CC0103,PA,4,Lateral Deployment,,CAD,CAN,2023-11-12 18:00:00,CORE_HR
EVT00068147,2023-11-22,EMP02292,CC0104,AS,2,Step Increment,60891.73,CAD,CAN,2023-11-22 22:00:00,CORE_HR
EVT00068555,2023-11-02,EMP02838,CC0047,FI,4,Step Increment,120910.15,CAD,CAN,2023-11-03 02:00:00,CORE_HR
EVT00068071,2023-11-03,EMP02239,CC0076,IT,2,Leave Return,,CAD,CA,2023-11-03 23:00:00,PAYROLL
EVT00069174,2023-11-05,EMP03257,CC0109,EC,1,Leave Start,,CAD,CAN,2023-11-05 09:00:00,CORE_HR
EVT00067987,2023-11-03,EMP04452,CC0035,CR,2,Leave Return,,CAD,CA,2023-11-04 14:00:00,PAYROLL
EVT00068288,2023-11-11,EMP01922,CC0101,IT,2,Leave Start,,CAD,CA,2023-11-12 05:00:00,PAYROLL
EVT00067725,2023-11-15,EMP01468,CC0102,EC,4,Lateral Deployment,,CAD,CA,2023-11-15 20:00:00,PAYROLL
EVT00068507,2023-11-13,EMP00377,CC0039,PA,5,Step Increment,108707.4,CAD,CAN,2023-11-13 08:00:00,CORE_HR
EVT00068818,2023-11-01,EMP04384,CC0120,PA,1,Departure,,CAD,CAN,2023-11-01 08:00:00,CORE_HR
EVT00068932,2023-11-06,EMP04521,CC0086,EX,2,Step Increment,459588.83,AED,ARE,2023-11-06 19:00:00,CORE_HR
EVT00069051,2023-11-13,EMP01111,CC0006,CR,2,Performance Pay,3827.79,CAD,CAN,2023-11-13 17:00:00,CORE_HR
EVT00068534,2023-11-21,EMP03250,CC0059,EC,4,Step Increment,125259.88,CAD,CA,2023-11-22 03:00:00,PAYROLL
EVT00069447,2023-11-06,EMP01255,CC0056,EX,1,Leave Start,,CAD,CAN,2023-11-06 09:00:00,CORE_HR
EVT00068356,2023-11-06,EMP02792,CC0032,AS,3,Lateral Deployment,,CAD,CAN,2023-11-06 13:00:00,CORE_HR
EVT00068552,2023-11-04,EMP01332,CC0072,EC,1,Leave Return,,CAD,CAN,2023-11-05 03:00:00,CORE_HR
EVT00068911,2023-11-21,EMP04206,CC0110,PA,3,Promotion,77409.67,CAD,CA,2023-11-21 06:00:00,PAYROLL
EVT00067952,2023-11-22,EMP03873,CC0015,EN,1,Lateral Deployment,,CAD,CAN,2023-11-23 01:00:00,CORE_HR
EVT00068889,2023-11-18,EMP01414,CC0001,EN,1,Step Increment,90239.78,CAD,CAN,2023-11-18 08:00:00,CORE_HR
EVT00068326,2023-11-05,EMP01027,CC0044,AS,4,Performance Pay,4461.4,CAD,CAN,2023-11-05 07:00:00,CORE_HR
EVT00069596,2023-11-20,EMP03059,CC0039,CR,2,Leave Start,,CAD,CAN,2023-11-21 12:00:00,CORE_HR
EVT00068459,2023-11-19,EMP01217,CC0005,IT,2,Step Increment,94026.58,CAD,CAN,2023-11-20 01:00:00,CORE_HR
EVT00068093,2023-11-24,EMP03768,CC0049,FI,3,Performance Pay,784278.25,INR,IND,2023-11-25 11:00:00,CORE_HR
EVT00068846,2023-11-24,EMP05128,CC0086,AS,1,Leave Start,,JPY,JPN,2023-11-25 06:00:00,CORE_HR
EVT00068330,2023-11-18,EMP04325,CC0022,PA,4,Step Increment,94798.77,CAD,CAN,2023-11-19 08:00:00,CORE_HR
EVT00069331,2023-11-17,EMP04013,CC0060,EX,2,Leave Start,,CAD,CA,2023-11-18 04:00:00,PAYROLL
EVT00068192,2023-11-01,EMP04970,CC0008,CR,2,Leave Return,,CAD,CAN,2023-11-01 11:00:00,CORE_HR
EVT00068259,2023-11-09,EMP04234,CC0029,FI,3,Step Increment,1159830.36,MXN,MEX,2023-11-10 02:00:00,CORE_HR
EVT00069534,2023-11-16,EMP02126,CC0054,IT,5,Step Increment,111530.35,EUR,DE,2023-11-17 13:00:00,PAYROLL
EVT00069218,2023-11-14,EMP02784,CC0100,CR,5,Step Increment,76835.98,CAD,CA,2023-11-14 21:00:00,PAYROLL
EVT00067667,2023-11-15,EMP03833,CC0119,FI,4,Lateral Deployment,,CAD,CAN,2023-11-15 22:00:00,CORE_HR
EVT00069517,2023-11-03,EMP01829,CC0117,PA,5,Lateral Deployment,,CAD,CAN,2023-11-03 12:00:00,CORE_HR
EVT00069047,2023-11-27,EMP03376,CC0074,IT,1,Step Increment,5112221.72,INR,IND,2023-11-28 09:00:00,CORE_HR
EVT00069432,2023-11-09,EMP00758,CC0103,IT,4,Lateral Deployment,,CAD,CAN,2023-11-09 17:00:00,CORE_HR
EVT00068382,2023-11-04,EMP00295,CC0039,IT,2,Performance Pay,13427.33,CAD,CA,2023-11-04 13:00:00,PAYROLL
EVT00068765,2023-11-18,EMP04109,CC0034,PA,1,Departure,,CAD,CAN,2023-11-18 08:00:00,CORE_HR
EVT00067836,2023-11-23,EMP03467,CC0025,EC,2,Performance Pay,10486.22,CAD,CAN,2023-11-23 11:00:00,CORE_HR
EVT00067806,2023-11-17,EMP01422,CC0099,IT,2,Performance Pay,10999.58,CAD,CA,2023-11-18 14:00:00,PAYROLL
EVT00068108,2023-11-25,EMP02662,CC0022,EC,1,Performance Pay,10315.5,CAD,CAN,2023-11-25 18:00:00,CORE_HR
EVT00069079,2023-11-07,EMP05178,CC0038,PA,2,Step Increment,72279.56,CAD,CA,2023-11-08 04:00:00,PAYROLL
EVT00067863,2023-11-03,EMP00704,CC0058,EN,2,Hire,83820.7,CAD,CA,2023-11-04 15:00:00,PAYROLL
EVT00068056,2023-11-26,EMP02456,CC0028,PA,4,Performance Pay,10335.76,CAD,CAN,2023-11-26 06:00:00,CORE_HR
EVT00068812,2023-11-18,EMP00570,CC0104,FI,2,Performance Pay,10919.74,CAD,CA,2023-11-18 10:00:00,PAYROLL
EVT00068042,2023-11-16,EMP01150,CC0086,AS,3,Lateral Deployment,,MXN,MEX,2023-11-16 07:00:00,CORE_HR
EVT00068703,2023-11-14,EMP03067,CC0031,EX,1,Promotion,99515.59,SGD,SGP,2023-11-17 20:00:00,CORE_HR
EVT00069286,2023-11-06,EMP04236,CC0080,IT,2,Step Increment,300391.87,AED,ARE,2023-11-06 14:00:00,CORE_HR
EVT00067841,2023-11-15,EMP03442,CC0018,EN,1,Performance Pay,7572.73,CAD,CAN,2023-11-16 02:00:00,CORE_HR
EVT00069430,2023-11-08,EMP00409,CC0081,IT,5,Step Increment,140263.32,CAD,CAN,2023-11-08 16:00:00,CORE_HR
EVT00069028,2023-11-07,EMP01979,CC0019,FI,2,Step Increment,82977.13,CAD,CA,2023-11-07 18:00:00,PAYROLL
EVT00068074,2023-11-04,EMP00413,CC0041,FI,2,Leave Return,,CAD,CA,2023-11-05 05:00:00,PAYROLL
EVT00067885,2023-11-04,EMP03007,CC0076,EC,4,Step Increment,110824.95,CAD,CA,2023-11-04 23:00:00,PAYROLL
EVT00069515,2023-11-03,EMP00320,CC0027,FI,3,Promotion,104195.45,CAD,CAN,2023-11-03 08:00:00,CORE_HR
EVT00069396,2023-11-13,EMP01399,CC0027,EN,2,Leave Start,,CAD,CA,2023-11-14 13:00:00,PAYROLL
EVT00068962,2023-11-11,EMP04323,CC0091,EN,5,Step Increment,121216.14,CAD,CAN,2023-11-11 06:00:00,CORE_HR
EVT00068123,2023-11-22,EMP00998,CC0039,IT,4,Step Increment,135650.34,CAD,CAN,2023-11-23 10:00:00,CORE_HR
EVT00069107,2023-11-10,EMP00675,CC0046,AS,1,Step Increment,3208275.97,INR,IND,2023-11-10 09:00:00,CORE_HR
EVT00067785,2023-11-19,EMP03304,CC0085,IT,2,Step Increment,87649.67,CAD,CAN,2023-11-19 23:00:00,CORE_HR
EVT00067766,2023-11-09,EMP00438,CC0108,EX,1,Step Increment,96272.2,SGD,SG,2023-11-10 00:00:00,PAYROLL
EVT00068752,2023-11-08,EMP01258,CC0049,PA,2,Lateral Deployment,,SGD,SGP,2023-11-08 16:00:00,CORE_HR
EVT00068571,2023-11-19,EMP02353,CC0050,CR,3,Step Increment,69493.45,CAD,CAN,2023-11-19 23:00:00,CORE_HR
EVT00069593,2023-11-25,EMP04934,CC0061,CR,5,Hire,85691.45,CAD,CA,2023-11-25 19:00:00,PAYROLL
EVT00068227,2023-11-13,EMP02674,CC0068,CR,3,Performance Pay,7765.33,CAD,CA,2023-11-13 11:00:00,PAYROLL
EVT00069345,2023-11-20,EMP02283,CC0080,AS,1,Hire,45209.8,EUR,FRA,2023-11-21 13:00:00,CORE_HR
EVT00067746,2023-11-01,EMP02706,CC0105,EC,2,Step Increment,5575295.63,INR,IN,2023-11-01 17:00:00,PAYROLL
EVT00068866,2023-11-11,EMP04574,CC0073,PA,1,Performance Pay,8809.88,CAD,CAN,2023-11-11 18:00:00,CORE_HR
EVT00069234,2023-11-14,EMP00948,CC0005,FI,5,Step Increment,131892.12,CAD,CA,2023-11-15 08:00:00,PAYROLL
EVT00069472,2023-11-16,EMP02969,CC0022,CR,1,Leave Start,,CAD,CAN,2023-11-17 02:00:00,CORE_HR
EVT00068712,2023-11-14,EMP01280,CC0072,EX,1,Promotion,139706.59,CAD,CAN,2023-11-14 15:00:00,CORE_HR
EVT00068376,2023-11-03,EMP04397,CC0002,IT,1,Departure,,CAD,CAN,2023-11-03 11:00:00,CORE_HR
EVT00068976,2023-11-15,EMP01339,CC0087,EC,4,Hire,104722.62,CAD,CA,2023-11-16 05:00:00,PAYROLL
EVT00067881,2023-11-23,EMP02966,CC0053,AS,1,Step Increment,59376.32,CAD,CA,2023-11-24 04:00:00,PAYROLL
EVT00068989,2023-11-10,EMP00574,CC0072,EC,2,Step Increment,111481.47,CAD,CAN,2023-11-11 05:00:00,CORE_HR
EVT00069367,2023-11-06,EMP04411,CC0112,EN,2,Leave Return,,CAD,CA,2023-11-06 12:00:00,PAYROLL
EVT00068052,2023-11-22,EMP05038,CC0030,CR,2,Step Increment,4101238.01,INR,IND,2023-11-23 05:00:00,CORE_HR
EVT00068847,2023-11-01,EMP03514,CC0092,AS,1,Promotion,59998.22,CAD,CA,2023-11-02 14:00:00,PAYROLL
EVT00068493,2023-11-03,EMP04491,CC0116,CR,2,Step Increment,56502.17,CAD,CA,2023-11-04 15:00:00,PAYROLL
EVT00068558,2023-11-13,EMP01287,CC0109,EC,2,Step Increment,91671.0,CAD,CAN,2023-11-13 13:00:00,CORE_HR
EVT00069272,2023-11-08,EMP02706,CC0105,EC,2,Step Increment,350537.65,BRL,BRA,2023-11-09 09:00:00,CORE_HR
EVT00069428,2023-11-02,EMP02291,CC0033,AS,2,Performance Pay,6328.57,CAD,CAN,2023-11-03 03:00:00,CORE_HR
EVT00069513,2023-11-07,EMP03304,CC0085,IT,2,Leave Return,,CAD,CAN,2023-11-08 08:00:00,CORE_HR
EVT00068341,2023-11-12,EMP02549,CC0093,IT,1,Hire,85393.87,CAD,CAN,2023-11-12 14:00:00,CORE_HR
EVT00068067,2023-11-19,EMP02084,CC0052,IT,3,Leave Start,,CAD,CAN,2023-11-19 23:00:00,CORE_HR
EVT00068749,2023-11-07,EMP02818,CC0052,AS,2,Leave Start,,CAD,CA,2023-11-07 10:00:00,PAYROLL
EVT00068085,2023-11-15,EMP00729,CC0105,PA,3,Leave Return,,EUR,DEU,2023-11-16 12:00:00,CORE_HR
EVT00068349,2023-11-03,EMP00015,CC0068,IT,4,Leave Start,,CAD,CAN,2023-11-03 22:00:00,CORE_HR
EVT00069427,2023-11-18,EMP02638,CC0092,EC,2,Lateral Deployment,,CAD,CA,2023-11-19 11:00:00,PAYROLL
EVT00069267,2023-11-03,EMP02659,CC0033,IT,2,Performance Pay,6400.73,CAD,CAN,2023-11-04 03:00:00,CORE_HR
EVT00069251,2023-11-26,EMP03725,CC0008,AS,5,Step Increment,83581.11,CAD,CAN,2023-11-27 09:00:00,CORE_HR
EVT00068012,2023-11-19,EMP04368,CC0046,FI,1,Leave Return,,USD,US,2023-11-20 08:00:00,PAYROLL
EVT00068851,2023-11-15,EMP02752,CC0036,PA,3,Lateral Deployment,,CAD,CAN,2023-11-16 12:00:00,CORE_HR
EVT00069090,2023-11-10,EMP04149,CC0102,PA,2,Step Increment,72194.68,CAD,CAN,2023-11-10 10:00:00,CORE_HR
EVT00067910,2023-11-17,EMP03652,CC0085,EN,2,Lateral Deployment,,CAD,CAN,2023-11-17 16:00:00,CORE_HR
EVT00069378,2023-11-09,EMP04685,CC0110,FI,4,Step Increment,109052.29,CAD,CAN,2023-11-09 20:00:00,CORE_HR
EVT00067704,2023-11-16,EMP00032,CC0119,EN,5,Leave Return,,CAD,CAN,2023-11-17 04:00:00,CORE_HR
EVT00069161,2023-11-10,EMP05114,CC0107,PA,2,Performance Pay,8851.87,CAD,CAN,2023-11-11 15:00:00,CORE_HR
EVT00069285,2023-11-01,EMP01687,CC0012,EX,1,Step Increment,145784.06,CAD,CAN,2023-11-02 11:00:00,CORE_HR
EVT00068189,2023-11-17,EMP00292,CC0009,EX,1,Leave Return,,USD,US,2023-11-17 18:00:00,PAYROLL
EVT00069071,2023-11-14,EMP02157,CC0036,EC,2,Performance Pay,7759.72,CAD,CA,2023-11-14 14:00:00,PAYROLL
EVT00068480,2023-11-09,EMP00057,CC0022,EN,4,Step Increment,137043.54,CAD,CAN,2023-11-10 03:00:00,CORE_HR
EVT00067991,2023-11-11,EMP02374,CC0043,IT,1,Hire,65630.93,CAD,CAN,2023-11-11 18:00:00,CORE_HR
EVT00068400,2023-11-16,EMP02827,CC0059,CR,4,Performance Pay,9760.23,CAD,CA,2023-11-17 04:00:00,PAYROLL
EVT00069229,2023-11-12,EMP01814,CC0119,EX,1,Step Increment,136695.43,CAD,CAN,2023-11-13 13:00:00,CORE_HR
EVT00067723,2023-11-05,EMP01656,CC0011,IT,1,Leave Start,,CAD,CA,2023-11-06 10:00:00,PAYROLL
EVT00067992,2023-11-24,EMP02460,CC0068,PA,3,Step Increment,83358.52,CAD,CAN,2023-11-25 00:00:00,CORE_HR
EVT00068671,2023-11-16,EMP00850,CC0051,CR,3,Leave Return,,CAD,CAN,2023-11-17 10:00:00,CORE_HR
EVT00069185,2023-11-19,EMP04884,CC0108,EN,3,Performance Pay,20908.82,AUD,AUS,2023-11-19 17:00:00,CORE_HR
EVT00069569,2023-11-12,EMP02593,CC0067,PA,2,Step Increment,58992.79,CAD,CAN,2023-11-13 08:00:00,CORE_HR
EVT00069094,2023-11-17,EMP02797,CC0014,AS,1,Step Increment,61599.13,CAD,CAN,2023-11-17 20:00:00,CORE_HR
EVT00068591,2023-11-12,EMP04502,CC0110,PA,2,Step Increment,75857.23,CAD,CAN,2023-11-12 12:00:00,CORE_HR
EVT00069460,2023-11-15,EMP04538,CC0038,PA,2,Leave Start,,CAD,CAN,2023-11-15 20:00:00,CORE_HR
EVT00068041,2023-11-16,EMP01813,CC0072,EC,3,Leave Return,,CAD,CAN,2023-11-17 03:00:00,CORE_HR
EVT00069429,2023-11-08,EMP00180,CC0047,PA,2,Leave Start,,CAD,CAN,2023-11-08 06:00:00,CORE_HR
EVT00068433,2023-11-04,EMP04345,CC0101,AS,1,Leave Return,,CAD,CAN,2023-11-06 21:00:00,CORE_HR
EVT00068385,2023-11-27,EMP04947,CC0011,IT,3,Performance Pay,4733.28,CAD,CA,2023-11-27 09:00:00,PAYROLL
EVT00068543,2023-11-07,EMP01674,CC0016,EN,1,Leave Return,,CAD,CA,2023-11-07 17:00:00,PAYROLL
EVT00069163,2023-11-14,EMP03720,CC0032,EN,4,Leave Return,,CAD,CAN,2023-11-14 17:00:00,CORE_HR
EVT00067829,2023-11-15,EMP04763,CC0072,IT,2,Leave Return,,CAD,CA,2023-11-15 06:00:00,PAYROLL
EVT00069325,2023-11-03,EMP04428,CC0009,FI,1,Step Increment,64377.36,EUR,FRA,2023-11-04 05:00:00,CORE_HR
EVT00069140,2023-11-09,EMP02658,CC0107,PA,1,Step Increment,64775.64,CAD,CAN,2023-11-10 06:00:00,CORE_HR
EVT00068490,2023-11-03,EMP04938,CC0046,EC,3,Performance Pay,7713.91,GBP,GBR,2023-11-04 06:00:00,CORE_HR
EVT00068316,2023-11-22,EMP02417,CC0008,EN,2,Lateral Deployment,,CAD,CAN,2023-11-23 15:00:00,CORE_HR
EVT00069125,2023-11-02,EMP01409,CC0114,EC,1,Step Increment,76333.38,CAD,CAN,2023-11-02 16:00:00,CORE_HR
EVT00068568,2023-11-18,EMP04121,CC0106,EC,4,Step Increment,115690.09,CAD,CAN,2023-11-18 06:00:00,CORE_HR
EVT00068274,2023-11-07,EMP04229,CC0113,IT,5,Hire,130568.7,CAD,CAN,2023-11-07 07:00:00,CORE_HR
EVT00068230,2023-11-11,EMP02930,CC0050,PA,4,Performance Pay,4923.66,CAD,CAN,2023-11-11 11:00:00,CORE_HR
EVT00068849,2023-11-21,EMP00963,CC0101,EC,2,Step Increment,89427.32,CAD,CA,2023-11-22 11:00:00,PAYROLL
EVT00069405,2023-11-03,EMP01837,CC0108,PA,1,Step Increment,50282.63,USD,US,2023-11-03 12:00:00,PAYROLL
EVT00067882,2023-11-11,EMP00894,CC0058,EN,1,Leave Return,,CAD,CAN,2023-11-12 13:00:00,CORE_HR
EVT00067682,2023-11-20,EMP01650,CC0104,IT,1,Step Increment,78421.02,CAD,CAN,2023-11-21 02:00:00,CORE_HR
EVT00068010,2023-11-26,EMP01984,CC0093,CR,3,Leave Start,,CAD,CAN,2023-11-26 14:00:00,CORE_HR
EVT00068464,2023-11-27,EMP03063,CC0065,PA,2,Lateral Deployment,,XXX,FR,2023-11-27 09:00:00,PAYROLL
EVT00068700,2023-11-14,EMP02911,CC0027,PA,4,Step Increment,80582.56,CAD,CAN,2023-11-15 14:00:00,CORE_HR
EVT00068081,2023-11-15,EMP00593,CC0075,FI,3,Step Increment,103056.73,CAD,CAN,2023-11-16 10:00:00,CORE_HR
EVT00068761,2023-11-27,EMP00633,CC0073,IT,1,Step Increment,76421.75,CAD,CA,2023-11-28 14:00:00,PAYROLL
EVT00067765,2023-11-08,EMP03851,CC0045,IT,2,Performance Pay,5431.45,CAD,CA,2023-11-09 03:00:00,PAYROLL
EVT00068261,2023-11-08,EMP03410,CC0056,EN,2,Lateral Deployment,,CAD,CAN,2023-11-10 15:00:00,CORE_HR
EVT00068914,2023-11-07,EMP04152,CC0004,FI,4,Step Increment,100268.37,CAD,CAN,2023-11-07 08:00:00,CORE_HR
EVT00067897,2023-11-11,EMP04345,CC0101,AS,1,Leave Start,,CAD,CAN,2023-11-12 14:00:00,CORE_HR
EVT00067747,2023-11-13,EMP01736,CC0088,PA,1,Hire,203127.89,BRL,BR,2023-11-14 12:00:00,PAYROLL
EVT00069227,2023-11-10,EMP03807,CC0031,AS,2,Hire,795618.14,MXN,MEX,2023-11-12 22:00:00,CORE_HR
EVT00068777,2023-11-12,EMP01177,CC0087,PA,4,Step Increment,88425.75,CAD,CA,2023-11-13 04:00:00,PAYROLL
EVT00068417,2023-11-18,EMP04455,CC0001,IT,3,Leave Start,,CAD,CAN,2023-11-18 22:00:00,CORE_HR
EVT00068994,2023-11-01,EMP00133,CC0028,FI,1,Leave Return,,CAD,CAN,2023-11-02 07:00:00,CORE_HR
EVT00067764,2023-11-01,EMP00196,CC0060,IT,5,Lateral Deployment,,CAD,CA,2023-11-01 16:00:00,PAYROLL
EVT00068685,2023-11-16,EMP03768,CC0049,FI,3,Step Increment,82760.31,EUR,DEU,2023-11-16 14:00:00,CORE_HR
EVT00067812,2023-11-02,EMP01491,CC0069,IT,2,Step Increment,94455.29,CAD,CAN,2023-11-03 15:00:00,CORE_HR
EVT00069362,2023-11-15,EMP04768,CC0063,FI,1,Performance Pay,6831.06,CAD,CAN,2023-11-16 02:00:00,CORE_HR
EVT00068502,2023-11-13,EMP04828,CC0097,IT,1,Hire,88781.44,CAD,CAN,2023-11-14 14:00:00,CORE_HR
EVT00068665,2023-11-14,EMP00649,CC0075,PA,1,Performance Pay,8408.11,CAD,CAN,2023-11-15 04:00:00,CORE_HR
EVT00069503,2023-11-14,EMP00326,CC0017,IT,3,Step Increment,116886.4,CAD,CA,2023-11-14 10:00:00,PAYROLL
EVT00068807,2023-11-25,EMP05073,CC0003,AS,5,Step Increment,93849.27,CAD,CAN,2023-11-25 22:00:00,CORE_HR
EVT00067943,2023-11-15,EMP02402,CC0109,CR,5,Step Increment,86112.07,CAD,CA,2023-11-15 16:00:00,PAYROLL
EVT00068773,2023-11-03,EMP03923,CC0118,PA,4,Step Increment,86755.14,CAD,CAN,2023-11-03 23:00:00,CORE_HR
EVT00069579,2023-11-08,EMP02360,CC0025,EN,2,Leave Return,,CAD,CAN,2023-11-08 07:00:00,CORE_HR
EVT00069342,2023-11-16,EMP02421,CC0089,CR,2,Lateral Deployment,,CAD,CA,2023-11-17 03:00:00,PAYROLL
EVT00069129,2023-11-19,EMP01514,CC0012,IT,5,Leave Start,,CAD,CA,2023-11-19 11:00:00,PAYROLL
EVT00067813,2023-11-24,EMP04910,CC0105,IT,1,Step Increment,5054567.24,INR,IND,2023-11-24 17:00:00,CORE_HR
EVT00067749,2023-11-25,EMP00800,CC0093,PA,4,Leave Start,,CAD,CA,2023-11-26 13:00:00,PAYROLL
EVT00069504,2023-11-03,EMP03291,CC0004,CR,3,Step Increment,82140.92,CAD,CA,2023-11-03 20:00:00,PAYROLL
EVT00069327,2023-11-20,EMP00192,CC0010,EN,1,Leave Start,,CAD,CA,2023-11-21 09:00:00,PAYROLL
EVT00067843,2023-11-20,EMP03262,CC0104,IT,2,Leave Return,,CAD,CA,2023-11-20 12:00:00,PAYROLL
EVT00068808,2023-11-02,EMP05190,CC0049,CR,1,Leave Return,,EUR,DEU,2023-11-02 06:00:00,CORE_HR
EVT00068569,2023-11-22,EMP01321,CC0056,AS,2,Lateral Deployment,,CAD,CAN,2023-11-23 06:00:00,CORE_HR
EVT00069072,2023-11-18,EMP00216,CC0041,CR,1,Leave Start,,CAD,CAN,2023-11-19 13:00:00,CORE_HR
EVT00069485,2023-11-25,EMP04715,CC0115,AS,4,Hire,87456.88,CAD,CA,2023-11-26 05:00:00,PAYROLL
EVT00068904,2023-11-15,EMP04803,CC0060,PA,1,Step Increment,60152.47,CAD,CAN,2023-11-16 07:00:00,CORE_HR
EVT00067853,2023-11-05,EMP02271,CC0030,PA,2,Leave Return,,MXN,MX,2023-11-05 21:00:00,PAYROLL
EVT00068325,2023-11-19,EMP02554,CC0028,PA,4,Performance Pay,12627.52,CAD,CAN,2023-11-19 15:00:00,CORE_HR
EVT00068837,2023-11-20,EMP01343,CC0041,EC,2,Step Increment,83343.62,CAD,CAN,2023-11-21 11:00:00,CORE_HR
EVT00068061,2023-11-27,EMP04110,CC0076,PA,4,Performance Pay,7725.37,CAD,CAN,2023-11-27 21:00:00,CORE_HR
EVT00068454,2023-11-09,EMP02570,CC0101,PA,4,Lateral Deployment,,CAD,CA,2023-11-09 21:00:00,PAYROLL
EVT00068360,2023-11-25,EMP05050,CC0016,IT,2,Performance Pay,13172.23,CAD,CA,2023-11-26 11:00:00,PAYROLL
EVT00069204,2023-11-22,EMP02080,CC0113,EX,1,Performance Pay,18896.38,CAD,CA,2023-11-22 15:00:00,PAYROLL
EVT00068111,2023-11-05,EMP02086,CC0058,PA,1,Step Increment,62570.31,CAD,CA,2023-11-05 06:00:00,PAYROLL
EVT00068000,2023-11-14,EMP00673,CC0104,FI,5,Hire,110083.88,CAD,CA,2023-11-14 15:00:00,PAYROLL
EVT00069601,2023-11-06,EMP01457,CC0096,EC,1,Promotion,72825.88,CAD,CAN,2023-11-06 20:00:00,CORE_HR
EVT00068969,2023-11-18,EMP00902,CC0020,CR,5,Step Increment,71822.15,CAD,CAN,2023-11-19 04:00:00,CORE_HR
EVT00069391,2023-11-03,EMP02014,CC0107,EC,3,Leave Start,,CAD,CA,2023-11-03 06:00:00,PAYROLL
EVT00067710,2023-11-07,EMP01153,CC0031,AS,3,Step Increment,296735.52,BRL,BR,2023-11-08 08:00:00,PAYROLL
EVT00068921,2023-11-11,EMP04992,CC0089,EC,1,Step Increment,82718.09,CAD,CAN,2023-11-12 10:00:00,CORE_HR
EVT00067823,2023-11-04,EMP04651,CC0103,CR,3,Leave Start,,CAD,CAN,2023-11-04 07:00:00,CORE_HR
EVT00069332,2023-11-07,EMP00044,CC0011,CR,3,Performance Pay,4380.31,CAD,CA,2023-11-07 16:00:00,PAYROLL
EVT00067978,2023-11-09,EMP02812,CC0094,PA,2,Step Increment,73695.25,CAD,CAN,2023-11-09 07:00:00,CORE_HR
EVT00067705,2023-11-14,EMP02839,CC0071,EX,2,Performance Pay,6936.08,CAD,CA,2023-11-14 09:00:00,PAYROLL
EVT00068107,2023-11-15,EMP02562,CC0097,IT,3,Hire,94030.61,CAD,CAN,2023-11-15 20:00:00,CORE_HR
EVT00068868,2023-11-14,EMP02390,CC0108,CR,2,Performance Pay,5811.84,USD,US,2023-11-15 04:00:00,PAYROLL
EVT00068788,2023-11-08,EMP00755,CC0039,IT,2,Leave Return,,CAD,CAN,2023-11-09 00:00:00,CORE_HR
EVT00068998,2023-11-25,EMP01737,CC0051,EN,3,Leave Start,,CAD,CAN,2023-11-25 12:00:00,CORE_HR
EVT00068082,2023-11-15,EMP00820,CC0069,PA,3,Lateral Deployment,,CAD,CA,2023-11-16 06:00:00,PAYROLL
EVT00069121,2023-11-07,EMP00033,CC0037,EC,2,Leave Start,,CAD,CAN,2023-11-07 18:00:00,CORE_HR
EVT00069016,2023-11-12,EMP04826,CC0074,CR,3,Leave Return,,SGD,SG,2023-11-12 19:00:00,PAYROLL
EVT00068662,2023-11-17,EMP01425,CC0100,CR,4,Step Increment,68273.32,CAD,CAN,2023-11-18 14:00:00,CORE_HR
EVT00067934,2023-11-01,EMP00442,CC0083,IT,3,Step Increment,106724.05,CAD,CAN,2023-11-02 02:00:00,CORE_HR
EVT00067771,2023-11-16,EMP02733,CC0051,EX,1,Lateral Deployment,,CAD,CA,2023-11-16 07:00:00,PAYROLL
EVT00068386,2023-11-02,EMP03887,CC0062,AS,3,Step Increment,75257.66,CAD,CA,2023-11-03 06:00:00,PAYROLL
EVT00067722,2023-11-03,EMP02618,CC0037,EN,4,Leave Start,,CAD,CAN,2023-11-04 11:00:00,CORE_HR
EVT00068079,2023-11-06,EMP02945,CC0027,IT,1,Leave Start,,CAD,CAN,2023-11-07 13:00:00,CORE_HR
EVT00068974,2023-11-27,EMP03576,CC0043,CR,4,Step Increment,66919.2,CAD,CA,2023-11-27 19:00:00,PAYROLL
EVT00069128,2023-11-08,EMP03079,CC0099,FI,4,Performance Pay,7143.89,CAD,CAN,2023-11-09 07:00:00,CORE_HR
EVT00069416,2023-11-24,EMP02351,CC0109,EX,1,Leave Return,,CAD,CAN,2023-11-25 05:00:00,CORE_HR
EVT00067824,2023-11-03,EMP02798,CC0006,PA,2,Leave Return,,CAD,CAN,2023-11-04 00:00:00,CORE_HR
EVT00068114,2023-11-10,EMP00770,CC0055,IT,1,Leave Return,,CAD,CAN,2023-11-10 09:00:00,CORE_HR
EVT00069359,2023-11-26,EMP03815,CC0016,FI,5,Leave Return,,CAD,CA,2023-11-26 06:00:00,PAYROLL
EVT00068596,2023-11-15,EMP02835,CC0087,EC,2,Step Increment,94535.24,CAD,CAN,2023-11-15 06:00:00,CORE_HR
EVT00067809,2023-11-25,EMP02192,CC0044,EX,1,Performance Pay,12542.38,CAD,CAN,2023-11-25 20:00:00,CORE_HR
EVT00069318,2023-11-18,EMP05068,CC0065,IT,1,Leave Return,,AED,ARE,2023-11-18 08:00:00,CORE_HR
EVT00069089,2023-11-10,EMP00824,CC0001,IT,4,Leave Start,,CAD,CA,2023-11-10 12:00:00,PAYROLL
EVT00067896,2023-11-20,EMP01317,CC0079,PA,5,Leave Start,,CAD,CAN,2023-11-20 10:00:00,CORE_HR
EVT00068201,2023-11-10,EMP02869,CC0045,FI,5,Step Increment,115823.08,CAD,CA,2023-11-11 07:00:00,PAYROLL
EVT00067937,2023-11-03,EMP04081,CC0028,PA,2,Step Increment,78213.7,CAD,CAN,2023-11-03 17:00:00,CORE_HR
EVT00068253,2023-11-16,EMP00541,CC0053,EX,2,Lateral Deployment,,CAD,CA,2023-11-16 09:00:00,PAYROLL
EVT00068166,2023-11-06,EMP03433,CC0061,FI,5,Lateral Deployment,,CAD,CAN,2023-11-06 11:00:00,CORE_HR
EVT00069136,2023-11-16,EMP04198,CC0052,EN,1,Step Increment,91083.06,CAD,CAN,2023-11-17 08:00:00,CORE_HR
EVT00068124,2023-11-16,EMP01622,CC0107,AS,3,Leave Return,,CAD,CAN,2023-11-16 19:00:00,CORE_HR
EVT00068663,2023-11-10,EMP04256,CC0074,EN,3,Performance Pay,23961.8,AED,ARE,2023-11-11 15:00:00,CORE_HR
EVT00069105,2023-11-12,EMP02791,CC0101,EN,5,Leave Start,,CAD,CA,2023-11-13 08:00:00,PAYROLL
EVT00068453,2023-11-16,EMP03204,CC0078,PA,5,Departure,,CAD,CA,2023-11-16 10:00:00,PAYROLL
EVT00068424,2023-11-27,EMP04834,CC0093,FI,4,Step Increment,105892.47,CAD,CAN,2023-11-27 20:00:00,CORE_HR
EVT00068008,2023-11-16,EMP02346,CC0006,AS,3,Step Increment,80644.9,CAD,CAN,2023-11-16 21:00:00,CORE_HR
EVT00068452,2023-11-20,EMP03033,CC0057,IT,5,Leave Start,,CAD,CAN,2023-11-20 11:00:00,CORE_HR
EVT00069210,2023-11-13,EMP00650,CC0058,PA,5,Step Increment,111333.81,CAD,CA,2023-11-13 15:00:00,PAYROLL
EVT00069162,2023-11-22,EMP04370,CC0106,CR,4,Step Increment,60140.68,CAD,CA,2023-11-23 14:00:00,PAYROLL
EVT00068012,2023-11-19,EMP04368,CC0046,FI,1,Leave Return,,USD,US,2023-11-20 03:00:00,PAYROLL
EVT00067929,2023-11-27,EMP00411,CC0100,EC,3,Hire,101576.82,CAD,CAN,2023-11-27 08:00:00,CORE_HR
EVT00068848,2023-11-20,EMP03391,CC0029,PA,3,Leave Start,,MXN,MEX,2023-11-20 21:00:00,CORE_HR
EVT00068399,2023-11-05,EMP01655,CC0062,PA,1,Promotion,68030.14,CAD,CA,2023-11-06 02:00:00,PAYROLL
EVT00069361,2023-11-05,EMP02850,CC0058,EX,3,Step Increment,184748.69,CAD,CAN,2023-11-06 09:00:00,CORE_HR
EVT00068242,2023-11-17,EMP04479,CC0027,CR,4,Leave Start,,CAD,CA,2023-11-18 11:00:00,PAYROLL
EVT00067678,2023-11-11,EMP00984,CC0072,EC,3,Leave Return,,CAD,CA,2023-11-11 23:00:00,PAYROLL
EVT00067851,2023-11-19,EMP02831,CC0090,AS,3,Leave Start,,CAD,CAN,2023-11-19 22:00:00,CORE_HR
EVT00068758,2023-11-10,EMP00550,CC0025,EC,1,Step Increment,79647.75,CAD,CAN,2023-11-10 07:00:00,CORE_HR
EVT00069312,2023-11-25,EMP01070,CC0023,CR,1,Leave Return,,CAD,CA,2023-11-26 00:00:00,PAYROLL
EVT00067871,2023-11-15,EMP02906,CC0057,EX,3,Performance Pay,9555.88,CAD,CAN,2023-11-15 17:00:00,CORE_HR
EVT00067701,2023-11-11,EMP00727,CC0068,IT,3,Step Increment,113620.12,CAD,CAN,2023-11-12 12:00:00,CORE_HR
EVT00068048,2023-11-07,EMP03397,CC0089,IT,1,Leave Return,,CAD,CAN,2023-11-07 23:00:00,CORE_HR
EVT00068670,2023-11-05,EMP03624,CC0078,EC,1,Step Increment,83619.27,CAD,CA,2023-11-06 04:00:00,PAYROLL
EVT00068843,2023-11-09,EMP03077,CC0076,PA,1,Step Increment,70540.38,CAD,CA,2023-11-10 00:00:00,PAYROLL
EVT00069143,2023-11-13,EMP04721,CC0025,FI,5,Lateral Deployment,,CAD,CAN,2023-11-14 07:00:00,CORE_HR
EVT00068306,2023-11-03,EMP00854,CC0061,CR,4,Lateral Deployment,,CAD,CAN,2023-11-04 14:00:00,CORE_HR
EVT00067859,2023-11-25,EMP00277,CC0089,PA,3,Leave Return,,CAD,CA,2023-11-25 23:00:00,PAYROLL
EVT00068850,2023-11-11,EMP02082,CC0010,IT,4,Step Increment,137440.52,CAD,CAN,2023-11-11 15:00:00,CORE_HR
EVT00069040,2023-11-06,EMP00295,CC0039,IT,2,Promotion,89550.18,CAD,CA,2023-11-07 11:00:00,PAYROLL
EVT00068384,2023-11-07,EMP03822,CC0088,CR,5,Step Increment,7949688.46,KES,KEN,2023-11-07 14:00:00,CORE_HR
EVT00069085,2023-11-08,EMP00245,CC0046,PA,1,Lateral Deployment,,USD,USA,2023-11-09 04:00:00,CORE_HR
EVT00068572,2023-11-18,EMP03673,CC0020,PA,5,Promotion,109760.32,CAD,CA,2023-11-19 06:00:00,PAYROLL
EVT00069450,2023-11-04,EMP04728,CC0083,PA,3,Promotion,81088.3,CAD,CAN,2023-11-05 12:00:00,CORE_HR
EVT00068342,2023-11-20,EMP01303,CC0096,PA,2,Leave Return,,CAD,CA,2023-11-21 03:00:00,PAYROLL
EVT00068238,2023-11-23,EMP04098,CC0111,PA,1,Step Increment,6642458.46,KES,KEN,2023-11-23 15:00:00,CORE_HR
EVT00068438,2023-11-13,EMP03827,CC0019,AS,2,Step Increment,57643.81,CAD,CA,2023-11-14 14:00:00,PAYROLL
EVT00069562,2023-11-26,EMP04423,CC0081,PA,1,Hire,67905.95,CAD,CA,2023-11-26 17:00:00,PAYROLL
EVT00067875,2023-11-11,EMP00211,CC0054,PA,3,Hire,66036.88,SGD,SGP,2023-11-12 02:00:00,CORE_HR
EVT00068069,2023-11-10,EMP03273,CC0120,EN,3,Leave Start,,CAD,CA,2023-11-11 05:00:00,PAYROLL
EVT00069033,2023-11-23,EMP04537,CC0054,EX,1,Step Increment,13929659.28,KES,KEN,2023-11-25 03:00:00,CORE_HR
EVT00068488,2023-11-12,EMP00736,CC0074,PA,2,Step Increment,843931.48,MXN,MEX,2023-11-13 01:00:00,CORE_HR
EVT00069431,2023-11-06,EMP02249,CC0047,EX,2,Leave Start,,CAD,CAN,2023-11-07 15:00:00,CORE_HR
EVT00069412,2023-11-26,EMP01212,CC0022,AS,4,Step Increment,73554.85,CAD,CA,2023-11-26 20:00:00,PAYROLL
EVT00069177,2023-11-14,EMP04838,CC0031,EC,3,Lateral Deployment,,AUD,AUS,2023-11-14 09:00:00,CORE_HR
EVT00068982,2023-11-09,EMP03374,CC0047,CR,5,Lateral Deployment,,CAD,CA,2023-11-10 07:00:00,PAYROLL
EVT00068200,2023-11-01,EMP03661,CC0005,EX,2,Step Increment,168209.39,CAD,CA,2023-11-02 05:00:00,PAYROLL
EVT00068649,2023-11-27,EMP01974,CC0006,CR,4,Leave Start,,CAD,CAN,2023-11-28 11:00:00,CORE_HR
EVT00067716,2023-11-07,EMP01916,CC0038,CR,1,Step Increment,53244.88,CAD,CAN,2023-11-08 01:00:00,CORE_HR
EVT00068870,2023-11-09,EMP03354,CC0013,FI,1,Leave Start,,CAD,CAN,2023-11-10 01:00:00,CORE_HR
EVT00068970,2023-11-11,EMP04731,CC0110,EX,1,Step Increment,129741.19,CAD,CA,2023-11-11 16:00:00,PAYROLL
EVT00067969,2023-11-22,EMP00843,CC0090,AS,3,Step Increment,84973.76,CAD,CAN,2023-11-22 06:00:00,CORE_HR
EVT00068248,2023-11-21,EMP04041,CC0106,FI,3,Step Increment,71818.14,CAD,CA,2023-11-22 00:00:00,PAYROLL
EVT00067842,2023-11-06,EMP04531,CC0052,EN,4,Step Increment,128060.97,CAD,CA,2023-11-06 19:00:00,PAYROLL
EVT00068137,2023-11-14,EMP02789,CC0006,PA,4,Lateral Deployment,,CAD,CAN,2023-11-15 12:00:00,CORE_HR
EVT00068715,2023-11-05,EMP03846,CC0031,AS,1,Step Increment,794213.24,MXN,MEX,2023-11-05 18:00:00,CORE_HR
EVT00068183,2023-11-02,EMP04901,CC0062,PA,1,Performance Pay,2844.17,CAD,CAN,2023-11-02 06:00:00,CORE_HR
EVT00069087,2023-11-24,EMP02583,CC0066,IT,1,Leave Return,,CAD,CAN,2023-11-25 01:00:00,CORE_HR
EVT00067868,2023-11-24,EMP03783,CC0057,PA,2,Leave Return,,CAD,CAN,2023-11-25 13:00:00,CORE_HR
EVT00068307,2023-11-25,EMP04546,CC0001,CR,5,Leave Return,,CAD,CA,2023-11-26 04:00:00,PAYROLL
EVT00068805,2023-11-11,EMP03749,CC0096,EN,1,Step Increment,85463.59,CAD,CAN,2023-11-11 14:00:00,CORE_HR
EVT00069474,2023-11-02,EMP03975,CC0070,PA,5,Promotion,102452.8,CAD,CAN,2023-11-03 06:00:00,CORE_HR
EVT00068930,2023-11-10,EMP03426,CC0020,EX,1,Step Increment,132841.22,CAD,CAN,2023-11-10 20:00:00,CORE_HR
EVT00069258,2023-11-14,EMP01904,CC0016,EX,1,Hire,146396.29,CAD,CA,2023-11-14 15:00:00,PAYROLL
EVT00068278,2023-11-03,EMP00077,CC0043,AS,2,Step Increment,64981.14,CAD,CAN,2023-11-04 04:00:00,CORE_HR
EVT00069383,2023-11-11,EMP04487,CC0020,EN,2,Step Increment,105458.73,CAD,CAN,2023-11-11 18:00:00,CORE_HR
EVT00068226,2023-11-27,EMP03388,CC0083,EC,1,Leave Return,,CAD,CA,2023-11-27 10:00:00,PAYROLL
EVT00069598,2023-11-20,EMP02237,CC0074,PA,3,Departure,,EUR,DEU,2023-11-23 05:00:00,CORE_HR
EVT00069059,2023-11-12,EMP99999,CC0120,EC,1,Leave Return,,CAD,CA,2023-11-12 14:00:00,PAYROLL
EVT00069106,2023-11-17,EMP02322,CC0058,CR,2,Leave Start,,CAD,CA,2023-11-17 19:00:00,PAYROLL
EVT00068324,2023-11-20,EMP03119,CC0116,IT,3,Departure,,CAD,CAN,2023-11-20 16:00:00,CORE_HR
EVT00069067,2023-11-04,EMP01917,CC0042,PA,1,Step Increment,58538.69,CAD,CA,2023-11-05 11:00:00,PAYROLL
EVT00069080,2023-11-18,EMP01726,CC0050,IT,2,Promotion,96557.77,CAD,CA,2023-11-19 08:00:00,PAYROLL
EVT00068415,2023-11-06,EMP04425,CC0078,CR,1,Performance Pay,4920.73,CAD,CAN,2023-11-07 02:00:00,CORE_HR
EVT00068260,2023-11-09,EMP02060,CC0026,EN,5,Lateral Deployment,,CAD,CAN,2023-11-09 18:00:00,CORE_HR
EVT00068964,2023-11-02,EMP03913,CC0120,IT,3,Step Increment,113611.78,CAD,CA,2023-11-03 09:00:00,PAYROLL
EVT00069415,2023-11-26,EMP05183,CC0079,EX,1,Leave Start,,XXX,CA,2023-11-26 09:00:00,PAYROLL
EVT00068112,2023-11-09,EMP03650,CC0052,PA,1,Leave Start,,CAD,CAN,2023-11-10 11:00:00,CORE_HR
EVT00069305,2023-11-14,EMP01808,CC0026,AS,2,Step Increment,65390.96,CAD,CA,2023-11-14 16:00:00,PAYROLL
EVT00067744,2023-11-22,EMP04328,CC0062,IT,3,Step Increment,101239.71,CAD,CAN,2023-11-23 09:00:00,CORE_HR
EVT00068859,2023-11-18,EMP04840,CC0055,AS,1,Lateral Deployment,,CAD,CA,2023-11-18 22:00:00,PAYROLL
EVT00067862,2023-11-12,EMP02372,CC0033,IT,5,Leave Return,,CAD,CA,2023-11-13 12:00:00,PAYROLL
EVT00069066,2023-11-02,EMP00091,CC0115,IT,3,Step Increment,104317.31,CAD,CAN,2023-11-03 08:00:00,CORE_HR
EVT00069184,2023-11-14,EMP04438,CC0001,EN,1,Leave Return,,CAD,CAN,2023-11-14 14:00:00,CORE_HR
EVT00069407,2023-11-02,EMP05017,CC0022,EC,1,Promotion,80293.44,CAD,CAN,2023-11-02 08:00:00,CORE_HR
EVT00067833,2023-11-04,EMP01144,CC0107,IT,2,Leave Start,,CAD,CAN,2023-11-04 14:00:00,CORE_HR
EVT00069141,2023-11-06,EMP03326,CC0002,PA,2,Performance Pay,8395.67,CAD,CAN,2023-11-07 06:00:00,CORE_HR
EVT00067936,2023-11-04,EMP01472,CC0106,EN,1,Leave Start,,CAD,CA,2023-11-05 06:00:00,PAYROLL
EVT00068613,2023-11-24,EMP00663,CC0007,AS,3,Lateral Deployment,,AUD,AUS,2023-11-25 03:00:00,CORE_HR
EVT00068816,2023-11-20,EMP00813,CC0010,EC,4,Leave Return,,CAD,CAN,2023-11-20 23:00:00,CORE_HR
EVT00069103,2023-11-12,EMP00938,CC0113,IT,4,Lateral Deployment,,CAD,CAN,2023-11-12 20:00:00,CORE_HR
EVT00068528,2023-11-22,EMP03015,CC0110,EC,2,Step Increment,82134.69,CAD,CAN,2023-11-22 23:00:00,CORE_HR
EVT00068017,2023-11-17,EMP03374,CC0047,CR,5,Leave Start,,CAD,CA,2023-11-18 01:00:00,PAYROLL
EVT00068800,2023-11-01,EMP05135,CC0082,EN,1,Leave Return,,CAD,CA,2023-11-02 15:00:00,PAYROLL
EVT00069191,2023-11-03,EMP00932,CC0075,EX,1,Hire,142229.53,CAD,CA,2023-11-03 23:00:00,PAYROLL
EVT00068291,2023-11-25,EMP02627,CC0043,PA,1,Performance Pay,7907.45,CAD,CAN,2023-11-25 07:00:00,CORE_HR
EVT00068358,2023-11-17,EMP00665,CC0011,AS,1,Leave Return,,CAD,CAN,2023-11-17 20:00:00,CORE_HR
EVT00068513,2023-11-25,EMP03950,CC0031,FI,2,Step Increment,72099.61,SGD,SGP,2023-11-25 23:00:00,CORE_HR
EVT00069555,2023-11-07,EMP01937,CC0044,PA,1,Step Increment,66299.89,CAD,CAN,2023-11-07 18:00:00,CORE_HR
EVT00069033,2023-11-23,EMP04537,CC0054,EX,1,Step Increment,13929659.28,KES,KEN,2023-11-24 10:00:00,CORE_HR
EVT00068098,2023-11-23,EMP03175,CC0043,EX,2,Promotion,162419.48,CAD,CA,2023-11-24 12:00:00,PAYROLL
EVT00068077,2023-11-27,EMP00220,CC0085,PA,2,Leave Return,,CAD,CA,2023-11-27 06:00:00,PAYROLL
EVT00069251,2023-11-26,EMP03725,CC0008,AS,5,Step Increment,83581.11,CAD,CAN,2023-11-27 21:00:00,CORE_HR
EVT00069328,2023-11-18,EMP00392,CC0017,EC,5,Leave Start,,CAD,CAN,2023-11-20 12:00:00,CORE_HR
EVT00068935,2023-11-01,EMP04893,CC0014,EX,1,Performance Pay,17927.21,CAD,CAN,2023-11-03 08:00:00,CORE_HR
EVT00068895,2023-11-04,EMP00097,CC0005,PA,2,Step Increment,77831.6,XXX,CA,2023-11-05 04:00:00,PAYROLL
EVT00069222,2023-11-12,EMP03328,CC0066,IT,1,Step Increment,78253.81,CAD,CAN,2023-11-13 04:00:00,CORE_HR
EVT00069138,2023-11-04,EMP04518,CC0108,PA,3,Departure,,USD,US,2023-11-04 16:00:00,PAYROLL
EVT00069445,2023-11-02,EMP01754,CC0007,EX,2,Performance Pay,797996.3,INR,IN,2023-11-03 15:00:00,PAYROLL
EVT00069283,2023-11-13,EMP02590,CC0021,AS,1,Step Increment,59727.82,CAD,CAN,2023-11-13 11:00:00,CORE_HR
EVT00069499,2023-11-02,EMP03999,CC0004,PA,3,Step Increment,82707.29,CAD,CA,2023-11-02 14:00:00,PAYROLL
EVT00068891,2023-11-23,EMP01588,CC0041,EN,5,Step Increment,153987.81,CAD,CAN,2023-11-23 09:00:00,CORE_HR
EVT00069091,2023-11-12,EMP01433,CC0037,FI,3,Step Increment,83530.02,CAD,CAN,2023-11-12 07:00:00,CORE_HR
EVT00069099,2023-11-09,EMP04755,CC0117,EC,2,Step Increment,84498.75,CAD,CAN,2023-11-09 16:00:00,CORE_HR
EVT00068281,2023-11-26,EMP03796,CC0060,PA,2,Leave Return,,CAD,CA,2023-11-27 08:00:00,PAYROLL
EVT00068648,2023-11-11,EMP02794,CC0035,EC,2,Step Increment,96842.37,CAD,CAN,2023-11-11 15:00:00,CORE_HR
EVT00067898,2023-11-04,EMP00309,CC0104,IT,5,Hire,136615.45,CAD,CAN,2023-11-04 06:00:00,CORE_HR
EVT00067963,2023-11-07,EMP03882,CC0005,AS,3,Step Increment,53620.36,CAD,CAN,2023-11-08 06:00:00,CORE_HR
EVT00069055,2023-11-25,EMP00307,CC0080,FI,1,Step Increment,8232135.93,JPY,JP,2023-11-25 10:00:00,PAYROLL
EVT00069294,2023-11-01,EMP02389,CC0061,PA,2,Leave Start,,CAD,CA,2023-11-01 12:00:00,PAYROLL
EVT00068302,2023-11-25,EMP03565,CC0104,PA,2,Performance Pay,3339.36,CAD,CAN,2023-11-25 20:00:00,CORE_HR
EVT00068068,2023-11-19,EMP02828,CC0017,EN,2,Step Increment,75573.77,CAD,CAN,2023-11-19 18:00:00,CORE_HR
EVT00068063,2023-11-16,EMP99999,CC0003,PA,2,Step Increment,67921.8,CAD,CA,2023-11-17 15:00:00,PAYROLL
EVT00068888,2023-11-04,EMP01481,CC0040,FI,2,Step Increment,79127.22,CAD,CAN,2023-11-04 07:00:00,CORE_HR
EVT00068011,2023-11-27,EMP03352,CC0069,EC,1,Hire,71412.75,CAD,CAN,2023-11-27 22:00:00,CORE_HR
EVT00069583,2023-11-19,EMP04019,CC0116,EC,4,Step Increment,116959.56,CAD,CAN,2023-11-20 05:00:00,CORE_HR
EVT00069219,2023-11-26,EMP00613,CC0029,AS,2,Step Increment,96599.89,AUD,AUS,2023-11-26 21:00:00,CORE_HR
EVT00067672,2023-11-13,EMP00991,CC0017,EN,1,Step Increment,83779.58,CAD,CA,2023-11-13 06:00:00,PAYROLL
EVT00069313,2023-11-14,EMP05175,CC0016,FI,4,Lateral Deployment,,CAD,CAN,2023-11-14 18:00:00,CORE_HR
EVT00067779,2023-11-12,EMP04777,CC0056,CR,3,Performance Pay,8687.73,CAD,CAN,2023-11-12 21:00:00,CORE_HR
EVT00068397,2023-11-23,EMP01350,CC0041,EN,4,Step Increment,131813.98,CAD,CAN,2023-11-23 16:00:00,CORE_HR
EVT00068300,2023-11-12,EMP04455,CC0001,IT,3,Step Increment,115074.08,CAD,CA,2023-11-12 09:00:00,PAYROLL
EVT00068297,2023-11-11,EMP03862,CC0088,EC,3,Performance Pay,986074.38,JPY,JP,2023-11-11 15:00:00,PAYROLL
EVT00068484,2023-11-27,EMP02147,CC0016,PA,3,Leave Start,,CAD,CA,2023-11-27 17:00:00,PAYROLL
EVT00068198,2023-11-27,EMP03494,CC0051,PA,3,Leave Start,,CAD,CAN,2023-11-27 11:00:00,CORE_HR
EVT00069336,2023-11-20,EMP04191,CC0005,EN,4,Step Increment,121079.04,CAD,CA,2023-11-21 15:00:00,PAYROLL
EVT00069197,2023-11-12,EMP04120,CC0040,AS,3,Step Increment,67192.68,CAD,CAN,2023-11-12 15:00:00,CORE_HR
EVT00069101,2023-11-13,EMP02138,CC0016,PA,3,Step Increment,77756.23,CAD,CA,2023-11-13 14:00:00,PAYROLL
EVT00068512,2023-11-09,EMP04440,CC0028,IT,2,Promotion,113564.7,CAD,CAN,2023-11-09 13:00:00,CORE_HR
EVT00068653,2023-11-18,EMP03004,CC0057,AS,4,Leave Start,,CAD,CAN,2023-11-19 06:00:00,CORE_HR
EVT00069050,2023-11-16,EMP04259,CC0020,PA,3,Step Increment,63636.85,CAD,CAN,2023-11-17 01:00:00,CORE_HR
EVT00069523,2023-11-25,EMP01452,CC0064,CR,3,Lateral Deployment,,CAD,CAN,2023-11-25 15:00:00,CORE_HR
EVT00068163,2023-11-02,EMP01589,CC0067,AS,1,Leave Start,,CAD,CAN,2023-11-02 22:00:00,CORE_HR
EVT00067730,2023-11-04,EMP02612,CC0114,EN,1,Lateral Deployment,,CAD,CA,2023-11-05 07:00:00,PAYROLL
EVT00068842,2023-11-25,EMP02937,CC0034,PA,5,Step Increment,110754.97,CAD,CA,2023-11-26 09:00:00,PAYROLL
EVT00068854,2023-11-13,EMP04141,CC0006,PA,3,Step Increment,88607.55,CAD,CAN,2023-11-14 15:00:00,CORE_HR
EVT00069436,2023-11-19,EMP01592,CC0051,PA,5,Performance Pay,11213.61,CAD,CA,2023-11-20 06:00:00,PAYROLL
EVT00068439,2023-11-23,EMP00493,CC0034,PA,5,Performance Pay,7301.56,CAD,CAN,2023-11-23 13:00:00,CORE_HR
EVT00068211,2023-11-26,EMP04424,CC0017,FI,2,Performance Pay,10737.94,CAD,CAN,2023-11-27 00:00:00,CORE_HR
EVT00067712,2023-11-13,EMP03048,CC0053,CR,3,Step Increment,61759.44,CAD,CA,2023-11-14 02:00:00,PAYROLL
EVT00069249,2023-11-25,EMP00380,CC0058,CR,1,Leave Start,,CAD,CA,2023-11-25 22:00:00,PAYROLL
EVT00069349,2023-11-07,EMP02085,CC0081,AS,3,Leave Return,,CAD,CA,2023-11-07 23:00:00,PAYROLL
EVT00067691,2023-11-26,EMP00176,CC0031,FI,3,Step Increment,1311511.36,MXN,MX,2023-11-26 12:00:00,PAYROLL
EVT00068510,2023-11-16,EMP04030,CC0045,EN,4,Leave Start,,CAD,CAN,2023-11-17 09:00:00,CORE_HR
EVT00068659,2023-11-08,EMP03254,CC0046,EX,3,Lateral Deployment,,JPY,JP,2023-11-08 07:00:00,PAYROLL
EVT00068884,2023-11-03,EMP01781,CC0108,EX,2,Lateral Deployment,,SGD,SGP,2023-11-04 14:00:00,CORE_HR
EVT00068701,2023-11-19,EMP01926,CC0010,EC,2,Lateral Deployment,,CAD,CAN,2023-11-20 11:00:00,CORE_HR
EVT00068988,2023-11-17,EMP00189,CC0106,PA,2,Step Increment,72013.85,CAD,CA,2023-11-18 13:00:00,PAYROLL
EVT00068373,2023-11-26,EMP00390,CC0066,EN,2,Step Increment,122610.66,CAD,CAN,2023-11-26 06:00:00,CORE_HR
EVT00068586,2023-11-10,EMP01623,CC0033,EN,4,Departure,,CAD,CAN,2023-11-11 03:00:00,CORE_HR
EVT00067736,2023-11-05,EMP04898,CC0120,EX,1,Performance Pay,14042.3,CAD,CAN,2023-11-05 14:00:00,CORE_HR
EVT00069576,2023-11-09,EMP03561,CC0116,PA,3,Performance Pay,4055.26,CAD,CA,2023-11-09 08:00:00,PAYROLL
EVT00068731,2023-11-27,EMP00939,CC0063,IT,3,Step Increment,118599.69,CAD,CAN,2023-11-28 14:00:00,CORE_HR
EVT00068078,2023-11-17,EMP02345,CC0056,AS,2,Performance Pay,4191.92,CAD,CA,2023-11-17 11:00:00,PAYROLL
EVT00069488,2023-11-01,EMP02840,CC0092,FI,1,Step Increment,74882.8,CAD,CAN,2023-11-01 17:00:00,CORE_HR
EVT00068482,2023-11-06,EMP03918,CC0094,EX,2,Hire,130216.76,CAD,CAN,2023-11-07 01:00:00,CORE_HR
EVT00069199,2023-11-16,EMP00129,CC0023,IT,2,Lateral Deployment,,CAD,CAN,2023-11-16 14:00:00,CORE_HR
EVT00068410,2023-11-21,EMP03664,CC0100,AS,3,Lateral Deployment,,CAD,CAN,2023-11-22 08:00:00,CORE_HR
EVT00068601,2023-11-26,EMP02812,CC0094,PA,2,Lateral Deployment,,CAD,CA,2023-11-27 09:00:00,PAYROLL
EVT00068190,2023-11-03,EMP00538,CC0060,CR,4,Lateral Deployment,,CAD,CA,2023-11-03 12:00:00,PAYROLL
EVT00069159,2023-11-10,EMP03222,CC0058,PA,2,Leave Start,,CAD,CAN,2023-11-10 09:00:00,CORE_HR
EVT00069434,2023-11-15,EMP04182,CC0068,EN,5,Leave Start,,CAD,CAN,2023-11-15 12:00:00,CORE_HR
EVT00069329,2023-11-09,EMP04994,CC0001,EN,2,Hire,99020.57,CAD,CA,2023-11-10 08:00:00,PAYROLL
EVT00068779,2023-11-17,EMP03549,CC0005,FI,4,Promotion,92208.73,CAD,CAN,2023-11-17 19:00:00,CORE_HR
EVT00068346,2023-11-09,EMP02125,CC0110,EC,3,Step Increment,112192.41,CAD,CAN,2023-11-09 20:00:00,CORE_HR
EVT00068239,2023-11-12,EMP03632,CC0104,EC,3,Performance Pay,12797.06,CAD,CAN,2023-11-12 21:00:00,CORE_HR
EVT00068195,2023-11-01,EMP03575,CC0120,PA,2,Leave Start,,CAD,CAN,2023-11-02 03:00:00,CORE_HR
EVT00068577,2023-11-12,EMP01484,CC0065,EX,1,Promotion,81692.52,SGD,SG,2023-11-12 07:00:00,PAYROLL
EVT00068928,2023-11-19,EMP02118,CC0039,CR,5,Lateral Deployment,,CAD,CAN,2023-11-19 19:00:00,CORE_HR
EVT00069051,2023-11-13,EMP01111,CC0006,CR,2,Performance Pay,3827.79,CAD,CAN,2023-11-14 10:00:00,CORE_HR
EVT00069104,2023-11-22,EMP05057,CC0115,CR,1,Leave Return,,CAD,CA,2023-11-23 13:00:00,PAYROLL
EVT00068836,2023-11-27,EMP03208,CC0023,PA,5,Step Increment,93002.9,CAD,CA,2023-11-28 05:00:00,PAYROLL
EVT00068995,2023-11-08,EMP04915,CC0100,EN,2,Step Increment,94256.29,CAD,CA,2023-11-09 13:00:00,PAYROLL
EVT00068637,2023-11-03,EMP00513,CC0088,IT,2,Step Increment,76590.62,USD,US,2023-11-04 01:00:00,PAYROLL
EVT00068834,2023-11-27,EMP99999,CC0095,AS,5,Promotion,80928.22,CAD,CA,2023-11-27 20:00:00,PAYROLL
EVT00067776,2023-11-12,EMP00488,CC0023,FI,1,Step Increment,77065.27,CAD,CAN,2023-11-13 14:00:00,CORE_HR
EVT00067777,2023-11-19,EMP00117,CC0062,EN,1,Leave Start,,CAD,CA,2023-11-19 11:00:00,PAYROLL
EVT00067741,2023-11-12,EMP00365,CC0063,EX,1,Step Increment,142399.51,CAD,CAN,2023-11-13 09:00:00,CORE_HR
EVT00069527,2023-11-03,EMP02001,CC0006,CR,1,Lateral Deployment,,CAD,CAN,2023-11-03 18:00:00,CORE_HR
EVT00069339,2023-11-15,EMP02789,CC0006,PA,4,Step Increment,88408.75,CAD,CAN,2023-11-15 06:00:00,CORE_HR
EVT00068874,2023-11-24,EMP02250,CC0066,AS,2,Promotion,70520.42,CAD,CA,2023-11-25 07:00:00,PAYROLL
EVT00069030,1900-01-01,EMP01781,CC0108,EX,2,Leave Start,,USD,USA,2023-11-12 11:00:00,CORE_HR
EVT00068796,2023-11-25,EMP03612,CC0097,EC,2,Step Increment,72768.63,CAD,CA,2023-11-25 18:00:00,PAYROLL
EVT00069123,2023-11-14,EMP01766,CC0019,EN,3,Performance Pay,12043.46,CAD,CA,2023-11-15 15:00:00,PAYROLL
EVT00068856,2023-11-22,EMP02008,CC0089,PA,4,Step Increment,101760.86,CAD,CAN,2023-11-22 07:00:00,CORE_HR
EVT00068194,2023-11-20,EMP01064,CC0026,FI,1,Lateral Deployment,,CAD,CAN,2023-11-21 00:00:00,CORE_HR
EVT00068600,2023-11-23,EMP03653,CC0035,PA,1,Leave Start,,CAD,CAN,2023-11-24 01:00:00,CORE_HR
EVT00068466,2023-11-23,EMP02099,CC0092,PA,2,Leave Start,,CAD,CA,2023-11-23 15:00:00,PAYROLL
EVT00067949,2023-11-19,EMP05001,CC0032,IT,5,Step Increment,106866.21,CAD,CA,2023-11-19 07:00:00,PAYROLL
EVT00069115,2023-11-11,EMP02693,CC0011,PA,3,Lateral Deployment,,CAD,CAN,2023-11-13 03:00:00,CORE_HR
EVT00068984,2023-11-10,EMP03658,CC0059,AS,3,Step Increment,69011.88,CAD,CAN,2023-11-10 14:00:00,CORE_HR
EVT00069489,2023-11-04,EMP01905,CC0118,AS,4,Lateral Deployment,,CAD,CA,2023-11-07 03:00:00,PAYROLL
EVT00068759,2023-11-04,EMP01193,CC0054,CR,5,Hire,60242.68,USD,USA,2023-11-04 17:00:00,CORE_HR
EVT00068287,2023-11-12,EMP01549,CC0020,AS,5,Step Increment,87123.87,CAD,CAN,2023-11-12 23:00:00,CORE_HR
EVT00068179,2023-11-18,EMP00192,CC0010,EN,1,Departure,,CAD,CA,2023-11-19 08:00:00,PAYROLL
EVT00069446,2023-11-02,EMP00977,CC0104,EN,2,Departure,,CAD,CA,2023-11-02 13:00:00,PAYROLL
EVT00068733,2023-11-07,EMP02092,CC0087,IT,5,Step Increment,146360.82,CAD,CA,2023-11-08 14:00:00,PAYROLL
EVT00068892,2023-11-13,EMP00842,CC0023,EN,3,Departure,,CAD,CA,2023-11-13 18:00:00,PAYROLL
EVT00069088,2023-11-08,EMP02005,CC0044,IT,3,Step Increment,100357.53,CAD,CA,2023-11-08 22:00:00,PAYROLL
EVT00068132,2023-11-10,EMP04530,CC0079,IT,4,Step Increment,114349.98,CAD,CA,2023-11-10 17:00:00,PAYROLL
EVT00068044,2023-11-13,EMP03706,CC0050,EX,1,Step Increment,147854.38,CAD,CAN,2023-11-13 13:00:00,CORE_HR
EVT00068549,2023-11-25,EMP04053,CC0029,IT,3,Leave Return,,SGD,SGP,2023-11-25 09:00:00,CORE_HR
EVT00067860,2023-11-25,EMP01470,CC0105,IT,1,Departure,,EUR,DE,2023-11-25 08:00:00,PAYROLL
EVT00068099,2023-11-22,EMP03904,CC0039,IT,3,Step Increment,109221.19,CAD,CA,2023-11-23 03:00:00,PAYROLL
EVT00068750,2023-11-17,EMP02110,CC0095,AS,5,Departure,,CAD,CA,2023-11-17 13:00:00,PAYROLL
EVT00068990,2023-11-15,EMP00853,CC0086,IT,2,Step Increment,137703.03,AUD,AUS,2023-11-16 10:00:00,CORE_HR
EVT00069463,2023-11-16,EMP00403,CC0114,CR,3,Step Increment,66637.76,CAD,CAN,2023-11-17 13:00:00,CORE_HR
EVT00068089,2023-11-18,EMP02265,CC0114,AS,2,Step Increment,66462.91,CAD,CAN,2023-11-18 09:00:00,CORE_HR
EVT00068709,2023-11-25,EMP03115,CC0064,CR,3,Performance Pay,3000.2,CAD,CA,2023-11-26 08:00:00,PAYROLL
EVT00068065,2023-11-16,EMP02709,CC0068,CR,3,Step Increment,65679.0,CAD,CAN,2023-11-17 15:00:00,CORE_HR
EVT00068903,2023-11-19,EMP04802,CC0076,IT,4,Departure,,CAD,CAN,2023-11-20 03:00:00,CORE_HR
EVT00069257,2023-11-15,EMP00441,CC0020,EX,3,Promotion,182467.51,CAD,CAN,2023-11-15 06:00:00,CORE_HR
EVT00068162,2023-11-18,EMP03423,CC0065,AS,3,Hire,58663.88,USD,US,2023-11-19 09:00:00,PAYROLL
EVT00069544,2023-11-22,EMP03988,CC0030,AS,2,Leave Return,,AUD,AUS,2023-11-22 15:00:00,CORE_HR
EVT00068908,2023-11-08,EMP01776,CC0065,EC,2,Step Increment,64994.28,SGD,SGP,2023-11-09 09:00:00,CORE_HR
EVT00068664,2023-11-25,EMP00545,CC0114,EN,1,Lateral Deployment,,CAD,CA,2023-11-25 14:00:00,PAYROLL
EVT00069203,2023-11-25,EMP02593,CC0067,PA,2,Leave Return,,CAD,CA,2023-11-25 14:00:00,PAYROLL
EVT00068876,2023-11-06,EMP03704,CC0006,FI,3,Step Increment,89856.04,CAD,CAN,2023-11-06 18:00:00,CORE_HR
EVT00067786,2023-11-18,EMP05087,CC0082,FI,3,Lateral Deployment,,CAD,CA,2023-11-19 07:00:00,PAYROLL
EVT00068675,2023-11-11,EMP04722,CC0005,IT,1,Step Increment,97322.03,CAD,CAN,2023-11-12 05:00:00,CORE_HR
EVT00069495,2023-11-03,EMP03980,CC0012,EC,2,Step Increment,77687.39,CAD,CAN,2023-11-04 14:00:00,CORE_HR
EVT00069078,2023-11-22,EMP02719,CC0114,EX,1,Step Increment,148474.08,CAD,CAN,2023-11-23 11:00:00,CORE_HR
EVT00069433,2023-11-16,EMP04674,CC0071,PA,4,Hire,105390.1,CAD,CA,2023-11-17 12:00:00,PAYROLL
EVT00069512,2023-11-03,EMP00515,CC0098,PA,5,Lateral Deployment,,CAD,CA,2023-11-04 02:00:00,PAYROLL
EVT00068693,2023-11-05,EMP04021,CC0096,FI,3,Step Increment,71901.65,CAD,CAN,2023-11-05 06:00:00,CORE_HR
EVT00068196,2023-11-01,EMP04679,CC0067,EX,1,Leave Return,,CAD,CAN,2023-11-01 13:00:00,CORE_HR
EVT00069404,2023-11-13,EMP01425,CC0100,CR,4,Lateral Deployment,,CAD,CAN,2023-11-14 02:00:00,CORE_HR
EVT00068934,2023-11-04,EMP03567,CC0071,PA,2,Performance Pay,3263.46,CAD,CAN,2023-11-05 05:00:00,CORE_HR
EVT00068088,2023-11-11,EMP03493,CC0006,PA,5,Step Increment,102471.28,CAD,CAN,2023-11-11 19:00:00,CORE_HR
EVT00068491,2023-11-13,EMP02322,CC0058,CR,2,Step Increment,63407.94,CAD,CAN,2023-11-14 20:00:00,CORE_HR
EVT00068103,2023-11-02,EMP00915,CC0114,EC,1,Leave Start,,CAD,CAN,2023-11-02 14:00:00,CORE_HR
EVT00068656,2023-11-08,EMP01614,CC0107,EC,4,Lateral Deployment,,CAD,CAN,2023-11-08 14:00:00,CORE_HR
EVT00069194,2023-11-27,EMP02868,CC0001,EX,1,Step Increment,134298.81,CAD,CA,2023-11-28 03:00:00,PAYROLL
EVT00067717,2023-11-22,EMP02424,CC0059,EN,1,Step Increment,83407.28,CAD,CAN,2023-11-22 21:00:00,CORE_HR
EVT00068830,2023-11-12,EMP04093,CC0015,EN,4,Performance Pay,16619.69,CAD,CA,2023-11-13 10:00:00,PAYROLL
EVT00067801,2023-11-15,EMP04892,CC0018,EC,4,Step Increment,98528.96,CAD,CAN,2023-11-16 03:00:00,CORE_HR
EVT00068743,2023-11-15,EMP01160,CC0072,CR,4,Leave Return,,CAD,CA,2023-11-15 22:00:00,PAYROLL
EVT00068840,2023-11-26,EMP01877,CC0013,PA,5,Leave Start,,CAD,CA,2023-11-27 06:00:00,PAYROLL
EVT00069083,2023-11-24,EMP04958,CC0094,IT,4,Lateral Deployment,,CAD,CAN,2023-11-24 19:00:00,CORE_HR
EVT00068463,2023-11-03,EMP02940,CC0051,PA,3,Leave Start,,CAD,CA,2023-11-04 12:00:00,PAYROLL
EVT00069589,2023-11-17,EMP03154,CC0088,IT,5,Step Increment,214890.57,AUD,AUS,2023-11-17 20:00:00,CORE_HR
EVT00069112,2023-11-27,EMP00869,CC0031,IT,4,Lateral Deployment,,SGD,SGP,2023-11-28 01:00:00,CORE_HR
EVT00068125,2023-11-10,EMP00538,CC0060,CR,4,Step Increment,75650.82,CAD,CA,2023-11-10 11:00:00,PAYROLL
EVT00068092,2023-11-23,EMP02542,CC0089,AS,3,Leave Return,,CAD,CA,2023-11-24 09:00:00,PAYROLL
EVT00068333,2023-11-27,EMP01980,CC0003,EN,3,Step Increment,117857.27,CAD,CAN,2023-11-27 06:00:00,CORE_HR
EVT00069574,2023-11-19,EMP00540,CC0003,EN,1,Step Increment,93650.77,CAD,CAN,2023-11-19 18:00:00,CORE_HR
EVT00069473,2023-11-07,EMP00704,CC0058,EN,2,Leave Return,,CAD,CAN,2023-11-08 02:00:00,CORE_HR
EVT00067794,2023-11-04,EMP05164,CC0116,PA,3,Step Increment,102290.19,CAD,CAN,2023-11-05 06:00:00,CORE_HR
EVT00068141,2023-11-07,EMP01241,CC0049,PA,4,Promotion,272043.9,AED,ARE,2023-11-07 10:00:00,CORE_HR
EVT00069406,2023-11-22,EMP04706,CC0003,EX,1,Step Increment,125964.66,CAD,CA,2023-11-23 09:00:00,PAYROLL
EVT00069253,2023-11-17,EMP03803,CC0119,IT,3,Promotion,106656.91,CAD,CAN,2023-11-17 07:00:00,CORE_HR
EVT00067724,2023-11-25,EMP04832,CC0065,CR,1,Leave Return,,AUD,AU,2023-11-25 23:00:00,PAYROLL
EVT00068651,2023-11-22,EMP04595,CC0094,IT,4,Lateral Deployment,,CAD,CAN,2023-11-23 07:00:00,CORE_HR
EVT00068794,2023-11-01,EMP04944,CC0102,EX,1,Performance Pay,9730.92,CAD,CAN,2023-11-01 09:00:00,CORE_HR
EVT00069158,2023-11-03,EMP03888,CC0047,EX,1,Leave Start,,CAD,CAN,2023-11-03 07:00:00,CORE_HR
EVT00067957,2023-11-11,EMP00704,CC0058,EN,2,Performance Pay,10606.96,CAD,CAN,2023-11-11 18:00:00,CORE_HR
EVT00068396,2023-11-25,EMP00532,CC0116,EC,3,Performance Pay,9952.73,CAD,CAN,2023-11-25 14:00:00,CORE_HR
EVT00068858,2023-11-03,EMP03772,CC0031,IT,1,Step Increment,49227.47,GBP,GBR,2023-11-04 03:00:00,CORE_HR
EVT00068329,2023-11-20,EMP04324,CC0083,PA,4,Step Increment,102239.71,CAD,CA,2023-11-20 23:00:00,PAYROLL
EVT00068617,2023-11-24,EMP03890,CC0096,EC,1,Step Increment,76403.65,CAD,CAN,2023-11-25 02:00:00,CORE_HR
EVT00069441,2023-11-21,EMP04675,CC0077,IT,2,Leave Return,,CAD,CAN,2023-11-22 10:00:00,CORE_HR
EVT00067965,2023-11-26,EMP04811,CC0071,PA,3,Leave Return,,CAD,CAN,2023-11-26 16:00:00,CORE_HR
EVT00068389,2023-11-16,EMP03811,CC0043,AS,2,Performance Pay,6681.47,CAD,CAN,2023-11-16 07:00:00,CORE_HR
EVT00068435,2023-11-15,EMP03019,CC0080,PA,2,Leave Start,,EUR,DE,2023-11-16 15:00:00,PAYROLL
EVT00069394,2023-11-22,EMP00817,CC0058,AS,5,Leave Return,,CAD,CAN,2023-11-23 12:00:00,CORE_HR
EVT00067867,2023-11-08,EMP04252,CC0064,IT,4,Step Increment,133251.07,CAD,CA,2023-11-08 19:00:00,PAYROLL
EVT00069481,2023-11-06,EMP04134,CC0008,EC,3,Performance Pay,11916.77,CAD,CA,2023-11-07 13:00:00,PAYROLL
EVT00068526,2023-11-15,EMP01017,CC0104,PA,4,Leave Return,,CAD,CAN,2023-11-16 10:00:00,CORE_HR
EVT00068015,2023-11-10,EMP00996,CC0074,EC,3,Step Increment,11540718.78,JPY,JPN,2023-11-11 07:00:00,CORE_HR
EVT00067866,2023-11-19,EMP04926,CC0029,EC,2,Step Increment,63494.77,SGD,SG,2023-11-20 06:00:00,PAYROLL
EVT00068871,2023-11-04,EMP00716,CC0054,IT,1,Step Increment,62523.66,EUR,FRA,2023-11-04 19:00:00,CORE_HR
EVT00069082,2023-11-12,EMP03864,CC0041,IT,3,Leave Return,,CAD,CA,2023-11-12 22:00:00,PAYROLL
EVT00068953,2023-11-07,EMP03621,CC0099,CR,3,Lateral Deployment,,CAD,CA,2023-11-07 17:00:00,PAYROLL
EVT00068756,2023-11-18,EMP03766,CC0096,CR,4,Performance Pay,9523.42,CAD,CAN,2023-11-18 23:00:00,CORE_HR
EVT00069299,2023-11-16,EMP00824,CC0001,IT,4,Performance Pay,6150.37,CAD,CA,2023-11-16 07:00:00,PAYROLL
EVT00068016,2023-11-13,EMP05186,CC0069,CR,2,Leave Start,,CAD,CAN,2023-11-13 18:00:00,CORE_HR
EVT00067756,2023-11-03,EMP01441,CC0071,IT,3,Leave Return,,CAD,CAN,2023-11-04 03:00:00,CORE_HR
EVT00068915,2023-11-03,EMP02492,CC0089,PA,2,Departure,,CAD,CA,2023-11-03 17:00:00,PAYROLL
EVT00068486,2023-11-08,EMP04802,CC0076,IT,4,Leave Return,,CAD,CA,2023-11-08 14:00:00,PAYROLL
EVT00067800,2023-11-22,EMP02537,CC0088,PA,5,Step Increment,85084.35,SGD,SGP,2023-11-22 21:00:00,CORE_HR
EVT00067733,2023-11-13,EMP02451,CC0118,FI,2,Departure,,CAD,CA,2023-11-13 23:00:00,PAYROLL
EVT00069046,2023-11-08,EMP00378,CC0012,AS,3,Lateral Deployment,,XXX,CAN,2023-11-09 01:00:00,CORE_HR
EVT00068883,2023-11-12,EMP03170,CC0112,EX,1,Performance Pay,16288.43,CAD,CAN,2023-11-13 09:00:00,CORE_HR
EVT00068677,2023-11-10,EMP01039,CC0052,EN,1,Step Increment,89789.38,CAD,CA,2023-11-10 22:00:00,PAYROLL
EVT00068849,2023-11-21,EMP00963,CC0101,EC,2,Step Increment,89427.32,CAD,CA,2023-11-23 05:00:00,PAYROLL
EVT00068852,2023-11-14,EMP02058,CC0055,EX,1,Leave Return,,CAD,CAN,2023-11-14 20:00:00,CORE_HR
EVT00069255,2023-11-24,EMP05180,CC0026,PA,1,Step Increment,65197.61,CAD,CAN,2023-11-25 15:00:00,CORE_HR
EVT00068038,2023-11-03,EMP03752,CC0084,FI,2,Promotion,81654.83,CAD,CA,2023-11-03 08:00:00,PAYROLL
EVT00069154,2023-11-01,EMP02681,CC0079,FI,2,Step Increment,71681.83,CAD,CA,2023-11-02 10:00:00,PAYROLL
EVT00068680,2023-11-13,EMP03177,CC0036,AS,3,Lateral Deployment,,CAD,CA,2023-11-14 08:00:00,PAYROLL
EVT00069541,2023-11-09,EMP04366,CC0063,EC,1,Leave Start,,CAD,CA,2023-11-09 10:00:00,PAYROLL
EVT00068407,2023-11-10,EMP02711,CC0116,IT,1,Promotion,77643.18,CAD,CAN,2023-11-10 21:00:00,CORE_HR
EVT00068532,2023-11-12,EMP02529,CC0036,EN,3,Departure,,CAD,CAN,2023-11-12 11:00:00,CORE_HR
EVT00068433,2023-11-04,EMP04345,CC0101,AS,1,Leave Return,,CAD,CAN,2023-11-05 11:00:00,CORE_HR
EVT00068215,2023-11-16,EMP04060,CC0045,PA,2,Leave Return,,CAD,CA,2023-11-17 11:00:00,PAYROLL
EVT00068185,2023-11-16,EMP00023,CC0075,FI,2,Step Increment,90751.17,CAD,CAN,2023-11-16 13:00:00,CORE_HR
EVT00069340,2023-11-11,EMP01607,CC0063,IT,5,Step Increment,170081.21,CAD,CAN,2023-11-11 16:00:00,CORE_HR
EVT00067879,2023-11-23,EMP03990,CC0030,PA,4,Leave Return,,MXN,MEX,2023-11-24 13:00:00,CORE_HR
EVT00069149,2023-11-27,EMP01723,CC0018,EN,1,Departure,,CAD,CAN,2023-11-28 15:00:00,CORE_HR
EVT00068406,2023-11-18,EMP03089,CC0031,EN,4,Step Increment,13929315.24,KES,KE,2023-11-19 03:00:00,PAYROLL
EVT00067869,2023-11-02,EMP01975,CC0050,AS,4,Step Increment,76479.71,CAD,CAN,2023-11-03 03:00:00,CORE_HR
EVT00069356,2023-11-03,EMP01287,CC0109,EC,2,Step Increment,95723.51,CAD,CA,2023-11-03 15:00:00,PAYROLL
EVT00068519,2023-11-22,EMP00694,CC0008,EC,3,Step Increment,98878.89,CAD,CA,2023-11-23 07:00:00,PAYROLL
EVT00067837,2023-11-18,EMP01154,CC0023,EN,4,Step Increment,151464.45,CAD,CAN,2023-11-18 18:00:00,CORE_HR
EVT00068019,2023-11-15,EMP03081,CC0042,FI,2,Hire,82934.3,CAD,CA,2023-11-16 14:00:00,PAYROLL
EVT00069490,2023-11-07,EMP00497,CC0071,AS,1,Leave Start,,CAD,CA,2023-11-07 20:00:00,PAYROLL
EVT00069005,1900-01-01,EMP01191,CC0031,EC,1,Step Increment,1014347.71,MXN,MEX,2023-11-25 15:00:00,CORE_HR
EVT00069017,2023-11-04,EMP02503,CC0007,EN,2,Step Increment,132076.15,AUD,AUS,2023-11-04 10:00:00,CORE_HR
EVT00067685,2023-11-02,EMP03433,CC0061,FI,5,Step Increment,125111.03,CAD,CAN,2023-11-03 04:00:00,CORE_HR
EVT00068774,2023-11-04,EMP03682,CC0022,EX,1,Hire,136418.21,CAD,CA,2023-11-04 11:00:00,PAYROLL
EVT00069147,2023-11-20,EMP04223,CC0019,EX,1,Performance Pay,18804.83,CAD,CAN,2023-11-20 06:00:00,CORE_HR
EVT00068423,2023-11-01,EMP00622,CC0079,AS,3,Step Increment,78218.52,CAD,CAN,2023-11-02 09:00:00,CORE_HR
EVT00068873,2023-11-12,EMP01156,CC0036,CR,2,Promotion,54098.51,CAD,CAN,2023-11-12 14:00:00,CORE_HR
EVT00068354,2023-11-06,EMP00489,CC0066,PA,1,Leave Return,,CAD,CAN,2023-11-07 00:00:00,CORE_HR
EVT00067802,2023-11-15,EMP00959,CC0073,AS,2,Promotion,61335.87,CAD,CAN,2023-11-15 11:00:00,CORE_HR
EVT00069155,2023-11-19,EMP04229,CC0113,IT,5,Promotion,114559.43,CAD,CAN,2023-11-20 04:00:00,CORE_HR
EVT00068004,2023-11-05,EMP02198,CC0077,PA,1,Step Increment,65337.42,CAD,CA,2023-11-06 15:00:00,PAYROLL
EVT00067986,2023-11-24,EMP04289,CC0026,AS,1,Lateral Deployment,,CAD,CAN,2023-11-24 18:00:00,CORE_HR
EVT00068175,2023-11-13,EMP03612,CC0097,EC,2,Step Increment,81452.47,CAD,CAN,2023-11-14 15:00:00,CORE_HR
EVT00068824,2023-11-25,EMP05175,CC0016,FI,4,Performance Pay,5299.45,CAD,CAN,2023-11-25 15:00:00,CORE_HR
EVT00068635,2023-11-19,EMP01360,CC0049,AS,5,Leave Return,,SGD,SGP,2023-11-19 16:00:00,CORE_HR
EVT00069329,2023-11-09,EMP04994,CC0001,EN,2,Hire,99020.57,CAD,CA,2023-11-12 09:00:00,PAYROLL
EVT00068811,2023-11-25,EMP04967,CC0066,EN,4,Lateral Deployment,,CAD,CAN,2023-11-26 07:00:00,CORE_HR
EVT00068080,2023-11-10,EMP01123,CC0085,IT,3,Leave Start,,CAD,CAN,2023-11-11 10:00:00,CORE_HR
EVT00069508,2023-11-10,EMP03380,CC0036,EN,2,Departure,,CAD,CAN,2023-11-10 20:00:00,CORE_HR
EVT00069344,2023-11-02,EMP01864,CC0116,IT,4,Promotion,129178.23,CAD,CAN,2023-11-02 19:00:00,CORE_HR
EVT00067704,2023-11-16,EMP00032,CC0119,EN,5,Leave Return,,CAD,CAN,2023-11-19 11:00:00,CORE_HR
EVT00068684,2023-11-17,EMP02311,CC0060,FI,1,Leave Return,,CAD,CA,2023-11-17 15:00:00,PAYROLL
EVT00068161,2023-11-02,EMP03001,CC0007,IT,1,Performance Pay,466496.63,INR,IND,2023-11-03 13:00:00,CORE_HR
EVT00068320,2023-11-25,EMP01443,CC0039,EN,2,Performance Pay,8128.07,CAD,CAN,2023-11-26 01:00:00,CORE_HR
EVT00068860,2023-11-21,EMP03354,CC0013,FI,1,Step Increment,75408.1,CAD,CA,2023-11-22 09:00:00,PAYROLL
EVT00068005,2023-11-21,EMP03133,CC0024,FI,1,Departure,,CAD,CAN,2023-11-21 15:00:00,CORE_HR
EVT00068402,2023-11-17,EMP04255,CC0100,EX,1,Leave Return,,CAD,CAN,2023-11-17 10:00:00,CORE_HR
EVT00068660,2023-11-26,EMP03518,CC0035,EX,1,Step Increment,126608.65,CAD,CA,2023-11-27 07:00:00,PAYROLL
EVT00067924,2023-11-26,EMP01637,CC0081,PA,4,Performance Pay,12756.3,CAD,CA,2023-11-26 21:00:00,PAYROLL
EVT00067723,2023-11-05,EMP01656,CC0011,IT,1,Leave Start,,CAD,CA,2023-11-09 01:00:00,PAYROLL
EVT00069533,2023-11-15,EMP02869,CC0045,FI,5,Step Increment,103057.41,CAD,CA,2023-11-16 09:00:00,PAYROLL
EVT00068336,2023-11-03,EMP01201,CC0053,PA,2,Leave Start,,CAD,CAN,2023-11-04 00:00:00,CORE_HR
EVT00069392,2023-11-03,EMP05171,CC0018,EN,4,Leave Return,,CAD,CAN,2023-11-03 23:00:00,CORE_HR
EVT00068563,2023-11-01,EMP03041,CC0109,PA,1,Leave Start,,CAD,CAN,2023-11-02 14:00:00,CORE_HR
EVT00069486,2023-11-12,EMP00502,CC0076,AS,3,Leave Start,,CAD,CAN,2023-11-12 19:00:00,CORE_HR
EVT00068605,2023-11-04,EMP01978,CC0042,PA,2,Lateral Deployment,,CAD,CA,2023-11-04 14:00:00,PAYROLL
EVT00067726,2023-11-08,EMP04179,CC0108,IT,3,Hire,421182.32,BRL,BR,2023-11-08 07:00:00,PAYROLL
EVT00068047,2023-11-14,EMP01155,CC0081,FI,3,Leave Return,,CAD,CAN,2023-11-15 09:00:00,CORE_HR
EVT00068309,2023-11-01,EMP03441,CC0016,AS,3,Step Increment,69208.59,CAD,CA,2023-11-02 15:00:00,PAYROLL
EVT00069452,2023-11-24,EMP00575,CC0025,AS,3,Step Increment,63546.78,CAD,CAN,2023-11-24 21:00:00,CORE_HR
EVT00069448,2023-11-07,EMP03981,CC0036,IT,1,Performance Pay,10303.27,CAD,CAN,2023-11-08 09:00:00,CORE_HR
EVT00067981,2023-11-11,EMP02538,CC0012,IT,2,Performance Pay,9055.31,CAD,CAN,2023-11-11 08:00:00,CORE_HR
EVT00068768,2023-11-07,EMP01958,CC0076,EN,2,Step Increment,89588.23,CAD,CA,2023-11-08 11:00:00,PAYROLL
EVT00068979,2023-11-24,EMP03016,CC0051,PA,2,Step Increment,73656.0,CAD,CAN,2023-11-24 13:00:00,CORE_HR
EVT00067727,2023-11-17,EMP03747,CC0118,CR,2,Hire,55255.4,CAD,CAN,2023-11-17 20:00:00,CORE_HR
EVT00067941,2023-11-16,EMP02080,CC0113,EX,1,Performance Pay,10987.26,CAD,CAN,2023-11-16 11:00:00,CORE_HR
EVT00069524,2023-11-11,EMP04325,CC0022,PA,4,Performance Pay,6344.84,CAD,CAN,2023-11-11 11:00:00,CORE_HR
EVT00069403,2023-11-01,EMP03285,CC0046,EN,2,Leave Start,,BRL,BR,2023-11-01 13:00:00,PAYROLL
EVT00069571,1900-01-01,EMP02048,CC0035,PA,3,Leave Return,,CAD,CAN,2023-11-02 07:00:00,CORE_HR
EVT00068887,2023-11-27,EMP02208,CC0090,IT,4,Hire,116192.71,CAD,CAN,2023-11-28 00:00:00,CORE_HR
EVT00069322,2023-11-19,EMP00439,CC0037,IT,5,Performance Pay,7441.5,CAD,CAN,2023-11-19 10:00:00,CORE_HR
EVT00068180,2023-11-15,EMP02524,CC0023,IT,1,Departure,,CAD,CAN,2023-11-16 14:00:00,CORE_HR
EVT00068160,2023-11-10,EMP99999,CC0089,CR,3,Step Increment,65998.66,CAD,CA,2023-11-10 15:00:00,PAYROLL
EVT00068872,2023-11-09,EMP04330,CC0110,FI,2,Lateral Deployment,,CAD,CA,2023-11-10 06:00:00,PAYROLL
EVT00068301,2023-11-21,EMP01110,CC0091,AS,3,Performance Pay,6784.12,CAD,CA,2023-11-22 05:00:00,PAYROLL
EVT00069308,2023-11-17,EMP03679,CC0103,FI,2,Step Increment,95168.5,CAD,CAN,2023-11-17 10:00:00,CORE_HR
EVT00068208,2023-11-07,EMP01963,CC0063,PA,2,Performance Pay,4934.27,CAD,CA,2023-11-07 14:00:00,PAYROLL
EVT00069482,2023-11-14,EMP01207,CC0016,AS,3,Leave Start,,CAD,CAN,2023-11-14 08:00:00,CORE_HR
EVT00067982,2023-11-12,EMP00688,CC0109,IT,3,Performance Pay,11911.55,CAD,CA,2023-11-13 01:00:00,PAYROLL
EVT00068165,2023-11-12,EMP00429,CC0023,EC,1,Leave Start,,CAD,CAN,2023-11-12 22:00:00,CORE_HR
EVT00067758,2023-11-18,EMP02851,CC0098,AS,2,Leave Start,,CAD,CAN,2023-11-18 18:00:00,CORE_HR
EVT00069528,2023-11-09,EMP04893,CC0014,EX,1,Performance Pay,11351.19,CAD,CAN,2023-11-09 15:00:00,CORE_HR
EVT00068629,2023-11-25,EMP03106,CC0111,FI,2,Step Increment,248642.2,AED,AE,2023-11-25 06:00:00,PAYROLL
EVT00069135,2023-11-12,EMP05185,CC0026,AS,2,Lateral Deployment,,CAD,CA,2023-11-13 11:00:00,PAYROLL
EVT00068035,1900-01-01,EMP00241,CC0032,CR,1,Lateral Deployment,,CAD,CA,2023-11-12 14:00:00,PAYROLL
EVT00068972,2023-11-09,EMP01414,CC0001,EN,1,Departure,,CAD,CAN,2023-11-10 02:00:00,CORE_HR
EVT00068294,2023-11-19,EMP05044,CC0044,IT,2,Promotion,104898.98,CAD,CA,2023-11-19 10:00:00,PAYROLL
EVT00067718,2023-11-18,EMP03528,CC0103,FI,2,Lateral Deployment,,CAD,CAN,2023-11-18 06:00:00,CORE_HR
EVT00068585,2023-11-25,EMP04945,CC0102,IT,1,Performance Pay,9931.37,CAD,CA,2023-11-26 07:00:00,PAYROLL
EVT00068340,2023-11-06,EMP01199,CC0053,PA,2,Performance Pay,6674.79,CAD,CAN,2023-11-06 18:00:00,CORE_HR
EVT00068443,2023-11-23,EMP02339,CC0001,IT,1,Leave Return,,CAD,CAN,2023-11-23 19:00:00,CORE_HR
EVT00068608,2023-11-01,EMP03032,CC0007,EX,2,Step Increment,119780.67,USD,US,2023-11-02 01:00:00,PAYROLL
EVT00068584,2023-11-22,EMP04009,CC0035,EX,1,Lateral Deployment,,CAD,CA,2023-11-22 11:00:00,PAYROLL
EVT00067778,2023-11-11,EMP00687,CC0080,IT,4,Hire,92710.87,SGD,SG,2023-11-12 12:00:00,PAYROLL
EVT00069186,2023-11-08,EMP05157,CC0012,PA,2,Leave Start,,CAD,CA,2023-11-08 13:00:00,PAYROLL
EVT00068105,2023-11-10,EMP02878,CC0018,AS,2,Step Increment,65241.99,CAD,CAN,2023-11-13 21:00:00,CORE_HR
EVT00067792,2023-11-24,EMP01731,CC0099,EN,2,Leave Start,,CAD,CA,2023-11-24 09:00:00,PAYROLL
EVT00069263,2023-11-12,EMP01546,CC0048,EC,1,Lateral Deployment,,CAD,CAN,2023-11-13 07:00:00,CORE_HR
EVT00069214,2023-11-17,EMP03620,CC0019,FI,1,Step Increment,78155.37,CAD,CAN,2023-11-18 07:00:00,CORE_HR
EVT00068357,2023-11-12,EMP03374,CC0047,CR,5,Step Increment,74313.46,CAD,CA,2023-11-12 18:00:00,PAYROLL
EVT00068492,2023-11-01,EMP02851,CC0098,AS,2,Leave Return,,CAD,CAN,2023-11-02 11:00:00,CORE_HR
EVT00068327,2023-11-02,EMP02430,CC0116,AS,1,Step Increment,60213.61,CAD,CA,2023-11-02 14:00:00,PAYROLL
EVT00069297,2023-11-18,EMP04509,CC0002,PA,3,Leave Return,,CAD,CAN,2023-11-18 19:00:00,CORE_HR
EVT00069168,2023-11-03,EMP02037,CC0021,PA,1,Lateral Deployment,,CAD,CA,2023-11-04 15:00:00,PAYROLL
EVT00069212,2023-11-14,EMP04582,CC0075,IT,3,Departure,,CAD,CAN,2023-11-15 12:00:00,CORE_HR
EVT00068408,2023-11-10,EMP03301,CC0096,FI,1,Leave Start,,CAD,CAN,2023-11-10 11:00:00,CORE_HR
EVT00068177,2023-11-21,EMP00110,CC0043,EC,4,Promotion,117456.67,CAD,CA,2023-11-21 09:00:00,PAYROLL
EVT00068128,2023-11-27,EMP00308,CC0119,AS,2,Performance Pay,4422.48,CAD,CAN,2023-11-28 03:00:00,CORE_HR
EVT00069564,2023-11-24,EMP01317,CC0079,PA,5,Step Increment,111272.85,CAD,CA,2023-11-24 18:00:00,PAYROLL
EVT00068631,2023-11-05,EMP01232,CC0068,PA,2,Lateral Deployment,,CAD,CAN,2023-11-06 01:00:00,CORE_HR
EVT00069539,2023-11-19,EMP04705,CC0092,EN,3,Lateral Deployment,,CAD,CA,2023-11-19 08:00:00,PAYROLL
EVT00068755,2023-11-08,EMP02420,CC0081,PA,3,Leave Return,,CAD,CA,2023-11-09 10:00:00,PAYROLL
EVT00069115,2023-11-11,EMP02693,CC0011,PA,3,Lateral Deployment,,CAD,CAN,2023-11-11 23:00:00,CORE_HR
EVT00068134,2023-11-20,EMP02881,CC0058,PA,1,Leave Return,,CAD,CA,2023-11-21 11:00:00,PAYROLL
EVT00069150,2023-11-11,EMP02541,CC0114,EN,2,Lateral Deployment,,CAD,CA,2023-11-11 06:00:00,PAYROLL
EVT00068240,2023-11-01,EMP00695,CC0087,EC,4,Hire,119598.34,CAD,CAN,2023-11-02 03:00:00,CORE_HR
EVT00068304,2023-11-20,EMP04230,CC0050,PA,4,Leave Start,,CAD,CAN,2023-11-20 22:00:00,CORE_HR
EVT00068694,2023-11-19,EMP01390,CC0046,AS,4,Performance Pay,52265.29,MXN,MX,2023-11-19 06:00:00,PAYROLL
EVT00068009,2023-11-15,EMP02499,CC0039,AS,3,Performance Pay,8830.92,CAD,CAN,2023-11-16 12:00:00,CORE_HR
EVT00069100,2023-11-20,EMP00849,CC0051,CR,1,Performance Pay,5426.32,CAD,CA,2023-11-20 19:00:00,PAYROLL
EVT00068672,2023-11-22,EMP01143,CC0079,IT,3,Leave Return,,CAD,CAN,2023-11-22 11:00:00,CORE_HR
EVT00068437,2023-11-20,EMP00327,CC0027,EN,1,Step Increment,86431.82,CAD,CA,2023-11-20 16:00:00,PAYROLL
EVT00067890,2023-11-07,EMP02507,CC0074,EX,1,Performance Pay,11729.53,AUD,AUS,2023-11-08 04:00:00,CORE_HR
EVT00069341,2023-11-17,EMP05073,CC0003,AS,5,Lateral Deployment,,CAD,CA,2023-11-17 06:00:00,PAYROLL
EVT00069268,2023-11-23,EMP00081,CC0094,AS,2,Leave Start,,CAD,CAN,2023-11-23 13:00:00,CORE_HR
EVT00067690,2023-11-04,EMP05033,CC0080,IT,1,Hire,60988.05,SGD,SGP,2023-11-06 08:00:00,CORE_HR
EVT00069380,2023-11-26,EMP01310,CC0072,IT,3,Departure,,CAD,CA,2023-11-26 15:00:00,PAYROLL
EVT00067748,2023-11-21,EMP03950,CC0031,FI,2,Step Increment,1076184.84,MXN,MEX,2023-11-21 06:00:00,CORE_HR
EVT00068462,2023-11-25,EMP01523,CC0066,IT,3,Performance Pay,12117.68,CAD,CA,2023-11-25 14:00:00,PAYROLL
EVT00069532,2023-11-10,EMP01623,CC0033,EN,4,Leave Start,,CAD,CA,2023-11-10 10:00:00,PAYROLL
EVT00068993,2023-11-11,EMP01531,CC0112,FI,4,Leave Return,,CAD,CA,2023-11-12 10:00:00,PAYROLL
EVT00069180,2023-11-07,EMP02358,CC0118,PA,2,Departure,,CAD,CAN,2023-11-08 00:00:00,CORE_HR
EVT00069368,2023-11-15,EMP00149,CC0020,FI,1,Leave Return,,CAD,CAN,2023-11-17 16:00:00,CORE_HR
EVT00068353,2023-11-17,EMP02076,CC0034,PA,1,Lateral Deployment,,CAD,CA,2023-11-17 19:00:00,PAYROLL
EVT00069319,2023-11-02,EMP03636,CC0076,IT,4,Leave Start,,CAD,CAN,2023-11-03 05:00:00,CORE_HR
EVT00069060,2023-11-25,EMP02624,CC0018,CR,2,Hire,75522.29,CAD,CAN,2023-11-26 01:00:00,CORE_HR
EVT00068351,2023-11-24,EMP02342,CC0059,IT,5,Step Increment,136823.95,CAD,CAN,2023-11-24 23:00:00,CORE_HR
EVT00068877,2023-11-24,EMP04407,CC0029,PA,2,Leave Start,,JPY,JPN,2023-11-24 07:00:00,CORE_HR
EVT00069468,2023-11-17,EMP00847,CC0065,CR,1,Step Increment,113877.38,AED,AE,2023-11-18 02:00:00,PAYROLL
EVT00068627,2023-11-23,EMP00345,CC0091,IT,2,Step Increment,115579.1,CAD,CA,2023-11-24 08:00:00,PAYROLL
EVT00069516,2023-11-22,EMP02736,CC0070,PA,2,Leave Return,,CAD,CA,2023-11-22 16:00:00,PAYROLL
EVT00067959,2023-11-15,EMP03735,CC0060,PA,1,Step Increment,68326.51,CAD,CAN,2023-11-15 16:00:00,CORE_HR
EVT00068929,2023-11-07,EMP03368,CC0050,CR,4,Step Increment,77216.42,CAD,CA,2023-11-07 11:00:00,PAYROLL
EVT00069449,2023-11-17,EMP00951,CC0108,PA,3,Step Increment,66676.16,SGD,SG,2023-11-17 08:00:00,PAYROLL
EVT00069190,2023-11-25,EMP03562,CC0009,PA,5,Hire,12208167.04,KES,KEN,2023-11-26 11:00:00,CORE_HR
EVT00068793,2023-11-21,EMP01163,CC0065,EN,2,Leave Start,,EUR,FRA,2023-11-22 06:00:00,CORE_HR
EVT00067887,2023-11-21,EMP04173,CC0072,PA,3,Performance Pay,9225.71,CAD,CAN,2023-11-21 18:00:00,CORE_HR
EVT00069145,2023-11-03,EMP04294,CC0078,IT,3,Step Increment,101129.29,CAD,CA,2023-11-04 13:00:00,PAYROLL
EVT00069226,2023-11-27,EMP00140,CC0083,CR,5,Step Increment,65851.26,CAD,CA,2023-11-27 13:00:00,PAYROLL
EVT00069507,2023-11-03,EMP03687,CC0017,CR,3,Leave Return,,CAD,CAN,2023-11-04 00:00:00,CORE_HR
EVT00068270,2023-11-12,EMP02845,CC0008,PA,1,Departure,,CAD,CAN,2023-11-13 15:00:00,CORE_HR
EVT00068096,2023-11-19,EMP01799,CC0067,AS,3,Leave Return,,CAD,CAN,2023-11-20 04:00:00,CORE_HR
EVT00068233,2023-11-16,EMP00066,CC0089,CR,2,Leave Return,,CAD,CA,2023-11-17 01:00:00,PAYROLL
EVT00069287,2023-11-18,EMP00298,CC0113,EX,1,Step Increment,146702.19,CAD,CAN,2023-11-19 13:00:00,CORE_HR
EVT00068191,2023-11-20,EMP02084,CC0052,IT,3,Leave Start,,CAD,CA,2023-11-20 18:00:00,PAYROLL
EVT00069521,2023-11-05,EMP04722,CC0005,IT,1,Step Increment,80792.14,CAD,CAN,2023-11-05 11:00:00,CORE_HR
EVT00069370,2023-11-23,EMP04742,CC0020,IT,2,Lateral Deployment,,CAD,CAN,2023-11-24 12:00:00,CORE_HR
EVT00069582,2023-11-20,EMP01020,CC0042,PA,4,Promotion,84455.63,CAD,CAN,2023-11-20 12:00:00,CORE_HR
EVT00068607,2023-11-21,EMP02752,CC0036,PA,3,Step Increment,87904.64,CAD,CAN,2023-11-22 00:00:00,CORE_HR
EVT00068614,2023-11-03,EMP01716,CC0116,EN,3,Hire,107345.36,CAD,CAN,2023-11-03 13:00:00,CORE_HR
EVT00069024,2023-11-05,EMP00006,CC0037,CR,2,Step Increment,55217.18,CAD,CA,2023-11-05 09:00:00,PAYROLL
EVT00068657,2023-11-09,EMP03392,CC0108,IT,1,Performance Pay,12501.45,AUD,AUS,2023-11-09 12:00:00,CORE_HR
EVT00068679,2023-11-02,EMP00578,CC0025,CR,3,Lateral Deployment,,CAD,CAN,2023-11-02 16:00:00,CORE_HR
EVT00069542,2023-11-20,EMP01613,CC0106,PA,3,Departure,,CAD,CA,2023-11-21 07:00:00,PAYROLL
EVT00068882,2023-11-04,EMP02077,CC0068,PA,2,Leave Return,,CAD,CAN,2023-11-05 13:00:00,CORE_HR
EVT00067767,2023-11-11,EMP03706,CC0050,EX,1,Performance Pay,14103.63,CAD,CAN,2023-11-12 11:00:00,CORE_HR
EVT00068609,2023-11-20,EMP04805,CC0098,EX,2,Step Increment,171890.5,CAD,CA,2023-11-21 02:00:00,PAYROLL
EVT00069510,2023-11-11,EMP02881,CC0058,PA,1,Step Increment,65204.92,CAD,CA,2023-11-11 10:00:00,PAYROLL
EVT00068210,2023-11-12,EMP00063,CC0075,EN,1,Leave Start,,CAD,CAN,2023-11-16 01:00:00,CORE_HR
EVT00067940,2023-11-27,EMP01599,CC0086,EX,1,Leave Return,,KES,KEN,2023-11-28 02:00:00,CORE_HR
EVT00068983,2023-11-12,EMP00117,CC0062,EN,1,Step Increment,85625.4,CAD,CA,2023-11-13 14:00:00,PAYROLL
EVT00068667,2023-11-17,EMP04431,CC0066,EX,1,Promotion,148713.2,CAD,CAN,2023-11-18 08:00:00,CORE_HR
EVT00068221,2023-11-08,EMP02800,CC0083,PA,2,Departure,,CAD,CA,2023-11-08 21:00:00,PAYROLL
EVT00069409,2023-11-17,EMP01981,CC0101,AS,3,Lateral Deployment,,CAD,CA,2023-11-18 04:00:00,PAYROLL
EVT00068757,2023-11-26,EMP02466,CC0051,CR,3,Lateral Deployment,,CAD,CAN,2023-11-27 11:00:00,CORE_HR
EVT00069274,2023-11-06,EMP02468,CC0035,IT,1,Step Increment,86561.79,CAD,CAN,2023-11-07 00:00:00,CORE_HR
EVT00068432,2023-11-08,EMP00453,CC0063,EN,1,Step Increment,103229.66,CAD,CAN,2023-11-09 15:00:00,CORE_HR
EVT00067932,2023-11-22,EMP04704,CC0050,FI,5,Hire,130703.66,CAD,CA,2023-11-22 12:00:00,PAYROLL
EVT00068495,2023-11-11,EMP00913,CC0085,PA,3,Lateral Deployment,,CAD,CA,2023-11-12 08:00:00,PAYROLL
EVT00068931,2023-11-14,EMP01046,CC0035,FI,3,Step Increment,99786.01,CAD,CAN,2023-11-15 12:00:00,CORE_HR
EVT00068062,2023-11-14,EMP00633,CC0073,IT,1,Step Increment,66683.16,CAD,CA,2023-11-15 13:00:00,PAYROLL
EVT00068414,2023-11-23,EMP03267,CC0019,EN,1,Leave Return,,CAD,CAN,2023-11-23 22:00:00,CORE_HR
EVT00068289,2023-11-18,EMP03685,CC0017,IT,2,Leave Return,,CAD,CA,2023-11-19 12:00:00,PAYROLL
EVT00069537,2023-11-10,EMP03614,CC0104,EX,1,Leave Start,,CAD,CAN,2023-11-10 12:00:00,CORE_HR
EVT00068217,2023-11-05,EMP03454,CC0054,CR,4,Hire,277221.9,BRL,BRA,2023-11-05 18:00:00,CORE_HR
EVT00069464,2023-11-04,EMP00777,CC0035,PA,4,Step Increment,86272.81,CAD,CA,2023-11-04 22:00:00,PAYROLL
EVT00068559,2023-11-15,EMP00763,CC0081,IT,2,Step Increment,93906.56,CAD,CAN,2023-11-15 07:00:00,CORE_HR
EVT00069333,2023-11-16,EMP05043,CC0050,PA,1,Step Increment,64450.71,CAD,CAN,2023-11-17 07:00:00,CORE_HR
EVT00069205,2023-11-03,EMP05168,CC0008,EC,1,Promotion,66979.74,CAD,CAN,2023-11-04 15:00:00,CORE_HR
EVT00068471,2023-11-07,EMP04305,CC0096,AS,1,Lateral Deployment,,CAD,CAN,2023-11-09 06:00:00,CORE_HR
EVT00068742,2023-11-02,EMP02315,CC0060,EN,1,Departure,,CAD,CAN,2023-11-03 15:00:00,CORE_HR
EVT00069152,2023-11-18,EMP04355,CC0084,CR,2,Step Increment,59569.01,CAD,CA,2023-11-19 03:00:00,PAYROLL
EVT00068471,2023-11-07,EMP04305,CC0096,AS,1,Lateral Deployment,,CAD,CAN,2023-11-08 14:00:00,CORE_HR
EVT00069230,2023-11-27,EMP03941,CC0055,IT,3,Hire,104474.75,CAD,CAN,2023-11-28 23:00:00,CORE_HR
EVT00068537,2023-11-15,EMP00621,CC0048,IT,5,Step Increment,106898.94,CAD,CAN,2023-11-16 09:00:00,CORE_HR
EVT00067909,2023-11-19,EMP02505,CC0028,EX,1,Performance Pay,17699.82,CAD,CAN,2023-11-19 23:00:00,CORE_HR
EVT00068034,2023-11-08,EMP00770,CC0055,IT,1,Step Increment,90015.91,CAD,CAN,2023-11-08 22:00:00,CORE_HR
EVT00068787,2023-11-08,EMP03717,CC0005,PA,4,Leave Start,,CAD,CA,2023-11-08 12:00:00,PAYROLL
EVT00068416,2023-11-27,EMP01874,CC0079,PA,4,Departure,,CAD,CAN,2023-11-27 21:00:00,CORE_HR
EVT00069202,2023-11-23,EMP00751,CC0117,IT,5,Step Increment,128381.57,CAD,CA,2023-11-23 22:00:00,PAYROLL
EVT00068271,2023-11-19,EMP01247,CC0047,EN,1,Promotion,66765.32,CAD,CA,2023-11-19 17:00:00,PAYROLL
EVT00068869,2023-11-14,EMP04731,CC0110,EX,1,Hire,139845.34,CAD,CA,2023-11-14 10:00:00,PAYROLL
EVT00067918,2023-11-04,EMP04005,CC0119,FI,3,Step Increment,90309.6,CAD,CAN,2023-11-04 11:00:00,CORE_HR
EVT00068754,2023-11-17,EMP02020,CC0001,FI,1,Promotion,76614.74,CAD,CAN,2023-11-18 09:00:00,CORE_HR
EVT00067832,2023-11-06,EMP00169,CC0016,PA,1,Step Increment,65141.39,CAD,CAN,2023-11-06 20:00:00,CORE_HR
EVT00068368,2023-11-25,EMP03440,CC0036,PA,2,Performance Pay,7723.94,CAD,CA,2023-11-25 22:00:00,PAYROLL
EVT00069139,2023-11-27,EMP01870,CC0017,FI,5,Step Increment,129640.46,CAD,CAN,2023-11-28 04:00:00,CORE_HR
EVT00069512,2023-11-03,EMP00515,CC0098,PA,5,Lateral Deployment,,CAD,CA,2023-11-05 11:00:00,PAYROLL
EVT00069561,2023-11-21,EMP01230,CC0009,PA,1,Performance Pay,5870.92,AUD,AUS,2023-11-21 14:00:00,CORE_HR
EVT00068799,2023-11-24,EMP05182,CC0049,AS,4,Performance Pay,19907.77,AED,ARE,2023-11-25 15:00:00,CORE_HR
EVT00068139,2023-11-04,EMP04311,CC0056,IT,4,Leave Start,,CAD,CAN,2023-11-05 10:00:00,CORE_HR
EVT00067844,2023-11-06,EMP03245,CC0025,EX,1,Step Increment,139405.75,CAD,CA,2023-11-07 02:00:00,PAYROLL
EVT00069182,2023-11-09,EMP04887,CC0008,EX,1,Lateral Deployment,,CAD,CA,2023-11-09 11:00:00,PAYROLL
EVT00068328,2023-11-20,EMP01857,CC0108,IT,2,Lateral Deployment,,SGD,SGP,2023-11-20 16:00:00,CORE_HR
EVT00068581,2023-11-15,EMP05194,CC0098,PA,1,Hire,62543.38,CAD,CAN,2023-11-16 10:00:00,CORE_HR
EVT00069303,2023-11-09,EMP03289,CC0069,FI,5,Hire,120030.36,CAD,CAN,2023-11-10 14:00:00,CORE_HR
EVT00069548,2023-11-23,EMP01651,CC0027,IT,1,Promotion,77295.44,CAD,CAN,2023-11-23 14:00:00,CORE_HR
EVT00069483,2023-11-12,EMP00679,CC0029,FI,1,Step Increment,65718.48,EUR,DE,2023-11-12 23:00:00,PAYROLL
EVT00069420,2023-11-10,EMP02045,CC0095,EN,1,Step Increment,71359.68,CAD,CAN,2023-11-10 20:00:00,CORE_HR
EVT00069230,2023-11-27,EMP03941,CC0055,IT,3,Hire,104474.75,CAD,CAN,2023-11-28 10:00:00,CORE_HR
EVT00069133,2023-11-25,EMP00129,CC0023,IT,2,Step Increment,104355.11,CAD,CAN,2023-11-26 08:00:00,CORE_HR
EVT00068630,2023-11-25,EMP05186,CC0069,CR,2,Step Increment,57160.81,CAD,CA,2023-11-28 10:00:00,PAYROLL
EVT00067980,2023-11-05,EMP01094,CC0038,FI,4,Step Increment,120575.25,CAD,CAN,2023-11-05 06:00:00,CORE_HR
EVT00069466,2023-11-14,EMP02785,CC0082,PA,5,Step Increment,97322.5,CAD,CA,2023-11-15 15:00:00,PAYROLL
EVT00068133,2023-11-22,EMP03692,CC0081,EX,1,Leave Return,,CAD,CA,2023-11-22 13:00:00,PAYROLL
EVT00068371,2023-11-26,EMP00107,CC0031,AS,3,Lateral Deployment,,BRL,BRA,2023-11-27 01:00:00,CORE_HR
EVT00068413,2023-11-16,EMP00916,CC0019,EX,1,Leave Start,,CAD,CAN,2023-11-17 14:00:00,CORE_HR
EVT00068355,2023-11-25,EMP02632,CC0070,IT,4,Step Increment,123739.8,CAD,CAN,2023-11-27 11:00:00,CORE_HR
EVT00069001,2023-11-19,EMP04988,CC0068,EC,4,Hire,107198.73,CAD,CA,2023-11-20 12:00:00,PAYROLL
EVT00068030,2023-11-06,EMP03709,CC0025,IT,1,Step Increment,78259.71,CAD,CAN,2023-11-07 00:00:00,CORE_HR
EVT00068275,2023-11-03,EMP05004,CC0113,PA,1,Performance Pay,6381.24,CAD,CA,2023-11-03 10:00:00,PAYROLL
EVT00067884,2023-11-18,EMP01922,CC0101,IT,2,Performance Pay,5477.79,CAD,CAN,2023-11-19 04:00:00,CORE_HR
EVT00067835,2023-11-13,EMP04150,CC0032,IT,1,Step Increment,85411.46,CAD,CAN,2023-11-13 14:00:00,CORE_HR
EVT00069395,2023-11-21,EMP03827,CC0019,AS,2,Lateral Deployment,,CAD,CAN,2023-11-21 07:00:00,CORE_HR
EVT00069166,2023-11-01,EMP04067,CC0097,PA,1,Leave Start,,CAD,CAN,2023-11-01 07:00:00,CORE_HR
EVT00067990,2023-11-15,EMP01658,CC0095,EC,1,Leave Start,,CAD,CAN,2023-11-15 09:00:00,CORE_HR
EVT00067728,2023-11-18,EMP04290,CC0008,CR,3,Step Increment,70340.92,CAD,CAN,2023-11-18 22:00:00,CORE_HR
EVT00069048,2023-11-21,EMP02542,CC0089,AS,3,Leave Start,,CAD,CAN,2023-11-21 22:00:00,CORE_HR
EVT00068324,2023-11-20,EMP03119,CC0116,IT,3,Departure,,CAD,CAN,2023-11-22 01:00:00,CORE_HR
EVT00068252,2023-11-23,EMP02464,CC0116,PA,1,Leave Start,,CAD,CA,2023-11-23 06:00:00,PAYROLL
EVT00068046,2023-11-16,EMP00345,CC0091,IT,2,Leave Return,,CAD,CAN,2023-11-17 03:00:00,CORE_HR
EVT00069265,2023-11-20,EMP04162,CC0062,IT,4,Leave Return,,CAD,CA,2023-11-21 12:00:00,PAYROLL
EVT00069501,2023-11-08,EMP00063,CC0075,EN,1,Leave Return,,CAD,CAN,2023-11-08 17:00:00,CORE_HR
EVT00067753,2023-11-25,EMP01283,CC0089,AS,3,Performance Pay,3563.79,CAD,CA,2023-11-26 15:00:00,PAYROLL
EVT00068171,2023-11-17,EMP02219,CC0063,EX,1,Hire,126638.44,CAD,CA,2023-11-18 13:00:00,PAYROLL
EVT00068479,2023-11-01,EMP01241,CC0049,PA,4,Step Increment,4290954.87,INR,IND,2023-11-02 07:00:00,CORE_HR
EVT00068145,2023-11-08,EMP00924,CC0031,EN,2,Performance Pay,67592.28,MXN,MEX,2023-11-08 13:00:00,CORE_HR
EVT00068090,2023-11-18,EMP00118,CC0030,AS,2,Hire,7155596.58,KES,KE,2023-11-18 06:00:00,PAYROLL
EVT00068321,2023-11-05,EMP01369,CC0015,PA,5,Step Increment,109445.01,CAD,CAN,2023-11-05 07:00:00,CORE_HR
EVT00068095,2023-11-20,EMP02935,CC0051,EC,2,Step Increment,96325.11,CAD,CAN,2023-11-22 21:00:00,CORE_HR
EVT00068894,2023-11-02,EMP04664,CC0093,AS,4,Step Increment,83268.05,CAD,CA,2023-11-02 11:00:00,PAYROLL
EVT00068576,2023-11-14,EMP03970,CC0098,PA,4,Leave Start,,CAD,CA,2023-11-15 03:00:00,PAYROLL
EVT00067811,2023-11-20,EMP00698,CC0109,PA,3,Step Increment,95645.42,CAD,CA,2023-11-20 13:00:00,PAYROLL
EVT00069590,2023-11-17,EMP00293,CC0037,IT,2,Lateral Deployment,,CAD,CAN,2023-11-17 08:00:00,CORE_HR
EVT00069467,2023-11-02,EMP01895,CC0082,FI,2,Hire,93332.44,CAD,CA,2023-11-02 08:00:00,PAYROLL
EVT00068494,2023-11-21,EMP00696,CC0087,PA,1,Performance Pay,7116.48,CAD,CAN,2023-11-21 17:00:00,CORE_HR
EVT00068263,2023-11-11,EMP00702,CC0017,FI,1,Performance Pay,5604.34,CAD,CAN,2023-11-11 20:00:00,CORE_HR
EVT00067817,2023-11-05,EMP04031,CC0018,AS,5,Step Increment,101378.07,CAD,CAN,2023-11-05 15:00:00,CORE_HR
EVT00068353,2023-11-17,EMP02076,CC0034,PA,1,Lateral Deployment,,CAD,CA,2023-11-17 07:00:00,PAYROLL
EVT00068646,2023-11-19,EMP03236,CC0028,FI,2,Lateral Deployment,,CAD,CAN,2023-11-20 14:00:00,CORE_HR
EVT00069408,2023-11-15,EMP00499,CC0052,AS,3,Leave Return,,CAD,CA,2023-11-15 14:00:00,PAYROLL
EVT00067907,2023-11-04,EMP01678,CC0065,EC,3,Step Increment,87136.36,USD,USA,2023-11-05 03:00:00,CORE_HR
EVT00067768,2023-11-27,EMP04603,CC0070,IT,2,Step Increment,96052.8,CAD,CA,2023-11-28 05:00:00,PAYROLL
EVT00068813,2023-11-02,EMP04400,CC0096,IT,1,Step Increment,86244.42,CAD,CA,2023-11-02 09:00:00,PAYROLL
EVT00069354,2023-11-03,EMP01644,CC0086,EC,1,Step Increment,4586863.21,INR,IND,2023-11-04 09:00:00,CORE_HR
EVT00067955,2023-11-20,EMP03766,CC0096,CR,4,Departure,,CAD,CA,2023-11-20 19:00:00,PAYROLL
EVT00068072,2023-11-01,EMP01783,CC0083,PA,2,Step Increment,79691.8,CAD,CA,2023-11-01 10:00:00,PAYROLL
EVT00069595,2023-11-24,EMP01868,CC0093,CR,1,Lateral Deployment,,CAD,CAN,2023-11-25 07:00:00,CORE_HR
EVT00068827,2023-11-10,EMP01016,CC0083,AS,1,Departure,,CAD,CAN,2023-11-11 00:00:00,CORE_HR
EVT00069081,2023-11-25,EMP04132,CC0015,PA,2,Step Increment,73746.27,CAD,CA,2023-11-25 11:00:00,PAYROLL
EVT00068907,2023-11-08,EMP00116,CC0015,IT,5,Step Increment,129802.84,CAD,CAN,2023-11-08 17:00:00,CORE_HR
EVT00068280,2023-11-21,EMP02386,CC0109,PA,5,Step Increment,102949.65,CAD,CAN,2023-11-22 00:00:00,CORE_HR
EVT00068594,2023-11-04,EMP02993,CC0099,PA,3,Leave Start,,CAD,CAN,2023-11-05 00:00:00,CORE_HR
EVT00067752,2023-11-10,EMP01201,CC0053,PA,2,Step Increment,73064.73,CAD,CAN,2023-11-10 19:00:00,CORE_HR
EVT00067791,2023-11-05,EMP03385,CC0018,FI,3,Leave Return,,CAD,CAN,2023-11-05 19:00:00,CORE_HR
EVT00068828,2023-11-26,EMP04825,CC0061,CR,1,Leave Return,,CAD,CAN,2023-11-26 19:00:00,CORE_HR
EVT00068040,2023-11-06,EMP00691,CC0101,PA,2,Step Increment,74249.25,CAD,CAN,2023-11-07 03:00:00,CORE_HR
EVT00067721,2023-11-25,EMP04853,CC0117,PA,1,Lateral Deployment,,CAD,CAN,2023-11-26 08:00:00,CORE_HR
EVT00069213,2023-11-01,EMP03469,CC0040,IT,1,Performance Pay,7865.14,CAD,CAN,2023-11-01 14:00:00,CORE_HR
EVT00067956,2023-11-16,EMP01092,CC0084,AS,4,Step Increment,84389.13,CAD,CA,2023-11-17 10:00:00,PAYROLL
EVT00067703,2023-11-01,EMP03711,CC0054,CR,1,Hire,45200.53,USD,US,2023-11-01 12:00:00,PAYROLL
EVT00069217,2023-11-18,EMP02005,CC0044,IT,3,Leave Start,,CAD,CA,2023-11-18 07:00:00,PAYROLL
EVT00068695,2023-11-14,EMP00399,CC0008,PA,5,Departure,,CAD,CAN,2023-11-15 00:00:00,CORE_HR
EVT00067944,2023-11-06,EMP04357,CC0021,AS,3,Leave Return,,CAD,CA,2023-11-06 08:00:00,PAYROLL
EVT00068524,2023-11-26,EMP02029,CC0103,IT,1,Leave Start,,CAD,CA,2023-11-26 19:00:00,PAYROLL
EVT00068769,2023-11-02,EMP04308,CC0099,CR,5,Departure,,CAD,CA,2023-11-02 11:00:00,PAYROLL
EVT00068689,2023-11-03,EMP02756,CC0057,EC,1,Leave Start,,CAD,CA,2023-11-03 16:00:00,PAYROLL
EVT00068036,2023-11-04,EMP03528,CC0103,FI,2,Leave Start,,CAD,CAN,2023-11-04 22:00:00,CORE_HR
EVT00068173,2023-11-03,EMP00581,CC0105,EC,1,Step Increment,60101.16,USD,US,2023-11-04 06:00:00,PAYROLL
EVT00067921,2023-11-14,EMP02065,CC0117,AS,1,Promotion,61439.7,CAD,CA,2023-11-15 07:00:00,PAYROLL
EVT00068022,2023-11-02,EMP02531,CC0091,IT,2,Performance Pay,10600.88,CAD,CAN,2023-11-02 21:00:00,CORE_HR
EVT00068766,2023-11-23,EMP00710,CC0071,AS,5,Step Increment,89949.84,CAD,CAN,2023-11-24 02:00:00,CORE_HR
EVT00067761,2023-11-08,EMP02922,CC0062,AS,3,Step Increment,56403.9,CAD,CAN,2023-11-08 18:00:00,CORE_HR
EVT00068996,2023-11-21,EMP03117,CC0110,FI,1,Hire,71334.02,CAD,CAN,2023-11-21 18:00:00,CORE_HR
EVT00068266,2023-11-05,EMP02681,CC0079,FI,2,Performance Pay,9649.09,CAD,CAN,2023-11-05 09:00:00,CORE_HR
EVT00068283,2023-11-10,EMP04369,CC0020,IT,1,Lateral Deployment,,CAD,CA,2023-11-11 11:00:00,PAYROLL
EVT00069478,2023-11-06,EMP04380,CC0048,EN,2,Lateral Deployment,,CAD,CAN,2023-11-07 13:00:00,CORE_HR
EVT00068561,2023-11-24,EMP03992,CC0011,CR,1,Step Increment,54063.01,CAD,CAN,2023-11-24 17:00:00,CORE_HR
EVT00069475,2023-11-21,EMP01523,CC0066,IT,3,Step Increment,119280.71,CAD,CAN,2023-11-21 23:00:00,CORE_HR
EVT00068282,2023-11-24,EMP03054,CC0041,IT,5,Step Increment,137192.0,CAD,CA,2023-11-24 19:00:00,PAYROLL
EVT00067750,2023-11-21,EMP03341,CC0074,PA,2,Promotion,8439333.81,KES,KE,2023-11-21 16:00:00,PAYROLL
EVT00068199,2023-11-05,EMP03578,CC0048,EC,3,Leave Return,,CAD,CAN,2023-11-05 11:00:00,CORE_HR
EVT00067803,2023-11-20,EMP02073,CC0077,FI,2,Step Increment,93156.48,CAD,CA,2023-11-20 16:00:00,PAYROLL
EVT00068881,2023-11-12,EMP04943,CC0018,EN,4,Performance Pay,9123.22,XXX,CAN,2023-11-13 03:00:00,CORE_HR
EVT00068477,2023-11-06,EMP00011,CC0085,IT,3,Performance Pay,15336.22,CAD,CAN,2023-11-06 17:00:00,CORE_HR
EVT00069000,2023-11-12,EMP02610,CC0044,PA,2,Step Increment,76141.86,CAD,CAN,2023-11-12 10:00:00,CORE_HR
EVT00068310,2023-11-06,EMP03216,CC0110,AS,3,Step Increment,76481.69,CAD,CAN,2023-11-06 10:00:00,CORE_HR
EVT00067818,2023-11-21,EMP03324,CC0016,FI,2,Hire,88521.11,CAD,CAN,2023-11-22 02:00:00,CORE_HR
EVT00069008,2023-11-24,EMP03513,CC0084,EN,3,Lateral Deployment,,CAD,CA,2023-11-24 12:00:00,PAYROLL
EVT00068865,2023-11-03,EMP00341,CC0008,AS,5,Step Increment,76272.1,CAD,CAN,2023-11-04 03:00:00,CORE_HR
EVT00067681,2023-11-08,EMP05111,CC0103,EN,2,Leave Return,,CAD,CAN,2023-11-09 08:00:00,CORE_HR
EVT00067855,2023-11-10,EMP02110,CC0095,AS,5,Leave Start,,CAD,CAN,2023-11-11 07:00:00,CORE_HR
EVT00068682,2023-11-04,EMP02797,CC0014,AS,1,Step Increment,62042.62,CAD,CAN,2023-11-05 10:00:00,CORE_HR
EVT00067714,2023-11-07,EMP01354,CC0017,EN,1,Performance Pay,6450.52,CAD,CAN,2023-11-08 05:00:00,CORE_HR
EVT00068978,2023-11-22,EMP03108,CC0019,EN,1,Hire,77787.78,CAD,CAN,2023-11-23 04:00:00,CORE_HR
EVT00069465,2023-11-17,EMP05182,CC0049,AS,4,Performance Pay,92476.84,MXN,MX,2023-11-17 22:00:00,PAYROLL
EVT00068533,2023-11-14,EMP02725,CC0116,PA,2,Hire,78213.01,CAD,CAN,2023-11-15 01:00:00,CORE_HR
EVT00069132,2023-11-25,EMP01657,CC0116,IT,3,Hire,105521.64,CAD,CA,2023-11-25 17:00:00,PAYROLL
EVT00069442,2023-11-21,EMP02546,CC0061,CR,5,Leave Start,,CAD,CA,2023-11-22 05:00:00,PAYROLL
EVT00069120,2023-11-04,EMP04501,CC0118,AS,1,Performance Pay,7609.76,CAD,CAN,2023-11-04 07:00:00,CORE_HR
EVT00067734,2023-11-23,EMP02179,CC0103,AS,4,Step Increment,74285.65,CAD,CA,2023-11-23 15:00:00,PAYROLL
EVT00069489,2023-11-04,EMP01905,CC0118,AS,4,Lateral Deployment,,CAD,CA,2023-11-05 09:00:00,PAYROLL
EVT00068418,2023-11-22,EMP01995,CC0117,FI,1,Leave Start,,CAD,CAN,2023-11-23 11:00:00,CORE_HR
EVT00069603,2023-11-01,EMP04382,CC0119,IT,4,Performance Pay,15610.8,CAD,CAN,2023-11-02 08:00:00,CORE_HR
EVT00069264,2023-11-05,EMP03441,CC0016,AS,3,Leave Start,,CAD,CAN,2023-11-05 19:00:00,CORE_HR
EVT00069061,2023-11-01,EMP01814,CC0119,EX,1,Lateral Deployment,,CAD,CAN,2023-11-01 18:00:00,CORE_HR
EVT00068905,2023-11-21,EMP01573,CC0002,EN,2,Step Increment,94337.54,CAD,CA,2023-11-22 05:00:00,PAYROLL
EVT00068032,2023-11-20,EMP04010,CC0004,EX,1,Step Increment,140810.07,CAD,CAN,2023-11-20 21:00:00,CORE_HR
EVT00069241,2023-11-12,EMP00150,CC0025,IT,1,Step Increment,89371.89,CAD,CA,2023-11-13 14:00:00,PAYROLL
EVT00068723,2023-11-09,EMP02617,CC0017,IT,2,Lateral Deployment,,CAD,CAN,2023-11-09 08:00:00,CORE_HR
EVT00069505,2023-11-22,EMP04864,CC0102,AS,3,Step Increment,75911.68,CAD,CAN,2023-11-23 05:00:00,CORE_HR
EVT00069581,2023-11-05,EMP00957,CC0042,CR,4,Leave Start,,CAD,CAN,2023-11-05 07:00:00,CORE_HR
EVT00068835,2023-11-07,EMP00524,CC0057,PA,4,Step Increment,93258.72,CAD,CA,2023-11-07 21:00:00,PAYROLL
EVT00069484,2023-11-11,EMP00263,CC0014,EX,1,Leave Return,,CAD,CAN,2023-11-11 14:00:00,CORE_HR
EVT00068118,2023-11-25,EMP04909,CC0104,CR,3,Step Increment,72065.09,CAD,CA,2023-11-25 12:00:00,PAYROLL
EVT00068225,2023-11-18,EMP02234,CC0022,EN,5,Step Increment,176878.87,CAD,CAN,2023-11-19 12:00:00,CORE_HR
EVT00067951,2023-11-10,EMP00851,CC0079,IT,2,Step Increment,106114.31,CAD,CAN,2023-11-11 05:00:00,CORE_HR
EVT00068027,2023-11-13,EMP00722,CC0035,IT,1,Step Increment,85927.15,CAD,CA,2023-11-13 14:00:00,PAYROLL
EVT00068164,2023-11-08,EMP01455,CC0116,AS,5,Performance Pay,8239.62,CAD,CAN,2023-11-09 13:00:00,CORE_HR
EVT00069137,2023-11-04,EMP00040,CC0053,IT,5,Step Increment,106086.06,CAD,CA,2023-11-05 01:00:00,PAYROLL
EVT00067998,2023-11-02,EMP05132,CC0021,IT,3,Leave Start,,CAD,CAN,2023-11-03 09:00:00,CORE_HR
EVT00069242,2023-11-24,EMP04298,CC0083,IT,1,Leave Return,,CAD,CA,2023-11-25 04:00:00,PAYROLL
EVT00067961,2023-11-24,EMP01142,CC0117,IT,3,Departure,,CAD,CAN,2023-11-24 14:00:00,CORE_HR
EVT00069365,2023-11-22,EMP01843,CC0087,EN,1,Leave Start,,CAD,CAN,2023-11-22 20:00:00,CORE_HR
EVT00068347,2023-11-05,EMP00496,CC0028,PA,2,Performance Pay,6610.87,CAD,CAN,2023-11-06 09:00:00,CORE_HR
EVT00067671,2023-11-15,EMP02991,CC0083,PA,3,Leave Return,,CAD,CA,2023-11-16 06:00:00,PAYROLL
EVT00068014,2023-11-27,EMP03673,CC0020,PA,5,Departure,,CAD,CAN,2023-11-28 06:00:00,CORE_HR
EVT00069545,2023-11-15,EMP01841,CC0037,FI,1,Promotion,71083.35,CAD,CA,2023-11-15 08:00:00,PAYROLL
EVT00067715,2023-11-19,EMP04467,CC0093,IT,1,Step Increment,78116.83,CAD,CAN,2023-11-20 13:00:00,CORE_HR
EVT00068148,2023-11-06,EMP04241,CC0012,FI,2,Hire,90359.13,CAD,CA,2023-11-07 15:00:00,PAYROLL
EVT00068630,2023-11-25,EMP05186,CC0069,CR,2,Step Increment,57160.81,CAD,CA,2023-11-25 19:00:00,PAYROLL
EVT00067912,2023-11-27,EMP02270,CC0067,CR,3,Leave Return,,CAD,CAN,2023-11-28 13:00:00,CORE_HR
EVT00068131,2023-11-26,EMP03920,CC0074,EC,4,Performance Pay,9289.71,GBP,GBR,2023-11-27 02:00:00,CORE_HR
EVT00069207,2023-11-09,EMP03213,CC0029,EC,5,Leave Return,,BRL,BR,2023-11-09 17:00:00,PAYROLL
EVT00069330,2023-11-22,EMP02334,CC0104,EC,1,Leave Return,,CAD,CAN,2023-11-22 20:00:00,CORE_HR
EVT00068206,2023-11-08,EMP00675,CC0046,AS,1,Lateral Deployment,,USD,US,2023-11-08 13:00:00,PAYROLL
EVT00068269,2023-11-23,EMP01142,CC0117,IT,3,Step Increment,122017.64,CAD,CAN,2023-11-23 08:00:00,CORE_HR
EVT00068878,2023-11-09,EMP01152,CC0031,AS,4,Step Increment,9730860.18,KES,KEN,2023-11-10 07:00:00,CORE_HR
EVT00068790,2023-11-11,EMP02351,CC0109,EX,1,Leave Start,,CAD,CAN,2023-11-12 08:00:00,CORE_HR
EVT00068957,2023-11-15,EMP02164,CC0080,PA,2,Step Increment,223062.0,AED,AE,2023-11-15 15:00:00,PAYROLL
EVT00068344,2023-11-14,EMP00098,CC0073,EC,2,Performance Pay,7692.78,CAD,CAN,2023-11-15 01:00:00,CORE_HR
EVT00068314,2023-11-22,EMP02319,CC0048,PA,3,Step Increment,80615.72,CAD,CAN,2023-11-22 09:00:00,CORE_HR
EVT00068436,2023-11-11,EMP02743,CC0097,EX,2,Leave Return,,CAD,CAN,2023-11-11 06:00:00,CORE_HR
EVT00068525,2023-11-03,EMP03008,CC0095,PA,4,Step Increment,86244.48,CAD,CAN,2023-11-04 04:00:00,CORE_HR
EVT00068583,2023-11-12,EMP04120,CC0040,AS,3,Hire,78061.21,CAD,CAN,2023-11-13 12:00:00,CORE_HR
EVT00068429,2023-11-20,EMP04683,CC0077,PA,1,Leave Return,,CAD,CAN,2023-11-21 02:00:00,CORE_HR
EVT00068094,2023-11-12,EMP02755,CC0024,EN,5,Performance Pay,14403.97,CAD,CAN,2023-11-12 21:00:00,CORE_HR
EVT00069577,2023-11-20,EMP02707,CC0053,EC,2,Leave Return,,CAD,CAN,2023-11-20 17:00:00,CORE_HR
EVT00067686,2023-11-03,EMP04897,CC0068,PA,2,Step Increment,71105.75,CAD,CAN,2023-11-03 11:00:00,CORE_HR
EVT00069585,2023-11-05,EMP04986,CC0049,EN,1,Departure,,MXN,MEX,2023-11-06 09:00:00,CORE_HR
EVT00069586,2023-11-05,EMP02643,CC0013,PA,1,Step Increment,61552.65,CAD,CAN,2023-11-05 08:00:00,CORE_HR
EVT00069220,2023-11-20,EMP01919,CC0072,AS,5,Departure,,CAD,CA,2023-11-20 11:00:00,PAYROLL
EVT00068223,2023-11-21,EMP01963,CC0063,PA,2,Step Increment,78704.56,CAD,CA,2023-11-21 18:00:00,PAYROLL
EVT00069421,2023-11-02,EMP04777,CC0056,CR,3,Step Increment,69742.38,CAD,CAN,2023-11-02 06:00:00,CORE_HR
EVT00068075,2023-11-14,EMP01189,CC0058,EC,3,Leave Return,,CAD,CA,2023-11-14 19:00:00,PAYROLL
EVT00069366,2023-11-17,EMP01814,CC0119,EX,1,Step Increment,137668.82,CAD,CAN,2023-11-18 08:00:00,CORE_HR
EVT00068135,2023-11-10,EMP03897,CC0116,IT,3,Hire,142719.64,CAD,CAN,2023-11-10 23:00:00,CORE_HR
EVT00068481,2023-11-12,EMP02963,CC0015,FI,3,Leave Start,,CAD,CAN,2023-11-12 11:00:00,CORE_HR
EVT00068612,2023-11-16,EMP00608,CC0052,PA,1,Step Increment,64178.29,CAD,CAN,2023-11-17 04:00:00,CORE_HR
EVT00068496,2023-11-12,EMP02389,CC0061,PA,2,Hire,76223.11,CAD,CA,2023-11-13 07:00:00,PAYROLL
EVT00069096,2023-11-26,EMP04072,CC0039,PA,1,Performance Pay,4041.11,CAD,CAN,2023-11-26 20:00:00,CORE_HR
EVT00068383,2023-11-19,EMP02646,CC0055,CR,1,Leave Start,,CAD,CA,2023-11-19 17:00:00,PAYROLL
EVT00069518,2023-11-06,EMP03836,CC0052,CR,2,Hire,57703.47,CAD,CA,2023-11-07 02:00:00,PAYROLL
EVT00068967,2023-11-12,EMP01715,CC0033,FI,3,Step Increment,100837.21,CAD,CA,2023-11-12 07:00:00,PAYROLL
EVT00069208,2023-11-13,EMP04670,CC0059,CR,1,Step Increment,56077.18,CAD,CA,2023-11-14 14:00:00,PAYROLL
EVT00068632,2023-11-08,EMP00345,CC0091,IT,2,Leave Return,,CAD,CAN,2023-11-10 10:00:00,CORE_HR
EVT00068939,2023-11-16,EMP03334,CC0087,AS,2,Departure,,CAD,CA,2023-11-16 10:00:00,PAYROLL
EVT00069262,2023-11-10,EMP01716,CC0116,EN,3,Leave Start,,CAD,CA,2023-11-11 02:00:00,PAYROLL
EVT00068943,2023-11-07,EMP00523,CC0098,FI,3,Leave Start,,CAD,CA,2023-11-08 03:00:00,PAYROLL
EVT00068144,2023-11-06,EMP02597,CC0058,FI,2,Step Increment,82187.86,CAD,CA,2023-11-07 05:00:00,PAYROLL
EVT00068086,2023-11-27,EMP02158,CC0014,PA,5,Leave Start,,CAD,CAN,2023-11-28 14:00:00,CORE_HR
EVT00069376,2023-11-23,EMP03121,CC0105,EC,1,Leave Start,,INR,IN,2023-11-23 07:00:00,PAYROLL
EVT00068053,2023-11-22,EMP03720,CC0032,EN,4,Performance Pay,13366.82,CAD,CA,2023-11-23 00:00:00,PAYROLL
EVT00068730,2023-11-10,EMP05026,CC0082,EX,2,Leave Start,,CAD,CA,2023-11-11 13:00:00,PAYROLL
EVT00068574,2023-11-17,EMP03897,CC0116,IT,3,Step Increment,105988.12,CAD,CA,2023-11-17 12:00:00,PAYROLL
EVT00069459,2023-11-08,EMP04770,CC0038,EC,3,Lateral Deployment,,CAD,CA,2023-11-08 21:00:00,PAYROLL
EVT00068795,2023-11-04,EMP04010,CC0004,EX,1,Performance Pay,17713.79,CAD,CAN,2023-11-05 15:00:00,CORE_HR
EVT00069401,2023-11-02,EMP04071,CC0041,CR,1,Step Increment,56903.75,CAD,CAN,2023-11-02 20:00:00,CORE_HR
EVT00069275,2023-11-14,EMP04307,CC0089,EC,4,Promotion,115297.4,CAD,CAN,2023-11-15 13:00:00,CORE_HR
EVT00068527,2023-11-04,EMP03285,CC0046,EN,2,Departure,,GBP,GBR,2023-11-05 14:00:00,CORE_HR
EVT00068554,2023-11-12,EMP04501,CC0118,AS,1,Leave Return,,CAD,CAN,2023-11-12 19:00:00,CORE_HR
EVT00068250,2023-11-16,EMP03009,CC0045,AS,1,Performance Pay,8144.16,CAD,CA,2023-11-17 00:00:00,PAYROLL
EVT00069494,2023-11-19,EMP02162,CC0101,EC,5,Departure,,CAD,CAN,2023-11-20 07:00:00,CORE_HR
EVT00068423,2023-11-01,EMP00622,CC0079,AS,3,Step Increment,78218.52,CAD,CAN,2023-11-01 06:00:00,CORE_HR
EVT00069289,2023-11-12,EMP04177,CC0004,PA,2,Hire,63114.98,CAD,CAN,2023-11-13 15:00:00,CORE_HR
EVT00067755,2023-11-08,EMP03922,CC0071,EN,2,Step Increment,95196.01,CAD,CAN,2023-11-09 00:00:00,CORE_HR
EVT00067974,2023-11-06,EMP03443,CC0068,IT,1,Performance Pay,10073.5,CAD,CA,2023-11-06 16:00:00,PAYROLL
EVT00068391,2023-11-25,EMP04073,CC0071,AS,1,Step Increment,57810.07,CAD,CAN,2023-11-25 11:00:00,CORE_HR
EVT00068361,2023-11-05,EMP03876,CC0086,EX,2,Leave Start,,AUD,AU,2023-11-05 09:00:00,PAYROLL
EVT00068725,2023-11-22,EMP01715,CC0033,FI,3,Promotion,103180.62,CAD,CAN,2023-11-23 07:00:00,CORE_HR
EVT00067872,2023-11-17,EMP03627,CC0093,EX,1,Step Increment,145412.42,CAD,CA,2023-11-17 15:00:00,PAYROLL
EVT00068641,2023-11-26,EMP03881,CC0100,IT,2,Performance Pay,5324.18,CAD,CA,2023-11-26 22:00:00,PAYROLL
EVT00069126,2023-11-08,EMP00222,CC0119,PA,4,Step Increment,113014.09,CAD,CA,2023-11-08 06:00:00,PAYROLL
EVT00068446,2023-11-24,EMP03509,CC0055,IT,3,Performance Pay,9212.13,CAD,CAN,2023-11-24 21:00:00,CORE_HR
EVT00068606,2023-11-20,EMP03712,CC0071,CR,1,Step Increment,54346.83,CAD,CAN,2023-11-21 11:00:00,CORE_HR
EVT00067676,2023-11-08,EMP03293,CC0048,FI,3,Lateral Deployment,,CAD,CAN,2023-11-09 00:00:00,CORE_HR
EVT00068403,2023-11-12,EMP01334,CC0003,EX,2,Step Increment,166339.04,CAD,CAN,2023-11-12 16:00:00,CORE_HR
EVT00069410,2023-11-05,EMP05087,CC0082,FI,3,Departure,,CAD,CA,2023-11-05 08:00:00,PAYROLL
EVT00069373,2023-11-10,EMP00014,CC0012,PA,3,Leave Return,,CAD,CA,2023-11-11 00:00:00,PAYROLL
EVT00068714,2023-11-20,EMP00865,CC0055,EN,2,Performance Pay,7394.28,CAD,CAN,2023-11-20 14:00:00,CORE_HR
EVT00068504,2023-11-21,EMP03121,CC0105,EC,1,Leave Start,,SGD,SGP,2023-11-22 12:00:00,CORE_HR
EVT00068942,2023-11-08,EMP03488,CC0022,IT,5,Hire,138942.47,CAD,CAN,2023-11-09 09:00:00,CORE_HR
EVT00068249,2023-11-04,EMP02865,CC0015,FI,2,Hire,89387.49,CAD,CAN,2023-11-04 21:00:00,CORE_HR
EVT00068258,2023-11-14,EMP01321,CC0056,AS,2,Step Increment,64540.37,CAD,CA,2023-11-15 07:00:00,PAYROLL
EVT00068237,2023-11-05,EMP00340,CC0103,PA,3,Leave Return,,CAD,CAN,2023-11-05 22:00:00,CORE_HR
EVT00068722,2023-11-09,EMP00575,CC0025,AS,3,Performance Pay,8889.82,CAD,CAN,2023-11-09 11:00:00,CORE_HR
EVT00069398,2023-11-11,EMP01543,CC0042,PA,1,Step Increment,-62656.02,CAD,CAN,2023-11-11 17:00:00,CORE_HR
EVT00069497,2023-11-23,EMP04341,CC0078,EC,1,Performance Pay,5664.34,CAD,CA,2023-11-23 14:00:00,PAYROLL
EVT00068668,2023-11-27,EMP02227,CC0027,PA,1,Departure,,CAD,CA,2023-11-28 13:00:00,PAYROLL
EVT00068618,2023-11-10,EMP05010,CC0098,AS,1,Step Increment,64497.27,CAD,CA,2023-11-10 14:00:00,PAYROLL
EVT00068308,2023-11-25,EMP03139,CC0111,AS,1,Step Increment,250057.34,BRL,BRA,2023-11-26 11:00:00,CORE_HR
EVT00068803,2023-11-16,EMP02627,CC0043,PA,1,Hire,65210.34,CAD,CAN,2023-11-16 23:00:00,CORE_HR
EVT00069292,2023-11-05,EMP01669,CC0108,EX,2,Leave Return,,MXN,MX,2023-11-06 09:00:00,PAYROLL
EVT00067905,2023-11-02,EMP04609,CC0097,EC,3,Performance Pay,11568.07,CAD,CA,2023-11-05 11:00:00,PAYROLL
EVT00069015,2023-11-27,EMP05036,CC0082,IT,3,Performance Pay,15105.78,CAD,CAN,2023-11-27 18:00:00,CORE_HR
EVT00068420,2023-11-20,EMP04312,CC0092,EN,2,Performance Pay,6461.82,CAD,CAN,2023-11-21 07:00:00,CORE_HR
EVT00069439,2023-11-14,EMP01711,CC0023,PA,3,Hire,82485.65,CAD,CAN,2023-11-15 03:00:00,CORE_HR
EVT00068126,2023-11-10,EMP01618,CC0101,IT,1,Lateral Deployment,,CAD,CAN,2023-11-11 00:00:00,CORE_HR
EVT00068434,2023-11-13,EMP02229,CC0013,CR,1,Departure,,CAD,CAN,2023-11-13 15:00:00,CORE_HR
EVT00069270,2023-11-03,EMP03464,CC0030,EN,4,Departure,,AUD,AUS,2023-11-03 20:00:00,CORE_HR
EVT00069058,2023-11-26,EMP00138,CC0006,CR,1,Lateral Deployment,,CAD,CA,2023-11-27 03:00:00,PAYROLL
EVT00069598,2023-11-20,EMP02237,CC0074,PA,3,Departure,,EUR,DEU,2023-11-21 03:00:00,CORE_HR
EVT00067853,2023-11-05,EMP02271,CC0030,PA,2,Leave Return,,MXN,MX,2023-11-08 14:00:00,PAYROLL
EVT00068500,2023-11-24,EMP02125,CC0110,EC,3,Performance Pay,5892.37,CAD,CAN,2023-11-25 04:00:00,CORE_HR
EVT00068365,2023-11-15,EMP03441,CC0016,AS,3,Leave Start,,CAD,CA,2023-11-15 21:00:00,PAYROLL
EVT00068958,2023-11-14,EMP02142,CC0040,CR,1,Step Increment,51150.47,CAD,CAN,2023-11-14 21:00:00,CORE_HR
EVT00067770,2023-11-23,EMP01362,CC0025,FI,1,Step Increment,82037.78,CAD,CAN,2023-11-23 22:00:00,CORE_HR
EVT00068960,2023-11-12,EMP05059,CC0066,FI,1,Step Increment,69680.15,CAD,CAN,2023-11-12 22:00:00,CORE_HR
EVT00068442,2023-11-02,EMP00769,CC0118,EN,1,Step Increment,80093.12,CAD,CAN,2023-11-02 14:00:00,CORE_HR
EVT00069538,2023-11-24,EMP02050,CC0025,FI,3,Step Increment,76477.51,CAD,CAN,2023-11-25 12:00:00,CORE_HR
EVT00068732,2023-11-20,EMP01051,CC0005,EX,1,Hire,150902.81,CAD,CA,2023-11-20 20:00:00,PAYROLL
EVT00068599,2023-11-02,EMP01303,CC0096,PA,2,Leave Start,,CAD,CAN,2023-11-03 12:00:00,CORE_HR
EVT00067893,2023-11-24,EMP04306,CC0016,EC,3,Step Increment,100832.44,CAD,CA,2023-11-24 19:00:00,PAYROLL
EVT00068602,2023-11-11,EMP04307,CC0089,EC,4,Step Increment,118370.19,CAD,CAN,2023-11-11 17:00:00,CORE_HR
EVT00069271,2023-11-21,EMP02504,CC0117,AS,4,Leave Return,,CAD,CAN,2023-11-21 19:00:00,CORE_HR
EVT00068582,2023-11-11,EMP01736,CC0088,PA,1,Step Increment,-6530437.82,KES,KEN,2023-11-11 15:00:00,CORE_HR
EVT00068897,2023-11-13,EMP04911,CC0097,IT,1,Hire,90594.5,CAD,CA,2023-11-13 20:00:00,PAYROLL
EVT00068762,2023-11-08,EMP02578,CC0004,PA,5,Departure,,CAD,CAN,2023-11-08 08:00:00,CORE_HR
EVT00068472,2023-11-13,EMP04930,CC0037,FI,5,Step Increment,99274.23,CAD,CA,2023-11-13 23:00:00,PAYROLL
EVT00067846,2023-11-25,EMP03108,CC0019,EN,1,Performance Pay,9636.84,CAD,CAN,2023-11-25 21:00:00,CORE_HR
EVT00069471,2023-11-16,EMP04297,CC0105,PA,2,Leave Start,,BRL,BRA,2023-11-17 12:00:00,CORE_HR
EVT00067668,2023-11-04,EMP03864,CC0041,IT,3,Lateral Deployment,,CAD,CA,2023-11-05 06:00:00,PAYROLL
EVT00069146,2023-11-12,EMP04205,CC0085,EC,1,Step Increment,79424.59,CAD,CAN,2023-11-12 08:00:00,CORE_HR
EVT00068863,2023-11-20,EMP03530,CC0086,IT,4,Departure,,BRL,BRA,2023-11-20 12:00:00,CORE_HR
EVT00068566,2023-11-17,EMP02451,CC0118,FI,2,Leave Start,,CAD,CAN,2023-11-17 12:00:00,CORE_HR
EVT00067694,2023-11-10,EMP00362,CC0093,AS,1,Step Increment,54649.71,CAD,CAN,2023-11-10 21:00:00,CORE_HR
EVT00069381,2023-11-05,EMP05009,CC0038,CR,1,Lateral Deployment,,CAD,CAN,2023-11-05 21:00:00,CORE_HR
EVT00068815,2023-11-21,EMP04827,CC0092,EC,1,Step Increment,72401.81,CAD,CA,2023-11-22 05:00:00,PAYROLL
EVT00069018,2023-11-14,EMP00561,CC0011,IT,1,Leave Return,,CAD,CAN,2023-11-14 21:00:00,CORE_HR
EVT00069170,2023-11-13,EMP00688,CC0109,IT,3,Leave Start,,CAD,CA,2023-11-14 06:00:00,PAYROLL
EVT00068845,2023-11-12,EMP02859,CC0016,AS,1,Step Increment,64588.83,CAD,CAN,2023-11-13 10:00:00,CORE_HR
EVT00068083,2023-11-27,EMP03462,CC0097,PA,4,Departure,,CAD,CAN,2023-11-27 14:00:00,CORE_HR
EVT00068152,2023-11-18,EMP02437,CC0024,EC,4,Lateral Deployment,,CAD,CA,2023-11-18 12:00:00,PAYROLL
EVT00068902,2023-11-19,EMP05124,CC0101,PA,1,Performance Pay,6454.11,CAD,CA,2023-11-19 21:00:00,PAYROLL
EVT00069154,2023-11-01,EMP02681,CC0079,FI,2,Step Increment,71681.83,CAD,CA,2023-11-04 19:00:00,PAYROLL
EVT00067793,2023-11-14,EMP03436,CC0062,PA,3,Lateral Deployment,,CAD,CAN,2023-11-15 05:00:00,CORE_HR
EVT00068450,2023-11-20,EMP05078,CC0072,EX,1,Step Increment,120489.35,CAD,CA,2023-11-20 08:00:00,PAYROLL
EVT00069231,2023-11-14,EMP03949,CC0022,PA,3,Step Increment,76852.68,CAD,CAN,2023-11-14 07:00:00,CORE_HR
EVT00069334,2023-11-10,EMP00084,CC0070,EX,1,Leave Return,,CAD,CAN,2023-11-10 15:00:00,CORE_HR
EVT00067688,2023-11-05,EMP04359,CC0086,EX,2,Lateral Deployment,,JPY,JP,2023-11-06 08:00:00,PAYROLL
EVT00069023,2023-11-10,EMP00588,CC0024,CR,5,Leave Start,,CAD,CA,2023-11-10 06:00:00,PAYROLL
EVT00068380,2023-11-05,EMP00145,CC0072,AS,2,Lateral Deployment,,CAD,CAN,2023-11-06 15:00:00,CORE_HR
EVT00068802,2023-11-10,EMP04626,CC0115,PA,1,Departure,,CAD,CAN,2023-11-11 09:00:00,CORE_HR
EVT00068395,2023-11-27,EMP01715,CC0033,FI,3,Step Increment,91307.73,CAD,CAN,2023-11-27 23:00:00,CORE_HR
EVT00068775,2023-11-19,EMP03173,CC0041,EC,1,Step Increment,59157.64,CAD,CA,2023-11-20 09:00:00,PAYROLL
EVT00068655,2023-11-06,EMP04554,CC0002,CR,4,Departure,,CAD,CAN,2023-11-07 06:00:00,CORE_HR
EVT00069314,2023-11-25,EMP04799,CC0039,EX,2,Leave Start,,CAD,CAN,2023-11-25 23:00:00,CORE_HR
EVT00068941,2023-11-13,EMP04450,CC0016,EC,4,Step Increment,116215.15,CAD,CAN,2023-11-14 15:00:00,CORE_HR
EVT00068937,2023-11-24,EMP04720,CC0086,PA,1,Performance Pay,11384.86,BRL,BR,2023-11-24 13:00:00,PAYROLL
EVT00068746,2023-11-11,EMP04351,CC0056,AS,1,Leave Start,,CAD,CAN,2023-11-11 06:00:00,CORE_HR
EVT00069108,2023-11-21,EMP03110,CC0112,FI,3,Step Increment,100650.34,CAD,CA,2023-11-22 04:00:00,PAYROLL
EVT00068013,2023-11-08,EMP01758,CC0047,FI,1,Step Increment,80508.61,CAD,CAN,2023-11-08 20:00:00,CORE_HR
EVT00068449,2023-11-21,EMP01246,CC0113,EC,2,Performance Pay,6565.46,CAD,CAN,2023-11-22 01:00:00,CORE_HR
EVT00067993,2023-11-16,EMP03517,CC0058,PA,1,Performance Pay,6844.96,CAD,CAN,2023-11-17 10:00:00,CORE_HR
EVT00068841,2023-11-06,EMP04156,CC0005,IT,2,Leave Start,,CAD,CA,2023-11-06 11:00:00,PAYROLL
EVT00068539,2023-11-10,EMP01385,CC0011,FI,2,Lateral Deployment,,CAD,CAN,2023-11-10 12:00:00,CORE_HR
EVT00069422,2023-11-17,EMP05070,CC0055,CR,4,Step Increment,74949.11,CAD,CA,2023-11-17 09:00:00,PAYROLL
EVT00068257,2023-11-09,EMP01185,CC0119,PA,1,Performance Pay,3241.27,CAD,CA,2023-11-09 15:00:00,PAYROLL
EVT00068158,2023-11-21,EMP04383,CC0072,PA,3,Departure,,CAD,CA,2023-11-21 15:00:00,PAYROLL
EVT00069077,2023-11-05,EMP01404,CC0117,EN,3,Step Increment,114040.46,CAD,CA,2023-11-05 09:00:00,PAYROLL
EVT00068403,2023-11-12,EMP01334,CC0003,EX,2,Step Increment,166339.04,CAD,CAN,2023-11-12 08:00:00,CORE_HR
EVT00069462,2023-11-21,EMP03104,CC0045,IT,3,Step Increment,112092.71,CAD,CA,2023-11-21 19:00:00,PAYROLL
EVT00069160,2023-11-08,EMP01648,CC0029,EC,1,Step Increment,950717.31,MXN,MEX,2023-11-09 01:00:00,CORE_HR
EVT00068311,2023-11-11,EMP04297,CC0105,PA,2,Leave Return,,USD,US,2023-11-12 02:00:00,PAYROLL
EVT00069036,2023-11-03,EMP03931,CC0118,PA,1,Step Increment,66503.68,CAD,CAN,2023-11-03 09:00:00,CORE_HR
EVT00069037,2023-11-16,EMP00891,CC0051,EX,1,Performance Pay,10340.66,CAD,CAN,2023-11-17 08:00:00,CORE_HR
EVT00068933,2023-11-27,EMP02718,CC0073,EN,5,Lateral Deployment,,CAD,CA,2023-11-28 02:00:00,PAYROLL
EVT00068058,2023-11-20,EMP03424,CC0052,EN,4,Performance Pay,6726.64,CAD,CA,2023-11-21 10:00:00,PAYROLL
EVT00069043,2023-11-22,EMP03286,CC0025,IT,5,Performance Pay,8052.52,CAD,CAN,2023-11-23 10:00:00,CORE_HR
EVT00067789,2023-11-16,EMP00496,CC0028,PA,2,Leave Return,,CAD,CAN,2023-11-17 00:00:00,CORE_HR
EVT00069560,2023-11-13,EMP03007,CC0076,EC,4,Step Increment,116087.77,CAD,CAN,2023-11-13 19:00:00,CORE_HR
EVT00067916,2023-11-07,EMP02075,CC0113,EN,5,Promotion,175562.02,CAD,CAN,2023-11-07 22:00:00,CORE_HR
EVT00068322,2023-11-04,EMP00453,CC0063,EN,1,Lateral Deployment,,CAD,CAN,2023-11-04 23:00:00,CORE_HR
EVT00068643,2023-11-27,EMP02321,CC0097,PA,3,Step Increment,101659.46,CAD,CA,2023-11-27 07:00:00,PAYROLL
EVT00069175,2023-11-03,EMP99999,CC0041,EC,2,Leave Start,,CAD,CA,2023-11-03 20:00:00,PAYROLL
EVT00068917,2023-11-23,EMP00231,CC0103,FI,4,Performance Pay,5919.13,CAD,CA,2023-11-24 08:00:00,PAYROLL
EVT00069346,2023-11-26,EMP00741,CC0035,PA,4,Departure,,CAD,CAN,2023-11-27 08:00:00,CORE_HR
EVT00069374,2023-11-12,EMP04361,CC0027,PA,1,Promotion,66245.44,CAD,CA,2023-11-13 01:00:00,PAYROLL
EVT00067979,2023-11-05,EMP03254,CC0046,EX,3,Departure,,INR,IND,2023-11-05 12:00:00,CORE_HR
EVT00068473,2023-11-20,EMP00129,CC0023,IT,2,Leave Return,,CAD,CA,2023-11-21 00:00:00,PAYROLL
EVT00067673,2023-11-23,EMP03664,CC0100,AS,3,Leave Return,,CAD,CAN,2023-11-24 14:00:00,CORE_HR
EVT00068305,2023-11-08,EMP00465,CC0093,CR,5,Hire,61510.53,CAD,CAN,2023-11-08 08:00:00,CORE_HR
EVT00068940,2023-11-20,EMP00913,CC0085,PA,3,Step Increment,75657.54,CAD,CAN,2023-11-20 07:00:00,CORE_HR
EVT00068697,2023-11-19,EMP03996,CC0119,PA,2,Step Increment,59253.82,CAD,CAN,2023-11-20 13:00:00,CORE_HR
EVT00069578,2023-11-13,EMP00566,CC0032,IT,3,Leave Start,,CAD,CA,2023-11-14 05:00:00,PAYROLL
EVT00068918,2023-11-20,EMP04501,CC0118,AS,1,Leave Return,,CAD,CA,2023-11-20 19:00:00,PAYROLL
EVT00068562,2023-11-03,EMP02955,CC0028,PA,1,Step Increment,69293.07,CAD,CA,2023-11-04 08:00:00,PAYROLL
EVT00068610,2023-11-25,EMP02462,CC0063,AS,2,Step Increment,68200.6,CAD,CAN,2023-11-25 19:00:00,CORE_HR
EVT00069600,2023-11-05,EMP01644,CC0086,EC,1,Step Increment,310403.26,BRL,BR,2023-11-05 23:00:00,PAYROLL
EVT00069269,2023-11-15,EMP00834,CC0061,PA,1,Leave Return,,CAD,CAN,2023-11-15 09:00:00,CORE_HR
EVT00068425,2023-11-19,EMP04963,CC0089,IT,2,Step Increment,91249.99,CAD,CAN,2023-11-19 20:00:00,CORE_HR
EVT00068535,2023-11-22,EMP01314,CC0061,PA,2,Departure,,CAD,CAN,2023-11-22 15:00:00,CORE_HR
EVT00069288,2023-11-27,EMP00597,CC0031,IT,1,Step Increment,61715.1,SGD,SG,2023-11-30 15:00:00,PAYROLL
EVT00068142,2023-11-22,EMP01220,CC0070,AS,4,Step Increment,83479.45,CAD,CA,2023-11-22 18:00:00,PAYROLL
EVT00068021,2023-11-12,EMP03127,CC0001,AS,3,Hire,77537.01,CAD,CA,2023-11-12 21:00:00,PAYROLL
EVT00068031,2023-11-01,EMP01324,CC0060,EC,4,Promotion,107739.61,CAD,CA,2023-11-02 09:00:00,PAYROLL
EVT00067930,2023-11-13,EMP04486,CC0118,EN,4,Leave Return,,CAD,CA,2023-11-14 02:00:00,PAYROLL
EVT00068205,2023-11-20,EMP01146,CC0076,FI,1,Performance Pay,6729.02,CAD,CA,2023-11-21 04:00:00,PAYROLL
EVT00069554,2023-11-15,EMP02556,CC0104,AS,3,Step Increment,71645.35,CAD,CA,2023-11-16 03:00:00,PAYROLL
EVT00068739,2023-11-04,EMP01278,CC0043,AS,3,Step Increment,68126.92,CAD,CA,2023-11-05 15:00:00,PAYROLL
EVT00069178,2023-11-01,EMP03980,CC0012,EC,2,Lateral Deployment,,CAD,CAN,2023-11-01 23:00:00,CORE_HR
EVT00067975,2023-11-08,EMP02115,CC0080,EC,4,Departure,,USD,USA,2023-11-09 08:00:00,CORE_HR
EVT00068246,2023-11-08,EMP02080,CC0113,EX,1,Departure,,CAD,CA,2023-11-08 14:00:00,PAYROLL
EVT00067778,2023-11-11,EMP00687,CC0080,IT,4,Hire,92710.87,SGD,SG,2023-11-13 07:00:00,PAYROLL
EVT00067839,2023-11-01,EMP04826,CC0074,CR,3,Performance Pay,211435.03,INR,IND,2023-11-02 10:00:00,CORE_HR
EVT00069031,2023-11-21,EMP03880,CC0058,CR,3,Departure,,CAD,CAN,2023-11-21 18:00:00,CORE_HR
EVT00069227,2023-11-10,EMP03807,CC0031,AS,2,Hire,795618.14,MXN,MEX,2023-11-11 01:00:00,CORE_HR
EVT00069506,2023-11-27,EMP00455,CC0117,IT,1,Hire,70583.24,CAD,CA,2023-11-27 17:00:00,PAYROLL
EVT00068426,2023-11-21,EMP00272,CC0071,PA,2,Hire,56056.12,CAD,CAN,2023-11-21 20:00:00,CORE_HR
EVT00068547,2023-11-03,EMP00675,CC0046,AS,1,Leave Return,,MXN,MX,2023-11-04 06:00:00,PAYROLL
EVT00067848,2023-11-09,EMP03118,CC0100,IT,1,Step Increment,80970.65,CAD,CA,2023-11-09 09:00:00,PAYROLL
EVT00069500,2023-11-05,EMP00075,CC0012,FI,5,Step Increment,112036.91,CAD,CA,2023-11-05 16:00:00,PAYROLL
EVT00069307,2023-11-19,EMP03348,CC0041,AS,2,Step Increment,69572.55,CAD,CA,2023-11-20 02:00:00,PAYROLL
EVT00068604,2023-11-04,EMP00114,CC0037,IT,5,Leave Start,,CAD,CA,2023-11-05 15:00:00,PAYROLL
EVT00069424,2023-11-10,EMP05109,CC0102,EC,5,Leave Start,,CAD,CA,2023-11-10 11:00:00,PAYROLL
EVT00069324,2023-11-01,EMP00376,CC0001,EX,1,Step Increment,132820.65,CAD,CAN,2023-11-02 15:00:00,CORE_HR
EVT00067933,2023-11-05,EMP02388,CC0052,PA,1,Hire,79848.59,CAD,CAN,2023-11-06 05:00:00,CORE_HR
EVT00068567,2023-11-01,EMP02597,CC0058,FI,2,Leave Return,,CAD,CA,2023-11-02 03:00:00,PAYROLL
EVT00069382,2023-11-08,EMP00585,CC0024,FI,5,Leave Start,,CAD,CAN,2023-11-08 11:00:00,CORE_HR
EVT00068427,2023-11-19,EMP04503,CC0081,FI,1,Leave Start,,CAD,CAN,2023-11-20 13:00:00,CORE_HR
EVT00069243,2023-11-26,EMP03368,CC0050,CR,4,Step Increment,71677.98,CAD,CA,2023-11-27 15:00:00,PAYROLL
EVT00069351,2023-11-14,EMP04655,CC0073,IT,1,Step Increment,76538.85,CAD,CAN,2023-11-15 11:00:00,CORE_HR
EVT00069124,2023-11-23,EMP04100,CC0007,IT,3,Performance Pay,1205685.32,KES,KE,2023-11-23 16:00:00,PAYROLL
EVT00069291,2023-11-11,EMP00498,CC0117,IT,1,Step Increment,81327.09,CAD,CA,2023-11-11 08:00:00,PAYROLL
EVT00068467,2023-11-23,EMP03007,CC0076,EC,4,Step Increment,115658.36,CAD,CAN,2023-11-23 07:00:00,CORE_HR
EVT00068394,2023-11-08,EMP02756,CC0057,EC,1,Step Increment,60525.91,CAD,CA,2023-11-09 03:00:00,PAYROLL
EVT00068505,2023-11-14,EMP02933,CC0092,IT,2,Performance Pay,5865.14,CAD,CAN,2023-11-15 01:00:00,CORE_HR
EVT00068961,2023-11-10,EMP00724,CC0114,PA,1,Step Increment,57772.67,CAD,CA,2023-11-11 01:00:00,PAYROLL
EVT00069086,2023-11-01,EMP01171,CC0068,CR,1,Performance Pay,2140.8,CAD,CA,2023-11-02 14:00:00,PAYROLL
EVT00069254,2023-11-12,EMP03428,CC0039,PA,2,Step Increment,79747.32,CAD,CA,2023-11-13 11:00:00,PAYROLL
EVT00069360,2023-11-07,EMP01835,CC0082,CR,1,Step Increment,51542.75,CAD,CA,2023-11-08 09:00:00,PAYROLL
EVT00068972,2023-11-09,EMP01414,CC0001,EN,1,Departure,,CAD,CAN,2023-11-09 09:00:00,CORE_HR
EVT00068821,2023-11-18,EMP01273,CC0113,AS,4,Hire,76814.32,CAD,CAN,2023-11-18 17:00:00,CORE_HR
EVT00068550,2023-11-16,EMP04666,CC0107,PA,2,Performance Pay,10204.53,CAD,CAN,2023-11-16 07:00:00,CORE_HR
EVT00068776,2023-11-05,EMP04648,CC0084,FI,4,Leave Start,,CAD,CA,2023-11-05 17:00:00,PAYROLL
EVT00069117,2023-11-05,EMP03481,CC0067,CR,1,Leave Return,,CAD,CAN,2023-11-05 20:00:00,CORE_HR
EVT00068122,1900-01-01,EMP03836,CC0052,CR,2,Departure,,CAD,CAN,2023-11-23 11:00:00,CORE_HR
EVT00069221,2023-11-13,EMP02359,CC0038,EN,3,Performance Pay,9049.87,CAD,CAN,2023-11-13 19:00:00,CORE_HR
EVT00069093,2023-11-10,EMP00323,CC0025,PA,5,Step Increment,76596.76,CAD,CAN,2023-11-11 13:00:00,CORE_HR
EVT00068647,2023-11-15,EMP01087,CC0114,EC,2,Step Increment,93805.99,CAD,CA,2023-11-16 05:00:00,PAYROLL
EVT00069375,2023-11-05,EMP03245,CC0025,EX,1,Performance Pay,9122.34,CAD,CAN,2023-11-05 08:00:00,CORE_HR
EVT00068720,2023-11-14,EMP04741,CC0075,IT,4,Step Increment,134204.73,CAD,CAN,2023-11-15 08:00:00,CORE_HR
EVT00069551,2023-11-17,EMP01701,CC0004,AS,1,Lateral Deployment,,CAD,CA,2023-11-18 02:00:00,PAYROLL
EVT00068823,2023-11-09,EMP04506,CC0021,IT,4,Leave Return,,CAD,CAN,2023-11-10 09:00:00,CORE_HR
EVT00068244,2023-11-15,EMP01213,CC0081,CR,4,Step Increment,73845.25,CAD,CAN,2023-11-15 07:00:00,CORE_HR
EVT00068115,2023-11-20,EMP03790,CC0031,PA,4,Performance Pay,790440.92,JPY,JPN,2023-11-20 08:00:00,CORE_HR
EVT00069020,2023-11-02,EMP03025,CC0108,IT,5,Leave Return,,USD,US,2023-11-03 07:00:00,PAYROLL
EVT00068049,2023-11-11,EMP02716,CC0026,PA,2,Promotion,63851.37,CAD,CA,2023-11-11 19:00:00,PAYROLL
EVT00068832,2023-11-03,EMP02953,CC0019,FI,2,Lateral Deployment,,CAD,CAN,2023-11-04 05:00:00,CORE_HR
EVT00068483,2023-11-01,EMP04291,CC0034,FI,1,Performance Pay,8232.0,CAD,CAN,2023-11-01 10:00:00,CORE_HR
EVT00069423,2023-11-04,EMP02086,CC0058,PA,1,Leave Start,,CAD,CA,2023-11-05 04:00:00,PAYROLL
EVT00068628,2023-11-25,EMP01412,CC0109,PA,3,Step Increment,78883.3,CAD,CAN,2023-11-25 10:00:00,CORE_HR
EVT00068149,2023-11-10,EMP04217,CC0103,CR,5,Step Increment,79821.92,CAD,CAN,2023-11-10 13:00:00,CORE_HR
EVT00067997,2023-11-13,EMP03357,CC0013,IT,3,Step Increment,113143.37,CAD,CA,2023-11-13 09:00:00,PAYROLL
EVT00067709,2023-11-23,EMP03089,CC0031,EN,4,Step Increment,98633.53,USD,USA,2023-11-23 16:00:00,CORE_HR
EVT00068388,2023-11-13,EMP05158,CC0105,EC,3,Step Increment,60667.12,GBP,GB,2023-11-14 14:00:00,PAYROLL
EVT00068936,2023-11-15,EMP04954,CC0009,PA,3,Leave Start,,JPY,JP,2023-11-15 15:00:00,PAYROLL
EVT00068603,2023-11-13,EMP00784,CC0098,IT,4,Leave Return,,CAD,CAN,2023-11-14 00:00:00,CORE_HR
EVT00067669,2023-11-20,EMP01856,CC0029,IT,1,Step Increment,5075422.47,INR,IN,2023-11-21 13:00:00,PAYROLL
EVT00067700,2023-11-04,EMP04313,CC0081,AS,1,Performance Pay,4346.09,CAD,CAN,2023-11-05 09:00:00,CORE_HR
EVT00067914,2023-11-05,EMP03819,CC0036,EC,5,Leave Start,,CAD,CAN,2023-11-05 14:00:00,CORE_HR
EVT00067922,2023-11-11,EMP05047,CC0045,CR,4,Step Increment,70499.55,CAD,CAN,2023-11-11 21:00:00,CORE_HR
EVT00068366,2023-11-24,EMP03309,CC0054,IT,2,Lateral Deployment,,USD,US,2023-11-24 14:00:00,PAYROLL
EVT00067903,2023-11-13,EMP03964,CC0114,AS,2,Leave Start,,CAD,CA,2023-11-13 10:00:00,PAYROLL
EVT00068531,2023-11-11,EMP01881,CC0117,IT,1,Performance Pay,8730.6,CAD,CAN,2023-11-11 13:00:00,CORE_HR
EVT00068767,2023-11-11,EMP00103,CC0041,FI,5,Leave Start,,CAD,CA,2023-11-11 19:00:00,PAYROLL
EVT00068109,2023-11-27,EMP04221,CC0034,PA,1,Hire,76785.85,CAD,CAN,2023-11-28 15:00:00,CORE_HR
EVT00068218,2023-11-26,EMP05147,CC0030,IT,1,Performance Pay,638914.69,KES,KEN,2023-11-27 06:00:00,CORE_HR
EVT00068106,2023-11-11,EMP03663,CC0074,FI,1,Promotion,51265.98,GBP,GBR,2023-11-12 10:00:00,CORE_HR
EVT00068938,2023-11-26,EMP03098,CC0015,IT,2,Departure,,CAD,CAN,2023-11-26 23:00:00,CORE_HR
EVT00067913,2023-11-22,EMP04995,CC0017,CR,2,Step Increment,47113.23,CAD,CAN,2023-11-22 18:00:00,CORE_HR
EVT00067677,2023-11-05,EMP03300,CC0015,PA,4,Departure,,CAD,CAN,2023-11-06 14:00:00,CORE_HR
EVT00068299,2023-11-23,EMP02348,CC0100,IT,4,Leave Return,,CAD,CAN,2023-11-23 06:00:00,CORE_HR
EVT00069065,2023-11-25,EMP00420,CC0101,AS,5,Step Increment,96285.07,CAD,CAN,2023-11-26 02:00:00,CORE_HR
EVT00068451,2023-11-03,EMP00910,CC0098,FI,3,Leave Start,,CAD,CAN,2023-11-03 19:00:00,CORE_HR
EVT00069315,2023-11-04,EMP01547,CC0093,PA,3,Step Increment,70248.4,CAD,CAN,2023-11-04 19:00:00,CORE_HR
EVT00068501,2023-11-12,EMP01031,CC0108,EX,2,Step Increment,126341.55,EUR,FRA,2023-11-13 12:00:00,CORE_HR
EVT00069109,2023-11-09,EMP04906,CC0099,EN,4,Hire,123443.12,CAD,CAN,2023-11-09 07:00:00,CORE_HR
EVT00067856,2023-11-08,EMP03505,CC0072,AS,2,Leave Return,,CAD,CAN,2023-11-09 05:00:00,CORE_HR
EVT00069402,2023-11-19,EMP02853,CC0005,PA,2,Hire,75912.61,CAD,CAN,2023-11-19 23:00:00,CORE_HR
EVT00069437,2023-11-26,EMP03618,CC0084,EX,1,Lateral Deployment,,CAD,CAN,2023-11-26 19:00:00,CORE_HR
EVT00068130,2023-11-03,EMP02074,CC0014,FI,1,Performance Pay,5091.12,CAD,CAN,2023-11-04 07:00:00,CORE_HR
EVT00068954,2023-11-08,EMP00072,CC0048,PA,1,Leave Start,,CAD,CAN,2023-11-09 01:00:00,CORE_HR
EVT00069179,2023-11-26,EMP00867,CC0016,IT,3,Hire,105116.82,CAD,CAN,2023-11-27 15:00:00,CORE_HR
EVT00069244,2023-11-17,EMP00895,CC0056,EC,1,Lateral Deployment,,CAD,CAN,2023-11-18 03:00:00,CORE_HR
EVT00067995,2023-11-04,EMP03123,CC0048,AS,5,Promotion,82788.01,CAD,CAN,2023-11-05 06:00:00,CORE_HR
EVT00068153,2023-11-03,EMP00385,CC0095,PA,2,Step Increment,75719.28,CAD,CAN,2023-11-03 14:00:00,CORE_HR
EVT00067834,2023-11-16,EMP00614,CC0041,PA,4,Step Increment,100077.3,CAD,CA,2023-11-17 03:00:00,PAYROLL
EVT00068224,2023-11-01,EMP03851,CC0045,IT,2,Step Increment,94889.48,CAD,CAN,2023-11-01 06:00:00,CORE_HR
EVT00069239,2023-11-12,EMP02360,CC0025,EN,2,Step Increment,76361.96,CAD,CAN,2023-11-13 06:00:00,CORE_HR
EVT00069480,2023-11-17,EMP02774,CC0002,EN,1,Performance Pay,3704.09,CAD,CAN,2023-11-17 15:00:00,CORE_HR
EVT00067805,2023-11-03,EMP99999,CC0050,IT,3,Step Increment,117957.31,CAD,CA,2023-11-03 23:00:00,PAYROLL
EVT00067915,2023-11-18,EMP03005,CC0028,IT,1,Lateral Deployment,,CAD,CAN,2023-11-18 21:00:00,CORE_HR
EVT00067938,2023-11-20,EMP01259,CC0112,IT,2,Performance Pay,11013.68,CAD,CAN,2023-11-20 09:00:00,CORE_HR
EVT00069057,2023-11-02,EMP02347,CC0020,AS,2,Leave Start,,CAD,CA,2023-11-03 11:00:00,PAYROLL
EVT00069053,2023-11-23,EMP04423,CC0081,PA,1,Step Increment,62179.21,CAD,CAN,2023-11-24 01:00:00,CORE_HR
EVT00069279,2023-11-19,EMP03615,CC0078,CR,2,Leave Start,,CAD,CAN,2023-11-20 12:00:00,CORE_HR
EVT00069567,2023-11-11,EMP01005,CC0102,PA,1,Step Increment,63388.46,CAD,CAN,2023-11-12 10:00:00,CORE_HR
EVT00068292,2023-11-03,EMP04518,CC0108,PA,3,Step Increment,58420.76,SGD,SGP,2023-11-03 10:00:00,CORE_HR
EVT00068691,2023-11-20,EMP04218,CC0072,IT,2,Step Increment,91231.56,CAD,CA,2023-11-20 14:00:00,PAYROLL
EVT00069511,2023-11-16,EMP02638,CC0092,EC,2,Step Increment,98345.9,CAD,CA,2023-11-18 07:00:00,PAYROLL
EVT00068920,2023-11-01,EMP00760,CC0064,PA,4,Step Increment,90755.91,CAD,CAN,2023-11-02 14:00:00,CORE_HR
EVT00069004,2023-11-22,EMP04018,CC0068,AS,1,Step Increment,43018.97,CAD,CAN,2023-11-22 23:00:00,CORE_HR
EVT00069522,2023-11-19,EMP03977,CC0103,FI,3,Hire,92386.22,CAD,CAN,2023-11-20 10:00:00,CORE_HR
EVT00067738,2023-11-09,EMP02201,CC0080,EC,1,Leave Start,,AUD,AU,2023-11-09 18:00:00,PAYROLL
EVT00068707,2023-11-06,EMP03300,CC0015,PA,4,Hire,99542.7,CAD,CAN,2023-11-07 14:00:00,CORE_HR
EVT00068339,2023-11-17,EMP04084,CC0003,EC,2,Performance Pay,9659.85,CAD,CAN,2023-11-17 09:00:00,CORE_HR
EVT00069192,2023-11-22,EMP04264,CC0106,EC,1,Step Increment,80324.94,CAD,CAN,2023-11-22 19:00:00,CORE_HR
EVT00068441,2023-11-14,EMP00028,CC0067,EC,1,Departure,,CAD,CA,2023-11-14 15:00:00,PAYROLL
EVT00068511,2023-11-15,EMP00650,CC0058,PA,5,Step Increment,95681.09,CAD,CA,2023-11-16 03:00:00,PAYROLL
EVT00068003,2023-11-27,EMP02817,CC0018,IT,1,Step Increment,76620.09,CAD,CA,2023-11-27 15:00:00,PAYROLL
EVT00068673,2023-11-23,EMP03198,CC0096,EX,2,Step Increment,173074.2,CAD,CAN,2023-11-24 06:00:00,CORE_HR
EVT00068831,2023-11-09,EMP05188,CC0043,PA,5,Step Increment,103772.49,CAD,CAN,2023-11-09 06:00:00,CORE_HR
EVT00069453,2023-11-08,EMP00117,CC0062,EN,1,Hire,87075.94,CAD,CA,2023-11-08 10:00:00,PAYROLL
EVT00069171,2023-11-21,EMP03003,CC0066,AS,5,Step Increment,87703.1,CAD,CAN,2023-11-21 22:00:00,CORE_HR
EVT00068744,2023-11-25,EMP03082,CC0038,CR,1,Step Increment,55537.41,CAD,CAN,2023-11-26 10:00:00,CORE_HR
EVT00069038,2023-11-05,EMP04841,CC0061,AS,3,Leave Return,,CAD,CA,2023-11-05 17:00:00,PAYROLL
EVT00067953,2023-11-22,EMP05138,CC0013,IT,3,Departure,,CAD,CAN,2023-11-23 00:00:00,CORE_HR
EVT00068708,2023-11-07,EMP03076,CC0015,FI,1,Leave Start,,CAD,CAN,2023-11-07 15:00:00,CORE_HR
EVT00068706,2023-11-16,EMP03534,CC0078,IT,1,Step Increment,79431.96,CAD,CA,2023-11-16 12:00:00,PAYROLL
EVT00068771,2023-11-25,EMP04075,CC0101,PA,3,Step Increment,91301.74,CAD,CA,2023-11-26 04:00:00,PAYROLL
EVT00069118,2023-11-24,EMP01568,CC0022,EN,2,Step Increment,92017.36,CAD,CAN,2023-11-25 14:00:00,CORE_HR
EVT00068734,2023-11-17,EMP03087,CC0114,FI,2,Step Increment,93090.43,CAD,CAN,2023-11-18 03:00:00,CORE_HR
EVT00068157,2023-11-19,EMP03697,CC0006,PA,2,Lateral Deployment,,CAD,CA,2023-11-19 10:00:00,PAYROLL
EVT00068497,2023-11-12,EMP04448,CC0035,FI,2,Performance Pay,7391.07,CAD,CAN,2023-11-12 18:00:00,CORE_HR
EVT00069502,2023-11-20,EMP01107,CC0047,AS,5,Performance Pay,10476.15,CAD,CA,2023-11-21 11:00:00,PAYROLL
EVT00069277,2023-11-04,EMP00522,CC0037,IT,4,Performance Pay,8955.99,CAD,CAN,2023-11-04 10:00:00,CORE_HR
EVT00068409,2023-11-16,EMP05084,CC0016,EX,2,Leave Start,,CAD,CAN,2023-11-16 10:00:00,CORE_HR
EVT00069134,2023-11-14,EMP05049,CC0010,FI,2,Step Increment,94304.34,CAD,CA,2023-11-15 09:00:00,PAYROLL
EVT00067973,2023-11-10,EMP04898,CC0120,EX,1,Step Increment,137018.23,CAD,CA,2023-11-11 06:00:00,PAYROLL
EVT00068020,2023-11-08,EMP04751,CC0117,FI,3,Leave Start,,CAD,CAN,2023-11-08 06:00:00,CORE_HR
EVT00068661,2023-11-03,EMP01507,CC0049,IT,4,Step Increment,13238032.55,KES,KEN,2023-11-04 00:00:00,CORE_HR
EVT00068482,2023-11-06,EMP03918,CC0094,EX,2,Hire,130216.76,CAD,CAN,2023-11-07 12:00:00,CORE_HR
EVT00068213,2023-11-11,EMP02154,CC0016,IT,1,Promotion,81383.95,CAD,CAN,2023-11-12 09:00:00,CORE_HR
EVT00068901,2023-11-26,EMP01392,CC0029,PA,2,Performance Pay,3491.3,GBP,GBR,2023-11-26 21:00:00,CORE_HR
EVT00069189,2023-11-07,EMP00588,CC0024,CR,5,Departure,,CAD,CA,2023-11-07 14:00:00,PAYROLL
EVT00069352,2023-11-18,EMP02658,CC0107,PA,1,Lateral Deployment,,CAD,CA,2023-11-19 03:00:00,PAYROLL
EVT00069435,2023-11-18,EMP03057,CC0117,IT,1,Performance Pay,6769.85,CAD,CAN,2023-11-18 07:00:00,CORE_HR
EVT00067877,2023-11-19,EMP03239,CC0033,EN,1,Step Increment,89303.92,CAD,CAN,2023-11-20 02:00:00,CORE_HR
EVT00069371,2023-11-24,EMP00112,CC0036,PA,3,Step Increment,86565.77,CAD,CA,2023-11-24 07:00:00,PAYROLL
EVT00068791,2023-11-02,EMP03769,CC0022,IT,1,Leave Start,,CAD,CAN,2023-11-03 12:00:00,CORE_HR
EVT00069256,2023-11-06,EMP00817,CC0058,AS,5,Step Increment,87291.6,CAD,CA,2023-11-06 08:00:00,PAYROLL
EVT00068091,2023-11-20,EMP00839,CC0031,CR,3,Leave Return,,MXN,MEX,2023-11-20 20:00:00,CORE_HR
EVT00068792,2023-11-03,EMP02952,CC0002,FI,3,Lateral Deployment,,CAD,CAN,2023-11-03 23:00:00,CORE_HR
EVT00068611,2023-11-11,EMP05169,CC0066,EX,3,Lateral Deployment,,CAD,CAN,2023-11-11 07:00:00,CORE_HR
EVT00067920,2023-11-06,EMP00476,CC0050,EC,2,Performance Pay,5346.89,CAD,CAN,2023-11-07 14:00:00,CORE_HR
EVT00067873,2023-11-13,EMP01053,CC0095,PA,2,Leave Start,,CAD,CAN,2023-11-13 21:00:00,CORE_HR
EVT00068633,2023-11-15,EMP02945,CC0027,IT,1,Leave Return,,CAD,CAN,2023-11-16 07:00:00,CORE_HR
EVT00068819,2023-11-23,EMP00134,CC0041,PA,3,Step Increment,87885.86,CAD,CAN,2023-11-23 19:00:00,CORE_HR
EVT00069282,2023-11-05,EMP02019,CC0078,CR,1,Step Increment,44863.43,CAD,CA,2023-11-05 23:00:00,PAYROLL
EVT00069570,2023-11-23,EMP04683,CC0077,PA,1,Step Increment,58443.8,CAD,CA,2023-11-24 09:00:00,PAYROLL
EVT00067707,2023-11-11,EMP05120,CC0060,EX,1,Performance Pay,6423.15,CAD,CA,2023-11-12 08:00:00,PAYROLL
EVT00068377,2023-11-23,EMP02126,CC0054,IT,5,Promotion,88947.43,SGD,SGP,2023-11-23 20:00:00,CORE_HR
EVT00069368,2023-11-15,EMP00149,CC0020,FI,1,Leave Return,,CAD,CAN,2023-11-16 04:00:00,CORE_HR
EVT00068457,2023-11-10,EMP02340,CC0105,EX,3,Leave Return,,MXN,MEX,2023-11-11 09:00:00,CORE_HR
EVT00068210,2023-11-12,EMP00063,CC0075,EN,1,Leave Start,,CAD,CAN,2023-11-13 02:00:00,CORE_HR
EVT00068478,2023-11-20,EMP03915,CC0081,PA,1,Step Increment,60679.45,CAD,CA,2023-11-20 08:00:00,PAYROLL
EVT00067766,2023-11-09,EMP00438,CC0108,EX,1,Step Increment,96272.2,SGD,SG,2023-11-12 08:00:00,PAYROLL
EVT00068810,2023-11-17,EMP02768,CC0001,EN,3,Step Increment,103459.3,CAD,CA,2023-11-18 01:00:00,PAYROLL
EVT00069302,2023-11-16,EMP05177,CC0087,CR,4,Step Increment,87059.59,CAD,CAN,2023-11-16 20:00:00,CORE_HR
EVT00069492,2023-11-24,EMP02573,CC0032,AS,3,Step Increment,77865.37,CAD,CAN,2023-11-25 13:00:00,CORE_HR
EVT00069386,2023-11-08,EMP03139,CC0111,AS,1,Leave Start,,EUR,DEU,2023-11-09 14:00:00,CORE_HR
EVT00068654,2023-11-17,EMP00722,CC0035,IT,1,Departure,,CAD,CA,2023-11-17 08:00:00,PAYROLL
EVT00069206,2023-11-20,EMP00791,CC0095,IT,2,Step Increment,99288.69,CAD,CA,2023-11-21 13:00:00,PAYROLL
EVT00068619,2023-11-12,EMP05155,CC0081,FI,4,Lateral Deployment,,CAD,CAN,2023-11-12 20:00:00,CORE_HR
EVT00068666,2023-11-09,EMP01708,CC0100,PA,3,Leave Start,,CAD,CA,2023-11-09 08:00:00,PAYROLL
EVT00068231,2023-11-17,EMP03794,CC0085,EX,1,Step Increment,146842.85,CAD,CAN,2023-11-17 18:00:00,CORE_HR
EVT00068064,2023-11-03,EMP01268,CC0065,EN,5,Step Increment,14328858.2,JPY,JPN,2023-11-04 06:00:00,CORE_HR
EVT00068704,2023-11-24,EMP00327,CC0027,EN,1,Performance Pay,8664.8,CAD,CAN,2023-11-24 06:00:00,CORE_HR
EVT00067899,2023-11-11,EMP01323,CC0071,CR,5,Lateral Deployment,,CAD,CAN,2023-11-11 12:00:00,CORE_HR
EVT00067947,2023-11-26,EMP00868,CC0067,CR,3,Leave Return,,CAD,CAN,2023-11-27 03:00:00,CORE_HR
EVT00067773,2023-11-09,EMP02793,CC0099,AS,5,Lateral Deployment,,CAD,CA,2023-11-09 23:00:00,PAYROLL
EVT00069225,2023-11-13,EMP03185,CC0021,IT,4,Lateral Deployment,,CAD,CA,2023-11-13 14:00:00,PAYROLL
EVT00068168,2023-11-11,EMP02227,CC0027,PA,1,Hire,66496.12,CAD,CAN,2023-11-11 14:00:00,CORE_HR
EVT00069041,2023-11-23,EMP02886,CC0072,AS,2,Performance Pay,2715.99,CAD,CAN,2023-11-23 12:00:00,CORE_HR
EVT00068276,2023-11-10,EMP00405,CC0033,PA,3,Leave Return,,CAD,CA,2023-11-10 19:00:00,PAYROLL
EVT00068590,2023-11-22,EMP02816,CC0081,FI,3,Departure,,CAD,CAN,2023-11-22 11:00:00,CORE_HR
EVT00067911,2023-11-16,EMP00532,CC0116,EC,3,Leave Return,,CAD,CA,2023-11-17 15:00:00,PAYROLL
EVT00069201,2023-11-05,EMP01355,CC0054,AS,3,Leave Return,,EUR,DE,2023-11-05 06:00:00,PAYROLL
EVT00068971,2023-11-08,EMP03803,CC0119,IT,3,Lateral Deployment,,CAD,CA,2023-11-08 10:00:00,PAYROLL
EVT00068686,2023-11-25,EMP04038,CC0119,EX,1,Step Increment,135362.93,CAD,CAN,2023-11-26 07:00:00,CORE_HR
EVT00068285,2023-11-09,EMP00583,CC0043,AS,2,Leave Start,,CAD,CAN,2023-11-09 20:00:00,CORE_HR
EVT00067699,2023-11-23,EMP03010,CC0063,CR,1,Hire,50163.03,CAD,CA,2023-11-24 06:00:00,PAYROLL
EVT00069025,2023-11-16,EMP01393,CC0051,AS,5,Leave Start,,CAD,CAN,2023-11-17 15:00:00,CORE_HR
EVT00068955,2023-11-13,EMP01211,CC0106,PA,3,Hire,78962.49,CAD,CA,2023-11-13 08:00:00,PAYROLL
EVT00069514,2023-11-16,EMP04161,CC0093,CR,1,Performance Pay,7164.97,CAD,CA,2023-11-16 20:00:00,PAYROLL
EVT00068916,2023-11-10,EMP00789,CC0038,AS,1,Hire,63756.12,CAD,CA,2023-11-10 20:00:00,PAYROLL
EVT00069236,2023-11-26,EMP01223,CC0050,AS,1,Performance Pay,5309.53,CAD,CA,2023-11-27 15:00:00,PAYROLL
EVT00068625,2023-11-17,EMP04174,CC0067,AS,2,Lateral Deployment,,CAD,CA,2023-11-17 08:00:00,PAYROLL
EVT00067942,2023-11-01,EMP00240,CC0115,EN,4,Step Increment,105248.81,CAD,CAN,2023-11-02 02:00:00,CORE_HR
EVT00068702,2023-11-06,EMP03403,CC0017,AS,4,Step Increment,75547.91,CAD,CAN,2023-11-07 15:00:00,CORE_HR
EVT00068095,2023-11-20,EMP02935,CC0051,EC,2,Step Increment,96325.11,CAD,CAN,2023-11-20 15:00:00,CORE_HR
EVT00068764,2023-11-06,EMP02988,CC0038,AS,5,Leave Return,,CAD,CAN,2023-11-06 08:00:00,CORE_HR
EVT00067696,2023-11-26,EMP00132,CC0021,EN,4,Hire,116192.29,CAD,CA,2023-11-26 12:00:00,PAYROLL
EVT00067754,2023-11-01,EMP00021,CC0052,AS,1,Step Increment,49972.15,CAD,CAN,2023-11-01 17:00:00,CORE_HR
EVT00068474,2023-11-03,EMP01694,CC0081,EX,2,Leave Return,,CAD,CAN,2023-11-04 03:00:00,CORE_HR
EVT00067984,2023-11-03,EMP00324,CC0094,PA,2,Departure,,CAD,CA,2023-11-03 16:00:00,PAYROLL
EVT00068370,2023-11-19,EMP03547,CC0116,EC,2,Step Increment,96209.43,CAD,CAN,2023-11-20 08:00:00,CORE_HR
EVT00069169,2023-11-19,EMP04364,CC0016,FI,2,Performance Pay,8669.79,CAD,CA,2023-11-19 12:00:00,PAYROLL
EVT00069209,2023-11-12,EMP05029,CC0106,PA,1,Departure,,CAD,CA,2023-11-12 18:00:00,PAYROLL
EVT00068033,2023-11-23,EMP01109,CC0116,PA,4,Leave Start,,CAD,CAN,2023-11-23 09:00:00,CORE_HR
EVT00067739,2023-11-18,EMP00115,CC0073,CR,1,Performance Pay,2207.32,CAD,CAN,2023-11-18 11:00:00,CORE_HR
EVT00069404,2023-11-13,EMP01425,CC0100,CR,4,Lateral Deployment,,CAD,CAN,2023-11-14 18:00:00,CORE_HR
EVT00068508,2023-11-07,EMP03683,CC0083,FI,2,Leave Start,,CAD,CAN,2023-11-08 09:00:00,CORE_HR
EVT00067675,2023-11-26,EMP00679,CC0029,FI,1,Leave Start,,EUR,FRA,2023-11-26 20:00:00,CORE_HR
EVT00067928,2023-11-06,EMP05165,CC0021,IT,2,Leave Return,,CAD,CAN,2023-11-06 09:00:00,CORE_HR
EVT00069131,2023-11-04,EMP01697,CC0083,AS,2,Promotion,61534.53,CAD,CA,2023-11-04 18:00:00,PAYROLL
EVT00067735,2023-11-04,EMP00651,CC0117,EX,2,Step Increment,164990.72,CAD,CAN,2023-11-04 11:00:00,CORE_HR
EVT00069062,2023-11-14,EMP03561,CC0116,PA,3,Lateral Deployment,,CAD,CA,2023-11-16 08:00:00,PAYROLL
EVT00069035,2023-11-03,EMP00782,CC0019,EC,1,Step Increment,73236.44,XXX,CA,2023-11-04 02:00:00,PAYROLL
EVT00067968,2023-11-25,EMP02049,CC0107,AS,1,Lateral Deployment,,CAD,CA,2023-11-26 00:00:00,PAYROLL
EVT00069238,2023-11-20,EMP04038,CC0119,EX,1,Step Increment,144092.65,CAD,CAN,2023-11-20 14:00:00,CORE_HR
EVT00068639,2023-11-05,EMP02110,CC0095,AS,5,Step Increment,87609.08,CAD,CA,2023-11-06 01:00:00,PAYROLL
EVT00069111,2023-11-16,EMP00470,CC0116,CR,1,Performance Pay,3143.26,CAD,CA,2023-11-17 05:00:00,PAYROLL
EVT00068615,2023-11-13,EMP03835,CC0063,CR,5,Step Increment,80529.6,CAD,CAN,2023-11-13 23:00:00,CORE_HR
EVT00068265,2023-11-02,EMP02873,CC0003,PA,1,Leave Return,,CAD,CAN,2023-11-02 12:00:00,CORE_HR
EVT00068188,2023-11-20,EMP00138,CC0006,CR,1,Lateral Deployment,,CAD,CA,2023-11-21 07:00:00,PAYROLL
EVT00068176,2023-11-04,EMP00196,CC0060,IT,5,Step Increment,127379.74,CAD,CAN,2023-11-04 21:00:00,CORE_HR
EVT00069390,2023-11-01,EMP02281,CC0065,PA,3,Step Increment,1057112.86,MXN,MEX,2023-11-01 22:00:00,CORE_HR
EVT00069188,2023-11-02,EMP03276,CC0101,CR,5,Step Increment,85224.35,CAD,CAN,2023-11-02 18:00:00,CORE_HR
EVT00069187,2023-11-18,EMP01087,CC0114,EC,2,Step Increment,95135.07,CAD,CAN,2023-11-19 12:00:00,CORE_HR
EVT00067906,2023-11-09,EMP00171,CC0070,PA,1,Step Increment,61486.39,CAD,CAN,2023-11-10 08:00:00,CORE_HR
EVT00068035,2023-11-12,EMP00241,CC0032,CR,1,Lateral Deployment,,CAD,CA,2023-11-14 20:00:00,PAYROLL
EVT00068127,2023-11-24,EMP01032,CC0079,IT,2,Step Increment,95427.97,CAD,CAN,2023-11-25 01:00:00,CORE_HR
EVT00068201,2023-11-10,EMP02869,CC0045,FI,5,Step Increment,115823.08,CAD,CA,2023-11-12 06:00:00,PAYROLL
EVT00068059,2023-11-06,EMP03377,CC0049,PA,4,Lateral Deployment,,INR,IN,2023-11-06 23:00:00,PAYROLL
EVT00067827,2023-11-25,EMP00085,CC0009,IT,2,Leave Start,,BRL,BRA,2023-11-25 07:00:00,CORE_HR
EVT00067698,2023-11-19,EMP00662,CC0063,EN,2,Step Increment,107244.0,CAD,CAN,2023-11-20 09:00:00,CORE_HR
EVT00068838,2023-11-24,EMP04783,CC0092,FI,1,Promotion,77234.15,CAD,CAN,2023-11-24 22:00:00,CORE_HR
EVT00068119,2023-11-21,EMP00566,CC0032,IT,3,Leave Return,,CAD,CAN,2023-11-21 17:00:00,CORE_HR
EVT00068229,2023-11-07,EMP02638,CC0092,EC,2,Performance Pay,4117.79,CAD,CAN,2023-11-07 11:00:00,CORE_HR
EVT00068379,2023-11-20,EMP00051,CC0099,EN,4,Step Increment,139362.09,CAD,CA,2023-11-20 19:00:00,PAYROLL
EVT00068789,2023-11-16,EMP00192,CC0010,EN,1,Leave Return,,CAD,CAN,2023-11-17 08:00:00,CORE_HR
EVT00067854,2023-11-20,EMP04161,CC0093,CR,1,Leave Return,,CAD,CAN,2023-11-20 19:00:00,CORE_HR
EVT00068833,2023-11-21,EMP00769,CC0118,EN,1,Step Increment,82406.79,CAD,CA,2023-11-21 14:00:00,PAYROLL
EVT00068870,2023-11-09,EMP03354,CC0013,FI,1,Leave Start,,CAD,CAN,2023-11-10 15:00:00,CORE_HR
EVT00069458,2023-11-17,EMP02460,CC0068,PA,3,Hire,87967.78,CAD,CAN,2023-11-18 00:00:00,CORE_HR
EVT00069469,2023-11-20,EMP01187,CC0002,AS,3,Performance Pay,9205.12,CAD,CAN,2023-11-21 03:00:00,CORE_HR
EVT00068102,2023-11-20,EMP03954,CC0115,FI,3,Leave Return,,CAD,CAN,2023-11-20 22:00:00,CORE_HR
EVT00068557,2023-11-08,EMP04049,CC0074,FI,5,Leave Start,,MXN,MEX,2023-11-08 22:00:00,CORE_HR
EVT00068444,2023-11-07,EMP03621,CC0099,CR,3,Leave Return,,CAD,CA,2023-11-07 14:00:00,PAYROLL
EVT00068303,2023-11-02,EMP01754,CC0007,EX,2,Hire,605948.5,BRL,BRA,2023-11-03 06:00:00,CORE_HR
EVT00068430,2023-11-20,EMP00161,CC0047,PA,1,Step Increment,68708.15,CAD,CAN,2023-11-20 22:00:00,CORE_HR
EVT00068927,2023-11-03,EMP03599,CC0096,IT,2,Step Increment,96124.74,CAD,CA,2023-11-04 15:00:00,PAYROLL
EVT00069200,2023-11-21,EMP03976,CC0069,EX,1,Hire,127912.69,CAD,CAN,2023-11-21 11:00:00,CORE_HR
EVT00069034,2023-11-24,EMP04226,CC0115,PA,1,Leave Return,,CAD,CAN,2023-11-25 05:00:00,CORE_HR
EVT00068470,2023-11-12,EMP00781,CC0036,EN,4,Leave Start,,CAD,CAN,2023-11-12 09:00:00,CORE_HR
EVT00069526,2023-11-22,EMP00861,CC0091,CR,1,Lateral Deployment,,CAD,CAN,2023-11-22 20:00:00,CORE_HR
EVT00068187,2023-11-19,EMP00025,CC0084,IT,4,Step Increment,124274.94,CAD,CA,2023-11-19 14:00:00,PAYROLL
EVT00068935,2023-11-01,EMP04893,CC0014,EX,1,Performance Pay,17927.21,CAD,CAN,2023-11-02 14:00:00,CORE_HR
EVT00068498,2023-11-25,EMP04554,CC0002,CR,4,Lateral Deployment,,CAD,CA,2023-11-26 00:00:00,PAYROLL
EVT00067975,2023-11-08,EMP02115,CC0080,EC,4,Departure,,USD,USA,2023-11-10 13:00:00,CORE_HR
EVT00068337,2023-11-11,EMP00215,CC0061,IT,3,Leave Start,,CAD,CAN,2023-11-12 01:00:00,CORE_HR
EVT00068864,2023-11-10,EMP02722,CC0066,PA,3,Leave Start,,CAD,CAN,2023-11-10 12:00:00,CORE_HR
EVT00069288,2023-11-27,EMP00597,CC0031,IT,1,Step Increment,61715.1,SGD,SG,2023-11-28 10:00:00,PAYROLL
EVT00069364,2023-11-22,EMP00657,CC0027,EC,5,Leave Start,,CAD,CAN,2023-11-23 11:00:00,CORE_HR
EVT00069172,2023-11-14,EMP03110,CC0112,FI,3,Step Increment,99040.57,CAD,CA,2023-11-15 15:00:00,PAYROLL
EVT00068931,2023-11-14,EMP01046,CC0035,FI,3,Step Increment,99786.01,CAD,CAN,2023-11-17 00:00:00,CORE_HR
EVT00068120,2023-11-15,EMP00966,CC0104,IT,5,Step Increment,110928.66,CAD,CA,2023-11-15 21:00:00,PAYROLL
EVT00068855,2023-11-11,EMP03639,CC0119,PA,2,Performance Pay,6029.3,CAD,CAN,2023-11-12 13:00:00,CORE_HR
EVT00067891,2023-11-20,EMP03636,CC0076,IT,4,Performance Pay,7242.38,CAD,CAN,2023-11-22 10:00:00,CORE_HR
EVT00067697,2023-11-05,EMP03494,CC0051,PA,3,Leave Start,,CAD,CA,2023-11-05 13:00:00,PAYROLL
EVT00068155,2023-11-04,EMP01268,CC0065,EN,5,Lateral Deployment,,BRL,BR,2023-11-04 07:00:00,PAYROLL
EVT00068951,2023-11-12,EMP02251,CC0101,EC,3,Hire,103264.28,CAD,CA,2023-11-12 22:00:00,PAYROLL
EVT00067790,2023-11-27,EMP01673,CC0094,AS,2,Step Increment,69621.09,CAD,CA,2023-11-28 05:00:00,PAYROLL
EVT00068422,2023-11-08,EMP04165,CC0055,EC,1,Performance Pay,9253.27,CAD,CA,2023-11-09 04:00:00,PAYROLL
EVT00068203,2023-11-24,EMP04168,CC0056,FI,3,Step Increment,92222.8,CAD,CA,2023-11-25 15:00:00,PAYROLL
EVT00068023,2023-11-21,EMP05183,CC0079,EX,1,Lateral Deployment,,CAD,CA,2023-11-21 06:00:00,PAYROLL
EVT00067820,2023-11-06,EMP00952,CC0118,FI,2,Lateral Deployment,,CAD,CAN,2023-11-07 12:00:00,CORE_HR
EVT00068986,2023-11-19,EMP04113,CC0108,FI,2,Lateral Deployment,,EUR,DEU,2023-11-19 21:00:00,CORE_HR
EVT00069557,2023-11-03,EMP01376,CC0068,CR,5,Leave Return,,CAD,CA,2023-11-03 21:00:00,PAYROLL
EVT00069183,2023-11-27,EMP02656,CC0079,EN,1,Hire,89351.56,CAD,CAN,2023-11-27 14:00:00,CORE_HR
EVT00069587,2023-11-03,EMP03781,CC0051,EN,2,Performance Pay,9454.66,CAD,CAN,2023-11-04 07:00:00,CORE_HR
EVT00068780,2023-11-15,EMP02883,CC0082,EX,1,Step Increment,128590.01,CAD,CA,2023-11-16 14:00:00,PAYROLL
EVT00067999,2023-11-26,EMP01575,CC0054,CR,2,Leave Start,,KES,KEN,2023-11-27 06:00:00,CORE_HR
EVT00069195,2023-11-14,EMP02427,CC0061,EX,1,Lateral Deployment,,CAD,CAN,2023-11-14 20:00:00,CORE_HR
EVT00068398,2023-11-23,EMP03536,CC0051,EN,5,Step Increment,147078.85,CAD,CA,2023-11-23 14:00:00,PAYROLL
EVT00068419,2023-11-02,EMP00384,CC0023,CR,2,Step Increment,55380.79,CAD,CAN,2023-11-03 15:00:00,CORE_HR
EVT00068556,2023-11-10,EMP01448,CC0033,EX,1,Performance Pay,7168.35,CAD,CA,2023-11-11 09:00:00,PAYROLL
EVT00068980,2023-11-24,EMP03826,CC0092,IT,1,Hire,75370.5,CAD,CAN,2023-11-25 05:00:00,CORE_HR
EVT00068669,2023-11-02,EMP01980,CC0003,EN,3,Leave Start,,CAD,CAN,2023-11-02 11:00:00,CORE_HR
EVT00069062,2023-11-14,EMP03561,CC0116,PA,3,Lateral Deployment,,CAD,CA,2023-11-14 13:00:00,PAYROLL
EVT00068747,2023-11-12,EMP04981,CC0105,EX,2,Step Increment,112647.82,GBP,GBR,2023-11-13 14:00:00,CORE_HR
EVT00068634,2023-11-23,EMP00125,CC0112,IT,1,Leave Start,,CAD,CA,2023-11-23 17:00:00,PAYROLL
EVT00068741,2023-11-12,EMP04172,CC0018,EX,1,Leave Start,,CAD,CAN,2023-11-12 20:00:00,CORE_HR
EVT00068592,2023-11-20,EMP00157,CC0016,PA,3,Step Increment,86523.78,CAD,CAN,2023-11-20 19:00:00,CORE_HR
EVT00069347,2023-11-14,EMP04732,CC0019,CR,3,Lateral Deployment,,CAD,CAN,2023-11-14 17:00:00,CORE_HR
EVT00069491,2023-11-08,EMP04073,CC0071,AS,1,Promotion,58864.86,CAD,CAN,2023-11-09 07:00:00,CORE_HR
EVT00067797,2023-11-07,EMP05034,CC0078,AS,2,Departure,,CAD,CA,2023-11-08 09:00:00,PAYROLL
EVT00069248,2023-11-17,EMP04367,CC0049,PA,1,Performance Pay,5586.97,SGD,SG,2023-11-17 12:00:00,PAYROLL
EVT00069092,2023-11-17,EMP00220,CC0085,PA,2,Promotion,79801.35,CAD,CAN,2023-11-17 12:00:00,CORE_HR
EVT00067720,2023-11-03,EMP04328,CC0062,IT,3,Performance Pay,7699.73,CAD,CAN,2023-11-03 21:00:00,CORE_HR
EVT00068966,2023-11-10,EMP03478,CC0001,PA,3,Leave Start,,CAD,CA,2023-11-10 14:00:00,PAYROLL
EVT00068781,2023-11-18,EMP00348,CC0113,AS,2,Performance Pay,3037.62,CAD,CAN,2023-11-19 08:00:00,CORE_HR
EVT00069114,2023-11-07,EMP04488,CC0031,CR,3,Lateral Deployment,,EUR,DE,2023-11-08 14:00:00,PAYROLL
EVT00069039,2023-11-12,EMP02745,CC0079,AS,2,Step Increment,62952.56,CAD,CA,2023-11-13 12:00:00,PAYROLL
EVT00069414,2023-11-14,EMP00228,CC0053,PA,2,Step Increment,75516.04,CAD,CA,2023-11-14 22:00:00,PAYROLL
EVT00068212,2023-11-17,EMP05147,CC0030,IT,1,Lateral Deployment,,AED,ARE,2023-11-18 12:00:00,CORE_HR
EVT00067760,2023-11-06,EMP00322,CC0053,FI,3,Departure,,CAD,CA,2023-11-06 17:00:00,PAYROLL
EVT00068104,2023-11-25,EMP03291,CC0004,CR,3,Step Increment,72769.9,CAD,CA,2023-11-25 10:00:00,PAYROLL
EVT00068638,2023-11-27,EMP00252,CC0058,FI,4,Performance Pay,9332.83,CAD,CA,2023-11-27 10:00:00,PAYROLL
EVT00069228,2023-11-06,EMP03769,CC0022,IT,1,Step Increment,77115.49,CAD,CA,2023-11-07 04:00:00,PAYROLL
EVT00068898,2023-11-19,EMP00203,CC0044,AS,3,Step Increment,78436.12,CAD,CA,2023-11-20 15:00:00,PAYROLL
EVT00068362,2023-11-10,EMP02222,CC0020,EN,2,Lateral Deployment,,CAD,CAN,2023-11-11 03:00:00,CORE_HR
EVT00069547,2023-11-04,EMP01704,CC0051,PA,2,Performance Pay,4484.72,CAD,CAN,2023-11-04 09:00:00,CORE_HR
EVT00069240,2023-11-25,EMP02936,CC0030,FI,2,Hire,8488442.28,JPY,JPN,2023-11-26 09:00:00,CORE_HR
EVT00067945,2023-11-14,EMP00394,CC0018,IT,3,Hire,103917.41,CAD,CAN,2023-11-14 09:00:00,CORE_HR
EVT00069536,2023-11-15,EMP01586,CC0111,EN,2,Step Increment,6390784.61,INR,IND,2023-11-16 12:00:00,CORE_HR
EVT00069098,2023-11-08,EMP03616,CC0004,EX,1,Step Increment,125700.22,CAD,CAN,2023-11-08 12:00:00,CORE_HR
EVT00068595,2023-11-24,EMP01160,CC0072,CR,4,Lateral Deployment,,CAD,CAN,2023-11-24 17:00:00,CORE_HR
EVT00068146,2023-11-04,EMP03354,CC0013,FI,1,Leave Start,,CAD,CAN,2023-11-04 18:00:00,CORE_HR
EVT00067684,2023-11-07,EMP00587,CC0092,IT,1,Step Increment,90917.94,CAD,CAN,2023-11-07 08:00:00,CORE_HR
EVT00069052,2023-11-19,EMP01347,CC0071,EX,1,Lateral Deployment,,CAD,CA,2023-11-19 17:00:00,PAYROLL
EVT00067858,2023-11-03,EMP03826,CC0092,IT,1,Leave Return,,CAD,CAN,2023-11-03 13:00:00,CORE_HR
EVT00068214,2023-11-26,EMP02477,CC0084,CR,1,Hire,53896.52,CAD,CA,2023-11-27 04:00:00,PAYROLL
EVT00068375,2023-11-19,EMP03832,CC0045,PA,1,Hire,62190.97,CAD,CAN,2023-11-19 20:00:00,CORE_HR
EVT00067706,2023-11-25,EMP02385,CC0056,EN,2,Leave Return,,CAD,CAN,2023-11-26 07:00:00,CORE_HR
EVT00068896,2023-11-05,EMP00051,CC0099,EN,4,Performance Pay,8816.9,CAD,CA,2023-11-06 03:00:00,PAYROLL
EVT00069530,2023-11-20,EMP02419,CC0051,PA,1,Leave Return,,CAD,CA,2023-11-20 22:00:00,PAYROLL
EVT00068804,2023-11-20,EMP02185,CC0093,AS,5,Leave Return,,CAD,CAN,2023-11-20 20:00:00,CORE_HR
EVT00067781,2023-11-24,EMP00690,CC0009,IT,2,Leave Start,,JPY,JP,2023-11-24 13:00:00,PAYROLL
EVT00068977,2023-11-20,EMP02673,CC0039,EN,2,Leave Start,,CAD,CAN,2023-11-21 02:00:00,CORE_HR
EVT00069443,2023-11-25,EMP04236,CC0080,IT,2,Step Increment,5556901.34,INR,IN,2023-11-25 19:00:00,PAYROLL
EVT00068002,2023-11-03,EMP03729,CC0042,EN,1,Step Increment,81290.52,CAD,CAN,2023-11-03 08:00:00,CORE_HR
EVT00067845,2023-11-02,EMP00894,CC0058,EN,1,Step Increment,98144.6,CAD,CAN,2023-11-03 01:00:00,CORE_HR
EVT00069295,2023-11-08,EMP03518,CC0035,EX,1,Step Increment,143599.46,CAD,CAN,2023-11-09 04:00:00,CORE_HR
EVT00069019,2023-11-24,EMP03159,CC0042,FI,2,Performance Pay,10425.99,CAD,CA,2023-11-25 06:00:00,PAYROLL
EVT00069167,2023-11-10,EMP00942,CC0062,PA,2,Performance Pay,5116.19,CAD,CA,2023-11-10 10:00:00,PAYROLL
EVT00068999,2023-11-27,EMP00737,CC0048,IT,2,Lateral Deployment,,CAD,CA,2023-11-28 04:00:00,PAYROLL
EVT00067798,2023-11-09,EMP00892,CC0093,EN,1,Promotion,82665.87,CAD,CA,2023-11-10 11:00:00,PAYROLL
EVT00068411,2023-11-17,EMP00526,CC0108,IT,1,Step Increment,62155.49,EUR,DE,2023-11-17 18:00:00,PAYROLL
EVT00068817,2023-11-18,EMP01483,CC0097,EX,1,Lateral Deployment,,CAD,CAN,2023-11-19 01:00:00,CORE_HR
EVT00069176,2023-11-09,EMP01244,CC0023,PA,3,Step Increment,83417.44,CAD,CAN,2023-11-10 08:00:00,CORE_HR
EVT00068018,2023-11-03,EMP01861,CC0048,IT,1,Departure,,CAD,CAN,2023-11-03 18:00:00,CORE_HR
EVT00068323,2023-11-27,EMP02559,CC0104,EX,1,Departure,,CAD,CA,2023-11-27 07:00:00,PAYROLL
EVT00069021,2023-11-15,EMP00783,CC0078,EN,2,Lateral Deployment,,CAD,CA,2023-11-16 07:00:00,PAYROLL
EVT00068621,2023-11-23,EMP03571,CC0038,EX,3,Step Increment,182822.22,CAD,CA,2023-11-23 07:00:00,PAYROLL
EVT00067819,2023-11-07,EMP00712,CC0102,IT,1,Step Increment,71068.21,CAD,CAN,2023-11-07 12:00:00,CORE_HR
EVT00068509,2023-11-01,EMP04368,CC0046,FI,1,Step Increment,8204536.65,JPY,JPN,2023-11-01 22:00:00,CORE_HR
EVT00068529,2023-11-23,EMP00641,CC0103,FI,2,Hire,95191.02,CAD,CA,2023-11-23 23:00:00,PAYROLL
EVT00068737,2023-11-19,EMP01813,CC0072,EC,3,Step Increment,97618.82,CAD,CAN,2023-11-19 21:00:00,CORE_HR
EVT00068261,2023-11-08,EMP03410,CC0056,EN,2,Lateral Deployment,,CAD,CAN,2023-11-08 21:00:00,CORE_HR
EVT00068131,2023-11-26,EMP03920,CC0074,EC,4,Performance Pay,9289.71,GBP,GBR,2023-11-27 20:00:00,CORE_HR
EVT00069119,2023-11-10,EMP04074,CC0054,PA,5,Departure,,KES,KE,2023-11-11 06:00:00,PAYROLL
EVT00068580,2023-11-04,EMP00402,CC0114,IT,1,Performance Pay,6189.71,CAD,CAN,2023-11-05 14:00:00,CORE_HR
EVT00067838,2023-11-25,EMP01030,CC0035,IT,4,Departure,,CAD,CAN,2023-11-25 18:00:00,CORE_HR
EVT00068390,2023-11-20,EMP01642,CC0011,PA,2,Leave Return,,CAD,CAN,2023-11-20 23:00:00,CORE_HR
EVT00068286,2023-11-10,EMP04570,CC0006,EC,3,Step Increment,94936.84,CAD,CAN,2023-11-11 11:00:00,CORE_HR
EVT00069348,2023-11-10,EMP02513,CC0041,AS,4,Step Increment,104495.52,CAD,CAN,2023-11-10 23:00:00,CORE_HR
EVT00068650,2023-11-04,EMP00356,CC0045,EX,1,Performance Pay,6351.28,CAD,CA,2023-11-05 03:00:00,PAYROLL
EVT00068293,2023-11-05,EMP00933,CC0053,PA,2,Promotion,71069.61,CAD,CA,2023-11-05 06:00:00,PAYROLL
EVT00068598,2023-11-10,EMP02493,CC0116,EN,2,Promotion,92013.89,CAD,CAN,2023-11-11 03:00:00,CORE_HR
EVT00067815,2023-11-04,EMP00063,CC0075,EN,1,Step Increment,88824.12,CAD,CAN,2023-11-05 08:00:00,CORE_HR
EVT00067769,2023-11-06,EMP02603,CC0056,PA,1,Leave Start,,CAD,CAN,2023-11-06 22:00:00,CORE_HR
EVT00069249,2023-11-25,EMP00380,CC0058,CR,1,Leave Start,,CAD,CA,2023-11-25 17:00:00,PAYROLL
EVT00068338,2023-11-20,EMP01639,CC0079,FI,2,Performance Pay,9067.32,CAD,CA,2023-11-21 06:00:00,PAYROLL
EVT00067708,2023-11-20,EMP02186,CC0044,EC,2,Lateral Deployment,,CAD,CA,2023-11-20 18:00:00,PAYROLL
EVT00068521,2023-11-21,EMP00104,CC0087,FI,3,Lateral Deployment,,CAD,CAN,2023-11-21 10:00:00,CORE_HR
EVT00068499,2023-11-15,EMP02199,CC0045,AS,2,Leave Start,,CAD,CAN,2023-11-15 09:00:00,CORE_HR
EVT00068963,2023-11-13,EMP00364,CC0110,AS,1,Leave Return,,CAD,CAN,2023-11-14 01:00:00,CORE_HR
EVT00069546,2023-11-12,EMP01529,CC0087,CR,1,Step Increment,54067.42,CAD,CAN,2023-11-13 05:00:00,CORE_HR
EVT00067985,2023-11-20,EMP03583,CC0011,FI,3,Leave Return,,CAD,CA,2023-11-21 11:00:00,PAYROLL
EVT00069284,2023-11-02,EMP04503,CC0081,FI,1,Step Increment,70104.7,CAD,CA,2023-11-02 20:00:00,PAYROLL
EVT00069110,2023-11-19,EMP03167,CC0079,PA,1,Promotion,63117.57,CAD,CAN,2023-11-19 20:00:00,CORE_HR
EVT00069604,2023-11-02,EMP04194,CC0054,IT,5,Hire,216785.3,AUD,AUS,2023-11-03 04:00:00,CORE_HR
EVT00069468,2023-11-17,EMP00847,CC0065,CR,1,Step Increment,113877.38,AED,AE,2023-11-20 10:00:00,PAYROLL
EVT00068469,2023-11-25,EMP02141,CC0067,IT,4,Step Increment,132715.76,CAD,CA,2023-11-25 22:00:00,PAYROLL
EVT00068753,2023-11-04,EMP00090,CC0069,AS,2,Lateral Deployment,,CAD,CAN,2023-11-05 10:00:00,CORE_HR
EVT00068651,2023-11-22,EMP04595,CC0094,IT,4,Lateral Deployment,,CAD,CAN,2023-11-25 23:00:00,CORE_HR
EVT00069216,2023-11-20,EMP01693,CC0015,EX,1,Performance Pay,10005.17,CAD,CAN,2023-11-20 06:00:00,CORE_HR
EVT00068129,2023-11-26,EMP01027,CC0044,AS,4,Step Increment,88938.83,CAD,CAN,2023-11-26 20:00:00,CORE_HR
EVT00067745,2023-11-14,EMP04512,CC0032,EC,5,Hire,121696.91,CAD,CAN,2023-11-15 10:00:00,CORE_HR
EVT00067743,2023-11-07,EMP02564,CC0094,IT,1,Lateral Deployment,,CAD,CA,2023-11-08 03:00:00,PAYROLL
EVT00069602,2023-11-07,EMP04575,CC0050,IT,3,Step Increment,114500.27,CAD,CAN,2023-11-08 03:00:00,CORE_HR
EVT00068626,2023-11-27,EMP04346,CC0029,FI,3,Leave Start,,GBP,GBR,2023-11-28 07:00:00,CORE_HR
EVT00068727,2023-11-27,EMP04240,CC0003,IT,1,Leave Start,,CAD,CAN,2023-11-27 13:00:00,CORE_HR
EVT00068242,2023-11-17,EMP04479,CC0027,CR,4,Leave Start,,CAD,CA,2023-11-18 07:00:00,PAYROLL
EVT00067908,2023-11-22,EMP02254,CC0031,AS,4,Step Increment,341564.7,BRL,BRA,2023-11-22 23:00:00,CORE_HR
EVT00069350,2023-11-14,EMP04602,CC0051,AS,1,Leave Start,,CAD,CAN,2023-11-15 08:00:00,CORE_HR
EVT00068007,2023-11-08,EMP00175,CC0056,IT,1,Promotion,-89233.77,CAD,CAN,2023-11-09 12:00:00,CORE_HR
EVT00068312,2023-11-11,EMP02132,CC0051,IT,3,Leave Start,,CAD,CA,2023-11-11 19:00:00,PAYROLL
EVT00068968,2023-11-13,EMP04129,CC0055,PA,5,Step Increment,105961.18,CAD,CA,2023-11-14 05:00:00,PAYROLL
EVT00067693,2023-11-15,EMP01157,CC0085,EC,3,Performance Pay,13891.88,CAD,CA,2023-11-16 02:00:00,PAYROLL
EVT00068461,2023-11-24,EMP01687,CC0012,EX,1,Step Increment,129873.07,CAD,CAN,2023-11-25 14:00:00,CORE_HR
EVT00068236,2023-11-22,EMP04757,CC0036,EX,2,Step Increment,161722.17,CAD,CA,2023-11-22 18:00:00,PAYROLL
EVT00068465,2023-11-24,EMP01278,CC0043,AS,3,Leave Return,,CAD,CA,2023-11-24 22:00:00,PAYROLL
EVT00068381,2023-11-05,EMP04273,CC0099,EN,1,Step Increment,89870.98,CAD,CAN,2023-11-05 16:00:00,CORE_HR
EVT00069235,2023-11-08,EMP03681,CC0089,AS,3,Step Increment,72210.62,CAD,CAN,2023-11-08 06:00:00,CORE_HR
EVT00069337,2023-11-05,EMP01869,CC0107,AS,1,Step Increment,54060.53,CAD,CA,2023-11-06 02:00:00,PAYROLL
EVT00068184,2023-11-16,EMP02855,CC0102,PA,3,Step Increment,76702.56,CAD,CA,2023-11-17 01:00:00,PAYROLL
EVT00068814,2023-11-25,EMP03402,CC0113,EN,1,Performance Pay,5133.78,CAD,CA,2023-11-25 10:00:00,PAYROLL
EVT00069440,2023-11-03,EMP01351,CC0117,CR,2,Leave Return,,CAD,CAN,2023-11-04 06:00:00,CORE_HR
EVT00068334,2023-11-09,EMP03872,CC0051,CR,3,Step Increment,50314.97,CAD,CA,2023-11-10 04:00:00,PAYROLL
EVT00067967,2023-11-15,EMP02853,CC0005,PA,2,Performance Pay,8258.69,CAD,CAN,2023-11-15 19:00:00,CORE_HR
EVT00068632,2023-11-08,EMP00345,CC0091,IT,2,Leave Return,,CAD,CAN,2023-11-08 15:00:00,CORE_HR
EVT00067895,2023-11-27,EMP03390,CC0063,EN,1,Leave Start,,CAD,CA,2023-11-27 15:00:00,PAYROLL
EVT00067751,2023-11-20,EMP01630,CC0022,IT,5,Departure,,CAD,CA,2023-11-21 10:00:00,PAYROLL
EVT00067994,2023-11-01,EMP03034,CC0085,FI,1,Leave Return,,CAD,CA,2023-11-01 16:00:00,PAYROLL
EVT00068748,2023-11-23,EMP02453,CC0073,IT,1,Hire,81203.31,CAD,CA,2023-11-23 12:00:00,PAYROLL
EVT00068054,2023-11-05,EMP02952,CC0002,FI,3,Leave Return,,CAD,CA,2023-11-06 15:00:00,PAYROLL
EVT00068136,2023-11-17,EMP04197,CC0118,FI,2,Performance Pay,5560.85,CAD,CA,2023-11-18 08:00:00,PAYROLL
EVT00067962,2023-11-14,EMP00606,CC0027,PA,1,Step Increment,64366.3,CAD,CAN,2023-11-14 16:00:00,CORE_HR
EVT00067864,2023-11-17,EMP05130,CC0030,EC,2,Step Increment,-133051.8,AUD,AUS,2023-11-18 05:00:00,CORE_HR
EVT00069457,2023-11-21,EMP00393,CC0011,FI,4,Performance Pay,5359.46,CAD,CAN,2023-11-21 14:00:00,CORE_HR
EVT00067964,2023-11-07,EMP00284,CC0004,FI,2,Step Increment,92910.32,CAD,CAN,2023-11-07 20:00:00,CORE_HR
EVT00069568,2023-11-14,EMP01232,CC0068,PA,2,Performance Pay,5814.1,CAD,CAN,2023-11-15 13:00:00,CORE_HR
EVT00067925,2023-11-20,EMP04442,CC0094,IT,5,Performance Pay,11325.88,CAD,CAN,2023-11-21 11:00:00,CORE_HR
EVT00069566,2023-11-23,EMP01018,CC0031,PA,3,Step Increment,61239.5,EUR,DEU,2023-11-23 09:00:00,CORE_HR
EVT00068500,2023-11-24,EMP02125,CC0110,EC,3,Performance Pay,5892.37,CAD,CAN,2023-11-25 00:00:00,CORE_HR
EVT00069074,2023-11-10,EMP01536,CC0082,EC,2,Lateral Deployment,,CAD,CA,2023-11-11 06:00:00,PAYROLL
EVT00067960,2023-11-07,EMP04424,CC0017,FI,2,Step Increment,81936.86,CAD,CAN,2023-11-07 12:00:00,CORE_HR
EVT00068172,2023-11-02,EMP00477,CC0061,IT,2,Performance Pay,10259.28,CAD,CAN,2023-11-03 14:00:00,CORE_HR
EVT00067894,2023-11-11,EMP00693,CC0056,IT,2,Hire,90283.35,CAD,CA,2023-11-12 10:00:00,PAYROLL
EVT00068097,2023-11-19,EMP01736,CC0088,PA,1,Performance Pay,2149.8,GBP,GBR,2023-11-20 01:00:00,CORE_HR
EVT00069278,2023-11-09,EMP00060,CC0089,PA,4,Performance Pay,11645.37,CAD,CAN,2023-11-09 20:00:00,CORE_HR
EVT00068587,2023-11-07,EMP02853,CC0005,PA,2,Step Increment,68872.19,CAD,CAN,2023-11-08 01:00:00,CORE_HR
EVT00069095,2023-11-04,EMP04413,CC0105,EX,3,Lateral Deployment,,MXN,MEX,2023-11-04 09:00:00,CORE_HR
EVT00069196,2023-11-25,EMP04098,CC0111,PA,1,Step Increment,818420.27,MXN,MEX,2023-11-25 14:00:00,CORE_HR
EVT00067935,2023-11-18,EMP01815,CC0093,EX,1,Leave Start,,CAD,CAN,2023-11-19 03:00:00,CORE_HR
EVT00068273,2023-11-24,EMP02235,CC0017,AS,5,Hire,83404.78,CAD,CAN,2023-11-24 22:00:00,CORE_HR
EVT00069296,2023-11-17,EMP00306,CC0061,EX,1,Leave Return,,CAD,CAN,2023-11-18 09:00:00,CORE_HR
EVT00068076,2023-11-20,EMP03092,CC0098,PA,1,Leave Return,,CAD,CA,2023-11-21 11:00:00,PAYROLL
EVT00067954,2023-11-07,EMP04372,CC0086,FI,4,Departure,,JPY,JP,2023-11-07 15:00:00,PAYROLL
EVT00067852,2023-11-03,EMP00485,CC0101,PA,3,Lateral Deployment,,CAD,CAN,2023-11-03 13:00:00,CORE_HR
EVT00069300,2023-11-20,EMP04924,CC0105,EN,1,Hire,9500767.79,KES,KEN,2023-11-21 11:00:00,CORE_HR
EVT00067804,2023-11-07,EMP04514,CC0051,IT,1,Lateral Deployment,,CAD,CAN,2023-11-07 07:00:00,CORE_HR
EVT00068862,2023-11-12,EMP01824,CC0001,PA,1,Leave Return,,CAD,CAN,2023-11-13 11:00:00,CORE_HR
EVT00069357,2023-11-22,EMP02895,CC0086,CR,3,Step Increment,52872.35,EUR,DEU,2023-11-23 01:00:00,CORE_HR
EVT00067841,2023-11-15,EMP03442,CC0018,EN,1,Performance Pay,7572.73,CAD,CAN,2023-11-18 02:00:00,CORE_HR
EVT00069426,2023-11-11,EMP00154,CC0058,PA,4,Leave Start,,CAD,CAN,2023-11-12 11:00:00,CORE_HR
EVT00067780,2023-11-15,EMP00488,CC0023,FI,1,Step Increment,59958.61,CAD,CAN,2023-11-15 16:00:00,CORE_HR
EVT00069316,2023-11-14,EMP03053,CC0009,AS,2,Performance Pay,5598.21,GBP,GBR,2023-11-15 03:00:00,CORE_HR
EVT00068944,2023-11-06,EMP02926,CC0048,IT,3,Promotion,116052.1,CAD,CAN,2023-11-07 10:00:00,CORE_HR
EVT00068949,2023-11-21,EMP03927,CC0053,AS,3,Leave Start,,CAD,CAN,2023-11-21 11:00:00,CORE_HR
EVT00069006,2023-11-19,EMP02364,CC0005,EX,1,Hire,112110.81,CAD,CAN,2023-11-20 11:00:00,CORE_HR
EVT00069304,2023-11-27,EMP01588,CC0041,EN,5,Step Increment,137717.35,CAD,CAN,2023-11-28 00:00:00,CORE_HR
EVT00068690,2023-11-24,EMP01939,CC0071,IT,2,Step Increment,87932.07,CAD,CAN,2023-11-24 23:00:00,CORE_HR
EVT00068711,2023-11-14,EMP00336,CC0054,EN,1,Hire,71633.86,EUR,FR,2023-11-14 23:00:00,PAYROLL
EVT00068716,2023-11-04,EMP00489,CC0066,PA,1,Performance Pay,4644.35,CAD,CAN,2023-11-04 13:00:00,CORE_HR
EVT00069556,2023-11-02,EMP00627,CC0014,CR,3,Leave Return,,CAD,CAN,2023-11-02 17:00:00,CORE_HR
EVT00068705,2023-11-15,EMP01983,CC0092,EX,2,Step Increment,147646.74,CAD,CA,2023-11-15 06:00:00,PAYROLL
EVT00069310,2023-11-25,EMP00500,CC0042,PA,1,Step Increment,65482.31,CAD,CAN,2023-11-26 12:00:00,CORE_HR
EVT00068003,2023-11-27,EMP02817,CC0018,IT,1,Step Increment,76620.09,CAD,CA,2023-11-30 03:00:00,PAYROLL
EVT00069045,2023-11-12,EMP02839,CC0071,EX,2,Step Increment,147408.98,CAD,CAN,2023-11-13 14:00:00,CORE_HR
EVT00068798,2023-11-20,EMP00467,CC0050,EX,3,Step Increment,188098.23,CAD,CAN,2023-11-21 15:00:00,CORE_HR
EVT00069584,2023-11-11,EMP02276,CC0099,IT,2,Step Increment,78767.61,CAD,CA,2023-11-14 13:00:00,PAYROLL
EVT00068545,2023-11-21,EMP03090,CC0107,CR,2,Step Increment,61491.7,CAD,CAN,2023-11-21 19:00:00,CORE_HR
EVT00068460,2023-11-14,EMP00521,CC0116,EC,4,Step Increment,104007.46,CAD,CAN,2023-11-14 23:00:00,CORE_HR
EVT00067989,2023-11-16,EMP01035,CC0084,EC,3,Step Increment,94634.69,CAD,CAN,2023-11-16 09:00:00,CORE_HR
EVT00067742,2023-11-04,EMP05049,CC0010,FI,2,Lateral Deployment,,CAD,CA,2023-11-05 05:00:00,PAYROLL
EVT00068363,2023-11-15,EMP00234,CC0032,EC,3,Promotion,97809.78,CAD,CA,2023-11-15 18:00:00,PAYROLL
EVT00068973,2023-11-23,EMP02511,CC0079,EN,2,Leave Return,,CAD,CAN,2023-11-23 16:00:00,CORE_HR
EVT00067889,2023-11-11,EMP04241,CC0012,FI,2,Leave Start,,CAD,CA,2023-11-11 08:00:00,PAYROLL
EVT00069013,2023-11-21,EMP01404,CC0117,EN,3,Lateral Deployment,,CAD,CAN,2023-11-22 01:00:00,CORE_HR
EVT00067958,2023-11-06,EMP00807,CC0027,AS,1,Lateral Deployment,,CAD,CAN,2023-11-06 15:00:00,CORE_HR
EVT00068912,2023-11-23,EMP03221,CC0073,EX,2,Step Increment,165271.41,XXX,CA,2023-11-24 10:00:00,PAYROLL
EVT00068718,2023-11-19,EMP02956,CC0009,PA,4,Performance Pay,3884.21,GBP,GBR,2023-11-20 05:00:00,CORE_HR
EVT00068401,2023-11-11,EMP03890,CC0096,EC,1,Leave Return,,CAD,CA,2023-11-11 19:00:00,PAYROLL
EVT00068616,2023-11-24,EMP02965,CC0094,PA,4,Leave Return,,CAD,CA,2023-11-24 06:00:00,PAYROLL
EVT00068506,2023-11-07,EMP00874,CC0057,IT,1,Leave Return,,CAD,CAN,2023-11-08 14:00:00,CORE_HR
EVT00068724,2023-11-25,EMP03243,CC0007,IT,3,Step Increment,14468187.1,KES,KEN,2023-11-25 08:00:00,CORE_HR
EVT00068760,2023-11-14,EMP03298,CC0019,AS,3,Leave Return,,CAD,CAN,2023-11-15 01:00:00,CORE_HR
EVT00068169,2023-11-27,EMP01282,CC0018,AS,2,Step Increment,54577.16,CAD,CAN,2023-11-28 02:00:00,CORE_HR
EVT00067775,2023-11-09,EMP00244,CC0031,PA,3,Step Increment,221775.32,AED,ARE,2023-11-09 14:00:00,CORE_HR
EVT00068946,2023-11-13,EMP03513,CC0084,EN,3,Step Increment,102261.55,CAD,CAN,2023-11-13 23:00:00,CORE_HR
EVT00067762,2023-11-13,EMP04093,CC0015,EN,4,Promotion,136387.98,CAD,CAN,2023-11-14 09:00:00,CORE_HR
EVT00069355,2023-11-17,EMP02759,CC0049,CR,4,Step Increment,46361.27,GBP,GB,2023-11-17 17:00:00,PAYROLL
EVT00069372,2023-11-11,EMP03427,CC0107,CR,2,Leave Start,,CAD,CA,2023-11-11 08:00:00,PAYROLL
EVT00068272,2023-11-26,EMP01465,CC0044,EC,3,Leave Start,,CAD,CAN,2023-11-27 12:00:00,CORE_HR
EVT00068277,2023-11-21,EMP00802,CC0036,EX,1,Leave Start,,CAD,CA,2023-11-22 12:00:00,PAYROLL
EVT00068117,2023-11-20,EMP02999,CC0039,FI,5,Lateral Deployment,,CAD,CA,2023-11-21 04:00:00,PAYROLL
EVT00068579,2023-11-24,EMP03494,CC0051,PA,3,Step Increment,80501.56,CAD,CA,2023-11-24 12:00:00,PAYROLL
EVT00068359,2023-11-16,EMP03518,CC0035,EX,1,Performance Pay,9378.82,CAD,CA,2023-11-16 10:00:00,PAYROLL
EVT00067816,2023-11-03,EMP00680,CC0085,FI,5,Performance Pay,14865.12,CAD,CA,2023-11-03 06:00:00,PAYROLL
EVT00068541,2023-11-15,EMP03830,CC0009,PA,3,Step Increment,8312262.17,JPY,JP,2023-11-16 09:00:00,PAYROLL
EVT00068620,2023-11-26,EMP01999,CC0120,EN,3,Promotion,108873.37,CAD,CA,2023-11-26 22:00:00,PAYROLL
EVT00068996,2023-11-21,EMP03117,CC0110,FI,1,Hire,71334.02,CAD,CAN,2023-11-23 11:00:00,CORE_HR
EVT00068055,2023-11-03,EMP00662,CC0063,EN,2,Step Increment,91527.58,CAD,CA,2023-11-04 05:00:00,PAYROLL
EVT00069223,2023-11-10,EMP01514,CC0012,IT,5,Leave Start,,CAD,CA,2023-11-11 05:00:00,PAYROLL
EVT00068553,2023-11-07,EMP03204,CC0078,PA,5,Performance Pay,13128.06,CAD,CA,2023-11-08 12:00:00,PAYROLL
EVT00068822,2023-11-12,EMP99999,CC0068,CR,3,Leave Return,,CAD,CA,2023-11-12 18:00:00,PAYROLL
EVT00069520,2023-11-08,EMP03838,CC0096,CR,3,Lateral Deployment,,CAD,CAN,2023-11-09 08:00:00,CORE_HR
EVT00068530,2023-11-09,EMP01401,CC0102,EC,2,Step Increment,69116.68,CAD,CAN,2023-11-09 10:00:00,CORE_HR
EVT00068207,2023-11-26,EMP05072,CC0086,EN,3,Step Increment,12903367.25,JPY,JPN,2023-11-27 11:00:00,CORE_HR
EVT00068985,2023-11-26,EMP01935,CC0008,PA,2,Step Increment,67795.47,CAD,CAN,2023-11-26 20:00:00,CORE_HR
EVT00069181,2023-11-09,EMP04738,CC0069,FI,1,Step Increment,75700.77,CAD,CA,2023-11-10 05:00:00,PAYROLL
EVT00069281,2023-11-04,EMP04172,CC0018,EX,1,Step Increment,127160.41,CAD,CA,2023-11-04 19:00:00,PAYROLL
EVT00068825,2023-11-17,EMP03307,CC0037,IT,1,Step Increment,84050.56,CAD,CA,2023-11-18 05:00:00,PAYROLL
EVT00069259,2023-11-12,EMP00227,CC0007,FI,1,Performance Pay,7855.5,SGD,SG,2023-11-13 12:00:00,PAYROLL
EVT00069022,2023-11-04,EMP01464,CC0036,EX,1,Step Increment,125229.59,CAD,CA,2023-11-05 13:00:00,PAYROLL
EVT00068926,2023-11-05,EMP02340,CC0105,EX,3,Step Increment,131034.15,USD,US,2023-11-05 10:00:00,PAYROLL
EVT00069173,2023-11-08,EMP00362,CC0093,AS,1,Promotion,64421.77,CAD,CAN,2023-11-08 16:00:00,CORE_HR
EVT00068782,2023-11-21,EMP00248,CC0032,EN,4,Leave Return,,CAD,CA,2023-11-22 12:00:00,PAYROLL
EVT00069122,2023-11-24,EMP01810,CC0008,IT,1,Performance Pay,3431.88,CAD,CAN,2023-11-25 02:00:00,CORE_HR
EVT00069498,2023-11-17,EMP02345,CC0056,AS,2,Lateral Deployment,,CAD,CA,2023-11-18 07:00:00,PAYROLL
EVT00068489,2023-11-21,EMP01100,CC0090,PA,4,Performance Pay,10706.55,CAD,CA,2023-11-22 14:00:00,PAYROLL
EVT00068806,2023-11-15,EMP03453,CC0020,EC,5,Step Increment,121904.45,CAD,CAN,2023-11-15 12:00:00,CORE_HR
EVT00069276,2023-11-06,EMP00124,CC0003,CR,4,Leave Start,,CAD,CA,2023-11-06 14:00:00,PAYROLL
EVT00069509,2023-11-03,EMP03364,CC0016,IT,5,Step Increment,110265.13,CAD,CA,2023-11-03 08:00:00,PAYROLL
EVT00068105,2023-11-10,EMP02878,CC0018,AS,2,Step Increment,65241.99,CAD,CAN,2023-11-11 04:00:00,CORE_HR
EVT00067683,2023-11-06,EMP01963,CC0063,PA,2,Lateral Deployment,,CAD,CA,2023-11-07 10:00:00,PAYROLL
EVT00068790,2023-11-11,EMP02351,CC0109,EX,1,Leave Start,,CAD,CAN,2023-11-12 12:00:00,CORE_HR
EVT00068485,2023-11-06,EMP04889,CC0013,CR,1,Performance Pay,3379.17,CAD,CA,2023-11-07 08:00:00,PAYROLL
EVT00067865,2023-11-15,EMP00906,CC0024,FI,3,Leave Start,,CAD,CA,2023-11-15 13:00:00,PAYROLL
EVT00069326,2023-11-26,EMP01049,CC0053,AS,4,Lateral Deployment,,CAD,CAN,2023-11-26 08:00:00,CORE_HR
EVT00068193,2023-11-03,EMP03271,CC0011,PA,3,Leave Return,,CAD,CA,2023-11-03 18:00:00,PAYROLL
EVT00067757,2023-11-25,EMP00308,CC0119,AS,2,Leave Start,,CAD,CAN,2023-11-26 14:00:00,CORE_HR
EVT00068374,2023-11-08,EMP04315,CC0016,EC,4,Step Increment,83995.54,CAD,CA,2023-11-09 05:00:00,PAYROLL
EVT00068234,2023-11-13,EMP00317,CC0012,EX,2,Step Increment,157293.89,CAD,CAN,2023-11-14 02:00:00,CORE_HR
EVT00068235,2023-11-26,EMP04865,CC0070,EC,2,Leave Start,,CAD,CA,2023-11-27 15:00:00,PAYROLL
EVT00068809,2023-11-24,EMP05045,CC0010,IT,1,Step Increment,103318.11,CAD,CAN,2023-11-25 12:00:00,CORE_HR
EVT00069597,2023-11-27,EMP00098,CC0073,EC,2,Step Increment,83724.46,CAD,CAN,2023-11-27 23:00:00,CORE_HR
EVT00069496,2023-11-22,EMP04849,CC0058,AS,3,Performance Pay,3496.25,CAD,CA,2023-11-22 13:00:00,PAYROLL
EVT00069063,2023-11-15,EMP02184,CC0028,FI,4,Step Increment,90125.89,CAD,CAN,2023-11-15 17:00:00,CORE_HR
EVT00068522,2023-11-15,EMP00480,CC0099,EC,1,Step Increment,84409.27,CAD,CA,2023-11-16 07:00:00,PAYROLL
EVT00068770,2023-11-27,EMP03795,CC0080,IT,2,Step Increment,85064.15,EUR,FRA,2023-11-28 08:00:00,CORE_HR
EVT00069153,2023-11-25,EMP01571,CC0113,EX,1,Leave Start,,CAD,CAN,2023-11-25 21:00:00,CORE_HR
EVT00068181,2023-11-02,EMP04082,CC0103,IT,2,Step Increment,88928.17,CAD,CAN,2023-11-03 01:00:00,CORE_HR
EVT00068540,2023-11-09,EMP01037,CC0032,PA,4,Performance Pay,5446.33,CAD,CAN,2023-11-10 09:00:00,CORE_HR
EVT00068343,2023-11-02,EMP02325,CC0109,PA,3,Step Increment,62464.12,CAD,CA,2023-11-02 07:00:00,PAYROLL
EVT00068925,2023-11-07,EMP04613,CC0046,IT,3,Step Increment,10500537.29,JPY,JPN,2023-11-08 10:00:00,CORE_HR
EVT00068900,2023-11-16,EMP03288,CC0037,IT,2,Step Increment,97769.07,CAD,CAN,2023-11-16 17:00:00,CORE_HR
EVT00068317,2023-11-16,EMP00348,CC0113,AS,2,Step Increment,64323.68,CAD,CAN,2023-11-17 09:00:00,CORE_HR
EVT00068919,2023-11-02,EMP01070,CC0023,CR,1,Performance Pay,6713.59,CAD,CA,2023-11-03 08:00:00,PAYROLL
EVT00069266,2023-11-08,EMP02503,CC0007,EN,2,Performance Pay,5047.41,EUR,DEU,2023-11-08 14:00:00,CORE_HR
EVT00067874,2023-11-04,EMP03173,CC0041,EC,1,Lateral Deployment,,CAD,CA,2023-11-05 05:00:00,PAYROLL
EVT00068345,2023-11-19,EMP02692,CC0033,PA,4,Hire,99912.13,CAD,CA,2023-11-20 07:00:00,PAYROLL
EVT00069454,2023-11-15,EMP03112,CC0081,FI,1,Step Increment,88929.99,CAD,CAN,2023-11-16 00:00:00,CORE_HR
EVT00068151,2023-11-12,EMP04132,CC0015,PA,2,Performance Pay,10042.46,CAD,CAN,2023-11-12 20:00:00,CORE_HR
EVT00069054,2023-11-26,EMP01898,CC0028,CR,2,Departure,,CAD,CAN,2023-11-27 04:00:00,CORE_HR
EVT00068913,2023-11-10,EMP04568,CC0052,FI,4,Step Increment,118568.34,CAD,CAN,2023-11-10 14:00:00,CORE_HR
EVT00068255,2023-11-27,EMP01523,CC0066,IT,3,Step Increment,118103.81,CAD,CAN,2023-11-27 12:00:00,CORE_HR
EVT00067759,2023-11-15,EMP02027,CC0036,IT,4,Departure,,CAD,CAN,2023-11-16 06:00:00,CORE_HR
EVT00067713,2023-11-06,EMP04498,CC0048,PA,5,Leave Start,,CAD,CAN,2023-11-07 04:00:00,CORE_HR
EVT00067886,2023-11-27,EMP00978,CC0117,FI,3,Lateral Deployment,,CAD,CAN,2023-11-27 12:00:00,CORE_HR
EVT00068073,2023-11-08,EMP00369,CC0117,EX,1,Promotion,152343.95,CAD,CAN,2023-11-09 12:00:00,CORE_HR
EVT00068296,2023-11-25,EMP00589,CC0033,PA,1,Step Increment,59351.69,CAD,CAN,2023-11-25 13:00:00,CORE_HR
EVT00068279,2023-11-21,EMP03094,CC0094,AS,4,Step Increment,80101.4,CAD,CAN,2023-11-22 00:00:00,CORE_HR
EVT00069068,2023-11-23,EMP00818,CC0062,IT,4,Hire,103388.71,CAD,CAN,2023-11-23 19:00:00,CORE_HR
EVT00069599,2023-11-26,EMP03648,CC0074,CR,2,Leave Start,,EUR,DE,2023-11-27 10:00:00,PAYROLL
EVT00069148,2023-11-25,EMP03021,CC0016,FI,1,Performance Pay,4247.89,CAD,CA,2023-11-25 22:00:00,PAYROLL
EVT00069009,2023-11-21,EMP04891,CC0046,IT,2,Lateral Deployment,,KES,KEN,2023-11-22 01:00:00,CORE_HR
EVT00069298,2023-11-25,EMP00995,CC0076,IT,2,Step Increment,106749.12,CAD,CAN,2023-11-25 12:00:00,CORE_HR
EVT00068045,2023-11-14,EMP02655,CC0107,CR,3,Performance Pay,4465.6,CAD,CA,2023-11-15 01:00:00,PAYROLL
EVT00069050,1900-01-01,EMP04259,CC0020,PA,3,Step Increment,63636.85,CAD,CAN,2023-11-19 06:00:00,CORE_HR
EVT00069003,2023-11-27,EMP04252,CC0064,IT,4,Performance Pay,14585.36,CAD,CA,2023-11-28 00:00:00,PAYROLL
EVT00068150,2023-11-05,EMP04665,CC0023,PA,2,Performance Pay,6127.63,CAD,CAN,2023-11-05 22:00:00,CORE_HR
EVT00069540,2023-11-22,EMP03977,CC0103,FI,3,Departure,,CAD,CA,2023-11-23 09:00:00,PAYROLL
EVT00068468,2023-11-24,EMP01695,CC0093,PA,1,Leave Start,,CAD,CAN,2023-11-25 08:00:00,CORE_HR
EVT00068546,2023-11-23,EMP02788,CC0118,PA,2,Leave Return,,CAD,CAN,2023-11-23 17:00:00,CORE_HR
EVT00069525,2023-11-12,EMP01555,CC0058,FI,1,Leave Return,,CAD,CAN,2023-11-12 06:00:00,CORE_HR
EVT00067796,2023-11-18,EMP04159,CC0046,PA,1,Leave Start,,SGD,SGP,2023-11-19 13:00:00,CORE_HR
EVT00068658,2023-11-22,EMP01027,CC0044,AS,4,Leave Start,,CAD,CAN,2023-11-23 06:00:00,CORE_HR
EVT00069592,2023-11-01,EMP01917,CC0042,PA,1,Step Increment,68901.43,CAD,CAN,2023-11-01 10:00:00,CORE_HR
EVT00067931,2023-11-03,EMP02815,CC0067,FI,2,Step Increment,94776.85,CAD,CAN,2023-11-03 23:00:00,CORE_HR
EVT00067971,2023-11-10,EMP01487,CC0075,CR,5,Promotion,85347.03,CAD,CAN,2023-11-11 08:00:00,CORE_HR
EVT00069588,2023-11-24,EMP02714,CC0105,EX,2,Performance Pay,15127.52,USD,US,2023-11-24 13:00:00,PAYROLL
EVT00067840,2023-11-16,EMP00943,CC0101,EN,1,Leave Return,,CAD,CA,2023-11-17 12:00:00,PAYROLL
EVT00069032,2023-11-12,EMP05082,CC0005,IT,3,Departure,,CAD,CAN,2023-11-12 21:00:00,CORE_HR
EVT00069064,2023-11-07,EMP03742,CC0107,EN,2,Leave Start,,CAD,CAN,2023-11-08 09:00:00,CORE_HR
EVT00068875,2023-11-06,EMP01531,CC0112,FI,4,Lateral Deployment,,CAD,CA,2023-11-07 03:00:00,PAYROLL
EVT00068678,2023-11-24,EMP01703,CC0082,FI,5,Hire,122206.9,CAD,CA,2023-11-25 02:00:00,PAYROLL
EVT00068515,2023-11-14,EMP01203,CC0120,EC,1,Departure,,CAD,CAN,2023-11-15 12:00:00,CORE_HR
EVT00067831,2023-11-11,EMP01007,CC0019,IT,1,Step Increment,80394.37,CAD,CAN,2023-11-11 18:00:00,CORE_HR
EVT00067670,2023-11-02,EMP03420,CC0107,EC,1,Leave Start,,CAD,CA,2023-11-03 06:00:00,PAYROLL
EVT00069399,2023-11-11,EMP04156,CC0005,IT,2,Departure,,CAD,CA,2023-11-12 11:00:00,PAYROLL
EVT00068156,2023-11-11,EMP02309,CC0094,PA,4,Lateral Deployment,,CAD,CAN,2023-11-11 17:00:00,CORE_HR
EVT00068861,2023-11-27,EMP04434,CC0101,EC,3,Leave Start,,CAD,CAN,2023-11-27 23:00:00,CORE_HR
EVT00068447,2023-11-26,EMP05175,CC0016,FI,4,Hire,103398.84,CAD,CAN,2023-11-26 09:00:00,CORE_HR
EVT00068570,2023-11-03,EMP02227,CC0027,PA,1,Step Increment,62105.53,CAD,CAN,2023-11-03 17:00:00,CORE_HR
EVT00068202,2023-11-08,EMP02009,CC0099,CR,3,Performance Pay,8903.54,CAD,CA,2023-11-08 15:00:00,PAYROLL
EVT00068319,2023-11-26,EMP05047,CC0045,CR,4,Performance Pay,3550.78,CAD,CA,2023-11-27 11:00:00,PAYROLL
EVT00069324,2023-11-01,EMP00376,CC0001,EX,1,Step Increment,132820.65,CAD,CAN,2023-11-05 03:00:00,CORE_HR
EVT00069477,2023-11-04,EMP00672,CC0038,EN,2,Step Increment,71861.96,CAD,CA,2023-11-04 14:00:00,PAYROLL
EVT00069320,2023-11-12,EMP04710,CC0044,EX,1,Lateral Deployment,,CAD,CAN,2023-11-12 15:00:00,CORE_HR
EVT00069479,2023-11-21,EMP01386,CC0104,CR,1,Step Increment,56460.74,CAD,CA,2023-11-21 13:00:00,PAYROLL
EVT00067880,2023-11-17,EMP04078,CC0101,PA,1,Leave Start,,CAD,CA,2023-11-18 12:00:00,PAYROLL
EVT00068290,2023-11-01,EMP01583,CC0070,IT,1,Step Increment,76522.88,CAD,CA,2023-11-01 16:00:00,PAYROLL
EVT00068421,2023-11-27,EMP03322,CC0120,EN,4,Leave Start,,CAD,CAN,2023-11-27 10:00:00,CORE_HR
EVT00069531,2023-11-24,EMP03952,CC0073,EX,1,Leave Return,,CAD,CA,2023-11-24 06:00:00,PAYROLL
EVT00068991,2023-11-20,EMP04290,CC0008,CR,3,Promotion,62861.61,CAD,CAN,2023-11-20 18:00:00,CORE_HR
EVT00068170,2023-11-14,EMP02113,CC0015,EN,2,Performance Pay,13663.07,CAD,CA,2023-11-14 22:00:00,PAYROLL
EVT00069411,2023-11-06,EMP00467,CC0050,EX,3,Step Increment,181424.43,CAD,CAN,2023-11-06 22:00:00,CORE_HR
EVT00068491,2023-11-13,EMP02322,CC0058,CR,2,Step Increment,63407.94,CAD,CAN,2023-11-13 13:00:00,CORE_HR
EVT00069165,2023-11-08,EMP04199,CC0077,PA,3,Departure,,CAD,CAN,2023-11-08 07:00:00,CORE_HR
EVT00069559,2023-11-03,EMP04845,CC0008,EC,3,Step Increment,110976.15,CAD,CAN,2023-11-04 15:00:00,CORE_HR
EVT00069544,2023-11-22,EMP03988,CC0030,AS,2,Leave Return,,AUD,AUS,2023-11-25 00:00:00,CORE_HR
EVT00068575,2023-11-02,EMP02884,CC0075,PA,2,Leave Start,,CAD,CA,2023-11-02 18:00:00,PAYROLL
EVT00068906,2023-11-20,EMP04293,CC0014,CR,1,Leave Start,,CAD,CAN,2023-11-21 06:00:00,CORE_HR
EVT00069070,2023-11-02,EMP03238,CC0117,FI,1,Step Increment,70473.65,CAD,CAN,2023-11-03 05:00:00,CORE_HR
EVT00067902,2023-11-09,EMP05108,CC0013,PA,2,Step Increment,73804.58,CAD,CAN,2023-11-09 18:00:00,CORE_HR
EVT00068745,2023-11-17,EMP00070,CC0038,CR,2,Leave Return,,CAD,CA,2023-11-18 13:00:00,PAYROLL
EVT00067687,2023-11-11,EMP04694,CC0064,CR,4,Step Increment,66516.71,CAD,CAN,2023-11-11 10:00:00,CORE_HR
EVT00069006,2023-11-19,EMP02364,CC0005,EX,1,Hire,112110.81,CAD,CAN,2023-11-19 10:00:00,CORE_HR
EVT00068893,2023-11-10,EMP03458,CC0002,EX,1,Step Increment,127412.11,CAD,CAN,2023-11-11 15:00:00,CORE_HR
EVT00069052,2023-11-19,EMP01347,CC0071,EX,1,Lateral Deployment,,CAD,CA,2023-11-19 18:00:00,PAYROLL
EVT00068688,2023-11-01,EMP01457,CC0096,EC,1,Departure,,CAD,CA,2023-11-01 06:00:00,PAYROLL
EVT00069535,2023-11-03,EMP00164,CC0045,IT,4,Hire,115304.18,CAD,CAN,2023-11-04 09:00:00,CORE_HR
EVT00068066,2023-11-15,EMP03248,CC0088,IT,3,Leave Return,,EUR,DEU,2023-11-15 22:00:00,CORE_HR
EVT00068110,2023-11-24,EMP01724,CC0005,PA,1,Departure,,CAD,CA,2023-11-24 18:00:00,PAYROLL
EVT00069069,2023-11-08,EMP01929,CC0022,EN,2,Leave Return,,CAD,CAN,2023-11-09 14:00:00,CORE_HR
EVT00068516,2023-11-10,EMP03078,CC0010,EC,1,Performance Pay,6598.33,CAD,CAN,2023-11-10 22:00:00,CORE_HR
EVT00069377,2023-11-02,EMP02139,CC0055,EN,4,Lateral Deployment,,CAD,CA,2023-11-03 00:00:00,PAYROLL
EVT00069425,2023-11-26,EMP03231,CC0030,PA,3,Performance Pay,6883.51,AUD,AUS,2023-11-26 17:00:00,CORE_HR
EVT00067810,2023-11-18,EMP00221,CC0108,IT,1,Promotion,4033128.37,INR,IND,2023-11-19 15:00:00,CORE_HR
EVT00068909,2023-11-11,EMP00183,CC0043,EN,3,Hire,90031.69,CAD,CAN,2023-11-11 11:00:00,CORE_HR
EVT00068636,2023-11-26,EMP02893,CC0109,CR,4,Leave Return,,CAD,CAN,2023-11-27 04:00:00,CORE_HR
EVT00068623,2023-11-17,EMP01677,CC0010,PA,2,Performance Pay,3204.52,CAD,CAN,2023-11-17 19:00:00,CORE_HR
EVT00068412,2023-11-14,EMP00529,CC0087,FI,4,Performance Pay,11229.79,CAD,CA,2023-11-14 21:00:00,PAYROLL
EVT00068922,2023-11-25,EMP04244,CC0062,IT,4,Lateral Deployment,,CAD,CAN,2023-11-26 14:00:00,CORE_HR
EVT00069246,2023-11-01,EMP02401,CC0059,IT,3,Step Increment,110702.52,CAD,CAN,2023-11-01 18:00:00,CORE_HR
EVT00069039,2023-11-12,EMP02745,CC0079,AS,2,Step Increment,62952.56,CAD,CA,2023-11-15 09:00:00,PAYROLL
EVT00067774,2023-11-23,EMP03396,CC0030,FI,4,Leave Return,,AED,ARE,2023-11-23 08:00:00,CORE_HR
EVT00068121,2023-11-26,EMP03407,CC0023,AS,3,Departure,,CAD,CA,2023-11-26 19:00:00,PAYROLL
EVT00067711,2023-11-26,EMP02029,CC0103,IT,1,Leave Start,,CAD,CAN,2023-11-27 04:00:00,CORE_HR
EVT00069293,2023-11-19,EMP02709,CC0068,CR,3,Performance Pay,6917.39,CAD,CAN,2023-11-19 10:00:00,CORE_HR
EVT00069400,2023-11-23,EMP02293,CC0109,PA,1,Departure,,CAD,CA,2023-11-23 16:00:00,PAYROLL
EVT00068885,2023-11-21,EMP01593,CC0089,IT,4,Leave Start,,CAD,CAN,2023-11-21 14:00:00,CORE_HR
EVT00067917,2023-11-25,EMP02493,CC0116,EN,2,Step Increment,94117.28,CAD,CAN,2023-11-25 20:00:00,CORE_HR
EVT00068245,2023-11-26,EMP00479,CC0073,EN,3,Step Increment,133839.77,CAD,CAN,2023-11-26 08:00:00,CORE_HR
EVT00068222,2023-11-25,EMP03793,CC0049,IT,5,Step Increment,1691054.23,MXN,MEX,2023-11-26 08:00:00,CORE_HR
EVT00069328,2023-11-18,EMP00392,CC0017,EC,5,Leave Start,,CAD,CAN,2023-11-18 13:00:00,CORE_HR
EVT00069273,2023-11-08,EMP02598,CC0068,EC,2,Leave Return,,CAD,CAN,2023-11-09 01:00:00,CORE_HR
EVT00069575,2023-11-21,EMP02639,CC0096,PA,4,Performance Pay,6192.24,CAD,CAN,2023-11-21 16:00:00,CORE_HR
EVT00068736,2023-11-09,EMP03168,CC0059,FI,5,Step Increment,113691.2,CAD,CAN,2023-11-09 12:00:00,CORE_HR
EVT00067679,2023-11-14,EMP02580,CC0102,AS,1,Lateral Deployment,,CAD,CA,2023-11-15 06:00:00,PAYROLL
EVT00068084,2023-11-09,EMP04794,CC0032,FI,2,Hire,92011.04,CAD,CAN,2023-11-09 14:00:00,CORE_HR
EVT00067950,2023-11-27,EMP03585,CC0099,AS,2,Leave Return,,CAD,CA,2023-11-27 18:00:00,PAYROLL
EVT00068350,2023-11-13,EMP02774,CC0002,EN,1,Leave Start,,CAD,CA,2023-11-14 02:00:00,PAYROLL
EVT00068514,2023-11-12,EMP00037,CC0038,PA,1,Step Increment,62448.58,CAD,CA,2023-11-13 02:00:00,PAYROLL
EVT00068801,2023-11-11,EMP04765,CC0043,PA,2,Lateral Deployment,,CAD,CAN,2023-11-11 11:00:00,CORE_HR
EVT00069167,2023-11-10,EMP00942,CC0062,PA,2,Performance Pay,5116.19,CAD,CA,2023-11-12 18:00:00,PAYROLL
EVT00068879,2023-11-16,EMP03436,CC0062,PA,3,Leave Start,,CAD,CA,2023-11-16 10:00:00,PAYROLL
EVT00068268,2023-11-27,EMP04370,CC0106,CR,4,Lateral Deployment,,CAD,CAN,2023-11-27 20:00:00,CORE_HR
EVT00069379,2023-11-06,EMP00013,CC0028,IT,2,Step Increment,105439.86,CAD,CAN,2023-11-06 15:00:00,CORE_HR
EVT00068372,2023-11-10,EMP01968,CC0037,AS,2,Leave Start,,CAD,CAN,2023-11-10 17:00:00,CORE_HR
EVT00068674,2023-11-21,EMP00721,CC0049,AS,3,Leave Return,,AUD,AUS,2023-11-22 00:00:00,CORE_HR
EVT00068154,2023-11-16,EMP01037,CC0032,PA,4,Leave Start,,CAD,CAN,2023-11-17 15:00:00,CORE_HR
EVT00068992,2023-11-01,EMP02859,CC0016,AS,1,Performance Pay,6368.64,CAD,CAN,2023-11-01 17:00:00,CORE_HR
EVT00068703,2023-11-14,EMP03067,CC0031,EX,1,Promotion,99515.59,SGD,SGP,2023-11-15 12:00:00,CORE_HR
EVT00067732,2023-11-19,EMP04692,CC0019,EN,5,Leave Start,,CAD,CA,2023-11-20 04:00:00,PAYROLL
EVT00067731,2023-11-05,EMP01130,CC0108,EC,2,Leave Start,,EUR,FRA,2023-11-05 12:00:00,CORE_HR
EVT00069193,2023-11-03,EMP02695,CC0055,EX,1,Leave Start,,CAD,CA,2023-11-04 06:00:00,PAYROLL
EVT00068518,2023-11-20,EMP04274,CC0109,EC,3,Step Increment,99995.29,CAD,CA,2023-11-20 18:00:00,PAYROLL
EVT00067983,2023-11-26,EMP02356,CC0091,PA,2,Lateral Deployment,,CAD,CAN,2023-11-26 08:00:00,CORE_HR
EVT00069543,2023-11-10,EMP02997,CC0085,FI,4,Departure,,CAD,CAN,2023-11-11 03:00:00,CORE_HR
EVT00067923,2023-11-09,EMP03712,CC0071,CR,1,Step Increment,50536.79,CAD,CA,2023-11-10 00:00:00,PAYROLL
EVT00069309,2023-11-10,EMP01887,CC0038,PA,3,Leave Start,,CAD,CAN,2023-11-10 17:00:00,CORE_HR
EVT00068367,2023-11-10,EMP01560,CC0004,EN,5,Step Increment,149389.26,CAD,CAN,2023-11-11 07:00:00,CORE_HR
EVT00069252,2023-11-17,EMP00471,CC0011,IT,1,Step Increment,101781.13,CAD,CAN,2023-11-18 13:00:00,CORE_HR
EVT00069301,2023-11-18,EMP02107,CC0002,EN,3,Performance Pay,11352.77,CAD,CA,2023-11-19 01:00:00,PAYROLL
EVT00068740,2023-11-21,EMP02910,CC0089,EN,3,Leave Return,,CAD,CAN,2023-11-22 15:00:00,CORE_HR
EVT00068578,2023-11-26,EMP03579,CC0036,EX,1,Step Increment,133440.55,CAD,CAN,2023-11-26 09:00:00,CORE_HR
EVT00069563,2023-11-04,EMP01717,CC0096,EX,2,Performance Pay,18482.5,CAD,CAN,2023-11-05 03:00:00,CORE_HR
EVT00069214,2023-11-17,EMP03620,CC0019,FI,1,Step Increment,78155.37,CAD,CAN,2023-11-20 03:00:00,CORE_HR
EVT00067850,2023-11-24,EMP02096,CC0040,EC,2,Leave Return,,CAD,CAN,2023-11-25 00:00:00,CORE_HR
EVT00068597,2023-11-21,EMP04069,CC0057,EC,1,Step Increment,77717.36,CAD,CAN,2023-11-21 22:00:00,CORE_HR
EVT00068455,2023-11-09,EMP02611,CC0026,FI,2,Departure,,CAD,CA,2023-11-09 07:00:00,PAYROLL
EVT00068923,2023-11-05,EMP04630,CC0119,AS,3,Lateral Deployment,,CAD,CAN,2023-11-05 15:00:00,CORE_HR
EVT00068778,2023-11-03,EMP00988,CC0116,EX,1,Leave Return,,CAD,CAN,2023-11-04 11:00:00,CORE_HR
EVT00068829,2023-11-05,EMP03920,CC0074,EC,4,Step Increment,10968265.95,JPY,JP,2023-11-06 09:00:00,PAYROLL
EVT00068624,2023-11-13,EMP01753,CC0100,PA,3,Leave Start,,CAD,CA,2023-11-14 09:00:00,PAYROLL
EVT00069387,2023-11-14,EMP03654,CC0074,EN,2,Step Increment,80832.75,USD,USA,2023-11-15 15:00:00,CORE_HR
EVT00069084,2023-11-24,EMP03933,CC0029,AS,4,Performance Pay,7069.75,SGD,SG,2023-11-25 08:00:00,PAYROLL
