event_id,event_date,employee_id,cost_center_id,classification_group,classification_level,event_type,amount_local,local_currency,work_country_code,ingest_ts,source_system
EVT00021206,2021-11-19,EMP01036,CC0042,AS,3,Departure,,CAD,CA,2021-11-20 02:00:00,PAYROLL
EVT00021719,2021-11-14,EMP00795,CC0054,CR,3,Performance Pay,3175.48,GBP,GBR,2021-11-14 18:00:00,CORE_HR
EVT00020982,2021-11-08,EMP99999,CC0014,PA,4,Hire,91217.22,CAD,CAN,2021-11-08 21:00:00,CORE_HR
EVT00021271,2021-11-27,EMP02287,CC0050,PA,5,Leave Start,,CAD,CAN,2021-11-28 11:00:00,CORE_HR
EVT00020268,2021-11-24,EMP00239,CC0097,PA,2,Step Increment,70313.23,CAD,CA,2021-11-24 18:00:00,PAYROLL
EVT00020633,2021-11-02,EMP02237,CC0074,PA,3,Performance Pay,23322.74,BRL,BRA,2021-11-03 06:00:00,CORE_HR
EVT00020987,2021-11-04,EMP01835,CC0082,CR,1,Leave Start,,CAD,CAN,2021-11-04 13:00:00,CORE_HR
EVT00020634,2021-11-09,EMP02290,CC0099,AS,2,Leave Start,,XXX,CA,2021-11-10 01:00:00,PAYROLL
EVT00021082,2021-11-19,EMP02312,CC0063,IT,3,Lateral Deployment,,CAD,CA,2021-11-20 10:00:00,PAYROLL
EVT00019870,2021-11-22,EMP04815,CC0050,IT,1,Hire,74177.88,CAD,CAN,2021-11-23 01:00:00,CORE_HR
EVT00021066,2021-11-19,EMP03061,CC0031,EC,2,Departure,,SGD,SGP,2021-11-20 02:00:00,CORE_HR
EVT00021675,2021-11-07,EMP02523,CC0072,CR,3,Step Increment,64139.99,CAD,CAN,2021-11-07 07:00:00,CORE_HR
EVT00020884,2021-11-27,EMP03096,CC0103,EN,1,Leave Start,,CAD,CAN,2021-11-28 03:00:00,CORE_HR
EVT00021042,2021-11-21,EMP02103,CC0051,EX,2,Leave Start,,CAD,CA,2021-11-23 21:00:00,PAYROLL
EVT00020918,2021-11-22,EMP02476,CC0064,AS,3,Step Increment,69989.58,CAD,CA,2021-11-22 16:00:00,PAYROLL
EVT00020585,2021-11-23,EMP00230,CC0016,IT,1,Performance Pay,4005.43,CAD,CAN,2021-11-23 14:00:00,CORE_HR
EVT00020364,2021-11-27,EMP00670,CC0049,IT,4,Step Increment,12190513.61,JPY,JPN,2021-11-27 19:00:00,CORE_HR
EVT00020524,2021-11-04,EMP03356,CC0076,EC,3,Step Increment,104007.81,CAD,CA,2021-11-04 15:00:00,PAYROLL
EVT00021046,2021-11-17,EMP02012,CC0077,PA,1,Step Increment,49765.44,CAD,CA,2021-11-17 13:00:00,PAYROLL
EVT00020102,2021-11-21,EMP04961,CC0119,AS,3,Promotion,87459.16,CAD,CAN,2021-11-21 23:00:00,CORE_HR
EVT00021250,2021-11-05,EMP03684,CC0078,PA,2,Step Increment,72707.12,CAD,CA,2021-11-06 08:00:00,PAYROLL
EVT00020377,2021-11-11,EMP00742,CC0014,AS,2,Step Increment,51524.9,CAD,CA,2021-11-12 09:00:00,PAYROLL
EVT00020353,2021-11-09,EMP04759,CC0072,EC,2,Leave Return,,CAD,CA,2021-11-09 23:00:00,PAYROLL
EVT00020217,2021-11-14,EMP00854,CC0061,CR,4,Performance Pay,3225.89,CAD,CA,2021-11-14 17:00:00,PAYROLL
EVT00020609,2021-11-11,EMP01672,CC0077,EN,1,Leave Start,,CAD,CA,2021-11-12 06:00:00,PAYROLL
EVT00020226,2021-11-17,EMP04597,CC0020,PA,4,Step Increment,93791.27,CAD,CAN,2021-11-18 14:00:00,CORE_HR
EVT00020657,2021-11-16,EMP00425,CC0069,PA,1,Performance Pay,5842.5,CAD,CAN,2021-11-17 01:00:00,CORE_HR
EVT00020025,2021-11-04,EMP03590,CC0087,PA,3,Performance Pay,4070.21,CAD,CAN,2021-11-04 23:00:00,CORE_HR
EVT00021556,2021-11-20,EMP00052,CC0068,EN,3,Leave Return,,CAD,CA,2021-11-20 21:00:00,PAYROLL
EVT00019857,2021-11-26,EMP04775,CC0079,PA,2,Step Increment,75616.07,CAD,CAN,2021-11-27 13:00:00,CORE_HR
EVT00021142,2021-11-27,EMP02960,CC0072,AS,1,Lateral Deployment,,CAD,CA,2021-11-28 12:00:00,PAYROLL
EVT00021388,2021-11-08,EMP03018,CC0043,IT,1,Departure,,CAD,CAN,2021-11-08 17:00:00,CORE_HR
EVT00019989,2021-11-13,EMP02752,CC0036,PA,3,Lateral Deployment,,CAD,CAN,2021-11-13 12:00:00,CORE_HR
EVT00021645,2021-11-08,EMP04230,CC0050,PA,4,Leave Return,,CAD,CA,2021-11-09 08:00:00,PAYROLL
EVT00021592,2021-11-22,EMP01744,CC0038,PA,2,Leave Return,,CAD,CAN,2021-11-23 07:00:00,CORE_HR
EVT00021439,2021-11-03,EMP02517,CC0053,AS,3,Leave Start,,CAD,CA,2021-11-04 09:00:00,PAYROLL
EVT00021537,2021-11-21,EMP04199,CC0077,PA,3,Lateral Deployment,,CAD,CA,2021-11-22 05:00:00,PAYROLL
EVT00020948,2021-11-17,EMP00658,CC0007,IT,1,Performance Pay,39899.78,BRL,BR,2021-11-17 18:00:00,PAYROLL
EVT00021045,2021-11-17,EMP01776,CC0065,EC,2,Leave Return,,BRL,BRA,2021-11-18 04:00:00,CORE_HR
EVT00020727,2021-11-06,EMP00923,CC0118,EX,1,Step Increment,95764.88,CAD,CAN,2021-11-07 14:00:00,CORE_HR
EVT00021385,2021-11-05,EMP03097,CC0072,IT,1,Hire,70273.66,CAD,CAN,2021-11-06 11:00:00,CORE_HR
EVT00020479,2021-11-07,EMP03052,CC0093,PA,4,Leave Start,,CAD,CAN,2021-11-07 15:00:00,CORE_HR
EVT00020892,2021-11-21,EMP03202,CC0100,IT,1,Leave Start,,CAD,CAN,2021-11-22 09:00:00,CORE_HR
EVT00021698,2021-11-19,EMP03894,CC0007,PA,2,Step Increment,7827651.15,JPY,JPN,2021-11-20 12:00:00,CORE_HR
EVT00020203,2021-11-20,EMP02949,CC0059,FI,1,Step Increment,53665.14,CAD,CAN,2021-11-20 07:00:00,CORE_HR
EVT00021153,2021-11-16,EMP00511,CC0036,EC,3,Promotion,80123.97,CAD,CAN,2021-11-17 04:00:00,CORE_HR
EVT00020256,2021-11-03,EMP02414,CC0009,CR,1,Performance Pay,6626.22,AUD,AUS,2021-11-04 01:00:00,CORE_HR
EVT00020431,2021-11-13,EMP99999,CC0107,PA,1,Departure,,CAD,CAN,2021-11-14 14:00:00,CORE_HR
EVT00020121,2021-11-17,EMP00617,CC0022,EN,3,Step Increment,104659.69,CAD,CA,2021-11-18 06:00:00,PAYROLL
EVT00020875,2021-11-15,EMP00603,CC0068,PA,2,Step Increment,73716.01,CAD,CAN,2021-11-15 09:00:00,CORE_HR
EVT00020176,2021-11-12,EMP00664,CC0058,PA,1,Step Increment,58575.95,CAD,CA,2021-11-13 13:00:00,PAYROLL
EVT00021649,2021-11-01,EMP04259,CC0020,PA,3,Departure,,CAD,CA,2021-11-02 07:00:00,PAYROLL
EVT00020876,2021-11-23,EMP00464,CC0033,PA,2,Step Increment,66266.69,CAD,CAN,2021-11-23 19:00:00,CORE_HR
EVT00020242,2021-11-02,EMP04849,CC0058,AS,3,Lateral Deployment,,CAD,CA,2021-11-03 09:00:00,PAYROLL
EVT00021263,2021-11-12,EMP03929,CC0081,CR,3,Promotion,61693.28,CAD,CA,2021-11-12 23:00:00,PAYROLL
EVT00020429,2021-11-12,EMP04283,CC0118,EC,2,Step Increment,86481.59,CAD,CA,2021-11-13 06:00:00,PAYROLL
EVT00020439,2021-11-08,EMP03243,CC0007,IT,3,Performance Pay,22219.61,BRL,BRA,2021-11-08 13:00:00,CORE_HR
EVT00020003,2021-11-21,EMP02262,CC0100,FI,2,Performance Pay,6640.01,CAD,CA,2021-11-21 19:00:00,PAYROLL
EVT00021637,2021-11-15,EMP00775,CC0088,PA,3,Step Increment,95439.99,AUD,AU,2021-11-16 08:00:00,PAYROLL
EVT00021638,2021-11-15,EMP00216,CC0041,CR,1,Promotion,54330.33,CAD,CAN,2021-11-15 06:00:00,CORE_HR
EVT00020690,2021-11-04,EMP04049,CC0074,FI,5,Departure,,USD,USA,2021-11-04 11:00:00,CORE_HR
EVT00020724,2021-11-15,EMP04143,CC0012,AS,2,Performance Pay,4365.99,CAD,CAN,2021-11-15 06:00:00,CORE_HR
EVT00020051,2021-11-18,EMP01321,CC0056,AS,2,Step Increment,66634.16,CAD,CA,2021-11-18 22:00:00,PAYROLL
EVT00021317,2021-11-20,EMP04270,CC0001,PA,3,Step Increment,67272.42,CAD,CAN,2021-11-20 08:00:00,CORE_HR
EVT00020592,2021-11-21,EMP00341,CC0008,AS,5,Leave Start,,CAD,CA,2021-11-21 08:00:00,PAYROLL
EVT00020147,2021-11-08,EMP03085,CC0114,PA,1,Step Increment,68182.91,CAD,CAN,2021-11-09 18:00:00,CORE_HR
EVT00021416,2021-11-03,EMP00917,CC0010,IT,2,Leave Start,,CAD,CAN,2021-11-04 05:00:00,CORE_HR
EVT00021199,2021-11-24,EMP01602,CC0057,IT,4,Leave Return,,CAD,CA,2021-11-24 07:00:00,PAYROLL
EVT00021059,2021-11-01,EMP04145,CC0107,EN,1,Hire,68246.64,CAD,CAN,2021-11-01 12:00:00,CORE_HR
EVT00020917,2021-11-10,EMP00310,CC0088,EN,1,Hire,281063.73,BRL,BR,2021-11-10 15:00:00,PAYROLL
EVT00021752,2021-11-06,EMP00442,CC0083,IT,3,Step Increment,79620.44,CAD,CA,2021-11-07 02:00:00,PAYROLL
EVT00021364,2021-11-22,EMP03189,CC0021,PA,3,Hire,76682.47,CAD,CAN,2021-11-23 01:00:00,CORE_HR
EVT00021716,2021-11-04,EMP03270,CC0113,PA,1,Step Increment,55890.9,CAD,CAN,2021-11-04 13:00:00,CORE_HR
EVT00021012,2021-11-09,EMP04788,CC0086,AS,4,Step Increment,50698.11,EUR,DE,2021-11-10 11:00:00,PAYROLL
EVT00021861,2021-11-20,EMP00867,CC0016,IT,3,Leave Return,,CAD,CAN,2021-11-20 10:00:00,CORE_HR
EVT00020109,2021-11-11,EMP02302,CC0066,PA,2,Lateral Deployment,,CAD,CA,2021-11-11 09:00:00,PAYROLL
EVT00020391,2021-11-05,EMP01064,CC0026,FI,1,Lateral Deployment,,CAD,CAN,2021-11-06 01:00:00,CORE_HR
EVT00020517,2021-11-11,EMP00298,CC0113,EX,1,Step Increment,152482.0,CAD,CA,2021-11-11 08:00:00,PAYROLL
EVT00021055,2021-11-05,EMP02699,CC0026,EN,1,Lateral Deployment,,CAD,CAN,2021-11-06 00:00:00,CORE_HR
EVT00019963,2021-11-07,EMP00542,CC0117,EX,1,Performance Pay,14129.68,CAD,CAN,2021-11-08 12:00:00,CORE_HR
EVT00020873,2021-11-01,EMP04883,CC0094,PA,1,Departure,,CAD,CA,2021-11-01 16:00:00,PAYROLL
EVT00020603,2021-11-05,EMP03058,CC0098,AS,2,Leave Return,,CAD,CA,2021-11-06 11:00:00,PAYROLL
EVT00020763,2021-11-17,EMP00732,CC0113,FI,1,Step Increment,71183.78,CAD,CAN,2021-11-17 06:00:00,CORE_HR
EVT00019894,2021-11-05,EMP01641,CC0014,AS,1,Step Increment,56631.29,CAD,CA,2021-11-06 10:00:00,PAYROLL
EVT00020530,2021-11-19,EMP03411,CC0099,EC,5,Performance Pay,5338.17,CAD,CA,2021-11-19 08:00:00,PAYROLL
EVT00020181,2021-11-06,EMP02161,CC0080,PA,5,Step Increment,275492.11,AED,ARE,2021-11-06 08:00:00,CORE_HR
EVT00020276,2021-11-24,EMP03688,CC0011,EC,3,Departure,,CAD,CAN,2021-11-25 11:00:00,CORE_HR
EVT00020712,2021-11-23,EMP00842,CC0023,EN,3,Leave Return,,CAD,CAN,2021-11-24 14:00:00,CORE_HR
EVT00019915,2021-11-09,EMP04051,CC0024,CR,3,Lateral Deployment,,CAD,CAN,2021-11-10 12:00:00,CORE_HR
EVT00019849,2021-11-15,EMP02323,CC0120,EN,1,Lateral Deployment,,CAD,CAN,2021-11-16 15:00:00,CORE_HR
EVT00020819,2021-11-20,EMP03627,CC0093,EX,1,Performance Pay,12074.43,CAD,CA,2021-11-21 04:00:00,PAYROLL
EVT00020894,2021-11-19,EMP03079,CC0099,FI,4,Step Increment,96515.83,CAD,CAN,2021-11-19 21:00:00,CORE_HR
EVT00020579,2021-11-19,EMP04260,CC0114,IT,4,Performance Pay,8645.07,CAD,CAN,2021-11-19 16:00:00,CORE_HR
EVT00021469,2021-11-04,EMP01916,CC0038,CR,1,Departure,,CAD,CAN,2021-11-05 13:00:00,CORE_HR
EVT00021455,2021-11-08,EMP01824,CC0001,PA,1,Leave Start,,CAD,CA,2021-11-09 13:00:00,PAYROLL
EVT00021413,2021-11-01,EMP04822,CC0007,PA,2,Step Increment,43164.21,GBP,GBR,2021-11-02 01:00:00,CORE_HR
EVT00021517,2021-11-22,EMP01732,CC0072,EC,3,Lateral Deployment,,CAD,CAN,2021-11-22 13:00:00,CORE_HR
EVT00021742,2021-11-23,EMP04696,CC0106,FI,3,Promotion,85878.83,CAD,CA,2021-11-24 10:00:00,PAYROLL
EVT00020962,2021-11-08,EMP03842,CC0071,EX,1,Performance Pay,17624.88,CAD,CA,2021-11-09 01:00:00,PAYROLL
EVT00020889,2021-11-23,EMP02209,CC0022,EX,1,Performance Pay,13008.5,CAD,CAN,2021-11-26 17:00:00,CORE_HR
EVT00020045,2021-11-25,EMP00425,CC0069,PA,1,Leave Start,,CAD,CAN,2021-11-26 05:00:00,CORE_HR
EVT00021215,2021-11-20,EMP02970,CC0047,AS,2,Leave Return,,CAD,CAN,2021-11-20 12:00:00,CORE_HR
EVT00021789,2021-11-24,EMP03662,CC0058,CR,1,Leave Return,,CAD,CAN,2021-11-24 12:00:00,CORE_HR
EVT00020688,2021-11-15,EMP01856,CC0029,IT,1,Step Increment,50612.08,EUR,DEU,2021-11-15 16:00:00,CORE_HR
EVT00021359,2021-11-14,EMP01769,CC0053,AS,2,Performance Pay,7795.31,CAD,CA,2021-11-14 14:00:00,PAYROLL
EVT00020286,2021-11-23,EMP00442,CC0083,IT,3,Hire,111509.87,CAD,CAN,2021-11-23 12:00:00,CORE_HR
EVT00020747,2021-11-18,EMP04936,CC0041,PA,2,Performance Pay,5553.82,CAD,CA,2021-11-18 10:00:00,PAYROLL
EVT00020024,2021-11-05,EMP00577,CC0091,CR,3,Leave Start,,CAD,CAN,2021-11-06 06:00:00,CORE_HR
EVT00021751,2021-11-18,EMP00938,CC0113,IT,4,Performance Pay,6399.94,CAD,CA,2021-11-18 21:00:00,PAYROLL
EVT00020428,2021-11-11,EMP01139,CC0069,PA,1,Step Increment,59476.66,CAD,CAN,2021-11-11 16:00:00,CORE_HR
EVT00020053,2021-11-02,EMP02880,CC0087,CR,1,Leave Start,,CAD,CA,2021-11-03 09:00:00,PAYROLL
EVT00021064,2021-11-08,EMP03286,CC0025,IT,5,Performance Pay,17221.06,CAD,CAN,2021-11-08 20:00:00,CORE_HR
EVT00020590,2021-11-25,EMP03626,CC0055,IT,2,Step Increment,99561.99,CAD,CA,2021-11-25 15:00:00,PAYROLL
EVT00020383,2021-11-26,EMP03116,CC0065,PA,1,Lateral Deployment,,INR,IND,2021-11-26 09:00:00,CORE_HR
EVT00021078,2021-11-19,EMP02817,CC0018,IT,1,Step Increment,78467.01,CAD,CA,2021-11-19 08:00:00,PAYROLL
EVT00021018,2021-11-14,EMP03628,CC0027,EX,2,Lateral Deployment,,CAD,CA,2021-11-14 07:00:00,PAYROLL
EVT00021182,2021-11-11,EMP01132,CC0001,PA,2,Performance Pay,6247.07,CAD,CA,2021-11-11 10:00:00,PAYROLL
EVT00020855,2021-11-23,EMP03481,CC0067,CR,1,Leave Start,,CAD,CA,2021-11-24 08:00:00,PAYROLL
EVT00019867,2021-11-01,EMP04333,CC0019,EC,2,Promotion,67425.31,CAD,CAN,2021-11-01 17:00:00,CORE_HR
EVT00020505,2021-11-22,EMP04197,CC0118,FI,2,Leave Start,,CAD,CAN,2021-11-22 09:00:00,CORE_HR
EVT00020606,2021-11-20,EMP04318,CC0072,EC,4,Step Increment,109776.79,CAD,CAN,2021-11-21 02:00:00,CORE_HR
EVT00021390,2021-11-08,EMP00870,CC0020,IT,4,Leave Return,,CAD,CA,2021-11-09 06:00:00,PAYROLL
EVT00020085,2021-11-25,EMP02035,CC0062,PA,4,Leave Return,,CAD,CA,2021-11-25 06:00:00,PAYROLL
EVT00020260,2021-11-22,EMP04542,CC0103,FI,2,Lateral Deployment,,CAD,CAN,2021-11-22 23:00:00,CORE_HR
EVT00021620,2021-11-21,EMP03963,CC0024,PA,1,Step Increment,61562.83,CAD,CAN,2021-11-22 14:00:00,CORE_HR
EVT00020032,2021-11-11,EMP01945,CC0083,PA,1,Step Increment,65998.11,CAD,CAN,2021-11-11 06:00:00,CORE_HR
EVT00020434,2021-11-04,EMP04252,CC0064,IT,3,Step Increment,76656.03,CAD,CA,2021-11-04 16:00:00,PAYROLL
EVT00021085,2021-11-02,EMP01457,CC0096,EC,1,Promotion,67660.19,CAD,CAN,2021-11-02 21:00:00,CORE_HR
EVT00021109,2021-11-21,EMP03226,CC0080,PA,2,Step Increment,47950.52,EUR,DEU,2021-11-21 19:00:00,CORE_HR
EVT00021184,2021-11-12,EMP01645,CC0004,PA,4,Promotion,93754.01,CAD,CAN,2021-11-12 21:00:00,CORE_HR
EVT00020382,2021-11-09,EMP04643,CC0003,AS,5,Leave Start,,CAD,CAN,2021-11-12 16:00:00,CORE_HR
EVT00021574,2021-11-23,EMP02578,CC0004,PA,5,Step Increment,103282.43,CAD,CA,2021-11-24 15:00:00,PAYROLL
EVT00020482,2021-11-20,EMP00731,CC0117,EC,1,Step Increment,70900.19,CAD,CAN,2021-11-21 08:00:00,CORE_HR
EVT00020437,2021-11-17,EMP04574,CC0073,PA,1,Step Increment,58399.17,CAD,CAN,2021-11-17 15:00:00,CORE_HR
EVT00019957,2021-11-21,EMP01369,CC0015,PA,5,Promotion,96446.86,CAD,CAN,2021-11-21 18:00:00,CORE_HR
EVT00020063,2021-11-08,EMP01116,CC0065,FI,3,Step Increment,95836.47,AUD,AUS,2021-11-08 20:00:00,CORE_HR
EVT00021001,2021-11-13,EMP03482,CC0046,EN,2,Leave Return,,AED,ARE,2021-11-13 10:00:00,CORE_HR
EVT00021651,2021-11-25,EMP04343,CC0023,EN,1,Step Increment,82528.44,CAD,CA,2021-11-26 04:00:00,PAYROLL
EVT00020262,2021-11-06,EMP03057,CC0117,IT,1,Leave Return,,CAD,CAN,2021-11-06 17:00:00,CORE_HR
EVT00020101,2021-11-27,EMP00668,CC0108,AS,1,Hire,162547.8,AED,ARE,2021-11-27 17:00:00,CORE_HR
EVT00020544,2021-11-12,EMP04138,CC0008,EN,1,Step Increment,72483.09,CAD,CAN,2021-11-12 17:00:00,CORE_HR
EVT00019997,2021-11-16,EMP03320,CC0048,EN,3,Leave Start,,CAD,CA,2021-11-16 13:00:00,PAYROLL
EVT00021565,2021-11-15,EMP00917,CC0010,IT,2,Hire,95641.82,CAD,CA,2021-11-16 08:00:00,PAYROLL
EVT00021405,2021-11-07,EMP03970,CC0098,PA,4,Leave Start,,CAD,CA,2021-11-07 09:00:00,PAYROLL
EVT00020782,2021-11-02,EMP03492,CC0088,EX,1,Hire,361747.22,AED,ARE,2021-11-03 10:00:00,CORE_HR
EVT00020629,2021-11-15,EMP03201,CC0113,CR,3,Departure,,CAD,CA,2021-11-16 12:00:00,PAYROLL
EVT00021192,2021-11-17,EMP04231,CC0097,EN,2,Step Increment,87414.6,CAD,CAN,2021-11-18 08:00:00,CORE_HR
EVT00021642,2021-11-22,EMP01897,CC0064,IT,2,Promotion,75819.59,CAD,CA,2021-11-22 12:00:00,PAYROLL
EVT00021254,2021-11-03,EMP04823,CC0002,FI,2,Lateral Deployment,,CAD,CA,2021-11-04 02:00:00,PAYROLL
EVT00020614,2021-11-14,EMP03452,CC0089,CR,4,Performance Pay,7397.32,CAD,CA,2021-11-15 04:00:00,PAYROLL
EVT00021435,2021-11-02,EMP02143,CC0114,PA,5,Leave Return,,CAD,CAN,2021-11-02 23:00:00,CORE_HR
EVT00020322,2021-11-24,EMP01133,CC0049,AS,2,Step Increment,54920.44,SGD,SG,2021-11-24 16:00:00,PAYROLL
EVT00020810,2021-11-19,EMP00149,CC0020,FI,1,Step Increment,83205.97,CAD,CA,2021-11-19 09:00:00,PAYROLL
EVT00019939,2021-11-26,EMP03522,CC0044,CR,2,Departure,,CAD,CAN,2021-11-27 07:00:00,CORE_HR
EVT00021832,2021-11-11,EMP03874,CC0093,PA,1,Performance Pay,6112.86,CAD,CAN,2021-11-11 18:00:00,CORE_HR
EVT00020158,2021-11-25,EMP03421,CC0083,IT,1,Step Increment,58257.88,CAD,CAN,2021-11-28 19:00:00,CORE_HR
EVT00020557,2021-11-22,EMP00512,CC0026,PA,2,Leave Return,,CAD,CA,2021-11-23 02:00:00,PAYROLL
EVT00021735,2021-11-24,EMP00508,CC0014,PA,4,Performance Pay,7992.42,CAD,CA,2021-11-24 19:00:00,PAYROLL
EVT00021787,2021-11-08,EMP02609,CC0005,PA,2,Step Increment,72738.36,CAD,CAN,2021-11-08 11:00:00,CORE_HR
EVT00020627,2021-11-10,EMP02837,CC0109,EN,5,Step Increment,138990.43,CAD,CAN,2021-11-10 13:00:00,CORE_HR
EVT00021314,2021-11-19,EMP04749,CC0025,FI,2,Leave Start,,CAD,CAN,2021-11-19 15:00:00,CORE_HR
EVT00021260,2021-11-23,EMP02006,CC0093,FI,4,Performance Pay,13569.59,CAD,CA,2021-11-23 14:00:00,PAYROLL
EVT00021298,2021-11-06,EMP00705,CC0009,PA,2,Step Increment,44149.17,EUR,FR,2021-11-06 06:00:00,PAYROLL
EVT00020837,2021-11-10,EMP03697,CC0006,PA,2,Lateral Deployment,,CAD,CAN,2021-11-10 17:00:00,CORE_HR
EVT00020685,2021-11-03,EMP02321,CC0097,PA,3,Leave Return,,CAD,CA,2021-11-03 06:00:00,PAYROLL
EVT00021303,2021-11-04,EMP02778,CC0020,AS,3,Lateral Deployment,,CAD,CAN,2021-11-04 13:00:00,CORE_HR
EVT00021165,2021-11-25,EMP01410,CC0053,FI,4,Leave Start,,CAD,CAN,2021-11-25 18:00:00,CORE_HR
EVT00020058,2021-11-12,EMP02454,CC0062,EN,1,Leave Start,,CAD,CA,2021-11-13 15:00:00,PAYROLL
EVT00021025,2021-11-26,EMP03266,CC0069,EN,1,Performance Pay,7851.37,CAD,CA,2021-11-26 13:00:00,PAYROLL
EVT00020141,2021-11-27,EMP04124,CC0037,EX,2,Lateral Deployment,,CAD,CA,2021-11-28 11:00:00,PAYROLL
EVT00020678,2021-11-15,EMP01965,CC0047,IT,4,Hire,107656.11,CAD,CA,2021-11-16 01:00:00,PAYROLL
EVT00021422,2021-11-19,EMP03561,CC0116,PA,3,Step Increment,73240.36,CAD,CAN,2021-11-19 16:00:00,CORE_HR
EVT00019958,2021-11-17,EMP03995,CC0070,PA,3,Step Increment,82144.12,CAD,CAN,2021-11-18 07:00:00,CORE_HR
EVT00019959,2021-11-16,EMP02042,CC0015,EN,2,Step Increment,100969.68,CAD,CA,2021-11-16 15:00:00,PAYROLL
EVT00021301,2021-11-20,EMP04739,CC0051,IT,5,Departure,,CAD,CA,2021-11-20 09:00:00,PAYROLL
EVT00021029,2021-11-16,EMP01918,CC0108,PA,5,Leave Return,,INR,IN,2021-11-17 13:00:00,PAYROLL
EVT00020204,2021-11-18,EMP02452,CC0014,EC,2,Lateral Deployment,,CAD,CAN,2021-11-18 09:00:00,CORE_HR
EVT00021003,2021-11-16,EMP03118,CC0100,IT,1,Departure,,CAD,CA,2021-11-17 07:00:00,PAYROLL
EVT00020500,2021-11-07,EMP02430,CC0116,AS,1,Leave Return,,CAD,CAN,2021-11-07 08:00:00,CORE_HR
EVT00021431,2021-11-02,EMP03448,CC0120,IT,3,Performance Pay,6512.86,CAD,CAN,2021-11-03 03:00:00,CORE_HR
EVT00020318,2021-11-24,EMP04010,CC0004,EX,1,Lateral Deployment,,CAD,CAN,2021-11-24 10:00:00,CORE_HR
EVT00021159,2021-11-25,EMP01552,CC0059,CR,3,Performance Pay,3799.84,XXX,CAN,2021-11-25 13:00:00,CORE_HR
EVT00020152,2021-11-21,EMP04564,CC0016,IT,2,Performance Pay,8931.99,CAD,CA,2021-11-22 08:00:00,PAYROLL
EVT00021462,2021-11-10,EMP03289,CC0069,FI,5,Lateral Deployment,,CAD,CA,2021-11-11 00:00:00,PAYROLL
EVT00020628,2021-11-10,EMP00758,CC0103,IT,4,Departure,,CAD,CA,2021-11-10 15:00:00,PAYROLL
EVT00020615,2021-11-02,EMP02085,CC0081,AS,3,Step Increment,50008.78,CAD,CA,2021-11-02 08:00:00,PAYROLL
EVT00021056,2021-11-14,EMP00557,CC0077,EN,4,Leave Return,,CAD,CA,2021-11-15 12:00:00,PAYROLL
EVT00021017,2021-11-16,EMP01892,CC0076,PA,2,Hire,73532.65,CAD,CAN,2021-11-16 17:00:00,CORE_HR
EVT00021498,2021-11-25,EMP04484,CC0033,CR,3,Lateral Deployment,,CAD,CA,2021-11-26 07:00:00,PAYROLL
EVT00021341,2021-11-05,EMP04884,CC0108,EN,3,Step Increment,104154.21,SGD,SGP,2021-11-05 08:00:00,CORE_HR
EVT00021367,2021-11-20,EMP01404,CC0117,EN,3,Hire,97454.49,CAD,CA,2021-11-20 07:00:00,PAYROLL
EVT00020743,2021-11-26,EMP01923,CC0078,EN,2,Lateral Deployment,,CAD,CAN,2021-11-27 14:00:00,CORE_HR
EVT00020257,2021-11-01,EMP00717,CC0115,CR,2,Lateral Deployment,,CAD,CA,2021-11-01 20:00:00,PAYROLL
EVT00021516,2021-11-18,EMP01933,CC0100,CR,2,Leave Start,,CAD,CA,2021-11-18 18:00:00,PAYROLL
EVT00020952,2021-11-04,EMP00143,CC0065,EC,4,Performance Pay,6473.73,AUD,AU,2021-11-05 01:00:00,PAYROLL
EVT00020811,2021-11-03,EMP01129,CC0028,CR,2,Leave Start,,CAD,CAN,2021-11-06 23:00:00,CORE_HR
EVT00021139,2021-11-18,EMP04656,CC0042,FI,2,Step Increment,73849.52,CAD,CAN,2021-11-18 19:00:00,CORE_HR
EVT00021336,2021-11-27,EMP02693,CC0011,PA,3,Lateral Deployment,,CAD,CAN,2021-11-27 20:00:00,CORE_HR
EVT00020246,2021-11-06,EMP04832,CC0065,CR,1,Performance Pay,-75039.36,MXN,MX,2021-11-06 07:00:00,PAYROLL
EVT00020623,2021-11-22,EMP04023,CC0043,PA,2,Promotion,70880.99,CAD,CAN,2021-11-22 21:00:00,CORE_HR
EVT00021707,2021-11-04,EMP02291,CC0033,AS,2,Performance Pay,7566.62,CAD,CAN,2021-11-05 09:00:00,CORE_HR
EVT00020551,2021-11-08,EMP02882,CC0098,AS,4,Step Increment,79586.16,CAD,CAN,2021-11-09 10:00:00,CORE_HR
EVT00021798,2021-11-08,EMP00524,CC0057,PA,4,Leave Return,,CAD,CA,2021-11-08 16:00:00,PAYROLL
EVT00021624,2021-11-14,EMP00955,CC0057,EC,1,Step Increment,68154.84,CAD,CA,2021-11-14 14:00:00,PAYROLL
EVT00020599,2021-11-03,EMP03273,CC0120,EN,3,Step Increment,90081.77,CAD,CA,2021-11-04 02:00:00,PAYROLL
EVT00021504,2021-11-26,EMP03378,CC0019,AS,3,Lateral Deployment,,CAD,CA,2021-11-27 00:00:00,PAYROLL
EVT00021400,2021-11-15,EMP01844,CC0057,AS,2,Step Increment,61719.07,CAD,CA,2021-11-16 20:00:00,PAYROLL
EVT00021414,2021-11-06,EMP03874,CC0093,PA,1,Leave Return,,CAD,CA,2021-11-07 08:00:00,PAYROLL
EVT00019982,2021-11-11,EMP00403,CC0114,CR,3,Hire,-64485.75,CAD,CAN,2021-11-12 08:00:00,CORE_HR
EVT00020759,2021-11-04,EMP03485,CC0011,IT,1,Step Increment,85360.16,CAD,CAN,2021-11-04 22:00:00,CORE_HR
EVT00019877,2021-11-21,EMP04894,CC0008,AS,4,Leave Return,,CAD,CAN,2021-11-22 05:00:00,CORE_HR
EVT00021369,2021-11-27,EMP04165,CC0055,EC,1,Leave Return,,CAD,CAN,2021-11-30 22:00:00,CORE_HR
EVT00020820,2021-11-21,EMP00641,CC0103,FI,2,Step Increment,62875.48,CAD,CAN,2021-11-24 03:00:00,CORE_HR
EVT00021457,2021-11-23,EMP00305,CC0056,EX,1,Performance Pay,13048.45,CAD,CAN,2021-11-23 09:00:00,CORE_HR
EVT00020507,2021-11-13,EMP01548,CC0058,EX,1,Lateral Deployment,,CAD,CA,2021-11-14 07:00:00,PAYROLL
EVT00021551,2021-11-22,EMP04955,CC0041,PA,3,Leave Start,,CAD,CA,2021-11-22 15:00:00,PAYROLL
EVT00020403,2021-11-21,EMP04383,CC0072,PA,3,Departure,,CAD,CAN,2021-11-22 02:00:00,CORE_HR
EVT00021329,2021-11-23,EMP01604,CC0001,EX,1,Promotion,135871.47,CAD,CA,2021-11-24 12:00:00,PAYROLL
EVT00021019,2021-11-26,EMP04758,CC0006,EN,2,Step Increment,88652.13,CAD,CAN,2021-11-26 20:00:00,CORE_HR
EVT00020001,2021-11-10,EMP01266,CC0091,PA,4,Step Increment,87264.65,CAD,CAN,2021-11-10 16:00:00,CORE_HR
EVT00021776,2021-11-25,EMP02086,CC0058,PA,1,Leave Start,,CAD,CAN,2021-11-26 00:00:00,CORE_HR
EVT00021805,2021-11-26,EMP04782,CC0088,EC,3,Leave Return,,AED,ARE,2021-11-27 08:00:00,CORE_HR
EVT00020114,2021-11-04,EMP04025,CC0119,AS,4,Step Increment,75171.11,CAD,CA,2021-11-05 08:00:00,PAYROLL
EVT00021231,2021-11-21,EMP03704,CC0006,FI,3,Leave Start,,CAD,CAN,2021-11-21 09:00:00,CORE_HR
EVT00021282,2021-11-27,EMP02488,CC0009,PA,2,Step Increment,5896053.37,JPY,JP,2021-11-27 09:00:00,PAYROLL
EVT00020568,2021-11-19,EMP03976,CC0069,EX,1,Step Increment,137742.15,CAD,CAN,2021-11-19 23:00:00,CORE_HR
EVT00019893,2021-11-23,EMP01533,CC0017,PA,1,Leave Start,,CAD,CAN,2021-11-23 14:00:00,CORE_HR
EVT00020235,2021-11-25,EMP01215,CC0107,EN,1,Step Increment,76989.41,CAD,CA,2021-11-25 23:00:00,PAYROLL
EVT00021396,2021-11-08,EMP00304,CC0055,CR,5,Performance Pay,3281.75,CAD,CA,2021-11-08 18:00:00,PAYROLL
EVT00020734,2021-11-19,EMP04702,CC0067,PA,1,Leave Start,,CAD,CA,2021-11-19 21:00:00,PAYROLL
EVT00020185,2021-11-01,EMP03010,CC0063,CR,1,Step Increment,46792.99,CAD,CAN,2021-11-01 10:00:00,CORE_HR
EVT00020847,2021-11-20,EMP01024,CC0076,EN,1,Departure,,CAD,CAN,2021-11-21 11:00:00,CORE_HR
EVT00021252,2021-11-19,EMP02470,CC0066,PA,1,Step Increment,60602.75,CAD,CA,2021-11-19 12:00:00,PAYROLL
EVT00020422,2021-11-01,EMP03950,CC0031,FI,2,Leave Return,,KES,KE,2021-11-01 09:00:00,PAYROLL
EVT00021217,2021-11-22,EMP00325,CC0043,IT,3,Step Increment,98614.54,CAD,CAN,2021-11-23 14:00:00,CORE_HR
EVT00020553,2021-11-11,EMP04341,CC0078,EC,1,Promotion,73058.35,CAD,CAN,2021-11-12 00:00:00,CORE_HR
EVT00021546,2021-11-20,EMP00925,CC0100,EN,1,Leave Start,,CAD,CAN,2021-11-20 10:00:00,CORE_HR
EVT00020533,2021-11-04,EMP01482,CC0029,CR,1,Step Increment,33822.48,EUR,DE,2021-11-05 14:00:00,PAYROLL
EVT00021205,2021-11-18,EMP01375,CC0109,CR,2,Step Increment,63771.47,CAD,CAN,2021-11-18 13:00:00,CORE_HR
EVT00021564,2021-11-26,EMP01989,CC0021,IT,1,Promotion,85127.31,CAD,CA,2021-11-26 10:00:00,PAYROLL
EVT00021487,2021-11-10,EMP00572,CC0089,CR,1,Hire,51334.48,CAD,CA,2021-11-10 17:00:00,PAYROLL
EVT00021053,2021-11-03,EMP00058,CC0061,PA,1,Lateral Deployment,,CAD,CAN,2021-11-03 06:00:00,CORE_HR
EVT00021727,2021-11-17,EMP00059,CC0084,CR,3,Leave Start,,CAD,CAN,2021-11-18 06:00:00,CORE_HR
EVT00020076,2021-11-20,EMP04614,CC0047,FI,3,Lateral Deployment,,CAD,CAN,2021-11-20 17:00:00,CORE_HR
EVT00020442,2021-11-14,EMP03576,CC0043,CR,4,Performance Pay,6957.61,CAD,CA,2021-11-14 11:00:00,PAYROLL
EVT00020289,2021-11-24,EMP02904,CC0115,EX,1,Promotion,136900.38,CAD,CA,2021-11-25 13:00:00,PAYROLL
EVT00020216,2021-11-26,EMP02134,CC0116,EN,2,Promotion,95737.63,CAD,CAN,2021-11-26 19:00:00,CORE_HR
EVT00019996,2021-11-09,EMP00687,CC0080,IT,4,Step Increment,89232.55,EUR,DEU,2021-11-09 22:00:00,CORE_HR
EVT00020361,2021-11-23,EMP03540,CC0059,EC,1,Leave Return,,CAD,CAN,2021-11-23 10:00:00,CORE_HR
EVT00021801,2021-11-19,EMP01605,CC0106,EC,5,Step Increment,128857.88,CAD,CA,2021-11-20 14:00:00,PAYROLL
EVT00021566,2021-11-05,EMP02586,CC0009,EN,2,Performance Pay,5652.78,EUR,FR,2021-11-05 16:00:00,PAYROLL
EVT00020562,2021-11-13,EMP04854,CC0106,EC,5,Promotion,124858.88,CAD,CAN,2021-11-13 23:00:00,CORE_HR
EVT00020901,2021-11-25,EMP04591,CC0099,EX,1,Departure,,CAD,CA,2021-11-25 23:00:00,PAYROLL
EVT00020974,2021-11-21,EMP00024,CC0024,PA,1,Step Increment,56286.81,CAD,CAN,2021-11-22 00:00:00,CORE_HR
EVT00021783,2021-11-27,EMP01792,CC0062,PA,1,Performance Pay,4353.27,CAD,CA,2021-11-27 15:00:00,PAYROLL
EVT00020975,2021-11-08,EMP04423,CC0081,PA,1,Step Increment,60193.1,CAD,CA,2021-11-09 08:00:00,PAYROLL
EVT00021427,2021-11-17,EMP01612,CC0107,PA,2,Leave Return,,CAD,CA,2021-11-17 15:00:00,PAYROLL
EVT00020288,2021-11-08,EMP04002,CC0028,FI,1,Step Increment,75842.62,CAD,CAN,2021-11-09 03:00:00,CORE_HR
EVT00019898,2021-11-27,EMP03259,CC0004,CR,1,Promotion,48620.57,CAD,CA,2021-11-28 00:00:00,PAYROLL
EVT00020075,2021-11-07,EMP03320,CC0048,EN,3,Step Increment,108605.13,CAD,CAN,2021-11-08 01:00:00,CORE_HR
EVT00020367,2021-11-13,EMP04251,CC0064,IT,4,Step Increment,114402.41,CAD,CAN,2021-11-13 11:00:00,CORE_HR
EVT00020920,2021-11-19,EMP00582,CC0110,PA,1,Performance Pay,5407.09,CAD,CA,2021-11-19 10:00:00,PAYROLL
EVT00021170,2021-11-23,EMP01474,CC0066,PA,3,Leave Start,,CAD,CAN,2021-11-23 19:00:00,CORE_HR
EVT00020079,2021-11-08,EMP02643,CC0013,PA,1,Step Increment,60775.64,CAD,CA,2021-11-08 09:00:00,PAYROLL
EVT00021721,2021-11-26,EMP03508,CC0020,AS,1,Leave Return,,CAD,CA,2021-11-26 13:00:00,PAYROLL
EVT00020991,2021-11-19,EMP04844,CC0094,AS,1,Lateral Deployment,,CAD,CAN,2021-11-20 09:00:00,CORE_HR
EVT00020166,2021-11-03,EMP00904,CC0014,EN,4,Lateral Deployment,,CAD,CA,2021-11-03 06:00:00,PAYROLL
EVT00020065,2021-11-06,EMP01940,CC0018,IT,2,Step Increment,89500.05,CAD,CAN,2021-11-06 22:00:00,CORE_HR
EVT00020313,2021-11-26,EMP03090,CC0107,CR,2,Step Increment,65436.43,CAD,CAN,2021-11-27 12:00:00,CORE_HR
EVT00020723,2021-11-04,EMP04440,CC0028,IT,2,Promotion,99379.02,CAD,CAN,2021-11-04 18:00:00,CORE_HR
EVT00020470,2021-11-19,EMP01394,CC0014,EN,1,Step Increment,86980.58,CAD,CA,2021-11-19 14:00:00,PAYROLL
EVT00020080,2021-11-24,EMP02572,CC0081,FI,2,Step Increment,74038.1,CAD,CAN,2021-11-25 00:00:00,CORE_HR
EVT00020118,2021-11-20,EMP00683,CC0098,EN,2,Step Increment,95142.26,CAD,CAN,2021-11-21 05:00:00,CORE_HR
EVT00021175,2021-11-22,EMP01928,CC0102,PA,3,Leave Return,,CAD,CAN,2021-11-23 03:00:00,CORE_HR
EVT00020413,2021-11-12,EMP04084,CC0003,EC,2,Departure,,CAD,CAN,2021-11-13 00:00:00,CORE_HR
EVT00020940,2021-11-23,EMP02850,CC0058,EX,3,Step Increment,175753.0,CAD,CAN,2021-11-24 01:00:00,CORE_HR
EVT00019904,2021-11-26,EMP02930,CC0050,PA,4,Promotion,90945.73,CAD,CAN,2021-11-26 08:00:00,CORE_HR
EVT00020815,2021-11-07,EMP00461,CC0115,CR,3,Performance Pay,6518.09,CAD,CAN,2021-11-08 10:00:00,CORE_HR
EVT00020298,2021-11-22,EMP02467,CC0017,IT,1,Step Increment,83637.72,CAD,CA,2021-11-23 01:00:00,PAYROLL
EVT00020917,2021-11-10,EMP00310,CC0088,EN,1,Hire,281063.73,BRL,BR,2021-11-10 18:00:00,PAYROLL
EVT00020493,2021-11-22,EMP02646,CC0055,CR,1,Step Increment,45689.25,CAD,CAN,2021-11-22 07:00:00,CORE_HR
EVT00020199,2021-11-10,EMP03005,CC0028,IT,1,Promotion,73999.04,CAD,CA,2021-11-11 07:00:00,PAYROLL
EVT00020859,2021-11-08,EMP00433,CC0007,FI,1,Leave Start,,KES,KEN,2021-11-08 21:00:00,CORE_HR
EVT00020145,2021-11-22,EMP02806,CC0080,EX,1,Step Increment,7239077.5,INR,IND,2021-11-23 14:00:00,CORE_HR
EVT00021157,2021-11-14,EMP00701,CC0068,CR,1,Leave Return,,CAD,CA,2021-11-14 20:00:00,PAYROLL
EVT00020726,2021-11-01,EMP00421,CC0103,EN,2,Lateral Deployment,,CAD,CAN,2021-11-01 16:00:00,CORE_HR
EVT00020218,2021-11-14,EMP01171,CC0068,CR,1,Leave Return,,CAD,CAN,2021-11-14 20:00:00,CORE_HR
EVT00020651,2021-11-01,EMP00582,CC0110,PA,1,Hire,63413.93,CAD,CAN,2021-11-02 04:00:00,CORE_HR
EVT00020641,2021-11-04,EMP02381,CC0080,FI,2,Leave Start,,BRL,BRA,2021-11-04 08:00:00,CORE_HR
EVT00019897,2021-11-23,EMP00233,CC0072,PA,2,Leave Return,,CAD,CA,2021-11-24 01:00:00,PAYROLL
EVT00021744,2021-11-08,EMP04965,CC0064,IT,3,Step Increment,100612.95,CAD,CAN,2021-11-09 12:00:00,CORE_HR
EVT00021720,2021-11-24,EMP04921,CC0045,PA,3,Leave Return,,CAD,CAN,2021-11-25 13:00:00,CORE_HR
EVT00020983,2021-11-16,EMP01681,CC0051,PA,5,Performance Pay,9924.34,CAD,CAN,2021-11-16 06:00:00,CORE_HR
EVT00020249,2021-11-18,EMP00985,CC0070,IT,1,Departure,,CAD,CA,2021-11-19 01:00:00,PAYROLL
EVT00021700,2021-11-21,EMP02529,CC0036,EN,3,Step Increment,101203.94,CAD,CAN,2021-11-21 20:00:00,CORE_HR
EVT00020291,2021-11-07,EMP00859,CC0080,PA,1,Promotion,6230430.32,JPY,JPN,2021-11-08 14:00:00,CORE_HR
EVT00020005,2021-11-15,EMP04759,CC0072,EC,2,Step Increment,79582.38,CAD,CAN,2021-11-15 18:00:00,CORE_HR
EVT00020701,2021-11-13,EMP02446,CC0062,AS,3,Performance Pay,7776.0,CAD,CAN,2021-11-14 12:00:00,CORE_HR
EVT00020640,2021-11-20,EMP00292,CC0009,EX,1,Leave Return,,SGD,SG,2021-11-22 01:00:00,PAYROLL
EVT00020852,2021-11-12,EMP01742,CC0097,FI,2,Lateral Deployment,,CAD,CAN,2021-11-12 16:00:00,CORE_HR
EVT00019855,2021-11-20,EMP00996,CC0074,EC,3,Step Increment,54978.63,GBP,GBR,2021-11-21 01:00:00,CORE_HR
EVT00020650,2021-11-09,EMP02748,CC0034,EC,2,Leave Return,,CAD,CAN,2021-11-09 15:00:00,CORE_HR
EVT00021850,2021-11-07,EMP02934,CC0006,IT,3,Leave Return,,CAD,CA,2021-11-07 09:00:00,PAYROLL
EVT00021697,2021-11-05,EMP00627,CC0014,CR,3,Step Increment,61763.62,CAD,CA,2021-11-06 13:00:00,PAYROLL
EVT00019938,2021-11-09,EMP01146,CC0076,FI,1,Step Increment,60911.14,CAD,CA,2021-11-10 11:00:00,PAYROLL
EVT00020661,2021-11-26,EMP02814,CC0017,CR,1,Performance Pay,6574.34,CAD,CA,2021-11-26 11:00:00,PAYROLL
EVT00020560,2021-11-09,EMP04654,CC0034,AS,1,Step Increment,55016.96,CAD,CA,2021-11-11 06:00:00,PAYROLL
EVT00019947,2021-11-07,EMP04765,CC0043,PA,2,Leave Return,,CAD,CA,2021-11-08 13:00:00,PAYROLL
EVT00021258,2021-11-19,EMP01849,CC0083,PA,5,Leave Return,,CAD,CAN,2021-11-20 02:00:00,CORE_HR
EVT00020275,2021-11-26,EMP04542,CC0103,FI,2,Step Increment,76023.7,CAD,CA,2021-11-27 05:00:00,PAYROLL
EVT00020282,2021-11-17,EMP01838,CC0085,PA,1,Hire,57918.78,CAD,CAN,2021-11-17 21:00:00,CORE_HR
EVT00020535,2021-11-22,EMP01049,CC0053,AS,4,Performance Pay,7643.42,CAD,CAN,2021-11-23 15:00:00,CORE_HR
EVT00021219,2021-11-26,EMP02723,CC0022,AS,4,Leave Start,,CAD,CA,2021-11-27 12:00:00,PAYROLL
EVT00020220,2021-11-23,EMP02685,CC0022,PA,5,Leave Return,,CAD,CA,2021-11-24 09:00:00,PAYROLL
EVT00020961,2021-11-15,EMP02156,CC0043,AS,2,Performance Pay,5056.22,CAD,CAN,2021-11-15 10:00:00,CORE_HR
EVT00021855,1900-01-01,EMP03927,CC0053,AS,3,Step Increment,67050.25,CAD,CAN,2021-11-24 06:00:00,CORE_HR
EVT00019865,2021-11-05,EMP01036,CC0042,AS,3,Performance Pay,3603.94,CAD,CA,2021-11-06 05:00:00,PAYROLL
EVT00020862,2021-11-18,EMP02120,CC0008,IT,4,Step Increment,105709.27,CAD,CAN,2021-11-19 00:00:00,CORE_HR
EVT00020163,2021-11-07,EMP03428,CC0039,PA,2,Step Increment,67023.21,CAD,CA,2021-11-07 19:00:00,PAYROLL
EVT00020022,2021-11-15,EMP04372,CC0086,FI,4,Performance Pay,5809.08,AUD,AU,2021-11-16 02:00:00,PAYROLL
EVT00020501,2021-11-03,EMP04204,CC0006,IT,3,Step Increment,107544.71,CAD,CA,2021-11-03 15:00:00,PAYROLL
EVT00021394,2021-11-09,EMP02184,CC0028,FI,4,Hire,87759.2,CAD,CA,2021-11-10 11:00:00,PAYROLL
EVT00021044,2021-11-04,EMP03308,CC0081,PA,5,Lateral Deployment,,CAD,CAN,2021-11-05 08:00:00,CORE_HR
EVT00021524,2021-11-11,EMP03089,CC0031,EN,4,Step Increment,79337.07,USD,USA,2021-11-12 11:00:00,CORE_HR
EVT00021052,2021-11-02,EMP00621,CC0048,IT,5,Lateral Deployment,,CAD,CA,2021-11-03 05:00:00,PAYROLL
EVT00020000,2021-11-04,EMP03796,CC0060,PA,2,Step Increment,75603.29,CAD,CAN,2021-11-04 09:00:00,CORE_HR
EVT00020057,2021-11-17,EMP03729,CC0042,EN,1,Step Increment,95508.87,CAD,CA,2021-11-17 10:00:00,PAYROLL
EVT00020833,2021-11-08,EMP03714,CC0020,IT,1,Step Increment,73552.7,CAD,CAN,2021-11-09 02:00:00,CORE_HR
EVT00020225,2021-11-26,EMP02730,CC0073,IT,3,Step Increment,101043.57,CAD,CAN,2021-11-27 12:00:00,CORE_HR
EVT00021235,2021-11-22,EMP02538,CC0012,IT,2,Performance Pay,6108.78,CAD,CA,2021-11-22 13:00:00,PAYROLL
EVT00019971,2021-11-10,EMP01124,CC0072,EX,1,Step Increment,94815.0,CAD,CA,2021-11-10 09:00:00,PAYROLL
EVT00019962,2021-11-26,EMP01281,CC0086,EC,4,Step Increment,1382990.75,MXN,MX,2021-11-26 12:00:00,PAYROLL
EVT00021771,2021-11-22,EMP04206,CC0110,PA,3,Leave Start,,CAD,CAN,2021-11-22 11:00:00,CORE_HR
EVT00020831,2021-11-25,EMP04470,CC0017,FI,4,Lateral Deployment,,CAD,CA,2021-11-26 13:00:00,PAYROLL
EVT00019880,2021-11-24,EMP01214,CC0014,AS,1,Step Increment,40608.74,CAD,CAN,2021-11-24 06:00:00,CORE_HR
EVT00021626,2021-11-04,EMP03556,CC0110,FI,3,Performance Pay,5515.2,CAD,CAN,2021-11-05 14:00:00,CORE_HR
EVT00020094,2021-11-25,EMP00468,CC0028,PA,2,Step Increment,68251.15,CAD,CAN,2021-11-25 16:00:00,CORE_HR
EVT00020162,2021-11-12,EMP02305,CC0068,EC,1,Leave Return,,CAD,CAN,2021-11-12 09:00:00,CORE_HR
EVT00021234,2021-11-22,EMP04091,CC0090,EN,1,Leave Return,,CAD,CA,2021-11-23 05:00:00,PAYROLL
EVT00020567,2021-11-05,EMP03549,CC0005,FI,4,Lateral Deployment,,CAD,CAN,2021-11-06 14:00:00,CORE_HR
EVT00021598,2021-11-23,EMP02794,CC0035,EC,2,Promotion,105133.25,CAD,CAN,2021-11-23 23:00:00,CORE_HR
EVT00021292,2021-11-26,EMP01281,CC0086,EC,4,Lateral Deployment,,INR,IND,2021-11-27 03:00:00,CORE_HR
EVT00021815,2021-11-09,EMP01370,CC0095,PA,4,Leave Start,,CAD,CA,2021-11-10 02:00:00,PAYROLL
EVT00020036,2021-11-19,EMP02797,CC0014,AS,1,Leave Start,,CAD,CAN,2021-11-19 23:00:00,CORE_HR
EVT00020849,2021-11-22,EMP03541,CC0046,PA,4,Step Increment,3797678.56,INR,IND,2021-11-22 21:00:00,CORE_HR
EVT00020488,2021-11-21,EMP00536,CC0010,AS,2,Hire,67227.74,CAD,CAN,2021-11-21 10:00:00,CORE_HR
EVT00020744,2021-11-15,EMP03768,CC0049,FI,3,Leave Return,,USD,US,2021-11-15 20:00:00,PAYROLL
EVT00020171,2021-11-05,EMP02407,CC0065,EC,4,Lateral Deployment,,GBP,GBR,2021-11-06 10:00:00,CORE_HR
EVT00020868,2021-11-22,EMP02065,CC0117,AS,1,Promotion,45071.27,CAD,CAN,2021-11-22 16:00:00,CORE_HR
EVT00020463,2021-11-02,EMP01637,CC0081,PA,4,Leave Start,,CAD,CA,2021-11-03 00:00:00,PAYROLL
EVT00019974,2021-11-09,EMP03154,CC0088,IT,5,Performance Pay,21140.18,AED,ARE,2021-11-10 12:00:00,CORE_HR
EVT00020067,2021-11-02,EMP01321,CC0056,AS,2,Step Increment,68173.2,CAD,CA,2021-11-02 09:00:00,PAYROLL
EVT00021658,2021-11-04,EMP00912,CC0043,IT,2,Performance Pay,5274.62,CAD,CAN,2021-11-04 06:00:00,CORE_HR
EVT00021374,2021-11-12,EMP03817,CC0097,IT,4,Lateral Deployment,,CAD,CAN,2021-11-13 15:00:00,CORE_HR
EVT00021239,2021-11-12,EMP02833,CC0105,IT,3,Step Increment,9465555.97,KES,KEN,2021-11-13 12:00:00,CORE_HR
EVT00020885,2021-11-26,EMP02525,CC0006,FI,5,Lateral Deployment,,CAD,CAN,2021-11-27 07:00:00,CORE_HR
EVT00020342,2021-11-06,EMP01000,CC0112,IT,4,Step Increment,127937.35,CAD,CAN,2021-11-07 15:00:00,CORE_HR
EVT00020066,2021-11-21,EMP02689,CC0120,AS,1,Step Increment,54630.56,CAD,CAN,2021-11-22 14:00:00,CORE_HR
EVT00020931,2021-11-25,EMP01801,CC0010,PA,3,Hire,74880.33,CAD,CA,2021-11-25 19:00:00,PAYROLL
EVT00021691,2021-11-09,EMP00229,CC0034,PA,3,Leave Return,,CAD,CA,2021-11-09 14:00:00,PAYROLL
EVT00021454,2021-11-06,EMP00206,CC0083,EC,2,Lateral Deployment,,CAD,CA,2021-11-07 09:00:00,PAYROLL
EVT00021817,2021-11-02,EMP00437,CC0013,EN,3,Performance Pay,8010.05,CAD,CAN,2021-11-03 07:00:00,CORE_HR
EVT00020499,2021-11-15,EMP04873,CC0075,PA,2,Leave Return,,CAD,CAN,2021-11-16 10:00:00,CORE_HR
EVT00020752,2021-11-06,EMP00924,CC0031,EN,2,Leave Return,,JPY,JPN,2021-11-06 15:00:00,CORE_HR
EVT00021562,2021-11-25,EMP01397,CC0044,FI,3,Step Increment,85259.21,CAD,CA,2021-11-26 01:00:00,PAYROLL
EVT00021743,2021-11-22,EMP02084,CC0052,IT,3,Performance Pay,10677.94,CAD,CA,2021-11-23 13:00:00,PAYROLL
EVT00020523,2021-11-09,EMP03487,CC0053,PA,3,Leave Start,,CAD,CAN,2021-11-10 15:00:00,CORE_HR
EVT00020842,2021-11-04,EMP03659,CC0046,EN,1,Departure,,SGD,SGP,2021-11-05 11:00:00,CORE_HR
EVT00020858,2021-11-17,EMP01679,CC0111,PA,1,Lateral Deployment,,KES,KEN,2021-11-18 08:00:00,CORE_HR
EVT00020147,2021-11-08,EMP03085,CC0114,PA,1,Step Increment,68182.91,CAD,CAN,2021-11-08 22:00:00,CORE_HR
EVT00021079,2021-11-15,EMP02864,CC0067,AS,3,Leave Start,,CAD,CA,2021-11-16 09:00:00,PAYROLL
EVT00021863,2021-11-17,EMP01545,CC0109,PA,4,Performance Pay,3833.7,CAD,CAN,2021-11-17 23:00:00,CORE_HR
EVT00020746,2021-11-09,EMP02213,CC0017,EN,2,Lateral Deployment,,CAD,CAN,2021-11-09 10:00:00,CORE_HR
EVT00020151,2021-11-25,EMP04736,CC0021,IT,1,Leave Start,,CAD,CAN,2021-11-25 16:00:00,CORE_HR
EVT00021186,2021-11-20,EMP04253,CC0016,PA,2,Leave Start,,CAD,CAN,2021-11-20 11:00:00,CORE_HR
EVT00021738,2021-11-18,EMP02929,CC0031,IT,1,Performance Pay,9541.46,SGD,SGP,2021-11-19 07:00:00,CORE_HR
EVT00020357,2021-11-06,EMP00176,CC0031,FI,3,Leave Start,,GBP,GB,2021-11-06 07:00:00,PAYROLL
EVT00020315,2021-11-06,EMP01851,CC0120,EX,2,Performance Pay,17871.46,CAD,CAN,2021-11-06 06:00:00,CORE_HR
EVT00020707,2021-11-01,EMP01139,CC0069,PA,1,Lateral Deployment,,CAD,CAN,2021-11-01 12:00:00,CORE_HR
EVT00020776,2021-11-06,EMP03227,CC0049,EN,2,Performance Pay,657343.22,INR,IND,2021-11-07 08:00:00,CORE_HR
EVT00021800,2021-11-06,EMP00438,CC0108,EX,1,Step Increment,490851.41,BRL,BRA,2021-11-07 09:00:00,CORE_HR
EVT00020352,2021-11-07,EMP02147,CC0016,PA,3,Leave Start,,CAD,CA,2021-11-08 12:00:00,PAYROLL
EVT00021520,2021-11-07,EMP01179,CC0096,EN,1,Performance Pay,3533.31,CAD,CAN,2021-11-07 06:00:00,CORE_HR
EVT00020426,2021-11-11,EMP02190,CC0080,PA,4,Departure,,AUD,AU,2021-11-12 12:00:00,PAYROLL
EVT00020394,2021-11-20,EMP02657,CC0003,FI,3,Leave Return,,CAD,CA,2021-11-21 01:00:00,PAYROLL
EVT00019864,2021-11-24,EMP04425,CC0078,CR,1,Step Increment,41856.12,CAD,CAN,2021-11-25 03:00:00,CORE_HR
EVT00020407,2021-11-14,EMP02059,CC0031,IT,3,Lateral Deployment,,MXN,MX,2021-11-14 13:00:00,PAYROLL
EVT00021189,2021-11-17,EMP01172,CC0083,EN,1,Leave Return,,CAD,CA,2021-11-20 10:00:00,PAYROLL
EVT00021040,2021-11-19,EMP02191,CC0074,EX,2,Leave Return,,GBP,GBR,2021-11-20 15:00:00,CORE_HR
EVT00021655,2021-11-23,EMP01964,CC0115,EC,4,Leave Start,,CAD,CAN,2021-11-24 15:00:00,CORE_HR
EVT00020993,2021-11-25,EMP03451,CC0076,CR,3,Performance Pay,5672.82,CAD,CAN,2021-11-26 04:00:00,CORE_HR
EVT00019970,2021-11-20,EMP01292,CC0113,AS,3,Leave Return,,CAD,CAN,2021-11-21 04:00:00,CORE_HR
EVT00020466,2021-11-11,EMP01063,CC0092,EC,3,Departure,,CAD,CAN,2021-11-12 00:00:00,CORE_HR
EVT00021514,2021-11-12,EMP03003,CC0066,AS,5,Leave Return,,CAD,CAN,2021-11-12 13:00:00,CORE_HR
EVT00020062,2021-11-26,EMP00862,CC0048,AS,1,Leave Start,,CAD,CAN,2021-11-26 15:00:00,CORE_HR
EVT00020245,2021-11-08,EMP00245,CC0046,PA,1,Leave Return,,EUR,FRA,2021-11-09 05:00:00,CORE_HR
EVT00021804,2021-11-11,EMP02602,CC0114,CR,2,Step Increment,54268.66,CAD,CAN,2021-11-12 11:00:00,CORE_HR
EVT00021856,2021-11-24,EMP03970,CC0098,PA,4,Step Increment,82615.82,CAD,CAN,2021-11-24 11:00:00,CORE_HR
EVT00019983,2021-11-25,EMP00535,CC0010,EN,2,Leave Start,,CAD,CAN,2021-11-26 03:00:00,CORE_HR
EVT00020227,2021-11-04,EMP01599,CC0086,EX,1,Performance Pay,10700.17,EUR,FR,2021-11-05 12:00:00,PAYROLL
EVT00020856,2021-11-14,EMP03095,CC0046,IT,2,Step Increment,63837.68,USD,US,2021-11-15 05:00:00,PAYROLL
EVT00021372,2021-11-18,EMP04717,CC0101,EN,1,Lateral Deployment,,CAD,CA,2021-11-19 09:00:00,PAYROLL
EVT00020780,2021-11-15,EMP01166,CC0115,IT,3,Step Increment,94183.51,CAD,CAN,2021-11-15 13:00:00,CORE_HR
EVT00021641,2021-11-20,EMP02359,CC0038,EN,3,Leave Start,,CAD,CAN,2021-11-21 14:00:00,CORE_HR
EVT00020232,2021-11-16,EMP02485,CC0074,EC,2,Step Increment,1070347.87,MXN,MEX,2021-11-17 00:00:00,CORE_HR
EVT00020212,2021-11-19,EMP04409,CC0102,CR,4,Step Increment,65190.2,CAD,CA,2021-11-19 22:00:00,PAYROLL
EVT00020665,2021-11-18,EMP04203,CC0068,CR,1,Departure,,CAD,CAN,2021-11-19 09:00:00,CORE_HR
EVT00020349,2021-11-03,EMP03125,CC0083,IT,2,Leave Start,,CAD,CA,2021-11-04 04:00:00,PAYROLL
EVT00021527,2021-11-07,EMP01796,CC0038,EC,2,Lateral Deployment,,CAD,CAN,2021-11-07 16:00:00,CORE_HR
EVT00021169,2021-11-15,EMP01913,CC0118,FI,3,Step Increment,95219.75,CAD,CAN,2021-11-16 15:00:00,CORE_HR
EVT00020200,2021-11-15,EMP02768,CC0001,EN,3,Lateral Deployment,,CAD,CAN,2021-11-16 12:00:00,CORE_HR
EVT00020123,2021-11-27,EMP00520,CC0074,CR,1,Departure,,SGD,SG,2021-11-28 14:00:00,PAYROLL
EVT00021765,2021-11-21,EMP00560,CC0001,EN,2,Step Increment,96691.93,CAD,CAN,2021-11-22 05:00:00,CORE_HR
EVT00019984,2021-11-07,EMP03722,CC0028,AS,1,Leave Start,,CAD,CAN,2021-11-08 01:00:00,CORE_HR
EVT00020620,2021-11-02,EMP03105,CC0002,PA,1,Leave Return,,CAD,CA,2021-11-03 02:00:00,PAYROLL
EVT00021741,2021-11-23,EMP04781,CC0074,EN,2,Step Increment,98663.66,AUD,AU,2021-11-24 12:00:00,PAYROLL
EVT00021180,2021-11-22,EMP01145,CC0094,EC,1,Leave Start,,CAD,CAN,2021-11-22 17:00:00,CORE_HR
EVT00019912,2021-11-08,EMP00338,CC0040,CR,3,Leave Return,,CAD,CA,2021-11-09 14:00:00,PAYROLL
EVT00020926,2021-11-08,EMP03222,CC0058,PA,2,Leave Return,,CAD,CA,2021-11-09 07:00:00,PAYROLL
EVT00020395,2021-11-08,EMP01300,CC0091,EX,1,Performance Pay,15664.38,CAD,CAN,2021-11-09 04:00:00,CORE_HR
EVT00021307,2021-11-06,EMP02205,CC0039,EC,1,Hire,75803.97,CAD,CAN,2021-11-07 04:00:00,CORE_HR
EVT00021430,2021-11-23,EMP04039,CC0003,PA,4,Leave Start,,CAD,CA,2021-11-24 03:00:00,PAYROLL
EVT00020667,2021-11-19,EMP03097,CC0072,IT,1,Lateral Deployment,,CAD,CAN,2021-11-19 18:00:00,CORE_HR
EVT00020459,2021-11-24,EMP02051,CC0083,FI,2,Step Increment,85138.45,CAD,CAN,2021-11-24 21:00:00,CORE_HR
EVT00020559,2021-11-09,EMP01617,CC0029,EX,1,Step Increment,17190163.59,JPY,JPN,2021-11-10 07:00:00,CORE_HR
EVT00019900,2021-11-26,EMP04042,CC0075,PA,4,Leave Return,,CAD,CAN,2021-11-27 15:00:00,CORE_HR
EVT00020969,2021-11-20,EMP00545,CC0114,EN,1,Leave Return,,CAD,CAN,2021-11-21 12:00:00,CORE_HR
EVT00021781,2021-11-21,EMP01667,CC0025,IT,3,Departure,,CAD,CA,2021-11-21 16:00:00,PAYROLL
EVT00020130,2021-11-13,EMP03074,CC0075,PA,2,Leave Start,,CAD,CA,2021-11-15 13:00:00,PAYROLL
EVT00020788,2021-11-27,EMP04545,CC0016,EN,1,Step Increment,86209.49,CAD,CAN,2021-11-27 12:00:00,CORE_HR
EVT00021058,2021-11-20,EMP02403,CC0062,EC,1,Step Increment,64972.59,CAD,CA,2021-11-20 16:00:00,PAYROLL
EVT00021251,2021-11-27,EMP02708,CC0119,FI,1,Promotion,74512.41,CAD,CA,2021-11-27 14:00:00,PAYROLL
EVT00021774,2021-11-20,EMP03931,CC0118,PA,1,Lateral Deployment,,CAD,CAN,2021-11-20 23:00:00,CORE_HR
EVT00021057,2021-11-26,EMP01435,CC0008,EN,2,Lateral Deployment,,CAD,CAN,2021-11-27 15:00:00,CORE_HR
EVT00020589,2021-11-01,EMP00401,CC0037,PA,2,Performance Pay,8584.91,CAD,CAN,2021-11-01 10:00:00,CORE_HR
EVT00021104,2021-11-21,EMP01535,CC0061,PA,2,Step Increment,74251.15,CAD,CA,2021-11-21 13:00:00,PAYROLL
EVT00021261,2021-11-20,EMP00517,CC0064,IT,2,Step Increment,97959.59,CAD,CAN,2021-11-21 04:00:00,CORE_HR
EVT00021571,2021-11-15,EMP02444,CC0035,AS,1,Step Increment,56628.1,CAD,CA,2021-11-16 12:00:00,PAYROLL
EVT00021729,2021-11-08,EMP03574,CC0081,PA,2,Step Increment,67352.42,CAD,CA,2021-11-08 18:00:00,PAYROLL
EVT00021339,2021-11-11,EMP02542,CC0089,AS,3,Step Increment,63345.75,CAD,CAN,2021-11-12 09:00:00,CORE_HR
EVT00020127,2021-11-21,EMP03745,CC0103,PA,2,Leave Return,,CAD,CAN,2021-11-21 11:00:00,CORE_HR
EVT00021561,2021-11-06,EMP00315,CC0029,EX,1,Promotion,109644.58,SGD,SG,2021-11-06 19:00:00,PAYROLL
EVT00020631,2021-11-03,EMP04927,CC0058,AS,4,Performance Pay,9856.57,CAD,CAN,2021-11-03 23:00:00,CORE_HR
EVT00020846,2021-11-12,EMP03340,CC0118,PA,4,Performance Pay,5720.69,CAD,CAN,2021-11-12 23:00:00,CORE_HR
EVT00020423,2021-11-23,EMP04225,CC0077,CR,5,Performance Pay,7254.28,CAD,CAN,2021-11-23 12:00:00,CORE_HR
EVT00021640,2021-11-27,EMP01052,CC0072,EN,3,Lateral Deployment,,CAD,CA,2021-11-27 19:00:00,PAYROLL
EVT00020379,2021-11-23,EMP99999,CC0080,FI,4,Lateral Deployment,,USD,US,2021-11-23 12:00:00,PAYROLL
EVT00021576,2021-11-13,EMP00105,CC0021,AS,3,Departure,,CAD,CA,2021-11-13 18:00:00,PAYROLL
EVT00020418,2021-11-22,EMP04339,CC0114,PA,4,Promotion,92809.11,CAD,CA,2021-11-23 10:00:00,PAYROLL
EVT00021177,2021-11-05,EMP03626,CC0055,IT,2,Step Increment,66643.18,CAD,CA,2021-11-05 14:00:00,PAYROLL
EVT00021814,2021-11-15,EMP01588,CC0041,EN,5,Lateral Deployment,,CAD,CA,2021-11-15 13:00:00,PAYROLL
EVT00020797,2021-11-21,EMP02709,CC0068,CR,3,Step Increment,57049.55,CAD,CAN,2021-11-22 01:00:00,CORE_HR
EVT00021156,2021-11-02,EMP03547,CC0116,EC,2,Step Increment,91123.37,CAD,CAN,2021-11-02 23:00:00,CORE_HR
EVT00020860,2021-11-14,EMP04083,CC0111,PA,2,Departure,,SGD,SG,2021-11-15 06:00:00,PAYROLL
EVT00020214,2021-11-20,EMP02016,CC0068,EX,1,Performance Pay,16666.92,CAD,CAN,2021-11-21 09:00:00,CORE_HR
EVT00020018,2021-11-24,EMP04841,CC0061,AS,3,Leave Return,,CAD,CAN,2021-11-25 06:00:00,CORE_HR
EVT00020904,2021-11-23,EMP03260,CC0071,EN,2,Performance Pay,3809.48,CAD,CA,2021-11-23 17:00:00,PAYROLL
EVT00020201,2021-11-16,EMP02716,CC0026,PA,2,Step Increment,67884.5,CAD,CAN,2021-11-16 17:00:00,CORE_HR
EVT00021438,2021-11-05,EMP01258,CC0049,PA,2,Lateral Deployment,,BRL,BRA,2021-11-06 02:00:00,CORE_HR
EVT00020863,2021-11-01,EMP03329,CC0026,AS,2,Step Increment,61136.69,CAD,CAN,2021-11-02 14:00:00,CORE_HR
EVT00021531,2021-11-06,EMP02614,CC0065,IT,3,Step Increment,6498631.11,INR,IND,2021-11-06 19:00:00,CORE_HR
EVT00019842,2021-11-27,EMP03472,CC0032,EN,2,Hire,93769.27,CAD,CAN,2021-11-28 14:00:00,CORE_HR
EVT00020231,2021-11-14,EMP04336,CC0050,AS,3,Step Increment,55723.25,CAD,CAN,2021-11-14 06:00:00,CORE_HR
EVT00020730,2021-11-14,EMP04714,CC0096,EC,4,Performance Pay,4554.44,CAD,CA,2021-11-15 05:00:00,PAYROLL
EVT00020867,2021-11-02,EMP01140,CC0049,IT,1,Step Increment,52078.79,EUR,FRA,2021-11-03 04:00:00,CORE_HR
EVT00021709,2021-11-17,EMP02590,CC0021,AS,1,Hire,52056.66,CAD,CAN,2021-11-17 19:00:00,CORE_HR
EVT00021758,2021-11-22,EMP04819,CC0074,IT,2,Step Increment,10497402.24,JPY,JP,2021-11-22 13:00:00,PAYROLL
EVT00020449,2021-11-26,EMP02993,CC0099,PA,3,Leave Return,,CAD,CAN,2021-11-26 17:00:00,CORE_HR
EVT00021032,2021-11-12,EMP00046,CC0027,PA,2,Leave Start,,CAD,CAN,2021-11-12 14:00:00,CORE_HR
EVT00020011,2021-11-13,EMP03530,CC0086,IT,4,Leave Return,,INR,IN,2021-11-14 12:00:00,PAYROLL
EVT00020834,2021-11-20,EMP02236,CC0048,EX,2,Leave Return,,CAD,CAN,2021-11-20 21:00:00,CORE_HR
EVT00019981,2021-11-01,EMP00932,CC0075,EX,1,Lateral Deployment,,CAD,CAN,2021-11-02 01:00:00,CORE_HR
EVT00019940,2021-11-04,EMP01582,CC0103,IT,2,Hire,86076.9,CAD,CAN,2021-11-05 03:00:00,CORE_HR
EVT00021114,2021-11-02,EMP03555,CC0038,PA,4,Promotion,83211.81,CAD,CAN,2021-11-03 10:00:00,CORE_HR
EVT00021510,2021-11-21,EMP03487,CC0053,PA,3,Step Increment,85179.5,CAD,CA,2021-11-22 15:00:00,PAYROLL
EVT00020038,2021-11-21,EMP00708,CC0010,AS,4,Leave Start,,CAD,CAN,2021-11-22 04:00:00,CORE_HR
EVT00021204,2021-11-01,EMP04383,CC0072,PA,3,Departure,,CAD,CAN,2021-11-01 08:00:00,CORE_HR
EVT00021595,2021-11-07,EMP03094,CC0094,AS,4,Leave Return,,CAD,CA,2021-11-07 11:00:00,PAYROLL
EVT00021548,2021-11-15,EMP00498,CC0117,IT,1,Hire,78883.12,CAD,CA,2021-11-15 11:00:00,PAYROLL
EVT00020481,2021-11-27,EMP04163,CC0009,EC,2,Lateral Deployment,,BRL,BRA,2021-11-27 08:00:00,CORE_HR
EVT00021268,2021-11-10,EMP04751,CC0117,FI,3,Promotion,88158.57,CAD,CAN,2021-11-10 15:00:00,CORE_HR
EVT00021605,2021-11-26,EMP01615,CC0056,FI,2,Hire,84070.81,CAD,CAN,2021-11-26 20:00:00,CORE_HR
EVT00020016,2021-11-13,EMP03904,CC0039,IT,3,Lateral Deployment,,CAD,CA,2021-11-13 07:00:00,PAYROLL
EVT00020774,2021-11-27,EMP01463,CC0071,EX,1,Leave Return,,CAD,CAN,2021-11-29 00:00:00,CORE_HR
EVT00021319,2021-11-12,EMP02889,CC0067,FI,4,Hire,104217.04,CAD,CAN,2021-11-13 04:00:00,CORE_HR
EVT00020692,2021-11-26,EMP01962,CC0025,PA,2,Lateral Deployment,,CAD,CA,2021-11-27 12:00:00,PAYROLL
EVT00020060,2021-11-20,EMP02716,CC0026,PA,2,Performance Pay,8325.05,CAD,CAN,2021-11-20 09:00:00,CORE_HR
EVT00021631,2021-11-06,EMP04047,CC0117,EC,3,Step Increment,103249.88,CAD,CA,2021-11-06 21:00:00,PAYROLL
EVT00020748,2021-11-13,EMP04123,CC0017,PA,5,Lateral Deployment,,CAD,CA,2021-11-13 06:00:00,PAYROLL
EVT00021467,2021-11-09,EMP04317,CC0081,EC,5,Hire,127020.58,CAD,CA,2021-11-09 21:00:00,PAYROLL
EVT00021247,2021-11-23,EMP00385,CC0095,PA,2,Promotion,68658.07,CAD,CAN,2021-11-23 19:00:00,CORE_HR
EVT00021559,2021-11-21,EMP01981,CC0101,AS,3,Step Increment,74576.84,CAD,CA,2021-11-21 06:00:00,PAYROLL
EVT00020402,2021-11-13,EMP01765,CC0048,CR,2,Promotion,64631.86,CAD,CAN,2021-11-14 00:00:00,CORE_HR
EVT00021406,2021-11-25,EMP04423,CC0081,PA,1,Step Increment,55755.1,CAD,CA,2021-11-26 03:00:00,PAYROLL
EVT00019960,2021-11-10,EMP00288,CC0100,CR,4,Step Increment,66168.46,CAD,CAN,2021-11-10 20:00:00,CORE_HR
EVT00019941,2021-11-20,EMP99999,CC0045,EN,4,Step Increment,111782.9,CAD,CAN,2021-11-20 13:00:00,CORE_HR
EVT00021015,2021-11-24,EMP00498,CC0117,IT,1,Lateral Deployment,,CAD,CAN,2021-11-25 01:00:00,CORE_HR
EVT00021275,2021-11-04,EMP00319,CC0005,PA,2,Lateral Deployment,,CAD,CA,2021-11-04 21:00:00,PAYROLL
EVT00021670,2021-11-11,EMP04991,CC0074,EC,5,Performance Pay,9765.77,SGD,SGP,2021-11-12 09:00:00,CORE_HR
EVT00021274,2021-11-12,EMP01288,CC0019,EN,2,Departure,,CAD,CAN,2021-11-13 14:00:00,CORE_HR
EVT00020491,2021-11-23,EMP01234,CC0077,CR,5,Leave Return,,CAD,CAN,2021-11-24 12:00:00,CORE_HR
EVT00021665,2021-11-23,EMP02392,CC0021,PA,4,Leave Return,,CAD,CA,2021-11-23 20:00:00,PAYROLL
EVT00019921,2021-11-17,EMP04530,CC0079,IT,4,Promotion,127117.82,CAD,CA,2021-11-17 14:00:00,PAYROLL
EVT00020469,2021-11-14,EMP00363,CC0069,AS,3,Leave Return,,CAD,CA,2021-11-14 21:00:00,PAYROLL
EVT00020613,2021-11-24,EMP00615,CC0051,EX,1,Step Increment,122980.87,CAD,CA,2021-11-24 06:00:00,PAYROLL
EVT00020416,2021-11-15,EMP02485,CC0074,EC,2,Step Increment,9109269.64,JPY,JP,2021-11-16 13:00:00,PAYROLL
EVT00021366,2021-11-12,EMP03203,CC0103,EC,2,Departure,,CAD,CAN,2021-11-13 04:00:00,CORE_HR
EVT00019998,2021-11-24,EMP00827,CC0115,EC,5,Leave Start,,CAD,CAN,2021-11-25 09:00:00,CORE_HR
EVT00021305,2021-11-17,EMP02745,CC0079,AS,2,Step Increment,56127.38,CAD,CAN,2021-11-17 07:00:00,CORE_HR
EVT00020490,2021-11-11,EMP04942,CC0033,FI,4,Lateral Deployment,,CAD,CA,2021-11-11 09:00:00,PAYROLL
EVT00021256,2021-11-25,EMP00909,CC0076,CR,2,Step Increment,61350.96,CAD,CA,2021-11-26 09:00:00,PAYROLL
EVT00020056,2021-11-24,EMP01071,CC0005,IT,2,Leave Start,,CAD,CA,2021-11-24 11:00:00,PAYROLL
EVT00020376,2021-11-17,EMP02118,CC0039,CR,5,Step Increment,73769.29,CAD,CA,2021-11-17 17:00:00,PAYROLL
EVT00021688,2021-11-05,EMP00322,CC0053,FI,3,Leave Start,,CAD,CAN,2021-11-06 04:00:00,CORE_HR
EVT00020583,2021-11-09,EMP00524,CC0057,PA,4,Step Increment,92046.6,CAD,CAN,2021-11-09 07:00:00,CORE_HR
EVT00020445,2021-11-07,EMP01138,CC0104,EC,2,Lateral Deployment,,CAD,CA,2021-11-08 03:00:00,PAYROLL
EVT00020802,2021-11-03,EMP03914,CC0087,CR,1,Leave Return,,CAD,CAN,2021-11-04 13:00:00,CORE_HR
EVT00021753,2021-11-07,EMP04893,CC0014,EX,1,Step Increment,127650.89,CAD,CAN,2021-11-08 06:00:00,CORE_HR
EVT00021478,2021-11-12,EMP01945,CC0083,PA,1,Step Increment,65960.03,CAD,CAN,2021-11-12 13:00:00,CORE_HR
EVT00020986,2021-11-07,EMP00972,CC0044,EN,1,Step Increment,84472.14,CAD,CAN,2021-11-07 23:00:00,CORE_HR
EVT00020663,2021-11-04,EMP00079,CC0043,EC,1,Leave Start,,CAD,CAN,2021-11-05 05:00:00,CORE_HR
EVT00021481,2021-11-24,EMP03811,CC0043,AS,2,Step Increment,62137.3,CAD,CAN,2021-11-24 15:00:00,CORE_HR
EVT00021549,2021-11-26,EMP04629,CC0024,FI,2,Departure,,CAD,CAN,2021-11-27 06:00:00,CORE_HR
EVT00021225,2021-11-15,EMP02162,CC0101,EC,5,Step Increment,115491.08,CAD,CA,2021-11-15 20:00:00,PAYROLL
EVT00021733,2021-11-23,EMP00469,CC0036,PA,2,Step Increment,68870.19,CAD,CAN,2021-11-24 01:00:00,CORE_HR
EVT00021107,2021-11-09,EMP01615,CC0056,FI,2,Step Increment,83509.4,CAD,CAN,2021-11-09 17:00:00,CORE_HR
EVT00021125,2021-11-16,EMP03713,CC0120,PA,5,Lateral Deployment,,CAD,CAN,2021-11-17 09:00:00,CORE_HR
EVT00019879,2021-11-10,EMP00897,CC0045,EN,1,Lateral Deployment,,CAD,CAN,2021-11-10 17:00:00,CORE_HR
EVT00020933,2021-11-26,EMP04278,CC0039,FI,2,Step Increment,73106.26,CAD,CAN,2021-11-27 08:00:00,CORE_HR
EVT00021090,2021-11-08,EMP01488,CC0026,PA,1,Step Increment,54401.38,CAD,CA,2021-11-08 11:00:00,PAYROLL
EVT00020283,2021-11-06,EMP02167,CC0007,PA,1,Hire,54113.98,SGD,SG,2021-11-07 14:00:00,PAYROLL
EVT00020510,2021-11-08,EMP04356,CC0039,IT,3,Step Increment,101289.59,CAD,CAN,2021-11-08 16:00:00,CORE_HR
EVT00021542,2021-11-17,EMP00751,CC0117,IT,5,Leave Return,,CAD,CAN,2021-11-18 07:00:00,CORE_HR
EVT00020167,2021-11-09,EMP03855,CC0008,EN,1,Performance Pay,4282.89,CAD,CA,2021-11-09 07:00:00,PAYROLL
EVT00020719,2021-11-03,EMP02081,CC0009,EC,3,Step Increment,44470.66,GBP,GBR,2021-11-03 13:00:00,CORE_HR
EVT00020372,2021-11-01,EMP00433,CC0007,FI,1,Step Increment,237511.07,AED,ARE,2021-11-02 10:00:00,CORE_HR
EVT00021588,2021-11-18,EMP03588,CC0085,IT,2,Lateral Deployment,,CAD,CA,2021-11-19 10:00:00,PAYROLL
EVT00020717,2021-11-10,EMP04196,CC0065,EC,2,Step Increment,6235771.38,INR,IN,2021-11-10 06:00:00,PAYROLL
EVT00021731,2021-11-16,EMP00010,CC0027,EC,2,Step Increment,79637.68,CAD,CA,2021-11-17 03:00:00,PAYROLL
EVT00021572,2021-11-17,EMP04756,CC0076,AS,5,Departure,,CAD,CAN,2021-11-17 10:00:00,CORE_HR
EVT00020004,2021-11-07,EMP03423,CC0065,AS,3,Performance Pay,4983.17,GBP,GBR,2021-11-07 19:00:00,CORE_HR
EVT00020689,2021-11-03,EMP00389,CC0113,EC,2,Step Increment,80210.32,CAD,CA,2021-11-03 14:00:00,PAYROLL
EVT00021533,2021-11-17,EMP04507,CC0051,EN,1,Lateral Deployment,,CAD,CA,2021-11-17 20:00:00,PAYROLL
EVT00020784,2021-11-14,EMP01168,CC0043,FI,2,Leave Start,,CAD,CA,2021-11-15 05:00:00,PAYROLL
EVT00020890,2021-11-19,EMP04579,CC0052,PA,3,Step Increment,76130.28,CAD,CAN,2021-11-19 21:00:00,CORE_HR
EVT00020972,2021-11-21,EMP01789,CC0107,EN,2,Leave Return,,CAD,CA,2021-11-21 17:00:00,PAYROLL
EVT00020666,2021-11-12,EMP03846,CC0031,AS,1,Performance Pay,313297.76,KES,KE,2021-11-12 13:00:00,PAYROLL
EVT00021031,2021-11-25,EMP00367,CC0097,FI,4,Step Increment,108579.71,CAD,CAN,2021-11-26 15:00:00,CORE_HR
EVT00021123,2021-11-25,EMP01750,CC0115,EX,1,Step Increment,135144.79,CAD,CA,2021-11-25 06:00:00,PAYROLL
EVT00021401,2021-11-27,EMP04645,CC0085,FI,1,Leave Return,,CAD,CA,2021-11-28 15:00:00,PAYROLL
EVT00020761,2021-11-17,EMP04216,CC0007,PA,5,Step Increment,80189.35,SGD,SG,2021-11-17 22:00:00,PAYROLL
EVT00021028,2021-11-04,EMP04683,CC0077,PA,1,Lateral Deployment,,CAD,CA,2021-11-05 06:00:00,PAYROLL
EVT00021288,2021-11-20,EMP03127,CC0001,AS,3,Promotion,73667.51,CAD,CAN,2021-11-22 07:00:00,CORE_HR
EVT00020072,2021-11-08,EMP00515,CC0098,PA,5,Step Increment,87132.08,CAD,CAN,2021-11-09 06:00:00,CORE_HR
EVT00019922,2021-11-23,EMP01304,CC0074,FI,2,Step Increment,937967.33,MXN,MX,2021-11-24 01:00:00,PAYROLL
EVT00020453,2021-11-25,EMP01644,CC0086,EC,1,Performance Pay,6098.85,EUR,FRA,2021-11-25 15:00:00,CORE_HR
EVT00020903,2021-11-03,EMP03100,CC0087,EC,2,Leave Return,,CAD,CA,2021-11-03 13:00:00,PAYROLL
EVT00019987,2021-11-18,EMP02748,CC0034,EC,2,Lateral Deployment,,CAD,CA,2021-11-19 01:00:00,PAYROLL
EVT00021869,2021-11-15,EMP03793,CC0049,IT,5,Step Increment,374562.9,AED,ARE,2021-11-17 11:00:00,CORE_HR
EVT00020539,2021-11-27,EMP02917,CC0013,FI,2,Step Increment,85310.57,CAD,CA,2021-11-27 14:00:00,PAYROLL
EVT00020580,2021-11-13,EMP00716,CC0054,IT,1,Leave Return,,EUR,FRA,2021-11-13 22:00:00,CORE_HR
EVT00020932,2021-11-08,EMP04886,CC0015,FI,2,Leave Start,,CAD,CAN,2021-11-09 05:00:00,CORE_HR
EVT00020015,2021-11-19,EMP00822,CC0035,IT,3,Departure,,CAD,CA,2021-11-19 14:00:00,PAYROLL
EVT00021662,2021-11-26,EMP04619,CC0113,PA,1,Promotion,61053.34,CAD,CAN,2021-11-26 10:00:00,CORE_HR
EVT00021432,2021-11-13,EMP04109,CC0034,PA,1,Departure,,CAD,CA,2021-11-14 06:00:00,PAYROLL
EVT00019988,2021-11-10,EMP00260,CC0048,CR,5,Lateral Deployment,,CAD,CAN,2021-11-11 05:00:00,CORE_HR
EVT00019924,2021-11-05,EMP03423,CC0065,AS,3,Leave Start,,BRL,BRA,2021-11-05 17:00:00,CORE_HR
EVT00020213,2021-11-15,EMP00549,CC0093,IT,3,Step Increment,95846.02,CAD,CAN,2021-11-17 15:00:00,CORE_HR
EVT00020527,2021-11-24,EMP04119,CC0068,PA,4,Leave Start,,CAD,CAN,2021-11-25 11:00:00,CORE_HR
EVT00020405,2021-11-04,EMP00266,CC0115,EN,1,Step Increment,78755.29,CAD,CAN,2021-11-04 22:00:00,CORE_HR
EVT00021792,2021-11-01,EMP00396,CC0071,PA,4,Departure,,CAD,CA,2021-11-02 02:00:00,PAYROLL
EVT00021813,2021-11-02,EMP02585,CC0103,PA,4,Departure,,CAD,CA,2021-11-03 10:00:00,PAYROLL
EVT00020028,2021-11-04,EMP00115,CC0073,CR,1,Performance Pay,2562.82,CAD,CA,2021-11-04 12:00:00,PAYROLL
EVT00021683,2021-11-11,EMP04499,CC0103,AS,1,Step Increment,49989.16,CAD,CAN,2021-11-11 22:00:00,CORE_HR
EVT00020236,2021-11-11,EMP03596,CC0073,EC,1,Step Increment,65531.88,CAD,CAN,2021-11-11 06:00:00,CORE_HR
EVT00020740,2021-11-11,EMP03016,CC0051,PA,2,Leave Return,,CAD,CAN,2021-11-12 13:00:00,CORE_HR
EVT00021315,2021-11-14,EMP00009,CC0118,IT,1,Step Increment,77751.47,CAD,CAN,2021-11-14 16:00:00,CORE_HR
EVT00020175,2021-11-22,EMP00015,CC0068,IT,4,Promotion,107548.55,CAD,CA,2021-11-23 02:00:00,PAYROLL
EVT00020355,2021-11-01,EMP03370,CC0015,PA,1,Step Increment,60909.4,CAD,CA,2021-11-02 08:00:00,PAYROLL
EVT00020334,2021-11-09,EMP04106,CC0120,PA,3,Leave Return,,CAD,CA,2021-11-10 10:00:00,PAYROLL
EVT00021528,2021-11-26,EMP03898,CC0064,IT,4,Lateral Deployment,,CAD,CAN,2021-11-27 15:00:00,CORE_HR
EVT00019885,2021-11-21,EMP04440,CC0028,IT,2,Leave Start,,CAD,CAN,2021-11-22 09:00:00,CORE_HR
EVT00021117,2021-11-18,EMP03027,CC0029,PA,1,Leave Start,,KES,KE,2021-11-19 02:00:00,PAYROLL
EVT00021761,2021-11-07,EMP00494,CC0113,EN,4,Performance Pay,8987.27,CAD,CA,2021-11-10 12:00:00,PAYROLL
EVT00020153,2021-11-22,EMP00308,CC0119,AS,2,Leave Start,,CAD,CAN,2021-11-23 05:00:00,CORE_HR
EVT00021526,2021-11-20,EMP02483,CC0111,EX,2,Leave Start,,AED,ARE,2021-11-20 07:00:00,CORE_HR
EVT00021452,2021-11-09,EMP04404,CC0109,EC,4,Performance Pay,14679.72,CAD,CA,2021-11-10 15:00:00,PAYROLL
EVT00020237,2021-11-22,EMP04020,CC0120,AS,1,Step Increment,50657.34,CAD,CAN,2021-11-23 10:00:00,CORE_HR
EVT00019946,2021-11-23,EMP01148,CC0103,EX,2,Step Increment,163119.06,CAD,CAN,2021-11-24 00:00:00,CORE_HR
EVT00021822,2021-11-08,EMP03750,CC0089,PA,4,Performance Pay,8938.5,CAD,CAN,2021-11-09 13:00:00,CORE_HR
EVT00020254,2021-11-24,EMP03691,CC0064,PA,2,Performance Pay,3351.84,CAD,CAN,2021-11-24 20:00:00,CORE_HR
EVT00021847,2021-11-03,EMP03459,CC0079,FI,3,Leave Start,,CAD,CAN,2021-11-03 15:00:00,CORE_HR
EVT00019999,2021-11-06,EMP02271,CC0030,PA,2,Lateral Deployment,,GBP,GB,2021-11-06 08:00:00,PAYROLL
EVT00021680,2021-11-13,EMP02104,CC0084,EX,1,Performance Pay,16217.94,CAD,CAN,2021-11-13 10:00:00,CORE_HR
EVT00021581,2021-11-03,EMP04601,CC0030,CR,4,Hire,55013.74,SGD,SG,2021-11-04 05:00:00,PAYROLL
EVT00020561,2021-11-22,EMP00801,CC0023,FI,1,Lateral Deployment,,CAD,CAN,2021-11-23 01:00:00,CORE_HR
EVT00020995,2021-11-02,EMP03288,CC0037,IT,1,Step Increment,73846.64,CAD,CA,2021-11-02 20:00:00,PAYROLL
EVT00020071,2021-11-23,EMP01454,CC0041,AS,2,Leave Return,,CAD,CA,2021-11-23 08:00:00,PAYROLL
EVT00021690,2021-11-22,EMP02454,CC0062,EN,1,Promotion,72939.83,CAD,CA,2021-11-23 13:00:00,PAYROLL
EVT00020384,2021-11-06,EMP01038,CC0035,EX,1,Step Increment,125164.49,CAD,CAN,2021-11-06 12:00:00,CORE_HR
EVT00020112,2021-11-22,EMP03026,CC0059,PA,3,Step Increment,82640.98,CAD,CAN,2021-11-22 07:00:00,CORE_HR
EVT00021103,2021-11-18,EMP01120,CC0026,EC,4,Leave Return,,CAD,CAN,2021-11-19 01:00:00,CORE_HR
EVT00020341,2021-11-01,EMP02844,CC0004,EC,4,Leave Return,,CAD,CA,2021-11-01 13:00:00,PAYROLL
EVT00021440,2021-11-22,EMP03283,CC0025,AS,4,Hire,70565.51,CAD,CA,2021-11-23 04:00:00,PAYROLL
EVT00020299,2021-11-18,EMP01789,CC0107,EN,2,Step Increment,98216.06,CAD,CAN,2021-11-18 12:00:00,CORE_HR
EVT00021509,2021-11-24,EMP04788,CC0086,AS,4,Departure,,MXN,MEX,2021-11-25 09:00:00,CORE_HR
EVT00021404,2021-11-16,EMP04770,CC0038,EC,2,Leave Start,,CAD,CAN,2021-11-16 10:00:00,CORE_HR
EVT00021429,2021-11-02,EMP02794,CC0035,EC,2,Step Increment,86061.34,CAD,CA,2021-11-03 00:00:00,PAYROLL
EVT00021625,2021-11-17,EMP04606,CC0107,EX,1,Leave Start,,CAD,CAN,2021-11-18 02:00:00,CORE_HR
EVT00020183,2021-11-21,EMP02004,CC0062,EC,5,Step Increment,128637.24,CAD,CAN,2021-11-22 10:00:00,CORE_HR
EVT00020687,2021-11-26,EMP04135,CC0029,EC,3,Leave Start,,GBP,GBR,2021-11-27 13:00:00,CORE_HR
EVT00021544,2021-11-22,EMP01811,CC0089,IT,2,Lateral Deployment,,CAD,CAN,2021-11-23 00:00:00,CORE_HR
EVT00021411,2021-11-17,EMP03387,CC0117,EC,2,Leave Start,,CAD,CA,2021-11-17 17:00:00,PAYROLL
EVT00020187,2021-11-23,EMP02850,CC0058,EX,3,Hire,171299.59,CAD,CAN,2021-11-23 14:00:00,CORE_HR
EVT00020104,2021-11-06,EMP04988,CC0068,EC,4,Hire,97618.7,CAD,CA,2021-11-06 22:00:00,PAYROLL
EVT00021122,2021-11-03,EMP00996,CC0074,EC,3,Step Increment,369809.56,BRL,BRA,2021-11-03 17:00:00,CORE_HR
EVT00021224,2021-11-05,EMP04840,CC0055,AS,1,Step Increment,55580.99,CAD,CAN,2021-11-06 04:00:00,CORE_HR
EVT00020817,2021-11-25,EMP02751,CC0068,FI,3,Step Increment,91950.16,CAD,CAN,2021-11-26 09:00:00,CORE_HR
EVT00020698,2021-11-16,EMP03837,CC0103,IT,5,Performance Pay,6505.64,CAD,CA,2021-11-17 01:00:00,PAYROLL
EVT00020494,2021-11-05,EMP00570,CC0104,FI,2,Leave Return,,CAD,CA,2021-11-05 15:00:00,PAYROLL
EVT00019853,2021-11-06,EMP02315,CC0060,EN,1,Step Increment,77382.34,CAD,CAN,2021-11-07 10:00:00,CORE_HR
EVT00020026,2021-11-11,EMP00255,CC0036,AS,5,Performance Pay,10085.13,CAD,CAN,2021-11-12 08:00:00,CORE_HR
EVT00021024,2021-11-27,EMP00349,CC0112,EC,3,Leave Return,,CAD,CAN,2021-11-27 18:00:00,CORE_HR
EVT00021714,2021-11-18,EMP00322,CC0053,FI,3,Step Increment,94577.92,CAD,CAN,2021-11-18 21:00:00,CORE_HR
EVT00020826,2021-11-12,EMP00010,CC0027,EC,2,Step Increment,75764.48,CAD,CAN,2021-11-12 16:00:00,CORE_HR
EVT00020046,2021-11-17,EMP01264,CC0010,IT,2,Departure,,CAD,CA,2021-11-17 10:00:00,PAYROLL
EVT00019876,2021-11-06,EMP02989,CC0070,AS,5,Departure,,CAD,CAN,2021-11-07 02:00:00,CORE_HR
EVT00020560,2021-11-09,EMP04654,CC0034,AS,1,Step Increment,55016.96,CAD,CA,2021-11-10 15:00:00,PAYROLL
EVT00020223,2021-11-12,EMP01119,CC0114,FI,2,Performance Pay,5052.19,CAD,CAN,2021-11-13 15:00:00,CORE_HR
EVT00021316,2021-11-22,EMP04226,CC0115,PA,1,Step Increment,54060.98,CAD,CA,2021-11-22 18:00:00,PAYROLL
EVT00021840,2021-11-22,EMP03041,CC0109,PA,1,Leave Start,,CAD,CA,2021-11-22 06:00:00,PAYROLL
EVT00021419,2021-11-19,EMP04459,CC0108,EX,1,Performance Pay,1352218.11,KES,KEN,2021-11-19 11:00:00,CORE_HR
EVT00021679,2021-11-21,EMP03480,CC0065,FI,2,Step Increment,9404255.85,JPY,JP,2021-11-21 07:00:00,PAYROLL
EVT00020034,2021-11-25,EMP04273,CC0099,EN,1,Step Increment,85632.14,CAD,CAN,2021-11-26 05:00:00,CORE_HR
EVT00021782,2021-11-11,EMP00769,CC0118,EN,1,Performance Pay,4455.01,CAD,CA,2021-11-12 08:00:00,PAYROLL
EVT00021221,2021-11-15,EMP01554,CC0047,CR,5,Promotion,70600.38,CAD,CA,2021-11-15 10:00:00,PAYROLL
EVT00021755,2021-11-26,EMP00900,CC0105,EX,2,Step Increment,104676.21,EUR,DEU,2021-11-27 12:00:00,CORE_HR
EVT00021382,2021-11-07,EMP01719,CC0017,PA,5,Performance Pay,13392.26,CAD,CA,2021-11-07 11:00:00,PAYROLL
EVT00021230,2021-11-15,EMP01783,CC0083,PA,2,Lateral Deployment,,CAD,CA,2021-11-16 01:00:00,PAYROLL
EVT00020709,2021-11-25,EMP00778,CC0057,PA,1,Lateral Deployment,,CAD,CA,2021-11-26 11:00:00,PAYROLL
EVT00021648,2021-11-17,EMP04486,CC0118,EN,4,Promotion,117518.01,CAD,CAN,2021-11-18 14:00:00,CORE_HR
EVT00020420,2021-11-14,EMP02396,CC0057,CR,2,Step Increment,-58816.57,CAD,CAN,2021-11-14 06:00:00,CORE_HR
EVT00020711,2021-11-22,EMP01108,CC0091,PA,3,Leave Start,,CAD,CAN,2021-11-23 12:00:00,CORE_HR
EVT00020506,2021-11-07,EMP00990,CC0068,IT,1,Lateral Deployment,,CAD,CAN,2021-11-07 14:00:00,CORE_HR
EVT00020735,2021-11-17,EMP04599,CC0113,CR,4,Performance Pay,-6702.27,CAD,CA,2021-11-17 15:00:00,PAYROLL
EVT00020980,2021-11-16,EMP03830,CC0009,PA,3,Lateral Deployment,,EUR,DEU,2021-11-16 09:00:00,CORE_HR
EVT00020050,2021-11-19,EMP01342,CC0083,IT,1,Leave Return,,CAD,CA,2021-11-19 15:00:00,PAYROLL
EVT00020244,2021-11-20,EMP01601,CC0015,PA,2,Lateral Deployment,,CAD,CAN,2021-11-20 06:00:00,CORE_HR
EVT00021594,2021-11-05,EMP01678,CC0065,EC,3,Departure,,AED,ARE,2021-11-05 12:00:00,CORE_HR
EVT00020766,2021-11-06,EMP04733,CC0098,PA,1,Leave Start,,CAD,CAN,2021-11-06 15:00:00,CORE_HR
EVT00020958,2021-11-13,EMP04877,CC0102,PA,2,Leave Start,,CAD,CA,2021-11-14 01:00:00,PAYROLL
EVT00021616,2021-11-15,EMP00218,CC0060,CR,1,Leave Start,,CAD,CA,2021-11-16 10:00:00,PAYROLL
EVT00021051,2021-11-21,EMP01593,CC0089,IT,4,Leave Start,,CAD,CA,2021-11-21 08:00:00,PAYROLL
EVT00021483,2021-11-22,EMP01471,CC0079,AS,1,Lateral Deployment,,CAD,CA,2021-11-22 20:00:00,PAYROLL
EVT00021096,2021-11-13,EMP02562,CC0097,IT,3,Leave Return,,CAD,CAN,2021-11-14 04:00:00,CORE_HR
EVT00020574,2021-11-13,EMP02001,CC0006,CR,1,Departure,,CAD,CAN,2021-11-14 01:00:00,CORE_HR
EVT00020695,2021-11-23,EMP00999,CC0086,EC,3,Step Increment,876865.96,MXN,MEX,2021-11-24 02:00:00,CORE_HR
EVT00021049,2021-11-26,EMP01004,CC0016,CR,2,Leave Start,,CAD,CA,2021-11-27 09:00:00,PAYROLL
EVT00020375,2021-11-08,EMP02642,CC0028,FI,1,Leave Return,,CAD,CA,2021-11-08 09:00:00,PAYROLL
EVT00020760,2021-11-05,EMP01346,CC0093,IT,5,Departure,,CAD,CAN,2021-11-05 18:00:00,CORE_HR
EVT00019891,2021-11-25,EMP02646,CC0055,CR,1,Hire,50347.08,CAD,CAN,2021-11-26 15:00:00,CORE_HR
EVT00021145,2021-11-27,EMP04907,CC0023,EX,1,Leave Return,,CAD,CAN,2021-11-28 04:00:00,CORE_HR
EVT00021063,2021-11-21,EMP00035,CC0068,PA,4,Step Increment,94489.51,CAD,CAN,2021-11-21 22:00:00,CORE_HR
EVT00020144,2021-11-10,EMP00213,CC0087,PA,2,Step Increment,72676.87,CAD,CA,2021-11-11 10:00:00,PAYROLL
EVT00020516,2021-11-11,EMP01551,CC0025,CR,1,Hire,46479.59,CAD,CAN,2021-11-11 22:00:00,CORE_HR
EVT00020017,2021-11-08,EMP01159,CC0114,FI,4,Leave Return,,CAD,CAN,2021-11-08 13:00:00,CORE_HR
EVT00020312,2021-11-05,EMP03543,CC0010,FI,2,Leave Return,,CAD,CA,2021-11-06 08:00:00,PAYROLL
EVT00021852,2021-11-20,EMP04432,CC0104,FI,2,Departure,,CAD,CAN,2021-11-20 08:00:00,CORE_HR
EVT00020358,2021-11-19,EMP03108,CC0019,EN,1,Leave Return,,CAD,CA,2021-11-20 06:00:00,PAYROLL
EVT00021034,2021-11-27,EMP01687,CC0012,EX,1,Leave Start,,CAD,CAN,2021-11-28 03:00:00,CORE_HR
EVT00020043,2021-11-23,EMP03153,CC0106,EN,2,Step Increment,101788.08,CAD,CA,2021-11-24 12:00:00,PAYROLL
EVT00021189,2021-11-17,EMP01172,CC0083,EN,1,Leave Return,,CAD,CA,2021-11-18 14:00:00,PAYROLL
EVT00021074,2021-11-08,EMP03818,CC0076,IT,1,Leave Start,,CAD,CA,2021-11-08 10:00:00,PAYROLL
EVT00021802,2021-11-25,EMP03686,CC0098,IT,3,Step Increment,107081.63,CAD,CAN,2021-11-26 03:00:00,CORE_HR
EVT00020739,2021-11-08,EMP04011,CC0119,CR,4,Performance Pay,5954.88,CAD,CAN,2021-11-08 06:00:00,CORE_HR
EVT00021386,2021-11-21,EMP03484,CC0094,AS,4,Leave Return,,CAD,CA,2021-11-21 08:00:00,PAYROLL
EVT00020547,2021-11-06,EMP03079,CC0099,FI,4,Lateral Deployment,,CAD,CA,2021-11-06 09:00:00,PAYROLL
EVT00021705,2021-11-10,EMP01415,CC0035,EX,2,Performance Pay,11383.27,CAD,CA,2021-11-11 11:00:00,PAYROLL
EVT00020401,2021-11-20,EMP00612,CC0023,FI,1,Performance Pay,7090.1,CAD,CAN,2021-11-21 00:00:00,CORE_HR
EVT00021614,2021-11-17,EMP01868,CC0093,CR,1,Step Increment,54676.57,CAD,CA,2021-11-18 18:00:00,PAYROLL
EVT00021168,2021-11-12,EMP04665,CC0023,PA,2,Leave Return,,CAD,CAN,2021-11-12 11:00:00,CORE_HR
EVT00020839,2021-11-23,EMP00146,CC0004,CR,5,Performance Pay,4971.7,CAD,CA,2021-11-24 07:00:00,PAYROLL
EVT00021134,2021-11-04,EMP03912,CC0092,EN,3,Step Increment,113598.27,CAD,CAN,2021-11-04 09:00:00,CORE_HR
EVT00021321,2021-11-04,EMP04337,CC0004,EC,3,Leave Start,,CAD,CAN,2021-11-05 03:00:00,CORE_HR
EVT00021555,2021-11-13,EMP03992,CC0011,CR,1,Leave Start,,CAD,CAN,2021-11-13 20:00:00,CORE_HR
EVT00021376,2021-11-12,EMP04872,CC0070,EC,3,Performance Pay,5843.03,CAD,CA,2021-11-12 14:00:00,PAYROLL
EVT00020548,2021-11-08,EMP02566,CC0077,PA,4,Leave Return,,CAD,CAN,2021-11-09 03:00:00,CORE_HR
EVT00020435,2021-11-23,EMP03577,CC0083,EN,1,Leave Return,,CAD,CAN,2021-11-23 09:00:00,CORE_HR
EVT00021659,2021-11-12,EMP04868,CC0052,IT,4,Lateral Deployment,,CAD,CA,2021-11-13 13:00:00,PAYROLL
EVT00021740,2021-11-19,EMP04384,CC0120,PA,1,Promotion,57585.01,CAD,CAN,2021-11-19 10:00:00,CORE_HR
EVT00020287,2021-11-21,EMP04490,CC0057,IT,3,Leave Start,,CAD,CAN,2021-11-22 00:00:00,CORE_HR
EVT00020408,2021-11-17,EMP01638,CC0091,EX,1,Step Increment,138720.41,CAD,CAN,2021-11-17 12:00:00,CORE_HR
EVT00019919,2021-11-07,EMP00559,CC0034,FI,4,Step Increment,75587.61,CAD,CAN,2021-11-07 10:00:00,CORE_HR
EVT00020888,2021-11-25,EMP01828,CC0026,PA,4,Leave Return,,CAD,CA,2021-11-25 10:00:00,PAYROLL
EVT00020037,2021-11-03,EMP02098,CC0114,EC,3,Performance Pay,13033.53,CAD,CAN,2021-11-04 06:00:00,CORE_HR
EVT00021361,2021-11-22,EMP03151,CC0076,EC,2,Step Increment,77111.04,CAD,CAN,2021-11-22 08:00:00,CORE_HR
EVT00020396,2021-11-20,EMP03446,CC0052,AS,4,Performance Pay,7399.98,CAD,CAN,2021-11-20 18:00:00,CORE_HR
EVT00020768,2021-11-05,EMP01995,CC0117,FI,1,Lateral Deployment,,CAD,CA,2021-11-06 05:00:00,PAYROLL
EVT00020008,2021-11-05,EMP04583,CC0074,FI,1,Step Increment,42902.04,GBP,GB,2021-11-06 05:00:00,PAYROLL
EVT00020968,2021-11-27,EMP01732,CC0072,EC,3,Leave Start,,CAD,CAN,2021-11-28 15:00:00,CORE_HR
EVT00020111,2021-11-14,EMP02480,CC0038,FI,2,Step Increment,88784.52,CAD,CA,2021-11-15 14:00:00,PAYROLL
EVT00021080,2021-11-10,EMP04254,CC0099,PA,2,Lateral Deployment,,CAD,CA,2021-11-10 06:00:00,PAYROLL
EVT00021086,2021-11-02,EMP02627,CC0043,PA,1,Promotion,54963.82,CAD,CA,2021-11-02 21:00:00,PAYROLL
EVT00021402,2021-11-02,EMP02738,CC0033,PA,4,Leave Start,,CAD,CAN,2021-11-03 08:00:00,CORE_HR
EVT00020694,2021-11-22,EMP01331,CC0010,AS,4,Performance Pay,5270.5,CAD,CA,2021-11-23 05:00:00,PAYROLL
EVT00020192,2021-11-20,EMP03057,CC0117,IT,1,Step Increment,72579.91,CAD,CA,2021-11-21 00:00:00,PAYROLL
EVT00021069,2021-11-16,EMP04660,CC0011,CR,3,Hire,68173.24,CAD,CAN,2021-11-17 01:00:00,CORE_HR
EVT00021857,2021-11-05,EMP01664,CC0087,FI,3,Step Increment,96261.0,CAD,CAN,2021-11-06 08:00:00,CORE_HR
EVT00020682,2021-11-14,EMP04768,CC0063,FI,1,Performance Pay,9046.6,CAD,CA,2021-11-15 06:00:00,PAYROLL
EVT00021678,2021-11-19,EMP04176,CC0001,IT,2,Promotion,84993.11,CAD,CA,2021-11-19 21:00:00,PAYROLL
EVT00021854,2021-11-10,EMP01344,CC0040,AS,3,Performance Pay,3575.91,CAD,CAN,2021-11-10 13:00:00,CORE_HR
EVT00021711,2021-11-22,EMP00417,CC0078,EX,1,Step Increment,119883.13,CAD,CA,2021-11-23 12:00:00,PAYROLL
EVT00020828,2021-11-11,EMP03047,CC0036,EC,2,Step Increment,80645.43,CAD,CA,2021-11-11 21:00:00,PAYROLL
EVT00020712,2021-11-23,EMP00842,CC0023,EN,3,Leave Return,,CAD,CAN,2021-11-25 01:00:00,CORE_HR
EVT00021325,2021-11-11,EMP00616,CC0016,EC,5,Step Increment,123712.12,CAD,CAN,2021-11-11 18:00:00,CORE_HR
EVT00020273,2021-11-14,EMP04807,CC0005,EC,3,Leave Return,,CAD,CAN,2021-11-14 07:00:00,CORE_HR
EVT00020252,2021-11-21,EMP02550,CC0088,EN,4,Leave Start,,AUD,AUS,2021-11-21 11:00:00,CORE_HR
EVT00021864,2021-11-14,EMP00374,CC0031,IT,1,Performance Pay,875394.32,JPY,JP,2021-11-14 08:00:00,PAYROLL
EVT00021151,2021-11-13,EMP01272,CC0077,FI,2,Lateral Deployment,,CAD,CA,2021-11-14 06:00:00,PAYROLL
EVT00020473,2021-11-05,EMP01026,CC0072,FI,1,Performance Pay,5243.12,CAD,CAN,2021-11-05 07:00:00,CORE_HR
EVT00021324,2021-11-23,EMP01431,CC0103,AS,2,Step Increment,66884.67,CAD,CA,2021-11-24 05:00:00,PAYROLL
EVT00021497,2021-11-25,EMP01158,CC0021,EX,1,Performance Pay,15339.4,CAD,CA,2021-11-26 13:00:00,PAYROLL
EVT00021663,2021-11-06,EMP01474,CC0066,PA,3,Leave Start,,CAD,CAN,2021-11-06 07:00:00,CORE_HR
EVT00020824,2021-11-03,EMP04636,CC0046,CR,2,Leave Start,,AED,ARE,2021-11-04 14:00:00,CORE_HR
EVT00021535,2021-11-20,EMP03146,CC0008,IT,1,Promotion,70727.73,CAD,CA,2021-11-20 19:00:00,PAYROLL
EVT00021332,2021-11-10,EMP00243,CC0069,FI,3,Leave Start,,CAD,CA,2021-11-10 22:00:00,PAYROLL
EVT00021772,2021-11-14,EMP03398,CC0114,AS,4,Leave Start,,CAD,CA,2021-11-14 18:00:00,PAYROLL
EVT00021600,2021-11-16,EMP00868,CC0067,CR,3,Step Increment,61285.02,CAD,CAN,2021-11-16 12:00:00,CORE_HR
EVT00021828,2021-11-02,EMP03593,CC0050,EX,1,Hire,136296.14,CAD,CAN,2021-11-02 14:00:00,CORE_HR
EVT00021233,2021-11-26,EMP01141,CC0055,EN,4,Step Increment,122177.18,CAD,CA,2021-11-27 08:00:00,PAYROLL
EVT00021176,2021-11-25,EMP04323,CC0091,EN,5,Step Increment,119808.81,CAD,CAN,2021-11-25 11:00:00,CORE_HR
EVT00021829,2021-11-06,EMP03396,CC0030,FI,4,Step Increment,1304043.2,MXN,MEX,2021-11-07 15:00:00,CORE_HR
EVT00020456,2021-11-08,EMP01122,CC0080,PA,4,Leave Start,,USD,USA,2021-11-08 19:00:00,CORE_HR
EVT00020910,2021-11-20,EMP03991,CC0035,PA,1,Leave Start,,CAD,CAN,2021-11-21 00:00:00,CORE_HR
EVT00020073,2021-11-19,EMP00424,CC0120,EX,1,Step Increment,100808.63,CAD,CAN,2021-11-19 12:00:00,CORE_HR
EVT00020138,2021-11-07,EMP04257,CC0053,AS,1,Performance Pay,3474.65,CAD,CAN,2021-11-08 08:00:00,CORE_HR
EVT00020960,2021-11-01,EMP01078,CC0022,FI,4,Step Increment,99020.16,CAD,CAN,2021-11-01 13:00:00,CORE_HR
EVT00019902,2021-11-04,EMP02310,CC0008,FI,2,Leave Return,,CAD,CA,2021-11-04 20:00:00,PAYROLL
EVT00021613,2021-11-10,EMP03018,CC0043,IT,1,Lateral Deployment,,CAD,CAN,2021-11-10 13:00:00,CORE_HR
EVT00020477,2021-11-25,EMP03600,CC0049,AS,2,Leave Start,,GBP,GBR,2021-11-26 08:00:00,CORE_HR
EVT00020243,2021-11-16,EMP00711,CC0070,PA,4,Leave Return,,CAD,CA,2021-11-16 09:00:00,PAYROLL
EVT00020238,2021-11-19,EMP00232,CC0074,PA,4,Performance Pay,782831.33,KES,KE,2021-11-19 18:00:00,PAYROLL
EVT00020802,2021-11-03,EMP03914,CC0087,CR,1,Leave Return,,CAD,CAN,2021-11-06 15:00:00,CORE_HR
EVT00020186,2021-11-21,EMP02019,CC0078,CR,1,Step Increment,48486.19,CAD,CAN,2021-11-22 04:00:00,CORE_HR
EVT00021445,2021-11-14,EMP02302,CC0066,PA,2,Departure,,CAD,CAN,2021-11-14 13:00:00,CORE_HR
EVT00021446,2021-11-13,EMP01627,CC0064,EC,2,Step Increment,81759.58,CAD,CAN,2021-11-14 04:00:00,CORE_HR
EVT00020531,2021-11-24,EMP03783,CC0057,PA,2,Leave Start,,CAD,CAN,2021-11-25 05:00:00,CORE_HR
EVT00021825,2021-11-18,EMP00935,CC0109,PA,1,Step Increment,59234.29,CAD,CAN,2021-11-19 13:00:00,CORE_HR
EVT00019847,2021-11-24,EMP03835,CC0063,CR,5,Departure,,CAD,CAN,2021-11-24 19:00:00,CORE_HR
EVT00021633,2021-11-03,EMP02597,CC0058,FI,2,Step Increment,73310.47,CAD,CAN,2021-11-04 14:00:00,CORE_HR
EVT00019954,2021-11-11,EMP02208,CC0090,IT,4,Lateral Deployment,,CAD,CAN,2021-11-12 00:00:00,CORE_HR
EVT00021809,2021-11-01,EMP03537,CC0075,PA,3,Departure,,CAD,CAN,2021-11-01 20:00:00,CORE_HR
EVT00020475,2021-11-15,EMP03749,CC0096,EN,1,Leave Start,,CAD,CAN,2021-11-15 23:00:00,CORE_HR
EVT00020472,2021-11-24,EMP00137,CC0002,EX,2,Departure,,CAD,CA,2021-11-24 21:00:00,PAYROLL
EVT00020792,2021-11-16,EMP04733,CC0098,PA,1,Step Increment,70661.84,CAD,CAN,2021-11-16 11:00:00,CORE_HR
EVT00020373,2021-11-15,EMP01836,CC0011,EC,2,Step Increment,88911.57,CAD,CAN,2021-11-15 21:00:00,CORE_HR
EVT00021656,2021-11-24,EMP04407,CC0029,PA,2,Lateral Deployment,,KES,KE,2021-11-25 15:00:00,PAYROLL
EVT00021507,2021-11-11,EMP99999,CC0081,CR,3,Leave Start,,CAD,CA,2021-11-11 18:00:00,PAYROLL
EVT00021400,2021-11-15,EMP01844,CC0057,AS,2,Step Increment,61719.07,CAD,CA,2021-11-15 13:00:00,PAYROLL
EVT00020827,2021-11-07,EMP04264,CC0106,EC,1,Step Increment,66661.05,CAD,CAN,2021-11-07 12:00:00,CORE_HR
EVT00020934,2021-11-10,EMP01593,CC0089,IT,4,Performance Pay,8163.06,CAD,CA,2021-11-11 04:00:00,PAYROLL
EVT00020655,2021-11-20,EMP03787,CC0010,AS,1,Leave Return,,CAD,CAN,2021-11-21 00:00:00,CORE_HR
EVT00019953,2021-11-25,EMP00028,CC0067,EC,1,Step Increment,53200.9,CAD,CA,2021-11-26 05:00:00,PAYROLL
EVT00020511,2021-11-26,EMP00012,CC0060,FI,3,Departure,,CAD,CA,2021-11-26 18:00:00,PAYROLL
EVT00020338,2021-11-25,EMP00118,CC0030,AS,2,Step Increment,71801.68,AUD,AUS,2021-11-26 08:00:00,CORE_HR
EVT00019905,2021-11-10,EMP04426,CC0072,FI,3,Step Increment,99584.64,CAD,CA,2021-11-11 08:00:00,PAYROLL
EVT00021035,2021-11-16,EMP04970,CC0008,CR,1,Lateral Deployment,,CAD,CAN,2021-11-17 10:00:00,CORE_HR
EVT00021128,2021-11-20,EMP00089,CC0014,EX,1,Step Increment,123474.97,CAD,CA,2021-11-20 16:00:00,PAYROLL
EVT00020771,2021-11-11,EMP02231,CC0098,CR,2,Leave Start,,CAD,CAN,2021-11-12 12:00:00,CORE_HR
EVT00021172,2021-11-03,EMP01817,CC0064,AS,3,Step Increment,72887.14,CAD,CAN,2021-11-04 05:00:00,CORE_HR
EVT00020386,2021-11-22,EMP04403,CC0053,EC,1,Leave Return,,CAD,CAN,2021-11-22 18:00:00,CORE_HR
EVT00021420,2021-11-07,EMP02684,CC0031,EC,5,Step Increment,315368.3,AED,ARE,2021-11-07 19:00:00,CORE_HR
EVT00020572,2021-11-06,EMP02110,CC0095,AS,5,Step Increment,87834.16,CAD,CA,2021-11-07 09:00:00,PAYROLL
EVT00019887,2021-11-13,EMP01346,CC0093,IT,5,Leave Start,,CAD,CA,2021-11-14 06:00:00,PAYROLL
EVT00021191,2021-11-03,EMP02897,CC0114,AS,1,Leave Return,,CAD,CAN,2021-11-03 15:00:00,CORE_HR
EVT00021490,2021-11-01,EMP01708,CC0100,PA,3,Step Increment,81601.33,CAD,CAN,2021-11-01 21:00:00,CORE_HR
EVT00021472,2021-11-08,EMP02218,CC0111,PA,1,Lateral Deployment,,SGD,SGP,2021-11-09 01:00:00,CORE_HR
EVT00019866,2021-11-26,EMP03691,CC0064,PA,2,Step Increment,74428.07,CAD,CAN,2021-11-26 15:00:00,CORE_HR
EVT00020854,2021-11-19,EMP00010,CC0027,EC,2,Step Increment,78737.63,CAD,CAN,2021-11-19 16:00:00,CORE_HR
EVT00020936,2021-11-12,EMP01661,CC0106,AS,2,Step Increment,63920.73,CAD,CAN,2021-11-13 06:00:00,CORE_HR
EVT00020738,2021-11-22,EMP04222,CC0047,IT,1,Departure,,CAD,CAN,2021-11-23 02:00:00,CORE_HR
EVT00021338,2021-11-13,EMP04841,CC0061,AS,3,Performance Pay,4152.76,CAD,CAN,2021-11-13 11:00:00,CORE_HR
EVT00021834,2021-11-05,EMP02111,CC0061,EC,1,Step Increment,54387.85,CAD,CA,2021-11-06 15:00:00,PAYROLL
EVT00020954,2021-11-23,EMP02471,CC0060,AS,2,Departure,,CAD,CA,2021-11-24 03:00:00,PAYROLL
EVT00020662,2021-11-16,EMP02730,CC0073,IT,3,Performance Pay,14350.47,CAD,CAN,2021-11-16 07:00:00,CORE_HR
EVT00020944,2021-11-25,EMP01510,CC0036,PA,4,Performance Pay,9070.71,CAD,CA,2021-11-25 15:00:00,PAYROLL
EVT00019911,2021-11-02,EMP04117,CC0050,PA,4,Promotion,88347.09,CAD,CAN,2021-11-03 00:00:00,CORE_HR
EVT00021201,2021-11-11,EMP00169,CC0016,PA,1,Lateral Deployment,,CAD,CAN,2021-11-12 00:00:00,CORE_HR
EVT00020106,2021-11-19,EMP04245,CC0120,EC,4,Leave Start,,CAD,CAN,2021-11-20 03:00:00,CORE_HR
EVT00020575,2021-11-13,EMP03184,CC0070,IT,2,Performance Pay,3681.16,CAD,CAN,2021-11-14 07:00:00,CORE_HR
EVT00021703,2021-11-10,EMP01626,CC0012,EC,2,Step Increment,86259.31,CAD,CAN,2021-11-11 08:00:00,CORE_HR
EVT00021593,2021-11-11,EMP04480,CC0092,PA,3,Leave Start,,CAD,CA,2021-11-11 07:00:00,PAYROLL
EVT00020253,2021-11-10,EMP01038,CC0035,EX,1,Lateral Deployment,,CAD,CA,2021-11-10 18:00:00,PAYROLL
EVT00021676,2021-11-04,EMP00554,CC0021,CR,5,Promotion,91578.03,CAD,CAN,2021-11-04 11:00:00,CORE_HR
EVT00020789,2021-11-03,EMP00173,CC0084,PA,1,Performance Pay,3494.94,CAD,CAN,2021-11-03 19:00:00,CORE_HR
EVT00021511,2021-11-06,EMP02266,CC0014,EC,2,Promotion,62348.98,CAD,CAN,2021-11-06 17:00:00,CORE_HR
EVT00020656,2021-11-19,EMP00482,CC0111,PA,1,Hire,5054273.94,KES,KEN,2021-11-22 02:00:00,CORE_HR
EVT00021433,2021-11-11,EMP00072,CC0048,PA,1,Promotion,54305.44,CAD,CAN,2021-11-12 13:00:00,CORE_HR
EVT00021144,2021-11-20,EMP01800,CC0006,PA,1,Step Increment,68941.21,CAD,CA,2021-11-20 21:00:00,PAYROLL
EVT00020365,2021-11-23,EMP04280,CC0040,EX,2,Leave Return,,CAD,CAN,2021-11-24 00:00:00,CORE_HR
EVT00021464,2021-11-26,EMP03224,CC0113,EX,3,Leave Return,,CAD,CAN,2021-11-26 15:00:00,CORE_HR
EVT00021760,2021-11-26,EMP00075,CC0012,FI,5,Promotion,111444.81,CAD,CAN,2021-11-26 23:00:00,CORE_HR
EVT00020840,2021-11-21,EMP00995,CC0076,IT,2,Leave Start,,CAD,CAN,2021-11-21 15:00:00,CORE_HR
EVT00020340,2021-11-17,EMP02713,CC0054,PA,1,Step Increment,54160.89,AUD,AUS,2021-11-18 06:00:00,CORE_HR
EVT00020521,2021-11-19,EMP04476,CC0102,FI,1,Step Increment,70487.81,CAD,CAN,2021-11-20 08:00:00,CORE_HR
EVT00020414,2021-11-09,EMP04346,CC0029,FI,3,Step Increment,383570.0,BRL,BRA,2021-11-10 14:00:00,CORE_HR
EVT00020370,2021-11-02,EMP02466,CC0051,CR,3,Promotion,60783.03,CAD,CAN,2021-11-03 00:00:00,CORE_HR
EVT00021846,2021-11-01,EMP04925,CC0067,EX,2,Promotion,147770.78,CAD,CAN,2021-11-01 23:00:00,CORE_HR
EVT00021417,2021-11-13,EMP00741,CC0035,PA,4,Step Increment,90198.86,CAD,CAN,2021-11-15 05:00:00,CORE_HR
EVT00021211,2021-11-17,EMP00303,CC0049,IT,5,Step Increment,74384.04,GBP,GB,2021-11-18 05:00:00,PAYROLL
EVT00020077,2021-11-01,EMP01992,CC0067,FI,2,Departure,,CAD,CAN,2021-11-01 07:00:00,CORE_HR
EVT00021506,2021-11-19,EMP03418,CC0083,PA,2,Leave Return,,CAD,CA,2021-11-20 03:00:00,PAYROLL
EVT00021860,2021-11-10,EMP03607,CC0064,AS,5,Lateral Deployment,,CAD,CAN,2021-11-11 04:00:00,CORE_HR
EVT00021868,2021-11-25,EMP02788,CC0118,PA,1,Departure,,CAD,CAN,2021-11-25 15:00:00,CORE_HR
EVT00020812,2021-11-10,EMP04119,CC0068,PA,4,Step Increment,88308.49,CAD,CAN,2021-11-10 23:00:00,CORE_HR
EVT00021041,2021-11-26,EMP00634,CC0004,AS,2,Leave Return,,CAD,CA,2021-11-26 23:00:00,PAYROLL
EVT00021857,2021-11-05,EMP01664,CC0087,FI,3,Step Increment,96261.0,CAD,CAN,2021-11-07 10:00:00,CORE_HR
EVT00021105,2021-11-25,EMP00045,CC0002,CR,2,Lateral Deployment,,CAD,CAN,2021-11-26 06:00:00,CORE_HR
EVT00019951,2021-11-22,EMP04911,CC0097,IT,1,Promotion,75916.1,CAD,CAN,2021-11-22 15:00:00,CORE_HR
EVT00019952,2021-11-16,EMP00663,CC0007,AS,3,Performance Pay,11131.77,AED,AE,2021-11-16 13:00:00,PAYROLL
EVT00019916,2021-11-25,EMP03684,CC0078,PA,2,Step Increment,74509.86,CAD,CAN,2021-11-26 05:00:00,CORE_HR
EVT00021858,2021-11-01,EMP04614,CC0047,FI,3,Step Increment,99794.56,CAD,CAN,2021-11-01 07:00:00,CORE_HR
EVT00020713,2021-11-12,EMP03361,CC0113,EC,4,Step Increment,85535.22,CAD,CAN,2021-11-12 10:00:00,CORE_HR
EVT00021150,2021-11-24,EMP04512,CC0032,EC,5,Promotion,90530.16,CAD,CAN,2021-11-24 16:00:00,CORE_HR
EVT00021318,2021-11-18,EMP03227,CC0049,EN,2,Lateral Deployment,,SGD,SGP,2021-11-19 06:00:00,CORE_HR
EVT00021065,2021-11-25,EMP00467,CC0050,EX,3,Step Increment,156569.39,CAD,CAN,2021-11-26 01:00:00,CORE_HR
EVT00021619,2021-11-05,EMP03100,CC0087,EC,2,Step Increment,84540.73,CAD,CAN,2021-11-06 04:00:00,CORE_HR
EVT00021131,2021-11-19,EMP04631,CC0083,AS,4,Step Increment,78229.53,CAD,CA,2021-11-20 05:00:00,PAYROLL
EVT00020369,2021-11-08,EMP03628,CC0027,EX,2,Step Increment,161845.04,CAD,CA,2021-11-08 09:00:00,PAYROLL
EVT00020906,2021-11-26,EMP02466,CC0051,CR,3,Hire,60797.34,CAD,CAN,2021-11-26 18:00:00,CORE_HR
EVT00020639,2021-11-16,EMP03895,CC0120,IT,4,Leave Start,,CAD,CA,2021-11-17 03:00:00,PAYROLL
EVT00021236,2021-11-11,EMP03772,CC0031,IT,1,Leave Return,,AUD,AU,2021-11-11 07:00:00,PAYROLL
EVT00021477,2021-11-09,EMP01164,CC0119,AS,1,Leave Start,,CAD,CAN,2021-11-10 05:00:00,CORE_HR
EVT00020124,2021-11-23,EMP02339,CC0001,IT,1,Performance Pay,8938.67,CAD,CAN,2021-11-23 07:00:00,CORE_HR
EVT00021690,2021-11-22,EMP02454,CC0062,EN,1,Promotion,72939.83,CAD,CA,2021-11-24 11:00:00,PAYROLL
EVT00021764,2021-11-24,EMP00325,CC0043,IT,3,Promotion,97840.0,CAD,CA,2021-11-25 12:00:00,PAYROLL
EVT00020043,2021-11-23,EMP03153,CC0106,EN,2,Step Increment,101788.08,CAD,CA,2021-11-24 21:00:00,PAYROLL
EVT00021026,2021-11-18,EMP00270,CC0106,IT,2,Step Increment,83082.7,CAD,CA,2021-11-19 10:00:00,PAYROLL
EVT00020462,2021-11-10,EMP00161,CC0047,PA,1,Departure,,CAD,CAN,2021-11-11 07:00:00,CORE_HR
EVT00020354,2021-11-01,EMP01673,CC0094,AS,2,Leave Return,,CAD,CAN,2021-11-01 14:00:00,CORE_HR
EVT00020924,2021-11-18,EMP04992,CC0089,EC,1,Performance Pay,5382.01,CAD,CAN,2021-11-19 04:00:00,CORE_HR
EVT00021740,2021-11-19,EMP04384,CC0120,PA,1,Promotion,57585.01,CAD,CAN,2021-11-21 08:00:00,CORE_HR
EVT00021171,2021-11-20,EMP03302,CC0044,EN,2,Step Increment,98529.32,CAD,CA,2021-11-21 04:00:00,PAYROLL
EVT00021387,2021-11-27,EMP04235,CC0006,IT,1,Performance Pay,4642.73,CAD,CAN,2021-11-27 07:00:00,CORE_HR
EVT00020307,2021-11-23,EMP00517,CC0064,IT,2,Step Increment,84066.79,CAD,CAN,2021-11-23 21:00:00,CORE_HR
EVT00020219,2021-11-03,EMP03233,CC0101,FI,3,Departure,,CAD,CAN,2021-11-03 08:00:00,CORE_HR
EVT00021582,2021-11-01,EMP01201,CC0053,PA,2,Leave Return,,CAD,CAN,2021-11-01 12:00:00,CORE_HR
EVT00020869,2021-11-17,EMP03607,CC0064,AS,5,Performance Pay,7188.25,CAD,CAN,2021-11-18 07:00:00,CORE_HR
EVT00020035,2021-11-03,EMP04305,CC0096,AS,1,Step Increment,67524.6,CAD,CAN,2021-11-03 12:00:00,CORE_HR
EVT00020274,2021-11-08,EMP04895,CC0047,AS,4,Step Increment,72443.95,CAD,CAN,2021-11-08 21:00:00,CORE_HR
EVT00021262,2021-11-19,EMP02174,CC0117,EN,2,Performance Pay,9076.56,CAD,CAN,2021-11-19 19:00:00,CORE_HR
EVT00021276,2021-11-19,EMP04720,CC0086,PA,1,Step Increment,49620.17,SGD,SG,2021-11-20 14:00:00,PAYROLL
EVT00021630,2021-11-27,EMP03516,CC0101,EC,2,Step Increment,86729.36,CAD,CAN,2021-11-28 06:00:00,CORE_HR
EVT00020264,2021-11-19,EMP04451,CC0023,PA,1,Leave Return,,CAD,CAN,2021-11-19 19:00:00,CORE_HR
EVT00020971,2021-11-09,EMP03604,CC0062,PA,4,Leave Start,,CAD,CA,2021-11-10 09:00:00,PAYROLL
EVT00020240,2021-11-04,EMP01720,CC0073,EN,2,Performance Pay,5766.46,CAD,CA,2021-11-04 17:00:00,PAYROLL
EVT00021442,2021-11-12,EMP01688,CC0080,CR,1,Step Increment,5241359.65,JPY,JPN,2021-11-12 11:00:00,CORE_HR
EVT00021002,2021-11-11,EMP02080,CC0113,EX,1,Step Increment,128705.0,CAD,CA,2021-11-12 11:00:00,PAYROLL
EVT00020337,2021-11-27,EMP04359,CC0086,EX,2,Departure,,BRL,BR,2021-11-28 04:00:00,PAYROLL
EVT00019937,2021-11-05,EMP01601,CC0015,PA,2,Step Increment,75372.12,CAD,CAN,2021-11-09 01:00:00,CORE_HR
EVT00021803,2021-11-11,EMP04924,CC0105,EN,1,Departure,,GBP,GB,2021-11-12 00:00:00,PAYROLL
EVT00020938,2021-11-12,EMP02580,CC0102,AS,1,Departure,,CAD,CA,2021-11-13 15:00:00,PAYROLL
EVT00020638,2021-11-24,EMP03866,CC0096,AS,2,Departure,,CAD,CAN,2021-11-25 10:00:00,CORE_HR
EVT00021515,2021-11-26,EMP03618,CC0084,EX,1,Step Increment,161486.4,CAD,CAN,2021-11-26 15:00:00,CORE_HR
EVT00020677,2021-11-14,EMP02796,CC0071,IT,4,Promotion,109855.79,CAD,CA,2021-11-14 10:00:00,PAYROLL
EVT00020887,2021-11-26,EMP04138,CC0008,EN,1,Leave Start,,CAD,CA,2021-11-26 10:00:00,PAYROLL
EVT00019961,2021-11-01,EMP00178,CC0112,EC,2,Hire,88234.55,CAD,CAN,2021-11-02 14:00:00,CORE_HR
EVT00020454,2021-11-04,EMP01977,CC0023,IT,2,Leave Start,,CAD,CA,2021-11-04 20:00:00,PAYROLL
EVT00021824,2021-11-19,EMP03653,CC0035,PA,1,Promotion,70560.48,CAD,CA,2021-11-19 20:00:00,PAYROLL
EVT00020943,2021-11-01,EMP01589,CC0067,AS,1,Performance Pay,6944.52,CAD,CA,2021-11-01 15:00:00,PAYROLL
EVT00021759,2021-11-22,EMP04794,CC0032,FI,2,Promotion,76421.52,CAD,CA,2021-11-22 06:00:00,PAYROLL
EVT00021583,2021-11-08,EMP01056,CC0064,CR,3,Performance Pay,6842.38,CAD,CAN,2021-11-09 00:00:00,CORE_HR
EVT00020953,2021-11-14,EMP00297,CC0006,FI,4,Performance Pay,12380.18,CAD,CA,2021-11-14 13:00:00,PAYROLL
EVT00020691,2021-11-13,EMP01204,CC0007,IT,3,Hire,107727.46,AUD,AUS,2021-11-13 22:00:00,CORE_HR
EVT00020659,2021-11-15,EMP03802,CC0119,AS,2,Promotion,56055.85,CAD,CAN,2021-11-16 01:00:00,CORE_HR
EVT00020371,2021-11-06,EMP00168,CC0068,EN,2,Hire,80217.77,CAD,CAN,2021-11-07 13:00:00,CORE_HR
EVT00021728,2021-11-17,EMP01523,CC0066,IT,3,Step Increment,104418.73,CAD,CAN,2021-11-18 06:00:00,CORE_HR
EVT00021218,2021-11-15,EMP00870,CC0020,IT,4,Leave Start,,CAD,CA,2021-11-16 10:00:00,PAYROLL
EVT00020263,2021-11-10,EMP04510,CC0032,FI,1,Step Increment,75389.93,CAD,CA,2021-11-10 13:00:00,PAYROLL
EVT00021365,2021-11-05,EMP04254,CC0099,PA,2,Promotion,73791.2,CAD,CA,2021-11-05 20:00:00,PAYROLL
EVT00020278,2021-11-27,EMP04454,CC0096,PA,1,Departure,,CAD,CAN,2021-11-27 12:00:00,CORE_HR
EVT00021023,2021-11-12,EMP04904,CC0107,EC,2,Leave Start,,CAD,CA,2021-11-12 06:00:00,PAYROLL
EVT00021164,2021-11-04,EMP01019,CC0054,EX,1,Step Increment,145891.79,AUD,AUS,2021-11-04 08:00:00,CORE_HR
EVT00019892,2021-11-27,EMP02351,CC0109,EX,1,Leave Start,,CAD,CAN,2021-11-27 16:00:00,CORE_HR
EVT00021842,2021-11-04,EMP04932,CC0047,PA,4,Step Increment,80275.12,CAD,CA,2021-11-04 14:00:00,PAYROLL
EVT00019976,2021-11-22,EMP00935,CC0109,PA,1,Lateral Deployment,,CAD,CA,2021-11-23 06:00:00,PAYROLL
EVT00021333,2021-11-07,EMP02334,CC0104,EC,1,Step Increment,75745.8,CAD,CAN,2021-11-07 12:00:00,CORE_HR
EVT00021009,2021-11-05,EMP02891,CC0007,PA,4,Performance Pay,644702.91,INR,IN,2021-11-06 00:00:00,PAYROLL
EVT00019933,2021-11-22,EMP01853,CC0009,EN,1,Step Increment,55422.97,EUR,FRA,2021-11-23 10:00:00,CORE_HR
EVT00021380,2021-11-08,EMP01736,CC0088,PA,1,Performance Pay,5007.58,EUR,FR,2021-11-08 20:00:00,PAYROLL
EVT00020764,2021-11-10,EMP03383,CC0034,AS,4,Leave Return,,CAD,CAN,2021-11-10 19:00:00,CORE_HR
EVT00020806,2021-11-08,EMP03237,CC0035,EX,2,Performance Pay,12576.26,CAD,CAN,2021-11-08 17:00:00,CORE_HR
EVT00021639,2021-11-17,EMP01475,CC0105,CR,3,Step Increment,764317.35,MXN,MEX,2021-11-17 12:00:00,CORE_HR
EVT00020300,2021-11-09,EMP00221,CC0108,IT,1,Step Increment,55416.81,EUR,FRA,2021-11-09 21:00:00,CORE_HR
EVT00020267,2021-11-19,EMP01309,CC0029,AS,2,Lateral Deployment,,JPY,JPN,2021-11-19 14:00:00,CORE_HR
EVT00020508,2021-11-01,EMP00100,CC0086,EX,2,Departure,,AED,ARE,2021-11-02 13:00:00,CORE_HR
EVT00021811,2021-11-19,EMP00500,CC0042,PA,1,Hire,62453.74,CAD,CA,2021-11-19 11:00:00,PAYROLL
EVT00020193,2021-11-03,EMP04107,CC0095,IT,4,Performance Pay,16004.17,CAD,CAN,2021-11-05 10:00:00,CORE_HR
EVT00021682,2021-11-09,EMP00537,CC0028,FI,2,Performance Pay,3526.02,CAD,CAN,2021-11-09 12:00:00,CORE_HR
EVT00019969,2021-11-08,EMP00818,CC0062,IT,4,Leave Start,,CAD,CA,2021-11-08 22:00:00,PAYROLL
EVT00021349,2021-11-10,EMP03742,CC0107,EN,2,Leave Start,,CAD,CA,2021-11-11 01:00:00,PAYROLL
EVT00020316,2021-11-19,EMP01613,CC0106,PA,3,Step Increment,78224.54,CAD,CAN,2021-11-19 13:00:00,CORE_HR
EVT00021730,2021-11-02,EMP01749,CC0076,CR,5,Step Increment,78218.85,CAD,CAN,2021-11-02 18:00:00,CORE_HR
EVT00021567,2021-11-07,EMP02319,CC0048,PA,3,Promotion,62319.14,CAD,CAN,2021-11-07 15:00:00,CORE_HR
EVT00019899,2021-11-12,EMP02641,CC0089,AS,1,Lateral Deployment,,CAD,CAN,2021-11-13 04:00:00,CORE_HR
EVT00020115,2021-11-15,EMP02682,CC0018,EN,1,Step Increment,84087.22,CAD,CAN,2021-11-16 13:00:00,CORE_HR
EVT00020446,2021-11-13,EMP01577,CC0037,CR,5,Leave Return,,CAD,CAN,2021-11-13 17:00:00,CORE_HR
EVT00020668,2021-11-09,EMP00444,CC0018,PA,2,Performance Pay,5884.89,CAD,CA,2021-11-09 16:00:00,PAYROLL
EVT00021463,2021-11-26,EMP02828,CC0017,EN,2,Lateral Deployment,,CAD,CAN,2021-11-27 13:00:00,CORE_HR
EVT00020132,2021-11-15,EMP01485,CC0088,EN,4,Leave Start,,INR,IN,2021-11-16 01:00:00,PAYROLL
EVT00020571,2021-11-21,EMP00328,CC0022,IT,2,Performance Pay,5069.86,CAD,CAN,2021-11-21 10:00:00,CORE_HR
EVT00021133,2021-11-20,EMP00607,CC0094,EN,2,Step Increment,89632.39,CAD,CA,2021-11-21 00:00:00,PAYROLL
EVT00020504,2021-11-03,EMP02022,CC0071,PA,1,Leave Return,,CAD,CA,2021-11-03 22:00:00,PAYROLL
EVT00020913,2021-11-24,EMP04615,CC0114,AS,3,Step Increment,75825.36,CAD,CAN,2021-11-24 22:00:00,CORE_HR
EVT00021768,2021-11-27,EMP02173,CC0042,EC,2,Step Increment,77068.06,CAD,CAN,2021-11-28 06:00:00,CORE_HR
EVT00020140,2021-11-26,EMP00939,CC0063,IT,3,Lateral Deployment,,CAD,CA,2021-11-27 04:00:00,PAYROLL
EVT00020564,2021-11-27,EMP00144,CC0106,FI,3,Leave Return,,CAD,CAN,2021-11-28 10:00:00,CORE_HR
EVT00020610,2021-11-12,EMP04729,CC0086,EC,3,Performance Pay,20995.72,AED,ARE,2021-11-12 18:00:00,CORE_HR
EVT00021717,2021-11-04,EMP00372,CC0029,EN,1,Performance Pay,3866.36,EUR,FRA,2021-11-04 10:00:00,CORE_HR
EVT00021345,2021-11-16,EMP02065,CC0117,AS,1,Step Increment,50186.15,CAD,CAN,2021-11-16 19:00:00,CORE_HR
EVT00020042,2021-11-15,EMP03760,CC0058,AS,1,Hire,53360.57,CAD,CAN,2021-11-16 11:00:00,CORE_HR
EVT00020820,2021-11-21,EMP00641,CC0103,FI,2,Step Increment,62875.48,CAD,CAN,2021-11-22 08:00:00,CORE_HR
EVT00020929,2021-11-06,EMP00084,CC0070,EX,1,Lateral Deployment,,CAD,CAN,2021-11-06 23:00:00,CORE_HR
EVT00020838,2021-11-02,EMP00753,CC0024,AS,1,Step Increment,45566.91,CAD,CA,2021-11-02 13:00:00,PAYROLL
EVT00021207,2021-11-17,EMP00877,CC0058,EX,2,Leave Return,,CAD,CAN,2021-11-17 21:00:00,CORE_HR
EVT00020190,2021-11-12,EMP00192,CC0010,EN,1,Step Increment,74811.95,CAD,CA,2021-11-13 04:00:00,PAYROLL
EVT00020041,2021-11-19,EMP01813,CC0072,EC,3,Leave Return,,CAD,CAN,2021-11-19 11:00:00,CORE_HR
EVT00021334,2021-11-17,EMP02858,CC0011,FI,3,Step Increment,93931.66,CAD,CA,2021-11-17 10:00:00,PAYROLL
EVT00021379,2021-11-05,EMP03445,CC0046,PA,2,Leave Start,,MXN,MX,2021-11-05 16:00:00,PAYROLL
EVT00021622,2021-11-21,EMP02632,CC0070,IT,4,Step Increment,110721.44,CAD,CAN,2021-11-22 04:00:00,CORE_HR
EVT00021022,2021-11-22,EMP01866,CC0092,IT,1,Step Increment,71414.62,CAD,CAN,2021-11-22 12:00:00,CORE_HR
EVT00020908,2021-11-13,EMP04722,CC0005,IT,1,Performance Pay,8987.74,CAD,CAN,2021-11-13 11:00:00,CORE_HR
EVT00021618,2021-11-27,EMP04271,CC0032,IT,1,Performance Pay,4395.44,CAD,CAN,2021-11-28 09:00:00,CORE_HR
EVT00021353,2021-11-02,EMP00815,CC0070,PA,4,Performance Pay,8535.2,CAD,CA,2021-11-03 02:00:00,PAYROLL
EVT00020191,2021-11-08,EMP04053,CC0029,IT,3,Step Increment,61997.46,GBP,GB,2021-11-08 16:00:00,PAYROLL
EVT00019931,2021-11-03,EMP04696,CC0106,FI,3,Performance Pay,11909.77,CAD,CA,2021-11-03 14:00:00,PAYROLL
EVT00020637,2021-11-04,EMP02167,CC0007,PA,1,Leave Start,,SGD,SGP,2021-11-05 06:00:00,CORE_HR
EVT00020703,2021-11-11,EMP02757,CC0068,AS,3,Leave Start,,XXX,CAN,2021-11-12 07:00:00,CORE_HR
EVT00021492,2021-11-11,EMP03102,CC0090,IT,5,Departure,,CAD,CAN,2021-11-11 16:00:00,CORE_HR
EVT00019975,2021-11-01,EMP01395,CC0028,PA,2,Hire,69827.7,CAD,CA,2021-11-02 02:00:00,PAYROLL
EVT00019908,2021-11-03,EMP04263,CC0062,PA,3,Performance Pay,4544.57,CAD,CA,2021-11-04 03:00:00,PAYROLL
EVT00021795,2021-11-04,EMP00250,CC0019,CR,1,Lateral Deployment,,CAD,CA,2021-11-04 11:00:00,PAYROLL
EVT00021320,2021-11-15,EMP04348,CC0093,CR,2,Departure,,XXX,CA,2021-11-16 04:00:00,PAYROLL
EVT00021668,2021-11-20,EMP00569,CC0050,IT,2,Leave Return,,CAD,CAN,2021-11-21 11:00:00,CORE_HR
EVT00020646,2021-11-16,EMP01262,CC0090,CR,2,Step Increment,53524.78,CAD,CA,2021-11-16 07:00:00,PAYROLL
EVT00021604,2021-11-02,EMP01717,CC0096,EX,2,Leave Start,,CAD,CA,2021-11-02 15:00:00,PAYROLL
EVT00020871,2021-11-17,EMP03603,CC0050,EN,1,Leave Return,,CAD,CAN,2021-11-17 12:00:00,CORE_HR
EVT00021569,2021-11-21,EMP01502,CC0041,AS,3,Step Increment,71350.04,CAD,CAN,2021-11-21 13:00:00,CORE_HR
EVT00020415,2021-11-11,EMP04043,CC0039,PA,1,Leave Start,,CAD,CAN,2021-11-11 13:00:00,CORE_HR
EVT00020213,2021-11-15,EMP00549,CC0093,IT,3,Step Increment,95846.02,CAD,CAN,2021-11-16 02:00:00,CORE_HR
EVT00020366,2021-11-17,EMP03987,CC0081,CR,1,Lateral Deployment,,CAD,CA,2021-11-18 11:00:00,PAYROLL
EVT00020947,2021-11-24,EMP02487,CC0024,EX,3,Step Increment,185928.96,CAD,CAN,2021-11-25 07:00:00,CORE_HR
EVT00020551,2021-11-08,EMP02882,CC0098,AS,4,Step Increment,79586.16,CAD,CAN,2021-11-11 03:00:00,CORE_HR
EVT00020582,2021-11-18,EMP01187,CC0002,AS,3,Leave Return,,CAD,CAN,2021-11-19 11:00:00,CORE_HR
EVT00020851,2021-11-25,EMP03031,CC0107,IT,3,Leave Return,,CAD,CAN,2021-11-25 06:00:00,CORE_HR
EVT00020608,2021-11-09,EMP04260,CC0114,IT,4,Performance Pay,11652.42,CAD,CAN,2021-11-10 09:00:00,CORE_HR
EVT00020390,2021-11-23,EMP02980,CC0093,CR,1,Leave Return,,CAD,CA,2021-11-24 14:00:00,PAYROLL
EVT00020360,2021-11-23,EMP03565,CC0104,PA,2,Leave Return,,CAD,CA,2021-11-23 10:00:00,PAYROLL
EVT00021660,2021-11-17,EMP01051,CC0005,EX,1,Hire,108782.65,CAD,CAN,2021-11-18 01:00:00,CORE_HR
EVT00020054,2021-11-13,EMP03082,CC0038,CR,1,Departure,,CAD,CAN,2021-11-13 22:00:00,CORE_HR
EVT00021762,2021-11-22,EMP04396,CC0116,EC,4,Lateral Deployment,,CAD,CAN,2021-11-22 14:00:00,CORE_HR
EVT00021841,2021-11-23,EMP02250,CC0066,AS,2,Performance Pay,3306.74,CAD,CA,2021-11-24 14:00:00,PAYROLL
EVT00020581,2021-11-27,EMP03761,CC0041,AS,5,Leave Return,,CAD,CA,2021-11-27 16:00:00,PAYROLL
EVT00021661,2021-11-14,EMP04744,CC0068,CR,3,Step Increment,62001.74,CAD,CA,2021-11-14 15:00:00,PAYROLL
EVT00020044,2021-11-21,EMP00119,CC0082,CR,2,Departure,,CAD,CAN,2021-11-22 07:00:00,CORE_HR
EVT00020718,2021-11-27,EMP04408,CC0048,PA,2,Departure,,CAD,CAN,2021-11-28 07:00:00,CORE_HR
EVT00021677,1900-01-01,EMP00859,CC0080,PA,1,Leave Return,,GBP,GB,2021-11-24 22:00:00,PAYROLL
EVT00020835,2021-11-04,EMP01156,CC0036,CR,2,Lateral Deployment,,CAD,CA,2021-11-04 22:00:00,PAYROLL
EVT00020012,2021-11-13,EMP04491,CC0116,CR,2,Step Increment,70432.21,CAD,CA,2021-11-14 14:00:00,PAYROLL
EVT00020194,2021-11-19,EMP03984,CC0042,CR,4,Step Increment,72566.59,CAD,CAN,2021-11-20 02:00:00,CORE_HR
EVT00021819,2021-11-22,EMP02732,CC0089,CR,4,Leave Return,,CAD,CA,2021-11-23 03:00:00,PAYROLL
EVT00020959,2021-11-13,EMP99999,CC0005,FI,2,Step Increment,80054.72,CAD,CAN,2021-11-14 03:00:00,CORE_HR
EVT00021304,2021-11-25,EMP03737,CC0089,CR,1,Leave Return,,CAD,CAN,2021-11-25 06:00:00,CORE_HR
EVT00019860,2021-11-10,EMP01859,CC0054,IT,3,Performance Pay,12486.03,SGD,SGP,2021-11-11 01:00:00,CORE_HR
EVT00021047,2021-11-06,EMP01650,CC0104,IT,1,Step Increment,83823.33,CAD,CA,2021-11-06 08:00:00,PAYROLL
EVT00021524,2021-11-11,EMP03089,CC0031,EN,4,Step Increment,79337.07,USD,USA,2021-11-12 16:00:00,CORE_HR
EVT00021132,2021-11-10,EMP03435,CC0021,IT,3,Leave Start,,CAD,CA,2021-11-11 13:00:00,PAYROLL
EVT00021042,2021-11-21,EMP02103,CC0051,EX,2,Leave Start,,CAD,CA,2021-11-22 10:00:00,PAYROLL
EVT00021686,2021-11-01,EMP04330,CC0110,FI,2,Departure,,CAD,CA,2021-11-01 16:00:00,PAYROLL
EVT00019903,2021-11-08,EMP04865,CC0070,EC,2,Hire,89947.79,CAD,CAN,2021-11-11 15:00:00,CORE_HR
EVT00021149,2021-11-22,EMP00393,CC0011,FI,4,Leave Return,,CAD,CAN,2021-11-23 00:00:00,CORE_HR
EVT00020733,2021-11-03,EMP00329,CC0086,IT,2,Leave Return,,SGD,SG,2021-11-04 14:00:00,PAYROLL
EVT00020529,2021-11-15,EMP04365,CC0032,CR,2,Performance Pay,6802.44,CAD,CAN,2021-11-15 07:00:00,CORE_HR
EVT00019977,2021-11-15,EMP02317,CC0108,FI,4,Leave Start,,MXN,MEX,2021-11-16 14:00:00,CORE_HR
EVT00021460,2021-11-27,EMP00350,CC0067,PA,4,Performance Pay,6813.69,CAD,CAN,2021-11-27 21:00:00,CORE_HR
EVT00020179,2021-11-16,EMP00960,CC0096,CR,4,Step Increment,63879.4,CAD,CAN,2021-11-17 13:00:00,CORE_HR
EVT00020161,2021-11-25,EMP00530,CC0037,IT,2,Leave Start,,CAD,CA,2021-11-26 02:00:00,PAYROLL
EVT00020350,2021-11-10,EMP01056,CC0064,CR,3,Lateral Deployment,,CAD,CAN,2021-11-10 07:00:00,CORE_HR
EVT00021326,2021-11-27,EMP01266,CC0091,PA,4,Hire,89799.03,CAD,CAN,2021-11-27 18:00:00,CORE_HR
EVT00021425,2021-11-01,EMP01227,CC0095,EX,1,Departure,,CAD,CAN,2021-11-01 16:00:00,CORE_HR
EVT00020927,2021-11-10,EMP01341,CC0086,EN,1,Step Increment,8535959.75,JPY,JPN,2021-11-11 13:00:00,CORE_HR
EVT00021754,2021-11-15,EMP99999,CC0082,CR,3,Step Increment,59864.13,CAD,CAN,2021-11-16 15:00:00,CORE_HR
EVT00020988,2021-11-01,EMP04102,CC0094,PA,3,Step Increment,83001.86,CAD,CAN,2021-11-02 13:00:00,CORE_HR
EVT00020255,2021-11-11,EMP00861,CC0091,CR,1,Leave Start,,CAD,CAN,2021-11-11 18:00:00,CORE_HR
EVT00020783,2021-11-13,EMP00008,CC0072,EC,1,Step Increment,60496.45,CAD,CAN,2021-11-13 13:00:00,CORE_HR
EVT00021643,2021-11-02,EMP04467,CC0093,IT,1,Promotion,76991.82,CAD,CAN,2021-11-02 11:00:00,CORE_HR
EVT00021628,2021-11-09,EMP02633,CC0045,CR,5,Step Increment,55365.7,CAD,CAN,2021-11-10 02:00:00,CORE_HR
EVT00021664,2021-11-12,EMP03056,CC0041,EC,5,Step Increment,109099.15,CAD,CA,2021-11-13 13:00:00,PAYROLL
EVT00021417,2021-11-13,EMP00741,CC0035,PA,4,Step Increment,90198.86,CAD,CAN,2021-11-13 23:00:00,CORE_HR
EVT00020093,2021-11-10,EMP02393,CC0009,AS,4,Promotion,44519.12,GBP,GBR,2021-11-11 11:00:00,CORE_HR
EVT00020336,2021-11-26,EMP03018,CC0043,IT,1,Step Increment,83619.22,CAD,CAN,2021-11-27 03:00:00,CORE_HR
EVT00020495,2021-11-08,EMP03539,CC0046,PA,2,Leave Return,,SGD,SGP,2021-11-09 02:00:00,CORE_HR
EVT00020685,2021-11-03,EMP02321,CC0097,PA,3,Leave Return,,CAD,CA,2021-11-03 16:00:00,PAYROLL
EVT00021571,2021-11-15,EMP02444,CC0035,AS,1,Step Increment,56628.1,CAD,CA,2021-11-16 06:00:00,PAYROLL
EVT00020180,2021-11-25,EMP04616,CC0001,FI,4,Performance Pay,11344.24,CAD,CA,2021-11-26 07:00:00,PAYROLL
EVT00020577,2021-11-08,EMP00990,CC0068,IT,1,Promotion,73450.13,CAD,CAN,2021-11-09 15:00:00,CORE_HR
EVT00020670,2021-11-09,EMP03239,CC0033,EN,1,Step Increment,76402.92,CAD,CA,2021-11-10 13:00:00,PAYROLL
EVT00020099,2021-11-18,EMP00085,CC0009,IT,2,Lateral Deployment,,EUR,FRA,2021-11-19 15:00:00,CORE_HR
EVT00021381,2021-11-12,EMP02189,CC0105,FI,1,Lateral Deployment,,USD,USA,2021-11-13 09:00:00,CORE_HR
EVT00021807,2021-11-25,EMP02015,CC0002,IT,4,Step Increment,121782.6,CAD,CAN,2021-11-26 02:00:00,CORE_HR
EVT00021060,2021-11-21,EMP00709,CC0029,AS,5,Leave Start,,EUR,FRA,2021-11-21 15:00:00,CORE_HR
EVT00021241,2021-11-22,EMP02895,CC0086,CR,3,Step Increment,40070.46,EUR,DE,2021-11-24 03:00:00,PAYROLL
EVT00021466,2021-11-13,EMP02041,CC0035,EC,4,Step Increment,102481.39,CAD,CAN,2021-11-13 18:00:00,CORE_HR
EVT00020878,2021-11-02,EMP01027,CC0044,AS,4,Performance Pay,5550.36,CAD,CA,2021-11-02 15:00:00,PAYROLL
EVT00021269,2021-11-20,EMP02660,CC0055,FI,1,Step Increment,64557.39,CAD,CAN,2021-11-20 06:00:00,CORE_HR
EVT00021522,2021-11-26,EMP03031,CC0107,IT,3,Step Increment,100399.05,CAD,CA,2021-11-27 13:00:00,PAYROLL
EVT00021650,2021-11-26,EMP02395,CC0070,AS,2,Step Increment,67341.88,CAD,CA,2021-11-26 23:00:00,PAYROLL
EVT00019901,2021-11-14,EMP02964,CC0055,PA,2,Step Increment,74691.63,CAD,CA,2021-11-14 18:00:00,PAYROLL
EVT00020222,2021-11-22,EMP00124,CC0003,CR,4,Step Increment,73022.87,CAD,CA,2021-11-23 04:00:00,PAYROLL
EVT00020823,2021-11-12,EMP02835,CC0087,EC,2,Performance Pay,6867.11,CAD,CA,2021-11-12 09:00:00,PAYROLL
EVT00020484,2021-11-06,EMP01695,CC0093,PA,1,Step Increment,68362.64,CAD,CA,2021-11-07 03:00:00,PAYROLL
EVT00021779,2021-11-25,EMP04253,CC0016,PA,2,Departure,,CAD,CAN,2021-11-25 16:00:00,CORE_HR
EVT00021137,2021-11-06,EMP03118,CC0100,IT,1,Step Increment,73977.0,CAD,CA,2021-11-07 06:00:00,PAYROLL
EVT00020156,2021-11-18,EMP03269,CC0101,IT,2,Step Increment,98583.22,CAD,CA,2021-11-19 09:00:00,PAYROLL
EVT00020832,2021-11-07,EMP03627,CC0093,EX,1,Step Increment,119286.44,CAD,CA,2021-11-07 20:00:00,PAYROLL
EVT00021312,2021-11-18,EMP01247,CC0047,EN,1,Performance Pay,6847.49,CAD,CA,2021-11-19 09:00:00,PAYROLL
EVT00020116,2021-11-08,EMP04772,CC0056,IT,3,Performance Pay,9670.83,CAD,CAN,2021-11-09 14:00:00,CORE_HR
EVT00021043,2021-11-21,EMP03750,CC0089,PA,4,Promotion,94203.7,CAD,CAN,2021-11-21 21:00:00,CORE_HR
EVT00021127,2021-11-27,EMP02100,CC0071,IT,3,Performance Pay,13654.48,CAD,CA,2021-11-28 00:00:00,PAYROLL
EVT00020721,2021-11-16,EMP04000,CC0091,IT,3,Departure,,CAD,CAN,2021-11-16 22:00:00,CORE_HR
EVT00020217,2021-11-14,EMP00854,CC0061,CR,4,Performance Pay,3225.89,CAD,CA,2021-11-17 15:00:00,PAYROLL
EVT00020335,2021-11-25,EMP03122,CC0058,EN,2,Leave Start,,CAD,CA,2021-11-26 07:00:00,PAYROLL
EVT00020476,2021-11-19,EMP02109,CC0013,IT,4,Performance Pay,6657.79,CAD,CA,2021-11-20 09:00:00,PAYROLL
EVT00021048,2021-11-25,EMP01375,CC0109,CR,2,Step Increment,51718.9,CAD,CAN,2021-11-25 22:00:00,CORE_HR
EVT00021737,2021-11-07,EMP02606,CC0004,IT,3,Step Increment,-110193.23,CAD,CA,2021-11-07 14:00:00,PAYROLL
EVT00020157,2021-11-23,EMP03566,CC0001,EN,2,Performance Pay,12291.17,CAD,CA,2021-11-23 16:00:00,PAYROLL
EVT00021859,2021-11-21,EMP04904,CC0107,EC,2,Performance Pay,6874.76,CAD,CAN,2021-11-21 16:00:00,CORE_HR
EVT00021745,2021-11-23,EMP04035,CC0107,EC,2,Performance Pay,6095.42,CAD,CAN,2021-11-23 10:00:00,CORE_HR
EVT00020210,2021-11-02,EMP00908,CC0041,EN,4,Performance Pay,7220.32,CAD,CAN,2021-11-02 18:00:00,CORE_HR
EVT00021120,2021-11-19,EMP03712,CC0071,CR,1,Step Increment,50067.5,CAD,CAN,2021-11-19 13:00:00,CORE_HR
EVT00020753,2021-11-06,EMP00729,CC0105,PA,3,Performance Pay,98979.05,MXN,MEX,2021-11-07 12:00:00,CORE_HR
EVT00020896,2021-11-21,EMP03501,CC0070,EC,4,Leave Start,,CAD,CA,2021-11-22 05:00:00,PAYROLL
EVT00020515,2021-11-12,EMP03963,CC0024,PA,1,Leave Return,,CAD,CAN,2021-11-12 21:00:00,CORE_HR
EVT00020618,2021-11-19,EMP02086,CC0058,PA,1,Lateral Deployment,,CAD,CAN,2021-11-20 08:00:00,CORE_HR
EVT00021778,2021-11-13,EMP01704,CC0051,PA,2,Lateral Deployment,,CAD,CA,2021-11-14 10:00:00,PAYROLL
EVT00021357,2021-11-22,EMP00337,CC0008,PA,5,Leave Return,,CAD,CA,2021-11-22 09:00:00,PAYROLL
EVT00021135,2021-11-01,EMP02618,CC0037,EN,4,Step Increment,116142.68,CAD,CA,2021-11-02 14:00:00,PAYROLL
EVT00021369,2021-11-27,EMP04165,CC0055,EC,1,Leave Return,,CAD,CAN,2021-11-28 01:00:00,CORE_HR
EVT00020804,2021-11-14,EMP04943,CC0018,EN,4,Hire,121698.96,CAD,CA,2021-11-14 20:00:00,PAYROLL
EVT00019967,2021-11-25,EMP03599,CC0096,IT,2,Performance Pay,6088.84,CAD,CA,2021-11-25 22:00:00,PAYROLL
EVT00021578,2021-11-07,EMP03351,CC0106,PA,4,Leave Start,,CAD,CAN,2021-11-07 21:00:00,CORE_HR
EVT00020532,2021-11-02,EMP03630,CC0078,PA,2,Step Increment,67201.15,CAD,CA,2021-11-02 08:00:00,PAYROLL
EVT00020502,2021-11-13,EMP04591,CC0099,EX,1,Leave Return,,CAD,CA,2021-11-13 10:00:00,PAYROLL
EVT00021505,1900-01-01,EMP04244,CC0062,IT,4,Leave Start,,CAD,CA,2021-11-17 03:00:00,PAYROLL
EVT00020658,2021-11-03,EMP03398,CC0114,AS,4,Step Increment,75116.91,CAD,CA,2021-11-05 00:00:00,PAYROLL
EVT00020303,2021-11-19,EMP04230,CC0050,PA,4,Leave Start,,CAD,CAN,2021-11-19 07:00:00,CORE_HR
EVT00020775,2021-11-16,EMP00884,CC0073,IT,4,Step Increment,122320.39,CAD,CAN,2021-11-17 06:00:00,CORE_HR
EVT00021617,2021-11-08,EMP03418,CC0083,PA,2,Departure,,CAD,CA,2021-11-09 02:00:00,PAYROLL
EVT00020925,2021-11-14,EMP04728,CC0083,PA,3,Lateral Deployment,,XXX,CA,2021-11-14 14:00:00,PAYROLL
EVT00021872,2021-11-02,EMP04538,CC0038,PA,2,Lateral Deployment,,CAD,CA,2021-11-02 14:00:00,PAYROLL
EVT00021021,2021-11-17,EMP01411,CC0026,FI,2,Step Increment,82275.65,CAD,CA,2021-11-17 12:00:00,PAYROLL
EVT00021647,2021-11-08,EMP03748,CC0107,PA,5,Leave Return,,CAD,CAN,2021-11-08 06:00:00,CORE_HR
EVT00020309,2021-11-20,EMP03808,CC0087,AS,3,Leave Start,,CAD,CA,2021-11-20 16:00:00,PAYROLL
EVT00020415,2021-11-11,EMP04043,CC0039,PA,1,Leave Start,,CAD,CAN,2021-11-11 07:00:00,CORE_HR
EVT00020184,2021-11-22,EMP02438,CC0056,PA,4,Performance Pay,3984.81,CAD,CAN,2021-11-23 07:00:00,CORE_HR
EVT00020612,2021-11-20,EMP04921,CC0045,PA,3,Step Increment,77686.19,CAD,CA,2021-11-21 09:00:00,PAYROLL
EVT00021584,2021-11-02,EMP01172,CC0083,EN,1,Step Increment,86809.69,CAD,CA,2021-11-03 10:00:00,PAYROLL
EVT00021702,2021-11-27,EMP02486,CC0040,IT,1,Lateral Deployment,,CAD,CAN,2021-11-28 06:00:00,CORE_HR
EVT00019923,2021-11-06,EMP03044,CC0031,EC,5,Step Increment,105652.77,SGD,SG,2021-11-07 14:00:00,PAYROLL
EVT00021280,2021-11-12,EMP04819,CC0074,IT,2,Leave Return,,MXN,MEX,2021-11-13 04:00:00,CORE_HR
EVT00021070,2021-11-15,EMP01292,CC0113,AS,3,Departure,,CAD,CAN,2021-11-15 19:00:00,CORE_HR
EVT00021354,2021-11-24,EMP03287,CC0060,EX,3,Leave Start,,CAD,CAN,2021-11-25 11:00:00,CORE_HR
EVT00020526,2021-11-09,EMP04180,CC0022,IT,5,Promotion,124723.88,CAD,CA,2021-11-10 09:00:00,PAYROLL
EVT00021794,2021-11-14,EMP00113,CC0084,IT,2,Step Increment,88015.43,CAD,CAN,2021-11-14 19:00:00,CORE_HR
EVT00021849,2021-11-25,EMP03645,CC0054,FI,3,Departure,,USD,USA,2021-11-28 09:00:00,CORE_HR
EVT00021387,2021-11-27,EMP04235,CC0006,IT,1,Performance Pay,4642.73,CAD,CAN,2021-11-30 06:00:00,CORE_HR
EVT00021827,2021-11-01,EMP04165,CC0055,EC,1,Hire,78818.08,CAD,CA,2021-11-02 01:00:00,PAYROLL
EVT00020134,2021-11-23,EMP00537,CC0028,FI,2,Step Increment,77158.96,CAD,CA,2021-11-23 14:00:00,PAYROLL
EVT00021212,2021-11-17,EMP02235,CC0017,AS,5,Leave Start,,CAD,CA,2021-11-18 04:00:00,PAYROLL
EVT00021005,2021-11-20,EMP04024,CC0115,PA,1,Leave Return,,CAD,CA,2021-11-20 21:00:00,PAYROLL
EVT00021062,2021-11-15,EMP03809,CC0023,CR,4,Lateral Deployment,,CAD,CA,2021-11-15 09:00:00,PAYROLL
EVT00021449,2021-11-09,EMP04570,CC0006,EC,3,Hire,92695.38,CAD,CAN,2021-11-10 05:00:00,CORE_HR
EVT00020874,2021-11-18,EMP04590,CC0101,PA,2,Step Increment,72074.1,CAD,CAN,2021-11-18 08:00:00,CORE_HR
EVT00021444,2021-11-07,EMP02121,CC0055,FI,1,Leave Return,,CAD,CAN,2021-11-07 23:00:00,CORE_HR
EVT00020271,2021-11-10,EMP03152,CC0117,FI,2,Performance Pay,5414.23,CAD,CAN,2021-11-10 11:00:00,CORE_HR
EVT00021606,2021-11-08,EMP03833,CC0119,FI,4,Promotion,102745.75,CAD,CAN,2021-11-08 20:00:00,CORE_HR
EVT00021851,2021-11-21,EMP04562,CC0069,EN,1,Leave Return,,CAD,CAN,2021-11-21 09:00:00,CORE_HR
EVT00020845,2021-11-24,EMP03408,CC0016,EC,1,Lateral Deployment,,CAD,CAN,2021-11-25 14:00:00,CORE_HR
EVT00021590,2021-11-18,EMP02974,CC0075,EX,3,Hire,158135.98,CAD,CAN,2021-11-19 15:00:00,CORE_HR
EVT00021208,2021-11-26,EMP03717,CC0005,PA,4,Leave Start,,CAD,CA,2021-11-27 08:00:00,PAYROLL
EVT00019942,2021-11-07,EMP02093,CC0066,EX,3,Step Increment,174265.92,CAD,CAN,2021-11-08 15:00:00,CORE_HR
EVT00021010,2021-11-11,EMP00251,CC0084,FI,4,Leave Start,,CAD,CAN,2021-11-12 04:00:00,CORE_HR
EVT00021777,2021-11-15,EMP04770,CC0038,EC,2,Step Increment,86367.3,CAD,CA,2021-11-16 08:00:00,PAYROLL
EVT00020607,2021-11-13,EMP02429,CC0097,AS,1,Step Increment,52679.09,CAD,CAN,2021-11-14 05:00:00,CORE_HR
EVT00020107,2021-11-06,EMP01252,CC0008,EC,1,Leave Start,,CAD,CA,2021-11-06 16:00:00,PAYROLL
EVT00020850,2021-11-26,EMP02349,CC0055,CR,1,Step Increment,38304.81,CAD,CAN,2021-11-26 10:00:00,CORE_HR
EVT00020464,2021-11-24,EMP03613,CC0090,AS,2,Performance Pay,4513.11,CAD,CAN,2021-11-24 21:00:00,CORE_HR
EVT00020392,2021-11-25,EMP02823,CC0050,PA,2,Step Increment,68055.59,CAD,CAN,2021-11-25 23:00:00,CORE_HR
EVT00021653,2021-11-01,EMP04378,CC0103,EX,1,Step Increment,141401.68,CAD,CA,2021-11-01 14:00:00,PAYROLL
EVT00020930,2021-11-20,EMP02435,CC0038,IT,2,Leave Start,,CAD,CAN,2021-11-21 08:00:00,CORE_HR
EVT00021163,2021-11-24,EMP02262,CC0100,FI,2,Step Increment,79712.97,CAD,CAN,2021-11-25 01:00:00,CORE_HR
EVT00021508,2021-11-17,EMP01444,CC0003,PA,4,Step Increment,83118.86,CAD,CAN,2021-11-18 09:00:00,CORE_HR
EVT00021838,2021-11-22,EMP00201,CC0110,EC,1,Lateral Deployment,,CAD,CA,2021-11-22 21:00:00,PAYROLL
EVT00020084,2021-11-08,EMP00866,CC0044,EC,4,Leave Start,,CAD,CAN,2021-11-09 10:00:00,CORE_HR
EVT00020209,2021-11-16,EMP00360,CC0003,AS,3,Departure,,CAD,CA,2021-11-17 03:00:00,PAYROLL
EVT00020591,2021-11-20,EMP04616,CC0001,FI,4,Performance Pay,7685.94,CAD,CAN,2021-11-20 06:00:00,CORE_HR
EVT00020949,2021-11-27,EMP04818,CC0052,PA,2,Step Increment,72476.48,CAD,CAN,2021-11-27 14:00:00,CORE_HR
EVT00020007,2021-11-22,EMP04141,CC0006,PA,2,Step Increment,88566.16,CAD,CAN,2021-11-22 06:00:00,CORE_HR
EVT00020543,2021-11-14,EMP03421,CC0083,IT,1,Promotion,78381.12,CAD,CAN,2021-11-14 16:00:00,CORE_HR
EVT00021068,2021-11-14,EMP04917,CC0091,IT,3,Promotion,108759.61,CAD,CAN,2021-11-14 18:00:00,CORE_HR
EVT00020314,2021-11-18,EMP01313,CC0069,IT,1,Step Increment,77271.48,CAD,CAN,2021-11-18 18:00:00,CORE_HR
EVT00020019,2021-11-05,EMP04673,CC0105,AS,4,Performance Pay,5010.83,GBP,GBR,2021-11-05 10:00:00,CORE_HR
EVT00021488,2021-11-03,EMP02140,CC0053,FI,4,Leave Start,,CAD,CAN,2021-11-03 21:00:00,CORE_HR
EVT00021712,2021-11-13,EMP01003,CC0013,CR,2,Step Increment,51344.99,CAD,CAN,2021-11-14 05:00:00,CORE_HR
EVT00020503,2021-11-02,EMP00474,CC0081,PA,2,Promotion,70100.01,CAD,CA,2021-11-02 08:00:00,PAYROLL
EVT00021623,2021-11-18,EMP00830,CC0057,PA,1,Promotion,58471.72,CAD,CAN,2021-11-19 10:00:00,CORE_HR
EVT00020756,2021-11-17,EMP01402,CC0099,EN,3,Step Increment,96834.51,CAD,CAN,2021-11-18 10:00:00,CORE_HR
EVT00021837,2021-11-24,EMP04518,CC0108,PA,3,Leave Start,,EUR,FRA,2021-11-24 19:00:00,CORE_HR
EVT00021867,2021-11-14,EMP04476,CC0102,FI,1,Step Increment,59847.68,CAD,CAN,2021-11-17 13:00:00,CORE_HR
EVT00021027,2021-11-24,EMP04362,CC0116,IT,2,Step Increment,88877.72,CAD,CAN,2021-11-25 01:00:00,CORE_HR
EVT00021014,2021-11-25,EMP03011,CC0081,FI,3,Hire,92533.34,CAD,CA,2021-11-26 09:00:00,PAYROLL
EVT00021543,2021-11-16,EMP03448,CC0120,IT,3,Step Increment,99366.49,CAD,CA,2021-11-17 07:00:00,PAYROLL
EVT00021437,2021-11-12,EMP00805,CC0116,EN,1,Leave Start,,CAD,CA,2021-11-13 01:00:00,PAYROLL
EVT00020772,2021-11-15,EMP00529,CC0087,FI,4,Leave Return,,CAD,CAN,2021-11-16 11:00:00,CORE_HR
EVT00020155,2021-11-03,EMP02658,CC0107,PA,1,Lateral Deployment,,CAD,CAN,2021-11-03 16:00:00,CORE_HR
EVT00021067,2021-11-10,EMP03163,CC0039,PA,3,Step Increment,85349.06,CAD,CA,2021-11-10 14:00:00,PAYROLL
EVT00020308,2021-11-19,EMP02754,CC0070,FI,1,Departure,,CAD,CA,2021-11-20 04:00:00,PAYROLL
EVT00020546,2021-11-10,EMP03318,CC0084,PA,3,Leave Start,,CAD,CAN,2021-11-10 07:00:00,CORE_HR
EVT00020588,2021-11-26,EMP02484,CC0089,EC,2,Departure,,CAD,CA,2021-11-27 08:00:00,PAYROLL
EVT00021266,2021-11-10,EMP00854,CC0061,CR,4,Leave Return,,CAD,CAN,2021-11-11 14:00:00,CORE_HR
EVT00021288,2021-11-20,EMP03127,CC0001,AS,3,Promotion,73667.51,CAD,CAN,2021-11-20 12:00:00,CORE_HR
EVT00020205,2021-11-16,EMP01735,CC0096,FI,1,Step Increment,76599.39,CAD,CAN,2021-11-17 11:00:00,CORE_HR
EVT00020450,2021-11-27,EMP02289,CC0043,AS,5,Leave Return,,CAD,CA,2021-11-28 06:00:00,PAYROLL
EVT00020059,2021-11-08,EMP01853,CC0009,EN,1,Performance Pay,12585.12,AED,ARE,2021-11-09 08:00:00,CORE_HR
EVT00020010,2021-11-11,EMP04473,CC0107,EN,1,Step Increment,86238.43,CAD,CAN,2021-11-12 08:00:00,CORE_HR
EVT00021277,2021-11-08,EMP04098,CC0111,PA,1,Lateral Deployment,,EUR,FR,2021-11-09 15:00:00,PAYROLL
EVT00020088,2021-11-27,EMP00661,CC0012,PA,1,Hire,54509.26,CAD,CA,2021-11-28 14:00:00,PAYROLL
EVT00021769,1900-01-01,EMP00210,CC0078,IT,2,Leave Start,,CAD,CA,2021-11-08 18:00:00,PAYROLL
EVT00021011,2021-11-06,EMP03349,CC0096,FI,2,Promotion,79013.24,CAD,CAN,2021-11-06 06:00:00,CORE_HR
EVT00020165,2021-11-09,EMP04557,CC0102,PA,4,Step Increment,81768.46,CAD,CAN,2021-11-10 12:00:00,CORE_HR
EVT00019903,2021-11-08,EMP04865,CC0070,EC,2,Hire,89947.79,CAD,CAN,2021-11-08 18:00:00,CORE_HR
EVT00021669,2021-11-27,EMP01896,CC0119,IT,2,Step Increment,91953.94,CAD,CA,2021-11-27 19:00:00,PAYROLL
EVT00019985,2021-11-13,EMP00317,CC0012,EX,2,Step Increment,158042.71,CAD,CAN,2021-11-14 09:00:00,CORE_HR
EVT00021257,2021-11-12,EMP00527,CC0112,IT,3,Step Increment,122162.88,CAD,CAN,2021-11-13 04:00:00,CORE_HR
EVT00020427,2021-11-13,EMP02266,CC0014,EC,2,Step Increment,104393.41,CAD,CA,2021-11-13 10:00:00,PAYROLL
EVT00020221,2021-11-17,EMP00351,CC0076,AS,3,Performance Pay,7430.06,CAD,CAN,2021-11-18 14:00:00,CORE_HR
EVT00021545,2021-11-21,EMP04008,CC0107,EX,2,Lateral Deployment,,CAD,CA,2021-11-21 12:00:00,PAYROLL
EVT00021830,2021-11-06,EMP03693,CC0048,FI,2,Hire,78686.59,CAD,CAN,2021-11-06 15:00:00,CORE_HR
EVT00019928,2021-11-08,EMP03302,CC0044,EN,2,Promotion,98318.24,CAD,CAN,2021-11-09 09:00:00,CORE_HR
EVT00020346,2021-11-16,EMP03379,CC0055,PA,1,Step Increment,49842.19,CAD,CAN,2021-11-16 06:00:00,CORE_HR
EVT00020654,2021-11-22,EMP01405,CC0066,PA,3,Departure,,CAD,CAN,2021-11-23 09:00:00,CORE_HR
EVT00020320,2021-11-21,EMP02566,CC0077,PA,4,Leave Start,,CAD,CA,2021-11-22 02:00:00,PAYROLL
EVT00020265,2021-11-17,EMP02435,CC0038,IT,2,Performance Pay,6835.24,CAD,CAN,2021-11-18 05:00:00,CORE_HR
EVT00020496,2021-11-21,EMP00542,CC0117,EX,1,Leave Start,,CAD,CAN,2021-11-22 08:00:00,CORE_HR
EVT00021560,2021-11-22,EMP02997,CC0085,FI,4,Step Increment,83819.95,CAD,CAN,2021-11-23 01:00:00,CORE_HR
EVT00021173,2021-11-08,EMP03126,CC0074,EX,1,Leave Start,,JPY,JP,2021-11-09 09:00:00,PAYROLL
EVT00020751,2021-11-05,EMP01198,CC0009,PA,2,Departure,,EUR,FRA,2021-11-05 09:00:00,CORE_HR
EVT00021614,2021-11-17,EMP01868,CC0093,CR,1,Step Increment,54676.57,CAD,CA,2021-11-18 08:00:00,PAYROLL
EVT00019986,2021-11-05,EMP03349,CC0096,FI,2,Leave Return,,CAD,CAN,2021-11-05 14:00:00,CORE_HR
EVT00019892,2021-11-27,EMP02351,CC0109,EX,1,Leave Start,,CAD,CAN,2021-11-28 21:00:00,CORE_HR
EVT00021061,2021-11-01,EMP00344,CC0024,CR,1,Lateral Deployment,,CAD,CA,2021-11-02 00:00:00,PAYROLL
EVT00020669,2021-11-17,EMP01403,CC0107,PA,2,Lateral Deployment,,CAD,CAN,2021-11-17 09:00:00,CORE_HR
EVT00020438,2021-11-02,EMP01063,CC0092,EC,3,Lateral Deployment,,CAD,CA,2021-11-02 19:00:00,PAYROLL
EVT00019992,2021-11-18,EMP01144,CC0107,IT,2,Step Increment,96045.68,CAD,CAN,2021-11-19 15:00:00,CORE_HR
EVT00020528,2021-11-18,EMP02033,CC0033,IT,1,Leave Start,,CAD,CAN,2021-11-18 12:00:00,CORE_HR
EVT00020821,2021-11-04,EMP03264,CC0089,FI,1,Leave Return,,CAD,CA,2021-11-04 06:00:00,PAYROLL
EVT00021732,2021-11-06,EMP00914,CC0081,PA,3,Step Increment,74064.19,CAD,CA,2021-11-07 09:00:00,PAYROLL
EVT00020082,2021-11-02,EMP02336,CC0005,AS,1,Step Increment,50862.94,CAD,CA,2021-11-03 07:00:00,PAYROLL
EVT00019943,2021-11-12,EMP02652,CC0031,IT,3,Step Increment,10352109.15,JPY,JP,2021-11-12 13:00:00,PAYROLL
EVT00021255,2021-11-16,EMP03277,CC0060,IT,1,Step Increment,75322.7,CAD,CAN,2021-11-16 07:00:00,CORE_HR
EVT00021482,2021-11-11,EMP02276,CC0099,IT,2,Step Increment,86280.77,CAD,CAN,2021-11-12 12:00:00,CORE_HR
EVT00020130,2021-11-13,EMP03074,CC0075,PA,2,Leave Start,,CAD,CA,2021-11-13 22:00:00,PAYROLL
EVT00020247,2021-11-09,EMP02443,CC0105,PA,3,Step Increment,4248247.54,INR,IND,2021-11-09 12:00:00,CORE_HR
EVT00021193,2021-11-13,EMP03447,CC0026,EC,1,Step Increment,85526.51,CAD,CA,2021-11-13 18:00:00,PAYROLL
EVT00021589,2021-11-11,EMP04416,CC0051,EC,2,Step Increment,67444.56,CAD,CAN,2021-11-11 23:00:00,CORE_HR
EVT00021377,2021-11-11,EMP03908,CC0026,EN,2,Step Increment,85659.22,CAD,CA,2021-11-11 18:00:00,PAYROLL
EVT00021187,2021-11-24,EMP00885,CC0040,EC,4,Departure,,CAD,CA,2021-11-25 10:00:00,PAYROLL
EVT00020455,2021-11-07,EMP02536,CC0039,IT,1,Lateral Deployment,,CAD,CAN,2021-11-07 21:00:00,CORE_HR
EVT00020769,2021-11-13,EMP04420,CC0083,IT,4,Hire,124609.23,CAD,CA,2021-11-14 13:00:00,PAYROLL
EVT00019927,2021-11-25,EMP03116,CC0065,PA,1,Leave Start,,AED,AE,2021-11-25 12:00:00,PAYROLL
EVT00019966,2021-11-12,EMP04290,CC0008,CR,2,Lateral Deployment,,CAD,CAN,2021-11-12 21:00:00,CORE_HR
EVT00021099,2021-11-10,EMP03093,CC0079,EN,1,Lateral Deployment,,CAD,CAN,2021-11-10 13:00:00,CORE_HR
EVT00020215,2021-11-20,EMP04927,CC0058,AS,4,Step Increment,94038.65,CAD,CA,2021-11-20 22:00:00,PAYROLL
EVT00020963,2021-11-27,EMP04848,CC0045,PA,3,Lateral Deployment,,CAD,CAN,2021-11-27 17:00:00,CORE_HR
EVT00019896,2021-11-25,EMP04959,CC0096,AS,4,Performance Pay,5415.22,CAD,CAN,2021-11-26 03:00:00,CORE_HR
EVT00021724,2021-11-14,EMP01066,CC0112,FI,2,Step Increment,82198.11,CAD,CAN,2021-11-15 04:00:00,CORE_HR
EVT00020131,2021-11-10,EMP04302,CC0053,AS,3,Leave Return,,CAD,CA,2021-11-11 06:00:00,PAYROLL
EVT00019878,2021-11-08,EMP00798,CC0033,EN,2,Leave Return,,CAD,CAN,2021-11-08 22:00:00,CORE_HR
EVT00021816,2021-11-25,EMP02613,CC0103,PA,2,Lateral Deployment,,CAD,CAN,2021-11-26 14:00:00,CORE_HR
EVT00020870,2021-11-13,EMP00993,CC0056,IT,4,Hire,109062.33,CAD,CAN,2021-11-13 18:00:00,CORE_HR
EVT00020119,2021-11-22,EMP04259,CC0020,PA,3,Step Increment,76674.83,CAD,CAN,2021-11-22 07:00:00,CORE_HR
EVT00020699,2021-11-25,EMP00027,CC0089,AS,1,Step Increment,52623.44,CAD,CAN,2021-11-26 12:00:00,CORE_HR
EVT00021775,2021-11-08,EMP04571,CC0063,PA,1,Leave Return,,CAD,CA,2021-11-09 09:00:00,PAYROLL
EVT00020864,2021-11-22,EMP01407,CC0012,PA,4,Leave Start,,CAD,CAN,2021-11-23 01:00:00,CORE_HR
EVT00021849,2021-11-25,EMP03645,CC0054,FI,3,Departure,,USD,USA,2021-11-26 06:00:00,CORE_HR
EVT00020211,2021-11-05,EMP03256,CC0053,PA,1,Performance Pay,4660.89,CAD,CAN,2021-11-05 15:00:00,CORE_HR
EVT00020348,2021-11-10,EMP00875,CC0008,CR,1,Step Increment,45055.53,CAD,CAN,2021-11-11 07:00:00,CORE_HR
EVT00020096,2021-11-14,EMP01991,CC0102,PA,2,Lateral Deployment,,CAD,CA,2021-11-15 10:00:00,PAYROLL
EVT00020197,2021-11-15,EMP03737,CC0089,CR,1,Departure,,CAD,CA,2021-11-16 10:00:00,PAYROLL
EVT00020941,2021-11-17,EMP03904,CC0039,IT,3,Hire,112485.76,CAD,CAN,2021-11-18 15:00:00,CORE_HR
EVT00019936,2021-11-05,EMP02320,CC0010,PA,1,Lateral Deployment,,CAD,CA,2021-11-06 02:00:00,PAYROLL
EVT00021283,2021-11-02,EMP00162,CC0110,IT,5,Step Increment,141581.95,CAD,CAN,2021-11-02 07:00:00,CORE_HR
EVT00020441,2021-11-04,EMP04818,CC0052,PA,2,Leave Return,,CAD,CAN,2021-11-04 09:00:00,CORE_HR
EVT00020458,2021-11-08,EMP03076,CC0015,FI,1,Departure,,CAD,CA,2021-11-09 15:00:00,PAYROLL
EVT00021806,2021-11-15,EMP02805,CC0011,EN,1,Step Increment,84803.89,CAD,CAN,2021-11-15 21:00:00,CORE_HR
EVT00020736,2021-11-19,EMP01880,CC0118,EX,1,Lateral Deployment,,CAD,CAN,2021-11-19 15:00:00,CORE_HR
EVT00021300,2021-11-24,EMP03600,CC0049,AS,2,Promotion,36239.49,GBP,GB,2021-11-25 13:00:00,PAYROLL
EVT00020457,2021-11-26,EMP01238,CC0120,FI,1,Step Increment,56437.27,CAD,CAN,2021-11-27 12:00:00,CORE_HR
EVT00019925,2021-11-26,EMP03535,CC0049,PA,3,Leave Return,,EUR,FRA,2021-11-27 10:00:00,CORE_HR
EVT00021050,2021-11-07,EMP02638,CC0092,EC,2,Leave Return,,CAD,CAN,2021-11-07 22:00:00,CORE_HR
EVT00020374,2021-11-08,EMP03321,CC0023,PA,2,Leave Start,,CAD,CA,2021-11-08 22:00:00,PAYROLL
EVT00019978,2021-11-09,EMP02667,CC0020,EN,5,Hire,119298.55,CAD,CAN,2021-11-09 09:00:00,CORE_HR
EVT00021158,2021-11-09,EMP00607,CC0094,EN,2,Leave Start,,CAD,CAN,2021-11-10 03:00:00,CORE_HR
EVT00020652,2021-11-27,EMP00127,CC0047,PA,1,Leave Return,,CAD,CA,2021-11-27 09:00:00,PAYROLL
EVT00021287,2021-11-08,EMP00524,CC0057,PA,4,Hire,88314.8,CAD,CAN,2021-11-08 23:00:00,CORE_HR
EVT00020485,2021-11-07,EMP03515,CC0071,PA,4,Step Increment,86321.59,CAD,CAN,2021-11-07 20:00:00,CORE_HR
EVT00019993,2021-11-22,EMP00902,CC0020,CR,4,Step Increment,62581.5,CAD,CA,2021-11-22 14:00:00,PAYROLL
EVT00021295,2021-11-08,EMP02521,CC0045,IT,1,Step Increment,76419.64,CAD,CAN,2021-11-09 01:00:00,CORE_HR
EVT00021140,2021-11-08,EMP00074,CC0030,IT,2,Departure,,AED,AE,2021-11-09 09:00:00,PAYROLL
EVT00019856,2021-11-11,EMP01149,CC0085,EN,2,Leave Return,,CAD,CAN,2021-11-12 14:00:00,CORE_HR
EVT00020030,2021-11-09,EMP03453,CC0020,EC,5,Leave Return,,CAD,CAN,2021-11-10 03:00:00,CORE_HR
EVT00020857,2021-11-13,EMP01316,CC0030,PA,4,Leave Return,,INR,IND,2021-11-13 16:00:00,CORE_HR
EVT00019889,2021-11-22,EMP02874,CC0080,IT,1,Leave Return,,USD,USA,2021-11-22 22:00:00,CORE_HR
EVT00021264,2021-11-06,EMP01920,CC0071,EN,3,Hire,108597.9,CAD,CA,2021-11-07 03:00:00,PAYROLL
EVT00021272,2021-11-05,EMP01356,CC0005,AS,3,Performance Pay,7903.8,CAD,CAN,2021-11-06 07:00:00,CORE_HR
EVT00020708,2021-11-17,EMP01454,CC0041,AS,2,Step Increment,59848.54,CAD,CAN,2021-11-18 14:00:00,CORE_HR
EVT00021436,2021-11-25,EMP00174,CC0115,IT,2,Lateral Deployment,,CAD,CA,2021-11-26 04:00:00,PAYROLL
EVT00021615,2021-11-01,EMP01404,CC0117,EN,3,Lateral Deployment,,CAD,CA,2021-11-02 13:00:00,PAYROLL
EVT00021421,2021-11-19,EMP01719,CC0017,PA,5,Step Increment,99331.42,CAD,CAN,2021-11-20 06:00:00,CORE_HR
EVT00019909,2021-11-01,EMP03640,CC0092,FI,3,Step Increment,84171.42,CAD,CA,2021-11-01 14:00:00,PAYROLL
EVT00021699,2021-11-06,EMP02794,CC0035,EC,2,Step Increment,77918.24,CAD,CAN,2021-11-07 02:00:00,CORE_HR
EVT00020593,2021-11-02,EMP01978,CC0042,PA,2,Hire,65333.59,CAD,CA,2021-11-02 23:00:00,PAYROLL
EVT00020345,2021-11-04,EMP04459,CC0108,EX,1,Performance Pay,967910.99,JPY,JPN,2021-11-05 05:00:00,CORE_HR
EVT00021580,2021-11-17,EMP00318,CC0037,AS,5,Performance Pay,6142.42,CAD,CA,2021-11-18 05:00:00,PAYROLL
EVT00021355,2021-11-09,EMP03778,CC0060,AS,1,Step Increment,59522.0,CAD,CAN,2021-11-09 07:00:00,CORE_HR
EVT00021004,2021-11-15,EMP02590,CC0021,AS,1,Leave Return,,CAD,CAN,2021-11-15 21:00:00,CORE_HR
EVT00021185,2021-11-10,EMP03883,CC0103,IT,2,Lateral Deployment,,CAD,CA,2021-11-11 08:00:00,PAYROLL
EVT00020207,2021-11-06,EMP04846,CC0033,PA,2,Leave Start,,CAD,CAN,2021-11-06 23:00:00,CORE_HR
EVT00021494,2021-11-07,EMP02662,CC0022,EC,1,Leave Return,,CAD,CA,2021-11-08 15:00:00,PAYROLL
EVT00020898,2021-11-10,EMP00236,CC0054,AS,2,Step Increment,5894043.42,KES,KEN,2021-11-10 10:00:00,CORE_HR
EVT00021835,2021-11-01,EMP03729,CC0042,EN,1,Leave Start,,CAD,CAN,2021-11-02 15:00:00,CORE_HR
EVT00021407,2021-11-05,EMP00844,CC0073,EN,3,Performance Pay,7756.25,CAD,CA,2021-11-06 05:00:00,PAYROLL
EVT00019845,2021-11-20,EMP03642,CC0037,EC,1,Step Increment,70953.06,CAD,CA,2021-11-21 20:00:00,PAYROLL
EVT00021812,2021-11-21,EMP00925,CC0100,EN,1,Step Increment,64517.51,CAD,CA,2021-11-21 23:00:00,PAYROLL
EVT00020293,2021-11-22,EMP01755,CC0047,PA,4,Departure,,CAD,CA,2021-11-22 09:00:00,PAYROLL
EVT00020400,2021-11-19,EMP02399,CC0083,EN,1,Step Increment,62389.26,CAD,CA,2021-11-20 12:00:00,PAYROLL
EVT00020999,2021-11-27,EMP04895,CC0047,AS,4,Lateral Deployment,,CAD,CAN,2021-11-27 23:00:00,CORE_HR
EVT00020126,2021-11-27,EMP03328,CC0066,IT,1,Step Increment,76773.41,CAD,CAN,2021-11-28 01:00:00,CORE_HR
EVT00020202,2021-11-26,EMP00837,CC0008,PA,4,Performance Pay,10072.4,CAD,CA,2021-11-27 00:00:00,PAYROLL
EVT00020339,2021-11-18,EMP00630,CC0070,AS,3,Hire,73287.59,CAD,CAN,2021-11-19 10:00:00,CORE_HR
EVT00021704,2021-11-22,EMP04583,CC0074,FI,1,Step Increment,43237.02,EUR,DEU,2021-11-22 17:00:00,CORE_HR
EVT00020173,2021-11-09,EMP00888,CC0113,PA,2,Step Increment,67919.77,CAD,CAN,2021-11-09 09:00:00,CORE_HR
EVT00021493,2021-11-03,EMP03089,CC0031,EN,4,Hire,12672169.2,KES,KE,2021-11-03 07:00:00,PAYROLL
EVT00020136,2021-11-21,EMP02636,CC0113,FI,3,Leave Start,,CAD,CAN,2021-11-21 22:00:00,CORE_HR
EVT00021290,2021-11-15,EMP00820,CC0069,PA,3,Performance Pay,10245.1,XXX,CA,2021-11-16 15:00:00,PAYROLL
EVT00020522,2021-11-09,EMP02626,CC0033,CR,2,Step Increment,51534.77,CAD,CAN,2021-11-10 10:00:00,CORE_HR
EVT00019846,2021-11-27,EMP02924,CC0058,PA,2,Hire,68271.71,CAD,CA,2021-11-28 12:00:00,PAYROLL
EVT00020189,2021-11-26,EMP00843,CC0090,AS,3,Performance Pay,8448.12,CAD,CAN,2021-11-27 00:00:00,CORE_HR
EVT00021202,2021-11-05,EMP04689,CC0044,FI,4,Performance Pay,11040.73,CAD,CAN,2021-11-05 18:00:00,CORE_HR
EVT00019890,2021-11-06,EMP02338,CC0011,PA,1,Step Increment,64061.28,CAD,CAN,2021-11-07 09:00:00,CORE_HR
EVT00020323,2021-11-01,EMP02289,CC0043,AS,5,Step Increment,102474.6,CAD,CA,2021-11-02 02:00:00,PAYROLL
EVT00020805,2021-11-09,EMP03286,CC0025,IT,5,Step Increment,137535.23,CAD,CAN,2021-11-09 06:00:00,CORE_HR
EVT00020087,2021-11-10,EMP01504,CC0090,IT,2,Step Increment,84556.88,CAD,CAN,2021-11-10 20:00:00,CORE_HR
EVT00020306,2021-11-18,EMP00580,CC0112,PA,5,Performance Pay,13023.5,CAD,CAN,2021-11-18 21:00:00,CORE_HR
EVT00021519,2021-11-17,EMP04419,CC0067,PA,2,Lateral Deployment,,CAD,CAN,2021-11-18 06:00:00,CORE_HR
EVT00021397,2021-11-20,EMP03654,CC0074,EN,2,Step Increment,59376.37,EUR,DEU,2021-11-20 21:00:00,CORE_HR
EVT00020381,2021-11-10,EMP03965,CC0009,PA,1,Step Increment,39673.59,GBP,GBR,2021-11-10 14:00:00,CORE_HR
EVT00020444,2021-11-13,EMP04864,CC0102,AS,3,Step Increment,62774.29,CAD,CA,2021-11-14 14:00:00,PAYROLL
EVT00021154,2021-11-07,EMP01344,CC0040,AS,3,Leave Start,,CAD,CA,2021-11-07 19:00:00,PAYROLL
EVT00020965,2021-11-01,EMP00963,CC0101,EC,2,Leave Return,,CAD,CA,2021-11-01 11:00:00,PAYROLL
EVT00021241,2021-11-22,EMP02895,CC0086,CR,3,Step Increment,40070.46,EUR,DE,2021-11-23 11:00:00,PAYROLL
EVT00020519,2021-11-08,EMP00582,CC0110,PA,1,Performance Pay,5187.41,CAD,CAN,2021-11-08 11:00:00,CORE_HR
EVT00020489,2021-11-20,EMP00178,CC0112,EC,2,Step Increment,65728.46,CAD,CA,2021-11-20 21:00:00,PAYROLL
EVT00020611,2021-11-11,EMP02046,CC0077,IT,5,Performance Pay,16071.85,CAD,CAN,2021-11-12 04:00:00,CORE_HR
EVT00021083,2021-11-02,EMP00526,CC0108,IT,1,Step Increment,8591424.54,KES,KEN,2021-11-03 11:00:00,CORE_HR
EVT00020700,2021-11-20,EMP03831,CC0111,FI,2,Leave Return,,EUR,FR,2021-11-20 23:00:00,PAYROLL
EVT00021089,2021-11-22,EMP01952,CC0118,IT,2,Performance Pay,8394.9,CAD,CAN,2021-11-23 07:00:00,CORE_HR
EVT00021118,2021-11-03,EMP01618,CC0101,IT,1,Leave Return,,CAD,CAN,2021-11-04 11:00:00,CORE_HR
EVT00020758,2021-11-08,EMP01391,CC0073,EC,2,Leave Start,,CAD,CAN,2021-11-08 11:00:00,CORE_HR
EVT00020604,2021-11-18,EMP02133,CC0058,PA,2,Step Increment,71361.52,CAD,CA,2021-11-19 13:00:00,PAYROLL
EVT00020269,2021-11-02,EMP04207,CC0070,PA,2,Leave Start,,XXX,CAN,2021-11-03 09:00:00,CORE_HR
EVT00021221,2021-11-15,EMP01554,CC0047,CR,5,Promotion,70600.38,CAD,CA,2021-11-16 20:00:00,PAYROLL
EVT00019861,2021-11-15,EMP03248,CC0088,IT,3,Leave Return,,SGD,SG,2021-11-16 00:00:00,PAYROLL
EVT00021772,2021-11-14,EMP03398,CC0114,AS,4,Leave Start,,CAD,CA,2021-11-15 23:00:00,PAYROLL
EVT00019845,2021-11-20,EMP03642,CC0037,EC,1,Step Increment,70953.06,CAD,CA,2021-11-20 11:00:00,PAYROLL
EVT00021474,2021-11-22,EMP04079,CC0064,EN,2,Step Increment,87100.24,CAD,CA,2021-11-22 08:00:00,PAYROLL
EVT00020398,2021-11-27,EMP01427,CC0074,EX,2,Leave Start,,KES,KEN,2021-11-28 04:00:00,CORE_HR
EVT00021746,2021-11-12,EMP00051,CC0099,EN,4,Hire,152639.84,CAD,CAN,2021-11-12 18:00:00,CORE_HR
EVT00021033,2021-11-25,EMP01480,CC0103,IT,2,Leave Return,,CAD,CA,2021-11-25 07:00:00,PAYROLL
EVT00020250,2021-11-06,EMP03336,CC0027,AS,1,Promotion,56918.95,CAD,CA,2021-11-07 12:00:00,PAYROLL
EVT00021687,2021-11-01,EMP01756,CC0041,EC,3,Step Increment,102062.44,CAD,CAN,2021-11-01 14:00:00,CORE_HR
EVT00020310,2021-11-17,EMP00491,CC0043,PA,3,Departure,,CAD,CAN,2021-11-17 16:00:00,CORE_HR
EVT00020656,2021-11-19,EMP00482,CC0111,PA,1,Hire,5054273.94,KES,KEN,2021-11-20 04:00:00,CORE_HR
EVT00020787,2021-11-23,EMP01836,CC0011,EC,2,Step Increment,88326.62,CAD,CAN,2021-11-23 09:00:00,CORE_HR
EVT00020671,2021-11-06,EMP01438,CC0111,CR,3,Performance Pay,86886.74,MXN,MX,2021-11-07 12:00:00,PAYROLL
EVT00021395,2021-11-11,EMP03371,CC0022,AS,2,Leave Start,,CAD,CAN,2021-11-12 08:00:00,CORE_HR
EVT00020558,2021-11-20,EMP04417,CC0077,AS,3,Promotion,67227.2,CAD,CAN,2021-11-21 12:00:00,CORE_HR
EVT00021848,2021-11-27,EMP02797,CC0014,AS,1,Step Increment,56100.1,CAD,CAN,2021-11-27 10:00:00,CORE_HR
EVT00021253,2021-11-26,EMP01491,CC0069,IT,2,Step Increment,93773.46,CAD,CA,2021-11-26 15:00:00,PAYROLL
EVT00021198,2021-11-07,EMP04892,CC0018,EC,4,Step Increment,110677.88,CAD,CAN,2021-11-08 05:00:00,CORE_HR
EVT00021279,2021-11-27,EMP01562,CC0046,CR,4,Step Increment,268045.05,BRL,BRA,2021-11-28 00:00:00,CORE_HR
EVT00021223,2021-11-12,EMP04373,CC0032,PA,1,Step Increment,57916.34,CAD,CA,2021-11-13 10:00:00,PAYROLL
EVT00021577,2021-11-25,EMP03357,CC0013,IT,3,Departure,,CAD,CAN,2021-11-25 06:00:00,CORE_HR
EVT00021311,2021-11-04,EMP04637,CC0080,PA,1,Leave Start,,BRL,BRA,2021-11-05 07:00:00,CORE_HR
EVT00020319,2021-11-02,EMP00056,CC0025,EN,3,Step Increment,83775.17,CAD,CA,2021-11-02 17:00:00,PAYROLL
EVT00021222,2021-11-15,EMP04617,CC0049,AS,3,Lateral Deployment,,KES,KEN,2021-11-16 13:00:00,CORE_HR
EVT00020261,2021-11-18,EMP00141,CC0086,IT,1,Step Increment,51907.15,USD,USA,2021-11-19 10:00:00,CORE_HR
EVT00021865,2021-11-15,EMP01732,CC0072,EC,3,Departure,,CAD,CAN,2021-11-16 01:00:00,CORE_HR
EVT00020228,2021-11-04,EMP02025,CC0108,PA,1,Lateral Deployment,,INR,IN,2021-11-04 23:00:00,PAYROLL
EVT00020905,2021-11-08,EMP02781,CC0053,PA,1,Lateral Deployment,,CAD,CAN,2021-11-08 23:00:00,CORE_HR
EVT00020749,2021-11-11,EMP02104,CC0084,EX,1,Step Increment,120391.91,CAD,CA,2021-11-12 02:00:00,PAYROLL
EVT00021786,2021-11-06,EMP02476,CC0064,AS,3,Leave Start,,CAD,CAN,2021-11-06 19:00:00,CORE_HR
EVT00020970,2021-11-02,EMP03179,CC0049,AS,5,Step Increment,9546441.04,KES,KEN,2021-11-03 14:00:00,CORE_HR
EVT00021725,1900-01-01,EMP04568,CC0052,FI,4,Leave Start,,CAD,CAN,2021-11-04 09:00:00,CORE_HR
EVT00020350,2021-11-10,EMP01056,CC0064,CR,3,Lateral Deployment,,CAD,CAN,2021-11-11 17:00:00,CORE_HR
EVT00021591,2021-11-19,EMP00408,CC0025,PA,4,Performance Pay,6251.38,CAD,CAN,2021-11-20 09:00:00,CORE_HR
EVT00020702,2021-11-25,EMP01422,CC0099,IT,2,Lateral Deployment,,CAD,CA,2021-11-25 22:00:00,PAYROLL
EVT00020729,2021-11-10,EMP01990,CC0096,CR,2,Leave Return,,CAD,CAN,2021-11-11 05:00:00,CORE_HR
EVT00020425,2021-11-23,EMP01404,CC0117,EN,3,Departure,,CAD,CA,2021-11-24 09:00:00,PAYROLL
EVT00021343,2021-11-08,EMP00256,CC0088,IT,1,Step Increment,8143482.65,KES,KEN,2021-11-09 04:00:00,CORE_HR
EVT00021823,2021-11-08,EMP00472,CC0031,FI,2,Leave Return,,KES,KEN,2021-11-09 04:00:00,CORE_HR
EVT00020598,2021-11-27,EMP00483,CC0091,EC,3,Leave Start,,CAD,CAN,2021-11-28 11:00:00,CORE_HR
EVT00021461,2021-11-16,EMP04769,CC0060,AS,1,Leave Return,,CAD,CAN,2021-11-17 11:00:00,CORE_HR
EVT00021608,2021-11-18,EMP02745,CC0079,AS,2,Step Increment,70525.5,CAD,CAN,2021-11-18 19:00:00,CORE_HR
EVT00019930,2021-11-10,EMP02257,CC0120,EX,1,Step Increment,128644.39,CAD,CAN,2021-11-11 13:00:00,CORE_HR
EVT00020149,2021-11-02,EMP00954,CC0115,EN,2,Step Increment,101476.63,CAD,CAN,2021-11-03 05:00:00,CORE_HR
EVT00020566,2021-11-24,EMP04045,CC0014,AS,2,Lateral Deployment,,CAD,CA,2021-11-24 09:00:00,PAYROLL
EVT00020536,2021-11-22,EMP04414,CC0012,CR,1,Step Increment,37508.49,CAD,CA,2021-11-22 07:00:00,PAYROLL
EVT00020900,2021-11-24,EMP02919,CC0007,PA,2,Leave Start,,SGD,SGP,2021-11-25 05:00:00,CORE_HR
EVT00020047,2021-11-01,EMP00785,CC0111,EC,2,Step Increment,8950046.31,JPY,JPN,2021-11-02 12:00:00,CORE_HR
EVT00020816,2021-11-23,EMP02891,CC0007,PA,4,Performance Pay,24157.49,BRL,BR,2021-11-23 07:00:00,PAYROLL
EVT00021428,2021-11-04,EMP00886,CC0055,PA,1,Performance Pay,3588.05,CAD,CA,2021-11-05 14:00:00,PAYROLL
EVT00020621,2021-11-03,EMP02767,CC0102,IT,3,Leave Start,,CAD,CA,2021-11-04 08:00:00,PAYROLL
EVT00020781,2021-11-20,EMP00990,CC0068,IT,1,Departure,,CAD,CAN,2021-11-20 21:00:00,CORE_HR
EVT00019851,2021-11-11,EMP02435,CC0038,IT,2,Step Increment,86281.13,CAD,CAN,2021-11-11 23:00:00,CORE_HR
EVT00020443,2021-11-03,EMP02029,CC0103,IT,1,Lateral Deployment,,CAD,CAN,2021-11-03 09:00:00,CORE_HR
EVT00021657,2021-11-14,EMP02644,CC0100,EC,2,Step Increment,82608.56,CAD,CAN,2021-11-14 22:00:00,CORE_HR
EVT00021694,2021-11-05,EMP01900,CC0110,AS,1,Step Increment,45434.5,CAD,CA,2021-11-06 14:00:00,PAYROLL
EVT00020889,2021-11-23,EMP02209,CC0022,EX,1,Performance Pay,13008.5,CAD,CAN,2021-11-23 22:00:00,CORE_HR
EVT00021106,2021-11-19,EMP02549,CC0093,IT,1,Step Increment,81051.89,CAD,CA,2021-11-19 20:00:00,PAYROLL
EVT00020679,2021-11-11,EMP00013,CC0028,IT,2,Step Increment,94837.08,CAD,CAN,2021-11-12 08:00:00,CORE_HR
EVT00021226,2021-11-24,EMP00280,CC0043,IT,2,Step Increment,99827.07,CAD,CAN,2021-11-25 04:00:00,CORE_HR
EVT00020424,2021-11-22,EMP04271,CC0032,IT,1,Departure,,CAD,CAN,2021-11-23 05:00:00,CORE_HR
EVT00020433,2021-11-16,EMP00038,CC0101,PA,3,Departure,,CAD,CA,2021-11-17 04:00:00,PAYROLL
EVT00020412,2021-11-10,EMP03742,CC0107,EN,2,Step Increment,89322.88,CAD,CAN,2021-11-10 16:00:00,CORE_HR
EVT00020897,2021-11-25,EMP01034,CC0100,FI,4,Leave Start,,CAD,CA,2021-11-25 20:00:00,PAYROLL
EVT00021722,2021-11-17,EMP01633,CC0115,EC,2,Performance Pay,11071.52,CAD,CA,2021-11-17 20:00:00,PAYROLL
EVT00021826,2021-11-21,EMP01950,CC0051,IT,1,Departure,,CAD,CAN,2021-11-21 16:00:00,CORE_HR
EVT00020843,2021-11-21,EMP03638,CC0025,PA,1,Lateral Deployment,,CAD,CAN,2021-11-21 16:00:00,CORE_HR
EVT00020793,2021-11-13,EMP03350,CC0053,PA,5,Leave Start,,CAD,CA,2021-11-14 12:00:00,PAYROLL
EVT00021780,2021-11-12,EMP01433,CC0037,FI,3,Lateral Deployment,,CAD,CAN,2021-11-13 06:00:00,CORE_HR
EVT00020483,2021-11-07,EMP04790,CC0060,IT,1,Performance Pay,8872.13,CAD,CAN,2021-11-07 13:00:00,CORE_HR
EVT00020978,2021-11-11,EMP01783,CC0083,PA,2,Leave Return,,CAD,CAN,2021-11-12 05:00:00,CORE_HR
EVT00021611,2021-11-06,EMP01977,CC0023,IT,2,Performance Pay,6673.9,CAD,CA,2021-11-07 11:00:00,PAYROLL
EVT00020013,2021-11-20,EMP03905,CC0034,PA,2,Step Increment,75772.2,CAD,CAN,2021-11-22 17:00:00,CORE_HR
EVT00021296,2021-11-27,EMP00691,CC0101,PA,2,Step Increment,73117.9,CAD,CAN,2021-11-27 06:00:00,CORE_HR
EVT00021302,2021-11-27,EMP04265,CC0062,AS,4,Step Increment,73101.21,CAD,CA,2021-11-27 15:00:00,PAYROLL
EVT00020595,2021-11-16,EMP02157,CC0036,EC,2,Departure,,CAD,CA,2021-11-16 18:00:00,PAYROLL
EVT00021190,2021-11-17,EMP04844,CC0094,AS,1,Promotion,59933.61,CAD,CA,2021-11-18 04:00:00,PAYROLL
EVT00021335,2021-11-20,EMP00924,CC0031,EN,2,Performance Pay,7291.43,EUR,DEU,2021-11-20 10:00:00,CORE_HR
EVT00020301,2021-11-12,EMP01810,CC0008,IT,1,Step Increment,80855.82,CAD,CAN,2021-11-13 12:00:00,CORE_HR
EVT00020609,2021-11-11,EMP01672,CC0077,EN,1,Leave Start,,CAD,CA,2021-11-12 05:00:00,PAYROLL
EVT00020687,2021-11-26,EMP04135,CC0029,EC,3,Leave Start,,GBP,GBR,2021-11-30 09:00:00,CORE_HR
EVT00021352,2021-11-13,EMP00094,CC0033,CR,5,Step Increment,67626.76,CAD,CA,2021-11-14 15:00:00,PAYROLL
EVT00020579,2021-11-19,EMP04260,CC0114,IT,4,Performance Pay,8645.07,CAD,CAN,2021-11-19 21:00:00,CORE_HR
EVT00021081,2021-11-17,EMP04817,CC0049,AS,1,Performance Pay,2849.66,AUD,AUS,2021-11-17 11:00:00,CORE_HR
EVT00020630,2021-11-20,EMP04039,CC0003,PA,4,Step Increment,82347.28,CAD,CAN,2021-11-21 01:00:00,CORE_HR
EVT00020540,2021-11-14,EMP01347,CC0071,EX,1,Step Increment,165462.06,CAD,CAN,2021-11-14 17:00:00,CORE_HR
EVT00021242,2021-11-22,EMP01382,CC0054,EX,3,Leave Return,,INR,IND,2021-11-22 16:00:00,CORE_HR
EVT00019945,2021-11-16,EMP00924,CC0031,EN,2,Step Increment,63894.63,GBP,GBR,2021-11-16 12:00:00,CORE_HR
EVT00021278,2021-11-14,EMP00342,CC0020,CR,4,Lateral Deployment,,CAD,CAN,2021-11-14 12:00:00,CORE_HR
EVT00021183,2021-11-17,EMP01303,CC0096,PA,2,Step Increment,71461.88,CAD,CA,2021-11-18 08:00:00,PAYROLL
EVT00020617,2021-11-16,EMP00374,CC0031,IT,1,Step Increment,7505495.07,KES,KEN,2021-11-16 22:00:00,CORE_HR
EVT00021458,2021-11-24,EMP04732,CC0019,CR,3,Leave Return,,CAD,CAN,2021-11-24 11:00:00,CORE_HR
EVT00020907,2021-11-27,EMP04492,CC0085,IT,2,Leave Start,,CAD,CAN,2021-11-28 10:00:00,CORE_HR
EVT00020774,2021-11-27,EMP01463,CC0071,EX,1,Leave Return,,CAD,CAN,2021-11-27 12:00:00,CORE_HR
EVT00020068,2021-11-16,EMP04766,CC0056,FI,2,Leave Start,,CAD,CA,2021-11-16 19:00:00,PAYROLL
EVT00020777,2021-11-06,EMP01596,CC0026,PA,1,Hire,65440.08,CAD,CAN,2021-11-06 20:00:00,CORE_HR
EVT00021587,2021-11-04,EMP00854,CC0061,CR,4,Leave Return,,CAD,CA,2021-11-05 04:00:00,PAYROLL
EVT00020757,2021-11-19,EMP00446,CC0004,PA,5,Lateral Deployment,,CAD,CAN,2021-11-20 05:00:00,CORE_HR
EVT00021072,2021-11-15,EMP03767,CC0014,IT,3,Performance Pay,8344.87,CAD,CAN,2021-11-15 15:00:00,CORE_HR
EVT00020937,2021-11-05,EMP00567,CC0082,PA,3,Step Increment,63686.57,CAD,CAN,2021-11-05 10:00:00,CORE_HR
EVT00020647,2021-11-22,EMP00834,CC0061,PA,1,Performance Pay,7687.77,CAD,CAN,2021-11-22 19:00:00,CORE_HR
EVT00020021,2021-11-18,EMP01326,CC0018,AS,2,Step Increment,56242.66,CAD,CAN,2021-11-19 15:00:00,CORE_HR
EVT00021799,2021-11-12,EMP00197,CC0100,PA,1,Step Increment,63894.68,CAD,CAN,2021-11-12 13:00:00,CORE_HR
EVT00019843,2021-11-03,EMP04604,CC0009,PA,3,Step Increment,216617.08,AED,AE,2021-11-03 13:00:00,PAYROLL
EVT00021450,2021-11-24,EMP04274,CC0109,EC,3,Leave Return,,CAD,CAN,2021-11-24 12:00:00,CORE_HR
EVT00021038,2021-11-13,EMP04884,CC0108,EN,3,Step Increment,1366541.03,MXN,MX,2021-11-14 03:00:00,PAYROLL
EVT00020741,2021-11-03,EMP02701,CC0020,IT,3,Leave Return,,CAD,CA,2021-11-04 12:00:00,PAYROLL
EVT00019869,2021-11-04,EMP00480,CC0099,EC,1,Step Increment,76151.1,CAD,CA,2021-11-04 11:00:00,PAYROLL
EVT00021248,2021-11-05,EMP02548,CC0117,AS,4,Departure,,CAD,CAN,2021-11-05 17:00:00,CORE_HR
EVT00020990,2021-11-15,EMP00274,CC0062,PA,1,Departure,,CAD,CAN,2021-11-16 06:00:00,CORE_HR
EVT00021331,2021-11-27,EMP00830,CC0057,PA,1,Leave Start,,CAD,CAN,2021-11-27 06:00:00,CORE_HR
EVT00020991,2021-11-19,EMP04844,CC0094,AS,1,Lateral Deployment,,CAD,CAN,2021-11-20 17:00:00,CORE_HR
EVT00021020,2021-11-01,EMP02565,CC0097,PA,5,Lateral Deployment,,CAD,CAN,2021-11-02 05:00:00,CORE_HR
EVT00020258,2021-11-02,EMP04677,CC0023,PA,2,Step Increment,75757.37,CAD,CAN,2021-11-03 06:00:00,CORE_HR
EVT00020327,2021-11-16,EMP03432,CC0039,AS,5,Leave Start,,CAD,CAN,2021-11-16 12:00:00,CORE_HR
EVT00021077,2021-11-23,EMP04019,CC0116,EC,4,Step Increment,97988.58,CAD,CAN,2021-11-24 11:00:00,CORE_HR
EVT00020364,2021-11-27,EMP00670,CC0049,IT,4,Step Increment,12190513.61,JPY,JPN,2021-11-28 04:00:00,CORE_HR
EVT00019968,2021-11-04,EMP04938,CC0046,EC,3,Step Increment,292577.07,AED,ARE,2021-11-04 09:00:00,CORE_HR
EVT00020625,2021-11-07,EMP01109,CC0116,PA,4,Step Increment,91363.6,CAD,CAN,2021-11-07 08:00:00,CORE_HR
EVT00021534,2021-11-17,EMP02524,CC0023,IT,1,Step Increment,73954.68,CAD,CAN,2021-11-17 22:00:00,CORE_HR
EVT00021346,2021-11-20,EMP02279,CC0093,EX,1,Lateral Deployment,,CAD,CA,2021-11-20 10:00:00,PAYROLL
EVT00019863,2021-11-27,EMP02196,CC0101,EC,1,Leave Return,,CAD,CAN,2021-11-28 01:00:00,CORE_HR
EVT00021162,2021-11-07,EMP03062,CC0070,CR,1,Leave Start,,CAD,CAN,2021-11-07 07:00:00,CORE_HR
EVT00021313,2021-11-14,EMP01861,CC0048,IT,1,Performance Pay,8738.68,CAD,CAN,2021-11-15 07:00:00,CORE_HR
EVT00020555,2021-11-21,EMP00537,CC0028,FI,2,Step Increment,75576.43,CAD,CA,2021-11-22 14:00:00,PAYROLL
EVT00020977,2021-11-16,EMP00825,CC0045,EN,2,Step Increment,91736.06,CAD,CAN,2021-11-16 14:00:00,CORE_HR
EVT00020570,2021-11-01,EMP00710,CC0071,AS,5,Leave Start,,CAD,CAN,2021-11-02 15:00:00,CORE_HR
EVT00020950,2021-11-20,EMP03359,CC0079,EN,3,Step Increment,103533.2,CAD,CA,2021-11-20 17:00:00,PAYROLL
EVT00021378,2021-11-12,EMP01207,CC0016,AS,3,Step Increment,64883.56,CAD,CAN,2021-11-13 14:00:00,CORE_HR
EVT00020830,2021-11-05,EMP00169,CC0016,PA,1,Leave Start,,CAD,CA,2021-11-05 06:00:00,PAYROLL
EVT00021634,2021-11-14,EMP04688,CC0044,PA,4,Step Increment,93654.38,CAD,CA,2021-11-15 13:00:00,PAYROLL
EVT00021116,2021-11-02,EMP00712,CC0102,IT,1,Leave Return,,CAD,CA,2021-11-03 09:00:00,PAYROLL
EVT00021112,2021-11-16,EMP02239,CC0076,IT,2,Step Increment,92536.73,CAD,CAN,2021-11-17 09:00:00,CORE_HR
EVT00020921,2021-11-04,EMP01279,CC0001,PA,2,Step Increment,64036.34,CAD,CAN,2021-11-04 06:00:00,CORE_HR
EVT00021408,2021-11-13,EMP04677,CC0023,PA,2,Performance Pay,2766.27,CAD,CAN,2021-11-14 05:00:00,CORE_HR
EVT00020188,2021-11-08,EMP02552,CC0109,EC,4,Step Increment,111488.18,CAD,CAN,2021-11-09 03:00:00,CORE_HR
EVT00020624,2021-11-24,EMP00149,CC0020,FI,1,Leave Start,,CAD,CAN,2021-11-24 18:00:00,CORE_HR
EVT00020168,2021-11-19,EMP01397,CC0044,FI,3,Promotion,83864.38,CAD,CAN,2021-11-20 08:00:00,CORE_HR
EVT00021016,2021-11-05,EMP03915,CC0081,PA,1,Leave Return,,CAD,CA,2021-11-05 08:00:00,PAYROLL
EVT00020714,2021-11-03,EMP01387,CC0072,AS,4,Departure,,CAD,CAN,2021-11-03 21:00:00,CORE_HR
EVT00021747,2021-11-25,EMP02567,CC0043,EX,2,Performance Pay,18200.41,CAD,CAN,2021-11-25 15:00:00,CORE_HR
EVT00020432,2021-11-08,EMP04626,CC0115,PA,1,Lateral Deployment,,CAD,CA,2021-11-08 12:00:00,PAYROLL
EVT00020333,2021-11-26,EMP04328,CC0062,IT,3,Step Increment,76908.81,CAD,CA,2021-11-26 07:00:00,PAYROLL
EVT00021373,2021-11-11,EMP02536,CC0039,IT,1,Lateral Deployment,,CAD,CAN,2021-11-11 10:00:00,CORE_HR
EVT00020578,2021-11-25,EMP04457,CC0099,IT,2,Hire,95024.14,CAD,CAN,2021-11-25 12:00:00,CORE_HR
EVT00021790,2021-11-10,EMP04936,CC0041,PA,2,Step Increment,66263.36,CAD,CA,2021-11-10 16:00:00,PAYROLL
EVT00021465,2021-11-25,EMP02918,CC0069,PA,3,Step Increment,66931.04,CAD,CAN,2021-11-25 17:00:00,CORE_HR
EVT00020486,2021-11-02,EMP00127,CC0047,PA,1,Leave Return,,CAD,CAN,2021-11-02 19:00:00,CORE_HR
EVT00021871,2021-11-01,EMP01741,CC0034,PA,1,Step Increment,63892.8,CAD,CAN,2021-11-01 23:00:00,CORE_HR
EVT00021330,2021-11-18,EMP04286,CC0028,IT,1,Promotion,67746.45,CAD,CA,2021-11-18 18:00:00,PAYROLL
EVT00021108,2021-11-26,EMP00669,CC0118,CR,3,Lateral Deployment,,CAD,CA,2021-11-27 12:00:00,PAYROLL
EVT00020233,2021-11-02,EMP00729,CC0105,PA,3,Step Increment,233949.12,BRL,BRA,2021-11-02 18:00:00,CORE_HR
EVT00021337,2021-11-16,EMP01667,CC0025,IT,3,Lateral Deployment,,CAD,CAN,2021-11-16 17:00:00,CORE_HR
EVT00019964,2021-11-08,EMP02298,CC0003,PA,3,Leave Start,,CAD,CA,2021-11-08 12:00:00,PAYROLL
EVT00021244,2021-11-24,EMP02576,CC0048,IT,2,Hire,90535.23,CAD,CAN,2021-11-24 19:00:00,CORE_HR
EVT00021308,2021-11-26,EMP01185,CC0119,PA,1,Step Increment,56054.71,CAD,CA,2021-11-26 21:00:00,PAYROLL
EVT00020091,2021-11-10,EMP01679,CC0111,PA,1,Step Increment,39715.06,GBP,GB,2021-11-10 19:00:00,PAYROLL
EVT00020497,2021-11-23,EMP02599,CC0087,PA,1,Lateral Deployment,,CAD,CAN,2021-11-23 10:00:00,CORE_HR
EVT00020818,2021-11-03,EMP01684,CC0011,PA,2,Step Increment,66755.32,CAD,CA,2021-11-03 08:00:00,PAYROLL
EVT00021480,2021-11-17,EMP01365,CC0086,EX,1,Promotion,95055.44,EUR,FRA,2021-11-17 21:00:00,CORE_HR
EVT00021092,2021-11-25,EMP04330,CC0110,FI,2,Step Increment,75999.44,CAD,CAN,2021-11-26 11:00:00,CORE_HR
EVT00021666,2021-11-09,EMP04482,CC0096,FI,2,Performance Pay,6873.22,CAD,CAN,2021-11-10 06:00:00,CORE_HR
EVT00021695,2021-11-27,EMP04517,CC0080,PA,1,Leave Start,,USD,USA,2021-11-27 20:00:00,CORE_HR
EVT00020154,2021-11-24,EMP03770,CC0101,EN,3,Leave Start,,CAD,CAN,2021-11-25 00:00:00,CORE_HR
EVT00020648,2021-11-04,EMP04552,CC0026,EN,2,Leave Start,,CAD,CAN,2021-11-05 03:00:00,CORE_HR
EVT00019848,2021-11-22,EMP03257,CC0109,EC,1,Step Increment,85026.28,CAD,CAN,2021-11-22 20:00:00,CORE_HR
EVT00020480,2021-11-11,EMP04657,CC0046,AS,2,Step Increment,3677587.34,INR,IND,2021-11-11 22:00:00,CORE_HR
EVT00021115,2021-11-07,EMP04558,CC0109,IT,2,Departure,,CAD,CAN,2021-11-07 06:00:00,CORE_HR
EVT00020872,2021-11-08,EMP04443,CC0083,FI,3,Step Increment,86129.46,CAD,CAN,2021-11-09 04:00:00,CORE_HR
EVT00020578,2021-11-25,EMP04457,CC0099,IT,2,Hire,95024.14,CAD,CAN,2021-11-27 19:00:00,CORE_HR
EVT00021093,2021-11-07,EMP04321,CC0120,EN,5,Leave Return,,CAD,CAN,2021-11-08 07:00:00,CORE_HR
EVT00020737,2021-11-08,EMP04681,CC0050,FI,1,Step Increment,73532.51,CAD,CAN,2021-11-08 07:00:00,CORE_HR
EVT00020785,2021-11-15,EMP02740,CC0106,CR,3,Departure,,CAD,CAN,2021-11-15 08:00:00,CORE_HR
EVT00020331,2021-11-20,EMP04470,CC0017,FI,4,Step Increment,106231.49,CAD,CA,2021-11-23 11:00:00,PAYROLL
EVT00021585,2021-11-13,EMP03245,CC0025,EX,1,Step Increment,100477.21,CAD,CAN,2021-11-13 08:00:00,CORE_HR
EVT00020600,2021-11-24,EMP00521,CC0116,EC,4,Step Increment,111648.33,CAD,CA,2021-11-25 07:00:00,PAYROLL
EVT00020710,2021-11-03,EMP00871,CC0037,EC,5,Performance Pay,15843.98,CAD,CA,2021-11-03 11:00:00,PAYROLL
EVT00020438,2021-11-02,EMP01063,CC0092,EC,3,Lateral Deployment,,CAD,CA,2021-11-03 21:00:00,PAYROLL
EVT00020317,2021-11-09,EMP02000,CC0112,PA,2,Step Increment,69038.51,CAD,CA,2021-11-09 07:00:00,PAYROLL
EVT00020196,2021-11-17,EMP03543,CC0010,FI,2,Step Increment,59559.06,CAD,CAN,2021-11-18 05:00:00,CORE_HR
EVT00020206,2021-11-19,EMP01887,CC0038,PA,3,Leave Start,,CAD,CAN,2021-11-19 17:00:00,CORE_HR
EVT00021203,2021-11-15,EMP01531,CC0112,FI,4,Leave Return,,CAD,CA,2021-11-16 05:00:00,PAYROLL
EVT00020105,2021-11-21,EMP01395,CC0028,PA,2,Departure,,CAD,CAN,2021-11-22 02:00:00,CORE_HR
EVT00020380,2021-11-09,EMP02630,CC0010,AS,2,Step Increment,57778.55,CAD,CAN,2021-11-10 09:00:00,CORE_HR
EVT00021115,2021-11-07,EMP04558,CC0109,IT,2,Departure,,CAD,CAN,2021-11-08 14:00:00,CORE_HR
EVT00020914,2021-11-20,EMP02048,CC0035,PA,3,Leave Return,,CAD,CAN,2021-11-20 18:00:00,CORE_HR
EVT00021579,2021-11-23,EMP01319,CC0109,EX,1,Step Increment,121275.41,CAD,CAN,2021-11-24 09:00:00,CORE_HR
EVT00021866,2021-11-13,EMP01624,CC0110,FI,2,Step Increment,77671.39,CAD,CA,2021-11-14 13:00:00,PAYROLL
EVT00021265,2021-11-18,EMP02798,CC0006,PA,2,Hire,70535.52,CAD,CAN,2021-11-18 14:00:00,CORE_HR
EVT00020150,2021-11-01,EMP04424,CC0017,FI,2,Lateral Deployment,,CAD,CAN,2021-11-01 08:00:00,CORE_HR
EVT00020421,2021-11-03,EMP00449,CC0040,EX,1,Lateral Deployment,,CAD,CA,2021-11-04 03:00:00,PAYROLL
EVT00021310,2021-11-03,EMP03399,CC0103,AS,1,Step Increment,53572.14,CAD,CA,2021-11-04 00:00:00,PAYROLL
EVT00020900,2021-11-24,EMP02919,CC0007,PA,2,Leave Start,,SGD,SGP,2021-11-26 07:00:00,CORE_HR
EVT00020014,2021-11-01,EMP01825,CC0098,EN,1,Step Increment,80145.26,CAD,CAN,2021-11-01 08:00:00,CORE_HR
EVT00021322,2021-11-18,EMP02974,CC0075,EX,3,Performance Pay,10295.44,CAD,CA,2021-11-19 11:00:00,PAYROLL
EVT00021540,2021-11-19,EMP04464,CC0015,PA,4,Step Increment,92366.11,CAD,CAN,2021-11-19 08:00:00,CORE_HR
EVT00021836,2021-11-06,EMP02327,CC0008,FI,5,Promotion,92286.41,CAD,CAN,2021-11-06 06:00:00,CORE_HR
EVT00020601,2021-11-10,EMP01485,CC0088,EN,4,Leave Return,,BRL,BR,2021-11-10 19:00:00,PAYROLL
EVT00020722,2021-11-25,EMP00341,CC0008,AS,5,Departure,,CAD,CA,2021-11-25 12:00:00,PAYROLL
EVT00020023,2021-11-21,EMP04289,CC0026,AS,1,Performance Pay,2968.92,CAD,CAN,2021-11-22 14:00:00,CORE_HR
EVT00021246,2021-11-13,EMP01438,CC0111,CR,3,Step Increment,50916.82,SGD,SGP,2021-11-13 18:00:00,CORE_HR
EVT00021536,2021-11-14,EMP00551,CC0010,PA,2,Leave Start,,CAD,CAN,2021-11-14 06:00:00,CORE_HR
EVT00021627,2021-11-05,EMP01203,CC0120,EC,1,Leave Start,,CAD,CAN,2021-11-05 15:00:00,CORE_HR
EVT00020779,2021-11-19,EMP01825,CC0098,EN,1,Leave Return,,CAD,CAN,2021-11-19 07:00:00,CORE_HR
EVT00021788,2021-11-20,EMP02037,CC0021,PA,1,Leave Return,,CAD,CAN,2021-11-21 12:00:00,CORE_HR
EVT00021291,2021-11-26,EMP04280,CC0040,EX,2,Leave Return,,CAD,CAN,2021-11-27 03:00:00,CORE_HR
EVT00021644,2021-11-27,EMP03040,CC0063,PA,2,Performance Pay,8582.07,CAD,CA,2021-11-27 23:00:00,PAYROLL
EVT00021541,2021-11-19,EMP00797,CC0109,FI,4,Step Increment,107548.72,CAD,CAN,2021-11-19 22:00:00,CORE_HR
EVT00020108,2021-11-12,EMP00462,CC0035,PA,3,Hire,79118.7,CAD,CA,2021-11-13 02:00:00,PAYROLL
EVT00020742,2021-11-07,EMP00537,CC0028,FI,2,Step Increment,79201.5,CAD,CAN,2021-11-07 11:00:00,CORE_HR
EVT00020240,2021-11-04,EMP01720,CC0073,EN,2,Performance Pay,5766.46,CAD,CA,2021-11-05 23:00:00,PAYROLL
EVT00020602,2021-11-03,EMP00653,CC0006,AS,3,Step Increment,64750.33,CAD,CAN,2021-11-04 15:00:00,CORE_HR
EVT00021557,2021-11-10,EMP04527,CC0107,PA,4,Departure,,CAD,CAN,2021-11-11 14:00:00,CORE_HR
EVT00021867,2021-11-14,EMP04476,CC0102,FI,1,Step Increment,59847.68,CAD,CAN,2021-11-15 11:00:00,CORE_HR
EVT00021426,2021-11-05,EMP00026,CC0065,FI,3,Promotion,1049302.31,MXN,MX,2021-11-05 21:00:00,PAYROLL
EVT00021610,2021-11-20,EMP02124,CC0033,AS,4,Leave Start,,CAD,CAN,2021-11-21 10:00:00,CORE_HR
EVT00020642,2021-11-08,EMP04476,CC0102,FI,1,Departure,,CAD,CAN,2021-11-08 11:00:00,CORE_HR
EVT00020569,2021-11-25,EMP03421,CC0083,IT,1,Step Increment,74448.6,CAD,CAN,2021-11-25 17:00:00,CORE_HR
EVT00020680,2021-11-14,EMP00566,CC0032,IT,3,Step Increment,99037.65,CAD,CA,2021-11-15 02:00:00,PAYROLL
EVT00021136,2021-11-25,EMP04394,CC0045,IT,1,Performance Pay,6200.65,CAD,CAN,2021-11-25 10:00:00,CORE_HR
EVT00021383,2021-11-22,EMP01090,CC0067,AS,1,Performance Pay,3339.48,CAD,CA,2021-11-22 15:00:00,PAYROLL
EVT00021568,2021-11-13,EMP00516,CC0102,PA,2,Leave Return,,CAD,CA,2021-11-14 13:00:00,PAYROLL
EVT00021681,2021-11-02,EMP02877,CC0029,EN,4,Step Increment,85471.29,EUR,FR,2021-11-02 06:00:00,PAYROLL
EVT00021147,2021-11-10,EMP01783,CC0083,PA,2,Step Increment,69025.89,CAD,CAN,2021-11-10 11:00:00,CORE_HR
EVT00020996,2021-11-08,EMP01976,CC0002,PA,2,Step Increment,73933.51,CAD,CA,2021-11-08 10:00:00,PAYROLL
EVT00020725,2021-11-05,EMP01668,CC0005,IT,2,Leave Start,,CAD,CAN,2021-11-05 15:00:00,CORE_HR
EVT00020951,2021-11-21,EMP04117,CC0050,PA,4,Step Increment,95103.29,CAD,CAN,2021-11-21 15:00:00,CORE_HR
EVT00021418,2021-11-01,EMP04613,CC0046,IT,3,Lateral Deployment,,MXN,MEX,2021-11-01 15:00:00,CORE_HR
EVT00020297,2021-11-14,EMP01293,CC0079,PA,1,Step Increment,54471.64,CAD,CA,2021-11-14 11:00:00,PAYROLL
EVT00021521,2021-11-03,EMP01060,CC0042,CR,2,Step Increment,54052.47,CAD,CAN,2021-11-04 03:00:00,CORE_HR
EVT00021500,2021-11-21,EMP04896,CC0113,AS,1,Leave Return,,CAD,CA,2021-11-22 04:00:00,PAYROLL
EVT00020822,2021-11-08,EMP04293,CC0014,CR,1,Lateral Deployment,,CAD,CA,2021-11-09 11:00:00,PAYROLL
EVT00021696,2021-11-09,EMP03657,CC0115,EC,2,Leave Start,,CAD,CA,2021-11-10 11:00:00,PAYROLL
EVT00020895,2021-11-26,EMP03360,CC0119,FI,1,Step Increment,76676.57,CAD,CAN,2021-11-27 04:00:00,CORE_HR
EVT00021281,2021-11-14,EMP01366,CC0026,PA,3,Step Increment,73357.27,CAD,CA,2021-11-15 03:00:00,PAYROLL
EVT00020927,2021-11-10,EMP01341,CC0086,EN,1,Step Increment,8535959.75,JPY,JPN,2021-11-12 03:00:00,CORE_HR
EVT00020998,2021-11-12,EMP02854,CC0081,EN,3,Step Increment,131854.91,CAD,CA,2021-11-12 19:00:00,PAYROLL
EVT00020419,2021-11-11,EMP00784,CC0098,IT,3,Leave Start,,CAD,CAN,2021-11-12 00:00:00,CORE_HR
EVT00021350,2021-11-05,EMP03532,CC0031,IT,1,Step Increment,919938.45,MXN,MX,2021-11-06 06:00:00,PAYROLL
EVT00020290,2021-11-21,EMP01759,CC0028,PA,4,Leave Return,,CAD,CAN,2021-11-21 20:00:00,CORE_HR
EVT00021195,2021-11-14,EMP02382,CC0102,IT,4,Step Increment,125302.05,CAD,CAN,2021-11-15 06:00:00,CORE_HR
EVT00020224,2021-11-07,EMP02967,CC0099,CR,5,Step Increment,79625.7,CAD,CAN,2021-11-07 17:00:00,CORE_HR
EVT00021007,2021-11-08,EMP03429,CC0058,AS,5,Leave Start,,CAD,CA,2021-11-09 09:00:00,PAYROLL
EVT00020658,2021-11-03,EMP03398,CC0114,AS,4,Step Increment,75116.91,CAD,CA,2021-11-03 22:00:00,PAYROLL
EVT00021748,2021-11-11,EMP02653,CC0018,PA,5,Performance Pay,4424.1,CAD,CAN,2021-11-11 15:00:00,CORE_HR
EVT00020803,2021-11-09,EMP02772,CC0070,PA,2,Performance Pay,9279.12,CAD,CA,2021-11-09 21:00:00,PAYROLL
EVT00020324,2021-11-15,EMP01509,CC0004,EX,3,Performance Pay,22302.31,CAD,CAN,2021-11-15 23:00:00,CORE_HR
EVT00020172,2021-11-17,EMP02073,CC0077,FI,2,Hire,78287.53,CAD,CAN,2021-11-17 12:00:00,CORE_HR
EVT00019884,2021-11-08,EMP01247,CC0047,EN,1,Step Increment,81009.42,CAD,CA,2021-11-09 06:00:00,PAYROLL
EVT00020563,2021-11-05,EMP02825,CC0089,AS,1,Leave Return,,CAD,CA,2021-11-05 12:00:00,PAYROLL
EVT00021111,2021-11-24,EMP02102,CC0096,AS,5,Leave Return,,CAD,CA,2021-11-24 23:00:00,PAYROLL
EVT00020778,2021-11-09,EMP03939,CC0099,AS,2,Leave Start,,CAD,CAN,2021-11-10 06:00:00,CORE_HR
EVT00019844,2021-11-10,EMP00554,CC0021,CR,5,Step Increment,63513.39,CAD,CA,2021-11-10 15:00:00,PAYROLL
EVT00019875,2021-11-21,EMP00422,CC0115,PA,5,Performance Pay,6722.87,CAD,CAN,2021-11-21 07:00:00,CORE_HR
EVT00021674,2021-11-19,EMP00721,CC0049,AS,3,Leave Start,,EUR,DEU,2021-11-20 14:00:00,CORE_HR
EVT00020089,2021-11-02,EMP00004,CC0101,EC,3,Leave Start,,CAD,CA,2021-11-03 02:00:00,PAYROLL
EVT00020097,2021-11-26,EMP01637,CC0081,PA,4,Step Increment,89867.25,CAD,CAN,2021-11-27 15:00:00,CORE_HR
EVT00020541,2021-11-07,EMP01862,CC0068,AS,5,Leave Return,,CAD,CAN,2021-11-08 12:00:00,CORE_HR
EVT00020078,2021-11-01,EMP02214,CC0020,EN,3,Step Increment,105187.22,CAD,CA,2021-11-02 01:00:00,PAYROLL
EVT00020706,2021-11-12,EMP04663,CC0095,PA,1,Step Increment,48207.23,CAD,CAN,2021-11-12 16:00:00,CORE_HR
EVT00021327,2021-11-17,EMP04946,CC0102,PA,3,Step Increment,74361.37,CAD,CA,2021-11-17 16:00:00,PAYROLL
EVT00020942,2021-11-24,EMP04179,CC0108,IT,3,Hire,265792.85,AED,ARE,2021-11-24 15:00:00,CORE_HR
EVT00021632,2021-11-04,EMP04519,CC0036,FI,2,Leave Return,,CAD,CAN,2021-11-04 21:00:00,CORE_HR
EVT00020284,2021-11-19,EMP04187,CC0030,PA,2,Departure,,BRL,BR,2021-11-19 11:00:00,PAYROLL
EVT00020393,2021-11-12,EMP02481,CC0008,AS,5,Hire,79999.53,CAD,CAN,2021-11-13 14:00:00,CORE_HR
EVT00020281,2021-11-25,EMP00573,CC0070,PA,4,Promotion,80296.22,CAD,CA,2021-11-25 10:00:00,PAYROLL
EVT00021113,2021-11-14,EMP04811,CC0071,PA,3,Step Increment,73221.87,CAD,CAN,2021-11-15 13:00:00,CORE_HR
EVT00020088,2021-11-27,EMP00661,CC0012,PA,1,Hire,54509.26,CAD,CA,2021-11-27 13:00:00,PAYROLL
EVT00019852,2021-11-04,EMP02802,CC0063,EN,4,Performance Pay,15570.71,CAD,CAN,2021-11-05 11:00:00,CORE_HR
EVT00020474,2021-11-10,EMP02115,CC0080,EC,4,Promotion,95576.79,SGD,SG,2021-11-10 12:00:00,PAYROLL
EVT00021240,2021-11-14,EMP03792,CC0037,EC,4,Lateral Deployment,,CAD,CAN,2021-11-14 18:00:00,CORE_HR
EVT00020626,2021-11-05,EMP01624,CC0110,FI,2,Leave Return,,CAD,CAN,2021-11-05 20:00:00,CORE_HR
EVT00021635,2021-11-07,EMP04997,CC0033,FI,3,Leave Return,,CAD,CA,2021-11-07 15:00:00,PAYROLL
EVT00020676,2021-11-13,EMP03426,CC0020,EX,1,Step Increment,127300.37,CAD,CA,2021-11-13 21:00:00,PAYROLL
EVT00021409,2021-11-20,EMP04988,CC0068,EC,4,Leave Return,,CAD,CAN,2021-11-21 13:00:00,CORE_HR
EVT00020031,2021-11-16,EMP01126,CC0090,IT,1,Leave Start,,CAD,CAN,2021-11-16 07:00:00,CORE_HR
EVT00021767,2021-11-14,EMP03296,CC0064,IT,3,Leave Start,,CAD,CA,2021-11-14 13:00:00,PAYROLL
EVT00021763,2021-11-22,EMP04935,CC0054,AS,1,Leave Start,,INR,IND,2021-11-23 02:00:00,CORE_HR
EVT00020305,2021-11-02,EMP00492,CC0069,AS,5,Leave Start,,CAD,CAN,2021-11-03 09:00:00,CORE_HR
EVT00021129,2021-11-23,EMP00932,CC0075,EX,1,Step Increment,136419.03,CAD,CA,2021-11-23 12:00:00,PAYROLL
EVT00021791,2021-11-19,EMP03045,CC0065,FI,1,Step Increment,80364.31,AUD,AUS,2021-11-19 20:00:00,CORE_HR
EVT00021558,2021-11-22,EMP00125,CC0112,IT,1,Step Increment,78676.82,CAD,CA,2021-11-22 21:00:00,PAYROLL
EVT00020170,2021-11-03,EMP02250,CC0066,AS,2,Performance Pay,8300.64,CAD,CA,2021-11-03 21:00:00,PAYROLL
EVT00021284,2021-11-17,EMP02272,CC0005,CR,5,Departure,,CAD,CAN,2021-11-18 00:00:00,CORE_HR
EVT00020328,2021-11-06,EMP03877,CC0036,PA,3,Performance Pay,9108.77,CAD,CA,2021-11-06 22:00:00,PAYROLL
EVT00020009,2021-11-02,EMP01904,CC0016,EX,1,Promotion,120982.66,CAD,CA,2021-11-03 04:00:00,PAYROLL
EVT00020399,2021-11-16,EMP01425,CC0100,CR,4,Leave Start,,CAD,CAN,2021-11-16 18:00:00,CORE_HR
EVT00021553,2021-11-23,EMP02326,CC0009,IT,1,Performance Pay,6344.05,EUR,DE,2021-11-24 15:00:00,PAYROLL
EVT00021808,2021-11-17,EMP00611,CC0082,IT,2,Step Increment,99738.35,CAD,CA,2021-11-17 10:00:00,PAYROLL
EVT00019980,2021-11-16,EMP03553,CC0004,EN,1,Hire,69124.05,CAD,CAN,2021-11-16 18:00:00,CORE_HR
EVT00020090,2021-11-12,EMP04433,CC0063,FI,1,Step Increment,66777.5,CAD,CA,2021-11-13 14:00:00,PAYROLL
EVT00020113,2021-11-12,EMP04324,CC0083,PA,4,Hire,86861.24,CAD,CAN,2021-11-12 07:00:00,CORE_HR
EVT00021232,2021-11-12,EMP02577,CC0014,PA,3,Leave Return,,CAD,CAN,2021-11-12 11:00:00,CORE_HR
EVT00021447,2021-11-09,EMP04578,CC0103,AS,3,Lateral Deployment,,CAD,CAN,2021-11-09 21:00:00,CORE_HR
EVT00021228,2021-11-15,EMP02215,CC0032,FI,1,Step Increment,68103.7,CAD,CAN,2021-11-16 14:00:00,CORE_HR
EVT00021596,2021-11-09,EMP00395,CC0082,CR,1,Lateral Deployment,,CAD,CAN,2021-11-09 15:00:00,CORE_HR
EVT00021178,2021-11-24,EMP04749,CC0025,FI,2,Leave Start,,CAD,CAN,2021-11-24 12:00:00,CORE_HR
EVT00020467,2021-11-11,EMP03769,CC0022,IT,1,Leave Return,,CAD,CA,2021-11-12 02:00:00,PAYROLL
EVT00020866,2021-11-23,EMP04969,CC0041,FI,4,Leave Start,,CAD,CAN,2021-11-23 21:00:00,CORE_HR
EVT00019956,2021-11-21,EMP00717,CC0115,CR,2,Departure,,CAD,CAN,2021-11-23 04:00:00,CORE_HR
EVT00021299,2021-11-02,EMP00900,CC0105,EX,2,Leave Start,,INR,IND,2021-11-03 04:00:00,CORE_HR
EVT00021095,2021-11-19,EMP00437,CC0013,EN,3,Leave Start,,CAD,CAN,2021-11-19 13:00:00,CORE_HR
EVT00021179,2021-11-01,EMP00533,CC0037,FI,1,Performance Pay,9603.34,CAD,CA,2021-11-02 13:00:00,PAYROLL
EVT00021853,2021-11-15,EMP00504,CC0021,CR,2,Step Increment,53073.05,CAD,CAN,2021-11-16 13:00:00,CORE_HR
EVT00019913,2021-11-05,EMP03055,CC0060,FI,4,Step Increment,109540.83,CAD,CA,2021-11-05 21:00:00,PAYROLL
EVT00020882,2021-11-17,EMP00795,CC0054,CR,3,Leave Start,,GBP,GBR,2021-11-18 10:00:00,CORE_HR
EVT00020514,2021-11-25,EMP02760,CC0052,AS,4,Step Increment,78898.63,CAD,CAN,2021-11-25 21:00:00,CORE_HR
EVT00021360,2021-11-03,EMP00636,CC0100,EC,1,Leave Return,,CAD,CA,2021-11-03 18:00:00,PAYROLL
EVT00021502,2021-11-12,EMP04331,CC0089,AS,3,Step Increment,55439.41,XXX,CAN,2021-11-13 14:00:00,CORE_HR
EVT00021399,2021-11-18,EMP03310,CC0060,EX,2,Lateral Deployment,,CAD,CA,2021-11-18 15:00:00,PAYROLL
EVT00020616,2021-11-19,EMP03475,CC0047,EN,1,Lateral Deployment,,CAD,CAN,2021-11-19 09:00:00,CORE_HR
EVT00020686,2021-11-20,EMP03344,CC0036,IT,2,Departure,,CAD,CAN,2021-11-20 19:00:00,CORE_HR
EVT00020178,2021-11-01,EMP02299,CC0049,PA,3,Departure,,KES,KEN,2021-11-02 05:00:00,CORE_HR
EVT00020848,2021-11-02,EMP04525,CC0016,EX,2,Step Increment,163010.32,CAD,CAN,2021-11-03 14:00:00,CORE_HR
EVT00021006,2021-11-19,EMP00371,CC0093,AS,5,Departure,,CAD,CAN,2021-11-19 20:00:00,CORE_HR
EVT00021636,2021-11-14,EMP02197,CC0018,PA,2,Departure,,CAD,CAN,2021-11-15 11:00:00,CORE_HR
EVT00021476,2021-11-10,EMP01764,CC0064,EN,5,Leave Start,,CAD,CA,2021-11-11 09:00:00,PAYROLL
EVT00020919,2021-11-03,EMP00703,CC0078,CR,1,Step Increment,57714.33,CAD,CA,2021-11-03 08:00:00,PAYROLL
EVT00021213,2021-11-18,EMP00702,CC0017,FI,1,Performance Pay,7121.41,CAD,CA,2021-11-19 02:00:00,PAYROLL
EVT00020128,2021-11-27,EMP01331,CC0010,AS,4,Performance Pay,10216.82,CAD,CAN,2021-11-28 00:00:00,CORE_HR
EVT00020883,2021-11-19,EMP04011,CC0119,CR,4,Leave Start,,CAD,CA,2021-11-19 07:00:00,PAYROLL
EVT00020881,2021-11-15,EMP02642,CC0028,FI,1,Step Increment,71172.91,CAD,CAN,2021-11-16 03:00:00,CORE_HR
EVT00020946,2021-11-15,EMP03300,CC0015,PA,4,Hire,80041.21,CAD,CAN,2021-11-15 23:00:00,CORE_HR
EVT00021293,2021-11-03,EMP01704,CC0051,PA,2,Leave Return,,CAD,CA,2021-11-03 18:00:00,PAYROLL
EVT00020909,2021-11-14,EMP00336,CC0054,EN,1,Leave Start,,SGD,SGP,2021-11-15 08:00:00,CORE_HR
EVT00020332,2021-11-19,EMP01004,CC0016,CR,2,Lateral Deployment,,CAD,CAN,2021-11-20 09:00:00,CORE_HR
EVT00020672,2021-11-23,EMP02076,CC0034,PA,1,Step Increment,64016.16,CAD,CAN,2021-11-24 08:00:00,CORE_HR
EVT00021831,2021-11-16,EMP02677,CC0058,IT,2,Lateral Deployment,,CAD,CAN,2021-11-16 10:00:00,CORE_HR
EVT00020798,2021-11-06,EMP01559,CC0071,AS,3,Departure,,CAD,CAN,2021-11-07 07:00:00,CORE_HR
EVT00020584,1900-01-01,EMP00601,CC0082,FI,3,Departure,,CAD,CAN,2021-11-23 09:00:00,CORE_HR
EVT00021309,2021-11-05,EMP00601,CC0082,FI,3,Leave Return,,CAD,CAN,2021-11-06 07:00:00,CORE_HR
EVT00020148,2021-11-18,EMP02511,CC0079,EN,2,Promotion,85937.98,CAD,CAN,2021-11-19 13:00:00,CORE_HR
EVT00020195,2021-11-24,EMP02378,CC0044,FI,1,Promotion,76556.92,CAD,CAN,2021-11-25 10:00:00,CORE_HR
EVT00021412,2021-11-14,EMP01463,CC0071,EX,1,Leave Start,,CAD,CAN,2021-11-14 07:00:00,CORE_HR
EVT00020836,2021-11-02,EMP02487,CC0024,EX,3,Leave Start,,CAD,CAN,2021-11-02 10:00:00,CORE_HR
EVT00020811,2021-11-03,EMP01129,CC0028,CR,2,Leave Start,,CAD,CAN,2021-11-04 05:00:00,CORE_HR
EVT00020388,2021-11-12,EMP02778,CC0020,AS,3,Performance Pay,9119.4,CAD,CA,2021-11-13 08:00:00,PAYROLL
EVT00021076,2021-11-11,EMP00586,CC0037,CR,1,Departure,,CAD,CAN,2021-11-11 14:00:00,CORE_HR
EVT00021496,2021-11-01,EMP02177,CC0077,FI,3,Step Increment,91639.73,CAD,CAN,2021-11-01 18:00:00,CORE_HR
EVT00021672,2021-11-25,EMP03643,CC0079,EC,3,Step Increment,98924.2,CAD,CAN,2021-11-26 02:00:00,CORE_HR
EVT00021761,2021-11-07,EMP00494,CC0113,EN,4,Performance Pay,8987.27,CAD,CA,2021-11-07 23:00:00,PAYROLL
EVT00020052,2021-11-24,EMP00581,CC0105,EC,1,Step Increment,48148.14,EUR,DEU,2021-11-24 13:00:00,CORE_HR
EVT00021692,2021-11-08,EMP02201,CC0080,EC,1,Lateral Deployment,,AUD,AUS,2021-11-08 22:00:00,CORE_HR
EVT00020966,2021-11-12,EMP03534,CC0078,IT,1,Promotion,84876.76,CAD,CA,2021-11-13 10:00:00,PAYROLL
EVT00021570,2021-11-11,EMP01090,CC0067,AS,1,Step Increment,49841.66,CAD,CAN,2021-11-11 23:00:00,CORE_HR
EVT00020266,2021-11-19,EMP00526,CC0108,IT,1,Performance Pay,18937.23,AED,ARE,2021-11-20 05:00:00,CORE_HR
EVT00020967,2021-11-03,EMP02329,CC0021,PA,1,Lateral Deployment,,CAD,CAN,2021-11-03 18:00:00,CORE_HR
EVT00020786,2021-11-19,EMP01938,CC0119,FI,3,Leave Return,,CAD,CAN,2021-11-20 11:00:00,CORE_HR
EVT00020095,2021-11-13,EMP01150,CC0086,AS,3,Step Increment,7070530.14,KES,KEN,2021-11-14 00:00:00,CORE_HR
EVT00020048,2021-11-02,EMP04647,CC0045,EX,2,Step Increment,144557.39,CAD,CA,2021-11-03 08:00:00,PAYROLL
EVT00020808,2021-11-11,EMP03946,CC0034,EC,2,Promotion,99327.99,CAD,CAN,2021-11-11 16:00:00,CORE_HR
EVT00020994,2021-11-21,EMP02643,CC0013,PA,1,Performance Pay,3962.8,CAD,CA,2021-11-21 23:00:00,PAYROLL
EVT00021489,2021-11-11,EMP01721,CC0070,PA,1,Performance Pay,5323.51,CAD,CAN,2021-11-12 14:00:00,CORE_HR
EVT00020549,2021-11-13,EMP04871,CC0105,FI,1,Lateral Deployment,,AED,ARE,2021-11-13 20:00:00,CORE_HR
EVT00019882,2021-11-22,EMP01454,CC0041,AS,2,Step Increment,59011.65,CAD,CAN,2021-11-23 07:00:00,CORE_HR
EVT00020552,2021-11-20,EMP02227,CC0027,PA,1,Leave Return,,CAD,CA,2021-11-20 18:00:00,PAYROLL
EVT00021689,2021-11-24,EMP00045,CC0002,CR,2,Promotion,53759.85,CAD,CA,2021-11-25 10:00:00,PAYROLL
EVT00021389,2021-11-19,EMP02879,CC0083,AS,4,Performance Pay,9015.4,CAD,CA,2021-11-20 10:00:00,PAYROLL
EVT00020632,2021-11-07,EMP04996,CC0026,PA,3,Promotion,76138.86,CAD,CAN,2021-11-07 21:00:00,CORE_HR
EVT00020385,2021-11-13,EMP03182,CC0120,PA,2,Departure,,CAD,CAN,2021-11-13 14:00:00,CORE_HR
EVT00020653,2021-11-03,EMP00285,CC0046,EN,3,Performance Pay,281567.04,INR,IND,2021-11-03 13:00:00,CORE_HR
EVT00020296,2021-11-07,EMP01909,CC0105,PA,3,Step Increment,8510841.07,KES,KEN,2021-11-08 01:00:00,CORE_HR
EVT00020985,2021-11-26,EMP03704,CC0006,FI,3,Leave Return,,CAD,CAN,2021-11-26 23:00:00,CORE_HR
EVT00021621,2021-11-10,EMP01296,CC0001,EN,3,Step Increment,113260.33,XXX,CA,2021-11-10 16:00:00,PAYROLL
EVT00021821,2021-11-10,EMP03082,CC0038,CR,1,Step Increment,46900.36,CAD,CAN,2021-11-10 20:00:00,CORE_HR
EVT00021708,2021-11-18,EMP03106,CC0111,FI,2,Lateral Deployment,,AUD,AU,2021-11-19 04:00:00,PAYROLL
EVT00020829,2021-11-06,EMP03392,CC0108,IT,1,Leave Return,,EUR,FRA,2021-11-06 15:00:00,CORE_HR
EVT00021518,2021-11-05,EMP04740,CC0028,AS,2,Leave Start,,CAD,CAN,2021-11-06 06:00:00,CORE_HR
EVT00020794,2021-11-13,EMP04575,CC0050,IT,3,Lateral Deployment,,CAD,CAN,2021-11-14 08:00:00,CORE_HR
EVT00020841,2021-11-06,EMP01769,CC0053,AS,2,Leave Return,,CAD,CA,2021-11-07 15:00:00,PAYROLL
EVT00020406,2021-11-17,EMP01844,CC0057,AS,2,Leave Return,,CAD,CA,2021-11-17 09:00:00,PAYROLL
EVT00021773,2021-11-18,EMP00696,CC0087,PA,1,Departure,,CAD,CAN,2021-11-19 04:00:00,CORE_HR
EVT00020239,2021-11-06,EMP03845,CC0057,IT,1,Step Increment,73715.87,CAD,CAN,2021-11-07 10:00:00,CORE_HR
EVT00021443,2021-11-16,EMP02590,CC0021,AS,1,Departure,,CAD,CAN,2021-11-17 00:00:00,CORE_HR
EVT00020879,2021-11-25,EMP02770,CC0013,IT,1,Step Increment,81315.92,CAD,CA,2021-11-26 03:00:00,PAYROLL
EVT00021448,2021-11-22,EMP00193,CC0110,EN,2,Step Increment,93964.68,CAD,CAN,2021-11-22 21:00:00,CORE_HR
EVT00021392,2021-11-03,EMP00369,CC0117,EX,1,Step Increment,142509.26,CAD,CAN,2021-11-03 17:00:00,CORE_HR
EVT00020074,2021-11-05,EMP01835,CC0082,CR,1,Step Increment,47356.95,CAD,CAN,2021-11-06 13:00:00,CORE_HR
EVT00020122,2021-11-05,EMP02408,CC0012,IT,2,Step Increment,94378.89,CAD,CA,2021-11-06 09:00:00,PAYROLL
EVT00019948,2021-11-15,EMP03944,CC0088,EN,1,Promotion,56976.55,USD,US,2021-11-16 04:00:00,PAYROLL
EVT00021538,2021-11-19,EMP03488,CC0022,IT,5,Leave Return,,CAD,CAN,2021-11-19 17:00:00,CORE_HR
EVT00020343,2021-11-06,EMP02325,CC0109,PA,3,Hire,83127.69,CAD,CA,2021-11-06 19:00:00,PAYROLL
EVT00021216,2021-11-03,EMP03979,CC0037,IT,3,Leave Start,,CAD,CAN,2021-11-04 04:00:00,CORE_HR
EVT00020451,2021-11-03,EMP02118,CC0039,CR,5,Hire,74811.2,CAD,CAN,2021-11-03 11:00:00,CORE_HR
EVT00020887,2021-11-26,EMP04138,CC0008,EN,1,Leave Start,,CAD,CA,2021-11-27 10:00:00,PAYROLL
EVT00020765,2021-11-14,EMP02698,CC0076,AS,4,Step Increment,76359.41,CAD,CAN,2021-11-14 08:00:00,CORE_HR
EVT00021529,2021-11-19,EMP04055,CC0007,AS,1,Step Increment,58453.85,AUD,AUS,2021-11-19 15:00:00,CORE_HR
EVT00020086,2021-11-20,EMP02290,CC0099,AS,2,Step Increment,66323.27,CAD,CAN,2021-11-20 06:00:00,CORE_HR
EVT00021513,2021-11-16,EMP04831,CC0101,PA,2,Lateral Deployment,,CAD,CAN,2021-11-17 09:00:00,CORE_HR
EVT00021146,2021-11-22,EMP00343,CC0104,PA,3,Performance Pay,8484.72,CAD,CA,2021-11-22 18:00:00,PAYROLL
EVT00020861,2021-11-06,EMP02124,CC0033,AS,4,Leave Start,,CAD,CA,2021-11-06 06:00:00,PAYROLL
EVT00020460,2021-11-20,EMP02551,CC0022,PA,1,Hire,63185.57,CAD,CAN,2021-11-20 07:00:00,CORE_HR
EVT00019874,2021-11-26,EMP02276,CC0099,IT,2,Step Increment,94995.72,CAD,CAN,2021-11-27 06:00:00,CORE_HR
EVT00021200,2021-11-26,EMP04086,CC0063,EN,4,Step Increment,115857.75,CAD,CA,2021-11-27 15:00:00,PAYROLL
EVT00021130,2021-11-03,EMP04034,CC0014,PA,2,Lateral Deployment,,CAD,CAN,2021-11-04 11:00:00,CORE_HR
EVT00021844,2021-11-08,EMP00563,CC0053,IT,1,Step Increment,83797.92,CAD,CAN,2021-11-08 10:00:00,CORE_HR
EVT00021091,2021-11-16,EMP04137,CC0085,CR,4,Step Increment,65182.78,CAD,CAN,2021-11-16 21:00:00,CORE_HR
EVT00021550,2021-11-20,EMP04277,CC0099,AS,1,Step Increment,49502.83,CAD,CAN,2021-11-20 06:00:00,CORE_HR
EVT00020800,2021-11-09,EMP02149,CC0016,EC,1,Performance Pay,6681.31,CAD,CAN,2021-11-09 13:00:00,CORE_HR
EVT00020117,2021-11-17,EMP02166,CC0014,PA,5,Leave Start,,CAD,CAN,2021-11-18 02:00:00,CORE_HR
EVT00020877,2021-11-16,EMP03598,CC0077,EX,2,Step Increment,159372.42,CAD,CAN,2021-11-16 09:00:00,CORE_HR
EVT00020270,2021-11-08,EMP04339,CC0114,PA,4,Step Increment,95501.59,CAD,CA,2021-11-09 11:00:00,PAYROLL
EVT00020939,2021-11-24,EMP01269,CC0035,IT,3,Lateral Deployment,,CAD,CAN,2021-11-24 07:00:00,CORE_HR
EVT00019871,2021-11-22,EMP01745,CC0099,AS,2,Lateral Deployment,,CAD,CAN,2021-11-23 10:00:00,CORE_HR
EVT00019929,2021-11-01,EMP01080,CC0120,EC,4,Lateral Deployment,,CAD,CA,2021-11-02 00:00:00,PAYROLL
EVT00021393,2021-11-26,EMP03043,CC0084,PA,2,Step Increment,62994.01,CAD,CAN,2021-11-26 08:00:00,CORE_HR
EVT00020649,2021-11-02,EMP01394,CC0014,EN,1,Step Increment,73785.36,CAD,CAN,2021-11-02 17:00:00,CORE_HR
EVT00020159,2021-11-10,EMP02661,CC0062,AS,3,Step Increment,70727.65,CAD,CA,2021-11-10 21:00:00,PAYROLL
EVT00020545,2021-11-27,EMP01333,CC0119,EC,3,Step Increment,98219.22,CAD,CAN,2021-11-27 15:00:00,CORE_HR
EVT00021344,2021-11-01,EMP02143,CC0114,PA,5,Step Increment,97238.75,CAD,CAN,2021-11-02 11:00:00,CORE_HR
EVT00021384,2021-11-20,EMP00553,CC0024,FI,1,Step Increment,56760.82,CAD,CAN,2021-11-21 09:00:00,CORE_HR
EVT00020208,2021-11-25,EMP04184,CC0005,FI,1,Lateral Deployment,,CAD,CA,2021-11-26 03:00:00,PAYROLL
EVT00019914,2021-11-17,EMP00214,CC0057,EC,3,Promotion,81669.04,CAD,CA,2021-11-18 01:00:00,PAYROLL
EVT00019907,2021-11-18,EMP01317,CC0079,PA,5,Step Increment,82526.75,CAD,CA,2021-11-18 06:00:00,PAYROLL
EVT00020683,2021-11-27,EMP02872,CC0061,PA,3,Lateral Deployment,,CAD,CA,2021-11-28 00:00:00,PAYROLL
EVT00019850,2021-11-22,EMP02081,CC0009,EC,3,Performance Pay,762796.52,INR,IN,2021-11-22 21:00:00,PAYROLL
EVT00020103,2021-11-08,EMP01158,CC0021,EX,1,Leave Start,,CAD,CAN,2021-11-08 15:00:00,CORE_HR
EVT00021306,2021-11-17,EMP03604,CC0062,PA,4,Leave Start,,CAD,CA,2021-11-17 20:00:00,PAYROLL
EVT00019910,2021-11-01,EMP04667,CC0063,IT,2,Leave Start,,CAD,CAN,2021-11-02 08:00:00,CORE_HR
EVT00020587,2021-11-11,EMP03572,CC0081,FI,1,Step Increment,72029.35,CAD,CAN,2021-11-12 06:00:00,CORE_HR
EVT00021486,2021-11-22,EMP01422,CC0099,IT,2,Performance Pay,5676.5,CAD,CA,2021-11-23 04:00:00,PAYROLL
EVT00021210,2021-11-05,EMP02225,CC0096,PA,2,Performance Pay,4738.59,CAD,CAN,2021-11-05 07:00:00,CORE_HR
EVT00020143,2021-11-05,EMP01154,CC0023,EN,3,Step Increment,96265.02,CAD,CA,2021-11-05 08:00:00,PAYROLL
EVT00021552,2021-11-10,EMP03278,CC0059,IT,3,Performance Pay,9501.35,CAD,CA,2021-11-10 12:00:00,PAYROLL
EVT00020814,2021-11-24,EMP03668,CC0010,EN,3,Step Increment,86000.58,CAD,CAN,2021-11-25 09:00:00,CORE_HR
EVT00021286,2021-11-07,EMP01507,CC0049,IT,4,Leave Start,,EUR,DE,2021-11-07 07:00:00,PAYROLL
EVT00020790,2021-11-21,EMP00083,CC0096,PA,1,Step Increment,54608.36,CAD,CA,2021-11-21 12:00:00,PAYROLL
EVT00020440,2021-11-01,EMP04668,CC0104,IT,4,Step Increment,124400.13,CAD,CAN,2021-11-01 23:00:00,CORE_HR
EVT00020363,2021-11-27,EMP00633,CC0073,IT,1,Performance Pay,6474.29,CAD,CA,2021-11-27 22:00:00,PAYROLL
EVT00020351,2021-11-04,EMP01874,CC0079,PA,4,Leave Start,,CAD,CA,2021-11-04 09:00:00,PAYROLL
EVT00021713,2021-11-18,EMP04007,CC0027,IT,3,Step Increment,112451.71,CAD,CA,2021-11-19 06:00:00,PAYROLL
EVT00021363,1900-01-01,EMP00910,CC0098,FI,3,Step Increment,98557.52,CAD,CAN,2021-11-24 02:00:00,CORE_HR
EVT00021362,2021-11-20,EMP04665,CC0023,PA,2,Step Increment,73093.36,CAD,CA,2021-11-20 18:00:00,PAYROLL
EVT00020081,2021-11-06,EMP02776,CC0005,IT,2,Leave Return,,CAD,CAN,2021-11-06 10:00:00,CORE_HR
EVT00021701,2021-11-24,EMP01667,CC0025,IT,3,Step Increment,95529.55,CAD,CA,2021-11-24 09:00:00,PAYROLL
EVT00020302,2021-11-04,EMP00129,CC0023,IT,2,Step Increment,86080.91,CAD,CAN,2021-11-04 22:00:00,CORE_HR
EVT00021227,2021-11-01,EMP04443,CC0083,FI,3,Leave Return,,CAD,CA,2021-11-03 10:00:00,PAYROLL
EVT00020234,2021-11-15,EMP02460,CC0068,PA,2,Leave Start,,CAD,CAN,2021-11-15 18:00:00,CORE_HR
EVT00020002,2021-11-11,EMP04923,CC0020,PA,2,Leave Return,,CAD,CAN,2021-11-12 01:00:00,CORE_HR
EVT00019873,2021-11-19,EMP04619,CC0113,PA,1,Hire,63244.12,CAD,CAN,2021-11-19 21:00:00,CORE_HR
EVT00021013,2021-11-13,EMP00545,CC0114,EN,1,Leave Return,,CAD,CA,2021-11-14 09:00:00,PAYROLL
EVT00020294,2021-11-19,EMP01488,CC0026,PA,1,Leave Return,,CAD,CA,2021-11-20 13:00:00,PAYROLL
EVT00020404,2021-11-13,EMP01244,CC0023,PA,3,Lateral Deployment,,CAD,CAN,2021-11-13 16:00:00,CORE_HR
EVT00020554,2021-11-12,EMP02327,CC0008,FI,5,Performance Pay,5573.99,CAD,CAN,2021-11-13 14:00:00,CORE_HR
EVT00020964,2021-11-04,EMP01887,CC0038,PA,3,Leave Return,,CAD,CAN,2021-11-05 15:00:00,CORE_HR
EVT00020029,2021-11-02,EMP04112,CC0048,EN,1,Step Increment,85206.86,CAD,CAN,2021-11-02 06:00:00,CORE_HR
EVT00021008,2021-11-21,EMP04138,CC0008,EN,1,Leave Return,,CAD,CAN,2021-11-21 13:00:00,CORE_HR
EVT00020911,2021-11-07,EMP04183,CC0017,EN,3,Hire,101186.66,CAD,CA,2021-11-08 03:00:00,PAYROLL
EVT00021785,2021-11-15,EMP04399,CC0102,EN,4,Lateral Deployment,,CAD,CA,2021-11-15 17:00:00,PAYROLL
EVT00021797,2021-11-15,EMP03084,CC0072,AS,3,Lateral Deployment,,CAD,CAN,2021-11-16 12:00:00,CORE_HR
EVT00020277,2021-11-15,EMP04719,CC0035,IT,5,Leave Start,,CAD,CAN,2021-11-15 17:00:00,CORE_HR
EVT00021539,2021-11-10,EMP02832,CC0106,EX,2,Performance Pay,13059.47,CAD,CAN,2021-11-11 02:00:00,CORE_HR
EVT00020732,1900-01-01,EMP01445,CC0093,PA,4,Leave Start,,CAD,CAN,2021-11-26 13:00:00,CORE_HR
EVT00020619,2021-11-09,EMP04189,CC0004,PA,1,Step Increment,56994.41,CAD,CA,2021-11-10 06:00:00,PAYROLL
EVT00020478,2021-11-06,EMP03490,CC0026,FI,1,Step Increment,66055.63,CAD,CA,2021-11-07 01:00:00,PAYROLL
EVT00021735,2021-11-24,EMP00508,CC0014,PA,4,Performance Pay,7992.42,CAD,CA,2021-11-25 00:00:00,PAYROLL
EVT00020605,2021-11-11,EMP02947,CC0010,IT,1,Leave Start,,CAD,CAN,2021-11-11 20:00:00,CORE_HR
EVT00021102,2021-11-15,EMP01737,CC0051,EN,3,Leave Start,,CAD,CA,2021-11-15 10:00:00,PAYROLL
EVT00021375,2021-11-14,EMP00531,CC0017,AS,2,Step Increment,62485.69,CAD,CAN,2021-11-14 09:00:00,CORE_HR
EVT00021209,2021-11-24,EMP02830,CC0109,PA,1,Leave Return,,CAD,CAN,2021-11-24 16:00:00,CORE_HR
EVT00020645,2021-11-22,EMP01442,CC0066,PA,3,Leave Return,,CAD,CAN,2021-11-22 17:00:00,CORE_HR
EVT00021646,2021-11-01,EMP03991,CC0035,PA,1,Departure,,CAD,CAN,2021-11-02 13:00:00,CORE_HR
EVT00020362,2021-11-07,EMP00249,CC0012,EX,2,Leave Return,,CAD,CAN,2021-11-07 10:00:00,CORE_HR
EVT00021110,2021-11-21,EMP04151,CC0082,PA,2,Lateral Deployment,,CAD,CA,2021-11-22 00:00:00,PAYROLL
EVT00020673,2021-11-14,EMP03898,CC0064,IT,4,Step Increment,113953.77,CAD,CA,2021-11-15 15:00:00,PAYROLL
EVT00019918,2021-11-19,EMP03796,CC0060,PA,2,Performance Pay,4978.73,CAD,CA,2021-11-21 11:00:00,PAYROLL
EVT00020512,2021-11-26,EMP00888,CC0113,PA,2,Performance Pay,7256.77,CAD,CAN,2021-11-27 02:00:00,CORE_HR
EVT00021039,2021-11-24,EMP03684,CC0078,PA,2,Hire,70635.09,CAD,CAN,2021-11-25 12:00:00,CORE_HR
EVT00021607,2021-11-10,EMP01158,CC0021,EX,1,Hire,128451.89,CAD,CAN,2021-11-11 11:00:00,CORE_HR
EVT00021573,2021-11-16,EMP00540,CC0003,EN,1,Step Increment,84908.11,CAD,CAN,2021-11-17 09:00:00,CORE_HR
EVT00021685,2021-11-22,EMP00600,CC0072,CR,1,Leave Start,,CAD,CAN,2021-11-23 15:00:00,CORE_HR
EVT00021347,2021-11-14,EMP04984,CC0017,AS,4,Leave Return,,CAD,CA,2021-11-14 23:00:00,PAYROLL
EVT00020546,2021-11-10,EMP03318,CC0084,PA,3,Leave Start,,CAD,CAN,2021-11-11 12:00:00,CORE_HR
EVT00020295,2021-11-09,EMP00825,CC0045,EN,2,Performance Pay,6822.97,CAD,CA,2021-11-10 11:00:00,PAYROLL
EVT00021030,2021-11-12,EMP02877,CC0029,EN,4,Leave Return,,GBP,GBR,2021-11-12 21:00:00,CORE_HR
EVT00021612,2021-11-14,EMP04248,CC0098,PA,4,Step Increment,66572.63,CAD,CAN,2021-11-14 17:00:00,CORE_HR
EVT00019872,2021-11-12,EMP00674,CC0026,EC,5,Leave Return,,CAD,CA,2021-11-13 03:00:00,PAYROLL
EVT00021499,2021-11-08,EMP01403,CC0107,PA,2,Performance Pay,9552.03,CAD,CA,2021-11-09 12:00:00,PAYROLL
EVT00021599,2021-11-03,EMP02885,CC0091,PA,2,Performance Pay,4266.66,CAD,CA,2021-11-03 09:00:00,PAYROLL
EVT00020330,2021-11-16,EMP02353,CC0050,CR,2,Departure,,CAD,CA,2021-11-16 22:00:00,PAYROLL
EVT00021126,2021-11-08,EMP02752,CC0036,PA,3,Leave Start,,CAD,CAN,2021-11-08 20:00:00,CORE_HR
EVT00019965,2021-11-27,EMP01433,CC0037,FI,3,Step Increment,89821.38,CAD,CA,2021-11-27 19:00:00,PAYROLL
EVT00020597,2021-11-27,EMP01041,CC0079,CR,2,Performance Pay,4955.36,CAD,CAN,2021-11-28 06:00:00,CORE_HR
EVT00020378,2021-11-18,EMP02221,CC0086,PA,3,Performance Pay,4578.76,SGD,SGP,2021-11-19 02:00:00,CORE_HR
EVT00020198,2021-11-23,EMP03324,CC0016,FI,2,Hire,83581.17,CAD,CAN,2021-11-24 05:00:00,CORE_HR
EVT00019995,2021-11-14,EMP03231,CC0030,PA,3,Step Increment,966700.22,MXN,MEX,2021-11-15 14:00:00,CORE_HR
EVT00021161,2021-11-14,EMP00545,CC0114,EN,1,Lateral Deployment,,CAD,CA,2021-11-15 07:00:00,PAYROLL
EVT00020248,2021-11-08,EMP01711,CC0023,PA,3,Step Increment,72829.51,CAD,CA,2021-11-09 08:00:00,PAYROLL
EVT00021358,2021-11-26,EMP00808,CC0016,AS,2,Lateral Deployment,,CAD,CAN,2021-11-26 18:00:00,CORE_HR
EVT00021723,2021-11-22,EMP04678,CC0020,EC,2,Leave Return,,CAD,CAN,2021-11-23 15:00:00,CORE_HR
EVT00020955,2021-11-07,EMP04310,CC0026,EX,1,Step Increment,126936.59,CAD,CAN,2021-11-07 09:00:00,CORE_HR
EVT00020174,2021-11-13,EMP01948,CC0006,CR,4,Step Increment,63390.86,CAD,CAN,2021-11-14 00:00:00,CORE_HR
EVT00021370,2021-11-22,EMP00107,CC0031,AS,3,Performance Pay,419911.96,KES,KEN,2021-11-23 12:00:00,CORE_HR
EVT00020573,2021-11-26,EMP04092,CC0092,EN,3,Leave Return,,CAD,CAN,2021-11-26 11:00:00,CORE_HR
EVT00020594,2021-11-11,EMP00660,CC0094,IT,1,Leave Start,,CAD,CAN,2021-11-12 06:00:00,CORE_HR
EVT00020731,2021-11-24,EMP00516,CC0102,PA,2,Step Increment,52089.53,CAD,CA,2021-11-24 16:00:00,PAYROLL
EVT00021155,2021-11-14,EMP01785,CC0046,IT,1,Leave Return,,USD,US,2021-11-14 10:00:00,PAYROLL
EVT00020844,2021-11-09,EMP03662,CC0058,CR,1,Promotion,45657.7,CAD,CAN,2021-11-10 09:00:00,CORE_HR
EVT00021237,2021-11-19,EMP00493,CC0034,PA,5,Step Increment,90139.99,CAD,CA,2021-11-19 14:00:00,PAYROLL
EVT00020922,2021-11-16,EMP00796,CC0034,EC,3,Step Increment,102587.88,CAD,CAN,2021-11-16 09:00:00,CORE_HR
EVT00020809,2021-11-18,EMP03037,CC0093,AS,1,Performance Pay,4031.81,CAD,CA,2021-11-18 22:00:00,PAYROLL
EVT00020916,2021-11-26,EMP04619,CC0113,PA,1,Step Increment,65870.11,CAD,CAN,2021-11-27 10:00:00,CORE_HR
EVT00021603,2021-11-17,EMP02325,CC0109,PA,3,Leave Start,,CAD,CA,2021-11-17 06:00:00,PAYROLL
EVT00020767,2021-11-25,EMP00918,CC0060,PA,3,Hire,70569.23,CAD,CA,2021-11-25 22:00:00,PAYROLL
EVT00021667,2021-11-09,EMP00733,CC0091,PA,4,Step Increment,93874.72,CAD,CAN,2021-11-09 16:00:00,CORE_HR
EVT00021820,2021-11-23,EMP00620,CC0025,IT,2,Step Increment,-89750.05,CAD,CA,2021-11-23 13:00:00,PAYROLL
EVT00019972,2021-11-05,EMP03709,CC0025,IT,1,Leave Return,,CAD,CAN,2021-11-06 05:00:00,CORE_HR
EVT00021423,2021-11-18,EMP04862,CC0049,FI,1,Lateral Deployment,,SGD,SGP,2021-11-19 10:00:00,CORE_HR
EVT00021267,2021-11-08,EMP01280,CC0072,EX,1,Leave Start,,CAD,CAN,2021-11-09 08:00:00,CORE_HR
EVT00019895,2021-11-16,EMP03287,CC0060,EX,3,Promotion,180023.31,CAD,CA,2021-11-17 09:00:00,PAYROLL
EVT00021141,2021-11-27,EMP02333,CC0109,PA,5,Leave Return,,CAD,CAN,2021-11-28 05:00:00,CORE_HR
EVT00020956,2021-11-01,EMP04225,CC0077,CR,5,Step Increment,59534.09,CAD,CA,2021-11-01 09:00:00,PAYROLL
EVT00021289,2021-11-08,EMP01002,CC0048,CR,4,Step Increment,70050.78,CAD,CAN,2021-11-09 04:00:00,CORE_HR
EVT00021214,2021-11-19,EMP02606,CC0004,IT,3,Leave Return,,CAD,CA,2021-11-19 18:00:00,PAYROLL
EVT00021739,2021-11-16,EMP03475,CC0047,EN,1,Leave Start,,CAD,CAN,2021-11-16 17:00:00,CORE_HR
EVT00020387,2021-11-26,EMP04176,CC0001,IT,2,Step Increment,87048.09,CAD,CA,2021-11-27 11:00:00,PAYROLL
EVT00019935,2021-11-11,EMP03614,CC0104,EX,1,Lateral Deployment,,CAD,CAN,2021-11-12 05:00:00,CORE_HR
EVT00020279,2021-11-11,EMP02390,CC0108,CR,2,Step Increment,153010.54,AED,AE,2021-11-11 19:00:00,PAYROLL
EVT00020813,2021-11-15,EMP02102,CC0096,AS,5,Leave Return,,CAD,CA,2021-11-16 09:00:00,PAYROLL
EVT00021403,2021-11-03,EMP02889,CC0067,FI,4,Leave Start,,CAD,CAN,2021-11-03 22:00:00,CORE_HR
EVT00021073,2021-11-27,EMP03669,CC0014,EN,2,Step Increment,91839.73,CAD,CAN,2021-11-28 06:00:00,CORE_HR
EVT00020537,2021-11-18,EMP01831,CC0084,PA,5,Performance Pay,13274.16,CAD,CAN,2021-11-19 10:00:00,CORE_HR
EVT00019935,2021-11-11,EMP03614,CC0104,EX,1,Lateral Deployment,,CAD,CAN,2021-11-14 01:00:00,CORE_HR
EVT00021415,2021-11-22,EMP01180,CC0063,EX,1,Performance Pay,11334.04,CAD,CAN,2021-11-22 06:00:00,CORE_HR
EVT00020120,2021-11-02,EMP00108,CC0119,PA,2,Leave Return,,CAD,CAN,2021-11-03 14:00:00,CORE_HR
EVT00021869,2021-11-15,EMP03793,CC0049,IT,5,Step Increment,374562.9,AED,ARE,2021-11-16 14:00:00,CORE_HR
EVT00021273,2021-11-16,EMP03016,CC0051,PA,2,Leave Start,,CAD,CA,2021-11-17 14:00:00,PAYROLL
EVT00020770,2021-11-11,EMP00234,CC0032,EC,3,Leave Return,,CAD,CA,2021-11-11 10:00:00,PAYROLL
EVT00020321,2021-11-09,EMP00713,CC0004,AS,5,Lateral Deployment,,CAD,CAN,2021-11-09 20:00:00,CORE_HR
EVT00019859,2021-11-08,EMP03313,CC0057,FI,2,Step Increment,80531.51,CAD,CAN,2021-11-08 18:00:00,CORE_HR
EVT00021227,2021-11-01,EMP04443,CC0083,FI,3,Leave Return,,CAD,CA,2021-11-01 17:00:00,PAYROLL
EVT00020033,2021-11-22,EMP04218,CC0072,IT,2,Leave Return,,CAD,CA,2021-11-22 21:00:00,PAYROLL
EVT00020389,2021-11-17,EMP02484,CC0089,EC,2,Step Increment,88128.09,CAD,CAN,2021-11-17 20:00:00,CORE_HR
EVT00020550,2021-11-27,EMP03296,CC0064,IT,3,Leave Return,,CAD,CA,2021-11-27 07:00:00,PAYROLL
EVT00019881,2021-11-27,EMP04017,CC0002,IT,2,Step Increment,107371.19,CAD,CAN,2021-11-28 00:00:00,CORE_HR
EVT00021071,2021-11-04,EMP04200,CC0049,AS,3,Performance Pay,267005.22,INR,IND,2021-11-05 09:00:00,CORE_HR
EVT00021862,2021-11-20,EMP03404,CC0016,EN,3,Step Increment,104137.62,CAD,CA,2021-11-21 04:00:00,PAYROLL
EVT00020979,2021-11-12,EMP00304,CC0055,CR,5,Leave Start,,CAD,CA,2021-11-12 17:00:00,PAYROLL
EVT00019956,2021-11-21,EMP00717,CC0115,CR,2,Departure,,CAD,CAN,2021-11-22 09:00:00,CORE_HR
EVT00021152,2021-11-19,EMP03876,CC0086,EX,2,Performance Pay,23552.44,AUD,AUS,2021-11-19 20:00:00,CORE_HR
EVT00021770,2021-11-09,EMP01332,CC0072,EC,1,Hire,68972.4,CAD,CA,2021-11-10 02:00:00,PAYROLL
EVT00020177,2021-11-09,EMP01207,CC0016,AS,3,Leave Return,,CAD,CAN,2021-11-09 07:00:00,CORE_HR
EVT00020020,2021-11-20,EMP02631,CC0102,PA,1,Leave Return,,CAD,CA,2021-11-20 21:00:00,PAYROLL
EVT00021470,2021-11-24,EMP02271,CC0030,PA,2,Leave Return,,EUR,DE,2021-11-25 11:00:00,PAYROLL
EVT00021194,2021-11-12,EMP00873,CC0058,FI,2,Step Increment,64283.36,CAD,CAN,2021-11-12 17:00:00,CORE_HR
EVT00021342,2021-11-01,EMP04785,CC0118,AS,3,Hire,87744.51,CAD,CA,2021-11-02 13:00:00,PAYROLL
EVT00021174,2021-11-20,EMP00660,CC0094,IT,1,Step Increment,77394.93,CAD,CAN,2021-11-20 23:00:00,CORE_HR
EVT00019973,2021-11-13,EMP03881,CC0100,IT,2,Step Increment,96803.38,CAD,CAN,2021-11-14 05:00:00,CORE_HR
EVT00020586,2021-11-04,EMP04250,CC0104,AS,2,Step Increment,56088.89,CAD,CA,2021-11-05 12:00:00,PAYROLL
EVT00020992,2021-11-24,EMP04188,CC0026,IT,5,Step Increment,121991.06,XXX,CAN,2021-11-25 14:00:00,CORE_HR
EVT00021351,2021-11-25,EMP00105,CC0021,AS,3,Step Increment,75386.66,CAD,CA,2021-11-25 11:00:00,PAYROLL
EVT00021609,2021-11-25,EMP00599,CC0039,PA,4,Leave Return,,CAD,CAN,2021-11-26 07:00:00,CORE_HR
EVT00020193,2021-11-03,EMP04107,CC0095,IT,4,Performance Pay,16004.17,CAD,CAN,2021-11-04 07:00:00,CORE_HR
EVT00020498,2021-11-04,EMP01445,CC0093,PA,4,Step Increment,63971.77,CAD,CAN,2021-11-05 05:00:00,CORE_HR
EVT00021196,2021-11-13,EMP00951,CC0108,PA,3,Step Increment,200547.1,AED,ARE,2021-11-14 11:00:00,CORE_HR
EVT00020796,2021-11-06,EMP02195,CC0029,PA,2,Leave Start,,AED,AE,2021-11-07 07:00:00,PAYROLL
EVT00019994,2021-11-15,EMP03956,CC0042,CR,1,Step Increment,47242.47,CAD,CAN,2021-11-15 15:00:00,CORE_HR
EVT00020684,2021-11-14,EMP03704,CC0006,FI,3,Leave Start,,CAD,CAN,2021-11-14 22:00:00,CORE_HR
EVT00020704,2021-11-19,EMP01568,CC0022,EN,2,Departure,,CAD,CAN,2021-11-19 11:00:00,CORE_HR
EVT00020912,2021-11-09,EMP03513,CC0084,EN,3,Leave Return,,CAD,CA,2021-11-09 16:00:00,PAYROLL
EVT00020436,2021-11-20,EMP02416,CC0059,FI,2,Departure,,CAD,CA,2021-11-21 08:00:00,PAYROLL
EVT00020449,2021-11-26,EMP02993,CC0099,PA,3,Leave Return,,CAD,CAN,2021-11-28 05:00:00,CORE_HR
EVT00021294,2021-11-02,EMP03890,CC0096,EC,1,Hire,60194.36,CAD,CA,2021-11-02 19:00:00,PAYROLL
EVT00020755,2021-11-17,EMP03497,CC0043,PA,3,Step Increment,88613.55,CAD,CAN,2021-11-17 06:00:00,CORE_HR
EVT00020013,2021-11-20,EMP03905,CC0034,PA,2,Step Increment,75772.2,CAD,CAN,2021-11-20 12:00:00,CORE_HR
EVT00020565,2021-11-01,EMP02090,CC0025,FI,1,Lateral Deployment,,CAD,CAN,2021-11-02 05:00:00,CORE_HR
EVT00020461,2021-11-24,EMP00670,CC0049,IT,4,Departure,,GBP,GBR,2021-11-25 02:00:00,CORE_HR
EVT00021523,2021-11-21,EMP03000,CC0062,EC,5,Step Increment,86771.6,CAD,CAN,2021-11-21 06:00:00,CORE_HR
EVT00020825,2021-11-03,EMP02263,CC0023,CR,1,Step Increment,46558.66,CAD,CAN,2021-11-04 02:00:00,CORE_HR
EVT00020468,2021-11-06,EMP04055,CC0007,AS,1,Step Increment,39059.99,EUR,FR,2021-11-06 12:00:00,PAYROLL
EVT00020773,2021-11-21,EMP01390,CC0046,AS,4,Performance Pay,5338.2,GBP,GB,2021-11-22 12:00:00,PAYROLL
EVT00019990,2021-11-19,EMP03676,CC0081,IT,2,Performance Pay,12737.53,CAD,CAN,2021-11-20 11:00:00,CORE_HR
EVT00019944,2021-11-17,EMP04708,CC0058,PA,2,Leave Start,,CAD,CA,2021-11-18 10:00:00,PAYROLL
EVT00021424,2021-11-17,EMP00993,CC0056,IT,4,Leave Start,,CAD,CAN,2021-11-18 07:00:00,CORE_HR
EVT00020513,2021-11-17,EMP02700,CC0085,EC,1,Step Increment,61512.47,CAD,CA,2021-11-17 23:00:00,PAYROLL
EVT00021693,2021-11-11,EMP02941,CC0088,IT,3,Promotion,79798.58,USD,USA,2021-11-11 08:00:00,CORE_HR
EVT00019883,2021-11-15,EMP01986,CC0119,CR,1,Leave Return,,CAD,CA,2021-11-16 03:00:00,PAYROLL
EVT00020696,2021-11-22,EMP01447,CC0092,EC,5,Step Increment,119926.18,CAD,CA,2021-11-22 08:00:00,PAYROLL
EVT00020674,2021-11-17,EMP03985,CC0019,CR,2,Step Increment,58959.11,CAD,CAN,2021-11-18 07:00:00,CORE_HR
EVT00021138,2021-11-07,EMP04193,CC0093,PA,2,Leave Return,,CAD,CAN,2021-11-07 12:00:00,CORE_HR
EVT00021730,2021-11-02,EMP01749,CC0076,CR,5,Step Increment,78218.85,CAD,CAN,2021-11-02 20:00:00,CORE_HR
EVT00020160,2021-11-04,EMP00560,CC0001,EN,2,Step Increment,92009.09,CAD,CA,2021-11-05 14:00:00,PAYROLL
EVT00021459,2021-11-26,EMP01035,CC0084,EC,3,Step Increment,103427.51,CAD,CAN,2021-11-27 04:00:00,CORE_HR
EVT00021285,2021-11-10,EMP03518,CC0035,EX,1,Lateral Deployment,,CAD,CAN,2021-11-10 20:00:00,CORE_HR
EVT00021833,2021-11-18,EMP04482,CC0096,FI,2,Step Increment,78206.08,CAD,CA,2021-11-19 11:00:00,PAYROLL
EVT00019854,2021-11-18,EMP01418,CC0061,PA,1,Step Increment,71252.49,CAD,CAN,2021-11-19 11:00:00,CORE_HR
EVT00021563,2021-11-17,EMP02873,CC0003,PA,1,Departure,,CAD,CA,2021-11-18 06:00:00,PAYROLL
EVT00020644,2021-11-17,EMP00626,CC0050,AS,2,Promotion,60348.51,CAD,CAN,2021-11-18 02:00:00,CORE_HR
EVT00020928,2021-11-01,EMP02941,CC0088,IT,3,Hire,68618.61,EUR,DE,2021-11-02 07:00:00,PAYROLL
EVT00021384,2021-11-20,EMP00553,CC0024,FI,1,Step Increment,56760.82,CAD,CAN,2021-11-24 04:00:00,CORE_HR
EVT00021391,2021-11-26,EMP03306,CC0053,FI,1,Performance Pay,9121.97,CAD,CA,2021-11-27 08:00:00,PAYROLL
EVT00020304,2021-11-20,EMP00486,CC0042,CR,5,Departure,,CAD,CAN,2021-11-20 13:00:00,CORE_HR
EVT00019920,2021-11-03,EMP04954,CC0009,PA,3,Step Increment,56327.08,EUR,DEU,2021-11-03 11:00:00,CORE_HR
EVT00019918,2021-11-19,EMP03796,CC0060,PA,2,Performance Pay,4978.73,CAD,CA,2021-11-20 03:00:00,PAYROLL
EVT00021711,2021-11-22,EMP00417,CC0078,EX,1,Step Increment,119883.13,CAD,CA,2021-11-25 18:00:00,PAYROLL
EVT00020801,2021-11-11,EMP01471,CC0079,AS,1,Step Increment,54935.17,CAD,CA,2021-11-12 15:00:00,PAYROLL
EVT00020902,2021-11-12,EMP02313,CC0087,EC,3,Leave Return,,CAD,CAN,2021-11-13 15:00:00,CORE_HR
EVT00021602,2021-11-09,EMP03484,CC0094,AS,4,Leave Start,,CAD,CA,2021-11-10 09:00:00,PAYROLL
EVT00020417,2021-11-06,EMP03917,CC0072,IT,1,Promotion,84367.98,CAD,CA,2021-11-06 14:00:00,PAYROLL
EVT00020083,2021-11-14,EMP03790,CC0031,PA,4,Promotion,9953941.82,KES,KEN,2021-11-15 00:00:00,CORE_HR
EVT00021525,2021-11-08,EMP04409,CC0102,CR,4,Leave Return,,CAD,CAN,2021-11-09 15:00:00,CORE_HR
EVT00020182,2021-11-21,EMP00199,CC0030,EN,2,Departure,,AED,AE,2021-11-22 05:00:00,PAYROLL
EVT00020487,2021-11-24,EMP00550,CC0025,EC,1,Performance Pay,8209.34,CAD,CAN,2021-11-24 12:00:00,CORE_HR
EVT00021143,2021-11-24,EMP01903,CC0003,FI,2,Step Increment,80782.98,CAD,CA,2021-11-25 00:00:00,PAYROLL
EVT00019868,2021-11-09,EMP01945,CC0083,PA,1,Leave Return,,CAD,CA,2021-11-10 01:00:00,PAYROLL
EVT00020636,2021-11-10,EMP02069,CC0104,FI,2,Lateral Deployment,,CAD,CAN,2021-11-11 02:00:00,CORE_HR
EVT00020411,2021-11-04,EMP04505,CC0107,PA,1,Promotion,58701.72,CAD,CAN,2021-11-04 17:00:00,CORE_HR
EVT00020640,2021-11-20,EMP00292,CC0009,EX,1,Leave Return,,SGD,SG,2021-11-21 01:00:00,PAYROLL
EVT00020556,2021-11-10,EMP04431,CC0066,EX,1,Leave Return,,CAD,CAN,2021-11-10 15:00:00,CORE_HR
EVT00021410,2021-11-12,EMP04840,CC0055,AS,1,Leave Start,,CAD,CAN,2021-11-13 05:00:00,CORE_HR
EVT00021512,1900-01-01,EMP01863,CC0021,EN,5,Step Increment,138167.5,CAD,CA,2021-11-17 23:00:00,PAYROLL
EVT00021597,2021-11-09,EMP01715,CC0033,FI,3,Step Increment,85292.92,CAD,CAN,2021-11-09 21:00:00,CORE_HR
EVT00020359,2021-11-15,EMP02040,CC0068,IT,1,Leave Return,,CAD,CA,2021-11-16 10:00:00,PAYROLL
EVT00020989,2021-11-20,EMP03023,CC0052,IT,2,Performance Pay,8321.07,CAD,CAN,2021-11-20 16:00:00,CORE_HR
EVT00021766,2021-11-03,EMP02608,CC0057,PA,1,Step Increment,63835.49,CAD,CAN,2021-11-03 16:00:00,CORE_HR
EVT00020509,2021-11-07,EMP02502,CC0038,AS,1,Leave Start,,CAD,CA,2021-11-08 08:00:00,PAYROLL
EVT00020142,2021-11-03,EMP01347,CC0071,EX,1,Performance Pay,7219.58,CAD,CAN,2021-11-03 09:00:00,CORE_HR
EVT00020807,2021-11-21,EMP01701,CC0004,AS,1,Step Increment,51153.42,CAD,CA,2021-11-22 12:00:00,PAYROLL
EVT00020070,2021-11-17,EMP02824,CC0063,PA,1,Lateral Deployment,,CAD,CA,2021-11-18 13:00:00,PAYROLL
EVT00019926,2021-11-22,EMP02802,CC0063,EN,4,Lateral Deployment,,CAD,CAN,2021-11-22 18:00:00,CORE_HR
EVT00020169,2021-11-25,EMP03562,CC0009,PA,5,Step Increment,45608.08,GBP,GBR,2021-11-26 13:00:00,CORE_HR
EVT00020923,2021-11-25,EMP03670,CC0005,AS,2,Step Increment,59822.1,CAD,CAN,2021-11-26 04:00:00,CORE_HR
EVT00020229,2021-11-11,EMP04880,CC0109,EC,1,Performance Pay,5182.46,CAD,CA,2021-11-12 07:00:00,PAYROLL
EVT00020311,2021-11-19,EMP03549,CC0005,FI,4,Lateral Deployment,,CAD,CAN,2021-11-19 12:00:00,CORE_HR
EVT00020137,2021-11-02,EMP00112,CC0036,PA,3,Step Increment,79282.6,CAD,CAN,2021-11-03 08:00:00,CORE_HR
EVT00020039,2021-11-04,EMP01882,CC0024,IT,3,Leave Start,,CAD,CAN,2021-11-04 07:00:00,CORE_HR
EVT00021784,2021-11-13,EMP04000,CC0091,IT,3,Step Increment,98773.76,CAD,CAN,2021-11-14 02:00:00,CORE_HR
EVT00020139,2021-11-04,EMP04238,CC0081,CR,1,Leave Return,,CAD,CA,2021-11-05 14:00:00,PAYROLL
EVT00021017,2021-11-16,EMP01892,CC0076,PA,2,Hire,73532.65,CAD,CAN,2021-11-19 16:00:00,CORE_HR
EVT00020100,2021-11-12,EMP00838,CC0004,IT,3,Lateral Deployment,,CAD,CAN,2021-11-13 01:00:00,CORE_HR
EVT00021126,2021-11-08,EMP02752,CC0036,PA,3,Leave Start,,CAD,CAN,2021-11-09 08:00:00,CORE_HR
EVT00020675,2021-11-15,EMP01602,CC0057,IT,4,Leave Return,,CAD,CA,2021-11-16 13:00:00,PAYROLL
EVT00021249,2021-11-09,EMP02896,CC0070,EN,5,Departure,,CAD,CAN,2021-11-09 14:00:00,CORE_HR
EVT00021734,2021-11-22,EMP03868,CC0079,IT,2,Step Increment,88112.54,CAD,CAN,2021-11-23 05:00:00,CORE_HR
EVT00020135,2021-11-27,EMP04429,CC0092,FI,2,Step Increment,73025.1,CAD,CAN,2021-11-28 07:00:00,CORE_HR
EVT00020347,2021-11-11,EMP03657,CC0115,EC,2,Leave Start,,CAD,CAN,2021-11-11 20:00:00,CORE_HR
EVT00020069,2021-11-25,EMP04314,CC0019,EN,1,Step Increment,76225.34,CAD,CA,2021-11-25 16:00:00,PAYROLL
EVT00020272,2021-11-24,EMP04697,CC0029,PA,3,Leave Return,,AUD,AU,2021-11-25 12:00:00,PAYROLL
EVT00021453,2021-11-21,EMP02579,CC0029,EN,2,Performance Pay,13801.19,AUD,AU,2021-11-22 05:00:00,PAYROLL
EVT00020762,2021-11-11,EMP04615,CC0114,AS,3,Leave Start,,CAD,CAN,2021-11-12 03:00:00,CORE_HR
EVT00021270,2021-11-26,EMP01418,CC0061,PA,1,Leave Return,,CAD,CAN,2021-11-27 15:00:00,CORE_HR
EVT00021371,2021-11-15,EMP03439,CC0039,IT,3,Departure,,CAD,CA,2021-11-16 09:00:00,PAYROLL
EVT00020110,2021-11-01,EMP04755,CC0117,EC,2,Step Increment,90540.85,CAD,CAN,2021-11-01 18:00:00,CORE_HR
EVT00021726,2021-11-06,EMP01749,CC0076,CR,5,Step Increment,57904.38,CAD,CA,2021-11-07 12:00:00,PAYROLL
EVT00020448,2021-11-27,EMP01390,CC0046,AS,4,Leave Return,,AUD,AU,2021-11-27 09:00:00,PAYROLL
EVT00021471,2021-11-22,EMP02684,CC0031,EC,5,Departure,,INR,IN,2021-11-23 06:00:00,PAYROLL
EVT00020251,2021-11-13,EMP00294,CC0111,IT,2,Leave Return,,AUD,AUS,2021-11-13 11:00:00,CORE_HR
EVT00020129,2021-11-01,EMP02238,CC0067,IT,2,Performance Pay,8565.46,CAD,CAN,2021-11-02 14:00:00,CORE_HR
EVT00020027,2021-11-11,EMP00506,CC0097,PA,1,Performance Pay,7045.98,CAD,CA,2021-11-11 16:00:00,PAYROLL
EVT00021475,2021-11-24,EMP03723,CC0054,PA,4,Lateral Deployment,,BRL,BR,2021-11-25 05:00:00,PAYROLL
EVT00019979,2021-11-20,EMP04742,CC0020,IT,2,Leave Return,,CAD,CA,2021-11-21 08:00:00,PAYROLL
EVT00021037,2021-11-24,EMP00326,CC0017,IT,3,Leave Return,,CAD,CAN,2021-11-24 12:00:00,CORE_HR
EVT00021532,2021-11-10,EMP03235,CC0087,EC,2,Step Increment,91246.34,CAD,CAN,2021-11-11 01:00:00,CORE_HR
EVT00021503,2021-11-15,EMP04182,CC0068,EN,5,Step Increment,139376.27,CAD,CAN,2021-11-16 12:00:00,CORE_HR
EVT00021601,2021-11-27,EMP04717,CC0101,EN,1,Performance Pay,8560.74,CAD,CA,2021-11-27 08:00:00,PAYROLL
EVT00019955,2021-11-10,EMP02790,CC0118,PA,2,Step Increment,62709.71,CAD,CAN,2021-11-10 11:00:00,CORE_HR
EVT00021491,2021-11-22,EMP01508,CC0110,PA,3,Step Increment,65159.42,CAD,CAN,2021-11-23 14:00:00,CORE_HR
EVT00021119,2021-11-24,EMP00346,CC0046,FI,3,Performance Pay,532400.22,JPY,JPN,2021-11-24 16:00:00,CORE_HR
EVT00021124,2021-11-10,EMP02371,CC0066,FI,3,Step Increment,95262.63,CAD,CAN,2021-11-11 09:00:00,CORE_HR
EVT00019887,2021-11-13,EMP01346,CC0093,IT,5,Leave Start,,CAD,CA,2021-11-15 10:00:00,PAYROLL
EVT00021479,2021-11-06,EMP01907,CC0069,EX,2,Step Increment,155457.5,CAD,CAN,2021-11-07 13:00:00,CORE_HR
EVT00020865,2021-11-03,EMP02860,CC0051,AS,2,Step Increment,57312.29,CAD,CAN,2021-11-04 10:00:00,CORE_HR
EVT00020886,2021-11-21,EMP03044,CC0031,EC,5,Performance Pay,36185.88,BRL,BRA,2021-11-22 10:00:00,CORE_HR
EVT00020891,2021-11-12,EMP02632,CC0070,IT,4,Hire,121964.12,CAD,CAN,2021-11-12 23:00:00,CORE_HR
EVT00021749,2021-11-03,EMP03966,CC0050,EC,2,Step Increment,87357.64,CAD,CA,2021-11-04 09:00:00,PAYROLL
EVT00020313,2021-11-26,EMP03090,CC0107,CR,2,Step Increment,65436.43,CAD,CAN,2021-11-29 14:00:00,CORE_HR
EVT00020880,2021-11-16,EMP00414,CC0015,EC,3,Step Increment,87198.51,CAD,CAN,2021-11-16 23:00:00,CORE_HR
EVT00021485,2021-11-20,EMP02894,CC0038,FI,1,Step Increment,83859.13,CAD,CA,2021-11-20 17:00:00,PAYROLL
EVT00020996,2021-11-08,EMP01976,CC0002,PA,2,Step Increment,73933.51,CAD,CA,2021-11-08 15:00:00,PAYROLL
EVT00021220,2021-11-26,EMP01985,CC0032,PA,2,Leave Return,,CAD,CA,2021-11-26 22:00:00,PAYROLL
EVT00020973,2021-11-25,EMP04801,CC0119,IT,1,Step Increment,83922.19,CAD,CA,2021-11-25 22:00:00,PAYROLL
EVT00021083,2021-11-02,EMP00526,CC0108,IT,1,Step Increment,8591424.54,KES,KEN,2021-11-05 08:00:00,CORE_HR
EVT00020720,2021-11-05,EMP01019,CC0054,EX,1,Step Increment,376776.68,AED,AE,2021-11-05 19:00:00,PAYROLL
EVT00020635,2021-11-05,EMP01482,CC0029,CR,1,Leave Start,,BRL,BR,2021-11-05 22:00:00,PAYROLL
EVT00020164,2021-11-02,EMP01509,CC0004,EX,3,Lateral Deployment,,CAD,CAN,2021-11-02 13:00:00,CORE_HR
EVT00019917,2021-11-25,EMP00084,CC0070,EX,1,Leave Return,,CAD,CAN,2021-11-25 06:00:00,CORE_HR
EVT00020538,2021-11-27,EMP03103,CC0068,CR,5,Step Increment,67992.43,CAD,CAN,2021-11-28 08:00:00,CORE_HR
EVT00021148,2021-11-22,EMP00463,CC0054,EC,2,Performance Pay,75373.52,MXN,MEX,2021-11-22 08:00:00,CORE_HR
EVT00020064,2021-11-22,EMP04441,CC0101,EC,2,Step Increment,88704.39,CAD,CA,2021-11-23 02:00:00,PAYROLL
EVT00021188,2021-11-09,EMP01652,CC0038,AS,2,Lateral Deployment,,CAD,CA,2021-11-09 20:00:00,PAYROLL
EVT00020133,2021-11-11,EMP01894,CC0033,PA,5,Step Increment,73547.81,CAD,CA,2021-11-11 19:00:00,PAYROLL
EVT00021087,2021-11-19,EMP04965,CC0064,IT,3,Step Increment,111119.96,CAD,CAN,2021-11-19 20:00:00,CORE_HR
EVT00020893,2021-11-20,EMP02559,CC0104,EX,1,Lateral Deployment,,CAD,CA,2021-11-20 20:00:00,PAYROLL
EVT00020576,2021-11-12,EMP03083,CC0100,EC,1,Hire,74548.35,CAD,CAN,2021-11-13 02:00:00,CORE_HR
EVT00020791,2021-11-12,EMP01061,CC0033,EX,1,Leave Start,,CAD,CA,2021-11-12 06:00:00,PAYROLL
EVT00020681,2021-11-19,EMP03212,CC0031,PA,1,Departure,,EUR,FR,2021-11-20 11:00:00,PAYROLL
EVT00020899,2021-11-22,EMP02033,CC0033,IT,1,Step Increment,82396.39,CAD,CAN,2021-11-23 15:00:00,CORE_HR
EVT00020935,2021-11-12,EMP00505,CC0055,EN,2,Leave Return,,CAD,CAN,2021-11-12 12:00:00,CORE_HR
EVT00020344,2021-11-03,EMP00524,CC0057,PA,4,Lateral Deployment,,CAD,CAN,2021-11-03 22:00:00,CORE_HR
EVT00019950,2021-11-26,EMP01710,CC0010,EN,3,Leave Return,,CAD,CAN,2021-11-27 09:00:00,CORE_HR
EVT00021121,2021-11-11,EMP02742,CC0112,FI,2,Hire,83282.9,CAD,CAN,2021-11-12 14:00:00,CORE_HR
EVT00019937,2021-11-05,EMP01601,CC0015,PA,2,Step Increment,75372.12,CAD,CAN,2021-11-06 13:00:00,CORE_HR
EVT00021530,2021-11-06,EMP01269,CC0035,IT,3,Leave Start,,CAD,CAN,2021-11-06 23:00:00,CORE_HR
EVT00021547,2021-11-09,EMP00237,CC0055,EN,2,Step Increment,84819.61,CAD,CA,2021-11-10 07:00:00,PAYROLL
EVT00021757,2021-11-12,EMP03871,CC0014,PA,1,Lateral Deployment,,CAD,CA,2021-11-12 19:00:00,PAYROLL
EVT00020447,2021-11-05,EMP00081,CC0094,AS,2,Step Increment,64663.57,CAD,CAN,2021-11-06 10:00:00,CORE_HR
EVT00020452,2021-11-20,EMP02782,CC0071,PA,5,Promotion,91869.7,CAD,CA,2021-11-20 22:00:00,PAYROLL
EVT00020292,2021-11-02,EMP02988,CC0038,AS,5,Leave Start,,CAD,CA,2021-11-03 01:00:00,PAYROLL
EVT00020754,2021-11-22,EMP02221,CC0086,PA,3,Step Increment,71155.76,USD,USA,2021-11-23 10:00:00,CORE_HR
EVT00020534,2021-11-03,EMP01777,CC0060,AS,2,Leave Return,,CAD,CAN,2021-11-03 06:00:00,CORE_HR
EVT00019991,2021-11-01,EMP02008,CC0089,PA,4,Leave Return,,CAD,CA,2021-11-01 11:00:00,PAYROLL
EVT00020716,2021-11-14,EMP03759,CC0025,EC,2,Departure,,CAD,CAN,2021-11-14 20:00:00,CORE_HR
EVT00020795,2021-11-06,EMP03415,CC0046,IT,1,Step Increment,296704.38,BRL,BRA,2021-11-06 11:00:00,CORE_HR
EVT00020424,2021-11-22,EMP04271,CC0032,IT,1,Departure,,CAD,CAN,2021-11-25 19:00:00,CORE_HR
EVT00020230,2021-11-13,EMP03247,CC0088,IT,2,Step Increment,10404545.55,JPY,JPN,2021-11-13 14:00:00,CORE_HR
EVT00021398,2021-11-22,EMP04990,CC0022,PA,3,Leave Start,,CAD,CAN,2021-11-23 06:00:00,CORE_HR
EVT00020728,2021-11-07,EMP03677,CC0014,IT,1,Step Increment,74169.27,CAD,CAN,2021-11-07 19:00:00,CORE_HR
EVT00020997,2021-11-26,EMP00130,CC0026,FI,2,Promotion,70101.26,CAD,CAN,2021-11-27 02:00:00,CORE_HR
EVT00021839,2021-11-13,EMP03410,CC0056,EN,2,Step Increment,94020.48,CAD,CAN,2021-11-14 15:00:00,CORE_HR
EVT00021736,2021-11-21,EMP01551,CC0025,CR,1,Step Increment,50480.76,CAD,CA,2021-11-21 12:00:00,PAYROLL
EVT00020705,2021-11-06,EMP01557,CC0107,IT,2,Performance Pay,6510.03,CAD,CAN,2021-11-07 15:00:00,CORE_HR
EVT00020382,2021-11-09,EMP04643,CC0003,AS,5,Leave Start,,CAD,CAN,2021-11-10 10:00:00,CORE_HR
EVT00021160,2021-11-12,EMP03320,CC0048,EN,3,Step Increment,101608.92,CAD,CAN,2021-11-13 13:00:00,CORE_HR
EVT00021356,2021-11-09,EMP03081,CC0042,FI,2,Lateral Deployment,,CAD,CAN,2021-11-10 15:00:00,CORE_HR
EVT00021456,2021-11-16,EMP03096,CC0103,EN,1,Step Increment,76525.76,CAD,CA,2021-11-17 00:00:00,PAYROLL
EVT00021000,2021-11-11,EMP03670,CC0005,AS,2,Performance Pay,4804.47,CAD,CA,2021-11-11 11:00:00,PAYROLL
EVT00021434,2021-11-22,EMP01262,CC0090,CR,2,Departure,,CAD,CAN,2021-11-23 07:00:00,CORE_HR
EVT00021197,2021-11-13,EMP02847,CC0054,IT,2,Performance Pay,6705.93,GBP,GB,2021-11-14 10:00:00,PAYROLL
EVT00021101,2021-11-14,EMP02844,CC0004,EC,4,Departure,,CAD,CAN,2021-11-15 12:00:00,CORE_HR
EVT00021348,2021-11-23,EMP04076,CC0102,CR,2,Step Increment,61218.03,CAD,CAN,2021-11-24 07:00:00,CORE_HR
EVT00020957,2021-11-12,EMP00179,CC0024,AS,1,Leave Return,,CAD,CAN,2021-11-12 10:00:00,CORE_HR
EVT00021297,2021-11-13,EMP03731,CC0119,EX,2,Step Increment,135301.52,CAD,CA,2021-11-14 02:00:00,PAYROLL
EVT00021673,2021-11-07,EMP01335,CC0080,FI,2,Step Increment,8025194.53,JPY,JPN,2021-11-08 02:00:00,CORE_HR
EVT00020664,2021-11-21,EMP01310,CC0072,IT,3,Step Increment,110696.36,CAD,CA,2021-11-21 11:00:00,PAYROLL
EVT00020981,2021-11-12,EMP03674,CC0035,IT,2,Step Increment,92168.18,CAD,CAN,2021-11-13 15:00:00,CORE_HR
EVT00021451,2021-11-18,EMP03763,CC0053,EX,2,Promotion,138023.39,CAD,CAN,2021-11-18 17:00:00,CORE_HR
EVT00021684,2021-11-14,EMP04516,CC0023,AS,3,Performance Pay,8985.06,CAD,CAN,2021-11-14 22:00:00,CORE_HR
EVT00020280,2021-11-02,EMP00246,CC0114,FI,3,Leave Return,,CAD,CAN,2021-11-02 09:00:00,CORE_HR
EVT00021756,2021-11-03,EMP02598,CC0068,EC,2,Departure,,CAD,CA,2021-11-03 13:00:00,PAYROLL
EVT00019858,2021-11-07,EMP04804,CC0013,EX,2,Lateral Deployment,,CAD,CA,2021-11-07 16:00:00,PAYROLL
EVT00020238,2021-11-19,EMP00232,CC0074,PA,4,Performance Pay,782831.33,KES,KE,2021-11-19 22:00:00,PAYROLL
EVT00020660,2021-11-05,EMP01604,CC0001,EX,1,Departure,,CAD,CAN,2021-11-06 00:00:00,CORE_HR
EVT00020040,2021-11-25,EMP03560,CC0112,IT,4,Leave Return,,CAD,CA,2021-11-25 14:00:00,PAYROLL
EVT00021501,2021-11-07,EMP04415,CC0085,IT,5,Promotion,127125.09,CAD,CA,2021-11-07 06:00:00,PAYROLL
EVT00020368,2021-11-20,EMP03438,CC0071,IT,1,Step Increment,72930.79,CAD,CAN,2021-11-20 21:00:00,CORE_HR
EVT00019932,2021-11-06,EMP02960,CC0072,AS,1,Performance Pay,6014.09,CAD,CAN,2021-11-07 10:00:00,CORE_HR
EVT00020549,2021-11-13,EMP04871,CC0105,FI,1,Lateral Deployment,,AED,ARE,2021-11-13 07:00:00,CORE_HR
EVT00021810,2021-11-01,EMP00076,CC0042,EX,2,Performance Pay,20278.95,CAD,CAN,2021-11-02 02:00:00,CORE_HR
EVT00020409,2021-11-01,EMP04729,CC0086,EC,3,Step Increment,107593.57,AUD,AUS,2021-11-02 05:00:00,CORE_HR
EVT00020410,2021-11-02,EMP03784,CC0031,EC,2,Hire,866912.98,MXN,MEX,2021-11-02 09:00:00,CORE_HR
EVT00020984,2021-11-17,EMP01482,CC0029,CR,1,Hire,101412.67,AED,AE,2021-11-18 03:00:00,PAYROLL
EVT00020955,2021-11-07,EMP04310,CC0026,EX,1,Step Increment,126936.59,CAD,CAN,2021-11-08 22:00:00,CORE_HR
EVT00021654,2021-11-25,EMP00731,CC0117,EC,1,Lateral Deployment,,CAD,CA,2021-11-25 09:00:00,PAYROLL
EVT00021671,2021-11-10,EMP03732,CC0108,PA,2,Leave Return,,EUR,DEU,2021-11-10 10:00:00,CORE_HR
EVT00021238,2021-11-27,EMP01958,CC0076,EN,2,Promotion,86658.44,CAD,CA,2021-11-28 10:00:00,PAYROLL
EVT00020697,2021-11-22,EMP02033,CC0033,IT,1,Step Increment,79816.79,CAD,CAN,2021-11-23 10:00:00,CORE_HR
EVT00020945,2021-11-21,EMP00204,CC0030,CR,2,Departure,,SGD,SGP,2021-11-22 14:00:00,CORE_HR
EVT00021328,2021-11-03,EMP03906,CC0019,EN,2,Performance Pay,7208.95,CAD,CAN,2021-11-04 15:00:00,CORE_HR
EVT00020356,2021-11-23,EMP00072,CC0048,PA,1,Performance Pay,5017.9,CAD,CAN,2021-11-23 08:00:00,CORE_HR
EVT00020715,2021-11-14,EMP03656,CC0087,EX,1,Lateral Deployment,,CAD,CAN,2021-11-14 19:00:00,CORE_HR
EVT00020518,2021-11-16,EMP04570,CC0006,EC,3,Step Increment,104373.73,CAD,CA,2021-11-17 06:00:00,PAYROLL
EVT00021100,2021-11-03,EMP02799,CC0035,EC,1,Hire,66879.34,CAD,CA,2021-11-04 12:00:00,PAYROLL
EVT00021075,2021-11-04,EMP04639,CC0030,EX,2,Lateral Deployment,,INR,IN,2021-11-04 16:00:00,PAYROLL
EVT00020492,2021-11-09,EMP01947,CC0036,EX,1,Step Increment,128889.19,CAD,CA,2021-11-09 19:00:00,PAYROLL
EVT00021094,2021-11-17,EMP03363,CC0005,IT,3,Performance Pay,8094.66,CAD,CAN,2021-11-17 17:00:00,CORE_HR
EVT00021441,2021-11-14,EMP00456,CC0076,EX,2,Leave Return,,CAD,CAN,2021-11-14 08:00:00,CORE_HR
EVT00020049,2021-11-23,EMP03716,CC0024,EC,1,Leave Start,,CAD,CAN,2021-11-23 19:00:00,CORE_HR
EVT00020520,2021-11-06,EMP04015,CC0057,EN,1,Departure,,CAD,CAN,2021-11-06 12:00:00,CORE_HR
EVT00021629,2021-11-19,EMP00774,CC0012,CR,5,Lateral Deployment,,CAD,CAN,2021-11-19 14:00:00,CORE_HR
EVT00021843,2021-11-21,EMP04950,CC0056,PA,2,Leave Start,,CAD,CAN,2021-11-22 12:00:00,CORE_HR
EVT00020326,2021-11-20,EMP04559,CC0079,CR,1,Leave Start,,CAD,CAN,2021-11-20 15:00:00,CORE_HR
EVT00021229,2021-11-01,EMP02172,CC0102,IT,1,Lateral Deployment,,CAD,CAN,2021-11-01 08:00:00,CORE_HR
EVT00021088,2021-11-26,EMP01093,CC0086,IT,3,Hire,1236873.27,MXN,MEX,2021-11-26 21:00:00,CORE_HR
EVT00020430,2021-11-12,EMP03352,CC0069,EC,1,Lateral Deployment,,CAD,CA,2021-11-12 12:00:00,PAYROLL
EVT00019934,2021-11-11,EMP03961,CC0055,EX,2,Lateral Deployment,,CAD,CAN,2021-11-12 02:00:00,CORE_HR
EVT00019888,2021-11-04,EMP01715,CC0033,FI,3,Hire,84091.22,CAD,CA,2021-11-05 05:00:00,PAYROLL
EVT00020061,2021-11-06,EMP03805,CC0024,PA,1,Leave Start,,CAD,CAN,2021-11-07 06:00:00,CORE_HR
EVT00020471,2021-11-21,EMP00110,CC0043,EC,4,Step Increment,108234.46,CAD,CA,2021-11-21 17:00:00,PAYROLL
EVT00021243,2021-11-06,EMP00740,CC0026,EC,5,Performance Pay,9459.78,CAD,CAN,2021-11-06 22:00:00,CORE_HR
EVT00020465,2021-11-07,EMP01576,CC0101,FI,2,Performance Pay,4245.68,CAD,CA,2021-11-07 10:00:00,PAYROLL
EVT00021323,2021-11-17,EMP01250,CC0029,PA,2,Leave Return,,MXN,MEX,2021-11-17 06:00:00,CORE_HR
EVT00021473,2021-11-05,EMP04281,CC0067,EC,2,Step Increment,82084.17,CAD,CAN,2021-11-06 13:00:00,CORE_HR
EVT00021793,2021-11-27,EMP01177,CC0087,PA,4,Promotion,106242.27,CAD,CA,2021-11-28 03:00:00,PAYROLL
EVT00020325,2021-11-06,EMP01030,CC0035,IT,4,Lateral Deployment,,CAD,CA,2021-11-06 12:00:00,PAYROLL
EVT00021715,2021-11-05,EMP01578,CC0078,IT,4,Performance Pay,6190.55,CAD,CA,2021-11-05 21:00:00,PAYROLL
EVT00020643,2021-11-18,EMP00882,CC0007,EX,2,Leave Return,,AED,ARE,2021-11-18 13:00:00,CORE_HR
EVT00020146,2021-11-22,EMP03212,CC0031,PA,1,Leave Start,,EUR,FR,2021-11-22 21:00:00,PAYROLL
EVT00020331,2021-11-20,EMP04470,CC0017,FI,4,Step Increment,106231.49,CAD,CA,2021-11-21 11:00:00,PAYROLL
EVT00020853,2021-11-06,EMP03006,CC0099,IT,2,Leave Return,,CAD,CAN,2021-11-06 11:00:00,CORE_HR
EVT00020006,2021-11-11,EMP03348,CC0041,AS,2,Departure,,CAD,CA,2021-11-11 23:00:00,PAYROLL
EVT00020664,2021-11-21,EMP01310,CC0072,IT,3,Step Increment,110696.36,CAD,CA,2021-11-23 10:00:00,PAYROLL
EVT00021036,2021-11-24,EMP01036,CC0042,AS,3,Performance Pay,4410.47,CAD,CAN,2021-11-25 14:00:00,CORE_HR
EVT00020622,2021-11-05,EMP02704,CC0074,IT,3,Leave Start,,SGD,SGP,2021-11-06 00:00:00,CORE_HR
EVT00020745,2021-11-12,EMP03987,CC0081,CR,1,Step Increment,53967.21,CAD,CAN,2021-11-12 11:00:00,CORE_HR
EVT00021652,2021-11-17,EMP00440,CC0097,EX,2,Leave Start,,CAD,CAN,2021-11-18 15:00:00,CORE_HR
EVT00021495,2021-11-13,EMP04530,CC0079,IT,4,Step Increment,111818.61,CAD,CAN,2021-11-13 09:00:00,CORE_HR
EVT00021818,2021-11-04,EMP00342,CC0020,CR,4,Leave Start,,CAD,CAN,2021-11-05 11:00:00,CORE_HR
EVT00020055,2021-11-12,EMP00890,CC0032,PA,1,Lateral Deployment,,CAD,CA,2021-11-12 18:00:00,PAYROLL
EVT00020596,2021-11-04,EMP03676,CC0081,IT,2,Step Increment,68444.83,CAD,CA,2021-11-05 08:00:00,PAYROLL
EVT00021706,2021-11-08,EMP03243,CC0007,IT,3,Promotion,8768967.93,KES,KE,2021-11-08 16:00:00,PAYROLL
EVT00021166,2021-11-26,EMP04667,CC0063,IT,2,Hire,96577.75,CAD,CA,2021-11-27 15:00:00,PAYROLL
EVT00021586,2021-11-24,EMP03235,CC0087,EC,2,Performance Pay,10419.46,CAD,CAN,2021-11-24 22:00:00,CORE_HR
EVT00021340,2021-11-21,EMP00758,CC0103,IT,4,Step Increment,114659.8,CAD,CAN,2021-11-21 19:00:00,CORE_HR
EVT00020750,2021-11-25,EMP03957,CC0074,IT,1,Hire,7209594.14,JPY,JPN,2021-11-25 23:00:00,CORE_HR
EVT00021245,2021-11-27,EMP04348,CC0093,CR,2,Lateral Deployment,,CAD,CA,2021-11-27 10:00:00,PAYROLL
EVT00019862,2021-11-07,EMP00961,CC0024,IT,2,Leave Return,,CAD,CA,2021-11-08 12:00:00,PAYROLL
EVT00021181,2021-11-19,EMP03598,CC0077,EX,2,Performance Pay,16660.21,CAD,CAN,2021-11-19 18:00:00,CORE_HR
EVT00019906,2021-11-13,EMP01002,CC0048,CR,4,Step Increment,71887.21,CAD,CA,2021-11-13 13:00:00,PAYROLL
EVT00021710,2021-11-11,EMP04044,CC0022,FI,3,Step Increment,100150.69,CAD,CA,2021-11-12 05:00:00,PAYROLL
EVT00020241,2021-11-10,EMP01683,CC0030,IT,4,Step Increment,128770.36,AUD,AUS,2021-11-10 18:00:00,CORE_HR
EVT00020285,2021-11-08,EMP02417,CC0008,EN,2,Step Increment,86241.58,CAD,CAN,2021-11-09 13:00:00,CORE_HR
EVT00021870,2021-11-16,EMP02234,CC0022,EN,5,Hire,144638.88,CAD,CAN,2021-11-17 08:00:00,CORE_HR
EVT00021084,2021-11-01,EMP01767,CC0024,AS,4,Performance Pay,9828.93,CAD,CAN,2021-11-01 17:00:00,CORE_HR
EVT00021097,2021-11-17,EMP00534,CC0086,FI,2,Leave Start,,INR,IND,2021-11-17 12:00:00,CORE_HR
EVT00021845,2021-11-11,EMP04132,CC0015,PA,2,Step Increment,68794.4,CAD,CA,2021-11-11 21:00:00,PAYROLL
EVT00019949,2021-11-20,EMP01207,CC0016,AS,3,Performance Pay,3724.5,CAD,CA,2021-11-21 08:00:00,PAYROLL
EVT00019886,2021-11-15,EMP02813,CC0005,CR,3,Step Increment,63064.53,CAD,CA,2021-11-15 10:00:00,PAYROLL
EVT00021468,2021-11-22,EMP02255,CC0049,EC,5,Lateral Deployment,,MXN,MX,2021-11-23 01:00:00,PAYROLL
EVT00021575,2021-11-13,EMP04325,CC0022,PA,4,Step Increment,90650.74,CAD,CAN,2021-11-14 13:00:00,CORE_HR
EVT00021060,2021-11-21,EMP00709,CC0029,AS,5,Leave Start,,EUR,FRA,2021-11-21 08:00:00,CORE_HR
EVT00020092,2021-11-18,EMP02105,CC0019,IT,3,Step Increment,107251.49,CAD,CA,2021-11-18 23:00:00,PAYROLL
EVT00020397,2021-11-19,EMP01446,CC0115,PA,5,Leave Return,,CAD,CAN,2021-11-20 14:00:00,CORE_HR
EVT00021750,2021-11-11,EMP03853,CC0048,PA,1,Leave Start,,XXX,CA,2021-11-11 12:00:00,PAYROLL
EVT00021031,2021-11-25,EMP00367,CC0097,FI,4,Step Increment,108579.71,CAD,CAN,2021-11-28 23:00:00,CORE_HR
EVT00020259,2021-11-27,EMP02843,CC0034,PA,3,Performance Pay,9252.05,CAD,CAN,2021-11-27 21:00:00,CORE_HR
EVT00020125,2021-11-04,EMP02034,CC0031,PA,1,Promotion,3054586.73,INR,IN,2021-11-05 03:00:00,PAYROLL
EVT00020525,2021-11-20,EMP03524,CC0096,AS,1,Step Increment,49522.1,CAD,CAN,2021-11-20 08:00:00,CORE_HR
EVT00020976,2021-11-01,EMP02670,CC0091,EN,4,Performance Pay,10384.08,CAD,CA,2021-11-01 19:00:00,PAYROLL
EVT00021054,2021-11-27,EMP03787,CC0010,AS,1,Step Increment,49728.75,CAD,CAN,2021-11-28 05:00:00,CORE_HR
EVT00021554,2021-11-15,EMP03103,CC0068,CR,5,Step Increment,77706.62,CAD,CAN,2021-11-15 22:00:00,CORE_HR
EVT00020329,2021-11-09,EMP04228,CC0005,EN,4,Performance Pay,7281.48,CAD,CAN,2021-11-10 02:00:00,CORE_HR
EVT00021167,2021-11-23,EMP03603,CC0050,EN,1,Leave Return,,CAD,CA,2021-11-24 14:00:00,PAYROLL
EVT00021368,2021-11-20,EMP04019,CC0116,EC,4,Step Increment,100959.08,CAD,CA,2021-11-21 14:00:00,PAYROLL
EVT00020693,2021-11-17,EMP00465,CC0093,CR,5,Step Increment,72785.9,CAD,CAN,2021-11-17 17:00:00,CORE_HR
EVT00020158,2021-11-25,EMP03421,CC0083,IT,1,Step Increment,58257.88,CAD,CAN,2021-11-26 11:00:00,CORE_HR
EVT00021718,2021-11-01,EMP03036,CC0114,PA,1,Step Increment,60197.43,CAD,CAN,2021-11-01 13:00:00,CORE_HR
EVT00020098,2021-11-04,EMP02656,CC0079,EN,1,Step Increment,80829.94,CAD,CAN,2021-11-05 08:00:00,CORE_HR
EVT00021484,2021-11-22,EMP03330,CC0067,CR,1,Hire,53650.49,CAD,CA,2021-11-22 22:00:00,PAYROLL
EVT00020542,2021-11-17,EMP01080,CC0120,EC,4,Performance Pay,14479.37,CAD,CAN,2021-11-18 09:00:00,CORE_HR
EVT00020915,2021-11-14,EMP03906,CC0019,EN,2,Leave Start,,CAD,CAN,2021-11-14 21:00:00,CORE_HR
EVT00021796,2021-11-06,EMP01977,CC0023,IT,2,Leave Return,,CAD,CA,2021-11-06 23:00:00,PAYROLL
EVT00021098,2021-11-27,EMP02337,CC0115,AS,5,Performance Pay,5831.46,CAD,CAN,2021-11-28 08:00:00,CORE_HR
EVT00020799,2021-11-01,EMP01558,CC0013,PA,2,Leave Start,,CAD,CA,2021-11-01 17:00:00,PAYROLL
EVT00021259,2021-11-22,EMP04145,CC0107,EN,1,Lateral Deployment,,CAD,CAN,2021-11-22 18:00:00,CORE_HR
