event_id,event_date,employee_id,cost_center_id,classification_group,classification_level,event_type,amount_local,local_currency,work_country_code,ingest_ts,source_system
EVT00051481,2023-02-19,EMP03917,CC0072,IT,1,Step Increment,90415.62,CAD,CA,2023-02-19 10:00:00,PAYROLL
EVT00051162,2023-02-13,EMP02084,CC0052,IT,3,Step Increment,111158.47,CAD,CA,2023-02-14 13:00:00,PAYROLL
EVT00050679,2023-02-26,EMP02134,CC0116,EN,2,Step Increment,95789.42,CAD,CA,2023-02-26 11:00:00,PAYROLL
EVT00051117,2023-02-02,EMP04939,CC0096,EX,1,Departure,,CAD,CAN,2023-02-02 13:00:00,CORE_HR
EVT00049866,2023-02-16,EMP03683,CC0083,FI,2,Step Increment,102952.19,CAD,CAN,2023-02-17 01:00:00,CORE_HR
EVT00051358,2023-02-09,EMP01259,CC0112,IT,2,Performance Pay,6390.23,CAD,CAN,2023-02-10 00:00:00,CORE_HR
EVT00050689,2023-02-21,EMP04523,CC0108,IT,1,Step Increment,217816.55,AED,ARE,2023-02-22 06:00:00,CORE_HR
EVT00051236,2023-02-10,EMP01309,CC0029,AS,2,Lateral Deployment,,SGD,SGP,2023-02-10 21:00:00,CORE_HR
EVT00051154,2023-02-04,EMP02242,CC0042,IT,3,Leave Return,,CAD,CAN,2023-02-04 15:00:00,CORE_HR
EVT00050197,2023-02-18,EMP00869,CC0031,IT,4,Leave Start,,SGD,SGP,2023-02-19 06:00:00,CORE_HR
EVT00051079,2023-02-25,EMP01656,CC0011,IT,1,Leave Return,,CAD,CAN,2023-02-26 09:00:00,CORE_HR
EVT00051190,2023-02-19,EMP01160,CC0072,CR,4,Hire,62300.1,CAD,CAN,2023-02-20 19:00:00,CORE_HR
EVT00051548,2023-02-08,EMP01402,CC0099,EN,3,Leave Return,,CAD,CAN,2023-02-09 02:00:00,CORE_HR
EVT00049969,2023-02-10,EMP04176,CC0001,IT,2,Promotion,97914.87,CAD,CA,2023-02-11 11:00:00,PAYROLL
EVT00050333,2023-02-02,EMP01538,CC0115,PA,2,Promotion,72961.82,CAD,CAN,2023-02-02 15:00:00,CORE_HR
EVT00051703,2023-02-15,EMP00526,CC0108,IT,1,Leave Return,,KES,KEN,2023-02-15 12:00:00,CORE_HR
EVT00051591,2023-02-09,EMP02405,CC0065,AS,2,Step Increment,50560.02,EUR,FR,2023-02-09 17:00:00,PAYROLL
EVT00050438,2023-02-16,EMP04847,CC0114,AS,3,Leave Return,,CAD,CAN,2023-02-16 17:00:00,CORE_HR
EVT00050824,2023-02-27,EMP03718,CC0048,PA,3,Leave Start,,CAD,CAN,2023-02-27 14:00:00,CORE_HR
EVT00049929,2023-02-16,EMP00029,CC0079,AS,2,Promotion,67681.46,CAD,CAN,2023-02-16 06:00:00,CORE_HR
EVT00051455,2023-02-06,EMP03445,CC0046,PA,2,Performance Pay,461894.08,JPY,JP,2023-02-06 17:00:00,PAYROLL
EVT00050066,2023-02-26,EMP00327,CC0027,EN,1,Promotion,90900.15,CAD,CAN,2023-02-27 00:00:00,CORE_HR
EVT00049968,2023-02-24,EMP01779,CC0020,EN,2,Leave Start,,CAD,CAN,2023-02-25 08:00:00,CORE_HR
EVT00051348,2023-02-23,EMP03009,CC0045,AS,1,Leave Start,,CAD,CA,2023-02-23 22:00:00,PAYROLL
EVT00050631,2023-02-24,EMP00022,CC0064,EX,3,Promotion,190431.67,CAD,CAN,2023-02-24 22:00:00,CORE_HR
EVT00051735,2023-02-15,EMP01009,CC0010,IT,2,Step Increment,90408.07,CAD,CA,2023-02-16 10:00:00,PAYROLL
EVT00051336,2023-02-16,EMP02643,CC0013,PA,1,Leave Start,,CAD,CA,2023-02-17 04:00:00,PAYROLL
EVT00051539,2023-02-07,EMP00961,CC0024,IT,2,Step Increment,106519.57,CAD,CA,2023-02-07 08:00:00,PAYROLL
EVT00050263,2023-02-13,EMP01053,CC0095,PA,2,Lateral Deployment,,CAD,CAN,2023-02-14 04:00:00,CORE_HR
EVT00050488,2023-02-11,EMP03492,CC0088,EX,1,Step Increment,108783.89,USD,USA,2023-02-12 06:00:00,CORE_HR
EVT00049995,2023-02-23,EMP01606,CC0048,FI,5,Promotion,110331.23,CAD,CA,2023-02-26 00:00:00,PAYROLL
EVT00051016,2023-02-10,EMP03121,CC0105,EC,1,Departure,,MXN,MX,2023-02-11 12:00:00,PAYROLL
EVT00050379,2023-02-05,EMP04106,CC0120,PA,3,Step Increment,76994.52,CAD,CAN,2023-02-05 13:00:00,CORE_HR
EVT00051054,2023-02-03,EMP02003,CC0114,EX,1,Departure,,CAD,CA,2023-02-03 23:00:00,PAYROLL
EVT00051223,2023-02-22,EMP02460,CC0068,PA,2,Lateral Deployment,,CAD,CAN,2023-02-23 01:00:00,CORE_HR
EVT00050731,2023-02-13,EMP04514,CC0051,IT,1,Step Increment,77728.77,CAD,CA,2023-02-13 10:00:00,PAYROLL
EVT00050255,2023-02-09,EMP02104,CC0084,EX,1,Lateral Deployment,,CAD,CAN,2023-02-10 15:00:00,CORE_HR
EVT00051400,2023-02-20,EMP00351,CC0076,AS,3,Performance Pay,4631.56,CAD,CAN,2023-02-20 20:00:00,CORE_HR
EVT00051329,2023-02-13,EMP03958,CC0082,AS,1,Leave Return,,CAD,CA,2023-02-16 02:00:00,PAYROLL
EVT00050499,2023-02-12,EMP01290,CC0080,AS,2,Hire,51893.72,SGD,SG,2023-02-12 19:00:00,PAYROLL
EVT00050507,2023-02-19,EMP01626,CC0012,EC,2,Leave Return,,CAD,CAN,2023-02-20 08:00:00,CORE_HR
EVT00051191,2023-02-12,EMP00715,CC0064,FI,1,Promotion,81235.09,CAD,CAN,2023-02-13 10:00:00,CORE_HR
EVT00051441,2023-02-12,EMP01469,CC0059,PA,4,Hire,95130.49,CAD,CA,2023-02-13 03:00:00,PAYROLL
EVT00050776,2023-02-04,EMP03064,CC0055,CR,2,Step Increment,44433.61,CAD,CAN,2023-02-04 16:00:00,CORE_HR
EVT00051492,2023-02-15,EMP00132,CC0021,EN,4,Step Increment,125424.11,CAD,CAN,2023-02-15 19:00:00,CORE_HR
EVT00050186,2023-02-22,EMP03790,CC0031,PA,4,Performance Pay,4500.48,GBP,GB,2023-02-22 12:00:00,PAYROLL
EVT00050465,2023-02-02,EMP00898,CC0007,PA,2,Step Increment,7835388.83,JPY,JP,2023-02-03 10:00:00,PAYROLL
EVT00050004,2023-02-05,EMP02705,CC0094,EN,5,Lateral Deployment,,CAD,CA,2023-02-05 09:00:00,PAYROLL
EVT00050356,2023-02-04,EMP00985,CC0070,IT,1,Leave Return,,CAD,CA,2023-02-04 11:00:00,PAYROLL
EVT00050493,2023-02-13,EMP04995,CC0017,CR,2,Step Increment,56216.92,CAD,CA,2023-02-13 18:00:00,PAYROLL
EVT00051030,2023-02-18,EMP04248,CC0098,PA,4,Step Increment,97037.05,CAD,CAN,2023-02-19 08:00:00,CORE_HR
EVT00049996,2023-02-18,EMP04737,CC0048,PA,2,Leave Start,,XXX,CA,2023-02-19 03:00:00,PAYROLL
EVT00050657,2023-02-01,EMP00889,CC0005,EN,2,Leave Return,,CAD,CAN,2023-02-01 07:00:00,CORE_HR
EVT00050135,2023-02-26,EMP04317,CC0081,EC,5,Hire,124023.21,CAD,CAN,2023-02-27 04:00:00,CORE_HR
EVT00050822,2023-02-22,EMP03347,CC0013,EN,4,Step Increment,114586.01,CAD,CAN,2023-02-23 05:00:00,CORE_HR
EVT00051220,2023-02-06,EMP02948,CC0018,AS,1,Leave Return,,CAD,CA,2023-02-07 01:00:00,PAYROLL
EVT00049931,2023-02-02,EMP04541,CC0113,FI,2,Leave Start,,CAD,CAN,2023-02-02 07:00:00,CORE_HR
EVT00051023,2023-02-15,EMP04633,CC0046,FI,1,Step Increment,99826.85,AUD,AU,2023-02-15 23:00:00,PAYROLL
EVT00049961,2023-02-27,EMP02183,CC0040,IT,3,Promotion,111382.67,CAD,CAN,2023-02-27 06:00:00,CORE_HR
EVT00049839,2023-02-17,EMP04745,CC0007,PA,2,Performance Pay,7349.09,SGD,SG,2023-02-17 10:00:00,PAYROLL
EVT00050903,2023-02-06,EMP04210,CC0049,EC,2,Leave Return,,USD,US,2023-02-07 04:00:00,PAYROLL
EVT00051381,2023-02-09,EMP03580,CC0066,CR,1,Step Increment,52883.63,CAD,CA,2023-02-09 14:00:00,PAYROLL
EVT00050148,2023-02-25,EMP02775,CC0105,PA,4,Step Increment,77976.15,USD,USA,2023-02-25 06:00:00,CORE_HR
EVT00051515,2023-02-13,EMP03155,CC0025,IT,1,Leave Return,,CAD,CAN,2023-02-14 07:00:00,CORE_HR
EVT00050314,2023-02-22,EMP02977,CC0034,AS,2,Performance Pay,8528.64,CAD,CA,2023-02-23 03:00:00,PAYROLL
EVT00051190,2023-02-19,EMP01160,CC0072,CR,4,Hire,62300.1,CAD,CAN,2023-02-20 02:00:00,CORE_HR
EVT00050799,2023-02-10,EMP02805,CC0011,EN,1,Hire,107340.8,CAD,CAN,2023-02-11 01:00:00,CORE_HR
EVT00051730,2023-02-02,EMP02675,CC0102,CR,3,Step Increment,70343.11,CAD,CAN,2023-02-02 09:00:00,CORE_HR
EVT00051424,2023-02-27,EMP04243,CC0063,IT,1,Step Increment,105753.45,CAD,CA,2023-02-28 08:00:00,PAYROLL
EVT00050998,2023-02-27,EMP03743,CC0078,EC,1,Leave Return,,CAD,CAN,2023-02-28 00:00:00,CORE_HR
EVT00050411,2023-02-06,EMP00692,CC0024,EN,1,Departure,,CAD,CA,2023-02-07 02:00:00,PAYROLL
EVT00050189,2023-02-10,EMP01893,CC0005,FI,4,Performance Pay,14167.44,CAD,CAN,2023-02-11 13:00:00,CORE_HR
EVT00050445,2023-02-07,EMP03185,CC0021,IT,4,Step Increment,116701.79,CAD,CAN,2023-02-07 15:00:00,CORE_HR
EVT00051034,2023-02-18,EMP04005,CC0119,FI,3,Step Increment,101505.08,CAD,CAN,2023-02-19 03:00:00,CORE_HR
EVT00051582,2023-02-19,EMP04033,CC0098,EN,2,Step Increment,94349.22,CAD,CAN,2023-02-20 12:00:00,CORE_HR
EVT00050675,2023-02-17,EMP01203,CC0120,EC,1,Step Increment,60553.6,CAD,CA,2023-02-17 12:00:00,PAYROLL
EVT00051075,2023-02-23,EMP03960,CC0057,PA,5,Leave Start,,CAD,CAN,2023-02-23 13:00:00,CORE_HR
EVT00050862,2023-02-24,EMP04631,CC0083,AS,4,Step Increment,75985.72,CAD,CA,2023-02-25 13:00:00,PAYROLL
EVT00051103,2023-02-26,EMP00590,CC0112,EC,5,Leave Start,,CAD,CA,2023-02-27 10:00:00,PAYROLL
EVT00050860,2023-02-07,EMP03256,CC0053,PA,1,Step Increment,65358.42,CAD,CA,2023-02-08 15:00:00,PAYROLL
EVT00050402,2023-02-23,EMP04322,CC0026,EC,3,Performance Pay,8987.43,CAD,CAN,2023-02-26 11:00:00,CORE_HR
EVT00050409,2023-02-16,EMP03925,CC0074,CR,3,Departure,,INR,IN,2023-02-16 20:00:00,PAYROLL
EVT00049975,2023-02-14,EMP02836,CC0047,EX,1,Performance Pay,9424.81,CAD,CA,2023-02-15 07:00:00,PAYROLL
EVT00050926,2023-02-20,EMP00197,CC0100,PA,1,Step Increment,69122.81,CAD,CAN,2023-02-20 17:00:00,CORE_HR
EVT00050769,2023-02-06,EMP01763,CC0004,FI,4,Performance Pay,8408.81,CAD,CAN,2023-02-07 01:00:00,CORE_HR
EVT00050388,2023-02-07,EMP00709,CC0029,AS,5,Step Increment,74329.23,EUR,FR,2023-02-07 10:00:00,PAYROLL
EVT00050637,2023-02-16,EMP03353,CC0070,FI,3,Performance Pay,10387.17,CAD,CAN,2023-02-16 22:00:00,CORE_HR
EVT00051684,2023-02-08,EMP03540,CC0059,EC,1,Lateral Deployment,,CAD,CA,2023-02-08 22:00:00,PAYROLL
EVT00051356,2023-02-24,EMP04514,CC0051,IT,1,Leave Start,,CAD,CA,2023-02-25 00:00:00,PAYROLL
EVT00050017,2023-02-17,EMP00449,CC0040,EX,1,Step Increment,108074.56,CAD,CA,2023-02-17 16:00:00,PAYROLL
EVT00050562,2023-02-08,EMP00977,CC0104,EN,2,Step Increment,106977.92,CAD,CAN,2023-02-08 15:00:00,CORE_HR
EVT00050495,2023-02-03,EMP00532,CC0116,EC,3,Leave Start,,CAD,CAN,2023-02-03 16:00:00,CORE_HR
EVT00051617,2023-02-21,EMP00385,CC0095,PA,2,Step Increment,86951.77,CAD,CA,2023-02-21 18:00:00,PAYROLL
EVT00050421,2023-02-11,EMP02070,CC0081,AS,3,Step Increment,77191.82,CAD,CAN,2023-02-12 11:00:00,CORE_HR
EVT00050546,2023-02-05,EMP01895,CC0082,FI,2,Lateral Deployment,,CAD,CA,2023-02-05 21:00:00,PAYROLL
EVT00050712,2023-02-25,EMP04775,CC0079,PA,2,Performance Pay,8685.11,CAD,CAN,2023-02-25 15:00:00,CORE_HR
EVT00049849,2023-02-26,EMP02547,CC0107,PA,5,Leave Return,,CAD,CAN,2023-02-26 08:00:00,CORE_HR
EVT00050738,2023-02-23,EMP99999,CC0033,PA,2,Leave Return,,CAD,CAN,2023-02-24 04:00:00,CORE_HR
EVT00050025,2023-02-11,EMP01975,CC0050,AS,4,Hire,83399.29,CAD,CAN,2023-02-11 06:00:00,CORE_HR
EVT00051376,2023-02-09,EMP00757,CC0035,EC,3,Leave Start,,CAD,CA,2023-02-09 22:00:00,PAYROLL
EVT00050403,2023-02-14,EMP02549,CC0093,IT,1,Hire,83868.28,CAD,CAN,2023-02-15 02:00:00,CORE_HR
EVT00050377,2023-02-19,EMP04502,CC0110,PA,2,Hire,78955.69,CAD,CA,2023-02-20 01:00:00,PAYROLL
EVT00050846,2023-02-22,EMP01937,CC0044,PA,1,Lateral Deployment,,CAD,CAN,2023-02-22 11:00:00,CORE_HR
EVT00050975,2023-02-19,EMP04997,CC0033,FI,3,Departure,,CAD,CAN,2023-02-20 08:00:00,CORE_HR
EVT00051404,2023-02-21,EMP00536,CC0010,AS,2,Leave Start,,CAD,CA,2023-02-21 17:00:00,PAYROLL
EVT00050804,2023-02-01,EMP01537,CC0100,EN,1,Step Increment,84495.69,CAD,CA,2023-02-01 10:00:00,PAYROLL
EVT00049842,2023-02-17,EMP00678,CC0094,AS,2,Hire,72816.27,CAD,CA,2023-02-18 00:00:00,PAYROLL
EVT00050845,2023-02-27,EMP03035,CC0086,EN,1,Performance Pay,21444.64,AED,AE,2023-02-27 07:00:00,PAYROLL
EVT00051596,2023-02-03,EMP01644,CC0086,EC,1,Step Increment,55721.1,EUR,FR,2023-02-04 14:00:00,PAYROLL
EVT00051541,2023-02-04,EMP01918,CC0108,PA,5,Leave Return,,AED,ARE,2023-02-04 21:00:00,CORE_HR
EVT00050325,2023-02-19,EMP03336,CC0027,AS,1,Step Increment,70460.66,CAD,CAN,2023-02-19 23:00:00,CORE_HR
EVT00051276,2023-02-24,EMP00247,CC0087,FI,3,Step Increment,73619.78,CAD,CAN,2023-02-24 06:00:00,CORE_HR
EVT00051238,2023-02-04,EMP04928,CC0077,PA,1,Promotion,66491.96,CAD,CAN,2023-02-05 05:00:00,CORE_HR
EVT00051306,2023-02-04,EMP02208,CC0090,IT,4,Departure,,CAD,CAN,2023-02-04 19:00:00,CORE_HR
EVT00050711,2023-02-05,EMP00694,CC0008,EC,3,Performance Pay,13380.7,CAD,CAN,2023-02-05 06:00:00,CORE_HR
EVT00050489,2023-02-16,EMP02803,CC0088,FI,1,Lateral Deployment,,BRL,BRA,2023-02-16 14:00:00,CORE_HR
EVT00050547,2023-02-14,EMP04637,CC0080,PA,1,Hire,161532.88,AED,ARE,2023-02-14 10:00:00,CORE_HR
EVT00051656,2023-02-15,EMP00522,CC0037,IT,4,Step Increment,120332.72,CAD,CAN,2023-02-15 19:00:00,CORE_HR
EVT00051100,2023-02-25,EMP02616,CC0076,EC,1,Step Increment,95023.88,CAD,CAN,2023-02-26 03:00:00,CORE_HR
EVT00051597,2023-02-12,EMP01250,CC0029,PA,2,Step Increment,58233.93,SGD,SGP,2023-02-13 12:00:00,CORE_HR
EVT00051031,2023-02-10,EMP04774,CC0097,IT,4,Step Increment,132235.89,CAD,CAN,2023-02-10 17:00:00,CORE_HR
EVT00050123,2023-02-06,EMP01964,CC0115,EC,4,Lateral Deployment,,CAD,CA,2023-02-07 07:00:00,PAYROLL
EVT00050691,2023-02-05,EMP01652,CC0038,AS,2,Performance Pay,3507.21,CAD,CAN,2023-02-06 05:00:00,CORE_HR
EVT00051281,2023-02-02,EMP04790,CC0060,IT,1,Step Increment,88631.76,CAD,CAN,2023-02-03 06:00:00,CORE_HR
EVT00051051,2023-02-18,EMP02829,CC0028,PA,5,Leave Start,,CAD,CA,2023-02-18 21:00:00,PAYROLL
EVT00051604,2023-02-05,EMP03021,CC0016,FI,1,Leave Start,,CAD,CAN,2023-02-07 00:00:00,CORE_HR
EVT00050660,2023-02-19,EMP03428,CC0039,PA,2,Promotion,78343.54,CAD,CAN,2023-02-20 13:00:00,CORE_HR
EVT00051369,2023-02-14,EMP02225,CC0096,PA,2,Step Increment,69343.29,CAD,CAN,2023-02-14 12:00:00,CORE_HR
EVT00051174,2023-02-02,EMP01101,CC0020,PA,1,Step Increment,67434.24,CAD,CA,2023-02-03 15:00:00,PAYROLL
EVT00050971,2023-02-09,EMP04429,CC0092,FI,2,Leave Start,,CAD,CAN,2023-02-09 08:00:00,CORE_HR
EVT00050695,2023-02-09,EMP04264,CC0106,EC,1,Step Increment,95210.9,CAD,CAN,2023-02-09 20:00:00,CORE_HR
EVT00051178,2023-02-24,EMP00675,CC0046,AS,1,Leave Start,,EUR,DE,2023-02-25 14:00:00,PAYROLL
EVT00051130,2023-02-16,EMP02422,CC0006,EX,1,Step Increment,131159.01,CAD,CAN,2023-02-16 09:00:00,CORE_HR
EVT00051287,2023-02-16,EMP00628,CC0069,EC,4,Performance Pay,15404.5,CAD,CA,2023-02-17 02:00:00,PAYROLL
EVT00050943,2023-02-22,EMP03663,CC0074,FI,1,Step Increment,925405.83,MXN,MEX,2023-02-23 10:00:00,CORE_HR
EVT00051577,2023-02-16,EMP04556,CC0099,PA,3,Step Increment,61745.94,CAD,CAN,2023-02-16 09:00:00,CORE_HR
EVT00050023,2023-02-18,EMP01140,CC0049,IT,1,Leave Return,,INR,IND,2023-02-19 08:00:00,CORE_HR
EVT00050915,2023-02-24,EMP00174,CC0115,IT,2,Step Increment,106000.88,CAD,CA,2023-02-25 03:00:00,PAYROLL
EVT00050478,2023-02-25,EMP02701,CC0020,IT,3,Step Increment,114227.41,CAD,CAN,2023-02-25 15:00:00,CORE_HR
EVT00050898,2023-02-17,EMP00090,CC0069,AS,2,Step Increment,62205.96,CAD,CAN,2023-02-17 22:00:00,CORE_HR
EVT00051050,2023-02-06,EMP00093,CC0040,PA,5,Lateral Deployment,,CAD,CA,2023-02-07 10:00:00,PAYROLL
EVT00050086,2023-02-15,EMP01633,CC0115,EC,2,Leave Start,,CAD,CAN,2023-02-16 09:00:00,CORE_HR
EVT00050878,2023-02-09,EMP01206,CC0109,EN,3,Step Increment,112864.13,CAD,CA,2023-02-09 17:00:00,PAYROLL
EVT00051414,2023-02-05,EMP00015,CC0068,IT,4,Step Increment,126740.45,CAD,CAN,2023-02-05 08:00:00,CORE_HR
EVT00051453,2023-02-18,EMP04621,CC0075,PA,1,Promotion,66732.1,CAD,CA,2023-02-19 15:00:00,PAYROLL
EVT00050806,2023-02-14,EMP02650,CC0017,PA,4,Lateral Deployment,,CAD,CAN,2023-02-14 07:00:00,CORE_HR
EVT00050673,2023-02-27,EMP03861,CC0001,AS,5,Step Increment,84686.65,CAD,CAN,2023-02-27 18:00:00,CORE_HR
EVT00050052,2023-02-19,EMP04884,CC0108,EN,3,Performance Pay,1650157.19,KES,KE,2023-02-20 06:00:00,PAYROLL
EVT00050603,2023-02-15,EMP00235,CC0016,EC,3,Performance Pay,5594.31,CAD,CAN,2023-02-15 19:00:00,CORE_HR
EVT00051297,2023-02-06,EMP00071,CC0081,EX,2,Step Increment,146906.5,CAD,CAN,2023-02-07 10:00:00,CORE_HR
EVT00051299,2023-02-10,EMP04033,CC0098,EN,2,Leave Start,,CAD,CAN,2023-02-10 18:00:00,CORE_HR
EVT00050232,2023-02-19,EMP00253,CC0013,PA,4,Departure,,CAD,CAN,2023-02-20 08:00:00,CORE_HR
EVT00050214,2023-02-11,EMP04505,CC0107,PA,1,Step Increment,60969.52,CAD,CAN,2023-02-12 15:00:00,CORE_HR
EVT00050834,2023-02-04,EMP03454,CC0054,CR,4,Step Increment,62492.35,SGD,SGP,2023-02-05 14:00:00,CORE_HR
EVT00050290,2023-02-08,EMP01754,CC0007,EX,2,Performance Pay,18867.54,AUD,AUS,2023-02-09 10:00:00,CORE_HR
EVT00051090,2023-02-10,EMP03858,CC0088,CR,1,Step Increment,4888473.35,JPY,JPN,2023-02-10 08:00:00,CORE_HR
EVT00050904,2023-02-22,EMP01791,CC0045,PA,2,Performance Pay,7954.05,CAD,CA,2023-02-22 11:00:00,PAYROLL
EVT00051549,2023-02-06,EMP03698,CC0072,FI,4,Hire,90498.54,CAD,CA,2023-02-07 09:00:00,PAYROLL
EVT00050329,2023-02-16,EMP04844,CC0094,AS,1,Step Increment,67333.55,CAD,CA,2023-02-17 01:00:00,PAYROLL
EVT00051499,2023-02-06,EMP02868,CC0001,EX,1,Hire,138275.79,CAD,CA,2023-02-06 07:00:00,PAYROLL
EVT00050841,2023-02-21,EMP01400,CC0067,PA,2,Lateral Deployment,,CAD,CAN,2023-02-21 21:00:00,CORE_HR
EVT00051679,2023-02-17,EMP01567,CC0070,EX,2,Step Increment,117666.92,CAD,CA,2023-02-18 15:00:00,PAYROLL
EVT00050496,2023-02-11,EMP00196,CC0060,IT,5,Leave Start,,CAD,CAN,2023-02-12 13:00:00,CORE_HR
EVT00050035,2023-02-18,EMP04556,CC0099,PA,3,Promotion,88978.97,CAD,CAN,2023-02-18 10:00:00,CORE_HR
EVT00051355,2023-02-07,EMP03356,CC0076,EC,3,Step Increment,123788.72,CAD,CA,2023-02-08 11:00:00,PAYROLL
EVT00050030,2023-02-17,EMP04870,CC0044,PA,4,Step Increment,70424.21,CAD,CA,2023-02-18 13:00:00,PAYROLL
EVT00050134,2023-02-01,EMP02366,CC0038,EC,3,Hire,103819.45,CAD,CAN,2023-02-01 07:00:00,CORE_HR
EVT00050633,2023-02-02,EMP03729,CC0042,EN,1,Step Increment,86898.52,CAD,CAN,2023-02-03 12:00:00,CORE_HR
EVT00050339,2023-02-10,EMP04957,CC0084,AS,3,Step Increment,75402.63,CAD,CA,2023-02-10 12:00:00,PAYROLL
EVT00050649,2023-02-13,EMP03735,CC0060,PA,1,Leave Start,,CAD,CAN,2023-02-13 15:00:00,CORE_HR
EVT00051566,2023-02-15,EMP01375,CC0109,CR,2,Leave Start,,CAD,CAN,2023-02-15 11:00:00,CORE_HR
EVT00050198,2023-02-16,EMP05000,CC0031,IT,5,Departure,,USD,US,2023-02-16 16:00:00,PAYROLL
EVT00051170,2023-02-21,EMP02728,CC0079,PA,3,Step Increment,77892.0,CAD,CAN,2023-02-22 14:00:00,CORE_HR
EVT00049954,2023-02-05,EMP04321,CC0120,EN,5,Step Increment,141589.26,CAD,CAN,2023-02-06 08:00:00,CORE_HR
EVT00049977,2023-02-04,EMP01936,CC0100,EN,1,Step Increment,84681.05,CAD,CAN,2023-02-04 07:00:00,CORE_HR
EVT00050575,2023-02-03,EMP02337,CC0115,AS,5,Performance Pay,7351.52,CAD,CAN,2023-02-03 21:00:00,CORE_HR
EVT00051486,2023-02-22,EMP01786,CC0089,IT,1,Step Increment,84369.4,CAD,CA,2023-02-23 07:00:00,PAYROLL
EVT00050659,2023-02-05,EMP02357,CC0028,AS,2,Step Increment,65288.38,CAD,CAN,2023-02-06 09:00:00,CORE_HR
EVT00051155,2023-02-25,EMP01231,CC0036,EX,1,Performance Pay,8142.7,CAD,CAN,2023-02-25 06:00:00,CORE_HR
EVT00049827,2023-02-07,EMP01659,CC0043,IT,2,Lateral Deployment,,CAD,CAN,2023-02-08 03:00:00,CORE_HR
EVT00051333,2023-02-09,EMP01451,CC0012,PA,1,Performance Pay,7739.94,CAD,CAN,2023-02-09 15:00:00,CORE_HR
EVT00050234,2023-02-20,EMP03516,CC0101,EC,2,Lateral Deployment,,CAD,CAN,2023-02-21 04:00:00,CORE_HR
EVT00050997,2023-02-15,EMP03860,CC0113,EC,1,Step Increment,77658.89,CAD,CAN,2023-02-15 08:00:00,CORE_HR
EVT00050859,2023-02-24,EMP00501,CC0006,FI,1,Performance Pay,9840.58,CAD,CA,2023-02-25 08:00:00,PAYROLL
EVT00051183,2023-02-14,EMP01419,CC0061,PA,1,Leave Return,,CAD,CA,2023-02-14 08:00:00,PAYROLL
EVT00050705,2023-02-05,EMP00374,CC0031,IT,1,Leave Start,,MXN,MX,2023-02-05 22:00:00,PAYROLL
EVT00050113,2023-02-27,EMP01447,CC0092,EC,5,Hire,130900.8,CAD,CAN,2023-02-28 06:00:00,CORE_HR
EVT00050847,2023-02-20,EMP04739,CC0051,IT,5,Performance Pay,13994.26,CAD,CAN,2023-02-20 06:00:00,CORE_HR
EVT00051702,2023-02-20,EMP02763,CC0102,PA,4,Performance Pay,5031.89,CAD,CAN,2023-02-21 06:00:00,CORE_HR
EVT00051662,2023-02-09,EMP03657,CC0115,EC,2,Step Increment,95835.43,CAD,CA,2023-02-09 06:00:00,PAYROLL
EVT00051444,2023-02-27,EMP00031,CC0023,PA,2,Hire,78232.7,CAD,CAN,2023-02-28 02:00:00,CORE_HR
EVT00051062,2023-02-12,EMP01075,CC0094,PA,2,Hire,72423.76,CAD,CA,2023-02-12 18:00:00,PAYROLL
EVT00050401,2023-02-04,EMP00457,CC0065,FI,5,Leave Return,,EUR,FRA,2023-02-05 10:00:00,CORE_HR
EVT00050601,2023-02-10,EMP04965,CC0064,IT,3,Leave Return,,CAD,CAN,2023-02-10 16:00:00,CORE_HR
EVT00050817,2023-02-17,EMP04441,CC0101,EC,2,Step Increment,87691.63,CAD,CAN,2023-02-18 11:00:00,CORE_HR
EVT00050048,2023-02-02,EMP01959,CC0065,AS,2,Leave Start,,AED,ARE,2023-02-02 07:00:00,CORE_HR
EVT00051503,2023-02-13,EMP01958,CC0076,EN,2,Step Increment,105805.42,CAD,CAN,2023-02-14 02:00:00,CORE_HR
EVT00050119,2023-02-26,EMP00022,CC0064,EX,3,Promotion,171505.69,CAD,CAN,2023-02-26 22:00:00,CORE_HR
EVT00050503,2023-02-23,EMP03761,CC0041,AS,5,Step Increment,88098.0,CAD,CA,2023-02-24 09:00:00,PAYROLL
EVT00050153,2023-02-17,EMP02830,CC0109,PA,1,Step Increment,67628.32,CAD,CA,2023-02-17 11:00:00,PAYROLL
EVT00049837,2023-02-09,EMP03386,CC0065,AS,1,Step Increment,6092660.97,KES,KEN,2023-02-09 12:00:00,CORE_HR
EVT00051310,2023-02-19,EMP02257,CC0120,EX,1,Lateral Deployment,,XXX,CAN,2023-02-19 12:00:00,CORE_HR
EVT00050367,2023-02-04,EMP04061,CC0074,EC,1,Performance Pay,14958.3,AED,AE,2023-02-04 08:00:00,PAYROLL
EVT00050771,2023-02-08,EMP01961,CC0013,PA,1,Lateral Deployment,,CAD,CA,2023-02-11 00:00:00,PAYROLL
EVT00050047,2023-02-23,EMP02636,CC0113,FI,3,Leave Return,,CAD,CAN,2023-02-23 17:00:00,CORE_HR
EVT00051052,2023-02-06,EMP00718,CC0097,IT,1,Performance Pay,5046.29,CAD,CAN,2023-02-07 11:00:00,CORE_HR
EVT00050539,2023-02-01,EMP01252,CC0008,EC,1,Step Increment,72194.09,CAD,CAN,2023-02-01 21:00:00,CORE_HR
EVT00051076,2023-02-01,EMP01800,CC0006,PA,1,Performance Pay,4566.12,CAD,CAN,2023-02-01 11:00:00,CORE_HR
EVT00050664,2023-02-19,EMP04200,CC0049,AS,3,Leave Start,,JPY,JPN,2023-02-20 14:00:00,CORE_HR
EVT00050207,2023-02-17,EMP00877,CC0058,EX,2,Step Increment,157296.67,CAD,CAN,2023-02-18 09:00:00,CORE_HR
EVT00050828,2023-02-24,EMP02340,CC0105,EX,3,Leave Return,,SGD,SGP,2023-02-25 07:00:00,CORE_HR
EVT00050435,2023-02-12,EMP04860,CC0116,FI,3,Leave Return,,CAD,CAN,2023-02-12 23:00:00,CORE_HR
EVT00049930,2023-02-01,EMP02228,CC0075,IT,2,Leave Return,,CAD,CA,2023-02-02 08:00:00,PAYROLL
EVT00049973,2023-02-02,EMP03259,CC0004,CR,1,Step Increment,49505.29,CAD,CA,2023-02-02 11:00:00,PAYROLL
EVT00049972,2023-02-12,EMP01718,CC0056,PA,3,Leave Return,,CAD,CA,2023-02-13 10:00:00,PAYROLL
EVT00050431,2023-02-05,EMP04762,CC0090,EN,1,Hire,87070.64,CAD,CAN,2023-02-06 13:00:00,CORE_HR
EVT00051081,2023-02-04,EMP02011,CC0038,IT,3,Leave Return,,CAD,CAN,2023-02-05 01:00:00,CORE_HR
EVT00051311,2023-02-25,EMP02959,CC0074,EN,3,Performance Pay,3328.41,GBP,GB,2023-02-25 11:00:00,PAYROLL
EVT00051602,2023-02-25,EMP01911,CC0117,CR,5,Leave Start,,CAD,CA,2023-02-26 03:00:00,PAYROLL
EVT00050523,2023-02-13,EMP04955,CC0041,PA,3,Hire,78735.24,CAD,CAN,2023-02-13 17:00:00,CORE_HR
EVT00049935,2023-02-13,EMP03182,CC0120,PA,2,Step Increment,76520.95,CAD,CAN,2023-02-14 01:00:00,CORE_HR
EVT00051227,2023-02-20,EMP00065,CC0092,EX,2,Performance Pay,12123.13,CAD,CAN,2023-02-21 09:00:00,CORE_HR
EVT00050633,2023-02-02,EMP03729,CC0042,EN,1,Step Increment,86898.52,CAD,CAN,2023-02-02 18:00:00,CORE_HR
EVT00051435,2023-02-26,EMP00235,CC0016,EC,3,Promotion,96377.83,CAD,CAN,2023-02-27 03:00:00,CORE_HR
EVT00050605,2023-02-09,EMP01929,CC0022,EN,2,Promotion,100287.72,CAD,CAN,2023-02-10 05:00:00,CORE_HR
EVT00050395,2023-02-21,EMP02465,CC0094,EN,4,Departure,,CAD,CAN,2023-02-21 09:00:00,CORE_HR
EVT00050073,2023-02-18,EMP03002,CC0012,IT,2,Step Increment,88059.9,CAD,CA,2023-02-19 08:00:00,PAYROLL
EVT00051692,2023-02-02,EMP02318,CC0043,AS,4,Leave Return,,CAD,CAN,2023-02-03 03:00:00,CORE_HR
EVT00049934,2023-02-18,EMP01599,CC0086,EX,1,Leave Return,,INR,IND,2023-02-18 15:00:00,CORE_HR
EVT00050782,2023-02-14,EMP02101,CC0008,EC,2,Step Increment,105276.32,CAD,CA,2023-02-15 02:00:00,PAYROLL
EVT00050557,2023-02-01,EMP04717,CC0101,EN,1,Step Increment,82907.16,CAD,CA,2023-02-01 11:00:00,PAYROLL
EVT00050375,2023-02-09,EMP00974,CC0066,IT,2,Lateral Deployment,,CAD,CAN,2023-02-10 02:00:00,CORE_HR
EVT00050287,2023-02-03,EMP03932,CC0105,CR,1,Performance Pay,206696.04,INR,IND,2023-02-04 08:00:00,CORE_HR
EVT00050051,2023-02-03,EMP04783,CC0092,FI,1,Step Increment,71282.43,CAD,CAN,2023-02-03 11:00:00,CORE_HR
EVT00050172,2023-02-25,EMP02889,CC0067,FI,4,Performance Pay,10750.83,CAD,CA,2023-02-25 21:00:00,PAYROLL
EVT00051213,2023-02-05,EMP00628,CC0069,EC,4,Performance Pay,6563.17,CAD,CAN,2023-02-05 21:00:00,CORE_HR
EVT00050248,2023-02-24,EMP01895,CC0082,FI,2,Leave Start,,CAD,CAN,2023-02-24 21:00:00,CORE_HR
EVT00049994,2023-02-24,EMP02195,CC0029,PA,2,Step Increment,7903845.0,JPY,JPN,2023-02-24 12:00:00,CORE_HR
EVT00050449,2023-02-19,EMP00239,CC0097,PA,2,Leave Return,,CAD,CA,2023-02-19 11:00:00,PAYROLL
EVT00049821,2023-02-27,EMP00360,CC0003,AS,3,Step Increment,68061.74,CAD,CA,2023-02-28 02:00:00,PAYROLL
EVT00051104,2023-02-18,EMP02771,CC0031,CR,5,Lateral Deployment,,EUR,FRA,2023-02-19 07:00:00,CORE_HR
EVT00051028,2023-02-15,EMP99999,CC0117,CR,4,Performance Pay,2930.5,CAD,CAN,2023-02-16 06:00:00,CORE_HR
EVT00051532,2023-02-12,EMP04961,CC0119,AS,3,Leave Start,,CAD,CAN,2023-02-13 06:00:00,CORE_HR
EVT00051608,2023-02-13,EMP02569,CC0096,FI,2,Step Increment,72937.88,CAD,CAN,2023-02-13 16:00:00,CORE_HR
EVT00050008,2023-02-23,EMP03769,CC0022,IT,1,Step Increment,85217.36,CAD,CAN,2023-02-23 21:00:00,CORE_HR
EVT00050407,2023-02-19,EMP00118,CC0030,AS,2,Promotion,2900747.63,INR,IN,2023-02-20 01:00:00,PAYROLL
EVT00051270,2023-02-27,EMP03535,CC0049,PA,3,Leave Return,,INR,IN,2023-02-27 16:00:00,PAYROLL
EVT00050398,2023-02-01,EMP04880,CC0109,EC,1,Step Increment,66235.29,CAD,CAN,2023-02-02 05:00:00,CORE_HR
EVT00049887,2023-02-24,EMP04446,CC0092,EN,3,Step Increment,104511.14,CAD,CAN,2023-02-25 15:00:00,CORE_HR
EVT00051282,2023-02-27,EMP04856,CC0082,CR,1,Performance Pay,7184.65,CAD,CAN,2023-02-28 01:00:00,CORE_HR
EVT00051014,2023-02-09,EMP04434,CC0101,EC,3,Lateral Deployment,,CAD,CA,2023-02-09 22:00:00,PAYROLL
EVT00050864,2023-02-11,EMP04871,CC0105,FI,1,Step Increment,45533.12,GBP,GBR,2023-02-12 06:00:00,CORE_HR
EVT00049946,2023-02-04,EMP01334,CC0003,EX,2,Performance Pay,8538.6,CAD,CA,2023-02-04 18:00:00,PAYROLL
EVT00050039,2023-02-05,EMP04573,CC0117,AS,1,Step Increment,48795.38,CAD,CA,2023-02-06 06:00:00,PAYROLL
EVT00051461,2023-02-22,EMP02014,CC0107,EC,3,Performance Pay,8905.02,CAD,CAN,2023-02-22 20:00:00,CORE_HR
EVT00051253,2023-02-25,EMP00746,CC0049,EC,1,Step Increment,104393.1,AUD,AUS,2023-02-26 04:00:00,CORE_HR
EVT00051232,2023-02-19,EMP00793,CC0026,CR,2,Step Increment,60397.82,CAD,CA,2023-02-19 15:00:00,PAYROLL
EVT00050974,2023-02-12,EMP01497,CC0011,AS,4,Lateral Deployment,,CAD,CA,2023-02-12 22:00:00,PAYROLL
EVT00050623,2023-02-23,EMP03802,CC0119,AS,2,Leave Start,,CAD,CA,2023-02-24 01:00:00,PAYROLL
EVT00050294,2023-02-22,EMP01911,CC0117,CR,5,Lateral Deployment,,CAD,CA,2023-02-22 19:00:00,PAYROLL
EVT00050038,2023-02-13,EMP04521,CC0086,EX,2,Step Increment,128433.38,EUR,DE,2023-02-14 14:00:00,PAYROLL
EVT00051385,2023-02-11,EMP03390,CC0063,EN,1,Step Increment,80331.6,CAD,CA,2023-02-12 09:00:00,PAYROLL
EVT00051372,2023-02-23,EMP00380,CC0058,CR,1,Hire,55231.83,CAD,CA,2023-02-24 11:00:00,PAYROLL
EVT00051540,2023-02-27,EMP01526,CC0019,AS,2,Promotion,66805.44,CAD,CA,2023-02-28 06:00:00,PAYROLL
EVT00051289,2023-02-05,EMP04779,CC0082,CR,3,Promotion,79828.28,CAD,CA,2023-02-06 15:00:00,PAYROLL
EVT00050204,2023-02-15,EMP00204,CC0030,CR,2,Promotion,6914907.0,KES,KEN,2023-02-15 13:00:00,CORE_HR
EVT00050629,2023-02-27,EMP03347,CC0013,EN,4,Leave Return,,CAD,CAN,2023-02-28 11:00:00,CORE_HR
EVT00051446,2023-02-12,EMP02517,CC0053,AS,3,Step Increment,77563.68,CAD,CA,2023-02-13 10:00:00,PAYROLL
EVT00051260,2023-02-14,EMP04039,CC0003,PA,4,Step Increment,106004.1,CAD,CA,2023-02-15 07:00:00,PAYROLL
EVT00051535,2023-02-19,EMP01916,CC0038,CR,1,Promotion,55727.35,CAD,CAN,2023-02-20 11:00:00,CORE_HR
EVT00050390,2023-02-12,EMP04382,CC0119,IT,4,Leave Return,,CAD,CAN,2023-02-13 00:00:00,CORE_HR
EVT00051525,2023-02-25,EMP02271,CC0030,PA,2,Step Increment,60561.99,EUR,DEU,2023-02-26 02:00:00,CORE_HR
EVT00050176,2023-02-02,EMP01459,CC0051,PA,5,Lateral Deployment,,CAD,CAN,2023-02-03 09:00:00,CORE_HR
EVT00050093,2023-02-11,EMP04009,CC0035,EX,1,Leave Start,,CAD,CA,2023-02-11 07:00:00,PAYROLL
EVT00051488,2023-02-07,EMP02335,CC0004,CR,3,Step Increment,60608.76,CAD,CAN,2023-02-07 14:00:00,CORE_HR
EVT00049836,2023-02-07,EMP03256,CC0053,PA,1,Promotion,65506.85,CAD,CAN,2023-02-08 00:00:00,CORE_HR
EVT00050247,2023-02-05,EMP02383,CC0118,PA,2,Step Increment,69024.19,CAD,CAN,2023-02-06 07:00:00,CORE_HR
EVT00051308,2023-02-14,EMP04378,CC0103,EX,1,Step Increment,146928.52,CAD,CAN,2023-02-17 08:00:00,CORE_HR
EVT00051458,2023-02-22,EMP04911,CC0097,IT,1,Step Increment,90029.06,CAD,CAN,2023-02-22 06:00:00,CORE_HR
EVT00049942,2023-02-25,EMP02764,CC0087,EX,1,Step Increment,149942.34,CAD,CAN,2023-02-25 12:00:00,CORE_HR
EVT00050599,2023-02-17,EMP00756,CC0109,PA,1,Step Increment,61758.08,CAD,CAN,2023-02-18 05:00:00,CORE_HR
EVT00050752,2023-02-23,EMP00993,CC0056,IT,4,Performance Pay,9246.34,CAD,CAN,2023-02-23 22:00:00,CORE_HR
EVT00050270,2023-02-25,EMP02453,CC0073,IT,1,Step Increment,79718.1,CAD,CA,2023-02-25 10:00:00,PAYROLL
EVT00051644,2023-02-05,EMP01884,CC0117,FI,3,Departure,,CAD,CAN,2023-02-06 11:00:00,CORE_HR
EVT00049955,2023-02-18,EMP01764,CC0064,EN,5,Lateral Deployment,,CAD,CAN,2023-02-18 08:00:00,CORE_HR
EVT00051202,2023-02-19,EMP03926,CC0007,PA,3,Leave Start,,KES,KE,2023-02-20 09:00:00,PAYROLL
EVT00050124,2023-02-23,EMP02990,CC0022,PA,3,Leave Start,,CAD,CA,2023-02-23 08:00:00,PAYROLL
EVT00050173,2023-02-15,EMP03532,CC0031,IT,1,Leave Return,,GBP,GBR,2023-02-16 05:00:00,CORE_HR
EVT00051585,2023-02-18,EMP00114,CC0037,IT,5,Step Increment,142303.74,CAD,CAN,2023-02-18 06:00:00,CORE_HR
EVT00051691,2023-02-22,EMP02003,CC0114,EX,1,Step Increment,147884.33,CAD,CAN,2023-02-22 20:00:00,CORE_HR
EVT00050095,2023-02-22,EMP02054,CC0010,FI,3,Step Increment,104036.17,CAD,CA,2023-02-23 14:00:00,PAYROLL
EVT00050650,2023-02-14,EMP04596,CC0057,FI,3,Lateral Deployment,,CAD,CAN,2023-02-14 23:00:00,CORE_HR
EVT00051408,2023-02-15,EMP02834,CC0080,CR,1,Step Increment,44842.87,EUR,FR,2023-02-15 17:00:00,PAYROLL
EVT00050552,2023-02-14,EMP02575,CC0104,PA,3,Leave Start,,CAD,CA,2023-02-14 19:00:00,PAYROLL
EVT00050606,2023-02-03,EMP02957,CC0032,EX,2,Lateral Deployment,,CAD,CA,2023-02-04 08:00:00,PAYROLL
EVT00049884,2023-02-05,EMP01703,CC0082,FI,4,Performance Pay,8325.07,CAD,CA,2023-02-05 11:00:00,PAYROLL
EVT00050830,2023-02-19,EMP00058,CC0061,PA,1,Lateral Deployment,,CAD,CAN,2023-02-19 09:00:00,CORE_HR
EVT00050218,2023-02-17,EMP00819,CC0002,PA,4,Promotion,68231.52,CAD,CAN,2023-02-18 08:00:00,CORE_HR
EVT00050171,2023-02-27,EMP02167,CC0007,PA,1,Leave Start,,USD,US,2023-02-27 09:00:00,PAYROLL
EVT00051670,2023-02-14,EMP04760,CC0053,EC,2,Step Increment,96398.05,CAD,CAN,2023-02-15 09:00:00,CORE_HR
EVT00051009,2023-02-14,EMP02278,CC0072,AS,4,Lateral Deployment,,CAD,CAN,2023-02-17 20:00:00,CORE_HR
EVT00050666,2023-02-26,EMP01695,CC0093,PA,1,Performance Pay,6663.25,CAD,CAN,2023-02-26 12:00:00,CORE_HR
EVT00049872,2023-02-27,EMP00916,CC0019,EX,1,Step Increment,152456.6,CAD,CAN,2023-02-28 15:00:00,CORE_HR
EVT00051361,2023-02-10,EMP00177,CC0054,EX,1,Leave Start,,AUD,AUS,2023-02-11 12:00:00,CORE_HR
EVT00051607,2023-02-09,EMP02949,CC0059,FI,1,Lateral Deployment,,CAD,CAN,2023-02-09 10:00:00,CORE_HR
EVT00050999,2023-02-15,EMP04161,CC0093,CR,1,Step Increment,49501.86,CAD,CA,2023-02-15 10:00:00,PAYROLL
EVT00050920,2023-02-08,EMP00170,CC0050,IT,3,Step Increment,118541.96,CAD,CAN,2023-02-08 23:00:00,CORE_HR
EVT00050260,2023-02-13,EMP00757,CC0035,EC,3,Step Increment,97454.12,CAD,CAN,2023-02-14 06:00:00,CORE_HR
EVT00051569,2023-02-08,EMP00479,CC0073,EN,3,Leave Start,,CAD,CAN,2023-02-09 10:00:00,CORE_HR
EVT00050221,2023-02-14,EMP01251,CC0070,EN,2,Lateral Deployment,,CAD,CA,2023-02-14 11:00:00,PAYROLL
EVT00051305,2023-02-07,EMP02979,CC0007,FI,5,Promotion,473120.96,BRL,BR,2023-02-08 15:00:00,PAYROLL
EVT00050873,2023-02-09,EMP04743,CC0117,EC,3,Departure,,CAD,CAN,2023-02-10 14:00:00,CORE_HR
EVT00050099,2023-02-15,EMP00694,CC0008,EC,3,Step Increment,105193.4,CAD,CAN,2023-02-15 07:00:00,CORE_HR
EVT00050840,2023-02-05,EMP02125,CC0110,EC,3,Leave Start,,CAD,CAN,2023-02-06 11:00:00,CORE_HR
EVT00050185,2023-02-07,EMP03256,CC0053,PA,1,Leave Start,,CAD,CAN,2023-02-09 23:00:00,CORE_HR
EVT00051564,2023-02-26,EMP00547,CC0118,EX,1,Performance Pay,6284.29,CAD,CAN,2023-02-27 01:00:00,CORE_HR
EVT00051742,2023-02-20,EMP04987,CC0102,EN,3,Leave Start,,CAD,CA,2023-02-21 09:00:00,PAYROLL
EVT00050482,2023-02-06,EMP02332,CC0117,IT,2,Leave Return,,CAD,CA,2023-02-07 03:00:00,PAYROLL
EVT00050460,2023-02-09,EMP03756,CC0110,EC,5,Leave Start,,CAD,CA,2023-02-09 15:00:00,PAYROLL
EVT00050463,2023-02-04,EMP04487,CC0020,EN,2,Leave Start,,CAD,CA,2023-02-05 05:00:00,PAYROLL
EVT00051603,2023-02-02,EMP03899,CC0011,PA,5,Leave Start,,CAD,CA,2023-02-02 23:00:00,PAYROLL
EVT00050716,2023-02-27,EMP02995,CC0016,FI,3,Step Increment,79281.64,CAD,CAN,2023-02-27 14:00:00,CORE_HR
EVT00050667,2023-02-12,EMP02304,CC0050,IT,1,Promotion,88255.22,CAD,CAN,2023-02-13 04:00:00,CORE_HR
EVT00051561,2023-02-11,EMP03677,CC0014,IT,1,Leave Start,,CAD,CAN,2023-02-12 13:00:00,CORE_HR
EVT00049814,2023-02-03,EMP00889,CC0005,EN,2,Leave Start,,CAD,CAN,2023-02-04 07:00:00,CORE_HR
EVT00050611,2023-02-14,EMP04475,CC0117,PA,4,Step Increment,99673.17,CAD,CAN,2023-02-15 02:00:00,CORE_HR
EVT00050240,2023-02-26,EMP01650,CC0104,IT,1,Leave Return,,CAD,CAN,2023-02-26 10:00:00,CORE_HR
EVT00050707,2023-02-14,EMP00602,CC0057,EN,3,Step Increment,123074.8,CAD,CA,2023-02-15 14:00:00,PAYROLL
EVT00050143,2023-02-22,EMP01200,CC0089,PA,1,Lateral Deployment,,CAD,CA,2023-02-23 13:00:00,PAYROLL
EVT00050897,2023-02-12,EMP03236,CC0028,FI,2,Lateral Deployment,,CAD,CAN,2023-02-12 15:00:00,CORE_HR
EVT00049983,2023-02-27,EMP03119,CC0116,IT,3,Hire,104650.95,CAD,CAN,2023-02-28 09:00:00,CORE_HR
EVT00049953,2023-02-24,EMP01660,CC0093,EC,3,Lateral Deployment,,CAD,CAN,2023-02-24 16:00:00,CORE_HR
EVT00051712,2023-02-11,EMP02227,CC0027,PA,1,Performance Pay,6732.06,CAD,CA,2023-02-12 00:00:00,PAYROLL
EVT00050670,2023-02-05,EMP02155,CC0114,EX,1,Leave Return,,CAD,CAN,2023-02-05 12:00:00,CORE_HR
EVT00050010,2023-02-04,EMP01366,CC0026,PA,3,Leave Start,,CAD,CAN,2023-02-04 09:00:00,CORE_HR
EVT00051510,2023-02-21,EMP00031,CC0023,PA,2,Leave Start,,CAD,CA,2023-02-22 00:00:00,PAYROLL
EVT00050344,2023-02-06,EMP00232,CC0074,PA,4,Departure,,USD,US,2023-02-06 07:00:00,PAYROLL
EVT00050175,2023-02-03,EMP04016,CC0001,AS,1,Promotion,61691.0,CAD,CAN,2023-02-04 10:00:00,CORE_HR
EVT00051741,2023-02-04,EMP00542,CC0117,EX,1,Leave Start,,CAD,CAN,2023-02-04 12:00:00,CORE_HR
EVT00051410,2023-02-26,EMP02665,CC0120,CR,3,Performance Pay,3138.58,CAD,CAN,2023-02-27 06:00:00,CORE_HR
EVT00049988,2023-02-11,EMP03140,CC0068,IT,2,Leave Start,,CAD,CAN,2023-02-11 19:00:00,CORE_HR
EVT00051738,2023-02-23,EMP02628,CC0091,EC,1,Step Increment,76401.89,CAD,CAN,2023-02-24 04:00:00,CORE_HR
EVT00051371,2023-02-06,EMP04238,CC0081,CR,1,Departure,,CAD,CAN,2023-02-07 01:00:00,CORE_HR
EVT00050032,2023-02-05,EMP04340,CC0096,PA,2,Leave Start,,CAD,CA,2023-02-06 04:00:00,PAYROLL
EVT00051248,2023-02-05,EMP03210,CC0017,EC,3,Leave Start,,CAD,CAN,2023-02-05 10:00:00,CORE_HR
EVT00051205,2023-02-13,EMP02092,CC0087,IT,5,Promotion,143829.42,CAD,CA,2023-02-14 01:00:00,PAYROLL
EVT00051575,2023-02-24,EMP01383,CC0114,CR,2,Leave Start,,CAD,CA,2023-02-24 15:00:00,PAYROLL
EVT00051158,2023-02-02,EMP01307,CC0090,AS,3,Step Increment,71294.32,CAD,CAN,2023-02-02 22:00:00,CORE_HR
EVT00051233,2023-02-02,EMP04869,CC0059,EN,1,Step Increment,81138.09,CAD,CAN,2023-02-03 13:00:00,CORE_HR
EVT00049932,2023-02-07,EMP02784,CC0100,CR,5,Lateral Deployment,,CAD,CA,2023-02-08 13:00:00,PAYROLL
EVT00049913,2023-02-17,EMP02197,CC0018,PA,2,Leave Return,,CAD,CA,2023-02-18 05:00:00,PAYROLL
EVT00051286,2023-02-11,EMP01357,CC0119,EC,2,Step Increment,-82391.02,CAD,CAN,2023-02-12 14:00:00,CORE_HR
EVT00050473,2023-02-20,EMP03218,CC0090,AS,1,Hire,58981.09,CAD,CAN,2023-02-20 14:00:00,CORE_HR
EVT00051357,2023-02-23,EMP04783,CC0092,FI,1,Leave Start,,CAD,CA,2023-02-23 16:00:00,PAYROLL
EVT00051511,2023-02-12,EMP00445,CC0077,AS,1,Leave Return,,CAD,CAN,2023-02-13 06:00:00,CORE_HR
EVT00051468,2023-02-03,EMP01479,CC0114,IT,1,Step Increment,88568.51,CAD,CAN,2023-02-04 01:00:00,CORE_HR
EVT00049893,2023-02-20,EMP01685,CC0025,IT,1,Lateral Deployment,,CAD,CAN,2023-02-20 09:00:00,CORE_HR
EVT00050960,2023-02-07,EMP03544,CC0092,PA,2,Leave Start,,CAD,CAN,2023-02-07 15:00:00,CORE_HR
EVT00050351,2023-02-22,EMP00159,CC0076,PA,1,Promotion,66088.61,CAD,CAN,2023-02-22 16:00:00,CORE_HR
EVT00050285,2023-02-19,EMP02833,CC0105,IT,3,Leave Return,,JPY,JP,2023-02-19 23:00:00,PAYROLL
EVT00051384,2023-02-05,EMP02673,CC0039,EN,2,Leave Start,,CAD,CAN,2023-02-06 04:00:00,CORE_HR
EVT00050203,2023-02-17,EMP03938,CC0080,PA,1,Step Increment,840045.99,MXN,MX,2023-02-17 07:00:00,PAYROLL
EVT00051714,2023-02-11,EMP01586,CC0111,EN,1,Performance Pay,5024.25,USD,USA,2023-02-11 13:00:00,CORE_HR
EVT00050028,2023-02-25,EMP01382,CC0054,EX,3,Step Increment,640224.12,BRL,BRA,2023-02-25 18:00:00,CORE_HR
EVT00050190,2023-02-11,EMP01175,CC0010,IT,2,Lateral Deployment,,CAD,CAN,2023-02-12 05:00:00,CORE_HR
EVT00051490,2023-02-27,EMP00799,CC0090,PA,4,Hire,93629.07,CAD,CA,2023-02-27 21:00:00,PAYROLL
EVT00050184,2023-02-01,EMP00099,CC0014,AS,2,Promotion,64309.91,CAD,CAN,2023-02-01 13:00:00,CORE_HR
EVT00050832,2023-02-23,EMP01749,CC0076,CR,5,Performance Pay,3565.94,CAD,CAN,2023-02-23 15:00:00,CORE_HR
EVT00050319,2023-02-04,EMP04512,CC0032,EC,5,Performance Pay,9016.32,CAD,CA,2023-02-05 21:00:00,PAYROLL
EVT00051109,2023-02-27,EMP01071,CC0005,IT,2,Step Increment,102760.69,CAD,CAN,2023-02-27 08:00:00,CORE_HR
EVT00051550,2023-02-15,EMP00695,CC0087,EC,4,Step Increment,124670.65,CAD,CA,2023-02-16 12:00:00,PAYROLL
EVT00051298,2023-02-23,EMP00815,CC0070,PA,4,Step Increment,96062.8,CAD,CAN,2023-02-23 16:00:00,CORE_HR
EVT00051740,2023-02-13,EMP01871,CC0019,CR,1,Step Increment,55916.16,CAD,CAN,2023-02-15 19:00:00,CORE_HR
EVT00050199,2023-02-16,EMP03036,CC0114,PA,1,Performance Pay,6320.32,CAD,CAN,2023-02-16 18:00:00,CORE_HR
EVT00050454,2023-02-22,EMP00307,CC0080,FI,1,Leave Start,,MXN,MEX,2023-02-23 02:00:00,CORE_HR
EVT00050217,2023-02-11,EMP00076,CC0042,EX,2,Step Increment,171456.11,CAD,CAN,2023-02-11 19:00:00,CORE_HR
EVT00050442,2023-02-08,EMP00802,CC0036,EX,1,Promotion,151843.57,CAD,CA,2023-02-09 08:00:00,PAYROLL
EVT00050719,2023-02-07,EMP03342,CC0027,PA,3,Leave Return,,CAD,CAN,2023-02-07 06:00:00,CORE_HR
EVT00051122,2023-02-16,EMP04441,CC0101,EC,2,Leave Return,,CAD,CAN,2023-02-16 12:00:00,CORE_HR
EVT00051020,2023-02-08,EMP03243,CC0007,IT,3,Step Increment,10365664.28,JPY,JPN,2023-02-08 09:00:00,CORE_HR
EVT00050336,2023-02-01,EMP02159,CC0079,EX,1,Hire,137307.23,CAD,CA,2023-02-02 06:00:00,PAYROLL
EVT00050982,2023-02-27,EMP01309,CC0029,AS,2,Departure,,AUD,AUS,2023-02-28 00:00:00,CORE_HR
EVT00051713,2023-02-11,EMP01364,CC0080,CR,4,Step Increment,63222.14,SGD,SGP,2023-02-11 14:00:00,CORE_HR
EVT00050057,2023-02-07,EMP00981,CC0075,EC,1,Lateral Deployment,,CAD,CA,2023-02-07 10:00:00,PAYROLL
EVT00051500,2023-02-13,EMP02509,CC0093,PA,1,Lateral Deployment,,CAD,CAN,2023-02-13 21:00:00,CORE_HR
EVT00049851,2023-02-26,EMP03005,CC0028,IT,1,Hire,100298.11,CAD,CAN,2023-02-27 12:00:00,CORE_HR
EVT00050774,2023-02-05,EMP02163,CC0030,PA,1,Step Increment,159734.54,AED,AE,2023-02-06 07:00:00,PAYROLL
EVT00051462,2023-02-25,EMP04031,CC0018,AS,5,Step Increment,86393.53,CAD,CA,2023-02-25 21:00:00,PAYROLL
EVT00050635,2023-02-11,EMP00567,CC0082,PA,3,Hire,76463.96,CAD,CAN,2023-02-12 11:00:00,CORE_HR
EVT00051228,2023-02-19,EMP02413,CC0093,EX,1,Lateral Deployment,,CAD,CAN,2023-02-20 12:00:00,CORE_HR
EVT00050600,2023-02-02,EMP02584,CC0037,EX,2,Step Increment,117655.41,CAD,CAN,2023-02-02 19:00:00,CORE_HR
EVT00050138,2023-02-06,EMP03298,CC0019,AS,3,Departure,,CAD,CA,2023-02-06 06:00:00,PAYROLL
EVT00050994,2023-02-14,EMP01398,CC0019,FI,1,Departure,,CAD,CA,2023-02-14 07:00:00,PAYROLL
EVT00051353,2023-02-10,EMP00378,CC0012,AS,3,Leave Return,,CAD,CA,2023-02-11 11:00:00,PAYROLL
EVT00050823,2023-02-05,EMP02034,CC0031,PA,1,Step Increment,49047.85,EUR,FRA,2023-02-05 07:00:00,CORE_HR
EVT00050139,2023-02-25,EMP01546,CC0048,EC,1,Hire,98357.43,CAD,CAN,2023-02-25 08:00:00,CORE_HR
EVT00051542,2023-02-27,EMP01500,CC0044,IT,2,Performance Pay,12410.05,CAD,CAN,2023-02-27 21:00:00,CORE_HR
EVT00051197,2023-02-04,EMP03775,CC0072,IT,2,Leave Start,,CAD,CAN,2023-02-04 20:00:00,CORE_HR
EVT00051677,2023-02-07,EMP01969,CC0110,PA,3,Performance Pay,8542.76,CAD,CA,2023-02-07 15:00:00,PAYROLL
EVT00050520,2023-02-26,EMP02247,CC0056,EN,3,Promotion,111743.05,CAD,CA,2023-02-27 14:00:00,PAYROLL
EVT00050715,2023-02-11,EMP01873,CC0012,IT,3,Step Increment,111448.96,CAD,CA,2023-02-11 22:00:00,PAYROLL
EVT00050735,2023-02-12,EMP02339,CC0001,IT,1,Step Increment,76397.36,CAD,CAN,2023-02-12 21:00:00,CORE_HR
EVT00050188,2023-02-26,EMP02063,CC0003,EX,1,Leave Return,,CAD,CAN,2023-02-26 18:00:00,CORE_HR
EVT00051723,2023-02-18,EMP00889,CC0005,EN,2,Leave Return,,CAD,CAN,2023-02-18 18:00:00,CORE_HR
EVT00050471,2023-02-14,EMP01476,CC0028,CR,2,Leave Return,,CAD,CAN,2023-02-15 11:00:00,CORE_HR
EVT00050826,2023-02-23,EMP00352,CC0048,FI,3,Hire,93113.52,CAD,CA,2023-02-23 22:00:00,PAYROLL
EVT00051452,2023-02-19,EMP00749,CC0073,PA,3,Step Increment,66292.22,CAD,CAN,2023-02-20 10:00:00,CORE_HR
EVT00051476,2023-02-15,EMP01107,CC0047,AS,5,Hire,97454.35,CAD,CAN,2023-02-15 16:00:00,CORE_HR
EVT00049976,2023-02-25,EMP00111,CC0089,AS,4,Step Increment,80460.15,CAD,CA,2023-02-26 02:00:00,PAYROLL
EVT00050306,2023-02-01,EMP03770,CC0101,EN,3,Performance Pay,6963.44,CAD,CAN,2023-02-02 11:00:00,CORE_HR
EVT00051669,2023-02-02,EMP03069,CC0018,IT,5,Step Increment,131322.25,CAD,CAN,2023-02-03 09:00:00,CORE_HR
EVT00051625,2023-02-06,EMP01926,CC0010,EC,2,Step Increment,96486.63,CAD,CA,2023-02-07 08:00:00,PAYROLL
EVT00051019,2023-02-01,EMP00382,CC0067,FI,2,Leave Start,,CAD,CA,2023-02-01 06:00:00,PAYROLL
EVT00051251,2023-02-13,EMP01924,CC0057,EN,2,Lateral Deployment,,CAD,CA,2023-02-13 14:00:00,PAYROLL
EVT00050912,2023-02-08,EMP00521,CC0116,EC,4,Performance Pay,10602.3,CAD,CAN,2023-02-09 09:00:00,CORE_HR
EVT00050516,2023-02-07,EMP00310,CC0088,EN,1,Departure,,KES,KEN,2023-02-07 14:00:00,CORE_HR
EVT00051288,2023-02-04,EMP04716,CC0109,EN,1,Step Increment,83150.76,CAD,CA,2023-02-04 14:00:00,PAYROLL
EVT00050696,2023-02-26,EMP01547,CC0093,PA,3,Step Increment,77298.24,CAD,CAN,2023-02-26 21:00:00,CORE_HR
EVT00050029,2023-02-12,EMP04910,CC0105,IT,1,Step Increment,330030.88,BRL,BRA,2023-02-13 14:00:00,CORE_HR
EVT00049829,2023-02-23,EMP02075,CC0113,EN,5,Leave Start,,CAD,CA,2023-02-23 19:00:00,PAYROLL
EVT00050157,2023-02-18,EMP02157,CC0036,EC,2,Performance Pay,4966.25,CAD,CAN,2023-02-19 09:00:00,CORE_HR
EVT00051025,2023-02-10,EMP03363,CC0005,IT,3,Step Increment,100744.74,CAD,CAN,2023-02-11 10:00:00,CORE_HR
EVT00050831,2023-02-19,EMP03320,CC0048,EN,3,Lateral Deployment,,CAD,CA,2023-02-20 06:00:00,PAYROLL
EVT00050228,2023-02-24,EMP02630,CC0010,AS,2,Leave Return,,CAD,CA,2023-02-25 14:00:00,PAYROLL
EVT00051327,2023-02-15,EMP00568,CC0066,AS,3,Leave Start,,CAD,CAN,2023-02-16 07:00:00,CORE_HR
EVT00049912,2023-02-02,EMP01554,CC0047,CR,5,Leave Return,,CAD,CAN,2023-02-02 11:00:00,CORE_HR
EVT00051509,2023-02-11,EMP02159,CC0079,EX,1,Lateral Deployment,,CAD,CAN,2023-02-12 03:00:00,CORE_HR
EVT00051249,2023-02-06,EMP03680,CC0025,PA,1,Lateral Deployment,,CAD,CAN,2023-02-06 22:00:00,CORE_HR
EVT00050044,2023-02-22,EMP01598,CC0104,EX,1,Lateral Deployment,,CAD,CA,2023-02-23 03:00:00,PAYROLL
EVT00049894,2023-02-02,EMP02465,CC0094,EN,4,Performance Pay,11714.06,CAD,CA,2023-02-03 02:00:00,PAYROLL
EVT00051650,2023-02-11,EMP04281,CC0067,EC,2,Step Increment,98429.0,CAD,CAN,2023-02-12 10:00:00,CORE_HR
EVT00050578,2023-02-25,EMP02891,CC0007,PA,4,Step Increment,58235.93,GBP,GBR,2023-02-25 15:00:00,CORE_HR
EVT00051262,2023-02-26,EMP02868,CC0001,EX,1,Lateral Deployment,,CAD,CAN,2023-02-26 23:00:00,CORE_HR
EVT00050534,2023-02-01,EMP02396,CC0057,CR,2,Performance Pay,-6340.43,CAD,CAN,2023-02-02 12:00:00,CORE_HR
EVT00049911,2023-02-27,EMP03694,CC0016,AS,2,Lateral Deployment,,CAD,CAN,2023-02-27 18:00:00,CORE_HR
EVT00050718,2023-02-08,EMP01710,CC0010,EN,3,Departure,,CAD,CAN,2023-02-09 01:00:00,CORE_HR
EVT00049959,2023-02-17,EMP01676,CC0116,EX,1,Step Increment,137173.92,CAD,CA,2023-02-17 13:00:00,PAYROLL
EVT00051273,2023-02-10,EMP02160,CC0089,PA,1,Step Increment,68165.76,CAD,CAN,2023-02-11 14:00:00,CORE_HR
EVT00050990,2023-02-22,EMP04934,CC0061,CR,5,Hire,73791.69,CAD,CAN,2023-02-22 23:00:00,CORE_HR
EVT00051365,2023-02-08,EMP03617,CC0036,IT,3,Leave Start,,CAD,CAN,2023-02-08 19:00:00,CORE_HR
EVT00050934,2023-02-11,EMP03513,CC0084,EN,3,Step Increment,109223.01,CAD,CAN,2023-02-12 14:00:00,CORE_HR
EVT00051401,2023-02-21,EMP00547,CC0118,EX,1,Lateral Deployment,,CAD,CAN,2023-02-21 19:00:00,CORE_HR
EVT00050090,2023-02-14,EMP00567,CC0082,PA,3,Leave Return,,CAD,CAN,2023-02-14 22:00:00,CORE_HR
EVT00051142,2023-02-22,EMP02256,CC0036,PA,1,Leave Return,,CAD,CAN,2023-02-23 10:00:00,CORE_HR
EVT00051698,2023-02-17,EMP03530,CC0086,IT,4,Hire,7018243.85,INR,IND,2023-02-17 17:00:00,CORE_HR
EVT00051465,2023-02-21,EMP00475,CC0081,EN,1,Performance Pay,11556.0,CAD,CAN,2023-02-21 07:00:00,CORE_HR
EVT00051255,2023-02-24,EMP01987,CC0081,IT,1,Leave Return,,CAD,CAN,2023-02-24 08:00:00,CORE_HR
EVT00049960,2023-02-01,EMP02514,CC0015,PA,2,Lateral Deployment,,CAD,CA,2023-02-02 04:00:00,PAYROLL
EVT00049896,2023-02-23,EMP02512,CC0049,EN,3,Step Increment,85915.3,EUR,FRA,2023-02-23 14:00:00,CORE_HR
EVT00050748,2023-02-25,EMP02866,CC0032,PA,2,Step Increment,54226.45,CAD,CAN,2023-02-25 13:00:00,CORE_HR
EVT00051364,2023-02-06,EMP04025,CC0119,AS,4,Performance Pay,10961.7,CAD,CAN,2023-02-07 13:00:00,CORE_HR
EVT00049990,2023-02-23,EMP01918,CC0108,PA,5,Promotion,75219.51,EUR,DE,2023-02-23 21:00:00,PAYROLL
EVT00050394,2023-02-14,EMP02137,CC0049,PA,3,Performance Pay,4924.94,SGD,SGP,2023-02-14 14:00:00,CORE_HR
EVT00050652,2023-02-08,EMP02233,CC0017,AS,4,Hire,75189.7,CAD,CA,2023-02-11 03:00:00,PAYROLL
EVT00051198,2023-02-08,EMP00556,CC0063,AS,1,Promotion,44263.73,CAD,CA,2023-02-08 13:00:00,PAYROLL
EVT00051606,2023-02-01,EMP02872,CC0061,PA,3,Performance Pay,8568.54,CAD,CAN,2023-02-02 01:00:00,CORE_HR
EVT00050385,2023-02-27,EMP04506,CC0021,IT,4,Lateral Deployment,,CAD,CA,2023-02-28 14:00:00,PAYROLL
EVT00050000,2023-02-01,EMP04010,CC0004,EX,1,Leave Return,,CAD,CAN,2023-02-01 10:00:00,CORE_HR
EVT00051437,2023-02-14,EMP02172,CC0102,IT,1,Promotion,87416.73,CAD,CA,2023-02-15 02:00:00,PAYROLL
EVT00050551,2023-02-21,EMP04195,CC0077,PA,5,Step Increment,84645.88,CAD,CAN,2023-02-21 22:00:00,CORE_HR
EVT00050208,2023-02-15,EMP02342,CC0059,IT,4,Leave Return,,CAD,CAN,2023-02-16 03:00:00,CORE_HR
EVT00050462,2023-02-21,EMP03106,CC0111,FI,2,Step Increment,61729.66,EUR,FRA,2023-02-21 16:00:00,CORE_HR
EVT00050479,2023-02-16,EMP01921,CC0009,IT,2,Step Increment,61215.56,GBP,GB,2023-02-16 21:00:00,PAYROLL
EVT00051329,2023-02-13,EMP03958,CC0082,AS,1,Leave Return,,CAD,CA,2023-02-14 05:00:00,PAYROLL
EVT00050258,2023-02-11,EMP01195,CC0108,PA,1,Promotion,64147.96,SGD,SGP,2023-02-11 15:00:00,CORE_HR
EVT00050147,2023-02-25,EMP00616,CC0016,EC,5,Promotion,122091.52,CAD,CAN,2023-02-25 07:00:00,CORE_HR
EVT00051738,2023-02-23,EMP02628,CC0091,EC,1,Step Increment,76401.89,CAD,CAN,2023-02-25 20:00:00,CORE_HR
EVT00051397,2023-02-27,EMP03633,CC0083,EC,1,Leave Return,,CAD,CA,2023-02-28 01:00:00,PAYROLL
EVT00051341,2023-02-26,EMP04156,CC0005,IT,2,Step Increment,105592.02,CAD,CA,2023-02-27 07:00:00,PAYROLL
EVT00049857,2023-02-14,EMP04116,CC0103,CR,4,Leave Start,,CAD,CAN,2023-02-14 20:00:00,CORE_HR
EVT00050363,2023-02-12,EMP02913,CC0056,FI,1,Performance Pay,8030.21,CAD,CA,2023-02-13 12:00:00,PAYROLL
EVT00049970,2023-02-19,EMP00792,CC0063,CR,5,Leave Return,,CAD,CAN,2023-02-20 05:00:00,CORE_HR
EVT00050125,2023-02-25,EMP03182,CC0120,PA,2,Departure,,CAD,CAN,2023-02-26 10:00:00,CORE_HR
EVT00049852,2023-02-23,EMP03385,CC0018,FI,3,Step Increment,103715.73,CAD,CA,2023-02-24 07:00:00,PAYROLL
EVT00050254,2023-02-20,EMP03937,CC0048,PA,2,Departure,,CAD,CAN,2023-02-20 10:00:00,CORE_HR
EVT00051629,2023-02-21,EMP01320,CC0052,EN,3,Leave Return,,CAD,CAN,2023-02-22 08:00:00,CORE_HR
EVT00051651,2023-02-14,EMP04528,CC0012,EC,2,Step Increment,86319.32,CAD,CAN,2023-02-15 12:00:00,CORE_HR
EVT00051126,2023-02-06,EMP04846,CC0033,PA,2,Hire,78816.01,CAD,CA,2023-02-06 14:00:00,PAYROLL
EVT00050229,2023-02-11,EMP00939,CC0063,IT,3,Leave Start,,CAD,CA,2023-02-12 12:00:00,PAYROLL
EVT00050814,2023-02-10,EMP00869,CC0031,IT,4,Performance Pay,10299.92,AUD,AUS,2023-02-10 22:00:00,CORE_HR
EVT00051144,2023-02-09,EMP03244,CC0053,EC,1,Step Increment,74602.73,CAD,CA,2023-02-09 16:00:00,PAYROLL
EVT00051683,2023-02-23,EMP04788,CC0086,AS,4,Hire,9203468.85,KES,KE,2023-02-23 10:00:00,PAYROLL
EVT00050081,2023-02-21,EMP03378,CC0019,AS,3,Leave Start,,CAD,CAN,2023-02-22 15:00:00,CORE_HR
EVT00049918,2023-02-21,EMP03235,CC0087,EC,2,Step Increment,95934.92,CAD,CAN,2023-02-21 12:00:00,CORE_HR
EVT00051344,2023-02-07,EMP02253,CC0073,IT,3,Promotion,117775.99,CAD,CA,2023-02-08 04:00:00,PAYROLL
EVT00049869,2023-02-15,EMP01560,CC0004,EN,5,Lateral Deployment,,CAD,CAN,2023-02-16 08:00:00,CORE_HR
EVT00050226,2023-02-20,EMP04973,CC0085,AS,4,Leave Start,,CAD,CAN,2023-02-20 20:00:00,CORE_HR
EVT00050406,2023-02-09,EMP02200,CC0029,EN,2,Step Increment,73132.77,EUR,FRA,2023-02-10 05:00:00,CORE_HR
EVT00050472,2023-02-05,EMP02782,CC0071,PA,5,Hire,106049.89,CAD,CA,2023-02-05 19:00:00,PAYROLL
EVT00051290,2023-02-11,EMP03439,CC0039,IT,3,Leave Return,,CAD,CA,2023-02-11 07:00:00,PAYROLL
EVT00049971,2023-02-03,EMP03075,CC0086,PA,2,Hire,7386397.82,JPY,JPN,2023-02-04 08:00:00,CORE_HR
EVT00050261,2023-02-11,EMP03327,CC0038,PA,2,Step Increment,77895.91,CAD,CA,2023-02-11 16:00:00,PAYROLL
EVT00051482,2023-02-05,EMP02443,CC0105,PA,3,Step Increment,58591.78,EUR,FRA,2023-02-06 08:00:00,CORE_HR
EVT00050720,2023-02-01,EMP01804,CC0093,PA,1,Leave Start,,CAD,CAN,2023-02-01 06:00:00,CORE_HR
EVT00049956,2023-02-06,EMP00114,CC0037,IT,5,Promotion,147356.54,CAD,CAN,2023-02-07 15:00:00,CORE_HR
EVT00050348,2023-02-20,EMP04776,CC0034,EC,2,Lateral Deployment,,CAD,CA,2023-02-20 14:00:00,PAYROLL
EVT00050683,2023-02-15,EMP02741,CC0111,CR,3,Step Increment,80560.39,AUD,AUS,2023-02-15 23:00:00,CORE_HR
EVT00050043,2023-02-01,EMP03679,CC0103,FI,2,Hire,108555.76,CAD,CA,2023-02-01 10:00:00,PAYROLL
EVT00051554,2023-02-07,EMP01149,CC0085,EN,2,Step Increment,93897.91,CAD,CA,2023-02-08 07:00:00,PAYROLL
EVT00050453,2023-02-12,EMP04624,CC0037,AS,3,Step Increment,66970.86,CAD,CAN,2023-02-13 13:00:00,CORE_HR
EVT00050908,2023-02-14,EMP00513,CC0088,IT,1,Leave Start,,MXN,MX,2023-02-15 15:00:00,PAYROLL
EVT00050074,2023-02-05,EMP04552,CC0026,EN,2,Departure,,CAD,CAN,2023-02-05 22:00:00,CORE_HR
EVT00050084,2023-02-25,EMP03732,CC0108,PA,2,Performance Pay,12917.94,AUD,AUS,2023-02-25 15:00:00,CORE_HR
EVT00051254,2023-02-18,EMP03460,CC0064,PA,3,Step Increment,82889.48,CAD,CAN,2023-02-19 02:00:00,CORE_HR
EVT00049910,2023-02-14,EMP02249,CC0047,EX,2,Step Increment,163838.14,CAD,CA,2023-02-14 21:00:00,PAYROLL
EVT00050313,2023-02-14,EMP00914,CC0081,PA,3,Step Increment,84703.91,CAD,CA,2023-02-15 07:00:00,PAYROLL
EVT00051642,2023-02-05,EMP02853,CC0005,PA,2,Leave Start,,CAD,CA,2023-02-06 12:00:00,PAYROLL
EVT00050525,2023-02-10,EMP00757,CC0035,EC,3,Step Increment,110172.68,CAD,CA,2023-02-10 16:00:00,PAYROLL
EVT00051464,2023-02-25,EMP00305,CC0056,EX,1,Performance Pay,16279.43,CAD,CA,2023-02-25 06:00:00,PAYROLL
EVT00050271,2023-02-15,EMP01633,CC0115,EC,2,Departure,,CAD,CA,2023-02-15 11:00:00,PAYROLL
EVT00050544,2023-02-19,EMP00361,CC0083,PA,1,Step Increment,70017.35,CAD,CAN,2023-02-19 12:00:00,CORE_HR
EVT00050654,2023-02-24,EMP03112,CC0081,FI,1,Hire,78931.39,CAD,CAN,2023-02-24 12:00:00,CORE_HR
EVT00050139,2023-02-25,EMP01546,CC0048,EC,1,Hire,98357.43,CAD,CAN,2023-02-26 19:00:00,CORE_HR
EVT00051256,2023-02-13,EMP00411,CC0100,EC,3,Lateral Deployment,,CAD,CA,2023-02-13 06:00:00,PAYROLL
EVT00050613,2023-02-23,EMP01625,CC0040,PA,3,Promotion,91716.62,CAD,CAN,2023-02-24 06:00:00,CORE_HR
EVT00050155,2023-02-11,EMP02765,CC0076,AS,4,Performance Pay,5503.46,CAD,CA,2023-02-12 13:00:00,PAYROLL
EVT00051077,2023-02-18,EMP02283,CC0080,AS,1,Step Increment,68668.07,AUD,AUS,2023-02-19 09:00:00,CORE_HR
EVT00051135,2023-02-16,EMP02983,CC0113,EX,2,Step Increment,175962.13,CAD,CAN,2023-02-17 07:00:00,CORE_HR
EVT00051538,2023-02-21,EMP00725,CC0089,EN,3,Step Increment,117168.06,CAD,CA,2023-02-22 09:00:00,PAYROLL
EVT00050159,2023-02-05,EMP01357,CC0119,EC,2,Step Increment,90551.3,CAD,CAN,2023-02-05 08:00:00,CORE_HR
EVT00050076,2023-02-05,EMP03092,CC0098,PA,1,Step Increment,62897.25,CAD,CA,2023-02-05 17:00:00,PAYROLL
EVT00051196,2023-02-26,EMP00445,CC0077,AS,1,Departure,,CAD,CA,2023-02-27 10:00:00,PAYROLL
EVT00050529,2023-02-09,EMP02350,CC0023,EX,3,Leave Start,,CAD,CAN,2023-02-10 10:00:00,CORE_HR
EVT00050587,2023-02-16,EMP00387,CC0052,PA,2,Hire,77205.95,CAD,CA,2023-02-17 14:00:00,PAYROLL
EVT00050366,2023-02-21,EMP00466,CC0114,IT,2,Step Increment,89617.28,CAD,CA,2023-02-22 05:00:00,PAYROLL
EVT00049825,2023-02-27,EMP01441,CC0071,IT,3,Hire,85025.08,CAD,CAN,2023-02-27 15:00:00,CORE_HR
EVT00049998,2023-02-10,EMP04288,CC0001,PA,1,Step Increment,63317.6,CAD,CAN,2023-02-11 11:00:00,CORE_HR
EVT00050890,2023-02-15,EMP00734,CC0069,EC,4,Step Increment,118027.21,CAD,CAN,2023-02-16 11:00:00,CORE_HR
EVT00051218,2023-02-18,EMP00519,CC0041,EC,3,Promotion,108310.67,CAD,CAN,2023-02-19 14:00:00,CORE_HR
EVT00050018,2023-02-14,EMP03306,CC0053,FI,1,Lateral Deployment,,CAD,CAN,2023-02-15 14:00:00,CORE_HR
EVT00049848,2023-02-06,EMP03985,CC0019,CR,2,Leave Return,,CAD,CAN,2023-02-06 13:00:00,CORE_HR
EVT00050195,2023-02-23,EMP01613,CC0106,PA,3,Lateral Deployment,,CAD,CAN,2023-02-24 09:00:00,CORE_HR
EVT00051610,2023-02-15,EMP00090,CC0069,AS,2,Leave Start,,CAD,CA,2023-02-15 06:00:00,PAYROLL
EVT00051029,2023-02-05,EMP03217,CC0076,FI,4,Performance Pay,9181.56,CAD,CA,2023-02-06 04:00:00,PAYROLL
EVT00051244,2023-02-26,EMP03890,CC0096,EC,1,Leave Return,,CAD,CA,2023-02-26 09:00:00,PAYROLL
EVT00050954,2023-02-05,EMP04616,CC0001,FI,4,Performance Pay,10146.06,CAD,CAN,2023-02-05 22:00:00,CORE_HR
EVT00050006,2023-02-14,EMP02463,CC0021,EN,1,Leave Start,,CAD,CA,2023-02-15 09:00:00,PAYROLL
EVT00050981,2023-02-06,EMP03517,CC0058,PA,1,Leave Start,,CAD,CAN,2023-02-06 16:00:00,CORE_HR
EVT00050586,2023-02-21,EMP04350,CC0019,EX,2,Departure,,CAD,CA,2023-02-21 12:00:00,PAYROLL
EVT00050810,2023-02-16,EMP03502,CC0014,PA,2,Lateral Deployment,,CAD,CAN,2023-02-17 00:00:00,CORE_HR
EVT00051700,2023-02-01,EMP02352,CC0053,AS,3,Leave Return,,CAD,CAN,2023-02-01 14:00:00,CORE_HR
EVT00051140,1900-01-01,EMP04510,CC0032,FI,1,Leave Start,,CAD,CA,2023-02-17 16:00:00,PAYROLL
EVT00051551,2023-02-15,EMP04785,CC0118,AS,3,Step Increment,73264.24,CAD,CA,2023-02-15 18:00:00,PAYROLL
EVT00050585,2023-02-14,EMP00047,CC0052,AS,4,Leave Start,,CAD,CAN,2023-02-14 11:00:00,CORE_HR
EVT00050374,2023-02-05,EMP01617,CC0029,EX,1,Hire,1698785.64,MXN,MEX,2023-02-06 11:00:00,CORE_HR
EVT00051517,2023-02-02,EMP00557,CC0077,EN,4,Promotion,101914.82,CAD,CA,2023-02-02 09:00:00,PAYROLL
EVT00050747,2023-02-10,EMP04710,CC0044,EX,1,Step Increment,130735.41,CAD,CA,2023-02-10 13:00:00,PAYROLL
EVT00050022,2023-02-14,EMP03110,CC0112,FI,3,Lateral Deployment,,CAD,CA,2023-02-14 08:00:00,PAYROLL
EVT00050216,2023-02-14,EMP00555,CC0084,PA,4,Lateral Deployment,,CAD,CA,2023-02-14 14:00:00,PAYROLL
EVT00050977,2023-02-14,EMP01845,CC0019,PA,4,Lateral Deployment,,CAD,CA,2023-02-15 13:00:00,PAYROLL
EVT00050531,2023-02-16,EMP00415,CC0120,FI,2,Promotion,88451.39,CAD,CA,2023-02-17 09:00:00,PAYROLL
EVT00051243,2023-02-19,EMP02548,CC0117,AS,4,Step Increment,87518.42,CAD,CA,2023-02-20 00:00:00,PAYROLL
EVT00050913,2023-02-03,EMP03062,CC0070,CR,1,Leave Start,,CAD,CAN,2023-02-04 12:00:00,CORE_HR
EVT00051302,2023-02-14,EMP04074,CC0054,PA,5,Departure,,AUD,AUS,2023-02-15 08:00:00,CORE_HR
EVT00050533,2023-02-22,EMP02367,CC0109,IT,2,Step Increment,104308.73,CAD,CAN,2023-02-22 06:00:00,CORE_HR
EVT00050347,2023-02-25,EMP00508,CC0014,PA,4,Step Increment,97337.93,CAD,CAN,2023-02-26 14:00:00,CORE_HR
EVT00051671,2023-02-22,EMP03268,CC0096,CR,1,Step Increment,53460.74,CAD,CAN,2023-02-22 09:00:00,CORE_HR
EVT00049863,2023-02-27,EMP01885,CC0072,EC,1,Performance Pay,4257.42,CAD,CAN,2023-02-27 13:00:00,CORE_HR
EVT00051001,2023-02-04,EMP01546,CC0048,EC,1,Promotion,82722.94,CAD,CAN,2023-02-05 09:00:00,CORE_HR
EVT00050116,2023-02-04,EMP04523,CC0108,IT,1,Performance Pay,90427.87,MXN,MEX,2023-02-04 21:00:00,CORE_HR
EVT00051036,2023-02-23,EMP04270,CC0001,PA,3,Leave Return,,CAD,CAN,2023-02-23 09:00:00,CORE_HR
EVT00049989,2023-02-25,EMP00702,CC0017,FI,1,Promotion,-69241.0,CAD,CA,2023-02-25 10:00:00,PAYROLL
EVT00050284,2023-02-02,EMP00223,CC0068,IT,2,Leave Return,,CAD,CAN,2023-02-03 05:00:00,CORE_HR
EVT00050848,2023-02-15,EMP02668,CC0055,IT,1,Hire,75362.7,CAD,CAN,2023-02-15 09:00:00,CORE_HR
EVT00050330,2023-02-09,EMP02643,CC0013,PA,1,Step Increment,66536.73,CAD,CA,2023-02-09 16:00:00,PAYROLL
EVT00050899,2023-02-03,EMP01381,CC0095,EC,1,Step Increment,75757.02,CAD,CAN,2023-02-04 13:00:00,CORE_HR
EVT00050015,2023-02-11,EMP00057,CC0022,EN,4,Leave Return,,CAD,CAN,2023-02-11 21:00:00,CORE_HR
EVT00051737,2023-02-10,EMP01586,CC0111,EN,1,Step Increment,53063.62,USD,US,2023-02-10 16:00:00,PAYROLL
EVT00051699,2023-02-11,EMP02349,CC0055,CR,1,Lateral Deployment,,CAD,CA,2023-02-11 17:00:00,PAYROLL
EVT00051595,2023-02-25,EMP03688,CC0011,EC,3,Step Increment,110323.26,CAD,CAN,2023-02-25 12:00:00,CORE_HR
EVT00050571,2023-02-22,EMP01347,CC0071,EX,1,Performance Pay,10858.25,CAD,CAN,2023-02-23 03:00:00,CORE_HR
EVT00050425,2023-02-15,EMP04965,CC0064,IT,3,Step Increment,109973.01,CAD,CAN,2023-02-15 06:00:00,CORE_HR
EVT00051604,2023-02-05,EMP03021,CC0016,FI,1,Leave Start,,CAD,CAN,2023-02-06 09:00:00,CORE_HR
EVT00051505,2023-02-04,EMP00473,CC0028,EN,5,Performance Pay,6793.96,CAD,CAN,2023-02-05 11:00:00,CORE_HR
EVT00050373,2023-02-14,EMP04885,CC0027,IT,1,Hire,87322.07,CAD,CA,2023-02-15 14:00:00,PAYROLL
EVT00051740,2023-02-13,EMP01871,CC0019,CR,1,Step Increment,55916.16,CAD,CAN,2023-02-14 01:00:00,CORE_HR
EVT00050885,2023-02-06,EMP00352,CC0048,FI,3,Leave Start,,CAD,CAN,2023-02-06 19:00:00,CORE_HR
EVT00051552,2023-02-01,EMP02325,CC0109,PA,3,Step Increment,78879.19,CAD,CAN,2023-02-01 23:00:00,CORE_HR
EVT00050919,2023-02-27,EMP02310,CC0008,FI,2,Performance Pay,9300.06,CAD,CAN,2023-02-28 08:00:00,CORE_HR
EVT00051193,2023-02-02,EMP02585,CC0103,PA,4,Step Increment,96266.56,CAD,CAN,2023-02-02 17:00:00,CORE_HR
EVT00051206,2023-02-01,EMP02125,CC0110,EC,3,Step Increment,110907.43,CAD,CAN,2023-02-01 18:00:00,CORE_HR
EVT00050414,2023-02-03,EMP04636,CC0046,CR,2,Step Increment,43412.47,USD,US,2023-02-04 08:00:00,PAYROLL
EVT00050933,2023-02-17,EMP03183,CC0055,CR,4,Departure,,CAD,CAN,2023-02-17 06:00:00,CORE_HR
EVT00051537,2023-02-20,EMP02484,CC0089,EC,2,Performance Pay,9416.45,CAD,CA,2023-02-20 18:00:00,PAYROLL
EVT00050259,2023-02-09,EMP99999,CC0083,AS,4,Leave Start,,CAD,CAN,2023-02-09 12:00:00,CORE_HR
EVT00051337,2023-02-13,EMP00324,CC0094,PA,2,Step Increment,70021.16,CAD,CAN,2023-02-13 11:00:00,CORE_HR
EVT00049891,2023-02-04,EMP02108,CC0002,FI,1,Leave Start,,CAD,CAN,2023-02-04 14:00:00,CORE_HR
EVT00051518,2023-02-06,EMP04401,CC0030,AS,4,Performance Pay,581316.59,JPY,JP,2023-02-07 12:00:00,PAYROLL
EVT00050009,2023-02-01,EMP04271,CC0032,IT,1,Leave Start,,CAD,CA,2023-02-02 13:00:00,PAYROLL
EVT00051586,2023-02-05,EMP03468,CC0054,IT,2,Performance Pay,8016.68,USD,USA,2023-02-05 13:00:00,CORE_HR
EVT00050778,2023-02-22,EMP02161,CC0080,PA,5,Step Increment,78781.38,EUR,FRA,2023-02-23 11:00:00,CORE_HR
EVT00050868,2023-02-18,EMP01968,CC0037,AS,2,Leave Start,,CAD,CAN,2023-02-19 02:00:00,CORE_HR
EVT00049980,2023-02-24,EMP04009,CC0035,EX,1,Performance Pay,8556.62,CAD,CAN,2023-02-25 11:00:00,CORE_HR
EVT00050839,2023-02-23,EMP00091,CC0115,IT,3,Step Increment,104615.23,CAD,CAN,2023-02-24 00:00:00,CORE_HR
EVT00050083,2023-02-05,EMP02973,CC0050,CR,3,Step Increment,65564.27,CAD,CAN,2023-02-05 23:00:00,CORE_HR
EVT00051477,2023-02-19,EMP02437,CC0024,EC,4,Step Increment,115277.64,CAD,CA,2023-02-20 15:00:00,PAYROLL
EVT00050947,2023-02-25,EMP00808,CC0016,AS,2,Lateral Deployment,,CAD,CA,2023-02-26 11:00:00,PAYROLL
EVT00051229,2023-02-24,EMP01369,CC0015,PA,5,Leave Start,,CAD,CA,2023-02-24 06:00:00,PAYROLL
EVT00050532,2023-02-09,EMP00915,CC0114,EC,1,Step Increment,69330.07,CAD,CAN,2023-02-10 15:00:00,CORE_HR
EVT00050164,2023-02-14,EMP02879,CC0083,AS,4,Leave Return,,CAD,CAN,2023-02-14 13:00:00,CORE_HR
EVT00050931,2023-02-15,EMP01728,CC0099,CR,3,Step Increment,60186.11,CAD,CA,2023-02-16 04:00:00,PAYROLL
EVT00051345,2023-02-27,EMP00687,CC0080,IT,4,Departure,,EUR,DE,2023-02-27 19:00:00,PAYROLL
EVT00051194,2023-02-21,EMP02520,CC0107,IT,2,Leave Return,,CAD,CAN,2023-02-22 13:00:00,CORE_HR
EVT00050973,2023-02-15,EMP01042,CC0015,EX,1,Leave Start,,CAD,CAN,2023-02-15 10:00:00,CORE_HR
EVT00050791,2023-02-04,EMP02899,CC0018,AS,3,Leave Return,,CAD,CA,2023-02-05 12:00:00,PAYROLL
EVT00051674,2023-02-02,EMP00410,CC0118,PA,2,Leave Start,,CAD,CA,2023-02-02 16:00:00,PAYROLL
EVT00051161,2023-02-25,EMP01916,CC0038,CR,1,Step Increment,53662.54,CAD,CA,2023-02-25 10:00:00,PAYROLL
EVT00050245,2023-02-18,EMP00613,CC0029,AS,2,Departure,,EUR,DE,2023-02-18 07:00:00,PAYROLL
EVT00050224,2023-02-12,EMP00099,CC0014,AS,2,Lateral Deployment,,CAD,CAN,2023-02-12 09:00:00,CORE_HR
EVT00051267,2023-02-15,EMP02690,CC0027,AS,5,Step Increment,95268.55,CAD,CAN,2023-02-16 14:00:00,CORE_HR
EVT00051007,2023-02-27,EMP02429,CC0097,AS,1,Performance Pay,7743.1,CAD,CA,2023-02-28 05:00:00,PAYROLL
EVT00050811,2023-02-04,EMP03103,CC0068,CR,5,Step Increment,78835.26,CAD,CA,2023-02-04 13:00:00,PAYROLL
EVT00051593,2023-02-17,EMP00025,CC0084,IT,4,Lateral Deployment,,CAD,CAN,2023-02-18 05:00:00,CORE_HR
EVT00051346,2023-02-14,EMP02693,CC0011,PA,3,Performance Pay,9933.82,CAD,CA,2023-02-14 08:00:00,PAYROLL
EVT00051471,2023-02-04,EMP01072,CC0066,EX,1,Step Increment,150064.48,CAD,CA,2023-02-04 14:00:00,PAYROLL
EVT00051567,2023-02-27,EMP01553,CC0047,PA,3,Step Increment,79430.54,CAD,CA,2023-02-27 14:00:00,PAYROLL
EVT00051407,2023-02-09,EMP00179,CC0024,AS,1,Step Increment,47050.65,CAD,CAN,2023-02-09 19:00:00,CORE_HR
EVT00051620,2023-02-10,EMP02675,CC0102,CR,3,Step Increment,63509.02,CAD,CA,2023-02-11 10:00:00,PAYROLL
EVT00051708,2023-02-12,EMP02761,CC0117,PA,1,Step Increment,63166.47,CAD,CAN,2023-02-13 00:00:00,CORE_HR
EVT00051027,2023-02-13,EMP04331,CC0089,AS,3,Step Increment,67013.26,CAD,CAN,2023-02-13 16:00:00,CORE_HR
EVT00051225,2023-02-06,EMP03094,CC0094,AS,4,Performance Pay,5897.92,CAD,CAN,2023-02-07 01:00:00,CORE_HR
EVT00050428,2023-02-17,EMP02377,CC0056,FI,4,Leave Start,,CAD,CA,2023-02-17 23:00:00,PAYROLL
EVT00050733,2023-02-06,EMP04885,CC0027,IT,1,Step Increment,86712.01,CAD,CA,2023-02-06 08:00:00,PAYROLL
EVT00050045,2023-02-04,EMP04912,CC0054,PA,1,Step Increment,6703365.73,JPY,JPN,2023-02-05 15:00:00,CORE_HR
EVT00050110,2023-02-22,EMP04048,CC0009,EX,2,Performance Pay,5330.34,EUR,DEU,2023-02-22 12:00:00,CORE_HR
EVT00051414,2023-02-05,EMP00015,CC0068,IT,4,Step Increment,126740.45,CAD,CAN,2023-02-06 11:00:00,CORE_HR
EVT00051418,2023-02-07,EMP04447,CC0081,EN,1,Step Increment,79371.16,CAD,CAN,2023-02-08 14:00:00,CORE_HR
EVT00050215,2023-02-13,EMP01466,CC0105,IT,1,Performance Pay,2816.01,GBP,GB,2023-02-13 21:00:00,PAYROLL
EVT00050210,2023-02-20,EMP01645,CC0004,PA,4,Performance Pay,11252.12,CAD,CA,2023-02-20 21:00:00,PAYROLL
EVT00051018,2023-02-06,EMP00450,CC0103,IT,5,Leave Return,,CAD,CAN,2023-02-07 14:00:00,CORE_HR
EVT00050158,2023-02-19,EMP04784,CC0036,FI,2,Step Increment,85039.01,CAD,CA,2023-02-20 08:00:00,PAYROLL
EVT00051309,2023-02-04,EMP00758,CC0103,IT,4,Departure,,CAD,CAN,2023-02-05 14:00:00,CORE_HR
EVT00050502,2023-02-13,EMP01045,CC0078,PA,4,Step Increment,94259.65,CAD,CAN,2023-02-14 06:00:00,CORE_HR
EVT00049819,2023-02-03,EMP03744,CC0034,PA,1,Promotion,68762.5,CAD,CA,2023-02-03 17:00:00,PAYROLL
EVT00051436,2023-02-26,EMP02634,CC0112,CR,2,Hire,58902.11,CAD,CA,2023-02-27 05:00:00,PAYROLL
EVT00049926,2023-02-26,EMP04980,CC0070,IT,4,Performance Pay,16724.62,CAD,CAN,2023-02-26 06:00:00,CORE_HR
EVT00051648,2023-02-12,EMP00121,CC0113,FI,2,Leave Start,,CAD,CAN,2023-02-13 06:00:00,CORE_HR
EVT00050447,2023-02-21,EMP01173,CC0061,FI,3,Departure,,CAD,CA,2023-02-21 19:00:00,PAYROLL
EVT00050444,2023-02-14,EMP04464,CC0015,PA,4,Leave Start,,CAD,CAN,2023-02-14 14:00:00,CORE_HR
EVT00050610,2023-02-24,EMP04081,CC0028,PA,2,Lateral Deployment,,CAD,CAN,2023-02-24 06:00:00,CORE_HR
EVT00050345,2023-02-17,EMP00411,CC0100,EC,3,Step Increment,97918.72,CAD,CA,2023-02-18 00:00:00,PAYROLL
EVT00051459,2023-02-01,EMP04047,CC0117,EC,3,Step Increment,105997.6,CAD,CA,2023-02-02 13:00:00,PAYROLL
EVT00051322,2023-02-24,EMP03186,CC0106,CR,4,Lateral Deployment,,CAD,CA,2023-02-24 18:00:00,PAYROLL
EVT00051724,2023-02-14,EMP00934,CC0025,CR,2,Step Increment,71415.36,CAD,CA,2023-02-15 12:00:00,PAYROLL
EVT00050963,2023-02-25,EMP00797,CC0109,FI,4,Performance Pay,8459.75,CAD,CA,2023-02-25 23:00:00,PAYROLL
EVT00051454,2023-02-08,EMP02380,CC0089,PA,1,Performance Pay,7930.21,CAD,CA,2023-02-08 07:00:00,PAYROLL
EVT00050699,2023-02-11,EMP04652,CC0044,PA,1,Performance Pay,7975.16,CAD,CAN,2023-02-11 22:00:00,CORE_HR
EVT00050310,2023-02-03,EMP02658,CC0107,PA,1,Leave Return,,CAD,CAN,2023-02-03 18:00:00,CORE_HR
EVT00049877,2023-02-12,EMP00932,CC0075,EX,1,Step Increment,152333.83,CAD,CA,2023-02-13 07:00:00,PAYROLL
EVT00050477,2023-02-22,EMP04435,CC0118,AS,5,Leave Return,,CAD,CA,2023-02-22 06:00:00,PAYROLL
EVT00051374,2023-02-14,EMP04584,CC0064,FI,2,Step Increment,95145.57,CAD,CA,2023-02-14 12:00:00,PAYROLL
EVT00051633,2023-02-18,EMP02878,CC0018,AS,2,Leave Return,,CAD,CAN,2023-02-18 10:00:00,CORE_HR
EVT00051402,2023-02-02,EMP01858,CC0116,EN,3,Hire,108177.57,CAD,CAN,2023-02-02 07:00:00,CORE_HR
EVT00050358,2023-02-22,EMP99999,CC0051,AS,1,Step Increment,61985.6,CAD,CAN,2023-02-22 20:00:00,CORE_HR
EVT00049859,2023-02-25,EMP02359,CC0038,EN,3,Step Increment,115274.62,CAD,CAN,2023-02-25 18:00:00,CORE_HR
EVT00050640,2023-02-24,EMP02948,CC0018,AS,1,Performance Pay,7586.55,CAD,CAN,2023-02-24 07:00:00,CORE_HR
EVT00051292,2023-02-07,EMP04195,CC0077,PA,5,Leave Return,,CAD,CAN,2023-02-07 10:00:00,CORE_HR
EVT00049838,2023-02-20,EMP02878,CC0018,AS,2,Step Increment,69431.23,CAD,CA,2023-02-21 00:00:00,PAYROLL
EVT00051637,2023-02-17,EMP04168,CC0056,FI,3,Step Increment,95968.38,CAD,CAN,2023-02-18 04:00:00,CORE_HR
EVT00051279,2023-02-06,EMP01216,CC0069,FI,3,Step Increment,100213.1,CAD,CA,2023-02-06 14:00:00,PAYROLL
EVT00051356,2023-02-24,EMP04514,CC0051,IT,1,Leave Start,,CAD,CA,2023-02-26 03:00:00,PAYROLL
EVT00051094,2023-02-03,EMP03290,CC0035,FI,3,Leave Start,,CAD,CAN,2023-02-04 06:00:00,CORE_HR
EVT00050866,2023-02-08,EMP04389,CC0119,EN,3,Step Increment,118304.06,CAD,CAN,2023-02-08 10:00:00,CORE_HR
EVT00050505,2023-02-13,EMP04658,CC0074,IT,1,Promotion,57295.49,GBP,GB,2023-02-13 13:00:00,PAYROLL
EVT00050710,2023-02-18,EMP02663,CC0109,PA,2,Step Increment,69975.43,CAD,CAN,2023-02-19 05:00:00,CORE_HR
EVT00049883,2023-02-04,EMP04992,CC0089,EC,1,Departure,,CAD,CA,2023-02-05 04:00:00,PAYROLL
EVT00051695,2023-02-05,EMP01692,CC0018,FI,2,Step Increment,82976.92,CAD,CAN,2023-02-06 05:00:00,CORE_HR
EVT00050483,2023-02-03,EMP03817,CC0097,IT,4,Leave Return,,CAD,CAN,2023-02-03 18:00:00,CORE_HR
EVT00050225,2023-02-18,EMP03734,CC0005,PA,1,Leave Start,,CAD,CA,2023-02-19 05:00:00,PAYROLL
EVT00051478,2023-02-06,EMP03363,CC0005,IT,3,Leave Return,,CAD,CA,2023-02-06 22:00:00,PAYROLL
EVT00051527,2023-02-09,EMP00183,CC0043,EN,3,Departure,,CAD,CAN,2023-02-10 12:00:00,CORE_HR
EVT00051324,2023-02-24,EMP02983,CC0113,EX,2,Performance Pay,7648.41,CAD,CAN,2023-02-25 06:00:00,CORE_HR
EVT00050540,2023-02-04,EMP01444,CC0003,PA,4,Lateral Deployment,,CAD,CA,2023-02-04 12:00:00,PAYROLL
EVT00050749,2023-02-21,EMP04826,CC0074,CR,3,Step Increment,41787.6,GBP,GBR,2023-02-24 09:00:00,CORE_HR
EVT00050337,2023-02-05,EMP01187,CC0002,AS,3,Leave Start,,CAD,CA,2023-02-06 08:00:00,PAYROLL
EVT00051284,2023-02-02,EMP02527,CC0107,IT,3,Leave Start,,CAD,CAN,2023-02-03 09:00:00,CORE_HR
EVT00051556,2023-02-24,EMP00904,CC0014,EN,4,Leave Start,,CAD,CA,2023-02-25 06:00:00,PAYROLL
EVT00050967,2023-02-21,EMP04831,CC0101,PA,2,Performance Pay,5961.92,CAD,CAN,2023-02-21 11:00:00,CORE_HR
EVT00050685,2023-02-21,EMP01325,CC0092,IT,2,Leave Start,,CAD,CA,2023-02-22 07:00:00,PAYROLL
EVT00050386,2023-02-02,EMP02359,CC0038,EN,3,Leave Return,,CAD,CA,2023-02-03 05:00:00,PAYROLL
EVT00050342,2023-02-26,EMP00689,CC0023,PA,2,Leave Return,,CAD,CAN,2023-02-26 23:00:00,CORE_HR
EVT00051274,2023-02-14,EMP04501,CC0118,AS,1,Promotion,53889.25,CAD,CAN,2023-02-14 20:00:00,CORE_HR
EVT00051058,2023-02-09,EMP04620,CC0003,EN,2,Hire,108819.95,CAD,CAN,2023-02-10 08:00:00,CORE_HR
EVT00051731,2023-02-06,EMP02414,CC0009,CR,1,Promotion,6303091.04,KES,KEN,2023-02-07 02:00:00,CORE_HR
EVT00051560,2023-02-21,EMP01765,CC0048,CR,2,Step Increment,65310.29,CAD,CA,2023-02-21 17:00:00,PAYROLL
EVT00050627,2023-02-11,EMP03928,CC0043,EC,3,Performance Pay,8480.04,CAD,CAN,2023-02-12 08:00:00,CORE_HR
EVT00051039,2023-02-09,EMP00020,CC0067,FI,5,Departure,,CAD,CAN,2023-02-09 18:00:00,CORE_HR
EVT00051041,2023-02-02,EMP04304,CC0082,EC,3,Step Increment,107316.34,CAD,CAN,2023-02-03 04:00:00,CORE_HR
EVT00050965,2023-02-22,EMP02576,CC0048,IT,2,Promotion,95179.27,CAD,CA,2023-02-22 10:00:00,PAYROLL
EVT00049923,2023-02-13,EMP04885,CC0027,IT,1,Leave Return,,CAD,CAN,2023-02-14 10:00:00,CORE_HR
EVT00049924,2023-02-24,EMP00409,CC0081,IT,5,Performance Pay,16997.57,CAD,CAN,2023-02-24 14:00:00,CORE_HR
EVT00049888,2023-02-10,EMP01855,CC0092,PA,3,Step Increment,107047.98,CAD,CAN,2023-02-11 00:00:00,CORE_HR
EVT00051646,2023-02-19,EMP03709,CC0025,IT,1,Performance Pay,3674.42,CAD,CA,2023-02-20 03:00:00,PAYROLL
EVT00051005,2023-02-06,EMP04658,CC0074,IT,1,Step Increment,58709.91,GBP,GBR,2023-02-07 04:00:00,CORE_HR
EVT00050843,2023-02-25,EMP01716,CC0116,EN,3,Leave Return,,CAD,CAN,2023-02-26 11:00:00,CORE_HR
EVT00051419,2023-02-15,EMP01119,CC0114,FI,2,Performance Pay,7481.3,CAD,CAN,2023-02-15 16:00:00,CORE_HR
EVT00050564,2023-02-18,EMP01646,CC0068,CR,1,Departure,,CAD,CA,2023-02-18 22:00:00,PAYROLL
EVT00050987,2023-02-18,EMP00485,CC0101,PA,3,Step Increment,87287.24,CAD,CAN,2023-02-18 12:00:00,CORE_HR
EVT00050341,2023-02-21,EMP00600,CC0072,CR,1,Performance Pay,6931.97,CAD,CAN,2023-02-21 07:00:00,CORE_HR
EVT00050724,2023-02-01,EMP02000,CC0112,PA,2,Step Increment,80728.87,CAD,CAN,2023-02-01 22:00:00,CORE_HR
EVT00050595,2023-02-04,EMP01425,CC0100,CR,4,Promotion,79245.45,CAD,CAN,2023-02-05 05:00:00,CORE_HR
EVT00050096,2023-02-03,EMP03197,CC0118,EN,3,Leave Return,,CAD,CAN,2023-02-03 10:00:00,CORE_HR
EVT00051371,2023-02-06,EMP04238,CC0081,CR,1,Departure,,CAD,CAN,2023-02-07 14:00:00,CORE_HR
EVT00051112,2023-02-06,EMP03879,CC0069,PA,2,Hire,75160.45,CAD,CAN,2023-02-07 01:00:00,CORE_HR
EVT00051175,2023-02-11,EMP02512,CC0049,EN,3,Lateral Deployment,,KES,KEN,2023-02-12 06:00:00,CORE_HR
EVT00050944,2023-02-22,EMP04672,CC0008,AS,4,Performance Pay,4765.2,CAD,CA,2023-02-22 07:00:00,PAYROLL
EVT00050434,2023-02-01,EMP01950,CC0051,IT,1,Step Increment,85154.62,CAD,CAN,2023-02-02 09:00:00,CORE_HR
EVT00050326,2023-02-11,EMP03962,CC0029,AS,4,Leave Start,,KES,KEN,2023-02-11 09:00:00,CORE_HR
EVT00050681,2023-02-27,EMP01034,CC0100,FI,4,Step Increment,113558.6,CAD,CAN,2023-02-28 02:00:00,CORE_HR
EVT00050857,2023-02-15,EMP01526,CC0019,AS,2,Lateral Deployment,,CAD,CAN,2023-02-16 11:00:00,CORE_HR
EVT00051701,2023-02-06,EMP02026,CC0094,EC,3,Leave Start,,CAD,CAN,2023-02-07 03:00:00,CORE_HR
EVT00051214,2023-02-16,EMP03036,CC0114,PA,1,Departure,,CAD,CAN,2023-02-16 19:00:00,CORE_HR
EVT00050279,2023-02-06,EMP03729,CC0042,EN,1,Lateral Deployment,,CAD,CAN,2023-02-06 14:00:00,CORE_HR
EVT00050191,2023-02-17,EMP02489,CC0049,CR,4,Step Increment,4066604.28,INR,IND,2023-02-17 18:00:00,CORE_HR
EVT00050007,2023-02-06,EMP00315,CC0029,EX,1,Lateral Deployment,,AUD,AU,2023-02-07 05:00:00,PAYROLL
EVT00050246,2023-02-19,EMP02470,CC0066,PA,1,Step Increment,67249.77,CAD,CAN,2023-02-20 09:00:00,CORE_HR
EVT00050882,2023-02-03,EMP04727,CC0059,IT,4,Departure,,CAD,CA,2023-02-03 20:00:00,PAYROLL
EVT00051480,2023-02-09,EMP00300,CC0058,PA,3,Step Increment,63716.39,CAD,CA,2023-02-10 09:00:00,PAYROLL
EVT00051433,2023-02-07,EMP03986,CC0078,PA,3,Performance Pay,3853.21,CAD,CA,2023-02-08 08:00:00,PAYROLL
EVT00050236,2023-02-01,EMP01678,CC0065,EC,3,Step Increment,5435446.43,INR,IND,2023-02-01 21:00:00,CORE_HR
EVT00050896,2023-02-14,EMP01227,CC0095,EX,1,Leave Start,,CAD,CA,2023-02-14 12:00:00,PAYROLL
EVT00050212,2023-02-03,EMP00935,CC0109,PA,1,Step Increment,61458.85,CAD,CA,2023-02-03 07:00:00,PAYROLL
EVT00051033,2023-02-15,EMP01225,CC0048,FI,2,Leave Start,,CAD,CAN,2023-02-16 04:00:00,CORE_HR
EVT00051485,2023-02-27,EMP02905,CC0042,IT,2,Leave Start,,CAD,CA,2023-02-28 15:00:00,PAYROLL
EVT00050309,2023-02-22,EMP02612,CC0114,EN,1,Lateral Deployment,,CAD,CAN,2023-02-22 21:00:00,CORE_HR
EVT00051663,2023-02-26,EMP02962,CC0017,EN,2,Performance Pay,12325.08,CAD,CAN,2023-02-26 15:00:00,CORE_HR
EVT00051038,2023-02-07,EMP03919,CC0083,PA,4,Step Increment,99268.11,CAD,CAN,2023-02-08 15:00:00,CORE_HR
EVT00050787,2023-02-23,EMP04244,CC0062,IT,4,Performance Pay,14520.01,CAD,CA,2023-02-23 18:00:00,PAYROLL
EVT00051628,2023-02-12,EMP02311,CC0060,FI,1,Step Increment,72761.82,CAD,CA,2023-02-13 03:00:00,PAYROLL
EVT00050698,2023-02-21,EMP00013,CC0028,IT,2,Step Increment,99014.05,CAD,CAN,2023-02-22 08:00:00,CORE_HR
EVT00049933,2023-02-02,EMP04787,CC0111,EC,1,Step Increment,1017884.29,MXN,MEX,2023-02-02 19:00:00,CORE_HR
EVT00050798,2023-02-16,EMP00313,CC0058,FI,5,Step Increment,114538.01,CAD,CAN,2023-02-16 07:00:00,CORE_HR
EVT00051616,2023-02-16,EMP00285,CC0046,EN,3,Performance Pay,3831.98,SGD,SGP,2023-02-16 06:00:00,CORE_HR
EVT00051614,2023-02-06,EMP02739,CC0061,EX,1,Step Increment,138978.78,CAD,CAN,2023-02-07 15:00:00,CORE_HR
EVT00051555,2023-02-26,EMP04724,CC0033,FI,2,Leave Start,,CAD,CA,2023-02-26 10:00:00,PAYROLL
EVT00050094,2023-02-22,EMP02751,CC0068,FI,3,Leave Start,,CAD,CAN,2023-02-23 02:00:00,CORE_HR
EVT00050818,2023-02-26,EMP03214,CC0075,IT,2,Performance Pay,5293.77,CAD,CAN,2023-02-27 03:00:00,CORE_HR
EVT00050343,2023-02-10,EMP01613,CC0106,PA,3,Leave Start,,CAD,CA,2023-02-10 09:00:00,PAYROLL
EVT00051430,2023-02-17,EMP01258,CC0049,PA,2,Lateral Deployment,,MXN,MEX,2023-02-20 16:00:00,CORE_HR
EVT00051125,2023-02-20,EMP02227,CC0027,PA,1,Step Increment,64901.78,CAD,CAN,2023-02-21 01:00:00,CORE_HR
EVT00050235,2023-02-08,EMP04212,CC0001,IT,1,Performance Pay,5051.46,CAD,CAN,2023-02-08 22:00:00,CORE_HR
EVT00051195,2023-02-07,EMP03656,CC0087,EX,1,Step Increment,131028.12,CAD,CAN,2023-02-08 13:00:00,CORE_HR
EVT00050250,2023-02-10,EMP03045,CC0065,FI,1,Departure,,SGD,SGP,2023-02-10 11:00:00,CORE_HR
EVT00050984,2023-02-16,EMP02813,CC0005,CR,3,Leave Return,,CAD,CAN,2023-02-16 17:00:00,CORE_HR
EVT00050634,2023-02-23,EMP03136,CC0031,EN,1,Performance Pay,4926.86,SGD,SG,2023-02-24 04:00:00,PAYROLL
EVT00049864,2023-02-24,EMP04382,CC0119,IT,4,Leave Start,,CAD,CAN,2023-02-24 09:00:00,CORE_HR
EVT00051016,2023-02-10,EMP03121,CC0105,EC,1,Departure,,MXN,MX,2023-02-11 13:00:00,PAYROLL
EVT00049948,2023-02-03,EMP00414,CC0015,EC,3,Step Increment,99137.25,CAD,CAN,2023-02-04 10:00:00,CORE_HR
EVT00050876,2023-02-02,EMP04067,CC0097,PA,1,Leave Start,,CAD,CAN,2023-02-02 09:00:00,CORE_HR
EVT00051105,2023-02-06,EMP01717,CC0096,EX,2,Step Increment,136214.43,CAD,CAN,2023-02-06 16:00:00,CORE_HR
EVT00051427,2023-02-07,EMP04331,CC0089,AS,3,Leave Start,,CAD,CAN,2023-02-07 10:00:00,CORE_HR
EVT00050592,2023-02-20,EMP00984,CC0072,EC,3,Performance Pay,6929.3,CAD,CAN,2023-02-21 08:00:00,CORE_HR
EVT00050622,2023-02-15,EMP03117,CC0110,FI,1,Step Increment,68789.61,CAD,CAN,2023-02-15 07:00:00,CORE_HR
EVT00050740,2023-02-04,EMP03316,CC0009,EX,1,Promotion,7392765.18,INR,IN,2023-02-04 06:00:00,PAYROLL
EVT00050272,2023-02-23,EMP02280,CC0052,FI,2,Step Increment,91958.14,CAD,CA,2023-02-24 12:00:00,PAYROLL
EVT00050239,2023-02-04,EMP00148,CC0005,EC,3,Step Increment,111650.41,CAD,CAN,2023-02-05 03:00:00,CORE_HR
EVT00050480,2023-02-19,EMP02236,CC0048,EX,2,Performance Pay,20319.11,CAD,CAN,2023-02-19 13:00:00,CORE_HR
EVT00051230,2023-02-03,EMP00028,CC0067,EC,1,Step Increment,69928.47,CAD,CA,2023-02-03 08:00:00,PAYROLL
EVT00049941,2023-02-01,EMP01833,CC0001,EC,1,Promotion,81297.04,CAD,CAN,2023-02-01 12:00:00,CORE_HR
EVT00050288,2023-02-13,EMP00464,CC0033,PA,2,Hire,75190.86,CAD,CAN,2023-02-13 06:00:00,CORE_HR
EVT00051528,2023-02-02,EMP03380,CC0036,EN,2,Step Increment,106883.73,CAD,CAN,2023-02-02 17:00:00,CORE_HR
EVT00051377,2023-02-09,EMP02607,CC0119,EX,2,Performance Pay,14074.92,CAD,CA,2023-02-09 22:00:00,PAYROLL
EVT00049871,2023-02-01,EMP04461,CC0003,FI,2,Step Increment,89065.61,CAD,CA,2023-02-02 04:00:00,PAYROLL
EVT00051584,2023-02-05,EMP04311,CC0056,IT,4,Performance Pay,15500.4,CAD,CA,2023-02-06 15:00:00,PAYROLL
EVT00051693,2023-02-10,EMP02612,CC0114,EN,1,Leave Start,,CAD,CAN,2023-02-10 09:00:00,CORE_HR
EVT00051283,2023-02-10,EMP02759,CC0049,CR,4,Step Increment,61805.18,EUR,DE,2023-02-10 08:00:00,PAYROLL
EVT00050104,2023-02-18,EMP00825,CC0045,EN,2,Performance Pay,11605.43,CAD,CAN,2023-02-19 13:00:00,CORE_HR
EVT00050543,2023-02-12,EMP01708,CC0100,PA,3,Step Increment,65046.67,CAD,CAN,2023-02-13 12:00:00,CORE_HR
EVT00050989,2023-02-26,EMP03811,CC0043,AS,2,Lateral Deployment,,CAD,CA,2023-02-27 07:00:00,PAYROLL
EVT00050476,2023-02-19,EMP00465,CC0093,CR,5,Departure,,CAD,CAN,2023-02-20 05:00:00,CORE_HR
EVT00051061,2023-02-14,EMP00591,CC0097,EC,5,Step Increment,124676.59,CAD,CA,2023-02-14 10:00:00,PAYROLL
EVT00051563,2023-02-26,EMP04387,CC0033,PA,5,Hire,104872.48,CAD,CA,2023-02-27 00:00:00,PAYROLL
EVT00050112,2023-02-17,EMP02921,CC0044,CR,4,Step Increment,67213.9,CAD,CAN,2023-02-18 09:00:00,CORE_HR
EVT00050536,2023-02-06,EMP04108,CC0007,CR,1,Lateral Deployment,,GBP,GBR,2023-02-07 03:00:00,CORE_HR
EVT00050582,2023-02-18,EMP01146,CC0076,FI,1,Step Increment,77447.03,CAD,CA,2023-02-18 15:00:00,PAYROLL
EVT00051516,2023-02-08,EMP02277,CC0098,FI,3,Performance Pay,13467.98,CAD,CAN,2023-02-09 02:00:00,CORE_HR
EVT00050014,2023-02-14,EMP03852,CC0101,CR,2,Leave Start,,CAD,CA,2023-02-14 17:00:00,PAYROLL
EVT00050916,2023-02-26,EMP04778,CC0055,FI,1,Lateral Deployment,,CAD,CA,2023-02-27 08:00:00,PAYROLL
EVT00051111,2023-02-09,EMP03189,CC0021,PA,3,Leave Start,,CAD,CA,2023-02-09 13:00:00,PAYROLL
EVT00050162,2023-02-07,EMP04706,CC0003,EX,1,Step Increment,149255.49,CAD,CAN,2023-02-07 12:00:00,CORE_HR
EVT00050013,2023-02-24,EMP01746,CC0040,PA,4,Step Increment,100217.48,CAD,CAN,2023-02-24 18:00:00,CORE_HR
EVT00051405,2023-02-06,EMP00961,CC0024,IT,2,Lateral Deployment,,CAD,CAN,2023-02-06 15:00:00,CORE_HR
EVT00051208,2023-02-11,EMP04176,CC0001,IT,2,Leave Start,,CAD,CAN,2023-02-12 12:00:00,CORE_HR
EVT00051434,2023-02-02,EMP03061,CC0031,EC,2,Leave Start,,EUR,DE,2023-02-03 02:00:00,PAYROLL
EVT00051430,2023-02-17,EMP01258,CC0049,PA,2,Lateral Deployment,,MXN,MEX,2023-02-17 21:00:00,CORE_HR
EVT00051639,2023-02-22,EMP03158,CC0019,PA,2,Performance Pay,5677.05,CAD,CAN,2023-02-22 23:00:00,CORE_HR
EVT00050163,2023-02-08,EMP00082,CC0061,FI,3,Step Increment,106683.2,CAD,CAN,2023-02-09 11:00:00,CORE_HR
EVT00049903,2023-02-17,EMP01420,CC0012,EN,2,Step Increment,106338.49,CAD,CA,2023-02-18 04:00:00,PAYROLL
EVT00051529,2023-02-18,EMP03962,CC0029,AS,4,Step Increment,47416.91,EUR,FR,2023-02-18 11:00:00,PAYROLL
EVT00049947,2023-02-15,EMP04412,CC0085,FI,2,Leave Start,,CAD,CA,2023-02-16 05:00:00,PAYROLL
EVT00049880,2023-02-25,EMP03249,CC0043,PA,1,Hire,70134.7,CAD,CA,2023-02-26 11:00:00,PAYROLL
EVT00051013,2023-02-07,EMP02888,CC0052,CR,2,Leave Start,,CAD,CAN,2023-02-07 14:00:00,CORE_HR
EVT00050800,2023-02-22,EMP04003,CC0042,PA,4,Step Increment,86973.63,CAD,CAN,2023-02-22 17:00:00,CORE_HR
EVT00050983,2023-02-13,EMP01890,CC0019,AS,2,Promotion,62528.43,CAD,CA,2023-02-14 06:00:00,PAYROLL
EVT00051379,2023-02-14,EMP02081,CC0009,EC,3,Leave Return,,EUR,FRA,2023-02-14 07:00:00,CORE_HR
EVT00050185,2023-02-07,EMP03256,CC0053,PA,1,Leave Start,,CAD,CAN,2023-02-07 15:00:00,CORE_HR
EVT00050760,2023-02-16,EMP02203,CC0072,EX,1,Step Increment,137634.77,CAD,CAN,2023-02-16 07:00:00,CORE_HR
EVT00050803,2023-02-01,EMP04297,CC0105,PA,2,Performance Pay,5966.35,USD,USA,2023-02-02 05:00:00,CORE_HR
EVT00051660,2023-02-17,EMP00660,CC0094,IT,1,Lateral Deployment,,CAD,CAN,2023-02-17 13:00:00,CORE_HR
EVT00050554,2023-02-22,EMP02373,CC0078,AS,4,Step Increment,77739.26,CAD,CA,2023-02-22 17:00:00,PAYROLL
EVT00051507,2023-02-18,EMP03118,CC0100,IT,1,Lateral Deployment,,CAD,CAN,2023-02-18 11:00:00,CORE_HR
EVT00050580,2023-02-01,EMP00696,CC0087,PA,1,Promotion,68497.56,CAD,CA,2023-02-02 04:00:00,PAYROLL
EVT00050362,2023-02-10,EMP04747,CC0018,PA,3,Departure,,CAD,CAN,2023-02-10 22:00:00,CORE_HR
EVT00050332,2023-02-19,EMP00368,CC0068,FI,3,Step Increment,92563.89,CAD,CAN,2023-02-19 06:00:00,CORE_HR
EVT00051574,2023-02-08,EMP03476,CC0029,EC,1,Step Increment,60563.58,EUR,DE,2023-02-08 15:00:00,PAYROLL
EVT00050026,2023-02-05,EMP04446,CC0092,EN,3,Leave Return,,CAD,CAN,2023-02-06 08:00:00,CORE_HR
EVT00051275,2023-02-01,EMP03014,CC0091,PA,3,Step Increment,78423.34,CAD,CA,2023-02-02 08:00:00,PAYROLL
EVT00050553,2023-02-19,EMP02695,CC0055,EX,1,Lateral Deployment,,CAD,CA,2023-02-19 08:00:00,PAYROLL
EVT00050016,2023-02-25,EMP03431,CC0055,CR,2,Performance Pay,7571.7,CAD,CAN,2023-02-25 17:00:00,CORE_HR
EVT00051479,2023-02-14,EMP04855,CC0039,AS,4,Performance Pay,8036.03,CAD,CA,2023-02-14 22:00:00,PAYROLL
EVT00051498,2023-02-25,EMP02680,CC0036,CR,3,Performance Pay,6250.59,CAD,CA,2023-02-26 14:00:00,PAYROLL
EVT00049984,2023-02-06,EMP02446,CC0062,AS,3,Leave Return,,CAD,CAN,2023-02-06 22:00:00,CORE_HR
EVT00050166,2023-02-20,EMP04501,CC0118,AS,1,Performance Pay,2616.97,CAD,CAN,2023-02-21 13:00:00,CORE_HR
EVT00051611,2023-02-12,EMP00636,CC0100,EC,1,Departure,,CAD,CAN,2023-02-13 08:00:00,CORE_HR
EVT00050827,2023-02-17,EMP01269,CC0035,IT,3,Hire,101909.51,CAD,CAN,2023-02-17 23:00:00,CORE_HR
EVT00051145,2023-02-14,EMP00270,CC0106,IT,2,Lateral Deployment,,CAD,CA,2023-02-14 22:00:00,PAYROLL
EVT00049832,2023-02-09,EMP04018,CC0068,AS,1,Leave Start,,CAD,CA,2023-02-09 09:00:00,PAYROLL
EVT00050905,2023-02-04,EMP03548,CC0047,EC,2,Leave Start,,CAD,CAN,2023-02-05 12:00:00,CORE_HR
EVT00050995,2023-02-22,EMP01345,CC0021,IT,2,Lateral Deployment,,CAD,CAN,2023-02-22 20:00:00,CORE_HR
EVT00051432,2023-02-06,EMP04469,CC0060,EN,3,Leave Return,,CAD,CA,2023-02-07 01:00:00,PAYROLL
EVT00051004,2023-02-12,EMP01661,CC0106,AS,2,Lateral Deployment,,CAD,CAN,2023-02-13 10:00:00,CORE_HR
EVT00050501,2023-02-13,EMP03452,CC0089,CR,4,Lateral Deployment,,CAD,CA,2023-02-14 12:00:00,PAYROLL
EVT00049949,2023-02-15,EMP01881,CC0117,IT,1,Performance Pay,10812.82,CAD,CAN,2023-02-15 18:00:00,CORE_HR
EVT00051280,2023-02-25,EMP02997,CC0085,FI,4,Promotion,107998.9,CAD,CAN,2023-02-26 05:00:00,CORE_HR
EVT00050151,2023-02-08,EMP02289,CC0043,AS,5,Leave Start,,CAD,CA,2023-02-08 20:00:00,PAYROLL
EVT00050133,2023-02-09,EMP01435,CC0008,EN,2,Step Increment,91853.44,CAD,CA,2023-02-09 13:00:00,PAYROLL
EVT00050322,2023-02-02,EMP01711,CC0023,PA,3,Step Increment,88816.52,CAD,CAN,2023-02-02 20:00:00,CORE_HR
EVT00050955,2023-02-02,EMP04312,CC0092,EN,2,Step Increment,77312.68,CAD,CAN,2023-02-02 11:00:00,CORE_HR
EVT00050991,2023-02-09,EMP00043,CC0092,EC,3,Step Increment,98540.85,CAD,CA,2023-02-09 13:00:00,PAYROLL
EVT00050764,2023-02-10,EMP04484,CC0033,CR,3,Leave Start,,CAD,CA,2023-02-10 22:00:00,PAYROLL
EVT00050856,2023-02-01,EMP01285,CC0083,EC,4,Lateral Deployment,,CAD,CA,2023-02-02 01:00:00,PAYROLL
EVT00050227,2023-02-14,EMP01421,CC0058,AS,3,Step Increment,73870.57,CAD,CAN,2023-02-15 14:00:00,CORE_HR
EVT00050986,2023-02-21,EMP04111,CC0064,CR,1,Leave Start,,CAD,CAN,2023-02-21 13:00:00,CORE_HR
EVT00051715,2023-02-21,EMP02045,CC0095,EN,1,Step Increment,93641.47,CAD,CA,2023-02-22 15:00:00,PAYROLL
EVT00051134,2023-02-03,EMP02938,CC0116,AS,1,Promotion,59509.45,CAD,CA,2023-02-04 07:00:00,PAYROLL
EVT00050807,2023-02-21,EMP00339,CC0059,PA,2,Leave Start,,CAD,CA,2023-02-21 08:00:00,PAYROLL
EVT00050308,2023-02-27,EMP00045,CC0002,CR,2,Step Increment,63722.24,CAD,CA,2023-02-28 14:00:00,PAYROLL
EVT00050467,2023-02-17,EMP01032,CC0079,IT,2,Leave Start,,CAD,CA,2023-02-18 12:00:00,PAYROLL
EVT00050736,2023-02-15,EMP02171,CC0120,PA,4,Performance Pay,5539.51,CAD,CA,2023-02-15 17:00:00,PAYROLL
EVT00050152,2023-02-04,EMP04318,CC0072,EC,4,Leave Start,,CAD,CA,2023-02-05 12:00:00,PAYROLL
EVT00050549,2023-02-02,EMP00136,CC0001,IT,1,Lateral Deployment,,CAD,CAN,2023-02-03 12:00:00,CORE_HR
EVT00050784,2023-02-01,EMP01222,CC0071,IT,1,Step Increment,83660.24,CAD,CA,2023-02-02 14:00:00,PAYROLL
EVT00050071,2023-02-01,EMP00262,CC0018,FI,5,Lateral Deployment,,CAD,CAN,2023-02-01 09:00:00,CORE_HR
EVT00051654,2023-02-24,EMP03016,CC0051,PA,2,Leave Return,,CAD,CAN,2023-02-24 07:00:00,CORE_HR
EVT00051600,2023-02-05,EMP01901,CC0099,AS,2,Performance Pay,8146.8,CAD,CAN,2023-02-05 09:00:00,CORE_HR
EVT00051733,2023-02-23,EMP03300,CC0015,PA,4,Departure,,CAD,CAN,2023-02-23 12:00:00,CORE_HR
EVT00051514,2023-02-03,EMP01757,CC0023,IT,5,Performance Pay,8424.18,CAD,CA,2023-02-03 23:00:00,PAYROLL
EVT00051659,2023-02-01,EMP01205,CC0115,AS,2,Step Increment,64916.38,CAD,CA,2023-02-01 13:00:00,PAYROLL
EVT00050690,2023-02-08,EMP03331,CC0064,EN,4,Performance Pay,6283.35,CAD,CAN,2023-02-09 01:00:00,CORE_HR
EVT00051664,2023-02-01,EMP03483,CC0001,EX,3,Performance Pay,11423.85,CAD,CAN,2023-02-02 04:00:00,CORE_HR
EVT00049873,2023-02-06,EMP01514,CC0012,IT,5,Promotion,115093.81,CAD,CAN,2023-02-07 06:00:00,CORE_HR
EVT00050194,2023-02-10,EMP04029,CC0019,FI,1,Step Increment,72168.07,CAD,CAN,2023-02-10 19:00:00,CORE_HR
EVT00050456,2023-02-02,EMP01770,CC0045,EN,3,Performance Pay,11664.84,CAD,CAN,2023-02-03 12:00:00,CORE_HR
EVT00051573,2023-02-27,EMP00619,CC0113,IT,1,Step Increment,76853.7,CAD,CA,2023-02-27 21:00:00,PAYROLL
EVT00050993,2023-02-25,EMP04636,CC0046,CR,2,Step Increment,72185.83,AUD,AU,2023-02-25 16:00:00,PAYROLL
EVT00050128,2023-02-10,EMP04689,CC0044,FI,4,Departure,,CAD,CAN,2023-02-10 12:00:00,CORE_HR
EVT00050812,2023-02-14,EMP02007,CC0060,IT,1,Leave Return,,CAD,CAN,2023-02-15 10:00:00,CORE_HR
EVT00051107,2023-02-14,EMP04937,CC0114,EC,2,Promotion,82072.34,CAD,CA,2023-02-15 12:00:00,PAYROLL
EVT00049874,2023-02-27,EMP02338,CC0011,PA,1,Step Increment,-69001.96,CAD,CA,2023-02-27 20:00:00,PAYROLL
EVT00050088,2023-02-18,EMP99999,CC0104,AS,3,Leave Start,,CAD,CAN,2023-02-19 05:00:00,CORE_HR
EVT00051653,2023-02-21,EMP00149,CC0020,FI,1,Performance Pay,6351.82,CAD,CA,2023-02-22 13:00:00,PAYROLL
EVT00050906,2023-02-11,EMP02026,CC0094,EC,3,Step Increment,106627.77,CAD,CA,2023-02-12 13:00:00,PAYROLL
EVT00051017,2023-02-22,EMP01964,CC0115,EC,4,Leave Start,,CAD,CAN,2023-02-23 06:00:00,CORE_HR
EVT00050055,2023-02-10,EMP01504,CC0090,IT,2,Performance Pay,7857.81,CAD,CA,2023-02-13 06:00:00,PAYROLL
EVT00050327,2023-02-14,EMP00694,CC0008,EC,3,Step Increment,-104463.43,CAD,CAN,2023-02-14 13:00:00,CORE_HR
EVT00050307,2023-02-22,EMP02960,CC0072,AS,1,Promotion,54787.64,CAD,CA,2023-02-23 01:00:00,PAYROLL
EVT00051003,2023-02-02,EMP02413,CC0093,EX,1,Performance Pay,19037.39,CAD,CAN,2023-02-02 16:00:00,CORE_HR
EVT00050448,2023-02-27,EMP00290,CC0021,EX,1,Lateral Deployment,,CAD,CA,2023-02-27 23:00:00,PAYROLL
EVT00051339,2023-02-04,EMP04067,CC0097,PA,1,Leave Return,,CAD,CAN,2023-02-04 23:00:00,CORE_HR
EVT00050355,2023-02-26,EMP01039,CC0052,EN,1,Leave Start,,CAD,CAN,2023-02-26 12:00:00,CORE_HR
EVT00050129,2023-02-10,EMP03721,CC0110,AS,5,Departure,,CAD,CA,2023-02-10 22:00:00,PAYROLL
EVT00050312,2023-02-08,EMP04232,CC0048,AS,1,Step Increment,58257.26,CAD,CA,2023-02-08 14:00:00,PAYROLL
EVT00049905,2023-02-06,EMP04089,CC0062,CR,3,Lateral Deployment,,CAD,CA,2023-02-06 06:00:00,PAYROLL
EVT00051647,2023-02-17,EMP02542,CC0089,AS,3,Departure,,CAD,CAN,2023-02-17 21:00:00,CORE_HR
EVT00051184,2023-02-21,EMP03269,CC0101,IT,2,Hire,99719.35,CAD,CA,2023-02-23 05:00:00,PAYROLL
EVT00051240,2023-02-09,EMP01746,CC0040,PA,4,Leave Start,,CAD,CA,2023-02-10 15:00:00,PAYROLL
EVT00050182,2023-02-15,EMP01156,CC0036,CR,2,Leave Start,,CAD,CA,2023-02-16 13:00:00,PAYROLL
EVT00050702,2023-02-08,EMP01907,CC0069,EX,2,Lateral Deployment,,CAD,CAN,2023-02-09 11:00:00,CORE_HR
EVT00050441,2023-02-11,EMP00978,CC0117,FI,3,Performance Pay,8340.6,CAD,CA,2023-02-12 13:00:00,PAYROLL
EVT00049865,2023-02-19,EMP01970,CC0003,AS,4,Leave Start,,CAD,CA,2023-02-19 15:00:00,PAYROLL
EVT00050921,2023-02-20,EMP03872,CC0051,CR,3,Step Increment,72556.09,CAD,CA,2023-02-21 08:00:00,PAYROLL
EVT00050487,2023-02-21,EMP03183,CC0055,CR,4,Performance Pay,7956.22,CAD,CA,2023-02-21 20:00:00,PAYROLL
EVT00050590,2023-02-03,EMP01710,CC0010,EN,3,Leave Return,,XXX,CAN,2023-02-03 22:00:00,CORE_HR
EVT00050732,2023-02-21,EMP04330,CC0110,FI,2,Step Increment,85360.9,CAD,CA,2023-02-21 15:00:00,PAYROLL
EVT00050910,2023-02-13,EMP01623,CC0033,EN,4,Step Increment,100577.52,CAD,CA,2023-02-13 16:00:00,PAYROLL
EVT00049925,2023-02-07,EMP03874,CC0093,PA,1,Promotion,61506.28,CAD,CA,2023-02-07 12:00:00,PAYROLL
EVT00050743,2023-02-13,EMP01779,CC0020,EN,2,Step Increment,101879.25,CAD,CAN,2023-02-14 05:00:00,CORE_HR
EVT00051299,2023-02-10,EMP04033,CC0098,EN,2,Leave Start,,CAD,CAN,2023-02-12 12:00:00,CORE_HR
EVT00049939,2023-02-02,EMP04682,CC0040,EN,3,Leave Start,,CAD,CAN,2023-02-03 05:00:00,CORE_HR
EVT00051450,2023-02-17,EMP03001,CC0007,IT,1,Step Increment,9210852.64,KES,KEN,2023-02-18 02:00:00,CORE_HR
EVT00051393,2023-02-04,EMP00320,CC0027,FI,3,Leave Start,,CAD,CAN,2023-02-06 18:00:00,CORE_HR
EVT00050504,2023-02-24,EMP01556,CC0049,EN,1,Lateral Deployment,,GBP,GBR,2023-02-24 15:00:00,CORE_HR
EVT00050639,2023-02-15,EMP03618,CC0084,EX,1,Leave Return,,CAD,CA,2023-02-16 07:00:00,PAYROLL
EVT00050474,2023-02-09,EMP02298,CC0003,PA,3,Leave Start,,CAD,CA,2023-02-10 07:00:00,PAYROLL
EVT00051634,2023-02-23,EMP04484,CC0033,CR,3,Performance Pay,5040.68,CAD,CAN,2023-02-23 17:00:00,CORE_HR
EVT00051293,2023-02-16,EMP01801,CC0010,PA,3,Leave Start,,CAD,CA,2023-02-17 10:00:00,PAYROLL
EVT00050796,2023-02-20,EMP03536,CC0051,EN,5,Performance Pay,16062.16,CAD,CAN,2023-02-20 10:00:00,CORE_HR
EVT00050555,2023-02-20,EMP02020,CC0001,FI,1,Leave Start,,CAD,CAN,2023-02-20 14:00:00,CORE_HR
EVT00050324,2023-02-23,EMP02392,CC0021,PA,4,Departure,,CAD,CA,2023-02-24 12:00:00,PAYROLL
EVT00050275,2023-02-19,EMP01354,CC0017,EN,1,Hire,84808.46,CAD,CAN,2023-02-20 14:00:00,CORE_HR
EVT00051422,2023-02-11,EMP03864,CC0041,IT,3,Leave Return,,CAD,CA,2023-02-11 06:00:00,PAYROLL
EVT00050755,2023-02-20,EMP00358,CC0086,AS,2,Departure,,AED,ARE,2023-02-20 10:00:00,CORE_HR
EVT00051658,2023-02-13,EMP02662,CC0022,EC,1,Step Increment,79419.18,CAD,CA,2023-02-14 05:00:00,PAYROLL
EVT00050314,2023-02-22,EMP02977,CC0034,AS,2,Performance Pay,8528.64,CAD,CA,2023-02-25 23:00:00,PAYROLL
EVT00051241,2023-02-04,EMP04982,CC0106,IT,3,Performance Pay,7511.0,CAD,CA,2023-02-04 21:00:00,PAYROLL
EVT00050281,2023-02-11,EMP02643,CC0013,PA,1,Step Increment,64282.17,CAD,CA,2023-02-12 05:00:00,PAYROLL
EVT00051078,2023-02-17,EMP99999,CC0056,EX,1,Leave Start,,CAD,CAN,2023-02-18 07:00:00,CORE_HR
EVT00050387,2023-02-27,EMP03554,CC0048,CR,3,Step Increment,63734.55,CAD,CA,2023-02-27 20:00:00,PAYROLL
EVT00050451,2023-02-26,EMP00502,CC0076,AS,3,Leave Start,,CAD,CAN,2023-02-26 11:00:00,CORE_HR
EVT00050819,2023-02-16,EMP00907,CC0077,EN,2,Step Increment,117320.18,CAD,CAN,2023-02-17 04:00:00,CORE_HR
EVT00050156,2023-02-18,EMP02830,CC0109,PA,1,Step Increment,70450.07,CAD,CA,2023-02-19 09:00:00,PAYROLL
EVT00051226,2023-02-16,EMP01330,CC0108,EC,1,Leave Start,,EUR,FR,2023-02-17 07:00:00,PAYROLL
EVT00050795,2023-02-01,EMP00658,CC0007,IT,1,Step Increment,7830914.66,JPY,JPN,2023-02-01 07:00:00,CORE_HR
EVT00050584,2023-02-24,EMP03701,CC0069,AS,3,Step Increment,69757.58,CAD,CA,2023-02-25 08:00:00,PAYROLL
EVT00050037,2023-02-12,EMP00560,CC0001,EN,2,Departure,,CAD,CAN,2023-02-12 09:00:00,CORE_HR
EVT00050935,2023-02-23,EMP02402,CC0109,CR,5,Hire,83758.11,CAD,CA,2023-02-23 19:00:00,PAYROLL
EVT00051392,2023-02-04,EMP00572,CC0089,CR,1,Performance Pay,5269.46,CAD,CA,2023-02-05 09:00:00,PAYROLL
EVT00051389,2023-02-08,EMP02505,CC0028,EX,1,Performance Pay,7335.91,CAD,CAN,2023-02-08 18:00:00,CORE_HR
EVT00051609,2023-02-03,EMP02443,CC0105,PA,3,Leave Start,,MXN,MX,2023-02-04 01:00:00,PAYROLL
EVT00049895,2023-02-17,EMP03443,CC0068,IT,1,Hire,88477.2,CAD,CA,2023-02-18 08:00:00,PAYROLL
EVT00050609,2023-02-16,EMP03038,CC0030,EX,2,Step Increment,99182.1,SGD,SG,2023-02-17 15:00:00,PAYROLL
EVT00050940,2023-02-27,EMP03348,CC0041,AS,2,Departure,,CAD,CAN,2023-02-28 00:00:00,CORE_HR
EVT00051121,2023-02-13,EMP02122,CC0013,AS,4,Lateral Deployment,,CAD,CAN,2023-02-13 15:00:00,CORE_HR
EVT00050941,2023-02-10,EMP00313,CC0058,FI,5,Promotion,152320.24,CAD,CA,2023-02-10 20:00:00,PAYROLL
EVT00051315,2023-02-14,EMP02063,CC0003,EX,1,Step Increment,129835.15,CAD,CAN,2023-02-14 10:00:00,CORE_HR
EVT00050932,2023-02-01,EMP04334,CC0117,PA,2,Performance Pay,10127.36,CAD,CA,2023-02-01 07:00:00,PAYROLL
EVT00051470,2023-02-15,EMP04944,CC0102,EX,1,Step Increment,126111.92,CAD,CA,2023-02-16 03:00:00,PAYROLL
EVT00051187,2023-02-09,EMP01834,CC0054,PA,4,Hire,65372.37,GBP,GB,2023-02-09 07:00:00,PAYROLL
EVT00050498,2023-02-10,EMP03706,CC0050,EX,1,Step Increment,137183.63,CAD,CAN,2023-02-10 19:00:00,CORE_HR
EVT00051173,2023-02-17,EMP02886,CC0072,AS,2,Step Increment,69329.87,CAD,CAN,2023-02-17 11:00:00,CORE_HR
EVT00051589,2023-02-25,EMP01271,CC0042,AS,5,Hire,94636.77,CAD,CA,2023-02-26 07:00:00,PAYROLL
EVT00051097,2023-02-18,EMP03759,CC0025,EC,2,Promotion,91011.71,CAD,CAN,2023-02-19 00:00:00,CORE_HR
EVT00051619,2023-02-08,EMP04464,CC0015,PA,4,Leave Return,,CAD,CA,2023-02-09 14:00:00,PAYROLL
EVT00050106,2023-02-24,EMP01936,CC0100,EN,1,Departure,,CAD,CAN,2023-02-24 14:00:00,CORE_HR
EVT00051598,2023-02-20,EMP03623,CC0094,PA,3,Lateral Deployment,,CAD,CAN,2023-02-21 07:00:00,CORE_HR
EVT00051021,2023-02-21,EMP03334,CC0087,AS,2,Step Increment,72454.58,CAD,CAN,2023-02-22 13:00:00,CORE_HR
EVT00051531,2023-02-03,EMP01149,CC0085,EN,2,Leave Start,,CAD,CA,2023-02-03 20:00:00,PAYROLL
EVT00050924,2023-02-23,EMP02328,CC0005,EC,4,Step Increment,122667.95,CAD,CA,2023-02-24 14:00:00,PAYROLL
EVT00050034,2023-02-08,EMP00109,CC0065,EN,5,Promotion,111736.58,USD,US,2023-02-08 14:00:00,PAYROLL
EVT00051271,1900-01-01,EMP00754,CC0079,EX,1,Promotion,149040.39,CAD,CAN,2023-02-09 23:00:00,CORE_HR
EVT00051350,2023-02-02,EMP00887,CC0072,AS,1,Lateral Deployment,,CAD,CA,2023-02-02 06:00:00,PAYROLL
EVT00050792,2023-02-15,EMP01883,CC0002,EC,2,Step Increment,92294.78,CAD,CAN,2023-02-15 18:00:00,CORE_HR
EVT00050417,2023-02-04,EMP03670,CC0005,AS,2,Step Increment,53500.2,CAD,CA,2023-02-04 10:00:00,PAYROLL
EVT00050243,2023-02-06,EMP01543,CC0042,PA,1,Lateral Deployment,,CAD,CA,2023-02-06 16:00:00,PAYROLL
EVT00050380,2023-02-10,EMP03780,CC0104,EC,2,Leave Return,,CAD,CA,2023-02-10 09:00:00,PAYROLL
EVT00051411,2023-02-05,EMP00280,CC0043,IT,2,Step Increment,92320.67,CAD,CAN,2023-02-05 20:00:00,CORE_HR
EVT00050338,2023-02-02,EMP03505,CC0072,AS,2,Step Increment,61329.73,CAD,CA,2023-02-03 07:00:00,PAYROLL
EVT00051640,2023-02-19,EMP04562,CC0069,EN,1,Step Increment,77380.23,CAD,CA,2023-02-19 10:00:00,PAYROLL
EVT00051147,2023-02-22,EMP01539,CC0006,CR,3,Leave Return,,CAD,CAN,2023-02-23 15:00:00,CORE_HR
EVT00051581,2023-02-25,EMP01252,CC0008,EC,1,Step Increment,77205.49,CAD,CAN,2023-02-26 10:00:00,CORE_HR
EVT00050754,2023-02-01,EMP04955,CC0041,PA,3,Step Increment,83522.98,CAD,CA,2023-02-01 20:00:00,PAYROLL
EVT00050761,2023-02-18,EMP01909,CC0105,PA,3,Hire,218471.23,AED,ARE,2023-02-19 10:00:00,CORE_HR
EVT00051152,2023-02-02,EMP01338,CC0004,IT,1,Step Increment,88252.55,CAD,CAN,2023-02-02 13:00:00,CORE_HR
EVT00051429,2023-02-05,EMP01257,CC0041,AS,2,Step Increment,51730.76,CAD,CAN,2023-02-06 05:00:00,CORE_HR
EVT00051095,2023-02-23,EMP00830,CC0057,PA,1,Leave Start,,CAD,CA,2023-02-24 07:00:00,PAYROLL
EVT00051055,2023-02-17,EMP00436,CC0103,AS,1,Step Increment,69983.55,CAD,CAN,2023-02-17 06:00:00,CORE_HR
EVT00051012,2023-02-20,EMP03564,CC0035,PA,1,Leave Start,,CAD,CAN,2023-02-20 12:00:00,CORE_HR
EVT00049914,2023-02-20,EMP00148,CC0005,EC,3,Performance Pay,14286.63,CAD,CA,2023-02-20 22:00:00,PAYROLL
EVT00050756,2023-02-08,EMP03307,CC0037,IT,1,Leave Return,,CAD,CAN,2023-02-08 22:00:00,CORE_HR
EVT00051383,2023-02-13,EMP00468,CC0028,PA,2,Leave Return,,CAD,CAN,2023-02-13 18:00:00,CORE_HR
EVT00051006,2023-02-11,EMP04396,CC0116,EC,4,Hire,114455.19,CAD,CA,2023-02-11 19:00:00,PAYROLL
EVT00050087,2023-02-04,EMP01461,CC0092,FI,3,Leave Start,,CAD,CAN,2023-02-05 02:00:00,CORE_HR
EVT00051247,2023-02-01,EMP02568,CC0003,EX,2,Leave Start,,CAD,CA,2023-02-02 10:00:00,PAYROLL
EVT00051123,2023-02-06,EMP00841,CC0055,EN,5,Leave Start,,CAD,CAN,2023-02-06 23:00:00,CORE_HR
EVT00050368,2023-02-19,EMP01097,CC0068,EC,3,Step Increment,123258.45,CAD,CAN,2023-02-19 21:00:00,CORE_HR
EVT00051237,2023-02-04,EMP00232,CC0074,PA,4,Hire,253318.49,AED,ARE,2023-02-04 21:00:00,CORE_HR
EVT00050889,2023-02-20,EMP04486,CC0118,EN,4,Lateral Deployment,,CAD,CAN,2023-02-20 20:00:00,CORE_HR
EVT00051398,2023-02-22,EMP01429,CC0080,EC,3,Hire,6033472.37,INR,IND,2023-02-22 16:00:00,CORE_HR
EVT00050579,2023-02-20,EMP00738,CC0061,EX,1,Lateral Deployment,,CAD,CA,2023-02-20 15:00:00,PAYROLL
EVT00050079,2023-02-09,EMP00998,CC0039,IT,4,Performance Pay,12342.35,CAD,CAN,2023-02-09 17:00:00,CORE_HR
EVT00050642,2023-02-25,EMP01290,CC0080,AS,2,Hire,3839396.58,INR,IND,2023-02-25 21:00:00,CORE_HR
EVT00050209,2023-02-15,EMP03219,CC0003,IT,2,Step Increment,90699.62,CAD,CA,2023-02-15 19:00:00,PAYROLL
EVT00050561,2023-02-09,EMP02381,CC0080,FI,2,Leave Return,,AED,ARE,2023-02-09 14:00:00,CORE_HR
EVT00050436,2023-02-17,EMP04847,CC0114,AS,3,Performance Pay,8653.98,CAD,CA,2023-02-17 16:00:00,PAYROLL
EVT00050902,2023-02-16,EMP04577,CC0064,EC,2,Leave Start,,CAD,CAN,2023-02-16 14:00:00,CORE_HR
EVT00050364,2023-02-07,EMP00612,CC0023,FI,1,Leave Return,,CAD,CAN,2023-02-08 03:00:00,CORE_HR
EVT00051318,2023-02-25,EMP04728,CC0083,PA,3,Step Increment,77190.48,CAD,CA,2023-02-25 15:00:00,PAYROLL
EVT00050706,2023-02-23,EMP04219,CC0042,CR,1,Performance Pay,6203.67,CAD,CAN,2023-02-24 06:00:00,CORE_HR
EVT00050243,2023-02-06,EMP01543,CC0042,PA,1,Lateral Deployment,,CAD,CA,2023-02-09 09:00:00,PAYROLL
EVT00051734,2023-02-14,EMP01759,CC0028,PA,4,Hire,75283.93,CAD,CAN,2023-02-15 01:00:00,CORE_HR
EVT00051015,2023-02-05,EMP00870,CC0020,IT,4,Promotion,125110.88,CAD,CA,2023-02-06 11:00:00,PAYROLL
EVT00050875,2023-02-23,EMP04600,CC0023,PA,5,Step Increment,110479.46,CAD,CAN,2023-02-23 16:00:00,CORE_HR
EVT00051277,2023-02-02,EMP00400,CC0115,PA,2,Step Increment,77268.31,CAD,CA,2023-02-03 08:00:00,PAYROLL
EVT00050618,2023-02-13,EMP04604,CC0009,PA,3,Leave Start,,EUR,FRA,2023-02-14 12:00:00,CORE_HR
EVT00051720,2023-02-16,EMP04079,CC0064,EN,2,Performance Pay,12873.58,CAD,CA,2023-02-16 16:00:00,PAYROLL
EVT00050684,2023-02-14,EMP04204,CC0006,IT,3,Lateral Deployment,,CAD,CAN,2023-02-15 05:00:00,CORE_HR
EVT00050056,2023-02-27,EMP04309,CC0030,EN,2,Leave Start,,INR,IN,2023-02-27 15:00:00,PAYROLL
EVT00050181,2023-02-01,EMP04954,CC0009,PA,3,Step Increment,338534.63,BRL,BRA,2023-02-01 06:00:00,CORE_HR
EVT00051268,2023-02-27,EMP01173,CC0061,FI,3,Departure,,CAD,CA,2023-02-27 22:00:00,PAYROLL
EVT00050563,2023-02-27,EMP01245,CC0081,EX,1,Step Increment,129924.83,CAD,CAN,2023-02-28 01:00:00,CORE_HR
EVT00050809,2023-02-18,EMP03649,CC0044,IT,2,Performance Pay,12966.65,CAD,CAN,2023-02-18 11:00:00,CORE_HR
EVT00050418,2023-02-15,EMP04766,CC0056,FI,2,Performance Pay,3944.14,CAD,CA,2023-02-16 05:00:00,PAYROLL
EVT00051000,2023-02-11,EMP01578,CC0078,IT,4,Leave Return,,CAD,CAN,2023-02-12 00:00:00,CORE_HR
EVT00050065,2023-02-13,EMP00695,CC0087,EC,4,Step Increment,87660.37,CAD,CAN,2023-02-13 21:00:00,CORE_HR
EVT00051149,2023-02-22,EMP00835,CC0009,PA,2,Leave Return,,SGD,SGP,2023-02-22 22:00:00,CORE_HR
EVT00049979,2023-02-23,EMP00846,CC0112,IT,3,Lateral Deployment,,CAD,CA,2023-02-23 11:00:00,PAYROLL
EVT00050515,2023-02-10,EMP01446,CC0115,PA,5,Hire,105176.63,CAD,CAN,2023-02-10 21:00:00,CORE_HR
EVT00051636,2023-02-22,EMP00538,CC0060,CR,4,Step Increment,73650.34,CAD,CAN,2023-02-23 15:00:00,CORE_HR
EVT00051694,2023-02-03,EMP04268,CC0005,PA,2,Leave Start,,CAD,CAN,2023-02-04 03:00:00,CORE_HR
EVT00051680,2023-02-27,EMP02758,CC0029,AS,4,Departure,,GBP,GB,2023-02-27 21:00:00,PAYROLL
EVT00050930,2023-02-27,EMP01263,CC0067,AS,2,Step Increment,62210.64,CAD,CAN,2023-02-27 23:00:00,CORE_HR
EVT00050946,2023-02-02,EMP04274,CC0109,EC,3,Step Increment,102971.81,CAD,CAN,2023-02-03 13:00:00,CORE_HR
EVT00050400,2023-02-11,EMP03844,CC0058,IT,4,Step Increment,127663.71,CAD,CAN,2023-02-11 08:00:00,CORE_HR
EVT00050286,2023-02-01,EMP04144,CC0058,PA,3,Leave Return,,CAD,CAN,2023-02-02 00:00:00,CORE_HR
EVT00049991,2023-02-15,EMP01299,CC0045,PA,2,Departure,,CAD,CA,2023-02-16 15:00:00,PAYROLL
EVT00051307,2023-02-07,EMP02193,CC0108,FI,3,Step Increment,402192.2,BRL,BR,2023-02-08 15:00:00,PAYROLL
EVT00049876,2023-02-08,EMP01939,CC0071,IT,2,Departure,,CAD,CAN,2023-02-09 12:00:00,CORE_HR
EVT00050475,2023-02-08,EMP03569,CC0050,IT,2,Step Increment,102126.27,CAD,CA,2023-02-09 03:00:00,PAYROLL
EVT00050511,2023-02-13,EMP01172,CC0083,EN,1,Performance Pay,5140.68,CAD,CAN,2023-02-13 06:00:00,CORE_HR
EVT00049870,2023-02-15,EMP00018,CC0073,PA,5,Step Increment,96412.19,CAD,CAN,2023-02-16 06:00:00,CORE_HR
EVT00050728,2023-02-18,EMP00641,CC0103,FI,2,Leave Start,,CAD,CAN,2023-02-18 10:00:00,CORE_HR
EVT00049919,2023-02-26,EMP04350,CC0019,EX,2,Hire,175636.02,CAD,CAN,2023-02-26 20:00:00,CORE_HR
EVT00050321,2023-02-24,EMP02781,CC0053,PA,1,Step Increment,60518.29,CAD,CAN,2023-02-24 13:00:00,CORE_HR
EVT00051189,2023-02-02,EMP02120,CC0008,IT,4,Promotion,126624.38,CAD,CAN,2023-02-02 23:00:00,CORE_HR
EVT00050117,2023-02-03,EMP02853,CC0005,PA,2,Leave Start,,CAD,CAN,2023-02-03 20:00:00,CORE_HR
EVT00051667,2023-02-19,EMP01053,CC0095,PA,2,Leave Return,,CAD,CAN,2023-02-20 12:00:00,CORE_HR
EVT00051732,2023-02-11,EMP02344,CC0062,EN,3,Leave Return,,CAD,CAN,2023-02-11 06:00:00,CORE_HR
EVT00050880,2023-02-09,EMP03964,CC0114,AS,2,Step Increment,65187.63,CAD,CA,2023-02-10 10:00:00,PAYROLL
EVT00051354,2023-02-06,EMP04968,CC0026,EN,1,Lateral Deployment,,CAD,CA,2023-02-06 14:00:00,PAYROLL
EVT00051099,2023-02-13,EMP00201,CC0110,EC,1,Lateral Deployment,,CAD,CAN,2023-02-14 14:00:00,CORE_HR
EVT00051259,2023-02-20,EMP03139,CC0111,AS,1,Promotion,39009.43,EUR,FR,2023-02-21 11:00:00,PAYROLL
EVT00051336,2023-02-16,EMP02643,CC0013,PA,1,Leave Start,,CAD,CA,2023-02-17 14:00:00,PAYROLL
EVT00050789,2023-02-15,EMP01176,CC0083,AS,1,Hire,56349.31,CAD,CAN,2023-02-15 11:00:00,CORE_HR
EVT00050127,2023-02-01,EMP03782,CC0048,EX,1,Step Increment,149517.33,CAD,CAN,2023-02-01 07:00:00,CORE_HR
EVT00051587,2023-02-06,EMP03632,CC0104,EC,3,Step Increment,94846.04,CAD,CA,2023-02-06 23:00:00,PAYROLL
EVT00050280,2023-02-13,EMP03559,CC0100,CR,1,Step Increment,51756.43,CAD,CAN,2023-02-13 16:00:00,CORE_HR
EVT00050518,2023-02-10,EMP01907,CC0069,EX,2,Leave Start,,CAD,CAN,2023-02-11 11:00:00,CORE_HR
EVT00050560,2023-02-22,EMP03726,CC0026,CR,3,Performance Pay,8035.44,CAD,CAN,2023-02-22 08:00:00,CORE_HR
EVT00051177,2023-02-01,EMP04589,CC0007,AS,2,Performance Pay,374725.72,KES,KEN,2023-02-01 11:00:00,CORE_HR
EVT00051129,2023-02-26,EMP02624,CC0018,CR,2,Lateral Deployment,,CAD,CAN,2023-02-26 20:00:00,CORE_HR
EVT00050177,2023-02-20,EMP01236,CC0119,FI,5,Step Increment,131565.26,CAD,CAN,2023-02-20 17:00:00,CORE_HR
EVT00050422,2023-02-27,EMP00807,CC0027,AS,1,Leave Start,,CAD,CAN,2023-02-27 09:00:00,CORE_HR
EVT00050031,2023-02-11,EMP02032,CC0089,EC,3,Performance Pay,12465.32,CAD,CA,2023-02-11 19:00:00,PAYROLL
EVT00049982,2023-02-07,EMP03582,CC0110,AS,3,Leave Return,,CAD,CAN,2023-02-07 17:00:00,CORE_HR
EVT00051391,2023-02-16,EMP01082,CC0005,FI,5,Performance Pay,14794.69,CAD,CA,2023-02-17 08:00:00,PAYROLL
EVT00051291,2023-02-24,EMP01369,CC0015,PA,5,Step Increment,93483.56,CAD,CA,2023-02-24 13:00:00,PAYROLL
EVT00050137,2023-02-23,EMP03425,CC0090,IT,4,Step Increment,123758.99,CAD,CAN,2023-02-23 18:00:00,CORE_HR
EVT00049875,2023-02-17,EMP02265,CC0114,AS,2,Leave Start,,CAD,CA,2023-02-18 03:00:00,PAYROLL
EVT00051176,2023-02-04,EMP02851,CC0098,AS,2,Promotion,75447.8,CAD,CA,2023-02-04 09:00:00,PAYROLL
EVT00049968,2023-02-24,EMP01779,CC0020,EN,2,Leave Start,,CAD,CAN,2023-02-26 12:00:00,CORE_HR
EVT00050399,2023-02-07,EMP00050,CC0117,IT,1,Step Increment,102421.02,CAD,CAN,2023-02-08 15:00:00,CORE_HR
EVT00050193,2023-02-27,EMP04916,CC0025,EX,1,Performance Pay,13627.75,CAD,CAN,2023-02-27 10:00:00,CORE_HR
EVT00051057,2023-02-10,EMP00875,CC0008,CR,1,Step Increment,58260.23,CAD,CAN,2023-02-10 17:00:00,CORE_HR
EVT00051622,2023-02-22,EMP00653,CC0006,AS,3,Leave Return,,CAD,CAN,2023-02-22 23:00:00,CORE_HR
EVT00049900,2023-02-20,EMP03160,CC0048,IT,1,Leave Start,,CAD,CA,2023-02-21 09:00:00,PAYROLL
EVT00050318,2023-02-14,EMP04661,CC0032,PA,1,Lateral Deployment,,CAD,CA,2023-02-14 09:00:00,PAYROLL
EVT00050626,2023-02-12,EMP04347,CC0096,CR,4,Step Increment,75380.78,CAD,CAN,2023-02-13 06:00:00,CORE_HR
EVT00050292,2023-02-20,EMP04799,CC0039,EX,2,Performance Pay,9211.13,CAD,CAN,2023-02-20 09:00:00,CORE_HR
EVT00050237,2023-02-14,EMP02520,CC0107,IT,2,Performance Pay,10941.18,CAD,CAN,2023-02-14 15:00:00,CORE_HR
EVT00050468,2023-02-23,EMP03862,CC0088,EC,3,Departure,,KES,KEN,2023-02-23 06:00:00,CORE_HR
EVT00051621,2023-02-18,EMP04296,CC0076,IT,1,Leave Return,,CAD,CAN,2023-02-18 22:00:00,CORE_HR
EVT00051024,2023-02-27,EMP03118,CC0100,IT,1,Leave Start,,CAD,CAN,2023-02-28 05:00:00,CORE_HR
EVT00050723,2023-02-14,EMP02234,CC0022,EN,5,Leave Return,,CAD,CA,2023-02-15 03:00:00,PAYROLL
EVT00049958,2023-02-05,EMP00934,CC0025,CR,2,Step Increment,45368.1,CAD,CA,2023-02-05 20:00:00,PAYROLL
EVT00051709,2023-02-11,EMP01470,CC0105,IT,1,Departure,,AUD,AUS,2023-02-12 12:00:00,CORE_HR
EVT00051184,2023-02-21,EMP03269,CC0101,IT,2,Hire,99719.35,CAD,CA,2023-02-22 03:00:00,PAYROLL
EVT00050641,2023-02-04,EMP01196,CC0075,IT,3,Hire,121186.56,CAD,CA,2023-02-04 18:00:00,PAYROLL
EVT00050410,2023-02-04,EMP03742,CC0107,EN,2,Promotion,93110.41,CAD,CAN,2023-02-05 07:00:00,CORE_HR
EVT00049964,2023-02-21,EMP04051,CC0024,CR,3,Leave Return,,CAD,CAN,2023-02-22 02:00:00,CORE_HR
EVT00050500,2023-02-21,EMP04981,CC0105,EX,2,Performance Pay,24648.81,AUD,AUS,2023-02-22 01:00:00,CORE_HR
EVT00050793,2023-02-22,EMP00422,CC0115,PA,5,Lateral Deployment,,CAD,CAN,2023-02-22 18:00:00,CORE_HR
EVT00051530,2023-02-14,EMP03161,CC0116,CR,2,Leave Start,,CAD,CAN,2023-02-15 11:00:00,CORE_HR
EVT00050054,2023-02-12,EMP04585,CC0061,PA,1,Leave Start,,CAD,CAN,2023-02-13 00:00:00,CORE_HR
EVT00049915,2023-02-24,EMP03893,CC0099,EX,2,Step Increment,156586.26,CAD,CA,2023-02-25 01:00:00,PAYROLL
EVT00051301,2023-02-16,EMP01189,CC0058,EC,3,Performance Pay,14158.44,CAD,CA,2023-02-17 05:00:00,PAYROLL
EVT00050102,2023-02-27,EMP02205,CC0039,EC,1,Performance Pay,6773.98,CAD,CAN,2023-02-28 15:00:00,CORE_HR
EVT00050219,2023-02-16,EMP03084,CC0072,AS,3,Step Increment,77123.45,CAD,CA,2023-02-16 11:00:00,PAYROLL
EVT00051042,2023-02-18,EMP01686,CC0103,IT,3,Step Increment,115833.9,CAD,CAN,2023-02-19 11:00:00,CORE_HR
EVT00050958,2023-02-07,EMP04819,CC0074,IT,2,Leave Return,,MXN,MEX,2023-02-07 10:00:00,CORE_HR
EVT00051207,2023-02-04,EMP00157,CC0016,PA,3,Step Increment,84884.59,CAD,CAN,2023-02-05 02:00:00,CORE_HR
EVT00051037,2023-02-03,EMP03742,CC0107,EN,2,Step Increment,90784.65,CAD,CAN,2023-02-04 02:00:00,CORE_HR
EVT00050427,2023-02-13,EMP01520,CC0010,PA,2,Departure,,CAD,CA,2023-02-13 18:00:00,PAYROLL
EVT00050741,2023-02-05,EMP02319,CC0048,PA,3,Step Increment,62832.13,CAD,CA,2023-02-06 06:00:00,PAYROLL
EVT00049899,2023-02-25,EMP04675,CC0077,IT,2,Performance Pay,5785.57,CAD,CA,2023-02-25 06:00:00,PAYROLL
EVT00049938,2023-02-11,EMP03050,CC0017,IT,2,Performance Pay,5789.98,CAD,CAN,2023-02-12 01:00:00,CORE_HR
EVT00050959,2023-02-13,EMP04818,CC0052,PA,2,Departure,,CAD,CAN,2023-02-14 05:00:00,CORE_HR
EVT00050187,2023-02-04,EMP02628,CC0091,EC,1,Departure,,CAD,CAN,2023-02-05 07:00:00,CORE_HR
EVT00049868,2023-02-05,EMP00616,CC0016,EC,5,Leave Return,,CAD,CAN,2023-02-06 04:00:00,CORE_HR
EVT00051338,2023-02-14,EMP03940,CC0081,CR,2,Step Increment,61198.36,CAD,CAN,2023-02-15 12:00:00,CORE_HR
EVT00050103,2023-02-16,EMP02651,CC0020,PA,3,Leave Return,,CAD,CA,2023-02-16 14:00:00,PAYROLL
EVT00049850,2023-02-14,EMP00373,CC0090,PA,4,Step Increment,94736.88,CAD,CAN,2023-02-15 00:00:00,CORE_HR
EVT00051421,2023-02-19,EMP01888,CC0069,IT,3,Step Increment,101840.31,CAD,CAN,2023-02-20 11:00:00,CORE_HR
EVT00050842,2023-02-10,EMP01639,CC0079,FI,2,Leave Return,,CAD,CAN,2023-02-10 12:00:00,CORE_HR
EVT00050091,2023-02-20,EMP03261,CC0048,PA,3,Performance Pay,8039.56,CAD,CA,2023-02-21 15:00:00,PAYROLL
EVT00050671,2023-02-13,EMP01155,CC0081,FI,2,Performance Pay,8332.98,CAD,CAN,2023-02-13 07:00:00,CORE_HR
EVT00050901,2023-02-09,EMP02839,CC0071,EX,2,Step Increment,146371.6,CAD,CAN,2023-02-09 06:00:00,CORE_HR
EVT00050836,2023-02-16,EMP00157,CC0016,PA,3,Leave Start,,CAD,CA,2023-02-17 05:00:00,PAYROLL
EVT00050183,2023-02-08,EMP00208,CC0099,PA,5,Leave Start,,CAD,CAN,2023-02-09 05:00:00,CORE_HR
EVT00050320,1900-01-01,EMP03598,CC0077,EX,2,Leave Return,,CAD,CAN,2023-02-11 09:00:00,CORE_HR
EVT00050068,2023-02-16,EMP02465,CC0094,EN,4,Performance Pay,10421.25,CAD,CAN,2023-02-16 09:00:00,CORE_HR
EVT00050169,2023-02-20,EMP04972,CC0025,FI,1,Leave Return,,CAD,CA,2023-02-21 09:00:00,PAYROLL
EVT00049908,2023-02-10,EMP00954,CC0115,EN,2,Lateral Deployment,,CAD,CA,2023-02-10 12:00:00,PAYROLL
EVT00051466,2023-02-19,EMP00219,CC0096,PA,4,Departure,,CAD,CAN,2023-02-19 15:00:00,CORE_HR
EVT00050413,2023-02-27,EMP02187,CC0038,IT,4,Leave Return,,CAD,CA,2023-02-27 10:00:00,PAYROLL
EVT00050430,2023-02-22,EMP01328,CC0092,IT,4,Performance Pay,14990.94,CAD,CA,2023-02-23 14:00:00,PAYROLL
EVT00051599,2023-02-14,EMP04075,CC0101,PA,3,Performance Pay,10839.6,CAD,CA,2023-02-14 07:00:00,PAYROLL
EVT00050708,2023-02-26,EMP04420,CC0083,IT,4,Leave Start,,CAD,CAN,2023-02-27 02:00:00,CORE_HR
EVT00051141,2023-02-16,EMP01473,CC0020,IT,1,Performance Pay,9245.61,CAD,CAN,2023-02-16 08:00:00,CORE_HR
EVT00050429,2023-02-13,EMP01790,CC0037,IT,2,Leave Return,,CAD,CAN,2023-02-14 02:00:00,CORE_HR
EVT00049897,2023-02-22,EMP00660,CC0094,IT,1,Promotion,79817.16,CAD,CAN,2023-02-23 12:00:00,CORE_HR
EVT00050346,2023-02-08,EMP04399,CC0102,EN,4,Leave Start,,CAD,CA,2023-02-09 07:00:00,PAYROLL
EVT00049950,2023-02-26,EMP01529,CC0087,CR,1,Performance Pay,2678.02,CAD,CAN,2023-02-27 08:00:00,CORE_HR
EVT00051256,2023-02-13,EMP00411,CC0100,EC,3,Lateral Deployment,,CAD,CA,2023-02-15 12:00:00,PAYROLL
EVT00050624,2023-02-16,EMP03022,CC0120,IT,2,Departure,,CAD,CA,2023-02-16 09:00:00,PAYROLL
EVT00051128,2023-02-06,EMP00258,CC0034,IT,2,Leave Start,,CAD,CA,2023-02-06 22:00:00,PAYROLL
EVT00050457,2023-02-06,EMP03314,CC0020,PA,3,Step Increment,81255.28,CAD,CAN,2023-02-07 14:00:00,CORE_HR
EVT00049965,2023-02-19,EMP02390,CC0108,CR,2,Performance Pay,17204.29,AED,AE,2023-02-19 12:00:00,PAYROLL
EVT00051136,2023-02-25,EMP03271,CC0011,PA,3,Lateral Deployment,,CAD,CAN,2023-02-26 11:00:00,CORE_HR
EVT00050996,2023-02-06,EMP03625,CC0062,IT,4,Step Increment,120776.72,CAD,CA,2023-02-07 03:00:00,PAYROLL
EVT00049828,2023-02-10,EMP04449,CC0026,PA,2,Step Increment,62668.47,CAD,CAN,2023-02-11 14:00:00,CORE_HR
EVT00050002,2023-02-16,EMP01573,CC0002,EN,2,Leave Return,,CAD,CAN,2023-02-17 12:00:00,CORE_HR
EVT00050829,2023-02-20,EMP02046,CC0077,IT,5,Departure,,CAD,CAN,2023-02-21 06:00:00,CORE_HR
EVT00049861,2023-02-12,EMP03719,CC0028,EX,1,Step Increment,-150128.26,CAD,CA,2023-02-13 15:00:00,PAYROLL
EVT00051106,2023-02-24,EMP00066,CC0089,CR,2,Lateral Deployment,,CAD,CAN,2023-02-24 15:00:00,CORE_HR
EVT00051114,2023-02-13,EMP00665,CC0011,AS,1,Step Increment,48658.66,CAD,CAN,2023-02-14 10:00:00,CORE_HR
EVT00050680,2023-02-04,EMP02955,CC0028,PA,1,Lateral Deployment,,CAD,CA,2023-02-05 08:00:00,PAYROLL
EVT00051359,2023-02-23,EMP01469,CC0059,PA,4,Leave Start,,CAD,CA,2023-02-24 11:00:00,PAYROLL
EVT00050433,2023-02-03,EMP01262,CC0090,CR,2,Leave Start,,CAD,CAN,2023-02-04 09:00:00,CORE_HR
EVT00051246,2023-02-12,EMP01666,CC0018,AS,2,Leave Start,,CAD,CAN,2023-02-12 22:00:00,CORE_HR
EVT00049881,2023-02-19,EMP04505,CC0107,PA,1,Performance Pay,7939.87,CAD,CA,2023-02-20 06:00:00,PAYROLL
EVT00051494,2023-02-16,EMP03260,CC0071,EN,2,Step Increment,93757.39,CAD,CA,2023-02-16 15:00:00,PAYROLL
EVT00050565,2023-02-23,EMP04194,CC0054,IT,5,Step Increment,1633632.7,MXN,MX,2023-02-24 05:00:00,PAYROLL
EVT00050244,2023-02-14,EMP03271,CC0011,PA,3,Departure,,CAD,CA,2023-02-17 23:00:00,PAYROLL
EVT00051388,2023-02-25,EMP03666,CC0059,IT,1,Hire,84290.9,CAD,CA,2023-02-25 14:00:00,PAYROLL
EVT00051321,2023-02-10,EMP03344,CC0036,IT,2,Step Increment,97627.27,CAD,CAN,2023-02-10 16:00:00,CORE_HR
EVT00051035,2023-02-19,EMP01042,CC0015,EX,1,Departure,,CAD,CA,2023-02-19 06:00:00,PAYROLL
EVT00050179,2023-02-08,EMP02481,CC0008,AS,5,Step Increment,110113.27,CAD,CA,2023-02-08 08:00:00,PAYROLL
EVT00051313,2023-02-09,EMP02413,CC0093,EX,1,Step Increment,125248.28,CAD,CA,2023-02-09 08:00:00,PAYROLL
EVT00050870,2023-02-03,EMP04620,CC0003,EN,2,Lateral Deployment,,CAD,CAN,2023-02-04 13:00:00,CORE_HR
EVT00051652,2023-02-24,EMP00494,CC0113,EN,4,Step Increment,135332.51,CAD,CAN,2023-02-24 18:00:00,CORE_HR
EVT00050952,2023-02-07,EMP02463,CC0021,EN,1,Leave Return,,CAD,CAN,2023-02-08 06:00:00,CORE_HR
EVT00051116,2023-02-12,EMP03073,CC0006,AS,4,Promotion,65972.89,CAD,CAN,2023-02-12 10:00:00,CORE_HR
EVT00051605,2023-02-03,EMP00501,CC0006,FI,1,Departure,,CAD,CAN,2023-02-04 06:00:00,CORE_HR
EVT00050265,2023-02-18,EMP00862,CC0048,AS,1,Performance Pay,7075.34,CAD,CAN,2023-02-19 01:00:00,CORE_HR
EVT00050372,2023-02-19,EMP01918,CC0108,PA,5,Leave Start,,EUR,DEU,2023-02-19 23:00:00,CORE_HR
EVT00050098,2023-02-26,EMP01180,CC0063,EX,1,Step Increment,144155.44,CAD,CAN,2023-02-26 12:00:00,CORE_HR
EVT00050174,2023-02-23,EMP00745,CC0063,AS,5,Leave Return,,CAD,CA,2023-02-23 19:00:00,PAYROLL
EVT00050311,2023-02-24,EMP02676,CC0071,CR,4,Step Increment,71645.76,CAD,CA,2023-02-24 18:00:00,PAYROLL
EVT00051263,2023-02-25,EMP01730,CC0062,FI,2,Lateral Deployment,,CAD,CA,2023-02-26 09:00:00,PAYROLL
EVT00050145,2023-02-22,EMP02580,CC0102,AS,1,Step Increment,61597.38,CAD,CAN,2023-02-23 13:00:00,CORE_HR
EVT00051588,2023-02-01,EMP01256,CC0008,FI,3,Lateral Deployment,,CAD,CAN,2023-02-02 07:00:00,CORE_HR
EVT00050108,2023-02-18,EMP01443,CC0039,EN,2,Step Increment,92447.84,CAD,CA,2023-02-19 13:00:00,PAYROLL
EVT00051131,2023-02-12,EMP02840,CC0092,FI,1,Performance Pay,9728.17,CAD,CAN,2023-02-12 19:00:00,CORE_HR
EVT00050494,2023-02-11,EMP01974,CC0006,CR,4,Performance Pay,6329.21,CAD,CA,2023-02-11 10:00:00,PAYROLL
EVT00049818,2023-02-27,EMP00458,CC0115,EN,1,Step Increment,66034.33,CAD,CAN,2023-02-27 06:00:00,CORE_HR
EVT00050161,2023-02-21,EMP00436,CC0103,AS,1,Step Increment,55257.71,CAD,CAN,2023-02-22 01:00:00,CORE_HR
EVT00051409,2023-02-06,EMP03909,CC0057,EN,5,Departure,,CAD,CAN,2023-02-07 14:00:00,CORE_HR
EVT00049862,2023-02-10,EMP04254,CC0099,PA,2,Lateral Deployment,,CAD,CAN,2023-02-11 01:00:00,CORE_HR
EVT00050295,2023-02-24,EMP02666,CC0045,IT,3,Leave Return,,CAD,CAN,2023-02-25 09:00:00,CORE_HR
EVT00050777,2023-02-15,EMP03779,CC0032,PA,3,Lateral Deployment,,CAD,CA,2023-02-16 15:00:00,PAYROLL
EVT00050059,2023-02-04,EMP00934,CC0025,CR,2,Hire,65633.58,CAD,CA,2023-02-05 05:00:00,PAYROLL
EVT00050278,2023-02-08,EMP04934,CC0061,CR,5,Leave Return,,CAD,CAN,2023-02-08 18:00:00,CORE_HR
EVT00051332,2023-02-04,EMP00262,CC0018,FI,5,Lateral Deployment,,CAD,CAN,2023-02-05 07:00:00,CORE_HR
EVT00051224,2023-02-14,EMP00318,CC0037,AS,5,Departure,,CAD,CAN,2023-02-15 06:00:00,CORE_HR
EVT00050353,2023-02-19,EMP02154,CC0016,IT,1,Step Increment,81402.35,CAD,CA,2023-02-19 16:00:00,PAYROLL
EVT00050416,2023-02-03,EMP04130,CC0058,EC,3,Leave Start,,CAD,CA,2023-02-03 16:00:00,PAYROLL
EVT00051570,2023-02-23,EMP04414,CC0012,CR,1,Performance Pay,3209.91,CAD,CA,2023-02-23 09:00:00,PAYROLL
EVT00050937,2023-02-27,EMP00409,CC0081,IT,5,Departure,,CAD,CAN,2023-02-28 15:00:00,CORE_HR
EVT00051086,2023-02-17,EMP01315,CC0107,IT,3,Leave Start,,CAD,CA,2023-02-17 07:00:00,PAYROLL
EVT00050491,2023-02-26,EMP02257,CC0120,EX,1,Step Increment,149813.72,CAD,CA,2023-02-26 23:00:00,PAYROLL
EVT00050461,2023-02-20,EMP03946,CC0034,EC,2,Departure,,CAD,CAN,2023-02-20 08:00:00,CORE_HR
EVT00050583,2023-02-18,EMP01528,CC0094,EX,1,Leave Return,,CAD,CAN,2023-02-19 03:00:00,CORE_HR
EVT00050672,2023-02-23,EMP03088,CC0101,IT,2,Lateral Deployment,,CAD,CAN,2023-02-23 23:00:00,CORE_HR
EVT00050730,2023-02-19,EMP01385,CC0011,FI,2,Promotion,71955.48,CAD,CAN,2023-02-19 18:00:00,CORE_HR
EVT00050576,2023-02-13,EMP01505,CC0091,EC,2,Promotion,84932.92,CAD,CAN,2023-02-13 12:00:00,CORE_HR
EVT00050241,2023-02-24,EMP00707,CC0020,EN,2,Step Increment,89692.64,CAD,CAN,2023-02-24 18:00:00,CORE_HR
EVT00051696,2023-02-02,EMP02665,CC0120,CR,3,Step Increment,63814.62,CAD,CA,2023-02-02 09:00:00,PAYROLL
EVT00049833,2023-02-11,EMP03395,CC0105,EX,1,Performance Pay,9588.2,USD,USA,2023-02-11 19:00:00,CORE_HR
EVT00051704,2023-02-07,EMP02713,CC0054,PA,1,Leave Return,,AUD,AUS,2023-02-07 07:00:00,CORE_HR
EVT00051705,2023-02-15,EMP02151,CC0070,AS,2,Step Increment,69921.1,CAD,CAN,2023-02-16 02:00:00,CORE_HR
EVT00051294,2023-02-18,EMP03664,CC0100,AS,3,Lateral Deployment,,CAD,CAN,2023-02-19 10:00:00,CORE_HR
EVT00050370,2023-02-26,EMP03131,CC0102,CR,5,Leave Return,,CAD,CA,2023-02-26 11:00:00,PAYROLL
EVT00051543,2023-02-20,EMP01385,CC0011,FI,2,Leave Start,,CAD,CAN,2023-02-20 14:00:00,CORE_HR
EVT00050222,2023-02-15,EMP04081,CC0028,PA,2,Leave Start,,CAD,CAN,2023-02-16 14:00:00,CORE_HR
EVT00051489,2023-02-04,EMP03976,CC0069,EX,1,Step Increment,138251.91,CAD,CA,2023-02-05 09:00:00,PAYROLL
EVT00050282,2023-02-21,EMP04378,CC0103,EX,1,Lateral Deployment,,CAD,CAN,2023-02-22 13:00:00,CORE_HR
EVT00050628,2023-02-08,EMP04903,CC0117,PA,1,Step Increment,47234.73,CAD,CAN,2023-02-09 05:00:00,CORE_HR
EVT00050759,2023-02-09,EMP01048,CC0106,AS,2,Performance Pay,5938.82,CAD,CAN,2023-02-10 05:00:00,CORE_HR
EVT00050643,2023-02-01,EMP04689,CC0044,FI,4,Performance Pay,13460.1,CAD,CA,2023-02-02 13:00:00,PAYROLL
EVT00051222,2023-02-08,EMP04838,CC0031,EC,3,Leave Return,,SGD,SGP,2023-02-08 22:00:00,CORE_HR
EVT00050530,2023-02-24,EMP00385,CC0095,PA,2,Lateral Deployment,,CAD,CAN,2023-02-24 18:00:00,CORE_HR
EVT00051638,2023-02-04,EMP03528,CC0103,FI,2,Departure,,CAD,CA,2023-02-04 13:00:00,PAYROLL
EVT00051576,2023-02-15,EMP04020,CC0120,AS,1,Leave Start,,CAD,CAN,2023-02-15 16:00:00,CORE_HR
EVT00051046,2023-02-22,EMP00745,CC0063,AS,5,Step Increment,83689.21,CAD,CA,2023-02-23 01:00:00,PAYROLL
EVT00051594,2023-02-15,EMP04437,CC0071,EN,5,Step Increment,102106.31,CAD,CA,2023-02-15 21:00:00,PAYROLL
EVT00051068,2023-02-01,EMP02282,CC0035,EN,3,Leave Start,,CAD,CAN,2023-02-02 01:00:00,CORE_HR
EVT00051386,2023-02-10,EMP02699,CC0026,EN,1,Performance Pay,8619.68,CAD,CAN,2023-02-10 16:00:00,CORE_HR
EVT00051661,2023-02-25,EMP04177,CC0004,PA,2,Step Increment,71668.45,CAD,CAN,2023-02-25 17:00:00,CORE_HR
EVT00050291,2023-02-01,EMP04521,CC0086,EX,2,Hire,124474.03,GBP,GB,2023-02-01 14:00:00,PAYROLL
EVT00050233,2023-02-18,EMP03489,CC0032,FI,2,Leave Start,,CAD,CAN,2023-02-19 03:00:00,CORE_HR
EVT00051373,2023-02-25,EMP00127,CC0047,PA,1,Step Increment,67720.95,CAD,CA,2023-02-25 17:00:00,PAYROLL
EVT00050200,2023-02-01,EMP00507,CC0108,EC,1,Step Increment,63356.13,EUR,DEU,2023-02-01 16:00:00,CORE_HR
EVT00050877,2023-02-21,EMP01639,CC0079,FI,2,Leave Return,,CAD,CA,2023-02-21 21:00:00,PAYROLL
EVT00050721,2023-02-22,EMP00426,CC0033,AS,4,Step Increment,74769.61,CAD,CA,2023-02-22 17:00:00,PAYROLL
EVT00051580,2023-02-25,EMP04497,CC0112,PA,4,Promotion,90315.13,CAD,CA,2023-02-26 12:00:00,PAYROLL
EVT00050942,2023-02-17,EMP03371,CC0022,AS,2,Lateral Deployment,,CAD,CA,2023-02-18 01:00:00,PAYROLL
EVT00051523,2023-02-21,EMP02155,CC0114,EX,1,Performance Pay,14690.36,CAD,CAN,2023-02-22 11:00:00,CORE_HR
EVT00050674,2023-02-08,EMP03982,CC0014,EC,1,Lateral Deployment,,CAD,CA,2023-02-09 11:00:00,PAYROLL
EVT00050701,2023-02-03,EMP02869,CC0045,FI,5,Departure,,CAD,CAN,2023-02-03 11:00:00,CORE_HR
EVT00050397,2023-02-25,EMP00342,CC0020,CR,4,Leave Return,,CAD,CAN,2023-02-25 19:00:00,CORE_HR
EVT00051615,2023-02-08,EMP00649,CC0075,PA,1,Step Increment,47569.41,CAD,CAN,2023-02-08 10:00:00,CORE_HR
EVT00050570,2023-02-10,EMP00670,CC0049,IT,4,Step Increment,164992.94,AUD,AUS,2023-02-11 09:00:00,CORE_HR
EVT00051571,2023-02-14,EMP00137,CC0002,EX,2,Leave Start,,CAD,CA,2023-02-14 17:00:00,PAYROLL
EVT00049902,2023-02-12,EMP00819,CC0002,PA,4,Promotion,80645.02,CAD,CAN,2023-02-13 10:00:00,CORE_HR
EVT00050121,2023-02-23,EMP04837,CC0005,AS,5,Step Increment,82210.01,CAD,CAN,2023-02-23 12:00:00,CORE_HR
EVT00050538,2023-02-15,EMP01377,CC0064,FI,2,Step Increment,70906.91,CAD,CAN,2023-02-15 15:00:00,CORE_HR
EVT00050508,2023-02-25,EMP01020,CC0042,PA,4,Promotion,86941.9,CAD,CAN,2023-02-25 18:00:00,CORE_HR
EVT00050872,2023-02-05,EMP04576,CC0051,PA,5,Leave Return,,CAD,CA,2023-02-05 18:00:00,PAYROLL
EVT00050019,2023-02-10,EMP03895,CC0120,IT,4,Step Increment,125404.33,CAD,CAN,2023-02-11 09:00:00,CORE_HR
EVT00050788,2023-02-07,EMP03448,CC0120,IT,3,Step Increment,102613.68,CAD,CAN,2023-02-07 14:00:00,CORE_HR
EVT00051252,2023-02-20,EMP02213,CC0017,EN,2,Performance Pay,5605.58,CAD,CA,2023-02-20 14:00:00,PAYROLL
EVT00050593,2023-02-11,EMP00195,CC0055,IT,2,Step Increment,79468.75,CAD,CA,2023-02-12 00:00:00,PAYROLL
EVT00050753,2023-02-05,EMP02518,CC0086,PA,1,Leave Return,,JPY,JPN,2023-02-06 08:00:00,CORE_HR
EVT00049823,2023-02-06,EMP04807,CC0005,EC,3,Step Increment,105907.06,CAD,CA,2023-02-06 17:00:00,PAYROLL
EVT00050589,2023-02-15,EMP03138,CC0006,FI,2,Step Increment,78708.61,CAD,CAN,2023-02-18 08:00:00,CORE_HR
EVT00051460,2023-02-25,EMP04726,CC0020,AS,3,Step Increment,74140.25,CAD,CAN,2023-02-26 11:00:00,CORE_HR
EVT00051495,2023-02-17,EMP03078,CC0010,EC,1,Performance Pay,4184.04,CAD,CAN,2023-02-17 14:00:00,CORE_HR
EVT00050861,2023-02-02,EMP03378,CC0019,AS,3,Lateral Deployment,,CAD,CA,2023-02-02 13:00:00,PAYROLL
EVT00050651,2023-02-18,EMP02796,CC0071,IT,4,Lateral Deployment,,CAD,CA,2023-02-19 11:00:00,PAYROLL
EVT00051071,2023-02-15,EMP01707,CC0014,PA,1,Leave Start,,CAD,CAN,2023-02-15 23:00:00,CORE_HR
EVT00050396,2023-02-16,EMP00547,CC0118,EX,1,Performance Pay,11419.91,CAD,CAN,2023-02-16 06:00:00,CORE_HR
EVT00050405,2023-02-26,EMP03785,CC0007,AS,2,Step Increment,2815826.56,INR,IN,2023-02-26 10:00:00,PAYROLL
EVT00050384,2023-02-10,EMP03074,CC0075,PA,2,Departure,,CAD,CAN,2023-02-11 08:00:00,CORE_HR
EVT00050869,2023-02-15,EMP02980,CC0093,CR,1,Lateral Deployment,,CAD,CAN,2023-02-15 12:00:00,CORE_HR
EVT00051520,2023-02-23,EMP01967,CC0089,EX,2,Step Increment,171954.4,CAD,CA,2023-02-23 11:00:00,PAYROLL
EVT00051618,2023-02-07,EMP01530,CC0052,PA,1,Lateral Deployment,,CAD,CA,2023-02-08 14:00:00,PAYROLL
EVT00050815,2023-02-16,EMP01026,CC0072,FI,1,Step Increment,71963.81,CAD,CAN,2023-02-17 03:00:00,CORE_HR
EVT00050765,2023-02-02,EMP02114,CC0080,PA,4,Performance Pay,6591.78,EUR,DE,2023-02-03 07:00:00,PAYROLL
EVT00050455,2023-02-15,EMP01090,CC0067,AS,1,Step Increment,60243.96,CAD,CA,2023-02-16 15:00:00,PAYROLL
EVT00050950,2023-02-09,EMP02421,CC0089,CR,2,Performance Pay,8073.11,CAD,CAN,2023-02-09 23:00:00,CORE_HR
EVT00051416,1900-01-01,EMP01197,CC0067,IT,4,Leave Start,,CAD,CA,2023-02-20 04:00:00,PAYROLL
EVT00051137,2023-02-20,EMP02400,CC0069,EX,1,Leave Return,,CAD,CA,2023-02-20 16:00:00,PAYROLL
EVT00051143,2023-02-09,EMP03108,CC0019,EN,1,Hire,106737.86,CAD,CA,2023-02-10 01:00:00,PAYROLL
EVT00050567,2023-02-26,EMP01258,CC0049,PA,2,Step Increment,47592.36,GBP,GB,2023-02-26 14:00:00,PAYROLL
EVT00051632,2023-02-25,EMP00929,CC0065,AS,3,Performance Pay,33552.95,BRL,BR,2023-02-26 13:00:00,PAYROLL
EVT00050273,2023-02-07,EMP00295,CC0039,IT,2,Step Increment,104585.22,CAD,CA,2023-02-07 08:00:00,PAYROLL
EVT00050581,2023-02-24,EMP02010,CC0026,PA,1,Step Increment,60369.92,CAD,CAN,2023-02-24 17:00:00,CORE_HR
EVT00051394,2023-02-15,EMP00286,CC0007,EN,3,Leave Return,,EUR,FR,2023-02-16 10:00:00,PAYROLL
EVT00051264,2023-02-22,EMP03462,CC0097,PA,4,Step Increment,94598.81,CAD,CA,2023-02-22 16:00:00,PAYROLL
EVT00051717,2023-02-17,EMP02592,CC0059,CR,2,Lateral Deployment,,CAD,CAN,2023-02-18 03:00:00,CORE_HR
EVT00051729,2023-02-14,EMP01645,CC0004,PA,4,Step Increment,89266.48,CAD,CA,2023-02-14 17:00:00,PAYROLL
EVT00051473,2023-02-01,EMP02541,CC0114,EN,2,Leave Return,,CAD,CAN,2023-02-02 16:00:00,CORE_HR
EVT00050512,2023-02-22,EMP00770,CC0055,IT,1,Step Increment,89947.81,CAD,CA,2023-02-22 22:00:00,PAYROLL
EVT00051157,2023-02-05,EMP02960,CC0072,AS,1,Leave Start,,CAD,CAN,2023-02-05 23:00:00,CORE_HR
EVT00049917,2023-02-09,EMP01557,CC0107,IT,2,Step Increment,95698.62,CAD,CA,2023-02-09 17:00:00,PAYROLL
EVT00051089,2023-02-13,EMP03647,CC0060,PA,4,Hire,88861.54,CAD,CA,2023-02-14 02:00:00,PAYROLL
EVT00050589,2023-02-15,EMP03138,CC0006,FI,2,Step Increment,78708.61,CAD,CAN,2023-02-16 06:00:00,CORE_HR
EVT00051352,2023-02-21,EMP02255,CC0049,EC,5,Leave Return,,JPY,JP,2023-02-21 23:00:00,PAYROLL
EVT00050879,2023-02-20,EMP02224,CC0120,EX,1,Leave Return,,CAD,CA,2023-02-21 05:00:00,PAYROLL
EVT00050746,2023-02-01,EMP00341,CC0008,AS,5,Performance Pay,4463.92,CAD,CA,2023-02-02 04:00:00,PAYROLL
EVT00050040,2023-02-11,EMP04036,CC0038,EC,3,Promotion,106850.18,CAD,CA,2023-02-11 16:00:00,PAYROLL
EVT00050749,2023-02-21,EMP04826,CC0074,CR,3,Step Increment,41787.6,GBP,GBR,2023-02-22 01:00:00,CORE_HR
EVT00050729,2023-02-07,EMP03460,CC0064,PA,3,Leave Start,,CAD,CA,2023-02-07 12:00:00,PAYROLL
EVT00051044,2023-02-21,EMP04446,CC0092,EN,3,Step Increment,103343.81,CAD,CAN,2023-02-22 01:00:00,CORE_HR
EVT00050909,2023-02-26,EMP02301,CC0117,AS,1,Step Increment,63746.42,CAD,CAN,2023-02-26 17:00:00,CORE_HR
EVT00050619,2023-02-27,EMP01711,CC0023,PA,3,Leave Start,,CAD,CA,2023-02-28 10:00:00,PAYROLL
EVT00049993,2023-02-02,EMP00602,CC0057,EN,3,Leave Start,,CAD,CA,2023-02-02 10:00:00,PAYROLL
EVT00051592,2023-02-14,EMP00021,CC0052,AS,1,Step Increment,53486.2,CAD,CA,2023-02-15 01:00:00,PAYROLL
EVT00049815,2023-02-10,EMP00822,CC0035,IT,3,Step Increment,130784.98,CAD,CAN,2023-02-11 07:00:00,CORE_HR
EVT00051272,2023-02-02,EMP01220,CC0070,AS,4,Leave Start,,CAD,CA,2023-02-03 07:00:00,PAYROLL
EVT00051010,2023-02-01,EMP00085,CC0009,IT,2,Departure,,EUR,FRA,2023-02-02 01:00:00,CORE_HR
EVT00050713,2023-02-05,EMP04896,CC0113,AS,1,Leave Return,,CAD,CAN,2023-02-05 09:00:00,CORE_HR
EVT00049841,2023-02-08,EMP04662,CC0059,PA,1,Step Increment,57743.45,CAD,CAN,2023-02-08 13:00:00,CORE_HR
EVT00051092,2023-02-20,EMP00473,CC0028,EN,5,Leave Start,,CAD,CA,2023-02-20 11:00:00,PAYROLL
EVT00050962,2023-02-02,EMP00041,CC0016,EX,2,Step Increment,161119.07,CAD,CA,2023-02-03 15:00:00,PAYROLL
EVT00051645,2023-02-15,EMP04982,CC0106,IT,3,Step Increment,115530.25,CAD,CA,2023-02-16 01:00:00,PAYROLL
EVT00051681,2023-02-13,EMP00743,CC0026,FI,4,Leave Start,,CAD,CAN,2023-02-13 12:00:00,CORE_HR
EVT00050992,2023-02-23,EMP02856,CC0079,EN,4,Performance Pay,14983.46,CAD,CA,2023-02-23 22:00:00,PAYROLL
EVT00050230,2023-02-21,EMP00751,CC0117,IT,5,Leave Start,,CAD,CA,2023-02-22 10:00:00,PAYROLL
EVT00050299,2023-02-14,EMP00087,CC0119,FI,4,Leave Return,,CAD,CA,2023-02-14 17:00:00,PAYROLL
EVT00051049,2023-02-16,EMP01208,CC0032,AS,3,Step Increment,78356.75,CAD,CAN,2023-02-17 02:00:00,CORE_HR
EVT00050074,2023-02-05,EMP04552,CC0026,EN,2,Departure,,CAD,CAN,2023-02-08 07:00:00,CORE_HR
EVT00049940,2023-02-09,EMP00422,CC0115,PA,5,Step Increment,110675.25,CAD,CAN,2023-02-10 00:00:00,CORE_HR
EVT00050597,2023-02-05,EMP03100,CC0087,EC,2,Leave Start,,CAD,CA,2023-02-05 23:00:00,PAYROLL
EVT00051163,2023-02-02,EMP02299,CC0049,PA,3,Leave Return,,INR,IND,2023-02-02 21:00:00,CORE_HR
EVT00051180,2023-02-05,EMP04388,CC0095,IT,2,Step Increment,95819.9,CAD,CAN,2023-02-05 23:00:00,CORE_HR
EVT00049835,2023-02-12,EMP03132,CC0052,EX,1,Performance Pay,12407.47,CAD,CA,2023-02-12 14:00:00,PAYROLL
EVT00051631,2023-02-16,EMP04439,CC0091,PA,2,Performance Pay,10017.62,CAD,CAN,2023-02-17 05:00:00,CORE_HR
EVT00050527,2023-02-15,EMP03504,CC0108,PA,2,Step Increment,49648.28,SGD,SGP,2023-02-16 09:00:00,CORE_HR
EVT00050949,2023-02-22,EMP02815,CC0067,FI,2,Leave Return,,CAD,CAN,2023-02-23 15:00:00,CORE_HR
EVT00050542,2023-02-19,EMP02515,CC0103,EN,1,Promotion,83717.03,CAD,CAN,2023-02-19 11:00:00,CORE_HR
EVT00050922,2023-02-07,EMP00329,CC0086,IT,2,Hire,4774142.09,INR,IN,2023-02-08 00:00:00,PAYROLL
EVT00050802,2023-02-25,EMP00306,CC0061,EX,1,Departure,,CAD,CA,2023-02-25 22:00:00,PAYROLL
EVT00051088,2023-02-05,EMP04025,CC0119,AS,4,Hire,85974.81,CAD,CA,2023-02-06 05:00:00,PAYROLL
EVT00051084,2023-02-05,EMP00415,CC0120,FI,2,Performance Pay,6695.7,CAD,CAN,2023-02-05 08:00:00,CORE_HR
EVT00050893,2023-02-06,EMP02946,CC0029,FI,3,Performance Pay,1308435.44,KES,KE,2023-02-07 04:00:00,PAYROLL
EVT00051234,2023-02-14,EMP03330,CC0067,CR,1,Leave Return,,CAD,CA,2023-02-14 06:00:00,PAYROLL
EVT00050160,2023-02-12,EMP04774,CC0097,IT,4,Departure,,CAD,CA,2023-02-12 06:00:00,PAYROLL
EVT00050596,2023-02-18,EMP01971,CC0060,IT,1,Leave Return,,CAD,CAN,2023-02-19 12:00:00,CORE_HR
EVT00050140,2023-02-02,EMP02504,CC0117,AS,4,Leave Start,,CAD,CA,2023-02-03 06:00:00,PAYROLL
EVT00050988,2023-02-23,EMP03653,CC0035,PA,1,Departure,,CAD,CAN,2023-02-24 11:00:00,CORE_HR
EVT00050686,2023-02-13,EMP04191,CC0005,EN,3,Step Increment,110487.69,CAD,CAN,2023-02-14 03:00:00,CORE_HR
EVT00051544,2023-02-24,EMP00448,CC0004,CR,3,Lateral Deployment,,CAD,CAN,2023-02-24 14:00:00,CORE_HR
EVT00050404,2023-02-09,EMP01867,CC0115,CR,2,Promotion,55213.74,CAD,CA,2023-02-09 19:00:00,PAYROLL
EVT00050305,2023-02-13,EMP03532,CC0031,IT,1,Step Increment,50647.5,GBP,GB,2023-02-13 14:00:00,PAYROLL
EVT00051203,2023-02-21,EMP04822,CC0007,PA,2,Performance Pay,3028.3,USD,US,2023-02-21 22:00:00,PAYROLL
EVT00050550,2023-02-18,EMP03340,CC0118,PA,4,Step Increment,96450.74,CAD,CAN,2023-02-19 04:00:00,CORE_HR
EVT00051583,2023-02-13,EMP01282,CC0018,AS,2,Step Increment,75476.17,CAD,CAN,2023-02-14 14:00:00,CORE_HR
EVT00051285,2023-02-11,EMP01054,CC0088,AS,2,Step Increment,6113394.35,JPY,JPN,2023-02-12 11:00:00,CORE_HR
EVT00050458,2023-02-05,EMP00772,CC0035,FI,3,Step Increment,89547.87,CAD,CA,2023-02-05 17:00:00,PAYROLL
EVT00051164,2023-02-19,EMP01102,CC0036,CR,3,Leave Return,,CAD,CAN,2023-02-19 14:00:00,CORE_HR
EVT00051165,2023-02-18,EMP02541,CC0114,EN,2,Leave Start,,CAD,CAN,2023-02-19 08:00:00,CORE_HR
EVT00051080,2023-02-09,EMP03562,CC0009,PA,5,Leave Return,,AED,ARE,2023-02-10 01:00:00,CORE_HR
EVT00050205,2023-02-02,EMP00726,CC0016,EN,1,Departure,,CAD,CA,2023-02-02 07:00:00,PAYROLL
EVT00051171,2023-02-16,EMP03105,CC0002,PA,1,Leave Return,,CAD,CA,2023-02-17 02:00:00,PAYROLL
EVT00049936,2023-02-22,EMP04506,CC0021,IT,4,Leave Start,,CAD,CAN,2023-02-22 14:00:00,CORE_HR
EVT00051148,2023-02-13,EMP02369,CC0098,EN,5,Hire,141173.51,CAD,CA,2023-02-13 18:00:00,PAYROLL
EVT00050063,2023-02-14,EMP00815,CC0070,PA,4,Departure,,CAD,CA,2023-02-15 08:00:00,PAYROLL
EVT00050469,2023-02-19,EMP03561,CC0116,PA,3,Leave Start,,CAD,CAN,2023-02-20 09:00:00,CORE_HR
EVT00050790,2023-02-18,EMP00497,CC0071,AS,1,Step Increment,62262.89,CAD,CAN,2023-02-18 16:00:00,CORE_HR
EVT00051657,2023-02-22,EMP04083,CC0111,PA,2,Lateral Deployment,,JPY,JPN,2023-02-23 07:00:00,CORE_HR
EVT00051064,2023-02-14,EMP03654,CC0074,EN,2,Leave Start,,USD,USA,2023-02-15 15:00:00,CORE_HR
EVT00051469,2023-02-21,EMP01564,CC0112,EX,2,Step Increment,160912.26,CAD,CA,2023-02-21 11:00:00,PAYROLL
EVT00051496,2023-02-06,EMP00407,CC0118,AS,1,Lateral Deployment,,CAD,CA,2023-02-06 15:00:00,PAYROLL
EVT00050126,2023-02-17,EMP04103,CC0030,EX,3,Lateral Deployment,,EUR,DEU,2023-02-18 03:00:00,CORE_HR
EVT00050620,2023-02-27,EMP02584,CC0037,EX,2,Step Increment,162338.52,CAD,CAN,2023-02-28 04:00:00,CORE_HR
EVT00049820,2023-02-23,EMP01297,CC0115,PA,5,Step Increment,94984.17,CAD,CAN,2023-02-24 14:00:00,CORE_HR
EVT00050452,2023-02-05,EMP03955,CC0091,EC,2,Promotion,97473.93,CAD,CAN,2023-02-06 01:00:00,CORE_HR
EVT00051087,2023-02-17,EMP04231,CC0097,EN,2,Step Increment,97180.14,CAD,CAN,2023-02-17 07:00:00,CORE_HR
EVT00050844,2023-02-09,EMP03784,CC0031,EC,2,Performance Pay,979841.84,JPY,JP,2023-02-09 23:00:00,PAYROLL
EVT00051697,2023-02-27,EMP03389,CC0041,CR,3,Lateral Deployment,,CAD,CAN,2023-02-27 15:00:00,CORE_HR
EVT00051065,2023-02-15,EMP04276,CC0018,AS,2,Hire,67345.23,CAD,CA,2023-02-15 15:00:00,PAYROLL
EVT00050709,2023-02-19,EMP03250,CC0059,EC,4,Promotion,119333.86,CAD,CA,2023-02-19 06:00:00,PAYROLL
EVT00050757,2023-02-06,EMP01000,CC0112,IT,4,Leave Start,,CAD,CA,2023-02-06 21:00:00,PAYROLL
EVT00051719,2023-02-20,EMP00255,CC0036,AS,5,Lateral Deployment,,CAD,CA,2023-02-20 23:00:00,PAYROLL
EVT00050269,2023-02-01,EMP04342,CC0040,PA,2,Step Increment,67348.44,CAD,CAN,2023-02-01 17:00:00,CORE_HR
EVT00050572,2023-02-25,EMP04426,CC0072,FI,3,Step Increment,101273.57,CAD,CAN,2023-02-25 10:00:00,CORE_HR
EVT00050682,2023-02-10,EMP01692,CC0018,FI,2,Step Increment,80805.6,CAD,CAN,2023-02-10 14:00:00,CORE_HR
EVT00050230,2023-02-21,EMP00751,CC0117,IT,5,Leave Start,,CAD,CA,2023-02-25 04:00:00,PAYROLL
EVT00050289,2023-02-23,EMP01895,CC0082,FI,2,Lateral Deployment,,CAD,CAN,2023-02-23 22:00:00,CORE_HR
EVT00050168,2023-02-08,EMP03025,CC0108,IT,5,Lateral Deployment,,MXN,MX,2023-02-09 03:00:00,PAYROLL
EVT00050178,2023-02-23,EMP00258,CC0034,IT,2,Leave Return,,CAD,CAN,2023-02-24 07:00:00,CORE_HR
EVT00050077,2023-02-04,EMP01399,CC0027,EN,2,Performance Pay,11830.61,CAD,CA,2023-02-04 12:00:00,PAYROLL
EVT00050352,2023-02-06,EMP00474,CC0081,PA,2,Lateral Deployment,,CAD,CA,2023-02-07 08:00:00,PAYROLL
EVT00051673,2023-02-25,EMP01839,CC0116,EN,3,Step Increment,131875.83,CAD,CA,2023-02-25 14:00:00,PAYROLL
EVT00050886,2023-02-22,EMP04871,CC0105,FI,1,Performance Pay,39235.22,BRL,BR,2023-02-22 13:00:00,PAYROLL
EVT00051303,2023-02-25,EMP04073,CC0071,AS,1,Lateral Deployment,,CAD,CA,2023-02-25 17:00:00,PAYROLL
EVT00050122,2023-02-06,EMP00035,CC0068,PA,4,Performance Pay,10745.87,CAD,CAN,2023-02-06 23:00:00,CORE_HR
EVT00050393,2023-02-22,EMP00690,CC0009,IT,2,Lateral Deployment,,USD,USA,2023-02-22 08:00:00,CORE_HR
EVT00051736,2023-02-03,EMP02167,CC0007,PA,1,Leave Return,,SGD,SG,2023-02-04 10:00:00,PAYROLL
EVT00049986,2023-02-21,EMP04315,CC0016,EC,4,Leave Start,,CAD,CAN,2023-02-21 08:00:00,CORE_HR
EVT00051159,2023-02-21,EMP03475,CC0047,EN,1,Leave Return,,CAD,CAN,2023-02-21 06:00:00,CORE_HR
EVT00051351,2023-02-21,EMP00933,CC0053,PA,2,Performance Pay,8141.93,CAD,CAN,2023-02-21 19:00:00,CORE_HR
EVT00051627,2023-02-27,EMP02082,CC0010,IT,4,Step Increment,122645.7,CAD,CAN,2023-02-28 13:00:00,CORE_HR
EVT00050573,2023-02-13,EMP02398,CC0027,AS,1,Departure,,CAD,CAN,2023-02-13 08:00:00,CORE_HR
EVT00050694,2023-02-05,EMP00231,CC0103,FI,4,Step Increment,133865.85,CAD,CAN,2023-02-06 08:00:00,CORE_HR
EVT00049995,2023-02-23,EMP01606,CC0048,FI,5,Promotion,110331.23,CAD,CA,2023-02-24 07:00:00,PAYROLL
EVT00051390,2023-02-25,EMP05000,CC0031,IT,5,Step Increment,179994.36,AUD,AUS,2023-02-25 20:00:00,CORE_HR
EVT00051506,2023-02-14,EMP03865,CC0067,EC,2,Step Increment,96498.53,CAD,CA,2023-02-15 14:00:00,PAYROLL
EVT00050751,2023-02-27,EMP04473,CC0107,EN,1,Hire,70980.03,CAD,CAN,2023-02-27 11:00:00,CORE_HR
EVT00051726,2023-02-05,EMP04214,CC0099,PA,1,Lateral Deployment,,CAD,CAN,2023-02-06 03:00:00,CORE_HR
EVT00051568,2023-02-24,EMP00453,CC0063,EN,1,Step Increment,83184.47,CAD,CA,2023-02-25 02:00:00,PAYROLL
EVT00050080,2023-02-26,EMP04792,CC0020,IT,2,Step Increment,91356.7,CAD,CAN,2023-02-26 21:00:00,CORE_HR
EVT00050714,2023-02-07,EMP02744,CC0112,EC,1,Leave Return,,CAD,CAN,2023-02-08 02:00:00,CORE_HR
EVT00051325,2023-02-09,EMP01806,CC0035,EX,1,Step Increment,141099.32,CAD,CAN,2023-02-09 22:00:00,CORE_HR
EVT00050574,2023-02-12,EMP01526,CC0019,AS,2,Leave Start,,CAD,CAN,2023-02-13 08:00:00,CORE_HR
EVT00051367,2023-02-05,EMP00495,CC0085,FI,3,Departure,,CAD,CA,2023-02-05 23:00:00,PAYROLL
EVT00051474,2023-02-14,EMP02936,CC0030,FI,2,Hire,4619712.79,INR,IN,2023-02-14 10:00:00,PAYROLL
EVT00051250,2023-02-04,EMP01338,CC0004,IT,1,Leave Return,,CAD,CAN,2023-02-05 15:00:00,CORE_HR
EVT00051415,2023-02-01,EMP04645,CC0085,FI,1,Leave Return,,CAD,CAN,2023-02-02 10:00:00,CORE_HR
EVT00050614,2023-02-24,EMP02302,CC0066,PA,2,Leave Start,,CAD,CAN,2023-02-25 10:00:00,CORE_HR
EVT00050541,2023-02-22,EMP01185,CC0119,PA,1,Step Increment,62659.98,CAD,CA,2023-02-23 02:00:00,PAYROLL
EVT00050652,2023-02-08,EMP02233,CC0017,AS,4,Hire,75189.7,CAD,CA,2023-02-08 22:00:00,PAYROLL
EVT00051108,2023-02-12,EMP02387,CC0022,AS,2,Promotion,83777.25,CAD,CAN,2023-02-13 12:00:00,CORE_HR
EVT00051553,2023-02-01,EMP02817,CC0018,IT,1,Step Increment,78139.91,CAD,CA,2023-02-02 01:00:00,PAYROLL
EVT00051378,2023-02-27,EMP01240,CC0039,PA,5,Step Increment,94835.33,CAD,CAN,2023-02-28 07:00:00,CORE_HR
EVT00051483,2023-02-19,EMP04791,CC0053,IT,3,Leave Start,,CAD,CAN,2023-02-19 11:00:00,CORE_HR
EVT00051119,2023-02-20,EMP02380,CC0089,PA,1,Step Increment,66550.41,CAD,CAN,2023-02-21 08:00:00,CORE_HR
EVT00050968,2023-02-11,EMP01875,CC0030,IT,3,Performance Pay,6886.7,SGD,SGP,2023-02-12 07:00:00,CORE_HR
EVT00050697,2023-02-18,EMP01670,CC0095,PA,1,Performance Pay,8757.57,CAD,CA,2023-02-19 03:00:00,PAYROLL
EVT00050923,2023-02-11,EMP01133,CC0049,AS,2,Departure,,SGD,SG,2023-02-11 16:00:00,PAYROLL
EVT00050269,2023-02-01,EMP04342,CC0040,PA,2,Step Increment,67348.44,CAD,CAN,2023-02-01 14:00:00,CORE_HR
EVT00051366,2023-02-20,EMP03546,CC0074,EN,2,Step Increment,131553.26,AUD,AUS,2023-02-20 12:00:00,CORE_HR
EVT00051219,2023-02-04,EMP02904,CC0115,EX,1,Step Increment,149169.0,CAD,CA,2023-02-04 11:00:00,PAYROLL
EVT00050794,2023-02-19,EMP02372,CC0033,IT,5,Step Increment,150769.5,CAD,CA,2023-02-20 02:00:00,PAYROLL
EVT00051522,2023-02-19,EMP02953,CC0019,FI,2,Leave Return,,CAD,CAN,2023-02-19 22:00:00,CORE_HR
EVT00050867,2023-02-21,EMP01443,CC0039,EN,2,Step Increment,102867.68,CAD,CAN,2023-02-22 06:00:00,CORE_HR
EVT00050970,2023-02-08,EMP01596,CC0026,PA,1,Hire,59820.63,CAD,CAN,2023-02-08 23:00:00,CORE_HR
EVT00050391,2023-02-27,EMP01593,CC0089,IT,4,Step Increment,130045.93,CAD,CAN,2023-02-27 21:00:00,CORE_HR
EVT00050262,2023-02-16,EMP03779,CC0032,PA,3,Lateral Deployment,,CAD,CAN,2023-02-16 17:00:00,CORE_HR
EVT00051167,2023-02-17,EMP04425,CC0078,CR,1,Leave Start,,CAD,CAN,2023-02-18 00:00:00,CORE_HR
EVT00050196,2023-02-04,EMP00538,CC0060,CR,4,Step Increment,72476.9,CAD,CAN,2023-02-04 22:00:00,CORE_HR
EVT00050979,2023-02-16,EMP04255,CC0100,EX,1,Step Increment,138717.09,CAD,CAN,2023-02-17 03:00:00,CORE_HR
EVT00050630,2023-02-23,EMP02351,CC0109,EX,1,Leave Start,,CAD,CAN,2023-02-24 11:00:00,CORE_HR
EVT00051545,2023-02-21,EMP03962,CC0029,AS,4,Departure,,INR,IND,2023-02-22 00:00:00,CORE_HR
EVT00050775,2023-02-22,EMP03011,CC0081,FI,3,Departure,,CAD,CAN,2023-02-22 10:00:00,CORE_HR
EVT00050296,2023-02-23,EMP02851,CC0098,AS,2,Promotion,62450.55,CAD,CA,2023-02-23 15:00:00,PAYROLL
EVT00050144,2023-02-08,EMP00565,CC0110,AS,5,Promotion,89618.7,CAD,CA,2023-02-08 18:00:00,PAYROLL
EVT00049856,2023-02-05,EMP04298,CC0083,IT,1,Performance Pay,8041.3,CAD,CAN,2023-02-05 21:00:00,CORE_HR
EVT00050535,2023-02-02,EMP01451,CC0012,PA,1,Step Increment,61983.97,CAD,CA,2023-02-02 06:00:00,PAYROLL
EVT00051083,2023-02-26,EMP02940,CC0051,PA,3,Step Increment,89996.8,CAD,CAN,2023-02-27 03:00:00,CORE_HR
EVT00050750,2023-02-06,EMP00601,CC0082,FI,3,Step Increment,93168.86,CAD,CAN,2023-02-06 19:00:00,CORE_HR
EVT00049816,2023-02-21,EMP00504,CC0021,CR,2,Lateral Deployment,,CAD,CAN,2023-02-21 08:00:00,CORE_HR
EVT00049847,2023-02-19,EMP00603,CC0068,PA,2,Step Increment,78083.19,CAD,CA,2023-02-19 10:00:00,PAYROLL
EVT00050061,2023-02-23,EMP00502,CC0076,AS,3,Step Increment,73947.79,CAD,CA,2023-02-23 16:00:00,PAYROLL
EVT00050069,2023-02-12,EMP03061,CC0031,EC,2,Leave Return,,BRL,BRA,2023-02-12 14:00:00,CORE_HR
EVT00050513,2023-02-03,EMP01955,CC0026,AS,1,Leave Return,,CAD,CAN,2023-02-04 01:00:00,CORE_HR
EVT00050050,2023-02-11,EMP00619,CC0113,IT,1,Performance Pay,5036.63,CAD,CA,2023-02-12 13:00:00,PAYROLL
EVT00050678,2023-02-27,EMP04788,CC0086,AS,4,Departure,,JPY,JPN,2023-02-27 21:00:00,CORE_HR
EVT00050914,2023-02-06,EMP04419,CC0067,PA,2,Leave Return,,CAD,CAN,2023-02-07 00:00:00,CORE_HR
EVT00050256,2023-02-18,EMP00532,CC0116,EC,3,Performance Pay,11346.03,CAD,CA,2023-02-19 01:00:00,PAYROLL
EVT00050365,2023-02-26,EMP04939,CC0096,EX,1,Departure,,CAD,CA,2023-02-26 16:00:00,PAYROLL
EVT00050253,2023-02-22,EMP04343,CC0023,EN,1,Step Increment,91299.81,CAD,CA,2023-02-22 09:00:00,PAYROLL
EVT00051085,1900-01-01,EMP00394,CC0018,IT,3,Hire,106043.37,CAD,CA,2023-02-11 13:00:00,PAYROLL
EVT00050060,2023-02-24,EMP04626,CC0115,PA,1,Step Increment,74863.62,CAD,CA,2023-02-24 21:00:00,PAYROLL
EVT00049824,2023-02-04,EMP00761,CC0055,CR,2,Departure,,CAD,CA,2023-02-04 08:00:00,PAYROLL
EVT00050446,2023-02-20,EMP02315,CC0060,EN,1,Performance Pay,8926.26,CAD,CA,2023-02-20 23:00:00,PAYROLL
EVT00051212,2023-02-03,EMP02167,CC0007,PA,1,Step Increment,6663586.53,JPY,JP,2023-02-03 13:00:00,PAYROLL
EVT00050598,2023-02-05,EMP01092,CC0084,AS,4,Leave Start,,CAD,CA,2023-02-06 06:00:00,PAYROLL
EVT00051438,2023-02-11,EMP03894,CC0007,PA,2,Departure,,SGD,SG,2023-02-12 06:00:00,PAYROLL
EVT00050648,2023-02-25,EMP03412,CC0052,IT,2,Leave Start,,CAD,CAN,2023-02-25 17:00:00,CORE_HR
EVT00051235,2023-02-11,EMP01078,CC0022,FI,4,Step Increment,104728.04,CAD,CAN,2023-02-11 11:00:00,CORE_HR
EVT00050003,2023-02-08,EMP99999,CC0082,CR,3,Step Increment,63910.96,CAD,CA,2023-02-08 11:00:00,PAYROLL
EVT00051098,2023-02-17,EMP01988,CC0081,EX,3,Step Increment,140564.2,CAD,CAN,2023-02-17 17:00:00,CORE_HR
EVT00051559,2023-02-17,EMP03470,CC0107,PA,5,Step Increment,86668.39,CAD,CA,2023-02-17 08:00:00,PAYROLL
EVT00050277,2023-02-21,EMP00970,CC0090,EN,1,Lateral Deployment,,CAD,CA,2023-02-21 06:00:00,PAYROLL
EVT00051101,2023-02-24,EMP03549,CC0005,FI,4,Step Increment,111564.61,CAD,CAN,2023-02-24 10:00:00,CORE_HR
EVT00051304,2023-02-02,EMP02569,CC0096,FI,2,Lateral Deployment,,CAD,CA,2023-02-03 01:00:00,PAYROLL
EVT00051368,2023-02-11,EMP00923,CC0118,EX,1,Lateral Deployment,,CAD,CA,2023-02-11 11:00:00,PAYROLL
EVT00050142,2023-02-27,EMP00284,CC0004,FI,2,Leave Return,,CAD,CAN,2023-02-27 22:00:00,CORE_HR
EVT00050300,2023-02-13,EMP03557,CC0009,PA,2,Step Increment,6740720.3,JPY,JP,2023-02-14 12:00:00,PAYROLL
EVT00049981,2023-02-17,EMP03334,CC0087,AS,2,Step Increment,72446.51,CAD,CAN,2023-02-17 21:00:00,CORE_HR
EVT00050371,2023-02-13,EMP04089,CC0062,CR,3,Step Increment,63746.72,CAD,CAN,2023-02-13 17:00:00,CORE_HR
EVT00051513,2023-02-13,EMP00519,CC0041,EC,3,Leave Start,,CAD,CAN,2023-02-13 22:00:00,CORE_HR
EVT00051668,2023-02-10,EMP00351,CC0076,AS,3,Departure,,CAD,CAN,2023-02-10 23:00:00,CORE_HR
EVT00049952,2023-02-19,EMP01432,CC0011,EN,2,Lateral Deployment,,CAD,CA,2023-02-20 03:00:00,PAYROLL
EVT00050062,2023-02-24,EMP01617,CC0029,EX,1,Step Increment,106114.04,EUR,DE,2023-02-25 14:00:00,PAYROLL
EVT00050085,2023-02-16,EMP02185,CC0093,AS,4,Step Increment,81852.18,CAD,CA,2023-02-16 22:00:00,PAYROLL
EVT00051204,2023-02-07,EMP01490,CC0062,EN,2,Hire,107624.96,CAD,CA,2023-02-07 08:00:00,PAYROLL
EVT00051200,2023-02-25,EMP02072,CC0090,PA,2,Leave Start,,CAD,CAN,2023-02-26 07:00:00,CORE_HR
EVT00051403,2023-02-26,EMP02969,CC0022,CR,1,Leave Start,,CAD,CAN,2023-02-27 04:00:00,CORE_HR
EVT00051686,2023-02-26,EMP02673,CC0039,EN,2,Promotion,102136.12,CAD,CAN,2023-02-27 14:00:00,CORE_HR
EVT00050439,2023-02-11,EMP02313,CC0087,EC,3,Step Increment,109683.28,CAD,CA,2023-02-12 01:00:00,PAYROLL
EVT00050838,2023-02-27,EMP04580,CC0110,CR,4,Leave Return,,CAD,CAN,2023-02-27 14:00:00,CORE_HR
EVT00050247,2023-02-05,EMP02383,CC0118,PA,2,Step Increment,69024.19,CAD,CAN,2023-02-08 12:00:00,CORE_HR
EVT00051067,2023-02-09,EMP01488,CC0026,PA,1,Leave Start,,CAD,CA,2023-02-10 12:00:00,PAYROLL
EVT00051151,2023-02-04,EMP02250,CC0066,AS,2,Leave Return,,CAD,CA,2023-02-04 06:00:00,PAYROLL
EVT00051641,2023-02-08,EMP01671,CC0064,PA,5,Departure,,CAD,CAN,2023-02-09 04:00:00,CORE_HR
EVT00049885,2023-02-06,EMP02618,CC0037,EN,4,Lateral Deployment,,CAD,CAN,2023-02-06 21:00:00,CORE_HR
EVT00050854,2023-02-10,EMP01787,CC0060,IT,4,Lateral Deployment,,CAD,CAN,2023-02-11 01:00:00,CORE_HR
EVT00050486,2023-02-20,EMP04935,CC0054,AS,1,Leave Start,,BRL,BRA,2023-02-21 01:00:00,CORE_HR
EVT00051317,2023-02-21,EMP04228,CC0005,EN,4,Leave Start,,CAD,CA,2023-02-21 18:00:00,PAYROLL
EVT00050588,2023-02-12,EMP01090,CC0067,AS,1,Leave Return,,CAD,CA,2023-02-13 08:00:00,PAYROLL
EVT00050658,2023-02-04,EMP00245,CC0046,PA,1,Departure,,AED,AE,2023-02-05 04:00:00,PAYROLL
EVT00050150,2023-02-04,EMP00335,CC0014,CR,2,Step Increment,60252.81,CAD,CAN,2023-02-05 12:00:00,CORE_HR
EVT00050820,2023-02-24,EMP00383,CC0110,EX,1,Promotion,131887.85,CAD,CA,2023-02-25 06:00:00,PAYROLL
EVT00050978,2023-02-16,EMP01526,CC0019,AS,2,Step Increment,62521.97,CAD,CA,2023-02-17 15:00:00,PAYROLL
EVT00051439,2023-02-17,EMP03865,CC0067,EC,2,Leave Start,,CAD,CAN,2023-02-18 00:00:00,CORE_HR
EVT00051296,2023-02-03,EMP00028,CC0067,EC,1,Step Increment,80924.9,CAD,CAN,2023-02-03 10:00:00,CORE_HR
EVT00050891,2023-02-25,EMP03709,CC0025,IT,1,Step Increment,86445.0,CAD,CA,2023-02-25 23:00:00,PAYROLL
EVT00051185,2023-02-14,EMP01170,CC0088,PA,5,Step Increment,86482.12,USD,USA,2023-02-14 06:00:00,CORE_HR
EVT00050100,2023-02-13,EMP00450,CC0103,IT,5,Leave Start,,CAD,CAN,2023-02-14 05:00:00,CORE_HR
EVT00050855,1900-01-01,EMP00420,CC0101,AS,5,Lateral Deployment,,CAD,CA,2023-02-15 13:00:00,PAYROLL
EVT00050853,2023-02-16,EMP01126,CC0090,IT,1,Hire,76349.95,CAD,CA,2023-02-17 00:00:00,PAYROLL
EVT00050918,2023-02-08,EMP00308,CC0119,AS,2,Hire,59830.28,CAD,CA,2023-02-08 23:00:00,PAYROLL
EVT00051265,2023-02-21,EMP01168,CC0043,FI,2,Leave Return,,CAD,CA,2023-02-22 08:00:00,PAYROLL
EVT00050881,2023-02-13,EMP03699,CC0017,AS,1,Hire,62526.1,CAD,CA,2023-02-13 22:00:00,PAYROLL
EVT00050304,2023-02-12,EMP01711,CC0023,PA,3,Leave Return,,CAD,CAN,2023-02-12 22:00:00,CORE_HR
EVT00050644,2023-02-08,EMP01679,CC0111,PA,1,Lateral Deployment,,KES,KEN,2023-02-08 10:00:00,CORE_HR
EVT00051623,2023-02-18,EMP01140,CC0049,IT,1,Performance Pay,15285.76,BRL,BRA,2023-02-18 08:00:00,CORE_HR
EVT00051133,2023-02-09,EMP03810,CC0038,FI,4,Step Increment,115073.26,CAD,CAN,2023-02-10 01:00:00,CORE_HR
EVT00050556,2023-02-24,EMP02230,CC0046,EX,2,Step Increment,202777.42,AUD,AUS,2023-02-25 07:00:00,CORE_HR
EVT00050120,2023-02-11,EMP04222,CC0047,IT,1,Lateral Deployment,,CAD,CA,2023-02-11 20:00:00,PAYROLL
EVT00050167,2023-02-01,EMP04306,CC0016,EC,3,Step Increment,129072.86,CAD,CA,2023-02-01 12:00:00,PAYROLL
EVT00050808,2023-02-01,EMP99999,CC0083,PA,1,Hire,62265.74,CAD,CAN,2023-02-01 19:00:00,CORE_HR
EVT00050303,2023-02-22,EMP02376,CC0095,IT,2,Lateral Deployment,,CAD,CA,2023-02-23 22:00:00,PAYROLL
EVT00050360,2023-02-16,EMP01833,CC0001,EC,1,Leave Start,,CAD,CA,2023-02-17 15:00:00,PAYROLL
EVT00051048,2023-02-26,EMP00587,CC0092,IT,1,Leave Return,,CAD,CA,2023-02-26 22:00:00,PAYROLL
EVT00051472,2023-02-23,EMP01204,CC0007,IT,3,Leave Return,,KES,KEN,2023-02-23 07:00:00,CORE_HR
EVT00050766,2023-02-05,EMP04236,CC0080,IT,2,Performance Pay,3751.53,EUR,FRA,2023-02-08 00:00:00,CORE_HR
EVT00051557,2023-02-25,EMP01633,CC0115,EC,2,Step Increment,81262.42,CAD,CAN,2023-02-26 15:00:00,CORE_HR
EVT00050024,2023-02-20,EMP01250,CC0029,PA,2,Leave Return,,EUR,DEU,2023-02-20 12:00:00,CORE_HR
EVT00051493,2023-02-15,EMP00205,CC0115,IT,2,Step Increment,102525.91,CAD,CAN,2023-02-15 20:00:00,CORE_HR
EVT00050938,2023-02-13,EMP03316,CC0009,EX,1,Leave Start,,AUD,AU,2023-02-14 14:00:00,PAYROLL
EVT00051380,2023-02-08,EMP02774,CC0002,EN,1,Leave Start,,CAD,CA,2023-02-08 06:00:00,PAYROLL
EVT00050238,2023-02-18,EMP01468,CC0102,EC,4,Lateral Deployment,,CAD,CA,2023-02-19 09:00:00,PAYROLL
EVT00050939,2023-02-02,EMP01832,CC0025,IT,3,Step Increment,110481.16,CAD,CAN,2023-02-03 01:00:00,CORE_HR
EVT00050758,2023-02-02,EMP00215,CC0061,IT,3,Step Increment,115522.51,CAD,CAN,2023-02-02 10:00:00,CORE_HR
EVT00050067,2023-02-11,EMP03429,CC0058,AS,5,Hire,85507.23,CAD,CA,2023-02-11 08:00:00,PAYROLL
EVT00050020,2023-02-17,EMP02297,CC0016,EC,2,Departure,,CAD,CA,2023-02-18 13:00:00,PAYROLL
EVT00050780,2023-02-24,EMP01283,CC0089,AS,3,Performance Pay,3518.17,CAD,CAN,2023-02-25 15:00:00,CORE_HR
EVT00050966,2023-02-24,EMP03487,CC0053,PA,3,Performance Pay,6394.03,CAD,CAN,2023-02-25 08:00:00,CORE_HR
EVT00051308,2023-02-14,EMP04378,CC0103,EX,1,Step Increment,146928.52,CAD,CAN,2023-02-14 13:00:00,CORE_HR
EVT00051689,2023-02-17,EMP04074,CC0054,PA,5,Step Increment,73166.67,USD,US,2023-02-17 21:00:00,PAYROLL
EVT00049854,2023-02-10,EMP04179,CC0108,IT,3,Lateral Deployment,,EUR,FRA,2023-02-11 11:00:00,CORE_HR
EVT00050524,2023-02-04,EMP02460,CC0068,PA,2,Step Increment,76661.84,CAD,CA,2023-02-04 14:00:00,PAYROLL
EVT00051491,2023-02-13,EMP00305,CC0056,EX,1,Lateral Deployment,,CAD,CA,2023-02-13 07:00:00,PAYROLL
EVT00050604,2023-02-13,EMP02877,CC0029,EN,4,Leave Start,,JPY,JPN,2023-02-14 11:00:00,CORE_HR
EVT00050357,2023-02-03,EMP00451,CC0047,FI,2,Hire,79565.29,CAD,CAN,2023-02-03 07:00:00,CORE_HR
EVT00050625,2023-02-04,EMP01327,CC0059,EC,5,Step Increment,131686.88,CAD,CA,2023-02-05 08:00:00,PAYROLL
EVT00050038,2023-02-13,EMP04521,CC0086,EX,2,Step Increment,128433.38,EUR,DE,2023-02-17 01:00:00,PAYROLL
EVT00050957,2023-02-18,EMP00062,CC0011,IT,1,Performance Pay,11242.49,CAD,CAN,2023-02-18 15:00:00,CORE_HR
EVT00051426,2023-02-07,EMP01121,CC0070,CR,1,Step Increment,58347.87,CAD,CAN,2023-02-08 06:00:00,CORE_HR
EVT00051613,2023-02-15,EMP00606,CC0027,PA,1,Step Increment,63121.25,CAD,CAN,2023-02-16 11:00:00,CORE_HR
EVT00051508,2023-02-01,EMP03766,CC0096,CR,4,Lateral Deployment,,CAD,CA,2023-02-01 16:00:00,PAYROLL
EVT00050801,2023-02-10,EMP04750,CC0066,EN,4,Leave Return,,CAD,CAN,2023-02-10 16:00:00,CORE_HR
EVT00051331,2023-02-11,EMP04719,CC0035,IT,5,Leave Return,,CAD,CAN,2023-02-12 05:00:00,CORE_HR
EVT00050766,2023-02-05,EMP04236,CC0080,IT,2,Performance Pay,3751.53,EUR,FRA,2023-02-06 10:00:00,CORE_HR
EVT00050813,2023-02-03,EMP00160,CC0075,PA,1,Step Increment,66280.76,CAD,CA,2023-02-03 09:00:00,PAYROLL
EVT00050378,2023-02-22,EMP04774,CC0097,IT,4,Leave Return,,CAD,CAN,2023-02-22 08:00:00,CORE_HR
EVT00050211,2023-02-25,EMP01475,CC0105,CR,3,Performance Pay,5913.66,GBP,GBR,2023-02-25 16:00:00,CORE_HR
EVT00050851,2023-02-17,EMP04934,CC0061,CR,5,Performance Pay,7770.75,CAD,CA,2023-02-18 06:00:00,PAYROLL
EVT00050046,2023-02-26,EMP01054,CC0088,AS,2,Performance Pay,296819.38,JPY,JPN,2023-02-26 20:00:00,CORE_HR
EVT00050094,2023-02-22,EMP02751,CC0068,FI,3,Leave Start,,CAD,CAN,2023-02-22 11:00:00,CORE_HR
EVT00049920,2023-02-20,EMP04067,CC0097,PA,1,Leave Start,,CAD,CA,2023-02-20 14:00:00,PAYROLL
EVT00051349,2023-02-11,EMP02776,CC0005,IT,2,Leave Start,,CAD,CA,2023-02-11 06:00:00,PAYROLL
EVT00050315,2023-02-04,EMP04850,CC0010,AS,2,Lateral Deployment,,CAD,CA,2023-02-05 09:00:00,PAYROLL
EVT00051188,2023-02-06,EMP04617,CC0049,AS,3,Step Increment,3744261.14,INR,IND,2023-02-07 08:00:00,CORE_HR
EVT00050423,2023-02-26,EMP04194,CC0054,IT,5,Lateral Deployment,,KES,KEN,2023-02-26 23:00:00,CORE_HR
EVT00050737,2023-02-06,EMP02908,CC0118,IT,2,Performance Pay,5106.38,CAD,CA,2023-02-07 06:00:00,PAYROLL
EVT00050058,2023-02-20,EMP02845,CC0008,PA,1,Lateral Deployment,,CAD,CA,2023-02-21 05:00:00,PAYROLL
EVT00051326,2023-02-17,EMP04998,CC0117,EN,3,Lateral Deployment,,CAD,CAN,2023-02-17 16:00:00,CORE_HR
EVT00051118,2023-02-24,EMP03339,CC0007,AS,1,Performance Pay,4097.47,GBP,GBR,2023-02-24 21:00:00,CORE_HR
EVT00050833,2023-02-16,EMP03706,CC0050,EX,1,Leave Return,,CAD,CA,2023-02-16 07:00:00,PAYROLL
EVT00050432,2023-02-02,EMP02813,CC0005,CR,3,Promotion,68542.78,CAD,CAN,2023-02-03 14:00:00,CORE_HR
EVT00049846,2023-02-12,EMP04359,CC0086,EX,2,Step Increment,16853684.74,KES,KE,2023-02-12 06:00:00,PAYROLL
EVT00051172,2023-02-08,EMP02134,CC0116,EN,2,Step Increment,100129.74,CAD,CA,2023-02-09 07:00:00,PAYROLL
EVT00051102,2023-02-11,EMP02511,CC0079,EN,2,Step Increment,101091.95,CAD,CA,2023-02-12 13:00:00,PAYROLL
EVT00051635,2023-02-01,EMP01839,CC0116,EN,3,Hire,109655.61,CAD,CAN,2023-02-01 07:00:00,CORE_HR
EVT00051063,2023-02-07,EMP02028,CC0076,AS,1,Lateral Deployment,,CAD,CAN,2023-02-07 11:00:00,CORE_HR
EVT00051360,2023-02-25,EMP00200,CC0105,AS,2,Leave Start,,AED,AE,2023-02-25 08:00:00,PAYROLL
EVT00050772,2023-02-06,EMP01510,CC0036,PA,4,Leave Start,,CAD,CAN,2023-02-07 00:00:00,CORE_HR
EVT00050089,2023-02-17,EMP01276,CC0077,IT,3,Hire,92186.44,CAD,CAN,2023-02-17 11:00:00,CORE_HR
EVT00050849,2023-02-18,EMP02925,CC0021,PA,4,Step Increment,97586.98,CAD,CAN,2023-02-19 12:00:00,CORE_HR
EVT00050242,2023-02-18,EMP04309,CC0030,EN,2,Leave Start,,EUR,FRA,2023-02-18 17:00:00,CORE_HR
EVT00050911,2023-02-27,EMP03185,CC0021,IT,4,Performance Pay,12571.52,CAD,CAN,2023-02-28 13:00:00,CORE_HR
EVT00049843,2023-02-12,EMP03180,CC0062,AS,2,Step Increment,67390.8,CAD,CAN,2023-02-12 20:00:00,CORE_HR
EVT00049901,2023-02-09,EMP00817,CC0058,AS,5,Hire,88463.32,CAD,CAN,2023-02-09 19:00:00,CORE_HR
EVT00050621,2023-02-09,EMP00692,CC0024,EN,1,Leave Return,,CAD,CAN,2023-02-10 06:00:00,CORE_HR
EVT00050131,2023-02-04,EMP02373,CC0078,AS,4,Step Increment,64316.41,CAD,CAN,2023-02-05 15:00:00,CORE_HR
EVT00050517,2023-02-04,EMP02787,CC0055,PA,1,Step Increment,61933.12,CAD,CAN,2023-02-05 02:00:00,CORE_HR
EVT00051316,2023-02-14,EMP99999,CC0116,CR,1,Lateral Deployment,,CAD,CA,2023-02-15 14:00:00,PAYROLL
EVT00050180,2023-02-11,EMP04154,CC0029,EX,2,Step Increment,7314663.06,INR,IND,2023-02-11 15:00:00,CORE_HR
EVT00049886,2023-02-19,EMP00022,CC0064,EX,3,Performance Pay,16135.14,CAD,CAN,2023-02-19 07:00:00,CORE_HR
EVT00050565,2023-02-23,EMP04194,CC0054,IT,5,Step Increment,1633632.7,MXN,MX,2023-02-26 23:00:00,PAYROLL
EVT00050655,2023-02-24,EMP00688,CC0109,IT,2,Performance Pay,11019.72,CAD,CA,2023-02-24 19:00:00,PAYROLL
EVT00049822,2023-02-09,EMP00392,CC0017,EC,5,Promotion,119582.87,CAD,CAN,2023-02-09 19:00:00,CORE_HR
EVT00050075,2023-02-09,EMP00496,CC0028,PA,2,Hire,68923.61,CAD,CAN,2023-02-10 08:00:00,CORE_HR
EVT00051278,2023-02-14,EMP03299,CC0112,EX,2,Step Increment,166538.74,CAD,CA,2023-02-14 07:00:00,PAYROLL
EVT00049882,2023-02-05,EMP01585,CC0045,EC,3,Lateral Deployment,,CAD,CA,2023-02-05 10:00:00,PAYROLL
EVT00051026,2023-02-20,EMP00044,CC0011,CR,3,Leave Return,,CAD,CAN,2023-02-23 14:00:00,CORE_HR
EVT00051182,2023-02-15,EMP04058,CC0076,IT,4,Leave Start,,CAD,CA,2023-02-16 02:00:00,PAYROLL
EVT00050115,2023-02-26,EMP01977,CC0023,IT,2,Lateral Deployment,,CAD,CAN,2023-02-27 03:00:00,CORE_HR
EVT00051362,2023-02-19,EMP03854,CC0043,FI,3,Lateral Deployment,,CAD,CAN,2023-02-19 19:00:00,CORE_HR
EVT00050786,2023-02-09,EMP04016,CC0001,AS,1,Step Increment,62370.27,CAD,CAN,2023-02-10 09:00:00,CORE_HR
EVT00051258,2023-02-11,EMP01366,CC0026,PA,3,Step Increment,85676.05,CAD,CA,2023-02-12 09:00:00,PAYROLL
EVT00050762,2023-02-27,EMP03604,CC0062,PA,4,Leave Return,,CAD,CA,2023-02-28 02:00:00,PAYROLL
EVT00050412,2023-02-11,EMP00656,CC0003,PA,3,Lateral Deployment,,CAD,CAN,2023-02-12 01:00:00,CORE_HR
EVT00050335,2023-02-22,EMP01112,CC0005,AS,2,Step Increment,64589.07,CAD,CA,2023-02-23 00:00:00,PAYROLL
EVT00050323,2023-02-05,EMP01754,CC0007,EX,2,Step Increment,7957522.64,INR,IND,2023-02-06 14:00:00,CORE_HR
EVT00051512,2023-02-21,EMP03098,CC0015,IT,2,Performance Pay,10856.65,CAD,CAN,2023-02-22 10:00:00,CORE_HR
EVT00051335,2023-02-18,EMP01513,CC0111,AS,1,Leave Return,,USD,US,2023-02-19 04:00:00,PAYROLL
EVT00051334,2023-02-10,EMP03968,CC0014,PA,3,Leave Start,,CAD,CA,2023-02-11 11:00:00,PAYROLL
EVT00050053,2023-02-21,EMP01380,CC0019,PA,2,Step Increment,75028.24,CAD,CA,2023-02-21 15:00:00,PAYROLL
EVT00051501,2023-02-16,EMP01245,CC0081,EX,1,Lateral Deployment,,CAD,CA,2023-02-17 01:00:00,PAYROLL
EVT00050274,2023-02-06,EMP01086,CC0043,EC,2,Step Increment,82988.04,CAD,CAN,2023-02-06 08:00:00,CORE_HR
EVT00051451,2023-02-16,EMP04644,CC0027,CR,4,Step Increment,91556.78,CAD,CA,2023-02-16 18:00:00,PAYROLL
EVT00050206,2023-02-06,EMP04023,CC0043,PA,2,Step Increment,73885.37,CAD,CAN,2023-02-07 02:00:00,CORE_HR
EVT00049974,2023-02-04,EMP02501,CC0002,EN,2,Promotion,98331.99,CAD,CAN,2023-02-04 14:00:00,CORE_HR
EVT00049845,2023-02-25,EMP01755,CC0047,PA,4,Step Increment,85262.49,CAD,CA,2023-02-26 14:00:00,PAYROLL
EVT00050985,2023-02-27,EMP01429,CC0080,EC,3,Performance Pay,11007.41,AUD,AU,2023-02-27 23:00:00,PAYROLL
EVT00050266,2023-02-21,EMP02571,CC0070,PA,4,Leave Return,,CAD,CA,2023-02-22 04:00:00,PAYROLL
EVT00050376,2023-02-11,EMP01617,CC0029,EX,1,Leave Start,,USD,US,2023-02-12 03:00:00,PAYROLL
EVT00050526,2023-02-25,EMP01243,CC0074,FI,3,Step Increment,232151.89,AED,AE,2023-02-25 18:00:00,PAYROLL
EVT00050936,2023-02-13,EMP04861,CC0014,PA,4,Step Increment,85895.12,CAD,CA,2023-02-13 19:00:00,PAYROLL
EVT00050001,2023-02-11,EMP03490,CC0026,FI,1,Lateral Deployment,,CAD,CAN,2023-02-12 11:00:00,CORE_HR
EVT00050980,2023-02-08,EMP00108,CC0119,PA,2,Departure,,CAD,CA,2023-02-08 18:00:00,PAYROLL
EVT00050524,2023-02-04,EMP02460,CC0068,PA,2,Step Increment,76661.84,CAD,CA,2023-02-05 17:00:00,PAYROLL
EVT00051579,2023-02-04,EMP01531,CC0112,FI,4,Performance Pay,11958.15,CAD,CAN,2023-02-04 12:00:00,CORE_HR
EVT00051590,2023-02-25,EMP01346,CC0093,IT,5,Lateral Deployment,,CAD,CAN,2023-02-26 04:00:00,CORE_HR
EVT00050249,2023-02-22,EMP04861,CC0014,PA,4,Promotion,92757.89,CAD,CA,2023-02-22 18:00:00,PAYROLL
EVT00050704,2023-02-16,EMP00251,CC0084,FI,4,Step Increment,116972.4,CAD,CAN,2023-02-17 15:00:00,CORE_HR
EVT00050591,2023-02-20,EMP02893,CC0109,CR,4,Leave Return,,CAD,CAN,2023-02-20 20:00:00,CORE_HR
EVT00050450,2023-02-17,EMP04987,CC0102,EN,3,Lateral Deployment,,CAD,CAN,2023-02-17 13:00:00,CORE_HR
EVT00050577,2023-02-16,EMP00477,CC0061,IT,2,Step Increment,106167.24,CAD,CA,2023-02-17 05:00:00,PAYROLL
EVT00051074,2023-02-25,EMP03820,CC0115,PA,4,Promotion,93111.94,CAD,CA,2023-02-26 12:00:00,PAYROLL
EVT00051347,2023-02-13,EMP00967,CC0040,EX,1,Step Increment,125706.25,CAD,CAN,2023-02-14 06:00:00,CORE_HR
EVT00051181,2023-02-27,EMP04293,CC0014,CR,1,Lateral Deployment,,CAD,CAN,2023-02-27 17:00:00,CORE_HR
EVT00050617,2023-02-07,EMP00216,CC0041,CR,1,Lateral Deployment,,CAD,CA,2023-02-08 06:00:00,PAYROLL
EVT00051449,2023-02-25,EMP03445,CC0046,PA,2,Step Increment,61877.94,USD,USA,2023-02-26 06:00:00,CORE_HR
EVT00050334,2023-02-12,EMP03255,CC0003,IT,2,Step Increment,106478.1,CAD,CA,2023-02-12 21:00:00,PAYROLL
EVT00051082,2023-02-13,EMP01988,CC0081,EX,3,Lateral Deployment,,CAD,CA,2023-02-14 04:00:00,PAYROLL
EVT00050645,2023-02-10,EMP04926,CC0029,EC,2,Performance Pay,30923.39,AED,AE,2023-02-11 06:00:00,PAYROLL
EVT00050821,2023-02-23,EMP03473,CC0037,CR,3,Leave Start,,CAD,CAN,2023-02-25 21:00:00,CORE_HR
EVT00050484,2023-02-21,EMP01561,CC0060,EC,5,Step Increment,127362.58,CAD,CAN,2023-02-21 15:00:00,CORE_HR
EVT00051011,2023-02-03,EMP04602,CC0051,AS,1,Step Increment,59289.06,CAD,CA,2023-02-03 18:00:00,PAYROLL
EVT00051412,2023-02-03,EMP01007,CC0019,IT,1,Step Increment,91490.88,CAD,CAN,2023-02-04 14:00:00,CORE_HR
EVT00051487,2023-02-16,EMP02996,CC0114,PA,5,Step Increment,105426.03,CAD,CAN,2023-02-16 19:00:00,CORE_HR
EVT00051319,2023-02-14,EMP00009,CC0118,IT,1,Performance Pay,10216.1,CAD,CAN,2023-02-15 06:00:00,CORE_HR
EVT00050621,2023-02-09,EMP00692,CC0024,EN,1,Leave Return,,CAD,CAN,2023-02-11 17:00:00,CORE_HR
EVT00050267,2023-02-27,EMP00404,CC0101,CR,2,Hire,59556.47,CAD,CAN,2023-02-27 17:00:00,CORE_HR
EVT00051002,2023-02-08,EMP03120,CC0094,FI,1,Departure,,CAD,CAN,2023-02-09 00:00:00,CORE_HR
EVT00051417,2023-02-11,EMP00482,CC0111,PA,1,Lateral Deployment,,EUR,FRA,2023-02-12 14:00:00,CORE_HR
EVT00049844,2023-02-13,EMP01930,CC0041,IT,1,Performance Pay,9613.88,CAD,CAN,2023-02-14 06:00:00,CORE_HR
EVT00050302,2023-02-17,EMP01232,CC0068,PA,2,Performance Pay,9769.87,CAD,CAN,2023-02-18 01:00:00,CORE_HR
EVT00051098,2023-02-17,EMP01988,CC0081,EX,3,Step Increment,140564.2,CAD,CAN,2023-02-17 16:00:00,CORE_HR
EVT00049937,2023-02-26,EMP03108,CC0019,EN,1,Lateral Deployment,,CAD,CA,2023-02-26 18:00:00,PAYROLL
EVT00050569,2023-02-16,EMP04883,CC0094,PA,1,Step Increment,67127.9,CAD,CA,2023-02-16 13:00:00,PAYROLL
EVT00050350,2023-02-09,EMP04794,CC0032,FI,2,Step Increment,83787.46,CAD,CA,2023-02-10 00:00:00,PAYROLL
EVT00050170,2023-02-12,EMP00522,CC0037,IT,4,Lateral Deployment,,CAD,CAN,2023-02-13 13:00:00,CORE_HR
EVT00049967,2023-02-08,EMP04084,CC0003,EC,2,Departure,,CAD,CA,2023-02-09 07:00:00,PAYROLL
EVT00051133,2023-02-09,EMP03810,CC0038,FI,4,Step Increment,115073.26,CAD,CAN,2023-02-09 07:00:00,CORE_HR
EVT00051676,2023-02-11,EMP00402,CC0114,IT,1,Lateral Deployment,,CAD,CA,2023-02-12 05:00:00,PAYROLL
EVT00051330,2023-02-17,EMP00151,CC0001,EX,1,Performance Pay,10539.94,XXX,CA,2023-02-17 21:00:00,PAYROLL
EVT00051521,2023-02-25,EMP01031,CC0108,EX,2,Leave Start,,AUD,AU,2023-02-25 11:00:00,PAYROLL
EVT00050927,2023-02-18,EMP03133,CC0024,FI,1,Leave Return,,CAD,CAN,2023-02-18 08:00:00,CORE_HR
EVT00050146,2023-02-13,EMP02381,CC0080,FI,2,Promotion,4210634.17,INR,IND,2023-02-14 07:00:00,CORE_HR
EVT00051342,2023-02-07,EMP00554,CC0021,CR,5,Step Increment,73716.9,CAD,CAN,2023-02-07 11:00:00,CORE_HR
EVT00050545,2023-02-25,EMP03518,CC0035,EX,1,Performance Pay,12292.51,CAD,CA,2023-02-25 19:00:00,PAYROLL
EVT00050566,2023-02-01,EMP03284,CC0092,EN,3,Promotion,142462.66,CAD,CAN,2023-02-02 10:00:00,CORE_HR
EVT00050703,2023-02-18,EMP02878,CC0018,AS,2,Step Increment,61374.0,CAD,CAN,2023-02-19 12:00:00,CORE_HR
EVT00051127,2023-02-21,EMP04453,CC0114,PA,5,Leave Return,,CAD,CAN,2023-02-21 07:00:00,CORE_HR
EVT00050816,2023-02-16,EMP01735,CC0096,FI,1,Promotion,68509.25,CAD,CAN,2023-02-17 10:00:00,CORE_HR
EVT00051209,2023-02-02,EMP04652,CC0044,PA,1,Step Increment,67463.63,CAD,CAN,2023-02-03 15:00:00,CORE_HR
EVT00050894,2023-02-13,EMP04191,CC0005,EN,3,Step Increment,91573.56,CAD,CAN,2023-02-13 19:00:00,CORE_HR
EVT00050781,2023-02-27,EMP04503,CC0081,FI,1,Leave Return,,CAD,CA,2023-02-28 08:00:00,PAYROLL
EVT00050888,2023-02-09,EMP01988,CC0081,EX,3,Step Increment,175609.99,CAD,CAN,2023-02-10 13:00:00,CORE_HR
EVT00050739,2023-02-16,EMP01714,CC0063,PA,3,Leave Return,,CAD,CAN,2023-02-16 12:00:00,CORE_HR
EVT00051612,2023-02-01,EMP00972,CC0044,EN,1,Performance Pay,11700.44,CAD,CA,2023-02-02 02:00:00,PAYROLL
EVT00049944,2023-02-26,EMP01021,CC0053,EX,2,Step Increment,150933.06,CAD,CA,2023-02-27 05:00:00,PAYROLL
EVT00051395,2023-02-10,EMP04082,CC0103,IT,2,Lateral Deployment,,CAD,CAN,2023-02-11 05:00:00,CORE_HR
EVT00051239,2023-02-14,EMP01246,CC0113,EC,2,Hire,76483.13,CAD,CAN,2023-02-15 03:00:00,CORE_HR
EVT00049867,2023-02-24,EMP00064,CC0047,EN,2,Lateral Deployment,,CAD,CAN,2023-02-25 05:00:00,CORE_HR
EVT00051113,2023-02-17,EMP04717,CC0101,EN,1,Hire,90086.97,CAD,CA,2023-02-17 10:00:00,PAYROLL
EVT00050928,2023-02-13,EMP00980,CC0035,EX,1,Hire,128838.85,CAD,CA,2023-02-14 14:00:00,PAYROLL
EVT00051261,2023-02-21,EMP00305,CC0056,EX,1,Step Increment,151991.87,CAD,CA,2023-02-21 11:00:00,PAYROLL
EVT00051186,2023-02-03,EMP03254,CC0046,EX,3,Performance Pay,16578.81,EUR,FR,2023-02-04 15:00:00,PAYROLL
EVT00051536,2023-02-09,EMP00440,CC0097,EX,2,Performance Pay,18400.29,CAD,CA,2023-02-10 02:00:00,PAYROLL
EVT00050359,2023-02-07,EMP04265,CC0062,AS,4,Performance Pay,11029.02,CAD,CAN,2023-02-08 13:00:00,CORE_HR
EVT00049907,2023-02-26,EMP00532,CC0116,EC,3,Leave Return,,CAD,CAN,2023-02-27 09:00:00,CORE_HR
EVT00050251,2023-02-25,EMP02818,CC0052,AS,2,Promotion,69124.51,CAD,CA,2023-02-25 20:00:00,PAYROLL
EVT00050785,2023-02-09,EMP00752,CC0119,PA,5,Leave Start,,CAD,CA,2023-02-10 11:00:00,PAYROLL
EVT00051375,2023-02-07,EMP01250,CC0029,PA,2,Leave Start,,GBP,GBR,2023-02-08 14:00:00,CORE_HR
EVT00051045,2023-02-10,EMP03705,CC0080,EN,1,Step Increment,62301.59,USD,USA,2023-02-10 16:00:00,CORE_HR
EVT00050509,2023-02-16,EMP03875,CC0105,IT,4,Departure,,EUR,FR,2023-02-16 09:00:00,PAYROLL
EVT00051666,2023-02-09,EMP03903,CC0034,FI,4,Promotion,109867.11,CAD,CA,2023-02-09 07:00:00,PAYROLL
EVT00051387,2023-02-05,EMP02519,CC0025,PA,4,Step Increment,93394.65,CAD,CAN,2023-02-05 17:00:00,CORE_HR
EVT00050092,2023-02-11,EMP02109,CC0013,IT,4,Step Increment,114385.5,CAD,CA,2023-02-12 13:00:00,PAYROLL
EVT00051655,2023-02-18,EMP01521,CC0007,IT,1,Step Increment,4341347.05,INR,IND,2023-02-19 03:00:00,CORE_HR
EVT00051245,2023-02-10,EMP04915,CC0100,EN,2,Step Increment,107005.26,CAD,CAN,2023-02-11 09:00:00,CORE_HR
EVT00050742,2023-02-01,EMP00617,CC0022,EN,3,Promotion,121750.29,CAD,CAN,2023-02-01 10:00:00,CORE_HR
EVT00050293,2023-02-08,EMP02656,CC0079,EN,1,Step Increment,77245.25,CAD,CA,2023-02-08 19:00:00,PAYROLL
EVT00049831,2023-02-16,EMP03340,CC0118,PA,4,Step Increment,96292.53,CAD,CAN,2023-02-16 07:00:00,CORE_HR
EVT00051199,2023-02-07,EMP04976,CC0053,CR,4,Promotion,75985.37,CAD,CAN,2023-02-08 11:00:00,CORE_HR
EVT00050005,2023-02-05,EMP00650,CC0058,PA,5,Leave Start,,CAD,CAN,2023-02-05 11:00:00,CORE_HR
EVT00050361,2023-02-08,EMP01541,CC0098,IT,1,Step Increment,84962.82,CAD,CA,2023-02-08 12:00:00,PAYROLL
EVT00050522,2023-02-03,EMP00097,CC0005,PA,2,Step Increment,60603.64,CAD,CAN,2023-02-03 06:00:00,CORE_HR
EVT00049853,2023-02-06,EMP01795,CC0067,EN,1,Performance Pay,5060.54,CAD,CA,2023-02-06 07:00:00,PAYROLL
EVT00051043,2023-02-25,EMP03192,CC0016,IT,1,Step Increment,78821.93,CAD,CAN,2023-02-26 12:00:00,CORE_HR
EVT00051649,2023-02-14,EMP01593,CC0089,IT,4,Performance Pay,10995.92,CAD,CA,2023-02-15 12:00:00,PAYROLL
EVT00050951,2023-02-09,EMP03004,CC0057,AS,4,Lateral Deployment,,CAD,CA,2023-02-09 08:00:00,PAYROLL
EVT00049928,2023-02-14,EMP01788,CC0077,PA,2,Performance Pay,6849.61,CAD,CAN,2023-02-14 11:00:00,CORE_HR
EVT00051124,2023-02-24,EMP01759,CC0028,PA,4,Step Increment,97140.62,CAD,CA,2023-02-25 01:00:00,PAYROLL
EVT00051565,2023-02-01,EMP03363,CC0005,IT,3,Lateral Deployment,,CAD,CAN,2023-02-02 10:00:00,CORE_HR
EVT00050149,2023-02-22,EMP01259,CC0112,IT,2,Lateral Deployment,,CAD,CAN,2023-02-22 22:00:00,CORE_HR
EVT00049992,2023-02-04,EMP01603,CC0018,PA,3,Leave Return,,CAD,CAN,2023-02-04 19:00:00,CORE_HR
EVT00051442,2023-02-06,EMP02254,CC0031,AS,3,Hire,940237.33,MXN,MEX,2023-02-07 12:00:00,CORE_HR
EVT00051166,2023-02-16,EMP01691,CC0107,FI,3,Leave Start,,CAD,CAN,2023-02-17 00:00:00,CORE_HR
EVT00051314,2023-02-27,EMP02157,CC0036,EC,2,Step Increment,88655.95,CAD,CAN,2023-02-27 18:00:00,CORE_HR
EVT00051146,2023-02-09,EMP02426,CC0059,IT,1,Performance Pay,9593.93,CAD,CAN,2023-02-09 19:00:00,CORE_HR
EVT00049945,2023-02-03,EMP00274,CC0062,PA,1,Step Increment,66262.19,CAD,CAN,2023-02-03 08:00:00,CORE_HR
EVT00050558,2023-02-07,EMP04924,CC0105,EN,1,Leave Return,,EUR,FRA,2023-02-07 13:00:00,CORE_HR
EVT00050964,2023-02-16,EMP00168,CC0068,EN,2,Leave Return,,CAD,CA,2023-02-16 07:00:00,PAYROLL
EVT00051323,2023-02-13,EMP01136,CC0106,IT,2,Step Increment,104523.91,CAD,CAN,2023-02-14 04:00:00,CORE_HR
EVT00050165,2023-02-24,EMP01176,CC0083,AS,1,Leave Return,,CAD,CAN,2023-02-24 18:00:00,CORE_HR
EVT00050470,2023-02-22,EMP04122,CC0039,FI,1,Step Increment,72394.41,CAD,CAN,2023-02-23 05:00:00,CORE_HR
EVT00051168,2023-02-19,EMP02204,CC0075,IT,1,Step Increment,90222.31,CAD,CAN,2023-02-19 15:00:00,CORE_HR
EVT00050768,2023-02-15,EMP03223,CC0061,CR,1,Leave Start,,CAD,CAN,2023-02-15 23:00:00,CORE_HR
EVT00049966,2023-02-27,EMP00942,CC0062,PA,2,Promotion,92848.38,CAD,CA,2023-02-27 13:00:00,PAYROLL
EVT00050656,2023-02-10,EMP01403,CC0107,PA,2,Step Increment,71465.07,CAD,CAN,2023-02-11 05:00:00,CORE_HR
EVT00050676,2023-02-27,EMP02097,CC0063,IT,3,Lateral Deployment,,CAD,CA,2023-02-28 07:00:00,PAYROLL
EVT00050884,2023-02-01,EMP04195,CC0077,PA,5,Step Increment,96663.22,CAD,CA,2023-02-01 13:00:00,PAYROLL
EVT00050408,2023-02-13,EMP02367,CC0109,IT,2,Lateral Deployment,,CAD,CAN,2023-02-14 02:00:00,CORE_HR
EVT00051496,2023-02-06,EMP00407,CC0118,AS,1,Lateral Deployment,,CAD,CA,2023-02-07 04:00:00,PAYROLL
EVT00051266,2023-02-26,EMP04117,CC0050,PA,4,Hire,89917.87,CAD,CAN,2023-02-26 22:00:00,CORE_HR
EVT00050727,2023-02-08,EMP02504,CC0117,AS,4,Hire,87569.7,CAD,CA,2023-02-09 13:00:00,PAYROLL
EVT00049985,2023-02-08,EMP04895,CC0047,AS,4,Departure,,CAD,CAN,2023-02-08 10:00:00,CORE_HR
EVT00050537,2023-02-09,EMP00807,CC0027,AS,1,Step Increment,57971.71,CAD,CA,2023-02-10 15:00:00,PAYROLL
EVT00050433,2023-02-03,EMP01262,CC0090,CR,2,Leave Start,,CAD,CAN,2023-02-04 03:00:00,CORE_HR
EVT00050797,2023-02-09,EMP02634,CC0112,CR,2,Step Increment,62903.3,CAD,CAN,2023-02-09 08:00:00,CORE_HR
EVT00050440,2023-02-25,EMP01739,CC0119,EN,3,Lateral Deployment,,CAD,CA,2023-02-26 03:00:00,PAYROLL
EVT00050745,2023-02-07,EMP02385,CC0056,EN,1,Lateral Deployment,,CAD,CA,2023-02-07 17:00:00,PAYROLL
EVT00049962,2023-02-26,EMP01664,CC0087,FI,3,Lateral Deployment,,CAD,CAN,2023-02-26 23:00:00,CORE_HR
EVT00049916,2023-02-27,EMP02665,CC0120,CR,3,Departure,,CAD,CA,2023-02-28 03:00:00,PAYROLL
EVT00051396,2023-02-14,EMP00806,CC0014,PA,4,Leave Start,,CAD,CA,2023-02-15 08:00:00,PAYROLL
EVT00050485,2023-02-06,EMP02886,CC0072,AS,2,Departure,,CAD,CAN,2023-02-07 09:00:00,CORE_HR
EVT00049855,2023-02-18,EMP04018,CC0068,AS,1,Step Increment,53567.0,CAD,CAN,2023-02-18 07:00:00,CORE_HR
EVT00050668,2023-02-27,EMP04106,CC0120,PA,3,Step Increment,75783.79,CAD,CA,2023-02-28 14:00:00,PAYROLL
EVT00050646,2023-02-01,EMP01969,CC0110,PA,3,Step Increment,87967.36,CAD,CAN,2023-02-01 21:00:00,CORE_HR
EVT00051110,2023-02-08,EMP01708,CC0100,PA,3,Leave Return,,CAD,CAN,2023-02-08 12:00:00,CORE_HR
EVT00051665,2023-02-04,EMP04404,CC0109,EC,4,Lateral Deployment,,CAD,CA,2023-02-04 12:00:00,PAYROLL
EVT00050132,2023-02-01,EMP02590,CC0021,AS,1,Leave Return,,CAD,CA,2023-02-02 00:00:00,PAYROLL
EVT00051431,2023-02-07,EMP00794,CC0031,IT,3,Promotion,12615788.01,KES,KE,2023-02-08 03:00:00,PAYROLL
EVT00051257,2023-02-27,EMP00142,CC0078,FI,4,Departure,,CAD,CAN,2023-02-28 00:00:00,CORE_HR
EVT00051533,2023-02-20,EMP04045,CC0014,AS,2,Step Increment,60781.12,CAD,CAN,2023-02-20 23:00:00,CORE_HR
EVT00050852,2023-02-19,EMP04345,CC0101,AS,1,Step Increment,58157.4,CAD,CAN,2023-02-21 12:00:00,CORE_HR
EVT00050616,2023-02-24,EMP02108,CC0002,FI,1,Performance Pay,10369.94,CAD,CA,2023-02-25 10:00:00,PAYROLL
EVT00050900,2023-02-11,EMP03877,CC0036,PA,3,Leave Return,,CAD,CA,2023-02-11 16:00:00,PAYROLL
EVT00050904,2023-02-22,EMP01791,CC0045,PA,2,Performance Pay,7954.05,CAD,CA,2023-02-24 19:00:00,PAYROLL
EVT00051363,2023-02-13,EMP00390,CC0066,EN,2,Step Increment,97294.2,CAD,CA,2023-02-13 13:00:00,PAYROLL
EVT00050276,2023-02-27,EMP03599,CC0096,IT,2,Step Increment,105567.94,CAD,CAN,2023-02-28 02:00:00,CORE_HR
EVT00049892,2023-02-02,EMP03322,CC0120,EN,4,Step Increment,123177.5,CAD,CAN,2023-02-02 18:00:00,CORE_HR
EVT00049890,2023-02-04,EMP04857,CC0001,AS,1,Lateral Deployment,,CAD,CA,2023-02-05 10:00:00,PAYROLL
EVT00051721,2023-02-27,EMP03464,CC0030,EN,4,Promotion,329381.67,AED,AE,2023-02-27 09:00:00,PAYROLL
EVT00050773,2023-02-02,EMP02916,CC0023,CR,2,Step Increment,61703.29,CAD,CA,2023-02-02 19:00:00,PAYROLL
EVT00050874,2023-02-25,EMP00720,CC0060,EC,2,Step Increment,83960.39,CAD,CAN,2023-02-25 12:00:00,CORE_HR
EVT00050389,2023-02-19,EMP02784,CC0100,CR,5,Performance Pay,4967.61,CAD,CA,2023-02-19 13:00:00,PAYROLL
EVT00050055,2023-02-10,EMP01504,CC0090,IT,2,Performance Pay,7857.81,CAD,CA,2023-02-11 15:00:00,PAYROLL
EVT00051497,2023-02-08,EMP04233,CC0032,FI,2,Step Increment,79147.34,CAD,CAN,2023-02-09 15:00:00,CORE_HR
EVT00050154,2023-02-09,EMP01684,CC0011,PA,2,Step Increment,55782.09,CAD,CA,2023-02-09 22:00:00,PAYROLL
EVT00050459,2023-02-21,EMP00454,CC0037,EN,2,Performance Pay,12235.57,CAD,CA,2023-02-21 20:00:00,PAYROLL
EVT00051115,2023-02-13,EMP01927,CC0115,PA,3,Performance Pay,11127.3,CAD,CAN,2023-02-14 03:00:00,CORE_HR
EVT00049840,2023-02-07,EMP04057,CC0074,FI,1,Step Increment,264457.73,BRL,BRA,2023-02-07 09:00:00,CORE_HR
EVT00050608,2023-02-06,EMP03037,CC0093,AS,1,Performance Pay,6663.32,CAD,CA,2023-02-07 14:00:00,PAYROLL
EVT00050383,2023-02-22,EMP01536,CC0082,EC,2,Leave Return,,CAD,CA,2023-02-23 02:00:00,PAYROLL
EVT00050612,2023-02-24,EMP02954,CC0094,AS,4,Departure,,XXX,CA,2023-02-25 10:00:00,PAYROLL
EVT00050528,2023-02-17,EMP02650,CC0017,PA,4,Promotion,98270.36,CAD,CAN,2023-02-18 02:00:00,CORE_HR
EVT00051382,2023-02-22,EMP01995,CC0117,FI,1,Promotion,68769.04,CAD,CA,2023-02-22 09:00:00,PAYROLL
EVT00051484,1900-01-01,EMP00233,CC0072,PA,2,Promotion,76492.7,CAD,CAN,2023-02-10 09:00:00,CORE_HR
EVT00050331,2023-02-16,EMP03676,CC0081,IT,2,Promotion,104220.37,CAD,CA,2023-02-17 05:00:00,PAYROLL
EVT00050961,2023-02-14,EMP01316,CC0030,PA,4,Leave Start,,MXN,MEX,2023-02-15 05:00:00,CORE_HR
EVT00051562,2023-02-18,EMP04832,CC0065,CR,1,Departure,,INR,IN,2023-02-19 02:00:00,PAYROLL
EVT00050481,2023-02-27,EMP01338,CC0004,IT,1,Step Increment,81928.72,CAD,CA,2023-02-28 05:00:00,PAYROLL
EVT00050114,2023-02-06,EMP00448,CC0004,CR,3,Step Increment,49508.27,CAD,CAN,2023-02-07 10:00:00,CORE_HR
EVT00050779,2023-02-16,EMP00770,CC0055,IT,1,Performance Pay,4480.58,CAD,CA,2023-02-16 11:00:00,PAYROLL
EVT00050042,2023-02-12,EMP04765,CC0043,PA,2,Lateral Deployment,,CAD,CAN,2023-02-13 14:00:00,CORE_HR
EVT00049898,2023-02-03,EMP01163,CC0065,EN,2,Leave Return,,INR,IN,2023-02-04 06:00:00,PAYROLL
EVT00050141,2023-02-14,EMP04039,CC0003,PA,4,Step Increment,84252.68,CAD,CAN,2023-02-14 23:00:00,CORE_HR
EVT00050895,2023-02-26,EMP02661,CC0062,AS,3,Step Increment,74480.89,CAD,CAN,2023-02-26 14:00:00,CORE_HR
EVT00050201,2023-02-26,EMP02565,CC0097,PA,5,Performance Pay,4512.09,CAD,CAN,2023-02-27 12:00:00,CORE_HR
EVT00050283,2023-02-22,EMP02350,CC0023,EX,3,Leave Start,,CAD,CAN,2023-02-23 10:00:00,CORE_HR
EVT00050109,2023-02-25,EMP01312,CC0028,EN,4,Step Increment,138962.01,CAD,CA,2023-02-26 08:00:00,PAYROLL
EVT00050011,2023-02-10,EMP00916,CC0019,EX,1,Leave Start,,CAD,CAN,2023-02-10 09:00:00,CORE_HR
EVT00051578,2023-02-27,EMP04997,CC0033,FI,3,Leave Return,,CAD,CAN,2023-02-27 06:00:00,CORE_HR
EVT00050111,2023-02-08,EMP02201,CC0080,EC,1,Performance Pay,864170.77,KES,KEN,2023-02-09 08:00:00,CORE_HR
EVT00051688,2023-02-25,EMP02965,CC0094,PA,4,Promotion,100936.82,CAD,CAN,2023-02-26 15:00:00,CORE_HR
EVT00050072,1900-01-01,EMP02773,CC0088,PA,1,Step Increment,43995.85,GBP,GBR,2023-02-03 23:00:00,CORE_HR
EVT00051685,2023-02-13,EMP01431,CC0103,AS,2,Hire,65826.92,CAD,CAN,2023-02-14 09:00:00,CORE_HR
EVT00050647,2023-02-14,EMP03058,CC0098,AS,2,Step Increment,51910.7,CAD,CA,2023-02-14 09:00:00,PAYROLL
EVT00051221,2023-02-14,EMP00187,CC0053,EN,2,Promotion,103585.47,CAD,CAN,2023-02-15 03:00:00,CORE_HR
EVT00050107,2023-02-17,EMP02490,CC0019,IT,1,Step Increment,95173.43,CAD,CAN,2023-02-18 12:00:00,CORE_HR
EVT00050319,2023-02-04,EMP04512,CC0032,EC,5,Performance Pay,9016.32,CAD,CA,2023-02-05 08:00:00,PAYROLL
EVT00050041,2023-02-24,EMP00215,CC0061,IT,3,Leave Start,,CAD,CA,2023-02-25 09:00:00,PAYROLL
EVT00050244,2023-02-14,EMP03271,CC0011,PA,3,Departure,,CAD,CA,2023-02-15 03:00:00,PAYROLL
EVT00051425,2023-02-21,EMP03822,CC0088,CR,5,Leave Return,,GBP,GBR,2023-02-21 09:00:00,CORE_HR
EVT00050734,2023-02-19,EMP01152,CC0031,AS,4,Step Increment,297241.51,BRL,BRA,2023-02-19 09:00:00,CORE_HR
EVT00051242,2023-02-23,EMP02828,CC0017,EN,2,Step Increment,109316.49,CAD,CAN,2023-02-24 02:00:00,CORE_HR
EVT00051343,2023-02-04,EMP04771,CC0026,EN,3,Leave Start,,CAD,CAN,2023-02-04 10:00:00,CORE_HR
EVT00050082,2023-02-26,EMP02278,CC0072,AS,4,Performance Pay,8808.78,CAD,CA,2023-02-26 09:00:00,PAYROLL
EVT00050420,2023-02-23,EMP01720,CC0073,EN,2,Step Increment,99786.93,CAD,CAN,2023-02-23 13:00:00,CORE_HR
EVT00051443,2023-02-21,EMP02149,CC0016,EC,1,Performance Pay,7106.46,CAD,CAN,2023-02-22 01:00:00,CORE_HR
EVT00050223,2023-02-10,EMP01407,CC0012,PA,4,Departure,,CAD,CAN,2023-02-10 12:00:00,CORE_HR
EVT00050101,2023-02-24,EMP01009,CC0010,IT,2,Lateral Deployment,,CAD,CA,2023-02-24 07:00:00,PAYROLL
EVT00049999,2023-02-20,EMP02391,CC0098,AS,4,Promotion,79658.6,CAD,CA,2023-02-20 11:00:00,PAYROLL
EVT00051447,2023-02-04,EMP00293,CC0037,IT,2,Promotion,103976.06,CAD,CAN,2023-02-05 04:00:00,CORE_HR
EVT00049951,2023-02-12,EMP02244,CC0115,AS,2,Lateral Deployment,,CAD,CA,2023-02-13 05:00:00,PAYROLL
EVT00051009,2023-02-14,EMP02278,CC0072,AS,4,Lateral Deployment,,CAD,CAN,2023-02-15 05:00:00,CORE_HR
EVT00051504,2023-02-05,EMP03434,CC0082,EC,4,Step Increment,110632.53,CAD,CA,2023-02-06 00:00:00,PAYROLL
EVT00050320,2023-02-11,EMP03598,CC0077,EX,2,Leave Return,,CAD,CAN,2023-02-13 09:00:00,CORE_HR
EVT00049927,2023-02-10,EMP01763,CC0004,FI,4,Promotion,103870.39,CAD,CAN,2023-02-10 12:00:00,CORE_HR
EVT00051463,2023-02-26,EMP02092,CC0087,IT,5,Step Increment,128422.17,CAD,CAN,2023-02-26 07:00:00,CORE_HR
EVT00051091,2023-02-20,EMP04768,CC0063,FI,1,Performance Pay,10140.55,CAD,CA,2023-02-20 22:00:00,PAYROLL
EVT00051096,2023-02-07,EMP04373,CC0032,PA,1,Leave Start,,CAD,CAN,2023-02-08 02:00:00,CORE_HR
EVT00051148,2023-02-13,EMP02369,CC0098,EN,5,Hire,141173.51,CAD,CA,2023-02-16 16:00:00,PAYROLL
EVT00051451,2023-02-16,EMP04644,CC0027,CR,4,Step Increment,91556.78,CAD,CA,2023-02-16 06:00:00,PAYROLL
EVT00050837,2023-02-02,EMP00292,CC0009,EX,1,Departure,,USD,USA,2023-02-03 11:00:00,CORE_HR
EVT00050858,2023-02-18,EMP00990,CC0068,IT,1,Step Increment,88784.35,CAD,CAN,2023-02-19 09:00:00,CORE_HR
EVT00050863,2023-02-06,EMP03749,CC0096,EN,1,Promotion,92540.34,CAD,CAN,2023-02-06 14:00:00,CORE_HR
EVT00051675,2023-02-16,EMP02940,CC0051,PA,3,Departure,,CAD,CAN,2023-02-17 01:00:00,CORE_HR
EVT00050852,2023-02-19,EMP04345,CC0101,AS,1,Step Increment,58157.4,CAD,CAN,2023-02-19 16:00:00,CORE_HR
EVT00051457,2023-02-21,EMP04685,CC0110,FI,4,Step Increment,102838.21,CAD,CA,2023-02-22 08:00:00,PAYROLL
EVT00051727,2023-02-14,EMP01738,CC0082,PA,2,Hire,77943.7,CAD,CA,2023-02-14 17:00:00,PAYROLL
EVT00051192,2023-02-15,EMP01527,CC0066,PA,1,Hire,65974.61,CAD,CA,2023-02-15 18:00:00,PAYROLL
EVT00050945,2023-02-22,EMP01102,CC0036,CR,3,Step Increment,75195.22,CAD,CA,2023-02-23 06:00:00,PAYROLL
EVT00051725,2023-02-19,EMP03292,CC0047,FI,4,Departure,,CAD,CAN,2023-02-20 08:00:00,CORE_HR
EVT00050692,2023-02-18,EMP03467,CC0025,EC,2,Performance Pay,12219.87,CAD,CA,2023-02-19 15:00:00,PAYROLL
EVT00050607,2023-02-18,EMP03129,CC0071,AS,4,Leave Return,,CAD,CA,2023-02-18 16:00:00,PAYROLL
EVT00050136,2023-02-10,EMP01082,CC0005,FI,5,Departure,,CAD,CA,2023-02-10 20:00:00,PAYROLL
EVT00049889,2023-02-18,EMP04612,CC0008,IT,1,Leave Start,,CAD,CAN,2023-02-18 21:00:00,CORE_HR
EVT00050510,2023-02-27,EMP01874,CC0079,PA,4,Hire,99710.44,CAD,CA,2023-02-28 15:00:00,PAYROLL
EVT00051120,2023-02-18,EMP01830,CC0010,IT,1,Step Increment,71614.42,CAD,CAN,2023-02-18 15:00:00,CORE_HR
EVT00050036,2023-02-14,EMP04438,CC0001,EN,1,Leave Start,,CAD,CA,2023-02-14 08:00:00,PAYROLL
EVT00051160,2023-02-03,EMP00357,CC0008,EC,3,Step Increment,106780.42,CAD,CAN,2023-02-04 01:00:00,CORE_HR
EVT00050105,2023-02-08,EMP02033,CC0033,IT,1,Performance Pay,11436.21,CAD,CA,2023-02-08 10:00:00,PAYROLL
EVT00051059,2023-02-25,EMP01244,CC0023,PA,3,Lateral Deployment,,CAD,CAN,2023-02-25 22:00:00,CORE_HR
EVT00050865,2023-02-01,EMP02344,CC0062,EN,3,Step Increment,102863.42,CAD,CAN,2023-02-01 23:00:00,CORE_HR
EVT00050548,2023-02-24,EMP01923,CC0078,EN,2,Leave Return,,CAD,CAN,2023-02-24 07:00:00,CORE_HR
EVT00050763,2023-02-11,EMP04316,CC0049,PA,2,Hire,176245.22,AED,AE,2023-02-11 17:00:00,PAYROLL
EVT00050653,2023-02-06,EMP02915,CC0032,IT,2,Step Increment,98200.29,CAD,CAN,2023-02-06 14:00:00,CORE_HR
EVT00050871,2023-02-14,EMP00219,CC0096,PA,4,Leave Start,,CAD,CA,2023-02-14 13:00:00,PAYROLL
EVT00050907,2023-02-23,EMP04784,CC0036,FI,2,Performance Pay,10269.53,CAD,CAN,2023-02-23 13:00:00,CORE_HR
EVT00050316,2023-02-20,EMP01720,CC0073,EN,2,Lateral Deployment,,CAD,CA,2023-02-20 17:00:00,PAYROLL
EVT00049922,2023-02-09,EMP04081,CC0028,PA,2,Performance Pay,5046.31,CAD,CA,2023-02-10 11:00:00,PAYROLL
EVT00051093,2023-02-04,EMP03081,CC0042,FI,2,Lateral Deployment,,CAD,CAN,2023-02-04 07:00:00,CORE_HR
EVT00049909,2023-02-21,EMP01728,CC0099,CR,3,Performance Pay,7521.85,CAD,CAN,2023-02-22 14:00:00,CORE_HR
EVT00051502,2023-02-10,EMP02143,CC0114,PA,5,Step Increment,96583.0,CAD,CAN,2023-02-10 16:00:00,CORE_HR
EVT00051519,2023-02-11,EMP04405,CC0091,IT,4,Performance Pay,5791.3,CAD,CA,2023-02-11 09:00:00,PAYROLL
EVT00050419,2023-02-10,EMP00697,CC0041,FI,4,Leave Return,,CAD,CAN,2023-02-11 14:00:00,CORE_HR
EVT00050424,2023-02-17,EMP01364,CC0080,CR,4,Performance Pay,114459.12,MXN,MEX,2023-02-17 14:00:00,CORE_HR
EVT00050264,2023-02-17,EMP00426,CC0033,AS,4,Leave Return,,CAD,CA,2023-02-18 14:00:00,PAYROLL
EVT00050726,2023-02-23,EMP00902,CC0020,CR,4,Step Increment,71580.97,CAD,CAN,2023-02-24 01:00:00,CORE_HR
EVT00050506,2023-02-24,EMP00751,CC0117,IT,5,Step Increment,135890.01,CAD,CAN,2023-02-24 06:00:00,CORE_HR
EVT00049963,2023-02-14,EMP01566,CC0083,PA,2,Lateral Deployment,,CAD,CAN,2023-02-15 07:00:00,CORE_HR
EVT00050688,2023-02-15,EMP01967,CC0089,EX,2,Step Increment,122204.52,CAD,CA,2023-02-16 08:00:00,PAYROLL
EVT00050767,2023-02-20,EMP04716,CC0109,EN,1,Leave Start,,CAD,CA,2023-02-20 06:00:00,PAYROLL
EVT00050315,2023-02-04,EMP04850,CC0010,AS,2,Lateral Deployment,,CAD,CA,2023-02-05 21:00:00,PAYROLL
EVT00050202,2023-02-22,EMP00074,CC0030,IT,2,Step Increment,11433304.27,KES,KEN,2023-02-23 07:00:00,CORE_HR
EVT00051370,2023-02-17,EMP03535,CC0049,PA,3,Performance Pay,50633.29,MXN,MEX,2023-02-18 08:00:00,CORE_HR
EVT00050700,2023-02-18,EMP00657,CC0027,EC,5,Step Increment,133931.42,CAD,CAN,2023-02-18 12:00:00,CORE_HR
EVT00050969,2023-02-02,EMP04359,CC0086,EX,2,Step Increment,598871.34,BRL,BR,2023-02-02 09:00:00,PAYROLL
EVT00051630,2023-02-27,EMP03013,CC0095,AS,2,Step Increment,66766.92,CAD,CA,2023-02-27 11:00:00,PAYROLL
EVT00050677,2023-02-22,EMP03791,CC0100,AS,5,Step Increment,87603.07,CAD,CA,2023-02-22 13:00:00,PAYROLL
EVT00050354,2023-02-23,EMP04066,CC0054,AS,2,Performance Pay,3809.62,USD,US,2023-02-23 16:00:00,PAYROLL
EVT00051132,2023-02-09,EMP01135,CC0042,PA,4,Lateral Deployment,,CAD,CA,2023-02-10 05:00:00,PAYROLL
EVT00051328,2023-02-16,EMP02953,CC0019,FI,2,Hire,87141.55,CAD,CAN,2023-02-17 09:00:00,CORE_HR
EVT00051428,2023-02-03,EMP04611,CC0119,PA,2,Leave Start,,CAD,CAN,2023-02-04 15:00:00,CORE_HR
EVT00050972,2023-02-04,EMP01665,CC0085,IT,4,Leave Return,,CAD,CA,2023-02-04 20:00:00,PAYROLL
EVT00051406,2023-02-18,EMP01175,CC0010,IT,2,Step Increment,90973.21,CAD,CAN,2023-02-18 20:00:00,CORE_HR
EVT00051169,2023-02-24,EMP01873,CC0012,IT,3,Step Increment,120037.02,CAD,CAN,2023-02-24 15:00:00,CORE_HR
EVT00051073,2023-02-22,EMP02842,CC0039,CR,2,Lateral Deployment,,CAD,CA,2023-02-22 13:00:00,PAYROLL
EVT00051320,2023-02-12,EMP03565,CC0104,PA,2,Departure,,CAD,CA,2023-02-12 14:00:00,PAYROLL
EVT00050929,2023-02-05,EMP02395,CC0070,AS,2,Step Increment,69954.72,CAD,CA,2023-02-06 07:00:00,PAYROLL
EVT00051269,2023-02-20,EMP04808,CC0036,EC,1,Performance Pay,6669.26,CAD,CAN,2023-02-21 09:00:00,CORE_HR
EVT00050636,2023-02-19,EMP04611,CC0119,PA,2,Leave Start,,CAD,CAN,2023-02-20 02:00:00,CORE_HR
EVT00050953,2023-02-22,EMP01351,CC0117,CR,2,Hire,61247.02,CAD,CAN,2023-02-23 06:00:00,CORE_HR
EVT00051423,2023-02-01,EMP03970,CC0098,PA,4,Performance Pay,8117.61,CAD,CAN,2023-02-02 10:00:00,CORE_HR
EVT00050252,2023-02-04,EMP01494,CC0025,IT,3,Leave Start,,CAD,CAN,2023-02-04 22:00:00,CORE_HR
EVT00049830,2023-02-15,EMP01738,CC0082,PA,2,Leave Return,,CAD,CAN,2023-02-15 16:00:00,CORE_HR
EVT00051728,2023-02-12,EMP00756,CC0109,PA,1,Promotion,54660.13,CAD,CA,2023-02-13 15:00:00,PAYROLL
EVT00050632,2023-02-08,EMP02663,CC0109,PA,2,Lateral Deployment,,CAD,CAN,2023-02-08 16:00:00,CORE_HR
EVT00050012,2023-02-21,EMP04681,CC0050,FI,1,Leave Return,,CAD,CAN,2023-02-22 07:00:00,CORE_HR
EVT00051473,2023-02-01,EMP02541,CC0114,EN,2,Leave Return,,CAD,CAN,2023-02-02 03:00:00,CORE_HR
EVT00050340,2023-02-10,EMP04125,CC0052,EN,2,Lateral Deployment,,CAD,CAN,2023-02-10 17:00:00,CORE_HR
EVT00049904,2023-02-08,EMP01648,CC0029,EC,1,Step Increment,98474.17,AUD,AUS,2023-02-09 10:00:00,CORE_HR
EVT00050521,2023-02-17,EMP00951,CC0108,PA,3,Step Increment,333895.21,BRL,BRA,2023-02-18 04:00:00,CORE_HR
EVT00050381,2023-02-27,EMP03232,CC0120,IT,2,Lateral Deployment,,CAD,CA,2023-02-28 00:00:00,PAYROLL
EVT00050382,2023-02-03,EMP01687,CC0012,EX,1,Step Increment,133437.71,CAD,CA,2023-02-03 08:00:00,PAYROLL
EVT00050956,2023-02-05,EMP04611,CC0119,PA,2,Lateral Deployment,,CAD,CAN,2023-02-06 02:00:00,CORE_HR
EVT00051716,2023-02-25,EMP03016,CC0051,PA,2,Performance Pay,4154.76,CAD,CAN,2023-02-26 02:00:00,CORE_HR
EVT00051643,2023-02-15,EMP01852,CC0093,CR,1,Lateral Deployment,,CAD,CA,2023-02-16 03:00:00,PAYROLL
EVT00051210,2023-02-22,EMP01687,CC0012,EX,1,Leave Return,,CAD,CAN,2023-02-23 09:00:00,CORE_HR
EVT00050669,2023-02-22,EMP04364,CC0016,FI,2,Promotion,79411.16,CAD,CAN,2023-02-23 05:00:00,CORE_HR
EVT00050917,2023-02-21,EMP03089,CC0031,EN,4,Performance Pay,10352.13,USD,USA,2023-02-21 18:00:00,CORE_HR
EVT00051300,2023-02-14,EMP04073,CC0071,AS,1,Performance Pay,5164.05,CAD,CA,2023-02-14 08:00:00,PAYROLL
EVT00050328,2023-02-13,EMP02673,CC0039,EN,2,Departure,,CAD,CAN,2023-02-13 22:00:00,CORE_HR
EVT00050687,2023-02-02,EMP03692,CC0081,EX,1,Performance Pay,19343.49,CAD,CA,2023-02-03 04:00:00,PAYROLL
EVT00050490,2023-02-07,EMP03344,CC0036,IT,2,Leave Return,,CAD,CA,2023-02-07 07:00:00,PAYROLL
EVT00051072,2023-02-23,EMP04951,CC0093,PA,3,Step Increment,76237.27,CAD,CAN,2023-02-24 07:00:00,CORE_HR
EVT00051047,2023-02-03,EMP02596,CC0065,CR,1,Step Increment,494321.2,MXN,MX,2023-02-04 12:00:00,PAYROLL
EVT00050464,2023-02-16,EMP00982,CC0026,AS,3,Step Increment,60167.45,CAD,CAN,2023-02-16 19:00:00,CORE_HR
EVT00051066,2023-02-26,EMP02535,CC0027,PA,2,Promotion,79661.08,CAD,CAN,2023-02-27 12:00:00,CORE_HR
EVT00051413,2023-02-24,EMP01241,CC0049,PA,4,Leave Start,,XXX,AUS,2023-02-25 06:00:00,CORE_HR
EVT00050021,2023-02-13,EMP01045,CC0078,PA,4,Step Increment,98200.8,CAD,CA,2023-02-13 14:00:00,PAYROLL
EVT00050492,2023-02-19,EMP00186,CC0030,AS,3,Step Increment,90023.95,AUD,AU,2023-02-19 22:00:00,PAYROLL
EVT00051601,2023-02-17,EMP02082,CC0010,IT,4,Lateral Deployment,,CAD,CAN,2023-02-17 18:00:00,CORE_HR
EVT00050298,2023-02-12,EMP04041,CC0106,FI,3,Step Increment,102898.32,CAD,CAN,2023-02-12 21:00:00,CORE_HR
EVT00051201,2023-02-24,EMP00295,CC0039,IT,2,Departure,,CAD,CAN,2023-02-25 03:00:00,CORE_HR
EVT00051060,2023-02-06,EMP04796,CC0006,IT,1,Performance Pay,8382.79,CAD,CAN,2023-02-06 10:00:00,CORE_HR
EVT00050402,2023-02-23,EMP04322,CC0026,EC,3,Performance Pay,8987.43,CAD,CAN,2023-02-24 14:00:00,CORE_HR
EVT00049906,2023-02-06,EMP04806,CC0068,CR,5,Performance Pay,8697.66,CAD,CA,2023-02-06 12:00:00,PAYROLL
EVT00049860,2023-02-13,EMP01560,CC0004,EN,5,Step Increment,140585.91,CAD,CA,2023-02-13 19:00:00,PAYROLL
EVT00050033,2023-02-15,EMP04324,CC0083,PA,4,Step Increment,92600.4,CAD,CAN,2023-02-15 13:00:00,CORE_HR
EVT00050220,2023-02-14,EMP00105,CC0021,AS,3,Step Increment,72652.28,CAD,CA,2023-02-15 15:00:00,PAYROLL
EVT00050443,2023-02-21,EMP04992,CC0089,EC,1,Hire,59511.14,CAD,CAN,2023-02-21 22:00:00,CORE_HR
EVT00050426,2023-02-26,EMP00232,CC0074,PA,4,Step Increment,67576.33,USD,US,2023-02-27 00:00:00,PAYROLL
EVT00051215,2023-02-21,EMP02866,CC0032,PA,2,Leave Start,,CAD,CAN,2023-02-22 09:00:00,CORE_HR
EVT00051718,2023-02-11,EMP03984,CC0042,CR,4,Leave Start,,CAD,CAN,2023-02-12 10:00:00,CORE_HR
EVT00051295,2023-02-14,EMP02895,CC0086,CR,3,Step Increment,175408.47,AED,AE,2023-02-15 10:00:00,PAYROLL
EVT00051156,2023-02-24,EMP02880,CC0087,CR,1,Leave Return,,CAD,CAN,2023-02-25 14:00:00,CORE_HR
EVT00051445,2023-02-01,EMP02383,CC0118,PA,2,Leave Return,,CAD,CAN,2023-02-01 18:00:00,CORE_HR
EVT00050192,2023-02-22,EMP04434,CC0101,EC,3,Step Increment,95742.87,CAD,CA,2023-02-23 10:00:00,PAYROLL
EVT00051597,2023-02-12,EMP01250,CC0029,PA,2,Step Increment,58233.93,SGD,SGP,2023-02-14 15:00:00,CORE_HR
EVT00051150,2023-02-25,EMP02597,CC0058,FI,2,Performance Pay,5673.19,CAD,CAN,2023-02-26 07:00:00,CORE_HR
EVT00050297,2023-02-15,EMP02797,CC0014,AS,1,Step Increment,54670.14,CAD,CAN,2023-02-16 14:00:00,CORE_HR
EVT00051687,2023-02-23,EMP04625,CC0022,PA,2,Leave Start,,CAD,CA,2023-02-23 09:00:00,PAYROLL
EVT00050615,2023-02-24,EMP02697,CC0079,IT,1,Step Increment,86257.54,CAD,CAN,2023-02-24 07:00:00,CORE_HR
EVT00050693,2023-02-02,EMP02007,CC0060,IT,1,Promotion,88911.16,CAD,CAN,2023-02-02 17:00:00,CORE_HR
EVT00051672,2023-02-05,EMP03238,CC0117,FI,1,Step Increment,87287.36,CAD,CAN,2023-02-06 02:00:00,CORE_HR
EVT00049943,2023-02-11,EMP03206,CC0090,PA,1,Performance Pay,5337.58,CAD,CAN,2023-02-11 13:00:00,CORE_HR
EVT00050805,2023-02-22,EMP02895,CC0086,CR,3,Step Increment,783406.66,MXN,MX,2023-02-23 08:00:00,PAYROLL
EVT00051711,2023-02-11,EMP03359,CC0079,EN,3,Lateral Deployment,,CAD,CA,2023-02-12 03:00:00,PAYROLL
EVT00050078,2023-02-15,EMP00014,CC0012,PA,2,Step Increment,76524.69,CAD,CAN,2023-02-15 10:00:00,CORE_HR
EVT00050118,2023-02-01,EMP00203,CC0044,AS,3,Leave Return,,CAD,CAN,2023-02-01 12:00:00,CORE_HR
EVT00051707,2023-02-10,EMP01291,CC0063,IT,4,Step Increment,126095.0,CAD,CAN,2023-02-11 08:00:00,CORE_HR
EVT00049987,2023-02-16,EMP03717,CC0005,PA,4,Promotion,91884.14,CAD,CA,2023-02-17 04:00:00,PAYROLL
EVT00051179,2023-02-12,EMP02480,CC0038,FI,2,Hire,89770.37,CAD,CA,2023-02-13 00:00:00,PAYROLL
EVT00051211,2023-02-05,EMP02100,CC0071,IT,3,Leave Start,,CAD,CA,2023-02-06 10:00:00,PAYROLL
EVT00051022,2023-02-19,EMP00165,CC0101,EN,3,Step Increment,102723.16,CAD,CAN,2023-02-19 23:00:00,CORE_HR
EVT00050825,2023-02-05,EMP01740,CC0052,FI,2,Step Increment,92391.66,CAD,CAN,2023-02-05 21:00:00,CORE_HR
EVT00050662,2023-02-19,EMP00083,CC0096,PA,1,Step Increment,68874.31,CAD,CA,2023-02-19 21:00:00,PAYROLL
EVT00049978,2023-02-21,EMP02473,CC0060,PA,4,Step Increment,72315.1,CAD,CAN,2023-02-21 18:00:00,CORE_HR
EVT00049817,2023-02-17,EMP02413,CC0093,EX,1,Leave Start,,CAD,CA,2023-02-18 04:00:00,PAYROLL
EVT00051546,2023-02-10,EMP02021,CC0043,AS,4,Lateral Deployment,,CAD,CAN,2023-02-10 14:00:00,CORE_HR
EVT00050303,2023-02-22,EMP02376,CC0095,IT,2,Lateral Deployment,,CAD,CA,2023-02-23 03:00:00,PAYROLL
EVT00051008,2023-02-03,EMP03802,CC0119,AS,2,Promotion,67128.83,CAD,CAN,2023-02-04 12:00:00,CORE_HR
EVT00050594,2023-02-23,EMP03976,CC0069,EX,1,Step Increment,130668.07,CAD,CA,2023-02-23 15:00:00,PAYROLL
EVT00050717,2023-02-08,EMP04785,CC0118,AS,3,Step Increment,63036.03,CAD,CAN,2023-02-09 11:00:00,CORE_HR
EVT00050349,2023-02-19,EMP03646,CC0109,CR,3,Performance Pay,3436.81,CAD,CAN,2023-02-19 20:00:00,CORE_HR
EVT00050466,2023-02-06,EMP00554,CC0021,CR,5,Step Increment,75594.6,CAD,CA,2023-02-06 15:00:00,PAYROLL
EVT00051739,2023-02-10,EMP02523,CC0072,CR,3,Step Increment,63275.76,CAD,CAN,2023-02-10 21:00:00,CORE_HR
EVT00051624,2023-02-26,EMP04858,CC0093,EN,2,Leave Return,,CAD,CA,2023-02-27 10:00:00,PAYROLL
EVT00051467,2023-02-23,EMP04242,CC0049,FI,1,Step Increment,59276.38,EUR,DEU,2023-02-24 05:00:00,CORE_HR
EVT00051626,2023-02-05,EMP04968,CC0026,EN,1,Promotion,79723.07,CAD,CAN,2023-02-05 18:00:00,CORE_HR
EVT00050027,2023-02-23,EMP04240,CC0003,IT,1,Performance Pay,7759.69,CAD,CAN,2023-02-24 05:00:00,CORE_HR
EVT00050437,2023-02-24,EMP02788,CC0118,PA,1,Hire,61138.76,CAD,CAN,2023-02-24 20:00:00,CORE_HR
EVT00050568,2023-02-03,EMP02751,CC0068,FI,3,Performance Pay,11502.34,CAD,CA,2023-02-03 13:00:00,PAYROLL
EVT00051678,2023-02-13,EMP01144,CC0107,IT,2,Step Increment,101229.98,CAD,CAN,2023-02-13 23:00:00,CORE_HR
EVT00051138,2023-02-17,EMP02540,CC0064,PA,3,Leave Return,,CAD,CA,2023-02-18 04:00:00,PAYROLL
EVT00050317,2023-02-26,EMP03630,CC0078,PA,2,Step Increment,79439.98,CAD,CA,2023-02-26 12:00:00,PAYROLL
EVT00051558,2023-02-20,EMP03117,CC0110,FI,1,Hire,82296.33,CAD,CA,2023-02-20 21:00:00,PAYROLL
EVT00050638,2023-02-27,EMP03706,CC0050,EX,1,Promotion,134858.35,CAD,CA,2023-02-28 07:00:00,PAYROLL
EVT00051312,2023-02-10,EMP03027,CC0029,PA,1,Step Increment,3211184.26,INR,IND,2023-02-10 13:00:00,CORE_HR
EVT00051706,2023-02-23,EMP01570,CC0070,EN,2,Leave Return,,CAD,CA,2023-02-23 08:00:00,PAYROLL
EVT00051725,2023-02-19,EMP03292,CC0047,FI,4,Departure,,CAD,CAN,2023-02-22 11:00:00,CORE_HR
EVT00050722,2023-02-27,EMP03161,CC0116,CR,2,Performance Pay,4230.79,CAD,CA,2023-02-27 09:00:00,PAYROLL
EVT00051053,2023-02-20,EMP04860,CC0116,FI,3,Step Increment,101428.99,CAD,CAN,2023-02-21 12:00:00,CORE_HR
EVT00051217,2023-02-25,EMP02080,CC0113,EX,1,Step Increment,135767.39,CAD,CA,2023-02-26 11:00:00,PAYROLL
EVT00050049,2023-02-14,EMP02204,CC0075,IT,1,Step Increment,87667.41,CAD,CA,2023-02-15 15:00:00,PAYROLL
EVT00050892,2023-02-23,EMP00636,CC0100,EC,1,Leave Return,,CAD,CA,2023-02-23 22:00:00,PAYROLL
EVT00049834,2023-02-21,EMP01779,CC0020,EN,2,Promotion,90676.8,CAD,CA,2023-02-22 15:00:00,PAYROLL
EVT00051153,2023-02-14,EMP00075,CC0012,FI,5,Step Increment,119282.49,CAD,CAN,2023-02-14 21:00:00,CORE_HR
EVT00051040,2023-02-06,EMP02798,CC0006,PA,2,Performance Pay,8373.94,CAD,CAN,2023-02-07 04:00:00,CORE_HR
EVT00049917,2023-02-09,EMP01557,CC0107,IT,2,Step Increment,95698.62,CAD,CA,2023-02-11 07:00:00,PAYROLL
EVT00050835,2023-02-20,EMP00933,CC0053,PA,2,Promotion,75644.92,CAD,CA,2023-02-20 08:00:00,PAYROLL
EVT00051682,2023-02-02,EMP02860,CC0051,AS,2,Leave Return,,CAD,CAN,2023-02-03 14:00:00,CORE_HR
EVT00050213,2023-02-07,EMP03080,CC0034,IT,1,Leave Return,,CAD,CAN,2023-02-07 10:00:00,CORE_HR
EVT00050257,2023-02-24,EMP04819,CC0074,IT,2,Performance Pay,32765.89,AED,ARE,2023-02-25 13:00:00,CORE_HR
EVT00051216,2023-02-12,EMP04588,CC0072,EN,2,Step Increment,96459.21,CAD,CAN,2023-02-12 18:00:00,CORE_HR
EVT00050663,2023-02-04,EMP02309,CC0094,PA,4,Departure,,CAD,CAN,2023-02-05 01:00:00,CORE_HR
EVT00051524,2023-02-04,EMP04437,CC0071,EN,5,Performance Pay,14552.5,CAD,CA,2023-02-04 15:00:00,PAYROLL
EVT00051572,2023-02-25,EMP04086,CC0063,EN,4,Performance Pay,13908.58,CAD,CAN,2023-02-25 09:00:00,CORE_HR
EVT00049957,2023-02-05,EMP00857,CC0111,IT,1,Step Increment,4154485.83,INR,IND,2023-02-06 10:00:00,CORE_HR
EVT00051056,2023-02-04,EMP02573,CC0032,AS,3,Hire,74530.58,CAD,CAN,2023-02-05 07:00:00,CORE_HR
EVT00050783,2023-02-24,EMP03302,CC0044,EN,2,Departure,,CAD,CA,2023-02-24 21:00:00,PAYROLL
EVT00050770,2023-02-27,EMP00914,CC0081,PA,3,Promotion,82005.33,CAD,CA,2023-02-27 13:00:00,PAYROLL
EVT00050559,2023-02-16,EMP00174,CC0115,IT,2,Hire,104489.72,CAD,CA,2023-02-16 12:00:00,PAYROLL
EVT00051069,2023-02-10,EMP04785,CC0118,AS,3,Step Increment,68319.53,CAD,CAN,2023-02-11 09:00:00,CORE_HR
EVT00051393,2023-02-04,EMP00320,CC0027,FI,3,Leave Start,,CAD,CAN,2023-02-04 06:00:00,CORE_HR
EVT00050176,2023-02-02,EMP01459,CC0051,PA,5,Lateral Deployment,,CAD,CAN,2023-02-04 22:00:00,CORE_HR
EVT00049921,2023-02-01,EMP03322,CC0120,EN,4,Step Increment,120513.59,CAD,CAN,2023-02-01 19:00:00,CORE_HR
EVT00050268,2023-02-03,EMP00100,CC0086,EX,2,Step Increment,9177106.5,INR,IN,2023-02-03 17:00:00,PAYROLL
EVT00049858,2023-02-26,EMP03320,CC0048,EN,3,Leave Return,,CAD,CAN,2023-02-26 23:00:00,CORE_HR
EVT00051440,2023-02-13,EMP03655,CC0105,FI,1,Leave Return,,EUR,DE,2023-02-13 19:00:00,PAYROLL
EVT00051547,2023-02-08,EMP04891,CC0046,IT,2,Performance Pay,6480.99,EUR,FR,2023-02-09 05:00:00,PAYROLL
EVT00051032,2023-02-21,EMP04863,CC0051,EN,1,Step Increment,92216.34,CAD,CA,2023-02-21 10:00:00,PAYROLL
EVT00050064,2023-02-23,EMP03953,CC0063,EN,2,Performance Pay,13235.84,CAD,CA,2023-02-24 10:00:00,PAYROLL
EVT00050392,2023-02-08,EMP04646,CC0004,EN,1,Leave Start,,CAD,CA,2023-02-08 11:00:00,PAYROLL
EVT00050369,2023-02-09,EMP04556,CC0099,PA,3,Promotion,80106.69,CAD,CA,2023-02-10 00:00:00,PAYROLL
EVT00051475,2023-02-05,EMP04389,CC0119,EN,3,Step Increment,123294.1,CAD,CAN,2023-02-05 13:00:00,CORE_HR
EVT00051420,2023-02-13,EMP04315,CC0016,EC,4,Step Increment,113630.24,CAD,CAN,2023-02-14 15:00:00,CORE_HR
EVT00051722,2023-02-24,EMP04741,CC0075,IT,4,Leave Start,,CAD,CA,2023-02-25 15:00:00,PAYROLL
EVT00050883,2023-02-14,EMP03448,CC0120,IT,3,Step Increment,105530.85,CAD,CAN,2023-02-14 07:00:00,CORE_HR
EVT00049826,2023-02-09,EMP01817,CC0064,AS,3,Departure,,CAD,CAN,2023-02-09 20:00:00,CORE_HR
EVT00050231,2023-02-18,EMP00384,CC0023,CR,2,Step Increment,58041.68,CAD,CA,2023-02-18 07:00:00,PAYROLL
EVT00050097,2023-02-23,EMP02393,CC0009,AS,4,Performance Pay,2990.94,GBP,GB,2023-02-23 08:00:00,PAYROLL
EVT00050497,2023-02-10,EMP04277,CC0099,AS,1,Leave Return,,CAD,CAN,2023-02-10 19:00:00,CORE_HR
EVT00050661,2023-02-22,EMP03827,CC0019,AS,2,Step Increment,47881.26,CAD,CA,2023-02-23 06:00:00,PAYROLL
EVT00050948,2023-02-08,EMP01365,CC0086,EX,1,Lateral Deployment,,GBP,GBR,2023-02-08 19:00:00,CORE_HR
EVT00050068,2023-02-16,EMP02465,CC0094,EN,4,Performance Pay,10421.25,CAD,CAN,2023-02-17 02:00:00,CORE_HR
EVT00051026,2023-02-20,EMP00044,CC0011,CR,3,Leave Return,,CAD,CAN,2023-02-21 09:00:00,CORE_HR
EVT00050415,2023-02-09,EMP03952,CC0073,EX,1,Performance Pay,14073.75,CAD,CAN,2023-02-10 05:00:00,CORE_HR
EVT00051526,2023-02-01,EMP04003,CC0042,PA,4,Lateral Deployment,,CAD,CAN,2023-02-02 08:00:00,CORE_HR
EVT00050519,2023-02-03,EMP02063,CC0003,EX,1,Step Increment,150903.88,CAD,CAN,2023-02-04 03:00:00,CORE_HR
EVT00050821,2023-02-23,EMP03473,CC0037,CR,3,Leave Start,,CAD,CAN,2023-02-23 17:00:00,CORE_HR
EVT00050301,2023-02-10,EMP01453,CC0055,EN,3,Step Increment,108679.26,CAD,CA,2023-02-11 03:00:00,PAYROLL
EVT00051139,2023-02-02,EMP01063,CC0092,EC,3,Step Increment,86496.84,CAD,CA,2023-02-02 07:00:00,PAYROLL
EVT00050850,2023-02-16,EMP02122,CC0013,AS,4,Promotion,80496.12,CAD,CAN,2023-02-17 08:00:00,CORE_HR
EVT00049879,2023-02-02,EMP04296,CC0076,IT,1,Leave Start,,CAD,CAN,2023-02-03 03:00:00,CORE_HR
EVT00049878,2023-02-22,EMP01555,CC0058,FI,1,Hire,69651.31,CAD,CAN,2023-02-22 08:00:00,CORE_HR
EVT00051340,2023-02-14,EMP04054,CC0041,IT,1,Performance Pay,7434.17,CAD,CAN,2023-02-14 17:00:00,CORE_HR
EVT00050665,2023-02-27,EMP03302,CC0044,EN,2,Leave Start,,CAD,CA,2023-02-27 07:00:00,PAYROLL
EVT00050130,2023-02-24,EMP02480,CC0038,FI,2,Lateral Deployment,,CAD,CA,2023-02-25 03:00:00,PAYROLL
EVT00051690,2023-02-13,EMP03689,CC0019,EC,4,Leave Start,,CAD,CAN,2023-02-13 15:00:00,CORE_HR
EVT00050070,2023-02-10,EMP02978,CC0025,FI,4,Step Increment,103650.8,CAD,CAN,2023-02-10 06:00:00,CORE_HR
EVT00051456,2023-02-01,EMP02103,CC0051,EX,2,Step Increment,158701.53,CAD,CA,2023-02-02 01:00:00,PAYROLL
EVT00050514,2023-02-27,EMP00995,CC0076,IT,2,Performance Pay,5608.83,CAD,CAN,2023-02-27 13:00:00,CORE_HR
EVT00051399,2023-02-17,EMP03998,CC0049,EN,4,Step Increment,115214.19,EUR,DE,2023-02-17 12:00:00,PAYROLL
EVT00051448,2023-02-05,EMP01551,CC0025,CR,1,Leave Start,,CAD,CAN,2023-02-05 20:00:00,CORE_HR
EVT00050887,2023-02-22,EMP00217,CC0087,IT,2,Leave Return,,CAD,CAN,2023-02-22 11:00:00,CORE_HR
EVT00050725,2023-02-14,EMP00755,CC0039,IT,2,Leave Return,,CAD,CAN,2023-02-15 14:00:00,CORE_HR
EVT00051710,2023-02-19,EMP04084,CC0003,EC,2,Leave Start,,CAD,CAN,2023-02-19 19:00:00,CORE_HR
EVT00051479,2023-02-14,EMP04855,CC0039,AS,4,Performance Pay,8036.03,CAD,CA,2023-02-16 02:00:00,PAYROLL
EVT00049997,2023-02-25,EMP03412,CC0052,IT,2,Lateral Deployment,,CAD,CA,2023-02-26 04:00:00,PAYROLL
EVT00050744,2023-02-08,EMP02497,CC0106,EN,3,Step Increment,95565.67,CAD,CAN,2023-02-08 14:00:00,CORE_HR
EVT00050602,2023-02-11,EMP02374,CC0043,IT,1,Leave Start,,CAD,CAN,2023-02-11 19:00:00,CORE_HR
EVT00051070,2023-02-07,EMP04001,CC0048,PA,1,Step Increment,70451.64,CAD,CAN,2023-02-07 10:00:00,CORE_HR
EVT00050925,2023-02-17,EMP01803,CC0100,PA,3,Lateral Deployment,,CAD,CA,2023-02-18 00:00:00,PAYROLL
EVT00050976,2023-02-15,EMP02371,CC0066,FI,3,Leave Return,,CAD,CA,2023-02-15 16:00:00,PAYROLL
EVT00050771,2023-02-08,EMP01961,CC0013,PA,1,Lateral Deployment,,CAD,CA,2023-02-09 07:00:00,PAYROLL
EVT00051534,2023-02-02,EMP01078,CC0022,FI,4,Departure,,CAD,CAN,2023-02-03 06:00:00,CORE_HR
EVT00051231,2023-02-03,EMP03139,CC0111,AS,1,Leave Return,,KES,KEN,2023-02-03 10:00:00,CORE_HR
