event_id,event_date,employee_id,cost_center_id,classification_group,classification_level,event_type,amount_local,local_currency,work_country_code,ingest_ts,source_system
EVT00010949,2021-06-18,EMP00583,CC0043,AS,2,Step Increment,58169.92,CAD,CAN,2021-06-18 21:00:00,CORE_HR
EVT00010576,2021-06-15,EMP03271,CC0011,PA,3,Step Increment,76116.24,CAD,CAN,2021-06-16 02:00:00,CORE_HR
EVT00010396,2021-06-20,EMP04192,CC0080,PA,5,Hire,10710891.74,KES,KEN,2021-06-21 06:00:00,CORE_HR
EVT00011421,2021-06-26,EMP03297,CC0012,PA,2,Performance Pay,4404.56,CAD,CAN,2021-06-27 05:00:00,CORE_HR
EVT00011311,2021-06-03,EMP01591,CC0113,IT,1,Leave Return,,CAD,CA,2021-06-03 07:00:00,PAYROLL
EVT00010255,2021-06-14,EMP03148,CC0021,AS,1,Leave Start,,CAD,CAN,2021-06-15 14:00:00,CORE_HR
EVT00010311,2021-06-25,EMP02319,CC0048,PA,3,Step Increment,76469.4,CAD,CAN,2021-06-28 16:00:00,CORE_HR
EVT00011407,2021-06-23,EMP03156,CC0025,EC,4,Leave Return,,CAD,CA,2021-06-23 21:00:00,PAYROLL
EVT00010807,2021-06-05,EMP02653,CC0018,PA,5,Lateral Deployment,,CAD,CAN,2021-06-06 13:00:00,CORE_HR
EVT00010000,2021-06-18,EMP04294,CC0078,IT,3,Promotion,111324.82,CAD,CA,2021-06-18 15:00:00,PAYROLL
EVT00011653,2021-06-21,EMP02464,CC0116,PA,1,Leave Return,,CAD,CAN,2021-06-21 17:00:00,CORE_HR
EVT00010195,2021-06-22,EMP04037,CC0060,EN,2,Promotion,101618.09,CAD,CAN,2021-06-23 11:00:00,CORE_HR
EVT00010974,2021-06-04,EMP04877,CC0102,PA,2,Leave Start,,CAD,CA,2021-06-05 09:00:00,PAYROLL
EVT00011382,2021-06-01,EMP03466,CC0012,IT,5,Step Increment,138622.2,CAD,CAN,2021-06-01 13:00:00,CORE_HR
EVT00010444,2021-06-05,EMP00888,CC0113,PA,2,Leave Start,,CAD,CA,2021-06-05 07:00:00,PAYROLL
EVT00011088,2021-06-19,EMP01180,CC0063,EX,1,Leave Return,,CAD,CAN,2021-06-20 08:00:00,CORE_HR
EVT00010094,2021-06-16,EMP01159,CC0114,FI,4,Performance Pay,13126.67,CAD,CA,2021-06-17 12:00:00,PAYROLL
EVT00010786,2021-06-23,EMP01236,CC0119,FI,5,Leave Start,,CAD,CA,2021-06-24 12:00:00,PAYROLL
EVT00010499,2021-06-25,EMP02132,CC0051,IT,3,Step Increment,107404.41,CAD,CAN,2021-06-25 14:00:00,CORE_HR
EVT00010956,2021-06-21,EMP01220,CC0070,AS,4,Step Increment,68915.47,CAD,CAN,2021-06-21 13:00:00,CORE_HR
EVT00010628,2021-06-13,EMP02417,CC0008,EN,2,Step Increment,84383.96,CAD,CA,2021-06-13 17:00:00,PAYROLL
EVT00010831,2021-06-07,EMP04349,CC0102,FI,1,Performance Pay,6830.54,CAD,CA,2021-06-07 15:00:00,PAYROLL
EVT00010928,2021-06-09,EMP02036,CC0029,IT,5,Promotion,14218506.63,KES,KE,2021-06-10 00:00:00,PAYROLL
EVT00011163,2021-06-14,EMP01920,CC0071,EN,3,Step Increment,114815.74,CAD,CAN,2021-06-14 22:00:00,CORE_HR
EVT00010875,2021-06-25,EMP03821,CC0057,IT,2,Leave Return,,CAD,CA,2021-06-25 19:00:00,PAYROLL
EVT00010046,2021-06-14,EMP02265,CC0114,AS,2,Step Increment,46604.08,CAD,CAN,2021-06-14 23:00:00,CORE_HR
EVT00011196,2021-06-19,EMP01135,CC0042,PA,4,Performance Pay,11237.21,CAD,CAN,2021-06-19 23:00:00,CORE_HR
EVT00010591,2021-06-23,EMP04575,CC0050,IT,3,Leave Start,,CAD,CAN,2021-06-23 14:00:00,CORE_HR
EVT00010705,2021-06-09,EMP04548,CC0058,PA,1,Performance Pay,7823.99,CAD,CA,2021-06-09 13:00:00,PAYROLL
EVT00010214,2021-06-17,EMP04331,CC0089,AS,3,Lateral Deployment,,CAD,CAN,2021-06-17 09:00:00,CORE_HR
EVT00010960,2021-06-16,EMP04428,CC0009,FI,1,Step Increment,78369.48,AUD,AUS,2021-06-16 18:00:00,CORE_HR
EVT00010930,2021-06-17,EMP00471,CC0011,IT,1,Hire,76403.44,CAD,CAN,2021-06-18 15:00:00,CORE_HR
EVT00010303,2021-06-05,EMP04655,CC0073,IT,1,Hire,73679.18,CAD,CA,2021-06-05 10:00:00,PAYROLL
EVT00010972,2021-06-26,EMP03198,CC0096,EX,2,Performance Pay,7363.42,CAD,CAN,2021-06-27 04:00:00,CORE_HR
EVT00010931,2021-06-09,EMP00662,CC0063,EN,2,Leave Return,,CAD,CAN,2021-06-09 18:00:00,CORE_HR
EVT00011049,2021-06-08,EMP04631,CC0083,AS,4,Step Increment,71065.79,CAD,CA,2021-06-10 13:00:00,PAYROLL
EVT00010911,2021-06-05,EMP01000,CC0112,IT,4,Leave Start,,CAD,CA,2021-06-05 18:00:00,PAYROLL
EVT00010860,2021-06-07,EMP02237,CC0074,PA,3,Performance Pay,6700.24,GBP,GBR,2021-06-07 08:00:00,CORE_HR
EVT00011626,2021-06-15,EMP00797,CC0109,FI,4,Departure,,CAD,CA,2021-06-16 03:00:00,PAYROLL
EVT00010334,2021-06-06,EMP03145,CC0028,EC,1,Leave Start,,CAD,CAN,2021-06-06 11:00:00,CORE_HR
EVT00011150,2021-06-08,EMP03196,CC0080,PA,1,Lateral Deployment,,INR,IND,2021-06-08 15:00:00,CORE_HR
EVT00011408,2021-06-15,EMP01465,CC0044,EC,3,Step Increment,94550.68,CAD,CAN,2021-06-16 10:00:00,CORE_HR
EVT00010032,2021-06-22,EMP04081,CC0028,PA,2,Step Increment,54757.87,CAD,CAN,2021-06-22 20:00:00,CORE_HR
EVT00010835,2021-06-25,EMP03258,CC0068,IT,1,Departure,,CAD,CA,2021-06-25 15:00:00,PAYROLL
EVT00011122,2021-06-15,EMP04979,CC0048,IT,2,Performance Pay,12069.13,CAD,CAN,2021-06-15 09:00:00,CORE_HR
EVT00011537,2021-06-06,EMP03764,CC0104,EN,1,Leave Return,,CAD,CA,2021-06-07 03:00:00,PAYROLL
EVT00010477,2021-06-21,EMP02644,CC0100,EC,2,Hire,82410.13,CAD,CA,2021-06-22 01:00:00,PAYROLL
EVT00011437,2021-06-02,EMP00161,CC0047,PA,1,Lateral Deployment,,CAD,CA,2021-06-02 09:00:00,PAYROLL
EVT00010914,2021-06-11,EMP00669,CC0118,CR,3,Hire,59967.96,CAD,CA,2021-06-12 13:00:00,PAYROLL
EVT00010039,2021-06-01,EMP04502,CC0110,PA,2,Step Increment,62113.94,CAD,CA,2021-06-01 13:00:00,PAYROLL
EVT00010270,2021-06-08,EMP01736,CC0088,PA,1,Step Increment,6359138.69,JPY,JP,2021-06-09 15:00:00,PAYROLL
EVT00011704,2021-06-20,EMP02101,CC0008,EC,2,Promotion,82301.19,CAD,CAN,2021-06-21 05:00:00,CORE_HR
EVT00009910,2021-06-13,EMP00599,CC0039,PA,4,Leave Start,,CAD,CAN,2021-06-14 00:00:00,CORE_HR
EVT00010040,2021-06-14,EMP01191,CC0031,EC,1,Leave Start,,MXN,MX,2021-06-14 06:00:00,PAYROLL
EVT00011285,2021-06-21,EMP02659,CC0033,IT,2,Performance Pay,11002.13,CAD,CA,2021-06-21 15:00:00,PAYROLL
EVT00010700,2021-06-24,EMP04545,CC0016,EN,1,Step Increment,78545.29,CAD,CAN,2021-06-24 15:00:00,CORE_HR
EVT00010553,2021-06-22,EMP00649,CC0075,PA,1,Leave Return,,CAD,CA,2021-06-22 09:00:00,PAYROLL
EVT00011042,2021-06-17,EMP02189,CC0105,FI,1,Step Increment,65049.35,SGD,SG,2021-06-18 09:00:00,PAYROLL
EVT00010769,2021-06-10,EMP01058,CC0035,IT,3,Lateral Deployment,,CAD,CA,2021-06-11 15:00:00,PAYROLL
EVT00011106,2021-06-23,EMP01790,CC0037,IT,2,Departure,,CAD,CAN,2021-06-24 13:00:00,CORE_HR
EVT00010502,2021-06-04,EMP04027,CC0072,AS,2,Leave Start,,CAD,CAN,2021-06-04 17:00:00,CORE_HR
EVT00011172,2021-06-17,EMP03130,CC0012,EC,3,Leave Return,,CAD,CA,2021-06-20 10:00:00,PAYROLL
EVT00010166,2021-06-12,EMP02569,CC0096,FI,2,Performance Pay,5673.75,CAD,CAN,2021-06-13 03:00:00,CORE_HR
EVT00011632,2021-06-04,EMP01433,CC0037,FI,3,Lateral Deployment,,CAD,CAN,2021-06-05 12:00:00,CORE_HR
EVT00010293,2021-06-02,EMP01111,CC0006,CR,2,Leave Start,,CAD,CA,2021-06-04 19:00:00,PAYROLL
EVT00010096,2021-06-03,EMP01545,CC0109,PA,4,Step Increment,94481.0,CAD,CAN,2021-06-04 02:00:00,CORE_HR
EVT00011065,2021-06-01,EMP04990,CC0022,PA,3,Departure,,CAD,CAN,2021-06-01 06:00:00,CORE_HR
EVT00010684,2021-06-11,EMP00447,CC0047,PA,3,Step Increment,78127.0,CAD,CAN,2021-06-12 01:00:00,CORE_HR
EVT00011180,2021-06-03,EMP02722,CC0066,PA,3,Leave Return,,CAD,CAN,2021-06-04 03:00:00,CORE_HR
EVT00010802,2021-06-20,EMP03996,CC0119,PA,2,Leave Return,,CAD,CAN,2021-06-20 13:00:00,CORE_HR
EVT00011500,2021-06-21,EMP01949,CC0050,PA,2,Step Increment,58495.56,CAD,CAN,2021-06-21 11:00:00,CORE_HR
EVT00010195,2021-06-22,EMP04037,CC0060,EN,2,Promotion,101618.09,CAD,CAN,2021-06-25 14:00:00,CORE_HR
EVT00011471,2021-06-23,EMP02812,CC0094,PA,2,Departure,,CAD,CA,2021-06-24 01:00:00,PAYROLL
EVT00010184,2021-06-06,EMP02738,CC0033,PA,4,Leave Return,,CAD,CAN,2021-06-07 04:00:00,CORE_HR
EVT00011735,2021-06-03,EMP03582,CC0110,AS,3,Lateral Deployment,,CAD,CAN,2021-06-04 05:00:00,CORE_HR
EVT00010602,2021-06-15,EMP00145,CC0072,AS,2,Step Increment,67043.23,CAD,CAN,2021-06-16 04:00:00,CORE_HR
EVT00010260,2021-06-07,EMP03372,CC0087,EN,1,Departure,,CAD,CAN,2021-06-07 12:00:00,CORE_HR
EVT00010002,2021-06-24,EMP01188,CC0075,AS,2,Departure,,CAD,CAN,2021-06-25 11:00:00,CORE_HR
EVT00010319,2021-06-06,EMP02783,CC0022,CR,2,Performance Pay,7549.88,CAD,CA,2021-06-06 23:00:00,PAYROLL
EVT00010767,2021-06-15,EMP00715,CC0064,FI,1,Leave Start,,CAD,CAN,2021-06-15 21:00:00,CORE_HR
EVT00010358,2021-06-10,EMP00423,CC0077,EN,5,Performance Pay,16072.93,CAD,CA,2021-06-10 23:00:00,PAYROLL
EVT00010757,2021-06-19,EMP03606,CC0001,EN,1,Leave Start,,CAD,CA,2021-06-22 15:00:00,PAYROLL
EVT00010849,2021-06-08,EMP00151,CC0001,EX,1,Step Increment,118103.86,CAD,CAN,2021-06-09 09:00:00,CORE_HR
EVT00010123,2021-06-14,EMP01191,CC0031,EC,1,Performance Pay,13589.64,BRL,BR,2021-06-15 09:00:00,PAYROLL
EVT00010438,2021-06-05,EMP02889,CC0067,FI,4,Lateral Deployment,,CAD,CA,2021-06-05 07:00:00,PAYROLL
EVT00011601,2021-06-08,EMP04854,CC0106,EC,5,Hire,131847.52,CAD,CA,2021-06-09 10:00:00,PAYROLL
EVT00011171,2021-06-10,EMP02597,CC0058,FI,2,Step Increment,75162.59,CAD,CA,2021-06-11 03:00:00,PAYROLL
EVT00011660,2021-06-23,EMP02136,CC0096,PA,1,Step Increment,65489.52,CAD,CAN,2021-06-24 11:00:00,CORE_HR
EVT00010025,2021-06-25,EMP01277,CC0017,PA,3,Performance Pay,3231.14,CAD,CAN,2021-06-25 06:00:00,CORE_HR
EVT00011213,2021-06-18,EMP00720,CC0060,EC,2,Step Increment,92313.77,CAD,CAN,2021-06-18 22:00:00,CORE_HR
EVT00010917,2021-06-09,EMP02890,CC0095,PA,1,Leave Start,,CAD,CAN,2021-06-10 06:00:00,CORE_HR
EVT00011662,2021-06-08,EMP00415,CC0120,FI,2,Performance Pay,6296.75,CAD,CAN,2021-06-08 16:00:00,CORE_HR
EVT00010898,2021-06-20,EMP02586,CC0009,EN,2,Step Increment,10335125.64,JPY,JP,2021-06-21 05:00:00,PAYROLL
EVT00010469,2021-06-06,EMP01744,CC0038,PA,2,Leave Start,,CAD,CA,2021-06-07 03:00:00,PAYROLL
EVT00011728,2021-06-21,EMP04706,CC0003,EX,1,Leave Return,,CAD,CAN,2021-06-22 11:00:00,CORE_HR
EVT00010261,2021-06-26,EMP04989,CC0006,AS,3,Performance Pay,4922.7,CAD,CAN,2021-06-26 14:00:00,CORE_HR
EVT00010075,2021-06-03,EMP04767,CC0045,FI,2,Leave Start,,CAD,CA,2021-06-04 03:00:00,PAYROLL
EVT00011318,2021-06-14,EMP01385,CC0011,FI,2,Step Increment,74071.2,CAD,CAN,2021-06-14 06:00:00,CORE_HR
EVT00010550,2021-06-20,EMP04968,CC0026,EN,1,Step Increment,78207.08,CAD,CA,2021-06-21 05:00:00,PAYROLL
EVT00010157,2021-06-20,EMP01638,CC0091,EX,1,Performance Pay,7063.23,CAD,CA,2021-06-20 09:00:00,PAYROLL
EVT00011432,2021-06-15,EMP01491,CC0069,IT,2,Performance Pay,11614.27,CAD,CA,2021-06-16 00:00:00,PAYROLL
EVT00010048,2021-06-17,EMP04178,CC0032,PA,5,Step Increment,93672.03,CAD,CA,2021-06-18 15:00:00,PAYROLL
EVT00011014,2021-06-10,EMP03823,CC0088,CR,1,Lateral Deployment,,EUR,FRA,2021-06-11 01:00:00,CORE_HR
EVT00010859,2021-06-10,EMP01365,CC0086,EX,1,Step Increment,12229340.91,JPY,JPN,2021-06-12 02:00:00,CORE_HR
EVT00011254,2021-06-20,EMP03611,CC0061,EX,3,Step Increment,156716.06,CAD,CAN,2021-06-20 06:00:00,CORE_HR
EVT00011487,2021-06-18,EMP00952,CC0118,FI,2,Step Increment,73380.59,CAD,CAN,2021-06-19 05:00:00,CORE_HR
EVT00011084,2021-06-08,EMP02875,CC0111,FI,2,Leave Return,,INR,IND,2021-06-08 07:00:00,CORE_HR
EVT00010106,2021-06-06,EMP00597,CC0031,IT,1,Departure,,INR,IND,2021-06-06 22:00:00,CORE_HR
EVT00011133,2021-06-18,EMP04468,CC0107,PA,1,Performance Pay,4061.18,CAD,CAN,2021-06-18 20:00:00,CORE_HR
EVT00009937,2021-06-11,EMP03409,CC0086,CR,3,Lateral Deployment,,USD,USA,2021-06-11 08:00:00,CORE_HR
EVT00011117,2021-06-11,EMP03417,CC0094,AS,4,Step Increment,75789.16,CAD,CAN,2021-06-11 13:00:00,CORE_HR
EVT00011578,2021-06-14,EMP01602,CC0057,IT,4,Step Increment,126392.89,CAD,CAN,2021-06-14 22:00:00,CORE_HR
EVT00010259,2021-06-04,EMP04465,CC0082,PA,4,Leave Start,,CAD,CAN,2021-06-05 15:00:00,CORE_HR
EVT00011416,2021-06-08,EMP02619,CC0011,EN,1,Step Increment,85608.07,CAD,CA,2021-06-09 01:00:00,PAYROLL
EVT00011498,2021-06-03,EMP01797,CC0116,FI,3,Lateral Deployment,,CAD,CAN,2021-06-03 22:00:00,CORE_HR
EVT00011255,2021-06-04,EMP04045,CC0014,AS,2,Performance Pay,3834.71,CAD,CAN,2021-06-04 14:00:00,CORE_HR
EVT00011507,2021-06-13,EMP02882,CC0098,AS,4,Leave Return,,CAD,CAN,2021-06-14 10:00:00,CORE_HR
EVT00011392,2021-06-18,EMP03993,CC0034,EN,2,Performance Pay,12006.33,CAD,CAN,2021-06-19 01:00:00,CORE_HR
EVT00010119,2021-06-18,EMP01468,CC0102,EC,4,Leave Start,,CAD,CAN,2021-06-19 08:00:00,CORE_HR
EVT00011460,2021-06-13,EMP04896,CC0113,AS,1,Hire,53968.44,CAD,CA,2021-06-14 13:00:00,PAYROLL
EVT00010365,2021-06-18,EMP03291,CC0004,CR,3,Performance Pay,6131.43,CAD,CA,2021-06-18 15:00:00,PAYROLL
EVT00011569,2021-06-25,EMP02318,CC0043,AS,4,Leave Start,,CAD,CA,2021-06-25 13:00:00,PAYROLL
EVT00010649,2021-06-08,EMP01437,CC0047,AS,3,Leave Start,,CAD,CAN,2021-06-09 13:00:00,CORE_HR
EVT00010224,2021-06-01,EMP04968,CC0026,EN,1,Step Increment,85269.85,CAD,CA,2021-06-02 09:00:00,PAYROLL
EVT00011223,2021-06-04,EMP04687,CC0059,CR,3,Step Increment,55887.3,CAD,CAN,2021-06-05 09:00:00,CORE_HR
EVT00011616,2021-06-26,EMP02441,CC0056,AS,5,Lateral Deployment,,CAD,CAN,2021-06-26 16:00:00,CORE_HR
EVT00010974,2021-06-04,EMP04877,CC0102,PA,2,Leave Start,,CAD,CA,2021-06-05 02:00:00,PAYROLL
EVT00010738,2021-06-01,EMP03422,CC0046,PA,1,Departure,,BRL,BRA,2021-06-01 06:00:00,CORE_HR
EVT00010728,2021-06-08,EMP03850,CC0024,PA,3,Step Increment,71712.25,CAD,CAN,2021-06-09 03:00:00,CORE_HR
EVT00011389,2021-06-24,EMP03977,CC0103,FI,3,Promotion,91300.28,CAD,CAN,2021-06-24 09:00:00,CORE_HR
EVT00010400,2021-06-27,EMP01820,CC0086,EC,3,Step Increment,254383.82,AED,AE,2021-06-27 23:00:00,PAYROLL
EVT00010766,2021-06-19,EMP03564,CC0035,PA,1,Step Increment,58068.84,CAD,CA,2021-06-20 07:00:00,PAYROLL
EVT00011611,2021-06-04,EMP04627,CC0007,IT,3,Lateral Deployment,,EUR,FR,2021-06-04 17:00:00,PAYROLL
EVT00010682,2021-06-05,EMP00757,CC0035,EC,3,Step Increment,105065.4,CAD,CAN,2021-06-05 19:00:00,CORE_HR
EVT00010341,2021-06-06,EMP03253,CC0069,CR,1,Hire,47926.37,CAD,CA,2021-06-07 00:00:00,PAYROLL
EVT00009898,2021-06-14,EMP00693,CC0056,IT,2,Lateral Deployment,,CAD,CAN,2021-06-15 15:00:00,CORE_HR
EVT00010480,2021-06-06,EMP02106,CC0111,EC,2,Hire,54334.07,EUR,FRA,2021-06-06 22:00:00,CORE_HR
EVT00010554,2021-06-10,EMP02634,CC0112,CR,2,Hire,52350.65,CAD,CAN,2021-06-11 10:00:00,CORE_HR
EVT00010356,2021-06-20,EMP02342,CC0059,IT,4,Lateral Deployment,,CAD,CA,2021-06-21 08:00:00,PAYROLL
EVT00010897,2021-06-27,EMP03958,CC0082,AS,1,Departure,,CAD,CAN,2021-06-28 05:00:00,CORE_HR
EVT00010752,2021-06-07,EMP01660,CC0093,EC,3,Hire,102038.24,CAD,CAN,2021-06-08 06:00:00,CORE_HR
EVT00010570,2021-06-08,EMP00513,CC0088,IT,1,Step Increment,4527290.8,INR,IND,2021-06-09 02:00:00,CORE_HR
EVT00011370,2021-06-13,EMP03679,CC0103,FI,2,Leave Start,,CAD,CAN,2021-06-13 06:00:00,CORE_HR
EVT00010983,2021-06-04,EMP01680,CC0007,PA,3,Step Increment,-7668307.72,KES,KE,2021-06-05 09:00:00,PAYROLL
EVT00011478,2021-06-05,EMP00939,CC0063,IT,3,Lateral Deployment,,CAD,CAN,2021-06-06 14:00:00,CORE_HR
EVT00010446,2021-06-21,EMP02856,CC0079,EN,4,Step Increment,128738.98,CAD,CA,2021-06-22 02:00:00,PAYROLL
EVT00010496,2021-06-20,EMP01490,CC0062,EN,2,Leave Start,,CAD,CAN,2021-06-20 13:00:00,CORE_HR
EVT00011063,2021-06-01,EMP03235,CC0087,EC,2,Lateral Deployment,,CAD,CAN,2021-06-03 06:00:00,CORE_HR
EVT00010168,2021-06-23,EMP02808,CC0009,AS,2,Performance Pay,2658.86,SGD,SGP,2021-06-26 13:00:00,CORE_HR
EVT00011684,2021-06-07,EMP01451,CC0012,PA,1,Step Increment,61667.29,CAD,CA,2021-06-08 13:00:00,PAYROLL
EVT00010101,2021-06-27,EMP01189,CC0058,EC,3,Step Increment,105436.1,CAD,CAN,2021-06-27 18:00:00,CORE_HR
EVT00010190,2021-06-05,EMP00415,CC0120,FI,2,Leave Start,,CAD,CAN,2021-06-06 08:00:00,CORE_HR
EVT00009908,2021-06-27,EMP03802,CC0119,AS,2,Leave Start,,CAD,CA,2021-06-28 11:00:00,PAYROLL
EVT00010559,2021-06-19,EMP02162,CC0101,EC,5,Step Increment,114911.11,CAD,CAN,2021-06-20 13:00:00,CORE_HR
EVT00010737,2021-06-21,EMP04202,CC0110,EC,2,Step Increment,83061.95,CAD,CA,2021-06-22 09:00:00,PAYROLL
EVT00011698,2021-06-01,EMP03326,CC0002,PA,2,Leave Return,,CAD,CA,2021-06-01 12:00:00,PAYROLL
EVT00010137,2021-06-27,EMP02071,CC0008,FI,1,Leave Return,,CAD,CAN,2021-06-28 03:00:00,CORE_HR
EVT00010410,2021-06-15,EMP01783,CC0083,PA,2,Leave Return,,CAD,CA,2021-06-16 09:00:00,PAYROLL
EVT00011485,2021-06-08,EMP00334,CC0112,EN,3,Hire,113164.82,CAD,CAN,2021-06-08 08:00:00,CORE_HR
EVT00011541,2021-06-11,EMP03171,CC0022,EC,1,Performance Pay,6282.02,CAD,CA,2021-06-12 06:00:00,PAYROLL
EVT00010760,2021-06-09,EMP04982,CC0106,IT,3,Performance Pay,5540.59,CAD,CAN,2021-06-09 21:00:00,CORE_HR
EVT00011623,2021-06-15,EMP01834,CC0054,PA,4,Step Increment,57026.81,GBP,GBR,2021-06-15 23:00:00,CORE_HR
EVT00010067,2021-06-06,EMP03787,CC0010,AS,1,Leave Start,,CAD,CAN,2021-06-07 01:00:00,CORE_HR
EVT00011461,2021-06-26,EMP02790,CC0118,PA,2,Leave Start,,CAD,CAN,2021-06-26 16:00:00,CORE_HR
EVT00010422,2021-06-21,EMP02839,CC0071,EX,2,Step Increment,143154.34,CAD,CAN,2021-06-22 01:00:00,CORE_HR
EVT00010043,2021-06-24,EMP01146,CC0076,FI,1,Step Increment,75547.66,CAD,CAN,2021-06-25 15:00:00,CORE_HR
EVT00010704,2021-06-20,EMP02031,CC0081,CR,1,Leave Start,,CAD,CA,2021-06-21 08:00:00,PAYROLL
EVT00010890,2021-06-27,EMP01813,CC0072,EC,3,Promotion,90257.48,CAD,CA,2021-06-28 13:00:00,PAYROLL
EVT00010288,2021-06-12,EMP03332,CC0076,EX,3,Lateral Deployment,,CAD,CAN,2021-06-12 12:00:00,CORE_HR
EVT00010006,2021-06-08,EMP04962,CC0010,EX,1,Step Increment,128331.23,CAD,CA,2021-06-09 08:00:00,PAYROLL
EVT00011242,2021-06-11,EMP00369,CC0117,EX,1,Performance Pay,10023.07,CAD,CA,2021-06-11 20:00:00,PAYROLL
EVT00010170,2021-06-08,EMP02463,CC0021,EN,1,Leave Return,,CAD,CAN,2021-06-08 06:00:00,CORE_HR
EVT00011276,2021-06-25,EMP03369,CC0043,PA,2,Performance Pay,9581.53,CAD,CA,2021-06-26 03:00:00,PAYROLL
EVT00011620,2021-06-18,EMP03727,CC0084,CR,2,Lateral Deployment,,CAD,CAN,2021-06-19 12:00:00,CORE_HR
EVT00010419,2021-06-08,EMP03071,CC0119,PA,5,Leave Return,,CAD,CAN,2021-06-08 17:00:00,CORE_HR
EVT00010122,2021-06-03,EMP04888,CC0040,EN,2,Leave Start,,CAD,CAN,2021-06-04 04:00:00,CORE_HR
EVT00011717,2021-06-17,EMP04051,CC0024,CR,3,Performance Pay,8007.61,CAD,CAN,2021-06-17 13:00:00,CORE_HR
EVT00010005,2021-06-17,EMP04476,CC0102,FI,1,Leave Return,,CAD,CA,2021-06-18 10:00:00,PAYROLL
EVT00010587,2021-06-10,EMP04443,CC0083,FI,3,Promotion,97251.13,CAD,CAN,2021-06-11 02:00:00,CORE_HR
EVT00011200,2021-06-26,EMP02706,CC0105,EC,2,Performance Pay,3274.53,EUR,FR,2021-06-27 11:00:00,PAYROLL
EVT00010415,2021-06-01,EMP01768,CC0006,EX,1,Performance Pay,16758.72,CAD,CAN,2021-06-01 16:00:00,CORE_HR
EVT00010311,2021-06-25,EMP02319,CC0048,PA,3,Step Increment,76469.4,CAD,CAN,2021-06-26 11:00:00,CORE_HR
EVT00010317,2021-06-07,EMP03291,CC0004,CR,3,Lateral Deployment,,CAD,CA,2021-06-09 01:00:00,PAYROLL
EVT00010088,2021-06-13,EMP04770,CC0038,EC,2,Step Increment,92376.87,CAD,CAN,2021-06-13 22:00:00,CORE_HR
EVT00011453,2021-06-23,EMP00808,CC0016,AS,2,Lateral Deployment,,CAD,CA,2021-06-26 13:00:00,PAYROLL
EVT00010274,2021-06-25,EMP03585,CC0099,AS,2,Performance Pay,6865.96,CAD,CA,2021-06-25 13:00:00,PAYROLL
EVT00010065,2021-06-03,EMP01618,CC0101,IT,1,Hire,84075.34,CAD,CA,2021-06-04 02:00:00,PAYROLL
EVT00011068,2021-06-14,EMP03643,CC0079,EC,3,Hire,98001.34,CAD,CA,2021-06-14 21:00:00,PAYROLL
EVT00009892,2021-06-16,EMP00557,CC0077,EN,4,Hire,144946.64,CAD,CA,2021-06-16 20:00:00,PAYROLL
EVT00010611,2021-06-12,EMP02910,CC0089,EN,3,Step Increment,110340.56,CAD,CAN,2021-06-12 21:00:00,CORE_HR
EVT00010698,2021-06-08,EMP01615,CC0056,FI,2,Step Increment,82667.01,CAD,CAN,2021-06-09 00:00:00,CORE_HR
EVT00011637,2021-06-24,EMP02996,CC0114,PA,5,Performance Pay,10876.7,CAD,CA,2021-06-24 22:00:00,PAYROLL
EVT00010305,2021-06-17,EMP04015,CC0057,EN,1,Step Increment,72650.24,CAD,CAN,2021-06-18 09:00:00,CORE_HR
EVT00010674,2021-06-12,EMP02675,CC0102,CR,3,Lateral Deployment,,CAD,CAN,2021-06-12 15:00:00,CORE_HR
EVT00009958,2021-06-16,EMP01511,CC0079,PA,2,Leave Return,,CAD,CA,2021-06-16 21:00:00,PAYROLL
EVT00010242,2021-06-21,EMP00748,CC0101,PA,1,Leave Return,,CAD,CA,2021-06-22 12:00:00,PAYROLL
EVT00011639,2021-06-25,EMP03354,CC0013,FI,1,Leave Return,,CAD,CAN,2021-06-26 12:00:00,CORE_HR
EVT00010017,2021-06-18,EMP00106,CC0018,PA,1,Step Increment,51356.93,CAD,CA,2021-06-18 12:00:00,PAYROLL
EVT00011504,2021-06-13,EMP01714,CC0063,PA,3,Step Increment,80204.82,CAD,CA,2021-06-14 03:00:00,PAYROLL
EVT00011726,2021-06-23,EMP04134,CC0008,EC,2,Step Increment,77232.88,CAD,CA,2021-06-23 13:00:00,PAYROLL
EVT00011085,2021-06-24,EMP04024,CC0115,PA,1,Lateral Deployment,,CAD,CAN,2021-06-25 12:00:00,CORE_HR
EVT00011378,2021-06-16,EMP02260,CC0092,IT,1,Lateral Deployment,,CAD,CAN,2021-06-17 12:00:00,CORE_HR
EVT00011688,2021-06-17,EMP04931,CC0039,PA,4,Step Increment,92851.59,CAD,CAN,2021-06-18 08:00:00,CORE_HR
EVT00011260,2021-06-15,EMP02243,CC0017,EX,1,Leave Return,,CAD,CAN,2021-06-16 09:00:00,CORE_HR
EVT00010257,2021-06-12,EMP03527,CC0012,IT,3,Performance Pay,9063.79,CAD,CAN,2021-06-12 21:00:00,CORE_HR
EVT00010289,2021-06-01,EMP02191,CC0074,EX,2,Departure,,AED,ARE,2021-06-01 17:00:00,CORE_HR
EVT00011096,2021-06-17,EMP02605,CC0070,IT,2,Promotion,90862.45,CAD,CA,2021-06-17 18:00:00,PAYROLL
EVT00009913,2021-06-24,EMP04642,CC0044,PA,1,Departure,,CAD,CAN,2021-06-25 13:00:00,CORE_HR
EVT00011568,2021-06-07,EMP00471,CC0011,IT,1,Promotion,74243.58,CAD,CA,2021-06-08 13:00:00,PAYROLL
EVT00010418,2021-06-10,EMP03131,CC0102,CR,5,Leave Start,,CAD,CAN,2021-06-10 19:00:00,CORE_HR
EVT00011404,2021-06-11,EMP00812,CC0026,AS,3,Performance Pay,5643.35,CAD,CA,2021-06-12 12:00:00,PAYROLL
EVT00011570,2021-06-09,EMP03037,CC0093,AS,1,Performance Pay,3477.89,CAD,CAN,2021-06-09 15:00:00,CORE_HR
EVT00011258,2021-06-24,EMP01468,CC0102,EC,4,Performance Pay,8835.99,CAD,CAN,2021-06-24 07:00:00,CORE_HR
EVT00010617,2021-06-02,EMP00002,CC0068,EN,3,Leave Start,,CAD,CA,2021-06-03 12:00:00,PAYROLL
EVT00010787,2021-06-11,EMP00471,CC0011,IT,1,Leave Return,,CAD,CA,2021-06-11 22:00:00,PAYROLL
EVT00010551,2021-06-07,EMP02244,CC0115,AS,2,Leave Return,,CAD,CAN,2021-06-09 14:00:00,CORE_HR
EVT00010534,2021-06-11,EMP04189,CC0004,PA,1,Hire,63330.71,CAD,CAN,2021-06-12 10:00:00,CORE_HR
EVT00011403,2021-06-26,EMP03672,CC0052,AS,2,Performance Pay,4554.7,CAD,CA,2021-06-27 14:00:00,PAYROLL
EVT00010445,2021-06-06,EMP01654,CC0112,FI,2,Leave Return,,CAD,CAN,2021-06-07 02:00:00,CORE_HR
EVT00010605,2021-06-27,EMP02379,CC0001,EX,2,Step Increment,135175.46,CAD,CA,2021-06-27 21:00:00,PAYROLL
EVT00011005,2021-06-22,EMP04942,CC0033,FI,4,Leave Return,,CAD,CA,2021-06-23 00:00:00,PAYROLL
EVT00011098,2021-06-18,EMP02497,CC0106,EN,3,Step Increment,83721.87,CAD,CAN,2021-06-18 13:00:00,CORE_HR
EVT00011064,2021-06-04,EMP01746,CC0040,PA,4,Step Increment,85565.71,CAD,CAN,2021-06-05 15:00:00,CORE_HR
EVT00011493,2021-06-15,EMP02224,CC0120,EX,1,Leave Start,,CAD,CA,2021-06-15 20:00:00,PAYROLL
EVT00011298,2021-06-04,EMP00111,CC0089,AS,4,Leave Return,,CAD,CAN,2021-06-04 09:00:00,CORE_HR
EVT00010292,2021-06-10,EMP01176,CC0083,AS,1,Hire,52610.01,CAD,CA,2021-06-10 13:00:00,PAYROLL
EVT00011654,2021-06-24,EMP03480,CC0065,FI,2,Step Increment,63722.77,USD,US,2021-06-25 15:00:00,PAYROLL
EVT00010427,2021-06-27,EMP01993,CC0111,FI,2,Step Increment,1138137.27,MXN,MX,2021-06-28 13:00:00,PAYROLL
EVT00011105,2021-06-18,EMP03406,CC0045,EC,5,Step Increment,118789.91,CAD,CAN,2021-06-19 05:00:00,CORE_HR
EVT00010269,2021-06-01,EMP03959,CC0048,AS,2,Hire,47288.5,CAD,CAN,2021-06-02 00:00:00,CORE_HR
EVT00010961,2021-06-22,EMP04771,CC0026,EN,3,Departure,,CAD,CA,2021-06-23 13:00:00,PAYROLL
EVT00010194,2021-06-09,EMP02696,CC0076,IT,1,Leave Start,,CAD,CA,2021-06-10 14:00:00,PAYROLL
EVT00010513,2021-06-06,EMP04738,CC0069,FI,1,Hire,74528.78,CAD,CAN,2021-06-06 12:00:00,CORE_HR
EVT00010622,2021-06-02,EMP01867,CC0115,CR,2,Promotion,50574.95,CAD,CA,2021-06-03 04:00:00,PAYROLL
EVT00010968,2021-06-22,EMP00334,CC0112,EN,3,Leave Return,,CAD,CA,2021-06-23 01:00:00,PAYROLL
EVT00011476,2021-06-17,EMP01184,CC0041,EX,1,Leave Return,,CAD,CAN,2021-06-17 11:00:00,CORE_HR
EVT00011291,2021-06-01,EMP03293,CC0048,FI,3,Performance Pay,9745.38,CAD,CAN,2021-06-01 19:00:00,CORE_HR
EVT00010693,2021-06-24,EMP04508,CC0054,FI,1,Leave Start,,USD,US,2021-06-24 17:00:00,PAYROLL
EVT00009907,2021-06-19,EMP00409,CC0081,IT,5,Promotion,124441.94,CAD,CAN,2021-06-20 02:00:00,CORE_HR
EVT00010044,2021-06-17,EMP01093,CC0086,IT,3,Leave Return,,BRL,BRA,2021-06-18 13:00:00,CORE_HR
EVT00010219,2021-06-19,EMP02757,CC0068,AS,3,Leave Start,,CAD,CAN,2021-06-19 11:00:00,CORE_HR
EVT00011733,2021-06-06,EMP02371,CC0066,FI,3,Departure,,CAD,CA,2021-06-07 07:00:00,PAYROLL
EVT00009939,2021-06-01,EMP03416,CC0087,EX,1,Performance Pay,15857.83,CAD,CA,2021-06-04 08:00:00,PAYROLL
EVT00011542,2021-06-21,EMP01312,CC0028,EN,4,Step Increment,124804.06,CAD,CAN,2021-06-22 00:00:00,CORE_HR
EVT00011490,2021-06-25,EMP01087,CC0114,EC,2,Lateral Deployment,,CAD,CAN,2021-06-26 04:00:00,CORE_HR
EVT00010918,2021-06-25,EMP03557,CC0009,PA,2,Lateral Deployment,,INR,IND,2021-06-25 07:00:00,CORE_HR
EVT00010867,2021-06-05,EMP04302,CC0053,AS,3,Hire,67922.38,CAD,CA,2021-06-05 13:00:00,PAYROLL
EVT00010013,2021-06-15,EMP03143,CC0092,PA,2,Performance Pay,6669.27,CAD,CA,2021-06-16 01:00:00,PAYROLL
EVT00011207,2021-06-09,EMP02880,CC0087,CR,1,Departure,,CAD,CAN,2021-06-09 12:00:00,CORE_HR
EVT00011674,2021-06-08,EMP00608,CC0052,PA,1,Step Increment,65065.45,CAD,CAN,2021-06-08 08:00:00,CORE_HR
EVT00011334,2021-06-26,EMP02885,CC0091,PA,2,Hire,63373.03,CAD,CA,2021-06-26 13:00:00,PAYROLL
EVT00010773,2021-06-14,EMP02732,CC0089,CR,4,Step Increment,70681.39,CAD,CA,2021-06-15 15:00:00,PAYROLL
EVT00011489,2021-06-16,EMP00910,CC0098,FI,3,Leave Start,,CAD,CAN,2021-06-16 18:00:00,CORE_HR
EVT00009920,2021-06-02,EMP04360,CC0028,AS,4,Departure,,CAD,CAN,2021-06-02 18:00:00,CORE_HR
EVT00011673,2021-06-15,EMP04459,CC0108,EX,1,Step Increment,82859.89,EUR,FR,2021-06-16 04:00:00,PAYROLL
EVT00010110,2021-06-06,EMP00521,CC0116,EC,4,Step Increment,97641.32,CAD,CAN,2021-06-06 13:00:00,CORE_HR
EVT00010026,2021-06-20,EMP02728,CC0079,PA,3,Leave Return,,CAD,CA,2021-06-20 10:00:00,PAYROLL
EVT00011661,2021-06-20,EMP01645,CC0004,PA,4,Lateral Deployment,,CAD,CA,2021-06-21 03:00:00,PAYROLL
EVT00010164,2021-06-10,EMP02896,CC0070,EN,5,Hire,125117.75,CAD,CAN,2021-06-10 12:00:00,CORE_HR
EVT00010206,2021-06-19,EMP01481,CC0040,FI,2,Performance Pay,4666.05,CAD,CAN,2021-06-19 14:00:00,CORE_HR
EVT00011375,2021-06-02,EMP01428,CC0111,EN,4,Leave Return,,EUR,DEU,2021-06-03 14:00:00,CORE_HR
EVT00010610,2021-06-05,EMP02072,CC0090,PA,2,Performance Pay,6528.92,CAD,CA,2021-06-05 11:00:00,PAYROLL
EVT00010329,2021-06-02,EMP02685,CC0022,PA,5,Departure,,CAD,CAN,2021-06-02 11:00:00,CORE_HR
EVT00010325,2021-06-27,EMP00279,CC0116,EN,2,Leave Return,,CAD,CA,2021-06-27 12:00:00,PAYROLL
EVT00011622,2021-06-02,EMP00844,CC0073,EN,3,Step Increment,107305.6,CAD,CAN,2021-06-02 11:00:00,CORE_HR
EVT00010858,2021-06-05,EMP03004,CC0057,AS,4,Performance Pay,4550.0,CAD,CA,2021-06-06 06:00:00,PAYROLL
EVT00009955,2021-06-23,EMP03721,CC0110,AS,5,Departure,,CAD,CAN,2021-06-23 22:00:00,CORE_HR
EVT00010268,2021-06-18,EMP01942,CC0075,IT,2,Hire,70903.64,CAD,CAN,2021-06-19 15:00:00,CORE_HR
EVT00011679,2021-06-14,EMP01471,CC0079,AS,1,Departure,,CAD,CAN,2021-06-14 12:00:00,CORE_HR
EVT00011290,2021-06-14,EMP01784,CC0096,EN,1,Step Increment,75021.04,CAD,CAN,2021-06-14 10:00:00,CORE_HR
EVT00011699,2021-06-26,EMP02778,CC0020,AS,3,Step Increment,75354.18,CAD,CA,2021-06-26 23:00:00,PAYROLL
EVT00011365,2021-06-07,EMP03469,CC0040,IT,1,Leave Start,,CAD,CAN,2021-06-08 09:00:00,CORE_HR
EVT00010459,2021-06-24,EMP04803,CC0060,PA,1,Step Increment,65064.93,CAD,CAN,2021-06-25 06:00:00,CORE_HR
EVT00009943,2021-06-19,EMP04200,CC0049,AS,3,Hire,200805.8,AED,AE,2021-06-19 11:00:00,PAYROLL
EVT00010448,2021-06-13,EMP01267,CC0012,EC,4,Lateral Deployment,,CAD,CA,2021-06-14 02:00:00,PAYROLL
EVT00010912,2021-06-27,EMP01100,CC0090,PA,4,Promotion,91329.66,CAD,CAN,2021-06-27 23:00:00,CORE_HR
EVT00011572,2021-06-12,EMP02390,CC0108,CR,2,Leave Return,,JPY,JP,2021-06-12 12:00:00,PAYROLL
EVT00010407,2021-06-22,EMP04328,CC0062,IT,3,Lateral Deployment,,CAD,CAN,2021-06-22 17:00:00,CORE_HR
EVT00010756,2021-06-24,EMP01144,CC0107,IT,2,Leave Start,,CAD,CAN,2021-06-25 04:00:00,CORE_HR
EVT00011214,2021-06-26,EMP03093,CC0079,EN,1,Hire,85961.0,CAD,CAN,2021-06-26 23:00:00,CORE_HR
EVT00010516,2021-06-26,EMP02944,CC0078,PA,4,Leave Return,,CAD,CA,2021-06-27 04:00:00,PAYROLL
EVT00011279,2021-06-03,EMP04724,CC0033,FI,2,Promotion,102655.84,CAD,CAN,2021-06-04 07:00:00,CORE_HR
EVT00011284,2021-06-23,EMP02994,CC0105,IT,1,Lateral Deployment,,MXN,MEX,2021-06-24 08:00:00,CORE_HR
EVT00011475,2021-06-06,EMP00932,CC0075,EX,1,Step Increment,158841.03,CAD,CAN,2021-06-07 09:00:00,CORE_HR
EVT00010594,2021-06-05,EMP02216,CC0083,EX,1,Hire,128341.84,CAD,CA,2021-06-05 08:00:00,PAYROLL
EVT00010492,2021-06-18,EMP01407,CC0012,PA,4,Lateral Deployment,,CAD,CA,2021-06-18 23:00:00,PAYROLL
EVT00010657,2021-06-01,EMP00955,CC0057,EC,1,Hire,68549.82,CAD,CAN,2021-06-02 11:00:00,CORE_HR
EVT00011089,2021-06-17,EMP01085,CC0035,FI,3,Leave Start,,CAD,CA,2021-06-17 12:00:00,PAYROLL
EVT00011174,2021-06-09,EMP03339,CC0007,AS,1,Step Increment,56187.28,SGD,SGP,2021-06-09 13:00:00,CORE_HR
EVT00011112,2021-06-21,EMP00928,CC0092,PA,5,Step Increment,86637.48,CAD,CAN,2021-06-21 18:00:00,CORE_HR
EVT00009885,2021-06-13,EMP04003,CC0042,PA,4,Step Increment,85934.47,CAD,CAN,2021-06-13 19:00:00,CORE_HR
EVT00011677,2021-06-26,EMP01440,CC0062,EC,2,Leave Return,,CAD,CAN,2021-06-27 05:00:00,CORE_HR
EVT00011107,2021-06-20,EMP01190,CC0109,EC,4,Step Increment,105822.17,CAD,CA,2021-06-21 15:00:00,PAYROLL
EVT00010809,2021-06-21,EMP02254,CC0031,AS,3,Step Increment,269368.93,BRL,BRA,2021-06-21 17:00:00,CORE_HR
EVT00010596,2021-06-15,EMP04931,CC0039,PA,4,Performance Pay,9591.05,CAD,CA,2021-06-15 07:00:00,PAYROLL
EVT00011066,2021-06-06,EMP03115,CC0064,CR,3,Lateral Deployment,,CAD,CA,2021-06-06 20:00:00,PAYROLL
EVT00010054,2021-06-17,EMP03371,CC0022,AS,2,Lateral Deployment,,CAD,CAN,2021-06-17 06:00:00,CORE_HR
EVT00010870,2021-06-18,EMP02538,CC0012,IT,2,Departure,,CAD,CAN,2021-06-19 04:00:00,CORE_HR
EVT00010871,2021-06-21,EMP04481,CC0103,AS,1,Leave Start,,CAD,CAN,2021-06-22 06:00:00,CORE_HR
EVT00010574,2021-06-08,EMP00489,CC0066,PA,1,Step Increment,54174.24,CAD,CAN,2021-06-08 23:00:00,CORE_HR
EVT00010081,2021-06-09,EMP02910,CC0089,EN,3,Step Increment,95843.3,CAD,CAN,2021-06-10 00:00:00,CORE_HR
EVT00010525,2021-06-08,EMP02758,CC0029,AS,4,Step Increment,6345578.25,JPY,JPN,2021-06-09 05:00:00,CORE_HR
EVT00011440,2021-06-06,EMP00446,CC0004,PA,5,Performance Pay,6520.65,CAD,CA,2021-06-07 02:00:00,PAYROLL
EVT00011344,2021-06-13,EMP02456,CC0028,PA,4,Step Increment,92793.21,CAD,CAN,2021-06-14 05:00:00,CORE_HR
EVT00011631,2021-06-02,EMP03628,CC0027,EX,2,Step Increment,156110.62,CAD,CAN,2021-06-02 06:00:00,CORE_HR
EVT00011442,2021-06-14,EMP02969,CC0022,CR,1,Hire,47080.0,CAD,CAN,2021-06-15 02:00:00,CORE_HR
EVT00010059,2021-06-17,EMP04909,CC0104,CR,3,Leave Return,,CAD,CA,2021-06-17 21:00:00,PAYROLL
EVT00011197,2021-06-23,EMP01301,CC0105,AS,3,Performance Pay,3066.16,GBP,GB,2021-06-24 12:00:00,PAYROLL
EVT00011110,2021-06-27,EMP00393,CC0011,FI,4,Leave Return,,CAD,CA,2021-06-28 05:00:00,PAYROLL
EVT00010103,2021-06-12,EMP02233,CC0017,AS,4,Lateral Deployment,,CAD,CAN,2021-06-12 08:00:00,CORE_HR
EVT00011368,2021-06-04,EMP03434,CC0082,EC,4,Performance Pay,10962.82,CAD,CA,2021-06-05 11:00:00,PAYROLL
EVT00010318,2021-06-06,EMP02198,CC0077,PA,1,Leave Return,,CAD,CA,2021-06-07 01:00:00,PAYROLL
EVT00010003,2021-06-19,EMP04023,CC0043,PA,2,Hire,84609.11,CAD,CA,2021-06-20 15:00:00,PAYROLL
EVT00009984,2021-06-06,EMP03465,CC0052,FI,3,Step Increment,95017.8,CAD,CAN,2021-06-07 03:00:00,CORE_HR
EVT00011571,2021-06-27,EMP01991,CC0102,PA,2,Leave Return,,CAD,CA,2021-06-28 10:00:00,PAYROLL
EVT00011515,2021-06-14,EMP04217,CC0103,CR,5,Hire,67074.05,CAD,CAN,2021-06-14 14:00:00,CORE_HR
EVT00010653,2021-06-21,EMP00815,CC0070,PA,4,Lateral Deployment,,CAD,CAN,2021-06-22 10:00:00,CORE_HR
EVT00011663,2021-06-04,EMP03017,CC0110,EC,2,Leave Return,,CAD,CAN,2021-06-05 00:00:00,CORE_HR
EVT00010877,2021-06-09,EMP01721,CC0070,PA,1,Step Increment,61161.0,CAD,CA,2021-06-09 22:00:00,PAYROLL
EVT00010299,2021-06-24,EMP03332,CC0076,EX,3,Departure,,CAD,CA,2021-06-25 09:00:00,PAYROLL
EVT00010806,2021-06-01,EMP02255,CC0049,EC,5,Lateral Deployment,,BRL,BR,2021-06-01 17:00:00,PAYROLL
EVT00011324,2021-06-27,EMP03037,CC0093,AS,1,Step Increment,58692.01,CAD,CA,2021-06-27 15:00:00,PAYROLL
EVT00010275,2021-06-25,EMP00722,CC0035,IT,1,Hire,65817.13,CAD,CAN,2021-06-26 06:00:00,CORE_HR
EVT00010702,2021-06-27,EMP00236,CC0054,AS,2,Promotion,3366978.35,INR,IND,2021-06-28 10:00:00,CORE_HR
EVT00011017,2021-06-07,EMP02335,CC0004,CR,3,Promotion,45416.67,CAD,CAN,2021-06-08 06:00:00,CORE_HR
EVT00010099,2021-06-18,EMP04281,CC0067,EC,2,Lateral Deployment,,CAD,CAN,2021-06-19 00:00:00,CORE_HR
EVT00010741,2021-06-24,EMP03255,CC0003,IT,2,Step Increment,86807.82,CAD,CAN,2021-06-25 06:00:00,CORE_HR
EVT00011521,2021-06-18,EMP04691,CC0016,EN,2,Leave Start,,CAD,CA,2021-06-19 09:00:00,PAYROLL
EVT00010434,2021-06-24,EMP02149,CC0016,EC,1,Step Increment,52232.33,CAD,CA,2021-06-25 11:00:00,PAYROLL
EVT00011379,2021-06-03,EMP04873,CC0075,PA,2,Leave Start,,CAD,CA,2021-06-04 10:00:00,PAYROLL
EVT00011603,2021-06-19,EMP03720,CC0032,EN,4,Step Increment,121354.63,CAD,CA,2021-06-19 07:00:00,PAYROLL
EVT00011341,2021-06-11,EMP01635,CC0113,IT,2,Hire,90131.74,CAD,CA,2021-06-12 07:00:00,PAYROLL
EVT00011580,2021-06-11,EMP03281,CC0118,PA,2,Step Increment,74040.26,CAD,CAN,2021-06-11 23:00:00,CORE_HR
EVT00011333,2021-06-25,EMP03347,CC0013,EN,4,Leave Return,,CAD,CAN,2021-06-25 11:00:00,CORE_HR
EVT00010544,2021-06-19,EMP02336,CC0005,AS,1,Step Increment,51365.53,CAD,CA,2021-06-20 10:00:00,PAYROLL
EVT00011090,2021-06-01,EMP02206,CC0023,AS,3,Step Increment,57968.42,CAD,CAN,2021-06-02 14:00:00,CORE_HR
EVT00011711,2021-06-25,EMP01534,CC0044,EN,4,Lateral Deployment,,CAD,CAN,2021-06-26 07:00:00,CORE_HR
EVT00010246,2021-06-10,EMP01656,CC0011,IT,1,Leave Start,,CAD,CA,2021-06-10 08:00:00,PAYROLL
EVT00011061,2021-06-03,EMP00058,CC0061,PA,1,Leave Start,,CAD,CA,2021-06-04 12:00:00,PAYROLL
EVT00011559,2021-06-16,EMP02999,CC0039,FI,5,Leave Start,,CAD,CAN,2021-06-16 21:00:00,CORE_HR
EVT00010332,2021-06-20,EMP04616,CC0001,FI,4,Step Increment,99971.53,CAD,CAN,2021-06-20 10:00:00,CORE_HR
EVT00011345,2021-06-18,EMP03998,CC0049,EN,4,Leave Return,,MXN,MX,2021-06-18 10:00:00,PAYROLL
EVT00011579,2021-06-09,EMP03914,CC0087,CR,1,Leave Return,,CAD,CAN,2021-06-10 14:00:00,CORE_HR
EVT00011680,2021-06-11,EMP00899,CC0029,PA,3,Leave Return,,KES,KEN,2021-06-12 06:00:00,CORE_HR
EVT00010244,2021-06-10,EMP02165,CC0039,FI,2,Step Increment,88259.94,CAD,CAN,2021-06-10 17:00:00,CORE_HR
EVT00010128,2021-06-23,EMP04766,CC0056,FI,2,Step Increment,74679.95,CAD,CAN,2021-06-23 08:00:00,CORE_HR
EVT00011531,2021-06-14,EMP04092,CC0092,EN,3,Departure,,CAD,CAN,2021-06-15 10:00:00,CORE_HR
EVT00009922,2021-06-16,EMP04176,CC0001,IT,2,Step Increment,-87699.16,CAD,CAN,2021-06-16 07:00:00,CORE_HR
EVT00011052,2021-06-02,EMP04831,CC0101,PA,2,Performance Pay,8782.42,CAD,CAN,2021-06-03 06:00:00,CORE_HR
EVT00010278,2021-06-03,EMP02265,CC0114,AS,2,Performance Pay,2863.91,CAD,CAN,2021-06-04 12:00:00,CORE_HR
EVT00011092,2021-06-22,EMP00610,CC0030,AS,1,Promotion,692733.98,MXN,MX,2021-06-23 02:00:00,PAYROLL
EVT00010209,2021-06-09,EMP02801,CC0053,FI,3,Leave Return,,CAD,CAN,2021-06-09 07:00:00,CORE_HR
EVT00011457,2021-06-03,EMP03559,CC0100,CR,1,Hire,48324.55,CAD,CA,2021-06-03 15:00:00,PAYROLL
EVT00011387,2021-06-03,EMP04717,CC0101,EN,1,Departure,,CAD,CAN,2021-06-03 23:00:00,CORE_HR
EVT00011309,2021-06-03,EMP04402,CC0025,EX,1,Promotion,123369.89,CAD,CAN,2021-06-03 15:00:00,CORE_HR
EVT00011429,2021-06-13,EMP00822,CC0035,IT,3,Departure,,CAD,CAN,2021-06-13 09:00:00,CORE_HR
EVT00010840,2021-06-09,EMP00350,CC0067,PA,4,Step Increment,74300.89,CAD,CAN,2021-06-10 12:00:00,CORE_HR
EVT00011176,2021-06-05,EMP01673,CC0094,AS,2,Leave Return,,CAD,CA,2021-06-05 13:00:00,PAYROLL
EVT00010478,2021-06-27,EMP00937,CC0049,FI,3,Lateral Deployment,,KES,KE,2021-06-27 14:00:00,PAYROLL
EVT00010895,2021-06-08,EMP04824,CC0014,CR,2,Promotion,61403.56,CAD,CA,2021-06-08 08:00:00,PAYROLL
EVT00010771,2021-06-18,EMP04276,CC0018,AS,2,Departure,,CAD,CAN,2021-06-20 01:00:00,CORE_HR
EVT00011168,2021-06-16,EMP01172,CC0083,EN,1,Step Increment,80856.14,CAD,CAN,2021-06-16 18:00:00,CORE_HR
EVT00010549,2021-06-19,EMP04808,CC0036,EC,1,Step Increment,71730.81,CAD,CA,2021-06-20 08:00:00,PAYROLL
EVT00011317,2021-06-12,EMP00127,CC0047,PA,1,Lateral Deployment,,CAD,CAN,2021-06-13 10:00:00,CORE_HR
EVT00011683,2021-06-25,EMP03604,CC0062,PA,4,Step Increment,80294.24,CAD,CAN,2021-06-26 13:00:00,CORE_HR
EVT00011322,2021-06-03,EMP01313,CC0069,IT,1,Performance Pay,4256.96,CAD,CAN,2021-06-04 07:00:00,CORE_HR
EVT00010047,2021-06-21,EMP00541,CC0053,EX,2,Leave Return,,CAD,CA,2021-06-22 10:00:00,PAYROLL
EVT00010874,2021-06-06,EMP04395,CC0074,EC,1,Leave Return,,KES,KE,2021-06-06 20:00:00,PAYROLL
EVT00011689,2021-06-24,EMP03852,CC0101,CR,2,Hire,55418.81,CAD,CA,2021-06-25 05:00:00,PAYROLL
EVT00011561,2021-06-16,EMP04958,CC0094,IT,4,Leave Return,,CAD,CAN,2021-06-17 15:00:00,CORE_HR
EVT00010437,2021-06-24,EMP00793,CC0026,CR,2,Leave Start,,CAD,CAN,2021-06-24 16:00:00,CORE_HR
EVT00010179,2021-06-03,EMP04470,CC0017,FI,4,Step Increment,92857.81,CAD,CA,2021-06-05 08:00:00,PAYROLL
EVT00010465,2021-06-17,EMP03180,CC0062,AS,2,Leave Return,,CAD,CA,2021-06-17 08:00:00,PAYROLL
EVT00010506,2021-06-01,EMP00006,CC0037,CR,2,Leave Return,,CAD,CA,2021-06-01 16:00:00,PAYROLL
EVT00010903,2021-06-17,EMP01972,CC0084,PA,2,Performance Pay,5487.3,CAD,CAN,2021-06-18 02:00:00,CORE_HR
EVT00010735,2021-06-12,EMP01121,CC0070,CR,1,Leave Return,,CAD,CAN,2021-06-12 20:00:00,CORE_HR
EVT00010100,2021-06-12,EMP04877,CC0102,PA,2,Leave Start,,CAD,CA,2021-06-13 01:00:00,PAYROLL
EVT00009900,2021-06-19,EMP03149,CC0113,PA,1,Leave Return,,CAD,CA,2021-06-19 13:00:00,PAYROLL
EVT00010228,2021-06-14,EMP02535,CC0027,PA,2,Hire,75458.46,CAD,CA,2021-06-14 06:00:00,PAYROLL
EVT00011216,2021-06-10,EMP02901,CC0031,EN,1,Leave Return,,AUD,AUS,2021-06-10 09:00:00,CORE_HR
EVT00011029,2021-06-26,EMP04441,CC0101,EC,2,Step Increment,82651.21,CAD,CA,2021-06-26 16:00:00,PAYROLL
EVT00009983,2021-06-23,EMP02829,CC0028,PA,5,Step Increment,119887.94,CAD,CA,2021-06-23 09:00:00,PAYROLL
EVT00011540,2021-06-12,EMP04378,CC0103,EX,1,Leave Start,,CAD,CAN,2021-06-12 06:00:00,CORE_HR
EVT00010115,2021-06-19,EMP02675,CC0102,CR,3,Step Increment,57281.9,CAD,CAN,2021-06-19 18:00:00,CORE_HR
EVT00009965,2021-06-25,EMP04370,CC0106,CR,4,Leave Start,,CAD,CA,2021-06-26 15:00:00,PAYROLL
EVT00010566,2021-06-11,EMP03807,CC0031,AS,2,Step Increment,5832969.29,JPY,JPN,2021-06-12 02:00:00,CORE_HR
EVT00010603,2021-06-02,EMP00299,CC0090,PA,2,Leave Start,,CAD,CAN,2021-06-03 07:00:00,CORE_HR
EVT00011535,2021-06-04,EMP04382,CC0119,IT,4,Leave Return,,CAD,CA,2021-06-05 14:00:00,PAYROLL
EVT00011636,2021-06-06,EMP99999,CC0033,FI,2,Leave Return,,CAD,CA,2021-06-07 12:00:00,PAYROLL
EVT00009982,2021-06-08,EMP01718,CC0056,PA,3,Lateral Deployment,,CAD,CAN,2021-06-08 10:00:00,CORE_HR
EVT00010384,2021-06-17,EMP02513,CC0041,AS,4,Leave Start,,CAD,CA,2021-06-18 01:00:00,PAYROLL
EVT00010578,2021-06-02,EMP00744,CC0109,AS,5,Performance Pay,8991.56,CAD,CAN,2021-06-03 05:00:00,CORE_HR
EVT00010642,2021-06-13,EMP03788,CC0105,PA,1,Performance Pay,77828.75,MXN,MEX,2021-06-13 16:00:00,CORE_HR
EVT00011095,2021-06-10,EMP03098,CC0015,IT,2,Step Increment,81982.16,CAD,CAN,2021-06-10 15:00:00,CORE_HR
EVT00010326,2021-06-01,EMP01287,CC0109,EC,2,Performance Pay,7318.25,CAD,CAN,2021-06-02 13:00:00,CORE_HR
EVT00010694,2021-06-08,EMP01546,CC0048,EC,1,Performance Pay,2942.16,CAD,CAN,2021-06-09 13:00:00,CORE_HR
EVT00010790,2021-06-22,EMP02626,CC0033,CR,2,Step Increment,51285.06,CAD,CA,2021-06-23 00:00:00,PAYROLL
EVT00010161,2021-06-23,EMP01724,CC0005,PA,1,Leave Return,,CAD,CAN,2021-06-24 12:00:00,CORE_HR
EVT00010778,2021-06-11,EMP02256,CC0036,PA,1,Leave Start,,CAD,CA,2021-06-11 08:00:00,PAYROLL
EVT00011723,2021-06-20,EMP02654,CC0068,IT,4,Lateral Deployment,,CAD,CA,2021-06-21 02:00:00,PAYROLL
EVT00011497,2021-06-03,EMP01107,CC0047,AS,5,Leave Start,,CAD,CA,2021-06-04 14:00:00,PAYROLL
EVT00011582,2021-06-13,EMP00532,CC0116,EC,3,Leave Start,,CAD,CAN,2021-06-13 14:00:00,CORE_HR
EVT00010031,2021-06-17,EMP03604,CC0062,PA,4,Step Increment,91997.87,CAD,CA,2021-06-18 14:00:00,PAYROLL
EVT00009967,2021-06-26,EMP03676,CC0081,IT,2,Leave Start,,CAD,CA,2021-06-26 20:00:00,PAYROLL
EVT00011557,2021-06-17,EMP00624,CC0030,IT,2,Step Increment,237700.23,AED,AE,2021-06-18 03:00:00,PAYROLL
EVT00011398,2021-06-17,EMP04519,CC0036,FI,2,Leave Start,,CAD,CA,2021-06-17 18:00:00,PAYROLL
EVT00010061,2021-06-05,EMP02790,CC0118,PA,2,Step Increment,70851.71,CAD,CAN,2021-06-05 14:00:00,CORE_HR
EVT00010666,2021-06-23,EMP00641,CC0103,FI,2,Step Increment,75342.14,CAD,CAN,2021-06-23 14:00:00,CORE_HR
EVT00011123,2021-06-21,EMP04814,CC0039,CR,2,Step Increment,-51986.22,CAD,CA,2021-06-21 07:00:00,PAYROLL
EVT00011236,2021-06-01,EMP00607,CC0094,EN,2,Performance Pay,12100.17,CAD,CAN,2021-06-02 15:00:00,CORE_HR
EVT00011635,2021-06-24,EMP04647,CC0045,EX,2,Leave Start,,CAD,CA,2021-06-24 16:00:00,PAYROLL
EVT00011304,2021-06-13,EMP03999,CC0004,PA,3,Hire,80181.3,CAD,CAN,2021-06-14 13:00:00,CORE_HR
EVT00010881,2021-06-19,EMP03357,CC0013,IT,3,Leave Start,,CAD,CAN,2021-06-19 11:00:00,CORE_HR
EVT00010531,2021-06-12,EMP04339,CC0114,PA,4,Leave Start,,CAD,CA,2021-06-13 05:00:00,PAYROLL
EVT00010473,2021-06-15,EMP04951,CC0093,PA,3,Leave Start,,CAD,CAN,2021-06-16 02:00:00,CORE_HR
EVT00010279,2021-06-07,EMP01007,CC0019,IT,1,Departure,,CAD,CAN,2021-06-07 21:00:00,CORE_HR
EVT00011357,2021-06-08,EMP02803,CC0088,FI,1,Departure,,AUD,AU,2021-06-08 20:00:00,PAYROLL
EVT00011044,2021-06-26,EMP03817,CC0097,IT,4,Step Increment,91905.88,CAD,CAN,2021-06-26 18:00:00,CORE_HR
EVT00011364,2021-06-25,EMP00487,CC0081,EN,3,Leave Return,,CAD,CA,2021-06-26 02:00:00,PAYROLL
EVT00010218,2021-06-16,EMP04142,CC0049,EX,2,Step Increment,1772791.97,MXN,MEX,2021-06-16 18:00:00,CORE_HR
EVT00010543,2021-06-25,EMP04396,CC0116,EC,4,Lateral Deployment,,CAD,CA,2021-06-26 11:00:00,PAYROLL
EVT00011113,2021-06-26,EMP00253,CC0013,PA,4,Step Increment,91128.67,CAD,CAN,2021-06-26 15:00:00,CORE_HR
EVT00011376,2021-06-22,EMP00888,CC0113,PA,2,Departure,,CAD,CAN,2021-06-22 19:00:00,CORE_HR
EVT00009928,2021-06-20,EMP03542,CC0100,PA,3,Step Increment,73495.46,CAD,CAN,2021-06-21 15:00:00,CORE_HR
EVT00010041,2021-06-27,EMP02730,CC0073,IT,3,Step Increment,106918.82,CAD,CA,2021-06-28 14:00:00,PAYROLL
EVT00010196,2021-06-24,EMP03151,CC0076,EC,2,Leave Return,,CAD,CA,2021-06-24 23:00:00,PAYROLL
EVT00009923,2021-06-09,EMP00713,CC0004,AS,5,Lateral Deployment,,CAD,CA,2021-06-09 23:00:00,PAYROLL
EVT00011431,2021-06-20,EMP03487,CC0053,PA,3,Departure,,CAD,CA,2021-06-20 10:00:00,PAYROLL
EVT00011517,2021-06-19,EMP04912,CC0054,PA,1,Performance Pay,335908.42,INR,IN,2021-06-20 08:00:00,PAYROLL
EVT00011313,2021-06-10,EMP03340,CC0118,PA,4,Step Increment,84936.7,CAD,CAN,2021-06-11 12:00:00,CORE_HR
EVT00010300,2021-06-26,EMP03727,CC0084,CR,2,Step Increment,60516.36,CAD,CAN,2021-06-26 12:00:00,CORE_HR
EVT00010832,2021-06-08,EMP01145,CC0094,EC,1,Hire,66397.17,CAD,CAN,2021-06-09 15:00:00,CORE_HR
EVT00011185,2021-06-18,EMP00077,CC0043,AS,2,Hire,60878.15,XXX,CA,2021-06-18 09:00:00,PAYROLL
EVT00010803,2021-06-15,EMP03346,CC0033,EC,2,Step Increment,71797.96,CAD,CA,2021-06-15 18:00:00,PAYROLL
EVT00010152,2021-06-18,EMP01036,CC0042,AS,3,Leave Start,,CAD,CAN,2021-06-19 15:00:00,CORE_HR
EVT00009989,2021-06-23,EMP00840,CC0099,CR,2,Performance Pay,3734.36,XXX,CAN,2021-06-23 11:00:00,CORE_HR
EVT00010548,2021-06-02,EMP00018,CC0073,PA,5,Leave Start,,CAD,CA,2021-06-02 23:00:00,PAYROLL
EVT00010893,2021-06-25,EMP04322,CC0026,EC,3,Lateral Deployment,,CAD,CA,2021-06-25 10:00:00,PAYROLL
EVT00010297,2021-06-15,EMP00328,CC0022,IT,2,Leave Start,,CAD,CAN,2021-06-15 16:00:00,CORE_HR
EVT00011706,2021-06-01,EMP04327,CC0107,IT,1,Step Increment,82884.16,CAD,CAN,2021-06-01 22:00:00,CORE_HR
EVT00011523,2021-06-12,EMP04762,CC0090,EN,1,Leave Return,,CAD,CAN,2021-06-12 15:00:00,CORE_HR
EVT00010377,2021-06-03,EMP01738,CC0082,PA,2,Step Increment,83648.77,CAD,CAN,2021-06-03 11:00:00,CORE_HR
EVT00010042,2021-06-12,EMP00906,CC0024,FI,3,Performance Pay,9467.47,CAD,CAN,2021-06-12 09:00:00,CORE_HR
EVT00011513,2021-06-27,EMP04288,CC0001,PA,1,Leave Return,,CAD,CAN,2021-06-27 10:00:00,CORE_HR
EVT00010027,2021-06-16,EMP03674,CC0035,IT,2,Step Increment,99729.9,CAD,CAN,2021-06-17 14:00:00,CORE_HR
EVT00010385,2021-06-05,EMP02159,CC0079,EX,1,Step Increment,125784.03,CAD,CAN,2021-06-05 17:00:00,CORE_HR
EVT00010485,2021-06-04,EMP03964,CC0114,AS,2,Step Increment,56044.98,CAD,CAN,2021-06-04 15:00:00,CORE_HR
EVT00010114,2021-06-27,EMP03076,CC0015,FI,1,Step Increment,68737.3,CAD,CA,2021-06-27 10:00:00,PAYROLL
EVT00011583,2021-06-14,EMP01578,CC0078,IT,4,Departure,,CAD,CA,2021-06-14 21:00:00,PAYROLL
EVT00010361,2021-06-02,EMP01276,CC0077,IT,3,Step Increment,102151.45,CAD,CA,2021-06-03 01:00:00,PAYROLL
EVT00010466,2021-06-17,EMP04899,CC0086,PA,2,Departure,,MXN,MX,2021-06-18 06:00:00,PAYROLL
EVT00010145,2021-06-08,EMP03474,CC0048,AS,1,Step Increment,59995.97,CAD,CAN,2021-06-08 12:00:00,CORE_HR
EVT00010155,2021-06-14,EMP03517,CC0058,PA,1,Step Increment,54873.89,CAD,CAN,2021-06-15 01:00:00,CORE_HR
EVT00010229,2021-06-19,EMP04069,CC0057,EC,1,Step Increment,66519.94,CAD,CAN,2021-06-21 17:00:00,CORE_HR
EVT00009981,2021-06-15,EMP00933,CC0053,PA,2,Leave Return,,CAD,CAN,2021-06-16 05:00:00,CORE_HR
EVT00010482,2021-06-08,EMP01423,CC0053,AS,1,Performance Pay,3454.02,CAD,CAN,2021-06-08 18:00:00,CORE_HR
EVT00011530,2021-06-03,EMP01831,CC0084,PA,5,Leave Start,,CAD,CA,2021-06-04 10:00:00,PAYROLL
EVT00010342,2021-06-25,EMP02570,CC0101,PA,4,Performance Pay,4237.39,CAD,CAN,2021-06-26 03:00:00,CORE_HR
EVT00011354,2021-06-08,EMP04834,CC0093,FI,4,Step Increment,95285.3,CAD,CAN,2021-06-08 18:00:00,CORE_HR
EVT00011696,2021-06-19,EMP01661,CC0106,AS,2,Leave Start,,CAD,CAN,2021-06-19 22:00:00,CORE_HR
EVT00011268,2021-06-15,EMP00754,CC0079,EX,1,Step Increment,105509.57,CAD,CA,2021-06-16 00:00:00,PAYROLL
EVT00010144,2021-06-13,EMP03986,CC0078,PA,3,Departure,,CAD,CAN,2021-06-14 10:00:00,CORE_HR
EVT00010905,2021-06-22,EMP00131,CC0077,IT,1,Leave Start,,CAD,CA,2021-06-23 06:00:00,PAYROLL
EVT00010109,2021-06-10,EMP00638,CC0092,CR,3,Step Increment,73397.42,CAD,CAN,2021-06-10 12:00:00,CORE_HR
EVT00010079,2021-06-22,EMP02621,CC0118,AS,5,Step Increment,75566.68,CAD,CA,2021-06-23 05:00:00,PAYROLL
EVT00010226,2021-06-12,EMP03101,CC0014,PA,1,Step Increment,57208.2,CAD,CAN,2021-06-13 15:00:00,CORE_HR
EVT00011428,2021-06-08,EMP03926,CC0007,PA,3,Promotion,8832040.17,JPY,JPN,2021-06-08 15:00:00,CORE_HR
EVT00010770,2021-06-16,EMP00412,CC0003,PA,2,Performance Pay,8291.17,CAD,CAN,2021-06-17 08:00:00,CORE_HR
EVT00010118,2021-06-26,EMP02476,CC0064,AS,3,Step Increment,71868.65,CAD,CA,2021-06-27 02:00:00,PAYROLL
EVT00010230,2021-06-10,EMP00994,CC0083,IT,4,Hire,127361.13,CAD,CAN,2021-06-10 23:00:00,CORE_HR
EVT00010147,2021-06-12,EMP01634,CC0005,FI,2,Hire,88159.19,CAD,CAN,2021-06-13 06:00:00,CORE_HR
EVT00011308,2021-06-02,EMP01515,CC0066,EX,2,Step Increment,145287.71,CAD,CAN,2021-06-03 12:00:00,CORE_HR
EVT00010474,2021-06-03,EMP04571,CC0063,PA,1,Step Increment,51092.2,CAD,CAN,2021-06-03 13:00:00,CORE_HR
EVT00010560,2021-06-24,EMP03315,CC0073,EC,3,Step Increment,89016.13,CAD,CA,2021-06-24 23:00:00,PAYROLL
EVT00011225,2021-06-16,EMP03183,CC0055,CR,4,Step Increment,62826.74,CAD,CAN,2021-06-17 07:00:00,CORE_HR
EVT00010567,2021-06-23,EMP04321,CC0120,EN,5,Hire,127288.89,CAD,CA,2021-06-23 18:00:00,PAYROLL
EVT00010520,2021-06-23,EMP04123,CC0017,PA,5,Departure,,CAD,CA,2021-06-23 07:00:00,PAYROLL
EVT00009896,2021-06-06,EMP00907,CC0077,EN,2,Leave Start,,CAD,CAN,2021-06-06 21:00:00,CORE_HR
EVT00010069,2021-06-27,EMP01759,CC0028,PA,4,Leave Return,,CAD,CA,2021-06-27 06:00:00,PAYROLL
EVT00010995,2021-06-17,EMP02720,CC0049,PA,5,Lateral Deployment,,BRL,BR,2021-06-17 21:00:00,PAYROLL
EVT00010542,2021-06-24,EMP04815,CC0050,IT,1,Step Increment,74986.58,CAD,CA,2021-06-25 07:00:00,PAYROLL
EVT00010677,2021-06-26,EMP03624,CC0078,EC,1,Performance Pay,8855.16,CAD,CA,2021-06-27 03:00:00,PAYROLL
EVT00011598,2021-06-01,EMP04692,CC0019,EN,5,Leave Start,,CAD,CAN,2021-06-02 07:00:00,CORE_HR
EVT00010670,2021-06-18,EMP03888,CC0047,EX,1,Leave Start,,CAD,CAN,2021-06-18 06:00:00,CORE_HR
EVT00011710,2021-06-25,EMP02081,CC0009,EC,3,Step Increment,69233.3,GBP,GB,2021-06-25 10:00:00,PAYROLL
EVT00011300,2021-06-19,EMP00813,CC0010,EC,4,Step Increment,99052.79,CAD,CAN,2021-06-19 11:00:00,CORE_HR
EVT00010210,2021-06-06,EMP04448,CC0035,FI,2,Performance Pay,6293.64,CAD,CA,2021-06-06 21:00:00,PAYROLL
EVT00010001,2021-06-22,EMP04981,CC0105,EX,2,Step Increment,133957.08,EUR,FRA,2021-06-22 07:00:00,CORE_HR
EVT00011235,2021-06-04,EMP03487,CC0053,PA,3,Step Increment,70709.83,CAD,CAN,2021-06-05 14:00:00,CORE_HR
EVT00010247,2021-06-16,EMP02119,CC0062,IT,5,Performance Pay,5731.28,CAD,CA,2021-06-16 20:00:00,PAYROLL
EVT00010089,2021-06-03,EMP02910,CC0089,EN,3,Performance Pay,4404.61,CAD,CA,2021-06-03 23:00:00,PAYROLL
EVT00011002,2021-06-12,EMP02370,CC0059,IT,3,Leave Return,,CAD,CAN,2021-06-13 12:00:00,CORE_HR
EVT00011273,2021-06-20,EMP03790,CC0031,PA,4,Lateral Deployment,,BRL,BR,2021-06-21 12:00:00,PAYROLL
EVT00009919,2021-06-08,EMP00516,CC0102,PA,2,Lateral Deployment,,CAD,CAN,2021-06-08 18:00:00,CORE_HR
EVT00010285,2021-06-24,EMP00924,CC0031,EN,2,Leave Start,,BRL,BR,2021-06-24 08:00:00,PAYROLL
EVT00011646,2021-06-16,EMP02933,CC0092,IT,2,Leave Start,,CAD,CA,2021-06-16 17:00:00,PAYROLL
EVT00010266,2021-06-21,EMP00118,CC0030,AS,2,Lateral Deployment,,INR,IN,2021-06-21 21:00:00,PAYROLL
EVT00010811,2021-06-10,EMP02220,CC0061,PA,1,Leave Return,,CAD,CAN,2021-06-11 15:00:00,CORE_HR
EVT00011395,2021-06-21,EMP02936,CC0030,FI,2,Departure,,AED,AE,2021-06-21 13:00:00,PAYROLL
EVT00011269,2021-06-10,EMP04107,CC0095,IT,4,Leave Start,,CAD,CAN,2021-06-10 15:00:00,CORE_HR
EVT00011681,2021-06-07,EMP02822,CC0054,EX,2,Lateral Deployment,,GBP,GBR,2021-06-08 10:00:00,CORE_HR
EVT00010472,2021-06-27,EMP04105,CC0056,PA,2,Step Increment,73663.28,CAD,CA,2021-06-27 06:00:00,PAYROLL
EVT00010077,2021-06-12,EMP01445,CC0093,PA,4,Leave Return,,CAD,CAN,2021-06-13 09:00:00,CORE_HR
EVT00011315,2021-06-03,EMP04796,CC0006,IT,1,Step Increment,77721.99,CAD,CAN,2021-06-06 22:00:00,CORE_HR
EVT00011025,2021-06-16,EMP00299,CC0090,PA,2,Step Increment,65893.04,CAD,CAN,2021-06-16 18:00:00,CORE_HR
EVT00010030,2021-06-24,EMP03552,CC0119,AS,2,Performance Pay,5283.72,CAD,CAN,2021-06-24 23:00:00,CORE_HR
EVT00011026,2021-06-22,EMP00450,CC0103,IT,5,Step Increment,119353.56,CAD,CAN,2021-06-23 06:00:00,CORE_HR
EVT00010882,2021-06-04,EMP03042,CC0097,AS,4,Leave Return,,CAD,CA,2021-06-05 08:00:00,PAYROLL
EVT00011691,2021-06-26,EMP01277,CC0017,PA,3,Promotion,84262.11,CAD,CAN,2021-06-26 21:00:00,CORE_HR
EVT00010946,2021-06-16,EMP01919,CC0072,AS,4,Step Increment,92379.71,CAD,CA,2021-06-17 05:00:00,PAYROLL
EVT00010725,2021-06-16,EMP03169,CC0006,IT,1,Step Increment,74749.14,CAD,CA,2021-06-17 02:00:00,PAYROLL
EVT00011249,2021-06-23,EMP01379,CC0029,PA,1,Step Increment,3568596.28,INR,IND,2021-06-23 20:00:00,CORE_HR
EVT00011725,2021-06-16,EMP01303,CC0096,PA,2,Leave Return,,CAD,CAN,2021-06-17 10:00:00,CORE_HR
EVT00011483,2021-06-08,EMP01624,CC0110,FI,2,Leave Start,,CAD,CA,2021-06-09 00:00:00,PAYROLL
EVT00010456,2021-06-16,EMP02691,CC0051,AS,2,Leave Start,,CAD,CAN,2021-06-17 14:00:00,CORE_HR
EVT00011480,2021-06-16,EMP03313,CC0057,FI,2,Leave Return,,CAD,CAN,2021-06-16 09:00:00,CORE_HR
EVT00010604,2021-06-12,EMP03675,CC0096,FI,2,Step Increment,65115.69,CAD,CAN,2021-06-13 02:00:00,CORE_HR
EVT00009957,2021-06-19,EMP04602,CC0051,AS,1,Step Increment,51572.01,CAD,CAN,2021-06-21 16:00:00,CORE_HR
EVT00010093,2021-06-16,EMP01998,CC0081,EX,1,Lateral Deployment,,CAD,CA,2021-06-16 06:00:00,PAYROLL
EVT00010287,2021-06-18,EMP04963,CC0089,IT,2,Step Increment,73256.67,CAD,CAN,2021-06-19 07:00:00,CORE_HR
EVT00010826,2021-06-08,EMP00324,CC0094,PA,2,Leave Return,,CAD,CAN,2021-06-08 06:00:00,CORE_HR
EVT00011018,2021-06-17,EMP04816,CC0056,IT,4,Step Increment,120532.24,CAD,CA,2021-06-17 11:00:00,PAYROLL
EVT00011238,2021-06-18,EMP03267,CC0019,EN,1,Performance Pay,7153.05,CAD,CAN,2021-06-18 22:00:00,CORE_HR
EVT00011462,2021-06-23,EMP00436,CC0103,AS,1,Leave Start,,CAD,CAN,2021-06-23 13:00:00,CORE_HR
EVT00010564,2021-06-01,EMP01398,CC0019,FI,1,Leave Start,,CAD,CA,2021-06-01 08:00:00,PAYROLL
EVT00010615,2021-06-06,EMP03706,CC0050,EX,1,Step Increment,128321.15,CAD,CA,2021-06-06 20:00:00,PAYROLL
EVT00009934,2021-06-24,EMP01879,CC0089,PA,3,Promotion,96973.76,CAD,CAN,2021-06-25 02:00:00,CORE_HR
EVT00011046,2021-06-24,EMP03835,CC0063,CR,5,Lateral Deployment,,CAD,CA,2021-06-25 13:00:00,PAYROLL
EVT00010187,2021-06-26,EMP03383,CC0034,AS,4,Lateral Deployment,,CAD,CA,2021-06-26 12:00:00,PAYROLL
EVT00011015,2021-06-10,EMP04372,CC0086,FI,4,Leave Return,,EUR,FR,2021-06-10 07:00:00,PAYROLL
EVT00010060,2021-06-21,EMP04387,CC0033,PA,5,Step Increment,90842.08,CAD,CAN,2021-06-21 22:00:00,CORE_HR
EVT00010355,2021-06-24,EMP01192,CC0034,PA,2,Step Increment,72236.85,CAD,CA,2021-06-25 02:00:00,PAYROLL
EVT00011718,2021-06-24,EMP02734,CC0102,FI,2,Performance Pay,5300.66,CAD,CAN,2021-06-25 07:00:00,CORE_HR
EVT00010401,2021-06-09,EMP03904,CC0039,IT,3,Leave Return,,CAD,CAN,2021-06-09 23:00:00,CORE_HR
EVT00011550,2021-06-07,EMP04922,CC0055,PA,1,Step Increment,55694.25,CAD,CA,2021-06-08 02:00:00,PAYROLL
EVT00010086,2021-06-26,EMP00369,CC0117,EX,1,Leave Start,,CAD,CAN,2021-06-26 06:00:00,CORE_HR
EVT00011251,2021-06-18,EMP01901,CC0099,AS,2,Lateral Deployment,,CAD,CA,2021-06-18 07:00:00,PAYROLL
EVT00011374,2021-06-04,EMP03590,CC0087,PA,3,Performance Pay,6210.81,CAD,CAN,2021-06-04 16:00:00,CORE_HR
EVT00011624,2021-06-02,EMP01740,CC0052,FI,2,Lateral Deployment,,CAD,CA,2021-06-03 03:00:00,PAYROLL
EVT00010600,2021-06-11,EMP02132,CC0051,IT,3,Step Increment,125125.33,CAD,CAN,2021-06-12 12:00:00,CORE_HR
EVT00010461,2021-06-24,EMP01889,CC0008,PA,5,Step Increment,80029.18,CAD,CAN,2021-06-25 00:00:00,CORE_HR
EVT00011686,2021-06-17,EMP00025,CC0084,IT,4,Performance Pay,15043.48,CAD,CA,2021-06-17 20:00:00,PAYROLL
EVT00011536,2021-06-19,EMP00678,CC0094,AS,2,Performance Pay,7880.55,CAD,CA,2021-06-19 11:00:00,PAYROLL
EVT00010467,2021-06-06,EMP02434,CC0066,IT,4,Step Increment,91378.76,CAD,CA,2021-06-06 11:00:00,PAYROLL
EVT00011594,2021-06-27,EMP04445,CC0098,AS,2,Departure,,CAD,CAN,2021-06-30 04:00:00,CORE_HR
EVT00010671,2021-06-07,EMP00095,CC0058,EX,1,Leave Return,,CAD,CAN,2021-06-08 13:00:00,CORE_HR
EVT00010614,2021-06-09,EMP02260,CC0092,IT,1,Lateral Deployment,,CAD,CAN,2021-06-09 13:00:00,CORE_HR
EVT00011232,2021-06-14,EMP04571,CC0063,PA,1,Step Increment,60171.01,CAD,CAN,2021-06-15 00:00:00,CORE_HR
EVT00011244,2021-06-20,EMP04669,CC0047,AS,1,Performance Pay,7259.29,CAD,CA,2021-06-20 06:00:00,PAYROLL
EVT00010450,2021-06-03,EMP01077,CC0014,IT,1,Hire,78582.67,CAD,CAN,2021-06-04 06:00:00,CORE_HR
EVT00010979,2021-06-07,EMP00357,CC0008,EC,3,Step Increment,81514.41,CAD,CA,2021-06-08 15:00:00,PAYROLL
EVT00011567,2021-06-23,EMP02538,CC0012,IT,2,Departure,,CAD,CAN,2021-06-24 08:00:00,CORE_HR
EVT00010330,2021-06-03,EMP04772,CC0056,IT,3,Performance Pay,11838.02,CAD,CAN,2021-06-03 12:00:00,CORE_HR
EVT00009962,2021-06-20,EMP02797,CC0014,AS,1,Lateral Deployment,,CAD,CAN,2021-06-21 10:00:00,CORE_HR
EVT00010804,2021-06-15,EMP01754,CC0007,EX,2,Step Increment,167962.6,AUD,AU,2021-06-16 04:00:00,PAYROLL
EVT00010080,2021-06-17,EMP00959,CC0073,AS,2,Leave Start,,CAD,CAN,2021-06-18 02:00:00,CORE_HR
EVT00010535,2021-06-12,EMP02765,CC0076,AS,4,Performance Pay,3117.29,CAD,CA,2021-06-14 20:00:00,PAYROLL
EVT00010791,2021-06-11,EMP03191,CC0044,PA,2,Leave Start,,CAD,CAN,2021-06-12 02:00:00,CORE_HR
EVT00010051,2021-06-11,EMP01726,CC0050,IT,2,Step Increment,98458.96,CAD,CAN,2021-06-11 21:00:00,CORE_HR
EVT00010855,2021-06-26,EMP02051,CC0083,FI,2,Step Increment,89014.63,CAD,CAN,2021-06-27 13:00:00,CORE_HR
EVT00010154,2021-06-09,EMP03856,CC0056,AS,5,Leave Return,,CAD,CAN,2021-06-09 06:00:00,CORE_HR
EVT00010992,2021-06-04,EMP02949,CC0059,FI,1,Leave Return,,CAD,CAN,2021-06-04 17:00:00,CORE_HR
EVT00011266,2021-06-03,EMP04790,CC0060,IT,1,Step Increment,74812.24,CAD,CAN,2021-06-03 10:00:00,CORE_HR
EVT00010847,2021-06-20,EMP03548,CC0047,EC,2,Lateral Deployment,,CAD,CA,2021-06-20 18:00:00,PAYROLL
EVT00010235,2021-06-13,EMP02679,CC0063,EX,1,Performance Pay,11977.65,CAD,CA,2021-06-14 05:00:00,PAYROLL
EVT00010977,2021-06-22,EMP01042,CC0015,EX,1,Hire,95613.76,CAD,CAN,2021-06-22 15:00:00,CORE_HR
EVT00011351,2021-06-26,EMP03221,CC0073,EX,2,Promotion,161193.87,CAD,CAN,2021-06-27 09:00:00,CORE_HR
EVT00011625,2021-06-22,EMP00015,CC0068,IT,4,Lateral Deployment,,CAD,CAN,2021-06-22 06:00:00,CORE_HR
EVT00011001,2021-06-09,EMP03619,CC0073,EX,1,Performance Pay,6024.02,CAD,CAN,2021-06-10 10:00:00,CORE_HR
EVT00010663,2021-06-10,EMP04890,CC0003,PA,1,Leave Return,,CAD,CAN,2021-06-10 15:00:00,CORE_HR
EVT00011701,2021-06-15,EMP02143,CC0114,PA,5,Leave Start,,CAD,CAN,2021-06-16 10:00:00,CORE_HR
EVT00011201,2021-06-05,EMP04797,CC0097,IT,4,Performance Pay,14402.8,CAD,CA,2021-06-06 04:00:00,PAYROLL
EVT00010316,2021-06-03,EMP00732,CC0113,FI,1,Step Increment,69848.36,CAD,CAN,2021-06-04 02:00:00,CORE_HR
EVT00010295,2021-06-16,EMP03369,CC0043,PA,2,Step Increment,52254.22,CAD,CAN,2021-06-17 00:00:00,CORE_HR
EVT00011296,2021-06-02,EMP04616,CC0001,FI,4,Leave Return,,CAD,CAN,2021-06-03 11:00:00,CORE_HR
EVT00010944,2021-06-20,EMP03412,CC0052,IT,2,Step Increment,87739.93,CAD,CAN,2021-06-21 00:00:00,CORE_HR
EVT00010878,2021-06-27,EMP04251,CC0064,IT,4,Step Increment,119313.37,CAD,CA,2021-06-28 10:00:00,PAYROLL
EVT00011023,2021-06-08,EMP01991,CC0102,PA,2,Step Increment,67416.92,CAD,CAN,2021-06-08 23:00:00,CORE_HR
EVT00011380,2021-06-13,EMP02707,CC0053,EC,2,Hire,88106.53,CAD,CA,2021-06-13 23:00:00,PAYROLL
EVT00011206,2021-06-20,EMP04143,CC0012,AS,2,Lateral Deployment,,CAD,CAN,2021-06-20 20:00:00,CORE_HR
EVT00011596,2021-06-01,EMP00073,CC0041,IT,3,Hire,108699.62,CAD,CA,2021-06-02 05:00:00,PAYROLL
EVT00011439,2021-06-08,EMP04848,CC0045,PA,3,Leave Start,,CAD,CAN,2021-06-09 14:00:00,CORE_HR
EVT00011649,2021-06-27,EMP00336,CC0054,EN,1,Step Increment,91877.58,AUD,AU,2021-06-27 19:00:00,PAYROLL
EVT00010902,1900-01-01,EMP04235,CC0006,IT,1,Step Increment,76714.51,CAD,CAN,2021-06-14 09:00:00,CORE_HR
EVT00011072,2021-06-13,EMP01121,CC0070,CR,1,Step Increment,49377.93,CAD,CAN,2021-06-14 12:00:00,CORE_HR
EVT00011262,2021-06-24,EMP00678,CC0094,AS,2,Step Increment,60718.11,CAD,CA,2021-06-25 04:00:00,PAYROLL
EVT00010754,2021-06-26,EMP02235,CC0017,AS,5,Lateral Deployment,,CAD,CAN,2021-06-26 08:00:00,CORE_HR
EVT00010116,2021-06-13,EMP00821,CC0003,PA,1,Hire,58753.16,CAD,CAN,2021-06-13 07:00:00,CORE_HR
EVT00011362,2021-06-17,EMP02170,CC0082,EX,2,Leave Return,,CAD,CAN,2021-06-17 21:00:00,CORE_HR
EVT00010498,2021-06-27,EMP01322,CC0100,EX,2,Departure,,CAD,CA,2021-06-30 07:00:00,PAYROLL
EVT00011450,2021-06-19,EMP00383,CC0110,EX,1,Performance Pay,13399.15,CAD,CAN,2021-06-20 04:00:00,CORE_HR
EVT00010894,2021-06-02,EMP03532,CC0031,IT,1,Leave Return,,EUR,FR,2021-06-03 14:00:00,PAYROLL
EVT00010281,2021-06-16,EMP02500,CC0007,FI,2,Leave Return,,SGD,SGP,2021-06-16 14:00:00,CORE_HR
EVT00010722,2021-06-14,EMP01749,CC0076,CR,5,Departure,,CAD,CAN,2021-06-16 05:00:00,CORE_HR
EVT00010229,2021-06-19,EMP04069,CC0057,EC,1,Step Increment,66519.94,CAD,CAN,2021-06-19 23:00:00,CORE_HR
EVT00010819,2021-06-11,EMP04504,CC0060,CR,1,Lateral Deployment,,CAD,CA,2021-06-11 21:00:00,PAYROLL
EVT00010533,2021-06-01,EMP03486,CC0058,PA,3,Leave Start,,CAD,CAN,2021-06-01 14:00:00,CORE_HR
EVT00009890,2021-06-04,EMP04923,CC0020,PA,2,Leave Return,,CAD,CAN,2021-06-04 11:00:00,CORE_HR
EVT00010880,2021-06-19,EMP01303,CC0096,PA,2,Lateral Deployment,,CAD,CAN,2021-06-19 06:00:00,CORE_HR
EVT00009997,2021-06-16,EMP00390,CC0066,EN,2,Lateral Deployment,,CAD,CAN,2021-06-16 20:00:00,CORE_HR
EVT00011473,2021-06-07,EMP03773,CC0005,FI,4,Leave Return,,CAD,CAN,2021-06-08 07:00:00,CORE_HR
EVT00010635,2021-06-02,EMP00881,CC0002,PA,2,Leave Return,,CAD,CA,2021-06-02 07:00:00,PAYROLL
EVT00010416,2021-06-20,EMP00680,CC0085,FI,5,Lateral Deployment,,CAD,CAN,2021-06-20 09:00:00,CORE_HR
EVT00010881,2021-06-19,EMP03357,CC0013,IT,3,Leave Start,,CAD,CAN,2021-06-21 01:00:00,CORE_HR
EVT00011071,2021-06-13,EMP02909,CC0078,IT,2,Step Increment,82152.46,CAD,CA,2021-06-13 12:00:00,PAYROLL
EVT00010795,2021-06-18,EMP01130,CC0108,EC,2,Leave Start,,EUR,DE,2021-06-18 06:00:00,PAYROLL
EVT00011264,2021-06-12,EMP00775,CC0088,PA,3,Hire,90131.05,AUD,AUS,2021-06-13 02:00:00,CORE_HR
EVT00010720,2021-06-10,EMP04771,CC0026,EN,3,Step Increment,109862.86,CAD,CAN,2021-06-10 12:00:00,CORE_HR
EVT00010381,2021-06-08,EMP00029,CC0079,AS,2,Leave Return,,CAD,CAN,2021-06-09 13:00:00,CORE_HR
EVT00009948,2021-06-03,EMP04452,CC0035,CR,2,Departure,,CAD,CA,2021-06-03 17:00:00,PAYROLL
EVT00010509,2021-06-09,EMP03477,CC0011,AS,2,Step Increment,66367.08,CAD,CA,2021-06-09 22:00:00,PAYROLL
EVT00011030,2021-06-09,EMP02053,CC0058,EC,3,Step Increment,96940.53,CAD,CA,2021-06-09 22:00:00,PAYROLL
EVT00010623,2021-06-07,EMP04981,CC0105,EX,2,Step Increment,1922235.28,MXN,MX,2021-06-07 14:00:00,PAYROLL
EVT00011357,2021-06-08,EMP02803,CC0088,FI,1,Departure,,AUD,AU,2021-06-10 10:00:00,PAYROLL
EVT00010429,2021-06-05,EMP02309,CC0094,PA,4,Departure,,CAD,CA,2021-06-05 16:00:00,PAYROLL
EVT00009930,2021-06-15,EMP01845,CC0019,PA,4,Step Increment,86170.53,CAD,CAN,2021-06-16 02:00:00,CORE_HR
EVT00011070,2021-06-21,EMP02045,CC0095,EN,1,Performance Pay,4247.3,CAD,CAN,2021-06-22 03:00:00,CORE_HR
EVT00011327,2021-06-05,EMP04470,CC0017,FI,4,Step Increment,111731.13,CAD,CAN,2021-06-06 08:00:00,CORE_HR
EVT00009909,2021-06-22,EMP03735,CC0060,PA,1,Leave Start,,CAD,CAN,2021-06-22 20:00:00,CORE_HR
EVT00011104,2021-06-07,EMP00591,CC0097,EC,5,Departure,,CAD,CAN,2021-06-08 12:00:00,CORE_HR
EVT00011587,2021-06-12,EMP00441,CC0020,EX,3,Leave Start,,CAD,CAN,2021-06-12 20:00:00,CORE_HR
EVT00010524,2021-06-23,EMP02635,CC0025,EX,2,Step Increment,164774.6,CAD,CA,2021-06-24 05:00:00,PAYROLL
EVT00010573,2021-06-11,EMP00458,CC0115,EN,1,Step Increment,76748.83,CAD,CAN,2021-06-11 23:00:00,CORE_HR
EVT00010744,2021-06-24,EMP01060,CC0042,CR,2,Leave Return,,CAD,CAN,2021-06-25 05:00:00,CORE_HR
EVT00010536,2021-06-09,EMP00549,CC0093,IT,3,Leave Return,,CAD,CAN,2021-06-09 18:00:00,CORE_HR
EVT00010731,2021-06-10,EMP04826,CC0074,CR,3,Performance Pay,9166.7,AED,ARE,2021-06-10 19:00:00,CORE_HR
EVT00009954,1900-01-01,EMP00152,CC0057,FI,4,Step Increment,95444.69,CAD,CAN,2021-06-19 08:00:00,CORE_HR
EVT00011720,2021-06-08,EMP01360,CC0049,AS,5,Performance Pay,28520.96,AED,ARE,2021-06-08 10:00:00,CORE_HR
EVT00010515,2021-06-22,EMP03394,CC0071,EN,1,Lateral Deployment,,CAD,CAN,2021-06-23 12:00:00,CORE_HR
EVT00010296,2021-06-21,EMP01592,CC0051,PA,5,Step Increment,123127.23,CAD,CA,2021-06-21 06:00:00,PAYROLL
EVT00011509,2021-06-06,EMP03245,CC0025,EX,1,Leave Start,,CAD,CAN,2021-06-06 06:00:00,CORE_HR
EVT00010633,2021-06-13,EMP00490,CC0070,PA,2,Performance Pay,5828.73,CAD,CAN,2021-06-13 15:00:00,CORE_HR
EVT00011359,2021-06-07,EMP04366,CC0063,EC,1,Step Increment,67643.03,CAD,CAN,2021-06-07 15:00:00,CORE_HR
EVT00011372,2021-06-18,EMP04974,CC0073,EN,3,Performance Pay,8406.41,CAD,CAN,2021-06-19 04:00:00,CORE_HR
EVT00010746,2021-06-04,EMP01941,CC0071,CR,3,Step Increment,79404.55,CAD,CA,2021-06-04 22:00:00,PAYROLL
EVT00010408,2021-06-03,EMP00440,CC0097,EX,2,Step Increment,181240.26,CAD,CAN,2021-06-04 14:00:00,CORE_HR
EVT00011319,2021-06-04,EMP00555,CC0084,PA,4,Hire,73571.88,CAD,CA,2021-06-04 08:00:00,PAYROLL
EVT00011585,2021-06-04,EMP01469,CC0059,PA,4,Performance Pay,4385.24,CAD,CA,2021-06-04 23:00:00,PAYROLL
EVT00010672,2021-06-18,EMP04868,CC0052,IT,4,Leave Start,,CAD,CA,2021-06-18 06:00:00,PAYROLL
EVT00010706,2021-06-19,EMP02106,CC0111,EC,2,Performance Pay,26888.79,BRL,BR,2021-06-20 02:00:00,PAYROLL
EVT00010457,2021-06-20,EMP03204,CC0078,PA,5,Leave Start,,CAD,CAN,2021-06-20 22:00:00,CORE_HR
EVT00010413,2021-06-22,EMP01075,CC0094,PA,2,Lateral Deployment,,CAD,CAN,2021-06-23 00:00:00,CORE_HR
EVT00011077,2021-06-09,EMP02458,CC0034,IT,2,Leave Start,,CAD,CAN,2021-06-10 01:00:00,CORE_HR
EVT00011102,2021-06-06,EMP02095,CC0032,EC,4,Lateral Deployment,,CAD,CAN,2021-06-06 14:00:00,CORE_HR
EVT00010827,2021-06-22,EMP01716,CC0116,EN,3,Leave Start,,CAD,CAN,2021-06-25 19:00:00,CORE_HR
EVT00011126,2021-06-15,EMP04327,CC0107,IT,1,Leave Start,,CAD,CA,2021-06-15 09:00:00,PAYROLL
EVT00010651,2021-06-18,EMP01147,CC0051,EX,1,Leave Start,,CAD,CAN,2021-06-18 13:00:00,CORE_HR
EVT00010782,2021-06-23,EMP01196,CC0075,IT,3,Step Increment,114395.05,CAD,CA,2021-06-24 03:00:00,PAYROLL
EVT00011325,2021-06-23,EMP01437,CC0047,AS,3,Leave Start,,XXX,CAN,2021-06-23 11:00:00,CORE_HR
EVT00009994,2021-06-01,EMP03925,CC0074,CR,3,Performance Pay,4744.78,AUD,AU,2021-06-02 03:00:00,PAYROLL
EVT00009995,2021-06-21,EMP00228,CC0053,PA,1,Step Increment,59546.06,CAD,CAN,2021-06-22 01:00:00,CORE_HR
EVT00009959,2021-06-18,EMP03287,CC0060,EX,3,Step Increment,170947.09,CAD,CAN,2021-06-19 01:00:00,CORE_HR
EVT00011675,2021-06-03,EMP00134,CC0041,PA,3,Performance Pay,10141.4,CAD,CAN,2021-06-04 06:00:00,CORE_HR
EVT00011234,2021-06-06,EMP00380,CC0058,CR,1,Step Increment,53372.99,CAD,CAN,2021-06-07 14:00:00,CORE_HR
EVT00011183,2021-06-11,EMP00230,CC0016,IT,1,Step Increment,75990.49,CAD,CA,2021-06-12 08:00:00,PAYROLL
EVT00010973,2021-06-17,EMP04035,CC0107,EC,2,Step Increment,60724.54,CAD,CA,2021-06-17 19:00:00,PAYROLL
EVT00011074,2021-06-21,EMP00438,CC0108,EX,1,Step Increment,94200.49,EUR,FRA,2021-06-21 08:00:00,CORE_HR
EVT00011564,2021-06-08,EMP03215,CC0069,AS,5,Leave Return,,CAD,CA,2021-06-08 22:00:00,PAYROLL
EVT00010412,2021-06-04,EMP02259,CC0033,PA,2,Leave Start,,CAD,CA,2021-06-04 19:00:00,PAYROLL
EVT00010990,2021-06-16,EMP00761,CC0055,CR,2,Step Increment,67097.63,CAD,CAN,2021-06-16 06:00:00,CORE_HR
EVT00011157,2021-06-06,EMP04866,CC0071,EX,2,Hire,122367.12,CAD,CA,2021-06-06 18:00:00,PAYROLL
EVT00010167,2021-06-10,EMP04718,CC0115,CR,1,Lateral Deployment,,CAD,CAN,2021-06-10 18:00:00,CORE_HR
EVT00010305,2021-06-17,EMP04015,CC0057,EN,1,Step Increment,72650.24,CAD,CAN,2021-06-20 16:00:00,CORE_HR
EVT00011427,2021-06-26,EMP02190,CC0080,PA,4,Promotion,9133796.67,JPY,JP,2021-06-26 23:00:00,PAYROLL
EVT00011293,2021-06-25,EMP03902,CC0030,EC,2,Step Increment,4962821.25,INR,IN,2021-06-25 06:00:00,PAYROLL
EVT00010937,2021-06-13,EMP01665,CC0085,IT,4,Performance Pay,16255.65,CAD,CAN,2021-06-14 03:00:00,CORE_HR
EVT00010505,2021-06-17,EMP03884,CC0109,EX,2,Step Increment,128075.6,CAD,CA,2021-06-17 11:00:00,PAYROLL
EVT00010397,2021-06-17,EMP01075,CC0094,PA,2,Performance Pay,7424.37,CAD,CAN,2021-06-17 17:00:00,CORE_HR
EVT00010354,2021-06-06,EMP04423,CC0081,PA,1,Leave Start,,CAD,CAN,2021-06-08 18:00:00,CORE_HR
EVT00010721,2021-06-25,EMP00492,CC0069,AS,5,Step Increment,90077.57,CAD,CAN,2021-06-26 00:00:00,CORE_HR
EVT00011067,2021-06-17,EMP03359,CC0079,EN,3,Performance Pay,14813.3,CAD,CA,2021-06-18 00:00:00,PAYROLL
EVT00011423,2021-06-24,EMP04646,CC0004,EN,1,Step Increment,58965.32,CAD,CAN,2021-06-24 19:00:00,CORE_HR
EVT00010883,2021-06-03,EMP00884,CC0073,IT,4,Performance Pay,6837.79,CAD,CA,2021-06-03 19:00:00,PAYROLL
EVT00010262,2021-06-19,EMP03225,CC0093,IT,1,Leave Start,,CAD,CAN,2021-06-19 11:00:00,CORE_HR
EVT00010078,2021-06-26,EMP03882,CC0005,AS,3,Promotion,66246.69,CAD,CA,2021-06-27 15:00:00,PAYROLL
EVT00010317,2021-06-07,EMP03291,CC0004,CR,3,Lateral Deployment,,CAD,CA,2021-06-08 05:00:00,PAYROLL
EVT00011053,2021-06-18,EMP01920,CC0071,EN,3,Promotion,109163.43,CAD,CAN,2021-06-18 11:00:00,CORE_HR
EVT00011588,2021-06-26,EMP03300,CC0015,PA,4,Step Increment,79898.6,CAD,CA,2021-06-28 10:00:00,PAYROLL
EVT00011465,2021-06-20,EMP00420,CC0101,AS,5,Step Increment,83503.48,CAD,CAN,2021-06-20 07:00:00,CORE_HR
EVT00010307,2021-06-01,EMP04555,CC0025,FI,4,Step Increment,95370.25,CAD,CA,2021-06-01 09:00:00,PAYROLL
EVT00010863,2021-06-26,EMP03897,CC0116,IT,3,Leave Return,,CAD,CAN,2021-06-26 06:00:00,CORE_HR
EVT00010283,2021-06-11,EMP03391,CC0029,PA,3,Leave Start,,EUR,DEU,2021-06-12 10:00:00,CORE_HR
EVT00011078,2021-06-13,EMP03511,CC0005,CR,4,Promotion,66154.53,CAD,CA,2021-06-13 21:00:00,PAYROLL
EVT00010916,2021-06-12,EMP04016,CC0001,AS,1,Leave Return,,CAD,CAN,2021-06-13 09:00:00,CORE_HR
EVT00010380,2021-06-16,EMP00727,CC0068,IT,3,Step Increment,104847.9,CAD,CA,2021-06-16 17:00:00,PAYROLL
EVT00011690,2021-06-05,EMP04883,CC0094,PA,1,Performance Pay,6955.53,CAD,CAN,2021-06-05 20:00:00,CORE_HR
EVT00011083,2021-06-24,EMP03498,CC0052,AS,1,Promotion,56291.58,CAD,CAN,2021-06-24 06:00:00,CORE_HR
EVT00011265,2021-06-06,EMP01562,CC0046,CR,4,Step Increment,62910.47,AUD,AU,2021-06-06 12:00:00,PAYROLL
EVT00011363,2021-06-07,EMP01792,CC0062,PA,1,Lateral Deployment,,CAD,CA,2021-06-08 14:00:00,PAYROLL
EVT00011012,2021-06-21,EMP01730,CC0062,FI,2,Step Increment,79740.73,CAD,CAN,2021-06-21 06:00:00,CORE_HR
EVT00010004,2021-06-09,EMP00541,CC0053,EX,2,Step Increment,164621.97,CAD,CAN,2021-06-09 17:00:00,CORE_HR
EVT00011075,2021-06-24,EMP01613,CC0106,PA,3,Leave Start,,CAD,CA,2021-06-25 06:00:00,PAYROLL
EVT00010862,2021-06-14,EMP01394,CC0014,EN,1,Lateral Deployment,,CAD,CA,2021-06-15 11:00:00,PAYROLL
EVT00011584,2021-06-19,EMP01773,CC0052,EX,2,Step Increment,141967.35,CAD,CA,2021-06-19 13:00:00,PAYROLL
EVT00011086,2021-06-11,EMP03472,CC0032,EN,2,Leave Start,,CAD,CA,2021-06-12 06:00:00,PAYROLL
EVT00010414,2021-06-09,EMP02110,CC0095,AS,5,Departure,,CAD,CAN,2021-06-09 16:00:00,CORE_HR
EVT00011556,2021-06-16,EMP00140,CC0083,CR,5,Step Increment,69731.76,CAD,CA,2021-06-16 12:00:00,PAYROLL
EVT00011108,2021-06-25,EMP00375,CC0083,PA,1,Performance Pay,5636.78,CAD,CAN,2021-06-25 14:00:00,CORE_HR
EVT00010306,2021-06-06,EMP03332,CC0076,EX,3,Lateral Deployment,,CAD,CAN,2021-06-07 05:00:00,CORE_HR
EVT00011233,2021-06-06,EMP03694,CC0016,AS,2,Step Increment,62484.61,CAD,CAN,2021-06-07 14:00:00,CORE_HR
EVT00010321,2021-06-03,EMP01510,CC0036,PA,4,Departure,,CAD,CAN,2021-06-03 13:00:00,CORE_HR
EVT00011121,2021-06-01,EMP01922,CC0101,IT,2,Departure,,CAD,CA,2021-06-02 11:00:00,PAYROLL
EVT00010658,2021-06-24,EMP02388,CC0052,PA,1,Performance Pay,7932.2,CAD,CAN,2021-06-25 10:00:00,CORE_HR
EVT00009935,2021-06-02,EMP03608,CC0006,AS,2,Lateral Deployment,,CAD,CA,2021-06-03 15:00:00,PAYROLL
EVT00011006,2021-06-16,EMP00296,CC0081,CR,3,Performance Pay,5302.81,CAD,CAN,2021-06-17 04:00:00,CORE_HR
EVT00010019,2021-06-02,EMP02596,CC0065,CR,1,Lateral Deployment,,JPY,JPN,2021-06-03 10:00:00,CORE_HR
EVT00011152,2021-06-11,EMP04062,CC0066,EN,3,Step Increment,102969.87,CAD,CAN,2021-06-11 22:00:00,CORE_HR
EVT00011666,2021-06-20,EMP01744,CC0038,PA,2,Step Increment,71687.05,CAD,CA,2021-06-20 22:00:00,PAYROLL
EVT00011247,2021-06-11,EMP02009,CC0099,CR,3,Departure,,CAD,CAN,2021-06-11 22:00:00,CORE_HR
EVT00010618,1900-01-01,EMP04059,CC0118,FI,1,Step Increment,64520.13,CAD,CAN,2021-06-22 17:00:00,CORE_HR
EVT00010646,2021-06-25,EMP01932,CC0116,IT,4,Hire,114652.89,CAD,CA,2021-06-25 08:00:00,PAYROLL
EVT00010761,2021-06-14,EMP00304,CC0055,CR,5,Performance Pay,9053.92,CAD,CA,2021-06-15 04:00:00,PAYROLL
EVT00010343,2021-06-20,EMP00706,CC0037,AS,1,Promotion,55111.04,CAD,CA,2021-06-21 10:00:00,PAYROLL
EVT00010310,2021-06-07,EMP02480,CC0038,FI,2,Promotion,61219.26,CAD,CAN,2021-06-07 22:00:00,CORE_HR
EVT00010551,2021-06-07,EMP02244,CC0115,AS,2,Leave Return,,CAD,CAN,2021-06-07 16:00:00,CORE_HR
EVT00011142,2021-06-07,EMP02296,CC0045,FI,3,Performance Pay,11476.82,CAD,CAN,2021-06-07 08:00:00,CORE_HR
EVT00010012,2021-06-27,EMP04896,CC0113,AS,1,Step Increment,55297.28,CAD,CA,2021-06-28 13:00:00,PAYROLL
EVT00010359,2021-06-17,EMP02748,CC0034,EC,2,Hire,85032.59,CAD,CAN,2021-06-18 06:00:00,CORE_HR
EVT00011558,2021-06-10,EMP03500,CC0107,EN,1,Leave Start,,CAD,CAN,2021-06-10 18:00:00,CORE_HR
EVT00011409,2021-06-09,EMP01627,CC0064,EC,2,Performance Pay,9562.77,CAD,CA,2021-06-09 16:00:00,PAYROLL
EVT00009942,2021-06-04,EMP03710,CC0078,FI,3,Departure,,CAD,CAN,2021-06-04 19:00:00,CORE_HR
EVT00011671,2021-06-07,EMP00444,CC0018,PA,2,Hire,80855.04,CAD,CAN,2021-06-07 17:00:00,CORE_HR
EVT00010823,2021-06-20,EMP01237,CC0103,EX,1,Hire,139789.88,CAD,CA,2021-06-20 06:00:00,PAYROLL
EVT00010175,2021-06-05,EMP04468,CC0107,PA,1,Lateral Deployment,,CAD,CA,2021-06-05 14:00:00,PAYROLL
EVT00011034,2021-06-10,EMP04135,CC0029,EC,3,Step Increment,9615103.53,JPY,JPN,2021-06-11 04:00:00,CORE_HR
EVT00010547,2021-06-17,EMP99999,CC0066,AS,3,Hire,69517.79,CAD,CA,2021-06-17 14:00:00,PAYROLL
EVT00010762,2021-06-06,EMP02505,CC0028,EX,1,Step Increment,155350.1,CAD,CAN,2021-06-06 12:00:00,CORE_HR
EVT00011592,2021-06-27,EMP04882,CC0036,EX,1,Leave Return,,CAD,CA,2021-06-28 09:00:00,PAYROLL
EVT00010183,2021-06-24,EMP03690,CC0107,AS,2,Leave Start,,CAD,CAN,2021-06-25 02:00:00,CORE_HR
EVT00010607,2021-06-12,EMP02118,CC0039,CR,5,Performance Pay,3788.29,CAD,CAN,2021-06-12 22:00:00,CORE_HR
EVT00011547,2021-06-25,EMP00801,CC0023,FI,1,Departure,,CAD,CAN,2021-06-25 19:00:00,CORE_HR
EVT00010085,2021-06-12,EMP04792,CC0020,IT,2,Promotion,96523.41,CAD,CAN,2021-06-12 10:00:00,CORE_HR
EVT00010656,2021-06-23,EMP02177,CC0077,FI,3,Leave Start,,CAD,CAN,2021-06-24 09:00:00,CORE_HR
EVT00010676,2021-06-16,EMP04910,CC0105,IT,1,Performance Pay,6372.38,SGD,SG,2021-06-17 01:00:00,PAYROLL
EVT00010233,2021-06-01,EMP00591,CC0097,EC,5,Step Increment,112827.97,CAD,CAN,2021-06-02 04:00:00,CORE_HR
EVT00010084,2021-06-17,EMP02912,CC0036,CR,4,Hire,61473.41,CAD,CA,2021-06-17 18:00:00,PAYROLL
EVT00010088,2021-06-13,EMP04770,CC0038,EC,2,Step Increment,92376.87,CAD,CAN,2021-06-16 05:00:00,CORE_HR
EVT00011246,2021-06-01,EMP00724,CC0114,PA,1,Step Increment,61389.42,CAD,CA,2021-06-01 10:00:00,PAYROLL
EVT00011125,2021-06-14,EMP00072,CC0048,PA,1,Step Increment,61257.48,CAD,CA,2021-06-14 20:00:00,PAYROLL
EVT00011610,2021-06-26,EMP00065,CC0092,EX,2,Promotion,154154.49,CAD,CA,2021-06-27 07:00:00,PAYROLL
EVT00010234,2021-06-19,EMP03511,CC0005,CR,4,Departure,,CAD,CAN,2021-06-19 12:00:00,CORE_HR
EVT00009974,2021-06-27,EMP03567,CC0071,PA,2,Leave Start,,CAD,CA,2021-06-27 10:00:00,PAYROLL
EVT00011455,2021-06-24,EMP03529,CC0080,EC,4,Leave Start,,EUR,FRA,2021-06-24 07:00:00,CORE_HR
EVT00010018,2021-06-06,EMP01584,CC0085,PA,5,Promotion,90451.63,CAD,CAN,2021-06-06 22:00:00,CORE_HR
EVT00009951,2021-06-27,EMP01954,CC0061,PA,4,Step Increment,72897.24,CAD,CA,2021-06-27 07:00:00,PAYROLL
EVT00011058,2021-06-21,EMP03032,CC0007,EX,2,Promotion,401443.19,AED,ARE,2021-06-21 20:00:00,CORE_HR
EVT00010818,2021-06-27,EMP02317,CC0108,FI,4,Step Increment,101376.13,AUD,AU,2021-06-27 17:00:00,PAYROLL
EVT00011665,2021-06-22,EMP04375,CC0099,FI,1,Performance Pay,8725.03,CAD,CAN,2021-06-23 12:00:00,CORE_HR
EVT00011614,2021-06-16,EMP03419,CC0103,PA,3,Departure,,CAD,CA,2021-06-17 00:00:00,PAYROLL
EVT00010256,2021-06-08,EMP00125,CC0112,IT,1,Step Increment,78995.75,CAD,CAN,2021-06-08 10:00:00,CORE_HR
EVT00010781,2021-06-16,EMP02205,CC0039,EC,1,Leave Return,,CAD,CAN,2021-06-17 01:00:00,CORE_HR
EVT00011365,2021-06-07,EMP03469,CC0040,IT,1,Leave Start,,CAD,CAN,2021-06-07 08:00:00,CORE_HR
EVT00011687,2021-06-21,EMP01465,CC0044,EC,3,Leave Return,,CAD,CA,2021-06-22 03:00:00,PAYROLL
EVT00010625,2021-06-06,EMP03851,CC0045,IT,2,Lateral Deployment,,CAD,CAN,2021-06-06 20:00:00,CORE_HR
EVT00010681,2021-06-21,EMP01579,CC0075,AS,2,Lateral Deployment,,CAD,CAN,2021-06-21 13:00:00,CORE_HR
EVT00010433,2021-06-15,EMP04141,CC0006,PA,2,Promotion,53111.69,CAD,CAN,2021-06-15 07:00:00,CORE_HR
EVT00010403,2021-06-16,EMP03043,CC0084,PA,2,Performance Pay,6106.58,CAD,CAN,2021-06-16 12:00:00,CORE_HR
EVT00011495,2021-06-18,EMP01857,CC0108,IT,1,Step Increment,49771.17,EUR,FR,2021-06-18 23:00:00,PAYROLL
EVT00010097,2021-06-12,EMP00360,CC0003,AS,3,Performance Pay,8000.46,CAD,CAN,2021-06-13 03:00:00,CORE_HR
EVT00011529,2021-06-21,EMP03999,CC0004,PA,3,Leave Start,,CAD,CAN,2021-06-21 14:00:00,CORE_HR
EVT00010624,2021-06-27,EMP04315,CC0016,EC,4,Leave Start,,CAD,CAN,2021-06-27 06:00:00,CORE_HR
EVT00010087,2021-06-04,EMP00004,CC0101,EC,3,Step Increment,87832.59,CAD,CAN,2021-06-04 17:00:00,CORE_HR
EVT00010984,2021-06-07,EMP03311,CC0118,EX,1,Step Increment,132418.45,CAD,CA,2021-06-08 05:00:00,PAYROLL
EVT00010866,2021-06-21,EMP01868,CC0093,CR,1,Leave Return,,CAD,CA,2021-06-22 13:00:00,PAYROLL
EVT00010055,2021-06-16,EMP01808,CC0026,AS,2,Performance Pay,7021.16,CAD,CA,2021-06-16 15:00:00,PAYROLL
EVT00010237,2021-06-16,EMP01982,CC0119,CR,1,Hire,53300.99,CAD,CAN,2021-06-16 21:00:00,CORE_HR
EVT00011640,2021-06-07,EMP02481,CC0008,AS,5,Promotion,103659.68,CAD,CA,2021-06-07 18:00:00,PAYROLL
EVT00010845,2021-06-27,EMP01836,CC0011,EC,2,Step Increment,106799.56,CAD,CAN,2021-06-27 21:00:00,CORE_HR
EVT00011728,2021-06-21,EMP04706,CC0003,EX,1,Leave Return,,CAD,CAN,2021-06-22 23:00:00,CORE_HR
EVT00009903,2021-06-22,EMP02003,CC0114,EX,1,Performance Pay,13855.93,CAD,CAN,2021-06-22 18:00:00,CORE_HR
EVT00010951,2021-06-15,EMP03916,CC0025,FI,1,Promotion,59710.51,CAD,CAN,2021-06-15 15:00:00,CORE_HR
EVT00011451,2021-06-03,EMP02716,CC0026,PA,2,Departure,,CAD,CAN,2021-06-04 13:00:00,CORE_HR
EVT00011641,2021-06-15,EMP00686,CC0119,EN,2,Departure,,CAD,CAN,2021-06-16 19:00:00,CORE_HR
EVT00011297,2021-06-19,EMP02116,CC0010,PA,3,Leave Start,,CAD,CA,2021-06-19 08:00:00,PAYROLL
EVT00010572,2021-06-09,EMP03879,CC0069,PA,2,Leave Start,,CAD,CAN,2021-06-10 15:00:00,CORE_HR
EVT00010869,2021-06-18,EMP04955,CC0041,PA,3,Hire,82715.93,CAD,CAN,2021-06-18 20:00:00,CORE_HR
EVT00011315,2021-06-03,EMP04796,CC0006,IT,1,Step Increment,77721.99,CAD,CAN,2021-06-04 02:00:00,CORE_HR
EVT00010222,2021-06-10,EMP01965,CC0047,IT,4,Performance Pay,10656.33,CAD,CA,2021-06-10 18:00:00,PAYROLL
EVT00010204,2021-06-27,EMP02297,CC0016,EC,2,Step Increment,70553.51,CAD,CA,2021-06-28 03:00:00,PAYROLL
EVT00010393,2021-06-27,EMP00767,CC0089,CR,1,Leave Start,,CAD,CA,2021-06-27 12:00:00,PAYROLL
EVT00011011,2021-06-26,EMP01415,CC0035,EX,2,Departure,,CAD,CAN,2021-06-26 15:00:00,CORE_HR
EVT00010967,2021-06-01,EMP03569,CC0050,IT,2,Lateral Deployment,,CAD,CAN,2021-06-02 11:00:00,CORE_HR
EVT00011417,2021-06-10,EMP02517,CC0053,AS,3,Lateral Deployment,,CAD,CAN,2021-06-10 17:00:00,CORE_HR
EVT00010899,2021-06-20,EMP02128,CC0061,PA,1,Step Increment,59694.62,CAD,CAN,2021-06-21 15:00:00,CORE_HR
EVT00010298,2021-06-14,EMP02967,CC0099,CR,5,Step Increment,77647.45,CAD,CA,2021-06-15 15:00:00,PAYROLL
EVT00011031,2021-06-20,EMP03877,CC0036,PA,3,Performance Pay,3269.84,CAD,CA,2021-06-20 16:00:00,PAYROLL
EVT00011658,2021-06-13,EMP03527,CC0012,IT,3,Step Increment,77235.43,CAD,CAN,2021-06-14 00:00:00,CORE_HR
EVT00011175,2021-06-01,EMP00887,CC0072,AS,1,Step Increment,56732.83,CAD,CAN,2021-06-01 21:00:00,CORE_HR
EVT00010825,2021-06-09,EMP02310,CC0008,FI,2,Lateral Deployment,,CAD,CA,2021-06-10 06:00:00,PAYROLL
EVT00010379,2021-06-14,EMP03121,CC0105,EC,1,Leave Start,,AUD,AUS,2021-06-15 11:00:00,CORE_HR
EVT00010538,2021-06-01,EMP00311,CC0012,EX,2,Step Increment,114051.92,CAD,CAN,2021-06-02 07:00:00,CORE_HR
EVT00011146,2021-06-14,EMP01736,CC0088,PA,1,Leave Return,,AED,AE,2021-06-15 14:00:00,PAYROLL
EVT00010223,2021-06-11,EMP01389,CC0022,EX,1,Lateral Deployment,,CAD,CA,2021-06-12 06:00:00,PAYROLL
EVT00010620,2021-06-13,EMP01823,CC0075,FI,1,Lateral Deployment,,CAD,CAN,2021-06-14 11:00:00,CORE_HR
EVT00010142,2021-06-26,EMP01724,CC0005,PA,1,Leave Return,,CAD,CAN,2021-06-26 17:00:00,CORE_HR
EVT00010888,2021-06-04,EMP02503,CC0007,EN,2,Departure,,AED,AE,2021-06-04 18:00:00,PAYROLL
EVT00009959,2021-06-18,EMP03287,CC0060,EX,3,Step Increment,170947.09,CAD,CAN,2021-06-21 13:00:00,CORE_HR
EVT00010975,2021-06-18,EMP00364,CC0110,AS,1,Step Increment,49627.85,CAD,CAN,2021-06-20 02:00:00,CORE_HR
EVT00011545,2021-06-14,EMP99999,CC0119,PA,3,Performance Pay,8984.21,CAD,CAN,2021-06-14 22:00:00,CORE_HR
EVT00010708,2021-06-12,EMP04397,CC0002,IT,1,Step Increment,82226.22,CAD,CAN,2021-06-12 08:00:00,CORE_HR
EVT00010711,2021-06-26,EMP01169,CC0117,CR,4,Hire,73753.88,CAD,CAN,2021-06-26 09:00:00,CORE_HR
EVT00010750,2021-06-04,EMP01850,CC0034,EC,3,Leave Return,,CAD,CA,2021-06-05 12:00:00,PAYROLL
EVT00009944,2021-06-24,EMP01267,CC0012,EC,4,Lateral Deployment,,CAD,CAN,2021-06-25 14:00:00,CORE_HR
EVT00010265,2021-06-13,EMP03747,CC0118,CR,2,Lateral Deployment,,CAD,CAN,2021-06-13 22:00:00,CORE_HR
EVT00010527,2021-06-15,EMP00472,CC0031,FI,2,Performance Pay,39173.61,BRL,BR,2021-06-15 12:00:00,PAYROLL
EVT00011602,2021-06-18,EMP03917,CC0072,IT,1,Performance Pay,9669.13,CAD,CAN,2021-06-19 05:00:00,CORE_HR
EVT00011038,2021-06-12,EMP01121,CC0070,CR,1,Performance Pay,6211.41,CAD,CAN,2021-06-13 11:00:00,CORE_HR
EVT00010199,2021-06-11,EMP02246,CC0067,PA,2,Leave Return,,CAD,CA,2021-06-11 09:00:00,PAYROLL
EVT00011036,2021-06-22,EMP01040,CC0013,IT,2,Hire,81989.27,CAD,CAN,2021-06-23 10:00:00,CORE_HR
EVT00011148,2021-06-26,EMP00233,CC0072,PA,2,Performance Pay,9553.63,CAD,CA,2021-06-26 11:00:00,PAYROLL
EVT00009945,2021-06-23,EMP03505,CC0072,AS,2,Step Increment,62134.03,CAD,CA,2021-06-23 17:00:00,PAYROLL
EVT00010159,2021-06-10,EMP03511,CC0005,CR,4,Step Increment,70574.26,CAD,CAN,2021-06-10 10:00:00,CORE_HR
EVT00011305,2021-06-16,EMP02537,CC0088,PA,5,Leave Return,,USD,US,2021-06-17 13:00:00,PAYROLL
EVT00011062,2021-06-07,EMP00203,CC0044,AS,3,Leave Return,,CAD,CAN,2021-06-07 08:00:00,CORE_HR
EVT00010783,2021-06-19,EMP03700,CC0057,PA,1,Step Increment,56167.56,CAD,CAN,2021-06-19 17:00:00,CORE_HR
EVT00010398,2021-06-10,EMP01820,CC0086,EC,3,Step Increment,452753.6,BRL,BR,2021-06-10 06:00:00,PAYROLL
EVT00010378,2021-06-08,EMP03542,CC0100,PA,3,Lateral Deployment,,CAD,CAN,2021-06-09 11:00:00,CORE_HR
EVT00011048,2021-06-07,EMP00344,CC0024,CR,1,Leave Return,,CAD,CA,2021-06-08 10:00:00,PAYROLL
EVT00010519,2021-06-01,EMP03111,CC0103,EN,4,Promotion,110880.7,CAD,CA,2021-06-01 12:00:00,PAYROLL
EVT00010426,2021-06-15,EMP01453,CC0055,EN,3,Leave Start,,CAD,CA,2021-06-16 08:00:00,PAYROLL
EVT00010200,2021-06-07,EMP01862,CC0068,AS,5,Leave Start,,CAD,CA,2021-06-07 16:00:00,PAYROLL
EVT00010383,2021-06-14,EMP01737,CC0051,EN,3,Step Increment,99446.64,CAD,CA,2021-06-14 21:00:00,PAYROLL
EVT00009976,2021-06-19,EMP04015,CC0057,EN,1,Lateral Deployment,,CAD,CAN,2021-06-20 04:00:00,CORE_HR
EVT00011676,2021-06-17,EMP00255,CC0036,AS,5,Hire,80534.71,CAD,CAN,2021-06-18 10:00:00,CORE_HR
EVT00011456,2021-06-22,EMP03421,CC0083,IT,1,Step Increment,78586.08,CAD,CAN,2021-06-23 04:00:00,CORE_HR
EVT00011277,2021-06-09,EMP01703,CC0082,FI,4,Performance Pay,13235.69,CAD,CAN,2021-06-09 11:00:00,CORE_HR
EVT00010253,2021-06-19,EMP03742,CC0107,EN,2,Leave Return,,CAD,CA,2021-06-20 02:00:00,PAYROLL
EVT00010889,2021-06-08,EMP00087,CC0119,FI,4,Lateral Deployment,,CAD,CAN,2021-06-08 23:00:00,CORE_HR
EVT00010512,2021-06-01,EMP03244,CC0053,EC,1,Step Increment,70432.34,CAD,CAN,2021-06-02 06:00:00,CORE_HR
EVT00009936,2021-06-17,EMP03370,CC0015,PA,1,Step Increment,58409.95,CAD,CAN,2021-06-18 13:00:00,CORE_HR
EVT00010730,2021-06-24,EMP03859,CC0032,FI,3,Step Increment,88343.69,CAD,CA,2021-06-24 09:00:00,PAYROLL
EVT00010558,2021-06-15,EMP01169,CC0117,CR,4,Performance Pay,7644.88,CAD,CA,2021-06-15 14:00:00,PAYROLL
EVT00010661,2021-06-25,EMP04386,CC0054,EC,1,Leave Start,,GBP,GBR,2021-06-26 05:00:00,CORE_HR
EVT00011220,2021-06-03,EMP03958,CC0082,AS,1,Step Increment,58449.45,CAD,CAN,2021-06-04 09:00:00,CORE_HR
EVT00011294,2021-06-18,EMP00195,CC0055,IT,2,Leave Start,,CAD,CAN,2021-06-18 08:00:00,CORE_HR
EVT00009996,2021-06-13,EMP01413,CC0020,AS,2,Performance Pay,7242.19,CAD,CA,2021-06-14 10:00:00,PAYROLL
EVT00011716,2021-06-12,EMP00062,CC0011,IT,1,Performance Pay,9171.72,CAD,CAN,2021-06-12 20:00:00,CORE_HR
EVT00011388,2021-06-19,EMP04753,CC0077,PA,4,Lateral Deployment,,CAD,CAN,2021-06-22 04:00:00,CORE_HR
EVT00010010,2021-06-08,EMP04858,CC0093,EN,2,Step Increment,94404.4,CAD,CAN,2021-06-09 08:00:00,CORE_HR
EVT00011419,2021-06-21,EMP00733,CC0091,PA,4,Leave Start,,CAD,CA,2021-06-22 10:00:00,PAYROLL
EVT00011512,2021-06-04,EMP03865,CC0067,EC,2,Step Increment,82215.98,CAD,CA,2021-06-04 08:00:00,PAYROLL
EVT00010606,2021-06-22,EMP04901,CC0062,PA,1,Step Increment,62318.85,CAD,CAN,2021-06-23 14:00:00,CORE_HR
EVT00010710,2021-06-04,EMP01890,CC0019,AS,2,Performance Pay,5994.71,CAD,CA,2021-06-05 14:00:00,PAYROLL
EVT00010545,2021-06-19,EMP01783,CC0083,PA,2,Promotion,69306.03,CAD,CAN,2021-06-19 16:00:00,CORE_HR
EVT00011355,2021-06-09,EMP04598,CC0037,IT,2,Performance Pay,8962.78,CAD,CAN,2021-06-10 08:00:00,CORE_HR
EVT00010169,2021-06-22,EMP00454,CC0037,EN,2,Step Increment,93684.28,CAD,CA,2021-06-26 09:00:00,PAYROLL
EVT00010814,2021-06-21,EMP01698,CC0098,PA,4,Step Increment,63675.93,CAD,CAN,2021-06-21 23:00:00,CORE_HR
EVT00010626,2021-06-06,EMP04107,CC0095,IT,4,Leave Start,,CAD,CA,2021-06-06 09:00:00,PAYROLL
EVT00010395,2021-06-27,EMP01855,CC0092,PA,3,Promotion,72467.54,CAD,CAN,2021-06-27 18:00:00,CORE_HR
EVT00010346,2021-06-18,EMP02441,CC0056,AS,5,Departure,,CAD,CAN,2021-06-19 13:00:00,CORE_HR
EVT00011454,2021-06-05,EMP03789,CC0116,AS,2,Lateral Deployment,,CAD,CAN,2021-06-05 20:00:00,CORE_HR
EVT00010776,2021-06-02,EMP02624,CC0018,CR,2,Step Increment,52549.95,CAD,CAN,2021-06-02 20:00:00,CORE_HR
EVT00011685,2021-06-05,EMP04611,CC0119,PA,2,Performance Pay,4101.67,CAD,CAN,2021-06-05 10:00:00,CORE_HR
EVT00010933,2021-06-03,EMP03219,CC0003,IT,2,Hire,83332.33,CAD,CA,2021-06-04 02:00:00,PAYROLL
EVT00011278,2021-06-11,EMP03455,CC0081,EN,3,Step Increment,83526.23,CAD,CA,2021-06-12 06:00:00,PAYROLL
EVT00010352,2021-06-24,EMP00559,CC0034,FI,4,Lateral Deployment,,CAD,CA,2021-06-24 09:00:00,PAYROLL
EVT00011218,2021-06-23,EMP02782,CC0071,PA,5,Leave Start,,CAD,CAN,2021-06-24 13:00:00,CORE_HR
EVT00010458,2021-06-08,EMP00187,CC0053,EN,2,Hire,93082.95,CAD,CA,2021-06-08 13:00:00,PAYROLL
EVT00010522,2021-06-20,EMP03392,CC0108,IT,1,Lateral Deployment,,BRL,BRA,2021-06-21 00:00:00,CORE_HR
EVT00011346,2021-06-13,EMP02023,CC0018,CR,2,Step Increment,57153.67,CAD,CAN,2021-06-13 08:00:00,CORE_HR
EVT00010227,2021-06-06,EMP01413,CC0020,AS,2,Leave Return,,CAD,CAN,2021-06-06 14:00:00,CORE_HR
EVT00011615,2021-06-09,EMP03058,CC0098,AS,2,Step Increment,66365.19,CAD,CAN,2021-06-10 04:00:00,CORE_HR
EVT00011486,2021-06-10,EMP01495,CC0055,IT,1,Lateral Deployment,,CAD,CA,2021-06-10 14:00:00,PAYROLL
EVT00010655,2021-06-05,EMP03725,CC0008,AS,5,Leave Start,,CAD,CA,2021-06-06 08:00:00,PAYROLL
EVT00010108,2021-06-01,EMP01611,CC0086,PA,2,Step Increment,37295.38,USD,US,2021-06-01 06:00:00,PAYROLL
EVT00010981,2021-06-02,EMP04635,CC0099,CR,3,Step Increment,63651.87,CAD,CA,2021-06-02 21:00:00,PAYROLL
EVT00011424,2021-06-18,EMP03082,CC0038,CR,1,Performance Pay,5107.25,CAD,CA,2021-06-18 12:00:00,PAYROLL
EVT00011055,2021-06-16,EMP02490,CC0019,IT,1,Leave Return,,CAD,CAN,2021-06-17 07:00:00,CORE_HR
EVT00011533,2021-06-26,EMP04207,CC0070,PA,2,Step Increment,80539.77,CAD,CA,2021-06-27 08:00:00,PAYROLL
EVT00009966,2021-06-20,EMP01054,CC0088,AS,2,Leave Start,,MXN,MEX,2021-06-21 09:00:00,CORE_HR
EVT00010680,2021-06-15,EMP03865,CC0067,EC,2,Performance Pay,6201.83,CAD,CAN,2021-06-15 23:00:00,CORE_HR
EVT00010986,2021-06-21,EMP01899,CC0012,AS,4,Leave Start,,CAD,CA,2021-06-21 10:00:00,PAYROLL
EVT00011604,2021-06-02,EMP00162,CC0110,IT,5,Lateral Deployment,,CAD,CA,2021-06-02 14:00:00,PAYROLL
EVT00010987,2021-06-10,EMP03453,CC0020,EC,5,Performance Pay,7544.67,CAD,CA,2021-06-11 05:00:00,PAYROLL
EVT00010885,2021-06-03,EMP04228,CC0005,EN,4,Leave Return,,CAD,CAN,2021-06-04 03:00:00,CORE_HR
EVT00010901,2021-06-14,EMP03615,CC0078,CR,2,Lateral Deployment,,CAD,CAN,2021-06-14 18:00:00,CORE_HR
EVT00011474,2021-06-06,EMP00044,CC0011,CR,3,Step Increment,61883.69,CAD,CA,2021-06-07 07:00:00,PAYROLL
EVT00011226,2021-06-02,EMP02449,CC0023,FI,2,Step Increment,95724.98,CAD,CA,2021-06-02 22:00:00,PAYROLL
EVT00010569,2021-06-10,EMP02562,CC0097,IT,3,Performance Pay,6757.0,CAD,CA,2021-06-10 17:00:00,PAYROLL
EVT00011321,2021-06-10,EMP02665,CC0120,CR,3,Step Increment,62483.7,CAD,CA,2021-06-11 12:00:00,PAYROLL
EVT00011712,2021-06-20,EMP03905,CC0034,PA,2,Step Increment,73519.07,CAD,CAN,2021-06-20 14:00:00,CORE_HR
EVT00010789,2021-06-26,EMP03487,CC0053,PA,3,Step Increment,83473.3,CAD,CAN,2021-06-27 04:00:00,CORE_HR
EVT00011648,2021-06-17,EMP00343,CC0104,PA,3,Step Increment,72455.95,CAD,CA,2021-06-17 12:00:00,PAYROLL
EVT00010177,2021-06-13,EMP04584,CC0064,FI,2,Step Increment,88828.7,CAD,CAN,2021-06-13 18:00:00,CORE_HR
EVT00011593,2021-06-07,EMP01973,CC0026,CR,2,Departure,,CAD,CA,2021-06-09 13:00:00,PAYROLL
EVT00010919,2021-06-02,EMP04677,CC0023,PA,2,Step Increment,63631.36,CAD,CA,2021-06-02 20:00:00,PAYROLL
EVT00010853,2021-06-13,EMP01569,CC0019,FI,3,Step Increment,67784.6,CAD,CA,2021-06-14 15:00:00,PAYROLL
EVT00010970,2021-06-24,EMP03360,CC0119,FI,1,Step Increment,75322.24,CAD,CA,2021-06-24 12:00:00,PAYROLL
EVT00010105,2021-06-04,EMP01429,CC0080,EC,3,Leave Return,,USD,USA,2021-06-04 17:00:00,CORE_HR
EVT00011306,2021-06-10,EMP02283,CC0080,AS,1,Leave Start,,JPY,JP,2021-06-10 19:00:00,PAYROLL
EVT00011384,2021-06-24,EMP02888,CC0052,CR,2,Leave Return,,CAD,CA,2021-06-25 13:00:00,PAYROLL
EVT00011202,2021-06-07,EMP00706,CC0037,AS,1,Performance Pay,4713.28,CAD,CA,2021-06-07 17:00:00,PAYROLL
EVT00010488,2021-06-15,EMP01491,CC0069,IT,2,Step Increment,114588.19,CAD,CAN,2021-06-15 14:00:00,CORE_HR
EVT00010314,2021-06-20,EMP02335,CC0004,CR,3,Step Increment,64201.01,CAD,CA,2021-06-21 11:00:00,PAYROLL
EVT00010451,2021-06-21,EMP02354,CC0018,AS,3,Step Increment,68936.66,CAD,CA,2021-06-21 11:00:00,PAYROLL
EVT00011443,2021-06-19,EMP04707,CC0112,CR,1,Leave Start,,CAD,CAN,2021-06-20 03:00:00,CORE_HR
EVT00010409,2021-06-06,EMP01659,CC0043,IT,2,Hire,99479.87,CAD,CA,2021-06-07 13:00:00,PAYROLL
EVT00011669,2021-06-09,EMP02599,CC0087,PA,1,Leave Return,,CAD,CA,2021-06-09 13:00:00,PAYROLL
EVT00011188,2021-06-08,EMP02646,CC0055,CR,1,Performance Pay,5731.71,CAD,CA,2021-06-09 11:00:00,PAYROLL
EVT00010910,2021-06-24,EMP02873,CC0003,PA,1,Leave Return,,CAD,CAN,2021-06-24 10:00:00,CORE_HR
EVT00011193,2021-06-02,EMP02345,CC0056,AS,1,Lateral Deployment,,CAD,CAN,2021-06-03 13:00:00,CORE_HR
EVT00011433,2021-06-07,EMP00692,CC0024,EN,1,Step Increment,78527.03,CAD,CAN,2021-06-07 23:00:00,CORE_HR
EVT00011109,2021-06-08,EMP01835,CC0082,CR,1,Leave Start,,CAD,CAN,2021-06-08 10:00:00,CORE_HR
EVT00011099,2021-06-12,EMP01191,CC0031,EC,1,Step Increment,67789.21,SGD,SGP,2021-06-13 13:00:00,CORE_HR
EVT00011057,2021-06-27,EMP04204,CC0006,IT,3,Leave Start,,CAD,CAN,2021-06-27 18:00:00,CORE_HR
EVT00009985,2021-06-04,EMP03853,CC0048,PA,1,Step Increment,57098.93,CAD,CAN,2021-06-05 10:00:00,CORE_HR
EVT00011415,2021-06-12,EMP01189,CC0058,EC,3,Hire,90167.9,CAD,CAN,2021-06-13 00:00:00,CORE_HR
EVT00011303,2021-06-03,EMP00955,CC0057,EC,1,Leave Return,,CAD,CA,2021-06-03 12:00:00,PAYROLL
EVT00010158,2021-06-10,EMP03334,CC0087,AS,2,Lateral Deployment,,CAD,CAN,2021-06-11 08:00:00,CORE_HR
EVT00011314,2021-06-15,EMP00716,CC0054,IT,1,Step Increment,48749.74,USD,USA,2021-06-15 12:00:00,CORE_HR
EVT00011358,2021-06-27,EMP04667,CC0063,IT,2,Step Increment,84988.46,CAD,CAN,2021-06-27 07:00:00,CORE_HR
EVT00010439,2021-06-22,EMP01903,CC0003,FI,2,Step Increment,78776.4,CAD,CA,2021-06-23 00:00:00,PAYROLL
EVT00011274,2021-06-09,EMP00980,CC0035,EX,1,Departure,,CAD,CAN,2021-06-09 09:00:00,CORE_HR
EVT00010935,2021-06-06,EMP01305,CC0025,IT,4,Step Increment,113782.05,CAD,CA,2021-06-06 21:00:00,PAYROLL
EVT00011430,2021-06-22,EMP03496,CC0033,AS,3,Performance Pay,6310.22,CAD,CAN,2021-06-22 22:00:00,CORE_HR
EVT00010650,2021-06-02,EMP04802,CC0076,IT,4,Step Increment,116683.5,CAD,CA,2021-06-02 22:00:00,PAYROLL
EVT00010150,2021-06-18,EMP02482,CC0021,EC,3,Lateral Deployment,,CAD,CAN,2021-06-19 13:00:00,CORE_HR
EVT00010713,2021-06-19,EMP03905,CC0034,PA,2,Step Increment,75464.15,CAD,CAN,2021-06-19 21:00:00,CORE_HR
EVT00010280,2021-06-26,EMP00915,CC0114,EC,1,Leave Start,,CAD,CA,2021-06-27 15:00:00,PAYROLL
EVT00010632,2021-06-12,EMP04159,CC0046,PA,1,Performance Pay,6811.98,AUD,AUS,2021-06-12 07:00:00,CORE_HR
EVT00010507,2021-06-02,EMP01416,CC0101,CR,2,Performance Pay,4141.15,CAD,CAN,2021-06-03 13:00:00,CORE_HR
EVT00011323,2021-06-17,EMP01192,CC0034,PA,2,Performance Pay,3901.13,CAD,CAN,2021-06-17 19:00:00,CORE_HR
EVT00010435,2021-06-20,EMP02726,CC0041,PA,2,Leave Return,,CAD,CAN,2021-06-20 14:00:00,CORE_HR
EVT00011353,2021-06-21,EMP04462,CC0069,IT,1,Lateral Deployment,,CAD,CA,2021-06-22 15:00:00,PAYROLL
EVT00010777,2021-06-26,EMP02300,CC0115,AS,1,Departure,,CAD,CA,2021-06-27 04:00:00,PAYROLL
EVT00011488,2021-06-08,EMP00702,CC0017,FI,1,Step Increment,63371.52,CAD,CA,2021-06-09 15:00:00,PAYROLL
EVT00011194,2021-06-12,EMP00705,CC0009,PA,2,Leave Return,,AUD,AUS,2021-06-12 22:00:00,CORE_HR
EVT00011060,2021-06-16,EMP03857,CC0095,EC,2,Departure,,CAD,CAN,2021-06-16 09:00:00,CORE_HR
EVT00011350,2021-06-02,EMP00577,CC0091,CR,3,Step Increment,48913.49,CAD,CA,2021-06-03 14:00:00,PAYROLL
EVT00011312,2021-06-22,EMP02882,CC0098,AS,4,Leave Start,,CAD,CA,2021-06-22 11:00:00,PAYROLL
EVT00010689,2021-06-17,EMP04086,CC0063,EN,4,Performance Pay,8408.96,CAD,CAN,2021-06-18 08:00:00,CORE_HR
EVT00011705,2021-06-10,EMP00818,CC0062,IT,4,Promotion,110090.56,CAD,CAN,2021-06-10 18:00:00,CORE_HR
EVT00010755,2021-06-17,EMP02309,CC0094,PA,4,Step Increment,93327.85,CAD,CA,2021-06-18 02:00:00,PAYROLL
EVT00010127,2021-06-20,EMP04260,CC0114,IT,4,Leave Return,,CAD,CAN,2021-06-20 22:00:00,CORE_HR
EVT00010252,2021-06-12,EMP04027,CC0072,AS,2,Step Increment,63794.03,CAD,CA,2021-06-12 09:00:00,PAYROLL
EVT00011143,2021-06-10,EMP02826,CC0091,PA,4,Step Increment,88515.04,CAD,CAN,2021-06-12 18:00:00,CORE_HR
EVT00010634,2021-06-19,EMP00979,CC0027,FI,2,Leave Return,,CAD,CA,2021-06-20 08:00:00,PAYROLL
EVT00010827,2021-06-22,EMP01716,CC0116,EN,3,Leave Start,,CAD,CAN,2021-06-22 22:00:00,CORE_HR
EVT00010489,2021-06-05,EMP03743,CC0078,EC,1,Step Increment,73727.76,CAD,CAN,2021-06-05 12:00:00,CORE_HR
EVT00011045,2021-06-27,EMP04948,CC0066,EN,3,Leave Start,,CAD,CAN,2021-06-27 23:00:00,CORE_HR
EVT00011727,2021-06-07,EMP00643,CC0120,EN,3,Leave Start,,CAD,CA,2021-06-07 17:00:00,PAYROLL
EVT00011076,2021-06-04,EMP02311,CC0060,FI,1,Performance Pay,7773.77,CAD,CAN,2021-06-04 14:00:00,CORE_HR
EVT00010050,2021-06-09,EMP01588,CC0041,EN,5,Lateral Deployment,,CAD,CA,2021-06-10 07:00:00,PAYROLL
EVT00010586,2021-06-16,EMP01199,CC0053,PA,2,Performance Pay,3102.39,CAD,CAN,2021-06-17 10:00:00,CORE_HR
EVT00011301,2021-06-20,EMP03964,CC0114,AS,2,Leave Start,,CAD,CA,2021-06-20 12:00:00,PAYROLL
EVT00011719,2021-06-13,EMP01846,CC0119,PA,3,Step Increment,84578.42,CAD,CAN,2021-06-14 15:00:00,CORE_HR
EVT00011707,2021-06-02,EMP00357,CC0008,EC,3,Performance Pay,11459.27,CAD,CAN,2021-06-02 22:00:00,CORE_HR
EVT00010976,2021-06-04,EMP04842,CC0055,PA,1,Step Increment,62693.13,CAD,CAN,2021-06-05 06:00:00,CORE_HR
EVT00010991,2021-06-02,EMP03977,CC0103,FI,3,Leave Start,,CAD,CA,2021-06-02 16:00:00,PAYROLL
EVT00010471,2021-06-26,EMP03595,CC0049,EN,1,Step Increment,65807.99,EUR,FRA,2021-06-27 05:00:00,CORE_HR
EVT00010357,2021-06-06,EMP01752,CC0063,EN,2,Leave Return,,CAD,CA,2021-06-06 20:00:00,PAYROLL
EVT00010062,2021-06-15,EMP01816,CC0035,EX,1,Hire,134433.17,CAD,CA,2021-06-15 17:00:00,PAYROLL
EVT00011342,2021-06-22,EMP03928,CC0043,EC,3,Step Increment,97792.76,CAD,CAN,2021-06-23 00:00:00,CORE_HR
EVT00009947,2021-06-15,EMP03704,CC0006,FI,3,Leave Return,,CAD,CAN,2021-06-15 20:00:00,CORE_HR
EVT00010546,2021-06-04,EMP01705,CC0018,PA,3,Step Increment,72146.07,CAD,CAN,2021-06-05 03:00:00,CORE_HR
EVT00010582,2021-06-20,EMP01058,CC0035,IT,3,Performance Pay,4381.72,CAD,CA,2021-06-21 11:00:00,PAYROLL
EVT00009941,2021-06-22,EMP04499,CC0103,AS,1,Step Increment,50425.61,CAD,CA,2021-06-23 06:00:00,PAYROLL
EVT00010799,2021-06-04,EMP04479,CC0027,CR,4,Hire,65851.12,CAD,CA,2021-06-05 09:00:00,PAYROLL
EVT00009990,2021-06-02,EMP03868,CC0079,IT,2,Leave Return,,CAD,CAN,2021-06-02 09:00:00,CORE_HR
EVT00010392,2021-06-12,EMP04730,CC0082,EN,4,Promotion,126245.41,CAD,CAN,2021-06-13 13:00:00,CORE_HR
EVT00011228,2021-06-16,EMP01376,CC0068,CR,5,Leave Start,,CAD,CAN,2021-06-17 09:00:00,CORE_HR
EVT00010188,2021-06-20,EMP01441,CC0071,IT,3,Promotion,111989.51,CAD,CA,2021-06-20 19:00:00,PAYROLL
EVT00011694,2021-06-03,EMP01118,CC0061,EC,1,Leave Return,,CAD,CA,2021-06-04 15:00:00,PAYROLL
EVT00011229,2021-06-11,EMP01439,CC0063,PA,2,Leave Start,,CAD,CAN,2021-06-12 13:00:00,CORE_HR
EVT00010927,2021-06-21,EMP00020,CC0067,FI,5,Leave Start,,CAD,CA,2021-06-21 14:00:00,PAYROLL
EVT00011388,2021-06-19,EMP04753,CC0077,PA,4,Lateral Deployment,,CAD,CAN,2021-06-20 11:00:00,CORE_HR
EVT00010939,2021-06-22,EMP02014,CC0107,EC,3,Departure,,CAD,CAN,2021-06-22 14:00:00,CORE_HR
EVT00011576,2021-06-08,EMP03208,CC0023,PA,5,Lateral Deployment,,CAD,CA,2021-06-09 14:00:00,PAYROLL
EVT00010198,2021-06-03,EMP01335,CC0080,FI,2,Step Increment,90346.23,AUD,AUS,2021-06-03 10:00:00,CORE_HR
EVT00010975,2021-06-18,EMP00364,CC0110,AS,1,Step Increment,49627.85,CAD,CAN,2021-06-18 08:00:00,CORE_HR
EVT00010351,2021-06-26,EMP03643,CC0079,EC,3,Leave Start,,CAD,CA,2021-06-27 12:00:00,PAYROLL
EVT00011581,2021-06-09,EMP01027,CC0044,AS,4,Step Increment,80716.67,CAD,CA,2021-06-09 12:00:00,PAYROLL
EVT00010589,2021-06-14,EMP01773,CC0052,EX,2,Lateral Deployment,,CAD,CA,2021-06-14 07:00:00,PAYROLL
EVT00010631,2021-06-10,EMP01215,CC0107,EN,1,Step Increment,84196.53,CAD,CAN,2021-06-10 18:00:00,CORE_HR
EVT00010953,2021-06-06,EMP03108,CC0019,EN,1,Step Increment,95951.1,CAD,CAN,2021-06-07 06:00:00,CORE_HR
EVT00011565,2021-06-01,EMP02784,CC0100,CR,5,Departure,,CAD,CAN,2021-06-01 06:00:00,CORE_HR
EVT00010404,2021-06-22,EMP02124,CC0033,AS,4,Performance Pay,8278.2,CAD,CA,2021-06-23 13:00:00,PAYROLL
EVT00011645,2021-06-01,EMP03137,CC0051,EC,3,Leave Return,,CAD,CA,2021-06-01 07:00:00,PAYROLL
EVT00011149,2021-06-18,EMP00723,CC0031,AS,2,Step Increment,44857.3,USD,USA,2021-06-19 02:00:00,CORE_HR
EVT00011159,2021-06-24,EMP03395,CC0105,EX,1,Step Increment,1639712.09,MXN,MX,2021-06-24 12:00:00,PAYROLL
EVT00011510,2021-06-23,EMP03580,CC0066,CR,1,Leave Start,,CAD,CAN,2021-06-23 14:00:00,CORE_HR
EVT00011170,2021-06-23,EMP02115,CC0080,EC,4,Step Increment,79632.61,EUR,FRA,2021-06-24 10:00:00,CORE_HR
EVT00010518,2021-06-09,EMP03974,CC0003,EN,2,Leave Start,,CAD,CAN,2021-06-10 14:00:00,CORE_HR
EVT00010248,2021-06-20,EMP04109,CC0034,PA,1,Step Increment,60919.76,CAD,CA,2021-06-21 06:00:00,PAYROLL
EVT00010020,2021-06-21,EMP01901,CC0099,AS,2,Leave Return,,CAD,CA,2021-06-22 14:00:00,PAYROLL
EVT00010024,2021-06-18,EMP02587,CC0092,FI,1,Step Increment,70936.58,CAD,CA,2021-06-18 20:00:00,PAYROLL
EVT00010493,2021-06-17,EMP02839,CC0071,EX,2,Leave Start,,CAD,CAN,2021-06-17 11:00:00,CORE_HR
EVT00011549,2021-06-19,EMP01152,CC0031,AS,4,Performance Pay,6989.41,GBP,GBR,2021-06-20 01:00:00,CORE_HR
EVT00010102,2021-06-10,EMP01115,CC0011,AS,1,Leave Return,,CAD,CA,2021-06-10 12:00:00,PAYROLL
EVT00011436,2021-06-02,EMP00651,CC0117,EX,2,Performance Pay,19077.91,CAD,CA,2021-06-02 22:00:00,PAYROLL
EVT00010053,2021-06-21,EMP03083,CC0100,EC,1,Performance Pay,8251.22,CAD,CAN,2021-06-21 15:00:00,CORE_HR
EVT00011160,2021-06-08,EMP02483,CC0111,EX,2,Leave Return,,AED,AE,2021-06-09 06:00:00,PAYROLL
EVT00009964,2021-06-05,EMP00766,CC0046,EN,2,Departure,,GBP,GBR,2021-06-05 12:00:00,CORE_HR
EVT00011326,2021-06-03,EMP03705,CC0080,EN,1,Lateral Deployment,,SGD,SG,2021-06-03 08:00:00,PAYROLL
EVT00011128,2021-06-14,EMP04076,CC0102,CR,2,Leave Start,,CAD,CAN,2021-06-14 18:00:00,CORE_HR
EVT00011468,2021-06-06,EMP01981,CC0101,AS,3,Step Increment,68096.61,CAD,CA,2021-06-07 03:00:00,PAYROLL
EVT00010071,2021-06-24,EMP00809,CC0062,EX,1,Leave Return,,CAD,CA,2021-06-24 07:00:00,PAYROLL
EVT00010208,2021-06-15,EMP00791,CC0095,IT,2,Promotion,83827.79,CAD,CA,2021-06-15 07:00:00,PAYROLL
EVT00010350,2021-06-25,EMP01366,CC0026,PA,3,Step Increment,73092.08,CAD,CAN,2021-06-26 12:00:00,CORE_HR
EVT00010205,2021-06-05,EMP03616,CC0004,EX,1,Performance Pay,14906.4,CAD,CAN,2021-06-06 09:00:00,CORE_HR
EVT00009946,2021-06-06,EMP02325,CC0109,PA,3,Step Increment,77843.77,CAD,CA,2021-06-07 14:00:00,PAYROLL
EVT00010331,2021-06-25,EMP02542,CC0089,AS,3,Leave Return,,CAD,CAN,2021-06-25 12:00:00,CORE_HR
EVT00010243,2021-06-03,EMP03959,CC0048,AS,2,Leave Start,,CAD,CAN,2021-06-04 12:00:00,CORE_HR
EVT00011248,2021-06-09,EMP01791,CC0045,PA,2,Performance Pay,8914.49,CAD,CAN,2021-06-10 15:00:00,CORE_HR
EVT00011215,2021-06-24,EMP04504,CC0060,CR,1,Performance Pay,5001.81,CAD,CA,2021-06-24 12:00:00,PAYROLL
EVT00011606,2021-06-04,EMP01994,CC0099,EN,5,Departure,,CAD,CA,2021-06-04 19:00:00,PAYROLL
EVT00011713,2021-06-07,EMP04968,CC0026,EN,1,Departure,,CAD,CA,2021-06-09 03:00:00,PAYROLL
EVT00010575,2021-06-26,EMP04815,CC0050,IT,1,Step Increment,91153.09,CAD,CA,2021-06-26 15:00:00,PAYROLL
EVT00009940,2021-06-01,EMP04531,CC0052,EN,4,Step Increment,116958.47,CAD,CAN,2021-06-02 11:00:00,CORE_HR
EVT00010286,2021-06-12,EMP04210,CC0049,EC,2,Departure,,GBP,GBR,2021-06-12 10:00:00,CORE_HR
EVT00010470,2021-06-14,EMP01970,CC0003,AS,4,Leave Return,,CAD,CAN,2021-06-14 19:00:00,CORE_HR
EVT00010136,2021-06-22,EMP00962,CC0069,PA,3,Lateral Deployment,,CAD,CAN,2021-06-22 17:00:00,CORE_HR
EVT00011438,2021-06-12,EMP01619,CC0062,PA,1,Leave Return,,CAD,CAN,2021-06-12 13:00:00,CORE_HR
EVT00010264,2021-06-23,EMP02236,CC0048,EX,2,Performance Pay,6567.61,CAD,CAN,2021-06-23 12:00:00,CORE_HR
EVT00011101,2021-06-27,EMP04889,CC0013,CR,1,Performance Pay,3258.29,CAD,CAN,2021-06-28 05:00:00,CORE_HR
EVT00011651,2021-06-23,EMP02475,CC0050,AS,4,Performance Pay,7011.88,CAD,CAN,2021-06-24 02:00:00,CORE_HR
EVT00011633,2021-06-03,EMP04342,CC0040,PA,2,Step Increment,68411.35,CAD,CAN,2021-06-03 11:00:00,CORE_HR
EVT00009971,2021-06-18,EMP00056,CC0025,EN,3,Lateral Deployment,,CAD,CAN,2021-06-19 13:00:00,CORE_HR
EVT00010389,2021-06-20,EMP01524,CC0018,FI,2,Performance Pay,7559.7,CAD,CA,2021-06-20 19:00:00,PAYROLL
EVT00010181,2021-06-20,EMP04679,CC0067,EX,1,Lateral Deployment,,CAD,CA,2021-06-21 11:00:00,PAYROLL
EVT00011100,2021-06-23,EMP03737,CC0089,CR,1,Leave Start,,CAD,CA,2021-06-23 13:00:00,PAYROLL
EVT00011562,2021-06-01,EMP03547,CC0116,EC,2,Step Increment,76004.71,CAD,CA,2021-06-02 10:00:00,PAYROLL
EVT00010697,2021-06-11,EMP00612,CC0023,FI,1,Performance Pay,5985.24,CAD,CAN,2021-06-11 19:00:00,CORE_HR
EVT00010363,2021-06-12,EMP04268,CC0005,PA,2,Step Increment,71097.78,CAD,CA,2021-06-13 03:00:00,PAYROLL
EVT00010308,2021-06-08,EMP02733,CC0051,EX,1,Step Increment,136598.51,CAD,CAN,2021-06-08 18:00:00,CORE_HR
EVT00010539,2021-06-11,EMP03749,CC0096,EN,1,Leave Start,,CAD,CAN,2021-06-12 02:00:00,CORE_HR
EVT00011402,2021-06-26,EMP02931,CC0003,EC,1,Departure,,CAD,CAN,2021-06-27 09:00:00,CORE_HR
EVT00011069,2021-06-02,EMP01541,CC0098,IT,1,Leave Return,,CAD,CAN,2021-06-02 19:00:00,CORE_HR
EVT00010794,2021-06-05,EMP04602,CC0051,AS,1,Leave Start,,CAD,CA,2021-06-06 02:00:00,PAYROLL
EVT00010029,2021-06-14,EMP03168,CC0059,FI,5,Step Increment,108604.56,CAD,CAN,2021-06-15 04:00:00,CORE_HR
EVT00011734,2021-06-13,EMP00342,CC0020,CR,4,Performance Pay,2844.12,CAD,CAN,2021-06-13 23:00:00,CORE_HR
EVT00010969,2021-06-24,EMP02008,CC0089,PA,4,Step Increment,95650.21,CAD,CAN,2021-06-24 14:00:00,CORE_HR
EVT00010712,2021-06-11,EMP02566,CC0077,PA,4,Step Increment,82880.39,CAD,CAN,2021-06-11 18:00:00,CORE_HR
EVT00010481,2021-06-07,EMP03616,CC0004,EX,1,Step Increment,130803.7,CAD,CAN,2021-06-08 10:00:00,CORE_HR
EVT00010035,2021-06-16,EMP02326,CC0009,IT,1,Hire,4796038.41,INR,IN,2021-06-16 18:00:00,PAYROLL
EVT00010571,2021-06-05,EMP04801,CC0119,IT,1,Promotion,82674.39,CAD,CA,2021-06-06 02:00:00,PAYROLL
EVT00010864,2021-06-27,EMP02285,CC0109,CR,3,Performance Pay,6061.63,CAD,CAN,2021-06-27 10:00:00,CORE_HR
EVT00011560,2021-06-18,EMP02924,CC0058,PA,2,Step Increment,56967.83,CAD,CAN,2021-06-18 06:00:00,CORE_HR
EVT00010125,2021-06-05,EMP03071,CC0119,PA,5,Hire,97583.08,CAD,CAN,2021-06-06 07:00:00,CORE_HR
EVT00009986,2021-06-12,EMP02100,CC0071,IT,3,Hire,104836.97,CAD,CAN,2021-06-12 08:00:00,CORE_HR
EVT00011336,2021-06-06,EMP04420,CC0083,IT,4,Leave Return,,CAD,CA,2021-06-07 13:00:00,PAYROLL
EVT00010173,2021-06-25,EMP03224,CC0113,EX,3,Step Increment,176872.34,CAD,CAN,2021-06-25 11:00:00,CORE_HR
EVT00010290,2021-06-12,EMP04187,CC0030,PA,2,Performance Pay,668737.23,JPY,JPN,2021-06-12 16:00:00,CORE_HR
EVT00011087,2021-06-16,EMP04117,CC0050,PA,4,Step Increment,92151.73,CAD,CAN,2021-06-16 19:00:00,CORE_HR
EVT00011003,2021-06-15,EMP00924,CC0031,EN,2,Hire,362384.04,BRL,BRA,2021-06-16 14:00:00,CORE_HR
EVT00011245,2021-06-08,EMP04239,CC0048,EC,2,Leave Return,,CAD,CA,2021-06-08 11:00:00,PAYROLL
EVT00010498,2021-06-27,EMP01322,CC0100,EX,2,Departure,,CAD,CA,2021-06-28 04:00:00,PAYROLL
EVT00010812,2021-06-13,EMP00711,CC0070,PA,4,Leave Start,,CAD,CA,2021-06-14 12:00:00,PAYROLL
EVT00009970,2021-06-09,EMP00226,CC0115,PA,5,Performance Pay,4593.27,CAD,CA,2021-06-09 20:00:00,PAYROLL
EVT00010009,2021-06-26,EMP01051,CC0005,EX,1,Step Increment,122975.94,CAD,CAN,2021-06-26 06:00:00,CORE_HR
EVT00011004,2021-06-19,EMP03774,CC0068,CR,2,Lateral Deployment,,CAD,CA,2021-06-19 11:00:00,PAYROLL
EVT00010258,2021-06-10,EMP02710,CC0005,EX,2,Step Increment,155448.4,CAD,CA,2021-06-11 04:00:00,PAYROLL
EVT00009939,2021-06-01,EMP03416,CC0087,EX,1,Performance Pay,15857.83,CAD,CA,2021-06-02 14:00:00,PAYROLL
EVT00011373,2021-06-02,EMP03938,CC0080,PA,1,Lateral Deployment,,KES,KE,2021-06-03 11:00:00,PAYROLL
EVT00010174,2021-06-23,EMP00972,CC0044,EN,1,Leave Return,,CAD,CAN,2021-06-24 11:00:00,CORE_HR
EVT00009921,2021-06-17,EMP02609,CC0005,PA,2,Leave Return,,CAD,CA,2021-06-18 14:00:00,PAYROLL
EVT00011377,2021-06-01,EMP03366,CC0036,PA,4,Performance Pay,3694.02,CAD,CAN,2021-06-01 21:00:00,CORE_HR
EVT00010913,2021-06-06,EMP01488,CC0026,PA,1,Leave Start,,CAD,CAN,2021-06-06 22:00:00,CORE_HR
EVT00010162,2021-06-13,EMP04286,CC0028,IT,1,Lateral Deployment,,CAD,CA,2021-06-13 21:00:00,PAYROLL
EVT00010742,2021-06-12,EMP00864,CC0068,IT,2,Leave Start,,CAD,CAN,2021-06-13 01:00:00,CORE_HR
EVT00010947,2021-06-15,EMP02653,CC0018,PA,5,Performance Pay,9000.06,CAD,CA,2021-06-15 23:00:00,PAYROLL
EVT00010907,2021-06-10,EMP00341,CC0008,AS,5,Step Increment,82225.98,CAD,CA,2021-06-10 16:00:00,PAYROLL
EVT00010254,2021-06-22,EMP04016,CC0001,AS,1,Step Increment,58000.03,CAD,CA,2021-06-22 16:00:00,PAYROLL
EVT00010391,2021-06-03,EMP03914,CC0087,CR,1,Performance Pay,3609.93,CAD,CA,2021-06-04 00:00:00,PAYROLL
EVT00010139,2021-06-18,EMP02574,CC0008,IT,1,Departure,,CAD,CAN,2021-06-19 15:00:00,CORE_HR
EVT00010240,2021-06-16,EMP02767,CC0102,IT,3,Leave Return,,CAD,CA,2021-06-17 08:00:00,PAYROLL
EVT00009979,2021-06-12,EMP01272,CC0077,FI,2,Step Increment,70087.29,CAD,CAN,2021-06-12 18:00:00,CORE_HR
EVT00011165,2021-06-06,EMP03465,CC0052,FI,3,Leave Return,,CAD,CAN,2021-06-07 04:00:00,CORE_HR
EVT00010484,2021-06-23,EMP04449,CC0026,PA,2,Step Increment,69703.36,CAD,CAN,2021-06-23 21:00:00,CORE_HR
EVT00010501,2021-06-27,EMP01785,CC0046,IT,1,Step Increment,52399.56,USD,USA,2021-06-28 13:00:00,CORE_HR
EVT00011628,2021-06-05,EMP04244,CC0062,IT,4,Step Increment,120925.88,CAD,CAN,2021-06-05 19:00:00,CORE_HR
EVT00010779,2021-06-19,EMP04024,CC0115,PA,1,Step Increment,64274.44,CAD,CAN,2021-06-20 06:00:00,CORE_HR
EVT00011182,2021-06-12,EMP04845,CC0008,EC,3,Leave Start,,CAD,CAN,2021-06-12 06:00:00,CORE_HR
EVT00010500,2021-06-05,EMP01089,CC0061,FI,3,Leave Start,,CAD,CAN,2021-06-05 12:00:00,CORE_HR
EVT00009968,2021-06-14,EMP02768,CC0001,EN,3,Leave Return,,CAD,CA,2021-06-14 08:00:00,PAYROLL
EVT00010417,2021-06-03,EMP00676,CC0116,CR,2,Step Increment,51043.4,CAD,CA,2021-06-03 07:00:00,PAYROLL
EVT00010021,2021-06-11,EMP02027,CC0036,IT,4,Promotion,119628.92,CAD,CAN,2021-06-11 09:00:00,CORE_HR
EVT00011406,2021-06-22,EMP03667,CC0095,EN,1,Performance Pay,5768.76,CAD,CAN,2021-06-22 10:00:00,CORE_HR
EVT00010695,2021-06-10,EMP00416,CC0010,AS,3,Leave Return,,CAD,CA,2021-06-11 04:00:00,PAYROLL
EVT00011650,2021-06-25,EMP01066,CC0112,FI,2,Leave Return,,CAD,CA,2021-06-26 02:00:00,PAYROLL
EVT00010528,2021-06-18,EMP03411,CC0099,EC,5,Lateral Deployment,,CAD,CAN,2021-06-19 00:00:00,CORE_HR
EVT00010036,2021-06-24,EMP01620,CC0079,EX,1,Leave Return,,CAD,CA,2021-06-25 14:00:00,PAYROLL
EVT00011177,2021-06-08,EMP01163,CC0065,EN,2,Hire,202219.27,AED,AE,2021-06-09 06:00:00,PAYROLL
EVT00011230,2021-06-20,EMP03697,CC0006,PA,2,Leave Start,,CAD,CA,2021-06-21 15:00:00,PAYROLL
EVT00009899,2021-06-06,EMP02394,CC0021,PA,3,Leave Return,,CAD,CA,2021-06-07 14:00:00,PAYROLL
EVT00010073,2021-06-01,EMP04673,CC0105,AS,4,Step Increment,52329.6,EUR,FR,2021-06-02 07:00:00,PAYROLL
EVT00010900,2021-06-01,EMP04753,CC0077,PA,4,Leave Start,,CAD,CAN,2021-06-01 17:00:00,CORE_HR
EVT00009932,2021-06-09,EMP01796,CC0038,EC,2,Leave Start,,CAD,CAN,2021-06-09 15:00:00,CORE_HR
EVT00011147,2021-06-27,EMP00736,CC0074,PA,2,Departure,,SGD,SGP,2021-06-28 15:00:00,CORE_HR
EVT00011155,2021-06-02,EMP03638,CC0025,PA,1,Step Increment,60548.35,CAD,CA,2021-06-02 20:00:00,PAYROLL
EVT00010751,2021-06-05,EMP04476,CC0102,FI,1,Departure,,CAD,CA,2021-06-05 08:00:00,PAYROLL
EVT00011295,2021-06-25,EMP02784,CC0100,CR,5,Step Increment,57084.98,CAD,CAN,2021-06-26 03:00:00,CORE_HR
EVT00011452,2021-06-09,EMP04017,CC0002,IT,2,Promotion,95349.66,CAD,CAN,2021-06-10 00:00:00,CORE_HR
EVT00011283,2021-06-14,EMP00421,CC0103,EN,2,Step Increment,86276.45,CAD,CA,2021-06-14 15:00:00,PAYROLL
EVT00009952,2021-06-17,EMP04968,CC0026,EN,1,Leave Start,,CAD,CAN,2021-06-18 15:00:00,CORE_HR
EVT00011525,2021-06-09,EMP02914,CC0052,PA,3,Promotion,83196.57,CAD,CAN,2021-06-09 07:00:00,CORE_HR
EVT00010636,2021-06-17,EMP02692,CC0033,PA,4,Performance Pay,7456.3,CAD,CAN,2021-06-18 14:00:00,CORE_HR
EVT00009947,2021-06-15,EMP03704,CC0006,FI,3,Leave Return,,CAD,CAN,2021-06-18 14:00:00,CORE_HR
EVT00011420,2021-06-22,EMP02030,CC0104,PA,1,Step Increment,58757.66,CAD,CAN,2021-06-22 11:00:00,CORE_HR
EVT00011709,2021-06-21,EMP00731,CC0117,EC,1,Departure,,CAD,CAN,2021-06-22 05:00:00,CORE_HR
EVT00011599,2021-06-19,EMP00128,CC0014,PA,2,Step Increment,55717.1,CAD,CA,2021-06-19 06:00:00,PAYROLL
EVT00010250,2021-06-07,EMP03559,CC0100,CR,1,Step Increment,48652.99,CAD,CAN,2021-06-08 12:00:00,CORE_HR
EVT00011348,2021-06-15,EMP02227,CC0027,PA,1,Step Increment,64267.17,CAD,CAN,2021-06-15 12:00:00,CORE_HR
EVT00010941,2021-06-08,EMP02371,CC0066,FI,3,Leave Start,,CAD,CAN,2021-06-09 00:00:00,CORE_HR
EVT00011655,2021-06-25,EMP00272,CC0071,PA,2,Performance Pay,3339.07,CAD,CA,2021-06-25 21:00:00,PAYROLL
EVT00010997,2021-06-18,EMP01267,CC0012,EC,4,Step Increment,100333.47,CAD,CAN,2021-06-19 12:00:00,CORE_HR
EVT00011634,2021-06-09,EMP02947,CC0010,IT,1,Lateral Deployment,,CAD,CA,2021-06-09 13:00:00,PAYROLL
EVT00010336,2021-06-06,EMP00579,CC0039,EN,3,Leave Start,,CAD,CAN,2021-06-07 05:00:00,CORE_HR
EVT00010443,2021-06-24,EMP00117,CC0062,EN,1,Step Increment,74545.52,CAD,CAN,2021-06-25 03:00:00,CORE_HR
EVT00010169,2021-06-22,EMP00454,CC0037,EN,2,Step Increment,93684.28,CAD,CA,2021-06-23 14:00:00,PAYROLL
EVT00010245,2021-06-08,EMP03531,CC0041,IT,3,Step Increment,103836.62,CAD,CA,2021-06-08 10:00:00,PAYROLL
EVT00010382,2021-06-06,EMP01938,CC0119,FI,3,Step Increment,94487.57,CAD,CA,2021-06-06 20:00:00,PAYROLL
EVT00011299,2021-06-02,EMP00885,CC0040,EC,4,Step Increment,89943.6,CAD,CA,2021-06-02 22:00:00,PAYROLL
EVT00010216,2021-06-18,EMP00136,CC0001,IT,1,Departure,,CAD,CAN,2021-06-18 11:00:00,CORE_HR
EVT00011347,2021-06-24,EMP01252,CC0008,EC,1,Promotion,70093.66,CAD,CAN,2021-06-25 01:00:00,CORE_HR
EVT00010179,2021-06-03,EMP04470,CC0017,FI,4,Step Increment,92857.81,CAD,CA,2021-06-03 18:00:00,PAYROLL
EVT00011267,2021-06-23,EMP04091,CC0090,EN,1,Performance Pay,7382.51,CAD,CAN,2021-06-23 17:00:00,CORE_HR
EVT00010565,2021-06-06,EMP04427,CC0120,IT,4,Leave Return,,CAD,CAN,2021-06-07 13:00:00,CORE_HR
EVT00009889,2021-06-24,EMP02096,CC0040,EC,2,Lateral Deployment,,CAD,CAN,2021-06-25 15:00:00,CORE_HR
EVT00010232,2021-06-21,EMP04855,CC0039,AS,4,Lateral Deployment,,CAD,CAN,2021-06-21 19:00:00,CORE_HR
EVT00011094,2021-06-04,EMP03563,CC0115,IT,4,Step Increment,108952.32,CAD,CAN,2021-06-04 09:00:00,CORE_HR
EVT00009933,2021-06-13,EMP03002,CC0012,IT,2,Step Increment,98733.66,CAD,CA,2021-06-14 10:00:00,PAYROLL
EVT00010366,2021-06-25,EMP04061,CC0074,EC,1,Leave Return,,EUR,FR,2021-06-26 04:00:00,PAYROLL
EVT00010848,2021-06-09,EMP02165,CC0039,FI,2,Step Increment,86681.04,CAD,CA,2021-06-09 19:00:00,PAYROLL
EVT00010130,2021-06-16,EMP03750,CC0089,PA,4,Leave Start,,CAD,CAN,2021-06-17 14:00:00,CORE_HR
EVT00010349,2021-06-13,EMP01375,CC0109,CR,2,Lateral Deployment,,CAD,CAN,2021-06-14 04:00:00,CORE_HR
EVT00011367,2021-06-04,EMP01128,CC0006,EC,3,Lateral Deployment,,CAD,CA,2021-06-04 18:00:00,PAYROLL
EVT00011261,2021-06-26,EMP00860,CC0015,AS,2,Step Increment,58868.31,CAD,CA,2021-06-27 13:00:00,PAYROLL
EVT00010424,2021-06-10,EMP99999,CC0082,EC,2,Performance Pay,8230.68,CAD,CA,2021-06-10 14:00:00,PAYROLL
EVT00010487,2021-06-19,EMP00995,CC0076,IT,2,Performance Pay,6945.32,CAD,CA,2021-06-20 08:00:00,PAYROLL
EVT00011054,2021-06-01,EMP02664,CC0117,IT,1,Leave Start,,CAD,CA,2021-06-01 17:00:00,PAYROLL
EVT00011008,2021-06-20,EMP00425,CC0069,PA,1,Leave Start,,CAD,CAN,2021-06-20 18:00:00,CORE_HR
EVT00011129,2021-06-01,EMP04107,CC0095,IT,4,Leave Start,,CAD,CAN,2021-06-02 12:00:00,CORE_HR
EVT00010562,2021-06-18,EMP00163,CC0091,EN,2,Performance Pay,11398.51,CAD,CAN,2021-06-18 20:00:00,CORE_HR
EVT00010532,2021-06-19,EMP03479,CC0054,CR,2,Performance Pay,676255.45,KES,KE,2021-06-19 11:00:00,PAYROLL
EVT00010654,2021-06-24,EMP00589,CC0033,PA,1,Lateral Deployment,,CAD,CAN,2021-06-24 10:00:00,CORE_HR
EVT00010743,2021-06-22,EMP00924,CC0031,EN,2,Performance Pay,-3684.04,EUR,DEU,2021-06-22 20:00:00,CORE_HR
EVT00010801,2021-06-05,EMP04057,CC0074,FI,1,Step Increment,280480.54,BRL,BRA,2021-06-06 08:00:00,CORE_HR
EVT00010647,2021-06-03,EMP03454,CC0054,CR,4,Leave Return,,GBP,GBR,2021-06-03 12:00:00,CORE_HR
EVT00010312,2021-06-16,EMP03849,CC0080,EN,1,Performance Pay,4225.87,EUR,FRA,2021-06-16 20:00:00,CORE_HR
EVT00011721,2021-06-18,EMP04641,CC0051,EN,3,Step Increment,99307.08,CAD,CAN,2021-06-18 13:00:00,CORE_HR
EVT00009904,2021-06-22,EMP04328,CC0062,IT,3,Lateral Deployment,,CAD,CAN,2021-06-22 12:00:00,CORE_HR
EVT00011729,2021-06-11,EMP00997,CC0061,EX,1,Leave Start,,CAD,CAN,2021-06-12 12:00:00,CORE_HR
EVT00011730,2021-06-20,EMP02985,CC0083,AS,1,Leave Return,,CAD,CA,2021-06-21 14:00:00,PAYROLL
EVT00011393,2021-06-19,EMP03273,CC0120,EN,3,Step Increment,98143.54,CAD,CAN,2021-06-20 03:00:00,CORE_HR
EVT00010441,2021-06-21,EMP04192,CC0080,PA,5,Step Increment,74095.56,USD,US,2021-06-21 09:00:00,PAYROLL
EVT00011638,2021-06-10,EMP01393,CC0051,AS,5,Leave Start,,CAD,CA,2021-06-11 01:00:00,PAYROLL
EVT00010293,2021-06-02,EMP01111,CC0006,CR,2,Leave Start,,CAD,CA,2021-06-03 06:00:00,PAYROLL
EVT00011520,2021-06-17,EMP00340,CC0103,PA,3,Step Increment,71731.28,CAD,CAN,2021-06-18 05:00:00,CORE_HR
EVT00010353,2021-06-20,EMP00182,CC0066,EN,2,Hire,100891.73,CAD,CA,2021-06-21 13:00:00,PAYROLL
EVT00010699,2021-06-16,EMP04850,CC0010,AS,2,Performance Pay,6827.8,CAD,CA,2021-06-17 06:00:00,PAYROLL
EVT00010830,2021-06-16,EMP01062,CC0077,IT,2,Step Increment,97333.38,CAD,CA,2021-06-17 10:00:00,PAYROLL
EVT00010714,2021-06-19,EMP04062,CC0066,EN,3,Hire,101276.85,CAD,CA,2021-06-20 10:00:00,PAYROLL
EVT00011356,2021-06-26,EMP00990,CC0068,IT,1,Step Increment,73503.75,CAD,CA,2021-06-26 15:00:00,PAYROLL
EVT00010601,2021-06-21,EMP04583,CC0074,FI,1,Departure,,INR,IN,2021-06-22 08:00:00,PAYROLL
EVT00011667,2021-06-23,EMP04720,CC0086,PA,1,Leave Return,,GBP,GB,2021-06-24 11:00:00,PAYROLL
EVT00011139,2021-06-21,EMP03799,CC0120,PA,1,Leave Return,,CAD,CA,2021-06-22 12:00:00,PAYROLL
EVT00011091,2021-06-11,EMP03109,CC0093,EX,2,Hire,143752.53,CAD,CA,2021-06-11 08:00:00,PAYROLL
EVT00011161,2021-06-07,EMP03418,CC0083,PA,2,Leave Return,,CAD,CAN,2021-06-08 05:00:00,CORE_HR
EVT00010911,2021-06-05,EMP01000,CC0112,IT,4,Leave Start,,CAD,CA,2021-06-07 12:00:00,PAYROLL
EVT00011422,2021-06-01,EMP03527,CC0012,IT,3,Performance Pay,5870.09,CAD,CAN,2021-06-02 11:00:00,CORE_HR
EVT00011115,2021-06-11,EMP03185,CC0021,IT,4,Performance Pay,6074.3,CAD,CAN,2021-06-11 07:00:00,CORE_HR
EVT00010362,2021-06-13,EMP02341,CC0117,FI,3,Leave Return,,CAD,CA,2021-06-14 03:00:00,PAYROLL
EVT00010304,2021-06-24,EMP02280,CC0052,FI,2,Leave Return,,CAD,CAN,2021-06-25 02:00:00,CORE_HR
EVT00011405,2021-06-07,EMP03895,CC0120,IT,4,Step Increment,126496.78,CAD,CA,2021-06-07 06:00:00,PAYROLL
EVT00010271,2021-06-08,EMP01441,CC0071,IT,3,Step Increment,95985.0,CAD,CAN,2021-06-09 03:00:00,CORE_HR
EVT00010948,2021-06-19,EMP00269,CC0081,PA,1,Step Increment,61228.47,CAD,CAN,2021-06-20 00:00:00,CORE_HR
EVT00010792,2021-06-08,EMP04542,CC0103,FI,2,Lateral Deployment,,CAD,CAN,2021-06-08 10:00:00,CORE_HR
EVT00011609,2021-06-01,EMP00783,CC0078,EN,2,Lateral Deployment,,CAD,CA,2021-06-02 13:00:00,PAYROLL
EVT00011013,2021-06-13,EMP00735,CC0045,IT,2,Step Increment,87101.2,CAD,CA,2021-06-14 07:00:00,PAYROLL
EVT00011553,2021-06-15,EMP00993,CC0056,IT,4,Step Increment,112994.92,CAD,CAN,2021-06-16 12:00:00,CORE_HR
EVT00010745,2021-06-21,EMP01153,CC0031,AS,3,Step Increment,59077.78,SGD,SG,2021-06-22 04:00:00,PAYROLL
EVT00010772,2021-06-07,EMP00469,CC0036,PA,2,Performance Pay,5903.02,CAD,CAN,2021-06-07 23:00:00,CORE_HR
EVT00010468,2021-06-10,EMP03333,CC0097,EX,1,Hire,138697.28,CAD,CAN,2021-06-10 22:00:00,CORE_HR
EVT00011644,2021-06-11,EMP01558,CC0013,PA,2,Performance Pay,6233.81,CAD,CA,2021-06-11 19:00:00,PAYROLL
EVT00010641,2021-06-09,EMP02790,CC0118,PA,2,Performance Pay,8683.63,CAD,CAN,2021-06-10 10:00:00,CORE_HR
EVT00011445,2021-06-11,EMP01539,CC0006,CR,3,Departure,,CAD,CAN,2021-06-11 20:00:00,CORE_HR
EVT00009973,2021-06-06,EMP00303,CC0049,IT,5,Leave Start,,EUR,DE,2021-06-06 17:00:00,PAYROLL
EVT00010192,2021-06-10,EMP03787,CC0010,AS,1,Leave Start,,CAD,CAN,2021-06-10 18:00:00,CORE_HR
EVT00010609,2021-06-26,EMP00023,CC0075,FI,2,Step Increment,75780.66,CAD,CAN,2021-06-27 12:00:00,CORE_HR
EVT00010579,2021-06-16,EMP04757,CC0036,EX,2,Hire,159985.38,CAD,CAN,2021-06-17 07:00:00,CORE_HR
EVT00010943,2021-06-09,EMP04405,CC0091,IT,4,Leave Return,,CAD,CAN,2021-06-09 11:00:00,CORE_HR
EVT00010090,2021-06-19,EMP02800,CC0083,PA,2,Lateral Deployment,,CAD,CAN,2021-06-20 13:00:00,CORE_HR
EVT00010859,2021-06-10,EMP99999,CC0086,EX,1,Step Increment,12229340.91,JPY,JPN,2021-06-11 15:00:00,CORE_HR
EVT00011289,2021-06-19,EMP02962,CC0017,EN,2,Hire,84008.12,CAD,CAN,2021-06-19 12:00:00,CORE_HR
EVT00010664,2021-06-22,EMP00806,CC0014,PA,4,Step Increment,82774.0,CAD,CA,2021-06-23 13:00:00,PAYROLL
EVT00010824,2021-06-19,EMP03333,CC0097,EX,1,Lateral Deployment,,CAD,CAN,2021-06-19 06:00:00,CORE_HR
EVT00009894,2021-06-25,EMP04411,CC0112,EN,2,Performance Pay,12455.09,CAD,CAN,2021-06-26 07:00:00,CORE_HR
EVT00010123,2021-06-14,EMP01191,CC0031,EC,1,Performance Pay,13589.64,BRL,BR,2021-06-15 21:00:00,PAYROLL
EVT00011492,2021-06-22,EMP04139,CC0101,EX,2,Lateral Deployment,,CAD,CAN,2021-06-22 06:00:00,CORE_HR
EVT00011526,2021-06-22,EMP04176,CC0001,IT,2,Hire,96974.91,CAD,CAN,2021-06-22 08:00:00,CORE_HR
EVT00010932,2021-06-14,EMP03405,CC0049,AS,4,Step Increment,48513.33,EUR,FRA,2021-06-15 12:00:00,CORE_HR
EVT00010722,2021-06-14,EMP01749,CC0076,CR,5,Departure,,CAD,CAN,2021-06-14 23:00:00,CORE_HR
EVT00011668,2021-06-11,EMP01100,CC0090,PA,4,Leave Start,,CAD,CA,2021-06-11 15:00:00,PAYROLL
EVT00010467,2021-06-06,EMP02434,CC0066,IT,4,Step Increment,91378.76,CAD,CA,2021-06-06 06:00:00,PAYROLL
EVT00010476,2021-06-14,EMP04873,CC0075,PA,2,Step Increment,67883.26,CAD,CAN,2021-06-15 04:00:00,CORE_HR
EVT00010455,1900-01-01,EMP04000,CC0091,IT,3,Leave Start,,CAD,CA,2021-06-28 09:00:00,PAYROLL
EVT00010940,2021-06-10,EMP04686,CC0089,EC,5,Step Increment,120829.83,CAD,CA,2021-06-10 12:00:00,PAYROLL
EVT00011551,2021-06-14,EMP02748,CC0034,EC,2,Performance Pay,11615.65,CAD,CAN,2021-06-15 08:00:00,CORE_HR
EVT00011647,2021-06-07,EMP01318,CC0101,PA,2,Leave Return,,CAD,CA,2021-06-07 06:00:00,PAYROLL
EVT00010886,2021-06-06,EMP04370,CC0106,CR,4,Performance Pay,9155.65,CAD,CAN,2021-06-06 16:00:00,CORE_HR
EVT00010836,2021-06-01,EMP03120,CC0094,FI,1,Leave Start,,CAD,CAN,2021-06-02 00:00:00,CORE_HR
EVT00010526,2021-06-02,EMP02135,CC0063,PA,3,Performance Pay,8410.81,CAD,CAN,2021-06-02 11:00:00,CORE_HR
EVT00011021,2021-06-09,EMP00910,CC0098,FI,3,Promotion,94074.09,CAD,CA,2021-06-10 05:00:00,PAYROLL
EVT00011448,2021-06-10,EMP03401,CC0108,AS,5,Performance Pay,892663.69,KES,KEN,2021-06-10 10:00:00,CORE_HR
EVT00011178,2021-06-12,EMP04973,CC0085,AS,4,Lateral Deployment,,CAD,CA,2021-06-12 18:00:00,PAYROLL
EVT00011469,2021-06-01,EMP02752,CC0036,PA,3,Lateral Deployment,,CAD,CAN,2021-06-01 07:00:00,CORE_HR
EVT00010638,2021-06-19,EMP04474,CC0039,EN,2,Step Increment,89093.56,CAD,CAN,2021-06-19 17:00:00,CORE_HR
EVT00011548,2021-06-21,EMP03872,CC0051,CR,3,Leave Start,,CAD,CA,2021-06-21 11:00:00,PAYROLL
EVT00010344,2021-06-27,EMP00062,CC0011,IT,1,Step Increment,77561.01,CAD,CAN,2021-06-28 03:00:00,CORE_HR
EVT00010652,2021-06-23,EMP04966,CC0116,IT,2,Leave Start,,CAD,CAN,2021-06-23 12:00:00,CORE_HR
EVT00011426,2021-06-22,EMP01331,CC0010,AS,4,Step Increment,70861.22,CAD,CAN,2021-06-23 06:00:00,CORE_HR
EVT00010280,2021-06-26,EMP00915,CC0114,EC,1,Leave Start,,CAD,CA,2021-06-28 01:00:00,PAYROLL
EVT00010235,2021-06-13,EMP02679,CC0063,EX,1,Performance Pay,11977.65,CAD,CA,2021-06-14 13:00:00,PAYROLL
EVT00011016,2021-06-09,EMP03182,CC0120,PA,2,Step Increment,66987.92,CAD,CAN,2021-06-09 16:00:00,CORE_HR
EVT00010583,2021-06-02,EMP01447,CC0092,EC,5,Step Increment,130210.62,CAD,CA,2021-06-03 06:00:00,PAYROLL
EVT00011627,2021-06-05,EMP02042,CC0015,EN,2,Leave Return,,CAD,CAN,2021-06-06 02:00:00,CORE_HR
EVT00009988,2021-06-07,EMP04976,CC0053,CR,4,Performance Pay,8226.48,CAD,CAN,2021-06-08 05:00:00,CORE_HR
EVT00011132,2021-06-17,EMP00262,CC0018,FI,5,Performance Pay,8988.39,CAD,CA,2021-06-18 10:00:00,PAYROLL
EVT00010660,2021-06-05,EMP04656,CC0042,FI,2,Step Increment,85791.3,CAD,CAN,2021-06-05 21:00:00,CORE_HR
EVT00011589,2021-06-12,EMP04715,CC0115,AS,4,Step Increment,77948.37,CAD,CAN,2021-06-13 05:00:00,CORE_HR
EVT00010950,2021-06-03,EMP00140,CC0083,CR,5,Performance Pay,4731.99,CAD,CAN,2021-06-04 07:00:00,CORE_HR
EVT00010817,2021-06-14,EMP00012,CC0060,FI,3,Performance Pay,9459.88,CAD,CAN,2021-06-15 13:00:00,CORE_HR
EVT00010111,2021-06-21,EMP02530,CC0030,PA,1,Performance Pay,3715.46,AUD,AUS,2021-06-22 04:00:00,CORE_HR
EVT00010820,2021-06-09,EMP04469,CC0060,EN,3,Step Increment,102160.34,CAD,CA,2021-06-09 19:00:00,PAYROLL
EVT00010800,2021-06-09,EMP00522,CC0037,IT,4,Leave Start,,CAD,CAN,2021-06-10 13:00:00,CORE_HR
EVT00010980,2021-06-23,EMP01189,CC0058,EC,3,Step Increment,104038.67,CAD,CAN,2021-06-23 12:00:00,CORE_HR
EVT00010690,2021-06-06,EMP02997,CC0085,FI,4,Departure,,CAD,CAN,2021-06-06 20:00:00,CORE_HR
EVT00010064,2021-06-23,EMP03328,CC0066,IT,1,Leave Start,,CAD,CAN,2021-06-23 13:00:00,CORE_HR
EVT00011621,2021-06-26,EMP03914,CC0087,CR,1,Leave Start,,CAD,CA,2021-06-27 13:00:00,PAYROLL
EVT00009886,2021-06-12,EMP03716,CC0024,EC,1,Step Increment,52526.89,CAD,CAN,2021-06-12 08:00:00,CORE_HR
EVT00011307,2021-06-03,EMP02179,CC0103,AS,4,Leave Start,,CAD,CAN,2021-06-04 12:00:00,CORE_HR
EVT00011081,2021-06-25,EMP03504,CC0108,PA,2,Step Increment,48205.92,EUR,DEU,2021-06-26 03:00:00,CORE_HR
EVT00010784,2021-06-11,EMP03175,CC0043,EX,2,Step Increment,154556.61,CAD,CA,2021-06-12 04:00:00,PAYROLL
EVT00009912,2021-06-15,EMP00599,CC0039,PA,4,Step Increment,94602.59,CAD,CA,2021-06-16 04:00:00,PAYROLL
EVT00011166,2021-06-05,EMP03385,CC0018,FI,3,Lateral Deployment,,CAD,CA,2021-06-06 13:00:00,PAYROLL
EVT00011033,2021-06-10,EMP03154,CC0088,IT,5,Step Increment,98705.53,USD,USA,2021-06-10 23:00:00,CORE_HR
EVT00011187,2021-06-05,EMP02044,CC0014,EC,2,Leave Return,,CAD,CAN,2021-06-05 16:00:00,CORE_HR
EVT00011330,2021-06-14,EMP00216,CC0041,CR,1,Departure,,CAD,CA,2021-06-15 15:00:00,PAYROLL
EVT00011063,2021-06-01,EMP03235,CC0087,EC,2,Lateral Deployment,,CAD,CAN,2021-06-02 14:00:00,CORE_HR
EVT00010301,2021-06-14,EMP02887,CC0033,EC,2,Lateral Deployment,,CAD,CA,2021-06-15 02:00:00,PAYROLL
EVT00010370,2021-06-08,EMP03086,CC0058,AS,5,Step Increment,75200.08,CAD,CA,2021-06-09 14:00:00,PAYROLL
EVT00011120,2021-06-05,EMP02017,CC0104,EC,1,Step Increment,59172.13,CAD,CAN,2021-06-05 14:00:00,CORE_HR
EVT00010962,2021-06-17,EMP01235,CC0114,EX,2,Departure,,CAD,CA,2021-06-21 00:00:00,PAYROLL
EVT00010011,2021-06-21,EMP01937,CC0044,PA,1,Leave Return,,CAD,CAN,2021-06-21 13:00:00,CORE_HR
EVT00010668,2021-06-14,EMP00850,CC0051,CR,3,Step Increment,56737.62,CAD,CAN,2021-06-14 09:00:00,CORE_HR
EVT00011656,2021-06-05,EMP02575,CC0104,PA,3,Leave Start,,CAD,CA,2021-06-06 08:00:00,PAYROLL
EVT00011219,2021-06-25,EMP01341,CC0086,EN,1,Lateral Deployment,,EUR,FR,2021-06-26 03:00:00,PAYROLL
EVT00009906,2021-06-22,EMP04919,CC0064,FI,3,Step Increment,90594.54,CAD,CAN,2021-06-22 15:00:00,CORE_HR
EVT00011192,2021-06-16,EMP01853,CC0009,EN,1,Hire,52098.3,EUR,FR,2021-06-16 17:00:00,PAYROLL
EVT00010598,2021-06-08,EMP01447,CC0092,EC,5,Step Increment,126708.31,CAD,CAN,2021-06-09 14:00:00,CORE_HR
EVT00011020,2021-06-16,EMP01263,CC0067,AS,2,Lateral Deployment,,CAD,CAN,2021-06-17 15:00:00,CORE_HR
EVT00010613,2021-06-27,EMP02060,CC0026,EN,5,Departure,,CAD,CA,2021-06-27 19:00:00,PAYROLL
EVT00010993,2021-06-26,EMP01287,CC0109,EC,2,Step Increment,80713.0,CAD,CAN,2021-06-27 10:00:00,CORE_HR
EVT00010873,2021-06-17,EMP03138,CC0006,FI,2,Leave Return,,CAD,CAN,2021-06-17 08:00:00,CORE_HR
EVT00010964,2021-06-12,EMP03053,CC0009,AS,2,Performance Pay,4825.0,GBP,GBR,2021-06-12 19:00:00,CORE_HR
EVT00011459,2021-06-03,EMP03993,CC0034,EN,2,Step Increment,99385.04,CAD,CAN,2021-06-04 12:00:00,CORE_HR
EVT00010231,2021-06-12,EMP04535,CC0017,PA,2,Lateral Deployment,,CAD,CAN,2021-06-12 23:00:00,CORE_HR
EVT00010667,2021-06-26,EMP99999,CC0104,PA,5,Performance Pay,4367.3,CAD,CAN,2021-06-26 12:00:00,CORE_HR
EVT00010211,2021-06-03,EMP02478,CC0119,PA,3,Step Increment,79639.92,CAD,CAN,2021-06-03 20:00:00,CORE_HR
EVT00011059,2021-06-26,EMP02165,CC0039,FI,2,Step Increment,87347.7,CAD,CAN,2021-06-27 09:00:00,CORE_HR
EVT00010757,2021-06-19,EMP03606,CC0001,EN,1,Leave Start,,CAD,CA,2021-06-20 15:00:00,PAYROLL
EVT00011574,2021-06-04,EMP01760,CC0028,PA,4,Leave Return,,CAD,CAN,2021-06-05 11:00:00,CORE_HR
EVT00010475,2021-06-13,EMP04584,CC0064,FI,2,Step Increment,85867.49,CAD,CAN,2021-06-13 09:00:00,CORE_HR
EVT00010376,2021-06-05,EMP03076,CC0015,FI,1,Leave Start,,CAD,CAN,2021-06-05 19:00:00,CORE_HR
EVT00011241,2021-06-14,EMP01914,CC0023,EN,2,Performance Pay,5448.54,CAD,CA,2021-06-15 08:00:00,PAYROLL
EVT00010621,2021-06-22,EMP02010,CC0026,PA,1,Leave Start,,CAD,CAN,2021-06-22 15:00:00,CORE_HR
EVT00011612,2021-06-18,EMP04808,CC0036,EC,1,Step Increment,78768.78,CAD,CA,2021-06-18 16:00:00,PAYROLL
EVT00011320,2021-06-20,EMP00707,CC0020,EN,2,Leave Start,,CAD,CAN,2021-06-20 11:00:00,CORE_HR
EVT00010529,2021-06-11,EMP01712,CC0013,FI,3,Lateral Deployment,,CAD,CA,2021-06-11 18:00:00,PAYROLL
EVT00011212,2021-06-12,EMP00333,CC0108,IT,3,Leave Start,,EUR,DEU,2021-06-12 10:00:00,CORE_HR
EVT00011205,2021-06-12,EMP02706,CC0105,EC,2,Performance Pay,4873.39,AUD,AU,2021-06-12 12:00:00,PAYROLL
EVT00011151,2021-06-25,EMP04728,CC0083,PA,3,Leave Start,,CAD,CAN,2021-06-26 15:00:00,CORE_HR
EVT00010276,2021-06-02,EMP02136,CC0096,PA,1,Leave Return,,CAD,CAN,2021-06-03 11:00:00,CORE_HR
EVT00011211,2021-06-18,EMP03179,CC0049,AS,5,Leave Return,,GBP,GB,2021-06-18 14:00:00,PAYROLL
EVT00010007,2021-06-23,EMP02038,CC0001,FI,1,Step Increment,70753.12,CAD,CA,2021-06-23 16:00:00,PAYROLL
EVT00011208,2021-06-26,EMP02371,CC0066,FI,3,Step Increment,73996.01,CAD,CAN,2021-06-26 20:00:00,CORE_HR
EVT00010134,2021-06-04,EMP02129,CC0090,EC,3,Step Increment,71446.68,CAD,CAN,2021-06-05 00:00:00,CORE_HR
EVT00010540,2021-06-22,EMP00639,CC0065,FI,1,Leave Start,,AUD,AUS,2021-06-23 11:00:00,CORE_HR
EVT00010861,2021-06-08,EMP01056,CC0064,CR,3,Leave Start,,CAD,CA,2021-06-08 20:00:00,PAYROLL
EVT00011335,2021-06-10,EMP03630,CC0078,PA,2,Performance Pay,5702.81,CAD,CAN,2021-06-11 13:00:00,CORE_HR
EVT00011135,2021-06-20,EMP03930,CC0087,EN,1,Leave Return,,CAD,CAN,2021-06-21 04:00:00,CORE_HR
EVT00011501,2021-06-26,EMP01268,CC0065,EN,5,Step Increment,1726908.18,MXN,MEX,2021-06-27 07:00:00,CORE_HR
EVT00011359,2021-06-07,EMP04366,CC0063,EC,1,Step Increment,67643.03,CAD,CAN,2021-06-10 00:00:00,CORE_HR
EVT00010197,2021-06-08,EMP03726,CC0026,CR,3,Step Increment,64733.92,CAD,CA,2021-06-09 05:00:00,PAYROLL
EVT00010691,2021-06-01,EMP00033,CC0037,EC,1,Leave Return,,CAD,CA,2021-06-02 14:00:00,PAYROLL
EVT00009891,2021-06-20,EMP03875,CC0105,IT,4,Departure,,BRL,BR,2021-06-21 00:00:00,PAYROLL
EVT00010523,2021-06-18,EMP00674,CC0026,EC,5,Leave Start,,CAD,CA,2021-06-19 03:00:00,PAYROLL
EVT00011158,2021-06-23,EMP01802,CC0004,CR,4,Step Increment,71488.88,CAD,CA,2021-06-23 22:00:00,PAYROLL
EVT00010915,2021-06-20,EMP03254,CC0046,EX,3,Leave Start,,JPY,JPN,2021-06-20 16:00:00,CORE_HR
EVT00011722,2021-06-26,EMP00444,CC0018,PA,2,Step Increment,64556.16,CAD,CA,2021-06-26 22:00:00,PAYROLL
EVT00011136,2021-06-15,EMP03699,CC0017,AS,1,Promotion,53358.76,CAD,CA,2021-06-16 09:00:00,PAYROLL
EVT00010780,2021-06-01,EMP01946,CC0080,PA,2,Step Increment,33785.94,GBP,GBR,2021-06-01 20:00:00,CORE_HR
EVT00010828,2021-06-16,EMP01515,CC0066,EX,2,Performance Pay,11877.52,CAD,CAN,2021-06-16 12:00:00,CORE_HR
EVT00009894,2021-06-25,EMP04411,CC0112,EN,2,Performance Pay,12455.09,CAD,CAN,2021-06-28 07:00:00,CORE_HR
EVT00011425,2021-06-07,EMP03321,CC0023,PA,2,Step Increment,71088.82,CAD,CA,2021-06-07 19:00:00,PAYROLL
EVT00010643,2021-06-08,EMP01064,CC0026,FI,1,Leave Start,,CAD,CA,2021-06-08 06:00:00,PAYROLL
EVT00010753,2021-06-27,EMP03238,CC0117,FI,1,Performance Pay,4790.22,CAD,CA,2021-06-28 03:00:00,PAYROLL
EVT00010970,2021-06-24,EMP03360,CC0119,FI,1,Step Increment,75322.24,CAD,CA,2021-06-27 09:00:00,PAYROLL
EVT00010360,2021-06-13,EMP04321,CC0120,EN,5,Performance Pay,6866.37,CAD,CAN,2021-06-13 09:00:00,CORE_HR
EVT00010239,2021-06-21,EMP03171,CC0022,EC,1,Step Increment,67023.15,CAD,CA,2021-06-21 17:00:00,PAYROLL
EVT00010249,2021-06-04,EMP04732,CC0019,CR,3,Departure,,CAD,CAN,2021-06-05 11:00:00,CORE_HR
EVT00010148,2021-06-05,EMP02266,CC0014,EC,2,Lateral Deployment,,CAD,CA,2021-06-06 10:00:00,PAYROLL
EVT00010423,2021-06-15,EMP00979,CC0027,FI,2,Step Increment,80166.47,CAD,CA,2021-06-16 04:00:00,PAYROLL
EVT00011700,2021-06-05,EMP01357,CC0119,EC,2,Step Increment,86750.58,CAD,CA,2021-06-06 04:00:00,PAYROLL
EVT00010957,2021-06-05,EMP04324,CC0083,PA,4,Leave Return,,CAD,CAN,2021-06-06 11:00:00,CORE_HR
EVT00011338,2021-06-26,EMP04151,CC0082,PA,2,Promotion,53126.74,CAD,CA,2021-06-27 02:00:00,PAYROLL
EVT00010193,2021-06-07,EMP03007,CC0076,EC,3,Lateral Deployment,,CAD,CAN,2021-06-08 07:00:00,CORE_HR
EVT00010464,2021-06-24,EMP02811,CC0023,IT,2,Leave Return,,CAD,CAN,2021-06-25 00:00:00,CORE_HR
EVT00011014,2021-06-10,EMP03823,CC0088,CR,1,Lateral Deployment,,EUR,FRA,2021-06-12 23:00:00,CORE_HR
EVT00010057,2021-06-20,EMP00599,CC0039,PA,4,Step Increment,102347.68,CAD,CA,2021-06-20 16:00:00,PAYROLL
EVT00011199,2021-06-19,EMP01248,CC0053,EC,1,Step Increment,73576.0,CAD,CAN,2021-06-19 12:00:00,CORE_HR
EVT00011503,2021-06-20,EMP02921,CC0044,CR,4,Lateral Deployment,,CAD,CAN,2021-06-20 15:00:00,CORE_HR
EVT00010644,2021-06-19,EMP03585,CC0099,AS,2,Performance Pay,8311.96,CAD,CA,2021-06-19 12:00:00,PAYROLL
EVT00010765,2021-06-01,EMP04932,CC0047,PA,4,Lateral Deployment,,CAD,CAN,2021-06-01 06:00:00,CORE_HR
EVT00010066,2021-06-07,EMP01497,CC0011,AS,4,Step Increment,80984.78,CAD,CA,2021-06-07 06:00:00,PAYROLL
EVT00011381,2021-06-14,EMP03273,CC0120,EN,3,Performance Pay,10499.57,CAD,CAN,2021-06-15 01:00:00,CORE_HR
EVT00011463,2021-06-09,EMP00948,CC0005,FI,5,Step Increment,124753.99,CAD,CAN,2021-06-09 19:00:00,CORE_HR
EVT00010822,2021-06-14,EMP04047,CC0117,EC,3,Promotion,72124.0,CAD,CA,2021-06-14 11:00:00,PAYROLL
EVT00011576,2021-06-08,EMP03208,CC0023,PA,5,Lateral Deployment,,CAD,CA,2021-06-08 16:00:00,PAYROLL
EVT00011479,2021-06-24,EMP04246,CC0109,EC,3,Performance Pay,10575.74,CAD,CA,2021-06-25 02:00:00,PAYROLL
EVT00010151,2021-06-12,EMP04334,CC0117,PA,2,Lateral Deployment,,CAD,CAN,2021-06-13 06:00:00,CORE_HR
EVT00010785,2021-06-26,EMP03330,CC0067,CR,1,Leave Start,,CAD,CAN,2021-06-27 13:00:00,CORE_HR
EVT00011360,2021-06-13,EMP00043,CC0092,EC,3,Step Increment,94642.56,CAD,CAN,2021-06-14 05:00:00,CORE_HR
EVT00010645,2021-06-12,EMP02403,CC0062,EC,1,Promotion,76685.04,CAD,CA,2021-06-12 22:00:00,PAYROLL
EVT00011657,2021-06-05,EMP04177,CC0004,PA,2,Leave Start,,CAD,CAN,2021-06-06 14:00:00,CORE_HR
EVT00011505,2021-06-21,EMP04397,CC0002,IT,1,Leave Start,,CAD,CAN,2021-06-22 07:00:00,CORE_HR
EVT00011447,2021-06-04,EMP03425,CC0090,IT,4,Lateral Deployment,,CAD,CAN,2021-06-05 11:00:00,CORE_HR
EVT00010685,2021-06-23,EMP04864,CC0102,AS,3,Step Increment,64722.9,CAD,CA,2021-06-23 19:00:00,PAYROLL
EVT00010612,2021-06-22,EMP01036,CC0042,AS,3,Promotion,69543.72,CAD,CAN,2021-06-22 11:00:00,CORE_HR
EVT00010723,2021-06-03,EMP04276,CC0018,AS,2,Leave Return,,CAD,CAN,2021-06-04 09:00:00,CORE_HR
EVT00011179,2021-06-27,EMP02248,CC0036,PA,2,Hire,69864.35,CAD,CAN,2021-06-28 09:00:00,CORE_HR
EVT00011724,2021-06-17,EMP01547,CC0093,PA,3,Promotion,76860.84,CAD,CAN,2021-06-17 12:00:00,CORE_HR
EVT00011410,2021-06-07,EMP03518,CC0035,EX,1,Step Increment,138551.82,CAD,CAN,2021-06-07 17:00:00,CORE_HR
EVT00011593,2021-06-07,EMP01973,CC0026,CR,2,Departure,,CAD,CA,2021-06-08 10:00:00,PAYROLL
EVT00011190,2021-06-18,EMP03830,CC0009,PA,3,Promotion,1203558.59,MXN,MEX,2021-06-18 23:00:00,CORE_HR
EVT00011039,2021-06-24,EMP04764,CC0022,EC,1,Leave Start,,CAD,CAN,2021-06-25 06:00:00,CORE_HR
EVT00010768,2021-06-24,EMP03072,CC0055,EN,3,Step Increment,115115.59,CAD,CA,2021-06-24 15:00:00,PAYROLL
EVT00010994,2021-06-17,EMP02745,CC0079,AS,2,Lateral Deployment,,CAD,CAN,2021-06-18 01:00:00,CORE_HR
EVT00010340,2021-06-26,EMP00708,CC0010,AS,4,Leave Start,,CAD,CA,2021-06-26 22:00:00,PAYROLL
EVT00011369,2021-06-27,EMP00412,CC0003,PA,2,Leave Return,,CAD,CAN,2021-06-27 19:00:00,CORE_HR
EVT00011472,2021-06-06,EMP04209,CC0078,EN,5,Performance Pay,9835.32,CAD,CAN,2021-06-07 14:00:00,CORE_HR
EVT00010865,2021-06-25,EMP03862,CC0088,EC,3,Step Increment,73324.27,EUR,FR,2021-06-25 14:00:00,PAYROLL
EVT00011613,2021-06-10,EMP02071,CC0008,FI,1,Step Increment,72114.02,CAD,CAN,2021-06-11 06:00:00,CORE_HR
EVT00010938,2021-06-27,EMP02784,CC0100,CR,5,Step Increment,68585.83,CAD,CA,2021-06-27 22:00:00,PAYROLL
EVT00011041,2021-06-24,EMP01677,CC0010,PA,2,Departure,,CAD,CA,2021-06-25 04:00:00,PAYROLL
EVT00010462,2021-06-11,EMP02399,CC0083,EN,1,Leave Start,,XXX,CA,2021-06-12 08:00:00,PAYROLL
EVT00010333,2021-06-02,EMP00135,CC0117,PA,2,Performance Pay,8810.21,CAD,CAN,2021-06-02 12:00:00,CORE_HR
EVT00010267,2021-06-20,EMP04538,CC0038,PA,2,Leave Start,,CAD,CAN,2021-06-21 14:00:00,CORE_HR
EVT00011050,2021-06-24,EMP04008,CC0107,EX,2,Step Increment,139230.66,CAD,CAN,2021-06-24 22:00:00,CORE_HR
EVT00010701,2021-06-27,EMP00934,CC0025,CR,2,Step Increment,58812.87,CAD,CAN,2021-06-27 13:00:00,CORE_HR
EVT00011600,2021-06-02,EMP03181,CC0055,PA,2,Leave Return,,CAD,CA,2021-06-03 12:00:00,PAYROLL
EVT00010846,2021-06-27,EMP04421,CC0114,CR,3,Step Increment,59100.9,CAD,CAN,2021-06-28 14:00:00,CORE_HR
EVT00010367,2021-06-14,EMP04095,CC0018,FI,5,Leave Return,,CAD,CA,2021-06-15 14:00:00,PAYROLL
EVT00010215,2021-06-04,EMP02649,CC0028,EC,4,Step Increment,108737.58,CAD,CAN,2021-06-05 13:00:00,CORE_HR
EVT00009927,2021-06-06,EMP02265,CC0114,AS,2,Leave Return,,CAD,CA,2021-06-07 00:00:00,PAYROLL
EVT00010606,2021-06-22,EMP04901,CC0062,PA,1,Step Increment,62318.85,CAD,CAN,2021-06-22 15:00:00,CORE_HR
EVT00011154,2021-06-21,EMP02978,CC0025,FI,4,Promotion,93825.22,CAD,CAN,2021-06-21 10:00:00,CORE_HR
EVT00010821,2021-06-21,EMP01542,CC0034,IT,2,Performance Pay,11029.9,CAD,CAN,2021-06-22 11:00:00,CORE_HR
EVT00009887,2021-06-13,EMP01508,CC0110,PA,3,Departure,,CAD,CAN,2021-06-13 19:00:00,CORE_HR
EVT00009918,2021-06-09,EMP04976,CC0053,CR,4,Performance Pay,4556.84,CAD,CAN,2021-06-10 09:00:00,CORE_HR
EVT00010132,2021-06-08,EMP04270,CC0001,PA,3,Step Increment,83893.94,XXX,CAN,2021-06-08 16:00:00,CORE_HR
EVT00010140,2021-06-12,EMP02786,CC0030,FI,2,Leave Return,,GBP,GBR,2021-06-13 02:00:00,CORE_HR
EVT00010584,2021-06-13,EMP03703,CC0117,FI,1,Lateral Deployment,,CAD,CAN,2021-06-13 11:00:00,CORE_HR
EVT00010121,2021-06-15,EMP00795,CC0054,CR,3,Leave Return,,MXN,MEX,2021-06-16 00:00:00,CORE_HR
EVT00010749,2021-06-05,EMP00849,CC0051,CR,1,Step Increment,46617.8,CAD,CA,2021-06-06 13:00:00,PAYROLL
EVT00010985,2021-06-10,EMP04505,CC0107,PA,1,Leave Start,,CAD,CA,2021-06-10 06:00:00,PAYROLL
EVT00010327,2021-06-18,EMP04182,CC0068,EN,5,Lateral Deployment,,CAD,CAN,2021-06-19 02:00:00,CORE_HR
EVT00010436,2021-06-27,EMP00943,CC0101,EN,1,Performance Pay,4974.02,CAD,CA,2021-06-28 15:00:00,PAYROLL
EVT00010324,2021-06-16,EMP01857,CC0108,IT,1,Step Increment,75303.89,SGD,SG,2021-06-17 01:00:00,PAYROLL
EVT00011156,2021-06-09,EMP03236,CC0028,FI,2,Performance Pay,9982.63,CAD,CAN,2021-06-09 18:00:00,CORE_HR
EVT00010131,2021-06-12,EMP03504,CC0108,PA,2,Step Increment,46355.58,GBP,GBR,2021-06-13 13:00:00,CORE_HR
EVT00009895,2021-06-22,EMP04333,CC0019,EC,2,Step Increment,-89564.39,CAD,CAN,2021-06-22 08:00:00,CORE_HR
EVT00010517,2021-06-07,EMP04462,CC0069,IT,1,Step Increment,73090.23,CAD,CA,2021-06-07 09:00:00,PAYROLL
EVT00010669,2021-06-21,EMP02368,CC0084,EN,3,Performance Pay,13626.42,CAD,CA,2021-06-22 04:00:00,PAYROLL
EVT00011658,2021-06-13,EMP03527,CC0012,IT,3,Step Increment,77235.43,CAD,CAN,2021-06-14 11:00:00,CORE_HR
EVT00010719,2021-06-27,EMP02078,CC0048,IT,3,Step Increment,109525.7,CAD,CAN,2021-06-27 06:00:00,CORE_HR
EVT00009911,2021-06-17,EMP01864,CC0116,IT,4,Promotion,121932.45,CAD,CA,2021-06-20 18:00:00,PAYROLL
EVT00010074,2021-06-16,EMP02890,CC0095,PA,1,Step Increment,69912.21,CAD,CAN,2021-06-17 10:00:00,CORE_HR
EVT00011554,2021-06-20,EMP00802,CC0036,EX,1,Departure,,CAD,CAN,2021-06-21 02:00:00,CORE_HR
EVT00011588,2021-06-26,EMP03300,CC0015,PA,4,Step Increment,79898.6,CAD,CA,2021-06-26 06:00:00,PAYROLL
EVT00010348,2021-06-04,EMP02733,CC0051,EX,1,Performance Pay,6627.33,CAD,CA,2021-06-04 11:00:00,PAYROLL
EVT00011172,2021-06-17,EMP03130,CC0012,EC,3,Leave Return,,CAD,CA,2021-06-18 10:00:00,PAYROLL
EVT00011339,2021-06-09,EMP01966,CC0068,EC,1,Lateral Deployment,,CAD,CAN,2021-06-09 19:00:00,CORE_HR
EVT00011400,2021-06-14,EMP04720,CC0086,PA,1,Lateral Deployment,,BRL,BR,2021-06-14 19:00:00,PAYROLL
EVT00010213,2021-06-06,EMP01012,CC0016,IT,3,Leave Return,,CAD,CAN,2021-06-07 03:00:00,CORE_HR
EVT00010371,2021-06-18,EMP04414,CC0012,CR,1,Hire,52556.95,CAD,CAN,2021-06-18 19:00:00,CORE_HR
EVT00010052,2021-06-22,EMP01788,CC0077,PA,2,Step Increment,52700.56,CAD,CAN,2021-06-22 12:00:00,CORE_HR
EVT00010442,2021-06-12,EMP03321,CC0023,PA,2,Performance Pay,5260.31,CAD,CAN,2021-06-12 17:00:00,CORE_HR
EVT00011397,2021-06-24,EMP02606,CC0004,IT,3,Leave Return,,CAD,CA,2021-06-24 14:00:00,PAYROLL
EVT00011630,2021-06-11,EMP00506,CC0097,PA,1,Lateral Deployment,,CAD,CA,2021-06-12 00:00:00,PAYROLL
EVT00010023,2021-06-09,EMP00350,CC0067,PA,4,Step Increment,93715.77,CAD,CA,2021-06-10 03:00:00,PAYROLL
EVT00010133,2021-06-17,EMP04645,CC0085,FI,1,Hire,76710.29,CAD,CA,2021-06-18 01:00:00,PAYROLL
EVT00010156,2021-06-22,EMP04862,CC0049,FI,1,Departure,,EUR,FRA,2021-06-23 08:00:00,CORE_HR
EVT00011275,2021-06-18,EMP01946,CC0080,PA,2,Performance Pay,448638.56,KES,KE,2021-06-19 01:00:00,PAYROLL
EVT00011271,2021-06-01,EMP00968,CC0072,EN,1,Step Increment,83918.59,CAD,CA,2021-06-02 09:00:00,PAYROLL
EVT00011435,2021-06-09,EMP03602,CC0085,EN,4,Step Increment,123777.8,CAD,CA,2021-06-10 04:00:00,PAYROLL
EVT00011713,2021-06-07,EMP04968,CC0026,EN,1,Departure,,CAD,CA,2021-06-08 07:00:00,PAYROLL
EVT00010510,2021-06-05,EMP99999,CC0028,PA,4,Leave Start,,CAD,CA,2021-06-06 02:00:00,PAYROLL
EVT00010909,2021-06-04,EMP04387,CC0033,PA,5,Step Increment,93146.01,CAD,CAN,2021-06-04 21:00:00,CORE_HR
EVT00011289,2021-06-19,EMP02962,CC0017,EN,2,Hire,84008.12,CAD,CAN,2021-06-21 03:00:00,CORE_HR
EVT00011138,2021-06-12,EMP00231,CC0103,FI,4,Leave Start,,CAD,CAN,2021-06-13 09:00:00,CORE_HR
EVT00011222,2021-06-16,EMP02203,CC0072,EX,1,Performance Pay,15614.36,CAD,CA,2021-06-17 05:00:00,PAYROLL
EVT00011670,2021-06-06,EMP03156,CC0025,EC,4,Departure,,CAD,CAN,2021-06-06 08:00:00,CORE_HR
EVT00009956,2021-06-18,EMP00270,CC0106,IT,2,Leave Return,,CAD,CAN,2021-06-18 19:00:00,CORE_HR
EVT00010925,1900-01-01,EMP04119,CC0068,PA,4,Leave Return,,CAD,CAN,2021-06-08 13:00:00,CORE_HR
EVT00010557,2021-06-05,EMP01651,CC0027,IT,1,Step Increment,80520.82,CAD,CAN,2021-06-05 14:00:00,CORE_HR
EVT00011352,2021-06-13,EMP00656,CC0003,PA,3,Lateral Deployment,,CAD,CAN,2021-06-13 13:00:00,CORE_HR
EVT00010659,2021-06-26,EMP00085,CC0009,IT,2,Step Increment,60076.81,GBP,GB,2021-06-26 14:00:00,PAYROLL
EVT00010729,2021-06-27,EMP01450,CC0054,EC,1,Step Increment,47965.82,EUR,FRA,2021-06-28 10:00:00,CORE_HR
EVT00010221,2021-06-12,EMP99999,CC0035,EN,3,Leave Start,,CAD,CAN,2021-06-12 12:00:00,CORE_HR
EVT00010891,2021-06-11,EMP00258,CC0034,IT,2,Leave Start,,CAD,CA,2021-06-11 18:00:00,PAYROLL
EVT00011049,2021-06-08,EMP04631,CC0083,AS,4,Step Increment,71065.79,CAD,CA,2021-06-09 00:00:00,PAYROLL
EVT00011331,2021-06-08,EMP04201,CC0050,CR,3,Performance Pay,5109.23,CAD,CAN,2021-06-09 05:00:00,CORE_HR
EVT00010962,2021-06-17,EMP01235,CC0114,EX,2,Departure,,CAD,CA,2021-06-18 05:00:00,PAYROLL
EVT00011256,2021-06-10,EMP03670,CC0005,AS,2,Leave Start,,CAD,CAN,2021-06-10 14:00:00,CORE_HR
EVT00010171,2021-06-16,EMP00795,CC0054,CR,3,Leave Start,,AED,AE,2021-06-16 13:00:00,PAYROLL
EVT00010926,2021-06-22,EMP03927,CC0053,AS,3,Lateral Deployment,,CAD,CA,2021-06-22 08:00:00,PAYROLL
EVT00010924,2021-06-25,EMP02336,CC0005,AS,1,Step Increment,58460.88,CAD,CAN,2021-06-25 12:00:00,CORE_HR
EVT00010989,2021-06-08,EMP04492,CC0085,IT,2,Departure,,CAD,CAN,2021-06-08 06:00:00,CORE_HR
EVT00010952,2021-06-03,EMP03444,CC0072,EX,1,Step Increment,124567.68,CAD,CAN,2021-06-04 06:00:00,CORE_HR
EVT00010375,2021-06-16,EMP01199,CC0053,PA,2,Performance Pay,8010.4,CAD,CAN,2021-06-16 19:00:00,CORE_HR
EVT00010715,2021-06-27,EMP04558,CC0109,IT,2,Step Increment,66265.6,CAD,CA,2021-06-28 00:00:00,PAYROLL
EVT00011652,2021-06-17,EMP03012,CC0014,AS,3,Leave Return,,CAD,CAN,2021-06-18 12:00:00,CORE_HR
EVT00010625,2021-06-06,EMP03851,CC0045,IT,2,Lateral Deployment,,CAD,CAN,2021-06-07 00:00:00,CORE_HR
EVT00010627,2021-06-17,EMP04935,CC0054,AS,1,Step Increment,743326.02,MXN,MEX,2021-06-17 19:00:00,CORE_HR
EVT00010191,2021-06-03,EMP03412,CC0052,IT,2,Leave Start,,CAD,CA,2021-06-03 23:00:00,PAYROLL
EVT00010238,2021-06-22,EMP01330,CC0108,EC,1,Hire,-3879135.26,INR,IN,2021-06-23 05:00:00,PAYROLL
EVT00010879,2021-06-11,EMP04538,CC0038,PA,2,Step Increment,59795.56,CAD,CAN,2021-06-11 17:00:00,CORE_HR
EVT00010940,2021-06-10,EMP04686,CC0089,EC,5,Step Increment,120829.83,CAD,CA,2021-06-12 19:00:00,PAYROLL
EVT00010431,2021-06-14,EMP04733,CC0098,PA,1,Step Increment,64230.75,CAD,CAN,2021-06-15 14:00:00,CORE_HR
EVT00011119,2021-06-11,EMP03037,CC0093,AS,1,Performance Pay,6287.51,CAD,CAN,2021-06-11 07:00:00,CORE_HR
EVT00011386,2021-06-18,EMP02156,CC0043,AS,2,Lateral Deployment,,CAD,CAN,2021-06-18 07:00:00,CORE_HR
EVT00011506,2021-06-05,EMP01264,CC0010,IT,2,Hire,115115.8,CAD,CAN,2021-06-05 18:00:00,CORE_HR
EVT00011586,2021-06-11,EMP04230,CC0050,PA,4,Hire,64058.66,CAD,CA,2021-06-12 02:00:00,PAYROLL
EVT00010095,2021-06-05,EMP02473,CC0060,PA,4,Leave Start,,CAD,CAN,2021-06-05 08:00:00,CORE_HR
EVT00011524,2021-06-19,EMP01922,CC0101,IT,2,Step Increment,96816.69,CAD,CA,2021-06-20 11:00:00,PAYROLL
EVT00011009,2021-06-24,EMP02695,CC0055,EX,1,Step Increment,120267.35,CAD,CAN,2021-06-24 23:00:00,CORE_HR
EVT00011412,2021-06-03,EMP03367,CC0085,CR,2,Step Increment,52155.6,CAD,CAN,2021-06-03 10:00:00,CORE_HR
EVT00010309,2021-06-27,EMP03092,CC0098,PA,1,Leave Start,,CAD,CAN,2021-06-28 12:00:00,CORE_HR
EVT00011010,2021-06-14,EMP04080,CC0061,PA,1,Step Increment,55680.25,CAD,CA,2021-06-14 10:00:00,PAYROLL
EVT00010829,2021-06-08,EMP00353,CC0092,EN,2,Leave Start,,CAD,CAN,2021-06-09 11:00:00,CORE_HR
EVT00010138,2021-06-21,EMP00283,CC0013,EC,3,Step Increment,72911.44,CAD,CAN,2021-06-22 09:00:00,CORE_HR
EVT00010091,2021-06-23,EMP04843,CC0008,CR,1,Step Increment,49742.87,CAD,CA,2021-06-24 07:00:00,PAYROLL
EVT00010851,2021-06-13,EMP00020,CC0067,FI,5,Leave Start,,CAD,CAN,2021-06-14 04:00:00,CORE_HR
EVT00011037,2021-06-09,EMP03423,CC0065,AS,3,Leave Start,,INR,IND,2021-06-09 11:00:00,CORE_HR
EVT00011343,2021-06-02,EMP02683,CC0053,PA,5,Promotion,88396.05,CAD,CA,2021-06-02 21:00:00,PAYROLL
EVT00011715,2021-06-20,EMP00067,CC0050,AS,5,Promotion,84740.57,CAD,CAN,2021-06-20 06:00:00,CORE_HR
EVT00009925,2021-06-22,EMP01347,CC0071,EX,1,Departure,,CAD,CAN,2021-06-22 23:00:00,CORE_HR
EVT00010595,2021-06-19,EMP04057,CC0074,FI,1,Leave Start,,KES,KE,2021-06-19 21:00:00,PAYROLL
EVT00011577,2021-06-26,EMP00777,CC0035,PA,4,Step Increment,90061.1,CAD,CAN,2021-06-27 02:00:00,CORE_HR
EVT00010675,2021-06-22,EMP03185,CC0021,IT,4,Leave Start,,CAD,CAN,2021-06-22 20:00:00,CORE_HR
EVT00010428,2021-06-23,EMP01982,CC0119,CR,1,Performance Pay,2953.39,CAD,CAN,2021-06-24 04:00:00,CORE_HR
EVT00010696,2021-06-11,EMP03293,CC0048,FI,3,Step Increment,89464.91,CAD,CAN,2021-06-12 04:00:00,CORE_HR
EVT00010372,2021-06-08,EMP03630,CC0078,PA,2,Performance Pay,7326.26,CAD,CAN,2021-06-09 06:00:00,CORE_HR
EVT00011028,2021-06-01,EMP04370,CC0106,CR,4,Leave Return,,CAD,CAN,2021-06-01 13:00:00,CORE_HR
EVT00011482,2021-06-20,EMP02634,CC0112,CR,2,Step Increment,67536.28,CAD,CA,2021-06-21 13:00:00,PAYROLL
EVT00011642,2021-06-13,EMP01042,CC0015,EX,1,Step Increment,122364.73,CAD,CA,2021-06-14 15:00:00,PAYROLL
EVT00011539,2021-06-12,EMP04483,CC0119,PA,3,Promotion,67072.91,CAD,CA,2021-06-12 19:00:00,PAYROLL
EVT00010872,2021-06-26,EMP01378,CC0002,EN,3,Step Increment,102923.41,CAD,CAN,2021-06-26 09:00:00,CORE_HR
EVT00011708,2021-06-13,EMP00749,CC0073,PA,3,Departure,,CAD,CA,2021-06-14 05:00:00,PAYROLL
EVT00010837,2021-06-01,EMP04722,CC0005,IT,1,Leave Return,,CAD,CAN,2021-06-01 21:00:00,CORE_HR
EVT00010884,2021-06-22,EMP04947,CC0011,IT,3,Departure,,CAD,CAN,2021-06-22 10:00:00,CORE_HR
EVT00010449,2021-06-08,EMP03620,CC0019,FI,1,Performance Pay,5676.16,CAD,CA,2021-06-08 19:00:00,PAYROLL
EVT00010282,2021-06-10,EMP04211,CC0113,AS,2,Step Increment,67266.81,CAD,CAN,2021-06-10 19:00:00,CORE_HR
EVT00010922,2021-06-04,EMP00906,CC0024,FI,3,Performance Pay,6524.01,CAD,CAN,2021-06-05 15:00:00,CORE_HR
EVT00010117,2021-06-03,EMP01141,CC0055,EN,4,Leave Return,,CAD,CA,2021-06-04 15:00:00,PAYROLL
EVT00010165,2021-06-09,EMP04644,CC0027,CR,4,Leave Return,,CAD,CAN,2021-06-09 13:00:00,CORE_HR
EVT00009991,2021-06-20,EMP01886,CC0047,CR,1,Departure,,CAD,CA,2021-06-20 11:00:00,PAYROLL
EVT00011731,2021-06-26,EMP04521,CC0086,EX,2,Leave Return,,EUR,FR,2021-06-26 07:00:00,PAYROLL
EVT00010386,2021-06-18,EMP02727,CC0104,PA,2,Leave Start,,CAD,CAN,2021-06-18 14:00:00,CORE_HR
EVT00011259,2021-06-15,EMP02660,CC0055,FI,1,Departure,,CAD,CA,2021-06-15 22:00:00,PAYROLL
EVT00010494,2021-06-25,EMP00781,CC0036,EN,4,Step Increment,120899.85,CAD,CAN,2021-06-26 14:00:00,CORE_HR
EVT00010808,2021-06-27,EMP01510,CC0036,PA,4,Step Increment,81238.91,CAD,CA,2021-06-28 11:00:00,PAYROLL
EVT00010129,2021-06-04,EMP04435,CC0118,AS,5,Leave Return,,CAD,CAN,2021-06-04 06:00:00,CORE_HR
EVT00011361,2021-06-21,EMP04361,CC0027,PA,1,Promotion,60813.07,CAD,CA,2021-06-22 02:00:00,PAYROLL
EVT00011189,2021-06-25,EMP04721,CC0025,FI,5,Performance Pay,7882.6,CAD,CAN,2021-06-26 15:00:00,CORE_HR
EVT00010904,2021-06-22,EMP04635,CC0099,CR,3,Performance Pay,6564.34,CAD,CAN,2021-06-22 13:00:00,CORE_HR
EVT00010503,2021-06-05,EMP00267,CC0067,PA,1,Lateral Deployment,,CAD,CA,2021-06-05 09:00:00,PAYROLL
EVT00009917,2021-06-03,EMP04083,CC0111,PA,2,Performance Pay,6350.49,USD,USA,2021-06-03 16:00:00,CORE_HR
EVT00011243,2021-06-13,EMP01805,CC0032,IT,2,Leave Return,,CAD,CA,2021-06-13 15:00:00,PAYROLL
EVT00011173,2021-06-22,EMP01449,CC0112,IT,1,Leave Start,,CAD,CA,2021-06-22 12:00:00,PAYROLL
EVT00011664,2021-06-21,EMP01038,CC0035,EX,1,Leave Return,,CAD,CAN,2021-06-22 13:00:00,CORE_HR
EVT00011134,2021-06-15,EMP00369,CC0117,EX,1,Step Increment,123499.09,CAD,CAN,2021-06-15 11:00:00,CORE_HR
EVT00011508,2021-06-05,EMP00236,CC0054,AS,2,Step Increment,69834.07,AUD,AU,2021-06-06 02:00:00,PAYROLL
EVT00010843,2021-06-16,EMP03337,CC0097,PA,2,Leave Return,,CAD,CAN,2021-06-17 05:00:00,CORE_HR
EVT00010160,2021-06-01,EMP02243,CC0017,EX,1,Performance Pay,10849.34,CAD,CA,2021-06-01 09:00:00,PAYROLL
EVT00010920,2021-06-09,EMP00891,CC0051,EX,1,Step Increment,107476.8,CAD,CA,2021-06-10 03:00:00,PAYROLL
EVT00010313,2021-06-22,EMP02070,CC0081,AS,3,Lateral Deployment,,CAD,CA,2021-06-23 06:00:00,PAYROLL
EVT00010982,2021-06-07,EMP01167,CC0078,AS,3,Performance Pay,2895.01,CAD,CA,2021-06-08 14:00:00,PAYROLL
EVT00009914,2021-06-11,EMP04003,CC0042,PA,4,Leave Return,,CAD,CAN,2021-06-12 15:00:00,CORE_HR
EVT00009972,2021-06-07,EMP99999,CC0007,AS,2,Step Increment,6482362.99,JPY,JP,2021-06-08 14:00:00,PAYROLL
EVT00010692,2021-06-21,EMP01382,CC0054,EX,3,Leave Start,,AED,ARE,2021-06-21 13:00:00,CORE_HR
EVT00010202,2021-06-13,EMP03824,CC0084,EC,2,Lateral Deployment,,CAD,CA,2021-06-13 16:00:00,PAYROLL
EVT00010588,2021-06-21,EMP02703,CC0051,PA,1,Leave Start,,CAD,CAN,2021-06-22 13:00:00,CORE_HR
EVT00010251,2021-06-27,EMP02540,CC0064,PA,3,Lateral Deployment,,CAD,CA,2021-06-28 00:00:00,PAYROLL
EVT00009957,2021-06-19,EMP04602,CC0051,AS,1,Step Increment,51572.01,CAD,CAN,2021-06-19 06:00:00,CORE_HR
EVT00010624,2021-06-27,EMP04315,CC0016,EC,4,Leave Start,,CAD,CAN,2021-06-29 19:00:00,CORE_HR
EVT00010726,2021-06-24,EMP03667,CC0095,EN,1,Performance Pay,6830.12,CAD,CAN,2021-06-25 03:00:00,CORE_HR
EVT00009893,2021-06-10,EMP02116,CC0010,PA,3,Performance Pay,10186.45,CAD,CA,2021-06-11 06:00:00,PAYROLL
EVT00010146,2021-06-19,EMP00093,CC0040,PA,5,Leave Return,,CAD,CA,2021-06-20 13:00:00,PAYROLL
EVT00011349,2021-06-25,EMP03609,CC0096,AS,2,Lateral Deployment,,CAD,CA,2021-06-25 11:00:00,PAYROLL
EVT00009953,2021-06-17,EMP00171,CC0070,PA,1,Performance Pay,7362.22,CAD,CAN,2021-06-18 11:00:00,CORE_HR
EVT00011339,1900-01-01,EMP01966,CC0068,EC,1,Lateral Deployment,,CAD,CAN,2021-06-10 12:00:00,CORE_HR
EVT00011253,2021-06-05,EMP04091,CC0090,EN,1,Performance Pay,10058.82,CAD,CA,2021-06-05 14:00:00,PAYROLL
EVT00010186,2021-06-20,EMP00505,CC0055,EN,2,Performance Pay,9231.75,CAD,CAN,2021-06-21 13:00:00,CORE_HR
EVT00011396,2021-06-22,EMP02511,CC0079,EN,2,Leave Start,,CAD,CA,2021-06-23 13:00:00,PAYROLL
EVT00010857,2021-06-24,EMP01850,CC0034,EC,3,Leave Start,,CAD,CA,2021-06-24 14:00:00,PAYROLL
EVT00011329,2021-06-10,EMP00321,CC0087,CR,2,Step Increment,54100.44,CAD,CA,2021-06-11 15:00:00,PAYROLL
EVT00010833,2021-06-01,EMP00307,CC0080,FI,1,Step Increment,191640.21,AED,ARE,2021-06-02 03:00:00,CORE_HR
EVT00010483,2021-06-03,EMP03065,CC0111,IT,2,Step Increment,1091034.12,MXN,MX,2021-06-04 09:00:00,PAYROLL
EVT00010406,2021-06-16,EMP00541,CC0053,EX,2,Step Increment,152438.38,CAD,CAN,2021-06-17 04:00:00,CORE_HR
EVT00010394,2021-06-03,EMP01637,CC0081,PA,4,Lateral Deployment,,CAD,CA,2021-06-04 13:00:00,PAYROLL
EVT00011543,2021-06-26,EMP04088,CC0053,PA,2,Lateral Deployment,,CAD,CA,2021-06-26 15:00:00,PAYROLL
EVT00010124,2021-06-20,EMP00723,CC0031,AS,2,Performance Pay,2521.17,SGD,SG,2021-06-21 04:00:00,PAYROLL
EVT00011532,2021-06-18,EMP02251,CC0101,EC,3,Departure,,CAD,CAN,2021-06-18 13:00:00,CORE_HR
EVT00010345,2021-06-23,EMP04123,CC0017,PA,5,Step Increment,80948.75,CAD,CAN,2021-06-23 20:00:00,CORE_HR
EVT00011216,2021-06-10,EMP02901,CC0031,EN,1,Leave Return,,AUD,AUS,2021-06-13 04:00:00,CORE_HR
EVT00010277,2021-06-07,EMP03056,CC0041,EC,5,Departure,,CAD,CA,2021-06-08 07:00:00,PAYROLL
EVT00010045,2021-06-14,EMP04503,CC0081,FI,1,Step Increment,72022.01,CAD,CAN,2021-06-15 06:00:00,CORE_HR
EVT00009916,2021-06-10,EMP02284,CC0110,PA,3,Step Increment,78194.63,CAD,CAN,2021-06-11 00:00:00,CORE_HR
EVT00011056,2021-06-21,EMP01000,CC0112,IT,4,Lateral Deployment,,CAD,CA,2021-06-22 03:00:00,PAYROLL
EVT00010337,2021-06-08,EMP01652,CC0038,AS,2,Leave Start,,CAD,CAN,2021-06-08 12:00:00,CORE_HR
EVT00010447,2021-06-24,EMP01323,CC0071,CR,5,Leave Return,,CAD,CAN,2021-06-25 11:00:00,CORE_HR
EVT00010597,2021-06-27,EMP01615,CC0056,FI,2,Performance Pay,9009.34,CAD,CA,2021-06-27 15:00:00,PAYROLL
EVT00011007,2021-06-24,EMP03916,CC0025,FI,1,Step Increment,69163.26,CAD,CAN,2021-06-25 07:00:00,CORE_HR
EVT00010072,2021-06-05,EMP02527,CC0107,IT,3,Performance Pay,10001.13,CAD,CA,2021-06-06 12:00:00,PAYROLL
EVT00011051,2021-06-03,EMP00291,CC0071,PA,3,Step Increment,82617.2,CAD,CAN,2021-06-03 08:00:00,CORE_HR
EVT00010347,2021-06-10,EMP04041,CC0106,FI,3,Departure,,CAD,CA,2021-06-11 22:00:00,PAYROLL
EVT00011608,2021-06-01,EMP01539,CC0006,CR,3,Leave Start,,CAD,CAN,2021-06-01 14:00:00,CORE_HR
EVT00011619,2021-06-21,EMP02685,CC0022,PA,5,Lateral Deployment,,CAD,CA,2021-06-21 10:00:00,PAYROLL
EVT00010320,2021-06-02,EMP02497,CC0106,EN,3,Step Increment,101938.77,CAD,CAN,2021-06-03 15:00:00,CORE_HR
EVT00010775,2021-06-24,EMP03856,CC0056,AS,5,Leave Start,,CAD,CAN,2021-06-25 08:00:00,CORE_HR
EVT00010662,2021-06-07,EMP00125,CC0112,IT,1,Hire,76589.09,CAD,CAN,2021-06-08 03:00:00,CORE_HR
EVT00010521,2021-06-22,EMP01428,CC0111,EN,4,Departure,,AED,ARE,2021-06-23 05:00:00,CORE_HR
EVT00010648,2021-06-21,EMP00908,CC0041,EN,4,Departure,,CAD,CAN,2021-06-22 04:00:00,CORE_HR
EVT00011145,2021-06-12,EMP04924,CC0105,EN,1,Promotion,55872.59,GBP,GBR,2021-06-13 10:00:00,CORE_HR
EVT00011418,2021-06-16,EMP00920,CC0048,AS,5,Step Increment,94656.98,CAD,CAN,2021-06-17 00:00:00,CORE_HR
EVT00011252,2021-06-25,EMP01276,CC0077,IT,3,Leave Start,,CAD,CA,2021-06-25 13:00:00,PAYROLL
EVT00010688,2021-06-05,EMP04448,CC0035,FI,2,Leave Start,,CAD,CA,2021-06-05 20:00:00,PAYROLL
EVT00011481,2021-06-01,EMP01779,CC0020,EN,2,Leave Start,,CAD,CAN,2021-06-01 20:00:00,CORE_HR
EVT00010405,2021-06-21,EMP03100,CC0087,EC,2,Step Increment,76692.92,CAD,CA,2021-06-21 22:00:00,PAYROLL
EVT00011153,2021-06-04,EMP01761,CC0025,CR,3,Promotion,59963.5,XXX,CA,2021-06-04 16:00:00,PAYROLL
EVT00010716,2021-06-20,EMP02723,CC0022,AS,4,Performance Pay,10347.56,CAD,CAN,2021-06-21 15:00:00,CORE_HR
EVT00010316,2021-06-03,EMP00732,CC0113,FI,1,Step Increment,69848.36,CAD,CAN,2021-06-06 18:00:00,CORE_HR
EVT00010555,2021-06-11,EMP03784,CC0031,EC,2,Step Increment,1086709.52,MXN,MX,2021-06-12 06:00:00,PAYROLL
EVT00011082,2021-06-23,EMP01005,CC0102,PA,1,Step Increment,61827.23,CAD,CAN,2021-06-24 05:00:00,CORE_HR
EVT00011444,2021-06-11,EMP02838,CC0047,FI,4,Step Increment,107843.53,CAD,CAN,2021-06-12 11:00:00,CORE_HR
EVT00011175,2021-06-01,EMP00887,CC0072,AS,1,Step Increment,56732.83,CAD,CAN,2021-06-03 23:00:00,CORE_HR
EVT00011390,2021-06-04,EMP04325,CC0022,PA,4,Performance Pay,9243.68,CAD,CAN,2021-06-05 01:00:00,CORE_HR
EVT00010968,2021-06-22,EMP00334,CC0112,EN,3,Leave Return,,CAD,CA,2021-06-23 15:00:00,PAYROLL
EVT00010338,2021-06-25,EMP04174,CC0067,AS,2,Step Increment,65920.81,CAD,CAN,2021-06-25 06:00:00,CORE_HR
EVT00011073,2021-06-04,EMP03717,CC0005,PA,4,Leave Start,,CAD,CA,2021-06-04 13:00:00,PAYROLL
EVT00011449,2021-06-12,EMP04269,CC0020,CR,2,Leave Return,,CAD,CA,2021-06-12 14:00:00,PAYROLL
EVT00009915,2021-06-04,EMP03837,CC0103,IT,5,Performance Pay,16694.89,CAD,CA,2021-06-04 09:00:00,PAYROLL
EVT00010373,2021-06-03,EMP04467,CC0093,IT,1,Leave Return,,CAD,CAN,2021-06-04 08:00:00,CORE_HR
EVT00011169,2021-06-24,EMP00184,CC0039,PA,1,Step Increment,64287.91,CAD,CA,2021-06-25 04:00:00,PAYROLL
EVT00010008,2021-06-17,EMP00070,CC0038,CR,2,Lateral Deployment,,CAD,CA,2021-06-18 09:00:00,PAYROLL
EVT00010640,2021-06-27,EMP02544,CC0030,AS,4,Lateral Deployment,,EUR,FR,2021-06-27 07:00:00,PAYROLL
EVT00010421,2021-06-23,EMP00399,CC0008,PA,5,Lateral Deployment,,CAD,CAN,2021-06-23 17:00:00,CORE_HR
EVT00010241,2021-06-18,EMP00696,CC0087,PA,1,Leave Return,,CAD,CAN,2021-06-19 01:00:00,CORE_HR
EVT00010038,2021-06-24,EMP00953,CC0068,PA,3,Step Increment,74377.22,CAD,CAN,2021-06-24 11:00:00,CORE_HR
EVT00011204,2021-06-18,EMP00291,CC0071,PA,3,Promotion,80886.6,CAD,CA,2021-06-19 00:00:00,PAYROLL
EVT00011703,2021-06-05,EMP01169,CC0117,CR,4,Promotion,74299.87,CAD,CAN,2021-06-05 15:00:00,CORE_HR
EVT00011401,2021-06-21,EMP04391,CC0118,PA,5,Performance Pay,6372.7,CAD,CAN,2021-06-22 13:00:00,CORE_HR
EVT00011552,2021-06-11,EMP02539,CC0074,EC,1,Promotion,49836.9,EUR,FR,2021-06-11 20:00:00,PAYROLL
EVT00010998,2021-06-23,EMP00322,CC0053,FI,3,Promotion,95198.95,CAD,CAN,2021-06-23 21:00:00,CORE_HR
EVT00010217,2021-06-10,EMP02706,CC0105,EC,2,Performance Pay,6631.99,USD,USA,2021-06-10 22:00:00,CORE_HR
EVT00011413,2021-06-18,EMP01086,CC0043,EC,2,Leave Start,,CAD,CA,2021-06-18 23:00:00,PAYROLL
EVT00010616,2021-06-06,EMP01176,CC0083,AS,1,Leave Start,,CAD,CAN,2021-06-06 15:00:00,CORE_HR
EVT00010637,2021-06-22,EMP03750,CC0089,PA,4,Leave Start,,CAD,CAN,2021-06-22 07:00:00,CORE_HR
EVT00010774,2021-06-22,EMP01049,CC0053,AS,4,Leave Start,,CAD,CAN,2021-06-22 16:00:00,CORE_HR
EVT00011198,2021-06-23,EMP03323,CC0092,PA,2,Leave Return,,CAD,CAN,2021-06-23 22:00:00,CORE_HR
EVT00010887,2021-06-09,EMP00301,CC0013,PA,2,Step Increment,54883.51,CAD,CA,2021-06-09 09:00:00,PAYROLL
EVT00011280,2021-06-03,EMP03601,CC0026,CR,3,Leave Start,,CAD,CAN,2021-06-03 14:00:00,CORE_HR
EVT00010965,2021-06-21,EMP03538,CC0099,PA,2,Performance Pay,2851.92,CAD,CAN,2021-06-22 01:00:00,CORE_HR
EVT00010852,2021-06-25,EMP04987,CC0102,EN,3,Step Increment,107940.65,CAD,CAN,2021-06-26 06:00:00,CORE_HR
EVT00010959,2021-06-10,EMP02727,CC0104,PA,2,Step Increment,50537.47,CAD,CA,2021-06-10 15:00:00,PAYROLL
EVT00010810,2021-06-13,EMP01302,CC0004,EN,1,Promotion,73221.28,CAD,CA,2021-06-14 05:00:00,PAYROLL
EVT00011641,2021-06-15,EMP00686,CC0119,EN,2,Departure,,CAD,CAN,2021-06-16 13:00:00,CORE_HR
EVT00010015,2021-06-10,EMP00918,CC0060,PA,3,Leave Return,,CAD,CA,2021-06-10 16:00:00,PAYROLL
EVT00011466,2021-06-04,EMP00196,CC0060,IT,5,Departure,,CAD,CA,2021-06-04 11:00:00,PAYROLL
EVT00011310,2021-06-15,EMP01344,CC0040,AS,3,Leave Start,,CAD,CAN,2021-06-15 13:00:00,CORE_HR
EVT00009938,2021-06-16,EMP01081,CC0024,AS,2,Lateral Deployment,,CAD,CAN,2021-06-16 23:00:00,CORE_HR
EVT00011184,2021-06-24,EMP01433,CC0037,FI,3,Leave Return,,CAD,CAN,2021-06-24 08:00:00,CORE_HR
EVT00010999,2021-06-17,EMP01745,CC0099,AS,2,Step Increment,66844.25,CAD,CA,2021-06-17 09:00:00,PAYROLL
EVT00011332,2021-06-25,EMP01600,CC0057,PA,1,Leave Start,,CAD,CA,2021-06-26 11:00:00,PAYROLL
EVT00011257,2021-06-23,EMP02347,CC0020,AS,2,Step Increment,68124.62,CAD,CAN,2021-06-24 15:00:00,CORE_HR
EVT00011566,2021-06-15,EMP04497,CC0112,PA,4,Performance Pay,11957.09,CAD,CAN,2021-06-15 18:00:00,CORE_HR
EVT00010430,2021-06-06,EMP03124,CC0055,EN,3,Leave Start,,CAD,CAN,2021-06-07 09:00:00,CORE_HR
EVT00009978,2021-06-08,EMP01081,CC0024,AS,2,Promotion,66063.96,CAD,CAN,2021-06-08 15:00:00,CORE_HR
EVT00010322,2021-06-14,EMP02349,CC0055,CR,1,Leave Return,,CAD,CAN,2021-06-15 08:00:00,CORE_HR
EVT00010856,2021-06-23,EMP02252,CC0077,EN,4,Hire,125423.15,CAD,CAN,2021-06-24 15:00:00,CORE_HR
EVT00011446,2021-06-03,EMP04415,CC0085,IT,5,Step Increment,118038.2,CAD,CA,2021-06-04 00:00:00,PAYROLL
EVT00011116,2021-06-17,EMP99999,CC0008,IT,1,Step Increment,78208.3,CAD,CAN,2021-06-17 10:00:00,CORE_HR
EVT00010580,2021-06-14,EMP02104,CC0084,EX,1,Lateral Deployment,,CAD,CAN,2021-06-14 11:00:00,CORE_HR
EVT00011693,2021-06-15,EMP01367,CC0079,EN,1,Leave Start,,CAD,CAN,2021-06-15 19:00:00,CORE_HR
EVT00011458,2021-06-08,EMP02154,CC0016,IT,1,Leave Return,,CAD,CAN,2021-06-08 17:00:00,CORE_HR
EVT00010163,2021-06-07,EMP00822,CC0035,IT,3,Leave Return,,CAD,CAN,2021-06-07 20:00:00,CORE_HR
EVT00011682,2021-06-17,EMP00019,CC0058,IT,5,Step Increment,137500.38,CAD,CAN,2021-06-17 06:00:00,CORE_HR
EVT00011316,2021-06-07,EMP00695,CC0087,EC,4,Step Increment,97933.21,CAD,CAN,2021-06-08 04:00:00,CORE_HR
EVT00010813,2021-06-04,EMP02245,CC0049,PA,5,Leave Start,,EUR,DE,2021-06-04 17:00:00,PAYROLL
EVT00010364,2021-06-05,EMP04899,CC0086,PA,2,Lateral Deployment,,KES,KE,2021-06-06 02:00:00,PAYROLL
EVT00009902,2021-06-08,EMP00579,CC0039,EN,3,Step Increment,101448.9,CAD,CAN,2021-06-08 23:00:00,CORE_HR
EVT00011270,2021-06-23,EMP00644,CC0019,CR,3,Leave Start,,CAD,CAN,2021-06-24 11:00:00,CORE_HR
EVT00010076,2021-06-19,EMP02107,CC0002,EN,3,Leave Return,,CAD,CAN,2021-06-19 10:00:00,CORE_HR
EVT00010432,2021-06-09,EMP00403,CC0114,CR,3,Departure,,CAD,CAN,2021-06-10 08:00:00,CORE_HR
EVT00010593,2021-06-20,EMP03795,CC0080,IT,2,Step Increment,10302580.39,JPY,JP,2021-06-20 06:00:00,PAYROLL
EVT00009924,2021-06-02,EMP00245,CC0046,PA,1,Leave Start,,MXN,MEX,2021-06-02 12:00:00,CORE_HR
EVT00011114,2021-06-23,EMP02334,CC0104,EC,1,Lateral Deployment,,CAD,CA,2021-06-24 00:00:00,PAYROLL
EVT00011678,2021-06-19,EMP01530,CC0052,PA,1,Step Increment,50872.78,CAD,CAN,2021-06-20 10:00:00,CORE_HR
EVT00011022,2021-06-21,EMP02413,CC0093,EX,1,Leave Start,,CAD,CAN,2021-06-22 01:00:00,CORE_HR
EVT00009999,2021-06-18,EMP00257,CC0065,IT,3,Departure,,BRL,BRA,2021-06-19 13:00:00,CORE_HR
EVT00011195,2021-06-03,EMP04006,CC0069,CR,4,Step Increment,63199.7,CAD,CA,2021-06-03 16:00:00,PAYROLL
EVT00011594,2021-06-27,EMP04445,CC0098,AS,2,Departure,,CAD,CAN,2021-06-27 08:00:00,CORE_HR
EVT00010220,2021-06-16,EMP02163,CC0030,PA,1,Step Increment,41183.53,GBP,GBR,2021-06-16 15:00:00,CORE_HR
EVT00010063,2021-06-19,EMP00833,CC0112,EN,1,Step Increment,75791.48,CAD,CA,2021-06-19 20:00:00,PAYROLL
EVT00011237,2021-06-07,EMP03448,CC0120,IT,3,Performance Pay,10251.11,CAD,CAN,2021-06-08 13:00:00,CORE_HR
EVT00011385,2021-06-11,EMP00825,CC0045,EN,2,Step Increment,93555.19,CAD,CAN,2021-06-12 00:00:00,CORE_HR
EVT00011217,2021-06-15,EMP00121,CC0113,FI,2,Leave Return,,CAD,CA,2021-06-15 11:00:00,PAYROLL
EVT00010016,2021-06-05,EMP04318,CC0072,EC,4,Leave Start,,CAD,CAN,2021-06-06 15:00:00,CORE_HR
EVT00010629,2021-06-22,EMP03931,CC0118,PA,1,Hire,54455.58,CAD,CA,2021-06-22 06:00:00,PAYROLL
EVT00011035,2021-06-23,EMP04979,CC0048,IT,2,Leave Start,,CAD,CAN,2021-06-23 20:00:00,CORE_HR
EVT00011394,2021-06-16,EMP00238,CC0106,EC,2,Leave Return,,CAD,CAN,2021-06-16 22:00:00,CORE_HR
EVT00010236,2021-06-18,EMP01023,CC0029,EN,1,Performance Pay,2778.61,USD,US,2021-06-19 14:00:00,PAYROLL
EVT00010541,2021-06-10,EMP04922,CC0055,PA,1,Step Increment,64426.0,CAD,CA,2021-06-11 08:00:00,PAYROLL
EVT00011239,2021-06-25,EMP04895,CC0047,AS,4,Leave Return,,CAD,CA,2021-06-26 10:00:00,PAYROLL
EVT00010839,2021-06-06,EMP03545,CC0003,PA,3,Step Increment,63434.24,CAD,CAN,2021-06-06 18:00:00,CORE_HR
EVT00010037,2021-06-27,EMP03652,CC0085,EN,2,Hire,96320.99,CAD,CA,2021-06-27 16:00:00,PAYROLL
EVT00010727,2021-06-13,EMP02146,CC0063,CR,2,Performance Pay,6464.61,CAD,CAN,2021-06-13 21:00:00,CORE_HR
EVT00010747,2021-06-15,EMP02246,CC0067,PA,2,Leave Return,,CAD,CA,2021-06-15 19:00:00,PAYROLL
EVT00010955,2021-06-11,EMP00279,CC0116,EN,2,Step Increment,95329.56,CAD,CAN,2021-06-11 13:00:00,CORE_HR
EVT00010479,2021-06-08,EMP02637,CC0084,CR,2,Performance Pay,5513.31,CAD,CAN,2021-06-08 13:00:00,CORE_HR
EVT00011209,2021-06-10,EMP04311,CC0056,IT,4,Step Increment,126099.77,CAD,CA,2021-06-13 19:00:00,PAYROLL
EVT00011337,2021-06-26,EMP03823,CC0088,CR,1,Lateral Deployment,,AED,ARE,2021-06-27 15:00:00,CORE_HR
EVT00010798,2021-06-16,EMP04723,CC0013,IT,3,Step Increment,112220.78,CAD,CAN,2021-06-16 17:00:00,CORE_HR
EVT00010056,2021-06-11,EMP04855,CC0039,AS,4,Lateral Deployment,,CAD,CAN,2021-06-11 07:00:00,CORE_HR
EVT00010608,2021-06-04,EMP03088,CC0101,IT,2,Leave Return,,CAD,CAN,2021-06-05 03:00:00,CORE_HR
EVT00010504,2021-06-16,EMP00558,CC0008,PA,1,Hire,62247.24,CAD,CAN,2021-06-16 09:00:00,CORE_HR
EVT00010868,2021-06-22,EMP04643,CC0003,AS,5,Lateral Deployment,,CAD,CA,2021-06-23 07:00:00,PAYROLL
EVT00010511,2021-06-19,EMP03131,CC0102,CR,5,Step Increment,62590.1,CAD,CA,2021-06-20 01:00:00,PAYROLL
EVT00010816,2021-06-13,EMP04507,CC0051,EN,1,Departure,,CAD,CAN,2021-06-14 00:00:00,CORE_HR
EVT00010033,2021-06-20,EMP01500,CC0044,IT,2,Departure,,CAD,CA,2021-06-21 12:00:00,PAYROLL
EVT00009987,2021-06-19,EMP04147,CC0064,EN,3,Lateral Deployment,,CAD,CA,2021-06-20 09:00:00,PAYROLL
EVT00011467,2021-06-17,EMP00102,CC0049,EC,3,Step Increment,1283762.97,MXN,MEX,2021-06-17 12:00:00,CORE_HR
EVT00010556,2021-06-20,EMP00629,CC0054,PA,5,Leave Start,,KES,KEN,2021-06-20 18:00:00,CORE_HR
EVT00009926,2021-06-01,EMP00875,CC0008,CR,1,Leave Return,,CAD,CA,2021-06-01 16:00:00,PAYROLL
EVT00010739,2021-06-18,EMP02336,CC0005,AS,1,Leave Start,,CAD,CAN,2021-06-18 22:00:00,CORE_HR
EVT00010717,2021-06-13,EMP01857,CC0108,IT,1,Performance Pay,4449.43,USD,USA,2021-06-14 11:00:00,CORE_HR
EVT00011181,2021-06-22,EMP03484,CC0094,AS,4,Performance Pay,3559.13,CAD,CA,2021-06-22 15:00:00,PAYROLL
EVT00011692,2021-06-15,EMP03943,CC0110,PA,3,Step Increment,98852.44,CAD,CAN,2021-06-15 09:00:00,CORE_HR
EVT00010203,2021-06-17,EMP01719,CC0017,PA,5,Leave Return,,CAD,CAN,2021-06-17 14:00:00,CORE_HR
EVT00011502,2021-06-20,EMP02704,CC0074,IT,3,Step Increment,429228.4,BRL,BRA,2021-06-21 00:00:00,CORE_HR
EVT00011328,2021-06-16,EMP01685,CC0025,IT,1,Step Increment,78678.45,CAD,CA,2021-06-17 14:00:00,PAYROLL
EVT00011563,2021-06-14,EMP00948,CC0005,FI,5,Leave Start,,CAD,CAN,2021-06-14 19:00:00,CORE_HR
EVT00009891,2021-06-20,EMP03875,CC0105,IT,4,Departure,,BRL,BR,2021-06-23 02:00:00,PAYROLL
EVT00010687,2021-06-22,EMP00605,CC0069,IT,1,Performance Pay,8436.62,CAD,CAN,2021-06-22 23:00:00,CORE_HR
EVT00010971,2021-06-22,EMP04840,CC0055,AS,1,Promotion,58026.4,CAD,CAN,2021-06-22 10:00:00,CORE_HR
EVT00011116,2021-06-17,EMP03146,CC0008,IT,1,Step Increment,78208.3,CAD,CAN,2021-06-19 16:00:00,CORE_HR
EVT00011434,2021-06-23,EMP01273,CC0113,AS,4,Hire,72979.09,CAD,CAN,2021-06-23 19:00:00,CORE_HR
EVT00010347,2021-06-10,EMP04041,CC0106,FI,3,Departure,,CAD,CA,2021-06-10 19:00:00,PAYROLL
EVT00009963,2021-06-05,EMP04054,CC0041,IT,1,Performance Pay,5434.58,CAD,CAN,2021-06-05 15:00:00,CORE_HR
EVT00009961,2021-06-07,EMP04291,CC0034,FI,1,Leave Return,,CAD,CA,2021-06-07 22:00:00,PAYROLL
EVT00011056,2021-06-21,EMP01000,CC0112,IT,4,Lateral Deployment,,CAD,CA,2021-06-23 08:00:00,PAYROLL
EVT00010844,2021-06-17,EMP00418,CC0045,AS,3,Hire,65986.32,CAD,CAN,2021-06-17 15:00:00,CORE_HR
EVT00010945,2021-06-12,EMP03547,CC0116,EC,2,Performance Pay,7059.99,CAD,CAN,2021-06-13 05:00:00,CORE_HR
EVT00010460,2021-06-08,EMP03433,CC0061,FI,5,Leave Start,,CAD,CA,2021-06-08 16:00:00,PAYROLL
EVT00010126,2021-06-06,EMP04742,CC0020,IT,2,Lateral Deployment,,CAD,CAN,2021-06-07 07:00:00,CORE_HR
EVT00010225,2021-06-10,EMP00894,CC0058,EN,1,Step Increment,80690.9,CAD,CAN,2021-06-11 13:00:00,CORE_HR
EVT00010530,2021-06-16,EMP00543,CC0037,IT,2,Hire,99653.71,CAD,CAN,2021-06-17 13:00:00,CORE_HR
EVT00011186,2021-06-22,EMP01242,CC0114,EC,1,Departure,,CAD,CAN,2021-06-22 17:00:00,CORE_HR
EVT00009911,2021-06-17,EMP01864,CC0116,IT,4,Promotion,121932.45,CAD,CA,2021-06-17 22:00:00,PAYROLL
EVT00010679,2021-06-14,EMP01574,CC0020,PA,3,Departure,,CAD,CAN,2021-06-14 18:00:00,CORE_HR
EVT00010454,2021-06-18,EMP04282,CC0057,PA,2,Hire,71444.02,CAD,CA,2021-06-19 00:00:00,PAYROLL
EVT00010683,2021-06-18,EMP02285,CC0109,CR,3,Step Increment,59203.92,CAD,CAN,2021-06-19 05:00:00,CORE_HR
EVT00010599,2021-06-14,EMP00707,CC0020,EN,2,Leave Start,,CAD,CA,2021-06-14 13:00:00,PAYROLL
EVT00011453,2021-06-23,EMP00808,CC0016,AS,2,Lateral Deployment,,CAD,CA,2021-06-23 23:00:00,PAYROLL
EVT00011555,2021-06-16,EMP01930,CC0041,IT,1,Hire,56493.07,CAD,CA,2021-06-16 06:00:00,PAYROLL
EVT00010402,2021-06-05,EMP02567,CC0043,EX,2,Hire,147766.28,CAD,CA,2021-06-06 15:00:00,PAYROLL
EVT00011032,2021-06-25,EMP01863,CC0021,EN,5,Performance Pay,16407.29,CAD,CA,2021-06-26 04:00:00,PAYROLL
EVT00011591,2021-06-13,EMP04563,CC0014,EC,3,Promotion,101232.16,CAD,CAN,2021-06-13 13:00:00,CORE_HR
EVT00010552,2021-06-13,EMP01758,CC0047,FI,1,Leave Return,,CAD,CAN,2021-06-13 20:00:00,CORE_HR
EVT00010185,2021-06-06,EMP04874,CC0003,EX,3,Hire,169416.24,CAD,CAN,2021-06-06 08:00:00,CORE_HR
EVT00010850,2021-06-04,EMP00300,CC0058,PA,3,Step Increment,72933.39,CAD,CA,2021-06-05 11:00:00,PAYROLL
EVT00010113,2021-06-10,EMP00144,CC0106,FI,3,Leave Start,,CAD,CA,2021-06-11 07:00:00,PAYROLL
EVT00009969,2021-06-10,EMP04903,CC0117,PA,1,Hire,57016.31,CAD,CA,2021-06-10 19:00:00,PAYROLL
EVT00010212,2021-06-15,EMP03920,CC0074,EC,4,Lateral Deployment,,USD,US,2021-06-16 06:00:00,PAYROLL
EVT00010966,2021-06-04,EMP00418,CC0045,AS,3,Lateral Deployment,,CAD,CA,2021-06-04 21:00:00,PAYROLL
EVT00010272,2021-06-13,EMP04915,CC0100,EN,2,Leave Start,,CAD,CA,2021-06-13 21:00:00,PAYROLL
EVT00010354,2021-06-06,EMP04423,CC0081,PA,1,Leave Start,,CAD,CAN,2021-06-07 14:00:00,CORE_HR
EVT00010180,2021-06-12,EMP00368,CC0068,FI,3,Step Increment,97044.82,CAD,CA,2021-06-12 14:00:00,PAYROLL
EVT00010082,2021-06-14,EMP01638,CC0091,EX,1,Leave Start,,CAD,CA,2021-06-14 16:00:00,PAYROLL
EVT00011607,2021-06-10,EMP04521,CC0086,EX,2,Step Increment,107202.45,USD,USA,2021-06-11 11:00:00,CORE_HR
EVT00010182,2021-06-16,EMP02586,CC0009,EN,2,Step Increment,10525291.88,KES,KE,2021-06-17 04:00:00,PAYROLL
EVT00011714,2021-06-21,EMP02759,CC0049,CR,4,Leave Start,,INR,IN,2021-06-22 14:00:00,PAYROLL
EVT00010143,2021-06-11,EMP01696,CC0054,PA,3,Step Increment,55905.61,EUR,DEU,2021-06-11 15:00:00,CORE_HR
EVT00010718,2021-06-07,EMP04553,CC0006,AS,2,Leave Start,,CAD,CAN,2021-06-08 07:00:00,CORE_HR
EVT00011292,2021-06-20,EMP03015,CC0110,EC,2,Hire,76748.64,CAD,CAN,2021-06-21 15:00:00,CORE_HR
EVT00010178,2021-06-05,EMP04310,CC0026,EX,1,Step Increment,136184.16,CAD,CA,2021-06-06 08:00:00,PAYROLL
EVT00010390,2021-06-22,EMP02338,CC0011,PA,1,Leave Return,,CAD,CAN,2021-06-22 14:00:00,CORE_HR
EVT00010112,2021-06-19,EMP00502,CC0076,AS,3,Hire,71064.62,CAD,CAN,2021-06-19 07:00:00,CORE_HR
EVT00010315,2021-06-10,EMP03725,CC0008,AS,5,Lateral Deployment,,CAD,CA,2021-06-11 05:00:00,PAYROLL
EVT00011496,2021-06-21,EMP00180,CC0047,PA,2,Promotion,67433.75,CAD,CAN,2021-06-21 21:00:00,CORE_HR
EVT00010805,2021-06-16,EMP02502,CC0038,AS,1,Leave Start,,CAD,CAN,2021-06-16 20:00:00,CORE_HR
EVT00011313,2021-06-10,EMP03340,CC0118,PA,4,Step Increment,84936.7,CAD,CAN,2021-06-10 11:00:00,CORE_HR
EVT00011414,2021-06-18,EMP03943,CC0110,PA,3,Performance Pay,7167.19,CAD,CAN,2021-06-18 10:00:00,CORE_HR
EVT00010153,2021-06-21,EMP04271,CC0032,IT,1,Step Increment,66181.67,CAD,CAN,2021-06-21 19:00:00,CORE_HR
EVT00010491,2021-06-18,EMP01701,CC0004,AS,1,Hire,60329.59,CAD,CAN,2021-06-18 15:00:00,CORE_HR
EVT00011514,2021-06-13,EMP04333,CC0019,EC,2,Performance Pay,3657.6,CAD,CA,2021-06-14 07:00:00,PAYROLL
EVT00010294,2021-06-03,EMP03585,CC0099,AS,2,Leave Return,,CAD,CAN,2021-06-04 02:00:00,CORE_HR
EVT00010172,2021-06-06,EMP03543,CC0010,FI,2,Leave Return,,CAD,CA,2021-06-06 10:00:00,PAYROLL
EVT00010070,2021-06-10,EMP00108,CC0119,PA,2,Step Increment,65696.34,CAD,CA,2021-06-10 09:00:00,PAYROLL
EVT00011518,2021-06-16,EMP01280,CC0072,EX,1,Step Increment,134790.39,CAD,CA,2021-06-17 02:00:00,PAYROLL
EVT00010022,2021-06-19,EMP02599,CC0087,PA,1,Leave Start,,CAD,CA,2021-06-19 07:00:00,PAYROLL
EVT00011080,2021-06-13,EMP03397,CC0089,IT,1,Step Increment,72719.2,CAD,CA,2021-06-14 03:00:00,PAYROLL
EVT00011575,2021-06-20,EMP01820,CC0086,EC,3,Step Increment,5333030.9,INR,IND,2021-06-21 08:00:00,CORE_HR
EVT00010277,2021-06-07,EMP03056,CC0041,EC,5,Departure,,CAD,CA,2021-06-10 21:00:00,PAYROLL
EVT00009998,2021-06-21,EMP00301,CC0013,PA,2,Leave Start,,CAD,CAN,2021-06-22 06:00:00,CORE_HR
EVT00011534,2021-06-11,EMP01202,CC0061,CR,2,Leave Return,,CAD,CAN,2021-06-11 23:00:00,CORE_HR
EVT00011162,2021-06-12,EMP00745,CC0063,AS,5,Leave Start,,CAD,CAN,2021-06-13 10:00:00,CORE_HR
EVT00011167,2021-06-06,EMP01663,CC0018,EX,2,Step Increment,164026.63,CAD,CAN,2021-06-07 11:00:00,CORE_HR
EVT00011262,2021-06-24,EMP00678,CC0094,AS,2,Step Increment,60718.11,CAD,CA,2021-06-25 19:00:00,PAYROLL
EVT00011522,2021-06-05,EMP03531,CC0041,IT,3,Performance Pay,13059.1,CAD,CA,2021-06-05 09:00:00,PAYROLL
EVT00010908,2021-06-06,EMP00268,CC0117,PA,2,Leave Return,,CAD,CA,2021-06-06 23:00:00,PAYROLL
EVT00010929,2021-06-04,EMP01183,CC0081,PA,2,Departure,,CAD,CAN,2021-06-05 13:00:00,CORE_HR
EVT00010934,2021-06-04,EMP03654,CC0074,EN,2,Leave Return,,BRL,BR,2021-06-04 06:00:00,PAYROLL
EVT00011702,2021-06-06,EMP03799,CC0120,PA,1,Leave Start,,CAD,CA,2021-06-06 17:00:00,PAYROLL
EVT00010923,2021-06-14,EMP03665,CC0114,PA,2,Leave Return,,CAD,CAN,2021-06-14 21:00:00,CORE_HR
EVT00011528,2021-06-17,EMP03858,CC0088,CR,1,Hire,32437.17,EUR,FRA,2021-06-17 19:00:00,CORE_HR
EVT00010003,2021-06-19,EMP04023,CC0043,PA,2,Hire,84609.11,CAD,CA,2021-06-21 23:00:00,PAYROLL
EVT00011263,2021-06-01,EMP03898,CC0064,IT,4,Step Increment,99932.89,CAD,CA,2021-06-01 13:00:00,PAYROLL
EVT00011016,2021-06-09,EMP03182,CC0120,PA,2,Step Increment,66987.92,CAD,CAN,2021-06-09 14:00:00,CORE_HR
EVT00010544,2021-06-19,EMP02336,CC0005,AS,1,Step Increment,51365.53,CAD,CA,2021-06-20 16:00:00,PAYROLL
EVT00010763,2021-06-04,EMP00490,CC0070,PA,2,Step Increment,74430.45,CAD,CAN,2021-06-05 10:00:00,CORE_HR
EVT00010678,2021-06-19,EMP02089,CC0105,EC,2,Step Increment,9312623.1,KES,KE,2021-06-19 07:00:00,PAYROLL
EVT00010207,2021-06-04,EMP04729,CC0086,EC,3,Leave Return,,JPY,JP,2021-06-04 08:00:00,PAYROLL
EVT00009960,2021-06-15,EMP04813,CC0032,IT,2,Hire,88755.7,CAD,CAN,2021-06-16 08:00:00,CORE_HR
EVT00010581,2021-06-22,EMP00605,CC0069,IT,1,Step Increment,75851.0,CAD,CAN,2021-06-22 21:00:00,CORE_HR
EVT00011191,2021-06-12,EMP02060,CC0026,EN,5,Lateral Deployment,,CAD,CAN,2021-06-13 11:00:00,CORE_HR
EVT00010107,2021-06-02,EMP01000,CC0112,IT,4,Step Increment,110147.17,CAD,CAN,2021-06-02 19:00:00,CORE_HR
EVT00011231,2021-06-13,EMP04860,CC0116,FI,3,Leave Start,,CAD,CAN,2021-06-13 16:00:00,CORE_HR
EVT00010176,2021-06-12,EMP01313,CC0069,IT,1,Step Increment,71707.1,CAD,CAN,2021-06-13 06:00:00,CORE_HR
EVT00011130,2021-06-23,EMP04471,CC0079,PA,3,Leave Start,,CAD,CAN,2021-06-23 22:00:00,CORE_HR
EVT00010936,2021-06-03,EMP04285,CC0083,EN,5,Hire,120835.67,CAD,CA,2021-06-04 02:00:00,PAYROLL
EVT00010619,2021-06-08,EMP03060,CC0014,PA,1,Departure,,CAD,CAN,2021-06-08 20:00:00,CORE_HR
EVT00010834,2021-06-10,EMP02468,CC0035,IT,1,Leave Return,,CAD,CAN,2021-06-11 04:00:00,CORE_HR
EVT00010724,2021-06-21,EMP02641,CC0089,AS,1,Step Increment,54315.89,CAD,CAN,2021-06-21 14:00:00,CORE_HR
EVT00010942,2021-06-20,EMP04467,CC0093,IT,1,Leave Return,,CAD,CA,2021-06-21 04:00:00,PAYROLL
EVT00010978,2021-06-26,EMP03060,CC0014,PA,1,Leave Return,,CAD,CA,2021-06-27 13:00:00,PAYROLL
EVT00010387,2021-06-25,EMP04717,CC0101,EN,1,Performance Pay,9313.23,CAD,CA,2021-06-26 01:00:00,PAYROLL
EVT00009993,2021-06-20,EMP04430,CC0087,EN,4,Step Increment,109139.88,CAD,CAN,2021-06-21 07:00:00,CORE_HR
EVT00011164,2021-06-20,EMP03161,CC0116,CR,2,Departure,,CAD,CAN,2021-06-21 08:00:00,CORE_HR
EVT00009980,2021-06-22,EMP04420,CC0083,IT,4,Lateral Deployment,,CAD,CA,2021-06-22 13:00:00,PAYROLL
EVT00011573,2021-06-17,EMP03774,CC0068,CR,2,Promotion,56178.23,CAD,CAN,2021-06-17 06:00:00,CORE_HR
EVT00011590,2021-06-19,EMP03907,CC0011,EC,4,Leave Return,,CAD,CAN,2021-06-19 17:00:00,CORE_HR
EVT00010490,2021-06-02,EMP03740,CC0048,FI,5,Leave Start,,CAD,CAN,2021-06-03 07:00:00,CORE_HR
EVT00010495,2021-06-01,EMP00097,CC0005,PA,2,Step Increment,69435.44,CAD,CAN,2021-06-01 10:00:00,CORE_HR
EVT00010335,2021-06-06,EMP02795,CC0031,PA,2,Lateral Deployment,,EUR,DE,2021-06-06 06:00:00,PAYROLL
EVT00010797,2021-06-05,EMP04800,CC0038,EC,1,Step Increment,67146.45,CAD,CAN,2021-06-06 10:00:00,CORE_HR
EVT00010577,2021-06-13,EMP02982,CC0034,FI,3,Leave Start,,CAD,CA,2021-06-13 18:00:00,PAYROLL
EVT00010034,2021-06-10,EMP02768,CC0001,EN,3,Performance Pay,4798.48,CAD,CA,2021-06-10 06:00:00,PAYROLL
EVT00010759,2021-06-20,EMP02523,CC0072,CR,3,Performance Pay,7940.23,CAD,CAN,2021-06-20 14:00:00,CORE_HR
EVT00010838,2021-06-15,EMP02925,CC0021,PA,4,Leave Start,,CAD,CA,2021-06-15 22:00:00,PAYROLL
EVT00011411,2021-06-16,EMP04675,CC0077,IT,2,Hire,97702.24,CAD,CAN,2021-06-18 04:00:00,CORE_HR
EVT00010273,2021-06-08,EMP00292,CC0009,EX,1,Lateral Deployment,,USD,US,2021-06-08 12:00:00,PAYROLL
EVT00011441,2021-06-04,EMP01223,CC0050,AS,1,Performance Pay,6599.11,CAD,CAN,2021-06-05 06:00:00,CORE_HR
EVT00010771,2021-06-18,EMP04276,CC0018,AS,2,Departure,,CAD,CAN,2021-06-18 09:00:00,CORE_HR
EVT00011040,2021-06-15,EMP03294,CC0055,EN,4,Leave Start,,CAD,CAN,2021-06-16 07:00:00,CORE_HR
EVT00011659,2021-06-05,EMP01603,CC0018,PA,3,Step Increment,76887.72,CAD,CA,2021-06-06 09:00:00,PAYROLL
EVT00010748,2021-06-25,EMP04046,CC0046,PA,5,Step Increment,1198227.26,MXN,MEX,2021-06-25 21:00:00,CORE_HR
EVT00010425,2021-06-20,EMP02876,CC0057,IT,2,Performance Pay,9467.16,CAD,CA,2021-06-20 08:00:00,PAYROLL
EVT00011203,2021-06-11,EMP02691,CC0051,AS,2,Leave Start,,CAD,CAN,2021-06-11 15:00:00,CORE_HR
EVT00011399,2021-06-27,EMP04902,CC0057,CR,5,Performance Pay,5893.4,CAD,CAN,2021-06-28 11:00:00,CORE_HR
EVT00011499,2021-06-26,EMP02177,CC0077,FI,3,Step Increment,92849.04,CAD,CA,2021-06-27 12:00:00,PAYROLL
EVT00011043,2021-06-08,EMP02626,CC0033,CR,2,Departure,,CAD,CA,2021-06-08 11:00:00,PAYROLL
EVT00011477,2021-06-06,EMP04429,CC0092,FI,2,Lateral Deployment,,CAD,CAN,2021-06-07 11:00:00,CORE_HR
EVT00011240,2021-06-21,EMP03114,CC0056,PA,3,Departure,,CAD,CAN,2021-06-21 17:00:00,CORE_HR
EVT00011144,2021-06-27,EMP01211,CC0106,PA,3,Step Increment,79428.66,CAD,CAN,2021-06-27 07:00:00,CORE_HR
EVT00011391,2021-06-25,EMP01941,CC0071,CR,3,Leave Return,,CAD,CAN,2021-06-25 18:00:00,CORE_HR
EVT00011000,2021-06-12,EMP01964,CC0115,EC,4,Performance Pay,10345.89,CAD,CAN,2021-06-12 18:00:00,CORE_HR
EVT00011340,2021-06-11,EMP02936,CC0030,FI,2,Performance Pay,597606.98,JPY,JPN,2021-06-12 00:00:00,CORE_HR
EVT00010707,2021-06-25,EMP03442,CC0018,EN,1,Leave Return,,CAD,CA,2021-06-25 11:00:00,PAYROLL
EVT00011024,2021-06-20,EMP03090,CC0107,CR,2,Leave Start,,CAD,CAN,2021-06-21 15:00:00,CORE_HR
EVT00011494,2021-06-12,EMP04156,CC0005,IT,2,Leave Start,,CAD,CA,2021-06-12 22:00:00,PAYROLL
EVT00010323,2021-06-17,EMP02489,CC0049,CR,4,Step Increment,41958.01,GBP,GBR,2021-06-17 06:00:00,CORE_HR
EVT00009901,2021-06-18,EMP03731,CC0119,EX,2,Performance Pay,7950.93,CAD,CA,2021-06-19 13:00:00,PAYROLL
EVT00010758,2021-06-23,EMP03719,CC0028,EX,1,Step Increment,137364.63,CAD,CA,2021-06-26 02:00:00,PAYROLL
EVT00010703,2021-06-08,EMP01866,CC0092,IT,1,Leave Return,,CAD,CA,2021-06-08 06:00:00,PAYROLL
EVT00010083,2021-06-20,EMP00946,CC0073,IT,3,Step Increment,104376.31,CAD,CA,2021-06-20 06:00:00,PAYROLL
EVT00011544,2021-06-15,EMP02611,CC0026,FI,2,Performance Pay,6398.43,CAD,CA,2021-06-16 13:00:00,PAYROLL
EVT00010411,2021-06-16,EMP04310,CC0026,EX,1,Step Increment,120165.52,CAD,CAN,2021-06-17 10:00:00,CORE_HR
EVT00009975,2021-06-02,EMP00069,CC0099,AS,1,Step Increment,54396.2,CAD,CAN,2021-06-02 14:00:00,CORE_HR
EVT00010592,2021-06-14,EMP00972,CC0044,EN,1,Leave Return,,CAD,CA,2021-06-14 16:00:00,PAYROLL
EVT00010452,2021-06-14,EMP03055,CC0060,FI,4,Performance Pay,14414.99,CAD,CAN,2021-06-14 16:00:00,CORE_HR
EVT00010453,2021-06-14,EMP04593,CC0106,CR,4,Step Increment,67072.89,CAD,CAN,2021-06-14 18:00:00,CORE_HR
EVT00011027,2021-06-23,EMP04811,CC0071,PA,3,Leave Return,,CAD,CAN,2021-06-24 11:00:00,CORE_HR
EVT00011281,2021-06-15,EMP02209,CC0022,EX,1,Leave Return,,CAD,CAN,2021-06-16 09:00:00,CORE_HR
EVT00010740,2021-06-24,EMP01134,CC0080,EC,2,Step Increment,8184274.13,KES,KEN,2021-06-24 06:00:00,CORE_HR
EVT00010988,2021-06-16,EMP04393,CC0050,FI,3,Leave Start,,CAD,CA,2021-06-17 08:00:00,PAYROLL
EVT00011371,2021-06-12,EMP01002,CC0048,CR,4,Step Increment,65602.62,CAD,CAN,2021-06-13 10:00:00,CORE_HR
EVT00010399,2021-06-21,EMP03557,CC0009,PA,2,Step Increment,809263.54,MXN,MEX,2021-06-22 07:00:00,CORE_HR
EVT00010758,2021-06-23,EMP03719,CC0028,EX,1,Step Increment,137364.63,CAD,CA,2021-06-23 12:00:00,PAYROLL
EVT00010561,2021-06-25,EMP02388,CC0052,PA,1,Step Increment,63190.72,CAD,CA,2021-06-25 14:00:00,PAYROLL
EVT00011143,2021-06-10,EMP02826,CC0091,PA,4,Step Increment,88515.04,CAD,CAN,2021-06-10 09:00:00,CORE_HR
EVT00011118,2021-06-22,EMP03664,CC0100,AS,3,Performance Pay,7132.93,CAD,CA,2021-06-22 20:00:00,PAYROLL
EVT00010535,2021-06-12,EMP02765,CC0076,AS,4,Performance Pay,3117.29,CAD,CA,2021-06-13 14:00:00,PAYROLL
EVT00011137,2021-06-09,EMP03702,CC0056,IT,2,Promotion,91786.46,CAD,CAN,2021-06-09 20:00:00,CORE_HR
EVT00011484,2021-06-24,EMP01620,CC0079,EX,1,Step Increment,117017.96,CAD,CA,2021-06-25 06:00:00,PAYROLL
EVT00010092,2021-06-08,EMP02459,CC0017,FI,2,Step Increment,82030.53,CAD,CA,2021-06-09 07:00:00,PAYROLL
EVT00010563,2021-06-17,EMP02328,CC0005,EC,4,Step Increment,117954.78,CAD,CA,2021-06-18 02:00:00,PAYROLL
EVT00011672,2021-06-13,EMP04593,CC0106,CR,4,Step Increment,71420.44,CAD,CA,2021-06-14 01:00:00,PAYROLL
EVT00010369,2021-06-15,EMP03342,CC0027,PA,3,Lateral Deployment,,CAD,CA,2021-06-16 15:00:00,PAYROLL
EVT00011272,2021-06-19,EMP00181,CC0021,CR,3,Step Increment,61609.78,CAD,CAN,2021-06-20 01:00:00,CORE_HR
EVT00011131,2021-06-22,EMP04848,CC0045,PA,3,Leave Start,,CAD,CA,2021-06-23 09:00:00,PAYROLL
EVT00010473,2021-06-15,EMP04951,CC0093,PA,3,Leave Start,,CAD,CAN,2021-06-15 16:00:00,CORE_HR
EVT00009977,2021-06-20,EMP03552,CC0119,AS,2,Step Increment,60124.99,CAD,CA,2021-06-20 08:00:00,PAYROLL
EVT00009931,2021-06-16,EMP01465,CC0044,EC,3,Performance Pay,11867.4,CAD,CAN,2021-06-17 05:00:00,CORE_HR
EVT00010104,2021-06-15,EMP01972,CC0084,PA,2,Leave Return,,CAD,CAN,2021-06-15 09:00:00,CORE_HR
EVT00010291,2021-06-12,EMP03188,CC0039,PA,1,Step Increment,61072.71,CAD,CAN,2021-06-13 12:00:00,CORE_HR
EVT00010514,2021-06-11,EMP00123,CC0117,AS,2,Performance Pay,7546.92,CAD,CAN,2021-06-11 20:00:00,CORE_HR
EVT00010497,2021-06-17,EMP02727,CC0104,PA,2,Performance Pay,8069.04,CAD,CAN,2021-06-17 11:00:00,CORE_HR
EVT00011286,2021-06-13,EMP04623,CC0066,PA,4,Hire,67703.51,CAD,CAN,2021-06-14 10:00:00,CORE_HR
EVT00010983,2021-06-04,EMP01680,CC0007,PA,3,Step Increment,7668307.72,KES,KE,2021-06-06 04:00:00,PAYROLL
EVT00011366,2021-06-11,EMP00484,CC0027,IT,2,Departure,,CAD,CAN,2021-06-12 12:00:00,CORE_HR
EVT00011227,2021-06-08,EMP01313,CC0069,IT,1,Leave Return,,CAD,CA,2021-06-08 16:00:00,PAYROLL
EVT00011516,2021-06-09,EMP00424,CC0120,EX,1,Step Increment,140842.36,CAD,CAN,2021-06-09 22:00:00,CORE_HR
EVT00010263,2021-06-23,EMP02661,CC0062,AS,3,Lateral Deployment,,CAD,CA,2021-06-23 16:00:00,PAYROLL
EVT00011470,2021-06-23,EMP03436,CC0062,PA,3,Step Increment,75907.09,CAD,CA,2021-06-26 16:00:00,PAYROLL
EVT00011221,2021-06-10,EMP00750,CC0022,AS,1,Hire,50784.01,CAD,CAN,2021-06-11 11:00:00,CORE_HR
EVT00010368,2021-06-08,EMP04920,CC0086,PA,2,Performance Pay,817494.58,JPY,JP,2021-06-08 12:00:00,PAYROLL
EVT00010686,2021-06-22,EMP01408,CC0108,FI,1,Performance Pay,71417.18,MXN,MEX,2021-06-23 02:00:00,CORE_HR
EVT00010764,2021-06-13,EMP03807,CC0031,AS,2,Leave Return,,INR,IND,2021-06-14 07:00:00,CORE_HR
EVT00010014,2021-06-17,EMP02642,CC0028,FI,1,Performance Pay,5879.45,CAD,CAN,2021-06-18 15:00:00,CORE_HR
EVT00010876,2021-06-20,EMP03016,CC0051,PA,2,Performance Pay,4449.24,CAD,CA,2021-06-21 09:00:00,PAYROLL
EVT00011736,2021-06-17,EMP03974,CC0003,EN,2,Step Increment,87871.83,CAD,CAN,2021-06-18 13:00:00,CORE_HR
EVT00010149,2021-06-07,EMP01342,CC0083,IT,1,Step Increment,83884.37,CAD,CAN,2021-06-07 17:00:00,CORE_HR
EVT00010189,2021-06-10,EMP04795,CC0057,EN,1,Lateral Deployment,,CAD,CAN,2021-06-11 12:00:00,CORE_HR
EVT00011732,2021-06-25,EMP00184,CC0039,PA,1,Step Increment,49019.01,CAD,CAN,2021-06-25 22:00:00,CORE_HR
EVT00010058,2021-06-23,EMP00827,CC0115,EC,5,Lateral Deployment,,CAD,CA,2021-06-24 15:00:00,PAYROLL
EVT00011250,2021-06-05,EMP00911,CC0005,AS,3,Performance Pay,4964.42,CAD,CAN,2021-06-05 10:00:00,CORE_HR
EVT00011282,2021-06-06,EMP04411,CC0112,EN,2,Leave Start,,CAD,CA,2021-06-07 04:00:00,PAYROLL
EVT00011093,2021-06-12,EMP02622,CC0019,PA,1,Leave Start,,CAD,CA,2021-06-12 11:00:00,PAYROLL
EVT00010896,2021-06-08,EMP03090,CC0107,CR,2,Lateral Deployment,,CAD,CAN,2021-06-08 10:00:00,CORE_HR
EVT00010733,2021-06-10,EMP04468,CC0107,PA,1,Performance Pay,7694.31,CAD,CAN,2021-06-10 22:00:00,CORE_HR
EVT00010049,2021-06-01,EMP04659,CC0039,AS,2,Promotion,64922.62,CAD,CAN,2021-06-02 09:00:00,CORE_HR
EVT00009888,2021-06-08,EMP01541,CC0098,IT,1,Step Increment,70231.44,CAD,CAN,2021-06-08 06:00:00,CORE_HR
EVT00011617,2021-06-25,EMP04020,CC0120,AS,1,Step Increment,56078.85,CAD,CA,2021-06-26 15:00:00,PAYROLL
EVT00010374,2021-06-10,EMP03594,CC0012,IT,2,Performance Pay,11312.03,CAD,CAN,2021-06-11 03:00:00,CORE_HR
EVT00011079,2021-06-15,EMP03478,CC0001,PA,3,Departure,,CAD,CA,2021-06-15 16:00:00,PAYROLL
EVT00010665,2021-06-23,EMP03874,CC0093,PA,1,Leave Return,,CAD,CAN,2021-06-23 06:00:00,CORE_HR
EVT00010788,2021-06-07,EMP00694,CC0008,EC,3,Promotion,88475.92,CAD,CAN,2021-06-08 11:00:00,CORE_HR
EVT00010420,2021-06-14,EMP03575,CC0120,PA,2,Step Increment,75225.5,CAD,CAN,2021-06-15 05:00:00,CORE_HR
EVT00010537,2021-06-16,EMP02624,CC0018,CR,2,Leave Return,,CAD,CA,2021-06-16 09:00:00,PAYROLL
EVT00011272,2021-06-19,EMP00181,CC0021,CR,3,Step Increment,61609.78,CAD,CAN,2021-06-21 08:00:00,CORE_HR
EVT00011695,2021-06-23,EMP01065,CC0103,PA,2,Performance Pay,5925.1,CAD,CAN,2021-06-23 09:00:00,CORE_HR
EVT00011538,2021-06-24,EMP03920,CC0074,EC,4,Lateral Deployment,,INR,IN,2021-06-24 13:00:00,PAYROLL
EVT00011697,2021-06-23,EMP04430,CC0087,EN,4,Leave Start,,CAD,CA,2021-06-23 21:00:00,PAYROLL
EVT00010098,2021-06-12,EMP03672,CC0052,AS,2,Leave Start,,CAD,CA,2021-06-13 03:00:00,PAYROLL
EVT00010508,2021-06-25,EMP02211,CC0004,PA,4,Leave Start,,CAD,CA,2021-06-26 13:00:00,PAYROLL
EVT00010639,2021-06-14,EMP04188,CC0026,IT,5,Performance Pay,6698.07,CAD,CA,2021-06-15 05:00:00,PAYROLL
EVT00011209,2021-06-10,EMP04311,CC0056,IT,4,Step Increment,126099.77,CAD,CA,2021-06-11 01:00:00,PAYROLL
EVT00010388,2021-06-17,EMP04308,CC0099,CR,5,Leave Start,,CAD,CAN,2021-06-18 06:00:00,CORE_HR
EVT00011629,2021-06-09,EMP04002,CC0028,FI,1,Step Increment,73680.11,CAD,CAN,2021-06-10 05:00:00,CORE_HR
EVT00010709,2021-06-15,EMP03674,CC0035,IT,2,Performance Pay,11488.29,CAD,CA,2021-06-16 00:00:00,PAYROLL
EVT00011383,2021-06-20,EMP00530,CC0037,IT,2,Step Increment,98079.29,CAD,CAN,2021-06-20 10:00:00,CORE_HR
EVT00009989,2021-06-23,EMP00840,CC0099,CR,2,Performance Pay,3734.36,CAD,CAN,2021-06-24 17:00:00,CORE_HR
EVT00010793,2021-06-01,EMP03387,CC0117,EC,2,Step Increment,86242.52,CAD,CAN,2021-06-02 05:00:00,CORE_HR
EVT00011124,2021-06-17,EMP04311,CC0056,IT,4,Step Increment,105637.78,CAD,CAN,2021-06-17 10:00:00,CORE_HR
EVT00011288,2021-06-15,EMP03672,CC0052,AS,2,Promotion,68150.6,CAD,CAN,2021-06-15 07:00:00,CORE_HR
EVT00010120,2021-06-21,EMP00317,CC0012,EX,2,Step Increment,148810.3,CAD,CA,2021-06-22 11:00:00,PAYROLL
EVT00010963,2021-06-13,EMP00966,CC0104,IT,5,Lateral Deployment,,CAD,CAN,2021-06-13 07:00:00,CORE_HR
EVT00009905,2021-06-19,EMP02068,CC0051,PA,1,Leave Return,,CAD,CAN,2021-06-20 15:00:00,CORE_HR
EVT00011224,2021-06-06,EMP02292,CC0104,AS,2,Step Increment,65426.56,CAD,CA,2021-06-06 15:00:00,PAYROLL
EVT00011111,2021-06-26,EMP03295,CC0073,PA,2,Hire,68097.0,CAD,CAN,2021-06-26 20:00:00,CORE_HR
EVT00011222,2021-06-16,EMP02203,CC0072,EX,1,Performance Pay,15614.36,CAD,CA,2021-06-17 11:00:00,PAYROLL
EVT00010906,2021-06-06,EMP02776,CC0005,IT,2,Leave Return,,CAD,CAN,2021-06-06 21:00:00,CORE_HR
EVT00011533,2021-06-26,EMP04207,CC0070,PA,2,Step Increment,80539.77,CAD,CA,2021-06-28 12:00:00,PAYROLL
EVT00010284,2021-06-13,EMP04868,CC0052,IT,4,Step Increment,122654.42,CAD,CA,2021-06-13 09:00:00,PAYROLL
EVT00010328,2021-06-23,EMP02039,CC0021,EC,1,Departure,,CAD,CAN,2021-06-24 07:00:00,CORE_HR
EVT00011287,2021-06-14,EMP01541,CC0098,IT,1,Performance Pay,7636.74,CAD,CA,2021-06-15 03:00:00,PAYROLL
EVT00010734,2021-06-14,EMP02705,CC0094,EN,5,Step Increment,125729.05,CAD,CAN,2021-06-15 09:00:00,CORE_HR
EVT00011595,2021-06-06,EMP00883,CC0103,PA,2,Lateral Deployment,,CAD,CAN,2021-06-07 02:00:00,CORE_HR
EVT00011643,2021-06-06,EMP04765,CC0043,PA,2,Departure,,CAD,CAN,2021-06-06 21:00:00,CORE_HR
EVT00010028,2021-06-08,EMP04977,CC0006,CR,4,Step Increment,62614.58,CAD,CA,2021-06-08 15:00:00,PAYROLL
EVT00011127,2021-06-07,EMP00098,CC0073,EC,2,Leave Return,,CAD,CA,2021-06-07 08:00:00,PAYROLL
EVT00010854,2021-06-16,EMP03284,CC0092,EN,3,Step Increment,112593.68,CAD,CA,2021-06-17 06:00:00,PAYROLL
EVT00010841,2021-06-22,EMP04975,CC0087,PA,1,Step Increment,54102.46,CAD,CAN,2021-06-23 09:00:00,CORE_HR
EVT00010630,2021-06-15,EMP02711,CC0116,IT,1,Leave Start,,CAD,CA,2021-06-15 21:00:00,PAYROLL
EVT00011140,2021-06-12,EMP00158,CC0016,AS,5,Leave Start,,CAD,CA,2021-06-13 13:00:00,PAYROLL
EVT00011464,2021-06-09,EMP03443,CC0068,IT,1,Promotion,74890.31,CAD,CA,2021-06-10 03:00:00,PAYROLL
EVT00009992,2021-06-24,EMP02909,CC0078,IT,2,Step Increment,116711.63,XXX,CA,2021-06-24 23:00:00,PAYROLL
EVT00010339,2021-06-20,EMP00843,CC0090,AS,3,Hire,69779.1,CAD,CAN,2021-06-21 14:00:00,CORE_HR
EVT00009929,2021-06-20,EMP03280,CC0071,FI,4,Promotion,106379.97,CAD,CA,2021-06-20 23:00:00,PAYROLL
EVT00011511,2021-06-06,EMP04764,CC0022,EC,1,Leave Start,,CAD,CAN,2021-06-06 18:00:00,CORE_HR
EVT00011618,2021-06-02,EMP02472,CC0023,EC,4,Lateral Deployment,,CAD,CAN,2021-06-03 03:00:00,CORE_HR
EVT00011103,2021-06-27,EMP01265,CC0005,AS,3,Promotion,70537.51,CAD,CA,2021-06-28 02:00:00,PAYROLL
EVT00010135,2021-06-25,EMP03711,CC0054,CR,1,Step Increment,36924.43,EUR,FRA,2021-06-25 09:00:00,CORE_HR
EVT00010463,2021-06-09,EMP00865,CC0055,EN,2,Step Increment,90881.71,CAD,CAN,2021-06-09 12:00:00,CORE_HR
EVT00010440,2021-06-27,EMP01081,CC0024,AS,2,Leave Return,,CAD,CAN,2021-06-27 23:00:00,CORE_HR
EVT00011546,2021-06-15,EMP04177,CC0004,PA,2,Lateral Deployment,,CAD,CA,2021-06-16 14:00:00,PAYROLL
EVT00011491,2021-06-17,EMP04123,CC0017,PA,5,Departure,,CAD,CAN,2021-06-18 12:00:00,CORE_HR
EVT00010954,2021-06-20,EMP99999,CC0014,CR,2,Performance Pay,5376.69,CAD,CAN,2021-06-20 16:00:00,CORE_HR
EVT00009897,2021-06-25,EMP00647,CC0061,PA,2,Lateral Deployment,,CAD,CAN,2021-06-26 02:00:00,CORE_HR
EVT00010302,2021-06-25,EMP02559,CC0104,EX,1,Performance Pay,13519.25,CAD,CA,2021-06-25 22:00:00,PAYROLL
EVT00010168,2021-06-23,EMP02808,CC0009,AS,2,Performance Pay,2658.86,SGD,SGP,2021-06-24 08:00:00,CORE_HR
EVT00010568,2021-06-26,EMP01475,CC0105,CR,3,Performance Pay,804148.69,JPY,JPN,2021-06-26 20:00:00,CORE_HR
EVT00010732,2021-06-01,EMP02587,CC0092,FI,1,Lateral Deployment,,CAD,CAN,2021-06-02 12:00:00,CORE_HR
EVT00011019,2021-06-06,EMP04219,CC0042,CR,1,Promotion,50999.7,CAD,CAN,2021-06-06 08:00:00,CORE_HR
EVT00010129,2021-06-04,EMP04435,CC0118,AS,5,Leave Return,,CAD,CAN,2021-06-04 10:00:00,CORE_HR
EVT00011097,2021-06-08,EMP00137,CC0002,EX,2,Performance Pay,6349.81,CAD,CAN,2021-06-09 12:00:00,CORE_HR
EVT00010486,2021-06-23,EMP01489,CC0035,PA,2,Step Increment,74907.64,CAD,CAN,2021-06-24 05:00:00,CORE_HR
EVT00011597,2021-06-16,EMP00883,CC0103,PA,2,Leave Return,,CAD,CAN,2021-06-16 11:00:00,CORE_HR
EVT00010590,2021-06-19,EMP00908,CC0041,EN,4,Step Increment,128496.13,CAD,CAN,2021-06-20 15:00:00,CORE_HR
EVT00010892,2021-06-16,EMP04125,CC0052,EN,2,Lateral Deployment,,CAD,CAN,2021-06-16 10:00:00,CORE_HR
EVT00010372,2021-06-08,EMP03630,CC0078,PA,2,Performance Pay,7326.26,CAD,CAN,2021-06-08 12:00:00,CORE_HR
EVT00011210,2021-06-21,EMP01863,CC0021,EN,5,Performance Pay,12978.02,CAD,CA,2021-06-21 09:00:00,PAYROLL
EVT00010921,2021-06-26,EMP04536,CC0060,PA,4,Lateral Deployment,,CAD,CAN,2021-06-26 20:00:00,CORE_HR
EVT00009950,2021-06-14,EMP04385,CC0111,AS,1,Leave Return,,USD,US,2021-06-15 15:00:00,PAYROLL
EVT00009949,2021-06-13,EMP04190,CC0009,CR,2,Performance Pay,4033.81,EUR,DEU,2021-06-13 21:00:00,CORE_HR
EVT00011411,2021-06-16,EMP04675,CC0077,IT,2,Hire,97702.24,CAD,CAN,2021-06-17 03:00:00,CORE_HR
EVT00010736,2021-06-23,EMP00765,CC0113,AS,1,Step Increment,57009.61,CAD,CAN,2021-06-23 14:00:00,CORE_HR
EVT00010201,2021-06-19,EMP02183,CC0040,IT,3,Step Increment,104475.68,CAD,CAN,2021-06-20 15:00:00,CORE_HR
EVT00011378,2021-06-16,EMP02260,CC0092,IT,1,Lateral Deployment,,CAD,CAN,2021-06-18 05:00:00,CORE_HR
EVT00010141,2021-06-07,EMP03273,CC0120,EN,3,Leave Return,,CAD,CA,2021-06-08 08:00:00,PAYROLL
EVT00011527,2021-06-03,EMP00368,CC0068,FI,3,Leave Return,,CAD,CAN,2021-06-04 03:00:00,CORE_HR
EVT00010585,2021-06-11,EMP03763,CC0053,EX,2,Step Increment,150488.51,CAD,CA,2021-06-12 12:00:00,PAYROLL
EVT00011470,2021-06-23,EMP03436,CC0062,PA,3,Step Increment,75907.09,CAD,CA,2021-06-24 11:00:00,PAYROLL
EVT00011519,2021-06-24,EMP01788,CC0077,PA,2,Departure,,CAD,CA,2021-06-25 00:00:00,PAYROLL
EVT00010958,2021-06-03,EMP02043,CC0019,EX,1,Step Increment,133614.55,CAD,CAN,2021-06-03 23:00:00,CORE_HR
EVT00010796,2021-06-25,EMP01630,CC0022,IT,5,Step Increment,123575.83,CAD,CAN,2021-06-25 21:00:00,CORE_HR
EVT00011720,2021-06-08,EMP01360,CC0049,AS,5,Performance Pay,28520.96,AED,ARE,2021-06-10 04:00:00,CORE_HR
EVT00010068,2021-06-23,EMP02186,CC0044,EC,2,Performance Pay,9524.08,CAD,CA,2021-06-23 09:00:00,PAYROLL
EVT00010815,2021-06-05,EMP01886,CC0047,CR,1,Step Increment,53453.01,CAD,CAN,2021-06-05 14:00:00,CORE_HR
EVT00010673,2021-06-26,EMP03224,CC0113,EX,3,Step Increment,127022.51,CAD,CAN,2021-06-26 23:00:00,CORE_HR
EVT00011141,2021-06-22,EMP01876,CC0083,IT,1,Lateral Deployment,,CAD,CAN,2021-06-22 06:00:00,CORE_HR
EVT00010996,2021-06-20,EMP00853,CC0086,IT,2,Performance Pay,65635.33,MXN,MEX,2021-06-20 21:00:00,CORE_HR
EVT00011047,2021-06-16,EMP00459,CC0054,PA,3,Leave Start,,GBP,GBR,2021-06-17 14:00:00,CORE_HR
EVT00010842,2021-06-24,EMP02329,CC0021,PA,1,Leave Return,,CAD,CAN,2021-06-24 19:00:00,CORE_HR
EVT00011605,2021-06-02,EMP02258,CC0009,CR,2,Step Increment,599889.14,MXN,MEX,2021-06-02 21:00:00,CORE_HR
EVT00011302,2021-06-01,EMP02402,CC0109,CR,5,Step Increment,73087.79,CAD,CAN,2021-06-01 11:00:00,CORE_HR
