event_id,event_date,employee_id,cost_center_id,classification_group,classification_level,event_type,amount_local,local_currency,work_country_code,ingest_ts,source_system
EVT00103320,2025-04-16,EMP04649,CC0006,FI,3,Performance Pay,9219.8,CAD,CAN,2025-04-17 00:00:00,CORE_HR
EVT00102310,2025-04-03,EMP02725,CC0116,PA,2,Lateral Deployment,,CAD,CAN,2025-04-03 12:00:00,CORE_HR
EVT00102710,2025-04-27,EMP02191,CC0074,EX,2,Step Increment,21319806.43,KES,KEN,2025-04-27 06:00:00,CORE_HR
EVT00102501,2025-04-25,EMP02808,CC0009,AS,2,Lateral Deployment,,EUR,DEU,2025-04-25 20:00:00,CORE_HR
EVT00102775,2025-04-22,EMP00583,CC0043,AS,2,Lateral Deployment,,CAD,CA,2025-04-22 13:00:00,PAYROLL
EVT00101724,2025-04-19,EMP00644,CC0019,CR,3,Performance Pay,8589.27,CAD,CAN,2025-04-19 18:00:00,CORE_HR
EVT00101979,2025-04-27,EMP03354,CC0013,FI,1,Hire,75275.06,CAD,CA,2025-04-28 05:00:00,PAYROLL
EVT00103509,2025-04-19,EMP03083,CC0100,EC,1,Lateral Deployment,,CAD,CA,2025-04-20 06:00:00,PAYROLL
EVT00101768,2025-04-18,EMP00515,CC0098,PA,5,Performance Pay,9644.2,CAD,CA,2025-04-19 13:00:00,PAYROLL
EVT00103428,2025-04-25,EMP02522,CC0013,CR,3,Leave Return,,CAD,CA,2025-04-26 04:00:00,PAYROLL
EVT00102663,2025-04-18,EMP03852,CC0101,CR,2,Leave Start,,CAD,CAN,2025-04-18 15:00:00,CORE_HR
EVT00101795,2025-04-23,EMP04569,CC0006,CR,3,Step Increment,67533.93,CAD,CAN,2025-04-24 12:00:00,CORE_HR
EVT00102639,2025-04-21,EMP02011,CC0038,IT,3,Departure,,CAD,CA,2025-04-22 04:00:00,PAYROLL
EVT00101990,2025-04-16,EMP03124,CC0055,EN,3,Performance Pay,6122.8,CAD,CAN,2025-04-16 15:00:00,CORE_HR
EVT00101447,2025-04-09,EMP03721,CC0110,AS,5,Step Increment,88269.07,CAD,CAN,2025-04-10 15:00:00,CORE_HR
EVT00102837,2025-04-23,EMP00148,CC0005,EC,3,Step Increment,114883.95,CAD,CAN,2025-04-23 18:00:00,CORE_HR
EVT00102265,2025-04-02,EMP01933,CC0100,CR,2,Lateral Deployment,,CAD,CA,2025-04-03 04:00:00,PAYROLL
EVT00102254,2025-04-11,EMP01076,CC0102,IT,1,Performance Pay,7826.08,CAD,CAN,2025-04-12 08:00:00,CORE_HR
EVT00102698,2025-04-10,EMP00771,CC0115,EX,2,Performance Pay,15914.9,CAD,CAN,2025-04-10 19:00:00,CORE_HR
EVT00103421,2025-04-14,EMP04686,CC0089,EC,5,Leave Return,,CAD,CAN,2025-04-14 08:00:00,CORE_HR
EVT00102124,2025-04-01,EMP04757,CC0036,EX,2,Hire,161070.6,CAD,CA,2025-04-02 01:00:00,PAYROLL
EVT00101670,2025-04-23,EMP03781,CC0051,EN,2,Step Increment,113883.3,CAD,CAN,2025-04-25 14:00:00,CORE_HR
EVT00103355,2025-04-18,EMP02613,CC0103,PA,2,Step Increment,75626.0,CAD,CA,2025-04-18 19:00:00,PAYROLL
EVT00102908,2025-04-24,EMP01598,CC0104,EX,1,Hire,151784.14,CAD,CA,2025-04-24 06:00:00,PAYROLL
EVT00102957,2025-04-17,EMP03084,CC0072,AS,3,Departure,,CAD,CA,2025-04-17 09:00:00,PAYROLL
EVT00102094,2025-04-05,EMP01209,CC0050,FI,3,Step Increment,101757.85,CAD,CA,2025-04-06 11:00:00,PAYROLL
EVT00102121,2025-04-15,EMP04877,CC0102,PA,2,Hire,80545.26,CAD,CA,2025-04-16 05:00:00,PAYROLL
EVT00101628,2025-04-08,EMP04919,CC0064,FI,3,Step Increment,78975.93,CAD,CAN,2025-04-08 15:00:00,CORE_HR
EVT00103368,2025-04-27,EMP00648,CC0115,EN,1,Step Increment,86572.77,CAD,CAN,2025-04-27 11:00:00,CORE_HR
EVT00103099,2025-04-24,EMP04427,CC0120,IT,4,Leave Start,,CAD,CA,2025-04-24 11:00:00,PAYROLL
EVT00103279,2025-04-03,EMP00046,CC0027,PA,2,Step Increment,59257.13,CAD,CAN,2025-04-03 23:00:00,CORE_HR
EVT00102636,2025-04-17,EMP02116,CC0010,PA,3,Performance Pay,6627.4,CAD,CA,2025-04-17 23:00:00,PAYROLL
EVT00103227,2025-04-18,EMP01263,CC0067,AS,2,Leave Start,,CAD,CAN,2025-04-19 12:00:00,CORE_HR
EVT00102211,2025-04-18,EMP03495,CC0082,EN,3,Lateral Deployment,,CAD,CAN,2025-04-18 20:00:00,CORE_HR
EVT00102439,2025-04-11,EMP00024,CC0024,PA,1,Leave Start,,CAD,CAN,2025-04-12 05:00:00,CORE_HR
EVT00101740,2025-04-19,EMP00654,CC0068,EN,1,Performance Pay,10400.13,CAD,CA,2025-04-19 13:00:00,PAYROLL
EVT00103520,2025-04-12,EMP01910,CC0102,EC,2,Performance Pay,7015.59,CAD,CAN,2025-04-12 11:00:00,CORE_HR
EVT00102517,2025-04-13,EMP03428,CC0039,PA,2,Step Increment,84906.41,CAD,CA,2025-04-14 10:00:00,PAYROLL
EVT00101833,2025-04-18,EMP03651,CC0025,FI,4,Lateral Deployment,,CAD,CAN,2025-04-18 20:00:00,CORE_HR
EVT00103098,2025-04-12,EMP04283,CC0118,EC,2,Step Increment,94120.59,CAD,CA,2025-04-13 01:00:00,PAYROLL
EVT00103008,2025-04-16,EMP02281,CC0065,PA,3,Departure,,JPY,JPN,2025-04-16 10:00:00,CORE_HR
EVT00103350,2025-04-15,EMP03919,CC0083,PA,4,Step Increment,125054.78,CAD,CAN,2025-04-16 04:00:00,CORE_HR
EVT00102892,2025-04-12,EMP03632,CC0104,EC,3,Hire,104044.15,CAD,CAN,2025-04-12 16:00:00,CORE_HR
EVT00103494,2025-04-21,EMP02143,CC0114,PA,5,Step Increment,97960.65,CAD,CA,2025-04-22 13:00:00,PAYROLL
EVT00101535,2025-04-17,EMP03389,CC0041,CR,3,Step Increment,72797.35,CAD,CA,2025-04-17 18:00:00,PAYROLL
EVT00101941,2025-04-25,EMP04911,CC0097,IT,1,Lateral Deployment,,CAD,CA,2025-04-25 20:00:00,PAYROLL
EVT00101662,2025-04-24,EMP02813,CC0005,CR,3,Step Increment,70238.72,CAD,CAN,2025-04-25 09:00:00,CORE_HR
EVT00101679,2025-04-27,EMP02468,CC0035,IT,1,Step Increment,92152.65,CAD,CAN,2025-04-28 07:00:00,CORE_HR
EVT00102481,2025-04-04,EMP04094,CC0062,FI,2,Performance Pay,10038.17,CAD,CAN,2025-04-05 04:00:00,CORE_HR
EVT00102490,2025-04-14,EMP03663,CC0074,FI,1,Step Increment,67286.71,USD,USA,2025-04-15 10:00:00,CORE_HR
EVT00102852,2025-04-13,EMP02913,CC0056,FI,1,Leave Start,,CAD,CA,2025-04-15 19:00:00,PAYROLL
EVT00102918,2025-04-08,EMP04459,CC0108,EX,1,Step Increment,396816.78,AED,AE,2025-04-08 08:00:00,PAYROLL
EVT00101853,2025-04-25,EMP03593,CC0050,EX,1,Step Increment,150636.52,CAD,CA,2025-04-25 22:00:00,PAYROLL
EVT00103339,2025-04-13,EMP02432,CC0034,IT,3,Performance Pay,14892.14,CAD,CA,2025-04-13 13:00:00,PAYROLL
EVT00101691,2025-04-09,EMP03579,CC0036,EX,1,Lateral Deployment,,CAD,CA,2025-04-09 17:00:00,PAYROLL
EVT00101609,2025-04-07,EMP03759,CC0025,EC,2,Leave Return,,CAD,CA,2025-04-08 13:00:00,PAYROLL
EVT00102802,2025-04-16,EMP02986,CC0085,EX,2,Step Increment,178513.59,CAD,CAN,2025-04-16 15:00:00,CORE_HR
EVT00101728,2025-04-12,EMP03164,CC0081,PA,2,Lateral Deployment,,CAD,CAN,2025-04-12 13:00:00,CORE_HR
EVT00102145,2025-04-19,EMP04254,CC0099,PA,2,Performance Pay,8463.76,CAD,CA,2025-04-20 02:00:00,PAYROLL
EVT00103077,2025-04-09,EMP01832,CC0025,IT,3,Step Increment,119294.58,CAD,CA,2025-04-10 04:00:00,PAYROLL
EVT00103203,2025-04-01,EMP01049,CC0053,AS,4,Step Increment,92522.14,CAD,CAN,2025-04-02 12:00:00,CORE_HR
EVT00103244,2025-04-16,EMP04538,CC0038,PA,2,Step Increment,81498.3,CAD,CA,2025-04-16 06:00:00,PAYROLL
EVT00101863,2025-04-26,EMP00230,CC0016,IT,1,Step Increment,95054.3,CAD,CAN,2025-04-27 13:00:00,CORE_HR
EVT00102747,2025-04-16,EMP03983,CC0116,FI,1,Step Increment,58439.45,CAD,CAN,2025-04-17 00:00:00,CORE_HR
EVT00102264,2025-04-25,EMP05022,CC0090,IT,3,Step Increment,109713.22,CAD,CAN,2025-04-26 10:00:00,CORE_HR
EVT00102176,2025-04-15,EMP03830,CC0009,PA,3,Lateral Deployment,,USD,US,2025-04-15 15:00:00,PAYROLL
EVT00102651,2025-04-21,EMP00637,CC0113,PA,2,Lateral Deployment,,CAD,CAN,2025-04-21 09:00:00,CORE_HR
EVT00102156,2025-04-19,EMP00487,CC0081,EN,3,Leave Return,,CAD,CA,2025-04-19 17:00:00,PAYROLL
EVT00102546,2025-04-01,EMP01665,CC0085,IT,4,Promotion,125583.09,CAD,CA,2025-04-01 08:00:00,PAYROLL
EVT00102480,2025-04-01,EMP01223,CC0050,AS,1,Leave Start,,CAD,CAN,2025-04-02 14:00:00,CORE_HR
EVT00102624,2025-04-17,EMP02307,CC0011,AS,3,Step Increment,79278.72,CAD,CA,2025-04-17 23:00:00,PAYROLL
EVT00103191,2025-04-05,EMP02692,CC0033,PA,4,Step Increment,81619.99,CAD,CA,2025-04-06 06:00:00,PAYROLL
EVT00102100,2025-04-02,EMP02317,CC0108,FI,4,Step Increment,436084.64,BRL,BRA,2025-04-02 21:00:00,CORE_HR
EVT00102638,2025-04-15,EMP01722,CC0069,PA,1,Step Increment,62181.19,CAD,CAN,2025-04-15 13:00:00,CORE_HR
EVT00102331,2025-04-25,EMP04188,CC0026,IT,5,Promotion,144362.06,CAD,CAN,2025-04-25 13:00:00,CORE_HR
EVT00101960,2025-04-13,EMP04614,CC0047,FI,3,Departure,,CAD,CAN,2025-04-13 16:00:00,CORE_HR
EVT00101753,2025-04-14,EMP02804,CC0098,CR,2,Performance Pay,7261.84,CAD,CAN,2025-04-14 14:00:00,CORE_HR
EVT00101999,2025-04-11,EMP02631,CC0102,PA,1,Step Increment,71475.49,CAD,CAN,2025-04-11 08:00:00,CORE_HR
EVT00103002,2025-04-03,EMP02532,CC0084,CR,1,Performance Pay,4523.54,CAD,CAN,2025-04-04 15:00:00,CORE_HR
EVT00102070,2025-04-26,EMP00987,CC0085,EC,1,Step Increment,68555.56,CAD,CAN,2025-04-26 20:00:00,CORE_HR
EVT00102565,2025-04-13,EMP04263,CC0062,PA,3,Step Increment,83880.34,CAD,CA,2025-04-13 11:00:00,PAYROLL
EVT00102061,2025-04-04,EMP02163,CC0030,PA,1,Leave Start,,USD,US,2025-04-04 08:00:00,PAYROLL
EVT00101819,2025-04-09,EMP01512,CC0104,PA,5,Lateral Deployment,,CAD,CA,2025-04-09 09:00:00,PAYROLL
EVT00102923,2025-04-12,EMP04838,CC0031,EC,3,Leave Return,,USD,USA,2025-04-12 09:00:00,CORE_HR
EVT00102676,1900-01-01,EMP00371,CC0093,AS,5,Step Increment,87669.14,CAD,CAN,2025-04-19 22:00:00,CORE_HR
EVT00102213,2025-04-25,EMP03306,CC0053,FI,1,Step Increment,77398.21,CAD,CA,2025-04-26 07:00:00,PAYROLL
EVT00103144,2025-04-21,EMP01696,CC0054,PA,3,Step Increment,112941.57,AUD,AUS,2025-04-22 06:00:00,CORE_HR
EVT00103323,2025-04-17,EMP01606,CC0048,FI,5,Step Increment,117789.44,CAD,CAN,2025-04-17 22:00:00,CORE_HR
EVT00102885,2025-04-17,EMP02587,CC0092,FI,1,Promotion,81087.84,CAD,CA,2025-04-17 12:00:00,PAYROLL
EVT00103137,2025-04-12,EMP04951,CC0093,PA,3,Step Increment,91238.51,CAD,CA,2025-04-13 15:00:00,PAYROLL
EVT00102128,2025-04-25,EMP01943,CC0058,EN,2,Leave Return,,CAD,CAN,2025-04-26 14:00:00,CORE_HR
EVT00103401,2025-04-11,EMP01603,CC0018,PA,3,Leave Return,,CAD,CA,2025-04-12 07:00:00,PAYROLL
EVT00103198,2025-04-11,EMP05087,CC0082,FI,3,Lateral Deployment,,CAD,CAN,2025-04-11 18:00:00,CORE_HR
EVT00103432,2025-04-11,EMP00382,CC0067,FI,2,Step Increment,94315.4,CAD,CAN,2025-04-12 07:00:00,CORE_HR
EVT00101954,2025-04-10,EMP00800,CC0093,PA,4,Step Increment,104018.44,CAD,CAN,2025-04-11 12:00:00,CORE_HR
EVT00101601,2025-04-11,EMP05085,CC0048,AS,2,Lateral Deployment,,CAD,CA,2025-04-12 07:00:00,PAYROLL
EVT00102617,2025-04-21,EMP01525,CC0050,FI,4,Hire,100315.56,CAD,CAN,2025-04-22 01:00:00,CORE_HR
EVT00103329,2025-04-10,EMP03205,CC0115,IT,2,Leave Return,,CAD,CAN,2025-04-10 08:00:00,CORE_HR
EVT00102301,2025-04-27,EMP01065,CC0103,PA,2,Leave Return,,CAD,CA,2025-04-28 02:00:00,PAYROLL
EVT00102803,2025-04-14,EMP03008,CC0095,PA,4,Departure,,CAD,CAN,2025-04-14 11:00:00,CORE_HR
EVT00102748,2025-04-06,EMP02405,CC0065,AS,2,Performance Pay,559970.93,INR,IND,2025-04-06 16:00:00,CORE_HR
EVT00102526,2025-04-25,EMP03065,CC0111,IT,2,Lateral Deployment,,USD,US,2025-04-26 02:00:00,PAYROLL
EVT00103309,2025-04-17,EMP03650,CC0052,PA,1,Step Increment,83960.16,CAD,CAN,2025-04-17 22:00:00,CORE_HR
EVT00102864,2025-04-08,EMP02499,CC0039,AS,3,Promotion,65747.4,CAD,CAN,2025-04-09 02:00:00,CORE_HR
EVT00102046,2025-04-11,EMP04970,CC0008,CR,2,Performance Pay,8126.83,CAD,CAN,2025-04-11 20:00:00,CORE_HR
EVT00102938,2025-04-05,EMP00884,CC0073,IT,4,Departure,,CAD,CA,2025-04-06 04:00:00,PAYROLL
EVT00102345,2025-04-14,EMP00471,CC0011,IT,1,Leave Return,,CAD,CA,2025-04-15 10:00:00,PAYROLL
EVT00103482,2025-04-10,EMP04391,CC0118,PA,5,Step Increment,112294.98,CAD,CA,2025-04-10 19:00:00,PAYROLL
EVT00102733,2025-04-21,EMP03674,CC0035,IT,2,Step Increment,79862.77,CAD,CA,2025-04-21 06:00:00,PAYROLL
EVT00102336,2025-04-06,EMP05084,CC0016,EX,2,Lateral Deployment,,CAD,CA,2025-04-06 22:00:00,PAYROLL
EVT00102618,2025-04-07,EMP01734,CC0040,EC,3,Step Increment,114391.64,CAD,CAN,2025-04-07 15:00:00,CORE_HR
EVT00103411,2025-04-23,EMP01637,CC0081,PA,4,Step Increment,106805.99,CAD,CAN,2025-04-24 10:00:00,CORE_HR
EVT00102238,2025-04-25,EMP00370,CC0115,IT,2,Performance Pay,4974.11,CAD,CAN,2025-04-25 14:00:00,CORE_HR
EVT00102845,2025-04-04,EMP04160,CC0089,IT,1,Performance Pay,5418.13,CAD,CAN,2025-04-05 11:00:00,CORE_HR
EVT00102448,2025-04-03,EMP00392,CC0017,EC,5,Step Increment,122798.95,CAD,CAN,2025-04-03 22:00:00,CORE_HR
EVT00102462,2025-04-21,EMP05037,CC0025,PA,2,Leave Return,,CAD,CAN,2025-04-21 08:00:00,CORE_HR
EVT00102794,2025-04-04,EMP00930,CC0081,PA,2,Promotion,70715.01,CAD,CAN,2025-04-04 17:00:00,CORE_HR
EVT00103095,2025-04-12,EMP00459,CC0054,PA,3,Hire,333304.12,BRL,BRA,2025-04-13 12:00:00,CORE_HR
EVT00102294,2025-04-13,EMP01862,CC0068,AS,5,Step Increment,78685.42,CAD,CAN,2025-04-14 02:00:00,CORE_HR
EVT00102730,2025-04-09,EMP00091,CC0115,IT,3,Lateral Deployment,,CAD,CA,2025-04-10 11:00:00,PAYROLL
EVT00103524,2025-04-18,EMP03510,CC0056,PA,1,Step Increment,61549.38,CAD,CAN,2025-04-18 08:00:00,CORE_HR
EVT00103518,2025-04-21,EMP00327,CC0027,EN,1,Step Increment,70756.1,CAD,CA,2025-04-21 10:00:00,PAYROLL
EVT00103427,2025-04-15,EMP02439,CC0089,CR,4,Lateral Deployment,,CAD,CAN,2025-04-18 09:00:00,CORE_HR
EVT00102089,2025-04-03,EMP00329,CC0086,IT,2,Leave Start,,AUD,AU,2025-04-06 08:00:00,PAYROLL
EVT00101722,2025-04-21,EMP00127,CC0047,PA,1,Step Increment,70451.91,CAD,CAN,2025-04-21 09:00:00,CORE_HR
EVT00102414,2025-04-03,EMP04407,CC0029,PA,2,Leave Start,,MXN,MEX,2025-04-04 05:00:00,CORE_HR
EVT00101925,2025-04-23,EMP04412,CC0085,FI,2,Promotion,89000.13,CAD,CAN,2025-04-23 17:00:00,CORE_HR
EVT00103493,2025-04-06,EMP02434,CC0066,IT,4,Hire,131053.57,CAD,CA,2025-04-06 07:00:00,PAYROLL
EVT00102978,2025-04-07,EMP03994,CC0082,CR,3,Leave Start,,CAD,CA,2025-04-07 23:00:00,PAYROLL
EVT00101497,2025-04-14,EMP04952,CC0051,IT,1,Performance Pay,9038.65,CAD,CAN,2025-04-15 08:00:00,CORE_HR
EVT00103412,2025-04-22,EMP04527,CC0107,PA,4,Step Increment,102384.01,CAD,CAN,2025-04-23 08:00:00,CORE_HR
EVT00101602,2025-04-08,EMP01285,CC0083,EC,4,Hire,101510.91,CAD,CA,2025-04-09 00:00:00,PAYROLL
EVT00102551,2025-04-13,EMP04392,CC0055,PA,5,Performance Pay,7863.76,CAD,CAN,2025-04-14 08:00:00,CORE_HR
EVT00101865,2025-04-26,EMP04361,CC0027,PA,1,Leave Start,,CAD,CAN,2025-04-26 14:00:00,CORE_HR
EVT00103145,2025-04-18,EMP01121,CC0070,CR,1,Step Increment,59014.44,CAD,CAN,2025-04-18 08:00:00,CORE_HR
EVT00102003,2025-04-24,EMP03386,CC0065,AS,1,Hire,4780379.15,INR,IND,2025-04-24 12:00:00,CORE_HR
EVT00103195,2025-04-20,EMP04536,CC0060,PA,4,Performance Pay,7542.67,CAD,CA,2025-04-20 07:00:00,PAYROLL
EVT00102745,2025-04-10,EMP00218,CC0060,CR,1,Hire,53162.44,CAD,CAN,2025-04-11 08:00:00,CORE_HR
EVT00103143,2025-04-26,EMP05057,CC0115,CR,1,Departure,,CAD,CAN,2025-04-27 14:00:00,CORE_HR
EVT00102429,2025-04-11,EMP03222,CC0058,PA,2,Step Increment,76222.89,CAD,CAN,2025-04-11 21:00:00,CORE_HR
EVT00102323,2025-04-06,EMP02170,CC0082,EX,2,Leave Return,,CAD,CAN,2025-04-06 11:00:00,CORE_HR
EVT00103029,2025-04-12,EMP00446,CC0004,PA,5,Step Increment,98388.46,CAD,CAN,2025-04-13 14:00:00,CORE_HR
EVT00102968,2025-04-25,EMP01238,CC0120,FI,1,Step Increment,63894.32,CAD,CAN,2025-04-26 07:00:00,CORE_HR
EVT00102240,2025-04-05,EMP00578,CC0025,CR,3,Step Increment,69663.76,CAD,CAN,2025-04-06 01:00:00,CORE_HR
EVT00102146,2025-04-18,EMP04251,CC0064,IT,4,Lateral Deployment,,CAD,CAN,2025-04-18 13:00:00,CORE_HR
EVT00101743,2025-04-03,EMP02955,CC0028,PA,1,Step Increment,63044.97,CAD,CA,2025-04-03 17:00:00,PAYROLL
EVT00103260,2025-04-08,EMP04425,CC0078,CR,1,Leave Start,,CAD,CAN,2025-04-09 05:00:00,CORE_HR
EVT00102455,2025-04-07,EMP01222,CC0071,IT,1,Leave Return,,CAD,CAN,2025-04-08 12:00:00,CORE_HR
EVT00101780,2025-04-19,EMP01244,CC0023,PA,3,Leave Start,,CAD,CAN,2025-04-19 06:00:00,CORE_HR
EVT00102856,2025-04-04,EMP03401,CC0108,AS,5,Leave Start,,BRL,BRA,2025-04-05 13:00:00,CORE_HR
EVT00101559,2025-04-19,EMP03960,CC0057,PA,5,Lateral Deployment,,CAD,CAN,2025-04-20 08:00:00,CORE_HR
EVT00103171,2025-04-08,EMP04940,CC0080,PA,3,Leave Return,,MXN,MX,2025-04-08 09:00:00,PAYROLL
EVT00101771,2025-04-23,EMP00957,CC0042,CR,4,Performance Pay,6041.47,CAD,CA,2025-04-23 12:00:00,PAYROLL
EVT00103446,2025-04-20,EMP03019,CC0080,PA,2,Leave Return,,BRL,BRA,2025-04-20 09:00:00,CORE_HR
EVT00101678,2025-04-12,EMP01585,CC0045,EC,3,Step Increment,109068.51,CAD,CAN,2025-04-12 11:00:00,CORE_HR
EVT00102750,2025-04-11,EMP01605,CC0106,EC,5,Step Increment,138321.74,CAD,CAN,2025-04-11 21:00:00,CORE_HR
EVT00102357,2025-04-16,EMP03522,CC0044,CR,2,Promotion,58748.79,CAD,CAN,2025-04-16 12:00:00,CORE_HR
EVT00102227,2025-04-19,EMP04115,CC0099,IT,5,Leave Return,,CAD,CA,2025-04-20 11:00:00,PAYROLL
EVT00101802,2025-04-17,EMP04021,CC0096,FI,3,Departure,,CAD,CA,2025-04-18 15:00:00,PAYROLL
EVT00103431,2025-04-27,EMP02616,CC0076,EC,1,Leave Start,,CAD,CA,2025-04-27 12:00:00,PAYROLL
EVT00102337,2025-04-21,EMP02211,CC0004,PA,4,Lateral Deployment,,CAD,CAN,2025-04-21 08:00:00,CORE_HR
EVT00101952,2025-04-22,EMP03866,CC0096,AS,2,Lateral Deployment,,CAD,CA,2025-04-24 14:00:00,PAYROLL
EVT00103338,2025-04-07,EMP04877,CC0102,PA,2,Hire,75070.4,CAD,CAN,2025-04-07 18:00:00,CORE_HR
EVT00102621,2025-04-04,EMP01360,CC0049,AS,5,Performance Pay,10633.52,AUD,AUS,2025-04-04 22:00:00,CORE_HR
EVT00102144,2025-04-01,EMP00555,CC0084,PA,4,Step Increment,93639.94,CAD,CAN,2025-04-01 11:00:00,CORE_HR
EVT00103471,2025-04-21,EMP00593,CC0075,FI,3,Lateral Deployment,,CAD,CAN,2025-04-21 09:00:00,CORE_HR
EVT00102709,2025-04-12,EMP00334,CC0112,EN,3,Promotion,117653.69,CAD,CA,2025-04-12 09:00:00,PAYROLL
EVT00103061,2025-04-24,EMP02644,CC0100,EC,2,Departure,,CAD,CAN,2025-04-24 15:00:00,CORE_HR
EVT00102469,2025-04-06,EMP03406,CC0045,EC,5,Step Increment,123661.28,CAD,CAN,2025-04-08 10:00:00,CORE_HR
EVT00102324,2025-04-09,EMP04506,CC0021,IT,4,Leave Start,,CAD,CA,2025-04-10 13:00:00,PAYROLL
EVT00101797,2025-04-27,EMP02769,CC0057,FI,2,Leave Start,,CAD,CAN,2025-04-27 13:00:00,CORE_HR
EVT00102137,2025-04-04,EMP01484,CC0065,EX,1,Performance Pay,49182.36,AED,ARE,2025-04-04 11:00:00,CORE_HR
EVT00102316,2025-04-16,EMP00801,CC0023,FI,1,Departure,,CAD,CAN,2025-04-17 15:00:00,CORE_HR
EVT00101710,2025-04-01,EMP05189,CC0018,EX,2,Hire,159865.8,CAD,CA,2025-04-02 06:00:00,PAYROLL
EVT00101783,2025-04-02,EMP03356,CC0076,EC,3,Leave Return,,CAD,CA,2025-04-05 06:00:00,PAYROLL
EVT00102899,2025-04-15,EMP02466,CC0051,CR,3,Step Increment,71275.53,CAD,CA,2025-04-16 08:00:00,PAYROLL
EVT00102977,2025-04-21,EMP01885,CC0072,EC,1,Step Increment,87767.66,CAD,CAN,2025-04-21 20:00:00,CORE_HR
EVT00103178,1900-01-01,EMP04989,CC0006,AS,3,Leave Start,,CAD,CAN,2025-04-10 00:00:00,CORE_HR
EVT00101845,2025-04-24,EMP04962,CC0010,EX,1,Hire,143130.4,CAD,CAN,2025-04-25 07:00:00,CORE_HR
EVT00101826,1900-01-01,EMP00448,CC0004,CR,3,Lateral Deployment,,CAD,CA,2025-04-26 12:00:00,PAYROLL
EVT00102664,2025-04-26,EMP04456,CC0047,CR,4,Performance Pay,8163.46,CAD,CAN,2025-04-27 03:00:00,CORE_HR
EVT00102797,2025-04-14,EMP00450,CC0103,IT,5,Leave Start,,CAD,CA,2025-04-15 13:00:00,PAYROLL
EVT00103181,2025-04-03,EMP01667,CC0025,IT,3,Leave Return,,CAD,CA,2025-04-04 08:00:00,PAYROLL
EVT00101434,2025-04-07,EMP00044,CC0011,CR,3,Hire,86477.91,CAD,CAN,2025-04-08 01:00:00,CORE_HR
EVT00102749,2025-04-02,EMP01811,CC0089,IT,2,Leave Start,,CAD,CA,2025-04-03 14:00:00,PAYROLL
EVT00103485,2025-04-21,EMP04919,CC0064,FI,3,Step Increment,109126.17,CAD,CA,2025-04-21 20:00:00,PAYROLL
EVT00101553,2025-04-26,EMP04234,CC0029,FI,3,Performance Pay,7508.97,USD,US,2025-04-26 12:00:00,PAYROLL
EVT00102040,2025-04-11,EMP01541,CC0098,IT,1,Step Increment,90396.38,CAD,CAN,2025-04-12 15:00:00,CORE_HR
EVT00102321,2025-04-07,EMP04352,CC0004,EC,2,Performance Pay,11695.44,CAD,CA,2025-04-08 01:00:00,PAYROLL
EVT00101426,2025-04-14,EMP02211,CC0004,PA,4,Departure,,CAD,CAN,2025-04-14 06:00:00,CORE_HR
EVT00103055,2025-04-16,EMP00639,CC0065,FI,1,Step Increment,62329.99,USD,USA,2025-04-17 00:00:00,CORE_HR
EVT00103490,2025-04-17,EMP01905,CC0118,AS,4,Step Increment,84562.86,CAD,CA,2025-04-17 14:00:00,PAYROLL
EVT00102508,2025-04-09,EMP03956,CC0042,CR,1,Lateral Deployment,,CAD,CA,2025-04-09 13:00:00,PAYROLL
EVT00103110,2025-04-01,EMP04561,CC0056,PA,4,Step Increment,103132.12,CAD,CAN,2025-04-01 17:00:00,CORE_HR
EVT00102530,2025-04-17,EMP01086,CC0043,EC,2,Step Increment,114243.58,CAD,CA,2025-04-18 15:00:00,PAYROLL
EVT00101589,2025-04-06,EMP00120,CC0117,EC,1,Promotion,79397.75,CAD,CA,2025-04-07 11:00:00,PAYROLL
EVT00102252,2025-04-15,EMP00535,CC0010,EN,2,Leave Return,,CAD,CAN,2025-04-15 18:00:00,CORE_HR
EVT00103441,2025-04-18,EMP00884,CC0073,IT,4,Lateral Deployment,,CAD,CA,2025-04-18 21:00:00,PAYROLL
EVT00103206,2025-04-17,EMP00014,CC0012,PA,3,Hire,93508.25,CAD,CAN,2025-04-17 15:00:00,CORE_HR
EVT00103500,2025-04-07,EMP00213,CC0087,PA,2,Step Increment,82739.89,CAD,CA,2025-04-07 17:00:00,PAYROLL
EVT00103448,2025-04-18,EMP02444,CC0035,AS,1,Promotion,61152.98,CAD,CAN,2025-04-18 23:00:00,CORE_HR
EVT00101808,2025-04-23,EMP00970,CC0090,EN,1,Departure,,CAD,CAN,2025-04-24 15:00:00,CORE_HR
EVT00102296,2025-04-18,EMP01270,CC0025,IT,1,Step Increment,89497.75,CAD,CAN,2025-04-19 06:00:00,CORE_HR
EVT00103240,2025-04-09,EMP02521,CC0045,IT,1,Step Increment,94698.14,CAD,CAN,2025-04-09 08:00:00,CORE_HR
EVT00101837,2025-04-01,EMP01195,CC0108,PA,1,Step Increment,53228.8,USD,USA,2025-04-02 14:00:00,CORE_HR
EVT00102400,2025-04-24,EMP03386,CC0065,AS,1,Leave Return,,INR,IND,2025-04-25 01:00:00,CORE_HR
EVT00101540,2025-04-25,EMP03078,CC0010,EC,1,Leave Start,,CAD,CA,2025-04-26 01:00:00,PAYROLL
EVT00102601,2025-04-16,EMP01260,CC0030,IT,5,Promotion,382690.99,AED,ARE,2025-04-16 09:00:00,CORE_HR
EVT00102619,2025-04-08,EMP01395,CC0028,PA,2,Lateral Deployment,,CAD,CA,2025-04-08 23:00:00,PAYROLL
EVT00102801,2025-04-12,EMP02004,CC0062,EC,5,Step Increment,136856.82,CAD,CA,2025-04-13 15:00:00,PAYROLL
EVT00103103,2025-04-18,EMP01590,CC0011,FI,1,Lateral Deployment,,CAD,CA,2025-04-19 00:00:00,PAYROLL
EVT00101640,2025-04-13,EMP02602,CC0114,CR,2,Departure,,CAD,CA,2025-04-13 20:00:00,PAYROLL
EVT00102778,2025-04-24,EMP01005,CC0102,PA,1,Step Increment,69583.43,CAD,CA,2025-04-24 17:00:00,PAYROLL
EVT00102340,2025-04-25,EMP03514,CC0092,AS,1,Lateral Deployment,,CAD,CAN,2025-04-25 19:00:00,CORE_HR
EVT00101793,2025-04-08,EMP05095,CC0077,EX,1,Departure,,CAD,CA,2025-04-09 11:00:00,PAYROLL
EVT00101622,2025-04-11,EMP01503,CC0032,IT,1,Leave Start,,CAD,CAN,2025-04-11 15:00:00,CORE_HR
EVT00102269,2025-04-23,EMP04939,CC0096,EX,1,Hire,147037.99,CAD,CAN,2025-04-24 14:00:00,CORE_HR
EVT00102437,2025-04-07,EMP03156,CC0025,EC,4,Promotion,-138106.5,CAD,CA,2025-04-07 09:00:00,PAYROLL
EVT00102444,2025-04-15,EMP01948,CC0006,CR,4,Step Increment,76720.19,CAD,CA,2025-04-16 07:00:00,PAYROLL
EVT00103276,2025-04-09,EMP02830,CC0109,PA,1,Performance Pay,5713.5,CAD,CAN,2025-04-10 12:00:00,CORE_HR
EVT00103465,2025-04-07,EMP01020,CC0042,PA,4,Step Increment,96022.8,CAD,CAN,2025-04-07 06:00:00,CORE_HR
EVT00101635,2025-04-08,EMP05151,CC0080,CR,2,Promotion,49354.72,EUR,FRA,2025-04-08 18:00:00,CORE_HR
EVT00102432,2025-04-17,EMP01034,CC0100,FI,4,Leave Return,,CAD,CAN,2025-04-17 15:00:00,CORE_HR
EVT00101822,2025-04-01,EMP03695,CC0099,FI,3,Performance Pay,13218.37,CAD,CAN,2025-04-01 11:00:00,CORE_HR
EVT00102678,2025-04-17,EMP00729,CC0105,PA,3,Leave Start,,SGD,SGP,2025-04-18 00:00:00,CORE_HR
EVT00101953,2025-04-03,EMP01664,CC0087,FI,3,Step Increment,96760.59,CAD,CA,2025-04-03 10:00:00,PAYROLL
EVT00102329,2025-04-22,EMP00046,CC0027,PA,2,Departure,,CAD,CAN,2025-04-23 05:00:00,CORE_HR
EVT00101574,2025-04-16,EMP00406,CC0065,AS,5,Leave Return,,EUR,DEU,2025-04-16 10:00:00,CORE_HR
EVT00101631,2025-04-20,EMP00865,CC0055,EN,2,Departure,,CAD,CA,2025-04-20 18:00:00,PAYROLL
EVT00101580,2025-04-17,EMP02968,CC0075,PA,4,Leave Start,,CAD,CAN,2025-04-18 00:00:00,CORE_HR
EVT00101930,2025-04-22,EMP01947,CC0036,EX,1,Step Increment,156748.28,CAD,CA,2025-04-22 10:00:00,PAYROLL
EVT00102043,2025-04-06,EMP01450,CC0054,EC,2,Promotion,10357583.12,KES,KEN,2025-04-07 01:00:00,CORE_HR
EVT00101729,2025-04-26,EMP04766,CC0056,FI,2,Leave Start,,CAD,CA,2025-04-26 07:00:00,PAYROLL
EVT00102134,2025-04-17,EMP04077,CC0103,IT,3,Performance Pay,9466.48,CAD,CAN,2025-04-17 20:00:00,CORE_HR
EVT00103039,2025-04-24,EMP01111,CC0006,CR,2,Step Increment,73322.44,CAD,CA,2025-04-24 13:00:00,PAYROLL
EVT00102304,2025-04-09,EMP02578,CC0004,PA,5,Leave Start,,CAD,CAN,2025-04-09 09:00:00,CORE_HR
EVT00102234,2025-04-14,EMP04698,CC0005,PA,1,Leave Return,,CAD,CAN,2025-04-14 14:00:00,CORE_HR
EVT00101471,2025-04-27,EMP03908,CC0026,EN,2,Leave Start,,CAD,CAN,2025-04-27 18:00:00,CORE_HR
EVT00103264,2025-04-18,EMP03770,CC0101,EN,3,Lateral Deployment,,CAD,CAN,2025-04-19 09:00:00,CORE_HR
EVT00102640,2025-04-25,EMP05058,CC0044,PA,2,Hire,84679.9,CAD,CAN,2025-04-26 07:00:00,CORE_HR
EVT00102065,2025-04-07,EMP03780,CC0104,EC,2,Step Increment,87081.87,CAD,CAN,2025-04-08 02:00:00,CORE_HR
EVT00101934,2025-04-03,EMP02856,CC0079,EN,4,Departure,,CAD,CAN,2025-04-03 23:00:00,CORE_HR
EVT00102205,2025-04-21,EMP02596,CC0065,CR,1,Lateral Deployment,,USD,USA,2025-04-22 08:00:00,CORE_HR
EVT00101492,2025-04-22,EMP00058,CC0061,PA,1,Performance Pay,5265.89,CAD,CAN,2025-04-22 18:00:00,CORE_HR
EVT00101859,2025-04-07,EMP01833,CC0001,EC,2,Leave Start,,CAD,CAN,2025-04-08 00:00:00,CORE_HR
EVT00101868,2025-04-14,EMP02275,CC0003,EC,1,Step Increment,58508.24,CAD,CA,2025-04-14 12:00:00,PAYROLL
EVT00103495,2025-04-13,EMP03766,CC0096,CR,4,Lateral Deployment,,CAD,CA,2025-04-13 23:00:00,PAYROLL
EVT00102680,2025-04-05,EMP03696,CC0065,PA,5,Step Increment,1473004.03,MXN,MX,2025-04-06 10:00:00,PAYROLL
EVT00102343,2025-04-07,EMP00488,CC0023,FI,1,Step Increment,77291.04,CAD,CAN,2025-04-07 11:00:00,CORE_HR
EVT00101534,2025-04-27,EMP03606,CC0001,EN,1,Leave Return,,CAD,CAN,2025-04-28 14:00:00,CORE_HR
EVT00103502,2025-04-23,EMP02222,CC0020,EN,2,Step Increment,96414.42,CAD,CAN,2025-04-24 09:00:00,CORE_HR
EVT00103541,2025-04-26,EMP02793,CC0099,AS,5,Step Increment,92108.03,CAD,CA,2025-04-27 04:00:00,PAYROLL
EVT00102293,2025-04-14,EMP01220,CC0070,AS,4,Step Increment,80390.14,XXX,CAN,2025-04-14 11:00:00,CORE_HR
EVT00102081,2025-04-10,EMP01009,CC0010,IT,2,Step Increment,98455.29,CAD,CAN,2025-04-10 14:00:00,CORE_HR
EVT00101444,2025-04-18,EMP00222,CC0119,PA,4,Lateral Deployment,,CAD,CAN,2025-04-18 19:00:00,CORE_HR
EVT00102988,2025-04-03,EMP03247,CC0088,IT,2,Leave Start,,MXN,MEX,2025-04-04 12:00:00,CORE_HR
EVT00102008,2025-04-11,EMP01062,CC0077,IT,2,Step Increment,120940.35,CAD,CAN,2025-04-12 12:00:00,CORE_HR
EVT00102282,2025-04-09,EMP03203,CC0103,EC,2,Performance Pay,12336.84,CAD,CA,2025-04-09 08:00:00,PAYROLL
EVT00101560,2025-04-12,EMP02208,CC0090,IT,4,Step Increment,144495.81,CAD,CAN,2025-04-13 00:00:00,CORE_HR
EVT00101566,2025-04-12,EMP01901,CC0099,AS,2,Step Increment,64350.41,CAD,CA,2025-04-12 15:00:00,PAYROLL
EVT00103071,2025-04-13,EMP05168,CC0008,EC,1,Leave Return,,CAD,CAN,2025-04-14 06:00:00,CORE_HR
EVT00102112,2025-04-06,EMP04804,CC0013,EX,2,Performance Pay,20998.81,CAD,CAN,2025-04-06 16:00:00,CORE_HR
EVT00103313,2025-04-24,EMP01746,CC0040,PA,4,Step Increment,104928.3,CAD,CAN,2025-04-25 05:00:00,CORE_HR
EVT00103440,2025-04-27,EMP02146,CC0063,CR,2,Leave Return,,CAD,CA,2025-04-28 15:00:00,PAYROLL
EVT00103209,2025-04-27,EMP04965,CC0064,IT,3,Step Increment,118371.74,CAD,CA,2025-04-27 17:00:00,PAYROLL
EVT00102071,2025-04-20,EMP04780,CC0047,PA,1,Departure,,CAD,CAN,2025-04-20 23:00:00,CORE_HR
EVT00103059,2025-04-25,EMP04443,CC0083,FI,3,Step Increment,113387.11,CAD,CAN,2025-04-26 14:00:00,CORE_HR
EVT00103148,2025-04-12,EMP02235,CC0017,AS,5,Leave Start,,CAD,CAN,2025-04-12 15:00:00,CORE_HR
EVT00101419,2025-04-13,EMP01722,CC0069,PA,1,Lateral Deployment,,CAD,CAN,2025-04-14 06:00:00,CORE_HR
EVT00102537,2025-04-12,EMP00261,CC0004,FI,2,Performance Pay,10114.9,CAD,CAN,2025-04-12 22:00:00,CORE_HR
EVT00101686,2025-04-25,EMP02840,CC0092,FI,1,Departure,,CAD,CAN,2025-04-25 23:00:00,CORE_HR
EVT00103017,2025-04-27,EMP03140,CC0068,IT,2,Step Increment,92182.05,CAD,CAN,2025-04-27 11:00:00,CORE_HR
EVT00103158,2025-04-21,EMP00374,CC0031,IT,1,Hire,10688352.07,KES,KEN,2025-04-22 15:00:00,CORE_HR
EVT00102958,2025-04-25,EMP01373,CC0030,EC,1,Step Increment,1304245.56,MXN,MEX,2025-04-25 13:00:00,CORE_HR
EVT00101517,2025-04-08,EMP01551,CC0025,CR,1,Step Increment,58011.22,CAD,CA,2025-04-08 14:00:00,PAYROLL
EVT00101929,2025-04-14,EMP04586,CC0073,FI,4,Step Increment,120647.14,CAD,CAN,2025-04-15 06:00:00,CORE_HR
EVT00101778,2025-04-19,EMP01062,CC0077,IT,2,Lateral Deployment,,CAD,CA,2025-04-20 00:00:00,PAYROLL
EVT00102166,2025-04-05,EMP03622,CC0014,IT,3,Performance Pay,12261.22,CAD,CAN,2025-04-06 10:00:00,CORE_HR
EVT00102471,2025-04-16,EMP03274,CC0098,AS,1,Hire,57850.73,CAD,CA,2025-04-16 18:00:00,PAYROLL
EVT00103184,2025-04-25,EMP04224,CC0006,PA,2,Step Increment,84870.23,CAD,CA,2025-04-26 12:00:00,PAYROLL
EVT00102700,2025-04-14,EMP00441,CC0020,EX,3,Step Increment,209133.48,CAD,CAN,2025-04-15 05:00:00,CORE_HR
EVT00102239,2025-04-12,EMP02356,CC0091,PA,2,Promotion,79264.12,CAD,CAN,2025-04-12 09:00:00,CORE_HR
EVT00101578,2025-04-24,EMP03085,CC0114,PA,1,Departure,,CAD,CAN,2025-04-25 04:00:00,CORE_HR
EVT00102338,2025-04-15,EMP03781,CC0051,EN,2,Step Increment,97293.19,CAD,CA,2025-04-16 13:00:00,PAYROLL
EVT00102183,2025-04-12,EMP00342,CC0020,CR,4,Lateral Deployment,,CAD,CAN,2025-04-13 02:00:00,CORE_HR
EVT00103228,2025-04-03,EMP05189,CC0018,EX,2,Step Increment,168531.15,CAD,CAN,2025-04-03 07:00:00,CORE_HR
EVT00102204,2025-04-15,EMP04100,CC0007,IT,3,Step Increment,100280.46,EUR,FRA,2025-04-15 09:00:00,CORE_HR
EVT00102736,2025-04-20,EMP02051,CC0083,FI,2,Performance Pay,7196.68,CAD,CAN,2025-04-20 10:00:00,CORE_HR
EVT00102513,2025-04-22,EMP02017,CC0104,EC,1,Step Increment,76662.6,CAD,CA,2025-04-22 08:00:00,PAYROLL
EVT00101944,2025-04-18,EMP02361,CC0066,FI,3,Step Increment,94602.98,CAD,CAN,2025-04-18 19:00:00,CORE_HR
EVT00103088,2025-04-07,EMP04963,CC0089,IT,2,Promotion,100875.38,CAD,CAN,2025-04-07 08:00:00,CORE_HR
EVT00103119,2025-04-05,EMP04446,CC0092,EN,3,Performance Pay,5640.98,CAD,CAN,2025-04-05 10:00:00,CORE_HR
EVT00101803,2025-04-07,EMP00697,CC0041,FI,4,Lateral Deployment,,CAD,CAN,2025-04-07 13:00:00,CORE_HR
EVT00103548,2025-04-01,EMP00154,CC0058,PA,4,Performance Pay,8945.84,CAD,CAN,2025-04-01 17:00:00,CORE_HR
EVT00102681,2025-04-21,EMP00218,CC0060,CR,1,Step Increment,58094.39,CAD,CA,2025-04-22 03:00:00,PAYROLL
EVT00101995,2025-04-05,EMP04265,CC0062,AS,4,Step Increment,79869.47,CAD,CA,2025-04-06 05:00:00,PAYROLL
EVT00101516,2025-04-15,EMP00267,CC0067,PA,1,Departure,,CAD,CAN,2025-04-15 19:00:00,CORE_HR
EVT00102880,2025-04-12,EMP03364,CC0016,IT,5,Step Increment,158678.57,CAD,CAN,2025-04-12 08:00:00,CORE_HR
EVT00102873,2025-04-04,EMP04343,CC0023,EN,1,Departure,,CAD,CAN,2025-04-04 08:00:00,CORE_HR
EVT00102022,2025-04-25,EMP04986,CC0049,EN,1,Performance Pay,8955.22,AUD,AU,2025-04-25 20:00:00,PAYROLL
EVT00102568,2025-04-18,EMP04762,CC0090,EN,1,Step Increment,92414.62,CAD,CAN,2025-04-19 02:00:00,CORE_HR
EVT00102104,2025-04-14,EMP02410,CC0048,IT,1,Promotion,96240.37,CAD,CAN,2025-04-15 11:00:00,CORE_HR
EVT00101776,2025-04-23,EMP02930,CC0050,PA,4,Performance Pay,11649.3,CAD,CAN,2025-04-23 07:00:00,CORE_HR
EVT00102450,2025-04-12,EMP04712,CC0086,CR,4,Leave Return,,GBP,GBR,2025-04-13 02:00:00,CORE_HR
EVT00102312,2025-04-13,EMP00825,CC0045,EN,2,Step Increment,114874.22,CAD,CAN,2025-04-13 13:00:00,CORE_HR
EVT00102289,2025-04-14,EMP03565,CC0104,PA,2,Performance Pay,7035.53,CAD,CA,2025-04-14 11:00:00,PAYROLL
EVT00102879,2025-04-24,EMP03047,CC0036,EC,2,Lateral Deployment,,CAD,CAN,2025-04-25 02:00:00,CORE_HR
EVT00103517,2025-04-20,EMP02203,CC0072,EX,1,Leave Start,,CAD,CAN,2025-04-21 15:00:00,CORE_HR
EVT00103450,2025-04-15,EMP03226,CC0080,PA,2,Step Increment,51491.73,SGD,SGP,2025-04-15 17:00:00,CORE_HR
EVT00102005,2025-04-19,EMP01288,CC0019,EN,2,Lateral Deployment,,CAD,CAN,2025-04-20 04:00:00,CORE_HR
EVT00102019,2025-04-03,EMP02671,CC0036,FI,4,Step Increment,123994.97,CAD,CA,2025-04-03 14:00:00,PAYROLL
EVT00101695,2025-04-21,EMP00127,CC0047,PA,1,Step Increment,66367.98,CAD,CAN,2025-04-21 14:00:00,CORE_HR
EVT00101968,2025-04-13,EMP04663,CC0095,PA,1,Leave Return,,CAD,CAN,2025-04-14 05:00:00,CORE_HR
EVT00101536,2025-04-14,EMP03024,CC0035,IT,2,Lateral Deployment,,CAD,CA,2025-04-14 07:00:00,PAYROLL
EVT00102716,2025-04-25,EMP02749,CC0053,PA,2,Lateral Deployment,,CAD,CAN,2025-04-26 01:00:00,CORE_HR
EVT00102990,2025-04-17,EMP00266,CC0115,EN,1,Step Increment,88911.53,CAD,CAN,2025-04-17 13:00:00,CORE_HR
EVT00101892,2025-04-19,EMP04741,CC0075,IT,4,Leave Start,,CAD,CAN,2025-04-19 14:00:00,CORE_HR
EVT00102955,2025-04-13,EMP04411,CC0112,EN,2,Performance Pay,6282.06,CAD,CA,2025-04-13 07:00:00,PAYROLL
EVT00103356,2025-04-20,EMP03496,CC0033,AS,3,Step Increment,73371.19,CAD,CAN,2025-04-20 09:00:00,CORE_HR
EVT00102006,2025-04-02,EMP01741,CC0034,PA,1,Hire,70392.87,CAD,CAN,2025-04-02 16:00:00,CORE_HR
EVT00102628,2025-04-21,EMP00363,CC0069,AS,4,Step Increment,83195.82,CAD,CAN,2025-04-21 15:00:00,CORE_HR
EVT00103294,2025-04-24,EMP04511,CC0073,CR,3,Leave Start,,CAD,CA,2025-04-24 23:00:00,PAYROLL
EVT00103293,2025-04-17,EMP04736,CC0021,IT,1,Step Increment,87743.65,CAD,CA,2025-04-17 10:00:00,PAYROLL
EVT00102702,2025-04-16,EMP02562,CC0097,IT,3,Step Increment,114342.83,CAD,CAN,2025-04-17 10:00:00,CORE_HR
EVT00103066,2025-04-10,EMP02807,CC0106,AS,2,Performance Pay,8296.31,CAD,CAN,2025-04-10 13:00:00,CORE_HR
EVT00102359,2025-04-16,EMP04143,CC0012,AS,2,Leave Start,,CAD,CAN,2025-04-16 13:00:00,CORE_HR
EVT00101445,2025-04-13,EMP01272,CC0077,FI,2,Step Increment,88996.75,CAD,CA,2025-04-13 20:00:00,PAYROLL
EVT00102697,2025-04-22,EMP03113,CC0006,PA,2,Promotion,78658.21,CAD,CA,2025-04-22 11:00:00,PAYROLL
EVT00102656,2025-04-09,EMP03547,CC0116,EC,2,Performance Pay,11552.33,CAD,CAN,2025-04-09 09:00:00,CORE_HR
EVT00101875,2025-04-22,EMP02406,CC0072,PA,1,Hire,63853.85,CAD,CAN,2025-04-22 07:00:00,CORE_HR
EVT00101630,2025-04-17,EMP01538,CC0115,PA,2,Lateral Deployment,,CAD,CA,2025-04-17 09:00:00,PAYROLL
EVT00102659,2025-04-10,EMP01152,CC0031,AS,4,Performance Pay,3466.2,USD,USA,2025-04-10 19:00:00,CORE_HR
EVT00103348,2025-04-23,EMP01419,CC0061,PA,1,Departure,,CAD,CA,2025-04-23 10:00:00,PAYROLL
EVT00103146,2025-04-04,EMP03513,CC0084,EN,3,Leave Return,,CAD,CAN,2025-04-04 10:00:00,CORE_HR
EVT00101804,2025-04-22,EMP00408,CC0025,PA,4,Leave Start,,CAD,CAN,2025-04-22 18:00:00,CORE_HR
EVT00102218,2025-04-15,EMP00375,CC0083,PA,1,Step Increment,72314.09,CAD,CAN,2025-04-15 14:00:00,CORE_HR
EVT00103416,2025-04-20,EMP01442,CC0066,PA,3,Step Increment,85504.77,CAD,CAN,2025-04-20 12:00:00,CORE_HR
EVT00103108,2025-04-22,EMP01688,CC0080,CR,1,Step Increment,43647.87,USD,USA,2025-04-23 14:00:00,CORE_HR
EVT00102360,2025-04-22,EMP03007,CC0076,EC,4,Step Increment,112114.38,CAD,CAN,2025-04-23 15:00:00,CORE_HR
EVT00101454,2025-04-14,EMP00976,CC0010,FI,3,Lateral Deployment,,CAD,CA,2025-04-14 23:00:00,PAYROLL
EVT00102559,2025-04-24,EMP00297,CC0006,FI,4,Lateral Deployment,,CAD,CAN,2025-04-24 21:00:00,CORE_HR
EVT00102807,2025-04-14,EMP00392,CC0017,EC,5,Leave Return,,CAD,CAN,2025-04-14 20:00:00,CORE_HR
EVT00102210,2025-04-25,EMP03844,CC0058,IT,4,Step Increment,114235.23,CAD,CA,2025-04-25 10:00:00,PAYROLL
EVT00102906,2025-04-21,EMP02889,CC0067,FI,4,Lateral Deployment,,CAD,CA,2025-04-21 09:00:00,PAYROLL
EVT00101477,2025-04-19,EMP01798,CC0002,EN,3,Step Increment,150350.27,CAD,CA,2025-04-19 20:00:00,PAYROLL
EVT00103117,2025-04-14,EMP03881,CC0100,IT,2,Performance Pay,10926.55,CAD,CAN,2025-04-14 12:00:00,CORE_HR
EVT00102930,2025-04-04,EMP02803,CC0088,FI,1,Leave Return,,EUR,FR,2025-04-04 08:00:00,PAYROLL
EVT00102943,2025-04-08,EMP04881,CC0018,CR,3,Step Increment,68980.17,CAD,CAN,2025-04-08 16:00:00,CORE_HR
EVT00102588,2025-04-25,EMP04085,CC0095,IT,3,Leave Return,,CAD,CA,2025-04-25 09:00:00,PAYROLL
EVT00101470,2025-04-12,EMP01370,CC0095,PA,5,Step Increment,117992.83,CAD,CAN,2025-04-13 08:00:00,CORE_HR
EVT00102206,2025-04-19,EMP02859,CC0016,AS,1,Step Increment,51063.3,CAD,CA,2025-04-20 13:00:00,PAYROLL
EVT00102369,2025-04-26,EMP03816,CC0086,PA,1,Leave Start,,SGD,SG,2025-04-26 07:00:00,PAYROLL
EVT00102365,2025-04-11,EMP01584,CC0085,PA,5,Performance Pay,13249.77,CAD,CA,2025-04-12 08:00:00,PAYROLL
EVT00102169,2025-04-07,EMP02403,CC0062,EC,1,Leave Return,,CAD,CAN,2025-04-08 00:00:00,CORE_HR
EVT00102515,2025-04-10,EMP04249,CC0049,IT,3,Hire,86993.57,SGD,SGP,2025-04-11 14:00:00,CORE_HR
EVT00102467,2025-04-09,EMP01723,CC0018,EN,1,Step Increment,81121.95,CAD,CAN,2025-04-09 14:00:00,CORE_HR
EVT00101993,2025-04-18,EMP02332,CC0117,IT,2,Hire,98388.87,CAD,CA,2025-04-18 14:00:00,PAYROLL
EVT00102058,2025-04-06,EMP02543,CC0001,IT,4,Lateral Deployment,,CAD,CA,2025-04-07 04:00:00,PAYROLL
EVT00101653,2025-04-10,EMP04312,CC0092,EN,2,Performance Pay,13284.66,CAD,CAN,2025-04-11 01:00:00,CORE_HR
EVT00101573,2025-04-07,EMP04946,CC0102,PA,3,Departure,,CAD,CAN,2025-04-07 14:00:00,CORE_HR
EVT00102067,2025-04-14,EMP03463,CC0035,IT,1,Step Increment,91756.36,CAD,CA,2025-04-14 06:00:00,PAYROLL
EVT00102478,2025-04-03,EMP00106,CC0018,PA,1,Performance Pay,7426.05,CAD,CA,2025-04-03 14:00:00,PAYROLL
EVT00103463,2025-04-12,EMP04762,CC0090,EN,1,Leave Return,,CAD,CAN,2025-04-12 14:00:00,CORE_HR
EVT00102483,2025-04-06,EMP03600,CC0049,AS,2,Step Increment,247517.15,BRL,BRA,2025-04-07 10:00:00,CORE_HR
EVT00103291,2025-04-07,EMP03896,CC0012,PA,5,Step Increment,114783.15,CAD,CA,2025-04-08 02:00:00,PAYROLL
EVT00103161,2025-04-24,EMP03660,CC0035,CR,1,Performance Pay,7709.94,CAD,CAN,2025-04-24 11:00:00,CORE_HR
EVT00102141,2025-04-13,EMP01826,CC0064,IT,1,Step Increment,83707.67,CAD,CAN,2025-04-14 22:00:00,CORE_HR
EVT00101812,1900-01-01,EMP03848,CC0018,CR,5,Leave Return,,CAD,CAN,2025-04-25 05:00:00,CORE_HR
EVT00102426,2025-04-07,EMP00034,CC0044,CR,1,Step Increment,55396.04,CAD,CAN,2025-04-07 13:00:00,CORE_HR
EVT00101890,2025-04-09,EMP02225,CC0096,PA,2,Performance Pay,10712.61,CAD,CA,2025-04-10 15:00:00,PAYROLL
EVT00102834,2025-04-06,EMP01017,CC0104,PA,4,Leave Return,,CAD,CAN,2025-04-06 15:00:00,CORE_HR
EVT00102072,2025-04-05,EMP00517,CC0064,IT,2,Leave Start,,CAD,CAN,2025-04-05 21:00:00,CORE_HR
EVT00101698,2025-04-08,EMP01685,CC0025,IT,1,Departure,,CAD,CAN,2025-04-09 11:00:00,CORE_HR
EVT00103488,2025-04-03,EMP03881,CC0100,IT,2,Leave Start,,CAD,CAN,2025-04-04 05:00:00,CORE_HR
EVT00101475,2025-04-03,EMP01183,CC0081,PA,2,Departure,,CAD,CAN,2025-04-04 06:00:00,CORE_HR
EVT00101758,2025-04-09,EMP02085,CC0081,AS,3,Promotion,84464.0,CAD,CA,2025-04-09 20:00:00,PAYROLL
EVT00101652,2025-04-24,EMP03395,CC0105,EX,1,Step Increment,118671.04,EUR,DEU,2025-04-24 23:00:00,CORE_HR
EVT00102587,2025-04-16,EMP01569,CC0019,FI,3,Departure,,CAD,CAN,2025-04-17 05:00:00,CORE_HR
EVT00101866,2025-04-26,EMP04978,CC0062,IT,3,Lateral Deployment,,CAD,CAN,2025-04-26 06:00:00,CORE_HR
EVT00102891,2025-04-14,EMP04901,CC0062,PA,1,Step Increment,71415.88,CAD,CA,2025-04-15 05:00:00,PAYROLL
EVT00103424,2025-04-25,EMP02767,CC0102,IT,3,Step Increment,125202.39,CAD,CAN,2025-04-26 02:00:00,CORE_HR
EVT00101762,2025-04-11,EMP00020,CC0067,FI,5,Performance Pay,13299.05,CAD,CAN,2025-04-12 06:00:00,CORE_HR
EVT00101656,2025-04-13,EMP03692,CC0081,EX,1,Step Increment,151967.46,CAD,CAN,2025-04-14 02:00:00,CORE_HR
EVT00102151,2025-04-12,EMP02726,CC0041,PA,2,Leave Return,,CAD,CA,2025-04-13 13:00:00,PAYROLL
EVT00103528,2025-04-19,EMP04912,CC0054,PA,1,Step Increment,104929.32,AUD,AU,2025-04-22 05:00:00,PAYROLL
EVT00102784,2025-04-18,EMP01755,CC0047,PA,4,Leave Return,,CAD,CA,2025-04-18 08:00:00,PAYROLL
EVT00102191,2025-04-22,EMP01443,CC0039,EN,2,Step Increment,101197.26,CAD,CAN,2025-04-23 07:00:00,CORE_HR
EVT00102867,2025-04-25,EMP01313,CC0069,IT,1,Performance Pay,4806.8,CAD,CAN,2025-04-26 11:00:00,CORE_HR
EVT00101642,2025-04-22,EMP03360,CC0119,FI,1,Leave Return,,CAD,CAN,2025-04-22 20:00:00,CORE_HR
EVT00101718,2025-04-24,EMP04711,CC0118,FI,5,Step Increment,140024.48,CAD,CA,2025-04-25 09:00:00,PAYROLL
EVT00101558,2025-04-02,EMP01220,CC0070,AS,4,Leave Start,,CAD,CAN,2025-04-03 12:00:00,CORE_HR
EVT00101903,2025-04-17,EMP04613,CC0046,IT,3,Step Increment,2107827.23,MXN,MEX,2025-04-17 17:00:00,CORE_HR
EVT00102998,2025-04-12,EMP01597,CC0026,IT,1,Leave Start,,CAD,CAN,2025-04-13 07:00:00,CORE_HR
EVT00101741,2025-04-11,EMP02052,CC0048,AS,2,Step Increment,73788.85,CAD,CA,2025-04-11 18:00:00,PAYROLL
EVT00101657,2025-04-19,EMP01267,CC0012,EC,4,Step Increment,118592.26,CAD,CAN,2025-04-20 13:00:00,CORE_HR
EVT00101823,2025-04-16,EMP04548,CC0058,PA,1,Step Increment,63167.14,CAD,CAN,2025-04-17 07:00:00,CORE_HR
EVT00101839,2025-04-19,EMP03674,CC0035,IT,2,Performance Pay,10382.56,CAD,CA,2025-04-20 15:00:00,PAYROLL
EVT00102626,2025-04-09,EMP03020,CC0110,EN,1,Leave Return,,CAD,CA,2025-04-10 15:00:00,PAYROLL
EVT00101980,2025-04-10,EMP03884,CC0109,EX,2,Performance Pay,22097.32,CAD,CAN,2025-04-11 14:00:00,CORE_HR
EVT00101552,2025-04-08,EMP02822,CC0054,EX,2,Lateral Deployment,,USD,US,2025-04-08 10:00:00,PAYROLL
EVT00101899,2025-04-24,EMP03783,CC0057,PA,2,Promotion,75541.33,CAD,CAN,2025-04-24 17:00:00,CORE_HR
EVT00102307,2025-04-05,EMP00741,CC0035,PA,4,Promotion,94597.16,CAD,CAN,2025-04-06 06:00:00,CORE_HR
EVT00101500,2025-04-19,EMP02628,CC0091,EC,1,Step Increment,79491.97,CAD,CA,2025-04-22 10:00:00,PAYROLL
EVT00102855,2025-04-24,EMP05190,CC0049,CR,1,Step Increment,151502.04,AED,ARE,2025-04-24 21:00:00,CORE_HR
EVT00101481,2025-04-22,EMP02076,CC0034,PA,1,Step Increment,73573.93,CAD,CA,2025-04-22 17:00:00,PAYROLL
EVT00102586,2025-04-05,EMP04476,CC0102,FI,1,Step Increment,74878.8,CAD,CAN,2025-04-06 01:00:00,CORE_HR
EVT00103346,2025-04-11,EMP03884,CC0109,EX,2,Departure,,CAD,CAN,2025-04-12 05:00:00,CORE_HR
EVT00101881,2025-04-19,EMP01620,CC0079,EX,1,Leave Return,,CAD,CAN,2025-04-20 10:00:00,CORE_HR
EVT00102011,2025-04-12,EMP01174,CC0036,FI,3,Leave Start,,CAD,CAN,2025-04-13 11:00:00,CORE_HR
EVT00101643,2025-04-08,EMP02501,CC0002,EN,2,Leave Start,,CAD,CAN,2025-04-09 13:00:00,CORE_HR
EVT00103126,2025-04-23,EMP00240,CC0115,EN,4,Departure,,CAD,CAN,2025-04-24 05:00:00,CORE_HR
EVT00103121,2025-04-19,EMP02139,CC0055,EN,4,Performance Pay,6917.6,CAD,CAN,2025-04-20 14:00:00,CORE_HR
EVT00101938,2025-04-05,EMP04434,CC0101,EC,3,Performance Pay,8275.57,CAD,CA,2025-04-05 08:00:00,PAYROLL
EVT00103352,2025-04-15,EMP05090,CC0093,EC,2,Step Increment,86854.58,CAD,CAN,2025-04-16 13:00:00,CORE_HR
EVT00102731,2025-04-19,EMP01536,CC0082,EC,2,Step Increment,85517.64,CAD,CAN,2025-04-20 09:00:00,CORE_HR
EVT00102985,2025-04-17,EMP00613,CC0029,AS,2,Step Increment,3121791.45,INR,IND,2025-04-17 08:00:00,CORE_HR
EVT00103136,2025-04-18,EMP02060,CC0026,EN,5,Leave Return,,CAD,CA,2025-04-19 04:00:00,PAYROLL
EVT00102564,2025-04-25,EMP00503,CC0085,PA,4,Departure,,CAD,CA,2025-04-26 13:00:00,PAYROLL
EVT00103389,2025-04-04,EMP02236,CC0048,EX,2,Step Increment,157494.66,CAD,CAN,2025-04-06 12:00:00,CORE_HR
EVT00101474,2025-04-07,EMP02088,CC0023,IT,2,Hire,100614.56,CAD,CA,2025-04-07 15:00:00,PAYROLL
EVT00102705,2025-04-24,EMP03386,CC0065,AS,1,Promotion,54475.81,USD,US,2025-04-24 19:00:00,PAYROLL
EVT00101895,2025-04-23,EMP04717,CC0101,EN,1,Step Increment,89385.79,CAD,CA,2025-04-23 11:00:00,PAYROLL
EVT00103298,2025-04-23,EMP01522,CC0069,IT,3,Performance Pay,10661.66,CAD,CA,2025-04-23 13:00:00,PAYROLL
EVT00102781,2025-04-01,EMP02122,CC0013,AS,4,Leave Return,,CAD,CAN,2025-04-01 22:00:00,CORE_HR
EVT00102633,2025-04-14,EMP05197,CC0101,FI,2,Promotion,87987.79,CAD,CA,2025-04-14 16:00:00,PAYROLL
EVT00102325,2025-04-01,EMP04070,CC0049,PA,1,Leave Return,,GBP,GB,2025-04-02 04:00:00,PAYROLL
EVT00102278,2025-04-13,EMP01274,CC0092,PA,4,Leave Start,,CAD,CA,2025-04-13 12:00:00,PAYROLL
EVT00103466,2025-04-05,EMP02695,CC0055,EX,1,Lateral Deployment,,CAD,CA,2025-04-06 03:00:00,PAYROLL
EVT00101919,2025-04-04,EMP02044,CC0014,EC,3,Leave Return,,CAD,CAN,2025-04-04 17:00:00,CORE_HR
EVT00102704,2025-04-13,EMP04147,CC0064,EN,3,Leave Return,,CAD,CA,2025-04-14 15:00:00,PAYROLL
EVT00101582,2025-04-26,EMP02386,CC0109,PA,5,Departure,,CAD,CAN,2025-04-27 09:00:00,CORE_HR
EVT00103033,2025-04-04,EMP02571,CC0070,PA,4,Performance Pay,5263.27,CAD,CAN,2025-04-04 13:00:00,CORE_HR
EVT00101476,2025-04-09,EMP02158,CC0014,PA,5,Leave Start,,CAD,CA,2025-04-10 04:00:00,PAYROLL
EVT00103042,2025-04-06,EMP01858,CC0116,EN,3,Step Increment,112911.11,CAD,CAN,2025-04-06 17:00:00,CORE_HR
EVT00101615,2025-04-23,EMP01102,CC0036,CR,3,Leave Start,,CAD,CAN,2025-04-26 05:00:00,CORE_HR
EVT00102830,2025-04-19,EMP04457,CC0099,IT,2,Leave Start,,CAD,CAN,2025-04-20 00:00:00,CORE_HR
EVT00101432,2025-04-24,EMP04630,CC0119,AS,3,Step Increment,72806.36,CAD,CA,2025-04-24 15:00:00,PAYROLL
EVT00102476,2025-04-04,EMP04719,CC0035,IT,5,Step Increment,136225.32,CAD,CAN,2025-04-05 01:00:00,CORE_HR
EVT00102770,2025-04-24,EMP01615,CC0056,FI,2,Leave Start,,CAD,CA,2025-04-25 12:00:00,PAYROLL
EVT00103149,2025-04-11,EMP04070,CC0049,PA,1,Leave Return,,INR,IND,2025-04-11 15:00:00,CORE_HR
EVT00101515,2025-04-06,EMP00738,CC0061,EX,1,Step Increment,140760.39,CAD,CAN,2025-04-06 17:00:00,CORE_HR
EVT00103478,2025-04-14,EMP03247,CC0088,IT,2,Step Increment,78446.26,EUR,FRA,2025-04-15 03:00:00,CORE_HR
EVT00101647,2025-04-24,EMP04219,CC0042,CR,1,Performance Pay,6125.75,CAD,CAN,2025-04-26 00:00:00,CORE_HR
EVT00102896,2025-04-01,EMP01106,CC0003,IT,1,Leave Return,,CAD,CAN,2025-04-01 23:00:00,CORE_HR
EVT00102657,2025-04-10,EMP01952,CC0118,IT,2,Promotion,106608.04,CAD,CA,2025-04-11 11:00:00,PAYROLL
EVT00101524,2025-04-23,EMP01000,CC0112,IT,4,Performance Pay,14704.33,CAD,CAN,2025-04-23 08:00:00,CORE_HR
EVT00102014,2025-04-15,EMP03853,CC0048,PA,1,Departure,,CAD,CA,2025-04-16 10:00:00,PAYROLL
EVT00101781,2025-04-18,EMP01535,CC0061,PA,2,Step Increment,83636.25,CAD,CAN,2025-04-18 11:00:00,CORE_HR
EVT00103132,2025-04-22,EMP00355,CC0096,IT,5,Leave Start,,CAD,CA,2025-04-22 16:00:00,PAYROLL
EVT00103277,2025-04-22,EMP03679,CC0103,FI,2,Performance Pay,7801.4,CAD,CAN,2025-04-23 01:00:00,CORE_HR
EVT00102244,2025-04-05,EMP04763,CC0072,IT,2,Step Increment,101777.53,CAD,CA,2025-04-05 21:00:00,PAYROLL
EVT00101508,2025-04-20,EMP02441,CC0056,AS,5,Departure,,CAD,CA,2025-04-20 09:00:00,PAYROLL
EVT00101842,2025-04-22,EMP03571,CC0038,EX,3,Leave Return,,CAD,CAN,2025-04-24 12:00:00,CORE_HR
EVT00103536,2025-04-06,EMP04536,CC0060,PA,4,Leave Return,,CAD,CA,2025-04-07 14:00:00,PAYROLL
EVT00101852,2025-04-14,EMP02057,CC0109,IT,3,Lateral Deployment,,CAD,CAN,2025-04-15 15:00:00,CORE_HR
EVT00103331,2025-04-05,EMP01183,CC0081,PA,2,Step Increment,62723.5,CAD,CA,2025-04-05 20:00:00,PAYROLL
EVT00103402,2025-04-19,EMP02903,CC0023,PA,3,Step Increment,90983.96,CAD,CAN,2025-04-20 15:00:00,CORE_HR
EVT00103462,2025-04-09,EMP02496,CC0088,AS,5,Step Increment,9422607.84,JPY,JPN,2025-04-10 09:00:00,CORE_HR
EVT00101442,2025-04-21,EMP03704,CC0006,FI,3,Step Increment,97289.56,CAD,CAN,2025-04-21 10:00:00,CORE_HR
EVT00102197,2025-04-23,EMP00505,CC0055,EN,2,Leave Start,,CAD,CAN,2025-04-24 13:00:00,CORE_HR
EVT00102185,2025-04-04,EMP03171,CC0022,EC,2,Leave Start,,CAD,CAN,2025-04-04 13:00:00,CORE_HR
EVT00102604,2025-04-12,EMP02264,CC0100,EN,4,Lateral Deployment,,CAD,CAN,2025-04-13 08:00:00,CORE_HR
EVT00101599,2025-04-25,EMP03314,CC0020,PA,3,Lateral Deployment,,CAD,CA,2025-04-26 09:00:00,PAYROLL
EVT00101956,2025-04-03,EMP01693,CC0015,EX,1,Step Increment,138824.48,CAD,CAN,2025-04-04 15:00:00,CORE_HR
EVT00102936,2025-04-19,EMP04466,CC0109,PA,3,Promotion,85704.7,CAD,CAN,2025-04-19 10:00:00,CORE_HR
EVT00102951,2025-04-10,EMP01464,CC0036,EX,1,Step Increment,143501.81,CAD,CA,2025-04-11 07:00:00,PAYROLL
EVT00103242,2025-04-11,EMP02862,CC0030,PA,3,Lateral Deployment,,EUR,FRA,2025-04-11 17:00:00,CORE_HR
EVT00102721,2025-04-12,EMP03079,CC0099,FI,4,Step Increment,119934.21,CAD,CA,2025-04-12 20:00:00,PAYROLL
EVT00102595,2025-04-25,EMP02531,CC0091,IT,2,Lateral Deployment,,CAD,CA,2025-04-25 22:00:00,PAYROLL
EVT00102435,2025-04-17,EMP01443,CC0039,EN,2,Hire,108279.72,CAD,CAN,2025-04-18 01:00:00,CORE_HR
EVT00102973,2025-04-23,EMP05047,CC0045,CR,4,Leave Start,,CAD,CAN,2025-04-24 13:00:00,CORE_HR
EVT00101791,2025-04-24,EMP03800,CC0015,EX,1,Step Increment,142434.53,CAD,CA,2025-04-24 17:00:00,PAYROLL
EVT00103168,2025-04-10,EMP01481,CC0040,FI,2,Performance Pay,7997.92,CAD,CAN,2025-04-11 15:00:00,CORE_HR
EVT00101577,2025-04-25,EMP04232,CC0048,AS,1,Step Increment,67027.45,CAD,CAN,2025-04-25 14:00:00,CORE_HR
EVT00101634,2025-04-20,EMP02139,CC0055,EN,4,Step Increment,134746.62,CAD,CA,2025-04-20 18:00:00,PAYROLL
EVT00102317,2025-04-14,EMP00700,CC0111,EN,3,Performance Pay,12987.65,EUR,FRA,2025-04-14 16:00:00,CORE_HR
EVT00103469,2025-04-07,EMP03692,CC0081,EX,1,Step Increment,159439.61,CAD,CAN,2025-04-07 10:00:00,CORE_HR
EVT00103545,2025-04-03,EMP00870,CC0020,IT,4,Departure,,CAD,CAN,2025-04-03 15:00:00,CORE_HR
EVT00102907,2025-04-24,EMP01097,CC0068,EC,3,Promotion,91876.27,CAD,CAN,2025-04-25 13:00:00,CORE_HR
EVT00103322,2025-04-07,EMP99999,CC0070,AS,5,Hire,92722.39,CAD,CA,2025-04-08 12:00:00,PAYROLL
EVT00102964,2025-04-27,EMP03653,CC0035,PA,1,Leave Start,,CAD,CAN,2025-04-27 10:00:00,CORE_HR
EVT00102059,2025-04-19,EMP02685,CC0022,PA,5,Leave Start,,CAD,CAN,2025-04-20 14:00:00,CORE_HR
EVT00102303,2025-04-16,EMP03316,CC0009,EX,1,Step Increment,106007.86,SGD,SGP,2025-04-16 09:00:00,CORE_HR
EVT00102589,2025-04-24,EMP05118,CC0018,PA,3,Step Increment,85040.57,CAD,CA,2025-04-24 15:00:00,PAYROLL
EVT00103511,2025-04-22,EMP03789,CC0116,AS,2,Step Increment,63342.62,CAD,CA,2025-04-22 23:00:00,PAYROLL
EVT00103022,2025-04-23,EMP01718,CC0056,PA,3,Step Increment,104667.05,CAD,CA,2025-04-24 07:00:00,PAYROLL
EVT00103043,2025-04-09,EMP04072,CC0039,PA,1,Step Increment,54589.86,CAD,CA,2025-04-09 08:00:00,PAYROLL
EVT00101548,2025-04-22,EMP05066,CC0107,CR,1,Lateral Deployment,,CAD,CAN,2025-04-22 20:00:00,CORE_HR
EVT00101539,2025-04-21,EMP03837,CC0103,IT,5,Step Increment,160178.92,CAD,CA,2025-04-22 09:00:00,PAYROLL
EVT00101706,2025-04-04,EMP02523,CC0072,CR,3,Leave Start,,CAD,CAN,2025-04-05 14:00:00,CORE_HR
EVT00102838,2025-04-08,EMP01875,CC0030,IT,3,Performance Pay,15071.99,AUD,AUS,2025-04-08 09:00:00,CORE_HR
EVT00102268,2025-04-26,EMP04275,CC0093,CR,4,Step Increment,83231.36,CAD,CAN,2025-04-26 11:00:00,CORE_HR
EVT00101457,2025-04-22,EMP02431,CC0040,PA,1,Promotion,72905.03,CAD,CAN,2025-04-22 09:00:00,CORE_HR
EVT00102348,2025-04-09,EMP03504,CC0108,PA,2,Leave Start,,SGD,SGP,2025-04-09 11:00:00,CORE_HR
EVT00102139,2025-04-10,EMP05124,CC0101,PA,1,Step Increment,54512.84,CAD,CAN,2025-04-10 14:00:00,CORE_HR
EVT00101671,2025-04-23,EMP00615,CC0051,EX,1,Performance Pay,20404.35,CAD,CA,2025-04-24 09:00:00,PAYROLL
EVT00101739,2025-04-06,EMP03637,CC0065,EN,5,Step Increment,16920341.07,KES,KEN,2025-04-07 05:00:00,CORE_HR
EVT00102353,2025-04-15,EMP03858,CC0088,CR,1,Leave Return,,KES,KEN,2025-04-15 23:00:00,CORE_HR
EVT00103207,2025-04-01,EMP00091,CC0115,IT,3,Leave Start,,CAD,CAN,2025-04-01 20:00:00,CORE_HR
EVT00102531,2025-04-02,EMP04826,CC0074,CR,3,Departure,,KES,KEN,2025-04-02 13:00:00,CORE_HR
EVT00102941,2025-04-09,EMP00780,CC0118,IT,1,Leave Start,,CAD,CAN,2025-04-09 20:00:00,CORE_HR
EVT00102485,2025-04-13,EMP01841,CC0037,FI,1,Leave Return,,CAD,CAN,2025-04-13 20:00:00,CORE_HR
EVT00103248,2025-04-07,EMP04250,CC0104,AS,2,Performance Pay,5261.9,CAD,CA,2025-04-07 13:00:00,PAYROLL
EVT00103204,2025-04-23,EMP01613,CC0106,PA,3,Leave Start,,CAD,CAN,2025-04-24 13:00:00,CORE_HR
EVT00103529,2025-04-15,EMP01432,CC0011,EN,3,Step Increment,89265.04,CAD,CA,2025-04-15 14:00:00,PAYROLL
EVT00101613,2025-04-16,EMP01248,CC0053,EC,1,Leave Return,,CAD,CAN,2025-04-16 20:00:00,CORE_HR
EVT00102965,2025-04-22,EMP02747,CC0035,AS,2,Lateral Deployment,,CAD,CA,2025-04-22 19:00:00,PAYROLL
EVT00102383,2025-04-05,EMP02666,CC0045,IT,3,Step Increment,127145.08,CAD,CAN,2025-04-06 03:00:00,CORE_HR
EVT00103164,2025-04-17,EMP00697,CC0041,FI,4,Performance Pay,10196.92,CAD,CA,2025-04-18 02:00:00,PAYROLL
EVT00101748,2025-04-01,EMP00047,CC0052,AS,4,Departure,,CAD,CAN,2025-04-02 11:00:00,CORE_HR
EVT00102539,2025-04-11,EMP02957,CC0032,EX,2,Departure,,CAD,CAN,2025-04-11 11:00:00,CORE_HR
EVT00102495,2025-04-08,EMP02795,CC0031,PA,2,Step Increment,213969.41,AED,AE,2025-04-08 12:00:00,PAYROLL
EVT00102436,2025-04-13,EMP00542,CC0117,EX,1,Leave Return,,CAD,CAN,2025-04-13 08:00:00,CORE_HR
EVT00101551,2025-04-12,EMP00387,CC0052,PA,2,Step Increment,75269.22,CAD,CAN,2025-04-13 05:00:00,CORE_HR
EVT00101644,2025-04-19,EMP01828,CC0026,PA,4,Step Increment,95588.86,CAD,CAN,2025-04-20 12:00:00,CORE_HR
EVT00102016,2025-04-14,EMP03326,CC0002,PA,2,Step Increment,76722.18,CAD,CAN,2025-04-15 11:00:00,CORE_HR
EVT00102341,2025-04-03,EMP01510,CC0036,PA,4,Step Increment,83649.63,CAD,CA,2025-04-04 06:00:00,PAYROLL
EVT00103267,2025-04-25,EMP03114,CC0056,PA,3,Leave Start,,CAD,CAN,2025-04-25 22:00:00,CORE_HR
EVT00103123,2025-04-03,EMP02153,CC0112,PA,4,Hire,97471.36,CAD,CA,2025-04-04 01:00:00,PAYROLL
EVT00102404,2025-04-14,EMP02956,CC0009,PA,4,Promotion,66716.39,SGD,SG,2025-04-14 13:00:00,PAYROLL
EVT00101794,2025-04-01,EMP01599,CC0086,EX,1,Leave Return,,EUR,FR,2025-04-01 12:00:00,PAYROLL
EVT00103326,2025-04-17,EMP04533,CC0087,PA,4,Step Increment,79396.17,CAD,CAN,2025-04-18 12:00:00,CORE_HR
EVT00102030,2025-04-24,EMP04440,CC0028,IT,2,Leave Return,,CAD,CA,2025-04-24 12:00:00,PAYROLL
EVT00103086,2025-04-14,EMP04811,CC0071,PA,3,Step Increment,94410.93,CAD,CAN,2025-04-15 00:00:00,CORE_HR
EVT00102082,2025-04-14,EMP01933,CC0100,CR,2,Step Increment,66649.08,CAD,CAN,2025-04-14 22:00:00,CORE_HR
EVT00102999,2025-04-24,EMP03504,CC0108,PA,2,Hire,208139.53,AED,AE,2025-04-24 07:00:00,PAYROLL
EVT00101893,2025-04-12,EMP00966,CC0104,IT,5,Performance Pay,18040.31,CAD,CAN,2025-04-13 14:00:00,CORE_HR
EVT00103085,2025-04-04,EMP02214,CC0020,EN,3,Leave Return,,CAD,CA,2025-04-04 17:00:00,PAYROLL
EVT00101547,2025-04-15,EMP01750,CC0115,EX,1,Performance Pay,18509.35,CAD,CA,2025-04-16 01:00:00,PAYROLL
EVT00102116,2025-04-07,EMP04520,CC0057,PA,3,Leave Return,,CAD,CA,2025-04-07 14:00:00,PAYROLL
EVT00101441,2025-04-14,EMP01004,CC0016,CR,2,Leave Start,,CAD,CA,2025-04-14 21:00:00,PAYROLL
EVT00101834,2025-04-03,EMP02469,CC0096,CR,5,Step Increment,78122.09,CAD,CAN,2025-04-03 06:00:00,CORE_HR
EVT00102953,2025-04-24,EMP02352,CC0053,AS,3,Promotion,71214.89,CAD,CA,2025-04-25 04:00:00,PAYROLL
EVT00102093,2025-04-24,EMP04907,CC0023,EX,1,Leave Return,,CAD,CA,2025-04-24 07:00:00,PAYROLL
EVT00102143,2025-04-07,EMP01487,CC0075,CR,5,Performance Pay,8346.82,CAD,CA,2025-04-10 16:00:00,PAYROLL
EVT00103379,2025-04-13,EMP01733,CC0031,EX,1,Hire,109170.59,EUR,FR,2025-04-14 03:00:00,PAYROLL
EVT00103278,2025-04-24,EMP01264,CC0010,IT,2,Step Increment,104346.13,CAD,CA,2025-04-25 03:00:00,PAYROLL
EVT00102538,2025-04-16,EMP04577,CC0064,EC,2,Performance Pay,9852.63,CAD,CAN,2025-04-16 07:00:00,CORE_HR
EVT00101926,2025-04-11,EMP00903,CC0093,IT,4,Leave Start,,CAD,CAN,2025-04-12 12:00:00,CORE_HR
EVT00101639,2025-04-27,EMP01499,CC0010,PA,2,Leave Return,,CAD,CA,2025-04-27 21:00:00,PAYROLL
EVT00103226,2025-04-03,EMP04520,CC0057,PA,3,Step Increment,92623.16,CAD,CA,2025-04-03 20:00:00,PAYROLL
EVT00102162,2025-04-08,EMP04436,CC0080,EX,1,Lateral Deployment,,AED,ARE,2025-04-08 11:00:00,CORE_HR
EVT00101809,2025-04-17,EMP01444,CC0003,PA,4,Step Increment,102996.61,CAD,CAN,2025-04-18 13:00:00,CORE_HR
EVT00101789,2025-04-09,EMP04430,CC0087,EN,4,Lateral Deployment,,CAD,CA,2025-04-09 11:00:00,PAYROLL
EVT00102026,2025-04-18,EMP04035,CC0107,EC,2,Hire,103548.72,CAD,CAN,2025-04-19 00:00:00,CORE_HR
EVT00103271,2025-04-05,EMP05022,CC0090,IT,3,Step Increment,86658.12,CAD,CAN,2025-04-05 22:00:00,CORE_HR
EVT00102469,2025-04-06,EMP03406,CC0045,EC,5,Step Increment,123661.28,CAD,CAN,2025-04-06 22:00:00,CORE_HR
EVT00101777,2025-04-22,EMP00418,CC0045,AS,3,Departure,,CAD,CAN,2025-04-23 06:00:00,CORE_HR
EVT00101700,2025-04-01,EMP00476,CC0050,EC,2,Step Increment,96841.4,CAD,CAN,2025-04-02 02:00:00,CORE_HR
EVT00103547,2025-04-16,EMP03293,CC0048,FI,3,Lateral Deployment,,CAD,CAN,2025-04-17 10:00:00,CORE_HR
EVT00101561,2025-04-17,EMP04174,CC0067,AS,2,Performance Pay,9124.48,CAD,CA,2025-04-17 08:00:00,PAYROLL
EVT00103026,2025-04-09,EMP02186,CC0044,EC,2,Step Increment,91983.68,CAD,CAN,2025-04-10 05:00:00,CORE_HR
EVT00103307,2025-04-03,EMP02387,CC0022,AS,2,Step Increment,50809.99,CAD,CA,2025-04-03 23:00:00,PAYROLL
EVT00101489,2025-04-06,EMP00523,CC0098,FI,3,Step Increment,81697.13,CAD,CA,2025-04-07 05:00:00,PAYROLL
EVT00102078,2025-04-13,EMP04219,CC0042,CR,1,Step Increment,53626.3,CAD,CAN,2025-04-13 11:00:00,CORE_HR
EVT00103342,2025-04-18,EMP00493,CC0034,PA,5,Performance Pay,12213.35,CAD,CAN,2025-04-19 02:00:00,CORE_HR
EVT00103501,2025-04-05,EMP05164,CC0116,PA,3,Step Increment,79236.67,CAD,CAN,2025-04-05 13:00:00,CORE_HR
EVT00102673,2025-04-11,EMP00886,CC0055,PA,1,Leave Return,,CAD,CAN,2025-04-12 01:00:00,CORE_HR
EVT00102271,2025-04-13,EMP04923,CC0020,PA,2,Departure,,CAD,CA,2025-04-13 16:00:00,PAYROLL
EVT00102884,2025-04-09,EMP00321,CC0087,CR,2,Hire,61482.13,CAD,CA,2025-04-09 08:00:00,PAYROLL
EVT00102782,2025-04-20,EMP01889,CC0008,PA,5,Leave Start,,CAD,CA,2025-04-21 03:00:00,PAYROLL
EVT00102138,2025-04-22,EMP02516,CC0016,EX,1,Leave Start,,CAD,CAN,2025-04-22 10:00:00,CORE_HR
EVT00103182,2025-04-21,EMP02838,CC0047,FI,4,Step Increment,107295.04,CAD,CAN,2025-04-22 10:00:00,CORE_HR
EVT00103268,2025-04-26,EMP01390,CC0046,AS,4,Step Increment,10623909.6,KES,KE,2025-04-26 15:00:00,PAYROLL
EVT00102557,2025-04-25,EMP04687,CC0059,CR,3,Step Increment,69366.46,CAD,CAN,2025-04-25 16:00:00,CORE_HR
EVT00102798,2025-04-22,EMP03772,CC0031,IT,1,Lateral Deployment,,SGD,SG,2025-04-23 06:00:00,PAYROLL
EVT00103243,2025-04-09,EMP01360,CC0049,AS,5,Step Increment,63779.56,SGD,SG,2025-04-10 07:00:00,PAYROLL
EVT00101704,2025-04-10,EMP01701,CC0004,AS,1,Leave Start,,CAD,CA,2025-04-11 03:00:00,PAYROLL
EVT00103154,2025-04-14,EMP04871,CC0105,FI,1,Step Increment,46524.13,GBP,GBR,2025-04-14 22:00:00,CORE_HR
EVT00102525,2025-04-26,EMP04784,CC0036,FI,2,Promotion,85027.32,CAD,CA,2025-04-26 18:00:00,PAYROLL
EVT00102176,2025-04-15,EMP03830,CC0009,PA,3,Lateral Deployment,,USD,US,2025-04-16 05:00:00,PAYROLL
EVT00103400,2025-04-24,EMP01991,CC0102,PA,2,Step Increment,77706.38,CAD,CAN,2025-04-25 02:00:00,CORE_HR
EVT00102243,2025-04-21,EMP01490,CC0062,EN,2,Leave Start,,CAD,CAN,2025-04-21 15:00:00,CORE_HR
EVT00102396,2025-04-01,EMP01382,CC0054,EX,3,Step Increment,477449.38,AED,ARE,2025-04-01 20:00:00,CORE_HR
EVT00102215,2025-04-24,EMP00046,CC0027,PA,2,Lateral Deployment,,CAD,CAN,2025-04-24 17:00:00,CORE_HR
EVT00101799,2025-04-26,EMP01790,CC0037,IT,2,Leave Return,,CAD,CAN,2025-04-27 04:00:00,CORE_HR
EVT00101595,2025-04-06,EMP03214,CC0075,IT,2,Performance Pay,11921.52,CAD,CAN,2025-04-07 12:00:00,CORE_HR
EVT00102487,2025-04-05,EMP00959,CC0073,AS,2,Performance Pay,8244.36,CAD,CAN,2025-04-06 05:00:00,CORE_HR
EVT00101532,2025-04-21,EMP03642,CC0037,EC,1,Leave Start,,CAD,CA,2025-04-22 00:00:00,PAYROLL
EVT00102311,2025-04-03,EMP04081,CC0028,PA,2,Performance Pay,8684.9,CAD,CA,2025-04-03 23:00:00,PAYROLL
EVT00102260,2025-04-01,EMP05004,CC0113,PA,1,Step Increment,67389.21,CAD,CA,2025-04-02 11:00:00,PAYROLL
EVT00103472,2025-04-12,EMP03368,CC0050,CR,4,Step Increment,73510.54,CAD,CAN,2025-04-12 17:00:00,CORE_HR
EVT00101712,2025-04-23,EMP02848,CC0016,PA,1,Step Increment,64599.52,CAD,CAN,2025-04-23 19:00:00,CORE_HR
EVT00102720,2025-04-06,EMP02811,CC0023,IT,2,Lateral Deployment,,CAD,CAN,2025-04-07 10:00:00,CORE_HR
EVT00101588,2025-04-17,EMP02431,CC0040,PA,1,Performance Pay,5218.77,CAD,CA,2025-04-17 11:00:00,PAYROLL
EVT00102190,2025-04-18,EMP01939,CC0071,IT,2,Step Increment,102972.83,CAD,CA,2025-04-18 11:00:00,PAYROLL
EVT00103378,2025-04-24,EMP02824,CC0063,PA,1,Step Increment,63559.94,CAD,CAN,2025-04-25 08:00:00,CORE_HR
EVT00101615,2025-04-23,EMP01102,CC0036,CR,3,Leave Start,,CAD,CAN,2025-04-23 16:00:00,CORE_HR
EVT00102167,2025-04-14,EMP04900,CC0051,PA,3,Performance Pay,6468.77,CAD,CA,2025-04-14 21:00:00,PAYROLL
EVT00102101,2025-04-13,EMP03122,CC0058,EN,2,Step Increment,108540.95,CAD,CA,2025-04-13 23:00:00,PAYROLL
EVT00103406,2025-04-18,EMP02004,CC0062,EC,5,Lateral Deployment,,CAD,CA,2025-04-18 20:00:00,PAYROLL
EVT00103358,2025-04-17,EMP04109,CC0034,PA,1,Leave Start,,CAD,CAN,2025-04-18 08:00:00,CORE_HR
EVT00101593,2025-04-04,EMP02808,CC0009,AS,2,Step Increment,202819.86,BRL,BR,2025-04-04 08:00:00,PAYROLL
EVT00103038,2025-04-27,EMP03051,CC0094,EN,2,Step Increment,88685.46,CAD,CAN,2025-04-28 01:00:00,CORE_HR
EVT00102718,2025-04-12,EMP05091,CC0063,AS,4,Step Increment,90448.69,CAD,CA,2025-04-14 07:00:00,PAYROLL
EVT00101637,2025-04-20,EMP03104,CC0045,IT,3,Leave Return,,CAD,CAN,2025-04-20 09:00:00,CORE_HR
EVT00103157,2025-04-20,EMP02131,CC0033,IT,2,Lateral Deployment,,CAD,CAN,2025-04-20 10:00:00,CORE_HR
EVT00102983,1900-01-01,EMP03735,CC0060,PA,1,Step Increment,73765.85,CAD,CA,2025-04-26 06:00:00,PAYROLL
EVT00103426,2025-04-02,EMP00886,CC0055,PA,1,Hire,66787.85,CAD,CA,2025-04-02 23:00:00,PAYROLL
EVT00103553,2025-04-22,EMP00085,CC0009,IT,2,Step Increment,80619.34,USD,US,2025-04-22 17:00:00,PAYROLL
EVT00101537,2025-04-22,EMP04900,CC0051,PA,3,Departure,,CAD,CAN,2025-04-23 13:00:00,CORE_HR
EVT00101518,2025-04-16,EMP03205,CC0115,IT,2,Performance Pay,6717.65,CAD,CAN,2025-04-16 06:00:00,CORE_HR
EVT00102902,2025-04-18,EMP00637,CC0113,PA,2,Leave Return,,CAD,CAN,2025-04-18 20:00:00,CORE_HR
EVT00103408,2025-04-10,EMP01207,CC0016,AS,3,Step Increment,97096.23,CAD,CAN,2025-04-10 08:00:00,CORE_HR
EVT00102192,2025-04-04,EMP00285,CC0046,EN,3,Step Increment,95517.18,EUR,DEU,2025-04-05 00:00:00,CORE_HR
EVT00101498,2025-04-05,EMP02042,CC0015,EN,2,Leave Return,,CAD,CAN,2025-04-06 02:00:00,CORE_HR
EVT00102315,2025-04-03,EMP02449,CC0023,FI,2,Lateral Deployment,,CAD,CA,2025-04-03 23:00:00,PAYROLL
EVT00101575,2025-04-27,EMP02078,CC0048,IT,3,Performance Pay,8326.94,CAD,CAN,2025-04-28 13:00:00,CORE_HR
EVT00102083,2025-04-23,EMP00369,CC0117,EX,1,Step Increment,154716.48,CAD,CAN,2025-04-24 11:00:00,CORE_HR
EVT00101971,2025-04-23,EMP04276,CC0018,AS,2,Step Increment,65898.1,CAD,CAN,2025-04-23 22:00:00,CORE_HR
EVT00101633,2025-04-03,EMP01933,CC0100,CR,2,Performance Pay,3319.29,CAD,CAN,2025-04-04 12:00:00,CORE_HR
EVT00102056,2025-04-04,EMP02535,CC0027,PA,2,Lateral Deployment,,CAD,CAN,2025-04-05 04:00:00,CORE_HR
EVT00103452,2025-04-08,EMP00354,CC0041,IT,2,Hire,96624.52,CAD,CA,2025-04-08 09:00:00,PAYROLL
EVT00103037,2025-04-20,EMP03576,CC0043,CR,4,Leave Return,,CAD,CA,2025-04-21 15:00:00,PAYROLL
EVT00102036,2025-04-23,EMP00892,CC0093,EN,1,Leave Start,,CAD,CAN,2025-04-23 09:00:00,CORE_HR
EVT00103314,2025-04-23,EMP01003,CC0013,CR,2,Step Increment,65653.48,CAD,CA,2025-04-23 17:00:00,PAYROLL
EVT00102300,2025-04-20,EMP01015,CC0027,CR,2,Step Increment,76890.26,CAD,CAN,2025-04-21 06:00:00,CORE_HR
EVT00101677,2025-04-01,EMP03109,CC0093,EX,2,Lateral Deployment,,CAD,CA,2025-04-02 02:00:00,PAYROLL
EVT00103217,2025-04-13,EMP04747,CC0018,PA,3,Step Increment,82635.05,CAD,CA,2025-04-13 06:00:00,PAYROLL
EVT00103060,2025-04-18,EMP01523,CC0066,IT,3,Step Increment,112153.78,CAD,CA,2025-04-18 08:00:00,PAYROLL
EVT00102764,2025-04-04,EMP01031,CC0108,EX,2,Step Increment,127997.05,SGD,SG,2025-04-04 22:00:00,PAYROLL
EVT00103118,2025-04-20,EMP00071,CC0081,EX,2,Step Increment,167324.88,CAD,CA,2025-04-20 09:00:00,PAYROLL
EVT00103003,2025-04-04,EMP02714,CC0105,EX,2,Step Increment,108778.39,SGD,SG,2025-04-04 19:00:00,PAYROLL
EVT00102931,2025-04-16,EMP01068,CC0063,IT,2,Step Increment,107290.6,CAD,CA,2025-04-16 10:00:00,PAYROLL
EVT00102084,2025-04-27,EMP04124,CC0037,EX,2,Step Increment,127888.73,CAD,CA,2025-04-27 21:00:00,PAYROLL
EVT00102632,2025-04-06,EMP00035,CC0068,PA,4,Leave Return,,CAD,CAN,2025-04-06 16:00:00,CORE_HR
EVT00102819,2025-04-15,EMP01075,CC0094,PA,2,Hire,71825.92,CAD,CA,2025-04-15 19:00:00,PAYROLL
EVT00101972,2025-04-07,EMP02332,CC0117,IT,2,Promotion,94142.59,CAD,CA,2025-04-08 14:00:00,PAYROLL
EVT00101456,2025-04-23,EMP00405,CC0033,PA,3,Leave Return,,CAD,CAN,2025-04-23 14:00:00,CORE_HR
EVT00102608,2025-04-27,EMP04523,CC0108,IT,1,Hire,314515.05,BRL,BRA,2025-04-28 04:00:00,CORE_HR
EVT00102783,2025-04-24,EMP02147,CC0016,PA,3,Performance Pay,5017.77,CAD,CA,2025-04-25 07:00:00,PAYROLL
EVT00103398,2025-04-24,EMP01143,CC0079,IT,3,Leave Return,,CAD,CA,2025-04-25 14:00:00,PAYROLL
EVT00101860,2025-04-06,EMP00157,CC0016,PA,3,Leave Start,,CAD,CA,2025-04-06 12:00:00,PAYROLL
EVT00102424,2025-04-13,EMP04007,CC0027,IT,3,Performance Pay,11672.09,CAD,CA,2025-04-14 08:00:00,PAYROLL
EVT00103288,2025-04-11,EMP01137,CC0098,PA,3,Step Increment,82316.49,CAD,CA,2025-04-11 10:00:00,PAYROLL
EVT00103552,2025-04-22,EMP02980,CC0093,CR,1,Lateral Deployment,,CAD,CAN,2025-04-23 07:00:00,CORE_HR
EVT00101744,2025-04-26,EMP00511,CC0036,EC,3,Leave Start,,CAD,CA,2025-04-26 11:00:00,PAYROLL
EVT00102452,2025-04-14,EMP01958,CC0076,EN,2,Departure,,CAD,CAN,2025-04-14 06:00:00,CORE_HR
EVT00101949,2025-04-14,EMP04128,CC0051,IT,2,Performance Pay,13448.45,CAD,CA,2025-04-15 01:00:00,PAYROLL
EVT00103232,2025-04-01,EMP04093,CC0015,EN,4,Performance Pay,6527.07,CAD,CAN,2025-04-01 13:00:00,CORE_HR
EVT00103464,2025-04-08,EMP02587,CC0092,FI,1,Promotion,82632.81,CAD,CA,2025-04-08 18:00:00,PAYROLL
EVT00103253,2025-04-06,EMP00458,CC0115,EN,1,Step Increment,88699.18,CAD,CAN,2025-04-06 16:00:00,CORE_HR
EVT00102535,2025-04-18,EMP00015,CC0068,IT,4,Step Increment,138852.28,CAD,CAN,2025-04-18 11:00:00,CORE_HR
EVT00101581,2025-04-09,EMP02679,CC0063,EX,1,Performance Pay,18424.61,CAD,CAN,2025-04-09 17:00:00,CORE_HR
EVT00102634,2025-04-19,EMP04984,CC0017,AS,4,Leave Start,,CAD,CA,2025-04-19 20:00:00,PAYROLL
EVT00102412,2025-04-03,EMP05139,CC0055,EN,2,Leave Start,,CAD,CA,2025-04-04 08:00:00,PAYROLL
EVT00103523,2025-04-04,EMP01468,CC0102,EC,4,Departure,,CAD,CAN,2025-04-04 23:00:00,CORE_HR
EVT00103040,2025-04-07,EMP00873,CC0058,FI,2,Step Increment,83348.4,CAD,CAN,2025-04-08 05:00:00,CORE_HR
EVT00103525,2025-04-26,EMP04329,CC0024,PA,1,Leave Return,,CAD,CAN,2025-04-27 14:00:00,CORE_HR
EVT00103083,2025-04-03,EMP02608,CC0057,PA,1,Step Increment,61904.94,CAD,CAN,2025-04-03 19:00:00,CORE_HR
EVT00102768,2025-04-12,EMP01300,CC0091,EX,1,Hire,123634.63,CAD,CAN,2025-04-12 18:00:00,CORE_HR
EVT00102200,2025-04-20,EMP02870,CC0015,CR,3,Performance Pay,3195.96,CAD,CA,2025-04-20 19:00:00,PAYROLL
EVT00101984,2025-04-26,EMP02834,CC0080,CR,1,Step Increment,3482821.6,INR,IND,2025-04-27 07:00:00,CORE_HR
EVT00103530,2025-04-10,EMP00611,CC0082,IT,2,Performance Pay,10796.82,CAD,CAN,2025-04-10 11:00:00,CORE_HR
EVT00102479,2025-04-27,EMP02546,CC0061,CR,5,Step Increment,87792.85,CAD,CAN,2025-04-27 12:00:00,CORE_HR
EVT00102403,2025-04-14,EMP00490,CC0070,PA,2,Performance Pay,10472.86,CAD,CAN,2025-04-14 23:00:00,CORE_HR
EVT00103468,2025-04-06,EMP05196,CC0004,EX,1,Step Increment,156723.78,CAD,CA,2025-04-07 13:00:00,PAYROLL
EVT00103389,2025-04-04,EMP02236,CC0048,EX,2,Step Increment,157494.66,CAD,CAN,2025-04-04 15:00:00,CORE_HR
EVT00103433,2025-04-11,EMP04524,CC0010,EX,1,Leave Start,,CAD,CAN,2025-04-11 16:00:00,CORE_HR
EVT00101649,2025-04-17,EMP01129,CC0028,CR,2,Leave Return,,CAD,CA,2025-04-18 02:00:00,PAYROLL
EVT00101499,2025-04-23,EMP02475,CC0050,AS,4,Step Increment,81670.88,CAD,CAN,2025-04-24 11:00:00,CORE_HR
EVT00102148,2025-04-02,EMP04567,CC0006,EX,1,Promotion,181611.93,CAD,CAN,2025-04-02 08:00:00,CORE_HR
EVT00102077,2025-04-21,EMP03101,CC0014,PA,1,Step Increment,61310.62,CAD,CA,2025-04-22 15:00:00,PAYROLL
EVT00103165,2025-04-27,EMP03498,CC0052,AS,1,Departure,,CAD,CAN,2025-04-27 16:00:00,CORE_HR
EVT00103540,2025-04-03,EMP00627,CC0014,CR,3,Hire,63671.51,CAD,CAN,2025-04-03 16:00:00,CORE_HR
EVT00101564,2025-04-19,EMP03060,CC0014,PA,1,Departure,,CAD,CAN,2025-04-20 00:00:00,CORE_HR
EVT00102642,2025-04-01,EMP03932,CC0105,CR,1,Leave Start,,SGD,SG,2025-04-02 06:00:00,PAYROLL
EVT00102684,2025-04-10,EMP04878,CC0090,EN,3,Performance Pay,5625.56,CAD,CAN,2025-04-11 11:00:00,CORE_HR
EVT00102497,2025-04-23,EMP00652,CC0073,IT,4,Hire,138600.68,CAD,CA,2025-04-23 22:00:00,PAYROLL
EVT00102295,2025-04-26,EMP00654,CC0068,EN,1,Performance Pay,7128.78,CAD,CAN,2025-04-27 04:00:00,CORE_HR
EVT00103349,2025-04-05,EMP01359,CC0043,PA,1,Step Increment,64254.89,CAD,CA,2025-04-06 11:00:00,PAYROLL
EVT00101592,2025-04-03,EMP01013,CC0076,AS,1,Performance Pay,3203.94,CAD,CA,2025-04-03 22:00:00,PAYROLL
EVT00103425,2025-04-22,EMP00844,CC0073,EN,3,Step Increment,118719.54,CAD,CAN,2025-04-23 11:00:00,CORE_HR
EVT00103166,2025-04-17,EMP02529,CC0036,EN,3,Performance Pay,11402.12,CAD,CAN,2025-04-17 18:00:00,CORE_HR
EVT00101565,2025-04-10,EMP01550,CC0034,PA,1,Step Increment,72318.92,CAD,CA,2025-04-11 11:00:00,PAYROLL
EVT00101501,2025-04-20,EMP03550,CC0022,CR,2,Step Increment,67765.26,CAD,CAN,2025-04-20 21:00:00,CORE_HR
EVT00103301,2025-04-17,EMP04059,CC0118,FI,1,Leave Return,,CAD,CAN,2025-04-17 21:00:00,CORE_HR
EVT00102232,2025-04-19,EMP03336,CC0027,AS,1,Leave Start,,CAD,CA,2025-04-20 14:00:00,PAYROLL
EVT00101982,2025-04-22,EMP04102,CC0094,PA,3,Leave Start,,CAD,CAN,2025-04-22 07:00:00,CORE_HR
EVT00103096,2025-04-09,EMP99999,CC0059,CR,2,Leave Return,,CAD,CAN,2025-04-10 01:00:00,CORE_HR
EVT00101527,2025-04-08,EMP03811,CC0043,AS,2,Step Increment,71708.23,CAD,CAN,2025-04-08 09:00:00,CORE_HR
EVT00101605,2025-04-26,EMP01207,CC0016,AS,3,Promotion,79700.81,CAD,CA,2025-04-27 03:00:00,PAYROLL
EVT00102878,2025-04-20,EMP02159,CC0079,EX,1,Step Increment,140297.46,CAD,CA,2025-04-20 12:00:00,PAYROLL
EVT00102647,2025-04-24,EMP05117,CC0050,PA,2,Performance Pay,9435.72,CAD,CA,2025-04-24 20:00:00,PAYROLL
EVT00101813,2025-04-13,EMP01764,CC0064,EN,5,Step Increment,159175.19,CAD,CAN,2025-04-14 06:00:00,CORE_HR
EVT00103227,2025-04-18,EMP01263,CC0067,AS,2,Leave Start,,CAD,CAN,2025-04-18 17:00:00,CORE_HR
EVT00102000,2025-04-15,EMP00014,CC0012,PA,3,Performance Pay,7613.63,CAD,CAN,2025-04-16 03:00:00,CORE_HR
EVT00102506,2025-04-04,EMP02128,CC0061,PA,1,Leave Start,,CAD,CAN,2025-04-05 07:00:00,CORE_HR
EVT00101752,2025-04-11,EMP04253,CC0016,PA,2,Step Increment,88947.86,CAD,CAN,2025-04-11 09:00:00,CORE_HR
EVT00101932,2025-04-23,EMP00829,CC0051,IT,4,Step Increment,120632.88,CAD,CAN,2025-04-23 17:00:00,CORE_HR
EVT00101911,2025-04-04,EMP02561,CC0027,EC,1,Performance Pay,10943.87,CAD,CAN,2025-04-04 21:00:00,CORE_HR
EVT00102110,2025-04-23,EMP00219,CC0096,PA,4,Leave Return,,CAD,CAN,2025-04-23 13:00:00,CORE_HR
EVT00103272,2025-04-19,EMP01988,CC0081,EX,3,Leave Return,,CAD,CA,2025-04-19 17:00:00,PAYROLL
EVT00101462,2025-04-07,EMP02589,CC0093,AS,3,Step Increment,83733.48,CAD,CAN,2025-04-07 10:00:00,CORE_HR
EVT00102440,2025-04-18,EMP03063,CC0065,PA,2,Step Increment,4377187.73,INR,IN,2025-04-19 05:00:00,PAYROLL
EVT00102087,2025-04-27,EMP00142,CC0078,FI,4,Departure,,CAD,CAN,2025-04-27 11:00:00,CORE_HR
EVT00103413,2025-04-10,EMP01626,CC0012,EC,2,Leave Start,,CAD,CA,2025-04-11 14:00:00,PAYROLL
EVT00101730,2025-04-18,EMP02516,CC0016,EX,1,Leave Return,,CAD,CA,2025-04-18 07:00:00,PAYROLL
EVT00102614,2025-04-07,EMP02057,CC0109,IT,3,Departure,,CAD,CAN,2025-04-08 07:00:00,CORE_HR
EVT00101967,2025-04-15,EMP00443,CC0094,EC,1,Leave Return,,CAD,CA,2025-04-16 09:00:00,PAYROLL
EVT00103302,2025-04-15,EMP02945,CC0027,IT,1,Hire,91018.08,CAD,CAN,2025-04-15 07:00:00,CORE_HR
EVT00101814,2025-04-25,EMP05062,CC0075,AS,2,Departure,,CAD,CAN,2025-04-26 13:00:00,CORE_HR
EVT00101523,2025-04-26,EMP00872,CC0004,IT,4,Lateral Deployment,,CAD,CAN,2025-04-27 14:00:00,CORE_HR
EVT00102606,2025-04-09,EMP02078,CC0048,IT,3,Promotion,118699.2,CAD,CA,2025-04-09 22:00:00,PAYROLL
EVT00101831,2025-04-23,EMP04416,CC0051,EC,2,Step Increment,102796.42,CAD,CA,2025-04-23 23:00:00,PAYROLL
EVT00102934,2025-04-06,EMP05120,CC0060,EX,1,Departure,,CAD,CAN,2025-04-06 17:00:00,CORE_HR
EVT00102808,2025-04-12,EMP03429,CC0058,AS,5,Step Increment,88197.3,CAD,CAN,2025-04-12 10:00:00,CORE_HR
EVT00101576,2025-04-19,EMP03856,CC0056,AS,5,Performance Pay,10111.44,CAD,CA,2025-04-19 16:00:00,PAYROLL
EVT00103443,2025-04-14,EMP01800,CC0006,PA,1,Step Increment,78230.46,CAD,CAN,2025-04-15 09:00:00,CORE_HR
EVT00102911,2025-04-01,EMP03233,CC0101,FI,3,Hire,79682.81,CAD,CA,2025-04-01 19:00:00,PAYROLL
EVT00102396,2025-04-01,EMP01382,CC0054,EX,3,Step Increment,477449.38,AED,ARE,2025-04-02 03:00:00,CORE_HR
EVT00102901,2025-04-11,EMP04040,CC0045,EX,2,Performance Pay,8394.4,CAD,CAN,2025-04-12 07:00:00,CORE_HR
EVT00102815,2025-04-12,EMP00101,CC0055,CR,3,Lateral Deployment,,CAD,CAN,2025-04-13 14:00:00,CORE_HR
EVT00101648,2025-04-08,EMP01689,CC0062,PA,3,Leave Return,,CAD,CA,2025-04-08 10:00:00,PAYROLL
EVT00102157,2025-04-14,EMP04462,CC0069,IT,1,Step Increment,-105966.99,CAD,CAN,2025-04-15 15:00:00,CORE_HR
EVT00101961,2025-04-11,EMP02050,CC0025,FI,3,Leave Return,,CAD,CA,2025-04-11 09:00:00,PAYROLL
EVT00101689,2025-04-27,EMP01955,CC0026,AS,1,Performance Pay,4828.18,CAD,CAN,2025-04-27 18:00:00,CORE_HR
EVT00102259,2025-04-03,EMP01823,CC0075,FI,1,Performance Pay,4884.26,CAD,CA,2025-04-03 22:00:00,PAYROLL
EVT00102655,2025-04-17,EMP02581,CC0049,PA,1,Departure,,MXN,MX,2025-04-18 09:00:00,PAYROLL
EVT00101918,2025-04-27,EMP01705,CC0018,PA,3,Leave Start,,CAD,CA,2025-04-28 00:00:00,PAYROLL
EVT00103354,2025-04-16,EMP04021,CC0096,FI,3,Performance Pay,7541.62,CAD,CAN,2025-04-17 05:00:00,CORE_HR
EVT00101876,2025-04-18,EMP01964,CC0115,EC,4,Hire,124441.72,CAD,CAN,2025-04-18 10:00:00,CORE_HR
EVT00101538,2025-04-18,EMP04669,CC0047,AS,1,Hire,77318.65,CAD,CAN,2025-04-18 07:00:00,CORE_HR
EVT00103135,2025-04-06,EMP01013,CC0076,AS,1,Step Increment,61140.68,CAD,CAN,2025-04-06 06:00:00,CORE_HR
EVT00102827,2025-04-25,EMP01887,CC0038,PA,3,Promotion,67535.93,CAD,CAN,2025-04-26 07:00:00,CORE_HR
EVT00102473,2025-04-04,EMP02049,CC0107,AS,1,Leave Return,,CAD,CA,2025-04-04 16:00:00,PAYROLL
EVT00102125,2025-04-24,EMP02745,CC0079,AS,2,Leave Return,,CAD,CAN,2025-04-24 23:00:00,CORE_HR
EVT00101760,2025-04-12,EMP03960,CC0057,PA,5,Leave Start,,CAD,CA,2025-04-13 04:00:00,PAYROLL
EVT00102423,2025-04-12,EMP02038,CC0001,FI,1,Leave Return,,CAD,CA,2025-04-12 23:00:00,PAYROLL
EVT00102596,2025-04-22,EMP04678,CC0020,EC,2,Lateral Deployment,,CAD,CA,2025-04-22 18:00:00,PAYROLL
EVT00103142,2025-04-23,EMP02407,CC0065,EC,4,Leave Return,,AED,AE,2025-04-23 09:00:00,PAYROLL
EVT00101764,2025-04-21,EMP05058,CC0044,PA,2,Leave Return,,CAD,CA,2025-04-21 23:00:00,PAYROLL
EVT00101681,2025-04-07,EMP04528,CC0012,EC,2,Step Increment,87508.96,CAD,CAN,2025-04-08 03:00:00,CORE_HR
EVT00102816,2025-04-10,EMP00525,CC0098,AS,1,Performance Pay,5452.52,CAD,CAN,2025-04-11 14:00:00,CORE_HR
EVT00103357,2025-04-27,EMP03667,CC0095,EN,1,Performance Pay,6616.74,CAD,CAN,2025-04-27 23:00:00,CORE_HR
EVT00102428,2025-04-04,EMP01949,CC0050,PA,2,Leave Start,,CAD,CA,2025-04-05 06:00:00,PAYROLL
EVT00102646,2025-04-22,EMP01999,CC0120,EN,3,Leave Start,,CAD,CAN,2025-04-23 11:00:00,CORE_HR
EVT00103258,2025-04-22,EMP01948,CC0006,CR,4,Performance Pay,4860.09,CAD,CAN,2025-04-23 14:00:00,CORE_HR
EVT00102366,2025-04-01,EMP00725,CC0089,EN,3,Performance Pay,12505.67,CAD,CAN,2025-04-02 07:00:00,CORE_HR
EVT00101430,2025-04-12,EMP03076,CC0015,FI,1,Leave Start,,CAD,CAN,2025-04-12 18:00:00,CORE_HR
EVT00101603,2025-04-24,EMP01098,CC0111,PA,3,Leave Return,,MXN,MEX,2025-04-24 11:00:00,CORE_HR
EVT00102068,2025-04-19,EMP02936,CC0030,FI,2,Lateral Deployment,,AUD,AU,2025-04-19 22:00:00,PAYROLL
EVT00102711,2025-04-02,EMP01162,CC0031,AS,2,Step Increment,-61030.5,USD,US,2025-04-02 23:00:00,PAYROLL
EVT00103120,2025-04-16,EMP01585,CC0045,EC,3,Leave Start,,CAD,CA,2025-04-17 02:00:00,PAYROLL
EVT00102047,2025-04-02,EMP01017,CC0104,PA,4,Leave Start,,CAD,CAN,2025-04-03 00:00:00,CORE_HR
EVT00103196,2025-04-23,EMP01231,CC0036,EX,1,Leave Return,,CAD,CAN,2025-04-24 03:00:00,CORE_HR
EVT00101623,2025-04-26,EMP04981,CC0105,EX,2,Leave Start,,AED,AE,2025-04-26 17:00:00,PAYROLL
EVT00102130,2025-04-16,EMP02718,CC0073,EN,5,Promotion,141431.45,CAD,CAN,2025-04-16 16:00:00,CORE_HR
EVT00101453,2025-04-22,EMP00607,CC0094,EN,2,Step Increment,104165.78,CAD,CAN,2025-04-23 11:00:00,CORE_HR
EVT00102272,2025-04-02,EMP02992,CC0116,IT,3,Lateral Deployment,,CAD,CAN,2025-04-02 14:00:00,CORE_HR
EVT00101800,2025-04-02,EMP04350,CC0019,EX,2,Leave Start,,CAD,CAN,2025-04-03 15:00:00,CORE_HR
EVT00103035,2025-04-27,EMP04441,CC0101,EC,2,Step Increment,94245.32,CAD,CAN,2025-04-28 04:00:00,CORE_HR
EVT00103325,2025-04-05,EMP01820,CC0086,EC,3,Step Increment,223123.11,AED,ARE,2025-04-05 18:00:00,CORE_HR
EVT00102410,2025-04-14,EMP02794,CC0035,EC,2,Performance Pay,4997.26,CAD,CA,2025-04-15 11:00:00,PAYROLL
EVT00102290,2025-04-02,EMP00649,CC0075,PA,1,Step Increment,61310.11,CAD,CA,2025-04-03 02:00:00,PAYROLL
EVT00101611,2025-04-24,EMP03619,CC0073,EX,1,Lateral Deployment,,CAD,CAN,2025-04-25 01:00:00,CORE_HR
EVT00102682,2025-04-17,EMP00307,CC0080,FI,1,Step Increment,9157783.42,KES,KE,2025-04-17 10:00:00,PAYROLL
EVT00102076,2025-04-03,EMP02457,CC0078,CR,2,Leave Start,,CAD,CA,2025-04-04 15:00:00,PAYROLL
EVT00102818,2025-04-02,EMP00438,CC0108,EX,1,Lateral Deployment,,USD,US,2025-04-03 08:00:00,PAYROLL
EVT00102774,2025-04-16,EMP02631,CC0102,PA,1,Performance Pay,5806.49,CAD,CA,2025-04-17 02:00:00,PAYROLL
EVT00102408,2025-04-20,EMP02064,CC0049,PA,3,Promotion,74709.06,USD,US,2025-04-20 10:00:00,PAYROLL
EVT00103111,2025-04-22,EMP00800,CC0093,PA,4,Leave Start,,CAD,CAN,2025-04-23 00:00:00,CORE_HR
EVT00101546,2025-04-09,EMP01401,CC0102,EC,2,Performance Pay,6786.73,CAD,CA,2025-04-09 19:00:00,PAYROLL
EVT00102445,2025-04-08,EMP03539,CC0046,PA,2,Leave Return,,EUR,DEU,2025-04-08 17:00:00,CORE_HR
EVT00103409,2025-04-07,EMP00107,CC0031,AS,3,Promotion,112453.15,AUD,AUS,2025-04-07 22:00:00,CORE_HR
EVT00101997,2025-04-21,EMP03711,CC0054,CR,1,Hire,7370260.92,KES,KEN,2025-04-22 01:00:00,CORE_HR
EVT00102267,2025-04-26,EMP03413,CC0033,EN,1,Leave Return,,CAD,CAN,2025-04-27 12:00:00,CORE_HR
EVT00102722,2025-04-08,EMP01635,CC0113,IT,2,Leave Start,,CAD,CAN,2025-04-09 01:00:00,CORE_HR
EVT00101877,2025-04-06,EMP02371,CC0066,FI,3,Step Increment,100759.92,CAD,CAN,2025-04-06 06:00:00,CORE_HR
EVT00102594,2025-04-04,EMP03233,CC0101,FI,3,Step Increment,93793.4,CAD,CA,2025-04-04 22:00:00,PAYROLL
EVT00101627,2025-04-21,EMP04067,CC0097,PA,1,Lateral Deployment,,CAD,CA,2025-04-22 07:00:00,PAYROLL
EVT00101821,2025-04-19,EMP03439,CC0039,IT,3,Step Increment,113083.16,CAD,CA,2025-04-19 19:00:00,PAYROLL
EVT00101937,2025-04-01,EMP01603,CC0018,PA,3,Leave Start,,CAD,CAN,2025-04-01 22:00:00,CORE_HR
EVT00102431,2025-04-10,EMP03172,CC0057,IT,1,Promotion,82149.85,CAD,CAN,2025-04-11 04:00:00,CORE_HR
EVT00103508,2025-04-25,EMP00227,CC0007,FI,1,Leave Start,,JPY,JPN,2025-04-26 10:00:00,CORE_HR
EVT00102180,2025-04-04,EMP03476,CC0029,EC,1,Step Increment,44131.3,GBP,GBR,2025-04-04 19:00:00,CORE_HR
EVT00103098,2025-04-12,EMP04283,CC0118,EC,2,Step Increment,94120.59,CAD,CA,2025-04-12 11:00:00,PAYROLL
EVT00102742,2025-04-13,EMP04281,CC0067,EC,2,Promotion,86594.16,CAD,CAN,2025-04-14 11:00:00,CORE_HR
EVT00103223,2025-04-24,EMP02207,CC0090,IT,1,Step Increment,95010.63,CAD,CAN,2025-04-24 06:00:00,CORE_HR
EVT00102789,2025-04-04,EMP02985,CC0083,AS,1,Leave Start,,CAD,CAN,2025-04-04 15:00:00,CORE_HR
EVT00102288,2025-04-16,EMP03334,CC0087,AS,2,Leave Start,,CAD,CA,2025-04-16 19:00:00,PAYROLL
EVT00103153,2025-04-22,EMP01274,CC0092,PA,4,Step Increment,98732.32,CAD,CAN,2025-04-22 20:00:00,CORE_HR
EVT00102741,2025-04-16,EMP00985,CC0070,IT,1,Performance Pay,5236.87,CAD,CA,2025-04-16 21:00:00,PAYROLL
EVT00101952,2025-04-22,EMP03866,CC0096,AS,2,Lateral Deployment,,CAD,CA,2025-04-23 04:00:00,PAYROLL
EVT00102869,2025-04-08,EMP04243,CC0063,IT,1,Leave Start,,CAD,CAN,2025-04-09 13:00:00,CORE_HR
EVT00102874,2025-04-10,EMP01828,CC0026,PA,4,Performance Pay,6305.58,CAD,CA,2025-04-10 08:00:00,PAYROLL
EVT00101468,2025-04-12,EMP00036,CC0111,PA,3,Step Increment,39996.85,GBP,GBR,2025-04-12 19:00:00,CORE_HR
EVT00103031,2025-04-21,EMP02033,CC0033,IT,1,Departure,,CAD,CAN,2025-04-22 11:00:00,CORE_HR
EVT00103266,2025-04-19,EMP04946,CC0102,PA,3,Performance Pay,11552.44,CAD,CAN,2025-04-22 23:00:00,CORE_HR
EVT00101721,2025-04-22,EMP00564,CC0078,EX,1,Step Increment,173962.7,CAD,CAN,2025-04-22 08:00:00,CORE_HR
EVT00102524,2025-04-03,EMP03353,CC0070,FI,3,Promotion,78422.66,CAD,CA,2025-04-03 13:00:00,PAYROLL
EVT00101594,2025-04-25,EMP03131,CC0102,CR,5,Step Increment,90284.92,CAD,CA,2025-04-26 10:00:00,PAYROLL
EVT00102160,2025-04-27,EMP02166,CC0014,PA,5,Performance Pay,9635.97,CAD,CAN,2025-04-27 08:00:00,CORE_HR
EVT00101889,2025-04-13,EMP00143,CC0065,EC,4,Leave Return,,BRL,BRA,2025-04-13 22:00:00,CORE_HR
EVT00102909,2025-04-23,EMP02556,CC0104,AS,3,Leave Return,,CAD,CAN,2025-04-23 09:00:00,CORE_HR
EVT00101935,2025-04-15,EMP04080,CC0061,PA,1,Step Increment,70524.76,CAD,CAN,2025-04-15 23:00:00,CORE_HR
EVT00103081,2025-04-02,EMP00479,CC0073,EN,3,Leave Start,,XXX,CA,2025-04-02 21:00:00,PAYROLL
EVT00101620,2025-04-20,EMP02083,CC0069,AS,2,Performance Pay,3981.42,CAD,CA,2025-04-20 08:00:00,PAYROLL
EVT00103220,2025-04-20,EMP01348,CC0054,AS,5,Leave Return,,EUR,DEU,2025-04-21 10:00:00,CORE_HR
EVT00102766,2025-04-01,EMP00355,CC0096,IT,5,Step Increment,139029.14,CAD,CA,2025-04-02 04:00:00,PAYROLL
EVT00101641,2025-04-07,EMP03638,CC0025,PA,1,Step Increment,72803.93,CAD,CA,2025-04-08 10:00:00,PAYROLL
EVT00102464,2025-04-27,EMP05127,CC0023,FI,4,Step Increment,111553.48,CAD,CAN,2025-04-28 15:00:00,CORE_HR
EVT00102275,2025-04-07,EMP00072,CC0048,PA,1,Step Increment,71850.89,CAD,CAN,2025-04-07 22:00:00,CORE_HR
EVT00102107,2025-04-04,EMP00578,CC0025,CR,3,Lateral Deployment,,CAD,CAN,2025-04-04 17:00:00,CORE_HR
EVT00103337,2025-04-11,EMP03596,CC0073,EC,2,Lateral Deployment,,CAD,CA,2025-04-14 04:00:00,PAYROLL
EVT00101737,2025-04-09,EMP02669,CC0047,EX,3,Lateral Deployment,,CAD,CAN,2025-04-10 15:00:00,CORE_HR
EVT00101978,2025-04-02,EMP02768,CC0001,EN,3,Step Increment,124906.91,CAD,CAN,2025-04-03 08:00:00,CORE_HR
EVT00102968,2025-04-25,EMP01238,CC0120,FI,1,Step Increment,63894.32,CAD,CAN,2025-04-27 21:00:00,CORE_HR
EVT00102746,2025-04-14,EMP00938,CC0113,IT,4,Step Increment,135252.38,CAD,CAN,2025-04-14 07:00:00,CORE_HR
EVT00102520,2025-04-24,EMP00326,CC0017,IT,3,Departure,,CAD,CAN,2025-04-24 10:00:00,CORE_HR
EVT00103383,2025-04-16,EMP02361,CC0066,FI,3,Leave Start,,CAD,CA,2025-04-17 11:00:00,PAYROLL
EVT00102320,2025-04-03,EMP02833,CC0105,IT,3,Performance Pay,8356.08,GBP,GB,2025-04-04 13:00:00,PAYROLL
EVT00103091,2025-04-13,EMP05014,CC0023,EX,2,Leave Start,,CAD,CAN,2025-04-13 16:00:00,CORE_HR
EVT00103104,2025-04-16,EMP04267,CC0062,EN,1,Leave Return,,CAD,CAN,2025-04-16 22:00:00,CORE_HR
EVT00103527,2025-04-14,EMP02681,CC0079,FI,2,Step Increment,84542.42,CAD,CA,2025-04-15 04:00:00,PAYROLL
EVT00102012,2025-04-25,EMP04203,CC0068,CR,1,Leave Return,,CAD,CAN,2025-04-25 09:00:00,CORE_HR
EVT00102763,2025-04-23,EMP02977,CC0034,AS,2,Step Increment,68364.38,CAD,CA,2025-04-23 08:00:00,PAYROLL
EVT00103491,2025-04-17,EMP03532,CC0031,IT,1,Step Increment,95735.42,AUD,AU,2025-04-18 01:00:00,PAYROLL
EVT00101864,2025-04-17,EMP01767,CC0024,AS,4,Departure,,CAD,CA,2025-04-17 21:00:00,PAYROLL
EVT00102405,2025-04-10,EMP00977,CC0104,EN,2,Leave Start,,CAD,CAN,2025-04-10 12:00:00,CORE_HR
EVT00102591,2025-04-24,EMP04919,CC0064,FI,3,Leave Return,,CAD,CA,2025-04-25 01:00:00,PAYROLL
EVT00101985,2025-04-18,EMP04879,CC0009,EN,3,Lateral Deployment,,GBP,GBR,2025-04-18 23:00:00,CORE_HR
EVT00101496,2025-04-24,EMP04604,CC0009,PA,3,Lateral Deployment,,MXN,MEX,2025-04-24 22:00:00,CORE_HR
EVT00102136,2025-04-15,EMP02553,CC0038,PA,1,Leave Return,,CAD,CA,2025-04-15 15:00:00,PAYROLL
EVT00102242,2025-04-02,EMP04428,CC0009,FI,1,Step Increment,40742.72,GBP,GBR,2025-04-03 02:00:00,CORE_HR
EVT00101509,2025-04-05,EMP01057,CC0013,IT,4,Step Increment,96266.88,CAD,CAN,2025-04-07 07:00:00,CORE_HR
EVT00101614,2025-04-02,EMP02298,CC0003,PA,3,Promotion,82630.25,CAD,CAN,2025-04-03 06:00:00,CORE_HR
EVT00103089,2025-04-04,EMP02496,CC0088,AS,5,Step Increment,9423853.98,JPY,JP,2025-04-05 11:00:00,PAYROLL
EVT00101973,2025-04-18,EMP02419,CC0051,PA,1,Step Increment,64533.73,CAD,CAN,2025-04-19 15:00:00,CORE_HR
EVT00102849,2025-04-01,EMP04078,CC0101,PA,1,Step Increment,58363.49,CAD,CAN,2025-04-02 04:00:00,CORE_HR
EVT00101585,2025-04-22,EMP04487,CC0020,EN,2,Performance Pay,12865.82,CAD,CA,2025-04-22 14:00:00,PAYROLL
EVT00102686,2025-04-18,EMP04952,CC0051,IT,1,Lateral Deployment,,CAD,CA,2025-04-19 04:00:00,PAYROLL
EVT00101688,2025-04-05,EMP01540,CC0105,PA,3,Step Increment,75418.7,EUR,DEU,2025-04-05 13:00:00,CORE_HR
EVT00103092,2025-04-22,EMP02409,CC0029,EN,4,Step Increment,85158.0,SGD,SG,2025-04-23 00:00:00,PAYROLL
EVT00103505,2025-04-14,EMP02826,CC0091,PA,4,Leave Start,,CAD,CA,2025-04-15 09:00:00,PAYROLL
EVT00103199,2025-04-13,EMP04805,CC0098,EX,2,Leave Start,,CAD,CA,2025-04-13 09:00:00,PAYROLL
EVT00102920,2025-04-13,EMP01690,CC0048,EX,2,Step Increment,184726.5,CAD,CAN,2025-04-13 17:00:00,CORE_HR
EVT00102433,2025-04-21,EMP04429,CC0092,FI,2,Performance Pay,12069.43,CAD,CA,2025-04-22 02:00:00,PAYROLL
EVT00101769,2025-04-03,EMP05192,CC0032,PA,3,Leave Return,,CAD,CA,2025-04-04 15:00:00,PAYROLL
EVT00102761,2025-04-06,EMP05063,CC0100,PA,2,Step Increment,66688.23,CAD,CA,2025-04-06 13:00:00,PAYROLL
EVT00102717,2025-04-24,EMP02157,CC0036,EC,2,Leave Return,,CAD,CAN,2025-04-24 10:00:00,CORE_HR
EVT00103245,2025-04-26,EMP04911,CC0097,IT,1,Step Increment,88331.41,CAD,CAN,2025-04-26 12:00:00,CORE_HR
EVT00102417,2025-04-24,EMP01152,CC0031,AS,4,Leave Return,,JPY,JP,2025-04-25 12:00:00,PAYROLL
EVT00103397,2025-04-06,EMP04218,CC0072,IT,2,Step Increment,108687.7,CAD,CA,2025-04-06 13:00:00,PAYROLL
EVT00102811,2025-04-24,EMP00040,CC0053,IT,5,Step Increment,137497.21,CAD,CAN,2025-04-25 06:00:00,CORE_HR
EVT00103234,2025-04-18,EMP01774,CC0110,EN,3,Step Increment,121290.82,CAD,CA,2025-04-19 05:00:00,PAYROLL
EVT00102511,2025-04-10,EMP02727,CC0104,PA,2,Step Increment,69930.93,CAD,CAN,2025-04-10 09:00:00,CORE_HR
EVT00101465,2025-04-18,EMP04735,CC0079,IT,2,Step Increment,106185.44,CAD,CAN,2025-04-19 05:00:00,CORE_HR
EVT00103044,2025-04-23,EMP01941,CC0071,CR,3,Promotion,67410.5,CAD,CAN,2025-04-24 08:00:00,CORE_HR
EVT00101850,2025-04-09,EMP04638,CC0020,EN,1,Lateral Deployment,,CAD,CAN,2025-04-10 15:00:00,CORE_HR
EVT00102266,2025-04-08,EMP02660,CC0055,FI,1,Lateral Deployment,,CAD,CAN,2025-04-09 04:00:00,CORE_HR
EVT00101829,2025-04-09,EMP03702,CC0056,IT,2,Promotion,98385.95,CAD,CAN,2025-04-10 06:00:00,CORE_HR
EVT00102812,2025-04-18,EMP00980,CC0035,EX,1,Hire,135758.6,CAD,CAN,2025-04-18 07:00:00,CORE_HR
EVT00102579,2025-04-03,EMP04243,CC0063,IT,1,Performance Pay,3889.39,CAD,CAN,2025-04-04 05:00:00,CORE_HR
EVT00102050,2025-04-23,EMP01702,CC0112,IT,1,Performance Pay,3630.8,CAD,CAN,2025-04-23 11:00:00,CORE_HR
EVT00103138,2025-04-17,EMP01224,CC0023,AS,3,Departure,,CAD,CAN,2025-04-17 19:00:00,CORE_HR
EVT00103179,2025-04-16,EMP00465,CC0093,CR,5,Leave Return,,CAD,CAN,2025-04-16 10:00:00,CORE_HR
EVT00102696,2025-04-14,EMP01301,CC0105,AS,3,Performance Pay,734718.77,KES,KE,2025-04-15 15:00:00,PAYROLL
EVT00102401,2025-04-22,EMP02343,CC0069,IT,3,Lateral Deployment,,CAD,CAN,2025-04-23 09:00:00,CORE_HR
EVT00102510,2025-04-02,EMP01465,CC0044,EC,3,Step Increment,100273.23,CAD,CAN,2025-04-02 08:00:00,CORE_HR
EVT00103280,2025-04-03,EMP02699,CC0026,EN,1,Step Increment,103660.49,CAD,CA,2025-04-03 13:00:00,PAYROLL
EVT00103051,2025-04-02,EMP03153,CC0106,EN,2,Leave Start,,CAD,CA,2025-04-02 22:00:00,PAYROLL
EVT00101604,2025-04-03,EMP04818,CC0052,PA,2,Promotion,76790.56,CAD,CA,2025-04-04 03:00:00,PAYROLL
EVT00102241,2025-04-17,EMP01758,CC0047,FI,1,Departure,,CAD,CAN,2025-04-18 02:00:00,CORE_HR
EVT00103351,2025-04-16,EMP04376,CC0093,CR,2,Leave Return,,CAD,CAN,2025-04-16 10:00:00,CORE_HR
EVT00103535,2025-04-06,EMP01912,CC0077,FI,3,Leave Return,,CAD,CAN,2025-04-06 17:00:00,CORE_HR
EVT00103159,2025-04-26,EMP02231,CC0098,CR,2,Lateral Deployment,,CAD,CAN,2025-04-27 00:00:00,CORE_HR
EVT00102875,2025-04-10,EMP03568,CC0077,PA,5,Performance Pay,12672.08,CAD,CA,2025-04-11 02:00:00,PAYROLL
EVT00103128,2025-04-11,EMP00543,CC0037,IT,2,Departure,,CAD,CAN,2025-04-12 09:00:00,CORE_HR
EVT00102033,2025-04-23,EMP00337,CC0008,PA,5,Step Increment,103247.07,CAD,CA,2025-04-24 10:00:00,PAYROLL
EVT00103205,2025-04-25,EMP02453,CC0073,IT,1,Leave Start,,CAD,CAN,2025-04-26 01:00:00,CORE_HR
EVT00101650,2025-04-09,EMP00312,CC0090,CR,3,Promotion,70624.61,CAD,CA,2025-04-09 08:00:00,PAYROLL
EVT00101715,2025-04-12,EMP02250,CC0066,AS,2,Performance Pay,3597.95,CAD,CA,2025-04-13 01:00:00,PAYROLL
EVT00101713,2025-04-25,EMP03694,CC0016,AS,2,Leave Start,,CAD,CA,2025-04-26 23:00:00,PAYROLL
EVT00101479,2025-04-12,EMP03710,CC0078,FI,3,Leave Return,,CAD,CA,2025-04-13 11:00:00,PAYROLL
EVT00102255,2025-04-17,EMP03624,CC0078,EC,1,Step Increment,84306.92,CAD,CAN,2025-04-18 11:00:00,CORE_HR
EVT00101921,2025-04-10,EMP03379,CC0055,PA,1,Step Increment,68579.2,CAD,CA,2025-04-13 01:00:00,PAYROLL
EVT00102054,2025-04-08,EMP02296,CC0045,FI,3,Leave Return,,CAD,CA,2025-04-08 06:00:00,PAYROLL
EVT00102691,2025-04-06,EMP01089,CC0061,FI,3,Performance Pay,7464.53,CAD,CA,2025-04-06 21:00:00,PAYROLL
EVT00101820,2025-04-17,EMP01734,CC0040,EC,3,Step Increment,115343.66,CAD,CAN,2025-04-17 14:00:00,CORE_HR
EVT00101815,2025-04-17,EMP03786,CC0006,FI,5,Step Increment,131350.57,CAD,CA,2025-04-17 09:00:00,PAYROLL
EVT00103175,2025-04-20,EMP03145,CC0028,EC,1,Step Increment,87957.72,CAD,CAN,2025-04-21 04:00:00,CORE_HR
EVT00101763,2025-04-06,EMP01816,CC0035,EX,1,Hire,148295.8,CAD,CA,2025-04-06 13:00:00,PAYROLL
EVT00102141,2025-04-13,EMP01826,CC0064,IT,1,Step Increment,83707.67,CAD,CAN,2025-04-13 08:00:00,CORE_HR
EVT00102622,2025-04-12,EMP03916,CC0025,FI,1,Step Increment,74372.71,CAD,CAN,2025-04-12 19:00:00,CORE_HR
EVT00102108,2025-04-19,EMP01518,CC0001,AS,2,Step Increment,70899.05,CAD,CA,2025-04-20 11:00:00,PAYROLL
EVT00102389,2025-04-08,EMP03327,CC0038,PA,2,Hire,88227.33,CAD,CA,2025-04-08 10:00:00,PAYROLL
EVT00101424,2025-04-03,EMP01157,CC0085,EC,3,Leave Start,,CAD,CA,2025-04-03 14:00:00,PAYROLL
EVT00103134,2025-04-04,EMP00033,CC0037,EC,2,Step Increment,85829.38,CAD,CA,2025-04-05 03:00:00,PAYROLL
EVT00103016,2025-04-24,EMP03908,CC0026,EN,2,Leave Return,,CAD,CA,2025-04-24 06:00:00,PAYROLL
EVT00103393,2025-04-13,EMP04408,CC0048,PA,2,Promotion,58769.72,CAD,CA,2025-04-13 15:00:00,PAYROLL
EVT00101531,2025-04-23,EMP04315,CC0016,EC,4,Leave Start,,CAD,CAN,2025-04-24 00:00:00,CORE_HR
EVT00102416,2025-04-23,EMP01157,CC0085,EC,3,Performance Pay,9027.01,CAD,CA,2025-04-23 22:00:00,PAYROLL
EVT00102052,2025-04-23,EMP02313,CC0087,EC,3,Leave Start,,CAD,CA,2025-04-24 02:00:00,PAYROLL
EVT00102049,2025-04-12,EMP01843,CC0087,EN,1,Lateral Deployment,,CAD,CA,2025-04-12 22:00:00,PAYROLL
EVT00103385,2025-04-02,EMP04137,CC0085,CR,4,Step Increment,78962.69,CAD,CAN,2025-04-03 08:00:00,CORE_HR
EVT00101950,2025-04-08,EMP03263,CC0015,IT,1,Leave Return,,CAD,CAN,2025-04-09 12:00:00,CORE_HR
EVT00102284,2025-04-07,EMP03410,CC0056,EN,2,Hire,106785.22,CAD,CA,2025-04-08 04:00:00,PAYROLL
EVT00103417,2025-04-26,EMP03434,CC0082,EC,4,Leave Return,,CAD,CAN,2025-04-27 04:00:00,CORE_HR
EVT00103251,2025-04-08,EMP01881,CC0117,IT,1,Promotion,90033.84,CAD,CA,2025-04-08 11:00:00,PAYROLL
EVT00103130,2025-04-18,EMP01156,CC0036,CR,2,Lateral Deployment,,CAD,CAN,2025-04-19 02:00:00,CORE_HR
EVT00101756,2025-04-10,EMP02153,CC0112,PA,4,Performance Pay,5737.23,CAD,CAN,2025-04-10 08:00:00,CORE_HR
EVT00102609,2025-04-17,EMP03101,CC0014,PA,1,Leave Start,,CAD,CAN,2025-04-17 08:00:00,CORE_HR
EVT00103079,2025-04-10,EMP03732,CC0108,PA,2,Leave Start,,USD,US,2025-04-11 00:00:00,PAYROLL
EVT00101530,2025-04-15,EMP03320,CC0048,EN,3,Step Increment,135550.08,CAD,CAN,2025-04-16 06:00:00,CORE_HR
EVT00102088,2025-04-17,EMP02907,CC0045,EN,2,Lateral Deployment,,XXX,CAN,2025-04-17 19:00:00,CORE_HR
EVT00101915,2025-04-01,EMP02242,CC0042,IT,3,Step Increment,88880.09,CAD,CAN,2025-04-01 22:00:00,CORE_HR
EVT00101482,2025-04-15,EMP03779,CC0032,PA,3,Leave Return,,CAD,CAN,2025-04-15 09:00:00,CORE_HR
EVT00102572,2025-04-07,EMP04110,CC0076,PA,4,Departure,,CAD,CAN,2025-04-08 11:00:00,CORE_HR
EVT00103328,2025-04-23,EMP04125,CC0052,EN,2,Step Increment,88133.67,CAD,CAN,2025-04-24 14:00:00,CORE_HR
EVT00102230,2025-04-02,EMP02554,CC0028,PA,4,Leave Return,,XXX,CA,2025-04-05 23:00:00,PAYROLL
EVT00102461,2025-04-15,EMP02139,CC0055,EN,4,Step Increment,131268.87,CAD,CAN,2025-04-16 08:00:00,CORE_HR
EVT00102208,2025-04-10,EMP00141,CC0086,IT,1,Step Increment,46603.67,GBP,GBR,2025-04-10 14:00:00,CORE_HR
EVT00101963,2025-04-01,EMP01271,CC0042,AS,5,Step Increment,78333.66,CAD,CAN,2025-04-02 11:00:00,CORE_HR
EVT00102877,2025-04-12,EMP01309,CC0029,AS,2,Hire,53870.4,USD,USA,2025-04-13 01:00:00,CORE_HR
EVT00102419,2025-04-19,EMP01786,CC0089,IT,1,Step Increment,81347.59,CAD,CA,2025-04-20 02:00:00,PAYROLL
EVT00102149,2025-04-07,EMP00093,CC0040,PA,5,Promotion,105346.04,CAD,CA,2025-04-07 13:00:00,PAYROLL
EVT00101464,2025-04-03,EMP00087,CC0119,FI,4,Departure,,CAD,CA,2025-04-03 21:00:00,PAYROLL
EVT00102228,2025-04-25,EMP03619,CC0073,EX,1,Step Increment,133292.02,CAD,CAN,2025-04-25 08:00:00,CORE_HR
EVT00102623,2025-04-13,EMP00870,CC0020,IT,4,Step Increment,131619.24,CAD,CA,2025-04-13 06:00:00,PAYROLL
EVT00103528,2025-04-19,EMP04912,CC0054,PA,1,Step Increment,104929.32,AUD,AU,2025-04-20 15:00:00,PAYROLL
EVT00103474,2025-04-22,EMP01881,CC0117,IT,1,Departure,,CAD,CA,2025-04-22 09:00:00,PAYROLL
EVT00103211,2025-04-09,EMP00512,CC0026,PA,2,Lateral Deployment,,CAD,CA,2025-04-09 13:00:00,PAYROLL
EVT00101443,2025-04-20,EMP01366,CC0026,PA,3,Step Increment,84823.67,CAD,CAN,2025-04-20 10:00:00,CORE_HR
EVT00101554,2025-04-03,EMP03458,CC0002,EX,1,Leave Start,,CAD,CAN,2025-04-03 21:00:00,CORE_HR
EVT00102611,2025-04-14,EMP04676,CC0098,IT,1,Leave Start,,CAD,CAN,2025-04-14 14:00:00,CORE_HR
EVT00102529,2025-04-21,EMP01781,CC0108,EX,2,Step Increment,473165.47,AED,AE,2025-04-21 07:00:00,PAYROLL
EVT00102262,2025-04-21,EMP05167,CC0001,IT,4,Step Increment,128714.1,CAD,CAN,2025-04-21 11:00:00,CORE_HR
EVT00103114,2025-04-23,EMP02885,CC0091,PA,2,Leave Return,,CAD,CA,2025-04-24 13:00:00,PAYROLL
EVT00102410,2025-04-14,EMP02794,CC0035,EC,2,Performance Pay,4997.26,CAD,CA,2025-04-14 14:00:00,PAYROLL
EVT00102374,2025-04-02,EMP01045,CC0078,PA,4,Leave Start,,CAD,CA,2025-04-02 06:00:00,PAYROLL
EVT00103259,2025-04-19,EMP04644,CC0027,CR,4,Leave Return,,CAD,CAN,2025-04-19 18:00:00,CORE_HR
EVT00102630,2025-04-16,EMP04901,CC0062,PA,1,Leave Return,,CAD,CAN,2025-04-17 09:00:00,CORE_HR
EVT00102392,2025-04-24,EMP01335,CC0080,FI,2,Leave Return,,INR,IND,2025-04-24 16:00:00,CORE_HR
EVT00102620,2025-04-05,EMP01472,CC0106,EN,1,Departure,,CAD,CA,2025-04-05 10:00:00,PAYROLL
EVT00101488,2025-04-16,EMP01596,CC0026,PA,1,Leave Return,,CAD,CAN,2025-04-16 17:00:00,CORE_HR
EVT00102942,2025-04-07,EMP01297,CC0115,PA,5,Performance Pay,12547.23,CAD,CAN,2025-04-08 03:00:00,CORE_HR
EVT00101683,2025-04-03,EMP03082,CC0038,CR,1,Step Increment,60042.3,CAD,CA,2025-04-03 07:00:00,PAYROLL
EVT00102152,2025-04-02,EMP02615,CC0024,AS,1,Step Increment,55875.8,CAD,CAN,2025-04-02 17:00:00,CORE_HR
EVT00102833,2025-04-06,EMP01803,CC0100,PA,3,Leave Return,,CAD,CAN,2025-04-07 07:00:00,CORE_HR
EVT00102361,2025-04-06,EMP03469,CC0040,IT,1,Leave Start,,CAD,CA,2025-04-07 11:00:00,PAYROLL
EVT00101830,2025-04-03,EMP02803,CC0088,FI,1,Leave Start,,AED,AE,2025-04-03 14:00:00,PAYROLL
EVT00103439,2025-04-13,EMP01009,CC0010,IT,2,Lateral Deployment,,CAD,CAN,2025-04-14 10:00:00,CORE_HR
EVT00103317,2025-04-23,EMP02351,CC0109,EX,1,Promotion,160411.66,CAD,CAN,2025-04-24 01:00:00,CORE_HR
EVT00103255,2025-04-25,EMP05187,CC0026,EC,5,Step Increment,134370.18,CAD,CAN,2025-04-26 02:00:00,CORE_HR
EVT00103321,2025-04-17,EMP03265,CC0073,IT,4,Step Increment,122760.92,CAD,CAN,2025-04-17 13:00:00,CORE_HR
EVT00103129,2025-04-21,EMP02278,CC0072,AS,4,Leave Return,,CAD,CA,2025-04-22 13:00:00,PAYROLL
EVT00102840,2025-04-17,EMP03704,CC0006,FI,3,Hire,108981.35,CAD,CA,2025-04-18 12:00:00,PAYROLL
EVT00102286,2025-04-21,EMP03101,CC0014,PA,1,Lateral Deployment,,CAD,CAN,2025-04-21 20:00:00,CORE_HR
EVT00101942,2025-04-27,EMP03485,CC0011,IT,1,Step Increment,82443.68,CAD,CA,2025-04-28 07:00:00,PAYROLL
EVT00103201,2025-04-19,EMP05167,CC0001,IT,4,Lateral Deployment,,CAD,CAN,2025-04-19 10:00:00,CORE_HR
EVT00101646,2025-04-27,EMP03329,CC0026,AS,2,Step Increment,65460.84,CAD,CAN,2025-04-28 06:00:00,CORE_HR
EVT00102521,2025-04-26,EMP03692,CC0081,EX,1,Step Increment,136819.09,CAD,CAN,2025-04-26 22:00:00,CORE_HR
EVT00101917,2025-04-12,EMP02250,CC0066,AS,2,Leave Start,,CAD,CAN,2025-04-13 05:00:00,CORE_HR
EVT00102098,2025-04-08,EMP05185,CC0026,AS,2,Lateral Deployment,,CAD,CAN,2025-04-09 11:00:00,CORE_HR
EVT00103170,2025-04-14,EMP04995,CC0017,CR,2,Leave Start,,CAD,CAN,2025-04-15 00:00:00,CORE_HR
EVT00101991,2025-04-04,EMP01745,CC0099,AS,2,Leave Return,,CAD,CAN,2025-04-04 07:00:00,CORE_HR
EVT00101947,2025-04-08,EMP03322,CC0120,EN,4,Step Increment,123411.95,CAD,CAN,2025-04-09 07:00:00,CORE_HR
EVT00102894,2025-04-10,EMP02763,CC0102,PA,4,Lateral Deployment,,CAD,CAN,2025-04-10 14:00:00,CORE_HR
EVT00103492,2025-04-24,EMP03117,CC0110,FI,1,Leave Start,,CAD,CA,2025-04-25 09:00:00,PAYROLL
EVT00103087,2025-04-25,EMP01268,CC0065,EN,5,Step Increment,2266852.38,MXN,MX,2025-04-25 10:00:00,PAYROLL
EVT00101687,2025-04-17,EMP04571,CC0063,PA,1,Step Increment,68065.6,CAD,CAN,2025-04-17 14:00:00,CORE_HR
EVT00102915,2025-04-16,EMP02538,CC0012,IT,2,Performance Pay,4982.85,CAD,CA,2025-04-16 13:00:00,PAYROLL
EVT00101654,2025-04-04,EMP04962,CC0010,EX,1,Step Increment,126097.25,CAD,CAN,2025-04-05 10:00:00,CORE_HR
EVT00102769,2025-04-17,EMP03932,CC0105,CR,1,Step Increment,162266.31,AED,AE,2025-04-17 16:00:00,PAYROLL
EVT00102126,2025-04-17,EMP01945,CC0083,PA,1,Step Increment,55544.39,CAD,CA,2025-04-18 11:00:00,PAYROLL
EVT00103374,2025-04-06,EMP01425,CC0100,CR,4,Performance Pay,7563.02,CAD,CAN,2025-04-06 09:00:00,CORE_HR
EVT00102502,2025-04-12,EMP04621,CC0075,PA,1,Departure,,CAD,CA,2025-04-12 16:00:00,PAYROLL
EVT00102605,2025-04-09,EMP03714,CC0020,IT,1,Step Increment,82187.89,CAD,CA,2025-04-09 21:00:00,PAYROLL
EVT00102603,2025-04-11,EMP03905,CC0034,PA,2,Performance Pay,6861.95,CAD,CAN,2025-04-12 13:00:00,CORE_HR
EVT00102799,2025-04-18,EMP02269,CC0006,PA,3,Step Increment,91319.78,CAD,CAN,2025-04-18 07:00:00,CORE_HR
EVT00101528,2025-04-03,EMP03824,CC0084,EC,3,Step Increment,110470.35,CAD,CAN,2025-04-04 15:00:00,CORE_HR
EVT00101529,2025-04-08,EMP03956,CC0042,CR,1,Lateral Deployment,,CAD,CAN,2025-04-08 10:00:00,CORE_HR
EVT00101493,2025-04-03,EMP04225,CC0077,CR,5,Leave Return,,CAD,CA,2025-04-04 10:00:00,PAYROLL
EVT00101945,2025-04-21,EMP03966,CC0050,EC,2,Step Increment,94631.43,CAD,CA,2025-04-22 01:00:00,PAYROLL
EVT00102913,2025-04-24,EMP03794,CC0085,EX,1,Leave Return,,CAD,CAN,2025-04-24 10:00:00,CORE_HR
EVT00103442,2025-04-27,EMP00080,CC0099,CR,3,Step Increment,85652.44,CAD,CAN,2025-04-28 05:00:00,CORE_HR
EVT00103546,2025-04-27,EMP04094,CC0062,FI,2,Performance Pay,12581.04,CAD,CAN,2025-04-27 23:00:00,CORE_HR
EVT00102848,2025-04-03,EMP02272,CC0005,CR,5,Lateral Deployment,,CAD,CAN,2025-04-03 08:00:00,CORE_HR
EVT00102536,2025-04-24,EMP00658,CC0007,IT,1,Step Increment,236088.05,AED,ARE,2025-04-25 15:00:00,CORE_HR
EVT00101855,2025-04-01,EMP01915,CC0025,IT,3,Promotion,117715.11,CAD,CAN,2025-04-01 11:00:00,CORE_HR
EVT00102757,2025-04-06,EMP03282,CC0062,EX,3,Performance Pay,13495.64,CAD,CA,2025-04-07 01:00:00,PAYROLL
EVT00103109,2025-04-16,EMP03043,CC0084,PA,2,Step Increment,65131.54,CAD,CAN,2025-04-16 19:00:00,CORE_HR
EVT00102825,2025-04-05,EMP05158,CC0105,EC,3,Step Increment,93730.42,USD,USA,2025-04-05 08:00:00,CORE_HR
EVT00101946,2025-04-17,EMP04391,CC0118,PA,5,Performance Pay,10881.52,CAD,CAN,2025-04-17 13:00:00,CORE_HR
EVT00102580,2025-04-02,EMP00664,CC0058,PA,1,Departure,,CAD,CAN,2025-04-02 23:00:00,CORE_HR
EVT00102216,2025-04-19,EMP02170,CC0082,EX,2,Step Increment,172232.91,CAD,CA,2025-04-19 07:00:00,PAYROLL
EVT00102843,2025-04-10,EMP01621,CC0102,PA,1,Performance Pay,3335.17,CAD,CAN,2025-04-11 11:00:00,CORE_HR
EVT00103375,2025-04-13,EMP03317,CC0017,AS,4,Leave Return,,CAD,CAN,2025-04-13 09:00:00,CORE_HR
EVT00101701,2025-04-22,EMP01746,CC0040,PA,4,Step Increment,76229.83,CAD,CA,2025-04-22 12:00:00,PAYROLL
EVT00103410,2025-04-19,EMP02383,CC0118,PA,2,Leave Start,,CAD,CAN,2025-04-20 05:00:00,CORE_HR
EVT00102890,2025-04-13,EMP02696,CC0076,IT,1,Leave Return,,CAD,CAN,2025-04-14 04:00:00,CORE_HR
EVT00102273,2025-04-26,EMP02206,CC0023,AS,3,Leave Return,,CAD,CAN,2025-04-27 05:00:00,CORE_HR
EVT00102987,2025-04-01,EMP04194,CC0054,IT,5,Step Increment,119948.67,EUR,DEU,2025-04-02 11:00:00,CORE_HR
EVT00103156,2025-04-19,EMP00484,CC0027,IT,2,Hire,106951.88,CAD,CAN,2025-04-20 07:00:00,CORE_HR
EVT00102981,2025-04-22,EMP00673,CC0104,FI,5,Step Increment,139541.01,CAD,CA,2025-04-23 02:00:00,PAYROLL
EVT00102039,2025-04-09,EMP04095,CC0018,FI,5,Performance Pay,13917.01,CAD,CA,2025-04-09 16:00:00,PAYROLL
EVT00101931,2025-04-24,EMP04268,CC0005,PA,2,Hire,72395.05,CAD,CAN,2025-04-25 02:00:00,CORE_HR
EVT00102545,2025-04-22,EMP03907,CC0011,EC,4,Step Increment,126411.66,CAD,CAN,2025-04-23 05:00:00,CORE_HR
EVT00103312,2025-04-07,EMP01951,CC0082,EN,2,Departure,,CAD,CAN,2025-04-08 14:00:00,CORE_HR
EVT00102379,2025-04-12,EMP01373,CC0030,EC,1,Departure,,AED,ARE,2025-04-13 11:00:00,CORE_HR
EVT00103344,2025-04-08,EMP00264,CC0093,EX,1,Performance Pay,6996.59,CAD,CA,2025-04-09 13:00:00,PAYROLL
EVT00103324,2025-04-17,EMP03263,CC0015,IT,1,Leave Return,,CAD,CA,2025-04-17 07:00:00,PAYROLL
EVT00101884,2025-04-04,EMP01400,CC0067,PA,2,Step Increment,77620.27,CAD,CA,2025-04-05 04:00:00,PAYROLL
EVT00101796,2025-04-15,EMP02083,CC0069,AS,2,Step Increment,68191.88,CAD,CAN,2025-04-15 21:00:00,CORE_HR
EVT00102214,2025-04-06,EMP02610,CC0044,PA,2,Lateral Deployment,,CAD,CAN,2025-04-06 10:00:00,CORE_HR
EVT00103496,2025-04-27,EMP00684,CC0089,PA,3,Leave Start,,CAD,CAN,2025-04-27 09:00:00,CORE_HR
EVT00102712,2025-04-25,EMP00396,CC0071,PA,4,Departure,,CAD,CA,2025-04-25 23:00:00,PAYROLL
EVT00101612,2025-04-22,EMP00308,CC0119,AS,2,Hire,63757.41,CAD,CAN,2025-04-22 08:00:00,CORE_HR
EVT00101851,2025-04-04,EMP02411,CC0003,PA,2,Step Increment,77462.22,CAD,CA,2025-04-05 14:00:00,PAYROLL
EVT00102387,2025-04-17,EMP01357,CC0119,EC,2,Step Increment,93860.59,CAD,CA,2025-04-17 17:00:00,PAYROLL
EVT00102701,2025-04-09,EMP00735,CC0045,IT,2,Lateral Deployment,,CAD,CAN,2025-04-09 16:00:00,CORE_HR
EVT00102993,2025-04-06,EMP00527,CC0112,IT,3,Step Increment,-115474.88,CAD,CAN,2025-04-07 00:00:00,CORE_HR
EVT00102394,2025-04-02,EMP03080,CC0034,IT,1,Departure,,CAD,CA,2025-04-03 06:00:00,PAYROLL
EVT00103390,2025-04-09,EMP02306,CC0114,CR,3,Leave Start,,CAD,CA,2025-04-10 01:00:00,PAYROLL
EVT00101841,2025-04-27,EMP03083,CC0100,EC,1,Leave Return,,CAD,CAN,2025-04-28 10:00:00,CORE_HR
EVT00102397,2025-04-09,EMP01420,CC0012,EN,2,Leave Start,,CAD,CAN,2025-04-10 13:00:00,CORE_HR
EVT00103115,2025-04-01,EMP05138,CC0013,IT,3,Performance Pay,10724.44,CAD,CA,2025-04-01 09:00:00,PAYROLL
EVT00101817,2025-04-04,EMP00937,CC0049,FI,3,Performance Pay,26679.97,AED,AE,2025-04-04 15:00:00,PAYROLL
EVT00102882,2025-04-13,EMP03286,CC0025,IT,5,Performance Pay,17217.01,CAD,CA,2025-04-13 13:00:00,PAYROLL
EVT00102991,2025-04-22,EMP00850,CC0051,CR,3,Step Increment,50728.56,CAD,CAN,2025-04-22 18:00:00,CORE_HR
EVT00101914,2025-04-18,EMP00481,CC0083,EX,1,Step Increment,151263.61,CAD,CAN,2025-04-18 23:00:00,CORE_HR
EVT00102069,2025-04-27,EMP00315,CC0029,EX,1,Step Increment,108606.1,SGD,SG,2025-04-27 11:00:00,PAYROLL
EVT00102889,2025-04-05,EMP01461,CC0092,FI,3,Promotion,100080.69,CAD,CA,2025-04-06 04:00:00,PAYROLL
EVT00103411,2025-04-23,EMP01637,CC0081,PA,4,Step Increment,106805.99,CAD,CAN,2025-04-27 09:00:00,CORE_HR
EVT00102560,2025-04-16,EMP01351,CC0117,CR,2,Departure,,CAD,CAN,2025-04-17 15:00:00,CORE_HR
EVT00102031,2025-04-23,EMP00677,CC0083,EC,2,Step Increment,-91644.66,CAD,CAN,2025-04-24 11:00:00,CORE_HR
EVT00101568,2025-04-11,EMP03198,CC0096,EX,2,Leave Return,,CAD,CAN,2025-04-12 07:00:00,CORE_HR
EVT00102563,2025-04-03,EMP01723,CC0018,EN,1,Step Increment,96466.65,CAD,CAN,2025-04-04 01:00:00,CORE_HR
EVT00101924,2025-04-13,EMP01894,CC0033,PA,5,Lateral Deployment,,CAD,CA,2025-04-14 09:00:00,PAYROLL
EVT00102662,2025-04-23,EMP04420,CC0083,IT,4,Lateral Deployment,,CAD,CAN,2025-04-23 17:00:00,CORE_HR
EVT00102236,2025-04-12,EMP03836,CC0052,CR,2,Performance Pay,8793.16,CAD,CAN,2025-04-12 11:00:00,CORE_HR
EVT00101948,2025-04-20,EMP01511,CC0079,PA,2,Step Increment,70589.21,CAD,CAN,2025-04-20 06:00:00,CORE_HR
EVT00102922,2025-04-22,EMP02999,CC0039,FI,5,Leave Return,,CAD,CA,2025-04-23 02:00:00,PAYROLL
EVT00101840,2025-04-23,EMP05178,CC0038,PA,2,Leave Start,,CAD,CAN,2025-04-24 06:00:00,CORE_HR
EVT00103093,2025-04-12,EMP04226,CC0115,PA,1,Step Increment,70057.81,CAD,CA,2025-04-13 05:00:00,PAYROLL
EVT00102509,2025-04-10,EMP00098,CC0073,EC,2,Leave Return,,CAD,CA,2025-04-10 23:00:00,PAYROLL
EVT00101469,2025-04-26,EMP04051,CC0024,CR,3,Step Increment,67941.8,CAD,CAN,2025-04-26 23:00:00,CORE_HR
EVT00102795,2025-04-12,EMP00486,CC0042,CR,5,Step Increment,62548.95,CAD,CA,2025-04-12 07:00:00,PAYROLL
EVT00102465,2025-04-27,EMP01571,CC0113,EX,1,Step Increment,157249.31,CAD,CAN,2025-04-27 10:00:00,CORE_HR
EVT00101510,2025-04-21,EMP04272,CC0053,CR,4,Step Increment,75127.0,CAD,CAN,2025-04-22 03:00:00,CORE_HR
EVT00103399,2025-04-21,EMP00148,CC0005,EC,3,Lateral Deployment,,CAD,CAN,2025-04-21 09:00:00,CORE_HR
EVT00101844,2025-04-09,EMP01633,CC0115,EC,2,Performance Pay,4039.71,CAD,CAN,2025-04-10 08:00:00,CORE_HR
EVT00102085,2025-04-05,EMP04261,CC0005,IT,2,Lateral Deployment,,CAD,CA,2025-04-06 05:00:00,PAYROLL
EVT00102824,2025-04-07,EMP04687,CC0059,CR,3,Step Increment,73027.7,CAD,CAN,2025-04-08 00:00:00,CORE_HR
EVT00102974,2025-04-17,EMP00910,CC0098,FI,3,Step Increment,74876.89,CAD,CA,2025-04-17 11:00:00,PAYROLL
EVT00102270,2025-04-04,EMP03138,CC0006,FI,2,Leave Return,,CAD,CA,2025-04-06 11:00:00,PAYROLL
EVT00103315,2025-04-17,EMP04265,CC0062,AS,4,Departure,,CAD,CAN,2025-04-17 06:00:00,CORE_HR
EVT00101692,2025-04-09,EMP02947,CC0010,IT,1,Step Increment,67562.36,CAD,CAN,2025-04-10 05:00:00,CORE_HR
EVT00102023,2025-04-12,EMP03315,CC0073,EC,3,Leave Start,,CAD,CA,2025-04-13 08:00:00,PAYROLL
EVT00102245,2025-04-21,EMP04085,CC0095,IT,3,Leave Return,,CAD,CA,2025-04-21 08:00:00,PAYROLL
EVT00103200,2025-04-26,EMP00394,CC0018,IT,3,Leave Return,,CAD,CAN,2025-04-26 06:00:00,CORE_HR
EVT00101709,2025-04-06,EMP02882,CC0098,AS,4,Step Increment,92651.14,CAD,CAN,2025-04-06 06:00:00,CORE_HR
EVT00103345,2025-04-04,EMP03733,CC0003,CR,1,Hire,58727.76,CAD,CAN,2025-04-04 17:00:00,CORE_HR
EVT00102453,2025-04-22,EMP00249,CC0012,EX,2,Step Increment,162786.22,CAD,CA,2025-04-23 13:00:00,PAYROLL
EVT00102415,2025-04-27,EMP00553,CC0024,FI,1,Performance Pay,4141.47,CAD,CAN,2025-04-27 08:00:00,CORE_HR
EVT00101717,2025-04-01,EMP01493,CC0044,IT,4,Leave Return,,CAD,CAN,2025-04-02 02:00:00,CORE_HR
EVT00102187,2025-04-07,EMP03583,CC0011,FI,3,Performance Pay,9801.43,CAD,CAN,2025-04-08 09:00:00,CORE_HR
EVT00103477,2025-04-26,EMP02074,CC0014,FI,1,Performance Pay,8650.3,CAD,CAN,2025-04-27 10:00:00,CORE_HR
EVT00102247,2025-04-08,EMP02864,CC0067,AS,3,Leave Start,,CAD,CAN,2025-04-09 15:00:00,CORE_HR
EVT00101619,2025-04-08,EMP00268,CC0117,PA,2,Step Increment,83534.18,CAD,CAN,2025-04-08 10:00:00,CORE_HR
EVT00103544,2025-04-11,EMP04116,CC0103,CR,4,Hire,95210.06,CAD,CA,2025-04-11 10:00:00,PAYROLL
EVT00101767,2025-04-07,EMP01415,CC0035,EX,2,Leave Start,,CAD,CA,2025-04-08 01:00:00,PAYROLL
EVT00101618,2025-04-01,EMP02398,CC0027,AS,1,Leave Return,,CAD,CA,2025-04-02 12:00:00,PAYROLL
EVT00102726,2025-04-02,EMP04970,CC0008,CR,2,Step Increment,56971.69,CAD,CAN,2025-04-02 15:00:00,CORE_HR
EVT00103377,2025-04-23,EMP03584,CC0088,AS,1,Performance Pay,5938.49,SGD,SGP,2025-04-24 07:00:00,CORE_HR
EVT00102280,2025-04-15,EMP00135,CC0117,PA,2,Step Increment,96447.68,CAD,CAN,2025-04-15 21:00:00,CORE_HR
EVT00101485,2025-04-24,EMP99999,CC0031,FI,3,Step Increment,1684780.59,MXN,MEX,2025-04-24 06:00:00,CORE_HR
EVT00102859,2025-04-11,EMP00927,CC0056,EN,1,Hire,96457.04,CAD,CAN,2025-04-11 18:00:00,CORE_HR
EVT00102223,2025-04-22,EMP03151,CC0076,EC,2,Leave Start,,CAD,CAN,2025-04-23 15:00:00,CORE_HR
EVT00102411,2025-04-25,EMP05099,CC0110,PA,2,Hire,71435.78,CAD,CA,2025-04-26 08:00:00,PAYROLL
EVT00102446,2025-04-17,EMP00181,CC0021,CR,3,Performance Pay,4705.48,CAD,CAN,2025-04-17 06:00:00,CORE_HR
EVT00102749,2025-04-02,EMP01811,CC0089,IT,2,Leave Start,,CAD,CA,2025-04-06 05:00:00,PAYROLL
EVT00101790,2025-04-10,EMP04416,CC0051,EC,2,Step Increment,96164.83,CAD,CAN,2025-04-10 17:00:00,CORE_HR
EVT00101943,2025-04-05,EMP03968,CC0014,PA,3,Hire,70489.93,XXX,CAN,2025-04-05 08:00:00,CORE_HR
EVT00102095,2025-04-10,EMP03030,CC0069,FI,3,Step Increment,101171.45,CAD,CA,2025-04-10 22:00:00,PAYROLL
EVT00102159,2025-04-10,EMP02426,CC0059,IT,1,Performance Pay,11273.52,CAD,CAN,2025-04-11 15:00:00,CORE_HR
EVT00103074,2025-04-01,EMP02135,CC0063,PA,3,Leave Return,,CAD,CA,2025-04-02 09:00:00,PAYROLL
EVT00103266,2025-04-19,EMP04946,CC0102,PA,3,Performance Pay,11552.44,CAD,CAN,2025-04-20 09:00:00,CORE_HR
EVT00103189,2025-04-20,EMP03724,CC0082,EN,1,Leave Return,,CAD,CA,2025-04-21 09:00:00,PAYROLL
EVT00102158,2025-04-06,EMP03448,CC0120,IT,3,Hire,126375.8,CAD,CAN,2025-04-06 19:00:00,CORE_HR
EVT00102810,2025-04-02,EMP02230,CC0046,EX,2,Leave Start,,AED,ARE,2025-04-03 08:00:00,CORE_HR
EVT00101621,2025-04-15,EMP02879,CC0083,AS,4,Leave Start,,CAD,CAN,2025-04-15 06:00:00,CORE_HR
EVT00102024,2025-04-25,EMP01471,CC0079,AS,1,Step Increment,65226.47,CAD,CAN,2025-04-25 17:00:00,CORE_HR
EVT00103023,2025-04-08,EMP03975,CC0070,PA,5,Step Increment,98534.67,CAD,CAN,2025-04-09 06:00:00,CORE_HR
EVT00101437,2025-04-03,EMP00458,CC0115,EN,1,Departure,,CAD,CA,2025-04-04 10:00:00,PAYROLL
EVT00102292,2025-04-18,EMP00461,CC0115,CR,3,Lateral Deployment,,CAD,CA,2025-04-19 03:00:00,PAYROLL
EVT00102826,2025-04-23,EMP03325,CC0013,IT,4,Step Increment,136504.53,CAD,CAN,2025-04-23 07:00:00,CORE_HR
EVT00102734,2025-04-14,EMP01259,CC0112,IT,2,Lateral Deployment,,CAD,CA,2025-04-15 02:00:00,PAYROLL
EVT00103445,2025-04-21,EMP01851,CC0120,EX,2,Hire,175931.52,CAD,CAN,2025-04-21 22:00:00,CORE_HR
EVT00102846,2025-04-15,EMP02941,CC0088,IT,3,Promotion,90122.15,XXX,USA,2025-04-16 14:00:00,CORE_HR
EVT00102106,2025-04-23,EMP02245,CC0049,PA,5,Performance Pay,20424.6,AUD,AU,2025-04-23 19:00:00,PAYROLL
EVT00101738,2025-04-07,EMP04379,CC0029,FI,4,Step Increment,10042703.19,JPY,JPN,2025-04-07 17:00:00,CORE_HR
EVT00101927,2025-04-02,EMP02568,CC0003,EX,2,Step Increment,154990.09,CAD,CAN,2025-04-02 21:00:00,CORE_HR
EVT00103252,2025-04-13,EMP04785,CC0118,AS,3,Performance Pay,8664.65,CAD,CAN,2025-04-14 12:00:00,CORE_HR
EVT00102788,2025-04-07,EMP04405,CC0091,IT,4,Leave Return,,CAD,CAN,2025-04-07 12:00:00,CORE_HR
EVT00102602,2025-04-02,EMP05141,CC0032,PA,1,Step Increment,53226.72,CAD,CA,2025-04-03 06:00:00,PAYROLL
EVT00102599,2025-04-04,EMP03586,CC0028,PA,2,Hire,80183.6,CAD,CAN,2025-04-05 09:00:00,CORE_HR
EVT00103013,2025-04-02,EMP03269,CC0101,IT,2,Leave Start,,CAD,CAN,2025-04-02 07:00:00,CORE_HR
EVT00101832,2025-04-12,EMP03805,CC0024,PA,1,Performance Pay,8549.77,CAD,CAN,2025-04-13 13:00:00,CORE_HR
EVT00102644,2025-04-22,EMP01487,CC0075,CR,5,Leave Start,,CAD,CAN,2025-04-23 09:00:00,CORE_HR
EVT00103427,2025-04-15,EMP02439,CC0089,CR,4,Lateral Deployment,,CAD,CAN,2025-04-15 16:00:00,CORE_HR
EVT00103012,2025-04-09,EMP02756,CC0057,EC,1,Performance Pay,10854.89,CAD,CA,2025-04-10 14:00:00,PAYROLL
EVT00101670,2025-04-23,EMP03781,CC0051,EN,2,Step Increment,113883.3,CAD,CAN,2025-04-23 09:00:00,CORE_HR
EVT00101913,2025-04-03,EMP04486,CC0118,EN,4,Leave Start,,CAD,CA,2025-04-04 08:00:00,PAYROLL
EVT00102752,2025-04-26,EMP04468,CC0107,PA,1,Leave Return,,CAD,CAN,2025-04-27 06:00:00,CORE_HR
EVT00101757,2025-04-26,EMP00642,CC0081,EC,1,Leave Return,,CAD,CAN,2025-04-27 02:00:00,CORE_HR
EVT00102154,2025-04-26,EMP03956,CC0042,CR,1,Promotion,51567.26,CAD,CAN,2025-04-27 07:00:00,CORE_HR
EVT00101676,2025-04-03,EMP04700,CC0075,EN,5,Step Increment,155488.05,CAD,CAN,2025-04-03 17:00:00,CORE_HR
EVT00102153,2025-04-23,EMP02362,CC0116,PA,2,Step Increment,72163.28,CAD,CA,2025-04-24 15:00:00,PAYROLL
EVT00102851,2025-04-09,EMP01045,CC0078,PA,4,Step Increment,96841.56,CAD,CAN,2025-04-09 17:00:00,CORE_HR
EVT00102550,2025-04-25,EMP04518,CC0108,PA,3,Promotion,226874.59,AED,AE,2025-04-26 14:00:00,PAYROLL
EVT00102552,2025-04-06,EMP00141,CC0086,IT,1,Leave Start,,GBP,GB,2025-04-07 14:00:00,PAYROLL
EVT00102765,2025-04-12,EMP04131,CC0035,PA,2,Leave Return,,CAD,CA,2025-04-13 08:00:00,PAYROLL
EVT00101478,2025-04-16,EMP01061,CC0033,EX,1,Promotion,147770.66,CAD,CAN,2025-04-17 13:00:00,CORE_HR
EVT00102841,2025-04-20,EMP04026,CC0116,CR,1,Step Increment,57699.57,CAD,CA,2025-04-21 12:00:00,PAYROLL
EVT00101733,2025-04-03,EMP01091,CC0045,PA,4,Leave Start,,CAD,CAN,2025-04-04 07:00:00,CORE_HR
EVT00102409,2025-04-16,EMP01577,CC0037,CR,5,Departure,,CAD,CAN,2025-04-16 10:00:00,CORE_HR
EVT00103403,2025-04-23,EMP03846,CC0031,AS,1,Leave Return,,SGD,SGP,2025-04-24 09:00:00,CORE_HR
EVT00102503,2025-04-06,EMP01806,CC0035,EX,1,Performance Pay,18562.94,CAD,CAN,2025-04-06 12:00:00,CORE_HR
EVT00101693,2025-04-27,EMP04311,CC0056,IT,4,Performance Pay,9779.65,CAD,CAN,2025-04-27 06:00:00,CORE_HR
EVT00102735,2025-04-14,EMP03433,CC0061,FI,5,Hire,164426.71,CAD,CAN,2025-04-14 13:00:00,CORE_HR
EVT00102995,2025-04-24,EMP01871,CC0019,CR,1,Lateral Deployment,,CAD,CAN,2025-04-25 04:00:00,CORE_HR
EVT00102298,2025-04-12,EMP01511,CC0079,PA,2,Step Increment,72727.44,CAD,CAN,2025-04-13 01:00:00,CORE_HR
EVT00103006,2025-04-27,EMP02975,CC0033,EX,3,Step Increment,155652.37,CAD,CA,2025-04-27 13:00:00,PAYROLL
EVT00101912,2025-04-10,EMP01487,CC0075,CR,5,Leave Return,,CAD,CAN,2025-04-11 14:00:00,CORE_HR
EVT00102053,2025-04-21,EMP02176,CC0065,IT,1,Leave Return,,EUR,FR,2025-04-22 15:00:00,PAYROLL
EVT00102740,2025-04-09,EMP00097,CC0005,PA,2,Departure,,CAD,CAN,2025-04-09 19:00:00,CORE_HR
EVT00101590,2025-04-20,EMP04308,CC0099,CR,5,Step Increment,85607.72,CAD,CA,2025-04-23 01:00:00,PAYROLL
EVT00101734,2025-04-22,EMP05027,CC0106,PA,1,Performance Pay,8809.15,CAD,CA,2025-04-22 10:00:00,PAYROLL
EVT00103261,2025-04-23,EMP01445,CC0093,PA,4,Step Increment,104970.34,CAD,CAN,2025-04-23 12:00:00,CORE_HR
EVT00103550,2025-04-10,EMP04477,CC0039,EN,2,Leave Start,,CAD,CA,2025-04-11 09:00:00,PAYROLL
EVT00102598,2025-04-03,EMP99999,CC0094,PA,4,Lateral Deployment,,CAD,CAN,2025-04-03 10:00:00,CORE_HR
EVT00101787,2025-04-16,EMP02087,CC0053,PA,1,Step Increment,69679.67,CAD,CAN,2025-04-17 15:00:00,CORE_HR
EVT00102494,2025-04-10,EMP03616,CC0004,EX,1,Promotion,133944.7,CAD,CA,2025-04-11 01:00:00,PAYROLL
EVT00103499,2025-04-14,EMP03206,CC0090,PA,1,Departure,,CAD,CAN,2025-04-15 05:00:00,CORE_HR
EVT00102330,2025-04-04,EMP03672,CC0052,AS,2,Performance Pay,5722.11,CAD,CAN,2025-04-05 11:00:00,CORE_HR
EVT00102570,2025-04-04,EMP00907,CC0077,EN,2,Lateral Deployment,,CAD,CAN,2025-04-05 04:00:00,CORE_HR
EVT00102092,2025-04-12,EMP04927,CC0058,AS,4,Performance Pay,11070.9,CAD,CAN,2025-04-12 14:00:00,CORE_HR
EVT00102195,2025-04-09,EMP00516,CC0102,PA,2,Leave Start,,CAD,CAN,2025-04-09 15:00:00,CORE_HR
EVT00103486,2025-04-23,EMP04920,CC0086,PA,2,Step Increment,45154.49,GBP,GB,2025-04-23 21:00:00,PAYROLL
EVT00103436,2025-04-07,EMP04615,CC0114,AS,3,Step Increment,76932.21,CAD,CA,2025-04-07 12:00:00,PAYROLL
EVT00102963,2025-04-18,EMP01414,CC0001,EN,1,Leave Return,,CAD,CAN,2025-04-18 14:00:00,CORE_HR
EVT00102829,2025-04-21,EMP04301,CC0045,AS,2,Leave Return,,CAD,CAN,2025-04-21 20:00:00,CORE_HR
EVT00103097,2025-04-01,EMP00171,CC0070,PA,1,Leave Start,,CAD,CAN,2025-04-01 18:00:00,CORE_HR
EVT00102381,2025-04-11,EMP02798,CC0006,PA,2,Performance Pay,5266.08,CAD,CAN,2025-04-11 16:00:00,CORE_HR
EVT00101544,2025-04-04,EMP01902,CC0031,IT,1,Step Increment,69302.49,EUR,DE,2025-04-05 00:00:00,PAYROLL
EVT00103328,2025-04-23,EMP04125,CC0052,EN,2,Step Increment,88133.67,CAD,CAN,2025-04-24 02:00:00,CORE_HR
EVT00102109,2025-04-08,EMP05095,CC0077,EX,1,Hire,135953.29,CAD,CA,2025-04-08 19:00:00,PAYROLL
EVT00102079,2025-04-01,EMP00335,CC0014,CR,2,Leave Start,,CAD,CAN,2025-04-01 10:00:00,CORE_HR
EVT00103249,2025-04-07,EMP04908,CC0011,PA,2,Leave Return,,CAD,CA,2025-04-07 10:00:00,PAYROLL
EVT00103212,2025-04-05,EMP03816,CC0086,PA,1,Leave Start,,SGD,SGP,2025-04-06 12:00:00,CORE_HR
EVT00101880,2025-04-23,EMP01174,CC0036,FI,3,Leave Start,,CAD,CAN,2025-04-24 10:00:00,CORE_HR
EVT00102352,2025-04-18,EMP04299,CC0046,EC,3,Hire,275937.99,AED,ARE,2025-04-19 14:00:00,CORE_HR
EVT00103376,2025-04-12,EMP03506,CC0050,CR,3,Step Increment,71175.48,CAD,CAN,2025-04-13 14:00:00,CORE_HR
EVT00102600,2025-04-01,EMP01724,CC0005,PA,1,Step Increment,53750.59,CAD,CAN,2025-04-02 10:00:00,CORE_HR
EVT00101933,2025-04-07,EMP04985,CC0001,EN,3,Performance Pay,9128.69,CAD,CAN,2025-04-08 13:00:00,CORE_HR
EVT00102893,2025-04-22,EMP03327,CC0038,PA,2,Departure,,CAD,CAN,2025-04-23 02:00:00,CORE_HR
EVT00103147,2025-04-03,EMP04095,CC0018,FI,5,Departure,,CAD,CAN,2025-04-03 19:00:00,CORE_HR
EVT00101886,2025-04-15,EMP01804,CC0093,PA,1,Step Increment,72942.85,CAD,CAN,2025-04-15 12:00:00,CORE_HR
EVT00101992,2025-04-17,EMP00995,CC0076,IT,2,Promotion,111362.93,CAD,CAN,2025-04-18 05:00:00,CORE_HR
EVT00101761,2025-04-26,EMP00675,CC0046,AS,1,Leave Start,,MXN,MX,2025-04-27 11:00:00,PAYROLL
EVT00102189,2025-04-11,EMP00005,CC0006,IT,4,Performance Pay,5497.57,CAD,CA,2025-04-11 08:00:00,PAYROLL
EVT00103334,2025-04-22,EMP00071,CC0081,EX,2,Step Increment,206238.52,CAD,CAN,2025-04-23 15:00:00,CORE_HR
EVT00102251,2025-04-25,EMP00019,CC0058,IT,5,Leave Return,,CAD,CA,2025-04-26 15:00:00,PAYROLL
EVT00101500,2025-04-19,EMP02628,CC0091,EC,1,Step Increment,79491.97,CAD,CA,2025-04-19 18:00:00,PAYROLL
EVT00103555,2025-04-26,EMP00136,CC0001,IT,1,Leave Return,,CAD,CAN,2025-04-26 07:00:00,CORE_HR
EVT00102504,2025-04-01,EMP02782,CC0071,PA,5,Step Increment,116568.58,CAD,CA,2025-04-02 14:00:00,PAYROLL
EVT00102762,2025-04-03,EMP04238,CC0081,CR,1,Promotion,52824.95,CAD,CAN,2025-04-03 09:00:00,CORE_HR
EVT00103169,2025-04-22,EMP04780,CC0047,PA,1,Step Increment,60936.48,CAD,CAN,2025-04-22 13:00:00,CORE_HR
EVT00102103,2025-04-19,EMP03403,CC0017,AS,4,Step Increment,76894.36,CAD,CAN,2025-04-20 03:00:00,CORE_HR
EVT00102854,2025-04-22,EMP03788,CC0105,PA,1,Performance Pay,4569.03,EUR,FR,2025-04-23 00:00:00,PAYROLL
EVT00103521,2025-04-01,EMP01927,CC0115,PA,3,Lateral Deployment,,CAD,CAN,2025-04-02 02:00:00,CORE_HR
EVT00102944,2025-04-19,EMP00959,CC0073,AS,2,Lateral Deployment,,CAD,CA,2025-04-20 01:00:00,PAYROLL
EVT00103534,2025-04-23,EMP02425,CC0113,EX,2,Performance Pay,10793.06,CAD,CAN,2025-04-23 06:00:00,CORE_HR
EVT00101711,2025-04-06,EMP01510,CC0036,PA,4,Step Increment,93457.38,CAD,CA,2025-04-06 12:00:00,PAYROLL
EVT00103005,2025-04-11,EMP03745,CC0103,PA,2,Leave Return,,CAD,CAN,2025-04-12 15:00:00,CORE_HR
EVT00102971,2025-04-25,EMP05182,CC0049,AS,4,Performance Pay,1037889.97,JPY,JPN,2025-04-25 08:00:00,CORE_HR
EVT00102754,2025-04-13,EMP00872,CC0004,IT,4,Leave Start,,CAD,CAN,2025-04-14 02:00:00,CORE_HR
EVT00103275,2025-04-03,EMP00764,CC0026,PA,1,Performance Pay,3147.8,CAD,CAN,2025-04-04 04:00:00,CORE_HR
EVT00102451,2025-04-16,EMP01952,CC0118,IT,2,Step Increment,98033.66,CAD,CAN,2025-04-16 06:00:00,CORE_HR
EVT00103386,2025-04-01,EMP03411,CC0099,EC,5,Hire,124255.37,CAD,CAN,2025-04-02 14:00:00,CORE_HR
EVT00101848,2025-04-09,EMP02631,CC0102,PA,1,Lateral Deployment,,CAD,CAN,2025-04-09 08:00:00,CORE_HR
EVT00103359,2025-04-19,EMP00591,CC0097,EC,5,Lateral Deployment,,CAD,CA,2025-04-19 12:00:00,PAYROLL
EVT00101857,2025-04-04,EMP00818,CC0062,IT,4,Lateral Deployment,,CAD,CA,2025-04-04 14:00:00,PAYROLL
EVT00102422,2025-04-12,EMP00753,CC0024,AS,1,Hire,66299.69,CAD,CA,2025-04-12 09:00:00,PAYROLL
EVT00103340,2025-04-25,EMP02981,CC0023,FI,3,Step Increment,99232.95,CAD,CAN,2025-04-26 12:00:00,CORE_HR
EVT00102912,2025-04-02,EMP02128,CC0061,PA,1,Performance Pay,9363.44,CAD,CAN,2025-04-02 16:00:00,CORE_HR
EVT00101519,2025-04-22,EMP03145,CC0028,EC,1,Leave Return,,CAD,CAN,2025-04-23 14:00:00,CORE_HR
EVT00102694,2025-04-13,EMP01381,CC0095,EC,1,Step Increment,72986.49,CAD,CAN,2025-04-14 15:00:00,CORE_HR
EVT00103247,2025-04-03,EMP03203,CC0103,EC,2,Performance Pay,11529.22,CAD,CAN,2025-04-03 21:00:00,CORE_HR
EVT00102184,2025-04-14,EMP04034,CC0014,PA,2,Leave Start,,CAD,CAN,2025-04-15 00:00:00,CORE_HR
EVT00101684,2025-04-06,EMP02927,CC0100,FI,2,Step Increment,-99857.78,CAD,CAN,2025-04-06 14:00:00,CORE_HR
EVT00102427,2025-04-04,EMP01568,CC0022,EN,2,Step Increment,108672.2,CAD,CAN,2025-04-05 04:00:00,CORE_HR
EVT00102041,2025-04-16,EMP02590,CC0021,AS,1,Leave Start,,CAD,CAN,2025-04-16 15:00:00,CORE_HR
EVT00101969,2025-04-14,EMP00189,CC0106,PA,2,Departure,,CAD,CA,2025-04-15 06:00:00,PAYROLL
EVT00102549,2025-04-22,EMP00517,CC0064,IT,2,Performance Pay,6121.28,CAD,CAN,2025-04-22 13:00:00,CORE_HR
EVT00103414,2025-04-08,EMP02303,CC0044,CR,1,Leave Return,,CAD,CA,2025-04-09 08:00:00,PAYROLL
EVT00102507,2025-04-09,EMP01396,CC0045,AS,2,Leave Return,,CAD,CAN,2025-04-10 12:00:00,CORE_HR
EVT00102862,2025-04-21,EMP03085,CC0114,PA,1,Performance Pay,7901.39,CAD,CA,2025-04-22 06:00:00,PAYROLL
EVT00103010,2025-04-10,EMP02548,CC0117,AS,4,Step Increment,82179.18,CAD,CA,2025-04-10 22:00:00,PAYROLL
EVT00103192,2025-04-04,EMP03627,CC0093,EX,1,Leave Return,,CAD,CAN,2025-04-05 07:00:00,CORE_HR
EVT00101661,2025-04-06,EMP00232,CC0074,PA,4,Promotion,6045933.43,INR,IN,2025-04-06 10:00:00,PAYROLL
EVT00101786,2025-04-26,EMP04141,CC0006,PA,3,Step Increment,89111.63,CAD,CAN,2025-04-26 18:00:00,CORE_HR
EVT00102168,2025-04-15,EMP04110,CC0076,PA,4,Leave Start,,CAD,CAN,2025-04-15 13:00:00,CORE_HR
EVT00102625,2025-04-08,EMP02136,CC0096,PA,1,Step Increment,73340.51,CAD,CA,2025-04-08 14:00:00,PAYROLL
EVT00101584,2025-04-13,EMP01866,CC0092,IT,1,Step Increment,81283.22,CAD,CAN,2025-04-13 11:00:00,CORE_HR
EVT00102120,2025-04-10,EMP00753,CC0024,AS,1,Lateral Deployment,,CAD,CA,2025-04-10 21:00:00,PAYROLL
EVT00102950,2025-04-05,EMP03295,CC0073,PA,2,Leave Start,,CAD,CAN,2025-04-05 08:00:00,CORE_HR
EVT00101891,2025-04-07,EMP00038,CC0101,PA,3,Performance Pay,5490.82,CAD,CA,2025-04-07 19:00:00,PAYROLL
EVT00101596,2025-04-15,EMP03521,CC0024,EN,1,Step Increment,83635.53,CAD,CAN,2025-04-16 02:00:00,CORE_HR
EVT00103537,2025-04-09,EMP00476,CC0050,EC,2,Step Increment,93996.47,CAD,CAN,2025-04-11 05:00:00,CORE_HR
EVT00103475,2025-04-21,EMP01818,CC0041,IT,5,Leave Return,,CAD,CA,2025-04-21 23:00:00,PAYROLL
EVT00102080,2025-04-01,EMP01353,CC0105,EX,2,Step Increment,15585112.84,JPY,JPN,2025-04-02 11:00:00,CORE_HR
EVT00103382,2025-04-22,EMP00315,CC0029,EX,1,Leave Start,,MXN,MX,2025-04-22 17:00:00,PAYROLL
EVT00102333,2025-04-15,EMP01629,CC0108,CR,2,Step Increment,39759.2,USD,USA,2025-04-15 15:00:00,CORE_HR
EVT00102548,2025-04-15,EMP03165,CC0087,CR,1,Step Increment,45526.24,CAD,CAN,2025-04-15 14:00:00,CORE_HR
EVT00103082,2025-04-05,EMP02184,CC0028,FI,4,Step Increment,116098.11,CAD,CA,2025-04-05 17:00:00,PAYROLL
EVT00101816,2025-04-23,EMP03809,CC0023,CR,4,Performance Pay,4276.25,CAD,CAN,2025-04-25 15:00:00,CORE_HR
EVT00102714,2025-04-11,EMP03127,CC0001,AS,3,Step Increment,80488.54,CAD,CA,2025-04-11 22:00:00,PAYROLL
EVT00102699,2025-04-19,EMP02889,CC0067,FI,4,Step Increment,105479.32,CAD,CAN,2025-04-19 09:00:00,CORE_HR
EVT00103290,2025-04-24,EMP04135,CC0029,EC,3,Performance Pay,14415.34,AUD,AU,2025-04-25 12:00:00,PAYROLL
EVT00103173,2025-04-10,EMP00275,CC0090,EX,2,Step Increment,153180.02,CAD,CAN,2025-04-11 01:00:00,CORE_HR
EVT00102349,2025-04-10,EMP00007,CC0077,EX,1,Leave Return,,CAD,CA,2025-04-11 01:00:00,PAYROLL
EVT00101732,2025-04-22,EMP00187,CC0053,EN,2,Leave Return,,CAD,CA,2025-04-22 18:00:00,PAYROLL
EVT00102759,2025-04-01,EMP00940,CC0113,IT,1,Step Increment,92268.29,CAD,CA,2025-04-02 09:00:00,PAYROLL
EVT00101885,2025-04-01,EMP02263,CC0023,CR,1,Performance Pay,7189.59,CAD,CA,2025-04-02 03:00:00,PAYROLL
EVT00102123,2025-04-08,EMP00140,CC0083,CR,5,Leave Start,,CAD,CA,2025-04-08 20:00:00,PAYROLL
EVT00102165,2025-04-04,EMP01471,CC0079,AS,1,Step Increment,66942.52,CAD,CAN,2025-04-04 12:00:00,CORE_HR
EVT00102592,2025-04-06,EMP02613,CC0103,PA,2,Departure,,CAD,CAN,2025-04-07 08:00:00,CORE_HR
EVT00102982,2025-04-26,EMP04519,CC0036,FI,2,Step Increment,68310.88,CAD,CA,2025-04-27 13:00:00,PAYROLL
EVT00102727,2025-04-06,EMP04743,CC0117,EC,3,Leave Return,,CAD,CA,2025-04-07 08:00:00,PAYROLL
EVT00103007,2025-04-15,EMP01401,CC0102,EC,2,Promotion,98446.85,CAD,CAN,2025-04-16 01:00:00,CORE_HR
EVT00101782,2025-04-24,EMP02532,CC0084,CR,1,Leave Start,,CAD,CAN,2025-04-25 04:00:00,CORE_HR
EVT00102578,2025-04-25,EMP02231,CC0098,CR,2,Performance Pay,4802.81,CAD,CAN,2025-04-25 12:00:00,CORE_HR
EVT00102582,2025-04-09,EMP01233,CC0007,AS,1,Lateral Deployment,,AUD,AU,2025-04-09 21:00:00,PAYROLL
EVT00102027,2025-04-16,EMP02640,CC0115,PA,1,Step Increment,67317.99,CAD,CAN,2025-04-16 12:00:00,CORE_HR
EVT00101636,2025-04-05,EMP00535,CC0010,EN,2,Leave Start,,CAD,CAN,2025-04-06 05:00:00,CORE_HR
EVT00101587,2025-04-24,EMP00840,CC0099,CR,2,Leave Return,,CAD,CA,2025-04-24 22:00:00,PAYROLL
EVT00102994,2025-04-15,EMP04175,CC0050,PA,3,Step Increment,93818.36,CAD,CAN,2025-04-16 11:00:00,CORE_HR
EVT00103424,2025-04-25,EMP02767,CC0102,IT,3,Step Increment,125202.39,CAD,CAN,2025-04-28 15:00:00,CORE_HR
EVT00103210,2025-04-24,EMP03406,CC0045,EC,5,Leave Start,,CAD,CAN,2025-04-24 06:00:00,CORE_HR
EVT00102813,2025-04-11,EMP00354,CC0041,IT,2,Lateral Deployment,,CAD,CAN,2025-04-11 12:00:00,CORE_HR
EVT00102629,2025-04-04,EMP03412,CC0052,IT,2,Performance Pay,6796.04,CAD,CA,2025-04-04 22:00:00,PAYROLL
EVT00101742,2025-04-12,EMP03807,CC0031,AS,2,Leave Return,,USD,USA,2025-04-12 18:00:00,CORE_HR
EVT00101480,2025-04-03,EMP04038,CC0119,EX,1,Lateral Deployment,,CAD,CA,2025-04-03 20:00:00,PAYROLL
EVT00103064,2025-04-07,EMP01506,CC0074,PA,1,Hire,56765.32,EUR,DE,2025-04-07 15:00:00,PAYROLL
EVT00101562,2025-04-02,EMP00417,CC0078,EX,1,Leave Start,,CAD,CAN,2025-04-02 22:00:00,CORE_HR
EVT00102972,2025-04-14,EMP03862,CC0088,EC,3,Step Increment,88210.38,USD,USA,2025-04-15 05:00:00,CORE_HR
EVT00102004,2025-04-19,EMP00476,CC0050,EC,2,Step Increment,88879.44,CAD,CAN,2025-04-19 22:00:00,CORE_HR
EVT00101798,2025-04-11,EMP00713,CC0004,AS,5,Performance Pay,5569.58,CAD,CAN,2025-04-12 15:00:00,CORE_HR
EVT00102914,2025-04-17,EMP01785,CC0046,IT,1,Hire,219120.42,AED,ARE,2025-04-17 17:00:00,CORE_HR
EVT00103537,2025-04-09,EMP00476,CC0050,EC,2,Step Increment,93996.47,CAD,CAN,2025-04-09 07:00:00,CORE_HR
EVT00101505,2025-04-24,EMP05192,CC0032,PA,3,Departure,,CAD,CAN,2025-04-24 22:00:00,CORE_HR
EVT00101923,2025-04-13,EMP00381,CC0048,EX,2,Departure,,CAD,CAN,2025-04-13 09:00:00,CORE_HR
EVT00102231,2025-04-03,EMP03858,CC0088,CR,1,Step Increment,166018.31,AED,AE,2025-04-03 19:00:00,PAYROLL
EVT00101897,2025-04-11,EMP04432,CC0104,FI,2,Step Increment,86331.12,CAD,CA,2025-04-12 07:00:00,PAYROLL
EVT00101842,2025-04-22,EMP03571,CC0038,EX,3,Leave Return,,CAD,CAN,2025-04-23 04:00:00,CORE_HR
EVT00102073,2025-04-17,EMP03265,CC0073,IT,4,Step Increment,111194.52,CAD,CA,2025-04-18 05:00:00,PAYROLL
EVT00103308,2025-04-15,EMP01423,CC0053,AS,1,Promotion,73817.18,CAD,CAN,2025-04-16 12:00:00,CORE_HR
EVT00102949,2025-04-08,EMP02053,CC0058,EC,3,Step Increment,101814.65,CAD,CA,2025-04-08 14:00:00,PAYROLL
EVT00102328,2025-04-06,EMP00027,CC0089,AS,1,Lateral Deployment,,CAD,CA,2025-04-06 23:00:00,PAYROLL
EVT00102898,2025-04-22,EMP01254,CC0051,IT,5,Leave Start,,CAD,CAN,2025-04-23 14:00:00,CORE_HR
EVT00103371,2025-04-09,EMP02454,CC0062,EN,1,Hire,102315.58,CAD,CA,2025-04-09 17:00:00,PAYROLL
EVT00101563,2025-04-07,EMP02004,CC0062,EC,5,Promotion,143836.95,CAD,CAN,2025-04-08 06:00:00,CORE_HR
EVT00101749,2025-04-09,EMP02929,CC0031,IT,1,Leave Return,,SGD,SGP,2025-04-11 10:00:00,CORE_HR
EVT00102753,2025-04-01,EMP00980,CC0035,EX,1,Hire,122622.55,CAD,CA,2025-04-01 16:00:00,PAYROLL
EVT00102645,2025-04-16,EMP03327,CC0038,PA,2,Step Increment,82992.27,CAD,CAN,2025-04-17 10:00:00,CORE_HR
EVT00102246,2025-04-11,EMP04876,CC0051,FI,3,Step Increment,111479.21,CAD,CA,2025-04-12 05:00:00,PAYROLL
EVT00102015,2025-04-04,EMP00138,CC0006,CR,1,Leave Start,,CAD,CAN,2025-04-04 17:00:00,CORE_HR
EVT00101569,2025-04-10,EMP03672,CC0052,AS,2,Leave Start,,CAD,CA,2025-04-10 13:00:00,PAYROLL
EVT00102105,2025-04-12,EMP01083,CC0106,EN,3,Leave Return,,CAD,CA,2025-04-13 02:00:00,PAYROLL
EVT00102398,2025-04-26,EMP01172,CC0083,EN,1,Lateral Deployment,,CAD,CA,2025-04-27 11:00:00,PAYROLL
EVT00102133,2025-04-08,EMP02236,CC0048,EX,2,Step Increment,166735.18,CAD,CA,2025-04-09 15:00:00,PAYROLL
EVT00101659,2025-04-10,EMP00161,CC0047,PA,1,Step Increment,64175.98,CAD,CA,2025-04-10 10:00:00,PAYROLL
EVT00101520,2025-04-21,EMP03182,CC0120,PA,2,Step Increment,80995.94,CAD,CA,2025-04-22 05:00:00,PAYROLL
EVT00102776,2025-04-12,EMP00467,CC0050,EX,3,Step Increment,206948.9,CAD,CAN,2025-04-13 06:00:00,CORE_HR
EVT00103221,2025-04-08,EMP00356,CC0045,EX,1,Step Increment,157986.12,CAD,CA,2025-04-08 20:00:00,PAYROLL
EVT00101707,2025-04-07,EMP04980,CC0070,IT,4,Step Increment,109685.15,CAD,CAN,2025-04-07 14:00:00,CORE_HR
EVT00102612,2025-04-13,EMP03870,CC0049,AS,3,Step Increment,56663.06,EUR,FRA,2025-04-14 01:00:00,CORE_HR
EVT00101824,2025-04-27,EMP99999,CC0023,AS,3,Hire,82920.79,CAD,CA,2025-04-27 14:00:00,PAYROLL
EVT00102895,2025-04-15,EMP01184,CC0041,EX,1,Step Increment,113560.62,CAD,CA,2025-04-15 07:00:00,PAYROLL
EVT00102792,2025-04-08,EMP01494,CC0025,IT,3,Step Increment,125367.71,CAD,CA,2025-04-08 10:00:00,PAYROLL
EVT00103105,2025-04-12,EMP01722,CC0069,PA,1,Step Increment,62012.41,CAD,CA,2025-04-13 03:00:00,PAYROLL
EVT00103034,2025-04-22,EMP03835,CC0063,CR,5,Step Increment,61169.63,CAD,CA,2025-04-22 12:00:00,PAYROLL
EVT00102032,2025-04-12,EMP03220,CC0077,FI,2,Leave Return,,CAD,CA,2025-04-12 20:00:00,PAYROLL
EVT00103296,2025-04-02,EMP02266,CC0014,EC,2,Leave Start,,CAD,CA,2025-04-02 23:00:00,PAYROLL
EVT00102346,2025-04-01,EMP04948,CC0066,EN,3,Leave Start,,CAD,CAN,2025-04-01 19:00:00,CORE_HR
EVT00101504,2025-04-19,EMP04811,CC0071,PA,3,Step Increment,90496.37,CAD,CA,2025-04-19 22:00:00,PAYROLL
EVT00101543,2025-04-26,EMP04169,CC0040,EC,3,Step Increment,99774.34,CAD,CAN,2025-04-27 01:00:00,CORE_HR
EVT00102650,2025-04-04,EMP00446,CC0004,PA,5,Step Increment,102317.17,CAD,CA,2025-04-07 05:00:00,PAYROLL
EVT00103543,2025-04-15,EMP02157,CC0036,EC,2,Step Increment,92622.06,CAD,CA,2025-04-15 08:00:00,PAYROLL
EVT00101792,2025-04-09,EMP05174,CC0092,PA,3,Leave Return,,CAD,CAN,2025-04-10 09:00:00,CORE_HR
EVT00102540,2025-04-16,EMP02095,CC0032,EC,4,Leave Return,,CAD,CA,2025-04-16 17:00:00,PAYROLL
EVT00101473,2025-04-11,EMP03467,CC0025,EC,2,Lateral Deployment,,CAD,CA,2025-04-12 06:00:00,PAYROLL
EVT00103343,2025-04-07,EMP04576,CC0051,PA,5,Hire,104028.31,CAD,CAN,2025-04-08 14:00:00,CORE_HR
EVT00101708,2025-04-26,EMP01817,CC0064,AS,3,Hire,77619.57,CAD,CAN,2025-04-27 07:00:00,CORE_HR
EVT00101455,2025-04-05,EMP02331,CC0028,IT,1,Promotion,87941.37,CAD,CAN,2025-04-05 20:00:00,CORE_HR
EVT00103456,2025-04-07,EMP02124,CC0033,AS,4,Lateral Deployment,,CAD,CAN,2025-04-07 12:00:00,CORE_HR
EVT00102447,2025-04-04,EMP04851,CC0082,EX,2,Lateral Deployment,,CAD,CAN,2025-04-04 10:00:00,CORE_HR
EVT00103506,2025-04-06,EMP01611,CC0086,PA,2,Promotion,44246.87,GBP,GB,2025-04-06 17:00:00,PAYROLL
EVT00101696,2025-04-13,EMP03007,CC0076,EC,4,Leave Start,,CAD,CA,2025-04-13 07:00:00,PAYROLL
EVT00102635,2025-04-18,EMP05136,CC0109,EC,5,Departure,,CAD,CA,2025-04-19 04:00:00,PAYROLL
EVT00102276,2025-04-27,EMP03299,CC0112,EX,2,Leave Return,,CAD,CA,2025-04-28 12:00:00,PAYROLL
EVT00102728,2025-04-27,EMP03460,CC0064,PA,3,Step Increment,95190.23,CAD,CA,2025-04-27 14:00:00,PAYROLL
EVT00102441,2025-04-26,EMP00988,CC0116,EX,1,Performance Pay,6790.1,CAD,CAN,2025-04-27 14:00:00,CORE_HR
EVT00102641,2025-04-24,EMP00059,CC0084,CR,3,Hire,69874.36,CAD,CA,2025-04-25 09:00:00,PAYROLL
EVT00102719,2025-04-06,EMP00690,CC0009,IT,2,Performance Pay,110828.94,MXN,MEX,2025-04-06 18:00:00,CORE_HR
EVT00103222,2025-04-14,EMP00311,CC0012,EX,2,Leave Start,,CAD,CAN,2025-04-15 12:00:00,CORE_HR
EVT00101788,2025-04-03,EMP04320,CC0110,EN,3,Step Increment,111143.92,CAD,CAN,2025-04-04 13:00:00,CORE_HR
EVT00102643,2025-04-24,EMP03043,CC0084,PA,2,Step Increment,75604.88,CAD,CAN,2025-04-24 06:00:00,CORE_HR
EVT00101925,2025-04-23,EMP04412,CC0085,FI,2,Promotion,89000.13,CAD,CAN,2025-04-23 13:00:00,CORE_HR
EVT00101673,2025-04-24,EMP00929,CC0065,AS,3,Departure,,EUR,FRA,2025-04-25 03:00:00,CORE_HR
EVT00101774,2025-04-12,EMP04034,CC0014,PA,2,Promotion,65670.48,CAD,CA,2025-04-12 12:00:00,PAYROLL
EVT00102518,2025-04-19,EMP03304,CC0085,IT,2,Performance Pay,5854.44,CAD,CAN,2025-04-19 09:00:00,CORE_HR
EVT00101513,2025-04-07,EMP03961,CC0055,EX,2,Lateral Deployment,,CAD,CAN,2025-04-08 06:00:00,CORE_HR
EVT00103391,2025-04-04,EMP01382,CC0054,EX,3,Step Increment,141861.16,EUR,DE,2025-04-05 04:00:00,PAYROLL
EVT00102018,2025-04-04,EMP00422,CC0115,PA,5,Step Increment,113245.76,CAD,CAN,2025-04-04 16:00:00,CORE_HR
EVT00102035,2025-04-24,EMP03864,CC0041,IT,3,Lateral Deployment,,CAD,CA,2025-04-25 03:00:00,PAYROLL
EVT00102470,2025-04-18,EMP00344,CC0024,CR,1,Step Increment,40605.68,CAD,CA,2025-04-19 01:00:00,PAYROLL
EVT00102313,2025-04-06,EMP05155,CC0081,FI,4,Step Increment,106091.71,CAD,CAN,2025-04-07 01:00:00,CORE_HR
EVT00103019,2025-04-21,EMP03655,CC0105,FI,1,Leave Return,,USD,USA,2025-04-22 10:00:00,CORE_HR
EVT00102034,2025-04-20,EMP03407,CC0023,AS,3,Step Increment,95744.93,CAD,CA,2025-04-20 21:00:00,PAYROLL
EVT00101502,2025-04-11,EMP04071,CC0041,CR,1,Leave Start,,CAD,CAN,2025-04-11 17:00:00,CORE_HR
EVT00102627,2025-04-27,EMP00689,CC0023,PA,2,Lateral Deployment,,CAD,CA,2025-04-27 09:00:00,PAYROLL
EVT00101951,2025-04-04,EMP04097,CC0039,CR,2,Departure,,CAD,CA,2025-04-04 14:00:00,PAYROLL
EVT00101555,2025-04-18,EMP02701,CC0020,IT,3,Leave Start,,CAD,CA,2025-04-19 12:00:00,PAYROLL
EVT00102857,2025-04-23,EMP04195,CC0077,PA,5,Step Increment,97754.53,CAD,CAN,2025-04-23 17:00:00,CORE_HR
EVT00102229,2025-04-22,EMP04331,CC0089,AS,3,Hire,83478.03,CAD,CAN,2025-04-22 23:00:00,CORE_HR
EVT00103058,2025-04-10,EMP04304,CC0082,EC,3,Promotion,112678.94,CAD,CA,2025-04-11 07:00:00,PAYROLL
EVT00102062,2025-04-21,EMP01217,CC0005,IT,2,Lateral Deployment,,CAD,CA,2025-04-22 09:00:00,PAYROLL
EVT00101570,2025-04-14,EMP04222,CC0047,IT,1,Hire,90763.09,CAD,CAN,2025-04-15 14:00:00,CORE_HR
EVT00103014,2025-04-02,EMP04761,CC0086,PA,4,Leave Start,,SGD,SGP,2025-04-03 02:00:00,CORE_HR
EVT00102835,2025-04-16,EMP04435,CC0118,AS,5,Hire,88798.1,CAD,CAN,2025-04-16 11:00:00,CORE_HR
EVT00101433,2025-04-21,EMP03254,CC0046,EX,3,Leave Start,,AUD,AU,2025-04-21 14:00:00,PAYROLL
EVT00101607,2025-04-05,EMP00014,CC0012,PA,3,Leave Return,,CAD,CA,2025-04-05 10:00:00,PAYROLL
EVT00102434,2025-04-11,EMP00442,CC0083,IT,3,Promotion,105850.07,CAD,CA,2025-04-12 15:00:00,PAYROLL
EVT00101466,2025-04-23,EMP02689,CC0120,AS,1,Performance Pay,7868.8,CAD,CA,2025-04-23 07:00:00,PAYROLL
EVT00102979,2025-04-16,EMP02733,CC0051,EX,1,Step Increment,155075.76,CAD,CAN,2025-04-16 19:00:00,CORE_HR
EVT00103193,2025-04-04,EMP02006,CC0093,FI,4,Step Increment,104752.98,CAD,CAN,2025-04-04 16:00:00,CORE_HR
EVT00102285,2025-04-25,EMP02799,CC0035,EC,1,Promotion,61957.58,CAD,CAN,2025-04-25 07:00:00,CORE_HR
EVT00103172,2025-04-11,EMP00410,CC0118,PA,3,Lateral Deployment,,CAD,CAN,2025-04-12 08:00:00,CORE_HR
EVT00103372,2025-04-13,EMP00046,CC0027,PA,2,Lateral Deployment,,CAD,CAN,2025-04-13 10:00:00,CORE_HR
EVT00103155,2025-04-11,EMP03610,CC0051,EC,1,Performance Pay,6110.16,CAD,CAN,2025-04-11 12:00:00,CORE_HR
EVT00101486,2025-04-23,EMP03078,CC0010,EC,1,Leave Start,,CAD,CAN,2025-04-23 14:00:00,CORE_HR
EVT00103458,2025-04-07,EMP01904,CC0016,EX,1,Step Increment,157287.37,CAD,CA,2025-04-07 20:00:00,PAYROLL
EVT00102170,2025-04-07,EMP03613,CC0090,AS,2,Step Increment,82437.76,CAD,CAN,2025-04-07 19:00:00,CORE_HR
EVT00101922,2025-04-05,EMP04492,CC0085,IT,2,Step Increment,102957.37,CAD,CAN,2025-04-06 05:00:00,CORE_HR
EVT00103330,2025-04-24,EMP02212,CC0069,FI,2,Lateral Deployment,,CAD,CAN,2025-04-24 08:00:00,CORE_HR
EVT00103512,2025-04-17,EMP01851,CC0120,EX,2,Performance Pay,20334.28,CAD,CA,2025-04-18 07:00:00,PAYROLL
EVT00102581,2025-04-01,EMP01708,CC0100,PA,3,Lateral Deployment,,CAD,CA,2025-04-01 09:00:00,PAYROLL
EVT00102885,2025-04-17,EMP02587,CC0092,FI,1,Promotion,81087.84,CAD,CA,2025-04-17 11:00:00,PAYROLL
EVT00101784,2025-04-20,EMP00044,CC0011,CR,3,Step Increment,76527.35,CAD,CAN,2025-04-20 20:00:00,CORE_HR
EVT00103236,2025-04-04,EMP04842,CC0055,PA,1,Leave Return,,CAD,CAN,2025-04-05 00:00:00,CORE_HR
EVT00102667,2025-04-25,EMP00403,CC0114,CR,3,Performance Pay,8812.49,CAD,CAN,2025-04-26 03:00:00,CORE_HR
EVT00102475,2025-04-12,EMP02307,CC0011,AS,3,Step Increment,84810.86,CAD,CAN,2025-04-12 18:00:00,CORE_HR
EVT00103538,2025-04-24,EMP03004,CC0057,AS,4,Step Increment,85331.8,CAD,CAN,2025-04-24 10:00:00,CORE_HR
EVT00102785,2025-04-23,EMP04285,CC0083,EN,5,Performance Pay,10261.29,CAD,CA,2025-04-24 06:00:00,PAYROLL
EVT00102800,2025-04-22,EMP01092,CC0084,AS,4,Lateral Deployment,,CAD,CAN,2025-04-22 06:00:00,CORE_HR
EVT00101921,2025-04-10,EMP03379,CC0055,PA,1,Step Increment,68579.2,CAD,CA,2025-04-11 06:00:00,PAYROLL
EVT00101870,2025-04-06,EMP00007,CC0077,EX,1,Step Increment,137450.96,CAD,CAN,2025-04-07 06:00:00,CORE_HR
EVT00101977,2025-04-18,EMP04024,CC0115,PA,1,Performance Pay,6682.63,CAD,CAN,2025-04-19 01:00:00,CORE_HR
EVT00102576,2025-04-16,EMP00512,CC0026,PA,2,Leave Return,,CAD,CAN,2025-04-16 17:00:00,CORE_HR
EVT00101703,2025-04-27,EMP04438,CC0001,EN,1,Promotion,84159.31,CAD,CA,2025-04-27 20:00:00,PAYROLL
EVT00101779,2025-04-05,EMP03356,CC0076,EC,3,Step Increment,107119.23,CAD,CA,2025-04-06 02:00:00,PAYROLL
EVT00101916,2025-04-11,EMP02971,CC0017,IT,2,Lateral Deployment,,CAD,CA,2025-04-11 19:00:00,PAYROLL
EVT00103177,2025-04-27,EMP01191,CC0031,EC,1,Step Increment,62303.95,USD,US,2025-04-27 06:00:00,PAYROLL
EVT00101750,2025-04-27,EMP03822,CC0088,CR,5,Leave Return,,AED,ARE,2025-04-28 04:00:00,CORE_HR
EVT00103235,2025-04-26,EMP00637,CC0113,PA,2,Leave Return,,CAD,CAN,2025-04-27 07:00:00,CORE_HR
EVT00101713,2025-04-25,EMP03694,CC0016,AS,2,Leave Start,,CAD,CA,2025-04-25 15:00:00,PAYROLL
EVT00103009,2025-04-23,EMP02401,CC0059,IT,3,Step Increment,116266.81,CAD,CAN,2025-04-24 14:00:00,CORE_HR
EVT00102708,2025-04-07,EMP00957,CC0042,CR,4,Lateral Deployment,,CAD,CAN,2025-04-07 20:00:00,CORE_HR
EVT00102099,2025-04-04,EMP02403,CC0062,EC,1,Departure,,CAD,CAN,2025-04-05 03:00:00,CORE_HR
EVT00101423,2025-04-14,EMP02707,CC0053,EC,2,Hire,82151.55,CAD,CAN,2025-04-15 06:00:00,CORE_HR
EVT00101766,2025-04-21,EMP00335,CC0014,CR,2,Step Increment,62904.94,CAD,CA,2025-04-21 15:00:00,PAYROLL
EVT00103113,2025-04-05,EMP03086,CC0058,AS,5,Performance Pay,9158.77,CAD,CAN,2025-04-05 23:00:00,CORE_HR
EVT00101467,2025-04-07,EMP03704,CC0006,FI,3,Step Increment,94770.83,CAD,CA,2025-04-08 07:00:00,PAYROLL
EVT00101900,2025-04-01,EMP03588,CC0085,IT,2,Leave Return,,CAD,CA,2025-04-02 00:00:00,PAYROLL
EVT00102382,2025-04-02,EMP04064,CC0117,CR,1,Leave Start,,CAD,CA,2025-04-03 05:00:00,PAYROLL
EVT00101664,2025-04-12,EMP00258,CC0034,IT,2,Performance Pay,5560.05,CAD,CAN,2025-04-12 07:00:00,CORE_HR
EVT00101883,2025-04-03,EMP01804,CC0093,PA,1,Departure,,CAD,CA,2025-04-03 06:00:00,PAYROLL
EVT00103263,2025-04-05,EMP01283,CC0089,AS,3,Leave Start,,CAD,CA,2025-04-05 07:00:00,PAYROLL
EVT00103127,2025-04-15,EMP02671,CC0036,FI,4,Leave Start,,CAD,CAN,2025-04-16 02:00:00,CORE_HR
EVT00101958,2025-04-23,EMP03222,CC0058,PA,2,Performance Pay,7368.24,CAD,CA,2025-04-24 05:00:00,PAYROLL
EVT00102021,2025-04-03,EMP02047,CC0053,PA,1,Step Increment,69903.77,CAD,CA,2025-04-03 06:00:00,PAYROLL
EVT00102852,2025-04-13,EMP02913,CC0056,FI,1,Leave Start,,CAD,CA,2025-04-14 04:00:00,PAYROLL
EVT00102542,2025-04-20,EMP02364,CC0005,EX,1,Step Increment,134603.48,CAD,CAN,2025-04-20 17:00:00,CORE_HR
EVT00103332,2025-04-08,EMP00513,CC0088,IT,2,Hire,5874675.23,INR,IND,2025-04-08 11:00:00,CORE_HR
EVT00102096,2025-04-26,EMP00116,CC0015,IT,5,Step Increment,152835.79,CAD,CAN,2025-04-27 04:00:00,CORE_HR
EVT00102066,2025-04-10,EMP03543,CC0010,FI,2,Promotion,93202.02,CAD,CA,2025-04-10 22:00:00,PAYROLL
EVT00102188,2025-04-11,EMP02326,CC0009,IT,1,Step Increment,11171918.5,KES,KEN,2025-04-12 04:00:00,CORE_HR
EVT00102660,2025-04-08,EMP04402,CC0025,EX,1,Step Increment,151657.9,CAD,CA,2025-04-09 05:00:00,PAYROLL
EVT00102277,2025-04-03,EMP00474,CC0081,PA,2,Departure,,CAD,CAN,2025-04-03 19:00:00,CORE_HR
EVT00102666,2025-04-04,EMP00355,CC0096,IT,5,Performance Pay,9515.82,CAD,CA,2025-04-04 16:00:00,PAYROLL
EVT00102695,2025-04-16,EMP04359,CC0086,EX,2,Step Increment,125148.18,SGD,SG,2025-04-16 13:00:00,PAYROLL
EVT00102335,2025-04-24,EMP01339,CC0087,EC,4,Leave Return,,CAD,CAN,2025-04-24 18:00:00,CORE_HR
EVT00102181,2025-04-07,EMP00405,CC0033,PA,3,Step Increment,78940.04,CAD,CA,2025-04-07 06:00:00,PAYROLL
EVT00101846,2025-04-05,EMP04994,CC0001,EN,2,Lateral Deployment,,CAD,CAN,2025-04-06 01:00:00,CORE_HR
EVT00101464,2025-04-03,EMP00087,CC0119,FI,4,Departure,,CAD,CA,2025-04-05 15:00:00,PAYROLL
EVT00101438,2025-04-19,EMP03281,CC0118,PA,2,Leave Start,,CAD,CA,2025-04-20 08:00:00,PAYROLL
EVT00103466,2025-04-05,EMP02695,CC0055,EX,1,Lateral Deployment,,CAD,CA,2025-04-06 17:00:00,PAYROLL
EVT00101422,2025-04-25,EMP04818,CC0052,PA,2,Performance Pay,7883.94,CAD,CA,2025-04-25 08:00:00,PAYROLL
EVT00103213,2025-04-09,EMP02269,CC0006,PA,3,Leave Start,,CAD,CAN,2025-04-10 00:00:00,CORE_HR
EVT00101975,2025-04-08,EMP01070,CC0023,CR,1,Performance Pay,5553.17,CAD,CAN,2025-04-08 17:00:00,CORE_HR
EVT00101806,2025-04-18,EMP02877,CC0029,EN,4,Performance Pay,7905.31,SGD,SGP,2025-04-18 08:00:00,CORE_HR
EVT00102610,2025-04-19,EMP04954,CC0009,PA,3,Lateral Deployment,,AED,AE,2025-04-19 14:00:00,PAYROLL
EVT00101827,2025-04-07,EMP00891,CC0051,EX,1,Leave Return,,CAD,CAN,2025-04-08 01:00:00,CORE_HR
EVT00103451,2025-04-04,EMP03026,CC0059,PA,4,Leave Return,,CAD,CAN,2025-04-04 17:00:00,CORE_HR
EVT00101887,2025-04-15,EMP03885,CC0072,AS,2,Leave Return,,CAD,CAN,2025-04-15 18:00:00,CORE_HR
EVT00102233,2025-04-15,EMP02984,CC0093,FI,3,Leave Return,,CAD,CA,2025-04-15 09:00:00,PAYROLL
EVT00102364,2025-04-05,EMP04144,CC0058,PA,3,Promotion,71724.37,CAD,CAN,2025-04-05 21:00:00,CORE_HR
EVT00102828,2025-04-25,EMP00598,CC0120,EC,1,Step Increment,99216.37,CAD,CAN,2025-04-26 12:00:00,CORE_HR
EVT00102248,2025-04-06,EMP04839,CC0031,EX,1,Leave Return,,BRL,BR,2025-04-07 11:00:00,PAYROLL
EVT00103125,2025-04-22,EMP00220,CC0085,PA,2,Step Increment,80398.67,CAD,CA,2025-04-22 06:00:00,PAYROLL
EVT00102135,2025-04-26,EMP05081,CC0092,IT,2,Step Increment,94381.84,CAD,CA,2025-04-26 14:00:00,PAYROLL
EVT00102558,2025-04-05,EMP03654,CC0074,EN,2,Step Increment,175732.94,AUD,AUS,2025-04-05 13:00:00,CORE_HR
EVT00102967,2025-04-08,EMP02525,CC0006,FI,5,Departure,,CAD,CAN,2025-04-09 05:00:00,CORE_HR
EVT00102267,2025-04-26,EMP03413,CC0033,EN,1,Leave Return,,CAD,CAN,2025-04-30 07:00:00,CORE_HR
EVT00102996,2025-04-24,EMP04341,CC0078,EC,1,Performance Pay,6357.82,CAD,CA,2025-04-25 01:00:00,PAYROLL
EVT00102959,2025-04-08,EMP01842,CC0054,PA,4,Step Increment,1537331.45,MXN,MEX,2025-04-09 12:00:00,CORE_HR
EVT00102779,2025-04-02,EMP02748,CC0034,EC,3,Leave Return,,CAD,CA,2025-04-02 06:00:00,PAYROLL
EVT00103374,2025-04-06,EMP01425,CC0100,CR,4,Performance Pay,7563.02,CAD,CAN,2025-04-08 19:00:00,CORE_HR
EVT00102832,2025-04-27,EMP03304,CC0085,IT,2,Leave Return,,CAD,CAN,2025-04-27 06:00:00,CORE_HR
EVT00103539,2025-04-13,EMP01407,CC0012,PA,4,Lateral Deployment,,CAD,CAN,2025-04-13 08:00:00,CORE_HR
EVT00101896,2025-04-11,EMP01836,CC0011,EC,2,Step Increment,93420.51,CAD,CAN,2025-04-11 23:00:00,CORE_HR
EVT00102926,2025-04-16,EMP00600,CC0072,CR,1,Leave Start,,CAD,CAN,2025-04-16 08:00:00,CORE_HR
EVT00101838,2025-04-15,EMP02667,CC0020,EN,5,Leave Start,,CAD,CAN,2025-04-15 23:00:00,CORE_HR
EVT00103311,2025-04-24,EMP02530,CC0030,PA,1,Performance Pay,792346.42,KES,KE,2025-04-25 13:00:00,PAYROLL
EVT00102839,2025-04-20,EMP03508,CC0020,AS,1,Lateral Deployment,,CAD,CAN,2025-04-20 11:00:00,CORE_HR
EVT00101805,2025-04-26,EMP02646,CC0055,CR,1,Lateral Deployment,,CAD,CAN,2025-04-26 15:00:00,CORE_HR
EVT00102482,2025-04-20,EMP02883,CC0082,EX,1,Departure,,CAD,CAN,2025-04-21 11:00:00,CORE_HR
EVT00102326,2025-04-04,EMP04368,CC0046,FI,1,Promotion,266744.77,BRL,BRA,2025-04-04 09:00:00,CORE_HR
EVT00103516,2025-04-11,EMP03264,CC0089,FI,1,Hire,71909.95,CAD,CAN,2025-04-11 06:00:00,CORE_HR
EVT00102547,2025-04-04,EMP04819,CC0074,IT,2,Step Increment,1405101.06,MXN,MEX,2025-04-04 11:00:00,CORE_HR
EVT00101759,2025-04-01,EMP02796,CC0071,IT,4,Step Increment,137693.79,CAD,CAN,2025-04-02 11:00:00,CORE_HR
EVT00103539,2025-04-13,EMP01407,CC0012,PA,4,Lateral Deployment,,CAD,CAN,2025-04-15 22:00:00,CORE_HR
EVT00103341,2025-04-08,EMP03383,CC0034,AS,4,Lateral Deployment,,CAD,CA,2025-04-09 09:00:00,PAYROLL
EVT00103057,2025-04-19,EMP02187,CC0038,IT,4,Step Increment,129947.33,CAD,CA,2025-04-19 16:00:00,PAYROLL
EVT00102279,2025-04-23,EMP01257,CC0041,AS,2,Leave Start,,CAD,CA,2025-04-23 22:00:00,PAYROLL
EVT00102306,2025-04-22,EMP01416,CC0101,CR,2,Promotion,66880.93,CAD,CAN,2025-04-22 20:00:00,CORE_HR
EVT00102002,2025-04-19,EMP02964,CC0055,PA,2,Leave Return,,CAD,CAN,2025-04-19 21:00:00,CORE_HR
EVT00103065,2025-04-26,EMP00609,CC0056,FI,3,Lateral Deployment,,CAD,CAN,2025-04-27 07:00:00,CORE_HR
EVT00102474,2025-04-12,EMP00222,CC0119,PA,4,Lateral Deployment,,CAD,CAN,2025-04-13 09:00:00,CORE_HR
EVT00102175,2025-04-17,EMP01459,CC0051,PA,5,Leave Start,,CAD,CAN,2025-04-18 10:00:00,CORE_HR
EVT00103197,2025-04-17,EMP04390,CC0074,IT,1,Step Increment,10677501.83,KES,KEN,2025-04-18 10:00:00,CORE_HR
EVT00103362,2025-04-07,EMP01112,CC0005,AS,2,Leave Start,,CAD,CA,2025-04-08 09:00:00,PAYROLL
EVT00101507,2025-04-23,EMP03770,CC0101,EN,3,Leave Start,,CAD,CAN,2025-04-23 09:00:00,CORE_HR
EVT00101726,2025-04-16,EMP01696,CC0054,PA,3,Step Increment,317832.75,BRL,BRA,2025-04-17 13:00:00,CORE_HR
EVT00102143,2025-04-07,EMP01487,CC0075,CR,5,Performance Pay,8346.82,CAD,CA,2025-04-08 05:00:00,PAYROLL
EVT00102113,2025-04-14,EMP00970,CC0090,EN,1,Step Increment,98298.75,CAD,CA,2025-04-15 00:00:00,PAYROLL
EVT00102477,2025-04-26,EMP03910,CC0071,EN,1,Step Increment,83048.4,CAD,CAN,2025-04-27 14:00:00,CORE_HR
EVT00101624,2025-04-24,EMP01603,CC0018,PA,3,Leave Start,,CAD,CA,2025-04-24 18:00:00,PAYROLL
EVT00102393,2025-04-11,EMP01001,CC0081,IT,2,Leave Start,,CAD,CAN,2025-04-11 21:00:00,CORE_HR
EVT00103162,2025-04-10,EMP02755,CC0024,EN,5,Leave Return,,CAD,CA,2025-04-11 01:00:00,PAYROLL
EVT00102198,2025-04-15,EMP03593,CC0050,EX,1,Leave Start,,CAD,CAN,2025-04-16 02:00:00,CORE_HR
EVT00102358,2025-04-02,EMP02737,CC0004,AS,2,Leave Start,,CAD,CAN,2025-04-02 14:00:00,CORE_HR
EVT00101428,2025-04-18,EMP02123,CC0057,IT,5,Performance Pay,8587.96,CAD,CA,2025-04-19 03:00:00,PAYROLL
EVT00102020,2025-04-21,EMP04420,CC0083,IT,4,Promotion,134550.1,CAD,CAN,2025-04-22 12:00:00,CORE_HR
EVT00103418,2025-04-20,EMP05182,CC0049,AS,4,Performance Pay,5461.15,USD,USA,2025-04-21 14:00:00,CORE_HR
EVT00103459,2025-04-08,EMP03543,CC0010,FI,2,Step Increment,85678.85,CAD,CAN,2025-04-09 06:00:00,CORE_HR
EVT00102466,2025-04-18,EMP02360,CC0025,EN,2,Performance Pay,8518.2,CAD,CAN,2025-04-18 18:00:00,CORE_HR
EVT00102683,2025-04-14,EMP03793,CC0049,IT,5,Leave Return,,SGD,SGP,2025-04-15 09:00:00,CORE_HR
EVT00102256,2025-04-12,EMP00631,CC0015,AS,1,Performance Pay,6700.04,CAD,CA,2025-04-13 14:00:00,PAYROLL
EVT00102932,2025-04-26,EMP03807,CC0031,AS,2,Leave Start,,EUR,FR,2025-04-26 13:00:00,PAYROLL
EVT00102001,2025-04-07,EMP03224,CC0113,EX,3,Departure,,CAD,CAN,2025-04-07 07:00:00,CORE_HR
EVT00102881,2025-04-23,EMP04495,CC0014,FI,4,Leave Return,,CAD,CAN,2025-04-23 21:00:00,CORE_HR
EVT00102010,2025-04-25,EMP04175,CC0050,PA,3,Leave Start,,CAD,CAN,2025-04-26 02:00:00,CORE_HR
EVT00101989,2025-04-12,EMP02738,CC0033,PA,4,Step Increment,91934.75,CAD,CAN,2025-04-13 08:00:00,CORE_HR
EVT00102474,2025-04-12,EMP00222,CC0119,PA,4,Lateral Deployment,,CAD,CAN,2025-04-13 06:00:00,CORE_HR
EVT00103481,2025-04-11,EMP00723,CC0031,AS,2,Departure,,AUD,AUS,2025-04-12 14:00:00,CORE_HR
EVT00102888,2025-04-11,EMP05132,CC0021,IT,3,Leave Start,,CAD,CAN,2025-04-12 05:00:00,CORE_HR
EVT00103533,2025-04-26,EMP01700,CC0076,FI,1,Step Increment,76692.49,CAD,CAN,2025-04-26 10:00:00,CORE_HR
EVT00102420,2025-04-02,EMP02572,CC0081,FI,2,Leave Start,,CAD,CA,2025-04-02 11:00:00,PAYROLL
EVT00102370,2025-04-09,EMP04141,CC0006,PA,3,Step Increment,65938.53,CAD,CAN,2025-04-10 05:00:00,CORE_HR
EVT00103233,2025-04-10,EMP04070,CC0049,PA,1,Leave Start,,BRL,BRA,2025-04-10 20:00:00,CORE_HR
EVT00102831,2025-04-17,EMP01991,CC0102,PA,2,Step Increment,97587.27,CAD,CA,2025-04-18 12:00:00,PAYROLL
EVT00102060,2025-04-20,EMP04295,CC0070,EX,2,Step Increment,173798.28,CAD,CA,2025-04-20 20:00:00,PAYROLL
EVT00102555,2025-04-13,EMP03060,CC0014,PA,1,Leave Start,,CAD,CA,2025-04-14 02:00:00,PAYROLL
EVT00103366,2025-04-17,EMP01497,CC0011,AS,4,Leave Return,,CAD,CAN,2025-04-18 01:00:00,CORE_HR
EVT00103295,2025-04-11,EMP01844,CC0057,AS,2,Step Increment,54186.99,CAD,CAN,2025-04-14 09:00:00,CORE_HR
EVT00103015,2025-04-24,EMP03700,CC0057,PA,1,Step Increment,68716.81,CAD,CAN,2025-04-25 02:00:00,CORE_HR
EVT00103021,2025-04-23,EMP00529,CC0087,FI,4,Step Increment,110074.47,CAD,CAN,2025-04-24 15:00:00,CORE_HR
EVT00102172,2025-04-22,EMP03125,CC0083,IT,2,Leave Return,,CAD,CAN,2025-04-23 12:00:00,CORE_HR
EVT00102767,2025-04-13,EMP03566,CC0001,EN,2,Promotion,113746.39,CAD,CAN,2025-04-14 11:00:00,CORE_HR
EVT00103054,2025-04-26,EMP01842,CC0054,PA,4,Step Increment,276196.5,AED,AE,2025-04-26 07:00:00,PAYROLL
EVT00101878,2025-04-25,EMP01328,CC0092,IT,5,Step Increment,155336.1,CAD,CAN,2025-04-26 06:00:00,CORE_HR
EVT00102186,2025-04-11,EMP04532,CC0023,AS,4,Promotion,82499.74,CAD,CA,2025-04-12 08:00:00,PAYROLL
EVT00103336,2025-04-24,EMP04052,CC0025,IT,2,Leave Return,,CAD,CAN,2025-04-24 08:00:00,CORE_HR
EVT00102495,2025-04-08,EMP02795,CC0031,PA,2,Step Increment,213969.41,AED,AE,2025-04-11 03:00:00,PAYROLL
EVT00102811,2025-04-24,EMP00040,CC0053,IT,5,Step Increment,137497.21,CAD,CAN,2025-04-25 19:00:00,CORE_HR
EVT00102658,2025-04-19,EMP00067,CC0050,AS,5,Step Increment,86810.58,CAD,CAN,2025-04-20 10:00:00,CORE_HR
EVT00102929,2025-04-15,EMP03751,CC0044,IT,1,Step Increment,84828.27,CAD,CA,2025-04-16 07:00:00,PAYROLL
EVT00102796,2025-04-25,EMP04766,CC0056,FI,2,Performance Pay,12555.13,CAD,CAN,2025-04-26 01:00:00,CORE_HR
EVT00102207,2025-04-16,EMP04352,CC0004,EC,2,Leave Start,,CAD,CAN,2025-04-16 11:00:00,CORE_HR
EVT00102117,2025-04-21,EMP04436,CC0080,EX,1,Leave Start,,AED,AE,2025-04-21 20:00:00,PAYROLL
EVT00102954,2025-04-27,EMP01318,CC0101,PA,2,Step Increment,70458.97,CAD,CA,2025-04-28 10:00:00,PAYROLL
EVT00101522,2025-04-05,EMP00707,CC0020,EN,2,Leave Start,,CAD,CAN,2025-04-06 00:00:00,CORE_HR
EVT00102956,2025-04-01,EMP02332,CC0117,IT,2,Performance Pay,11503.11,CAD,CAN,2025-04-01 15:00:00,CORE_HR
EVT00102760,2025-04-20,EMP03585,CC0099,AS,2,Leave Start,,CAD,CAN,2025-04-20 12:00:00,CORE_HR
EVT00102194,2025-04-03,EMP03628,CC0027,EX,2,Step Increment,165241.92,CAD,CAN,2025-04-03 18:00:00,CORE_HR
EVT00103194,2025-04-06,EMP04120,CC0040,AS,3,Hire,64822.66,CAD,CA,2025-04-06 13:00:00,PAYROLL
EVT00102484,2025-04-12,EMP03514,CC0092,AS,1,Leave Return,,CAD,CA,2025-04-12 13:00:00,PAYROLL
EVT00102351,2025-04-15,EMP03200,CC0070,EN,1,Departure,,CAD,CAN,2025-04-16 09:00:00,CORE_HR
EVT00101645,2025-04-18,EMP03976,CC0069,EX,1,Leave Start,,CAD,CAN,2025-04-18 16:00:00,CORE_HR
EVT00102354,2025-04-25,EMP00204,CC0030,CR,2,Performance Pay,9723.67,AED,AE,2025-04-26 05:00:00,PAYROLL
EVT00103423,2025-04-17,EMP01319,CC0109,EX,1,Step Increment,137765.35,CAD,CAN,2025-04-18 09:00:00,CORE_HR
EVT00102334,2025-04-07,EMP01803,CC0100,PA,3,Step Increment,93382.98,CAD,CA,2025-04-07 09:00:00,PAYROLL
EVT00102649,2025-04-25,EMP05094,CC0117,PA,5,Step Increment,98117.92,CAD,CA,2025-04-26 09:00:00,PAYROLL
EVT00102903,2025-04-27,EMP01259,CC0112,IT,2,Leave Return,,CAD,CAN,2025-04-27 14:00:00,CORE_HR
EVT00102514,2025-04-23,EMP01113,CC0082,AS,1,Performance Pay,6161.95,CAD,CA,2025-04-24 01:00:00,PAYROLL
EVT00103190,2025-04-02,EMP01760,CC0028,PA,4,Leave Start,,CAD,CA,2025-04-02 22:00:00,PAYROLL
EVT00102224,2025-04-19,EMP01388,CC0053,PA,3,Promotion,80224.56,CAD,CAN,2025-04-20 06:00:00,CORE_HR
EVT00101598,2025-04-03,EMP02215,CC0032,FI,1,Leave Return,,CAD,CAN,2025-04-04 01:00:00,CORE_HR
EVT00103522,2025-04-27,EMP02044,CC0014,EC,3,Lateral Deployment,,CAD,CA,2025-04-28 14:00:00,PAYROLL
EVT00101420,2025-04-13,EMP05197,CC0101,FI,2,Step Increment,86223.5,CAD,CAN,2025-04-13 14:00:00,CORE_HR
EVT00103438,2025-04-09,EMP04934,CC0061,CR,5,Promotion,83656.08,CAD,CAN,2025-04-09 23:00:00,CORE_HR
EVT00102910,2025-04-15,EMP04315,CC0016,EC,4,Leave Return,,CAD,CAN,2025-04-16 06:00:00,CORE_HR
EVT00102615,2025-04-23,EMP00709,CC0029,AS,5,Performance Pay,954963.26,JPY,JPN,2025-04-23 09:00:00,CORE_HR
EVT00102318,2025-04-18,EMP02443,CC0105,PA,3,Performance Pay,44065.15,BRL,BR,2025-04-18 23:00:00,PAYROLL
EVT00101446,2025-04-17,EMP03353,CC0070,FI,3,Step Increment,94630.39,CAD,CAN,2025-04-18 14:00:00,CORE_HR
EVT00102962,2025-04-07,EMP02319,CC0048,PA,3,Lateral Deployment,,CAD,CAN,2025-04-08 09:00:00,CORE_HR
EVT00102567,2025-04-14,EMP02513,CC0041,AS,4,Performance Pay,7836.94,CAD,CA,2025-04-14 11:00:00,PAYROLL
EVT00103241,2025-04-17,EMP00483,CC0091,EC,3,Lateral Deployment,,CAD,CAN,2025-04-17 22:00:00,CORE_HR
EVT00103090,2025-04-02,EMP04127,CC0048,EX,1,Performance Pay,6276.58,CAD,CAN,2025-04-02 19:00:00,CORE_HR
EVT00103214,2025-04-08,EMP02921,CC0044,CR,4,Performance Pay,4524.37,CAD,CAN,2025-04-08 12:00:00,CORE_HR
EVT00102597,2025-04-17,EMP03671,CC0061,EN,1,Leave Start,,CAD,CAN,2025-04-18 09:00:00,CORE_HR
EVT00101835,2025-04-07,EMP03982,CC0014,EC,1,Lateral Deployment,,CAD,CAN,2025-04-07 12:00:00,CORE_HR
EVT00102897,2025-04-13,EMP04395,CC0074,EC,1,Performance Pay,321970.12,JPY,JPN,2025-04-13 13:00:00,CORE_HR
EVT00101904,2025-04-19,EMP04784,CC0036,FI,2,Leave Return,,CAD,CAN,2025-04-20 02:00:00,CORE_HR
EVT00102654,2025-04-02,EMP00967,CC0040,EX,1,Leave Start,,CAD,CA,2025-04-03 08:00:00,PAYROLL
EVT00102872,2025-04-16,EMP04533,CC0087,PA,4,Step Increment,77246.06,CAD,CA,2025-04-17 11:00:00,PAYROLL
EVT00101474,2025-04-07,EMP02088,CC0023,IT,2,Hire,100614.56,CAD,CA,2025-04-08 07:00:00,PAYROLL
EVT00103504,2025-04-02,EMP01968,CC0037,AS,2,Step Increment,67250.23,CAD,CAN,2025-04-03 04:00:00,CORE_HR
EVT00101545,2025-04-01,EMP05111,CC0103,EN,2,Hire,108952.11,CAD,CAN,2025-04-02 14:00:00,CORE_HR
EVT00102946,2025-04-18,EMP00119,CC0082,CR,2,Leave Return,,CAD,CAN,2025-04-19 12:00:00,CORE_HR
EVT00102202,2025-04-21,EMP00247,CC0087,FI,3,Step Increment,98523.1,CAD,CAN,2025-04-22 11:00:00,CORE_HR
EVT00103046,2025-04-13,EMP01786,CC0089,IT,1,Hire,79030.49,CAD,CA,2025-04-13 13:00:00,PAYROLL
EVT00103069,2025-04-27,EMP01324,CC0060,EC,4,Promotion,120973.36,CAD,CA,2025-04-28 12:00:00,PAYROLL
EVT00102853,2025-04-10,EMP04086,CC0063,EN,4,Departure,,CAD,CAN,2025-04-11 03:00:00,CORE_HR
EVT00101440,2025-04-10,EMP01745,CC0099,AS,2,Departure,,CAD,CAN,2025-04-10 23:00:00,CORE_HR
EVT00103106,2025-04-02,EMP01982,CC0119,CR,1,Hire,55689.26,CAD,CAN,2025-04-03 11:00:00,CORE_HR
EVT00102739,2025-04-20,EMP00633,CC0073,IT,1,Lateral Deployment,,CAD,CAN,2025-04-21 06:00:00,CORE_HR
EVT00103032,2025-04-01,EMP02850,CC0058,EX,3,Performance Pay,18230.04,CAD,CAN,2025-04-02 04:00:00,CORE_HR
EVT00102132,2025-04-10,EMP01861,CC0048,IT,1,Departure,,CAD,CAN,2025-04-10 09:00:00,CORE_HR
EVT00102554,2025-04-17,EMP01730,CC0062,FI,2,Step Increment,111081.78,CAD,CA,2025-04-17 12:00:00,PAYROLL
EVT00102147,2025-04-08,EMP04895,CC0047,AS,4,Hire,80731.76,CAD,CA,2025-04-09 04:00:00,PAYROLL
EVT00102527,2025-04-01,EMP03554,CC0048,CR,3,Performance Pay,2913.51,CAD,CAN,2025-04-01 12:00:00,CORE_HR
EVT00103075,2025-04-13,EMP00889,CC0005,EN,3,Step Increment,107616.0,CAD,CA,2025-04-13 18:00:00,PAYROLL
EVT00102407,2025-04-17,EMP99999,CC0115,PA,1,Hire,69423.65,CAD,CAN,2025-04-18 04:00:00,CORE_HR
EVT00103304,2025-04-10,EMP00844,CC0073,EN,3,Performance Pay,8711.18,CAD,CAN,2025-04-11 11:00:00,CORE_HR
EVT00103394,2025-04-15,EMP03760,CC0058,AS,1,Promotion,67943.1,CAD,CAN,2025-04-15 15:00:00,CORE_HR
EVT00102693,2025-04-09,EMP02662,CC0022,EC,1,Step Increment,75904.22,CAD,CAN,2025-04-09 22:00:00,CORE_HR
EVT00102689,2025-04-11,EMP00130,CC0026,FI,2,Step Increment,98106.18,CAD,CAN,2025-04-12 03:00:00,CORE_HR
EVT00102498,2025-04-18,EMP04688,CC0044,PA,4,Step Increment,97786.68,CAD,CA,2025-04-18 08:00:00,PAYROLL
EVT00103139,2025-04-10,EMP01086,CC0043,EC,2,Leave Start,,CAD,CA,2025-04-10 09:00:00,PAYROLL
EVT00101765,2025-04-03,EMP02122,CC0013,AS,4,Step Increment,80505.25,CAD,CA,2025-04-03 22:00:00,PAYROLL
EVT00102201,2025-04-10,EMP05033,CC0080,IT,1,Leave Start,,AED,ARE,2025-04-10 07:00:00,CORE_HR
EVT00101745,2025-04-01,EMP04653,CC0103,PA,4,Leave Return,,CAD,CAN,2025-04-01 20:00:00,CORE_HR
EVT00102593,2025-04-07,EMP99999,CC0094,EN,1,Step Increment,84878.27,CAD,CAN,2025-04-07 17:00:00,CORE_HR
EVT00102291,2025-04-09,EMP05139,CC0055,EN,2,Promotion,81623.35,CAD,CA,2025-04-09 15:00:00,PAYROLL
EVT00103497,2025-04-18,EMP02633,CC0045,CR,5,Lateral Deployment,,CAD,CA,2025-04-19 03:00:00,PAYROLL
EVT00102009,2025-04-07,EMP03765,CC0033,EX,2,Promotion,184990.65,CAD,CAN,2025-04-07 09:00:00,CORE_HR
EVT00102860,2025-04-14,EMP01489,CC0035,PA,2,Step Increment,74943.85,CAD,CA,2025-04-15 06:00:00,PAYROLL
EVT00101910,2025-04-24,EMP03015,CC0110,EC,2,Performance Pay,7534.46,CAD,CA,2025-04-25 15:00:00,PAYROLL
EVT00103101,2025-04-18,EMP05119,CC0009,EN,3,Performance Pay,1509132.0,KES,KE,2025-04-19 02:00:00,PAYROLL
EVT00102155,2025-04-24,EMP04576,CC0051,PA,5,Step Increment,99175.31,CAD,CA,2025-04-25 09:00:00,PAYROLL
EVT00103519,2025-04-21,EMP03042,CC0097,AS,4,Performance Pay,6216.45,CAD,CAN,2025-04-22 05:00:00,CORE_HR
EVT00102925,2025-04-05,EMP01632,CC0005,EX,1,Performance Pay,18820.7,CAD,CAN,2025-04-06 04:00:00,CORE_HR
EVT00103361,2025-04-17,EMP03126,CC0074,EX,1,Leave Return,,KES,KEN,2025-04-17 06:00:00,CORE_HR
EVT00102063,2025-04-22,EMP00029,CC0079,AS,2,Leave Start,,CAD,CAN,2025-04-22 06:00:00,CORE_HR
EVT00103388,2025-04-13,EMP04330,CC0110,FI,2,Step Increment,97260.28,CAD,CAN,2025-04-13 17:00:00,CORE_HR
EVT00103049,2025-04-21,EMP03848,CC0018,CR,5,Hire,85195.53,CAD,CA,2025-04-21 10:00:00,PAYROLL
EVT00102685,2025-04-03,EMP01090,CC0067,AS,1,Departure,,CAD,CAN,2025-04-03 10:00:00,CORE_HR
EVT00101810,2025-04-15,EMP03436,CC0062,PA,3,Performance Pay,4200.87,CAD,CAN,2025-04-15 11:00:00,CORE_HR
EVT00103514,2025-04-26,EMP04153,CC0007,EN,5,Promotion,165561.71,AUD,AU,2025-04-27 03:00:00,PAYROLL
EVT00101541,2025-04-14,EMP00792,CC0063,CR,5,Step Increment,77434.99,CAD,CAN,2025-04-15 12:00:00,CORE_HR
EVT00102821,2025-04-05,EMP00579,CC0039,EN,3,Leave Return,,CAD,CA,2025-04-06 07:00:00,PAYROLL
EVT00103027,2025-04-09,EMP02157,CC0036,EC,2,Leave Return,,CAD,CAN,2025-04-10 13:00:00,CORE_HR
EVT00101668,2025-04-19,EMP00096,CC0004,EC,1,Step Increment,78477.06,CAD,CAN,2025-04-20 10:00:00,CORE_HR
EVT00102074,2025-04-24,EMP00691,CC0101,PA,2,Hire,81470.83,CAD,CAN,2025-04-24 20:00:00,CORE_HR
EVT00102395,2025-04-19,EMP01107,CC0047,AS,5,Performance Pay,11360.09,CAD,CA,2025-04-20 00:00:00,PAYROLL
EVT00103219,2025-04-03,EMP02502,CC0038,AS,1,Step Increment,62626.27,CAD,CAN,2025-04-04 00:00:00,CORE_HR
EVT00102669,2025-04-27,EMP02827,CC0059,CR,4,Step Increment,70876.49,CAD,CA,2025-04-27 07:00:00,PAYROLL
EVT00103429,2025-04-17,EMP05146,CC0015,CR,4,Leave Start,,CAD,CAN,2025-04-17 16:00:00,CORE_HR
EVT00103460,2025-04-24,EMP01652,CC0038,AS,2,Promotion,65582.79,CAD,CAN,2025-04-24 22:00:00,CORE_HR
EVT00101731,2025-04-22,EMP00785,CC0111,EC,2,Leave Start,,KES,KEN,2025-04-22 11:00:00,CORE_HR
EVT00102916,2025-04-27,EMP01877,CC0013,PA,5,Leave Return,,CAD,CA,2025-04-27 16:00:00,PAYROLL
EVT00102865,2025-04-10,EMP03665,CC0114,PA,2,Leave Return,,CAD,CAN,2025-04-11 14:00:00,CORE_HR
EVT00102225,2025-04-12,EMP04750,CC0066,EN,4,Step Increment,122065.43,CAD,CAN,2025-04-13 15:00:00,CORE_HR
EVT00101425,2025-04-02,EMP01165,CC0074,IT,5,Step Increment,75957.41,GBP,GBR,2025-04-02 13:00:00,CORE_HR
EVT00102057,2025-04-26,EMP04742,CC0020,IT,2,Performance Pay,5408.0,CAD,CAN,2025-04-27 03:00:00,CORE_HR
EVT00102692,2025-04-11,EMP03714,CC0020,IT,1,Step Increment,94006.22,CAD,CAN,2025-04-12 11:00:00,CORE_HR
EVT00102449,2025-04-24,EMP00279,CC0116,EN,3,Step Increment,114546.42,CAD,CAN,2025-04-24 18:00:00,CORE_HR
EVT00102537,2025-04-12,EMP00261,CC0004,FI,2,Performance Pay,10114.9,CAD,CAN,2025-04-15 06:00:00,CORE_HR
EVT00102670,2025-04-14,EMP04794,CC0032,FI,2,Step Increment,99145.13,CAD,CAN,2025-04-14 07:00:00,CORE_HR
EVT00102314,2025-04-16,EMP04427,CC0120,IT,4,Leave Start,,CAD,CA,2025-04-16 13:00:00,PAYROLL
EVT00102362,2025-04-12,EMP03838,CC0096,CR,3,Step Increment,69010.09,CAD,CAN,2025-04-12 20:00:00,CORE_HR
EVT00102533,2025-04-23,EMP04647,CC0045,EX,2,Performance Pay,7406.16,CAD,CA,2025-04-25 16:00:00,PAYROLL
EVT00103335,2025-04-13,EMP00221,CC0108,IT,1,Performance Pay,656778.6,KES,KEN,2025-04-13 23:00:00,CORE_HR
EVT00102177,2025-04-03,EMP00202,CC0029,EN,3,Step Increment,104348.01,SGD,SG,2025-04-04 07:00:00,PAYROLL
EVT00102287,2025-04-08,EMP04182,CC0068,EN,5,Lateral Deployment,,CAD,CAN,2025-04-08 16:00:00,CORE_HR
EVT00101481,2025-04-22,EMP02076,CC0034,PA,1,Step Increment,73573.93,CAD,CA,2025-04-25 11:00:00,PAYROLL
EVT00101894,2025-04-25,EMP04335,CC0109,PA,1,Step Increment,66831.85,CAD,CAN,2025-04-26 01:00:00,CORE_HR
EVT00101773,2025-04-08,EMP03470,CC0107,PA,5,Step Increment,101233.23,CAD,CAN,2025-04-08 06:00:00,CORE_HR
EVT00101783,2025-04-02,EMP03356,CC0076,EC,3,Leave Return,,CAD,CA,2025-04-02 11:00:00,PAYROLL
EVT00102780,2025-04-23,EMP02053,CC0058,EC,3,Step Increment,79741.69,CAD,CA,2025-04-24 13:00:00,PAYROLL
EVT00101682,2025-04-08,EMP99999,CC0052,PA,2,Step Increment,60324.6,CAD,CA,2025-04-08 10:00:00,PAYROLL
EVT00101957,2025-04-13,EMP01172,CC0083,EN,1,Performance Pay,3704.7,CAD,CAN,2025-04-13 21:00:00,CORE_HR
EVT00101511,2025-04-23,EMP03240,CC0055,PA,5,Departure,,CAD,CA,2025-04-23 21:00:00,PAYROLL
EVT00102491,2025-04-24,EMP00751,CC0117,IT,5,Step Increment,107393.72,CAD,CAN,2025-04-24 14:00:00,CORE_HR
EVT00103224,2025-04-05,EMP00548,CC0115,EC,2,Promotion,102906.71,CAD,CA,2025-04-06 05:00:00,PAYROLL
EVT00103415,2025-04-25,EMP03193,CC0108,FI,2,Leave Start,,SGD,SG,2025-04-26 15:00:00,PAYROLL
EVT00102842,2025-04-26,EMP04946,CC0102,PA,3,Performance Pay,7872.18,CAD,CAN,2025-04-27 08:00:00,CORE_HR
EVT00101727,2025-04-12,EMP03747,CC0118,CR,2,Step Increment,61448.73,CAD,CAN,2025-04-13 01:00:00,CORE_HR
EVT00101998,2025-04-08,EMP01015,CC0027,CR,2,Step Increment,67368.19,CAD,CAN,2025-04-09 13:00:00,CORE_HR
EVT00102887,2025-04-09,EMP02449,CC0023,FI,2,Leave Start,,CAD,CAN,2025-04-10 09:00:00,CORE_HR
EVT00102235,2025-04-02,EMP00445,CC0077,AS,1,Step Increment,58585.56,CAD,CAN,2025-04-05 00:00:00,CORE_HR
EVT00101591,2025-04-13,EMP03196,CC0080,PA,1,Step Increment,7668221.13,JPY,JPN,2025-04-14 06:00:00,CORE_HR
EVT00103041,2025-04-04,EMP02476,CC0064,AS,3,Departure,,CAD,CA,2025-04-05 01:00:00,PAYROLL
EVT00103286,2025-04-21,EMP03685,CC0017,IT,2,Lateral Deployment,,CAD,CA,2025-04-21 14:00:00,PAYROLL
EVT00102737,2025-04-02,EMP05098,CC0088,IT,1,Step Increment,10132742.68,KES,KEN,2025-04-03 09:00:00,CORE_HR
EVT00102178,2025-04-08,EMP01999,CC0120,EN,3,Hire,125758.69,CAD,CAN,2025-04-09 00:00:00,CORE_HR
EVT00102299,2025-04-21,EMP01687,CC0012,EX,1,Leave Start,,CAD,CA,2025-04-21 07:00:00,PAYROLL
EVT00101600,2025-04-21,EMP00070,CC0038,CR,2,Departure,,CAD,CA,2025-04-22 07:00:00,PAYROLL
EVT00102823,2025-04-06,EMP00603,CC0068,PA,3,Hire,95029.87,CAD,CAN,2025-04-06 18:00:00,CORE_HR
EVT00103282,2025-04-05,EMP02250,CC0066,AS,2,Step Increment,51083.75,CAD,CA,2025-04-06 00:00:00,PAYROLL
EVT00103387,2025-04-23,EMP03993,CC0034,EN,2,Performance Pay,4660.78,CAD,CAN,2025-04-23 19:00:00,CORE_HR
EVT00102356,2025-04-23,EMP02663,CC0109,PA,2,Performance Pay,5179.5,CAD,CA,2025-04-23 12:00:00,PAYROLL
EVT00103498,2025-04-27,EMP00886,CC0055,PA,1,Step Increment,74083.98,CAD,CAN,2025-04-28 01:00:00,CORE_HR
EVT00102868,2025-04-23,EMP05079,CC0115,EN,1,Step Increment,83322.64,CAD,CAN,2025-04-24 14:00:00,CORE_HR
EVT00103404,2025-04-07,EMP00016,CC0032,EX,1,Departure,,CAD,CAN,2025-04-07 18:00:00,CORE_HR
EVT00103554,2025-04-06,EMP01186,CC0073,PA,3,Leave Return,,CAD,CAN,2025-04-07 08:00:00,CORE_HR
EVT00101685,2025-04-03,EMP02229,CC0013,CR,1,Step Increment,53137.81,CAD,CAN,2025-04-04 02:00:00,CORE_HR
EVT00102319,2025-04-11,EMP01175,CC0010,IT,2,Step Increment,100229.02,CAD,CAN,2025-04-11 10:00:00,CORE_HR
EVT00103256,2025-04-09,EMP00476,CC0050,EC,2,Performance Pay,11092.85,CAD,CA,2025-04-10 09:00:00,PAYROLL
EVT00102179,2025-04-07,EMP01376,CC0068,CR,5,Leave Start,,CAD,CAN,2025-04-07 17:00:00,CORE_HR
EVT00103305,2025-04-19,EMP00611,CC0082,IT,2,Leave Return,,CAD,CAN,2025-04-20 03:00:00,CORE_HR
EVT00103434,2025-04-12,EMP03870,CC0049,AS,3,Leave Return,,JPY,JP,2025-04-12 10:00:00,PAYROLL
EVT00103503,2025-04-06,EMP03405,CC0049,AS,4,Performance Pay,652900.55,INR,IN,2025-04-06 20:00:00,PAYROLL
EVT00103004,2025-04-22,EMP04992,CC0089,EC,1,Step Increment,81633.7,CAD,CAN,2025-04-22 10:00:00,CORE_HR
EVT00103160,2025-04-10,EMP04042,CC0075,PA,4,Step Increment,91778.3,CAD,CA,2025-04-11 03:00:00,PAYROLL
EVT00103364,2025-04-12,EMP03579,CC0036,EX,1,Lateral Deployment,,CAD,CAN,2025-04-13 09:00:00,CORE_HR
EVT00103254,2025-04-14,EMP00315,CC0029,EX,1,Step Increment,89068.63,SGD,SG,2025-04-15 02:00:00,PAYROLL
EVT00102219,2025-04-05,EMP03766,CC0096,CR,4,Lateral Deployment,,CAD,CAN,2025-04-05 13:00:00,CORE_HR
EVT00102146,2025-04-18,EMP04251,CC0064,IT,4,Lateral Deployment,,CAD,CAN,2025-04-18 10:00:00,CORE_HR
EVT00102257,2025-04-01,EMP04207,CC0070,PA,2,Leave Start,,CAD,CAN,2025-04-01 17:00:00,CORE_HR
EVT00102713,2025-04-05,EMP03396,CC0030,FI,4,Lateral Deployment,,MXN,MEX,2025-04-05 08:00:00,CORE_HR
EVT00103112,2025-04-05,EMP01339,CC0087,EC,4,Lateral Deployment,,CAD,CA,2025-04-05 23:00:00,PAYROLL
EVT00103316,2025-04-15,EMP01153,CC0031,AS,3,Step Increment,51336.82,SGD,SGP,2025-04-15 09:00:00,CORE_HR
EVT00102997,2025-04-03,EMP03217,CC0076,FI,4,Leave Start,,CAD,CAN,2025-04-03 14:00:00,CORE_HR
EVT00103444,2025-04-17,EMP00496,CC0028,PA,2,Performance Pay,4692.04,CAD,CA,2025-04-17 23:00:00,PAYROLL
EVT00102724,2025-04-20,EMP02131,CC0033,IT,2,Leave Start,,CAD,CA,2025-04-20 13:00:00,PAYROLL
EVT00102573,2025-04-13,EMP04503,CC0081,FI,1,Performance Pay,10674.68,CAD,CA,2025-04-13 16:00:00,PAYROLL
EVT00102302,2025-04-07,EMP04952,CC0051,IT,1,Performance Pay,7298.05,CAD,CAN,2025-04-08 13:00:00,CORE_HR
EVT00103070,2025-04-23,EMP03434,CC0082,EC,4,Step Increment,110163.23,CAD,CAN,2025-04-23 18:00:00,CORE_HR
EVT00102528,2025-04-26,EMP03825,CC0120,CR,5,Lateral Deployment,,CAD,CAN,2025-04-26 13:00:00,CORE_HR
EVT00103151,2025-04-10,EMP00523,CC0098,FI,3,Lateral Deployment,,CAD,CAN,2025-04-10 08:00:00,CORE_HR
EVT00101874,2025-04-15,EMP00475,CC0081,EN,1,Step Increment,85207.71,CAD,CA,2025-04-15 06:00:00,PAYROLL
EVT00103369,2025-04-25,EMP04603,CC0070,IT,2,Step Increment,81776.67,CAD,CA,2025-04-26 07:00:00,PAYROLL
EVT00103122,2025-04-23,EMP04950,CC0056,PA,2,Leave Start,,CAD,CAN,2025-04-23 14:00:00,CORE_HR
EVT00103067,2025-04-21,EMP02274,CC0069,EN,5,Step Increment,148279.16,CAD,CAN,2025-04-21 22:00:00,CORE_HR
EVT00102399,2025-04-15,EMP04520,CC0057,PA,3,Step Increment,72905.08,CAD,CAN,2025-04-16 12:00:00,CORE_HR
EVT00103053,2025-04-15,EMP01996,CC0027,PA,1,Step Increment,69869.68,CAD,CA,2025-04-15 10:00:00,PAYROLL
EVT00103461,2025-04-25,EMP03482,CC0046,EN,2,Leave Return,,SGD,SG,2025-04-26 12:00:00,PAYROLL
EVT00102472,2025-04-15,EMP01100,CC0090,PA,4,Lateral Deployment,,CAD,CAN,2025-04-16 01:00:00,CORE_HR
EVT00102858,2025-04-25,EMP01301,CC0105,AS,3,Step Increment,270931.45,BRL,BR,2025-04-26 03:00:00,PAYROLL
EVT00102614,2025-04-07,EMP02057,CC0109,IT,3,Departure,,CAD,CAN,2025-04-10 17:00:00,CORE_HR
EVT00102575,2025-04-10,EMP02056,CC0071,EN,1,Leave Start,,CAD,CA,2025-04-10 11:00:00,PAYROLL
EVT00102960,2025-04-17,EMP04013,CC0060,EX,2,Leave Start,,CAD,CAN,2025-04-18 08:00:00,CORE_HR
EVT00102984,2025-04-25,EMP04273,CC0099,EN,1,Leave Return,,CAD,CAN,2025-04-26 08:00:00,CORE_HR
EVT00101996,1900-01-01,EMP02232,CC0047,AS,3,Departure,,CAD,CAN,2025-04-16 09:00:00,CORE_HR
EVT00102927,2025-04-12,EMP04493,CC0089,FI,1,Leave Return,,CAD,CA,2025-04-12 06:00:00,PAYROLL
EVT00101867,2025-04-19,EMP02995,CC0016,FI,3,Leave Start,,CAD,CAN,2025-04-19 22:00:00,CORE_HR
EVT00102772,2025-04-21,EMP01614,CC0107,EC,4,Step Increment,113872.02,CAD,CA,2025-04-21 19:00:00,PAYROLL
EVT00101801,2025-04-12,EMP02307,CC0011,AS,3,Step Increment,63111.63,CAD,CAN,2025-04-12 10:00:00,CORE_HR
EVT00102584,2025-04-15,EMP00264,CC0093,EX,1,Promotion,120594.35,CAD,CA,2025-04-15 13:00:00,PAYROLL
EVT00102235,2025-04-02,EMP00445,CC0077,AS,1,Step Increment,-58585.56,CAD,CAN,2025-04-03 15:00:00,CORE_HR
EVT00101714,2025-04-27,EMP00356,CC0045,EX,1,Step Increment,123338.6,CAD,CAN,2025-04-27 23:00:00,CORE_HR
EVT00102380,2025-04-18,EMP02988,CC0038,AS,5,Step Increment,96874.56,CAD,CAN,2025-04-19 07:00:00,CORE_HR
EVT00101901,2025-04-14,EMP02955,CC0028,PA,1,Performance Pay,4939.66,CAD,CAN,2025-04-14 20:00:00,CORE_HR
EVT00101749,2025-04-09,EMP02929,CC0031,IT,1,Leave Return,,SGD,SGP,2025-04-10 10:00:00,CORE_HR
EVT00101461,2025-04-25,EMP01607,CC0063,IT,5,Lateral Deployment,,CAD,CAN,2025-04-25 06:00:00,CORE_HR
EVT00102140,2025-04-08,EMP03385,CC0018,FI,3,Leave Start,,CAD,CA,2025-04-08 23:00:00,PAYROLL
EVT00102688,2025-04-07,EMP04487,CC0020,EN,2,Promotion,83975.9,CAD,CAN,2025-04-08 02:00:00,CORE_HR
EVT00102355,2025-04-20,EMP02450,CC0072,EX,2,Step Increment,158010.48,CAD,CAN,2025-04-20 21:00:00,CORE_HR
EVT00101421,2025-04-05,EMP03383,CC0034,AS,4,Leave Return,,CAD,CAN,2025-04-05 23:00:00,CORE_HR
EVT00101452,2025-04-26,EMP03404,CC0016,EN,3,Leave Return,,CAD,CA,2025-04-27 02:00:00,PAYROLL
EVT00103437,2025-04-15,EMP04635,CC0099,CR,3,Step Increment,66754.09,CAD,CAN,2025-04-15 21:00:00,CORE_HR
EVT00103068,2025-04-09,EMP05170,CC0096,CR,1,Leave Return,,CAD,CA,2025-04-09 10:00:00,PAYROLL
EVT00101666,2025-04-27,EMP00410,CC0118,PA,3,Step Increment,101358.75,CAD,CAN,2025-04-27 20:00:00,CORE_HR
EVT00101674,2025-04-17,EMP01551,CC0025,CR,1,Leave Return,,CAD,CA,2025-04-18 08:00:00,PAYROLL
EVT00102118,2025-04-13,EMP03954,CC0115,FI,3,Leave Start,,CAD,CAN,2025-04-13 14:00:00,CORE_HR
EVT00101655,2025-04-21,EMP04428,CC0009,FI,1,Step Increment,82222.7,AUD,AU,2025-04-21 20:00:00,PAYROLL
EVT00102283,2025-04-20,EMP00107,CC0031,AS,3,Step Increment,8665819.67,KES,KEN,2025-04-21 01:00:00,CORE_HR
EVT00102904,2025-04-03,EMP03221,CC0073,EX,2,Leave Return,,CAD,CA,2025-04-03 23:00:00,PAYROLL
EVT00102519,2025-04-26,EMP00424,CC0120,EX,1,Hire,112642.39,CAD,CAN,2025-04-26 21:00:00,CORE_HR
EVT00103392,2025-04-21,EMP04208,CC0112,EX,1,Leave Start,,CAD,CAN,2025-04-22 04:00:00,CORE_HR
EVT00101861,2025-04-07,EMP04645,CC0085,FI,1,Step Increment,75696.64,CAD,CAN,2025-04-07 10:00:00,CORE_HR
EVT00101970,2025-04-03,EMP00653,CC0006,AS,3,Step Increment,76825.78,CAD,CA,2025-04-04 14:00:00,PAYROLL
EVT00101858,2025-04-19,EMP04247,CC0063,IT,3,Departure,,CAD,CAN,2025-04-19 08:00:00,CORE_HR
EVT00102690,2025-04-18,EMP04813,CC0032,IT,3,Performance Pay,14584.77,CAD,CA,2025-04-19 11:00:00,PAYROLL
EVT00101665,2025-04-07,EMP04654,CC0034,AS,1,Departure,,CAD,CAN,2025-04-08 09:00:00,CORE_HR
EVT00102986,2025-04-23,EMP00302,CC0096,EN,3,Step Increment,137005.29,CAD,CAN,2025-04-23 10:00:00,CORE_HR
EVT00101429,2025-04-10,EMP00652,CC0073,IT,4,Leave Return,,CAD,CA,2025-04-11 03:00:00,PAYROLL
EVT00102051,2025-04-03,EMP03768,CC0049,FI,3,Leave Return,,AUD,AUS,2025-04-03 23:00:00,CORE_HR
EVT00102817,2025-04-11,EMP02694,CC0018,EN,3,Leave Start,,CAD,CA,2025-04-11 15:00:00,PAYROLL
EVT00102203,2025-04-06,EMP02078,CC0048,IT,3,Hire,91615.19,CAD,CA,2025-04-06 23:00:00,PAYROLL
EVT00102870,2025-04-27,EMP02707,CC0053,EC,2,Performance Pay,8670.95,CAD,CAN,2025-04-30 07:00:00,CORE_HR
EVT00102253,2025-04-05,EMP01734,CC0040,EC,3,Step Increment,105765.08,CAD,CAN,2025-04-05 12:00:00,CORE_HR
EVT00103473,2025-04-16,EMP03171,CC0022,EC,2,Step Increment,98796.7,CAD,CAN,2025-04-16 13:00:00,CORE_HR
EVT00101608,2025-04-24,EMP01727,CC0072,EN,1,Step Increment,92399.22,CAD,CA,2025-04-24 23:00:00,PAYROLL
EVT00102064,2025-04-24,EMP02410,CC0048,IT,1,Step Increment,87778.62,CAD,CAN,2025-04-25 06:00:00,CORE_HR
EVT00103289,2025-04-05,EMP00240,CC0115,EN,4,Departure,,CAD,CAN,2025-04-05 10:00:00,CORE_HR
EVT00103504,2025-04-02,EMP01968,CC0037,AS,2,Step Increment,67250.23,CAD,CAN,2025-04-02 08:00:00,CORE_HR
EVT00101882,2025-04-13,EMP03843,CC0049,EX,1,Performance Pay,164809.65,MXN,MEX,2025-04-14 14:00:00,CORE_HR
EVT00102706,2025-04-16,EMP04413,CC0105,EX,3,Step Increment,157251.54,EUR,FRA,2025-04-17 00:00:00,CORE_HR
EVT00103225,2025-04-16,EMP01094,CC0038,FI,4,Departure,,CAD,CAN,2025-04-16 19:00:00,CORE_HR
EVT00103306,2025-04-09,EMP02652,CC0031,IT,3,Departure,,SGD,SG,2025-04-09 23:00:00,PAYROLL
EVT00101747,2025-04-02,EMP03948,CC0063,CR,1,Leave Start,,CAD,CA,2025-04-02 17:00:00,PAYROLL
EVT00102861,2025-04-09,EMP03693,CC0048,FI,2,Step Increment,94545.37,CAD,CAN,2025-04-10 05:00:00,CORE_HR
EVT00101905,2025-04-27,EMP01147,CC0051,EX,1,Step Increment,138790.93,CAD,CAN,2025-04-27 10:00:00,CORE_HR
EVT00101586,1900-01-01,EMP00583,CC0043,AS,2,Step Increment,72311.91,CAD,CA,2025-04-16 19:00:00,PAYROLL
EVT00101976,2025-04-24,EMP02687,CC0101,EN,3,Lateral Deployment,,CAD,CA,2025-04-24 17:00:00,PAYROLL
EVT00103507,2025-04-03,EMP01359,CC0043,PA,1,Lateral Deployment,,CAD,CAN,2025-04-04 09:00:00,CORE_HR
EVT00103526,2025-04-05,EMP05040,CC0025,EN,1,Step Increment,81906.64,CAD,CAN,2025-04-05 17:00:00,CORE_HR
EVT00103141,2025-04-12,EMP02211,CC0004,PA,4,Step Increment,105745.19,CAD,CAN,2025-04-13 02:00:00,CORE_HR
EVT00101557,2025-04-14,EMP01384,CC0098,PA,3,Step Increment,87769.2,CAD,CAN,2025-04-14 10:00:00,CORE_HR
EVT00101667,2025-04-22,EMP00465,CC0093,CR,5,Step Increment,91160.86,CAD,CAN,2025-04-22 06:00:00,CORE_HR
EVT00101690,2025-04-21,EMP02523,CC0072,CR,3,Lateral Deployment,,CAD,CA,2025-04-21 09:00:00,PAYROLL
EVT00103084,2025-04-02,EMP04610,CC0108,IT,3,Leave Return,,EUR,DEU,2025-04-02 10:00:00,CORE_HR
EVT00102809,2025-04-12,EMP03652,CC0085,EN,2,Promotion,90127.29,CAD,CAN,2025-04-12 10:00:00,CORE_HR
EVT00103183,2025-04-01,EMP05165,CC0021,IT,2,Performance Pay,10246.86,CAD,CAN,2025-04-02 10:00:00,CORE_HR
EVT00102805,2025-04-17,EMP01384,CC0098,PA,3,Leave Start,,CAD,CAN,2025-04-17 08:00:00,CORE_HR
EVT00103347,2025-04-15,EMP04515,CC0102,AS,2,Departure,,CAD,CA,2025-04-15 22:00:00,PAYROLL
EVT00102755,2025-04-22,EMP01962,CC0025,PA,2,Step Increment,72631.89,CAD,CA,2025-04-23 01:00:00,PAYROLL
EVT00103239,2025-04-10,EMP03098,CC0015,IT,2,Performance Pay,13545.73,CAD,CA,2025-04-10 20:00:00,PAYROLL
EVT00102044,2025-04-14,EMP01224,CC0023,AS,3,Step Increment,78377.18,CAD,CAN,2025-04-15 12:00:00,CORE_HR
EVT00102443,2025-04-24,EMP04375,CC0099,FI,1,Leave Start,,CAD,CAN,2025-04-24 14:00:00,CORE_HR
EVT00103231,2025-04-01,EMP03090,CC0107,CR,2,Step Increment,72750.86,CAD,CAN,2025-04-05 05:00:00,CORE_HR
EVT00102876,2025-04-25,EMP04693,CC0007,FI,2,Performance Pay,2733.93,SGD,SGP,2025-04-26 12:00:00,CORE_HR
EVT00102672,2025-04-24,EMP04698,CC0005,PA,1,Step Increment,73082.0,CAD,CAN,2025-04-25 05:00:00,CORE_HR
EVT00102756,2025-04-09,EMP01035,CC0084,EC,3,Lateral Deployment,,XXX,CAN,2025-04-09 14:00:00,CORE_HR
EVT00101435,2025-04-08,EMP01178,CC0060,AS,3,Step Increment,70101.63,CAD,CA,2025-04-09 01:00:00,PAYROLL
EVT00101490,2025-04-19,EMP00200,CC0105,AS,2,Performance Pay,4235.68,SGD,SGP,2025-04-19 23:00:00,CORE_HR
EVT00102459,2025-04-03,EMP04537,CC0054,EX,1,Step Increment,96091.88,EUR,DEU,2025-04-04 14:00:00,CORE_HR
EVT00102091,2025-04-08,EMP04664,CC0093,AS,4,Hire,82929.2,CAD,CAN,2025-04-09 13:00:00,CORE_HR
EVT00102937,2025-04-25,EMP00383,CC0110,EX,1,Lateral Deployment,,CAD,CAN,2025-04-25 10:00:00,CORE_HR
EVT00103246,2025-04-26,EMP03362,CC0005,AS,3,Step Increment,71962.03,CAD,CA,2025-04-26 13:00:00,PAYROLL
EVT00102976,2025-04-14,EMP02405,CC0065,AS,2,Performance Pay,6164.25,SGD,SGP,2025-04-14 09:00:00,CORE_HR
EVT00102193,2025-04-27,EMP05017,CC0022,EC,1,Departure,,CAD,CAN,2025-04-28 11:00:00,CORE_HR
EVT00103549,2025-04-03,EMP00397,CC0114,CR,1,Step Increment,46697.92,CAD,CA,2025-04-04 14:00:00,PAYROLL
EVT00102263,2025-04-09,EMP04728,CC0083,PA,3,Step Increment,88457.81,CAD,CA,2025-04-10 07:00:00,PAYROLL
EVT00103024,2025-04-10,EMP00622,CC0079,AS,3,Departure,,CAD,CA,2025-04-10 17:00:00,PAYROLL
EVT00101755,2025-04-07,EMP00972,CC0044,EN,1,Step Increment,98088.74,CAD,CA,2025-04-08 15:00:00,PAYROLL
EVT00102425,2025-04-25,EMP02709,CC0068,CR,3,Step Increment,69545.78,CAD,CA,2025-04-25 17:00:00,PAYROLL
EVT00102583,2025-04-12,EMP00347,CC0073,AS,1,Performance Pay,7324.68,CAD,CA,2025-04-13 09:00:00,PAYROLL
EVT00103396,2025-04-01,EMP01654,CC0112,FI,2,Step Increment,83474.5,CAD,CAN,2025-04-01 22:00:00,CORE_HR
EVT00103215,2025-04-22,EMP03147,CC0074,EN,4,Leave Start,,BRL,BRA,2025-04-22 14:00:00,CORE_HR
EVT00102496,2025-04-18,EMP03534,CC0078,IT,1,Performance Pay,5951.14,CAD,CAN,2025-04-19 00:00:00,CORE_HR
EVT00102790,2025-04-17,EMP04104,CC0029,PA,2,Departure,,EUR,DEU,2025-04-18 11:00:00,CORE_HR
EVT00101705,2025-04-21,EMP05100,CC0043,AS,3,Step Increment,82671.86,CAD,CAN,2025-04-22 03:00:00,CORE_HR
EVT00102460,2025-04-18,EMP02502,CC0038,AS,1,Leave Return,,CAD,CAN,2025-04-18 21:00:00,CORE_HR
EVT00102458,2025-04-12,EMP02675,CC0102,CR,3,Step Increment,70722.76,CAD,CA,2025-04-13 12:00:00,PAYROLL
EVT00102523,2025-04-09,EMP03159,CC0042,FI,2,Leave Start,,CAD,CAN,2025-04-09 16:00:00,CORE_HR
EVT00102870,2025-04-27,EMP02707,CC0053,EC,2,Performance Pay,8670.95,CAD,CAN,2025-04-28 03:00:00,CORE_HR
EVT00102486,2025-04-08,EMP03719,CC0028,EX,1,Step Increment,145097.48,CAD,CAN,2025-04-09 00:00:00,CORE_HR
EVT00101909,2025-04-21,EMP02040,CC0068,IT,1,Lateral Deployment,,CAD,CAN,2025-04-22 04:00:00,CORE_HR
EVT00102249,2025-04-23,EMP00939,CC0063,IT,3,Leave Start,,CAD,CAN,2025-04-24 14:00:00,CORE_HR
EVT00102574,2025-04-10,EMP02974,CC0075,EX,3,Step Increment,176444.87,CAD,CA,2025-04-10 16:00:00,PAYROLL
EVT00102375,2025-04-08,EMP04263,CC0062,PA,3,Performance Pay,5760.47,CAD,CA,2025-04-08 08:00:00,PAYROLL
EVT00102161,2025-04-19,EMP04015,CC0057,EN,1,Performance Pay,6480.26,CAD,CAN,2025-04-19 06:00:00,CORE_HR
EVT00102886,2025-04-17,EMP03165,CC0087,CR,1,Lateral Deployment,,CAD,CA,2025-04-17 21:00:00,PAYROLL
EVT00101725,2025-04-08,EMP03852,CC0101,CR,2,Performance Pay,3531.67,CAD,CAN,2025-04-08 22:00:00,CORE_HR
EVT00101772,2025-04-22,EMP02211,CC0004,PA,4,Step Increment,90599.67,CAD,CAN,2025-04-23 07:00:00,CORE_HR
EVT00102989,2025-04-03,EMP05029,CC0106,PA,1,Lateral Deployment,,CAD,CAN,2025-04-04 05:00:00,CORE_HR
EVT00102413,2025-04-15,EMP03995,CC0070,PA,3,Lateral Deployment,,CAD,CAN,2025-04-16 00:00:00,CORE_HR
EVT00102388,2025-04-15,EMP00936,CC0014,FI,4,Step Increment,114796.16,CAD,CAN,2025-04-15 10:00:00,CORE_HR
EVT00101965,2025-04-19,EMP00065,CC0092,EX,2,Step Increment,191543.07,CAD,CA,2025-04-19 09:00:00,PAYROLL
EVT00102653,2025-04-18,EMP02838,CC0047,FI,4,Departure,,CAD,CAN,2025-04-18 23:00:00,CORE_HR
EVT00103238,2025-04-09,EMP04812,CC0059,IT,4,Step Increment,144211.58,CAD,CA,2025-04-10 02:00:00,PAYROLL
EVT00103133,2025-04-21,EMP02123,CC0057,IT,5,Leave Start,,CAD,CA,2025-04-21 21:00:00,PAYROLL
EVT00103435,2025-04-21,EMP04014,CC0104,IT,4,Departure,,CAD,CA,2025-04-22 09:00:00,PAYROLL
EVT00101849,2025-04-23,EMP02645,CC0018,PA,1,Performance Pay,4453.8,CAD,CAN,2025-04-24 08:00:00,CORE_HR
EVT00101629,2025-04-10,EMP00129,CC0023,IT,2,Leave Start,,CAD,CA,2025-04-11 07:00:00,PAYROLL
EVT00103457,2025-04-17,EMP01951,CC0082,EN,2,Leave Start,,CAD,CA,2025-04-17 06:00:00,PAYROLL
EVT00102543,2025-04-11,EMP02686,CC0117,CR,4,Step Increment,62516.45,CAD,CAN,2025-04-12 11:00:00,CORE_HR
EVT00103094,2025-04-26,EMP00979,CC0027,FI,2,Step Increment,98261.26,CAD,CAN,2025-04-26 20:00:00,CORE_HR
EVT00103319,2025-04-03,EMP04314,CC0019,EN,1,Departure,,CAD,CAN,2025-04-03 14:00:00,CORE_HR
EVT00103073,2025-04-12,EMP00094,CC0033,CR,5,Step Increment,90735.33,CAD,CA,2025-04-12 20:00:00,PAYROLL
EVT00101843,2025-04-03,EMP02473,CC0060,PA,4,Step Increment,71547.0,CAD,CA,2025-04-04 08:00:00,PAYROLL
EVT00102544,2025-04-03,EMP03898,CC0064,IT,4,Step Increment,101600.21,CAD,CA,2025-04-03 10:00:00,PAYROLL
EVT00102363,2025-04-02,EMP04366,CC0063,EC,1,Leave Start,,CAD,CAN,2025-04-03 07:00:00,CORE_HR
EVT00101672,2025-04-05,EMP02862,CC0030,PA,3,Leave Return,,EUR,DEU,2025-04-06 00:00:00,CORE_HR
EVT00101625,2025-04-01,EMP00930,CC0081,PA,2,Performance Pay,3236.42,CAD,CAN,2025-04-02 05:00:00,CORE_HR
EVT00102385,2025-04-16,EMP00495,CC0085,FI,3,Performance Pay,11823.66,CAD,CA,2025-04-17 02:00:00,PAYROLL
EVT00102571,2025-04-25,EMP01491,CC0069,IT,2,Leave Return,,CAD,CAN,2025-04-25 20:00:00,CORE_HR
EVT00103230,2025-04-03,EMP04935,CC0054,AS,1,Leave Start,,EUR,DE,2025-04-03 14:00:00,PAYROLL
EVT00101452,2025-04-26,EMP03404,CC0016,EN,3,Leave Return,,CAD,CA,2025-04-29 00:00:00,PAYROLL
EVT00101459,2025-04-03,EMP01330,CC0108,EC,1,Lateral Deployment,,BRL,BRA,2025-04-03 18:00:00,CORE_HR
EVT00102129,2025-04-26,EMP02359,CC0038,EN,3,Departure,,CAD,CAN,2025-04-27 15:00:00,CORE_HR
EVT00103453,2025-04-09,EMP01151,CC0107,EN,2,Performance Pay,9377.6,CAD,CAN,2025-04-09 15:00:00,CORE_HR
EVT00102966,2025-04-24,EMP04925,CC0067,EX,2,Step Increment,152944.7,CAD,CAN,2025-04-24 23:00:00,CORE_HR
EVT00102209,2025-04-24,EMP02933,CC0092,IT,2,Step Increment,105796.85,CAD,CA,2025-04-25 08:00:00,PAYROLL
EVT00103187,2025-04-16,EMP00331,CC0066,PA,3,Promotion,90526.46,CAD,CAN,2025-04-17 05:00:00,CORE_HR
EVT00101962,2025-04-05,EMP00398,CC0076,PA,5,Leave Return,,CAD,CA,2025-04-06 07:00:00,PAYROLL
EVT00102230,2025-04-02,EMP02554,CC0028,PA,4,Leave Return,,CAD,CA,2025-04-03 03:00:00,PAYROLL
EVT00101873,2025-04-19,EMP03843,CC0049,EX,1,Step Increment,365447.44,AED,AE,2025-04-19 14:00:00,PAYROLL
EVT00103455,2025-04-21,EMP01831,CC0084,PA,5,Lateral Deployment,,CAD,CAN,2025-04-22 13:00:00,CORE_HR
EVT00102562,2025-04-18,EMP02035,CC0062,PA,4,Leave Start,,CAD,CAN,2025-04-18 17:00:00,CORE_HR
EVT00103380,2025-04-15,EMP01231,CC0036,EX,1,Lateral Deployment,,CAD,CA,2025-04-16 04:00:00,PAYROLL
EVT00101551,2025-04-12,EMP00387,CC0052,PA,2,Step Increment,75269.22,CAD,CAN,2025-04-16 02:00:00,CORE_HR
EVT00103487,2025-04-12,EMP01414,CC0001,EN,1,Performance Pay,11023.48,CAD,CA,2025-04-12 08:00:00,PAYROLL
EVT00103107,2025-04-01,EMP04841,CC0061,AS,3,Step Increment,88026.98,CAD,CAN,2025-04-01 23:00:00,CORE_HR
EVT00102406,2025-04-06,EMP00422,CC0115,PA,5,Step Increment,107178.55,CAD,CAN,2025-04-07 02:00:00,CORE_HR
EVT00103262,2025-04-17,EMP01354,CC0017,EN,1,Lateral Deployment,,CAD,CAN,2025-04-17 10:00:00,CORE_HR
EVT00102371,2025-04-11,EMP01727,CC0072,EN,1,Performance Pay,10858.03,CAD,CAN,2025-04-11 07:00:00,CORE_HR
EVT00102418,2025-04-22,EMP01912,CC0077,FI,3,Departure,,CAD,CAN,2025-04-22 18:00:00,CORE_HR
EVT00101983,2025-04-18,EMP01835,CC0082,CR,1,Step Increment,55771.5,CAD,CA,2025-04-18 11:00:00,PAYROLL
EVT00103510,2025-04-15,EMP04951,CC0093,PA,3,Lateral Deployment,,CAD,CAN,2025-04-15 15:00:00,CORE_HR
EVT00101816,2025-04-23,EMP03809,CC0023,CR,4,Performance Pay,4276.25,CAD,CAN,2025-04-24 15:00:00,CORE_HR
EVT00103020,2025-04-22,EMP01151,CC0107,EN,2,Performance Pay,13330.38,CAD,CAN,2025-04-23 14:00:00,CORE_HR
EVT00102456,2025-04-01,EMP01480,CC0103,IT,2,Lateral Deployment,,CAD,CAN,2025-04-02 10:00:00,CORE_HR
EVT00103025,2025-04-26,EMP04570,CC0006,EC,3,Lateral Deployment,,CAD,CA,2025-04-26 21:00:00,PAYROLL
EVT00103237,2025-04-21,EMP04791,CC0053,IT,3,Leave Start,,CAD,CA,2025-04-21 08:00:00,PAYROLL
EVT00103167,2025-04-20,EMP02178,CC0056,PA,1,Performance Pay,5220.95,CAD,CAN,2025-04-20 10:00:00,CORE_HR
EVT00102969,2025-04-08,EMP01964,CC0115,EC,4,Step Increment,125446.66,CAD,CA,2025-04-08 06:00:00,PAYROLL
EVT00101651,2025-04-01,EMP01575,CC0054,CR,2,Hire,5012148.43,JPY,JP,2025-04-02 01:00:00,PAYROLL
EVT00101699,2025-04-14,EMP00390,CC0066,EN,2,Performance Pay,9762.02,CAD,CAN,2025-04-14 08:00:00,CORE_HR
EVT00101525,2025-04-22,EMP04573,CC0117,AS,1,Performance Pay,5174.98,CAD,CA,2025-04-23 01:00:00,PAYROLL
EVT00103284,2025-04-09,EMP01784,CC0096,EN,1,Step Increment,98448.58,CAD,CAN,2025-04-09 15:00:00,CORE_HR
EVT00101920,2025-04-22,EMP00010,CC0027,EC,2,Leave Return,,CAD,CA,2025-04-22 19:00:00,PAYROLL
EVT00102793,2025-04-18,EMP00358,CC0086,AS,2,Lateral Deployment,,MXN,MEX,2025-04-19 12:00:00,CORE_HR
EVT00102028,2025-04-17,EMP01076,CC0102,IT,1,Step Increment,74053.61,CAD,CAN,2025-04-18 00:00:00,CORE_HR
EVT00102801,2025-04-12,EMP02004,CC0062,EC,5,Step Increment,136856.82,CAD,CA,2025-04-15 07:00:00,PAYROLL
EVT00102342,2025-04-16,EMP04852,CC0077,EN,3,Step Increment,116861.15,CAD,CA,2025-04-17 11:00:00,PAYROLL
EVT00103273,2025-04-23,EMP05161,CC0006,IT,5,Leave Return,,CAD,CAN,2025-04-23 17:00:00,CORE_HR
EVT00101663,2025-04-17,EMP00803,CC0068,EX,1,Leave Start,,CAD,CAN,2025-04-17 16:00:00,CORE_HR
EVT00103257,2025-04-08,EMP02633,CC0045,CR,5,Step Increment,91197.12,CAD,CAN,2025-04-08 21:00:00,CORE_HR
EVT00102723,2025-04-20,EMP02115,CC0080,EC,4,Departure,,BRL,BRA,2025-04-21 05:00:00,CORE_HR
EVT00102438,2025-04-24,EMP03284,CC0092,EN,3,Step Increment,119812.29,CAD,CAN,2025-04-25 04:00:00,CORE_HR
EVT00102037,2025-04-08,EMP02397,CC0040,PA,1,Step Increment,62364.37,CAD,CAN,2025-04-08 21:00:00,CORE_HR
EVT00101451,2025-04-23,EMP03618,CC0084,EX,1,Leave Return,,CAD,CAN,2025-04-23 16:00:00,CORE_HR
EVT00102777,2025-04-11,EMP03027,CC0029,PA,1,Step Increment,45220.21,EUR,DEU,2025-04-12 06:00:00,CORE_HR
EVT00102707,2025-04-07,EMP04894,CC0008,AS,4,Step Increment,93606.43,CAD,CA,2025-04-08 00:00:00,PAYROLL
EVT00103542,2025-04-10,EMP00214,CC0057,EC,3,Lateral Deployment,,CAD,CA,2025-04-10 06:00:00,PAYROLL
EVT00102668,2025-04-21,EMP01755,CC0047,PA,4,Step Increment,105984.41,CAD,CAN,2025-04-21 09:00:00,CORE_HR
EVT00103297,2025-04-18,EMP04646,CC0004,EN,1,Step Increment,89966.78,CAD,CAN,2025-04-18 22:00:00,CORE_HR
EVT00102377,2025-04-11,EMP01422,CC0099,IT,2,Leave Start,,CAD,CAN,2025-04-12 12:00:00,CORE_HR
EVT00101694,2025-04-02,EMP03070,CC0106,AS,2,Step Increment,63326.73,CAD,CAN,2025-04-03 05:00:00,CORE_HR
EVT00102454,2025-04-19,EMP03513,CC0084,EN,3,Step Increment,122597.95,CAD,CAN,2025-04-19 18:00:00,CORE_HR
EVT00101847,2025-04-26,EMP00794,CC0031,IT,3,Performance Pay,93428.78,MXN,MEX,2025-04-26 18:00:00,CORE_HR
EVT00102516,2025-04-08,EMP01885,CC0072,EC,1,Step Increment,87893.3,CAD,CA,2025-04-09 15:00:00,PAYROLL
EVT00101448,2025-04-14,EMP01574,CC0020,PA,3,Step Increment,96296.05,CAD,CAN,2025-04-14 16:00:00,CORE_HR
EVT00101506,2025-04-22,EMP03504,CC0108,PA,2,Performance Pay,5004.54,USD,US,2025-04-23 08:00:00,PAYROLL
EVT00102970,2025-04-15,EMP03667,CC0095,EN,1,Step Increment,89733.53,CAD,CAN,2025-04-16 14:00:00,CORE_HR
EVT00102226,2025-04-10,EMP04824,CC0014,CR,2,Leave Start,,CAD,CAN,2025-04-11 06:00:00,CORE_HR
EVT00103185,2025-04-26,EMP04708,CC0058,PA,2,Step Increment,77312.09,CAD,CA,2025-04-27 01:00:00,PAYROLL
EVT00101736,2025-04-13,EMP01639,CC0079,FI,2,Leave Start,,CAD,CAN,2025-04-14 10:00:00,CORE_HR
EVT00102122,2025-04-08,EMP01689,CC0062,PA,3,Step Increment,88535.92,CAD,CAN,2025-04-09 15:00:00,CORE_HR
EVT00102921,2025-04-08,EMP04717,CC0101,EN,1,Step Increment,90143.68,CAD,CA,2025-04-09 08:00:00,PAYROLL
EVT00102961,2025-04-08,EMP03848,CC0018,CR,5,Leave Start,,CAD,CAN,2025-04-08 09:00:00,CORE_HR
EVT00101785,2025-04-01,EMP01485,CC0088,EN,4,Hire,16301891.36,KES,KE,2025-04-02 07:00:00,PAYROLL
EVT00103281,2025-04-19,EMP01904,CC0016,EX,1,Step Increment,149447.59,CAD,CA,2025-04-19 21:00:00,PAYROLL
EVT00101491,2025-04-27,EMP02557,CC0026,EX,2,Step Increment,170238.55,CAD,CAN,2025-04-27 20:00:00,CORE_HR
EVT00101484,2025-04-02,EMP00501,CC0006,FI,1,Step Increment,78028.78,CAD,CAN,2025-04-03 09:00:00,CORE_HR
EVT00102260,2025-04-01,EMP05004,CC0113,PA,1,Step Increment,67389.21,XXX,CA,2025-04-02 04:00:00,PAYROLL
EVT00101427,2025-04-11,EMP01641,CC0014,AS,1,Step Increment,58220.4,CAD,CAN,2025-04-11 07:00:00,CORE_HR
EVT00101680,2025-04-21,EMP03293,CC0048,FI,3,Leave Return,,CAD,CA,2025-04-22 09:00:00,PAYROLL
EVT00102883,2025-04-24,EMP03356,CC0076,EC,3,Step Increment,109080.53,CAD,CA,2025-04-24 11:00:00,PAYROLL
EVT00101487,2025-04-16,EMP02795,CC0031,PA,2,Leave Return,,JPY,JPN,2025-04-17 04:00:00,CORE_HR
EVT00102003,2025-04-24,EMP03386,CC0065,AS,1,Hire,4780379.15,INR,IND,2025-04-26 21:00:00,CORE_HR
EVT00102164,2025-04-24,EMP01889,CC0008,PA,5,Departure,,CAD,CAN,2025-04-24 21:00:00,CORE_HR
EVT00103063,2025-04-27,EMP00869,CC0031,IT,4,Leave Return,,MXN,MEX,2025-04-27 21:00:00,CORE_HR
EVT00102787,2025-04-23,EMP03623,CC0094,PA,3,Leave Return,,CAD,CAN,2025-04-23 13:00:00,CORE_HR
EVT00101720,2025-04-22,EMP00713,CC0004,AS,5,Performance Pay,9435.99,CAD,CAN,2025-04-23 12:00:00,CORE_HR
EVT00103480,2025-04-17,EMP01370,CC0095,PA,5,Leave Start,,CAD,CAN,2025-04-17 18:00:00,CORE_HR
EVT00102391,2025-04-16,EMP01042,CC0015,EX,1,Leave Start,,CAD,CAN,2025-04-16 11:00:00,CORE_HR
EVT00102863,2025-04-09,EMP04297,CC0105,PA,2,Departure,,MXN,MX,2025-04-09 08:00:00,PAYROLL
EVT00102367,2025-04-14,EMP02093,CC0066,EX,3,Leave Return,,CAD,CAN,2025-04-14 18:00:00,CORE_HR
EVT00102017,2025-04-09,EMP03145,CC0028,EC,1,Step Increment,103839.07,CAD,CA,2025-04-10 12:00:00,PAYROLL
EVT00101940,2025-04-22,EMP02776,CC0005,IT,2,Leave Start,,CAD,CAN,2025-04-23 02:00:00,CORE_HR
EVT00101928,2025-04-12,EMP04428,CC0009,FI,1,Leave Start,,USD,USA,2025-04-12 15:00:00,CORE_HR
EVT00103476,2025-04-26,EMP00979,CC0027,FI,2,Step Increment,99354.6,CAD,CA,2025-04-27 04:00:00,PAYROLL
EVT00102940,2025-04-01,EMP04133,CC0003,PA,1,Step Increment,65563.7,CAD,CA,2025-04-02 14:00:00,PAYROLL
EVT00103384,2025-04-23,EMP01245,CC0081,EX,1,Leave Return,,CAD,CAN,2025-04-23 12:00:00,CORE_HR
EVT00102939,2025-04-25,EMP00408,CC0025,PA,4,Step Increment,90317.74,CAD,CAN,2025-04-25 13:00:00,CORE_HR
EVT00101658,2025-04-11,EMP01685,CC0025,IT,1,Performance Pay,4121.13,CAD,CA,2025-04-12 08:00:00,PAYROLL
EVT00103467,2025-04-21,EMP00257,CC0065,IT,3,Lateral Deployment,,KES,KE,2025-04-21 19:00:00,PAYROLL
EVT00101879,2025-04-24,EMP03738,CC0012,FI,5,Step Increment,131883.02,CAD,CA,2025-04-24 18:00:00,PAYROLL
EVT00103079,2025-04-10,EMP03732,CC0108,PA,2,Leave Start,,USD,US,2025-04-11 03:00:00,PAYROLL
EVT00101811,2025-04-04,EMP02721,CC0085,FI,1,Lateral Deployment,,CAD,CA,2025-04-05 04:00:00,PAYROLL
EVT00101579,2025-04-22,EMP01562,CC0046,CR,4,Step Increment,46836.24,GBP,GBR,2025-04-22 15:00:00,CORE_HR
EVT00101450,2025-04-06,EMP01927,CC0115,PA,3,Step Increment,95592.36,CAD,CA,2025-04-07 15:00:00,PAYROLL
EVT00102590,2025-04-14,EMP02201,CC0080,EC,1,Departure,,SGD,SGP,2025-04-15 03:00:00,CORE_HR
EVT00101871,2025-04-03,EMP04563,CC0014,EC,3,Step Increment,136692.8,CAD,CAN,2025-04-04 12:00:00,CORE_HR
EVT00101981,2025-04-20,EMP03768,CC0049,FI,3,Leave Return,,EUR,DE,2025-04-21 11:00:00,PAYROLL
EVT00102131,2025-04-04,EMP04204,CC0006,IT,3,Performance Pay,6455.09,CAD,CA,2025-04-04 09:00:00,PAYROLL
EVT00102541,2025-04-26,EMP02430,CC0116,AS,1,Step Increment,60502.7,CAD,CAN,2025-04-26 08:00:00,CORE_HR
EVT00101606,2025-04-23,EMP05003,CC0076,FI,1,Hire,86061.94,CAD,CA,2025-04-23 08:00:00,PAYROLL
EVT00103299,2025-04-23,EMP03767,CC0014,IT,3,Promotion,123799.24,CAD,CAN,2025-04-24 14:00:00,CORE_HR
EVT00102585,2025-04-14,EMP01934,CC0027,FI,5,Lateral Deployment,,CAD,CAN,2025-04-15 13:00:00,CORE_HR
EVT00102488,2025-04-05,EMP03407,CC0023,AS,3,Hire,82392.82,CAD,CAN,2025-04-05 23:00:00,CORE_HR
EVT00103515,2025-04-01,EMP03175,CC0043,EX,2,Performance Pay,15122.5,CAD,CAN,2025-04-01 06:00:00,CORE_HR
EVT00102212,2025-04-20,EMP01801,CC0010,PA,3,Hire,84961.01,CAD,CAN,2025-04-20 17:00:00,CORE_HR
EVT00101854,2025-04-27,EMP02122,CC0013,AS,4,Step Increment,83847.46,CAD,CAN,2025-04-27 08:00:00,CORE_HR
EVT00103116,2025-04-09,EMP04006,CC0069,CR,4,Leave Start,,CAD,CAN,2025-04-10 15:00:00,CORE_HR
EVT00102309,2025-04-06,EMP03380,CC0036,EN,2,Step Increment,112545.67,CAD,CA,2025-04-06 20:00:00,PAYROLL
EVT00103310,2025-04-19,EMP04466,CC0109,PA,3,Step Increment,70842.22,CAD,CA,2025-04-19 10:00:00,PAYROLL
EVT00102196,2025-04-22,EMP01117,CC0047,PA,3,Leave Start,,CAD,CAN,2025-04-22 22:00:00,CORE_HR
EVT00102055,2025-04-04,EMP01166,CC0115,IT,3,Leave Return,,CAD,CAN,2025-04-04 06:00:00,CORE_HR
EVT00102714,2025-04-11,EMP03127,CC0001,AS,3,Step Increment,80488.54,CAD,CA,2025-04-13 04:00:00,PAYROLL
EVT00102182,2025-04-09,EMP00103,CC0041,FI,5,Hire,135579.34,CAD,CAN,2025-04-09 17:00:00,CORE_HR
EVT00102679,2025-04-17,EMP03499,CC0044,CR,2,Step Increment,66343.05,CAD,CA,2025-04-18 00:00:00,PAYROLL
EVT00102952,2025-04-15,EMP01901,CC0099,AS,2,Hire,74796.41,CAD,CAN,2025-04-16 03:00:00,CORE_HR
EVT00102786,2025-04-14,EMP04836,CC0099,EC,3,Lateral Deployment,,CAD,CAN,2025-04-15 04:00:00,CORE_HR
EVT00102222,2025-04-02,EMP01251,CC0070,EN,3,Step Increment,109866.41,CAD,CAN,2025-04-02 19:00:00,CORE_HR
EVT00103407,2025-04-04,EMP00169,CC0016,PA,1,Hire,73213.88,CAD,CAN,2025-04-04 22:00:00,CORE_HR
EVT00101939,2025-04-16,EMP01202,CC0061,CR,2,Step Increment,58860.91,CAD,CAN,2025-04-16 23:00:00,CORE_HR
EVT00102687,2025-04-16,EMP02137,CC0049,PA,3,Lateral Deployment,,INR,IN,2025-04-16 16:00:00,PAYROLL
EVT00102250,2025-04-13,EMP02366,CC0038,EC,3,Departure,,CAD,CA,2025-04-13 12:00:00,PAYROLL
EVT00103094,2025-04-26,EMP00979,CC0027,FI,2,Step Increment,98261.26,CAD,CAN,2025-04-27 07:00:00,CORE_HR
EVT00102089,2025-04-03,EMP00329,CC0086,IT,2,Leave Start,,AUD,AU,2025-04-03 13:00:00,PAYROLL
EVT00102616,2025-04-07,EMP00498,CC0117,IT,1,Leave Return,,CAD,CAN,2025-04-07 17:00:00,CORE_HR
EVT00103405,2025-04-04,EMP02983,CC0113,EX,2,Step Increment,199146.53,CAD,CA,2025-04-05 14:00:00,PAYROLL
EVT00103269,2025-04-21,EMP01327,CC0059,EC,5,Lateral Deployment,,CAD,CA,2025-04-22 07:00:00,PAYROLL
EVT00103150,2025-04-20,EMP02898,CC0100,CR,2,Step Increment,69105.01,CAD,CA,2025-04-20 14:00:00,PAYROLL
EVT00103449,2025-04-09,EMP03827,CC0019,AS,2,Leave Return,,CAD,CAN,2025-04-10 04:00:00,CORE_HR
EVT00102924,2025-04-27,EMP03000,CC0062,EC,5,Promotion,129068.71,CAD,CAN,2025-04-28 12:00:00,CORE_HR
EVT00102727,2025-04-06,EMP04743,CC0117,EC,3,Leave Return,,CAD,CA,2025-04-09 16:00:00,PAYROLL
EVT00101872,2025-04-05,EMP03096,CC0103,EN,1,Performance Pay,9866.28,CAD,CAN,2025-04-05 12:00:00,CORE_HR
EVT00102607,2025-04-13,EMP03442,CC0018,EN,1,Leave Start,,CAD,CA,2025-04-13 21:00:00,PAYROLL
EVT00103367,2025-04-23,EMP04272,CC0053,CR,4,Promotion,80646.54,CAD,CA,2025-04-23 10:00:00,PAYROLL
EVT00101449,2025-04-02,EMP02350,CC0023,EX,3,Departure,,CAD,CAN,2025-04-03 01:00:00,CORE_HR
EVT00103208,2025-04-19,EMP00181,CC0021,CR,3,Lateral Deployment,,CAD,CAN,2025-04-19 15:00:00,CORE_HR
EVT00103076,2025-04-02,EMP00769,CC0118,EN,1,Step Increment,86335.05,CAD,CAN,2025-04-03 04:00:00,CORE_HR
EVT00103176,2025-04-05,EMP02456,CC0028,PA,4,Performance Pay,11166.8,CAD,CA,2025-04-05 08:00:00,PAYROLL
EVT00101907,2025-04-04,EMP04930,CC0037,FI,5,Leave Return,,CAD,CA,2025-04-05 13:00:00,PAYROLL
EVT00102703,2025-04-15,EMP04378,CC0103,EX,1,Leave Start,,CAD,CAN,2025-04-16 00:00:00,CORE_HR
EVT00103188,2025-04-26,EMP03916,CC0025,FI,1,Leave Return,,CAD,CA,2025-04-27 12:00:00,PAYROLL
EVT00101542,2025-04-11,EMP02290,CC0099,AS,2,Step Increment,76316.85,CAD,CAN,2025-04-11 14:00:00,CORE_HR
EVT00102174,2025-04-05,EMP03323,CC0092,PA,2,Performance Pay,4677.08,CAD,CA,2025-04-05 21:00:00,PAYROLL
EVT00101955,2025-04-04,EMP99999,CC0090,IT,2,Step Increment,118551.38,CAD,CAN,2025-04-04 08:00:00,CORE_HR
EVT00103202,2025-04-02,EMP04982,CC0106,IT,3,Lateral Deployment,,CAD,CA,2025-04-03 08:00:00,PAYROLL
EVT00101775,2025-04-22,EMP02839,CC0071,EX,2,Lateral Deployment,,CAD,CAN,2025-04-22 14:00:00,CORE_HR
EVT00101572,2025-04-06,EMP01302,CC0004,EN,1,Lateral Deployment,,CAD,CAN,2025-04-07 13:00:00,CORE_HR
EVT00102738,2025-04-01,EMP00981,CC0075,EC,1,Step Increment,76638.66,CAD,CAN,2025-04-02 02:00:00,CORE_HR
EVT00103216,2025-04-04,EMP03017,CC0110,EC,2,Lateral Deployment,,CAD,CA,2025-04-05 09:00:00,PAYROLL
EVT00101825,2025-04-06,EMP01491,CC0069,IT,2,Leave Start,,CAD,CAN,2025-04-06 10:00:00,CORE_HR
EVT00102935,2025-04-17,EMP04918,CC0092,CR,1,Step Increment,57013.75,CAD,CAN,2025-04-17 16:00:00,CORE_HR
EVT00103218,2025-04-02,EMP03064,CC0055,CR,2,Performance Pay,6094.87,CAD,CAN,2025-04-03 05:00:00,CORE_HR
EVT00103265,2025-04-26,EMP00103,CC0041,FI,5,Leave Start,,CAD,CAN,2025-04-27 10:00:00,CORE_HR
EVT00101660,2025-04-08,EMP03473,CC0037,CR,3,Performance Pay,6204.83,CAD,CAN,2025-04-08 21:00:00,CORE_HR
EVT00102532,2025-04-17,EMP00823,CC0073,EC,3,Lateral Deployment,,CAD,CA,2025-04-17 17:00:00,PAYROLL
EVT00101751,2025-04-26,EMP04119,CC0068,PA,4,Step Increment,106446.32,CAD,CAN,2025-04-26 11:00:00,CORE_HR
EVT00103365,2025-04-22,EMP04316,CC0049,PA,2,Step Increment,109245.7,AUD,AUS,2025-04-22 22:00:00,CORE_HR
EVT00102947,2025-04-14,EMP04764,CC0022,EC,1,Performance Pay,10878.5,CAD,CA,2025-04-15 13:00:00,PAYROLL
EVT00102058,2025-04-06,EMP02543,CC0001,IT,4,Lateral Deployment,,CAD,CA,2025-04-09 08:00:00,PAYROLL
EVT00102150,2025-04-12,EMP00337,CC0008,PA,5,Step Increment,109783.74,CAD,CAN,2025-04-13 03:00:00,CORE_HR
EVT00102171,2025-04-02,EMP05161,CC0006,IT,5,Leave Return,,CAD,CA,2025-04-02 23:00:00,PAYROLL
EVT00102308,2025-04-27,EMP02111,CC0061,EC,1,Departure,,CAD,CAN,2025-04-28 08:00:00,CORE_HR
EVT00102732,2025-04-09,EMP03181,CC0055,PA,2,Step Increment,73300.36,CAD,CA,2025-04-10 04:00:00,PAYROLL
EVT00102421,2025-04-20,EMP02935,CC0051,EC,2,Step Increment,100106.03,CAD,CAN,2025-04-21 07:00:00,CORE_HR
EVT00102814,2025-04-02,EMP02386,CC0109,PA,5,Step Increment,112903.92,CAD,CAN,2025-04-03 09:00:00,CORE_HR
EVT00102499,2025-04-09,EMP00041,CC0016,EX,2,Step Increment,153259.02,CAD,CA,2025-04-10 11:00:00,PAYROLL
EVT00102386,2025-04-13,EMP04696,CC0106,FI,3,Departure,,CAD,CA,2025-04-13 18:00:00,PAYROLL
EVT00103300,2025-04-09,EMP04819,CC0074,IT,2,Leave Return,,EUR,FRA,2025-04-09 06:00:00,CORE_HR
EVT00102493,2025-04-08,EMP04169,CC0040,EC,3,Step Increment,84659.75,CAD,CAN,2025-04-09 07:00:00,CORE_HR
EVT00103180,2025-04-22,EMP00625,CC0027,PA,1,Step Increment,71436.9,CAD,CA,2025-04-22 17:00:00,PAYROLL
EVT00102344,2025-04-02,EMP01522,CC0069,IT,3,Lateral Deployment,,XXX,CA,2025-04-03 10:00:00,PAYROLL
EVT00103430,2025-04-27,EMP04482,CC0096,FI,2,Step Increment,84279.73,CAD,CAN,2025-04-27 18:00:00,CORE_HR
EVT00102029,2025-04-22,EMP04446,CC0092,EN,3,Lateral Deployment,,CAD,CA,2025-04-22 10:00:00,PAYROLL
EVT00101549,2025-04-03,EMP03517,CC0058,PA,1,Step Increment,55259.79,CAD,CA,2025-04-03 07:00:00,PAYROLL
EVT00103000,2025-04-25,EMP03761,CC0041,AS,5,Performance Pay,6992.07,CAD,CA,2025-04-25 15:00:00,PAYROLL
EVT00102844,2025-04-23,EMP04741,CC0075,IT,4,Leave Start,,CAD,CAN,2025-04-24 05:00:00,CORE_HR
EVT00101472,2025-04-24,EMP04363,CC0116,EN,2,Leave Return,,CAD,CA,2025-04-25 12:00:00,PAYROLL
EVT00102718,2025-04-12,EMP05091,CC0063,AS,4,Step Increment,90448.69,CAD,CA,2025-04-12 20:00:00,PAYROLL
EVT00102533,2025-04-23,EMP04647,CC0045,EX,2,Performance Pay,7406.16,CAD,CA,2025-04-24 11:00:00,PAYROLL
EVT00102866,2025-04-12,EMP04485,CC0037,AS,3,Step Increment,80381.91,CAD,CAN,2025-04-12 07:00:00,CORE_HR
EVT00102791,2025-04-12,EMP01460,CC0080,FI,2,Leave Return,,MXN,MEX,2025-04-13 12:00:00,CORE_HR
EVT00102086,2025-04-17,EMP00682,CC0081,IT,3,Leave Start,,CAD,CAN,2025-04-18 11:00:00,CORE_HR
EVT00101964,2025-04-03,EMP05060,CC0090,PA,3,Leave Start,,CAD,CA,2025-04-03 16:00:00,PAYROLL
EVT00101512,2025-04-21,EMP00522,CC0037,IT,4,Step Increment,112383.22,CAD,CAN,2025-04-21 06:00:00,CORE_HR
EVT00101856,2025-04-26,EMP03944,CC0088,EN,1,Leave Start,,SGD,SG,2025-04-26 18:00:00,PAYROLL
EVT00102390,2025-04-06,EMP01993,CC0111,FI,2,Leave Return,,MXN,MEX,2025-04-07 13:00:00,CORE_HR
EVT00102980,2025-04-05,EMP01507,CC0049,IT,4,Step Increment,12857282.74,JPY,JP,2025-04-06 09:00:00,PAYROLL
EVT00102650,2025-04-04,EMP00446,CC0004,PA,5,Step Increment,102317.17,CAD,CA,2025-04-05 13:00:00,PAYROLL
EVT00103484,2025-04-23,EMP02158,CC0014,PA,5,Leave Start,,CAD,CAN,2025-04-24 00:00:00,CORE_HR
EVT00102114,2025-04-27,EMP01173,CC0061,FI,3,Leave Return,,CAD,CAN,2025-04-28 01:00:00,CORE_HR
EVT00101560,2025-04-12,EMP02208,CC0090,IT,4,Step Increment,144495.81,CAD,CAN,2025-04-13 03:00:00,CORE_HR
EVT00102992,2025-04-10,EMP02151,CC0070,AS,2,Leave Return,,CAD,CAN,2025-04-11 07:00:00,CORE_HR
EVT00101697,2025-04-20,EMP04566,CC0045,FI,3,Lateral Deployment,,CAD,CAN,2025-04-20 06:00:00,CORE_HR
EVT00103556,2025-04-14,EMP00824,CC0001,IT,4,Leave Start,,CAD,CAN,2025-04-15 12:00:00,CORE_HR
EVT00102850,2025-04-18,EMP00135,CC0117,PA,2,Performance Pay,10367.79,CAD,CAN,2025-04-19 02:00:00,CORE_HR
EVT00102347,2025-04-16,EMP00801,CC0023,FI,1,Departure,,CAD,CAN,2025-04-17 06:00:00,CORE_HR
EVT00101898,2025-04-19,EMP04936,CC0041,PA,2,Performance Pay,6873.18,CAD,CAN,2025-04-20 13:00:00,CORE_HR
EVT00101436,2025-04-11,EMP03639,CC0119,PA,2,Step Increment,70608.99,CAD,CA,2025-04-11 06:00:00,PAYROLL
EVT00102804,2025-04-19,EMP02788,CC0118,PA,2,Lateral Deployment,,CAD,CAN,2025-04-20 12:00:00,CORE_HR
EVT00101610,2025-04-14,EMP02630,CC0010,AS,2,Step Increment,76456.59,CAD,CAN,2025-04-14 11:00:00,CORE_HR
EVT00101966,2025-04-25,EMP01863,CC0021,EN,5,Leave Start,,CAD,CA,2025-04-25 18:00:00,PAYROLL
EVT00102127,2025-04-27,EMP04645,CC0085,FI,1,Performance Pay,5716.96,CAD,CA,2025-04-28 08:00:00,PAYROLL
EVT00101458,2025-04-19,EMP03377,CC0049,PA,4,Step Increment,6311023.44,INR,IND,2025-04-20 05:00:00,CORE_HR
EVT00103353,2025-04-26,EMP03929,CC0081,CR,3,Departure,,CAD,CAN,2025-04-27 02:00:00,CORE_HR
EVT00102648,2025-04-19,EMP04280,CC0040,EX,2,Departure,,CAD,CA,2025-04-20 08:00:00,PAYROLL
EVT00103551,2025-04-07,EMP00475,CC0081,EN,1,Hire,72613.76,CAD,CAN,2025-04-08 10:00:00,CORE_HR
EVT00103337,2025-04-11,EMP03596,CC0073,EC,2,Lateral Deployment,,CAD,CA,2025-04-12 00:00:00,PAYROLL
EVT00102556,2025-04-14,EMP00679,CC0029,FI,1,Step Increment,1209496.1,MXN,MEX,2025-04-14 21:00:00,CORE_HR
EVT00101533,2025-04-20,EMP00434,CC0081,AS,5,Step Increment,94429.35,CAD,CAN,2025-04-20 18:00:00,CORE_HR
EVT00102729,2025-04-05,EMP01321,CC0056,AS,2,Leave Return,,CAD,CA,2025-04-06 14:00:00,PAYROLL
EVT00101828,2025-04-14,EMP00516,CC0102,PA,2,Step Increment,84677.83,CAD,CAN,2025-04-14 06:00:00,CORE_HR
EVT00101754,2025-04-09,EMP01005,CC0102,PA,1,Step Increment,61771.23,CAD,CAN,2025-04-09 14:00:00,CORE_HR
EVT00101597,2025-04-06,EMP01072,CC0066,EX,1,Leave Start,,CAD,CAN,2025-04-06 23:00:00,CORE_HR
EVT00103047,2025-04-01,EMP03122,CC0058,EN,2,Promotion,98869.75,CAD,CAN,2025-04-01 07:00:00,CORE_HR
EVT00102771,2025-04-19,EMP00014,CC0012,PA,3,Leave Return,,CAD,CA,2025-04-20 07:00:00,PAYROLL
EVT00102919,2025-04-23,EMP01785,CC0046,IT,1,Leave Return,,AED,AE,2025-04-23 08:00:00,PAYROLL
EVT00102751,2025-04-08,EMP01620,CC0079,EX,1,Leave Return,,CAD,CAN,2025-04-09 08:00:00,CORE_HR
EVT00101550,2025-04-09,EMP00322,CC0053,FI,3,Performance Pay,13130.45,CAD,CAN,2025-04-10 11:00:00,CORE_HR
EVT00102163,2025-04-20,EMP00259,CC0094,EC,2,Step Increment,101236.22,CAD,CAN,2025-04-21 09:00:00,CORE_HR
EVT00102569,2025-04-27,EMP04927,CC0058,AS,4,Hire,90868.2,CAD,CA,2025-04-27 17:00:00,PAYROLL
EVT00102928,2025-04-12,EMP02173,CC0042,EC,2,Lateral Deployment,,CAD,CAN,2025-04-13 13:00:00,CORE_HR
EVT00103186,2025-04-10,EMP04924,CC0105,EN,1,Departure,,AED,ARE,2025-04-10 11:00:00,CORE_HR
EVT00101770,2025-04-22,EMP00303,CC0049,IT,5,Step Increment,526430.59,BRL,BRA,2025-04-23 04:00:00,CORE_HR
EVT00102075,2025-04-04,EMP00932,CC0075,EX,1,Leave Start,,CAD,CA,2025-04-04 12:00:00,PAYROLL
EVT00102773,2025-04-22,EMP03411,CC0099,EC,5,Step Increment,129630.68,CAD,CAN,2025-04-22 22:00:00,CORE_HR
EVT00102373,2025-04-24,EMP04873,CC0075,PA,2,Hire,79131.03,CAD,CA,2025-04-24 12:00:00,PAYROLL
EVT00101571,2025-04-11,EMP01870,CC0017,FI,5,Step Increment,137628.03,CAD,CA,2025-04-11 22:00:00,PAYROLL
EVT00102261,2025-04-09,EMP01905,CC0118,AS,4,Lateral Deployment,,CAD,CAN,2025-04-09 06:00:00,CORE_HR
EVT00103489,2025-04-17,EMP02500,CC0007,FI,2,Leave Start,,INR,IND,2025-04-17 14:00:00,CORE_HR
EVT00102281,2025-04-17,EMP01884,CC0117,FI,3,Lateral Deployment,,CAD,CA,2025-04-17 11:00:00,PAYROLL
EVT00102489,2025-04-07,EMP02909,CC0078,IT,2,Lateral Deployment,,CAD,CAN,2025-04-07 23:00:00,CORE_HR
EVT00102013,2025-04-22,EMP01422,CC0099,IT,2,Step Increment,109757.37,CAD,CAN,2025-04-22 18:00:00,CORE_HR
EVT00102700,2025-04-14,EMP00441,CC0020,EX,3,Step Increment,209133.48,CAD,CAN,2025-04-16 06:00:00,CORE_HR
EVT00102871,2025-04-27,EMP04223,CC0019,EX,1,Step Increment,138025.91,CAD,CAN,2025-04-28 01:00:00,CORE_HR
EVT00102332,2025-04-17,EMP02210,CC0043,EC,1,Performance Pay,7194.15,CAD,CAN,2025-04-18 06:00:00,CORE_HR
EVT00101590,2025-04-20,EMP04308,CC0099,CR,5,Step Increment,85607.72,CAD,CA,2025-04-21 09:00:00,PAYROLL
EVT00102142,2025-04-13,EMP00418,CC0045,AS,3,Step Increment,73726.63,CAD,CAN,2025-04-13 16:00:00,CORE_HR
EVT00102038,2025-04-01,EMP99999,CC0088,AS,1,Lateral Deployment,,GBP,GBR,2025-04-01 15:00:00,CORE_HR
EVT00103100,2025-04-22,EMP01387,CC0072,AS,4,Leave Start,,CAD,CA,2025-04-22 16:00:00,PAYROLL
EVT00103274,2025-04-15,EMP01760,CC0028,PA,4,Step Increment,88976.67,CAD,CA,2025-04-16 14:00:00,PAYROLL
EVT00102402,2025-04-27,EMP01182,CC0025,EC,3,Step Increment,99433.74,CAD,CA,2025-04-27 07:00:00,PAYROLL
EVT00102045,2025-04-13,EMP03669,CC0014,EN,2,Step Increment,103286.92,CAD,CA,2025-04-13 11:00:00,PAYROLL
EVT00102350,2025-04-12,EMP00442,CC0083,IT,3,Leave Return,,CAD,CAN,2025-04-13 01:00:00,CORE_HR
EVT00101567,2025-04-13,EMP00270,CC0106,IT,2,Performance Pay,11155.01,CAD,CAN,2025-04-13 12:00:00,CORE_HR
EVT00101521,2025-04-06,EMP00359,CC0079,AS,2,Step Increment,85576.04,CAD,CAN,2025-04-07 03:00:00,CORE_HR
EVT00103001,2025-04-03,EMP00888,CC0113,PA,2,Step Increment,74941.87,CAD,CA,2025-04-04 08:00:00,PAYROLL
EVT00102090,2025-04-18,EMP05083,CC0101,CR,3,Departure,,CAD,CAN,2025-04-18 18:00:00,CORE_HR
EVT00103270,2025-04-02,EMP00812,CC0026,AS,3,Step Increment,93063.48,CAD,CAN,2025-04-03 13:00:00,CORE_HR
EVT00103419,2025-04-03,EMP03268,CC0096,CR,1,Step Increment,55325.48,CAD,CAN,2025-04-03 21:00:00,CORE_HR
EVT00101460,2025-04-05,EMP04966,CC0116,IT,2,Step Increment,97461.86,CAD,CAN,2025-04-06 11:00:00,CORE_HR
EVT00102273,2025-04-26,EMP02206,CC0023,AS,3,Leave Return,,CAD,CAN,2025-04-26 14:00:00,CORE_HR
EVT00102715,2025-04-17,EMP03751,CC0044,IT,1,Leave Start,,CAD,CAN,2025-04-17 23:00:00,CORE_HR
EVT00103285,2025-04-04,EMP01897,CC0064,IT,2,Step Increment,112018.88,CAD,CAN,2025-04-05 01:00:00,CORE_HR
EVT00102136,2025-04-15,EMP99999,CC0038,PA,1,Leave Return,,CAD,CA,2025-04-16 03:00:00,PAYROLL
EVT00103036,2025-04-04,EMP01219,CC0003,CR,2,Lateral Deployment,,CAD,CAN,2025-04-04 17:00:00,CORE_HR
EVT00101431,2025-04-03,EMP01094,CC0038,FI,4,Leave Return,,CAD,CAN,2025-04-03 16:00:00,CORE_HR
EVT00103140,2025-04-02,EMP03389,CC0041,CR,3,Performance Pay,6277.21,CAD,CAN,2025-04-02 13:00:00,CORE_HR
EVT00102221,2025-04-07,EMP02373,CC0078,AS,4,Step Increment,79832.93,CAD,CAN,2025-04-07 22:00:00,CORE_HR
EVT00102505,2025-04-02,EMP04919,CC0064,FI,3,Hire,105264.62,CAD,CA,2025-04-03 12:00:00,PAYROLL
EVT00103410,2025-04-19,EMP02383,CC0118,PA,2,Leave Start,,CAD,CAN,2025-04-22 00:00:00,CORE_HR
EVT00101495,2025-04-21,EMP04660,CC0011,CR,3,Leave Return,,CAD,CAN,2025-04-22 10:00:00,CORE_HR
EVT00103021,2025-04-23,EMP00529,CC0087,FI,4,Step Increment,110074.47,CAD,CAN,2025-04-26 19:00:00,CORE_HR
EVT00102378,2025-04-12,EMP03883,CC0103,IT,2,Performance Pay,6802.4,CAD,CAN,2025-04-12 14:00:00,CORE_HR
EVT00103318,2025-04-23,EMP03591,CC0073,PA,3,Performance Pay,8734.34,CAD,CAN,2025-04-23 10:00:00,CORE_HR
EVT00101994,2025-04-22,EMP04158,CC0038,EN,4,Promotion,135738.28,CAD,CAN,2025-04-22 07:00:00,CORE_HR
EVT00103102,2025-04-09,EMP01753,CC0100,PA,3,Step Increment,90697.16,CAD,CAN,2025-04-09 11:00:00,CORE_HR
EVT00101988,2025-04-07,EMP03509,CC0055,IT,3,Step Increment,118626.65,CAD,CAN,2025-04-07 07:00:00,CORE_HR
EVT00103360,2025-04-11,EMP01386,CC0104,CR,1,Step Increment,51599.34,CAD,CA,2025-04-12 12:00:00,PAYROLL
EVT00102217,2025-04-15,EMP03996,CC0119,PA,2,Lateral Deployment,,CAD,CAN,2025-04-16 00:00:00,CORE_HR
EVT00103174,2025-04-03,EMP05034,CC0078,AS,2,Promotion,75367.47,CAD,CA,2025-04-04 05:00:00,PAYROLL
EVT00101936,2025-04-14,EMP02329,CC0021,PA,1,Step Increment,64519.97,CAD,CA,2025-04-14 14:00:00,PAYROLL
EVT00102566,2025-04-27,EMP02821,CC0083,EX,1,Step Increment,151567.67,CAD,CA,2025-04-28 06:00:00,PAYROLL
EVT00103333,2025-04-03,EMP03503,CC0006,EC,2,Step Increment,86072.27,CAD,CAN,2025-04-03 15:00:00,CORE_HR
EVT00101687,2025-04-17,EMP04571,CC0063,PA,1,Step Increment,68065.6,CAD,CAN,2025-04-17 09:00:00,CORE_HR
EVT00101719,2025-04-16,EMP03836,CC0052,CR,2,Step Increment,68819.23,CAD,CA,2025-04-16 20:00:00,PAYROLL
EVT00102384,2025-04-24,EMP02788,CC0118,PA,2,Leave Return,,CAD,CA,2025-04-24 13:00:00,PAYROLL
EVT00101647,2025-04-24,EMP04219,CC0042,CR,1,Performance Pay,6125.75,CAD,CAN,2025-04-24 10:00:00,CORE_HR
EVT00101503,2025-04-15,EMP03385,CC0018,FI,3,Leave Start,,CAD,CAN,2025-04-16 03:00:00,CORE_HR
EVT00101746,2025-04-13,EMP04454,CC0096,PA,2,Performance Pay,8811.32,CAD,CAN,2025-04-13 14:00:00,CORE_HR
EVT00102500,2025-04-19,EMP04811,CC0071,PA,3,Leave Start,,CAD,CA,2025-04-19 10:00:00,PAYROLL
EVT00101888,2025-04-05,EMP03633,CC0083,EC,1,Hire,84128.53,CAD,CAN,2025-04-05 09:00:00,CORE_HR
EVT00101616,2025-04-17,EMP02026,CC0094,EC,3,Promotion,87382.06,CAD,CA,2025-04-18 03:00:00,PAYROLL
EVT00103381,2025-04-04,EMP04603,CC0070,IT,2,Leave Return,,CAD,CAN,2025-04-05 14:00:00,CORE_HR
EVT00101716,2025-04-18,EMP04506,CC0021,IT,4,Performance Pay,11094.23,CAD,CAN,2025-04-18 11:00:00,CORE_HR
EVT00101619,2025-04-08,EMP00268,CC0117,PA,2,Step Increment,83534.18,CAD,CAN,2025-04-09 17:00:00,CORE_HR
EVT00103363,2025-04-10,EMP02203,CC0072,EX,1,Lateral Deployment,,CAD,CA,2025-04-10 11:00:00,PAYROLL
EVT00103030,2025-04-05,EMP05006,CC0016,PA,5,Leave Start,,CAD,CAN,2025-04-05 11:00:00,CORE_HR
EVT00102339,2025-04-11,EMP04537,CC0054,EX,1,Leave Start,,AUD,AU,2025-04-11 12:00:00,PAYROLL
EVT00102847,2025-04-06,EMP04938,CC0046,EC,3,Leave Return,,INR,IND,2025-04-06 13:00:00,CORE_HR
EVT00102948,2025-04-25,EMP02022,CC0071,PA,1,Hire,65527.57,CAD,CA,2025-04-26 01:00:00,PAYROLL
EVT00103303,2025-04-03,EMP00266,CC0115,EN,1,Hire,95200.06,CAD,CAN,2025-04-04 09:00:00,CORE_HR
EVT00102025,2025-04-15,EMP00190,CC0103,EN,1,Performance Pay,7061.18,CAD,CA,2025-04-16 15:00:00,PAYROLL
EVT00103048,2025-04-21,EMP02436,CC0087,EN,3,Lateral Deployment,,CAD,CA,2025-04-22 11:00:00,PAYROLL
EVT00103052,2025-04-22,EMP02009,CC0099,CR,3,Leave Start,,CAD,CAN,2025-04-23 08:00:00,CORE_HR
EVT00101556,2025-04-19,EMP01496,CC0034,AS,1,Performance Pay,8582.37,CAD,CA,2025-04-19 12:00:00,PAYROLL
EVT00103080,2025-04-12,EMP02285,CC0109,CR,3,Leave Return,,CAD,CA,2025-04-12 09:00:00,PAYROLL
EVT00101983,2025-04-18,EMP01835,CC0082,CR,1,Step Increment,55771.5,CAD,CA,2025-04-20 19:00:00,PAYROLL
EVT00103056,2025-04-19,EMP00037,CC0038,PA,1,Leave Start,,CAD,CAN,2025-04-19 17:00:00,CORE_HR
EVT00102442,2025-04-16,EMP03787,CC0010,AS,1,Leave Start,,CAD,CAN,2025-04-16 17:00:00,CORE_HR
EVT00102463,2025-04-17,EMP04526,CC0096,PA,2,Lateral Deployment,,CAD,CAN,2025-04-17 10:00:00,CORE_HR
EVT00102468,2025-04-13,EMP00570,CC0104,FI,2,Step Increment,-92461.94,CAD,CAN,2025-04-13 14:00:00,CORE_HR
EVT00102202,2025-04-21,EMP00247,CC0087,FI,3,Step Increment,98523.1,CAD,CAN,2025-04-23 14:00:00,CORE_HR
EVT00102457,2025-04-06,EMP02505,CC0028,EX,1,Step Increment,135595.49,CAD,CAN,2025-04-06 19:00:00,CORE_HR
EVT00103062,2025-04-22,EMP03896,CC0012,PA,5,Performance Pay,13070.8,CAD,CAN,2025-04-23 02:00:00,CORE_HR
EVT00102297,2025-04-22,EMP00099,CC0014,AS,2,Performance Pay,4385.3,CAD,CA,2025-04-23 09:00:00,PAYROLL
EVT00101494,2025-04-11,EMP02530,CC0030,PA,1,Step Increment,57309.67,EUR,DEU,2025-04-12 09:00:00,CORE_HR
EVT00102115,2025-04-02,EMP00622,CC0079,AS,3,Leave Return,,CAD,CA,2025-04-02 08:00:00,PAYROLL
EVT00102725,2025-04-13,EMP04584,CC0064,FI,2,Step Increment,87972.24,CAD,CAN,2025-04-13 16:00:00,CORE_HR
EVT00103454,2025-04-16,EMP00769,CC0118,EN,1,Departure,,CAD,CA,2025-04-16 23:00:00,PAYROLL
EVT00102368,2025-04-11,EMP04469,CC0060,EN,3,Promotion,120196.54,CAD,CA,2025-04-12 04:00:00,PAYROLL
EVT00102258,2025-04-10,EMP04359,CC0086,EX,2,Leave Return,,EUR,FR,2025-04-10 19:00:00,PAYROLL
EVT00102512,2025-04-17,EMP04132,CC0015,PA,2,Performance Pay,8285.89,CAD,CA,2025-04-18 05:00:00,PAYROLL
EVT00101514,2025-04-13,EMP04632,CC0011,EN,3,Promotion,125067.16,CAD,CA,2025-04-14 14:00:00,PAYROLL
EVT00103124,2025-04-06,EMP02788,CC0118,PA,2,Hire,82000.25,CAD,CAN,2025-04-06 08:00:00,CORE_HR
EVT00101869,2025-04-10,EMP01104,CC0048,CR,3,Leave Start,,CAD,CA,2025-04-10 12:00:00,PAYROLL
EVT00102111,2025-04-07,EMP00889,CC0005,EN,3,Leave Start,,CAD,CA,2025-04-07 12:00:00,PAYROLL
EVT00102372,2025-04-27,EMP01601,CC0015,PA,2,Leave Start,,CAD,CAN,2025-04-28 08:00:00,CORE_HR
EVT00102908,2025-04-24,EMP01598,CC0104,EX,1,Hire,151784.14,CAD,CA,2025-04-26 15:00:00,PAYROLL
EVT00101807,2025-04-18,EMP03201,CC0113,CR,3,Performance Pay,9632.42,CAD,CA,2025-04-18 13:00:00,PAYROLL
EVT00102975,2025-04-25,EMP01589,CC0067,AS,1,Performance Pay,4532.52,CAD,CAN,2025-04-25 20:00:00,CORE_HR
EVT00102305,2025-04-17,EMP01959,CC0065,AS,2,Performance Pay,3163.32,EUR,FR,2025-04-18 10:00:00,PAYROLL
EVT00101959,2025-04-02,EMP00004,CC0101,EC,3,Performance Pay,10764.87,CAD,CAN,2025-04-03 10:00:00,CORE_HR
EVT00102933,2025-04-17,EMP02230,CC0046,EX,2,Hire,10572144.77,INR,IN,2025-04-18 15:00:00,PAYROLL
EVT00102577,2025-04-11,EMP01748,CC0095,IT,3,Performance Pay,9982.86,CAD,CA,2025-04-11 12:00:00,PAYROLL
EVT00103011,2025-04-11,EMP04954,CC0009,PA,3,Departure,,GBP,GBR,2025-04-11 22:00:00,CORE_HR
EVT00102534,2025-04-25,EMP04426,CC0072,FI,3,Leave Return,,CAD,CAN,2025-04-26 00:00:00,CORE_HR
EVT00103250,2025-04-21,EMP04075,CC0101,PA,3,Performance Pay,5066.1,CAD,CAN,2025-04-22 12:00:00,CORE_HR
EVT00103028,2025-04-06,EMP03894,CC0007,PA,2,Leave Return,,EUR,FR,2025-04-06 16:00:00,PAYROLL
EVT00103483,2025-04-21,EMP02633,CC0045,CR,5,Lateral Deployment,,CAD,CA,2025-04-22 13:00:00,PAYROLL
EVT00101487,2025-04-16,EMP02795,CC0031,PA,2,Leave Return,,JPY,JPN,2025-04-17 06:00:00,CORE_HR
EVT00102237,2025-04-21,EMP01849,CC0083,PA,5,Step Increment,109390.17,CAD,CA,2025-04-22 13:00:00,PAYROLL
EVT00101617,2025-04-06,EMP03600,CC0049,AS,2,Step Increment,41282.49,GBP,GB,2025-04-06 11:00:00,PAYROLL
EVT00103078,2025-04-23,EMP04146,CC0060,PA,3,Step Increment,82225.34,CAD,CAN,2025-04-23 14:00:00,CORE_HR
EVT00101509,2025-04-05,EMP01057,CC0013,IT,4,Step Increment,96266.88,CAD,CAN,2025-04-05 14:00:00,CORE_HR
EVT00101986,2025-04-13,EMP02297,CC0016,EC,2,Departure,,CAD,CAN,2025-04-14 00:00:00,CORE_HR
EVT00101987,2025-04-13,EMP02372,CC0033,IT,5,Departure,,CAD,CAN,2025-04-14 06:00:00,CORE_HR
EVT00102561,2025-04-04,EMP00397,CC0114,CR,1,Step Increment,61338.4,CAD,CAN,2025-04-04 07:00:00,CORE_HR
EVT00102787,2025-04-23,EMP03623,CC0094,PA,3,Leave Return,,CAD,CAN,2025-04-24 06:00:00,CORE_HR
EVT00103231,2025-04-01,EMP03090,CC0107,CR,2,Step Increment,72750.86,CAD,CAN,2025-04-02 09:00:00,CORE_HR
EVT00102274,2025-04-13,EMP00240,CC0115,EN,4,Leave Return,,CAD,CA,2025-04-14 10:00:00,PAYROLL
EVT00102522,2025-04-08,EMP03316,CC0009,EX,1,Step Increment,13631120.14,JPY,JPN,2025-04-08 20:00:00,CORE_HR
EVT00102905,2025-04-13,EMP03945,CC0116,PA,3,Step Increment,74847.65,CAD,CA,2025-04-14 08:00:00,PAYROLL
EVT00102677,2025-04-20,EMP04528,CC0012,EC,2,Leave Return,,CAD,CA,2025-04-21 06:00:00,PAYROLL
EVT00102652,2025-04-20,EMP00181,CC0021,CR,3,Step Increment,70438.27,CAD,CA,2025-04-21 12:00:00,PAYROLL
EVT00102671,2025-04-08,EMP03443,CC0068,IT,1,Leave Return,,CAD,CA,2025-04-08 09:00:00,PAYROLL
EVT00103018,2025-04-09,EMP04037,CC0060,EN,2,Step Increment,99996.68,CAD,CA,2025-04-10 04:00:00,PAYROLL
EVT00101626,2025-04-15,EMP03982,CC0014,EC,1,Lateral Deployment,,CAD,CA,2025-04-16 01:00:00,PAYROLL
EVT00102097,2025-04-08,EMP04233,CC0032,FI,2,Promotion,96641.59,CAD,CAN,2025-04-08 11:00:00,CORE_HR
EVT00103420,2025-04-17,EMP04090,CC0011,PA,2,Step Increment,75634.69,CAD,CAN,2025-04-18 03:00:00,CORE_HR
EVT00102806,2025-04-04,EMP03682,CC0022,EX,1,Departure,,CAD,CAN,2025-04-04 06:00:00,CORE_HR
EVT00102665,2025-04-02,EMP00782,CC0019,EC,1,Step Increment,78419.21,CAD,CAN,2025-04-02 21:00:00,CORE_HR
EVT00102007,2025-04-24,EMP04627,CC0007,IT,3,Leave Start,,SGD,SGP,2025-04-25 11:00:00,CORE_HR
EVT00101708,2025-04-26,EMP01817,CC0064,AS,3,Hire,77619.57,CAD,CAN,2025-04-28 03:00:00,CORE_HR
EVT00103513,2025-04-16,EMP01011,CC0072,EN,1,Leave Return,,CAD,CAN,2025-04-16 15:00:00,CORE_HR
EVT00101638,2025-04-23,EMP05137,CC0053,AS,1,Leave Return,,CAD,CAN,2025-04-24 03:00:00,CORE_HR
EVT00102048,2025-04-13,EMP04528,CC0012,EC,2,Hire,85470.54,CAD,CAN,2025-04-13 11:00:00,CORE_HR
EVT00102820,2025-04-26,EMP05015,CC0082,IT,4,Step Increment,120887.88,CAD,CA,2025-04-26 08:00:00,PAYROLL
EVT00102042,2025-04-06,EMP04833,CC0023,IT,3,Step Increment,118129.37,CAD,CAN,2025-04-07 04:00:00,CORE_HR
EVT00102900,2025-04-05,EMP00880,CC0019,EX,2,Departure,,CAD,CAN,2025-04-05 15:00:00,CORE_HR
EVT00103050,2025-04-17,EMP03561,CC0116,PA,3,Departure,,CAD,CAN,2025-04-17 18:00:00,CORE_HR
EVT00103370,2025-04-04,EMP02416,CC0059,FI,3,Performance Pay,9375.54,CAD,CAN,2025-04-05 04:00:00,CORE_HR
EVT00101902,2025-04-17,EMP03999,CC0004,PA,3,Step Increment,92414.67,CAD,CAN,2025-04-18 07:00:00,CORE_HR
EVT00103292,2025-04-23,EMP01114,CC0005,IT,3,Departure,,CAD,CAN,2025-04-24 08:00:00,CORE_HR
EVT00102220,2025-04-21,EMP03130,CC0012,EC,3,Departure,,CAD,CA,2025-04-22 05:00:00,PAYROLL
EVT00101723,2025-04-26,EMP02891,CC0007,PA,4,Promotion,5293126.43,INR,IND,2025-04-26 12:00:00,CORE_HR
EVT00101908,2025-04-14,EMP00480,CC0099,EC,1,Lateral Deployment,,CAD,CA,2025-04-14 10:00:00,PAYROLL
EVT00102430,2025-04-08,EMP02662,CC0022,EC,1,Leave Start,,CAD,CAN,2025-04-08 07:00:00,CORE_HR
EVT00101583,2025-04-26,EMP00797,CC0109,FI,4,Step Increment,83891.09,CAD,CA,2025-04-26 12:00:00,PAYROLL
EVT00103470,2025-04-06,EMP04443,CC0083,FI,3,Step Increment,107661.5,CAD,CAN,2025-04-07 14:00:00,CORE_HR
EVT00102613,2025-04-27,EMP02881,CC0058,PA,1,Step Increment,53675.25,CAD,CA,2025-04-27 15:00:00,PAYROLL
EVT00102199,2025-04-14,EMP00178,CC0112,EC,2,Lateral Deployment,,CAD,CA,2025-04-14 10:00:00,PAYROLL
EVT00102322,2025-04-21,EMP04948,CC0066,EN,3,Leave Return,,CAD,CA,2025-04-21 08:00:00,PAYROLL
EVT00103229,2025-04-02,EMP01494,CC0025,IT,3,Lateral Deployment,,CAD,CAN,2025-04-03 11:00:00,CORE_HR
EVT00103072,2025-04-24,EMP00222,CC0119,PA,4,Leave Start,,CAD,CAN,2025-04-24 09:00:00,CORE_HR
EVT00103395,2025-04-24,EMP00769,CC0118,EN,1,Leave Return,,CAD,CAN,2025-04-24 20:00:00,CORE_HR
EVT00101632,2025-04-27,EMP02731,CC0016,PA,2,Lateral Deployment,,CAD,CA,2025-04-27 16:00:00,PAYROLL
EVT00102173,2025-04-13,EMP03965,CC0009,PA,1,Performance Pay,24175.03,BRL,BRA,2025-04-13 17:00:00,CORE_HR
EVT00103283,2025-04-25,EMP02799,CC0035,EC,1,Step Increment,86885.65,CAD,CAN,2025-04-25 23:00:00,CORE_HR
EVT00102743,2025-04-09,EMP04284,CC0057,FI,1,Lateral Deployment,,CAD,CA,2025-04-09 21:00:00,PAYROLL
EVT00103163,2025-04-26,EMP02935,CC0051,EC,2,Performance Pay,6003.5,CAD,CA,2025-04-26 06:00:00,PAYROLL
EVT00102917,2025-04-08,EMP02939,CC0094,CR,5,Promotion,90737.12,CAD,CAN,2025-04-08 19:00:00,CORE_HR
EVT00102327,2025-04-18,EMP03173,CC0041,EC,1,Hire,77301.87,CAD,CAN,2025-04-19 06:00:00,CORE_HR
EVT00102822,2025-04-24,EMP00166,CC0028,PA,1,Step Increment,68310.37,CAD,CA,2025-04-25 00:00:00,PAYROLL
EVT00101439,2025-04-13,EMP03136,CC0031,EN,1,Departure,,USD,US,2025-04-13 16:00:00,PAYROLL
EVT00102758,2025-04-20,EMP04770,CC0038,EC,3,Lateral Deployment,,CAD,CAN,2025-04-20 16:00:00,CORE_HR
EVT00101483,2025-04-14,EMP04746,CC0070,EC,3,Leave Start,,CAD,CAN,2025-04-14 19:00:00,CORE_HR
EVT00103287,2025-04-09,EMP05120,CC0060,EX,1,Step Increment,134223.5,CAD,CA,2025-04-09 09:00:00,PAYROLL
EVT00101818,2025-04-19,EMP01806,CC0035,EX,1,Step Increment,154350.33,CAD,CAN,2025-04-19 11:00:00,CORE_HR
EVT00101862,2025-04-23,EMP04667,CC0063,IT,2,Leave Return,,CAD,CAN,2025-04-23 08:00:00,CORE_HR
EVT00103447,2025-04-25,EMP03972,CC0076,EX,2,Leave Start,,CAD,CAN,2025-04-25 16:00:00,CORE_HR
EVT00102661,2025-04-02,EMP01658,CC0095,EC,1,Step Increment,86756.48,CAD,CAN,2025-04-02 11:00:00,CORE_HR
EVT00102674,2025-04-16,EMP04730,CC0082,EN,4,Hire,123756.25,CAD,CA,2025-04-17 06:00:00,PAYROLL
EVT00103422,2025-04-08,EMP03034,CC0085,FI,1,Step Increment,85528.82,CAD,CAN,2025-04-08 13:00:00,CORE_HR
EVT00101526,2025-04-18,EMP03878,CC0041,PA,3,Leave Return,,CAD,CAN,2025-04-18 14:00:00,CORE_HR
EVT00101463,2025-04-02,EMP01913,CC0118,FI,3,Leave Return,,CAD,CA,2025-04-03 04:00:00,PAYROLL
EVT00103045,2025-04-06,EMP03129,CC0071,AS,4,Step Increment,77441.28,CAD,CAN,2025-04-07 07:00:00,CORE_HR
EVT00103152,2025-04-16,EMP01195,CC0108,PA,1,Leave Return,,EUR,FR,2025-04-16 10:00:00,PAYROLL
EVT00102637,2025-04-17,EMP00475,CC0081,EN,1,Leave Start,,CAD,CAN,2025-04-17 21:00:00,CORE_HR
EVT00101669,2025-04-26,EMP01219,CC0003,CR,2,Leave Return,,CAD,CA,2025-04-26 10:00:00,PAYROLL
EVT00101974,2025-04-26,EMP04985,CC0001,EN,3,Performance Pay,8686.64,CAD,CAN,2025-04-27 10:00:00,CORE_HR
EVT00103327,2025-04-09,EMP04090,CC0011,PA,2,Step Increment,82632.23,CAD,CAN,2025-04-10 06:00:00,CORE_HR
EVT00103479,2025-04-18,EMP00248,CC0032,EN,4,Step Increment,120736.98,CAD,CA,2025-04-19 00:00:00,PAYROLL
EVT00101836,2025-04-02,EMP05000,CC0031,IT,5,Performance Pay,10043.18,SGD,SGP,2025-04-02 06:00:00,CORE_HR
EVT00101702,2025-04-17,EMP03195,CC0105,IT,1,Step Increment,337862.66,BRL,BR,2025-04-17 19:00:00,PAYROLL
EVT00102102,2025-04-17,EMP01776,CC0065,EC,2,Promotion,6101930.87,INR,IND,2025-04-17 12:00:00,CORE_HR
EVT00102553,2025-04-07,EMP02141,CC0067,IT,4,Hire,143700.38,CAD,CA,2025-04-08 07:00:00,PAYROLL
EVT00102631,2025-04-15,EMP04023,CC0043,PA,2,Performance Pay,4975.92,CAD,CAN,2025-04-16 03:00:00,CORE_HR
EVT00103131,2025-04-13,EMP00411,CC0100,EC,3,Lateral Deployment,,CAD,CAN,2025-04-14 01:00:00,CORE_HR
EVT00101906,2025-04-20,EMP04090,CC0011,PA,2,Lateral Deployment,,CAD,CAN,2025-04-21 11:00:00,CORE_HR
EVT00102744,2025-04-27,EMP03226,CC0080,PA,2,Leave Start,,BRL,BR,2025-04-28 11:00:00,PAYROLL
EVT00103532,2025-04-19,EMP03267,CC0019,EN,1,Step Increment,83768.11,CAD,CAN,2025-04-19 18:00:00,CORE_HR
EVT00103531,2025-04-17,EMP00362,CC0093,AS,1,Performance Pay,7028.76,CAD,CAN,2025-04-17 15:00:00,CORE_HR
EVT00102945,2025-04-23,EMP01789,CC0107,EN,2,Step Increment,96707.16,CAD,CA,2025-04-24 06:00:00,PAYROLL
EVT00102270,2025-04-04,EMP03138,CC0006,FI,2,Leave Return,,CAD,CA,2025-04-04 06:00:00,PAYROLL
EVT00101735,2025-04-09,EMP01864,CC0116,IT,4,Leave Start,,CAD,CA,2025-04-09 15:00:00,PAYROLL
EVT00103295,2025-04-11,EMP01844,CC0057,AS,2,Step Increment,54186.99,CAD,CAN,2025-04-11 13:00:00,CORE_HR
EVT00101675,2025-04-06,EMP01010,CC0048,CR,2,Step Increment,60735.08,CAD,CA,2025-04-06 12:00:00,PAYROLL
EVT00103061,2025-04-24,EMP02644,CC0100,EC,2,Departure,,CAD,CAN,2025-04-24 08:00:00,CORE_HR
EVT00102119,2025-04-07,EMP03084,CC0072,AS,3,Step Increment,77118.44,CAD,CA,2025-04-07 16:00:00,PAYROLL
EVT00102492,2025-04-19,EMP02556,CC0104,AS,3,Step Increment,82877.68,CAD,CA,2025-04-20 07:00:00,PAYROLL
EVT00103373,2025-04-22,EMP02654,CC0068,IT,4,Performance Pay,13551.74,CAD,CAN,2025-04-23 10:00:00,CORE_HR
EVT00102675,2025-04-10,EMP00716,CC0054,IT,1,Step Increment,68823.59,EUR,FR,2025-04-10 22:00:00,PAYROLL
EVT00102376,2025-04-05,EMP05006,CC0016,PA,5,Step Increment,103416.09,CAD,CAN,2025-04-05 11:00:00,CORE_HR
EVT00102836,2025-04-19,EMP04197,CC0118,FI,2,Departure,,CAD,CA,2025-04-19 13:00:00,PAYROLL
